pipeline,competitor,page_id,page_name,ad_id,media_type,language,presenter_type,device_format,production_type,script_group_id,replication_type,variant_role,first_seen,last_seen,times_seen,weeks_seen,ad_start_date,run_days,run_days_is_lower_bound,best_page_rank,worst_page_rank,median_page_rank,current_page_rank,present_latest,is_retired,page_count,frac_top_25,rank_gate,top25_gate,low_impression_ever,verdict,verdict_confidence
facebook,speakx,104428871316786,SpeakX English,2170637817088886,Video,Hindi,ai+human,split-screen,mixed,speakx-g0037,original,original,2026-05-26,2026-05-26,1,1,2026-02-19,96,False,1,1,1,1,False,True,57,1.0,True,True,False,strong_winner,high
facebook,speakx,104428871316786,SpeakX English,1023443820344511,Video,Hindi,ai+human,split-screen,mixed,speakx-g0037,exact_replica,replica,2026-06-11,2026-06-23,9,3,2026-06-01,22,False,1,2,2,2,True,False,55,1.0,True,True,False,winner,high
facebook,speakx,104428871316786,SpeakX English,1502553454983449,Image,,,,,,,,2026-06-12,2026-06-23,8,3,2026-06-10,13,False,1,31,1,1,True,False,55,0.75,True,True,False,undecided,high
facebook,speakx,104428871316786,SpeakX English,1483250163405257,Video,Telugu,ai+human,split-screen,mixed,speakx-g0074,original,original,2026-05-26,2026-05-26,1,1,2026-02-23,92,False,2,2,2,2,False,True,57,1.0,True,True,False,strong_winner,high
facebook,speakx,104428871316786,SpeakX English,2092553101321689,Video,Hindi,ai+human,split-screen,mixed,speakx-g0020,exact_replica,replica,2026-06-11,2026-06-17,7,2,2026-06-01,16,False,2,3,3,3,False,True,55,1.0,True,True,False,winner,high
facebook,speakx,104428871316786,SpeakX English,1531687464577242,Video,Hindi,ai+human,split-screen,mixed,speakx-g0020,original,original,2026-05-26,2026-05-26,1,1,2026-02-19,96,False,3,3,3,3,False,True,57,1.0,True,True,False,strong_winner,high
facebook,speakx,104428871316786,SpeakX English,1022215520148720,Video,Hindi,human-only,talking-head,human-recorded,speakx-g0015,original,original,2026-06-11,2026-06-11,1,1,2026-06-05,6,False,3,3,3,3,False,True,40,1.0,True,True,False,loser,low
facebook,speakx,104428871316786,SpeakX English,1311019194506588,Video,Telugu,human-only,talking-head,human-recorded,speakx-g0054,exact_replica,replica,2026-06-11,2026-06-17,7,2,2026-06-01,16,False,3,7,5,7,False,True,55,1.0,True,True,False,winner,high
facebook,speakx,104428871316786,SpeakX English,1021419060465263,Video,Hindi,ai+human,split-screen,mixed,speakx-g0020,exact_replica,replica,2026-06-22,2026-06-23,2,1,2026-06-02,21,False,3,3,3,3,True,False,21,1.0,True,True,False,winner,high
facebook,speakx,104428871316786,SpeakX English,1598934404482182,Video,Hindi,ai+human,split-screen,mixed,speakx-g0019,original,original,2026-05-26,2026-05-26,1,1,2026-02-19,96,False,4,4,4,4,False,True,57,1.0,True,True,False,strong_winner,high
facebook,speakx,104428871316786,SpeakX English,2076389589888535,Video,English,human-only,talking-head,human-recorded,speakx-g0026,original,original,2026-06-11,2026-06-11,1,1,2026-06-05,6,False,4,4,4,4,False,True,40,1.0,True,True,False,loser,low
facebook,speakx,104428871316786,SpeakX English,2420249835122409,Video,Telugu,human-only,skit-narrative,human-recorded,speakx-g0107,exact_replica,replica,2026-06-11,2026-06-17,7,2,2026-06-05,12,False,4,28,5,5,False,True,55,0.857,True,True,False,loser,low
facebook,speakx,104428871316786,SpeakX English,1032088779257493,Video,Hindi,human-only,talking-head,human-recorded,speakx-g0232,unique,original,2026-06-12,2026-06-23,8,3,2026-06-10,13,False,4,32,4,6,True,False,55,0.75,True,True,True,undecided,high
facebook,speakx,104428871316786,SpeakX English,1530276725269853,Image,,,,,,,,2026-06-13,2026-06-23,7,3,2026-06-10,13,False,4,6,6,5,True,False,55,1.0,True,True,False,undecided,high
facebook,speakx,104428871316786,SpeakX English,1668913915243531,Image,,,,,,,,2026-06-23,2026-06-23,1,1,2026-06-21,2,False,4,4,4,4,True,False,21,1.0,True,True,False,new,high
facebook,speakx,104428871316786,SpeakX English,1573817090586316,Carousel,,,,,,,,2026-05-26,2026-05-26,1,1,2026-04-11,45,False,5,5,5,5,False,True,57,1.0,True,True,False,winner,high
facebook,speakx,104428871316786,SpeakX English,1308281881491141,Video,Telugu,human-only,skit-narrative,human-recorded,speakx-g0053,reworded_replica,replica,2026-06-11,2026-06-17,7,2,2026-06-03,14,False,5,13,8,8,False,True,55,0.857,True,True,False,loser,low
facebook,speakx,104428871316786,SpeakX English,931936369278461,Video,Telugu,human-only,skit-narrative,human-recorded,speakx-g0212,unique,original,2026-05-26,2026-05-26,1,1,2026-02-24,91,False,6,6,6,6,False,True,57,1.0,True,True,False,strong_winner,high
facebook,speakx,104428871316786,SpeakX English,1681006989507648,Video,Hindi,human-only,split-screen,mixed,speakx-g0024,exact_replica,replica,2026-06-11,2026-06-23,9,3,2026-06-02,21,False,6,10,9,9,True,False,55,0.778,True,True,False,winner,high
facebook,speakx,104428871316786,SpeakX English,1031255179567911,Video,Hindi,human-only,talking-head,human-recorded,speakx-g0015,exact_replica,replica,2026-06-12,2026-06-23,8,3,2026-06-10,13,False,6,9,8,8,True,False,55,0.75,True,True,False,undecided,high
facebook,speakx,104428871316786,SpeakX English,1587003312849731,Image,,,,,,,,2026-06-12,2026-06-23,8,3,2026-06-10,13,False,6,24,21,7,True,False,55,0.0,True,False,False,undecided,high
facebook,speakx,104428871316786,SpeakX English,1030503980140114,Video,Telugu,human-only,talking-head,human-recorded,speakx-g0001,original,original,2026-05-26,2026-05-26,1,1,2026-02-23,92,False,7,7,7,7,False,True,57,1.0,True,True,False,strong_winner,high
facebook,speakx,104428871316786,SpeakX English,1653131032409183,Video,Telugu,human-only,skit-narrative,human-recorded,speakx-g0065,exact_replica,replica,2026-06-11,2026-06-17,7,2,2026-06-03,14,False,7,13,13,13,False,True,55,1.0,True,True,False,loser,low
facebook,speakx,104428871316786,SpeakX English,972999335641391,Video,Telugu,ai+human,split-screen,mixed,speakx-g0137,exact_replica,replica,2026-06-11,2026-06-17,7,2,2026-06-01,16,False,7,11,11,11,False,True,55,1.0,True,True,False,winner,high
facebook,speakx,104428871316786,SpeakX English,884905214442278,Video,Telugu,human-only,skit-narrative,human-recorded,speakx-g0209,unique,original,2026-05-26,2026-05-26,1,1,2026-02-24,91,False,8,8,8,8,False,True,57,1.0,True,True,False,strong_winner,high
facebook,speakx,104428871316786,SpeakX English,880800171143322,Video,Hindi,ai-avatar-only,split-screen,mixed,speakx-g0224,unique,original,2026-05-26,2026-05-26,1,1,2025-11-27,180,False,9,9,9,9,False,True,57,1.0,True,True,False,strong_winner,high
facebook,speakx,104428871316786,SpeakX English,1016408487631842,Video,Telugu,human-only,split-screen,human-recorded,speakx-g0035,exact_replica,replica,2026-06-11,2026-06-17,7,2,2026-06-03,14,False,9,15,14,15,False,True,55,0.714,True,True,False,loser,low
facebook,speakx,104428871316786,SpeakX English,933981069692312,Video,English,human-only,talking-head,human-recorded,speakx-g0026,reworded_replica,replica,2026-06-13,2026-06-23,7,3,2026-06-11,12,False,9,17,16,11,True,False,55,0.143,True,False,False,undecided,high
facebook,speakx,104428871316786,SpeakX English,1511111056828106,Video,Hindi,human-only,skit-narrative,human-recorded,speakx-g0170,unique,original,2026-05-26,2026-05-26,1,1,2025-12-08,169,False,10,10,10,10,False,True,57,1.0,True,True,False,strong_winner,high
facebook,speakx,104428871316786,SpeakX English,1515357813295706,Video,Hindi,ai+human,split-screen,mixed,speakx-g0019,exact_replica,replica,2026-06-11,2026-06-15,3,2,2026-06-02,13,False,10,15,15,15,False,True,53,0.333,True,False,False,loser,low
facebook,speakx,104428871316786,SpeakX English,1701137244411815,Video,Hindi,ai+human,split-screen,mixed,speakx-g0019,reworded_replica,replica,2026-06-12,2026-06-23,6,3,2026-06-01,22,False,10,16,12,12,True,False,55,0.333,True,False,False,winner,high
facebook,speakx,104428871316786,SpeakX English,1341185267964259,Image,,,,,,,,2026-06-23,2026-06-23,1,1,2026-06-21,2,False,10,10,10,10,True,False,21,0.0,True,False,False,new,high
facebook,speakx,104428871316786,SpeakX English,1606416436942554,Video,Hindi,ai+human,split-screen,mixed,speakx-g0055,original,original,2026-05-26,2026-05-26,1,1,2026-02-19,96,False,11,11,11,11,False,True,57,1.0,True,True,False,strong_winner,high
facebook,speakx,104428871316786,SpeakX English,1043816578143680,Image,,,,,,,,2026-06-11,2026-06-11,1,1,2026-06-05,6,False,11,11,11,11,False,True,40,0.0,True,False,False,loser,low
facebook,speakx,104428871316786,SpeakX English,2852221428457241,Video,English,human-only,split-screen,human-recorded,speakx-g0026,visual_variant,replica,2026-06-12,2026-06-23,8,3,2026-06-10,13,False,11,39,26,13,True,False,55,0.0,True,False,False,undecided,high
facebook,speakx,104428871316786,SpeakX English,954809496875720,Video,Telugu,ai+human,split-screen,mixed,speakx-g0137,original,original,2026-05-26,2026-05-26,1,1,2026-02-24,91,False,12,12,12,12,False,True,57,1.0,True,True,False,strong_winner,high
facebook,speakx,104428871316786,SpeakX English,1327506092053493,Video,Telugu,human-only,talking-head,human-recorded,speakx-g0057,exact_replica,replica,2026-06-11,2026-06-17,7,2,2026-06-03,14,False,12,22,14,14,False,True,55,0.429,True,False,False,loser,low
facebook,speakx,104428871316786,SpeakX English,1606018377805781,Video,Telugu,human-only,talking-head,human-recorded,speakx-g0043,exact_replica,replica,2026-06-11,2026-06-17,7,2,2026-06-04,13,False,12,50,12,12,False,True,55,0.571,True,True,True,loser,low
facebook,speakx,104428871316786,SpeakX English,845484834915284,Video,Hindi,human-only,split-screen,human-recorded,speakx-g0275,unique,original,2026-06-12,2026-06-23,8,3,2026-06-10,13,False,12,30,19,14,True,False,55,0.0,True,False,False,undecided,high
facebook,speakx,104428871316786,SpeakX English,4438025873093504,Video,Hindi,human-only,skit-narrative,human-recorded,speakx-g0203,unique,original,2026-05-26,2026-05-26,1,1,2025-12-08,169,False,13,13,13,13,False,True,57,1.0,True,True,False,strong_winner,high
facebook,speakx,104428871316786,SpeakX English,1010201854756042,Video,Telugu,human-only,talking-head,human-recorded,speakx-g0034,exact_replica,replica,2026-06-11,2026-06-17,7,2,2026-06-01,16,False,13,30,28,30,False,True,55,0.0,True,False,False,winner,high
facebook,speakx,104428871316786,SpeakX English,1315260573546336,Video,Hindi,ai+human,split-screen,mixed,speakx-g0055,exact_replica,replica,2026-06-11,2026-06-23,9,3,2026-06-02,21,False,13,31,21,15,True,False,55,0.0,True,False,False,winner,high
facebook,speakx,104428871316786,SpeakX English,1384125720047598,Video,Hindi,ai-avatar-only,split-screen,mixed,speakx-g0166,unique,original,2026-05-26,2026-05-26,1,1,2025-11-27,180,False,14,14,14,14,False,True,57,1.0,True,True,False,strong_winner,high
facebook,speakx,104428871316786,SpeakX English,2112384796824897,Image,,,,,,,,2026-06-11,2026-06-11,1,1,2026-06-05,6,False,14,14,14,14,False,True,40,0.0,True,False,False,loser,low
facebook,speakx,104428871316786,SpeakX English,985249144363806,Video,Hindi,human-only,talking-head,human-recorded,speakx-g0284,unique,original,2026-06-12,2026-06-23,8,3,2026-06-10,13,False,14,33,22,16,True,False,55,0.0,True,False,True,undecided,high
facebook,speakx,104428871316786,SpeakX English,1569837701108499,Video,Hindi,ai-avatar-only,split-screen,ai-generated,speakx-g0174,unique,original,2026-05-26,2026-05-26,1,1,2025-11-28,179,False,15,15,15,15,False,True,57,1.0,True,True,False,strong_winner,high
facebook,speakx,104428871316786,SpeakX English,1266496608888651,Image,,,,,,,,2026-06-11,2026-06-11,1,1,2026-06-05,6,False,15,15,15,15,False,True,40,0.0,True,False,False,loser,low
facebook,speakx,104428871316786,SpeakX English,1935452127101651,Video,Telugu,human-only,talking-head,human-recorded,speakx-g0080,exact_replica,replica,2026-06-11,2026-06-17,7,2,2026-06-02,15,False,15,34,30,34,False,True,55,0.0,True,False,False,winner,high
facebook,speakx,104428871316786,SpeakX English,1318839933771493,Video,Hindi,human-only,skit-narrative,human-recorded,speakx-g0238,unique,original,2026-06-12,2026-06-23,8,3,2026-06-10,13,False,15,42,36,18,True,False,55,0.0,True,False,True,undecided,high
facebook,speakx,104428871316786,SpeakX English,994360239650876,Video,Telugu,human-only,skit-narrative,human-recorded,speakx-g0134,exact_replica,replica,2026-06-13,2026-06-17,5,2,2026-06-10,7,False,15,25,24,25,False,True,55,0.0,True,False,False,loser,low
facebook,speakx,104428871316786,SpeakX English,25689263567435851,Video,Hindi,human-only,split-screen,mixed,speakx-g0024,exact_replica,replica,2026-05-26,2026-05-26,1,1,2026-02-19,96,False,16,16,16,16,False,True,57,0.0,True,False,False,winner,high
facebook,speakx,104428871316786,SpeakX English,1551047923410116,Image,,,,,,,,2026-06-12,2026-06-23,8,3,2026-06-10,13,False,16,35,30,19,True,False,55,0.0,True,False,False,undecided,high
facebook,speakx,104428871316786,SpeakX English,1590372805977740,Video,Telugu,human-only,talking-head,human-recorded,speakx-g0126,exact_replica,replica,2026-06-13,2026-06-17,5,2,2026-06-11,6,False,16,27,25,27,False,True,55,0.0,True,False,False,loser,low
facebook,speakx,104428871316786,SpeakX English,1598944374618214,Video,Hindi,ai-avatar-only,split-screen,mixed,speakx-g0175,unique,original,2026-05-26,2026-05-26,1,1,2025-11-27,180,False,17,17,17,17,False,True,57,0.0,True,False,False,winner,high
facebook,speakx,104428871316786,SpeakX English,1527023688816595,Video,Telugu,human-only,talking-head,human-recorded,speakx-g0001,exact_replica,replica,2026-06-11,2026-06-17,7,2,2026-06-05,12,False,17,36,34,36,False,True,55,0.0,True,False,False,loser,low
facebook,speakx,104428871316786,SpeakX English,802986049419170,Video,Telugu,ai+human,split-screen,mixed,speakx-g0074,exact_replica,replica,2026-06-11,2026-06-17,7,2,2026-06-02,15,False,17,29,19,19,False,True,55,0.0,True,False,False,winner,high
facebook,speakx,104428871316786,SpeakX English,1513995210370651,Video,Hindi,human-only,talking-head,human-recorded,speakx-g0015,reworded_replica,replica,2026-06-12,2026-06-23,8,3,2026-06-10,13,False,17,49,43,20,True,False,55,0.0,True,False,True,undecided,high
facebook,speakx,104428871316786,SpeakX English,1028166556448476,Video,Telugu,human-only,talking-head,human-recorded,speakx-g0231,unique,original,2026-06-13,2026-06-17,5,2,2026-06-09,8,False,17,28,26,28,False,True,55,0.0,True,False,False,loser,low
facebook,speakx,104428871316786,SpeakX English,1022383650256237,Image,,,,,,,,2026-06-23,2026-06-23,1,1,2026-06-21,2,False,17,17,17,17,True,False,21,0.0,True,False,False,new,high
facebook,speakx,104428871316786,SpeakX English,1857730538277430,Video,Telugu,human-only,talking-head,human-recorded,speakx-g0105,original,original,2026-05-26,2026-05-26,1,1,2026-02-23,92,False,18,18,18,18,False,True,57,0.0,True,False,False,winner,high
facebook,speakx,104428871316786,SpeakX English,1254624717727521,Image,,,,,,,,2026-06-11,2026-06-11,1,1,2026-06-05,6,False,18,18,18,18,False,True,40,0.0,True,False,False,loser,low
facebook,speakx,104428871316786,SpeakX English,1341044771217348,Video,Telugu,human-only,talking-head,human-recorded,speakx-g0163,unique,original,2026-06-11,2026-06-17,7,2,2026-06-05,12,False,18,39,35,39,False,True,55,0.0,True,False,False,loser,low
facebook,speakx,104428871316786,SpeakX English,997953383090881,Video,Telugu,human-only,skit-narrative,human-recorded,speakx-g0125,exact_replica,replica,2026-06-11,2026-06-17,7,2,2026-06-04,13,False,18,38,20,20,False,True,55,0.0,True,False,True,loser,low
facebook,speakx,104428871316786,SpeakX English,937087548666909,Video,Telugu,human-only,skit-narrative,human-recorded,speakx-g0134,original,original,2026-05-26,2026-05-26,1,1,2026-02-24,91,False,19,19,19,19,False,True,57,0.0,True,False,False,winner,high
facebook,speakx,104428871316786,SpeakX English,2143158666473457,Video,Telugu,ai+human,split-screen,mixed,speakx-g0112,exact_replica,replica,2026-06-11,2026-06-17,7,2,2026-06-01,16,False,19,36,32,33,False,True,55,0.0,True,False,False,winner,high
facebook,speakx,104428871316786,SpeakX English,830432456491902,Video,Telugu,human-only,split-screen,human-recorded,speakx-g0133,visual_variant,replica,2026-06-11,2026-06-17,7,2,2026-06-05,12,False,19,48,22,22,False,True,55,0.0,True,False,True,loser,low
facebook,speakx,104428871316786,SpeakX English,767982765971645,Video,Telugu,ai+human,split-screen,mixed,speakx-g0132,original,original,2026-05-26,2026-05-26,1,1,2026-02-24,91,False,20,20,20,20,False,True,57,0.0,True,False,False,winner,high
facebook,speakx,104428871316786,SpeakX English,1332278622154395,Video,Telugu,ai+human,split-screen,mixed,speakx-g0046,exact_replica,replica,2026-06-11,2026-06-17,7,2,2026-06-01,16,False,20,38,37,38,False,True,55,0.0,True,False,False,winner,high
facebook,speakx,104428871316786,SpeakX English,1242925180598225,Video,Telugu,ai+human,split-screen,mixed,speakx-g0046,original,original,2026-05-26,2026-05-26,1,1,2026-02-24,91,False,21,21,21,21,False,True,57,0.0,True,False,False,winner,high
facebook,speakx,104428871316786,SpeakX English,2304650336940476,Image,,,,,,,,2026-06-23,2026-06-23,1,1,2026-06-21,2,False,21,21,21,21,True,False,21,0.0,True,False,False,new,high
facebook,speakx,104428871316786,SpeakX English,903649205408344,Video,Telugu,human-only,skit-narrative,human-recorded,speakx-g0120,original,original,2026-05-26,2026-05-26,1,1,2026-02-23,92,False,22,22,22,22,False,True,57,0.0,True,False,False,winner,high
facebook,speakx,104428871316786,SpeakX English,1774406133527244,Video,Telugu,ai+human,split-screen,mixed,speakx-g0102,exact_replica,replica,2026-06-11,2026-06-17,7,2,2026-06-03,14,False,22,41,39,41,False,True,55,0.0,True,False,False,loser,low
facebook,speakx,104428871316786,SpeakX English,858959107181092,Video,Telugu,human-only,split-screen,human-recorded,speakx-g0035,original,original,2026-05-26,2026-05-26,1,1,2026-02-24,91,False,23,23,23,23,False,True,57,0.0,True,False,False,winner,high
facebook,speakx,104428871316786,SpeakX English,1615741946275334,Video,Telugu,human-only,talking-head,human-recorded,speakx-g0084,original,original,2026-05-26,2026-05-26,1,1,2026-02-23,92,False,24,24,24,24,False,True,57,0.0,True,False,False,winner,high
facebook,speakx,104428871316786,SpeakX English,965434199345665,Video,Telugu,ai+human,split-screen,mixed,speakx-g0071,original,original,2026-05-26,2026-05-26,1,1,2026-02-23,92,False,25,25,25,25,False,True,57,0.0,True,False,False,winner,high
facebook,speakx,104428871316786,SpeakX English,4487212464857580,Video,Telugu,ai+human,split-screen,mixed,speakx-g0130,original,original,2026-05-26,2026-05-26,1,1,2026-02-24,91,False,26,26,26,26,False,True,57,0.0,True,False,False,winner,high
facebook,speakx,104428871316786,SpeakX English,27533535899632138,Video,Telugu,human-only,talking-head,human-recorded,speakx-g0124,exact_replica,replica,2026-06-11,2026-06-17,7,2,2026-06-05,12,False,26,34,29,32,False,True,55,0.0,True,False,True,loser,low
facebook,speakx,104428871316786,SpeakX English,26934517899574318,Video,Telugu,ai+human,split-screen,mixed,speakx-g0132,reworded_replica,replica,2026-06-13,2026-06-17,5,2,2026-06-10,7,False,26,40,38,40,False,True,55,0.0,True,False,False,loser,low
facebook,speakx,104428871316786,SpeakX English,1286607256921711,Video,Telugu,ai+human,split-screen,mixed,speakx-g0099,reworded_replica,replica,2026-06-17,2026-06-17,1,1,2026-06-14,3,False,26,26,26,26,False,True,55,0.0,True,False,False,loser,low
facebook,speakx,104428871316786,SpeakX English,1420564419556783,Video,Telugu,human-only,skit-narrative,human-recorded,speakx-g0065,original,original,2026-05-26,2026-05-26,1,1,2026-02-23,92,False,27,27,27,27,False,True,57,0.0,True,False,False,winner,high
facebook,speakx,104428871316786,SpeakX English,1473297194097493,Video,Telugu,ai+human,split-screen,mixed,speakx-g0071,exact_replica,replica,2026-06-11,2026-06-17,7,2,2026-06-01,16,False,27,45,41,45,False,True,55,0.0,True,False,True,winner,high
facebook,speakx,104428871316786,SpeakX English,985072957572062,Video,Telugu,human-only,talking-head,human-recorded,speakx-g0105,exact_replica,replica,2026-06-11,2026-06-17,7,2,2026-06-06,11,False,27,40,29,29,False,True,55,0.0,True,False,True,loser,low
facebook,speakx,104428871316786,SpeakX English,2337690173390963,Video,Telugu,ai+human,split-screen,mixed,speakx-g0112,original,original,2026-05-26,2026-05-26,1,1,2026-02-24,91,False,28,28,28,28,False,True,57,0.0,True,False,False,winner,high
facebook,speakx,104428871316786,SpeakX English,1447298590404255,Video,Telugu,human-only,skit-narrative,human-recorded,speakx-g0067,original,original,2026-05-26,2026-05-26,1,1,2026-02-24,91,False,29,29,29,29,False,True,57,0.0,True,False,False,winner,high
facebook,speakx,104428871316786,SpeakX English,1645428323393253,Video,Telugu,ai+human,split-screen,mixed,speakx-g0130,exact_replica,replica,2026-06-11,2026-06-17,7,2,2026-06-04,13,False,29,44,41,42,False,True,55,0.0,True,False,True,loser,low
facebook,speakx,104428871316786,SpeakX English,2163947724344247,Video,Telugu,ai+human,split-screen,mixed,speakx-g0031,original,original,2026-05-26,2026-05-26,1,1,2026-02-23,92,False,30,30,30,30,False,True,57,0.0,True,False,False,winner,high
facebook,speakx,104428871316786,SpeakX English,2105293576950861,Video,Telugu,human-only,skit-narrative,human-recorded,speakx-g0191,unique,original,2026-05-26,2026-05-26,1,1,2026-02-23,92,False,31,31,31,31,False,True,57,0.0,True,False,False,winner,high
facebook,speakx,104428871316786,SpeakX English,1624410095245730,Video,Telugu,human-only,talking-head,human-recorded,speakx-g0176,unique,original,2026-05-26,2026-05-26,1,1,2026-02-23,92,False,32,32,32,32,False,True,57,0.0,True,False,False,winner,high
facebook,speakx,104428871316786,SpeakX English,36121185230830159,Video,Telugu,human-only,talking-head,human-recorded,speakx-g0104,exact_replica,replica,2026-06-11,2026-06-17,7,2,2026-06-07,10,False,32,48,46,48,False,True,55,0.0,True,False,True,loser,low
facebook,speakx,104428871316786,SpeakX English,960506216864353,Video,Telugu,human-only,talking-head,human-recorded,speakx-g0139,original,original,2026-05-26,2026-05-26,1,1,2026-02-24,91,False,33,33,33,33,False,True,57,0.0,True,False,False,winner,high
facebook,speakx,104428871316786,SpeakX English,1696016167950307,Video,Telugu,human-only,talking-head,human-recorded,speakx-g0045,exact_replica,replica,2026-06-11,2026-06-17,7,2,2026-06-07,10,False,33,50,47,50,False,True,55,0.0,True,False,True,loser,low
facebook,speakx,104428871316786,SpeakX English,1696524301725159,Video,Telugu,ai+human,split-screen,mixed,speakx-g0099,original,original,2026-05-26,2026-05-26,1,1,2026-02-23,92,False,34,34,34,34,False,True,57,0.0,True,False,False,winner,high
facebook,speakx,104428871316786,SpeakX English,2518993185212523,Video,Telugu,human-only,skit-narrative,human-recorded,speakx-g0120,exact_replica,replica,2026-06-11,2026-06-17,7,2,2026-06-02,15,False,34,44,40,43,False,True,55,0.0,True,False,True,winner,high
facebook,speakx,104428871316786,SpeakX English,1224354406554260,Video,Telugu,human-only,talking-head,human-recorded,speakx-g0045,original,original,2026-05-26,2026-05-26,1,1,2026-02-24,91,False,35,35,35,35,False,True,57,0.0,True,False,False,winner,high
facebook,speakx,104428871316786,SpeakX English,1001955356099173,Video,Telugu,ai+human,split-screen,mixed,speakx-g0031,exact_replica,replica,2026-06-11,2026-06-17,7,2,2026-06-07,10,False,35,48,46,47,False,True,55,0.0,True,False,True,loser,low
facebook,speakx,104428871316786,SpeakX English,3003093209899598,Video,Telugu,human-only,skit-narrative,human-recorded,speakx-g0125,original,original,2026-05-26,2026-05-26,1,1,2026-02-23,92,False,36,36,36,36,False,True,57,0.0,True,False,False,winner,high
facebook,speakx,104428871316786,SpeakX English,1209738614498577,Video,Telugu,human-only,skit-narrative,human-recorded,speakx-g0044,exact_replica,replica,2026-06-11,2026-06-17,7,2,2026-06-02,15,False,36,49,48,49,False,True,55,0.0,True,False,True,winner,high
facebook,speakx,104428871316786,SpeakX English,1327836129169546,Video,Telugu,ai+human,split-screen,mixed,speakx-g0161,unique,original,2026-05-26,2026-05-26,1,1,2026-02-23,92,False,37,37,37,37,False,True,57,0.0,True,False,False,winner,high
facebook,speakx,104428871316786,SpeakX English,1632127831228011,Video,Telugu,human-only,talking-head,human-recorded,speakx-g0084,exact_replica,replica,2026-06-11,2026-06-17,7,2,2026-06-02,15,False,37,51,50,51,False,True,55,0.0,True,False,True,winner,high
facebook,speakx,104428871316786,SpeakX English,27190286223915226,Video,Telugu,human-only,skit-narrative,human-recorded,speakx-g0264,unique,original,2026-06-13,2026-06-17,5,2,2026-06-10,7,False,37,46,45,46,False,True,55,0.0,True,False,True,loser,low
facebook,speakx,104428871316786,SpeakX English,2216320602522093,Video,Telugu,ai+human,split-screen,mixed,speakx-g0102,original,original,2026-05-26,2026-05-26,1,1,2026-02-24,91,False,38,38,38,38,False,True,57,0.0,True,False,False,winner,high
facebook,speakx,104428871316786,SpeakX English,3034428376940626,Video,Telugu,human-only,talking-head,human-recorded,speakx-g0054,original,original,2026-05-26,2026-05-26,1,1,2026-02-23,92,False,39,39,39,39,False,True,57,0.0,True,False,False,winner,high
facebook,speakx,104428871316786,SpeakX English,1722146582095771,Video,Hindi,human-only,split-screen,mixed,speakx-g0024,original,original,2026-05-26,2026-05-26,1,1,2026-02-19,96,False,40,40,40,40,False,True,57,0.0,True,False,False,winner,high
facebook,speakx,104428871316786,SpeakX English,1008374951703241,Video,Telugu,human-only,talking-head,human-recorded,speakx-g0139,exact_replica,replica,2026-06-11,2026-06-17,7,2,2026-06-04,13,False,40,52,51,52,False,True,55,0.0,True,False,True,loser,low
facebook,speakx,104428871316786,SpeakX English,918714334465060,Video,Telugu,human-only,talking-head,human-recorded,speakx-g0124,original,original,2026-05-26,2026-05-26,1,1,2026-02-24,91,False,41,41,41,41,False,True,57,0.0,True,False,False,winner,high
facebook,speakx,104428871316786,SpeakX English,4214340422164193,Video,Telugu,human-only,talking-head,human-recorded,speakx-g0034,original,original,2026-05-26,2026-05-26,1,1,2026-02-24,91,False,42,42,42,42,False,True,57,0.0,True,False,False,winner,high
facebook,speakx,104428871316786,SpeakX English,1824295468237331,Video,Telugu,human-only,talking-head,human-recorded,speakx-g0104,original,original,2026-05-26,2026-05-26,1,1,2026-02-24,91,False,43,43,43,43,False,True,57,0.0,True,False,False,winner,high
facebook,speakx,104428871316786,SpeakX English,1627007201772082,Video,Telugu,human-only,talking-head,human-recorded,speakx-g0177,unique,original,2026-05-26,2026-05-26,1,1,2026-02-23,92,False,44,44,44,44,False,True,57,0.0,True,False,False,winner,high
facebook,speakx,104428871316786,SpeakX English,4025885004370334,Video,Telugu,human-only,talking-head,human-recorded,speakx-g0223,unique,original,2026-05-26,2026-05-26,1,1,2026-02-23,92,False,45,45,45,45,False,True,57,0.0,True,False,False,winner,high
facebook,speakx,104428871316786,SpeakX English,1201463028826137,Video,Telugu,human-only,talking-head,human-recorded,speakx-g0043,original,original,2026-05-26,2026-05-26,1,1,2026-02-25,90,False,46,46,46,46,False,True,57,0.0,True,False,False,winner,high
facebook,speakx,104428871316786,SpeakX English,839466612486237,Video,Telugu,human-only,talking-head,human-recorded,speakx-g0205,unique,original,2026-05-26,2026-05-26,1,1,2026-02-24,91,False,47,47,47,47,False,True,57,0.0,True,False,False,winner,high
facebook,speakx,104428871316786,SpeakX English,1566297197911206,Video,Telugu,human-only,talking-head,human-recorded,speakx-g0080,original,original,2026-05-26,2026-05-26,1,1,2026-02-23,92,False,48,48,48,48,False,True,57,0.0,True,False,False,winner,high
facebook,speakx,104428871316786,SpeakX English,3357549721086679,Video,Telugu,human-only,talking-head,human-recorded,speakx-g0126,original,original,2026-05-26,2026-05-26,1,1,2026-02-23,92,False,49,49,49,49,False,True,57,0.0,True,False,False,winner,high
facebook,speakx,104428871316786,SpeakX English,1953642172029834,Video,Telugu,human-only,skit-narrative,human-recorded,speakx-g0107,original,original,2026-05-26,2026-05-26,1,1,2026-02-23,92,False,50,50,50,50,False,True,57,0.0,True,False,False,winner,high
facebook,speakx,104428871316786,SpeakX English,931857945993685,Video,Telugu,human-only,talking-head,human-recorded,speakx-g0057,original,original,2026-05-26,2026-05-26,1,1,2026-02-24,91,False,51,51,51,51,False,True,57,0.0,True,False,False,winner,high
facebook,speakx,104428871316786,SpeakX English,1846567089393685,Video,Telugu,human-only,skit-narrative,human-recorded,speakx-g0044,original,original,2026-05-26,2026-05-26,1,1,2026-02-23,92,False,52,52,52,52,False,True,57,0.0,True,False,False,winner,high
facebook,speakx,104428871316786,SpeakX English,1635261984214711,Video,Telugu,human-only,talking-head,human-recorded,speakx-g0042,reworded_replica,replica,2026-06-13,2026-06-17,5,2,2026-06-10,7,False,52,53,52,53,False,True,55,0.0,True,False,True,loser,low
facebook,speakx,104428871316786,SpeakX English,1166838812014048,Video,Telugu,human-only,talking-head,human-recorded,speakx-g0042,original,original,2026-05-26,2026-05-26,1,1,2026-02-23,92,False,53,53,53,53,False,True,57,0.0,True,False,False,winner,high
facebook,speakx,104428871316786,SpeakX English,1792147965089294,Video,Telugu,human-only,skit-narrative,human-recorded,speakx-g0067,reworded_replica,replica,2026-06-13,2026-06-17,5,2,2026-06-10,7,False,53,54,53,54,False,True,55,0.0,True,False,True,loser,low
facebook,speakx,104428871316786,SpeakX English,1366359718626426,Video,Telugu,ai+human,skit-narrative,human-recorded,speakx-g0165,unique,original,2026-05-26,2026-05-26,1,1,2026-02-23,92,False,54,54,54,54,False,True,57,0.0,True,False,False,winner,high
facebook,speakx,104428871316786,SpeakX English,2393357557844949,Video,Telugu,human-only,talking-head,human-recorded,speakx-g0197,unique,original,2026-05-26,2026-05-26,1,1,2026-02-24,91,False,55,55,55,55,False,True,57,0.0,True,False,False,winner,high
facebook,speakx,104428871316786,SpeakX English,2031030720821846,Video,Telugu,human-only,talking-head,human-recorded,speakx-g0256,unique,original,2026-06-17,2026-06-17,1,1,2026-06-14,3,False,55,55,55,55,False,True,55,0.0,True,False,True,loser,low
facebook,speakx,104428871316786,SpeakX English,891251400369366,Video,Telugu,human-only,app-screencast,human-recorded,speakx-g0133,original,original,2026-05-26,2026-05-26,1,1,2026-02-24,91,False,56,56,56,56,False,True,57,0.0,True,False,False,winner,high
facebook,speakx,104428871316786,SpeakX English,1871665510183650,Video,Telugu,human-only,skit-narrative,human-recorded,speakx-g0053,original,original,2026-05-26,2026-05-26,1,1,2026-02-23,92,False,57,57,57,57,False,True,57,0.0,True,False,False,winner,high
facebook,speakx,540653459131632,SpeakX - Learn to Speak English,1477183203777341,Video,Malayalam,ai+human,skit-narrative,mixed,speakx-g0072,original,original,2026-05-26,2026-05-26,1,1,2026-04-08,48,False,1,1,1,1,False,True,132,1.0,True,True,False,strong_winner,high
facebook,speakx,540653459131632,SpeakX - Learn to Speak English,2162968067812618,Video,Hindi,ai+human,split-screen,mixed,speakx-g0192,unique,original,2026-05-26,2026-06-13,5,3,2026-05-16,28,False,1,8,1,1,False,True,188,1.0,True,True,False,winner,high
facebook,speakx,540653459131632,SpeakX - Learn to Speak English,1913593379351763,Video,Hindi,ai+human,split-screen,mixed,speakx-g0106,original,original,2026-05-26,2026-06-04,2,2,2026-05-15,20,False,1,12,6,1,False,True,170,1.0,True,True,False,winner,high
facebook,speakx,540653459131632,SpeakX - Learn to Speak English,4317358591866176,Video,Telugu,human-only,skit-narrative,human-recorded,speakx-g0027,exact_replica,replica,2026-06-04,2026-06-23,10,4,2026-06-01,22,False,1,5,1,1,True,False,198,1.0,True,True,False,winner,high
facebook,speakx,540653459131632,SpeakX - Learn to Speak English,1293067956117881,Video,Kannada,human-only,skit-narrative,human-recorded,speakx-g0000,translation_replica,replica,2026-05-26,2026-05-26,1,1,2026-04-30,26,False,2,2,2,2,False,True,132,1.0,True,True,False,winner,high
facebook,speakx,540653459131632,SpeakX - Learn to Speak English,27292861753737186,Video,Hindi,human-only,skit-narrative,human-recorded,speakx-g0199,unique,original,2026-06-04,2026-06-23,10,4,2026-06-01,22,False,2,9,2,2,True,False,198,1.0,True,True,False,winner,high
facebook,speakx,540653459131632,SpeakX - Learn to Speak English,1182441817236590,Video,Tamil,ai+human,split-screen,mixed,speakx-g0000,original,original,2026-05-26,2026-05-26,1,1,2026-04-30,26,False,3,3,3,3,False,True,132,1.0,True,True,False,winner,high
facebook,speakx,540653459131632,SpeakX - Learn to Speak English,1333380855312442,Video,Hindi,ai+human,split-screen,mixed,speakx-g0058,original,original,2026-05-26,2026-06-23,11,5,2026-05-16,38,False,3,20,9,9,True,False,198,1.0,True,True,False,winner,high
facebook,speakx,540653459131632,SpeakX - Learn to Speak English,26844394018563524,Video,Hindi,ai+human,skit-narrative,ai-generated,speakx-g0123,exact_replica,replica,2026-06-04,2026-06-23,10,4,2026-06-01,22,False,3,97,3,3,True,False,198,0.9,True,True,False,winner,high
facebook,speakx,540653459131632,SpeakX - Learn to Speak English,967017965779261,Video,Malayalam,human-only,split-screen,human-recorded,speakx-g0023,original,original,2026-05-26,2026-05-26,1,1,2026-04-09,47,False,4,4,4,4,False,True,132,1.0,True,True,False,strong_winner,high
facebook,speakx,540653459131632,SpeakX - Learn to Speak English,2504659850014715,Video,Hindi,human-only,skit-narrative,human-recorded,speakx-g0198,unique,original,2026-05-26,2026-06-23,11,5,2026-05-24,30,False,4,58,11,10,True,False,198,0.909,True,True,False,winner,high
facebook,speakx,540653459131632,SpeakX - Learn to Speak English,2443712506142477,Video,Hindi,human-only,skit-narrative,human-recorded,speakx-g0002,reworded_replica,replica,2026-06-04,2026-06-17,8,3,2026-06-01,16,False,4,8,5,5,False,True,198,1.0,True,True,False,winner,high
facebook,speakx,540653459131632,SpeakX - Learn to Speak English,884765954660063,Video,Hindi,human-only,talking-head,human-recorded,speakx-g0115,reworded_replica,replica,2026-06-04,2026-06-17,8,3,2026-06-01,16,False,4,11,8,4,False,True,198,1.0,True,True,False,winner,high
facebook,speakx,540653459131632,SpeakX - Learn to Speak English,1692395758675404,Video,Malayalam,ai+human,skit-narrative,mixed,speakx-g0072,exact_replica,replica,2026-06-04,2026-06-13,4,2,2026-06-01,12,False,4,14,4,4,False,True,188,1.0,True,True,False,loser,low
facebook,speakx,540653459131632,SpeakX - Learn to Speak English,1676862793642995,Video,Kannada,human-only,talking-head,human-recorded,speakx-g0180,unique,original,2026-06-04,2026-06-23,10,4,2026-06-01,22,False,4,154,46,4,True,False,198,0.4,True,False,False,winner,high
facebook,speakx,540653459131632,SpeakX - Learn to Speak English,1261894342696646,Video,Telugu,human-only,skit-narrative,human-recorded,speakx-g0047,original,original,2026-05-26,2026-05-26,1,1,2026-04-01,55,False,5,5,5,5,False,True,132,1.0,True,True,False,strong_winner,high
facebook,speakx,540653459131632,SpeakX - Learn to Speak English,36517908114474049,Video,Telugu,ai+human,pen-and-paper,mixed,speakx-g0028,exact_replica,replica,2026-06-04,2026-06-23,10,4,2026-06-01,22,False,5,155,12,5,True,False,198,0.9,True,True,True,winner,high
facebook,speakx,540653459131632,SpeakX - Learn to Speak English,2203881063685200,Video,Hindi,human-only,talking-head,human-recorded,speakx-g0115,original,original,2026-05-26,2026-05-26,1,1,2026-04-08,48,False,6,6,6,6,False,True,132,1.0,True,True,False,strong_winner,high
facebook,speakx,540653459131632,SpeakX - Learn to Speak English,1494320365675491,Video,Hindi,human-only,split-screen,human-recorded,speakx-g0169,unique,original,2026-05-26,2026-06-04,2,2,2026-05-15,20,False,6,21,14,6,False,True,170,1.0,True,True,False,winner,high
facebook,speakx,540653459131632,SpeakX - Learn to Speak English,861317746449714,Video,Telugu,human-only,skit-narrative,human-recorded,speakx-g0047,exact_replica,replica,2026-06-04,2026-06-17,8,3,2026-06-01,16,False,6,17,8,7,False,True,198,1.0,True,True,False,winner,high
facebook,speakx,540653459131632,SpeakX - Learn to Speak English,4807246549502326,Video,Hindi,ai+human,skit-narrative,ai-generated,speakx-g0029,exact_replica,replica,2026-06-04,2026-06-14,3,2,2026-06-01,13,False,6,153,17,6,False,True,177,0.667,True,True,False,loser,low
facebook,speakx,540653459131632,SpeakX - Learn to Speak English,1515349576107394,Video,Hindi,ai+human,split-screen,mixed,speakx-g0106,reworded_replica,replica,2026-06-12,2026-06-23,8,3,2026-06-10,13,False,6,79,66,6,True,False,198,0.25,True,False,False,undecided,high
facebook,speakx,540653459131632,SpeakX - Learn to Speak English,1386304936584896,Video,Tamil,ai+human,split-screen,mixed,speakx-g0008,translation_replica,replica,2026-05-26,2026-05-26,1,1,2026-03-25,62,False,7,7,7,7,False,True,132,1.0,True,True,False,strong_winner,high
facebook,speakx,540653459131632,SpeakX - Learn to Speak English,1507220527751466,Video,Kannada,ai+human,skit-narrative,mixed,speakx-g0007,exact_replica,replica,2026-06-04,2026-06-23,10,4,2026-06-01,22,False,7,15,8,7,True,False,198,1.0,True,True,False,winner,high
facebook,speakx,540653459131632,SpeakX - Learn to Speak English,1287946936434940,Video,Hindi,human-only,skit-narrative,human-recorded,speakx-g0005,reworded_replica,replica,2026-06-04,2026-06-17,8,3,2026-06-01,16,False,7,12,8,8,False,True,198,1.0,True,True,False,winner,high
facebook,speakx,540653459131632,SpeakX - Learn to Speak English,1361741085811598,Video,Tamil,human-only,skit-narrative,human-recorded,speakx-g0221,unique,original,2026-06-04,2026-06-23,10,4,2026-06-02,21,False,8,106,20,8,True,False,198,0.9,True,True,False,winner,high
facebook,speakx,540653459131632,SpeakX - Learn to Speak English,2718857995158689,Video,Telugu,human-only,skit-narrative,human-recorded,speakx-g0027,exact_replica,replica,2026-05-26,2026-05-26,1,1,2026-05-21,5,False,9,9,9,9,False,True,132,1.0,True,True,False,loser,low
facebook,speakx,540653459131632,SpeakX - Learn to Speak English,950441070968656,Video,Kannada,ai+human,split-screen,mixed,speakx-g0077,original,original,2026-05-26,2026-05-26,1,1,2026-03-25,62,False,10,10,10,10,False,True,132,1.0,True,True,False,strong_winner,high
facebook,speakx,540653459131632,SpeakX - Learn to Speak English,1646829209907293,Video,Hindi,human-only,skit-narrative,human-recorded,speakx-g0179,unique,original,2026-05-26,2026-06-23,11,5,2026-05-24,30,False,10,31,17,17,True,False,198,1.0,True,True,False,winner,high
facebook,speakx,540653459131632,SpeakX - Learn to Speak English,953470727433696,Video,Malayalam,human-only,skit-narrative,human-recorded,speakx-g0004,translation_replica,replica,2026-05-26,2026-05-26,1,1,2026-04-30,26,False,11,11,11,11,False,True,132,1.0,True,True,False,winner,high
facebook,speakx,540653459131632,SpeakX - Learn to Speak English,1306104707759795,Video,Tamil,ai+human,split-screen,mixed,speakx-g0008,translation_replica,replica,2026-06-04,2026-06-23,10,4,2026-06-01,22,False,11,34,14,11,True,False,198,1.0,True,True,False,winner,high
facebook,speakx,540653459131632,SpeakX - Learn to Speak English,3907189146244683,Video,Tamil,ai+human,split-screen,mixed,speakx-g0202,unique,original,2026-06-04,2026-06-17,8,3,2026-06-01,16,False,11,67,14,11,False,True,198,0.875,True,True,False,winner,high
facebook,speakx,540653459131632,SpeakX - Learn to Speak English,2009437412992427,Video,Hindi,ai+human,other,ai-generated,speakx-g0029,visual_variant,replica,2026-06-12,2026-06-13,2,1,2026-06-10,3,False,11,11,11,11,False,True,188,1.0,True,True,False,loser,low
facebook,speakx,540653459131632,SpeakX - Learn to Speak English,1945016303042855,Video,Tamil,ai+human,split-screen,mixed,speakx-g0000,exact_replica,replica,2026-06-04,2026-06-13,4,2,2026-06-01,12,False,12,15,12,12,False,True,188,1.0,True,True,False,loser,low
facebook,speakx,540653459131632,SpeakX - Learn to Speak English,2606314053100217,Video,Hindi,human-only,skit-narrative,human-recorded,speakx-g0151,exact_replica,replica,2026-06-17,2026-06-23,3,2,2026-06-15,8,False,12,121,12,12,True,False,198,0.667,True,True,False,undecided,high
facebook,speakx,540653459131632,SpeakX - Learn to Speak English,953292117697900,Video,Hindi,human-only,skit-narrative,human-recorded,speakx-g0002,reworded_replica,replica,2026-05-26,2026-05-26,1,1,2026-05-15,11,False,13,13,13,13,False,True,132,1.0,True,True,False,loser,low
facebook,speakx,540653459131632,SpeakX - Learn to Speak English,2284848355255499,Video,Kannada,ai+human,split-screen,mixed,speakx-g0118,exact_replica,replica,2026-06-04,2026-06-04,1,1,,0,True,13,13,13,13,False,True,170,1.0,True,True,False,loser,low
facebook,speakx,540653459131632,SpeakX - Learn to Speak English,2245758992828721,Video,Telugu,human-only,skit-narrative,human-recorded,speakx-g0004,exact_replica,replica,2026-06-04,2026-06-23,10,4,2026-06-01,22,False,13,138,14,13,True,False,198,0.9,True,True,True,winner,high
facebook,speakx,540653459131632,SpeakX - Learn to Speak English,842899398339565,Video,Hindi,human-only,skit-narrative,human-recorded,speakx-g0005,reworded_replica,replica,2026-05-26,2026-05-26,1,1,2026-05-15,11,False,14,14,14,14,False,True,132,1.0,True,True,False,loser,low
facebook,speakx,540653459131632,SpeakX - Learn to Speak English,1264668848807533,Video,Hindi,human-only,talking-head,human-recorded,speakx-g0220,unique,original,2026-06-11,2026-06-23,9,3,2026-06-05,18,False,14,36,22,14,True,False,198,1.0,True,True,False,winner,high
facebook,speakx,540653459131632,SpeakX - Learn to Speak English,922333753982552,Video,Tamil,ai+human,split-screen,mixed,speakx-g0092,original,original,2026-05-26,2026-05-26,1,1,2026-03-25,62,False,15,15,15,15,False,True,132,1.0,True,True,False,strong_winner,high
facebook,speakx,540653459131632,SpeakX - Learn to Speak English,1011020231314440,Video,Hindi,ai+human,skit-narrative,mixed,speakx-g0143,exact_replica,replica,2026-06-17,2026-06-23,3,2,2026-06-15,8,False,15,195,15,15,True,False,198,0.667,True,True,False,undecided,high
facebook,speakx,540653459131632,SpeakX - Learn to Speak English,1670382757639077,Video,Telugu,ai+human,split-screen,mixed,speakx-g0000,translation_replica,replica,2026-05-26,2026-05-26,1,1,2026-05-07,19,False,16,16,16,16,False,True,132,1.0,True,True,False,winner,high
facebook,speakx,540653459131632,SpeakX - Learn to Speak English,1635365307514500,Video,Hindi,ai+human,skit-narrative,ai-generated,speakx-g0085,original,original,2026-06-04,2026-06-04,1,1,,0,True,16,16,16,16,False,True,170,1.0,True,True,False,loser,low
facebook,speakx,540653459131632,SpeakX - Learn to Speak English,1890571951655444,Video,Malayalam,human-only,skit-narrative,human-recorded,speakx-g0016,exact_replica,replica,2026-06-04,2026-06-17,8,3,2026-06-02,15,False,16,85,22,16,False,True,198,0.875,True,True,False,winner,high
facebook,speakx,540653459131632,SpeakX - Learn to Speak English,2939848399741782,Video,Hindi,ai+human,split-screen,mixed,speakx-g0013,translation_replica,replica,2026-06-17,2026-06-23,3,2,2026-06-15,8,False,16,179,16,16,True,False,198,0.667,True,True,False,undecided,high
facebook,speakx,540653459131632,SpeakX - Learn to Speak English,995718232905948,Video,Telugu,ai+human,pen-and-paper,mixed,speakx-g0028,original,original,2026-05-26,2026-05-26,1,1,2026-05-07,19,False,17,17,17,17,False,True,132,1.0,True,True,False,winner,high
facebook,speakx,540653459131632,SpeakX - Learn to Speak English,2887194411625477,Video,Marathi,human-only,skit-narrative,human-recorded,speakx-g0051,exact_replica,replica,2026-06-04,2026-06-17,8,3,2026-06-01,16,False,17,36,20,17,False,True,198,1.0,True,True,False,winner,high
facebook,speakx,540653459131632,SpeakX - Learn to Speak English,26831805176478505,Video,Kannada,ai+human,skit-narrative,human-recorded,speakx-g0021,original,original,2026-05-26,2026-05-26,1,1,2026-05-21,5,False,18,18,18,18,False,True,132,1.0,True,True,False,loser,low
facebook,speakx,540653459131632,SpeakX - Learn to Speak English,861281100343417,Video,Hindi,human-only,skit-narrative,human-recorded,speakx-g0005,reworded_replica,replica,2026-05-26,2026-06-04,2,2,2026-05-16,19,False,18,41,30,18,False,True,170,0.5,True,True,False,winner,high
facebook,speakx,540653459131632,SpeakX - Learn to Speak English,2205072176896653,Video,Tamil,ai+human,skit-narrative,mixed,speakx-g0194,unique,original,2026-06-04,2026-06-16,7,3,2026-06-01,15,False,18,53,39,18,False,True,188,0.571,True,True,False,winner,high
facebook,speakx,540653459131632,SpeakX - Learn to Speak English,1541795334197554,Video,Malayalam,human-only,skit-narrative,human-recorded,speakx-g0222,unique,original,2026-06-04,2026-06-23,10,4,2026-06-02,21,False,18,114,28,18,True,False,198,0.9,True,True,False,winner,high
facebook,speakx,540653459131632,SpeakX - Learn to Speak English,1668568907754755,Video,Kannada,ai+human,split-screen,mixed,speakx-g0048,original,original,2026-05-26,2026-05-26,1,1,2026-05-21,5,False,19,19,19,19,False,True,132,1.0,True,True,False,loser,low
facebook,speakx,540653459131632,SpeakX - Learn to Speak English,1534214218051412,Video,Hindi,ai+human,skit-narrative,human-recorded,speakx-g0078,exact_replica,replica,2026-06-04,2026-06-04,1,1,,0,True,19,19,19,19,False,True,170,1.0,True,True,False,loser,low
facebook,speakx,540653459131632,SpeakX - Learn to Speak English,1008889414931118,Video,Kannada,ai+human,split-screen,mixed,speakx-g0006,exact_replica,replica,2026-06-04,2026-06-23,10,4,2026-06-01,22,False,19,25,22,24,True,False,198,1.0,True,True,False,winner,high
facebook,speakx,540653459131632,SpeakX - Learn to Speak English,878992604485262,Video,Kannada,ai+human,split-screen,mixed,speakx-g0013,exact_replica,replica,2026-06-04,2026-06-23,10,4,2026-06-01,22,False,19,77,20,19,True,False,198,0.9,True,True,False,winner,high
facebook,speakx,540653459131632,SpeakX - Learn to Speak English,1702346954551106,Video,Hindi,human-only,skit-narrative,human-recorded,speakx-g0181,unique,original,2026-05-26,2026-06-04,2,2,2026-05-24,11,False,20,37,28,20,False,True,170,0.5,True,True,False,loser,low
facebook,speakx,540653459131632,SpeakX - Learn to Speak English,1656371092252840,Video,Telugu,ai+human,pen-and-paper,mixed,speakx-g0088,exact_replica,replica,2026-06-04,2026-06-23,10,4,2026-06-01,22,False,20,143,23,20,True,False,198,0.9,True,True,True,winner,high
facebook,speakx,540653459131632,SpeakX - Learn to Speak English,1029162966150456,Video,Hindi,ai+human,split-screen,mixed,speakx-g0009,translation_replica,replica,2026-06-17,2026-06-23,3,2,2026-06-15,8,False,21,118,21,21,True,False,198,0.667,True,True,False,undecided,high
facebook,speakx,540653459131632,SpeakX - Learn to Speak English,1865042314101385,Video,Hindi,human-only,skit-narrative,human-recorded,speakx-g0185,unique,original,2026-05-26,2026-05-26,1,1,2025-11-27,180,False,22,22,22,22,False,True,132,1.0,True,True,False,strong_winner,high
facebook,speakx,540653459131632,SpeakX - Learn to Speak English,1598629301201879,Video,Hindi,human-only,split-screen,human-recorded,speakx-g0022,original,original,2026-05-26,2026-06-04,2,2,2026-05-15,20,False,22,98,60,22,False,True,170,0.5,True,True,False,winner,high
facebook,speakx,540653459131632,SpeakX - Learn to Speak English,1573736987697228,Video,Kannada,ai+human,skit-narrative,human-recorded,speakx-g0021,exact_replica,replica,2026-06-04,2026-06-23,10,4,2026-06-01,22,False,22,132,26,22,True,False,198,0.9,True,True,True,winner,high
facebook,speakx,540653459131632,SpeakX - Learn to Speak English,1689862095613058,Video,Malayalam,human-only,split-screen,human-recorded,speakx-g0097,original,original,2026-06-04,2026-06-17,8,3,2026-06-02,15,False,22,150,32,23,False,True,198,0.75,True,True,False,winner,high
facebook,speakx,540653459131632,SpeakX - Learn to Speak English,2185353608668047,Video,Hindi,ai+human,skit-narrative,human-recorded,speakx-g0078,original,original,2026-05-26,2026-05-26,1,1,2026-03-17,70,False,23,23,23,23,False,True,132,1.0,True,True,False,strong_winner,high
facebook,speakx,540653459131632,SpeakX - Learn to Speak English,1271227128122015,Video,Kannada,ai+human,split-screen,mixed,speakx-g0048,exact_replica,replica,2026-06-04,2026-06-23,10,4,2026-06-01,22,False,23,30,26,27,True,False,198,1.0,True,True,False,winner,high
facebook,speakx,540653459131632,SpeakX - Learn to Speak English,27039326735676879,Video,Telugu,human-only,split-screen,human-recorded,speakx-g0110,exact_replica,replica,2026-06-11,2026-06-23,9,3,2026-06-04,19,False,23,63,44,23,True,False,198,0.556,True,True,False,winner,high
facebook,speakx,540653459131632,SpeakX - Learn to Speak English,1013212574970448,Video,Hindi,ai+human,skit-narrative,ai-generated,speakx-g0085,reworded_replica,replica,2026-06-12,2026-06-13,2,1,2026-06-10,3,False,23,23,23,23,False,True,188,1.0,True,True,False,loser,low
facebook,speakx,540653459131632,SpeakX - Learn to Speak English,1470861051315043,Video,Telugu,ai+human,split-screen,mixed,speakx-g0070,original,original,2026-05-26,2026-05-26,1,1,2026-03-06,81,False,24,24,24,24,False,True,132,1.0,True,True,False,strong_winner,high
facebook,speakx,540653459131632,SpeakX - Learn to Speak English,1006329295201378,Video,Hindi,human-only,skit-narrative,human-recorded,speakx-g0002,original,original,2026-05-26,2026-06-23,11,5,2026-05-16,38,False,24,48,42,48,True,False,198,0.636,True,True,False,winner,high
facebook,speakx,540653459131632,SpeakX - Learn to Speak English,3391983870966275,Video,Hindi,ai+human,skit-narrative,human-recorded,speakx-g0127,original,original,2026-05-26,2026-05-26,1,1,2026-03-17,70,False,25,25,25,25,False,True,132,1.0,True,True,False,strong_winner,high
facebook,speakx,540653459131632,SpeakX - Learn to Speak English,2295536704309986,Video,Hindi,human-only,skit-narrative,human-recorded,speakx-g0195,unique,original,2026-05-26,2026-06-23,11,5,2026-05-16,38,False,25,61,41,41,True,False,198,0.818,True,True,False,winner,high
facebook,speakx,540653459131632,SpeakX - Learn to Speak English,1631437637912562,Video,Hindi,ai+human,other,mixed,speakx-g0178,unique,original,2026-06-04,2026-06-23,10,4,2026-06-01,22,False,25,69,32,25,True,False,198,0.8,True,True,False,winner,high
facebook,speakx,540653459131632,SpeakX - Learn to Speak English,906995315729188,Video,Kannada,ai+human,split-screen,mixed,speakx-g0013,original,original,2026-05-26,2026-05-26,1,1,2026-05-22,4,False,26,26,26,26,False,True,132,1.0,True,True,False,loser,low
facebook,speakx,540653459131632,SpeakX - Learn to Speak English,2048236592746332,Video,Hindi,ai+human,split-screen,mixed,speakx-g0111,original,original,2026-05-26,2026-06-04,2,2,2026-05-15,20,False,26,81,54,26,False,True,170,0.5,True,True,False,winner,high
facebook,speakx,540653459131632,SpeakX - Learn to Speak English,1681625439656874,Video,Tamil,ai+human,split-screen,mixed,speakx-g0092,exact_replica,replica,2026-06-11,2026-06-23,9,3,2026-06-05,18,False,26,135,34,26,True,False,198,0.667,True,True,False,winner,high
facebook,speakx,540653459131632,SpeakX - Learn to Speak English,3226076084220389,Video,Hindi,human-only,talking-head,human-recorded,speakx-g0200,unique,original,2026-05-26,2026-05-26,1,1,2025-11-27,180,False,27,27,27,27,False,True,132,1.0,True,True,False,strong_winner,high
facebook,speakx,540653459131632,SpeakX - Learn to Speak English,1348762350434051,Video,Hindi,human-only,skit-narrative,human-recorded,speakx-g0060,original,original,2026-05-26,2026-06-04,2,2,2026-05-15,20,False,27,96,62,27,False,True,170,0.5,True,True,False,winner,high
facebook,speakx,540653459131632,SpeakX - Learn to Speak English,928672226847609,Video,Tamil,human-only,skit-narrative,human-recorded,speakx-g0210,unique,original,2026-06-04,2026-06-23,10,4,2026-06-01,22,False,27,167,29,28,True,False,198,0.9,True,True,False,winner,high
facebook,speakx,540653459131632,SpeakX - Learn to Speak English,1281577630753736,Video,Kannada,ai+human,skit-narrative,mixed,speakx-g0007,original,original,2026-05-26,2026-05-26,1,1,2026-05-21,5,False,28,28,28,28,False,True,132,1.0,True,True,False,loser,low
facebook,speakx,540653459131632,SpeakX - Learn to Speak English,1650498256245529,Video,Malayalam,human-only,split-screen,human-recorded,speakx-g0023,exact_replica,replica,2026-06-04,2026-06-17,8,3,2026-06-01,16,False,28,45,36,28,False,True,198,0.875,True,True,False,winner,high
facebook,speakx,540653459131632,SpeakX - Learn to Speak English,1553179199937865,Video,Kannada,ai+human,skit-narrative,mixed,speakx-g0079,exact_replica,replica,2026-06-04,2026-06-23,10,4,2026-06-01,22,False,28,40,34,34,True,False,198,1.0,True,True,False,winner,high
facebook,speakx,540653459131632,SpeakX - Learn to Speak English,1543328573849703,Video,Tamil,ai+human,skit-narrative,mixed,speakx-g0173,unique,original,2026-06-04,2026-06-23,10,4,2026-06-01,22,False,28,148,36,42,True,False,198,0.8,True,True,False,winner,high
facebook,speakx,540653459131632,SpeakX - Learn to Speak English,1467213678402110,Video,Telugu,human-only,talking-head,human-recorded,speakx-g0001,reworded_replica,replica,2026-05-26,2026-05-26,1,1,2026-04-18,38,False,29,29,29,29,False,True,132,1.0,True,True,False,winner,high
facebook,speakx,540653459131632,SpeakX - Learn to Speak English,1718754532619881,Video,Kannada,ai+human,split-screen,mixed,speakx-g0006,reworded_replica,replica,2026-06-04,2026-06-23,10,4,2026-06-02,21,False,29,55,48,50,True,False,198,0.4,True,False,False,winner,high
facebook,speakx,540653459131632,SpeakX - Learn to Speak English,1712870236507784,Video,Kannada,human-only,skit-narrative,human-recorded,speakx-g0003,translation_replica,replica,2026-06-04,2026-06-23,10,4,2026-06-01,22,False,29,108,36,29,True,False,198,0.9,True,True,False,winner,high
facebook,speakx,540653459131632,SpeakX - Learn to Speak English,1382923387003958,Video,Marathi,human-only,skit-narrative,human-recorded,speakx-g0063,original,original,2026-05-26,2026-05-26,1,1,2026-05-19,7,False,30,30,30,30,False,True,132,1.0,True,True,False,loser,low
facebook,speakx,540653459131632,SpeakX - Learn to Speak English,1318836490216975,Video,Hindi,ai+human,skit-narrative,ai-generated,speakx-g0123,original,original,2026-06-04,2026-06-04,1,1,,0,True,30,30,30,30,False,True,170,1.0,True,True,False,loser,low
facebook,speakx,540653459131632,SpeakX - Learn to Speak English,918355924593292,Video,Telugu,ai+human,split-screen,mixed,speakx-g0108,exact_replica,replica,2026-06-04,2026-06-23,10,4,2026-06-01,22,False,30,69,52,30,True,False,198,0.3,True,False,False,winner,high
facebook,speakx,540653459131632,SpeakX - Learn to Speak English,1459744116192629,Video,Kannada,human-only,skit-narrative,human-recorded,speakx-g0000,translation_replica,replica,2026-06-04,2026-06-23,10,4,2026-06-01,22,False,30,59,36,37,True,False,198,0.8,True,True,False,winner,high
facebook,speakx,540653459131632,SpeakX - Learn to Speak English,975392855199734,Video,Tamil,ai+human,skit-narrative,human-recorded,speakx-g0141,original,original,2026-06-04,2026-06-23,10,4,2026-06-01,22,False,31,73,62,69,True,False,198,0.1,True,False,False,winner,high
facebook,speakx,540653459131632,SpeakX - Learn to Speak English,2388442184983530,Video,Kannada,human-only,skit-narrative,human-recorded,speakx-g0263,unique,original,2026-06-13,2026-06-17,5,2,2026-06-11,6,False,31,85,82,31,False,True,198,0.4,True,False,False,loser,low
facebook,speakx,540653459131632,SpeakX - Learn to Speak English,1519722763280163,Video,Tamil,human-only,skit-narrative,human-recorded,speakx-g0244,unique,original,2026-06-17,2026-06-23,3,2,2026-06-15,8,False,31,142,31,31,True,False,198,0.667,True,True,False,undecided,high
facebook,speakx,540653459131632,SpeakX - Learn to Speak English,2677142752658813,Video,English,human-only,talking-head,human-recorded,speakx-g0122,original,original,2026-05-26,2026-05-26,1,1,2026-04-08,48,False,32,32,32,32,False,True,132,1.0,True,True,False,strong_winner,high
facebook,speakx,540653459131632,SpeakX - Learn to Speak English,26968972736117345,Video,Hindi,human-only,skit-narrative,human-recorded,speakx-g0001,translation_replica,replica,2026-06-04,2026-06-04,1,1,,0,True,32,32,32,32,False,True,170,1.0,True,True,False,loser,low
facebook,speakx,540653459131632,SpeakX - Learn to Speak English,975868448384290,Video,Telugu,ai+human,split-screen,mixed,speakx-g0000,translation_replica,replica,2026-06-04,2026-06-23,10,4,2026-06-02,21,False,32,60,43,32,True,False,198,0.8,True,True,False,winner,high
facebook,speakx,540653459131632,SpeakX - Learn to Speak English,1362357932437068,Video,Hindi,ai+human,skit-narrative,mixed,speakx-g0143,original,original,2026-06-12,2026-06-13,2,1,2026-06-10,3,False,32,32,32,32,False,True,188,1.0,True,True,False,loser,low
facebook,speakx,540653459131632,SpeakX - Learn to Speak English,1694023131623811,Video,Hindi,ai+human,split-screen,mixed,speakx-g0098,original,original,2026-05-26,2026-05-26,1,1,2026-04-16,40,False,33,33,33,33,False,True,132,1.0,True,True,False,winner,high
facebook,speakx,540653459131632,SpeakX - Learn to Speak English,1406313074589852,Video,Telugu,human-only,skit-narrative,human-recorded,speakx-g0168,unique,original,2026-06-04,2026-06-23,10,4,2026-06-01,22,False,33,165,48,33,True,False,198,0.2,True,False,True,winner,high
facebook,speakx,540653459131632,SpeakX - Learn to Speak English,26864506773237930,Video,Malayalam,human-only,skit-narrative,human-recorded,speakx-g0016,original,original,2026-05-26,2026-05-26,1,1,2026-04-28,28,False,34,34,34,34,False,True,132,0.0,True,False,False,winner,high
facebook,speakx,540653459131632,SpeakX - Learn to Speak English,1559092795653919,Video,Tamil,human-only,skit-narrative,human-recorded,speakx-g0014,reworded_replica,replica,2026-06-04,2026-06-23,10,4,2026-06-01,22,False,34,128,38,40,True,False,198,0.7,True,True,False,winner,high
facebook,speakx,540653459131632,SpeakX - Learn to Speak English,1983198572319105,Video,Hindi,ai+human,split-screen,mixed,speakx-g0009,translation_replica,replica,2026-06-12,2026-06-13,2,1,2026-06-10,3,False,34,34,34,34,False,True,188,1.0,True,True,False,loser,low
facebook,speakx,540653459131632,SpeakX - Learn to Speak English,1277243397882538,Video,Telugu,ai+human,skit-narrative,human-recorded,speakx-g0156,unique,original,2026-05-26,2026-05-26,1,1,2026-04-23,33,False,35,35,35,35,False,True,132,0.0,True,False,False,winner,high
facebook,speakx,540653459131632,SpeakX - Learn to Speak English,4514909948796940,Video,Telugu,human-only,split-screen,human-recorded,speakx-g0129,exact_replica,replica,2026-06-04,2026-06-04,1,1,,0,True,35,35,35,35,False,True,170,1.0,True,True,False,loser,low
facebook,speakx,540653459131632,SpeakX - Learn to Speak English,1748068816627011,Video,Kannada,ai+human,split-screen,mixed,speakx-g0000,translation_replica,replica,2026-06-04,2026-06-23,10,4,2026-06-01,22,False,35,160,60,35,True,False,198,0.2,True,False,False,winner,high
facebook,speakx,540653459131632,SpeakX - Learn to Speak English,2429663597501268,Video,Hindi,human-only,skit-narrative,human-recorded,speakx-g0002,reworded_replica,replica,2026-05-26,2026-05-26,1,1,2026-05-15,11,False,36,36,36,36,False,True,132,0.0,True,False,False,loser,low
facebook,speakx,540653459131632,SpeakX - Learn to Speak English,878652348591010,Video,Telugu,human-only,talking-head,human-recorded,speakx-g0207,unique,original,2026-06-04,2026-06-23,10,4,2026-06-01,22,False,36,113,84,36,True,False,198,0.2,True,False,False,winner,high
facebook,speakx,540653459131632,SpeakX - Learn to Speak English,1496676271648492,Video,Kannada,human-only,skit-narrative,human-recorded,speakx-g0243,unique,original,2026-06-13,2026-06-17,5,2,2026-06-11,6,False,36,95,90,36,False,True,198,0.4,True,False,False,loser,low
facebook,speakx,540653459131632,SpeakX - Learn to Speak English,1970602930490694,Video,Hindi,ai+human,other,ai-generated,speakx-g0082,exact_replica,replica,2026-06-04,2026-06-04,1,1,,0,True,37,37,37,37,False,True,170,1.0,True,True,False,loser,low
facebook,speakx,540653459131632,SpeakX - Learn to Speak English,1013684581594802,Video,Tamil,human-only,skit-narrative,human-recorded,speakx-g0227,unique,original,2026-06-12,2026-06-14,3,1,2026-06-10,4,False,37,125,117,37,False,True,188,0.333,True,False,False,loser,low
facebook,speakx,540653459131632,SpeakX - Learn to Speak English,1429462188410527,Video,Malayalam,ai+human,split-screen,mixed,speakx-g0040,original,original,2026-05-26,2026-05-26,1,1,2026-04-08,48,False,38,38,38,38,False,True,132,0.0,True,False,False,winner,high
facebook,speakx,540653459131632,SpeakX - Learn to Speak English,2087931068421187,Video,Telugu,ai+human,split-screen,mixed,speakx-g0000,translation_replica,replica,2026-06-04,2026-06-23,10,4,2026-06-01,22,False,38,133,49,54,True,False,198,0.3,True,False,True,winner,high
facebook,speakx,540653459131632,SpeakX - Learn to Speak English,842042471990963,Video,Tamil,human-only,skit-narrative,human-recorded,speakx-g0274,unique,original,2026-06-17,2026-06-23,3,2,2026-06-15,8,False,38,173,38,38,True,False,198,0.333,True,False,False,undecided,high
facebook,speakx,540653459131632,SpeakX - Learn to Speak English,1306098638255345,Video,Kannada,ai+human,split-screen,mixed,speakx-g0006,original,original,2026-05-26,2026-05-26,1,1,2026-05-21,5,False,39,39,39,39,False,True,132,0.0,True,False,False,loser,low
facebook,speakx,540653459131632,SpeakX - Learn to Speak English,1357098709656712,Video,Malayalam,ai+human,split-screen,mixed,speakx-g0062,reworded_replica,replica,2026-06-04,2026-06-23,10,4,2026-06-01,22,False,39,69,60,60,True,False,198,0.1,True,False,False,winner,high
facebook,speakx,540653459131632,SpeakX - Learn to Speak English,37337901365796958,Video,Hindi,human-only,skit-narrative,human-recorded,speakx-g0005,reworded_replica,replica,2026-06-04,2026-06-23,3,2,2026-06-01,22,False,39,103,39,39,True,False,173,0.333,True,False,False,winner,high
facebook,speakx,540653459131632,SpeakX - Learn to Speak English,1883151975705319,Video,Telugu,ai+human,split-screen,mixed,speakx-g0186,unique,original,2026-06-04,2026-06-23,10,4,2026-06-03,20,False,39,161,51,51,True,False,198,0.3,True,False,False,winner,high
facebook,speakx,540653459131632,SpeakX - Learn to Speak English,4453895394857011,Video,Kannada,human-only,skit-narrative,human-recorded,speakx-g0269,unique,original,2026-06-13,2026-06-17,5,2,2026-06-11,6,False,39,78,71,39,False,True,198,0.4,True,False,False,loser,low
facebook,speakx,540653459131632,SpeakX - Learn to Speak English,2165128834325739,Video,Telugu,human-only,skit-narrative,human-recorded,speakx-g0193,unique,original,2026-05-26,2026-05-26,1,1,2026-04-23,33,False,40,40,40,40,False,True,132,0.0,True,False,False,winner,high
facebook,speakx,540653459131632,SpeakX - Learn to Speak English,983216337888875,Video,Hindi,human-only,skit-narrative,human-recorded,speakx-g0152,original,original,2026-06-12,2026-06-13,2,1,2026-06-10,3,False,40,40,40,40,False,True,188,1.0,True,True,False,loser,low
facebook,speakx,540653459131632,SpeakX - Learn to Speak English,1534951244867864,Video,Hindi,human-only,talking-head,human-recorded,speakx-g0172,unique,original,2026-05-26,2026-06-23,11,5,2026-05-24,30,False,41,97,82,91,True,False,198,0.091,True,False,False,winner,high
facebook,speakx,540653459131632,SpeakX - Learn to Speak English,1007530385081900,Video,Tamil,human-only,skit-narrative,human-recorded,speakx-g0032,exact_replica,replica,2026-06-04,2026-06-23,10,4,2026-06-01,22,False,41,88,60,64,True,False,198,0.0,True,False,False,winner,high
facebook,speakx,540653459131632,SpeakX - Learn to Speak English,2442362952880772,Video,Kannada,ai+human,skit-narrative,mixed,speakx-g0079,original,original,2026-05-26,2026-05-26,1,1,2026-05-21,5,False,42,42,42,42,False,True,132,0.0,True,False,False,loser,low
facebook,speakx,540653459131632,SpeakX - Learn to Speak English,820194970971284,Video,English,human-only,talking-head,human-recorded,speakx-g0122,exact_replica,replica,2026-06-04,2026-06-17,8,3,2026-06-01,16,False,42,57,52,54,False,True,198,0.125,True,False,False,winner,high
facebook,speakx,540653459131632,SpeakX - Learn to Speak English,1519137703335884,Video,Tamil,human-only,skit-narrative,human-recorded,speakx-g0049,exact_replica,replica,2026-06-04,2026-06-23,10,4,2026-06-01,22,False,42,143,52,52,True,False,198,0.3,True,False,False,winner,high
facebook,speakx,540653459131632,SpeakX - Learn to Speak English,1312620537668127,Video,Tamil,human-only,skit-narrative,human-recorded,speakx-g0159,unique,original,2026-06-04,2026-06-23,10,4,2026-06-01,22,False,42,151,56,56,True,False,198,0.0,True,False,False,winner,high
facebook,speakx,540653459131632,SpeakX - Learn to Speak English,1033816292419500,Video,Hindi,ai+human,split-screen,mixed,speakx-g0011,exact_replica,replica,2026-06-12,2026-06-23,5,3,2026-06-10,13,False,42,153,44,44,True,False,198,0.6,True,True,False,undecided,high
facebook,speakx,540653459131632,SpeakX - Learn to Speak English,4304356203209733,Video,Malayalam,human-only,skit-narrative,human-recorded,speakx-g0128,exact_replica,replica,2026-06-04,2026-06-23,10,4,2026-06-01,22,False,43,91,78,82,True,False,198,0.1,True,False,False,winner,high
facebook,speakx,540653459131632,SpeakX - Learn to Speak English,1528983802208134,Video,Kannada,ai+human,split-screen,mixed,speakx-g0077,exact_replica,replica,2026-06-04,2026-06-23,10,4,2026-06-01,22,False,43,72,56,43,True,False,198,0.1,True,False,False,winner,high
facebook,speakx,540653459131632,SpeakX - Learn to Speak English,1025990436670236,Video,Kannada,human-only,skit-narrative,human-recorded,speakx-g0230,unique,original,2026-06-13,2026-06-17,5,2,2026-06-11,6,False,43,104,102,43,False,True,198,0.4,True,False,False,loser,low
facebook,speakx,540653459131632,SpeakX - Learn to Speak English,1542208837423364,Video,Hindi,human-only,skit-narrative,human-recorded,speakx-g0001,translation_replica,replica,2026-05-26,2026-05-26,1,1,2026-05-14,12,False,44,44,44,44,False,True,132,0.0,True,False,False,loser,low
facebook,speakx,540653459131632,SpeakX - Learn to Speak English,1385625296768441,Video,Tamil,human-only,talking-head,human-recorded,speakx-g0167,unique,original,2026-06-04,2026-06-23,10,4,2026-06-02,21,False,44,104,92,100,True,False,198,0.0,True,False,False,winner,high
facebook,speakx,540653459131632,SpeakX - Learn to Speak English,986517717608957,Video,Kannada,ai+human,skit-narrative,human-recorded,speakx-g0285,unique,original,2026-06-13,2026-06-17,5,2,2026-06-11,6,False,44,100,98,44,False,True,198,0.2,True,False,False,loser,low
facebook,speakx,540653459131632,SpeakX - Learn to Speak English,1008847321469743,Video,Tamil,human-only,skit-narrative,human-recorded,speakx-g0033,original,original,2026-05-26,2026-05-26,1,1,2026-04-30,26,False,45,45,45,45,False,True,132,0.0,True,False,False,winner,high
facebook,speakx,540653459131632,SpeakX - Learn to Speak English,976542395354747,Video,Hindi,human-only,split-screen,human-recorded,speakx-g0012,exact_replica,replica,2026-06-04,2026-06-23,10,4,2026-06-02,21,False,45,101,90,94,True,False,198,0.0,True,False,False,winner,high
facebook,speakx,540653459131632,SpeakX - Learn to Speak English,824616770475280,Video,Telugu,ai+human,split-screen,mixed,speakx-g0008,exact_replica,replica,2026-06-04,2026-06-23,10,4,2026-06-01,22,False,45,145,56,49,True,False,198,0.0,True,False,False,winner,high
facebook,speakx,540653459131632,SpeakX - Learn to Speak English,1035528505819917,Video,Kannada,human-only,skit-narrative,human-recorded,speakx-g0233,unique,original,2026-06-13,2026-06-17,5,2,2026-06-11,6,False,45,106,104,45,False,True,198,0.2,True,False,False,loser,low
facebook,speakx,540653459131632,SpeakX - Learn to Speak English,4080095702285014,Video,Tamil,human-only,skit-narrative,human-recorded,speakx-g0267,unique,original,2026-06-17,2026-06-23,3,2,2026-06-15,8,False,45,149,45,45,True,False,198,0.0,True,False,False,undecided,high
facebook,speakx,540653459131632,SpeakX - Learn to Speak English,810679145097987,Video,Kannada,ai+human,split-screen,mixed,speakx-g0118,original,original,2026-05-26,2026-05-26,1,1,2026-04-30,26,False,46,46,46,46,False,True,132,0.0,True,False,False,winner,high
facebook,speakx,540653459131632,SpeakX - Learn to Speak English,2205572380178415,Video,Malayalam,human-only,skit-narrative,human-recorded,speakx-g0128,original,original,2026-06-04,2026-06-04,1,1,,0,True,46,46,46,46,False,True,170,0.0,True,False,False,loser,low
facebook,speakx,540653459131632,SpeakX - Learn to Speak English,962644176775840,Video,Tamil,human-only,skit-narrative,human-recorded,speakx-g0281,unique,original,2026-06-17,2026-06-23,3,2,2026-06-15,8,False,46,147,46,46,True,False,198,0.0,True,False,False,undecided,high
facebook,speakx,540653459131632,SpeakX - Learn to Speak English,958273773623414,Video,Malayalam,ai+human,split-screen,mixed,speakx-g0138,original,original,2026-05-26,2026-05-26,1,1,2026-04-08,48,False,47,47,47,47,False,True,132,0.0,True,False,False,winner,high
facebook,speakx,540653459131632,SpeakX - Learn to Speak English,1751381559566795,Video,Hindi,human-only,talking-head,human-recorded,speakx-g0183,unique,original,2026-05-26,2026-06-23,11,5,2026-05-24,30,False,47,86,76,76,True,False,198,0.0,True,False,False,winner,high
facebook,speakx,540653459131632,SpeakX - Learn to Speak English,2055225678395208,Video,Kannada,ai+human,skit-narrative,mixed,speakx-g0188,unique,original,2026-06-04,2026-06-23,10,4,2026-06-01,22,False,47,59,50,59,True,False,198,0.0,True,False,False,winner,high
facebook,speakx,540653459131632,SpeakX - Learn to Speak English,1030329693015754,Video,Telugu,ai+human,split-screen,mixed,speakx-g0013,translation_replica,replica,2026-06-22,2026-06-23,2,1,2026-06-16,7,False,47,47,47,47,True,False,173,0.0,True,False,False,new,high
facebook,speakx,540653459131632,SpeakX - Learn to Speak English,2331531480702586,Video,Malayalam,human-only,skit-narrative,human-recorded,speakx-g0101,original,original,2026-05-26,2026-05-26,1,1,2026-04-30,26,False,48,48,48,48,False,True,132,0.0,True,False,False,winner,high
facebook,speakx,540653459131632,SpeakX - Learn to Speak English,2073537180176297,Video,Telugu,ai+human,talking-head,human-recorded,speakx-g0189,unique,original,2026-06-04,2026-06-23,10,4,2026-06-01,22,False,48,110,102,105,True,False,198,0.0,True,False,False,winner,high
facebook,speakx,540653459131632,SpeakX - Learn to Speak English,1730346694625329,Video,Tamil,ai+human,split-screen,mixed,speakx-g0182,unique,original,2026-06-11,2026-06-23,9,3,2026-06-05,18,False,48,65,60,61,True,False,198,0.0,True,False,False,winner,high
facebook,speakx,540653459131632,SpeakX - Learn to Speak English,1655535008789619,Video,Hindi,human-only,talking-head,human-recorded,speakx-g0087,original,original,2026-05-26,2026-05-26,1,1,2026-04-08,48,False,49,49,49,49,False,True,132,0.0,True,False,False,winner,high
facebook,speakx,540653459131632,SpeakX - Learn to Speak English,1631492917935092,Video,Marathi,ai+human,skit-narrative,human-recorded,speakx-g0083,original,original,2026-05-26,2026-05-26,1,1,2026-05-19,7,False,50,50,50,50,False,True,132,0.0,True,False,False,loser,low
facebook,speakx,540653459131632,SpeakX - Learn to Speak English,1416378913857622,Video,Hindi,ai+human,split-screen,mixed,speakx-g0011,original,original,2026-05-26,2026-06-04,2,2,2026-05-15,20,False,50,109,80,50,False,True,170,0.0,True,False,False,winner,high
facebook,speakx,540653459131632,SpeakX - Learn to Speak English,1000338829196892,Video,Hindi,human-only,skit-narrative,human-recorded,speakx-g0030,original,original,2026-05-26,2026-06-23,11,5,2026-05-16,38,False,50,121,70,70,True,False,198,0.0,True,False,False,winner,high
facebook,speakx,540653459131632,SpeakX - Learn to Speak English,1707722113596111,Video,Malayalam,human-only,talking-head,human-recorded,speakx-g0100,original,original,2026-06-04,2026-06-17,8,3,2026-06-02,15,False,50,174,99,60,False,True,198,0.0,True,False,True,winner,high
facebook,speakx,540653459131632,SpeakX - Learn to Speak English,1263424899236990,Video,Hindi,ai+human,skit-narrative,mixed,speakx-g0155,unique,original,2026-05-26,2026-05-26,1,1,2026-04-23,33,False,51,51,51,51,False,True,132,0.0,True,False,False,winner,high
facebook,speakx,540653459131632,SpeakX - Learn to Speak English,929060776855189,Video,Marathi,ai+human,split-screen,mixed,speakx-g0073,exact_replica,replica,2026-06-04,2026-06-17,8,3,2026-06-02,15,False,51,83,74,70,False,True,198,0.0,True,False,False,winner,high
facebook,speakx,540653459131632,SpeakX - Learn to Speak English,998550299423313,Video,Hindi,human-only,skit-narrative,human-recorded,speakx-g0151,original,original,2026-06-12,2026-06-13,2,1,2026-06-10,3,False,51,51,51,51,False,True,188,0.0,True,False,False,loser,low
facebook,speakx,540653459131632,SpeakX - Learn to Speak English,813412201592967,Video,Kannada,human-only,split-screen,human-recorded,speakx-g0010,reworded_replica,replica,2026-05-26,2026-05-26,1,1,2026-05-21,5,False,52,52,52,52,False,True,132,0.0,True,False,False,loser,low
facebook,speakx,540653459131632,SpeakX - Learn to Speak English,2053832001834030,Video,Hindi,ai-avatar-only,skit-narrative,ai-generated,speakx-g0187,unique,original,2026-05-26,2026-06-23,11,5,2026-05-16,38,False,52,93,82,85,True,False,198,0.0,True,False,False,winner,high
facebook,speakx,540653459131632,SpeakX - Learn to Speak English,874484212365190,Video,Hindi,ai+human,skit-narrative,human-recorded,speakx-g0059,reworded_replica,replica,2026-06-12,2026-06-23,8,3,2026-06-10,13,False,52,65,56,58,True,False,198,0.0,True,False,False,undecided,high
facebook,speakx,540653459131632,SpeakX - Learn to Speak English,1674695527105346,Video,Tamil,human-only,skit-narrative,human-recorded,speakx-g0032,original,original,2026-05-26,2026-05-26,1,1,2026-04-30,26,False,53,53,53,53,False,True,132,0.0,True,False,False,winner,high
facebook,speakx,540653459131632,SpeakX - Learn to Speak English,1355959489761084,Video,Telugu,human-only,talking-head,human-recorded,speakx-g0061,exact_replica,replica,2026-06-04,2026-06-17,8,3,2026-06-01,16,False,53,75,68,53,False,True,198,0.0,True,False,False,winner,high
facebook,speakx,540653459131632,SpeakX - Learn to Speak English,1811089719867101,Video,Telugu,human-only,skit-narrative,human-recorded,speakx-g0253,unique,original,2026-06-22,2026-06-23,2,1,2026-06-16,7,False,53,53,53,53,True,False,173,0.0,True,False,False,new,high
facebook,speakx,540653459131632,SpeakX - Learn to Speak English,1666733754369589,Video,Kannada,human-only,skit-narrative,human-recorded,speakx-g0089,original,original,2026-05-26,2026-05-26,1,1,2026-04-30,26,False,54,54,54,54,False,True,132,0.0,True,False,False,winner,high
facebook,speakx,540653459131632,SpeakX - Learn to Speak English,26440235635678026,Video,Hindi,ai+human,split-screen,mixed,speakx-g0121,original,original,2026-05-26,2026-06-04,2,2,2026-05-15,20,False,54,87,70,54,False,True,170,0.0,True,False,False,winner,high
facebook,speakx,540653459131632,SpeakX - Learn to Speak English,1387399283411233,Video,Kannada,human-only,split-screen,human-recorded,speakx-g0010,reworded_replica,replica,2026-06-04,2026-06-23,10,4,2026-06-01,22,False,54,164,72,72,True,False,198,0.0,True,False,True,winner,high
facebook,speakx,540653459131632,SpeakX - Learn to Speak English,940578045564403,Video,Hindi,human-only,skit-narrative,human-recorded,speakx-g0076,original,original,2026-05-26,2026-05-26,1,1,2026-04-16,40,False,55,55,55,55,False,True,132,0.0,True,False,False,winner,high
facebook,speakx,540653459131632,SpeakX - Learn to Speak English,1455497906349902,Video,Malayalam,ai+human,split-screen,mixed,speakx-g0017,exact_replica,replica,2026-06-04,2026-06-17,8,3,2026-06-01,16,False,55,86,78,55,False,True,198,0.0,True,False,False,winner,high
facebook,speakx,540653459131632,SpeakX - Learn to Speak English,2215935059244884,Video,Telugu,human-only,talking-head,human-recorded,speakx-g0091,exact_replica,replica,2026-06-04,2026-06-23,10,4,2026-06-01,22,False,55,109,87,55,True,False,198,0.0,True,False,False,winner,high
facebook,speakx,540653459131632,SpeakX - Learn to Speak English,1293999789370021,Video,Marathi,human-only,skit-narrative,human-recorded,speakx-g0051,original,original,2026-05-26,2026-05-26,1,1,2026-05-19,7,False,56,56,56,56,False,True,132,0.0,True,False,False,loser,low
facebook,speakx,540653459131632,SpeakX - Learn to Speak English,969146279157123,Video,Hindi,human-only,skit-narrative,human-recorded,speakx-g0215,unique,original,2026-05-26,2026-06-04,2,2,2026-05-16,19,False,56,88,72,56,False,True,170,0.0,True,False,False,winner,high
facebook,speakx,540653459131632,SpeakX - Learn to Speak English,802134739188636,Video,Malayalam,ai+human,split-screen,mixed,speakx-g0062,original,original,2026-05-26,2026-05-26,1,1,2026-04-08,48,False,57,57,57,57,False,True,132,0.0,True,False,False,winner,high
facebook,speakx,540653459131632,SpeakX - Learn to Speak English,3028455167350044,Video,Hindi,human-only,skit-narrative,human-recorded,speakx-g0005,original,original,2026-05-26,2026-06-23,11,5,2026-05-16,38,False,57,115,108,115,True,False,198,0.0,True,False,False,winner,high
facebook,speakx,540653459131632,SpeakX - Learn to Speak English,3689448171208985,Video,Telugu,human-only,split-screen,human-recorded,speakx-g0023,translation_replica,replica,2026-06-04,2026-06-23,10,4,2026-06-01,22,False,57,136,84,57,True,False,198,0.0,True,False,True,winner,high
facebook,speakx,540653459131632,SpeakX - Learn to Speak English,4322078088052764,Video,Hindi,ai+human,skit-narrative,human-recorded,speakx-g0127,exact_replica,replica,2026-06-04,2026-06-17,8,3,2026-06-02,15,False,58,119,111,116,False,True,198,0.0,True,False,False,winner,high
facebook,speakx,540653459131632,SpeakX - Learn to Speak English,2445266529284122,Video,Kannada,ai+human,skit-narrative,mixed,speakx-g0007,reworded_replica,replica,2026-06-04,2026-06-23,10,4,2026-06-01,22,False,58,135,62,63,True,False,198,0.0,True,False,True,winner,high
facebook,speakx,540653459131632,SpeakX - Learn to Speak English,2047136142819030,Video,Malayalam,human-only,skit-narrative,human-recorded,speakx-g0025,original,original,2026-05-26,2026-05-26,1,1,2026-04-28,28,False,59,59,59,59,False,True,132,0.0,True,False,False,winner,high
facebook,speakx,540653459131632,SpeakX - Learn to Speak English,2253803472091205,Video,Hindi,human-only,skit-narrative,human-recorded,speakx-g0147,original,original,2026-06-12,2026-06-13,2,1,2026-06-10,3,False,60,60,60,60,False,True,188,0.0,True,False,False,loser,low
facebook,speakx,540653459131632,SpeakX - Learn to Speak English,1316777246578170,Video,Malayalam,ai+human,split-screen,mixed,speakx-g0056,original,original,2026-06-04,2026-06-23,10,4,2026-06-01,22,False,61,119,110,95,True,False,198,0.0,True,False,False,winner,high
facebook,speakx,540653459131632,SpeakX - Learn to Speak English,27149779458007487,Video,Tamil,ai+human,skit-narrative,human-recorded,speakx-g0014,character_variant,replica,2026-06-12,2026-06-16,5,2,2026-06-10,6,False,61,77,64,77,False,True,188,0.0,True,False,False,loser,low
facebook,speakx,540653459131632,SpeakX - Learn to Speak English,2235801616953885,Video,Telugu,human-only,talking-head,human-recorded,speakx-g0061,original,original,2026-05-26,2026-05-26,1,1,2026-04-23,33,False,62,62,62,62,False,True,132,0.0,True,False,False,winner,high
facebook,speakx,540653459131632,SpeakX - Learn to Speak English,1314381756861108,Video,Malayalam,human-only,split-screen,human-recorded,speakx-g0160,unique,original,2026-06-04,2026-06-23,10,4,2026-06-03,20,False,62,121,116,117,True,False,198,0.0,True,False,False,winner,high
facebook,speakx,540653459131632,SpeakX - Learn to Speak English,2640130723049758,Video,Tamil,human-only,skit-narrative,human-recorded,speakx-g0288,unique,original,2026-06-12,2026-06-23,8,3,2026-06-10,13,False,62,72,65,62,True,False,198,0.0,True,False,False,undecided,high
facebook,speakx,540653459131632,SpeakX - Learn to Speak English,1816385469321451,Video,Hindi,ai+human,skit-narrative,human-recorded,speakx-g0184,unique,original,2026-05-26,2026-05-26,1,1,2026-04-23,33,False,63,63,63,63,False,True,132,0.0,True,False,False,winner,high
facebook,speakx,540653459131632,SpeakX - Learn to Speak English,1317357846423381,Video,Malayalam,human-only,skit-narrative,human-recorded,speakx-g0016,exact_replica,replica,2026-06-04,2026-06-23,10,4,2026-06-01,22,False,63,109,96,93,True,False,198,0.0,True,False,False,winner,high
facebook,speakx,540653459131632,SpeakX - Learn to Speak English,965390732957236,Video,Marathi,human-only,skit-narrative,human-recorded,speakx-g0131,original,original,2026-05-26,2026-05-26,1,1,2026-05-19,7,False,64,64,64,64,False,True,132,0.0,True,False,False,loser,low
facebook,speakx,540653459131632,SpeakX - Learn to Speak English,4511383839140943,Video,Marathi,human-only,skit-narrative,human-recorded,speakx-g0131,exact_replica,replica,2026-06-04,2026-06-17,8,3,2026-06-01,16,False,64,107,103,103,False,True,198,0.0,True,False,False,winner,high
facebook,speakx,540653459131632,SpeakX - Learn to Speak English,2027539371487379,Video,Telugu,ai+human,split-screen,mixed,speakx-g0095,exact_replica,replica,2026-06-04,2026-06-23,10,4,2026-06-01,22,False,64,122,70,66,True,False,198,0.0,True,False,False,winner,high
facebook,speakx,540653459131632,SpeakX - Learn to Speak English,1482004609604227,Video,Kannada,human-only,split-screen,human-recorded,speakx-g0010,original,original,2026-05-26,2026-05-26,1,1,2026-05-21,5,False,65,65,65,65,False,True,132,0.0,True,False,False,loser,low
facebook,speakx,540653459131632,SpeakX - Learn to Speak English,1662266588372476,Video,Malayalam,ai+human,split-screen,mixed,speakx-g0056,exact_replica,replica,2026-06-04,2026-06-04,1,1,,0,True,65,65,65,65,False,True,170,0.0,True,False,False,loser,low
facebook,speakx,540653459131632,SpeakX - Learn to Speak English,1305210145123671,Video,Hindi,ai+human,split-screen,mixed,speakx-g0038,exact_replica,replica,2026-06-13,2026-06-23,7,3,2026-06-10,13,False,65,73,67,65,True,False,198,0.0,True,False,False,undecided,high
facebook,speakx,540653459131632,SpeakX - Learn to Speak English,822646964213690,Video,Malayalam,ai+human,split-screen,mixed,speakx-g0018,original,original,2026-05-26,2026-05-26,1,1,2026-04-09,47,False,66,66,66,66,False,True,132,0.0,True,False,False,winner,high
facebook,speakx,540653459131632,SpeakX - Learn to Speak English,1685482815926044,Video,Marathi,human-only,talking-head,human-recorded,speakx-g0094,original,original,2026-05-26,2026-05-26,1,1,2026-05-19,7,False,67,67,67,67,False,True,132,0.0,True,False,False,loser,low
facebook,speakx,540653459131632,SpeakX - Learn to Speak English,1043103124812012,Video,Marathi,human-only,skit-narrative,human-recorded,speakx-g0041,exact_replica,replica,2026-06-04,2026-06-17,8,3,2026-06-01,16,False,67,91,84,75,False,True,198,0.0,True,False,False,winner,high
facebook,speakx,540653459131632,SpeakX - Learn to Speak English,2333949223804215,Video,Tamil,human-only,skit-narrative,human-recorded,speakx-g0262,unique,original,2026-06-17,2026-06-23,3,2,2026-06-15,8,False,67,161,67,67,True,False,198,0.0,True,False,False,undecided,high
facebook,speakx,540653459131632,SpeakX - Learn to Speak English,1282823553919831,Video,Marathi,human-only,skit-narrative,human-recorded,speakx-g0050,original,original,2026-05-26,2026-05-26,1,1,2026-05-12,14,False,68,68,68,68,False,True,132,0.0,True,False,False,loser,low
facebook,speakx,540653459131632,SpeakX - Learn to Speak English,4432264630363822,Video,Malayalam,ai+human,split-screen,mixed,speakx-g0018,exact_replica,replica,2026-06-04,2026-06-17,8,3,2026-06-01,16,False,68,96,85,93,False,True,198,0.0,True,False,False,winner,high
facebook,speakx,540653459131632,SpeakX - Learn to Speak English,2050501535881254,Video,Malayalam,ai+human,split-screen,mixed,speakx-g0138,exact_replica,replica,2026-06-04,2026-06-17,8,3,2026-06-01,16,False,68,107,76,81,False,True,198,0.0,True,False,False,winner,high
facebook,speakx,540653459131632,SpeakX - Learn to Speak English,1496154588035776,Video,Malayalam,ai+human,split-screen,mixed,speakx-g0018,exact_replica,replica,2026-06-04,2026-06-17,8,3,2026-06-02,15,False,68,146,88,91,False,True,198,0.0,True,False,True,winner,high
facebook,speakx,540653459131632,SpeakX - Learn to Speak English,1963315200982929,Video,Malayalam,human-only,skit-narrative,human-recorded,speakx-g0254,unique,original,2026-06-17,2026-06-23,3,2,2026-06-15,8,False,68,185,68,68,True,False,198,0.0,True,False,False,undecided,high
facebook,speakx,540653459131632,SpeakX - Learn to Speak English,1446240430854536,Video,Telugu,human-only,skit-narrative,human-recorded,speakx-g0066,original,original,2026-05-26,2026-05-26,1,1,2026-04-01,55,False,69,69,69,69,False,True,132,0.0,True,False,False,winner,high
facebook,speakx,540653459131632,SpeakX - Learn to Speak English,4495689713987746,Video,Tamil,ai+human,split-screen,mixed,speakx-g0204,unique,original,2026-06-04,2026-06-13,4,2,2026-06-01,12,False,69,131,74,74,False,True,188,0.0,True,False,False,loser,low
facebook,speakx,540653459131632,SpeakX - Learn to Speak English,767446326457622,Video,Kannada,human-only,skit-narrative,human-recorded,speakx-g0272,unique,original,2026-06-13,2026-06-17,5,2,2026-06-11,6,False,69,106,101,69,False,True,198,0.0,True,False,False,loser,low
facebook,speakx,540653459131632,SpeakX - Learn to Speak English,1527222942372722,Video,Hindi,human-only,skit-narrative,human-recorded,speakx-g0076,reworded_replica,replica,2026-06-04,2026-06-17,8,3,2026-06-02,15,False,70,135,124,134,False,True,198,0.0,True,False,False,winner,high
facebook,speakx,540653459131632,SpeakX - Learn to Speak English,2011866696882033,Video,Hindi,ai+human,split-screen,mixed,speakx-g0098,exact_replica,replica,2026-06-04,2026-06-17,8,3,2026-06-01,16,False,70,81,76,76,False,True,198,0.0,True,False,False,winner,high
facebook,speakx,540653459131632,SpeakX - Learn to Speak English,1451452453663844,Video,Malayalam,human-only,skit-narrative,human-recorded,speakx-g0068,exact_replica,replica,2026-06-11,2026-06-17,7,2,2026-06-03,14,False,70,90,84,73,False,True,198,0.0,True,False,False,loser,low
facebook,speakx,540653459131632,SpeakX - Learn to Speak English,2191004834982270,Video,Marathi,human-only,skit-narrative,human-recorded,speakx-g0041,original,original,2026-05-26,2026-05-26,1,1,2026-05-19,7,False,71,71,71,71,False,True,132,0.0,True,False,False,loser,low
facebook,speakx,540653459131632,SpeakX - Learn to Speak English,993366446988196,Video,Malayalam,ai+human,talking-head,mixed,speakx-g0216,unique,original,2026-06-04,2026-06-23,10,4,2026-06-02,21,False,71,130,120,122,True,False,198,0.0,True,False,False,winner,high
facebook,speakx,540653459131632,SpeakX - Learn to Speak English,2177042646483754,Video,Malayalam,human-only,skit-narrative,human-recorded,speakx-g0004,translation_replica,replica,2026-06-04,2026-06-23,10,4,2026-06-01,22,False,71,170,98,71,True,False,198,0.0,True,False,True,winner,high
facebook,speakx,540653459131632,SpeakX - Learn to Speak English,35711967805116200,Video,Hindi,human-only,skit-narrative,human-recorded,speakx-g0001,translation_replica,replica,2026-05-26,2026-05-26,1,1,2026-05-15,11,False,72,72,72,72,False,True,132,0.0,True,False,False,loser,low
facebook,speakx,540653459131632,SpeakX - Learn to Speak English,942092611562781,Video,Malayalam,ai+human,split-screen,mixed,speakx-g0017,original,original,2026-05-26,2026-05-26,1,1,2026-04-09,47,False,73,73,73,73,False,True,132,0.0,True,False,False,winner,high
facebook,speakx,540653459131632,SpeakX - Learn to Speak English,1026640269709018,Video,Hindi,human-only,skit-narrative,human-recorded,speakx-g0039,original,original,2026-05-26,2026-06-04,2,2,2026-05-15,20,False,73,111,92,73,False,True,170,0.0,True,False,False,winner,high
facebook,speakx,540653459131632,SpeakX - Learn to Speak English,1529478111859234,Video,Hindi,ai+human,split-screen,mixed,speakx-g0136,exact_replica,replica,2026-06-12,2026-06-23,8,3,2026-06-10,13,False,73,154,137,73,True,False,198,0.0,True,False,False,undecided,high
facebook,speakx,540653459131632,SpeakX - Learn to Speak English,1685505725983692,Video,Kannada,ai+human,skit-narrative,mixed,speakx-g0007,reworded_replica,replica,2026-05-26,2026-05-26,1,1,2026-05-21,5,False,74,74,74,74,False,True,132,0.0,True,False,False,loser,low
facebook,speakx,540653459131632,SpeakX - Learn to Speak English,794762543589793,Video,Telugu,human-only,skit-narrative,human-recorded,speakx-g0066,exact_replica,replica,2026-06-04,2026-06-17,8,3,2026-06-01,16,False,74,141,131,141,False,True,198,0.0,True,False,False,winner,high
facebook,speakx,540653459131632,SpeakX - Learn to Speak English,1665305344789047,Video,Telugu,human-only,skit-narrative,human-recorded,speakx-g0003,reworded_replica,replica,2026-06-04,2026-06-23,10,4,2026-06-01,22,False,74,146,112,74,True,False,198,0.0,True,False,False,winner,high
facebook,speakx,540653459131632,SpeakX - Learn to Speak English,2528750337543867,Video,Telugu,ai+human,pen-and-paper,mixed,speakx-g0088,original,original,2026-05-26,2026-05-26,1,1,2026-05-07,19,False,75,75,75,75,False,True,132,0.0,True,False,False,winner,high
facebook,speakx,540653459131632,SpeakX - Learn to Speak English,1566808484881295,Video,Hindi,ai+human,split-screen,mixed,speakx-g0011,exact_replica,replica,2026-06-04,2026-06-04,1,1,,0,True,75,75,75,75,False,True,170,0.0,True,False,False,loser,low
facebook,speakx,540653459131632,SpeakX - Learn to Speak English,1027447753065197,Video,Malayalam,ai+human,split-screen,mixed,speakx-g0040,exact_replica,replica,2026-06-04,2026-06-23,10,4,2026-06-01,22,False,75,99,94,96,True,False,198,0.0,True,False,False,winner,high
facebook,speakx,540653459131632,SpeakX - Learn to Speak English,4601170513445450,Video,Hindi,human-only,skit-narrative,human-recorded,speakx-g0150,original,original,2026-06-12,2026-06-13,2,1,2026-06-10,3,False,75,76,76,76,False,True,188,0.0,True,False,False,loser,low
facebook,speakx,540653459131632,SpeakX - Learn to Speak English,1308818070876182,Video,Hindi,human-only,split-screen,human-recorded,speakx-g0022,reworded_replica,replica,2026-06-12,2026-06-16,5,2,2026-06-10,6,False,75,112,90,90,False,True,188,0.0,True,False,False,loser,low
facebook,speakx,540653459131632,SpeakX - Learn to Speak English,2218610062223953,Video,Malayalam,human-only,skit-narrative,mixed,speakx-g0259,unique,original,2026-06-17,2026-06-23,3,2,2026-06-15,8,False,75,177,75,75,True,False,198,0.0,True,False,False,undecided,high
facebook,speakx,540653459131632,SpeakX - Learn to Speak English,1301259608777420,Video,Marathi,human-only,skit-narrative,human-recorded,speakx-g0052,original,original,2026-05-26,2026-05-26,1,1,2026-05-12,14,False,76,76,76,76,False,True,132,0.0,True,False,False,loser,low
facebook,speakx,540653459131632,SpeakX - Learn to Speak English,2033981820847254,Video,Telugu,human-only,split-screen,human-recorded,speakx-g0110,original,original,2026-05-26,2026-05-26,1,1,2026-05-07,19,False,77,77,77,77,False,True,132,0.0,True,False,False,winner,high
facebook,speakx,540653459131632,SpeakX - Learn to Speak English,965991376247034,Video,Malayalam,human-only,skit-narrative,human-recorded,speakx-g0025,exact_replica,replica,2026-06-04,2026-06-17,8,3,2026-06-02,15,False,77,92,88,87,False,True,198,0.0,True,False,False,winner,high
facebook,speakx,540653459131632,SpeakX - Learn to Speak English,971854005467557,Video,Tamil,human-only,skit-narrative,human-recorded,speakx-g0282,unique,original,2026-06-12,2026-06-23,8,3,2026-06-10,13,False,77,194,168,77,True,False,198,0.0,True,False,False,undecided,high
facebook,speakx,540653459131632,SpeakX - Learn to Speak English,958926196946861,Video,Kannada,ai+human,split-screen,mixed,speakx-g0145,original,original,2026-05-26,2026-05-26,1,1,2026-05-22,4,False,78,78,78,78,False,True,132,0.0,True,False,False,loser,low
facebook,speakx,540653459131632,SpeakX - Learn to Speak English,997704165962187,Video,Marathi,human-only,skit-narrative,human-recorded,speakx-g0119,exact_replica,replica,2026-06-04,2026-06-17,8,3,2026-06-01,16,False,78,101,98,97,False,True,198,0.0,True,False,False,winner,high
facebook,speakx,540653459131632,SpeakX - Learn to Speak English,1537332977762360,Video,Tamil,human-only,skit-narrative,human-recorded,speakx-g0069,exact_replica,replica,2026-06-04,2026-06-23,10,4,2026-06-01,22,False,78,150,126,78,True,False,198,0.0,True,False,False,winner,high
facebook,speakx,540653459131632,SpeakX - Learn to Speak English,2180793392740960,Video,Telugu,ai+human,split-screen,mixed,speakx-g0114,exact_replica,replica,2026-06-04,2026-06-23,10,4,2026-06-01,22,False,78,161,100,104,True,False,198,0.0,True,False,False,winner,high
facebook,speakx,540653459131632,SpeakX - Learn to Speak English,1476659844143221,Video,Kannada,human-only,talking-head,human-recorded,speakx-g0036,original,original,2026-05-26,2026-05-26,1,1,2026-04-30,26,False,79,79,79,79,False,True,132,0.0,True,False,False,winner,high
facebook,speakx,540653459131632,SpeakX - Learn to Speak English,1005340095418175,Video,Tamil,human-only,skit-narrative,human-recorded,speakx-g0033,exact_replica,replica,2026-06-04,2026-06-23,10,4,2026-06-01,22,False,79,105,96,81,True,False,198,0.0,True,False,False,winner,high
facebook,speakx,540653459131632,SpeakX - Learn to Speak English,1030440172717015,Video,Kannada,ai+human,split-screen,mixed,speakx-g0145,exact_replica,replica,2026-06-04,2026-06-23,10,4,2026-06-01,22,False,79,152,132,79,True,False,198,0.0,True,False,True,winner,high
facebook,speakx,540653459131632,SpeakX - Learn to Speak English,1682994332739683,Video,Kannada,ai+human,split-screen,mixed,speakx-g0093,original,original,2026-05-26,2026-05-26,1,1,2026-04-30,26,False,80,80,80,80,False,True,132,0.0,True,False,False,winner,high
facebook,speakx,540653459131632,SpeakX - Learn to Speak English,1015528570998771,Video,Tamil,human-only,skit-narrative,human-recorded,speakx-g0014,original,original,2026-06-04,2026-06-23,10,4,2026-06-01,22,False,80,122,114,108,True,False,198,0.0,True,False,False,winner,high
facebook,speakx,540653459131632,SpeakX - Learn to Speak English,36389016304045469,Video,Telugu,ai+human,split-screen,mixed,speakx-g0113,exact_replica,replica,2026-06-04,2026-06-23,10,4,2026-06-03,20,False,80,181,164,80,True,False,198,0.0,True,False,True,winner,high
facebook,speakx,540653459131632,SpeakX - Learn to Speak English,983503630938689,Video,Tamil,ai+human,skit-narrative,human-recorded,speakx-g0141,reworded_replica,replica,2026-06-04,2026-06-23,10,4,2026-06-01,22,False,80,168,94,83,True,False,198,0.0,True,False,False,winner,high
facebook,speakx,540653459131632,SpeakX - Learn to Speak English,1561713398936768,Video,Hindi,human-only,skit-narrative,human-recorded,speakx-g0030,reworded_replica,replica,2026-05-26,2026-06-23,11,5,2026-05-16,38,False,81,121,112,103,True,False,198,0.0,True,False,False,winner,high
facebook,speakx,540653459131632,SpeakX - Learn to Speak English,1294983332740325,Video,Hindi,human-only,skit-narrative,human-recorded,speakx-g0158,unique,original,2026-05-26,2026-06-04,2,2,2026-05-16,19,False,82,115,98,82,False,True,170,0.0,True,False,False,winner,high
facebook,speakx,540653459131632,SpeakX - Learn to Speak English,812647415013944,Video,Telugu,human-only,skit-narrative,human-recorded,speakx-g0004,original,original,2026-05-26,2026-05-26,1,1,2026-05-21,5,False,83,83,83,83,False,True,132,0.0,True,False,False,loser,low
facebook,speakx,540653459131632,SpeakX - Learn to Speak English,1025052986513701,Video,Hindi,ai+human,split-screen,mixed,speakx-g0038,original,original,2026-05-26,2026-06-04,2,2,2026-05-15,20,False,83,114,98,83,False,True,170,0.0,True,False,False,winner,high
facebook,speakx,540653459131632,SpeakX - Learn to Speak English,2405709006591713,Video,Marathi,human-only,skit-narrative,human-recorded,speakx-g0119,original,original,2026-05-26,2026-05-26,1,1,2026-05-19,7,False,84,84,84,84,False,True,132,0.0,True,False,False,loser,low
facebook,speakx,540653459131632,SpeakX - Learn to Speak English,1529888078840502,Video,Hindi,human-only,skit-narrative,human-recorded,speakx-g0002,reworded_replica,replica,2026-06-04,2026-06-23,3,2,2026-06-01,22,False,84,134,84,84,True,False,173,0.0,True,False,False,winner,high
facebook,speakx,540653459131632,SpeakX - Learn to Speak English,1480436776901571,Video,Marathi,ai+human,split-screen,mixed,speakx-g0073,original,original,2026-05-26,2026-05-26,1,1,2026-05-19,7,False,85,85,85,85,False,True,132,0.0,True,False,False,loser,low
facebook,speakx,540653459131632,SpeakX - Learn to Speak English,1018113810666965,Video,Tamil,human-only,skit-narrative,human-recorded,speakx-g0228,unique,original,2026-06-12,2026-06-17,6,2,2026-06-10,7,False,85,188,176,85,False,True,198,0.0,True,False,True,loser,low
facebook,speakx,540653459131632,SpeakX - Learn to Speak English,970516062537557,Video,Kannada,ai+human,skit-narrative,mixed,speakx-g0140,original,original,2026-05-26,2026-05-26,1,1,2026-05-21,5,False,86,86,86,86,False,True,132,0.0,True,False,False,loser,low
facebook,speakx,540653459131632,SpeakX - Learn to Speak English,880180717685885,Video,Malayalam,human-only,talking-head,human-recorded,speakx-g0208,unique,original,2026-06-04,2026-06-23,10,4,2026-06-02,21,False,86,140,128,128,True,False,198,0.0,True,False,False,winner,high
facebook,speakx,540653459131632,SpeakX - Learn to Speak English,1019027777130898,Video,Kannada,human-only,talking-head,human-recorded,speakx-g0036,reworded_replica,replica,2026-06-04,2026-06-23,10,4,2026-06-01,22,False,86,124,116,86,True,False,198,0.0,True,False,False,winner,high
facebook,speakx,540653459131632,SpeakX - Learn to Speak English,3987052924921931,Video,Hindi,human-only,talking-head,human-recorded,speakx-g0087,exact_replica,replica,2026-06-04,2026-06-17,8,3,2026-06-02,15,False,86,145,112,86,False,True,198,0.0,True,False,True,winner,high
facebook,speakx,540653459131632,SpeakX - Learn to Speak English,2312156932524239,Video,Tamil,human-only,skit-narrative,human-recorded,speakx-g0261,unique,original,2026-06-12,2026-06-23,8,3,2026-06-10,13,False,87,108,98,87,True,False,198,0.0,True,False,False,undecided,high
facebook,speakx,540653459131632,SpeakX - Learn to Speak English,2852148961823035,Video,Telugu,human-only,skit-narrative,human-recorded,speakx-g0003,exact_replica,replica,2026-06-04,2026-06-23,10,4,2026-06-01,22,False,88,159,142,88,True,False,198,0.0,True,False,True,winner,high
facebook,speakx,540653459131632,SpeakX - Learn to Speak English,983234034190027,Video,Marathi,human-only,skit-narrative,human-recorded,speakx-g0142,original,original,2026-05-26,2026-05-26,1,1,2026-05-12,14,False,89,89,89,89,False,True,132,0.0,True,False,False,loser,low
facebook,speakx,540653459131632,SpeakX - Learn to Speak English,1724422962333351,Video,Malayalam,human-only,split-screen,human-recorded,speakx-g0097,exact_replica,replica,2026-06-04,2026-06-23,10,4,2026-06-02,21,False,89,162,142,141,True,False,198,0.0,True,False,False,winner,high
facebook,speakx,540653459131632,SpeakX - Learn to Speak English,2875471912820841,Video,Hindi,human-only,skit-narrative,human-recorded,speakx-g0060,reworded_replica,replica,2026-06-12,2026-06-23,8,3,2026-06-10,13,False,89,164,146,89,True,False,198,0.0,True,False,False,undecided,high
facebook,speakx,540653459131632,SpeakX - Learn to Speak English,2004608190130920,Video,Telugu,ai+human,split-screen,mixed,speakx-g0108,original,original,2026-05-26,2026-05-26,1,1,2026-05-07,19,False,90,90,90,90,False,True,132,0.0,True,False,False,winner,high
facebook,speakx,540653459131632,SpeakX - Learn to Speak English,1359996982637929,Video,Malayalam,human-only,skit-narrative,human-recorded,speakx-g0164,unique,original,2026-06-04,2026-06-23,10,4,2026-06-01,22,False,90,170,146,144,True,False,198,0.0,True,False,False,winner,high
facebook,speakx,540653459131632,SpeakX - Learn to Speak English,940203322383049,Video,Hindi,ai+human,split-screen,mixed,speakx-g0121,exact_replica,replica,2026-06-12,2026-06-23,8,3,2026-06-10,13,False,90,162,152,90,True,False,198,0.0,True,False,False,undecided,high
facebook,speakx,540653459131632,SpeakX - Learn to Speak English,1468615711427185,Video,Tamil,human-only,skit-narrative,human-recorded,speakx-g0069,original,original,2026-05-26,2026-05-26,1,1,2026-04-30,26,False,91,91,91,91,False,True,132,0.0,True,False,False,winner,high
facebook,speakx,540653459131632,SpeakX - Learn to Speak English,1361766756008318,Video,Malayalam,ai+human,split-screen,mixed,speakx-g0017,exact_replica,replica,2026-06-04,2026-06-17,8,3,2026-06-03,14,False,91,163,110,113,False,True,198,0.0,True,False,True,loser,low
facebook,speakx,540653459131632,SpeakX - Learn to Speak English,984918357242547,Video,Telugu,human-only,skit-narrative,human-recorded,speakx-g0003,reworded_replica,replica,2026-05-26,2026-05-26,1,1,2026-05-07,19,False,92,92,92,92,False,True,132,0.0,True,False,False,winner,high
facebook,speakx,540653459131632,SpeakX - Learn to Speak English,2030240231207465,Video,Hindi,human-only,skit-narrative,human-recorded,speakx-g0109,original,original,2026-05-26,2026-06-04,2,2,2026-05-15,20,False,92,127,110,92,False,True,170,0.0,True,False,False,winner,high
facebook,speakx,540653459131632,SpeakX - Learn to Speak English,3505206902990144,Video,Hindi,ai+human,split-screen,mixed,speakx-g0111,reworded_replica,replica,2026-06-12,2026-06-23,8,3,2026-06-10,13,False,92,188,162,92,True,False,198,0.0,True,False,False,undecided,high
facebook,speakx,540653459131632,SpeakX - Learn to Speak English,951439150997123,Video,Hindi,ai+human,split-screen,mixed,speakx-g0136,original,original,2026-05-26,2026-06-04,2,2,2026-05-15,20,False,93,118,106,93,False,True,170,0.0,True,False,False,winner,high
facebook,speakx,540653459131632,SpeakX - Learn to Speak English,1279276767638086,Video,Tamil,human-only,skit-narrative,human-recorded,speakx-g0049,original,original,2026-05-26,2026-05-26,1,1,2026-04-30,26,False,94,94,94,94,False,True,132,0.0,True,False,False,winner,high
facebook,speakx,540653459131632,SpeakX - Learn to Speak English,3443849799125735,Video,Hindi,human-only,split-screen,human-recorded,speakx-g0201,unique,original,2026-05-26,2026-06-04,2,2,2026-05-15,20,False,94,129,112,94,False,True,170,0.0,True,False,False,winner,high
facebook,speakx,540653459131632,SpeakX - Learn to Speak English,986106167606403,Video,Tamil,ai+human,split-screen,mixed,speakx-g0225,unique,original,2026-06-11,2026-06-23,9,3,2026-06-05,18,False,94,127,121,121,True,False,198,0.0,True,False,False,winner,high
facebook,speakx,540653459131632,SpeakX - Learn to Speak English,931187749685280,Video,Hindi,human-only,skit-narrative,human-recorded,speakx-g0211,unique,original,2026-05-26,2026-05-26,1,1,2026-04-23,33,False,95,95,95,95,False,True,132,0.0,True,False,False,winner,high
facebook,speakx,540653459131632,SpeakX - Learn to Speak English,1342031744648586,Video,Hindi,ai+human,skit-narrative,human-recorded,speakx-g0059,original,original,2026-05-26,2026-06-04,2,2,2026-05-15,20,False,96,124,110,96,False,True,170,0.0,True,False,False,winner,high
facebook,speakx,540653459131632,SpeakX - Learn to Speak English,1687496652376090,Video,Telugu,ai+human,split-screen,mixed,speakx-g0096,original,original,2026-05-26,2026-05-26,1,1,2026-05-07,19,False,97,97,97,97,False,True,132,0.0,True,False,False,winner,high
facebook,speakx,540653459131632,SpeakX - Learn to Speak English,1518844083190295,Video,Telugu,human-only,talking-head,human-recorded,speakx-g0171,unique,original,2026-06-04,2026-06-23,10,4,2026-06-01,22,False,97,126,108,101,True,False,198,0.0,True,False,False,winner,high
facebook,speakx,540653459131632,SpeakX - Learn to Speak English,1019696327203383,Video,Telugu,human-only,talking-head,human-recorded,speakx-g0154,unique,original,2026-06-11,2026-06-23,9,3,2026-06-03,20,False,97,172,102,102,True,False,198,0.0,True,False,False,winner,high
facebook,speakx,540653459131632,SpeakX - Learn to Speak English,1537054738130040,Video,Malayalam,ai+human,split-screen,mixed,speakx-g0286,unique,original,2026-06-17,2026-06-23,3,2,2026-06-15,8,False,97,176,97,97,True,False,198,0.0,True,False,False,undecided,high
facebook,speakx,540653459131632,SpeakX - Learn to Speak English,1812790096772217,Video,Tamil,human-only,skit-narrative,human-recorded,speakx-g0103,exact_replica,replica,2026-06-11,2026-06-23,9,3,2026-06-05,18,False,98,159,149,98,True,False,198,0.0,True,False,False,winner,high
facebook,speakx,540653459131632,SpeakX - Learn to Speak English,962132652878187,Video,Hindi,ai+human,skit-narrative,mixed,speakx-g0214,unique,original,2026-05-26,2026-05-26,1,1,2026-04-23,33,False,99,99,99,99,False,True,132,0.0,True,False,False,winner,high
facebook,speakx,540653459131632,SpeakX - Learn to Speak English,989290027036103,Video,Hindi,human-only,split-screen,human-recorded,speakx-g0012,exact_replica,replica,2026-06-04,2026-06-04,1,1,,0,True,99,99,99,99,False,True,170,0.0,True,False,False,loser,low
facebook,speakx,540653459131632,SpeakX - Learn to Speak English,1664834988132991,Video,Telugu,ai+human,split-screen,mixed,speakx-g0096,exact_replica,replica,2026-06-04,2026-06-23,10,4,2026-06-02,21,False,99,132,122,116,True,False,198,0.0,True,False,False,winner,high
facebook,speakx,540653459131632,SpeakX - Learn to Speak English,1283594347179158,Video,Tamil,ai+human,split-screen,mixed,speakx-g0157,unique,original,2026-06-04,2026-06-23,10,4,2026-06-01,22,False,99,151,132,99,True,False,198,0.0,True,False,True,winner,high
facebook,speakx,540653459131632,SpeakX - Learn to Speak English,993529143162192,Video,Marathi,ai+human,split-screen,mixed,speakx-g0075,original,original,2026-05-26,2026-05-26,1,1,2026-05-19,7,False,100,100,100,100,False,True,132,0.0,True,False,False,loser,low
facebook,speakx,540653459131632,SpeakX - Learn to Speak English,847846551131630,Video,Hindi,ai+human,split-screen,mixed,speakx-g0206,unique,original,2026-05-26,2026-06-23,11,5,2026-05-16,38,False,100,148,131,126,True,False,198,0.0,True,False,False,winner,high
facebook,speakx,540653459131632,SpeakX - Learn to Speak English,1349370937055281,Video,Telugu,ai+human,split-screen,mixed,speakx-g0008,original,original,2026-05-26,2026-05-26,1,1,2026-05-21,5,False,101,101,101,101,False,True,132,0.0,False,False,False,loser,low
facebook,speakx,540653459131632,SpeakX - Learn to Speak English,2217341015763503,Video,Hindi,human-only,skit-narrative,human-recorded,speakx-g0117,original,original,2026-05-26,2026-06-04,2,2,2026-05-15,20,False,101,125,113,101,False,True,170,0.0,False,False,False,loser,low
facebook,speakx,540653459131632,SpeakX - Learn to Speak English,1888179688562464,Video,Kannada,human-only,split-screen,human-recorded,speakx-g0010,exact_replica,replica,2026-06-04,2026-06-23,10,4,2026-06-01,22,False,101,169,118,113,True,False,198,0.0,False,False,True,undecided,high
facebook,speakx,540653459131632,SpeakX - Learn to Speak English,1478426623765158,Video,Hindi,human-only,split-screen,human-recorded,speakx-g0012,original,original,2026-05-26,2026-05-26,1,1,2026-05-15,11,False,102,102,102,102,False,True,132,0.0,False,False,False,loser,low
facebook,speakx,540653459131632,SpeakX - Learn to Speak English,2850844975268677,Video,Telugu,ai+human,split-screen,mixed,speakx-g0114,original,original,2026-05-26,2026-05-26,1,1,2026-05-07,19,False,103,103,103,103,False,True,132,0.0,False,False,False,loser,low
facebook,speakx,540653459131632,SpeakX - Learn to Speak English,1371947624756416,Video,Marathi,human-only,skit-narrative,human-recorded,speakx-g0052,exact_replica,replica,2026-06-11,2026-06-17,7,2,2026-06-03,14,False,103,134,126,133,False,True,198,0.0,False,False,False,loser,low
facebook,speakx,540653459131632,SpeakX - Learn to Speak English,1686360975738216,Video,Telugu,ai+human,split-screen,mixed,speakx-g0095,original,original,2026-05-26,2026-05-26,1,1,2026-05-07,19,False,104,104,104,104,False,True,132,0.0,False,False,False,loser,low
facebook,speakx,540653459131632,SpeakX - Learn to Speak English,4446530095614785,Video,Telugu,human-only,split-screen,human-recorded,speakx-g0129,original,original,2026-05-26,2026-05-26,1,1,2026-05-07,19,False,105,105,105,105,False,True,132,0.0,False,False,False,loser,low
facebook,speakx,540653459131632,SpeakX - Learn to Speak English,1671433074080008,Video,Hindi,human-only,skit-narrative,human-recorded,speakx-g0090,original,original,2026-05-26,2026-06-04,2,2,2026-05-15,20,False,105,123,114,105,False,True,170,0.0,False,False,False,loser,low
facebook,speakx,540653459131632,SpeakX - Learn to Speak English,999336602437836,Video,Hindi,ai+human,skit-narrative,human-recorded,speakx-g0218,unique,original,2026-05-26,2026-05-26,1,1,2026-04-23,33,False,106,106,106,106,False,True,132,0.0,False,False,False,loser,low
facebook,speakx,540653459131632,SpeakX - Learn to Speak English,1339557674759234,Video,Tamil,human-only,skit-narrative,human-recorded,speakx-g0162,unique,original,2026-06-04,2026-06-23,10,4,2026-06-01,22,False,106,162,132,106,True,False,198,0.0,False,False,False,undecided,high
facebook,speakx,540653459131632,SpeakX - Learn to Speak English,2204005596804828,Video,Marathi,human-only,skit-narrative,human-recorded,speakx-g0116,original,original,2026-05-26,2026-05-26,1,1,2026-05-19,7,False,107,107,107,107,False,True,132,0.0,False,False,False,loser,low
facebook,speakx,540653459131632,SpeakX - Learn to Speak English,2380382949113659,Video,Tamil,human-only,split-screen,human-recorded,speakx-g0196,unique,original,2026-06-11,2026-06-23,9,3,2026-06-03,20,False,107,118,112,110,True,False,198,0.0,False,False,False,undecided,high
facebook,speakx,540653459131632,SpeakX - Learn to Speak English,1531246168408197,Video,Hindi,human-only,skit-narrative,human-recorded,speakx-g0064,character_variant,replica,2026-06-12,2026-06-15,4,2,2026-06-10,5,False,107,115,112,111,False,True,188,0.0,False,False,False,loser,low
facebook,speakx,540653459131632,SpeakX - Learn to Speak English,840537108879492,Video,Hindi,ai+human,skit-narrative,human-recorded,speakx-g0273,unique,original,2026-06-23,2026-06-23,1,1,2026-06-21,2,False,107,107,107,107,True,False,173,0.0,False,False,False,new,high
facebook,speakx,540653459131632,SpeakX - Learn to Speak English,982953024519886,Video,Tamil,human-only,skit-narrative,human-recorded,speakx-g0103,original,original,2026-05-26,2026-05-26,1,1,2026-04-30,26,False,108,108,108,108,False,True,132,0.0,False,False,False,loser,low
facebook,speakx,540653459131632,SpeakX - Learn to Speak English,972418258831307,Video,Marathi,ai+human,skit-narrative,human-recorded,speakx-g0083,exact_replica,replica,2026-06-04,2026-06-17,8,3,2026-06-02,15,False,108,145,136,145,False,True,198,0.0,False,False,False,loser,low
facebook,speakx,540653459131632,SpeakX - Learn to Speak English,1026930139840138,Video,Hindi,human-only,skit-narrative,human-recorded,speakx-g0117,reworded_replica,replica,2026-06-12,2026-06-23,8,3,2026-06-10,13,False,108,180,142,109,True,False,198,0.0,False,False,True,undecided,high
facebook,speakx,540653459131632,SpeakX - Learn to Speak English,1755985579113125,Video,Malayalam,human-only,skit-narrative,human-recorded,speakx-g0101,exact_replica,replica,2026-06-04,2026-06-23,10,4,2026-06-01,22,False,109,137,124,119,True,False,198,0.0,False,False,False,undecided,high
facebook,speakx,540653459131632,SpeakX - Learn to Speak English,2468043330284583,Video,Telugu,human-only,skit-narrative,human-recorded,speakx-g0027,original,original,2026-05-26,2026-05-26,1,1,2026-05-21,5,False,110,110,110,110,False,True,132,0.0,False,False,False,loser,low
facebook,speakx,540653459131632,SpeakX - Learn to Speak English,864406799548908,Video,Tamil,human-only,skit-narrative,human-recorded,speakx-g0276,unique,original,2026-06-12,2026-06-23,8,3,2026-06-10,13,False,110,182,150,111,True,False,198,0.0,False,False,True,undecided,high
facebook,speakx,540653459131632,SpeakX - Learn to Speak English,952737910984432,Video,Hindi,human-only,skit-narrative,human-recorded,speakx-g0213,unique,original,2026-05-26,2026-06-23,11,5,2026-05-16,38,False,111,174,145,143,True,False,198,0.0,False,False,False,undecided,high
facebook,speakx,540653459131632,SpeakX - Learn to Speak English,1017963330951251,Video,Telugu,human-only,talking-head,human-recorded,speakx-g0001,reworded_replica,replica,2026-06-11,2026-06-17,7,2,2026-06-04,13,False,111,141,131,136,False,True,198,0.0,False,False,False,loser,low
facebook,speakx,540653459131632,SpeakX - Learn to Speak English,1591966805893885,Video,Tamil,human-only,talking-head,human-recorded,speakx-g0247,unique,original,2026-06-12,2026-06-23,8,3,2026-06-10,13,False,111,169,125,112,True,False,198,0.0,False,False,False,undecided,high
facebook,speakx,540653459131632,SpeakX - Learn to Speak English,2161668907979676,Video,Telugu,ai+human,split-screen,mixed,speakx-g0113,original,original,2026-05-26,2026-05-26,1,1,2026-05-07,19,False,113,113,113,113,False,True,132,0.0,False,False,False,loser,low
facebook,speakx,540653459131632,SpeakX - Learn to Speak English,1641975910360142,Video,Hindi,human-only,split-screen,human-recorded,speakx-g0086,original,original,2026-05-26,2026-06-04,2,2,2026-05-15,20,False,113,126,120,113,False,True,170,0.0,False,False,False,loser,low
facebook,speakx,540653459131632,SpeakX - Learn to Speak English,2103193720227930,Video,Hindi,human-only,skit-narrative,human-recorded,speakx-g0090,exact_replica,replica,2026-06-12,2026-06-23,8,3,2026-06-10,13,False,113,186,148,114,True,False,198,0.0,False,False,True,undecided,high
facebook,speakx,540653459131632,SpeakX - Learn to Speak English,3194390794101462,Video,Kannada,human-only,skit-narrative,human-recorded,speakx-g0089,exact_replica,replica,2026-06-04,2026-06-23,10,4,2026-06-01,22,False,115,158,141,132,True,False,198,0.0,False,False,False,undecided,high
facebook,speakx,540653459131632,SpeakX - Learn to Speak English,1498207608381120,Video,Telugu,human-only,skit-narrative,human-recorded,speakx-g0003,original,original,2026-05-26,2026-05-26,1,1,2026-05-07,19,False,116,116,116,116,False,True,132,0.0,False,False,False,loser,low
facebook,speakx,540653459131632,SpeakX - Learn to Speak English,838145219358586,Video,Kannada,ai+human,split-screen,mixed,speakx-g0006,reworded_replica,replica,2026-05-26,2026-05-26,1,1,2026-05-21,5,False,117,117,117,117,False,True,132,0.0,False,False,False,loser,low
facebook,speakx,540653459131632,SpeakX - Learn to Speak English,872479192551236,Video,Malayalam,human-only,talking-head,human-recorded,speakx-g0100,exact_replica,replica,2026-06-04,2026-06-23,10,4,2026-06-03,20,False,117,187,159,168,True,False,198,0.0,False,False,False,undecided,high
facebook,speakx,540653459131632,SpeakX - Learn to Speak English,1681602069650676,Video,Tamil,human-only,skit-narrative,human-recorded,speakx-g0249,unique,original,2026-06-12,2026-06-23,8,3,2026-06-10,13,False,117,183,155,118,True,False,198,0.0,False,False,True,undecided,high
facebook,speakx,540653459131632,SpeakX - Learn to Speak English,1607956950303032,Video,Hindi,ai+human,split-screen,mixed,speakx-g0081,original,original,2026-05-26,2026-06-04,2,2,2026-05-15,20,False,118,131,124,118,False,True,170,0.0,False,False,True,loser,low
facebook,speakx,540653459131632,SpeakX - Learn to Speak English,1057542156838977,Video,Tamil,human-only,skit-narrative,human-recorded,speakx-g0234,unique,original,2026-06-12,2026-06-23,8,3,2026-06-10,13,False,118,133,124,124,True,False,198,0.0,False,False,False,undecided,high
facebook,speakx,540653459131632,SpeakX - Learn to Speak English,1672373224199119,Video,Telugu,human-only,talking-head,human-recorded,speakx-g0091,original,original,2026-05-26,2026-05-26,1,1,2026-05-21,5,False,119,119,119,119,False,True,132,0.0,False,False,False,loser,low
facebook,speakx,540653459131632,SpeakX - Learn to Speak English,1804477307581471,Video,Hindi,ai+human,skit-narrative,ai-generated,speakx-g0029,original,original,2026-06-04,2026-06-04,1,1,,0,True,119,119,119,119,False,True,170,0.0,False,False,False,loser,low
facebook,speakx,540653459131632,SpeakX - Learn to Speak English,691760497365738,Video,Hindi,human-only,skit-narrative,human-recorded,speakx-g0039,reworded_replica,replica,2026-06-12,2026-06-23,8,3,2026-06-10,13,False,119,151,134,120,True,False,198,0.0,False,False,False,undecided,high
facebook,speakx,540653459131632,SpeakX - Learn to Speak English,2809428052749261,Video,Hindi,human-only,split-screen,human-recorded,speakx-g0012,exact_replica,replica,2026-05-26,2026-05-26,1,1,2026-05-15,11,False,120,120,120,120,False,True,132,0.0,False,False,False,loser,low
facebook,speakx,540653459131632,SpeakX - Learn to Speak English,1350966316920951,Video,Malayalam,human-only,skit-narrative,human-recorded,speakx-g0025,exact_replica,replica,2026-06-04,2026-06-23,10,4,2026-06-01,22,False,120,170,154,135,True,False,198,0.0,False,False,False,undecided,high
facebook,speakx,540653459131632,SpeakX - Learn to Speak English,1795514791415516,Video,Marathi,human-only,skit-narrative,human-recorded,speakx-g0050,exact_replica,replica,2026-06-04,2026-06-17,8,3,2026-06-01,16,False,120,146,134,146,False,True,198,0.0,False,False,True,loser,low
facebook,speakx,540653459131632,SpeakX - Learn to Speak English,983037457947633,Video,Marathi,human-only,skit-narrative,human-recorded,speakx-g0063,exact_replica,replica,2026-06-04,2026-06-17,8,3,2026-06-02,15,False,121,190,164,190,False,True,198,0.0,False,False,False,loser,low
facebook,speakx,540653459131632,SpeakX - Learn to Speak English,831865046236591,Video,Telugu,ai+human,split-screen,mixed,speakx-g0000,translation_replica,replica,2026-05-26,2026-05-26,1,1,2026-05-21,5,False,122,122,122,122,False,True,132,0.0,False,False,False,loser,low
facebook,speakx,540653459131632,SpeakX - Learn to Speak English,2088037832070282,Video,Kannada,human-only,talking-head,human-recorded,speakx-g0258,unique,original,2026-06-23,2026-06-23,1,1,2026-06-21,2,False,123,123,123,123,True,False,173,0.0,False,False,False,new,high
facebook,speakx,540653459131632,SpeakX - Learn to Speak English,2077159863678503,Video,Kannada,human-only,skit-narrative,human-recorded,speakx-g0190,unique,original,2026-06-04,2026-06-04,1,1,,0,True,124,124,124,124,False,True,170,0.0,False,False,False,loser,low
facebook,speakx,540653459131632,SpeakX - Learn to Speak English,1165796592370540,Video,Tamil,human-only,skit-narrative,human-recorded,speakx-g0235,unique,original,2026-06-12,2026-06-23,8,3,2026-06-10,13,False,124,165,148,127,True,False,198,0.0,False,False,False,undecided,high
facebook,speakx,540653459131632,SpeakX - Learn to Speak English,873618651754187,Video,Kannada,ai+human,split-screen,mixed,speakx-g0093,exact_replica,replica,2026-06-04,2026-06-23,10,4,2026-06-03,20,False,125,160,140,136,True,False,198,0.0,False,False,True,undecided,high
facebook,speakx,540653459131632,SpeakX - Learn to Speak English,1718380856161077,Video,Hindi,ai+human,split-screen,mixed,speakx-g0011,exact_replica,replica,2026-06-13,2026-06-15,3,2,2026-06-11,4,False,125,130,127,125,False,True,188,0.0,False,False,False,loser,low
facebook,speakx,540653459131632,SpeakX - Learn to Speak English,866993049339352,Video,Kannada,ai+human,talking-head,human-recorded,speakx-g0277,unique,original,2026-06-23,2026-06-23,1,1,2026-06-21,2,False,125,125,125,125,True,False,173,0.0,False,False,False,new,high
facebook,speakx,540653459131632,SpeakX - Learn to Speak English,1655986182354518,Video,Hindi,ai+human,split-screen,mixed,speakx-g0009,translation_replica,replica,2026-06-13,2026-06-23,7,3,2026-06-11,12,False,126,143,134,131,True,False,198,0.0,False,False,False,undecided,high
facebook,speakx,540653459131632,SpeakX - Learn to Speak English,937743845921852,Video,Hindi,ai-avatar-only,listicle-montage,ai-generated,speakx-g0135,original,original,2026-05-26,2026-06-04,2,2,2026-05-15,20,False,127,132,130,127,False,True,170,0.0,False,False,True,loser,low
facebook,speakx,540653459131632,SpeakX - Learn to Speak English,993829903054464,Video,Marathi,human-only,skit-narrative,human-recorded,speakx-g0116,exact_replica,replica,2026-06-11,2026-06-17,7,2,2026-06-04,13,False,127,180,151,180,False,True,198,0.0,False,False,False,loser,low
facebook,speakx,540653459131632,SpeakX - Learn to Speak English,1017961491189825,Video,Malayalam,human-only,talking-head,human-recorded,speakx-g0219,unique,original,2026-06-04,2026-06-23,10,4,2026-06-02,21,False,128,168,155,134,True,False,198,0.0,False,False,True,undecided,high
facebook,speakx,540653459131632,SpeakX - Learn to Speak English,4728728327449719,Video,Hindi,human-only,skit-narrative,human-recorded,speakx-g0270,unique,original,2026-06-23,2026-06-23,1,1,2026-06-21,2,False,129,129,129,129,True,False,173,0.0,False,False,False,new,high
facebook,speakx,540653459131632,SpeakX - Learn to Speak English,3121491911373420,Video,Hindi,ai+human,skit-narrative,mixed,speakx-g0149,character_variant,replica,2026-06-23,2026-06-23,1,1,2026-06-21,2,False,130,130,130,130,True,False,173,0.0,False,False,False,new,high
facebook,speakx,540653459131632,SpeakX - Learn to Speak English,4473968839557115,Video,Hindi,human-only,split-screen,human-recorded,speakx-g0086,reworded_replica,replica,2026-06-12,2026-06-23,8,3,2026-06-10,13,False,131,163,151,138,True,False,198,0.0,False,False,False,undecided,high
facebook,speakx,540653459131632,SpeakX - Learn to Speak English,847771278003454,Video,Hindi,human-only,split-screen,human-recorded,speakx-g0022,reworded_replica,replica,2026-06-12,2026-06-23,8,3,2026-06-10,13,False,133,187,176,142,True,False,198,0.0,False,False,True,undecided,high
facebook,speakx,540653459131632,SpeakX - Learn to Speak English,2525386577875029,Video,Malayalam,ai+human,split-screen,mixed,speakx-g0058,translation_replica,replica,2026-06-23,2026-06-23,1,1,2026-06-21,2,False,133,133,133,133,True,False,173,0.0,False,False,False,new,high
facebook,speakx,540653459131632,SpeakX - Learn to Speak English,1002307968916209,Video,Tamil,ai+human,skit-narrative,mixed,speakx-g0153,unique,original,2026-06-04,2026-06-23,10,4,2026-06-01,22,False,136,179,154,150,True,False,198,0.0,False,False,True,undecided,high
facebook,speakx,540653459131632,SpeakX - Learn to Speak English,1524055402758387,Video,Marathi,ai+human,split-screen,mixed,speakx-g0075,exact_replica,replica,2026-06-04,2026-06-17,8,3,2026-06-01,16,False,137,175,154,155,False,True,198,0.0,False,False,True,loser,low
facebook,speakx,540653459131632,SpeakX - Learn to Speak English,1492658115275135,Video,Hindi,ai-avatar-only,listicle-montage,ai-generated,speakx-g0135,reworded_replica,replica,2026-06-12,2026-06-23,8,3,2026-06-10,13,False,137,192,166,153,True,False,198,0.0,False,False,False,undecided,high
facebook,speakx,540653459131632,SpeakX - Learn to Speak English,982762464660618,Video,Malayalam,human-only,skit-narrative,human-recorded,speakx-g0283,unique,original,2026-06-23,2026-06-23,1,1,2026-06-21,2,False,137,137,137,137,True,False,173,0.0,False,False,False,new,high
facebook,speakx,540653459131632,SpeakX - Learn to Speak English,1473581078140211,Video,Hindi,human-only,skit-narrative,human-recorded,speakx-g0109,reworded_replica,replica,2026-06-12,2026-06-23,8,3,2026-06-10,13,False,138,193,169,162,True,False,198,0.0,False,False,True,undecided,high
facebook,speakx,540653459131632,SpeakX - Learn to Speak English,882770080862495,Video,Tamil,human-only,skit-narrative,human-recorded,speakx-g0279,unique,original,2026-06-17,2026-06-17,1,1,2026-06-15,2,False,138,138,138,138,False,True,198,0.0,False,False,False,loser,low
facebook,speakx,540653459131632,SpeakX - Learn to Speak English,1385223413421257,Video,Hindi,ai+human,skit-narrative,human-recorded,speakx-g0064,original,original,2026-06-04,2026-06-04,1,1,,0,True,139,139,139,139,False,True,170,0.0,False,False,False,loser,low
facebook,speakx,540653459131632,SpeakX - Learn to Speak English,1436395304911998,Video,Hindi,ai+human,split-screen,mixed,speakx-g0081,reworded_replica,replica,2026-06-12,2026-06-23,8,3,2026-06-10,13,False,139,186,160,166,True,False,198,0.0,False,False,False,undecided,high
facebook,speakx,540653459131632,SpeakX - Learn to Speak English,1020332987278380,Video,Tamil,human-only,skit-narrative,human-recorded,speakx-g0229,unique,original,2026-06-23,2026-06-23,1,1,2026-06-21,2,False,139,139,139,139,True,False,173,0.0,False,False,False,new,high
facebook,speakx,540653459131632,SpeakX - Learn to Speak English,998521345905657,Video,Malayalam,ai+human,skit-narrative,mixed,speakx-g0217,unique,original,2026-06-11,2026-06-23,9,3,2026-06-08,15,False,140,196,171,170,True,False,198,0.0,False,False,True,undecided,high
facebook,speakx,540653459131632,SpeakX - Learn to Speak English,1699245951288574,Video,Hindi,ai+human,skit-narrative,human-recorded,speakx-g0148,character_variant,replica,2026-06-23,2026-06-23,1,1,2026-06-21,2,False,140,140,140,140,True,False,173,0.0,False,False,False,new,high
facebook,speakx,540653459131632,SpeakX - Learn to Speak English,1018266577731610,Video,Malayalam,human-only,skit-narrative,human-recorded,speakx-g0068,original,original,2026-06-11,2026-06-23,9,3,2026-06-04,19,False,142,198,174,173,True,False,198,0.0,False,False,True,undecided,high
facebook,speakx,540653459131632,SpeakX - Learn to Speak English,1536798551167599,Video,Marathi,human-only,skit-narrative,human-recorded,speakx-g0142,exact_replica,replica,2026-06-11,2026-06-17,7,2,2026-06-04,13,False,143,189,168,189,False,True,198,0.0,False,False,True,loser,low
facebook,speakx,540653459131632,SpeakX - Learn to Speak English,2065465224040395,Video,Marathi,human-only,talking-head,human-recorded,speakx-g0094,exact_replica,replica,2026-06-04,2026-06-17,8,3,2026-06-01,16,False,144,166,151,148,False,True,198,0.0,False,False,True,loser,low
facebook,speakx,540653459131632,SpeakX - Learn to Speak English,1387888156724645,Video,Malayalam,human-only,talking-head,human-recorded,speakx-g0241,unique,original,2026-06-23,2026-06-23,1,1,2026-06-21,2,False,145,145,145,145,True,False,173,0.0,False,False,False,new,high
facebook,speakx,540653459131632,SpeakX - Learn to Speak English,4358734457789065,Video,Tamil,human-only,skit-narrative,human-recorded,speakx-g0268,unique,original,2026-06-23,2026-06-23,1,1,2026-06-21,2,False,146,146,146,146,True,False,173,0.0,False,False,False,new,high
facebook,speakx,540653459131632,SpeakX - Learn to Speak English,1616518609443578,Video,Hindi,ai+human,other,ai-generated,speakx-g0082,original,original,2026-06-04,2026-06-04,1,1,,0,True,147,147,147,147,False,True,170,0.0,False,False,False,loser,low
facebook,speakx,540653459131632,SpeakX - Learn to Speak English,1347442427544614,Video,Hindi,ai+human,skit-narrative,mixed,speakx-g0240,unique,original,2026-06-23,2026-06-23,1,1,2026-06-21,2,False,147,147,147,147,True,False,173,0.0,False,False,False,new,high
facebook,speakx,540653459131632,SpeakX - Learn to Speak English,1498890518001413,Video,Hindi,ai+human,split-screen,mixed,speakx-g0146,original,original,2026-06-23,2026-06-23,1,1,2026-06-21,2,False,148,148,148,148,True,False,173,0.0,False,False,False,new,high
facebook,speakx,540653459131632,SpeakX - Learn to Speak English,1551825403153031,Video,Tamil,human-only,skit-narrative,human-recorded,speakx-g0246,unique,original,2026-06-23,2026-06-23,1,1,2026-06-21,2,False,149,149,149,149,True,False,173,0.0,False,False,False,new,high
facebook,speakx,540653459131632,SpeakX - Learn to Speak English,3447639855395718,Video,Hindi,human-only,skit-narrative,human-recorded,speakx-g0144,character_variant,replica,2026-06-23,2026-06-23,1,1,2026-06-21,2,False,151,151,151,151,True,False,173,0.0,False,False,False,new,high
facebook,speakx,540653459131632,SpeakX - Learn to Speak English,1410814954213068,Video,Hindi,ai+human,split-screen,mixed,speakx-g0242,unique,original,2026-06-23,2026-06-23,1,1,2026-06-21,2,False,152,152,152,152,True,False,173,0.0,False,False,False,new,high
facebook,speakx,540653459131632,SpeakX - Learn to Speak English,2289248188147929,Video,Kannada,human-only,talking-head,human-recorded,speakx-g0260,unique,original,2026-06-23,2026-06-23,1,1,2026-06-21,2,False,154,154,154,154,True,False,173,0.0,False,False,False,new,high
facebook,speakx,540653459131632,SpeakX - Learn to Speak English,1532929268504608,Video,Hindi,human-only,skit-narrative,human-recorded,speakx-g0245,unique,original,2026-06-23,2026-06-23,1,1,2026-06-21,2,False,155,155,155,155,True,False,173,0.0,False,False,False,new,high
facebook,speakx,540653459131632,SpeakX - Learn to Speak English,978342788423757,Video,Kannada,ai+human,skit-narrative,mixed,speakx-g0140,exact_replica,replica,2026-06-04,2026-06-04,1,1,,0,True,156,156,156,156,False,True,170,0.0,False,False,True,loser,low
facebook,speakx,540653459131632,SpeakX - Learn to Speak English,1619112265859099,Video,Tamil,human-only,skit-narrative,human-recorded,speakx-g0248,unique,original,2026-06-17,2026-06-17,1,1,2026-06-15,2,False,156,156,156,156,False,True,198,0.0,False,False,False,loser,low
facebook,speakx,540653459131632,SpeakX - Learn to Speak English,1023169040228570,Video,Hindi,ai+human,skit-narrative,human-recorded,speakx-g0144,original,original,2026-06-23,2026-06-23,1,1,2026-06-21,2,False,156,156,156,156,True,False,173,0.0,False,False,False,new,high
facebook,speakx,540653459131632,SpeakX - Learn to Speak English,1635169330918905,Video,Hindi,human-only,skit-narrative,human-recorded,speakx-g0148,original,original,2026-06-23,2026-06-23,1,1,2026-06-21,2,False,157,157,157,157,True,False,173,0.0,False,False,False,new,high
facebook,speakx,540653459131632,SpeakX - Learn to Speak English,1333107758784573,Video,Kannada,ai+human,split-screen,mixed,speakx-g0009,original,original,2026-06-04,2026-06-04,1,1,,0,True,158,158,158,158,False,True,170,0.0,False,False,False,loser,low
facebook,speakx,540653459131632,SpeakX - Learn to Speak English,933124559783220,Video,Hindi,human-only,skit-narrative,human-recorded,speakx-g0280,unique,original,2026-06-23,2026-06-23,1,1,2026-06-21,2,False,158,158,158,158,True,False,173,0.0,False,False,False,new,high
facebook,speakx,540653459131632,SpeakX - Learn to Speak English,1538015284461246,Video,Hindi,ai+human,split-screen,mixed,speakx-g0146,reworded_replica,replica,2026-06-23,2026-06-23,1,1,2026-06-21,2,False,159,159,159,159,True,False,173,0.0,False,False,False,new,high
facebook,speakx,540653459131632,SpeakX - Learn to Speak English,709027778972260,Video,Malayalam,human-only,skit-narrative,human-recorded,speakx-g0271,unique,original,2026-06-23,2026-06-23,1,1,2026-06-21,2,False,160,160,160,160,True,False,173,0.0,False,False,False,new,high
facebook,speakx,540653459131632,SpeakX - Learn to Speak English,1784390322973469,Video,Tamil,human-only,skit-narrative,human-recorded,speakx-g0287,unique,original,2026-06-23,2026-06-23,1,1,2026-06-21,2,False,161,161,161,161,True,False,173,0.0,False,False,False,new,high
facebook,speakx,540653459131632,SpeakX - Learn to Speak English,1002400492791378,Video,Hindi,human-only,skit-narrative,human-recorded,speakx-g0226,unique,original,2026-06-23,2026-06-23,1,1,2026-06-21,2,False,163,163,163,163,True,False,173,0.0,False,False,False,new,high
facebook,speakx,540653459131632,SpeakX - Learn to Speak English,1437925238368999,Video,Telugu,ai+human,split-screen,mixed,speakx-g0070,reworded_replica,replica,2026-06-15,2026-06-17,3,1,2026-06-12,5,False,164,191,170,191,False,True,198,0.0,False,False,False,loser,low
facebook,speakx,540653459131632,SpeakX - Learn to Speak English,1994437664508894,Video,Tamil,human-only,skit-narrative,human-recorded,speakx-g0255,unique,original,2026-06-17,2026-06-17,1,1,2026-06-15,2,False,164,164,164,164,False,True,198,0.0,False,False,False,loser,low
facebook,speakx,540653459131632,SpeakX - Learn to Speak English,1785926192782164,Video,Tamil,human-only,skit-narrative,human-recorded,speakx-g0252,unique,original,2026-06-23,2026-06-23,1,1,2026-06-21,2,False,164,164,164,164,True,False,173,0.0,False,False,False,new,high
facebook,speakx,540653459131632,SpeakX - Learn to Speak English,2059459548034333,Video,Tamil,human-only,skit-narrative,human-recorded,speakx-g0257,unique,original,2026-06-17,2026-06-17,1,1,2026-06-15,2,False,165,165,165,165,False,True,198,0.0,False,False,False,loser,low
facebook,speakx,540653459131632,SpeakX - Learn to Speak English,1719995149342353,Video,Malayalam,human-only,talking-head,human-recorded,speakx-g0251,unique,original,2026-06-23,2026-06-23,1,1,2026-06-21,2,False,165,165,165,165,True,False,173,0.0,False,False,False,new,high
facebook,speakx,540653459131632,SpeakX - Learn to Speak English,3990092734455118,Video,Hindi,human-only,skit-narrative,human-recorded,speakx-g0021,translation_replica,replica,2026-06-17,2026-06-17,1,1,2026-06-15,2,False,166,166,166,166,False,True,198,0.0,False,False,False,loser,low
facebook,speakx,540653459131632,SpeakX - Learn to Speak English,1330425475878108,Video,Hindi,human-only,skit-narrative,human-recorded,speakx-g0239,unique,original,2026-06-17,2026-06-17,1,1,2026-06-15,2,False,167,167,167,167,False,True,198,0.0,False,False,False,loser,low
facebook,speakx,540653459131632,SpeakX - Learn to Speak English,1297084372624612,Video,Malayalam,human-only,skit-narrative,human-recorded,speakx-g0237,unique,original,2026-06-23,2026-06-23,1,1,2026-06-21,2,False,167,167,167,167,True,False,173,0.0,False,False,False,new,high
facebook,speakx,540653459131632,SpeakX - Learn to Speak English,28089870667280259,Video,Hindi,ai+human,split-screen,mixed,speakx-g0266,unique,original,2026-06-17,2026-06-17,1,1,2026-06-15,2,False,168,168,168,168,False,True,198,0.0,False,False,False,loser,low
facebook,speakx,540653459131632,SpeakX - Learn to Speak English,3065782370284569,Video,Hindi,human-only,skit-narrative,human-recorded,speakx-g0004,translation_replica,replica,2026-06-17,2026-06-17,1,1,2026-06-15,2,False,169,169,169,169,False,True,198,0.0,False,False,False,loser,low
facebook,speakx,540653459131632,SpeakX - Learn to Speak English,1293621632927561,Video,Hindi,human-only,skit-narrative,human-recorded,speakx-g0236,unique,original,2026-06-23,2026-06-23,1,1,2026-06-21,2,False,169,169,169,169,True,False,173,0.0,False,False,False,new,high
facebook,speakx,540653459131632,SpeakX - Learn to Speak English,875854235560274,Video,Hindi,ai+human,skit-narrative,human-recorded,speakx-g0278,unique,original,2026-06-17,2026-06-17,1,1,2026-06-15,2,False,171,171,171,171,False,True,198,0.0,False,False,False,loser,low
facebook,speakx,540653459131632,SpeakX - Learn to Speak English,817247541325649,Video,Kannada,ai+human,talking-head,mixed,speakx-g0028,translation_replica,replica,2026-06-23,2026-06-23,1,1,2026-06-21,2,False,171,171,171,171,True,False,173,0.0,False,False,False,new,high
facebook,speakx,540653459131632,SpeakX - Learn to Speak English,27672248245738865,Video,Tamil,human-only,skit-narrative,human-recorded,speakx-g0265,unique,original,2026-06-17,2026-06-17,1,1,2026-06-15,2,False,172,172,172,172,False,True,198,0.0,False,False,False,loser,low
facebook,speakx,540653459131632,SpeakX - Learn to Speak English,2192604258204586,Video,Hindi,human-only,skit-narrative,human-recorded,speakx-g0149,original,original,2026-06-23,2026-06-23,1,1,2026-06-21,2,False,172,172,172,172,True,False,173,0.0,False,False,False,new,high
facebook,speakx,540653459131632,SpeakX - Learn to Speak English,1312577211049891,Video,Hindi,human-only,skit-narrative,human-recorded,speakx-g0152,exact_replica,replica,2026-06-17,2026-06-17,1,1,2026-06-15,2,False,175,175,175,175,False,True,198,0.0,False,False,False,loser,low
facebook,speakx,540653459131632,SpeakX - Learn to Speak English,1702445107451796,Video,Hindi,ai+human,split-screen,mixed,speakx-g0250,unique,original,2026-06-17,2026-06-17,1,1,2026-06-15,2,False,182,182,182,182,False,True,198,0.0,False,False,False,loser,low
facebook,speakx,540653459131632,SpeakX - Learn to Speak English,2217549132503972,Video,Hindi,human-only,skit-narrative,human-recorded,speakx-g0150,exact_replica,replica,2026-06-17,2026-06-17,1,1,2026-06-15,2,False,183,183,183,183,False,True,198,0.0,False,False,False,loser,low
facebook,speakx,540653459131632,SpeakX - Learn to Speak English,1613759500749307,Video,Hindi,human-only,skit-narrative,human-recorded,speakx-g0147,exact_replica,replica,2026-06-17,2026-06-17,1,1,2026-06-15,2,False,197,197,197,197,False,True,198,0.0,False,False,False,loser,low
