pipeline,competitor,page_id,page_name,ad_id,media_type,language,presenter_type,device_format,production_type,script_group_id,replication_type,variant_role,first_seen,last_seen,times_seen,weeks_seen,ad_start_date,run_days,run_days_is_lower_bound,best_page_rank,worst_page_rank,median_page_rank,current_page_rank,present_latest,is_retired,page_count,frac_top_25,rank_gate,top25_gate,low_impression_ever,verdict,verdict_confidence
facebook,wispr-flow,,Wispr Flow,3662315693910482,Video,English,human-only,app-screencast,human-recorded,wispr-flow-g0188,unique,original,2026-05-28,2026-05-28,1,1,2026-04-03,55,False,1,1,1,1,False,True,476,1.0,True,True,False,strong_winner,high
facebook,wispr-flow,,Wispr Flow,1662376828284378,Image,,,,,,,,2026-05-28,2026-05-28,1,1,2026-04-29,29,False,2,2,2,2,False,True,476,1.0,True,True,False,winner,high
facebook,wispr-flow,,Wispr Flow,1606915600884130,Image,,,,,,,,2026-05-28,2026-05-28,1,1,2026-05-16,12,False,3,3,3,3,False,True,476,1.0,True,True,False,loser,low
facebook,wispr-flow,,Wispr Flow,1308275597318776,Image,,,,,,,,2026-05-28,2026-05-28,1,1,2026-05-16,12,False,4,4,4,4,False,True,476,1.0,True,True,False,loser,low
facebook,wispr-flow,,Wispr Flow,2560560281008870,Video,English,human-only,split-screen,human-recorded,wispr-flow-g0009,exact_replica,replica,2026-05-28,2026-05-28,1,1,2026-04-07,51,False,5,5,5,5,False,True,476,1.0,True,True,False,strong_winner,high
facebook,wispr-flow,,Wispr Flow,1274695934858096,Video,English,voiceover-only,app-screencast,human-recorded,wispr-flow-g0144,unique,original,2026-05-28,2026-05-28,1,1,2026-04-05,53,False,6,6,6,6,False,True,476,1.0,True,True,False,strong_winner,high
facebook,wispr-flow,,Wispr Flow,1706333260361238,Image,,,,,,,,2026-05-28,2026-05-28,1,1,2026-05-16,12,False,7,7,7,7,False,True,476,1.0,True,True,False,loser,low
facebook,wispr-flow,,Wispr Flow,27040096928908687,Video,English,human-only,app-screencast,human-recorded,wispr-flow-g0013,original,original,2026-05-28,2026-05-28,1,1,2026-04-05,53,False,8,8,8,8,False,True,476,1.0,True,True,False,strong_winner,high
facebook,wispr-flow,,Wispr Flow,1793352381634692,Image,,,,,,,,2026-05-28,2026-05-28,1,1,2026-04-17,41,False,9,9,9,9,False,True,476,1.0,True,True,False,winner,high
facebook,wispr-flow,,Wispr Flow,1334618508565781,Image,,,,,,,,2026-05-28,2026-05-28,1,1,2026-04-29,29,False,10,10,10,10,False,True,476,1.0,True,True,False,winner,high
facebook,wispr-flow,,Wispr Flow,1729770374849541,Image,,,,,,,,2026-05-28,2026-05-28,1,1,2026-05-03,25,False,11,11,11,11,False,True,476,1.0,True,True,False,winner,high
facebook,wispr-flow,,Wispr Flow,1576375724042094,Image,,,,,,,,2026-05-28,2026-05-28,1,1,2026-05-24,4,False,12,12,12,12,False,True,476,1.0,True,True,False,loser,low
facebook,wispr-flow,,Wispr Flow,1501865931273199,Video,English,human-only,talking-head,human-recorded,wispr-flow-g0063,exact_replica,replica,2026-05-28,2026-05-28,1,1,2026-05-15,13,False,13,13,13,13,False,True,476,1.0,True,True,False,loser,low
facebook,wispr-flow,,Bryce Querubin,2292746258177295,Video,English,human-only,talking-head,human-recorded,wispr-flow-g0112,exact_replica,replica,2026-05-28,2026-05-28,1,1,2026-05-21,7,False,14,14,14,14,False,True,476,1.0,True,True,False,loser,low
facebook,wispr-flow,,Wispr Flow,1706997533644445,Video,English,human-only,talking-head,human-recorded,wispr-flow-g0172,unique,original,2026-05-28,2026-05-28,1,1,2026-05-15,13,False,15,15,15,15,False,True,476,1.0,True,True,False,loser,low
facebook,wispr-flow,,Wispr Flow,2922112728180732,Image,,,,,,,,2026-05-28,2026-05-28,1,1,2026-05-18,10,False,16,16,16,16,False,True,476,1.0,True,True,False,loser,low
facebook,wispr-flow,,Wispr Flow,1566718835460461,Image,,,,,,,,2026-05-28,2026-05-28,1,1,2026-05-15,13,False,17,17,17,17,False,True,476,1.0,True,True,False,loser,low
facebook,wispr-flow,,Wispr Flow,1649615709610057,Video,Hinglish,human-only,skit-narrative,human-recorded,wispr-flow-g0167,unique,original,2026-05-28,2026-05-28,1,1,2026-05-15,13,False,18,18,18,18,False,True,476,1.0,True,True,False,loser,low
facebook,wispr-flow,,Wispr Flow,813092931636453,Video,English,human-only,talking-head,human-recorded,wispr-flow-g0003,exact_replica,replica,2026-05-28,2026-05-28,1,1,2026-05-21,7,False,19,19,19,19,False,True,476,1.0,True,True,False,loser,low
facebook,wispr-flow,,Dion Does Content,833455549824302,Video,English,human-only,split-screen,human-recorded,wispr-flow-g0081,exact_replica,replica,2026-05-28,2026-05-28,1,1,2026-05-23,5,False,20,20,20,20,False,True,476,1.0,True,True,False,loser,low
facebook,wispr-flow,,Wispr Flow,2936171560055456,Image,,,,,,,,2026-05-28,2026-05-28,1,1,2026-05-27,1,False,21,21,21,21,False,True,476,1.0,True,True,False,loser,low
facebook,wispr-flow,,Wispr Flow,1410186047538937,Video,English,human-only,app-screencast,human-recorded,wispr-flow-g0157,unique,original,2026-05-28,2026-05-28,1,1,2026-05-23,5,False,22,22,22,22,False,True,476,1.0,True,True,False,loser,low
facebook,wispr-flow,,Wispr Flow,1640811040476262,Image,,,,,,,,2026-05-28,2026-05-28,1,1,2026-05-27,1,False,23,23,23,23,False,True,476,1.0,True,True,False,loser,low
facebook,wispr-flow,,Wispr Flow,2152493262262632,Image,,,,,,,,2026-05-28,2026-05-28,1,1,2026-05-18,10,False,24,24,24,24,False,True,476,1.0,True,True,False,loser,low
facebook,wispr-flow,,Wispr Flow,811543085145765,Image,,,,,,,,2026-05-28,2026-05-28,1,1,2026-05-18,10,False,25,25,25,25,False,True,476,1.0,True,True,False,loser,low
facebook,wispr-flow,,Wispr Flow,1007115604994768,Image,,,,,,,,2026-05-28,2026-05-28,1,1,2026-05-15,13,False,26,26,26,26,False,True,476,1.0,True,True,False,loser,low
facebook,wispr-flow,,Bryce Querubin,1327072366036770,Video,English,human-only,talking-head,human-recorded,wispr-flow-g0057,original,original,2026-05-28,2026-05-28,1,1,2026-05-21,7,False,27,27,27,27,False,True,476,1.0,True,True,False,loser,low
facebook,wispr-flow,,Wispr Flow,2169539090512694,Image,,,,,,,,2026-05-28,2026-05-28,1,1,2026-05-18,10,False,28,28,28,28,False,True,476,1.0,True,True,False,loser,low
facebook,wispr-flow,,Wispr Flow,1316066920475716,Image,,,,,,,,2026-05-28,2026-05-28,1,1,2026-05-23,5,False,29,29,29,29,False,True,476,1.0,True,True,False,loser,low
facebook,wispr-flow,,Wispr Flow,1700430384710408,Image,,,,,,,,2026-05-28,2026-05-28,1,1,2026-05-18,10,False,30,30,30,30,False,True,476,1.0,True,True,False,loser,low
facebook,wispr-flow,,Wispr Flow,1679889603157451,Video,English,human-only,talking-head,human-recorded,wispr-flow-g0025,original,original,2026-05-28,2026-05-28,1,1,2026-05-21,7,False,31,31,31,31,False,True,476,1.0,True,True,False,loser,low
facebook,wispr-flow,,Wispr Flow,2151758269557506,Image,,,,,,,,2026-05-28,2026-05-28,1,1,2026-05-27,1,False,32,32,32,32,False,True,476,1.0,True,True,False,loser,low
facebook,wispr-flow,,Wispr Flow,1265112498602213,Image,,,,,,,,2026-05-28,2026-05-28,1,1,2026-04-17,41,False,33,33,33,33,False,True,476,1.0,True,True,False,winner,high
facebook,wispr-flow,,Wispr Flow,1680340000078907,Image,,,,,,,,2026-05-28,2026-05-28,1,1,2026-04-29,29,False,34,34,34,34,False,True,476,1.0,True,True,False,winner,high
facebook,wispr-flow,,Bryce Querubin,1547799510245830,Video,English,human-only,app-screencast,mixed,wispr-flow-g0010,exact_replica,replica,2026-05-28,2026-05-28,1,1,2026-05-23,5,False,35,35,35,35,False,True,476,1.0,True,True,False,loser,low
facebook,wispr-flow,,Wispr Flow,976814981925609,Image,,,,,,,,2026-05-28,2026-05-28,1,1,2026-05-10,18,False,36,36,36,36,False,True,476,1.0,True,True,False,winner,high
facebook,wispr-flow,,Wispr Flow,1395179515999240,Video,Hindi,human-only,skit-narrative,human-recorded,wispr-flow-g0156,unique,original,2026-05-28,2026-05-28,1,1,2026-05-15,13,False,37,37,37,37,False,True,476,1.0,True,True,False,loser,low
facebook,wispr-flow,,Wispr Flow,1344855007551368,Video,English,human-only,talking-head,human-recorded,wispr-flow-g0151,unique,original,2026-05-28,2026-05-28,1,1,2026-05-21,7,False,38,38,38,38,False,True,476,1.0,True,True,False,loser,low
facebook,wispr-flow,,Wispr Flow,2124600818383377,Video,English,human-only,talking-head,human-recorded,wispr-flow-g0060,exact_replica,replica,2026-05-28,2026-05-28,1,1,2026-05-21,7,False,39,39,39,39,False,True,476,1.0,True,True,False,loser,low
facebook,wispr-flow,,Wispr Flow,969535065655350,Image,,,,,,,,2026-05-28,2026-05-28,1,1,2026-04-29,29,False,40,40,40,40,False,True,476,1.0,True,True,False,winner,high
facebook,wispr-flow,,Wispr Flow,3398790000298365,Video,English,human-only,app-screencast,human-recorded,wispr-flow-g0024,exact_replica,replica,2026-05-28,2026-05-28,1,1,2026-05-22,6,False,41,41,41,41,False,True,476,1.0,True,True,False,loser,low
facebook,wispr-flow,,Wispr Flow,1290680159494956,Video,English,human-only,talking-head,human-recorded,wispr-flow-g0049,original,original,2026-05-28,2026-05-28,1,1,2026-05-21,7,False,42,42,42,42,False,True,476,1.0,True,True,False,loser,low
facebook,wispr-flow,,Wispr Flow,1304712985124608,Video,English,human-only,talking-head,human-recorded,wispr-flow-g0147,unique,original,2026-05-28,2026-05-28,1,1,2026-05-22,6,False,43,43,43,43,False,True,476,1.0,True,True,False,loser,low
facebook,wispr-flow,,Wispr Flow,846359314632935,Video,Hindi,human-only,skit-narrative,human-recorded,wispr-flow-g0087,original,original,2026-05-28,2026-05-28,1,1,2026-05-15,13,False,44,44,44,44,False,True,476,1.0,True,True,False,loser,low
facebook,wispr-flow,,Wispr Flow,1307188548234290,Image,,,,,,,,2026-05-28,2026-05-28,1,1,2026-05-20,8,False,45,45,45,45,False,True,476,1.0,True,True,False,loser,low
facebook,wispr-flow,,Wispr Flow,2051239912455354,Image,,,,,,,,2026-05-28,2026-05-28,1,1,2026-04-17,41,False,46,46,46,46,False,True,476,1.0,True,True,False,winner,high
facebook,wispr-flow,,Fola Daini,1864869910859122,Video,English,human-only,skit-narrative,human-recorded,wispr-flow-g0111,original,original,2026-05-28,2026-05-28,1,1,2026-05-21,7,False,47,47,47,47,False,True,476,1.0,True,True,False,loser,low
facebook,wispr-flow,,Wispr Flow,1884892045481248,Video,English,human-only,talking-head,human-recorded,wispr-flow-g0112,original,original,2026-05-28,2026-05-28,1,1,2026-05-24,4,False,48,48,48,48,False,True,476,1.0,True,True,False,loser,low
facebook,wispr-flow,,Wispr Flow,2186056478900917,Video,English,human-only,talking-head,human-recorded,wispr-flow-g0026,exact_replica,replica,2026-05-28,2026-05-28,1,1,2026-05-21,7,False,49,49,49,49,False,True,476,1.0,True,True,False,loser,low
facebook,wispr-flow,,Wispr Flow,1648288179761448,Video,English,human-only,talking-head,human-recorded,wispr-flow-g0003,original,original,2026-05-28,2026-05-28,1,1,2026-05-23,5,False,50,50,50,50,False,True,476,1.0,True,True,False,loser,low
facebook,wispr-flow,,Dion Does Content,1666379031262907,Video,English,human-only,talking-head,human-recorded,wispr-flow-g0044,exact_replica,replica,2026-05-28,2026-05-28,1,1,2026-05-21,7,False,51,51,51,51,False,True,476,1.0,True,True,False,loser,low
facebook,wispr-flow,,Dominicjseph,2042834266268899,Video,English,human-only,split-screen,human-recorded,wispr-flow-g0177,unique,original,2026-05-28,2026-05-28,1,1,2026-05-21,7,False,52,52,52,52,False,True,476,1.0,True,True,False,loser,low
facebook,wispr-flow,,Wispr Flow,1321820823242307,Image,,,,,,,,2026-05-28,2026-05-28,1,1,2026-04-30,28,False,53,53,53,53,False,True,476,1.0,True,True,False,winner,high
facebook,wispr-flow,,Wispr Flow,1908695443093591,Image,,,,,,,,2026-05-28,2026-05-28,1,1,2026-04-25,33,False,54,54,54,54,False,True,476,1.0,True,True,False,winner,high
facebook,wispr-flow,,Wispr Flow,1333845745257365,Video,English,human-only,talking-head,human-recorded,wispr-flow-g0061,original,original,2026-05-28,2026-05-28,1,1,2026-05-15,13,False,55,55,55,55,False,True,476,1.0,True,True,False,loser,low
facebook,wispr-flow,,Bryce Querubin,2558183101307193,Video,English,human-only,app-screencast,human-recorded,wispr-flow-g0033,exact_replica,replica,2026-05-28,2026-05-28,1,1,2026-05-23,5,False,56,56,56,56,False,True,476,1.0,True,True,False,loser,low
facebook,wispr-flow,,Basic Bananas Marketing Mentoring,2835607609983877,Image,,,,,,,,2026-05-28,2026-05-28,1,1,2025-10-30,210,False,57,57,57,57,False,True,476,1.0,True,True,False,strong_winner,high
facebook,wispr-flow,,Bryce Querubin,2732353097151246,Video,English,human-only,talking-head,human-recorded,wispr-flow-g0057,exact_replica,replica,2026-05-28,2026-05-28,1,1,2026-05-21,7,False,58,58,58,58,False,True,476,1.0,True,True,False,loser,low
facebook,wispr-flow,,Wispr Flow,1872155040127046,Video,English,human-only,talking-head,human-recorded,wispr-flow-g0049,exact_replica,replica,2026-05-28,2026-05-28,1,1,2026-05-22,6,False,59,59,59,59,False,True,476,1.0,True,True,False,loser,low
facebook,wispr-flow,,Wispr Flow,2770851846614450,Video,English,human-only,talking-head,human-recorded,wispr-flow-g0015,exact_replica,replica,2026-05-28,2026-05-28,1,1,2026-05-22,6,False,60,60,60,60,False,True,476,1.0,True,True,False,loser,low
facebook,wispr-flow,,Bryce Querubin,1517519639959959,Video,English,human-only,app-screencast,mixed,wispr-flow-g0010,original,original,2026-05-28,2026-05-28,1,1,2026-05-21,7,False,61,61,61,61,False,True,476,1.0,True,True,False,loser,low
facebook,wispr-flow,,Wispr Flow,4093643220928515,Image,,,,,,,,2026-05-28,2026-05-28,1,1,2026-05-23,5,False,62,62,62,62,False,True,476,1.0,True,True,False,loser,low
facebook,wispr-flow,,Wispr Flow,996594529434742,Video,English,human-only,talking-head,human-recorded,wispr-flow-g0106,exact_replica,replica,2026-05-28,2026-05-28,1,1,2026-05-21,7,False,63,63,63,63,False,True,476,1.0,True,True,False,loser,low
facebook,wispr-flow,,Wispr Flow,1407053411186041,Image,,,,,,,,2026-05-28,2026-05-28,1,1,2026-05-20,8,False,64,64,64,64,False,True,476,1.0,True,True,False,loser,low
facebook,wispr-flow,,Wispr Flow,977082658436567,Video,English,voiceover-only,split-screen,human-recorded,wispr-flow-g0032,exact_replica,replica,2026-05-28,2026-05-28,1,1,2026-05-22,6,False,65,65,65,65,False,True,476,1.0,True,True,False,loser,low
facebook,wispr-flow,,Wispr Flow,1244613431077113,Video,English,voiceover-only,listicle-montage,human-recorded,wispr-flow-g0042,original,original,2026-05-28,2026-05-28,1,1,2026-05-05,23,False,66,66,66,66,False,True,476,1.0,True,True,False,winner,high
facebook,wispr-flow,,Fola Daini,4535846550034570,Video,English,human-only,skit-narrative,human-recorded,wispr-flow-g0111,exact_replica,replica,2026-05-28,2026-05-28,1,1,2026-05-21,7,False,67,67,67,67,False,True,476,1.0,True,True,False,loser,low
facebook,wispr-flow,,Wispr Flow,4436238149854864,Video,English,human-only,talking-head,human-recorded,wispr-flow-g0190,unique,original,2026-05-28,2026-05-28,1,1,2026-05-21,7,False,68,68,68,68,False,True,476,1.0,True,True,False,loser,low
facebook,wispr-flow,,Wispr Flow,2043391093053258,Video,Hindi,human-only,skit-narrative,human-recorded,wispr-flow-g0178,unique,original,2026-05-28,2026-05-28,1,1,2026-05-15,13,False,69,69,69,69,False,True,476,1.0,True,True,False,loser,low
facebook,wispr-flow,,Wispr Flow,2089850335192636,Image,,,,,,,,2026-05-28,2026-05-28,1,1,2026-04-29,29,False,70,70,70,70,False,True,476,1.0,True,True,False,winner,high
facebook,wispr-flow,,Wispr Flow,1283229190629431,Video,English,human-only,talking-head,human-recorded,wispr-flow-g0145,unique,original,2026-05-28,2026-05-28,1,1,2026-05-21,7,False,71,71,71,71,False,True,476,1.0,True,True,False,loser,low
facebook,wispr-flow,,Wispr Flow,1671995874069322,Image,,,,,,,,2026-05-28,2026-05-28,1,1,2026-05-16,12,False,72,72,72,72,False,True,476,1.0,True,True,False,loser,low
facebook,wispr-flow,,Wispr Flow,1676118757038657,Video,English,human-only,talking-head,human-recorded,wispr-flow-g0100,original,original,2026-05-28,2026-05-28,1,1,2026-05-21,7,False,73,73,73,73,False,True,476,1.0,True,True,False,loser,low
facebook,wispr-flow,,Dion Does Content,1266896538851718,Video,English,human-only,talking-head,human-recorded,wispr-flow-g0044,original,original,2026-05-28,2026-05-28,1,1,2026-05-18,10,False,74,74,74,74,False,True,476,1.0,True,True,False,loser,low
facebook,wispr-flow,,Wispr Flow,1003179348710919,Video,English,human-only,talking-head,human-recorded,wispr-flow-g0140,unique,original,2026-05-28,2026-05-28,1,1,2026-05-05,23,False,75,75,75,75,False,True,476,1.0,True,True,False,winner,high
facebook,wispr-flow,,Wispr Flow,1002523858919101,Image,,,,,,,,2026-05-28,2026-05-28,1,1,2026-05-23,5,False,76,76,76,76,False,True,476,1.0,True,True,False,loser,low
facebook,wispr-flow,,Bryce Querubin,26853065227676923,Video,English,voiceover-only,split-screen,human-recorded,wispr-flow-g0182,unique,original,2026-05-28,2026-05-28,1,1,2026-05-23,5,False,77,77,77,77,False,True,476,1.0,True,True,False,loser,low
facebook,wispr-flow,,Wispr Flow,1330964142244241,Video,English,human-only,talking-head,human-recorded,wispr-flow-g0060,original,original,2026-05-28,2026-05-28,1,1,2026-05-21,7,False,78,78,78,78,False,True,476,1.0,True,True,False,loser,low
facebook,wispr-flow,,Wispr Flow,1690497488636995,Video,English,human-only,talking-head,human-recorded,wispr-flow-g0011,reworded_replica,replica,2026-05-28,2026-05-28,1,1,2026-05-23,5,False,79,79,79,79,False,True,476,1.0,True,True,False,loser,low
facebook,wispr-flow,,Wispr Flow,4235413386773154,Image,,,,,,,,2026-05-28,2026-05-28,1,1,2026-05-15,13,False,80,80,80,80,False,True,476,1.0,True,True,False,loser,low
facebook,wispr-flow,,Wispr Flow,1452317883341969,Image,,,,,,,,2026-05-28,2026-05-28,1,1,2026-04-17,41,False,81,81,81,81,False,True,476,1.0,True,True,False,winner,high
facebook,wispr-flow,,Wispr Flow,1488628986378006,Video,English,human-only,talking-head,human-recorded,wispr-flow-g0026,original,original,2026-05-28,2026-05-28,1,1,2026-05-18,10,False,82,82,82,82,False,True,476,1.0,True,True,False,loser,low
facebook,wispr-flow,,Wispr Flow,1507366707840407,Image,,,,,,,,2026-05-28,2026-05-28,1,1,2026-05-15,13,False,83,83,83,83,False,True,476,1.0,True,True,False,loser,low
facebook,wispr-flow,,Wispr Flow,1505816484577671,Video,English,voiceover-only,listicle-montage,human-recorded,wispr-flow-g0042,exact_replica,replica,2026-05-28,2026-05-28,1,1,2026-05-23,5,False,84,84,84,84,False,True,476,1.0,True,True,False,loser,low
facebook,wispr-flow,,Dion Does Content,1230808302298799,Video,English,human-only,talking-head,human-recorded,wispr-flow-g0142,unique,original,2026-05-28,2026-05-28,1,1,2026-05-21,7,False,85,85,85,85,False,True,476,1.0,True,True,False,loser,low
facebook,wispr-flow,,Wispr Flow,28363907486531254,Video,English,human-only,talking-head,human-recorded,wispr-flow-g0018,exact_replica,replica,2026-05-28,2026-05-28,1,1,2026-05-22,6,False,86,86,86,86,False,True,476,1.0,True,True,False,loser,low
facebook,wispr-flow,,Wispr Flow,1341101164603689,Video,English,human-only,talking-head,human-recorded,wispr-flow-g0063,original,original,2026-05-28,2026-05-28,1,1,2026-05-21,7,False,87,87,87,87,False,True,476,1.0,True,True,False,loser,low
facebook,wispr-flow,,Wispr Flow,1394875489329016,Video,English,human-only,talking-head,human-recorded,wispr-flow-g0023,original,original,2026-05-28,2026-05-28,1,1,2026-05-22,6,False,88,88,88,88,False,True,476,1.0,True,True,False,loser,low
facebook,wispr-flow,,Bryce Querubin,1473846077550038,Video,English,voiceover-only,app-screencast,human-recorded,wispr-flow-g0006,exact_replica,replica,2026-05-28,2026-05-28,1,1,2026-05-21,7,False,89,89,89,89,False,True,476,1.0,True,True,False,loser,low
facebook,wispr-flow,,Wispr Flow,1389245473014883,Image,,,,,,,,2026-05-28,2026-05-28,1,1,2026-04-29,29,False,90,90,90,90,False,True,476,1.0,True,True,False,winner,high
facebook,wispr-flow,,Wispr Flow,1857387648974603,Video,Hinglish,human-only,skit-narrative,human-recorded,wispr-flow-g0108,original,original,2026-05-28,2026-05-28,1,1,2026-05-15,13,False,91,91,91,91,False,True,476,1.0,True,True,False,loser,low
facebook,wispr-flow,,Wispr Flow,987728243617910,Image,,,,,,,,2026-05-28,2026-05-28,1,1,2026-04-17,41,False,92,92,92,92,False,True,476,1.0,True,True,False,winner,high
facebook,wispr-flow,,Wispr Flow,831286949639991,Video,English,human-only,talking-head,human-recorded,wispr-flow-g0026,exact_replica,replica,2026-05-28,2026-05-28,1,1,2026-05-21,7,False,93,93,93,93,False,True,476,1.0,True,True,False,loser,low
facebook,wispr-flow,,Wispr Flow,778691951844405,Image,,,,,,,,2026-05-28,2026-05-28,1,1,2026-04-29,29,False,94,94,94,94,False,True,476,1.0,True,True,False,winner,high
facebook,wispr-flow,,Wispr Flow,736357786207635,Image,,,,,,,,2026-05-28,2026-05-28,1,1,2026-05-18,10,False,95,95,95,95,False,True,476,1.0,True,True,False,loser,low
facebook,wispr-flow,,Wispr Flow,1766180788089821,Video,unknown,human-only,skit-narrative,human-recorded,wispr-flow-g0001,visual_variant,replica,2026-05-28,2026-05-28,1,1,2026-05-22,6,False,96,96,96,96,False,True,476,1.0,True,True,False,loser,low
facebook,wispr-flow,,Bryce Querubin,2732641793773250,Video,English,voiceover-only,app-screencast,human-recorded,wispr-flow-g0006,exact_replica,replica,2026-05-28,2026-05-28,1,1,2026-05-21,7,False,97,97,97,97,False,True,476,1.0,True,True,False,loser,low
facebook,wispr-flow,,Wispr Flow,953817067634152,Image,,,,,,,,2026-05-28,2026-05-28,1,1,2026-05-12,16,False,98,98,98,98,False,True,476,1.0,True,True,False,winner,high
facebook,wispr-flow,,Wispr Flow,1653529422588763,Video,English,human-only,talking-head,human-recorded,wispr-flow-g0031,original,original,2026-05-28,2026-05-28,1,1,2026-05-22,6,False,99,99,99,99,False,True,476,1.0,True,True,False,loser,low
facebook,wispr-flow,,Wispr Flow,4447325295586275,Image,,,,,,,,2026-05-28,2026-05-28,1,1,2026-05-15,13,False,100,100,100,100,False,True,476,1.0,True,True,False,loser,low
facebook,wispr-flow,,Wispr Flow,2417519245417895,Video,English,human-only,talking-head,human-recorded,wispr-flow-g0127,original,original,2026-05-28,2026-05-28,1,1,2026-05-23,5,False,101,101,101,101,False,True,476,1.0,False,True,False,loser,low
facebook,wispr-flow,,Wispr Flow,1532309055242158,Image,,,,,,,,2026-05-28,2026-05-28,1,1,2026-05-22,6,False,102,102,102,102,False,True,476,1.0,False,True,False,loser,low
facebook,wispr-flow,,Wispr Flow,1573209414222400,Video,English,human-only,split-screen,human-recorded,wispr-flow-g0009,exact_replica,replica,2026-05-28,2026-05-28,1,1,2026-05-22,6,False,103,103,103,103,False,True,476,1.0,False,True,False,loser,low
facebook,wispr-flow,,Wispr Flow,1299672751710265,Video,English,human-only,talking-head,human-recorded,wispr-flow-g0051,original,original,2026-05-28,2026-05-28,1,1,2026-05-21,7,False,104,104,104,104,False,True,476,1.0,False,True,False,loser,low
facebook,wispr-flow,,Wispr Flow,1789766065330509,Image,,,,,,,,2026-05-28,2026-05-28,1,1,2026-05-15,13,False,105,105,105,105,False,True,476,1.0,False,True,False,loser,low
facebook,wispr-flow,,Wispr Flow,1710498496891331,Video,English,human-only,talking-head,human-recorded,wispr-flow-g0106,original,original,2026-05-28,2026-05-28,1,1,2026-05-21,7,False,106,106,106,106,False,True,476,1.0,False,True,False,loser,low
facebook,wispr-flow,,Wispr Flow,1512744190530792,Video,English,human-only,split-screen,human-recorded,wispr-flow-g0081,original,original,2026-05-28,2026-05-28,1,1,2026-05-27,1,False,107,107,107,107,False,True,476,1.0,False,True,False,loser,low
facebook,wispr-flow,,Dion Does Content,1324244086252624,Video,English,human-only,talking-head,human-recorded,wispr-flow-g0056,original,original,2026-05-28,2026-05-28,1,1,2026-05-21,7,False,108,108,108,108,False,True,476,1.0,False,True,False,loser,low
facebook,wispr-flow,,Dion Does Content,852905427869057,Video,English,human-only,split-screen,human-recorded,wispr-flow-g0192,unique,original,2026-05-28,2026-05-28,1,1,2026-05-23,5,False,109,109,109,109,False,True,476,1.0,False,True,False,loser,low
facebook,wispr-flow,,Wispr Flow,1650274326098141,Video,English,human-only,talking-head,human-recorded,wispr-flow-g0030,original,original,2026-05-28,2026-05-28,1,1,2026-05-21,7,False,110,110,110,110,False,True,476,1.0,False,True,False,loser,low
facebook,wispr-flow,,Wispr Flow,1213777460734259,Image,,,,,,,,2026-05-28,2026-05-28,1,1,2026-05-22,6,False,111,111,111,111,False,True,476,1.0,False,True,False,loser,low
facebook,wispr-flow,,Wispr Flow,1664156547958622,Image,,,,,,,,2026-05-28,2026-05-28,1,1,2026-05-15,13,False,112,112,112,112,False,True,476,1.0,False,True,False,loser,low
facebook,wispr-flow,,Wispr Flow,1653406269221996,Video,English,human-only,talking-head,human-recorded,wispr-flow-g0020,original,original,2026-05-28,2026-05-28,1,1,2026-05-21,7,False,113,113,113,113,False,True,476,1.0,False,True,False,loser,low
facebook,wispr-flow,,Wispr Flow,4570173356640395,Image,,,,,,,,2026-05-28,2026-05-28,1,1,2026-05-18,10,False,114,114,114,114,False,True,476,1.0,False,True,False,loser,low
facebook,wispr-flow,,Wispr Flow,2402770113563221,Video,English,human-only,talking-head,human-recorded,wispr-flow-g0030,exact_replica,replica,2026-05-28,2026-05-28,1,1,2026-05-21,7,False,115,115,115,115,False,True,476,1.0,False,True,False,loser,low
facebook,wispr-flow,,Wispr Flow,25627006063641773,Image,,,,,,,,2026-05-28,2026-05-28,1,1,2026-04-17,41,False,116,116,116,116,False,True,476,1.0,False,True,False,loser,low
facebook,wispr-flow,,Wispr Flow,1338416851516422,Image,,,,,,,,2026-05-28,2026-05-28,1,1,2026-05-15,13,False,117,117,117,117,False,True,476,1.0,False,True,False,loser,low
facebook,wispr-flow,,Wispr Flow,1690940302047579,Image,,,,,,,,2026-05-28,2026-05-28,1,1,2026-05-18,10,False,118,118,118,118,False,True,476,1.0,False,True,False,loser,low
facebook,wispr-flow,,Dion Does Content,2122878071825151,Video,English,human-only,split-screen,human-recorded,wispr-flow-g0124,original,original,2026-05-28,2026-05-28,1,1,2026-05-21,7,False,119,119,119,119,False,True,476,1.0,False,True,False,loser,low
facebook,wispr-flow,,Wispr Flow,1000838749475246,Video,English,human-only,split-screen,human-recorded,wispr-flow-g0139,unique,original,2026-05-28,2026-05-28,1,1,2026-05-21,7,False,120,120,120,120,False,True,476,0.0,False,False,False,loser,low
facebook,wispr-flow,,Dion Does Content,988070633918039,Video,English,human-only,split-screen,human-recorded,wispr-flow-g0078,exact_replica,replica,2026-05-28,2026-05-28,1,1,2026-05-24,4,False,121,121,121,121,False,True,476,0.0,False,False,False,loser,low
facebook,wispr-flow,,Wispr Flow,3482883728559587,Video,English,human-only,talking-head,human-recorded,wispr-flow-g0187,unique,original,2026-05-28,2026-05-28,1,1,2026-05-15,13,False,122,122,122,122,False,True,476,0.0,False,False,False,loser,low
facebook,wispr-flow,,Dion Does Content,1465202198203162,Video,English,human-only,talking-head,human-recorded,wispr-flow-g0072,original,original,2026-05-28,2026-05-28,1,1,2026-05-21,7,False,123,123,123,123,False,True,476,0.0,False,False,False,loser,low
facebook,wispr-flow,,Wispr Flow,2504655613302155,Video,English,human-only,split-screen,human-recorded,wispr-flow-g0094,exact_replica,replica,2026-05-28,2026-05-28,1,1,2026-05-21,7,False,124,124,124,124,False,True,476,0.0,False,False,False,loser,low
facebook,wispr-flow,,Wispr Flow,1304930827640000,Image,,,,,,,,2026-05-28,2026-05-28,1,1,2026-05-15,13,False,125,125,125,125,False,True,476,0.0,False,False,False,loser,low
facebook,wispr-flow,,Dion Does Content,963873423308072,Video,English,human-only,split-screen,human-recorded,wispr-flow-g0037,exact_replica,replica,2026-05-28,2026-05-28,1,1,2026-05-21,7,False,126,126,126,126,False,True,476,0.0,False,False,False,loser,low
facebook,wispr-flow,,Wispr Flow,1348451947202496,Video,English,human-only,talking-head,human-recorded,wispr-flow-g0021,exact_replica,replica,2026-05-28,2026-05-28,1,1,2026-05-22,6,False,127,127,127,127,False,True,476,0.0,False,False,False,loser,low
facebook,wispr-flow,,Wispr Flow,1502135684947381,Video,English,human-only,split-screen,human-recorded,wispr-flow-g0009,original,original,2026-05-28,2026-05-28,1,1,2026-05-22,6,False,128,128,128,128,False,True,476,0.0,False,False,False,loser,low
facebook,wispr-flow,,Wispr Flow,1629992708068632,Video,English,human-only,talking-head,human-recorded,wispr-flow-g0022,exact_replica,replica,2026-05-28,2026-05-28,1,1,2026-05-22,6,False,129,129,129,129,False,True,476,0.0,False,False,False,loser,low
facebook,wispr-flow,,Wispr Flow,849926281487625,Video,English,human-only,talking-head,human-recorded,wispr-flow-g0008,exact_replica,replica,2026-05-28,2026-05-28,1,1,2026-05-21,7,False,130,130,130,130,False,True,476,0.0,False,False,False,loser,low
facebook,wispr-flow,,Wispr Flow,1769589530676290,Image,,,,,,,,2026-05-28,2026-05-28,1,1,2026-05-18,10,False,131,131,131,131,False,True,476,0.0,False,False,False,loser,low
facebook,wispr-flow,,Wispr Flow,1894343737944061,Video,English,human-only,talking-head,human-recorded,wispr-flow-g0176,unique,original,2026-05-28,2026-05-28,1,1,2026-05-21,7,False,132,132,132,132,False,True,476,0.0,False,False,False,loser,low
facebook,wispr-flow,,Wispr Flow,1496629299149131,Video,English,human-only,talking-head,human-recorded,wispr-flow-g0027,original,original,2026-05-28,2026-05-28,1,1,2026-05-21,7,False,133,133,133,133,False,True,476,0.0,False,False,False,loser,low
facebook,wispr-flow,,Wispr Flow,1168519741972828,Image,,,,,,,,2026-05-28,2026-05-28,1,1,2026-04-17,41,False,134,134,134,134,False,True,476,0.0,False,False,False,loser,low
facebook,wispr-flow,,Wispr Flow,2164552131032487,Image,,,,,,,,2026-05-28,2026-05-28,1,1,2026-05-03,25,False,135,135,135,135,False,True,476,0.0,False,False,False,loser,low
facebook,wispr-flow,,Bryce Querubin,2024721988254064,Video,English,human-only,app-screencast,human-recorded,wispr-flow-g0033,original,original,2026-05-28,2026-05-28,1,1,2026-05-21,7,False,136,136,136,136,False,True,476,0.0,False,False,False,loser,low
facebook,wispr-flow,,Wispr Flow,831050683019062,Video,English,human-only,talking-head,human-recorded,wispr-flow-g0122,exact_replica,replica,2026-05-28,2026-05-28,1,1,2026-05-21,7,False,137,137,137,137,False,True,476,0.0,False,False,False,loser,low
facebook,wispr-flow,,Dion Does Content,1659440741978591,Video,English,human-only,split-screen,human-recorded,wispr-flow-g0098,original,original,2026-05-28,2026-05-28,1,1,2026-05-21,7,False,138,138,138,138,False,True,476,0.0,False,False,False,loser,low
facebook,wispr-flow,,Bryce Querubin,2119253888654752,Video,English,voiceover-only,app-screencast,human-recorded,wispr-flow-g0006,exact_replica,replica,2026-05-28,2026-05-28,1,1,2026-05-21,7,False,139,139,139,139,False,True,476,0.0,False,False,False,loser,low
facebook,wispr-flow,,Wispr Flow,1472379261037057,Image,,,,,,,,2026-05-28,2026-05-28,1,1,2026-05-18,10,False,140,140,140,140,False,True,476,0.0,False,False,False,loser,low
facebook,wispr-flow,,Wispr Flow,1474647687730449,Image,,,,,,,,2026-05-28,2026-05-28,1,1,2026-05-15,13,False,141,141,141,141,False,True,476,0.0,False,False,False,loser,low
facebook,wispr-flow,,Wispr Flow,1613872029715012,Image,,,,,,,,2026-05-28,2026-05-28,1,1,2026-05-27,1,False,142,142,142,142,False,True,476,0.0,False,False,False,loser,low
facebook,wispr-flow,,Wispr Flow,993887699889806,Video,English,human-only,talking-head,human-recorded,wispr-flow-g0199,unique,original,2026-05-28,2026-05-28,1,1,2026-05-21,7,False,143,143,143,143,False,True,476,0.0,False,False,False,loser,low
facebook,wispr-flow,,Wispr Flow,1711610066512320,Video,English,human-only,talking-head,human-recorded,wispr-flow-g0173,unique,original,2026-05-28,2026-05-28,1,1,2026-05-23,5,False,144,144,144,144,False,True,476,0.0,False,False,False,loser,low
facebook,wispr-flow,,Wispr Flow,2084499892108477,Video,English,human-only,talking-head,human-recorded,wispr-flow-g0122,original,original,2026-05-28,2026-05-28,1,1,2026-05-18,10,False,145,145,145,145,False,True,476,0.0,False,False,False,loser,low
facebook,wispr-flow,,Wispr Flow,1949617632324117,Image,,,,,,,,2026-05-28,2026-05-28,1,1,2026-04-17,41,False,146,146,146,146,False,True,476,0.0,False,False,False,loser,low
facebook,wispr-flow,,Wispr Flow,26296350260044370,Image,,,,,,,,2026-05-28,2026-05-28,1,1,2026-05-15,13,False,147,147,147,147,False,True,476,0.0,False,False,False,loser,low
facebook,wispr-flow,,Wispr Flow,767796019658058,Video,English,human-only,talking-head,human-recorded,wispr-flow-g0029,exact_replica,replica,2026-05-28,2026-05-28,1,1,2026-05-22,6,False,148,148,148,148,False,True,476,0.0,False,False,False,loser,low
facebook,wispr-flow,,Wispr Flow,1630983688019061,Image,,,,,,,,2026-05-28,2026-05-28,1,1,2026-04-17,41,False,149,149,149,149,False,True,476,0.0,False,False,False,loser,low
facebook,wispr-flow,,Wispr Flow,836902862366291,Video,English,human-only,talking-head,human-recorded,wispr-flow-g0005,exact_replica,replica,2026-05-28,2026-05-28,1,1,2026-05-21,7,False,150,150,150,150,False,True,476,0.0,False,False,False,loser,low
facebook,wispr-flow,,Dion Does Content,999613062571788,Video,English,human-only,talking-head,human-recorded,wispr-flow-g0056,exact_replica,replica,2026-05-28,2026-05-28,1,1,2026-05-21,7,False,151,151,151,151,False,True,476,0.0,False,False,False,loser,low
facebook,wispr-flow,,Wispr Flow,1008277438210393,Video,English,human-only,talking-head,human-recorded,wispr-flow-g0035,original,original,2026-05-28,2026-05-28,1,1,2026-05-21,7,False,152,152,152,152,False,True,476,0.0,False,False,False,loser,low
facebook,wispr-flow,,Dion Does Content,1514844143419145,Video,English,human-only,talking-head,human-recorded,wispr-flow-g0083,original,original,2026-05-28,2026-05-28,1,1,2026-05-21,7,False,153,153,153,153,False,True,476,0.0,False,False,False,loser,low
facebook,wispr-flow,,Wispr Flow,1575558140951930,Video,,,,,,,,2026-05-28,2026-05-28,1,1,2026-05-22,6,False,154,154,154,154,False,True,476,0.0,False,False,False,loser,low
facebook,wispr-flow,,Wispr Flow,1457795429720362,Video,English,human-only,talking-head,human-recorded,wispr-flow-g0069,original,original,2026-05-28,2026-05-28,1,1,2026-05-21,7,False,155,155,155,155,False,True,476,0.0,False,False,False,loser,low
facebook,wispr-flow,,Wispr Flow,1644842533399361,Image,,,,,,,,2026-05-28,2026-05-28,1,1,2026-05-18,10,False,156,156,156,156,False,True,476,0.0,False,False,False,loser,low
facebook,wispr-flow,,Wispr Flow,829943616823793,Image,,,,,,,,2026-05-28,2026-05-28,1,1,2026-05-15,13,False,157,157,157,157,False,True,476,0.0,False,False,False,loser,low
facebook,wispr-flow,,Bryce Querubin,1307707194110436,Video,English,voiceover-only,app-screencast,human-recorded,wispr-flow-g0006,original,original,2026-05-28,2026-05-28,1,1,2026-05-21,7,False,158,158,158,158,False,True,476,0.0,False,False,False,loser,low
facebook,wispr-flow,,Wispr Flow,1347312157244411,Video,English,human-only,talking-head,human-recorded,wispr-flow-g0153,unique,original,2026-05-28,2026-05-28,1,1,2026-05-23,5,False,159,159,159,159,False,True,476,0.0,False,False,False,loser,low
facebook,wispr-flow,,Wispr Flow,1721178389296475,Image,,,,,,,,2026-05-28,2026-05-28,1,1,2026-05-18,10,False,160,160,160,160,False,True,476,0.0,False,False,False,loser,low
facebook,wispr-flow,,Wispr Flow,1781458526560240,Image,,,,,,,,2026-05-28,2026-05-28,1,1,2026-05-23,5,False,161,161,161,161,False,True,476,0.0,False,False,False,loser,low
facebook,wispr-flow,,Wispr Flow,868494942244631,Video,English,human-only,talking-head,human-recorded,wispr-flow-g0136,original,original,2026-05-28,2026-05-28,1,1,2026-05-23,5,False,162,162,162,162,False,True,476,0.0,False,False,False,loser,low
facebook,wispr-flow,,Wispr Flow,2210336443061066,Image,,,,,,,,2026-05-28,2026-05-28,1,1,2026-05-18,10,False,163,163,163,163,False,True,476,0.0,False,False,False,loser,low
facebook,wispr-flow,,Wispr Flow,2082253205967465,Image,,,,,,,,2026-05-28,2026-05-28,1,1,2026-05-15,13,False,164,164,164,164,False,True,476,0.0,False,False,False,loser,low
facebook,wispr-flow,,Dion Does Content,1674744247102852,Video,English,human-only,split-screen,human-recorded,wispr-flow-g0098,exact_replica,replica,2026-05-28,2026-05-28,1,1,2026-05-22,6,False,165,165,165,165,False,True,476,0.0,False,False,False,loser,low
facebook,wispr-flow,,Wispr Flow,1888210885110974,Image,,,,,,,,2026-05-28,2026-05-28,1,1,2026-05-23,5,False,166,166,166,166,False,True,476,0.0,False,False,False,loser,low
facebook,wispr-flow,,Wispr Flow,2078334223081418,Image,,,,,,,,2026-05-28,2026-05-28,1,1,2026-04-30,28,False,167,167,167,167,False,True,476,0.0,False,False,False,loser,low
facebook,wispr-flow,,Wispr Flow,1690288628956827,Video,English,human-only,split-screen,human-recorded,wispr-flow-g0169,unique,original,2026-05-28,2026-05-28,1,1,2026-05-23,5,False,168,168,168,168,False,True,476,0.0,False,False,False,loser,low
facebook,wispr-flow,,Wispr Flow,4297648813878804,Image,,,,,,,,2026-05-28,2026-05-28,1,1,2026-05-14,14,False,169,169,169,169,False,True,476,0.0,False,False,False,loser,low
facebook,wispr-flow,,Wispr Flow,965590616346605,Video,English,human-only,talking-head,human-recorded,wispr-flow-g0196,unique,original,2026-05-28,2026-05-28,1,1,2026-05-23,5,False,170,170,170,170,False,True,476,0.0,False,False,False,loser,low
facebook,wispr-flow,,Wispr Flow,4399399116992624,Video,English,human-only,talking-head,human-recorded,wispr-flow-g0002,exact_replica,replica,2026-05-28,2026-05-28,1,1,2026-05-22,6,False,171,171,171,171,False,True,476,0.0,False,False,False,loser,low
facebook,wispr-flow,,Wispr Flow,26578956815133786,Video,unknown,human-only,split-screen,human-recorded,wispr-flow-g0001,reworded_replica,replica,2026-05-28,2026-05-28,1,1,2026-05-21,7,False,172,172,172,172,False,True,476,0.0,False,False,False,loser,low
facebook,wispr-flow,,Wispr Flow,992038293776025,Video,English,human-only,split-screen,human-recorded,wispr-flow-g0009,exact_replica,replica,2026-05-28,2026-05-28,1,1,2026-05-05,23,False,173,173,173,173,False,True,476,0.0,False,False,False,loser,low
facebook,wispr-flow,,Bryce Querubin,1545342520554361,Video,English,human-only,app-screencast,human-recorded,wispr-flow-g0059,exact_replica,replica,2026-05-28,2026-05-28,1,1,2026-05-23,5,False,174,174,174,174,False,True,476,0.0,False,False,False,loser,low
facebook,wispr-flow,,Dan Martell,1664643048177567,Carousel,,,,,,,,2026-05-28,2026-05-28,1,1,2026-05-23,5,False,175,175,175,175,False,True,476,0.0,False,False,False,loser,low
facebook,wispr-flow,,Wispr Flow,1313063437468973,Video,English,human-only,talking-head,human-recorded,wispr-flow-g0054,original,original,2026-05-28,2026-05-28,1,1,2026-05-18,10,False,176,176,176,176,False,True,476,0.0,False,False,False,loser,low
facebook,wispr-flow,,Dion Does Content,2907797752900359,Video,English,human-only,talking-head,human-recorded,wispr-flow-g0070,exact_replica,replica,2026-05-28,2026-05-28,1,1,2026-05-21,7,False,177,177,177,177,False,True,476,0.0,False,False,False,loser,low
facebook,wispr-flow,,Wispr Flow,3110551179133059,Video,English,human-only,talking-head,human-recorded,wispr-flow-g0054,reworded_replica,replica,2026-05-28,2026-05-28,1,1,2026-05-21,7,False,178,178,178,178,False,True,476,0.0,False,False,False,loser,low
facebook,wispr-flow,,Wispr Flow,4086432868320778,Image,,,,,,,,2026-05-28,2026-05-28,1,1,2026-04-30,28,False,179,179,179,179,False,True,476,0.0,False,False,False,loser,low
facebook,wispr-flow,,Wispr Flow,967677179397099,Video,English,human-only,talking-head,human-recorded,wispr-flow-g0119,exact_replica,replica,2026-05-28,2026-05-28,1,1,2026-05-21,7,False,180,180,180,180,False,True,476,0.0,False,False,False,loser,low
facebook,wispr-flow,,Wispr Flow,1534273534755094,Video,English,human-only,talking-head,human-recorded,wispr-flow-g0035,exact_replica,replica,2026-05-28,2026-05-28,1,1,2026-05-21,7,False,181,181,181,181,False,True,476,0.0,False,False,False,loser,low
facebook,wispr-flow,,Wispr Flow,2078216392740498,Image,,,,,,,,2026-05-28,2026-05-28,1,1,2026-05-18,10,False,182,182,182,182,False,True,476,0.0,False,False,False,loser,low
facebook,wispr-flow,,Wispr Flow,2225304311630453,Image,,,,,,,,2026-05-28,2026-05-28,1,1,2026-05-15,13,False,183,183,183,183,False,True,476,0.0,False,False,False,loser,low
facebook,wispr-flow,,Wispr Flow,1395320139283491,Video,English,human-only,split-screen,human-recorded,wispr-flow-g0065,original,original,2026-05-28,2026-05-28,1,1,2026-05-21,7,False,184,184,184,184,False,True,476,0.0,False,False,False,loser,low
facebook,wispr-flow,,Dion Does Content,2011638906393051,Video,English,human-only,talking-head,human-recorded,wispr-flow-g0117,original,original,2026-05-28,2026-05-28,1,1,2026-05-21,7,False,185,185,185,185,False,True,476,0.0,False,False,False,loser,low
facebook,wispr-flow,,Wispr Flow,1519993253052122,Image,,,,,,,,2026-05-28,2026-05-28,1,1,2026-05-15,13,False,186,186,186,186,False,True,476,0.0,False,False,False,loser,low
facebook,wispr-flow,,Wispr Flow,1307431290729921,Image,,,,,,,,2026-05-28,2026-05-28,1,1,2026-05-15,13,False,187,187,187,187,False,True,476,0.0,False,False,False,loser,low
facebook,wispr-flow,,Wispr Flow,1297642861998332,Video,English,human-only,talking-head,human-recorded,wispr-flow-g0146,unique,original,2026-05-28,2026-05-28,1,1,2026-05-23,5,False,188,188,188,188,False,True,476,0.0,False,False,False,loser,low
facebook,wispr-flow,,Reselle,967758139096013,Image,,,,,,,,2026-05-28,2026-05-28,1,1,2026-04-30,28,False,189,189,189,189,False,True,476,0.0,False,False,False,loser,low
facebook,wispr-flow,,Wispr Flow,1957249268287320,Image,,,,,,,,2026-05-28,2026-05-28,1,1,2026-05-12,16,False,190,190,190,190,False,True,476,0.0,False,False,False,loser,low
facebook,wispr-flow,,Bryce Querubin,1466557791940649,Video,English,human-only,app-screencast,human-recorded,wispr-flow-g0067,exact_replica,replica,2026-05-28,2026-05-28,1,1,2026-05-22,6,False,191,191,191,191,False,True,476,0.0,False,False,False,loser,low
facebook,wispr-flow,,Dion Does Content,1018315570618531,Video,English,human-only,split-screen,human-recorded,wispr-flow-g0037,original,original,2026-05-28,2026-05-28,1,1,2026-05-21,7,False,192,192,192,192,False,True,476,0.0,False,False,False,loser,low
facebook,wispr-flow,,Wispr Flow,2220276032124660,Image,,,,,,,,2026-05-28,2026-05-28,1,1,2026-05-15,13,False,193,193,193,193,False,True,476,0.0,False,False,False,loser,low
facebook,wispr-flow,,Wispr Flow,872676911783297,Video,English,human-only,talking-head,human-recorded,wispr-flow-g0123,exact_replica,replica,2026-05-28,2026-05-28,1,1,2026-05-21,7,False,194,194,194,194,False,True,476,0.0,False,False,False,loser,low
facebook,wispr-flow,,Wispr Flow,822770594245538,Video,English,voiceover-only,split-screen,human-recorded,wispr-flow-g0032,exact_replica,replica,2026-05-28,2026-05-28,1,1,2026-05-21,7,False,195,195,195,195,False,True,476,0.0,False,False,False,loser,low
facebook,wispr-flow,,Wispr Flow,2192062011197722,Video,English,human-only,split-screen,human-recorded,wispr-flow-g0103,exact_replica,replica,2026-05-28,2026-05-28,1,1,2026-05-23,5,False,196,196,196,196,False,True,476,0.0,False,False,False,loser,low
facebook,wispr-flow,,Wispr Flow,1285569029603660,Image,,,,,,,,2026-05-28,2026-05-28,1,1,2026-04-17,41,False,197,197,197,197,False,True,476,0.0,False,False,False,loser,low
facebook,wispr-flow,,Wispr Flow,976644315127989,Video,English,human-only,app-screencast,mixed,wispr-flow-g0010,exact_replica,replica,2026-05-28,2026-05-28,1,1,2026-05-24,4,False,198,198,198,198,False,True,476,0.0,False,False,False,loser,low
facebook,wispr-flow,,Wispr Flow,956167000382209,Video,English,human-only,talking-head,human-recorded,wispr-flow-g0012,exact_replica,replica,2026-05-28,2026-05-28,1,1,2026-05-21,7,False,199,199,199,199,False,True,476,0.0,False,False,False,loser,low
facebook,wispr-flow,,Wispr Flow,27769694415953681,Video,English,human-only,talking-head,human-recorded,wispr-flow-g0185,unique,original,2026-05-28,2026-05-28,1,1,2026-05-21,7,False,200,200,200,200,False,True,476,0.0,False,False,False,loser,low
facebook,wispr-flow,,Wispr Flow,999768679663949,Video,English,human-only,split-screen,human-recorded,wispr-flow-g0071,exact_replica,replica,2026-05-28,2026-05-28,1,1,2026-05-21,7,False,201,201,201,201,False,True,476,0.0,False,False,False,loser,low
facebook,wispr-flow,,Wispr Flow,1378250434135755,Video,English,human-only,skit-narrative,human-recorded,wispr-flow-g0154,unique,original,2026-05-28,2026-05-28,1,1,2026-05-21,7,False,202,202,202,202,False,True,476,0.0,False,False,False,loser,low
facebook,wispr-flow,,Wispr Flow,2589191581496421,Video,English,human-only,split-screen,human-recorded,wispr-flow-g0014,exact_replica,replica,2026-05-28,2026-05-28,1,1,2026-05-21,7,False,203,203,203,203,False,True,476,0.0,False,False,False,loser,low
facebook,wispr-flow,,Wispr Flow,2048519246099318,Video,English,human-only,talking-head,human-recorded,wispr-flow-g0085,exact_replica,replica,2026-05-28,2026-05-28,1,1,2026-05-21,7,False,204,204,204,204,False,True,476,0.0,False,False,False,loser,low
facebook,wispr-flow,,Wispr Flow,1335436018528237,Video,English,human-only,skit-narrative,human-recorded,wispr-flow-g0150,unique,original,2026-05-28,2026-05-28,1,1,2026-05-21,7,False,205,205,205,205,False,True,476,0.0,False,False,False,loser,low
facebook,wispr-flow,,Wispr Flow,1693650765117984,Video,English,human-only,talking-head,human-recorded,wispr-flow-g0104,original,original,2026-05-28,2026-05-28,1,1,2026-05-21,7,False,206,206,206,206,False,True,476,0.0,False,False,False,loser,low
facebook,wispr-flow,,Bryce Querubin,1422241006596275,Video,English,human-only,app-screencast,human-recorded,wispr-flow-g0067,original,original,2026-05-28,2026-05-28,1,1,2026-05-21,7,False,207,207,207,207,False,True,476,0.0,False,False,False,loser,low
facebook,wispr-flow,,Wispr Flow,1506096514359130,Video,English,human-only,talking-head,human-recorded,wispr-flow-g0079,original,original,2026-05-28,2026-05-28,1,1,2026-05-21,7,False,208,208,208,208,False,True,476,0.0,False,False,False,loser,low
facebook,wispr-flow,,Bryce Querubin,1328231482705036,Video,English,human-only,app-screencast,human-recorded,wispr-flow-g0059,original,original,2026-05-28,2026-05-28,1,1,2026-05-22,6,False,209,209,209,209,False,True,476,0.0,False,False,False,loser,low
facebook,wispr-flow,,Wispr Flow,1625555125168516,Video,English,human-only,split-screen,human-recorded,wispr-flow-g0094,original,original,2026-05-28,2026-05-28,1,1,2026-05-21,7,False,210,210,210,210,False,True,476,0.0,False,False,False,loser,low
facebook,wispr-flow,,Wispr Flow,1511018107035710,Video,English,human-only,talking-head,human-recorded,wispr-flow-g0062,exact_replica,replica,2026-05-28,2026-05-28,1,1,2026-05-21,7,False,211,211,211,211,False,True,476,0.0,False,False,False,loser,low
facebook,wispr-flow,,Wispr Flow,1475576313559918,Video,English,human-only,listicle-montage,human-recorded,wispr-flow-g0161,unique,original,2026-05-28,2026-05-28,1,1,2026-05-22,6,False,212,212,212,212,False,True,476,0.0,False,False,False,loser,low
facebook,wispr-flow,,Wispr Flow,2452008935277426,Video,,,,,,,,2026-05-28,2026-05-28,1,1,2026-05-21,7,False,213,213,213,213,False,True,476,0.0,False,False,False,loser,low
facebook,wispr-flow,,Wispr Flow,2057704855158545,Video,English,human-only,talking-head,human-recorded,wispr-flow-g0120,original,original,2026-05-28,2026-05-28,1,1,2026-05-21,7,False,214,214,214,214,False,True,476,0.0,False,False,False,loser,low
facebook,wispr-flow,,Wispr Flow,1626951528610165,Video,English,human-only,talking-head,human-recorded,wispr-flow-g0002,exact_replica,replica,2026-05-28,2026-05-28,1,1,2026-05-21,7,False,215,215,215,215,False,True,476,0.0,False,False,False,loser,low
facebook,wispr-flow,,Dion Does Content,1506064064391726,Video,English,human-only,split-screen,human-recorded,wispr-flow-g0078,original,original,2026-05-28,2026-05-28,1,1,2026-05-24,4,False,216,216,216,216,False,True,476,0.0,False,False,False,loser,low
facebook,wispr-flow,,Wispr Flow,1218671753547509,Video,English,human-only,talking-head,human-recorded,wispr-flow-g0005,original,original,2026-05-28,2026-05-28,1,1,2026-05-21,7,False,217,217,217,217,False,True,476,0.0,False,False,False,loser,low
facebook,wispr-flow,,Wispr Flow,1249200367294137,Image,,,,,,,,2026-05-28,2026-05-28,1,1,2026-05-15,13,False,218,218,218,218,False,True,476,0.0,False,False,False,loser,low
facebook,wispr-flow,,Dion Does Content,1458287982290511,Video,English,human-only,talking-head,human-recorded,wispr-flow-g0070,original,original,2026-05-28,2026-05-28,1,1,2026-05-21,7,False,219,219,219,219,False,True,476,0.0,False,False,False,loser,low
facebook,wispr-flow,,Wispr Flow,2643031549458709,Image,,,,,,,,2026-05-28,2026-05-28,1,1,2026-05-18,10,False,220,220,220,220,False,True,476,0.0,False,False,False,loser,low
facebook,wispr-flow,,Wispr Flow,1949715605678668,Image,,,,,,,,2026-05-28,2026-05-28,1,1,2026-05-18,10,False,221,221,221,221,False,True,476,0.0,False,False,False,loser,low
facebook,wispr-flow,,Wispr Flow,2115243479041912,Video,English,human-only,talking-head,human-recorded,wispr-flow-g0123,original,original,2026-05-28,2026-05-28,1,1,2026-05-21,7,False,222,222,222,222,False,True,476,0.0,False,False,False,loser,low
facebook,wispr-flow,,Wispr Flow,1906852649972064,Image,,,,,,,,2026-05-28,2026-05-28,1,1,2026-05-15,13,False,223,223,223,223,False,True,476,0.0,False,False,False,loser,low
facebook,wispr-flow,,Wispr Flow,1644181246698688,Video,English,human-only,listicle-montage,human-recorded,wispr-flow-g0166,unique,original,2026-05-28,2026-05-28,1,1,2026-05-21,7,False,224,224,224,224,False,True,476,0.0,False,False,False,loser,low
facebook,wispr-flow,,Wispr Flow,1058193627387168,Video,English,human-only,skit-narrative,human-recorded,wispr-flow-g0040,original,original,2026-05-28,2026-05-28,1,1,2026-05-21,7,False,225,225,225,225,False,True,476,0.0,False,False,False,loser,low
facebook,wispr-flow,,Dion Does Content,1530019845227310,Video,English,human-only,talking-head,human-recorded,wispr-flow-g0083,exact_replica,replica,2026-05-28,2026-05-28,1,1,2026-05-22,6,False,226,226,226,226,False,True,476,0.0,False,False,False,loser,low
facebook,wispr-flow,,Wispr Flow,1706834640451505,Video,English,human-only,app-screencast,human-recorded,wispr-flow-g0024,exact_replica,replica,2026-05-28,2026-05-28,1,1,2026-05-21,7,False,227,227,227,227,False,True,476,0.0,False,False,False,loser,low
facebook,wispr-flow,,Wispr Flow,2541412699632590,Video,English,human-only,app-screencast,mixed,wispr-flow-g0010,exact_replica,replica,2026-05-28,2026-05-28,1,1,2026-05-24,4,False,228,228,228,228,False,True,476,0.0,False,False,False,loser,low
facebook,wispr-flow,,Wispr Flow,1320698123600855,Video,English,human-only,split-screen,human-recorded,wispr-flow-g0055,original,original,2026-05-28,2026-05-28,1,1,2026-05-21,7,False,229,229,229,229,False,True,476,0.0,False,False,False,loser,low
facebook,wispr-flow,,Wispr Flow,985496133894370,Video,English,human-only,talking-head,human-recorded,wispr-flow-g0027,exact_replica,replica,2026-05-28,2026-05-28,1,1,2026-05-21,7,False,230,230,230,230,False,True,476,0.0,False,False,False,loser,low
facebook,wispr-flow,,Wispr Flow,1495051495368238,Image,,,,,,,,2026-05-28,2026-05-28,1,1,2026-04-29,29,False,231,231,231,231,False,True,476,0.0,False,False,False,loser,low
facebook,wispr-flow,,Wispr Flow,1027111360001443,Video,English,human-only,talking-head,human-recorded,wispr-flow-g0141,unique,original,2026-05-28,2026-05-28,1,1,2026-05-22,6,False,232,232,232,232,False,True,476,0.0,False,False,False,loser,low
facebook,wispr-flow,,Wispr Flow,816379641295078,Video,English,human-only,split-screen,human-recorded,wispr-flow-g0191,unique,original,2026-05-28,2026-05-28,1,1,2026-05-23,5,False,233,233,233,233,False,True,476,0.0,False,False,False,loser,low
facebook,wispr-flow,,Wispr Flow,1031277119430910,Image,,,,,,,,2026-05-28,2026-05-28,1,1,2026-05-18,10,False,234,234,234,234,False,True,476,0.0,False,False,False,loser,low
facebook,wispr-flow,,Wispr Flow,2200442530707859,Video,English,human-only,talking-head,human-recorded,wispr-flow-g0180,unique,original,2026-05-28,2026-05-28,1,1,2026-05-21,7,False,235,235,235,235,False,True,476,0.0,False,False,False,loser,low
facebook,wispr-flow,,Wispr Flow,991452353289221,Video,English,human-only,talking-head,human-recorded,wispr-flow-g0136,reworded_replica,replica,2026-05-28,2026-05-28,1,1,2026-05-18,10,False,236,236,236,236,False,True,476,0.0,False,False,False,loser,low
facebook,wispr-flow,,Wispr Flow,1522128662969277,Video,English,human-only,talking-head,human-recorded,wispr-flow-g0085,original,original,2026-05-28,2026-05-28,1,1,2026-05-21,7,False,237,237,237,237,False,True,476,0.0,False,False,False,loser,low
facebook,wispr-flow,,Wispr Flow,779017941808368,Image,,,,,,,,2026-05-28,2026-05-28,1,1,2026-04-29,29,False,238,238,238,238,False,True,476,0.0,False,False,False,loser,low
facebook,wispr-flow,,Wispr Flow,2467773930362439,Video,English,human-only,talking-head,human-recorded,wispr-flow-g0000,reworded_replica,replica,2026-05-28,2026-05-28,1,1,2026-05-22,6,False,239,239,239,239,False,True,476,0.0,False,False,False,loser,low
facebook,wispr-flow,,Wispr Flow,861069807026182,Video,English,human-only,talking-head,human-recorded,wispr-flow-g0133,exact_replica,replica,2026-05-28,2026-05-28,1,1,2026-05-21,7,False,240,240,240,240,False,True,476,0.0,False,False,False,loser,low
facebook,wispr-flow,,Wispr Flow,1520649129665426,Video,English,human-only,talking-head,human-recorded,wispr-flow-g0011,original,original,2026-05-28,2026-05-28,1,1,2026-05-23,5,False,241,241,241,241,False,True,476,0.0,False,False,False,loser,low
facebook,wispr-flow,,Wispr Flow,1499832728262493,Image,,,,,,,,2026-05-28,2026-05-28,1,1,2026-04-25,33,False,242,242,242,242,False,True,476,0.0,False,False,False,loser,low
facebook,wispr-flow,,Wispr Flow,3209703732565022,Image,,,,,,,,2026-05-28,2026-05-28,1,1,2026-05-15,13,False,243,243,243,243,False,True,476,0.0,False,False,False,loser,low
facebook,wispr-flow,,Wispr Flow,1345485144104370,Video,English,human-only,split-screen,human-recorded,wispr-flow-g0152,unique,original,2026-05-28,2026-05-28,1,1,2026-05-21,7,False,244,244,244,244,False,True,476,0.0,False,False,False,loser,low
facebook,wispr-flow,,Wispr Flow,2921813558166857,Image,,,,,,,,2026-05-28,2026-05-28,1,1,2026-04-29,29,False,245,245,245,245,False,True,476,0.0,False,False,False,loser,low
facebook,wispr-flow,,Wispr Flow,1898113890892128,Image,,,,,,,,2026-05-28,2026-05-28,1,1,2026-05-15,13,False,246,246,246,246,False,True,476,0.0,False,False,False,loser,low
facebook,wispr-flow,,Wispr Flow,2028956641380465,Video,English,human-only,talking-head,human-recorded,wispr-flow-g0119,original,original,2026-05-28,2026-05-28,1,1,2026-05-21,7,False,247,247,247,247,False,True,476,0.0,False,False,False,loser,low
facebook,wispr-flow,,Wispr Flow,2038970610166024,Image,,,,,,,,2026-05-28,2026-05-28,1,1,2026-05-20,8,False,248,248,248,248,False,True,476,0.0,False,False,False,loser,low
facebook,wispr-flow,,Wispr Flow,4449955445286631,Video,,,,,,,,2026-05-28,2026-05-28,1,1,2026-05-21,7,False,249,249,249,249,False,True,476,0.0,False,False,False,loser,low
facebook,wispr-flow,,Dan Martell,2046399032578125,Carousel,,,,,,,,2026-05-28,2026-05-28,1,1,2026-05-23,5,False,250,250,250,250,False,True,476,0.0,False,False,False,loser,low
facebook,wispr-flow,,Wispr Flow,1413499927486042,Video,English,human-only,talking-head,human-recorded,wispr-flow-g0158,unique,original,2026-05-28,2026-05-28,1,1,2026-05-21,7,False,251,251,251,251,False,True,476,0.0,False,False,False,loser,low
facebook,wispr-flow,,Wispr Flow,1531644281691946,Image,,,,,,,,2026-05-28,2026-05-28,1,1,2026-04-25,33,False,252,252,252,252,False,True,476,0.0,False,False,False,loser,low
facebook,wispr-flow,,Wispr Flow,994323369773281,Video,English,human-only,split-screen,human-recorded,wispr-flow-g0107,exact_replica,replica,2026-05-28,2026-05-28,1,1,2026-05-21,7,False,253,253,253,253,False,True,476,0.0,False,False,False,loser,low
facebook,wispr-flow,,Wispr Flow,1334894005201388,Video,English,human-only,talking-head,human-recorded,wispr-flow-g0062,original,original,2026-05-28,2026-05-28,1,1,2026-05-21,7,False,254,254,254,254,False,True,476,0.0,False,False,False,loser,low
facebook,wispr-flow,,Wispr Flow,883869928058894,Video,English,human-only,talking-head,human-recorded,wispr-flow-g0008,exact_replica,replica,2026-05-28,2026-05-28,1,1,2026-05-21,7,False,255,255,255,255,False,True,476,0.0,False,False,False,loser,low
facebook,wispr-flow,,Wispr Flow,991614283225178,Video,English,human-only,talking-head,human-recorded,wispr-flow-g0127,exact_replica,replica,2026-05-28,2026-05-28,1,1,2026-05-23,5,False,256,256,256,256,False,True,476,0.0,False,False,False,loser,low
facebook,wispr-flow,,Wispr Flow,1742474416928086,Video,English,human-only,split-screen,human-recorded,wispr-flow-g0055,exact_replica,replica,2026-05-28,2026-05-28,1,1,2026-05-21,7,False,257,257,257,257,False,True,476,0.0,False,False,False,loser,low
facebook,wispr-flow,,Wispr Flow,1413543764136761,Video,English,human-only,talking-head,human-recorded,wispr-flow-g0022,exact_replica,replica,2026-05-28,2026-05-28,1,1,2026-05-21,7,False,258,258,258,258,False,True,476,0.0,False,False,False,loser,low
facebook,wispr-flow,,Wispr Flow,4329482780633323,Video,English,human-only,skit-narrative,human-recorded,wispr-flow-g0189,unique,original,2026-05-28,2026-05-28,1,1,2026-05-22,6,False,259,259,259,259,False,True,476,0.0,False,False,False,loser,low
facebook,wispr-flow,,Wispr Flow,1468669864379536,Video,English,human-only,app-screencast,human-recorded,wispr-flow-g0024,original,original,2026-05-28,2026-05-28,1,1,2026-05-21,7,False,260,260,260,260,False,True,476,0.0,False,False,False,loser,low
facebook,wispr-flow,,Wispr Flow,27090274347291909,Video,English,human-only,split-screen,human-recorded,wispr-flow-g0183,unique,original,2026-05-28,2026-05-28,1,1,2026-05-23,5,False,261,261,261,261,False,True,476,0.0,False,False,False,loser,low
facebook,wispr-flow,,Dan Martell,932472703114618,Carousel,,,,,,,,2026-05-28,2026-05-28,1,1,2026-05-23,5,False,262,262,262,262,False,True,476,0.0,False,False,False,loser,low
facebook,wispr-flow,,Wispr Flow,1518962062915602,Video,English,human-only,talking-head,human-recorded,wispr-flow-g0084,original,original,2026-05-28,2026-05-28,1,1,2026-05-22,6,False,263,263,263,263,False,True,476,0.0,False,False,False,loser,low
facebook,wispr-flow,,Wispr Flow,1777829876522997,Video,English,human-only,talking-head,human-recorded,wispr-flow-g0011,reworded_replica,replica,2026-05-28,2026-05-28,1,1,2026-05-23,5,False,264,264,264,264,False,True,476,0.0,False,False,False,loser,low
facebook,wispr-flow,,Wispr Flow,1476251200968359,Video,English,human-only,talking-head,human-recorded,wispr-flow-g0008,original,original,2026-05-28,2026-05-28,1,1,2026-05-21,7,False,265,265,265,265,False,True,476,0.0,False,False,False,loser,low
facebook,wispr-flow,,Wispr Flow,1519449926514198,Image,,,,,,,,2026-05-28,2026-05-28,1,1,2026-05-15,13,False,266,266,266,266,False,True,476,0.0,False,False,False,loser,low
facebook,wispr-flow,,Wispr Flow,737568652748461,Video,English,human-only,talking-head,human-recorded,wispr-flow-g0132,exact_replica,replica,2026-05-28,2026-05-28,1,1,2026-05-21,7,False,267,267,267,267,False,True,476,0.0,False,False,False,loser,low
facebook,wispr-flow,,Wispr Flow,984591057764568,Image,,,,,,,,2026-05-28,2026-05-28,1,1,2026-05-15,13,False,268,268,268,268,False,True,476,0.0,False,False,False,loser,low
facebook,wispr-flow,,Wispr Flow,1610711050015123,Video,English,human-only,talking-head,human-recorded,wispr-flow-g0051,reworded_replica,replica,2026-05-28,2026-05-28,1,1,2026-05-18,10,False,269,269,269,269,False,True,476,0.0,False,False,False,loser,low
facebook,wispr-flow,,Wispr Flow,1511699417218878,Video,English,human-only,talking-head,human-recorded,wispr-flow-g0053,exact_replica,replica,2026-05-28,2026-05-28,1,1,2026-05-22,6,False,270,270,270,270,False,True,476,0.0,False,False,False,loser,low
facebook,wispr-flow,,Wispr Flow,1493576399191050,Video,English,human-only,split-screen,human-recorded,wispr-flow-g0075,original,original,2026-05-28,2026-05-28,1,1,2026-05-21,7,False,271,271,271,271,False,True,476,0.0,False,False,False,loser,low
facebook,wispr-flow,,Wispr Flow,967575696101853,Video,English,human-only,talking-head,human-recorded,wispr-flow-g0138,original,original,2026-05-28,2026-05-28,1,1,2026-05-21,7,False,272,272,272,272,False,True,476,0.0,False,False,False,loser,low
facebook,wispr-flow,,Wispr Flow,1462024831867901,Video,English,human-only,split-screen,human-recorded,wispr-flow-g0065,exact_replica,replica,2026-05-28,2026-05-28,1,1,2026-05-21,7,False,273,273,273,273,False,True,476,0.0,False,False,False,loser,low
facebook,wispr-flow,,Wispr Flow,2074295093462029,Image,,,,,,,,2026-05-28,2026-05-28,1,1,2026-05-18,10,False,274,274,274,274,False,True,476,0.0,False,False,False,loser,low
facebook,wispr-flow,,Wispr Flow,983902797669874,Video,English,human-only,talking-head,human-recorded,wispr-flow-g0120,exact_replica,replica,2026-05-28,2026-05-28,1,1,2026-05-21,7,False,275,275,275,275,False,True,476,0.0,False,False,False,loser,low
facebook,wispr-flow,,Wispr Flow,1696174794914986,Video,English,human-only,talking-head,human-recorded,wispr-flow-g0170,unique,original,2026-05-28,2026-05-28,1,1,2026-05-23,5,False,276,276,276,276,False,True,476,0.0,False,False,False,loser,low
facebook,wispr-flow,,Wispr Flow,1621028679007922,Video,English,human-only,talking-head,human-recorded,wispr-flow-g0165,unique,original,2026-05-28,2026-05-28,1,1,2026-05-23,5,False,277,277,277,277,False,True,476,0.0,False,False,False,loser,low
facebook,wispr-flow,,Wispr Flow,1433413138553184,Video,English,human-only,talking-head,human-recorded,wispr-flow-g0015,exact_replica,replica,2026-05-28,2026-05-28,1,1,2026-05-21,7,False,278,278,278,278,False,True,476,0.0,False,False,False,loser,low
facebook,wispr-flow,,Wispr Flow,1678808119834291,Video,English,voiceover-only,split-screen,human-recorded,wispr-flow-g0032,original,original,2026-05-28,2026-05-28,1,1,2026-05-21,7,False,279,279,279,279,False,True,476,0.0,False,False,False,loser,low
facebook,wispr-flow,,Dion Does Content,2474135039736662,Video,English,human-only,talking-head,human-recorded,wispr-flow-g0117,exact_replica,replica,2026-05-28,2026-05-28,1,1,2026-05-22,6,False,280,280,280,280,False,True,476,0.0,False,False,False,loser,low
facebook,wispr-flow,,Wispr Flow,1691799135604942,Video,English,human-only,split-screen,human-recorded,wispr-flow-g0103,original,original,2026-05-28,2026-05-28,1,1,2026-05-23,5,False,281,281,281,281,False,True,476,0.0,False,False,False,loser,low
facebook,wispr-flow,,Wispr Flow,1310877167913494,Video,English,human-only,talking-head,human-recorded,wispr-flow-g0019,original,original,2026-05-28,2026-05-28,1,1,2026-05-22,6,False,282,282,282,282,False,True,476,0.0,False,False,False,loser,low
facebook,wispr-flow,,Wispr Flow,1497936665346556,Video,English,human-only,split-screen,human-recorded,wispr-flow-g0036,exact_replica,replica,2026-05-28,2026-05-28,1,1,2026-05-21,7,False,283,283,283,283,False,True,476,0.0,False,False,False,loser,low
facebook,wispr-flow,,Wispr Flow,27904360405834066,Image,,,,,,,,2026-05-28,2026-05-28,1,1,2026-05-15,13,False,284,284,284,284,False,True,476,0.0,False,False,False,loser,low
facebook,wispr-flow,,Wispr Flow,1534672114676637,Video,English,human-only,talking-head,human-recorded,wispr-flow-g0090,original,original,2026-05-28,2026-05-28,1,1,2026-05-22,6,False,285,285,285,285,False,True,476,0.0,False,False,False,loser,low
facebook,wispr-flow,,Wispr Flow,1949742758976213,Video,English,human-only,talking-head,human-recorded,wispr-flow-g0079,exact_replica,replica,2026-05-28,2026-05-28,1,1,2026-05-22,6,False,286,286,286,286,False,True,476,0.0,False,False,False,loser,low
facebook,wispr-flow,,Wispr Flow,1660739288493384,Video,English,human-only,skit-narrative,human-recorded,wispr-flow-g0099,original,original,2026-05-28,2026-05-28,1,1,2026-05-23,5,False,287,287,287,287,False,True,476,0.0,False,False,False,loser,low
facebook,wispr-flow,,Wispr Flow,983158950746121,Video,English,human-only,talking-head,human-recorded,wispr-flow-g0012,exact_replica,replica,2026-05-28,2026-05-28,1,1,2026-05-22,6,False,288,288,288,288,False,True,476,0.0,False,False,False,loser,low
facebook,wispr-flow,,Wispr Flow,2027662171162149,Video,English,human-only,talking-head,human-recorded,wispr-flow-g0069,exact_replica,replica,2026-05-28,2026-05-28,1,1,2026-05-22,6,False,289,289,289,289,False,True,476,0.0,False,False,False,loser,low
facebook,wispr-flow,,Wispr Flow,892492527230932,Video,English,human-only,talking-head,human-recorded,wispr-flow-g0048,exact_replica,replica,2026-05-28,2026-05-28,1,1,2026-05-21,7,False,290,290,290,290,False,True,476,0.0,False,False,False,loser,low
facebook,wispr-flow,,Wispr Flow,828161967038694,Video,English,human-only,talking-head,human-recorded,wispr-flow-g0084,exact_replica,replica,2026-05-28,2026-05-28,1,1,2026-05-21,7,False,291,291,291,291,False,True,476,0.0,False,False,False,loser,low
facebook,wispr-flow,,Wispr Flow,947408351458226,Video,English,human-only,talking-head,human-recorded,wispr-flow-g0068,original,original,2026-05-28,2026-05-28,1,1,2026-05-23,5,False,292,292,292,292,False,True,476,0.0,False,False,False,loser,low
facebook,wispr-flow,,Wispr Flow,2868493926832289,Video,English,human-only,talking-head,human-recorded,wispr-flow-g0031,exact_replica,replica,2026-05-28,2026-05-28,1,1,2026-05-21,7,False,293,293,293,293,False,True,476,0.0,False,False,False,loser,low
facebook,wispr-flow,,Wispr Flow,929557383420921,Video,English,human-only,talking-head,human-recorded,wispr-flow-g0125,exact_replica,replica,2026-05-28,2026-05-28,1,1,2026-05-22,6,False,294,294,294,294,False,True,476,0.0,False,False,False,loser,low
facebook,wispr-flow,,Wispr Flow,4574721712814597,Video,English,human-only,talking-head,human-recorded,wispr-flow-g0091,exact_replica,replica,2026-05-28,2026-05-28,1,1,2026-05-21,7,False,295,295,295,295,False,True,476,0.0,False,False,False,loser,low
facebook,wispr-flow,,Wispr Flow,1857049418321058,Video,English,human-only,talking-head,human-recorded,wispr-flow-g0030,exact_replica,replica,2026-05-28,2026-05-28,1,1,2026-05-22,6,False,296,296,296,296,False,True,476,0.0,False,False,False,loser,low
facebook,wispr-flow,,Wispr Flow,1908577629821787,Video,English,human-only,talking-head,human-recorded,wispr-flow-g0114,original,original,2026-05-28,2026-05-28,1,1,2026-05-21,7,False,297,297,297,297,False,True,476,0.0,False,False,False,loser,low
facebook,wispr-flow,,Wispr Flow,2170903863694343,Video,English,human-only,talking-head,human-recorded,wispr-flow-g0034,exact_replica,replica,2026-05-28,2026-05-28,1,1,2026-05-24,4,False,298,298,298,298,False,True,476,0.0,False,False,False,loser,low
facebook,wispr-flow,,Wispr Flow,1452497216627357,Image,,,,,,,,2026-05-28,2026-05-28,1,1,2026-05-22,6,False,299,299,299,299,False,True,476,0.0,False,False,False,loser,low
facebook,wispr-flow,,Wispr Flow,1598311961241782,Video,English,human-only,split-screen,human-recorded,wispr-flow-g0075,exact_replica,replica,2026-05-28,2026-05-28,1,1,2026-05-21,7,False,300,300,300,300,False,True,476,0.0,False,False,False,loser,low
facebook,wispr-flow,,Wispr Flow,1888658678609655,Video,English,human-only,talking-head,human-recorded,wispr-flow-g0113,original,original,2026-05-28,2026-05-28,1,1,2026-05-21,7,False,301,301,301,301,False,True,476,0.0,False,False,False,loser,low
facebook,wispr-flow,,Wispr Flow,1378435157436690,Video,English,human-only,talking-head,human-recorded,wispr-flow-g0155,unique,original,2026-05-28,2026-05-28,1,1,2026-05-23,5,False,302,302,302,302,False,True,476,0.0,False,False,False,loser,low
facebook,wispr-flow,,Wispr Flow,1924902181518532,Video,English,human-only,talking-head,human-recorded,wispr-flow-g0115,original,original,2026-05-28,2026-05-28,1,1,2026-05-21,7,False,303,303,303,303,False,True,476,0.0,False,False,False,loser,low
facebook,wispr-flow,,Wispr Flow,2769795570072002,Video,English,human-only,talking-head,human-recorded,wispr-flow-g0184,unique,original,2026-05-28,2026-05-28,1,1,2026-05-22,6,False,304,304,304,304,False,True,476,0.0,False,False,False,loser,low
facebook,wispr-flow,,Wispr Flow,1499125685238269,Video,English,human-only,talking-head,human-recorded,wispr-flow-g0076,original,original,2026-05-28,2026-05-28,1,1,2026-05-21,7,False,305,305,305,305,False,True,476,0.0,False,False,False,loser,low
facebook,wispr-flow,,Wispr Flow,3207293352790207,Video,English,human-only,talking-head,human-recorded,wispr-flow-g0133,original,original,2026-05-28,2026-05-28,1,1,2026-05-21,7,False,306,306,306,306,False,True,476,0.0,False,False,False,loser,low
facebook,wispr-flow,,Wispr Flow,2235266710555783,Video,English,human-only,skit-narrative,human-recorded,wispr-flow-g0040,exact_replica,replica,2026-05-28,2026-05-28,1,1,2026-05-21,7,False,307,307,307,307,False,True,476,0.0,False,False,False,loser,low
facebook,wispr-flow,,Wispr Flow,1686884242354492,Video,English,human-only,talking-head,human-recorded,wispr-flow-g0101,original,original,2026-05-28,2026-05-28,1,1,2026-05-21,7,False,308,308,308,308,False,True,476,0.0,False,False,False,loser,low
facebook,wispr-flow,,Wispr Flow,1502335084723654,Video,English,human-only,talking-head,human-recorded,wispr-flow-g0077,original,original,2026-05-28,2026-05-28,1,1,2026-05-21,7,False,309,309,309,309,False,True,476,0.0,False,False,False,loser,low
facebook,wispr-flow,,Wispr Flow,1964986724386543,Video,English,human-only,talking-head,human-recorded,wispr-flow-g0028,reworded_replica,replica,2026-05-28,2026-05-28,1,1,2026-05-22,6,False,310,310,310,310,False,True,476,0.0,False,False,False,loser,low
facebook,wispr-flow,,Wispr Flow,943973065359364,Video,English,human-only,talking-head,human-recorded,wispr-flow-g0135,exact_replica,replica,2026-05-28,2026-05-28,1,1,2026-05-21,7,False,311,311,311,311,False,True,476,0.0,False,False,False,loser,low
facebook,wispr-flow,,Wispr Flow,2389191254910998,Image,,,,,,,,2026-05-28,2026-05-28,1,1,2026-05-24,4,False,312,312,312,312,False,True,476,0.0,False,False,False,loser,low
facebook,wispr-flow,,Wispr Flow,992423906715997,Video,English,human-only,talking-head,human-recorded,wispr-flow-g0138,exact_replica,replica,2026-05-28,2026-05-28,1,1,2026-05-21,7,False,313,313,313,313,False,True,476,0.0,False,False,False,loser,low
facebook,wispr-flow,,Wispr Flow,1477832580746522,Video,English,human-only,split-screen,human-recorded,wispr-flow-g0162,unique,original,2026-05-28,2026-05-28,1,1,2026-05-23,5,False,314,314,314,314,False,True,476,0.0,False,False,False,loser,low
facebook,wispr-flow,,Wispr Flow,2147797252827132,Video,unknown,human-only,skit-narrative,human-recorded,wispr-flow-g0001,visual_variant,replica,2026-05-28,2026-05-28,1,1,2026-05-21,7,False,315,315,315,315,False,True,476,0.0,False,False,False,loser,low
facebook,wispr-flow,,Wispr Flow,1549644453183539,Video,English,human-only,talking-head,human-recorded,wispr-flow-g0028,original,original,2026-05-28,2026-05-28,1,1,2026-05-21,7,False,316,316,316,316,False,True,476,0.0,False,False,False,loser,low
facebook,wispr-flow,,Wispr Flow,1295371085523432,Video,English,human-only,talking-head,human-recorded,wispr-flow-g0002,original,original,2026-05-28,2026-05-28,1,1,2026-05-22,6,False,317,317,317,317,False,True,476,0.0,False,False,False,loser,low
facebook,wispr-flow,,Wispr Flow,1549167540129258,Video,English,human-only,talking-head,human-recorded,wispr-flow-g0008,exact_replica,replica,2026-05-28,2026-05-28,1,1,2026-05-22,6,False,318,318,318,318,False,True,476,0.0,False,False,False,loser,low
facebook,wispr-flow,,Wispr Flow,948729364657598,Video,English,human-only,talking-head,human-recorded,wispr-flow-g0100,exact_replica,replica,2026-05-28,2026-05-28,1,1,2026-05-21,7,False,319,319,319,319,False,True,476,0.0,False,False,False,loser,low
facebook,wispr-flow,,Wispr Flow,2557690094675307,Video,English,human-only,split-screen,human-recorded,wispr-flow-g0014,exact_replica,replica,2026-05-28,2026-05-28,1,1,2026-05-21,7,False,320,320,320,320,False,True,476,0.0,False,False,False,loser,low
facebook,wispr-flow,,Wispr Flow,2194651654409607,Video,English,human-only,talking-head,human-recorded,wispr-flow-g0179,unique,original,2026-05-28,2026-05-28,1,1,2026-05-21,7,False,321,321,321,321,False,True,476,0.0,False,False,False,loser,low
facebook,wispr-flow,,Wispr Flow,983841690672063,Video,English,human-only,talking-head,human-recorded,wispr-flow-g0011,reworded_replica,replica,2026-05-28,2026-05-28,1,1,2026-05-24,4,False,322,322,322,322,False,True,476,0.0,False,False,False,loser,low
facebook,wispr-flow,,Wispr Flow,1461470485264629,Video,English,human-only,split-screen,human-recorded,wispr-flow-g0071,original,original,2026-05-28,2026-05-28,1,1,2026-05-21,7,False,323,323,323,323,False,True,476,0.0,False,False,False,loser,low
facebook,wispr-flow,,Wispr Flow,1037505808631947,Video,English,human-only,skit-narrative,human-recorded,wispr-flow-g0016,original,original,2026-05-28,2026-05-28,1,1,2026-05-21,7,False,324,324,324,324,False,True,476,0.0,False,False,False,loser,low
facebook,wispr-flow,,Wispr Flow,816586577939145,Video,English,human-only,talking-head,human-recorded,wispr-flow-g0128,exact_replica,replica,2026-05-28,2026-05-28,1,1,2026-05-21,7,False,325,325,325,325,False,True,476,0.0,False,False,False,loser,low
facebook,wispr-flow,,Wispr Flow,1295577742655066,Image,,,,,,,,2026-05-28,2026-05-28,1,1,2026-05-22,6,False,326,326,326,326,False,True,476,0.0,False,False,False,loser,low
facebook,wispr-flow,,Wispr Flow,940462522150429,Video,English,human-only,split-screen,human-recorded,wispr-flow-g0080,exact_replica,replica,2026-05-28,2026-05-28,1,1,2026-05-21,7,False,327,327,327,327,False,True,476,0.0,False,False,False,loser,low
facebook,wispr-flow,,Wispr Flow,1290223629926787,Video,English,human-only,talking-head,human-recorded,wispr-flow-g0048,original,original,2026-05-28,2026-05-28,1,1,2026-05-21,7,False,328,328,328,328,False,True,476,0.0,False,False,False,loser,low
facebook,wispr-flow,,Wispr Flow,1727545088601187,Video,English,human-only,talking-head,human-recorded,wispr-flow-g0031,exact_replica,replica,2026-05-28,2026-05-28,1,1,2026-05-21,7,False,329,329,329,329,False,True,476,0.0,False,False,False,loser,low
facebook,wispr-flow,,Wispr Flow,2960873554305370,Video,English,human-only,talking-head,human-recorded,wispr-flow-g0186,unique,original,2026-05-28,2026-05-28,1,1,2026-05-21,7,False,330,330,330,330,False,True,476,0.0,False,False,False,loser,low
facebook,wispr-flow,,Wispr Flow,2025050618885441,Video,English,human-only,talking-head,human-recorded,wispr-flow-g0023,exact_replica,replica,2026-05-28,2026-05-28,1,1,2026-05-21,7,False,331,331,331,331,False,True,476,0.0,False,False,False,loser,low
facebook,wispr-flow,,Wispr Flow,1607584684044291,Video,English,human-only,skit-narrative,human-recorded,wispr-flow-g0086,exact_replica,replica,2026-05-28,2026-05-28,1,1,2026-05-21,7,False,332,332,332,332,False,True,476,0.0,False,False,False,loser,low
facebook,wispr-flow,,Wispr Flow,1308475204582398,Video,English,human-only,talking-head,human-recorded,wispr-flow-g0018,original,original,2026-05-28,2026-05-28,1,1,2026-05-21,7,False,333,333,333,333,False,True,476,0.0,False,False,False,loser,low
facebook,wispr-flow,,Wispr Flow,1539875584430396,Video,English,human-only,talking-head,human-recorded,wispr-flow-g0091,original,original,2026-05-28,2026-05-28,1,1,2026-05-21,7,False,334,334,334,334,False,True,476,0.0,False,False,False,loser,low
facebook,wispr-flow,,Wispr Flow,985787091044413,Video,English,human-only,talking-head,human-recorded,wispr-flow-g0101,exact_replica,replica,2026-05-28,2026-05-28,1,1,2026-05-21,7,False,335,335,335,335,False,True,476,0.0,False,False,False,loser,low
facebook,wispr-flow,,Wispr Flow,953638304177454,Video,English,human-only,talking-head,human-recorded,wispr-flow-g0134,exact_replica,replica,2026-05-28,2026-05-28,1,1,2026-05-21,7,False,336,336,336,336,False,True,476,0.0,False,False,False,loser,low
facebook,wispr-flow,,Wispr Flow,2060064134862080,Video,English,human-only,talking-head,human-recorded,wispr-flow-g0114,exact_replica,replica,2026-05-28,2026-05-28,1,1,2026-05-22,6,False,337,337,337,337,False,True,476,0.0,False,False,False,loser,low
facebook,wispr-flow,,Wispr Flow,1342307254418309,Video,English,human-only,talking-head,human-recorded,wispr-flow-g0021,original,original,2026-05-28,2026-05-28,1,1,2026-05-21,7,False,338,338,338,338,False,True,476,0.0,False,False,False,loser,low
facebook,wispr-flow,,Wispr Flow,27398894966383006,Video,English,human-only,talking-head,human-recorded,wispr-flow-g0132,original,original,2026-05-28,2026-05-28,1,1,2026-05-24,4,False,339,339,339,339,False,True,476,0.0,False,False,False,loser,low
facebook,wispr-flow,,Wispr Flow,2547505089034308,Video,English,human-only,talking-head,human-recorded,wispr-flow-g0128,original,original,2026-05-28,2026-05-28,1,1,2026-05-21,7,False,340,340,340,340,False,True,476,0.0,False,False,False,loser,low
facebook,wispr-flow,,Wispr Flow,815625301370555,Video,English,human-only,split-screen,human-recorded,wispr-flow-g0124,exact_replica,replica,2026-05-28,2026-05-28,1,1,2026-05-24,4,False,341,341,341,341,False,True,476,0.0,False,False,False,loser,low
facebook,wispr-flow,,Wispr Flow,1518858149750346,Video,English,human-only,talking-head,human-recorded,wispr-flow-g0018,exact_replica,replica,2026-05-28,2026-05-28,1,1,2026-05-21,7,False,342,342,342,342,False,True,476,0.0,False,False,False,loser,low
facebook,wispr-flow,,Wispr Flow,1544130163903814,Video,English,human-only,talking-head,human-recorded,wispr-flow-g0093,original,original,2026-05-28,2026-05-28,1,1,2026-05-21,7,False,343,343,343,343,False,True,476,0.0,False,False,False,loser,low
facebook,wispr-flow,,Wispr Flow,990858730087103,Video,English,human-only,talking-head,human-recorded,wispr-flow-g0113,exact_replica,replica,2026-05-28,2026-05-28,1,1,2026-05-21,7,False,344,344,344,344,False,True,476,0.0,False,False,False,loser,low
facebook,wispr-flow,,Wispr Flow,2062242474690866,Video,English,human-only,talking-head,human-recorded,wispr-flow-g0072,exact_replica,replica,2026-05-28,2026-05-28,1,1,2026-05-24,4,False,345,345,345,345,False,True,476,0.0,False,False,False,loser,low
facebook,wispr-flow,,Wispr Flow,1698144861211771,Video,unknown,human-only,skit-narrative,human-recorded,wispr-flow-g0001,visual_variant,replica,2026-05-28,2026-05-28,1,1,2026-05-27,1,False,346,346,346,346,False,True,476,0.0,False,False,False,loser,low
facebook,wispr-flow,,Wispr Flow,963462113257266,Video,English,human-only,talking-head,human-recorded,wispr-flow-g0129,exact_replica,replica,2026-05-28,2026-05-28,1,1,2026-05-21,7,False,347,347,347,347,False,True,476,0.0,False,False,False,loser,low
facebook,wispr-flow,,Wispr Flow,956292073891297,Image,,,,,,,,2026-05-28,2026-05-28,1,1,2026-05-22,6,False,348,348,348,348,False,True,476,0.0,False,False,False,loser,low
facebook,wispr-flow,,Wispr Flow,983523291091628,Video,English,human-only,talking-head,human-recorded,wispr-flow-g0046,exact_replica,replica,2026-05-28,2026-05-28,1,1,2026-05-22,6,False,349,349,349,349,False,True,476,0.0,False,False,False,loser,low
facebook,wispr-flow,,Wispr Flow,2600437180358995,Video,English,human-only,talking-head,human-recorded,wispr-flow-g0021,exact_replica,replica,2026-05-28,2026-05-28,1,1,2026-05-21,7,False,350,350,350,350,False,True,476,0.0,False,False,False,loser,low
facebook,wispr-flow,,Wispr Flow,1017236537527668,Video,English,human-only,talking-head,human-recorded,wispr-flow-g0015,original,original,2026-05-28,2026-05-28,1,1,2026-05-22,6,False,351,351,351,351,False,True,476,0.0,False,False,False,loser,low
facebook,wispr-flow,,Wispr Flow,2084439705767681,Video,English,human-only,talking-head,human-recorded,wispr-flow-g0039,exact_replica,replica,2026-05-28,2026-05-28,1,1,2026-05-21,7,False,352,352,352,352,False,True,476,0.0,False,False,False,loser,low
facebook,wispr-flow,,Wispr Flow,1886477468685414,Video,English,human-only,talking-head,human-recorded,wispr-flow-g0000,exact_replica,replica,2026-05-28,2026-05-28,1,1,2026-05-22,6,False,353,353,353,353,False,True,476,0.0,False,False,False,loser,low
facebook,wispr-flow,,Wispr Flow,2050250089227404,Video,English,human-only,split-screen,human-recorded,wispr-flow-g0007,exact_replica,replica,2026-05-28,2026-05-28,1,1,2026-05-21,7,False,354,354,354,354,False,True,476,0.0,False,False,False,loser,low
facebook,wispr-flow,,Wispr Flow,958149217222266,Video,English,human-only,talking-head,human-recorded,wispr-flow-g0076,exact_replica,replica,2026-05-28,2026-05-28,1,1,2026-05-21,7,False,355,355,355,355,False,True,476,0.0,False,False,False,loser,low
facebook,wispr-flow,,Wispr Flow,2238394246914659,Video,English,human-only,talking-head,human-recorded,wispr-flow-g0002,exact_replica,replica,2026-05-28,2026-05-28,1,1,2026-05-21,7,False,356,356,356,356,False,True,476,0.0,False,False,False,loser,low
facebook,wispr-flow,,Wispr Flow,2033346344252062,Video,English,human-only,talking-head,human-recorded,wispr-flow-g0027,exact_replica,replica,2026-05-28,2026-05-28,1,1,2026-05-22,6,False,357,357,357,357,False,True,476,0.0,False,False,False,loser,low
facebook,wispr-flow,,Wispr Flow,2533668657085886,Video,English,human-only,skit-narrative,human-recorded,wispr-flow-g0099,exact_replica,replica,2026-05-28,2026-05-28,1,1,2026-05-24,4,False,358,358,358,358,False,True,476,0.0,False,False,False,loser,low
facebook,wispr-flow,,Wispr Flow,2015933762609484,Video,English,human-only,talking-head,human-recorded,wispr-flow-g0118,original,original,2026-05-28,2026-05-28,1,1,2026-05-21,7,False,359,359,359,359,False,True,476,0.0,False,False,False,loser,low
facebook,wispr-flow,,Wispr Flow,993997806512770,Video,unknown,human-only,split-screen,human-recorded,wispr-flow-g0001,reworded_replica,replica,2026-05-28,2026-05-28,1,1,2026-05-21,7,False,360,360,360,360,False,True,476,0.0,False,False,False,loser,low
facebook,wispr-flow,,Wispr Flow,1486233319667270,Video,English,human-only,split-screen,human-recorded,wispr-flow-g0074,original,original,2026-05-28,2026-05-28,1,1,2026-05-21,7,False,361,361,361,361,False,True,476,0.0,False,False,False,loser,low
facebook,wispr-flow,,Click Vibe Media,930919783186924,Image,,,,,,,,2026-05-28,2026-05-28,1,1,2026-04-06,52,False,362,362,362,362,False,True,476,0.0,False,False,False,loser,low
facebook,wispr-flow,,Wispr Flow,973271205414719,Image,,,,,,,,2026-05-28,2026-05-28,1,1,2026-05-22,6,False,363,363,363,363,False,True,476,0.0,False,False,False,loser,low
facebook,wispr-flow,,Wispr Flow,1314290944138060,Video,English,human-only,talking-head,human-recorded,wispr-flow-g0047,exact_replica,replica,2026-05-28,2026-05-28,1,1,2026-05-21,7,False,364,364,364,364,False,True,476,0.0,False,False,False,loser,low
facebook,wispr-flow,,Wispr Flow,1863423987685707,Video,English,human-only,skit-narrative,human-recorded,wispr-flow-g0175,unique,original,2026-05-28,2026-05-28,1,1,2026-05-21,7,False,365,365,365,365,False,True,476,0.0,False,False,False,loser,low
facebook,wispr-flow,,Wispr Flow,1001345232259119,Video,English,human-only,split-screen,human-recorded,wispr-flow-g0014,original,original,2026-05-28,2026-05-28,1,1,2026-05-21,7,False,366,366,366,366,False,True,476,0.0,False,False,False,loser,low
facebook,wispr-flow,,Wispr Flow,1617796385979485,Video,English,human-only,talking-head,human-recorded,wispr-flow-g0077,exact_replica,replica,2026-05-28,2026-05-28,1,1,2026-05-21,7,False,367,367,367,367,False,True,476,0.0,False,False,False,loser,low
facebook,wispr-flow,,Wispr Flow,844976064839994,Video,English,human-only,talking-head,human-recorded,wispr-flow-g0135,original,original,2026-05-28,2026-05-28,1,1,2026-05-21,7,False,368,368,368,368,False,True,476,0.0,False,False,False,loser,low
facebook,wispr-flow,,Wispr Flow,3235037933341735,Video,English,human-only,split-screen,human-recorded,wispr-flow-g0109,exact_replica,replica,2026-05-28,2026-05-28,1,1,2026-05-21,7,False,369,369,369,369,False,True,476,0.0,False,False,False,loser,low
facebook,wispr-flow,,Wispr Flow,2384185045437404,Video,English,human-only,talking-head,human-recorded,wispr-flow-g0000,reworded_replica,replica,2026-05-28,2026-05-28,1,1,2026-05-21,7,False,370,370,370,370,False,True,476,0.0,False,False,False,loser,low
facebook,wispr-flow,,Wispr Flow,1628339884888095,Video,English,human-only,talking-head,human-recorded,wispr-flow-g0095,original,original,2026-05-28,2026-05-28,1,1,2026-05-21,7,False,371,371,371,371,False,True,476,0.0,False,False,False,loser,low
facebook,wispr-flow,,Wispr Flow,1309362284501239,Video,English,human-only,talking-head,human-recorded,wispr-flow-g0148,unique,original,2026-05-28,2026-05-28,1,1,2026-05-21,7,False,372,372,372,372,False,True,476,0.0,False,False,False,loser,low
facebook,wispr-flow,,Wispr Flow,1000288645783962,Video,English,human-only,talking-head,human-recorded,wispr-flow-g0034,original,original,2026-05-28,2026-05-28,1,1,2026-05-22,6,False,373,373,373,373,False,True,476,0.0,False,False,False,loser,low
facebook,wispr-flow,,Wispr Flow,2548523478938206,Image,,,,,,,,2026-05-28,2026-05-28,1,1,2026-05-22,6,False,374,374,374,374,False,True,476,0.0,False,False,False,loser,low
facebook,wispr-flow,,Wispr Flow,1372734824906812,Video,English,human-only,talking-head,human-recorded,wispr-flow-g0022,original,original,2026-05-28,2026-05-28,1,1,2026-05-21,7,False,375,375,375,375,False,True,476,0.0,False,False,False,loser,low
facebook,wispr-flow,,Wispr Flow,2032467807619458,Video,English,human-only,talking-head,human-recorded,wispr-flow-g0064,exact_replica,replica,2026-05-28,2026-05-28,1,1,2026-05-21,7,False,376,376,376,376,False,True,476,0.0,False,False,False,loser,low
facebook,wispr-flow,,Wispr Flow,1289363819981492,Video,English,human-only,talking-head,human-recorded,wispr-flow-g0047,original,original,2026-05-28,2026-05-28,1,1,2026-05-21,7,False,377,377,377,377,False,True,476,0.0,False,False,False,loser,low
facebook,wispr-flow,,Wispr Flow,26717877824551596,Video,English,human-only,talking-head,human-recorded,wispr-flow-g0129,original,original,2026-05-28,2026-05-28,1,1,2026-05-21,7,False,378,378,378,378,False,True,476,0.0,False,False,False,loser,low
facebook,wispr-flow,,Wispr Flow,1281880330819874,Video,English,human-only,talking-head,human-recorded,wispr-flow-g0046,original,original,2026-05-28,2026-05-28,1,1,2026-05-22,6,False,379,379,379,379,False,True,476,0.0,False,False,False,loser,low
facebook,wispr-flow,,Wispr Flow,998480062729694,Video,English,human-only,talking-head,human-recorded,wispr-flow-g0115,exact_replica,replica,2026-05-28,2026-05-28,1,1,2026-05-21,7,False,380,380,380,380,False,True,476,0.0,False,False,False,loser,low
facebook,wispr-flow,,Wispr Flow,1542232330948541,Video,English,human-only,talking-head,human-recorded,wispr-flow-g0000,exact_replica,replica,2026-05-28,2026-05-28,1,1,2026-05-21,7,False,381,381,381,381,False,True,476,0.0,False,False,False,loser,low
facebook,wispr-flow,,Wispr Flow,2074116963459232,Video,English,human-only,talking-head,human-recorded,wispr-flow-g0121,original,original,2026-05-28,2026-05-28,1,1,2026-05-21,7,False,382,382,382,382,False,True,476,0.0,False,False,False,loser,low
facebook,wispr-flow,,Wispr Flow,1563409292021287,Video,English,human-only,talking-head,human-recorded,wispr-flow-g0002,exact_replica,replica,2026-05-28,2026-05-28,1,1,2026-05-21,7,False,383,383,383,383,False,True,476,0.0,False,False,False,loser,low
facebook,wispr-flow,,Wispr Flow,1646075290029714,Video,English,human-only,talking-head,human-recorded,wispr-flow-g0097,original,original,2026-05-28,2026-05-28,1,1,2026-05-27,1,False,384,384,384,384,False,True,476,0.0,False,False,False,loser,low
facebook,wispr-flow,,Wispr Flow,870037275385972,Video,English,human-only,talking-head,human-recorded,wispr-flow-g0130,exact_replica,replica,2026-05-28,2026-05-28,1,1,2026-05-21,7,False,385,385,385,385,False,True,476,0.0,False,False,False,loser,low
facebook,wispr-flow,,Wispr Flow,1551419969746805,Video,English,human-only,talking-head,human-recorded,wispr-flow-g0029,original,original,2026-05-28,2026-05-28,1,1,2026-05-21,7,False,386,386,386,386,False,True,476,0.0,False,False,False,loser,low
facebook,wispr-flow,,Wispr Flow,2531700740617284,Video,English,human-only,skit-narrative,human-recorded,wispr-flow-g0004,exact_replica,replica,2026-05-28,2026-05-28,1,1,2026-05-22,6,False,387,387,387,387,False,True,476,0.0,False,False,False,loser,low
facebook,wispr-flow,,Wispr Flow,1766320354351957,Video,English,human-only,talking-head,human-recorded,wispr-flow-g0102,exact_replica,replica,2026-05-28,2026-05-28,1,1,2026-05-22,6,False,388,388,388,388,False,True,476,0.0,False,False,False,loser,low
facebook,wispr-flow,,Wispr Flow,1017222057530962,Video,English,human-only,split-screen,human-recorded,wispr-flow-g0036,original,original,2026-05-28,2026-05-28,1,1,2026-05-24,4,False,389,389,389,389,False,True,476,0.0,False,False,False,loser,low
facebook,wispr-flow,,Wispr Flow,1526877048960805,Video,English,human-only,talking-head,human-recorded,wispr-flow-g0088,original,original,2026-05-28,2026-05-28,1,1,2026-05-21,7,False,390,390,390,390,False,True,476,0.0,False,False,False,loser,low
facebook,wispr-flow,,Wispr Flow,1540230911052913,Video,English,human-only,split-screen,human-recorded,wispr-flow-g0092,original,original,2026-05-28,2026-05-28,1,1,2026-05-21,7,False,391,391,391,391,False,True,476,0.0,False,False,False,loser,low
facebook,wispr-flow,,Wispr Flow,977250445165070,Video,,,,,,,,2026-05-28,2026-05-28,1,1,2026-05-22,6,False,392,392,392,392,False,True,476,0.0,False,False,False,loser,low
facebook,wispr-flow,,Wispr Flow,1506877364384373,Video,English,human-only,split-screen,human-recorded,wispr-flow-g0080,original,original,2026-05-28,2026-05-28,1,1,2026-05-21,7,False,393,393,393,393,False,True,476,0.0,False,False,False,loser,low
facebook,wispr-flow,,Wispr Flow,875398298926655,Video,English,human-only,talking-head,human-recorded,wispr-flow-g0012,exact_replica,replica,2026-05-28,2026-05-28,1,1,2026-05-21,7,False,394,394,394,394,False,True,476,0.0,False,False,False,loser,low
facebook,wispr-flow,,Wispr Flow,1587705206318336,Video,English,human-only,talking-head,human-recorded,wispr-flow-g0005,exact_replica,replica,2026-05-28,2026-05-28,1,1,2026-05-22,6,False,395,395,395,395,False,True,476,0.0,False,False,False,loser,low
facebook,wispr-flow,,Wispr Flow,949620311281038,Video,English,human-only,talking-head,human-recorded,wispr-flow-g0000,reworded_replica,replica,2026-05-28,2026-05-28,1,1,2026-05-22,6,False,396,396,396,396,False,True,476,0.0,False,False,False,loser,low
facebook,wispr-flow,,Wispr Flow,2400772063779012,Video,English,human-only,talking-head,human-recorded,wispr-flow-g0126,original,original,2026-05-28,2026-05-28,1,1,2026-05-21,7,False,397,397,397,397,False,True,476,0.0,False,False,False,loser,low
facebook,wispr-flow,,Wispr Flow,1042850444950034,Video,English,human-only,talking-head,human-recorded,wispr-flow-g0039,original,original,2026-05-28,2026-05-28,1,1,2026-05-21,7,False,398,398,398,398,False,True,476,0.0,False,False,False,loser,low
facebook,wispr-flow,,Wispr Flow,1482446469451194,Video,English,human-only,talking-head,human-recorded,wispr-flow-g0019,exact_replica,replica,2026-05-28,2026-05-28,1,1,2026-05-21,7,False,399,399,399,399,False,True,476,0.0,False,False,False,loser,low
facebook,wispr-flow,,Wispr Flow,2475844162838428,Video,English,human-only,split-screen,human-recorded,wispr-flow-g0181,unique,original,2026-05-28,2026-05-28,1,1,2026-05-22,6,False,400,400,400,400,False,True,476,0.0,False,False,False,loser,low
facebook,wispr-flow,,Wispr Flow,1649374036283329,Video,English,human-only,talking-head,human-recorded,wispr-flow-g0023,exact_replica,replica,2026-05-28,2026-05-28,1,1,2026-05-21,7,False,401,401,401,401,False,True,476,0.0,False,False,False,loser,low
facebook,wispr-flow,,Wispr Flow,1672378080475047,Video,English,human-only,talking-head,human-recorded,wispr-flow-g0017,exact_replica,replica,2026-05-28,2026-05-28,1,1,2026-05-22,6,False,402,402,402,402,False,True,476,0.0,False,False,False,loser,low
facebook,wispr-flow,,Wispr Flow,1767494654630526,Video,English,human-only,talking-head,human-recorded,wispr-flow-g0174,unique,original,2026-05-28,2026-05-28,1,1,2026-05-21,7,False,403,403,403,403,False,True,476,0.0,False,False,False,loser,low
facebook,wispr-flow,,Wispr Flow,1699363347763773,Video,English,human-only,talking-head,human-recorded,wispr-flow-g0105,original,original,2026-05-28,2026-05-28,1,1,2026-05-22,6,False,404,404,404,404,False,True,476,0.0,False,False,False,loser,low
facebook,wispr-flow,,Wispr Flow,1950325292273958,Video,English,human-only,talking-head,human-recorded,wispr-flow-g0116,original,original,2026-05-28,2026-05-28,1,1,2026-05-21,7,False,405,405,405,405,False,True,476,0.0,False,False,False,loser,low
facebook,wispr-flow,,Wispr Flow,1772038357092256,Video,English,human-only,split-screen,human-recorded,wispr-flow-g0109,original,original,2026-05-28,2026-05-28,1,1,2026-05-22,6,False,406,406,406,406,False,True,476,0.0,False,False,False,loser,low
facebook,wispr-flow,,Wispr Flow,2063698844186455,Video,English,human-only,talking-head,human-recorded,wispr-flow-g0028,reworded_replica,replica,2026-05-28,2026-05-28,1,1,2026-05-21,7,False,407,407,407,407,False,True,476,0.0,False,False,False,loser,low
facebook,wispr-flow,,Wispr Flow,989759103922877,Video,English,human-only,talking-head,human-recorded,wispr-flow-g0088,exact_replica,replica,2026-05-28,2026-05-28,1,1,2026-05-21,7,False,408,408,408,408,False,True,476,0.0,False,False,False,loser,low
facebook,wispr-flow,,Wispr Flow,1703702597645451,Video,English,human-only,talking-head,human-recorded,wispr-flow-g0171,unique,original,2026-05-28,2026-05-28,1,1,2026-05-22,6,False,409,409,409,409,False,True,476,0.0,False,False,False,loser,low
facebook,wispr-flow,,Wispr Flow,2220603608682887,Video,English,human-only,talking-head,human-recorded,wispr-flow-g0110,exact_replica,replica,2026-05-28,2026-05-28,1,1,2026-05-21,7,False,410,410,410,410,False,True,476,0.0,False,False,False,loser,low
facebook,wispr-flow,,Wispr Flow,1571019874379818,Video,English,human-only,talking-head,human-recorded,wispr-flow-g0012,original,original,2026-05-28,2026-05-28,1,1,2026-05-22,6,False,411,411,411,411,False,True,476,0.0,False,False,False,loser,low
facebook,wispr-flow,,Wispr Flow,1534531005061404,Video,English,human-only,talking-head,human-recorded,wispr-flow-g0089,original,original,2026-05-28,2026-05-28,1,1,2026-05-21,7,False,412,412,412,412,False,True,476,0.0,False,False,False,loser,low
facebook,wispr-flow,,Wispr Flow,3837235089905572,Video,English,human-only,talking-head,human-recorded,wispr-flow-g0045,exact_replica,replica,2026-05-28,2026-05-28,1,1,2026-05-22,6,False,413,413,413,413,False,True,476,0.0,False,False,False,loser,low
facebook,wispr-flow,,Wispr Flow,1691469665609261,Video,English,human-only,talking-head,human-recorded,wispr-flow-g0090,exact_replica,replica,2026-05-28,2026-05-28,1,1,2026-05-21,7,False,414,414,414,414,False,True,476,0.0,False,False,False,loser,low
facebook,wispr-flow,,Wispr Flow,1231311415597698,Video,English,human-only,talking-head,human-recorded,wispr-flow-g0143,unique,original,2026-05-28,2026-05-28,1,1,2026-05-22,6,False,415,415,415,415,False,True,476,0.0,False,False,False,loser,low
facebook,wispr-flow,,Wispr Flow,911767428564079,Video,English,human-only,talking-head,human-recorded,wispr-flow-g0105,reworded_replica,replica,2026-05-28,2026-05-28,1,1,2026-05-22,6,False,416,416,416,416,False,True,476,0.0,False,False,False,loser,low
facebook,wispr-flow,,Wispr Flow,1357334192911322,Video,English,human-only,talking-head,human-recorded,wispr-flow-g0064,original,original,2026-05-28,2026-05-28,1,1,2026-05-22,6,False,417,417,417,417,False,True,476,0.0,False,False,False,loser,low
facebook,wispr-flow,,Wispr Flow,1547426376984036,Video,English,human-only,skit-narrative,human-recorded,wispr-flow-g0004,reworded_replica,replica,2026-05-28,2026-05-28,1,1,2026-05-21,7,False,418,418,418,418,False,True,476,0.0,False,False,False,loser,low
facebook,wispr-flow,,Wispr Flow,1516876816814846,Video,English,human-only,talking-head,human-recorded,wispr-flow-g0007,visual_variant,replica,2026-05-28,2026-05-28,1,1,2026-05-22,6,False,419,419,419,419,False,True,476,0.0,False,False,False,loser,low
facebook,wispr-flow,,Wispr Flow,1109622268903320,Video,English,human-only,talking-head,human-recorded,wispr-flow-g0041,original,original,2026-05-28,2026-05-28,1,1,2026-05-22,6,False,420,420,420,420,False,True,476,0.0,False,False,False,loser,low
facebook,wispr-flow,,Wispr Flow,819896004527409,Video,English,human-only,talking-head,human-recorded,wispr-flow-g0126,exact_replica,replica,2026-05-28,2026-05-28,1,1,2026-05-21,7,False,421,421,421,421,False,True,476,0.0,False,False,False,loser,low
facebook,wispr-flow,,Wispr Flow,1471462244163599,Video,English,human-only,talking-head,human-recorded,wispr-flow-g0073,original,original,2026-05-28,2026-05-28,1,1,2026-05-22,6,False,422,422,422,422,False,True,476,0.0,False,False,False,loser,low
facebook,wispr-flow,,Wispr Flow,2045783839342704,Video,English,human-only,talking-head,human-recorded,wispr-flow-g0005,exact_replica,replica,2026-05-28,2026-05-28,1,1,2026-05-21,7,False,423,423,423,423,False,True,476,0.0,False,False,True,loser,low
facebook,wispr-flow,,Wispr Flow,4224391227812215,Video,English,human-only,talking-head,human-recorded,wispr-flow-g0000,exact_replica,replica,2026-05-28,2026-05-28,1,1,2026-05-22,6,False,424,424,424,424,False,True,476,0.0,False,False,False,loser,low
facebook,wispr-flow,,Wispr Flow,1547156103734323,Video,unknown,human-only,split-screen,human-recorded,wispr-flow-g0001,original,original,2026-05-28,2026-05-28,1,1,2026-05-27,1,False,425,425,425,425,False,True,476,0.0,False,False,False,loser,low
facebook,wispr-flow,,Wispr Flow,958778383738431,Video,English,human-only,talking-head,human-recorded,wispr-flow-g0029,exact_replica,replica,2026-05-28,2026-05-28,1,1,2026-05-21,7,False,426,426,426,426,False,True,476,0.0,False,False,False,loser,low
facebook,wispr-flow,,Wispr Flow,2318718265321924,Video,unknown,human-only,skit-narrative,human-recorded,wispr-flow-g0001,visual_variant,replica,2026-05-28,2026-05-28,1,1,2026-05-21,7,False,427,427,427,427,False,True,476,0.0,False,False,True,loser,low
facebook,wispr-flow,,Wispr Flow,1524272802396834,Video,English,human-only,skit-narrative,human-recorded,wispr-flow-g0086,original,original,2026-05-28,2026-05-28,1,1,2026-05-21,7,False,428,428,428,428,False,True,476,0.0,False,False,True,loser,low
facebook,wispr-flow,,Wispr Flow,977302141671203,Video,English,human-only,talking-head,human-recorded,wispr-flow-g0061,exact_replica,replica,2026-05-28,2026-05-28,1,1,2026-05-23,5,False,429,429,429,429,False,True,476,0.0,False,False,True,loser,low
facebook,wispr-flow,,Wispr Flow,982344277882625,Video,English,human-only,talking-head,human-recorded,wispr-flow-g0198,unique,original,2026-05-28,2026-05-28,1,1,2026-05-22,6,False,430,430,430,430,False,True,476,0.0,False,False,True,loser,low
facebook,wispr-flow,,Wispr Flow,1300562598849283,Video,English,human-only,talking-head,human-recorded,wispr-flow-g0017,original,original,2026-05-28,2026-05-28,1,1,2026-05-21,7,False,431,431,431,431,False,True,476,0.0,False,False,True,loser,low
facebook,wispr-flow,,Wispr Flow,2182985802457364,Video,English,human-only,talking-head,human-recorded,wispr-flow-g0125,original,original,2026-05-28,2026-05-28,1,1,2026-05-21,7,False,432,432,432,432,False,True,476,0.0,False,False,True,loser,low
facebook,wispr-flow,,Wispr Flow,3903169566651958,Video,English,human-only,talking-head,human-recorded,wispr-flow-g0121,exact_replica,replica,2026-05-28,2026-05-28,1,1,2026-05-21,7,False,433,433,433,433,False,True,476,0.0,False,False,True,loser,low
facebook,wispr-flow,,Wispr Flow,1306909370884974,Video,English,human-only,talking-head,human-recorded,wispr-flow-g0053,original,original,2026-05-28,2026-05-28,1,1,2026-05-21,7,False,434,434,434,434,False,True,476,0.0,False,False,True,loser,low
facebook,wispr-flow,,Wispr Flow,1483581310175072,Video,English,human-only,talking-head,human-recorded,wispr-flow-g0163,unique,original,2026-05-28,2026-05-28,1,1,2026-05-22,6,False,435,435,435,435,False,True,476,0.0,False,False,True,loser,low
facebook,wispr-flow,,Wispr Flow,2516847602098739,Video,English,human-only,skit-narrative,human-recorded,wispr-flow-g0043,exact_replica,replica,2026-05-28,2026-05-28,1,1,2026-05-21,7,False,436,436,436,436,False,True,476,0.0,False,False,True,loser,low
facebook,wispr-flow,,Wispr Flow,2044541756134819,Video,English,human-only,talking-head,human-recorded,wispr-flow-g0116,exact_replica,replica,2026-05-28,2026-05-28,1,1,2026-05-21,7,False,437,437,437,437,False,True,476,0.0,False,False,True,loser,low
facebook,wispr-flow,,Wispr Flow,818136867756415,Video,English,human-only,talking-head,human-recorded,wispr-flow-g0093,exact_replica,replica,2026-05-28,2026-05-28,1,1,2026-05-21,7,False,438,438,438,438,False,True,476,0.0,False,False,True,loser,low
facebook,wispr-flow,,Wispr Flow,4104006256521349,Video,English,human-only,talking-head,human-recorded,wispr-flow-g0118,exact_replica,replica,2026-05-28,2026-05-28,1,1,2026-05-21,7,False,439,439,439,439,False,True,476,0.0,False,False,True,loser,low
facebook,wispr-flow,,Wispr Flow,1688140105969296,Video,English,human-only,talking-head,human-recorded,wispr-flow-g0102,original,original,2026-05-28,2026-05-28,1,1,2026-05-21,7,False,440,440,440,440,False,True,476,0.0,False,False,True,loser,low
facebook,wispr-flow,,Wispr Flow,1746228133221838,Video,English,human-only,split-screen,human-recorded,wispr-flow-g0074,exact_replica,replica,2026-05-28,2026-05-28,1,1,2026-05-21,7,False,441,441,441,441,False,True,476,0.0,False,False,True,loser,low
facebook,wispr-flow,,Wispr Flow,1267115098511793,Video,English,human-only,talking-head,human-recorded,wispr-flow-g0045,original,original,2026-05-28,2026-05-28,1,1,2026-05-22,6,False,442,442,442,442,False,True,476,0.0,False,False,True,loser,low
facebook,wispr-flow,,Wispr Flow,1657500728699799,Video,English,human-only,talking-head,human-recorded,wispr-flow-g0168,unique,original,2026-05-28,2026-05-28,1,1,2026-05-21,7,False,443,443,443,443,False,True,476,0.0,False,False,False,loser,low
facebook,wispr-flow,,Wispr Flow,1322368433364978,Video,English,human-only,skit-narrative,human-recorded,wispr-flow-g0052,exact_replica,replica,2026-05-28,2026-05-28,1,1,2026-05-22,6,False,444,444,444,444,False,True,476,0.0,False,False,True,loser,low
facebook,wispr-flow,,Wispr Flow,1359535953018082,Video,English,human-only,talking-head,human-recorded,wispr-flow-g0041,exact_replica,replica,2026-05-28,2026-05-28,1,1,2026-05-22,6,False,445,445,445,445,False,True,476,0.0,False,False,True,loser,low
facebook,wispr-flow,,Wispr Flow,926320210455807,Video,English,human-only,talking-head,human-recorded,wispr-flow-g0137,original,original,2026-05-28,2026-05-28,1,1,2026-05-23,5,False,446,446,446,446,False,True,476,0.0,False,False,True,loser,low
facebook,wispr-flow,,Wispr Flow,779878878426351,Video,English,human-only,talking-head,human-recorded,wispr-flow-g0134,original,original,2026-05-28,2026-05-28,1,1,2026-05-21,7,False,447,447,447,447,False,True,476,0.0,False,False,True,loser,low
facebook,wispr-flow,,Wispr Flow,1413261284161942,Video,English,human-only,skit-narrative,human-recorded,wispr-flow-g0066,original,original,2026-05-28,2026-05-28,1,1,2026-05-21,7,False,448,448,448,448,False,True,476,0.0,False,False,True,loser,low
facebook,wispr-flow,,Wispr Flow,1788214782562310,Video,English,human-only,talking-head,human-recorded,wispr-flow-g0019,exact_replica,replica,2026-05-28,2026-05-28,1,1,2026-05-21,7,False,449,449,449,449,False,True,476,0.0,False,False,True,loser,low
facebook,wispr-flow,,Wispr Flow,1723716478814852,Video,English,human-only,split-screen,human-recorded,wispr-flow-g0107,original,original,2026-05-28,2026-05-28,1,1,2026-05-21,7,False,450,450,450,450,False,True,476,0.0,False,False,True,loser,low
facebook,wispr-flow,,Wispr Flow,821274497407451,Video,English,human-only,talking-head,human-recorded,wispr-flow-g0095,exact_replica,replica,2026-05-28,2026-05-28,1,1,2026-05-21,7,False,451,451,451,451,False,True,476,0.0,False,False,True,loser,low
facebook,wispr-flow,,Wispr Flow,1644663216752201,Video,English,human-only,talking-head,human-recorded,wispr-flow-g0096,original,original,2026-05-28,2026-05-28,1,1,2026-05-21,7,False,452,452,452,452,False,True,476,0.0,False,False,True,loser,low
facebook,wispr-flow,,Wispr Flow,977926474955194,Video,English,human-only,talking-head,human-recorded,wispr-flow-g0197,unique,original,2026-05-28,2026-05-28,1,1,2026-05-22,6,False,453,453,453,453,False,True,476,0.0,False,False,False,loser,low
facebook,wispr-flow,,Wispr Flow,925314090510241,Video,English,human-only,skit-narrative,human-recorded,wispr-flow-g0016,reworded_replica,replica,2026-05-28,2026-05-28,1,1,2026-05-21,7,False,454,454,454,454,False,True,476,0.0,False,False,True,loser,low
facebook,wispr-flow,,Wispr Flow,1137530259438222,Video,English,human-only,skit-narrative,human-recorded,wispr-flow-g0004,original,original,2026-05-28,2026-05-28,1,1,2026-05-22,6,False,455,455,455,455,False,True,476,0.0,False,False,True,loser,low
facebook,wispr-flow,,Wispr Flow,1264136165518560,Video,English,human-only,skit-narrative,human-recorded,wispr-flow-g0043,original,original,2026-05-28,2026-05-28,1,1,2026-05-21,7,False,456,456,456,456,False,True,476,0.0,False,False,True,loser,low
facebook,wispr-flow,,Wispr Flow,1332928282078834,Video,English,human-only,talking-head,human-recorded,wispr-flow-g0149,unique,original,2026-05-28,2026-05-28,1,1,2026-05-22,6,False,457,457,457,457,False,True,476,0.0,False,False,True,loser,low
facebook,wispr-flow,,Wispr Flow,907316102331699,Video,English,human-only,skit-narrative,human-recorded,wispr-flow-g0194,unique,original,2026-05-28,2026-05-28,1,1,2026-05-21,7,False,458,458,458,458,False,True,476,0.0,False,False,True,loser,low
facebook,wispr-flow,,Wispr Flow,985523274337639,Video,English,human-only,skit-narrative,human-recorded,wispr-flow-g0004,reworded_replica,replica,2026-05-28,2026-05-28,1,1,2026-05-22,6,False,459,459,459,459,False,True,476,0.0,False,False,True,loser,low
facebook,wispr-flow,,Wispr Flow,1083502908185516,Video,English,human-only,talking-head,human-recorded,wispr-flow-g0000,original,original,2026-05-28,2026-05-28,1,1,2026-05-22,6,False,460,460,460,460,False,True,476,0.0,False,False,True,loser,low
facebook,wispr-flow,,Wispr Flow,975618998556065,Video,English,human-only,skit-narrative,human-recorded,wispr-flow-g0016,exact_replica,replica,2026-05-28,2026-05-28,1,1,2026-05-22,6,False,461,461,461,461,False,True,476,0.0,False,False,True,loser,low
facebook,wispr-flow,,Wispr Flow,864612603337597,Video,English,human-only,talking-head,human-recorded,wispr-flow-g0193,unique,original,2026-05-28,2026-05-28,1,1,2026-05-22,6,False,462,462,462,462,False,True,476,0.0,False,False,True,loser,low
facebook,wispr-flow,,Wispr Flow,1867806670557358,Video,English,human-only,talking-head,human-recorded,wispr-flow-g0017,reworded_replica,replica,2026-05-28,2026-05-28,1,1,2026-05-22,6,False,463,463,463,463,False,True,476,0.0,False,False,True,loser,low
facebook,wispr-flow,,Wispr Flow,1614234420296947,Video,English,human-only,split-screen,human-recorded,wispr-flow-g0092,exact_replica,replica,2026-05-28,2026-05-28,1,1,2026-05-22,6,False,464,464,464,464,False,True,476,0.0,False,False,True,loser,low
facebook,wispr-flow,,Wispr Flow,3272942412907325,Video,English,human-only,talking-head,human-recorded,wispr-flow-g0096,exact_replica,replica,2026-05-28,2026-05-28,1,1,2026-05-21,7,False,465,465,465,465,False,True,476,0.0,False,False,True,loser,low
facebook,wispr-flow,,Wispr Flow,1635694734306453,Video,English,human-only,skit-narrative,human-recorded,wispr-flow-g0066,exact_replica,replica,2026-05-28,2026-05-28,1,1,2026-05-21,7,False,466,466,466,466,False,True,476,0.0,False,False,True,loser,low
facebook,wispr-flow,,Wispr Flow,1351558753558031,Video,English,human-only,split-screen,human-recorded,wispr-flow-g0007,original,original,2026-05-28,2026-05-28,1,1,2026-05-21,7,False,467,467,467,467,False,True,476,0.0,False,False,True,loser,low
facebook,wispr-flow,,Wispr Flow,26873840628945240,Video,English,human-only,talking-head,human-recorded,wispr-flow-g0130,original,original,2026-05-28,2026-05-28,1,1,2026-05-22,6,False,468,468,468,468,False,True,476,0.0,False,False,True,loser,low
facebook,wispr-flow,,Wispr Flow,1703674871049851,Video,English,human-only,talking-head,human-recorded,wispr-flow-g0104,exact_replica,replica,2026-05-28,2026-05-28,1,1,2026-05-27,1,False,469,469,469,469,False,True,476,0.0,False,False,False,loser,low
facebook,wispr-flow,,Wispr Flow,1859796101658057,Video,English,human-only,talking-head,human-recorded,wispr-flow-g0110,original,original,2026-05-28,2026-05-28,1,1,2026-05-22,6,False,470,470,470,470,False,True,476,0.0,False,False,True,loser,low
facebook,wispr-flow,,Wispr Flow,999229155893489,Video,English,human-only,talking-head,human-recorded,wispr-flow-g0097,exact_replica,replica,2026-05-28,2026-05-28,1,1,2026-05-22,6,False,471,471,471,471,False,True,476,0.0,False,False,True,loser,low
facebook,wispr-flow,,Wispr Flow,1303984397967191,Video,English,human-only,skit-narrative,human-recorded,wispr-flow-g0052,original,original,2026-05-28,2026-05-28,1,1,2026-05-23,5,False,472,472,472,472,False,True,476,0.0,False,False,True,loser,low
facebook,wispr-flow,,Wispr Flow,1513422940192478,Video,English,human-only,talking-head,human-recorded,wispr-flow-g0007,visual_variant,replica,2026-05-28,2026-05-28,1,1,2026-05-22,6,False,473,473,473,473,False,True,476,0.0,False,False,True,loser,low
facebook,wispr-flow,,Wispr Flow,2165995524235758,Video,English,human-only,talking-head,human-recorded,wispr-flow-g0089,exact_replica,replica,2026-05-28,2026-05-28,1,1,2026-05-22,6,False,474,474,474,474,False,True,476,0.0,False,False,True,loser,low
facebook,wispr-flow,,Wispr Flow,951519644423697,Video,English,human-only,talking-head,human-recorded,wispr-flow-g0137,exact_replica,replica,2026-05-28,2026-05-28,1,1,2026-05-22,6,False,475,475,475,475,False,True,476,0.0,False,False,True,loser,low
facebook,wispr-flow,,Wispr Flow,2795482860798359,Video,English,human-only,talking-head,human-recorded,wispr-flow-g0073,exact_replica,replica,2026-05-28,2026-05-28,1,1,2026-05-24,4,False,476,476,476,476,False,True,476,0.0,False,False,True,loser,low
facebook,wispr-flow,110864474787474,Wispr Flow,1724438051929110,Video,English,human-only,talking-head,human-recorded,wispr-flow-g0082,original,original,2026-06-16,2026-07-17,26,5,2026-06-11,36,False,1,2,2,1,True,False,68,1.0,True,True,False,winner,high
facebook,wispr-flow,110864474787474,Wispr Flow,1760375222070126,Image,,,,,,,,2026-06-26,2026-07-16,19,4,2026-06-24,22,False,1,8,1,1,False,True,68,1.0,True,True,False,winner,high
facebook,wispr-flow,110864474787474,Wispr Flow,849299764904914,Video,English,human-only,app-screencast,human-recorded,wispr-flow-g0013,exact_replica,replica,2026-06-16,2026-07-17,26,5,2026-06-11,36,False,2,5,4,4,True,False,68,0.962,True,True,False,winner,high
facebook,wispr-flow,110864474787474,Wispr Flow,1005206305387671,Video,English,human-only,talking-head,human-recorded,wispr-flow-g0003,exact_replica,replica,2026-06-16,2026-07-17,26,5,2026-06-11,36,False,2,8,6,7,True,False,68,0.808,True,True,False,winner,high
facebook,wispr-flow,110864474787474,Wispr Flow,1051978690742116,Video,,,,,,,,2026-06-25,2026-07-17,21,4,2026-06-23,24,False,2,7,4,2,True,False,68,0.952,True,True,False,winner,high
facebook,wispr-flow,110864474787474,Wispr Flow,1798704751287375,Image,,,,,,,,2026-06-25,2026-07-17,21,4,2026-06-23,24,False,2,10,3,5,True,False,68,0.905,True,True,False,winner,high
facebook,wispr-flow,110864474787474,Wispr Flow,1021652673555665,Video,,,,,,,,2026-07-02,2026-07-17,15,3,2026-06-30,17,False,3,34,7,3,True,False,68,0.867,True,True,False,winner,high
facebook,wispr-flow,110864474787474,Wispr Flow,1502163374924961,Video,English,human-only,talking-head,human-recorded,wispr-flow-g0020,exact_replica,replica,2026-06-16,2026-06-24,5,2,2026-06-11,13,False,4,6,5,5,False,True,7,0.0,True,False,False,loser,low
facebook,wispr-flow,110864474787474,Wispr Flow,1034617109315250,Video,English,human-only,talking-head,human-recorded,wispr-flow-g0038,original,original,2026-06-16,2026-07-17,26,5,2026-06-11,36,False,4,7,6,6,True,False,68,0.769,True,True,False,winner,high
facebook,wispr-flow,110864474787474,Wispr Flow,1299327432353416,Video,English,human-only,talking-head,human-recorded,wispr-flow-g0050,original,original,2026-06-16,2026-07-17,26,5,2026-06-11,36,False,4,13,8,12,True,False,68,0.731,True,True,False,winner,high
facebook,wispr-flow,110864474787474,Wispr Flow,2327121097820412,Video,English,human-only,talking-head,human-recorded,wispr-flow-g0025,exact_replica,replica,2026-06-16,2026-07-17,26,5,2026-06-11,36,False,6,11,9,10,True,False,68,0.769,True,True,False,winner,high
facebook,wispr-flow,110864474787474,Wispr Flow,1002529055904133,Image,,,,,,,,2026-06-26,2026-07-17,20,4,2026-06-24,23,False,8,17,13,8,True,False,68,0.75,True,True,False,winner,high
facebook,wispr-flow,110864474787474,Wispr Flow,1522960312960160,Image,,,,,,,,2026-06-26,2026-07-17,20,4,2026-06-24,23,False,9,22,16,21,True,False,68,0.3,True,False,False,winner,high
facebook,wispr-flow,110864474787474,Wispr Flow,978023111708983,Video,,,,,,,,2026-07-02,2026-07-17,15,3,2026-06-30,17,False,9,66,13,9,True,False,68,0.8,True,True,False,winner,high
facebook,wispr-flow,110864474787474,Wispr Flow,1027337319877150,Image,,,,,,,,2026-06-26,2026-07-17,20,4,2026-06-24,23,False,10,15,12,13,True,False,68,0.7,True,True,False,winner,high
facebook,wispr-flow,110864474787474,Wispr Flow,1349556383997929,Image,,,,,,,,2026-06-26,2026-07-17,20,4,2026-06-24,23,False,10,18,16,16,True,False,68,0.55,True,True,False,winner,high
facebook,wispr-flow,110864474787474,Wispr Flow,993069553631065,Video,,,,,,,,2026-07-02,2026-07-11,9,2,2026-06-30,11,False,10,39,11,10,False,True,68,0.778,True,True,False,loser,low
facebook,wispr-flow,110864474787474,Wispr Flow,3641404452683782,Image,,,,,,,,2026-06-26,2026-07-17,20,4,2026-06-24,23,False,11,30,20,29,True,False,68,0.15,True,False,False,winner,high
facebook,wispr-flow,110864474787474,Wispr Flow,2041279759849850,Video,,,,,,,,2026-07-02,2026-07-17,15,3,2026-06-30,17,False,11,65,26,11,True,False,68,0.267,True,False,False,winner,high
facebook,wispr-flow,110864474787474,Wispr Flow,27348639248125430,Image,,,,,,,,2026-06-26,2026-07-17,20,4,2026-06-24,23,False,13,31,24,26,True,False,68,0.1,True,False,False,winner,high
facebook,wispr-flow,110864474787474,Wispr Flow,1003727858957538,Image,,,,,,,,2026-06-26,2026-07-17,20,4,2026-06-24,23,False,14,43,36,41,True,False,68,0.0,True,False,False,winner,high
facebook,wispr-flow,110864474787474,Wispr Flow,2420504058445837,Image,,,,,,,,2026-06-26,2026-07-17,20,4,2026-06-24,23,False,14,33,22,32,True,False,68,0.15,True,False,False,winner,high
facebook,wispr-flow,110864474787474,Wispr Flow,938508952538638,Image,,,,,,,,2026-06-26,2026-07-17,20,4,2026-06-24,23,False,14,30,22,25,True,False,68,0.1,True,False,False,winner,high
facebook,wispr-flow,110864474787474,Wispr Flow,1560963999146409,Video,,,,,,,,2026-07-02,2026-07-17,15,3,2026-06-30,17,False,14,48,17,14,True,False,68,0.6,True,True,False,winner,high
facebook,wispr-flow,110864474787474,Wispr Flow,1453568586537172,Video,,,,,,,,2026-07-02,2026-07-17,15,3,2026-06-30,17,False,14,55,16,15,True,False,68,0.6,True,True,False,winner,high
facebook,wispr-flow,110864474787474,Wispr Flow,2015887672355419,Video,,,,,,,,2026-07-02,2026-07-11,9,2,2026-06-30,11,False,15,42,22,15,False,True,68,0.444,True,False,False,loser,low
facebook,wispr-flow,110864474787474,Wispr Flow,2275489369526488,Image,,,,,,,,2026-06-26,2026-07-17,20,4,2026-06-24,23,False,17,28,21,19,True,False,68,0.0,True,False,False,winner,high
facebook,wispr-flow,110864474787474,Wispr Flow,1046170161343585,Video,,,,,,,,2026-07-13,2026-07-17,5,1,2026-07-11,6,False,17,44,21,17,True,False,68,0.2,True,False,False,undecided,high
facebook,wispr-flow,110864474787474,Wispr Flow,1984169145874164,Image,,,,,,,,2026-06-26,2026-06-26,1,1,2026-06-24,2,False,18,18,18,18,False,True,35,0.0,True,False,False,loser,low
facebook,wispr-flow,110864474787474,Wispr Flow,1945116339631853,Image,,,,,,,,2026-06-26,2026-07-17,20,4,2026-06-24,23,False,18,35,30,34,True,False,68,0.0,True,False,False,winner,high
facebook,wispr-flow,110864474787474,Wispr Flow,1044681844723201,Video,,,,,,,,2026-07-13,2026-07-17,5,1,2026-07-11,6,False,18,50,29,18,True,False,68,0.0,True,False,False,undecided,high
facebook,wispr-flow,110864474787474,Wispr Flow,4328943554038266,Image,,,,,,,,2026-06-26,2026-07-17,20,4,2026-06-24,23,False,19,35,29,24,True,False,68,0.0,True,False,False,winner,high
facebook,wispr-flow,110864474787474,Wispr Flow,1079023641751108,Image,,,,,,,,2026-06-26,2026-07-17,20,4,2026-06-24,23,False,19,34,32,33,True,False,68,0.0,True,False,False,winner,high
facebook,wispr-flow,110864474787474,Wispr Flow,1021919940229138,Image,,,,,,,,2026-06-26,2026-07-17,20,4,2026-06-24,23,False,19,36,28,35,True,False,68,0.0,True,False,False,winner,high
facebook,wispr-flow,110864474787474,Wispr Flow,1613009160830912,Video,,,,,,,,2026-07-02,2026-07-11,9,2,2026-06-30,11,False,19,35,20,19,False,True,68,0.0,True,False,False,loser,low
facebook,wispr-flow,110864474787474,Wispr Flow,2224530435067193,Video,,,,,,,,2026-07-02,2026-07-17,15,3,2026-06-30,17,False,19,64,24,20,True,False,68,0.0,True,False,False,winner,high
facebook,wispr-flow,110864474787474,Wispr Flow,2016767815639042,Image,,,,,,,,2026-06-26,2026-07-17,20,4,2026-06-24,23,False,20,41,36,37,True,False,68,0.0,True,False,False,winner,high
facebook,wispr-flow,110864474787474,Wispr Flow,919884424465438,Image,,,,,,,,2026-06-26,2026-07-17,20,4,2026-06-24,23,False,20,36,28,27,True,False,68,0.0,True,False,False,winner,high
facebook,wispr-flow,110864474787474,Wispr Flow,1081367241232780,Image,,,,,,,,2026-06-26,2026-07-17,20,4,2026-06-24,23,False,21,44,38,43,True,False,68,0.0,True,False,False,winner,high
facebook,wispr-flow,110864474787474,Wispr Flow,1506295654572352,Image,,,,,,,,2026-06-26,2026-07-17,20,4,2026-06-24,23,False,21,42,34,38,True,False,68,0.0,True,False,False,winner,high
facebook,wispr-flow,110864474787474,Wispr Flow,1694141195170963,Video,,,,,,,,2026-07-02,2026-07-11,9,2,2026-06-30,11,False,21,37,22,22,False,True,68,0.0,True,False,False,loser,low
facebook,wispr-flow,110864474787474,Wispr Flow,1017221324610288,Image,,,,,,,,2026-06-26,2026-07-17,20,4,2026-06-24,23,False,22,47,40,46,True,False,68,0.0,True,False,False,winner,high
facebook,wispr-flow,110864474787474,Wispr Flow,853910447569286,Video,,,,,,,,2026-07-13,2026-07-17,5,1,2026-07-11,6,False,22,45,35,22,True,False,68,0.0,True,False,False,undecided,high
facebook,wispr-flow,110864474787474,Wispr Flow,1027531709677491,Image,,,,,,,,2026-06-26,2026-07-17,20,4,2026-06-24,23,False,23,34,30,30,True,False,68,0.0,True,False,False,winner,high
facebook,wispr-flow,110864474787474,Wispr Flow,2110693476156243,Video,,,,,,,,2026-07-02,2026-07-17,15,3,2026-06-30,17,False,23,68,36,23,True,False,68,0.0,True,False,False,winner,high
facebook,wispr-flow,110864474787474,Wispr Flow,27409361862024604,Image,,,,,,,,2026-06-26,2026-07-17,20,4,2026-06-24,23,False,25,45,41,44,True,False,68,0.0,True,False,False,winner,high
facebook,wispr-flow,110864474787474,Wispr Flow,999158776435786,Image,,,,,,,,2026-06-26,2026-07-17,20,4,2026-06-24,23,False,26,48,42,47,True,False,68,0.0,True,False,False,winner,high
facebook,wispr-flow,110864474787474,Wispr Flow,1540431394421747,Video,,,,,,,,2026-07-02,2026-07-11,9,2,2026-06-30,11,False,26,62,38,26,False,True,68,0.0,True,False,False,loser,low
facebook,wispr-flow,110864474787474,Wispr Flow,1405864931180510,Video,,,,,,,,2026-07-02,2026-07-17,15,3,2026-06-30,17,False,26,67,40,31,True,False,68,0.0,True,False,False,winner,high
facebook,wispr-flow,110864474787474,Wispr Flow,2072806140299148,Video,,,,,,,,2026-07-02,2026-07-11,9,2,2026-06-30,11,False,28,43,34,28,False,True,68,0.0,True,False,False,loser,low
facebook,wispr-flow,110864474787474,Wispr Flow,1063587269925223,Video,,,,,,,,2026-07-13,2026-07-17,5,1,2026-07-11,6,False,28,46,39,28,True,False,68,0.0,True,False,False,undecided,high
facebook,wispr-flow,110864474787474,Wispr Flow,881442491671596,Image,,,,,,,,2026-06-26,2026-07-17,20,4,2026-06-24,23,False,29,47,42,45,True,False,68,0.0,True,False,False,winner,high
facebook,wispr-flow,110864474787474,Wispr Flow,2024423071512210,Image,,,,,,,,2026-06-26,2026-07-17,20,4,2026-06-24,23,False,33,51,45,50,True,False,68,0.0,True,False,False,winner,high
facebook,wispr-flow,110864474787474,Wispr Flow,1553150326418901,Image,,,,,,,,2026-06-26,2026-07-17,20,4,2026-06-24,23,False,33,55,52,52,True,False,68,0.0,True,False,False,winner,high
facebook,wispr-flow,110864474787474,Wispr Flow,1539687641505367,Video,,,,,,,,2026-07-13,2026-07-17,5,1,2026-07-11,6,False,36,47,40,36,True,False,68,0.0,True,False,False,undecided,high
facebook,wispr-flow,110864474787474,Wispr Flow,1444882290807739,Video,,,,,,,,2026-07-02,2026-07-11,9,2,2026-06-30,11,False,37,54,43,39,False,True,68,0.0,True,False,False,loser,low
facebook,wispr-flow,110864474787474,Wispr Flow,894452810350732,Video,,,,,,,,2026-07-02,2026-07-11,9,2,2026-06-30,11,False,37,66,57,37,False,True,68,0.0,True,False,False,loser,low
facebook,wispr-flow,110864474787474,Wispr Flow,1083491307541036,Video,,,,,,,,2026-07-13,2026-07-17,5,1,2026-07-11,6,False,39,51,44,39,True,False,68,0.0,True,False,False,undecided,high
facebook,wispr-flow,110864474787474,Wispr Flow,1556859212889121,Video,,,,,,,,2026-07-02,2026-07-11,9,2,2026-06-30,11,False,40,60,58,60,False,True,68,0.0,True,False,False,loser,low
facebook,wispr-flow,110864474787474,Wispr Flow,1911840256162372,Video,,,,,,,,2026-07-13,2026-07-17,5,1,2026-07-11,6,False,40,49,45,40,True,False,68,0.0,True,False,False,undecided,high
facebook,wispr-flow,110864474787474,Wispr Flow,2260025234801320,Video,,,,,,,,2026-07-02,2026-07-11,9,2,2026-06-30,11,False,41,52,48,52,False,True,68,0.0,True,False,False,loser,low
facebook,wispr-flow,110864474787474,Wispr Flow,1000446369547521,Video,,,,,,,,2026-07-02,2026-07-11,9,2,2026-06-30,11,False,42,54,51,54,False,True,68,0.0,True,False,False,loser,low
facebook,wispr-flow,110864474787474,Wispr Flow,4435658483366549,Video,,,,,,,,2026-07-02,2026-07-17,15,3,2026-06-30,17,False,42,65,56,51,True,False,68,0.0,True,False,False,winner,high
facebook,wispr-flow,110864474787474,Wispr Flow,1940813073559746,Video,,,,,,,,2026-07-14,2026-07-17,4,1,2026-07-12,5,False,42,53,48,42,True,False,68,0.0,True,False,False,undecided,high
facebook,wispr-flow,110864474787474,Wispr Flow,26865194519827254,Video,,,,,,,,2026-07-02,2026-07-11,9,2,2026-06-30,11,False,44,63,61,63,False,True,68,0.0,True,False,False,loser,low
facebook,wispr-flow,110864474787474,Wispr Flow,1734613354206056,Video,,,,,,,,2026-07-02,2026-07-11,9,2,2026-06-30,11,False,45,52,50,50,False,True,68,0.0,True,False,False,loser,low
facebook,wispr-flow,110864474787474,Wispr Flow,1333090995116717,Video,,,,,,,,2026-07-02,2026-07-11,9,2,2026-06-30,11,False,46,57,54,57,False,True,68,0.0,True,False,False,loser,low
facebook,wispr-flow,110864474787474,Wispr Flow,1411920554097453,Video,,,,,,,,2026-07-02,2026-07-11,9,2,2026-06-30,11,False,47,55,50,49,False,True,68,0.0,True,False,False,loser,low
facebook,wispr-flow,110864474787474,Wispr Flow,1006057622323852,Video,,,,,,,,2026-07-13,2026-07-17,5,1,2026-07-11,6,False,48,51,50,49,True,False,68,0.0,True,False,False,undecided,high
facebook,wispr-flow,110864474787474,Wispr Flow,1722035289142196,Video,,,,,,,,2026-07-13,2026-07-17,5,1,2026-07-11,6,False,48,52,50,48,True,False,68,0.0,True,False,False,undecided,high
facebook,wispr-flow,110864474787474,Wispr Flow,1057304930053591,Video,,,,,,,,2026-07-02,2026-07-11,9,2,2026-06-30,11,False,49,63,61,61,False,True,68,0.0,True,False,False,loser,low
facebook,wispr-flow,110864474787474,Wispr Flow,1015698254201797,Video,,,,,,,,2026-07-02,2026-07-11,9,2,2026-06-30,11,False,50,62,59,62,False,True,68,0.0,True,False,False,loser,low
facebook,wispr-flow,110864474787474,Wispr Flow,1563150208499852,Video,,,,,,,,2026-07-02,2026-07-11,9,2,2026-06-30,11,False,51,65,64,65,False,True,68,0.0,True,False,False,loser,low
facebook,wispr-flow,110864474787474,Wispr Flow,1050669637314755,Video,,,,,,,,2026-07-02,2026-07-11,9,2,2026-06-30,11,False,52,63,59,59,False,True,68,0.0,True,False,False,loser,low
facebook,wispr-flow,110864474787474,Wispr Flow,1570223347988748,Video,,,,,,,,2026-07-02,2026-07-11,9,2,2026-06-30,11,False,53,61,54,53,False,True,68,0.0,True,False,False,loser,low
facebook,wispr-flow,110864474787474,Wispr Flow,1506529434041835,Video,,,,,,,,2026-07-13,2026-07-17,5,1,2026-07-11,6,False,53,63,60,62,True,False,68,0.0,True,False,False,undecided,high
facebook,wispr-flow,110864474787474,Wispr Flow,909304835543708,Video,,,,,,,,2026-07-13,2026-07-17,5,1,2026-07-11,6,False,53,56,54,53,True,False,68,0.0,True,False,False,undecided,high
facebook,wispr-flow,110864474787474,Wispr Flow,998932696075910,Video,,,,,,,,2026-07-02,2026-07-11,9,2,2026-06-30,11,False,54,58,56,58,False,True,68,0.0,True,False,False,loser,low
facebook,wispr-flow,110864474787474,Wispr Flow,1265070633352017,Video,,,,,,,,2026-07-13,2026-07-17,5,1,2026-07-11,6,False,54,58,57,57,True,False,68,0.0,True,False,False,undecided,high
facebook,wispr-flow,110864474787474,Wispr Flow,1037896822268143,Video,,,,,,,,2026-07-13,2026-07-17,5,1,2026-07-11,6,False,54,57,55,54,True,False,68,0.0,True,False,False,undecided,high
facebook,wispr-flow,110864474787474,Wispr Flow,791491180657078,Video,,,,,,,,2026-07-13,2026-07-17,5,1,2026-07-11,6,False,55,59,56,58,True,False,68,0.0,True,False,False,undecided,high
facebook,wispr-flow,110864474787474,Wispr Flow,1010446098268461,Video,,,,,,,,2026-07-14,2026-07-17,4,1,2026-07-12,5,False,55,65,60,55,True,False,68,0.0,True,False,False,undecided,high
facebook,wispr-flow,110864474787474,Wispr Flow,1018832087208592,Video,,,,,,,,2026-07-13,2026-07-17,5,1,2026-07-11,6,False,56,59,59,56,True,False,68,0.0,True,False,False,undecided,high
facebook,wispr-flow,110864474787474,Wispr Flow,1047032087994031,Video,,,,,,,,2026-07-02,2026-07-11,9,2,2026-06-30,11,False,57,66,66,66,False,True,68,0.0,True,False,False,loser,low
facebook,wispr-flow,110864474787474,Wispr Flow,1569807621441987,Video,,,,,,,,2026-07-02,2026-07-11,9,2,2026-06-30,11,False,58,68,68,68,False,True,68,0.0,True,False,False,loser,low
facebook,wispr-flow,110864474787474,Wispr Flow,2000784557228964,Video,,,,,,,,2026-07-02,2026-07-11,9,2,2026-06-30,11,False,58,64,63,64,False,True,68,0.0,True,False,False,loser,low
facebook,wispr-flow,110864474787474,Wispr Flow,869261012542439,Video,,,,,,,,2026-07-13,2026-07-17,5,1,2026-07-11,6,False,58,63,62,61,True,False,68,0.0,True,False,False,undecided,high
facebook,wispr-flow,110864474787474,Wispr Flow,1502296127796689,Video,,,,,,,,2026-07-14,2026-07-17,4,1,2026-07-12,5,False,58,60,58,59,True,False,68,0.0,True,False,False,undecided,high
facebook,wispr-flow,110864474787474,Wispr Flow,1230405006821118,Video,,,,,,,,2026-07-02,2026-07-11,9,2,2026-06-30,11,False,60,67,67,67,False,True,68,0.0,True,False,False,loser,low
facebook,wispr-flow,110864474787474,Wispr Flow,2250509392383244,Video,,,,,,,,2026-07-13,2026-07-17,5,1,2026-07-11,6,False,60,66,61,60,True,False,68,0.0,True,False,True,undecided,high
facebook,wispr-flow,110864474787474,Wispr Flow,1806778156954145,Video,,,,,,,,2026-07-14,2026-07-17,4,1,2026-07-12,5,False,61,65,62,64,True,False,68,0.0,True,False,False,undecided,high
facebook,wispr-flow,110864474787474,Wispr Flow,1743992433705412,Video,,,,,,,,2026-07-14,2026-07-17,4,1,2026-07-12,5,False,62,66,64,65,True,False,68,0.0,True,False,False,undecided,high
facebook,wispr-flow,110864474787474,Wispr Flow,2044595546431200,Video,,,,,,,,2026-07-14,2026-07-17,4,1,2026-07-12,5,False,63,67,66,63,True,False,68,0.0,True,False,False,undecided,high
facebook,wispr-flow,110864474787474,Wispr Flow,2600374387043748,Video,,,,,,,,2026-07-14,2026-07-17,4,1,2026-07-12,5,False,64,67,65,66,True,False,68,0.0,True,False,True,undecided,high
facebook,wispr-flow,110864474787474,Wispr Flow,1058746456810441,Video,,,,,,,,2026-07-16,2026-07-17,2,1,2026-07-14,3,False,67,68,68,67,True,False,68,0.0,True,False,False,new,high
