row_rank,page_rank,competitor_name,advertiser_id,advertiser_name,advertiser_verified_location,target_country,creative_id,creative_url,creative_format,creative_last_shown_date,regions_shown,variant_index,variant_count,ad_headline,ad_description,ad_cta_text,ad_overlay_text,ad_destination_url,youtube_video_id,youtube_video_url,youtube_video_title,youtube_video_description,youtube_channel_name,youtube_video_duration_s,image_url_at_scrape,aspect_ratio,scrape_run_date,error_tag
1,1,Duolingo,AR01320432650854334465,Duolingo Inc,United States,IN,CR00077483048265842689,https://adstransparency.google.com/advertiser/AR01320432650854334465/creative/CR00077483048265842689?region=IN,Image,2026-03-30,2356,0,1,,,,,,,,,,,,https://tpc.googlesyndication.com/archive/simgad/14982709844249098154,,2026-07-13,
2,2,Duolingo,AR01320432650854334465,Duolingo Inc,United States,IN,CR00172539367540129793,https://adstransparency.google.com/advertiser/AR01320432650854334465/creative/CR00172539367540129793?region=IN,Image,2026-03-30,2356,0,3,,,,,,,,,,,,https://tpc.googlesyndication.com/archive/simgad/6163406411705906955,,2026-07-13,
3,3,Duolingo,AR01320432650854334465,Duolingo Inc,United States,IN,CR00172539367540129793,https://adstransparency.google.com/advertiser/AR01320432650854334465/creative/CR00172539367540129793?region=IN,Image,2026-03-30,2356,1,3,,,,,,,,,,,,https://tpc.googlesyndication.com/archive/simgad/6163406411705906955,,2026-07-13,
4,4,Duolingo,AR01320432650854334465,Duolingo Inc,United States,IN,CR00172539367540129793,https://adstransparency.google.com/advertiser/AR01320432650854334465/creative/CR00172539367540129793?region=IN,Image,2026-03-30,2356,2,3,,,,,,,,,,,,https://tpc.googlesyndication.com/archive/simgad/6163406411705906955,,2026-07-13,
5,5,Duolingo,AR01320432650854334465,Duolingo Inc,United States,IN,CR00183418201873317889,https://adstransparency.google.com/advertiser/AR01320432650854334465/creative/CR00183418201873317889?region=IN,YouTubeVideo,2026-07-13,2356,0,3,,,,,,,,,,,,,00:00,2026-07-13,html5-banner-no-mp4
6,6,Duolingo,AR01320432650854334465,Duolingo Inc,United States,IN,CR00183418201873317889,https://adstransparency.google.com/advertiser/AR01320432650854334465/creative/CR00183418201873317889?region=IN,YouTubeVideo,2026-07-13,2356,1,3,30 crore se bhi zyaade log Duolingo pe English aur doosri languages seekhte hai,,,,,,,,,,,,00:00,2026-07-13,html5-banner-no-mp4
7,7,Duolingo,AR01320432650854334465,Duolingo Inc,United States,IN,CR00183418201873317889,https://adstransparency.google.com/advertiser/AR01320432650854334465/creative/CR00183418201873317889?region=IN,YouTubeVideo,2026-07-13,2356,2,3,"English seekhe, bilkul muft",CATEGORY,,,,,,,,,,,00:00,2026-07-13,html5-banner-no-mp4
8,8,Duolingo,AR01320432650854334465,Duolingo Inc,United States,IN,CR00220408796688678913,https://adstransparency.google.com/advertiser/AR01320432650854334465/creative/CR00220408796688678913?region=IN,Image,2026-07-13,2356,0,3,,,,,,,,,,,,https://tpc.googlesyndication.com/archive/simgad/16749071595859670185,,2026-07-13,
9,9,Duolingo,AR01320432650854334465,Duolingo Inc,United States,IN,CR00220408796688678913,https://adstransparency.google.com/advertiser/AR01320432650854334465/creative/CR00220408796688678913?region=IN,Image,2026-07-13,2356,1,3,,,,,,,,,,,,https://tpc.googlesyndication.com/archive/simgad/16749071595859670185,,2026-07-13,
10,10,Duolingo,AR01320432650854334465,Duolingo Inc,United States,IN,CR00220408796688678913,https://adstransparency.google.com/advertiser/AR01320432650854334465/creative/CR00220408796688678913?region=IN,Image,2026-07-13,2356,2,3,,,,,,,,,,,,https://tpc.googlesyndication.com/archive/simgad/16749071595859670185,,2026-07-13,
11,11,Duolingo,AR01320432650854334465,Duolingo Inc,United States,IN,CR00273460825434357761,https://adstransparency.google.com/advertiser/AR01320432650854334465/creative/CR00273460825434357761?region=IN,YouTubeVideo,2026-02-25,"2528,2356",0,4,,,,,,,,,,,,,,2026-07-13,html5-banner-no-mp4
12,12,Duolingo,AR01320432650854334465,Duolingo Inc,United States,IN,CR00273460825434357761,https://adstransparency.google.com/advertiser/AR01320432650854334465/creative/CR00273460825434357761?region=IN,YouTubeVideo,2026-02-25,"2528,2356",1,4,,,,,,,,,,,,,00:00,2026-07-13,html5-banner-no-mp4
13,13,Duolingo,AR01320432650854334465,Duolingo Inc,United States,IN,CR00273460825434357761,https://adstransparency.google.com/advertiser/AR01320432650854334465/creative/CR00273460825434357761?region=IN,YouTubeVideo,2026-02-25,"2528,2356",2,4,,,,,,,,,,,,,00:00,2026-07-13,html5-banner-no-mp4
14,14,Duolingo,AR01320432650854334465,Duolingo Inc,United States,IN,CR00273460825434357761,https://adstransparency.google.com/advertiser/AR01320432650854334465/creative/CR00273460825434357761?region=IN,YouTubeVideo,2026-02-25,"2528,2356",3,4,,,,,,,,,,,,,,2026-07-13,html5-banner-no-mp4
15,15,Duolingo,AR01320432650854334465,Duolingo Inc,United States,IN,CR00340579095412736001,https://adstransparency.google.com/advertiser/AR01320432650854334465/creative/CR00340579095412736001?region=IN,Image,2026-05-02,2356,0,3,,,,,,,,,,,,https://tpc.googlesyndication.com/archive/simgad/15385803283045747186,,2026-07-13,
16,16,Duolingo,AR01320432650854334465,Duolingo Inc,United States,IN,CR00340579095412736001,https://adstransparency.google.com/advertiser/AR01320432650854334465/creative/CR00340579095412736001?region=IN,Image,2026-05-02,2356,1,3,,,,,,,,,,,,https://tpc.googlesyndication.com/archive/simgad/8112219006758407903,,2026-07-13,
17,17,Duolingo,AR01320432650854334465,Duolingo Inc,United States,IN,CR00340579095412736001,https://adstransparency.google.com/advertiser/AR01320432650854334465/creative/CR00340579095412736001?region=IN,Image,2026-05-02,2356,2,3,,,,,,,,,,,,https://tpc.googlesyndication.com/archive/simgad/15359253687284307705,,2026-07-13,
18,18,Duolingo,AR01320432650854334465,Duolingo Inc,United States,IN,CR00486904619688001537,https://adstransparency.google.com/advertiser/AR01320432650854334465/creative/CR00486904619688001537?region=IN,YouTubeVideo,2026-07-13,"2246,2116,2356,2050,2682,2702,2616,2752,2100,2440,2826,2528,2578,2250,2724,2203,2056,2840,2196,2040,2380,2276,2442,2642,2233",0,4,,,,,,,,,,,,,,2026-07-13,html5-banner-no-mp4
19,19,Duolingo,AR01320432650854334465,Duolingo Inc,United States,IN,CR00486904619688001537,https://adstransparency.google.com/advertiser/AR01320432650854334465/creative/CR00486904619688001537?region=IN,YouTubeVideo,2026-07-13,"2246,2116,2356,2050,2682,2702,2616,2752,2100,2440,2826,2528,2578,2250,2724,2203,2056,2840,2196,2040,2380,2276,2442,2642,2233",1,4,,,,,,,,,,,,,,2026-07-13,html5-banner-no-mp4
20,20,Duolingo,AR01320432650854334465,Duolingo Inc,United States,IN,CR00486904619688001537,https://adstransparency.google.com/advertiser/AR01320432650854334465/creative/CR00486904619688001537?region=IN,YouTubeVideo,2026-07-13,"2246,2116,2356,2050,2682,2702,2616,2752,2100,2440,2826,2528,2578,2250,2724,2203,2056,2840,2196,2040,2380,2276,2442,2642,2233",2,4,ইনস্টল করুন,,,,,,,,,,,,00:00,2026-07-13,html5-banner-no-mp4
21,21,Duolingo,AR01320432650854334465,Duolingo Inc,United States,IN,CR00486904619688001537,https://adstransparency.google.com/advertiser/AR01320432650854334465/creative/CR00486904619688001537?region=IN,YouTubeVideo,2026-07-13,"2246,2116,2356,2050,2682,2702,2616,2752,2100,2440,2826,2528,2578,2250,2724,2203,2056,2840,2196,2040,2380,2276,2442,2642,2233",3,4,,,,,,,,,,,,,,2026-07-13,html5-banner-no-mp4
22,22,Duolingo,AR01320432650854334465,Duolingo Inc,United States,IN,CR00523603173907103745,https://adstransparency.google.com/advertiser/AR01320432650854334465/creative/CR00523603173907103745?region=IN,Image,2026-07-13,"2324,2646,2704,2504,2340,2400,2578,2024,2040,2826,2348,2591,2112,2144,2894,2634,2792,2246,2440,2276,2116,2702,2188,2012,2100,2858,2562,2620,2528,2840,2250,2616,2688,2703,2470,2004,2398,2724,2056,2862,2418,2380,2752,2442,2360,2320,2686,2051,2208,2300,2600,2048,2860,2716,2352,2203,2764,2608,2834,2710,2642,2170,2031,2068,2124,2428,2191,2104,2800,2887,2554,2108,2516,2064,2196,2566,2332,2372,2356,2233,2417",0,1,,,,,,,,,,,,https://tpc.googlesyndication.com/archive/simgad/9368411205676759805,,2026-07-13,
23,23,Duolingo,AR01320432650854334465,Duolingo Inc,United States,IN,CR00622910591681429505,https://adstransparency.google.com/advertiser/AR01320432650854334465/creative/CR00622910591681429505?region=IN,Image,2026-05-23,2356,0,3,,,,,,,,,,,,https://tpc.googlesyndication.com/archive/simgad/15639425736405020435,,2026-07-13,
24,24,Duolingo,AR01320432650854334465,Duolingo Inc,United States,IN,CR00622910591681429505,https://adstransparency.google.com/advertiser/AR01320432650854334465/creative/CR00622910591681429505?region=IN,Image,2026-05-23,2356,1,3,,,,,,,,,,,,https://tpc.googlesyndication.com/archive/simgad/6037550210526595709,,2026-07-13,
25,25,Duolingo,AR01320432650854334465,Duolingo Inc,United States,IN,CR00622910591681429505,https://adstransparency.google.com/advertiser/AR01320432650854334465/creative/CR00622910591681429505?region=IN,Image,2026-05-23,2356,2,3,,,,,,,,,,,,https://tpc.googlesyndication.com/archive/simgad/16632282263182243985,,2026-07-13,
26,26,Duolingo,AR01320432650854334465,Duolingo Inc,United States,IN,CR00666386106077413377,https://adstransparency.google.com/advertiser/AR01320432650854334465/creative/CR00666386106077413377?region=IN,Image,2026-07-12,2356,0,1,,,,,,,,,,,,https://tpc.googlesyndication.com/archive/simgad/6778177969591952247,,2026-07-13,
27,27,Duolingo,AR01320432650854334465,Duolingo Inc,United States,IN,CR00708930609002577921,https://adstransparency.google.com/advertiser/AR01320432650854334465/creative/CR00708930609002577921?region=IN,Image,2026-05-02,2356,0,3,,,,,,,,,,,,https://tpc.googlesyndication.com/archive/simgad/9211943283847921159,,2026-07-13,
28,28,Duolingo,AR01320432650854334465,Duolingo Inc,United States,IN,CR00708930609002577921,https://adstransparency.google.com/advertiser/AR01320432650854334465/creative/CR00708930609002577921?region=IN,Image,2026-05-02,2356,1,3,,,,,,,,,,,,https://tpc.googlesyndication.com/archive/simgad/7110312433835912644,,2026-07-13,
29,29,Duolingo,AR01320432650854334465,Duolingo Inc,United States,IN,CR00708930609002577921,https://adstransparency.google.com/advertiser/AR01320432650854334465/creative/CR00708930609002577921?region=IN,Image,2026-05-02,2356,2,3,,,,,,,,,,,,https://tpc.googlesyndication.com/archive/simgad/8146564402670846046,,2026-07-13,
30,30,Duolingo,AR01320432650854334465,Duolingo Inc,United States,IN,CR00912206643708559361,https://adstransparency.google.com/advertiser/AR01320432650854334465/creative/CR00912206643708559361?region=IN,Image,2026-03-28,2356,0,1,,,,,,,,,,,,https://tpc.googlesyndication.com/archive/simgad/5562874254551848913,,2026-07-13,
31,31,Duolingo,AR01320432650854334465,Duolingo Inc,United States,IN,CR00957807101764173825,https://adstransparency.google.com/advertiser/AR01320432650854334465/creative/CR00957807101764173825?region=IN,YouTubeVideo,2026-07-13,"2840,2528,2050,2356,2442,2276,2752,2246,2380,2642,2578,2040,2250,2100,2826,2616,2702",0,5,,,,,,,,,,,,,,2026-07-13,html5-banner-no-mp4
32,32,Duolingo,AR01320432650854334465,Duolingo Inc,United States,IN,CR00957807101764173825,https://adstransparency.google.com/advertiser/AR01320432650854334465/creative/CR00957807101764173825?region=IN,YouTubeVideo,2026-07-13,"2840,2528,2050,2356,2442,2276,2752,2246,2380,2642,2578,2040,2250,2100,2826,2616,2702",1,5,,,,,,,,,,,,,00:00,2026-07-13,html5-banner-no-mp4
33,33,Duolingo,AR01320432650854334465,Duolingo Inc,United States,IN,CR00957807101764173825,https://adstransparency.google.com/advertiser/AR01320432650854334465/creative/CR00957807101764173825?region=IN,YouTubeVideo,2026-07-13,"2840,2528,2050,2356,2442,2276,2752,2246,2380,2642,2578,2040,2250,2100,2826,2616,2702",2,5,,,,,,,,,,,,,,2026-07-13,html5-banner-no-mp4
34,34,Duolingo,AR01320432650854334465,Duolingo Inc,United States,IN,CR00957807101764173825,https://adstransparency.google.com/advertiser/AR01320432650854334465/creative/CR00957807101764173825?region=IN,YouTubeVideo,2026-07-13,"2840,2528,2050,2356,2442,2276,2752,2246,2380,2642,2578,2040,2250,2100,2826,2616,2702",3,5,,,,,,,,,,,,,,2026-07-13,html5-banner-no-mp4
35,35,Duolingo,AR01320432650854334465,Duolingo Inc,United States,IN,CR00957807101764173825,https://adstransparency.google.com/advertiser/AR01320432650854334465/creative/CR00957807101764173825?region=IN,YouTubeVideo,2026-07-13,"2840,2528,2050,2356,2442,2276,2752,2246,2380,2642,2578,2040,2250,2100,2826,2616,2702",4,5,,,,,,,,,,,,,,2026-07-13,html5-banner-no-mp4
36,36,Duolingo,AR01320432650854334465,Duolingo Inc,United States,IN,CR00990928154384138241,https://adstransparency.google.com/advertiser/AR01320432650854334465/creative/CR00990928154384138241?region=IN,Image,2026-07-13,"2056,2372,2724,2826,2040,2076,2642,2616,2250,2620,2528,2356,2840,2104,2124,2484,2156,2380,2276",0,1,,,,,,,,,,,,https://tpc.googlesyndication.com/archive/simgad/1016747251244843183,,2026-07-13,
37,37,Duolingo,AR01320432650854334465,Duolingo Inc,United States,IN,CR01002423385243779073,https://adstransparency.google.com/advertiser/AR01320432650854334465/creative/CR01002423385243779073?region=IN,YouTubeVideo,2026-04-08,2356,0,5,,,,,,,,,,,,,,2026-07-13,html5-banner-no-mp4
38,38,Duolingo,AR01320432650854334465,Duolingo Inc,United States,IN,CR01002423385243779073,https://adstransparency.google.com/advertiser/AR01320432650854334465/creative/CR01002423385243779073?region=IN,YouTubeVideo,2026-04-08,2356,1,5,इंस्टॉल करें,,,,,,,,,,,,00:00,2026-07-13,html5-banner-no-mp4
39,39,Duolingo,AR01320432650854334465,Duolingo Inc,United States,IN,CR01002423385243779073,https://adstransparency.google.com/advertiser/AR01320432650854334465/creative/CR01002423385243779073?region=IN,YouTubeVideo,2026-04-08,2356,2,5,इंस्टॉल करें,,,,,,,,,,,,00:00,2026-07-13,html5-banner-no-mp4
40,40,Duolingo,AR01320432650854334465,Duolingo Inc,United States,IN,CR01002423385243779073,https://adstransparency.google.com/advertiser/AR01320432650854334465/creative/CR01002423385243779073?region=IN,YouTubeVideo,2026-04-08,2356,3,5,,,,,,,,,,,,,,2026-07-13,html5-banner-no-mp4
41,41,Duolingo,AR01320432650854334465,Duolingo Inc,United States,IN,CR01002423385243779073,https://adstransparency.google.com/advertiser/AR01320432650854334465/creative/CR01002423385243779073?region=IN,YouTubeVideo,2026-04-08,2356,4,5,,,,,,,,,,,,,,2026-07-13,html5-banner-no-mp4
42,42,Duolingo,AR01320432650854334465,Duolingo Inc,United States,IN,CR01030743368801452033,https://adstransparency.google.com/advertiser/AR01320432650854334465/creative/CR01030743368801452033?region=IN,YouTubeVideo,2026-06-01,"2642,2356,2528,2250",0,5,,,,,,,,,,,,,,2026-07-13,html5-banner-no-mp4
43,43,Duolingo,AR01320432650854334465,Duolingo Inc,United States,IN,CR01030743368801452033,https://adstransparency.google.com/advertiser/AR01320432650854334465/creative/CR01030743368801452033?region=IN,YouTubeVideo,2026-06-01,"2642,2356,2528,2250",1,5,,,,,,,,,,,,,00:00,2026-07-13,html5-banner-no-mp4
44,44,Duolingo,AR01320432650854334465,Duolingo Inc,United States,IN,CR01030743368801452033,https://adstransparency.google.com/advertiser/AR01320432650854334465/creative/CR01030743368801452033?region=IN,YouTubeVideo,2026-06-01,"2642,2356,2528,2250",2,5,,,,,,,,,,,,,00:00,2026-07-13,html5-banner-no-mp4
45,45,Duolingo,AR01320432650854334465,Duolingo Inc,United States,IN,CR01030743368801452033,https://adstransparency.google.com/advertiser/AR01320432650854334465/creative/CR01030743368801452033?region=IN,YouTubeVideo,2026-06-01,"2642,2356,2528,2250",3,5,,,,,,,,,,,,,,2026-07-13,html5-banner-no-mp4
46,46,Duolingo,AR01320432650854334465,Duolingo Inc,United States,IN,CR01030743368801452033,https://adstransparency.google.com/advertiser/AR01320432650854334465/creative/CR01030743368801452033?region=IN,YouTubeVideo,2026-06-01,"2642,2356,2528,2250",4,5,,,,,,,,,,,,,,2026-07-13,html5-banner-no-mp4
47,47,Duolingo,AR01320432650854334465,Duolingo Inc,United States,IN,CR01080890376157396993,https://adstransparency.google.com/advertiser/AR01320432650854334465/creative/CR01080890376157396993?region=IN,Image,2026-07-12,2356,0,1,,,,,,,,,,,,https://tpc.googlesyndication.com/archive/simgad/15279515851028788561,,2026-07-13,
48,48,Duolingo,AR01320432650854334465,Duolingo Inc,United States,IN,CR01127077561105383425,https://adstransparency.google.com/advertiser/AR01320432650854334465/creative/CR01127077561105383425?region=IN,Image,2026-07-12,2356,0,3,,,,,,,,,,,,https://tpc.googlesyndication.com/archive/simgad/18368248830052051194,,2026-07-13,
49,49,Duolingo,AR01320432650854334465,Duolingo Inc,United States,IN,CR01127077561105383425,https://adstransparency.google.com/advertiser/AR01320432650854334465/creative/CR01127077561105383425?region=IN,Image,2026-07-12,2356,1,3,,,,,,,,,,,,https://tpc.googlesyndication.com/archive/simgad/7125874934994695594,,2026-07-13,
50,50,Duolingo,AR01320432650854334465,Duolingo Inc,United States,IN,CR01127077561105383425,https://adstransparency.google.com/advertiser/AR01320432650854334465/creative/CR01127077561105383425?region=IN,Image,2026-07-12,2356,2,3,,,,,,,,,,,,https://tpc.googlesyndication.com/archive/simgad/7823151139794363501,,2026-07-13,
51,51,Duolingo,AR01320432650854334465,Duolingo Inc,United States,IN,CR01130741245518282753,https://adstransparency.google.com/advertiser/AR01320432650854334465/creative/CR01130741245518282753?region=IN,YouTubeVideo,2026-02-25,2356,0,4,ఇంగ్లీష్ నేర్చుకోండి,ఇన్\u200cస్టాల్ చేయండి,,,,,,,,,,,00:00,2026-07-13,html5-banner-no-mp4
52,52,Duolingo,AR01320432650854334465,Duolingo Inc,United States,IN,CR01130741245518282753,https://adstransparency.google.com/advertiser/AR01320432650854334465/creative/CR01130741245518282753?region=IN,YouTubeVideo,2026-02-25,2356,1,4,"Duolingoలో 500 మిలియన్ల కంటే ఎక్కువ మంది ప్రజలు ఇంగ్లీష్, ఇంకా ఇతర భాషలను నేర్చుకుంటారు",ఇన్\u200cస్టాల్ చేయండి,,,,,,,,,,,00:00,2026-07-13,html5-banner-no-mp4
53,53,Duolingo,AR01320432650854334465,Duolingo Inc,United States,IN,CR01130741245518282753,https://adstransparency.google.com/advertiser/AR01320432650854334465/creative/CR01130741245518282753?region=IN,YouTubeVideo,2026-02-25,2356,2,4,"Duolingoలో 500 మిలియన్ల కంటే ఎక్కువ మంది ప్రజలు ఇంగ్లీష్, ఇంకా ఇతర భాషలను నేర్చుకుంటారు",ఇన్\u200cస్టాల్ చేయండి,,,,,,,,,,,00:00,2026-07-13,html5-banner-no-mp4
54,54,Duolingo,AR01320432650854334465,Duolingo Inc,United States,IN,CR01130741245518282753,https://adstransparency.google.com/advertiser/AR01320432650854334465/creative/CR01130741245518282753?region=IN,YouTubeVideo,2026-02-25,2356,3,4,,,,,,,,,,,,,,2026-07-13,html5-banner-no-mp4
55,55,Duolingo,AR01320432650854334465,Duolingo Inc,United States,IN,CR01450103631985508353,https://adstransparency.google.com/advertiser/AR01320432650854334465/creative/CR01450103631985508353?region=IN,YouTubeVideo,2026-07-01,"2144,2832,2800,2480,2316,2462,2818,2524,2566,2052,2450,2784,2332,2328,2516,2834,2478,2586,2860,2600,2170,2068,2388,2434,2020,2663,2710,2250,2630,2076,2072,2688,2528,2706,2148,2116,2051,2380,2214,2404,2558,2060,2398,2040,2780,2826,2044,2132,2324,2646,2704,2508,2276,2682,2894,2499,2270,2854,2268,2496,2887,2104,2540,2384,2417,2152,2356,2050,2533,2032,2466,2312,2120,2422,2762,2368,2266,2498,2716,2512,2222,2686,2788,2048,2031,2804,2638,2531,2624,2840,2858,2008,2012,2458,2070,2320,2414,2288,2862,2004,2438,2900,2218,2604,2400,2740,2175,2340,2024,2204,2504,2231,2634,2188,2768,2591,2474",0,3,,,,,,,,,,,,,,2026-07-13,html5-banner-no-mp4
56,56,Duolingo,AR01320432650854334465,Duolingo Inc,United States,IN,CR01450103631985508353,https://adstransparency.google.com/advertiser/AR01320432650854334465/creative/CR01450103631985508353?region=IN,YouTubeVideo,2026-07-01,"2144,2832,2800,2480,2316,2462,2818,2524,2566,2052,2450,2784,2332,2328,2516,2834,2478,2586,2860,2600,2170,2068,2388,2434,2020,2663,2710,2250,2630,2076,2072,2688,2528,2706,2148,2116,2051,2380,2214,2404,2558,2060,2398,2040,2780,2826,2044,2132,2324,2646,2704,2508,2276,2682,2894,2499,2270,2854,2268,2496,2887,2104,2540,2384,2417,2152,2356,2050,2533,2032,2466,2312,2120,2422,2762,2368,2266,2498,2716,2512,2222,2686,2788,2048,2031,2804,2638,2531,2624,2840,2858,2008,2012,2458,2070,2320,2414,2288,2862,2004,2438,2900,2218,2604,2400,2740,2175,2340,2024,2204,2504,2231,2634,2188,2768,2591,2474",1,3,,,,,,,,,,,,,,2026-07-13,html5-banner-no-mp4
57,57,Duolingo,AR01320432650854334465,Duolingo Inc,United States,IN,CR01450103631985508353,https://adstransparency.google.com/advertiser/AR01320432650854334465/creative/CR01450103631985508353?region=IN,YouTubeVideo,2026-07-01,"2144,2832,2800,2480,2316,2462,2818,2524,2566,2052,2450,2784,2332,2328,2516,2834,2478,2586,2860,2600,2170,2068,2388,2434,2020,2663,2710,2250,2630,2076,2072,2688,2528,2706,2148,2116,2051,2380,2214,2404,2558,2060,2398,2040,2780,2826,2044,2132,2324,2646,2704,2508,2276,2682,2894,2499,2270,2854,2268,2496,2887,2104,2540,2384,2417,2152,2356,2050,2533,2032,2466,2312,2120,2422,2762,2368,2266,2498,2716,2512,2222,2686,2788,2048,2031,2804,2638,2531,2624,2840,2858,2008,2012,2458,2070,2320,2414,2288,2862,2004,2438,2900,2218,2604,2400,2740,2175,2340,2024,2204,2504,2231,2634,2188,2768,2591,2474",2,3,,,,,,,,,,,,,,2026-07-13,html5-banner-no-mp4
58,58,Duolingo,AR01320432650854334465,Duolingo Inc,United States,IN,CR01506785655420616705,https://adstransparency.google.com/advertiser/AR01320432650854334465/creative/CR01506785655420616705?region=IN,YouTubeVideo,2026-07-01,"2004,2862,2368,2288,2266,2586,2860,2498,2478,2512,2834,2600,2222,2686,2788,2804,2048,2031,2170,2068,2388,2710,2434,2496,2268,2104,2524,2800,2384,2356,2417,2466,2050,2818,2450,2566,2152,2120,2762,2784,2032,2422,2332,2312,2438,2900,2740,2218,2024,2604,2175,2504,2204,2340,2231,2324,2400,2508,2646,2682,2634,2276,2188,2704,2499,2591,2768,2854,2144,2250,2688,2474,2076,2630,2840,2012,2858,2663,2008,2528,2706,2116,2458,2214,2404,2051,2414,2320,2558,2780,2070,2398",0,3,,,,,,,,,,,,,,2026-07-13,html5-banner-no-mp4
59,59,Duolingo,AR01320432650854334465,Duolingo Inc,United States,IN,CR01506785655420616705,https://adstransparency.google.com/advertiser/AR01320432650854334465/creative/CR01506785655420616705?region=IN,YouTubeVideo,2026-07-01,"2004,2862,2368,2288,2266,2586,2860,2498,2478,2512,2834,2600,2222,2686,2788,2804,2048,2031,2170,2068,2388,2710,2434,2496,2268,2104,2524,2800,2384,2356,2417,2466,2050,2818,2450,2566,2152,2120,2762,2784,2032,2422,2332,2312,2438,2900,2740,2218,2024,2604,2175,2504,2204,2340,2231,2324,2400,2508,2646,2682,2634,2276,2188,2704,2499,2591,2768,2854,2144,2250,2688,2474,2076,2630,2840,2012,2858,2663,2008,2528,2706,2116,2458,2214,2404,2051,2414,2320,2558,2780,2070,2398",1,3,,,,,,,,,,,,,,2026-07-13,html5-banner-no-mp4
60,60,Duolingo,AR01320432650854334465,Duolingo Inc,United States,IN,CR01506785655420616705,https://adstransparency.google.com/advertiser/AR01320432650854334465/creative/CR01506785655420616705?region=IN,YouTubeVideo,2026-07-01,"2004,2862,2368,2288,2266,2586,2860,2498,2478,2512,2834,2600,2222,2686,2788,2804,2048,2031,2170,2068,2388,2710,2434,2496,2268,2104,2524,2800,2384,2356,2417,2466,2050,2818,2450,2566,2152,2120,2762,2784,2032,2422,2332,2312,2438,2900,2740,2218,2024,2604,2175,2504,2204,2340,2231,2324,2400,2508,2646,2682,2634,2276,2188,2704,2499,2591,2768,2854,2144,2250,2688,2474,2076,2630,2840,2012,2858,2663,2008,2528,2706,2116,2458,2214,2404,2051,2414,2320,2558,2780,2070,2398",2,3,,,,,,,,,,,,,,2026-07-13,html5-banner-no-mp4
61,61,Duolingo,AR01320432650854334465,Duolingo Inc,United States,IN,CR01868085494135390209,https://adstransparency.google.com/advertiser/AR01320432650854334465/creative/CR01868085494135390209?region=IN,YouTubeVideo,2026-07-01,"2348,2620,2642,2792,2300,2100,2250,2050,2400,2376,2688,2356,2275,2724,2276,2804",0,3,,,,,,,,,,,,,00:00,2026-07-13,html5-banner-no-mp4
62,62,Duolingo,AR01320432650854334465,Duolingo Inc,United States,IN,CR01868085494135390209,https://adstransparency.google.com/advertiser/AR01320432650854334465/creative/CR01868085494135390209?region=IN,YouTubeVideo,2026-07-01,"2348,2620,2642,2792,2300,2100,2250,2050,2400,2376,2688,2356,2275,2724,2276,2804",1,3,,,,,,,,,,,,,00:00,2026-07-13,html5-banner-no-mp4
63,63,Duolingo,AR01320432650854334465,Duolingo Inc,United States,IN,CR01868085494135390209,https://adstransparency.google.com/advertiser/AR01320432650854334465/creative/CR01868085494135390209?region=IN,YouTubeVideo,2026-07-01,"2348,2620,2642,2792,2300,2100,2250,2050,2400,2376,2688,2356,2275,2724,2276,2804",2,3,,,,,,,,,,,,,00:00,2026-07-13,html5-banner-no-mp4
64,64,Duolingo,AR01320432650854334465,Duolingo Inc,United States,IN,CR01968406266493534209,https://adstransparency.google.com/advertiser/AR01320432650854334465/creative/CR01968406266493534209?region=IN,Image,2026-07-12,2356,0,3,,,,,,,,,,,,https://tpc.googlesyndication.com/archive/simgad/7288091372900364938,,2026-07-13,
65,65,Duolingo,AR01320432650854334465,Duolingo Inc,United States,IN,CR01968406266493534209,https://adstransparency.google.com/advertiser/AR01320432650854334465/creative/CR01968406266493534209?region=IN,Image,2026-07-12,2356,1,3,,,,,,,,,,,,https://tpc.googlesyndication.com/archive/simgad/9216400248187156316,,2026-07-13,
66,66,Duolingo,AR01320432650854334465,Duolingo Inc,United States,IN,CR01968406266493534209,https://adstransparency.google.com/advertiser/AR01320432650854334465/creative/CR01968406266493534209?region=IN,Image,2026-07-12,2356,2,3,,,,,,,,,,,,https://tpc.googlesyndication.com/archive/simgad/4230480716068328633,,2026-07-13,
67,67,Duolingo,AR01320432650854334465,Duolingo Inc,United States,IN,CR02300258323368247297,https://adstransparency.google.com/advertiser/AR01320432650854334465/creative/CR02300258323368247297?region=IN,Image,2026-03-23,2356,0,3,,,,,,,,,,,,https://tpc.googlesyndication.com/archive/simgad/15862103204120173112,,2026-07-13,
68,68,Duolingo,AR01320432650854334465,Duolingo Inc,United States,IN,CR02300258323368247297,https://adstransparency.google.com/advertiser/AR01320432650854334465/creative/CR02300258323368247297?region=IN,Image,2026-03-23,2356,1,3,,,,,,,,,,,,https://tpc.googlesyndication.com/archive/simgad/1054883516430868673,,2026-07-13,
69,69,Duolingo,AR01320432650854334465,Duolingo Inc,United States,IN,CR02300258323368247297,https://adstransparency.google.com/advertiser/AR01320432650854334465/creative/CR02300258323368247297?region=IN,Image,2026-03-23,2356,2,3,,,,,,,,,,,,https://tpc.googlesyndication.com/archive/simgad/12684098018784549866,,2026-07-13,
70,70,Duolingo,AR01320432650854334465,Duolingo Inc,United States,IN,CR02332026650268532737,https://adstransparency.google.com/advertiser/AR01320432650854334465/creative/CR02332026650268532737?region=IN,Image,2026-05-23,2356,0,3,,,,,,,,,,,,https://tpc.googlesyndication.com/archive/simgad/8135077958839441827,,2026-07-13,
71,71,Duolingo,AR01320432650854334465,Duolingo Inc,United States,IN,CR02332026650268532737,https://adstransparency.google.com/advertiser/AR01320432650854334465/creative/CR02332026650268532737?region=IN,Image,2026-05-23,2356,1,3,,,,,,,,,,,,https://tpc.googlesyndication.com/archive/simgad/6424893476781840770,,2026-07-13,
72,72,Duolingo,AR01320432650854334465,Duolingo Inc,United States,IN,CR02332026650268532737,https://adstransparency.google.com/advertiser/AR01320432650854334465/creative/CR02332026650268532737?region=IN,Image,2026-05-23,2356,2,3,,,,,,,,,,,,https://tpc.googlesyndication.com/archive/simgad/13033172978605715715,,2026-07-13,
73,73,Duolingo,AR01320432650854334465,Duolingo Inc,United States,IN,CR02345735223804690433,https://adstransparency.google.com/advertiser/AR01320432650854334465/creative/CR02345735223804690433?region=IN,Image,2026-03-23,2356,0,3,,,,,,,,,,,,https://tpc.googlesyndication.com/archive/simgad/3472857605079687307,,2026-07-13,
74,74,Duolingo,AR01320432650854334465,Duolingo Inc,United States,IN,CR02345735223804690433,https://adstransparency.google.com/advertiser/AR01320432650854334465/creative/CR02345735223804690433?region=IN,Image,2026-03-23,2356,1,3,,,,,,,,,,,,https://tpc.googlesyndication.com/archive/simgad/11993406604775059241,,2026-07-13,
75,75,Duolingo,AR01320432650854334465,Duolingo Inc,United States,IN,CR02345735223804690433,https://adstransparency.google.com/advertiser/AR01320432650854334465/creative/CR02345735223804690433?region=IN,Image,2026-03-23,2356,2,3,,,,,,,,,,,,https://tpc.googlesyndication.com/archive/simgad/3472857605079687307,,2026-07-13,
76,76,Duolingo,AR01320432650854334465,Duolingo Inc,United States,IN,CR02400119130498793473,https://adstransparency.google.com/advertiser/AR01320432650854334465/creative/CR02400119130498793473?region=IN,YouTubeVideo,2026-06-01,2356,0,5,"Duolingoలో 500 మిలియన్ల కంటే ఎక్కువ మంది ప్రజలు ఇంగ్లీష్, ఇంకా ఇతర భాషలను నేర్చుకుంటారు",ఇన్\u200cస్టాల్ చేయండి,,,,,,,,,,,00:00,2026-07-13,html5-banner-no-mp4
77,77,Duolingo,AR01320432650854334465,Duolingo Inc,United States,IN,CR02400119130498793473,https://adstransparency.google.com/advertiser/AR01320432650854334465/creative/CR02400119130498793473?region=IN,YouTubeVideo,2026-06-01,2356,1,5,ఇంగ్లీష్ నేర్చుకోండి,ఇన్\u200cస్టాల్ చేయండి,,,,,,,,,,,00:00,2026-07-13,html5-banner-no-mp4
78,78,Duolingo,AR01320432650854334465,Duolingo Inc,United States,IN,CR02400119130498793473,https://adstransparency.google.com/advertiser/AR01320432650854334465/creative/CR02400119130498793473?region=IN,YouTubeVideo,2026-06-01,2356,2,5,Install app - Duolingo: Language Lessons,ఇన్\u200cస్టాల్ చేయండి,,,,,,,,,,,00:00,2026-07-13,html5-banner-no-mp4
79,79,Duolingo,AR01320432650854334465,Duolingo Inc,United States,IN,CR02400119130498793473,https://adstransparency.google.com/advertiser/AR01320432650854334465/creative/CR02400119130498793473?region=IN,YouTubeVideo,2026-06-01,2356,3,5,వ్యక్తిగతీకరించిన పాఠాల ద్వారా ఆత్మవిశ్వాసంతో ఇంగ్లీష్\u2060 మాట్లాడటంలో Duolingo సహాయపడుతుంది,ఇన్\u200cస్టాల్ చేయండి,,,,,,,,,,,00:00,2026-07-13,html5-banner-no-mp4
80,80,Duolingo,AR01320432650854334465,Duolingo Inc,United States,IN,CR02400119130498793473,https://adstransparency.google.com/advertiser/AR01320432650854334465/creative/CR02400119130498793473?region=IN,YouTubeVideo,2026-06-01,2356,4,5,,,,,,,,,,,,,,2026-07-13,html5-banner-no-mp4
81,81,Duolingo,AR01320432650854334465,Duolingo Inc,United States,IN,CR02403692818166972417,https://adstransparency.google.com/advertiser/AR01320432650854334465/creative/CR02403692818166972417?region=IN,YouTubeVideo,2026-07-13,2356,0,4,,,,,,,,,,,,,00:00,2026-07-13,html5-banner-no-mp4
82,82,Duolingo,AR01320432650854334465,Duolingo Inc,United States,IN,CR02403692818166972417,https://adstransparency.google.com/advertiser/AR01320432650854334465/creative/CR02403692818166972417?region=IN,YouTubeVideo,2026-07-13,2356,1,4,30 crore se bhi zyaade log Duolingo pe English aur doosri languages seekhte hai,,,,,,,,,,,,00:00,2026-07-13,html5-banner-no-mp4
83,83,Duolingo,AR01320432650854334465,Duolingo Inc,United States,IN,CR02403692818166972417,https://adstransparency.google.com/advertiser/AR01320432650854334465/creative/CR02403692818166972417?region=IN,YouTubeVideo,2026-07-13,2356,2,4,English seekhe 30 crore se bhi zyaade log Duolingo pe English aur doosri languages seekhte hai,,,,,,,,,,,,00:00,2026-07-13,html5-banner-no-mp4
84,84,Duolingo,AR01320432650854334465,Duolingo Inc,United States,IN,CR02403692818166972417,https://adstransparency.google.com/advertiser/AR01320432650854334465/creative/CR02403692818166972417?region=IN,YouTubeVideo,2026-07-13,2356,3,4,30 crore se bhi zyaade log Duolingo pe English aur doosri languages seekhte hai,,,,,,,,,,,,00:00,2026-07-13,html5-banner-no-mp4
85,85,Duolingo,AR01320432650854334465,Duolingo Inc,United States,IN,CR02469643449746325505,https://adstransparency.google.com/advertiser/AR01320432650854334465/creative/CR02469643449746325505?region=IN,YouTubeVideo,2026-06-01,2356,0,5,,,,,,,,,,,,,,2026-07-13,html5-banner-no-mp4
86,86,Duolingo,AR01320432650854334465,Duolingo Inc,United States,IN,CR02469643449746325505,https://adstransparency.google.com/advertiser/AR01320432650854334465/creative/CR02469643449746325505?region=IN,YouTubeVideo,2026-06-01,2356,1,5,,,,,,,,,,,,,00:00,2026-07-13,html5-banner-no-mp4
87,87,Duolingo,AR01320432650854334465,Duolingo Inc,United States,IN,CR02469643449746325505,https://adstransparency.google.com/advertiser/AR01320432650854334465/creative/CR02469643449746325505?region=IN,YouTubeVideo,2026-06-01,2356,2,5,,,,,,,,,,,,,00:00,2026-07-13,html5-banner-no-mp4
88,88,Duolingo,AR01320432650854334465,Duolingo Inc,United States,IN,CR02469643449746325505,https://adstransparency.google.com/advertiser/AR01320432650854334465/creative/CR02469643449746325505?region=IN,YouTubeVideo,2026-06-01,2356,3,5,,,,,,,,,,,,,,2026-07-13,html5-banner-no-mp4
89,89,Duolingo,AR01320432650854334465,Duolingo Inc,United States,IN,CR02469643449746325505,https://adstransparency.google.com/advertiser/AR01320432650854334465/creative/CR02469643449746325505?region=IN,YouTubeVideo,2026-06-01,2356,4,5,,,,,,,,,,,,,,2026-07-13,html5-banner-no-mp4
90,90,Duolingo,AR01320432650854334465,Duolingo Inc,United States,IN,CR02760380368811982849,https://adstransparency.google.com/advertiser/AR01320432650854334465/creative/CR02760380368811982849?region=IN,Image,2026-07-12,2356,0,3,Learn More,,,,,,,,,,,,,2026-07-13,image-url-not-extracted
91,91,Duolingo,AR01320432650854334465,Duolingo Inc,United States,IN,CR02760380368811982849,https://adstransparency.google.com/advertiser/AR01320432650854334465/creative/CR02760380368811982849?region=IN,Image,2026-07-12,2356,1,3,Learn More,,,,,,,,,,,,,2026-07-13,image-url-not-extracted
92,92,Duolingo,AR01320432650854334465,Duolingo Inc,United States,IN,CR02760380368811982849,https://adstransparency.google.com/advertiser/AR01320432650854334465/creative/CR02760380368811982849?region=IN,Image,2026-07-12,2356,2,3,Learn More,,,,,,,,,,,,,2026-07-13,image-url-not-extracted
93,93,Duolingo,AR01320432650854334465,Duolingo Inc,United States,IN,CR02876105685622325249,https://adstransparency.google.com/advertiser/AR01320432650854334465/creative/CR02876105685622325249?region=IN,Image,2026-05-01,2356,0,3,,,,,,,,,,,,https://tpc.googlesyndication.com/archive/simgad/11137462163634821251,,2026-07-13,
94,94,Duolingo,AR01320432650854334465,Duolingo Inc,United States,IN,CR02876105685622325249,https://adstransparency.google.com/advertiser/AR01320432650854334465/creative/CR02876105685622325249?region=IN,Image,2026-05-01,2356,1,3,,,,,,,,,,,,https://tpc.googlesyndication.com/archive/simgad/17980421753220962125,,2026-07-13,
95,95,Duolingo,AR01320432650854334465,Duolingo Inc,United States,IN,CR02876105685622325249,https://adstransparency.google.com/advertiser/AR01320432650854334465/creative/CR02876105685622325249?region=IN,Image,2026-05-01,2356,2,3,,,,,,,,,,,,https://tpc.googlesyndication.com/archive/simgad/1433705283316625460,,2026-07-13,
96,96,Duolingo,AR01320432650854334465,Duolingo Inc,United States,IN,CR02883287901733388289,https://adstransparency.google.com/advertiser/AR01320432650854334465/creative/CR02883287901733388289?region=IN,Image,2026-07-12,2356,0,3,,,,,,,,,,,,https://tpc.googlesyndication.com/archive/simgad/17202328030395726307,,2026-07-13,
97,97,Duolingo,AR01320432650854334465,Duolingo Inc,United States,IN,CR02883287901733388289,https://adstransparency.google.com/advertiser/AR01320432650854334465/creative/CR02883287901733388289?region=IN,Image,2026-07-12,2356,1,3,,,,,,,,,,,,https://tpc.googlesyndication.com/archive/simgad/17204571716403417339,,2026-07-13,
98,98,Duolingo,AR01320432650854334465,Duolingo Inc,United States,IN,CR02883287901733388289,https://adstransparency.google.com/advertiser/AR01320432650854334465/creative/CR02883287901733388289?region=IN,Image,2026-07-12,2356,2,3,,,,,,,,,,,,https://tpc.googlesyndication.com/archive/simgad/15153628410344333270,,2026-07-13,
99,99,Duolingo,AR01320432650854334465,Duolingo Inc,United States,IN,CR02885473937007837185,https://adstransparency.google.com/advertiser/AR01320432650854334465/creative/CR02885473937007837185?region=IN,YouTubeVideo,2026-07-12,"2784,2246,2578,2004,2076,2724,2616,2056,2840,2208,2104,2682,2528,2752,2380,2356,2276",0,4,,,,,,,,,,,,,00:00,2026-07-13,html5-banner-no-mp4
100,100,Duolingo,AR01320432650854334465,Duolingo Inc,United States,IN,CR02885473937007837185,https://adstransparency.google.com/advertiser/AR01320432650854334465/creative/CR02885473937007837185?region=IN,YouTubeVideo,2026-07-12,"2784,2246,2578,2004,2076,2724,2616,2056,2840,2208,2104,2682,2528,2752,2380,2356,2276",1,4,,,,,,,,,,,,,,2026-07-13,html5-banner-no-mp4
101,101,Duolingo,AR01320432650854334465,Duolingo Inc,United States,IN,CR02885473937007837185,https://adstransparency.google.com/advertiser/AR01320432650854334465/creative/CR02885473937007837185?region=IN,YouTubeVideo,2026-07-12,"2784,2246,2578,2004,2076,2724,2616,2056,2840,2208,2104,2682,2528,2752,2380,2356,2276",2,4,,,,,,,,,,,,,,2026-07-13,html5-banner-no-mp4
102,102,Duolingo,AR01320432650854334465,Duolingo Inc,United States,IN,CR02885473937007837185,https://adstransparency.google.com/advertiser/AR01320432650854334465/creative/CR02885473937007837185?region=IN,YouTubeVideo,2026-07-12,"2784,2246,2578,2004,2076,2724,2616,2056,2840,2208,2104,2682,2528,2752,2380,2356,2276",3,4,,,,,,,,,,,,,,2026-07-13,html5-banner-no-mp4
103,103,Duolingo,AR01320432650854334465,Duolingo Inc,United States,IN,CR02953461826194505729,https://adstransparency.google.com/advertiser/AR01320432650854334465/creative/CR02953461826194505729?region=IN,Image,2026-07-12,2356,0,2,,,,,,,,,,,,https://tpc.googlesyndication.com/archive/simgad/4159594520901344445,,2026-07-13,
104,104,Duolingo,AR01320432650854334465,Duolingo Inc,United States,IN,CR02953461826194505729,https://adstransparency.google.com/advertiser/AR01320432650854334465/creative/CR02953461826194505729?region=IN,Image,2026-07-12,2356,1,2,,,,,,,,,,,,https://tpc.googlesyndication.com/archive/simgad/4159594520901344445,,2026-07-13,
105,105,Duolingo,AR01320432650854334465,Duolingo Inc,United States,IN,CR02959457325661814785,https://adstransparency.google.com/advertiser/AR01320432650854334465/creative/CR02959457325661814785?region=IN,YouTubeVideo,2026-04-08,2356,0,4,ভাষা শেখায় #১ অ্যাপ,ডাউনলোডগুলি,,,,,,,,,,,00:00,2026-07-13,html5-banner-no-mp4
106,106,Duolingo,AR01320432650854334465,Duolingo Inc,United States,IN,CR02959457325661814785,https://adstransparency.google.com/advertiser/AR01320432650854334465/creative/CR02959457325661814785?region=IN,YouTubeVideo,2026-04-08,2356,1,4,ভাষা শেখায় #১ অ্যাপ,ডাউনলোডগুলি,,,,,,,,,,,00:00,2026-07-13,html5-banner-no-mp4
107,107,Duolingo,AR01320432650854334465,Duolingo Inc,United States,IN,CR02959457325661814785,https://adstransparency.google.com/advertiser/AR01320432650854334465/creative/CR02959457325661814785?region=IN,YouTubeVideo,2026-04-08,2356,2,4,"খেলার মতোই ভাষা শিখুন, একদম ফ্রি",ইনস্টল করুন,,,,,,,,,,,00:00,2026-07-13,html5-banner-no-mp4
108,108,Duolingo,AR01320432650854334465,Duolingo Inc,United States,IN,CR02959457325661814785,https://adstransparency.google.com/advertiser/AR01320432650854334465/creative/CR02959457325661814785?region=IN,YouTubeVideo,2026-04-08,2356,3,4,,,,,,,,,,,,,,2026-07-13,html5-banner-no-mp4
109,109,Duolingo,AR01320432650854334465,Duolingo Inc,United States,IN,CR03125866348941410305,https://adstransparency.google.com/advertiser/AR01320432650854334465/creative/CR03125866348941410305?region=IN,YouTubeVideo,2026-07-12,2356,0,3,,,,,,,,,,,,,,2026-07-13,html5-banner-no-mp4
110,110,Duolingo,AR01320432650854334465,Duolingo Inc,United States,IN,CR03125866348941410305,https://adstransparency.google.com/advertiser/AR01320432650854334465/creative/CR03125866348941410305?region=IN,YouTubeVideo,2026-07-12,2356,1,3,,,,,,,,,,,,,,2026-07-13,html5-banner-no-mp4
111,111,Duolingo,AR01320432650854334465,Duolingo Inc,United States,IN,CR03125866348941410305,https://adstransparency.google.com/advertiser/AR01320432650854334465/creative/CR03125866348941410305?region=IN,YouTubeVideo,2026-07-12,2356,2,3,,,,,,,,,,,,,,2026-07-13,html5-banner-no-mp4
112,112,Duolingo,AR01320432650854334465,Duolingo Inc,United States,IN,CR03289419536796745729,https://adstransparency.google.com/advertiser/AR01320432650854334465/creative/CR03289419536796745729?region=IN,Image,2026-03-21,2356,0,1,,,,,,,,,,,,https://tpc.googlesyndication.com/archive/sadbundle/$csp%3Darchive$/1857441276666907315/index.html,,2026-07-13,
113,113,Duolingo,AR01320432650854334465,Duolingo Inc,United States,IN,CR03342477054510628865,https://adstransparency.google.com/advertiser/AR01320432650854334465/creative/CR03342477054510628865?region=IN,YouTubeVideo,2026-03-19,"2400,2348,2724,2356,2792,2682,2380,2276,2300,2703,2438,2191,2756,2040,2203,2250,2705",0,3,Installieren,,,,,,,,,,,,00:00,2026-07-13,html5-banner-no-mp4
114,114,Duolingo,AR01320432650854334465,Duolingo Inc,United States,IN,CR03342477054510628865,https://adstransparency.google.com/advertiser/AR01320432650854334465/creative/CR03342477054510628865?region=IN,YouTubeVideo,2026-03-19,"2400,2348,2724,2356,2792,2682,2380,2276,2300,2703,2438,2191,2756,2040,2203,2250,2705",1,3,Mit den kostenlosen Lektionen von Duolingo sprichst du bald frei und selbstsicher.,Installieren,,,,,,,,,,,00:00,2026-07-13,html5-banner-no-mp4
115,115,Duolingo,AR01320432650854334465,Duolingo Inc,United States,IN,CR03342477054510628865,https://adstransparency.google.com/advertiser/AR01320432650854334465/creative/CR03342477054510628865?region=IN,YouTubeVideo,2026-03-19,"2400,2348,2724,2356,2792,2682,2380,2276,2300,2703,2438,2191,2756,2040,2203,2250,2705",2,3,Installieren,,,,,,,,,,,,00:00,2026-07-13,html5-banner-no-mp4
116,116,Duolingo,AR01320432650854334465,Duolingo Inc,United States,IN,CR03419157983274205185,https://adstransparency.google.com/advertiser/AR01320432650854334465/creative/CR03419157983274205185?region=IN,Image,2026-05-23,2356,0,3,,,,,,,,,,,,https://tpc.googlesyndication.com/archive/simgad/8018346850605420740,,2026-07-13,
117,117,Duolingo,AR01320432650854334465,Duolingo Inc,United States,IN,CR03419157983274205185,https://adstransparency.google.com/advertiser/AR01320432650854334465/creative/CR03419157983274205185?region=IN,Image,2026-05-23,2356,1,3,,,,,,,,,,,,https://tpc.googlesyndication.com/archive/simgad/82493645507511234,,2026-07-13,
118,118,Duolingo,AR01320432650854334465,Duolingo Inc,United States,IN,CR03419157983274205185,https://adstransparency.google.com/advertiser/AR01320432650854334465/creative/CR03419157983274205185?region=IN,Image,2026-05-23,2356,2,3,,,,,,,,,,,,https://tpc.googlesyndication.com/archive/simgad/10327576360887081400,,2026-07-13,
119,119,Duolingo,AR01320432650854334465,Duolingo Inc,United States,IN,CR03444500283185430529,https://adstransparency.google.com/advertiser/AR01320432650854334465/creative/CR03444500283185430529?region=IN,YouTubeVideo,2026-04-08,2356,0,5,వ్యక్తిగతీకరించిన పాఠాల ద్వారా ఆత్మవిశ్వాసంతో ఇంగ్లీష్\u2060 మాట్లాడటంలో Duolingo సహాయపడుతుంది,ఇన్\u200cస్టాల్ చేయండి,,,,,,,,,,,00:00,2026-07-13,html5-banner-no-mp4
120,120,Duolingo,AR01320432650854334465,Duolingo Inc,United States,IN,CR03444500283185430529,https://adstransparency.google.com/advertiser/AR01320432650854334465/creative/CR03444500283185430529?region=IN,YouTubeVideo,2026-04-08,2356,1,5,ఇన్\u200cస్టాల్ చేయండి,,,,,,,,,,,,00:00,2026-07-13,html5-banner-no-mp4
121,121,Duolingo,AR01320432650854334465,Duolingo Inc,United States,IN,CR03444500283185430529,https://adstransparency.google.com/advertiser/AR01320432650854334465/creative/CR03444500283185430529?region=IN,YouTubeVideo,2026-04-08,2356,2,5,ఇంగ్లీష్ నేర్చుకోండి,ఇన్\u200cస్టాల్ చేయండి,,,,,,,,,,,00:00,2026-07-13,html5-banner-no-mp4
122,122,Duolingo,AR01320432650854334465,Duolingo Inc,United States,IN,CR03444500283185430529,https://adstransparency.google.com/advertiser/AR01320432650854334465/creative/CR03444500283185430529?region=IN,YouTubeVideo,2026-04-08,2356,3,5,Install app - Duolingo: Language &amp; Chess,ఇన్\u200cస్టాల్ చేయండి,,,,,,,,,,,00:00,2026-07-13,html5-banner-no-mp4
123,123,Duolingo,AR01320432650854334465,Duolingo Inc,United States,IN,CR03444500283185430529,https://adstransparency.google.com/advertiser/AR01320432650854334465/creative/CR03444500283185430529?region=IN,YouTubeVideo,2026-04-08,2356,4,5,,,,,,,,,,,,,,2026-07-13,html5-banner-no-mp4
124,124,Duolingo,AR01320432650854334465,Duolingo Inc,United States,IN,CR03449188738205220865,https://adstransparency.google.com/advertiser/AR01320432650854334465/creative/CR03449188738205220865?region=IN,Image,2026-05-02,2356,0,3,,,,,,,,,,,,https://tpc.googlesyndication.com/archive/simgad/6709451987890093757,,2026-07-13,
125,125,Duolingo,AR01320432650854334465,Duolingo Inc,United States,IN,CR03449188738205220865,https://adstransparency.google.com/advertiser/AR01320432650854334465/creative/CR03449188738205220865?region=IN,Image,2026-05-02,2356,1,3,,,,,,,,,,,,https://tpc.googlesyndication.com/archive/simgad/14337030708501552999,,2026-07-13,
126,126,Duolingo,AR01320432650854334465,Duolingo Inc,United States,IN,CR03449188738205220865,https://adstransparency.google.com/advertiser/AR01320432650854334465/creative/CR03449188738205220865?region=IN,Image,2026-05-02,2356,2,3,,,,,,,,,,,,https://tpc.googlesyndication.com/archive/simgad/2448962496627349435,,2026-07-13,
127,127,Duolingo,AR01320432650854334465,Duolingo Inc,United States,IN,CR03460262881881227265,https://adstransparency.google.com/advertiser/AR01320432650854334465/creative/CR03460262881881227265?region=IN,YouTubeVideo,2026-04-08,2356,0,4,"भाषा सीखें, कभी भी-कहीं भी",इंस्टॉल करें,,,,,,,,,,,00:00,2026-07-13,html5-banner-no-mp4
128,128,Duolingo,AR01320432650854334465,Duolingo Inc,United States,IN,CR03460262881881227265,https://adstransparency.google.com/advertiser/AR01320432650854334465/creative/CR03460262881881227265?region=IN,YouTubeVideo,2026-04-08,2356,1,4,इंस्टॉल करें,,,,,,,,,,,,00:00,2026-07-13,html5-banner-no-mp4
129,129,Duolingo,AR01320432650854334465,Duolingo Inc,United States,IN,CR03460262881881227265,https://adstransparency.google.com/advertiser/AR01320432650854334465/creative/CR03460262881881227265?region=IN,YouTubeVideo,2026-04-08,2356,2,4,,,,,,,,,,,,,00:00,2026-07-13,html5-banner-no-mp4
130,130,Duolingo,AR01320432650854334465,Duolingo Inc,United States,IN,CR03460262881881227265,https://adstransparency.google.com/advertiser/AR01320432650854334465/creative/CR03460262881881227265?region=IN,YouTubeVideo,2026-04-08,2356,3,4,,,,,,,,,,,,,,2026-07-13,html5-banner-no-mp4
131,131,Duolingo,AR01320432650854334465,Duolingo Inc,United States,IN,CR03461645655192109057,https://adstransparency.google.com/advertiser/AR01320432650854334465/creative/CR03461645655192109057?region=IN,Image,2026-07-12,2356,0,3,,,,,,,,,,,,https://tpc.googlesyndication.com/archive/simgad/10574399150238317761,,2026-07-13,
132,132,Duolingo,AR01320432650854334465,Duolingo Inc,United States,IN,CR03461645655192109057,https://adstransparency.google.com/advertiser/AR01320432650854334465/creative/CR03461645655192109057?region=IN,Image,2026-07-12,2356,1,3,,,,,,,,,,,,https://tpc.googlesyndication.com/archive/simgad/10574399150238317761,,2026-07-13,
133,133,Duolingo,AR01320432650854334465,Duolingo Inc,United States,IN,CR03461645655192109057,https://adstransparency.google.com/advertiser/AR01320432650854334465/creative/CR03461645655192109057?region=IN,Image,2026-07-12,2356,2,3,,,,,,,,,,,,https://tpc.googlesyndication.com/archive/simgad/10574399150238317761,,2026-07-13,
134,134,Duolingo,AR01320432650854334465,Duolingo Inc,United States,IN,CR03568382765093093377,https://adstransparency.google.com/advertiser/AR01320432650854334465/creative/CR03568382765093093377?region=IN,Image,2026-07-12,"2702,2276,2792,2804,2682,2484,2348,2208,2300,2344,2040,2203,2756,2392,2642,2410,2196,2586,2578,2422,2604,2724,2356,2152,2100,2616,2620,2752,2703,2376,2380,2372,2250,2528,2158,2056",0,1,,,,,,,,,,,,https://tpc.googlesyndication.com/archive/simgad/5071189026495510306,,2026-07-13,
135,135,Duolingo,AR01320432650854334465,Duolingo Inc,United States,IN,CR03872881463749771265,https://adstransparency.google.com/advertiser/AR01320432650854334465/creative/CR03872881463749771265?region=IN,YouTubeVideo,2026-03-19,"2398,2036,2124,2356,2276,2104,2528,2554",0,4,,,,,,,,,,,,,,2026-07-13,html5-banner-no-mp4
136,136,Duolingo,AR01320432650854334465,Duolingo Inc,United States,IN,CR03872881463749771265,https://adstransparency.google.com/advertiser/AR01320432650854334465/creative/CR03872881463749771265?region=IN,YouTubeVideo,2026-03-19,"2398,2036,2124,2356,2276,2104,2528,2554",1,4,,,,,,,,,,,,,,2026-07-13,html5-banner-no-mp4
137,137,Duolingo,AR01320432650854334465,Duolingo Inc,United States,IN,CR03872881463749771265,https://adstransparency.google.com/advertiser/AR01320432650854334465/creative/CR03872881463749771265?region=IN,YouTubeVideo,2026-03-19,"2398,2036,2124,2356,2276,2104,2528,2554",2,4,Build your fluency with free intermediate English lessons,,,,,,,,,,,,00:00,2026-07-13,html5-banner-no-mp4
138,138,Duolingo,AR01320432650854334465,Duolingo Inc,United States,IN,CR03872881463749771265,https://adstransparency.google.com/advertiser/AR01320432650854334465/creative/CR03872881463749771265?region=IN,YouTubeVideo,2026-03-19,"2398,2036,2124,2356,2276,2104,2528,2554",3,4,,,,,,,,,,,,,,2026-07-13,html5-banner-no-mp4
139,139,Duolingo,AR01320432650854334465,Duolingo Inc,United States,IN,CR03986498286625226753,https://adstransparency.google.com/advertiser/AR01320432650854334465/creative/CR03986498286625226753?region=IN,Image,2026-07-11,2356,0,1,,,,,,,,,,,,https://tpc.googlesyndication.com/archive/simgad/862473169850246314,,2026-07-13,
140,140,Duolingo,AR01320432650854334465,Duolingo Inc,United States,IN,CR04074443454317330433,https://adstransparency.google.com/advertiser/AR01320432650854334465/creative/CR04074443454317330433?region=IN,YouTubeVideo,2026-03-19,"2578,2372,2724,2826,2834,2784,2764,2250,2598,2104,2620,2528,2050,2076,2616,2056,2352,2276,2792,2356,2380,2156,2642,2634,2004,2682",0,5,,,,,,,,,,,,,00:00,2026-07-13,html5-banner-no-mp4
141,141,Duolingo,AR01320432650854334465,Duolingo Inc,United States,IN,CR04074443454317330433,https://adstransparency.google.com/advertiser/AR01320432650854334465/creative/CR04074443454317330433?region=IN,YouTubeVideo,2026-03-19,"2578,2372,2724,2826,2834,2784,2764,2250,2598,2104,2620,2528,2050,2076,2616,2056,2352,2276,2792,2356,2380,2156,2642,2634,2004,2682",1,5,,,,,,,,,,,,,,2026-07-13,html5-banner-no-mp4
142,142,Duolingo,AR01320432650854334465,Duolingo Inc,United States,IN,CR04074443454317330433,https://adstransparency.google.com/advertiser/AR01320432650854334465/creative/CR04074443454317330433?region=IN,YouTubeVideo,2026-03-19,"2578,2372,2724,2826,2834,2784,2764,2250,2598,2104,2620,2528,2050,2076,2616,2056,2352,2276,2792,2356,2380,2156,2642,2634,2004,2682",2,5,,,,,,,,,,,,,00:00,2026-07-13,html5-banner-no-mp4
143,143,Duolingo,AR01320432650854334465,Duolingo Inc,United States,IN,CR04074443454317330433,https://adstransparency.google.com/advertiser/AR01320432650854334465/creative/CR04074443454317330433?region=IN,YouTubeVideo,2026-03-19,"2578,2372,2724,2826,2834,2784,2764,2250,2598,2104,2620,2528,2050,2076,2616,2056,2352,2276,2792,2356,2380,2156,2642,2634,2004,2682",3,5,,,,,,,,,,,,,,2026-07-13,html5-banner-no-mp4
144,144,Duolingo,AR01320432650854334465,Duolingo Inc,United States,IN,CR04074443454317330433,https://adstransparency.google.com/advertiser/AR01320432650854334465/creative/CR04074443454317330433?region=IN,YouTubeVideo,2026-03-19,"2578,2372,2724,2826,2834,2784,2764,2250,2598,2104,2620,2528,2050,2076,2616,2056,2352,2276,2792,2356,2380,2156,2642,2634,2004,2682",4,5,,,,,,,,,,,,,,2026-07-13,html5-banner-no-mp4
145,145,Duolingo,AR01320432650854334465,Duolingo Inc,United States,IN,CR04123240768200507393,https://adstransparency.google.com/advertiser/AR01320432650854334465/creative/CR04123240768200507393?region=IN,YouTubeVideo,2026-07-12,"2052,2044,2516,2740,2585,2231,2454,2894,2144,2096,2232,2662,2659,2072,2116,2028,2090,2308,2404,2288,2004,2418,2458,2882,2850,2092,2748,2586,2776,2060,2242,2780,2426,2296,2716,2834,2531,2500,2535,2710,2136,2598,2388,2694,2496,2800,2316,2064,2670,2584,2524,2462,2520,2016,2104,2566,2660,2533,2356,2583,2212,2328,2626",0,4,,,,,,,,,,,,,,2026-07-13,html5-banner-no-mp4
146,146,Duolingo,AR01320432650854334465,Duolingo Inc,United States,IN,CR04123240768200507393,https://adstransparency.google.com/advertiser/AR01320432650854334465/creative/CR04123240768200507393?region=IN,YouTubeVideo,2026-07-12,"2052,2044,2516,2740,2585,2231,2454,2894,2144,2096,2232,2662,2659,2072,2116,2028,2090,2308,2404,2288,2004,2418,2458,2882,2850,2092,2748,2586,2776,2060,2242,2780,2426,2296,2716,2834,2531,2500,2535,2710,2136,2598,2388,2694,2496,2800,2316,2064,2670,2584,2524,2462,2520,2016,2104,2566,2660,2533,2356,2583,2212,2328,2626",1,4,,,,,,,,,,,,,,2026-07-13,html5-banner-no-mp4
147,147,Duolingo,AR01320432650854334465,Duolingo Inc,United States,IN,CR04123240768200507393,https://adstransparency.google.com/advertiser/AR01320432650854334465/creative/CR04123240768200507393?region=IN,YouTubeVideo,2026-07-12,"2052,2044,2516,2740,2585,2231,2454,2894,2144,2096,2232,2662,2659,2072,2116,2028,2090,2308,2404,2288,2004,2418,2458,2882,2850,2092,2748,2586,2776,2060,2242,2780,2426,2296,2716,2834,2531,2500,2535,2710,2136,2598,2388,2694,2496,2800,2316,2064,2670,2584,2524,2462,2520,2016,2104,2566,2660,2533,2356,2583,2212,2328,2626",2,4,Build your fluency with free intermediate English lessons,,,,,,,,,,,,00:00,2026-07-13,html5-banner-no-mp4
148,148,Duolingo,AR01320432650854334465,Duolingo Inc,United States,IN,CR04123240768200507393,https://adstransparency.google.com/advertiser/AR01320432650854334465/creative/CR04123240768200507393?region=IN,YouTubeVideo,2026-07-12,"2052,2044,2516,2740,2585,2231,2454,2894,2144,2096,2232,2662,2659,2072,2116,2028,2090,2308,2404,2288,2004,2418,2458,2882,2850,2092,2748,2586,2776,2060,2242,2780,2426,2296,2716,2834,2531,2500,2535,2710,2136,2598,2388,2694,2496,2800,2316,2064,2670,2584,2524,2462,2520,2016,2104,2566,2660,2533,2356,2583,2212,2328,2626",3,4,,,,,,,,,,,,,,2026-07-13,html5-banner-no-mp4
149,149,Duolingo,AR01320432650854334465,Duolingo Inc,United States,IN,CR04243151788338839553,https://adstransparency.google.com/advertiser/AR01320432650854334465/creative/CR04243151788338839553?region=IN,Image,2026-07-12,2356,0,2,,,,,,,,,,,,https://tpc.googlesyndication.com/archive/simgad/14945182494788245618,,2026-07-13,
150,150,Duolingo,AR01320432650854334465,Duolingo Inc,United States,IN,CR04243151788338839553,https://adstransparency.google.com/advertiser/AR01320432650854334465/creative/CR04243151788338839553?region=IN,Image,2026-07-12,2356,1,2,,,,,,,,,,,,https://tpc.googlesyndication.com/archive/simgad/14945182494788245618,,2026-07-13,
151,151,Duolingo,AR01320432650854334465,Duolingo Inc,United States,IN,CR04306221768172896257,https://adstransparency.google.com/advertiser/AR01320432650854334465/creative/CR04306221768172896257?region=IN,Image,2026-05-23,2356,0,3,,,,,,,,,,,,https://tpc.googlesyndication.com/archive/simgad/7942368816702298929,,2026-07-13,
152,152,Duolingo,AR01320432650854334465,Duolingo Inc,United States,IN,CR04306221768172896257,https://adstransparency.google.com/advertiser/AR01320432650854334465/creative/CR04306221768172896257?region=IN,Image,2026-05-23,2356,1,3,,,,,,,,,,,,https://tpc.googlesyndication.com/archive/simgad/3752389138007349257,,2026-07-13,
153,153,Duolingo,AR01320432650854334465,Duolingo Inc,United States,IN,CR04306221768172896257,https://adstransparency.google.com/advertiser/AR01320432650854334465/creative/CR04306221768172896257?region=IN,Image,2026-05-23,2356,2,3,,,,,,,,,,,,https://tpc.googlesyndication.com/archive/simgad/3060188682445683523,,2026-07-13,
154,154,Duolingo,AR01320432650854334465,Duolingo Inc,United States,IN,CR04691106638109605889,https://adstransparency.google.com/advertiser/AR01320432650854334465/creative/CR04691106638109605889?region=IN,YouTubeVideo,2026-07-12,2356,0,1,,,,,,,,,,,,,,2026-07-13,html5-banner-no-mp4
155,155,Duolingo,AR01320432650854334465,Duolingo Inc,United States,IN,CR04808461817699368961,https://adstransparency.google.com/advertiser/AR01320432650854334465/creative/CR04808461817699368961?region=IN,Image,2026-03-30,2356,0,1,,,,,,,,,,,,https://tpc.googlesyndication.com/archive/simgad/11373117900528453448,,2026-07-13,
156,156,Duolingo,AR01320432650854334465,Duolingo Inc,United States,IN,CR04844956498410864641,https://adstransparency.google.com/advertiser/AR01320432650854334465/creative/CR04844956498410864641?region=IN,Image,2026-03-30,2356,0,1,,,,,,,,,,,,https://tpc.googlesyndication.com/archive/simgad/16848740331127520945,,2026-07-13,
157,157,Duolingo,AR01320432650854334465,Duolingo Inc,United States,IN,CR04916521202001903617,https://adstransparency.google.com/advertiser/AR01320432650854334465/creative/CR04916521202001903617,Unknown,,,0,1,,,,,,,,,,,,,,2026-07-13,detail-fetch: HTTPError
158,158,Duolingo,AR01320432650854334465,Duolingo Inc,United States,IN,CR04921081589686861825,https://adstransparency.google.com/advertiser/AR01320432650854334465/creative/CR04921081589686861825?region=IN,YouTubeVideo,2026-07-12,"2887,2434,2840,2728,2056,2250,2528,2616,2372,2380,2752,2818,2706,2736,2724,2422,2784,2356,2414,2826,2203,2040,2368,2756,2578,2400,2208,2246,2184,2638,2048,2440,2682,2276,2634,2512,2642",0,3,Build your fluency with free intermediate English lessons,,,,,,,,,,,,00:00,2026-07-13,html5-banner-no-mp4
159,159,Duolingo,AR01320432650854334465,Duolingo Inc,United States,IN,CR04921081589686861825,https://adstransparency.google.com/advertiser/AR01320432650854334465/creative/CR04921081589686861825?region=IN,YouTubeVideo,2026-07-12,"2887,2434,2840,2728,2056,2250,2528,2616,2372,2380,2752,2818,2706,2736,2724,2422,2784,2356,2414,2826,2203,2040,2368,2756,2578,2400,2208,2246,2184,2638,2048,2440,2682,2276,2634,2512,2642",1,3,,,,,,,,,,,,,,2026-07-13,html5-banner-no-mp4
160,160,Duolingo,AR01320432650854334465,Duolingo Inc,United States,IN,CR04921081589686861825,https://adstransparency.google.com/advertiser/AR01320432650854334465/creative/CR04921081589686861825?region=IN,YouTubeVideo,2026-07-12,"2887,2434,2840,2728,2056,2250,2528,2616,2372,2380,2752,2818,2706,2736,2724,2422,2784,2356,2414,2826,2203,2040,2368,2756,2578,2400,2208,2246,2184,2638,2048,2440,2682,2276,2634,2512,2642",2,3,,,,,,,,,,,,,,2026-07-13,html5-banner-no-mp4
161,161,Duolingo,AR01320432650854334465,Duolingo Inc,United States,IN,CR05131027012818829313,https://adstransparency.google.com/advertiser/AR01320432650854334465/creative/CR05131027012818829313?region=IN,Image,2026-07-13,2356,0,1,,,,,,,,,,,,https://tpc.googlesyndication.com/archive/simgad/15721607484879475509,,2026-07-13,
162,162,Duolingo,AR01320432650854334465,Duolingo Inc,United States,IN,CR05323514484814249985,https://adstransparency.google.com/advertiser/AR01320432650854334465/creative/CR05323514484814249985?region=IN,Image,2026-07-12,"2764,2368,2586,2050,2818,2218,2496,2076,2784,2288,2356,2214,2032,2642,2528,2250,2524,2036",0,1,,,,,,,,,,,,https://tpc.googlesyndication.com/archive/simgad/17941021577209131690,,2026-07-13,
163,163,Duolingo,AR01320432650854334465,Duolingo Inc,United States,IN,CR05386581002904666113,https://adstransparency.google.com/advertiser/AR01320432650854334465/creative/CR05386581002904666113?region=IN,Image,2026-07-12,2356,0,2,,,,,,,,,,,,https://tpc.googlesyndication.com/archive/simgad/18289630954180209806,,2026-07-13,
164,164,Duolingo,AR01320432650854334465,Duolingo Inc,United States,IN,CR05386581002904666113,https://adstransparency.google.com/advertiser/AR01320432650854334465/creative/CR05386581002904666113?region=IN,Image,2026-07-12,2356,1,2,,,,,,,,,,,,https://tpc.googlesyndication.com/archive/simgad/18289630954180209806,,2026-07-13,
165,165,Duolingo,AR01320432650854334465,Duolingo Inc,United States,IN,CR05406473573432819713,https://adstransparency.google.com/advertiser/AR01320432650854334465/creative/CR05406473573432819713?region=IN,Image,2026-07-12,2356,0,1,,,,,,,,,,,,https://tpc.googlesyndication.com/archive/simgad/12987164506475695969,,2026-07-13,
166,166,Duolingo,AR01320432650854334465,Duolingo Inc,United States,IN,CR05543142980434526209,https://adstransparency.google.com/advertiser/AR01320432650854334465/creative/CR05543142980434526209,Unknown,,,0,1,,,,,,,,,,,,,,2026-07-13,detail-fetch: HTTPError
167,167,Duolingo,AR01320432650854334465,Duolingo Inc,United States,IN,CR05583083874184855553,https://adstransparency.google.com/advertiser/AR01320432650854334465/creative/CR05583083874184855553?region=IN,Image,2026-03-30,2356,0,2,,,,,,,,,,,,https://tpc.googlesyndication.com/archive/simgad/9836585636520534951,,2026-07-13,
168,168,Duolingo,AR01320432650854334465,Duolingo Inc,United States,IN,CR05583083874184855553,https://adstransparency.google.com/advertiser/AR01320432650854334465/creative/CR05583083874184855553?region=IN,Image,2026-03-30,2356,1,2,,,,,,,,,,,,https://tpc.googlesyndication.com/archive/simgad/9836585636520534951,,2026-07-13,
169,169,Duolingo,AR01320432650854334465,Duolingo Inc,United States,IN,CR05657396214384033793,https://adstransparency.google.com/advertiser/AR01320432650854334465/creative/CR05657396214384033793?region=IN,Image,2026-07-12,2356,0,1,,,,,,,,,,,,https://tpc.googlesyndication.com/archive/simgad/7064947018471676907,,2026-07-13,
170,170,Duolingo,AR01320432650854334465,Duolingo Inc,United States,IN,CR05666550748196896769,https://adstransparency.google.com/advertiser/AR01320432650854334465/creative/CR05666550748196896769?region=IN,YouTubeVideo,2026-05-06,2356,0,5,ఇంగ్లీష్ నేర్చుకోండి,,,,,,,,,,,,00:00,2026-07-13,html5-banner-no-mp4
171,171,Duolingo,AR01320432650854334465,Duolingo Inc,United States,IN,CR05666550748196896769,https://adstransparency.google.com/advertiser/AR01320432650854334465/creative/CR05666550748196896769?region=IN,YouTubeVideo,2026-05-06,2356,1,5,Install app - Duolingo: Language &amp; Chess,,,,,,,,,,,,00:00,2026-07-13,html5-banner-no-mp4
172,172,Duolingo,AR01320432650854334465,Duolingo Inc,United States,IN,CR05666550748196896769,https://adstransparency.google.com/advertiser/AR01320432650854334465/creative/CR05666550748196896769?region=IN,YouTubeVideo,2026-05-06,2356,2,5,"Duolingoలో 500 మిలియన్ల కంటే ఎక్కువ మంది ప్రజలు ఇంగ్లీష్, ఇంకా ఇతర భాషలను నేర్చుకుంటారు",,,,,,,,,,,,00:00,2026-07-13,html5-banner-no-mp4
173,173,Duolingo,AR01320432650854334465,Duolingo Inc,United States,IN,CR05666550748196896769,https://adstransparency.google.com/advertiser/AR01320432650854334465/creative/CR05666550748196896769?region=IN,YouTubeVideo,2026-05-06,2356,3,5,,,,,,,,,,,,,,2026-07-13,html5-banner-no-mp4
174,174,Duolingo,AR01320432650854334465,Duolingo Inc,United States,IN,CR05666550748196896769,https://adstransparency.google.com/advertiser/AR01320432650854334465/creative/CR05666550748196896769?region=IN,YouTubeVideo,2026-05-06,2356,4,5,,,,,,,,,,,,,,2026-07-13,html5-banner-no-mp4
175,175,Duolingo,AR01320432650854334465,Duolingo Inc,United States,IN,CR05686368302826258433,https://adstransparency.google.com/advertiser/AR01320432650854334465/creative/CR05686368302826258433?region=IN,YouTubeVideo,2026-04-16,"2440,2524,2428,2792,2268,2682,2191,2705,2422,2784,2050,2818,2196,2356,2233,2372,2300,2203,2368,2208,2352,2498,2586,2275,2608,2764,2031,2804,2642,2008,2620,2616,2100,2376,2012,2703,2528,2250,2840,2470,2688,2724,2056,2076,2360,2458,2380,2752,2442,2504,2400,2756,2578,2704,2807,2040,2826,2348,2246,2276",0,2,Το Duolingo είναι η #1 εφαρμογή εκμάθησης γλωσσών παγκοσμίως,Εγκατάσταση,,,,,,,,,,,00:00,2026-07-13,html5-banner-no-mp4
176,176,Duolingo,AR01320432650854334465,Duolingo Inc,United States,IN,CR05686368302826258433,https://adstransparency.google.com/advertiser/AR01320432650854334465/creative/CR05686368302826258433?region=IN,YouTubeVideo,2026-04-16,"2440,2524,2428,2792,2268,2682,2191,2705,2422,2784,2050,2818,2196,2356,2233,2372,2300,2203,2368,2208,2352,2498,2586,2275,2608,2764,2031,2804,2642,2008,2620,2616,2100,2376,2012,2703,2528,2250,2840,2470,2688,2724,2056,2076,2360,2458,2380,2752,2442,2504,2400,2756,2578,2704,2807,2040,2826,2348,2246,2276",1,2,Το Duolingo είναι η #1 εφαρμογή εκμάθησης γλωσσών παγκοσμίως,Εγκατάσταση,,,,,,,,,,,00:00,2026-07-13,html5-banner-no-mp4
177,177,Duolingo,AR01320432650854334465,Duolingo Inc,United States,IN,CR05803985243492843521,https://adstransparency.google.com/advertiser/AR01320432650854334465/creative/CR05803985243492843521?region=IN,Image,2026-03-23,2356,0,1,⁦englishtest.duolingo.com⁩,Canada Work Visa | Take DET - PhD in Canada | Take DET,,,https://ads-rendering-prod.corp.google.com/search,,,,,,,,,2026-07-13,image-url-not-extracted
178,178,Duolingo,AR01320432650854334465,Duolingo Inc,United States,IN,CR05930435944044822529,https://adstransparency.google.com/advertiser/AR01320432650854334465/creative/CR05930435944044822529?region=IN,Image,2026-07-12,2356,0,2,,,,,,,,,,,,https://tpc.googlesyndication.com/archive/simgad/187739162520631640,,2026-07-13,
179,179,Duolingo,AR01320432650854334465,Duolingo Inc,United States,IN,CR05930435944044822529,https://adstransparency.google.com/advertiser/AR01320432650854334465/creative/CR05930435944044822529?region=IN,Image,2026-07-12,2356,1,2,,,,,,,,,,,,https://tpc.googlesyndication.com/archive/simgad/187739162520631640,,2026-07-13,
180,180,Duolingo,AR01320432650854334465,Duolingo Inc,United States,IN,CR05983931101746298881,https://adstransparency.google.com/advertiser/AR01320432650854334465/creative/CR05983931101746298881?region=IN,YouTubeVideo,2026-07-13,"2702,2728,2818,2792,2706,2682,2642,2440,2246,2634,2638,2348,2276,2578,2826,2040,2434,2203,2586,2400,2368,2860,2208,2756,2512,2175,2356,2048,2752,2233,2184,2414,2360,2442,2380,2784,2422,2736,2372,2724,2250,2056,2840,2100,2887,2616,2528,2428",0,3,دوولينجو: تعليم اللغات,,,,,,,,,,,,00:00,2026-07-13,html5-banner-no-mp4
181,181,Duolingo,AR01320432650854334465,Duolingo Inc,United States,IN,CR05983931101746298881,https://adstransparency.google.com/advertiser/AR01320432650854334465/creative/CR05983931101746298881?region=IN,YouTubeVideo,2026-07-13,"2702,2728,2818,2792,2706,2682,2642,2440,2246,2634,2638,2348,2276,2578,2826,2040,2434,2203,2586,2400,2368,2860,2208,2756,2512,2175,2356,2048,2752,2233,2184,2414,2360,2442,2380,2784,2422,2736,2372,2724,2250,2056,2840,2100,2887,2616,2528,2428",1,3,قم بتحسين مهارتك في الإنجليزية,عمليات التنزيل,,,,,,,,,,,00:00,2026-07-13,html5-banner-no-mp4
182,182,Duolingo,AR01320432650854334465,Duolingo Inc,United States,IN,CR05983931101746298881,https://adstransparency.google.com/advertiser/AR01320432650854334465/creative/CR05983931101746298881?region=IN,YouTubeVideo,2026-07-13,"2702,2728,2818,2792,2706,2682,2642,2440,2246,2634,2638,2348,2276,2578,2826,2040,2434,2203,2586,2400,2368,2860,2208,2756,2512,2175,2356,2048,2752,2233,2184,2414,2360,2442,2380,2784,2422,2736,2372,2724,2250,2056,2840,2100,2887,2616,2528,2428",2,3,,,,,,,,,,,,,,2026-07-13,html5-banner-no-mp4
183,183,Duolingo,AR01320432650854334465,Duolingo Inc,United States,IN,CR06045526018012217345,https://adstransparency.google.com/advertiser/AR01320432650854334465/creative/CR06045526018012217345?region=IN,Image,2026-05-22,2356,0,3,,,,,,,,,,,,https://tpc.googlesyndication.com/archive/simgad/12894305268370552714,,2026-07-13,
184,184,Duolingo,AR01320432650854334465,Duolingo Inc,United States,IN,CR06045526018012217345,https://adstransparency.google.com/advertiser/AR01320432650854334465/creative/CR06045526018012217345?region=IN,Image,2026-05-22,2356,1,3,,,,,,,,,,,,https://tpc.googlesyndication.com/archive/simgad/15866303955501647602,,2026-07-13,
185,185,Duolingo,AR01320432650854334465,Duolingo Inc,United States,IN,CR06045526018012217345,https://adstransparency.google.com/advertiser/AR01320432650854334465/creative/CR06045526018012217345?region=IN,Image,2026-05-22,2356,2,3,,,,,,,,,,,,https://tpc.googlesyndication.com/archive/simgad/13863117689027424922,,2026-07-13,
186,186,Duolingo,AR01320432650854334465,Duolingo Inc,United States,IN,CR06108857887772114945,https://adstransparency.google.com/advertiser/AR01320432650854334465/creative/CR06108857887772114945?region=IN,Image,2026-05-23,2356,0,3,,,,,,,,,,,,https://tpc.googlesyndication.com/archive/simgad/7500038796357897843,,2026-07-13,
187,187,Duolingo,AR01320432650854334465,Duolingo Inc,United States,IN,CR06108857887772114945,https://adstransparency.google.com/advertiser/AR01320432650854334465/creative/CR06108857887772114945?region=IN,Image,2026-05-23,2356,1,3,,,,,,,,,,,,https://tpc.googlesyndication.com/archive/simgad/1775697587595565121,,2026-07-13,
188,188,Duolingo,AR01320432650854334465,Duolingo Inc,United States,IN,CR06108857887772114945,https://adstransparency.google.com/advertiser/AR01320432650854334465/creative/CR06108857887772114945?region=IN,Image,2026-05-23,2356,2,3,,,,,,,,,,,,https://tpc.googlesyndication.com/archive/simgad/1359615099968204385,,2026-07-13,
189,189,Duolingo,AR01320432650854334465,Duolingo Inc,United States,IN,CR06204449428690960385,https://adstransparency.google.com/advertiser/AR01320432650854334465/creative/CR06204449428690960385?region=IN,YouTubeVideo,2026-07-13,"2276,2724,2356,2528",0,4,,,,,,,,,,,,,00:00,2026-07-13,html5-banner-no-mp4
190,190,Duolingo,AR01320432650854334465,Duolingo Inc,United States,IN,CR06204449428690960385,https://adstransparency.google.com/advertiser/AR01320432650854334465/creative/CR06204449428690960385?region=IN,YouTubeVideo,2026-07-13,"2276,2724,2356,2528",1,4,,,,,,,,,,,,,00:00,2026-07-13,html5-banner-no-mp4
191,191,Duolingo,AR01320432650854334465,Duolingo Inc,United States,IN,CR06204449428690960385,https://adstransparency.google.com/advertiser/AR01320432650854334465/creative/CR06204449428690960385?region=IN,YouTubeVideo,2026-07-13,"2276,2724,2356,2528",2,4,,,,,,,,,,,,,00:00,2026-07-13,html5-banner-no-mp4
192,192,Duolingo,AR01320432650854334465,Duolingo Inc,United States,IN,CR06204449428690960385,https://adstransparency.google.com/advertiser/AR01320432650854334465/creative/CR06204449428690960385?region=IN,YouTubeVideo,2026-07-13,"2276,2724,2356,2528",3,4,,,,,,,,,,,,,,2026-07-13,html5-banner-no-mp4
193,193,Duolingo,AR01320432650854334465,Duolingo Inc,United States,IN,CR06272089056159465473,https://adstransparency.google.com/advertiser/AR01320432650854334465/creative/CR06272089056159465473?region=IN,Image,2026-03-30,2356,0,2,,,,,,,,,,,,https://tpc.googlesyndication.com/archive/simgad/1595142881799349748,,2026-07-13,
194,194,Duolingo,AR01320432650854334465,Duolingo Inc,United States,IN,CR06272089056159465473,https://adstransparency.google.com/advertiser/AR01320432650854334465/creative/CR06272089056159465473?region=IN,Image,2026-03-30,2356,1,2,,,,,,,,,,,,https://tpc.googlesyndication.com/archive/simgad/1595142881799349748,,2026-07-13,
195,195,Duolingo,AR01320432650854334465,Duolingo Inc,United States,IN,CR06322497395095502849,https://adstransparency.google.com/advertiser/AR01320432650854334465/creative/CR06322497395095502849?region=IN,Image,2026-05-21,2356,0,3,,,,,,,,,,,,https://tpc.googlesyndication.com/archive/simgad/8401830812948280598,,2026-07-13,
196,196,Duolingo,AR01320432650854334465,Duolingo Inc,United States,IN,CR06322497395095502849,https://adstransparency.google.com/advertiser/AR01320432650854334465/creative/CR06322497395095502849?region=IN,Image,2026-05-21,2356,1,3,,,,,,,,,,,,https://tpc.googlesyndication.com/archive/simgad/8401830812948280598,,2026-07-13,
197,197,Duolingo,AR01320432650854334465,Duolingo Inc,United States,IN,CR06322497395095502849,https://adstransparency.google.com/advertiser/AR01320432650854334465/creative/CR06322497395095502849?region=IN,Image,2026-05-21,2356,2,3,,,,,,,,,,,,https://tpc.googlesyndication.com/archive/simgad/10051556341486792062,,2026-07-13,
198,198,Duolingo,AR01320432650854334465,Duolingo Inc,United States,IN,CR06417969407074500609,https://adstransparency.google.com/advertiser/AR01320432650854334465/creative/CR06417969407074500609?region=IN,YouTubeVideo,2026-03-19,"2528,2250,2724,2398,2784,2554,2372,2682,2276,2710,2356,2566,2484,2124,2380,2360,2616,2300,2620,2076,2104,2036",0,3,Free Language Learning,CATEGORY,,,,,,,,,,,00:00,2026-07-13,html5-banner-no-mp4
199,199,Duolingo,AR01320432650854334465,Duolingo Inc,United States,IN,CR06417969407074500609,https://adstransparency.google.com/advertiser/AR01320432650854334465/creative/CR06417969407074500609?region=IN,YouTubeVideo,2026-03-19,"2528,2250,2724,2398,2784,2554,2372,2682,2276,2710,2356,2566,2484,2124,2380,2360,2616,2300,2620,2076,2104,2036",1,3,,,,,,,,,,,,,00:00,2026-07-13,html5-banner-no-mp4
200,200,Duolingo,AR01320432650854334465,Duolingo Inc,United States,IN,CR06417969407074500609,https://adstransparency.google.com/advertiser/AR01320432650854334465/creative/CR06417969407074500609?region=IN,YouTubeVideo,2026-03-19,"2528,2250,2724,2398,2784,2554,2372,2682,2276,2710,2356,2566,2484,2124,2380,2360,2616,2300,2620,2076,2104,2036",2,3,Free Language Learning,CATEGORY,,,,,,,,,,,00:00,2026-07-13,html5-banner-no-mp4
201,201,Duolingo,AR01320432650854334465,Duolingo Inc,United States,IN,CR06426361661501734913,https://adstransparency.google.com/advertiser/AR01320432650854334465/creative/CR06426361661501734913?region=IN,Image,2026-05-23,2356,0,3,,,,,,,,,,,,https://tpc.googlesyndication.com/archive/simgad/15639425736405020435,,2026-07-13,
202,202,Duolingo,AR01320432650854334465,Duolingo Inc,United States,IN,CR06426361661501734913,https://adstransparency.google.com/advertiser/AR01320432650854334465/creative/CR06426361661501734913?region=IN,Image,2026-05-23,2356,1,3,,,,,,,,,,,,https://tpc.googlesyndication.com/archive/simgad/2270869233851578429,,2026-07-13,
203,203,Duolingo,AR01320432650854334465,Duolingo Inc,United States,IN,CR06426361661501734913,https://adstransparency.google.com/advertiser/AR01320432650854334465/creative/CR06426361661501734913?region=IN,Image,2026-05-23,2356,2,3,,,,,,,,,,,,https://tpc.googlesyndication.com/archive/simgad/11466810495892614230,,2026-07-13,
204,204,Duolingo,AR01320432650854334465,Duolingo Inc,United States,IN,CR06454979475271581697,https://adstransparency.google.com/advertiser/AR01320432650854334465/creative/CR06454979475271581697?region=IN,YouTubeVideo,2026-07-12,"2056,2702,2528,2442,2356,2380,2642,2196,2276,2360,2040,2840,2250,2392,2616,2578,2203",0,4,,,,,,,,,,,,,,2026-07-13,html5-banner-no-mp4
205,205,Duolingo,AR01320432650854334465,Duolingo Inc,United States,IN,CR06454979475271581697,https://adstransparency.google.com/advertiser/AR01320432650854334465/creative/CR06454979475271581697?region=IN,YouTubeVideo,2026-07-12,"2056,2702,2528,2442,2356,2380,2642,2196,2276,2360,2040,2840,2250,2392,2616,2578,2203",1,4,Aplikasi belajar bahasa #1,DOWNLOAD,,,,,,,,,,,00:00,2026-07-13,html5-banner-no-mp4
206,206,Duolingo,AR01320432650854334465,Duolingo Inc,United States,IN,CR06454979475271581697,https://adstransparency.google.com/advertiser/AR01320432650854334465/creative/CR06454979475271581697?region=IN,YouTubeVideo,2026-07-12,"2056,2702,2528,2442,2356,2380,2642,2196,2276,2360,2040,2840,2250,2392,2616,2578,2203",2,4,Aplikasi belajar bahasa #1,DOWNLOAD,,,,,,,,,,,00:00,2026-07-13,html5-banner-no-mp4
207,207,Duolingo,AR01320432650854334465,Duolingo Inc,United States,IN,CR06454979475271581697,https://adstransparency.google.com/advertiser/AR01320432650854334465/creative/CR06454979475271581697?region=IN,YouTubeVideo,2026-07-12,"2056,2702,2528,2442,2356,2380,2642,2196,2276,2360,2040,2840,2250,2392,2616,2578,2203",3,4,,,,,,,,,,,,,,2026-07-13,html5-banner-no-mp4
208,208,Duolingo,AR01320432650854334465,Duolingo Inc,United States,IN,CR06643980163967090689,https://adstransparency.google.com/advertiser/AR01320432650854334465/creative/CR06643980163967090689?region=IN,Image,2026-03-23,2356,0,3,,,,,,,,,,,,https://tpc.googlesyndication.com/archive/simgad/13611005971279088657,,2026-07-13,
209,209,Duolingo,AR01320432650854334465,Duolingo Inc,United States,IN,CR06643980163967090689,https://adstransparency.google.com/advertiser/AR01320432650854334465/creative/CR06643980163967090689?region=IN,Image,2026-03-23,2356,1,3,,,,,,,,,,,,https://tpc.googlesyndication.com/archive/simgad/7177774795768679927,,2026-07-13,
210,210,Duolingo,AR01320432650854334465,Duolingo Inc,United States,IN,CR06643980163967090689,https://adstransparency.google.com/advertiser/AR01320432650854334465/creative/CR06643980163967090689?region=IN,Image,2026-03-23,2356,2,3,,,,,,,,,,,,https://tpc.googlesyndication.com/archive/simgad/5502301879489049492,,2026-07-13,
211,211,Duolingo,AR01320432650854334465,Duolingo Inc,United States,IN,CR06702948965429542913,https://adstransparency.google.com/advertiser/AR01320432650854334465/creative/CR06702948965429542913?region=IN,Image,2026-07-12,2356,0,3,,,,,,,,,,,,https://tpc.googlesyndication.com/archive/simgad/3137834735601079904,,2026-07-13,
212,212,Duolingo,AR01320432650854334465,Duolingo Inc,United States,IN,CR06702948965429542913,https://adstransparency.google.com/advertiser/AR01320432650854334465/creative/CR06702948965429542913?region=IN,Image,2026-07-12,2356,1,3,,,,,,,,,,,,https://tpc.googlesyndication.com/archive/simgad/15664919180190083185,,2026-07-13,
213,213,Duolingo,AR01320432650854334465,Duolingo Inc,United States,IN,CR06702948965429542913,https://adstransparency.google.com/advertiser/AR01320432650854334465/creative/CR06702948965429542913?region=IN,Image,2026-07-12,2356,2,3,,,,,,,,,,,,https://tpc.googlesyndication.com/archive/simgad/2814186728802704808,,2026-07-13,
214,214,Duolingo,AR01320432650854334465,Duolingo Inc,United States,IN,CR07157674058048339969,https://adstransparency.google.com/advertiser/AR01320432650854334465/creative/CR07157674058048339969?region=IN,YouTubeVideo,2026-04-07,2356,0,3,Some controls cannot be shown due to the small ad.You can see it in fullscreen mode.,,,,,rkY4BPWtOUI,https://www.youtube.com/watch?v=rkY4BPWtOUI,,,,,,,2026-07-13,
215,215,Duolingo,AR01320432650854334465,Duolingo Inc,United States,IN,CR07157674058048339969,https://adstransparency.google.com/advertiser/AR01320432650854334465/creative/CR07157674058048339969?region=IN,YouTubeVideo,2026-04-07,2356,1,3,Some controls cannot be shown due to the small ad.You can see it in fullscreen mode.,,,,,rkY4BPWtOUI,https://www.youtube.com/watch?v=rkY4BPWtOUI,,,,,,,2026-07-13,
216,216,Duolingo,AR01320432650854334465,Duolingo Inc,United States,IN,CR07157674058048339969,https://adstransparency.google.com/advertiser/AR01320432650854334465/creative/CR07157674058048339969?region=IN,YouTubeVideo,2026-04-07,2356,2,3,Some controls cannot be shown due to the small ad.You can see it in fullscreen mode.,,,,,rkY4BPWtOUI,https://www.youtube.com/watch?v=rkY4BPWtOUI,,,,,,,2026-07-13,
217,217,Duolingo,AR01320432650854334465,Duolingo Inc,United States,IN,CR07158521712793878529,https://adstransparency.google.com/advertiser/AR01320432650854334465/creative/CR07158521712793878529?region=IN,YouTubeVideo,2026-07-01,"2116,2031,2706,2008,2528,2148,2012,2840,2072,2076,2630,2858,2862,2398,2688,2663,2288,2004,2558,2414,2250,2320,2380,2780,2070,2724,2752,2404,2704,2458,2324,2231,2504,2051,2175,2646,2340,2024,2740,2214,2826,2218,2040,2604,2854,2144,2474,2204,2400,2499,2768,2188,2900,2270,2682,2634,2591,2894,2508,2276,2438,2124,2384,2050,2818,2524,2104,2132,2887,2800,2496,2480,2268,2516,2332,2422,2784,2762,2032,2120,2450,2044,2466,2312,2356,2152,2566,2788,2048,2222,2686,2417,2716,2498,2860,2586,2512,2600,2478,2368,2266,2710,2388,2434,2531,2834,2068,2170,2804,2638",0,3,,,,,,,,,,,,,,2026-07-13,html5-banner-no-mp4
218,218,Duolingo,AR01320432650854334465,Duolingo Inc,United States,IN,CR07158521712793878529,https://adstransparency.google.com/advertiser/AR01320432650854334465/creative/CR07158521712793878529?region=IN,YouTubeVideo,2026-07-01,"2116,2031,2706,2008,2528,2148,2012,2840,2072,2076,2630,2858,2862,2398,2688,2663,2288,2004,2558,2414,2250,2320,2380,2780,2070,2724,2752,2404,2704,2458,2324,2231,2504,2051,2175,2646,2340,2024,2740,2214,2826,2218,2040,2604,2854,2144,2474,2204,2400,2499,2768,2188,2900,2270,2682,2634,2591,2894,2508,2276,2438,2124,2384,2050,2818,2524,2104,2132,2887,2800,2496,2480,2268,2516,2332,2422,2784,2762,2032,2120,2450,2044,2466,2312,2356,2152,2566,2788,2048,2222,2686,2417,2716,2498,2860,2586,2512,2600,2478,2368,2266,2710,2388,2434,2531,2834,2068,2170,2804,2638",1,3,,,,,,,,,,,,,,2026-07-13,html5-banner-no-mp4
219,219,Duolingo,AR01320432650854334465,Duolingo Inc,United States,IN,CR07158521712793878529,https://adstransparency.google.com/advertiser/AR01320432650854334465/creative/CR07158521712793878529?region=IN,YouTubeVideo,2026-07-01,"2116,2031,2706,2008,2528,2148,2012,2840,2072,2076,2630,2858,2862,2398,2688,2663,2288,2004,2558,2414,2250,2320,2380,2780,2070,2724,2752,2404,2704,2458,2324,2231,2504,2051,2175,2646,2340,2024,2740,2214,2826,2218,2040,2604,2854,2144,2474,2204,2400,2499,2768,2188,2900,2270,2682,2634,2591,2894,2508,2276,2438,2124,2384,2050,2818,2524,2104,2132,2887,2800,2496,2480,2268,2516,2332,2422,2784,2762,2032,2120,2450,2044,2466,2312,2356,2152,2566,2788,2048,2222,2686,2417,2716,2498,2860,2586,2512,2600,2478,2368,2266,2710,2388,2434,2531,2834,2068,2170,2804,2638",2,3,,,,,,,,,,,,,,2026-07-13,html5-banner-no-mp4
220,220,Duolingo,AR01320432650854334465,Duolingo Inc,United States,IN,CR07395444761814892545,https://adstransparency.google.com/advertiser/AR01320432650854334465/creative/CR07395444761814892545?region=IN,Image,2026-03-14,2356,0,1,,,,,,,,,,,,https://tpc.googlesyndication.com/archive/simgad/6931580051214266676,,2026-07-13,
221,221,Duolingo,AR01320432650854334465,Duolingo Inc,United States,IN,CR07397178691651895297,https://adstransparency.google.com/advertiser/AR01320432650854334465/creative/CR07397178691651895297?region=IN,Image,2026-03-18,2356,0,1,,,,,,,,,,,,https://tpc.googlesyndication.com/archive/simgad/6309291924186904913,,2026-07-13,
222,222,Duolingo,AR01320432650854334465,Duolingo Inc,United States,IN,CR07543396523917180929,https://adstransparency.google.com/advertiser/AR01320432650854334465/creative/CR07543396523917180929?region=IN,YouTubeVideo,2026-02-25,2356,0,3,"भाषा सीखें, कभी भी-कहीं भी",इंस्टॉल करें,,,,,,,,,,,00:00,2026-07-13,html5-banner-no-mp4
223,223,Duolingo,AR01320432650854334465,Duolingo Inc,United States,IN,CR07543396523917180929,https://adstransparency.google.com/advertiser/AR01320432650854334465/creative/CR07543396523917180929?region=IN,YouTubeVideo,2026-02-25,2356,1,3,,,,,,,,,,,,,,2026-07-13,html5-banner-no-mp4
224,224,Duolingo,AR01320432650854334465,Duolingo Inc,United States,IN,CR07543396523917180929,https://adstransparency.google.com/advertiser/AR01320432650854334465/creative/CR07543396523917180929?region=IN,YouTubeVideo,2026-02-25,2356,2,3,,,,,,,,,,,,,,2026-07-13,html5-banner-no-mp4
225,225,Duolingo,AR01320432650854334465,Duolingo Inc,United States,IN,CR07563440577941864449,https://adstransparency.google.com/advertiser/AR01320432650854334465/creative/CR07563440577941864449?region=IN,YouTubeVideo,2026-04-16,"2196,2688,2203,2348,2804,2642,2276,2380,2724,2300,2100,2356,2620,2376,2528,2250,2616",0,4,,,,,,,,,,,,,,2026-07-13,html5-banner-no-mp4
226,226,Duolingo,AR01320432650854334465,Duolingo Inc,United States,IN,CR07563440577941864449,https://adstransparency.google.com/advertiser/AR01320432650854334465/creative/CR07563440577941864449?region=IN,YouTubeVideo,2026-04-16,"2196,2688,2203,2348,2804,2642,2276,2380,2724,2300,2100,2356,2620,2376,2528,2250,2616",1,4,,,,,,,,,,,,,,2026-07-13,html5-banner-no-mp4
227,227,Duolingo,AR01320432650854334465,Duolingo Inc,United States,IN,CR07563440577941864449,https://adstransparency.google.com/advertiser/AR01320432650854334465/creative/CR07563440577941864449?region=IN,YouTubeVideo,2026-04-16,"2196,2688,2203,2348,2804,2642,2276,2380,2724,2300,2100,2356,2620,2376,2528,2250,2616",2,4,,,,,,,,,,,,,,2026-07-13,html5-banner-no-mp4
228,228,Duolingo,AR01320432650854334465,Duolingo Inc,United States,IN,CR07563440577941864449,https://adstransparency.google.com/advertiser/AR01320432650854334465/creative/CR07563440577941864449?region=IN,YouTubeVideo,2026-04-16,"2196,2688,2203,2348,2804,2642,2276,2380,2724,2300,2100,2356,2620,2376,2528,2250,2616",3,4,,,,,,,,,,,,,,2026-07-13,html5-banner-no-mp4
229,229,Duolingo,AR01320432650854334465,Duolingo Inc,United States,IN,CR07848985989648220161,https://adstransparency.google.com/advertiser/AR01320432650854334465/creative/CR07848985989648220161?region=IN,YouTubeVideo,2026-02-25,2356,0,3,,,,,,,,,,,,,,2026-07-13,html5-banner-no-mp4
230,230,Duolingo,AR01320432650854334465,Duolingo Inc,United States,IN,CR07848985989648220161,https://adstransparency.google.com/advertiser/AR01320432650854334465/creative/CR07848985989648220161?region=IN,YouTubeVideo,2026-02-25,2356,1,3,30 crore se bhi zyaade log Duolingo pe English aur doosri languages seekhte hai,,,,,,,,,,,,00:00,2026-07-13,html5-banner-no-mp4
231,231,Duolingo,AR01320432650854334465,Duolingo Inc,United States,IN,CR07848985989648220161,https://adstransparency.google.com/advertiser/AR01320432650854334465/creative/CR07848985989648220161?region=IN,YouTubeVideo,2026-02-25,2356,2,3,,,,,,,,,,,,,,2026-07-13,html5-banner-no-mp4
232,232,Duolingo,AR01320432650854334465,Duolingo Inc,United States,IN,CR07950475405427736577,https://adstransparency.google.com/advertiser/AR01320432650854334465/creative/CR07950475405427736577?region=IN,YouTubeVideo,2026-07-12,"2250,2356,2208,2056,2578,2104,2752,2246,2528,2784,2724,2682,2276,2076",0,5,,,,,,,,,,,,,,2026-07-13,html5-banner-no-mp4
233,233,Duolingo,AR01320432650854334465,Duolingo Inc,United States,IN,CR07950475405427736577,https://adstransparency.google.com/advertiser/AR01320432650854334465/creative/CR07950475405427736577?region=IN,YouTubeVideo,2026-07-12,"2250,2356,2208,2056,2578,2104,2752,2246,2528,2784,2724,2682,2276,2076",1,5,,,,,,,,,,,,,00:00,2026-07-13,html5-banner-no-mp4
234,234,Duolingo,AR01320432650854334465,Duolingo Inc,United States,IN,CR07950475405427736577,https://adstransparency.google.com/advertiser/AR01320432650854334465/creative/CR07950475405427736577?region=IN,YouTubeVideo,2026-07-12,"2250,2356,2208,2056,2578,2104,2752,2246,2528,2784,2724,2682,2276,2076",2,5,,,,,,,,,,,,,,2026-07-13,html5-banner-no-mp4
235,235,Duolingo,AR01320432650854334465,Duolingo Inc,United States,IN,CR07950475405427736577,https://adstransparency.google.com/advertiser/AR01320432650854334465/creative/CR07950475405427736577?region=IN,YouTubeVideo,2026-07-12,"2250,2356,2208,2056,2578,2104,2752,2246,2528,2784,2724,2682,2276,2076",3,5,,,,,,,,,,,,,,2026-07-13,html5-banner-no-mp4
236,236,Duolingo,AR01320432650854334465,Duolingo Inc,United States,IN,CR07950475405427736577,https://adstransparency.google.com/advertiser/AR01320432650854334465/creative/CR07950475405427736577?region=IN,YouTubeVideo,2026-07-12,"2250,2356,2208,2056,2578,2104,2752,2246,2528,2784,2724,2682,2276,2076",4,5,,,,,,,,,,,,,,2026-07-13,html5-banner-no-mp4
237,237,Duolingo,AR01320432650854334465,Duolingo Inc,United States,IN,CR08032435845430509569,https://adstransparency.google.com/advertiser/AR01320432650854334465/creative/CR08032435845430509569?region=IN,YouTubeVideo,2026-04-16,"2191,2276,2682,2440,2428,2124,2524,2705,2784,2422,2818,2312,2050,2356,2196,2233,2372,2566,2208,2300,2410,2788,2203,2368,2498,2764,2586,2352,2275,2608,2804,2642,2638,2620,2008,2470,2100,2616,2376,2703,2012,2250,2840,2076,2528,2688,2056,2724,2458,2070,2360,2752,2504,2380,2442,2756,2704,2578,2807,2040,2400,2499,2144,2474,2826,2348,2246,2792",0,3,Instalați,,,,,,,,,,,,00:00,2026-07-13,html5-banner-no-mp4
238,238,Duolingo,AR01320432650854334465,Duolingo Inc,United States,IN,CR08032435845430509569,https://adstransparency.google.com/advertiser/AR01320432650854334465/creative/CR08032435845430509569?region=IN,YouTubeVideo,2026-04-16,"2191,2276,2682,2440,2428,2124,2524,2705,2784,2422,2818,2312,2050,2356,2196,2233,2372,2566,2208,2300,2410,2788,2203,2368,2498,2764,2586,2352,2275,2608,2804,2642,2638,2620,2008,2470,2100,2616,2376,2703,2012,2250,2840,2076,2528,2688,2056,2724,2458,2070,2360,2752,2504,2380,2442,2756,2704,2578,2807,2040,2400,2499,2144,2474,2826,2348,2246,2792",1,3,Instalați,,,,,,,,,,,,00:00,2026-07-13,html5-banner-no-mp4
239,239,Duolingo,AR01320432650854334465,Duolingo Inc,United States,IN,CR08032435845430509569,https://adstransparency.google.com/advertiser/AR01320432650854334465/creative/CR08032435845430509569?region=IN,YouTubeVideo,2026-04-16,"2191,2276,2682,2440,2428,2124,2524,2705,2784,2422,2818,2312,2050,2356,2196,2233,2372,2566,2208,2300,2410,2788,2203,2368,2498,2764,2586,2352,2275,2608,2804,2642,2638,2620,2008,2470,2100,2616,2376,2703,2012,2250,2840,2076,2528,2688,2056,2724,2458,2070,2360,2752,2504,2380,2442,2756,2704,2578,2807,2040,2400,2499,2144,2474,2826,2348,2246,2792",2,3,Instalați,,,,,,,,,,,,00:00,2026-07-13,html5-banner-no-mp4
240,240,Duolingo,AR01320432650854334465,Duolingo Inc,United States,IN,CR08046156221536796673,https://adstransparency.google.com/advertiser/AR01320432650854334465/creative/CR08046156221536796673?region=IN,Image,2026-03-22,2356,0,1,,,,,,,,,,,,https://tpc.googlesyndication.com/archive/simgad/311541699409115426,,2026-07-13,
241,241,Duolingo,AR01320432650854334465,Duolingo Inc,United States,IN,CR08074942964960329729,https://adstransparency.google.com/advertiser/AR01320432650854334465/creative/CR08074942964960329729?region=IN,YouTubeVideo,2026-04-16,"2608,2056,2250,2688,2275,2710,2076,2158,2100,2012,2616,2620,2840,2008,2470,2376,2404,2528,2703,2070,2458,2752,2380,2442,2414,2360,2288,2578,2724,2807,2900,2040,2826,2024,2400,2504,2704,2508,2682,2792,2634,2246,2276,2499,2440,2474,2348,2144,2268,2705,2887,2191,2428,2524,2800,2050,2818,2233,2372,2566,2032,2356,2784,2422,2312,2196,2764,2203,2834,2368,2586,2352,2208,2300,2512,2410,2498,2788,2804,2031,2638,2642",0,3,,,,,,,,,,,,,00:00,2026-07-13,html5-banner-no-mp4
242,242,Duolingo,AR01320432650854334465,Duolingo Inc,United States,IN,CR08074942964960329729,https://adstransparency.google.com/advertiser/AR01320432650854334465/creative/CR08074942964960329729?region=IN,YouTubeVideo,2026-04-16,"2608,2056,2250,2688,2275,2710,2076,2158,2100,2012,2616,2620,2840,2008,2470,2376,2404,2528,2703,2070,2458,2752,2380,2442,2414,2360,2288,2578,2724,2807,2900,2040,2826,2024,2400,2504,2704,2508,2682,2792,2634,2246,2276,2499,2440,2474,2348,2144,2268,2705,2887,2191,2428,2524,2800,2050,2818,2233,2372,2566,2032,2356,2784,2422,2312,2196,2764,2203,2834,2368,2586,2352,2208,2300,2512,2410,2498,2788,2804,2031,2638,2642",1,3,,,,,,,,,,,,,00:00,2026-07-13,html5-banner-no-mp4
243,243,Duolingo,AR01320432650854334465,Duolingo Inc,United States,IN,CR08074942964960329729,https://adstransparency.google.com/advertiser/AR01320432650854334465/creative/CR08074942964960329729?region=IN,YouTubeVideo,2026-04-16,"2608,2056,2250,2688,2275,2710,2076,2158,2100,2012,2616,2620,2840,2008,2470,2376,2404,2528,2703,2070,2458,2752,2380,2442,2414,2360,2288,2578,2724,2807,2900,2040,2826,2024,2400,2504,2704,2508,2682,2792,2634,2246,2276,2499,2440,2474,2348,2144,2268,2705,2887,2191,2428,2524,2800,2050,2818,2233,2372,2566,2032,2356,2784,2422,2312,2196,2764,2203,2834,2368,2586,2352,2208,2300,2512,2410,2498,2788,2804,2031,2638,2642",2,3,,,,,,,,,,,,,00:00,2026-07-13,html5-banner-no-mp4
244,244,Duolingo,AR01320432650854334465,Duolingo Inc,United States,IN,CR08392678426405765121,https://adstransparency.google.com/advertiser/AR01320432650854334465/creative/CR08392678426405765121?region=IN,Image,2026-07-13,"2524,2840,2376,2804,2702,2682,2440,2470,2344,2156,2484,2642,2428,2276,2348,2275,2040,2792,2826,2203,2756,2392,2586,2578,2400,2604,2410,2300,2231,2246,2356,2152,2458,2208,2752,2442,2372,2196,2360,2380,2422,2724,2233,2250,2158,2100,2056,2076,2705,2104,2616,2191,2528,2620,2124,2703",0,1,,,,,,,,,,,,https://tpc.googlesyndication.com/archive/simgad/2759117752884097905,,2026-07-13,
245,245,Duolingo,AR01320432650854334465,Duolingo Inc,United States,IN,CR08397333973386133505,https://adstransparency.google.com/advertiser/AR01320432650854334465/creative/CR08397333973386133505?region=IN,YouTubeVideo,2026-04-08,2356,0,4,,,,,,,,,,,,,00:00,2026-07-13,html5-banner-no-mp4
246,246,Duolingo,AR01320432650854334465,Duolingo Inc,United States,IN,CR08397333973386133505,https://adstransparency.google.com/advertiser/AR01320432650854334465/creative/CR08397333973386133505?region=IN,YouTubeVideo,2026-04-08,2356,1,4,,,,,,,,,,,,,00:00,2026-07-13,html5-banner-no-mp4
247,247,Duolingo,AR01320432650854334465,Duolingo Inc,United States,IN,CR08397333973386133505,https://adstransparency.google.com/advertiser/AR01320432650854334465/creative/CR08397333973386133505?region=IN,YouTubeVideo,2026-04-08,2356,2,4,,,,,,,,,,,,,00:00,2026-07-13,html5-banner-no-mp4
248,248,Duolingo,AR01320432650854334465,Duolingo Inc,United States,IN,CR08397333973386133505,https://adstransparency.google.com/advertiser/AR01320432650854334465/creative/CR08397333973386133505?region=IN,YouTubeVideo,2026-04-08,2356,3,4,,,,,,,,,,,,,,2026-07-13,html5-banner-no-mp4
249,249,Duolingo,AR01320432650854334465,Duolingo Inc,United States,IN,CR08608896597733933057,https://adstransparency.google.com/advertiser/AR01320432650854334465/creative/CR08608896597733933057?region=IN,YouTubeVideo,2026-04-16,"2440,2524,2428,2792,2254,2705,2191,2312,2050,2196,2818,2626,2422,2356,2233,2032,2300,2208,2788,2686,2372,2764,2203,2498,2352,2275,2020,2804,2170,2484,2624,2642,2100,2008,2620,2012,2616,2376,2528,2663,2250,2470,2678,2703,2076,2840,2688,2056,2724,2862,2214,2380,2752,2504,2442,2578,2132,2756,2807,2040,2604,2400,2024,2474,2826,2348,2508,2276,2682,2246",0,3,Instalar,,,,,,,,,,,,00:00,2026-07-13,html5-banner-no-mp4
250,250,Duolingo,AR01320432650854334465,Duolingo Inc,United States,IN,CR08608896597733933057,https://adstransparency.google.com/advertiser/AR01320432650854334465/creative/CR08608896597733933057?region=IN,YouTubeVideo,2026-04-16,"2440,2524,2428,2792,2254,2705,2191,2312,2050,2196,2818,2626,2422,2356,2233,2032,2300,2208,2788,2686,2372,2764,2203,2498,2352,2275,2020,2804,2170,2484,2624,2642,2100,2008,2620,2012,2616,2376,2528,2663,2250,2470,2678,2703,2076,2840,2688,2056,2724,2862,2214,2380,2752,2504,2442,2578,2132,2756,2807,2040,2604,2400,2024,2474,2826,2348,2508,2276,2682,2246",1,3,Instalar,,,,,,,,,,,,00:00,2026-07-13,html5-banner-no-mp4
251,251,Duolingo,AR01320432650854334465,Duolingo Inc,United States,IN,CR08608896597733933057,https://adstransparency.google.com/advertiser/AR01320432650854334465/creative/CR08608896597733933057?region=IN,YouTubeVideo,2026-04-16,"2440,2524,2428,2792,2254,2705,2191,2312,2050,2196,2818,2626,2422,2356,2233,2032,2300,2208,2788,2686,2372,2764,2203,2498,2352,2275,2020,2804,2170,2484,2624,2642,2100,2008,2620,2012,2616,2376,2528,2663,2250,2470,2678,2703,2076,2840,2688,2056,2724,2862,2214,2380,2752,2504,2442,2578,2132,2756,2807,2040,2604,2400,2024,2474,2826,2348,2508,2276,2682,2246",2,3,Instalar,,,,,,,,,,,,00:00,2026-07-13,html5-banner-no-mp4
252,252,Duolingo,AR01320432650854334465,Duolingo Inc,United States,IN,CR08664307285079621633,https://adstransparency.google.com/advertiser/AR01320432650854334465/creative/CR08664307285079621633?region=IN,YouTubeVideo,2026-07-01,"2634,2524,2682,2276,2050,2818,2508,2188,2474,2499,2768,2591,2144,2740,2604,2024,2218,2438,2900,2324,2400,2704,2044,2175,2340,2204,2504,2070,2458,2404,2214,2862,2398,2558,2414,2780,2051,2840,2288,2076,2250,2630,2320,2116,2858,2012,2008,2170,2528,2688,2031,2804,2710,2068,2388,2586,2368,2860,2434,2498,2686,2478,2834,2716,2512,2222,2600,2450,2788,2048,2032,2356,2120,2466,2417,2332,2312,2152,2422,2784,2566,2496,2762,2800,2480,2268,2384,2104",0,3,,,,,,,,,,,,,,2026-07-13,html5-banner-no-mp4
253,253,Duolingo,AR01320432650854334465,Duolingo Inc,United States,IN,CR08664307285079621633,https://adstransparency.google.com/advertiser/AR01320432650854334465/creative/CR08664307285079621633?region=IN,YouTubeVideo,2026-07-01,"2634,2524,2682,2276,2050,2818,2508,2188,2474,2499,2768,2591,2144,2740,2604,2024,2218,2438,2900,2324,2400,2704,2044,2175,2340,2204,2504,2070,2458,2404,2214,2862,2398,2558,2414,2780,2051,2840,2288,2076,2250,2630,2320,2116,2858,2012,2008,2170,2528,2688,2031,2804,2710,2068,2388,2586,2368,2860,2434,2498,2686,2478,2834,2716,2512,2222,2600,2450,2788,2048,2032,2356,2120,2466,2417,2332,2312,2152,2422,2784,2566,2496,2762,2800,2480,2268,2384,2104",1,3,,,,,,,,,,,,,,2026-07-13,html5-banner-no-mp4
254,254,Duolingo,AR01320432650854334465,Duolingo Inc,United States,IN,CR08664307285079621633,https://adstransparency.google.com/advertiser/AR01320432650854334465/creative/CR08664307285079621633?region=IN,YouTubeVideo,2026-07-01,"2634,2524,2682,2276,2050,2818,2508,2188,2474,2499,2768,2591,2144,2740,2604,2024,2218,2438,2900,2324,2400,2704,2044,2175,2340,2204,2504,2070,2458,2404,2214,2862,2398,2558,2414,2780,2051,2840,2288,2076,2250,2630,2320,2116,2858,2012,2008,2170,2528,2688,2031,2804,2710,2068,2388,2586,2368,2860,2434,2498,2686,2478,2834,2716,2512,2222,2600,2450,2788,2048,2032,2356,2120,2466,2417,2332,2312,2152,2422,2784,2566,2496,2762,2800,2480,2268,2384,2104",2,3,,,,,,,,,,,,,,2026-07-13,html5-banner-no-mp4
255,255,Duolingo,AR01320432650854334465,Duolingo Inc,United States,IN,CR08828366720730136577,https://adstransparency.google.com/advertiser/AR01320432650854334465/creative/CR08828366720730136577?region=IN,Image,2026-03-30,2356,0,3,,,,,,,,,,,,https://tpc.googlesyndication.com/archive/simgad/12790992036840370772,,2026-07-13,
256,256,Duolingo,AR01320432650854334465,Duolingo Inc,United States,IN,CR08828366720730136577,https://adstransparency.google.com/advertiser/AR01320432650854334465/creative/CR08828366720730136577?region=IN,Image,2026-03-30,2356,1,3,,,,,,,,,,,,https://tpc.googlesyndication.com/archive/simgad/963575957205258663,,2026-07-13,
257,257,Duolingo,AR01320432650854334465,Duolingo Inc,United States,IN,CR08828366720730136577,https://adstransparency.google.com/advertiser/AR01320432650854334465/creative/CR08828366720730136577?region=IN,Image,2026-03-30,2356,2,3,,,,,,,,,,,,https://tpc.googlesyndication.com/archive/simgad/2609167557906782856,,2026-07-13,
258,258,Duolingo,AR01320432650854334465,Duolingo Inc,United States,IN,CR08840752513058603009,https://adstransparency.google.com/advertiser/AR01320432650854334465/creative/CR08840752513058603009?region=IN,YouTubeVideo,2026-07-13,2356,0,5,,,,,,,,,,,,,00:00,2026-07-13,html5-banner-no-mp4
259,259,Duolingo,AR01320432650854334465,Duolingo Inc,United States,IN,CR08840752513058603009,https://adstransparency.google.com/advertiser/AR01320432650854334465/creative/CR08840752513058603009?region=IN,YouTubeVideo,2026-07-13,2356,1,5,,,,,,,,,,,,,,2026-07-13,html5-banner-no-mp4
260,260,Duolingo,AR01320432650854334465,Duolingo Inc,United States,IN,CR08840752513058603009,https://adstransparency.google.com/advertiser/AR01320432650854334465/creative/CR08840752513058603009?region=IN,YouTubeVideo,2026-07-13,2356,2,5,Free Language Learning.,CATEGORY,,,,,,,,,,,00:00,2026-07-13,html5-banner-no-mp4
261,261,Duolingo,AR01320432650854334465,Duolingo Inc,United States,IN,CR08840752513058603009,https://adstransparency.google.com/advertiser/AR01320432650854334465/creative/CR08840752513058603009?region=IN,YouTubeVideo,2026-07-13,2356,3,5,,,,,,,,,,,,,,2026-07-13,html5-banner-no-mp4
262,262,Duolingo,AR01320432650854334465,Duolingo Inc,United States,IN,CR08840752513058603009,https://adstransparency.google.com/advertiser/AR01320432650854334465/creative/CR08840752513058603009?region=IN,YouTubeVideo,2026-07-13,2356,4,5,,,,,,,,,,,,,,2026-07-13,html5-banner-no-mp4
263,263,Duolingo,AR01320432650854334465,Duolingo Inc,United States,IN,CR08869171658821206017,https://adstransparency.google.com/advertiser/AR01320432650854334465/creative/CR08869171658821206017?region=IN,Image,2026-05-02,2356,0,3,,,,,,,,,,,,https://tpc.googlesyndication.com/archive/simgad/8559912147367152349,,2026-07-13,
264,264,Duolingo,AR01320432650854334465,Duolingo Inc,United States,IN,CR08869171658821206017,https://adstransparency.google.com/advertiser/AR01320432650854334465/creative/CR08869171658821206017?region=IN,Image,2026-05-02,2356,1,3,,,,,,,,,,,,https://tpc.googlesyndication.com/archive/simgad/4236516349021501385,,2026-07-13,
265,265,Duolingo,AR01320432650854334465,Duolingo Inc,United States,IN,CR08869171658821206017,https://adstransparency.google.com/advertiser/AR01320432650854334465/creative/CR08869171658821206017?region=IN,Image,2026-05-02,2356,2,3,,,,,,,,,,,,https://tpc.googlesyndication.com/archive/simgad/3092474358408043625,,2026-07-13,
266,266,Duolingo,AR01320432650854334465,Duolingo Inc,United States,IN,CR08903716596179009537,https://adstransparency.google.com/advertiser/AR01320432650854334465/creative/CR08903716596179009537?region=IN,Image,2026-07-13,2356,0,1,,,,,,,,,,,,https://tpc.googlesyndication.com/archive/simgad/2784694601261372858,,2026-07-13,
267,267,Duolingo,AR01320432650854334465,Duolingo Inc,United States,IN,CR08997587753587703809,https://adstransparency.google.com/advertiser/AR01320432650854334465/creative/CR08997587753587703809?region=IN,Image,2026-03-30,2356,0,2,,,,,,,,,,,,https://tpc.googlesyndication.com/archive/simgad/10691341243278220594,,2026-07-13,
268,268,Duolingo,AR01320432650854334465,Duolingo Inc,United States,IN,CR08997587753587703809,https://adstransparency.google.com/advertiser/AR01320432650854334465/creative/CR08997587753587703809?region=IN,Image,2026-03-30,2356,1,2,,,,,,,,,,,,https://tpc.googlesyndication.com/archive/simgad/10691341243278220594,,2026-07-13,
269,269,Duolingo,AR01320432650854334465,Duolingo Inc,United States,IN,CR09105497088912785409,https://adstransparency.google.com/advertiser/AR01320432650854334465/creative/CR09105497088912785409?region=IN,Image,2026-03-29,2356,0,2,,,,,,,,,,,,https://tpc.googlesyndication.com/archive/simgad/15667147202332461989,,2026-07-13,
270,270,Duolingo,AR01320432650854334465,Duolingo Inc,United States,IN,CR09105497088912785409,https://adstransparency.google.com/advertiser/AR01320432650854334465/creative/CR09105497088912785409?region=IN,Image,2026-03-29,2356,1,2,,,,,,,,,,,,https://tpc.googlesyndication.com/archive/simgad/15667147202332461989,,2026-07-13,
271,271,Duolingo,AR01320432650854334465,Duolingo Inc,United States,IN,CR09139973409873068033,https://adstransparency.google.com/advertiser/AR01320432650854334465/creative/CR09139973409873068033?region=IN,Image,2026-03-27,2356,0,1,,,,,,,,,,,,https://tpc.googlesyndication.com/archive/simgad/9283506693930866938,,2026-07-13,
272,272,Duolingo,AR01320432650854334465,Duolingo Inc,United States,IN,CR09257889426292342785,https://adstransparency.google.com/advertiser/AR01320432650854334465/creative/CR09257889426292342785?region=IN,YouTubeVideo,2026-07-01,"2380,2100,2620,2504,2528,2356,2276,2792,2682,2642,2275,2724,2422,2348,2400,2368,2250,2688,2818,2376,2050,2300",0,4,,,,,,,,,,,,,,2026-07-13,html5-banner-no-mp4
273,273,Duolingo,AR01320432650854334465,Duolingo Inc,United States,IN,CR09257889426292342785,https://adstransparency.google.com/advertiser/AR01320432650854334465/creative/CR09257889426292342785?region=IN,YouTubeVideo,2026-07-01,"2380,2100,2620,2504,2528,2356,2276,2792,2682,2642,2275,2724,2422,2348,2400,2368,2250,2688,2818,2376,2050,2300",1,4,,,,,,,,,,,,,,2026-07-13,html5-banner-no-mp4
274,274,Duolingo,AR01320432650854334465,Duolingo Inc,United States,IN,CR09257889426292342785,https://adstransparency.google.com/advertiser/AR01320432650854334465/creative/CR09257889426292342785?region=IN,YouTubeVideo,2026-07-01,"2380,2100,2620,2504,2528,2356,2276,2792,2682,2642,2275,2724,2422,2348,2400,2368,2250,2688,2818,2376,2050,2300",2,4,,,,,,,,,,,,,,2026-07-13,html5-banner-no-mp4
275,275,Duolingo,AR01320432650854334465,Duolingo Inc,United States,IN,CR09257889426292342785,https://adstransparency.google.com/advertiser/AR01320432650854334465/creative/CR09257889426292342785?region=IN,YouTubeVideo,2026-07-01,"2380,2100,2620,2504,2528,2356,2276,2792,2682,2642,2275,2724,2422,2348,2400,2368,2250,2688,2818,2376,2050,2300",3,4,,,,,,,,,,,,,,2026-07-13,html5-banner-no-mp4
276,276,Duolingo,AR01320432650854334465,Duolingo Inc,United States,IN,CR09322502983012843521,https://adstransparency.google.com/advertiser/AR01320432650854334465/creative/CR09322502983012843521?region=IN,Image,2026-07-12,2356,0,3,,,,,,,,,,,,https://tpc.googlesyndication.com/archive/simgad/5817639785569458391,,2026-07-13,
277,277,Duolingo,AR01320432650854334465,Duolingo Inc,United States,IN,CR09322502983012843521,https://adstransparency.google.com/advertiser/AR01320432650854334465/creative/CR09322502983012843521?region=IN,Image,2026-07-12,2356,1,3,,,,,,,,,,,,https://tpc.googlesyndication.com/archive/simgad/2931700076008318148,,2026-07-13,
278,278,Duolingo,AR01320432650854334465,Duolingo Inc,United States,IN,CR09322502983012843521,https://adstransparency.google.com/advertiser/AR01320432650854334465/creative/CR09322502983012843521?region=IN,Image,2026-07-12,2356,2,3,,,,,,,,,,,,https://tpc.googlesyndication.com/archive/simgad/8551589676872099493,,2026-07-13,
279,279,Duolingo,AR01320432650854334465,Duolingo Inc,United States,IN,CR09323993714621677569,https://adstransparency.google.com/advertiser/AR01320432650854334465/creative/CR09323993714621677569?region=IN,Image,2026-07-13,2356,0,2,,,,,,,,,,,,https://tpc.googlesyndication.com/archive/simgad/5354579064218797903,,2026-07-13,
280,280,Duolingo,AR01320432650854334465,Duolingo Inc,United States,IN,CR09323993714621677569,https://adstransparency.google.com/advertiser/AR01320432650854334465/creative/CR09323993714621677569?region=IN,Image,2026-07-13,2356,1,2,,,,,,,,,,,,https://tpc.googlesyndication.com/archive/simgad/5354579064218797903,,2026-07-13,
281,281,Duolingo,AR01320432650854334465,Duolingo Inc,United States,IN,CR09402136117676867585,https://adstransparency.google.com/advertiser/AR01320432650854334465/creative/CR09402136117676867585?region=IN,YouTubeVideo,2026-07-13,"2528,2356,2764,2418,2752,2616,2724,2642",0,4,,,,,,,,,,,,,00:00,2026-07-13,html5-banner-no-mp4
282,282,Duolingo,AR01320432650854334465,Duolingo Inc,United States,IN,CR09402136117676867585,https://adstransparency.google.com/advertiser/AR01320432650854334465/creative/CR09402136117676867585?region=IN,YouTubeVideo,2026-07-13,"2528,2356,2764,2418,2752,2616,2724,2642",1,4,,,,,,,,,,,,,00:00,2026-07-13,html5-banner-no-mp4
283,283,Duolingo,AR01320432650854334465,Duolingo Inc,United States,IN,CR09402136117676867585,https://adstransparency.google.com/advertiser/AR01320432650854334465/creative/CR09402136117676867585?region=IN,YouTubeVideo,2026-07-13,"2528,2356,2764,2418,2752,2616,2724,2642",2,4,,,,,,,,,,,,,00:00,2026-07-13,html5-banner-no-mp4
284,284,Duolingo,AR01320432650854334465,Duolingo Inc,United States,IN,CR09402136117676867585,https://adstransparency.google.com/advertiser/AR01320432650854334465/creative/CR09402136117676867585?region=IN,YouTubeVideo,2026-07-13,"2528,2356,2764,2418,2752,2616,2724,2642",3,4,,,,,,,,,,,,,,2026-07-13,html5-banner-no-mp4
285,285,Duolingo,AR01320432650854334465,Duolingo Inc,United States,IN,CR09524829142751641601,https://adstransparency.google.com/advertiser/AR01320432650854334465/creative/CR09524829142751641601?region=IN,Image,2026-03-27,2356,0,1,,,,,,,,,,,,https://tpc.googlesyndication.com/archive/sadbundle/$csp%3Darchive$/16033070151139997345/index.html,,2026-07-13,
286,286,Duolingo,AR01320432650854334465,Duolingo Inc,United States,IN,CR09613772203145297921,https://adstransparency.google.com/advertiser/AR01320432650854334465/creative/CR09613772203145297921?region=IN,Image,2026-05-23,2356,0,3,,,,,,,,,,,,https://tpc.googlesyndication.com/archive/simgad/13053518912027843026,,2026-07-13,
287,287,Duolingo,AR01320432650854334465,Duolingo Inc,United States,IN,CR09613772203145297921,https://adstransparency.google.com/advertiser/AR01320432650854334465/creative/CR09613772203145297921?region=IN,Image,2026-05-23,2356,1,3,,,,,,,,,,,,https://tpc.googlesyndication.com/archive/simgad/13979657441383328104,,2026-07-13,
288,288,Duolingo,AR01320432650854334465,Duolingo Inc,United States,IN,CR09613772203145297921,https://adstransparency.google.com/advertiser/AR01320432650854334465/creative/CR09613772203145297921?region=IN,Image,2026-05-23,2356,2,3,,,,,,,,,,,,https://tpc.googlesyndication.com/archive/simgad/10418473711029629179,,2026-07-13,
289,289,Duolingo,AR01320432650854334465,Duolingo Inc,United States,IN,CR09697229533740007425,https://adstransparency.google.com/advertiser/AR01320432650854334465/creative/CR09697229533740007425?region=IN,Image,2026-05-02,2356,0,3,,,,,,,,,,,,https://tpc.googlesyndication.com/archive/simgad/15365229416038531424,,2026-07-13,
290,290,Duolingo,AR01320432650854334465,Duolingo Inc,United States,IN,CR09697229533740007425,https://adstransparency.google.com/advertiser/AR01320432650854334465/creative/CR09697229533740007425?region=IN,Image,2026-05-02,2356,1,3,,,,,,,,,,,,https://tpc.googlesyndication.com/archive/simgad/8875029597054644198,,2026-07-13,
291,291,Duolingo,AR01320432650854334465,Duolingo Inc,United States,IN,CR09697229533740007425,https://adstransparency.google.com/advertiser/AR01320432650854334465/creative/CR09697229533740007425?region=IN,Image,2026-05-02,2356,2,3,,,,,,,,,,,,https://tpc.googlesyndication.com/archive/simgad/3719225391741056921,,2026-07-13,
292,292,Duolingo,AR01320432650854334465,Duolingo Inc,United States,IN,CR09846282628536205313,https://adstransparency.google.com/advertiser/AR01320432650854334465/creative/CR09846282628536205313?region=IN,Image,2026-05-21,2356,0,3,,,,,,,,,,,,https://tpc.googlesyndication.com/archive/simgad/13760188840269612832,,2026-07-13,
293,293,Duolingo,AR01320432650854334465,Duolingo Inc,United States,IN,CR09846282628536205313,https://adstransparency.google.com/advertiser/AR01320432650854334465/creative/CR09846282628536205313?region=IN,Image,2026-05-21,2356,1,3,,,,,,,,,,,,https://tpc.googlesyndication.com/archive/simgad/9226078838136319125,,2026-07-13,
294,294,Duolingo,AR01320432650854334465,Duolingo Inc,United States,IN,CR09846282628536205313,https://adstransparency.google.com/advertiser/AR01320432650854334465/creative/CR09846282628536205313?region=IN,Image,2026-05-21,2356,2,3,,,,,,,,,,,,https://tpc.googlesyndication.com/archive/simgad/3319097473904963729,,2026-07-13,
295,295,Duolingo,AR01320432650854334465,Duolingo Inc,United States,IN,CR09890420641637597185,https://adstransparency.google.com/advertiser/AR01320432650854334465/creative/CR09890420641637597185?region=IN,YouTubeVideo,2026-07-13,"2276,2356,2840,2724,2578,2250,2040,2616,2826,2050,2246,2528,2702,2752,2642,2442",0,3,ভাষা শেখার বিশ্বসেরা অ্যাপে শিখে ফেলুন যে কোনও ভাষা - একদম বিনা মূল্যে,ইনস্টল করুন,,,,,,,,,,,00:00,2026-07-13,html5-banner-no-mp4
296,296,Duolingo,AR01320432650854334465,Duolingo Inc,United States,IN,CR09890420641637597185,https://adstransparency.google.com/advertiser/AR01320432650854334465/creative/CR09890420641637597185?region=IN,YouTubeVideo,2026-07-13,"2276,2356,2840,2724,2578,2250,2040,2616,2826,2050,2246,2528,2702,2752,2642,2442",1,3,বিনা মূল্যে শিখুন ৪০টি ভাষা,ডাউনলোডগুলি,,,,,,,,,,,00:00,2026-07-13,html5-banner-no-mp4
297,297,Duolingo,AR01320432650854334465,Duolingo Inc,United States,IN,CR09890420641637597185,https://adstransparency.google.com/advertiser/AR01320432650854334465/creative/CR09890420641637597185?region=IN,YouTubeVideo,2026-07-13,"2276,2356,2840,2724,2578,2250,2040,2616,2826,2050,2246,2528,2702,2752,2642,2442",2,3,ভাষা শেখার বিশ্বসেরা অ্যাপে শিখে ফেলুন যে কোনও ভাষা - একদম বিনা মূল্যে,ইনস্টল করুন,,,,,,,,,,,00:00,2026-07-13,html5-banner-no-mp4
298,298,Duolingo,AR01320432650854334465,Duolingo Inc,United States,IN,CR09976959662806794241,https://adstransparency.google.com/advertiser/AR01320432650854334465/creative/CR09976959662806794241?region=IN,YouTubeVideo,2026-03-29,2356,0,1,,,,,,,,,,,,,,2026-07-13,html5-banner-no-mp4
299,299,Duolingo,AR01320432650854334465,Duolingo Inc,United States,IN,CR10049201622610870273,https://adstransparency.google.com/advertiser/AR01320432650854334465/creative/CR10049201622610870273?region=IN,YouTubeVideo,2026-06-01,"2276,2578,2528,2356,2642,2840,2756,2250,2056,2380,2040,2724,2616,2702",0,5,,,,,,,,,,,,,00:00,2026-07-13,html5-banner-no-mp4
300,300,Duolingo,AR01320432650854334465,Duolingo Inc,United States,IN,CR10049201622610870273,https://adstransparency.google.com/advertiser/AR01320432650854334465/creative/CR10049201622610870273?region=IN,YouTubeVideo,2026-06-01,"2276,2578,2528,2356,2642,2840,2756,2250,2056,2380,2040,2724,2616,2702",1,5,गेम की तरह भाषा सीखें,Category,,,,,,,,,,,00:00,2026-07-13,html5-banner-no-mp4
301,301,Duolingo,AR01320432650854334465,Duolingo Inc,United States,IN,CR10049201622610870273,https://adstransparency.google.com/advertiser/AR01320432650854334465/creative/CR10049201622610870273?region=IN,YouTubeVideo,2026-06-01,"2276,2578,2528,2356,2642,2840,2756,2250,2056,2380,2040,2724,2616,2702",2,5,"गेम की तरह भाषा सीखें. अभी आपकी इंग्लिश का लेवल चाहे कुछ भी हो, डुओलिंगो की मदद से आप इसे बेहतर बना सकते हैं",Category,,,,,,,,,,,00:00,2026-07-13,html5-banner-no-mp4
302,302,Duolingo,AR01320432650854334465,Duolingo Inc,United States,IN,CR10049201622610870273,https://adstransparency.google.com/advertiser/AR01320432650854334465/creative/CR10049201622610870273?region=IN,YouTubeVideo,2026-06-01,"2276,2578,2528,2356,2642,2840,2756,2250,2056,2380,2040,2724,2616,2702",3,5,इंस्टॉल करें,,,,,,,,,,,,00:00,2026-07-13,html5-banner-no-mp4
303,303,Duolingo,AR01320432650854334465,Duolingo Inc,United States,IN,CR10049201622610870273,https://adstransparency.google.com/advertiser/AR01320432650854334465/creative/CR10049201622610870273?region=IN,YouTubeVideo,2026-06-01,"2276,2578,2528,2356,2642,2840,2756,2250,2056,2380,2040,2724,2616,2702",4,5,,,,,,,,,,,,,,2026-07-13,html5-banner-no-mp4
304,304,Duolingo,AR01320432650854334465,Duolingo Inc,United States,IN,CR10134121578548428801,https://adstransparency.google.com/advertiser/AR01320432650854334465/creative/CR10134121578548428801?region=IN,YouTubeVideo,2026-05-06,2356,0,4,,,,,,,,,,,,,,2026-07-13,html5-banner-no-mp4
305,305,Duolingo,AR01320432650854334465,Duolingo Inc,United States,IN,CR10134121578548428801,https://adstransparency.google.com/advertiser/AR01320432650854334465/creative/CR10134121578548428801?region=IN,YouTubeVideo,2026-05-06,2356,1,4,,,,,,,,,,,,,,2026-07-13,html5-banner-no-mp4
306,306,Duolingo,AR01320432650854334465,Duolingo Inc,United States,IN,CR10134121578548428801,https://adstransparency.google.com/advertiser/AR01320432650854334465/creative/CR10134121578548428801?region=IN,YouTubeVideo,2026-05-06,2356,2,4,,,,,,,,,,,,,,2026-07-13,html5-banner-no-mp4
307,307,Duolingo,AR01320432650854334465,Duolingo Inc,United States,IN,CR10134121578548428801,https://adstransparency.google.com/advertiser/AR01320432650854334465/creative/CR10134121578548428801?region=IN,YouTubeVideo,2026-05-06,2356,3,4,,,,,,,,,,,,,,2026-07-13,html5-banner-no-mp4
308,308,Duolingo,AR01320432650854334465,Duolingo Inc,United States,IN,CR10293516336118104065,https://adstransparency.google.com/advertiser/AR01320432650854334465/creative/CR10293516336118104065?region=IN,Image,2026-07-12,2356,0,1,,,,,,,,,,,,https://tpc.googlesyndication.com/archive/simgad/16658009177539912947,,2026-07-13,
309,309,Duolingo,AR01320432650854334465,Duolingo Inc,United States,IN,CR10331997937420206081,https://adstransparency.google.com/advertiser/AR01320432650854334465/creative/CR10331997937420206081?region=IN,YouTubeVideo,2026-07-01,"2688,2040,2724,2196,2348,2792,2380,2276,2372,2356,2804,2642,2376,2050,2300,2524,2100,2586,2620,2616,2250,2056,2528",0,4,,,,,,,,,,,,,,2026-07-13,html5-banner-no-mp4
310,310,Duolingo,AR01320432650854334465,Duolingo Inc,United States,IN,CR10331997937420206081,https://adstransparency.google.com/advertiser/AR01320432650854334465/creative/CR10331997937420206081?region=IN,YouTubeVideo,2026-07-01,"2688,2040,2724,2196,2348,2792,2380,2276,2372,2356,2804,2642,2376,2050,2300,2524,2100,2586,2620,2616,2250,2056,2528",1,4,"Learn a language anytime, anywhere",,,,,,,,,,,,00:00,2026-07-13,html5-banner-no-mp4
311,311,Duolingo,AR01320432650854334465,Duolingo Inc,United States,IN,CR10331997937420206081,https://adstransparency.google.com/advertiser/AR01320432650854334465/creative/CR10331997937420206081?region=IN,YouTubeVideo,2026-07-01,"2688,2040,2724,2196,2348,2792,2380,2276,2372,2356,2804,2642,2376,2050,2300,2524,2100,2586,2620,2616,2250,2056,2528",2,4,,,,,,,,,,,,,,2026-07-13,html5-banner-no-mp4
312,312,Duolingo,AR01320432650854334465,Duolingo Inc,United States,IN,CR10331997937420206081,https://adstransparency.google.com/advertiser/AR01320432650854334465/creative/CR10331997937420206081?region=IN,YouTubeVideo,2026-07-01,"2688,2040,2724,2196,2348,2792,2380,2276,2372,2356,2804,2642,2376,2050,2300,2524,2100,2586,2620,2616,2250,2056,2528",3,4,,,,,,,,,,,,,,2026-07-13,html5-banner-no-mp4
313,313,Duolingo,AR01320432650854334465,Duolingo Inc,United States,IN,CR10337104593405607937,https://adstransparency.google.com/advertiser/AR01320432650854334465/creative/CR10337104593405607937,Unknown,,,0,1,,,,,,,,,,,,,,2026-07-13,detail-fetch: HTTPError
314,314,Duolingo,AR01320432650854334465,Duolingo Inc,United States,IN,CR10464658688235798529,https://adstransparency.google.com/advertiser/AR01320432650854334465/creative/CR10464658688235798529?region=IN,YouTubeVideo,2026-05-21,"2616,2642,2528,2356,2578,2380,2276,2250",0,3,ভাষা শেখায় #১ অ্যাপ,ডাউনলোডগুলি,,,,,,,,,,,00:00,2026-07-13,html5-banner-no-mp4
315,315,Duolingo,AR01320432650854334465,Duolingo Inc,United States,IN,CR10464658688235798529,https://adstransparency.google.com/advertiser/AR01320432650854334465/creative/CR10464658688235798529?region=IN,YouTubeVideo,2026-05-21,"2616,2642,2528,2356,2578,2380,2276,2250",1,3,ইনস্টল করুন,,,,,,,,,,,,00:00,2026-07-13,html5-banner-no-mp4
316,316,Duolingo,AR01320432650854334465,Duolingo Inc,United States,IN,CR10464658688235798529,https://adstransparency.google.com/advertiser/AR01320432650854334465/creative/CR10464658688235798529?region=IN,YouTubeVideo,2026-05-21,"2616,2642,2528,2356,2578,2380,2276,2250",2,3,ভাষা শেখায় #১ অ্যাপ,ডাউনলোডগুলি,,,,,,,,,,,00:00,2026-07-13,html5-banner-no-mp4
317,317,Duolingo,AR01320432650854334465,Duolingo Inc,United States,IN,CR10509336174999371777,https://adstransparency.google.com/advertiser/AR01320432650854334465/creative/CR10509336174999371777?region=IN,YouTubeVideo,2026-07-13,2356,0,5,,,,,,,,,,,,,00:00,2026-07-13,html5-banner-no-mp4
318,318,Duolingo,AR01320432650854334465,Duolingo Inc,United States,IN,CR10509336174999371777,https://adstransparency.google.com/advertiser/AR01320432650854334465/creative/CR10509336174999371777?region=IN,YouTubeVideo,2026-07-13,2356,1,5,,,,,,,,,,,,,,2026-07-13,html5-banner-no-mp4
319,319,Duolingo,AR01320432650854334465,Duolingo Inc,United States,IN,CR10509336174999371777,https://adstransparency.google.com/advertiser/AR01320432650854334465/creative/CR10509336174999371777?region=IN,YouTubeVideo,2026-07-13,2356,2,5,इंग्लिश सीखने का नंबर 1 ऐप,Category,,,,,,,,,,,00:00,2026-07-13,html5-banner-no-mp4
320,320,Duolingo,AR01320432650854334465,Duolingo Inc,United States,IN,CR10509336174999371777,https://adstransparency.google.com/advertiser/AR01320432650854334465/creative/CR10509336174999371777?region=IN,YouTubeVideo,2026-07-13,2356,3,5,,,,,,,,,,,,,,2026-07-13,html5-banner-no-mp4
321,321,Duolingo,AR01320432650854334465,Duolingo Inc,United States,IN,CR10509336174999371777,https://adstransparency.google.com/advertiser/AR01320432650854334465/creative/CR10509336174999371777?region=IN,YouTubeVideo,2026-07-13,2356,4,5,,,,,,,,,,,,,,2026-07-13,html5-banner-no-mp4
322,322,Duolingo,AR01320432650854334465,Duolingo Inc,United States,IN,CR10768944889090539521,https://adstransparency.google.com/advertiser/AR01320432650854334465/creative/CR10768944889090539521?region=IN,Image,2026-07-13,2356,0,2,,,,,,,,,,,,https://tpc.googlesyndication.com/archive/simgad/11799870017196499685,,2026-07-13,
323,323,Duolingo,AR01320432650854334465,Duolingo Inc,United States,IN,CR10768944889090539521,https://adstransparency.google.com/advertiser/AR01320432650854334465/creative/CR10768944889090539521?region=IN,Image,2026-07-13,2356,1,2,,,,,,,,,,,,https://tpc.googlesyndication.com/archive/simgad/11799870017196499685,,2026-07-13,
324,324,Duolingo,AR01320432650854334465,Duolingo Inc,United States,IN,CR10807972672793739265,https://adstransparency.google.com/advertiser/AR01320432650854334465/creative/CR10807972672793739265?region=IN,YouTubeVideo,2026-07-13,2356,0,5,,,,,,,,,,,,,,2026-07-13,html5-banner-no-mp4
325,325,Duolingo,AR01320432650854334465,Duolingo Inc,United States,IN,CR10807972672793739265,https://adstransparency.google.com/advertiser/AR01320432650854334465/creative/CR10807972672793739265?region=IN,YouTubeVideo,2026-07-13,2356,1,5,,,,,,,,,,,,,,2026-07-13,html5-banner-no-mp4
326,326,Duolingo,AR01320432650854334465,Duolingo Inc,United States,IN,CR10807972672793739265,https://adstransparency.google.com/advertiser/AR01320432650854334465/creative/CR10807972672793739265?region=IN,YouTubeVideo,2026-07-13,2356,2,5,,,,,,,,,,,,,00:00,2026-07-13,html5-banner-no-mp4
327,327,Duolingo,AR01320432650854334465,Duolingo Inc,United States,IN,CR10807972672793739265,https://adstransparency.google.com/advertiser/AR01320432650854334465/creative/CR10807972672793739265?region=IN,YouTubeVideo,2026-07-13,2356,3,5,,,,,,,,,,,,,,2026-07-13,html5-banner-no-mp4
328,328,Duolingo,AR01320432650854334465,Duolingo Inc,United States,IN,CR10807972672793739265,https://adstransparency.google.com/advertiser/AR01320432650854334465/creative/CR10807972672793739265?region=IN,YouTubeVideo,2026-07-13,2356,4,5,,,,,,,,,,,,,,2026-07-13,html5-banner-no-mp4
329,329,Duolingo,AR01320432650854334465,Duolingo Inc,United States,IN,CR10900726726388613121,https://adstransparency.google.com/advertiser/AR01320432650854334465/creative/CR10900726726388613121?region=IN,Image,2026-03-23,2356,0,1,,,,,,,,,,,,https://tpc.googlesyndication.com/archive/sadbundle/$csp%3Darchive$/6786966635708847647/index.html,,2026-07-13,
330,330,Duolingo,AR01320432650854334465,Duolingo Inc,United States,IN,CR10906009665011712001,https://adstransparency.google.com/advertiser/AR01320432650854334465/creative/CR10906009665011712001?region=IN,YouTubeVideo,2026-04-01,"2140,2136,2308,2694,2624,2531,2598,2535,2534,2180,2048,2788,2512,2686,2716,2850,2092,2368,2266,2422,2626,2583,2533,2120,2466,2356,2312,2540,2384,2108,2104,2887,2016,2496,2064,2670,2652,2086,2474,2238,2144,2634,2768,2666,2231,2174,2504,2204,2400,2740,2548,2175,2024,2288,2004,2796,2414,2458,2678,2012,2388,2710,2500,2434,2426,2242,2296,2586,2478,2328,2212,2516,2332,2784,2834,2052,2450,2262,2818,2876,2566,2520,2654,2660,2800,2584,2258,2462,2096,2524,2854,2316,2480,2232,2270,2894,2580,2508,2682,2585,2324,2454,2646,2132,2044,2690,2184,2882,2776,2780,2060,2736,2404,2028,2116,2706,2090,2148,2072,2662,2659,2663",0,4,Improve your English and grow your career for free,,,,,,,,,,,,00:00,2026-07-13,html5-banner-no-mp4
331,331,Duolingo,AR01320432650854334465,Duolingo Inc,United States,IN,CR10906009665011712001,https://adstransparency.google.com/advertiser/AR01320432650854334465/creative/CR10906009665011712001?region=IN,YouTubeVideo,2026-04-01,"2140,2136,2308,2694,2624,2531,2598,2535,2534,2180,2048,2788,2512,2686,2716,2850,2092,2368,2266,2422,2626,2583,2533,2120,2466,2356,2312,2540,2384,2108,2104,2887,2016,2496,2064,2670,2652,2086,2474,2238,2144,2634,2768,2666,2231,2174,2504,2204,2400,2740,2548,2175,2024,2288,2004,2796,2414,2458,2678,2012,2388,2710,2500,2434,2426,2242,2296,2586,2478,2328,2212,2516,2332,2784,2834,2052,2450,2262,2818,2876,2566,2520,2654,2660,2800,2584,2258,2462,2096,2524,2854,2316,2480,2232,2270,2894,2580,2508,2682,2585,2324,2454,2646,2132,2044,2690,2184,2882,2776,2780,2060,2736,2404,2028,2116,2706,2090,2148,2072,2662,2659,2663",1,4,Improve your Everyday English,CATEGORY,,,,,,,,,,,00:00,2026-07-13,html5-banner-no-mp4
332,332,Duolingo,AR01320432650854334465,Duolingo Inc,United States,IN,CR10906009665011712001,https://adstransparency.google.com/advertiser/AR01320432650854334465/creative/CR10906009665011712001?region=IN,YouTubeVideo,2026-04-01,"2140,2136,2308,2694,2624,2531,2598,2535,2534,2180,2048,2788,2512,2686,2716,2850,2092,2368,2266,2422,2626,2583,2533,2120,2466,2356,2312,2540,2384,2108,2104,2887,2016,2496,2064,2670,2652,2086,2474,2238,2144,2634,2768,2666,2231,2174,2504,2204,2400,2740,2548,2175,2024,2288,2004,2796,2414,2458,2678,2012,2388,2710,2500,2434,2426,2242,2296,2586,2478,2328,2212,2516,2332,2784,2834,2052,2450,2262,2818,2876,2566,2520,2654,2660,2800,2584,2258,2462,2096,2524,2854,2316,2480,2232,2270,2894,2580,2508,2682,2585,2324,2454,2646,2132,2044,2690,2184,2882,2776,2780,2060,2736,2404,2028,2116,2706,2090,2148,2072,2662,2659,2663",2,4,,,,,,,,,,,,,,2026-07-13,html5-banner-no-mp4
333,333,Duolingo,AR01320432650854334465,Duolingo Inc,United States,IN,CR10906009665011712001,https://adstransparency.google.com/advertiser/AR01320432650854334465/creative/CR10906009665011712001?region=IN,YouTubeVideo,2026-04-01,"2140,2136,2308,2694,2624,2531,2598,2535,2534,2180,2048,2788,2512,2686,2716,2850,2092,2368,2266,2422,2626,2583,2533,2120,2466,2356,2312,2540,2384,2108,2104,2887,2016,2496,2064,2670,2652,2086,2474,2238,2144,2634,2768,2666,2231,2174,2504,2204,2400,2740,2548,2175,2024,2288,2004,2796,2414,2458,2678,2012,2388,2710,2500,2434,2426,2242,2296,2586,2478,2328,2212,2516,2332,2784,2834,2052,2450,2262,2818,2876,2566,2520,2654,2660,2800,2584,2258,2462,2096,2524,2854,2316,2480,2232,2270,2894,2580,2508,2682,2585,2324,2454,2646,2132,2044,2690,2184,2882,2776,2780,2060,2736,2404,2028,2116,2706,2090,2148,2072,2662,2659,2663",3,4,,,,,,,,,,,,,,2026-07-13,html5-banner-no-mp4
334,334,Duolingo,AR01320432650854334465,Duolingo Inc,United States,IN,CR10946004099824353281,https://adstransparency.google.com/advertiser/AR01320432650854334465/creative/CR10946004099824353281?region=IN,YouTubeVideo,2026-04-01,"2124,2356,2484,2752,2372,2380,2276,2348,2724,2056,2203,2352,2250,2040,2528,2840,2616,2620,2300,2208",0,4,,,,,,,,,,,,,00:00,2026-07-13,html5-banner-no-mp4
335,335,Duolingo,AR01320432650854334465,Duolingo Inc,United States,IN,CR10946004099824353281,https://adstransparency.google.com/advertiser/AR01320432650854334465/creative/CR10946004099824353281?region=IN,YouTubeVideo,2026-04-01,"2124,2356,2484,2752,2372,2380,2276,2348,2724,2056,2203,2352,2250,2040,2528,2840,2616,2620,2300,2208",1,4,,,,,,,,,,,,,00:00,2026-07-13,html5-banner-no-mp4
336,336,Duolingo,AR01320432650854334465,Duolingo Inc,United States,IN,CR10946004099824353281,https://adstransparency.google.com/advertiser/AR01320432650854334465/creative/CR10946004099824353281?region=IN,YouTubeVideo,2026-04-01,"2124,2356,2484,2752,2372,2380,2276,2348,2724,2056,2203,2352,2250,2040,2528,2840,2616,2620,2300,2208",2,4,,,,,,,,,,,,,00:00,2026-07-13,html5-banner-no-mp4
337,337,Duolingo,AR01320432650854334465,Duolingo Inc,United States,IN,CR10946004099824353281,https://adstransparency.google.com/advertiser/AR01320432650854334465/creative/CR10946004099824353281?region=IN,YouTubeVideo,2026-04-01,"2124,2356,2484,2752,2372,2380,2276,2348,2724,2056,2203,2352,2250,2040,2528,2840,2616,2620,2300,2208",3,4,,,,,,,,,,,,,,2026-07-13,html5-banner-no-mp4
338,338,Duolingo,AR01320432650854334465,Duolingo Inc,United States,IN,CR11014488306841812993,https://adstransparency.google.com/advertiser/AR01320432650854334465/creative/CR11014488306841812993?region=IN,YouTubeVideo,2026-04-08,2356,0,4,,,,,,,,,,,,,00:00,2026-07-13,html5-banner-no-mp4
339,339,Duolingo,AR01320432650854334465,Duolingo Inc,United States,IN,CR11014488306841812993,https://adstransparency.google.com/advertiser/AR01320432650854334465/creative/CR11014488306841812993?region=IN,YouTubeVideo,2026-04-08,2356,1,4,,,,,,,,,,,,,00:00,2026-07-13,html5-banner-no-mp4
340,340,Duolingo,AR01320432650854334465,Duolingo Inc,United States,IN,CR11014488306841812993,https://adstransparency.google.com/advertiser/AR01320432650854334465/creative/CR11014488306841812993?region=IN,YouTubeVideo,2026-04-08,2356,2,4,,,,,,,,,,,,,00:00,2026-07-13,html5-banner-no-mp4
341,341,Duolingo,AR01320432650854334465,Duolingo Inc,United States,IN,CR11014488306841812993,https://adstransparency.google.com/advertiser/AR01320432650854334465/creative/CR11014488306841812993?region=IN,YouTubeVideo,2026-04-08,2356,3,4,,,,,,,,,,,,,,2026-07-13,html5-banner-no-mp4
342,342,Duolingo,AR01320432650854334465,Duolingo Inc,United States,IN,CR11030900854348578817,https://adstransparency.google.com/advertiser/AR01320432650854334465/creative/CR11030900854348578817?region=IN,YouTubeVideo,2026-05-06,2356,0,4,,,,,,,,,,,,,,2026-07-13,html5-banner-no-mp4
343,343,Duolingo,AR01320432650854334465,Duolingo Inc,United States,IN,CR11030900854348578817,https://adstransparency.google.com/advertiser/AR01320432650854334465/creative/CR11030900854348578817?region=IN,YouTubeVideo,2026-05-06,2356,1,4,,,,,,,,,,,,,,2026-07-13,html5-banner-no-mp4
344,344,Duolingo,AR01320432650854334465,Duolingo Inc,United States,IN,CR11030900854348578817,https://adstransparency.google.com/advertiser/AR01320432650854334465/creative/CR11030900854348578817?region=IN,YouTubeVideo,2026-05-06,2356,2,4,,,,,,,,,,,,,,2026-07-13,html5-banner-no-mp4
345,345,Duolingo,AR01320432650854334465,Duolingo Inc,United States,IN,CR11030900854348578817,https://adstransparency.google.com/advertiser/AR01320432650854334465/creative/CR11030900854348578817?region=IN,YouTubeVideo,2026-05-06,2356,3,4,,,,,,,,,,,,,,2026-07-13,html5-banner-no-mp4
346,346,Duolingo,AR01320432650854334465,Duolingo Inc,United States,IN,CR11231224038909018113,https://adstransparency.google.com/advertiser/AR01320432650854334465/creative/CR11231224038909018113?region=IN,YouTubeVideo,2026-04-08,2356,0,4,,,,,,,,,,,,,00:00,2026-07-13,html5-banner-no-mp4
347,347,Duolingo,AR01320432650854334465,Duolingo Inc,United States,IN,CR11231224038909018113,https://adstransparency.google.com/advertiser/AR01320432650854334465/creative/CR11231224038909018113?region=IN,YouTubeVideo,2026-04-08,2356,1,4,,,,,,,,,,,,,00:00,2026-07-13,html5-banner-no-mp4
348,348,Duolingo,AR01320432650854334465,Duolingo Inc,United States,IN,CR11231224038909018113,https://adstransparency.google.com/advertiser/AR01320432650854334465/creative/CR11231224038909018113?region=IN,YouTubeVideo,2026-04-08,2356,2,4,,,,,,,,,,,,,00:00,2026-07-13,html5-banner-no-mp4
349,349,Duolingo,AR01320432650854334465,Duolingo Inc,United States,IN,CR11231224038909018113,https://adstransparency.google.com/advertiser/AR01320432650854334465/creative/CR11231224038909018113?region=IN,YouTubeVideo,2026-04-08,2356,3,4,,,,,,,,,,,,,,2026-07-13,html5-banner-no-mp4
350,350,Duolingo,AR01320432650854334465,Duolingo Inc,United States,IN,CR11265099055857926145,https://adstransparency.google.com/advertiser/AR01320432650854334465/creative/CR11265099055857926145?region=IN,Image,2026-07-12,"2586,2784,2218,2288,2724,2372,2356,2620,2032,2528,2616,2214,2124,2380,2524,2250,2056,2496,2840,2050,2818,2076,2642,2246,2276,2682,2040,2368,2764,2036,2826",0,1,,,,,,,,,,,,https://tpc.googlesyndication.com/archive/simgad/10824400548038605771,,2026-07-13,
351,351,Duolingo,AR01320432650854334465,Duolingo Inc,United States,IN,CR11527773569144586241,https://adstransparency.google.com/advertiser/AR01320432650854334465/creative/CR11527773569144586241?region=IN,Image,2026-03-23,2356,0,1,,,,,,,,,,,,https://tpc.googlesyndication.com/archive/simgad/5932389538289994144,,2026-07-13,
352,352,Duolingo,AR01320432650854334465,Duolingo Inc,United States,IN,CR11570853560002281473,https://adstransparency.google.com/advertiser/AR01320432650854334465/creative/CR11570853560002281473?region=IN,YouTubeVideo,2026-04-01,"2388,2710,2434,2500,2296,2242,2426,2478,2834,2784,2586,2328,2332,2212,2052,2516,2450,2566,2876,2660,2462,2262,2524,2258,2818,2654,2316,2584,2480,2270,2800,2854,2096,2232,2508,2580,2894,2682,2585,2324,2646,2184,2132,2690,2454,2044,2882,2060,2780,2776,2736,2404,2090,2148,2028,2116,2706,2659,2663,2072,2308,2662,2624,2694,2140,2598,2136,2534,2531,2180,2535,2716,2512,2788,2686,2048,2266,2850,2368,2092,2422,2626,2312,2466,2356,2583,2120,2533,2108,2104,2384,2016,2540,2670,2064,2887,2238,2496,2086,2474,2768,2144,2634,2175,2204,2504,2231,2174,2024,2740,2548,2400,2414,2796,2288,2004,2458,2012,2678",0,5,,,,,,,,,,,,,,2026-07-13,html5-banner-no-mp4
353,353,Duolingo,AR01320432650854334465,Duolingo Inc,United States,IN,CR11570853560002281473,https://adstransparency.google.com/advertiser/AR01320432650854334465/creative/CR11570853560002281473?region=IN,YouTubeVideo,2026-04-01,"2388,2710,2434,2500,2296,2242,2426,2478,2834,2784,2586,2328,2332,2212,2052,2516,2450,2566,2876,2660,2462,2262,2524,2258,2818,2654,2316,2584,2480,2270,2800,2854,2096,2232,2508,2580,2894,2682,2585,2324,2646,2184,2132,2690,2454,2044,2882,2060,2780,2776,2736,2404,2090,2148,2028,2116,2706,2659,2663,2072,2308,2662,2624,2694,2140,2598,2136,2534,2531,2180,2535,2716,2512,2788,2686,2048,2266,2850,2368,2092,2422,2626,2312,2466,2356,2583,2120,2533,2108,2104,2384,2016,2540,2670,2064,2887,2238,2496,2086,2474,2768,2144,2634,2175,2204,2504,2231,2174,2024,2740,2548,2400,2414,2796,2288,2004,2458,2012,2678",1,5,,,,,,,,,,,,,00:00,2026-07-13,html5-banner-no-mp4
354,354,Duolingo,AR01320432650854334465,Duolingo Inc,United States,IN,CR11570853560002281473,https://adstransparency.google.com/advertiser/AR01320432650854334465/creative/CR11570853560002281473?region=IN,YouTubeVideo,2026-04-01,"2388,2710,2434,2500,2296,2242,2426,2478,2834,2784,2586,2328,2332,2212,2052,2516,2450,2566,2876,2660,2462,2262,2524,2258,2818,2654,2316,2584,2480,2270,2800,2854,2096,2232,2508,2580,2894,2682,2585,2324,2646,2184,2132,2690,2454,2044,2882,2060,2780,2776,2736,2404,2090,2148,2028,2116,2706,2659,2663,2072,2308,2662,2624,2694,2140,2598,2136,2534,2531,2180,2535,2716,2512,2788,2686,2048,2266,2850,2368,2092,2422,2626,2312,2466,2356,2583,2120,2533,2108,2104,2384,2016,2540,2670,2064,2887,2238,2496,2086,2474,2768,2144,2634,2175,2204,2504,2231,2174,2024,2740,2548,2400,2414,2796,2288,2004,2458,2012,2678",2,5,,,,,,,,,,,,,,2026-07-13,html5-banner-no-mp4
355,355,Duolingo,AR01320432650854334465,Duolingo Inc,United States,IN,CR11570853560002281473,https://adstransparency.google.com/advertiser/AR01320432650854334465/creative/CR11570853560002281473?region=IN,YouTubeVideo,2026-04-01,"2388,2710,2434,2500,2296,2242,2426,2478,2834,2784,2586,2328,2332,2212,2052,2516,2450,2566,2876,2660,2462,2262,2524,2258,2818,2654,2316,2584,2480,2270,2800,2854,2096,2232,2508,2580,2894,2682,2585,2324,2646,2184,2132,2690,2454,2044,2882,2060,2780,2776,2736,2404,2090,2148,2028,2116,2706,2659,2663,2072,2308,2662,2624,2694,2140,2598,2136,2534,2531,2180,2535,2716,2512,2788,2686,2048,2266,2850,2368,2092,2422,2626,2312,2466,2356,2583,2120,2533,2108,2104,2384,2016,2540,2670,2064,2887,2238,2496,2086,2474,2768,2144,2634,2175,2204,2504,2231,2174,2024,2740,2548,2400,2414,2796,2288,2004,2458,2012,2678",3,5,,,,,,,,,,,,,,2026-07-13,html5-banner-no-mp4
356,356,Duolingo,AR01320432650854334465,Duolingo Inc,United States,IN,CR11570853560002281473,https://adstransparency.google.com/advertiser/AR01320432650854334465/creative/CR11570853560002281473?region=IN,YouTubeVideo,2026-04-01,"2388,2710,2434,2500,2296,2242,2426,2478,2834,2784,2586,2328,2332,2212,2052,2516,2450,2566,2876,2660,2462,2262,2524,2258,2818,2654,2316,2584,2480,2270,2800,2854,2096,2232,2508,2580,2894,2682,2585,2324,2646,2184,2132,2690,2454,2044,2882,2060,2780,2776,2736,2404,2090,2148,2028,2116,2706,2659,2663,2072,2308,2662,2624,2694,2140,2598,2136,2534,2531,2180,2535,2716,2512,2788,2686,2048,2266,2850,2368,2092,2422,2626,2312,2466,2356,2583,2120,2533,2108,2104,2384,2016,2540,2670,2064,2887,2238,2496,2086,2474,2768,2144,2634,2175,2204,2504,2231,2174,2024,2740,2548,2400,2414,2796,2288,2004,2458,2012,2678",4,5,,,,,,,,,,,,,,2026-07-13,html5-banner-no-mp4
357,357,Duolingo,AR01320432650854334465,Duolingo Inc,United States,IN,CR11947045081124438017,https://adstransparency.google.com/advertiser/AR01320432650854334465/creative/CR11947045081124438017?region=IN,Image,2026-03-23,2356,0,1,,,,,,,,,,,,https://tpc.googlesyndication.com/archive/simgad/2508736567262145616,,2026-07-13,
358,358,Duolingo,AR01320432650854334465,Duolingo Inc,United States,IN,CR12064062315507482625,https://adstransparency.google.com/advertiser/AR01320432650854334465/creative/CR12064062315507482625?region=IN,Image,2026-03-30,2356,0,3,,,,,,,,,,,,https://tpc.googlesyndication.com/archive/simgad/10516462269901776092,,2026-07-13,
359,359,Duolingo,AR01320432650854334465,Duolingo Inc,United States,IN,CR12064062315507482625,https://adstransparency.google.com/advertiser/AR01320432650854334465/creative/CR12064062315507482625?region=IN,Image,2026-03-30,2356,1,3,,,,,,,,,,,,https://tpc.googlesyndication.com/archive/simgad/1227798643724510935,,2026-07-13,
360,360,Duolingo,AR01320432650854334465,Duolingo Inc,United States,IN,CR12064062315507482625,https://adstransparency.google.com/advertiser/AR01320432650854334465/creative/CR12064062315507482625?region=IN,Image,2026-03-30,2356,2,3,,,,,,,,,,,,https://tpc.googlesyndication.com/archive/simgad/887118628747817850,,2026-07-13,
361,361,Duolingo,AR01320432650854334465,Duolingo Inc,United States,IN,CR12068207534473740289,https://adstransparency.google.com/advertiser/AR01320432650854334465/creative/CR12068207534473740289?region=IN,YouTubeVideo,2026-05-26,"2300,2380,2233,2442,2312,2356,2372,2196,2724,2056,2254,2752,2250,2705,2100,2703,2528,2470,2428,2620,2840,2191,2638,2440,2616,2642,2276,2474,2792,2826,2203,2352,2348,2512,2208,2175,2040",0,4,,,,,,,,,,,,,,2026-07-13,html5-banner-no-mp4
362,362,Duolingo,AR01320432650854334465,Duolingo Inc,United States,IN,CR12068207534473740289,https://adstransparency.google.com/advertiser/AR01320432650854334465/creative/CR12068207534473740289?region=IN,YouTubeVideo,2026-05-26,"2300,2380,2233,2442,2312,2356,2372,2196,2724,2056,2254,2752,2250,2705,2100,2703,2528,2470,2428,2620,2840,2191,2638,2440,2616,2642,2276,2474,2792,2826,2203,2352,2348,2512,2208,2175,2040",1,4,,,,,,,,,,,,,,2026-07-13,html5-banner-no-mp4
363,363,Duolingo,AR01320432650854334465,Duolingo Inc,United States,IN,CR12068207534473740289,https://adstransparency.google.com/advertiser/AR01320432650854334465/creative/CR12068207534473740289?region=IN,YouTubeVideo,2026-05-26,"2300,2380,2233,2442,2312,2356,2372,2196,2724,2056,2254,2752,2250,2705,2100,2703,2528,2470,2428,2620,2840,2191,2638,2440,2616,2642,2276,2474,2792,2826,2203,2352,2348,2512,2208,2175,2040",2,4,,,,,,,,,,,,,,2026-07-13,html5-banner-no-mp4
364,364,Duolingo,AR01320432650854334465,Duolingo Inc,United States,IN,CR12068207534473740289,https://adstransparency.google.com/advertiser/AR01320432650854334465/creative/CR12068207534473740289?region=IN,YouTubeVideo,2026-05-26,"2300,2380,2233,2442,2312,2356,2372,2196,2724,2056,2254,2752,2250,2705,2100,2703,2528,2470,2428,2620,2840,2191,2638,2440,2616,2642,2276,2474,2792,2826,2203,2352,2348,2512,2208,2175,2040",3,4,,,,,,,,,,,,,,2026-07-13,html5-banner-no-mp4
365,365,Duolingo,AR01320432650854334465,Duolingo Inc,United States,IN,CR12153520918005547009,https://adstransparency.google.com/advertiser/AR01320432650854334465/creative/CR12153520918005547009?region=IN,Image,2026-05-02,2356,0,3,,,,,,,,,,,,https://tpc.googlesyndication.com/archive/simgad/3728163203923629066,,2026-07-13,
366,366,Duolingo,AR01320432650854334465,Duolingo Inc,United States,IN,CR12153520918005547009,https://adstransparency.google.com/advertiser/AR01320432650854334465/creative/CR12153520918005547009?region=IN,Image,2026-05-02,2356,1,3,,,,,,,,,,,,https://tpc.googlesyndication.com/archive/simgad/2361240941396983310,,2026-07-13,
367,367,Duolingo,AR01320432650854334465,Duolingo Inc,United States,IN,CR12153520918005547009,https://adstransparency.google.com/advertiser/AR01320432650854334465/creative/CR12153520918005547009?region=IN,Image,2026-05-02,2356,2,3,,,,,,,,,,,,https://tpc.googlesyndication.com/archive/simgad/10253986127625670127,,2026-07-13,
368,368,Duolingo,AR01320432650854334465,Duolingo Inc,United States,IN,CR12262115145995517953,https://adstransparency.google.com/advertiser/AR01320432650854334465/creative/CR12262115145995517953?region=IN,Image,2026-03-30,2356,0,3,,,,,,,,,,,,https://tpc.googlesyndication.com/archive/simgad/940776593770290247,,2026-07-13,
369,369,Duolingo,AR01320432650854334465,Duolingo Inc,United States,IN,CR12262115145995517953,https://adstransparency.google.com/advertiser/AR01320432650854334465/creative/CR12262115145995517953?region=IN,Image,2026-03-30,2356,1,3,,,,,,,,,,,,https://tpc.googlesyndication.com/archive/simgad/16154287808865165729,,2026-07-13,
370,370,Duolingo,AR01320432650854334465,Duolingo Inc,United States,IN,CR12262115145995517953,https://adstransparency.google.com/advertiser/AR01320432650854334465/creative/CR12262115145995517953?region=IN,Image,2026-03-30,2356,2,3,,,,,,,,,,,,https://tpc.googlesyndication.com/archive/simgad/13966836584574926455,,2026-07-13,
371,371,Duolingo,AR01320432650854334465,Duolingo Inc,United States,IN,CR12267137577672245249,https://adstransparency.google.com/advertiser/AR01320432650854334465/creative/CR12267137577672245249?region=IN,Image,2026-05-21,2356,0,3,,,,,,,,,,,,https://tpc.googlesyndication.com/archive/simgad/12335626375236265761,,2026-07-13,
372,372,Duolingo,AR01320432650854334465,Duolingo Inc,United States,IN,CR12267137577672245249,https://adstransparency.google.com/advertiser/AR01320432650854334465/creative/CR12267137577672245249?region=IN,Image,2026-05-21,2356,1,3,,,,,,,,,,,,https://tpc.googlesyndication.com/archive/simgad/2731374156448389165,,2026-07-13,
373,373,Duolingo,AR01320432650854334465,Duolingo Inc,United States,IN,CR12267137577672245249,https://adstransparency.google.com/advertiser/AR01320432650854334465/creative/CR12267137577672245249?region=IN,Image,2026-05-21,2356,2,3,,,,,,,,,,,,https://tpc.googlesyndication.com/archive/simgad/13024811554019641653,,2026-07-13,
374,374,Duolingo,AR01320432650854334465,Duolingo Inc,United States,IN,CR12455594901465202689,https://adstransparency.google.com/advertiser/AR01320432650854334465/creative/CR12455594901465202689?region=IN,YouTubeVideo,2026-07-12,2356,0,4,,,,,,,,,,,,,,2026-07-13,html5-banner-no-mp4
375,375,Duolingo,AR01320432650854334465,Duolingo Inc,United States,IN,CR12455594901465202689,https://adstransparency.google.com/advertiser/AR01320432650854334465/creative/CR12455594901465202689?region=IN,YouTubeVideo,2026-07-12,2356,1,4,स्क्रॉल करना बंद - चेकमेट करना शुरू। डुओलिंगो के साथ मुफ़्त में शतरंज सीखें।,इंस्टॉल करें,,,,,,,,,,,00:00,2026-07-13,html5-banner-no-mp4
376,376,Duolingo,AR01320432650854334465,Duolingo Inc,United States,IN,CR12455594901465202689,https://adstransparency.google.com/advertiser/AR01320432650854334465/creative/CR12455594901465202689?region=IN,YouTubeVideo,2026-07-12,2356,2,4,,,,,,,,,,,,,,2026-07-13,html5-banner-no-mp4
377,377,Duolingo,AR01320432650854334465,Duolingo Inc,United States,IN,CR12455594901465202689,https://adstransparency.google.com/advertiser/AR01320432650854334465/creative/CR12455594901465202689?region=IN,YouTubeVideo,2026-07-12,2356,3,4,,,,,,,,,,,,,,2026-07-13,html5-banner-no-mp4
378,378,Duolingo,AR01320432650854334465,Duolingo Inc,United States,IN,CR12480928817600266241,https://adstransparency.google.com/advertiser/AR01320432650854334465/creative/CR12480928817600266241?region=IN,YouTubeVideo,2026-04-07,2356,0,4,Some controls cannot be shown due to the small ad.You can see it in fullscreen mode.,,,,,umdmuyKuSAo,https://www.youtube.com/watch?v=umdmuyKuSAo,,,,,,,2026-07-13,
379,379,Duolingo,AR01320432650854334465,Duolingo Inc,United States,IN,CR12480928817600266241,https://adstransparency.google.com/advertiser/AR01320432650854334465/creative/CR12480928817600266241?region=IN,YouTubeVideo,2026-04-07,2356,1,4,Some controls cannot be shown due to the small ad.You can see it in fullscreen mode.,,,,,b-dSx6z3ex0,https://www.youtube.com/watch?v=b-dSx6z3ex0,,,,,,,2026-07-13,
380,380,Duolingo,AR01320432650854334465,Duolingo Inc,United States,IN,CR12480928817600266241,https://adstransparency.google.com/advertiser/AR01320432650854334465/creative/CR12480928817600266241?region=IN,YouTubeVideo,2026-04-07,2356,2,4,Some controls cannot be shown due to the small ad.You can see it in fullscreen mode.,,,,,umdmuyKuSAo,https://www.youtube.com/watch?v=umdmuyKuSAo,,,,,,,2026-07-13,
381,381,Duolingo,AR01320432650854334465,Duolingo Inc,United States,IN,CR12480928817600266241,https://adstransparency.google.com/advertiser/AR01320432650854334465/creative/CR12480928817600266241?region=IN,YouTubeVideo,2026-04-07,2356,3,4,,,,,,,,,,,,,,2026-07-13,html5-banner-no-mp4
382,382,Duolingo,AR01320432650854334465,Duolingo Inc,United States,IN,CR12504227675151269889,https://adstransparency.google.com/advertiser/AR01320432650854334465/creative/CR12504227675151269889?region=IN,YouTubeVideo,2026-07-13,2356,0,3,,,,,,,,,,,,,,2026-07-13,html5-banner-no-mp4
383,383,Duolingo,AR01320432650854334465,Duolingo Inc,United States,IN,CR12504227675151269889,https://adstransparency.google.com/advertiser/AR01320432650854334465/creative/CR12504227675151269889?region=IN,YouTubeVideo,2026-07-13,2356,1,3,,,,,,,,,,,,,,2026-07-13,html5-banner-no-mp4
384,384,Duolingo,AR01320432650854334465,Duolingo Inc,United States,IN,CR12504227675151269889,https://adstransparency.google.com/advertiser/AR01320432650854334465/creative/CR12504227675151269889?region=IN,YouTubeVideo,2026-07-13,2356,2,3,,,,,,,,,,,,,,2026-07-13,html5-banner-no-mp4
385,385,Duolingo,AR01320432650854334465,Duolingo Inc,United States,IN,CR12542398114662711297,https://adstransparency.google.com/advertiser/AR01320432650854334465/creative/CR12542398114662711297?region=IN,Image,2026-07-13,2356,0,3,,,,,,,,,,,,https://tpc.googlesyndication.com/archive/simgad/16392991016593665009,,2026-07-13,
386,386,Duolingo,AR01320432650854334465,Duolingo Inc,United States,IN,CR12542398114662711297,https://adstransparency.google.com/advertiser/AR01320432650854334465/creative/CR12542398114662711297?region=IN,Image,2026-07-13,2356,1,3,,,,,,,,,,,,https://tpc.googlesyndication.com/archive/simgad/16392991016593665009,,2026-07-13,
387,387,Duolingo,AR01320432650854334465,Duolingo Inc,United States,IN,CR12542398114662711297,https://adstransparency.google.com/advertiser/AR01320432650854334465/creative/CR12542398114662711297?region=IN,Image,2026-07-13,2356,2,3,,,,,,,,,,,,https://tpc.googlesyndication.com/archive/simgad/16392991016593665009,,2026-07-13,
388,388,Duolingo,AR01320432650854334465,Duolingo Inc,United States,IN,CR12659402996719812609,https://adstransparency.google.com/advertiser/AR01320432650854334465/creative/CR12659402996719812609?region=IN,YouTubeVideo,2026-03-30,2356,0,1,,,,,,,,,,,,,,2026-07-13,html5-banner-no-mp4
389,389,Duolingo,AR01320432650854334465,Duolingo Inc,United States,IN,CR12743741792042614785,https://adstransparency.google.com/advertiser/AR01320432650854334465/creative/CR12743741792042614785?region=IN,Image,2026-03-30,2356,0,1,,,,,,,,,,,,https://tpc.googlesyndication.com/archive/simgad/18162704910409577714,,2026-07-13,
390,390,Duolingo,AR01320432650854334465,Duolingo Inc,United States,IN,CR12753894673823563777,https://adstransparency.google.com/advertiser/AR01320432650854334465/creative/CR12753894673823563777?region=IN,YouTubeVideo,2026-06-01,"2250,2356,2528",0,4,,,,,,,,,,,,,00:00,2026-07-13,html5-banner-no-mp4
391,391,Duolingo,AR01320432650854334465,Duolingo Inc,United States,IN,CR12753894673823563777,https://adstransparency.google.com/advertiser/AR01320432650854334465/creative/CR12753894673823563777?region=IN,YouTubeVideo,2026-06-01,"2250,2356,2528",1,4,,,,,,,,,,,,,00:00,2026-07-13,html5-banner-no-mp4
392,392,Duolingo,AR01320432650854334465,Duolingo Inc,United States,IN,CR12753894673823563777,https://adstransparency.google.com/advertiser/AR01320432650854334465/creative/CR12753894673823563777?region=IN,YouTubeVideo,2026-06-01,"2250,2356,2528",2,4,,,,,,,,,,,,,,2026-07-13,html5-banner-no-mp4
393,393,Duolingo,AR01320432650854334465,Duolingo Inc,United States,IN,CR12753894673823563777,https://adstransparency.google.com/advertiser/AR01320432650854334465/creative/CR12753894673823563777?region=IN,YouTubeVideo,2026-06-01,"2250,2356,2528",3,4,,,,,,,,,,,,,,2026-07-13,html5-banner-no-mp4
394,394,Duolingo,AR01320432650854334465,Duolingo Inc,United States,IN,CR12769296933353160705,https://adstransparency.google.com/advertiser/AR01320432650854334465/creative/CR12769296933353160705?region=IN,Image,2026-07-13,"2616,2348,2208,2528,2276,2344,2792,2410,2376,2250,2380,2158,2682,2392,2620,2372,2642,2422,2702,2578,2604,2724,2152,2804,2484,2752,2356",0,1,,,,,,,,,,,,https://tpc.googlesyndication.com/archive/simgad/857517765650122574,,2026-07-13,
395,395,Duolingo,AR01320432650854334465,Duolingo Inc,United States,IN,CR12859093953504346113,https://adstransparency.google.com/advertiser/AR01320432650854334465/creative/CR12859093953504346113?region=IN,Image,2026-07-13,2356,0,1,⁦Duolingo⁩,Duolingo - Study Abroad with DET,,,https://ads-rendering-prod.corp.google.com/search,,,,,,,,,2026-07-13,image-url-not-extracted
396,396,Duolingo,AR01320432650854334465,Duolingo Inc,United States,IN,CR12863802955647680513,https://adstransparency.google.com/advertiser/AR01320432650854334465/creative/CR12863802955647680513?region=IN,YouTubeVideo,2026-04-07,2356,0,4,Some controls cannot be shown due to the small ad.You can see it in fullscreen mode.,,,,,GR2HCQ_srp8,https://www.youtube.com/watch?v=GR2HCQ_srp8,,,,,,,2026-07-13,
397,397,Duolingo,AR01320432650854334465,Duolingo Inc,United States,IN,CR12863802955647680513,https://adstransparency.google.com/advertiser/AR01320432650854334465/creative/CR12863802955647680513?region=IN,YouTubeVideo,2026-04-07,2356,1,4,Some controls cannot be shown due to the small ad.You can see it in fullscreen mode.,,,,,GR2HCQ_srp8,https://www.youtube.com/watch?v=GR2HCQ_srp8,,,,,,,2026-07-13,
398,398,Duolingo,AR01320432650854334465,Duolingo Inc,United States,IN,CR12863802955647680513,https://adstransparency.google.com/advertiser/AR01320432650854334465/creative/CR12863802955647680513?region=IN,YouTubeVideo,2026-04-07,2356,2,4,Some controls cannot be shown due to the small ad.You can see it in fullscreen mode.,,,,,bQYPPrYsUps,https://www.youtube.com/watch?v=bQYPPrYsUps,,,,,,,2026-07-13,
399,399,Duolingo,AR01320432650854334465,Duolingo Inc,United States,IN,CR12863802955647680513,https://adstransparency.google.com/advertiser/AR01320432650854334465/creative/CR12863802955647680513?region=IN,YouTubeVideo,2026-04-07,2356,3,4,,,,,,,,,,,,,,2026-07-13,html5-banner-no-mp4
400,400,Duolingo,AR01320432650854334465,Duolingo Inc,United States,IN,CR12912006576201531393,https://adstransparency.google.com/advertiser/AR01320432650854334465/creative/CR12912006576201531393?region=IN,YouTubeVideo,2026-07-13,2356,0,3,Speak a new language today,CATEGORY,,,,,,,,,,,00:00,2026-07-13,html5-banner-no-mp4
401,401,Duolingo,AR01320432650854334465,Duolingo Inc,United States,IN,CR12912006576201531393,https://adstransparency.google.com/advertiser/AR01320432650854334465/creative/CR12912006576201531393?region=IN,YouTubeVideo,2026-07-13,2356,1,3,,,,,,,,,,,,,,2026-07-13,html5-banner-no-mp4
402,402,Duolingo,AR01320432650854334465,Duolingo Inc,United States,IN,CR12912006576201531393,https://adstransparency.google.com/advertiser/AR01320432650854334465/creative/CR12912006576201531393?region=IN,YouTubeVideo,2026-07-13,2356,2,3,,,,,,,,,,,,,,2026-07-13,html5-banner-no-mp4
403,403,Duolingo,AR01320432650854334465,Duolingo Inc,United States,IN,CR13021082527723421697,https://adstransparency.google.com/advertiser/AR01320432650854334465/creative/CR13021082527723421697?region=IN,YouTubeVideo,2026-07-01,"2250,2710,2663,2688,2388,2434,2170,2068,2031,2804,2788,2048,2686,2222,2716,2498,2600,2586,2512,2860,2478,2368,2332,2422,2784,2762,2032,2120,2834,2450,2466,2312,2417,2356,2566,2384,2524,2818,2104,2887,2800,2496,2152,2268,2854,2050,2474,2499,2768,2188,2144,2634,2682,2894,2591,2276,2508,2704,2324,2231,2340,2504,2175,2204,2024,2218,2400,2604,2900,2862,2398,2288,2004,2780,2558,2414,2320,2380,2070,2458,2214,2116,2706,2008,2051,2012,2840,2528,2404,2076,2858,2630",0,3,,,,,,,,,,,,,,2026-07-13,html5-banner-no-mp4
404,404,Duolingo,AR01320432650854334465,Duolingo Inc,United States,IN,CR13021082527723421697,https://adstransparency.google.com/advertiser/AR01320432650854334465/creative/CR13021082527723421697?region=IN,YouTubeVideo,2026-07-01,"2250,2710,2663,2688,2388,2434,2170,2068,2031,2804,2788,2048,2686,2222,2716,2498,2600,2586,2512,2860,2478,2368,2332,2422,2784,2762,2032,2120,2834,2450,2466,2312,2417,2356,2566,2384,2524,2818,2104,2887,2800,2496,2152,2268,2854,2050,2474,2499,2768,2188,2144,2634,2682,2894,2591,2276,2508,2704,2324,2231,2340,2504,2175,2204,2024,2218,2400,2604,2900,2862,2398,2288,2004,2780,2558,2414,2320,2380,2070,2458,2214,2116,2706,2008,2051,2012,2840,2528,2404,2076,2858,2630",1,3,,,,,,,,,,,,,,2026-07-13,html5-banner-no-mp4
405,405,Duolingo,AR01320432650854334465,Duolingo Inc,United States,IN,CR13021082527723421697,https://adstransparency.google.com/advertiser/AR01320432650854334465/creative/CR13021082527723421697?region=IN,YouTubeVideo,2026-07-01,"2250,2710,2663,2688,2388,2434,2170,2068,2031,2804,2788,2048,2686,2222,2716,2498,2600,2586,2512,2860,2478,2368,2332,2422,2784,2762,2032,2120,2834,2450,2466,2312,2417,2356,2566,2384,2524,2818,2104,2887,2800,2496,2152,2268,2854,2050,2474,2499,2768,2188,2144,2634,2682,2894,2591,2276,2508,2704,2324,2231,2340,2504,2175,2204,2024,2218,2400,2604,2900,2862,2398,2288,2004,2780,2558,2414,2320,2380,2070,2458,2214,2116,2706,2008,2051,2012,2840,2528,2404,2076,2858,2630",2,3,,,,,,,,,,,,,,2026-07-13,html5-banner-no-mp4
406,406,Duolingo,AR01320432650854334465,Duolingo Inc,United States,IN,CR13121889052292808705,https://adstransparency.google.com/advertiser/AR01320432650854334465/creative/CR13121889052292808705?region=IN,Image,2026-07-13,2356,0,3,,,,,,,,,,,,https://tpc.googlesyndication.com/archive/simgad/13829652570066275091,,2026-07-13,
407,407,Duolingo,AR01320432650854334465,Duolingo Inc,United States,IN,CR13121889052292808705,https://adstransparency.google.com/advertiser/AR01320432650854334465/creative/CR13121889052292808705?region=IN,Image,2026-07-13,2356,1,3,,,,,,,,,,,,https://tpc.googlesyndication.com/archive/simgad/7512979131105950623,,2026-07-13,
408,408,Duolingo,AR01320432650854334465,Duolingo Inc,United States,IN,CR13121889052292808705,https://adstransparency.google.com/advertiser/AR01320432650854334465/creative/CR13121889052292808705?region=IN,Image,2026-07-13,2356,2,3,,,,,,,,,,,,https://tpc.googlesyndication.com/archive/simgad/6051051185815502558,,2026-07-13,
409,409,Duolingo,AR01320432650854334465,Duolingo Inc,United States,IN,CR13257516216760664065,https://adstransparency.google.com/advertiser/AR01320432650854334465/creative/CR13257516216760664065?region=IN,Image,2026-03-30,2356,0,3,,,,,,,,,,,,https://tpc.googlesyndication.com/archive/simgad/12451378522634402526,,2026-07-13,
410,410,Duolingo,AR01320432650854334465,Duolingo Inc,United States,IN,CR13257516216760664065,https://adstransparency.google.com/advertiser/AR01320432650854334465/creative/CR13257516216760664065?region=IN,Image,2026-03-30,2356,1,3,,,,,,,,,,,,https://tpc.googlesyndication.com/archive/simgad/11102873643241176947,,2026-07-13,
411,411,Duolingo,AR01320432650854334465,Duolingo Inc,United States,IN,CR13257516216760664065,https://adstransparency.google.com/advertiser/AR01320432650854334465/creative/CR13257516216760664065?region=IN,Image,2026-03-30,2356,2,3,,,,,,,,,,,,https://tpc.googlesyndication.com/archive/simgad/14514712837875998788,,2026-07-13,
412,412,Duolingo,AR01320432650854334465,Duolingo Inc,United States,IN,CR13357102360732631041,https://adstransparency.google.com/advertiser/AR01320432650854334465/creative/CR13357102360732631041?region=IN,Image,2026-03-17,2356,0,1,,,,,,,,,,,,https://tpc.googlesyndication.com/archive/simgad/460818252689720387,,2026-07-13,
413,413,Duolingo,AR01320432650854334465,Duolingo Inc,United States,IN,CR13388207338523983873,https://adstransparency.google.com/advertiser/AR01320432650854334465/creative/CR13388207338523983873?region=IN,Image,2026-03-18,2356,0,1,,,,,,,,,,,,https://tpc.googlesyndication.com/archive/simgad/2156509033405348759,,2026-07-13,
414,414,Duolingo,AR01320432650854334465,Duolingo Inc,United States,IN,CR13524496125523918849,https://adstransparency.google.com/advertiser/AR01320432650854334465/creative/CR13524496125523918849?region=IN,YouTubeVideo,2026-07-12,2356,0,4,,,,,,,,,,,,,00:00,2026-07-13,html5-banner-no-mp4
415,415,Duolingo,AR01320432650854334465,Duolingo Inc,United States,IN,CR13524496125523918849,https://adstransparency.google.com/advertiser/AR01320432650854334465/creative/CR13524496125523918849?region=IN,YouTubeVideo,2026-07-12,2356,1,4,Stop scrolling. Start checkmating. Learn chess for free with Duolingo.,,,,,,,,,,,,00:00,2026-07-13,html5-banner-no-mp4
416,416,Duolingo,AR01320432650854334465,Duolingo Inc,United States,IN,CR13524496125523918849,https://adstransparency.google.com/advertiser/AR01320432650854334465/creative/CR13524496125523918849?region=IN,YouTubeVideo,2026-07-12,2356,2,4,,,,,,,,,,,,,00:00,2026-07-13,html5-banner-no-mp4
417,417,Duolingo,AR01320432650854334465,Duolingo Inc,United States,IN,CR13524496125523918849,https://adstransparency.google.com/advertiser/AR01320432650854334465/creative/CR13524496125523918849?region=IN,YouTubeVideo,2026-07-12,2356,3,4,,,,,,,,,,,,,,2026-07-13,html5-banner-no-mp4
418,418,Duolingo,AR01320432650854334465,Duolingo Inc,United States,IN,CR13542136251993292801,https://adstransparency.google.com/advertiser/AR01320432650854334465/creative/CR13542136251993292801?region=IN,YouTubeVideo,2026-07-13,"2356,2682,2040,2792,2276,2196,2056,2860,2250,2036,2012,2100,2300,2348,2004,2368,2616,2528,2642,2417,2752,2380,2804,2246,2724",0,5,,,,,,,,,,,,,,2026-07-13,html5-banner-no-mp4
419,419,Duolingo,AR01320432650854334465,Duolingo Inc,United States,IN,CR13542136251993292801,https://adstransparency.google.com/advertiser/AR01320432650854334465/creative/CR13542136251993292801?region=IN,YouTubeVideo,2026-07-13,"2356,2682,2040,2792,2276,2196,2056,2860,2250,2036,2012,2100,2300,2348,2004,2368,2616,2528,2642,2417,2752,2380,2804,2246,2724",1,5,,,,,,,,,,,,,00:00,2026-07-13,html5-banner-no-mp4
420,420,Duolingo,AR01320432650854334465,Duolingo Inc,United States,IN,CR13542136251993292801,https://adstransparency.google.com/advertiser/AR01320432650854334465/creative/CR13542136251993292801?region=IN,YouTubeVideo,2026-07-13,"2356,2682,2040,2792,2276,2196,2056,2860,2250,2036,2012,2100,2300,2348,2004,2368,2616,2528,2642,2417,2752,2380,2804,2246,2724",2,5,,,,,,,,,,,,,00:00,2026-07-13,html5-banner-no-mp4
421,421,Duolingo,AR01320432650854334465,Duolingo Inc,United States,IN,CR13542136251993292801,https://adstransparency.google.com/advertiser/AR01320432650854334465/creative/CR13542136251993292801?region=IN,YouTubeVideo,2026-07-13,"2356,2682,2040,2792,2276,2196,2056,2860,2250,2036,2012,2100,2300,2348,2004,2368,2616,2528,2642,2417,2752,2380,2804,2246,2724",3,5,,,,,,,,,,,,,,2026-07-13,html5-banner-no-mp4
422,422,Duolingo,AR01320432650854334465,Duolingo Inc,United States,IN,CR13542136251993292801,https://adstransparency.google.com/advertiser/AR01320432650854334465/creative/CR13542136251993292801?region=IN,YouTubeVideo,2026-07-13,"2356,2682,2040,2792,2276,2196,2056,2860,2250,2036,2012,2100,2300,2348,2004,2368,2616,2528,2642,2417,2752,2380,2804,2246,2724",4,5,,,,,,,,,,,,,,2026-07-13,html5-banner-no-mp4
423,423,Duolingo,AR01320432650854334465,Duolingo Inc,United States,IN,CR13560614326582116353,https://adstransparency.google.com/advertiser/AR01320432650854334465/creative/CR13560614326582116353?region=IN,Image,2026-05-02,2356,0,3,,,,,,,,,,,,https://tpc.googlesyndication.com/archive/simgad/15581826873595928596,,2026-07-13,
424,424,Duolingo,AR01320432650854334465,Duolingo Inc,United States,IN,CR13560614326582116353,https://adstransparency.google.com/advertiser/AR01320432650854334465/creative/CR13560614326582116353?region=IN,Image,2026-05-02,2356,1,3,,,,,,,,,,,,https://tpc.googlesyndication.com/archive/simgad/3667716867857175796,,2026-07-13,
425,425,Duolingo,AR01320432650854334465,Duolingo Inc,United States,IN,CR13560614326582116353,https://adstransparency.google.com/advertiser/AR01320432650854334465/creative/CR13560614326582116353?region=IN,Image,2026-05-02,2356,2,3,,,,,,,,,,,,https://tpc.googlesyndication.com/archive/simgad/9739373681436115297,,2026-07-13,
426,426,Duolingo,AR01320432650854334465,Duolingo Inc,United States,IN,CR13615593412664229889,https://adstransparency.google.com/advertiser/AR01320432650854334465/creative/CR13615593412664229889?region=IN,YouTubeVideo,2026-07-13,2356,0,3,,,,,,,,,,,,,,2026-07-13,html5-banner-no-mp4
427,427,Duolingo,AR01320432650854334465,Duolingo Inc,United States,IN,CR13615593412664229889,https://adstransparency.google.com/advertiser/AR01320432650854334465/creative/CR13615593412664229889?region=IN,YouTubeVideo,2026-07-13,2356,1,3,,,,,,,,,,,,,,2026-07-13,html5-banner-no-mp4
428,428,Duolingo,AR01320432650854334465,Duolingo Inc,United States,IN,CR13615593412664229889,https://adstransparency.google.com/advertiser/AR01320432650854334465/creative/CR13615593412664229889?region=IN,YouTubeVideo,2026-07-13,2356,2,3,,,,,,,,,,,,,,2026-07-13,html5-banner-no-mp4
429,429,Duolingo,AR01320432650854334465,Duolingo Inc,United States,IN,CR13712223992071323649,https://adstransparency.google.com/advertiser/AR01320432650854334465/creative/CR13712223992071323649?region=IN,Image,2026-05-23,2356,0,3,,,,,,,,,,,,https://tpc.googlesyndication.com/archive/simgad/2491105228864531027,,2026-07-13,
430,430,Duolingo,AR01320432650854334465,Duolingo Inc,United States,IN,CR13712223992071323649,https://adstransparency.google.com/advertiser/AR01320432650854334465/creative/CR13712223992071323649?region=IN,Image,2026-05-23,2356,1,3,,,,,,,,,,,,https://tpc.googlesyndication.com/archive/simgad/4285170111158423300,,2026-07-13,
431,431,Duolingo,AR01320432650854334465,Duolingo Inc,United States,IN,CR13712223992071323649,https://adstransparency.google.com/advertiser/AR01320432650854334465/creative/CR13712223992071323649?region=IN,Image,2026-05-23,2356,2,3,,,,,,,,,,,,https://tpc.googlesyndication.com/archive/simgad/14765454014909016808,,2026-07-13,
432,432,Duolingo,AR01320432650854334465,Duolingo Inc,United States,IN,CR13972041338493861889,https://adstransparency.google.com/advertiser/AR01320432650854334465/creative/CR13972041338493861889?region=IN,YouTubeVideo,2026-07-12,2356,0,4,,,,,,,,,,,,,00:00,2026-07-13,html5-banner-no-mp4
433,433,Duolingo,AR01320432650854334465,Duolingo Inc,United States,IN,CR13972041338493861889,https://adstransparency.google.com/advertiser/AR01320432650854334465/creative/CR13972041338493861889?region=IN,YouTubeVideo,2026-07-12,2356,1,4,,,,,,,,,,,,,,2026-07-13,html5-banner-no-mp4
434,434,Duolingo,AR01320432650854334465,Duolingo Inc,United States,IN,CR13972041338493861889,https://adstransparency.google.com/advertiser/AR01320432650854334465/creative/CR13972041338493861889?region=IN,YouTubeVideo,2026-07-12,2356,2,4,,,,,,,,,,,,,,2026-07-13,html5-banner-no-mp4
435,435,Duolingo,AR01320432650854334465,Duolingo Inc,United States,IN,CR13972041338493861889,https://adstransparency.google.com/advertiser/AR01320432650854334465/creative/CR13972041338493861889?region=IN,YouTubeVideo,2026-07-12,2356,3,4,,,,,,,,,,,,,,2026-07-13,html5-banner-no-mp4
436,436,Duolingo,AR01320432650854334465,Duolingo Inc,United States,IN,CR13978443863421878273,https://adstransparency.google.com/advertiser/AR01320432650854334465/creative/CR13978443863421878273?region=IN,Image,2026-05-02,2356,0,3,,,,,,,,,,,,https://tpc.googlesyndication.com/archive/simgad/8744786205244846640,,2026-07-13,
437,437,Duolingo,AR01320432650854334465,Duolingo Inc,United States,IN,CR13978443863421878273,https://adstransparency.google.com/advertiser/AR01320432650854334465/creative/CR13978443863421878273?region=IN,Image,2026-05-02,2356,1,3,,,,,,,,,,,,https://tpc.googlesyndication.com/archive/simgad/13767348843119755482,,2026-07-13,
438,438,Duolingo,AR01320432650854334465,Duolingo Inc,United States,IN,CR13978443863421878273,https://adstransparency.google.com/advertiser/AR01320432650854334465/creative/CR13978443863421878273?region=IN,Image,2026-05-02,2356,2,3,,,,,,,,,,,,https://tpc.googlesyndication.com/archive/simgad/12943049767145342483,,2026-07-13,
439,439,Duolingo,AR01320432650854334465,Duolingo Inc,United States,IN,CR14093348600960516097,https://adstransparency.google.com/advertiser/AR01320432650854334465/creative/CR14093348600960516097?region=IN,YouTubeVideo,2026-07-13,2356,0,4,,,,,,,,,,,,,00:00,2026-07-13,html5-banner-no-mp4
440,440,Duolingo,AR01320432650854334465,Duolingo Inc,United States,IN,CR14093348600960516097,https://adstransparency.google.com/advertiser/AR01320432650854334465/creative/CR14093348600960516097?region=IN,YouTubeVideo,2026-07-13,2356,1,4,,,,,,,,,,,,,00:00,2026-07-13,html5-banner-no-mp4
441,441,Duolingo,AR01320432650854334465,Duolingo Inc,United States,IN,CR14093348600960516097,https://adstransparency.google.com/advertiser/AR01320432650854334465/creative/CR14093348600960516097?region=IN,YouTubeVideo,2026-07-13,2356,2,4,,,,,,,,,,,,,00:00,2026-07-13,html5-banner-no-mp4
442,442,Duolingo,AR01320432650854334465,Duolingo Inc,United States,IN,CR14093348600960516097,https://adstransparency.google.com/advertiser/AR01320432650854334465/creative/CR14093348600960516097?region=IN,YouTubeVideo,2026-07-13,2356,3,4,,,,,,,,,,,,,,2026-07-13,html5-banner-no-mp4
443,443,Duolingo,AR01320432650854334465,Duolingo Inc,United States,IN,CR14098023449523912705,https://adstransparency.google.com/advertiser/AR01320432650854334465/creative/CR14098023449523912705?region=IN,Image,2026-07-12,2356,0,1,,,,,,,,,,,,https://tpc.googlesyndication.com/archive/simgad/852029563041955532,,2026-07-13,
444,444,Duolingo,AR01320432650854334465,Duolingo Inc,United States,IN,CR14121301622512418817,https://adstransparency.google.com/advertiser/AR01320432650854334465/creative/CR14121301622512418817?region=IN,Image,2026-03-30,2356,0,1,,,,,,,,,,,,https://tpc.googlesyndication.com/archive/simgad/9815843679314227864,,2026-07-13,
445,445,Duolingo,AR01320432650854334465,Duolingo Inc,United States,IN,CR14214538078244044801,https://adstransparency.google.com/advertiser/AR01320432650854334465/creative/CR14214538078244044801?region=IN,Image,2026-07-12,2356,0,3,,,,,,,,,,,,https://tpc.googlesyndication.com/archive/simgad/10374697488862208770,,2026-07-13,
446,446,Duolingo,AR01320432650854334465,Duolingo Inc,United States,IN,CR14214538078244044801,https://adstransparency.google.com/advertiser/AR01320432650854334465/creative/CR14214538078244044801?region=IN,Image,2026-07-12,2356,1,3,,,,,,,,,,,,https://tpc.googlesyndication.com/archive/simgad/17171616740045520221,,2026-07-13,
447,447,Duolingo,AR01320432650854334465,Duolingo Inc,United States,IN,CR14214538078244044801,https://adstransparency.google.com/advertiser/AR01320432650854334465/creative/CR14214538078244044801?region=IN,Image,2026-07-12,2356,2,3,,,,,,,,,,,,https://tpc.googlesyndication.com/archive/simgad/17846311025935508777,,2026-07-13,
448,448,Duolingo,AR01320432650854334465,Duolingo Inc,United States,IN,CR14263880732714729473,https://adstransparency.google.com/advertiser/AR01320432650854334465/creative/CR14263880732714729473?region=IN,YouTubeVideo,2026-03-23,2356,0,1,,,,,,,,,,,,,,2026-07-13,html5-banner-no-mp4
449,449,Duolingo,AR01320432650854334465,Duolingo Inc,United States,IN,CR14333273969560387585,https://adstransparency.google.com/advertiser/AR01320432650854334465/creative/CR14333273969560387585?region=IN,YouTubeVideo,2026-04-01,"2840,2630,2076,2250,2124,2620,2528,2616,2056,2380,2214,2191,2356,2372,2752,2392,2203,2724,2352,2040,2578,2300,2208,2642,2246,2276,2792,2484,2348",0,4,,,,,,,,,,,,,00:00,2026-07-13,html5-banner-no-mp4
450,450,Duolingo,AR01320432650854334465,Duolingo Inc,United States,IN,CR14333273969560387585,https://adstransparency.google.com/advertiser/AR01320432650854334465/creative/CR14333273969560387585?region=IN,YouTubeVideo,2026-04-01,"2840,2630,2076,2250,2124,2620,2528,2616,2056,2380,2214,2191,2356,2372,2752,2392,2203,2724,2352,2040,2578,2300,2208,2642,2246,2276,2792,2484,2348",1,4,,,,,,,,,,,,,00:00,2026-07-13,html5-banner-no-mp4
451,451,Duolingo,AR01320432650854334465,Duolingo Inc,United States,IN,CR14333273969560387585,https://adstransparency.google.com/advertiser/AR01320432650854334465/creative/CR14333273969560387585?region=IN,YouTubeVideo,2026-04-01,"2840,2630,2076,2250,2124,2620,2528,2616,2056,2380,2214,2191,2356,2372,2752,2392,2203,2724,2352,2040,2578,2300,2208,2642,2246,2276,2792,2484,2348",2,4,,,,,,,,,,,,,00:00,2026-07-13,html5-banner-no-mp4
452,452,Duolingo,AR01320432650854334465,Duolingo Inc,United States,IN,CR14333273969560387585,https://adstransparency.google.com/advertiser/AR01320432650854334465/creative/CR14333273969560387585?region=IN,YouTubeVideo,2026-04-01,"2840,2630,2076,2250,2124,2620,2528,2616,2056,2380,2214,2191,2356,2372,2752,2392,2203,2724,2352,2040,2578,2300,2208,2642,2246,2276,2792,2484,2348",3,4,,,,,,,,,,,,,,2026-07-13,html5-banner-no-mp4
453,453,Duolingo,AR01320432650854334465,Duolingo Inc,United States,IN,CR14457736933477974017,https://adstransparency.google.com/advertiser/AR01320432650854334465/creative/CR14457736933477974017?region=IN,YouTubeVideo,2026-07-01,"2616,2246,2528,2470,2191,2348,2100,2050,2620,2376,2642,2008,2524,2056,2250,2705,2196,2440,2818,2688,2422,2428,2703,2724,2404,2070,2380,2752,2372,2300,2208,2442,2233,2566,2356,2368,2040,2900,2578,2203,2807,2498,2400,2231,2826,2499,2024,2586,2275,2144,2508,2804,2276,2792,2682",0,3,,,,,,,,,,,,,,2026-07-13,html5-banner-no-mp4
454,454,Duolingo,AR01320432650854334465,Duolingo Inc,United States,IN,CR14457736933477974017,https://adstransparency.google.com/advertiser/AR01320432650854334465/creative/CR14457736933477974017?region=IN,YouTubeVideo,2026-07-01,"2616,2246,2528,2470,2191,2348,2100,2050,2620,2376,2642,2008,2524,2056,2250,2705,2196,2440,2818,2688,2422,2428,2703,2724,2404,2070,2380,2752,2372,2300,2208,2442,2233,2566,2356,2368,2040,2900,2578,2203,2807,2498,2400,2231,2826,2499,2024,2586,2275,2144,2508,2804,2276,2792,2682",1,3,Build your fluency with free intermediate English lessons,,,,,,,,,,,,00:00,2026-07-13,html5-banner-no-mp4
455,455,Duolingo,AR01320432650854334465,Duolingo Inc,United States,IN,CR14457736933477974017,https://adstransparency.google.com/advertiser/AR01320432650854334465/creative/CR14457736933477974017?region=IN,YouTubeVideo,2026-07-01,"2616,2246,2528,2470,2191,2348,2100,2050,2620,2376,2642,2008,2524,2056,2250,2705,2196,2440,2818,2688,2422,2428,2703,2724,2404,2070,2380,2752,2372,2300,2208,2442,2233,2566,2356,2368,2040,2900,2578,2203,2807,2498,2400,2231,2826,2499,2024,2586,2275,2144,2508,2804,2276,2792,2682",2,3,Build your fluency with free intermediate English lessons,,,,,,,,,,,,00:00,2026-07-13,html5-banner-no-mp4
456,456,Duolingo,AR01320432650854334465,Duolingo Inc,United States,IN,CR14503331404349177857,https://adstransparency.google.com/advertiser/AR01320432650854334465/creative/CR14503331404349177857?region=IN,Image,2026-07-12,2356,0,3,,,,,,,,,,,,https://tpc.googlesyndication.com/archive/simgad/9160452274886341977,,2026-07-13,
457,457,Duolingo,AR01320432650854334465,Duolingo Inc,United States,IN,CR14503331404349177857,https://adstransparency.google.com/advertiser/AR01320432650854334465/creative/CR14503331404349177857?region=IN,Image,2026-07-12,2356,1,3,,,,,,,,,,,,https://tpc.googlesyndication.com/archive/simgad/45441741829536767,,2026-07-13,
458,458,Duolingo,AR01320432650854334465,Duolingo Inc,United States,IN,CR14503331404349177857,https://adstransparency.google.com/advertiser/AR01320432650854334465/creative/CR14503331404349177857?region=IN,Image,2026-07-12,2356,2,3,,,,,,,,,,,,https://tpc.googlesyndication.com/archive/simgad/17568819589153153641,,2026-07-13,
459,459,Duolingo,AR01320432650854334465,Duolingo Inc,United States,IN,CR14512574792445460481,https://adstransparency.google.com/advertiser/AR01320432650854334465/creative/CR14512574792445460481?region=IN,Image,2026-05-23,2356,0,3,,,,,,,,,,,,https://tpc.googlesyndication.com/archive/simgad/18382071229159973269,,2026-07-13,
460,460,Duolingo,AR01320432650854334465,Duolingo Inc,United States,IN,CR14512574792445460481,https://adstransparency.google.com/advertiser/AR01320432650854334465/creative/CR14512574792445460481?region=IN,Image,2026-05-23,2356,1,3,,,,,,,,,,,,https://tpc.googlesyndication.com/archive/simgad/997951679020256751,,2026-07-13,
461,461,Duolingo,AR01320432650854334465,Duolingo Inc,United States,IN,CR14512574792445460481,https://adstransparency.google.com/advertiser/AR01320432650854334465/creative/CR14512574792445460481?region=IN,Image,2026-05-23,2356,2,3,,,,,,,,,,,,https://tpc.googlesyndication.com/archive/simgad/15788156275419849745,,2026-07-13,
462,462,Duolingo,AR01320432650854334465,Duolingo Inc,United States,IN,CR14524670726021054465,https://adstransparency.google.com/advertiser/AR01320432650854334465/creative/CR14524670726021054465?region=IN,Image,2026-07-12,2356,0,3,,,,,,,,,,,,https://tpc.googlesyndication.com/archive/simgad/1244488372982189991,,2026-07-13,
463,463,Duolingo,AR01320432650854334465,Duolingo Inc,United States,IN,CR14524670726021054465,https://adstransparency.google.com/advertiser/AR01320432650854334465/creative/CR14524670726021054465?region=IN,Image,2026-07-12,2356,1,3,,,,,,,,,,,,https://tpc.googlesyndication.com/archive/simgad/5036991468065800550,,2026-07-13,
464,464,Duolingo,AR01320432650854334465,Duolingo Inc,United States,IN,CR14524670726021054465,https://adstransparency.google.com/advertiser/AR01320432650854334465/creative/CR14524670726021054465?region=IN,Image,2026-07-12,2356,2,3,,,,,,,,,,,,https://tpc.googlesyndication.com/archive/simgad/9385566143051222196,,2026-07-13,
465,465,Duolingo,AR01320432650854334465,Duolingo Inc,United States,IN,CR14674366210485780481,https://adstransparency.google.com/advertiser/AR01320432650854334465/creative/CR14674366210485780481?region=IN,YouTubeVideo,2026-07-12,"2531,2100,2170,2344,2090,2616,2528,2028,2250,2642,2659,2116,2662,2702,2840,2776,2308,2780,2288,2882,2404,2458,2418,2072,2724,2752,2380,2004,2231,2646,2585,2578,2044,2740,2454,2826,2144,2096,2894,2276,2792,2462,2104,2246,2124,2670,2524,2016,2496,2800,2064,2584,2052,2626,2316,2328,2356,2212,2533,2716,2566,2516,2296,2426,2242,2300,2036,2834,2203,2583,2586,2092,2748,2388,2136,2694,2710,2535,2598",0,4,इंस्टॉल करें,,,,,,,,,,,,00:00,2026-07-13,html5-banner-no-mp4
466,466,Duolingo,AR01320432650854334465,Duolingo Inc,United States,IN,CR14674366210485780481,https://adstransparency.google.com/advertiser/AR01320432650854334465/creative/CR14674366210485780481?region=IN,YouTubeVideo,2026-07-12,"2531,2100,2170,2344,2090,2616,2528,2028,2250,2642,2659,2116,2662,2702,2840,2776,2308,2780,2288,2882,2404,2458,2418,2072,2724,2752,2380,2004,2231,2646,2585,2578,2044,2740,2454,2826,2144,2096,2894,2276,2792,2462,2104,2246,2124,2670,2524,2016,2496,2800,2064,2584,2052,2626,2316,2328,2356,2212,2533,2716,2566,2516,2296,2426,2242,2300,2036,2834,2203,2583,2586,2092,2748,2388,2136,2694,2710,2535,2598",1,4,,,,,,,,,,,,,00:00,2026-07-13,html5-banner-no-mp4
467,467,Duolingo,AR01320432650854334465,Duolingo Inc,United States,IN,CR14674366210485780481,https://adstransparency.google.com/advertiser/AR01320432650854334465/creative/CR14674366210485780481?region=IN,YouTubeVideo,2026-07-12,"2531,2100,2170,2344,2090,2616,2528,2028,2250,2642,2659,2116,2662,2702,2840,2776,2308,2780,2288,2882,2404,2458,2418,2072,2724,2752,2380,2004,2231,2646,2585,2578,2044,2740,2454,2826,2144,2096,2894,2276,2792,2462,2104,2246,2124,2670,2524,2016,2496,2800,2064,2584,2052,2626,2316,2328,2356,2212,2533,2716,2566,2516,2296,2426,2242,2300,2036,2834,2203,2583,2586,2092,2748,2388,2136,2694,2710,2535,2598",2,4,इंस्टॉल करें,,,,,,,,,,,,00:00,2026-07-13,html5-banner-no-mp4
468,468,Duolingo,AR01320432650854334465,Duolingo Inc,United States,IN,CR14674366210485780481,https://adstransparency.google.com/advertiser/AR01320432650854334465/creative/CR14674366210485780481?region=IN,YouTubeVideo,2026-07-12,"2531,2100,2170,2344,2090,2616,2528,2028,2250,2642,2659,2116,2662,2702,2840,2776,2308,2780,2288,2882,2404,2458,2418,2072,2724,2752,2380,2004,2231,2646,2585,2578,2044,2740,2454,2826,2144,2096,2894,2276,2792,2462,2104,2246,2124,2670,2524,2016,2496,2800,2064,2584,2052,2626,2316,2328,2356,2212,2533,2716,2566,2516,2296,2426,2242,2300,2036,2834,2203,2583,2586,2092,2748,2388,2136,2694,2710,2535,2598",3,4,,,,,,,,,,,,,,2026-07-13,html5-banner-no-mp4
469,469,Duolingo,AR01320432650854334465,Duolingo Inc,United States,IN,CR14698326243892264961,https://adstransparency.google.com/advertiser/AR01320432650854334465/creative/CR14698326243892264961?region=IN,YouTubeVideo,2026-04-16,"2203,2368,2498,2764,2586,2512,2208,2300,2788,2031,2804,2642,2170,2484,2638,2434,2275,2608,2887,2705,2524,2191,2050,2356,2032,2818,2566,2372,2422,2784,2196,2807,2826,2578,2040,2400,2504,2704,2246,2634,2792,2682,2276,2144,2348,2688,2250,2056,2840,2076,2528,2703,2008,2376,2100,2616,2620,2736,2012,2458,2470,2360,2442,2752,2380,2414,2724",0,3,دوولينجو: تعليم اللغات,,,,,,,,,,,,00:00,2026-07-13,html5-banner-no-mp4
470,470,Duolingo,AR01320432650854334465,Duolingo Inc,United States,IN,CR14698326243892264961,https://adstransparency.google.com/advertiser/AR01320432650854334465/creative/CR14698326243892264961?region=IN,YouTubeVideo,2026-04-16,"2203,2368,2498,2764,2586,2512,2208,2300,2788,2031,2804,2642,2170,2484,2638,2434,2275,2608,2887,2705,2524,2191,2050,2356,2032,2818,2566,2372,2422,2784,2196,2807,2826,2578,2040,2400,2504,2704,2246,2634,2792,2682,2276,2144,2348,2688,2250,2056,2840,2076,2528,2703,2008,2376,2100,2616,2620,2736,2012,2458,2470,2360,2442,2752,2380,2414,2724",1,3,يساعدك دوولينجو على تعلّم الإنجليزية من خلال تدريبات قراءة، كتابة، استماع، وتحدّث,دوولينجو: تعليم اللغات,,,,,,,,,,,00:00,2026-07-13,html5-banner-no-mp4
471,471,Duolingo,AR01320432650854334465,Duolingo Inc,United States,IN,CR14698326243892264961,https://adstransparency.google.com/advertiser/AR01320432650854334465/creative/CR14698326243892264961?region=IN,YouTubeVideo,2026-04-16,"2203,2368,2498,2764,2586,2512,2208,2300,2788,2031,2804,2642,2170,2484,2638,2434,2275,2608,2887,2705,2524,2191,2050,2356,2032,2818,2566,2372,2422,2784,2196,2807,2826,2578,2040,2400,2504,2704,2246,2634,2792,2682,2276,2144,2348,2688,2250,2056,2840,2076,2528,2703,2008,2376,2100,2616,2620,2736,2012,2458,2470,2360,2442,2752,2380,2414,2724",2,3,يساعدك دوولينجو على تعلّم الإنجليزية من خلال تدريبات قراءة، كتابة، استماع، وتحدّث,دوولينجو: تعليم اللغات,,,,,,,,,,,00:00,2026-07-13,html5-banner-no-mp4
472,472,Duolingo,AR01320432650854334465,Duolingo Inc,United States,IN,CR14747712157273554945,https://adstransparency.google.com/advertiser/AR01320432650854334465/creative/CR14747712157273554945?region=IN,Image,2026-07-13,2356,0,2,,,,,,,,,,,,https://tpc.googlesyndication.com/archive/simgad/11989569734780992737,,2026-07-13,
473,473,Duolingo,AR01320432650854334465,Duolingo Inc,United States,IN,CR14747712157273554945,https://adstransparency.google.com/advertiser/AR01320432650854334465/creative/CR14747712157273554945?region=IN,Image,2026-07-13,2356,1,2,,,,,,,,,,,,https://tpc.googlesyndication.com/archive/simgad/11989569734780992737,,2026-07-13,
474,474,Duolingo,AR01320432650854334465,Duolingo Inc,United States,IN,CR14764325777969250305,https://adstransparency.google.com/advertiser/AR01320432650854334465/creative/CR14764325777969250305?region=IN,Image,2026-07-13,2356,0,1,,,,,,,,,,,,https://tpc.googlesyndication.com/archive/simgad/2548665580991945215,,2026-07-13,
475,475,Duolingo,AR01320432650854334465,Duolingo Inc,United States,IN,CR14791427914960207873,https://adstransparency.google.com/advertiser/AR01320432650854334465/creative/CR14791427914960207873?region=IN,Image,2026-07-12,2356,0,2,,,,,,,,,,,,https://tpc.googlesyndication.com/archive/simgad/16977236179672693068,,2026-07-13,
476,476,Duolingo,AR01320432650854334465,Duolingo Inc,United States,IN,CR14791427914960207873,https://adstransparency.google.com/advertiser/AR01320432650854334465/creative/CR14791427914960207873?region=IN,Image,2026-07-12,2356,1,2,,,,,,,,,,,,https://tpc.googlesyndication.com/archive/simgad/16977236179672693068,,2026-07-13,
477,477,Duolingo,AR01320432650854334465,Duolingo Inc,United States,IN,CR14889223220778500097,https://adstransparency.google.com/advertiser/AR01320432650854334465/creative/CR14889223220778500097?region=IN,Image,2026-07-12,2356,0,1,,,,,,,,,,,,https://tpc.googlesyndication.com/archive/simgad/8155339450645297781,,2026-07-13,
478,478,Duolingo,AR01320432650854334465,Duolingo Inc,United States,IN,CR14911460577162297345,https://adstransparency.google.com/advertiser/AR01320432650854334465/creative/CR14911460577162297345?region=IN,Image,2026-03-30,2356,0,1,,,,,,,,,,,,https://tpc.googlesyndication.com/archive/simgad/1334617929069693690,,2026-07-13,
479,479,Duolingo,AR01320432650854334465,Duolingo Inc,United States,IN,CR14950572808512471041,https://adstransparency.google.com/advertiser/AR01320432650854334465/creative/CR14950572808512471041?region=IN,YouTubeVideo,2026-04-08,2356,0,4,,,,,,,,,,,,,,2026-07-13,html5-banner-no-mp4
480,480,Duolingo,AR01320432650854334465,Duolingo Inc,United States,IN,CR14950572808512471041,https://adstransparency.google.com/advertiser/AR01320432650854334465/creative/CR14950572808512471041?region=IN,YouTubeVideo,2026-04-08,2356,1,4,स्क्रॉल करना बंद - चेकमेट करना शुरू। डुओलिंगो के साथ मुफ़्त में शतरंज सीखें।,इंस्टॉल करें,,,,,,,,,,,00:00,2026-07-13,html5-banner-no-mp4
481,481,Duolingo,AR01320432650854334465,Duolingo Inc,United States,IN,CR14950572808512471041,https://adstransparency.google.com/advertiser/AR01320432650854334465/creative/CR14950572808512471041?region=IN,YouTubeVideo,2026-04-08,2356,2,4,स्क्रॉल करना बंद - चेकमेट करना शुरू। डुओलिंगो के साथ मुफ़्त में शतरंज सीखें।,इंस्टॉल करें,,,,,,,,,,,00:00,2026-07-13,html5-banner-no-mp4
482,482,Duolingo,AR01320432650854334465,Duolingo Inc,United States,IN,CR14950572808512471041,https://adstransparency.google.com/advertiser/AR01320432650854334465/creative/CR14950572808512471041?region=IN,YouTubeVideo,2026-04-08,2356,3,4,,,,,,,,,,,,,,2026-07-13,html5-banner-no-mp4
483,483,Duolingo,AR01320432650854334465,Duolingo Inc,United States,IN,CR14964264038970687489,https://adstransparency.google.com/advertiser/AR01320432650854334465/creative/CR14964264038970687489?region=IN,Image,2026-03-28,2356,0,2,,,,,,,,,,,,https://tpc.googlesyndication.com/archive/simgad/787652081480407851,,2026-07-13,
484,484,Duolingo,AR01320432650854334465,Duolingo Inc,United States,IN,CR14964264038970687489,https://adstransparency.google.com/advertiser/AR01320432650854334465/creative/CR14964264038970687489?region=IN,Image,2026-03-28,2356,1,2,,,,,,,,,,,,https://tpc.googlesyndication.com/archive/simgad/787652081480407851,,2026-07-13,
485,485,Duolingo,AR01320432650854334465,Duolingo Inc,United States,IN,CR15062215913526788097,https://adstransparency.google.com/advertiser/AR01320432650854334465/creative/CR15062215913526788097?region=IN,Image,2026-07-12,2356,0,2,,,,,,,,,,,,https://tpc.googlesyndication.com/archive/simgad/10961217804196780698,,2026-07-13,
486,486,Duolingo,AR01320432650854334465,Duolingo Inc,United States,IN,CR15062215913526788097,https://adstransparency.google.com/advertiser/AR01320432650854334465/creative/CR15062215913526788097?region=IN,Image,2026-07-12,2356,1,2,,,,,,,,,,,,https://tpc.googlesyndication.com/archive/simgad/10961217804196780698,,2026-07-13,
487,487,Duolingo,AR01320432650854334465,Duolingo Inc,United States,IN,CR15087245196221480961,https://adstransparency.google.com/advertiser/AR01320432650854334465/creative/CR15087245196221480961?region=IN,YouTubeVideo,2026-07-13,2356,0,4,"చదవడం, రాయడం, వినడం, మాట్లాడటం ద్వారా ఇంగ్లీష్ నేర్చుకోవడంలో Duolingo మీకు సహాయం చేస్తుంది",ఇన్\u200cస్టాల్ చేయండి,,,,,,,,,,,00:00,2026-07-13,html5-banner-no-mp4
488,488,Duolingo,AR01320432650854334465,Duolingo Inc,United States,IN,CR15087245196221480961,https://adstransparency.google.com/advertiser/AR01320432650854334465/creative/CR15087245196221480961?region=IN,YouTubeVideo,2026-07-13,2356,1,4,"చదవడం, రాయడం, వినడం, మాట్లాడటం ద్వారా ఇంగ్లీష్ నేర్చుకోవడంలో Duolingo మీకు సహాయం చేస్తుంది",ఇన్\u200cస్టాల్ చేయండి,,,,,,,,,,,00:00,2026-07-13,html5-banner-no-mp4
489,489,Duolingo,AR01320432650854334465,Duolingo Inc,United States,IN,CR15087245196221480961,https://adstransparency.google.com/advertiser/AR01320432650854334465/creative/CR15087245196221480961?region=IN,YouTubeVideo,2026-07-13,2356,2,4,"Duolingoలో 500 మిలియన్ల కంటే ఎక్కువ మంది ప్రజలు ఇంగ్లీష్, ఇంకా ఇతర భాషలను నేర్చుకుంటారు",ఇన్\u200cస్టాల్ చేయండి,,,,,,,,,,,00:00,2026-07-13,html5-banner-no-mp4
490,490,Duolingo,AR01320432650854334465,Duolingo Inc,United States,IN,CR15087245196221480961,https://adstransparency.google.com/advertiser/AR01320432650854334465/creative/CR15087245196221480961?region=IN,YouTubeVideo,2026-07-13,2356,3,4,"చిన్న, ఉచిత పాఠాలను పూర్తి చేయడం ద్వారా Duolingoలో ఆత్మవిశ్వాసంతో మాట్లాడటం ప్రారంభించండి.",ఇన్\u200cస్టాల్ చేయండి,,,,,,,,,,,00:00,2026-07-13,html5-banner-no-mp4
491,491,Duolingo,AR01320432650854334465,Duolingo Inc,United States,IN,CR15124672915628359681,https://adstransparency.google.com/advertiser/AR01320432650854334465/creative/CR15124672915628359681?region=IN,YouTubeVideo,2026-07-13,2356,0,4,,,,,,,,,,,,,00:00,2026-07-13,html5-banner-no-mp4
492,492,Duolingo,AR01320432650854334465,Duolingo Inc,United States,IN,CR15124672915628359681,https://adstransparency.google.com/advertiser/AR01320432650854334465/creative/CR15124672915628359681?region=IN,YouTubeVideo,2026-07-13,2356,1,4,,,,,,,,,,,,,00:00,2026-07-13,html5-banner-no-mp4
493,493,Duolingo,AR01320432650854334465,Duolingo Inc,United States,IN,CR15124672915628359681,https://adstransparency.google.com/advertiser/AR01320432650854334465/creative/CR15124672915628359681?region=IN,YouTubeVideo,2026-07-13,2356,2,4,,,,,,,,,,,,,00:00,2026-07-13,html5-banner-no-mp4
494,494,Duolingo,AR01320432650854334465,Duolingo Inc,United States,IN,CR15124672915628359681,https://adstransparency.google.com/advertiser/AR01320432650854334465/creative/CR15124672915628359681?region=IN,YouTubeVideo,2026-07-13,2356,3,4,,,,,,,,,,,,,,2026-07-13,html5-banner-no-mp4
495,495,Duolingo,AR01320432650854334465,Duolingo Inc,United States,IN,CR15129272378925776897,https://adstransparency.google.com/advertiser/AR01320432650854334465/creative/CR15129272378925776897?region=IN,YouTubeVideo,2026-05-28,2356,0,3,Some controls cannot be shown due to the small ad.You can see it in fullscreen mode.,,,,,O2ZLZ6_HJbg,https://www.youtube.com/watch?v=O2ZLZ6_HJbg,,,,,,,2026-07-13,
496,496,Duolingo,AR01320432650854334465,Duolingo Inc,United States,IN,CR15129272378925776897,https://adstransparency.google.com/advertiser/AR01320432650854334465/creative/CR15129272378925776897?region=IN,YouTubeVideo,2026-05-28,2356,1,3,Some controls cannot be shown due to the small ad.You can see it in fullscreen mode.,,,,,O2ZLZ6_HJbg,https://www.youtube.com/watch?v=O2ZLZ6_HJbg,,,,,,,2026-07-13,
497,497,Duolingo,AR01320432650854334465,Duolingo Inc,United States,IN,CR15129272378925776897,https://adstransparency.google.com/advertiser/AR01320432650854334465/creative/CR15129272378925776897?region=IN,YouTubeVideo,2026-05-28,2356,2,3,Some controls cannot be shown due to the small ad.You can see it in fullscreen mode.,,,,,O2ZLZ6_HJbg,https://www.youtube.com/watch?v=O2ZLZ6_HJbg,,,,,,,2026-07-13,
498,498,Duolingo,AR01320432650854334465,Duolingo Inc,United States,IN,CR15197344586910400513,https://adstransparency.google.com/advertiser/AR01320432650854334465/creative/CR15197344586910400513?region=IN,YouTubeVideo,2026-06-01,2356,0,3,"English seekhe, bilkul muft",CATEGORY,,,,,,,,,,,00:00,2026-07-13,html5-banner-no-mp4
499,499,Duolingo,AR01320432650854334465,Duolingo Inc,United States,IN,CR15197344586910400513,https://adstransparency.google.com/advertiser/AR01320432650854334465/creative/CR15197344586910400513?region=IN,YouTubeVideo,2026-06-01,2356,1,3,"English seekhe, bilkul muft",CATEGORY,,,,,,,,,,,00:00,2026-07-13,html5-banner-no-mp4
500,500,Duolingo,AR01320432650854334465,Duolingo Inc,United States,IN,CR15197344586910400513,https://adstransparency.google.com/advertiser/AR01320432650854334465/creative/CR15197344586910400513?region=IN,YouTubeVideo,2026-06-01,2356,2,3,,,,,,,,,,,,,,2026-07-13,html5-banner-no-mp4
501,501,Duolingo,AR01320432650854334465,Duolingo Inc,United States,IN,CR15273935123792265217,https://adstransparency.google.com/advertiser/AR01320432650854334465/creative/CR15273935123792265217?region=IN,Image,2026-07-12,2356,0,1,,,,,,,,,,,,https://tpc.googlesyndication.com/archive/simgad/1009876559357159990,,2026-07-13,
502,502,Duolingo,AR01320432650854334465,Duolingo Inc,United States,IN,CR15318706137763676161,https://adstransparency.google.com/advertiser/AR01320432650854334465/creative/CR15318706137763676161?region=IN,YouTubeVideo,2026-07-13,2356,0,3,,,,,,,,,,,,,,2026-07-13,html5-banner-no-mp4
503,503,Duolingo,AR01320432650854334465,Duolingo Inc,United States,IN,CR15318706137763676161,https://adstransparency.google.com/advertiser/AR01320432650854334465/creative/CR15318706137763676161?region=IN,YouTubeVideo,2026-07-13,2356,1,3,,,,,,,,,,,,,,2026-07-13,html5-banner-no-mp4
504,504,Duolingo,AR01320432650854334465,Duolingo Inc,United States,IN,CR15318706137763676161,https://adstransparency.google.com/advertiser/AR01320432650854334465/creative/CR15318706137763676161?region=IN,YouTubeVideo,2026-07-13,2356,2,3,,,,,,,,,,,,,,2026-07-13,html5-banner-no-mp4
505,505,Duolingo,AR01320432650854334465,Duolingo Inc,United States,IN,CR15334138333215326209,https://adstransparency.google.com/advertiser/AR01320432650854334465/creative/CR15334138333215326209?region=IN,YouTubeVideo,2026-07-01,"2324,2466,2152,2417,2231,2032,2356,2504,2533,2422,2450,2312,2120,2762,2566,2784,2332,2268,2887,2800,2496,2524,2104,2384,2804,2031,2050,2818,2170,2068,2710,2388,2478,2434,2266,2368,2860,2586,2498,2834,2716,2600,2788,2214,2070,2222,2048,2458,2051,2404,2686,2512,2320,2414,2558,2398,2862,2780,2288,2630,2004,2250,2663,2688,2840,2076,2008,2012,2528,2116,2706,2508,2858,2682,2188,2634,2591,2499,2768,2854,2276,2474,2144,2900,2132,2024,2604,2438,2400,2740,2340,2175,2646,2204,2704,2218",0,4,,,,,,,,,,,,,,2026-07-13,html5-banner-no-mp4
506,506,Duolingo,AR01320432650854334465,Duolingo Inc,United States,IN,CR15334138333215326209,https://adstransparency.google.com/advertiser/AR01320432650854334465/creative/CR15334138333215326209?region=IN,YouTubeVideo,2026-07-01,"2324,2466,2152,2417,2231,2032,2356,2504,2533,2422,2450,2312,2120,2762,2566,2784,2332,2268,2887,2800,2496,2524,2104,2384,2804,2031,2050,2818,2170,2068,2710,2388,2478,2434,2266,2368,2860,2586,2498,2834,2716,2600,2788,2214,2070,2222,2048,2458,2051,2404,2686,2512,2320,2414,2558,2398,2862,2780,2288,2630,2004,2250,2663,2688,2840,2076,2008,2012,2528,2116,2706,2508,2858,2682,2188,2634,2591,2499,2768,2854,2276,2474,2144,2900,2132,2024,2604,2438,2400,2740,2340,2175,2646,2204,2704,2218",1,4,,,,,,,,,,,,,,2026-07-13,html5-banner-no-mp4
507,507,Duolingo,AR01320432650854334465,Duolingo Inc,United States,IN,CR15334138333215326209,https://adstransparency.google.com/advertiser/AR01320432650854334465/creative/CR15334138333215326209?region=IN,YouTubeVideo,2026-07-01,"2324,2466,2152,2417,2231,2032,2356,2504,2533,2422,2450,2312,2120,2762,2566,2784,2332,2268,2887,2800,2496,2524,2104,2384,2804,2031,2050,2818,2170,2068,2710,2388,2478,2434,2266,2368,2860,2586,2498,2834,2716,2600,2788,2214,2070,2222,2048,2458,2051,2404,2686,2512,2320,2414,2558,2398,2862,2780,2288,2630,2004,2250,2663,2688,2840,2076,2008,2012,2528,2116,2706,2508,2858,2682,2188,2634,2591,2499,2768,2854,2276,2474,2144,2900,2132,2024,2604,2438,2400,2740,2340,2175,2646,2204,2704,2218",2,4,,,,,,,,,,,,,,2026-07-13,html5-banner-no-mp4
508,508,Duolingo,AR01320432650854334465,Duolingo Inc,United States,IN,CR15334138333215326209,https://adstransparency.google.com/advertiser/AR01320432650854334465/creative/CR15334138333215326209?region=IN,YouTubeVideo,2026-07-01,"2324,2466,2152,2417,2231,2032,2356,2504,2533,2422,2450,2312,2120,2762,2566,2784,2332,2268,2887,2800,2496,2524,2104,2384,2804,2031,2050,2818,2170,2068,2710,2388,2478,2434,2266,2368,2860,2586,2498,2834,2716,2600,2788,2214,2070,2222,2048,2458,2051,2404,2686,2512,2320,2414,2558,2398,2862,2780,2288,2630,2004,2250,2663,2688,2840,2076,2008,2012,2528,2116,2706,2508,2858,2682,2188,2634,2591,2499,2768,2854,2276,2474,2144,2900,2132,2024,2604,2438,2400,2740,2340,2175,2646,2204,2704,2218",3,4,,,,,,,,,,,,,,2026-07-13,html5-banner-no-mp4
509,509,Duolingo,AR01320432650854334465,Duolingo Inc,United States,IN,CR15402426870112714753,https://adstransparency.google.com/advertiser/AR01320432650854334465/creative/CR15402426870112714753?region=IN,YouTubeVideo,2026-07-12,2356,0,3,,,,,,,,,,,,,,2026-07-13,html5-banner-no-mp4
510,510,Duolingo,AR01320432650854334465,Duolingo Inc,United States,IN,CR15402426870112714753,https://adstransparency.google.com/advertiser/AR01320432650854334465/creative/CR15402426870112714753?region=IN,YouTubeVideo,2026-07-12,2356,1,3,,,,,,,,,,,,,,2026-07-13,html5-banner-no-mp4
511,511,Duolingo,AR01320432650854334465,Duolingo Inc,United States,IN,CR15402426870112714753,https://adstransparency.google.com/advertiser/AR01320432650854334465/creative/CR15402426870112714753?region=IN,YouTubeVideo,2026-07-12,2356,2,3,,,,,,,,,,,,,,2026-07-13,html5-banner-no-mp4
512,512,Duolingo,AR01320432650854334465,Duolingo Inc,United States,IN,CR15454342716799844353,https://adstransparency.google.com/advertiser/AR01320432650854334465/creative/CR15454342716799844353?region=IN,Image,2026-07-13,2356,0,1,⁦Duolingo⁩,Duolingo English Test - Duolingo,,,https://ads-rendering-prod.corp.google.com/search,,,,,,,,,2026-07-13,image-url-not-extracted
513,513,Duolingo,AR01320432650854334465,Duolingo Inc,United States,IN,CR15612273062320275457,https://adstransparency.google.com/advertiser/AR01320432650854334465/creative/CR15612273062320275457?region=IN,YouTubeVideo,2026-06-01,2356,0,4,English seekhe,,,,,,,,,,,,00:00,2026-07-13,html5-banner-no-mp4
514,514,Duolingo,AR01320432650854334465,Duolingo Inc,United States,IN,CR15612273062320275457,https://adstransparency.google.com/advertiser/AR01320432650854334465/creative/CR15612273062320275457?region=IN,YouTubeVideo,2026-06-01,2356,1,4,,,,,,,,,,,,,,2026-07-13,html5-banner-no-mp4
515,515,Duolingo,AR01320432650854334465,Duolingo Inc,United States,IN,CR15612273062320275457,https://adstransparency.google.com/advertiser/AR01320432650854334465/creative/CR15612273062320275457?region=IN,YouTubeVideo,2026-06-01,2356,2,4,,,,,,,,,,,,,,2026-07-13,html5-banner-no-mp4
516,516,Duolingo,AR01320432650854334465,Duolingo Inc,United States,IN,CR15612273062320275457,https://adstransparency.google.com/advertiser/AR01320432650854334465/creative/CR15612273062320275457?region=IN,YouTubeVideo,2026-06-01,2356,3,4,,,,,,,,,,,,,,2026-07-13,html5-banner-no-mp4
517,517,Duolingo,AR01320432650854334465,Duolingo Inc,United States,IN,CR15689359753824174081,https://adstransparency.google.com/advertiser/AR01320432650854334465/creative/CR15689359753824174081?region=IN,YouTubeVideo,2026-07-01,"2499,2768,2050,2591,2800,2144,2474,2276,2634,2188,2682,2175,2340,2204,2324,2504,2704,2900,2604,2024,2558,2400,2414,2780,2288,2218,2862,2320,2458,2070,2398,2214,2404,2858,2012,2008,2528,2051,2116,2663,2250,2630,2076,2840,2434,2688,2388,2710,2031,2068,2170,2638,2804,2512,2600,2222,2686,2788,2368,2834,2478,2586,2498,2312,2860,2422,2048,2784,2332,2762,2417,2356,2466,2120,2152,2104,2524,2032,2384,2818,2566,2268,2496",0,3,,,,,,,,,,,,,,2026-07-13,html5-banner-no-mp4
518,518,Duolingo,AR01320432650854334465,Duolingo Inc,United States,IN,CR15689359753824174081,https://adstransparency.google.com/advertiser/AR01320432650854334465/creative/CR15689359753824174081?region=IN,YouTubeVideo,2026-07-01,"2499,2768,2050,2591,2800,2144,2474,2276,2634,2188,2682,2175,2340,2204,2324,2504,2704,2900,2604,2024,2558,2400,2414,2780,2288,2218,2862,2320,2458,2070,2398,2214,2404,2858,2012,2008,2528,2051,2116,2663,2250,2630,2076,2840,2434,2688,2388,2710,2031,2068,2170,2638,2804,2512,2600,2222,2686,2788,2368,2834,2478,2586,2498,2312,2860,2422,2048,2784,2332,2762,2417,2356,2466,2120,2152,2104,2524,2032,2384,2818,2566,2268,2496",1,3,,,,,,,,,,,,,,2026-07-13,html5-banner-no-mp4
519,519,Duolingo,AR01320432650854334465,Duolingo Inc,United States,IN,CR15689359753824174081,https://adstransparency.google.com/advertiser/AR01320432650854334465/creative/CR15689359753824174081?region=IN,YouTubeVideo,2026-07-01,"2499,2768,2050,2591,2800,2144,2474,2276,2634,2188,2682,2175,2340,2204,2324,2504,2704,2900,2604,2024,2558,2400,2414,2780,2288,2218,2862,2320,2458,2070,2398,2214,2404,2858,2012,2008,2528,2051,2116,2663,2250,2630,2076,2840,2434,2688,2388,2710,2031,2068,2170,2638,2804,2512,2600,2222,2686,2788,2368,2834,2478,2586,2498,2312,2860,2422,2048,2784,2332,2762,2417,2356,2466,2120,2152,2104,2524,2032,2384,2818,2566,2268,2496",2,3,,,,,,,,,,,,,,2026-07-13,html5-banner-no-mp4
520,520,Duolingo,AR01320432650854334465,Duolingo Inc,United States,IN,CR15930982252981256193,https://adstransparency.google.com/advertiser/AR01320432650854334465/creative/CR15930982252981256193?region=IN,YouTubeVideo,2026-03-29,2356,0,3,,,,,,,,,,,,,,2026-07-13,html5-banner-no-mp4
521,521,Duolingo,AR01320432650854334465,Duolingo Inc,United States,IN,CR15930982252981256193,https://adstransparency.google.com/advertiser/AR01320432650854334465/creative/CR15930982252981256193?region=IN,YouTubeVideo,2026-03-29,2356,1,3,,,,,,,,,,,,,,2026-07-13,html5-banner-no-mp4
522,522,Duolingo,AR01320432650854334465,Duolingo Inc,United States,IN,CR15930982252981256193,https://adstransparency.google.com/advertiser/AR01320432650854334465/creative/CR15930982252981256193?region=IN,YouTubeVideo,2026-03-29,2356,2,3,,,,,,,,,,,,,,2026-07-13,html5-banner-no-mp4
523,523,Duolingo,AR01320432650854334465,Duolingo Inc,United States,IN,CR16014139614470078465,https://adstransparency.google.com/advertiser/AR01320432650854334465/creative/CR16014139614470078465?region=IN,YouTubeVideo,2026-03-25,2356,0,3,Some controls cannot be shown due to the small ad.You can see it in fullscreen mode.,,,,,GR2HCQ_srp8,https://www.youtube.com/watch?v=GR2HCQ_srp8,,,,,,,2026-07-13,
524,524,Duolingo,AR01320432650854334465,Duolingo Inc,United States,IN,CR16014139614470078465,https://adstransparency.google.com/advertiser/AR01320432650854334465/creative/CR16014139614470078465?region=IN,YouTubeVideo,2026-03-25,2356,1,3,Some controls cannot be shown due to the small ad.You can see it in fullscreen mode.,,,,,bQYPPrYsUps,https://www.youtube.com/watch?v=bQYPPrYsUps,,,,,,,2026-07-13,
525,525,Duolingo,AR01320432650854334465,Duolingo Inc,United States,IN,CR16014139614470078465,https://adstransparency.google.com/advertiser/AR01320432650854334465/creative/CR16014139614470078465?region=IN,YouTubeVideo,2026-03-25,2356,2,3,Some controls cannot be shown due to the small ad.You can see it in fullscreen mode.,,,,,bQYPPrYsUps,https://www.youtube.com/watch?v=bQYPPrYsUps,,,,,,,2026-07-13,
526,526,Duolingo,AR01320432650854334465,Duolingo Inc,United States,IN,CR16058041739377639425,https://adstransparency.google.com/advertiser/AR01320432650854334465/creative/CR16058041739377639425?region=IN,Image,2026-07-13,2356,0,2,,,,,,,,,,,,https://tpc.googlesyndication.com/archive/simgad/17849281500445871191,,2026-07-13,
527,527,Duolingo,AR01320432650854334465,Duolingo Inc,United States,IN,CR16058041739377639425,https://adstransparency.google.com/advertiser/AR01320432650854334465/creative/CR16058041739377639425?region=IN,Image,2026-07-13,2356,1,2,,,,,,,,,,,,https://tpc.googlesyndication.com/archive/simgad/17849281500445871191,,2026-07-13,
528,528,Duolingo,AR01320432650854334465,Duolingo Inc,United States,IN,CR16167130962348474369,https://adstransparency.google.com/advertiser/AR01320432650854334465/creative/CR16167130962348474369?region=IN,YouTubeVideo,2026-03-23,2356,0,3,,,,,,,,,,,,,,2026-07-13,html5-banner-no-mp4
529,529,Duolingo,AR01320432650854334465,Duolingo Inc,United States,IN,CR16167130962348474369,https://adstransparency.google.com/advertiser/AR01320432650854334465/creative/CR16167130962348474369?region=IN,YouTubeVideo,2026-03-23,2356,1,3,,,,,,,,,,,,,,2026-07-13,html5-banner-no-mp4
530,530,Duolingo,AR01320432650854334465,Duolingo Inc,United States,IN,CR16167130962348474369,https://adstransparency.google.com/advertiser/AR01320432650854334465/creative/CR16167130962348474369?region=IN,YouTubeVideo,2026-03-23,2356,2,3,,,,,,,,,,,,,,2026-07-13,html5-banner-no-mp4
531,531,Duolingo,AR01320432650854334465,Duolingo Inc,United States,IN,CR16328759918955855873,https://adstransparency.google.com/advertiser/AR01320432650854334465/creative/CR16328759918955855873?region=IN,Image,2026-05-23,2356,0,3,,,,,,,,,,,,https://tpc.googlesyndication.com/archive/simgad/9879340742538405584,,2026-07-13,
532,532,Duolingo,AR01320432650854334465,Duolingo Inc,United States,IN,CR16328759918955855873,https://adstransparency.google.com/advertiser/AR01320432650854334465/creative/CR16328759918955855873?region=IN,Image,2026-05-23,2356,1,3,,,,,,,,,,,,https://tpc.googlesyndication.com/archive/simgad/439658978142889395,,2026-07-13,
533,533,Duolingo,AR01320432650854334465,Duolingo Inc,United States,IN,CR16328759918955855873,https://adstransparency.google.com/advertiser/AR01320432650854334465/creative/CR16328759918955855873?region=IN,Image,2026-05-23,2356,2,3,,,,,,,,,,,,https://tpc.googlesyndication.com/archive/simgad/14578532222941527128,,2026-07-13,
534,534,Duolingo,AR01320432650854334465,Duolingo Inc,United States,IN,CR16651913258306895873,https://adstransparency.google.com/advertiser/AR01320432650854334465/creative/CR16651913258306895873?region=IN,YouTubeVideo,2026-07-12,2356,0,3,,,,,,,,,,,,,,2026-07-13,html5-banner-no-mp4
535,535,Duolingo,AR01320432650854334465,Duolingo Inc,United States,IN,CR16651913258306895873,https://adstransparency.google.com/advertiser/AR01320432650854334465/creative/CR16651913258306895873?region=IN,YouTubeVideo,2026-07-12,2356,1,3,,,,,,,,,,,,,,2026-07-13,html5-banner-no-mp4
536,536,Duolingo,AR01320432650854334465,Duolingo Inc,United States,IN,CR16651913258306895873,https://adstransparency.google.com/advertiser/AR01320432650854334465/creative/CR16651913258306895873?region=IN,YouTubeVideo,2026-07-12,2356,2,3,,,,,,,,,,,,,,2026-07-13,html5-banner-no-mp4
537,537,Duolingo,AR01320432650854334465,Duolingo Inc,United States,IN,CR16652154781497819137,https://adstransparency.google.com/advertiser/AR01320432650854334465/creative/CR16652154781497819137?region=IN,YouTubeVideo,2026-03-29,2356,0,3,,,,,,,,,,,,,,2026-07-13,html5-banner-no-mp4
538,538,Duolingo,AR01320432650854334465,Duolingo Inc,United States,IN,CR16652154781497819137,https://adstransparency.google.com/advertiser/AR01320432650854334465/creative/CR16652154781497819137?region=IN,YouTubeVideo,2026-03-29,2356,1,3,,,,,,,,,,,,,,2026-07-13,html5-banner-no-mp4
539,539,Duolingo,AR01320432650854334465,Duolingo Inc,United States,IN,CR16652154781497819137,https://adstransparency.google.com/advertiser/AR01320432650854334465/creative/CR16652154781497819137?region=IN,YouTubeVideo,2026-03-29,2356,2,3,,,,,,,,,,,,,,2026-07-13,html5-banner-no-mp4
540,540,Duolingo,AR01320432650854334465,Duolingo Inc,United States,IN,CR16716632436863139841,https://adstransparency.google.com/advertiser/AR01320432650854334465/creative/CR16716632436863139841?region=IN,Image,2026-05-02,2356,0,3,,,,,,,,,,,,https://tpc.googlesyndication.com/archive/simgad/11236398185472456237,,2026-07-13,
541,541,Duolingo,AR01320432650854334465,Duolingo Inc,United States,IN,CR16716632436863139841,https://adstransparency.google.com/advertiser/AR01320432650854334465/creative/CR16716632436863139841?region=IN,Image,2026-05-02,2356,1,3,,,,,,,,,,,,https://tpc.googlesyndication.com/archive/simgad/12976729331972925515,,2026-07-13,
542,542,Duolingo,AR01320432650854334465,Duolingo Inc,United States,IN,CR16716632436863139841,https://adstransparency.google.com/advertiser/AR01320432650854334465/creative/CR16716632436863139841?region=IN,Image,2026-05-02,2356,2,3,,,,,,,,,,,,https://tpc.googlesyndication.com/archive/simgad/8699256944794113075,,2026-07-13,
543,543,Duolingo,AR01320432650854334465,Duolingo Inc,United States,IN,CR16860688844016582657,https://adstransparency.google.com/advertiser/AR01320432650854334465/creative/CR16860688844016582657?region=IN,YouTubeVideo,2026-02-25,"2642,2528,2356,2250",0,4,इंस्टॉल करें,,,,,,,,,,,,00:00,2026-07-13,html5-banner-no-mp4
544,544,Duolingo,AR01320432650854334465,Duolingo Inc,United States,IN,CR16860688844016582657,https://adstransparency.google.com/advertiser/AR01320432650854334465/creative/CR16860688844016582657?region=IN,YouTubeVideo,2026-02-25,"2642,2528,2356,2250",1,4,इंस्टॉल करें,,,,,,,,,,,,00:00,2026-07-13,html5-banner-no-mp4
545,545,Duolingo,AR01320432650854334465,Duolingo Inc,United States,IN,CR16860688844016582657,https://adstransparency.google.com/advertiser/AR01320432650854334465/creative/CR16860688844016582657?region=IN,YouTubeVideo,2026-02-25,"2642,2528,2356,2250",2,4,इंस्टॉल करें,,,,,,,,,,,,00:00,2026-07-13,html5-banner-no-mp4
546,546,Duolingo,AR01320432650854334465,Duolingo Inc,United States,IN,CR16860688844016582657,https://adstransparency.google.com/advertiser/AR01320432650854334465/creative/CR16860688844016582657?region=IN,YouTubeVideo,2026-02-25,"2642,2528,2356,2250",3,4,,,,,,,,,,,,,,2026-07-13,html5-banner-no-mp4
547,547,Duolingo,AR01320432650854334465,Duolingo Inc,United States,IN,CR16979506013294034945,https://adstransparency.google.com/advertiser/AR01320432650854334465/creative/CR16979506013294034945?region=IN,YouTubeVideo,2026-04-08,2356,0,4,"English seekhe, bilkul muft",CATEGORY,,,,,,,,,,,00:00,2026-07-13,html5-banner-no-mp4
548,548,Duolingo,AR01320432650854334465,Duolingo Inc,United States,IN,CR16979506013294034945,https://adstransparency.google.com/advertiser/AR01320432650854334465/creative/CR16979506013294034945?region=IN,YouTubeVideo,2026-04-08,2356,1,4,"English seekhen, bilkul free",CATEGORY,,,,,,,,,,,00:00,2026-07-13,html5-banner-no-mp4
549,549,Duolingo,AR01320432650854334465,Duolingo Inc,United States,IN,CR16979506013294034945,https://adstransparency.google.com/advertiser/AR01320432650854334465/creative/CR16979506013294034945?region=IN,YouTubeVideo,2026-04-08,2356,2,4,"भाषा सीखें, कभी भी-कहीं भी",इंस्टॉल करें,,,,,,,,,,,00:00,2026-07-13,html5-banner-no-mp4
550,550,Duolingo,AR01320432650854334465,Duolingo Inc,United States,IN,CR16979506013294034945,https://adstransparency.google.com/advertiser/AR01320432650854334465/creative/CR16979506013294034945?region=IN,YouTubeVideo,2026-04-08,2356,3,4,,,,,,,,,,,,,,2026-07-13,html5-banner-no-mp4
551,551,Duolingo,AR01320432650854334465,Duolingo Inc,United States,IN,CR16979697122158837761,https://adstransparency.google.com/advertiser/AR01320432650854334465/creative/CR16979697122158837761?region=IN,Image,2026-07-12,2356,0,3,,,,,,,,,,,,https://tpc.googlesyndication.com/archive/simgad/5751083492401852413,,2026-07-13,
552,552,Duolingo,AR01320432650854334465,Duolingo Inc,United States,IN,CR16979697122158837761,https://adstransparency.google.com/advertiser/AR01320432650854334465/creative/CR16979697122158837761?region=IN,Image,2026-07-12,2356,1,3,,,,,,,,,,,,https://tpc.googlesyndication.com/archive/simgad/10693870505416922106,,2026-07-13,
553,553,Duolingo,AR01320432650854334465,Duolingo Inc,United States,IN,CR16979697122158837761,https://adstransparency.google.com/advertiser/AR01320432650854334465/creative/CR16979697122158837761?region=IN,Image,2026-07-12,2356,2,3,,,,,,,,,,,,https://tpc.googlesyndication.com/archive/simgad/7999818286311225906,,2026-07-13,
554,554,Duolingo,AR01320432650854334465,Duolingo Inc,United States,IN,CR17029122789757419521,https://adstransparency.google.com/advertiser/AR01320432650854334465/creative/CR17029122789757419521?region=IN,Image,2026-03-23,2356,0,3,,,,,,,,,,,,https://tpc.googlesyndication.com/archive/simgad/12638904822393115580,,2026-07-13,
555,555,Duolingo,AR01320432650854334465,Duolingo Inc,United States,IN,CR17029122789757419521,https://adstransparency.google.com/advertiser/AR01320432650854334465/creative/CR17029122789757419521?region=IN,Image,2026-03-23,2356,1,3,,,,,,,,,,,,https://tpc.googlesyndication.com/archive/simgad/12638904822393115580,,2026-07-13,
556,556,Duolingo,AR01320432650854334465,Duolingo Inc,United States,IN,CR17029122789757419521,https://adstransparency.google.com/advertiser/AR01320432650854334465/creative/CR17029122789757419521?region=IN,Image,2026-03-23,2356,2,3,,,,,,,,,,,,https://tpc.googlesyndication.com/archive/simgad/12638904822393115580,,2026-07-13,
557,557,Duolingo,AR01320432650854334465,Duolingo Inc,United States,IN,CR17141482123518017537,https://adstransparency.google.com/advertiser/AR01320432650854334465/creative/CR17141482123518017537?region=IN,YouTubeVideo,2026-04-16,"2203,2578,2276,2442,2724,2586,2250,2620,2528,2616,2300,2040,2056,2208,2682,2191,2752,2380,2792,2348,2356",0,3,Installieren,,,,,,,,,,,,00:00,2026-07-13,html5-banner-no-mp4
558,558,Duolingo,AR01320432650854334465,Duolingo Inc,United States,IN,CR17141482123518017537,https://adstransparency.google.com/advertiser/AR01320432650854334465/creative/CR17141482123518017537?region=IN,YouTubeVideo,2026-04-16,"2203,2578,2276,2442,2724,2586,2250,2620,2528,2616,2300,2040,2056,2208,2682,2191,2752,2380,2792,2348,2356",1,3,"Hol dir auf Duolingo freien Zugang zu Sprachlern-Tools, um selbstsicher zu sprechen.",Installieren,,,,,,,,,,,00:00,2026-07-13,html5-banner-no-mp4
559,559,Duolingo,AR01320432650854334465,Duolingo Inc,United States,IN,CR17141482123518017537,https://adstransparency.google.com/advertiser/AR01320432650854334465/creative/CR17141482123518017537?region=IN,YouTubeVideo,2026-04-16,"2203,2578,2276,2442,2724,2586,2250,2620,2528,2616,2300,2040,2056,2208,2682,2191,2752,2380,2792,2348,2356",2,3,Kostenlos Sprachen lernen,KATEGORIE,,,,,,,,,,,00:00,2026-07-13,html5-banner-no-mp4
560,560,Duolingo,AR01320432650854334465,Duolingo Inc,United States,IN,CR17195655018468868097,https://adstransparency.google.com/advertiser/AR01320432650854334465/creative/CR17195655018468868097?region=IN,YouTubeVideo,2026-07-12,"2398,2702,2356,2124,2484,2840,2616,2528,2578,2040,2104,2724,2250,2554,2246,2276,2036,2752",0,3,,,,,,,,,,,,,,2026-07-13,html5-banner-no-mp4
561,561,Duolingo,AR01320432650854334465,Duolingo Inc,United States,IN,CR17195655018468868097,https://adstransparency.google.com/advertiser/AR01320432650854334465/creative/CR17195655018468868097?region=IN,YouTubeVideo,2026-07-12,"2398,2702,2356,2124,2484,2840,2616,2528,2578,2040,2104,2724,2250,2554,2246,2276,2036,2752",1,3,,,,,,,,,,,,,,2026-07-13,html5-banner-no-mp4
562,562,Duolingo,AR01320432650854334465,Duolingo Inc,United States,IN,CR17195655018468868097,https://adstransparency.google.com/advertiser/AR01320432650854334465/creative/CR17195655018468868097?region=IN,YouTubeVideo,2026-07-12,"2398,2702,2356,2124,2484,2840,2616,2528,2578,2040,2104,2724,2250,2554,2246,2276,2036,2752",2,3,,,,,,,,,,,,,,2026-07-13,html5-banner-no-mp4
563,563,Duolingo,AR01320432650854334465,Duolingo Inc,United States,IN,CR17439134721614282753,https://adstransparency.google.com/advertiser/AR01320432650854334465/creative/CR17439134721614282753?region=IN,Image,2026-05-02,2356,0,3,,,,,,,,,,,,https://tpc.googlesyndication.com/archive/simgad/10446086966335729069,,2026-07-13,
564,564,Duolingo,AR01320432650854334465,Duolingo Inc,United States,IN,CR17439134721614282753,https://adstransparency.google.com/advertiser/AR01320432650854334465/creative/CR17439134721614282753?region=IN,Image,2026-05-02,2356,1,3,,,,,,,,,,,,https://tpc.googlesyndication.com/archive/simgad/16380366279587734010,,2026-07-13,
565,565,Duolingo,AR01320432650854334465,Duolingo Inc,United States,IN,CR17439134721614282753,https://adstransparency.google.com/advertiser/AR01320432650854334465/creative/CR17439134721614282753?region=IN,Image,2026-05-02,2356,2,3,,,,,,,,,,,,https://tpc.googlesyndication.com/archive/simgad/7776202268340890410,,2026-07-13,
566,566,Duolingo,AR01320432650854334465,Duolingo Inc,United States,IN,CR17660929306680885249,https://adstransparency.google.com/advertiser/AR01320432650854334465/creative/CR17660929306680885249?region=IN,YouTubeVideo,2026-07-13,2356,0,3,,,,,,,,,,,,,,2026-07-13,html5-banner-no-mp4
567,567,Duolingo,AR01320432650854334465,Duolingo Inc,United States,IN,CR17660929306680885249,https://adstransparency.google.com/advertiser/AR01320432650854334465/creative/CR17660929306680885249?region=IN,YouTubeVideo,2026-07-13,2356,1,3,,,,,,,,,,,,,,2026-07-13,html5-banner-no-mp4
568,568,Duolingo,AR01320432650854334465,Duolingo Inc,United States,IN,CR17660929306680885249,https://adstransparency.google.com/advertiser/AR01320432650854334465/creative/CR17660929306680885249?region=IN,YouTubeVideo,2026-07-13,2356,2,3,,,,,,,,,,,,,,2026-07-13,html5-banner-no-mp4
569,569,Duolingo,AR01320432650854334465,Duolingo Inc,United States,IN,CR17717268342617669633,https://adstransparency.google.com/advertiser/AR01320432650854334465/creative/CR17717268342617669633?region=IN,YouTubeVideo,2026-05-28,"2586,2578,2826,2203,2724,2288,2356,2196,2372,2233,2380,2703,2442,2100,2191,2620,2008,2818,2616,2428,2470,2250,2752,2528,2705,2056,2840,2348,2804,2642,2246,2792,2276,2682,2440,2300,2704,2756,2040,2764,2352,2208",0,4,,,,,,,,,,,,,,2026-07-13,html5-banner-no-mp4
570,570,Duolingo,AR01320432650854334465,Duolingo Inc,United States,IN,CR17717268342617669633,https://adstransparency.google.com/advertiser/AR01320432650854334465/creative/CR17717268342617669633?region=IN,YouTubeVideo,2026-05-28,"2586,2578,2826,2203,2724,2288,2356,2196,2372,2233,2380,2703,2442,2100,2191,2620,2008,2818,2616,2428,2470,2250,2752,2528,2705,2056,2840,2348,2804,2642,2246,2792,2276,2682,2440,2300,2704,2756,2040,2764,2352,2208",1,4,,,,,,,,,,,,,,2026-07-13,html5-banner-no-mp4
571,571,Duolingo,AR01320432650854334465,Duolingo Inc,United States,IN,CR17717268342617669633,https://adstransparency.google.com/advertiser/AR01320432650854334465/creative/CR17717268342617669633?region=IN,YouTubeVideo,2026-05-28,"2586,2578,2826,2203,2724,2288,2356,2196,2372,2233,2380,2703,2442,2100,2191,2620,2008,2818,2616,2428,2470,2250,2752,2528,2705,2056,2840,2348,2804,2642,2246,2792,2276,2682,2440,2300,2704,2756,2040,2764,2352,2208",2,4,,,,,,,,,,,,,00:00,2026-07-13,html5-banner-no-mp4
572,572,Duolingo,AR01320432650854334465,Duolingo Inc,United States,IN,CR17717268342617669633,https://adstransparency.google.com/advertiser/AR01320432650854334465/creative/CR17717268342617669633?region=IN,YouTubeVideo,2026-05-28,"2586,2578,2826,2203,2724,2288,2356,2196,2372,2233,2380,2703,2442,2100,2191,2620,2008,2818,2616,2428,2470,2250,2752,2528,2705,2056,2840,2348,2804,2642,2246,2792,2276,2682,2440,2300,2704,2756,2040,2764,2352,2208",3,4,,,,,,,,,,,,,,2026-07-13,html5-banner-no-mp4
573,573,Duolingo,AR01320432650854334465,Duolingo Inc,United States,IN,CR17762195908147019777,https://adstransparency.google.com/advertiser/AR01320432650854334465/creative/CR17762195908147019777?region=IN,Image,2026-07-13,2356,0,3,,,,,,,,,,,,https://tpc.googlesyndication.com/archive/simgad/745032627755196737,,2026-07-13,
574,574,Duolingo,AR01320432650854334465,Duolingo Inc,United States,IN,CR17762195908147019777,https://adstransparency.google.com/advertiser/AR01320432650854334465/creative/CR17762195908147019777?region=IN,Image,2026-07-13,2356,1,3,,,,,,,,,,,,https://tpc.googlesyndication.com/archive/simgad/4932825232104956020,,2026-07-13,
575,575,Duolingo,AR01320432650854334465,Duolingo Inc,United States,IN,CR17762195908147019777,https://adstransparency.google.com/advertiser/AR01320432650854334465/creative/CR17762195908147019777?region=IN,Image,2026-07-13,2356,2,3,,,,,,,,,,,,https://tpc.googlesyndication.com/archive/simgad/8091706833490497185,,2026-07-13,
576,576,Duolingo,AR01320432650854334465,Duolingo Inc,United States,IN,CR17810233090128216065,https://adstransparency.google.com/advertiser/AR01320432650854334465/creative/CR17810233090128216065?region=IN,Image,2026-07-12,2356,0,1,,,,,,,,,,,,https://tpc.googlesyndication.com/archive/simgad/11799657099351667870,,2026-07-13,
577,577,Duolingo,AR01320432650854334465,Duolingo Inc,United States,IN,CR17821800957474766849,https://adstransparency.google.com/advertiser/AR01320432650854334465/creative/CR17821800957474766849?region=IN,Image,2026-03-30,2356,0,3,,,,,,,,,,,,https://tpc.googlesyndication.com/archive/simgad/2208013946648589397,,2026-07-13,
578,578,Duolingo,AR01320432650854334465,Duolingo Inc,United States,IN,CR17821800957474766849,https://adstransparency.google.com/advertiser/AR01320432650854334465/creative/CR17821800957474766849?region=IN,Image,2026-03-30,2356,1,3,,,,,,,,,,,,https://tpc.googlesyndication.com/archive/simgad/2208013946648589397,,2026-07-13,
579,579,Duolingo,AR01320432650854334465,Duolingo Inc,United States,IN,CR17821800957474766849,https://adstransparency.google.com/advertiser/AR01320432650854334465/creative/CR17821800957474766849?region=IN,Image,2026-03-30,2356,2,3,,,,,,,,,,,,https://tpc.googlesyndication.com/archive/simgad/2208013946648589397,,2026-07-13,
580,580,Duolingo,AR01320432650854334465,Duolingo Inc,United States,IN,CR17915019846790152193,https://adstransparency.google.com/advertiser/AR01320432650854334465/creative/CR17915019846790152193?region=IN,YouTubeVideo,2026-06-01,2356,0,4,स्क्रॉल करना बंद - चेकमेट करना शुरू। डुओलिंगो के साथ मुफ़्त में शतरंज सीखें।,इंस्टॉल करें,,,,,,,,,,,00:00,2026-07-13,html5-banner-no-mp4
581,581,Duolingo,AR01320432650854334465,Duolingo Inc,United States,IN,CR17915019846790152193,https://adstransparency.google.com/advertiser/AR01320432650854334465/creative/CR17915019846790152193?region=IN,YouTubeVideo,2026-06-01,2356,1,4,,,,,,,,,,,,,,2026-07-13,html5-banner-no-mp4
582,582,Duolingo,AR01320432650854334465,Duolingo Inc,United States,IN,CR17915019846790152193,https://adstransparency.google.com/advertiser/AR01320432650854334465/creative/CR17915019846790152193?region=IN,YouTubeVideo,2026-06-01,2356,2,4,स्क्रॉल करना बंद - चेकमेट करना शुरू। डुओलिंगो के साथ मुफ़्त में शतरंज सीखें।,इंस्टॉल करें,,,,,,,,,,,00:00,2026-07-13,html5-banner-no-mp4
583,583,Duolingo,AR01320432650854334465,Duolingo Inc,United States,IN,CR17915019846790152193,https://adstransparency.google.com/advertiser/AR01320432650854334465/creative/CR17915019846790152193?region=IN,YouTubeVideo,2026-06-01,2356,3,4,,,,,,,,,,,,,,2026-07-13,html5-banner-no-mp4
584,584,Duolingo,AR01320432650854334465,Duolingo Inc,United States,IN,CR18023376717707476993,https://adstransparency.google.com/advertiser/AR01320432650854334465/creative/CR18023376717707476993?region=IN,YouTubeVideo,2026-07-12,2356,0,1,,,,,,,,,,,,,,2026-07-13,html5-banner-no-mp4
585,585,Duolingo,AR01320432650854334465,Duolingo Inc,United States,IN,CR18027554312137211905,https://adstransparency.google.com/advertiser/AR01320432650854334465/creative/CR18027554312137211905?region=IN,YouTubeVideo,2026-07-12,"2380,2752,2300,2356,2360,2036,2826,2578,2040,2474,2392,2246,2484,2528,2616,2104,2428,2620,2124,2276,2554,2170,2250,2076,2840,2724,2312,2398,2566",0,3,,,,,,,,,,,,,00:00,2026-07-13,html5-banner-no-mp4
586,586,Duolingo,AR01320432650854334465,Duolingo Inc,United States,IN,CR18027554312137211905,https://adstransparency.google.com/advertiser/AR01320432650854334465/creative/CR18027554312137211905?region=IN,YouTubeVideo,2026-07-12,"2380,2752,2300,2356,2360,2036,2826,2578,2040,2474,2392,2246,2484,2528,2616,2104,2428,2620,2124,2276,2554,2170,2250,2076,2840,2724,2312,2398,2566",1,3,Learn a language for free with fun lessons designed to keep you motivated,,,,,,,,,,,,00:00,2026-07-13,html5-banner-no-mp4
587,587,Duolingo,AR01320432650854334465,Duolingo Inc,United States,IN,CR18027554312137211905,https://adstransparency.google.com/advertiser/AR01320432650854334465/creative/CR18027554312137211905?region=IN,YouTubeVideo,2026-07-12,"2380,2752,2300,2356,2360,2036,2826,2578,2040,2474,2392,2246,2484,2528,2616,2104,2428,2620,2124,2276,2554,2170,2250,2076,2840,2724,2312,2398,2566",2,3,Free Language Learning,CATEGORY,,,,,,,,,,,00:00,2026-07-13,html5-banner-no-mp4
588,588,Duolingo,AR01320432650854334465,Duolingo Inc,United States,IN,CR18156208098983804929,https://adstransparency.google.com/advertiser/AR01320432650854334465/creative/CR18156208098983804929?region=IN,Image,2026-07-12,2356,0,3,,,,,,,,,,,,https://tpc.googlesyndication.com/archive/simgad/10374697488862208770,,2026-07-13,
589,589,Duolingo,AR01320432650854334465,Duolingo Inc,United States,IN,CR18156208098983804929,https://adstransparency.google.com/advertiser/AR01320432650854334465/creative/CR18156208098983804929?region=IN,Image,2026-07-12,2356,1,3,,,,,,,,,,,,https://tpc.googlesyndication.com/archive/simgad/10865903893510317241,,2026-07-13,
590,590,Duolingo,AR01320432650854334465,Duolingo Inc,United States,IN,CR18156208098983804929,https://adstransparency.google.com/advertiser/AR01320432650854334465/creative/CR18156208098983804929?region=IN,Image,2026-07-12,2356,2,3,,,,,,,,,,,,https://tpc.googlesyndication.com/archive/simgad/16324749565695097328,,2026-07-13,
591,591,Duolingo,AR01320432650854334465,Duolingo Inc,United States,IN,CR18217646274713223169,https://adstransparency.google.com/advertiser/AR01320432650854334465/creative/CR18217646274713223169?region=IN,Image,2026-03-30,2356,0,3,,,,,,,,,,,,https://tpc.googlesyndication.com/archive/simgad/8150835354280338927,,2026-07-13,
592,592,Duolingo,AR01320432650854334465,Duolingo Inc,United States,IN,CR18217646274713223169,https://adstransparency.google.com/advertiser/AR01320432650854334465/creative/CR18217646274713223169?region=IN,Image,2026-03-30,2356,1,3,,,,,,,,,,,,https://tpc.googlesyndication.com/archive/simgad/8150835354280338927,,2026-07-13,
593,593,Duolingo,AR01320432650854334465,Duolingo Inc,United States,IN,CR18217646274713223169,https://adstransparency.google.com/advertiser/AR01320432650854334465/creative/CR18217646274713223169?region=IN,Image,2026-03-30,2356,2,3,,,,,,,,,,,,https://tpc.googlesyndication.com/archive/simgad/8150835354280338927,,2026-07-13,
594,594,Duolingo,AR01320432650854334465,Duolingo Inc,United States,IN,CR18247574835192397825,https://adstransparency.google.com/advertiser/AR01320432650854334465/creative/CR18247574835192397825?region=IN,YouTubeVideo,2026-04-07,2356,0,4,Some controls cannot be shown due to the small ad.You can see it in fullscreen mode.,,,,,UpJj6LlZAD0,https://www.youtube.com/watch?v=UpJj6LlZAD0,,,,,,,2026-07-13,
595,595,Duolingo,AR01320432650854334465,Duolingo Inc,United States,IN,CR18247574835192397825,https://adstransparency.google.com/advertiser/AR01320432650854334465/creative/CR18247574835192397825?region=IN,YouTubeVideo,2026-04-07,2356,1,4,Some controls cannot be shown due to the small ad.You can see it in fullscreen mode.,,,,,UpJj6LlZAD0,https://www.youtube.com/watch?v=UpJj6LlZAD0,,,,,,,2026-07-13,
596,596,Duolingo,AR01320432650854334465,Duolingo Inc,United States,IN,CR18247574835192397825,https://adstransparency.google.com/advertiser/AR01320432650854334465/creative/CR18247574835192397825?region=IN,YouTubeVideo,2026-04-07,2356,2,4,Some controls cannot be shown due to the small ad.You can see it in fullscreen mode.,,,,,UpJj6LlZAD0,https://www.youtube.com/watch?v=UpJj6LlZAD0,,,,,,,2026-07-13,
597,597,Duolingo,AR01320432650854334465,Duolingo Inc,United States,IN,CR18247574835192397825,https://adstransparency.google.com/advertiser/AR01320432650854334465/creative/CR18247574835192397825?region=IN,YouTubeVideo,2026-04-07,2356,3,4,,,,,,,,,,,,,,2026-07-13,html5-banner-no-mp4
598,598,Duolingo,AR01320432650854334465,Duolingo Inc,United States,IN,CR18253761168646602753,https://adstransparency.google.com/advertiser/AR01320432650854334465/creative/CR18253761168646602753?region=IN,Image,2026-07-12,2356,0,1,,,,,,,,,,,,https://tpc.googlesyndication.com/archive/simgad/15359375593292227307,,2026-07-13,
599,599,Duolingo,AR01320432650854334465,Duolingo Inc,United States,IN,CR18337398930817417217,https://adstransparency.google.com/advertiser/AR01320432650854334465/creative/CR18337398930817417217,Unknown,,,0,1,,,,,,,,,,,,,,2026-07-13,detail-fetch: HTTPError
600,600,Duolingo,AR01320432650854334465,Duolingo Inc,United States,IN,CR18342870616073306113,https://adstransparency.google.com/advertiser/AR01320432650854334465/creative/CR18342870616073306113?region=IN,Image,2026-03-22,2356,0,2,,,,,,,,,,,,https://tpc.googlesyndication.com/archive/simgad/835806104717456394,,2026-07-13,
601,601,Duolingo,AR01320432650854334465,Duolingo Inc,United States,IN,CR18342870616073306113,https://adstransparency.google.com/advertiser/AR01320432650854334465/creative/CR18342870616073306113?region=IN,Image,2026-03-22,2356,1,2,,,,,,,,,,,,https://tpc.googlesyndication.com/archive/simgad/835806104717456394,,2026-07-13,
602,602,Duolingo,AR01320432650854334465,Duolingo Inc,United States,IN,CR18360220282494386177,https://adstransparency.google.com/advertiser/AR01320432650854334465/creative/CR18360220282494386177?region=IN,Image,2026-05-22,2356,0,3,,,,,,,,,,,,https://tpc.googlesyndication.com/archive/simgad/16723912033991738463,,2026-07-13,
603,603,Duolingo,AR01320432650854334465,Duolingo Inc,United States,IN,CR18360220282494386177,https://adstransparency.google.com/advertiser/AR01320432650854334465/creative/CR18360220282494386177?region=IN,Image,2026-05-22,2356,1,3,,,,,,,,,,,,https://tpc.googlesyndication.com/archive/simgad/11247531552372249525,,2026-07-13,
604,604,Duolingo,AR01320432650854334465,Duolingo Inc,United States,IN,CR18360220282494386177,https://adstransparency.google.com/advertiser/AR01320432650854334465/creative/CR18360220282494386177?region=IN,Image,2026-05-22,2356,2,3,,,,,,,,,,,,https://tpc.googlesyndication.com/archive/simgad/3642682675141013951,,2026-07-13,
