row_rank,page_rank,competitor_name,facebook_page_id,facebook_page_name,facebook_page_followers,target_country,ad_library_id,ad_library_url,ad_start_date,ad_end_date,has_low_impression_warning,ad_has_multiple_versions,ad_version_count,version_index,version_id,version_start_date,version_end_date,version_primary_text,version_description,version_cta_label,version_destination_url,version_platforms_distribution,ad_primary_text,ad_description,ad_cta_label,ad_destination_url,ad_media_type,ad_distribution_platforms,creative_count_in_ad,creative_index_in_ad,creative_aspect_ratio,facebook_video_cdn_url_at_scrape,facebook_thumbnail_cdn_url_at_scrape,facebook_cdn_url_expiry_at_scrape,scrape_run_date
1,1,Lingo AI,599204246602758,Lingo AI,,IN,1038854211901779,https://www.facebook.com/ads/library/?id=1038854211901779,2026-06-21,,false,true,2,0,1038854211901779,2026-06-21,,"📘 Learn English easily with simple lessons 
😊 Build confidence with everyday speaking practice 
👉 Download now",👉 Download now,Download,http://itunes.apple.com/app/id6740255326,"Facebook,Instagram,Audience Network,Messenger,Threads","📘 Learn English easily with simple lessons 
😊 Build confidence with everyday speaking practice 
👉 Download now",👉 Download now,Download,http://itunes.apple.com/app/id6740255326,Video,"Facebook,Instagram,Audience Network,Messenger,Threads",1,0,9:16,https://video.fblr22-1.fna.fbcdn.net/o1/v/t2/f2/m366/AQOQ8ebkvrMkcxQp5L9tJyw1mNPpR5Ng1BpgHuy_mVYq8it4VI-T9TRZ4AH9vapteIBmbP6cyx5GGdNetThUPIVK94Tk2YAZJr5l7HPQ9aDYdg.mp4?_nc_cat=108&_nc_oc=Adr5CeLREJGCh48zp-vRAqqn-c_ldoFvJ0Xi_Ae3TfcuRxDCV8YJy1cOOMq5o4rvtPY&_nc_sid=b66105&_nc_ht=video.fblr22-1.fna.fbcdn.net&_nc_ohc=X7aL00yUBqMQ7kNvwH6g9Eb&efg=eyJ2ZW5jb2RlX3RhZyI6Inhwdl9wcm9ncmVzc2l2ZS5WSV9VU0VDQVNFX1BST0RVQ1RfVFlQRS4uQzMuNzIwLmRhc2hfaDI2NC1iYXNpYy1nZW4yXzcyMHAiLCJ4cHZfYXNzZXRfaWQiOjEzNjY1Mjk1NzQ4MTkyMTQsImFzc2V0X2FnZV9kYXlzIjoyNiwidmlfdXNlY2FzZV9pZCI6MTAxMzksImR1cmF0aW9uX3MiOjI5LCJ1cmxnZW5fc291cmNlIjoid3d3In0%3D&ccb=17-1&vs=a97a387a3b319f21&_nc_vs=HBksFQIYRWZiX2VwaGVtZXJhbC9GRDREODM3RkM5M0U1OTczNDY5MzA3Njk5M0Y4NzlCOF9tdF8xX3ZpZGVvX2Rhc2hpbml0Lm1wNBUAAsgBEgAVAhhAZmJfcGVybWFuZW50LzlBNEJFNjA3RUNERDg5RTkzRUY4MEQ4RTIyOTM2RUJFX2F1ZGlvX2Rhc2hpbml0Lm1wNBUCAsgBEgAoABgAGwKIB3VzZV9vaWwBMRJwcm9ncmVzc2l2ZV9yZWNpcGUBMRUAACac1o7evrbtBBUCKAJDMywXQD3u2RaHKwIYGWRhc2hfaDI2NC1iYXNpYy1nZW4yXzcyMHARAHUAZbaeAQA&_nc_gid=Kei53TyA5ZnLuxhhr-4nMQ&_nc_ss=7f289&_nc_zt=28&oh=00_AQDfFtoLt5-7uEoTnxuoYHoRY4lTcdskty8h81UgCuh0cg&oe=6A53DFA4,https://scontent.fblr22-2.fna.fbcdn.net/v/t39.35426-6/728913109_27856348053972232_6566172322381624746_n.jpg?_nc_cat=100&ccb=1-7&_nc_sid=c53f8f&_nc_ohc=4iyCWrjgTp0Q7kNvwFgi-q5&_nc_oc=Adpku-XVVq8lzfJAQGIEnpqpkW2RlVWiyIleTR-qye-7oabTpG68OtBednoS5ZS9JeY&_nc_zt=14&_nc_ht=scontent.fblr22-2.fna&_nc_gid=Kei53TyA5ZnLuxhhr-4nMQ&_nc_ss=7f289&oh=00_AQC2CD4kgp9JbZodRYQlr-BCuGCdSDZSaJBFb8PDybVwhw&oe=6A53E944,2026-07-12T18:40:36.000Z,2026-07-08
2,1,Lingo AI,599204246602758,Lingo AI,,IN,1038854211901779,https://www.facebook.com/ads/library/?id=1038854211901779,2026-06-21,,false,true,2,1,26787357374277010,2026-07-01,,"📘 Learn English easily with simple lessons 
😊 Build confidence with everyday speaking practice 
👉 Download now",👉 Download now,Install now,http://itunes.apple.com/app/id6740255326,"Facebook,Instagram,Audience Network,Messenger,Threads","📘 Learn English easily with simple lessons 
😊 Build confidence with everyday speaking practice 
👉 Download now",👉 Download now,Download,http://itunes.apple.com/app/id6740255326,Video,"Facebook,Instagram,Audience Network,Messenger,Threads",1,0,9:16,https://video.fblr22-1.fna.fbcdn.net/o1/v/t2/f2/m366/AQOQ8ebkvrMkcxQp5L9tJyw1mNPpR5Ng1BpgHuy_mVYq8it4VI-T9TRZ4AH9vapteIBmbP6cyx5GGdNetThUPIVK94Tk2YAZJr5l7HPQ9aDYdg.mp4?_nc_cat=108&_nc_oc=Adr5CeLREJGCh48zp-vRAqqn-c_ldoFvJ0Xi_Ae3TfcuRxDCV8YJy1cOOMq5o4rvtPY&_nc_sid=b66105&_nc_ht=video.fblr22-1.fna.fbcdn.net&_nc_ohc=X7aL00yUBqMQ7kNvwH6g9Eb&efg=eyJ2ZW5jb2RlX3RhZyI6Inhwdl9wcm9ncmVzc2l2ZS5WSV9VU0VDQVNFX1BST0RVQ1RfVFlQRS4uQzMuNzIwLmRhc2hfaDI2NC1iYXNpYy1nZW4yXzcyMHAiLCJ4cHZfYXNzZXRfaWQiOjEzNjY1Mjk1NzQ4MTkyMTQsImFzc2V0X2FnZV9kYXlzIjoyNiwidmlfdXNlY2FzZV9pZCI6MTAxMzksImR1cmF0aW9uX3MiOjI5LCJ1cmxnZW5fc291cmNlIjoid3d3In0%3D&ccb=17-1&vs=a97a387a3b319f21&_nc_vs=HBksFQIYRWZiX2VwaGVtZXJhbC9GRDREODM3RkM5M0U1OTczNDY5MzA3Njk5M0Y4NzlCOF9tdF8xX3ZpZGVvX2Rhc2hpbml0Lm1wNBUAAsgBEgAVAhhAZmJfcGVybWFuZW50LzlBNEJFNjA3RUNERDg5RTkzRUY4MEQ4RTIyOTM2RUJFX2F1ZGlvX2Rhc2hpbml0Lm1wNBUCAsgBEgAoABgAGwKIB3VzZV9vaWwBMRJwcm9ncmVzc2l2ZV9yZWNpcGUBMRUAACac1o7evrbtBBUCKAJDMywXQD3u2RaHKwIYGWRhc2hfaDI2NC1iYXNpYy1nZW4yXzcyMHARAHUAZbaeAQA&_nc_gid=UQr_v_UIdZbBF6kfBP805Q&_nc_ss=7f289&_nc_zt=28&oh=00_AQBdkq17HwF1ZoJya7yuvQCXsWncjgTQ6mQyJ8QdeLB3Cg&oe=6A53DFA4,https://scontent.fblr22-2.fna.fbcdn.net/v/t39.35426-6/734461580_2066025234321200_6454343877418009603_n.jpg?_nc_cat=111&ccb=1-7&_nc_sid=c53f8f&_nc_ohc=D2_xrfzP-wcQ7kNvwH40K4-&_nc_oc=AdrIinYSfDyDPQ8JWg9c7C2ZSkKAJgmvW-OKJRDkwIboIkzFdK2u1xm1rmhKsXqdRlQ&_nc_zt=14&_nc_ht=scontent.fblr22-2.fna&_nc_gid=UQr_v_UIdZbBF6kfBP805Q&_nc_ss=7f289&oh=00_AQCJnPeNbKVAD1XJVUpX86ck5rhTgM89fl3L9UImDkyRjw&oe=6A53DC30,2026-07-12T18:40:36.000Z,2026-07-08
3,2,Lingo AI,599204246602758,Lingo AI,,IN,1093823739826634,https://www.facebook.com/ads/library/?id=1093823739826634,2026-06-17,,false,false,1,0,,2026-06-17,,"📘 Learn English easily with simple lessons 
😊 Build confidence with everyday speaking practice 
👉 Download now",👉 Download now,Download,https://speaklearnfrenchlingoai.onelink.me/Y67n?pid=metaweb_int&c={{campaign.name}}&af_c_id={{campaign.id}}&af_adset={{adset.name}}&af_adset_id={{adset.id}}&af_ad={{ad.name}}&af_ad_id={{ad.id}}&af_siteid={{site_source_name}},"Facebook,Instagram,Audience Network,Messenger,Threads","📘 Learn English easily with simple lessons 
😊 Build confidence with everyday speaking practice 
👉 Download now",👉 Download now,Download,https://speaklearnfrenchlingoai.onelink.me/Y67n?pid=metaweb_int&c={{campaign.name}}&af_c_id={{campaign.id}}&af_adset={{adset.name}}&af_adset_id={{adset.id}}&af_ad={{ad.name}}&af_ad_id={{ad.id}}&af_siteid={{site_source_name}},Video,"Facebook,Instagram,Audience Network,Messenger,Threads",1,0,9:16,https://video.fblr22-1.fna.fbcdn.net/o1/v/t2/f2/m366/AQOL2fuJoJdleGpBiEhFqaGzqMRiFO9Iddp9oeL6QIzGNM1Q4_0Yz0lJPKzu8Daily9Hcmr7b3Zc10Ie8zX0znk1Q_Kj6aNpqqpXoRbHwa0DWQ.mp4?_nc_cat=106&_nc_oc=AdqAqYKkngi1ZXE_sHHeVpeAPWDjpAUYVYsh_ZMhzMv1mS2NXHkRxJbhQuFsEE6tPSc&_nc_sid=b66105&_nc_ht=video.fblr22-1.fna.fbcdn.net&_nc_ohc=3k1XJXTyg2EQ7kNvwE_XJ5X&efg=eyJ2ZW5jb2RlX3RhZyI6Inhwdl9wcm9ncmVzc2l2ZS5WSV9VU0VDQVNFX1BST0RVQ1RfVFlQRS4uQzMuNjA4LmRhc2hfaDI2NC1iYXNpYy1nZW4yXzcyMHAiLCJ4cHZfYXNzZXRfaWQiOjE3MDE2NzkyOTc2ODgyOTQsImFzc2V0X2FnZV9kYXlzIjoyOSwidmlfdXNlY2FzZV9pZCI6MTAxMzksImR1cmF0aW9uX3MiOjM2LCJ1cmxnZW5fc291cmNlIjoid3d3In0%3D&ccb=17-1&vs=579878759d4c8e76&_nc_vs=HBksFQIYRWZiX2VwaGVtZXJhbC9CQzRFOTY3RDY5MUNGNDAxOTQ5NzQyOTA2MjRGNDRBMV9tdF8xX3ZpZGVvX2Rhc2hpbml0Lm1wNBUAAsgBEgAVAhhAZmJfcGVybWFuZW50LzA3NDJBNUUyRUZFQ0Y0Mjk0N0Q1QzQzNTdBRUFDMDg3X2F1ZGlvX2Rhc2hpbml0Lm1wNBUCAsgBEgAoABgAGwKIB3VzZV9vaWwBMRJwcm9ncmVzc2l2ZV9yZWNpcGUBMRUAACbMy_vg4uqFBhUCKAJDMywXQEIEOVgQYk4YGWRhc2hfaDI2NC1iYXNpYy1nZW4yXzcyMHARAHUAZbaeAQA&_nc_gid=Kei53TyA5ZnLuxhhr-4nMQ&_nc_ss=7f289&_nc_zt=28&oh=00_AQCSvseSZicefgJTPNxX3S252RW3D-6zzYYQvHBzWapPaA&oe=6A53C6C2,https://scontent.fblr22-1.fna.fbcdn.net/v/t39.35426-6/723229213_1020189503842573_364442284674534133_n.jpg?_nc_cat=106&ccb=1-7&_nc_sid=c53f8f&_nc_ohc=KVoLGcR_4_gQ7kNvwFBnQvj&_nc_oc=AdrTKl1w3uS0UORPSQMBoysCThFpYRiC3z0vM-K2nFuSmtQLgfOtZDPPaKRGIeIn434&_nc_zt=14&_nc_ht=scontent.fblr22-1.fna&_nc_gid=Kei53TyA5ZnLuxhhr-4nMQ&_nc_ss=7f289&oh=00_AQCCkkM3xfOm5lqo8a5iWVAXhNYFOrI5_BChzJd_guN0Qw&oe=6A53E8BC,2026-07-12T16:54:26.000Z,2026-07-08
4,3,Lingo AI,599204246602758,Lingo AI,,IN,1586245716244003,https://www.facebook.com/ads/library/?id=1586245716244003,2026-07-01,,false,false,1,0,,2026-07-01,,"🌟 Want to improve your English? 
📱 Learn anytime in just minutes a day 
💬 Build real speaking confidence
👉 Download now",👉 Download now,Download,http://itunes.apple.com/app/id6740255326,"Facebook,Instagram,Audience Network,Messenger,Threads","🌟 Want to improve your English? 
📱 Learn anytime in just minutes a day 
💬 Build real speaking confidence
👉 Download now",👉 Download now,Download,http://itunes.apple.com/app/id6740255326,Video,"Facebook,Instagram,Audience Network,Messenger,Threads",1,0,9:16,https://video.fblr22-2.fna.fbcdn.net/o1/v/t2/f2/m366/AQOrLl1edmqiMDn34XsnPpwFW6RHYNawp1kLCMXDbGzrXXikcD2SRwjHJlk2OdZLbAfeqQyYMmK9cP4Dv9ibzwy2RD9szZg7AP6eQQZOdAbq_g.mp4?_nc_cat=105&_nc_oc=AdrUv8NWhnI5X6MPYc7sQrGbACOE6EJzIlqkpVCH8tSraFCFlukCDLreA84v3xI5tpo&_nc_sid=b66105&_nc_ht=video.fblr22-2.fna.fbcdn.net&_nc_ohc=_VjqWBjIoREQ7kNvwHQa1Cp&efg=eyJ2ZW5jb2RlX3RhZyI6Inhwdl9wcm9ncmVzc2l2ZS5WSV9VU0VDQVNFX1BST0RVQ1RfVFlQRS4uQzMuNjA4LmRhc2hfaDI2NC1iYXNpYy1nZW4yXzcyMHAiLCJ4cHZfYXNzZXRfaWQiOjIyMzAxODMxNzc4MTIwOTksImFzc2V0X2FnZV9kYXlzIjo1LCJ2aV91c2VjYXNlX2lkIjoxMDEzOSwiZHVyYXRpb25fcyI6NTksInVybGdlbl9zb3VyY2UiOiJ3d3cifQ%3D%3D&ccb=17-1&vs=da7fd6f056dc3e23&_nc_vs=HBksFQIYRWZiX2VwaGVtZXJhbC81MjRCNjY4MUZFREVFMkI5MTZCMUZCNzJCRDQzNDM4RF9tdF8xX3ZpZGVvX2Rhc2hpbml0Lm1wNBUAAsgBEgAVAhhAZmJfcGVybWFuZW50LzNCNEE2NDI2QzA3Mjc4NTBDRDZBM0U0RThBRjkxNUJDX2F1ZGlvX2Rhc2hpbml0Lm1wNBUCAsgBEgAoABgAGwKIB3VzZV9vaWwBMRJwcm9ncmVzc2l2ZV9yZWNpcGUBMRUAACaG4sfB35X2BxUCKAJDMywXQE33bItDlYEYGWRhc2hfaDI2NC1iYXNpYy1nZW4yXzcyMHARAHUAZbaeAQA&_nc_gid=Kei53TyA5ZnLuxhhr-4nMQ&_nc_ss=7f289&_nc_zt=28&oh=00_AQBt6OpoETz_NhBPSP8q5j0T6VORs2dz_nVhBzu7ERk56g&oe=6A53BB5F,https://scontent.fblr22-2.fna.fbcdn.net/v/t39.35426-6/735504581_27425430977086155_4070231018011296759_n.jpg?_nc_cat=110&ccb=1-7&_nc_sid=c53f8f&_nc_ohc=LkkVQUbFWtwQ7kNvwFEG88r&_nc_oc=Adr5SleyFhgk9LGoqWCt2ymjovdUinlL3LB6R_seoHzFdXxxBld66-t-HE2JZ278tR0&_nc_zt=14&_nc_ht=scontent.fblr22-2.fna&_nc_gid=Kei53TyA5ZnLuxhhr-4nMQ&_nc_ss=7f289&oh=00_AQCvw-7GwsBRFVSe6CI1XmhQ97rfNR65tHa1Z1RtLlJzOg&oe=6A53F05C,2026-07-12T16:05:51.000Z,2026-07-08
5,4,Lingo AI,599204246602758,Lingo AI,,IN,1007110078391526,https://www.facebook.com/ads/library/?id=1007110078391526,2026-06-16,,false,false,1,0,,2026-06-16,,"🚀 Master French Faster, Just 5 Minutes a Day!
🥳 Join Learners Who Found a Fun Way to Master a Language!
✨ Our mission is to unlock your French.",✨Try it now~,Install now,http://itunes.apple.com/app/id6740255326,"Facebook,Instagram,Audience Network,Messenger","🚀 Master French Faster, Just 5 Minutes a Day!
🥳 Join Learners Who Found a Fun Way to Master a Language!
✨ Our mission is to unlock your French.",✨Try it now~,Install now,http://itunes.apple.com/app/id6740255326,Video,"Facebook,Instagram,Audience Network,Messenger",1,0,9:16,https://video.fblr22-2.fna.fbcdn.net/o1/v/t2/f2/m366/AQOtn0NiKXXazClJBAZC5--u0cZgczoODRcFDHZ2mWTJ_Kaf00XSc6BMmEm6KoNzVwceNFrkRswkn3Y-4fhJZ-jMygqG3plWEgNTm5B3Z36G-w.mp4?_nc_cat=110&_nc_oc=AdrbN4KTyy05g-t5fcZBLrOIm-SE_hnW8HAf2kK5EnUxVrV0U0CP8oFzUW_LtYfaJ88&_nc_sid=b66105&_nc_ht=video.fblr22-2.fna.fbcdn.net&_nc_ohc=rsfs-FF_mjAQ7kNvwF5wcQk&efg=eyJ2ZW5jb2RlX3RhZyI6Inhwdl9wcm9ncmVzc2l2ZS5WSV9VU0VDQVNFX1BST0RVQ1RfVFlQRS4uQzMuNzIwLmRhc2hfaDI2NC1iYXNpYy1nZW4yXzcyMHAiLCJ4cHZfYXNzZXRfaWQiOjE2Mjc2ODU4MjQ5OTczMDMsImFzc2V0X2FnZV9kYXlzIjoyMCwidmlfdXNlY2FzZV9pZCI6MTAxMzksImR1cmF0aW9uX3MiOjY2LCJ1cmxnZW5fc291cmNlIjoid3d3In0%3D&ccb=17-1&vs=d3cb65c051c2b8a8&_nc_vs=HBksFQIYRWZiX2VwaGVtZXJhbC83MjRFMDg0OUEyNEZFRjQ4RkIyMDcwNTNFMTEzOTY5QV9tdF8xX3ZpZGVvX2Rhc2hpbml0Lm1wNBUAAsgBEgAVAhhAZmJfcGVybWFuZW50Lzk1NEI2RDdDMDkwOEREMjJCODRDMDU1NEZDQjQyQ0IwX2F1ZGlvX2Rhc2hpbml0Lm1wNBUCAsgBEgAoABgAGwKIB3VzZV9vaWwBMRJwcm9ncmVzc2l2ZV9yZWNpcGUBMRUAACbunr225JfkBRUCKAJDMywXQFCTMzMzMzMYGWRhc2hfaDI2NC1iYXNpYy1nZW4yXzcyMHARAHUAZbaeAQA&_nc_gid=Kei53TyA5ZnLuxhhr-4nMQ&_nc_ss=7f289&_nc_zt=28&oh=00_AQCNVSDmtDGCT5nrXF3XHIk4gcdIpZ-mrUs1tjZ7xV_zhQ&oe=6A53D036,https://scontent.fblr22-1.fna.fbcdn.net/v/t39.35426-6/724660500_1014363751288191_7435585541797663024_n.jpg?_nc_cat=109&ccb=1-7&_nc_sid=c53f8f&_nc_ohc=Dklfjr6YOc4Q7kNvwEscZTr&_nc_oc=AdrG1YnXNnLSwVvO0HOv_Jumo3PVeNqucy481iI_awn0eYvNLBDP4DUUh9R1LhCnR80&_nc_zt=14&_nc_ht=scontent.fblr22-1.fna&_nc_gid=Kei53TyA5ZnLuxhhr-4nMQ&_nc_ss=7f289&oh=00_AQAPIMvbGC-j0QIp830tEm_RGmmyGa_5_vIdVMXoud8zTQ&oe=6A53BE94,2026-07-12T17:34:46.000Z,2026-07-08
6,5,Lingo AI,599204246602758,Lingo AI,,IN,1962277031827815,https://www.facebook.com/ads/library/?id=1962277031827815,2026-06-21,,false,false,1,0,,2026-06-21,,"📘 Learn English easily with simple lessons 
😊 Build confidence with everyday speaking practice 
👉 Download now",👉 Download now,Download,http://itunes.apple.com/app/id6740255326,"Facebook,Instagram,Audience Network,Messenger,Threads","📘 Learn English easily with simple lessons 
😊 Build confidence with everyday speaking practice 
👉 Download now",👉 Download now,Download,http://itunes.apple.com/app/id6740255326,Video,"Facebook,Instagram,Audience Network,Messenger,Threads",1,0,9:16,https://video.fblr22-2.fna.fbcdn.net/o1/v/t2/f2/m366/AQNpcFRYhWkBb1X15TopjwxSsnYYic7wpotZi5mYdoMOPKjpBFi3oUEpn7no7pGLmkIksJZl15tkUlvROZg_vf5fyTRK61rY-qGU-Ya1XyFDTg.mp4?_nc_cat=107&_nc_oc=Adriqhbcue-UVMKbZbIN5uF-TXTSGkuunOX2h39bWPma2bImfsGhx1b3bEXo-_FNFmM&_nc_sid=b66105&_nc_ht=video.fblr22-2.fna.fbcdn.net&_nc_ohc=xgEGFYrcri0Q7kNvwHnzMzJ&efg=eyJ2ZW5jb2RlX3RhZyI6Inhwdl9wcm9ncmVzc2l2ZS5WSV9VU0VDQVNFX1BST0RVQ1RfVFlQRS4uQzMuNzIwLmRhc2hfaDI2NC1iYXNpYy1nZW4yXzcyMHAiLCJ4cHZfYXNzZXRfaWQiOjk3MzIyOTk5NTU0ODkxMCwiYXNzZXRfYWdlX2RheXMiOjI2LCJ2aV91c2VjYXNlX2lkIjoxMDEzOSwiZHVyYXRpb25fcyI6MzAsInVybGdlbl9zb3VyY2UiOiJ3d3cifQ%3D%3D&ccb=17-1&vs=da3969c6dd56db29&_nc_vs=HBksFQIYRWZiX2VwaGVtZXJhbC9EOTRFRDNCNjEyRjZGMkQxOENDQjRFNTFDQjY4MkNBMV9tdF8xX3ZpZGVvX2Rhc2hpbml0Lm1wNBUAAsgBEgAVAhhAZmJfcGVybWFuZW50L0MwNEQ0M0RGOTg3MkUyMzE0QUEwRUEzNDBGNjI4NkE4X2F1ZGlvX2Rhc2hpbml0Lm1wNBUCAsgBEgAoABgAGwKIB3VzZV9vaWwBMRJwcm9ncmVzc2l2ZV9yZWNpcGUBMRUAACbcg9vCuMm6AxUCKAJDMywXQD7VP3ztkWgYGWRhc2hfaDI2NC1iYXNpYy1nZW4yXzcyMHARAHUAZbaeAQA&_nc_gid=Kei53TyA5ZnLuxhhr-4nMQ&_nc_ss=7f289&_nc_zt=28&oh=00_AQDmN8J-J2IenjeItyigVg9w0Y02WJbTJTsOX1pvCd976w&oe=6A53CBFD,https://scontent.fblr22-1.fna.fbcdn.net/v/t39.35426-6/728544705_2247508195986230_1899906110400300211_n.jpg?_nc_cat=101&ccb=1-7&_nc_sid=c53f8f&_nc_ohc=Fee54sCYXaEQ7kNvwGlxbV-&_nc_oc=AdpElD0XzX-xA_AFJNrjNT00Kw-1a6-wtz3cBXZfRqg1Euej48pAD14q0xFLryBTuVc&_nc_zt=14&_nc_ht=scontent.fblr22-1.fna&_nc_gid=Kei53TyA5ZnLuxhhr-4nMQ&_nc_ss=7f289&oh=00_AQB8kmJ9p3LcWoRJapOAICSnpqSVrhlLy2OXdFO-qc5BVA&oe=6A53BE88,2026-07-12T17:16:45.000Z,2026-07-08
7,6,Lingo AI,599204246602758,Lingo AI,,IN,1003526658752736,https://www.facebook.com/ads/library/?id=1003526658752736,2026-06-21,,false,false,1,0,,2026-06-21,,"📘 Learn English easily with simple lessons 
😊 Build confidence with everyday speaking practice 
👉 Download now",👉 Download now,Download,http://itunes.apple.com/app/id6740255326,"Facebook,Instagram,Audience Network,Messenger,Threads","📘 Learn English easily with simple lessons 
😊 Build confidence with everyday speaking practice 
👉 Download now",👉 Download now,Download,http://itunes.apple.com/app/id6740255326,Video,"Facebook,Instagram,Audience Network,Messenger,Threads",1,0,9:16,https://video.fblr22-1.fna.fbcdn.net/o1/v/t2/f2/m366/AQO6ZNdpvlv5qJ--ZS05Es1hwENRJrREvgqIFwaa_vMa1b5VFoWm0pDgv92qKR8TPQw4UJtXxggVMR3TJMu4OMhAF7eV3J0KVcXxn2nBA12x1Q.mp4?_nc_cat=108&_nc_oc=AdpCYfTjNGk9Tk198kkG4yEkwBk1bU1W4Tp7MPXURFORnQgUr3OyYCB81JD515l67CE&_nc_sid=b66105&_nc_ht=video.fblr22-1.fna.fbcdn.net&_nc_ohc=Cji_lwX_kScQ7kNvwFWkzi1&efg=eyJ2ZW5jb2RlX3RhZyI6Inhwdl9wcm9ncmVzc2l2ZS5WSV9VU0VDQVNFX1BST0RVQ1RfVFlQRS4uQzMuNzIwLmRhc2hfaDI2NC1iYXNpYy1nZW4yXzcyMHAiLCJ4cHZfYXNzZXRfaWQiOjE2MTk1Njg2MjY4NDQwMTUsImFzc2V0X2FnZV9kYXlzIjoyNiwidmlfdXNlY2FzZV9pZCI6MTAxMzksImR1cmF0aW9uX3MiOjI3LCJ1cmxnZW5fc291cmNlIjoid3d3In0%3D&ccb=17-1&vs=b26b5bb5e79f21de&_nc_vs=HBksFQIYRWZiX2VwaGVtZXJhbC9FQzQwNjQ5OTJGOUI1RUMwMTJCQzk3NkJEMUY5OTRCQl9tdF8xX3ZpZGVvX2Rhc2hpbml0Lm1wNBUAAsgBEgAVAhhAZmJfcGVybWFuZW50LzMxNEQyQ0Y2NkJGQ0Y1RUMxNjJGMDUyRTA4OTBBMDlGX2F1ZGlvX2Rhc2hpbml0Lm1wNBUCAsgBEgAoABgAGwKIB3VzZV9vaWwBMRJwcm9ncmVzc2l2ZV9yZWNpcGUBMRUAACbehYrLpr_gBRUCKAJDMywXQDtu2RaHKwIYGWRhc2hfaDI2NC1iYXNpYy1nZW4yXzcyMHARAHUAZbaeAQA&_nc_gid=Kei53TyA5ZnLuxhhr-4nMQ&_nc_ss=7f289&_nc_zt=28&oh=00_AQDzsJfvVkoxqEq9JfurgsL2cdkyDuZUScGYldltJAw7Yg&oe=6A53CCD4,https://scontent.fblr22-2.fna.fbcdn.net/v/t39.35426-6/727314256_1023989880044656_4719947360428840428_n.jpg?_nc_cat=100&ccb=1-7&_nc_sid=c53f8f&_nc_ohc=XTgEiq020TIQ7kNvwH9Gnyz&_nc_oc=AdqnviNSMpeXWlngElEAzDSjWAD6RxoLpd6OX1n6GSo-oA1nCXuthDf-5ZTrjDlyNpM&_nc_zt=14&_nc_ht=scontent.fblr22-2.fna&_nc_gid=Kei53TyA5ZnLuxhhr-4nMQ&_nc_ss=7f289&oh=00_AQAdwPcpWH249VFtaq2123QgZ8qD2tWNI8zHjLMRBsLiZA&oe=6A53E738,2026-07-12T17:20:20.000Z,2026-07-08
8,7,Lingo AI,599204246602758,Lingo AI,,IN,1651336692836508,https://www.facebook.com/ads/library/?id=1651336692836508,2026-06-14,,false,false,1,0,,2026-06-14,,"🌍 Learn real English for everyday life 
🗣 Practice speaking with simple lessons 
⏱ Just 5 minutes a day
👉 Download now",👇 Start now,Download,https://speaklearnfrenchlingoai.onelink.me/Y67n?pid=metaweb_int&c={{campaign.name}}&af_c_id={{campaign.id}}&af_adset={{adset.name}}&af_adset_id={{adset.id}}&af_ad={{ad.name}}&af_ad_id={{ad.id}}&af_siteid={{site_source_name}},"Facebook,Instagram,Audience Network,Messenger,Threads","🌍 Learn real English for everyday life 
🗣 Practice speaking with simple lessons 
⏱ Just 5 minutes a day
👉 Download now",👇 Start now,Download,https://speaklearnfrenchlingoai.onelink.me/Y67n?pid=metaweb_int&c={{campaign.name}}&af_c_id={{campaign.id}}&af_adset={{adset.name}}&af_adset_id={{adset.id}}&af_ad={{ad.name}}&af_ad_id={{ad.id}}&af_siteid={{site_source_name}},Video,"Facebook,Instagram,Audience Network,Messenger,Threads",1,0,9:16,https://video.fblr22-2.fna.fbcdn.net/o1/v/t2/f2/m366/AQNt8lVrLF0aEx9afl__AbwgGhaBX8hHxv5wvC4RaS4BVSgG4jv8C1vjeF13w-2eohl68Au3briveIuKJbjhNOeoWWxB3-KuMqsHsY2koP3tFQ.mp4?_nc_cat=111&_nc_oc=AdrWPgKImc3GoHtb0xvZhVk3sw2aIaI9LEMBCWN6IVBJvhz0qr7pGGSIFo4QxwDFL74&_nc_sid=b66105&_nc_ht=video.fblr22-2.fna.fbcdn.net&_nc_ohc=i6K_Ha6J67AQ7kNvwGv6qyD&efg=eyJ2ZW5jb2RlX3RhZyI6Inhwdl9wcm9ncmVzc2l2ZS5WSV9VU0VDQVNFX1BST0RVQ1RfVFlQRS4uQzMuNzIwLmRhc2hfaDI2NC1iYXNpYy1nZW4yXzcyMHAiLCJ4cHZfYXNzZXRfaWQiOjEwMTI0ODQ0ODE0NjMzODcsImFzc2V0X2FnZV9kYXlzIjozNywidmlfdXNlY2FzZV9pZCI6MTAxMzksImR1cmF0aW9uX3MiOjczLCJ1cmxnZW5fc291cmNlIjoid3d3In0%3D&ccb=17-1&vs=eb5e8044ded1e47f&_nc_vs=HBksFQIYRWZiX2VwaGVtZXJhbC8xMTRFNTU3MTdFMTc3NzhBQzI3NUNCRkMzMjExQjVBQV9tdF8xX3ZpZGVvX2Rhc2hpbml0Lm1wNBUAAsgBEgAVAhhAZmJfcGVybWFuZW50L0UxNDU4MkVCNUIxNEY3M0I0RDVDMjIwRTNDRjIyMTkxX2F1ZGlvX2Rhc2hpbml0Lm1wNBUCAsgBEgAoABgAGwKIB3VzZV9vaWwBMRJwcm9ncmVzc2l2ZV9yZWNpcGUBMRUAACa20d2drbbMAxUCKAJDMywXQFJXbItDlYEYGWRhc2hfaDI2NC1iYXNpYy1nZW4yXzcyMHARAHUAZbaeAQA&_nc_gid=Kei53TyA5ZnLuxhhr-4nMQ&_nc_ss=7f289&_nc_zt=28&oh=00_AQBwBKe5wmo8ifWrsRs2pGGj59FtweGeNUzpfLw2Ytd5zA&oe=6A53BE99,https://scontent.fblr22-1.fna.fbcdn.net/v/t39.35426-6/721211174_1631495281287023_2341411477956445278_n.jpg?_nc_cat=102&ccb=1-7&_nc_sid=c53f8f&_nc_ohc=xBKRzIKR264Q7kNvwHr9rgc&_nc_oc=AdrBLA-G2ynFVCnsyyDfZ74p7pJkcUel26FH1ijQ-l7P6KRucvt3XWkpEfR-nIlq15Q&_nc_zt=14&_nc_ht=scontent.fblr22-1.fna&_nc_gid=Kei53TyA5ZnLuxhhr-4nMQ&_nc_ss=7f289&oh=00_AQDX27k2hLhXc7FpNCnkzDwkp35reF11JedUMJMKbs0e6g&oe=6A53E21E,2026-07-12T16:19:37.000Z,2026-07-08
9,8,Lingo AI,599204246602758,Lingo AI,,IN,2817216648647618,https://www.facebook.com/ads/library/?id=2817216648647618,2026-07-01,,false,false,1,0,,2026-07-01,,"📘 Learn English easily with simple lessons 
😊 Build confidence with everyday speaking practice 
👉 Download now",👉 Download now,Install now,http://itunes.apple.com/app/id6740255326,"Facebook,Instagram,Audience Network,Messenger,Threads","📘 Learn English easily with simple lessons 
😊 Build confidence with everyday speaking practice 
👉 Download now",👉 Download now,Install now,http://itunes.apple.com/app/id6740255326,Video,"Facebook,Instagram,Audience Network,Messenger,Threads",1,0,9:16,https://video.fblr22-2.fna.fbcdn.net/o1/v/t2/f2/m366/AQMP6r7fWJClw_CydhEAX295t4QavjfeH3aTDfnO1b8hKKzQ_HF0LFcmJuPTwnDXZDJ10uInWtcBr7Nxmx0W-9qm9n-wqlyCjp2ITFh-s2S1mA.mp4?_nc_cat=107&_nc_oc=AdpdybrlY6E06_snOqyhZDYgEwNSxy2cNy8VaCPYIjUIjZxLAmMWUmAInv7kCHWPiLw&_nc_sid=b66105&_nc_ht=video.fblr22-2.fna.fbcdn.net&_nc_ohc=F9eccKGyKU0Q7kNvwGN_pcb&efg=eyJ2ZW5jb2RlX3RhZyI6Inhwdl9wcm9ncmVzc2l2ZS5WSV9VU0VDQVNFX1BST0RVQ1RfVFlQRS4uQzMuNTc2LmRhc2hfaDI2NC1iYXNpYy1nZW4yXzcyMHAiLCJ4cHZfYXNzZXRfaWQiOjk2OTg4NjA3MjY3MDM2MSwiYXNzZXRfYWdlX2RheXMiOjcwLCJ2aV91c2VjYXNlX2lkIjoxMDEzOSwiZHVyYXRpb25fcyI6MjAxLCJ1cmxnZW5fc291cmNlIjoid3d3In0%3D&ccb=17-1&vs=d9234e5b63e831f1&_nc_vs=HBksFQIYRWZiX2VwaGVtZXJhbC8yMDQ2NkRDNDUzM0ZEOEY0MjQ0NEREREEwQkU1NkNCN19tdF8xX3ZpZGVvX2Rhc2hpbml0Lm1wNBUAAsgBEgAVAhhAZmJfcGVybWFuZW50Lzk3NDQ4QzMwNjJCMzM3MzdFQjg4RjExMTIyMEY1MjlCX2F1ZGlvX2Rhc2hpbml0Lm1wNBUCAsgBEgAoABgAGwKIB3VzZV9vaWwBMRJwcm9ncmVzc2l2ZV9yZWNpcGUBMRUAACayoqyt5oa5AxUCKAJDMywXQGkzMzMzMzMYGWRhc2hfaDI2NC1iYXNpYy1nZW4yXzcyMHARAHUAZbaeAQA&_nc_gid=Kei53TyA5ZnLuxhhr-4nMQ&_nc_ss=7f289&_nc_zt=28&oh=00_AQCCbyihUhacQ_BX_NxJUSPRqV5GG0c4B0LWwWPyFESaGQ&oe=6A53C775,https://scontent.fblr22-1.fna.fbcdn.net/v/t39.35426-6/736367935_1819827772325103_3634662996503671526_n.jpg?_nc_cat=109&ccb=1-7&_nc_sid=c53f8f&_nc_ohc=K7htnpJnqiUQ7kNvwHsJiAe&_nc_oc=Adrq_9_8mWiHmAz0uR0xYvIoSMuGgO7cq_EXyQOkJG5zh3TJoC_F8yOMBfEJxXfpBqg&_nc_zt=14&_nc_ht=scontent.fblr22-1.fna&_nc_gid=Kei53TyA5ZnLuxhhr-4nMQ&_nc_ss=7f289&oh=00_AQCRtY_9hDPk740kVILSl2sOoFLaHgwi5Tq-M1kLr5EgoQ&oe=6A53D5D3,2026-07-12T16:57:25.000Z,2026-07-08
10,9,Lingo AI,599204246602758,Lingo AI,,IN,1312402474407625,https://www.facebook.com/ads/library/?id=1312402474407625,2026-06-24,,false,false,1,0,,2026-06-24,,"🌍 Learn real English for everyday life 
🗣 Practice speaking with simple lessons 
⏱ Just 5 minutes a day
👉 Download now",👇 Start now,Download,https://speaklearnfrenchlingoai.onelink.me/Y67n?pid=metaweb_int&c={{campaign.name}}&af_c_id={{campaign.id}}&af_adset={{adset.name}}&af_adset_id={{adset.id}}&af_ad={{ad.name}}&af_ad_id={{ad.id}}&af_siteid={{site_source_name}},"Facebook,Instagram,Audience Network,Messenger,Threads","🌍 Learn real English for everyday life 
🗣 Practice speaking with simple lessons 
⏱ Just 5 minutes a day
👉 Download now",👇 Start now,Download,https://speaklearnfrenchlingoai.onelink.me/Y67n?pid=metaweb_int&c={{campaign.name}}&af_c_id={{campaign.id}}&af_adset={{adset.name}}&af_adset_id={{adset.id}}&af_ad={{ad.name}}&af_ad_id={{ad.id}}&af_siteid={{site_source_name}},Video,"Facebook,Instagram,Audience Network,Messenger,Threads",1,0,9:16,https://video.fblr22-1.fna.fbcdn.net/o1/v/t2/f2/m366/AQM0AgfUBWyMtlGzjL1mbF_HbdIw7qYQ6xIu-OlZiCv9vWdgnqIuPlMHTVLvs2EY-FEf2AsRkdE4CukStk--wTnGxXqoB8EUYtgaoM9tvufIWw.mp4?_nc_cat=101&_nc_oc=AdooPdCbAN-Y0KaIj8g3MTphlgUpZetB4m1FdzHjuQCwe9UVZZc_7vQzZOB_eNqAr6c&_nc_sid=b66105&_nc_ht=video.fblr22-1.fna.fbcdn.net&_nc_ohc=BVw1EKzJQiQQ7kNvwG9hFcp&efg=eyJ2ZW5jb2RlX3RhZyI6Inhwdl9wcm9ncmVzc2l2ZS5WSV9VU0VDQVNFX1BST0RVQ1RfVFlQRS4uQzMuNzIwLmRhc2hfaDI2NC1iYXNpYy1nZW4yXzcyMHAiLCJ4cHZfYXNzZXRfaWQiOjE5NDE2NDEzMzk4NDk5NzgsImFzc2V0X2FnZV9kYXlzIjoxNiwidmlfdXNlY2FzZV9pZCI6MTAxMzksImR1cmF0aW9uX3MiOjY0LCJ1cmxnZW5fc291cmNlIjoid3d3In0%3D&ccb=17-1&vs=d4c5d0554586843&_nc_vs=HBksFQIYRWZiX2VwaGVtZXJhbC9DRDQ1NUE2RTI3REEwRUMzMkM3NkU2QUNEMDM4OEJCNV9tdF8xX3ZpZGVvX2Rhc2hpbml0Lm1wNBUAAsgBEgAVAhhAZmJfcGVybWFuZW50LzIyNDVEOTNGREEwQTJGMEI3NkY5ODhFNkQ2NjNFOEFGX2F1ZGlvX2Rhc2hpbml0Lm1wNBUCAsgBEgAoABgAGwKIB3VzZV9vaWwBMRJwcm9ncmVzc2l2ZV9yZWNpcGUBMRUAACb0s76ls_ryBhUCKAJDMywXQFAkOVgQYk4YGWRhc2hfaDI2NC1iYXNpYy1nZW4yXzcyMHARAHUAZbaeAQA&_nc_gid=Kei53TyA5ZnLuxhhr-4nMQ&_nc_ss=7f289&_nc_zt=28&oh=00_AQD4V95yWqAv7-ze_pr-6w9HZtsmHVsEDPWN3d1niq0_DA&oe=6A53C563,https://scontent.fblr22-2.fna.fbcdn.net/v/t39.35426-6/730041555_2058174135117723_1435465612502630392_n.jpg?_nc_cat=111&ccb=1-7&_nc_sid=c53f8f&_nc_ohc=c3-QPNblGWQQ7kNvwGlwv1g&_nc_oc=AdodlwwJixoyLjmNMw-lwd7EkZuKiIbIpX8TYGCa1-D8KU82uG_fwhdTM_7leRSyMKc&_nc_zt=14&_nc_ht=scontent.fblr22-2.fna&_nc_gid=Kei53TyA5ZnLuxhhr-4nMQ&_nc_ss=7f289&oh=00_AQCsXvb7YuFifT0S5wC6upXGthbCM21foOtbl8MkgzmdSA&oe=6A53E2C0,2026-07-12T16:48:35.000Z,2026-07-08
11,10,Lingo AI,599204246602758,Lingo AI,,IN,1683265226128164,https://www.facebook.com/ads/library/?id=1683265226128164,2026-07-01,,false,false,1,0,,2026-07-01,,"🌍 Learn real English for everyday life 
🗣 Practice speaking with simple lessons 
⏱ Just 5 minutes a day 
👉 Download now",👉 Download now,Download,https://speaklearnfrenchlingoai.onelink.me/Y67n?pid=metaweb_int&c={{campaign.name}}&af_c_id={{campaign.id}}&af_adset={{adset.name}}&af_adset_id={{adset.id}}&af_ad={{ad.name}}&af_ad_id={{ad.id}}&af_siteid={{site_source_name}},"Facebook,Instagram,Audience Network,Messenger,Threads","🌍 Learn real English for everyday life 
🗣 Practice speaking with simple lessons 
⏱ Just 5 minutes a day 
👉 Download now",👉 Download now,Download,https://speaklearnfrenchlingoai.onelink.me/Y67n?pid=metaweb_int&c={{campaign.name}}&af_c_id={{campaign.id}}&af_adset={{adset.name}}&af_adset_id={{adset.id}}&af_ad={{ad.name}}&af_ad_id={{ad.id}}&af_siteid={{site_source_name}},Video,"Facebook,Instagram,Audience Network,Messenger,Threads",1,0,9:16,https://video.fblr22-2.fna.fbcdn.net/o1/v/t2/f2/m366/AQM3pGu3MmQD_6l11fOt2bCAscPyZKkz58e9cjC3SgsCEMLPgss6mh8r6tdBXMt4tiLmb2RyXvi_xLH1C-zHSe6isJO7iDkDfn2ZwA1sf6itKQ.mp4?_nc_cat=100&_nc_oc=AdrjUnA7e4hhAxApE_OnFg0IIRY4VnbIs3FIR83LdOUr8eRpXkxJi4w6FxjuYb1zodg&_nc_sid=b66105&_nc_ht=video.fblr22-2.fna.fbcdn.net&_nc_ohc=Fy35QTehi1AQ7kNvwEItzUa&efg=eyJ2ZW5jb2RlX3RhZyI6Inhwdl9wcm9ncmVzc2l2ZS5WSV9VU0VDQVNFX1BST0RVQ1RfVFlQRS4uQzMuNjA4LmRhc2hfaDI2NC1iYXNpYy1nZW4yXzcyMHAiLCJ4cHZfYXNzZXRfaWQiOjI5NjA5ODcwOTc1Nzg5MzcsImFzc2V0X2FnZV9kYXlzIjo1LCJ2aV91c2VjYXNlX2lkIjoxMDEzOSwiZHVyYXRpb25fcyI6MzYsInVybGdlbl9zb3VyY2UiOiJ3d3cifQ%3D%3D&ccb=17-1&vs=fbeeeede1b30bbcb&_nc_vs=HBksFQIYRWZiX2VwaGVtZXJhbC9GMTQ3NTZCQjczQzE0MUU2QTk4MzU0QzRDODVGQ0JCNV9tdF8xX3ZpZGVvX2Rhc2hpbml0Lm1wNBUAAsgBEgAVAhhAZmJfcGVybWFuZW50Lzc2NDcwOTNGOTJBQjJFNUMzOEQzRUM3MTFCMkU5QzhDX2F1ZGlvX2Rhc2hpbml0Lm1wNBUCAsgBEgAoABgAGwKIB3VzZV9vaWwBMRJwcm9ncmVzc2l2ZV9yZWNpcGUBMRUAACby9pWCkcDCChUCKAJDMywXQEIEOVgQYk4YGWRhc2hfaDI2NC1iYXNpYy1nZW4yXzcyMHARAHUAZbaeAQA&_nc_gid=Kei53TyA5ZnLuxhhr-4nMQ&_nc_ss=7f289&_nc_zt=28&oh=00_AQDa493l2_LDtyzZT7GU-1caNvcYbyIVLoPOu2MjYyMJ-g&oe=6A53F1D4,https://scontent.fblr22-2.fna.fbcdn.net/v/t39.35426-6/737046354_1043422408030283_60949141926025575_n.jpg?_nc_cat=100&ccb=1-7&_nc_sid=c53f8f&_nc_ohc=5-DFUezaRnoQ7kNvwF3AQzJ&_nc_oc=Ado2JUyY7hcRsrerfjDzySGoVJdKT9o02hpnKU_38G23cRZ1O8nA7k42P_IoTahGXY8&_nc_zt=14&_nc_ht=scontent.fblr22-2.fna&_nc_gid=Kei53TyA5ZnLuxhhr-4nMQ&_nc_ss=7f289&oh=00_AQBirjJJw1yQ4UawVFoZC1IMdjW1w5h3NXmEVEG20UyAvA&oe=6A53BD7D,2026-07-12T19:58:12.000Z,2026-07-08
12,11,Lingo AI,599204246602758,Lingo AI,,IN,980809158288503,https://www.facebook.com/ads/library/?id=980809158288503,2026-06-30,,false,false,1,0,,2026-06-30,,"📘 Aprenda inglês facilmente com lições simples
😊 Ganhe confiança com a prática diária de conversação
👉 Baixe agora",👉 Baixe agora,Download,https://speaklearnfrenchlingoai.onelink.me/Y67n?pid=metaweb_int&c={{campaign.name}}&af_c_id={{campaign.id}}&af_adset={{adset.name}}&af_adset_id={{adset.id}}&af_ad={{ad.name}}&af_ad_id={{ad.id}}&af_siteid={{site_source_name}},"Facebook,Instagram,Audience Network,Messenger,Threads","📘 Aprenda inglês facilmente com lições simples
😊 Ganhe confiança com a prática diária de conversação
👉 Baixe agora",👉 Baixe agora,Download,https://speaklearnfrenchlingoai.onelink.me/Y67n?pid=metaweb_int&c={{campaign.name}}&af_c_id={{campaign.id}}&af_adset={{adset.name}}&af_adset_id={{adset.id}}&af_ad={{ad.name}}&af_ad_id={{ad.id}}&af_siteid={{site_source_name}},Video,"Facebook,Instagram,Audience Network,Messenger,Threads",1,0,9:16,https://video.fblr22-1.fna.fbcdn.net/o1/v/t2/f2/m366/AQPffo5norAChtwIW1CdfRmZKyHl1VXFcDeI7RNX6Mq7c09al4tX36vagqXwr5Bk-pMNyz5sWkKL-alyCuXIvGTumlsaNIXlRyHZGgebxwielw.mp4?_nc_cat=101&_nc_oc=AdohUZDT6hlIgkvl8G0js44kq-8WAPf8HVDKBiZre9Z0xeRH6MOeHPZh7BWzdnN1Bkg&_nc_sid=b66105&_nc_ht=video.fblr22-1.fna.fbcdn.net&_nc_ohc=TbBP4uZEweUQ7kNvwEspjaK&efg=eyJ2ZW5jb2RlX3RhZyI6Inhwdl9wcm9ncmVzc2l2ZS5WSV9VU0VDQVNFX1BST0RVQ1RfVFlQRS4uQzMuNjA4LmRhc2hfaDI2NC1iYXNpYy1nZW4yXzcyMHAiLCJ4cHZfYXNzZXRfaWQiOjEwMDc5MzA2ODIwMzIyOTIsImFzc2V0X2FnZV9kYXlzIjo2LCJ2aV91c2VjYXNlX2lkIjoxMDEzOSwiZHVyYXRpb25fcyI6MTgsInVybGdlbl9zb3VyY2UiOiJ3d3cifQ%3D%3D&ccb=17-1&vs=b13582f63c40f9f6&_nc_vs=HBksFQIYRWZiX2VwaGVtZXJhbC9BQTRDNzU0RDA1Q0MxMjJGNDhGQzQ5QUJDRjcwQkU5RF9tdF8xX3ZpZGVvX2Rhc2hpbml0Lm1wNBUAAsgBEgAVAhhAZmJfcGVybWFuZW50LzM0NDAxOUFGRUY0QTk5NDFDOUVBQzBERDYxRURGQzlDX2F1ZGlvX2Rhc2hpbml0Lm1wNBUCAsgBEgAoABgAGwKIB3VzZV9vaWwBMRJwcm9ncmVzc2l2ZV9yZWNpcGUBMRUAACbIgpbkpK3KAxUCKAJDMywXQDJ3S8an754YGWRhc2hfaDI2NC1iYXNpYy1nZW4yXzcyMHARAHUAZbaeAQA&_nc_gid=Kei53TyA5ZnLuxhhr-4nMQ&_nc_ss=7f289&_nc_zt=28&oh=00_AQBEZZCwcfC15cK4gyeD8z5N8nk60pyvPnhga4wtkbabug&oe=6A53C70B,https://scontent.fblr22-1.fna.fbcdn.net/v/t39.35426-6/734171740_2202765470578469_8347085854573145157_n.jpg?_nc_cat=104&ccb=1-7&_nc_sid=c53f8f&_nc_ohc=Vhp_SjSH7qwQ7kNvwEHK2DD&_nc_oc=Adr6xTcvrJHrE8W7UqSRENLVXD1sA8IeZYDHRi7kQAQK7kyrFSirg2ThlZ_Qj-c-gz8&_nc_zt=14&_nc_ht=scontent.fblr22-1.fna&_nc_gid=Kei53TyA5ZnLuxhhr-4nMQ&_nc_ss=7f289&oh=00_AQARccZJ3ou20-3gp651OQ5oEe9-uBhcPvROy0WwnC4Nrw&oe=6A53CB5D,2026-07-12T16:55:39.000Z,2026-07-08
13,12,Lingo AI,599204246602758,Lingo AI,,IN,993382163488187,https://www.facebook.com/ads/library/?id=993382163488187,2026-06-14,,false,false,1,0,,2026-06-14,,"🌍 Learn real English for everyday life 
🗣 Practice speaking with simple lessons 
⏱ Just 5 minutes a day
👉 Download now",👇 Start now,Download,https://speaklearnfrenchlingoai.onelink.me/Y67n?pid=metaweb_int&c={{campaign.name}}&af_c_id={{campaign.id}}&af_adset={{adset.name}}&af_adset_id={{adset.id}}&af_ad={{ad.name}}&af_ad_id={{ad.id}}&af_siteid={{site_source_name}},"Facebook,Instagram,Audience Network,Messenger,Threads","🌍 Learn real English for everyday life 
🗣 Practice speaking with simple lessons 
⏱ Just 5 minutes a day
👉 Download now",👇 Start now,Download,https://speaklearnfrenchlingoai.onelink.me/Y67n?pid=metaweb_int&c={{campaign.name}}&af_c_id={{campaign.id}}&af_adset={{adset.name}}&af_adset_id={{adset.id}}&af_ad={{ad.name}}&af_ad_id={{ad.id}}&af_siteid={{site_source_name}},Video,"Facebook,Instagram,Audience Network,Messenger,Threads",1,0,9:16,https://video.fblr22-1.fna.fbcdn.net/o1/v/t2/f2/m366/AQOVDfwhLDSrAKDV-Ms4QfUyaYsb440dwd0OdCIEGWPlQpbEL9BkXSr6G5Lfssb1SJEIrTNEIioFD-Y3sU26RnTe7YcInw6r4INdR_WKBKH_oQ.mp4?_nc_cat=101&_nc_oc=AdoQgcBspOZ-O2Juct8pTpIrkHkvlIniL6Lsq5-E2V91w4EEfpKr3igivujM-Wk9T1I&_nc_sid=b66105&_nc_ht=video.fblr22-1.fna.fbcdn.net&_nc_ohc=mce8MvCDLiMQ7kNvwFuynOZ&efg=eyJ2ZW5jb2RlX3RhZyI6Inhwdl9wcm9ncmVzc2l2ZS5WSV9VU0VDQVNFX1BST0RVQ1RfVFlQRS4uQzMuNzIwLmRhc2hfaDI2NC1iYXNpYy1nZW4yXzcyMHAiLCJ4cHZfYXNzZXRfaWQiOjEwMjc4ODY2MTYzNzM3OTYsImFzc2V0X2FnZV9kYXlzIjoyOSwidmlfdXNlY2FzZV9pZCI6MTAxMzksImR1cmF0aW9uX3MiOjMyLCJ1cmxnZW5fc291cmNlIjoid3d3In0%3D&ccb=17-1&vs=90d97cf06019a297&_nc_vs=HBksFQIYRWZiX2VwaGVtZXJhbC82ODRGMDRCNTM1OTZFRUUxQUJBNDg4Qzk2MEM1RjQ5Nl9tdF8xX3ZpZGVvX2Rhc2hpbml0Lm1wNBUAAsgBEgAVAhhAZmJfcGVybWFuZW50L0ZFNDgxMjM1MzlCODk5Q0JBMTBGRUVFODI3QkNEMTlDX2F1ZGlvX2Rhc2hpbml0Lm1wNBUCAsgBEgAoABgAGwKIB3VzZV9vaWwBMRJwcm9ncmVzc2l2ZV9yZWNpcGUBMRUAACbIqJuK8LbTAxUCKAJDMywXQEBiDEm6XjUYGWRhc2hfaDI2NC1iYXNpYy1nZW4yXzcyMHARAHUAZbaeAQA&_nc_gid=Kei53TyA5ZnLuxhhr-4nMQ&_nc_ss=7f289&_nc_zt=28&oh=00_AQD313dJWbN0goze_U4rC6t5jr3tCu6v-qPLcz-WalF1Iw&oe=6A53BCE7,https://scontent.fblr22-1.fna.fbcdn.net/v/t39.35426-6/723873114_784630634642845_4232626623611320045_n.jpg?_nc_cat=103&ccb=1-7&_nc_sid=c53f8f&_nc_ohc=bCKChXaysOEQ7kNvwHFhai4&_nc_oc=AdqC6Igjo0jKAFE09IHSfJlpwwrOmOlWCjaCanPS0PwBRZv2WKy5k_vhsM7HlTCnDtg&_nc_zt=14&_nc_ht=scontent.fblr22-1.fna&_nc_gid=Kei53TyA5ZnLuxhhr-4nMQ&_nc_ss=7f289&oh=00_AQDmnTOlwACJYtYoVZLKk__FOPP3dJkiRJPjJZGrD1-aMA&oe=6A53C969,2026-07-12T16:12:23.000Z,2026-07-08
14,13,Lingo AI,599204246602758,Lingo AI,,IN,27223086024028518,https://www.facebook.com/ads/library/?id=27223086024028518,2026-06-30,,false,false,1,0,,2026-06-30,,"🌍 Lerne echtes Englisch für den Alltag
🗣 Übe das Sprechen mit einfachen Lektionen
⏱ Nur 5 Minuten pro Tag
👉 Jetzt herunterladen",👉 Jetzt herunterladen,Download,https://speaklearnfrenchlingoai.onelink.me/Y67n?pid=metaweb_int&c={{campaign.name}}&af_c_id={{campaign.id}}&af_adset={{adset.name}}&af_adset_id={{adset.id}}&af_ad={{ad.name}}&af_ad_id={{ad.id}}&af_siteid={{site_source_name}},"Facebook,Instagram,Audience Network,Messenger,Threads","🌍 Lerne echtes Englisch für den Alltag
🗣 Übe das Sprechen mit einfachen Lektionen
⏱ Nur 5 Minuten pro Tag
👉 Jetzt herunterladen",👉 Jetzt herunterladen,Download,https://speaklearnfrenchlingoai.onelink.me/Y67n?pid=metaweb_int&c={{campaign.name}}&af_c_id={{campaign.id}}&af_adset={{adset.name}}&af_adset_id={{adset.id}}&af_ad={{ad.name}}&af_ad_id={{ad.id}}&af_siteid={{site_source_name}},Video,"Facebook,Instagram,Audience Network,Messenger,Threads",1,0,9:16,https://video.fblr22-1.fna.fbcdn.net/o1/v/t2/f2/m366/AQOslrE3IstzwSE0GG8UG-wRiMBCiIHtMUZHnYQAcYh28NDwfZeTB1LOAOluG0s6Twva_diFiOWmuwTwxT5YHd47NxccR6fYpKt0ZtdXxoYFHg.mp4?_nc_cat=102&_nc_oc=AdqPkCNCL8ReafxlXUdaEpDO9geZkF-z9AFWXKgCqfQ_JLuJ0MSukrJ0VVTuFX1bqxg&_nc_sid=b66105&_nc_ht=video.fblr22-1.fna.fbcdn.net&_nc_ohc=YXY-Td9o_Y4Q7kNvwGgTTdI&efg=eyJ2ZW5jb2RlX3RhZyI6Inhwdl9wcm9ncmVzc2l2ZS5WSV9VU0VDQVNFX1BST0RVQ1RfVFlQRS4uQzMuNjA4LmRhc2hfaDI2NC1iYXNpYy1nZW4yXzcyMHAiLCJ4cHZfYXNzZXRfaWQiOjI0NjczNDE4MTcxMDM1OTcsImFzc2V0X2FnZV9kYXlzIjo3LCJ2aV91c2VjYXNlX2lkIjoxMDEzOSwiZHVyYXRpb25fcyI6MzQsInVybGdlbl9zb3VyY2UiOiJ3d3cifQ%3D%3D&ccb=17-1&vs=60d989a64a99aba&_nc_vs=HBksFQIYRWZiX2VwaGVtZXJhbC8yRTRENDgxRkREODlCQkIxRDYzQTZCNUUyRDFCODVCMl9tdF8xX3ZpZGVvX2Rhc2hpbml0Lm1wNBUAAsgBEgAVAhhAZmJfcGVybWFuZW50LzRBNDRGRUY4NEFDMjA4QTUzQTcwQTFBOUNCQ0Q4OTk4X2F1ZGlvX2Rhc2hpbml0Lm1wNBUCAsgBEgAoABgAGwKIB3VzZV9vaWwBMRJwcm9ncmVzc2l2ZV9yZWNpcGUBMRUAACbak-KImYLiCBUCKAJDMywXQEFEOVgQYk4YGWRhc2hfaDI2NC1iYXNpYy1nZW4yXzcyMHARAHUAZbaeAQA&_nc_gid=Kei53TyA5ZnLuxhhr-4nMQ&_nc_ss=7f289&_nc_zt=28&oh=00_AQAXhWdznsH_bO6Hyzdr34-sb8G5Ygm239zjnU1-FdWOZQ&oe=6A53BBA2,https://scontent.fblr22-1.fna.fbcdn.net/v/t39.35426-6/734896610_2454476605031051_8649490834366086579_n.jpg?_nc_cat=103&ccb=1-7&_nc_sid=c53f8f&_nc_ohc=wonHcVrEoLEQ7kNvwH_tMy2&_nc_oc=AdqekyytqEFf8DwmYuseBDthC2voti7vjf05RIGNtuN9Ru2cYdoHWYFVmyF1lMM1QEA&_nc_zt=14&_nc_ht=scontent.fblr22-1.fna&_nc_gid=Kei53TyA5ZnLuxhhr-4nMQ&_nc_ss=7f289&oh=00_AQDze49OojiITqOhpt2xwVqUJt2M4zt14paVMvvd4cHRFQ&oe=6A53E879,2026-07-12T16:06:58.000Z,2026-07-08
15,14,Lingo AI,599204246602758,Lingo AI,,IN,861649606640914,https://www.facebook.com/ads/library/?id=861649606640914,2026-07-03,,false,false,1,0,,2026-07-03,,"📘 Learn English easily with simple lessons 
😊 Build confidence with everyday speaking practice 
👉 Download now",👉 Download now,Download,https://speaklearnfrenchlingoai.onelink.me/Y67n?pid=metaweb_int&c={{campaign.name}}&af_c_id={{campaign.id}}&af_adset={{adset.name}}&af_adset_id={{adset.id}}&af_ad={{ad.name}}&af_ad_id={{ad.id}}&af_siteid={{site_source_name}},"Facebook,Instagram,Audience Network,Messenger,Threads","📘 Learn English easily with simple lessons 
😊 Build confidence with everyday speaking practice 
👉 Download now",👉 Download now,Download,https://speaklearnfrenchlingoai.onelink.me/Y67n?pid=metaweb_int&c={{campaign.name}}&af_c_id={{campaign.id}}&af_adset={{adset.name}}&af_adset_id={{adset.id}}&af_ad={{ad.name}}&af_ad_id={{ad.id}}&af_siteid={{site_source_name}},Video,"Facebook,Instagram,Audience Network,Messenger,Threads",1,0,9:16,https://video.fblr22-1.fna.fbcdn.net/o1/v/t2/f2/m366/AQMqX385G5MI4EETJepJ6oerczjqDfHdPGCKb3s7_fd1dbNNf6vI9qbAOqYK9ZjMm086Mm7quyzYkpXFmPCcmy7Tb09OYZcVFFSEQ7p8qK-ivw.mp4?_nc_cat=109&_nc_oc=AdrXOgReyDSbGzkHECwXWPXeNCgUHz8mMAiekxVbgtNuU3juk9Gh1NzfmpVDZn1h1L8&_nc_sid=b66105&_nc_ht=video.fblr22-1.fna.fbcdn.net&_nc_ohc=7yAYykjxGTkQ7kNvwFIVMDm&efg=eyJ2ZW5jb2RlX3RhZyI6Inhwdl9wcm9ncmVzc2l2ZS5WSV9VU0VDQVNFX1BST0RVQ1RfVFlQRS4uQzMuNzIwLmRhc2hfaDI2NC1iYXNpYy1nZW4yXzcyMHAiLCJ4cHZfYXNzZXRfaWQiOjEwNTgyMDU1MzY1MzE2MTgsImFzc2V0X2FnZV9kYXlzIjo0LCJ2aV91c2VjYXNlX2lkIjoxMDEzOSwiZHVyYXRpb25fcyI6NDgsInVybGdlbl9zb3VyY2UiOiJ3d3cifQ%3D%3D&ccb=17-1&vs=241837b9892da65d&_nc_vs=HBksFQIYRWZiX2VwaGVtZXJhbC84OTQzM0VGNkYwNDkyNkFGRjU0Q0FFRkM3REVDMUU5MV9tdF8xX3ZpZGVvX2Rhc2hpbml0Lm1wNBUAAsgBEgAVAhhAZmJfcGVybWFuZW50LzEyNDFDRjk4MUQ5NkQxM0YwRTc3QTFFMDQzNTVBQzgzX2F1ZGlvX2Rhc2hpbml0Lm1wNBUCAsgBEgAoABgAGwKIB3VzZV9vaWwBMRJwcm9ncmVzc2l2ZV9yZWNpcGUBMRUAACbE0tXR1ZvhAxUCKAJDMywXQEhIcrAgxJwYGWRhc2hfaDI2NC1iYXNpYy1nZW4yXzcyMHARAHUAZbaeAQA&_nc_gid=Kei53TyA5ZnLuxhhr-4nMQ&_nc_ss=7f289&_nc_zt=28&oh=00_AQBx8Uz1MLb9tpn83wuV8dA4NyCvnhfs-PPg2QjNQtF1Ng&oe=6A53EA57,https://scontent.fblr22-1.fna.fbcdn.net/v/t39.35426-6/738465055_1021887397244136_8559899821422683012_n.jpg?_nc_cat=106&ccb=1-7&_nc_sid=c53f8f&_nc_ohc=qT0reMElYdUQ7kNvwFXu-Q-&_nc_oc=AdpdgeT2TQfckcrQTPN2Sg--OH8VUJ07Byt-4tuiOiM9Nm0c1QLhprAOz4ubONU1_Dk&_nc_zt=14&_nc_ht=scontent.fblr22-1.fna&_nc_gid=Kei53TyA5ZnLuxhhr-4nMQ&_nc_ss=7f289&oh=00_AQB09zZbe1WG2Tvu7BejkTZeNxIc6Ftr3pgYKepUpIIQAQ&oe=6A53D0DB,2026-07-12T19:26:15.000Z,2026-07-08
16,15,Lingo AI,599204246602758,Lingo AI,,IN,1006880602208933,https://www.facebook.com/ads/library/?id=1006880602208933,2026-07-01,,false,false,1,0,,2026-07-01,,"🌟 Want to improve your English?
📱 Learn anytime in just minutes a day
💬 Build real speaking confidence",👉 Download now,Install now,http://itunes.apple.com/app/id6740255326,"Facebook,Instagram,Audience Network,Messenger,Threads","🌟 Want to improve your English?
📱 Learn anytime in just minutes a day
💬 Build real speaking confidence",👉 Download now,Install now,http://itunes.apple.com/app/id6740255326,Video,"Facebook,Instagram,Audience Network,Messenger,Threads",1,0,9:16,https://video.fblr22-1.fna.fbcdn.net/o1/v/t2/f2/m366/AQNo5ImfacPUPabM1jJYJk7H0R0nNK_znpJmwqgbrYilju4JkIsbLEbtkE7STW0u2yLaVw6ETbRIrNvyn4iHTJ-ZB4hgOW9SmkBkGr14rQQk3w.mp4?_nc_cat=103&_nc_oc=AdqSqKF6yhzGoE8LhaKwkk3g0OdNvaSfk2gsuRdm32MvWAPtNxFDfzCdligNtEqFNGQ&_nc_sid=b66105&_nc_ht=video.fblr22-1.fna.fbcdn.net&_nc_ohc=djBGRp4fToEQ7kNvwFTFIvd&efg=eyJ2ZW5jb2RlX3RhZyI6Inhwdl9wcm9ncmVzc2l2ZS5WSV9VU0VDQVNFX1BST0RVQ1RfVFlQRS4uQzMuNzIwLmRhc2hfaDI2NC1iYXNpYy1nZW4yXzcyMHAiLCJ4cHZfYXNzZXRfaWQiOjI3NTY2MDE5NzEzNzM1MjgsImFzc2V0X2FnZV9kYXlzIjo0NywidmlfdXNlY2FzZV9pZCI6MTAxMzksImR1cmF0aW9uX3MiOjY5LCJ1cmxnZW5fc291cmNlIjoid3d3In0%3D&ccb=17-1&vs=3a41bf52f0b567b7&_nc_vs=HBksFQIYRWZiX2VwaGVtZXJhbC9ENTRFODIwNjY4Qzk5OUM0RTQ5OTY2ODg5ODcwMTdBNF9tdF8xX3ZpZGVvX2Rhc2hpbml0Lm1wNBUAAsgBEgAVAhhAZmJfcGVybWFuZW50LzQ1NDNEQjc1REU1MUZGM0Q4OTI1MkI4QTk3MTA2RDg1X2F1ZGlvX2Rhc2hpbml0Lm1wNBUCAsgBEgAoABgAGwKIB3VzZV9vaWwBMRJwcm9ncmVzc2l2ZV9yZWNpcGUBMRUAACaw19OUrcflCRUCKAJDMywXQFFu6XjU_fQYGWRhc2hfaDI2NC1iYXNpYy1nZW4yXzcyMHARAHUAZbaeAQA&_nc_gid=Kei53TyA5ZnLuxhhr-4nMQ&_nc_ss=7f289&_nc_zt=28&oh=00_AQBViHIlQKWqiAIxVGrjyNkCSeRNFYUNYLIC2f1CBB-ang&oe=6A53DA65,https://scontent.fblr22-2.fna.fbcdn.net/v/t39.35426-6/738464985_1344787027829866_329281944612702239_n.jpg?_nc_cat=110&ccb=1-7&_nc_sid=c53f8f&_nc_ohc=saKYV9WALz4Q7kNvwEOhiWd&_nc_oc=AdpEfbffZMoIYKW_zNRYd1t91rJ9rBgwUhRyJPckvEoPWFTJ1BjLPlzob873xrPOdms&_nc_zt=14&_nc_ht=scontent.fblr22-2.fna&_nc_gid=Kei53TyA5ZnLuxhhr-4nMQ&_nc_ss=7f289&oh=00_AQCcGiJB_QsNrd64-9KZ30gQ7smXRnEOlAtDGZLpHYwqVg&oe=6A53BBE6,2026-07-12T18:18:13.000Z,2026-07-08
17,16,Lingo AI,599204246602758,Lingo AI,,IN,2391010851423275,https://www.facebook.com/ads/library/?id=2391010851423275,2026-07-03,,false,false,1,0,,2026-07-03,,"📘 Aprenda inglês facilmente com lições simples
😊 Ganhe confiança com a prática diária de conversação
👉 Baixe agora",👉 Baixe agora,Download,https://speaklearnfrenchlingoai.onelink.me/Y67n?pid=metaweb_int&c={{campaign.name}}&af_c_id={{campaign.id}}&af_adset={{adset.name}}&af_adset_id={{adset.id}}&af_ad={{ad.name}}&af_ad_id={{ad.id}}&af_siteid={{site_source_name}},"Facebook,Instagram,Audience Network,Messenger,Threads","📘 Aprenda inglês facilmente com lições simples
😊 Ganhe confiança com a prática diária de conversação
👉 Baixe agora",👉 Baixe agora,Download,https://speaklearnfrenchlingoai.onelink.me/Y67n?pid=metaweb_int&c={{campaign.name}}&af_c_id={{campaign.id}}&af_adset={{adset.name}}&af_adset_id={{adset.id}}&af_ad={{ad.name}}&af_ad_id={{ad.id}}&af_siteid={{site_source_name}},Video,"Facebook,Instagram,Audience Network,Messenger,Threads",1,0,9:16,https://video.fblr22-1.fna.fbcdn.net/o1/v/t2/f2/m366/AQM-MdVVDXVoI2Ied35xm2GdYP_voA8tMgxH4pYlchJjCJxl_l-O1-eNbbiGWCKRhGF8fhR7PD6Di4MOu4jvj2gg0_YB6hPybuZVUMGjA6iUzg.mp4?_nc_cat=104&_nc_oc=AdqiPujzo08fLSxbDfCCkH68AEKd_KP-scwYd61bF71WjiG-LqZe35bLLSUiJNv69jI&_nc_sid=b66105&_nc_ht=video.fblr22-1.fna.fbcdn.net&_nc_ohc=Z7ZrXc3QiHoQ7kNvwH1eDfU&efg=eyJ2ZW5jb2RlX3RhZyI6Inhwdl9wcm9ncmVzc2l2ZS5WSV9VU0VDQVNFX1BST0RVQ1RfVFlQRS4uQzMuNjA4LmRhc2hfaDI2NC1iYXNpYy1nZW4yXzcyMHAiLCJ4cHZfYXNzZXRfaWQiOjEwMTIzMDkxNDExODA4NTksImFzc2V0X2FnZV9kYXlzIjo3LCJ2aV91c2VjYXNlX2lkIjoxMDEzOSwiZHVyYXRpb25fcyI6NDYsInVybGdlbl9zb3VyY2UiOiJ3d3cifQ%3D%3D&ccb=17-1&vs=92c54ad6655c3698&_nc_vs=HBksFQIYRWZiX2VwaGVtZXJhbC9FNjRBODE3NjM3QTg4MTZDODgyNjREMEQ5REVEREFBOV9tdF8xX3ZpZGVvX2Rhc2hpbml0Lm1wNBUAAsgBEgAVAhhAZmJfcGVybWFuZW50L0I3NDY3OUY1QkFBOEM5MTY5RjUzNjk4MDQ1NUQxNzkxX2F1ZGlvX2Rhc2hpbml0Lm1wNBUCAsgBEgAoABgAGwKIB3VzZV9vaWwBMRJwcm9ncmVzc2l2ZV9yZWNpcGUBMRUAACb2xprskqzMAxUCKAJDMywXQEdRBiTdLxsYGWRhc2hfaDI2NC1iYXNpYy1nZW4yXzcyMHARAHUAZbaeAQA&_nc_gid=Kei53TyA5ZnLuxhhr-4nMQ&_nc_ss=7f289&_nc_zt=28&oh=00_AQCDKH5cH14V1KhsLDZFFk8yE3wODQ7tjX_MNuvNMwevRw&oe=6A53EF8C,https://scontent.fblr22-2.fna.fbcdn.net/v/t39.35426-6/734298660_2068193667911394_4727006422086196742_n.jpg?_nc_cat=110&ccb=1-7&_nc_sid=c53f8f&_nc_ohc=9yu96JwerCUQ7kNvwGrdj5S&_nc_oc=AdrUeVv_k9vMV-cl23RwBQ1cJMxi1x4dlU2CpRT3gvL6nZ7KNukLIKKwXcd54LwZXiM&_nc_zt=14&_nc_ht=scontent.fblr22-2.fna&_nc_gid=Kei53TyA5ZnLuxhhr-4nMQ&_nc_ss=7f289&oh=00_AQANXHnbpigeqHeeBvyiihLB8FvnpoHKZpsfuvHMll2kHw&oe=6A53DD75,2026-07-12T19:48:28.000Z,2026-07-08
18,17,Lingo AI,599204246602758,Lingo AI,,IN,1402910178342547,https://www.facebook.com/ads/library/?id=1402910178342547,2026-06-17,,false,false,1,0,,2026-06-17,,"📘 Learn English easily with simple lessons 
😊 Build confidence with everyday speaking practice 
👉 Download now",👉 Download now,Download,https://speaklearnfrenchlingoai.onelink.me/Y67n?pid=metaweb_int&c={{campaign.name}}&af_c_id={{campaign.id}}&af_adset={{adset.name}}&af_adset_id={{adset.id}}&af_ad={{ad.name}}&af_ad_id={{ad.id}}&af_siteid={{site_source_name}},"Facebook,Instagram,Audience Network,Messenger,Threads","📘 Learn English easily with simple lessons 
😊 Build confidence with everyday speaking practice 
👉 Download now",👉 Download now,Download,https://speaklearnfrenchlingoai.onelink.me/Y67n?pid=metaweb_int&c={{campaign.name}}&af_c_id={{campaign.id}}&af_adset={{adset.name}}&af_adset_id={{adset.id}}&af_ad={{ad.name}}&af_ad_id={{ad.id}}&af_siteid={{site_source_name}},Video,"Facebook,Instagram,Audience Network,Messenger,Threads",1,0,9:16,https://video.fblr22-1.fna.fbcdn.net/o1/v/t2/f2/m366/AQOGZ7HlTCExMT4p4fkegplXKJPa93JmP4EzpFORhKhBnYwvWvvMHS-B-g5Edb1ayCt_dl3iQX1jy-gwLKiuOmD6YYni-Dq8EB-YiaPtkalhtg.mp4?_nc_cat=108&_nc_oc=Ado3uoOB0ky5Pf8r-OiWaZ15eO4ixfuintut_HF22fUBKjYdEmkQttsTIQBoD05uP4c&_nc_sid=b66105&_nc_ht=video.fblr22-1.fna.fbcdn.net&_nc_ohc=hdDYUREqSvUQ7kNvwFuMRVt&efg=eyJ2ZW5jb2RlX3RhZyI6Inhwdl9wcm9ncmVzc2l2ZS5WSV9VU0VDQVNFX1BST0RVQ1RfVFlQRS4uQzMuNjA4LmRhc2hfaDI2NC1iYXNpYy1nZW4yXzcyMHAiLCJ4cHZfYXNzZXRfaWQiOjI3MzU5NjkzMzg2OTU3MDk2LCJhc3NldF9hZ2VfZGF5cyI6NTksInZpX3VzZWNhc2VfaWQiOjEwMTM5LCJkdXJhdGlvbl9zIjozNSwidXJsZ2VuX3NvdXJjZSI6Ind3dyJ9&ccb=17-1&vs=9ac3db04755f7e06&_nc_vs=HBksFQIYRWZiX2VwaGVtZXJhbC9BNDRGRDg0QjJFNEVGQ0Q0ODZCRTBERkMwNjEwQzg5OV9tdF8xX3ZpZGVvX2Rhc2hpbml0Lm1wNBUAAsgBEgAVAhhAZmJfcGVybWFuZW50L0I0NEY1QTZDMTU3NjgwNDZFQUQwQTE3NkMwN0MzRThEX2F1ZGlvX2Rhc2hpbml0Lm1wNBUCAsgBEgAoABgAGwKIB3VzZV9vaWwBMRJwcm9ncmVzc2l2ZV9yZWNpcGUBMRUAACbQhPLX4N-ZYRUCKAJDMywXQEHiDEm6XjUYGWRhc2hfaDI2NC1iYXNpYy1nZW4yXzcyMHARAHUAZbaeAQA&_nc_gid=Kei53TyA5ZnLuxhhr-4nMQ&_nc_ss=7f289&_nc_zt=28&oh=00_AQAWM5ABDT6zr0LAI2RGBUESTK2UyDAXKXWv9UTVuFeITw&oe=6A53DB80,https://scontent.fblr22-1.fna.fbcdn.net/v/t39.35426-6/722769300_1415827243687534_7508022076345773465_n.jpg?_nc_cat=101&ccb=1-7&_nc_sid=c53f8f&_nc_ohc=gSB47zeroRIQ7kNvwG-Kdsq&_nc_oc=AdqK6QVH0bMHNDT3uwmLVVcioC0-jlYXrHh2dIpocn20VJ5J3RAKXJIJm6ii8wIOT7M&_nc_zt=14&_nc_ht=scontent.fblr22-1.fna&_nc_gid=Kei53TyA5ZnLuxhhr-4nMQ&_nc_ss=7f289&oh=00_AQCPPpOl44NE8yoTK4ZR1NkDI20tQKHoDUq_EW7qFXCRWg&oe=6A53DB5B,2026-07-12T18:22:56.000Z,2026-07-08
19,18,Lingo AI,599204246602758,Lingo AI,,IN,1737663170595329,https://www.facebook.com/ads/library/?id=1737663170595329,2026-07-05,,false,false,1,0,,2026-07-05,,"📘 Learn English easily with simple lessons 
😊 Build confidence with everyday speaking practice 
👉 Download now",👉 Download now,Download,https://speaklearnfrenchlingoai.onelink.me/Y67n?pid=metaweb_int&c={{campaign.name}}&af_c_id={{campaign.id}}&af_adset={{adset.name}}&af_adset_id={{adset.id}}&af_ad={{ad.name}}&af_ad_id={{ad.id}}&af_siteid={{site_source_name}},"Facebook,Instagram,Audience Network,Messenger,Threads","📘 Learn English easily with simple lessons 
😊 Build confidence with everyday speaking practice 
👉 Download now",👉 Download now,Download,https://speaklearnfrenchlingoai.onelink.me/Y67n?pid=metaweb_int&c={{campaign.name}}&af_c_id={{campaign.id}}&af_adset={{adset.name}}&af_adset_id={{adset.id}}&af_ad={{ad.name}}&af_ad_id={{ad.id}}&af_siteid={{site_source_name}},Video,"Facebook,Instagram,Audience Network,Messenger,Threads",1,0,9:16,https://video.fblr22-2.fna.fbcdn.net/o1/v/t2/f2/m366/AQNuaMqg7VEyHOVFT7VcuHve3OhILJ8l8fFupIfGzeExLUoh_UCWJXleo5JC4LYcGZL2ckdlbyBkTpuxdR60-XnJ-eAl_1yXMOTMLo-JBo8tOA.mp4?_nc_cat=107&_nc_oc=AdqipHKjSHOjl0B1ZTGN4xGAqz_UPUn-o4__yQeZOnbYx_Ma80cqaYBKUSaUn3d_W3I&_nc_sid=b66105&_nc_ht=video.fblr22-2.fna.fbcdn.net&_nc_ohc=MsGHHoDs73UQ7kNvwE6dPwW&efg=eyJ2ZW5jb2RlX3RhZyI6Inhwdl9wcm9ncmVzc2l2ZS5WSV9VU0VDQVNFX1BST0RVQ1RfVFlQRS4uQzMuNjA4LmRhc2hfaDI2NC1iYXNpYy1nZW4yXzcyMHAiLCJ4cHZfYXNzZXRfaWQiOjIwNDY2MzI0MDkyMjEwMjYsImFzc2V0X2FnZV9kYXlzIjo3NiwidmlfdXNlY2FzZV9pZCI6MTAxMzksImR1cmF0aW9uX3MiOjcwLCJ1cmxnZW5fc291cmNlIjoid3d3In0%3D&ccb=17-1&vs=81895e41a6be3db3&_nc_vs=HBksFQIYRWZiX2VwaGVtZXJhbC9FQTQxNjI3ODM1NjE3MDY2NzkwQUE5NUYzRDM2NDBCQl9tdF8xX3ZpZGVvX2Rhc2hpbml0Lm1wNBUAAsgBEgAVAhhAZmJfcGVybWFuZW50LzZDNEIwQTlCRjkxMjUxQzU0MEQ0MzVCRTAwNUVBRTlFX2F1ZGlvX2Rhc2hpbml0Lm1wNBUCAsgBEgAoABgAGwKIB3VzZV9vaWwBMRJwcm9ncmVzc2l2ZV9yZWNpcGUBMRUAACbEnubb19miBxUCKAJDMywXQFGogxJul40YGWRhc2hfaDI2NC1iYXNpYy1nZW4yXzcyMHARAHUAZbaeAQA&_nc_gid=Kei53TyA5ZnLuxhhr-4nMQ&_nc_ss=7f289&_nc_zt=28&oh=00_AQCwoeBqy40CR-2thsN1jVMTb0XuT07vJdE398pu5Bxs6A&oe=6A53CE3D,https://scontent.fblr22-2.fna.fbcdn.net/v/t39.35426-6/740712316_3485390558292078_8284356580220757269_n.jpg?_nc_cat=107&ccb=1-7&_nc_sid=c53f8f&_nc_ohc=xwkj6f2upv8Q7kNvwEglihu&_nc_oc=AdrlXw-4i6DtkEhIxEq60QgiL9mzNN9Gv22W6PUypT4EE_Y7uRyYXZioa0cthK3wUWo&_nc_zt=14&_nc_ht=scontent.fblr22-2.fna&_nc_gid=Kei53TyA5ZnLuxhhr-4nMQ&_nc_ss=7f289&oh=00_AQCxq_4KTalKQhpdLkAHVruyNlPQYk5a0zf2D0NGIpl7Jg&oe=6A53EBBD,2026-07-12T17:26:21.000Z,2026-07-08
20,19,Lingo AI,599204246602758,Lingo AI,,IN,2223760955053163,https://www.facebook.com/ads/library/?id=2223760955053163,2026-06-17,,false,false,1,0,,2026-06-17,,"📘 Learn English easily with simple lessons 
😊 Build confidence with everyday speaking practice 
👉 Download now",👉 Download now,Download,https://speaklearnfrenchlingoai.onelink.me/Y67n?pid=metaweb_int&c={{campaign.name}}&af_c_id={{campaign.id}}&af_adset={{adset.name}}&af_adset_id={{adset.id}}&af_ad={{ad.name}}&af_ad_id={{ad.id}}&af_siteid={{site_source_name}},"Facebook,Instagram,Audience Network,Messenger,Threads","📘 Learn English easily with simple lessons 
😊 Build confidence with everyday speaking practice 
👉 Download now",👉 Download now,Download,https://speaklearnfrenchlingoai.onelink.me/Y67n?pid=metaweb_int&c={{campaign.name}}&af_c_id={{campaign.id}}&af_adset={{adset.name}}&af_adset_id={{adset.id}}&af_ad={{ad.name}}&af_ad_id={{ad.id}}&af_siteid={{site_source_name}},Video,"Facebook,Instagram,Audience Network,Messenger,Threads",1,0,9:16,https://video.fblr22-1.fna.fbcdn.net/o1/v/t2/f2/m366/AQPqUtqUQpaumtBUhzDRaifg40-sTEUV6lvCnh61EaATCyKC596BKisAdOvNveAZpz6E981E2rUkJvcHpn6rS5_KD93Gqj3KmShV3rI2X5qFjg.mp4?_nc_cat=102&_nc_oc=AdqX9WkCOz0P7nMBqIR8aYCukbtPiA9WIzeZI4jE_NJBd8eMRjEI7gO-2lMc_5oLJZ0&_nc_sid=b66105&_nc_ht=video.fblr22-1.fna.fbcdn.net&_nc_ohc=C8UkLxvjgg4Q7kNvwGBxJCX&efg=eyJ2ZW5jb2RlX3RhZyI6Inhwdl9wcm9ncmVzc2l2ZS5WSV9VU0VDQVNFX1BST0RVQ1RfVFlQRS4uQzMuNjA4LmRhc2hfaDI2NC1iYXNpYy1nZW4yXzcyMHAiLCJ4cHZfYXNzZXRfaWQiOjEzMTUyODE4NTM4OTY0ODUsImFzc2V0X2FnZV9kYXlzIjo1MCwidmlfdXNlY2FzZV9pZCI6MTAxMzksImR1cmF0aW9uX3MiOjM1LCJ1cmxnZW5fc291cmNlIjoid3d3In0%3D&ccb=17-1&vs=68b9c3c7ac514fee&_nc_vs=HBksFQIYRWZiX2VwaGVtZXJhbC9CNjQ2RjI2NzIyOTUxN0MzMEU2MzcyNkZGRENDQUE4Nl9tdF8xX3ZpZGVvX2Rhc2hpbml0Lm1wNBUAAsgBEgAVAhhAZmJfcGVybWFuZW50Lzg3NEI3QjkxMERFRUI3MkE2RkZEMUVCREU4Qzg4Mzk0X2F1ZGlvX2Rhc2hpbml0Lm1wNBUCAsgBEgAoABgAGwKIB3VzZV9vaWwBMRJwcm9ncmVzc2l2ZV9yZWNpcGUBMRUAACbK3PK6vY_WBBUCKAJDMywXQEGIcrAgxJwYGWRhc2hfaDI2NC1iYXNpYy1nZW4yXzcyMHARAHUAZbaeAQA&_nc_gid=Kei53TyA5ZnLuxhhr-4nMQ&_nc_ss=7f289&_nc_zt=28&oh=00_AQBly-HPPqIqUBazzzqdwpuwf9u5R1qgdqt-4k6vpclZ3w&oe=6A53C762,https://scontent.fblr22-1.fna.fbcdn.net/v/t39.35426-6/722132382_876487148214806_1223841805364374710_n.jpg?_nc_cat=109&ccb=1-7&_nc_sid=c53f8f&_nc_ohc=GT5DE_o2iGMQ7kNvwENpbF7&_nc_oc=AdpUO4iLCjkN4mwZ3-a8Hhlsin_9eGpzYMFXO8oqsF734kXoveZ9sGaMLHKu-nVvFwA&_nc_zt=14&_nc_ht=scontent.fblr22-1.fna&_nc_gid=Kei53TyA5ZnLuxhhr-4nMQ&_nc_ss=7f289&oh=00_AQBS2YGZIngU6Il7lGM6KxeO51wX5LtlwGFTWosOHhBnVg&oe=6A53C98B,2026-07-12T16:57:06.000Z,2026-07-08
21,20,Lingo AI,599204246602758,Lingo AI,,IN,2196725327849145,https://www.facebook.com/ads/library/?id=2196725327849145,2026-07-05,,false,false,1,0,,2026-07-05,,"🌍 Learn real English for everyday life 
🗣 Practice speaking with simple lessons 
⏱ Just 5 minutes a day 
👉 Download now",👉 Download now,Download,https://speaklearnfrenchlingoai.onelink.me/Y67n?pid=metaweb_int&c={{campaign.name}}&af_c_id={{campaign.id}}&af_adset={{adset.name}}&af_adset_id={{adset.id}}&af_ad={{ad.name}}&af_ad_id={{ad.id}}&af_siteid={{site_source_name}},"Facebook,Instagram,Audience Network,Messenger,Threads","🌍 Learn real English for everyday life 
🗣 Practice speaking with simple lessons 
⏱ Just 5 minutes a day 
👉 Download now",👉 Download now,Download,https://speaklearnfrenchlingoai.onelink.me/Y67n?pid=metaweb_int&c={{campaign.name}}&af_c_id={{campaign.id}}&af_adset={{adset.name}}&af_adset_id={{adset.id}}&af_ad={{ad.name}}&af_ad_id={{ad.id}}&af_siteid={{site_source_name}},Video,"Facebook,Instagram,Audience Network,Messenger,Threads",1,0,9:16,https://video.fblr22-2.fna.fbcdn.net/o1/v/t2/f2/m366/AQNB7kULYznUO7nz71949dJWjm_-iOT2u3VrO3alaQX-FNEz_g-ZjKwa5hwvihsaTpHk6A972i46k2RqEgtmeLn4YVai7uuJkbg4dp-WdwrwgA.mp4?_nc_cat=110&_nc_oc=AdqW5NI9_CtXef8bTJr3dL4RpTE10WLlx3Pp1ngRRcEaVRwE43-KdZctWrwuwnmiznU&_nc_sid=b66105&_nc_ht=video.fblr22-2.fna.fbcdn.net&_nc_ohc=T6PrHYl3qocQ7kNvwEebAiA&efg=eyJ2ZW5jb2RlX3RhZyI6Inhwdl9wcm9ncmVzc2l2ZS5WSV9VU0VDQVNFX1BST0RVQ1RfVFlQRS4uQzMuNjA4LmRhc2hfaDI2NC1iYXNpYy1nZW4yXzcyMHAiLCJ4cHZfYXNzZXRfaWQiOjEzMTcxNjk0NjA1ODY0NDQsImFzc2V0X2FnZV9kYXlzIjo1LCJ2aV91c2VjYXNlX2lkIjoxMDEzOSwiZHVyYXRpb25fcyI6NTksInVybGdlbl9zb3VyY2UiOiJ3d3cifQ%3D%3D&ccb=17-1&vs=45c7e5fcb5a0ca3e&_nc_vs=HBksFQIYRWZiX2VwaGVtZXJhbC80MTQ0MzZCRkY5RTZCOTQ1MEIzMzBFOTM0ODgzRDNCOF9tdF8xX3ZpZGVvX2Rhc2hpbml0Lm1wNBUAAsgBEgAVAhhAZmJfcGVybWFuZW50LzQyNEMwRjFBRDU4Nzk1MTkzRkMxRDdFNkFBQjdCQUIxX2F1ZGlvX2Rhc2hpbml0Lm1wNBUCAsgBEgAoABgAGwKIB3VzZV9vaWwBMRJwcm9ncmVzc2l2ZV9yZWNpcGUBMRUAACaYn_Wcrf3WBBUCKAJDMywXQE33bItDlYEYGWRhc2hfaDI2NC1iYXNpYy1nZW4yXzcyMHARAHUAZbaeAQA&_nc_gid=Kei53TyA5ZnLuxhhr-4nMQ&_nc_ss=7f289&_nc_zt=28&oh=00_AQCfdiUyVxUbeLVqHDgiymgKRLV21SDHZjvzTub3kHkkuA&oe=6A53BE16,https://scontent.fblr22-1.fna.fbcdn.net/v/t39.35426-6/737046372_943296312104281_8444916642820867658_n.jpg?_nc_cat=101&ccb=1-7&_nc_sid=c53f8f&_nc_ohc=XNZfxqqDtwkQ7kNvwGVaWkk&_nc_oc=AdpCk7BbTgetCJjEVNqLh29GsyuwfbNnQj6kFnXmx_a7566ylECJqqa8hN_05yOYO-E&_nc_zt=14&_nc_ht=scontent.fblr22-1.fna&_nc_gid=Kei53TyA5ZnLuxhhr-4nMQ&_nc_ss=7f289&oh=00_AQCMNTndnDPgRHlJGkpRZI73N6rkvlWh_wFjTZ5Z55obFQ&oe=6A53BE33,2026-07-12T16:17:26.000Z,2026-07-08
22,21,Lingo AI,599204246602758,Lingo AI,,IN,4494315040857752,https://www.facebook.com/ads/library/?id=4494315040857752,2026-07-01,,false,false,1,0,,2026-07-01,,"📘 Learn English easily with simple lessons 
😊 Build confidence with everyday speaking practice 
👉 Download now",👉 Download now,Install now,http://itunes.apple.com/app/id6740255326,"Facebook,Instagram,Audience Network,Messenger,Threads","📘 Learn English easily with simple lessons 
😊 Build confidence with everyday speaking practice 
👉 Download now",👉 Download now,Install now,http://itunes.apple.com/app/id6740255326,Video,"Facebook,Instagram,Audience Network,Messenger,Threads",1,0,9:16,https://video.fblr22-1.fna.fbcdn.net/o1/v/t2/f2/m366/AQPVu_7T9bGG5j1MdDY5N4Zm-Roc0CFOS-gX9zIMf70vLOFqNK3aE2BpqcRDGI5tsTv212VxYP9mzfKoKYXS2ARHZtH9c7Q5Wx4BH_G3fUACoQ.mp4?_nc_cat=101&_nc_oc=AdqOlWNjdAzKAFbgAutEtjYORjQwtfyxrb3nrgvgQiyZWnYk2HH4SQZtp3OtuIihlXg&_nc_sid=b66105&_nc_ht=video.fblr22-1.fna.fbcdn.net&_nc_ohc=XT_pH4k5wIkQ7kNvwHJXl45&efg=eyJ2ZW5jb2RlX3RhZyI6Inhwdl9wcm9ncmVzc2l2ZS5WSV9VU0VDQVNFX1BST0RVQ1RfVFlQRS4uQzMuNzIwLmRhc2hfaDI2NC1iYXNpYy1nZW4yXzcyMHAiLCJ4cHZfYXNzZXRfaWQiOjEzMjc4ODU2NDI2NDM5MjIsImFzc2V0X2FnZV9kYXlzIjoyMCwidmlfdXNlY2FzZV9pZCI6MTAxMzksImR1cmF0aW9uX3MiOjQ2LCJ1cmxnZW5fc291cmNlIjoid3d3In0%3D&ccb=17-1&vs=1bda19167822fcf9&_nc_vs=HBksFQIYRWZiX2VwaGVtZXJhbC9CNjRGMkY4ODUxOUYzNDQwRDE0NkVENzc2NjdFRDNCOF9tdF8xX3ZpZGVvX2Rhc2hpbml0Lm1wNBUAAsgBEgAVAhhAZmJfcGVybWFuZW50LzVBNDJCQTdCMEZEMUYxQTY3RTg5RTQxMzYwQTZCRjk4X2F1ZGlvX2Rhc2hpbml0Lm1wNBUCAsgBEgAoABgAGwKIB3VzZV9vaWwBMRJwcm9ncmVzc2l2ZV9yZWNpcGUBMRUAACak58GAj-3bBBUCKAJDMywXQEcVP3ztkWgYGWRhc2hfaDI2NC1iYXNpYy1nZW4yXzcyMHARAHUAZbaeAQA&_nc_gid=Kei53TyA5ZnLuxhhr-4nMQ&_nc_ss=7f289&_nc_zt=28&oh=00_AQDtYty8CTbr_A_QTicOseVN0MyOYttKuzXpsRrGgsDhdA&oe=6A53C68B,https://scontent.fblr22-1.fna.fbcdn.net/v/t39.35426-6/738927253_1071766928829781_1026799190065604207_n.jpg?_nc_cat=102&ccb=1-7&_nc_sid=c53f8f&_nc_ohc=ZFbCwntaIXEQ7kNvwExKW4m&_nc_oc=Adq5wFCb-bKdTNO1fR4eLnccoBk2oAdM0ZnUa8LR2QsOIKu6ZowZh-8Y6jNqVwBXxTA&_nc_zt=14&_nc_ht=scontent.fblr22-1.fna&_nc_gid=Kei53TyA5ZnLuxhhr-4nMQ&_nc_ss=7f289&oh=00_AQCtJW1ST0LlizJWx67Y_fwbfaqdJ-WyxrmkyxQfJ2OZIg&oe=6A53C5A5,2026-07-12T16:53:31.000Z,2026-07-08
23,22,Lingo AI,599204246602758,Lingo AI,,IN,1334703498047853,https://www.facebook.com/ads/library/?id=1334703498047853,2026-06-21,,false,false,1,0,,2026-06-21,,"📘 Learn English easily with simple lessons 
😊 Build confidence with everyday speaking practice 
👉 Download now",👉 Download now,Download,http://itunes.apple.com/app/id6740255326,"Facebook,Instagram,Audience Network,Messenger,Threads","📘 Learn English easily with simple lessons 
😊 Build confidence with everyday speaking practice 
👉 Download now",👉 Download now,Download,http://itunes.apple.com/app/id6740255326,Video,"Facebook,Instagram,Audience Network,Messenger,Threads",1,0,9:16,https://video.fblr22-1.fna.fbcdn.net/o1/v/t2/f2/m366/AQMHpr-59YvKUlFqIJVjp_DSTatKuE8FZkeCaGaRYb7AvmJJjOqR5ZMNbY1tNd3vfsGMgiVIwTIAVwKbCMKsrmRcJsX4ojFqXVvrlDG_xjx3kA.mp4?_nc_cat=106&_nc_oc=AdoTzkk9q-xMu86u6WDn5HoBu2NJXYug_yD4G5ZEnAWkSEeWZBdkUZEZINLx-oiE290&_nc_sid=b66105&_nc_ht=video.fblr22-1.fna.fbcdn.net&_nc_ohc=SDOQuDHCoUcQ7kNvwHyUR9T&efg=eyJ2ZW5jb2RlX3RhZyI6Inhwdl9wcm9ncmVzc2l2ZS5WSV9VU0VDQVNFX1BST0RVQ1RfVFlQRS4uQzMuNzIwLmRhc2hfaDI2NC1iYXNpYy1nZW4yXzcyMHAiLCJ4cHZfYXNzZXRfaWQiOjE1MTQyMzQyMjA0NDYyOTUsImFzc2V0X2FnZV9kYXlzIjoyNiwidmlfdXNlY2FzZV9pZCI6MTAxMzksImR1cmF0aW9uX3MiOjI1LCJ1cmxnZW5fc291cmNlIjoid3d3In0%3D&ccb=17-1&vs=73ed84e6977d2cee&_nc_vs=HBksFQIYRWZiX2VwaGVtZXJhbC80RDQwMUIxM0FDMEFDOUJDQTkzQ0Y0NkZEQTEzMzk5RV9tdF8xX3ZpZGVvX2Rhc2hpbml0Lm1wNBUAAsgBEgAVAhhAZmJfcGVybWFuZW50LzRCNDVGMkExNEZCODJCRDNEODY1RjQ1Rjg2NTcyNzgzX2F1ZGlvX2Rhc2hpbml0Lm1wNBUCAsgBEgAoABgAGwKIB3VzZV9vaWwBMRJwcm9ncmVzc2l2ZV9yZWNpcGUBMRUAACauiYiNhMywBRUCKAJDMywXQDkzMzMzMzMYGWRhc2hfaDI2NC1iYXNpYy1nZW4yXzcyMHARAHUAZbaeAQA&_nc_gid=Kei53TyA5ZnLuxhhr-4nMQ&_nc_ss=7f289&_nc_zt=28&oh=00_AQCLbGBNlKF7f01fgJjBmr3T7p04004-JqaaQGqeB9STZQ&oe=6A53DF96,https://scontent.fblr22-1.fna.fbcdn.net/v/t39.35426-6/727823771_2191918264889701_3855854461242182345_n.jpg?_nc_cat=106&ccb=1-7&_nc_sid=c53f8f&_nc_ohc=EKfQ_UKnTIgQ7kNvwGhT72w&_nc_oc=AdrnkcSPsWmR_Ntpo3FrY57HAwQJR89ZarwOgra8QHhEEMMp8Gal-6rLeWyitigatvI&_nc_zt=14&_nc_ht=scontent.fblr22-1.fna&_nc_gid=Kei53TyA5ZnLuxhhr-4nMQ&_nc_ss=7f289&oh=00_AQDzaGhVPF5H5B9ruscITIu01c7SaaSaTfZIkb-dBeEPXg&oe=6A53DC00,2026-07-12T18:40:22.000Z,2026-07-08
24,23,Lingo AI,599204246602758,Lingo AI,,IN,2225742691506044,https://www.facebook.com/ads/library/?id=2225742691506044,2026-07-01,,false,false,1,0,,2026-07-01,,"📘 Learn English easily with simple lessons 
😊 Build confidence with everyday speaking practice 
👉 Download now",👉 Download now,Download,https://speaklearnfrenchlingoai.onelink.me/Y67n?pid=metaweb_int&c={{campaign.name}}&af_c_id={{campaign.id}}&af_adset={{adset.name}}&af_adset_id={{adset.id}}&af_ad={{ad.name}}&af_ad_id={{ad.id}}&af_siteid={{site_source_name}},"Facebook,Instagram,Audience Network,Messenger,Threads","📘 Learn English easily with simple lessons 
😊 Build confidence with everyday speaking practice 
👉 Download now",👉 Download now,Download,https://speaklearnfrenchlingoai.onelink.me/Y67n?pid=metaweb_int&c={{campaign.name}}&af_c_id={{campaign.id}}&af_adset={{adset.name}}&af_adset_id={{adset.id}}&af_ad={{ad.name}}&af_ad_id={{ad.id}}&af_siteid={{site_source_name}},Video,"Facebook,Instagram,Audience Network,Messenger,Threads",1,0,9:16,https://video.fblr22-1.fna.fbcdn.net/o1/v/t2/f2/m366/AQMCOT67rnOUIk69bJXMw6WvvrxNM9zsUx01s8glsKC13jm5CUzAOIWa1gN5faf480T3qz1FAv6zgql3sYV1BBtatj5sDmUq3aUEED4YPgYTyw.mp4?_nc_cat=106&_nc_oc=Adq3QM1csXAJixAxTfmsWPjhTK1vwufF-UBkV4MQ63pYZvuuBWsCKvIpfyCywJo-WCQ&_nc_sid=b66105&_nc_ht=video.fblr22-1.fna.fbcdn.net&_nc_ohc=q9KUWx0M3TcQ7kNvwHd0EsX&efg=eyJ2ZW5jb2RlX3RhZyI6Inhwdl9wcm9ncmVzc2l2ZS5WSV9VU0VDQVNFX1BST0RVQ1RfVFlQRS4uQzMuNjA4LmRhc2hfaDI2NC1iYXNpYy1nZW4yXzcyMHAiLCJ4cHZfYXNzZXRfaWQiOjE3MjI3NTkyNDU1ODc0MzgsImFzc2V0X2FnZV9kYXlzIjo3LCJ2aV91c2VjYXNlX2lkIjoxMDEzOSwiZHVyYXRpb25fcyI6NDIsInVybGdlbl9zb3VyY2UiOiJ3d3cifQ%3D%3D&ccb=17-1&vs=c6571f24a409fb09&_nc_vs=HBksFQIYRWZiX2VwaGVtZXJhbC9BRjQwQkVCMkZEQjdCMzVFMEE1NURBQ0U0ODFCMTNBOF9tdF8xX3ZpZGVvX2Rhc2hpbml0Lm1wNBUAAsgBEgAVAhhAZmJfcGVybWFuZW50L0ZGNDhBRDgzNzNCOTRGNzE5NTlCMDhEQUMzQTkxNEFFX2F1ZGlvX2Rhc2hpbml0Lm1wNBUCAsgBEgAoABgAGwKIB3VzZV9vaWwBMRJwcm9ncmVzc2l2ZV9yZWNpcGUBMRUAACbcj-_N5LWPBhUCKAJDMywXQEVMzMzMzM0YGWRhc2hfaDI2NC1iYXNpYy1nZW4yXzcyMHARAHUAZbaeAQA&_nc_gid=Kei53TyA5ZnLuxhhr-4nMQ&_nc_ss=7f289&_nc_zt=28&oh=00_AQBKn1iFx9r_qMpZoslBQ1MnUMCQQDoexAufAjjqDAJXFg&oe=6A53CEEA,https://scontent.fblr22-2.fna.fbcdn.net/v/t39.35426-6/730459097_1511617967409237_4776590343836240448_n.jpg?_nc_cat=107&ccb=1-7&_nc_sid=c53f8f&_nc_ohc=lNOL3sxU_ocQ7kNvwFSRjdy&_nc_oc=AdovYB6hb4C5ZLuTzHvVDi4ssZFxOFOIzM5QrdVWOS1k-GGFzWp9usTSjydvXooIsSw&_nc_zt=14&_nc_ht=scontent.fblr22-2.fna&_nc_gid=Kei53TyA5ZnLuxhhr-4nMQ&_nc_ss=7f289&oh=00_AQC65DEsMlGZICxZqTxUhAfbt6pQitlNneXPk5pM3OBIIw&oe=6A53BD6A,2026-07-12T17:29:14.000Z,2026-07-08
25,24,Lingo AI,599204246602758,Lingo AI,,IN,1588906916155093,https://www.facebook.com/ads/library/?id=1588906916155093,2026-07-03,,false,false,1,0,,2026-07-03,,"📘 Aprenda inglês facilmente com lições simples
😊 Ganhe confiança com a prática diária de conversação
👉 Baixe agora",👉 Baixe agora,Download,https://speaklearnfrenchlingoai.onelink.me/Y67n?pid=metaweb_int&c={{campaign.name}}&af_c_id={{campaign.id}}&af_adset={{adset.name}}&af_adset_id={{adset.id}}&af_ad={{ad.name}}&af_ad_id={{ad.id}}&af_siteid={{site_source_name}},"Facebook,Instagram,Audience Network,Messenger,Threads","📘 Aprenda inglês facilmente com lições simples
😊 Ganhe confiança com a prática diária de conversação
👉 Baixe agora",👉 Baixe agora,Download,https://speaklearnfrenchlingoai.onelink.me/Y67n?pid=metaweb_int&c={{campaign.name}}&af_c_id={{campaign.id}}&af_adset={{adset.name}}&af_adset_id={{adset.id}}&af_ad={{ad.name}}&af_ad_id={{ad.id}}&af_siteid={{site_source_name}},Video,"Facebook,Instagram,Audience Network,Messenger,Threads",1,0,9:16,https://video.fblr22-1.fna.fbcdn.net/o1/v/t2/f2/m366/AQM4yiCEu-8aqfX6MICgMLOOdHe3xyoL9KvUIvX4UbbIF3sq_v-h54g9KjkdDpe1Iv-w6KY9yI-nlKhKPaODkdk3P-maS2cLp8w85VI-C_SNZg.mp4?_nc_cat=101&_nc_oc=AdpEmcUB7fjT7ERcJv8tU3tPgyDJ4xcEqRmYs5I-zpztupZjILXHWNVZAD7_NIiLcS0&_nc_sid=b66105&_nc_ht=video.fblr22-1.fna.fbcdn.net&_nc_ohc=SaDO4cfVJvoQ7kNvwFJmAz3&efg=eyJ2ZW5jb2RlX3RhZyI6Inhwdl9wcm9ncmVzc2l2ZS5WSV9VU0VDQVNFX1BST0RVQ1RfVFlQRS4uQzMuNjA4LmRhc2hfaDI2NC1iYXNpYy1nZW4yXzcyMHAiLCJ4cHZfYXNzZXRfaWQiOjEzMTAzMzE4NDc5Nzg0ODksImFzc2V0X2FnZV9kYXlzIjo3LCJ2aV91c2VjYXNlX2lkIjoxMDEzOSwiZHVyYXRpb25fcyI6NDcsInVybGdlbl9zb3VyY2UiOiJ3d3cifQ%3D%3D&ccb=17-1&vs=83c7aa064bf5e5a8&_nc_vs=HBksFQIYRWZiX2VwaGVtZXJhbC80RDRDMDVDQTkzRTkwNDMxQkY3RkMxQzEwODFGMEU4Rl9tdF8xX3ZpZGVvX2Rhc2hpbml0Lm1wNBUAAsgBEgAVAhhAZmJfcGVybWFuZW50L0FBNEM2NUE3MzU0MzY5MUYxOTBFRkI0MkJFN0IwNzlCX2F1ZGlvX2Rhc2hpbml0Lm1wNBUCAsgBEgAoABgAGwKIB3VzZV9vaWwBMRJwcm9ncmVzc2l2ZV9yZWNpcGUBMRUAACbyt7GFre_TBBUCKAJDMywXQEe3bItDlYEYGWRhc2hfaDI2NC1iYXNpYy1nZW4yXzcyMHARAHUAZbaeAQA&_nc_gid=Kei53TyA5ZnLuxhhr-4nMQ&_nc_ss=7f289&_nc_zt=28&oh=00_AQAbiAMXOiNSTS3rp9uSdlw5Nn9DUzdA6Eq_W_EBp5Bv9w&oe=6A53EC4F,https://scontent.fblr22-2.fna.fbcdn.net/v/t39.35426-6/735210813_1362848019142242_8588953210738415476_n.jpg?_nc_cat=110&ccb=1-7&_nc_sid=c53f8f&_nc_ohc=COq8CiaKnK4Q7kNvwFDQtpt&_nc_oc=AdobJ6JUSbwBOML_HnMf5_F6wLvyzlLA83X0-_laChMRvHywZmFEw_YEdm8pZOsbAzw&_nc_zt=14&_nc_ht=scontent.fblr22-2.fna&_nc_gid=Kei53TyA5ZnLuxhhr-4nMQ&_nc_ss=7f289&oh=00_AQBKjj6sDc_3OVGkICKX4vW4b9BOenkdtBerFI9HQ3f1KQ&oe=6A53E3B4,2026-07-12T19:34:39.000Z,2026-07-08
26,25,Lingo AI,599204246602758,Lingo AI,,IN,1037404378858206,https://www.facebook.com/ads/library/?id=1037404378858206,2026-07-01,,false,false,1,0,,2026-07-01,,"📘 Learn English easily with simple lessons 
😊 Build confidence with everyday speaking practice 
👉 Download now",👉 Download now,Install now,http://itunes.apple.com/app/id6740255326,"Facebook,Instagram,Audience Network,Messenger,Threads","📘 Learn English easily with simple lessons 
😊 Build confidence with everyday speaking practice 
👉 Download now",👉 Download now,Install now,http://itunes.apple.com/app/id6740255326,Video,"Facebook,Instagram,Audience Network,Messenger,Threads",1,0,9:16,https://video.fblr22-1.fna.fbcdn.net/o1/v/t2/f2/m366/AQMuRKmlyXptGk_yOoGYZqKSfBNukeaUTJdOYy7S_pXKMtUCDs5bD01ziwO09OPCf5dLJgazQdyh0ofm39DutsKvbnpLU5_4nMwyuu3DfqkWQg.mp4?_nc_cat=108&_nc_oc=AdprSAEcIGh_KAXWp7j-df6BbOGfPP8TOu7C2JqIKflMQ1guzb_DKT7HgnYoN_hWKDs&_nc_sid=b66105&_nc_ht=video.fblr22-1.fna.fbcdn.net&_nc_ohc=l3fqYImQ0asQ7kNvwGYruJV&efg=eyJ2ZW5jb2RlX3RhZyI6Inhwdl9wcm9ncmVzc2l2ZS5WSV9VU0VDQVNFX1BST0RVQ1RfVFlQRS4uQzMuNTc2LmRhc2hfaDI2NC1iYXNpYy1nZW4yXzcyMHAiLCJ4cHZfYXNzZXRfaWQiOjEyMDIzODQ4Nzg1MDkzODgsImFzc2V0X2FnZV9kYXlzIjo3MCwidmlfdXNlY2FzZV9pZCI6MTAxMzksImR1cmF0aW9uX3MiOjE5MywidXJsZ2VuX3NvdXJjZSI6Ind3dyJ9&ccb=17-1&vs=6e412509ddfa25f6&_nc_vs=HBksFQIYRWZiX2VwaGVtZXJhbC8zODREMENGNzgxQTQ4QzY3NEQ4MUY2RkI1QTEwQjhCN19tdF8xX3ZpZGVvX2Rhc2hpbml0Lm1wNBUAAsgBEgAVAhhAZmJfcGVybWFuZW50L0E1NDE5QUNFMzhCRTk2MkY2RjVGNUFDRUY1OEE1REJEX2F1ZGlvX2Rhc2hpbml0Lm1wNBUCAsgBEgAoABgAGwKIB3VzZV9vaWwBMRJwcm9ncmVzc2l2ZV9yZWNpcGUBMRUAACaY9Yi5geSiBBUCKAJDMywXQGgwAAAAAAAYGWRhc2hfaDI2NC1iYXNpYy1nZW4yXzcyMHARAHUAZbaeAQA&_nc_gid=Kei53TyA5ZnLuxhhr-4nMQ&_nc_ss=7f289&_nc_zt=28&oh=00_AQBEKOKhA6n1lWcSm1iBXN7wMLwTag6s1zh3wct_UkYs0w&oe=6A53BCFC,https://scontent.fblr22-1.fna.fbcdn.net/v/t39.35426-6/732984576_1475719397931373_6687465576430472354_n.jpg?_nc_cat=106&ccb=1-7&_nc_sid=c53f8f&_nc_ohc=rhhcbUvgpVwQ7kNvwGEIXLt&_nc_oc=AdpnCMaQtJQcPfB_Ah-UnRBfJrKlEkHbFP5rqZirjBmuyARJ7BSgbb8REpyjbGn5uw8&_nc_zt=14&_nc_ht=scontent.fblr22-1.fna&_nc_gid=Kei53TyA5ZnLuxhhr-4nMQ&_nc_ss=7f289&oh=00_AQBErl8KV6_UfFX4fqP7f2XYJ-IY55HqS-7hzLf3saueJA&oe=6A53D579,2026-07-12T16:12:44.000Z,2026-07-08
27,26,Lingo AI,599204246602758,Lingo AI,,IN,2019382318667999,https://www.facebook.com/ads/library/?id=2019382318667999,2026-07-01,,false,false,1,0,,2026-07-01,,"🌍 Learn real English for everyday life 
🗣 Practice speaking with simple lessons 
⏱ Just 5 minutes a day 
👉 Download now",👉 Download now,Download,https://speaklearnfrenchlingoai.onelink.me/Y67n?pid=metaweb_int&c={{campaign.name}}&af_c_id={{campaign.id}}&af_adset={{adset.name}}&af_adset_id={{adset.id}}&af_ad={{ad.name}}&af_ad_id={{ad.id}}&af_siteid={{site_source_name}},"Facebook,Instagram,Audience Network,Messenger,Threads","🌍 Learn real English for everyday life 
🗣 Practice speaking with simple lessons 
⏱ Just 5 minutes a day 
👉 Download now",👉 Download now,Download,https://speaklearnfrenchlingoai.onelink.me/Y67n?pid=metaweb_int&c={{campaign.name}}&af_c_id={{campaign.id}}&af_adset={{adset.name}}&af_adset_id={{adset.id}}&af_ad={{ad.name}}&af_ad_id={{ad.id}}&af_siteid={{site_source_name}},Video,"Facebook,Instagram,Audience Network,Messenger,Threads",1,0,9:16,https://video.fblr22-1.fna.fbcdn.net/o1/v/t2/f2/m366/AQPksBBu-ZBLGnp756pgwPrVpBEVueyQYMB-H2xWVC3SuGTo0AIrGjorSdQctEN7loUQD9NXihDYKxbFVx9Dwb86sTwZG5lr0FzKpah5wM54SQ.mp4?_nc_cat=104&_nc_oc=Adph6W3Fc2JfDTo75CVK6uwvR4ObGIbuJOpeLljEFD2KjHY7r4zeL_zYg9vxa1jEvLw&_nc_sid=b66105&_nc_ht=video.fblr22-1.fna.fbcdn.net&_nc_ohc=lVa0QCTLqxUQ7kNvwEIzvd9&efg=eyJ2ZW5jb2RlX3RhZyI6Inhwdl9wcm9ncmVzc2l2ZS5WSV9VU0VDQVNFX1BST0RVQ1RfVFlQRS4uQzMuNjA4LmRhc2hfaDI2NC1iYXNpYy1nZW4yXzcyMHAiLCJ4cHZfYXNzZXRfaWQiOjE3MzE3MDEyNjgwMjA1MTcsImFzc2V0X2FnZV9kYXlzIjo1LCJ2aV91c2VjYXNlX2lkIjoxMDEzOSwiZHVyYXRpb25fcyI6MzIsInVybGdlbl9zb3VyY2UiOiJ3d3cifQ%3D%3D&ccb=17-1&vs=f82f265db0ffc092&_nc_vs=HBksFQIYRWZiX2VwaGVtZXJhbC9BRTRBMzJBNjA5NDk4QTdDMEY2QkM1NkQzMTc5NTI5N19tdF8xX3ZpZGVvX2Rhc2hpbml0Lm1wNBUAAsgBEgAVAhhAZmJfcGVybWFuZW50L0M2NDYxRDA5OUU4NzhENzYwMjBFRTAwNzE4RUQ4OUIwX2F1ZGlvX2Rhc2hpbml0Lm1wNBUCAsgBEgAoABgAGwKIB3VzZV9vaWwBMRJwcm9ncmVzc2l2ZV9yZWNpcGUBMRUAACbK9P_uo76TBhUCKAJDMywXQEBRBiTdLxsYGWRhc2hfaDI2NC1iYXNpYy1nZW4yXzcyMHARAHUAZbaeAQA&_nc_gid=Kei53TyA5ZnLuxhhr-4nMQ&_nc_ss=7f289&_nc_zt=28&oh=00_AQAwNj9K8TBu6iIC4DqP23Py1VgZXrjoB9vEKjml6UN5zA&oe=6A53D590,https://scontent.fblr22-2.fna.fbcdn.net/v/t39.35426-6/735317500_1731934758153018_5035514940070755384_n.jpg?_nc_cat=100&ccb=1-7&_nc_sid=c53f8f&_nc_ohc=3t3OpCzQcRcQ7kNvwGeOzt4&_nc_oc=Adrtl0ponwaZRGL6jVW8NHEJ4J1_0qS1JKyPkHrm8zX092bAlEn6F2dIBJGJJekpEXc&_nc_zt=14&_nc_ht=scontent.fblr22-2.fna&_nc_gid=Kei53TyA5ZnLuxhhr-4nMQ&_nc_ss=7f289&oh=00_AQCd2krmA59NHtGLap0FVt9h8pkfM8cN_Jjrp2EzELRVkQ&oe=6A53BFBC,2026-07-12T17:57:36.000Z,2026-07-08
28,27,Lingo AI,599204246602758,Lingo AI,,IN,1606914717526779,https://www.facebook.com/ads/library/?id=1606914717526779,2026-07-01,,false,false,1,0,,2026-07-01,,"🌟 Want to improve your English? 
📱 Learn anytime in just minutes a day 
💬 Build real speaking confidence
👉 Download now",👉 Download now,Download,http://itunes.apple.com/app/id6740255326,"Facebook,Instagram,Audience Network,Messenger,Threads","🌟 Want to improve your English? 
📱 Learn anytime in just minutes a day 
💬 Build real speaking confidence
👉 Download now",👉 Download now,Download,http://itunes.apple.com/app/id6740255326,Video,"Facebook,Instagram,Audience Network,Messenger,Threads",1,0,9:16,https://video.fblr22-1.fna.fbcdn.net/o1/v/t2/f2/m366/AQPA2RfasLH8KZvkosJzcmXPPKI6xy7JJ0HnQ3LXuY9DdA0mKcvqE_6bhwe8c6L4JMY-oVgEYpjU-bcfpIA2_oysFY-_djp7QsXOtpsJrsj2ig.mp4?_nc_cat=103&_nc_oc=AdpXh5qHWLtUJBdtjhRZPaCETd-jsn7N4_YAyBiKNLKn0Y3BScWGIACji9VNy6vONoA&_nc_sid=b66105&_nc_ht=video.fblr22-1.fna.fbcdn.net&_nc_ohc=5lua2zuAsf8Q7kNvwEEgguy&efg=eyJ2ZW5jb2RlX3RhZyI6Inhwdl9wcm9ncmVzc2l2ZS5WSV9VU0VDQVNFX1BST0RVQ1RfVFlQRS4uQzMuNjA4LmRhc2hfaDI2NC1iYXNpYy1nZW4yXzcyMHAiLCJ4cHZfYXNzZXRfaWQiOjEzNDk4NzU0NDcyNTk0MTcsImFzc2V0X2FnZV9kYXlzIjoyMSwidmlfdXNlY2FzZV9pZCI6MTAxMzksImR1cmF0aW9uX3MiOjMzLCJ1cmxnZW5fc291cmNlIjoid3d3In0%3D&ccb=17-1&vs=9a47617b9ba3acee&_nc_vs=HBksFQIYRWZiX2VwaGVtZXJhbC9DODQ5RTFGRjUwMURDMDE5NTYyQzMwNEVDRjY0NTBCRF9tdF8xX3ZpZGVvX2Rhc2hpbml0Lm1wNBUAAsgBEgAVAhhAZmJfcGVybWFuZW50LzIzNDYxQjZCMTY4QzVCREZCRkQ5OUYzM0I4NzgwNUIwX2F1ZGlvX2Rhc2hpbml0Lm1wNBUCAsgBEgAoABgAGwKIB3VzZV9vaWwBMRJwcm9ncmVzc2l2ZV9yZWNpcGUBMRUAACayhLPoi-3lBBUCKAJDMywXQECzMzMzMzMYGWRhc2hfaDI2NC1iYXNpYy1nZW4yXzcyMHARAHUAZbaeAQA&_nc_gid=Kei53TyA5ZnLuxhhr-4nMQ&_nc_ss=7f289&_nc_zt=28&oh=00_AQCUpiH8BpVnq7kmNKqPTmjXHVkvXU74toVgwFkihiXrFg&oe=6A53C78D,https://scontent.fblr22-2.fna.fbcdn.net/v/t39.35426-6/736163515_1328952815499738_537875520061494627_n.jpg?_nc_cat=110&ccb=1-7&_nc_sid=c53f8f&_nc_ohc=ziYhx_xOs0UQ7kNvwG_9aSL&_nc_oc=AdqaQySM6nj2Oi3ygEy8SoJTIVlJGhtBgSN5E7gzgI-VnAJiyv2xuOL75wRwI-f_ZqQ&_nc_zt=14&_nc_ht=scontent.fblr22-2.fna&_nc_gid=Kei53TyA5ZnLuxhhr-4nMQ&_nc_ss=7f289&oh=00_AQCPZuVXPYS9fp1_AJ-FZLctTUbw2vWNjhKwJ6rQt3_Eag&oe=6A53C86D,2026-07-12T16:57:49.000Z,2026-07-08
29,28,Lingo AI,599204246602758,Lingo AI,,IN,4042081032594895,https://www.facebook.com/ads/library/?id=4042081032594895,2026-07-01,,false,false,1,0,,2026-07-01,,"🌍 Learn real English for everyday life 
🗣 Practice speaking with simple lessons 
⏱ Just 5 minutes a day 
👉 Download now",👉 Download now,Download,https://speaklearnfrenchlingoai.onelink.me/Y67n?pid=metaweb_int&c={{campaign.name}}&af_c_id={{campaign.id}}&af_adset={{adset.name}}&af_adset_id={{adset.id}}&af_ad={{ad.name}}&af_ad_id={{ad.id}}&af_siteid={{site_source_name}},"Facebook,Instagram,Audience Network,Messenger,Threads","🌍 Learn real English for everyday life 
🗣 Practice speaking with simple lessons 
⏱ Just 5 minutes a day 
👉 Download now",👉 Download now,Download,https://speaklearnfrenchlingoai.onelink.me/Y67n?pid=metaweb_int&c={{campaign.name}}&af_c_id={{campaign.id}}&af_adset={{adset.name}}&af_adset_id={{adset.id}}&af_ad={{ad.name}}&af_ad_id={{ad.id}}&af_siteid={{site_source_name}},Video,"Facebook,Instagram,Audience Network,Messenger,Threads",1,0,9:16,https://video.fblr22-2.fna.fbcdn.net/o1/v/t2/f2/m366/AQP4f5P3zaJn8QU6dkFzv_fN4ZRJnuP_orF7qTd8bQyXB7RJ5kZ0RfCUf1GHNSrnx0mROhkKuDdTgPnnUEY9AMSa_97KDm_K0uvYQh3BmHBkzw.mp4?_nc_cat=107&_nc_oc=Adq1FvVmB-RrIbJe9Nq2CwbMnK0QoUd8MA7_4AQKhkblJ4W8nH41DXRgIy7L7PRH5Kg&_nc_sid=b66105&_nc_ht=video.fblr22-2.fna.fbcdn.net&_nc_ohc=H-5JwjouBhMQ7kNvwG_wdEX&efg=eyJ2ZW5jb2RlX3RhZyI6Inhwdl9wcm9ncmVzc2l2ZS5WSV9VU0VDQVNFX1BST0RVQ1RfVFlQRS4uQzMuNzIwLmRhc2hfaDI2NC1iYXNpYy1nZW4yXzcyMHAiLCJ4cHZfYXNzZXRfaWQiOjE1NjkzMTIxOTQ1ODUxNjgsImFzc2V0X2FnZV9kYXlzIjo1LCJ2aV91c2VjYXNlX2lkIjoxMDEzOSwiZHVyYXRpb25fcyI6MzIsInVybGdlbl9zb3VyY2UiOiJ3d3cifQ%3D%3D&ccb=17-1&vs=b22e0a140d77024c&_nc_vs=HBksFQIYRWZiX2VwaGVtZXJhbC80ODRENDEwNUZDQjY2M0YzRUQwMjlFMDhGMUQ4REI5Ml9tdF8xX3ZpZGVvX2Rhc2hpbml0Lm1wNBUAAsgBEgAVAhhAZmJfcGVybWFuZW50LzNDNEQwNjY1MzI1NDY4QThFOTE0Q0QzNTM0QUYzNEI0X2F1ZGlvX2Rhc2hpbml0Lm1wNBUCAsgBEgAoABgAGwKIB3VzZV9vaWwBMRJwcm9ncmVzc2l2ZV9yZWNpcGUBMRUAACagibP-_tHJBRUCKAJDMywXQEBd0vGp--cYGWRhc2hfaDI2NC1iYXNpYy1nZW4yXzcyMHARAHUAZbaeAQA&_nc_gid=Kei53TyA5ZnLuxhhr-4nMQ&_nc_ss=7f289&_nc_zt=28&oh=00_AQAXVk6meZNEc-cIrZ5oWYJKTWQJ2nZB2y0C-_xLdaU4Mw&oe=6A53DBF1,https://scontent.fblr22-2.fna.fbcdn.net/v/t39.35426-6/739165015_2036610460290233_349276458393920964_n.jpg?_nc_cat=105&ccb=1-7&_nc_sid=c53f8f&_nc_ohc=Y5cbWh1y844Q7kNvwFXDvE9&_nc_oc=Adr_aTCLWBjDijcM57ws-w2CvPhyCjlAarSXIJQZ6dPx8Kf_3vGVOhE95wXWGJIsJyY&_nc_zt=14&_nc_ht=scontent.fblr22-2.fna&_nc_gid=Kei53TyA5ZnLuxhhr-4nMQ&_nc_ss=7f289&oh=00_AQB7bvudQU-R2t_REZhhPTvwN4iOHJeCHFnf5LI5G2J_SQ&oe=6A53D888,2026-07-12T18:24:49.000Z,2026-07-08
30,29,Lingo AI,599204246602758,Lingo AI,,IN,2253769662106911,https://www.facebook.com/ads/library/?id=2253769662106911,2026-07-01,,false,false,1,0,,2026-07-01,,"📘 Learn English easily with simple lessons 
😊 Build confidence with everyday speaking practice 
👉 Download now",👉 Download now,Install now,http://itunes.apple.com/app/id6740255326,"Facebook,Instagram,Audience Network,Messenger,Threads","📘 Learn English easily with simple lessons 
😊 Build confidence with everyday speaking practice 
👉 Download now",👉 Download now,Install now,http://itunes.apple.com/app/id6740255326,Video,"Facebook,Instagram,Audience Network,Messenger,Threads",1,0,9:16,https://video.fblr22-1.fna.fbcdn.net/o1/v/t2/f2/m366/AQMvyiSkB_PHTDb2bQzCqxkfCx8pSYIyKt-Msk51bxYnh4zCKj6VuexLjL8cSyGuZJ7zY2E1rALzDHyVg0MQqtT6j2opCEl0FY_OJpR35FAJRA.mp4?_nc_cat=101&_nc_oc=AdqbA7TWJRerKVMksTfrseg9jRGVkOvPLx2tcW27bcbRKifzp-4Ti7WOlAdVCagylnE&_nc_sid=b66105&_nc_ht=video.fblr22-1.fna.fbcdn.net&_nc_ohc=R5ob8oePO2AQ7kNvwFt5D8h&efg=eyJ2ZW5jb2RlX3RhZyI6Inhwdl9wcm9ncmVzc2l2ZS5WSV9VU0VDQVNFX1BST0RVQ1RfVFlQRS4uQzMuNzIwLmRhc2hfaDI2NC1iYXNpYy1nZW4yXzcyMHAiLCJ4cHZfYXNzZXRfaWQiOjk4NDUwODU4MTEwNTY5OSwiYXNzZXRfYWdlX2RheXMiOjI5LCJ2aV91c2VjYXNlX2lkIjoxMDEzOSwiZHVyYXRpb25fcyI6MzIsInVybGdlbl9zb3VyY2UiOiJ3d3cifQ%3D%3D&ccb=17-1&vs=5a57a7404b3fb890&_nc_vs=HBksFQIYRWZiX2VwaGVtZXJhbC80RjQ5QTM5NjQ4QzZCMTUxODBGRjRERUQxRTc5NDlCMV9tdF8xX3ZpZGVvX2Rhc2hpbml0Lm1wNBUAAsgBEgAVAhhAZmJfcGVybWFuZW50L0FFNEU2QkI5RDE0REQzNzRCMjVFQzIyMTc1QzlCRTgxX2F1ZGlvX2Rhc2hpbml0Lm1wNBUCAsgBEgAoABgAGwKIB3VzZV9vaWwBMRJwcm9ncmVzc2l2ZV9yZWNpcGUBMRUAACbGwIrE-Nm_AxUCKAJDMywXQEBiDEm6XjUYGWRhc2hfaDI2NC1iYXNpYy1nZW4yXzcyMHARAHUAZbaeAQA&_nc_gid=Kei53TyA5ZnLuxhhr-4nMQ&_nc_ss=7f289&_nc_zt=28&oh=00_AQAw8Gul1_V-M1b1mtxO86sds9kdniBuuxO0-Yysvs0bpA&oe=6A53EB1B,https://scontent.fblr22-1.fna.fbcdn.net/v/t39.35426-6/734705992_961003166972445_7324068711177775185_n.jpg?_nc_cat=104&ccb=1-7&_nc_sid=c53f8f&_nc_ohc=WxaKlPhxZEoQ7kNvwHpYApq&_nc_oc=Adojd4-53raKxyqE9d7zY_vsRzbMbLx4CfUYWTwmXIfVqfs-VX_s3fsQuyvykE01YvY&_nc_zt=14&_nc_ht=scontent.fblr22-1.fna&_nc_gid=Kei53TyA5ZnLuxhhr-4nMQ&_nc_ss=7f289&oh=00_AQCy3uq8X027KDIchpX1scjESo6B9028OCfIuMpvIIsizw&oe=6A53DF89,2026-07-12T19:29:31.000Z,2026-07-08
31,30,Lingo AI,599204246602758,Lingo AI,,IN,1005118642480638,https://www.facebook.com/ads/library/?id=1005118642480638,2026-06-16,,false,false,1,0,,2026-06-16,,"🚀 Master French Faster, Just 5 Minutes a Day!
🥳 Join Learners Who Found a Fun Way to Master a Language!
✨ Our mission is to unlock your French.",✨Try it now~,Install now,http://itunes.apple.com/app/id6740255326,"Facebook,Instagram,Audience Network,Messenger","🚀 Master French Faster, Just 5 Minutes a Day!
🥳 Join Learners Who Found a Fun Way to Master a Language!
✨ Our mission is to unlock your French.",✨Try it now~,Install now,http://itunes.apple.com/app/id6740255326,Video,"Facebook,Instagram,Audience Network,Messenger",1,0,9:16,https://video.fblr22-2.fna.fbcdn.net/o1/v/t2/f2/m366/AQNldh9Dr_3xAwX256LUcGkndZir17gueztKsLv55XOe0t5u9hNf1yGe98zhS3nVXhc7mlVCkXP3omD7NDP_wt4-jbiuF38Tr_YZDk981nYnrw.mp4?_nc_cat=100&_nc_oc=AdpduJ4_Jue_XNMZ8NFLOtqNoExYh5ajNKEeRvs3jjcbwxet0vohk3e9AbuJGIOgg5Q&_nc_sid=b66105&_nc_ht=video.fblr22-2.fna.fbcdn.net&_nc_ohc=lrs7HqpCod4Q7kNvwEFVB-l&efg=eyJ2ZW5jb2RlX3RhZyI6Inhwdl9wcm9ncmVzc2l2ZS5WSV9VU0VDQVNFX1BST0RVQ1RfVFlQRS4uQzMuNzIwLmRhc2hfaDI2NC1iYXNpYy1nZW4yXzcyMHAiLCJ4cHZfYXNzZXRfaWQiOjIwMTY5MzY3NTg5MTQxMzMsImFzc2V0X2FnZV9kYXlzIjoyMCwidmlfdXNlY2FzZV9pZCI6MTAxMzksImR1cmF0aW9uX3MiOjY2LCJ1cmxnZW5fc291cmNlIjoid3d3In0%3D&ccb=17-1&vs=bc7a2331af34842&_nc_vs=HBksFQIYRWZiX2VwaGVtZXJhbC84MDQ0MkYyMTQyNUJCNkIyMzU5RURCNjk0QUIwNTY5QV9tdF8xX3ZpZGVvX2Rhc2hpbml0Lm1wNBUAAsgBEgAVAhhAZmJfcGVybWFuZW50LzQzNDg5QTlEQ0NDM0M4OEM5MjcyRUJERTY3OTYyQUEzX2F1ZGlvX2Rhc2hpbml0Lm1wNBUCAsgBEgAoABgAGwKIB3VzZV9vaWwBMRJwcm9ncmVzc2l2ZV9yZWNpcGUBMRUAACaqseXwlZmVBxUCKAJDMywXQFCTMzMzMzMYGWRhc2hfaDI2NC1iYXNpYy1nZW4yXzcyMHARAHUAZbaeAQA&_nc_gid=Kei53TyA5ZnLuxhhr-4nMQ&_nc_ss=7f289&_nc_zt=28&oh=00_AQBOG19YzyZlT9JjobklYxszAy7Ds3ZqVi5rtEYiuwgqAA&oe=6A53D118,https://scontent.fblr22-1.fna.fbcdn.net/v/t39.35426-6/725106725_1513684857221404_7207852552007763029_n.jpg?_nc_cat=106&ccb=1-7&_nc_sid=c53f8f&_nc_ohc=gE2RAg3Rx8kQ7kNvwGNQ6jo&_nc_oc=AdpYWYPz8hbDK2r5gdLNIoIY32nW3RoQkdenI4kCB-cE2r37b08Q311ZJ4T81YLE65k&_nc_zt=14&_nc_ht=scontent.fblr22-1.fna&_nc_gid=Kei53TyA5ZnLuxhhr-4nMQ&_nc_ss=7f289&oh=00_AQCL13WexsE1G3aDvixL0zKKQ5s3OSVyotRPEI1w4ff6qg&oe=6A53D674,2026-07-12T17:38:32.000Z,2026-07-08
32,31,Lingo AI,599204246602758,Lingo AI,,IN,4659521547702423,https://www.facebook.com/ads/library/?id=4659521547702423,2026-06-30,,false,false,1,0,,2026-06-30,,"🌍 Lerne echtes Englisch für den Alltag
🗣 Übe das Sprechen mit einfachen Lektionen
⏱ Nur 5 Minuten pro Tag
👉 Jetzt herunterladen",👉 Jetzt herunterladen,Download,https://speaklearnfrenchlingoai.onelink.me/Y67n?pid=metaweb_int&c={{campaign.name}}&af_c_id={{campaign.id}}&af_adset={{adset.name}}&af_adset_id={{adset.id}}&af_ad={{ad.name}}&af_ad_id={{ad.id}}&af_siteid={{site_source_name}},"Facebook,Instagram,Audience Network,Messenger,Threads","🌍 Lerne echtes Englisch für den Alltag
🗣 Übe das Sprechen mit einfachen Lektionen
⏱ Nur 5 Minuten pro Tag
👉 Jetzt herunterladen",👉 Jetzt herunterladen,Download,https://speaklearnfrenchlingoai.onelink.me/Y67n?pid=metaweb_int&c={{campaign.name}}&af_c_id={{campaign.id}}&af_adset={{adset.name}}&af_adset_id={{adset.id}}&af_ad={{ad.name}}&af_ad_id={{ad.id}}&af_siteid={{site_source_name}},Video,"Facebook,Instagram,Audience Network,Messenger,Threads",1,0,9:16,https://video.fblr22-1.fna.fbcdn.net/o1/v/t2/f2/m366/AQNKEDBUnKfpJBKonjvlERk8loQM2v__FS3Sd83vRXSXPTqf5T5WPKUe9zJKzzjO985OCd0zgABRS6oH96K1sex1phyAqBz4XPELjk8neDcq9g.mp4?_nc_cat=108&_nc_oc=Adq2v5kPvOjaK1ezkQGiyK5pIvgS7EFhGIlFMIvpjSLeYAntIfj2HPqevSZyVfb8sbc&_nc_sid=b66105&_nc_ht=video.fblr22-1.fna.fbcdn.net&_nc_ohc=F3otXXMdkvwQ7kNvwEcneVN&efg=eyJ2ZW5jb2RlX3RhZyI6Inhwdl9wcm9ncmVzc2l2ZS5WSV9VU0VDQVNFX1BST0RVQ1RfVFlQRS4uQzMuNjA4LmRhc2hfaDI2NC1iYXNpYy1nZW4yXzcyMHAiLCJ4cHZfYXNzZXRfaWQiOjEzMjk2NTM2OTUzNjgzNzcsImFzc2V0X2FnZV9kYXlzIjo3LCJ2aV91c2VjYXNlX2lkIjoxMDEzOSwiZHVyYXRpb25fcyI6MzMsInVybGdlbl9zb3VyY2UiOiJ3d3cifQ%3D%3D&ccb=17-1&vs=d709baad528aa79b&_nc_vs=HBksFQIYRWZiX2VwaGVtZXJhbC8zODQyNzAyRkEzM0UxRTNGREE0NDI4NTA5NzQzNTU5M19tdF8xX3ZpZGVvX2Rhc2hpbml0Lm1wNBUAAsgBEgAVAhhAZmJfcGVybWFuZW50LzlENEQxOEM2MzA2QkQ5NTQ5NzcxMEQ4RUJDNEUyMTgwX2F1ZGlvX2Rhc2hpbml0Lm1wNBUCAsgBEgAoABgAGwKIB3VzZV9vaWwBMRJwcm9ncmVzc2l2ZV9yZWNpcGUBMRUAACbysv6ChNTcBBUCKAJDMywXQEDqn752yLQYGWRhc2hfaDI2NC1iYXNpYy1nZW4yXzcyMHARAHUAZbaeAQA&_nc_gid=dr5KdWlLXG7c4B_ajbaQqw&_nc_ss=7f289&_nc_zt=28&oh=00_AQD_LwQPnHCKnGne9L6XidvnDvb_3drxEzUGvA8_4RMnhA&oe=6A53CD54,https://scontent.fblr22-2.fna.fbcdn.net/v/t39.35426-6/736921251_1462339352330111_7649775110332204994_n.jpg?_nc_cat=100&ccb=1-7&_nc_sid=c53f8f&_nc_ohc=ZRmJCVWE1osQ7kNvwE31-m3&_nc_oc=Adp_kHwBMEyThqc2oai1OfnfheZt6TFuLHbsYfPe_c7k6PF9LepQzfmWnNMn6Tx7khg&_nc_zt=14&_nc_ht=scontent.fblr22-2.fna&_nc_gid=dr5KdWlLXG7c4B_ajbaQqw&_nc_ss=7f289&oh=00_AQDxwjIwOImujBlGgx5yR74a35Qdq6GavWe9UXv4ZtP--g&oe=6A53C200,2026-07-12T17:22:28.000Z,2026-07-08
33,32,Lingo AI,599204246602758,Lingo AI,,IN,1543107963869133,https://www.facebook.com/ads/library/?id=1543107963869133,2026-07-01,,false,false,1,0,,2026-07-01,,"📘 Learn English easily with simple lessons 
😊 Build confidence with everyday speaking practice 
👉 Download now",👉 Download now,Install now,http://itunes.apple.com/app/id6740255326,"Facebook,Instagram,Audience Network,Messenger,Threads","📘 Learn English easily with simple lessons 
😊 Build confidence with everyday speaking practice 
👉 Download now",👉 Download now,Install now,http://itunes.apple.com/app/id6740255326,Video,"Facebook,Instagram,Audience Network,Messenger,Threads",1,0,9:16,https://video.fblr22-1.fna.fbcdn.net/o1/v/t2/f2/m366/AQNsxQx7KB6ulQCywZnlnl862WFgiqGONdpYuEeMd-aZ-dzg-JN9hqcRgsFroFvuHJvMMX-P2dGZLGSv-OKtRUPBplmtXGrbccGaK5awIAUfAw.mp4?_nc_cat=102&_nc_oc=AdppTMAdkD6lV_i31OZWFWlE6GPSnlyy4dykVAoZRvQhp6L03D9nQlBBZrJ4RVFapBM&_nc_sid=b66105&_nc_ht=video.fblr22-1.fna.fbcdn.net&_nc_ohc=wuNFdptIZoEQ7kNvwEHep0d&efg=eyJ2ZW5jb2RlX3RhZyI6Inhwdl9wcm9ncmVzc2l2ZS5WSV9VU0VDQVNFX1BST0RVQ1RfVFlQRS4uQzMuNjA4LmRhc2hfaDI2NC1iYXNpYy1nZW4yXzcyMHAiLCJ4cHZfYXNzZXRfaWQiOjE2NzM4MTM5MTA3MDE4ODIsImFzc2V0X2FnZV9kYXlzIjo3MywidmlfdXNlY2FzZV9pZCI6MTAxMzksImR1cmF0aW9uX3MiOjMzLCJ1cmxnZW5fc291cmNlIjoid3d3In0%3D&ccb=17-1&vs=5a518d5961bd9917&_nc_vs=HBksFQIYRWZiX2VwaGVtZXJhbC9CRTQzMTBBRDdGNkE2NUM3QkEyRjg3OTlGMzM2RDNBNF9tdF8xX3ZpZGVvX2Rhc2hpbml0Lm1wNBUAAsgBEgAVAhhAZmJfcGVybWFuZW50LzA5NEVBQUU3ODVBMjhDRjc0MDZDMjU5NUM2MEE0MjhDX2F1ZGlvX2Rhc2hpbml0Lm1wNBUCAsgBEgAoABgAGwKIB3VzZV9vaWwBMRJwcm9ncmVzc2l2ZV9yZWNpcGUBMRUAACb0nIq55ZT5BRUCKAJDMywXQEDMzMzMzM0YGWRhc2hfaDI2NC1iYXNpYy1nZW4yXzcyMHARAHUAZbaeAQA&_nc_gid=dr5KdWlLXG7c4B_ajbaQqw&_nc_ss=7f289&_nc_zt=28&oh=00_AQBz6zsp5V0QJAiotirM7FWkrJXFAEJYMTsS2g6Hr0UwSg&oe=6A53D1CE,https://scontent.fblr22-2.fna.fbcdn.net/v/t39.35426-6/735552927_1005579115561846_7693197278530684517_n.jpg?_nc_cat=107&ccb=1-7&_nc_sid=c53f8f&_nc_ohc=h-Z71sut2icQ7kNvwGuZfTi&_nc_oc=Adp0bd4p8dCDsrUy5I7LOqIuHoGYb8AVJTsMbxd8_JmUajIctmmrRkQum9DdPUMAvNs&_nc_zt=14&_nc_ht=scontent.fblr22-2.fna&_nc_gid=dr5KdWlLXG7c4B_ajbaQqw&_nc_ss=7f289&oh=00_AQBk1aaz8COpCvGggeY3Be8D2jqKwGDmhCbgztJBzlxyKA&oe=6A53DC8C,2026-07-12T17:41:34.000Z,2026-07-08
34,33,Lingo AI,599204246602758,Lingo AI,,IN,1320259926955388,https://www.facebook.com/ads/library/?id=1320259926955388,2026-07-01,,false,false,1,0,,2026-07-01,,"🌟 Want to improve your English? 
📱 Learn anytime in just minutes a day 
💬 Build real speaking confidence
👉 Download now",👉 Download now,Download,http://itunes.apple.com/app/id6740255326,"Facebook,Instagram,Audience Network,Messenger,Threads","🌟 Want to improve your English? 
📱 Learn anytime in just minutes a day 
💬 Build real speaking confidence
👉 Download now",👉 Download now,Download,http://itunes.apple.com/app/id6740255326,Video,"Facebook,Instagram,Audience Network,Messenger,Threads",1,0,9:16,https://video.fblr22-2.fna.fbcdn.net/o1/v/t2/f2/m366/AQN6MVZMLAlwG9vzdIQjfACPjCAa2C5EyvvXutfhDVA40sQ6Ajcm2RJ5CLE-dn_W5MbnIzEuMgzppoPDKiHbcLa25Y6gxkyL8mGXmSKShJo8hw.mp4?_nc_cat=111&_nc_oc=AdqL9MSPUe0bdgTAWLku6-W_h__M4w3q0yckkQtsl1xAyLsPIxCjjsWGZYUKgBTM5_o&_nc_sid=b66105&_nc_ht=video.fblr22-2.fna.fbcdn.net&_nc_ohc=klvxgWGmglsQ7kNvwHeC_aE&efg=eyJ2ZW5jb2RlX3RhZyI6Inhwdl9wcm9ncmVzc2l2ZS5WSV9VU0VDQVNFX1BST0RVQ1RfVFlQRS4uQzMuNjA4LmRhc2hfaDI2NC1iYXNpYy1nZW4yXzcyMHAiLCJ4cHZfYXNzZXRfaWQiOjg5OTY2OTEyOTg0MjAxOCwiYXNzZXRfYWdlX2RheXMiOjUsInZpX3VzZWNhc2VfaWQiOjEwMTM5LCJkdXJhdGlvbl9zIjo0NCwidXJsZ2VuX3NvdXJjZSI6Ind3dyJ9&ccb=17-1&vs=81eb89e2a8bb47d3&_nc_vs=HBksFQIYRWZiX2VwaGVtZXJhbC8zRjRBMjZBMzM5RERBNUMzRUYzRkE0OUJEQ0ZFOTI5OV9tdF8xX3ZpZGVvX2Rhc2hpbml0Lm1wNBUAAsgBEgAVAhhAZmJfcGVybWFuZW50L0NGNDE1MTJFQkM0NzEwOEJDRjlCMjRCRURBMTA5RkIxX2F1ZGlvX2Rhc2hpbml0Lm1wNBUCAsgBEgAoABgAGwKIB3VzZV9vaWwBMRJwcm9ncmVzc2l2ZV9yZWNpcGUBMRUAACbEtbKu0Y-ZAxUCKAJDMywXQEZiDEm6XjUYGWRhc2hfaDI2NC1iYXNpYy1nZW4yXzcyMHARAHUAZbaeAQA&_nc_gid=dr5KdWlLXG7c4B_ajbaQqw&_nc_ss=7f289&_nc_zt=28&oh=00_AQBeqF54-xL-S9xbBVxzdQFZhka8XjcJiv9C9IBdsQ9vqQ&oe=6A53E2AD,https://scontent.fblr22-2.fna.fbcdn.net/v/t39.35426-6/736045321_1031924342754190_7462978807397969649_n.jpg?_nc_cat=111&ccb=1-7&_nc_sid=c53f8f&_nc_ohc=gP6Pgm8J5ygQ7kNvwGtAXHb&_nc_oc=AdroN5U7rI_2HHM3wgkZAkcn3R3UXP8D3VsvcISJdoa5I_Y4uxsKDHLJijRP-suysu4&_nc_zt=14&_nc_ht=scontent.fblr22-2.fna&_nc_gid=dr5KdWlLXG7c4B_ajbaQqw&_nc_ss=7f289&oh=00_AQCyOZOfFiXhXRvvAlOs4v7AhID0W1lUIiOpMCF5XLPBAA&oe=6A53BC6C,2026-07-12T18:53:33.000Z,2026-07-08
35,34,Lingo AI,599204246602758,Lingo AI,,IN,1698860684599117,https://www.facebook.com/ads/library/?id=1698860684599117,2026-07-05,,false,false,1,0,,2026-07-05,,"🌟 Want to improve your English? 
📱 Learn anytime in just minutes a day 
💬 Build real speaking confidence 
👉 Download now",👉 Download now,Download,https://speaklearnfrenchlingoai.onelink.me/Y67n?pid=metaweb_int&c={{campaign.name}}&af_c_id={{campaign.id}}&af_adset={{adset.name}}&af_adset_id={{adset.id}}&af_ad={{ad.name}}&af_ad_id={{ad.id}}&af_siteid={{site_source_name}},"Facebook,Instagram,Audience Network,Messenger,Threads","🌟 Want to improve your English? 
📱 Learn anytime in just minutes a day 
💬 Build real speaking confidence 
👉 Download now",👉 Download now,Download,https://speaklearnfrenchlingoai.onelink.me/Y67n?pid=metaweb_int&c={{campaign.name}}&af_c_id={{campaign.id}}&af_adset={{adset.name}}&af_adset_id={{adset.id}}&af_ad={{ad.name}}&af_ad_id={{ad.id}}&af_siteid={{site_source_name}},Video,"Facebook,Instagram,Audience Network,Messenger,Threads",1,0,9:16,https://video.fblr22-1.fna.fbcdn.net/o1/v/t2/f2/m366/AQM5Gv5_EAguYfWA-8FJJmIBF4bbcCvczgmyuTSFEqHv9lvzITzImQW47_WlNHQmxMvsJK6EroRzKXlJW7yL7lHAQqPVv0prhdh4lJm14CE7fg.mp4?_nc_cat=109&_nc_oc=Ado23yVhKsOFSZV4PBS830V4j-AN2-tHBu5qqcNPtCZtUg-yacYR4wWykEMBJfbwXeA&_nc_sid=b66105&_nc_ht=video.fblr22-1.fna.fbcdn.net&_nc_ohc=zNMgby9NrBwQ7kNvwEfUfQy&efg=eyJ2ZW5jb2RlX3RhZyI6Inhwdl9wcm9ncmVzc2l2ZS5WSV9VU0VDQVNFX1BST0RVQ1RfVFlQRS4uQzMuNjA4LmRhc2hfaDI2NC1iYXNpYy1nZW4yXzcyMHAiLCJ4cHZfYXNzZXRfaWQiOjE3MzYxNjY2Mzc0MTM2NDcsImFzc2V0X2FnZV9kYXlzIjoxLCJ2aV91c2VjYXNlX2lkIjoxMDEzOSwiZHVyYXRpb25fcyI6NTgsInVybGdlbl9zb3VyY2UiOiJ3d3cifQ%3D%3D&ccb=17-1&vs=d19382bd5066c67e&_nc_vs=HBksFQIYRWZiX2VwaGVtZXJhbC83RTQxMDI4MTlGMzcyNzk1MDlEM0Q1NTYzNDNEMTZBM19tdF8xX3ZpZGVvX2Rhc2hpbml0Lm1wNBUAAsgBEgAVAhhAZmJfcGVybWFuZW50L0ZDNDFGMTY4RTVEMTk5MURDRjY1NzdBOEJBNEE2MjkwX2F1ZGlvX2Rhc2hpbml0Lm1wNBUCAsgBEgAoABgAGwKIB3VzZV9vaWwBMRJwcm9ncmVzc2l2ZV9yZWNpcGUBMRUAACaelI27mcKVBhUCKAJDMywXQE1u2RaHKwIYGWRhc2hfaDI2NC1iYXNpYy1nZW4yXzcyMHARAHUAZbaeAQA&_nc_gid=dr5KdWlLXG7c4B_ajbaQqw&_nc_ss=7f289&_nc_zt=28&oh=00_AQDHTo9UY2Udn_-lCSc7rlzxGUWIbIwyT0yI0tTrl_Gd-w&oe=6A53D233,https://scontent.fblr22-2.fna.fbcdn.net/v/t39.35426-6/739470777_2147413672828481_8065998523879034255_n.jpg?_nc_cat=111&ccb=1-7&_nc_sid=c53f8f&_nc_ohc=bGTy0NBsQycQ7kNvwHwQVrD&_nc_oc=AdqEvV728YHwf8Xtxpx8rHfeb2ApRehCf2gVz6EKkhqDtdkpDR-eBOv0rWGcQnQobss&_nc_zt=14&_nc_ht=scontent.fblr22-2.fna&_nc_gid=dr5KdWlLXG7c4B_ajbaQqw&_nc_ss=7f289&oh=00_AQDdkNk1kXg4UCwAWE5G9cZwVgT27hY4kiFY6NMJ8HoHjw&oe=6A53D999,2026-07-12T17:43:15.000Z,2026-07-08
36,35,Lingo AI,599204246602758,Lingo AI,,IN,1427273542560007,https://www.facebook.com/ads/library/?id=1427273542560007,2026-07-03,,false,false,1,0,,2026-07-03,,"📘 Learn English easily with simple lessons 
😊 Build confidence with everyday speaking practice 
👉 Download now",👉 Download now,Download,https://speaklearnfrenchlingoai.onelink.me/Y67n?pid=metaweb_int&c={{campaign.name}}&af_c_id={{campaign.id}}&af_adset={{adset.name}}&af_adset_id={{adset.id}}&af_ad={{ad.name}}&af_ad_id={{ad.id}}&af_siteid={{site_source_name}},"Facebook,Instagram,Audience Network,Messenger,Threads","📘 Learn English easily with simple lessons 
😊 Build confidence with everyday speaking practice 
👉 Download now",👉 Download now,Download,https://speaklearnfrenchlingoai.onelink.me/Y67n?pid=metaweb_int&c={{campaign.name}}&af_c_id={{campaign.id}}&af_adset={{adset.name}}&af_adset_id={{adset.id}}&af_ad={{ad.name}}&af_ad_id={{ad.id}}&af_siteid={{site_source_name}},Video,"Facebook,Instagram,Audience Network,Messenger,Threads",1,0,9:16,https://video.fblr22-2.fna.fbcdn.net/o1/v/t2/f2/m366/AQOqwncQuU9x4D1ROVKj-VX81_z4bFrq0qthGrC_262uUGiwLOEuKwqt-tTyR8aeWyW8TtjSPfI5GwTq5tJTnQtj4UQA4buGsquYF05-YUOUUw.mp4?_nc_cat=107&_nc_oc=AdqO-cQrKpD9YzfI9xncdWAdoSpBoE1kBDO8udYndm0c1y2CShdfeiQCEK-ogH-_XDw&_nc_sid=b66105&_nc_ht=video.fblr22-2.fna.fbcdn.net&_nc_ohc=gRcUZldcWIIQ7kNvwHooOkb&efg=eyJ2ZW5jb2RlX3RhZyI6Inhwdl9wcm9ncmVzc2l2ZS5WSV9VU0VDQVNFX1BST0RVQ1RfVFlQRS4uQzMuNzIwLmRhc2hfaDI2NC1iYXNpYy1nZW4yXzcyMHAiLCJ4cHZfYXNzZXRfaWQiOjE2NDcyMTc1Njk3MTE0MTAsImFzc2V0X2FnZV9kYXlzIjo0LCJ2aV91c2VjYXNlX2lkIjoxMDEzOSwiZHVyYXRpb25fcyI6NDgsInVybGdlbl9zb3VyY2UiOiJ3d3cifQ%3D%3D&ccb=17-1&vs=34d1555c01a6bb3a&_nc_vs=HBksFQIYRWZiX2VwaGVtZXJhbC8yNjRCRjhDQkQzOTUxOTRERDFGMzlBNTM3REU0QzVBRF9tdF8xX3ZpZGVvX2Rhc2hpbml0Lm1wNBUAAsgBEgAVAhhAZmJfcGVybWFuZW50L0I4NDdEQzA1RUVGQTEyNEQ1M0EzRDFDMzcxRjZGRTg0X2F1ZGlvX2Rhc2hpbml0Lm1wNBUCAsgBEgAoABgAGwKIB3VzZV9vaWwBMRJwcm9ncmVzc2l2ZV9yZWNpcGUBMRUAACbklOKh14jtBRUCKAJDMywXQEhIcrAgxJwYGWRhc2hfaDI2NC1iYXNpYy1nZW4yXzcyMHARAHUAZbaeAQA&_nc_gid=dr5KdWlLXG7c4B_ajbaQqw&_nc_ss=7f289&_nc_zt=28&oh=00_AQDPcPnvnoM_vNbBHgILG8EKINK7d3AruWzDckfAjtXjBQ&oe=6A53E6D5,https://scontent.fblr22-2.fna.fbcdn.net/v/t39.35426-6/739335592_1037211328818101_5051465509171984388_n.jpg?_nc_cat=110&ccb=1-7&_nc_sid=c53f8f&_nc_ohc=CDPE5760RyUQ7kNvwFktwl_&_nc_oc=AdqK_YxJHAGiGWjaAiKHlMqoOWaXVoPbYw5W4O9p8CTaCVsyxIB34BDrYaS0Qc9sRG8&_nc_zt=14&_nc_ht=scontent.fblr22-2.fna&_nc_gid=dr5KdWlLXG7c4B_ajbaQqw&_nc_ss=7f289&oh=00_AQB4lu2gtujALuYkHP-C9-40VGbkRRY2X_lvUXnAwUj2sg&oe=6A53F18C,2026-07-12T19:11:17.000Z,2026-07-08
37,36,Lingo AI,599204246602758,Lingo AI,,IN,1525338649343366,https://www.facebook.com/ads/library/?id=1525338649343366,2026-07-05,,false,false,1,0,,2026-07-05,,"🌟 Want to improve your English? 
📱 Learn anytime in just minutes a day 
💬 Build real speaking confidence 
👉 Download now",👉 Download now,Download,https://speaklearnfrenchlingoai.onelink.me/Y67n?pid=metaweb_int&c={{campaign.name}}&af_c_id={{campaign.id}}&af_adset={{adset.name}}&af_adset_id={{adset.id}}&af_ad={{ad.name}}&af_ad_id={{ad.id}}&af_siteid={{site_source_name}},"Facebook,Instagram,Audience Network,Messenger,Threads","🌟 Want to improve your English? 
📱 Learn anytime in just minutes a day 
💬 Build real speaking confidence 
👉 Download now",👉 Download now,Download,https://speaklearnfrenchlingoai.onelink.me/Y67n?pid=metaweb_int&c={{campaign.name}}&af_c_id={{campaign.id}}&af_adset={{adset.name}}&af_adset_id={{adset.id}}&af_ad={{ad.name}}&af_ad_id={{ad.id}}&af_siteid={{site_source_name}},Video,"Facebook,Instagram,Audience Network,Messenger,Threads",1,0,9:16,https://video.fblr22-1.fna.fbcdn.net/o1/v/t2/f2/m366/AQPupglSBeHkuArGDPFU6G2fVErAzgC1cIagoo7CZY6800ho_ynzLSGq-g4j2inOyQTKtFfnzLMeXJA99XUePbGXib1SK-dLEQel5rbrrTitPg.mp4?_nc_cat=101&_nc_oc=AdoE5SCpSBIlbOPKtnugQO2dR6Mi6L2TPoCqqciF16_pa0z1026jAs6CvRpW6GFHHUM&_nc_sid=b66105&_nc_ht=video.fblr22-1.fna.fbcdn.net&_nc_ohc=AOdto6JssCwQ7kNvwFYF8oJ&efg=eyJ2ZW5jb2RlX3RhZyI6Inhwdl9wcm9ncmVzc2l2ZS5WSV9VU0VDQVNFX1BST0RVQ1RfVFlQRS4uQzMuNjA4LmRhc2hfaDI2NC1iYXNpYy1nZW4yXzcyMHAiLCJ4cHZfYXNzZXRfaWQiOjI3Mzk1NDU5Njk2NzQyNzQ2LCJhc3NldF9hZ2VfZGF5cyI6MSwidmlfdXNlY2FzZV9pZCI6MTAxMzksImR1cmF0aW9uX3MiOjU1LCJ1cmxnZW5fc291cmNlIjoid3d3In0%3D&ccb=17-1&vs=a78bd2720d670a3e&_nc_vs=HBksFQIYRWZiX2VwaGVtZXJhbC80QjRBRTQ4MkU2QTRCNTBDNzkxRTBCODk1OTlFQjY4OF9tdF8xX3ZpZGVvX2Rhc2hpbml0Lm1wNBUAAsgBEgAVAhhAZmJfcGVybWFuZW50L0U1NDFBNDAwNEM4QzU4NDEwMTdDNEU4QTVFN0VDQjkzX2F1ZGlvX2Rhc2hpbml0Lm1wNBUCAsgBEgAoABgAGwKIB3VzZV9vaWwBMRJwcm9ncmVzc2l2ZV9yZWNpcGUBMRUAACa0xfa60IGqYRUCKAJDMywXQEvAAAAAAAAYGWRhc2hfaDI2NC1iYXNpYy1nZW4yXzcyMHARAHUAZbaeAQA&_nc_gid=dr5KdWlLXG7c4B_ajbaQqw&_nc_ss=7f289&_nc_zt=28&oh=00_AQCNiAZKmMn-bvN9jUEv6YE0c_9fwXvlObxkbceFgg4FUw&oe=6A53D247,https://scontent.fblr22-2.fna.fbcdn.net/v/t39.35426-6/740286139_1555670032736909_149502442402982076_n.jpg?_nc_cat=111&ccb=1-7&_nc_sid=c53f8f&_nc_ohc=lKXUE9-ViasQ7kNvwFqHrQO&_nc_oc=Ado7K0MP49IKMtyE0jUCoBfh-GCLEGhdyw8NSKgzVFgetbtL5Ze2nXwc6VBAO4GhuIQ&_nc_zt=14&_nc_ht=scontent.fblr22-2.fna&_nc_gid=dr5KdWlLXG7c4B_ajbaQqw&_nc_ss=7f289&oh=00_AQDwIXRTg8QN-khKKzMOFNEM_OJjN8KMdMnRrKBDcY9eDw&oe=6A53F0A1,2026-07-12T17:43:35.000Z,2026-07-08
38,37,Lingo AI,599204246602758,Lingo AI,,IN,1270260864996278,https://www.facebook.com/ads/library/?id=1270260864996278,2026-07-01,,false,false,1,0,,2026-07-01,,"📘 Learn English easily with simple lessons 
😊 Build confidence with everyday speaking practice 
👉 Download now",👉 Download now,Download,https://speaklearnfrenchlingoai.onelink.me/Y67n?pid=metaweb_int&c={{campaign.name}}&af_c_id={{campaign.id}}&af_adset={{adset.name}}&af_adset_id={{adset.id}}&af_ad={{ad.name}}&af_ad_id={{ad.id}}&af_siteid={{site_source_name}},"Facebook,Instagram,Audience Network,Messenger,Threads","📘 Learn English easily with simple lessons 
😊 Build confidence with everyday speaking practice 
👉 Download now",👉 Download now,Download,https://speaklearnfrenchlingoai.onelink.me/Y67n?pid=metaweb_int&c={{campaign.name}}&af_c_id={{campaign.id}}&af_adset={{adset.name}}&af_adset_id={{adset.id}}&af_ad={{ad.name}}&af_ad_id={{ad.id}}&af_siteid={{site_source_name}},Video,"Facebook,Instagram,Audience Network,Messenger,Threads",1,0,9:16,https://video.fblr22-2.fna.fbcdn.net/o1/v/t2/f2/m366/AQNo83A_5DkTmRtKofH465v__5aXf66jFhYGpufDKscqLYdXlUdOJ0x0ERG9bMTSNBTcZjeOgvc2Rj_I4nrn-iFnO-e5gifJL5FLD4BTNtCmRw.mp4?_nc_cat=110&_nc_oc=AdqmlEPuB0TWI4phnViVLEHzuobY5Q32IcPT4adHYdgCGp-ohKGTC2K_9Il1nF1gBHs&_nc_sid=b66105&_nc_ht=video.fblr22-2.fna.fbcdn.net&_nc_ohc=VWA9CgsxlDQQ7kNvwH0MilH&efg=eyJ2ZW5jb2RlX3RhZyI6Inhwdl9wcm9ncmVzc2l2ZS5WSV9VU0VDQVNFX1BST0RVQ1RfVFlQRS4uQzMuNjA4LmRhc2hfaDI2NC1iYXNpYy1nZW4yXzcyMHAiLCJ4cHZfYXNzZXRfaWQiOjQ0MzgzMTA1Mzk3NTg5NjIsImFzc2V0X2FnZV9kYXlzIjo3LCJ2aV91c2VjYXNlX2lkIjoxMDEzOSwiZHVyYXRpb25fcyI6NDIsInVybGdlbl9zb3VyY2UiOiJ3d3cifQ%3D%3D&ccb=17-1&vs=a782d127fa9ede0c&_nc_vs=HBksFQIYRWZiX2VwaGVtZXJhbC84NDQ0M0FCM0EyRjM3MjI4QTIxMDg4QzM5QjA1Qzc5NV9tdF8xX3ZpZGVvX2Rhc2hpbml0Lm1wNBUAAsgBEgAVAhhAZmJfcGVybWFuZW50L0IzNENBREVEMzlDNUY2M0RBQ0NCNzYwMjBFOTUzQzk1X2F1ZGlvX2Rhc2hpbml0Lm1wNBUCAsgBEgAoABgAGwKIB3VzZV9vaWwBMRJwcm9ncmVzc2l2ZV9yZWNpcGUBMRUAACbktYCy1qfiDxUCKAJDMywXQEVd0vGp--cYGWRhc2hfaDI2NC1iYXNpYy1nZW4yXzcyMHARAHUAZbaeAQA&_nc_gid=dr5KdWlLXG7c4B_ajbaQqw&_nc_ss=7f289&_nc_zt=28&oh=00_AQC8ukJy-8_6FK3oHYjjV3H3KG30IsIsPowctPzlquHc1g&oe=6A53C42E,https://scontent.fblr22-1.fna.fbcdn.net/v/t39.35426-6/731059203_27357614303858981_8882782218617190914_n.jpg?_nc_cat=106&ccb=1-7&_nc_sid=c53f8f&_nc_ohc=UneSF7-8V_8Q7kNvwFbPk5e&_nc_oc=AdpnLgYaxbRu09gIO_xgXRk5qhk2IombfJgtPi-7vy3KpDxGqtoHGTyON8yaXE6AwMU&_nc_zt=14&_nc_ht=scontent.fblr22-1.fna&_nc_gid=dr5KdWlLXG7c4B_ajbaQqw&_nc_ss=7f289&oh=00_AQAb1DAqS6jmDO-YcO85SCpZFTcDuMjHciTlfO7Yy3fQ_g&oe=6A53EC7F,2026-07-12T16:43:26.000Z,2026-07-08
39,38,Lingo AI,599204246602758,Lingo AI,,IN,4352326158312205,https://www.facebook.com/ads/library/?id=4352326158312205,2026-07-03,,false,false,1,0,,2026-07-03,,"📘 Aprenda inglês facilmente com lições simples
😊 Ganhe confiança com a prática diária de conversação
👉 Baixe agora",👉 Baixe agora,Download,https://speaklearnfrenchlingoai.onelink.me/Y67n?pid=metaweb_int&c={{campaign.name}}&af_c_id={{campaign.id}}&af_adset={{adset.name}}&af_adset_id={{adset.id}}&af_ad={{ad.name}}&af_ad_id={{ad.id}}&af_siteid={{site_source_name}},"Facebook,Instagram,Audience Network,Messenger,Threads","📘 Aprenda inglês facilmente com lições simples
😊 Ganhe confiança com a prática diária de conversação
👉 Baixe agora",👉 Baixe agora,Download,https://speaklearnfrenchlingoai.onelink.me/Y67n?pid=metaweb_int&c={{campaign.name}}&af_c_id={{campaign.id}}&af_adset={{adset.name}}&af_adset_id={{adset.id}}&af_ad={{ad.name}}&af_ad_id={{ad.id}}&af_siteid={{site_source_name}},Video,"Facebook,Instagram,Audience Network,Messenger,Threads",1,0,9:16,https://video.fblr22-1.fna.fbcdn.net/o1/v/t2/f2/m366/AQMx4ejWcjGh9iGKJ9Ta9fHeCUAtp6jSH3LcQscxjYbuPf5gp-5swia5y7Mf5gKaip_sQUWuGEwUcESxq5IBiS_U9ReCj0fDXLh2IdW4G53Lng.mp4?_nc_cat=106&_nc_oc=AdrwULDZmZoqv-db9TnWeZ_ImQHjsCGCc5j4xMIAnpg4WAm8F8TggeuurSMKK6X8lWk&_nc_sid=b66105&_nc_ht=video.fblr22-1.fna.fbcdn.net&_nc_ohc=_Xkba6hdkDQQ7kNvwEP8Iyn&efg=eyJ2ZW5jb2RlX3RhZyI6Inhwdl9wcm9ncmVzc2l2ZS5WSV9VU0VDQVNFX1BST0RVQ1RfVFlQRS4uQzMuNjA4LmRhc2hfaDI2NC1iYXNpYy1nZW4yXzcyMHAiLCJ4cHZfYXNzZXRfaWQiOjg4Mzk5MTQ1NzQ5NDA3MCwiYXNzZXRfYWdlX2RheXMiOjcsInZpX3VzZWNhc2VfaWQiOjEwMTM5LCJkdXJhdGlvbl9zIjo1NywidXJsZ2VuX3NvdXJjZSI6Ind3dyJ9&ccb=17-1&vs=ae1f00d70f09deea&_nc_vs=HBksFQIYRWZiX2VwaGVtZXJhbC8wNDRFODM3M0ExNjgyMjY2ODYxOEFEQTE2OUFBMjA5MV9tdF8xX3ZpZGVvX2Rhc2hpbml0Lm1wNBUAAsgBEgAVAhhAZmJfcGVybWFuZW50LzQ2NDgxM0Q5QTJCN0I4RDM2QjUyNTcxOTBFNzRDODkwX2F1ZGlvX2Rhc2hpbml0Lm1wNBUCAsgBEgAoABgAGwKIB3VzZV9vaWwBMRJwcm9ncmVzc2l2ZV9yZWNpcGUBMRUAACbs0PfMif-RAxUCKAJDMywXQEyEOVgQYk4YGWRhc2hfaDI2NC1iYXNpYy1nZW4yXzcyMHARAHUAZbaeAQA&_nc_gid=dr5KdWlLXG7c4B_ajbaQqw&_nc_ss=7f289&_nc_zt=28&oh=00_AQDwyp_T4mAtx-j5nlx1-6YhPE_P4rmbtg_Kgw_gM6FNkw&oe=6A53C25A,https://scontent.fblr22-1.fna.fbcdn.net/v/t39.35426-6/736561618_2057599241518552_5593648005588898835_n.jpg?_nc_cat=102&ccb=1-7&_nc_sid=c53f8f&_nc_ohc=jWY4ruzyMcYQ7kNvwHpsuJ2&_nc_oc=Adqz1K20meCP-T8bgnp05cnXCd4KBvPOOYNeKeWfEoTKLkC5t8vzQjllHS2zeqMPDu4&_nc_zt=14&_nc_ht=scontent.fblr22-1.fna&_nc_gid=dr5KdWlLXG7c4B_ajbaQqw&_nc_ss=7f289&oh=00_AQDLYZVViDT-iijbVAOuxTnRI97IoMg1DT2gbsoa0_aJOA&oe=6A53C05C,2026-07-12T16:35:38.000Z,2026-07-08
40,39,Lingo AI,599204246602758,Lingo AI,,IN,1705366507331909,https://www.facebook.com/ads/library/?id=1705366507331909,2026-06-17,,false,false,1,0,,2026-06-17,,"📘 Learn English easily with simple lessons 
😊 Build confidence with everyday speaking practice 
👉 Download now",👉 Download now,Download,https://speaklearnfrenchlingoai.onelink.me/Y67n?pid=metaweb_int&c={{campaign.name}}&af_c_id={{campaign.id}}&af_adset={{adset.name}}&af_adset_id={{adset.id}}&af_ad={{ad.name}}&af_ad_id={{ad.id}}&af_siteid={{site_source_name}},"Facebook,Instagram,Audience Network,Messenger,Threads","📘 Learn English easily with simple lessons 
😊 Build confidence with everyday speaking practice 
👉 Download now",👉 Download now,Download,https://speaklearnfrenchlingoai.onelink.me/Y67n?pid=metaweb_int&c={{campaign.name}}&af_c_id={{campaign.id}}&af_adset={{adset.name}}&af_adset_id={{adset.id}}&af_ad={{ad.name}}&af_ad_id={{ad.id}}&af_siteid={{site_source_name}},Video,"Facebook,Instagram,Audience Network,Messenger,Threads",1,0,9:16,https://video.fblr22-1.fna.fbcdn.net/o1/v/t2/f2/m366/AQPdwKPTpEZSU9vZgmkeDaesEIcTcBkEQ6GOrwFLlf72r73aCLxAL4tTEud999n98Hj2XGPy4Szkks41swj7g2LeH4cAnijPMeHEKvysWA1zng.mp4?_nc_cat=104&_nc_oc=AdqMATITlYrIa5m8rvj6HicUUP4lKA0CaS_A1WingH1Z_IKw5D3YaXF-CECiQSPyBsU&_nc_sid=b66105&_nc_ht=video.fblr22-1.fna.fbcdn.net&_nc_ohc=qoEDgZCIHcgQ7kNvwFGfpEV&efg=eyJ2ZW5jb2RlX3RhZyI6Inhwdl9wcm9ncmVzc2l2ZS5WSV9VU0VDQVNFX1BST0RVQ1RfVFlQRS4uQzMuNzIwLmRhc2hfaDI2NC1iYXNpYy1nZW4yXzcyMHAiLCJ4cHZfYXNzZXRfaWQiOjI0ODU3NjIyMDUyNjUxNjUsImFzc2V0X2FnZV9kYXlzIjoyMiwidmlfdXNlY2FzZV9pZCI6MTAxMzksImR1cmF0aW9uX3MiOjMyLCJ1cmxnZW5fc291cmNlIjoid3d3In0%3D&ccb=17-1&vs=ade74f2e4b08a301&_nc_vs=HBksFQIYRWZiX2VwaGVtZXJhbC8xNjQ3OUFEN0YwRTRGODVCREUwQzNDMTlGNzM2RDc5QV9tdF8xX3ZpZGVvX2Rhc2hpbml0Lm1wNBUAAsgBEgAVAhhAZmJfcGVybWFuZW50L0RDNDYxOEUzQ0U1NUVFQTA0QUNDMTREQzRGMjk5MjlEX2F1ZGlvX2Rhc2hpbml0Lm1wNBUCAsgBEgAoABgAGwKIB3VzZV9vaWwBMRJwcm9ncmVzc2l2ZV9yZWNpcGUBMRUAACaatO3Ts7LqCBUCKAJDMywXQEBd0vGp--cYGWRhc2hfaDI2NC1iYXNpYy1nZW4yXzcyMHARAHUAZbaeAQA&_nc_gid=dr5KdWlLXG7c4B_ajbaQqw&_nc_ss=7f289&_nc_zt=28&oh=00_AQBElhDaGQ-qtA3IyTgZ7G_kYB4lO5Cy-bVneQ9y_KB-VQ&oe=6A53E718,https://scontent.fblr22-1.fna.fbcdn.net/v/t39.35426-6/719534484_1736774460662365_4429883413084393841_n.jpg?_nc_cat=108&ccb=1-7&_nc_sid=c53f8f&_nc_ohc=B76USUA0zQQQ7kNvwFoKk7q&_nc_oc=AdpPiMZ97jzFO4d6xEerLRcEdq_RCFcdYWD6wikxuPimKF2M9geZrvO2o1SJM_IdDh8&_nc_zt=14&_nc_ht=scontent.fblr22-1.fna&_nc_gid=dr5KdWlLXG7c4B_ajbaQqw&_nc_ss=7f289&oh=00_AQAPSDcG959FtWs7ZYVbBqBO8YZVueZBemGC7tquxdGDzw&oe=6A53E87D,2026-07-12T19:12:24.000Z,2026-07-08
41,40,Lingo AI,599204246602758,Lingo AI,,IN,1506922147561152,https://www.facebook.com/ads/library/?id=1506922147561152,2026-06-17,,false,false,1,0,,2026-06-17,,"📘 Learn English easily with simple lessons 
😊 Build confidence with everyday speaking practice 
👉 Download now",👉 Download now,Download,https://speaklearnfrenchlingoai.onelink.me/Y67n?pid=metaweb_int&c={{campaign.name}}&af_c_id={{campaign.id}}&af_adset={{adset.name}}&af_adset_id={{adset.id}}&af_ad={{ad.name}}&af_ad_id={{ad.id}}&af_siteid={{site_source_name}},"Facebook,Instagram,Audience Network,Messenger,Threads","📘 Learn English easily with simple lessons 
😊 Build confidence with everyday speaking practice 
👉 Download now",👉 Download now,Download,https://speaklearnfrenchlingoai.onelink.me/Y67n?pid=metaweb_int&c={{campaign.name}}&af_c_id={{campaign.id}}&af_adset={{adset.name}}&af_adset_id={{adset.id}}&af_ad={{ad.name}}&af_ad_id={{ad.id}}&af_siteid={{site_source_name}},Video,"Facebook,Instagram,Audience Network,Messenger,Threads",1,0,9:16,https://video.fblr22-2.fna.fbcdn.net/o1/v/t2/f2/m366/AQNC3rBtMbw7FO47_iQRxcEbS-8fYodfTTX3dh9xLYJhpAtWH6wdLCsSfe3XHPjLp71TIt4jNtltEI8MLvSC_hpUCL0MzJuPBCXh1ADc8jaS0A.mp4?_nc_cat=111&_nc_oc=AdpOSTYrNV8Lb9JShOnyhP40zck7QVAqYJ3OVYjMpU6u9CjF8bgAj3jXid_eYWikGro&_nc_sid=b66105&_nc_ht=video.fblr22-2.fna.fbcdn.net&_nc_ohc=5vmvo4R7NNwQ7kNvwGvLYV-&efg=eyJ2ZW5jb2RlX3RhZyI6Inhwdl9wcm9ncmVzc2l2ZS5WSV9VU0VDQVNFX1BST0RVQ1RfVFlQRS4uQzMuNjA4LmRhc2hfaDI2NC1iYXNpYy1nZW4yXzcyMHAiLCJ4cHZfYXNzZXRfaWQiOjEzNjAyMTEzNDI4MjMwMzcsImFzc2V0X2FnZV9kYXlzIjo1MCwidmlfdXNlY2FzZV9pZCI6MTAxMzksImR1cmF0aW9uX3MiOjM2LCJ1cmxnZW5fc291cmNlIjoid3d3In0%3D&ccb=17-1&vs=b6c446828cfced19&_nc_vs=HBksFQIYRWZiX2VwaGVtZXJhbC8wQjRCOTQxQzk1REVDNEVFNjgyODVCQzQ2Q0E3NzdBMl9tdF8xX3ZpZGVvX2Rhc2hpbml0Lm1wNBUAAsgBEgAVAhhAZmJfcGVybWFuZW50L0QxNDkxNDU4RDVENTg3REMyQzM3MEFCQkVDRjdGRTlBX2F1ZGlvX2Rhc2hpbml0Lm1wNBUCAsgBEgAoABgAGwKIB3VzZV9vaWwBMRJwcm9ncmVzc2l2ZV9yZWNpcGUBMRUAACb6ucSe3MbqBBUCKAJDMywXQEJiDEm6XjUYGWRhc2hfaDI2NC1iYXNpYy1nZW4yXzcyMHARAHUAZbaeAQA&_nc_gid=dr5KdWlLXG7c4B_ajbaQqw&_nc_ss=7f289&_nc_zt=28&oh=00_AQAwgmc8q0VVfr0P-Bk5vxjf_4tI8sGdA8mqixjvHXk58Q&oe=6A53C3ED,https://scontent.fblr22-1.fna.fbcdn.net/v/t39.35426-6/724753965_1022745583563421_6656513446913681489_n.jpg?_nc_cat=101&ccb=1-7&_nc_sid=c53f8f&_nc_ohc=rcNlaC4uRioQ7kNvwGP4awm&_nc_oc=Ado_8xJHy_T5sz2oraO2fyGQ27lCqvcpHm4zbRrOyyd2glEMLk96sc593-vt7KVqqVc&_nc_zt=14&_nc_ht=scontent.fblr22-1.fna&_nc_gid=dr5KdWlLXG7c4B_ajbaQqw&_nc_ss=7f289&oh=00_AQCCjO-wiHbiKQvh4qOCAqhIPFb08ZgCwVfP5J2OEh2nPw&oe=6A53CDBA,2026-07-12T16:42:21.000Z,2026-07-08
42,41,Lingo AI,599204246602758,Lingo AI,,IN,992641953651273,https://www.facebook.com/ads/library/?id=992641953651273,2026-06-16,,false,false,1,0,,2026-06-16,,"🚀 Master French Faster, Just 5 Minutes a Day!
🥳 Join Learners Who Found a Fun Way to Master a Language!
✨ Our mission is to unlock your French.",✨Try it now~,Install now,http://itunes.apple.com/app/id6740255326,"Facebook,Instagram,Audience Network,Messenger","🚀 Master French Faster, Just 5 Minutes a Day!
🥳 Join Learners Who Found a Fun Way to Master a Language!
✨ Our mission is to unlock your French.",✨Try it now~,Install now,http://itunes.apple.com/app/id6740255326,Video,"Facebook,Instagram,Audience Network,Messenger",1,0,9:16,https://video.fblr22-2.fna.fbcdn.net/o1/v/t2/f2/m366/AQPQ24mXK_TtaFhPejitoKA-Q2zJKFR3ZWk1EQkc903UofuxgZiMz0CsZTH8liCt9o1LP_w1DeVDTjNHwOVkuG7N875mIN3Jgz6lwfEYcfy2vw.mp4?_nc_cat=107&_nc_oc=AdrdAy4QUdg-SUVzjfuA9geWNOHgIeLnMwhv0QPx1YtDTsZgHHPAgpAgzKEWiPJxlEs&_nc_sid=b66105&_nc_ht=video.fblr22-2.fna.fbcdn.net&_nc_ohc=r-zRxHzk1kQQ7kNvwHguJSF&efg=eyJ2ZW5jb2RlX3RhZyI6Inhwdl9wcm9ncmVzc2l2ZS5WSV9VU0VDQVNFX1BST0RVQ1RfVFlQRS4uQzMuNzIwLmRhc2hfaDI2NC1iYXNpYy1nZW4yXzcyMHAiLCJ4cHZfYXNzZXRfaWQiOjIwNTI4OTk3MDg5NjQ2NzQsImFzc2V0X2FnZV9kYXlzIjoyMCwidmlfdXNlY2FzZV9pZCI6MTAxMzksImR1cmF0aW9uX3MiOjY2LCJ1cmxnZW5fc291cmNlIjoid3d3In0%3D&ccb=17-1&vs=debff0aeaea1df58&_nc_vs=HBksFQIYRWZiX2VwaGVtZXJhbC9FNzRBMTdBMzRCMEE0RkIwMkY2NEZDRkM5ODAyMUVCQV9tdF8xX3ZpZGVvX2Rhc2hpbml0Lm1wNBUAAsgBEgAVAhhAZmJfcGVybWFuZW50LzA1NEZBM0E4ODBENDY3NzBGMEIzNjczNTNCMUIwQjg5X2F1ZGlvX2Rhc2hpbml0Lm1wNBUCAsgBEgAoABgAGwKIB3VzZV9vaWwBMRJwcm9ncmVzc2l2ZV9yZWNpcGUBMRUAACaEvczevsalBxUCKAJDMywXQFCTMzMzMzMYGWRhc2hfaDI2NC1iYXNpYy1nZW4yXzcyMHARAHUAZbaeAQA&_nc_gid=ASqR8bXZK4NNtBqSW6WDBQ&_nc_ss=7f289&_nc_zt=28&oh=00_AQAY64i5_blvvJaD9NKLcB1suALmKAMi5q12n7sVWjD8fA&oe=6A53E289,https://scontent.fblr22-2.fna.fbcdn.net/v/t39.35426-6/725248964_1787253702644560_8077500395448163876_n.jpg?_nc_cat=111&ccb=1-7&_nc_sid=c53f8f&_nc_ohc=u8V6gk8fdP4Q7kNvwGmln9k&_nc_oc=Adqz189V0enTJdwfYW4WUlsljL9Ut1OUK7OcF_xBj0D0FVt0QzokGOGxRCmcyYwzJio&_nc_zt=14&_nc_ht=scontent.fblr22-2.fna&_nc_gid=ASqR8bXZK4NNtBqSW6WDBQ&_nc_ss=7f289&oh=00_AQBTj9dkR8adVqUZ0YJSUWJ8vlAz6yRXSHr6k6qsBYUmTA&oe=6A53C7BF,2026-07-12T18:52:57.000Z,2026-07-08
43,42,Lingo AI,599204246602758,Lingo AI,,IN,1351196300320047,https://www.facebook.com/ads/library/?id=1351196300320047,2026-07-05,,false,false,1,0,,2026-07-05,,"😊The best place to learn French language
💼 Boost your French skills in just 5 minutes a day! 
📚The efficient path to fluency.",✨Try it now~,Install now,http://itunes.apple.com/app/id6740255326,"Facebook,Instagram,Audience Network,Messenger,Threads","😊The best place to learn French language
💼 Boost your French skills in just 5 minutes a day! 
📚The efficient path to fluency.",✨Try it now~,Install now,http://itunes.apple.com/app/id6740255326,Video,"Facebook,Instagram,Audience Network,Messenger,Threads",1,0,9:16,https://video.fblr22-1.fna.fbcdn.net/o1/v/t2/f2/m366/AQPThCNsmSr1HiUuVDMSozl74-OiV1zTTCMSeC3YH5wNuYjMm0KRlpd4nYj42Wu3gp6-4EPxFCwJprvv5JpFsbkGfFSJpHOk6v_vpevKuAaqSg.mp4?_nc_cat=102&_nc_oc=AdqxR_9sww4vJfDVabn4TS6kk6--uSaYFJIyH9eRJZrIZO7BNvel0nFlauB0VJiIRMs&_nc_sid=b66105&_nc_ht=video.fblr22-1.fna.fbcdn.net&_nc_ohc=McIlEy7ROc8Q7kNvwHbutAj&efg=eyJ2ZW5jb2RlX3RhZyI6Inhwdl9wcm9ncmVzc2l2ZS5WSV9VU0VDQVNFX1BST0RVQ1RfVFlQRS4uQzMuNzIwLmRhc2hfaDI2NC1iYXNpYy1nZW4yXzcyMHAiLCJ4cHZfYXNzZXRfaWQiOjE3MzU1MjQ0NTQxMjU3MDksImFzc2V0X2FnZV9kYXlzIjoyLCJ2aV91c2VjYXNlX2lkIjoxMDEzOSwiZHVyYXRpb25fcyI6NjgsInVybGdlbl9zb3VyY2UiOiJ3d3cifQ%3D%3D&ccb=17-1&vs=5337256721ca9aa3&_nc_vs=HBksFQIYRWZiX2VwaGVtZXJhbC8wRTQ3OUY1MzMyQkQ2OUM4NDMyQUYyRDhEM0FGQThBNV9tdF8xX3ZpZGVvX2Rhc2hpbml0Lm1wNBUAAsgBEgAVAhhAZmJfcGVybWFuZW50L0M4NDMyOEZBQUY1NzJFRkU1RTk4MzI0NjE2QTgyMjlCX2F1ZGlvX2Rhc2hpbml0Lm1wNBUCAsgBEgAoABgAGwKIB3VzZV9vaWwBMRJwcm9ncmVzc2l2ZV9yZWNpcGUBMRUAACaawrLp6JyVBhUCKAJDMywXQFECHKwIMScYGWRhc2hfaDI2NC1iYXNpYy1nZW4yXzcyMHARAHUAZbaeAQA&_nc_gid=ASqR8bXZK4NNtBqSW6WDBQ&_nc_ss=7f289&_nc_zt=28&oh=00_AQC90YjGgfe3uyzpKKB2zI-2d1fV_8r5SIJU9QMgIDkYJQ&oe=6A53DA6A,https://scontent.fblr22-1.fna.fbcdn.net/v/t39.35426-6/739782073_2799430873768933_3370863868097375093_n.jpg?_nc_cat=104&ccb=1-7&_nc_sid=c53f8f&_nc_ohc=4rqZZjHU4uYQ7kNvwG2fimy&_nc_oc=AdphSA2P5JxPzNGE7fKI-Jx_DupzUvurKcdB6dLOMGc_jsV4Q27EImnXBAz0SLwPqik&_nc_zt=14&_nc_ht=scontent.fblr22-1.fna&_nc_gid=ASqR8bXZK4NNtBqSW6WDBQ&_nc_ss=7f289&oh=00_AQCmFvU1ITrldERrs27I135nSYX4oB3msR57Ri0ZkSxqvw&oe=6A53C23D,2026-07-12T18:18:18.000Z,2026-07-08
44,43,Lingo AI,599204246602758,Lingo AI,,IN,844826715136633,https://www.facebook.com/ads/library/?id=844826715136633,2026-07-03,,false,false,1,0,,2026-07-03,,"📘 Aprenda inglês facilmente com lições simples
😊 Ganhe confiança com a prática diária de conversação
👉 Baixe agora",👉 Baixe agora,Download,https://speaklearnfrenchlingoai.onelink.me/Y67n?pid=metaweb_int&c={{campaign.name}}&af_c_id={{campaign.id}}&af_adset={{adset.name}}&af_adset_id={{adset.id}}&af_ad={{ad.name}}&af_ad_id={{ad.id}}&af_siteid={{site_source_name}},"Facebook,Instagram,Audience Network,Messenger,Threads","📘 Aprenda inglês facilmente com lições simples
😊 Ganhe confiança com a prática diária de conversação
👉 Baixe agora",👉 Baixe agora,Download,https://speaklearnfrenchlingoai.onelink.me/Y67n?pid=metaweb_int&c={{campaign.name}}&af_c_id={{campaign.id}}&af_adset={{adset.name}}&af_adset_id={{adset.id}}&af_ad={{ad.name}}&af_ad_id={{ad.id}}&af_siteid={{site_source_name}},Video,"Facebook,Instagram,Audience Network,Messenger,Threads",1,0,9:16,https://video.fblr22-1.fna.fbcdn.net/o1/v/t2/f2/m366/AQPozXyic4JHwb6OeLoEfpUfklbWNju4lZiKfIbSDpXpzCfokb2i7IU2GYm4PgDG3gFqXoE0lF2Uzjf44r_CupzVeji22tER5apxJl7R-4NUIg.mp4?_nc_cat=104&_nc_oc=AdqzgRcbzT3BH771nEq7BTzyHCPE2m-vNZiX_gxnqS_0QFgvw0x81khqOCrJhxgmzUQ&_nc_sid=b66105&_nc_ht=video.fblr22-1.fna.fbcdn.net&_nc_ohc=qDLtfOddCecQ7kNvwE-_cza&efg=eyJ2ZW5jb2RlX3RhZyI6Inhwdl9wcm9ncmVzc2l2ZS5WSV9VU0VDQVNFX1BST0RVQ1RfVFlQRS4uQzMuNjA4LmRhc2hfaDI2NC1iYXNpYy1nZW4yXzcyMHAiLCJ4cHZfYXNzZXRfaWQiOjE3ODI0NDMzOTY0NjUxMzcsImFzc2V0X2FnZV9kYXlzIjo3LCJ2aV91c2VjYXNlX2lkIjoxMDEzOSwiZHVyYXRpb25fcyI6NzEsInVybGdlbl9zb3VyY2UiOiJ3d3cifQ%3D%3D&ccb=17-1&vs=5f8bb70b43194d74&_nc_vs=HBksFQIYRWZiX2VwaGVtZXJhbC80RTQ3OTlBQkU2Mzc1MTg2RkFFOTg1REQ5MjQzOTlCMF9tdF8xX3ZpZGVvX2Rhc2hpbml0Lm1wNBUAAsgBEgAVAhhAZmJfcGVybWFuZW50LzM1NDRCRUJBNjM2NTQ3MzIwMDc5RTlBQjRGRTZGMThCX2F1ZGlvX2Rhc2hpbml0Lm1wNBUCAsgBEgAoABgAGwKIB3VzZV9vaWwBMRJwcm9ncmVzc2l2ZV9yZWNpcGUBMRUAACbih9SX7seqBhUCKAJDMywXQFHIgxJul40YGWRhc2hfaDI2NC1iYXNpYy1nZW4yXzcyMHARAHUAZbaeAQA&_nc_gid=ASqR8bXZK4NNtBqSW6WDBQ&_nc_ss=7f289&_nc_zt=28&oh=00_AQDF6PaVLUJRPJIwgV7KhAyoC9gOzRpUbQNi-0RdvUfASA&oe=6A53E764,https://scontent.fblr22-1.fna.fbcdn.net/v/t39.35426-6/731068482_1650949009306461_3630949388382654023_n.jpg?_nc_cat=104&ccb=1-7&_nc_sid=c53f8f&_nc_ohc=ferdapxRa5cQ7kNvwG1X0p7&_nc_oc=Ado_r92iHny6FIduDK96OvXT4z5JZif5HvlkEFwijFOE0lZXS6lcKGcPEsN-GVHf18I&_nc_zt=14&_nc_ht=scontent.fblr22-1.fna&_nc_gid=ASqR8bXZK4NNtBqSW6WDBQ&_nc_ss=7f289&oh=00_AQAtb0EiY92XCIEmGied47DyNFJN28msL6u4DvOxu1Ohmg&oe=6A53CE8D,2026-07-12T19:13:40.000Z,2026-07-08
45,44,Lingo AI,599204246602758,Lingo AI,,IN,1554222239574629,https://www.facebook.com/ads/library/?id=1554222239574629,2026-07-05,,false,false,1,0,,2026-07-05,,"🌍 Learn real English for everyday life 
🗣 Practice speaking with simple lessons 
⏱ Just 5 minutes a day 
👉 Download now",👉 Download now,Download,https://speaklearnfrenchlingoai.onelink.me/Y67n?pid=metaweb_int&c={{campaign.name}}&af_c_id={{campaign.id}}&af_adset={{adset.name}}&af_adset_id={{adset.id}}&af_ad={{ad.name}}&af_ad_id={{ad.id}}&af_siteid={{site_source_name}},"Facebook,Instagram,Audience Network,Messenger,Threads","🌍 Learn real English for everyday life 
🗣 Practice speaking with simple lessons 
⏱ Just 5 minutes a day 
👉 Download now",👉 Download now,Download,https://speaklearnfrenchlingoai.onelink.me/Y67n?pid=metaweb_int&c={{campaign.name}}&af_c_id={{campaign.id}}&af_adset={{adset.name}}&af_adset_id={{adset.id}}&af_ad={{ad.name}}&af_ad_id={{ad.id}}&af_siteid={{site_source_name}},Video,"Facebook,Instagram,Audience Network,Messenger,Threads",1,0,9:16,https://video.fblr22-1.fna.fbcdn.net/o1/v/t2/f2/m366/AQOZTGpYycVwOO_6QRmKpSbhHEW0B6xQDVFORlfjAQJPw56WmGHu_oat3mBu7CqkZvrSwu9XY2EwPMKqSCj6p8McsbqnE59EVH1OWroKFPz3pw.mp4?_nc_cat=109&_nc_oc=AdpjCgaSknC8aTg3ohcckJa-8vlN8PzrP63r6eRE6PbuEE5YHvNqp83U7zUPmKyys90&_nc_sid=b66105&_nc_ht=video.fblr22-1.fna.fbcdn.net&_nc_ohc=Ma6WbF6WClIQ7kNvwFs62gW&efg=eyJ2ZW5jb2RlX3RhZyI6Inhwdl9wcm9ncmVzc2l2ZS5WSV9VU0VDQVNFX1BST0RVQ1RfVFlQRS4uQzMuNjA4LmRhc2hfaDI2NC1iYXNpYy1nZW4yXzcyMHAiLCJ4cHZfYXNzZXRfaWQiOjE2Nzg5MTIzMjk5ODgzMjksImFzc2V0X2FnZV9kYXlzIjo1LCJ2aV91c2VjYXNlX2lkIjoxMDEzOSwiZHVyYXRpb25fcyI6NDEsInVybGdlbl9zb3VyY2UiOiJ3d3cifQ%3D%3D&ccb=17-1&vs=749a13dc0563d3dc&_nc_vs=HBksFQIYRWZiX2VwaGVtZXJhbC8wMDREQTk1QUVCNjJCN0U5NjY2QjI5NEY4RTcyMzhCMF9tdF8xX3ZpZGVvX2Rhc2hpbml0Lm1wNBUAAsgBEgAVAhhAZmJfcGVybWFuZW50LzA2NEIzMDgzOEUyREFDQjFERTBERDIwRTExMDVDMThCX2F1ZGlvX2Rhc2hpbml0Lm1wNBUCAsgBEgAoABgAGwKIB3VzZV9vaWwBMRJwcm9ncmVzc2l2ZV9yZWNpcGUBMRUAACbS483Qx737BRUCKAJDMywXQET7peNT988YGWRhc2hfaDI2NC1iYXNpYy1nZW4yXzcyMHARAHUAZbaeAQA&_nc_gid=ASqR8bXZK4NNtBqSW6WDBQ&_nc_ss=7f289&_nc_zt=28&oh=00_AQCvJogSH82Nyd9T4g3PJ9WmFXwMtddlDyBTU5zYHSuLAw&oe=6A53E163,https://scontent.fblr22-1.fna.fbcdn.net/v/t39.35426-6/737494836_1388594553326598_7567994798317937042_n.jpg?_nc_cat=109&ccb=1-7&_nc_sid=c53f8f&_nc_ohc=rXuRFTjapQUQ7kNvwFTB6jK&_nc_oc=AdoN5oPk7BLkY48Y1wVwHY2nvMdFDGLfTI5RNYRIChTtBqf2EXpo-7uUZycnMwv259M&_nc_zt=14&_nc_ht=scontent.fblr22-1.fna&_nc_gid=ASqR8bXZK4NNtBqSW6WDBQ&_nc_ss=7f289&oh=00_AQCsPGoguw6OeoIS-zPsaCz76svi6W1Yx3ND8KBiavcAYQ&oe=6A53DF7C,2026-07-12T18:48:03.000Z,2026-07-08
46,45,Lingo AI,599204246602758,Lingo AI,,IN,898871176564000,https://www.facebook.com/ads/library/?id=898871176564000,2026-07-01,,false,false,1,0,,2026-07-01,,"🌟 Want to improve your English? 
📱 Learn anytime in just minutes a day 
💬 Build real speaking confidence
👉 Download now",👉 Download now,Download,http://itunes.apple.com/app/id6740255326,"Facebook,Instagram,Audience Network,Messenger,Threads","🌟 Want to improve your English? 
📱 Learn anytime in just minutes a day 
💬 Build real speaking confidence
👉 Download now",👉 Download now,Download,http://itunes.apple.com/app/id6740255326,Video,"Facebook,Instagram,Audience Network,Messenger,Threads",1,0,9:16,https://video.fblr22-1.fna.fbcdn.net/o1/v/t2/f2/m366/AQOjnjancj96VgkXFncuV4taz2kW81Y3Ce4VXRquOnDj4sgfJ9__rndgeahAHFFKK7HtBnopua53Eah4RwURi5TR1S34C74Vzvi0l55HWh_pzw.mp4?_nc_cat=109&_nc_oc=AdqvEH5254T4KM3Kg_GkTCI0-wHWYq69lU1g-KpHUGxLVNShROxbW-kkxSjeZSyXrrk&_nc_sid=b66105&_nc_ht=video.fblr22-1.fna.fbcdn.net&_nc_ohc=xdx7kGlqfD4Q7kNvwHhDCSh&efg=eyJ2ZW5jb2RlX3RhZyI6Inhwdl9wcm9ncmVzc2l2ZS5WSV9VU0VDQVNFX1BST0RVQ1RfVFlQRS4uQzMuNjA4LmRhc2hfaDI2NC1iYXNpYy1nZW4yXzcyMHAiLCJ4cHZfYXNzZXRfaWQiOjk5OTA0NDA1OTQ5MTIwNiwiYXNzZXRfYWdlX2RheXMiOjIxLCJ2aV91c2VjYXNlX2lkIjoxMDEzOSwiZHVyYXRpb25fcyI6MzYsInVybGdlbl9zb3VyY2UiOiJ3d3cifQ%3D%3D&ccb=17-1&vs=97c9fce715fbfa4d&_nc_vs=HBksFQIYRWZiX2VwaGVtZXJhbC84QTRGODk3RUIzRTUyOTI5NThBQkNFRjBDRkUyODY4Nl9tdF8xX3ZpZGVvX2Rhc2hpbml0Lm1wNBUAAsgBEgAVAhhAZmJfcGVybWFuZW50LzlFNEE3RkQ3MUMxODc5Rjg3RjgxMzUyQjBFREU0MjgxX2F1ZGlvX2Rhc2hpbml0Lm1wNBUCAsgBEgAoABgAGwKIB3VzZV9vaWwBMRJwcm9ncmVzc2l2ZV9yZWNpcGUBMRUAACaMrr-kgqjGAxUCKAJDMywXQEJqn752yLQYGWRhc2hfaDI2NC1iYXNpYy1nZW4yXzcyMHARAHUAZbaeAQA&_nc_gid=ASqR8bXZK4NNtBqSW6WDBQ&_nc_ss=7f289&_nc_zt=28&oh=00_AQAvwrZFUIORLgw7ucJ7r29QRu6kQiEN4yV7LhZ2m_zcMQ&oe=6A53CCDB,https://scontent.fblr22-1.fna.fbcdn.net/v/t39.35426-6/735958738_1515827100022541_8873398493566269828_n.jpg?_nc_cat=104&ccb=1-7&_nc_sid=c53f8f&_nc_ohc=0mkBrFLInpMQ7kNvwGcZYe9&_nc_oc=AdqbDvzoxszu482britqkLxn7HA7eLGBkUH6ZIxT3GQ3hWLvPlbJCThZsLW-RhXS7JE&_nc_zt=14&_nc_ht=scontent.fblr22-1.fna&_nc_gid=ASqR8bXZK4NNtBqSW6WDBQ&_nc_ss=7f289&oh=00_AQB1amtN_YRy2-By2mgYHnPC3ore5XJrk8KWGNlsmbfGCQ&oe=6A53D8C6,2026-07-12T17:20:27.000Z,2026-07-08
47,46,Lingo AI,599204246602758,Lingo AI,,IN,1382542137258042,https://www.facebook.com/ads/library/?id=1382542137258042,2026-06-16,,false,false,1,0,,2026-06-16,,"🚀 Master French Faster, Just 5 Minutes a Day!
🥳 Join Learners Who Found a Fun Way to Master a Language!
✨ Our mission is to unlock your French.",✨Try it now~,Install now,http://itunes.apple.com/app/id6740255326,"Facebook,Instagram,Audience Network,Messenger","🚀 Master French Faster, Just 5 Minutes a Day!
🥳 Join Learners Who Found a Fun Way to Master a Language!
✨ Our mission is to unlock your French.",✨Try it now~,Install now,http://itunes.apple.com/app/id6740255326,Video,"Facebook,Instagram,Audience Network,Messenger",1,0,9:16,https://video.fblr22-2.fna.fbcdn.net/o1/v/t2/f2/m366/AQPv-T7PuY2oX5zc7SZNIWcEpn-F2Qa1bQJrRmMF7kubUAffeu7JRu1hJVWmLzuJajaCZ_3_JTj1r_Zoo_t1IYrA5A2vUxWOvYWmTmDW3-dpgQ.mp4?_nc_cat=107&_nc_oc=AdoajJ5phuxHSphKQK8qKSCPNL_HlpVvRQDgv_aEy3TTnTKaPfCrw3koXYhtgtiEtnU&_nc_sid=b66105&_nc_ht=video.fblr22-2.fna.fbcdn.net&_nc_ohc=tQpCsBvY21MQ7kNvwHUqGOd&efg=eyJ2ZW5jb2RlX3RhZyI6Inhwdl9wcm9ncmVzc2l2ZS5WSV9VU0VDQVNFX1BST0RVQ1RfVFlQRS4uQzMuNzIwLmRhc2hfaDI2NC1iYXNpYy1nZW4yXzcyMHAiLCJ4cHZfYXNzZXRfaWQiOjI0MjkxNDM2NDc1NzMxMDEsImFzc2V0X2FnZV9kYXlzIjoyMCwidmlfdXNlY2FzZV9pZCI6MTAxMzksImR1cmF0aW9uX3MiOjI0LCJ1cmxnZW5fc291cmNlIjoid3d3In0%3D&ccb=17-1&vs=3820b7b52608f3ca&_nc_vs=HBksFQIYRWZiX2VwaGVtZXJhbC9GQjQxNzZEM0Q1MjM4NUFERTdGQzY1NkU1RDBEMDg5MF9tdF8xX3ZpZGVvX2Rhc2hpbml0Lm1wNBUAAsgBEgAVAhhAZmJfcGVybWFuZW50LzY5NEI2MUZGMzhCMTdCODVEMDJFMjYzNTBDN0RERkEwX2F1ZGlvX2Rhc2hpbml0Lm1wNBUCAsgBEgAoABgAGwKIB3VzZV9vaWwBMRJwcm9ncmVzc2l2ZV9yZWNpcGUBMRUAACba0cbD4tLQCBUCKAJDMywXQDjdsi0OVgQYGWRhc2hfaDI2NC1iYXNpYy1nZW4yXzcyMHARAHUAZbaeAQA&_nc_gid=ASqR8bXZK4NNtBqSW6WDBQ&_nc_ss=7f289&_nc_zt=28&oh=00_AQA-s3I9NgNa5PG-se4KrfDy2Y-rW3lqEV5qEzfcqlvUbA&oe=6A53F0A5,https://scontent.fblr22-2.fna.fbcdn.net/v/t39.35426-6/725318542_1035104488990360_2540867800922231760_n.jpg?_nc_cat=107&ccb=1-7&_nc_sid=c53f8f&_nc_ohc=vA1GG52fxisQ7kNvwH0ljHh&_nc_oc=AdqLcvGWF4EWo_ZOVu3mn2kkMAJ4K3TtR6XyjkN117ZE1setFVTLOUcpqvALX7B7RTQ&_nc_zt=14&_nc_ht=scontent.fblr22-2.fna&_nc_gid=ASqR8bXZK4NNtBqSW6WDBQ&_nc_ss=7f289&oh=00_AQCaGDubrkNcaGppfWtOGrAonTAd9uGCzckvdEK0OO4SKw&oe=6A53BDC0,2026-07-12T19:53:09.000Z,2026-07-08
48,47,Lingo AI,599204246602758,Lingo AI,,IN,1633628567704710,https://www.facebook.com/ads/library/?id=1633628567704710,2026-06-17,,false,false,1,0,,2026-06-17,,"📘 Learn English easily with simple lessons 
😊 Build confidence with everyday speaking practice 
👉 Download now",👉 Download now,Download,https://speaklearnfrenchlingoai.onelink.me/Y67n?pid=metaweb_int&c={{campaign.name}}&af_c_id={{campaign.id}}&af_adset={{adset.name}}&af_adset_id={{adset.id}}&af_ad={{ad.name}}&af_ad_id={{ad.id}}&af_siteid={{site_source_name}},"Facebook,Instagram,Audience Network,Messenger,Threads","📘 Learn English easily with simple lessons 
😊 Build confidence with everyday speaking practice 
👉 Download now",👉 Download now,Download,https://speaklearnfrenchlingoai.onelink.me/Y67n?pid=metaweb_int&c={{campaign.name}}&af_c_id={{campaign.id}}&af_adset={{adset.name}}&af_adset_id={{adset.id}}&af_ad={{ad.name}}&af_ad_id={{ad.id}}&af_siteid={{site_source_name}},Video,"Facebook,Instagram,Audience Network,Messenger,Threads",1,0,9:16,https://video.fblr22-2.fna.fbcdn.net/o1/v/t2/f2/m366/AQPrHxTREZPZw5AXtQnmcfs1GFaHgsRoyh65cP915p0EwUSpnvqoHp8u0v_EGZQzCOAIfdkxm0GPvfqWhwgNzPOqXLEp8nEJybe8P_ZKIUsFvw.mp4?_nc_cat=105&_nc_oc=AdpWdbMwh18YN8vZK0f_nUi4lZ7RBw9H0fj-5MCzxj3vMTb8-Y32qbDIcw__a2QMHJQ&_nc_sid=b66105&_nc_ht=video.fblr22-2.fna.fbcdn.net&_nc_ohc=vqW5Y62VGGAQ7kNvwEIzYua&efg=eyJ2ZW5jb2RlX3RhZyI6Inhwdl9wcm9ncmVzc2l2ZS5WSV9VU0VDQVNFX1BST0RVQ1RfVFlQRS4uQzMuNjA4LmRhc2hfaDI2NC1iYXNpYy1nZW4yXzcyMHAiLCJ4cHZfYXNzZXRfaWQiOjE2NDYwOTUxMDM0MDY2NDQsImFzc2V0X2FnZV9kYXlzIjo1OSwidmlfdXNlY2FzZV9pZCI6MTAxMzksImR1cmF0aW9uX3MiOjM0LCJ1cmxnZW5fc291cmNlIjoid3d3In0%3D&ccb=17-1&vs=9affebb0e03cb7a8&_nc_vs=HBksFQIYRWZiX2VwaGVtZXJhbC83QzRDRjA4Q0E4MTI0NTZGNTU0QTRDOTMxREY2MjBBMF9tdF8xX3ZpZGVvX2Rhc2hpbml0Lm1wNBUAAsgBEgAVAhhAZmJfcGVybWFuZW50LzRDNDU3OUQ0ODRDMDgzNzg4NUFBQzVGQkREREFEMEIwX2F1ZGlvX2Rhc2hpbml0Lm1wNBUCAsgBEgAoABgAGwKIB3VzZV9vaWwBMRJwcm9ncmVzc2l2ZV9yZWNpcGUBMRUAACboyL2erMfsBRUCKAJDMywXQEEmZmZmZmYYGWRhc2hfaDI2NC1iYXNpYy1nZW4yXzcyMHARAHUAZbaeAQA&_nc_gid=ASqR8bXZK4NNtBqSW6WDBQ&_nc_ss=7f289&_nc_zt=28&oh=00_AQBjsdoVuk9vFu4eplqq35W1m7_4w6WWQxJysWwAKoh1DA&oe=6A53CA5B,https://scontent.fblr22-1.fna.fbcdn.net/v/t39.35426-6/725474807_2199356520604745_7759160318501387541_n.jpg?_nc_cat=109&ccb=1-7&_nc_sid=c53f8f&_nc_ohc=EqorvfBCjlAQ7kNvwEOm81i&_nc_oc=AdoLbw-ry_2mFwKIQw4d_eyWHH0BIpEDyYTSonhhdh0CkhJb_rDmnwciM-F2bHy6prw&_nc_zt=14&_nc_ht=scontent.fblr22-1.fna&_nc_gid=ASqR8bXZK4NNtBqSW6WDBQ&_nc_ss=7f289&oh=00_AQBirEidYETbSKxUXSfOoEC6n9f69_xcZ0VgCxK9D1PWGQ&oe=6A53E13D,2026-07-12T17:09:47.000Z,2026-07-08
49,48,Lingo AI,599204246602758,Lingo AI,,IN,1558400459193797,https://www.facebook.com/ads/library/?id=1558400459193797,2026-07-05,,false,false,1,0,,2026-07-05,,"📘 Learn English easily with simple lessons 
😊 Build confidence with everyday speaking practice 
👉 Download now",👉 Download now,Download,https://speaklearnfrenchlingoai.onelink.me/Y67n?pid=metaweb_int&c={{campaign.name}}&af_c_id={{campaign.id}}&af_adset={{adset.name}}&af_adset_id={{adset.id}}&af_ad={{ad.name}}&af_ad_id={{ad.id}}&af_siteid={{site_source_name}},"Facebook,Instagram,Audience Network,Messenger,Threads","📘 Learn English easily with simple lessons 
😊 Build confidence with everyday speaking practice 
👉 Download now",👉 Download now,Download,https://speaklearnfrenchlingoai.onelink.me/Y67n?pid=metaweb_int&c={{campaign.name}}&af_c_id={{campaign.id}}&af_adset={{adset.name}}&af_adset_id={{adset.id}}&af_ad={{ad.name}}&af_ad_id={{ad.id}}&af_siteid={{site_source_name}},Video,"Facebook,Instagram,Audience Network,Messenger,Threads",1,0,9:16,https://video.fblr22-2.fna.fbcdn.net/o1/v/t2/f2/m366/AQPEj24de_iKrNKajPVok4U0LazWm2qL-gx2GELkFzTWwHjbkjJJyQdxrsN4GNF-tbjNRLb6opOin4p1ctSQwg4y6dM8RI-oq8CRyk0neGnP6Q.mp4?_nc_cat=105&_nc_oc=AdrfZTRPX2DWCB9-_vK6ylqzNdCBXC_RzTuVkMY9OaHpzgdTO862bRhE_vput34QaAk&_nc_sid=b66105&_nc_ht=video.fblr22-2.fna.fbcdn.net&_nc_ohc=PrvEglZYkDQQ7kNvwER1Lxc&efg=eyJ2ZW5jb2RlX3RhZyI6Inhwdl9wcm9ncmVzc2l2ZS5WSV9VU0VDQVNFX1BST0RVQ1RfVFlQRS4uQzMuNzIwLmRhc2hfaDI2NC1iYXNpYy1nZW4yXzcyMHAiLCJ4cHZfYXNzZXRfaWQiOjE0OTU0MTQ5NzIzODgyNTUsImFzc2V0X2FnZV9kYXlzIjoxLCJ2aV91c2VjYXNlX2lkIjoxMDEzOSwiZHVyYXRpb25fcyI6MjUsInVybGdlbl9zb3VyY2UiOiJ3d3cifQ%3D%3D&ccb=17-1&vs=e8189ab413ae5b06&_nc_vs=HBksFQIYRWZiX2VwaGVtZXJhbC80MDRCNzFGQjJEMERFMjI1RjQ3MUE0QzVCNkRBQkNCMl9tdF8xX3ZpZGVvX2Rhc2hpbml0Lm1wNBUAAsgBEgAVAhhAZmJfcGVybWFuZW50LzEzNDM5NzNCQkE0MkM3MTJCQzJCOTU1MjlFN0EyQzgzX2F1ZGlvX2Rhc2hpbml0Lm1wNBUCAsgBEgAoABgAGwKIB3VzZV9vaWwBMRJwcm9ncmVzc2l2ZV9yZWNpcGUBMRUAACa-zsTjzYSoBRUCKAJDMywXQDlu2RaHKwIYGWRhc2hfaDI2NC1iYXNpYy1nZW4yXzcyMHARAHUAZbaeAQA&_nc_gid=ASqR8bXZK4NNtBqSW6WDBQ&_nc_ss=7f289&_nc_zt=28&oh=00_AQAJOKIA3anxE8tncHSjBVAQM_uJ6SQ3ElkwnhtMNxrzKQ&oe=6A53F2FF,https://scontent.fblr22-2.fna.fbcdn.net/v/t39.35426-6/741447222_1325157196371570_5613063141316236412_n.jpg?_nc_cat=110&ccb=1-7&_nc_sid=c53f8f&_nc_ohc=C6ceaaAoCIkQ7kNvwHeJebO&_nc_oc=AdpnBivmYVzMBl14iUybSSi4c3A8FUp96XSI65baFTKK2LIeJWA0TwGB9ag4YUeDCJg&_nc_zt=14&_nc_ht=scontent.fblr22-2.fna&_nc_gid=ASqR8bXZK4NNtBqSW6WDBQ&_nc_ss=7f289&oh=00_AQA9fBGlB7B4ly9TIG1MinIsrwndt6EdeTRmWom7SB0YFg&oe=6A53D8C5,2026-07-12T20:03:11.000Z,2026-07-08
50,49,Lingo AI,599204246602758,Lingo AI,,IN,1717358132636243,https://www.facebook.com/ads/library/?id=1717358132636243,2026-07-05,,false,false,1,0,,2026-07-05,,"🌟 Want to improve your English? 
📱 Learn anytime in just minutes a day 
💬 Build real speaking confidence 
👉 Download now",👉 Download now,Download,https://speaklearnfrenchlingoai.onelink.me/Y67n?pid=metaweb_int&c={{campaign.name}}&af_c_id={{campaign.id}}&af_adset={{adset.name}}&af_adset_id={{adset.id}}&af_ad={{ad.name}}&af_ad_id={{ad.id}}&af_siteid={{site_source_name}},"Facebook,Instagram,Audience Network,Messenger,Threads","🌟 Want to improve your English? 
📱 Learn anytime in just minutes a day 
💬 Build real speaking confidence 
👉 Download now",👉 Download now,Download,https://speaklearnfrenchlingoai.onelink.me/Y67n?pid=metaweb_int&c={{campaign.name}}&af_c_id={{campaign.id}}&af_adset={{adset.name}}&af_adset_id={{adset.id}}&af_ad={{ad.name}}&af_ad_id={{ad.id}}&af_siteid={{site_source_name}},Video,"Facebook,Instagram,Audience Network,Messenger,Threads",1,0,9:16,https://video.fblr22-1.fna.fbcdn.net/o1/v/t2/f2/m366/AQPvVmUijnbHK0FzH8qDtfBKzWjTx4N3xggXhEeZCVlanntadZGJ5BPWwHtFSG0rtDTi5F0qetsm80sFhefNG1Hq6FQPuWcgrENQXMWPk7jhYw.mp4?_nc_cat=109&_nc_oc=AdpEEqQ_E3ZTm5IbgSkxHrbgsGsWa3lSaL1femKcAbouPsR68Wgc3jVVX0i4ZVl3A_c&_nc_sid=b66105&_nc_ht=video.fblr22-1.fna.fbcdn.net&_nc_ohc=2JmL2IB_-PUQ7kNvwGiagcF&efg=eyJ2ZW5jb2RlX3RhZyI6Inhwdl9wcm9ncmVzc2l2ZS5WSV9VU0VDQVNFX1BST0RVQ1RfVFlQRS4uQzMuNjA4LmRhc2hfaDI2NC1iYXNpYy1nZW4yXzcyMHAiLCJ4cHZfYXNzZXRfaWQiOjEwMzMzMzM1MTI3MzM1MDEsImFzc2V0X2FnZV9kYXlzIjoxLCJ2aV91c2VjYXNlX2lkIjoxMDEzOSwiZHVyYXRpb25fcyI6NDIsInVybGdlbl9zb3VyY2UiOiJ3d3cifQ%3D%3D&ccb=17-1&vs=81ab40881966da3d&_nc_vs=HBksFQIYRWZiX2VwaGVtZXJhbC82NjQyMTM1QzYwN0JDNkJGNTk0MjlFQ0U4MzVCMEE5RF9tdF8xX3ZpZGVvX2Rhc2hpbml0Lm1wNBUAAsgBEgAVAhhAZmJfcGVybWFuZW50LzNENDMzNDVEMEJBQUExQkZBM0NGNEI5NzAzNjA0NThFX2F1ZGlvX2Rhc2hpbml0Lm1wNBUCAsgBEgAoABgAGwKIB3VzZV9vaWwBMRJwcm9ncmVzc2l2ZV9yZWNpcGUBMRUAACb6jLDP9vPVAxUCKAJDMywXQEVMzMzMzM0YGWRhc2hfaDI2NC1iYXNpYy1nZW4yXzcyMHARAHUAZbaeAQA&_nc_gid=ASqR8bXZK4NNtBqSW6WDBQ&_nc_ss=7f289&_nc_zt=28&oh=00_AQCQjOXm75BpeiItvgh_5dyXEW375Mj_4yTJyeYYoyMsxw&oe=6A53DB8F,https://scontent.fblr22-1.fna.fbcdn.net/v/t39.35426-6/740333910_4438498046412793_9092996110323465252_n.jpg?_nc_cat=101&ccb=1-7&_nc_sid=c53f8f&_nc_ohc=TMZwRI-2dnkQ7kNvwH6tle4&_nc_oc=AdrM0q8sihCS9uYy796RpckvBpEaLuGfHc6PUT_Zwaj_FHp1jwizmY0j7uRZjOETZNc&_nc_zt=14&_nc_ht=scontent.fblr22-1.fna&_nc_gid=ASqR8bXZK4NNtBqSW6WDBQ&_nc_ss=7f289&oh=00_AQA2abpAS74_dN0-uU-dYiCdhZOv9Ws6rkSKMxCDL4wINw&oe=6A53BCF4,2026-07-12T18:23:11.000Z,2026-07-08
51,50,Lingo AI,599204246602758,Lingo AI,,IN,2392982457860413,https://www.facebook.com/ads/library/?id=2392982457860413,2026-07-05,,false,false,1,0,,2026-07-05,,"😊The best place to learn French language
💼 Boost your French skills in just 5 minutes a day! 
📚The efficient path to fluency.",✨Try it now~,Install now,http://itunes.apple.com/app/id6740255326,"Facebook,Instagram,Audience Network,Messenger,Threads","😊The best place to learn French language
💼 Boost your French skills in just 5 minutes a day! 
📚The efficient path to fluency.",✨Try it now~,Install now,http://itunes.apple.com/app/id6740255326,Video,"Facebook,Instagram,Audience Network,Messenger,Threads",1,0,9:16,https://video.fblr22-1.fna.fbcdn.net/o1/v/t2/f2/m366/AQPG6hSaHCGMorhN1Vypu-MzEnP4CN35eLzEmth_s27M3vSPFaRGgrkW48ycjO1LW7k6U6Be0BBJF14saxn28LP6dl0HyX2GJosp8S1935Y5Iw.mp4?_nc_cat=106&_nc_oc=AdolXj8n9nv1_c5RS6od4g0u-6UmaCbtrlQz7zMHYHlklkbQKDv5GMmDt_HaTSCtDeU&_nc_sid=b66105&_nc_ht=video.fblr22-1.fna.fbcdn.net&_nc_ohc=nWTgUJDyVF8Q7kNvwFsjXXN&efg=eyJ2ZW5jb2RlX3RhZyI6Inhwdl9wcm9ncmVzc2l2ZS5WSV9VU0VDQVNFX1BST0RVQ1RfVFlQRS4uQzMuNzIwLmRhc2hfaDI2NC1iYXNpYy1nZW4yXzcyMHAiLCJ4cHZfYXNzZXRfaWQiOjE0ODczODI1NDMxNjI1NTksImFzc2V0X2FnZV9kYXlzIjoyLCJ2aV91c2VjYXNlX2lkIjoxMDEzOSwiZHVyYXRpb25fcyI6MzksInVybGdlbl9zb3VyY2UiOiJ3d3cifQ%3D%3D&ccb=17-1&vs=750910fa2df71346&_nc_vs=HBksFQIYRWZiX2VwaGVtZXJhbC9BOTQ3MUNDNTc1MjIxOUYxMjU0QjExNTg0NDUwRDM4MV9tdF8xX3ZpZGVvX2Rhc2hpbml0Lm1wNBUAAsgBEgAVAhhAZmJfcGVybWFuZW50L0NFNDIxN0U4ODJGMkYwNzM3QUJBNTE5OEJENTQ0MUIzX2F1ZGlvX2Rhc2hpbml0Lm1wNBUCAsgBEgAoABgAGwKIB3VzZV9vaWwBMRJwcm9ncmVzc2l2ZV9yZWNpcGUBMRUAACb-8orCh7GkBRUCKAJDMywXQEOVP3ztkWgYGWRhc2hfaDI2NC1iYXNpYy1nZW4yXzcyMHARAHUAZbaeAQA&_nc_gid=ASqR8bXZK4NNtBqSW6WDBQ&_nc_ss=7f289&_nc_zt=28&oh=00_AQD3epPFs3QUZAAkhD7a2bEQ7Xd0QIkc3W6XGteXOjjA0Q&oe=6A53DD82,https://scontent.fblr22-1.fna.fbcdn.net/v/t39.35426-6/739809476_909146675547158_6747121544451260390_n.jpg?_nc_cat=104&ccb=1-7&_nc_sid=c53f8f&_nc_ohc=PdSAb67EFz8Q7kNvwEyN9Io&_nc_oc=Adol4__WF_AfMfhG6LD82YgEe3HhJRTDEjmVisn_wN5NYd17IXABJ5Hy4rCHbih1xEY&_nc_zt=14&_nc_ht=scontent.fblr22-1.fna&_nc_gid=ASqR8bXZK4NNtBqSW6WDBQ&_nc_ss=7f289&oh=00_AQAcKNqtW03_plS32G-LmZIYLbXvrNohDd1FQQGiht5g5Q&oe=6A53D4A8,2026-07-12T18:31:30.000Z,2026-07-08
52,51,Lingo AI,599204246602758,Lingo AI,,IN,1691784178829769,https://www.facebook.com/ads/library/?id=1691784178829769,2026-06-14,,false,false,1,0,,2026-06-14,,"🌍 Learn real English for everyday life 
🗣 Practice speaking with simple lessons 
⏱ Just 5 minutes a day
👉 Download now",👇 Start now,Download,https://speaklearnfrenchlingoai.onelink.me/Y67n?pid=metaweb_int&c={{campaign.name}}&af_c_id={{campaign.id}}&af_adset={{adset.name}}&af_adset_id={{adset.id}}&af_ad={{ad.name}}&af_ad_id={{ad.id}}&af_siteid={{site_source_name}},"Facebook,Instagram,Audience Network,Messenger,Threads","🌍 Learn real English for everyday life 
🗣 Practice speaking with simple lessons 
⏱ Just 5 minutes a day
👉 Download now",👇 Start now,Download,https://speaklearnfrenchlingoai.onelink.me/Y67n?pid=metaweb_int&c={{campaign.name}}&af_c_id={{campaign.id}}&af_adset={{adset.name}}&af_adset_id={{adset.id}}&af_ad={{ad.name}}&af_ad_id={{ad.id}}&af_siteid={{site_source_name}},Video,"Facebook,Instagram,Audience Network,Messenger,Threads",1,0,9:16,https://video.fblr22-2.fna.fbcdn.net/o1/v/t2/f2/m366/AQMLJRxfBzkUzWuBEIHmtXavPidVThMLpFHOsn8Y0bhqDquj5Qfbf_VDYLaH837uhoQ-URw2aEF6gh5yEcHBIE2mFhTyQDosZabKU3Cf_BwyWQ.mp4?_nc_cat=105&_nc_oc=Ado-g4MH1BnUARjQ2vcLX29CLdwa-JbhYVBmYk-e5c9Lri6lqkysJE6XxSLtKkxTxWw&_nc_sid=b66105&_nc_ht=video.fblr22-2.fna.fbcdn.net&_nc_ohc=qjl_rz-lPa0Q7kNvwFXc3u0&efg=eyJ2ZW5jb2RlX3RhZyI6Inhwdl9wcm9ncmVzc2l2ZS5WSV9VU0VDQVNFX1BST0RVQ1RfVFlQRS4uQzMuNzIwLmRhc2hfaDI2NC1iYXNpYy1nZW4yXzcyMHAiLCJ4cHZfYXNzZXRfaWQiOjEzMjQ5NTk2NTY0NTQ1MDIsImFzc2V0X2FnZV9kYXlzIjoyMiwidmlfdXNlY2FzZV9pZCI6MTAxMzksImR1cmF0aW9uX3MiOjIzLCJ1cmxnZW5fc291cmNlIjoid3d3In0%3D&ccb=17-1&vs=809ca810f8653dc7&_nc_vs=HBksFQIYRWZiX2VwaGVtZXJhbC85QzQ0QkFBQUY5RjAxMjU5MjlCQjg4QUE1OTdGRDQ4NV9tdF8xX3ZpZGVvX2Rhc2hpbml0Lm1wNBUAAsgBEgAVAhhAZmJfcGVybWFuZW50L0YzNDQ5MEU1MzhBMDI1QjkzQkFGQUJFQUVDREY4MEE4X2F1ZGlvX2Rhc2hpbml0Lm1wNBUCAsgBEgAoABgAGwKIB3VzZV9vaWwBMRJwcm9ncmVzc2l2ZV9yZWNpcGUBMRUAACbMpdHa5sLaBBUCKAJDMywXQDcIcrAgxJwYGWRhc2hfaDI2NC1iYXNpYy1nZW4yXzcyMHARAHUAZbaeAQA&_nc_gid=UQr_v_UIdZbBF6kfBP805Q&_nc_ss=7f289&_nc_zt=28&oh=00_AQDBfcncf5YzXNYeOA2rVx9K7KCGajUAy6eoXLp9z9-Xfg&oe=6A53C273,https://scontent.fblr22-1.fna.fbcdn.net/v/t39.35426-6/724033436_1534447764739839_6939625649132418599_n.jpg?_nc_cat=109&ccb=1-7&_nc_sid=c53f8f&_nc_ohc=f8Fqg48kyQUQ7kNvwEZDG7a&_nc_oc=Adqn5iIaAuubQcnANaRlcDCXbmYr9kVGq_CWxoVHxBksnwYpwei0uHCsP6DwHEEK2QA&_nc_zt=14&_nc_ht=scontent.fblr22-1.fna&_nc_gid=UQr_v_UIdZbBF6kfBP805Q&_nc_ss=7f289&oh=00_AQB4eKYuD_s5I0wXhgTC1j51CTIjt5y4qvB0GILiLvX_gg&oe=6A53CBA7,2026-07-12T16:36:03.000Z,2026-07-08
53,52,Lingo AI,599204246602758,Lingo AI,,IN,2076022413797975,https://www.facebook.com/ads/library/?id=2076022413797975,2026-06-24,,false,false,1,0,,2026-06-24,,"🌍 Learn real English for everyday life 
🗣 Practice speaking with simple lessons 
⏱ Just 5 minutes a day
👉 Download now",👇 Start now,Download,https://speaklearnfrenchlingoai.onelink.me/Y67n?pid=metaweb_int&c={{campaign.name}}&af_c_id={{campaign.id}}&af_adset={{adset.name}}&af_adset_id={{adset.id}}&af_ad={{ad.name}}&af_ad_id={{ad.id}}&af_siteid={{site_source_name}},"Facebook,Instagram,Audience Network,Messenger,Threads","🌍 Learn real English for everyday life 
🗣 Practice speaking with simple lessons 
⏱ Just 5 minutes a day
👉 Download now",👇 Start now,Download,https://speaklearnfrenchlingoai.onelink.me/Y67n?pid=metaweb_int&c={{campaign.name}}&af_c_id={{campaign.id}}&af_adset={{adset.name}}&af_adset_id={{adset.id}}&af_ad={{ad.name}}&af_ad_id={{ad.id}}&af_siteid={{site_source_name}},Video,"Facebook,Instagram,Audience Network,Messenger,Threads",1,0,9:16,https://video.fblr22-2.fna.fbcdn.net/o1/v/t2/f2/m366/AQMn61ElsaSPdm93FfN8qwr4PRTJo50CTVwZGAsch4O0AL3ayG6Ctj3y25U9aUwYfyHX9r-1AxY3NXGP-k7kYgbXkaGWzxJxKG4CX7irZBTSfQ.mp4?_nc_cat=105&_nc_oc=Adr8pYbhdIGNp9sUbkBlUlW9-uJlXNq6Ec_ygEcqy2HznbnTQHnP1RxzEgthb3PQt88&_nc_sid=b66105&_nc_ht=video.fblr22-2.fna.fbcdn.net&_nc_ohc=wDvbekOZC38Q7kNvwHpnqJ5&efg=eyJ2ZW5jb2RlX3RhZyI6Inhwdl9wcm9ncmVzc2l2ZS5WSV9VU0VDQVNFX1BST0RVQ1RfVFlQRS4uQzMuNzIwLmRhc2hfaDI2NC1iYXNpYy1nZW4yXzcyMHAiLCJ4cHZfYXNzZXRfaWQiOjIwODg2MDk3Njg3MTkyMDQsImFzc2V0X2FnZV9kYXlzIjoxNSwidmlfdXNlY2FzZV9pZCI6MTAxMzksImR1cmF0aW9uX3MiOjQyLCJ1cmxnZW5fc291cmNlIjoid3d3In0%3D&ccb=17-1&vs=749d1903fe0911b2&_nc_vs=HBksFQIYRWZiX2VwaGVtZXJhbC84OTQ5MUJCREQ1MTdBNUEyOEQ3MUEzMDk0MDNDMEY4M19tdF8xX3ZpZGVvX2Rhc2hpbml0Lm1wNBUAAsgBEgAVAhhAZmJfcGVybWFuZW50LzQwNDgzMTdGMTc0NjM0RjNCNTcyMzQzRkUxNEJFREI3X2F1ZGlvX2Rhc2hpbml0Lm1wNBUCAsgBEgAoABgAGwKIB3VzZV9vaWwBMRJwcm9ncmVzc2l2ZV9yZWNpcGUBMRUAACbIjba1i-W1BxUCKAJDMywXQEUZmZmZmZoYGWRhc2hfaDI2NC1iYXNpYy1nZW4yXzcyMHARAHUAZbaeAQA&_nc_gid=UQr_v_UIdZbBF6kfBP805Q&_nc_ss=7f289&_nc_zt=28&oh=00_AQB0iDw2iJjcZAx2OrE4YDViIhJH-Gb4jjYmzSowdOs1Yg&oe=6A53CBAF,https://scontent.fblr22-1.fna.fbcdn.net/v/t39.35426-6/728627528_1350315600524856_4472912162121774049_n.jpg?_nc_cat=103&ccb=1-7&_nc_sid=c53f8f&_nc_ohc=Wn5kQ2UF8o8Q7kNvwEdZHHX&_nc_oc=AdpUOJE6I-0rZMrp0IOeRSDIoHHve3iIkgRN9_OMOyja0duLCVNWLn1O884Lqb_z6TQ&_nc_zt=14&_nc_ht=scontent.fblr22-1.fna&_nc_gid=UQr_v_UIdZbBF6kfBP805Q&_nc_ss=7f289&oh=00_AQADB5P9JMC8bXz61ylNU5fE5_ym2QFbE02mPeHFPgXNSw&oe=6A53DDE7,2026-07-12T17:15:27.000Z,2026-07-08
54,53,Lingo AI,599204246602758,Lingo AI,,IN,2524582157979905,https://www.facebook.com/ads/library/?id=2524582157979905,2026-07-05,,false,false,1,0,,2026-07-05,,"📘 Learn English easily with simple lessons 
😊 Build confidence with everyday speaking practice 
👉 Download now",👉 Download now,Download,https://speaklearnfrenchlingoai.onelink.me/Y67n?pid=metaweb_int&c={{campaign.name}}&af_c_id={{campaign.id}}&af_adset={{adset.name}}&af_adset_id={{adset.id}}&af_ad={{ad.name}}&af_ad_id={{ad.id}}&af_siteid={{site_source_name}},"Facebook,Instagram,Audience Network,Messenger,Threads","📘 Learn English easily with simple lessons 
😊 Build confidence with everyday speaking practice 
👉 Download now",👉 Download now,Download,https://speaklearnfrenchlingoai.onelink.me/Y67n?pid=metaweb_int&c={{campaign.name}}&af_c_id={{campaign.id}}&af_adset={{adset.name}}&af_adset_id={{adset.id}}&af_ad={{ad.name}}&af_ad_id={{ad.id}}&af_siteid={{site_source_name}},Video,"Facebook,Instagram,Audience Network,Messenger,Threads",1,0,9:16,https://video.fblr22-2.fna.fbcdn.net/o1/v/t2/f2/m366/AQPYX3V5nF4jFY_YNifk4oDVT2jewhyt5dSoUTYDRuaDpTR4aKcVSPioSG7fBVj5zI83PpZ9reOLn-5X89x7l0smqr47IJYZf_nChTUzr7Aeaw.mp4?_nc_cat=100&_nc_oc=AdqzJuhZC77_Rfuil3zgO9RDJHxeSClKfKSH05m6dEz7l9yO0R3gQojSAfftHY_62bQ&_nc_sid=b66105&_nc_ht=video.fblr22-2.fna.fbcdn.net&_nc_ohc=LLLHf3uNZwkQ7kNvwFSP_7f&efg=eyJ2ZW5jb2RlX3RhZyI6Inhwdl9wcm9ncmVzc2l2ZS5WSV9VU0VDQVNFX1BST0RVQ1RfVFlQRS4uQzMuNzIwLmRhc2hfaDI2NC1iYXNpYy1nZW4yXzcyMHAiLCJ4cHZfYXNzZXRfaWQiOjk2Mjg3NzU1MzQ1NjYzOSwiYXNzZXRfYWdlX2RheXMiOjEsInZpX3VzZWNhc2VfaWQiOjEwMTM5LCJkdXJhdGlvbl9zIjoyNSwidXJsZ2VuX3NvdXJjZSI6Ind3dyJ9&ccb=17-1&vs=149ffcd708b19515&_nc_vs=HBksFQIYRWZiX2VwaGVtZXJhbC81NDQ1RTE5MzgwRjMwQ0IwMzlCMzQ2NDg0NThFMDJCN19tdF8xX3ZpZGVvX2Rhc2hpbml0Lm1wNBUAAsgBEgAVAhhAZmJfcGVybWFuZW50LzExNEY2Q0I0RjM0MUQyM0UzRjI3Q0VCQTNGMEMzRTkxX2F1ZGlvX2Rhc2hpbml0Lm1wNBUCAsgBEgAoABgAGwKIB3VzZV9vaWwBMRJwcm9ncmVzc2l2ZV9yZWNpcGUBMRUAACb-18no7O61AxUCKAJDMywXQDlu2RaHKwIYGWRhc2hfaDI2NC1iYXNpYy1nZW4yXzcyMHARAHUAZbaeAQA&_nc_gid=UQr_v_UIdZbBF6kfBP805Q&_nc_ss=7f289&_nc_zt=28&oh=00_AQCsa6GUWsWX-uw2sLreGii8ZDugeTpMmnCECM1DxjFwhQ&oe=6A53DC80,https://scontent.fblr22-1.fna.fbcdn.net/v/t39.35426-6/740846063_1559855848914406_2353530294372432066_n.jpg?_nc_cat=104&ccb=1-7&_nc_sid=c53f8f&_nc_ohc=Ubk5ha6WBWoQ7kNvwF6a8Da&_nc_oc=AdoojLldjhCi14dwlFC2nP_YElyHSlqQcqDie9828YOIgcfqJaqJ3mdfaC5aMsOO5h8&_nc_zt=14&_nc_ht=scontent.fblr22-1.fna&_nc_gid=UQr_v_UIdZbBF6kfBP805Q&_nc_ss=7f289&oh=00_AQBtfcRdre94H4Yc5lPIX7K3fatbvRcuRtoEoprynhesuQ&oe=6A53C882,2026-07-12T18:27:12.000Z,2026-07-08
55,54,Lingo AI,599204246602758,Lingo AI,,IN,2565741070509053,https://www.facebook.com/ads/library/?id=2565741070509053,2026-07-01,,false,false,1,0,,2026-07-01,,"🌟 Want to improve your English? 
📱 Learn anytime in just minutes a day 
💬 Build real speaking confidence
👉 Download now",👉 Download now,Download,http://itunes.apple.com/app/id6740255326,"Facebook,Instagram,Audience Network,Messenger,Threads","🌟 Want to improve your English? 
📱 Learn anytime in just minutes a day 
💬 Build real speaking confidence
👉 Download now",👉 Download now,Download,http://itunes.apple.com/app/id6740255326,Video,"Facebook,Instagram,Audience Network,Messenger,Threads",1,0,9:16,https://video.fblr22-2.fna.fbcdn.net/o1/v/t2/f2/m366/AQOTyT_c7BYvKAMRFdxN0iLYoyakgpztunYdwjpK4UmSpJ4pD7rM1na5OK_tquFx1mhaUfMbOVtA4UiIFGMWv_G8HaDdDE8IjBzXFhKmBOnlgQ.mp4?_nc_cat=110&_nc_oc=AdpbpHQdJEHAGhp3mY0zp9fuGNPGM2kil1ubrt0jV7eghCq5fuJXwroMsCBjJf27djs&_nc_sid=b66105&_nc_ht=video.fblr22-2.fna.fbcdn.net&_nc_ohc=n-8XUU5DpuEQ7kNvwGkEWko&efg=eyJ2ZW5jb2RlX3RhZyI6Inhwdl9wcm9ncmVzc2l2ZS5WSV9VU0VDQVNFX1BST0RVQ1RfVFlQRS4uQzMuNjA4LmRhc2hfaDI2NC1iYXNpYy1nZW4yXzcyMHAiLCJ4cHZfYXNzZXRfaWQiOjk2NDcyMzQ1NjM4MDI3NSwiYXNzZXRfYWdlX2RheXMiOjIxLCJ2aV91c2VjYXNlX2lkIjoxMDEzOSwiZHVyYXRpb25fcyI6MjUsInVybGdlbl9zb3VyY2UiOiJ3d3cifQ%3D%3D&ccb=17-1&vs=25a205dd2b62ca48&_nc_vs=HBksFQIYRWZiX2VwaGVtZXJhbC9BNjQ2NzUwNjk2OUU5RTZEODlFQkIwM0RCQUU5OTM5NF9tdF8xX3ZpZGVvX2Rhc2hpbml0Lm1wNBUAAsgBEgAVAhhAZmJfcGVybWFuZW50LzQzNDc5NTY5QUZDMzIzRUI4QzA1ODI0NzI1NTU0NkFBX2F1ZGlvX2Rhc2hpbml0Lm1wNBUCAsgBEgAoABgAGwKIB3VzZV9vaWwBMRJwcm9ncmVzc2l2ZV9yZWNpcGUBMRUAACbmteTupdq2AxUCKAJDMywXQDl3S8an754YGWRhc2hfaDI2NC1iYXNpYy1nZW4yXzcyMHARAHUAZbaeAQA&_nc_gid=UQr_v_UIdZbBF6kfBP805Q&_nc_ss=7f289&_nc_zt=28&oh=00_AQDERjWwgZf1mDw4R5RzOBAs67uLbk23fvxfzACc9FFQSg&oe=6A53ECC2,https://scontent.fblr22-2.fna.fbcdn.net/v/t39.35426-6/737422018_1705605294094198_1040088367166357623_n.jpg?_nc_cat=100&ccb=1-7&_nc_sid=c53f8f&_nc_ohc=idQEHpnZ2JgQ7kNvwESRRsn&_nc_oc=AdqVWRCitqP4cpKYSlvFju3EIJz-zqiToFVHYZNy9yhpCNf_8ujAC2tdjS_eA3_hYnQ&_nc_zt=14&_nc_ht=scontent.fblr22-2.fna&_nc_gid=UQr_v_UIdZbBF6kfBP805Q&_nc_ss=7f289&oh=00_AQCs9PDZjDiRJK4jFT4IuWLd_dWFLcALr2BgzJ7TIWnzJA&oe=6A53F345,2026-07-12T19:36:34.000Z,2026-07-08
56,55,Lingo AI,599204246602758,Lingo AI,,IN,878207795333026,https://www.facebook.com/ads/library/?id=878207795333026,2026-06-17,,false,false,1,0,,2026-06-17,,"📘 Learn English easily with simple lessons 
😊 Build confidence with everyday speaking practice 
👉 Download now",👉 Download now,Download,https://speaklearnfrenchlingoai.onelink.me/Y67n?pid=metaweb_int&c={{campaign.name}}&af_c_id={{campaign.id}}&af_adset={{adset.name}}&af_adset_id={{adset.id}}&af_ad={{ad.name}}&af_ad_id={{ad.id}}&af_siteid={{site_source_name}},"Facebook,Instagram,Audience Network,Messenger,Threads","📘 Learn English easily with simple lessons 
😊 Build confidence with everyday speaking practice 
👉 Download now",👉 Download now,Download,https://speaklearnfrenchlingoai.onelink.me/Y67n?pid=metaweb_int&c={{campaign.name}}&af_c_id={{campaign.id}}&af_adset={{adset.name}}&af_adset_id={{adset.id}}&af_ad={{ad.name}}&af_ad_id={{ad.id}}&af_siteid={{site_source_name}},Video,"Facebook,Instagram,Audience Network,Messenger,Threads",1,0,9:16,https://video.fblr22-1.fna.fbcdn.net/o1/v/t2/f2/m366/AQOk9BfUK-MBEK59jj9Z7VSVvpOlCKjnZioZkJN8B9fmxHMuLrNFdUtj2MIQg7yXgoLzAymRLZ_lm-w-9RYGdwzLNhZu8tl5nVZ2AhEU6KAknA.mp4?_nc_cat=108&_nc_oc=AdqHcJCCycNA4iZ0nzzu4LFkqvOrChM06z2x3QEMYbidgQ-0ErwzfVH5t7BCQkShM1g&_nc_sid=b66105&_nc_ht=video.fblr22-1.fna.fbcdn.net&_nc_ohc=4Wix-UDGCdAQ7kNvwHAOOvp&efg=eyJ2ZW5jb2RlX3RhZyI6Inhwdl9wcm9ncmVzc2l2ZS5WSV9VU0VDQVNFX1BST0RVQ1RfVFlQRS4uQzMuNzIwLmRhc2hfaDI2NC1iYXNpYy1nZW4yXzcyMHAiLCJ4cHZfYXNzZXRfaWQiOjE1MTQ5OTg1NzY2NzE3NjAsImFzc2V0X2FnZV9kYXlzIjoyOSwidmlfdXNlY2FzZV9pZCI6MTAxMzksImR1cmF0aW9uX3MiOjM1LCJ1cmxnZW5fc291cmNlIjoid3d3In0%3D&ccb=17-1&vs=d84928fe74e17e03&_nc_vs=HBksFQIYRWZiX2VwaGVtZXJhbC9FRjRBNjdENENEMjgxMDI0RjdGREVCMjYzRThENUY5Ml9tdF8xX3ZpZGVvX2Rhc2hpbml0Lm1wNBUAAsgBEgAVAhhAZmJfcGVybWFuZW50L0YxNDdBMUIzMzZFMURBNEU4QzJDQ0NCNUNBRDlGQjlFX2F1ZGlvX2Rhc2hpbml0Lm1wNBUCAsgBEgAoABgAGwKIB3VzZV9vaWwBMRJwcm9ncmVzc2l2ZV9yZWNpcGUBMRUAACagsPv_wviwBRUCKAJDMywXQEGu2RaHKwIYGWRhc2hfaDI2NC1iYXNpYy1nZW4yXzcyMHARAHUAZbaeAQA&_nc_gid=UQr_v_UIdZbBF6kfBP805Q&_nc_ss=7f289&_nc_zt=28&oh=00_AQCX4UwBeUTVTF6238h0fPl7ukkJYW3ZGoxGohFkF96ATw&oe=6A53DA64,https://scontent.fblr22-1.fna.fbcdn.net/v/t39.35426-6/724478574_995426813230131_7094806062475706307_n.jpg?_nc_cat=106&ccb=1-7&_nc_sid=c53f8f&_nc_ohc=7SkkFWyvqngQ7kNvwGPmDyu&_nc_oc=AdoQOcIBSebueazEQoey9Def-_A37ghiLyjrHpBY-2uj--c8sBpJIpQ8HHCdjzfysiw&_nc_zt=14&_nc_ht=scontent.fblr22-1.fna&_nc_gid=UQr_v_UIdZbBF6kfBP805Q&_nc_ss=7f289&oh=00_AQDxurPvBmeyMo9kEwFRxVaxaUqjBz_tivDQGn4RFkzNxQ&oe=6A53CF28,2026-07-12T18:18:12.000Z,2026-07-08
57,56,Lingo AI,599204246602758,Lingo AI,,IN,1537599074703930,https://www.facebook.com/ads/library/?id=1537599074703930,2026-06-30,,false,false,1,0,,2026-06-30,,"📘 Aprenda inglês facilmente com lições simples
😊 Ganhe confiança com a prática diária de conversação
👉 Baixe agora",👉 Baixe agora,Download,https://speaklearnfrenchlingoai.onelink.me/Y67n?pid=metaweb_int&c={{campaign.name}}&af_c_id={{campaign.id}}&af_adset={{adset.name}}&af_adset_id={{adset.id}}&af_ad={{ad.name}}&af_ad_id={{ad.id}}&af_siteid={{site_source_name}},"Facebook,Instagram,Audience Network,Messenger,Threads","📘 Aprenda inglês facilmente com lições simples
😊 Ganhe confiança com a prática diária de conversação
👉 Baixe agora",👉 Baixe agora,Download,https://speaklearnfrenchlingoai.onelink.me/Y67n?pid=metaweb_int&c={{campaign.name}}&af_c_id={{campaign.id}}&af_adset={{adset.name}}&af_adset_id={{adset.id}}&af_ad={{ad.name}}&af_ad_id={{ad.id}}&af_siteid={{site_source_name}},Video,"Facebook,Instagram,Audience Network,Messenger,Threads",1,0,9:16,https://video.fblr22-1.fna.fbcdn.net/o1/v/t2/f2/m366/AQN7Pik1IGcX5oQXExc1KDmc9Yku9IEX_k259uUnyeQ65ArCne3m8idhtBcvr9YmmjFId2o2nyJv6xqQaNoLKBeEA_0yMsgO_QH5XH6r_0n-RA.mp4?_nc_cat=108&_nc_oc=Adq1l5HM_Ti-zDNTPuljXK79bMXnkVVfj0UmrotQlZicxCFeNDZUr4hbbeXKxb52r4g&_nc_sid=b66105&_nc_ht=video.fblr22-1.fna.fbcdn.net&_nc_ohc=qzOEsHSZdJoQ7kNvwHp-Pf3&efg=eyJ2ZW5jb2RlX3RhZyI6Inhwdl9wcm9ncmVzc2l2ZS5WSV9VU0VDQVNFX1BST0RVQ1RfVFlQRS4uQzMuNjA4LmRhc2hfaDI2NC1iYXNpYy1nZW4yXzcyMHAiLCJ4cHZfYXNzZXRfaWQiOjE1MDcyNjA3OTM4NDkzNzIsImFzc2V0X2FnZV9kYXlzIjo2LCJ2aV91c2VjYXNlX2lkIjoxMDEzOSwiZHVyYXRpb25fcyI6MjMsInVybGdlbl9zb3VyY2UiOiJ3d3cifQ%3D%3D&ccb=17-1&vs=ce992de43468e0ad&_nc_vs=HBksFQIYRWZiX2VwaGVtZXJhbC9GOTQ3REE0RjgxMDAyRDY4MkRFQThBNkEzQjIwRDhBM19tdF8xX3ZpZGVvX2Rhc2hpbml0Lm1wNBUAAsgBEgAVAhhAZmJfcGVybWFuZW50LzY3NDkzRDc0MzJGNzFDOTJGNTgyQjZCODVBODRBMDkxX2F1ZGlvX2Rhc2hpbml0Lm1wNBUCAsgBEgAoABgAGwKIB3VzZV9vaWwBMRJwcm9ncmVzc2l2ZV9yZWNpcGUBMRUAACa4mJyDkLatBRUCKAJDMywXQDezMzMzMzMYGWRhc2hfaDI2NC1iYXNpYy1nZW4yXzcyMHARAHUAZbaeAQA&_nc_gid=UQr_v_UIdZbBF6kfBP805Q&_nc_ss=7f289&_nc_zt=28&oh=00_AQA5YHS1wTgDoGX3-_fccqyL5jtUeF68eV_RQhcoCWCGcA&oe=6A53CB8C,https://scontent.fblr22-1.fna.fbcdn.net/v/t39.35426-6/737800348_1366667158737830_3753086176371506794_n.jpg?_nc_cat=101&ccb=1-7&_nc_sid=c53f8f&_nc_ohc=hZ9UZS_i6G8Q7kNvwGk4Z9Z&_nc_oc=AdqfXTR4QW8FFbAIC8Ob2EBmGp3l8qngQvOxdX15fOSRgpS1eEP1bG8UG9EUfAVF7gI&_nc_zt=14&_nc_ht=scontent.fblr22-1.fna&_nc_gid=UQr_v_UIdZbBF6kfBP805Q&_nc_ss=7f289&oh=00_AQBKkymvjsM9NKO73ychk8005tqdY3xHUbL4p16YwfCyOw&oe=6A53F177,2026-07-12T17:14:52.000Z,2026-07-08
58,57,Lingo AI,599204246602758,Lingo AI,,IN,1546008070409394,https://www.facebook.com/ads/library/?id=1546008070409394,2026-06-30,,false,false,1,0,,2026-06-30,,"📘 Aprenda inglês facilmente com lições simples
😊 Ganhe confiança com a prática diária de conversação
👉 Baixe agora",👉 Baixe agora,Download,https://speaklearnfrenchlingoai.onelink.me/Y67n?pid=metaweb_int&c={{campaign.name}}&af_c_id={{campaign.id}}&af_adset={{adset.name}}&af_adset_id={{adset.id}}&af_ad={{ad.name}}&af_ad_id={{ad.id}}&af_siteid={{site_source_name}},"Facebook,Instagram,Audience Network,Messenger,Threads","📘 Aprenda inglês facilmente com lições simples
😊 Ganhe confiança com a prática diária de conversação
👉 Baixe agora",👉 Baixe agora,Download,https://speaklearnfrenchlingoai.onelink.me/Y67n?pid=metaweb_int&c={{campaign.name}}&af_c_id={{campaign.id}}&af_adset={{adset.name}}&af_adset_id={{adset.id}}&af_ad={{ad.name}}&af_ad_id={{ad.id}}&af_siteid={{site_source_name}},Video,"Facebook,Instagram,Audience Network,Messenger,Threads",1,0,9:16,https://video.fblr22-2.fna.fbcdn.net/o1/v/t2/f2/m366/AQPtsXljoVmJe7c5Wai5_PaNq5ijv3w-JFbHUQrScaAebuH0emp076dnAmOUyKV6N7G4cl_l8JjPQC3R687PsrzLeK66PJTVx0k0ECui5GQC2g.mp4?_nc_cat=111&_nc_oc=AdqUJmgsn-LZFPysQd314G6EjTEJzklBgq3QHP8_YASCcde4YadL4DwOnVyQ8Tpb7iI&_nc_sid=b66105&_nc_ht=video.fblr22-2.fna.fbcdn.net&_nc_ohc=j6l7DYNlT00Q7kNvwHTbhrh&efg=eyJ2ZW5jb2RlX3RhZyI6Inhwdl9wcm9ncmVzc2l2ZS5WSV9VU0VDQVNFX1BST0RVQ1RfVFlQRS4uQzMuNjA4LmRhc2hfaDI2NC1iYXNpYy1nZW4yXzcyMHAiLCJ4cHZfYXNzZXRfaWQiOjEzNDQzMjU3MTA5OTg5NjIsImFzc2V0X2FnZV9kYXlzIjo2LCJ2aV91c2VjYXNlX2lkIjoxMDEzOSwiZHVyYXRpb25fcyI6MjMsInVybGdlbl9zb3VyY2UiOiJ3d3cifQ%3D%3D&ccb=17-1&vs=d191a440fccc3abc&_nc_vs=HBksFQIYRWZiX2VwaGVtZXJhbC8xRjRGNkNFNEVEMTVFRkMzNDA2RkFBMzc0RUE5NUVCOF9tdF8xX3ZpZGVvX2Rhc2hpbml0Lm1wNBUAAsgBEgAVAhhAZmJfcGVybWFuZW50LzkxNDRBODlFQTc5MThFMTJCMDhFN0Y1REE1QTdFQTlFX2F1ZGlvX2Rhc2hpbml0Lm1wNBUCAsgBEgAoABgAGwKIB3VzZV9vaWwBMRJwcm9ncmVzc2l2ZV9yZWNpcGUBMRUAACbktruHh6rjBBUCKAJDMywXQDcIcrAgxJwYGWRhc2hfaDI2NC1iYXNpYy1nZW4yXzcyMHARAHUAZbaeAQA&_nc_gid=UQr_v_UIdZbBF6kfBP805Q&_nc_ss=7f289&_nc_zt=28&oh=00_AQDHXxLBkxoK5pOJJN-e-gi5vaNeQ6NFcMxKjpc9q3VICQ&oe=6A53BE81,https://scontent.fblr22-1.fna.fbcdn.net/v/t39.35426-6/733499950_3980520295590912_6153680088504477588_n.jpg?_nc_cat=104&ccb=1-7&_nc_sid=c53f8f&_nc_ohc=IEu0hr4WB38Q7kNvwH_lNKn&_nc_oc=AdpfWPYqWF6WSy_nsVSRLYu-EjaMqAboT_gZJrPKx5dwnX6UuTygwobU8I1TjEpBoX8&_nc_zt=14&_nc_ht=scontent.fblr22-1.fna&_nc_gid=UQr_v_UIdZbBF6kfBP805Q&_nc_ss=7f289&oh=00_AQAiaKh4wOZsfpTEpHer-FAb5R8y0yXOKZpbu6mOBc2Adw&oe=6A53F0B6,2026-07-12T16:19:13.000Z,2026-07-08
59,58,Lingo AI,599204246602758,Lingo AI,,IN,1573962174127005,https://www.facebook.com/ads/library/?id=1573962174127005,2026-07-05,,false,false,1,0,,2026-07-05,,"😊The best place to learn French language
💼 Boost your French skills in just 5 minutes a day! 
📚The efficient path to fluency.",✨Try it now~,Install now,http://itunes.apple.com/app/id6740255326,"Facebook,Instagram,Audience Network,Messenger,Threads","😊The best place to learn French language
💼 Boost your French skills in just 5 minutes a day! 
📚The efficient path to fluency.",✨Try it now~,Install now,http://itunes.apple.com/app/id6740255326,Video,"Facebook,Instagram,Audience Network,Messenger,Threads",1,0,9:16,https://video.fblr22-2.fna.fbcdn.net/o1/v/t2/f2/m366/AQMdA4uw1Aia1QEa63GWhM5KXOdMaqHT5XwmdDQgyjQCOwWBtgFHizuFDJDUTQJytJ5hzz7z0G_Lm7kdCuCYzjd4ZKifbss4UniCWMJnngjxrw.mp4?_nc_cat=105&_nc_oc=AdrsEkbSO-KX9yjQmHYwkmp83QUg_USi2gLKK4tr5QPY-ihmwBD8JlhqHQItGG5OuAg&_nc_sid=b66105&_nc_ht=video.fblr22-2.fna.fbcdn.net&_nc_ohc=YEummsBtKA8Q7kNvwEE1LxV&efg=eyJ2ZW5jb2RlX3RhZyI6Inhwdl9wcm9ncmVzc2l2ZS5WSV9VU0VDQVNFX1BST0RVQ1RfVFlQRS4uQzMuNzIwLmRhc2hfaDI2NC1iYXNpYy1nZW4yXzcyMHAiLCJ4cHZfYXNzZXRfaWQiOjE1MTU0NTY5ODYyMzg1NjQsImFzc2V0X2FnZV9kYXlzIjoyLCJ2aV91c2VjYXNlX2lkIjoxMDEzOSwiZHVyYXRpb25fcyI6NjgsInVybGdlbl9zb3VyY2UiOiJ3d3cifQ%3D%3D&ccb=17-1&vs=54c174097df56bb1&_nc_vs=HBksFQIYRWZiX2VwaGVtZXJhbC9DRjQzNzgyNUY0NjkyRjU4MDEwMjNEN0RFMDU0NTJCOF9tdF8xX3ZpZGVvX2Rhc2hpbml0Lm1wNBUAAsgBEgAVAhhAZmJfcGVybWFuZW50L0JDNDA4OUE4M0I0MEI5REIyREYxRUFDM0Q2NjIyRDg4X2F1ZGlvX2Rhc2hpbml0Lm1wNBUCAsgBEgAoABgAGwKIB3VzZV9vaWwBMRJwcm9ncmVzc2l2ZV9yZWNpcGUBMRUAACbIubK1mpOxBRUCKAJDMywXQFEu6XjU_fQYGWRhc2hfaDI2NC1iYXNpYy1nZW4yXzcyMHARAHUAZbaeAQA&_nc_gid=UQr_v_UIdZbBF6kfBP805Q&_nc_ss=7f289&_nc_zt=28&oh=00_AQANs8cFr5-D3hi5m7_-Toq0YnKEv5ByiS0p8Bmtw60law&oe=6A53C033,https://scontent.fblr22-1.fna.fbcdn.net/v/t39.35426-6/740487618_1576116817474657_9074212796850751133_n.jpg?_nc_cat=103&ccb=1-7&_nc_sid=c53f8f&_nc_ohc=_QktGWdJvnYQ7kNvwFfP1-C&_nc_oc=AdrAI_h_rbQZ17vv2NK9iNgzFcWQlkL0bHPSJnkdUOzMQN47yos4BFrZrpfyhRDU_LM&_nc_zt=14&_nc_ht=scontent.fblr22-1.fna&_nc_gid=UQr_v_UIdZbBF6kfBP805Q&_nc_ss=7f289&oh=00_AQDDpV2_kmmBS0Xd-gmNRYfhGU2Jk_872nUsLyxZA1tBMQ&oe=6A53E722,2026-07-12T16:26:27.000Z,2026-07-08
60,59,Lingo AI,599204246602758,Lingo AI,,IN,1542817130531524,https://www.facebook.com/ads/library/?id=1542817130531524,2026-06-30,,false,false,1,0,,2026-06-30,,"📘 Aprenda inglês facilmente com lições simples
😊 Ganhe confiança com a prática diária de conversação
👉 Baixe agora",👉 Baixe agora,Download,https://speaklearnfrenchlingoai.onelink.me/Y67n?pid=metaweb_int&c={{campaign.name}}&af_c_id={{campaign.id}}&af_adset={{adset.name}}&af_adset_id={{adset.id}}&af_ad={{ad.name}}&af_ad_id={{ad.id}}&af_siteid={{site_source_name}},"Facebook,Instagram,Audience Network,Messenger,Threads","📘 Aprenda inglês facilmente com lições simples
😊 Ganhe confiança com a prática diária de conversação
👉 Baixe agora",👉 Baixe agora,Download,https://speaklearnfrenchlingoai.onelink.me/Y67n?pid=metaweb_int&c={{campaign.name}}&af_c_id={{campaign.id}}&af_adset={{adset.name}}&af_adset_id={{adset.id}}&af_ad={{ad.name}}&af_ad_id={{ad.id}}&af_siteid={{site_source_name}},Video,"Facebook,Instagram,Audience Network,Messenger,Threads",1,0,9:16,https://video.fblr22-1.fna.fbcdn.net/o1/v/t2/f2/m366/AQPfatFNY_gbSpJ4v5Zfm4a8L8mZEAKiYHuVpfuWny7eMQ9Za-McJhPkP720yf03rn08OMtsfsx1yI5XvCl3Nqhobs16uSxLV0Kei59i5pJsRA.mp4?_nc_cat=108&_nc_oc=AdpHyCgEBFJSkVk38DURCcmOWQY8pKo7vvZ6HKbqRTgYKwg45WJ2x5MiLvVtbmPuL6A&_nc_sid=b66105&_nc_ht=video.fblr22-1.fna.fbcdn.net&_nc_ohc=aFw323H08lsQ7kNvwGutryR&efg=eyJ2ZW5jb2RlX3RhZyI6Inhwdl9wcm9ncmVzc2l2ZS5WSV9VU0VDQVNFX1BST0RVQ1RfVFlQRS4uQzMuNjA4LmRhc2hfaDI2NC1iYXNpYy1nZW4yXzcyMHAiLCJ4cHZfYXNzZXRfaWQiOjk4ODE0NTA1NzE3ODgwOCwiYXNzZXRfYWdlX2RheXMiOjYsInZpX3VzZWNhc2VfaWQiOjEwMTM5LCJkdXJhdGlvbl9zIjoyMywidXJsZ2VuX3NvdXJjZSI6Ind3dyJ9&ccb=17-1&vs=b6364929bb3ec457&_nc_vs=HBksFQIYRWZiX2VwaGVtZXJhbC9DOTQzOTkzQjBEOTk4MzY3OUIzOURFNTU2Q0E4NzQ4Ql9tdF8xX3ZpZGVvX2Rhc2hpbml0Lm1wNBUAAsgBEgAVAhhAZmJfcGVybWFuZW50L0ZGNEUwREVFREIyOTI5NjFENDY3NzFCMTQwRjI3RTlCX2F1ZGlvX2Rhc2hpbml0Lm1wNBUCAsgBEgAoABgAGwKIB3VzZV9vaWwBMRJwcm9ncmVzc2l2ZV9yZWNpcGUBMRUAACbwkvWxzq3BAxUCKAJDMywXQDcIcrAgxJwYGWRhc2hfaDI2NC1iYXNpYy1nZW4yXzcyMHARAHUAZbaeAQA&_nc_gid=UQr_v_UIdZbBF6kfBP805Q&_nc_ss=7f289&_nc_zt=28&oh=00_AQC6IPAVci0SqmQYD0adE4PjiIbAnT15lgI_hTM3LskkNA&oe=6A53E18C,https://scontent.fblr22-2.fna.fbcdn.net/v/t39.35426-6/736198980_1492046678811506_1179463941818309981_n.jpg?_nc_cat=105&ccb=1-7&_nc_sid=c53f8f&_nc_ohc=ZUuRft3Kh1QQ7kNvwFNny10&_nc_oc=AdoplZZiqkYP4NXXbwA4hp6nVoY6vxGV_zAOyQjEr-T6zw4iqH48xZM2RjyeiJG52zA&_nc_zt=14&_nc_ht=scontent.fblr22-2.fna&_nc_gid=UQr_v_UIdZbBF6kfBP805Q&_nc_ss=7f289&oh=00_AQC46fyoCHA5lJgDRwYlLtJ6p6ZQVeEM9h1sca-twT7reQ&oe=6A53C744,2026-07-12T18:48:44.000Z,2026-07-08
61,60,Lingo AI,599204246602758,Lingo AI,,IN,900011839294388,https://www.facebook.com/ads/library/?id=900011839294388,2026-06-16,,false,false,1,0,,2026-06-16,,"🚀 Master French Faster, Just 5 Minutes a Day!
🥳 Join Learners Who Found a Fun Way to Master a Language!
✨ Our mission is to unlock your French.",✨Try it now~,Install now,http://itunes.apple.com/app/id6740255326,"Facebook,Instagram,Audience Network,Messenger","🚀 Master French Faster, Just 5 Minutes a Day!
🥳 Join Learners Who Found a Fun Way to Master a Language!
✨ Our mission is to unlock your French.",✨Try it now~,Install now,http://itunes.apple.com/app/id6740255326,Video,"Facebook,Instagram,Audience Network,Messenger",1,0,9:16,https://video.fblr22-2.fna.fbcdn.net/o1/v/t2/f2/m366/AQPNrC5xjAFj_AJkZ9K-X3-9I-8Rs9F5Gz1pL9oPboeDG-4gJv10PDPsFggF13R5f81T_loHrLvXrifMEEgNqH4DU_P3woW-PNuKeuiVQp7QXQ.mp4?_nc_cat=105&_nc_oc=Adp_VEy6MFXJ9r5LMJ6y5Pjdw_PUtOMMzzjbjRKUSH98teTcZTThNEOOUYBB4CK1k2o&_nc_sid=b66105&_nc_ht=video.fblr22-2.fna.fbcdn.net&_nc_ohc=dDO9XeBCcWkQ7kNvwEHR0s7&efg=eyJ2ZW5jb2RlX3RhZyI6Inhwdl9wcm9ncmVzc2l2ZS5WSV9VU0VDQVNFX1BST0RVQ1RfVFlQRS4uQzMuNzIwLmRhc2hfaDI2NC1iYXNpYy1nZW4yXzcyMHAiLCJ4cHZfYXNzZXRfaWQiOjEzNzIzNzk2MjE0MDY2NzMsImFzc2V0X2FnZV9kYXlzIjoyMCwidmlfdXNlY2FzZV9pZCI6MTAxMzksImR1cmF0aW9uX3MiOjI0LCJ1cmxnZW5fc291cmNlIjoid3d3In0%3D&ccb=17-1&vs=a97c1a60c6446c14&_nc_vs=HBksFQIYRWZiX2VwaGVtZXJhbC84RTQ2NUY3NkNDQjdBRTA4MjY3NjNGOTVCMDQ5NTVCNV9tdF8xX3ZpZGVvX2Rhc2hpbml0Lm1wNBUAAsgBEgAVAhhAZmJfcGVybWFuZW50L0UwNDA5NDE5OTgyOERBMjFFMTU2OEIxMjg1MTMwMjhCX2F1ZGlvX2Rhc2hpbml0Lm1wNBUCAsgBEgAoABgAGwKIB3VzZV9vaWwBMRJwcm9ncmVzc2l2ZV9yZWNpcGUBMRUAACai36X9gIvwBBUCKAJDMywXQDjdsi0OVgQYGWRhc2hfaDI2NC1iYXNpYy1nZW4yXzcyMHARAHUAZbaeAQA&_nc_gid=27zCWdmYpqz0rGl2v3QmAw&_nc_ss=7f289&_nc_zt=28&oh=00_AQCu-VagfY2rmM7tka8J_KTSMe_EbAziY77Q8UOOgpjKcw&oe=6A53EC43,https://scontent.fblr22-2.fna.fbcdn.net/v/t39.35426-6/722669605_1336308827914431_5097714305479328767_n.jpg?_nc_cat=100&ccb=1-7&_nc_sid=c53f8f&_nc_ohc=DkixenWSALcQ7kNvwE6pKi0&_nc_oc=Adp-BqgpgQohpUEvCt3y68QeBbUV-5AXOzsILbRKIf3iYRKOxHBDAg84SkEve4wzLJw&_nc_zt=14&_nc_ht=scontent.fblr22-2.fna&_nc_gid=27zCWdmYpqz0rGl2v3QmAw&_nc_ss=7f289&oh=00_AQDmoOzSmRNvzOoQaTNcHeSw_mBAx43Rs9DFZ_2Od0AIxA&oe=6A53C03A,2026-07-12T19:34:27.000Z,2026-07-08
62,61,Lingo AI,599204246602758,Lingo AI,,IN,1686999999239669,https://www.facebook.com/ads/library/?id=1686999999239669,2026-07-05,,false,false,1,0,,2026-07-05,,"😊The best place to learn French language
💼 Boost your French skills in just 5 minutes a day! 
📚The efficient path to fluency.",✨Try it now~,Install now,http://itunes.apple.com/app/id6740255326,"Facebook,Instagram,Audience Network,Messenger,Threads","😊The best place to learn French language
💼 Boost your French skills in just 5 minutes a day! 
📚The efficient path to fluency.",✨Try it now~,Install now,http://itunes.apple.com/app/id6740255326,Video,"Facebook,Instagram,Audience Network,Messenger,Threads",1,0,9:16,https://video.fblr22-1.fna.fbcdn.net/o1/v/t2/f2/m366/AQN5sQKImmxaU4jtQmAXwnr2h4oHwnhEPdiPzE9U82Xe-D29d6ihb2IrHRlTbafMJPhYej2cyymFsbdFQ8oJQjByQmbR8mEyvMXbEq8vJwX6wQ.mp4?_nc_cat=106&_nc_oc=AdqxG0d7hkHrxdzuv2IOM-W6i-1H_DErYE0Mji4h8myGF3mnSXNnZGPz4Dr-dHCdA34&_nc_sid=b66105&_nc_ht=video.fblr22-1.fna.fbcdn.net&_nc_ohc=K5a2EcKNz04Q7kNvwHS6VsV&efg=eyJ2ZW5jb2RlX3RhZyI6Inhwdl9wcm9ncmVzc2l2ZS5WSV9VU0VDQVNFX1BST0RVQ1RfVFlQRS4uQzMuNzIwLmRhc2hfaDI2NC1iYXNpYy1nZW4yXzcyMHAiLCJ4cHZfYXNzZXRfaWQiOjE2NjY4Nzg1NDEyNzQ0NTUsImFzc2V0X2FnZV9kYXlzIjoyLCJ2aV91c2VjYXNlX2lkIjoxMDEzOSwiZHVyYXRpb25fcyI6NzUsInVybGdlbl9zb3VyY2UiOiJ3d3cifQ%3D%3D&ccb=17-1&vs=88b351cb58ae9c9d&_nc_vs=HBksFQIYRWZiX2VwaGVtZXJhbC8zNTRFM0M4ODYxRkQ1RTRDNERENzY4NEYyN0I5Q0Y4Q19tdF8xX3ZpZGVvX2Rhc2hpbml0Lm1wNBUAAsgBEgAVAhhAZmJfcGVybWFuZW50L0IyNDFCNENFQTE0ODZGNkI4ODlFOEVEMDYwNUE1MUI1X2F1ZGlvX2Rhc2hpbml0Lm1wNBUCAsgBEgAoABgAGwKIB3VzZV9vaWwBMRJwcm9ncmVzc2l2ZV9yZWNpcGUBMRUAACau9bD1jIH2BRUCKAJDMywXQFLkOVgQYk4YGWRhc2hfaDI2NC1iYXNpYy1nZW4yXzcyMHARAHUAZbaeAQA&_nc_gid=27zCWdmYpqz0rGl2v3QmAw&_nc_ss=7f289&_nc_zt=28&oh=00_AQBd1Vdta5R4v2l0nzJTvJT3xkJGhm0sQxpEO4bqOtRzhQ&oe=6A53E632,https://scontent.fblr22-2.fna.fbcdn.net/v/t39.35426-6/739548308_1290162269591335_4098974246544964019_n.jpg?_nc_cat=111&ccb=1-7&_nc_sid=c53f8f&_nc_ohc=bj1UjpNBN9IQ7kNvwHP9G4F&_nc_oc=Adq9XoD1LqvtA7g89Z4vJFr448tvUeZPFh7JcUaM7aVC6OLl8CuqrVCmOBNGtLVSgb4&_nc_zt=14&_nc_ht=scontent.fblr22-2.fna&_nc_gid=27zCWdmYpqz0rGl2v3QmAw&_nc_ss=7f289&oh=00_AQAfFt0GCTL1hb8AO8XZRhC2AI_AEbsuAclwQo8-o5Q6gA&oe=6A53CCE0,2026-07-12T19:08:34.000Z,2026-07-08
63,62,Lingo AI,599204246602758,Lingo AI,,IN,3403536496487480,https://www.facebook.com/ads/library/?id=3403536496487480,2026-06-16,,false,false,1,0,,2026-06-16,,"🚀 Master French Faster, Just 5 Minutes a Day!
🥳 Join Learners Who Found a Fun Way to Master a Language!
✨ Our mission is to unlock your French.",✨Try it now~,Install now,http://itunes.apple.com/app/id6740255326,"Facebook,Instagram,Audience Network,Messenger","🚀 Master French Faster, Just 5 Minutes a Day!
🥳 Join Learners Who Found a Fun Way to Master a Language!
✨ Our mission is to unlock your French.",✨Try it now~,Install now,http://itunes.apple.com/app/id6740255326,Video,"Facebook,Instagram,Audience Network,Messenger",1,0,9:16,https://video.fblr22-1.fna.fbcdn.net/o1/v/t2/f2/m366/AQP4una6hBBzcNSfejZFTwsX0T4ZNnvJ8VltArR6LOyCUTLdnWKDXIwt469THFlyy4ROGVLzqc3OOBJGBN4PPHSxcFIfI7uIR2bboC3O9MwM_g.mp4?_nc_cat=109&_nc_oc=AdoUKuhL1DKMVXPOoqC-6CeSfwUbXhCG7z4WgL-75WzJy9zjP1wp5bJAOzqOZMITW9I&_nc_sid=b66105&_nc_ht=video.fblr22-1.fna.fbcdn.net&_nc_ohc=gdeAzEMUAEUQ7kNvwGMKB4d&efg=eyJ2ZW5jb2RlX3RhZyI6Inhwdl9wcm9ncmVzc2l2ZS5WSV9VU0VDQVNFX1BST0RVQ1RfVFlQRS4uQzMuNzIwLmRhc2hfaDI2NC1iYXNpYy1nZW4yXzcyMHAiLCJ4cHZfYXNzZXRfaWQiOjI1MDQzNDExNjY2OTMzNDQsImFzc2V0X2FnZV9kYXlzIjoyMCwidmlfdXNlY2FzZV9pZCI6MTAxMzksImR1cmF0aW9uX3MiOjI0LCJ1cmxnZW5fc291cmNlIjoid3d3In0%3D&ccb=17-1&vs=90575f8bdc00c4a6&_nc_vs=HBksFQIYRWZiX2VwaGVtZXJhbC8xQTRENTgzQ0E5OUQ2QzNFQkMxNkQ4M0ZEMDAwRTJBNF9tdF8xX3ZpZGVvX2Rhc2hpbml0Lm1wNBUAAsgBEgAVAhhAZmJfcGVybWFuZW50Lzk4NDJEMUUyMUZFMjBBNzg5MDc0MTMxMjhBREM2NDkxX2F1ZGlvX2Rhc2hpbml0Lm1wNBUCAsgBEgAoABgAGwKIB3VzZV9vaWwBMRJwcm9ncmVzc2l2ZV9yZWNpcGUBMRUAACbA75ja6-vyCBUCKAJDMywXQDjdsi0OVgQYGWRhc2hfaDI2NC1iYXNpYy1nZW4yXzcyMHARAHUAZbaeAQA&_nc_gid=27zCWdmYpqz0rGl2v3QmAw&_nc_ss=7f289&_nc_zt=28&oh=00_AQC6VFSgU2ZBe0lez-sqpVnoOkX2HGtVYRjqPht7JetS1Q&oe=6A53DDFB,https://scontent.fblr22-1.fna.fbcdn.net/v/t39.35426-6/725097198_2408080949702235_2404379796875885289_n.jpg?_nc_cat=104&ccb=1-7&_nc_sid=c53f8f&_nc_ohc=vxLkyDGcTPoQ7kNvwEgr65C&_nc_oc=Adre9OYf0HxTD8wmHtPQSkWwdBNuqk6HVA1h1O4EKIl5eTtW-HYkfG_vrmpA2iaUBUM&_nc_zt=14&_nc_ht=scontent.fblr22-1.fna&_nc_gid=27zCWdmYpqz0rGl2v3QmAw&_nc_ss=7f289&oh=00_AQD6kWVpE_4bAZTV12IGVuvVuwR8WQVtgQs0eb5u4GoxLA&oe=6A53ECDA,2026-07-12T18:33:31.000Z,2026-07-08
64,63,Lingo AI,599204246602758,Lingo AI,,IN,1942778169727985,https://www.facebook.com/ads/library/?id=1942778169727985,2026-07-05,,false,false,1,0,,2026-07-05,,"🌍 Lerne echtes Englisch für den Alltag
🗣 Übe das Sprechen mit einfachen Lektionen
⏱ Nur 5 Minuten pro Tag
👉 Jetzt herunterladen",👉 Jetzt herunterladen,Download,https://speaklearnfrenchlingoai.onelink.me/Y67n?pid=metaweb_int&c={{campaign.name}}&af_c_id={{campaign.id}}&af_adset={{adset.name}}&af_adset_id={{adset.id}}&af_ad={{ad.name}}&af_ad_id={{ad.id}}&af_siteid={{site_source_name}},"Facebook,Instagram,Audience Network,Messenger,Threads","🌍 Lerne echtes Englisch für den Alltag
🗣 Übe das Sprechen mit einfachen Lektionen
⏱ Nur 5 Minuten pro Tag
👉 Jetzt herunterladen",👉 Jetzt herunterladen,Download,https://speaklearnfrenchlingoai.onelink.me/Y67n?pid=metaweb_int&c={{campaign.name}}&af_c_id={{campaign.id}}&af_adset={{adset.name}}&af_adset_id={{adset.id}}&af_ad={{ad.name}}&af_ad_id={{ad.id}}&af_siteid={{site_source_name}},Video,"Facebook,Instagram,Audience Network,Messenger,Threads",1,0,9:16,https://video.fblr22-1.fna.fbcdn.net/o1/v/t2/f2/m366/AQMbR-SCqqjRfm1FiqNDEGtfR4tL53D_klG3fHPMIxW91MCiqas7ZtGZxfdUWD02lJMXjDwxS7iv8Pr9CU9DZR8mbfyvccbVXVWb5tnJTWymJg.mp4?_nc_cat=104&_nc_oc=AdrCUe2Z6X17sm7nxOwhSSF4_ZrgMmrKLNR5WO4Am0rfnnGYU9MpmlslAzdMXJRuM6Q&_nc_sid=b66105&_nc_ht=video.fblr22-1.fna.fbcdn.net&_nc_ohc=4XCo2kiMddAQ7kNvwE8YIcW&efg=eyJ2ZW5jb2RlX3RhZyI6Inhwdl9wcm9ncmVzc2l2ZS5WSV9VU0VDQVNFX1BST0RVQ1RfVFlQRS4uQzMuNjA4LmRhc2hfaDI2NC1iYXNpYy1nZW4yXzcyMHAiLCJ4cHZfYXNzZXRfaWQiOjg3NTA4NjQ1ODk4NzQxMCwiYXNzZXRfYWdlX2RheXMiOjEsInZpX3VzZWNhc2VfaWQiOjEwMTM5LCJkdXJhdGlvbl9zIjo2MCwidXJsZ2VuX3NvdXJjZSI6Ind3dyJ9&ccb=17-1&vs=352ecf3ab02115b&_nc_vs=HBksFQIYRWZiX2VwaGVtZXJhbC9CNzRENEU0ODU1MUFDRTlEMzkyNDdDQzk1MDE0NTdBMF9tdF8xX3ZpZGVvX2Rhc2hpbml0Lm1wNBUAAsgBEgAVAhhAZmJfcGVybWFuZW50LzU1NDQwOTkzQkIzNTczRkUwQTczMDEzQTlGMTVCQTg3X2F1ZGlvX2Rhc2hpbml0Lm1wNBUCAsgBEgAoABgAGwKIB3VzZV9vaWwBMRJwcm9ncmVzc2l2ZV9yZWNpcGUBMRUAACakjsmY3viNAxUCKAJDMywXQE5zMzMzMzMYGWRhc2hfaDI2NC1iYXNpYy1nZW4yXzcyMHARAHUAZbaeAQA&_nc_gid=27zCWdmYpqz0rGl2v3QmAw&_nc_ss=7f289&_nc_zt=28&oh=00_AQBXbh4LO1yVarYkCDRyixo3ifSB9V5ehvsTv8UwoQhM8A&oe=6A53C3D0,https://scontent.fblr22-1.fna.fbcdn.net/v/t39.35426-6/739295026_1042155245157321_7445354211275307891_n.jpg?_nc_cat=104&ccb=1-7&_nc_sid=c53f8f&_nc_ohc=kq2D_aYX6KEQ7kNvwH3UOjl&_nc_oc=AdrhXK0-0pHypuqkXB69JmwuO2GDf4ttSsrtE_A9WKBYeMCVS1hD_fEA2Iy_l_1Oujw&_nc_zt=14&_nc_ht=scontent.fblr22-1.fna&_nc_gid=27zCWdmYpqz0rGl2v3QmAw&_nc_ss=7f289&oh=00_AQCBoNtH8P1mUIesC2L_3L6UviumVnQsjLFaZ33s-F-HZA&oe=6A53E737,2026-07-12T16:41:52.000Z,2026-07-08
65,64,Lingo AI,599204246602758,Lingo AI,,IN,1376125071000503,https://www.facebook.com/ads/library/?id=1376125071000503,2026-06-16,,false,false,1,0,,2026-06-16,,"🚀 Master French Faster, Just 5 Minutes a Day!
🥳 Join Learners Who Found a Fun Way to Master a Language!
✨ Our mission is to unlock your French.",✨Try it now~,Install now,http://itunes.apple.com/app/id6740255326,"Facebook,Instagram,Audience Network,Messenger","🚀 Master French Faster, Just 5 Minutes a Day!
🥳 Join Learners Who Found a Fun Way to Master a Language!
✨ Our mission is to unlock your French.",✨Try it now~,Install now,http://itunes.apple.com/app/id6740255326,Video,"Facebook,Instagram,Audience Network,Messenger",1,0,9:16,https://video.fblr22-1.fna.fbcdn.net/o1/v/t2/f2/m366/AQM6iZHyLodo7eEX8AluxWKg38DqaULs2oGOszknRgRHB-T2hGqSXkr0W_JMDvXt1b527N-_84O4LgD0MKE9-bALXO1qEhRm_1nitHIRQx80cw.mp4?_nc_cat=108&_nc_oc=AdpxxdeBH5fkPnQgwt2t1tj5HFeov4BqGLG9IpfrPP1KOHFxHdwkZ2Z5i6IEUWc5Z9Y&_nc_sid=b66105&_nc_ht=video.fblr22-1.fna.fbcdn.net&_nc_ohc=uOb5P4mSA-kQ7kNvwF-VgZ-&efg=eyJ2ZW5jb2RlX3RhZyI6Inhwdl9wcm9ncmVzc2l2ZS5WSV9VU0VDQVNFX1BST0RVQ1RfVFlQRS4uQzMuNzIwLmRhc2hfaDI2NC1iYXNpYy1nZW4yXzcyMHAiLCJ4cHZfYXNzZXRfaWQiOjE2MDUwMTkzNTEwNDQ5OTUsImFzc2V0X2FnZV9kYXlzIjoyMCwidmlfdXNlY2FzZV9pZCI6MTAxMzksImR1cmF0aW9uX3MiOjI0LCJ1cmxnZW5fc291cmNlIjoid3d3In0%3D&ccb=17-1&vs=fbc8c3d123e09854&_nc_vs=HBksFQIYRWZiX2VwaGVtZXJhbC83RTRDOTc1OTYyMzg5QzY4Q0IzMkJDOEI0MDVCOTFBOV9tdF8xX3ZpZGVvX2Rhc2hpbml0Lm1wNBUAAsgBEgAVAhhAZmJfcGVybWFuZW50LzlDNEZFRDk5MDdBQkVENjc5N0JCMDYzMTEzRDQ2RkFEX2F1ZGlvX2Rhc2hpbml0Lm1wNBUCAsgBEgAoABgAGwKIB3VzZV9vaWwBMRJwcm9ncmVzc2l2ZV9yZWNpcGUBMRUAACaGzraEtvDZBRUCKAJDMywXQDjdsi0OVgQYGWRhc2hfaDI2NC1iYXNpYy1nZW4yXzcyMHARAHUAZbaeAQA&_nc_gid=27zCWdmYpqz0rGl2v3QmAw&_nc_ss=7f289&_nc_zt=28&oh=00_AQBhdFMw4BkeEdbLWj02s08Eo3P6GC0QSdkv_jyHhk2W8g&oe=6A53C7A0,https://scontent.fblr22-2.fna.fbcdn.net/v/t39.35426-6/724789922_1027244619772297_1919495668979218995_n.jpg?_nc_cat=100&ccb=1-7&_nc_sid=c53f8f&_nc_ohc=eEEG1XspYgQQ7kNvwEGMHpl&_nc_oc=AdpgTYIii54Er8ekKHshgUVnCVukGbZfT6AIJ832ysxL3ztl0myBX-Tl1a4_nUkRzxI&_nc_zt=14&_nc_ht=scontent.fblr22-2.fna&_nc_gid=27zCWdmYpqz0rGl2v3QmAw&_nc_ss=7f289&oh=00_AQBv457oWgaPn4pq4I2IXMM0HFna1a93sg-2OSXLALmDvQ&oe=6A53C63B,2026-07-12T16:58:08.000Z,2026-07-08
66,65,Lingo AI,599204246602758,Lingo AI,,IN,4252978928346557,https://www.facebook.com/ads/library/?id=4252978928346557,2026-07-01,,false,false,1,0,,2026-07-01,,"🌟 Want to improve your English?
📱 Learn anytime in just minutes a day
💬 Build real speaking confidence",👉 Download now,Install now,http://itunes.apple.com/app/id6740255326,"Facebook,Instagram,Audience Network,Messenger,Threads","🌟 Want to improve your English?
📱 Learn anytime in just minutes a day
💬 Build real speaking confidence",👉 Download now,Install now,http://itunes.apple.com/app/id6740255326,Video,"Facebook,Instagram,Audience Network,Messenger,Threads",1,0,9:16,https://video.fblr22-1.fna.fbcdn.net/o1/v/t2/f2/m366/AQNdyjXOg1-KaxbvK-Rr8g7iLuwVVZ5DnPjuDmZ41qSx8uhDlPjeDDzqzOKRL_O3n2G9ZhOJJ0KtB4Xoepf4GsfkkRKlH4CgMz1RqHMFgo-Zgg.mp4?_nc_cat=103&_nc_oc=AdqLi9OVv_QT3WUw9h3Ww3P6jr9C0AwCBeIZfDFp0RNGo-3-Qx6t8wu_NQpW1efXDhg&_nc_sid=b66105&_nc_ht=video.fblr22-1.fna.fbcdn.net&_nc_ohc=K-P6VK9L2EQQ7kNvwFrO3on&efg=eyJ2ZW5jb2RlX3RhZyI6Inhwdl9wcm9ncmVzc2l2ZS5WSV9VU0VDQVNFX1BST0RVQ1RfVFlQRS4uQzMuNjA4LmRhc2hfaDI2NC1iYXNpYy1nZW4yXzcyMHAiLCJ4cHZfYXNzZXRfaWQiOjE1MDExMjQ4NTgwNTEzMjMsImFzc2V0X2FnZV9kYXlzIjo2NywidmlfdXNlY2FzZV9pZCI6MTAxMzksImR1cmF0aW9uX3MiOjI3LCJ1cmxnZW5fc291cmNlIjoid3d3In0%3D&ccb=17-1&vs=6e4cfd394feb8197&_nc_vs=HBksFQIYRWZiX2VwaGVtZXJhbC85QzREQ0RBNjg4NTQ4QUM0NDgwMzYzMjM1NjQ2NTI4MF9tdF8xX3ZpZGVvX2Rhc2hpbml0Lm1wNBUAAsgBEgAVAhhAZmJfcGVybWFuZW50LzcyNDc2NzIwODVBNDIwREQ4RUExMUFCRkZGNTkxRDhEX2F1ZGlvX2Rhc2hpbml0Lm1wNBUCAsgBEgAoABgAGwKIB3VzZV9vaWwBMRJwcm9ncmVzc2l2ZV9yZWNpcGUBMRUAACb26-ve-9CqBRUCKAJDMywXQDuZmZmZmZoYGWRhc2hfaDI2NC1iYXNpYy1nZW4yXzcyMHARAHUAZbaeAQA&_nc_gid=27zCWdmYpqz0rGl2v3QmAw&_nc_ss=7f289&_nc_zt=28&oh=00_AQDwN4PzqmdWVXvKwUffjlJH8oDxabbh6MLulEpxeWPQjg&oe=6A53F091,https://scontent.fblr22-1.fna.fbcdn.net/v/t39.35426-6/737297514_4590083891312929_4341172881155540138_n.jpg?_nc_cat=109&ccb=1-7&_nc_sid=c53f8f&_nc_ohc=8Z_MtJ93PIAQ7kNvwHGZD4f&_nc_oc=Adpn8AmUuEUAhgg2tfzbj6ZThQYyBAhM2xvP6RnhKPYl3Y_l0ffRJAZjY6bU3EllgPI&_nc_zt=14&_nc_ht=scontent.fblr22-1.fna&_nc_gid=27zCWdmYpqz0rGl2v3QmAw&_nc_ss=7f289&oh=00_AQDxKdLfmDBBQbR436NUcwz6MeYetuHUD7M6JoMubv9r2Q&oe=6A53D0DC,2026-07-12T19:52:49.000Z,2026-07-08
67,66,Lingo AI,599204246602758,Lingo AI,,IN,1332107031680751,https://www.facebook.com/ads/library/?id=1332107031680751,2026-06-24,,false,false,1,0,,2026-06-24,,"🌍 Learn real English for everyday life 
🗣 Practice speaking with simple lessons 
⏱ Just 5 minutes a day
👉 Download now",👇 Start now,Download,https://speaklearnfrenchlingoai.onelink.me/Y67n?pid=metaweb_int&c={{campaign.name}}&af_c_id={{campaign.id}}&af_adset={{adset.name}}&af_adset_id={{adset.id}}&af_ad={{ad.name}}&af_ad_id={{ad.id}}&af_siteid={{site_source_name}},"Facebook,Instagram,Audience Network,Messenger,Threads","🌍 Learn real English for everyday life 
🗣 Practice speaking with simple lessons 
⏱ Just 5 minutes a day
👉 Download now",👇 Start now,Download,https://speaklearnfrenchlingoai.onelink.me/Y67n?pid=metaweb_int&c={{campaign.name}}&af_c_id={{campaign.id}}&af_adset={{adset.name}}&af_adset_id={{adset.id}}&af_ad={{ad.name}}&af_ad_id={{ad.id}}&af_siteid={{site_source_name}},Video,"Facebook,Instagram,Audience Network,Messenger,Threads",1,0,9:16,https://video.fblr22-1.fna.fbcdn.net/o1/v/t2/f2/m366/AQNK1k4IEIBXuiexLJJ7rtA4f7kNih5_QwDQ_gA2pTV-U_VAp9_OrHNZCnqasSHF_S4z9RuB3qtE3dYYGIUvRGcAFSnOnRr_No1XnA6cCzFAGw.mp4?_nc_cat=106&_nc_oc=AdqiT-Pn1fySDncHzy5p1T6wXWIjXVXXkCq0H061q6fWZ5i7w2Yn2gVh_j1xn45RnHk&_nc_sid=b66105&_nc_ht=video.fblr22-1.fna.fbcdn.net&_nc_ohc=Ox8JmGecuZkQ7kNvwGeqMrI&efg=eyJ2ZW5jb2RlX3RhZyI6Inhwdl9wcm9ncmVzc2l2ZS5WSV9VU0VDQVNFX1BST0RVQ1RfVFlQRS4uQzMuNzIwLmRhc2hfaDI2NC1iYXNpYy1nZW4yXzcyMHAiLCJ4cHZfYXNzZXRfaWQiOjE3NjI3ODA3NDUxNjE1MjEsImFzc2V0X2FnZV9kYXlzIjoxMiwidmlfdXNlY2FzZV9pZCI6MTAxMzksImR1cmF0aW9uX3MiOjMyLCJ1cmxnZW5fc291cmNlIjoid3d3In0%3D&ccb=17-1&vs=39dc74e96fe9b7ce&_nc_vs=HBksFQIYRWZiX2VwaGVtZXJhbC8yRTRBRTFGM0Y2NUM0MjVDODdBM0VGQjNEQ0VFNDVBRF9tdF8xX3ZpZGVvX2Rhc2hpbml0Lm1wNBUAAsgBEgAVAhhAZmJfcGVybWFuZW50LzFDNDgxRjlDODVGQUIxNzUwNEYxRDA5OTE1OEJBMjkyX2F1ZGlvX2Rhc2hpbml0Lm1wNBUCAsgBEgAoABgAGwKIB3VzZV9vaWwBMRJwcm9ncmVzc2l2ZV9yZWNpcGUBMRUAACbi7I6CrM-hBhUCKAJDMywXQEA7peNT988YGWRhc2hfaDI2NC1iYXNpYy1nZW4yXzcyMHARAHUAZbaeAQA&_nc_gid=27zCWdmYpqz0rGl2v3QmAw&_nc_ss=7f289&_nc_zt=28&oh=00_AQAxyfgOkFKlQIrM4nP8UCZkBFEf38sPRtgWj-RDeb_Cpw&oe=6A53DDD6,https://scontent.fblr22-2.fna.fbcdn.net/v/t39.35426-6/731328607_4510991792564003_6244652198536554905_n.jpg?_nc_cat=110&ccb=1-7&_nc_sid=c53f8f&_nc_ohc=11YCiATpivEQ7kNvwGTxAyK&_nc_oc=AdoBQFkp_GY29rA42ix4D2RjmzG20NxfU7i9RrcbqKma2zz7n2SmZ6Q0A1UxBW-nzXM&_nc_zt=14&_nc_ht=scontent.fblr22-2.fna&_nc_gid=27zCWdmYpqz0rGl2v3QmAw&_nc_ss=7f289&oh=00_AQBNZ6zHHF-ogRHPmycZubdnvGI1LD-3IqCV9RGddce2xQ&oe=6A53E23B,2026-07-12T18:32:54.000Z,2026-07-08
68,67,Lingo AI,599204246602758,Lingo AI,,IN,2153258851904762,https://www.facebook.com/ads/library/?id=2153258851904762,2026-07-01,,false,false,1,0,,2026-07-01,,"🌍 Learn real English for everyday life 
🗣 Practice speaking with simple lessons 
⏱ Just 5 minutes a day 
👉 Download now",👉 Download now,Download,https://speaklearnfrenchlingoai.onelink.me/Y67n?pid=metaweb_int&c={{campaign.name}}&af_c_id={{campaign.id}}&af_adset={{adset.name}}&af_adset_id={{adset.id}}&af_ad={{ad.name}}&af_ad_id={{ad.id}}&af_siteid={{site_source_name}},"Facebook,Instagram,Audience Network,Messenger,Threads","🌍 Learn real English for everyday life 
🗣 Practice speaking with simple lessons 
⏱ Just 5 minutes a day 
👉 Download now",👉 Download now,Download,https://speaklearnfrenchlingoai.onelink.me/Y67n?pid=metaweb_int&c={{campaign.name}}&af_c_id={{campaign.id}}&af_adset={{adset.name}}&af_adset_id={{adset.id}}&af_ad={{ad.name}}&af_ad_id={{ad.id}}&af_siteid={{site_source_name}},Video,"Facebook,Instagram,Audience Network,Messenger,Threads",1,0,9:16,https://video.fblr22-2.fna.fbcdn.net/o1/v/t2/f2/m366/AQMd2tp5Yn3ZnQwagOHStRkZwf4RMUqgc3P9HF4j-9SLzJDzFWg2A8Ogqw7YW1EjnkLIjQ1jwrHERd_LvTJaIhMeBISYGrSDLIz_V-XEMXPYUg.mp4?_nc_cat=110&_nc_oc=Adpv5JGrqFbtSBp7i-UsZuChITUbcwTuwSxqgpetFE2PlY5L6-a0QPHygu1CfXaS-1A&_nc_sid=b66105&_nc_ht=video.fblr22-2.fna.fbcdn.net&_nc_ohc=iZ05VIto-XcQ7kNvwGquLjx&efg=eyJ2ZW5jb2RlX3RhZyI6Inhwdl9wcm9ncmVzc2l2ZS5WSV9VU0VDQVNFX1BST0RVQ1RfVFlQRS4uQzMuNzIwLmRhc2hfaDI2NC1iYXNpYy1nZW4yXzcyMHAiLCJ4cHZfYXNzZXRfaWQiOjE0MTg0MzAwNDcwMDY5MjgsImFzc2V0X2FnZV9kYXlzIjo1LCJ2aV91c2VjYXNlX2lkIjoxMDEzOSwiZHVyYXRpb25fcyI6MzUsInVybGdlbl9zb3VyY2UiOiJ3d3cifQ%3D%3D&ccb=17-1&vs=eb006b527a597b06&_nc_vs=HBksFQIYRWZiX2VwaGVtZXJhbC81NDRDN0Y0QTk2QjZDQ0MwNkRDOUZGREU5ODUzMDlCOF9tdF8xX3ZpZGVvX2Rhc2hpbml0Lm1wNBUAAsgBEgAVAhhAZmJfcGVybWFuZW50L0Q2NDg4OTEyNkZCMkM3RjBFRTk2Njg2QjI1NTNCODlFX2F1ZGlvX2Rhc2hpbml0Lm1wNBUCAsgBEgAoABgAGwKIB3VzZV9vaWwBMRJwcm9ncmVzc2l2ZV9yZWNpcGUBMRUAACagw7mxv4OFBRUCKAJDMywXQEGu2RaHKwIYGWRhc2hfaDI2NC1iYXNpYy1nZW4yXzcyMHARAHUAZbaeAQA&_nc_gid=27zCWdmYpqz0rGl2v3QmAw&_nc_ss=7f289&_nc_zt=28&oh=00_AQADnas8aqnzh4RhkU_Bop8yu4zwyl3jSuvB39tl3GiMYg&oe=6A53C52E,https://scontent.fblr22-1.fna.fbcdn.net/v/t39.35426-6/734522235_990014840333018_237234713815661239_n.jpg?_nc_cat=102&ccb=1-7&_nc_sid=c53f8f&_nc_ohc=MbjaOlXN7O4Q7kNvwEPA9Eg&_nc_oc=AdoP5INSJSjOj_sAb3rAzZ7QIRHkCUqVzsvK_cCKNRveJvGu-mcQEAKAlXpc-GaIKAI&_nc_zt=14&_nc_ht=scontent.fblr22-1.fna&_nc_gid=27zCWdmYpqz0rGl2v3QmAw&_nc_ss=7f289&oh=00_AQDmGq1ORnds0MbqhZ-EeMLNYujSH1wpYCGS0pNv5AV0lA&oe=6A53C48C,2026-07-12T16:47:42.000Z,2026-07-08
69,68,Lingo AI,599204246602758,Lingo AI,,IN,1737720157248252,https://www.facebook.com/ads/library/?id=1737720157248252,2026-07-01,,false,false,1,0,,2026-07-01,,"🌟 Want to improve your English? 
📱 Learn anytime in just minutes a day 
💬 Build real speaking confidence
👉 Download now",👉 Download now,Download,http://itunes.apple.com/app/id6740255326,"Facebook,Instagram,Audience Network,Messenger,Threads","🌟 Want to improve your English? 
📱 Learn anytime in just minutes a day 
💬 Build real speaking confidence
👉 Download now",👉 Download now,Download,http://itunes.apple.com/app/id6740255326,Video,"Facebook,Instagram,Audience Network,Messenger,Threads",1,0,9:16,https://video.fblr22-1.fna.fbcdn.net/o1/v/t2/f2/m366/AQNxoasnF1PffcqpoZvmGIZN0eJSpAm1e2M1Xp25ViN2FbvKhfI_LdVzrq2I0NWCPPBQm1P_hAwjbKM2BfYzIajrvamYAzJ2_s7LmVoSKDtbGQ.mp4?_nc_cat=101&_nc_oc=AdpXVfRalnS8VlHiy8DaojkVNsLPe1xy1DuaTOhaBq17K_KIt5MunWI0XNnHK2k2dDs&_nc_sid=b66105&_nc_ht=video.fblr22-1.fna.fbcdn.net&_nc_ohc=KDy1X4MRL7UQ7kNvwHQ8xNG&efg=eyJ2ZW5jb2RlX3RhZyI6Inhwdl9wcm9ncmVzc2l2ZS5WSV9VU0VDQVNFX1BST0RVQ1RfVFlQRS4uQzMuNjA4LmRhc2hfaDI2NC1iYXNpYy1nZW4yXzcyMHAiLCJ4cHZfYXNzZXRfaWQiOjIxMDc1NDgyMjY4MDc5ODMsImFzc2V0X2FnZV9kYXlzIjo1LCJ2aV91c2VjYXNlX2lkIjoxMDEzOSwiZHVyYXRpb25fcyI6NDAsInVybGdlbl9zb3VyY2UiOiJ3d3cifQ%3D%3D&ccb=17-1&vs=29478a518f7678cc&_nc_vs=HBksFQIYRWZiX2VwaGVtZXJhbC84QTREMzk5NkU1NEFGRkJDOTIwOEI4RDNGQTYxODlBOV9tdF8xX3ZpZGVvX2Rhc2hpbml0Lm1wNBUAAsgBEgAVAhhAZmJfcGVybWFuZW50LzlENDZFNDQ5RDhCRkEzRDQ3MDdDNjRFMzM0NDdFNzg0X2F1ZGlvX2Rhc2hpbml0Lm1wNBUCAsgBEgAoABgAGwKIB3VzZV9vaWwBMRJwcm9ncmVzc2l2ZV9yZWNpcGUBMRUAACbeor_2ubO-BxUCKAJDMywXQEQmZmZmZmYYGWRhc2hfaDI2NC1iYXNpYy1nZW4yXzcyMHARAHUAZbaeAQA&_nc_gid=27zCWdmYpqz0rGl2v3QmAw&_nc_ss=7f289&_nc_zt=28&oh=00_AQCDPertRUGfWGHkTcCK213M2Q1PEnRQDigcpqm5d57Rkw&oe=6A53EE7F,https://scontent.fblr22-1.fna.fbcdn.net/v/t39.35426-6/738927208_1934879217032015_8589253976351311103_n.jpg?_nc_cat=101&ccb=1-7&_nc_sid=c53f8f&_nc_ohc=chezuqQvrjEQ7kNvwGF9TnQ&_nc_oc=AdopRcxrnk1nbNtDvK580NZoUPR2mrhcB1FkszPTF2oGGJTeIyiuZHmsa86FBfWXyFY&_nc_zt=14&_nc_ht=scontent.fblr22-1.fna&_nc_gid=27zCWdmYpqz0rGl2v3QmAw&_nc_ss=7f289&oh=00_AQDJI0Bzh0cIiaV5_-JYQQSh3sF2K6FLs7eJ8x0IviiiGA&oe=6A53BF5C,2026-07-12T19:43:59.000Z,2026-07-08
70,69,Lingo AI,599204246602758,Lingo AI,,IN,1929767137611529,https://www.facebook.com/ads/library/?id=1929767137611529,2026-06-14,,false,false,1,0,,2026-06-14,,"🌍 Learn real English for everyday life 
🗣 Practice speaking with simple lessons 
⏱ Just 5 minutes a day
👉 Download now",👇 Start now,Download,https://speaklearnfrenchlingoai.onelink.me/Y67n?pid=metaweb_int&c={{campaign.name}}&af_c_id={{campaign.id}}&af_adset={{adset.name}}&af_adset_id={{adset.id}}&af_ad={{ad.name}}&af_ad_id={{ad.id}}&af_siteid={{site_source_name}},"Facebook,Instagram,Audience Network,Messenger,Threads","🌍 Learn real English for everyday life 
🗣 Practice speaking with simple lessons 
⏱ Just 5 minutes a day
👉 Download now",👇 Start now,Download,https://speaklearnfrenchlingoai.onelink.me/Y67n?pid=metaweb_int&c={{campaign.name}}&af_c_id={{campaign.id}}&af_adset={{adset.name}}&af_adset_id={{adset.id}}&af_ad={{ad.name}}&af_ad_id={{ad.id}}&af_siteid={{site_source_name}},Video,"Facebook,Instagram,Audience Network,Messenger,Threads",1,0,9:16,https://video.fblr22-2.fna.fbcdn.net/o1/v/t2/f2/m366/AQNtM73b9gwSgIKf0xqZ9gIiXM9z6hQegzvMOqZB47Ptl0Mgc6jg486SwkXKWt3lmCd4jPyNsM5ECZ3qGLIGgWq97JvoGooEOXPbgMdJH_aqUA.mp4?_nc_cat=111&_nc_oc=AdqawASaO5yu4DQRT-b03XuxLJzcunoz0prwCLDYdJ7_7hrQRk4rg7t4LvnoS6kPJa8&_nc_sid=b66105&_nc_ht=video.fblr22-2.fna.fbcdn.net&_nc_ohc=H_LpXnbV-2QQ7kNvwElyuiK&efg=eyJ2ZW5jb2RlX3RhZyI6Inhwdl9wcm9ncmVzc2l2ZS5WSV9VU0VDQVNFX1BST0RVQ1RfVFlQRS4uQzMuNzIwLmRhc2hfaDI2NC1iYXNpYy1nZW4yXzcyMHAiLCJ4cHZfYXNzZXRfaWQiOjE2NDU4OTE1MzAwMTU1NjAsImFzc2V0X2FnZV9kYXlzIjoyOSwidmlfdXNlY2FzZV9pZCI6MTAxMzksImR1cmF0aW9uX3MiOjI4LCJ1cmxnZW5fc291cmNlIjoid3d3In0%3D&ccb=17-1&vs=cce49ccecf042ebb&_nc_vs=HBksFQIYRWZiX2VwaGVtZXJhbC82MjQ0MjM5RUJDMkZBQTAzRTM0OTdBMzAwQjBCMTRBOV9tdF8xX3ZpZGVvX2Rhc2hpbml0Lm1wNBUAAsgBEgAVAhhAZmJfcGVybWFuZW50Lzk2NEU3MDYwOTI1ODAwMzdENEVDM0UzQjcyODY2RUI1X2F1ZGlvX2Rhc2hpbml0Lm1wNBUCAsgBEgAoABgAGwKIB3VzZV9vaWwBMRJwcm9ncmVzc2l2ZV9yZWNpcGUBMRUAACaQjeK_v7vsBRUCKAJDMywXQDyiDEm6XjUYGWRhc2hfaDI2NC1iYXNpYy1nZW4yXzcyMHARAHUAZbaeAQA&_nc_gid=27zCWdmYpqz0rGl2v3QmAw&_nc_ss=7f289&_nc_zt=28&oh=00_AQBQB71DDv2FRALZenA3fXOLjDPjsnPJ6eLokSzhfGfEOg&oe=6A53E2A9,https://scontent.fblr22-1.fna.fbcdn.net/v/t39.35426-6/724340863_1704213900717888_2205547014777976407_n.jpg?_nc_cat=101&ccb=1-7&_nc_sid=c53f8f&_nc_ohc=neEL6PBRAIcQ7kNvwH-my4J&_nc_oc=AdrCEg6_tyIfqkcMtDjDdQdDVsHqA-bwNVZQMPta0pv5ZM85udc74Qe-3Zy6Irjg-kQ&_nc_zt=14&_nc_ht=scontent.fblr22-1.fna&_nc_gid=27zCWdmYpqz0rGl2v3QmAw&_nc_ss=7f289&oh=00_AQDT-IUold61ogPyLJDZHB35EBQw5yRJ1lESDpQst2mPMg&oe=6A53CB9D,2026-07-12T18:53:29.000Z,2026-07-08
71,70,Lingo AI,599204246602758,Lingo AI,,IN,1492092175305768,https://www.facebook.com/ads/library/?id=1492092175305768,2026-06-16,,false,false,1,0,,2026-06-16,,"🚀 Master French Faster, Just 5 Minutes a Day!
🥳 Join Learners Who Found a Fun Way to Master a Language!
✨ Our mission is to unlock your French.",✨Try it now~,Install now,http://itunes.apple.com/app/id6740255326,"Facebook,Instagram,Audience Network,Messenger","🚀 Master French Faster, Just 5 Minutes a Day!
🥳 Join Learners Who Found a Fun Way to Master a Language!
✨ Our mission is to unlock your French.",✨Try it now~,Install now,http://itunes.apple.com/app/id6740255326,Video,"Facebook,Instagram,Audience Network,Messenger",1,0,9:16,https://video.fblr22-1.fna.fbcdn.net/o1/v/t2/f2/m366/AQMDzi4I0Dowe3jZvxp1VamiRJynILqSOchkU34UJ2TuSp18LBd6eHUIk6-yc_vAXhGAZCpGdl_RZPLTYSIKFqkT-zpO4SuuZ9IxHqPyhbttqg.mp4?_nc_cat=103&_nc_oc=AdrShU24HbzhbnF7DngFGLN78aubIpKJXFC1emL1_7ott4sqipS25W_eCq_qPch8h90&_nc_sid=b66105&_nc_ht=video.fblr22-1.fna.fbcdn.net&_nc_ohc=6HYXDUnqQtEQ7kNvwF8gro2&efg=eyJ2ZW5jb2RlX3RhZyI6Inhwdl9wcm9ncmVzc2l2ZS5WSV9VU0VDQVNFX1BST0RVQ1RfVFlQRS4uQzMuNzIwLmRhc2hfaDI2NC1iYXNpYy1nZW4yXzcyMHAiLCJ4cHZfYXNzZXRfaWQiOjEyMDI5MDE1Njg1NzI2MDYsImFzc2V0X2FnZV9kYXlzIjoyMCwidmlfdXNlY2FzZV9pZCI6MTAxMzksImR1cmF0aW9uX3MiOjI0LCJ1cmxnZW5fc291cmNlIjoid3d3In0%3D&ccb=17-1&vs=91b16d2b4a54badf&_nc_vs=HBksFQIYRWZiX2VwaGVtZXJhbC80QzQyOUEwNjEzODAyMDQ5RUFBMDI5MzRFMTE1QURCOF9tdF8xX3ZpZGVvX2Rhc2hpbml0Lm1wNBUAAsgBEgAVAhhAZmJfcGVybWFuZW50Lzc0NEY3QTA0MEU4RUQxNzE5NDY0QjMyRkE3NkFDRDg3X2F1ZGlvX2Rhc2hpbml0Lm1wNBUCAsgBEgAoABgAGwKIB3VzZV9vaWwBMRJwcm9ncmVzc2l2ZV9yZWNpcGUBMRUAACb8so6Li4KjBBUCKAJDMywXQDjdsi0OVgQYGWRhc2hfaDI2NC1iYXNpYy1nZW4yXzcyMHARAHUAZbaeAQA&_nc_gid=J8mgZHhQGKt9BVNp91oNMA&_nc_ss=7f289&_nc_zt=28&oh=00_AQCtKy95gox8959BY5eWrYO5yTYi0STPaoApkphu6_BVKw&oe=6A53D7F1,https://scontent.fblr22-1.fna.fbcdn.net/v/t39.35426-6/724922601_2280626986098694_8217222232148278250_n.jpg?_nc_cat=109&ccb=1-7&_nc_sid=c53f8f&_nc_ohc=iFoUY-drx3kQ7kNvwFzct4f&_nc_oc=AdoKXCVdPOt34tVOU2m5wbB0J61HubgBP0PnAbRII_RgsPmsIRGMJZK12vmQspWR6_s&_nc_zt=14&_nc_ht=scontent.fblr22-1.fna&_nc_gid=J8mgZHhQGKt9BVNp91oNMA&_nc_ss=7f289&oh=00_AQCqVY7irfRCwbAAptxh6nvF90xRZJo-9v1EcWfkHgBtEQ&oe=6A53D022,2026-07-12T18:07:45.000Z,2026-07-08
72,71,Lingo AI,599204246602758,Lingo AI,,IN,1031747116205172,https://www.facebook.com/ads/library/?id=1031747116205172,2026-06-16,,false,false,1,0,,2026-06-16,,"🚀 Master French Faster, Just 5 Minutes a Day!
🥳 Join Learners Who Found a Fun Way to Master a Language!
✨ Our mission is to unlock your French.",✨Try it now~,Install now,http://itunes.apple.com/app/id6740255326,"Facebook,Instagram,Audience Network,Messenger","🚀 Master French Faster, Just 5 Minutes a Day!
🥳 Join Learners Who Found a Fun Way to Master a Language!
✨ Our mission is to unlock your French.",✨Try it now~,Install now,http://itunes.apple.com/app/id6740255326,Video,"Facebook,Instagram,Audience Network,Messenger",1,0,9:16,https://video.fblr22-2.fna.fbcdn.net/o1/v/t2/f2/m366/AQOdFjZKAHTkKS86sIhsRUE6Hjt1DrM5ZnProbZWloCQDj26hpSRVaiFx23ZdSGMFihedrhZ7PjDZcvqs1bVVa0brl6C3MJGeGk2pt8zpIc6XQ.mp4?_nc_cat=110&_nc_oc=AdoQa7OG72jaRIjkiYWBSJuQ9gG7A9fsLuVSaETxiC8KF3bQovGUc7lw7Sk_Rxh3QGE&_nc_sid=b66105&_nc_ht=video.fblr22-2.fna.fbcdn.net&_nc_ohc=4gFUkFfPgIYQ7kNvwGZ3gtW&efg=eyJ2ZW5jb2RlX3RhZyI6Inhwdl9wcm9ncmVzc2l2ZS5WSV9VU0VDQVNFX1BST0RVQ1RfVFlQRS4uQzMuNzIwLmRhc2hfaDI2NC1iYXNpYy1nZW4yXzcyMHAiLCJ4cHZfYXNzZXRfaWQiOjEzNzc2NjM5MTQxODMyOTUsImFzc2V0X2FnZV9kYXlzIjoyMCwidmlfdXNlY2FzZV9pZCI6MTAxMzksImR1cmF0aW9uX3MiOjY2LCJ1cmxnZW5fc291cmNlIjoid3d3In0%3D&ccb=17-1&vs=cd572488ce5eba04&_nc_vs=HBksFQIYRWZiX2VwaGVtZXJhbC8xNjQ0QjZBM0ZGQzAwMDY4MTg1M0VEMDMzNDNEODk4QV9tdF8xX3ZpZGVvX2Rhc2hpbml0Lm1wNBUAAsgBEgAVAhhAZmJfcGVybWFuZW50L0ZGNEZCQjQ5OUY3NEI5MjgwODg0NDcxOTFBRjAwN0JCX2F1ZGlvX2Rhc2hpbml0Lm1wNBUCAsgBEgAoABgAGwKIB3VzZV9vaWwBMRJwcm9ncmVzc2l2ZV9yZWNpcGUBMRUAACb-qcyDzL7yBBUCKAJDMywXQFCTMzMzMzMYGWRhc2hfaDI2NC1iYXNpYy1nZW4yXzcyMHARAHUAZbaeAQA&_nc_gid=J8mgZHhQGKt9BVNp91oNMA&_nc_ss=7f289&_nc_zt=28&oh=00_AQCSguK0kEyBfqQG5b_dabUtjxpq_h-8SzjrCVAx96KhYw&oe=6A53E78E,https://scontent.fblr22-1.fna.fbcdn.net/v/t39.35426-6/724818265_1486223253301122_7800622255572036753_n.jpg?_nc_cat=101&ccb=1-7&_nc_sid=c53f8f&_nc_ohc=FJWED-MPMbQQ7kNvwEd7lol&_nc_oc=Adq_XO2oQe1uevDasOwYnh1En3DICdtb4LT5G7yYW6XJ0GQn8hqWX4RJVPKdA9I2b7U&_nc_zt=14&_nc_ht=scontent.fblr22-1.fna&_nc_gid=J8mgZHhQGKt9BVNp91oNMA&_nc_ss=7f289&oh=00_AQAi8jajfi2yTDWnL916CXs07IpdVQPvkUfXxOHHPCFtmg&oe=6A53C5AA,2026-07-12T19:14:22.000Z,2026-07-08
73,72,Lingo AI,599204246602758,Lingo AI,,IN,1220089980142236,https://www.facebook.com/ads/library/?id=1220089980142236,2026-06-16,,false,false,1,0,,2026-06-16,,"🚀 Master French Faster, Just 5 Minutes a Day!
🥳 Join Learners Who Found a Fun Way to Master a Language!
✨ Our mission is to unlock your French.",✨Try it now~,Install now,http://itunes.apple.com/app/id6740255326,"Facebook,Instagram,Audience Network,Messenger","🚀 Master French Faster, Just 5 Minutes a Day!
🥳 Join Learners Who Found a Fun Way to Master a Language!
✨ Our mission is to unlock your French.",✨Try it now~,Install now,http://itunes.apple.com/app/id6740255326,Video,"Facebook,Instagram,Audience Network,Messenger",1,0,9:16,https://video.fblr22-2.fna.fbcdn.net/o1/v/t2/f2/m366/AQMr1n4bZbgOEhbcjOOw4IUq9xTtI22n6lXIEQYtPiFxB4WTWCokpz6J92807eOCXJi_UF3F0niDHuuIkeqww7Y9m9Q1U1RXBntLib_-8b5rDw.mp4?_nc_cat=105&_nc_oc=AdqRev-wuolidRK7stm47Tox2dxY4U0hL_OYtfSd2pUPey3JS0Wp3CCdyiOX88b8INg&_nc_sid=b66105&_nc_ht=video.fblr22-2.fna.fbcdn.net&_nc_ohc=SWFI7u5pPv0Q7kNvwFgnmWh&efg=eyJ2ZW5jb2RlX3RhZyI6Inhwdl9wcm9ncmVzc2l2ZS5WSV9VU0VDQVNFX1BST0RVQ1RfVFlQRS4uQzMuNzIwLmRhc2hfaDI2NC1iYXNpYy1nZW4yXzcyMHAiLCJ4cHZfYXNzZXRfaWQiOjE0OTUwMjQ0ODE4MzY4MDEsImFzc2V0X2FnZV9kYXlzIjoyMCwidmlfdXNlY2FzZV9pZCI6MTAxMzksImR1cmF0aW9uX3MiOjI0LCJ1cmxnZW5fc291cmNlIjoid3d3In0%3D&ccb=17-1&vs=d7d3618b327f4b37&_nc_vs=HBksFQIYRWZiX2VwaGVtZXJhbC85MTRFMzI5MUU2MkY1MDFGQjkxNUE1MTU4MjA2NTI4NF9tdF8xX3ZpZGVvX2Rhc2hpbml0Lm1wNBUAAsgBEgAVAhhAZmJfcGVybWFuZW50L0UzNEUzMkMyQ0RENEQxNjQyOTk4NjA0MTIyNTg2OTg0X2F1ZGlvX2Rhc2hpbml0Lm1wNBUCAsgBEgAoABgAGwKIB3VzZV9vaWwBMRJwcm9ncmVzc2l2ZV9yZWNpcGUBMRUAACaC_Nyy8O2nBRUCKAJDMywXQDjdsi0OVgQYGWRhc2hfaDI2NC1iYXNpYy1nZW4yXzcyMHARAHUAZbaeAQA&_nc_gid=J8mgZHhQGKt9BVNp91oNMA&_nc_ss=7f289&_nc_zt=28&oh=00_AQBUvse4VDGL0VyMGlrgnx6M2RBtY3k8KyDbmG_YMrMtMQ&oe=6A53C3EF,https://scontent.fblr22-1.fna.fbcdn.net/v/t39.35426-6/725622169_1340450647557597_3199020101534581954_n.jpg?_nc_cat=106&ccb=1-7&_nc_sid=c53f8f&_nc_ohc=lIr34v6cYtMQ7kNvwFryjBU&_nc_oc=AdrpCcTb1JBTjuLyvY2ZaGtKB5S_panioQD3yhd0JLKd_JNEFlrw0Ec5ebEADtkfV6k&_nc_zt=14&_nc_ht=scontent.fblr22-1.fna&_nc_gid=J8mgZHhQGKt9BVNp91oNMA&_nc_ss=7f289&oh=00_AQCKcoV3cx4XaStXkIMebyNE10fjg76B-9AWgISMXhm6uw&oe=6A53F03C,2026-07-12T16:42:23.000Z,2026-07-08
74,73,Lingo AI,599204246602758,Lingo AI,,IN,3340516169466059,https://www.facebook.com/ads/library/?id=3340516169466059,2026-06-17,,false,false,1,0,,2026-06-17,,"📘 Learn English easily with simple lessons 
😊 Build confidence with everyday speaking practice 
👉 Download now",👉 Download now,Download,https://speaklearnfrenchlingoai.onelink.me/Y67n?pid=metaweb_int&c={{campaign.name}}&af_c_id={{campaign.id}}&af_adset={{adset.name}}&af_adset_id={{adset.id}}&af_ad={{ad.name}}&af_ad_id={{ad.id}}&af_siteid={{site_source_name}},"Facebook,Instagram,Audience Network,Messenger,Threads","📘 Learn English easily with simple lessons 
😊 Build confidence with everyday speaking practice 
👉 Download now",👉 Download now,Download,https://speaklearnfrenchlingoai.onelink.me/Y67n?pid=metaweb_int&c={{campaign.name}}&af_c_id={{campaign.id}}&af_adset={{adset.name}}&af_adset_id={{adset.id}}&af_ad={{ad.name}}&af_ad_id={{ad.id}}&af_siteid={{site_source_name}},Video,"Facebook,Instagram,Audience Network,Messenger,Threads",1,0,9:16,https://video.fblr22-2.fna.fbcdn.net/o1/v/t2/f2/m366/AQP-i2h6ZKEgMC-yNTx5bE185IgQOonUhMP9x_zkd_GruiZFy67_I_xAOs_UWBuOaEIQF7he6gJGELNeT6AGIwNNkugkVTZANHLaJDoq087l3Q.mp4?_nc_cat=111&_nc_oc=AdoIu6QyW4FIqBrcR94rIk0kILntG8XNOxg-zjCqktQ5JCwTVC9YaFLdy2AnNYYfpWc&_nc_sid=b66105&_nc_ht=video.fblr22-2.fna.fbcdn.net&_nc_ohc=GP1BY6w0N2UQ7kNvwHZixFe&efg=eyJ2ZW5jb2RlX3RhZyI6Inhwdl9wcm9ncmVzc2l2ZS5WSV9VU0VDQVNFX1BST0RVQ1RfVFlQRS4uQzMuNjA4LmRhc2hfaDI2NC1iYXNpYy1nZW4yXzcyMHAiLCJ4cHZfYXNzZXRfaWQiOjMxMTgxMzc5MzgzNzQ0MTYsImFzc2V0X2FnZV9kYXlzIjoyOSwidmlfdXNlY2FzZV9pZCI6MTAxMzksImR1cmF0aW9uX3MiOjIzLCJ1cmxnZW5fc291cmNlIjoid3d3In0%3D&ccb=17-1&vs=24d47c27658a1efc&_nc_vs=HBksFQIYRWZiX2VwaGVtZXJhbC85RTQ0RDM5MkZCMDMwQkI0ODY3RENGMzdDRUVFMTlCQ19tdF8xX3ZpZGVvX2Rhc2hpbml0Lm1wNBUAAsgBEgAVAhhAZmJfcGVybWFuZW50L0M3NDI0MUM1RDFBMjlEMzY4Q0Q0NzQ2MjVCRDY4QkFEX2F1ZGlvX2Rhc2hpbml0Lm1wNBUCAsgBEgAoABgAGwKIB3VzZV9vaWwBMRJwcm9ncmVzc2l2ZV9yZWNpcGUBMRUAACagvOuCwvuJCxUCKAJDMywXQDfMzMzMzM0YGWRhc2hfaDI2NC1iYXNpYy1nZW4yXzcyMHARAHUAZbaeAQA&_nc_gid=J8mgZHhQGKt9BVNp91oNMA&_nc_ss=7f289&_nc_zt=28&oh=00_AQA8UqEQvoZIn06m4-_FTN46qxMM8MxUBcLlppe0-U6bJQ&oe=6A53BFCD,https://scontent.fblr22-1.fna.fbcdn.net/v/t39.35426-6/724328697_1691651532147021_1653139473566894887_n.jpg?_nc_cat=109&ccb=1-7&_nc_sid=c53f8f&_nc_ohc=fvfRxpVDueEQ7kNvwGR8LCf&_nc_oc=AdqGoum1Os4DeMCSSq9p65Y6xZyq9jKZOYW1gliXCc4cYB3U1LA3UOzdlXWG0IjTdGA&_nc_zt=14&_nc_ht=scontent.fblr22-1.fna&_nc_gid=J8mgZHhQGKt9BVNp91oNMA&_nc_ss=7f289&oh=00_AQCSrN51YGEC_bWlgm07aRl8hF56_KBxSqzu098SmwA9tQ&oe=6A53DBE0,2026-07-12T16:24:45.000Z,2026-07-08
75,74,Lingo AI,599204246602758,Lingo AI,,IN,968254426244395,https://www.facebook.com/ads/library/?id=968254426244395,2026-07-05,,false,false,1,0,,2026-07-05,,"🌍 Lerne echtes Englisch für den Alltag
🗣 Übe das Sprechen mit einfachen Lektionen
⏱ Nur 5 Minuten pro Tag
👉 Jetzt herunterladen",👉 Jetzt herunterladen,Download,https://speaklearnfrenchlingoai.onelink.me/Y67n?pid=metaweb_int&c={{campaign.name}}&af_c_id={{campaign.id}}&af_adset={{adset.name}}&af_adset_id={{adset.id}}&af_ad={{ad.name}}&af_ad_id={{ad.id}}&af_siteid={{site_source_name}},"Facebook,Instagram,Audience Network,Messenger,Threads","🌍 Lerne echtes Englisch für den Alltag
🗣 Übe das Sprechen mit einfachen Lektionen
⏱ Nur 5 Minuten pro Tag
👉 Jetzt herunterladen",👉 Jetzt herunterladen,Download,https://speaklearnfrenchlingoai.onelink.me/Y67n?pid=metaweb_int&c={{campaign.name}}&af_c_id={{campaign.id}}&af_adset={{adset.name}}&af_adset_id={{adset.id}}&af_ad={{ad.name}}&af_ad_id={{ad.id}}&af_siteid={{site_source_name}},Video,"Facebook,Instagram,Audience Network,Messenger,Threads",1,0,9:16,https://video.fblr22-1.fna.fbcdn.net/o1/v/t2/f2/m366/AQM1QyR1Bi9bJJtKlqBSxcwlSrAQXkZN8MOw-5v-VAC-Udtk0IKA5yXX8SkfdvyHzxlJaZqOWnQAaaWKqdM8rujGtbbQW22NvIFgRTUkN-j_-w.mp4?_nc_cat=102&_nc_oc=Adq7yCDOrT1lhtUV3KBc8x9avcKfL8PqQhkqGco7g1p1roE8OnenNENa8YSENoZawa4&_nc_sid=b66105&_nc_ht=video.fblr22-1.fna.fbcdn.net&_nc_ohc=uWaaOwp9G08Q7kNvwF04PXP&efg=eyJ2ZW5jb2RlX3RhZyI6Inhwdl9wcm9ncmVzc2l2ZS5WSV9VU0VDQVNFX1BST0RVQ1RfVFlQRS4uQzMuNjA4LmRhc2hfaDI2NC1iYXNpYy1nZW4yXzcyMHAiLCJ4cHZfYXNzZXRfaWQiOjIwNzU0MzIxMjY2NTU0NjYsImFzc2V0X2FnZV9kYXlzIjoxLCJ2aV91c2VjYXNlX2lkIjoxMDEzOSwiZHVyYXRpb25fcyI6NjMsInVybGdlbl9zb3VyY2UiOiJ3d3cifQ%3D%3D&ccb=17-1&vs=889a6c2987437a47&_nc_vs=HBksFQIYRWZiX2VwaGVtZXJhbC8zQTQ2OTBBRTYyQjYxNzJFMENBMkRCOTk5ODIyOTBCRV9tdF8xX3ZpZGVvX2Rhc2hpbml0Lm1wNBUAAsgBEgAVAhhAZmJfcGVybWFuZW50LzFENEMxRTRERTdDMTYyODZDNkEwNTRCNkY2QTJDMDlBX2F1ZGlvX2Rhc2hpbml0Lm1wNBUCAsgBEgAoABgAGwKIB3VzZV9vaWwBMRJwcm9ncmVzc2l2ZV9yZWNpcGUBMRUAACbUr9GqhuavBxUCKAJDMywXQE_qn752yLQYGWRhc2hfaDI2NC1iYXNpYy1nZW4yXzcyMHARAHUAZbaeAQA&_nc_gid=J8mgZHhQGKt9BVNp91oNMA&_nc_ss=7f289&_nc_zt=28&oh=00_AQCk2VtDTaR9Uc2VcoDvnSByMqGa0jRl3_GtEVa3VGWQ-g&oe=6A53D722,https://scontent.fblr22-2.fna.fbcdn.net/v/t39.35426-6/741082586_38352697574329715_1491591810481845436_n.jpg?_nc_cat=100&ccb=1-7&_nc_sid=c53f8f&_nc_ohc=KqS7uH2CPQgQ7kNvwHMX54E&_nc_oc=AdpWIh8zYGELDqGe10ZNI3JXpcn6FU_QKFW5d0itCRxkN80uWL8x-oqyL9VPhUu77rE&_nc_zt=14&_nc_ht=scontent.fblr22-2.fna&_nc_gid=J8mgZHhQGKt9BVNp91oNMA&_nc_ss=7f289&oh=00_AQDKzrCn34-3cGFUNfXU86c6sk_w5grP6AY5O-PWL0pAMg&oe=6A53E5B9,2026-07-12T18:04:18.000Z,2026-07-08
76,75,Lingo AI,599204246602758,Lingo AI,,IN,1731350314547390,https://www.facebook.com/ads/library/?id=1731350314547390,2026-07-01,,false,false,1,0,,2026-07-01,,"🌟 Want to improve your English? 
📱 Learn anytime in just minutes a day 
💬 Build real speaking confidence
👉 Download now",👉 Download now,Download,http://itunes.apple.com/app/id6740255326,"Facebook,Instagram,Audience Network,Messenger,Threads","🌟 Want to improve your English? 
📱 Learn anytime in just minutes a day 
💬 Build real speaking confidence
👉 Download now",👉 Download now,Download,http://itunes.apple.com/app/id6740255326,Video,"Facebook,Instagram,Audience Network,Messenger,Threads",1,0,9:16,https://video.fblr22-1.fna.fbcdn.net/o1/v/t2/f2/m366/AQPUEjmuf8pJZuy-9svPNnOdNeCpvpLI6sRBiG-uLDGyuWDaZffAn6_1pg47ROkMKUl-ySP6HHtUQhhLap3_qsC0g2U9wtY7dbsERWQEYhDHmg.mp4?_nc_cat=101&_nc_oc=AdrDqfcYx3q9An62IF2g35DKUUUsuSwaCHdsHOV3NtcsY72Y-T6NucPBQVL0JobHq7A&_nc_sid=b66105&_nc_ht=video.fblr22-1.fna.fbcdn.net&_nc_ohc=e7GZbQdNkWEQ7kNvwFzwJ7Y&efg=eyJ2ZW5jb2RlX3RhZyI6Inhwdl9wcm9ncmVzc2l2ZS5WSV9VU0VDQVNFX1BST0RVQ1RfVFlQRS4uQzMuNjA4LmRhc2hfaDI2NC1iYXNpYy1nZW4yXzcyMHAiLCJ4cHZfYXNzZXRfaWQiOjE0MTQwMDY4MTcyNjY3ODAsImFzc2V0X2FnZV9kYXlzIjoxMiwidmlfdXNlY2FzZV9pZCI6MTAxMzksImR1cmF0aW9uX3MiOjM0LCJ1cmxnZW5fc291cmNlIjoid3d3In0%3D&ccb=17-1&vs=e3a802647d86f67a&_nc_vs=HBksFQIYRWZiX2VwaGVtZXJhbC9EQTRGREE2NDlCRkVBMUMwOTEwQUY3NkNENEIwNjg5OF9tdF8xX3ZpZGVvX2Rhc2hpbml0Lm1wNBUAAsgBEgAVAhhAZmJfcGVybWFuZW50Lzg2NDgxQkQxRkFGN0IyQzMyRTU3OTkxMEZGQkI4NkFFX2F1ZGlvX2Rhc2hpbml0Lm1wNBUCAsgBEgAoABgAGwKIB3VzZV9vaWwBMRJwcm9ncmVzc2l2ZV9yZWNpcGUBMRUAACa48ezgg4KDBRUCKAJDMywXQEEAAAAAAAAYGWRhc2hfaDI2NC1iYXNpYy1nZW4yXzcyMHARAHUAZbaeAQA&_nc_gid=J8mgZHhQGKt9BVNp91oNMA&_nc_ss=7f289&_nc_zt=28&oh=00_AQAuz1ZSH96eOrj-d6Jmd9pjFNebn4K9i3VZBR1QBBfqcw&oe=6A53C8D3,https://scontent.fblr22-1.fna.fbcdn.net/v/t39.35426-6/736385070_1355662503179885_5610099005227550425_n.jpg?_nc_cat=108&ccb=1-7&_nc_sid=c53f8f&_nc_ohc=wzT794qUapMQ7kNvwEmx24d&_nc_oc=AdqJfOi-v6MW2D_IlBXpfEvYFSFNtX7q68InZ-MC2H308NOkBvd7x23kv1yCJJox9MM&_nc_zt=14&_nc_ht=scontent.fblr22-1.fna&_nc_gid=J8mgZHhQGKt9BVNp91oNMA&_nc_ss=7f289&oh=00_AQAoCuAgNcLYp4TAdv8R6bbmcSz-p5c3EJbOC5hX6Tle0A&oe=6A53C186,2026-07-12T17:03:15.000Z,2026-07-08
77,76,Lingo AI,599204246602758,Lingo AI,,IN,1717104826254282,https://www.facebook.com/ads/library/?id=1717104826254282,2026-07-05,,false,false,1,0,,2026-07-05,,"🌟 Want to improve your English? 
📱 Learn anytime in just minutes a day 
💬 Build real speaking confidence 
👉 Download now",👉 Download now,Download,https://speaklearnfrenchlingoai.onelink.me/Y67n?pid=metaweb_int&c={{campaign.name}}&af_c_id={{campaign.id}}&af_adset={{adset.name}}&af_adset_id={{adset.id}}&af_ad={{ad.name}}&af_ad_id={{ad.id}}&af_siteid={{site_source_name}},"Facebook,Instagram,Audience Network,Messenger,Threads","🌟 Want to improve your English? 
📱 Learn anytime in just minutes a day 
💬 Build real speaking confidence 
👉 Download now",👉 Download now,Download,https://speaklearnfrenchlingoai.onelink.me/Y67n?pid=metaweb_int&c={{campaign.name}}&af_c_id={{campaign.id}}&af_adset={{adset.name}}&af_adset_id={{adset.id}}&af_ad={{ad.name}}&af_ad_id={{ad.id}}&af_siteid={{site_source_name}},Video,"Facebook,Instagram,Audience Network,Messenger,Threads",1,0,9:16,https://video.fblr22-2.fna.fbcdn.net/o1/v/t2/f2/m366/AQNUSw84PyZGMKGF-lYQVL4dXFwJ91tgcJuQkqSoxd4WjgwODYh_4f1SjdMtTF7HrIdIQTsjck74JrKOzpceIxIkQ_MZ7M1SXXdO2wpEkh2rbA.mp4?_nc_cat=105&_nc_oc=AdpwlRtJScw3sPj6yEPZjFxLrDh8wTt53foJUatCgehERV6y4fPPAc86OgH3beWM_2I&_nc_sid=b66105&_nc_ht=video.fblr22-2.fna.fbcdn.net&_nc_ohc=EQTg75w2V7YQ7kNvwFlPzYt&efg=eyJ2ZW5jb2RlX3RhZyI6Inhwdl9wcm9ncmVzc2l2ZS5WSV9VU0VDQVNFX1BST0RVQ1RfVFlQRS4uQzMuNjA4LmRhc2hfaDI2NC1iYXNpYy1nZW4yXzcyMHAiLCJ4cHZfYXNzZXRfaWQiOjEwMDY3MTU5OTIzMjc2NjEsImFzc2V0X2FnZV9kYXlzIjoxLCJ2aV91c2VjYXNlX2lkIjoxMDEzOSwiZHVyYXRpb25fcyI6MzgsInVybGdlbl9zb3VyY2UiOiJ3d3cifQ%3D%3D&ccb=17-1&vs=ce5eda2e5da4e250&_nc_vs=HBksFQIYRWZiX2VwaGVtZXJhbC8xNTRERTRGQzJCRTgyRTZGNUFCNDAyRjkzMkI3M0RCQV9tdF8xX3ZpZGVvX2Rhc2hpbml0Lm1wNBUAAsgBEgAVAhhAZmJfcGVybWFuZW50L0Y4NDE3NkRERkY0QTVGQ0E2OUVGQzEzNDI1RTQ4REEwX2F1ZGlvX2Rhc2hpbml0Lm1wNBUCAsgBEgAoABgAGwKIB3VzZV9vaWwBMRJwcm9ncmVzc2l2ZV9yZWNpcGUBMRUAACbal-bRyubJAxUCKAJDMywXQENMzMzMzM0YGWRhc2hfaDI2NC1iYXNpYy1nZW4yXzcyMHARAHUAZbaeAQA&_nc_gid=J8mgZHhQGKt9BVNp91oNMA&_nc_ss=7f289&_nc_zt=28&oh=00_AQDFBJ5VIXfMFmpyEI2Q7kRJUiZNFYalKjC0vB-L3exLAw&oe=6A53D74B,https://scontent.fblr22-2.fna.fbcdn.net/v/t39.35426-6/739578808_799642393235232_1168083042131126406_n.jpg?_nc_cat=100&ccb=1-7&_nc_sid=c53f8f&_nc_ohc=xm8llg3QWFIQ7kNvwFAW1Ld&_nc_oc=AdqAoYlb6BLg40jVNpgZEszJ6QzXgkyPYgI2WXC1Zeu6mO8YKWjyqTKnEwiPxCZarao&_nc_zt=14&_nc_ht=scontent.fblr22-2.fna&_nc_gid=J8mgZHhQGKt9BVNp91oNMA&_nc_ss=7f289&oh=00_AQAXiUamtHkni8E3ZkRBJ46D0wxsdJ03T0RPr5PL2OQZpg&oe=6A53DC7E,2026-07-12T18:04:59.000Z,2026-07-08
78,77,Lingo AI,599204246602758,Lingo AI,,IN,1350328690557506,https://www.facebook.com/ads/library/?id=1350328690557506,2026-07-05,,false,false,1,0,,2026-07-05,,"📘 Learn English easily with simple lessons 
😊 Build confidence with everyday speaking practice 
👉 Download now",👉 Download now,Download,https://speaklearnfrenchlingoai.onelink.me/Y67n?pid=metaweb_int&c={{campaign.name}}&af_c_id={{campaign.id}}&af_adset={{adset.name}}&af_adset_id={{adset.id}}&af_ad={{ad.name}}&af_ad_id={{ad.id}}&af_siteid={{site_source_name}},"Facebook,Instagram,Audience Network,Messenger,Threads","📘 Learn English easily with simple lessons 
😊 Build confidence with everyday speaking practice 
👉 Download now",👉 Download now,Download,https://speaklearnfrenchlingoai.onelink.me/Y67n?pid=metaweb_int&c={{campaign.name}}&af_c_id={{campaign.id}}&af_adset={{adset.name}}&af_adset_id={{adset.id}}&af_ad={{ad.name}}&af_ad_id={{ad.id}}&af_siteid={{site_source_name}},Video,"Facebook,Instagram,Audience Network,Messenger,Threads",1,0,9:16,https://video.fblr22-1.fna.fbcdn.net/o1/v/t2/f2/m366/AQNA3dsWUTO53TNXU_-ScyoY5yw8qwl6DuVh0bYvRxcqyCkLVtJIA2rZkAZybeere2WezDQwjVaoQXJnvjA-IxZwufvDfTHpmzRYHDEVsN6m8w.mp4?_nc_cat=109&_nc_oc=Adp6xsIzzRUA7De74z4QfOFZqFZHEp1rwsdOUQnmMXh1ITLAgZ1jF3Fzoof38ArRaI8&_nc_sid=b66105&_nc_ht=video.fblr22-1.fna.fbcdn.net&_nc_ohc=3nYijpQSdOkQ7kNvwEyEuRQ&efg=eyJ2ZW5jb2RlX3RhZyI6Inhwdl9wcm9ncmVzc2l2ZS5WSV9VU0VDQVNFX1BST0RVQ1RfVFlQRS4uQzMuNzIwLmRhc2hfaDI2NC1iYXNpYy1nZW4yXzcyMHAiLCJ4cHZfYXNzZXRfaWQiOjEzNTgyMDMzNDYyODQzMjMsImFzc2V0X2FnZV9kYXlzIjoxLCJ2aV91c2VjYXNlX2lkIjoxMDEzOSwiZHVyYXRpb25fcyI6MjUsInVybGdlbl9zb3VyY2UiOiJ3d3cifQ%3D%3D&ccb=17-1&vs=236fd454f9aa8ef5&_nc_vs=HBksFQIYRWZiX2VwaGVtZXJhbC8yQzRBODlFQkI0RjFFQjlFQTI5QTE2MEIzMzlFNEFCMV9tdF8xX3ZpZGVvX2Rhc2hpbml0Lm1wNBUAAsgBEgAVAhhAZmJfcGVybWFuZW50L0RENDQwMjk0NDgzMEY3QjNDOUI5RjYyOEIzNkFEMjg3X2F1ZGlvX2Rhc2hpbml0Lm1wNBUCAsgBEgAoABgAGwKIB3VzZV9vaWwBMRJwcm9ncmVzc2l2ZV9yZWNpcGUBMRUAACbGvOe_69HpBBUCKAJDMywXQDlu2RaHKwIYGWRhc2hfaDI2NC1iYXNpYy1nZW4yXzcyMHARAHUAZbaeAQA&_nc_gid=J8mgZHhQGKt9BVNp91oNMA&_nc_ss=7f289&_nc_zt=28&oh=00_AQBeTy08HWB8uIX1bwPmfO6r5ebharQxrADNgRIJj7TbYg&oe=6A53EE77,https://scontent.fblr22-2.fna.fbcdn.net/v/t39.35426-6/739699294_1343377753879847_4381535615325347142_n.jpg?_nc_cat=111&ccb=1-7&_nc_sid=c53f8f&_nc_ohc=lGRkfPw-CHkQ7kNvwEC__3T&_nc_oc=AdqI6CW07zNOxMvgRiPkWL8qXCVEUsSAY7iCJy5TTb0lvyH67oNGLQ31C967yaitqDg&_nc_zt=14&_nc_ht=scontent.fblr22-2.fna&_nc_gid=J8mgZHhQGKt9BVNp91oNMA&_nc_ss=7f289&oh=00_AQDUnQaRHFS7s9T-VlOJZg6V0iwhVLWWPIJEk-ReZ3iqqA&oe=6A53BEDC,2026-07-12T19:43:51.000Z,2026-07-08
79,78,Lingo AI,599204246602758,Lingo AI,,IN,27411571565166645,https://www.facebook.com/ads/library/?id=27411571565166645,2026-07-05,,false,false,1,0,,2026-07-05,,"📘 Learn English easily with simple lessons 
😊 Build confidence with everyday speaking practice 
👉 Download now",👉 Download now,Download,https://speaklearnfrenchlingoai.onelink.me/Y67n?pid=metaweb_int&c={{campaign.name}}&af_c_id={{campaign.id}}&af_adset={{adset.name}}&af_adset_id={{adset.id}}&af_ad={{ad.name}}&af_ad_id={{ad.id}}&af_siteid={{site_source_name}},"Facebook,Instagram,Audience Network,Messenger,Threads","📘 Learn English easily with simple lessons 
😊 Build confidence with everyday speaking practice 
👉 Download now",👉 Download now,Download,https://speaklearnfrenchlingoai.onelink.me/Y67n?pid=metaweb_int&c={{campaign.name}}&af_c_id={{campaign.id}}&af_adset={{adset.name}}&af_adset_id={{adset.id}}&af_ad={{ad.name}}&af_ad_id={{ad.id}}&af_siteid={{site_source_name}},Video,"Facebook,Instagram,Audience Network,Messenger,Threads",1,0,9:16,https://video.fblr22-2.fna.fbcdn.net/o1/v/t2/f2/m366/AQPYaNIXTGmHTPdjypbhWdQ__UKUvTa6-HJ4E85rRlrB-XFEdyxRkerkNHxaqxoMaCUXHETj4QMOA5eM5ojX1NRmiwPUnnnDhfelAz9CGef4uA.mp4?_nc_cat=105&_nc_oc=Adpp9pL6hJMeUw2seCr1_Yfdeh9zLcAV81liCWnURNo7J5domcqc6PtlLZQ6Q2TtySo&_nc_sid=b66105&_nc_ht=video.fblr22-2.fna.fbcdn.net&_nc_ohc=UE_O5gCZO_EQ7kNvwHhDqAU&efg=eyJ2ZW5jb2RlX3RhZyI6Inhwdl9wcm9ncmVzc2l2ZS5WSV9VU0VDQVNFX1BST0RVQ1RfVFlQRS4uQzMuNzIwLmRhc2hfaDI2NC1iYXNpYy1nZW4yXzcyMHAiLCJ4cHZfYXNzZXRfaWQiOjIwOTE2OTg4MjgwODgyNjEsImFzc2V0X2FnZV9kYXlzIjoxLCJ2aV91c2VjYXNlX2lkIjoxMDEzOSwiZHVyYXRpb25fcyI6MjUsInVybGdlbl9zb3VyY2UiOiJ3d3cifQ%3D%3D&ccb=17-1&vs=17d665ce7119448b&_nc_vs=HBksFQIYRWZiX2VwaGVtZXJhbC81RTRGODIyODg5NzA4ODk2QUNFMDVDNkRCNTg0RjhCN19tdF8xX3ZpZGVvX2Rhc2hpbml0Lm1wNBUAAsgBEgAVAhhAZmJfcGVybWFuZW50LzRGNEUyMDQ1QzVCRTRGMTM3NDI1MDJCNkNFODRBNkIzX2F1ZGlvX2Rhc2hpbml0Lm1wNBUCAsgBEgAoABgAGwKIB3VzZV9vaWwBMRJwcm9ncmVzc2l2ZV9yZWNpcGUBMRUAACaKz4Da8pi3BxUCKAJDMywXQDlu2RaHKwIYGWRhc2hfaDI2NC1iYXNpYy1nZW4yXzcyMHARAHUAZbaeAQA&_nc_gid=J8mgZHhQGKt9BVNp91oNMA&_nc_ss=7f289&_nc_zt=28&oh=00_AQBsYlwQJxwUO_Y7bGJ0iH2jS3HGxy8_iEoI_GQaDxWlyQ&oe=6A53CB1F,https://scontent.fblr22-2.fna.fbcdn.net/v/t39.35426-6/738158278_830020233378344_2780016187954610230_n.jpg?_nc_cat=100&ccb=1-7&_nc_sid=c53f8f&_nc_ohc=9YAJ8eg4bwcQ7kNvwFAkhgk&_nc_oc=Adp7DVWuibVMe2ECEDtej4gLL7bHOZ9cp6zU7DCwj8ifD1NXXRNqz1XTpvUAMJbjWH8&_nc_zt=14&_nc_ht=scontent.fblr22-2.fna&_nc_gid=J8mgZHhQGKt9BVNp91oNMA&_nc_ss=7f289&oh=00_AQC_bqBi_MtkA8r3BUF_ytYGyiBzsx922nqxtK_MUhzNHA&oe=6A53CD77,2026-07-12T17:13:03.000Z,2026-07-08
80,79,Lingo AI,599204246602758,Lingo AI,,IN,2031907587426210,https://www.facebook.com/ads/library/?id=2031907587426210,2026-07-05,,false,false,1,0,,2026-07-05,,"🌍 Learn real English for everyday life 
🗣 Practice speaking with simple lessons 
⏱ Just 5 minutes a day 
👉 Download now",👉 Download now,Download,https://speaklearnfrenchlingoai.onelink.me/Y67n?pid=metaweb_int&c={{campaign.name}}&af_c_id={{campaign.id}}&af_adset={{adset.name}}&af_adset_id={{adset.id}}&af_ad={{ad.name}}&af_ad_id={{ad.id}}&af_siteid={{site_source_name}},"Facebook,Instagram,Audience Network,Messenger,Threads","🌍 Learn real English for everyday life 
🗣 Practice speaking with simple lessons 
⏱ Just 5 minutes a day 
👉 Download now",👉 Download now,Download,https://speaklearnfrenchlingoai.onelink.me/Y67n?pid=metaweb_int&c={{campaign.name}}&af_c_id={{campaign.id}}&af_adset={{adset.name}}&af_adset_id={{adset.id}}&af_ad={{ad.name}}&af_ad_id={{ad.id}}&af_siteid={{site_source_name}},Video,"Facebook,Instagram,Audience Network,Messenger,Threads",1,0,9:16,https://video.fblr22-2.fna.fbcdn.net/o1/v/t2/f2/m366/AQPJxWdHnVNCEWDXOLTvdZa5ZbNJc-9qut6-JsMsESLcHqNa7p6MWx5BhKxm-Oi37Pctpm2TWxlzoR0JvVX6Bu3d_b2_cfymUc7gw16JQe-dlQ.mp4?_nc_cat=107&_nc_oc=AdrQfFnMZ3jBq9_1SKk_zxuFieP3lv-7bEzyTczIRfb56kMgX_u0IznNGb958bFSH-o&_nc_sid=b66105&_nc_ht=video.fblr22-2.fna.fbcdn.net&_nc_ohc=2ii-L7XKNuUQ7kNvwHqi4gN&efg=eyJ2ZW5jb2RlX3RhZyI6Inhwdl9wcm9ncmVzc2l2ZS5WSV9VU0VDQVNFX1BST0RVQ1RfVFlQRS4uQzMuNjA4LmRhc2hfaDI2NC1iYXNpYy1nZW4yXzcyMHAiLCJ4cHZfYXNzZXRfaWQiOjE1MDU5NTIwNzcyODg1OTUsImFzc2V0X2FnZV9kYXlzIjo1LCJ2aV91c2VjYXNlX2lkIjoxMDEzOSwiZHVyYXRpb25fcyI6NDAsInVybGdlbl9zb3VyY2UiOiJ3d3cifQ%3D%3D&ccb=17-1&vs=a671f22424be215c&_nc_vs=HBksFQIYRWZiX2VwaGVtZXJhbC84NTRENzlEOEM2NDQ0REM0M0MyOTZCNEQxRDZFQTlBNV9tdF8xX3ZpZGVvX2Rhc2hpbml0Lm1wNBUAAsgBEgAVAhhAZmJfcGVybWFuZW50L0Y3NDk2RjRCNDk0NTg3QTVFNkY5QjdEOTczRjYzOThEX2F1ZGlvX2Rhc2hpbml0Lm1wNBUCAsgBEgAoABgAGwKIB3VzZV9vaWwBMRJwcm9ncmVzc2l2ZV9yZWNpcGUBMRUAACam0uyp-emsBRUCKAJDMywXQEQ7peNT988YGWRhc2hfaDI2NC1iYXNpYy1nZW4yXzcyMHARAHUAZbaeAQA&_nc_gid=J8mgZHhQGKt9BVNp91oNMA&_nc_ss=7f289&_nc_zt=28&oh=00_AQDYPSmN2eve1CrCFwF7eQNj5rvjPfOKGQVUHAuKWzG3xw&oe=6A53EE65,https://scontent.fblr22-2.fna.fbcdn.net/v/t39.35426-6/739335567_1018098847484703_8605750225363443614_n.jpg?_nc_cat=110&ccb=1-7&_nc_sid=c53f8f&_nc_ohc=EbYADQIZfNUQ7kNvwG6sq3D&_nc_oc=AdoqFXMwrle82lNZuAfCuRb4LwJONgHjOIkISdQgu4jvx66x27nkd--z6HDdrtaO-H0&_nc_zt=14&_nc_ht=scontent.fblr22-2.fna&_nc_gid=J8mgZHhQGKt9BVNp91oNMA&_nc_ss=7f289&oh=00_AQDpJv5FO_DVF8cHnWWsbRH9OGP3E_Kkbwb86oYB9JZi3g&oe=6A53E04F,2026-07-12T19:43:33.000Z,2026-07-08
81,80,Lingo AI,599204246602758,Lingo AI,,IN,1427717762585898,https://www.facebook.com/ads/library/?id=1427717762585898,2026-06-16,,false,false,1,0,,2026-06-16,,"🚀 Master French Faster, Just 5 Minutes a Day!
🥳 Join Learners Who Found a Fun Way to Master a Language!
✨ Our mission is to unlock your French.",✨Try it now~,Install now,http://itunes.apple.com/app/id6740255326,"Facebook,Instagram,Audience Network,Messenger","🚀 Master French Faster, Just 5 Minutes a Day!
🥳 Join Learners Who Found a Fun Way to Master a Language!
✨ Our mission is to unlock your French.",✨Try it now~,Install now,http://itunes.apple.com/app/id6740255326,Video,"Facebook,Instagram,Audience Network,Messenger",1,0,9:16,https://video.fblr22-2.fna.fbcdn.net/o1/v/t2/f2/m366/AQPTQfoqYrFkchaFN5oTRz9cg2GZl95SO6OdaPOdcrY8oKt7JGZJCvjDwv2G58h5v3pUv5c0vCLacvn2ZfvTOh4nb3tXqVQY3rUwPSlskVb4Bw.mp4?_nc_cat=100&_nc_oc=AdpjrfEs11sMK9u7Bt2CoLLbRMzsz0tflN8-ZkRGAl_IJY29kA1d4f7O1xK3wmMscZY&_nc_sid=b66105&_nc_ht=video.fblr22-2.fna.fbcdn.net&_nc_ohc=E46xU644eCcQ7kNvwHG41A4&efg=eyJ2ZW5jb2RlX3RhZyI6Inhwdl9wcm9ncmVzc2l2ZS5WSV9VU0VDQVNFX1BST0RVQ1RfVFlQRS4uQzMuNzIwLmRhc2hfaDI2NC1iYXNpYy1nZW4yXzcyMHAiLCJ4cHZfYXNzZXRfaWQiOjEwMjkxNTIxNjMwNjUyMTcsImFzc2V0X2FnZV9kYXlzIjoyMCwidmlfdXNlY2FzZV9pZCI6MTAxMzksImR1cmF0aW9uX3MiOjI0LCJ1cmxnZW5fc291cmNlIjoid3d3In0%3D&ccb=17-1&vs=687786221ed9d73e&_nc_vs=HBksFQIYRWZiX2VwaGVtZXJhbC8xQTQwQkQwQTM3Qzk0Rjg1RTlFOENBQTI1NEQ0RTY4OV9tdF8xX3ZpZGVvX2Rhc2hpbml0Lm1wNBUAAsgBEgAVAhhAZmJfcGVybWFuZW50L0ZENEJFMzE2QjA3QTQxOTZEMUYyMTJDODkyNDBENUE4X2F1ZGlvX2Rhc2hpbml0Lm1wNBUCAsgBEgAoABgAGwKIB3VzZV9vaWwBMRJwcm9ncmVzc2l2ZV9yZWNpcGUBMRUAACaCtsuRxYDUAxUCKAJDMywXQDjdsi0OVgQYGWRhc2hfaDI2NC1iYXNpYy1nZW4yXzcyMHARAHUAZbaeAQA&_nc_gid=yTii3TGu_OkQ_ZYs-ohuTQ&_nc_ss=7f289&_nc_zt=28&oh=00_AQBeAU45yDp1K7OxLI3gWIkEznbJEDrO_ylJX3B-GlKXyA&oe=6A53E0F4,https://scontent.fblr22-2.fna.fbcdn.net/v/t39.35426-6/724534592_1033303202384561_2627745072864853879_n.jpg?_nc_cat=110&ccb=1-7&_nc_sid=c53f8f&_nc_ohc=NC4oVFkAfZsQ7kNvwGbGR_2&_nc_oc=AdonA_MW9CfY8PHlAMO2O5RSkSYq_cTKSgOmKOzw2ZhGcjWnF3NsjZ0z9IUqGCK9_Xg&_nc_zt=14&_nc_ht=scontent.fblr22-2.fna&_nc_gid=yTii3TGu_OkQ_ZYs-ohuTQ&_nc_ss=7f289&oh=00_AQA_q2zgT_j4LxAelwgBzuKIC9tgznwEjVpmil-NWu6STQ&oe=6A53E300,2026-07-12T18:46:12.000Z,2026-07-08
82,81,Lingo AI,599204246602758,Lingo AI,,IN,1663926744681954,https://www.facebook.com/ads/library/?id=1663926744681954,2026-06-24,,false,false,1,0,,2026-06-24,,"🌍 Learn real English for everyday life 
🗣 Practice speaking with simple lessons 
⏱ Just 5 minutes a day
👉 Download now",👇 Start now,Download,https://speaklearnfrenchlingoai.onelink.me/Y67n?pid=metaweb_int&c={{campaign.name}}&af_c_id={{campaign.id}}&af_adset={{adset.name}}&af_adset_id={{adset.id}}&af_ad={{ad.name}}&af_ad_id={{ad.id}}&af_siteid={{site_source_name}},"Facebook,Instagram,Audience Network,Messenger,Threads","🌍 Learn real English for everyday life 
🗣 Practice speaking with simple lessons 
⏱ Just 5 minutes a day
👉 Download now",👇 Start now,Download,https://speaklearnfrenchlingoai.onelink.me/Y67n?pid=metaweb_int&c={{campaign.name}}&af_c_id={{campaign.id}}&af_adset={{adset.name}}&af_adset_id={{adset.id}}&af_ad={{ad.name}}&af_ad_id={{ad.id}}&af_siteid={{site_source_name}},Video,"Facebook,Instagram,Audience Network,Messenger,Threads",1,0,9:16,https://video.fblr22-2.fna.fbcdn.net/o1/v/t2/f2/m366/AQN7SLXyffl34MiDjEW5HqCsLlUP7aNY5YP62TDmPUmmCI175IzCshR-pNxyu0UdryzzluKs0c28aB27ZcKNFoOXwVaP-ZIStA92tbHlDlPbjw.mp4?_nc_cat=105&_nc_oc=AdoKyAeBMAYYK7A0VBD6qNIWmJfNfRBCXQb2Weuk3-Z1OpDdFXXiYS-L3QWXjthG3p0&_nc_sid=b66105&_nc_ht=video.fblr22-2.fna.fbcdn.net&_nc_ohc=3rhbjt-TU-wQ7kNvwF36cZK&efg=eyJ2ZW5jb2RlX3RhZyI6Inhwdl9wcm9ncmVzc2l2ZS5WSV9VU0VDQVNFX1BST0RVQ1RfVFlQRS4uQzMuNzIwLmRhc2hfaDI2NC1iYXNpYy1nZW4yXzcyMHAiLCJ4cHZfYXNzZXRfaWQiOjk4NzE0MDU0NDEzODA4NCwiYXNzZXRfYWdlX2RheXMiOjEyLCJ2aV91c2VjYXNlX2lkIjoxMDEzOSwiZHVyYXRpb25fcyI6MzUsInVybGdlbl9zb3VyY2UiOiJ3d3cifQ%3D%3D&ccb=17-1&vs=15a32f6d197e0e16&_nc_vs=HBksFQIYRWZiX2VwaGVtZXJhbC9CNDQyOTA1NzgyODJGOUI2RTI2NDk2MEFGQTIxQzU5RF9tdF8xX3ZpZGVvX2Rhc2hpbml0Lm1wNBUAAsgBEgAVAhhAZmJfcGVybWFuZW50LzI5NDg2RTlFODgwQTM4NDNDMjlENzdBNEQ5NjA3OUFFX2F1ZGlvX2Rhc2hpbml0Lm1wNBUCAsgBEgAoABgAGwKIB3VzZV9vaWwBMRJwcm9ncmVzc2l2ZV9yZWNpcGUBMRUAACbIrdCXkvPAAxUCKAJDMywXQEGMzMzMzM0YGWRhc2hfaDI2NC1iYXNpYy1nZW4yXzcyMHARAHUAZbaeAQA&_nc_gid=yTii3TGu_OkQ_ZYs-ohuTQ&_nc_ss=7f289&_nc_zt=28&oh=00_AQCfSSTQg9zcRTmcaZVwaeihf4X3CNqHwZ3AvqVD2oPLgw&oe=6A53D1EB,https://scontent.fblr22-1.fna.fbcdn.net/v/t39.35426-6/731787717_1023479620614515_1915686832150999917_n.jpg?_nc_cat=109&ccb=1-7&_nc_sid=c53f8f&_nc_ohc=PMQT-ik53N0Q7kNvwGwKDX2&_nc_oc=AdqdM00aZ_1oYDOcuZC0Gc17GdidWm9MClZMs66dLbTLDoahjVP28kgpD6EJMFSh3E4&_nc_zt=14&_nc_ht=scontent.fblr22-1.fna&_nc_gid=yTii3TGu_OkQ_ZYs-ohuTQ&_nc_ss=7f289&oh=00_AQDcQaU9KzNAOTqakdfcgmHtfsVv36vAMvU3wZK5oijmaQ&oe=6A53E989,2026-07-12T17:42:03.000Z,2026-07-08
83,82,Lingo AI,599204246602758,Lingo AI,,IN,1015161667588955,https://www.facebook.com/ads/library/?id=1015161667588955,2026-07-05,,false,false,1,0,,2026-07-05,,"🌍 Lerne echtes Englisch für den Alltag
🗣 Übe das Sprechen mit einfachen Lektionen
⏱ Nur 5 Minuten pro Tag
👉 Jetzt herunterladen",👉 Jetzt herunterladen,Download,https://speaklearnfrenchlingoai.onelink.me/Y67n?pid=metaweb_int&c={{campaign.name}}&af_c_id={{campaign.id}}&af_adset={{adset.name}}&af_adset_id={{adset.id}}&af_ad={{ad.name}}&af_ad_id={{ad.id}}&af_siteid={{site_source_name}},"Facebook,Instagram,Audience Network,Messenger,Threads","🌍 Lerne echtes Englisch für den Alltag
🗣 Übe das Sprechen mit einfachen Lektionen
⏱ Nur 5 Minuten pro Tag
👉 Jetzt herunterladen",👉 Jetzt herunterladen,Download,https://speaklearnfrenchlingoai.onelink.me/Y67n?pid=metaweb_int&c={{campaign.name}}&af_c_id={{campaign.id}}&af_adset={{adset.name}}&af_adset_id={{adset.id}}&af_ad={{ad.name}}&af_ad_id={{ad.id}}&af_siteid={{site_source_name}},Video,"Facebook,Instagram,Audience Network,Messenger,Threads",1,0,9:16,https://video.fblr22-1.fna.fbcdn.net/o1/v/t2/f2/m366/AQPA2dkKNc5t0zMHGquTtR87NYFsI1GDjClfo2kaSCYEFpxnMps36pHkmaF2gOek_-SVMVSFIkbF3CzGoUHhWoyvwaMHCiQfjKxR6OjoXEGNxg.mp4?_nc_cat=109&_nc_oc=Ado-1cLnOYP5XScT-yif4eS1uz3SSwID4BGF5Nzk5CuPx6p315Phf98zNglLL9m0SmI&_nc_sid=b66105&_nc_ht=video.fblr22-1.fna.fbcdn.net&_nc_ohc=ytkLawhbGPoQ7kNvwH6yRFo&efg=eyJ2ZW5jb2RlX3RhZyI6Inhwdl9wcm9ncmVzc2l2ZS5WSV9VU0VDQVNFX1BST0RVQ1RfVFlQRS4uQzMuNjA4LmRhc2hfaDI2NC1iYXNpYy1nZW4yXzcyMHAiLCJ4cHZfYXNzZXRfaWQiOjE5NTYyMjY5MzUwMjgxMDUsImFzc2V0X2FnZV9kYXlzIjoxLCJ2aV91c2VjYXNlX2lkIjoxMDEzOSwiZHVyYXRpb25fcyI6NjIsInVybGdlbl9zb3VyY2UiOiJ3d3cifQ%3D%3D&ccb=17-1&vs=84dc2c96734f4fab&_nc_vs=HBksFQIYRWZiX2VwaGVtZXJhbC84MDRFOEI2MTU0MTJENjVFRkU4MzdCM0VDNDVCN0I5MV9tdF8xX3ZpZGVvX2Rhc2hpbml0Lm1wNBUAAsgBEgAVAhhAZmJfcGVybWFuZW50LzczNEY1QjE3NkRCMTY0ODU3OTQ1QjZDNEQ1RUQ4MzkyX2F1ZGlvX2Rhc2hpbml0Lm1wNBUCAsgBEgAoABgAGwKIB3VzZV9vaWwBMRJwcm9ncmVzc2l2ZV9yZWNpcGUBMRUAACaS5v-4ssv5BhUCKAJDMywXQE97peNT988YGWRhc2hfaDI2NC1iYXNpYy1nZW4yXzcyMHARAHUAZbaeAQA&_nc_gid=yTii3TGu_OkQ_ZYs-ohuTQ&_nc_ss=7f289&_nc_zt=28&oh=00_AQCVtY_t_oTtf8uN92UjdJrmW44JkpHUY_FGqlBsJZdETw&oe=6A53BEC3,https://scontent.fblr22-1.fna.fbcdn.net/v/t39.35426-6/740779646_1059388826523471_4813495080691012960_n.jpg?_nc_cat=103&ccb=1-7&_nc_sid=c53f8f&_nc_ohc=L1IgZ2ZTVIYQ7kNvwHPDeGL&_nc_oc=AdoxQLMy2ROoraJWNXFLSXGIPG2EZO7vmlzEY9sHR8QPpdUePLJdrh2jTHTgZxQ1kdQ&_nc_zt=14&_nc_ht=scontent.fblr22-1.fna&_nc_gid=yTii3TGu_OkQ_ZYs-ohuTQ&_nc_ss=7f289&oh=00_AQB1I160urSEW1CD4dEp6a4jLzS6Qss06OomM3K60MB2OQ&oe=6A53E570,2026-07-12T16:20:19.000Z,2026-07-08
84,83,Lingo AI,599204246602758,Lingo AI,,IN,1314724773975165,https://www.facebook.com/ads/library/?id=1314724773975165,2026-06-30,,false,false,1,0,,2026-06-30,,"📘 Aprenda inglês facilmente com lições simples
😊 Ganhe confiança com a prática diária de conversação
👉 Baixe agora",👉 Baixe agora,Download,https://speaklearnfrenchlingoai.onelink.me/Y67n?pid=metaweb_int&c={{campaign.name}}&af_c_id={{campaign.id}}&af_adset={{adset.name}}&af_adset_id={{adset.id}}&af_ad={{ad.name}}&af_ad_id={{ad.id}}&af_siteid={{site_source_name}},"Facebook,Instagram,Audience Network,Messenger,Threads","📘 Aprenda inglês facilmente com lições simples
😊 Ganhe confiança com a prática diária de conversação
👉 Baixe agora",👉 Baixe agora,Download,https://speaklearnfrenchlingoai.onelink.me/Y67n?pid=metaweb_int&c={{campaign.name}}&af_c_id={{campaign.id}}&af_adset={{adset.name}}&af_adset_id={{adset.id}}&af_ad={{ad.name}}&af_ad_id={{ad.id}}&af_siteid={{site_source_name}},Video,"Facebook,Instagram,Audience Network,Messenger,Threads",1,0,9:16,https://video.fblr22-1.fna.fbcdn.net/o1/v/t2/f2/m366/AQNcRfVlO86iVohJxH0r19lo-H93rxTcGcsDHke8GN9PVhL-Jk3av-TyNRkTbJNQu2Br3SwzLm4VEh9fV7W9bcl4KP75ZqOAt1EYuMgs84H_5A.mp4?_nc_cat=101&_nc_oc=Adqevzu0wX0KgLbA_aMeUy0jMmLxufSTGO3hWOQTbydb_E02nY6VEDO3h-pwnWGmeFI&_nc_sid=b66105&_nc_ht=video.fblr22-1.fna.fbcdn.net&_nc_ohc=9XJAOOg7nBkQ7kNvwGX7PTZ&efg=eyJ2ZW5jb2RlX3RhZyI6Inhwdl9wcm9ncmVzc2l2ZS5WSV9VU0VDQVNFX1BST0RVQ1RfVFlQRS4uQzMuNjA4LmRhc2hfaDI2NC1iYXNpYy1nZW4yXzcyMHAiLCJ4cHZfYXNzZXRfaWQiOjEwNDgzMjUwMzc5NTY2MjUsImFzc2V0X2FnZV9kYXlzIjo2LCJ2aV91c2VjYXNlX2lkIjoxMDEzOSwiZHVyYXRpb25fcyI6MjMsInVybGdlbl9zb3VyY2UiOiJ3d3cifQ%3D%3D&ccb=17-1&vs=30c130d8609dd36c&_nc_vs=HBksFQIYRWZiX2VwaGVtZXJhbC85QTQ4OUMxRURBMkEzMDY5ODE3OURFODdBRjc0QzM5Q19tdF8xX3ZpZGVvX2Rhc2hpbml0Lm1wNBUAAsgBEgAVAhhAZmJfcGVybWFuZW50LzFDNEMwRDQ5NTc5QjA3MjlFMzgxQjVFMURFQTM4RTgzX2F1ZGlvX2Rhc2hpbml0Lm1wNBUCAsgBEgAoABgAGwKIB3VzZV9vaWwBMRJwcm9ncmVzc2l2ZV9yZWNpcGUBMRUAACai-PiXxtzcAxUCKAJDMywXQDdu2RaHKwIYGWRhc2hfaDI2NC1iYXNpYy1nZW4yXzcyMHARAHUAZbaeAQA&_nc_gid=yTii3TGu_OkQ_ZYs-ohuTQ&_nc_ss=7f289&_nc_zt=28&oh=00_AQAycZhP98wJwtFmToBaBiPgHbMR9h20F0o6-2vedNH6-w&oe=6A53C92F,https://scontent.fblr22-1.fna.fbcdn.net/v/t39.35426-6/736798701_848981337999462_7484242003984562374_n.jpg?_nc_cat=102&ccb=1-7&_nc_sid=c53f8f&_nc_ohc=WFXJS4A1K0wQ7kNvwE_PF2B&_nc_oc=Ado2kvRM4UjYZ4f3qG6m69omagyaZUP-lEImbcTadLsZjSS9m_VQVswz980KvtbMiyY&_nc_zt=14&_nc_ht=scontent.fblr22-1.fna&_nc_gid=yTii3TGu_OkQ_ZYs-ohuTQ&_nc_ss=7f289&oh=00_AQDyy3LpZ3evBqnMelwmqV5oh6RJw5DcUhstRtJiTAhglw&oe=6A53EAC4,2026-07-12T17:04:47.000Z,2026-07-08
85,84,Lingo AI,599204246602758,Lingo AI,,IN,1821063475538897,https://www.facebook.com/ads/library/?id=1821063475538897,2026-06-30,,false,false,1,0,,2026-06-30,,"🌍 Lerne echtes Englisch für den Alltag
🗣 Übe das Sprechen mit einfachen Lektionen
⏱ Nur 5 Minuten pro Tag
👉 Jetzt herunterladen",👉 Jetzt herunterladen,Download,https://speaklearnfrenchlingoai.onelink.me/Y67n?pid=metaweb_int&c={{campaign.name}}&af_c_id={{campaign.id}}&af_adset={{adset.name}}&af_adset_id={{adset.id}}&af_ad={{ad.name}}&af_ad_id={{ad.id}}&af_siteid={{site_source_name}},"Facebook,Instagram,Audience Network,Messenger,Threads","🌍 Lerne echtes Englisch für den Alltag
🗣 Übe das Sprechen mit einfachen Lektionen
⏱ Nur 5 Minuten pro Tag
👉 Jetzt herunterladen",👉 Jetzt herunterladen,Download,https://speaklearnfrenchlingoai.onelink.me/Y67n?pid=metaweb_int&c={{campaign.name}}&af_c_id={{campaign.id}}&af_adset={{adset.name}}&af_adset_id={{adset.id}}&af_ad={{ad.name}}&af_ad_id={{ad.id}}&af_siteid={{site_source_name}},Video,"Facebook,Instagram,Audience Network,Messenger,Threads",1,0,9:16,https://video.fblr22-2.fna.fbcdn.net/o1/v/t2/f2/m366/AQMkCTMSN8PXVGr-bmeadG7_IBGa5XRtL9kiNeri5L7jcALTOm6mf1X_O6JEXuacEgP7zhWpwJizZCjlqv_wZapnyEylVLq1Dlk90APWd7-Nww.mp4?_nc_cat=100&_nc_oc=AdpLSPqRG3-Mbe6r_ZOXHkxP5_rwPELUHi2Z6XIk727_tvhiW9HiUi6kV5L_vktQkiE&_nc_sid=b66105&_nc_ht=video.fblr22-2.fna.fbcdn.net&_nc_ohc=yMSRnkBOj1sQ7kNvwHd8dS6&efg=eyJ2ZW5jb2RlX3RhZyI6Inhwdl9wcm9ncmVzc2l2ZS5WSV9VU0VDQVNFX1BST0RVQ1RfVFlQRS4uQzMuNjA4LmRhc2hfaDI2NC1iYXNpYy1nZW4yXzcyMHAiLCJ4cHZfYXNzZXRfaWQiOjE3NzQ2Mjk3MDcyNDM3MDQsImFzc2V0X2FnZV9kYXlzIjo3LCJ2aV91c2VjYXNlX2lkIjoxMDEzOSwiZHVyYXRpb25fcyI6MjcsInVybGdlbl9zb3VyY2UiOiJ3d3cifQ%3D%3D&ccb=17-1&vs=a414dd734df259bd&_nc_vs=HBksFQIYRWZiX2VwaGVtZXJhbC8yQzQ4NkM4OUNERjQ1MjNGMzc2MzdCRkMxNDkwMUFCMV9tdF8xX3ZpZGVvX2Rhc2hpbml0Lm1wNBUAAsgBEgAVAhhAZmJfcGVybWFuZW50LzhFNDQzRkREOTAyMjlCQ0QzMzA4NzA2REVFMjFEQzk1X2F1ZGlvX2Rhc2hpbml0Lm1wNBUCAsgBEgAoABgAGwKIB3VzZV9vaWwBMRJwcm9ncmVzc2l2ZV9yZWNpcGUBMRUAACbwgvfUhYGnBhUCKAJDMywXQDtu2RaHKwIYGWRhc2hfaDI2NC1iYXNpYy1nZW4yXzcyMHARAHUAZbaeAQA&_nc_gid=yTii3TGu_OkQ_ZYs-ohuTQ&_nc_ss=7f289&_nc_zt=28&oh=00_AQBCFzpjX-gjoXhrcTTHIw9_opS8PocKuGAlK_NrC9oFKA&oe=6A53DE20,https://scontent.fblr22-1.fna.fbcdn.net/v/t39.35426-6/734932301_896217100188292_146861111438981126_n.jpg?_nc_cat=101&ccb=1-7&_nc_sid=c53f8f&_nc_ohc=Zc8WknTtERgQ7kNvwE_UkFG&_nc_oc=Adp6OHs7DqaUDm8f2LuYhDW0jtWv7_tapWm5Al3JRS2TgGEdA0I_ryFi3k_PgrBwWOE&_nc_zt=14&_nc_ht=scontent.fblr22-1.fna&_nc_gid=yTii3TGu_OkQ_ZYs-ohuTQ&_nc_ss=7f289&oh=00_AQCZByD5Rent7qcdX9HqtgC7n4NnftCRh6bJGGe-O3tMNQ&oe=6A53E07E,2026-07-12T18:34:08.000Z,2026-07-08
86,85,Lingo AI,599204246602758,Lingo AI,,IN,1659624368456446,https://www.facebook.com/ads/library/?id=1659624368456446,2026-07-05,,false,false,1,0,,2026-07-05,,"🌍 Lerne echtes Englisch für den Alltag
🗣 Übe das Sprechen mit einfachen Lektionen
⏱ Nur 5 Minuten pro Tag
👉 Jetzt herunterladen",👉 Jetzt herunterladen,Download,https://speaklearnfrenchlingoai.onelink.me/Y67n?pid=metaweb_int&c={{campaign.name}}&af_c_id={{campaign.id}}&af_adset={{adset.name}}&af_adset_id={{adset.id}}&af_ad={{ad.name}}&af_ad_id={{ad.id}}&af_siteid={{site_source_name}},"Facebook,Instagram,Audience Network,Messenger,Threads","🌍 Lerne echtes Englisch für den Alltag
🗣 Übe das Sprechen mit einfachen Lektionen
⏱ Nur 5 Minuten pro Tag
👉 Jetzt herunterladen",👉 Jetzt herunterladen,Download,https://speaklearnfrenchlingoai.onelink.me/Y67n?pid=metaweb_int&c={{campaign.name}}&af_c_id={{campaign.id}}&af_adset={{adset.name}}&af_adset_id={{adset.id}}&af_ad={{ad.name}}&af_ad_id={{ad.id}}&af_siteid={{site_source_name}},Video,"Facebook,Instagram,Audience Network,Messenger,Threads",1,0,9:16,https://video.fblr22-2.fna.fbcdn.net/o1/v/t2/f2/m366/AQPzE-p-S067FYzSpSdp4l6vsfSWPGG3CBLTO_x9zzXcr7NJcl2c5Jqw_D4Cp3OHjENoox2VknqyfOBVHNvd_Udl5-AUyfe2bh9ggilAwebSkw.mp4?_nc_cat=110&_nc_oc=AdqGsBztucRckkPtCxod9uG9LEX5M424EJeTEhB7Cymjwmnths72I_kliVieX4tL2BA&_nc_sid=b66105&_nc_ht=video.fblr22-2.fna.fbcdn.net&_nc_ohc=h8uiN0wvC_0Q7kNvwF74mFC&efg=eyJ2ZW5jb2RlX3RhZyI6Inhwdl9wcm9ncmVzc2l2ZS5WSV9VU0VDQVNFX1BST0RVQ1RfVFlQRS4uQzMuNjA4LmRhc2hfaDI2NC1iYXNpYy1nZW4yXzcyMHAiLCJ4cHZfYXNzZXRfaWQiOjIwNDIyMzQ4Mzk5ODgyODMsImFzc2V0X2FnZV9kYXlzIjoxLCJ2aV91c2VjYXNlX2lkIjoxMDEzOSwiZHVyYXRpb25fcyI6NjMsInVybGdlbl9zb3VyY2UiOiJ3d3cifQ%3D%3D&ccb=17-1&vs=7466fe71ad6ff20a&_nc_vs=HBksFQIYRWZiX2VwaGVtZXJhbC84OTQyNDIwNzYxMzcyNDA4MzdGNDJCNzg5RjVGQjk4NV9tdF8xX3ZpZGVvX2Rhc2hpbml0Lm1wNBUAAsgBEgAVAhhAZmJfcGVybWFuZW50LzYwNEIxQUMyNTEzMzIyM0JEQ0I1OTgzRjhDM0M3QzhFX2F1ZGlvX2Rhc2hpbml0Lm1wNBUCAsgBEgAoABgAGwKIB3VzZV9vaWwBMRJwcm9ncmVzc2l2ZV9yZWNpcGUBMRUAACb24Pui29mgBxUCKAJDMywXQE-d0vGp--cYGWRhc2hfaDI2NC1iYXNpYy1nZW4yXzcyMHARAHUAZbaeAQA&_nc_gid=yTii3TGu_OkQ_ZYs-ohuTQ&_nc_ss=7f289&_nc_zt=28&oh=00_AQBFcVz-W5WqdlD6AUWHqMCx5C0P3_1tfbcbjThE5LQvUA&oe=6A53BCFA,https://scontent.fblr22-1.fna.fbcdn.net/v/t39.35426-6/739243709_2364507037374950_877857420994434716_n.jpg?_nc_cat=102&ccb=1-7&_nc_sid=c53f8f&_nc_ohc=80gDtqgzQUsQ7kNvwExTqzW&_nc_oc=AdqE9b7ygDOyU8Gz36Qv9Wyn2lu9Q5LV87rmHhf2p6Yy-PCCrs3WBlBPWPniVgxFsFo&_nc_zt=14&_nc_ht=scontent.fblr22-1.fna&_nc_gid=yTii3TGu_OkQ_ZYs-ohuTQ&_nc_ss=7f289&oh=00_AQDaEigRdmXvV4-irjFx-y9ZiTH0ddwGaH235pyqIvirPQ&oe=6A53D105,2026-07-12T16:12:42.000Z,2026-07-08
87,86,Lingo AI,599204246602758,Lingo AI,,IN,1661401064910641,https://www.facebook.com/ads/library/?id=1661401064910641,2026-06-17,,false,false,1,0,,2026-06-17,,"📘 Learn English easily with simple lessons 
😊 Build confidence with everyday speaking practice 
👉 Download now",👉 Download now,Download,https://speaklearnfrenchlingoai.onelink.me/Y67n?pid=metaweb_int&c={{campaign.name}}&af_c_id={{campaign.id}}&af_adset={{adset.name}}&af_adset_id={{adset.id}}&af_ad={{ad.name}}&af_ad_id={{ad.id}}&af_siteid={{site_source_name}},"Facebook,Instagram,Audience Network,Messenger,Threads","📘 Learn English easily with simple lessons 
😊 Build confidence with everyday speaking practice 
👉 Download now",👉 Download now,Download,https://speaklearnfrenchlingoai.onelink.me/Y67n?pid=metaweb_int&c={{campaign.name}}&af_c_id={{campaign.id}}&af_adset={{adset.name}}&af_adset_id={{adset.id}}&af_ad={{ad.name}}&af_ad_id={{ad.id}}&af_siteid={{site_source_name}},Video,"Facebook,Instagram,Audience Network,Messenger,Threads",1,0,9:16,https://video.fblr22-1.fna.fbcdn.net/o1/v/t2/f2/m366/AQMscpjK2NRsBMtJWNLpQtlLsyilLFjc1ff9jnKpnynJXqKZOm1jDYIe0fDJCYIXacM3PO0Nj8X3cgMFqqe8ADMClLn22trGOZj34lsrRENsDQ.mp4?_nc_cat=109&_nc_oc=AdqFDkoWUElwD5SeCXPE_wjs2tWSXD7DcYbyjOsWU4jXcAI9mUcfGfJzo532XYOhyfc&_nc_sid=b66105&_nc_ht=video.fblr22-1.fna.fbcdn.net&_nc_ohc=E9xd3B26F_UQ7kNvwFxRdib&efg=eyJ2ZW5jb2RlX3RhZyI6Inhwdl9wcm9ncmVzc2l2ZS5WSV9VU0VDQVNFX1BST0RVQ1RfVFlQRS4uQzMuNjA4LmRhc2hfaDI2NC1iYXNpYy1nZW4yXzcyMHAiLCJ4cHZfYXNzZXRfaWQiOjI2OTE1NjMyMzMxNDQyMTM3LCJhc3NldF9hZ2VfZGF5cyI6MjksInZpX3VzZWNhc2VfaWQiOjEwMTM5LCJkdXJhdGlvbl9zIjozNSwidXJsZ2VuX3NvdXJjZSI6Ind3dyJ9&ccb=17-1&vs=4fb97acfaa61909b&_nc_vs=HBksFQIYRWZiX2VwaGVtZXJhbC8zMzQyMDFBNDM0RThGMTI2QzZDNkE1MkVDNUJFNTI5Q19tdF8xX3ZpZGVvX2Rhc2hpbml0Lm1wNBUAAsgBEgAVAhhAZmJfcGVybWFuZW50L0YxNDExRTBGNjI0QjE0NTkxMTZFMUZGNkNGMDM3Mjk0X2F1ZGlvX2Rhc2hpbml0Lm1wNBUCAsgBEgAoABgAGwKIB3VzZV9vaWwBMRJwcm9ncmVzc2l2ZV9yZWNpcGUBMRUAACayn6qAgOjPXxUCKAJDMywXQEGMzMzMzM0YGWRhc2hfaDI2NC1iYXNpYy1nZW4yXzcyMHARAHUAZbaeAQA&_nc_gid=yTii3TGu_OkQ_ZYs-ohuTQ&_nc_ss=7f289&_nc_zt=28&oh=00_AQCENgKbDHYqMaq7khieuK4Ro9X1rZmH6POkgQAyJRpk4Q&oe=6A53D2EF,https://scontent.fblr22-1.fna.fbcdn.net/v/t39.35426-6/722752984_2582162872237068_4219192888034636073_n.jpg?_nc_cat=103&ccb=1-7&_nc_sid=c53f8f&_nc_ohc=_3KDcsE7UCsQ7kNvwHSK9m4&_nc_oc=AdqkriTQtav4rH-jPKcYt5SiVZZyxf0rb4wbp3W8_GNnQhDsGiDdCOVh2mLwn5hnJpU&_nc_zt=14&_nc_ht=scontent.fblr22-1.fna&_nc_gid=yTii3TGu_OkQ_ZYs-ohuTQ&_nc_ss=7f289&oh=00_AQANKaN0rvDvRNcimUCVvNqdSsj4vshhJhT4eOBqN4V-oQ&oe=6A53CD34,2026-07-12T17:46:23.000Z,2026-07-08
88,87,Lingo AI,599204246602758,Lingo AI,,IN,961157576910821,https://www.facebook.com/ads/library/?id=961157576910821,2026-07-05,,false,false,1,0,,2026-07-05,,"🌍 Learn real English for everyday life 
🗣 Practice speaking with simple lessons 
⏱ Just 5 minutes a day 
👉 Download now",👉 Download now,Download,https://speaklearnfrenchlingoai.onelink.me/Y67n?pid=metaweb_int&c={{campaign.name}}&af_c_id={{campaign.id}}&af_adset={{adset.name}}&af_adset_id={{adset.id}}&af_ad={{ad.name}}&af_ad_id={{ad.id}}&af_siteid={{site_source_name}},"Facebook,Instagram,Audience Network,Messenger,Threads","🌍 Learn real English for everyday life 
🗣 Practice speaking with simple lessons 
⏱ Just 5 minutes a day 
👉 Download now",👉 Download now,Download,https://speaklearnfrenchlingoai.onelink.me/Y67n?pid=metaweb_int&c={{campaign.name}}&af_c_id={{campaign.id}}&af_adset={{adset.name}}&af_adset_id={{adset.id}}&af_ad={{ad.name}}&af_ad_id={{ad.id}}&af_siteid={{site_source_name}},Video,"Facebook,Instagram,Audience Network,Messenger,Threads",1,0,9:16,https://video.fblr22-1.fna.fbcdn.net/o1/v/t2/f2/m366/AQNoy2FJakoB5IBVA5jcXtk7NyLBSSIIorElYzwp1kzkmY6XUpNRE03z7bkr8aRtchC-2TB9UwNE7UmpvDFng-wrbhX28SjM1tAicvq5zupOZA.mp4?_nc_cat=102&_nc_oc=AdqBvn1zZnT6yeNUAJlmHxzIsLprbg65HHGckM7NZ4uFbMe4M8fSMXOnO_BrFqjGSeE&_nc_sid=b66105&_nc_ht=video.fblr22-1.fna.fbcdn.net&_nc_ohc=IdZJ-y_FkIIQ7kNvwFEEuZc&efg=eyJ2ZW5jb2RlX3RhZyI6Inhwdl9wcm9ncmVzc2l2ZS5WSV9VU0VDQVNFX1BST0RVQ1RfVFlQRS4uQzMuNjA4LmRhc2hfaDI2NC1iYXNpYy1nZW4yXzcyMHAiLCJ4cHZfYXNzZXRfaWQiOjExNjcxMjUyNjU2MTMzOTIsImFzc2V0X2FnZV9kYXlzIjo1LCJ2aV91c2VjYXNlX2lkIjoxMDEzOSwiZHVyYXRpb25fcyI6MzksInVybGdlbl9zb3VyY2UiOiJ3d3cifQ%3D%3D&ccb=17-1&vs=739bc62820495d4c&_nc_vs=HBksFQIYRWZiX2VwaGVtZXJhbC9FNjQwRTk1NzdDMUNEMDZGMDc5QUQyRTE2QTVENjY4Ml9tdF8xX3ZpZGVvX2Rhc2hpbml0Lm1wNBUAAsgBEgAVAhhAZmJfcGVybWFuZW50LzNENEE0N0RCQUE0MDBEOThBMzg3QkJGOThBRUZGMDkwX2F1ZGlvX2Rhc2hpbml0Lm1wNBUCAsgBEgAoABgAGwKIB3VzZV9vaWwBMRJwcm9ncmVzc2l2ZV9yZWNpcGUBMRUAACagiezt0N-SBBUCKAJDMywXQEOEOVgQYk4YGWRhc2hfaDI2NC1iYXNpYy1nZW4yXzcyMHARAHUAZbaeAQA&_nc_gid=yTii3TGu_OkQ_ZYs-ohuTQ&_nc_ss=7f289&_nc_zt=28&oh=00_AQAPaYkpb1H9NRGofsYk2xr2UdzOSGmQH0UpS5WCEKaDTw&oe=6A53C72E,https://scontent.fblr22-2.fna.fbcdn.net/v/t39.35426-6/738552656_1784524699182710_3896817267188727767_n.jpg?_nc_cat=100&ccb=1-7&_nc_sid=c53f8f&_nc_ohc=kdPrn5e2ZyUQ7kNvwGS__J5&_nc_oc=AdrgFLFIJ3BITfix0v7olGcMg4Ld4QlU4JcyLTVEpE39hFUnjwgJz2-lYlQKvkcBCH8&_nc_zt=14&_nc_ht=scontent.fblr22-2.fna&_nc_gid=yTii3TGu_OkQ_ZYs-ohuTQ&_nc_ss=7f289&oh=00_AQAtZamc6uhlf3VV8Gn7IoLJ1Hg-wsCy3m9oh1qcUK8xmQ&oe=6A53CC3C,2026-07-12T16:56:14.000Z,2026-07-08
89,88,Lingo AI,599204246602758,Lingo AI,,IN,1184967818034292,https://www.facebook.com/ads/library/?id=1184967818034292,2026-07-05,,false,false,1,0,,2026-07-05,,"😊The best place to learn French language
💼 Boost your French skills in just 5 minutes a day! 
📚The efficient path to fluency.",✨Try it now~,Install now,http://itunes.apple.com/app/id6740255326,"Facebook,Instagram,Audience Network,Messenger,Threads","😊The best place to learn French language
💼 Boost your French skills in just 5 minutes a day! 
📚The efficient path to fluency.",✨Try it now~,Install now,http://itunes.apple.com/app/id6740255326,Video,"Facebook,Instagram,Audience Network,Messenger,Threads",1,0,9:16,https://video.fblr22-1.fna.fbcdn.net/o1/v/t2/f2/m366/AQO-s0ReTxGw8gUspQItTmTtkcSv0NElZkHXWP9IM9rCg5gc2vYGfG-AIV6i6phhineZxQDVeVwBHpySG9AcU6ZDN4lqVF-6atQRD1UrwkBP6Q.mp4?_nc_cat=108&_nc_oc=AdpQKDNwNbWRTrANTgnYAFh4ubvPuH3YxgEQed_dhgANin5hWjNDjyqkBEGBsBrU4xI&_nc_sid=b66105&_nc_ht=video.fblr22-1.fna.fbcdn.net&_nc_ohc=SbiSwa7O-MQQ7kNvwF_1QgN&efg=eyJ2ZW5jb2RlX3RhZyI6Inhwdl9wcm9ncmVzc2l2ZS5WSV9VU0VDQVNFX1BST0RVQ1RfVFlQRS4uQzMuNzIwLmRhc2hfaDI2NC1iYXNpYy1nZW4yXzcyMHAiLCJ4cHZfYXNzZXRfaWQiOjEwMDk2MzA5NzUxMDE2MTEsImFzc2V0X2FnZV9kYXlzIjoyLCJ2aV91c2VjYXNlX2lkIjoxMDEzOSwiZHVyYXRpb25fcyI6NzYsInVybGdlbl9zb3VyY2UiOiJ3d3cifQ%3D%3D&ccb=17-1&vs=14504bfc1a163df3&_nc_vs=HBksFQIYRWZiX2VwaGVtZXJhbC9GRjRCQTg4Q0FCQzI5MjMzQUJDRUY1OTE5M0VFRDNBOV9tdF8xX3ZpZGVvX2Rhc2hpbml0Lm1wNBUAAsgBEgAVAhhAZmJfcGVybWFuZW50LzgyNDZBRENCMzhFNTc2N0EyQTJDMDZCQzBFQjhCNUI5X2F1ZGlvX2Rhc2hpbml0Lm1wNBUCAsgBEgAoABgAGwKIB3VzZV9vaWwBMRJwcm9ncmVzc2l2ZV9yZWNpcGUBMRUAACbWqoD6oJDLAxUCKAJDMywXQFMmZmZmZmYYGWRhc2hfaDI2NC1iYXNpYy1nZW4yXzcyMHARAHUAZbaeAQA&_nc_gid=yTii3TGu_OkQ_ZYs-ohuTQ&_nc_ss=7f289&_nc_zt=28&oh=00_AQCJeAo0jGdkA-dSzQ8wqP5LwPGUTi39fS11xjQ-OSo0Lg&oe=6A53E050,https://scontent.fblr22-2.fna.fbcdn.net/v/t39.35426-6/739794734_1685223845855970_4087271149015327616_n.jpg?_nc_cat=110&ccb=1-7&_nc_sid=c53f8f&_nc_ohc=8eI6O_3nYNEQ7kNvwERKGL0&_nc_oc=AdpBIquUxocwpHXRryhZcJXGs7q6I-3OwFIQi9ZQVwQ3UP6T752DgJmHfejks3fo33o&_nc_zt=14&_nc_ht=scontent.fblr22-2.fna&_nc_gid=yTii3TGu_OkQ_ZYs-ohuTQ&_nc_ss=7f289&oh=00_AQCax4ICuGigSstkwLshdUfQrMNrEEZ3VwIy9i13LDh_YQ&oe=6A53C348,2026-07-12T18:43:28.000Z,2026-07-08
90,89,Lingo AI,599204246602758,Lingo AI,,IN,1415999857029783,https://www.facebook.com/ads/library/?id=1415999857029783,2026-07-03,,false,false,1,0,,2026-07-03,,"📘 Learn English easily with simple lessons 
😊 Build confidence with everyday speaking practice 
👉 Download now",👉 Download now,Download,https://speaklearnfrenchlingoai.onelink.me/Y67n?pid=metaweb_int&c={{campaign.name}}&af_c_id={{campaign.id}}&af_adset={{adset.name}}&af_adset_id={{adset.id}}&af_ad={{ad.name}}&af_ad_id={{ad.id}}&af_siteid={{site_source_name}},"Facebook,Instagram,Audience Network,Messenger,Threads","📘 Learn English easily with simple lessons 
😊 Build confidence with everyday speaking practice 
👉 Download now",👉 Download now,Download,https://speaklearnfrenchlingoai.onelink.me/Y67n?pid=metaweb_int&c={{campaign.name}}&af_c_id={{campaign.id}}&af_adset={{adset.name}}&af_adset_id={{adset.id}}&af_ad={{ad.name}}&af_ad_id={{ad.id}}&af_siteid={{site_source_name}},Video,"Facebook,Instagram,Audience Network,Messenger,Threads",1,0,9:16,https://video.fblr22-1.fna.fbcdn.net/o1/v/t2/f2/m366/AQMESO3-IzeZyh7duuO2WndOCH1dFMvzFcha5OPvrwvi1sqfu51CmILBGqEK0Ht28xT7Ls6smCbh131o_685YFTRFS2UxJ7SA8CPPrCbgj9Nrw.mp4?_nc_cat=106&_nc_oc=AdoQ3vBDE-HZbezGvllYc8NFV4ZM1QfhF6qYa8KXfNKAezp4O58nel7ZXoNfWNH81xg&_nc_sid=b66105&_nc_ht=video.fblr22-1.fna.fbcdn.net&_nc_ohc=JAW5VlFy7OIQ7kNvwHbXfWs&efg=eyJ2ZW5jb2RlX3RhZyI6Inhwdl9wcm9ncmVzc2l2ZS5WSV9VU0VDQVNFX1BST0RVQ1RfVFlQRS4uQzMuNzIwLmRhc2hfaDI2NC1iYXNpYy1nZW4yXzcyMHAiLCJ4cHZfYXNzZXRfaWQiOjI1MTY4ODYxMzg3NTc3MjUsImFzc2V0X2FnZV9kYXlzIjo0LCJ2aV91c2VjYXNlX2lkIjoxMDEzOSwiZHVyYXRpb25fcyI6NDgsInVybGdlbl9zb3VyY2UiOiJ3d3cifQ%3D%3D&ccb=17-1&vs=dd4c1f5579ede56c&_nc_vs=HBksFQIYRWZiX2VwaGVtZXJhbC81NjRENzVGMUFFNDQ1RTYyMjJEMTQ3QzU3QzFBOTVBRl9tdF8xX3ZpZGVvX2Rhc2hpbml0Lm1wNBUAAsgBEgAVAhhAZmJfcGVybWFuZW50L0FFNDNDRDU5NDQ5RjlFMTkyRjQyMTZGNUEwM0E5QzkzX2F1ZGlvX2Rhc2hpbml0Lm1wNBUCAsgBEgAoABgAGwKIB3VzZV9vaWwBMRJwcm9ncmVzc2l2ZV9yZWNpcGUBMRUAACa6ie2Dh8b4CBUCKAJDMywXQEhIcrAgxJwYGWRhc2hfaDI2NC1iYXNpYy1nZW4yXzcyMHARAHUAZbaeAQA&_nc_gid=yTii3TGu_OkQ_ZYs-ohuTQ&_nc_ss=7f289&_nc_zt=28&oh=00_AQB7MhZ60VCUWDNF_MWqNg11ZiLLqWHsgr6SjQivOARjAg&oe=6A53CE02,https://scontent.fblr22-2.fna.fbcdn.net/v/t39.35426-6/739616302_1025915766594246_2561865466800857968_n.jpg?_nc_cat=111&ccb=1-7&_nc_sid=c53f8f&_nc_ohc=xMyv097MoUgQ7kNvwH-W_El&_nc_oc=Adpw2Do0KneWo_pKEph_9oiLXdn2SYythDkdRrduxaDLsVBCAQoAUX0O3_kZEiVIgb4&_nc_zt=14&_nc_ht=scontent.fblr22-2.fna&_nc_gid=yTii3TGu_OkQ_ZYs-ohuTQ&_nc_ss=7f289&oh=00_AQA-RlSm5KvOrWif4_BNe1kghOUCG-IM4sGt7_MwWKmZFw&oe=6A53E088,2026-07-12T17:25:22.000Z,2026-07-08
91,90,Lingo AI,599204246602758,Lingo AI,,IN,1576408717437504,https://www.facebook.com/ads/library/?id=1576408717437504,2026-07-05,,false,false,1,0,,2026-07-05,,"📘 Learn English easily with simple lessons 
😊 Build confidence with everyday speaking practice 
👉 Download now",👉 Download now,Download,https://speaklearnfrenchlingoai.onelink.me/Y67n?pid=metaweb_int&c={{campaign.name}}&af_c_id={{campaign.id}}&af_adset={{adset.name}}&af_adset_id={{adset.id}}&af_ad={{ad.name}}&af_ad_id={{ad.id}}&af_siteid={{site_source_name}},"Facebook,Instagram,Audience Network,Messenger,Threads","📘 Learn English easily with simple lessons 
😊 Build confidence with everyday speaking practice 
👉 Download now",👉 Download now,Download,https://speaklearnfrenchlingoai.onelink.me/Y67n?pid=metaweb_int&c={{campaign.name}}&af_c_id={{campaign.id}}&af_adset={{adset.name}}&af_adset_id={{adset.id}}&af_ad={{ad.name}}&af_ad_id={{ad.id}}&af_siteid={{site_source_name}},Video,"Facebook,Instagram,Audience Network,Messenger,Threads",1,0,9:16,https://video.fblr22-1.fna.fbcdn.net/o1/v/t2/f2/m366/AQNGh8XkEy8HNMyCMIEZ4fc8B0lk1Zgn0s2JaVUclmuc7z-RSLo5BeHhchq4-PHSYFnbIendY1K0yxMuiidU3nSF2LRN8b6ZPOU7Kro2L741ww.mp4?_nc_cat=108&_nc_oc=Adq3htSHDYii94PGRg7ChxjWlPrlSv5SNYdWGuy1NKJuAm_5H9xMSp6pgsezRDNrWKc&_nc_sid=b66105&_nc_ht=video.fblr22-1.fna.fbcdn.net&_nc_ohc=UxvAc70_jPkQ7kNvwG2X7zm&efg=eyJ2ZW5jb2RlX3RhZyI6Inhwdl9wcm9ncmVzc2l2ZS5WSV9VU0VDQVNFX1BST0RVQ1RfVFlQRS4uQzMuNzIwLmRhc2hfaDI2NC1iYXNpYy1nZW4yXzcyMHAiLCJ4cHZfYXNzZXRfaWQiOjEwMjA4NTg4MTM5NjgyOTQsImFzc2V0X2FnZV9kYXlzIjoxLCJ2aV91c2VjYXNlX2lkIjoxMDEzOSwiZHVyYXRpb25fcyI6MjUsInVybGdlbl9zb3VyY2UiOiJ3d3cifQ%3D%3D&ccb=17-1&vs=c68e8fbc78e53793&_nc_vs=HBksFQIYRWZiX2VwaGVtZXJhbC8yRDQwMkFEMTUzNUQ3QkUyQkIwMTg3MkZGODBDRjU5Ml9tdF8xX3ZpZGVvX2Rhc2hpbml0Lm1wNBUAAsgBEgAVAhhAZmJfcGVybWFuZW50L0YyNDhFNUUzQzI4RkE5RDYzOUYyRURFODUyQzY0QUE0X2F1ZGlvX2Rhc2hpbml0Lm1wNBUCAsgBEgAoABgAGwKIB3VzZV9vaWwBMRJwcm9ncmVzc2l2ZV9yZWNpcGUBMRUAACbMvsfv5p3QAxUCKAJDMywXQDlu2RaHKwIYGWRhc2hfaDI2NC1iYXNpYy1nZW4yXzcyMHARAHUAZbaeAQA&_nc_gid=9TNd7plZhfORUr47KEk4TQ&_nc_ss=7f289&_nc_zt=28&oh=00_AQBQfiaU2VwMkBT5F2LqRhhY12aT0LhVW9kuZQmWUO0m8g&oe=6A53C808,https://scontent.fblr22-2.fna.fbcdn.net/v/t39.35426-6/739230864_1361259959438259_7960502110642940885_n.jpg?_nc_cat=107&ccb=1-7&_nc_sid=c53f8f&_nc_ohc=vPD3pC5zTU0Q7kNvwExe1So&_nc_oc=Adrhp-hjcIciUAQuQcszFPTneKYlsOioQFYbwKN50ymT08GAxoahpXxi-YmCLCUrhPg&_nc_zt=14&_nc_ht=scontent.fblr22-2.fna&_nc_gid=9TNd7plZhfORUr47KEk4TQ&_nc_ss=7f289&oh=00_AQDFan90DVhQES5sr5PginYOyQMocZK995Fq_UaV2Z7ELA&oe=6A53C887,2026-07-12T16:59:52.000Z,2026-07-08
92,91,Lingo AI,599204246602758,Lingo AI,,IN,802952912808823,https://www.facebook.com/ads/library/?id=802952912808823,2026-07-06,,false,false,1,0,,2026-07-06,,"📘 Learn English easily with simple lessons 
😊 Build confidence with everyday speaking practice 
👉 Download now",👉 Download now,Download,https://speaklearnfrenchlingoai.onelink.me/Y67n?pid=metaweb_int&c={{campaign.name}}&af_c_id={{campaign.id}}&af_adset={{adset.name}}&af_adset_id={{adset.id}}&af_ad={{ad.name}}&af_ad_id={{ad.id}}&af_siteid={{site_source_name}},"Facebook,Instagram,Audience Network,Messenger,Threads","📘 Learn English easily with simple lessons 
😊 Build confidence with everyday speaking practice 
👉 Download now",👉 Download now,Download,https://speaklearnfrenchlingoai.onelink.me/Y67n?pid=metaweb_int&c={{campaign.name}}&af_c_id={{campaign.id}}&af_adset={{adset.name}}&af_adset_id={{adset.id}}&af_ad={{ad.name}}&af_ad_id={{ad.id}}&af_siteid={{site_source_name}},Video,"Facebook,Instagram,Audience Network,Messenger,Threads",1,0,9:16,https://video.fblr22-1.fna.fbcdn.net/o1/v/t2/f2/m366/AQMrGSXn7gsxbZYchJEZXphyhOdAXnmwW-Dquz20uGUDcuXdKz1SCaXiTl2yA0lWPtIgMed0d5Pbmn5jLqIuLmsmtaL9pm8eRYArqL7t8skwrA.mp4?_nc_cat=104&_nc_oc=AdqAkNr3rFKsMLUsm5PpTYDkgIK7PR6ax3I_X1_XR5r8gxn8ah-bMROnob6g9uR3Pk0&_nc_sid=b66105&_nc_ht=video.fblr22-1.fna.fbcdn.net&_nc_ohc=Pnv2hCXTcigQ7kNvwFtOLIa&efg=eyJ2ZW5jb2RlX3RhZyI6Inhwdl9wcm9ncmVzc2l2ZS5WSV9VU0VDQVNFX1BST0RVQ1RfVFlQRS4uQzMuNzIwLmRhc2hfaDI2NC1iYXNpYy1nZW4yXzcyMHAiLCJ4cHZfYXNzZXRfaWQiOjE3MjM0ODY5NjU1MDYyNDIsImFzc2V0X2FnZV9kYXlzIjowLCJ2aV91c2VjYXNlX2lkIjoxMDEzOSwiZHVyYXRpb25fcyI6MTA0LCJ1cmxnZW5fc291cmNlIjoid3d3In0%3D&ccb=17-1&vs=213a93a0aadec609&_nc_vs=HBksFQIYRWZiX2VwaGVtZXJhbC81QTQ2MTU5NkQ3NUFERDJENzQwOTZFOUMwQkU0NTY4NF9tdF8xX3ZpZGVvX2Rhc2hpbml0Lm1wNBUAAsgBEgAVAhhAZmJfcGVybWFuZW50L0Y2NEI0RjhGRTBBODE3NTI1MzZBM0EyNzdEQTk4Q0JFX2F1ZGlvX2Rhc2hpbml0Lm1wNBUCAsgBEgAoABgAGwKIB3VzZV9vaWwBMRJwcm9ncmVzc2l2ZV9yZWNpcGUBMRUAACaEg9XFkuCPBhUCKAJDMywXQFoKn752yLQYGWRhc2hfaDI2NC1iYXNpYy1nZW4yXzcyMHARAHUAZbaeAQA&_nc_gid=9TNd7plZhfORUr47KEk4TQ&_nc_ss=7f289&_nc_zt=28&oh=00_AQA4KSFdx2i_463BlMLY3BnuNmnp8ss4ZawmRah8ImJQ1A&oe=6A53E810,https://scontent.fblr22-1.fna.fbcdn.net/v/t39.35426-6/739699423_1029741943094262_6584293412078512670_n.jpg?_nc_cat=104&ccb=1-7&_nc_sid=c53f8f&_nc_ohc=BZwQg-sM_-8Q7kNvwHL6WyR&_nc_oc=AdqETa0fK9PKAgWl-6lqVbAAo7C1RvVz0z2J7SPqFJfm8wHUx_3MGWL002MNcWtzatU&_nc_zt=14&_nc_ht=scontent.fblr22-1.fna&_nc_gid=9TNd7plZhfORUr47KEk4TQ&_nc_ss=7f289&oh=00_AQCW0E3sIz4ZfKGsZhSD58t6OET_N0ME7aWCqdNnjJDXJA&oe=6A53E397,2026-07-12T19:16:32.000Z,2026-07-08
93,92,Lingo AI,599204246602758,Lingo AI,,IN,1083093064047158,https://www.facebook.com/ads/library/?id=1083093064047158,2026-07-05,,false,false,1,0,,2026-07-05,,"📘 Learn English easily with simple lessons 
😊 Build confidence with everyday speaking practice 
👉 Download now",👉 Download now,Download,https://speaklearnfrenchlingoai.onelink.me/Y67n?pid=metaweb_int&c={{campaign.name}}&af_c_id={{campaign.id}}&af_adset={{adset.name}}&af_adset_id={{adset.id}}&af_ad={{ad.name}}&af_ad_id={{ad.id}}&af_siteid={{site_source_name}},"Facebook,Instagram,Audience Network,Messenger,Threads","📘 Learn English easily with simple lessons 
😊 Build confidence with everyday speaking practice 
👉 Download now",👉 Download now,Download,https://speaklearnfrenchlingoai.onelink.me/Y67n?pid=metaweb_int&c={{campaign.name}}&af_c_id={{campaign.id}}&af_adset={{adset.name}}&af_adset_id={{adset.id}}&af_ad={{ad.name}}&af_ad_id={{ad.id}}&af_siteid={{site_source_name}},Video,"Facebook,Instagram,Audience Network,Messenger,Threads",1,0,9:16,https://video.fblr22-1.fna.fbcdn.net/o1/v/t2/f2/m366/AQPj0WvbZU4VERvKTvhp7Srnh03PDovCe1szlvLsIQAwNgbE5QDpExcWuPlhlmXnUhBAmQRjHcAak3FlaJpU3HS2kCI6DTnzhC11g1q7qKT4HQ.mp4?_nc_cat=104&_nc_oc=Ado-uCO9ylCfGxztUvEG19kOyrWYAkprrImXLsKIyeK1ByFtz87tC8lrTezxkEl0kI8&_nc_sid=b66105&_nc_ht=video.fblr22-1.fna.fbcdn.net&_nc_ohc=AZRU9xz8TJAQ7kNvwGOzr7K&efg=eyJ2ZW5jb2RlX3RhZyI6Inhwdl9wcm9ncmVzc2l2ZS5WSV9VU0VDQVNFX1BST0RVQ1RfVFlQRS4uQzMuNzIwLmRhc2hfaDI2NC1iYXNpYy1nZW4yXzcyMHAiLCJ4cHZfYXNzZXRfaWQiOjEyOTg2MDIyOTU0MzY0MTQsImFzc2V0X2FnZV9kYXlzIjoxLCJ2aV91c2VjYXNlX2lkIjoxMDEzOSwiZHVyYXRpb25fcyI6MjUsInVybGdlbl9zb3VyY2UiOiJ3d3cifQ%3D%3D&ccb=17-1&vs=2d5d0cbc375874a0&_nc_vs=HBksFQIYRWZiX2VwaGVtZXJhbC8yMzQ4QTQ5MDkwNzkyNDJCRTRENENBQTI1NjNERkI5NF9tdF8xX3ZpZGVvX2Rhc2hpbml0Lm1wNBUAAsgBEgAVAhhAZmJfcGVybWFuZW50LzczNDFDQThDRjFFMkI5MzQzNDU2NUQ1RDE4NzVEMEIxX2F1ZGlvX2Rhc2hpbml0Lm1wNBUCAsgBEgAoABgAGwKIB3VzZV9vaWwBMRJwcm9ncmVzc2l2ZV9yZWNpcGUBMRUAACb8kbGIzcTOBBUCKAJDMywXQDlu2RaHKwIYGWRhc2hfaDI2NC1iYXNpYy1nZW4yXzcyMHARAHUAZbaeAQA&_nc_gid=9TNd7plZhfORUr47KEk4TQ&_nc_ss=7f289&_nc_zt=28&oh=00_AQD9EfcqsQFF7opIFqWxD7fXV2Rg3tLBPs-dIlnRHhctWA&oe=6A53DAC8,https://scontent.fblr22-1.fna.fbcdn.net/v/t39.35426-6/741120822_2507963582959670_1954884357564698237_n.jpg?_nc_cat=104&ccb=1-7&_nc_sid=c53f8f&_nc_ohc=mCL-v2jiOYkQ7kNvwHGyhIa&_nc_oc=AdqoAyqpd0A4CJEG81dOy_avYwWh1_RIju0L7yoNPRAwTVmYLREoifMIpnPBcP6o5Ho&_nc_zt=14&_nc_ht=scontent.fblr22-1.fna&_nc_gid=9TNd7plZhfORUr47KEk4TQ&_nc_ss=7f289&oh=00_AQCvfVz-i2mSGU24x0Z2xoitZcyh4YLH5e6kGz1sfHcF4A&oe=6A53E1B5,2026-07-12T18:19:52.000Z,2026-07-08
94,93,Lingo AI,599204246602758,Lingo AI,,IN,2953210015070433,https://www.facebook.com/ads/library/?id=2953210015070433,2026-07-06,,false,false,1,0,,2026-07-06,,"📘 Learn English easily with simple lessons 
😊 Build confidence with everyday speaking practice 
👉 Download now",👉 Download now,Download,https://speaklearnfrenchlingoai.onelink.me/Y67n?pid=metaweb_int&c={{campaign.name}}&af_c_id={{campaign.id}}&af_adset={{adset.name}}&af_adset_id={{adset.id}}&af_ad={{ad.name}}&af_ad_id={{ad.id}}&af_siteid={{site_source_name}},"Facebook,Instagram,Audience Network,Messenger,Threads","📘 Learn English easily with simple lessons 
😊 Build confidence with everyday speaking practice 
👉 Download now",👉 Download now,Download,https://speaklearnfrenchlingoai.onelink.me/Y67n?pid=metaweb_int&c={{campaign.name}}&af_c_id={{campaign.id}}&af_adset={{adset.name}}&af_adset_id={{adset.id}}&af_ad={{ad.name}}&af_ad_id={{ad.id}}&af_siteid={{site_source_name}},Video,"Facebook,Instagram,Audience Network,Messenger,Threads",1,0,9:16,https://video.fblr22-2.fna.fbcdn.net/o1/v/t2/f2/m366/AQO5BhUVqtlqTZykc4H8dBOBlz-79UVTTqZARkLn7ZxoUKYMl6GekV1dXhNN2fcqRH9fFX_XKmkoBbCYuucXREfifAtC8bkbGsocngev4P6icg.mp4?_nc_cat=105&_nc_oc=Adp9n73EdaVNaUXS0r7ifNqjnKPc3lJ0cFiR2DYfB6AdzI43GOabLZg-CF6DD4kT6co&_nc_sid=b66105&_nc_ht=video.fblr22-2.fna.fbcdn.net&_nc_ohc=H2JFdj6cXukQ7kNvwF_Wf0o&efg=eyJ2ZW5jb2RlX3RhZyI6Inhwdl9wcm9ncmVzc2l2ZS5WSV9VU0VDQVNFX1BST0RVQ1RfVFlQRS4uQzMuNzIwLmRhc2hfaDI2NC1iYXNpYy1nZW4yXzcyMHAiLCJ4cHZfYXNzZXRfaWQiOjEwNTY5OTc2Njk5OTQ4NjEsImFzc2V0X2FnZV9kYXlzIjowLCJ2aV91c2VjYXNlX2lkIjoxMDEzOSwiZHVyYXRpb25fcyI6MTA1LCJ1cmxnZW5fc291cmNlIjoid3d3In0%3D&ccb=17-1&vs=cd9ce114a4e7b948&_nc_vs=HBksFQIYRWZiX2VwaGVtZXJhbC80RjQ0QTdDQTI0N0RFRjdBMEY2QkJDQzk4NUYwQzY5MF9tdF8xX3ZpZGVvX2Rhc2hpbml0Lm1wNBUAAsgBEgAVAhhAZmJfcGVybWFuZW50L0M5NDgxRTYyM0Y2MkEyNzhGQTYyNzhFMzVEMjU1Qjk3X2F1ZGlvX2Rhc2hpbml0Lm1wNBUCAsgBEgAoABgAGwKIB3VzZV9vaWwBMRJwcm9ncmVzc2l2ZV9yZWNpcGUBMRUAACbahbCqrtXgAxUCKAJDMywXQFpszMzMzM0YGWRhc2hfaDI2NC1iYXNpYy1nZW4yXzcyMHARAHUAZbaeAQA&_nc_gid=9TNd7plZhfORUr47KEk4TQ&_nc_ss=7f289&_nc_zt=28&oh=00_AQAY1u-6b5dZNxto6AF8fXiSGa6_wxQ-17Ci5cNlijIuIw&oe=6A53EC47,https://scontent.fblr22-2.fna.fbcdn.net/v/t39.35426-6/739536644_4586571651668573_3170470190886602048_n.jpg?_nc_cat=110&ccb=1-7&_nc_sid=c53f8f&_nc_ohc=_r4dnQsJEyoQ7kNvwHEy9Ja&_nc_oc=AdruJSt1ikR1C9SdNRwWvvHgbK3IS5pCisUTASM5n0jI-jQTtnm9C57u1_jUOi7BgO8&_nc_zt=14&_nc_ht=scontent.fblr22-2.fna&_nc_gid=9TNd7plZhfORUr47KEk4TQ&_nc_ss=7f289&oh=00_AQCviRCyjMGDGmfPqWKCiX7Yf3m1n4ah6mlIqrvUMZBvBg&oe=6A53ECDB,2026-07-12T19:34:31.000Z,2026-07-08
95,94,Lingo AI,599204246602758,Lingo AI,,IN,1532901558303092,https://www.facebook.com/ads/library/?id=1532901558303092,2026-07-03,,false,false,1,0,,2026-07-03,,"📘 Learn English easily with simple lessons 
😊 Build confidence with everyday speaking practice 
👉 Download now",👉 Download now,Download,https://speaklearnfrenchlingoai.onelink.me/Y67n?pid=metaweb_int&c={{campaign.name}}&af_c_id={{campaign.id}}&af_adset={{adset.name}}&af_adset_id={{adset.id}}&af_ad={{ad.name}}&af_ad_id={{ad.id}}&af_siteid={{site_source_name}},"Facebook,Instagram,Audience Network,Messenger,Threads","📘 Learn English easily with simple lessons 
😊 Build confidence with everyday speaking practice 
👉 Download now",👉 Download now,Download,https://speaklearnfrenchlingoai.onelink.me/Y67n?pid=metaweb_int&c={{campaign.name}}&af_c_id={{campaign.id}}&af_adset={{adset.name}}&af_adset_id={{adset.id}}&af_ad={{ad.name}}&af_ad_id={{ad.id}}&af_siteid={{site_source_name}},Video,"Facebook,Instagram,Audience Network,Messenger,Threads",1,0,9:16,https://video.fblr22-1.fna.fbcdn.net/o1/v/t2/f2/m366/AQNQQOEZjpuplRvYZeKniaOc2WweSxA6QvMROgy8AteLx96f86_y3E5OVlvYQKY0Tq6-C1XtAj9DV_HvgnkBBPSva4jrK0B7W9fpShm3gCnhqQ.mp4?_nc_cat=106&_nc_oc=AdpWWYK04IszQoYEW42KznEHVASHCi9U_i_VpL9PVj8qqTVGWLjXNcx2xZos88NSCEg&_nc_sid=b66105&_nc_ht=video.fblr22-1.fna.fbcdn.net&_nc_ohc=VC855bGdEWIQ7kNvwF2j6En&efg=eyJ2ZW5jb2RlX3RhZyI6Inhwdl9wcm9ncmVzc2l2ZS5WSV9VU0VDQVNFX1BST0RVQ1RfVFlQRS4uQzMuNzIwLmRhc2hfaDI2NC1iYXNpYy1nZW4yXzcyMHAiLCJ4cHZfYXNzZXRfaWQiOjEzNTgwNzQyNTk3OTgzOTQsImFzc2V0X2FnZV9kYXlzIjo0LCJ2aV91c2VjYXNlX2lkIjoxMDEzOSwiZHVyYXRpb25fcyI6NDgsInVybGdlbl9zb3VyY2UiOiJ3d3cifQ%3D%3D&ccb=17-1&vs=229b71439ed8d4b9&_nc_vs=HBksFQIYRWZiX2VwaGVtZXJhbC9DQjQ0RjJGMEEwNDgzRTZGN0IxNTZDNEQ5QzAzMDU5Ql9tdF8xX3ZpZGVvX2Rhc2hpbml0Lm1wNBUAAsgBEgAVAhhAZmJfcGVybWFuZW50LzBENERGNThFMDExN0IyQ0Q0NDc2Qjk5REMzRTBFRDkyX2F1ZGlvX2Rhc2hpbml0Lm1wNBUCAsgBEgAoABgAGwKIB3VzZV9vaWwBMRJwcm9ncmVzc2l2ZV9yZWNpcGUBMRUAACb05avdqcrpBBUCKAJDMywXQEhIcrAgxJwYGWRhc2hfaDI2NC1iYXNpYy1nZW4yXzcyMHARAHUAZbaeAQA&_nc_gid=9TNd7plZhfORUr47KEk4TQ&_nc_ss=7f289&_nc_zt=28&oh=00_AQBGthlE4OWhgxr0zSeeqh3XRgOfeus_AAvrRWSMczE9Mw&oe=6A53EBCA,https://scontent.fblr22-2.fna.fbcdn.net/v/t39.35426-6/739155619_1474027307815021_2585141873918370037_n.jpg?_nc_cat=107&ccb=1-7&_nc_sid=c53f8f&_nc_ohc=BBkLIRK5ISgQ7kNvwGfPqSd&_nc_oc=AdqEqtDdqIrRWVtdLDM_nWhGn0lUu38EaLJYBialA7kmKzvo7h0-IyaLt2WSW6iGeTA&_nc_zt=14&_nc_ht=scontent.fblr22-2.fna&_nc_gid=9TNd7plZhfORUr47KEk4TQ&_nc_ss=7f289&oh=00_AQAKVhhhoTw_Kd_PtrAbjawbFJ7PrgGuiPN839KfgJVc6g&oe=6A53F1AA,2026-07-12T19:32:26.000Z,2026-07-08
96,95,Lingo AI,599204246602758,Lingo AI,,IN,1035971962252837,https://www.facebook.com/ads/library/?id=1035971962252837,2026-07-01,,false,false,1,0,,2026-07-01,,"🌟 Want to improve your English?
📱 Learn anytime in just minutes a day
💬 Build real speaking confidence",👉 Download now,Install now,http://itunes.apple.com/app/id6740255326,"Facebook,Instagram,Audience Network,Messenger,Threads","🌟 Want to improve your English?
📱 Learn anytime in just minutes a day
💬 Build real speaking confidence",👉 Download now,Install now,http://itunes.apple.com/app/id6740255326,Video,"Facebook,Instagram,Audience Network,Messenger,Threads",1,0,9:16,https://video.fblr22-2.fna.fbcdn.net/o1/v/t2/f2/m366/AQPOoKTkcp5rR_f0BtgeOfUKbP26Bx6SLYreBMTHGrLCVSgV2qZOFXeyTWGMCyVene2VyR-aR1iTqmGn2WROICOh7_FiamcL8mY140wOwoRrEA.mp4?_nc_cat=107&_nc_oc=AdrpkGO8vDhgoEeAJoUCBNNptzYgiOtodAQAV0kX4ousNhXw7pwaOxk_au4Gb_nICQA&_nc_sid=b66105&_nc_ht=video.fblr22-2.fna.fbcdn.net&_nc_ohc=C5_OsuYHcVIQ7kNvwGtyDq_&efg=eyJ2ZW5jb2RlX3RhZyI6Inhwdl9wcm9ncmVzc2l2ZS5WSV9VU0VDQVNFX1BST0RVQ1RfVFlQRS4uQzMuNjA4LmRhc2hfaDI2NC1iYXNpYy1nZW4yXzcyMHAiLCJ4cHZfYXNzZXRfaWQiOjE1ODEzMTM1MTk2MzUyNTMsImFzc2V0X2FnZV9kYXlzIjo3MywidmlfdXNlY2FzZV9pZCI6MTAxMzksImR1cmF0aW9uX3MiOjM4LCJ1cmxnZW5fc291cmNlIjoid3d3In0%3D&ccb=17-1&vs=5c6e00b5d6bace4d&_nc_vs=HBksFQIYRWZiX2VwaGVtZXJhbC9COTQ2NERDNDk3NjE5MkI3MjQyMDk4MjNBOTg5OUFBNl9tdF8xX3ZpZGVvX2Rhc2hpbml0Lm1wNBUAAsgBEgAVAhhAZmJfcGVybWFuZW50LzEyNDgzQzlENjU5M0U3OUNBRDAzNjE1NDk1RTQ3NjhBX2F1ZGlvX2Rhc2hpbml0Lm1wNBUCAsgBEgAoABgAGwKIB3VzZV9vaWwBMRJwcm9ncmVzc2l2ZV9yZWNpcGUBMRUAACbqrO7px4zPBRUCKAJDMywXQENEOVgQYk4YGWRhc2hfaDI2NC1iYXNpYy1nZW4yXzcyMHARAHUAZbaeAQA&_nc_gid=9TNd7plZhfORUr47KEk4TQ&_nc_ss=7f289&_nc_zt=28&oh=00_AQCHwQCpiy9EprpFsZu6t5c41g1vYeFmR7JNYf7DzsdZ8A&oe=6A53E6B5,https://scontent.fblr22-1.fna.fbcdn.net/v/t39.35426-6/736142212_1347740867423793_4500927835504004522_n.jpg?_nc_cat=106&ccb=1-7&_nc_sid=c53f8f&_nc_ohc=fcjHMd0-7fIQ7kNvwHw_BzJ&_nc_oc=Adrc2nm6TgFcLQHGTNOJcWFyayqnDftmhv2wtNRUPV2yBDex2gOi8VdvH0mpCdqAEJQ&_nc_zt=14&_nc_ht=scontent.fblr22-1.fna&_nc_gid=9TNd7plZhfORUr47KEk4TQ&_nc_ss=7f289&oh=00_AQCCQgX_sw5r8t2hcGIuHkQ1hu431AAlXGmcxxBnXVG2nw&oe=6A53C9D5,2026-07-12T19:10:45.000Z,2026-07-08
97,96,Lingo AI,599204246602758,Lingo AI,,IN,2114555595772778,https://www.facebook.com/ads/library/?id=2114555595772778,2026-07-05,,false,false,1,0,,2026-07-05,,"🌟 Want to improve your English? 
📱 Learn anytime in just minutes a day 
💬 Build real speaking confidence 
👉 Download now",👉 Download now,Download,https://speaklearnfrenchlingoai.onelink.me/Y67n?pid=metaweb_int&c={{campaign.name}}&af_c_id={{campaign.id}}&af_adset={{adset.name}}&af_adset_id={{adset.id}}&af_ad={{ad.name}}&af_ad_id={{ad.id}}&af_siteid={{site_source_name}},"Facebook,Instagram,Audience Network,Messenger,Threads","🌟 Want to improve your English? 
📱 Learn anytime in just minutes a day 
💬 Build real speaking confidence 
👉 Download now",👉 Download now,Download,https://speaklearnfrenchlingoai.onelink.me/Y67n?pid=metaweb_int&c={{campaign.name}}&af_c_id={{campaign.id}}&af_adset={{adset.name}}&af_adset_id={{adset.id}}&af_ad={{ad.name}}&af_ad_id={{ad.id}}&af_siteid={{site_source_name}},Video,"Facebook,Instagram,Audience Network,Messenger,Threads",1,0,9:16,https://video.fblr22-2.fna.fbcdn.net/o1/v/t2/f2/m366/AQMMY7bTnVo3wR0vvk0XhJkdRaXHJ04_hJVLNddnMvRwtdYFVGT6up5ZYnnF7UaYTjFN0XTKymftdQZeC8lB7hulZ6ZJ_A_xdNYj0zeW5hTfnw.mp4?_nc_cat=110&_nc_oc=AdroKEWxrBTAg6rJXya0xXU6TpUiQ6b_d4m3uhm47VRP0i-x3qQ0qXDUq4MD3S6sofg&_nc_sid=b66105&_nc_ht=video.fblr22-2.fna.fbcdn.net&_nc_ohc=qH8bJZUgyokQ7kNvwETgblQ&efg=eyJ2ZW5jb2RlX3RhZyI6Inhwdl9wcm9ncmVzc2l2ZS5WSV9VU0VDQVNFX1BST0RVQ1RfVFlQRS4uQzMuNjA4LmRhc2hfaDI2NC1iYXNpYy1nZW4yXzcyMHAiLCJ4cHZfYXNzZXRfaWQiOjE0MDQzNDc0NDg0MTAxMzUsImFzc2V0X2FnZV9kYXlzIjoxLCJ2aV91c2VjYXNlX2lkIjoxMDEzOSwiZHVyYXRpb25fcyI6NDAsInVybGdlbl9zb3VyY2UiOiJ3d3cifQ%3D%3D&ccb=17-1&vs=246f43429f285a5&_nc_vs=HBksFQIYRWZiX2VwaGVtZXJhbC9CMTRENUQwMDQwQjlGMUNGQzY3Mjk0NkZENEMwMkZCNF9tdF8xX3ZpZGVvX2Rhc2hpbml0Lm1wNBUAAsgBEgAVAhhAZmJfcGVybWFuZW50L0VDNDkyMjA4MjczNUU3M0RFODEwNEU3OTlDMEIwM0E3X2F1ZGlvX2Rhc2hpbml0Lm1wNBUCAsgBEgAoABgAGwKIB3VzZV9vaWwBMRJwcm9ncmVzc2l2ZV9yZWNpcGUBMRUAACaugO7s48_-BBUCKAJDMywXQEQzMzMzMzMYGWRhc2hfaDI2NC1iYXNpYy1nZW4yXzcyMHARAHUAZbaeAQA&_nc_gid=9TNd7plZhfORUr47KEk4TQ&_nc_ss=7f289&_nc_zt=28&oh=00_AQCkj1vZkWvpug18jKyomGxheZz6NQHP8p7EyLb10LycZA&oe=6A53C926,https://scontent.fblr22-1.fna.fbcdn.net/v/t39.35426-6/739794887_1483670806772286_9057960610107936560_n.jpg?_nc_cat=103&ccb=1-7&_nc_sid=c53f8f&_nc_ohc=WnzUd1WvYjMQ7kNvwFE6qUi&_nc_oc=Adr8Sh0BYEke0jrnoT-8-w59iuIFM0tw90vY-_b4cI1TG-NRpYJdOp97bFexj_j8qEQ&_nc_zt=14&_nc_ht=scontent.fblr22-1.fna&_nc_gid=9TNd7plZhfORUr47KEk4TQ&_nc_ss=7f289&oh=00_AQBs6NiKvYGtdp3I3kCSZmFG14hJvzkwtQ843qX4xf7W_w&oe=6A53D207,2026-07-12T17:04:38.000Z,2026-07-08
98,97,Lingo AI,599204246602758,Lingo AI,,IN,902584925476226,https://www.facebook.com/ads/library/?id=902584925476226,2026-06-30,,false,false,1,0,,2026-06-30,,"📘 Aprenda inglês facilmente com lições simples
😊 Ganhe confiança com a prática diária de conversação
👉 Baixe agora",👉 Baixe agora,Download,https://speaklearnfrenchlingoai.onelink.me/Y67n?pid=metaweb_int&c={{campaign.name}}&af_c_id={{campaign.id}}&af_adset={{adset.name}}&af_adset_id={{adset.id}}&af_ad={{ad.name}}&af_ad_id={{ad.id}}&af_siteid={{site_source_name}},"Facebook,Instagram,Audience Network,Messenger,Threads","📘 Aprenda inglês facilmente com lições simples
😊 Ganhe confiança com a prática diária de conversação
👉 Baixe agora",👉 Baixe agora,Download,https://speaklearnfrenchlingoai.onelink.me/Y67n?pid=metaweb_int&c={{campaign.name}}&af_c_id={{campaign.id}}&af_adset={{adset.name}}&af_adset_id={{adset.id}}&af_ad={{ad.name}}&af_ad_id={{ad.id}}&af_siteid={{site_source_name}},Video,"Facebook,Instagram,Audience Network,Messenger,Threads",1,0,9:16,https://video.fblr22-2.fna.fbcdn.net/o1/v/t2/f2/m366/AQO0JsZXCQ634DT3zX3Gdvyc6AZGWm474V1VY0QZkmImaCqYJTAK1kl77_B534vW3u_q2X-6YW8J5RG8rSt3D9IjGJ_qt5PUTlU09jYy2RWPAw.mp4?_nc_cat=111&_nc_oc=AdqIPyKWSBb20EJ0SW3vHdb9QdXcK1UMESxzHPLeKbLBJtaBfx5H1_qZvBhAc9t40_c&_nc_sid=b66105&_nc_ht=video.fblr22-2.fna.fbcdn.net&_nc_ohc=tkd0GDDkGcEQ7kNvwHPsy3i&efg=eyJ2ZW5jb2RlX3RhZyI6Inhwdl9wcm9ncmVzc2l2ZS5WSV9VU0VDQVNFX1BST0RVQ1RfVFlQRS4uQzMuNjA4LmRhc2hfaDI2NC1iYXNpYy1nZW4yXzcyMHAiLCJ4cHZfYXNzZXRfaWQiOjE0Njc2NjkzMjg0NjEwNjAsImFzc2V0X2FnZV9kYXlzIjo2LCJ2aV91c2VjYXNlX2lkIjoxMDEzOSwiZHVyYXRpb25fcyI6MjIsInVybGdlbl9zb3VyY2UiOiJ3d3cifQ%3D%3D&ccb=17-1&vs=b12e0d486bcaff18&_nc_vs=HBksFQIYRWZiX2VwaGVtZXJhbC8yNTQxNDFEQjQ0RDA5RjlBOUNBQjE1NzFDOUJBQkQ5Ql9tdF8xX3ZpZGVvX2Rhc2hpbml0Lm1wNBUAAsgBEgAVAhhAZmJfcGVybWFuZW50LzI0NDM1RDE5MUMzQjZCOEJBMjE5MTVGRTUwOEU0MUE2X2F1ZGlvX2Rhc2hpbml0Lm1wNBUCAsgBEgAoABgAGwKIB3VzZV9vaWwBMRJwcm9ncmVzc2l2ZV9yZWNpcGUBMRUAACaI9MPPzLWbBRUCKAJDMywXQDbMzMzMzM0YGWRhc2hfaDI2NC1iYXNpYy1nZW4yXzcyMHARAHUAZbaeAQA&_nc_gid=9TNd7plZhfORUr47KEk4TQ&_nc_ss=7f289&_nc_zt=28&oh=00_AQByr1deDpLREh7KWWzuWSWtwOtIFnJmRNv0Ftrq1H70Fw&oe=6A53C6AD,https://scontent.fblr22-1.fna.fbcdn.net/v/t39.35426-6/734039234_1026741999942762_2263293034631231543_n.jpg?_nc_cat=101&ccb=1-7&_nc_sid=c53f8f&_nc_ohc=AV2ZOZbtvhQQ7kNvwGwgZSe&_nc_oc=AdqyvoZOBv0u42QSCzgiI4tAfO5Gwb8j9yVEabREwSZmbUJRpbZcD3bLLbmuTSo9UVg&_nc_zt=14&_nc_ht=scontent.fblr22-1.fna&_nc_gid=9TNd7plZhfORUr47KEk4TQ&_nc_ss=7f289&oh=00_AQBZKEIEHtXYYPLSjvdfPtffw76MTqNRRPnO0MMM09zpHw&oe=6A53E948,2026-07-12T16:54:05.000Z,2026-07-08
99,98,Lingo AI,599204246602758,Lingo AI,,IN,2013049059297231,https://www.facebook.com/ads/library/?id=2013049059297231,2026-06-14,,false,false,1,0,,2026-06-14,,"🌍 Learn real English for everyday life 
🗣 Practice speaking with simple lessons 
⏱ Just 5 minutes a day
👉 Download now",👇 Start now,Download,https://speaklearnfrenchlingoai.onelink.me/Y67n?pid=metaweb_int&c={{campaign.name}}&af_c_id={{campaign.id}}&af_adset={{adset.name}}&af_adset_id={{adset.id}}&af_ad={{ad.name}}&af_ad_id={{ad.id}}&af_siteid={{site_source_name}},"Facebook,Instagram,Audience Network,Messenger,Threads","🌍 Learn real English for everyday life 
🗣 Practice speaking with simple lessons 
⏱ Just 5 minutes a day
👉 Download now",👇 Start now,Download,https://speaklearnfrenchlingoai.onelink.me/Y67n?pid=metaweb_int&c={{campaign.name}}&af_c_id={{campaign.id}}&af_adset={{adset.name}}&af_adset_id={{adset.id}}&af_ad={{ad.name}}&af_ad_id={{ad.id}}&af_siteid={{site_source_name}},Video,"Facebook,Instagram,Audience Network,Messenger,Threads",1,0,9:16,https://video.fblr22-1.fna.fbcdn.net/o1/v/t2/f2/m366/AQNH6KN1XjDfIy8Rk6fXCeLk90wTk9Iicqn980klClJCz1csqWCaLciDqcjtKfn4HiV-371ClucqLjOqbBIPIVejezndww25TMgSLdh6PNuqdA.mp4?_nc_cat=109&_nc_oc=Adp0pWBn4I6pcO4K7u-tULMjMzPE8Gykanx0-sJ_m-JlbXbGrGvYQ3yjwo_CMB5DDVY&_nc_sid=b66105&_nc_ht=video.fblr22-1.fna.fbcdn.net&_nc_ohc=i567LMc5tcwQ7kNvwGrjc3h&efg=eyJ2ZW5jb2RlX3RhZyI6Inhwdl9wcm9ncmVzc2l2ZS5WSV9VU0VDQVNFX1BST0RVQ1RfVFlQRS4uQzMuNzIwLmRhc2hfaDI2NC1iYXNpYy1nZW4yXzcyMHAiLCJ4cHZfYXNzZXRfaWQiOjcyNzgxODg3MDU3ODQ1NjUsImFzc2V0X2FnZV9kYXlzIjoyOSwidmlfdXNlY2FzZV9pZCI6MTAxMzksImR1cmF0aW9uX3MiOjI2LCJ1cmxnZW5fc291cmNlIjoid3d3In0%3D&ccb=17-1&vs=52ade9d4494a6987&_nc_vs=HBksFQIYRWZiX2VwaGVtZXJhbC8wRjQ3NDMwNEQ3MkM4NjgwNzE5MkQ4NUFFQkVCRUZCNF9tdF8xX3ZpZGVvX2Rhc2hpbml0Lm1wNBUAAsgBEgAVAhhAZmJfcGVybWFuZW50LzEwNEI2NDVBMTQyQzZCQTkxN0YzNzM0NTVFQjgwMUFFX2F1ZGlvX2Rhc2hpbml0Lm1wNBUCAsgBEgAoABgAGwKIB3VzZV9vaWwBMRJwcm9ncmVzc2l2ZV9yZWNpcGUBMRUAACbqi9XGq97tGRUCKAJDMywXQDoQ5WBBiTcYGWRhc2hfaDI2NC1iYXNpYy1nZW4yXzcyMHARAHUAZbaeAQA&_nc_gid=9TNd7plZhfORUr47KEk4TQ&_nc_ss=7f289&_nc_zt=28&oh=00_AQAMniwFj-PYdv7BToLUC-DlDLLuIzodXnsBap3_jSdyXA&oe=6A53EA33,https://scontent.fblr22-2.fna.fbcdn.net/v/t39.35426-6/723406814_2416693798840787_1484988163475420833_n.jpg?_nc_cat=111&ccb=1-7&_nc_sid=c53f8f&_nc_ohc=aey1YOeNJvEQ7kNvwHIUg1z&_nc_oc=AdpULINtiHnqsve-sbe6iMAo5k7e18bYwPNC90NB1Hq1OXULzXtusopX-pjvXv-55IU&_nc_zt=14&_nc_ht=scontent.fblr22-2.fna&_nc_gid=9TNd7plZhfORUr47KEk4TQ&_nc_ss=7f289&oh=00_AQCSjzIdyCBZcV-71z7D6Vje01zCHnxRqlePKntKl4MtpQ&oe=6A53D89D,2026-07-12T19:25:39.000Z,2026-07-08
100,99,Lingo AI,599204246602758,Lingo AI,,IN,1462857225859611,https://www.facebook.com/ads/library/?id=1462857225859611,2026-07-05,,false,false,1,0,,2026-07-05,,"🌍 Lerne echtes Englisch für den Alltag
🗣 Übe das Sprechen mit einfachen Lektionen
⏱ Nur 5 Minuten pro Tag
👉 Jetzt herunterladen",👉 Jetzt herunterladen,Download,https://speaklearnfrenchlingoai.onelink.me/Y67n?pid=metaweb_int&c={{campaign.name}}&af_c_id={{campaign.id}}&af_adset={{adset.name}}&af_adset_id={{adset.id}}&af_ad={{ad.name}}&af_ad_id={{ad.id}}&af_siteid={{site_source_name}},"Facebook,Instagram,Audience Network,Messenger,Threads","🌍 Lerne echtes Englisch für den Alltag
🗣 Übe das Sprechen mit einfachen Lektionen
⏱ Nur 5 Minuten pro Tag
👉 Jetzt herunterladen",👉 Jetzt herunterladen,Download,https://speaklearnfrenchlingoai.onelink.me/Y67n?pid=metaweb_int&c={{campaign.name}}&af_c_id={{campaign.id}}&af_adset={{adset.name}}&af_adset_id={{adset.id}}&af_ad={{ad.name}}&af_ad_id={{ad.id}}&af_siteid={{site_source_name}},Video,"Facebook,Instagram,Audience Network,Messenger,Threads",1,0,9:16,https://video.fblr22-2.fna.fbcdn.net/o1/v/t2/f2/m366/AQP12X1MxagG6ev2aNOPP9S5byeaym0rvZTIWhieWDOMQ4eQeHCsAXdXUhq3PuDSOJXMIbokqTms_TasV4ba33S8XBi5eCLTlWB2GS191J2-aQ.mp4?_nc_cat=107&_nc_oc=AdoDd_okfgg0DXsYivStp1Qrc_cp9tPUvvSA8QuAcoyQZ6vfTa8I7JIS-ALLz6wAH5s&_nc_sid=b66105&_nc_ht=video.fblr22-2.fna.fbcdn.net&_nc_ohc=88BBzIPGvQAQ7kNvwEXjGV8&efg=eyJ2ZW5jb2RlX3RhZyI6Inhwdl9wcm9ncmVzc2l2ZS5WSV9VU0VDQVNFX1BST0RVQ1RfVFlQRS4uQzMuNjA4LmRhc2hfaDI2NC1iYXNpYy1nZW4yXzcyMHAiLCJ4cHZfYXNzZXRfaWQiOjk3MTYxOTU0MjUzNjc0MywiYXNzZXRfYWdlX2RheXMiOjEsInZpX3VzZWNhc2VfaWQiOjEwMTM5LCJkdXJhdGlvbl9zIjo1OSwidXJsZ2VuX3NvdXJjZSI6Ind3dyJ9&ccb=17-1&vs=3798694f49aedc7d&_nc_vs=HBksFQIYRWZiX2VwaGVtZXJhbC8wMTRBRkVFOEJBQ0Q3MkRBN0RBNjAwMjhGRUQzNEJCQV9tdF8xX3ZpZGVvX2Rhc2hpbml0Lm1wNBUAAsgBEgAVAhhAZmJfcGVybWFuZW50LzRGNDJCNUMwNjk0NDNFQjRDMUE5RUI2RTkxRjM3NkEyX2F1ZGlvX2Rhc2hpbml0Lm1wNBUCAsgBEgAoABgAGwKIB3VzZV9vaWwBMRJwcm9ncmVzc2l2ZV9yZWNpcGUBMRUAACbOyITb2eu5AxUCKAJDMywXQE37peNT988YGWRhc2hfaDI2NC1iYXNpYy1nZW4yXzcyMHARAHUAZbaeAQA&_nc_gid=9TNd7plZhfORUr47KEk4TQ&_nc_ss=7f289&_nc_zt=28&oh=00_AQA_-A0qsedcADq8agGhA_1VWjudFVwawry7-rQMlMriRA&oe=6A53BC99,https://scontent.fblr22-2.fna.fbcdn.net/v/t39.35426-6/741340827_1703465830968739_257319402345435963_n.jpg?_nc_cat=107&ccb=1-7&_nc_sid=c53f8f&_nc_ohc=l2tZR6whSvMQ7kNvwEuREgm&_nc_oc=AdqatBo4mpwVN7XOv8mC9SCXMQB--uSg4QFTUEyLpISLdHg1OR9NdKhwJ8OhHiF5Ajk&_nc_zt=14&_nc_ht=scontent.fblr22-2.fna&_nc_gid=9TNd7plZhfORUr47KEk4TQ&_nc_ss=7f289&oh=00_AQCzzp0OnteRjrzGTZ-XYLxs2TAzVxojaRs25lo1SjPoGw&oe=6A53C975,2026-07-12T16:11:05.000Z,2026-07-08
101,100,Lingo AI,599204246602758,Lingo AI,,IN,4577610779168905,https://www.facebook.com/ads/library/?id=4577610779168905,2026-07-05,,false,false,1,0,,2026-07-05,,"📘 Learn English easily with simple lessons 
😊 Build confidence with everyday speaking practice 
👉 Download now",👉 Download now,Download,https://speaklearnfrenchlingoai.onelink.me/Y67n?pid=metaweb_int&c={{campaign.name}}&af_c_id={{campaign.id}}&af_adset={{adset.name}}&af_adset_id={{adset.id}}&af_ad={{ad.name}}&af_ad_id={{ad.id}}&af_siteid={{site_source_name}},"Facebook,Instagram,Audience Network,Messenger,Threads","📘 Learn English easily with simple lessons 
😊 Build confidence with everyday speaking practice 
👉 Download now",👉 Download now,Download,https://speaklearnfrenchlingoai.onelink.me/Y67n?pid=metaweb_int&c={{campaign.name}}&af_c_id={{campaign.id}}&af_adset={{adset.name}}&af_adset_id={{adset.id}}&af_ad={{ad.name}}&af_ad_id={{ad.id}}&af_siteid={{site_source_name}},Video,"Facebook,Instagram,Audience Network,Messenger,Threads",1,0,9:16,https://video.fblr22-2.fna.fbcdn.net/o1/v/t2/f2/m366/AQPU_cVpp0jtFjhCVUU55a8Ug98g7oGIVdBkWP4NohQvH27XqxtY3AaI3ACwSD3d5AiDd5AfZQnHA3S35sn5HEs9X4YqVjlAtJL4cQOgcwseMQ.mp4?_nc_cat=107&_nc_oc=AdrUlIDa3VcMPqZ_v-ZphfGtKOW2wPAryItCt59aN_kARNBU-kXtJ31LUN3M_yqIzj0&_nc_sid=b66105&_nc_ht=video.fblr22-2.fna.fbcdn.net&_nc_ohc=kaxkVtUC5UQQ7kNvwHWBQNE&efg=eyJ2ZW5jb2RlX3RhZyI6Inhwdl9wcm9ncmVzc2l2ZS5WSV9VU0VDQVNFX1BST0RVQ1RfVFlQRS4uQzMuNzIwLmRhc2hfaDI2NC1iYXNpYy1nZW4yXzcyMHAiLCJ4cHZfYXNzZXRfaWQiOjE1NjYxMTg1MDE1MzEwOTcsImFzc2V0X2FnZV9kYXlzIjoxLCJ2aV91c2VjYXNlX2lkIjoxMDEzOSwiZHVyYXRpb25fcyI6MjUsInVybGdlbl9zb3VyY2UiOiJ3d3cifQ%3D%3D&ccb=17-1&vs=32d5d7b820e7a958&_nc_vs=HBksFQIYRWZiX2VwaGVtZXJhbC8zODQ5ODM3MDAwOTQ4MUMyRTI4MkI4QjM5OUZCMENBQl9tdF8xX3ZpZGVvX2Rhc2hpbml0Lm1wNBUAAsgBEgAVAhhAZmJfcGVybWFuZW50Lzc5NDFERUNENzkwRkYxREY5N0M1Q0Y3RTdCQTkxRkE5X2F1ZGlvX2Rhc2hpbml0Lm1wNBUCAsgBEgAoABgAGwKIB3VzZV9vaWwBMRJwcm9ncmVzc2l2ZV9yZWNpcGUBMRUAACay962PjJjIBRUCKAJDMywXQDlu2RaHKwIYGWRhc2hfaDI2NC1iYXNpYy1nZW4yXzcyMHARAHUAZbaeAQA&_nc_gid=y6LAbpVgnucO31CZg3MWEw&_nc_ss=7f289&_nc_zt=28&oh=00_AQAWwmfmNLGJ8adJKUgPi0lKOJCrRUw5AacPU3i2gimUPw&oe=6A53E6C5,https://scontent.fblr22-1.fna.fbcdn.net/v/t39.35426-6/741120531_1374637957896361_5230796767008661258_n.jpg?_nc_cat=101&ccb=1-7&_nc_sid=c53f8f&_nc_ohc=zRlOGRU5ULsQ7kNvwHC94xa&_nc_oc=AdoAJEajjVOPygRn3vLJlJ-bPBeat_Y0oL07QzZT4y6n8Ryy1hubG4xYzqCAKtKwKWY&_nc_zt=14&_nc_ht=scontent.fblr22-1.fna&_nc_gid=y6LAbpVgnucO31CZg3MWEw&_nc_ss=7f289&oh=00_AQAMV0-NekI25dhffi4qsRkMnK-3kmD5akxn91nsQL2rcg&oe=6A53DD95,2026-07-12T19:11:01.000Z,2026-07-08
102,101,Lingo AI,599204246602758,Lingo AI,,IN,1196805302586861,https://www.facebook.com/ads/library/?id=1196805302586861,2026-07-01,,false,false,1,0,,2026-07-01,,"🌟 Want to improve your English? 
📱 Learn anytime in just minutes a day 
💬 Build real speaking confidence
👉 Download now",👉 Download now,Download,http://itunes.apple.com/app/id6740255326,"Facebook,Instagram,Audience Network,Messenger,Threads","🌟 Want to improve your English? 
📱 Learn anytime in just minutes a day 
💬 Build real speaking confidence
👉 Download now",👉 Download now,Download,http://itunes.apple.com/app/id6740255326,Video,"Facebook,Instagram,Audience Network,Messenger,Threads",1,0,9:16,https://video.fblr22-1.fna.fbcdn.net/o1/v/t2/f2/m366/AQOSGBUXiyHD-vg0LPEbit62PbuDbmF8XMHzFJ1vWXt5AyLMOKmK971cZ1_qUnTvO9ZhnKb5ZEnt-9zFb1xuMNjKzhmWDUzRtn8cQpxYZY6Lqg.mp4?_nc_cat=103&_nc_oc=AdoBEeDN5ywxG7JFuIxMcbWsHFJk6qSNWGdNajHj4qgo87LFul4APyekK5QCpvofHBo&_nc_sid=b66105&_nc_ht=video.fblr22-1.fna.fbcdn.net&_nc_ohc=JJRTRS7GkZ8Q7kNvwGTzI7U&efg=eyJ2ZW5jb2RlX3RhZyI6Inhwdl9wcm9ncmVzc2l2ZS5WSV9VU0VDQVNFX1BST0RVQ1RfVFlQRS4uQzMuNjA4LmRhc2hfaDI2NC1iYXNpYy1nZW4yXzcyMHAiLCJ4cHZfYXNzZXRfaWQiOjEwNTM4Mzg1NDAzMTM1MTcsImFzc2V0X2FnZV9kYXlzIjo1LCJ2aV91c2VjYXNlX2lkIjoxMDEzOSwiZHVyYXRpb25fcyI6NDMsInVybGdlbl9zb3VyY2UiOiJ3d3cifQ%3D%3D&ccb=17-1&vs=5659ef7ebe96cd16&_nc_vs=HBksFQIYRWZiX2VwaGVtZXJhbC85NjREMjhFQzdCMEVEOEJBQThGN0QwQjdFNzI4NzBBNl9tdF8xX3ZpZGVvX2Rhc2hpbml0Lm1wNBUAAsgBEgAVAhhAZmJfcGVybWFuZW50LzBBNDZGMEFCRjkwNTY1RDFGM0QxOUREOTMwN0EyMzlCX2F1ZGlvX2Rhc2hpbml0Lm1wNBUCAsgBEgAoABgAGwKIB3VzZV9vaWwBMRJwcm9ncmVzc2l2ZV9yZWNpcGUBMRUAACbazsT9vJ3fAxUCKAJDMywXQEXqn752yLQYGWRhc2hfaDI2NC1iYXNpYy1nZW4yXzcyMHARAHUAZbaeAQA&_nc_gid=y6LAbpVgnucO31CZg3MWEw&_nc_ss=7f289&_nc_zt=28&oh=00_AQBaQy4WyOoPnkws6QLO_IoIucz-FUgSdFOG490eNrjQAw&oe=6A53E861,https://scontent.fblr22-1.fna.fbcdn.net/v/t39.35426-6/737979049_1582543600168400_3633908163754120948_n.jpg?_nc_cat=104&ccb=1-7&_nc_sid=c53f8f&_nc_ohc=stJuSxkqQMsQ7kNvwHDEwQ4&_nc_oc=Adpnk3I3H3JumenrokvaHJcUVTxj3WBszdsDAaRmOL2BgV-rkj2N7v98YRyPZ0ZHVU0&_nc_zt=14&_nc_ht=scontent.fblr22-1.fna&_nc_gid=y6LAbpVgnucO31CZg3MWEw&_nc_ss=7f289&oh=00_AQBqt0dz8oY64SU5zTFTU_aQFn1ljZlJ_WNAi2WeUWngzw&oe=6A53DFF6,2026-07-12T19:17:53.000Z,2026-07-08
103,102,Lingo AI,599204246602758,Lingo AI,,IN,27390283250664816,https://www.facebook.com/ads/library/?id=27390283250664816,2026-07-05,,false,false,1,0,,2026-07-05,,"📘 Learn English easily with simple lessons 
😊 Build confidence with everyday speaking practice 
👉 Download now",👉 Download now,Download,https://speaklearnfrenchlingoai.onelink.me/Y67n?pid=metaweb_int&c={{campaign.name}}&af_c_id={{campaign.id}}&af_adset={{adset.name}}&af_adset_id={{adset.id}}&af_ad={{ad.name}}&af_ad_id={{ad.id}}&af_siteid={{site_source_name}},"Facebook,Instagram,Audience Network,Messenger,Threads","📘 Learn English easily with simple lessons 
😊 Build confidence with everyday speaking practice 
👉 Download now",👉 Download now,Download,https://speaklearnfrenchlingoai.onelink.me/Y67n?pid=metaweb_int&c={{campaign.name}}&af_c_id={{campaign.id}}&af_adset={{adset.name}}&af_adset_id={{adset.id}}&af_ad={{ad.name}}&af_ad_id={{ad.id}}&af_siteid={{site_source_name}},Video,"Facebook,Instagram,Audience Network,Messenger,Threads",1,0,9:16,https://video.fblr22-2.fna.fbcdn.net/o1/v/t2/f2/m366/AQMxAanBLEe8gn3WHoL8B3smd6x9L7c4X44D4734cWmKlG167Vzk_TB2uUxZwvby_AJOG5nzHzIQQveTz26szKOQEzJnD4vSlOran1FQ9FiPvg.mp4?_nc_cat=110&_nc_oc=AdqYErSm_25ePUIbRLSH7rjg2nwWiO_6i3h-vQ9GJBoA98Jj4pyjcpcEw8Sks2oCYg0&_nc_sid=b66105&_nc_ht=video.fblr22-2.fna.fbcdn.net&_nc_ohc=9LT1f5l2GZYQ7kNvwGw61hz&efg=eyJ2ZW5jb2RlX3RhZyI6Inhwdl9wcm9ncmVzc2l2ZS5WSV9VU0VDQVNFX1BST0RVQ1RfVFlQRS4uQzMuNzIwLmRhc2hfaDI2NC1iYXNpYy1nZW4yXzcyMHAiLCJ4cHZfYXNzZXRfaWQiOjIxNjA0Mzg2NjgwMjExMjAsImFzc2V0X2FnZV9kYXlzIjoxLCJ2aV91c2VjYXNlX2lkIjoxMDEzOSwiZHVyYXRpb25fcyI6MjUsInVybGdlbl9zb3VyY2UiOiJ3d3cifQ%3D%3D&ccb=17-1&vs=acb627d90b58c4c6&_nc_vs=HBksFQIYRWZiX2VwaGVtZXJhbC82QzRGMDdBRUU3RkFBQkE0NjJBQTY1RUU5RDlFQ0M4OF9tdF8xX3ZpZGVvX2Rhc2hpbml0Lm1wNBUAAsgBEgAVAhhAZmJfcGVybWFuZW50LzkwNDE1RERDNjIzMUFGMURFNTM3Njg3RjY2M0I3NDhCX2F1ZGlvX2Rhc2hpbml0Lm1wNBUCAsgBEgAoABgAGwKIB3VzZV9vaWwBMRJwcm9ncmVzc2l2ZV9yZWNpcGUBMRUAACaAtu61irrWBxUCKAJDMywXQDlu2RaHKwIYGWRhc2hfaDI2NC1iYXNpYy1nZW4yXzcyMHARAHUAZbaeAQA&_nc_gid=y6LAbpVgnucO31CZg3MWEw&_nc_ss=7f289&_nc_zt=28&oh=00_AQClcqpSDeUuCRucjjLGzk38ZpV-oaIOYXLAHX0mlv8P0Q&oe=6A53D0C2,https://scontent.fblr22-1.fna.fbcdn.net/v/t39.35426-6/739470828_1362031992527762_8560573221732543355_n.jpg?_nc_cat=103&ccb=1-7&_nc_sid=c53f8f&_nc_ohc=dFSPv1wb_UgQ7kNvwFHeB6b&_nc_oc=AdqsxPi2F1JKnanlAcH47O-YA1Fi90xWP2Hl6TgcCfwCcXz2EuL2NmCSUOhKvQSyzcE&_nc_zt=14&_nc_ht=scontent.fblr22-1.fna&_nc_gid=y6LAbpVgnucO31CZg3MWEw&_nc_ss=7f289&oh=00_AQDiu__OyyH_xxNe421BNVP3m7WZkz2Dsl7BzjYHz-3lYQ&oe=6A53E2BD,2026-07-12T17:37:06.000Z,2026-07-08
104,103,Lingo AI,599204246602758,Lingo AI,,IN,1247435140696299,https://www.facebook.com/ads/library/?id=1247435140696299,2026-07-05,,false,false,1,0,,2026-07-05,,"😊The best place to learn French language
💼 Boost your French skills in just 5 minutes a day! 
📚The efficient path to fluency.",✨Try it now~,Install now,http://itunes.apple.com/app/id6740255326,"Facebook,Instagram,Audience Network,Messenger,Threads","😊The best place to learn French language
💼 Boost your French skills in just 5 minutes a day! 
📚The efficient path to fluency.",✨Try it now~,Install now,http://itunes.apple.com/app/id6740255326,Video,"Facebook,Instagram,Audience Network,Messenger,Threads",1,0,9:16,https://video.fblr22-1.fna.fbcdn.net/o1/v/t2/f2/m366/AQO1cm_7Py3hVd6wSERlXvRyVRM9p72Hj21a2FAnFuSuW3pYul4iyMrtV1-Rpl_TxYZL8-5reY2IQbR-m8ZV_Rj-0o2dG8nPlLQWMRMlZFJgVQ.mp4?_nc_cat=104&_nc_oc=Ado0RQspWFNb6aLl9vFpPw_vUMEO1m3ZbjZL9cu41WwHvt8ST2KRWrtQIpMnJBMBuWU&_nc_sid=b66105&_nc_ht=video.fblr22-1.fna.fbcdn.net&_nc_ohc=pwDLP-bIYHIQ7kNvwFTvYpv&efg=eyJ2ZW5jb2RlX3RhZyI6Inhwdl9wcm9ncmVzc2l2ZS5WSV9VU0VDQVNFX1BST0RVQ1RfVFlQRS4uQzMuNzIwLmRhc2hfaDI2NC1iYXNpYy1nZW4yXzcyMHAiLCJ4cHZfYXNzZXRfaWQiOjIwMDQ3OTgwMjM3Mzc2MDUsImFzc2V0X2FnZV9kYXlzIjoyLCJ2aV91c2VjYXNlX2lkIjoxMDEzOSwiZHVyYXRpb25fcyI6NTMsInVybGdlbl9zb3VyY2UiOiJ3d3cifQ%3D%3D&ccb=17-1&vs=2a9cf4f9d86c5dfe&_nc_vs=HBksFQIYRWZiX2VwaGVtZXJhbC81NzQ3QjUyODI3NkI1N0I4OEFENTNERTNDQzM3MzU5Q19tdF8xX3ZpZGVvX2Rhc2hpbml0Lm1wNBUAAsgBEgAVAhhAZmJfcGVybWFuZW50LzkyNENBN0VFMTBDOUIzRkFBNTBCNUExMjgwMjhFMDhCX2F1ZGlvX2Rhc2hpbml0Lm1wNBUCAsgBEgAoABgAGwKIB3VzZV9vaWwBMRJwcm9ncmVzc2l2ZV9yZWNpcGUBMRUAACaKhOmgzdaPBxUCKAJDMywXQEru2RaHKwIYGWRhc2hfaDI2NC1iYXNpYy1nZW4yXzcyMHARAHUAZbaeAQA&_nc_gid=y6LAbpVgnucO31CZg3MWEw&_nc_ss=7f289&_nc_zt=28&oh=00_AQA9735o-OY8dFzAj-maSnN0Lt2YSTlMvl0dWnhWUWw09Q&oe=6A53C098,https://scontent.fblr22-1.fna.fbcdn.net/v/t39.35426-6/740836251_1036828058844972_5272802764784332168_n.jpg?_nc_cat=106&ccb=1-7&_nc_sid=c53f8f&_nc_ohc=csOF4f0AVMEQ7kNvwFcDvf8&_nc_oc=Adpzj4flLSedY8a0BsDj9UHhfx2bvp9XoCwOu8VigudRE0GMVGAuoX0CFnQy1RCc2Yw&_nc_zt=14&_nc_ht=scontent.fblr22-1.fna&_nc_gid=y6LAbpVgnucO31CZg3MWEw&_nc_ss=7f289&oh=00_AQCA_RrSqIrz1LdngINZWOdhOCsghnKA2h8_d-8QYxDhBQ&oe=6A53F31C,2026-07-12T16:28:08.000Z,2026-07-08
105,104,Lingo AI,599204246602758,Lingo AI,,IN,826967597018641,https://www.facebook.com/ads/library/?id=826967597018641,2026-07-02,,false,false,1,0,,2026-07-02,,"🌍 Learn real English for everyday life 
🗣 Practice speaking with simple lessons 
⏱ Just 5 minutes a day 
👉 Download now",👉 Download now,Download,https://speaklearnfrenchlingoai.onelink.me/Y67n?pid=metaweb_int&c={{campaign.name}}&af_c_id={{campaign.id}}&af_adset={{adset.name}}&af_adset_id={{adset.id}}&af_ad={{ad.name}}&af_ad_id={{ad.id}}&af_siteid={{site_source_name}},"Facebook,Instagram,Audience Network,Messenger,Threads","🌍 Learn real English for everyday life 
🗣 Practice speaking with simple lessons 
⏱ Just 5 minutes a day 
👉 Download now",👉 Download now,Download,https://speaklearnfrenchlingoai.onelink.me/Y67n?pid=metaweb_int&c={{campaign.name}}&af_c_id={{campaign.id}}&af_adset={{adset.name}}&af_adset_id={{adset.id}}&af_ad={{ad.name}}&af_ad_id={{ad.id}}&af_siteid={{site_source_name}},Video,"Facebook,Instagram,Audience Network,Messenger,Threads",1,0,9:16,https://video.fblr22-1.fna.fbcdn.net/o1/v/t2/f2/m366/AQPHIqsAEc8HHCWXl9KTtsTGSHsjEwNOAIQuya8iA1vanUxXURy1DCQUv5qPnCdVqAbf1BGKtj9TvaN-RcvHjzL82JgKSfZj5lsCIQYGtAoN5w.mp4?_nc_cat=104&_nc_oc=Adres0REP2sKU9mpdjCUlHcpYUlr2-CTn2gC_w8w5w2QnZYFeOyjwQLtreDvRnvyn38&_nc_sid=b66105&_nc_ht=video.fblr22-1.fna.fbcdn.net&_nc_ohc=fyAeGU4YuDYQ7kNvwFCFJBq&efg=eyJ2ZW5jb2RlX3RhZyI6Inhwdl9wcm9ncmVzc2l2ZS5WSV9VU0VDQVNFX1BST0RVQ1RfVFlQRS4uQzMuNjA4LmRhc2hfaDI2NC1iYXNpYy1nZW4yXzcyMHAiLCJ4cHZfYXNzZXRfaWQiOjE1NTY4ODU2MjYxMTYwNDgsImFzc2V0X2FnZV9kYXlzIjo1LCJ2aV91c2VjYXNlX2lkIjoxMDEzOSwiZHVyYXRpb25fcyI6MzUsInVybGdlbl9zb3VyY2UiOiJ3d3cifQ%3D%3D&ccb=17-1&vs=4c266b403ceb8439&_nc_vs=HBksFQIYRWZiX2VwaGVtZXJhbC80MjQ4ODkyNUEyRTM1MEFDRkY3MTNDOEI2MjFDMjY4Ml9tdF8xX3ZpZGVvX2Rhc2hpbml0Lm1wNBUAAsgBEgAVAhhAZmJfcGVybWFuZW50LzUwNDNGREY4MEY4QjY5NDk4NUNDMDE2RDU3Q0VFMEE3X2F1ZGlvX2Rhc2hpbml0Lm1wNBUCAsgBEgAoABgAGwKIB3VzZV9vaWwBMRJwcm9ncmVzc2l2ZV9yZWNpcGUBMRUAACag35rr1f7DBRUCKAJDMywXQEGIcrAgxJwYGWRhc2hfaDI2NC1iYXNpYy1nZW4yXzcyMHARAHUAZbaeAQA&_nc_gid=y6LAbpVgnucO31CZg3MWEw&_nc_ss=7f289&_nc_zt=28&oh=00_AQA81tPv1T229N4C_ONUGZd9JOura3hYgjlx2abzbrn8yg&oe=6A53CF88,https://scontent.fblr22-1.fna.fbcdn.net/v/t39.35426-6/735831917_1556648776254314_1901774556356795_n.jpg?_nc_cat=102&ccb=1-7&_nc_sid=c53f8f&_nc_ohc=U_7EydgwNVYQ7kNvwHMVvhi&_nc_oc=AdoqBJvJxhn8wx1wJfvwIL1FTs35AGNUS_U6RWchWVJ-EmyoJk_l-vAWhfNGXmopj3k&_nc_zt=14&_nc_ht=scontent.fblr22-1.fna&_nc_gid=y6LAbpVgnucO31CZg3MWEw&_nc_ss=7f289&oh=00_AQBwHIt_jaabgZ1qna6t6UgMQG-vh6BZPCTBX8zV8t5DCw&oe=6A53E00A,2026-07-12T17:31:52.000Z,2026-07-08
106,105,Lingo AI,599204246602758,Lingo AI,,IN,1754835955688580,https://www.facebook.com/ads/library/?id=1754835955688580,2026-07-01,,false,false,1,0,,2026-07-01,,"🌍 Learn real English for everyday life 
🗣 Practice speaking with simple lessons 
⏱ Just 5 minutes a day 
👉 Download now",👉 Download now,Download,https://speaklearnfrenchlingoai.onelink.me/Y67n?pid=metaweb_int&c={{campaign.name}}&af_c_id={{campaign.id}}&af_adset={{adset.name}}&af_adset_id={{adset.id}}&af_ad={{ad.name}}&af_ad_id={{ad.id}}&af_siteid={{site_source_name}},"Facebook,Instagram,Audience Network,Messenger,Threads","🌍 Learn real English for everyday life 
🗣 Practice speaking with simple lessons 
⏱ Just 5 minutes a day 
👉 Download now",👉 Download now,Download,https://speaklearnfrenchlingoai.onelink.me/Y67n?pid=metaweb_int&c={{campaign.name}}&af_c_id={{campaign.id}}&af_adset={{adset.name}}&af_adset_id={{adset.id}}&af_ad={{ad.name}}&af_ad_id={{ad.id}}&af_siteid={{site_source_name}},Video,"Facebook,Instagram,Audience Network,Messenger,Threads",1,0,9:16,https://video.fblr22-1.fna.fbcdn.net/o1/v/t2/f2/m366/AQNsEfmABSU9xUlVBy9lxUuWhF3ceoWHGl3oTqIpEQB8NsbQGvoCwipkhgzdc42uF-rY_PltTjEt8aRgbOu_qmyPcgbxWWSD98847Cc8ylMzvQ.mp4?_nc_cat=108&_nc_oc=AdpYZK5FZulPSYWl8Y7U99mFz8G3CNRJjkTP2LjG0kF6EHdqMB2UzeiQqNYSszPGxtQ&_nc_sid=b66105&_nc_ht=video.fblr22-1.fna.fbcdn.net&_nc_ohc=l4U8qhiJLLQQ7kNvwHkL0WT&efg=eyJ2ZW5jb2RlX3RhZyI6Inhwdl9wcm9ncmVzc2l2ZS5WSV9VU0VDQVNFX1BST0RVQ1RfVFlQRS4uQzMuNjA4LmRhc2hfaDI2NC1iYXNpYy1nZW4yXzcyMHAiLCJ4cHZfYXNzZXRfaWQiOjE3MjMxOTU4NTg3MDU3ODEsImFzc2V0X2FnZV9kYXlzIjo1LCJ2aV91c2VjYXNlX2lkIjoxMDEzOSwiZHVyYXRpb25fcyI6MzYsInVybGdlbl9zb3VyY2UiOiJ3d3cifQ%3D%3D&ccb=17-1&vs=ce6457973215fe4c&_nc_vs=HBksFQIYRWZiX2VwaGVtZXJhbC9CQjRCQjQwMzBBNkUzMTY1N0U2NzYwRjE4REFEQkU4Nl9tdF8xX3ZpZGVvX2Rhc2hpbml0Lm1wNBUAAsgBEgAVAhhAZmJfcGVybWFuZW50LzM2NEQwMkE0MzhEMjk3RDVERURCRjZCQjI1MUU4MUI5X2F1ZGlvX2Rhc2hpbml0Lm1wNBUCAsgBEgAoABgAGwKIB3VzZV9vaWwBMRJwcm9ncmVzc2l2ZV9yZWNpcGUBMRUAACbq9crQmc-PBhUCKAJDMywXQEJiDEm6XjUYGWRhc2hfaDI2NC1iYXNpYy1nZW4yXzcyMHARAHUAZbaeAQA&_nc_gid=y6LAbpVgnucO31CZg3MWEw&_nc_ss=7f289&_nc_zt=28&oh=00_AQCl6QdwPLr98hrDjRoJg1kyuBdawrQLOTYjFfFZA2l-2Q&oe=6A53CDDC,https://scontent.fblr22-2.fna.fbcdn.net/v/t39.35426-6/737569129_2150216762218200_6851104017956079274_n.jpg?_nc_cat=100&ccb=1-7&_nc_sid=c53f8f&_nc_ohc=8ViM9a7WvswQ7kNvwElSIbu&_nc_oc=Adq0yX0KpovQXhje-vvFNURsoirFPo7cON1iDHbfVq1Wuo_Rbfyf1xp23dgawOlbWMs&_nc_zt=14&_nc_ht=scontent.fblr22-2.fna&_nc_gid=y6LAbpVgnucO31CZg3MWEw&_nc_ss=7f289&oh=00_AQDLlXvXqRME_E5duHsyPb0n098ynTGdScIpQSnQSv9HKg&oe=6A53E48B,2026-07-12T17:24:44.000Z,2026-07-08
107,106,Lingo AI,599204246602758,Lingo AI,,IN,1505791890630928,https://www.facebook.com/ads/library/?id=1505791890630928,2026-07-05,,false,false,1,0,,2026-07-05,,"🌍 Learn real English for everyday life 
🗣 Practice speaking with simple lessons 
⏱ Just 5 minutes a day 
👉 Download now",👉 Download now,Download,https://speaklearnfrenchlingoai.onelink.me/Y67n?pid=metaweb_int&c={{campaign.name}}&af_c_id={{campaign.id}}&af_adset={{adset.name}}&af_adset_id={{adset.id}}&af_ad={{ad.name}}&af_ad_id={{ad.id}}&af_siteid={{site_source_name}},"Facebook,Instagram,Audience Network,Messenger,Threads","🌍 Learn real English for everyday life 
🗣 Practice speaking with simple lessons 
⏱ Just 5 minutes a day 
👉 Download now",👉 Download now,Download,https://speaklearnfrenchlingoai.onelink.me/Y67n?pid=metaweb_int&c={{campaign.name}}&af_c_id={{campaign.id}}&af_adset={{adset.name}}&af_adset_id={{adset.id}}&af_ad={{ad.name}}&af_ad_id={{ad.id}}&af_siteid={{site_source_name}},Video,"Facebook,Instagram,Audience Network,Messenger,Threads",1,0,9:16,https://video.fblr22-1.fna.fbcdn.net/o1/v/t2/f2/m366/AQM-_g1ZdHQJPMAoh1RrRkguU7fpEI-Pjz7gRlzVPUbovzFoYT51c8pB0g3WBVIDqSjQGEs5DzniGY1LYtnEEGTC8f8q7tVdv_329SJ4-XVqdA.mp4?_nc_cat=108&_nc_oc=AdphLusieBGwIzCNFXvL5JgEB5hezE64StD28GoD4Dd0NpNgS1SBpUa-17Y-DjYEzyM&_nc_sid=b66105&_nc_ht=video.fblr22-1.fna.fbcdn.net&_nc_ohc=cAV7dQlPUWQQ7kNvwEFGRB5&efg=eyJ2ZW5jb2RlX3RhZyI6Inhwdl9wcm9ncmVzc2l2ZS5WSV9VU0VDQVNFX1BST0RVQ1RfVFlQRS4uQzMuNjA4LmRhc2hfaDI2NC1iYXNpYy1nZW4yXzcyMHAiLCJ4cHZfYXNzZXRfaWQiOjI1MTQyMDU2MDU3MjA2NjYsImFzc2V0X2FnZV9kYXlzIjo1LCJ2aV91c2VjYXNlX2lkIjoxMDEzOSwiZHVyYXRpb25fcyI6MzgsInVybGdlbl9zb3VyY2UiOiJ3d3cifQ%3D%3D&ccb=17-1&vs=7f88e7ed3fdb6b38&_nc_vs=HBksFQIYRWZiX2VwaGVtZXJhbC9GMTQwMUY2ODU2OENEQzcyNTNFREU3QTk4RTgzMkZCOV9tdF8xX3ZpZGVvX2Rhc2hpbml0Lm1wNBUAAsgBEgAVAhhAZmJfcGVybWFuZW50LzJGNDRFN0QwMEI3REZCNUJDNDEyNTU0MDMxMzZDOUI5X2F1ZGlvX2Rhc2hpbml0Lm1wNBUCAsgBEgAoABgAGwKIB3VzZV9vaWwBMRJwcm9ncmVzc2l2ZV9yZWNpcGUBMRUAACa0yavAg6r3CBUCKAJDMywXQENEOVgQYk4YGWRhc2hfaDI2NC1iYXNpYy1nZW4yXzcyMHARAHUAZbaeAQA&_nc_gid=y6LAbpVgnucO31CZg3MWEw&_nc_ss=7f289&_nc_zt=28&oh=00_AQBp_WDlPoIwDbVv_yMS3pJ_yuu-9SNuRJS8xRKzeVoi7Q&oe=6A53F12C,https://scontent.fblr22-1.fna.fbcdn.net/v/t39.35426-6/734718492_1649192746582227_6372304424968220443_n.jpg?_nc_cat=103&ccb=1-7&_nc_sid=c53f8f&_nc_ohc=yIbLCHW3zx8Q7kNvwE0--tV&_nc_oc=Adp7Ea5Z1vRz6Wr7Z2VGeg9u-0qh6u1QpNCNLKG_JPXRqKyKY_7oDZ4NMZhDoocaDBo&_nc_zt=14&_nc_ht=scontent.fblr22-1.fna&_nc_gid=y6LAbpVgnucO31CZg3MWEw&_nc_ss=7f289&oh=00_AQBkxT3gvX9IQAObJOZqd_Qxa_FMJKJYcqTM5lMNq6CiZA&oe=6A53C802,2026-07-12T19:55:24.000Z,2026-07-08
108,107,Lingo AI,599204246602758,Lingo AI,,IN,1653664225929777,https://www.facebook.com/ads/library/?id=1653664225929777,2026-06-30,,false,false,1,0,,2026-06-30,,"📘 Aprenda inglês facilmente com lições simples
😊 Ganhe confiança com a prática diária de conversação
👉 Baixe agora",👉 Baixe agora,Download,https://speaklearnfrenchlingoai.onelink.me/Y67n?pid=metaweb_int&c={{campaign.name}}&af_c_id={{campaign.id}}&af_adset={{adset.name}}&af_adset_id={{adset.id}}&af_ad={{ad.name}}&af_ad_id={{ad.id}}&af_siteid={{site_source_name}},"Facebook,Instagram,Audience Network,Messenger,Threads","📘 Aprenda inglês facilmente com lições simples
😊 Ganhe confiança com a prática diária de conversação
👉 Baixe agora",👉 Baixe agora,Download,https://speaklearnfrenchlingoai.onelink.me/Y67n?pid=metaweb_int&c={{campaign.name}}&af_c_id={{campaign.id}}&af_adset={{adset.name}}&af_adset_id={{adset.id}}&af_ad={{ad.name}}&af_ad_id={{ad.id}}&af_siteid={{site_source_name}},Video,"Facebook,Instagram,Audience Network,Messenger,Threads",1,0,9:16,https://video.fblr22-1.fna.fbcdn.net/o1/v/t2/f2/m366/AQNtZwz_v98nCQQ-Iri2Y2lx_o7dZfipr6REtDXbnTb8toplDlMym5GsYum06znJTxV57bAdwcqGocV5PXPsk2USG-m0LFYj_uj3iz_KGbsohQ.mp4?_nc_cat=109&_nc_oc=Adq8cvUH0YAGh7OF6U9pVno5inSj2lWWQYjpWE08yJJxoQctIRbo27P5kFXMn4Wft9M&_nc_sid=b66105&_nc_ht=video.fblr22-1.fna.fbcdn.net&_nc_ohc=wvZuU9Eadd8Q7kNvwGeHOIj&efg=eyJ2ZW5jb2RlX3RhZyI6Inhwdl9wcm9ncmVzc2l2ZS5WSV9VU0VDQVNFX1BST0RVQ1RfVFlQRS4uQzMuNjA4LmRhc2hfaDI2NC1iYXNpYy1nZW4yXzcyMHAiLCJ4cHZfYXNzZXRfaWQiOjE2NzQyODU4NjA0NDMyNzcsImFzc2V0X2FnZV9kYXlzIjo2LCJ2aV91c2VjYXNlX2lkIjoxMDEzOSwiZHVyYXRpb25fcyI6MjYsInVybGdlbl9zb3VyY2UiOiJ3d3cifQ%3D%3D&ccb=17-1&vs=26f6e301eb1b06f6&_nc_vs=HBksFQIYRWZiX2VwaGVtZXJhbC9GODRDMzU2OTlENUJFRDMxQjRDMEQzOUU3NEY5MDA5QV9tdF8xX3ZpZGVvX2Rhc2hpbml0Lm1wNBUAAsgBEgAVAhhAZmJfcGVybWFuZW50L0UwNDEzMkRDRDlFMzVEQjlFNDQxRTk4Njg3RDgzNjlDX2F1ZGlvX2Rhc2hpbml0Lm1wNBUCAsgBEgAoABgAGwKIB3VzZV9vaWwBMRJwcm9ncmVzc2l2ZV9yZWNpcGUBMRUAACaa0rbfobD5BRUCKAJDMywXQDqZmZmZmZoYGWRhc2hfaDI2NC1iYXNpYy1nZW4yXzcyMHARAHUAZbaeAQA&_nc_gid=y6LAbpVgnucO31CZg3MWEw&_nc_ss=7f289&_nc_zt=28&oh=00_AQDdU5MYSBAjjmq2OEK9A4DN7ClAQpHwaayXTNcz6VFQNg&oe=6A53E60F,https://scontent.fblr22-1.fna.fbcdn.net/v/t39.35426-6/730451313_2582675465523766_7313387990942799565_n.jpg?_nc_cat=108&ccb=1-7&_nc_sid=c53f8f&_nc_ohc=EpwW_H3aBdcQ7kNvwHIe2ol&_nc_oc=AdrPQOQkcThO5jVIJhJBLceEIhCL1zqxX4rKAiGcGTjnz3oH7eD06n-7G93ANBvRdms&_nc_zt=14&_nc_ht=scontent.fblr22-1.fna&_nc_gid=y6LAbpVgnucO31CZg3MWEw&_nc_ss=7f289&oh=00_AQCn8LM1vcwS-pSKNhYro_mtY8ae18tnwXgpu1dycGT58g&oe=6A53CA01,2026-07-12T19:07:59.000Z,2026-07-08
109,108,Lingo AI,599204246602758,Lingo AI,,IN,1541473544048338,https://www.facebook.com/ads/library/?id=1541473544048338,2026-07-05,,false,false,1,0,,2026-07-05,,"🌍 Lerne echtes Englisch für den Alltag
🗣 Übe das Sprechen mit einfachen Lektionen
⏱ Nur 5 Minuten pro Tag
👉 Jetzt herunterladen",👉 Jetzt herunterladen,Download,https://speaklearnfrenchlingoai.onelink.me/Y67n?pid=metaweb_int&c={{campaign.name}}&af_c_id={{campaign.id}}&af_adset={{adset.name}}&af_adset_id={{adset.id}}&af_ad={{ad.name}}&af_ad_id={{ad.id}}&af_siteid={{site_source_name}},"Facebook,Instagram,Audience Network,Messenger,Threads","🌍 Lerne echtes Englisch für den Alltag
🗣 Übe das Sprechen mit einfachen Lektionen
⏱ Nur 5 Minuten pro Tag
👉 Jetzt herunterladen",👉 Jetzt herunterladen,Download,https://speaklearnfrenchlingoai.onelink.me/Y67n?pid=metaweb_int&c={{campaign.name}}&af_c_id={{campaign.id}}&af_adset={{adset.name}}&af_adset_id={{adset.id}}&af_ad={{ad.name}}&af_ad_id={{ad.id}}&af_siteid={{site_source_name}},Video,"Facebook,Instagram,Audience Network,Messenger,Threads",1,0,9:16,https://video.fblr22-1.fna.fbcdn.net/o1/v/t2/f2/m366/AQO3NZTRV8jEW6kqFj0aEA7QBxUp94oYxqcA0uptTZ6Kj-iOQfg1r1Pc5dqf0NhpdAk9nSyp9sVuyxHLJNHW0S3k76g9z9XTgObjrsYtj3Jp4g.mp4?_nc_cat=108&_nc_oc=AdpCmLJxaHBIwNcptbnDgrRKmkWiSfPiS0SDrRWXzCYcHniz9fytQLF0pELmzu5UXFU&_nc_sid=b66105&_nc_ht=video.fblr22-1.fna.fbcdn.net&_nc_ohc=b5k1ie4_v6gQ7kNvwGrsrkt&efg=eyJ2ZW5jb2RlX3RhZyI6Inhwdl9wcm9ncmVzc2l2ZS5WSV9VU0VDQVNFX1BST0RVQ1RfVFlQRS4uQzMuNjA4LmRhc2hfaDI2NC1iYXNpYy1nZW4yXzcyMHAiLCJ4cHZfYXNzZXRfaWQiOjE5Nzg4MDY2MzYwOTE2MTAsImFzc2V0X2FnZV9kYXlzIjoxLCJ2aV91c2VjYXNlX2lkIjoxMDEzOSwiZHVyYXRpb25fcyI6NjUsInVybGdlbl9zb3VyY2UiOiJ3d3cifQ%3D%3D&ccb=17-1&vs=b4c3fc88ef33fe0f&_nc_vs=HBksFQIYRWZiX2VwaGVtZXJhbC9BMjRBNEVFRDY3MjY1ODZBQUM3ODExRjAwMERGQjBBNl9tdF8xX3ZpZGVvX2Rhc2hpbml0Lm1wNBUAAsgBEgAVAhhAZmJfcGVybWFuZW50L0ZDNDJDMDEzOTk3RjI1NzMyRjEzNTc4QTNCQkMzRjk5X2F1ZGlvX2Rhc2hpbml0Lm1wNBUCAsgBEgAoABgAGwKIB3VzZV9vaWwBMRJwcm9ncmVzc2l2ZV9yZWNpcGUBMRUAACa04_yp2u2DBxUCKAJDMywXQFBbtkWhysEYGWRhc2hfaDI2NC1iYXNpYy1nZW4yXzcyMHARAHUAZbaeAQA&_nc_gid=y6LAbpVgnucO31CZg3MWEw&_nc_ss=7f289&_nc_zt=28&oh=00_AQCc1_dldKuPRXlHe8rBUueyWJCpUhiRIrq_X0BZ0mD6Fw&oe=6A53BDF4,https://scontent.fblr22-2.fna.fbcdn.net/v/t39.35426-6/741820652_1035329282320109_5381538348662467546_n.jpg?_nc_cat=105&ccb=1-7&_nc_sid=c53f8f&_nc_ohc=iUBR_bn4KAgQ7kNvwGlO9o1&_nc_oc=AdpWGzrbS24T56U012JwKotVEqY-9gJHh0v5VqPLWUCCt1wV9v2sR1echIfOFuZJa4I&_nc_zt=14&_nc_ht=scontent.fblr22-2.fna&_nc_gid=y6LAbpVgnucO31CZg3MWEw&_nc_ss=7f289&oh=00_AQCRUxAY1KV7OHwirsktOkqRNPq2BeBNLwkzbRK_NOh23A&oe=6A53E2A3,2026-07-12T16:16:52.000Z,2026-07-08
110,109,Lingo AI,599204246602758,Lingo AI,,IN,1069174625775853,https://www.facebook.com/ads/library/?id=1069174625775853,2026-07-03,,false,false,1,0,,2026-07-03,,"📘 Learn English easily with simple lessons 
😊 Build confidence with everyday speaking practice 
👉 Download now",👉 Download now,Download,https://speaklearnfrenchlingoai.onelink.me/Y67n?pid=metaweb_int&c={{campaign.name}}&af_c_id={{campaign.id}}&af_adset={{adset.name}}&af_adset_id={{adset.id}}&af_ad={{ad.name}}&af_ad_id={{ad.id}}&af_siteid={{site_source_name}},"Facebook,Instagram,Audience Network,Messenger,Threads","📘 Learn English easily with simple lessons 
😊 Build confidence with everyday speaking practice 
👉 Download now",👉 Download now,Download,https://speaklearnfrenchlingoai.onelink.me/Y67n?pid=metaweb_int&c={{campaign.name}}&af_c_id={{campaign.id}}&af_adset={{adset.name}}&af_adset_id={{adset.id}}&af_ad={{ad.name}}&af_ad_id={{ad.id}}&af_siteid={{site_source_name}},Video,"Facebook,Instagram,Audience Network,Messenger,Threads",1,0,9:16,https://video.fblr22-1.fna.fbcdn.net/o1/v/t2/f2/m366/AQNR8TeGRjZmil2YVprSnV6RKF_z03QmHhgj13wQgOA_HNI07IMkd1F_AFr3weTvK1ue4nCA6w-6X2COszXp79Lkhs7hna_olisaUiQ6GDRAoA.mp4?_nc_cat=102&_nc_oc=AdraZwANDZOg3KJmMMt9hHT8mEpyxM3My7HxAE5SjKQJ3sCS9sXZOVawuqe0Uatir08&_nc_sid=b66105&_nc_ht=video.fblr22-1.fna.fbcdn.net&_nc_ohc=kYKL7HmhZx4Q7kNvwFMWoca&efg=eyJ2ZW5jb2RlX3RhZyI6Inhwdl9wcm9ncmVzc2l2ZS5WSV9VU0VDQVNFX1BST0RVQ1RfVFlQRS4uQzMuNzIwLmRhc2hfaDI2NC1iYXNpYy1nZW4yXzcyMHAiLCJ4cHZfYXNzZXRfaWQiOjE1NjI5NDA1Mjg5MDExODQsImFzc2V0X2FnZV9kYXlzIjo0LCJ2aV91c2VjYXNlX2lkIjoxMDEzOSwiZHVyYXRpb25fcyI6NDgsInVybGdlbl9zb3VyY2UiOiJ3d3cifQ%3D%3D&ccb=17-1&vs=aace8d9ddb652778&_nc_vs=HBksFQIYRWZiX2VwaGVtZXJhbC82MzQxQTdGQUI1MTVEMzAxMEJFNjkyNUM4MjEzQTI4NF9tdF8xX3ZpZGVvX2Rhc2hpbml0Lm1wNBUAAsgBEgAVAhhAZmJfcGVybWFuZW50L0UyNDkzMzcyQUU1MzQ1NkIwMzJCQUY2RjA5OUE0RUE0X2F1ZGlvX2Rhc2hpbml0Lm1wNBUCAsgBEgAoABgAGwKIB3VzZV9vaWwBMRJwcm9ncmVzc2l2ZV9yZWNpcGUBMRUAACaA8b2wjt_GBRUCKAJDMywXQEhIcrAgxJwYGWRhc2hfaDI2NC1iYXNpYy1nZW4yXzcyMHARAHUAZbaeAQA&_nc_gid=y6LAbpVgnucO31CZg3MWEw&_nc_ss=7f289&_nc_zt=28&oh=00_AQASpSV8zxaz7S37lkuretVYafFiC-vm2hByTF4WKZmCRg&oe=6A53D972,https://scontent.fblr22-1.fna.fbcdn.net/v/t39.35426-6/739996433_1312114294244003_1398717569399308590_n.jpg?_nc_cat=108&ccb=1-7&_nc_sid=c53f8f&_nc_ohc=q4byrR0uNSEQ7kNvwEnomY7&_nc_oc=Ado1F5CjeMBAYGlqSvqaZWY_MtBkBtEubpLmerTXvc6ETqOaQmHoEH7HF9m3ttHsw4U&_nc_zt=14&_nc_ht=scontent.fblr22-1.fna&_nc_gid=y6LAbpVgnucO31CZg3MWEw&_nc_ss=7f289&oh=00_AQBTVA4EsDCEbF4XieLqP6Kd-l-qhcPgJaHeg3tdiJsSRA&oe=6A53C1E1,2026-07-12T18:14:10.000Z,2026-07-08
111,110,Lingo AI,599204246602758,Lingo AI,,IN,1915386352474119,https://www.facebook.com/ads/library/?id=1915386352474119,2026-07-03,,false,false,1,0,,2026-07-03,,"📘 Learn English easily with simple lessons 
😊 Build confidence with everyday speaking practice 
👉 Download now",👉 Download now,Download,https://speaklearnfrenchlingoai.onelink.me/Y67n?pid=metaweb_int&c={{campaign.name}}&af_c_id={{campaign.id}}&af_adset={{adset.name}}&af_adset_id={{adset.id}}&af_ad={{ad.name}}&af_ad_id={{ad.id}}&af_siteid={{site_source_name}},"Facebook,Instagram,Audience Network,Messenger,Threads","📘 Learn English easily with simple lessons 
😊 Build confidence with everyday speaking practice 
👉 Download now",👉 Download now,Download,https://speaklearnfrenchlingoai.onelink.me/Y67n?pid=metaweb_int&c={{campaign.name}}&af_c_id={{campaign.id}}&af_adset={{adset.name}}&af_adset_id={{adset.id}}&af_ad={{ad.name}}&af_ad_id={{ad.id}}&af_siteid={{site_source_name}},Video,"Facebook,Instagram,Audience Network,Messenger,Threads",1,0,9:16,https://video.fblr22-1.fna.fbcdn.net/o1/v/t2/f2/m366/AQP_mZes3kG5lCAxnnS2OBfayQCx_M0pihHIBd_omUC79hdeslWeNw0-eU21LyczbzEgVZdXj7aNXzIKSfDvcYvU7iKO5hp7zIOCne_891HNhg.mp4?_nc_cat=109&_nc_oc=Adpvpwrp5Dlu3Tnw-Im-ozdBCuxkg2SXCOAAdvhUNjKfcqmJZn86tJfadZJeyfY_oyI&_nc_sid=b66105&_nc_ht=video.fblr22-1.fna.fbcdn.net&_nc_ohc=6kN1EWPOqD8Q7kNvwHjxMAd&efg=eyJ2ZW5jb2RlX3RhZyI6Inhwdl9wcm9ncmVzc2l2ZS5WSV9VU0VDQVNFX1BST0RVQ1RfVFlQRS4uQzMuNzIwLmRhc2hfaDI2NC1iYXNpYy1nZW4yXzcyMHAiLCJ4cHZfYXNzZXRfaWQiOjE4MDg1MzYzMTY5NTM3NTksImFzc2V0X2FnZV9kYXlzIjo0LCJ2aV91c2VjYXNlX2lkIjoxMDEzOSwiZHVyYXRpb25fcyI6NDgsInVybGdlbl9zb3VyY2UiOiJ3d3cifQ%3D%3D&ccb=17-1&vs=a7b11ee60e52583c&_nc_vs=HBksFQIYRWZiX2VwaGVtZXJhbC84MzQwOTY1QkEzMkU5QjlDRUEyQkFCRjlFOTMyRjM5Ql9tdF8xX3ZpZGVvX2Rhc2hpbml0Lm1wNBUAAsgBEgAVAhhAZmJfcGVybWFuZW50LzM3NDZFNjY5REVDNTZCNEU4RUY3MDlBQTY2M0Y3Njk1X2F1ZGlvX2Rhc2hpbml0Lm1wNBUCAsgBEgAoABgAGwKIB3VzZV9vaWwBMRJwcm9ncmVzc2l2ZV9yZWNpcGUBMRUAACa-kuLL1ba2BhUCKAJDMywXQEhIcrAgxJwYGWRhc2hfaDI2NC1iYXNpYy1nZW4yXzcyMHARAHUAZbaeAQA&_nc_gid=V1EeVq3O4b-UAnuFe-PVZw&_nc_ss=7f289&_nc_zt=28&oh=00_AQD7jzVm2yvL_tKPJSrw6kJLRB6iNANXmLe_bj8fT3akLA&oe=6A53D52F,https://scontent.fblr22-1.fna.fbcdn.net/v/t39.35426-6/739437489_2806382139730593_7210852836560462777_n.jpg?_nc_cat=108&ccb=1-7&_nc_sid=c53f8f&_nc_ohc=ewMkw4FKhJsQ7kNvwH5PLXp&_nc_oc=AdrFjcqfrp8Cr6dNVSkfj7YdT_1B3c_xyBw6IW4hQMeSdJqESozNno-XAGWlixEwYJ4&_nc_zt=14&_nc_ht=scontent.fblr22-1.fna&_nc_gid=V1EeVq3O4b-UAnuFe-PVZw&_nc_ss=7f289&oh=00_AQB46rVBi9yrCaOKbqLTDuyVA5A63ycwNUB792vzPQBUXQ&oe=6A53C350,2026-07-12T17:55:59.000Z,2026-07-08
112,111,Lingo AI,599204246602758,Lingo AI,,IN,1319060930423038,https://www.facebook.com/ads/library/?id=1319060930423038,2026-07-05,,false,false,1,0,,2026-07-05,,"😊The best place to learn French language
💼 Boost your French skills in just 5 minutes a day! 
📚The efficient path to fluency.",✨Try it now~,Install now,http://itunes.apple.com/app/id6740255326,"Facebook,Instagram,Audience Network,Messenger,Threads","😊The best place to learn French language
💼 Boost your French skills in just 5 minutes a day! 
📚The efficient path to fluency.",✨Try it now~,Install now,http://itunes.apple.com/app/id6740255326,Video,"Facebook,Instagram,Audience Network,Messenger,Threads",1,0,9:16,https://video.fblr22-1.fna.fbcdn.net/o1/v/t2/f2/m366/AQMGZE62csDQ1ETiBgIZtyx0LNq6sXPMjrTyZiR0yra_NgIZVm-z55sLphqiBsPyloAP8l8yvdJ3t9vnyuuIwxyD3Vnq-aaiTCg5WWpf6kw5Hw.mp4?_nc_cat=108&_nc_oc=AdrJYhqONCcZSvtjw3cfJ3BaWhWaEEUL6aWQ3MnvAl9dq4P5sRAZ3jVfshsKmLHAWaU&_nc_sid=b66105&_nc_ht=video.fblr22-1.fna.fbcdn.net&_nc_ohc=e6-zdrgZq6cQ7kNvwHawQOx&efg=eyJ2ZW5jb2RlX3RhZyI6Inhwdl9wcm9ncmVzc2l2ZS5WSV9VU0VDQVNFX1BST0RVQ1RfVFlQRS4uQzMuNzIwLmRhc2hfaDI2NC1iYXNpYy1nZW4yXzcyMHAiLCJ4cHZfYXNzZXRfaWQiOjEzMDYwMzc0NDE2MDA3MzksImFzc2V0X2FnZV9kYXlzIjoyLCJ2aV91c2VjYXNlX2lkIjoxMDEzOSwiZHVyYXRpb25fcyI6NjgsInVybGdlbl9zb3VyY2UiOiJ3d3cifQ%3D%3D&ccb=17-1&vs=b7dc9f5d54caffd0&_nc_vs=HBksFQIYRWZiX2VwaGVtZXJhbC8wNTRBRTNBRTA4Q0ExMzlBN0M3OTZCN0ZBOEEyRjdCQV9tdF8xX3ZpZGVvX2Rhc2hpbml0Lm1wNBUAAsgBEgAVAhhAZmJfcGVybWFuZW50Lzk3NEQwOTVEN0M3NEVEMDUxNUQxMjQ1MjRENzQyMEI0X2F1ZGlvX2Rhc2hpbml0Lm1wNBUCAsgBEgAoABgAGwKIB3VzZV9vaWwBMRJwcm9ncmVzc2l2ZV9yZWNpcGUBMRUAACbG86icsfXRBBUCKAJDMywXQFEmZmZmZmYYGWRhc2hfaDI2NC1iYXNpYy1nZW4yXzcyMHARAHUAZbaeAQA&_nc_gid=V1EeVq3O4b-UAnuFe-PVZw&_nc_ss=7f289&_nc_zt=28&oh=00_AQAf5dBpfK79edj1RA6haBiPl8F8mK-9FsJudyWhZ36QIQ&oe=6A53C0F4,https://scontent.fblr22-2.fna.fbcdn.net/v/t39.35426-6/740812679_2562657687507205_3339832432162162574_n.jpg?_nc_cat=111&ccb=1-7&_nc_sid=c53f8f&_nc_ohc=UuT_uIRVS6EQ7kNvwGPDqt6&_nc_oc=Adp_UTcZBwr8V9qlcC-7ZAlROxD96Y-Z45qdorlC5vQvWXpN__d5KSGpwgzvqNUA4Yk&_nc_zt=14&_nc_ht=scontent.fblr22-2.fna&_nc_gid=V1EeVq3O4b-UAnuFe-PVZw&_nc_ss=7f289&oh=00_AQBSm7pd38K8KbkZ04H0meeN9hKk3P6PLMWUIdzAfgIy4g&oe=6A53F1A4,2026-07-12T16:29:40.000Z,2026-07-08
113,112,Lingo AI,599204246602758,Lingo AI,,IN,1596772835346893,https://www.facebook.com/ads/library/?id=1596772835346893,2026-07-05,,false,false,1,0,,2026-07-05,,"🌍 Lerne echtes Englisch für den Alltag
🗣 Übe das Sprechen mit einfachen Lektionen
⏱ Nur 5 Minuten pro Tag
👉 Jetzt herunterladen",👉 Jetzt herunterladen,Download,https://speaklearnfrenchlingoai.onelink.me/Y67n?pid=metaweb_int&c={{campaign.name}}&af_c_id={{campaign.id}}&af_adset={{adset.name}}&af_adset_id={{adset.id}}&af_ad={{ad.name}}&af_ad_id={{ad.id}}&af_siteid={{site_source_name}},"Facebook,Instagram,Audience Network,Messenger,Threads","🌍 Lerne echtes Englisch für den Alltag
🗣 Übe das Sprechen mit einfachen Lektionen
⏱ Nur 5 Minuten pro Tag
👉 Jetzt herunterladen",👉 Jetzt herunterladen,Download,https://speaklearnfrenchlingoai.onelink.me/Y67n?pid=metaweb_int&c={{campaign.name}}&af_c_id={{campaign.id}}&af_adset={{adset.name}}&af_adset_id={{adset.id}}&af_ad={{ad.name}}&af_ad_id={{ad.id}}&af_siteid={{site_source_name}},Video,"Facebook,Instagram,Audience Network,Messenger,Threads",1,0,9:16,https://video.fblr22-1.fna.fbcdn.net/o1/v/t2/f2/m366/AQNNSYzRzGkCNj5KBaqjHHjThn9ZPxE5J6R3RPhi0imrg1q2xPTl7EWbhCHInLPTYD4u1bMF9PFs-HBgA4xpgcpEMz_wFV_tJW4kOwNS8VcUYA.mp4?_nc_cat=102&_nc_oc=AdqPDkWEmswfkDDuRa4Ir0xYe64f2gYcCBQKy3CIgD011oNRGs0ZBFQGUM-TAWVbSF4&_nc_sid=b66105&_nc_ht=video.fblr22-1.fna.fbcdn.net&_nc_ohc=NyyaDE6UeJUQ7kNvwEMyyHv&efg=eyJ2ZW5jb2RlX3RhZyI6Inhwdl9wcm9ncmVzc2l2ZS5WSV9VU0VDQVNFX1BST0RVQ1RfVFlQRS4uQzMuNjA4LmRhc2hfaDI2NC1iYXNpYy1nZW4yXzcyMHAiLCJ4cHZfYXNzZXRfaWQiOjEwMzQ2MDYzMTIzOTY3NzcsImFzc2V0X2FnZV9kYXlzIjoxLCJ2aV91c2VjYXNlX2lkIjoxMDEzOSwiZHVyYXRpb25fcyI6NjEsInVybGdlbl9zb3VyY2UiOiJ3d3cifQ%3D%3D&ccb=17-1&vs=1592e3b8c89979d3&_nc_vs=HBksFQIYRWZiX2VwaGVtZXJhbC81NTREOEM4N0ExRTNFQTQ0REIwQjI3Nzk1RUM0RkJCNF9tdF8xX3ZpZGVvX2Rhc2hpbml0Lm1wNBUAAsgBEgAVAhhAZmJfcGVybWFuZW50L0Y3NEFGRjdFM0JGN0I0MEQxRjk5QTUxMjM0RjNFNDhGX2F1ZGlvX2Rhc2hpbml0Lm1wNBUCAsgBEgAoABgAGwKIB3VzZV9vaWwBMRJwcm9ncmVzc2l2ZV9yZWNpcGUBMRUAACbS39zbgb7WAxUCKAJDMywXQE6EOVgQYk4YGWRhc2hfaDI2NC1iYXNpYy1nZW4yXzcyMHARAHUAZbaeAQA&_nc_gid=V1EeVq3O4b-UAnuFe-PVZw&_nc_ss=7f289&_nc_zt=28&oh=00_AQAoXAQaN9jABN-y44KfsKcCCcsYmHttrjnWDWeeqky1Tg&oe=6A53C532,https://scontent.fblr22-1.fna.fbcdn.net/v/t39.35426-6/738829000_1920644875266992_6902000332159287218_n.jpg?_nc_cat=108&ccb=1-7&_nc_sid=c53f8f&_nc_ohc=b_EtPNYfyCMQ7kNvwFXARJo&_nc_oc=AdrTvjkWRK6ayoEDVTHkbGHPKZskqXiLUX-eAVh_bjeH-rYIxVUvkigY4q8k_w70Hbw&_nc_zt=14&_nc_ht=scontent.fblr22-1.fna&_nc_gid=V1EeVq3O4b-UAnuFe-PVZw&_nc_ss=7f289&oh=00_AQCqk7hiJWKGPmjAoc6zSwBbJQlpvy0xccJ6PxRenYPUEQ&oe=6A53ED99,2026-07-12T16:47:46.000Z,2026-07-08
114,113,Lingo AI,599204246602758,Lingo AI,,IN,1403634755018898,https://www.facebook.com/ads/library/?id=1403634755018898,2026-07-03,,false,false,1,0,,2026-07-03,,"📘 Aprenda inglês facilmente com lições simples
😊 Ganhe confiança com a prática diária de conversação
👉 Baixe agora",👉 Baixe agora,Download,https://speaklearnfrenchlingoai.onelink.me/Y67n?pid=metaweb_int&c={{campaign.name}}&af_c_id={{campaign.id}}&af_adset={{adset.name}}&af_adset_id={{adset.id}}&af_ad={{ad.name}}&af_ad_id={{ad.id}}&af_siteid={{site_source_name}},"Facebook,Instagram,Audience Network,Messenger,Threads","📘 Aprenda inglês facilmente com lições simples
😊 Ganhe confiança com a prática diária de conversação
👉 Baixe agora",👉 Baixe agora,Download,https://speaklearnfrenchlingoai.onelink.me/Y67n?pid=metaweb_int&c={{campaign.name}}&af_c_id={{campaign.id}}&af_adset={{adset.name}}&af_adset_id={{adset.id}}&af_ad={{ad.name}}&af_ad_id={{ad.id}}&af_siteid={{site_source_name}},Video,"Facebook,Instagram,Audience Network,Messenger,Threads",1,0,9:16,https://video.fblr22-1.fna.fbcdn.net/o1/v/t2/f2/m366/AQOz2wOznThpWvFQNzy1qdppnINyCZptA24n-CNEt-gCIdF1ErnCUy2OEerM-hfeB_ARowqYcrTZo4vjOL2k725oZCeqBoP4YQsgMz3gDVsxUA.mp4?_nc_cat=102&_nc_oc=Adog2-w0_Sm98-n-HMVJNEnSa2vRnLZ3VEAwZd1H5o3hv0kPQV-UyCsglDs4sN6STGY&_nc_sid=b66105&_nc_ht=video.fblr22-1.fna.fbcdn.net&_nc_ohc=y0Kqg53dkPkQ7kNvwEj0Md3&efg=eyJ2ZW5jb2RlX3RhZyI6Inhwdl9wcm9ncmVzc2l2ZS5WSV9VU0VDQVNFX1BST0RVQ1RfVFlQRS4uQzMuNjA4LmRhc2hfaDI2NC1iYXNpYy1nZW4yXzcyMHAiLCJ4cHZfYXNzZXRfaWQiOjIxMDAzNDQ3NDc1NTU4MjYsImFzc2V0X2FnZV9kYXlzIjo3LCJ2aV91c2VjYXNlX2lkIjoxMDEzOSwiZHVyYXRpb25fcyI6NjQsInVybGdlbl9zb3VyY2UiOiJ3d3cifQ%3D%3D&ccb=17-1&vs=7e8aefdec00c8583&_nc_vs=HBksFQIYRWZiX2VwaGVtZXJhbC9DMjRGQTgxMUY3MUM5NDE3RTdCODZENzAwQzFBMDQ4M19tdF8xX3ZpZGVvX2Rhc2hpbml0Lm1wNBUAAsgBEgAVAhhAZmJfcGVybWFuZW50LzAxNDk0NTQ4Q0FENkQ0QzA2MzgxMDg4RDk5RUEzOUJDX2F1ZGlvX2Rhc2hpbml0Lm1wNBUCAsgBEgAoABgAGwKIB3VzZV9vaWwBMRJwcm9ncmVzc2l2ZV9yZWNpcGUBMRUAACbk76vpk5C7BxUCKAJDMywXQFAxBiTdLxsYGWRhc2hfaDI2NC1iYXNpYy1nZW4yXzcyMHARAHUAZbaeAQA&_nc_gid=V1EeVq3O4b-UAnuFe-PVZw&_nc_ss=7f289&_nc_zt=28&oh=00_AQAVh_LyIpcmV8VITINxSQ7H6RIqj0eAMdvnFfBzhVSGfg&oe=6A53C272,https://scontent.fblr22-1.fna.fbcdn.net/v/t39.35426-6/732269215_1890899478216937_2951151543851220665_n.jpg?_nc_cat=108&ccb=1-7&_nc_sid=c53f8f&_nc_ohc=RW3bXfsPHy4Q7kNvwFpG-hx&_nc_oc=Adqh14j1GJ2zf1x86QYQaDjTszqBnjT81u9iVGpuTizzcr5W15ikMxrMv8EUD-tzRLo&_nc_zt=14&_nc_ht=scontent.fblr22-1.fna&_nc_gid=V1EeVq3O4b-UAnuFe-PVZw&_nc_ss=7f289&oh=00_AQDFoKwzrwyIwsOFnfCe1RtQeeYt7gxOZFGguPovWDTaCw&oe=6A53D6F1,2026-07-12T16:36:02.000Z,2026-07-08
115,114,Lingo AI,599204246602758,Lingo AI,,IN,1778942330132715,https://www.facebook.com/ads/library/?id=1778942330132715,2026-06-14,,false,false,1,0,,2026-06-14,,"🌍 Learn real English for everyday life 
🗣 Practice speaking with simple lessons 
⏱ Just 5 minutes a day
👉 Download now",👇 Start now,Download,https://speaklearnfrenchlingoai.onelink.me/Y67n?pid=metaweb_int&c={{campaign.name}}&af_c_id={{campaign.id}}&af_adset={{adset.name}}&af_adset_id={{adset.id}}&af_ad={{ad.name}}&af_ad_id={{ad.id}}&af_siteid={{site_source_name}},"Facebook,Instagram,Audience Network,Messenger,Threads","🌍 Learn real English for everyday life 
🗣 Practice speaking with simple lessons 
⏱ Just 5 minutes a day
👉 Download now",👇 Start now,Download,https://speaklearnfrenchlingoai.onelink.me/Y67n?pid=metaweb_int&c={{campaign.name}}&af_c_id={{campaign.id}}&af_adset={{adset.name}}&af_adset_id={{adset.id}}&af_ad={{ad.name}}&af_ad_id={{ad.id}}&af_siteid={{site_source_name}},Video,"Facebook,Instagram,Audience Network,Messenger,Threads",1,0,9:16,https://video.fblr22-1.fna.fbcdn.net/o1/v/t2/f2/m366/AQM1mp4i62Jw5YegTewHhlzEo48RJ55W_4sxag5Smz6cYyDRYMbW4VXJHBETG9LBQq4PWejdK_7vRqFM3RwoH_lpltBwHj3VMJYjVCXQ5KaREQ.mp4?_nc_cat=101&_nc_oc=Adr49MD5KAfft2XzhI9uhY2U6p865VaOWFHn9qxfbHveywOiciiog1Z-LlvmxdCJFSc&_nc_sid=b66105&_nc_ht=video.fblr22-1.fna.fbcdn.net&_nc_ohc=tPVY4SvXDxoQ7kNvwF4AJp_&efg=eyJ2ZW5jb2RlX3RhZyI6Inhwdl9wcm9ncmVzc2l2ZS5WSV9VU0VDQVNFX1BST0RVQ1RfVFlQRS4uQzMuNzIwLmRhc2hfaDI2NC1iYXNpYy1nZW4yXzcyMHAiLCJ4cHZfYXNzZXRfaWQiOjE3MTAzMjk5NjAxNTE3NTMsImFzc2V0X2FnZV9kYXlzIjoyMiwidmlfdXNlY2FzZV9pZCI6MTAxMzksImR1cmF0aW9uX3MiOjQ0LCJ1cmxnZW5fc291cmNlIjoid3d3In0%3D&ccb=17-1&vs=357f9ed5c2654ec3&_nc_vs=HBksFQIYRWZiX2VwaGVtZXJhbC81QzQ5NTE3RDRERjExOEVBRTE4QTlCQTc2NDYzREFBNF9tdF8xX3ZpZGVvX2Rhc2hpbml0Lm1wNBUAAsgBEgAVAhhAZmJfcGVybWFuZW50LzZGNEIxOTBCRDA3MkNCMDQxMkRDRjQ0QzM4MTlDRUFCX2F1ZGlvX2Rhc2hpbml0Lm1wNBUCAsgBEgAoABgAGwKIB3VzZV9vaWwBMRJwcm9ncmVzc2l2ZV9yZWNpcGUBMRUAACaS68mbp-KJBhUCKAJDMywXQEZmZmZmZmYYGWRhc2hfaDI2NC1iYXNpYy1nZW4yXzcyMHARAHUAZbaeAQA&_nc_gid=V1EeVq3O4b-UAnuFe-PVZw&_nc_ss=7f289&_nc_zt=28&oh=00_AQDmta3Hn8yXdsnwy_KERk-0muTemlYjJuZREm_ZTsLJGw&oe=6A53F2FF,https://scontent.fblr22-2.fna.fbcdn.net/v/t39.35426-6/724414914_1387661686567308_2415253975402935599_n.jpg?_nc_cat=105&ccb=1-7&_nc_sid=c53f8f&_nc_ohc=I10LExEZSwoQ7kNvwHx5YPz&_nc_oc=Ados72j8KhWvIZ1-cTqwXbzbseUQiPz9FD-u_EYPt4Fyk2KIKKOXsbKyy4srjeltEos&_nc_zt=14&_nc_ht=scontent.fblr22-2.fna&_nc_gid=V1EeVq3O4b-UAnuFe-PVZw&_nc_ss=7f289&oh=00_AQAvucH83Dv34yO1WUZIKp5oyWx0QAU1HjfrYypEBUZJdA&oe=6A53DA0C,2026-07-12T20:03:11.000Z,2026-07-08
116,115,Lingo AI,599204246602758,Lingo AI,,IN,27350423597950324,https://www.facebook.com/ads/library/?id=27350423597950324,2026-07-01,,true,false,1,0,,2026-07-01,,"🌍 Learn real English for everyday life 
🗣 Practice speaking with simple lessons 
⏱ Just 5 minutes a day 
👉 Download now",👉 Download now,Download,https://speaklearnfrenchlingoai.onelink.me/Y67n?pid=metaweb_int&c={{campaign.name}}&af_c_id={{campaign.id}}&af_adset={{adset.name}}&af_adset_id={{adset.id}}&af_ad={{ad.name}}&af_ad_id={{ad.id}}&af_siteid={{site_source_name}},"Facebook,Instagram,Audience Network,Messenger,Threads","🌍 Learn real English for everyday life 
🗣 Practice speaking with simple lessons 
⏱ Just 5 minutes a day 
👉 Download now",👉 Download now,Download,https://speaklearnfrenchlingoai.onelink.me/Y67n?pid=metaweb_int&c={{campaign.name}}&af_c_id={{campaign.id}}&af_adset={{adset.name}}&af_adset_id={{adset.id}}&af_ad={{ad.name}}&af_ad_id={{ad.id}}&af_siteid={{site_source_name}},Video,"Facebook,Instagram,Audience Network,Messenger,Threads",1,0,9:16,https://video.fblr22-1.fna.fbcdn.net/o1/v/t2/f2/m366/AQP-FVQPZwszHbsdJzuw2bbyHHT53OeNT0YrB-Msjvtms_ikql11E31HY4k-yNFdGmBXNkG1Vi8CAMp7JGNI6T_WRPPZVLrGyMrx6ZTQYdzaSA.mp4?_nc_cat=106&_nc_oc=Adr2L6so4MS9r4wURTJMyPX3iWaeecEvVJxoVliYaaa_3NyJqeI4mG-Mas3vpozJRAE&_nc_sid=b66105&_nc_ht=video.fblr22-1.fna.fbcdn.net&_nc_ohc=_4FANIoZI7oQ7kNvwFonDL3&efg=eyJ2ZW5jb2RlX3RhZyI6Inhwdl9wcm9ncmVzc2l2ZS5WSV9VU0VDQVNFX1BST0RVQ1RfVFlQRS4uQzMuNjA4LmRhc2hfaDI2NC1iYXNpYy1nZW4yXzcyMHAiLCJ4cHZfYXNzZXRfaWQiOjE4MDMyMjQyMDEwNDg2ODksImFzc2V0X2FnZV9kYXlzIjo1LCJ2aV91c2VjYXNlX2lkIjoxMDEzOSwiZHVyYXRpb25fcyI6MzAsInVybGdlbl9zb3VyY2UiOiJ3d3cifQ%3D%3D&ccb=17-1&vs=2e6cf61785668a5a&_nc_vs=HBksFQIYRWZiX2VwaGVtZXJhbC8xNDQ0NTVDQzgzM0I4REFFMThDN0M4MTAyOUJBQUI4NV9tdF8xX3ZpZGVvX2Rhc2hpbml0Lm1wNBUAAsgBEgAVAhhAZmJfcGVybWFuZW50L0JENEZDMkE4NzZFRTJERUFBQjVFMzJENjM0NDExRjlCX2F1ZGlvX2Rhc2hpbml0Lm1wNBUCAsgBEgAoABgAGwKIB3VzZV9vaWwBMRJwcm9ncmVzc2l2ZV9yZWNpcGUBMRUAACbiyaGfu4G0BhUCKAJDMywXQD47peNT988YGWRhc2hfaDI2NC1iYXNpYy1nZW4yXzcyMHARAHUAZbaeAQA&_nc_gid=V1EeVq3O4b-UAnuFe-PVZw&_nc_ss=7f289&_nc_zt=28&oh=00_AQAuROt87TvIUNK-TfkP1RPMP37tLoJ_NnhAJW8dUTkxWA&oe=6A53CDC6,https://scontent.fblr22-2.fna.fbcdn.net/v/t39.35426-6/736384714_2041334659802906_6969677531744369975_n.jpg?_nc_cat=107&ccb=1-7&_nc_sid=c53f8f&_nc_ohc=tzvoXG-3TKMQ7kNvwGj5orJ&_nc_oc=AdqWvk56R4OokPwYSK22Z3Qlxu1hmMQVbVvU-h_YMsaaNGA56U3OyF1SqUfaXcYosrs&_nc_zt=14&_nc_ht=scontent.fblr22-2.fna&_nc_gid=V1EeVq3O4b-UAnuFe-PVZw&_nc_ss=7f289&oh=00_AQAHJb_gfJrkqRDVUfopP3POl-DKKEh34agzADh_BuyJzQ&oe=6A53E7E8,2026-07-12T17:24:22.000Z,2026-07-08
117,116,Lingo AI,599204246602758,Lingo AI,,IN,1371576448230090,https://www.facebook.com/ads/library/?id=1371576448230090,2026-06-30,,false,false,1,0,,2026-06-30,,"📘 Aprenda inglês facilmente com lições simples
😊 Ganhe confiança com a prática diária de conversação
👉 Baixe agora",👉 Baixe agora,Download,https://speaklearnfrenchlingoai.onelink.me/Y67n?pid=metaweb_int&c={{campaign.name}}&af_c_id={{campaign.id}}&af_adset={{adset.name}}&af_adset_id={{adset.id}}&af_ad={{ad.name}}&af_ad_id={{ad.id}}&af_siteid={{site_source_name}},"Facebook,Instagram,Audience Network,Messenger,Threads","📘 Aprenda inglês facilmente com lições simples
😊 Ganhe confiança com a prática diária de conversação
👉 Baixe agora",👉 Baixe agora,Download,https://speaklearnfrenchlingoai.onelink.me/Y67n?pid=metaweb_int&c={{campaign.name}}&af_c_id={{campaign.id}}&af_adset={{adset.name}}&af_adset_id={{adset.id}}&af_ad={{ad.name}}&af_ad_id={{ad.id}}&af_siteid={{site_source_name}},Video,"Facebook,Instagram,Audience Network,Messenger,Threads",1,0,9:16,https://video.fblr22-1.fna.fbcdn.net/o1/v/t2/f2/m366/AQNaP0CNryvtZ5lBPPhqPe1aX65e_qERfZ6JrTyorXCh2CSvu7BQiXlyN1BzjU6T_ij4ScjcZL7eOGrlkft3SCUdgdg-yOcRgwByh2xR8iRFOg.mp4?_nc_cat=102&_nc_oc=Ado6tCEtcgX4XGTofpB6ACJB95BJt7WDAl7jKVOOf9KqOz3CBGpqdekWCtsI7EjJ6ps&_nc_sid=b66105&_nc_ht=video.fblr22-1.fna.fbcdn.net&_nc_ohc=-Yj3PNmbFA8Q7kNvwHv5z-f&efg=eyJ2ZW5jb2RlX3RhZyI6Inhwdl9wcm9ncmVzc2l2ZS5WSV9VU0VDQVNFX1BST0RVQ1RfVFlQRS4uQzMuNjA4LmRhc2hfaDI2NC1iYXNpYy1nZW4yXzcyMHAiLCJ4cHZfYXNzZXRfaWQiOjE1NDUxODY2MTM3NTA5OTgsImFzc2V0X2FnZV9kYXlzIjo2LCJ2aV91c2VjYXNlX2lkIjoxMDEzOSwiZHVyYXRpb25fcyI6MjEsInVybGdlbl9zb3VyY2UiOiJ3d3cifQ%3D%3D&ccb=17-1&vs=6af0ae0d5da80b31&_nc_vs=HBksFQIYRWZiX2VwaGVtZXJhbC8yRDRCM0ZENzRGOEE2Q0Y3NTlERDM2MDVDREQxQkFBOV9tdF8xX3ZpZGVvX2Rhc2hpbml0Lm1wNBUAAsgBEgAVAhhAZmJfcGVybWFuZW50L0VFNDJFMkY4MkUzNDc4NEIzNjAzODk3NTY5NDk4RkI0X2F1ZGlvX2Rhc2hpbml0Lm1wNBUCAsgBEgAoABgAGwKIB3VzZV9vaWwBMRJwcm9ncmVzc2l2ZV9yZWNpcGUBMRUAACass8uz2dW-BRUCKAJDMywXQDUZmZmZmZoYGWRhc2hfaDI2NC1iYXNpYy1nZW4yXzcyMHARAHUAZbaeAQA&_nc_gid=V1EeVq3O4b-UAnuFe-PVZw&_nc_ss=7f289&_nc_zt=28&oh=00_AQCBIzZD0cTa5gBe3wzHd3MkFr9Fpmc5SLb6D5U7cYE7Xw&oe=6A53C90E,https://scontent.fblr22-2.fna.fbcdn.net/v/t39.35426-6/733912082_1025969793454481_5456433654165248203_n.jpg?_nc_cat=110&ccb=1-7&_nc_sid=c53f8f&_nc_ohc=8hYpmWJfrXgQ7kNvwFbbJ84&_nc_oc=AdpfuaLqdoeBHERNdRzdBniZUsa9rzlY9-X98qkNIDTGaiN6JlC92QX7GAMBp8uoXhg&_nc_zt=14&_nc_ht=scontent.fblr22-2.fna&_nc_gid=V1EeVq3O4b-UAnuFe-PVZw&_nc_ss=7f289&oh=00_AQDuj2Hu27MCEWcC2r7xqfbZbsLMCDbjwO3gQBdKE0WTpg&oe=6A53D2D7,2026-07-12T17:04:14.000Z,2026-07-08
118,117,Lingo AI,599204246602758,Lingo AI,,IN,2156665531857898,https://www.facebook.com/ads/library/?id=2156665531857898,2026-07-05,,false,false,1,0,,2026-07-05,,"🌟 Want to improve your English? 
📱 Learn anytime in just minutes a day 
💬 Build real speaking confidence 
👉 Download now",👉 Download now,Download,https://speaklearnfrenchlingoai.onelink.me/Y67n?pid=metaweb_int&c={{campaign.name}}&af_c_id={{campaign.id}}&af_adset={{adset.name}}&af_adset_id={{adset.id}}&af_ad={{ad.name}}&af_ad_id={{ad.id}}&af_siteid={{site_source_name}},"Facebook,Instagram,Audience Network,Messenger,Threads","🌟 Want to improve your English? 
📱 Learn anytime in just minutes a day 
💬 Build real speaking confidence 
👉 Download now",👉 Download now,Download,https://speaklearnfrenchlingoai.onelink.me/Y67n?pid=metaweb_int&c={{campaign.name}}&af_c_id={{campaign.id}}&af_adset={{adset.name}}&af_adset_id={{adset.id}}&af_ad={{ad.name}}&af_ad_id={{ad.id}}&af_siteid={{site_source_name}},Video,"Facebook,Instagram,Audience Network,Messenger,Threads",1,0,9:16,https://video.fblr22-2.fna.fbcdn.net/o1/v/t2/f2/m366/AQOfkrCyfQRi4pDeTYBknLbEO9vGg_xuRtUfbw4G8WjHhczL8Mx-xteNxbkkk1TKjCPTvuNm9iFaOZkVpKEujpcXE0fxrH1vPfJ45NF0inGP2Q.mp4?_nc_cat=105&_nc_oc=AdqYrKRQ0dJLS6IeVGqe2gXJkkdl-rBOkriWbJdM51TdqXBeFRSOtvML1ejJ_CC8osM&_nc_sid=b66105&_nc_ht=video.fblr22-2.fna.fbcdn.net&_nc_ohc=EawMflAgtn0Q7kNvwGRmwqK&efg=eyJ2ZW5jb2RlX3RhZyI6Inhwdl9wcm9ncmVzc2l2ZS5WSV9VU0VDQVNFX1BST0RVQ1RfVFlQRS4uQzMuNjA4LmRhc2hfaDI2NC1iYXNpYy1nZW4yXzcyMHAiLCJ4cHZfYXNzZXRfaWQiOjIzMDI5ODcwNTAyMzcxNDAsImFzc2V0X2FnZV9kYXlzIjoxLCJ2aV91c2VjYXNlX2lkIjoxMDEzOSwiZHVyYXRpb25fcyI6MzUsInVybGdlbl9zb3VyY2UiOiJ3d3cifQ%3D%3D&ccb=17-1&vs=94f6cb2b250281ad&_nc_vs=HBksFQIYRWZiX2VwaGVtZXJhbC9CMzQ3OThEQzZCNDM4OTVDQTQzNDEyMjJEMzJBOEU5NV9tdF8xX3ZpZGVvX2Rhc2hpbml0Lm1wNBUAAsgBEgAVAhhAZmJfcGVybWFuZW50L0IyNEZFNUJCN0QzMjFBNTVEMjc0Q0ZEOTM4RkExQzgyX2F1ZGlvX2Rhc2hpbml0Lm1wNBUCAsgBEgAoABgAGwKIB3VzZV9vaWwBMRJwcm9ncmVzc2l2ZV9yZWNpcGUBMRUAACao8-nQvqOXCBUCKAJDMywXQEGiDEm6XjUYGWRhc2hfaDI2NC1iYXNpYy1nZW4yXzcyMHARAHUAZbaeAQA&_nc_gid=V1EeVq3O4b-UAnuFe-PVZw&_nc_ss=7f289&_nc_zt=28&oh=00_AQAvUCCYS8-e-NShPRL3TBqGqBx1DQhcogmDPilnVytJwg&oe=6A53ED4B,https://scontent.fblr22-2.fna.fbcdn.net/v/t39.35426-6/738368021_1547913800390122_695976111581653821_n.jpg?_nc_cat=100&ccb=1-7&_nc_sid=c53f8f&_nc_ohc=3xgojxmknjMQ7kNvwHbo-3c&_nc_oc=AdplKx1PRF70lm1Mav42rsHfcIvRN3whegZntZAElJ6X7vZIKHyWQsvAsjah05OCw40&_nc_zt=14&_nc_ht=scontent.fblr22-2.fna&_nc_gid=V1EeVq3O4b-UAnuFe-PVZw&_nc_ss=7f289&oh=00_AQD3fRQQGXfNZEWLtKOlfb-RcWSmo9l8peLI_YiAQpKOBg&oe=6A53E525,2026-07-12T19:38:51.000Z,2026-07-08
119,118,Lingo AI,599204246602758,Lingo AI,,IN,1028449009853941,https://www.facebook.com/ads/library/?id=1028449009853941,2026-06-17,,true,false,1,0,,2026-06-17,,"📘 Learn English easily with simple lessons 
😊 Build confidence with everyday speaking practice 
👉 Download now",👉 Download now,Download,https://speaklearnfrenchlingoai.onelink.me/Y67n?pid=metaweb_int&c={{campaign.name}}&af_c_id={{campaign.id}}&af_adset={{adset.name}}&af_adset_id={{adset.id}}&af_ad={{ad.name}}&af_ad_id={{ad.id}}&af_siteid={{site_source_name}},"Facebook,Instagram,Audience Network,Messenger,Threads","📘 Learn English easily with simple lessons 
😊 Build confidence with everyday speaking practice 
👉 Download now",👉 Download now,Download,https://speaklearnfrenchlingoai.onelink.me/Y67n?pid=metaweb_int&c={{campaign.name}}&af_c_id={{campaign.id}}&af_adset={{adset.name}}&af_adset_id={{adset.id}}&af_ad={{ad.name}}&af_ad_id={{ad.id}}&af_siteid={{site_source_name}},Video,"Facebook,Instagram,Audience Network,Messenger,Threads",1,0,9:16,https://video.fblr22-2.fna.fbcdn.net/o1/v/t2/f2/m366/AQOxX_kpWyk7ngiZwpSTtXTA1eb0Efq9bgAzm5-0fdXr2jikC2PcamVaHfBBSolv6AlALDPzcay91FbIKGYPccTmRxzNtc-CTao_5ktbikpCtQ.mp4?_nc_cat=110&_nc_oc=Adrz1YBt5cHgScsV86XZSfXpJqXdOuGQ4OuvEKSkhrfYK0MGiaoWtbWpEUtvWF-7pCM&_nc_sid=b66105&_nc_ht=video.fblr22-2.fna.fbcdn.net&_nc_ohc=UiMJeyUT0o4Q7kNvwHj7ky5&efg=eyJ2ZW5jb2RlX3RhZyI6Inhwdl9wcm9ncmVzc2l2ZS5WSV9VU0VDQVNFX1BST0RVQ1RfVFlQRS4uQzMuNjA4LmRhc2hfaDI2NC1iYXNpYy1nZW4yXzcyMHAiLCJ4cHZfYXNzZXRfaWQiOjg5NzIzMDQzNjY3MTY5OSwiYXNzZXRfYWdlX2RheXMiOjU5LCJ2aV91c2VjYXNlX2lkIjoxMDEzOSwiZHVyYXRpb25fcyI6MzksInVybGdlbl9zb3VyY2UiOiJ3d3cifQ%3D%3D&ccb=17-1&vs=e0440e446e61fa06&_nc_vs=HBksFQIYRWZiX2VwaGVtZXJhbC8xNzQ5Rjk4QTZEQUE5NzMzNEYxM0EyODJERDk1QThCNl9tdF8xX3ZpZGVvX2Rhc2hpbml0Lm1wNBUAAsgBEgAVAhhAZmJfcGVybWFuZW50LzAzNDA5RUVCOUFDODY0QTQ4REM4RDkxNUE4QjA3REE2X2F1ZGlvX2Rhc2hpbml0Lm1wNBUCAsgBEgAoABgAGwKIB3VzZV9vaWwBMRJwcm9ncmVzc2l2ZV9yZWNpcGUBMRUAACamg63X14GYAxUCKAJDMywXQEPd0vGp--cYGWRhc2hfaDI2NC1iYXNpYy1nZW4yXzcyMHARAHUAZbaeAQA&_nc_gid=V1EeVq3O4b-UAnuFe-PVZw&_nc_ss=7f289&_nc_zt=28&oh=00_AQBvObrKHzPJik8D3FKJMlr6M6ofynQcydFaYzsn-7C2MA&oe=6A53BEBA,https://scontent.fblr22-2.fna.fbcdn.net/v/t39.35426-6/724535164_1879038586386596_8865895283278972862_n.jpg?_nc_cat=100&ccb=1-7&_nc_sid=c53f8f&_nc_ohc=cmPGWzylQNwQ7kNvwGrubmu&_nc_oc=AdqJ1b9-7LOgf4hBKPF2SiG4cX-Ea1qFJOOhuJtf62bwlkhWEKHFYlaL97oWrIcs8Y8&_nc_zt=14&_nc_ht=scontent.fblr22-2.fna&_nc_gid=V1EeVq3O4b-UAnuFe-PVZw&_nc_ss=7f289&oh=00_AQAr9Jz5zRvTXBbhEQqgCaNX4Ljpyo_QIuqT_3UVfbTMkQ&oe=6A53E291,2026-07-12T16:20:10.000Z,2026-07-08
120,119,Lingo AI,599204246602758,Lingo AI,,IN,1803476424001110,https://www.facebook.com/ads/library/?id=1803476424001110,2026-07-05,,true,false,1,0,,2026-07-05,,"🌟 Want to improve your English? 
📱 Learn anytime in just minutes a day 
💬 Build real speaking confidence 
👉 Download now",👉 Download now,Download,https://speaklearnfrenchlingoai.onelink.me/Y67n?pid=metaweb_int&c={{campaign.name}}&af_c_id={{campaign.id}}&af_adset={{adset.name}}&af_adset_id={{adset.id}}&af_ad={{ad.name}}&af_ad_id={{ad.id}}&af_siteid={{site_source_name}},"Facebook,Instagram,Audience Network,Messenger,Threads","🌟 Want to improve your English? 
📱 Learn anytime in just minutes a day 
💬 Build real speaking confidence 
👉 Download now",👉 Download now,Download,https://speaklearnfrenchlingoai.onelink.me/Y67n?pid=metaweb_int&c={{campaign.name}}&af_c_id={{campaign.id}}&af_adset={{adset.name}}&af_adset_id={{adset.id}}&af_ad={{ad.name}}&af_ad_id={{ad.id}}&af_siteid={{site_source_name}},Video,"Facebook,Instagram,Audience Network,Messenger,Threads",1,0,9:16,https://video.fblr22-2.fna.fbcdn.net/o1/v/t2/f2/m366/AQME5SAi3uBQEB92WIn5Bz888jxU4sbDtmoQDvW3cbA8x33c7wkui34NxgUhuIiNhDEFD397EywVgliTryixcyaT6yTad-A5q__5uwp9iJ6N7g.mp4?_nc_cat=105&_nc_oc=AdrVlXOuEtYbUeK3qWJGSvQvrmHh3KV5Z_N_pgPNjmYYMzUg96ppIhcQdFuvZijB34Q&_nc_sid=b66105&_nc_ht=video.fblr22-2.fna.fbcdn.net&_nc_ohc=4XqUUlsGtW8Q7kNvwECbl5V&efg=eyJ2ZW5jb2RlX3RhZyI6Inhwdl9wcm9ncmVzc2l2ZS5WSV9VU0VDQVNFX1BST0RVQ1RfVFlQRS4uQzMuNjA4LmRhc2hfaDI2NC1iYXNpYy1nZW4yXzcyMHAiLCJ4cHZfYXNzZXRfaWQiOjEzNDM0NTE3MjA1MTI3MzksImFzc2V0X2FnZV9kYXlzIjoxLCJ2aV91c2VjYXNlX2lkIjoxMDEzOSwiZHVyYXRpb25fcyI6MTksInVybGdlbl9zb3VyY2UiOiJ3d3cifQ%3D%3D&ccb=17-1&vs=2b1236137eeeaa0c&_nc_vs=HBksFQIYRWZiX2VwaGVtZXJhbC8xQjRFNjkwMEQ1ODkwRjBEQUI1NkUxNjFBQjBDRDA4M19tdF8xX3ZpZGVvX2Rhc2hpbml0Lm1wNBUAAsgBEgAVAhhAZmJfcGVybWFuZW50L0FCNDgzNDQ3QkQ4MEFGQUY0QkRGMDU0RUQyNTJEMDg0X2F1ZGlvX2Rhc2hpbml0Lm1wNBUCAsgBEgAoABgAGwKIB3VzZV9vaWwBMRJwcm9ncmVzc2l2ZV9yZWNpcGUBMRUAACbG05epl_fiBBUCKAJDMywXQDOIcrAgxJwYGWRhc2hfaDI2NC1iYXNpYy1nZW4yXzcyMHARAHUAZbaeAQA&_nc_gid=V1EeVq3O4b-UAnuFe-PVZw&_nc_ss=7f289&_nc_zt=28&oh=00_AQCz13z-isyFh4HaVvWaeWbGby0zFqGCrslhVZDQaZwzCg&oe=6A53DE07,https://scontent.fblr22-2.fna.fbcdn.net/v/t39.35426-6/741341002_1576426854120480_3940996874966575747_n.jpg?_nc_cat=100&ccb=1-7&_nc_sid=c53f8f&_nc_ohc=wvQMB-nERoQQ7kNvwFUrB-T&_nc_oc=AdpSibwQvRgbH7Zjue3LfsPh2fJdUBQCZMXhqOj29u3z-GGFQyd_Pbihs6Vfeii2MqQ&_nc_zt=14&_nc_ht=scontent.fblr22-2.fna&_nc_gid=V1EeVq3O4b-UAnuFe-PVZw&_nc_ss=7f289&oh=00_AQCFqFEljhSzvsZVh_eUS-30WmJFSHbSI-boADBl9acIFQ&oe=6A53E536,2026-07-12T18:33:43.000Z,2026-07-08
121,120,Lingo AI,599204246602758,Lingo AI,,IN,27171113109254491,https://www.facebook.com/ads/library/?id=27171113109254491,2026-07-03,,true,false,1,0,,2026-07-03,,"📘 Learn English easily with simple lessons 
😊 Build confidence with everyday speaking practice 
👉 Download now",👉 Download now,Download,https://speaklearnfrenchlingoai.onelink.me/Y67n?pid=metaweb_int&c={{campaign.name}}&af_c_id={{campaign.id}}&af_adset={{adset.name}}&af_adset_id={{adset.id}}&af_ad={{ad.name}}&af_ad_id={{ad.id}}&af_siteid={{site_source_name}},"Facebook,Instagram,Audience Network,Messenger,Threads","📘 Learn English easily with simple lessons 
😊 Build confidence with everyday speaking practice 
👉 Download now",👉 Download now,Download,https://speaklearnfrenchlingoai.onelink.me/Y67n?pid=metaweb_int&c={{campaign.name}}&af_c_id={{campaign.id}}&af_adset={{adset.name}}&af_adset_id={{adset.id}}&af_ad={{ad.name}}&af_ad_id={{ad.id}}&af_siteid={{site_source_name}},Video,"Facebook,Instagram,Audience Network,Messenger,Threads",1,0,9:16,https://video.fblr22-1.fna.fbcdn.net/o1/v/t2/f2/m366/AQNs-pY_YnRS-BtqQ0WQA49Dd4aJHcu58O275v27Hk78utCYsUzKhrUx2dslv_40DlGwseLJ60qYLyXWqJ71DURsajgDLTf6Mm9H_murG0tmdg.mp4?_nc_cat=106&_nc_oc=Adrg41NzdX-xCCuGpkuBjXHX9O_pdztYKRKkLgpXrtFf6HG99BljAi0_boFZVZ7GiD0&_nc_sid=b66105&_nc_ht=video.fblr22-1.fna.fbcdn.net&_nc_ohc=F54MOySiiiwQ7kNvwHdpdSd&efg=eyJ2ZW5jb2RlX3RhZyI6Inhwdl9wcm9ncmVzc2l2ZS5WSV9VU0VDQVNFX1BST0RVQ1RfVFlQRS4uQzMuNzIwLmRhc2hfaDI2NC1iYXNpYy1nZW4yXzcyMHAiLCJ4cHZfYXNzZXRfaWQiOjQzNzM4MjA1NTk1MzI0OTAsImFzc2V0X2FnZV9kYXlzIjo0LCJ2aV91c2VjYXNlX2lkIjoxMDEzOSwiZHVyYXRpb25fcyI6NDgsInVybGdlbl9zb3VyY2UiOiJ3d3cifQ%3D%3D&ccb=17-1&vs=b453018b7e3739bd&_nc_vs=HBksFQIYRWZiX2VwaGVtZXJhbC9DQTQ1NDA1N0U0NzFBQTgyNUVBRDZBQzAwN0JGRUY5MF9tdF8xX3ZpZGVvX2Rhc2hpbml0Lm1wNBUAAsgBEgAVAhhAZmJfcGVybWFuZW50LzJGNEZCOUY4Q0Y2RDU1NzhCRDhCRThDRDQyODNDRDkxX2F1ZGlvX2Rhc2hpbml0Lm1wNBUCAsgBEgAoABgAGwKIB3VzZV9vaWwBMRJwcm9ncmVzc2l2ZV9yZWNpcGUBMRUAACaUh5nM7v3EDxUCKAJDMywXQEhIcrAgxJwYGWRhc2hfaDI2NC1iYXNpYy1nZW4yXzcyMHARAHUAZbaeAQA&_nc_gid=comT-cuzIOz6vKsxo18Dcw&_nc_ss=7f289&_nc_zt=28&oh=00_AQB6PXCTkXi6lb7N03OftJR-WdPCO9i4CNHwsWDsF0fAbw&oe=6A53D94A,https://scontent.fblr22-1.fna.fbcdn.net/v/t39.35426-6/739243869_888326850985871_4822593995715261402_n.jpg?_nc_cat=106&ccb=1-7&_nc_sid=c53f8f&_nc_ohc=u2Fp83Bd7WAQ7kNvwF3ZnlZ&_nc_oc=AdqIj3KaqyfEBpnlYuKqLarnSM5_iFz-_6XWkNNMl9GYat9nkP72duDrhiXQpYfFZPg&_nc_zt=14&_nc_ht=scontent.fblr22-1.fna&_nc_gid=comT-cuzIOz6vKsxo18Dcw&_nc_ss=7f289&oh=00_AQA1SMRef2aurmB5hoUyMu44K9Gy3tiIPRhvpVQkjx9WSg&oe=6A53BECD,2026-07-12T18:13:30.000Z,2026-07-08
122,121,Lingo AI,599204246602758,Lingo AI,,IN,1838402367127632,https://www.facebook.com/ads/library/?id=1838402367127632,2026-07-05,,false,false,1,0,,2026-07-05,,"📘 Learn English easily with simple lessons 
😊 Build confidence with everyday speaking practice 
👉 Download now",👉 Download now,Download,https://speaklearnfrenchlingoai.onelink.me/Y67n?pid=metaweb_int&c={{campaign.name}}&af_c_id={{campaign.id}}&af_adset={{adset.name}}&af_adset_id={{adset.id}}&af_ad={{ad.name}}&af_ad_id={{ad.id}}&af_siteid={{site_source_name}},"Facebook,Instagram,Audience Network,Messenger,Threads","📘 Learn English easily with simple lessons 
😊 Build confidence with everyday speaking practice 
👉 Download now",👉 Download now,Download,https://speaklearnfrenchlingoai.onelink.me/Y67n?pid=metaweb_int&c={{campaign.name}}&af_c_id={{campaign.id}}&af_adset={{adset.name}}&af_adset_id={{adset.id}}&af_ad={{ad.name}}&af_ad_id={{ad.id}}&af_siteid={{site_source_name}},Video,"Facebook,Instagram,Audience Network,Messenger,Threads",1,0,9:16,https://video.fblr22-1.fna.fbcdn.net/o1/v/t2/f2/m366/AQM45g6H4qTFcKITbyeiRKjSxpKil-zPe9Ip6qX88uRdujjR8-5nVINUVjSYnVSMYDDCoSqYQaPXJjq0cPqX1ORk6DWEHOAA30EBPQYhervy9A.mp4?_nc_cat=101&_nc_oc=AdrYEv3yUFyJFvb2HdH9AiiSvs5RiDA-xJyl6pTr0uCl4h-X1WVp7VX7JDp8_MW3Gg4&_nc_sid=b66105&_nc_ht=video.fblr22-1.fna.fbcdn.net&_nc_ohc=uymFVoI90wMQ7kNvwHw1Z6x&efg=eyJ2ZW5jb2RlX3RhZyI6Inhwdl9wcm9ncmVzc2l2ZS5WSV9VU0VDQVNFX1BST0RVQ1RfVFlQRS4uQzMuNjA4LmRhc2hfaDI2NC1iYXNpYy1nZW4yXzcyMHAiLCJ4cHZfYXNzZXRfaWQiOjEyOTA3OTY2NTIzOTc0MzUsImFzc2V0X2FnZV9kYXlzIjo3NiwidmlfdXNlY2FzZV9pZCI6MTAxMzksImR1cmF0aW9uX3MiOjY1LCJ1cmxnZW5fc291cmNlIjoid3d3In0%3D&ccb=17-1&vs=55f49bd4405ef9e3&_nc_vs=HBksFQIYRWZiX2VwaGVtZXJhbC81RjQ1MTdCMjE3OTMzNTlGRTg5N0Q0RjU0MDJCQzc5MV9tdF8xX3ZpZGVvX2Rhc2hpbml0Lm1wNBUAAsgBEgAVAhhAZmJfcGVybWFuZW50L0MxNEVGQTMwMDg5MDcxNjk1M0Q0MEU0OTMyQUJGNjgwX2F1ZGlvX2Rhc2hpbml0Lm1wNBUCAsgBEgAoABgAGwKIB3VzZV9vaWwBMRJwcm9ncmVzc2l2ZV9yZWNpcGUBMRUAACb2jYy_oP7KBBUCKAJDMywXQFBO6XjU_fQYGWRhc2hfaDI2NC1iYXNpYy1nZW4yXzcyMHARAHUAZbaeAQA&_nc_gid=comT-cuzIOz6vKsxo18Dcw&_nc_ss=7f289&_nc_zt=28&oh=00_AQAvmzlyvBCYi-2hk9Bq9B0WOT1Ldmxh-56t1yDbj1Oenw&oe=6A53D06F,https://scontent.fblr22-1.fna.fbcdn.net/v/t39.35426-6/740827762_1341980221244355_4676011420772068055_n.jpg?_nc_cat=108&ccb=1-7&_nc_sid=c53f8f&_nc_ohc=rgrK-88h9rkQ7kNvwEq4c_W&_nc_oc=AdokO4oOt2e82IW5AnbOHLF5HJY2DnQwUtYaU_TVmmVJ3Rm-rnkrcaOV_18CVgyCgjs&_nc_zt=14&_nc_ht=scontent.fblr22-1.fna&_nc_gid=comT-cuzIOz6vKsxo18Dcw&_nc_ss=7f289&oh=00_AQDd3IAkuuDEKCtOovzh7003oeJ2k4jGuQwBpa8GkmOhdA&oe=6A53D956,2026-07-12T17:35:43.000Z,2026-07-08
123,122,Lingo AI,599204246602758,Lingo AI,,IN,4675112942774885,https://www.facebook.com/ads/library/?id=4675112942774885,2026-07-03,,true,false,1,0,,2026-07-03,,"📘 Learn English easily with simple lessons 
😊 Build confidence with everyday speaking practice 
👉 Download now",👉 Download now,Download,https://speaklearnfrenchlingoai.onelink.me/Y67n?pid=metaweb_int&c={{campaign.name}}&af_c_id={{campaign.id}}&af_adset={{adset.name}}&af_adset_id={{adset.id}}&af_ad={{ad.name}}&af_ad_id={{ad.id}}&af_siteid={{site_source_name}},"Facebook,Instagram,Audience Network,Messenger,Threads","📘 Learn English easily with simple lessons 
😊 Build confidence with everyday speaking practice 
👉 Download now",👉 Download now,Download,https://speaklearnfrenchlingoai.onelink.me/Y67n?pid=metaweb_int&c={{campaign.name}}&af_c_id={{campaign.id}}&af_adset={{adset.name}}&af_adset_id={{adset.id}}&af_ad={{ad.name}}&af_ad_id={{ad.id}}&af_siteid={{site_source_name}},Video,"Facebook,Instagram,Audience Network,Messenger,Threads",1,0,9:16,https://video.fblr22-1.fna.fbcdn.net/o1/v/t2/f2/m366/AQMcz4dZGOwQRtDvbWD5oxtv6EX9WNqVCP1cbwNw3zcIBUigkkjYbb6VcurfdVH83MkcMRssW0ZhqdBm8J_2Yo2TXC0x9BY-0V16F81cazQJWw.mp4?_nc_cat=109&_nc_oc=AdpVV7CapivsoJHuKlilSC005b_Yb3kzwpn81h_LBciKMrxUAoSN7WFEB_laixxrIVc&_nc_sid=b66105&_nc_ht=video.fblr22-1.fna.fbcdn.net&_nc_ohc=p-dkrcYHSI4Q7kNvwECNlHL&efg=eyJ2ZW5jb2RlX3RhZyI6Inhwdl9wcm9ncmVzc2l2ZS5WSV9VU0VDQVNFX1BST0RVQ1RfVFlQRS4uQzMuNzIwLmRhc2hfaDI2NC1iYXNpYy1nZW4yXzcyMHAiLCJ4cHZfYXNzZXRfaWQiOjEzMjA4NTg4MzMwNjExMjQsImFzc2V0X2FnZV9kYXlzIjo0LCJ2aV91c2VjYXNlX2lkIjoxMDEzOSwiZHVyYXRpb25fcyI6NDgsInVybGdlbl9zb3VyY2UiOiJ3d3cifQ%3D%3D&ccb=17-1&vs=8ac97b82a765383&_nc_vs=HBksFQIYRWZiX2VwaGVtZXJhbC9DMDQwMTg0OUI0QjA3RTE1OUZENTUwQTJDNzY3RkQ5Rl9tdF8xX3ZpZGVvX2Rhc2hpbml0Lm1wNBUAAsgBEgAVAhhAZmJfcGVybWFuZW50LzdGNDkyMkQwNkI0RTgwOTEyNDJDNUQ5RURDQjExODgwX2F1ZGlvX2Rhc2hpbml0Lm1wNBUCAsgBEgAoABgAGwKIB3VzZV9vaWwBMRJwcm9ncmVzc2l2ZV9yZWNpcGUBMRUAACaIlNiYjdTYBBUCKAJDMywXQEhIcrAgxJwYGWRhc2hfaDI2NC1iYXNpYy1nZW4yXzcyMHARAHUAZbaeAQA&_nc_gid=comT-cuzIOz6vKsxo18Dcw&_nc_ss=7f289&_nc_zt=28&oh=00_AQCcJW4bUY7xglaPvk78hQh13cNMWhEys-GweruD_Qea6g&oe=6A53DA43,https://scontent.fblr22-1.fna.fbcdn.net/v/t39.35426-6/740183775_1388088609861900_6170615210780847000_n.jpg?_nc_cat=109&ccb=1-7&_nc_sid=c53f8f&_nc_ohc=zBLQ9oGoQdwQ7kNvwEsSJRL&_nc_oc=Adrb47S1tI0IxbxI592BXzEqrjv2Pw8FItzgu2KvnGo622Qv0ksRA2ZXC2rkqshJ43k&_nc_zt=14&_nc_ht=scontent.fblr22-1.fna&_nc_gid=comT-cuzIOz6vKsxo18Dcw&_nc_ss=7f289&oh=00_AQBpQtfbXMPjGKIhuGjK_GtzByldDu30k8bwo-yMN9bFzA&oe=6A53D877,2026-07-12T18:17:39.000Z,2026-07-08
124,123,Lingo AI,599204246602758,Lingo AI,,IN,1964261210892531,https://www.facebook.com/ads/library/?id=1964261210892531,2026-06-30,,true,false,1,0,,2026-06-30,,"📘 Aprenda inglês facilmente com lições simples
😊 Ganhe confiança com a prática diária de conversação
👉 Baixe agora",👉 Baixe agora,Download,https://speaklearnfrenchlingoai.onelink.me/Y67n?pid=metaweb_int&c={{campaign.name}}&af_c_id={{campaign.id}}&af_adset={{adset.name}}&af_adset_id={{adset.id}}&af_ad={{ad.name}}&af_ad_id={{ad.id}}&af_siteid={{site_source_name}},"Facebook,Instagram,Audience Network,Messenger,Threads","📘 Aprenda inglês facilmente com lições simples
😊 Ganhe confiança com a prática diária de conversação
👉 Baixe agora",👉 Baixe agora,Download,https://speaklearnfrenchlingoai.onelink.me/Y67n?pid=metaweb_int&c={{campaign.name}}&af_c_id={{campaign.id}}&af_adset={{adset.name}}&af_adset_id={{adset.id}}&af_ad={{ad.name}}&af_ad_id={{ad.id}}&af_siteid={{site_source_name}},Video,"Facebook,Instagram,Audience Network,Messenger,Threads",1,0,9:16,https://video.fblr22-1.fna.fbcdn.net/o1/v/t2/f2/m366/AQObFrz4u1r8EKtOW-RGGtqa69FQ2p5L7MOf95GSAzGKpiEjQkbmv2aNyqsrs2QTFlDX_ZY0qwDxCkmn9wt3hD_bZ1cMSXUOpFBMRzvK-CARUA.mp4?_nc_cat=109&_nc_oc=Adqky3kiaPGZzGxsCSav7aobyaBQOQmIBh47GK-R2xFr-HU3qIqkA4RP3p_0MU14KzM&_nc_sid=b66105&_nc_ht=video.fblr22-1.fna.fbcdn.net&_nc_ohc=INmaWMfodTMQ7kNvwGQ028I&efg=eyJ2ZW5jb2RlX3RhZyI6Inhwdl9wcm9ncmVzc2l2ZS5WSV9VU0VDQVNFX1BST0RVQ1RfVFlQRS4uQzMuNjA4LmRhc2hfaDI2NC1iYXNpYy1nZW4yXzcyMHAiLCJ4cHZfYXNzZXRfaWQiOjEwNDgxMzgwNzQ0MTgzMTYsImFzc2V0X2FnZV9kYXlzIjo2LCJ2aV91c2VjYXNlX2lkIjoxMDEzOSwiZHVyYXRpb25fcyI6MTksInVybGdlbl9zb3VyY2UiOiJ3d3cifQ%3D%3D&ccb=17-1&vs=42c10839527aabb7&_nc_vs=HBksFQIYRWZiX2VwaGVtZXJhbC9DRDQ4ODE5RTcwRjI0NzMwQTZCRTM4NUFGMEMyRjY5RF9tdF8xX3ZpZGVvX2Rhc2hpbml0Lm1wNBUAAsgBEgAVAhhAZmJfcGVybWFuZW50L0EwNDEyN0E0NDk1RjQ5RjE0RDlDRTdCNjRFMkFGODg0X2F1ZGlvX2Rhc2hpbml0Lm1wNBUCAsgBEgAoABgAGwKIB3VzZV9vaWwBMRJwcm9ncmVzc2l2ZV9yZWNpcGUBMRUAACaYss-Z1dHcAxUCKAJDMywXQDMzMzMzMzMYGWRhc2hfaDI2NC1iYXNpYy1nZW4yXzcyMHARAHUAZbaeAQA&_nc_gid=comT-cuzIOz6vKsxo18Dcw&_nc_ss=7f289&_nc_zt=28&oh=00_AQBNJzJjcz6k9rqwtNvQceh87tleeDkk6azK9docM0F3Tw&oe=6A53C877,https://scontent.fblr22-1.fna.fbcdn.net/v/t39.35426-6/735150176_1009166681927037_6812985335340930800_n.jpg?_nc_cat=106&ccb=1-7&_nc_sid=c53f8f&_nc_ohc=ZDrqXCixgVEQ7kNvwF-Qvdi&_nc_oc=AdpAgJaXpOr8sUHVaHE_4jlig3iczUk2oT6mnZPjjeit3y7A8ft5_gFrkdrGOVDMZWM&_nc_zt=14&_nc_ht=scontent.fblr22-1.fna&_nc_gid=comT-cuzIOz6vKsxo18Dcw&_nc_ss=7f289&oh=00_AQCsSq6sqK2S4hqKHKuH2vV36SSoiKm6C-LCOJXhwmne1w&oe=6A53CEB5,2026-07-12T17:01:43.000Z,2026-07-08
125,124,Lingo AI,599204246602758,Lingo AI,,IN,1665570207993946,https://www.facebook.com/ads/library/?id=1665570207993946,2026-06-14,,true,false,1,0,,2026-06-14,,"🌍 Learn real English for everyday life 
🗣 Practice speaking with simple lessons 
⏱ Just 5 minutes a day
👉 Download now",👇 Start now,Download,https://speaklearnfrenchlingoai.onelink.me/Y67n?pid=metaweb_int&c={{campaign.name}}&af_c_id={{campaign.id}}&af_adset={{adset.name}}&af_adset_id={{adset.id}}&af_ad={{ad.name}}&af_ad_id={{ad.id}}&af_siteid={{site_source_name}},"Facebook,Instagram,Audience Network,Messenger,Threads","🌍 Learn real English for everyday life 
🗣 Practice speaking with simple lessons 
⏱ Just 5 minutes a day
👉 Download now",👇 Start now,Download,https://speaklearnfrenchlingoai.onelink.me/Y67n?pid=metaweb_int&c={{campaign.name}}&af_c_id={{campaign.id}}&af_adset={{adset.name}}&af_adset_id={{adset.id}}&af_ad={{ad.name}}&af_ad_id={{ad.id}}&af_siteid={{site_source_name}},Video,"Facebook,Instagram,Audience Network,Messenger,Threads",1,0,9:16,https://video.fblr22-1.fna.fbcdn.net/o1/v/t2/f2/m366/AQPfUNk6vhRwClNsBCp7ANXzQnAlvsC-dtYyRCcSusjyzH0Joi1_-7ohyvDDzFQpbNV10PesNMQCw3NvdmdhH7rp3i9wtzYBkx873PlDT3tMIw.mp4?_nc_cat=101&_nc_oc=Adqhipqm0gvrqfbirQcOy8NZYYVhH3owl16GiFQMxsa1Gza0RmJ41FGZkcZL_UsxGyk&_nc_sid=b66105&_nc_ht=video.fblr22-1.fna.fbcdn.net&_nc_ohc=sbSdJZLu8mUQ7kNvwESpKYJ&efg=eyJ2ZW5jb2RlX3RhZyI6Inhwdl9wcm9ncmVzc2l2ZS5WSV9VU0VDQVNFX1BST0RVQ1RfVFlQRS4uQzMuNzIwLmRhc2hfaDI2NC1iYXNpYy1nZW4yXzcyMHAiLCJ4cHZfYXNzZXRfaWQiOjEzMjMyNDg0NTkyNzIwNTcsImFzc2V0X2FnZV9kYXlzIjoyMiwidmlfdXNlY2FzZV9pZCI6MTAxMzksImR1cmF0aW9uX3MiOjI5LCJ1cmxnZW5fc291cmNlIjoid3d3In0%3D&ccb=17-1&vs=693f0068891667f4&_nc_vs=HBksFQIYRWZiX2VwaGVtZXJhbC80RDRCMzE4NEQ0RUZDMzY2NDYzMTAzMzBFRjQ0MTA5N19tdF8xX3ZpZGVvX2Rhc2hpbml0Lm1wNBUAAsgBEgAVAhhAZmJfcGVybWFuZW50LzI2NEZCMzc5QjM2MTZENDMwNTc1NUY5RDBEMDhFQ0FFX2F1ZGlvX2Rhc2hpbml0Lm1wNBUCAsgBEgAoABgAGwKIB3VzZV9vaWwBMRJwcm9ncmVzc2l2ZV9yZWNpcGUBMRUAACbyveqlmd_ZBBUCKAJDMywXQD1mZmZmZmYYGWRhc2hfaDI2NC1iYXNpYy1nZW4yXzcyMHARAHUAZbaeAQA&_nc_gid=comT-cuzIOz6vKsxo18Dcw&_nc_ss=7f289&_nc_zt=28&oh=00_AQBWcu3x2qMCFSwQumFd9aRUIr8eMign73QxwOwe9bVx5g&oe=6A53D9F7,https://scontent.fblr22-2.fna.fbcdn.net/v/t39.35426-6/724257171_2302941383567046_2354090679030486598_n.jpg?_nc_cat=107&ccb=1-7&_nc_sid=c53f8f&_nc_ohc=0cCDlkgBOrYQ7kNvwGsGAjz&_nc_oc=AdoeDNFt8Cp1I4hfUNgZu44eRiMg10gOVUHLh3gwmaRZAsdQuN88M9Qvbg-wFNUG6uI&_nc_zt=14&_nc_ht=scontent.fblr22-2.fna&_nc_gid=comT-cuzIOz6vKsxo18Dcw&_nc_ss=7f289&oh=00_AQBqLOpZZR7kAkm_XRiTont3MmwgrEaSW-8a0rP-briqZA&oe=6A53CF37,2026-07-12T18:16:23.000Z,2026-07-08
126,125,Lingo AI,599204246602758,Lingo AI,,IN,1677690760137864,https://www.facebook.com/ads/library/?id=1677690760137864,2026-06-30,,false,false,1,0,,2026-06-30,,"📘 Aprenda inglês facilmente com lições simples
😊 Ganhe confiança com a prática diária de conversação
👉 Baixe agora",👉 Baixe agora,Download,https://speaklearnfrenchlingoai.onelink.me/Y67n?pid=metaweb_int&c={{campaign.name}}&af_c_id={{campaign.id}}&af_adset={{adset.name}}&af_adset_id={{adset.id}}&af_ad={{ad.name}}&af_ad_id={{ad.id}}&af_siteid={{site_source_name}},"Facebook,Instagram,Audience Network,Messenger,Threads","📘 Aprenda inglês facilmente com lições simples
😊 Ganhe confiança com a prática diária de conversação
👉 Baixe agora",👉 Baixe agora,Download,https://speaklearnfrenchlingoai.onelink.me/Y67n?pid=metaweb_int&c={{campaign.name}}&af_c_id={{campaign.id}}&af_adset={{adset.name}}&af_adset_id={{adset.id}}&af_ad={{ad.name}}&af_ad_id={{ad.id}}&af_siteid={{site_source_name}},Video,"Facebook,Instagram,Audience Network,Messenger,Threads",1,0,9:16,https://video.fblr22-1.fna.fbcdn.net/o1/v/t2/f2/m366/AQP4OKHvU4X3fxoxlbULxzL4nh7Nh4PZd67YUvsEtgqzUu6wcuHv21AkOAQ3PMOMZefR4oNcQbR6VKET1Uu_zm5FzEZvKnKS-46spVeF1a7b0A.mp4?_nc_cat=109&_nc_oc=AdqTP-n0TFcKJNM0n-RfrLFCDhOSGDrq5BeR397RD99qMKjs-P6BSi-liHvxSd_E2oc&_nc_sid=b66105&_nc_ht=video.fblr22-1.fna.fbcdn.net&_nc_ohc=d_drASq8SRgQ7kNvwH2VaxO&efg=eyJ2ZW5jb2RlX3RhZyI6Inhwdl9wcm9ncmVzc2l2ZS5WSV9VU0VDQVNFX1BST0RVQ1RfVFlQRS4uQzMuNjA4LmRhc2hfaDI2NC1iYXNpYy1nZW4yXzcyMHAiLCJ4cHZfYXNzZXRfaWQiOjE2NDkzMDQ4MTYxMzQxMzcsImFzc2V0X2FnZV9kYXlzIjo2LCJ2aV91c2VjYXNlX2lkIjoxMDEzOSwiZHVyYXRpb25fcyI6MjQsInVybGdlbl9zb3VyY2UiOiJ3d3cifQ%3D%3D&ccb=17-1&vs=19125f741392c669&_nc_vs=HBksFQIYRWZiX2VwaGVtZXJhbC9DMTRFREIzMUEyMjlGOTFGQzFDN0QxMDNGNkNDQTQ4OF9tdF8xX3ZpZGVvX2Rhc2hpbml0Lm1wNBUAAsgBEgAVAhhAZmJfcGVybWFuZW50LzBGNDk1REJENzU5MTNFQ0IyRjBENUI0OUExOTE0MUE3X2F1ZGlvX2Rhc2hpbml0Lm1wNBUCAsgBEgAoABgAGwKIB3VzZV9vaWwBMRJwcm9ncmVzc2l2ZV9yZWNpcGUBMRUAACbyn4m7loLuBRUCKAJDMywXQDizMzMzMzMYGWRhc2hfaDI2NC1iYXNpYy1nZW4yXzcyMHARAHUAZbaeAQA&_nc_gid=comT-cuzIOz6vKsxo18Dcw&_nc_ss=7f289&_nc_zt=28&oh=00_AQAdpUm_uw2eSlggi_B4VfHJRH7guZ76dNHki_nB7BvCPg&oe=6A53F10F,https://scontent.fblr22-1.fna.fbcdn.net/v/t39.35426-6/733642512_3649261401896672_3411326304070861475_n.jpg?_nc_cat=108&ccb=1-7&_nc_sid=c53f8f&_nc_ohc=POCvTgGBhHoQ7kNvwG3HH6t&_nc_oc=AdrO6fbr5HxvPfTf2b53dwZpAnohNQMP9fnMV_aspAuwf1p0W-4zPRX9KkuKswq3lgM&_nc_zt=14&_nc_ht=scontent.fblr22-1.fna&_nc_gid=comT-cuzIOz6vKsxo18Dcw&_nc_ss=7f289&oh=00_AQDmcgCjINNbRiRzpLPQollydr8GPjVtV9dmlkh0fSL_Ug&oe=6A53C68E,2026-07-12T19:54:55.000Z,2026-07-08
127,126,Lingo AI,599204246602758,Lingo AI,,IN,2092898847957783,https://www.facebook.com/ads/library/?id=2092898847957783,2026-07-05,,false,false,1,0,,2026-07-05,,"😊The best place to learn French language
💼 Boost your French skills in just 5 minutes a day! 
📚The efficient path to fluency.",✨Try it now~,Install now,http://itunes.apple.com/app/id6740255326,"Facebook,Instagram,Audience Network,Messenger,Threads","😊The best place to learn French language
💼 Boost your French skills in just 5 minutes a day! 
📚The efficient path to fluency.",✨Try it now~,Install now,http://itunes.apple.com/app/id6740255326,Video,"Facebook,Instagram,Audience Network,Messenger,Threads",1,0,9:16,https://video.fblr22-2.fna.fbcdn.net/o1/v/t2/f2/m366/AQN9e0_3IforQD6qlgcuWIwMiayCgaa0uQ2xCZMGYLrUOK_YA0vcQdffkkNKQymQTsGKV5bVBRqTaETYIiGaMC9AymuwfHGok-Bi2aW0u9rzPQ.mp4?_nc_cat=105&_nc_oc=AdrUpfo1iu3sb078o4CvVC1r-RL1W7NgDzVZSGd-0bRJd6hCxyGALCdFgpf9kBetNk0&_nc_sid=b66105&_nc_ht=video.fblr22-2.fna.fbcdn.net&_nc_ohc=FzUktHoMDTcQ7kNvwH7isIB&efg=eyJ2ZW5jb2RlX3RhZyI6Inhwdl9wcm9ncmVzc2l2ZS5WSV9VU0VDQVNFX1BST0RVQ1RfVFlQRS4uQzMuNzIwLmRhc2hfaDI2NC1iYXNpYy1nZW4yXzcyMHAiLCJ4cHZfYXNzZXRfaWQiOjIzMTQzMjE0OTkzMTU5ODMsImFzc2V0X2FnZV9kYXlzIjoyLCJ2aV91c2VjYXNlX2lkIjoxMDEzOSwiZHVyYXRpb25fcyI6NTMsInVybGdlbl9zb3VyY2UiOiJ3d3cifQ%3D%3D&ccb=17-1&vs=856ea2a8df33fbe2&_nc_vs=HBksFQIYRWZiX2VwaGVtZXJhbC8yNjRGNDNDRDZDNTMxMjZGNDhFQzFDMzE3RjA1RkZBMl9tdF8xX3ZpZGVvX2Rhc2hpbml0Lm1wNBUAAsgBEgAVAhhAZmJfcGVybWFuZW50LzhFNDMxN0IyQzRGOTE5MEEzRUE5OThBNzg2NTUxQTkxX2F1ZGlvX2Rhc2hpbml0Lm1wNBUCAsgBEgAoABgAGwKIB3VzZV9vaWwBMRJwcm9ncmVzc2l2ZV9yZWNpcGUBMRUAACae_ObtnrecCBUCKAJDMywXQEqzMzMzMzMYGWRhc2hfaDI2NC1iYXNpYy1nZW4yXzcyMHARAHUAZbaeAQA&_nc_gid=comT-cuzIOz6vKsxo18Dcw&_nc_ss=7f289&_nc_zt=28&oh=00_AQBb9dx_M1kSEZ-2SDg_TNF7_Fujrv9dWx-dsED9Kb3BaA&oe=6A53D1BF,https://scontent.fblr22-1.fna.fbcdn.net/v/t39.35426-6/739276769_954597664276905_4800695336080834836_n.jpg?_nc_cat=104&ccb=1-7&_nc_sid=c53f8f&_nc_ohc=EvkwZbFyTLUQ7kNvwEGQqOU&_nc_oc=AdoMZ1qcBiWUetnuUlr0iuss9cieDpdOAqkIbb1EaSAKEAldb1Od2TsAFVxgRIMp8GU&_nc_zt=14&_nc_ht=scontent.fblr22-1.fna&_nc_gid=comT-cuzIOz6vKsxo18Dcw&_nc_ss=7f289&oh=00_AQB0dj6_zzLAX1uQFLTiFOFiwCzgwhxLTRbhSeaGEQh6aw&oe=6A53C8F9,2026-07-12T17:41:19.000Z,2026-07-08
128,127,Lingo AI,599204246602758,Lingo AI,,IN,1007728715460562,https://www.facebook.com/ads/library/?id=1007728715460562,2026-07-05,,false,false,1,0,,2026-07-05,,"😊The best place to learn French language
💼 Boost your French skills in just 5 minutes a day! 
📚The efficient path to fluency.",✨Try it now~,Install now,http://itunes.apple.com/app/id6740255326,"Facebook,Instagram,Audience Network,Messenger,Threads","😊The best place to learn French language
💼 Boost your French skills in just 5 minutes a day! 
📚The efficient path to fluency.",✨Try it now~,Install now,http://itunes.apple.com/app/id6740255326,Video,"Facebook,Instagram,Audience Network,Messenger,Threads",1,0,9:16,https://video.fblr22-1.fna.fbcdn.net/o1/v/t2/f2/m366/AQODzVU2ApN1wxo3QBCxRawwYxX0zmADoK_M8IWdxLYvfD0MO6WLiGdUsAPt1kwcl5BBueByV2lPrVgrCIKVK_IVRoCNcezUSYmO2hem90RaRQ.mp4?_nc_cat=103&_nc_oc=Adr86eRmYvaTgdMTWl6ckF5VotGICzhpS_v9p1EM62Yfpevp-X275aPpHrcr9tnKgbQ&_nc_sid=b66105&_nc_ht=video.fblr22-1.fna.fbcdn.net&_nc_ohc=Jcl4nV4WvUQQ7kNvwHBA3_j&efg=eyJ2ZW5jb2RlX3RhZyI6Inhwdl9wcm9ncmVzc2l2ZS5WSV9VU0VDQVNFX1BST0RVQ1RfVFlQRS4uQzMuNzIwLmRhc2hfaDI2NC1iYXNpYy1nZW4yXzcyMHAiLCJ4cHZfYXNzZXRfaWQiOjc4NzgzMjA4NzY5MTEzNCwiYXNzZXRfYWdlX2RheXMiOjIsInZpX3VzZWNhc2VfaWQiOjEwMTM5LCJkdXJhdGlvbl9zIjoyMCwidXJsZ2VuX3NvdXJjZSI6Ind3dyJ9&ccb=17-1&vs=ce729fbdbff41d74&_nc_vs=HBksFQIYRWZiX2VwaGVtZXJhbC9FODRDQ0IyMjdBQkQ0RDc5MjkwNTQ3NThEREU2QUZBQl9tdF8xX3ZpZGVvX2Rhc2hpbml0Lm1wNBUAAsgBEgAVAhhAZmJfcGVybWFuZW50LzNENEI2MDBDOTQ5MTFEMEVFRkQyQkY5NzYwNDk0NDk1X2F1ZGlvX2Rhc2hpbml0Lm1wNBUCAsgBEgAoABgAGwKIB3VzZV9vaWwBMRJwcm9ncmVzc2l2ZV9yZWNpcGUBMRUAACb8_dW77qHmAhUCKAJDMywXQDQIcrAgxJwYGWRhc2hfaDI2NC1iYXNpYy1nZW4yXzcyMHARAHUAZbaeAQA&_nc_gid=comT-cuzIOz6vKsxo18Dcw&_nc_ss=7f289&_nc_zt=28&oh=00_AQDDee1UgNXDrT7oTB9JpVSh-k3q196ORCd4wOqyUA4Otg&oe=6A53E33D,https://scontent.fblr22-1.fna.fbcdn.net/v/t39.35426-6/741021915_1537716764515831_2089597213719663558_n.jpg?_nc_cat=103&ccb=1-7&_nc_sid=c53f8f&_nc_ohc=TkMLeElBalYQ7kNvwGt53zf&_nc_oc=AdpVdKDkEkkCKKylaZyBkQuADtmWnerFvHOM3RWPsqkGm6baR5Xoi_FAR16F2uweFlI&_nc_zt=14&_nc_ht=scontent.fblr22-1.fna&_nc_gid=comT-cuzIOz6vKsxo18Dcw&_nc_ss=7f289&oh=00_AQAx9Ez2R9RFWSmGPLGdnm0EFVM3gu6JbZASFnOKX3rWHg&oe=6A53CC39,2026-07-12T18:55:57.000Z,2026-07-08
129,128,Lingo AI,599204246602758,Lingo AI,,IN,1022461900194722,https://www.facebook.com/ads/library/?id=1022461900194722,2026-07-05,,false,false,1,0,,2026-07-05,,"📘 Learn English easily with simple lessons 
😊 Build confidence with everyday speaking practice 
👉 Download now",👉 Download now,Download,https://speaklearnfrenchlingoai.onelink.me/Y67n?pid=metaweb_int&c={{campaign.name}}&af_c_id={{campaign.id}}&af_adset={{adset.name}}&af_adset_id={{adset.id}}&af_ad={{ad.name}}&af_ad_id={{ad.id}}&af_siteid={{site_source_name}},"Facebook,Instagram,Audience Network,Messenger,Threads","📘 Learn English easily with simple lessons 
😊 Build confidence with everyday speaking practice 
👉 Download now",👉 Download now,Download,https://speaklearnfrenchlingoai.onelink.me/Y67n?pid=metaweb_int&c={{campaign.name}}&af_c_id={{campaign.id}}&af_adset={{adset.name}}&af_adset_id={{adset.id}}&af_ad={{ad.name}}&af_ad_id={{ad.id}}&af_siteid={{site_source_name}},Video,"Facebook,Instagram,Audience Network,Messenger,Threads",1,0,9:16,https://video.fblr22-1.fna.fbcdn.net/o1/v/t2/f2/m366/AQNvWz7AtQ89-sh0zISlc5T64NLAtCFzOlt3gq9yLpGBm4C8rr29s7-W0iu8aFF1O5YN5WR_ot-hNCHVeKWwTDymnPzJiObEk_2GqNHOO1XRQA.mp4?_nc_cat=101&_nc_oc=AdqF9Zw9RFAh4F1zvPzJz8fMMFSsxXZtoLAbSjl1JyI8coOwCLjm6odryralMWLlEs0&_nc_sid=b66105&_nc_ht=video.fblr22-1.fna.fbcdn.net&_nc_ohc=ST3XsU0UIdcQ7kNvwHIh4hz&efg=eyJ2ZW5jb2RlX3RhZyI6Inhwdl9wcm9ncmVzc2l2ZS5WSV9VU0VDQVNFX1BST0RVQ1RfVFlQRS4uQzMuNzIwLmRhc2hfaDI2NC1iYXNpYy1nZW4yXzcyMHAiLCJ4cHZfYXNzZXRfaWQiOjE0MTcyMDU2ODM5NDE3NTUsImFzc2V0X2FnZV9kYXlzIjoxLCJ2aV91c2VjYXNlX2lkIjoxMDEzOSwiZHVyYXRpb25fcyI6MjUsInVybGdlbl9zb3VyY2UiOiJ3d3cifQ%3D%3D&ccb=17-1&vs=45424472893a3a84&_nc_vs=HBksFQIYRWZiX2VwaGVtZXJhbC9DOTQ5NUNDRTJDRUJBMDFCNTRBQUFBOEZGMjU3NjZCQ19tdF8xX3ZpZGVvX2Rhc2hpbml0Lm1wNBUAAsgBEgAVAhhAZmJfcGVybWFuZW50L0M3NDBBMUZGMTVDNTBFOTI0QjkyODUxRDlEQ0Y5MUI2X2F1ZGlvX2Rhc2hpbml0Lm1wNBUCAsgBEgAoABgAGwKIB3VzZV9vaWwBMRJwcm9ncmVzc2l2ZV9yZWNpcGUBMRUAACb2xeuVnbyEBRUCKAJDMywXQDlu2RaHKwIYGWRhc2hfaDI2NC1iYXNpYy1nZW4yXzcyMHARAHUAZbaeAQA&_nc_gid=comT-cuzIOz6vKsxo18Dcw&_nc_ss=7f289&_nc_zt=28&oh=00_AQDen_cbXQIrobqDREcGlnrXbW2LD1Q3MSMOSBw9bXeVzg&oe=6A53C923,https://scontent.fblr22-2.fna.fbcdn.net/v/t39.35426-6/740271937_1568009874848324_3561189173150781250_n.jpg?_nc_cat=105&ccb=1-7&_nc_sid=c53f8f&_nc_ohc=YgQmXt72pnkQ7kNvwEPm15U&_nc_oc=AdqBsr8KqQosUZwonNbQnKaSfVn6pxMcp2qYGyiAETAHDO2YWoGvLsGbvU8Bd_2oF3g&_nc_zt=14&_nc_ht=scontent.fblr22-2.fna&_nc_gid=comT-cuzIOz6vKsxo18Dcw&_nc_ss=7f289&oh=00_AQBLd6C6dKjfceoIthN390HAFv1qXwqV5byS8j_SSiOkjg&oe=6A53E682,2026-07-12T17:04:35.000Z,2026-07-08
130,129,Lingo AI,599204246602758,Lingo AI,,IN,2064791374145447,https://www.facebook.com/ads/library/?id=2064791374145447,2026-07-05,,false,false,1,0,,2026-07-05,,"🌟 Want to improve your English? 
📱 Learn anytime in just minutes a day 
💬 Build real speaking confidence 
👉 Download now",👉 Download now,Download,https://speaklearnfrenchlingoai.onelink.me/Y67n?pid=metaweb_int&c={{campaign.name}}&af_c_id={{campaign.id}}&af_adset={{adset.name}}&af_adset_id={{adset.id}}&af_ad={{ad.name}}&af_ad_id={{ad.id}}&af_siteid={{site_source_name}},"Facebook,Instagram,Audience Network,Messenger,Threads","🌟 Want to improve your English? 
📱 Learn anytime in just minutes a day 
💬 Build real speaking confidence 
👉 Download now",👉 Download now,Download,https://speaklearnfrenchlingoai.onelink.me/Y67n?pid=metaweb_int&c={{campaign.name}}&af_c_id={{campaign.id}}&af_adset={{adset.name}}&af_adset_id={{adset.id}}&af_ad={{ad.name}}&af_ad_id={{ad.id}}&af_siteid={{site_source_name}},Video,"Facebook,Instagram,Audience Network,Messenger,Threads",1,0,9:16,https://video.fblr22-1.fna.fbcdn.net/o1/v/t2/f2/m366/AQN6ebDbo57Z2zWNN-oyAo7mlEX49z3SlmrUYZXqCYDlBXc6i0qv5d-J28pqE7siBN6e3w5jr6nbDKg15iqoHluh1P92AW-ivw0hpVZXe_J87w.mp4?_nc_cat=106&_nc_oc=Adr5Rf2hILKlyHreTW38VjAyGt6Ds11ER-2HlcHjzz0WpbZcC5-YmbbNuS91-sTwIj4&_nc_sid=b66105&_nc_ht=video.fblr22-1.fna.fbcdn.net&_nc_ohc=4bqumqC7GFgQ7kNvwHXRJjQ&efg=eyJ2ZW5jb2RlX3RhZyI6Inhwdl9wcm9ncmVzc2l2ZS5WSV9VU0VDQVNFX1BST0RVQ1RfVFlQRS4uQzMuNjA4LmRhc2hfaDI2NC1iYXNpYy1nZW4yXzcyMHAiLCJ4cHZfYXNzZXRfaWQiOjEzMDUwMDk5NjE3ODYyNTQsImFzc2V0X2FnZV9kYXlzIjoxLCJ2aV91c2VjYXNlX2lkIjoxMDEzOSwiZHVyYXRpb25fcyI6MzUsInVybGdlbl9zb3VyY2UiOiJ3d3cifQ%3D%3D&ccb=17-1&vs=fb0ef9c9b24d7912&_nc_vs=HBksFQIYRWZiX2VwaGVtZXJhbC9FNzQ3NzQ5RDQ5QzM4QjYzODE5ODAxRTJDQzE1Qjk4RV9tdF8xX3ZpZGVvX2Rhc2hpbml0Lm1wNBUAAsgBEgAVAhhAZmJfcGVybWFuZW50Lzk1NDJFRjNGRkQ3OTE4QTQ3QUM5OTJDRTFCNDgzNTgxX2F1ZGlvX2Rhc2hpbml0Lm1wNBUCAsgBEgAoABgAGwKIB3VzZV9vaWwBMRJwcm9ncmVzc2l2ZV9yZWNpcGUBMRUAACac7przybnRBBUCKAJDMywXQEG7peNT988YGWRhc2hfaDI2NC1iYXNpYy1nZW4yXzcyMHARAHUAZbaeAQA&_nc_gid=comT-cuzIOz6vKsxo18Dcw&_nc_ss=7f289&_nc_zt=28&oh=00_AQB7kWAh31PgsMQlLTTyAgLMn-yD-SXhmPBD3svL66s71g&oe=6A53C706,https://scontent.fblr22-2.fna.fbcdn.net/v/t39.35426-6/741662247_1717242959467021_6983826392911856439_n.jpg?_nc_cat=111&ccb=1-7&_nc_sid=c53f8f&_nc_ohc=tkJl7hIwMp8Q7kNvwH877Qd&_nc_oc=AdqLotzi2mzgyvpXo90yFUgl4UsD1wGBA-sI-np1GJU0bWlxyivZnlLGiVtgOwSuuB4&_nc_zt=14&_nc_ht=scontent.fblr22-2.fna&_nc_gid=comT-cuzIOz6vKsxo18Dcw&_nc_ss=7f289&oh=00_AQAOpfA13T9GIVeWIBvS7F47kbdlkQikIZh0jpxCdZfk3g&oe=6A53CABE,2026-07-12T16:55:34.000Z,2026-07-08
131,130,Lingo AI,599204246602758,Lingo AI,,IN,2367898560406946,https://www.facebook.com/ads/library/?id=2367898560406946,2026-06-25,,true,false,1,0,,2026-06-25,,"🌍 Learn real English for everyday life 
🗣 Practice speaking with simple lessons 
⏱ Just 5 minutes a day
👉 Download now",👇 Start now,Download,https://speaklearnfrenchlingoai.onelink.me/Y67n?pid=metaweb_int&c={{campaign.name}}&af_c_id={{campaign.id}}&af_adset={{adset.name}}&af_adset_id={{adset.id}}&af_ad={{ad.name}}&af_ad_id={{ad.id}}&af_siteid={{site_source_name}},"Facebook,Instagram,Audience Network,Messenger,Threads","🌍 Learn real English for everyday life 
🗣 Practice speaking with simple lessons 
⏱ Just 5 minutes a day
👉 Download now",👇 Start now,Download,https://speaklearnfrenchlingoai.onelink.me/Y67n?pid=metaweb_int&c={{campaign.name}}&af_c_id={{campaign.id}}&af_adset={{adset.name}}&af_adset_id={{adset.id}}&af_ad={{ad.name}}&af_ad_id={{ad.id}}&af_siteid={{site_source_name}},Video,"Facebook,Instagram,Audience Network,Messenger,Threads",1,0,9:16,https://video.fblr22-1.fna.fbcdn.net/o1/v/t2/f2/m366/AQP2qxiuRtmvGTlB2lFCKzR_uBSsDiPwibaMT48SAanDXDfCeMkuyNBPU1wP8ftdLG8-RSt3IvjWFLUj1Za4oAumJp_8fPggchumHGh_smbKfA.mp4?_nc_cat=104&_nc_oc=AdrWTr17-s-4F1EADdy5fveohj65-eFPdpfvsI7F5jEpN8AELh1rXq31MCApfc52AYc&_nc_sid=b66105&_nc_ht=video.fblr22-1.fna.fbcdn.net&_nc_ohc=cZhmrG9PAlsQ7kNvwEVl1NL&efg=eyJ2ZW5jb2RlX3RhZyI6Inhwdl9wcm9ncmVzc2l2ZS5WSV9VU0VDQVNFX1BST0RVQ1RfVFlQRS4uQzMuNzIwLmRhc2hfaDI2NC1iYXNpYy1nZW4yXzcyMHAiLCJ4cHZfYXNzZXRfaWQiOjE5NDU4MzIyMDI3ODEyNDksImFzc2V0X2FnZV9kYXlzIjoxMiwidmlfdXNlY2FzZV9pZCI6MTAxMzksImR1cmF0aW9uX3MiOjMyLCJ1cmxnZW5fc291cmNlIjoid3d3In0%3D&ccb=17-1&vs=68d8e3d85fada406&_nc_vs=HBksFQIYRWZiX2VwaGVtZXJhbC9CRTRDMEFDQUFCNkIzQkZFQUI1Njc3QkM3QTRGRjRBNl9tdF8xX3ZpZGVvX2Rhc2hpbml0Lm1wNBUAAsgBEgAVAhhAZmJfcGVybWFuZW50LzE0NERGRDA5RTZERjc0NzUyNTIxQzdENkMxMUJBQkFBX2F1ZGlvX2Rhc2hpbml0Lm1wNBUCAsgBEgAoABgAGwKIB3VzZV9vaWwBMRJwcm9ncmVzc2l2ZV9yZWNpcGUBMRUAACaCierTq-70BhUCKAJDMywXQEBIcrAgxJwYGWRhc2hfaDI2NC1iYXNpYy1nZW4yXzcyMHARAHUAZbaeAQA&_nc_gid=ZpVNulqqZNzAV5wmt-becg&_nc_ss=7f289&_nc_zt=28&oh=00_AQAg_KfRrZgP-pa2Eu_qyHCjb2SA1J95mKsj1EFmaOZSyw&oe=6A53CD60,https://scontent.fblr22-1.fna.fbcdn.net/v/t39.35426-6/729791252_27297460523272238_794642450393193355_n.jpg?_nc_cat=106&ccb=1-7&_nc_sid=c53f8f&_nc_ohc=XciNaf291Z0Q7kNvwG9cYaS&_nc_oc=AdpU72XKyWBr0jta8NwQBvNdLL1jZ46QwGHa2tW0497tcwnSTpO7r9afM6XuO7oxt7M&_nc_zt=14&_nc_ht=scontent.fblr22-1.fna&_nc_gid=ZpVNulqqZNzAV5wmt-becg&_nc_ss=7f289&oh=00_AQDrM3ieUPdBQ4BScZjou-yqC6Q71XZ_iJbeTUCpKWGnlQ&oe=6A53D757,2026-07-12T17:22:40.000Z,2026-07-08
132,131,Lingo AI,599204246602758,Lingo AI,,IN,2276444916498087,https://www.facebook.com/ads/library/?id=2276444916498087,2026-06-24,,true,false,1,0,,2026-06-24,,"🌍 Learn real English for everyday life 
🗣 Practice speaking with simple lessons 
⏱ Just 5 minutes a day
👉 Download now",👇 Start now,Download,https://speaklearnfrenchlingoai.onelink.me/Y67n?pid=metaweb_int&c={{campaign.name}}&af_c_id={{campaign.id}}&af_adset={{adset.name}}&af_adset_id={{adset.id}}&af_ad={{ad.name}}&af_ad_id={{ad.id}}&af_siteid={{site_source_name}},"Facebook,Instagram,Audience Network,Messenger,Threads","🌍 Learn real English for everyday life 
🗣 Practice speaking with simple lessons 
⏱ Just 5 minutes a day
👉 Download now",👇 Start now,Download,https://speaklearnfrenchlingoai.onelink.me/Y67n?pid=metaweb_int&c={{campaign.name}}&af_c_id={{campaign.id}}&af_adset={{adset.name}}&af_adset_id={{adset.id}}&af_ad={{ad.name}}&af_ad_id={{ad.id}}&af_siteid={{site_source_name}},Video,"Facebook,Instagram,Audience Network,Messenger,Threads",1,0,9:16,https://video.fblr22-2.fna.fbcdn.net/o1/v/t2/f2/m366/AQNCYYt72ixfc47vl8NokDJGrjyYt8y5MqyqhXdKTxVR68x2sGjG4AhihLsOdLwrJd_zTsJA7N72ZcvEGRA0aad1PekClxyiL9ootVUMl0Ykjw.mp4?_nc_cat=110&_nc_oc=AdpZf3Q3PaLvp1uHfBTHoZLW3vcfJdUZp9O9wLWAlF7S6qscp86FRmtEVYnPc1wMhGc&_nc_sid=b66105&_nc_ht=video.fblr22-2.fna.fbcdn.net&_nc_ohc=jIOxpDJpCSAQ7kNvwEoOvIy&efg=eyJ2ZW5jb2RlX3RhZyI6Inhwdl9wcm9ncmVzc2l2ZS5WSV9VU0VDQVNFX1BST0RVQ1RfVFlQRS4uQzMuNzIwLmRhc2hfaDI2NC1iYXNpYy1nZW4yXzcyMHAiLCJ4cHZfYXNzZXRfaWQiOjIxMjg4NjI2NTg1MDk5OTMsImFzc2V0X2FnZV9kYXlzIjoxMiwidmlfdXNlY2FzZV9pZCI6MTAxMzksImR1cmF0aW9uX3MiOjMwLCJ1cmxnZW5fc291cmNlIjoid3d3In0%3D&ccb=17-1&vs=39f446a9577d75fe&_nc_vs=HBksFQIYRWZiX2VwaGVtZXJhbC9BMzQ4MjlGNkY1Q0FDRjU3MjE0OTAwRTUxMDI2REI5OV9tdF8xX3ZpZGVvX2Rhc2hpbml0Lm1wNBUAAsgBEgAVAhhAZmJfcGVybWFuZW50LzEwNENGRjlBNTQwQUM3MDIyRjE2NjAxMTMwMDhFOTlEX2F1ZGlvX2Rhc2hpbml0Lm1wNBUCAsgBEgAoABgAGwKIB3VzZV9vaWwBMRJwcm9ncmVzc2l2ZV9yZWNpcGUBMRUAACbS8snojozIBxUCKAJDMywXQD4Q5WBBiTcYGWRhc2hfaDI2NC1iYXNpYy1nZW4yXzcyMHARAHUAZbaeAQA&_nc_gid=ZpVNulqqZNzAV5wmt-becg&_nc_ss=7f289&_nc_zt=28&oh=00_AQA7J4mjbr4EQJNfFYNX5xlQiEYxrGbdi42Vc3cA__p6xQ&oe=6A53DFEE,https://scontent.fblr22-2.fna.fbcdn.net/v/t39.35426-6/728213359_2236982993761971_3436627945848029909_n.jpg?_nc_cat=107&ccb=1-7&_nc_sid=c53f8f&_nc_ohc=i8Rm_J63TrIQ7kNvwH-q8vo&_nc_oc=AdrySfSYobbuMKEH7juMR13kGmOdkuTiNhAK27gmINjUA9otMD5Uk5topDeBUrVp9LE&_nc_zt=14&_nc_ht=scontent.fblr22-2.fna&_nc_gid=ZpVNulqqZNzAV5wmt-becg&_nc_ss=7f289&oh=00_AQAnqskVU2MO5OW7ZhHhByEjMJ70M8vziuDLVBY7mDFFvg&oe=6A53F2A3,2026-07-12T18:41:50.000Z,2026-07-08
133,132,Lingo AI,599204246602758,Lingo AI,,IN,1102346855789311,https://www.facebook.com/ads/library/?id=1102346855789311,2026-07-03,,true,false,1,0,,2026-07-03,,"📘 Learn English easily with simple lessons 
😊 Build confidence with everyday speaking practice 
👉 Download now",👉 Download now,Download,https://speaklearnfrenchlingoai.onelink.me/Y67n?pid=metaweb_int&c={{campaign.name}}&af_c_id={{campaign.id}}&af_adset={{adset.name}}&af_adset_id={{adset.id}}&af_ad={{ad.name}}&af_ad_id={{ad.id}}&af_siteid={{site_source_name}},"Facebook,Instagram,Audience Network,Messenger,Threads","📘 Learn English easily with simple lessons 
😊 Build confidence with everyday speaking practice 
👉 Download now",👉 Download now,Download,https://speaklearnfrenchlingoai.onelink.me/Y67n?pid=metaweb_int&c={{campaign.name}}&af_c_id={{campaign.id}}&af_adset={{adset.name}}&af_adset_id={{adset.id}}&af_ad={{ad.name}}&af_ad_id={{ad.id}}&af_siteid={{site_source_name}},Video,"Facebook,Instagram,Audience Network,Messenger,Threads",1,0,9:16,https://video.fblr22-1.fna.fbcdn.net/o1/v/t2/f2/m366/AQOZ_hUSPPoSfPZG97QF0FczS562L1tsbmL0sWiCdjh23y0Im2G0M1CxzqZa79QWhaFbIniwSOFFVj4To2HWyVOWhi31BAhnS48xCK8zWmz_ag.mp4?_nc_cat=104&_nc_oc=AdqS0NVyRJpL_xEqIXUQp9QsCNYUdNJ3k40li482-toNQxXiz6pT3Oaq3UYHn3cr_20&_nc_sid=b66105&_nc_ht=video.fblr22-1.fna.fbcdn.net&_nc_ohc=HDhg7bUH2QQQ7kNvwGx-Odk&efg=eyJ2ZW5jb2RlX3RhZyI6Inhwdl9wcm9ncmVzc2l2ZS5WSV9VU0VDQVNFX1BST0RVQ1RfVFlQRS4uQzMuNzIwLmRhc2hfaDI2NC1iYXNpYy1nZW4yXzcyMHAiLCJ4cHZfYXNzZXRfaWQiOjI1MzM1MDk2NTcxNjc5MjYsImFzc2V0X2FnZV9kYXlzIjo0LCJ2aV91c2VjYXNlX2lkIjoxMDEzOSwiZHVyYXRpb25fcyI6NDgsInVybGdlbl9zb3VyY2UiOiJ3d3cifQ%3D%3D&ccb=17-1&vs=4c5a39b62f6a3b56&_nc_vs=HBksFQIYRWZiX2VwaGVtZXJhbC85OTRFN0VBREE3RUM2N0MwMTBGRDFCN0U5NkIwQTU5RV9tdF8xX3ZpZGVvX2Rhc2hpbml0Lm1wNBUAAsgBEgAVAhhAZmJfcGVybWFuZW50LzcxNENGNkYyRjcxNTQ2ODI2NTlENTM0MEZBNzY4MDg1X2F1ZGlvX2Rhc2hpbml0Lm1wNBUCAsgBEgAoABgAGwKIB3VzZV9vaWwBMRJwcm9ncmVzc2l2ZV9yZWNpcGUBMRUAACbsoLTy1Y2ACRUCKAJDMywXQEhIcrAgxJwYGWRhc2hfaDI2NC1iYXNpYy1nZW4yXzcyMHARAHUAZbaeAQA&_nc_gid=ZpVNulqqZNzAV5wmt-becg&_nc_ss=7f289&_nc_zt=28&oh=00_AQCIbZrwTZ0yq4Qg4KIkjfZi35yUhXo4eIqRDOdMgM17-w&oe=6A53C550,https://scontent.fblr22-1.fna.fbcdn.net/v/t39.35426-6/737370540_1316392323549499_696906321647398178_n.jpg?_nc_cat=103&ccb=1-7&_nc_sid=c53f8f&_nc_ohc=hHYcN5Sz7AIQ7kNvwEe9nbc&_nc_oc=Ado-IIk1nHYw72vSCXQn0Bi1u_gAKjrNCH1F9lSxTuDZBrIU9PijKvD8HPX6VXVot5s&_nc_zt=14&_nc_ht=scontent.fblr22-1.fna&_nc_gid=ZpVNulqqZNzAV5wmt-becg&_nc_ss=7f289&oh=00_AQC5Or-FiaLuxUGZWC9nBL9VyeB6zMjqKf90zQR4JvgY_g&oe=6A53DE62,2026-07-12T16:48:16.000Z,2026-07-08
134,133,Lingo AI,599204246602758,Lingo AI,,IN,1264112379002091,https://www.facebook.com/ads/library/?id=1264112379002091,2026-07-03,,true,false,1,0,,2026-07-03,,"📘 Learn English easily with simple lessons 
😊 Build confidence with everyday speaking practice 
👉 Download now",👉 Download now,Download,https://speaklearnfrenchlingoai.onelink.me/Y67n?pid=metaweb_int&c={{campaign.name}}&af_c_id={{campaign.id}}&af_adset={{adset.name}}&af_adset_id={{adset.id}}&af_ad={{ad.name}}&af_ad_id={{ad.id}}&af_siteid={{site_source_name}},"Facebook,Instagram,Audience Network,Messenger,Threads","📘 Learn English easily with simple lessons 
😊 Build confidence with everyday speaking practice 
👉 Download now",👉 Download now,Download,https://speaklearnfrenchlingoai.onelink.me/Y67n?pid=metaweb_int&c={{campaign.name}}&af_c_id={{campaign.id}}&af_adset={{adset.name}}&af_adset_id={{adset.id}}&af_ad={{ad.name}}&af_ad_id={{ad.id}}&af_siteid={{site_source_name}},Video,"Facebook,Instagram,Audience Network,Messenger,Threads",1,0,9:16,https://video.fblr22-1.fna.fbcdn.net/o1/v/t2/f2/m366/AQO1irSzM-fLFigjxPCnbEp6WhyjKI4uleO7BDEuY6wYIW3Ugxg9GfkzSMNbWiAaF22kD2wdil-92pWjT4vDFTFpwBmobbUq3gCPMfgRJYjS3Q.mp4?_nc_cat=109&_nc_oc=Adr0JHxkmvh7JIsg_CX-piv8x132KFzI9y6bC-LjRsQ8X6ceAM3e7i5w4UDxCX68KPI&_nc_sid=b66105&_nc_ht=video.fblr22-1.fna.fbcdn.net&_nc_ohc=r52UnP6wqTsQ7kNvwE45UKl&efg=eyJ2ZW5jb2RlX3RhZyI6Inhwdl9wcm9ncmVzc2l2ZS5WSV9VU0VDQVNFX1BST0RVQ1RfVFlQRS4uQzMuNzIwLmRhc2hfaDI2NC1iYXNpYy1nZW4yXzcyMHAiLCJ4cHZfYXNzZXRfaWQiOjE3NzAwMzUzNzc1MTg0NTcsImFzc2V0X2FnZV9kYXlzIjo0LCJ2aV91c2VjYXNlX2lkIjoxMDEzOSwiZHVyYXRpb25fcyI6NDgsInVybGdlbl9zb3VyY2UiOiJ3d3cifQ%3D%3D&ccb=17-1&vs=b15cd9107542452d&_nc_vs=HBksFQIYRWZiX2VwaGVtZXJhbC83QzQ5QTA0MjdFODgwRUI2NDg4MkM2NjVDMTAxMUJBOV9tdF8xX3ZpZGVvX2Rhc2hpbml0Lm1wNBUAAsgBEgAVAhhAZmJfcGVybWFuZW50LzMyNEIxNjJENDJFNjRCRkM0NDc0RkE0RTBDNUQ0NUFFX2F1ZGlvX2Rhc2hpbml0Lm1wNBUCAsgBEgAoABgAGwKIB3VzZV9vaWwBMRJwcm9ncmVzc2l2ZV9yZWNpcGUBMRUAACby3dWez_WkBhUCKAJDMywXQEhIcrAgxJwYGWRhc2hfaDI2NC1iYXNpYy1nZW4yXzcyMHARAHUAZbaeAQA&_nc_gid=ZpVNulqqZNzAV5wmt-becg&_nc_ss=7f289&_nc_zt=28&oh=00_AQB1ckYRZZ9I3NhE8n67owqUszKWytW6h75SN3_258FAng&oe=6A53E60B,https://scontent.fblr22-1.fna.fbcdn.net/v/t39.35426-6/739355221_2912842355723759_5905822077030972159_n.jpg?_nc_cat=101&ccb=1-7&_nc_sid=c53f8f&_nc_ohc=PgA9CxymH9YQ7kNvwFZ14PM&_nc_oc=AdoX9ySAePvKXYlQxok3p6brEK9F3uQvdO9VdBbjYeDDT4WaXQSCuv4Uc_N2YFvo4eg&_nc_zt=14&_nc_ht=scontent.fblr22-1.fna&_nc_gid=ZpVNulqqZNzAV5wmt-becg&_nc_ss=7f289&oh=00_AQC7u1wIg4Nf2eU2zhUK0sFQJay2lNyJ-puSKBq54VthAA&oe=6A53E319,2026-07-12T19:07:55.000Z,2026-07-08
135,134,Lingo AI,599204246602758,Lingo AI,,IN,1689492209025217,https://www.facebook.com/ads/library/?id=1689492209025217,2026-07-06,,true,false,1,0,,2026-07-06,,"📘 Learn English easily with simple lessons 
😊 Build confidence with everyday speaking practice 
👉 Download now",👉 Download now,Download,https://speaklearnfrenchlingoai.onelink.me/Y67n?pid=metaweb_int&c={{campaign.name}}&af_c_id={{campaign.id}}&af_adset={{adset.name}}&af_adset_id={{adset.id}}&af_ad={{ad.name}}&af_ad_id={{ad.id}}&af_siteid={{site_source_name}},"Facebook,Instagram,Audience Network,Messenger,Threads","📘 Learn English easily with simple lessons 
😊 Build confidence with everyday speaking practice 
👉 Download now",👉 Download now,Download,https://speaklearnfrenchlingoai.onelink.me/Y67n?pid=metaweb_int&c={{campaign.name}}&af_c_id={{campaign.id}}&af_adset={{adset.name}}&af_adset_id={{adset.id}}&af_ad={{ad.name}}&af_ad_id={{ad.id}}&af_siteid={{site_source_name}},Video,"Facebook,Instagram,Audience Network,Messenger,Threads",1,0,9:16,https://video.fblr22-2.fna.fbcdn.net/o1/v/t2/f2/m366/AQN4tNDmyd5HBLiut-23DbguTqwG4t-w8_G27MlNunId6fvHfmh8K0ieQ7yA2boaSRfHlBzZ8320xIh06lP7DYAeZ5wiu8yRSttFUe4BIAmCCw.mp4?_nc_cat=105&_nc_oc=Adry9AEMhZ77svrT4xcSJSLDY2niAQOi-APnyj3c1EXWSWZLaIJK1-GWzqvIoE1oilY&_nc_sid=b66105&_nc_ht=video.fblr22-2.fna.fbcdn.net&_nc_ohc=WcdQNyhqvYUQ7kNvwGe4UbO&efg=eyJ2ZW5jb2RlX3RhZyI6Inhwdl9wcm9ncmVzc2l2ZS5WSV9VU0VDQVNFX1BST0RVQ1RfVFlQRS4uQzMuNzIwLmRhc2hfaDI2NC1iYXNpYy1nZW4yXzcyMHAiLCJ4cHZfYXNzZXRfaWQiOjIwODgxMDI1OTg0NDM1ODAsImFzc2V0X2FnZV9kYXlzIjowLCJ2aV91c2VjYXNlX2lkIjoxMDEzOSwiZHVyYXRpb25fcyI6MTAzLCJ1cmxnZW5fc291cmNlIjoid3d3In0%3D&ccb=17-1&vs=10762e85b24782a7&_nc_vs=HBksFQIYRWZiX2VwaGVtZXJhbC9CQTRDQ0REMjkyOENEMzgzQzFCQ0Y1ODNCMTk4MDA5Q19tdF8xX3ZpZGVvX2Rhc2hpbml0Lm1wNBUAAsgBEgAVAhhAZmJfcGVybWFuZW50LzczNDRENzc4N0E0MTA5MkI2QURDQzUwOEJCREIyODk4X2F1ZGlvX2Rhc2hpbml0Lm1wNBUCAsgBEgAoABgAGwKIB3VzZV9vaWwBMRJwcm9ncmVzc2l2ZV9yZWNpcGUBMRUAACb4iJTayMe1BxUCKAJDMywXQFn3bItDlYEYGWRhc2hfaDI2NC1iYXNpYy1nZW4yXzcyMHARAHUAZbaeAQA&_nc_gid=ZpVNulqqZNzAV5wmt-becg&_nc_ss=7f289&_nc_zt=28&oh=00_AQBPnmC-Ooev_e6bMOPboGpxwW33SCUEGJyDpPOGoiirwA&oe=6A53F2F7,https://scontent.fblr22-1.fna.fbcdn.net/v/t39.35426-6/741215826_1574419860861595_3383046716636407434_n.jpg?_nc_cat=103&ccb=1-7&_nc_sid=c53f8f&_nc_ohc=R7zzkXgAAIQQ7kNvwGB75xJ&_nc_oc=AdpYw3aBRB21q-s-XJWKfM_sCRmYBPBIeVvIx26aBxpz2lOj7GYp8WDAEBCoajK27BI&_nc_zt=14&_nc_ht=scontent.fblr22-1.fna&_nc_gid=ZpVNulqqZNzAV5wmt-becg&_nc_ss=7f289&oh=00_AQBtjNqZEaqbMTGHdeXWj-7QQerjMmYgvCAceBnRqpVgtw&oe=6A53E45B,2026-07-12T20:03:03.000Z,2026-07-08
136,135,Lingo AI,599204246602758,Lingo AI,,IN,1620690590064291,https://www.facebook.com/ads/library/?id=1620690590064291,2026-06-24,,true,false,1,0,,2026-06-24,,"🌍 Learn real English for everyday life 
🗣 Practice speaking with simple lessons 
⏱ Just 5 minutes a day
👉 Download now",👇 Start now,Download,https://speaklearnfrenchlingoai.onelink.me/Y67n?pid=metaweb_int&c={{campaign.name}}&af_c_id={{campaign.id}}&af_adset={{adset.name}}&af_adset_id={{adset.id}}&af_ad={{ad.name}}&af_ad_id={{ad.id}}&af_siteid={{site_source_name}},"Facebook,Instagram,Audience Network,Messenger,Threads","🌍 Learn real English for everyday life 
🗣 Practice speaking with simple lessons 
⏱ Just 5 minutes a day
👉 Download now",👇 Start now,Download,https://speaklearnfrenchlingoai.onelink.me/Y67n?pid=metaweb_int&c={{campaign.name}}&af_c_id={{campaign.id}}&af_adset={{adset.name}}&af_adset_id={{adset.id}}&af_ad={{ad.name}}&af_ad_id={{ad.id}}&af_siteid={{site_source_name}},Video,"Facebook,Instagram,Audience Network,Messenger,Threads",1,0,9:16,https://video.fblr22-1.fna.fbcdn.net/o1/v/t2/f2/m366/AQP-rUUq808Arx8rd5pQHtnJ92F-GEFAnhFkyJu2loyApV9HR-eniwDfzGR9b0AyPchCK3L16zervBKOMn9gmVvYzoMeTH6S6mPhQMSJ-5XxTQ.mp4?_nc_cat=102&_nc_oc=Ado1AyuFZlXNs910KmDtPTDh4tFPaAF-4npx2EANHjWWC57vEt98Sh69QOvflwrq44A&_nc_sid=b66105&_nc_ht=video.fblr22-1.fna.fbcdn.net&_nc_ohc=BX0ZTjc9HvoQ7kNvwHTW22s&efg=eyJ2ZW5jb2RlX3RhZyI6Inhwdl9wcm9ncmVzc2l2ZS5WSV9VU0VDQVNFX1BST0RVQ1RfVFlQRS4uQzMuNzIwLmRhc2hfaDI2NC1iYXNpYy1nZW4yXzcyMHAiLCJ4cHZfYXNzZXRfaWQiOjE1ODM2NTcwNzk5MzE3MjEsImFzc2V0X2FnZV9kYXlzIjoxMiwidmlfdXNlY2FzZV9pZCI6MTAxMzksImR1cmF0aW9uX3MiOjQ0LCJ1cmxnZW5fc291cmNlIjoid3d3In0%3D&ccb=17-1&vs=8a21e8d2986619f9&_nc_vs=HBksFQIYRWZiX2VwaGVtZXJhbC8zNjQzMzAwRjJBQUQ1MzU3MEZDQjZEQjNGRkQ5MENCMl9tdF8xX3ZpZGVvX2Rhc2hpbml0Lm1wNBUAAsgBEgAVAhhAZmJfcGVybWFuZW50L0QwNDExNDEwRUQyOTVDMTcwQzE3MzlCRjI3MjBEOTkzX2F1ZGlvX2Rhc2hpbml0Lm1wNBUCAsgBEgAoABgAGwKIB3VzZV9vaWwBMRJwcm9ncmVzc2l2ZV9yZWNpcGUBMRUAACaSjZDb_JTQBRUCKAJDMywXQEZu2RaHKwIYGWRhc2hfaDI2NC1iYXNpYy1nZW4yXzcyMHARAHUAZbaeAQA&_nc_gid=ZpVNulqqZNzAV5wmt-becg&_nc_ss=7f289&_nc_zt=28&oh=00_AQCyFZfyq35tjaBprqZ9n6yYhIYQ2uUVkMlvff9C1podZQ&oe=6A53C112,https://scontent.fblr22-1.fna.fbcdn.net/v/t39.35426-6/730084073_2889704414708929_5740975414195863267_n.jpg?_nc_cat=108&ccb=1-7&_nc_sid=c53f8f&_nc_ohc=-Bya_c73e5YQ7kNvwGfM3Mo&_nc_oc=AdqRthxjitnV8ZXKXwcJL6yS7W6Wgyzenc3ywLcvwcopB17SvGgu4COagFmVCLyh_ZI&_nc_zt=14&_nc_ht=scontent.fblr22-1.fna&_nc_gid=ZpVNulqqZNzAV5wmt-becg&_nc_ss=7f289&oh=00_AQCN2v6FwVWsM5hRuN5cgTTOSbTb7fcqGfu6qnyi0T9QvA&oe=6A53D8B5,2026-07-12T16:30:10.000Z,2026-07-08
137,136,Lingo AI,599204246602758,Lingo AI,,IN,888239487656454,https://www.facebook.com/ads/library/?id=888239487656454,2026-06-25,,true,false,1,0,,2026-06-25,,"🌍 Learn real English for everyday life 
🗣 Practice speaking with simple lessons 
⏱ Just 5 minutes a day
👉 Download now",👇 Start now,Download,https://speaklearnfrenchlingoai.onelink.me/Y67n?pid=metaweb_int&c={{campaign.name}}&af_c_id={{campaign.id}}&af_adset={{adset.name}}&af_adset_id={{adset.id}}&af_ad={{ad.name}}&af_ad_id={{ad.id}}&af_siteid={{site_source_name}},"Facebook,Instagram,Audience Network,Messenger,Threads","🌍 Learn real English for everyday life 
🗣 Practice speaking with simple lessons 
⏱ Just 5 minutes a day
👉 Download now",👇 Start now,Download,https://speaklearnfrenchlingoai.onelink.me/Y67n?pid=metaweb_int&c={{campaign.name}}&af_c_id={{campaign.id}}&af_adset={{adset.name}}&af_adset_id={{adset.id}}&af_ad={{ad.name}}&af_ad_id={{ad.id}}&af_siteid={{site_source_name}},Video,"Facebook,Instagram,Audience Network,Messenger,Threads",1,0,9:16,https://video.fblr22-2.fna.fbcdn.net/o1/v/t2/f2/m366/AQPVieBn3VoWg6hepavHnK1R7m7GD0JBaHJToZNyPmg87M711FSC1BBR7OhyfqkLxt9oNEeOQcG15mpECYAZsthjJGOgOOQoTUkWndEi6bW7Cw.mp4?_nc_cat=111&_nc_oc=Adr5lDt4ri9n2kXH-R32KdSvYvVxUqjBEpxyffikLA_lKyAy9t5Tme0sxV-R8wkOxHU&_nc_sid=b66105&_nc_ht=video.fblr22-2.fna.fbcdn.net&_nc_ohc=EO9Ro4f00pMQ7kNvwFHw-xm&efg=eyJ2ZW5jb2RlX3RhZyI6Inhwdl9wcm9ncmVzc2l2ZS5WSV9VU0VDQVNFX1BST0RVQ1RfVFlQRS4uQzMuNzIwLmRhc2hfaDI2NC1iYXNpYy1nZW4yXzcyMHAiLCJ4cHZfYXNzZXRfaWQiOjEzMTQyMDUzNTQxNzA4NDQsImFzc2V0X2FnZV9kYXlzIjoxMiwidmlfdXNlY2FzZV9pZCI6MTAxMzksImR1cmF0aW9uX3MiOjI2LCJ1cmxnZW5fc291cmNlIjoid3d3In0%3D&ccb=17-1&vs=ee1ee5351fc09b38&_nc_vs=HBksFQIYRWZiX2VwaGVtZXJhbC8zRjRBRTU4QzRDQTg4RTI1OEQwQ0ZENzVCQ0MyNDc5MV9tdF8xX3ZpZGVvX2Rhc2hpbml0Lm1wNBUAAsgBEgAVAhhAZmJfcGVybWFuZW50L0UyNDg2OTdDQTc1QTU3ODRCNEJDNTc2NDgxRkIxMzk1X2F1ZGlvX2Rhc2hpbml0Lm1wNBUCAsgBEgAoABgAGwKIB3VzZV9vaWwBMRJwcm9ncmVzc2l2ZV9yZWNpcGUBMRUAACa45-D06NDVBBUCKAJDMywXQDoIcrAgxJwYGWRhc2hfaDI2NC1iYXNpYy1nZW4yXzcyMHARAHUAZbaeAQA&_nc_gid=ZpVNulqqZNzAV5wmt-becg&_nc_ss=7f289&_nc_zt=28&oh=00_AQCtsVBuomVFQh0ZRzeLbIN4VA29Tb9L22wYa5IBjdksng&oe=6A53C1FD,https://scontent.fblr22-1.fna.fbcdn.net/v/t39.35426-6/727834651_1022299363785423_2375699905543062785_n.jpg?_nc_cat=102&ccb=1-7&_nc_sid=c53f8f&_nc_ohc=S8pAi2eDOD0Q7kNvwG5Kg41&_nc_oc=AdqhuvQFyOPRnWU-eh4m0I5rZsH7aDtD-Tf_gh5M8bkq6x6xliVpF7lNOaZE-EfWZro&_nc_zt=14&_nc_ht=scontent.fblr22-1.fna&_nc_gid=ZpVNulqqZNzAV5wmt-becg&_nc_ss=7f289&oh=00_AQCAEnR4cia5X8VKENa8IjGArFA4vk-SArWDxlFxSiP6Hg&oe=6A53CB77,2026-07-12T16:34:05.000Z,2026-07-08
138,137,Lingo AI,599204246602758,Lingo AI,,IN,1079647594516513,https://www.facebook.com/ads/library/?id=1079647594516513,2026-07-05,,false,false,1,0,,2026-07-05,,"🌟 Want to improve your English? 
📱 Learn anytime in just minutes a day 
💬 Build real speaking confidence 
👉 Download now",👉 Download now,Download,https://speaklearnfrenchlingoai.onelink.me/Y67n?pid=metaweb_int&c={{campaign.name}}&af_c_id={{campaign.id}}&af_adset={{adset.name}}&af_adset_id={{adset.id}}&af_ad={{ad.name}}&af_ad_id={{ad.id}}&af_siteid={{site_source_name}},"Facebook,Instagram,Audience Network,Messenger,Threads","🌟 Want to improve your English? 
📱 Learn anytime in just minutes a day 
💬 Build real speaking confidence 
👉 Download now",👉 Download now,Download,https://speaklearnfrenchlingoai.onelink.me/Y67n?pid=metaweb_int&c={{campaign.name}}&af_c_id={{campaign.id}}&af_adset={{adset.name}}&af_adset_id={{adset.id}}&af_ad={{ad.name}}&af_ad_id={{ad.id}}&af_siteid={{site_source_name}},Video,"Facebook,Instagram,Audience Network,Messenger,Threads",1,0,9:16,https://video.fblr22-1.fna.fbcdn.net/o1/v/t2/f2/m366/AQNKcN4QrP_cDUQXHKdKNpqFRMlKVfyciosijPVBzpQ8T8JOefrNqa33Nj8BURneuUCngAOQThELvdcYnZ0gPc24EYeBPhj3IdwwcR1sZ2xJfA.mp4?_nc_cat=103&_nc_oc=Adp4ct2k3kQUik-j9-Ct1qFPRLEKI1rlPQso3gtWp0T5L8nic3bRWp6wtUZ2vBjpGKE&_nc_sid=b66105&_nc_ht=video.fblr22-1.fna.fbcdn.net&_nc_ohc=i0jVKK1cwK8Q7kNvwGCL-b2&efg=eyJ2ZW5jb2RlX3RhZyI6Inhwdl9wcm9ncmVzc2l2ZS5WSV9VU0VDQVNFX1BST0RVQ1RfVFlQRS4uQzMuNjA4LmRhc2hfaDI2NC1iYXNpYy1nZW4yXzcyMHAiLCJ4cHZfYXNzZXRfaWQiOjEzOTI5NDQ3NDYwMTg3ODksImFzc2V0X2FnZV9kYXlzIjoxLCJ2aV91c2VjYXNlX2lkIjoxMDEzOSwiZHVyYXRpb25fcyI6MzUsInVybGdlbl9zb3VyY2UiOiJ3d3cifQ%3D%3D&ccb=17-1&vs=a4906fdba5e2e08&_nc_vs=HBksFQIYRWZiX2VwaGVtZXJhbC9BQjQzNDUyQ0M5RjdFRUNFMzE2NDlBNEYzNjVFRjFCOV9tdF8xX3ZpZGVvX2Rhc2hpbml0Lm1wNBUAAsgBEgAVAhhAZmJfcGVybWFuZW50LzQwNDI2NUZGOTJBRDY4MDMwQ0U5QUQ1QUFGQzY1NUExX2F1ZGlvX2Rhc2hpbml0Lm1wNBUCAsgBEgAoABgAGwKIB3VzZV9vaWwBMRJwcm9ncmVzc2l2ZV9yZWNpcGUBMRUAACbK37mMh7j5BBUCKAJDMywXQEGiDEm6XjUYGWRhc2hfaDI2NC1iYXNpYy1nZW4yXzcyMHARAHUAZbaeAQA&_nc_gid=ZpVNulqqZNzAV5wmt-becg&_nc_ss=7f289&_nc_zt=28&oh=00_AQA-kxi0TpgSTfcDcPIsFeKrIcwLyCse3xwlCUtGpsfYdg&oe=6A53E8CD,https://scontent.fblr22-1.fna.fbcdn.net/v/t39.35426-6/741106317_1382420250473177_3486552738439832272_n.jpg?_nc_cat=108&ccb=1-7&_nc_sid=c53f8f&_nc_ohc=lOUTUY-4VCMQ7kNvwGKt0z7&_nc_oc=AdocooOxqCnfm8jUvidVK7X-mwxLLmSA0YBWEB0YntbP2_Mxc0_XPrIEjn0QSxJB0Rg&_nc_zt=14&_nc_ht=scontent.fblr22-1.fna&_nc_gid=ZpVNulqqZNzAV5wmt-becg&_nc_ss=7f289&oh=00_AQAGPxSikmghMp8BVmg3XpCljS4lApJirnmWCBpdtgNf-A&oe=6A53D9F1,2026-07-12T19:19:41.000Z,2026-07-08
139,138,Lingo AI,599204246602758,Lingo AI,,IN,1635215360918989,https://www.facebook.com/ads/library/?id=1635215360918989,2026-06-17,,true,false,1,0,,2026-06-17,,"📘 Learn English easily with simple lessons 
😊 Build confidence with everyday speaking practice 
👉 Download now",👉 Download now,Download,https://speaklearnfrenchlingoai.onelink.me/Y67n?pid=metaweb_int&c={{campaign.name}}&af_c_id={{campaign.id}}&af_adset={{adset.name}}&af_adset_id={{adset.id}}&af_ad={{ad.name}}&af_ad_id={{ad.id}}&af_siteid={{site_source_name}},"Facebook,Instagram,Audience Network,Messenger,Threads","📘 Learn English easily with simple lessons 
😊 Build confidence with everyday speaking practice 
👉 Download now",👉 Download now,Download,https://speaklearnfrenchlingoai.onelink.me/Y67n?pid=metaweb_int&c={{campaign.name}}&af_c_id={{campaign.id}}&af_adset={{adset.name}}&af_adset_id={{adset.id}}&af_ad={{ad.name}}&af_ad_id={{ad.id}}&af_siteid={{site_source_name}},Video,"Facebook,Instagram,Audience Network,Messenger,Threads",1,0,9:16,https://video.fblr22-2.fna.fbcdn.net/o1/v/t2/f2/m366/AQM2UUH0u8cIh16dc-dxS18gCXkwlXLG30BWcurHkJrnaAOc08HpzVMOns-KBscu7QY_nBbkbg3S4UdDxUGT_5Ig3vOQ3GQjp2yRXJPsZ8Br2A.mp4?_nc_cat=110&_nc_oc=Adp_5NZ-VA-JZafLnBYKsi0TBLya4Ewdcy748Xaj5OJ3jeWDvwDwpZBN3Or1Qo6Ln44&_nc_sid=b66105&_nc_ht=video.fblr22-2.fna.fbcdn.net&_nc_ohc=eve6JhO0StwQ7kNvwFVFZEC&efg=eyJ2ZW5jb2RlX3RhZyI6Inhwdl9wcm9ncmVzc2l2ZS5WSV9VU0VDQVNFX1BST0RVQ1RfVFlQRS4uQzMuNjA4LmRhc2hfaDI2NC1iYXNpYy1nZW4yXzcyMHAiLCJ4cHZfYXNzZXRfaWQiOjE3Mjk5Njc5NTE3ODUwNjAsImFzc2V0X2FnZV9kYXlzIjoyOSwidmlfdXNlY2FzZV9pZCI6MTAxMzksImR1cmF0aW9uX3MiOjI5LCJ1cmxnZW5fc291cmNlIjoid3d3In0%3D&ccb=17-1&vs=a579241c4ad9e299&_nc_vs=HBksFQIYRWZiX2VwaGVtZXJhbC81QTQ0NEIxQjI1NjdDNUEzRDQ2RkVENjYwOTJFQUQ4Rl9tdF8xX3ZpZGVvX2Rhc2hpbml0Lm1wNBUAAsgBEgAVAhhAZmJfcGVybWFuZW50Lzc5NDhCNDBFQjBCMDQ2MTRGNUI1NjNDMUUwNTg1QjhEX2F1ZGlvX2Rhc2hpbml0Lm1wNBUCAsgBEgAoABgAGwKIB3VzZV9vaWwBMRJwcm9ncmVzc2l2ZV9yZWNpcGUBMRUAACbIsenTsdmSBhUCKAJDMywXQD27peNT988YGWRhc2hfaDI2NC1iYXNpYy1nZW4yXzcyMHARAHUAZbaeAQA&_nc_gid=ZpVNulqqZNzAV5wmt-becg&_nc_ss=7f289&_nc_zt=28&oh=00_AQDoaXnAwlvKPePpScyKzq4N-oRmANnKO4cIH5REzT8Jog&oe=6A53BDE6,https://scontent.fblr22-2.fna.fbcdn.net/v/t39.35426-6/723624946_1048706871058218_8185705288274246381_n.jpg?_nc_cat=110&ccb=1-7&_nc_sid=c53f8f&_nc_ohc=znvyP32RGzIQ7kNvwETWF_B&_nc_oc=AdpqEzMo1gdpcLFzaWvVS_uyv-qRYTporIOVci1TsmEmV6FaDSTE6d8AFCDIujRg1Tc&_nc_zt=14&_nc_ht=scontent.fblr22-2.fna&_nc_gid=ZpVNulqqZNzAV5wmt-becg&_nc_ss=7f289&oh=00_AQCLVc51dtVX0i_AC_cim8-dTiZOKACmcRTxy6N2eueNKw&oe=6A53CD2D,2026-07-12T16:16:38.000Z,2026-07-08
140,139,Lingo AI,599204246602758,Lingo AI,,IN,1967353097232627,https://www.facebook.com/ads/library/?id=1967353097232627,2026-06-24,,true,false,1,0,,2026-06-24,,"🌍 Learn real English for everyday life 
🗣 Practice speaking with simple lessons 
⏱ Just 5 minutes a day
👉 Download now",👇 Start now,Download,https://speaklearnfrenchlingoai.onelink.me/Y67n?pid=metaweb_int&c={{campaign.name}}&af_c_id={{campaign.id}}&af_adset={{adset.name}}&af_adset_id={{adset.id}}&af_ad={{ad.name}}&af_ad_id={{ad.id}}&af_siteid={{site_source_name}},"Facebook,Instagram,Audience Network,Messenger,Threads","🌍 Learn real English for everyday life 
🗣 Practice speaking with simple lessons 
⏱ Just 5 minutes a day
👉 Download now",👇 Start now,Download,https://speaklearnfrenchlingoai.onelink.me/Y67n?pid=metaweb_int&c={{campaign.name}}&af_c_id={{campaign.id}}&af_adset={{adset.name}}&af_adset_id={{adset.id}}&af_ad={{ad.name}}&af_ad_id={{ad.id}}&af_siteid={{site_source_name}},Video,"Facebook,Instagram,Audience Network,Messenger,Threads",1,0,9:16,https://video.fblr22-1.fna.fbcdn.net/o1/v/t2/f2/m366/AQNhDIo7WyLPaNtbX8U3ORI0oMD6oih5bzo0n9q8pIHEhdktI41VcWVYvGrquwgtTBkBmmm9dnzHGeB2bUkjkvZianFfmTbMg0s_mGfBzoIqng.mp4?_nc_cat=108&_nc_oc=AdqHnLo3wgJ7d9MdN-zC0JEB-QZGwZJIBbT1c6g-0eowXRu2j2LQLQkB9IAmIzw2NKY&_nc_sid=b66105&_nc_ht=video.fblr22-1.fna.fbcdn.net&_nc_ohc=hM6I8TGeaSsQ7kNvwH9TNz_&efg=eyJ2ZW5jb2RlX3RhZyI6Inhwdl9wcm9ncmVzc2l2ZS5WSV9VU0VDQVNFX1BST0RVQ1RfVFlQRS4uQzMuNzIwLmRhc2hfaDI2NC1iYXNpYy1nZW4yXzcyMHAiLCJ4cHZfYXNzZXRfaWQiOjE1MzcxNjY1MDQ0NjI5MTAsImFzc2V0X2FnZV9kYXlzIjoxMiwidmlfdXNlY2FzZV9pZCI6MTAxMzksImR1cmF0aW9uX3MiOjU1LCJ1cmxnZW5fc291cmNlIjoid3d3In0%3D&ccb=17-1&vs=d9ff34f86e0be3d&_nc_vs=HBksFQIYRWZiX2VwaGVtZXJhbC9FODQ5NjZGQjU5MDdDMUI0NzZBMUJGOTFENjE0NERCRF9tdF8xX3ZpZGVvX2Rhc2hpbml0Lm1wNBUAAsgBEgAVAhhAZmJfcGVybWFuZW50L0RGNDQ5MTZGQzU4OTIyMkIwNjgxOTVERDkyNzRCMTg1X2F1ZGlvX2Rhc2hpbml0Lm1wNBUCAsgBEgAoABgAGwKIB3VzZV9vaWwBMRJwcm9ncmVzc2l2ZV9yZWNpcGUBMRUAACb8qKz37oK7BRUCKAJDMywXQEuVP3ztkWgYGWRhc2hfaDI2NC1iYXNpYy1nZW4yXzcyMHARAHUAZbaeAQA&_nc_gid=ZpVNulqqZNzAV5wmt-becg&_nc_ss=7f289&_nc_zt=28&oh=00_AQDyV5lIzJRWhjDpR_oOLTomFMvFa9igrA_8Vb0x1lA6Gw&oe=6A53F250,https://scontent.fblr22-2.fna.fbcdn.net/v/t39.35426-6/728984482_1043403338257353_6845135591696969936_n.jpg?_nc_cat=111&ccb=1-7&_nc_sid=c53f8f&_nc_ohc=fW60DkPEfPoQ7kNvwG730Vn&_nc_oc=Adp09s0fv5ROFGN7KwIpV-i94vPn3kG9mfztt7UBbIdH0MxF6jdsycc6CkumypPvoCk&_nc_zt=14&_nc_ht=scontent.fblr22-2.fna&_nc_gid=ZpVNulqqZNzAV5wmt-becg&_nc_ss=7f289&oh=00_AQCA8bKI2nqpCBbabdcRn5bqEGBppPSvXU-M6X8PDB2GxQ&oe=6A53D47F,2026-07-12T20:00:16.000Z,2026-07-08
141,140,Lingo AI,599204246602758,Lingo AI,,IN,2183171979139988,https://www.facebook.com/ads/library/?id=2183171979139988,2026-06-17,,true,false,1,0,,2026-06-17,,"📘 Learn English easily with simple lessons 
😊 Build confidence with everyday speaking practice 
👉 Download now",👉 Download now,Download,https://speaklearnfrenchlingoai.onelink.me/Y67n?pid=metaweb_int&c={{campaign.name}}&af_c_id={{campaign.id}}&af_adset={{adset.name}}&af_adset_id={{adset.id}}&af_ad={{ad.name}}&af_ad_id={{ad.id}}&af_siteid={{site_source_name}},"Facebook,Instagram,Audience Network,Messenger,Threads","📘 Learn English easily with simple lessons 
😊 Build confidence with everyday speaking practice 
👉 Download now",👉 Download now,Download,https://speaklearnfrenchlingoai.onelink.me/Y67n?pid=metaweb_int&c={{campaign.name}}&af_c_id={{campaign.id}}&af_adset={{adset.name}}&af_adset_id={{adset.id}}&af_ad={{ad.name}}&af_ad_id={{ad.id}}&af_siteid={{site_source_name}},Video,"Facebook,Instagram,Audience Network,Messenger,Threads",1,0,9:16,https://video.fblr22-1.fna.fbcdn.net/o1/v/t2/f2/m366/AQO5LEZ6bhr-z8Q7bnhGg-38LncC8OIizqwt6m90G_e8ooC7jBwP6JOPmViz6O7YwZ6HGxh8lE3He3IFYf6DKuthnxC_9P7FQJKJH07OdQNw4g.mp4?_nc_cat=108&_nc_oc=AdrlUKSJcy_1fdVTcqKt9uOI9_thsZi1i-pINZs3pTsMdXrbztByeK0eclzi7qyWK64&_nc_sid=b66105&_nc_ht=video.fblr22-1.fna.fbcdn.net&_nc_ohc=xJ40wYoGbc8Q7kNvwEOlq9O&efg=eyJ2ZW5jb2RlX3RhZyI6Inhwdl9wcm9ncmVzc2l2ZS5WSV9VU0VDQVNFX1BST0RVQ1RfVFlQRS4uQzMuNjA4LmRhc2hfaDI2NC1iYXNpYy1nZW4yXzcyMHAiLCJ4cHZfYXNzZXRfaWQiOjE2OTc5ODY4Mzc4OTc3MjQsImFzc2V0X2FnZV9kYXlzIjo1OSwidmlfdXNlY2FzZV9pZCI6MTAxMzksImR1cmF0aW9uX3MiOjM4LCJ1cmxnZW5fc291cmNlIjoid3d3In0%3D&ccb=17-1&vs=4ee517168c092a62&_nc_vs=HBksFQIYRWZiX2VwaGVtZXJhbC82NjRFREYyMUYzMDMyOTZFQjJBQUJDQzMyQjYzRjQ4OF9tdF8xX3ZpZGVvX2Rhc2hpbml0Lm1wNBUAAsgBEgAVAhhAZmJfcGVybWFuZW50LzU1NDcwMEQyNDJBM0FDQjIxMUMyQ0IzMjMwMTk2N0I3X2F1ZGlvX2Rhc2hpbml0Lm1wNBUCAsgBEgAoABgAGwKIB3VzZV9vaWwBMRJwcm9ncmVzc2l2ZV9yZWNpcGUBMRUAACb4h_Pk65OEBhUCKAJDMywXQEMd0vGp--cYGWRhc2hfaDI2NC1iYXNpYy1nZW4yXzcyMHARAHUAZbaeAQA&_nc_gid=8yOHnHRefR-P4LN072ZhYQ&_nc_ss=7f289&_nc_zt=28&oh=00_AQCUrnlXwiGf1dB-MQ7T_SSEHda7glLgsZIPJIMkpw27OA&oe=6A53C65C,https://scontent.fblr22-2.fna.fbcdn.net/v/t39.35426-6/724818444_1566301534825838_4195227144004204340_n.jpg?_nc_cat=111&ccb=1-7&_nc_sid=c53f8f&_nc_ohc=EjgEghhy0oAQ7kNvwHcYb1P&_nc_oc=AdrekNCCM6IzmTwHCzCgr3w1uHe8N-FOJHXCAB_LWkhHgHNBJC21hrLTN3P_2WG2kco&_nc_zt=14&_nc_ht=scontent.fblr22-2.fna&_nc_gid=8yOHnHRefR-P4LN072ZhYQ&_nc_ss=7f289&oh=00_AQA9I4-wXHPS3Ab-81XCQSTVFAHPfKzed0SlvUx64Ne3eg&oe=6A53E61F,2026-07-12T16:52:44.000Z,2026-07-08
142,141,Lingo AI,599204246602758,Lingo AI,,IN,2485249335308594,https://www.facebook.com/ads/library/?id=2485249335308594,2026-07-05,,false,false,1,0,,2026-07-05,,"😊The best place to learn French language
💼 Boost your French skills in just 5 minutes a day! 
📚The efficient path to fluency.",✨Try it now~,Install now,http://itunes.apple.com/app/id6740255326,"Facebook,Instagram,Audience Network,Messenger,Threads","😊The best place to learn French language
💼 Boost your French skills in just 5 minutes a day! 
📚The efficient path to fluency.",✨Try it now~,Install now,http://itunes.apple.com/app/id6740255326,Video,"Facebook,Instagram,Audience Network,Messenger,Threads",1,0,9:16,https://video.fblr22-2.fna.fbcdn.net/o1/v/t2/f2/m366/AQOlhNIduv4ofjrIBpm17dqd524kT-S7mYlUtTksSX_-XnxNS-KfiQt_X7TvNHsvcTLoZFllGbMWxGm1XKnpA0K3i_R2b-b4LnBU3wtKJRWMbQ.mp4?_nc_cat=105&_nc_oc=Adr6FuWFMaeo14SvvOct4sKABCb8bMzoy0Kp5IcWs-9vT7aNEQ0vD3IPgkVvOpbdcdA&_nc_sid=b66105&_nc_ht=video.fblr22-2.fna.fbcdn.net&_nc_ohc=jVUpLTWLoWwQ7kNvwF4NU3b&efg=eyJ2ZW5jb2RlX3RhZyI6Inhwdl9wcm9ncmVzc2l2ZS5WSV9VU0VDQVNFX1BST0RVQ1RfVFlQRS4uQzMuNzIwLmRhc2hfaDI2NC1iYXNpYy1nZW4yXzcyMHAiLCJ4cHZfYXNzZXRfaWQiOjkxODk3MTI2MTIxOTQzNSwiYXNzZXRfYWdlX2RheXMiOjIsInZpX3VzZWNhc2VfaWQiOjEwMTM5LCJkdXJhdGlvbl9zIjo3OSwidXJsZ2VuX3NvdXJjZSI6Ind3dyJ9&ccb=17-1&vs=a51457f77dc9989e&_nc_vs=HBksFQIYRWZiX2VwaGVtZXJhbC84RjQ3MTI1NEEzRTUwRUEwOUUwM0RBOTkyOTFGRUU5Nl9tdF8xX3ZpZGVvX2Rhc2hpbml0Lm1wNBUAAsgBEgAVAhhAZmJfcGVybWFuZW50L0M1NEZGMUUzMzJCNzc2M0EyNzRFNTE1ODgzQzUxRkE2X2F1ZGlvX2Rhc2hpbml0Lm1wNBUCAsgBEgAoABgAGwKIB3VzZV9vaWwBMRJwcm9ncmVzc2l2ZV9yZWNpcGUBMRUAACbWyau5lfOhAxUCKAJDMywXQFP7tkWhysEYGWRhc2hfaDI2NC1iYXNpYy1nZW4yXzcyMHARAHUAZbaeAQA&_nc_gid=8yOHnHRefR-P4LN072ZhYQ&_nc_ss=7f289&_nc_zt=28&oh=00_AQBEv5cMIEXb7q8-YrtOn6QCAZvNyUS-y5wxZwP3BAmWHg&oe=6A53BBBF,https://scontent.fblr22-1.fna.fbcdn.net/v/t39.35426-6/740205761_4639479579670650_1869345230203774787_n.jpg?_nc_cat=104&ccb=1-7&_nc_sid=c53f8f&_nc_ohc=npynuEb-uTIQ7kNvwHkijU1&_nc_oc=AdqMR6Gt7hLy089gOoaZWwHzw8wTixrfElVSbnbtsq__u7yKZY47XVaP-zLYlBShQS0&_nc_zt=14&_nc_ht=scontent.fblr22-1.fna&_nc_gid=8yOHnHRefR-P4LN072ZhYQ&_nc_ss=7f289&oh=00_AQBr2ITSjUXv_UxyUrqG4Yi-MY3EbIadi74CEpC_9KWC3w&oe=6A53CB1F,2026-07-12T16:07:27.000Z,2026-07-08
143,142,Lingo AI,599204246602758,Lingo AI,,IN,1016181760769430,https://www.facebook.com/ads/library/?id=1016181760769430,2026-06-24,,true,false,1,0,,2026-06-24,,"🌍 Learn real English for everyday life 
🗣 Practice speaking with simple lessons 
⏱ Just 5 minutes a day
👉 Download now",👇 Start now,Download,https://speaklearnfrenchlingoai.onelink.me/Y67n?pid=metaweb_int&c={{campaign.name}}&af_c_id={{campaign.id}}&af_adset={{adset.name}}&af_adset_id={{adset.id}}&af_ad={{ad.name}}&af_ad_id={{ad.id}}&af_siteid={{site_source_name}},"Facebook,Instagram,Audience Network,Messenger,Threads","🌍 Learn real English for everyday life 
🗣 Practice speaking with simple lessons 
⏱ Just 5 minutes a day
👉 Download now",👇 Start now,Download,https://speaklearnfrenchlingoai.onelink.me/Y67n?pid=metaweb_int&c={{campaign.name}}&af_c_id={{campaign.id}}&af_adset={{adset.name}}&af_adset_id={{adset.id}}&af_ad={{ad.name}}&af_ad_id={{ad.id}}&af_siteid={{site_source_name}},Video,"Facebook,Instagram,Audience Network,Messenger,Threads",1,0,9:16,https://video.fblr22-2.fna.fbcdn.net/o1/v/t2/f2/m366/AQMLdegYVQx-wQan3OIsvkHfqHHzVEMq31wI0WLqQkncJnpMSb5l_iEXhtVApBbxn8bFbewTbte-t75gyTKdk8eXGMAmykoL28ei0ImnphmjlA.mp4?_nc_cat=110&_nc_oc=AdpAU5e12bkOJYKU5aWsKyKk08kK7tdMaFGVPdDqHp9dUxTjOsBr8N1w_ofY_ImtkFU&_nc_sid=b66105&_nc_ht=video.fblr22-2.fna.fbcdn.net&_nc_ohc=bn7siwcWXMQQ7kNvwHziHy3&efg=eyJ2ZW5jb2RlX3RhZyI6Inhwdl9wcm9ncmVzc2l2ZS5WSV9VU0VDQVNFX1BST0RVQ1RfVFlQRS4uQzMuNzIwLmRhc2hfaDI2NC1iYXNpYy1nZW4yXzcyMHAiLCJ4cHZfYXNzZXRfaWQiOjE3NTU5NDQyODg5MTI4MjQsImFzc2V0X2FnZV9kYXlzIjoxNSwidmlfdXNlY2FzZV9pZCI6MTAxMzksImR1cmF0aW9uX3MiOjI2LCJ1cmxnZW5fc291cmNlIjoid3d3In0%3D&ccb=17-1&vs=da3ee35aea1c0cc3&_nc_vs=HBksFQIYRWZiX2VwaGVtZXJhbC85QzQ5NzI0ODYwNTJENjZENDIwMzBDOEMzREZEOTNCRV9tdF8xX3ZpZGVvX2Rhc2hpbml0Lm1wNBUAAsgBEgAVAhhAZmJfcGVybWFuZW50L0VGNEQ0MkVDODc3RDdCNDZGRDRBNzI3RUM3NUY1MzkzX2F1ZGlvX2Rhc2hpbml0Lm1wNBUCAsgBEgAoABgAGwKIB3VzZV9vaWwBMRJwcm9ncmVzc2l2ZV9yZWNpcGUBMRUAACbwlrC5tMGeBhUCKAJDMywXQDoQ5WBBiTcYGWRhc2hfaDI2NC1iYXNpYy1nZW4yXzcyMHARAHUAZbaeAQA&_nc_gid=8yOHnHRefR-P4LN072ZhYQ&_nc_ss=7f289&_nc_zt=28&oh=00_AQBSSWG5rZn5UcWN6MAUTakau0PkQFXTpY991WSJ2rnvrw&oe=6A53CAF6,https://scontent.fblr22-2.fna.fbcdn.net/v/t39.35426-6/729939748_2091412085591918_3132262698355348447_n.jpg?_nc_cat=100&ccb=1-7&_nc_sid=c53f8f&_nc_ohc=N4laBDyGABYQ7kNvwEijpzU&_nc_oc=Adq_lVkAoVj3NtIyi6i8KBrKILqakL3JzWfYpFMciWhjRQis33ePdsjoqrRiLOuFg94&_nc_zt=14&_nc_ht=scontent.fblr22-2.fna&_nc_gid=8yOHnHRefR-P4LN072ZhYQ&_nc_ss=7f289&oh=00_AQAPsUDQFlMPIjbr_sNdrNJdpOuXcg8ir_xLU1VFtAu3bg&oe=6A53E848,2026-07-12T17:12:22.000Z,2026-07-08
144,143,Lingo AI,599204246602758,Lingo AI,,IN,1652983826434632,https://www.facebook.com/ads/library/?id=1652983826434632,2026-06-30,,true,false,1,0,,2026-06-30,,"📘 Aprenda inglês facilmente com lições simples
😊 Ganhe confiança com a prática diária de conversação
👉 Baixe agora",👉 Baixe agora,Download,https://speaklearnfrenchlingoai.onelink.me/Y67n?pid=metaweb_int&c={{campaign.name}}&af_c_id={{campaign.id}}&af_adset={{adset.name}}&af_adset_id={{adset.id}}&af_ad={{ad.name}}&af_ad_id={{ad.id}}&af_siteid={{site_source_name}},"Facebook,Instagram,Audience Network,Messenger,Threads","📘 Aprenda inglês facilmente com lições simples
😊 Ganhe confiança com a prática diária de conversação
👉 Baixe agora",👉 Baixe agora,Download,https://speaklearnfrenchlingoai.onelink.me/Y67n?pid=metaweb_int&c={{campaign.name}}&af_c_id={{campaign.id}}&af_adset={{adset.name}}&af_adset_id={{adset.id}}&af_ad={{ad.name}}&af_ad_id={{ad.id}}&af_siteid={{site_source_name}},Video,"Facebook,Instagram,Audience Network,Messenger,Threads",1,0,9:16,https://video.fblr22-2.fna.fbcdn.net/o1/v/t2/f2/m366/AQO-y0_RbwvakbcTWKdCvjco556WFVfXLk2AHXvC9Hswj0qC18bpAfrcv18jA2aC0iJcW74UHxKeAWOc1LpMZ2e60YZGaa_aCBG8PvXochu-9g.mp4?_nc_cat=105&_nc_oc=AdrjIXR_STEMi9Rl-g630Sg-5t5sPLMPLyXfeZblxSXyAV1ihxLx95j2dcdAX_MkfdM&_nc_sid=b66105&_nc_ht=video.fblr22-2.fna.fbcdn.net&_nc_ohc=P9aIZ8vdzCQQ7kNvwHqbEmf&efg=eyJ2ZW5jb2RlX3RhZyI6Inhwdl9wcm9ncmVzc2l2ZS5WSV9VU0VDQVNFX1BST0RVQ1RfVFlQRS4uQzMuNjA4LmRhc2hfaDI2NC1iYXNpYy1nZW4yXzcyMHAiLCJ4cHZfYXNzZXRfaWQiOjIzMTE3MjQ1NTYwMjk0NDEsImFzc2V0X2FnZV9kYXlzIjo2LCJ2aV91c2VjYXNlX2lkIjoxMDEzOSwiZHVyYXRpb25fcyI6MjAsInVybGdlbl9zb3VyY2UiOiJ3d3cifQ%3D%3D&ccb=17-1&vs=a5b8312c022d26bb&_nc_vs=HBksFQIYRWZiX2VwaGVtZXJhbC83OTRDQTlBMjY0OEIwRjBCRTE4OTk4QTE5Q0VCNUI4M19tdF8xX3ZpZGVvX2Rhc2hpbml0Lm1wNBUAAsgBEgAVAhhAZmJfcGVybWFuZW50LzA1NENBMkFDRTAxMjdDMDk1NDlBQ0EwNzVBOTBENkJEX2F1ZGlvX2Rhc2hpbml0Lm1wNBUCAsgBEgAoABgAGwKIB3VzZV9vaWwBMRJwcm9ncmVzc2l2ZV9yZWNpcGUBMRUAACaCuNiPiqCbCBUCKAJDMywXQDSqfvnbItEYGWRhc2hfaDI2NC1iYXNpYy1nZW4yXzcyMHARAHUAZbaeAQA&_nc_gid=8yOHnHRefR-P4LN072ZhYQ&_nc_ss=7f289&_nc_zt=28&oh=00_AQAGTMgb1i_2DE0FXvYzU0vZeiveH0Pl5oTLlAJFMA02wg&oe=6A53E85B,https://scontent.fblr22-1.fna.fbcdn.net/v/t39.35426-6/735430053_1354563580208820_6292505942443956525_n.jpg?_nc_cat=109&ccb=1-7&_nc_sid=c53f8f&_nc_ohc=m7FAhlWyZTsQ7kNvwHn_33t&_nc_oc=AdovbYcETZVLLybF34fkI0rtWl_VYcCNdGTFQzg44twC9S1kqpKr6lKT0OVM4RSScvA&_nc_zt=14&_nc_ht=scontent.fblr22-1.fna&_nc_gid=8yOHnHRefR-P4LN072ZhYQ&_nc_ss=7f289&oh=00_AQCAQvT_3ARFZlPWqMNQCAG-h6kYx3oQSrFgcaPqgOJ7KQ&oe=6A53EB54,2026-07-12T19:17:47.000Z,2026-07-08
145,144,Lingo AI,599204246602758,Lingo AI,,IN,1020530707016423,https://www.facebook.com/ads/library/?id=1020530707016423,2026-07-06,,false,false,1,0,,2026-07-06,,"🌍 Learn real English for everyday life 
🗣 Practice speaking with simple lessons 
⏱ Just 5 minutes a day 
👉 Download now",👉 Download now,Download,https://speaklearnfrenchlingoai.onelink.me/Y67n?pid=metaweb_int&c={{campaign.name}}&af_c_id={{campaign.id}}&af_adset={{adset.name}}&af_adset_id={{adset.id}}&af_ad={{ad.name}}&af_ad_id={{ad.id}}&af_siteid={{site_source_name}},"Facebook,Instagram,Audience Network,Messenger,Threads","🌍 Learn real English for everyday life 
🗣 Practice speaking with simple lessons 
⏱ Just 5 minutes a day 
👉 Download now",👉 Download now,Download,https://speaklearnfrenchlingoai.onelink.me/Y67n?pid=metaweb_int&c={{campaign.name}}&af_c_id={{campaign.id}}&af_adset={{adset.name}}&af_adset_id={{adset.id}}&af_ad={{ad.name}}&af_ad_id={{ad.id}}&af_siteid={{site_source_name}},Video,"Facebook,Instagram,Audience Network,Messenger,Threads",1,0,9:16,https://video.fblr22-1.fna.fbcdn.net/o1/v/t2/f2/m366/AQPRrbetW0JMZUzXGyWZbw2lZ0TU_X0hcxwk_L22lW7vVl9_ehbqjT_9og16E5RGVGI9QPcz_f1COkDvJd40tQi0za9LG0sbfKl--1-p0tlw3Q.mp4?_nc_cat=104&_nc_oc=Adrs373IQUcbHsUHpIc_D6_e_PvUqf0_WhlKgiRhPIpwtg5_cPRes65Vpr8EX9bbGfg&_nc_sid=b66105&_nc_ht=video.fblr22-1.fna.fbcdn.net&_nc_ohc=1uhFICkSz3AQ7kNvwHn5MX8&efg=eyJ2ZW5jb2RlX3RhZyI6Inhwdl9wcm9ncmVzc2l2ZS5WSV9VU0VDQVNFX1BST0RVQ1RfVFlQRS4uQzMuNjA4LmRhc2hfaDI2NC1iYXNpYy1nZW4yXzcyMHAiLCJ4cHZfYXNzZXRfaWQiOjE2MzQwMzMzMDc2OTM4OTAsImFzc2V0X2FnZV9kYXlzIjo1LCJ2aV91c2VjYXNlX2lkIjoxMDEzOSwiZHVyYXRpb25fcyI6NDMsInVybGdlbl9zb3VyY2UiOiJ3d3cifQ%3D%3D&ccb=17-1&vs=ee33ba00bbd31689&_nc_vs=HBksFQIYRWZiX2VwaGVtZXJhbC9FNDRFNUY4OTg0RjQzQTcxNzI5MTQ4RTk4NTk1RjdCNl9tdF8xX3ZpZGVvX2Rhc2hpbml0Lm1wNBUAAsgBEgAVAhhAZmJfcGVybWFuZW50LzNFNEU2NjU2RjNFNUUzMTg3NTUzQzlDMDgwM0I3RUI0X2F1ZGlvX2Rhc2hpbml0Lm1wNBUCAsgBEgAoABgAGwKIB3VzZV9vaWwBMRJwcm9ncmVzc2l2ZV9yZWNpcGUBMRUAACaEzdntoInnBRUCKAJDMywXQEXmZmZmZmYYGWRhc2hfaDI2NC1iYXNpYy1nZW4yXzcyMHARAHUAZbaeAQA&_nc_gid=8yOHnHRefR-P4LN072ZhYQ&_nc_ss=7f289&_nc_zt=28&oh=00_AQA25ePsEfQllewdl0xbJ3mj-s_ObX2yylmPppoC3c_owg&oe=6A53F188,https://scontent.fblr22-1.fna.fbcdn.net/v/t39.35426-6/737528954_1570569641347779_3221253762336879421_n.jpg?_nc_cat=101&ccb=1-7&_nc_sid=c53f8f&_nc_ohc=QaMR6jtp-N4Q7kNvwGfIK57&_nc_oc=AdpFVM-LNMwsTN9F8VSQza-UWzDZp3AH8go4QkZNCSZQveNyeXdXX_ZFRbp9viKAITU&_nc_zt=14&_nc_ht=scontent.fblr22-1.fna&_nc_gid=8yOHnHRefR-P4LN072ZhYQ&_nc_ss=7f289&oh=00_AQBTgdNTAmfB5XG_h2WNYji7nh1v8dT6DTCw8FJv0bXJbg&oe=6A53F340,2026-07-12T19:56:56.000Z,2026-07-08
146,145,Lingo AI,599204246602758,Lingo AI,,IN,2039412566650201,https://www.facebook.com/ads/library/?id=2039412566650201,2026-07-06,,true,false,1,0,,2026-07-06,,"📘 Learn English easily with simple lessons 
😊 Build confidence with everyday speaking practice 
👉 Download now",👉 Download now,Download,https://speaklearnfrenchlingoai.onelink.me/Y67n?pid=metaweb_int&c={{campaign.name}}&af_c_id={{campaign.id}}&af_adset={{adset.name}}&af_adset_id={{adset.id}}&af_ad={{ad.name}}&af_ad_id={{ad.id}}&af_siteid={{site_source_name}},"Facebook,Instagram,Audience Network,Messenger,Threads","📘 Learn English easily with simple lessons 
😊 Build confidence with everyday speaking practice 
👉 Download now",👉 Download now,Download,https://speaklearnfrenchlingoai.onelink.me/Y67n?pid=metaweb_int&c={{campaign.name}}&af_c_id={{campaign.id}}&af_adset={{adset.name}}&af_adset_id={{adset.id}}&af_ad={{ad.name}}&af_ad_id={{ad.id}}&af_siteid={{site_source_name}},Video,"Facebook,Instagram,Audience Network,Messenger,Threads",1,0,9:16,https://video.fblr22-1.fna.fbcdn.net/o1/v/t2/f2/m366/AQOCo9RS2rBmy02WXpga0VsTsGIoL4GJ_saI1STeJSBDcrAVtazNXmudkh0m3quphjJsbrVL7Rgu2MkyjFqiWRnUeuPsMrczaxxEuVDP27XFMg.mp4?_nc_cat=109&_nc_oc=AdqwNSA7iGyDqnnle1HHDnHqGt7ZDEHi_BEyR9ThAELg9YSZF7ueHd3otATLDFEBkgk&_nc_sid=b66105&_nc_ht=video.fblr22-1.fna.fbcdn.net&_nc_ohc=JolzvhV0Ef4Q7kNvwG7FC33&efg=eyJ2ZW5jb2RlX3RhZyI6Inhwdl9wcm9ncmVzc2l2ZS5WSV9VU0VDQVNFX1BST0RVQ1RfVFlQRS4uQzMuNzIwLmRhc2hfaDI2NC1iYXNpYy1nZW4yXzcyMHAiLCJ4cHZfYXNzZXRfaWQiOjEzNDA0NTgwMzA5NDQxMTgsImFzc2V0X2FnZV9kYXlzIjowLCJ2aV91c2VjYXNlX2lkIjoxMDEzOSwiZHVyYXRpb25fcyI6ODYsInVybGdlbl9zb3VyY2UiOiJ3d3cifQ%3D%3D&ccb=17-1&vs=b69accfb42e0b9db&_nc_vs=HBksFQIYRWZiX2VwaGVtZXJhbC84RjRDODMwQkNDREUzRjBFRjBGRDJEM0ZCQjk5MzNCN19tdF8xX3ZpZGVvX2Rhc2hpbml0Lm1wNBUAAsgBEgAVAhhAZmJfcGVybWFuZW50L0E0NDNDMzBCRUU2ODgyNjNGNEJERTVCMjYzQzU4RDk5X2F1ZGlvX2Rhc2hpbml0Lm1wNBUCAsgBEgAoABgAGwKIB3VzZV9vaWwBMRJwcm9ncmVzc2l2ZV9yZWNpcGUBMRUAACbsvarM9sjhBBUCKAJDMywXQFWMzMzMzM0YGWRhc2hfaDI2NC1iYXNpYy1nZW4yXzcyMHARAHUAZbaeAQA&_nc_gid=8yOHnHRefR-P4LN072ZhYQ&_nc_ss=7f289&_nc_zt=28&oh=00_AQDiGExXX97QnkRmp7IozhqHNEaTAaNqjSzVyKynK688Ug&oe=6A53CC6F,https://scontent.fblr22-2.fna.fbcdn.net/v/t39.35426-6/741325011_2778504779185197_6720243710088068488_n.jpg?_nc_cat=105&ccb=1-7&_nc_sid=c53f8f&_nc_ohc=Zhh2CbxgVh4Q7kNvwHhNWCp&_nc_oc=Adqq1MX8R5m21UOV_ul7fFMQIjO43exLxG-3JmIYatmYBMduPEDZ01EMloXC_EzIAEE&_nc_zt=14&_nc_ht=scontent.fblr22-2.fna&_nc_gid=8yOHnHRefR-P4LN072ZhYQ&_nc_ss=7f289&oh=00_AQD4VkKDPhjHKd1xpOLHynGmX5cvbRAXIMJvgs2nF4nqyQ&oe=6A53CD79,2026-07-12T17:18:39.000Z,2026-07-08
147,146,Lingo AI,599204246602758,Lingo AI,,IN,1016600137901431,https://www.facebook.com/ads/library/?id=1016600137901431,2026-07-01,,true,false,1,0,,2026-07-01,,"🌍 Learn real English for everyday life 
🗣 Practice speaking with simple lessons 
⏱ Just 5 minutes a day 
👉 Download now",👉 Download now,Download,https://speaklearnfrenchlingoai.onelink.me/Y67n?pid=metaweb_int&c={{campaign.name}}&af_c_id={{campaign.id}}&af_adset={{adset.name}}&af_adset_id={{adset.id}}&af_ad={{ad.name}}&af_ad_id={{ad.id}}&af_siteid={{site_source_name}},"Facebook,Instagram,Audience Network,Messenger,Threads","🌍 Learn real English for everyday life 
🗣 Practice speaking with simple lessons 
⏱ Just 5 minutes a day 
👉 Download now",👉 Download now,Download,https://speaklearnfrenchlingoai.onelink.me/Y67n?pid=metaweb_int&c={{campaign.name}}&af_c_id={{campaign.id}}&af_adset={{adset.name}}&af_adset_id={{adset.id}}&af_ad={{ad.name}}&af_ad_id={{ad.id}}&af_siteid={{site_source_name}},Video,"Facebook,Instagram,Audience Network,Messenger,Threads",1,0,9:16,https://video.fblr22-2.fna.fbcdn.net/o1/v/t2/f2/m366/AQNBPmJlZ_ni_0LIpnRK_B0zOJfEa7GtrI1HwuU06XjOoIqeGpICgjhGM28FFuWFVuFvQGr14edrYvyou9aSxDkvw8NDd9Hc9gZTjnpD3iyHjw.mp4?_nc_cat=100&_nc_oc=AdrrcbY5bWAWgkU6o353BHcWYWtQdLENeDgaPR7L2KUO0DTWQK0OyoZeWV_S7ry4ipc&_nc_sid=b66105&_nc_ht=video.fblr22-2.fna.fbcdn.net&_nc_ohc=_Z6F7MgdVCQQ7kNvwHzE6rR&efg=eyJ2ZW5jb2RlX3RhZyI6Inhwdl9wcm9ncmVzc2l2ZS5WSV9VU0VDQVNFX1BST0RVQ1RfVFlQRS4uQzMuNjA4LmRhc2hfaDI2NC1iYXNpYy1nZW4yXzcyMHAiLCJ4cHZfYXNzZXRfaWQiOjE1NTA4ODkyMzY0MTg4NzMsImFzc2V0X2FnZV9kYXlzIjo1LCJ2aV91c2VjYXNlX2lkIjoxMDEzOSwiZHVyYXRpb25fcyI6MjMsInVybGdlbl9zb3VyY2UiOiJ3d3cifQ%3D%3D&ccb=17-1&vs=4f6b21989d8c89fd&_nc_vs=HBksFQIYRWZiX2VwaGVtZXJhbC8yRDRDODdEQzIzQzBBMjhFMUU4OTdBOTJDMjQ0NDA4MF9tdF8xX3ZpZGVvX2Rhc2hpbml0Lm1wNBUAAsgBEgAVAhhAZmJfcGVybWFuZW50L0FGNDcxODY1N0JGNjY3NjdCOTQyMjg4NDRFODZEQ0EwX2F1ZGlvX2Rhc2hpbml0Lm1wNBUCAsgBEgAoABgAGwKIB3VzZV9vaWwBMRJwcm9ncmVzc2l2ZV9yZWNpcGUBMRUAACbyxK6g0aHBBRUCKAJDMywXQDfMzMzMzM0YGWRhc2hfaDI2NC1iYXNpYy1nZW4yXzcyMHARAHUAZbaeAQA&_nc_gid=8yOHnHRefR-P4LN072ZhYQ&_nc_ss=7f289&_nc_zt=28&oh=00_AQApeABejQ2JMJA9u2fktf9wem6L4sn67tcUayhU_EDZZA&oe=6A53CC58,https://scontent.fblr22-1.fna.fbcdn.net/v/t39.35426-6/735595045_986258607746562_6291893836696808511_n.jpg?_nc_cat=102&ccb=1-7&_nc_sid=c53f8f&_nc_ohc=QGvNiq70F9EQ7kNvwH-ZODF&_nc_oc=Adpf9IfAkelMkMI-ZxLkPID6ZDh0bZviN94sxS7RYO1mvh1iE-tWQz0sazU1hRIFm2k&_nc_zt=14&_nc_ht=scontent.fblr22-1.fna&_nc_gid=8yOHnHRefR-P4LN072ZhYQ&_nc_ss=7f289&oh=00_AQCAqlzUP7AzijjmuEUQs6BYxFcAIAMcJsP0zTM_laM6Ew&oe=6A53EF7F,2026-07-12T17:18:16.000Z,2026-07-08
148,147,Lingo AI,599204246602758,Lingo AI,,IN,1337840091790742,https://www.facebook.com/ads/library/?id=1337840091790742,2026-07-03,,true,false,1,0,,2026-07-03,,"📘 Learn English easily with simple lessons 
😊 Build confidence with everyday speaking practice 
👉 Download now",👉 Download now,Download,https://speaklearnfrenchlingoai.onelink.me/Y67n?pid=metaweb_int&c={{campaign.name}}&af_c_id={{campaign.id}}&af_adset={{adset.name}}&af_adset_id={{adset.id}}&af_ad={{ad.name}}&af_ad_id={{ad.id}}&af_siteid={{site_source_name}},"Facebook,Instagram,Audience Network,Messenger,Threads","📘 Learn English easily with simple lessons 
😊 Build confidence with everyday speaking practice 
👉 Download now",👉 Download now,Download,https://speaklearnfrenchlingoai.onelink.me/Y67n?pid=metaweb_int&c={{campaign.name}}&af_c_id={{campaign.id}}&af_adset={{adset.name}}&af_adset_id={{adset.id}}&af_ad={{ad.name}}&af_ad_id={{ad.id}}&af_siteid={{site_source_name}},Video,"Facebook,Instagram,Audience Network,Messenger,Threads",1,0,9:16,https://video.fblr22-1.fna.fbcdn.net/o1/v/t2/f2/m366/AQMWf8_AYwvxrSpvieJ0YZnazdD8qGt104bJo7PMMl-8gMSRZeMjIlrHllnpwBB6HKjNHoO9ujMfGT5WAtNyUuzr4_BaBMapjhjZq6Hvp3uOdA.mp4?_nc_cat=102&_nc_oc=AdrHMKPe7DMYuecbaCyhJReV7BY2g33_Yk2QslXgUZ_iCe3lw_9oS10dlv4SqkXRIUM&_nc_sid=b66105&_nc_ht=video.fblr22-1.fna.fbcdn.net&_nc_ohc=xSjv7qisIpcQ7kNvwGXt20W&efg=eyJ2ZW5jb2RlX3RhZyI6Inhwdl9wcm9ncmVzc2l2ZS5WSV9VU0VDQVNFX1BST0RVQ1RfVFlQRS4uQzMuNzIwLmRhc2hfaDI2NC1iYXNpYy1nZW4yXzcyMHAiLCJ4cHZfYXNzZXRfaWQiOjE2NjY1MTA0OTc3OTkzNjEsImFzc2V0X2FnZV9kYXlzIjo0LCJ2aV91c2VjYXNlX2lkIjoxMDEzOSwiZHVyYXRpb25fcyI6NDgsInVybGdlbl9zb3VyY2UiOiJ3d3cifQ%3D%3D&ccb=17-1&vs=6079c1ec9ad5a554&_nc_vs=HBksFQIYRWZiX2VwaGVtZXJhbC8yMTRFREMzRDZEQ0Q4Q0IwODNGQkJENjk0RjE0NDRBOF9tdF8xX3ZpZGVvX2Rhc2hpbml0Lm1wNBUAAsgBEgAVAhhAZmJfcGVybWFuZW50L0JENDRFM0E4OUQ4QzE0NUZEQjE2MTYzODIxQzRGM0I2X2F1ZGlvX2Rhc2hpbml0Lm1wNBUCAsgBEgAoABgAGwKIB3VzZV9vaWwBMRJwcm9ncmVzc2l2ZV9yZWNpcGUBMRUAACaC8-Lj1uv1BRUCKAJDMywXQEhIcrAgxJwYGWRhc2hfaDI2NC1iYXNpYy1nZW4yXzcyMHARAHUAZbaeAQA&_nc_gid=8yOHnHRefR-P4LN072ZhYQ&_nc_ss=7f289&_nc_zt=28&oh=00_AQDiJJhG9mWlxO1XoZjPQbgBcsl4vvbYyx4GPO3cVJVW0Q&oe=6A53F35E,https://scontent.fblr22-2.fna.fbcdn.net/v/t39.35426-6/738158399_1232746412197659_4696931241497892457_n.jpg?_nc_cat=100&ccb=1-7&_nc_sid=c53f8f&_nc_ohc=1kNsbRHGPk4Q7kNvwHckfj-&_nc_oc=Adr9bTf9OLjYLc-kRbD11fR0BKUwgO73a0eYNkMI_EpFqGcR7Hh6x0-yCELLg03Okxg&_nc_zt=14&_nc_ht=scontent.fblr22-2.fna&_nc_gid=8yOHnHRefR-P4LN072ZhYQ&_nc_ss=7f289&oh=00_AQA3pK0WsfZzVVkh3rompJgXUWp81alA7KmficNLTwhT2A&oe=6A53C15E,2026-07-12T20:04:46.000Z,2026-07-08
149,148,Lingo AI,599204246602758,Lingo AI,,IN,1700427231075832,https://www.facebook.com/ads/library/?id=1700427231075832,2026-07-01,,true,false,1,0,,2026-07-01,,"🌍 Learn real English for everyday life 
🗣 Practice speaking with simple lessons 
⏱ Just 5 minutes a day 
👉 Download now",👉 Download now,Download,https://speaklearnfrenchlingoai.onelink.me/Y67n?pid=metaweb_int&c={{campaign.name}}&af_c_id={{campaign.id}}&af_adset={{adset.name}}&af_adset_id={{adset.id}}&af_ad={{ad.name}}&af_ad_id={{ad.id}}&af_siteid={{site_source_name}},"Facebook,Instagram,Audience Network,Messenger,Threads","🌍 Learn real English for everyday life 
🗣 Practice speaking with simple lessons 
⏱ Just 5 minutes a day 
👉 Download now",👉 Download now,Download,https://speaklearnfrenchlingoai.onelink.me/Y67n?pid=metaweb_int&c={{campaign.name}}&af_c_id={{campaign.id}}&af_adset={{adset.name}}&af_adset_id={{adset.id}}&af_ad={{ad.name}}&af_ad_id={{ad.id}}&af_siteid={{site_source_name}},Video,"Facebook,Instagram,Audience Network,Messenger,Threads",1,0,9:16,https://video.fblr22-1.fna.fbcdn.net/o1/v/t2/f2/m366/AQOIC5L5WwWN_-ipLtvz6qQhAacTfUlJTc1yFu0kTN4vBMxBdusc6IqwkFXG2M0XEGV_YxMgII9wubsgaDDj5u1K2G9h-7OEqRl_LLN8aiPabg.mp4?_nc_cat=106&_nc_oc=Adrii4GCOO_4aFZgozltT5cL_yyfzTZHDlqq6yryKRvLiSQDAewhi3_TY8C2kOfcblQ&_nc_sid=b66105&_nc_ht=video.fblr22-1.fna.fbcdn.net&_nc_ohc=7rTchAmhJ_wQ7kNvwEJWFi6&efg=eyJ2ZW5jb2RlX3RhZyI6Inhwdl9wcm9ncmVzc2l2ZS5WSV9VU0VDQVNFX1BST0RVQ1RfVFlQRS4uQzMuNjA4LmRhc2hfaDI2NC1iYXNpYy1nZW4yXzcyMHAiLCJ4cHZfYXNzZXRfaWQiOjE2NzE0MjE5Nzc0ODIyNTEsImFzc2V0X2FnZV9kYXlzIjo1LCJ2aV91c2VjYXNlX2lkIjoxMDEzOSwiZHVyYXRpb25fcyI6MjcsInVybGdlbl9zb3VyY2UiOiJ3d3cifQ%3D%3D&ccb=17-1&vs=dc1c7b1ed3bfe0d&_nc_vs=HBksFQIYRWZiX2VwaGVtZXJhbC8zNDQ5NkQ4MjY5RDE5NzdBMUU2MzEzMjBCQzRENTU5MF9tdF8xX3ZpZGVvX2Rhc2hpbml0Lm1wNBUAAsgBEgAVAhhAZmJfcGVybWFuZW50L0M4NDZEMURFM0RENDU3Q0U4QTMwMjUwQzNGMTJCNEJGX2F1ZGlvX2Rhc2hpbml0Lm1wNBUCAsgBEgAoABgAGwKIB3VzZV9vaWwBMRJwcm9ncmVzc2l2ZV9yZWNpcGUBMRUAACaW0OaTyIn4BRUCKAJDMywXQDsIcrAgxJwYGWRhc2hfaDI2NC1iYXNpYy1nZW4yXzcyMHARAHUAZbaeAQA&_nc_gid=8yOHnHRefR-P4LN072ZhYQ&_nc_ss=7f289&_nc_zt=28&oh=00_AQCdyDVpu6gK4ltJ5facG5WtiEL4390vyJarEIJ1OYl2Sg&oe=6A53C12E,https://scontent.fblr22-1.fna.fbcdn.net/v/t39.35426-6/734455778_1572196177838812_9197269681392823664_n.jpg?_nc_cat=108&ccb=1-7&_nc_sid=c53f8f&_nc_ohc=P9qXw1V2tjsQ7kNvwEF2WFl&_nc_oc=Adp6P_u61mNqMClMi6uX-7ootBWSTKf6cS38i7Dwf9cv1khMkPDl83yCA2tPp5GeT-0&_nc_zt=14&_nc_ht=scontent.fblr22-1.fna&_nc_gid=8yOHnHRefR-P4LN072ZhYQ&_nc_ss=7f289&oh=00_AQAug4zxYlCVR_jxBla_2e5mTjJ8gTp5tPo-AEjGUQT5bw&oe=6A53C878,2026-07-12T16:30:38.000Z,2026-07-08
150,149,Lingo AI,599204246602758,Lingo AI,,IN,27373568072342287,https://www.facebook.com/ads/library/?id=27373568072342287,2026-07-06,,false,false,1,0,,2026-07-06,,"📘 Learn English easily with simple lessons 
😊 Build confidence with everyday speaking practice 
👉 Download now",👉 Download now,Download,https://speaklearnfrenchlingoai.onelink.me/Y67n?pid=metaweb_int&c={{campaign.name}}&af_c_id={{campaign.id}}&af_adset={{adset.name}}&af_adset_id={{adset.id}}&af_ad={{ad.name}}&af_ad_id={{ad.id}}&af_siteid={{site_source_name}},"Facebook,Instagram,Audience Network,Messenger,Threads","📘 Learn English easily with simple lessons 
😊 Build confidence with everyday speaking practice 
👉 Download now",👉 Download now,Download,https://speaklearnfrenchlingoai.onelink.me/Y67n?pid=metaweb_int&c={{campaign.name}}&af_c_id={{campaign.id}}&af_adset={{adset.name}}&af_adset_id={{adset.id}}&af_ad={{ad.name}}&af_ad_id={{ad.id}}&af_siteid={{site_source_name}},Video,"Facebook,Instagram,Audience Network,Messenger,Threads",1,0,9:16,https://video.fblr22-1.fna.fbcdn.net/o1/v/t2/f2/m366/AQMVvRnQ8P5tcHtw3D-xU0dQ4P7NoouzHRomVg_qB1xDw70sWGFGIRoun3qmbfRjkcUrR8S-DcbfL0is--R-BatJBM1ddOHIAgZDj-vpMo8W_A.mp4?_nc_cat=106&_nc_oc=AdpTylSDFKuVbLNc_e4hUMGkssU8CwgrS2sVWnCMsMHU6HBXYjZqiuHT0TZzUm2zDkU&_nc_sid=b66105&_nc_ht=video.fblr22-1.fna.fbcdn.net&_nc_ohc=3NxjobEPl9kQ7kNvwEU9Xjp&efg=eyJ2ZW5jb2RlX3RhZyI6Inhwdl9wcm9ncmVzc2l2ZS5WSV9VU0VDQVNFX1BST0RVQ1RfVFlQRS4uQzMuNzIwLmRhc2hfaDI2NC1iYXNpYy1nZW4yXzcyMHAiLCJ4cHZfYXNzZXRfaWQiOjE2NTE1ODM5NTkyMzYxNDAsImFzc2V0X2FnZV9kYXlzIjowLCJ2aV91c2VjYXNlX2lkIjoxMDEzOSwiZHVyYXRpb25fcyI6MTAzLCJ1cmxnZW5fc291cmNlIjoid3d3In0%3D&ccb=17-1&vs=97620147d8420425&_nc_vs=HBksFQIYRWZiX2VwaGVtZXJhbC9DQTRCRjIwQzk3NkMxQUEwMkVFOUIwMTY5MTJDNjdCRV9tdF8xX3ZpZGVvX2Rhc2hpbml0Lm1wNBUAAsgBEgAVAhhAZmJfcGVybWFuZW50LzVCNEM1RkUwNUFFM0U3QzBDMUY3QTYzOUI2QzVGMDlEX2F1ZGlvX2Rhc2hpbml0Lm1wNBUCAsgBEgAoABgAGwKIB3VzZV9vaWwBMRJwcm9ncmVzc2l2ZV9yZWNpcGUBMRUAACbY-Kez64bvBRUCKAJDMywXQFnu6XjU_fQYGWRhc2hfaDI2NC1iYXNpYy1nZW4yXzcyMHARAHUAZbaeAQA&_nc_gid=8yOHnHRefR-P4LN072ZhYQ&_nc_ss=7f289&_nc_zt=28&oh=00_AQAanWz-H-7QWESO0uYhPqZOCnSEDkZifXXZsXnwfOCEXQ&oe=6A53DCC2,https://scontent.fblr22-1.fna.fbcdn.net/v/t39.35426-6/739155825_1576667384200387_4804314714143436681_n.jpg?_nc_cat=109&ccb=1-7&_nc_sid=c53f8f&_nc_ohc=oY6qSBo8ZK4Q7kNvwHjJbhK&_nc_oc=AdoAvG9qcUuM1JBpMJDeoDAxFKUXk7xq-Nh4RMAgrJUSViMb-LkXxO2lM1ghpdEvlbU&_nc_zt=14&_nc_ht=scontent.fblr22-1.fna&_nc_gid=8yOHnHRefR-P4LN072ZhYQ&_nc_ss=7f289&oh=00_AQDQSlbESCeVoZUdPIB1Lc3ITo8Q6Z8TuEBxeyazYWb0_A&oe=6A53C31E,2026-07-12T18:28:18.000Z,2026-07-08
151,150,Lingo AI,599204246602758,Lingo AI,,IN,27452618647721236,https://www.facebook.com/ads/library/?id=27452618647721236,2026-07-05,,false,false,1,0,,2026-07-05,,"😊The best place to learn French language
💼 Boost your French skills in just 5 minutes a day! 
📚The efficient path to fluency.",✨Try it now~,Install now,http://itunes.apple.com/app/id6740255326,"Facebook,Instagram,Audience Network,Messenger,Threads","😊The best place to learn French language
💼 Boost your French skills in just 5 minutes a day! 
📚The efficient path to fluency.",✨Try it now~,Install now,http://itunes.apple.com/app/id6740255326,Video,"Facebook,Instagram,Audience Network,Messenger,Threads",1,0,9:16,https://video.fblr22-1.fna.fbcdn.net/o1/v/t2/f2/m366/AQPI02tHNnyCx_cLo2-JPkM7Tk7-gX5P5mudX5rgyTDH9AUdPMclnvvi2TE4rt-PuOm9HMUtDt7RPCPprUaRAJmIZwOOOxTSJ9oLM0174Q1y_A.mp4?_nc_cat=108&_nc_oc=AdpvR12ufzDOSwzw6_YHnN0XddJJvqsLfngwIPkb7yud1ORAPUPYOchEKrFq9Gf3tVA&_nc_sid=b66105&_nc_ht=video.fblr22-1.fna.fbcdn.net&_nc_ohc=ZAM-MS3LrL4Q7kNvwE2ulW4&efg=eyJ2ZW5jb2RlX3RhZyI6Inhwdl9wcm9ncmVzc2l2ZS5WSV9VU0VDQVNFX1BST0RVQ1RfVFlQRS4uQzMuNzIwLmRhc2hfaDI2NC1iYXNpYy1nZW4yXzcyMHAiLCJ4cHZfYXNzZXRfaWQiOjIyNDg0MzgyNDI1OTM5NzksImFzc2V0X2FnZV9kYXlzIjoyLCJ2aV91c2VjYXNlX2lkIjoxMDEzOSwiZHVyYXRpb25fcyI6NDAsInVybGdlbl9zb3VyY2UiOiJ3d3cifQ%3D%3D&ccb=17-1&vs=5742c8b6f1dcbedc&_nc_vs=HBksFQIYRWZiX2VwaGVtZXJhbC8xQTRENUFGOUM3MDlDMjQ1MTFBQjc4QjhCRDhFNDNBMl9tdF8xX3ZpZGVvX2Rhc2hpbml0Lm1wNBUAAsgBEgAVAhhAZmJfcGVybWFuZW50Lzg0NDBFOTdCNTJFNDE2MzBCNDIzMzI5QjJGQkIyOEI1X2F1ZGlvX2Rhc2hpbml0Lm1wNBUCAsgBEgAoABgAGwKIB3VzZV9vaWwBMRJwcm9ncmVzc2l2ZV9yZWNpcGUBMRUAACb2sv6rqrz-BxUCKAJDMywXQERmZmZmZmYYGWRhc2hfaDI2NC1iYXNpYy1nZW4yXzcyMHARAHUAZbaeAQA&_nc_gid=v3eo9q5i0Fx2pYpmLtaV6w&_nc_ss=7f289&_nc_zt=28&oh=00_AQBk049ZHHNY6ZfoviXJC-WVDXoAgqYQA-nYJZT12_N8Lg&oe=6A53BF5C,https://scontent.fblr22-1.fna.fbcdn.net/v/t39.35426-6/739486998_1321485783300333_4954614940282358619_n.jpg?_nc_cat=101&ccb=1-7&_nc_sid=c53f8f&_nc_ohc=-tMGsuMeohEQ7kNvwHJq6gF&_nc_oc=AdorpEzDd4m6hHxdbJtaBGcS7559IrrMrPhAIvRxj_x040d75W1zTa2h2NN4W---hkE&_nc_zt=14&_nc_ht=scontent.fblr22-1.fna&_nc_gid=v3eo9q5i0Fx2pYpmLtaV6w&_nc_ss=7f289&oh=00_AQBvJZMNBjugQ7u9kP0Uaco-k1cMYewhJMaOBtmMMJfFXQ&oe=6A53D855,2026-07-12T16:22:52.000Z,2026-07-08
152,151,Lingo AI,599204246602758,Lingo AI,,IN,1336049577946625,https://www.facebook.com/ads/library/?id=1336049577946625,2026-06-24,,true,false,1,0,,2026-06-24,,"🌍 Learn real English for everyday life 
🗣 Practice speaking with simple lessons 
⏱ Just 5 minutes a day
👉 Download now",👇 Start now,Download,https://speaklearnfrenchlingoai.onelink.me/Y67n?pid=metaweb_int&c={{campaign.name}}&af_c_id={{campaign.id}}&af_adset={{adset.name}}&af_adset_id={{adset.id}}&af_ad={{ad.name}}&af_ad_id={{ad.id}}&af_siteid={{site_source_name}},"Facebook,Instagram,Audience Network,Messenger,Threads","🌍 Learn real English for everyday life 
🗣 Practice speaking with simple lessons 
⏱ Just 5 minutes a day
👉 Download now",👇 Start now,Download,https://speaklearnfrenchlingoai.onelink.me/Y67n?pid=metaweb_int&c={{campaign.name}}&af_c_id={{campaign.id}}&af_adset={{adset.name}}&af_adset_id={{adset.id}}&af_ad={{ad.name}}&af_ad_id={{ad.id}}&af_siteid={{site_source_name}},Video,"Facebook,Instagram,Audience Network,Messenger,Threads",1,0,9:16,https://video.fblr22-1.fna.fbcdn.net/o1/v/t2/f2/m366/AQNxXp3YaRVB_vSYdqrjog94C4rPHBYyYv2v-ZrHwPbfajYLuW3cQs-VbuBXgzgbJ-FwCTDH1OZXox2S2dSjmvv-LE6IsVtwECgjRXqumB1i-g.mp4?_nc_cat=101&_nc_oc=AdrA6ifRtJY7C6YuFe-GwOJ4OfCUm_Yil4F1b_VXlhKv51uHfAkhQFzYujagQ0L8oHY&_nc_sid=b66105&_nc_ht=video.fblr22-1.fna.fbcdn.net&_nc_ohc=pBP16x3Oth0Q7kNvwEgfym1&efg=eyJ2ZW5jb2RlX3RhZyI6Inhwdl9wcm9ncmVzc2l2ZS5WSV9VU0VDQVNFX1BST0RVQ1RfVFlQRS4uQzMuNzIwLmRhc2hfaDI2NC1iYXNpYy1nZW4yXzcyMHAiLCJ4cHZfYXNzZXRfaWQiOjEzNTc1MzA0OTYzMTYwODgsImFzc2V0X2FnZV9kYXlzIjoxMiwidmlfdXNlY2FzZV9pZCI6MTAxMzksImR1cmF0aW9uX3MiOjIyLCJ1cmxnZW5fc291cmNlIjoid3d3In0%3D&ccb=17-1&vs=55a58c5a7ea80b56&_nc_vs=HBksFQIYRWZiX2VwaGVtZXJhbC80MzQ3MzNBMENGMzUxNjIyMUI3NEY4NThEOTEzQkM4RV9tdF8xX3ZpZGVvX2Rhc2hpbml0Lm1wNBUAAsgBEgAVAhhAZmJfcGVybWFuZW50LzZFNDE0RTNDM0U5QjNBRDBDMjI3NUM0MUYyMkQ1OEIyX2F1ZGlvX2Rhc2hpbml0Lm1wNBUCAsgBEgAoABgAGwKIB3VzZV9vaWwBMRJwcm9ncmVzc2l2ZV9yZWNpcGUBMRUAACbwyomw1qrpBBUCKAJDMywXQDaiDEm6XjUYGWRhc2hfaDI2NC1iYXNpYy1nZW4yXzcyMHARAHUAZbaeAQA&_nc_gid=v3eo9q5i0Fx2pYpmLtaV6w&_nc_ss=7f289&_nc_zt=28&oh=00_AQDWF7Jt8gOLE7TKgQIefLorMOIQkVttbt1QBuIUeUooqg&oe=6A53C89B,https://scontent.fblr22-2.fna.fbcdn.net/v/t39.35426-6/730420965_1036057312431029_5565725549606588681_n.jpg?_nc_cat=105&ccb=1-7&_nc_sid=c53f8f&_nc_ohc=_alrasEwfikQ7kNvwFh0Ivs&_nc_oc=Adr51alczriMZdXaF1Ejgf0KsGxVEO-qS-FSEneTQnn6Bf2XLPECWETwc68f0Lm7BIc&_nc_zt=14&_nc_ht=scontent.fblr22-2.fna&_nc_gid=v3eo9q5i0Fx2pYpmLtaV6w&_nc_ss=7f289&oh=00_AQB-6xM1A4qNxvIbst9d-tkWtuF75G4SX0Ur1h2R4CX2Qw&oe=6A53DD32,2026-07-12T17:02:19.000Z,2026-07-08
153,152,Lingo AI,599204246602758,Lingo AI,,IN,1337668218548557,https://www.facebook.com/ads/library/?id=1337668218548557,2026-07-06,,true,false,1,0,,2026-07-06,,"📘 Learn English easily with simple lessons 
😊 Build confidence with everyday speaking practice 
👉 Download now",👉 Download now,Download,https://speaklearnfrenchlingoai.onelink.me/Y67n?pid=metaweb_int&c={{campaign.name}}&af_c_id={{campaign.id}}&af_adset={{adset.name}}&af_adset_id={{adset.id}}&af_ad={{ad.name}}&af_ad_id={{ad.id}}&af_siteid={{site_source_name}},"Facebook,Instagram,Audience Network,Messenger,Threads","📘 Learn English easily with simple lessons 
😊 Build confidence with everyday speaking practice 
👉 Download now",👉 Download now,Download,https://speaklearnfrenchlingoai.onelink.me/Y67n?pid=metaweb_int&c={{campaign.name}}&af_c_id={{campaign.id}}&af_adset={{adset.name}}&af_adset_id={{adset.id}}&af_ad={{ad.name}}&af_ad_id={{ad.id}}&af_siteid={{site_source_name}},Video,"Facebook,Instagram,Audience Network,Messenger,Threads",1,0,9:16,https://video.fblr22-2.fna.fbcdn.net/o1/v/t2/f2/m366/AQMWx2kWcm4WXSTzlYENijonKdOOIZazvQO5uqDZclpeHMYvO_nPbCuLZ8_P-9W9AlGC9RsndL_Z5z-GmCZIx1UGdquop85pU0JitUMeFtiM6g.mp4?_nc_cat=105&_nc_oc=AdqGSlgUbDgE1Kex1RsU29BxVlyUHuFef-DXWo5WY6gFeEx4AUeDLiQfi_rRdT2lyos&_nc_sid=b66105&_nc_ht=video.fblr22-2.fna.fbcdn.net&_nc_ohc=Vfa89u5Y7tcQ7kNvwH_DoWm&efg=eyJ2ZW5jb2RlX3RhZyI6Inhwdl9wcm9ncmVzc2l2ZS5WSV9VU0VDQVNFX1BST0RVQ1RfVFlQRS4uQzMuNzIwLmRhc2hfaDI2NC1iYXNpYy1nZW4yXzcyMHAiLCJ4cHZfYXNzZXRfaWQiOjE3MjIwOTc3Mzg5MjE0OTAsImFzc2V0X2FnZV9kYXlzIjowLCJ2aV91c2VjYXNlX2lkIjoxMDEzOSwiZHVyYXRpb25fcyI6OTksInVybGdlbl9zb3VyY2UiOiJ3d3cifQ%3D%3D&ccb=17-1&vs=f154dd05bc105839&_nc_vs=HBksFQIYRWZiX2VwaGVtZXJhbC9CQTQyRDgwNzNCQzBERDAxNzVEMjgyQ0U0MTE2RkVBRV9tdF8xX3ZpZGVvX2Rhc2hpbml0Lm1wNBUAAsgBEgAVAhhAZmJfcGVybWFuZW50LzE2NDBBNUE3QUVEODcyQTVFOTc0RTVFNTFENTYyMzlFX2F1ZGlvX2Rhc2hpbml0Lm1wNBUCAsgBEgAoABgAGwKIB3VzZV9vaWwBMRJwcm9ncmVzc2l2ZV9yZWNpcGUBMRUAACak2Pn_o4-PBhUCKAJDMywXQFjkOVgQYk4YGWRhc2hfaDI2NC1iYXNpYy1nZW4yXzcyMHARAHUAZbaeAQA&_nc_gid=v3eo9q5i0Fx2pYpmLtaV6w&_nc_ss=7f289&_nc_zt=28&oh=00_AQDJRpcwct-dTOkfHJxG3OTIjq1nP87F9aF8cJtzQn_zRg&oe=6A53DABB,https://scontent.fblr22-1.fna.fbcdn.net/v/t39.35426-6/740153238_1552778299527046_5795351786924087418_n.jpg?_nc_cat=104&ccb=1-7&_nc_sid=c53f8f&_nc_ohc=sYTxEs9lpYQQ7kNvwG8o_YH&_nc_oc=AdrjWiBziHD8AnFKPoqWC4hQ1QX1xkxWfRdGX282a6I_CHXA17N9is-z9QwTtZTrn8I&_nc_zt=14&_nc_ht=scontent.fblr22-1.fna&_nc_gid=v3eo9q5i0Fx2pYpmLtaV6w&_nc_ss=7f289&oh=00_AQAaBG-594bsGJgEnwCBlSGUgn6hB9asrKDfz0swgm7EzA&oe=6A53D301,2026-07-12T18:19:39.000Z,2026-07-08
154,153,Lingo AI,599204246602758,Lingo AI,,IN,3220717538115795,https://www.facebook.com/ads/library/?id=3220717538115795,2026-06-24,,true,false,1,0,,2026-06-24,,"🌍 Learn real English for everyday life 
🗣 Practice speaking with simple lessons 
⏱ Just 5 minutes a day
👉 Download now",👇 Start now,Download,https://speaklearnfrenchlingoai.onelink.me/Y67n?pid=metaweb_int&c={{campaign.name}}&af_c_id={{campaign.id}}&af_adset={{adset.name}}&af_adset_id={{adset.id}}&af_ad={{ad.name}}&af_ad_id={{ad.id}}&af_siteid={{site_source_name}},"Facebook,Instagram,Audience Network,Messenger,Threads","🌍 Learn real English for everyday life 
🗣 Practice speaking with simple lessons 
⏱ Just 5 minutes a day
👉 Download now",👇 Start now,Download,https://speaklearnfrenchlingoai.onelink.me/Y67n?pid=metaweb_int&c={{campaign.name}}&af_c_id={{campaign.id}}&af_adset={{adset.name}}&af_adset_id={{adset.id}}&af_ad={{ad.name}}&af_ad_id={{ad.id}}&af_siteid={{site_source_name}},Video,"Facebook,Instagram,Audience Network,Messenger,Threads",1,0,9:16,https://video.fblr22-1.fna.fbcdn.net/o1/v/t2/f2/m366/AQNvUPdiAsBhSdBl-PE9xOW_AuX48o4yOEAYY8G690jxxgHZzczaqhegwjhEfx0jcXhMYyRFeBWZmRzhNPZIMF4Yf69jMLiQxKRLFXiQz6E5fA.mp4?_nc_cat=102&_nc_oc=AdoSmX_ofAmkjLdv-0w3sX33GUseoL5awCzRSO95kFRDB2TkF4OfyWWA1YlLLWd_HV8&_nc_sid=b66105&_nc_ht=video.fblr22-1.fna.fbcdn.net&_nc_ohc=8rFu3URVLloQ7kNvwELKaBa&efg=eyJ2ZW5jb2RlX3RhZyI6Inhwdl9wcm9ncmVzc2l2ZS5WSV9VU0VDQVNFX1BST0RVQ1RfVFlQRS4uQzMuNzIwLmRhc2hfaDI2NC1iYXNpYy1nZW4yXzcyMHAiLCJ4cHZfYXNzZXRfaWQiOjE2NjM0Nzc3OTQ5NDcwMDIsImFzc2V0X2FnZV9kYXlzIjoxMiwidmlfdXNlY2FzZV9pZCI6MTAxMzksImR1cmF0aW9uX3MiOjI4LCJ1cmxnZW5fc291cmNlIjoid3d3In0%3D&ccb=17-1&vs=64602d5ff812bae0&_nc_vs=HBksFQIYRWZiX2VwaGVtZXJhbC9FQjRFMjAyNkJDRTkwODNCMEY1MzFGMkVGRTMxMzVCN19tdF8xX3ZpZGVvX2Rhc2hpbml0Lm1wNBUAAsgBEgAVAhhAZmJfcGVybWFuZW50LzgyNDJGRkI1NTMxRTlDOTVDNDVENTIwMTQ3MkZBQjgzX2F1ZGlvX2Rhc2hpbml0Lm1wNBUCAsgBEgAoABgAGwKIB3VzZV9vaWwBMRJwcm9ncmVzc2l2ZV9yZWNpcGUBMRUAACb0_vmwk7v0BRUCKAJDMywXQDwzMzMzMzMYGWRhc2hfaDI2NC1iYXNpYy1nZW4yXzcyMHARAHUAZbaeAQA&_nc_gid=v3eo9q5i0Fx2pYpmLtaV6w&_nc_ss=7f289&_nc_zt=28&oh=00_AQBIF5NVQ1oTYMhkrEX6-yIBMW8E0aGj-_t8NI1wdu3Psg&oe=6A53D78E,https://scontent.fblr22-1.fna.fbcdn.net/v/t39.35426-6/731808553_1678966073314994_4729481734697946382_n.jpg?_nc_cat=108&ccb=1-7&_nc_sid=c53f8f&_nc_ohc=WopY6uGf2Y4Q7kNvwFIfBNE&_nc_oc=AdpZqjrtz4Pi3q-xXpwB-byjBO7t0W-dDdewMxsVrTt0b-5fR6cKB36mjqJ4pURE33A&_nc_zt=14&_nc_ht=scontent.fblr22-1.fna&_nc_gid=v3eo9q5i0Fx2pYpmLtaV6w&_nc_ss=7f289&oh=00_AQCKUmPH51pbEuX16N_4mCrNWpQ8Vvc8Sc7_bkXXt90F0A&oe=6A53F133,2026-07-12T18:06:06.000Z,2026-07-08
155,154,Lingo AI,599204246602758,Lingo AI,,IN,27200422259600892,https://www.facebook.com/ads/library/?id=27200422259600892,2026-06-24,,true,false,1,0,,2026-06-24,,"🌍 Learn real English for everyday life 
🗣 Practice speaking with simple lessons 
⏱ Just 5 minutes a day
👉 Download now",👇 Start now,Download,https://speaklearnfrenchlingoai.onelink.me/Y67n?pid=metaweb_int&c={{campaign.name}}&af_c_id={{campaign.id}}&af_adset={{adset.name}}&af_adset_id={{adset.id}}&af_ad={{ad.name}}&af_ad_id={{ad.id}}&af_siteid={{site_source_name}},"Facebook,Instagram,Audience Network,Messenger,Threads","🌍 Learn real English for everyday life 
🗣 Practice speaking with simple lessons 
⏱ Just 5 minutes a day
👉 Download now",👇 Start now,Download,https://speaklearnfrenchlingoai.onelink.me/Y67n?pid=metaweb_int&c={{campaign.name}}&af_c_id={{campaign.id}}&af_adset={{adset.name}}&af_adset_id={{adset.id}}&af_ad={{ad.name}}&af_ad_id={{ad.id}}&af_siteid={{site_source_name}},Video,"Facebook,Instagram,Audience Network,Messenger,Threads",1,0,9:16,https://video.fblr22-1.fna.fbcdn.net/o1/v/t2/f2/m366/AQOTjXxPxve1nI783yIiwFY9RO76J0AlfVmRVYhhXAtpNIMYclxNsVGauDvvQp72tjP0MLkqkSaE_lyXrxvrFaZu5ysEWNnkSrICA3ux_X3Hyg.mp4?_nc_cat=108&_nc_oc=AdqCVCiePp7d_yKDVd1iNHhpo3IUUz2Ogb2qzkwCiOgAzqAQJE_rhyH5iEfUwX1vigM&_nc_sid=b66105&_nc_ht=video.fblr22-1.fna.fbcdn.net&_nc_ohc=1E0Ph8i08y8Q7kNvwEIOe_X&efg=eyJ2ZW5jb2RlX3RhZyI6Inhwdl9wcm9ncmVzc2l2ZS5WSV9VU0VDQVNFX1BST0RVQ1RfVFlQRS4uQzMuNzIwLmRhc2hfaDI2NC1iYXNpYy1nZW4yXzcyMHAiLCJ4cHZfYXNzZXRfaWQiOjE5MjY0NjE3MDEzNDU3MTcsImFzc2V0X2FnZV9kYXlzIjoxMiwidmlfdXNlY2FzZV9pZCI6MTAxMzksImR1cmF0aW9uX3MiOjMxLCJ1cmxnZW5fc291cmNlIjoid3d3In0%3D&ccb=17-1&vs=283319bd0f58e20f&_nc_vs=HBksFQIYRWZiX2VwaGVtZXJhbC9EQzQ2RTg3OTY2RkE0RTEzNEY3MDhFMDYzMDAzMjdCNF9tdF8xX3ZpZGVvX2Rhc2hpbml0Lm1wNBUAAsgBEgAVAhhAZmJfcGVybWFuZW50L0Q3NDYzQjI0MjE1QUUzQkFENzU2N0QzNEFBOEJDQkE2X2F1ZGlvX2Rhc2hpbml0Lm1wNBUCAsgBEgAoABgAGwKIB3VzZV9vaWwBMRJwcm9ncmVzc2l2ZV9yZWNpcGUBMRUAACbqxo6W6obsBhUCKAJDMywXQD-qfvnbItEYGWRhc2hfaDI2NC1iYXNpYy1nZW4yXzcyMHARAHUAZbaeAQA&_nc_gid=v3eo9q5i0Fx2pYpmLtaV6w&_nc_ss=7f289&_nc_zt=28&oh=00_AQCaePtyYohzPqGgIO5uCLJJ7pYgqXke1SVg7VXzYJJQkg&oe=6A53DD18,https://scontent.fblr22-1.fna.fbcdn.net/v/t39.35426-6/730083117_4312039129108659_3765522111460015330_n.jpg?_nc_cat=101&ccb=1-7&_nc_sid=c53f8f&_nc_ohc=NDJz6Ty9iDIQ7kNvwHTIwhE&_nc_oc=AdpwrEZ7dAcIAIyCE9XjUuiDvBlBdcMgkC_15vcFQy0eq7-AVr5_a7zcjLLZVWkCons&_nc_zt=14&_nc_ht=scontent.fblr22-1.fna&_nc_gid=v3eo9q5i0Fx2pYpmLtaV6w&_nc_ss=7f289&oh=00_AQBNfNR_UciTaNII4q84GNWYm_-qMV_uZSedwVUD9TFq1A&oe=6A53E5E1,2026-07-12T18:29:44.000Z,2026-07-08
156,155,Lingo AI,599204246602758,Lingo AI,,IN,2301738637239103,https://www.facebook.com/ads/library/?id=2301738637239103,2026-07-06,,false,false,1,0,,2026-07-06,,"📘 Learn English easily with simple lessons 
😊 Build confidence with everyday speaking practice 
👉 Download now",👉 Download now,Download,https://speaklearnfrenchlingoai.onelink.me/Y67n?pid=metaweb_int&c={{campaign.name}}&af_c_id={{campaign.id}}&af_adset={{adset.name}}&af_adset_id={{adset.id}}&af_ad={{ad.name}}&af_ad_id={{ad.id}}&af_siteid={{site_source_name}},"Facebook,Instagram,Audience Network,Messenger,Threads","📘 Learn English easily with simple lessons 
😊 Build confidence with everyday speaking practice 
👉 Download now",👉 Download now,Download,https://speaklearnfrenchlingoai.onelink.me/Y67n?pid=metaweb_int&c={{campaign.name}}&af_c_id={{campaign.id}}&af_adset={{adset.name}}&af_adset_id={{adset.id}}&af_ad={{ad.name}}&af_ad_id={{ad.id}}&af_siteid={{site_source_name}},Video,"Facebook,Instagram,Audience Network,Messenger,Threads",1,0,9:16,https://video.fblr22-1.fna.fbcdn.net/o1/v/t2/f2/m366/AQMQ0825Q4aL6VdviI54xDjB2zPNpIYhtr7X6tuHkL83or9QD6iILmyFxT7pn6Rplppx5QAb0GGepaFbDxbrfyQcwfsFnWUKn2q0_b0UElwzKQ.mp4?_nc_cat=103&_nc_oc=Adoz__G0g__Spg_Q4OQGR-bx8lZYJApcu2P7R8yilx_5aqIln0urV_zavn83iZE73TU&_nc_sid=b66105&_nc_ht=video.fblr22-1.fna.fbcdn.net&_nc_ohc=-9aatagRHaMQ7kNvwFghTAY&efg=eyJ2ZW5jb2RlX3RhZyI6Inhwdl9wcm9ncmVzc2l2ZS5WSV9VU0VDQVNFX1BST0RVQ1RfVFlQRS4uQzMuNzIwLmRhc2hfaDI2NC1iYXNpYy1nZW4yXzcyMHAiLCJ4cHZfYXNzZXRfaWQiOjI3ODQ1ODYzMjUyNDYwNDAsImFzc2V0X2FnZV9kYXlzIjowLCJ2aV91c2VjYXNlX2lkIjoxMDEzOSwiZHVyYXRpb25fcyI6NjcsInVybGdlbl9zb3VyY2UiOiJ3d3cifQ%3D%3D&ccb=17-1&vs=caf4a089f70ee86a&_nc_vs=HBksFQIYRWZiX2VwaGVtZXJhbC9ENDQ3Q0I4QTdDOUFDOTM1MTlBODhDNjdGRThDMEU5N19tdF8xX3ZpZGVvX2Rhc2hpbml0Lm1wNBUAAsgBEgAVAhhAZmJfcGVybWFuZW50LzcyNDJGOTI1RkZERTVERDUxNURCQ0EyMDA3M0M3ODg3X2F1ZGlvX2Rhc2hpbml0Lm1wNBUCAsgBEgAoABgAGwKIB3VzZV9vaWwBMRJwcm9ncmVzc2l2ZV9yZWNpcGUBMRUAACawgZrsoKTyCRUCKAJDMywXQFDO6XjU_fQYGWRhc2hfaDI2NC1iYXNpYy1nZW4yXzcyMHARAHUAZbaeAQA&_nc_gid=v3eo9q5i0Fx2pYpmLtaV6w&_nc_ss=7f289&_nc_zt=28&oh=00_AQBAxXdH0pMNo4p0O2j_3d_Qam0lTwQtZbtSn9VZNofyww&oe=6A53E595,https://scontent.fblr22-2.fna.fbcdn.net/v/t39.35426-6/741000938_1015715220821890_2506548915077800475_n.jpg?_nc_cat=100&ccb=1-7&_nc_sid=c53f8f&_nc_ohc=bBz-QVCv0xcQ7kNvwH0IazS&_nc_oc=AdomAM-RjpZCs58IK5V4lVScWND8uu9mNdJwH0t--eTsR9N_WHnegLaBAI8FD2dbDDg&_nc_zt=14&_nc_ht=scontent.fblr22-2.fna&_nc_gid=v3eo9q5i0Fx2pYpmLtaV6w&_nc_ss=7f289&oh=00_AQCs3c2c4v6nldX9d28my1eJHR68irB74CZ19ePz1CnxKw&oe=6A53BE23,2026-07-12T19:05:57.000Z,2026-07-08
157,156,Lingo AI,599204246602758,Lingo AI,,IN,4224513657811159,https://www.facebook.com/ads/library/?id=4224513657811159,2026-07-05,,false,false,1,0,,2026-07-05,,"😊The best place to learn French language
💼 Boost your French skills in just 5 minutes a day! 
📚The efficient path to fluency.",✨Try it now~,Install now,http://itunes.apple.com/app/id6740255326,"Facebook,Instagram,Audience Network,Messenger,Threads","😊The best place to learn French language
💼 Boost your French skills in just 5 minutes a day! 
📚The efficient path to fluency.",✨Try it now~,Install now,http://itunes.apple.com/app/id6740255326,Video,"Facebook,Instagram,Audience Network,Messenger,Threads",1,0,9:16,https://video.fblr22-1.fna.fbcdn.net/o1/v/t2/f2/m366/AQOyoBvTkcW_feuUbKwKxgL1U689LAHMzikOJXcEB43KvOfHqR0v-0ZPRfqLwbWZz4LCrWBvfyuUeUgFeLT17EcsCflhRVxIH8Ten1yiawjcXA.mp4?_nc_cat=108&_nc_oc=Ado558szft4UksJ0qqMqVpx3HDBoPoDZkk5kXEs0Z-rSgdwT335X7mXm1xLnhMzaxrY&_nc_sid=b66105&_nc_ht=video.fblr22-1.fna.fbcdn.net&_nc_ohc=tNscvxxKQJkQ7kNvwE_zsca&efg=eyJ2ZW5jb2RlX3RhZyI6Inhwdl9wcm9ncmVzc2l2ZS5WSV9VU0VDQVNFX1BST0RVQ1RfVFlQRS4uQzMuNzIwLmRhc2hfaDI2NC1iYXNpYy1nZW4yXzcyMHAiLCJ4cHZfYXNzZXRfaWQiOjk0NzU2ODI5ODMwMTE3NywiYXNzZXRfYWdlX2RheXMiOjIsInZpX3VzZWNhc2VfaWQiOjEwMTM5LCJkdXJhdGlvbl9zIjoyNCwidXJsZ2VuX3NvdXJjZSI6Ind3dyJ9&ccb=17-1&vs=86d4caed0646aa02&_nc_vs=HBksFQIYRWZiX2VwaGVtZXJhbC84QTRERUJCQ0I2NjYwN0ExQTREMkNEMDA3NDQyQ0Q5QV9tdF8xX3ZpZGVvX2Rhc2hpbml0Lm1wNBUAAsgBEgAVAhhAZmJfcGVybWFuZW50L0YzNDVEMkY5OTU3QUY3OTdDQTRGMzMwRUNBREQ4REJCX2F1ZGlvX2Rhc2hpbml0Lm1wNBUCAsgBEgAoABgAGwKIB3VzZV9vaWwBMRJwcm9ncmVzc2l2ZV9yZWNpcGUBMRUAACby25D93fOuAxUCKAJDMywXQDj3S8an754YGWRhc2hfaDI2NC1iYXNpYy1nZW4yXzcyMHARAHUAZbaeAQA&_nc_gid=v3eo9q5i0Fx2pYpmLtaV6w&_nc_ss=7f289&_nc_zt=28&oh=00_AQAjOY_Y_1J8meocK1s1LQwldcpN38xlAxx_TyApPNintg&oe=6A53BEE8,https://scontent.fblr22-1.fna.fbcdn.net/v/t39.35426-6/738552658_1021326136935267_4829941073157115545_n.jpg?_nc_cat=109&ccb=1-7&_nc_sid=c53f8f&_nc_ohc=6Y1g35x84CsQ7kNvwFkaRMk&_nc_oc=AdowcRhEHHwL2iYMTsUthrhkHHc2z3LtCfX546WyOvoWD2IMfG3QbM4EyHa52DXKBfA&_nc_zt=14&_nc_ht=scontent.fblr22-1.fna&_nc_gid=v3eo9q5i0Fx2pYpmLtaV6w&_nc_ss=7f289&oh=00_AQCBGjdHV5eZWaAsomqiizPCozc8El_n5eziLcmPF5rZTA&oe=6A53EDCD,2026-07-12T16:20:56.000Z,2026-07-08
158,157,Lingo AI,599204246602758,Lingo AI,,IN,831092886606480,https://www.facebook.com/ads/library/?id=831092886606480,2026-07-06,,false,false,1,0,,2026-07-06,,"📘 Learn English easily with simple lessons 
😊 Build confidence with everyday speaking practice 
👉 Download now",👉 Download now,Download,https://speaklearnfrenchlingoai.onelink.me/Y67n?pid=metaweb_int&c={{campaign.name}}&af_c_id={{campaign.id}}&af_adset={{adset.name}}&af_adset_id={{adset.id}}&af_ad={{ad.name}}&af_ad_id={{ad.id}}&af_siteid={{site_source_name}},"Facebook,Instagram,Audience Network,Messenger,Threads","📘 Learn English easily with simple lessons 
😊 Build confidence with everyday speaking practice 
👉 Download now",👉 Download now,Download,https://speaklearnfrenchlingoai.onelink.me/Y67n?pid=metaweb_int&c={{campaign.name}}&af_c_id={{campaign.id}}&af_adset={{adset.name}}&af_adset_id={{adset.id}}&af_ad={{ad.name}}&af_ad_id={{ad.id}}&af_siteid={{site_source_name}},Video,"Facebook,Instagram,Audience Network,Messenger,Threads",1,0,9:16,https://video.fblr22-1.fna.fbcdn.net/o1/v/t2/f2/m366/AQMf0UmLnb1usQZ2NzpmUBFinWbkff26TxsxEOndznCCde3Nh10Y2nGU5UvhppCi9l-9iSoH-1_eMQGVBnU6sZMHYruGAEF2_DQK_fQJ2HzrKA.mp4?_nc_cat=109&_nc_oc=Adrxqpv0cyO9wnJz-rxhirWEBr0IIhbfRSC5skf-V-IbwCfMT9cuPJUdHMZGT4BM57s&_nc_sid=b66105&_nc_ht=video.fblr22-1.fna.fbcdn.net&_nc_ohc=fXI-OwOV_-MQ7kNvwGEwZGl&efg=eyJ2ZW5jb2RlX3RhZyI6Inhwdl9wcm9ncmVzc2l2ZS5WSV9VU0VDQVNFX1BST0RVQ1RfVFlQRS4uQzMuNzIwLmRhc2hfaDI2NC1iYXNpYy1nZW4yXzcyMHAiLCJ4cHZfYXNzZXRfaWQiOjE1NDYyNTI5MDAzODU4NzAsImFzc2V0X2FnZV9kYXlzIjowLCJ2aV91c2VjYXNlX2lkIjoxMDEzOSwiZHVyYXRpb25fcyI6MTAyLCJ1cmxnZW5fc291cmNlIjoid3d3In0%3D&ccb=17-1&vs=3c8e0900e9a486d1&_nc_vs=HBksFQIYRWZiX2VwaGVtZXJhbC8wNTQ4QThDQkZDMzEwQ0E4N0YzNEE0ODc1QUREREM4MV9tdF8xX3ZpZGVvX2Rhc2hpbml0Lm1wNBUAAsgBEgAVAhhAZmJfcGVybWFuZW50L0RENDYzQzlBOTQxMjU2QTAyMTkwOTMxQTI5QUNGMEI2X2F1ZGlvX2Rhc2hpbml0Lm1wNBUCAsgBEgAoABgAGwKIB3VzZV9vaWwBMRJwcm9ncmVzc2l2ZV9yZWNpcGUBMRUAACackeLt4ZO_BRUCKAJDMywXQFmZmZmZmZoYGWRhc2hfaDI2NC1iYXNpYy1nZW4yXzcyMHARAHUAZbaeAQA&_nc_gid=v3eo9q5i0Fx2pYpmLtaV6w&_nc_ss=7f289&_nc_zt=28&oh=00_AQAQig1hw0QFfN_hkJEcYt00cpcL3vs-aXPNDOwgNe9gMw&oe=6A53E2E7,https://scontent.fblr22-1.fna.fbcdn.net/v/t39.35426-6/741258451_999964026285238_8571192757966016510_n.jpg?_nc_cat=103&ccb=1-7&_nc_sid=c53f8f&_nc_ohc=DutHa3ht4cEQ7kNvwG9qm9d&_nc_oc=AdojVsbsttia01k-NzYMqBrkpJcEPazBAkJtubitCS7cu1bmP-6rdNIQzXyOVeq65io&_nc_zt=14&_nc_ht=scontent.fblr22-1.fna&_nc_gid=v3eo9q5i0Fx2pYpmLtaV6w&_nc_ss=7f289&oh=00_AQA4s-lwx5vLgr1qKguJ-sp3lkHg6E0928T6sz5PYV26CA&oe=6A53C801,2026-07-12T18:54:31.000Z,2026-07-08
159,158,Lingo AI,599204246602758,Lingo AI,,IN,1758100198713527,https://www.facebook.com/ads/library/?id=1758100198713527,2026-07-05,,false,false,1,0,,2026-07-05,,"🌍 Learn real English for everyday life 
🗣 Practice speaking with simple lessons 
⏱ Just 5 minutes a day 
👉 Download now",👉 Download now,Download,https://speaklearnfrenchlingoai.onelink.me/Y67n?pid=metaweb_int&c={{campaign.name}}&af_c_id={{campaign.id}}&af_adset={{adset.name}}&af_adset_id={{adset.id}}&af_ad={{ad.name}}&af_ad_id={{ad.id}}&af_siteid={{site_source_name}},"Facebook,Instagram,Audience Network,Messenger,Threads","🌍 Learn real English for everyday life 
🗣 Practice speaking with simple lessons 
⏱ Just 5 minutes a day 
👉 Download now",👉 Download now,Download,https://speaklearnfrenchlingoai.onelink.me/Y67n?pid=metaweb_int&c={{campaign.name}}&af_c_id={{campaign.id}}&af_adset={{adset.name}}&af_adset_id={{adset.id}}&af_ad={{ad.name}}&af_ad_id={{ad.id}}&af_siteid={{site_source_name}},Video,"Facebook,Instagram,Audience Network,Messenger,Threads",1,0,9:16,https://video.fblr22-1.fna.fbcdn.net/o1/v/t2/f2/m366/AQN337i3Foq-IRqtwGanidmY_B7cs5PjyZjQiWFG7GAEqdOjMw16NvnKAVhAxlDK5s_Zr9jtDF1R3nomefZ2HXusj_m4rkYA2MwJdE3n26J-cg.mp4?_nc_cat=108&_nc_oc=AdpGDy83drLSfbDGXBge9hbbRQacvUEW3jy4RMNwHhkzFGQZ5wjfpoAwKJaGaaK79O0&_nc_sid=b66105&_nc_ht=video.fblr22-1.fna.fbcdn.net&_nc_ohc=Oq7ntcNV3GoQ7kNvwFSQ9A8&efg=eyJ2ZW5jb2RlX3RhZyI6Inhwdl9wcm9ncmVzc2l2ZS5WSV9VU0VDQVNFX1BST0RVQ1RfVFlQRS4uQzMuNjA4LmRhc2hfaDI2NC1iYXNpYy1nZW4yXzcyMHAiLCJ4cHZfYXNzZXRfaWQiOjk5MTIzNjAwNzAxMTk2NSwiYXNzZXRfYWdlX2RheXMiOjUsInZpX3VzZWNhc2VfaWQiOjEwMTM5LCJkdXJhdGlvbl9zIjozMiwidXJsZ2VuX3NvdXJjZSI6Ind3dyJ9&ccb=17-1&vs=cc5471e272aef3ab&_nc_vs=HBksFQIYRWZiX2VwaGVtZXJhbC84RjRFNDlBMDVGQkMzMTI2Qjc3REEwNTVDODNBM0NBM19tdF8xX3ZpZGVvX2Rhc2hpbml0Lm1wNBUAAsgBEgAVAhhAZmJfcGVybWFuZW50L0I2NDkyODhDNjk2RUM4MDQxMkRCOUFDN0U5MThDQTk4X2F1ZGlvX2Rhc2hpbml0Lm1wNBUCAsgBEgAoABgAGwKIB3VzZV9vaWwBMRJwcm9ncmVzc2l2ZV9yZWNpcGUBMRUAACb6mbHhw-HCAxUCKAJDMywXQEBIcrAgxJwYGWRhc2hfaDI2NC1iYXNpYy1nZW4yXzcyMHARAHUAZbaeAQA&_nc_gid=v3eo9q5i0Fx2pYpmLtaV6w&_nc_ss=7f289&_nc_zt=28&oh=00_AQBWTSa8u8BMt2__wCZdB3KBgybLhWsOdXk8NbrJtN-AoQ&oe=6A53F1BC,https://scontent.fblr22-1.fna.fbcdn.net/v/t39.35426-6/737413236_1724849148758491_5096231518129977701_n.jpg?_nc_cat=101&ccb=1-7&_nc_sid=c53f8f&_nc_ohc=LCEdwqdoM-oQ7kNvwHEIB_h&_nc_oc=AdoZcVnM1DmKEatA4w-MAef-4-9xceGr2JqgL3uDsp2Wk7BPmbnsSpy9DzHSTkCtx4E&_nc_zt=14&_nc_ht=scontent.fblr22-1.fna&_nc_gid=v3eo9q5i0Fx2pYpmLtaV6w&_nc_ss=7f289&oh=00_AQDtPScpOHn73eAVvdj0aRPS8b0VBrQFWlVfs371QQyXLA&oe=6A53D8A6,2026-07-12T19:57:48.000Z,2026-07-08
160,159,Lingo AI,599204246602758,Lingo AI,,IN,1389195766355934,https://www.facebook.com/ads/library/?id=1389195766355934,2026-07-05,,true,false,1,0,,2026-07-05,,"😊The best place to learn French language
💼 Boost your French skills in just 5 minutes a day! 
📚The efficient path to fluency.",✨Try it now~,Install now,http://itunes.apple.com/app/id6740255326,"Facebook,Instagram,Audience Network,Messenger,Threads","😊The best place to learn French language
💼 Boost your French skills in just 5 minutes a day! 
📚The efficient path to fluency.",✨Try it now~,Install now,http://itunes.apple.com/app/id6740255326,Video,"Facebook,Instagram,Audience Network,Messenger,Threads",1,0,9:16,https://video.fblr22-1.fna.fbcdn.net/o1/v/t2/f2/m366/AQOzaD4O9wPg7hKOAEALLh_7S9k3p4xQ1C3EiCvOVIDatCDoYXvG6QE-bavru8kRcno8qi9YlW8ReoBnVCNn69xnCmtMjXxaS-M5N8wCGbxe4w.mp4?_nc_cat=101&_nc_oc=AdqsAfKzKztQJyiwsTfBZDpEJx1rD6xXTVVlONgGr7_RJSQs8alj_oGXwOxYEHv_4n4&_nc_sid=b66105&_nc_ht=video.fblr22-1.fna.fbcdn.net&_nc_ohc=KaALv-8jn2sQ7kNvwGMmmJb&efg=eyJ2ZW5jb2RlX3RhZyI6Inhwdl9wcm9ncmVzc2l2ZS5WSV9VU0VDQVNFX1BST0RVQ1RfVFlQRS4uQzMuNzIwLmRhc2hfaDI2NC1iYXNpYy1nZW4yXzcyMHAiLCJ4cHZfYXNzZXRfaWQiOjE3NzQzNzU5NDAyMjAzNTksImFzc2V0X2FnZV9kYXlzIjoyLCJ2aV91c2VjYXNlX2lkIjoxMDEzOSwiZHVyYXRpb25fcyI6NjgsInVybGdlbl9zb3VyY2UiOiJ3d3cifQ%3D%3D&ccb=17-1&vs=2721b7033e8fa045&_nc_vs=HBksFQIYRWZiX2VwaGVtZXJhbC8xOTRFODQ3NTkzNThGRDJFMUQwRURBQkI3MTc5Q0JBNF9tdF8xX3ZpZGVvX2Rhc2hpbml0Lm1wNBUAAsgBEgAVAhhAZmJfcGVybWFuZW50LzdENDYyODA5RkZFMzlDNTE1MjI4MEJDRjdERDJEQkFDX2F1ZGlvX2Rhc2hpbml0Lm1wNBUCAsgBEgAoABgAGwKIB3VzZV9vaWwBMRJwcm9ncmVzc2l2ZV9yZWNpcGUBMRUAACaOl-v5ovKmBhUCKAJDMywXQFE90vGp--cYGWRhc2hfaDI2NC1iYXNpYy1nZW4yXzcyMHARAHUAZbaeAQA&_nc_gid=v3eo9q5i0Fx2pYpmLtaV6w&_nc_ss=7f289&_nc_zt=28&oh=00_AQD7sN-Gb5uC8mXSMdJHyHY0WZHE0yTlNOhN0tEloZ8Opw&oe=6A53C397,https://scontent.fblr22-2.fna.fbcdn.net/v/t39.35426-6/738725250_957594627302552_5636823990436002364_n.jpg?_nc_cat=110&ccb=1-7&_nc_sid=c53f8f&_nc_ohc=vFx6dju-b5AQ7kNvwFWQjhA&_nc_oc=AdodyWmfRYGb9sfjdQ_35qBMz_2K1MFYZpuAKg3JPzjfNYXqhxVmf0OLYWJYSZUnl3M&_nc_zt=14&_nc_ht=scontent.fblr22-2.fna&_nc_gid=v3eo9q5i0Fx2pYpmLtaV6w&_nc_ss=7f289&oh=00_AQBMaZsJX3BW9sFv8nDtOBlpXgLCCSx2qJXmr5bwHlE8iw&oe=6A53BF5E,2026-07-12T16:40:55.000Z,2026-07-08
161,160,Lingo AI,599204246602758,Lingo AI,,IN,1341466670688730,https://www.facebook.com/ads/library/?id=1341466670688730,2026-07-05,,false,false,1,0,,2026-07-05,,"😊The best place to learn French language
💼 Boost your French skills in just 5 minutes a day! 
📚The efficient path to fluency.",✨Try it now~,Install now,http://itunes.apple.com/app/id6740255326,"Facebook,Instagram,Audience Network,Messenger,Threads","😊The best place to learn French language
💼 Boost your French skills in just 5 minutes a day! 
📚The efficient path to fluency.",✨Try it now~,Install now,http://itunes.apple.com/app/id6740255326,Video,"Facebook,Instagram,Audience Network,Messenger,Threads",1,0,9:16,https://video.fblr22-2.fna.fbcdn.net/o1/v/t2/f2/m366/AQP40i4b90i9uflAUYnDQGPiAkcXR73hnYX1wItmsU04gdLtGdhqrJcx-Oovu3tRPp6MnL__fSajwLeYEP5PPbAyMjvsBPWtENJOi6Oew5dfVg.mp4?_nc_cat=110&_nc_oc=Ado6c3sOCUeArjIpiNfBER8FS8pyTSBRDEdv03qLdPgUK-6YRNDMXV9T7vfHCWhorD8&_nc_sid=b66105&_nc_ht=video.fblr22-2.fna.fbcdn.net&_nc_ohc=d-VG7Rvr8y4Q7kNvwG0g8W8&efg=eyJ2ZW5jb2RlX3RhZyI6Inhwdl9wcm9ncmVzc2l2ZS5WSV9VU0VDQVNFX1BST0RVQ1RfVFlQRS4uQzMuNzIwLmRhc2hfaDI2NC1iYXNpYy1nZW4yXzcyMHAiLCJ4cHZfYXNzZXRfaWQiOjEyNDY0NjMyMTA3OTg1NjEsImFzc2V0X2FnZV9kYXlzIjoyLCJ2aV91c2VjYXNlX2lkIjoxMDEzOSwiZHVyYXRpb25fcyI6NjksInVybGdlbl9zb3VyY2UiOiJ3d3cifQ%3D%3D&ccb=17-1&vs=f8236e4502205eb4&_nc_vs=HBksFQIYRWZiX2VwaGVtZXJhbC9CQjQ3MjY4NTc3QjgxODc4NEVERjU4RUQ0QkE1OENCOV9tdF8xX3ZpZGVvX2Rhc2hpbml0Lm1wNBUAAsgBEgAVAhhAZmJfcGVybWFuZW50LzdBNDJBOEQ3QTY2QUJGQzZGN0VEMDYyNTVGMDVGNDlGX2F1ZGlvX2Rhc2hpbml0Lm1wNBUCAsgBEgAoABgAGwKIB3VzZV9vaWwBMRJwcm9ncmVzc2l2ZV9yZWNpcGUBMRUAACbC973O2um2BBUCKAJDMywXQFF5mZmZmZoYGWRhc2hfaDI2NC1iYXNpYy1nZW4yXzcyMHARAHUAZbaeAQA&_nc_gid=Afb5rlM2wKDMkoJ1_x87ew&_nc_ss=7f289&_nc_zt=28&oh=00_AQDGPOfK_Uh9CgW44gkwgZ6FKk5wjy-uVmIT6R8_xh8DKQ&oe=6A53C1D2,https://scontent.fblr22-1.fna.fbcdn.net/v/t39.35426-6/739782168_848737521651326_3410043833708754645_n.jpg?_nc_cat=106&ccb=1-7&_nc_sid=c53f8f&_nc_ohc=02Yjy2eOlWMQ7kNvwHqxqbP&_nc_oc=AdrE_bZGzWdZ7aZ-v3U7Q4zJtQ9JhRT_3BRoMiJhyAj_h9mD_MZXAHKTXUtmlwm1wQw&_nc_zt=14&_nc_ht=scontent.fblr22-1.fna&_nc_gid=Afb5rlM2wKDMkoJ1_x87ew&_nc_ss=7f289&oh=00_AQBGTpGwkuR8E0ZR4Out0answUb50FuZGqjK7O-83L3joA&oe=6A53DF32,2026-07-12T16:33:22.000Z,2026-07-08
162,161,Lingo AI,599204246602758,Lingo AI,,IN,1022415973737778,https://www.facebook.com/ads/library/?id=1022415973737778,2026-07-05,,true,false,1,0,,2026-07-05,,"🌍 Learn real English for everyday life 
🗣 Practice speaking with simple lessons 
⏱ Just 5 minutes a day 
👉 Download now",👉 Download now,Download,https://speaklearnfrenchlingoai.onelink.me/Y67n?pid=metaweb_int&c={{campaign.name}}&af_c_id={{campaign.id}}&af_adset={{adset.name}}&af_adset_id={{adset.id}}&af_ad={{ad.name}}&af_ad_id={{ad.id}}&af_siteid={{site_source_name}},"Facebook,Instagram,Audience Network,Messenger,Threads","🌍 Learn real English for everyday life 
🗣 Practice speaking with simple lessons 
⏱ Just 5 minutes a day 
👉 Download now",👉 Download now,Download,https://speaklearnfrenchlingoai.onelink.me/Y67n?pid=metaweb_int&c={{campaign.name}}&af_c_id={{campaign.id}}&af_adset={{adset.name}}&af_adset_id={{adset.id}}&af_ad={{ad.name}}&af_ad_id={{ad.id}}&af_siteid={{site_source_name}},Video,"Facebook,Instagram,Audience Network,Messenger,Threads",1,0,9:16,https://video.fblr22-1.fna.fbcdn.net/o1/v/t2/f2/m366/AQMG1i2Q1auSyyQHRMS-W6XhZPrplgKH6nhIYrnencAWFj71wYQ_SWkFnSKoaKEc3TDWoE1h9iOFn-S45u12SaPuOP5BOgyhSqpJjm6tYNxMdw.mp4?_nc_cat=109&_nc_oc=AdqMFNZOoVD184Bi-vcP-hVVrvf9CvvTquQKvW31fBhyCaV1xOz3zT2e2-A8a2Ef-dw&_nc_sid=b66105&_nc_ht=video.fblr22-1.fna.fbcdn.net&_nc_ohc=0OoXKQUMf58Q7kNvwHZN3xn&efg=eyJ2ZW5jb2RlX3RhZyI6Inhwdl9wcm9ncmVzc2l2ZS5WSV9VU0VDQVNFX1BST0RVQ1RfVFlQRS4uQzMuNjA4LmRhc2hfaDI2NC1iYXNpYy1nZW4yXzcyMHAiLCJ4cHZfYXNzZXRfaWQiOjM2NDk3MTM5Mzg1MTU2MjcsImFzc2V0X2FnZV9kYXlzIjo1LCJ2aV91c2VjYXNlX2lkIjoxMDEzOSwiZHVyYXRpb25fcyI6NDAsInVybGdlbl9zb3VyY2UiOiJ3d3cifQ%3D%3D&ccb=17-1&vs=f4ec12ba971822c7&_nc_vs=HBksFQIYRWZiX2VwaGVtZXJhbC81NTQ2RDQ4QjYyRkExODE5MUU0NEJDNkFGNzcxODNBRl9tdF8xX3ZpZGVvX2Rhc2hpbml0Lm1wNBUAAsgBEgAVAhhAZmJfcGVybWFuZW50L0I3NEM0NkQ5NjBDNjMwMzFEMTAxNkQwQTc2RjZCNEFDX2F1ZGlvX2Rhc2hpbml0Lm1wNBUCAsgBEgAoABgAGwKIB3VzZV9vaWwBMRJwcm9ncmVzc2l2ZV9yZWNpcGUBMRUAACbWmrLtp9n7DBUCKAJDMywXQEQqn752yLQYGWRhc2hfaDI2NC1iYXNpYy1nZW4yXzcyMHARAHUAZbaeAQA&_nc_gid=Afb5rlM2wKDMkoJ1_x87ew&_nc_ss=7f289&_nc_zt=28&oh=00_AQDozUJLxImdaH790it1XGSIsSxicbSwiiGSScQNCQx_-Q&oe=6A53F13B,https://scontent.fblr22-1.fna.fbcdn.net/v/t39.35426-6/738552385_1009958551776856_8917450694253834156_n.jpg?_nc_cat=108&ccb=1-7&_nc_sid=c53f8f&_nc_ohc=ESLzv7UHWlwQ7kNvwG80hV0&_nc_oc=AdoBInyFznU0slvvs4SeIeB4hat_hWhRCgizp3nyHWJSyUjcQ4Rg2FhQcrnEocFPiGQ&_nc_zt=14&_nc_ht=scontent.fblr22-1.fna&_nc_gid=Afb5rlM2wKDMkoJ1_x87ew&_nc_ss=7f289&oh=00_AQAxsBD-A3i4Oks3thlawp6QWO9NGrw6Aghw3bInGv8_zQ&oe=6A53CE2D,2026-07-12T19:55:39.000Z,2026-07-08
163,162,Lingo AI,599204246602758,Lingo AI,,IN,986024980878185,https://www.facebook.com/ads/library/?id=986024980878185,2026-07-01,,true,false,1,0,,2026-07-01,,"🌍 Learn real English for everyday life 
🗣 Practice speaking with simple lessons 
⏱ Just 5 minutes a day 
👉 Download now",👉 Download now,Download,https://speaklearnfrenchlingoai.onelink.me/Y67n?pid=metaweb_int&c={{campaign.name}}&af_c_id={{campaign.id}}&af_adset={{adset.name}}&af_adset_id={{adset.id}}&af_ad={{ad.name}}&af_ad_id={{ad.id}}&af_siteid={{site_source_name}},"Facebook,Instagram,Audience Network,Messenger,Threads","🌍 Learn real English for everyday life 
🗣 Practice speaking with simple lessons 
⏱ Just 5 minutes a day 
👉 Download now",👉 Download now,Download,https://speaklearnfrenchlingoai.onelink.me/Y67n?pid=metaweb_int&c={{campaign.name}}&af_c_id={{campaign.id}}&af_adset={{adset.name}}&af_adset_id={{adset.id}}&af_ad={{ad.name}}&af_ad_id={{ad.id}}&af_siteid={{site_source_name}},Video,"Facebook,Instagram,Audience Network,Messenger,Threads",1,0,9:16,https://video.fblr22-2.fna.fbcdn.net/o1/v/t2/f2/m366/AQNjnCcgp5RqhHX_Yiwn_uNxlxJfcDy2TI9d9Wyrlw7kRMXDmaQ3lCraMIuntsZQhTXXKriOAzgylHYkv4nhXYqmE9QsNk39NELMdFrdXjzByA.mp4?_nc_cat=105&_nc_oc=AdoEhvnXoIBvI3KYOGdUzOZhyVe69zEzaoPOMEzHz_eOZroH16UBJaV30S8kh6EebXE&_nc_sid=b66105&_nc_ht=video.fblr22-2.fna.fbcdn.net&_nc_ohc=FexRW-fVtqwQ7kNvwFVinGG&efg=eyJ2ZW5jb2RlX3RhZyI6Inhwdl9wcm9ncmVzc2l2ZS5WSV9VU0VDQVNFX1BST0RVQ1RfVFlQRS4uQzMuNjA4LmRhc2hfaDI2NC1iYXNpYy1nZW4yXzcyMHAiLCJ4cHZfYXNzZXRfaWQiOjE0OTc2NTQwNDE1ODYyNTMsImFzc2V0X2FnZV9kYXlzIjo1LCJ2aV91c2VjYXNlX2lkIjoxMDEzOSwiZHVyYXRpb25fcyI6MjgsInVybGdlbl9zb3VyY2UiOiJ3d3cifQ%3D%3D&ccb=17-1&vs=81f6bba592d6f73a&_nc_vs=HBksFQIYRWZiX2VwaGVtZXJhbC9BRDRFNjRGNEFFMEFGMEVBNzhDNDVFMTgxQ0NCMTE5MV9tdF8xX3ZpZGVvX2Rhc2hpbml0Lm1wNBUAAsgBEgAVAhhAZmJfcGVybWFuZW50LzdENEFGMUIxMTY1RDU2QjIwQjk0QjM5MjYwNzk5Mjk4X2F1ZGlvX2Rhc2hpbml0Lm1wNBUCAsgBEgAoABgAGwKIB3VzZV9vaWwBMRJwcm9ncmVzc2l2ZV9yZWNpcGUBMRUAACaaqamS-IapBRUCKAJDMywXQDzEGJN0vGoYGWRhc2hfaDI2NC1iYXNpYy1nZW4yXzcyMHARAHUAZbaeAQA&_nc_gid=Afb5rlM2wKDMkoJ1_x87ew&_nc_ss=7f289&_nc_zt=28&oh=00_AQAO4R03Y31wBnynPgi-OpDxVG54Rv__KunKJYzM1C2OiQ&oe=6A53BF23,https://scontent.fblr22-1.fna.fbcdn.net/v/t39.35426-6/735994055_1342530953953698_9119321116033690398_n.jpg?_nc_cat=103&ccb=1-7&_nc_sid=c53f8f&_nc_ohc=yMuX7burW6UQ7kNvwHa0I0p&_nc_oc=AdrDj6gFK3ymh-fr2Xl-rx4Lbvi5dy1hdEe_omgakXFoF6JYbzYa4RbDBVyahHr0fpQ&_nc_zt=14&_nc_ht=scontent.fblr22-1.fna&_nc_gid=Afb5rlM2wKDMkoJ1_x87ew&_nc_ss=7f289&oh=00_AQD1JPeuA6IKfP_coOkrUF68qbo9aGHuEJP7KgaA1EUxiQ&oe=6A53C3BC,2026-07-12T16:21:55.000Z,2026-07-08
164,163,Lingo AI,599204246602758,Lingo AI,,IN,1733247081228450,https://www.facebook.com/ads/library/?id=1733247081228450,2026-07-05,,true,false,1,0,,2026-07-05,,"🌍 Learn real English for everyday life 
🗣 Practice speaking with simple lessons 
⏱ Just 5 minutes a day 
👉 Download now",👉 Download now,Download,https://speaklearnfrenchlingoai.onelink.me/Y67n?pid=metaweb_int&c={{campaign.name}}&af_c_id={{campaign.id}}&af_adset={{adset.name}}&af_adset_id={{adset.id}}&af_ad={{ad.name}}&af_ad_id={{ad.id}}&af_siteid={{site_source_name}},"Facebook,Instagram,Audience Network,Messenger,Threads","🌍 Learn real English for everyday life 
🗣 Practice speaking with simple lessons 
⏱ Just 5 minutes a day 
👉 Download now",👉 Download now,Download,https://speaklearnfrenchlingoai.onelink.me/Y67n?pid=metaweb_int&c={{campaign.name}}&af_c_id={{campaign.id}}&af_adset={{adset.name}}&af_adset_id={{adset.id}}&af_ad={{ad.name}}&af_ad_id={{ad.id}}&af_siteid={{site_source_name}},Video,"Facebook,Instagram,Audience Network,Messenger,Threads",1,0,9:16,https://video.fblr22-1.fna.fbcdn.net/o1/v/t2/f2/m366/AQMomp4PfHz0VVKla01qhiAeTc7N9Tmg435BDRcDKhrRaa8kwiX9cMLjLrMrqeNPauUYg9pn4BRbCR4cMKwk-309auz7XasbCZp12HH34kBiow.mp4?_nc_cat=108&_nc_oc=Adoe37ebqjm7mDb47ab3KQfLsSrR1E76LagWQhS8FWHc74-5_9VcyA9VNt4yGMMSUFc&_nc_sid=b66105&_nc_ht=video.fblr22-1.fna.fbcdn.net&_nc_ohc=RAJJXbuDlrcQ7kNvwHQ1MKE&efg=eyJ2ZW5jb2RlX3RhZyI6Inhwdl9wcm9ncmVzc2l2ZS5WSV9VU0VDQVNFX1BST0RVQ1RfVFlQRS4uQzMuNjA4LmRhc2hfaDI2NC1iYXNpYy1nZW4yXzcyMHAiLCJ4cHZfYXNzZXRfaWQiOjE1NzI1MjU1Mzc2NTUzMzYsImFzc2V0X2FnZV9kYXlzIjo1LCJ2aV91c2VjYXNlX2lkIjoxMDEzOSwiZHVyYXRpb25fcyI6MzAsInVybGdlbl9zb3VyY2UiOiJ3d3cifQ%3D%3D&ccb=17-1&vs=7add87490724ccea&_nc_vs=HBksFQIYRWZiX2VwaGVtZXJhbC85RDQ3RkFFQTE2NUY4NjY4MjhGRENCNUY2MDdGNzQ5RF9tdF8xX3ZpZGVvX2Rhc2hpbml0Lm1wNBUAAsgBEgAVAhhAZmJfcGVybWFuZW50LzY3NEU3MzcyQzBEOEM1MjQ3QkQ0QkJDM0MwRTExMDhFX2F1ZGlvX2Rhc2hpbml0Lm1wNBUCAsgBEgAoABgAGwKIB3VzZV9vaWwBMRJwcm9ncmVzc2l2ZV9yZWNpcGUBMRUAACbQ6JOhhI3LBRUCKAJDMywXQD7dsi0OVgQYGWRhc2hfaDI2NC1iYXNpYy1nZW4yXzcyMHARAHUAZbaeAQA&_nc_gid=Afb5rlM2wKDMkoJ1_x87ew&_nc_ss=7f289&_nc_zt=28&oh=00_AQD5wGc4xPALROkagcEiOYi8YqWTk89_mQxyGLZuO5_KeA&oe=6A53E16C,https://scontent.fblr22-1.fna.fbcdn.net/v/t39.35426-6/736163515_1042866541599912_1089831235588976294_n.jpg?_nc_cat=102&ccb=1-7&_nc_sid=c53f8f&_nc_ohc=Ecs6fk4UbQYQ7kNvwFhC6GP&_nc_oc=Adqi7bYNciOKsNrHhlMmqkTmg6Wjl4JM1GDUNRsfP2L2S22EThyavhMwsZT-bpEbrDQ&_nc_zt=14&_nc_ht=scontent.fblr22-1.fna&_nc_gid=Afb5rlM2wKDMkoJ1_x87ew&_nc_ss=7f289&oh=00_AQCyrJxgoS9xKpMTu-ekpbRZ3PVW2WXLZa0yFA0Kw_RXuQ&oe=6A53E19C,2026-07-12T18:48:12.000Z,2026-07-08
165,164,Lingo AI,599204246602758,Lingo AI,,IN,1045500287898156,https://www.facebook.com/ads/library/?id=1045500287898156,2026-07-06,,false,false,1,0,,2026-07-06,,"🌍 تعلّم الإنجليزية الحقيقية للحياة اليومية
🗣 تدرّب على التحدث من خلال دروس بسيطة
⏱ فقط 5 دقائق يوميًا
👉 حمّل الآن",👉 حمّل الآن,Download,https://speaklearnfrenchlingoai.onelink.me/Y67n?pid=metaweb_int&c={{campaign.name}}&af_c_id={{campaign.id}}&af_adset={{adset.name}}&af_adset_id={{adset.id}}&af_ad={{ad.name}}&af_ad_id={{ad.id}}&af_siteid={{site_source_name}},"Facebook,Instagram,Audience Network,Messenger,Threads","🌍 تعلّم الإنجليزية الحقيقية للحياة اليومية
🗣 تدرّب على التحدث من خلال دروس بسيطة
⏱ فقط 5 دقائق يوميًا
👉 حمّل الآن",👉 حمّل الآن,Download,https://speaklearnfrenchlingoai.onelink.me/Y67n?pid=metaweb_int&c={{campaign.name}}&af_c_id={{campaign.id}}&af_adset={{adset.name}}&af_adset_id={{adset.id}}&af_ad={{ad.name}}&af_ad_id={{ad.id}}&af_siteid={{site_source_name}},Video,"Facebook,Instagram,Audience Network,Messenger,Threads",1,0,9:16,https://video.fblr22-2.fna.fbcdn.net/o1/v/t2/f2/m366/AQMDHbwcLMKc-K_TcbMbMmz6tNNpy0GAfbe9qFEWVYJ98ULR-Gvs5u-_gOOYFv0ZK5wkOvF1NSOMnQT6dvmMtdGCRsiXfPwY9jYNN4bBdOJjgg.mp4?_nc_cat=111&_nc_oc=AdoNGcKNIsBUbL5obgD1osY1U5QUh7GtrzlK_LkDNleiIn5txiXCjDFfVa44aiOvS68&_nc_sid=b66105&_nc_ht=video.fblr22-2.fna.fbcdn.net&_nc_ohc=motkDVOciRgQ7kNvwGsDF0R&efg=eyJ2ZW5jb2RlX3RhZyI6Inhwdl9wcm9ncmVzc2l2ZS5WSV9VU0VDQVNFX1BST0RVQ1RfVFlQRS4uQzMuNjA4LmRhc2hfaDI2NC1iYXNpYy1nZW4yXzcyMHAiLCJ4cHZfYXNzZXRfaWQiOjEwMTM5MzI0NTQyOTY3NDEsImFzc2V0X2FnZV9kYXlzIjo3MywidmlfdXNlY2FzZV9pZCI6MTAxMzksImR1cmF0aW9uX3MiOjE3LCJ1cmxnZW5fc291cmNlIjoid3d3In0%3D&ccb=17-1&vs=cd091d304d4cbd4c&_nc_vs=HBksFQIYRWZiX2VwaGVtZXJhbC8zODQ3OTBGOEM4NUNBNTRDNzVBRDFDRDc1REY3MDg4NF9tdF8xX3ZpZGVvX2Rhc2hpbml0Lm1wNBUAAsgBEgAVAhhAZmJfcGVybWFuZW50LzJDNEE4RDA3NDM4RDUyMTVGQUMyMkYxQjA0MUFFNkE5X2F1ZGlvX2Rhc2hpbml0Lm1wNBUCAsgBEgAoABgAGwKIB3VzZV9vaWwBMRJwcm9ncmVzc2l2ZV9yZWNpcGUBMRUAACbK8p280YrNAxUCKAJDMywXQDGiDEm6XjUYGWRhc2hfaDI2NC1iYXNpYy1nZW4yXzcyMHARAHUAZbaeAQA&_nc_gid=Afb5rlM2wKDMkoJ1_x87ew&_nc_ss=7f289&_nc_zt=28&oh=00_AQDxdHKAAv6nYs5OJ9GfgxLmQzuOsdx2OwVKDzj6TECmEA&oe=6A53C601,https://scontent.fblr22-1.fna.fbcdn.net/v/t39.35426-6/740521818_1705086880615352_3699722834014360702_n.jpg?_nc_cat=102&ccb=1-7&_nc_sid=c53f8f&_nc_ohc=-gUqGt6r4LkQ7kNvwGk4r3D&_nc_oc=AdpZS373kLOlnenbAAKRQ9R22teZH76_oAeIUw8tsF-MyjLQTZoVl8Z5Y0PnmqtBRPo&_nc_zt=14&_nc_ht=scontent.fblr22-1.fna&_nc_gid=Afb5rlM2wKDMkoJ1_x87ew&_nc_ss=7f289&oh=00_AQCx5gimKxeZjmcowjL-_tlFf0KWRXHrKIagV6nM4H5v3Q&oe=6A53F232,2026-07-12T16:51:13.000Z,2026-07-08
166,165,Lingo AI,599204246602758,Lingo AI,,IN,1337003871869972,https://www.facebook.com/ads/library/?id=1337003871869972,2026-07-05,,true,false,1,0,,2026-07-05,,"🌍 Learn real English for everyday life 
🗣 Practice speaking with simple lessons 
⏱ Just 5 minutes a day 
👉 Download now",👉 Download now,Download,https://speaklearnfrenchlingoai.onelink.me/Y67n?pid=metaweb_int&c={{campaign.name}}&af_c_id={{campaign.id}}&af_adset={{adset.name}}&af_adset_id={{adset.id}}&af_ad={{ad.name}}&af_ad_id={{ad.id}}&af_siteid={{site_source_name}},"Facebook,Instagram,Audience Network,Messenger,Threads","🌍 Learn real English for everyday life 
🗣 Practice speaking with simple lessons 
⏱ Just 5 minutes a day 
👉 Download now",👉 Download now,Download,https://speaklearnfrenchlingoai.onelink.me/Y67n?pid=metaweb_int&c={{campaign.name}}&af_c_id={{campaign.id}}&af_adset={{adset.name}}&af_adset_id={{adset.id}}&af_ad={{ad.name}}&af_ad_id={{ad.id}}&af_siteid={{site_source_name}},Video,"Facebook,Instagram,Audience Network,Messenger,Threads",1,0,9:16,https://video.fblr22-2.fna.fbcdn.net/o1/v/t2/f2/m366/AQO4MRKQMrZ_YMFwb0Y1jE_2YcrAH4irF0sFIG-ueAWvkuzbSDM1ypsjQ3KMJgAK6dfVEzqtd2VCMknLtiPsXuslwQ_eM3YdRVMc3drMeFBOFg.mp4?_nc_cat=107&_nc_oc=AdpumjpF8osejEP-zL7hJKsA5nd74VPlyH2HP-BsZ70FbOsEU2v10KsG8WTOKVuJNLM&_nc_sid=b66105&_nc_ht=video.fblr22-2.fna.fbcdn.net&_nc_ohc=uxOGI-zcC1QQ7kNvwEFIcRU&efg=eyJ2ZW5jb2RlX3RhZyI6Inhwdl9wcm9ncmVzc2l2ZS5WSV9VU0VDQVNFX1BST0RVQ1RfVFlQRS4uQzMuNjA4LmRhc2hfaDI2NC1iYXNpYy1nZW4yXzcyMHAiLCJ4cHZfYXNzZXRfaWQiOjEzNDE3MTA1OTQ3MTc5NTYsImFzc2V0X2FnZV9kYXlzIjo1LCJ2aV91c2VjYXNlX2lkIjoxMDEzOSwiZHVyYXRpb25fcyI6MzQsInVybGdlbl9zb3VyY2UiOiJ3d3cifQ%3D%3D&ccb=17-1&vs=6109f5d8a450f6cf&_nc_vs=HBksFQIYRWZiX2VwaGVtZXJhbC9FMTRFQzNDMTNCQjcxNzgxRTc5QjE4MUJEQUE1QkE5M19tdF8xX3ZpZGVvX2Rhc2hpbml0Lm1wNBUAAsgBEgAVAhhAZmJfcGVybWFuZW50LzgxNDc2QjhBNDUyREQ3MjA2Mzc1RUExQUU5MzNBOEE1X2F1ZGlvX2Rhc2hpbml0Lm1wNBUCAsgBEgAoABgAGwKIB3VzZV9vaWwBMRJwcm9ncmVzc2l2ZV9yZWNpcGUBMRUAACaI5J326pHiBBUCKAJDMywXQEFZmZmZmZoYGWRhc2hfaDI2NC1iYXNpYy1nZW4yXzcyMHARAHUAZbaeAQA&_nc_gid=Afb5rlM2wKDMkoJ1_x87ew&_nc_ss=7f289&_nc_zt=28&oh=00_AQAsA1YBtDGfIVqDcsy9aIbR_3JHkWpERcQkJGFIm8kdwQ&oe=6A53BF79,https://scontent.fblr22-2.fna.fbcdn.net/v/t39.35426-6/733747202_897416389387703_2649957351518760888_n.jpg?_nc_cat=105&ccb=1-7&_nc_sid=c53f8f&_nc_ohc=8t3H4pGk-HMQ7kNvwFV7KXN&_nc_oc=Ado5rMdnPo90NLwWEW7-j59ecVKmeSKcQvfn7EFiu2amtDYuT-XOfKyk2vkwANC1L3s&_nc_zt=14&_nc_ht=scontent.fblr22-2.fna&_nc_gid=Afb5rlM2wKDMkoJ1_x87ew&_nc_ss=7f289&oh=00_AQDyyoNAeWLBXvwv_YX6TDGi9PNEX_LL7ftmt__ynJLeSA&oe=6A53F01A,2026-07-12T16:23:21.000Z,2026-07-08
167,166,Lingo AI,599204246602758,Lingo AI,,IN,1330583959053128,https://www.facebook.com/ads/library/?id=1330583959053128,2026-07-06,,true,false,1,0,,2026-07-06,,"📘 Learn English easily with simple lessons 
😊 Build confidence with everyday speaking practice 
👉 Download now",👉 Download now,Download,https://speaklearnfrenchlingoai.onelink.me/Y67n?pid=metaweb_int&c={{campaign.name}}&af_c_id={{campaign.id}}&af_adset={{adset.name}}&af_adset_id={{adset.id}}&af_ad={{ad.name}}&af_ad_id={{ad.id}}&af_siteid={{site_source_name}},"Facebook,Instagram,Audience Network,Messenger,Threads","📘 Learn English easily with simple lessons 
😊 Build confidence with everyday speaking practice 
👉 Download now",👉 Download now,Download,https://speaklearnfrenchlingoai.onelink.me/Y67n?pid=metaweb_int&c={{campaign.name}}&af_c_id={{campaign.id}}&af_adset={{adset.name}}&af_adset_id={{adset.id}}&af_ad={{ad.name}}&af_ad_id={{ad.id}}&af_siteid={{site_source_name}},Video,"Facebook,Instagram,Audience Network,Messenger,Threads",1,0,9:16,https://video.fblr22-2.fna.fbcdn.net/o1/v/t2/f2/m366/AQNh9wwZa1mAl1ICFPkbhi5uLS6FvFHtzuIGm0rki_rxVKGEU4lbgGjsF-4ErvaQ8A2nBr5pOeIdxFvrrHfXIZ6PA9UpAAlnnF5nPXaau63JOA.mp4?_nc_cat=107&_nc_oc=AdqTnHbq-3n3eATbt91r1wPOHVaU9y6pSg5IOJan3ACNE0UxiQnZ_p_KU4mtm55W0NQ&_nc_sid=b66105&_nc_ht=video.fblr22-2.fna.fbcdn.net&_nc_ohc=AsS9Wrv9UJIQ7kNvwHJE0Th&efg=eyJ2ZW5jb2RlX3RhZyI6Inhwdl9wcm9ncmVzc2l2ZS5WSV9VU0VDQVNFX1BST0RVQ1RfVFlQRS4uQzMuNzIwLmRhc2hfaDI2NC1iYXNpYy1nZW4yXzcyMHAiLCJ4cHZfYXNzZXRfaWQiOjE2NzQ3NTQ5NzY5MjEyODUsImFzc2V0X2FnZV9kYXlzIjowLCJ2aV91c2VjYXNlX2lkIjoxMDEzOSwiZHVyYXRpb25fcyI6OTIsInVybGdlbl9zb3VyY2UiOiJ3d3cifQ%3D%3D&ccb=17-1&vs=f84787cdaf36f141&_nc_vs=HBksFQIYRWZiX2VwaGVtZXJhbC9CQzQzQTA5Q0EyQkU0QTJFMUNGRDcwMzM4MDhFRUY5NV9tdF8xX3ZpZGVvX2Rhc2hpbml0Lm1wNBUAAsgBEgAVAhhAZmJfcGVybWFuZW50LzRBNDhEMzRFNzA2RUVFRTM5RjA0RkJDNEMwMEFENTg3X2F1ZGlvX2Rhc2hpbml0Lm1wNBUCAsgBEgAoABgAGwKIB3VzZV9vaWwBMRJwcm9ncmVzc2l2ZV9yZWNpcGUBMRUAACaK2-H3yMv5BRUCKAJDMywXQFcXbItDlYEYGWRhc2hfaDI2NC1iYXNpYy1nZW4yXzcyMHARAHUAZbaeAQA&_nc_gid=Afb5rlM2wKDMkoJ1_x87ew&_nc_ss=7f289&_nc_zt=28&oh=00_AQCW4nqdZ2tLuLoihYBvjvIbW9Ppj0oATEWCSBgYivmlyg&oe=6A53F239,https://scontent.fblr22-1.fna.fbcdn.net/v/t39.35426-6/739699251_1033047495774153_6504204361972740982_n.jpg?_nc_cat=101&ccb=1-7&_nc_sid=c53f8f&_nc_ohc=vZlafTWz-yYQ7kNvwECdIq4&_nc_oc=AdoY6nv_oaNzVZMUSFvOeJu4Yx6A_7YTcMCexkcfWWcG-szsoJI30wZbtj-_htdg5u8&_nc_zt=14&_nc_ht=scontent.fblr22-1.fna&_nc_gid=Afb5rlM2wKDMkoJ1_x87ew&_nc_ss=7f289&oh=00_AQDCkE6ay5xdcYLuWxihxymfCo21kV0RTbLXF0SnXec2dQ&oe=6A53CEC4,2026-07-12T19:59:53.000Z,2026-07-08
168,167,Lingo AI,599204246602758,Lingo AI,,IN,958995487133739,https://www.facebook.com/ads/library/?id=958995487133739,2026-06-25,,true,false,1,0,,2026-06-25,,"🌍 Learn real English for everyday life 
🗣 Practice speaking with simple lessons 
⏱ Just 5 minutes a day
👉 Download now",👇 Start now,Download,https://speaklearnfrenchlingoai.onelink.me/Y67n?pid=metaweb_int&c={{campaign.name}}&af_c_id={{campaign.id}}&af_adset={{adset.name}}&af_adset_id={{adset.id}}&af_ad={{ad.name}}&af_ad_id={{ad.id}}&af_siteid={{site_source_name}},"Facebook,Instagram,Audience Network,Messenger,Threads","🌍 Learn real English for everyday life 
🗣 Practice speaking with simple lessons 
⏱ Just 5 minutes a day
👉 Download now",👇 Start now,Download,https://speaklearnfrenchlingoai.onelink.me/Y67n?pid=metaweb_int&c={{campaign.name}}&af_c_id={{campaign.id}}&af_adset={{adset.name}}&af_adset_id={{adset.id}}&af_ad={{ad.name}}&af_ad_id={{ad.id}}&af_siteid={{site_source_name}},Video,"Facebook,Instagram,Audience Network,Messenger,Threads",1,0,9:16,https://video.fblr22-2.fna.fbcdn.net/o1/v/t2/f2/m366/AQPgIxqaEzXZrlgCWw6mhQGQDYhF7JC_bHbRtwW624-EKc4ggqyCfDEAEr0Qvq1H_ztmIVx1Tbeg3Zro_ZPAsv0ZJ-14dZlkzl3lOdPkBGy2Tw.mp4?_nc_cat=111&_nc_oc=AdppOa2Or_JvPM5_FI4UdVKQprZ74Jcr3iMpKacR2QzWjDBh01rsH3_PPkqhTs0P1KI&_nc_sid=b66105&_nc_ht=video.fblr22-2.fna.fbcdn.net&_nc_ohc=o1tFO6z_H2wQ7kNvwEAo3Fh&efg=eyJ2ZW5jb2RlX3RhZyI6Inhwdl9wcm9ncmVzc2l2ZS5WSV9VU0VDQVNFX1BST0RVQ1RfVFlQRS4uQzMuNzIwLmRhc2hfaDI2NC1iYXNpYy1nZW4yXzcyMHAiLCJ4cHZfYXNzZXRfaWQiOjE1MjUzMjc1NTkwMDI2OTYsImFzc2V0X2FnZV9kYXlzIjoxNSwidmlfdXNlY2FzZV9pZCI6MTAxMzksImR1cmF0aW9uX3MiOjQ0LCJ1cmxnZW5fc291cmNlIjoid3d3In0%3D&ccb=17-1&vs=557bb5eb1ca94313&_nc_vs=HBksFQIYRWZiX2VwaGVtZXJhbC9FRTQ2MDRENjg4NEFBMERFQTM1MTg3MzdCNjJCRjZBQ19tdF8xX3ZpZGVvX2Rhc2hpbml0Lm1wNBUAAsgBEgAVAhhAZmJfcGVybWFuZW50L0ExNDY2QkIzQThBQjA2NTkyQUJCNjMwRTAxODgxRUJFX2F1ZGlvX2Rhc2hpbml0Lm1wNBUCAsgBEgAoABgAGwKIB3VzZV9vaWwBMRJwcm9ncmVzc2l2ZV9yZWNpcGUBMRUAACaQqZD139G1BRUCKAJDMywXQEZmZmZmZmYYGWRhc2hfaDI2NC1iYXNpYy1nZW4yXzcyMHARAHUAZbaeAQA&_nc_gid=Afb5rlM2wKDMkoJ1_x87ew&_nc_ss=7f289&_nc_zt=28&oh=00_AQAwXTiiVW1Lzm1bViAWZRl1GwVo4ky2FJTU18qLFTDJkg&oe=6A53E885,https://scontent.fblr22-1.fna.fbcdn.net/v/t39.35426-6/728254918_1685017736052738_3210214855401339992_n.jpg?_nc_cat=109&ccb=1-7&_nc_sid=c53f8f&_nc_ohc=MQUqlNktyC0Q7kNvwHaHE0P&_nc_oc=AdqL8582GeWTffsjb6Pa0jEk475-H5EdtDiyCVwlQSQGwsWbSOGjFW_m-74zcnOHSlA&_nc_zt=14&_nc_ht=scontent.fblr22-1.fna&_nc_gid=Afb5rlM2wKDMkoJ1_x87ew&_nc_ss=7f289&oh=00_AQAJV0CJw66J-3dF6vzZftnECHI-MBrU-Ve6wTQ8pEVRzw&oe=6A53BEF1,2026-07-12T19:18:29.000Z,2026-07-08
169,168,Lingo AI,599204246602758,Lingo AI,,IN,928994186876825,https://www.facebook.com/ads/library/?id=928994186876825,2026-07-05,,true,false,1,0,,2026-07-05,,"😊The best place to learn French language
💼 Boost your French skills in just 5 minutes a day! 
📚The efficient path to fluency.",✨Try it now~,Install now,http://itunes.apple.com/app/id6740255326,"Facebook,Instagram,Audience Network,Messenger,Threads","😊The best place to learn French language
💼 Boost your French skills in just 5 minutes a day! 
📚The efficient path to fluency.",✨Try it now~,Install now,http://itunes.apple.com/app/id6740255326,Video,"Facebook,Instagram,Audience Network,Messenger,Threads",1,0,9:16,https://video.fblr22-1.fna.fbcdn.net/o1/v/t2/f2/m366/AQOb1TB8TM0n0-7xeg-O7lPfgS_SFe5PPUovAmhoSeiL_5DrB4MK97bzgYh3vB36RPJe_gpArIsHkY9Jr7y3W5ga-5wZKFmf0cOaSYZfbEwh2Q.mp4?_nc_cat=106&_nc_oc=Adol4MW8VI5gS8pd_Hh0qRS0SLWLSlmAc7pI4HJ3JwxT6Um5Hiu6-cvDAC7BHnvPpig&_nc_sid=b66105&_nc_ht=video.fblr22-1.fna.fbcdn.net&_nc_ohc=xwE3xtlJI3oQ7kNvwFl1UsQ&efg=eyJ2ZW5jb2RlX3RhZyI6Inhwdl9wcm9ncmVzc2l2ZS5WSV9VU0VDQVNFX1BST0RVQ1RfVFlQRS4uQzMuNzIwLmRhc2hfaDI2NC1iYXNpYy1nZW4yXzcyMHAiLCJ4cHZfYXNzZXRfaWQiOjEzNDMwMjMyMDcyNDkwODEsImFzc2V0X2FnZV9kYXlzIjoyLCJ2aV91c2VjYXNlX2lkIjoxMDEzOSwiZHVyYXRpb25fcyI6MjQsInVybGdlbl9zb3VyY2UiOiJ3d3cifQ%3D%3D&ccb=17-1&vs=81999a314b95b4f5&_nc_vs=HBksFQIYRWZiX2VwaGVtZXJhbC9CMTQxRkEwNEU0NUFDRTc3QjNGREYzMkYwMTBCNTY4RF9tdF8xX3ZpZGVvX2Rhc2hpbml0Lm1wNBUAAsgBEgAVAhhAZmJfcGVybWFuZW50LzNENDI5RTdDRjgzNzAwNzNGMzE2NjI3NDIyQzc5MjgwX2F1ZGlvX2Rhc2hpbml0Lm1wNBUCAsgBEgAoABgAGwKIB3VzZV9vaWwBMRJwcm9ncmVzc2l2ZV9yZWNpcGUBMRUAACby0ovTnt7iBBUCKAJDMywXQDhMzMzMzM0YGWRhc2hfaDI2NC1iYXNpYy1nZW4yXzcyMHARAHUAZbaeAQA&_nc_gid=Afb5rlM2wKDMkoJ1_x87ew&_nc_ss=7f289&_nc_zt=28&oh=00_AQAxBm5bjsBYC7rNnuRJrVKPjII2KDdg1-SRUz5Y3xx8MQ&oe=6A53C326,https://scontent.fblr22-1.fna.fbcdn.net/v/t39.35426-6/739620845_4526220834306652_3675141513904360939_n.jpg?_nc_cat=109&ccb=1-7&_nc_sid=c53f8f&_nc_ohc=a4T-Pto_WJoQ7kNvwFmYOIV&_nc_oc=AdrdtlSaDR0yfi8V7W2Wr_Ex_Y2YuznClc73o9UL05vhZgaGn6ZjuCtfnhEvzADLpnY&_nc_zt=14&_nc_ht=scontent.fblr22-1.fna&_nc_gid=Afb5rlM2wKDMkoJ1_x87ew&_nc_ss=7f289&oh=00_AQBBYoZvY58ZKup3r4nVwHqoO2DvvsGwSR8Bk_GRlKJ63Q&oe=6A53BD0E,2026-07-12T16:39:02.000Z,2026-07-08
170,169,Lingo AI,599204246602758,Lingo AI,,IN,1032516832600196,https://www.facebook.com/ads/library/?id=1032516832600196,2026-07-05,,true,false,1,0,,2026-07-05,,"🌍 Learn real English for everyday life 
🗣 Practice speaking with simple lessons 
⏱ Just 5 minutes a day 
👉 Download now",👉 Download now,Download,https://speaklearnfrenchlingoai.onelink.me/Y67n?pid=metaweb_int&c={{campaign.name}}&af_c_id={{campaign.id}}&af_adset={{adset.name}}&af_adset_id={{adset.id}}&af_ad={{ad.name}}&af_ad_id={{ad.id}}&af_siteid={{site_source_name}},"Facebook,Instagram,Audience Network,Messenger,Threads","🌍 Learn real English for everyday life 
🗣 Practice speaking with simple lessons 
⏱ Just 5 minutes a day 
👉 Download now",👉 Download now,Download,https://speaklearnfrenchlingoai.onelink.me/Y67n?pid=metaweb_int&c={{campaign.name}}&af_c_id={{campaign.id}}&af_adset={{adset.name}}&af_adset_id={{adset.id}}&af_ad={{ad.name}}&af_ad_id={{ad.id}}&af_siteid={{site_source_name}},Video,"Facebook,Instagram,Audience Network,Messenger,Threads",1,0,9:16,https://video.fblr22-2.fna.fbcdn.net/o1/v/t2/f2/m366/AQOqLlF1QE5jfwRPscJ7X2_vrZL_aGv-C132TdRr4haeYuBNrxLbLtcXlGJTt6zRXBWHk0TP1Eb34Jsd0MYHm1PiVqQGGSKGA-LN8Hl2ROp8Qg.mp4?_nc_cat=100&_nc_oc=AdoSr4U5CkcWaSejR0ViLUlTVGF4ErmUztSvmVWMiCQLqHlXP7rGhJIsoP6JleGYwSQ&_nc_sid=b66105&_nc_ht=video.fblr22-2.fna.fbcdn.net&_nc_ohc=CRK3WHlrHQAQ7kNvwE6BZJ6&efg=eyJ2ZW5jb2RlX3RhZyI6Inhwdl9wcm9ncmVzc2l2ZS5WSV9VU0VDQVNFX1BST0RVQ1RfVFlQRS4uQzMuNjA4LmRhc2hfaDI2NC1iYXNpYy1nZW4yXzcyMHAiLCJ4cHZfYXNzZXRfaWQiOjQ1NTk2NzQ3MTQyNTIyOTAsImFzc2V0X2FnZV9kYXlzIjo1LCJ2aV91c2VjYXNlX2lkIjoxMDEzOSwiZHVyYXRpb25fcyI6NDMsInVybGdlbl9zb3VyY2UiOiJ3d3cifQ%3D%3D&ccb=17-1&vs=a5192d868bfed77f&_nc_vs=HBksFQIYRWZiX2VwaGVtZXJhbC9BMTQ4QzBCOTI5MUU0OEQ2RkE2RjExMzc5RjM3MjU5Nl9tdF8xX3ZpZGVvX2Rhc2hpbml0Lm1wNBUAAsgBEgAVAhhAZmJfcGVybWFuZW50LzU3NDg1RjE3OEY5N0RFNDg3NjA2NTYyMkM0NERBOTgyX2F1ZGlvX2Rhc2hpbml0Lm1wNBUCAsgBEgAoABgAGwKIB3VzZV9vaWwBMRJwcm9ncmVzc2l2ZV9yZWNpcGUBMRUAACaEkJP6_7-ZEBUCKAJDMywXQEXqn752yLQYGWRhc2hfaDI2NC1iYXNpYy1nZW4yXzcyMHARAHUAZbaeAQA&_nc_gid=Afb5rlM2wKDMkoJ1_x87ew&_nc_ss=7f289&_nc_zt=28&oh=00_AQAqqRaWDKBntdWy8p3mV-Ez5QCtM4RK1-e1F1sAZhffzw&oe=6A53D65C,https://scontent.fblr22-2.fna.fbcdn.net/v/t39.35426-6/739332242_2138119263420245_3257426002385577095_n.jpg?_nc_cat=100&ccb=1-7&_nc_sid=c53f8f&_nc_ohc=EjT_l9RmIEUQ7kNvwHdQudL&_nc_oc=AdpM4IePlzB78gSR2H6IbsDhbcLVtnhdLR3IieYJmzvcDKX0H2IioyODb7iGxPTiqq0&_nc_zt=14&_nc_ht=scontent.fblr22-2.fna&_nc_gid=Afb5rlM2wKDMkoJ1_x87ew&_nc_ss=7f289&oh=00_AQDho1Bd0qp3Irk4IIFd4lxlsJWI-gq7sYyhRQDtFuFu4w&oe=6A53D800,2026-07-12T18:01:00.000Z,2026-07-08
171,170,Lingo AI,599204246602758,Lingo AI,,IN,1516135953622417,https://www.facebook.com/ads/library/?id=1516135953622417,2026-07-06,,false,false,1,0,,2026-07-06,,"📘 Learn English easily with simple lessons 
😊 Build confidence with everyday speaking practice 
👉 Download now",👉 Download now,Download,https://speaklearnfrenchlingoai.onelink.me/Y67n?pid=metaweb_int&c={{campaign.name}}&af_c_id={{campaign.id}}&af_adset={{adset.name}}&af_adset_id={{adset.id}}&af_ad={{ad.name}}&af_ad_id={{ad.id}}&af_siteid={{site_source_name}},"Facebook,Instagram,Audience Network,Messenger,Threads","📘 Learn English easily with simple lessons 
😊 Build confidence with everyday speaking practice 
👉 Download now",👉 Download now,Download,https://speaklearnfrenchlingoai.onelink.me/Y67n?pid=metaweb_int&c={{campaign.name}}&af_c_id={{campaign.id}}&af_adset={{adset.name}}&af_adset_id={{adset.id}}&af_ad={{ad.name}}&af_ad_id={{ad.id}}&af_siteid={{site_source_name}},Video,"Facebook,Instagram,Audience Network,Messenger,Threads",1,0,9:16,https://video.fblr22-1.fna.fbcdn.net/o1/v/t2/f2/m366/AQNvd0HdKKIR-MgfrWySXna5c870-xtCP6sUO-5D0o-XgM1KvtsFbNBsNbKiR-YsKBVAeyRzgrjvxx6cIvkhlvFVVBqYF4xzCiDJ08iHD3uj4Q.mp4?_nc_cat=101&_nc_oc=AdqcQ8GRxhD6px8zjPBJijp6glB-A8zgCECZY9yaPA2wtGjfMpHxKnpJJ_iQ-viJYUc&_nc_sid=b66105&_nc_ht=video.fblr22-1.fna.fbcdn.net&_nc_ohc=xYoXqiM2ez4Q7kNvwEfeYmx&efg=eyJ2ZW5jb2RlX3RhZyI6Inhwdl9wcm9ncmVzc2l2ZS5WSV9VU0VDQVNFX1BST0RVQ1RfVFlQRS4uQzMuNzIwLmRhc2hfaDI2NC1iYXNpYy1nZW4yXzcyMHAiLCJ4cHZfYXNzZXRfaWQiOjEzNzY3MDkzOTQzMjkwNzMsImFzc2V0X2FnZV9kYXlzIjowLCJ2aV91c2VjYXNlX2lkIjoxMDEzOSwiZHVyYXRpb25fcyI6ODEsInVybGdlbl9zb3VyY2UiOiJ3d3cifQ%3D%3D&ccb=17-1&vs=61a199bcb7dbd6b1&_nc_vs=HBksFQIYRWZiX2VwaGVtZXJhbC80QzQzMzdFMUQ1NzM5QURCREUzQTMzNDBBQjQ5MjQ5OF9tdF8xX3ZpZGVvX2Rhc2hpbml0Lm1wNBUAAsgBEgAVAhhAZmJfcGVybWFuZW50Lzc3NDk3REQzNDU4NjI3OTEzRDQ0NEZCRDA3MkEzODhBX2F1ZGlvX2Rhc2hpbml0Lm1wNBUCAsgBEgAoABgAGwKIB3VzZV9vaWwBMRJwcm9ncmVzc2l2ZV9yZWNpcGUBMRUAACbit8OmhIfyBBUCKAJDMywXQFRzMzMzMzMYGWRhc2hfaDI2NC1iYXNpYy1nZW4yXzcyMHARAHUAZbaeAQA&_nc_gid=NXjp8XA5-AyKgXg7_sA8uA&_nc_ss=7f289&_nc_zt=28&oh=00_AQDau8B99r8cJ3uSxN1fd6XvUcRLJwX59ucbJh_BQUHx-Q&oe=6A53CE93,https://scontent.fblr22-2.fna.fbcdn.net/v/t39.35426-6/739548521_1708431226976303_7308241578543402437_n.jpg?_nc_cat=105&ccb=1-7&_nc_sid=c53f8f&_nc_ohc=9dLEN8wdp-AQ7kNvwG9z8pX&_nc_oc=AdpYhHphTdl9YIItMQ_6AxLDuKzf0S1w2gpfu7ieEwVejX-Y1sTL7e3tJpUwBNbcH0M&_nc_zt=14&_nc_ht=scontent.fblr22-2.fna&_nc_gid=NXjp8XA5-AyKgXg7_sA8uA&_nc_ss=7f289&oh=00_AQB29aqpboyZAv3_h5ictoHsLC5PpxYtmfp5y4pOAUMJjQ&oe=6A53E395,2026-07-12T17:27:47.000Z,2026-07-08
172,171,Lingo AI,599204246602758,Lingo AI,,IN,1100399292660108,https://www.facebook.com/ads/library/?id=1100399292660108,2026-07-06,,false,false,1,0,,2026-07-06,,"📘 Learn English easily with simple lessons 
😊 Build confidence with everyday speaking practice 
👉 Download now",👉 Download now,Download,https://speaklearnfrenchlingoai.onelink.me/Y67n?pid=metaweb_int&c={{campaign.name}}&af_c_id={{campaign.id}}&af_adset={{adset.name}}&af_adset_id={{adset.id}}&af_ad={{ad.name}}&af_ad_id={{ad.id}}&af_siteid={{site_source_name}},"Facebook,Instagram,Audience Network,Messenger,Threads","📘 Learn English easily with simple lessons 
😊 Build confidence with everyday speaking practice 
👉 Download now",👉 Download now,Download,https://speaklearnfrenchlingoai.onelink.me/Y67n?pid=metaweb_int&c={{campaign.name}}&af_c_id={{campaign.id}}&af_adset={{adset.name}}&af_adset_id={{adset.id}}&af_ad={{ad.name}}&af_ad_id={{ad.id}}&af_siteid={{site_source_name}},Video,"Facebook,Instagram,Audience Network,Messenger,Threads",1,0,9:16,https://video.fblr22-2.fna.fbcdn.net/o1/v/t2/f2/m366/AQPFh9jhVMCar6EMiOiaecht9jTRqyJ3knZK84imw4jWC8NKelw4GXv02BWObcU3vcPWNXC7E46lu5noh8Mn_7CVFoqMZR_YSliJQBEtlkp8CQ.mp4?_nc_cat=110&_nc_oc=AdocNeGVUThmnN1O-ftXqpIkd1JS9KcBUMNoruMqVnX4j2HYLI0-ogwBmncCoLh4tyY&_nc_sid=b66105&_nc_ht=video.fblr22-2.fna.fbcdn.net&_nc_ohc=fNZBmUe6tyUQ7kNvwHM39yn&efg=eyJ2ZW5jb2RlX3RhZyI6Inhwdl9wcm9ncmVzc2l2ZS5WSV9VU0VDQVNFX1BST0RVQ1RfVFlQRS4uQzMuNzIwLmRhc2hfaDI2NC1iYXNpYy1nZW4yXzcyMHAiLCJ4cHZfYXNzZXRfaWQiOjIyMjE5MDcwMjE5ODI1ODIsImFzc2V0X2FnZV9kYXlzIjowLCJ2aV91c2VjYXNlX2lkIjoxMDEzOSwiZHVyYXRpb25fcyI6NjcsInVybGdlbl9zb3VyY2UiOiJ3d3cifQ%3D%3D&ccb=17-1&vs=349b30c5901eb6f0&_nc_vs=HBksFQIYRWZiX2VwaGVtZXJhbC9CRTQ4NTg2NTJCNTgxQkFBRTdDMUQ3RTQ1N0E2M0Y5RV9tdF8xX3ZpZGVvX2Rhc2hpbml0Lm1wNBUAAsgBEgAVAhhAZmJfcGVybWFuZW50L0NBNEUwMDFBRjg0OEVDMUUxNkMyQkJFRkU4MkRBRUJFX2F1ZGlvX2Rhc2hpbml0Lm1wNBUCAsgBEgAoABgAGwKIB3VzZV9vaWwBMRJwcm9ncmVzc2l2ZV9yZWNpcGUBMRUAACbsraesgbTyBxUCKAJDMywXQFDiHKwIMScYGWRhc2hfaDI2NC1iYXNpYy1nZW4yXzcyMHARAHUAZbaeAQA&_nc_gid=NXjp8XA5-AyKgXg7_sA8uA&_nc_ss=7f289&_nc_zt=28&oh=00_AQCDD1esNY9DnjhOMTaO7pZCfTWoE9_gJwyK7bVzTexDIw&oe=6A53D5E6,https://scontent.fblr22-1.fna.fbcdn.net/v/t39.35426-6/740407105_2211639116261813_104564528367591605_n.jpg?_nc_cat=104&ccb=1-7&_nc_sid=c53f8f&_nc_ohc=SBquOaXvWNUQ7kNvwEyUHLH&_nc_oc=AdomiD8I8FvbZAjoXqX7CucaKhTpnnKSan058uI81w2W-h9OjFehd4osl1gDgC2rHbA&_nc_zt=14&_nc_ht=scontent.fblr22-1.fna&_nc_gid=NXjp8XA5-AyKgXg7_sA8uA&_nc_ss=7f289&oh=00_AQAKpaiPwQhIezdxyPpBWlDKumvRzRAKzqAQs6SPNocJ1w&oe=6A53DF17,2026-07-12T17:59:02.000Z,2026-07-08
173,172,Lingo AI,599204246602758,Lingo AI,,IN,1318468093605981,https://www.facebook.com/ads/library/?id=1318468093605981,2026-07-06,,true,false,1,0,,2026-07-06,,"📘 Learn English easily with simple lessons 
😊 Build confidence with everyday speaking practice 
👉 Download now",👉 Download now,Download,https://speaklearnfrenchlingoai.onelink.me/Y67n?pid=metaweb_int&c={{campaign.name}}&af_c_id={{campaign.id}}&af_adset={{adset.name}}&af_adset_id={{adset.id}}&af_ad={{ad.name}}&af_ad_id={{ad.id}}&af_siteid={{site_source_name}},"Facebook,Instagram,Audience Network,Messenger,Threads","📘 Learn English easily with simple lessons 
😊 Build confidence with everyday speaking practice 
👉 Download now",👉 Download now,Download,https://speaklearnfrenchlingoai.onelink.me/Y67n?pid=metaweb_int&c={{campaign.name}}&af_c_id={{campaign.id}}&af_adset={{adset.name}}&af_adset_id={{adset.id}}&af_ad={{ad.name}}&af_ad_id={{ad.id}}&af_siteid={{site_source_name}},Video,"Facebook,Instagram,Audience Network,Messenger,Threads",1,0,9:16,https://video.fblr22-2.fna.fbcdn.net/o1/v/t2/f2/m366/AQO-OTrovS7nujMvlbY4HFZxuhIQ-judRbnRxyvjjwXOmOc8IGowOqVzYLsy7wSWoDrHGDJax15BHmHAVNUIBLniJoZbywSd5mAz0tJtsTTAYQ.mp4?_nc_cat=100&_nc_oc=AdoVUN3MTD0-0EiFfEkFE44i_49DwZKDqpNR0XbQHE77jubq9WX63vvdlyIqKNaGS1Q&_nc_sid=b66105&_nc_ht=video.fblr22-2.fna.fbcdn.net&_nc_ohc=oZf13J5-2O8Q7kNvwH8d3NT&efg=eyJ2ZW5jb2RlX3RhZyI6Inhwdl9wcm9ncmVzc2l2ZS5WSV9VU0VDQVNFX1BST0RVQ1RfVFlQRS4uQzMuNzIwLmRhc2hfaDI2NC1iYXNpYy1nZW4yXzcyMHAiLCJ4cHZfYXNzZXRfaWQiOjEzOTAxNDg2NTYyNjMxODUsImFzc2V0X2FnZV9kYXlzIjowLCJ2aV91c2VjYXNlX2lkIjoxMDEzOSwiZHVyYXRpb25fcyI6NzYsInVybGdlbl9zb3VyY2UiOiJ3d3cifQ%3D%3D&ccb=17-1&vs=83cc56dc4dc93813&_nc_vs=HBksFQIYRWZiX2VwaGVtZXJhbC9ENTQxRTc5QUJBOTBFMjg4NUQ0NUVGMzdGNDMwNjU4OV9tdF8xX3ZpZGVvX2Rhc2hpbml0Lm1wNBUAAsgBEgAVAhhAZmJfcGVybWFuZW50L0FCNEM4NzQ5OTgzQTI0MDBBNkY5QjYxMDBBQkVEQkJFX2F1ZGlvX2Rhc2hpbml0Lm1wNBUCAsgBEgAoABgAGwKIB3VzZV9vaWwBMRJwcm9ncmVzc2l2ZV9yZWNpcGUBMRUAACaiwLvNppX4BBUCKAJDMywXQFM1T987ZFoYGWRhc2hfaDI2NC1iYXNpYy1nZW4yXzcyMHARAHUAZbaeAQA&_nc_gid=NXjp8XA5-AyKgXg7_sA8uA&_nc_ss=7f289&_nc_zt=28&oh=00_AQDcCkVqDAAqcCTxiWl7NUK9BhYZT_qyspBcvasaYwXDhQ&oe=6A53F000,https://scontent.fblr22-1.fna.fbcdn.net/v/t39.35426-6/742060157_1327100845762593_1320944205120585880_n.jpg?_nc_cat=109&ccb=1-7&_nc_sid=c53f8f&_nc_ohc=D9PB33GBPUsQ7kNvwEbPywU&_nc_oc=AdpzySnQW3E_BIdm8bXEYg2iEYguTobeQ_ou4RclyHBuxAz5U-ght7HRqSPxopbRTcI&_nc_zt=14&_nc_ht=scontent.fblr22-1.fna&_nc_gid=NXjp8XA5-AyKgXg7_sA8uA&_nc_ss=7f289&oh=00_AQA9xl8y6fBYFIGrqFalazrLPJcRRq529ounx58YjAn02w&oe=6A53E40B,2026-07-12T19:50:24.000Z,2026-07-08
174,173,Lingo AI,599204246602758,Lingo AI,,IN,1346576071007209,https://www.facebook.com/ads/library/?id=1346576071007209,2026-07-05,,true,false,1,0,,2026-07-05,,"📘 Learn English easily with simple lessons 
😊 Build confidence with everyday speaking practice 
👉 Download now",👉 Download now,Download,https://speaklearnfrenchlingoai.onelink.me/Y67n?pid=metaweb_int&c={{campaign.name}}&af_c_id={{campaign.id}}&af_adset={{adset.name}}&af_adset_id={{adset.id}}&af_ad={{ad.name}}&af_ad_id={{ad.id}}&af_siteid={{site_source_name}},"Facebook,Instagram,Audience Network,Messenger,Threads","📘 Learn English easily with simple lessons 
😊 Build confidence with everyday speaking practice 
👉 Download now",👉 Download now,Download,https://speaklearnfrenchlingoai.onelink.me/Y67n?pid=metaweb_int&c={{campaign.name}}&af_c_id={{campaign.id}}&af_adset={{adset.name}}&af_adset_id={{adset.id}}&af_ad={{ad.name}}&af_ad_id={{ad.id}}&af_siteid={{site_source_name}},Video,"Facebook,Instagram,Audience Network,Messenger,Threads",1,0,9:16,https://video.fblr22-1.fna.fbcdn.net/o1/v/t2/f2/m366/AQNSgy5864hpDbVMudKxe1MrEE4-BvpEa7ofIpMPF5kS1R0pcaLiPFPguO26HS_WIrNsKLgnDCI0MCJPdbb3L92QaL-C6EYFAiES5aZ0sewOew.mp4?_nc_cat=109&_nc_oc=AdqpfwpMFMgSKGgmFjOyg-RNe6IiQSdjN8-jZ_iEhpOgPsYWmnqZHGjhwpT_csz6XYk&_nc_sid=b66105&_nc_ht=video.fblr22-1.fna.fbcdn.net&_nc_ohc=b9OwZ7iGof4Q7kNvwEQtt_F&efg=eyJ2ZW5jb2RlX3RhZyI6Inhwdl9wcm9ncmVzc2l2ZS5WSV9VU0VDQVNFX1BST0RVQ1RfVFlQRS4uQzMuNjA4LmRhc2hfaDI2NC1iYXNpYy1nZW4yXzcyMHAiLCJ4cHZfYXNzZXRfaWQiOjk0MjIzMTU5MTkxMjc1OSwiYXNzZXRfYWdlX2RheXMiOjc2LCJ2aV91c2VjYXNlX2lkIjoxMDEzOSwiZHVyYXRpb25fcyI6NjIsInVybGdlbl9zb3VyY2UiOiJ3d3cifQ%3D%3D&ccb=17-1&vs=f079137964099636&_nc_vs=HBksFQIYRWZiX2VwaGVtZXJhbC82QTQzMTZBRjI4MzM4OEE3N0MzMTJCQUJERUU5NzQ5N19tdF8xX3ZpZGVvX2Rhc2hpbml0Lm1wNBUAAsgBEgAVAhhAZmJfcGVybWFuZW50LzZCNEEyMDgyNzhCRThDQkYxNzc0QTk3OTNGMzA2M0E5X2F1ZGlvX2Rhc2hpbml0Lm1wNBUCAsgBEgAoABgAGwKIB3VzZV9vaWwBMRJwcm9ncmVzc2l2ZV9yZWNpcGUBMRUAACbulKi1jL2sAxUCKAJDMywXQE8IcrAgxJwYGWRhc2hfaDI2NC1iYXNpYy1nZW4yXzcyMHARAHUAZbaeAQA&_nc_gid=NXjp8XA5-AyKgXg7_sA8uA&_nc_ss=7f289&_nc_zt=28&oh=00_AQD5jtezVW0L3fnlJdGmwAZPvgM-VGlyHO5jxXU12axsmA&oe=6A53C6CF,https://scontent.fblr22-1.fna.fbcdn.net/v/t39.35426-6/741081591_2482177635629077_8500824760397350439_n.jpg?_nc_cat=104&ccb=1-7&_nc_sid=c53f8f&_nc_ohc=ekIgkNaeiywQ7kNvwGc9icz&_nc_oc=AdqUNaaU--X719Fef8oFnlLLivHWQGplvrYOzWVSItaovpD2mZJEWpJ1uf1lzhXgo3U&_nc_zt=14&_nc_ht=scontent.fblr22-1.fna&_nc_gid=NXjp8XA5-AyKgXg7_sA8uA&_nc_ss=7f289&oh=00_AQBZZ223e9GNscbseETe5TX4JSzgsIOAt3qFsk2ldh_g-g&oe=6A53C82E,2026-07-12T16:54:39.000Z,2026-07-08
175,174,Lingo AI,599204246602758,Lingo AI,,IN,3998525930448649,https://www.facebook.com/ads/library/?id=3998525930448649,2026-06-30,,true,false,1,0,,2026-06-30,,"📘 Aprenda inglês facilmente com lições simples
😊 Ganhe confiança com a prática diária de conversação
👉 Baixe agora",👉 Baixe agora,Download,https://speaklearnfrenchlingoai.onelink.me/Y67n?pid=metaweb_int&c={{campaign.name}}&af_c_id={{campaign.id}}&af_adset={{adset.name}}&af_adset_id={{adset.id}}&af_ad={{ad.name}}&af_ad_id={{ad.id}}&af_siteid={{site_source_name}},"Facebook,Instagram,Audience Network,Messenger,Threads","📘 Aprenda inglês facilmente com lições simples
😊 Ganhe confiança com a prática diária de conversação
👉 Baixe agora",👉 Baixe agora,Download,https://speaklearnfrenchlingoai.onelink.me/Y67n?pid=metaweb_int&c={{campaign.name}}&af_c_id={{campaign.id}}&af_adset={{adset.name}}&af_adset_id={{adset.id}}&af_ad={{ad.name}}&af_ad_id={{ad.id}}&af_siteid={{site_source_name}},Video,"Facebook,Instagram,Audience Network,Messenger,Threads",1,0,9:16,https://video.fblr22-1.fna.fbcdn.net/o1/v/t2/f2/m366/AQNbHkOsWUalPReCRCFXUn3Tbluo5jKrQ86flAe4gp3XvWOTYKmQeEeWWjsRfs0b8sU-wmbK-hUb-zmCc-jC_-ildpvJ99m-6SIK-XWtxKPJMg.mp4?_nc_cat=104&_nc_oc=Ado783xrnDIgsdJJue3P1mgxKzR2LBe0UO-mn_fwkWvcgvk7JU2fZKRGWARiqCYco7o&_nc_sid=b66105&_nc_ht=video.fblr22-1.fna.fbcdn.net&_nc_ohc=daB93aZYldIQ7kNvwEGdtP9&efg=eyJ2ZW5jb2RlX3RhZyI6Inhwdl9wcm9ncmVzc2l2ZS5WSV9VU0VDQVNFX1BST0RVQ1RfVFlQRS4uQzMuNjA4LmRhc2hfaDI2NC1iYXNpYy1nZW4yXzcyMHAiLCJ4cHZfYXNzZXRfaWQiOjIyMDc2NjA2NTMzOTA0ODYsImFzc2V0X2FnZV9kYXlzIjo2LCJ2aV91c2VjYXNlX2lkIjoxMDEzOSwiZHVyYXRpb25fcyI6MjgsInVybGdlbl9zb3VyY2UiOiJ3d3cifQ%3D%3D&ccb=17-1&vs=7afe5ce591fe828b&_nc_vs=HBksFQIYRWZiX2VwaGVtZXJhbC9FMTRCNkRCRUJEMTBFQ0VEODQxNDFGOTZBQkM0MjA4NV9tdF8xX3ZpZGVvX2Rhc2hpbml0Lm1wNBUAAsgBEgAVAhhAZmJfcGVybWFuZW50LzVCNDBGNDlDMTM0OERGMjI0RkNCOTFGNjc4NUQ3RTlDX2F1ZGlvX2Rhc2hpbml0Lm1wNBUCAsgBEgAoABgAGwKIB3VzZV9vaWwBMRJwcm9ncmVzc2l2ZV9yZWNpcGUBMRUAACasqr3Q4fbrBxUCKAJDMywXQDyiDEm6XjUYGWRhc2hfaDI2NC1iYXNpYy1nZW4yXzcyMHARAHUAZbaeAQA&_nc_gid=NXjp8XA5-AyKgXg7_sA8uA&_nc_ss=7f289&_nc_zt=28&oh=00_AQAlNb0EXM7_LGHSZ_E_qORB2duLe2_8Lo8zI0iFtbTilg&oe=6A53CEE8,https://scontent.fblr22-1.fna.fbcdn.net/v/t39.35426-6/730413744_1547183870485005_4097588257137421171_n.jpg?_nc_cat=102&ccb=1-7&_nc_sid=c53f8f&_nc_ohc=qRCRcrw6ktgQ7kNvwFpSpwY&_nc_oc=Adq_nmkvsm6Rk8Dk65kIxYR_wxErxTH9InnwOgMAP5g8JwApR51RXQdMGatuX8pyKGQ&_nc_zt=14&_nc_ht=scontent.fblr22-1.fna&_nc_gid=NXjp8XA5-AyKgXg7_sA8uA&_nc_ss=7f289&oh=00_AQCCx3f7yh5onILghUtXvqT9kGW0BCyZBbESe2kXxf6EMg&oe=6A53E96D,2026-07-12T17:29:12.000Z,2026-07-08
176,175,Lingo AI,599204246602758,Lingo AI,,IN,876246278871299,https://www.facebook.com/ads/library/?id=876246278871299,2026-07-05,,true,false,1,0,,2026-07-05,,"📘 Learn English easily with simple lessons 
😊 Build confidence with everyday speaking practice 
👉 Download now",👉 Download now,Download,https://speaklearnfrenchlingoai.onelink.me/Y67n?pid=metaweb_int&c={{campaign.name}}&af_c_id={{campaign.id}}&af_adset={{adset.name}}&af_adset_id={{adset.id}}&af_ad={{ad.name}}&af_ad_id={{ad.id}}&af_siteid={{site_source_name}},"Facebook,Instagram,Audience Network,Messenger,Threads","📘 Learn English easily with simple lessons 
😊 Build confidence with everyday speaking practice 
👉 Download now",👉 Download now,Download,https://speaklearnfrenchlingoai.onelink.me/Y67n?pid=metaweb_int&c={{campaign.name}}&af_c_id={{campaign.id}}&af_adset={{adset.name}}&af_adset_id={{adset.id}}&af_ad={{ad.name}}&af_ad_id={{ad.id}}&af_siteid={{site_source_name}},Video,"Facebook,Instagram,Audience Network,Messenger,Threads",1,0,9:16,https://video.fblr22-2.fna.fbcdn.net/o1/v/t2/f2/m366/AQPr0no6ZIxlLFSTUGYQzpm-l5W7yTtIH9l4mVmQ6gNQFUsP7ek8bIBx4degfF4meLqI9ZplUNd0abdnQh_9OvKbOgYONU28tZ41VsOPfsejiA.mp4?_nc_cat=107&_nc_oc=Adq09BRVsYso4ArlbBv5RZqOX1XMbPw1k6cVgK63JK8h1h-_9GBYKTRCa5ZELXTWQik&_nc_sid=b66105&_nc_ht=video.fblr22-2.fna.fbcdn.net&_nc_ohc=PI5vtc7Vr80Q7kNvwHjo4LO&efg=eyJ2ZW5jb2RlX3RhZyI6Inhwdl9wcm9ncmVzc2l2ZS5WSV9VU0VDQVNFX1BST0RVQ1RfVFlQRS4uQzMuNjA4LmRhc2hfaDI2NC1iYXNpYy1nZW4yXzcyMHAiLCJ4cHZfYXNzZXRfaWQiOjk0MjE5MzcwNTEzMzI0NSwiYXNzZXRfYWdlX2RheXMiOjcsInZpX3VzZWNhc2VfaWQiOjEwMTM5LCJkdXJhdGlvbl9zIjo2OSwidXJsZ2VuX3NvdXJjZSI6Ind3dyJ9&ccb=17-1&vs=f43408f185c2a2d&_nc_vs=HBksFQIYRWZiX2VwaGVtZXJhbC9DOTRDNDI0NDkxMjM1NDI4RDlDMDU2OTcyODAyNkNCRl9tdF8xX3ZpZGVvX2Rhc2hpbml0Lm1wNBUAAsgBEgAVAhhAZmJfcGVybWFuZW50L0VBNEY1NjhDOUQzRjFBMjg2RDY0NjdBQjQzMzZFRUIzX2F1ZGlvX2Rhc2hpbml0Lm1wNBUCAsgBEgAoABgAGwKIB3VzZV9vaWwBMRJwcm9ncmVzc2l2ZV9yZWNpcGUBMRUAACb6ktWR8rqsAxUCKAJDMywXQFFgAAAAAAAYGWRhc2hfaDI2NC1iYXNpYy1nZW4yXzcyMHARAHUAZbaeAQA&_nc_gid=NXjp8XA5-AyKgXg7_sA8uA&_nc_ss=7f289&_nc_zt=28&oh=00_AQCD54y8g1vwOmk2Zgnz-xCHqDvVRYQ1ruHAX7OX_5oU1w&oe=6A53DF11,https://scontent.fblr22-1.fna.fbcdn.net/v/t39.35426-6/739931579_1759555668535332_2730245740312470742_n.jpg?_nc_cat=104&ccb=1-7&_nc_sid=c53f8f&_nc_ohc=FcLp9VLBzkUQ7kNvwH666xn&_nc_oc=AdqVTx4LhoYJxj6Zvz8hsT7QcKggw1kUWjkGQS_pVmWgVOsMReMcLTE4XHT4cJ2bVbA&_nc_zt=14&_nc_ht=scontent.fblr22-1.fna&_nc_gid=NXjp8XA5-AyKgXg7_sA8uA&_nc_ss=7f289&oh=00_AQCBRstA8NPuefWiYKbcCjEKRaVjfdPPzpbxCjvvtZU5bw&oe=6A53EE5C,2026-07-12T18:38:09.000Z,2026-07-08
177,176,Lingo AI,599204246602758,Lingo AI,,IN,2244310299637878,https://www.facebook.com/ads/library/?id=2244310299637878,2026-07-06,,true,false,1,0,,2026-07-06,,"🌍 Learn real English for everyday life 
🗣 Practice speaking with simple lessons 
⏱ Just 5 minutes a day 
👉 Download now",👉 Download now,Download,https://speaklearnfrenchlingoai.onelink.me/Y67n?pid=metaweb_int&c={{campaign.name}}&af_c_id={{campaign.id}}&af_adset={{adset.name}}&af_adset_id={{adset.id}}&af_ad={{ad.name}}&af_ad_id={{ad.id}}&af_siteid={{site_source_name}},"Facebook,Instagram,Audience Network,Messenger,Threads","🌍 Learn real English for everyday life 
🗣 Practice speaking with simple lessons 
⏱ Just 5 minutes a day 
👉 Download now",👉 Download now,Download,https://speaklearnfrenchlingoai.onelink.me/Y67n?pid=metaweb_int&c={{campaign.name}}&af_c_id={{campaign.id}}&af_adset={{adset.name}}&af_adset_id={{adset.id}}&af_ad={{ad.name}}&af_ad_id={{ad.id}}&af_siteid={{site_source_name}},Video,"Facebook,Instagram,Audience Network,Messenger,Threads",1,0,9:16,https://video.fblr22-1.fna.fbcdn.net/o1/v/t2/f2/m366/AQNPHUtkh_iZzkS2S7nWd6TIoc1nLBCRn_CNuHMlersL1H6fk68bcoLTgjxp9DCm1wnNPuiOpN1ON7ZZ0Dl12WnWrCOGibqEcYlpCWI_mFZldw.mp4?_nc_cat=102&_nc_oc=Adq2rxDAc4L__Ylg8afgA0l240yNpwVrmwbPsjb4uScu0pkjAahNKWZbrmFxky9J314&_nc_sid=b66105&_nc_ht=video.fblr22-1.fna.fbcdn.net&_nc_ohc=a7JlgdHSkZwQ7kNvwGjMg4b&efg=eyJ2ZW5jb2RlX3RhZyI6Inhwdl9wcm9ncmVzc2l2ZS5WSV9VU0VDQVNFX1BST0RVQ1RfVFlQRS4uQzMuNjA4LmRhc2hfaDI2NC1iYXNpYy1nZW4yXzcyMHAiLCJ4cHZfYXNzZXRfaWQiOjIyMDA5NzA4OTA2NTY4MzgsImFzc2V0X2FnZV9kYXlzIjo1LCJ2aV91c2VjYXNlX2lkIjoxMDEzOSwiZHVyYXRpb25fcyI6MzYsInVybGdlbl9zb3VyY2UiOiJ3d3cifQ%3D%3D&ccb=17-1&vs=97ed1d379057af31&_nc_vs=HBksFQIYRWZiX2VwaGVtZXJhbC83RDQxNDhFMDc2QUUyODkwNjVENUU1Qjg0NjZBMDc5M19tdF8xX3ZpZGVvX2Rhc2hpbml0Lm1wNBUAAsgBEgAVAhhAZmJfcGVybWFuZW50LzcwNEQyN0Q3NUU5RTkwMUMwOENCMEM4M0NDREVGQjk1X2F1ZGlvX2Rhc2hpbml0Lm1wNBUCAsgBEgAoABgAGwKIB3VzZV9vaWwBMRJwcm9ncmVzc2l2ZV9yZWNpcGUBMRUAACaM8cmBr_HoBxUCKAJDMywXQEIqn752yLQYGWRhc2hfaDI2NC1iYXNpYy1nZW4yXzcyMHARAHUAZbaeAQA&_nc_gid=NXjp8XA5-AyKgXg7_sA8uA&_nc_ss=7f289&_nc_zt=28&oh=00_AQBX8OM3pxmWCIp5ZxH7XIBt1D1lM3xRiFyOA62VzPu8OQ&oe=6A53EA16,https://scontent.fblr22-2.fna.fbcdn.net/v/t39.35426-6/736921498_1359213562833613_6113821415105923507_n.jpg?_nc_cat=110&ccb=1-7&_nc_sid=c53f8f&_nc_ohc=gJhgfhkqFLUQ7kNvwHZBLvr&_nc_oc=AdqAfIaJxyJEsaWTUkZ8pNeT1egmdd5zAHdVWycNVmaReqk2JsbnL2-eZEKnXrHczqU&_nc_zt=14&_nc_ht=scontent.fblr22-2.fna&_nc_gid=NXjp8XA5-AyKgXg7_sA8uA&_nc_ss=7f289&oh=00_AQBigUaNK2-GJTy0NCmdti7CRs5J7dWn1vuinqkE2mwg7w&oe=6A53F109,2026-07-12T19:25:10.000Z,2026-07-08
178,177,Lingo AI,599204246602758,Lingo AI,,IN,2216824899072586,https://www.facebook.com/ads/library/?id=2216824899072586,2026-07-06,,true,false,1,0,,2026-07-06,,"🌍 تعلّم الإنجليزية الحقيقية للحياة اليومية
🗣 تدرّب على التحدث من خلال دروس بسيطة
⏱ فقط 5 دقائق يوميًا
👉 حمّل الآن",👉 حمّل الآن,Download,https://speaklearnfrenchlingoai.onelink.me/Y67n?pid=metaweb_int&c={{campaign.name}}&af_c_id={{campaign.id}}&af_adset={{adset.name}}&af_adset_id={{adset.id}}&af_ad={{ad.name}}&af_ad_id={{ad.id}}&af_siteid={{site_source_name}},"Facebook,Instagram,Audience Network,Messenger,Threads","🌍 تعلّم الإنجليزية الحقيقية للحياة اليومية
🗣 تدرّب على التحدث من خلال دروس بسيطة
⏱ فقط 5 دقائق يوميًا
👉 حمّل الآن",👉 حمّل الآن,Download,https://speaklearnfrenchlingoai.onelink.me/Y67n?pid=metaweb_int&c={{campaign.name}}&af_c_id={{campaign.id}}&af_adset={{adset.name}}&af_adset_id={{adset.id}}&af_ad={{ad.name}}&af_ad_id={{ad.id}}&af_siteid={{site_source_name}},Video,"Facebook,Instagram,Audience Network,Messenger,Threads",1,0,9:16,https://video.fblr22-1.fna.fbcdn.net/o1/v/t2/f2/m366/AQM1YZTEpuCedIbMcM50vRXpEu8TL6jQz7l68_pEEaABsMtX66snpsrbFfLy12vvc-th0XvVfMTUBez8JEaIEJy5VCzJCqgtb2eLFHgYDz6_wg.mp4?_nc_cat=106&_nc_oc=AdppyX0awzELnAH3cGj8nb0SW8KO6V2zqJzay6WiJu-FDF_rt0zdv4a4g73gUb5RhdA&_nc_sid=b66105&_nc_ht=video.fblr22-1.fna.fbcdn.net&_nc_ohc=s1rJdl7BMFoQ7kNvwFfsVD5&efg=eyJ2ZW5jb2RlX3RhZyI6Inhwdl9wcm9ncmVzc2l2ZS5WSV9VU0VDQVNFX1BST0RVQ1RfVFlQRS4uQzMuNjA4LmRhc2hfaDI2NC1iYXNpYy1nZW4yXzcyMHAiLCJ4cHZfYXNzZXRfaWQiOjE0MDEzMTQyODIwNDcxNDIsImFzc2V0X2FnZV9kYXlzIjo1OCwidmlfdXNlY2FzZV9pZCI6MTAxMzksImR1cmF0aW9uX3MiOjI0LCJ1cmxnZW5fc291cmNlIjoid3d3In0%3D&ccb=17-1&vs=3491b624feb03a21&_nc_vs=HBksFQIYRWZiX2VwaGVtZXJhbC8zNjQyNDRDNDk3QzM2OEY4MDhDRUIwODIzRjBDNUNCRl9tdF8xX3ZpZGVvX2Rhc2hpbml0Lm1wNBUAAsgBEgAVAhhAZmJfcGVybWFuZW50LzU2NDc3NkU5ODg2QzZGOEE2MUZGRjE1NzIwREEwRTg5X2F1ZGlvX2Rhc2hpbml0Lm1wNBUCAsgBEgAoABgAGwKIB3VzZV9vaWwBMRJwcm9ncmVzc2l2ZV9yZWNpcGUBMRUAACbMmoCAnZ_9BBUCKAJDMywXQDjVP3ztkWgYGWRhc2hfaDI2NC1iYXNpYy1nZW4yXzcyMHARAHUAZbaeAQA&_nc_gid=NXjp8XA5-AyKgXg7_sA8uA&_nc_ss=7f289&_nc_zt=28&oh=00_AQB8CmgOMOD_Wgc-VnLCARVpBQDqkNkq3fcdBV5H_yNoIQ&oe=6A53F202,https://scontent.fblr22-1.fna.fbcdn.net/v/t39.35426-6/738416644_1699852518009803_7789728481019199063_n.jpg?_nc_cat=106&ccb=1-7&_nc_sid=c53f8f&_nc_ohc=KklUu-3_mDgQ7kNvwF7nJ0w&_nc_oc=AdpZ_g_cb1Ntm90ieO5-qkqgPnag-cxytSTh7ydAVT2BcB8mBvkcU5hndhEgWkaABWs&_nc_zt=14&_nc_ht=scontent.fblr22-1.fna&_nc_gid=NXjp8XA5-AyKgXg7_sA8uA&_nc_ss=7f289&oh=00_AQCKhoZq0XS_iZdz2TzN2rdB6QHE1pKude1n-6wtyXWq_w&oe=6A53C643,2026-07-12T19:58:58.000Z,2026-07-08
179,178,Lingo AI,599204246602758,Lingo AI,,IN,1586688439739874,https://www.facebook.com/ads/library/?id=1586688439739874,2026-07-06,,false,false,1,0,,2026-07-06,,"🌍 Learn real English for everyday life 
🗣 Practice speaking with simple lessons 
⏱ Just 5 minutes a day 
👉 Download now",👉 Download now,Download,https://speaklearnfrenchlingoai.onelink.me/Y67n?pid=metaweb_int&c={{campaign.name}}&af_c_id={{campaign.id}}&af_adset={{adset.name}}&af_adset_id={{adset.id}}&af_ad={{ad.name}}&af_ad_id={{ad.id}}&af_siteid={{site_source_name}},"Facebook,Instagram,Audience Network,Messenger,Threads","🌍 Learn real English for everyday life 
🗣 Practice speaking with simple lessons 
⏱ Just 5 minutes a day 
👉 Download now",👉 Download now,Download,https://speaklearnfrenchlingoai.onelink.me/Y67n?pid=metaweb_int&c={{campaign.name}}&af_c_id={{campaign.id}}&af_adset={{adset.name}}&af_adset_id={{adset.id}}&af_ad={{ad.name}}&af_ad_id={{ad.id}}&af_siteid={{site_source_name}},Video,"Facebook,Instagram,Audience Network,Messenger,Threads",1,0,9:16,https://video.fblr22-2.fna.fbcdn.net/o1/v/t2/f2/m366/AQP2PfdcdT6Cv1nibx2RIp5D7BPqBO2GwbZbvZ4XrpLjr4aAfdPQDxpgCkQ2EI-bcdAhD09W75bsxGyQ8FLXmU2jIYobo6lNXHlWWK4qARHZ0g.mp4?_nc_cat=105&_nc_oc=AdrzgOaZJ-Umfc_CvIaQDb9YSQvSIY_5hKerib4b53HSHBNV22koaTafhVRebA56GXc&_nc_sid=b66105&_nc_ht=video.fblr22-2.fna.fbcdn.net&_nc_ohc=Kvd-XcitILoQ7kNvwGiCkux&efg=eyJ2ZW5jb2RlX3RhZyI6Inhwdl9wcm9ncmVzc2l2ZS5WSV9VU0VDQVNFX1BST0RVQ1RfVFlQRS4uQzMuNjA4LmRhc2hfaDI2NC1iYXNpYy1nZW4yXzcyMHAiLCJ4cHZfYXNzZXRfaWQiOjE2OTE3MDM2MTU0NDA3NDIsImFzc2V0X2FnZV9kYXlzIjo1LCJ2aV91c2VjYXNlX2lkIjoxMDEzOSwiZHVyYXRpb25fcyI6MzEsInVybGdlbl9zb3VyY2UiOiJ3d3cifQ%3D%3D&ccb=17-1&vs=dc9d7a215018a120&_nc_vs=HBksFQIYRWZiX2VwaGVtZXJhbC84OTRGMDBGRDZCNTAwQjk4NERCRDNEQUIzMzNGMURBOV9tdF8xX3ZpZGVvX2Rhc2hpbml0Lm1wNBUAAsgBEgAVAhhAZmJfcGVybWFuZW50LzMyNEQ3MjY5NjM1OUI5OTkzNUU4OEVBRUFBNDk5MDk1X2F1ZGlvX2Rhc2hpbml0Lm1wNBUCAsgBEgAoABgAGwKIB3VzZV9vaWwBMRJwcm9ncmVzc2l2ZV9yZWNpcGUBMRUAACbMnYKRjqaBBhUCKAJDMywXQD8zMzMzMzMYGWRhc2hfaDI2NC1iYXNpYy1nZW4yXzcyMHARAHUAZbaeAQA&_nc_gid=NXjp8XA5-AyKgXg7_sA8uA&_nc_ss=7f289&_nc_zt=28&oh=00_AQDUgyV_h4awmjLK92aqfXfpGhJFDMQ0yekre8_fnaa5Mg&oe=6A53C0AF,https://scontent.fblr22-2.fna.fbcdn.net/v/t39.35426-6/737543613_1037550581934231_7530324985390057850_n.jpg?_nc_cat=105&ccb=1-7&_nc_sid=c53f8f&_nc_ohc=YEcr1u4kEMUQ7kNvwEVyvFW&_nc_oc=AdpOcas-RJvaGGuVWWAstHrVJ8_TfEiAuZzZ-ASI3s9oKQzSNiaSDn9Q38vKzWVYimE&_nc_zt=14&_nc_ht=scontent.fblr22-2.fna&_nc_gid=NXjp8XA5-AyKgXg7_sA8uA&_nc_ss=7f289&oh=00_AQDlEOFCh7dqUMJ7n3C3zNqcnjmbgbfaonh6Z9woo5WDnA&oe=6A53D963,2026-07-12T16:28:31.000Z,2026-07-08
180,179,Lingo AI,599204246602758,Lingo AI,,IN,1646364236435916,https://www.facebook.com/ads/library/?id=1646364236435916,2026-07-06,,true,false,1,0,,2026-07-06,,"📘 Learn English easily with simple lessons 
😊 Build confidence with everyday speaking practice 
👉 Download now",👉 Download now,Download,https://speaklearnfrenchlingoai.onelink.me/Y67n?pid=metaweb_int&c={{campaign.name}}&af_c_id={{campaign.id}}&af_adset={{adset.name}}&af_adset_id={{adset.id}}&af_ad={{ad.name}}&af_ad_id={{ad.id}}&af_siteid={{site_source_name}},"Facebook,Instagram,Audience Network,Messenger,Threads","📘 Learn English easily with simple lessons 
😊 Build confidence with everyday speaking practice 
👉 Download now",👉 Download now,Download,https://speaklearnfrenchlingoai.onelink.me/Y67n?pid=metaweb_int&c={{campaign.name}}&af_c_id={{campaign.id}}&af_adset={{adset.name}}&af_adset_id={{adset.id}}&af_ad={{ad.name}}&af_ad_id={{ad.id}}&af_siteid={{site_source_name}},Video,"Facebook,Instagram,Audience Network,Messenger,Threads",1,0,9:16,https://video.fblr22-2.fna.fbcdn.net/o1/v/t2/f2/m366/AQMuirGC5HWENyIDFVK80MeNQHaWAIk4lCmek6O_w5NZIgIpWUzWKq_WR7CTJmoSE81fkdzTwTp1mYQrotOshie_bzk9c7kVyGvKzrEHRWbUSQ.mp4?_nc_cat=105&_nc_oc=AdrQYnJN6RtY93PkxpASiBuHe-rMU49g-GXn34cRcZr0wgBJUgRG-45xhWszAnD99oo&_nc_sid=b66105&_nc_ht=video.fblr22-2.fna.fbcdn.net&_nc_ohc=zly4_mk_H1sQ7kNvwH3vjo0&efg=eyJ2ZW5jb2RlX3RhZyI6Inhwdl9wcm9ncmVzc2l2ZS5WSV9VU0VDQVNFX1BST0RVQ1RfVFlQRS4uQzMuNzIwLmRhc2hfaDI2NC1iYXNpYy1nZW4yXzcyMHAiLCJ4cHZfYXNzZXRfaWQiOjEwMjYzNTk1NDM0NjIzMDAsImFzc2V0X2FnZV9kYXlzIjowLCJ2aV91c2VjYXNlX2lkIjoxMDEzOSwiZHVyYXRpb25fcyI6NzUsInVybGdlbl9zb3VyY2UiOiJ3d3cifQ%3D%3D&ccb=17-1&vs=b933c30c3d1c3d4&_nc_vs=HBksFQIYRWZiX2VwaGVtZXJhbC9FQzQ5NDAxRkM2NzRGRjUxREZGRjA5MDYwQzkyNUU4Ml9tdF8xX3ZpZGVvX2Rhc2hpbml0Lm1wNBUAAsgBEgAVAhhAZmJfcGVybWFuZW50LzZBNEE5RTNCMjBBREJFMzIxOTM5NUJGMjgwRjkzNjk1X2F1ZGlvX2Rhc2hpbml0Lm1wNBUCAsgBEgAoABgAGwKIB3VzZV9vaWwBMRJwcm9ncmVzc2l2ZV9yZWNpcGUBMRUAACa45v-__t3SAxUCKAJDMywXQFLiHKwIMScYGWRhc2hfaDI2NC1iYXNpYy1nZW4yXzcyMHARAHUAZbaeAQA&_nc_gid=NXjp8XA5-AyKgXg7_sA8uA&_nc_ss=7f289&_nc_zt=28&oh=00_AQBQB23mY9NSwQSHR1rOT-or7f9md0i8_Tph_GCAMqs6Cw&oe=6A53D2C3,https://scontent.fblr22-2.fna.fbcdn.net/v/t39.35426-6/739782075_1517721712594349_1683366576596297447_n.jpg?_nc_cat=110&ccb=1-7&_nc_sid=c53f8f&_nc_ohc=Cc1DxUUNyM8Q7kNvwEGsZlc&_nc_oc=Adqtqfm3keAJEOwtB3rvoGIFX0AxNLn5T3z9bK7L3xQDmzsSHXmAPf-w-dWjBWcTMng&_nc_zt=14&_nc_ht=scontent.fblr22-2.fna&_nc_gid=NXjp8XA5-AyKgXg7_sA8uA&_nc_ss=7f289&oh=00_AQBE5x3TugJTZoWsSD8pZrN3MU48GWirWPY07MdNZcHcvA&oe=6A53C7B9,2026-07-12T17:45:39.000Z,2026-07-08
181,180,Lingo AI,599204246602758,Lingo AI,,IN,1872503484122617,https://www.facebook.com/ads/library/?id=1872503484122617,2026-07-06,,false,false,1,0,,2026-07-06,,"📘 Learn English easily with simple lessons 
😊 Build confidence with everyday speaking practice 
👉 Download now",👉 Download now,Download,https://speaklearnfrenchlingoai.onelink.me/Y67n?pid=metaweb_int&c={{campaign.name}}&af_c_id={{campaign.id}}&af_adset={{adset.name}}&af_adset_id={{adset.id}}&af_ad={{ad.name}}&af_ad_id={{ad.id}}&af_siteid={{site_source_name}},"Facebook,Instagram,Audience Network,Messenger,Threads","📘 Learn English easily with simple lessons 
😊 Build confidence with everyday speaking practice 
👉 Download now",👉 Download now,Download,https://speaklearnfrenchlingoai.onelink.me/Y67n?pid=metaweb_int&c={{campaign.name}}&af_c_id={{campaign.id}}&af_adset={{adset.name}}&af_adset_id={{adset.id}}&af_ad={{ad.name}}&af_ad_id={{ad.id}}&af_siteid={{site_source_name}},Video,"Facebook,Instagram,Audience Network,Messenger,Threads",1,0,9:16,https://video.fblr22-2.fna.fbcdn.net/o1/v/t2/f2/m366/AQOwkllEpgQQXx2voVVZ6PflnLe6uZB37rGxZc7hrhqwlgs10T43XH2qQIXCEgiPIRTXlA520Zhx2yl1Bo2XirY2P2ki227icosR831yHb4Nfw.mp4?_nc_cat=110&_nc_oc=AdoyLyNr2X_iq1knbjR-4Q3yuuS4eTuKCGwdmfVVeCydChKJ3xoNrePDLWUKfcXiTFs&_nc_sid=b66105&_nc_ht=video.fblr22-2.fna.fbcdn.net&_nc_ohc=YMK6C3mGJ9MQ7kNvwGme0_M&efg=eyJ2ZW5jb2RlX3RhZyI6Inhwdl9wcm9ncmVzc2l2ZS5WSV9VU0VDQVNFX1BST0RVQ1RfVFlQRS4uQzMuNzIwLmRhc2hfaDI2NC1iYXNpYy1nZW4yXzcyMHAiLCJ4cHZfYXNzZXRfaWQiOjEzMzQzMzkwMjE2MTA2ODUsImFzc2V0X2FnZV9kYXlzIjowLCJ2aV91c2VjYXNlX2lkIjoxMDEzOSwiZHVyYXRpb25fcyI6OTIsInVybGdlbl9zb3VyY2UiOiJ3d3cifQ%3D%3D&ccb=17-1&vs=5cbebf1e3243087&_nc_vs=HBksFQIYRWZiX2VwaGVtZXJhbC9BODQ3MzZBNjFENzM4MDAxMjIwRjg3NzhDRjA3NzE4QV9tdF8xX3ZpZGVvX2Rhc2hpbml0Lm1wNBUAAsgBEgAVAhhAZmJfcGVybWFuZW50LzJBNDU4RkNFQkRFQUIyOTk3MkVERTJBRTM3MDg5RkFBX2F1ZGlvX2Rhc2hpbml0Lm1wNBUCAsgBEgAoABgAGwKIB3VzZV9vaWwBMRJwcm9ncmVzc2l2ZV9yZWNpcGUBMRUAACb6-qS24OTeBBUCKAJDMywXQFcXbItDlYEYGWRhc2hfaDI2NC1iYXNpYy1nZW4yXzcyMHARAHUAZbaeAQA&_nc_gid=DMUvjCLpzJ2EzEZBNCke_g&_nc_ss=7f289&_nc_zt=28&oh=00_AQDC7bm6YJsdo-UZ9YTnKAM_Bow-JNQlZxnxh6tk5w43Mg&oe=6A53CAAE,https://scontent.fblr22-1.fna.fbcdn.net/v/t39.35426-6/739835877_2913671812334641_3362399274171114659_n.jpg?_nc_cat=103&ccb=1-7&_nc_sid=c53f8f&_nc_ohc=hC70kD2mTmUQ7kNvwHB_CIk&_nc_oc=Adrm2VL_pp4inu8BUBRzIpeqyvoRFz2fpigsY8EQbXUcQd6l1i73gWRNoJEayMshCNk&_nc_zt=14&_nc_ht=scontent.fblr22-1.fna&_nc_gid=DMUvjCLpzJ2EzEZBNCke_g&_nc_ss=7f289&oh=00_AQCpplZpMkcix4C1MITfC3zwL6yR0CpwFyyp3onGgJywxA&oe=6A53C6F0,2026-07-12T17:11:10.000Z,2026-07-08
182,181,Lingo AI,599204246602758,Lingo AI,,IN,2835919553430571,https://www.facebook.com/ads/library/?id=2835919553430571,2026-07-05,,true,false,1,0,,2026-07-05,,"📘 Learn English easily with simple lessons 
😊 Build confidence with everyday speaking practice 
👉 Download now",👉 Download now,Download,https://speaklearnfrenchlingoai.onelink.me/Y67n?pid=metaweb_int&c={{campaign.name}}&af_c_id={{campaign.id}}&af_adset={{adset.name}}&af_adset_id={{adset.id}}&af_ad={{ad.name}}&af_ad_id={{ad.id}}&af_siteid={{site_source_name}},"Facebook,Instagram,Audience Network,Messenger,Threads","📘 Learn English easily with simple lessons 
😊 Build confidence with everyday speaking practice 
👉 Download now",👉 Download now,Download,https://speaklearnfrenchlingoai.onelink.me/Y67n?pid=metaweb_int&c={{campaign.name}}&af_c_id={{campaign.id}}&af_adset={{adset.name}}&af_adset_id={{adset.id}}&af_ad={{ad.name}}&af_ad_id={{ad.id}}&af_siteid={{site_source_name}},Video,"Facebook,Instagram,Audience Network,Messenger,Threads",1,0,9:16,https://video.fblr22-1.fna.fbcdn.net/o1/v/t2/f2/m366/AQNaMFY-1PqDd-t0AJDqjBX4-Jggwu1utW-axK3YtFB50nCtku81al70KZr_uv-30_v0qb0lHm6kIWX-RGzuQyUHTTi2766N3fsImnF9x1EhVA.mp4?_nc_cat=101&_nc_oc=AdqwMNHyp7eUIl_28BbhDjK_A2NKgxPyn4PZYLC8Vd_FZ3Ky35ANDfF-WBhiUDLLMO4&_nc_sid=b66105&_nc_ht=video.fblr22-1.fna.fbcdn.net&_nc_ohc=UQm9yxldPO0Q7kNvwGhXQoY&efg=eyJ2ZW5jb2RlX3RhZyI6Inhwdl9wcm9ncmVzc2l2ZS5WSV9VU0VDQVNFX1BST0RVQ1RfVFlQRS4uQzMuNjA4LmRhc2hfaDI2NC1iYXNpYy1nZW4yXzcyMHAiLCJ4cHZfYXNzZXRfaWQiOjE1NDAxNDU1ODA5Nzk5OTIsImFzc2V0X2FnZV9kYXlzIjo3LCJ2aV91c2VjYXNlX2lkIjoxMDEzOSwiZHVyYXRpb25fcyI6NTUsInVybGdlbl9zb3VyY2UiOiJ3d3cifQ%3D%3D&ccb=17-1&vs=5ba013176592f871&_nc_vs=HBksFQIYRWZiX2VwaGVtZXJhbC81OTQ5RkEzRUQxOTdEOUE0NjU1MTNBRkVENzQ1N0M5MF9tdF8xX3ZpZGVvX2Rhc2hpbml0Lm1wNBUAAsgBEgAVAhhAZmJfcGVybWFuZW50LzM4NDYwQ0Y1NjRERDUxMEU0NUM4NUVBNjM2QUFBRDk4X2F1ZGlvX2Rhc2hpbml0Lm1wNBUCAsgBEgAoABgAGwKIB3VzZV9vaWwBMRJwcm9ncmVzc2l2ZV9yZWNpcGUBMRUAACaw3I3korC8BRUCKAJDMywXQEuRBiTdLxsYGWRhc2hfaDI2NC1iYXNpYy1nZW4yXzcyMHARAHUAZbaeAQA&_nc_gid=DMUvjCLpzJ2EzEZBNCke_g&_nc_ss=7f289&_nc_zt=28&oh=00_AQAM7LDajRAS-wg30PzRNdy0uaXJ2tz8vxeOS17vOKXJ9A&oe=6A53D2FB,https://scontent.fblr22-2.fna.fbcdn.net/v/t39.35426-6/741643117_1630030808064071_772947821225859995_n.jpg?_nc_cat=111&ccb=1-7&_nc_sid=c53f8f&_nc_ohc=UmyHtcMDn1AQ7kNvwFdpskV&_nc_oc=AdrS6JEF9nQ5sY8P1IHqIn5AT7vocChgQdVPeY9d1_P5_Yrtt_-WT8HjASOxaleTNqc&_nc_zt=14&_nc_ht=scontent.fblr22-2.fna&_nc_gid=DMUvjCLpzJ2EzEZBNCke_g&_nc_ss=7f289&oh=00_AQCueumGpioyNo4HMYHHjBPavzJonMvP5Sf-t-E-YQCVFA&oe=6A53BFC6,2026-07-12T17:46:35.000Z,2026-07-08
183,182,Lingo AI,599204246602758,Lingo AI,,IN,3574217732726236,https://www.facebook.com/ads/library/?id=3574217732726236,2026-07-06,,false,false,1,0,,2026-07-06,,"🌍 Learn real English for everyday life 
🗣 Practice speaking with simple lessons 
⏱ Just 5 minutes a day 
👉 Download now",👉 Download now,Download,https://speaklearnfrenchlingoai.onelink.me/Y67n?pid=metaweb_int&c={{campaign.name}}&af_c_id={{campaign.id}}&af_adset={{adset.name}}&af_adset_id={{adset.id}}&af_ad={{ad.name}}&af_ad_id={{ad.id}}&af_siteid={{site_source_name}},"Facebook,Instagram,Audience Network,Messenger,Threads","🌍 Learn real English for everyday life 
🗣 Practice speaking with simple lessons 
⏱ Just 5 minutes a day 
👉 Download now",👉 Download now,Download,https://speaklearnfrenchlingoai.onelink.me/Y67n?pid=metaweb_int&c={{campaign.name}}&af_c_id={{campaign.id}}&af_adset={{adset.name}}&af_adset_id={{adset.id}}&af_ad={{ad.name}}&af_ad_id={{ad.id}}&af_siteid={{site_source_name}},Video,"Facebook,Instagram,Audience Network,Messenger,Threads",1,0,9:16,https://video.fblr22-2.fna.fbcdn.net/o1/v/t2/f2/m366/AQPZl8OSZsqnEI_1J2__NwhAirEaROqeX58SxdGCBznjypV4YsJZre7yiLDvKXAQK_1YL31P8_V9u4cMJShVaa-2Wgg5nw0XP59hiBt98M9Iiw.mp4?_nc_cat=107&_nc_oc=AdoGAaHSsXfJur1c5fPZVgSHHG3RSdcyOUfI0GMVI5doTRZ_as4hoh6Fid8KIw9FB8I&_nc_sid=b66105&_nc_ht=video.fblr22-2.fna.fbcdn.net&_nc_ohc=BRHhAQ3CFKsQ7kNvwEAeCpb&efg=eyJ2ZW5jb2RlX3RhZyI6Inhwdl9wcm9ncmVzc2l2ZS5WSV9VU0VDQVNFX1BST0RVQ1RfVFlQRS4uQzMuNjA4LmRhc2hfaDI2NC1iYXNpYy1nZW4yXzcyMHAiLCJ4cHZfYXNzZXRfaWQiOjEwNTgzNzI1NTAwMzUwNDcsImFzc2V0X2FnZV9kYXlzIjo1LCJ2aV91c2VjYXNlX2lkIjoxMDEzOSwiZHVyYXRpb25fcyI6MzcsInVybGdlbl9zb3VyY2UiOiJ3d3cifQ%3D%3D&ccb=17-1&vs=9669e3369b58328c&_nc_vs=HBksFQIYRWZiX2VwaGVtZXJhbC8xNDQwQUE2NEE4NzNERTVENUNDRTg1OEM4N0UyODQ4RF9tdF8xX3ZpZGVvX2Rhc2hpbml0Lm1wNBUAAsgBEgAVAhhAZmJfcGVybWFuZW50LzhGNEZFRUU0NkQwMTE1QUQ4Mzk4MUU5Q0MzNURCOTlCX2F1ZGlvX2Rhc2hpbml0Lm1wNBUCAsgBEgAoABgAGwKIB3VzZV9vaWwBMRJwcm9ncmVzc2l2ZV9yZWNpcGUBMRUAACbOmZT-saXhAxUCKAJDMywXQEKmZmZmZmYYGWRhc2hfaDI2NC1iYXNpYy1nZW4yXzcyMHARAHUAZbaeAQA&_nc_gid=DMUvjCLpzJ2EzEZBNCke_g&_nc_ss=7f289&_nc_zt=28&oh=00_AQDZZf4jzdNjAm22An830FAJk2VXsHgcJMP7C25Sn-DYOw&oe=6A53C2ED,https://scontent.fblr22-2.fna.fbcdn.net/v/t39.35426-6/736198343_1492603195477147_8160281191500957207_n.jpg?_nc_cat=100&ccb=1-7&_nc_sid=c53f8f&_nc_ohc=KpW_KaXpK-kQ7kNvwFF8t4w&_nc_oc=AdpIBoVsFFJr0Pvi3Z0e4lVbMmIP68WlEa9kpujMtal3g1fQT9OkE54Cn02tJw1Dadw&_nc_zt=14&_nc_ht=scontent.fblr22-2.fna&_nc_gid=DMUvjCLpzJ2EzEZBNCke_g&_nc_ss=7f289&oh=00_AQCAoXvWVQm9BRqanyEChavA8bUhoWeuxpS5KWWPdXIgrA&oe=6A53E21D,2026-07-12T16:38:05.000Z,2026-07-08
184,183,Lingo AI,599204246602758,Lingo AI,,IN,1033719695837761,https://www.facebook.com/ads/library/?id=1033719695837761,2026-07-06,,true,false,1,0,,2026-07-06,,"🌍 Learn real English for everyday life 
🗣 Practice speaking with simple lessons 
⏱ Just 5 minutes a day 
👉 Download now",👉 Download now,Download,https://speaklearnfrenchlingoai.onelink.me/Y67n?pid=metaweb_int&c={{campaign.name}}&af_c_id={{campaign.id}}&af_adset={{adset.name}}&af_adset_id={{adset.id}}&af_ad={{ad.name}}&af_ad_id={{ad.id}}&af_siteid={{site_source_name}},"Facebook,Instagram,Audience Network,Messenger,Threads","🌍 Learn real English for everyday life 
🗣 Practice speaking with simple lessons 
⏱ Just 5 minutes a day 
👉 Download now",👉 Download now,Download,https://speaklearnfrenchlingoai.onelink.me/Y67n?pid=metaweb_int&c={{campaign.name}}&af_c_id={{campaign.id}}&af_adset={{adset.name}}&af_adset_id={{adset.id}}&af_ad={{ad.name}}&af_ad_id={{ad.id}}&af_siteid={{site_source_name}},Video,"Facebook,Instagram,Audience Network,Messenger,Threads",1,0,9:16,https://video.fblr22-1.fna.fbcdn.net/o1/v/t2/f2/m366/AQNRS4uCIU6IDa34wnrGCDKXJYWXAs1z2uADwc7lONaq2qv7zDaKpS7xGWHOPOYsrE7EObmWfkfJdkYlCNB40LaTqKIJnZRFYHy7itmS6x8LyQ.mp4?_nc_cat=108&_nc_oc=AdrPKzfqmZDC_xLTtAw37kcr5amUWIe-jKRgUpck3qskYHrsoyiH5kKpidZ9oCQ9Rxk&_nc_sid=b66105&_nc_ht=video.fblr22-1.fna.fbcdn.net&_nc_ohc=IvXP2M3-QNkQ7kNvwFLQGZU&efg=eyJ2ZW5jb2RlX3RhZyI6Inhwdl9wcm9ncmVzc2l2ZS5WSV9VU0VDQVNFX1BST0RVQ1RfVFlQRS4uQzMuNjA4LmRhc2hfaDI2NC1iYXNpYy1nZW4yXzcyMHAiLCJ4cHZfYXNzZXRfaWQiOjEwMzM4NDQ5OTU3NTc4ODEsImFzc2V0X2FnZV9kYXlzIjo1LCJ2aV91c2VjYXNlX2lkIjoxMDEzOSwiZHVyYXRpb25fcyI6MjMsInVybGdlbl9zb3VyY2UiOiJ3d3cifQ%3D%3D&ccb=17-1&vs=60dcd2406bce1b1&_nc_vs=HBksFQIYRWZiX2VwaGVtZXJhbC84MjRCRjA4REJFNzlCMjZDQjY2RUJCNThCM0ZBMTBBNV9tdF8xX3ZpZGVvX2Rhc2hpbml0Lm1wNBUAAsgBEgAVAhhAZmJfcGVybWFuZW50LzRGNDQyMTZBQjUzOUY3MkQ4NDdBQ0ZCMTA5REFGQzgzX2F1ZGlvX2Rhc2hpbml0Lm1wNBUCAsgBEgAoABgAGwKIB3VzZV9vaWwBMRJwcm9ncmVzc2l2ZV9yZWNpcGUBMRUAACby3My72ZHWAxUCKAJDMywXQDcIcrAgxJwYGWRhc2hfaDI2NC1iYXNpYy1nZW4yXzcyMHARAHUAZbaeAQA&_nc_gid=DMUvjCLpzJ2EzEZBNCke_g&_nc_ss=7f289&_nc_zt=28&oh=00_AQBdKy29-RtlGkke4H1gNDa6lpD_iZ7Qf49ucpiqz_-Wgw&oe=6A53D270,https://scontent.fblr22-2.fna.fbcdn.net/v/t39.35426-6/736715247_1055070723582163_6873642723489664627_n.jpg?_nc_cat=100&ccb=1-7&_nc_sid=c53f8f&_nc_ohc=NPIHxFQJDJoQ7kNvwFdzuaG&_nc_oc=AdqdPrfGd3DEyllzsLsUJ_UEwsyIHVJ0-kYhkdzIgJccyiL4bdU7JpboLa_Z4BNZKKA&_nc_zt=14&_nc_ht=scontent.fblr22-2.fna&_nc_gid=DMUvjCLpzJ2EzEZBNCke_g&_nc_ss=7f289&oh=00_AQCIIr1jXNIc_KNwxm4fVSqbEzxCeP73djiPvYEOTOZ6FA&oe=6A53E49F,2026-07-12T17:44:16.000Z,2026-07-08
185,184,Lingo AI,599204246602758,Lingo AI,,IN,1315978173578913,https://www.facebook.com/ads/library/?id=1315978173578913,2026-07-06,,true,false,1,0,,2026-07-06,,"🌍 Learn real English for everyday life 
🗣 Practice speaking with simple lessons 
⏱ Just 5 minutes a day 
👉 Download now",👉 Download now,Download,https://speaklearnfrenchlingoai.onelink.me/Y67n?pid=metaweb_int&c={{campaign.name}}&af_c_id={{campaign.id}}&af_adset={{adset.name}}&af_adset_id={{adset.id}}&af_ad={{ad.name}}&af_ad_id={{ad.id}}&af_siteid={{site_source_name}},"Facebook,Instagram,Audience Network,Messenger,Threads","🌍 Learn real English for everyday life 
🗣 Practice speaking with simple lessons 
⏱ Just 5 minutes a day 
👉 Download now",👉 Download now,Download,https://speaklearnfrenchlingoai.onelink.me/Y67n?pid=metaweb_int&c={{campaign.name}}&af_c_id={{campaign.id}}&af_adset={{adset.name}}&af_adset_id={{adset.id}}&af_ad={{ad.name}}&af_ad_id={{ad.id}}&af_siteid={{site_source_name}},Video,"Facebook,Instagram,Audience Network,Messenger,Threads",1,0,9:16,https://video.fblr22-2.fna.fbcdn.net/o1/v/t2/f2/m366/AQOZqNCo9TwwEWfIrgxhhaPaUHMr5qjyob7cuRXSbXRmzXGhOVSMul-ML3EZDVTWfjMmEQEmj5n1tVe0CTGbV-E9OdLApcTpWVOVSb_hbkTrNA.mp4?_nc_cat=110&_nc_oc=AdqR_Lgs_iwVBfKq96wREpqh8Np3SXn76S_5Dt8Wpsye-tY4pXF1M591uvpJ5QjCHJw&_nc_sid=b66105&_nc_ht=video.fblr22-2.fna.fbcdn.net&_nc_ohc=EdBQYfNlazkQ7kNvwHqr5tt&efg=eyJ2ZW5jb2RlX3RhZyI6Inhwdl9wcm9ncmVzc2l2ZS5WSV9VU0VDQVNFX1BST0RVQ1RfVFlQRS4uQzMuNjA4LmRhc2hfaDI2NC1iYXNpYy1nZW4yXzcyMHAiLCJ4cHZfYXNzZXRfaWQiOjI3NTk1NDc1MzUzNDE4MDc5LCJhc3NldF9hZ2VfZGF5cyI6NSwidmlfdXNlY2FzZV9pZCI6MTAxMzksImR1cmF0aW9uX3MiOjIxLCJ1cmxnZW5fc291cmNlIjoid3d3In0%3D&ccb=17-1&vs=53336a9a183f7cd6&_nc_vs=HBksFQIYRWZiX2VwaGVtZXJhbC9CMTQwN0YzNDdDODE3NDY5MjYyQjBBMTFDQUQ1QTRCOF9tdF8xX3ZpZGVvX2Rhc2hpbml0Lm1wNBUAAsgBEgAVAhhAZmJfcGVybWFuZW50L0I2NDk0MkE2MkRCQkU5RTI0NzZFQ0ZGOUYyRTQ0Mjk0X2F1ZGlvX2Rhc2hpbml0Lm1wNBUCAsgBEgAoABgAGwKIB3VzZV9vaWwBMRJwcm9ncmVzc2l2ZV9yZWNpcGUBMRUAACa-5cmdifyEYhUCKAJDMywXQDWQ5WBBiTcYGWRhc2hfaDI2NC1iYXNpYy1nZW4yXzcyMHARAHUAZbaeAQA&_nc_gid=DMUvjCLpzJ2EzEZBNCke_g&_nc_ss=7f289&_nc_zt=28&oh=00_AQBRf0xY9Xp8hpyO68WcrXuNqf5ka4m4HG2XaN4jpZgILA&oe=6A53D1F6,https://scontent.fblr22-2.fna.fbcdn.net/v/t39.35426-6/736248505_1072991138408708_6266558557990187468_n.jpg?_nc_cat=107&ccb=1-7&_nc_sid=c53f8f&_nc_ohc=ZF6ReckOW7YQ7kNvwG0IfVW&_nc_oc=AdrvUKqS9-iK8pRZlNdGTRWUJSzv7bgUy_tci190PC2qNA18SH2d-tVMWUBb6VUTaGY&_nc_zt=14&_nc_ht=scontent.fblr22-2.fna&_nc_gid=DMUvjCLpzJ2EzEZBNCke_g&_nc_ss=7f289&oh=00_AQDtBWN78X5Ugju4ZJw5kjNBt3uV4gDnQnHffFok08Q_Uw&oe=6A53D428,2026-07-12T17:42:14.000Z,2026-07-08
186,185,Lingo AI,599204246602758,Lingo AI,,IN,1343397883899179,https://www.facebook.com/ads/library/?id=1343397883899179,2026-07-06,,true,false,1,0,,2026-07-06,,"📘 Learn English easily with simple lessons 
😊 Build confidence with everyday speaking practice 
👉 Download now",👉 Download now,Download,https://speaklearnfrenchlingoai.onelink.me/Y67n?pid=metaweb_int&c={{campaign.name}}&af_c_id={{campaign.id}}&af_adset={{adset.name}}&af_adset_id={{adset.id}}&af_ad={{ad.name}}&af_ad_id={{ad.id}}&af_siteid={{site_source_name}},"Facebook,Instagram,Audience Network,Messenger,Threads","📘 Learn English easily with simple lessons 
😊 Build confidence with everyday speaking practice 
👉 Download now",👉 Download now,Download,https://speaklearnfrenchlingoai.onelink.me/Y67n?pid=metaweb_int&c={{campaign.name}}&af_c_id={{campaign.id}}&af_adset={{adset.name}}&af_adset_id={{adset.id}}&af_ad={{ad.name}}&af_ad_id={{ad.id}}&af_siteid={{site_source_name}},Video,"Facebook,Instagram,Audience Network,Messenger,Threads",1,0,9:16,https://video.fblr22-2.fna.fbcdn.net/o1/v/t2/f2/m366/AQO4_bGer6T2_4wl2xu7pQthfdpMsNr9locYaSGclK-UliZDQnBONxqS7JY5UmpjX4zOzGZcoNps0bpm5pikW1CQwrx5oIW_wHCVOJ25Ra2RvA.mp4?_nc_cat=111&_nc_oc=AdoiMceMtbmweTDOU0lOdoNWWN06x9NuUhv93nUWFqgCBjcZUaOfQUior9L7mAyOzkE&_nc_sid=b66105&_nc_ht=video.fblr22-2.fna.fbcdn.net&_nc_ohc=5PZo6JrzxJEQ7kNvwG86BbX&efg=eyJ2ZW5jb2RlX3RhZyI6Inhwdl9wcm9ncmVzc2l2ZS5WSV9VU0VDQVNFX1BST0RVQ1RfVFlQRS4uQzMuNzIwLmRhc2hfaDI2NC1iYXNpYy1nZW4yXzcyMHAiLCJ4cHZfYXNzZXRfaWQiOjI0NDAwNzI2NzMxNDU3MzYsImFzc2V0X2FnZV9kYXlzIjowLCJ2aV91c2VjYXNlX2lkIjoxMDEzOSwiZHVyYXRpb25fcyI6NzQsInVybGdlbl9zb3VyY2UiOiJ3d3cifQ%3D%3D&ccb=17-1&vs=fcce009b2d83398e&_nc_vs=HBksFQIYRWZiX2VwaGVtZXJhbC8yOTQ2OUYzQkM5REQxNDdERjE1QzIwQkRDNDEwNjU5Ql9tdF8xX3ZpZGVvX2Rhc2hpbml0Lm1wNBUAAsgBEgAVAhhAZmJfcGVybWFuZW50L0JFNDVCMzI2OTU3OEQzRDE1QTY4N0I1ODNDQjcyNTlGX2F1ZGlvX2Rhc2hpbml0Lm1wNBUCAsgBEgAoABgAGwKIB3VzZV9vaWwBMRJwcm9ncmVzc2l2ZV9yZWNpcGUBMRUAACaQzsWO9s7VCBUCKAJDMywXQFKAAAAAAAAYGWRhc2hfaDI2NC1iYXNpYy1nZW4yXzcyMHARAHUAZbaeAQA&_nc_gid=DMUvjCLpzJ2EzEZBNCke_g&_nc_ss=7f289&_nc_zt=28&oh=00_AQCKe6VhXhZPxH8yMVg5Eov6-cYnGQJywvtPQN_YPcLVyA&oe=6A53F001,https://scontent.fblr22-2.fna.fbcdn.net/v/t39.35426-6/741569568_1906753056665848_1006562716184288589_n.jpg?_nc_cat=105&ccb=1-7&_nc_sid=c53f8f&_nc_ohc=nCaKHrQfeLgQ7kNvwEZ7BRq&_nc_oc=Ado2UTkVDvC8-HjTvtdLN7U8o5vS7AJCC6X4SIGPCTHvVwQ8vtGjKQ_hxdqLJkH3zFc&_nc_zt=14&_nc_ht=scontent.fblr22-2.fna&_nc_gid=DMUvjCLpzJ2EzEZBNCke_g&_nc_ss=7f289&oh=00_AQCNs9Z_lpb02QOO0EtbtE91tfwp-nCbJYePMIYIuhdKQg&oe=6A53D6CE,2026-07-12T19:50:25.000Z,2026-07-08
187,186,Lingo AI,599204246602758,Lingo AI,,IN,1576216020967609,https://www.facebook.com/ads/library/?id=1576216020967609,2026-07-06,,true,false,1,0,,2026-07-06,,"🌍 Learn real English for everyday life 
🗣 Practice speaking with simple lessons 
⏱ Just 5 minutes a day 
👉 Download now",👉 Download now,Download,https://speaklearnfrenchlingoai.onelink.me/Y67n?pid=metaweb_int&c={{campaign.name}}&af_c_id={{campaign.id}}&af_adset={{adset.name}}&af_adset_id={{adset.id}}&af_ad={{ad.name}}&af_ad_id={{ad.id}}&af_siteid={{site_source_name}},"Facebook,Instagram,Audience Network,Messenger,Threads","🌍 Learn real English for everyday life 
🗣 Practice speaking with simple lessons 
⏱ Just 5 minutes a day 
👉 Download now",👉 Download now,Download,https://speaklearnfrenchlingoai.onelink.me/Y67n?pid=metaweb_int&c={{campaign.name}}&af_c_id={{campaign.id}}&af_adset={{adset.name}}&af_adset_id={{adset.id}}&af_ad={{ad.name}}&af_ad_id={{ad.id}}&af_siteid={{site_source_name}},Video,"Facebook,Instagram,Audience Network,Messenger,Threads",1,0,9:16,https://video.fblr22-1.fna.fbcdn.net/o1/v/t2/f2/m366/AQNa6eOCG0Zyw2DyUA2E8Ox9NLDimyq5E5Il1Cs0CjX7iYeWMD9gVY7LhVeHzg68QvDG4o_Q6aDaE_oELcDY1ZxAd4H6DL_LMlUE4QXXA6-IQg.mp4?_nc_cat=104&_nc_oc=AdpSZtC_qX0B_tiJ8fJlvb9crswvmswUG8i4JMYqmslQ6JWuJOgyPvfPOO9rO1pkw_8&_nc_sid=b66105&_nc_ht=video.fblr22-1.fna.fbcdn.net&_nc_ohc=rvvAljyylpkQ7kNvwGU3AQ8&efg=eyJ2ZW5jb2RlX3RhZyI6Inhwdl9wcm9ncmVzc2l2ZS5WSV9VU0VDQVNFX1BST0RVQ1RfVFlQRS4uQzMuNjA4LmRhc2hfaDI2NC1iYXNpYy1nZW4yXzcyMHAiLCJ4cHZfYXNzZXRfaWQiOjEzNjUyNzQ2MjU0NzgwMjQsImFzc2V0X2FnZV9kYXlzIjo1LCJ2aV91c2VjYXNlX2lkIjoxMDEzOSwiZHVyYXRpb25fcyI6MjEsInVybGdlbl9zb3VyY2UiOiJ3d3cifQ%3D%3D&ccb=17-1&vs=2a468ec5af1dd88b&_nc_vs=HBksFQIYRWZiX2VwaGVtZXJhbC80RTRBNEVCNEYwMTVGNUJDNDVBQUY2MjdCMkUzMkJBRV9tdF8xX3ZpZGVvX2Rhc2hpbml0Lm1wNBUAAsgBEgAVAhhAZmJfcGVybWFuZW50L0NDNEIwQkVEOTA2QUZDMTBFN0ZDNEQ3QzM0NDY1RTgyX2F1ZGlvX2Rhc2hpbml0Lm1wNBUCAsgBEgAoABgAGwKIB3VzZV9vaWwBMRJwcm9ncmVzc2l2ZV9yZWNpcGUBMRUAACaQtpTRuO3sBBUCKAJDMywXQDWZmZmZmZoYGWRhc2hfaDI2NC1iYXNpYy1nZW4yXzcyMHARAHUAZbaeAQA&_nc_gid=DMUvjCLpzJ2EzEZBNCke_g&_nc_ss=7f289&_nc_zt=28&oh=00_AQBfWYTrAyjHLPxCSq1niljK5AN2rNDeuaq09AQFu2AuLA&oe=6A53E4F0,https://scontent.fblr22-1.fna.fbcdn.net/v/t39.35426-6/735994137_4009291559377385_7135701590281645532_n.jpg?_nc_cat=109&ccb=1-7&_nc_sid=c53f8f&_nc_ohc=6JinzT1aak0Q7kNvwGXjvP_&_nc_oc=AdoKMZLHkUO7ndPwsxIw-R0g3e9wG__pGvEihonAjJIw-JVVGZkLvebC79FGCVWP_HU&_nc_zt=14&_nc_ht=scontent.fblr22-1.fna&_nc_gid=DMUvjCLpzJ2EzEZBNCke_g&_nc_ss=7f289&oh=00_AQDH45Fen4_s_j-YpMuaGg5-stevPJWPY_wKP2RcooIKhw&oe=6A53DD91,2026-07-12T19:03:12.000Z,2026-07-08
