row_rank,page_rank,competitor_name,facebook_page_id,facebook_page_name,facebook_page_followers,target_country,ad_library_id,ad_library_url,ad_start_date,ad_end_date,has_low_impression_warning,ad_has_multiple_versions,ad_version_count,version_index,version_id,version_start_date,version_end_date,version_primary_text,version_description,version_cta_label,version_destination_url,version_platforms_distribution,ad_primary_text,ad_description,ad_cta_label,ad_destination_url,ad_media_type,ad_distribution_platforms,creative_count_in_ad,creative_index_in_ad,creative_aspect_ratio,facebook_video_cdn_url_at_scrape,facebook_thumbnail_cdn_url_at_scrape,facebook_cdn_url_expiry_at_scrape,scrape_run_date,r2_public_url
1,1,English Seekho,565574549966663,English Seekho App,,IN,985533387662266,https://www.facebook.com/ads/library/?id=985533387662266,2026-06-18,,false,false,1,0,,2026-06-18,,Fluent English bolne ka sirf ek raasta – Daily practice on English Seekho App. Start now!,English Communication strong karo aur confidence badhao,Install now,http://play.google.com/store/apps/details?id=com.bolo.android,"Facebook,Instagram,Audience Network,Messenger,Threads",Fluent English bolne ka sirf ek raasta – Daily practice on English Seekho App. Start now!,English Communication strong karo aur confidence badhao,Install now,http://play.google.com/store/apps/details?id=com.bolo.android,Video,"Facebook,Instagram,Audience Network,Messenger,Threads",1,0,9:16,https://video.fblr20-1.fna.fbcdn.net/o1/v/t2/f2/m366/AQN4KGF2kF0LI9GXmrjlE2jmHhCKK4gRsZUWIvxta4E2abjL7xd2O0pMo0Q6_CNYElpgtqaFmnaHApqkKMz2YqUmGUyup-_QDfaGrDM1RErrhA.mp4?_nc_cat=110&_nc_oc=Adqj77DU2Gfr9to1k_6eCXLqNxE7J2KGENGpbd6AQVCFhLQxQew73E91btQNionr4nyhuJN46mdIMcj0dFjZCsyt&_nc_sid=b66105&_nc_ht=video.fblr20-1.fna.fbcdn.net&_nc_ohc=oxnVRcLqxjcQ7kNvwGpgsRo&efg=eyJ2ZW5jb2RlX3RhZyI6Inhwdl9wcm9ncmVzc2l2ZS5WSV9VU0VDQVNFX1BST0RVQ1RfVFlQRS4uQzMuNzIwLmRhc2hfaDI2NC1iYXNpYy1nZW4yXzcyMHAiLCJ4cHZfYXNzZXRfaWQiOjg1NTk4ODkyMDEyNDgwMCwiYXNzZXRfYWdlX2RheXMiOjcwLCJ2aV91c2VjYXNlX2lkIjoxMDEzOSwiZHVyYXRpb25fcyI6ODgsInVybGdlbl9zb3VyY2UiOiJ3d3cifQ%3D%3D&ccb=17-1&vs=76279385f1835b53&_nc_vs=HBksFQIYRWZiX2VwaGVtZXJhbC8wMTQ1RTA4NDk4MjBDMDZDOTZGNjdDQTFEMEMzMDBBNF9tdF8xX3ZpZGVvX2Rhc2hpbml0Lm1wNBUAAsgBEgAVAhhAZmJfcGVybWFuZW50L0ZDNDA4Q0VFOTg4RTg4MThEMjFDMjRGNDA5QkNFM0FBX2F1ZGlvX2Rhc2hpbml0Lm1wNBUCAsgBEgAoABgAGwKIB3VzZV9vaWwBMRJwcm9ncmVzc2l2ZV9yZWNpcGUBMRUAACaAlqC4jqGFAxUCKAJDMywXQFYVT987ZFoYGWRhc2hfaDI2NC1iYXNpYy1nZW4yXzcyMHARAHUAZbaeAQA&_nc_gid=FmjILqvNqtZFZEc2NI2oUA&_nc_ss=7f289&_nc_zt=28&oh=00_AQCU-xpVmctQ9mKco9MCaoMC41pMZujinRHQOYUugLWUYw&oe=6A58C8D6,https://scontent.fblr20-3.fna.fbcdn.net/v/t39.35426-6/704287527_1773136214068096_852260657546470536_n.jpg?_nc_cat=100&ccb=1-7&_nc_sid=c53f8f&_nc_ohc=pL7sZTwMc2gQ7kNvwGr0EHI&_nc_oc=Adqy6J68n8ect3MT_9F70SGbdB7HiqxBOqhMnqs5WsEQwsUxHe2gr50VvnjOh7Ke5MzPHMBDpT7WgVC_nLqdTVnZ&_nc_zt=14&_nc_ht=scontent.fblr20-3.fna&_nc_gid=FmjILqvNqtZFZEc2NI2oUA&_nc_ss=7f289&oh=00_AQAOKHAS3_1wmYJpdiU0LEpBLcxAOr-QFc4c8lh3zQMEDw&oe=6A58D256,2026-07-16T12:04:38.000Z,2026-07-12,https://pub-893b4a6a607b4221a894bf861da7914e.r2.dev/985533387662266.mp4
2,2,English Seekho,565574549966663,English Seekho App,,IN,989474957025076,https://www.facebook.com/ads/library/?id=989474957025076,2026-06-24,,false,false,1,0,,2026-06-24,,Fluent English bolne ka sirf ek raasta – Daily practice on English Seekho App. Start now!,English Communication strong karo aur confidence badhao,Install now,http://play.google.com/store/apps/details?id=com.bolo.android,"Facebook,Instagram,Audience Network,Messenger,Threads",Fluent English bolne ka sirf ek raasta – Daily practice on English Seekho App. Start now!,English Communication strong karo aur confidence badhao,Install now,http://play.google.com/store/apps/details?id=com.bolo.android,Video,"Facebook,Instagram,Audience Network,Messenger,Threads",1,0,9:16,https://video.fblr20-1.fna.fbcdn.net/o1/v/t2/f2/m366/AQNaXAiXtI30yPbhwc5lb1XGeg5HFlZHAI5LWBr274PdSughX81-N--ABo0nm_IbhIOktE2DN-C8WEk-6x6Ev3k7jeKRcSI_cXHthEKBEyzpSw.mp4?_nc_cat=108&_nc_oc=Adp_P2nHaJgkM854CCzBbF5HK2ce6uHpWpPHugZbwomUI5mQVcJ8-SnAqyRlMAYUbWDrBVcwjvNqDz-UkO8IZFly&_nc_sid=b66105&_nc_ht=video.fblr20-1.fna.fbcdn.net&_nc_ohc=9TMVcDJePOIQ7kNvwGrkdd5&efg=eyJ2ZW5jb2RlX3RhZyI6Inhwdl9wcm9ncmVzc2l2ZS5WSV9VU0VDQVNFX1BST0RVQ1RfVFlQRS4uQzMuNzIwLmRhc2hfaDI2NC1iYXNpYy1nZW4yXzcyMHAiLCJ4cHZfYXNzZXRfaWQiOjI2ODEwMTgwMjgxOTg0Mjk1LCJhc3NldF9hZ2VfZGF5cyI6NDUsInZpX3VzZWNhc2VfaWQiOjEwMTM5LCJkdXJhdGlvbl9zIjo1MCwidXJsZ2VuX3NvdXJjZSI6Ind3dyJ9&ccb=17-1&vs=9e5daac02a19d640&_nc_vs=HBksFQIYRWZiX2VwaGVtZXJhbC8wMjQzQjJFN0MzRTQyMTE4RDY2M0U4REIxNDlENDJBNl9tdF8xX3ZpZGVvX2Rhc2hpbml0Lm1wNBUAAsgBEgAVAhhAZmJfcGVybWFuZW50L0Y0NDEwRjYwREEyMjhBNDExQTE4RkQ5MkI0OTk0MUFEX2F1ZGlvX2Rhc2hpbml0Lm1wNBUCAsgBEgAoABgAGwKIB3VzZV9vaWwBMRJwcm9ncmVzc2l2ZV9yZWNpcGUBMRUAACbOlJOB8e2fXxUCKAJDMywXQEk1P3ztkWgYGWRhc2hfaDI2NC1iYXNpYy1nZW4yXzcyMHARAHUAZbaeAQA&_nc_gid=FmjILqvNqtZFZEc2NI2oUA&_nc_ss=7f289&_nc_zt=28&oh=00_AQBAv8vqzCkvQQ7B4XbtLOQhpggocAooBn6MQDKYAFqngg&oe=6A58B5F8,https://scontent.fblr20-5.fna.fbcdn.net/v/t39.35426-6/730040800_1644159780031647_21166402038211138_n.jpg?_nc_cat=107&ccb=1-7&_nc_sid=c53f8f&_nc_ohc=jneTzyI8j2kQ7kNvwEqAWPy&_nc_oc=Adr-Dhft2y0RggncbczKgK3zuPHGDzPlFP2QxmHvnP3FEq3jEnYJENuxBLfTWF3Kh-e3rPNeCCydwgT505Xmgwy5&_nc_zt=14&_nc_ht=scontent.fblr20-5.fna&_nc_gid=FmjILqvNqtZFZEc2NI2oUA&_nc_ss=7f289&oh=00_AQDvBJjLJgEtw-iF3zVcOkvd7x9wqXE35GMZh02LMxh2Ew&oe=6A58CD2D,2026-07-16T10:44:08.000Z,2026-07-12,https://pub-893b4a6a607b4221a894bf861da7914e.r2.dev/989474957025076.mp4
3,3,English Seekho,565574549966663,English Seekho App,,IN,873021038754328,https://www.facebook.com/ads/library/?id=873021038754328,2026-06-18,,false,false,1,0,,2026-06-18,,Fluent English bolne ka sirf ek raasta – Daily practice on English Seekho App. Start now!,English Communication strong karo aur confidence badhao,Install now,http://play.google.com/store/apps/details?id=com.bolo.android,"Facebook,Instagram,Audience Network,Messenger,Threads",Fluent English bolne ka sirf ek raasta – Daily practice on English Seekho App. Start now!,English Communication strong karo aur confidence badhao,Install now,http://play.google.com/store/apps/details?id=com.bolo.android,Video,"Facebook,Instagram,Audience Network,Messenger,Threads",1,0,9:16,https://video.fblr20-3.fna.fbcdn.net/o1/v/t2/f2/m366/AQPQHu9v-9pzzz36nxA4Hfs2YYa55nqBgPdxlvY6ZR8wLiAW5hds8E-8eeuBx0SaE0BFlXfQ321FAywrHURrXPXStZskkxYPhzQgyg2XC-tC1A.mp4?_nc_cat=100&_nc_oc=AdpxHUxloZalZ_7YaP6L-bhe-dUccno6vP1wt3bjL5oQ19zG4vizgk6SSc586CtN5xwfHgVkIaoaSAOJ_kw59M05&_nc_sid=b66105&_nc_ht=video.fblr20-3.fna.fbcdn.net&_nc_ohc=rQPFgP7pAHQQ7kNvwHYoUV1&efg=eyJ2ZW5jb2RlX3RhZyI6Inhwdl9wcm9ncmVzc2l2ZS5WSV9VU0VDQVNFX1BST0RVQ1RfVFlQRS4uQzMuNzIwLmRhc2hfaDI2NC1iYXNpYy1nZW4yXzcyMHAiLCJ4cHZfYXNzZXRfaWQiOjE3MzA5Njc5NzQ5NzY4NTgsImFzc2V0X2FnZV9kYXlzIjo5MSwidmlfdXNlY2FzZV9pZCI6MTAxMzksImR1cmF0aW9uX3MiOjEwMCwidXJsZ2VuX3NvdXJjZSI6Ind3dyJ9&ccb=17-1&vs=648fe743e16160e1&_nc_vs=HBksFQIYRWZiX2VwaGVtZXJhbC80NjQ4NTEyQUExNzI5N0E5NkI4NTQxRTNBM0Y0M0M5RV9tdF8xX3ZpZGVvX2Rhc2hpbml0Lm1wNBUAAsgBEgAVAhhAZmJfcGVybWFuZW50L0U0NDczRkM0MEVEN0Y0QTNFOTQ4NDQ4MTU5QkY0OUIyX2F1ZGlvX2Rhc2hpbml0Lm1wNBUCAsgBEgAoABgAGwKIB3VzZV9vaWwBMRJwcm9ncmVzc2l2ZV9yZWNpcGUBMRUAACa09aC0zJOTBhUCKAJDMywXQFkmZmZmZmYYGWRhc2hfaDI2NC1iYXNpYy1nZW4yXzcyMHARAHUAZbaeAQA&_nc_gid=FmjILqvNqtZFZEc2NI2oUA&_nc_ss=7f289&_nc_zt=28&oh=00_AQCSielq0D8OAP4tzpilsCQfn7zIAxD2ILfPf9HcnrVazw&oe=6A58A3D4,https://scontent.fblr20-2.fna.fbcdn.net/v/t39.35426-6/671776843_1245837637532370_6064136316835685379_n.jpg?_nc_cat=111&ccb=1-7&_nc_sid=c53f8f&_nc_ohc=Kp_ncG_spdsQ7kNvwE4D2uq&_nc_oc=Adobvb_siNXlrJ5McLxndHDZYwsFEvuM83rejYVbYfs4oKp03zhsp6FRHUh_mWwDzlWwCvU28CKwkQ7idyNGzx8e&_nc_zt=14&_nc_ht=scontent.fblr20-2.fna&_nc_gid=FmjILqvNqtZFZEc2NI2oUA&_nc_ss=7f289&oh=00_AQBXuGlmd6duc7cc69iKG9Dp3iOaQbq_TLifGdQgHCHKOQ&oe=6A58C6AC,2026-07-16T09:26:44.000Z,2026-07-12,https://pub-893b4a6a607b4221a894bf861da7914e.r2.dev/873021038754328.mp4
4,4,English Seekho,565574549966663,English Seekho App,,IN,3033559160166599,https://www.facebook.com/ads/library/?id=3033559160166599,2026-07-01,,false,false,1,0,,2026-07-01,,Fluent English bolne ka sirf ek raasta – Daily practice on English Seekho App. Start now!,English Communication strong karo aur confidence badhao,Install now,http://play.google.com/store/apps/details?id=com.bolo.android,"Facebook,Instagram,Audience Network,Messenger,Threads",Fluent English bolne ka sirf ek raasta – Daily practice on English Seekho App. Start now!,English Communication strong karo aur confidence badhao,Install now,http://play.google.com/store/apps/details?id=com.bolo.android,Video,"Facebook,Instagram,Audience Network,Messenger,Threads",1,0,9:16,https://video.fblr20-2.fna.fbcdn.net/o1/v/t2/f2/m366/AQOA7BKRhcQ4GI1jBFoqGYwuf48ovxMg_EEmPJrWJKOiisnsyJzmllWoAwfIhqRTJAqoGYE1cWDtIuKHF8Q-OeT9RYHPXOAo57wW6NdpKxbKOw.mp4?_nc_cat=102&_nc_oc=AdoKvjW4F9Eega9i_65mxa1SQHEbchStuFPaKxsgp0kmcBv4BrRz4hA7AvW677kr1XAskMjD0r72Gkr7R6PF9fjX&_nc_sid=b66105&_nc_ht=video.fblr20-2.fna.fbcdn.net&_nc_ohc=SK06U7Xt3YsQ7kNvwFp4UuL&efg=eyJ2ZW5jb2RlX3RhZyI6Inhwdl9wcm9ncmVzc2l2ZS5WSV9VU0VDQVNFX1BST0RVQ1RfVFlQRS4uQzMuNzIwLmRhc2hfaDI2NC1iYXNpYy1nZW4yXzcyMHAiLCJ4cHZfYXNzZXRfaWQiOjI0ODcwMDY0NjUxMzk5MTYsImFzc2V0X2FnZV9kYXlzIjoxMywidmlfdXNlY2FzZV9pZCI6MTAxMzksImR1cmF0aW9uX3MiOjYwLCJ1cmxnZW5fc291cmNlIjoid3d3In0%3D&ccb=17-1&vs=2a580486dfbbe3f6&_nc_vs=HBksFQIYRWZiX2VwaGVtZXJhbC8xNDQ1NEM2MjZCNkVFMjIyMDJGOEFENjY2QzAwNUE4NF9tdF8xX3ZpZGVvX2Rhc2hpbml0Lm1wNBUAAsgBEgAVAhhAZmJfcGVybWFuZW50L0UzNDJDOTYwNDcxNjQyMjgzRjg0REFEQTUwMDU2OTg4X2F1ZGlvX2Rhc2hpbml0Lm1wNBUCAsgBEgAoABgAGwKIB3VzZV9vaWwBMRJwcm9ncmVzc2l2ZV9yZWNpcGUBMRUAACaYk8WO6vrqCBUCKAJDMywXQE5UeuFHrhQYGWRhc2hfaDI2NC1iYXNpYy1nZW4yXzcyMHARAHUAZbaeAQA&_nc_gid=FmjILqvNqtZFZEc2NI2oUA&_nc_ss=7f289&_nc_zt=28&oh=00_AQAAFifPRJ6PjYKk5tFcmq2utwOwX5AR0S9-7I6KJyTQog&oe=6A58C442,https://scontent.fblr20-2.fna.fbcdn.net/v/t39.35426-6/736020154_1039042625140059_83835305641722252_n.jpg?_nc_cat=102&ccb=1-7&_nc_sid=c53f8f&_nc_ohc=fEHKBrmK7nQQ7kNvwFPWeaj&_nc_oc=AdqhuE-Ea_hY7KKmVdAG6KWuAzGzXlMrbBpPvpd8Up9MxP542ua332dFRmdILb6xk_ho_7l20xraStcKN7DAbPyy&_nc_zt=14&_nc_ht=scontent.fblr20-2.fna&_nc_gid=FmjILqvNqtZFZEc2NI2oUA&_nc_ss=7f289&oh=00_AQCdz1Ho3NJ2pNDk0bxRc_WGH3Acb2v73LQ2pq5dyO5D8A&oe=6A58BE29,2026-07-16T11:45:06.000Z,2026-07-12,https://pub-893b4a6a607b4221a894bf861da7914e.r2.dev/3033559160166599.mp4
5,5,English Seekho,565574549966663,English Seekho App,,IN,885862810591427,https://www.facebook.com/ads/library/?id=885862810591427,2026-06-23,,false,false,1,0,,2026-06-23,,Fluent English bolne ka sirf ek raasta – Daily practice on English Seekho App. Start now!,English Communication strong karo aur confidence badhao,Install now,http://play.google.com/store/apps/details?id=com.bolo.android,"Facebook,Instagram,Audience Network,Messenger,Threads",Fluent English bolne ka sirf ek raasta – Daily practice on English Seekho App. Start now!,English Communication strong karo aur confidence badhao,Install now,http://play.google.com/store/apps/details?id=com.bolo.android,Video,"Facebook,Instagram,Audience Network,Messenger,Threads",1,0,9:16,https://video.fblr20-1.fna.fbcdn.net/o1/v/t2/f2/m366/AQOoz4QDyrDXT0qF8qIidKXFHg4MgmtQOzIvJUXVTnEYfcMvButVcP3a0KfJ21ifXT0Dp5TSr3N2ttcwqQq1ZBZ4x1PVKbLSt_SrK9b1WGYQ6w.mp4?_nc_cat=110&_nc_oc=AdrInvgp5ZPfJl7HN_sqIkFtywqrHVAup8NQ32wAk1kR5D2kJkCykWL0fzTe06bYFQ_xLbmbt_6VxKoNrQqX9bic&_nc_sid=b66105&_nc_ht=video.fblr20-1.fna.fbcdn.net&_nc_ohc=5filMd6NzUUQ7kNvwGWVFbl&efg=eyJ2ZW5jb2RlX3RhZyI6Inhwdl9wcm9ncmVzc2l2ZS5WSV9VU0VDQVNFX1BST0RVQ1RfVFlQRS4uQzMuNzIwLmRhc2hfaDI2NC1iYXNpYy1nZW4yXzcyMHAiLCJ4cHZfYXNzZXRfaWQiOjIxNTEzODAzMzg5NzQ4ODMsImFzc2V0X2FnZV9kYXlzIjo0MiwidmlfdXNlY2FzZV9pZCI6MTAxMzksImR1cmF0aW9uX3MiOjEzMSwidXJsZ2VuX3NvdXJjZSI6Ind3dyJ9&ccb=17-1&vs=7fc1648d83337dcc&_nc_vs=HBksFQIYRWZiX2VwaGVtZXJhbC9BQzRCNzUzMTFFMTg4MkFBQkUwOTFBQUE1MkMyMkZBNl9tdF8xX3ZpZGVvX2Rhc2hpbml0Lm1wNBUAAsgBEgAVAhhAZmJfcGVybWFuZW50LzZDNDI4MTMwREEwMjVBOEM5MTkzNzM3OEFGOUFCQkFCX2F1ZGlvX2Rhc2hpbml0Lm1wNBUCAsgBEgAoABgAGwKIB3VzZV9vaWwBMRJwcm9ncmVzc2l2ZV9yZWNpcGUBMRUAACbGgo3O6KrSBxUCKAJDMywXQGBlT987ZFoYGWRhc2hfaDI2NC1iYXNpYy1nZW4yXzcyMHARAHUAZbaeAQA&_nc_gid=FmjILqvNqtZFZEc2NI2oUA&_nc_ss=7f289&_nc_zt=28&oh=00_AQA9cFuhy7F7ug2fbd2rdrCFY_tjyIVbuo1_ury0tC7Q1g&oe=6A58CCF2,https://scontent.fblr20-5.fna.fbcdn.net/v/t39.35426-6/709981181_1575016320718328_6645184741104907222_n.jpg?_nc_cat=107&ccb=1-7&_nc_sid=c53f8f&_nc_ohc=uFvmpC85GCgQ7kNvwHwCu-C&_nc_oc=Adr-Yl9QgmKGvPESlmBZzCpfE4MlKWDkaWdk_4BO0-Le62XjNCfTRNi-aLEdo3aSc1wfuB44OW26zq4RBxSr1nCo&_nc_zt=14&_nc_ht=scontent.fblr20-5.fna&_nc_gid=FmjILqvNqtZFZEc2NI2oUA&_nc_ss=7f289&oh=00_AQCBtn5840ZYQrpJfBHTGEAIKfAQc3tT_qyUP5U0JSzejA&oe=6A58CD89,2026-07-16T12:22:10.000Z,2026-07-12,https://pub-893b4a6a607b4221a894bf861da7914e.r2.dev/885862810591427.mp4
6,6,English Seekho,565574549966663,English Seekho App,,IN,1289129073383437,https://www.facebook.com/ads/library/?id=1289129073383437,2026-06-24,,false,false,1,0,,2026-06-24,,"ঘরে বসেই ইংরেজি শিখুন!
English Seekho App-এর ইন্টারঅ্যাকটিভ লেসনের মাধ্যমে প্রতিদিন অনুশীলন করুন।",ইংরেজি কমিউনিকেশন শক্তিশালী করুন এবং আত্মবিশ্বাস বাড়ান।,Install now,http://play.google.com/store/apps/details?id=com.bolo.android,"Facebook,Instagram,Audience Network,Messenger,Threads","ঘরে বসেই ইংরেজি শিখুন!
English Seekho App-এর ইন্টারঅ্যাকটিভ লেসনের মাধ্যমে প্রতিদিন অনুশীলন করুন।",ইংরেজি কমিউনিকেশন শক্তিশালী করুন এবং আত্মবিশ্বাস বাড়ান।,Install now,http://play.google.com/store/apps/details?id=com.bolo.android,Video,"Facebook,Instagram,Audience Network,Messenger,Threads",1,0,9:16,https://video.fblr20-2.fna.fbcdn.net/o1/v/t2/f2/m366/AQO1M830a7T5HEHroKxzmfk2uM5J_QdiZpqez0fqMIK9ZMQ5O5XOpmltCtUDMJBCO-m6S4phFfkEJBvXvS-aTC3_PP13fMib0moC_4lfpYmxNA.mp4?_nc_cat=102&_nc_oc=AdqmS6UoxojG5j7XlQkAhLlfFHRx_RmAxRp0687z-3yCC7jRMrvO7XwefHM58dqdobHGmlr7yLmuwxjUTipqCjWG&_nc_sid=b66105&_nc_ht=video.fblr20-2.fna.fbcdn.net&_nc_ohc=tCIArZG8p3oQ7kNvwHerR63&efg=eyJ2ZW5jb2RlX3RhZyI6Inhwdl9wcm9ncmVzc2l2ZS5WSV9VU0VDQVNFX1BST0RVQ1RfVFlQRS4uQzMuNzIwLmRhc2hfaDI2NC1iYXNpYy1nZW4yXzcyMHAiLCJ4cHZfYXNzZXRfaWQiOjE0NTAyOTQzMTY4NjY3OTMsImFzc2V0X2FnZV9kYXlzIjozNywidmlfdXNlY2FzZV9pZCI6MTAxMzksImR1cmF0aW9uX3MiOjY0LCJ1cmxnZW5fc291cmNlIjoid3d3In0%3D&ccb=17-1&vs=73fc64f105a5bd7e&_nc_vs=HBksFQIYRWZiX2VwaGVtZXJhbC9BNjQyQ0JBOTU5MDNGNEZGNkU3MTdDMjlDMjU0OTdBOF9tdF8xX3ZpZGVvX2Rhc2hpbml0Lm1wNBUAAsgBEgAVAhhAZmJfcGVybWFuZW50L0Y2NDM2REE3QjVGRDM0RThEOEVGOUEzMDJCMkY0QkJFX2F1ZGlvX2Rhc2hpbml0Lm1wNBUCAsgBEgAoABgAGwKIB3VzZV9vaWwBMRJwcm9ncmVzc2l2ZV9yZWNpcGUBMRUAACbS85zZnsKTBRUCKAJDMywXQFAgAAAAAAAYGWRhc2hfaDI2NC1iYXNpYy1nZW4yXzcyMHARAHUAZbaeAQA&_nc_gid=FmjILqvNqtZFZEc2NI2oUA&_nc_ss=7f289&_nc_zt=28&oh=00_AQAd0Gez6VliLDQsRURB36UiHXcNpYSM66Tt-LvIfKgxRg&oe=6A58AF92,https://scontent.fblr20-4.fna.fbcdn.net/v/t39.35426-6/718052376_932030636521818_4160956990464592523_n.jpg?_nc_cat=101&ccb=1-7&_nc_sid=c53f8f&_nc_ohc=v3JCxivi30QQ7kNvwFVX987&_nc_oc=AdoPukiUp9A6quCT_FiePS5E86LeEYuHfdQMXB6_nP9AM4w93vkuYEyREmWItVt5Mf580iArTZYMYckXrdKLzmpF&_nc_zt=14&_nc_ht=scontent.fblr20-4.fna&_nc_gid=FmjILqvNqtZFZEc2NI2oUA&_nc_ss=7f289&oh=00_AQCzqm08GZKCUBo5uvaA9WBmjLsV20gikspFuvrcp2ZrTw&oe=6A58AA78,2026-07-16T10:16:50.000Z,2026-07-12,https://pub-893b4a6a607b4221a894bf861da7914e.r2.dev/1289129073383437.mp4
7,7,English Seekho,565574549966663,English Seekho App,,IN,1518594126387614,https://www.facebook.com/ads/library/?id=1518594126387614,2026-06-18,,false,false,1,0,,2026-06-18,,Fluent English bolne ka sirf ek raasta – Daily practice on English Seekho App. Start now!,English Communication strong karo aur confidence badhao,Install now,http://play.google.com/store/apps/details?id=com.bolo.android,"Facebook,Instagram,Audience Network,Messenger,Threads",Fluent English bolne ka sirf ek raasta – Daily practice on English Seekho App. Start now!,English Communication strong karo aur confidence badhao,Install now,http://play.google.com/store/apps/details?id=com.bolo.android,Video,"Facebook,Instagram,Audience Network,Messenger,Threads",1,0,9:16,https://video.fblr20-4.fna.fbcdn.net/o1/v/t2/f2/m366/AQNEA8D67yEK6eexzoZHsHWQcY3fJdtt_ZId1JRv_MsKEbDZSquARgzd7OlXCtbszmcJjEPr-7Ut1tuOxORRz_OCrKp6baX1yGOP38okPMPXmA.mp4?_nc_cat=106&_nc_oc=AdrLJFEqQ5rHWijaWVTCnDYFw6dURDBTlWhgzX96YYES7oHkF6iG7wo5KSKmj7OfL4A73iOLqYM_cKNUNQ6-bOA5&_nc_sid=b66105&_nc_ht=video.fblr20-4.fna.fbcdn.net&_nc_ohc=gOx13qz3OnoQ7kNvwG7Vjzh&efg=eyJ2ZW5jb2RlX3RhZyI6Inhwdl9wcm9ncmVzc2l2ZS5WSV9VU0VDQVNFX1BST0RVQ1RfVFlQRS4uQzMuNzIwLmRhc2hfaDI2NC1iYXNpYy1nZW4yXzcyMHAiLCJ4cHZfYXNzZXRfaWQiOjg4NjU3ODYyMzczMTM3NSwiYXNzZXRfYWdlX2RheXMiOjMwLCJ2aV91c2VjYXNlX2lkIjoxMDEzOSwiZHVyYXRpb25fcyI6NTgsInVybGdlbl9zb3VyY2UiOiJ3d3cifQ%3D%3D&ccb=17-1&vs=39e76fb136fbbdb2&_nc_vs=HBksFQIYRWZiX2VwaGVtZXJhbC9FNzQ5QUYxNEY1RjQwOEMzNThBNEY2M0YyREQ3RTQ4M19tdF8xX3ZpZGVvX2Rhc2hpbml0Lm1wNBUAAsgBEgAVAhhAZmJfcGVybWFuZW50LzcwNEIwMTMxQjEyOTVBNDhCQTY1QTkzQzI4OUE4MkIxX2F1ZGlvX2Rhc2hpbml0Lm1wNBUCAsgBEgAoABgAGwKIB3VzZV9vaWwBMRJwcm9ncmVzc2l2ZV9yZWNpcGUBMRUAACbe2va-1ZWTAxUCKAJDMywXQE1AAAAAAAAYGWRhc2hfaDI2NC1iYXNpYy1nZW4yXzcyMHARAHUAZbaeAQA&_nc_gid=FmjILqvNqtZFZEc2NI2oUA&_nc_ss=7f289&_nc_zt=28&oh=00_AQD90bLNHtwVIMdddv-_QfnyktyXW3KJDL9CZVUVeW2KIQ&oe=6A58A70A,https://scontent.fblr20-2.fna.fbcdn.net/v/t39.35426-6/724590269_3390477447785620_764229043289261800_n.jpg?_nc_cat=102&ccb=1-7&_nc_sid=c53f8f&_nc_ohc=iLFZS3DokFYQ7kNvwGspDLq&_nc_oc=Ado69P5V7knRs537a-BaeWktYuWo0gFUhw3PUSjO4jLYbE6Qohon2HELw07KfMFXARKpiFbGV-RiYDskbQkNCLuw&_nc_zt=14&_nc_ht=scontent.fblr20-2.fna&_nc_gid=FmjILqvNqtZFZEc2NI2oUA&_nc_ss=7f289&oh=00_AQBiYBd2GJLd5nAJn7_cIb-qzi3hRttEzWtliNxNjT0aJw&oe=6A58CB9A,2026-07-16T09:40:26.000Z,2026-07-12,https://pub-893b4a6a607b4221a894bf861da7914e.r2.dev/1518594126387614.mp4
8,8,English Seekho,565574549966663,English Seekho App,,IN,1366714225383108,https://www.facebook.com/ads/library/?id=1366714225383108,2026-06-23,,false,false,1,0,,2026-06-23,,Fluent English bolne ka sirf ek raasta – Daily practice on English Seekho App. Start now!,English Communication strong karo aur confidence badhao,Install now,http://play.google.com/store/apps/details?id=com.bolo.android,"Facebook,Instagram,Audience Network,Messenger,Threads",Fluent English bolne ka sirf ek raasta – Daily practice on English Seekho App. Start now!,English Communication strong karo aur confidence badhao,Install now,http://play.google.com/store/apps/details?id=com.bolo.android,Video,"Facebook,Instagram,Audience Network,Messenger,Threads",1,0,9:16,https://video.fblr20-1.fna.fbcdn.net/o1/v/t2/f2/m366/AQO0cakoKsKhmMDHn6g8VTEWFXCb3zZVYMd1sZRSnV8ZiZMlqORieZeWCkKpd78tFO4_k0uCHrigfjo8uXjwK9hoTvIeQVl2gPGbi6gfKdxWQw.mp4?_nc_cat=108&_nc_oc=AdrlERZyiFEwsRHi9yRc7UGf969AyfKQ90w8Dc7ogSZbm3NdJVGTQfSeklUdL3obcVM2P3S68Eb3NkuzQI4BohW9&_nc_sid=b66105&_nc_ht=video.fblr20-1.fna.fbcdn.net&_nc_ohc=RpuLb_CgY68Q7kNvwHNcir1&efg=eyJ2ZW5jb2RlX3RhZyI6Inhwdl9wcm9ncmVzc2l2ZS5WSV9VU0VDQVNFX1BST0RVQ1RfVFlQRS4uQzMuNzIwLmRhc2hfaDI2NC1iYXNpYy1nZW4yXzcyMHAiLCJ4cHZfYXNzZXRfaWQiOjEwMTcxNjY2NzA4MTg3NjcsImFzc2V0X2FnZV9kYXlzIjoyMiwidmlfdXNlY2FzZV9pZCI6MTAxMzksImR1cmF0aW9uX3MiOjYzLCJ1cmxnZW5fc291cmNlIjoid3d3In0%3D&ccb=17-1&vs=8afc758d1a604fd8&_nc_vs=HBksFQIYRWZiX2VwaGVtZXJhbC9DMjRGREZBNDc3Q0JGRDc4Qzg0NDk1NTkxMzAzNDRCRl9tdF8xX3ZpZGVvX2Rhc2hpbml0Lm1wNBUAAsgBEgAVAhhAZmJfcGVybWFuZW50LzEzNDUzQUI4MkNFQzgwMjc1RDg3MTNBNzNBOTg3MEE0X2F1ZGlvX2Rhc2hpbml0Lm1wNBUCAsgBEgAoABgAGwKIB3VzZV9vaWwBMRJwcm9ncmVzc2l2ZV9yZWNpcGUBMRUAACaet7uh8sbOAxUCKAJDMywXQE_6n752yLQYGWRhc2hfaDI2NC1iYXNpYy1nZW4yXzcyMHARAHUAZbaeAQA&_nc_gid=FmjILqvNqtZFZEc2NI2oUA&_nc_ss=7f289&_nc_zt=28&oh=00_AQBrZkV0exTeLFBA8sZSYOW0p4H61_eHal49jBuVW1DOIg&oe=6A58B4AC,https://scontent.fblr20-5.fna.fbcdn.net/v/t39.35426-6/731344420_1528319075262387_6029613407058975827_n.jpg?_nc_cat=107&ccb=1-7&_nc_sid=c53f8f&_nc_ohc=1lTWthz5DScQ7kNvwE2fZBk&_nc_oc=AdpRMCJTf1OF-kRsF8H9j6JTL--qp2Lxo-XzM7jVBBPCKCKusJUsXpnuemtww_g_6brGTy3sntIDJkPSN-idBFTa&_nc_zt=14&_nc_ht=scontent.fblr20-5.fna&_nc_gid=FmjILqvNqtZFZEc2NI2oUA&_nc_ss=7f289&oh=00_AQA6RVluxgmis8mu-JRrUsku3EcTy9qZXO6kQ5X_BgUCVg&oe=6A58D35B,2026-07-16T10:38:36.000Z,2026-07-12,https://pub-893b4a6a607b4221a894bf861da7914e.r2.dev/1366714225383108.mp4
9,9,English Seekho,565574549966663,English Seekho App,,IN,1030481159453297,https://www.facebook.com/ads/library/?id=1030481159453297,2026-06-24,,false,false,1,0,,2026-06-24,,Fluent English bolne ka sirf ek raasta – Daily practice on English Seekho App. Start now!,English Communication strong karo aur confidence badhao,Install now,http://play.google.com/store/apps/details?id=com.bolo.android,"Facebook,Instagram,Audience Network,Messenger,Threads",Fluent English bolne ka sirf ek raasta – Daily practice on English Seekho App. Start now!,English Communication strong karo aur confidence badhao,Install now,http://play.google.com/store/apps/details?id=com.bolo.android,Video,"Facebook,Instagram,Audience Network,Messenger,Threads",1,0,9:16,https://video.fblr20-3.fna.fbcdn.net/o1/v/t2/f2/m366/AQPMS6zz3qnT2SIz9ZMEAVjH5tKL-TSP53KTEjhVVTAzDC-fiovrS5jFdEIhGTDerEoh7Wf0GKALCCd5UafYztAn7ROkbZNuFhJrob2uI99A7w.mp4?_nc_cat=109&_nc_oc=Adqw-hVuP7LBIXeDZmfNYinU8dBp7wmrVdjBqPC7f9WkI0yha_R9I8-u5s9I50kUhU9Y2jTVW8wYfuoG9ONqJ6CQ&_nc_sid=b66105&_nc_ht=video.fblr20-3.fna.fbcdn.net&_nc_ohc=96k0UMQJCuwQ7kNvwFn6k1U&efg=eyJ2ZW5jb2RlX3RhZyI6Inhwdl9wcm9ncmVzc2l2ZS5WSV9VU0VDQVNFX1BST0RVQ1RfVFlQRS4uQzMuNzIwLmRhc2hfaDI2NC1iYXNpYy1nZW4yXzcyMHAiLCJ4cHZfYXNzZXRfaWQiOjI0NTY5MjYyNDQ3MzEyNDEsImFzc2V0X2FnZV9kYXlzIjoyMCwidmlfdXNlY2FzZV9pZCI6MTAxMzksImR1cmF0aW9uX3MiOjk4LCJ1cmxnZW5fc291cmNlIjoid3d3In0%3D&ccb=17-1&vs=c058857794b6d69&_nc_vs=HBksFQIYRWZiX2VwaGVtZXJhbC83NjQ5NjNCOTNENzcyRENBQTM4Q0E5MkFDMjM4RjFCQV9tdF8xX3ZpZGVvX2Rhc2hpbml0Lm1wNBUAAsgBEgAVAhhAZmJfcGVybWFuZW50LzY4NDY0MzhBMzRENzkzOUE2NTYyQkExOTlCQ0RGNkJCX2F1ZGlvX2Rhc2hpbml0Lm1wNBUCAsgBEgAoABgAGwKIB3VzZV9vaWwBMRJwcm9ncmVzc2l2ZV9yZWNpcGUBMRUAACbS5fOA96PdCBUCKAJDMywXQFiuRaHKwIMYGWRhc2hfaDI2NC1iYXNpYy1nZW4yXzcyMHARAHUAZbaeAQA&_nc_gid=FmjILqvNqtZFZEc2NI2oUA&_nc_ss=7f289&_nc_zt=28&oh=00_AQAINVFs63wU3lM_bIcwbo13cq8pyJjhuTk1oN-c0IBanA&oe=6A58CA87,https://scontent.fblr20-3.fna.fbcdn.net/v/t39.35426-6/730748733_1726432165021598_6904143735499759560_n.jpg?_nc_cat=109&ccb=1-7&_nc_sid=c53f8f&_nc_ohc=FUHa6a8ataEQ7kNvwE6s8I2&_nc_oc=AdrSwURwbHGeYMvI_1jT-QzGfZqRcz406fT5LpH5aQBRiynZ9Qr5yz49ctdGW6GKrQhOUKQ2tJ18aBKhWiAnDXJz&_nc_zt=14&_nc_ht=scontent.fblr20-3.fna&_nc_gid=FmjILqvNqtZFZEc2NI2oUA&_nc_ss=7f289&oh=00_AQBYxu5VOHy3MqLtOFuXM4XeWC8dCPWiVA-m5XgZ93vnfQ&oe=6A58AB8D,2026-07-16T12:11:51.000Z,2026-07-12,https://pub-893b4a6a607b4221a894bf861da7914e.r2.dev/1030481159453297.mp4
10,10,English Seekho,565574549966663,English Seekho App,,IN,3607823459368677,https://www.facebook.com/ads/library/?id=3607823459368677,2026-06-23,,false,false,1,0,,2026-06-23,,Fluent English bolne ka sirf ek raasta – Daily practice on English Seekho App. Start now!,English Communication strong karo aur confidence badhao,Install now,http://play.google.com/store/apps/details?id=com.bolo.android,"Facebook,Instagram,Audience Network,Messenger,Threads",Fluent English bolne ka sirf ek raasta – Daily practice on English Seekho App. Start now!,English Communication strong karo aur confidence badhao,Install now,http://play.google.com/store/apps/details?id=com.bolo.android,Video,"Facebook,Instagram,Audience Network,Messenger,Threads",1,0,9:16,https://video.fblr20-3.fna.fbcdn.net/o1/v/t2/f2/m366/AQNo9VeFyI4CjFoNZ7DePzu-2mzUQjDKceuZRcuT0tsfsFTbgp36_dLQkBSwPoeqQ0rLPl9N0frXqvWe5sETJ32DxM5LGvdwe3w2p3UCWsosrQ.mp4?_nc_cat=109&_nc_oc=AdpHugfwRzlJWY1Oo4P85tzWKH9UH2beQZOdvRlD87gxOpd_ar4DX3D1kShtI47r29rXjGQvrwe-2XLS4iDPSJi6&_nc_sid=b66105&_nc_ht=video.fblr20-3.fna.fbcdn.net&_nc_ohc=fy_KF0GlRi8Q7kNvwHe9CkG&efg=eyJ2ZW5jb2RlX3RhZyI6Inhwdl9wcm9ncmVzc2l2ZS5WSV9VU0VDQVNFX1BST0RVQ1RfVFlQRS4uQzMuNzIwLmRhc2hfaDI2NC1iYXNpYy1nZW4yXzcyMHAiLCJ4cHZfYXNzZXRfaWQiOjEzMjI3MjY2NTkzOTM4ODEsImFzc2V0X2FnZV9kYXlzIjoyMSwidmlfdXNlY2FzZV9pZCI6MTAxMzksImR1cmF0aW9uX3MiOjY5LCJ1cmxnZW5fc291cmNlIjoid3d3In0%3D&ccb=17-1&vs=97ecd9303a78b574&_nc_vs=HBksFQIYRWZiX2VwaGVtZXJhbC82MjRBNTIxOEE3NTM3OUM4MDdCNjYwMDQzQjNCNjA5Q19tdF8xX3ZpZGVvX2Rhc2hpbml0Lm1wNBUAAsgBEgAVAhhAZmJfcGVybWFuZW50LzhBNEEyQzU1NzJGNjEzNzAxQTMyQjU2QkQ1NjU5NUI3X2F1ZGlvX2Rhc2hpbml0Lm1wNBUCAsgBEgAoABgAGwKIB3VzZV9vaWwBMRJwcm9ncmVzc2l2ZV9yZWNpcGUBMRUAACaypdjK6cDZBBUCKAJDMywXQFFan752yLQYGWRhc2hfaDI2NC1iYXNpYy1nZW4yXzcyMHARAHUAZbaeAQA&_nc_gid=FmjILqvNqtZFZEc2NI2oUA&_nc_ss=7f289&_nc_zt=28&oh=00_AQDCvhGOuO_TFk1KWe7g0IlyUbfIQIMM4wiNn8rXem8REA&oe=6A58C33B,https://scontent.fblr20-3.fna.fbcdn.net/v/t39.35426-6/729769069_2190462965066071_7358686601725331408_n.jpg?_nc_cat=109&ccb=1-7&_nc_sid=c53f8f&_nc_ohc=yeYEtEdN8ywQ7kNvwGgjbsW&_nc_oc=AdrN6tYvxJ6pjVYAH51EviQwy-6YwhcNjvxmK0pbD72OAlzEVTkRD5OgZ8gWOIP5fJtehlfwbFywsvgD3KObfH8i&_nc_zt=14&_nc_ht=scontent.fblr20-3.fna&_nc_gid=FmjILqvNqtZFZEc2NI2oUA&_nc_ss=7f289&oh=00_AQApUDktqMRTmhF7ORWBylytNSMM2x34yLkiiHgQSCK3vA&oe=6A58BA50,2026-07-16T11:40:43.000Z,2026-07-12,https://pub-893b4a6a607b4221a894bf861da7914e.r2.dev/3607823459368677.mp4
11,11,English Seekho,565574549966663,English Seekho App,,IN,1013023587804896,https://www.facebook.com/ads/library/?id=1013023587804896,2026-06-29,,false,true,2,0,1013023587804896,2026-06-29,,Fluent English bolne ka sirf ek raasta – Daily practice on English Seekho App. Start now!,English Communication strong karo aur confidence badhao,Install now,http://play.google.com/store/apps/details?id=com.bolo.android,"Facebook,Instagram,Audience Network,Messenger,Threads",Fluent English bolne ka sirf ek raasta – Daily practice on English Seekho App. Start now!,English Communication strong karo aur confidence badhao,Install now,http://play.google.com/store/apps/details?id=com.bolo.android,Video,"Facebook,Instagram,Audience Network,Messenger,Threads",1,0,9:16,https://video.fblr20-2.fna.fbcdn.net/o1/v/t2/f2/m366/AQP1BPSJLdL1UiZ7272P-7xkSe18OJf-o-fxW3JLyR7ojhFCtNZWL21XOfqBvBSNwcpz6uSUY2XYVsG401PVl5_gCbfZMrc9et8E0gVeee173Q.mp4?_nc_cat=102&_nc_oc=AdqOk6UxfXfItVRpoVPBU61g9o--8U_XzSK2fgybE1yJEpU5PniggZKA2vkoe6o2w7VmYkEW-FooaSUKdlXzCKID&_nc_sid=b66105&_nc_ht=video.fblr20-2.fna.fbcdn.net&_nc_ohc=yfHm2X7ZoNcQ7kNvwHSf_fe&efg=eyJ2ZW5jb2RlX3RhZyI6Inhwdl9wcm9ncmVzc2l2ZS5WSV9VU0VDQVNFX1BST0RVQ1RfVFlQRS4uQzMuNzIwLmRhc2hfaDI2NC1iYXNpYy1nZW4yXzcyMHAiLCJ4cHZfYXNzZXRfaWQiOjIwMjgzMjM0MzEwOTM0OTEsImFzc2V0X2FnZV9kYXlzIjoyMiwidmlfdXNlY2FzZV9pZCI6MTAxMzksImR1cmF0aW9uX3MiOjU0LCJ1cmxnZW5fc291cmNlIjoid3d3In0%3D&ccb=17-1&vs=db09496fa8e4b84&_nc_vs=HBksFQIYRWZiX2VwaGVtZXJhbC8zMTRGQzIyQTY0QUVGRTY3ODdFOTEyQTM5QkZGREU4OF9tdF8xX3ZpZGVvX2Rhc2hpbml0Lm1wNBUAAsgBEgAVAhhAZmJfcGVybWFuZW50LzlDNDE5OUZEQUExMjBEQzM0MzdFMTYyRDZDRDE1RTk2X2F1ZGlvX2Rhc2hpbml0Lm1wNBUCAsgBEgAoABgAGwKIB3VzZV9vaWwBMRJwcm9ncmVzc2l2ZV9yZWNpcGUBMRUAACbm08yZ-6-aBxUCKAJDMywXQEtPfO2RaHMYGWRhc2hfaDI2NC1iYXNpYy1nZW4yXzcyMHARAHUAZbaeAQA&_nc_gid=FmjILqvNqtZFZEc2NI2oUA&_nc_ss=7f289&_nc_zt=28&oh=00_AQAmQLXm3On5WTyOXLe4kua9_am-IFVNC_y2oUW2pX8IPA&oe=6A58D17E,https://scontent.fblr20-2.fna.fbcdn.net/v/t39.35426-6/732961824_1025830446506519_6828126960946789075_n.jpg?_nc_cat=104&ccb=1-7&_nc_sid=c53f8f&_nc_ohc=7BguAIhGFlgQ7kNvwGInB5I&_nc_oc=AdqNfnw3GQQZfh7HaQiKsrmFh-oRoQFkifG1K51Win3v4ChsyvV2gZuUvyku6nIV6k_-Z5Dip8h5d2BYa9mG2iLf&_nc_zt=14&_nc_ht=scontent.fblr20-2.fna&_nc_gid=FmjILqvNqtZFZEc2NI2oUA&_nc_ss=7f289&oh=00_AQAWFFeysjxFG2TvGYWIVPgGZkR0Irbr9BqoNDe5-jewsw&oe=6A58A3C7,2026-07-16T12:41:34.000Z,2026-07-12,https://pub-893b4a6a607b4221a894bf861da7914e.r2.dev/1013023587804896.mp4
12,11,English Seekho,565574549966663,English Seekho App,,IN,1013023587804896,https://www.facebook.com/ads/library/?id=1013023587804896,2026-06-29,,false,true,2,1,27654803134159826,2026-06-29,,Fluent English bolne ka sirf ek raasta – Daily practice on English Seekho App. Start now!,English Communication strong karo aur confidence badhao,Install now,http://play.google.com/store/apps/details?id=com.bolo.android,"Facebook,Instagram,Audience Network,Messenger,Threads",Fluent English bolne ka sirf ek raasta – Daily practice on English Seekho App. Start now!,English Communication strong karo aur confidence badhao,Install now,http://play.google.com/store/apps/details?id=com.bolo.android,Video,"Facebook,Instagram,Audience Network,Messenger,Threads",1,0,9:16,https://video.fblr20-2.fna.fbcdn.net/o1/v/t2/f2/m366/AQP1BPSJLdL1UiZ7272P-7xkSe18OJf-o-fxW3JLyR7ojhFCtNZWL21XOfqBvBSNwcpz6uSUY2XYVsG401PVl5_gCbfZMrc9et8E0gVeee173Q.mp4?_nc_cat=102&_nc_oc=AdqOk6UxfXfItVRpoVPBU61g9o--8U_XzSK2fgybE1yJEpU5PniggZKA2vkoe6o2w7VmYkEW-FooaSUKdlXzCKID&_nc_sid=b66105&_nc_ht=video.fblr20-2.fna.fbcdn.net&_nc_ohc=yfHm2X7ZoNcQ7kNvwHSf_fe&efg=eyJ2ZW5jb2RlX3RhZyI6Inhwdl9wcm9ncmVzc2l2ZS5WSV9VU0VDQVNFX1BST0RVQ1RfVFlQRS4uQzMuNzIwLmRhc2hfaDI2NC1iYXNpYy1nZW4yXzcyMHAiLCJ4cHZfYXNzZXRfaWQiOjIwMjgzMjM0MzEwOTM0OTEsImFzc2V0X2FnZV9kYXlzIjoyMiwidmlfdXNlY2FzZV9pZCI6MTAxMzksImR1cmF0aW9uX3MiOjU0LCJ1cmxnZW5fc291cmNlIjoid3d3In0%3D&ccb=17-1&vs=db09496fa8e4b84&_nc_vs=HBksFQIYRWZiX2VwaGVtZXJhbC8zMTRGQzIyQTY0QUVGRTY3ODdFOTEyQTM5QkZGREU4OF9tdF8xX3ZpZGVvX2Rhc2hpbml0Lm1wNBUAAsgBEgAVAhhAZmJfcGVybWFuZW50LzlDNDE5OUZEQUExMjBEQzM0MzdFMTYyRDZDRDE1RTk2X2F1ZGlvX2Rhc2hpbml0Lm1wNBUCAsgBEgAoABgAGwKIB3VzZV9vaWwBMRJwcm9ncmVzc2l2ZV9yZWNpcGUBMRUAACbm08yZ-6-aBxUCKAJDMywXQEtPfO2RaHMYGWRhc2hfaDI2NC1iYXNpYy1nZW4yXzcyMHARAHUAZbaeAQA&_nc_gid=kSG06_0nIAxQ6TrX4p96aw&_nc_ss=7f289&_nc_zt=28&oh=00_AQAvgcrcUXcGyIfyYr0DMaCkQX0gBQYn_S_OWEAQ3FaZYg&oe=6A58D17E,https://scontent.fblr20-1.fna.fbcdn.net/v/t39.35426-6/734218648_1821945132106045_49092746163673977_n.jpg?_nc_cat=110&ccb=1-7&_nc_sid=c53f8f&_nc_ohc=y6zwlAdbnlQQ7kNvwERchgJ&_nc_oc=AdoESJUSEXHiph07jMgHXc2afJWgns-lIAkwLTAhF5G43EPvgsN0Y8mQ3Ze0Bql8MiW2bbIf1YYjjRudqJe4rRdU&_nc_zt=14&_nc_ht=scontent.fblr20-1.fna&_nc_gid=kSG06_0nIAxQ6TrX4p96aw&_nc_ss=7f289&oh=00_AQDCxtmOkbV9o4-jTyO0z2fLfxux6Qf8Zm6BJv7urbllqQ&oe=6A58C71B,2026-07-16T12:41:34.000Z,2026-07-12,
13,12,English Seekho,565574549966663,English Seekho App,,IN,1260469682675863,https://www.facebook.com/ads/library/?id=1260469682675863,2026-06-24,,false,false,1,0,,2026-06-24,,Fluent English bolne ka sirf ek raasta – Daily practice on English Seekho App. Start now!,English Communication strong karo aur confidence badhao,Install now,http://play.google.com/store/apps/details?id=com.bolo.android,"Facebook,Instagram,Audience Network,Messenger,Threads",Fluent English bolne ka sirf ek raasta – Daily practice on English Seekho App. Start now!,English Communication strong karo aur confidence badhao,Install now,http://play.google.com/store/apps/details?id=com.bolo.android,Video,"Facebook,Instagram,Audience Network,Messenger,Threads",1,0,9:16,https://video.fblr20-4.fna.fbcdn.net/o1/v/t2/f2/m366/AQPmjquZhbBgUwoLXHcoS4fYB4FlpcoY3Yw63LaIOeUjY6gx_eb9e0TvRfmbNh-PapapHVRKFCbaKF4W6lJYbjx5IqAoPjmhfb8fnAqlJ_jYww.mp4?_nc_cat=103&_nc_oc=AdoBsHwwTGxaS0PuaY80DyMSxmGOKkYiEFnI3LbsBcBfDfHBB8AYfzit_3jRfKJDhYJgsncwkLRZ9Px-Kk1wvLGM&_nc_sid=b66105&_nc_ht=video.fblr20-4.fna.fbcdn.net&_nc_ohc=mHAgdMJlKNcQ7kNvwFtVtB2&efg=eyJ2ZW5jb2RlX3RhZyI6Inhwdl9wcm9ncmVzc2l2ZS5WSV9VU0VDQVNFX1BST0RVQ1RfVFlQRS4uQzMuNzIwLmRhc2hfaDI2NC1iYXNpYy1nZW4yXzcyMHAiLCJ4cHZfYXNzZXRfaWQiOjI4NTI2OTI4Mzg0MDM4MTcsImFzc2V0X2FnZV9kYXlzIjoxMjIsInZpX3VzZWNhc2VfaWQiOjEwMTM5LCJkdXJhdGlvbl9zIjoxMTUsInVybGdlbl9zb3VyY2UiOiJ3d3cifQ%3D%3D&ccb=17-1&vs=156b022a50e2a646&_nc_vs=HBksFQIYRWZiX2VwaGVtZXJhbC9FQzQzMDA1REMxOTY1ODcyRDkzMkE0NjI0RkYxOUQ4NF9tdF8xX3ZpZGVvX2Rhc2hpbml0Lm1wNBUAAsgBEgAVAhhAZmJfcGVybWFuZW50L0ExNEM5Q0RGQjhBQkRBQUQ1QkZDQTI1MThFMzQ5MjhCX2F1ZGlvX2Rhc2hpbml0Lm1wNBUCAsgBEgAoABgAGwKIB3VzZV9vaWwBMRJwcm9ncmVzc2l2ZV9yZWNpcGUBMRUAACbSu8r0yaCRChUCKAJDMywXQFzwAAAAAAAYGWRhc2hfaDI2NC1iYXNpYy1nZW4yXzcyMHARAHUAZbaeAQA&_nc_gid=FmjILqvNqtZFZEc2NI2oUA&_nc_ss=7f289&_nc_zt=28&oh=00_AQBYAuwEWnPyI3ln9ZwzPwuk9Zhd3ft9HtVdvHyNqLOKdQ&oe=6A58D35D,https://scontent.fblr20-2.fna.fbcdn.net/v/t39.35426-6/731131394_27197805759905152_5409002965942051803_n.jpg?_nc_cat=104&ccb=1-7&_nc_sid=c53f8f&_nc_ohc=6AVI07a-M7cQ7kNvwHMN02-&_nc_oc=Adqk2hmma5MS4WZZ6TSCtspkwcT_XnWvxCX4_-XPegr-e6kqz2vBKBdDWntSSF4v1Ctvvt1mf-GfS-iqkyLnLPEN&_nc_zt=14&_nc_ht=scontent.fblr20-2.fna&_nc_gid=FmjILqvNqtZFZEc2NI2oUA&_nc_ss=7f289&oh=00_AQC0zz98YfgY_sPxe90hdLI4I9UwVCGhemTyWiW_8gA0fA&oe=6A58B98E,2026-07-16T12:49:33.000Z,2026-07-12,https://pub-893b4a6a607b4221a894bf861da7914e.r2.dev/1260469682675863.mp4
14,13,English Seekho,565574549966663,English Seekho App,,IN,27770311949260226,https://www.facebook.com/ads/library/?id=27770311949260226,2026-07-02,,false,false,1,0,,2026-07-02,,"ঘরে বসেই ইংরেজি শিখুন!
English Seekho App-এর ইন্টারঅ্যাকটিভ লেসনের মাধ্যমে প্রতিদিন অনুশীলন করুন।",ইংরেজি কমিউনিকেশন শক্তিশালী করুন এবং আত্মবিশ্বাস বাড়ান।,Install now,http://play.google.com/store/apps/details?id=com.bolo.android,"Facebook,Instagram,Audience Network,Messenger,Threads","ঘরে বসেই ইংরেজি শিখুন!
English Seekho App-এর ইন্টারঅ্যাকটিভ লেসনের মাধ্যমে প্রতিদিন অনুশীলন করুন।",ইংরেজি কমিউনিকেশন শক্তিশালী করুন এবং আত্মবিশ্বাস বাড়ান।,Install now,http://play.google.com/store/apps/details?id=com.bolo.android,Video,"Facebook,Instagram,Audience Network,Messenger,Threads",1,0,9:16,https://video.fblr20-2.fna.fbcdn.net/o1/v/t2/f2/m366/AQOKlzZRjegjXH1rZQz2dsEUXAK_k8Q6EKlwXFh36T5bTX0faFndJmQPGsTnw-BisIFULw0fCCbDRM0vWoF_k4oachzOQXvch1_YCsvNnBGJkQ.mp4?_nc_cat=111&_nc_oc=Ado6YNfRtUo3kpMjWqTYgthXPp3-kA2uiLhXOU8XVzq8w9yrBxVgSs2ZBRM25lyU9L5lAIvcSC2KMcSfMDj7RPgt&_nc_sid=b66105&_nc_ht=video.fblr20-2.fna.fbcdn.net&_nc_ohc=uUkJOxzap28Q7kNvwGrvl9r&efg=eyJ2ZW5jb2RlX3RhZyI6Inhwdl9wcm9ncmVzc2l2ZS5WSV9VU0VDQVNFX1BST0RVQ1RfVFlQRS4uQzMuNzIwLmRhc2hfaDI2NC1iYXNpYy1nZW4yXzcyMHAiLCJ4cHZfYXNzZXRfaWQiOjE0NTY4MDg4MTk1ODQxMDYsImFzc2V0X2FnZV9kYXlzIjoxMSwidmlfdXNlY2FzZV9pZCI6MTAxMzksImR1cmF0aW9uX3MiOjg5LCJ1cmxnZW5fc291cmNlIjoid3d3In0%3D&ccb=17-1&vs=5ac36cc07ca5e0dd&_nc_vs=HBksFQIYRWZiX2VwaGVtZXJhbC8wODRDMzRGQjA2OTcwOTA3ODYwOUUzRDMyODhFNjlCNl9tdF8xX3ZpZGVvX2Rhc2hpbml0Lm1wNBUAAsgBEgAVAhhAZmJfcGVybWFuZW50L0U1NEU1RTk4MjU0NjBENjUzREE0QUE5MUUwMDY1OTk2X2F1ZGlvX2Rhc2hpbml0Lm1wNBUCAsgBEgAoABgAGwKIB3VzZV9vaWwBMRJwcm9ncmVzc2l2ZV9yZWNpcGUBMRUAACbUsZPDt72WBRUCKAJDMywXQFZjAgxJul4YGWRhc2hfaDI2NC1iYXNpYy1nZW4yXzcyMHARAHUAZbaeAQA&_nc_gid=FmjILqvNqtZFZEc2NI2oUA&_nc_ss=7f289&_nc_zt=28&oh=00_AQBPu4oaSGFj1tEVN6kWCLj3AiZ9ZupToYPnZtZstAoKeA&oe=6A58A31D,https://scontent.fblr20-1.fna.fbcdn.net/v/t39.35426-6/736449065_1041587275492418_1412128154660096588_n.jpg?_nc_cat=110&ccb=1-7&_nc_sid=c53f8f&_nc_ohc=wiZDu7F7Go4Q7kNvwHVxpxZ&_nc_oc=Adp5Wi4wu39INn62KcZHuhM-oz_WerDwTmfKEd83ZP_L45nChjAhPg5lmCXl93JL5rzVJlgEwa5C85_T49RGGk6X&_nc_zt=14&_nc_ht=scontent.fblr20-1.fna&_nc_gid=FmjILqvNqtZFZEc2NI2oUA&_nc_ss=7f289&oh=00_AQA1Q5ptQafbDyUHg337SUrAl84KdvxSJe4zp9LLGWU7cQ&oe=6A58D24D,2026-07-16T09:23:41.000Z,2026-07-12,https://pub-893b4a6a607b4221a894bf861da7914e.r2.dev/27770311949260226.mp4
15,14,English Seekho,565574549966663,English Seekho App,,IN,1342745497312585,https://www.facebook.com/ads/library/?id=1342745497312585,2026-07-04,,false,true,2,0,1342745497312585,2026-07-04,,Fluent English bolne ka sirf ek raasta – Daily practice on English Seekho App. Start now!,English Communication strong karo aur confidence badhao,Install now,http://play.google.com/store/apps/details?id=com.bolo.android,"Facebook,Instagram,Audience Network,Messenger,Threads",Fluent English bolne ka sirf ek raasta – Daily practice on English Seekho App. Start now!,English Communication strong karo aur confidence badhao,Install now,http://play.google.com/store/apps/details?id=com.bolo.android,Video,"Facebook,Instagram,Audience Network,Messenger,Threads",1,0,9:16,https://video.fblr20-4.fna.fbcdn.net/o1/v/t2/f2/m366/AQPHXKGgDGS_DoulUocNpJN6_UPqcjl_rvdQgOZ0DxIiZhxHx1GAwG2ECvlaUM4iWG3irEAKe8d9Ao5MzJZ_doj8nc4Iv6RgP2wdpoWkFzN0MA.mp4?_nc_cat=101&_nc_oc=AdprfPD5Hr3NrKNpxgoLA7oOkbvELqaHMW3n264de2tjZCBdpRJYRF952rrph2eHrKK2UZP8UsilAjI7BEEHS8ap&_nc_sid=b66105&_nc_ht=video.fblr20-4.fna.fbcdn.net&_nc_ohc=KgYYrdPaETwQ7kNvwE9RYeU&efg=eyJ2ZW5jb2RlX3RhZyI6Inhwdl9wcm9ncmVzc2l2ZS5WSV9VU0VDQVNFX1BST0RVQ1RfVFlQRS4uQzMuNzIwLmRhc2hfaDI2NC1iYXNpYy1nZW4yXzcyMHAiLCJ4cHZfYXNzZXRfaWQiOjI1MzI5ODA1NTcxNjQ2MDQsImFzc2V0X2FnZV9kYXlzIjo5LCJ2aV91c2VjYXNlX2lkIjoxMDEzOSwiZHVyYXRpb25fcyI6OTUsInVybGdlbl9zb3VyY2UiOiJ3d3cifQ%3D%3D&ccb=17-1&vs=d3f06739c2423a83&_nc_vs=HBksFQIYRWZiX2VwaGVtZXJhbC9GRTQ3Mzc2NzQ4RkQ0REE0NDg0RkJGM0VFODIwM0VCOV9tdF8xX3ZpZGVvX2Rhc2hpbml0Lm1wNBUAAsgBEgAVAhhAZmJfcGVybWFuZW50LzdCNDcxMjNENEVGODFBQTM2OTU5NzJFQkY0QzdGRkE2X2F1ZGlvX2Rhc2hpbml0Lm1wNBUCAsgBEgAoABgAGwKIB3VzZV9vaWwBMRJwcm9ncmVzc2l2ZV9yZWNpcGUBMRUAACb4wKnl7-7_CBUCKAJDMywXQFfIMSbpeNUYGWRhc2hfaDI2NC1iYXNpYy1nZW4yXzcyMHARAHUAZbaeAQA&_nc_gid=FmjILqvNqtZFZEc2NI2oUA&_nc_ss=7f289&_nc_zt=28&oh=00_AQCdMr33fRtUceheIsXIymeIJIzo20I2twzklztwjSyyWQ&oe=6A58CBD7,https://scontent.fblr20-4.fna.fbcdn.net/v/t39.35426-6/738546352_858336667042772_907681661685011535_n.jpg?_nc_cat=103&ccb=1-7&_nc_sid=c53f8f&_nc_ohc=zNuBxETu06QQ7kNvwHzwyYl&_nc_oc=AdrEjTl5JGHilUxFP82pqd4dTE-tJrugWM8yIS0aa89isBuYmUywoNIoqQkyzXEw58yvlqOudML4cP38K6ub3moU&_nc_zt=14&_nc_ht=scontent.fblr20-4.fna&_nc_gid=FmjILqvNqtZFZEc2NI2oUA&_nc_ss=7f289&oh=00_AQCAerFSz2JR20qeW26UFCf1pAGrFeAeCIPEmSffC6Vm8w&oe=6A58D639,2026-07-16T12:17:27.000Z,2026-07-12,https://pub-893b4a6a607b4221a894bf861da7914e.r2.dev/1342745497312585.mp4
16,14,English Seekho,565574549966663,English Seekho App,,IN,1342745497312585,https://www.facebook.com/ads/library/?id=1342745497312585,2026-07-04,,false,true,2,1,2342283683231576,2026-07-03,,Fluent English bolne ka sirf ek raasta – Daily practice on English Seekho App. Start now!,English Communication strong karo aur confidence badhao,Install now,http://play.google.com/store/apps/details?id=com.bolo.android,"Facebook,Instagram,Audience Network,Messenger,Threads",Fluent English bolne ka sirf ek raasta – Daily practice on English Seekho App. Start now!,English Communication strong karo aur confidence badhao,Install now,http://play.google.com/store/apps/details?id=com.bolo.android,Video,"Facebook,Instagram,Audience Network,Messenger,Threads",1,0,9:16,https://video.fblr20-4.fna.fbcdn.net/o1/v/t2/f2/m366/AQPHXKGgDGS_DoulUocNpJN6_UPqcjl_rvdQgOZ0DxIiZhxHx1GAwG2ECvlaUM4iWG3irEAKe8d9Ao5MzJZ_doj8nc4Iv6RgP2wdpoWkFzN0MA.mp4?_nc_cat=101&_nc_oc=AdprfPD5Hr3NrKNpxgoLA7oOkbvELqaHMW3n264de2tjZCBdpRJYRF952rrph2eHrKK2UZP8UsilAjI7BEEHS8ap&_nc_sid=b66105&_nc_ht=video.fblr20-4.fna.fbcdn.net&_nc_ohc=KgYYrdPaETwQ7kNvwE9RYeU&efg=eyJ2ZW5jb2RlX3RhZyI6Inhwdl9wcm9ncmVzc2l2ZS5WSV9VU0VDQVNFX1BST0RVQ1RfVFlQRS4uQzMuNzIwLmRhc2hfaDI2NC1iYXNpYy1nZW4yXzcyMHAiLCJ4cHZfYXNzZXRfaWQiOjI1MzI5ODA1NTcxNjQ2MDQsImFzc2V0X2FnZV9kYXlzIjo5LCJ2aV91c2VjYXNlX2lkIjoxMDEzOSwiZHVyYXRpb25fcyI6OTUsInVybGdlbl9zb3VyY2UiOiJ3d3cifQ%3D%3D&ccb=17-1&vs=d3f06739c2423a83&_nc_vs=HBksFQIYRWZiX2VwaGVtZXJhbC9GRTQ3Mzc2NzQ4RkQ0REE0NDg0RkJGM0VFODIwM0VCOV9tdF8xX3ZpZGVvX2Rhc2hpbml0Lm1wNBUAAsgBEgAVAhhAZmJfcGVybWFuZW50LzdCNDcxMjNENEVGODFBQTM2OTU5NzJFQkY0QzdGRkE2X2F1ZGlvX2Rhc2hpbml0Lm1wNBUCAsgBEgAoABgAGwKIB3VzZV9vaWwBMRJwcm9ncmVzc2l2ZV9yZWNpcGUBMRUAACb4wKnl7-7_CBUCKAJDMywXQFfIMSbpeNUYGWRhc2hfaDI2NC1iYXNpYy1nZW4yXzcyMHARAHUAZbaeAQA&_nc_gid=8lapC56EHQtss6pHSabE_A&_nc_ss=7f289&_nc_zt=28&oh=00_AQBm3CEI6MN7L4y9-5J5DEQCE8UHGYbKQ3SVLuw5Q7BW9Q&oe=6A58CBD7,https://scontent.fblr20-1.fna.fbcdn.net/v/t39.35426-6/739995683_3556637731168473_4757312891608356499_n.jpg?_nc_cat=110&ccb=1-7&_nc_sid=c53f8f&_nc_ohc=HSsPA86juZUQ7kNvwHIbWUg&_nc_oc=AdpcNyNIOEKpBEHQkDuNWpSRVVRp23MrFB4SOAmC6dHEovG0S4nnLhblapXTHUumDnqlAlRGjTrGR5tQ5yVdXukI&_nc_zt=14&_nc_ht=scontent.fblr20-1.fna&_nc_gid=8lapC56EHQtss6pHSabE_A&_nc_ss=7f289&oh=00_AQB11LLwKuJYHNWlmMrBV4vdfJlAqMoRlGblKYmfTYrxKg&oe=6A58AF63,2026-07-16T12:17:27.000Z,2026-07-12,
17,15,English Seekho,565574549966663,English Seekho App,,IN,1064443136246118,https://www.facebook.com/ads/library/?id=1064443136246118,2026-07-02,,false,false,1,0,,2026-07-02,,"ঘরে বসেই ইংরেজি শিখুন!
English Seekho App-এর ইন্টারঅ্যাকটিভ লেসনের মাধ্যমে প্রতিদিন অনুশীলন করুন।",ইংরেজি কমিউনিকেশন শক্তিশালী করুন এবং আত্মবিশ্বাস বাড়ান।,Install now,http://play.google.com/store/apps/details?id=com.bolo.android,"Facebook,Instagram,Audience Network,Messenger,Threads","ঘরে বসেই ইংরেজি শিখুন!
English Seekho App-এর ইন্টারঅ্যাকটিভ লেসনের মাধ্যমে প্রতিদিন অনুশীলন করুন।",ইংরেজি কমিউনিকেশন শক্তিশালী করুন এবং আত্মবিশ্বাস বাড়ান।,Install now,http://play.google.com/store/apps/details?id=com.bolo.android,Video,"Facebook,Instagram,Audience Network,Messenger,Threads",1,0,9:16,https://video.fblr20-2.fna.fbcdn.net/o1/v/t2/f2/m366/AQOBn47ZBDYXv5zTK4EjmfiDnf3LtBnepWL611b8DjrEiYJOhafGV_okzeN7Jve-LITkwVV_XAu6j8IQk0IB6PWWUtciPXVKay-KNz-4Jvo-sw.mp4?_nc_cat=111&_nc_oc=AdqY8w86IoaQbvAd7RYIwG-HR8LxoLrfZNzNS2rDx34da0NF-3zjb7Oz0zkg86cN5H65pbElxKJ-Nvjqrqvol5Mh&_nc_sid=b66105&_nc_ht=video.fblr20-2.fna.fbcdn.net&_nc_ohc=-0SF2DhElTsQ7kNvwESA5go&efg=eyJ2ZW5jb2RlX3RhZyI6Inhwdl9wcm9ncmVzc2l2ZS5WSV9VU0VDQVNFX1BST0RVQ1RfVFlQRS4uQzMuNzIwLmRhc2hfaDI2NC1iYXNpYy1nZW4yXzcyMHAiLCJ4cHZfYXNzZXRfaWQiOjEzNzE1MzY3ODQ4MjIxNDAsImFzc2V0X2FnZV9kYXlzIjoxMSwidmlfdXNlY2FzZV9pZCI6MTAxMzksImR1cmF0aW9uX3MiOjU1LCJ1cmxnZW5fc291cmNlIjoid3d3In0%3D&ccb=17-1&vs=93e80bf50dbda191&_nc_vs=HBksFQIYRWZiX2VwaGVtZXJhbC84MjRGQkMzRjdFQzNDNDc5NTI4MDFBREVFOENGMEM4RV9tdF8xX3ZpZGVvX2Rhc2hpbml0Lm1wNBUAAsgBEgAVAhhAZmJfcGVybWFuZW50LzEzNDVEREZGMEY2MTAyQjU0MjI0NzdBNkFGMzZCNjg3X2F1ZGlvX2Rhc2hpbml0Lm1wNBUCAsgBEgAoABgAGwKIB3VzZV9vaWwBMRJwcm9ncmVzc2l2ZV9yZWNpcGUBMRUAACb4vdit-dnvBBUCKAJDMywXQEuFP3ztkWgYGWRhc2hfaDI2NC1iYXNpYy1nZW4yXzcyMHARAHUAZbaeAQA&_nc_gid=FmjILqvNqtZFZEc2NI2oUA&_nc_ss=7f289&_nc_zt=28&oh=00_AQCth2-k7DswfS0MXw266dOJlwN6BLihI-KdsrW58OSZbw&oe=6A58C119,https://scontent.fblr20-3.fna.fbcdn.net/v/t39.35426-6/735715543_1921821608776209_1949342393278017329_n.jpg?_nc_cat=100&ccb=1-7&_nc_sid=c53f8f&_nc_ohc=ezwvl3251foQ7kNvwEEmALU&_nc_oc=AdqKEB3SbVfGWS28gtm77sz-R2PY4ZoOzeGsVcVkt1W2qoCrl9EU65jrcAdn-V365m8iH6OhsvYeTMMjS0Y5SibW&_nc_zt=14&_nc_ht=scontent.fblr20-3.fna&_nc_gid=FmjILqvNqtZFZEc2NI2oUA&_nc_ss=7f289&oh=00_AQCrVudlAdldROnK_uA0sSqJMKiyWsrImqccLLl4z2wQeA&oe=6A58A131,2026-07-16T11:31:37.000Z,2026-07-12,https://pub-893b4a6a607b4221a894bf861da7914e.r2.dev/1064443136246118.mp4
18,16,English Seekho,565574549966663,English Seekho App,,IN,1598189468399583,https://www.facebook.com/ads/library/?id=1598189468399583,2026-07-05,,false,false,1,0,,2026-07-05,,Fluent English bolne ka sirf ek raasta – Daily practice on English Seekho App. Start now!,English Communication strong karo aur confidence badhao,Install now,http://play.google.com/store/apps/details?id=com.bolo.android,"Facebook,Instagram,Audience Network,Messenger,Threads",Fluent English bolne ka sirf ek raasta – Daily practice on English Seekho App. Start now!,English Communication strong karo aur confidence badhao,Install now,http://play.google.com/store/apps/details?id=com.bolo.android,Video,"Facebook,Instagram,Audience Network,Messenger,Threads",1,0,9:16,https://video.fblr20-2.fna.fbcdn.net/o1/v/t2/f2/m366/AQP2lJChuSRUkNlGHWsIPoA87VSGvs3C7pPUOkBkDwLSjxTHPpdUV5-mpNricZat59R_nQXEtptVIzvM7QEeMUQRVu0wRiECWPfZsZ4gPFUHZw.mp4?_nc_cat=102&_nc_oc=AdpiTnYd1tRboqqudrd4Al7cI49nCovOdu1PwoL20ItdR-gtaf33RiyjE58XJu5vJ6UXkQi37MSgql-2zIt5LT-r&_nc_sid=b66105&_nc_ht=video.fblr20-2.fna.fbcdn.net&_nc_ohc=LfEWnEs-TWgQ7kNvwHr0UxA&efg=eyJ2ZW5jb2RlX3RhZyI6Inhwdl9wcm9ncmVzc2l2ZS5WSV9VU0VDQVNFX1BST0RVQ1RfVFlQRS4uQzMuNzIwLmRhc2hfaDI2NC1iYXNpYy1nZW4yXzcyMHAiLCJ4cHZfYXNzZXRfaWQiOjEzMzAwMTM4MDU3NzgxMzksImFzc2V0X2FnZV9kYXlzIjo5LCJ2aV91c2VjYXNlX2lkIjoxMDEzOSwiZHVyYXRpb25fcyI6NjQsInVybGdlbl9zb3VyY2UiOiJ3d3cifQ%3D%3D&ccb=17-1&vs=69c8f433d130e209&_nc_vs=HBksFQIYRWZiX2VwaGVtZXJhbC9EODRFRDE0NDU2MTk2M0U4REI5RUZCRTc0QzYzRTM5RV9tdF8xX3ZpZGVvX2Rhc2hpbml0Lm1wNBUAAsgBEgAVAhhAZmJfcGVybWFuZW50LzE4NENDRDIwM0FCODM5NDcyRkQ4NzZGNjg3NDBGN0E5X2F1ZGlvX2Rhc2hpbml0Lm1wNBUCAsgBEgAoABgAGwKIB3VzZV9vaWwBMRJwcm9ncmVzc2l2ZV9yZWNpcGUBMRUAACa204SH_-jcBBUCKAJDMywXQFAZmZmZmZoYGWRhc2hfaDI2NC1iYXNpYy1nZW4yXzcyMHARAHUAZbaeAQA&_nc_gid=FmjILqvNqtZFZEc2NI2oUA&_nc_ss=7f289&_nc_zt=28&oh=00_AQA8X_JEBh5a3WFYljIIeGtLxWrOBhOkxSc0zYdiBaZhjw&oe=6A58B9BA,https://scontent.fblr20-3.fna.fbcdn.net/v/t39.35426-6/739313301_2064218157540919_942923354271640698_n.jpg?_nc_cat=105&ccb=1-7&_nc_sid=c53f8f&_nc_ohc=QTesPrkvN8kQ7kNvwH5LVkn&_nc_oc=Adrp2EuXEnWQgnhaNQjx6SEQIPec07dbEIKXY5AM6OZl1sHT-w1yVOxi0wf0PXRZzDFxvjnFnYLdEQ_Z8fq7C1_y&_nc_zt=14&_nc_ht=scontent.fblr20-3.fna&_nc_gid=FmjILqvNqtZFZEc2NI2oUA&_nc_ss=7f289&oh=00_AQAe7ovdHY9IBeULU3EXRflyv_AUxwtKSebMGPKVJWi6zg&oe=6A58BE1D,2026-07-16T11:00:10.000Z,2026-07-12,https://pub-893b4a6a607b4221a894bf861da7914e.r2.dev/1598189468399583.mp4
19,17,English Seekho,565574549966663,English Seekho App,,IN,1533311895232520,https://www.facebook.com/ads/library/?id=1533311895232520,2026-07-08,,false,true,2,0,1533311895232520,2026-07-08,,Fluent English bolne ka sirf ek raasta – Daily practice on English Seekho App. Start now!,English Communication strong karo aur confidence badhao,Install now,http://play.google.com/store/apps/details?id=com.bolo.android,"Facebook,Instagram,Audience Network,Messenger,Threads",Fluent English bolne ka sirf ek raasta – Daily practice on English Seekho App. Start now!,English Communication strong karo aur confidence badhao,Install now,http://play.google.com/store/apps/details?id=com.bolo.android,Video,"Facebook,Instagram,Audience Network,Messenger,Threads",1,0,9:16,https://video.fblr20-2.fna.fbcdn.net/o1/v/t2/f2/m366/AQNQ0Kf12oUk1cNCV9-5HPnVUZJ_trJcflHetY8-G8tCG-9qkPEb-QCnmfyJIwHblHgsxcmzdWaA9JRFsHdADr8EWfhU_9JgUHCbX9uGdYBwHQ.mp4?_nc_cat=111&_nc_oc=AdoJj7n809boTmudXb7xnM1jFwiidJThs1HY01m3CKisVGAIfJvx3MpTVO3KE2WGWhAxhEpYTMVVIwoYUyEzK1iX&_nc_sid=b66105&_nc_ht=video.fblr20-2.fna.fbcdn.net&_nc_ohc=uDkh9qIUywkQ7kNvwEfIS_3&efg=eyJ2ZW5jb2RlX3RhZyI6Inhwdl9wcm9ncmVzc2l2ZS5WSV9VU0VDQVNFX1BST0RVQ1RfVFlQRS4uQzMuNzIwLmRhc2hfaDI2NC1iYXNpYy1nZW4yXzcyMHAiLCJ4cHZfYXNzZXRfaWQiOjEzODQ4NzEzOTM2OTU0NTMsImFzc2V0X2FnZV9kYXlzIjo1LCJ2aV91c2VjYXNlX2lkIjoxMDEzOSwiZHVyYXRpb25fcyI6NjIsInVybGdlbl9zb3VyY2UiOiJ3d3cifQ%3D%3D&ccb=17-1&vs=8302ee98425b4b49&_nc_vs=HBksFQIYRWZiX2VwaGVtZXJhbC85RjRDNDU5RTc2RDkzNzA5RURDOENFMTY3Q0IxRjE4Ml9tdF8xX3ZpZGVvX2Rhc2hpbml0Lm1wNBUAAsgBEgAVAhhAZmJfcGVybWFuZW50LzIzNDQ2QjJEM0IwQjI0MDBDNjZDQ0Q2MEIxOTUyQTk3X2F1ZGlvX2Rhc2hpbml0Lm1wNBUCAsgBEgAoABgAGwKIB3VzZV9vaWwBMRJwcm9ncmVzc2l2ZV9yZWNpcGUBMRUAACa629j3j-L1BBUCKAJDMywXQE9IcrAgxJwYGWRhc2hfaDI2NC1iYXNpYy1nZW4yXzcyMHARAHUAZbaeAQA&_nc_gid=FmjILqvNqtZFZEc2NI2oUA&_nc_ss=7f289&_nc_zt=28&oh=00_AQDehEsJXzK4ri9sWiWCr5cdzHZJrVSByra5BG-zNABHiw&oe=6A58A291,https://scontent.fblr20-2.fna.fbcdn.net/v/t39.35426-6/741620119_2133765467171180_2831489025980257763_n.jpg?_nc_cat=102&ccb=1-7&_nc_sid=c53f8f&_nc_ohc=u_YxCKGOajAQ7kNvwHYJxVH&_nc_oc=Adq9bAXAj74Ofm9aoBkNm3wdrX_v-w2zmGEMVsUxFAE-qO6maBhFyzn8z2Hiwzq8iUmlqDsgVNAP2uKbU7lRZiw0&_nc_zt=14&_nc_ht=scontent.fblr20-2.fna&_nc_gid=FmjILqvNqtZFZEc2NI2oUA&_nc_ss=7f289&oh=00_AQA4aWNkxok2apXZqvBib0zGGHvwBtAN5lzpMLd0wFLvtg&oe=6A58D662,2026-07-16T09:21:21.000Z,2026-07-12,https://pub-893b4a6a607b4221a894bf861da7914e.r2.dev/1533311895232520.mp4
20,17,English Seekho,565574549966663,English Seekho App,,IN,1533311895232520,https://www.facebook.com/ads/library/?id=1533311895232520,2026-07-08,,false,true,2,1,3911596029134849,2026-07-08,,Fluent English bolne ka sirf ek raasta – Daily practice on English Seekho App. Start now!,English Communication strong karo aur confidence badhao,Install now,http://play.google.com/store/apps/details?id=com.bolo.android,"Facebook,Instagram,Audience Network,Messenger,Threads",Fluent English bolne ka sirf ek raasta – Daily practice on English Seekho App. Start now!,English Communication strong karo aur confidence badhao,Install now,http://play.google.com/store/apps/details?id=com.bolo.android,Video,"Facebook,Instagram,Audience Network,Messenger,Threads",1,0,9:16,https://video.fblr20-2.fna.fbcdn.net/o1/v/t2/f2/m366/AQNQ0Kf12oUk1cNCV9-5HPnVUZJ_trJcflHetY8-G8tCG-9qkPEb-QCnmfyJIwHblHgsxcmzdWaA9JRFsHdADr8EWfhU_9JgUHCbX9uGdYBwHQ.mp4?_nc_cat=111&_nc_oc=AdoJj7n809boTmudXb7xnM1jFwiidJThs1HY01m3CKisVGAIfJvx3MpTVO3KE2WGWhAxhEpYTMVVIwoYUyEzK1iX&_nc_sid=b66105&_nc_ht=video.fblr20-2.fna.fbcdn.net&_nc_ohc=uDkh9qIUywkQ7kNvwEfIS_3&efg=eyJ2ZW5jb2RlX3RhZyI6Inhwdl9wcm9ncmVzc2l2ZS5WSV9VU0VDQVNFX1BST0RVQ1RfVFlQRS4uQzMuNzIwLmRhc2hfaDI2NC1iYXNpYy1nZW4yXzcyMHAiLCJ4cHZfYXNzZXRfaWQiOjEzODQ4NzEzOTM2OTU0NTMsImFzc2V0X2FnZV9kYXlzIjo1LCJ2aV91c2VjYXNlX2lkIjoxMDEzOSwiZHVyYXRpb25fcyI6NjIsInVybGdlbl9zb3VyY2UiOiJ3d3cifQ%3D%3D&ccb=17-1&vs=8302ee98425b4b49&_nc_vs=HBksFQIYRWZiX2VwaGVtZXJhbC85RjRDNDU5RTc2RDkzNzA5RURDOENFMTY3Q0IxRjE4Ml9tdF8xX3ZpZGVvX2Rhc2hpbml0Lm1wNBUAAsgBEgAVAhhAZmJfcGVybWFuZW50LzIzNDQ2QjJEM0IwQjI0MDBDNjZDQ0Q2MEIxOTUyQTk3X2F1ZGlvX2Rhc2hpbml0Lm1wNBUCAsgBEgAoABgAGwKIB3VzZV9vaWwBMRJwcm9ncmVzc2l2ZV9yZWNpcGUBMRUAACa629j3j-L1BBUCKAJDMywXQE9IcrAgxJwYGWRhc2hfaDI2NC1iYXNpYy1nZW4yXzcyMHARAHUAZbaeAQA&_nc_gid=pJnTUQ68J7VmxeoM4-VAvw&_nc_ss=7f289&_nc_zt=28&oh=00_AQDqGMMaMZ4F8RN0Y2gIuTaFPxVykuUr_0ttWm3f1kGsDw&oe=6A58A291,https://scontent.fblr20-3.fna.fbcdn.net/v/t39.35426-6/744055532_1669152287534809_5294029303984372832_n.jpg?_nc_cat=105&ccb=1-7&_nc_sid=c53f8f&_nc_ohc=ZagVFfv8FHAQ7kNvwEcCsR0&_nc_oc=AdoMzoJbEczG73pqQC_zhWwfXHCzyBb5t7kHiG6W7TbBgySR2swbihMiZIilDD3-Bbc5zkwav3WBF1cjjYTGkwAH&_nc_zt=14&_nc_ht=scontent.fblr20-3.fna&_nc_gid=pJnTUQ68J7VmxeoM4-VAvw&_nc_ss=7f289&oh=00_AQDU_sGMbwJJl1MYgGHYFQQPMv5t_jFKMsgXWl6GirGhTw&oe=6A58B0D4,2026-07-16T09:21:21.000Z,2026-07-12,
21,18,English Seekho,565574549966663,English Seekho App,,IN,1566236988412994,https://www.facebook.com/ads/library/?id=1566236988412994,2026-06-24,,false,false,1,0,,2026-06-24,,Fluent English bolne ka sirf ek raasta – Daily practice on English Seekho App. Start now!,English Communication strong karo aur confidence badhao,Install now,http://play.google.com/store/apps/details?id=com.bolo.android,"Facebook,Instagram,Audience Network,Messenger,Threads",Fluent English bolne ka sirf ek raasta – Daily practice on English Seekho App. Start now!,English Communication strong karo aur confidence badhao,Install now,http://play.google.com/store/apps/details?id=com.bolo.android,Video,"Facebook,Instagram,Audience Network,Messenger,Threads",1,0,9:16,https://video.fblr20-4.fna.fbcdn.net/o1/v/t2/f2/m366/AQP0_b087p2opHsAL_dNHFuNPhgJveGPeguas_sdAZAjaGIl41MZyiEGk0IcddKmk5IG9MchFkp6JNWlHQltIv64nsjmCKD0ciA5LqE4gDA3DA.mp4?_nc_cat=103&_nc_oc=Adp0Gyix45hSPH-OK7f4Tk7BebmYannL9KPKR4yAkzfW7ed13_9mPqvvpFHzVnnwvKni7j4PUSlIssLoyuZFFiyg&_nc_sid=b66105&_nc_ht=video.fblr20-4.fna.fbcdn.net&_nc_ohc=giusl1NjEeMQ7kNvwFdYVPJ&efg=eyJ2ZW5jb2RlX3RhZyI6Inhwdl9wcm9ncmVzc2l2ZS5WSV9VU0VDQVNFX1BST0RVQ1RfVFlQRS4uQzMuNzIwLmRhc2hfaDI2NC1iYXNpYy1nZW4yXzcyMHAiLCJ4cHZfYXNzZXRfaWQiOjE3MjA5NDUzOTU3NjQzOTQsImFzc2V0X2FnZV9kYXlzIjo0NiwidmlfdXNlY2FzZV9pZCI6MTAxMzksImR1cmF0aW9uX3MiOjgyLCJ1cmxnZW5fc291cmNlIjoid3d3In0%3D&ccb=17-1&vs=b20147f828aa6a0c&_nc_vs=HBksFQIYRWZiX2VwaGVtZXJhbC9CMDRGNUM5Qjk4RkVGRkY5Rjk4Q0VDNEEyNDAzNUVCQV9tdF8xX3ZpZGVvX2Rhc2hpbml0Lm1wNBUAAsgBEgAVAhhAZmJfcGVybWFuZW50LzczNEIyMzlENTk1NDJGRkREODY5QkE1MkIyNzMxN0JCX2F1ZGlvX2Rhc2hpbml0Lm1wNBUCAsgBEgAoABgAGwKIB3VzZV9vaWwBMRJwcm9ncmVzc2l2ZV9yZWNpcGUBMRUAACbUsvCvmsyOBhUCKAJDMywXQFSu6XjU_fQYGWRhc2hfaDI2NC1iYXNpYy1nZW4yXzcyMHARAHUAZbaeAQA&_nc_gid=FmjILqvNqtZFZEc2NI2oUA&_nc_ss=7f289&_nc_zt=28&oh=00_AQAwQWbNYeoP-tzqBtafMNKRIeXyjtd9nf5oH3YD9bTRyg&oe=6A58D1C5,https://scontent.fblr20-1.fna.fbcdn.net/v/t39.35426-6/731761458_996337726453636_6470127642247739119_n.jpg?_nc_cat=108&ccb=1-7&_nc_sid=c53f8f&_nc_ohc=zsVhOkTPz84Q7kNvwGgqTqV&_nc_oc=AdobFWy3CqyJgmJff0qLUJSM-1IoQtM5URHqpEyX2_tNgKf3EVp_Eejfzq_eFWb1dH9hBbzmAhOd3NL8KkrEfPrc&_nc_zt=14&_nc_ht=scontent.fblr20-1.fna&_nc_gid=FmjILqvNqtZFZEc2NI2oUA&_nc_ss=7f289&oh=00_AQBD6_3FCkwFsHxtecrP6WGFktCMZDPCBZqnq6_wgQR4rA&oe=6A58A9D9,2026-07-16T12:42:45.000Z,2026-07-12,https://pub-893b4a6a607b4221a894bf861da7914e.r2.dev/1566236988412994.mp4
22,19,English Seekho,565574549966663,English Seekho App,,IN,1004143472233527,https://www.facebook.com/ads/library/?id=1004143472233527,2026-07-08,,false,true,2,0,1004143472233527,2026-07-08,,Fluent English bolne ka sirf ek raasta – Daily practice on English Seekho App. Start now!,English Communication strong karo aur confidence badhao,Install now,http://play.google.com/store/apps/details?id=com.bolo.android,"Facebook,Instagram,Audience Network,Messenger,Threads",Fluent English bolne ka sirf ek raasta – Daily practice on English Seekho App. Start now!,English Communication strong karo aur confidence badhao,Install now,http://play.google.com/store/apps/details?id=com.bolo.android,Video,"Facebook,Instagram,Audience Network,Messenger,Threads",1,0,9:16,https://video.fblr20-3.fna.fbcdn.net/o1/v/t2/f2/m366/AQMojy2qwh2sc5PBD8SIEW9HRLHfytPCdlsHqRTQVxYI4x4pA_04ZuuijhnkCgYJEmqRAXZGHSNNXgRk7l7M3pRMFbSSSfuQVNoqEJXRd9Ei6w.mp4?_nc_cat=105&_nc_oc=AdohJGWX3uoHLcfUAFkK13mHdK1pbFizUcrqWVaWQTEFqAeDK5KlPHW6eNJtMdm96KHycfdjodPoQJl7rppry40y&_nc_sid=b66105&_nc_ht=video.fblr20-3.fna.fbcdn.net&_nc_ohc=mAptiXAIxtAQ7kNvwHorcHj&efg=eyJ2ZW5jb2RlX3RhZyI6Inhwdl9wcm9ncmVzc2l2ZS5WSV9VU0VDQVNFX1BST0RVQ1RfVFlQRS4uQzMuNzIwLmRhc2hfaDI2NC1iYXNpYy1nZW4yXzcyMHAiLCJ4cHZfYXNzZXRfaWQiOjI0NjgwMzQ2MzY5ODE1NzUsImFzc2V0X2FnZV9kYXlzIjo1LCJ2aV91c2VjYXNlX2lkIjoxMDEzOSwiZHVyYXRpb25fcyI6NjMsInVybGdlbl9zb3VyY2UiOiJ3d3cifQ%3D%3D&ccb=17-1&vs=a52b9781bcbb736a&_nc_vs=HBksFQIYRWZiX2VwaGVtZXJhbC8xQTQxNDQ4RjU2Njk3OEJBMkNENzY5MDRCRkRGQkQ4MV9tdF8xX3ZpZGVvX2Rhc2hpbml0Lm1wNBUAAsgBEgAVAhhAZmJfcGVybWFuZW50L0VGNERCOUJCMDlFMzEyNEQzQzUwNzdBMDVCRDcxQTlEX2F1ZGlvX2Rhc2hpbml0Lm1wNBUCAsgBEgAoABgAGwKIB3VzZV9vaWwBMRJwcm9ncmVzc2l2ZV9yZWNpcGUBMRUAACaOlaX9wqriCBUCKAJDMywXQE-QgxJul40YGWRhc2hfaDI2NC1iYXNpYy1nZW4yXzcyMHARAHUAZbaeAQA&_nc_gid=FmjILqvNqtZFZEc2NI2oUA&_nc_ss=7f289&_nc_zt=28&oh=00_AQDu2lCHV7y97PLoTsSp1Gduvnkdf8V7v3NCsLD4zslMgA&oe=6A58A35F,https://scontent.fblr20-1.fna.fbcdn.net/v/t39.35426-6/744184744_1342239284702692_8749719287971790901_n.jpg?_nc_cat=108&ccb=1-7&_nc_sid=c53f8f&_nc_ohc=k9nP5NHAqo0Q7kNvwGkLNVA&_nc_oc=Adpx70DC9_M3a2KKfj8vm4v46iblVtBW6FoLBDzve0UoXDlsGt97bkMa2D3NE4kCvzNjHXBd9tJL6aLg7wq6lMkC&_nc_zt=14&_nc_ht=scontent.fblr20-1.fna&_nc_gid=FmjILqvNqtZFZEc2NI2oUA&_nc_ss=7f289&oh=00_AQDvTwb0TpxK23TYo78bW5-gt9PDpxb6lQ8UIa_P3eQG7A&oe=6A58C4A3,2026-07-16T09:24:47.000Z,2026-07-12,https://pub-893b4a6a607b4221a894bf861da7914e.r2.dev/1004143472233527.mp4
23,19,English Seekho,565574549966663,English Seekho App,,IN,1004143472233527,https://www.facebook.com/ads/library/?id=1004143472233527,2026-07-08,,false,true,2,1,1373923981468011,2026-07-08,,Fluent English bolne ka sirf ek raasta – Daily practice on English Seekho App. Start now!,English Communication strong karo aur confidence badhao,Install now,http://play.google.com/store/apps/details?id=com.bolo.android,"Facebook,Instagram,Audience Network,Messenger,Threads",Fluent English bolne ka sirf ek raasta – Daily practice on English Seekho App. Start now!,English Communication strong karo aur confidence badhao,Install now,http://play.google.com/store/apps/details?id=com.bolo.android,Video,"Facebook,Instagram,Audience Network,Messenger,Threads",1,0,9:16,https://video.fblr20-3.fna.fbcdn.net/o1/v/t2/f2/m366/AQMojy2qwh2sc5PBD8SIEW9HRLHfytPCdlsHqRTQVxYI4x4pA_04ZuuijhnkCgYJEmqRAXZGHSNNXgRk7l7M3pRMFbSSSfuQVNoqEJXRd9Ei6w.mp4?_nc_cat=105&_nc_oc=AdohJGWX3uoHLcfUAFkK13mHdK1pbFizUcrqWVaWQTEFqAeDK5KlPHW6eNJtMdm96KHycfdjodPoQJl7rppry40y&_nc_sid=b66105&_nc_ht=video.fblr20-3.fna.fbcdn.net&_nc_ohc=mAptiXAIxtAQ7kNvwHorcHj&efg=eyJ2ZW5jb2RlX3RhZyI6Inhwdl9wcm9ncmVzc2l2ZS5WSV9VU0VDQVNFX1BST0RVQ1RfVFlQRS4uQzMuNzIwLmRhc2hfaDI2NC1iYXNpYy1nZW4yXzcyMHAiLCJ4cHZfYXNzZXRfaWQiOjI0NjgwMzQ2MzY5ODE1NzUsImFzc2V0X2FnZV9kYXlzIjo1LCJ2aV91c2VjYXNlX2lkIjoxMDEzOSwiZHVyYXRpb25fcyI6NjMsInVybGdlbl9zb3VyY2UiOiJ3d3cifQ%3D%3D&ccb=17-1&vs=a52b9781bcbb736a&_nc_vs=HBksFQIYRWZiX2VwaGVtZXJhbC8xQTQxNDQ4RjU2Njk3OEJBMkNENzY5MDRCRkRGQkQ4MV9tdF8xX3ZpZGVvX2Rhc2hpbml0Lm1wNBUAAsgBEgAVAhhAZmJfcGVybWFuZW50L0VGNERCOUJCMDlFMzEyNEQzQzUwNzdBMDVCRDcxQTlEX2F1ZGlvX2Rhc2hpbml0Lm1wNBUCAsgBEgAoABgAGwKIB3VzZV9vaWwBMRJwcm9ncmVzc2l2ZV9yZWNpcGUBMRUAACaOlaX9wqriCBUCKAJDMywXQE-QgxJul40YGWRhc2hfaDI2NC1iYXNpYy1nZW4yXzcyMHARAHUAZbaeAQA&_nc_gid=8lapC56EHQtss6pHSabE_A&_nc_ss=7f289&_nc_zt=28&oh=00_AQDkbOMip1KLQ0EFp54PaKXJolg49ebUUIUyGK_EiyX07w&oe=6A58A35F,https://scontent.fblr20-1.fna.fbcdn.net/v/t39.35426-6/744184744_1342239284702692_8749719287971790901_n.jpg?_nc_cat=108&ccb=1-7&_nc_sid=c53f8f&_nc_ohc=k9nP5NHAqo0Q7kNvwGkLNVA&_nc_oc=Adpx70DC9_M3a2KKfj8vm4v46iblVtBW6FoLBDzve0UoXDlsGt97bkMa2D3NE4kCvzNjHXBd9tJL6aLg7wq6lMkC&_nc_zt=14&_nc_ht=scontent.fblr20-1.fna&_nc_gid=8lapC56EHQtss6pHSabE_A&_nc_ss=7f289&oh=00_AQC1aN78eQ1XMJvgkAYBWYGRABwT62u1Ask0HqkGwUNVyw&oe=6A58C4A3,2026-07-16T09:24:47.000Z,2026-07-12,
24,20,English Seekho,565574549966663,English Seekho App,,IN,1008148261936720,https://www.facebook.com/ads/library/?id=1008148261936720,2026-07-08,,false,false,1,0,,2026-07-08,,Fluent English bolne ka sirf ek raasta – Daily practice on English Seekho App. Start now!,English Communication strong karo aur confidence badhao,Install now,http://play.google.com/store/apps/details?id=com.bolo.android,"Facebook,Instagram,Audience Network,Messenger,Threads",Fluent English bolne ka sirf ek raasta – Daily practice on English Seekho App. Start now!,English Communication strong karo aur confidence badhao,Install now,http://play.google.com/store/apps/details?id=com.bolo.android,Video,"Facebook,Instagram,Audience Network,Messenger,Threads",1,0,9:16,https://video.fblr20-3.fna.fbcdn.net/o1/v/t2/f2/m366/AQPF1lcaLCTwusuF-CKNjKMzQ2K_VgxmPJCfSFlSSxcLR0HHQQur7ksdD-SXuTwHKx93lHpmXYn_ESTmlI5VUe47No9z1Yrg6OLLYEweiXIb9A.mp4?_nc_cat=109&_nc_oc=AdqyniZuCAOPAyePBerxpoigjO-Odi8oqgc7bBhWZ8rgrB6r35mn85LYKlyzyGpsdbZVEg7chI7eUZIJAzv86ErC&_nc_sid=b66105&_nc_ht=video.fblr20-3.fna.fbcdn.net&_nc_ohc=U4nl362-YKMQ7kNvwHkOdcA&efg=eyJ2ZW5jb2RlX3RhZyI6Inhwdl9wcm9ncmVzc2l2ZS5WSV9VU0VDQVNFX1BST0RVQ1RfVFlQRS4uQzMuNzIwLmRhc2hfaDI2NC1iYXNpYy1nZW4yXzcyMHAiLCJ4cHZfYXNzZXRfaWQiOjIwNjgzOTM4NDQ1NjE0OTksImFzc2V0X2FnZV9kYXlzIjo5LCJ2aV91c2VjYXNlX2lkIjoxMDc5OSwiZHVyYXRpb25fcyI6NTYsInVybGdlbl9zb3VyY2UiOiJ3d3cifQ%3D%3D&ccb=17-1&vs=8e1db3f051e65709&_nc_vs=HBksFQIYRWZiX2VwaGVtZXJhbC9GRDQ5OTdEQUM2REE4RThBRUFENTU1N0M3NDRFNDZBQl9tdF8xX3ZpZGVvX2Rhc2hpbml0Lm1wNBUAAsgBEgAVAhhAZmJfcGVybWFuZW50L0VFNDc4QjQ1QzcxMDYxNDBDODY1OTUxRjU2QjU0QUJFX2F1ZGlvX2Rhc2hpbml0Lm1wNBUCAsgBEgAoABgAGwKIB3VzZV9vaWwBMRJwcm9ncmVzc2l2ZV9yZWNpcGUBMRUAACa22eKFr8ysBxUCKAJDMywXQEwZmZmZmZoYGWRhc2hfaDI2NC1iYXNpYy1nZW4yXzcyMHARAHUAZd6oAQA&_nc_gid=FmjILqvNqtZFZEc2NI2oUA&_nc_ss=7f289&_nc_zt=28&oh=00_AQDXll5OPyQgnkhNb4dRUYz26GK1yoUh5e1lYMIQobnOaA&oe=6A58BC3F,https://scontent.fblr20-2.fna.fbcdn.net/v/t39.35426-6/741121101_1026609913251235_5797085911568713171_n.jpg?_nc_cat=104&ccb=1-7&_nc_sid=c53f8f&_nc_ohc=AzxPeRLhFkQQ7kNvwHhswuu&_nc_oc=AdotgDj5sZ38qCPi2IulVi2NMBEKVO3GE1w9la_1WAsvdRnVvDMwu03M189fbYO_m1EXc4_CiY8KFLiLnhqZjnFR&_nc_zt=14&_nc_ht=scontent.fblr20-2.fna&_nc_gid=FmjILqvNqtZFZEc2NI2oUA&_nc_ss=7f289&oh=00_AQA_c2kpSPnRyl4V4cE-Dg5984Wnb372g2W9_CmYD6Lvig&oe=6A58CB7C,2026-07-16T11:10:55.000Z,2026-07-12,https://pub-893b4a6a607b4221a894bf861da7914e.r2.dev/1008148261936720.mp4
25,21,English Seekho,565574549966663,English Seekho App,,IN,2284073262000543,https://www.facebook.com/ads/library/?id=2284073262000543,2026-06-18,,false,false,1,0,,2026-06-18,,Fluent English bolne ka sirf ek raasta – Daily practice on English Seekho App. Start now!,English Communication strong karo aur confidence badhao,Install now,http://play.google.com/store/apps/details?id=com.bolo.android,"Facebook,Instagram,Audience Network,Messenger,Threads",Fluent English bolne ka sirf ek raasta – Daily practice on English Seekho App. Start now!,English Communication strong karo aur confidence badhao,Install now,http://play.google.com/store/apps/details?id=com.bolo.android,Video,"Facebook,Instagram,Audience Network,Messenger,Threads",1,0,9:16,https://video.fblr20-4.fna.fbcdn.net/o1/v/t2/f2/m366/AQPcOcZGCOUZzNG4ALPm5nXBcUCfHTkqj9ESFDnMZTG_eXryPUJFqjFKF5CB0g2tnuo4ydKelAjAdxqdQUdfoGMnMV_HnLpvyKB96ey_hwfHbg.mp4?_nc_cat=101&_nc_oc=Adpu6x7HSZqoo5NF9RliXNkC2_xbGNpn8xNOpT4XTxxAK-cmoaxgmzmLqyOqPUnIZ-NMGsD-xtiOjV4q-6gy6j7a&_nc_sid=b66105&_nc_ht=video.fblr20-4.fna.fbcdn.net&_nc_ohc=WXFP_WC_MmEQ7kNvwEkyBIH&efg=eyJ2ZW5jb2RlX3RhZyI6Inhwdl9wcm9ncmVzc2l2ZS5WSV9VU0VDQVNFX1BST0RVQ1RfVFlQRS4uQzMuNzIwLmRhc2hfaDI2NC1iYXNpYy1nZW4yXzcyMHAiLCJ4cHZfYXNzZXRfaWQiOjE5Mzg0NjkzMzY4MTQ1MjcsImFzc2V0X2FnZV9kYXlzIjo1MSwidmlfdXNlY2FzZV9pZCI6MTAxMzksImR1cmF0aW9uX3MiOjg0LCJ1cmxnZW5fc291cmNlIjoid3d3In0%3D&ccb=17-1&vs=6b965b4e4f85d499&_nc_vs=HBksFQIYRWZiX2VwaGVtZXJhbC9FRjRFNDcyQTU5NTREOTIwMkRCQzZDNTAzMEM1NDFBRl9tdF8xX3ZpZGVvX2Rhc2hpbml0Lm1wNBUAAsgBEgAVAhhAZmJfcGVybWFuZW50LzYxNEVEN0ZDOUExRTg5QTQ2MDc4NjdERjI5REI3NjhFX2F1ZGlvX2Rhc2hpbml0Lm1wNBUCAsgBEgAoABgAGwKIB3VzZV9vaWwBMRJwcm9ncmVzc2l2ZV9yZWNpcGUBMRUAACb-ztSD4sHxBhUCKAJDMywXQFUGZmZmZmYYGWRhc2hfaDI2NC1iYXNpYy1nZW4yXzcyMHARAHUAZbaeAQA&_nc_gid=FmjILqvNqtZFZEc2NI2oUA&_nc_ss=7f289&_nc_zt=28&oh=00_AQAoL3wbvyqI5rd7tpQ0ZlqiwZZoEqymT4Jlha8RRARd9w&oe=6A58A087,https://scontent.fblr20-3.fna.fbcdn.net/v/t39.35426-6/721841749_1566038228488225_6225449635868451711_n.jpg?_nc_cat=100&ccb=1-7&_nc_sid=c53f8f&_nc_ohc=luH6uSCRZ6wQ7kNvwGYTSsJ&_nc_oc=AdqKJFhx3C1HPabDct8C4cKeRWTpvLGqp98p2btForRskZWcznPerFgl1jWIQLHIHal5t3LeIxfaiLlhlRRV7wUH&_nc_zt=14&_nc_ht=scontent.fblr20-3.fna&_nc_gid=FmjILqvNqtZFZEc2NI2oUA&_nc_ss=7f289&oh=00_AQA39shBnMAttY5yZA8wPGPEACTQSsIYphmp5LyY2lvARw&oe=6A58AA01,2026-07-16T09:12:39.000Z,2026-07-12,https://pub-893b4a6a607b4221a894bf861da7914e.r2.dev/2284073262000543.mp4
26,22,English Seekho,565574549966663,English Seekho App,,IN,1018511234269314,https://www.facebook.com/ads/library/?id=1018511234269314,2026-06-23,,false,false,1,0,,2026-06-23,,Fluent English bolne ka sirf ek raasta – Daily practice on English Seekho App. Start now!,English Communication strong karo aur confidence badhao,Install now,http://play.google.com/store/apps/details?id=com.bolo.android,"Facebook,Instagram,Audience Network,Messenger,Threads",Fluent English bolne ka sirf ek raasta – Daily practice on English Seekho App. Start now!,English Communication strong karo aur confidence badhao,Install now,http://play.google.com/store/apps/details?id=com.bolo.android,Video,"Facebook,Instagram,Audience Network,Messenger,Threads",1,0,9:16,https://video.fblr20-1.fna.fbcdn.net/o1/v/t2/f2/m366/AQNC_m0GXAjgdQOWybWOLLMeksMrUUiP-d_-nY0QWK9u3epFaeJ92_X64-rNQpjuHFNj_MAM-7ZDk2vmO-XXPfvkXsTm6vNFFyLYFj-VLorBnQ.mp4?_nc_cat=108&_nc_oc=AdrFOEGxCBwTBAMdD65Dg7yFY7KkD8Nl8J_hRa2QjkLooALhp1GEY54aRU44604fOV5y2d4TE-QFRz3UvwT2QMqx&_nc_sid=b66105&_nc_ht=video.fblr20-1.fna.fbcdn.net&_nc_ohc=td5uitMOT6QQ7kNvwF04qw3&efg=eyJ2ZW5jb2RlX3RhZyI6Inhwdl9wcm9ncmVzc2l2ZS5WSV9VU0VDQVNFX1BST0RVQ1RfVFlQRS4uQzMuNzIwLmRhc2hfaDI2NC1iYXNpYy1nZW4yXzcyMHAiLCJ4cHZfYXNzZXRfaWQiOjIyMTg4NjcwOTU2MDg1ODEsImFzc2V0X2FnZV9kYXlzIjoxMTcsInZpX3VzZWNhc2VfaWQiOjEwMTM5LCJkdXJhdGlvbl9zIjo3NiwidXJsZ2VuX3NvdXJjZSI6Ind3dyJ9&ccb=17-1&vs=26f2b190da40faec&_nc_vs=HBksFQIYRWZiX2VwaGVtZXJhbC9BMjRBREU2ODRBRTcxRTYyRkNEMkMzMDkyRjM0OTVCRF9tdF8xX3ZpZGVvX2Rhc2hpbml0Lm1wNBUAAsgBEgAVAhhAZmJfcGVybWFuZW50L0JCNEUxMzkwNjVFQ0JFQUFEOUY1Q0RDQkNFOTkyMzhEX2F1ZGlvX2Rhc2hpbml0Lm1wNBUCAsgBEgAoABgAGwKIB3VzZV9vaWwBMRJwcm9ncmVzc2l2ZV9yZWNpcGUBMRUAACaK9MyQiIPxBxUCKAJDMywXQFMIgxJul40YGWRhc2hfaDI2NC1iYXNpYy1nZW4yXzcyMHARAHUAZbaeAQA&_nc_gid=FmjILqvNqtZFZEc2NI2oUA&_nc_ss=7f289&_nc_zt=28&oh=00_AQD_vOgShb85vmJpOQJkNVjr5teEOS1rtJaixh1wyS9DIg&oe=6A58A2C0,https://scontent.fblr20-3.fna.fbcdn.net/v/t39.35426-6/730332963_1335528728759781_4591810828178571128_n.jpg?_nc_cat=105&ccb=1-7&_nc_sid=c53f8f&_nc_ohc=qAkpfLreee8Q7kNvwGn9u7V&_nc_oc=AdrYpOkbFw7OS8i84oWy7Nszji1zUoJfmq1H8JuQvKWtmUVdQnGptORn2TBvczeCrpG7RMF1epD-HxN2XGJFpUD9&_nc_zt=14&_nc_ht=scontent.fblr20-3.fna&_nc_gid=FmjILqvNqtZFZEc2NI2oUA&_nc_ss=7f289&oh=00_AQAqyBwu7Mvb4-zu7_MYhWcDnsvo5HklUge4w6SaydhqSg&oe=6A58B19D,2026-07-16T09:22:08.000Z,2026-07-12,https://pub-893b4a6a607b4221a894bf861da7914e.r2.dev/1018511234269314.mp4
27,23,English Seekho,565574549966663,English Seekho App,,IN,1043173955166157,https://www.facebook.com/ads/library/?id=1043173955166157,2026-07-01,,false,true,2,0,1043173955166157,2026-07-01,,Fluent English bolne ka sirf ek raasta – Daily practice on English Seekho App. Start now!,English Communication strong karo aur confidence badhao,Install now,http://play.google.com/store/apps/details?id=com.bolo.android,"Facebook,Instagram,Audience Network,Messenger,Threads",Fluent English bolne ka sirf ek raasta – Daily practice on English Seekho App. Start now!,English Communication strong karo aur confidence badhao,Install now,http://play.google.com/store/apps/details?id=com.bolo.android,Video,"Facebook,Instagram,Audience Network,Messenger,Threads",1,0,9:16,https://video.fblr20-4.fna.fbcdn.net/o1/v/t2/f2/m366/AQOyU7vPsZNifQa9_oSlwm71Pj7Fzn4cjl0KMVdYVrCJt8h5Xp4xGL2p_xi-ORiHwfEtUOhrjTgh6pWw_uxoE68xjc8i4DdaDQlsH0Y70-tVmw.mp4?_nc_cat=103&_nc_oc=AdpcJQPGFDCTGUeSA4n1o0VA38FFCuQSYqcZBQyWOJqdpIxN5FaBVeuB7plGpkYE7wgQlscvM1av1SXu18PUTpqV&_nc_sid=b66105&_nc_ht=video.fblr20-4.fna.fbcdn.net&_nc_ohc=qGQtQw2oL1IQ7kNvwEN1xnE&efg=eyJ2ZW5jb2RlX3RhZyI6Inhwdl9wcm9ncmVzc2l2ZS5WSV9VU0VDQVNFX1BST0RVQ1RfVFlQRS4uQzMuNzIwLmRhc2hfaDI2NC1iYXNpYy1nZW4yXzcyMHAiLCJ4cHZfYXNzZXRfaWQiOjI4ODc5Njc4MzE1NTY5MjAsImFzc2V0X2FnZV9kYXlzIjoyMCwidmlfdXNlY2FzZV9pZCI6MTAxMzksImR1cmF0aW9uX3MiOjEwNSwidXJsZ2VuX3NvdXJjZSI6Ind3dyJ9&ccb=17-1&vs=80a52d5a06c96fa&_nc_vs=HBksFQIYRWZiX2VwaGVtZXJhbC9CNTQwRTYyNTFGMkRGNkRGMzFDODE0MTZEMjdFOTU4RF9tdF8xX3ZpZGVvX2Rhc2hpbml0Lm1wNBUAAsgBEgAVAhhAZmJfcGVybWFuZW50L0YwNDQ4N0Y5MTU4MkFCMTczMDRBMzUwMDlGN0U5NEEzX2F1ZGlvX2Rhc2hpbml0Lm1wNBUCAsgBEgAoABgAGwKIB3VzZV9vaWwBMRJwcm9ncmVzc2l2ZV9yZWNpcGUBMRUAACbwjMiL7aWhChUCKAJDMywXQFpUCDEm6XkYGWRhc2hfaDI2NC1iYXNpYy1nZW4yXzcyMHARAHUAZbaeAQA&_nc_gid=FmjILqvNqtZFZEc2NI2oUA&_nc_ss=7f289&_nc_zt=28&oh=00_AQA3L1ZD1eJ803mAsg5A5d4tXCFAiHItPewgGs6YhLloug&oe=6A58AD2D,https://scontent.fblr20-4.fna.fbcdn.net/v/t39.35426-6/735897732_27444997991783415_7372736568347590714_n.jpg?_nc_cat=103&ccb=1-7&_nc_sid=c53f8f&_nc_ohc=DWURHTwAL5gQ7kNvwH1IV7a&_nc_oc=AdqS6I2aaBx3t1qY67p7M3nz8j0v-Kk4mNH1gMdoLSRaDRHrPIMqXKHlq8nL_RljwZ6nhArwVwSiJYqn3NUwtznH&_nc_zt=14&_nc_ht=scontent.fblr20-4.fna&_nc_gid=FmjILqvNqtZFZEc2NI2oUA&_nc_ss=7f289&oh=00_AQBuZH7zKK9qx1ssq2KyHfRNb--N6eeQ_jF4TVMyQI922A&oe=6A58AE06,2026-07-16T10:06:37.000Z,2026-07-12,https://pub-893b4a6a607b4221a894bf861da7914e.r2.dev/1043173955166157.mp4
28,23,English Seekho,565574549966663,English Seekho App,,IN,1043173955166157,https://www.facebook.com/ads/library/?id=1043173955166157,2026-07-01,,false,true,2,1,2210932513040298,2026-07-01,,Fluent English bolne ka sirf ek raasta – Daily practice on English Seekho App. Start now!,English Communication strong karo aur confidence badhao,Install now,http://play.google.com/store/apps/details?id=com.bolo.android,"Facebook,Instagram,Audience Network,Messenger,Threads",Fluent English bolne ka sirf ek raasta – Daily practice on English Seekho App. Start now!,English Communication strong karo aur confidence badhao,Install now,http://play.google.com/store/apps/details?id=com.bolo.android,Video,"Facebook,Instagram,Audience Network,Messenger,Threads",1,0,9:16,https://video.fblr20-4.fna.fbcdn.net/o1/v/t2/f2/m366/AQOyU7vPsZNifQa9_oSlwm71Pj7Fzn4cjl0KMVdYVrCJt8h5Xp4xGL2p_xi-ORiHwfEtUOhrjTgh6pWw_uxoE68xjc8i4DdaDQlsH0Y70-tVmw.mp4?_nc_cat=103&_nc_oc=AdpcJQPGFDCTGUeSA4n1o0VA38FFCuQSYqcZBQyWOJqdpIxN5FaBVeuB7plGpkYE7wgQlscvM1av1SXu18PUTpqV&_nc_sid=b66105&_nc_ht=video.fblr20-4.fna.fbcdn.net&_nc_ohc=qGQtQw2oL1IQ7kNvwEN1xnE&efg=eyJ2ZW5jb2RlX3RhZyI6Inhwdl9wcm9ncmVzc2l2ZS5WSV9VU0VDQVNFX1BST0RVQ1RfVFlQRS4uQzMuNzIwLmRhc2hfaDI2NC1iYXNpYy1nZW4yXzcyMHAiLCJ4cHZfYXNzZXRfaWQiOjI4ODc5Njc4MzE1NTY5MjAsImFzc2V0X2FnZV9kYXlzIjoyMCwidmlfdXNlY2FzZV9pZCI6MTAxMzksImR1cmF0aW9uX3MiOjEwNSwidXJsZ2VuX3NvdXJjZSI6Ind3dyJ9&ccb=17-1&vs=80a52d5a06c96fa&_nc_vs=HBksFQIYRWZiX2VwaGVtZXJhbC9CNTQwRTYyNTFGMkRGNkRGMzFDODE0MTZEMjdFOTU4RF9tdF8xX3ZpZGVvX2Rhc2hpbml0Lm1wNBUAAsgBEgAVAhhAZmJfcGVybWFuZW50L0YwNDQ4N0Y5MTU4MkFCMTczMDRBMzUwMDlGN0U5NEEzX2F1ZGlvX2Rhc2hpbml0Lm1wNBUCAsgBEgAoABgAGwKIB3VzZV9vaWwBMRJwcm9ncmVzc2l2ZV9yZWNpcGUBMRUAACbwjMiL7aWhChUCKAJDMywXQFpUCDEm6XkYGWRhc2hfaDI2NC1iYXNpYy1nZW4yXzcyMHARAHUAZbaeAQA&_nc_gid=7HD4uEgyItyzCjqDI1UBUA&_nc_ss=7f289&_nc_zt=28&oh=00_AQDz8NHwofnYCg98rl4QK6f_MFet1328xt9ytXUCIz8A5Q&oe=6A58AD2D,https://scontent.fblr20-4.fna.fbcdn.net/v/t39.35426-6/735553007_2492929414466147_3041778805794660698_n.jpg?_nc_cat=106&ccb=1-7&_nc_sid=c53f8f&_nc_ohc=VUeoudgYQ8oQ7kNvwFCvgi4&_nc_oc=AdqqaUtzvx3cIIicbrd5Ahtpw5CNxbERp0vDKpQsK6REFLBaV_w9vQYtSxcXbkeFLBZb12alokLwa7PhkpLr36Ul&_nc_zt=14&_nc_ht=scontent.fblr20-4.fna&_nc_gid=7HD4uEgyItyzCjqDI1UBUA&_nc_ss=7f289&oh=00_AQC5EXhtUPuHhtdslQLrydCTn7zqYqVZg1mxGz-ycg5E8A&oe=6A58D45E,2026-07-16T10:06:37.000Z,2026-07-12,
29,24,English Seekho,565574549966663,English Seekho App,,IN,1340768337559606,https://www.facebook.com/ads/library/?id=1340768337559606,2026-07-09,,false,false,1,0,,2026-07-09,,Fluent English bolne ka sirf ek raasta – Daily practice on English Seekho App. Start now!,English Communication strong karo aur confidence badhao,Install now,http://play.google.com/store/apps/details?id=com.bolo.android,"Facebook,Instagram,Audience Network,Messenger,Threads",Fluent English bolne ka sirf ek raasta – Daily practice on English Seekho App. Start now!,English Communication strong karo aur confidence badhao,Install now,http://play.google.com/store/apps/details?id=com.bolo.android,Video,"Facebook,Instagram,Audience Network,Messenger,Threads",1,0,9:16,https://video.fblr20-3.fna.fbcdn.net/o1/v/t2/f2/m366/AQMojy2qwh2sc5PBD8SIEW9HRLHfytPCdlsHqRTQVxYI4x4pA_04ZuuijhnkCgYJEmqRAXZGHSNNXgRk7l7M3pRMFbSSSfuQVNoqEJXRd9Ei6w.mp4?_nc_cat=105&_nc_oc=AdohJGWX3uoHLcfUAFkK13mHdK1pbFizUcrqWVaWQTEFqAeDK5KlPHW6eNJtMdm96KHycfdjodPoQJl7rppry40y&_nc_sid=b66105&_nc_ht=video.fblr20-3.fna.fbcdn.net&_nc_ohc=mAptiXAIxtAQ7kNvwHorcHj&efg=eyJ2ZW5jb2RlX3RhZyI6Inhwdl9wcm9ncmVzc2l2ZS5WSV9VU0VDQVNFX1BST0RVQ1RfVFlQRS4uQzMuNzIwLmRhc2hfaDI2NC1iYXNpYy1nZW4yXzcyMHAiLCJ4cHZfYXNzZXRfaWQiOjI0NjgwMzQ2MzY5ODE1NzUsImFzc2V0X2FnZV9kYXlzIjo1LCJ2aV91c2VjYXNlX2lkIjoxMDEzOSwiZHVyYXRpb25fcyI6NjMsInVybGdlbl9zb3VyY2UiOiJ3d3cifQ%3D%3D&ccb=17-1&vs=a52b9781bcbb736a&_nc_vs=HBksFQIYRWZiX2VwaGVtZXJhbC8xQTQxNDQ4RjU2Njk3OEJBMkNENzY5MDRCRkRGQkQ4MV9tdF8xX3ZpZGVvX2Rhc2hpbml0Lm1wNBUAAsgBEgAVAhhAZmJfcGVybWFuZW50L0VGNERCOUJCMDlFMzEyNEQzQzUwNzdBMDVCRDcxQTlEX2F1ZGlvX2Rhc2hpbml0Lm1wNBUCAsgBEgAoABgAGwKIB3VzZV9vaWwBMRJwcm9ncmVzc2l2ZV9yZWNpcGUBMRUAACaOlaX9wqriCBUCKAJDMywXQE-QgxJul40YGWRhc2hfaDI2NC1iYXNpYy1nZW4yXzcyMHARAHUAZbaeAQA&_nc_gid=FmjILqvNqtZFZEc2NI2oUA&_nc_ss=7f289&_nc_zt=28&oh=00_AQDu2lCHV7y97PLoTsSp1Gduvnkdf8V7v3NCsLD4zslMgA&oe=6A58A35F,https://scontent.fblr20-2.fna.fbcdn.net/v/t39.35426-6/741068450_2129204624666425_1097404106713922437_n.jpg?_nc_cat=111&ccb=1-7&_nc_sid=c53f8f&_nc_ohc=_JH9jbHeZzQQ7kNvwGCm1gX&_nc_oc=Adpw2Nq76VhgsRawEikcil5s_vu5Y110SzTwWZu2XV-COTRoJw2I-HHCMto5gKKqH1m8FmHOv_6vuvQSBqIhVBn7&_nc_zt=14&_nc_ht=scontent.fblr20-2.fna&_nc_gid=FmjILqvNqtZFZEc2NI2oUA&_nc_ss=7f289&oh=00_AQCbLAhgQ4ugppxpgW2HwYgeOjUagnO94Ndp1_toO2KLgw&oe=6A58B6D8,2026-07-16T09:24:47.000Z,2026-07-12,https://pub-893b4a6a607b4221a894bf861da7914e.r2.dev/1340768337559606.mp4
30,25,English Seekho,565574549966663,English Seekho App,,IN,1014456487800871,https://www.facebook.com/ads/library/?id=1014456487800871,2026-06-22,,false,false,1,0,,2026-06-22,,Fluent English bolne ka sirf ek raasta – Daily practice on English Seekho App. Start now!,English Communication strong karo aur confidence badhao,Install now,http://play.google.com/store/apps/details?id=com.bolo.android,"Facebook,Instagram,Audience Network,Messenger,Threads",Fluent English bolne ka sirf ek raasta – Daily practice on English Seekho App. Start now!,English Communication strong karo aur confidence badhao,Install now,http://play.google.com/store/apps/details?id=com.bolo.android,Video,"Facebook,Instagram,Audience Network,Messenger,Threads",1,0,9:16,https://video.fblr20-4.fna.fbcdn.net/o1/v/t2/f2/m366/AQNPT5hOAJcBY2CZ6tCYUKJdWMo8CiBSJhzq0HEiConxQSvwHIP15EfmTLyhnPA8u0Mm_VL3gD-SJIzAQLcCRYPeaQX2-hScv8Bcz8LBFEXVjA.mp4?_nc_cat=103&_nc_oc=Adp_AGDG_JI8fLVovyKWX8FF7Wu7MQXHPKSVPG6J5mXngSHjpyXR4toEq6WjZiYnSGZuSDg2xFcnYp9Lbkf2myRJ&_nc_sid=b66105&_nc_ht=video.fblr20-4.fna.fbcdn.net&_nc_ohc=3YX1zWKv6e0Q7kNvwHZggmT&efg=eyJ2ZW5jb2RlX3RhZyI6Inhwdl9wcm9ncmVzc2l2ZS5WSV9VU0VDQVNFX1BST0RVQ1RfVFlQRS4uQzMuNzIwLmRhc2hfaDI2NC1iYXNpYy1nZW4yXzcyMHAiLCJ4cHZfYXNzZXRfaWQiOjQwMTY2MTg2MTUzMDQ1OTcsImFzc2V0X2FnZV9kYXlzIjo0NSwidmlfdXNlY2FzZV9pZCI6MTAxMzksImR1cmF0aW9uX3MiOjE1NywidXJsZ2VuX3NvdXJjZSI6Ind3dyJ9&ccb=17-1&vs=90bf57ae0c7ea72b&_nc_vs=HBksFQIYRWZiX2VwaGVtZXJhbC82MTQ4MzBDNjAwRTIyNkE0RUYzQjg3NDZEOEMzQTk5N19tdF8xX3ZpZGVvX2Rhc2hpbml0Lm1wNBUAAsgBEgAVAhhAZmJfcGVybWFuZW50LzUyNDI4MzQ1RUJENzJBQjA4QTgyNUJCM0JDNjMwOUE4X2F1ZGlvX2Rhc2hpbml0Lm1wNBUCAsgBEgAoABgAGwKIB3VzZV9vaWwBMRJwcm9ncmVzc2l2ZV9yZWNpcGUBMRUAACaqxpvc_MWiDhUCKAJDMywXQGOpR64UeuEYGWRhc2hfaDI2NC1iYXNpYy1nZW4yXzcyMHARAHUAZbaeAQA&_nc_gid=FmjILqvNqtZFZEc2NI2oUA&_nc_ss=7f289&_nc_zt=28&oh=00_AQDOXTUxtt2X7VIbttopPmT-B42xn2SeRLrWEsCInFebog&oe=6A58CEDD,https://scontent.fblr20-2.fna.fbcdn.net/v/t39.35426-6/730049784_1676101403594419_5742811374293939995_n.jpg?_nc_cat=111&ccb=1-7&_nc_sid=c53f8f&_nc_ohc=jHT_dxiTxLAQ7kNvwGG5Y_D&_nc_oc=Adry6J4QbOgN9u8jHs6wFT8SgaAdElCw5MGrDx2vLeWma2z0sOSqLyGXbh2TJ_wL2cij10tKw2aKLc2_7M36uKXr&_nc_zt=14&_nc_ht=scontent.fblr20-2.fna&_nc_gid=FmjILqvNqtZFZEc2NI2oUA&_nc_ss=7f289&oh=00_AQCB3wNc_lw_uYMOQcPWwfqY66n1R58JgXJBa3osqi49GA&oe=6A58C3CD,2026-07-16T12:30:21.000Z,2026-07-12,https://pub-893b4a6a607b4221a894bf861da7914e.r2.dev/1014456487800871.mp4
31,26,English Seekho,565574549966663,English Seekho App,,IN,1654481422515098,https://www.facebook.com/ads/library/?id=1654481422515098,2026-06-24,,false,false,1,0,,2026-06-24,,"ঘরে বসেই ইংরেজি শিখুন!
English Seekho App-এর ইন্টারঅ্যাকটিভ লেসনের মাধ্যমে প্রতিদিন অনুশীলন করুন।",ইংরেজি কমিউনিকেশন শক্তিশালী করুন এবং আত্মবিশ্বাস বাড়ান।,Install now,http://play.google.com/store/apps/details?id=com.bolo.android,"Facebook,Instagram,Audience Network,Messenger,Threads","ঘরে বসেই ইংরেজি শিখুন!
English Seekho App-এর ইন্টারঅ্যাকটিভ লেসনের মাধ্যমে প্রতিদিন অনুশীলন করুন।",ইংরেজি কমিউনিকেশন শক্তিশালী করুন এবং আত্মবিশ্বাস বাড়ান।,Install now,http://play.google.com/store/apps/details?id=com.bolo.android,Video,"Facebook,Instagram,Audience Network,Messenger,Threads",1,0,9:16,https://video.fblr20-4.fna.fbcdn.net/o1/v/t2/f2/m366/AQOd0qtnB3yxWjnIra9j-f5kz9CJn0wAQnCFPboXJZFdos_8J-GXOg7H1yFJZd2WKq-pI500RCY5Rl6VYyMN_Mq9X066mrrmsHNM6cpVdww1JQ.mp4?_nc_cat=101&_nc_oc=AdoB5SNP1ix3yfAyDofPOx6yDTvfLT0ajwkZPe6pXQpbT1lzg92pE43gpcEENfbDjBg0BF3b9x5k2KSmyB6daq04&_nc_sid=b66105&_nc_ht=video.fblr20-4.fna.fbcdn.net&_nc_ohc=hOKXm1LgWrsQ7kNvwHFObxk&efg=eyJ2ZW5jb2RlX3RhZyI6Inhwdl9wcm9ncmVzc2l2ZS5WSV9VU0VDQVNFX1BST0RVQ1RfVFlQRS4uQzMuNzIwLmRhc2hfaDI2NC1iYXNpYy1nZW4yXzcyMHAiLCJ4cHZfYXNzZXRfaWQiOjM1MjU3MTI5NTM3MjY2MjgzLCJhc3NldF9hZ2VfZGF5cyI6NjgsInZpX3VzZWNhc2VfaWQiOjEwNzk5LCJkdXJhdGlvbl9zIjoxNjQsInVybGdlbl9zb3VyY2UiOiJ3d3cifQ%3D%3D&ccb=17-1&vs=1565839473afd586&_nc_vs=HBksFQIYRWZiX2VwaGVtZXJhbC9ENDQzNzk2Q0MxMkQyODZCMjRFODYwREI4MzIyNEZBM19tdF8xX3ZpZGVvX2Rhc2hpbml0Lm1wNBUAAsgBEgAVAhhAZmJfcGVybWFuZW50LzBENDJBODE3OEU1NUYwNUVBNDA2MTEyMkNCQkMyNzg1X2F1ZGlvX2Rhc2hpbml0Lm1wNBUCAsgBEgAoABgAGwKIB3VzZV9vaWwBMRJwcm9ncmVzc2l2ZV9yZWNpcGUBMRUAACbWifOdhYuhfRUCKAJDMywXQGSZmZmZmZoYGWRhc2hfaDI2NC1iYXNpYy1nZW4yXzcyMHARAHUAZd6oAQA&_nc_gid=FmjILqvNqtZFZEc2NI2oUA&_nc_ss=7f289&_nc_zt=28&oh=00_AQBYvV1erhCIZR_eyVbhtK67zM8uyJYKD94UA8gv0HvqFg&oe=6A58B5D7,https://scontent.fblr20-3.fna.fbcdn.net/v/t39.35426-6/728473943_1738490003917393_1516933086114881148_n.jpg?_nc_cat=109&ccb=1-7&_nc_sid=c53f8f&_nc_ohc=L7hry9HbN6UQ7kNvwGRj8sW&_nc_oc=AdplLDb0axLBr-eDPaKXey68HwIL-lgIyv93Dx8hfAIaiLFHSf7bIbLitHCkHv_rDz3pDL9EYOLWaUCNe-mXVor_&_nc_zt=14&_nc_ht=scontent.fblr20-3.fna&_nc_gid=FmjILqvNqtZFZEc2NI2oUA&_nc_ss=7f289&oh=00_AQDldnOBAbeSg5ga4ANt5bebASF0yuMl_QpuufCevIOSKQ&oe=6A58A25B,2026-07-16T10:43:35.000Z,2026-07-12,https://pub-893b4a6a607b4221a894bf861da7914e.r2.dev/1654481422515098.mp4
32,27,English Seekho,565574549966663,English Seekho App,,IN,1555604229303962,https://www.facebook.com/ads/library/?id=1555604229303962,2026-07-09,,false,true,2,0,1555604229303962,2026-07-09,,Fluent English bolne ka sirf ek raasta – Daily practice on English Seekho App. Start now!,English Communication strong karo aur confidence badhao,Install now,http://play.google.com/store/apps/details?id=com.bolo.android,"Facebook,Instagram,Audience Network,Messenger,Threads",Fluent English bolne ka sirf ek raasta – Daily practice on English Seekho App. Start now!,English Communication strong karo aur confidence badhao,Install now,http://play.google.com/store/apps/details?id=com.bolo.android,Video,"Facebook,Instagram,Audience Network,Messenger,Threads",1,0,9:16,https://video.fblr20-1.fna.fbcdn.net/o1/v/t2/f2/m366/AQPA-_soktG7m7c4Z6Rtw8bUsPqozZxRkKvYZ5AxkGvCvfis5f6G0ux2sCHsfmGlHcg_EZ0ojLjjbrFT6flhAfCewtsp_MhQquLMdHyx86f3tw.mp4?_nc_cat=108&_nc_oc=Ador4qRLSWqVGQPl7DENDYr_maXAzXwvcQcd74HGuZmDFxJdw1LErEWownxcmWPGk2BoFme5qXNL0kX_Vn2vnUgj&_nc_sid=b66105&_nc_ht=video.fblr20-1.fna.fbcdn.net&_nc_ohc=3jx5vSXxYOgQ7kNvwHY-iXW&efg=eyJ2ZW5jb2RlX3RhZyI6Inhwdl9wcm9ncmVzc2l2ZS5WSV9VU0VDQVNFX1BST0RVQ1RfVFlQRS4uQzMuNzIwLmRhc2hfaDI2NC1iYXNpYy1nZW4yXzcyMHAiLCJ4cHZfYXNzZXRfaWQiOjIwMzQ3NDM5MjcxMTgwNjksImFzc2V0X2FnZV9kYXlzIjo1LCJ2aV91c2VjYXNlX2lkIjoxMDEzOSwiZHVyYXRpb25fcyI6ODYsInVybGdlbl9zb3VyY2UiOiJ3d3cifQ%3D%3D&ccb=17-1&vs=b8365ddf9e639fbb&_nc_vs=HBksFQIYRWZiX2VwaGVtZXJhbC83QTQ2NkE2MkNGRkIxQjE5NjE2MEI2NTY5NDVGQUQ5Rl9tdF8xX3ZpZGVvX2Rhc2hpbml0Lm1wNBUAAsgBEgAVAhhAZmJfcGVybWFuZW50L0JENEM5RDM4MzA2MUUxNkNGRUQ5MUU5MDAxM0FDN0FGX2F1ZGlvX2Rhc2hpbml0Lm1wNBUCAsgBEgAoABgAGwKIB3VzZV9vaWwBMRJwcm9ncmVzc2l2ZV9yZWNpcGUBMRUAACbq4-DP16WdBxUCKAJDMywXQFWZmZmZmZoYGWRhc2hfaDI2NC1iYXNpYy1nZW4yXzcyMHARAHUAZbaeAQA&_nc_gid=FmjILqvNqtZFZEc2NI2oUA&_nc_ss=7f289&_nc_zt=28&oh=00_AQA3vIdo1sxggYJWFAdBbmOmH8dYzFDftAjS09EVI-mTgw&oe=6A58BA04,https://scontent.fblr20-1.fna.fbcdn.net/v/t39.35426-6/740445544_1019486493801001_6278337810359450129_n.jpg?_nc_cat=108&ccb=1-7&_nc_sid=c53f8f&_nc_ohc=SbiLNZAccdAQ7kNvwHehS1a&_nc_oc=Ado6WK5ElaahJuPL0qVuM86bksswhGpiEe8ag23H_qQRy8wzz16CKsgmIKNJ4DrrOSC6ruNCApibprvJLFrtLxZA&_nc_zt=14&_nc_ht=scontent.fblr20-1.fna&_nc_gid=FmjILqvNqtZFZEc2NI2oUA&_nc_ss=7f289&oh=00_AQDH50NZYSC2MgovX7Hp_dy4hpFLfm5yDV0TnZmzo55BCQ&oe=6A58D26E,2026-07-16T11:01:24.000Z,2026-07-12,https://pub-893b4a6a607b4221a894bf861da7914e.r2.dev/1555604229303962.mp4
33,27,English Seekho,565574549966663,English Seekho App,,IN,1555604229303962,https://www.facebook.com/ads/library/?id=1555604229303962,2026-07-09,,false,true,2,1,1018971157606445,2026-07-09,,Fluent English bolne ka sirf ek raasta – Daily practice on English Seekho App. Start now!,English Communication strong karo aur confidence badhao,Install now,http://play.google.com/store/apps/details?id=com.bolo.android,"Facebook,Instagram,Audience Network,Messenger,Threads",Fluent English bolne ka sirf ek raasta – Daily practice on English Seekho App. Start now!,English Communication strong karo aur confidence badhao,Install now,http://play.google.com/store/apps/details?id=com.bolo.android,Video,"Facebook,Instagram,Audience Network,Messenger,Threads",1,0,9:16,https://video.fblr20-1.fna.fbcdn.net/o1/v/t2/f2/m366/AQPA-_soktG7m7c4Z6Rtw8bUsPqozZxRkKvYZ5AxkGvCvfis5f6G0ux2sCHsfmGlHcg_EZ0ojLjjbrFT6flhAfCewtsp_MhQquLMdHyx86f3tw.mp4?_nc_cat=108&_nc_oc=Ador4qRLSWqVGQPl7DENDYr_maXAzXwvcQcd74HGuZmDFxJdw1LErEWownxcmWPGk2BoFme5qXNL0kX_Vn2vnUgj&_nc_sid=b66105&_nc_ht=video.fblr20-1.fna.fbcdn.net&_nc_ohc=3jx5vSXxYOgQ7kNvwHY-iXW&efg=eyJ2ZW5jb2RlX3RhZyI6Inhwdl9wcm9ncmVzc2l2ZS5WSV9VU0VDQVNFX1BST0RVQ1RfVFlQRS4uQzMuNzIwLmRhc2hfaDI2NC1iYXNpYy1nZW4yXzcyMHAiLCJ4cHZfYXNzZXRfaWQiOjIwMzQ3NDM5MjcxMTgwNjksImFzc2V0X2FnZV9kYXlzIjo1LCJ2aV91c2VjYXNlX2lkIjoxMDEzOSwiZHVyYXRpb25fcyI6ODYsInVybGdlbl9zb3VyY2UiOiJ3d3cifQ%3D%3D&ccb=17-1&vs=b8365ddf9e639fbb&_nc_vs=HBksFQIYRWZiX2VwaGVtZXJhbC83QTQ2NkE2MkNGRkIxQjE5NjE2MEI2NTY5NDVGQUQ5Rl9tdF8xX3ZpZGVvX2Rhc2hpbml0Lm1wNBUAAsgBEgAVAhhAZmJfcGVybWFuZW50L0JENEM5RDM4MzA2MUUxNkNGRUQ5MUU5MDAxM0FDN0FGX2F1ZGlvX2Rhc2hpbml0Lm1wNBUCAsgBEgAoABgAGwKIB3VzZV9vaWwBMRJwcm9ncmVzc2l2ZV9yZWNpcGUBMRUAACbq4-DP16WdBxUCKAJDMywXQFWZmZmZmZoYGWRhc2hfaDI2NC1iYXNpYy1nZW4yXzcyMHARAHUAZbaeAQA&_nc_gid=kSG06_0nIAxQ6TrX4p96aw&_nc_ss=7f289&_nc_zt=28&oh=00_AQDa76AqqdFAf4YgnYNyPU4XLEh3G6Fo0K_YIjmayRmqZw&oe=6A58BA04,https://scontent.fblr20-3.fna.fbcdn.net/v/t39.35426-6/743975640_1010491281696427_8311517347521020684_n.jpg?_nc_cat=100&ccb=1-7&_nc_sid=c53f8f&_nc_ohc=ABxjO0MR2WMQ7kNvwH_ko5A&_nc_oc=AdqndIjaxv2o-2T1GB98L6KPGH9phGzxCVs54BXWG3HOIMZy8QsbKCGeErkPyMNlwLgohRLF01PpRmRz6G7wLXF_&_nc_zt=14&_nc_ht=scontent.fblr20-3.fna&_nc_gid=kSG06_0nIAxQ6TrX4p96aw&_nc_ss=7f289&oh=00_AQAt-AWnOpPvRKZXM2DdSBxJvEQK7pmeoePDA-1zbNdWnw&oe=6A58AD87,2026-07-16T11:01:24.000Z,2026-07-12,
34,28,English Seekho,565574549966663,English Seekho App,,IN,1008695968233040,https://www.facebook.com/ads/library/?id=1008695968233040,2026-06-29,,false,true,2,0,1008695968233040,2026-06-29,,Fluent English bolne ka sirf ek raasta – Daily practice on English Seekho App. Start now!,English Communication strong karo aur confidence badhao,Install now,http://play.google.com/store/apps/details?id=com.bolo.android,"Facebook,Instagram,Audience Network,Messenger,Threads",Fluent English bolne ka sirf ek raasta – Daily practice on English Seekho App. Start now!,English Communication strong karo aur confidence badhao,Install now,http://play.google.com/store/apps/details?id=com.bolo.android,Video,"Facebook,Instagram,Audience Network,Messenger,Threads",1,0,9:16,https://video.fblr20-4.fna.fbcdn.net/o1/v/t2/f2/m366/AQPEe8NWOUmQVkqUwJsz-e3122ATfC_xyYqLUPHwlMmVfZpD-9IRYGT3a1-JXgvLpcsL_w1O_FARwgbXEWV9Dik2lGNficF6rO5yV2tHVt9eoQ.mp4?_nc_cat=106&_nc_oc=AdpEMQfhlaeYVhNjTDLSwnGmad9i3XcC03tElHiA5SL81Bc2DakMofuI07JGCf7HwynZ8dP5SA-8VWdQxJjcQeHK&_nc_sid=b66105&_nc_ht=video.fblr20-4.fna.fbcdn.net&_nc_ohc=EQit9O-txcQQ7kNvwFCMeU8&efg=eyJ2ZW5jb2RlX3RhZyI6Inhwdl9wcm9ncmVzc2l2ZS5WSV9VU0VDQVNFX1BST0RVQ1RfVFlQRS4uQzMuNzIwLmRhc2hfaDI2NC1iYXNpYy1nZW4yXzcyMHAiLCJ4cHZfYXNzZXRfaWQiOjc3NjU2OTQwODgxMTg5MSwiYXNzZXRfYWdlX2RheXMiOjE5LCJ2aV91c2VjYXNlX2lkIjoxMDEzOSwiZHVyYXRpb25fcyI6MTQ5LCJ1cmxnZW5fc291cmNlIjoid3d3In0%3D&ccb=17-1&vs=9373d0c7bc12fa6b&_nc_vs=HBksFQIYRWZiX2VwaGVtZXJhbC8wNzQxNzIwNzBEQTY5RDcxMUFFODREOEU5NjYyNDVCNl9tdF8xX3ZpZGVvX2Rhc2hpbml0Lm1wNBUAAsgBEgAVAhhAZmJfcGVybWFuZW50L0NFNDFGNTRFQzA0NzAyM0Y5QTk0NjdEQjdEMUYxNTgxX2F1ZGlvX2Rhc2hpbml0Lm1wNBUCAsgBEgAoABgAGwKIB3VzZV9vaWwBMRJwcm9ncmVzc2l2ZV9yZWNpcGUBMRUAACbmzYv8pJLhAhUCKAJDMywXQGK3987ZFocYGWRhc2hfaDI2NC1iYXNpYy1nZW4yXzcyMHARAHUAZbaeAQA&_nc_gid=FmjILqvNqtZFZEc2NI2oUA&_nc_ss=7f289&_nc_zt=28&oh=00_AQAzr5gUJZa0ciWPZlrNC0dbhyObAC460g_tEyFN2R4EXg&oe=6A58C8DE,https://scontent.fblr20-2.fna.fbcdn.net/v/t39.35426-6/730332439_1643997906712373_1600620582455908345_n.jpg?_nc_cat=111&ccb=1-7&_nc_sid=c53f8f&_nc_ohc=IU3jFc2aFSwQ7kNvwF0RSRa&_nc_oc=AdpENO8ydm4Ioa4bxM44D_wp5BSh9RFt2gJA63jplsvh0wvRre6nTC14YeP6C5fTeHp4r9twhjPOdBhaJXBy1QDl&_nc_zt=14&_nc_ht=scontent.fblr20-2.fna&_nc_gid=FmjILqvNqtZFZEc2NI2oUA&_nc_ss=7f289&oh=00_AQDlpRJR5USQyyQViXphdORiO_9xkzrPiqaI4b6ORGo88A&oe=6A58CDB8,2026-07-16T12:04:46.000Z,2026-07-12,https://pub-893b4a6a607b4221a894bf861da7914e.r2.dev/1008695968233040.mp4
35,28,English Seekho,565574549966663,English Seekho App,,IN,1008695968233040,https://www.facebook.com/ads/library/?id=1008695968233040,2026-06-29,,false,true,2,1,1358103292946355,2026-06-29,,Fluent English bolne ka sirf ek raasta – Daily practice on English Seekho App. Start now!,English Communication strong karo aur confidence badhao,Install now,http://play.google.com/store/apps/details?id=com.bolo.android,"Facebook,Instagram,Audience Network,Messenger,Threads",Fluent English bolne ka sirf ek raasta – Daily practice on English Seekho App. Start now!,English Communication strong karo aur confidence badhao,Install now,http://play.google.com/store/apps/details?id=com.bolo.android,Video,"Facebook,Instagram,Audience Network,Messenger,Threads",1,0,9:16,https://video.fblr20-4.fna.fbcdn.net/o1/v/t2/f2/m366/AQPEe8NWOUmQVkqUwJsz-e3122ATfC_xyYqLUPHwlMmVfZpD-9IRYGT3a1-JXgvLpcsL_w1O_FARwgbXEWV9Dik2lGNficF6rO5yV2tHVt9eoQ.mp4?_nc_cat=106&_nc_oc=AdpEMQfhlaeYVhNjTDLSwnGmad9i3XcC03tElHiA5SL81Bc2DakMofuI07JGCf7HwynZ8dP5SA-8VWdQxJjcQeHK&_nc_sid=b66105&_nc_ht=video.fblr20-4.fna.fbcdn.net&_nc_ohc=EQit9O-txcQQ7kNvwFCMeU8&efg=eyJ2ZW5jb2RlX3RhZyI6Inhwdl9wcm9ncmVzc2l2ZS5WSV9VU0VDQVNFX1BST0RVQ1RfVFlQRS4uQzMuNzIwLmRhc2hfaDI2NC1iYXNpYy1nZW4yXzcyMHAiLCJ4cHZfYXNzZXRfaWQiOjc3NjU2OTQwODgxMTg5MSwiYXNzZXRfYWdlX2RheXMiOjE5LCJ2aV91c2VjYXNlX2lkIjoxMDEzOSwiZHVyYXRpb25fcyI6MTQ5LCJ1cmxnZW5fc291cmNlIjoid3d3In0%3D&ccb=17-1&vs=9373d0c7bc12fa6b&_nc_vs=HBksFQIYRWZiX2VwaGVtZXJhbC8wNzQxNzIwNzBEQTY5RDcxMUFFODREOEU5NjYyNDVCNl9tdF8xX3ZpZGVvX2Rhc2hpbml0Lm1wNBUAAsgBEgAVAhhAZmJfcGVybWFuZW50L0NFNDFGNTRFQzA0NzAyM0Y5QTk0NjdEQjdEMUYxNTgxX2F1ZGlvX2Rhc2hpbml0Lm1wNBUCAsgBEgAoABgAGwKIB3VzZV9vaWwBMRJwcm9ncmVzc2l2ZV9yZWNpcGUBMRUAACbmzYv8pJLhAhUCKAJDMywXQGK3987ZFocYGWRhc2hfaDI2NC1iYXNpYy1nZW4yXzcyMHARAHUAZbaeAQA&_nc_gid=kQSAeCixD5VWUhKdgcsnnA&_nc_ss=7f289&_nc_zt=28&oh=00_AQD5F7zG37lDOt5LmndqOz-0TLZ7BDi7mrfxsgaE61IBjQ&oe=6A58C8DE,https://scontent.fblr20-2.fna.fbcdn.net/v/t39.35426-6/730332439_1643997906712373_1600620582455908345_n.jpg?_nc_cat=111&ccb=1-7&_nc_sid=c53f8f&_nc_ohc=IU3jFc2aFSwQ7kNvwF0RSRa&_nc_oc=AdpENO8ydm4Ioa4bxM44D_wp5BSh9RFt2gJA63jplsvh0wvRre6nTC14YeP6C5fTeHp4r9twhjPOdBhaJXBy1QDl&_nc_zt=14&_nc_ht=scontent.fblr20-2.fna&_nc_gid=kQSAeCixD5VWUhKdgcsnnA&_nc_ss=7f289&oh=00_AQDYZgseGBpYGiLf-FMHnjajwZzBgKMxo0tz1tdxqhCgew&oe=6A58CDB8,2026-07-16T12:04:46.000Z,2026-07-12,
36,29,English Seekho,565574549966663,English Seekho App,,IN,4103084183315352,https://www.facebook.com/ads/library/?id=4103084183315352,2026-07-09,,false,false,1,0,,2026-07-09,,"ঘরে বসেই ইংরেজি শিখুন!
English Seekho App-এর ইন্টারঅ্যাকটিভ লেসনের মাধ্যমে প্রতিদিন অনুশীলন করুন।",ইংরেজি কমিউনিকেশন শক্তিশালী করুন এবং আত্মবিশ্বাস বাড়ান।,Install now,http://play.google.com/store/apps/details?id=com.bolo.android,"Facebook,Instagram,Audience Network,Messenger,Threads","ঘরে বসেই ইংরেজি শিখুন!
English Seekho App-এর ইন্টারঅ্যাকটিভ লেসনের মাধ্যমে প্রতিদিন অনুশীলন করুন।",ইংরেজি কমিউনিকেশন শক্তিশালী করুন এবং আত্মবিশ্বাস বাড়ান।,Install now,http://play.google.com/store/apps/details?id=com.bolo.android,Video,"Facebook,Instagram,Audience Network,Messenger,Threads",1,0,9:16,https://video.fblr20-3.fna.fbcdn.net/o1/v/t2/f2/m366/AQPcpzf3GxAe_cRI7X9ppddjIH5cmuV-mCOVtgyOH-wcE3YwQ738SxmE2vPX5_d_5SryiYlrULXMMKPJNqJyuCopNyc3M2xVk_nYCd852XzvrA.mp4?_nc_cat=100&_nc_oc=AdrNTlGBmXxSS1tab1ig6q7dXOMG0U6DqmAwXc4WFFYY0IuFNJTNeDvhmeRvc3K5LYO1rPCL1IK3O9iZ8Ov18gV1&_nc_sid=b66105&_nc_ht=video.fblr20-3.fna.fbcdn.net&_nc_ohc=ZTm01yeFHccQ7kNvwF1CUay&efg=eyJ2ZW5jb2RlX3RhZyI6Inhwdl9wcm9ncmVzc2l2ZS5WSV9VU0VDQVNFX1BST0RVQ1RfVFlQRS4uQzMuNzIwLmRhc2hfaDI2NC1iYXNpYy1nZW4yXzcyMHAiLCJ4cHZfYXNzZXRfaWQiOjE0OTEwMjYzNzg5OTE4ODIsImFzc2V0X2FnZV9kYXlzIjo1LCJ2aV91c2VjYXNlX2lkIjoxMDEzOSwiZHVyYXRpb25fcyI6MjMwLCJ1cmxnZW5fc291cmNlIjoid3d3In0%3D&ccb=17-1&vs=57c9ea9791d35e89&_nc_vs=HBksFQIYRWZiX2VwaGVtZXJhbC81MzQ5NzZDMEU5RjBFQzEzNUNGMzAzMTJGQTEzODA4M19tdF8xX3ZpZGVvX2Rhc2hpbml0Lm1wNBUAAsgBEgAVAhhAZmJfcGVybWFuZW50LzU2NEUxNURBODBGMzAyM0Q4QUIzOTQyQjkwMDhBMjgwX2F1ZGlvX2Rhc2hpbml0Lm1wNBUCAsgBEgAoABgAGwKIB3VzZV9vaWwBMRJwcm9ncmVzc2l2ZV9yZWNpcGUBMRUAACaUpN2alIWmBRUCKAJDMywXQGzdT987ZFoYGWRhc2hfaDI2NC1iYXNpYy1nZW4yXzcyMHARAHUAZbaeAQA&_nc_gid=FmjILqvNqtZFZEc2NI2oUA&_nc_ss=7f289&_nc_zt=28&oh=00_AQDP4y2jsqGbdTIzXiRkhThR_JPdA39keK6f7aTU_4tvDg&oe=6A58AA80,https://scontent.fblr20-3.fna.fbcdn.net/v/t39.35426-6/743174796_1574750740947338_4731811867651699925_n.jpg?_nc_cat=105&ccb=1-7&_nc_sid=c53f8f&_nc_ohc=U-TBKmn4hTgQ7kNvwFIqUNC&_nc_oc=AdqM90kytFpxpfNZGCNrXlmK9riGtjga9gE5hh2xi241LTjYWi5py11r6ewdOjVeCGd4yNBF132FhB1oYnU35Wga&_nc_zt=14&_nc_ht=scontent.fblr20-3.fna&_nc_gid=FmjILqvNqtZFZEc2NI2oUA&_nc_ss=7f289&oh=00_AQCtx9k_NLGtjzxWfhc9uoN1iWCWBjaik6B1JyXTZlMuEw&oe=6A58D53B,2026-07-16T09:55:12.000Z,2026-07-12,https://pub-893b4a6a607b4221a894bf861da7914e.r2.dev/4103084183315352.mp4
37,30,English Seekho,565574549966663,English Seekho App,,IN,846746431580534,https://www.facebook.com/ads/library/?id=846746431580534,2026-06-28,,false,false,1,0,,2026-06-28,,"ঘরে বসেই ইংরেজি শিখুন!
English Seekho App-এর ইন্টারঅ্যাকটিভ লেসনের মাধ্যমে প্রতিদিন অনুশীলন করুন।",ইংরেজি কমিউনিকেশন শক্তিশালী করুন এবং আত্মবিশ্বাস বাড়ান।,Install now,http://play.google.com/store/apps/details?id=com.bolo.android,"Facebook,Instagram,Audience Network,Messenger,Threads","ঘরে বসেই ইংরেজি শিখুন!
English Seekho App-এর ইন্টারঅ্যাকটিভ লেসনের মাধ্যমে প্রতিদিন অনুশীলন করুন।",ইংরেজি কমিউনিকেশন শক্তিশালী করুন এবং আত্মবিশ্বাস বাড়ান।,Install now,http://play.google.com/store/apps/details?id=com.bolo.android,Video,"Facebook,Instagram,Audience Network,Messenger,Threads",1,0,9:16,https://video.fblr20-4.fna.fbcdn.net/o1/v/t2/f2/m366/AQMOyWHrzUGWQZtwGGg-Kes12IDMhZdD2FbES2KzHOLpwbCfH7avCC-elP0OyT4AV6IhrSEZrwUZ6vceDHrj1C4LqoMLCXMgLBVpqiHF8C8iAQ.mp4?_nc_cat=106&_nc_oc=AdqlpWvZNyXiTjdzMv9JYHcoDWqW1aXvOmi7hnGw1AN4TejkNbncKETFmg6yB30pNaF75hO7FvAOeu7JAA1WFtI6&_nc_sid=b66105&_nc_ht=video.fblr20-4.fna.fbcdn.net&_nc_ohc=ucqapHW42V0Q7kNvwHhBEVa&efg=eyJ2ZW5jb2RlX3RhZyI6Inhwdl9wcm9ncmVzc2l2ZS5WSV9VU0VDQVNFX1BST0RVQ1RfVFlQRS4uQzMuNzIwLmRhc2hfaDI2NC1iYXNpYy1nZW4yXzcyMHAiLCJ4cHZfYXNzZXRfaWQiOjE3MDUwMjUwNjA5MTcxMTUsImFzc2V0X2FnZV9kYXlzIjoxNiwidmlfdXNlY2FzZV9pZCI6MTAxMzksImR1cmF0aW9uX3MiOjE2MCwidXJsZ2VuX3NvdXJjZSI6Ind3dyJ9&ccb=17-1&vs=8554364ac7f0a50a&_nc_vs=HBksFQIYRWZiX2VwaGVtZXJhbC9GMzQ2MjJCOEM4NkY3RkRCMUFGODJDRTdFOTQyQkQ4Ml9tdF8xX3ZpZGVvX2Rhc2hpbml0Lm1wNBUAAsgBEgAVAhhAZmJfcGVybWFuZW50L0QzNEQxQkM5NEUyODkzQjhCRTgzQzBDMjBBOEQzOEE5X2F1ZGlvX2Rhc2hpbml0Lm1wNBUCAsgBEgAoABgAGwKIB3VzZV9vaWwBMRJwcm9ncmVzc2l2ZV9yZWNpcGUBMRUAACb2vbbRwq2HBhUCKAJDMywXQGQbhR64UewYGWRhc2hfaDI2NC1iYXNpYy1nZW4yXzcyMHARAHUAZbaeAQA&_nc_gid=FmjILqvNqtZFZEc2NI2oUA&_nc_ss=7f289&_nc_zt=28&oh=00_AQAQt-FyqGF-Rji4HLylG0EI8qbyA1M6kEqs8zQk0GQXsg&oe=6A58C64E,https://scontent.fblr20-1.fna.fbcdn.net/v/t39.35426-6/731069075_1341594974075637_3788485821404165597_n.jpg?_nc_cat=110&ccb=1-7&_nc_sid=c53f8f&_nc_ohc=1NZPdkVem1MQ7kNvwEmFR5S&_nc_oc=Adq-Or-ovdw9ZIQbTwcDYAKrfpQHGjmRFPv4ovfmN6HELFoYILXmr9LpkrgTcKIAfWL5FUB0UfNneQE-QVGfCgy4&_nc_zt=14&_nc_ht=scontent.fblr20-1.fna&_nc_gid=FmjILqvNqtZFZEc2NI2oUA&_nc_ss=7f289&oh=00_AQDUy9tFVY6eEFDzXtANjCjUzEByMiQ2wiS1oeCeThsskQ&oe=6A58D134,2026-07-16T11:53:50.000Z,2026-07-12,https://pub-893b4a6a607b4221a894bf861da7914e.r2.dev/846746431580534.mp4
38,31,English Seekho,565574549966663,English Seekho App,,IN,992773516690548,https://www.facebook.com/ads/library/?id=992773516690548,2026-06-18,,false,false,1,0,,2026-06-18,,Fluent English bolne ka sirf ek raasta – Daily practice on English Seekho App. Start now!,English Communication strong karo aur confidence badhao,Install now,http://play.google.com/store/apps/details?id=com.bolo.android,"Facebook,Instagram,Audience Network,Messenger,Threads",Fluent English bolne ka sirf ek raasta – Daily practice on English Seekho App. Start now!,English Communication strong karo aur confidence badhao,Install now,http://play.google.com/store/apps/details?id=com.bolo.android,Video,"Facebook,Instagram,Audience Network,Messenger,Threads",1,0,9:16,https://video.fblr20-4.fna.fbcdn.net/o1/v/t2/f2/m366/AQMfJIQ_UNJCHIPxjLN7rQo4XX_OoVffxrGIRiuIhE54XP_9wpypdji4Um2BzgLKtsHS_jpQijRA0Lpv7M8SRarCoxPrCf-2kauTRZWOGeEuUg.mp4?_nc_cat=103&_nc_oc=Adp8kHfObqqDq9y7Eda9knyTalpTg8dgjfU7IOuySkY4QF6S9jJUZdrIRLZFkITU-V_42Uj3d0gDn_bcYVbSExMG&_nc_sid=b66105&_nc_ht=video.fblr20-4.fna.fbcdn.net&_nc_ohc=NWyWaGH6bIwQ7kNvwGPuKHh&efg=eyJ2ZW5jb2RlX3RhZyI6Inhwdl9wcm9ncmVzc2l2ZS5WSV9VU0VDQVNFX1BST0RVQ1RfVFlQRS4uQzMuNzIwLmRhc2hfaDI2NC1iYXNpYy1nZW4yXzcyMHAiLCJ4cHZfYXNzZXRfaWQiOjE1MTQxNzgyMjAyNjU5MzIsImFzc2V0X2FnZV9kYXlzIjo2MiwidmlfdXNlY2FzZV9pZCI6MTAxMzksImR1cmF0aW9uX3MiOjEwOSwidXJsZ2VuX3NvdXJjZSI6Ind3dyJ9&ccb=17-1&vs=a469f7e9bf19991&_nc_vs=HBksFQIYRWZiX2VwaGVtZXJhbC85MjQxREFENkE3NzdFRDU5NUEzM0ZDMkFFOUZCOEJBNl9tdF8xX3ZpZGVvX2Rhc2hpbml0Lm1wNBUAAsgBEgAVAhhAZmJfcGVybWFuZW50L0Y5NEY1NDQ1MUQwNjRFQ0NERTYyNzU1MDhGNTk0Rjk1X2F1ZGlvX2Rhc2hpbml0Lm1wNBUCAsgBEgAoABgAGwKIB3VzZV9vaWwBMRJwcm9ncmVzc2l2ZV9yZWNpcGUBMRUAACaYx5Dv4siwBRUCKAJDMywXQFtZmZmZmZoYGWRhc2hfaDI2NC1iYXNpYy1nZW4yXzcyMHARAHUAZbaeAQA&_nc_gid=em3n3sBcW-sd5vciu4oodg&_nc_ss=7f289&_nc_zt=28&oh=00_AQBHD57928r1pz-47ZXH5TtC-1qID_3-E9jbgYBBH-qcQw&oe=6A58C27D,https://scontent.fblr20-2.fna.fbcdn.net/v/t39.35426-6/696664182_957592920301917_3703602979141088264_n.jpg?_nc_cat=102&ccb=1-7&_nc_sid=c53f8f&_nc_ohc=YpC5rtFPm_YQ7kNvwHY42KN&_nc_oc=Adp3RpBEK-3S7JbtkPs3cG7vM-h1CtUm0ySD4USRF7ETKKE96d54f6D-ebuRgHwap7zsPcJbKlHeYDegeP-_llG7&_nc_zt=14&_nc_ht=scontent.fblr20-2.fna&_nc_gid=em3n3sBcW-sd5vciu4oodg&_nc_ss=7f289&oh=00_AQBjUFYklMOoPew14n_Jh95vj6e4mKG8vv8VIg1sErNWbA&oe=6A58BE9C,2026-07-16T11:37:33.000Z,2026-07-12,https://pub-893b4a6a607b4221a894bf861da7914e.r2.dev/992773516690548.mp4
39,32,English Seekho,565574549966663,English Seekho App,,IN,999994179437771,https://www.facebook.com/ads/library/?id=999994179437771,2026-06-23,,false,false,1,0,,2026-06-23,,Fluent English bolne ka sirf ek raasta – Daily practice on English Seekho App. Start now!,English Communication strong karo aur confidence badhao,Install now,http://play.google.com/store/apps/details?id=com.bolo.android,"Facebook,Instagram,Audience Network,Messenger,Threads",Fluent English bolne ka sirf ek raasta – Daily practice on English Seekho App. Start now!,English Communication strong karo aur confidence badhao,Install now,http://play.google.com/store/apps/details?id=com.bolo.android,Video,"Facebook,Instagram,Audience Network,Messenger,Threads",1,0,9:16,https://video.fblr20-3.fna.fbcdn.net/o1/v/t2/f2/m366/AQP4lv6uONHbOOz9NxIuyW5xVfwDHkaz3YCKKPFrLsHFoSyF8HdtJsD0B3Wxr5WIIaBTSodPsljUkiv1-XFl4DknUKhlJ6i6XADokIpCgIEghQ.mp4?_nc_cat=109&_nc_oc=AdomLAtdiB6kM-OQuxLJVjW0_ZfSlSQzlW0e4Z-PIrStEcks_rvJhFUma3t6AogQkpH3omUDqMSt0Tvc_z70O12m&_nc_sid=b66105&_nc_ht=video.fblr20-3.fna.fbcdn.net&_nc_ohc=7q00PoESyGwQ7kNvwFd4NOP&efg=eyJ2ZW5jb2RlX3RhZyI6Inhwdl9wcm9ncmVzc2l2ZS5WSV9VU0VDQVNFX1BST0RVQ1RfVFlQRS4uQzMuNzIwLmRhc2hfaDI2NC1iYXNpYy1nZW4yXzcyMHAiLCJ4cHZfYXNzZXRfaWQiOjEzMjAxMTI5NzM1OTc5NTksImFzc2V0X2FnZV9kYXlzIjoyOCwidmlfdXNlY2FzZV9pZCI6MTAxMzksImR1cmF0aW9uX3MiOjE3MiwidXJsZ2VuX3NvdXJjZSI6Ind3dyJ9&ccb=17-1&vs=66b54cb37e6776d&_nc_vs=HBksFQIYRWZiX2VwaGVtZXJhbC9DMzRGQTVGRTcwNTRCODY2NjY1NkNEQ0RFQ0E0RDhCNl9tdF8xX3ZpZGVvX2Rhc2hpbml0Lm1wNBUAAsgBEgAVAhhAZmJfcGVybWFuZW50LzkyNDA3OTAyODhDRUIzMDI0RDU3NDJCQ0MxM0RFNUFCX2F1ZGlvX2Rhc2hpbml0Lm1wNBUCAsgBEgAoABgAGwKIB3VzZV9vaWwBMRJwcm9ncmVzc2l2ZV9yZWNpcGUBMRUAACaOtNaN2KjYBBUCKAJDMywXQGWDMzMzMzMYGWRhc2hfaDI2NC1iYXNpYy1nZW4yXzcyMHARAHUAZbaeAQA&_nc_gid=em3n3sBcW-sd5vciu4oodg&_nc_ss=7f289&_nc_zt=28&oh=00_AQClZpIyV-NpCnFtUtxiXU4_g_o1hMTTy5TikaHEs_h2FQ&oe=6A58BB83,https://scontent.fblr20-2.fna.fbcdn.net/v/t39.35426-6/727178796_1897507857585505_2562296840080280660_n.jpg?_nc_cat=104&ccb=1-7&_nc_sid=c53f8f&_nc_ohc=gk5sz3nz58MQ7kNvwGZE3il&_nc_oc=Ado19DazrH20YTx3EEJduy9Vn-mgGF8eMH3Qn_J0uL830wvuBf4trHAXK6UhrlRwYdl_8XVDJ7u75FmMdXkX8gEQ&_nc_zt=14&_nc_ht=scontent.fblr20-2.fna&_nc_gid=em3n3sBcW-sd5vciu4oodg&_nc_ss=7f289&oh=00_AQAtELpSkqzCy2opj_D9t-HPoP_u7c-_A-mqIqqanyglIw&oe=6A58ACE1,2026-07-16T11:07:47.000Z,2026-07-12,https://pub-893b4a6a607b4221a894bf861da7914e.r2.dev/999994179437771.mp4
40,33,English Seekho,565574549966663,English Seekho App,,IN,2129938227571573,https://www.facebook.com/ads/library/?id=2129938227571573,2026-06-25,,false,false,1,0,,2026-06-25,,Fluent English bolne ka sirf ek raasta – Daily practice on English Seekho App. Start now!,English Communication strong karo aur confidence badhao,Install now,http://play.google.com/store/apps/details?id=com.bolo.android,"Facebook,Instagram,Audience Network,Messenger,Threads",Fluent English bolne ka sirf ek raasta – Daily practice on English Seekho App. Start now!,English Communication strong karo aur confidence badhao,Install now,http://play.google.com/store/apps/details?id=com.bolo.android,Video,"Facebook,Instagram,Audience Network,Messenger,Threads",1,0,9:16,https://video.fblr20-2.fna.fbcdn.net/o1/v/t2/f2/m366/AQNhULh95K_f6bT_DHUIY3onsb_ZaoxvHSxD7HCXa6A3uDzs1tN5hG2WHWvNdY_2uMwCpOZlHA8YGmM0-gN2Wqg5HYXKtRFIikCAw7thm5WCFQ.mp4?_nc_cat=111&_nc_oc=Adr8iNspxjqjXkq7TU1bPQDO-NjbwRUY_mJ7AYJYFc0h9z8IKVuCjDJ-GU-pYhsZNGjGcUd_qm8StcyybSXoX29x&_nc_sid=b66105&_nc_ht=video.fblr20-2.fna.fbcdn.net&_nc_ohc=tO4LlrR5CFgQ7kNvwHJsnFP&efg=eyJ2ZW5jb2RlX3RhZyI6Inhwdl9wcm9ncmVzc2l2ZS5WSV9VU0VDQVNFX1BST0RVQ1RfVFlQRS4uQzMuNzIwLmRhc2hfaDI2NC1iYXNpYy1nZW4yXzcyMHAiLCJ4cHZfYXNzZXRfaWQiOjE5NzMzNjg4OTk5Nzg5OTgsImFzc2V0X2FnZV9kYXlzIjo1MCwidmlfdXNlY2FzZV9pZCI6MTAxMzksImR1cmF0aW9uX3MiOjQ4LCJ1cmxnZW5fc291cmNlIjoid3d3In0%3D&ccb=17-1&vs=8fe65d07cdd4e3e8&_nc_vs=HBksFQIYRWZiX2VwaGVtZXJhbC8zQzQ0NTQzRDI5Mjg3RTk3NkRDRTg0Mjg5MTI5NUE5Ml9tdF8xX3ZpZGVvX2Rhc2hpbml0Lm1wNBUAAsgBEgAVAhhAZmJfcGVybWFuZW50LzA5NDcxNzJCMEM1REJEREE1MUEzQTQxRTcwQTM1M0IxX2F1ZGlvX2Rhc2hpbml0Lm1wNBUCAsgBEgAoABgAGwKIB3VzZV9vaWwBMRJwcm9ncmVzc2l2ZV9yZWNpcGUBMRUAACbsm9qEmLGBBxUCKAJDMywXQEgAAAAAAAAYGWRhc2hfaDI2NC1iYXNpYy1nZW4yXzcyMHARAHUAZbaeAQA&_nc_gid=em3n3sBcW-sd5vciu4oodg&_nc_ss=7f289&_nc_zt=28&oh=00_AQC_L6LXy2V-nXL0d5AfkTFKob_cOESlDj3firqIALxk1A&oe=6A58BF01,https://scontent.fblr20-3.fna.fbcdn.net/v/t39.35426-6/730544091_950688217983088_4801316291003350067_n.jpg?_nc_cat=100&ccb=1-7&_nc_sid=c53f8f&_nc_ohc=JwWSsdA7L3cQ7kNvwEpeYO2&_nc_oc=AdovuGRaIPXLsPwx_Zj7ZDhpe8w1IiuXmmiS7gFZYGtRzeZqBP0M_Gx3wCS-AirmcavsioK08Boad5L0UkXOR-A0&_nc_zt=14&_nc_ht=scontent.fblr20-3.fna&_nc_gid=em3n3sBcW-sd5vciu4oodg&_nc_ss=7f289&oh=00_AQDbAUA01AdtILcpBZAEfdeFoQNK9MrrEe-BW1RQlBiQLw&oe=6A58BD2E,2026-07-16T11:22:41.000Z,2026-07-12,https://pub-893b4a6a607b4221a894bf861da7914e.r2.dev/2129938227571573.mp4
41,34,English Seekho,565574549966663,English Seekho App,,IN,2494629114318819,https://www.facebook.com/ads/library/?id=2494629114318819,2026-07-09,,false,false,1,0,,2026-07-09,,Fluent English bolne ka sirf ek raasta – Daily practice on English Seekho App. Start now!,English Communication strong karo aur confidence badhao,Install now,http://play.google.com/store/apps/details?id=com.bolo.android,"Facebook,Instagram,Audience Network,Messenger,Threads",Fluent English bolne ka sirf ek raasta – Daily practice on English Seekho App. Start now!,English Communication strong karo aur confidence badhao,Install now,http://play.google.com/store/apps/details?id=com.bolo.android,Video,"Facebook,Instagram,Audience Network,Messenger,Threads",1,0,9:16,https://video.fblr20-3.fna.fbcdn.net/o1/v/t2/f2/m366/AQNZDLWWhaSCQoOpBAv2zMhq4VCKeREH4hD-gFy9JaoyMaupdeuagG1hQgnu4Ow2QcU6HtPt2jxA8cm1bfpkvT-cyLVyIH8rF8R7ClUlfq-5UA.mp4?_nc_cat=100&_nc_oc=AdqztUpaX6Mk-onfCyzy7nX_k5jreR1uo_T-y-UQLmQVStMecgLe39ZwEmPI-g7Y7Adgo9tjCMahiPhWn3m3z5yd&_nc_sid=b66105&_nc_ht=video.fblr20-3.fna.fbcdn.net&_nc_ohc=PmnH8CJ6x8YQ7kNvwG_g4nn&efg=eyJ2ZW5jb2RlX3RhZyI6Inhwdl9wcm9ncmVzc2l2ZS5WSV9VU0VDQVNFX1BST0RVQ1RfVFlQRS4uQzMuNzIwLmRhc2hfaDI2NC1iYXNpYy1nZW4yXzcyMHAiLCJ4cHZfYXNzZXRfaWQiOjE0MzY4MTA0NjgyNTIxMDYsImFzc2V0X2FnZV9kYXlzIjoyNiwidmlfdXNlY2FzZV9pZCI6MTAxMzksImR1cmF0aW9uX3MiOjQ5LCJ1cmxnZW5fc291cmNlIjoid3d3In0%3D&ccb=17-1&vs=8cc20d738e8422e7&_nc_vs=HBksFQIYRWZiX2VwaGVtZXJhbC81RjQ1NDA2N0RBOTBENjVBRUFBNUY0RUMxRDVGOTdCNV9tdF8xX3ZpZGVvX2Rhc2hpbml0Lm1wNBUAAsgBEgAVAhhAZmJfcGVybWFuZW50LzIzNDY1ODM5RTQxRUJENTBDRjFFMTg1NzUwQjUxQzlCX2F1ZGlvX2Rhc2hpbml0Lm1wNBUCAsgBEgAoABgAGwKIB3VzZV9vaWwBMRJwcm9ncmVzc2l2ZV9yZWNpcGUBMRUAACaU546ZsLGNBRUCKAJDMywXQEiA5WBBiTcYGWRhc2hfaDI2NC1iYXNpYy1nZW4yXzcyMHARAHUAZbaeAQA&_nc_gid=em3n3sBcW-sd5vciu4oodg&_nc_ss=7f289&_nc_zt=28&oh=00_AQDP3PwEYBRbjrZMhfJBmt4tQxYLR45A1VPsfUh7hX0cnA&oe=6A58C140,https://scontent.fblr20-2.fna.fbcdn.net/v/t39.35426-6/745305077_1346840386907437_7448880608356229112_n.jpg?_nc_cat=111&ccb=1-7&_nc_sid=c53f8f&_nc_ohc=pz8gkdulg78Q7kNvwH2zb6f&_nc_oc=AdowcBo00aDiDWtk4Vs3QC-oqERgDpNO-M_W6OgzYJ_FiYJ27PVgTso7Yp9CbhtzM2yRi4EsvMZHUfybtWmvG6Ej&_nc_zt=14&_nc_ht=scontent.fblr20-2.fna&_nc_gid=em3n3sBcW-sd5vciu4oodg&_nc_ss=7f289&oh=00_AQA6JdXCUWhvFBDA4ajF-AsuhjrqyuSrWKrmxM-iBmuWKA&oe=6A589FAF,2026-07-16T11:32:16.000Z,2026-07-12,https://pub-893b4a6a607b4221a894bf861da7914e.r2.dev/2494629114318819.mp4
42,35,English Seekho,565574549966663,English Seekho App,,IN,888335133660166,https://www.facebook.com/ads/library/?id=888335133660166,2026-06-24,,false,false,1,0,,2026-06-24,,Fluent English bolne ka sirf ek raasta – Daily practice on English Seekho App. Start now!,English Communication strong karo aur confidence badhao,Install now,http://play.google.com/store/apps/details?id=com.bolo.android,"Facebook,Instagram,Audience Network,Messenger,Threads",Fluent English bolne ka sirf ek raasta – Daily practice on English Seekho App. Start now!,English Communication strong karo aur confidence badhao,Install now,http://play.google.com/store/apps/details?id=com.bolo.android,Video,"Facebook,Instagram,Audience Network,Messenger,Threads",1,0,9:16,https://video.fblr20-3.fna.fbcdn.net/o1/v/t2/f2/m366/AQMDyLu57RZ7CjTO1oH17FRZa3cRZzcTnC33XTHEROYhDnes9v1WwL59w5EjFtEhh5US5X_4suhmixMbuLAUrc8uK4zdc8s1i6LxmE6f0jexgg.mp4?_nc_cat=109&_nc_oc=AdobPQe4WnkLPUoANTj7DWAkNDbZZh4pdfZHmNsHL7gkKq-cFMOwCPxaYDgzmpOBhN11ieHA6B44z8tInUaD43Cm&_nc_sid=b66105&_nc_ht=video.fblr20-3.fna.fbcdn.net&_nc_ohc=PdeII29mYmQQ7kNvwHWuKtZ&efg=eyJ2ZW5jb2RlX3RhZyI6Inhwdl9wcm9ncmVzc2l2ZS5WSV9VU0VDQVNFX1BST0RVQ1RfVFlQRS4uQzMuNzIwLmRhc2hfaDI2NC1iYXNpYy1nZW4yXzcyMHAiLCJ4cHZfYXNzZXRfaWQiOjE4NTg5NTc3MDIxNzYzNzksImFzc2V0X2FnZV9kYXlzIjo1MCwidmlfdXNlY2FzZV9pZCI6MTAxMzksImR1cmF0aW9uX3MiOjExNywidXJsZ2VuX3NvdXJjZSI6Ind3dyJ9&ccb=17-1&vs=c5441f6c32adc0ab&_nc_vs=HBksFQIYRWZiX2VwaGVtZXJhbC8wQzQ4ODEzNDlERjNFMUMxOTA2N0ZFNjI1RENGNTI5RF9tdF8xX3ZpZGVvX2Rhc2hpbml0Lm1wNBUAAsgBEgAVAhhAZmJfcGVybWFuZW50LzhENDBEOTVCNDE4OURGNDNFNEJFRTBEODhDQzQ2QTkxX2F1ZGlvX2Rhc2hpbml0Lm1wNBUCAsgBEgAoABgAGwKIB3VzZV9vaWwBMRJwcm9ncmVzc2l2ZV9yZWNpcGUBMRUAACb2-eyXyq3NBhUCKAJDMywXQF1--dsi0OUYGWRhc2hfaDI2NC1iYXNpYy1nZW4yXzcyMHARAHUAZbaeAQA&_nc_gid=em3n3sBcW-sd5vciu4oodg&_nc_ss=7f289&_nc_zt=28&oh=00_AQAKEFedPmVKA94rflNYQmVLotp8ERVKHbGr99KlZrlIig&oe=6A58D5C7,https://scontent.fblr20-3.fna.fbcdn.net/v/t39.35426-6/731093739_992906276983116_3586365898936743821_n.jpg?_nc_cat=109&ccb=1-7&_nc_sid=c53f8f&_nc_ohc=A8pstIqzQVUQ7kNvwFI2S9i&_nc_oc=Adq8vhd6v0glJ_6CVoInYYDt6rD8CZ70Or1YfvZop-LDj1oIXlSzWtNHG6lwi1d9Pt3cgGP_iVcLNgoNjZmLyw1z&_nc_zt=14&_nc_ht=scontent.fblr20-3.fna&_nc_gid=em3n3sBcW-sd5vciu4oodg&_nc_ss=7f289&oh=00_AQAHSn-ezOBKkZY5vk9z7wIINUmUFcDwUu723RaVdxZH3Q&oe=6A589F08,2026-07-16T12:59:51.000Z,2026-07-12,https://pub-893b4a6a607b4221a894bf861da7914e.r2.dev/888335133660166.mp4
43,36,English Seekho,565574549966663,English Seekho App,,IN,1578508493878005,https://www.facebook.com/ads/library/?id=1578508493878005,2026-07-09,,false,true,2,0,1578508493878005,2026-07-09,,Fluent English bolne ka sirf ek raasta – Daily practice on English Seekho App. Start now!,English Communication strong karo aur confidence badhao,Install now,http://play.google.com/store/apps/details?id=com.bolo.android,"Facebook,Instagram,Audience Network,Messenger,Threads",Fluent English bolne ka sirf ek raasta – Daily practice on English Seekho App. Start now!,English Communication strong karo aur confidence badhao,Install now,http://play.google.com/store/apps/details?id=com.bolo.android,Video,"Facebook,Instagram,Audience Network,Messenger,Threads",1,0,9:16,https://video.fblr20-3.fna.fbcdn.net/o1/v/t2/f2/m366/AQMvgjCNNMmSGUwy8rzFFLWQTsRy5agNG_hgoJza0t6OdEQ0ineOL0UXmPfUZnfBgpgYAQ-9JnXlOzE766NXOAtClIS3mYY2DGRnKMSZsq9xLA.mp4?_nc_cat=109&_nc_oc=AdoyEUieir5CX-fooIvHvZphQuNyYqJ1VUVGb3U6eJN67dKomA3t13mjJ2jA59YOUdf9IYI5n9ZqdHUqp15k1_kM&_nc_sid=b66105&_nc_ht=video.fblr20-3.fna.fbcdn.net&_nc_ohc=J8OGmvZjkGsQ7kNvwEF_FCL&efg=eyJ2ZW5jb2RlX3RhZyI6Inhwdl9wcm9ncmVzc2l2ZS5WSV9VU0VDQVNFX1BST0RVQ1RfVFlQRS4uQzMuNzIwLmRhc2hfaDI2NC1iYXNpYy1nZW4yXzcyMHAiLCJ4cHZfYXNzZXRfaWQiOjI2NTg1MjQ2NDA0NDMwNjcyLCJhc3NldF9hZ2VfZGF5cyI6NzMsInZpX3VzZWNhc2VfaWQiOjEwMTM5LCJkdXJhdGlvbl9zIjo4OSwidXJsZ2VuX3NvdXJjZSI6Ind3dyJ9&ccb=17-1&vs=e130ae3c8ec223e7&_nc_vs=HBksFQIYRWZiX2VwaGVtZXJhbC9DRDQxOTREOTg0RTE4Qzk0QzU4MDNBQTFFNDVCNTY5MV9tdF8xX3ZpZGVvX2Rhc2hpbml0Lm1wNBUAAsgBEgAVAhhAZmJfcGVybWFuZW50LzdENDdBOUQ4QTgyMzRGODZFMDZERUQ1NTZBODExN0E1X2F1ZGlvX2Rhc2hpbml0Lm1wNBUCAsgBEgAoABgAGwKIB3VzZV9vaWwBMRJwcm9ncmVzc2l2ZV9yZWNpcGUBMRUAACagrZ6Dgcm5XhUCKAJDMywXQFZCHKwIMScYGWRhc2hfaDI2NC1iYXNpYy1nZW4yXzcyMHARAHUAZbaeAQA&_nc_gid=em3n3sBcW-sd5vciu4oodg&_nc_ss=7f289&_nc_zt=28&oh=00_AQAscve-Kh36CwD4SkLiYlqsaaxB_eKUtYeOSPhNiFQXvA&oe=6A58BE0B,https://scontent.fblr20-3.fna.fbcdn.net/v/t39.35426-6/744055656_1407810551404166_6320353893731629608_n.jpg?_nc_cat=109&ccb=1-7&_nc_sid=c53f8f&_nc_ohc=hOYTXniqZ3wQ7kNvwEggcOs&_nc_oc=Adq-K5nZU_KerZfJaDLOmQUqIOmTLRwAvCd7dbRSR71q38zcue892OOj3VCgN6RtNnFsHPu78jb46qERJQIFdzhi&_nc_zt=14&_nc_ht=scontent.fblr20-3.fna&_nc_gid=em3n3sBcW-sd5vciu4oodg&_nc_ss=7f289&oh=00_AQA822kz_mzJugj7fQpc8goVpAi-Ex7c_J_P4H2P3UpMGw&oe=6A58CD12,2026-07-16T11:18:35.000Z,2026-07-12,https://pub-893b4a6a607b4221a894bf861da7914e.r2.dev/1578508493878005.mp4
44,36,English Seekho,565574549966663,English Seekho App,,IN,1578508493878005,https://www.facebook.com/ads/library/?id=1578508493878005,2026-07-09,,false,true,2,1,1837067253920356,2026-07-09,,Fluent English bolne ka sirf ek raasta – Daily practice on English Seekho App. Start now!,English Communication strong karo aur confidence badhao,Install now,http://play.google.com/store/apps/details?id=com.bolo.android,"Facebook,Instagram,Audience Network,Messenger,Threads",Fluent English bolne ka sirf ek raasta – Daily practice on English Seekho App. Start now!,English Communication strong karo aur confidence badhao,Install now,http://play.google.com/store/apps/details?id=com.bolo.android,Video,"Facebook,Instagram,Audience Network,Messenger,Threads",1,0,9:16,https://video.fblr20-3.fna.fbcdn.net/o1/v/t2/f2/m366/AQMvgjCNNMmSGUwy8rzFFLWQTsRy5agNG_hgoJza0t6OdEQ0ineOL0UXmPfUZnfBgpgYAQ-9JnXlOzE766NXOAtClIS3mYY2DGRnKMSZsq9xLA.mp4?_nc_cat=109&_nc_oc=AdoyEUieir5CX-fooIvHvZphQuNyYqJ1VUVGb3U6eJN67dKomA3t13mjJ2jA59YOUdf9IYI5n9ZqdHUqp15k1_kM&_nc_sid=b66105&_nc_ht=video.fblr20-3.fna.fbcdn.net&_nc_ohc=J8OGmvZjkGsQ7kNvwEF_FCL&efg=eyJ2ZW5jb2RlX3RhZyI6Inhwdl9wcm9ncmVzc2l2ZS5WSV9VU0VDQVNFX1BST0RVQ1RfVFlQRS4uQzMuNzIwLmRhc2hfaDI2NC1iYXNpYy1nZW4yXzcyMHAiLCJ4cHZfYXNzZXRfaWQiOjI2NTg1MjQ2NDA0NDMwNjcyLCJhc3NldF9hZ2VfZGF5cyI6NzMsInZpX3VzZWNhc2VfaWQiOjEwMTM5LCJkdXJhdGlvbl9zIjo4OSwidXJsZ2VuX3NvdXJjZSI6Ind3dyJ9&ccb=17-1&vs=e130ae3c8ec223e7&_nc_vs=HBksFQIYRWZiX2VwaGVtZXJhbC9DRDQxOTREOTg0RTE4Qzk0QzU4MDNBQTFFNDVCNTY5MV9tdF8xX3ZpZGVvX2Rhc2hpbml0Lm1wNBUAAsgBEgAVAhhAZmJfcGVybWFuZW50LzdENDdBOUQ4QTgyMzRGODZFMDZERUQ1NTZBODExN0E1X2F1ZGlvX2Rhc2hpbml0Lm1wNBUCAsgBEgAoABgAGwKIB3VzZV9vaWwBMRJwcm9ncmVzc2l2ZV9yZWNpcGUBMRUAACagrZ6Dgcm5XhUCKAJDMywXQFZCHKwIMScYGWRhc2hfaDI2NC1iYXNpYy1nZW4yXzcyMHARAHUAZbaeAQA&_nc_gid=IyWQc0cGOq46q1YrSa0Aqw&_nc_ss=7f289&_nc_zt=28&oh=00_AQDlpeFV1nJKzPHQxR41X9PGvSS9SGtewVLbIpRNLE9j7Q&oe=6A58BE0B,https://scontent.fblr20-1.fna.fbcdn.net/v/t39.35426-6/741365876_27793794126880773_8976872649105632283_n.jpg?_nc_cat=110&ccb=1-7&_nc_sid=c53f8f&_nc_ohc=Npvz0fVA14YQ7kNvwHSQ6t3&_nc_oc=AdotDl3X7xcLzyfSNAd_kGhOTjrehLk9gB_fxdZCsw1g6qSU84ZP1f6S5bCuioScrdm49kp7UWjGnqLHGEpq8raH&_nc_zt=14&_nc_ht=scontent.fblr20-1.fna&_nc_gid=IyWQc0cGOq46q1YrSa0Aqw&_nc_ss=7f289&oh=00_AQAfN68Ns_9QU9RSxmVeC4dV6jEggFfvIQhPWs6TZRdy2g&oe=6A58B55E,2026-07-16T11:18:35.000Z,2026-07-12,
45,37,English Seekho,565574549966663,English Seekho App,,IN,871564259326574,https://www.facebook.com/ads/library/?id=871564259326574,2026-06-18,,false,false,1,0,,2026-06-18,,Fluent English bolne ka sirf ek raasta – Daily practice on English Seekho App. Start now!,English Communication strong karo aur confidence badhao,Install now,http://play.google.com/store/apps/details?id=com.bolo.android,"Facebook,Instagram,Audience Network,Messenger,Threads",Fluent English bolne ka sirf ek raasta – Daily practice on English Seekho App. Start now!,English Communication strong karo aur confidence badhao,Install now,http://play.google.com/store/apps/details?id=com.bolo.android,Video,"Facebook,Instagram,Audience Network,Messenger,Threads",1,0,9:16,https://video.fblr20-4.fna.fbcdn.net/o1/v/t2/f2/m366/AQMd3d16cqggLnaui36plxi6caubkbgoSpGR_d4OqiZZAcfKSx86RwxVgEW2qz4gaJVYyBVtzJue37Lu9ls8D9NuFvkW2gO79KSXs2Lwu_1USQ.mp4?_nc_cat=106&_nc_oc=AdqEPrv95wmTG4QXv7yszvVNQeDF6DqYJ5tVaVk0sJDvbgG9CLBg7Y7QL5gamPMBLwvOgZ7fYPeI_-3B1oLTSC0J&_nc_sid=b66105&_nc_ht=video.fblr20-4.fna.fbcdn.net&_nc_ohc=gTheZpzE9aAQ7kNvwF-S-mR&efg=eyJ2ZW5jb2RlX3RhZyI6Inhwdl9wcm9ncmVzc2l2ZS5WSV9VU0VDQVNFX1BST0RVQ1RfVFlQRS4uQzMuNzIwLmRhc2hfaDI2NC1iYXNpYy1nZW4yXzcyMHAiLCJ4cHZfYXNzZXRfaWQiOjk0NTAzODY1NTAzNDQyMSwiYXNzZXRfYWdlX2RheXMiOjQ1LCJ2aV91c2VjYXNlX2lkIjoxMDEzOSwiZHVyYXRpb25fcyI6NjIsInVybGdlbl9zb3VyY2UiOiJ3d3cifQ%3D%3D&ccb=17-1&vs=9c1246c8d09833d9&_nc_vs=HBksFQIYRWZiX2VwaGVtZXJhbC8wMDRGOUE1OTNENjQwOTZGOUQzM0VERTdDM0Q1QTk4QV9tdF8xX3ZpZGVvX2Rhc2hpbml0Lm1wNBUAAsgBEgAVAhhAZmJfcGVybWFuZW50L0ExNDE0OTc2MzYyQjNFRThFRTkwOTA5MkVDRUMxNUFBX2F1ZGlvX2Rhc2hpbml0Lm1wNBUCAsgBEgAoABgAGwKIB3VzZV9vaWwBMRJwcm9ncmVzc2l2ZV9yZWNpcGUBMRUAACbq0KjVvuCtAxUCKAJDMywXQE8qn752yLQYGWRhc2hfaDI2NC1iYXNpYy1nZW4yXzcyMHARAHUAZbaeAQA&_nc_gid=em3n3sBcW-sd5vciu4oodg&_nc_ss=7f289&_nc_zt=28&oh=00_AQBtdZHCkTtbGO1wbkmAeP1ct1_1mesvsRX5ZNbI3swsAA&oe=6A58C8F2,https://scontent.fblr20-1.fna.fbcdn.net/v/t39.35426-6/725698279_4502693806716117_7315638620630863731_n.jpg?_nc_cat=110&ccb=1-7&_nc_sid=c53f8f&_nc_ohc=wMEbvwLuM1MQ7kNvwE0ZKrj&_nc_oc=AdqQx0Vd4tabBHEUvvQ7cTWtACLh5FsLngJQ6c6BLHGy4qi0nJvg84tY4ket4Cm59bPSGeLOmrIFYS8jFXng9gMC&_nc_zt=14&_nc_ht=scontent.fblr20-1.fna&_nc_gid=em3n3sBcW-sd5vciu4oodg&_nc_ss=7f289&oh=00_AQBiQ4Y-QV7ZVqqNck2iwGMe_ApzAiEH43MTIZOaEsPr6A&oe=6A58CC91,2026-07-16T12:05:06.000Z,2026-07-12,https://pub-893b4a6a607b4221a894bf861da7914e.r2.dev/871564259326574.mp4
46,38,English Seekho,565574549966663,English Seekho App,,IN,1073974488628392,https://www.facebook.com/ads/library/?id=1073974488628392,2026-06-18,,false,false,1,0,,2026-06-18,,Fluent English bolne ka sirf ek raasta – Daily practice on English Seekho App. Start now!,English Communication strong karo aur confidence badhao,Install now,http://play.google.com/store/apps/details?id=com.bolo.android,"Facebook,Instagram,Audience Network,Messenger,Threads",Fluent English bolne ka sirf ek raasta – Daily practice on English Seekho App. Start now!,English Communication strong karo aur confidence badhao,Install now,http://play.google.com/store/apps/details?id=com.bolo.android,Video,"Facebook,Instagram,Audience Network,Messenger,Threads",1,0,9:16,https://video.fblr20-4.fna.fbcdn.net/o1/v/t2/f2/m366/AQM4WdKVpY9Q-374QOjRUnrOu6C9XXeuk4g4arApzQciPmuFGuvsjb5hNFLfK_-u9xoJ7zI6ttVSALMvGqN-Y1FpdjgJJ99nZzQPBQT6LQ6_dg.mp4?_nc_cat=101&_nc_oc=Adp9zgQvGBzitVkZk0P0dfL51sOB8ipu8a50-84kW60PfImGwaI2kowdhojTmKkj9oteiRKSCDBUq0XQOCLbY0YN&_nc_sid=b66105&_nc_ht=video.fblr20-4.fna.fbcdn.net&_nc_ohc=vMCNbraJjYgQ7kNvwEQikWX&efg=eyJ2ZW5jb2RlX3RhZyI6Inhwdl9wcm9ncmVzc2l2ZS5WSV9VU0VDQVNFX1BST0RVQ1RfVFlQRS4uQzMuNzIwLmRhc2hfaDI2NC1iYXNpYy1nZW4yXzcyMHAiLCJ4cHZfYXNzZXRfaWQiOjkwNzA2MjM4MjM2NzcxMywiYXNzZXRfYWdlX2RheXMiOjgxLCJ2aV91c2VjYXNlX2lkIjoxMDEzOSwiZHVyYXRpb25fcyI6MTI2LCJ1cmxnZW5fc291cmNlIjoid3d3In0%3D&ccb=17-1&vs=6257f89441ae1daa&_nc_vs=HBksFQIYRWZiX2VwaGVtZXJhbC80MDQ3MjNBMTEyOUYyM0RDRjY4NUU4ODFDMEVGRERCMF9tdF8xX3ZpZGVvX2Rhc2hpbml0Lm1wNBUAAsgBEgAVAhhAZmJfcGVybWFuZW50L0E2NDE1Nzk4QkMzQTU1NUY2QUZCOTE1NTY3RDU0NUFFX2F1ZGlvX2Rhc2hpbml0Lm1wNBUCAsgBEgAoABgAGwKIB3VzZV9vaWwBMRJwcm9ncmVzc2l2ZV9yZWNpcGUBMRUAACbCz7ix_b2cAxUCKAJDMywXQF-VT987ZFoYGWRhc2hfaDI2NC1iYXNpYy1nZW4yXzcyMHARAHUAZbaeAQA&_nc_gid=em3n3sBcW-sd5vciu4oodg&_nc_ss=7f289&_nc_zt=28&oh=00_AQBNgeXvHTCGOJVXDMw-e1ZJTpII6oe8V1nfXJ3P_UKAhg&oe=6A58ABFF,https://scontent.fblr20-2.fna.fbcdn.net/v/t39.35426-6/682491216_1285158680407037_8499968205509099090_n.jpg?_nc_cat=102&ccb=1-7&_nc_sid=c53f8f&_nc_ohc=wBtwE1zqYtAQ7kNvwGIZ_Wk&_nc_oc=AdrfQnhkcz26T8UbyTAN9moZrhwKhJZDg6956oN3gK5jwvlq2PuagVGLyO0uZEDY-dzD0XuTsrARYwdjeZ4hb4IQ&_nc_zt=14&_nc_ht=scontent.fblr20-2.fna&_nc_gid=em3n3sBcW-sd5vciu4oodg&_nc_ss=7f289&oh=00_AQBUvZXzitj69NMAz8GtmKcZnWiRzqw-DyY43rbAil9wAQ&oe=6A58BB52,2026-07-16T10:01:35.000Z,2026-07-12,https://pub-893b4a6a607b4221a894bf861da7914e.r2.dev/1073974488628392.mp4
47,39,English Seekho,565574549966663,English Seekho App,,IN,1005111732532270,https://www.facebook.com/ads/library/?id=1005111732532270,2026-07-05,,false,false,1,0,,2026-07-05,,Fluent English bolne ka sirf ek raasta – Daily practice on English Seekho App. Start now!,English Communication strong karo aur confidence badhao,Install now,http://play.google.com/store/apps/details?id=com.bolo.android,"Facebook,Instagram,Audience Network,Messenger,Threads",Fluent English bolne ka sirf ek raasta – Daily practice on English Seekho App. Start now!,English Communication strong karo aur confidence badhao,Install now,http://play.google.com/store/apps/details?id=com.bolo.android,Video,"Facebook,Instagram,Audience Network,Messenger,Threads",1,0,9:16,https://video.fblr20-1.fna.fbcdn.net/o1/v/t2/f2/m366/AQOAyoEOEDOwsQ9x2xYzLoiyCzKjTjE-8YZiPt-Pe-2nBeZdW8rEvjIN3zOl_7a60ZZIPHnAZ30G6NdYv34f8YMikSsBicpOdxG6iE3EvY3fyg.mp4?_nc_cat=110&_nc_oc=AdpK9CKMsnj3OPnAtODILivto3lteITiLIh-bUWIePJvX-mGRMV6jRYgFv3-DwzmNrqHvFQt_dnP1k_dRX2vlLM1&_nc_sid=b66105&_nc_ht=video.fblr20-1.fna.fbcdn.net&_nc_ohc=4PrRWBEL3YoQ7kNvwGKSQmG&efg=eyJ2ZW5jb2RlX3RhZyI6Inhwdl9wcm9ncmVzc2l2ZS5WSV9VU0VDQVNFX1BST0RVQ1RfVFlQRS4uQzMuNzIwLmRhc2hfaDI2NC1iYXNpYy1nZW4yXzcyMHAiLCJ4cHZfYXNzZXRfaWQiOjE5NzAxNTc4MTcwMjAzNzksImFzc2V0X2FnZV9kYXlzIjoxMCwidmlfdXNlY2FzZV9pZCI6MTAxMzksImR1cmF0aW9uX3MiOjE0OCwidXJsZ2VuX3NvdXJjZSI6Ind3dyJ9&ccb=17-1&vs=823fe247b13785d1&_nc_vs=HBksFQIYRWZiX2VwaGVtZXJhbC9BOTQwNzMyRTE0NTFCNTUyRjc5NTI1RTg0MTEzOEJCQ19tdF8xX3ZpZGVvX2Rhc2hpbml0Lm1wNBUAAsgBEgAVAhhAZmJfcGVybWFuZW50LzRCNEJDREUzMERDMzEyNjJEQTYyN0E2NjM0Q0Q3NTk5X2F1ZGlvX2Rhc2hpbml0Lm1wNBUCAsgBEgAoABgAGwKIB3VzZV9vaWwBMRJwcm9ncmVzc2l2ZV9yZWNpcGUBMRUAACa2_63No_b_BhUCKAJDMywXQGKRT987ZFoYGWRhc2hfaDI2NC1iYXNpYy1nZW4yXzcyMHARAHUAZbaeAQA&_nc_gid=em3n3sBcW-sd5vciu4oodg&_nc_ss=7f289&_nc_zt=28&oh=00_AQBaiY892BT5lT33rTi0FYS1E4QgHgIige2hmEGc4cBCVQ&oe=6A58AF6A,https://scontent.fblr20-5.fna.fbcdn.net/v/t39.35426-6/740169757_1626785612785372_6476665897700602517_n.jpg?_nc_cat=107&ccb=1-7&_nc_sid=c53f8f&_nc_ohc=YVpqvkpzOwIQ7kNvwGcA8N7&_nc_oc=Adp611WpMx-HMwMOXsDGnieUM0APk00y634MX7_hbrV5yEDU_qGJKYCnJCIaRUUGoE6cUc-gy2FXQ3Ue-SLTTsDt&_nc_zt=14&_nc_ht=scontent.fblr20-5.fna&_nc_gid=em3n3sBcW-sd5vciu4oodg&_nc_ss=7f289&oh=00_AQBywtCIPY_lthILKCryggNi8OLPpQvbkxrTk_vxbFC4rA&oe=6A58A37A,2026-07-16T10:16:10.000Z,2026-07-12,https://pub-893b4a6a607b4221a894bf861da7914e.r2.dev/1005111732532270.mp4
48,40,English Seekho,565574549966663,English Seekho App,,IN,883414924661759,https://www.facebook.com/ads/library/?id=883414924661759,2026-01-22,,false,false,1,0,,2026-01-22,,Fluent English bolne ka sirf ek raasta – Daily practice on English Seekho App. Start now!,English Communication strong karo aur confidence badhao,Install now,http://play.google.com/store/apps/details?id=com.bolo.android,"Facebook,Instagram,Audience Network,Messenger,Threads",Fluent English bolne ka sirf ek raasta – Daily practice on English Seekho App. Start now!,English Communication strong karo aur confidence badhao,Install now,http://play.google.com/store/apps/details?id=com.bolo.android,Video,"Facebook,Instagram,Audience Network,Messenger,Threads",1,0,9:16,https://video.fblr20-3.fna.fbcdn.net/o1/v/t2/f2/m366/AQOOVWrFhTT1onTCfpLIwJkFEdHFdzLzAS0UzD3PsDlB8QOQVuUlp50h1NC92lvGKc9eyiblWSHXE3k7lQrovlVuVK_OZ2aYiTxgZF-7WRDGkw.mp4?_nc_cat=100&_nc_oc=Ado-Fw4LBQznOM3CbXF_vmpr3fu4avBZrJGe6Vb8byerWuUrmi_Arq22xprPYE4U6uFKlFym-Ez95AOWqPI1Eu8s&_nc_sid=b66105&_nc_ht=video.fblr20-3.fna.fbcdn.net&_nc_ohc=hcJX-W4_CGkQ7kNvwHwQcqy&efg=eyJ2ZW5jb2RlX3RhZyI6Inhwdl9wcm9ncmVzc2l2ZS5WSV9VU0VDQVNFX1BST0RVQ1RfVFlQRS4uQzMuNzIwLmRhc2hfaDI2NC1iYXNpYy1nZW4yXzcyMHAiLCJ4cHZfYXNzZXRfaWQiOjMyMjk0NjAxNzA1NjYzMzYsImFzc2V0X2FnZV9kYXlzIjoyMTcsInZpX3VzZWNhc2VfaWQiOjEwMTM5LCJkdXJhdGlvbl9zIjo0NywidXJsZ2VuX3NvdXJjZSI6Ind3dyJ9&ccb=17-1&vs=6a26d7e2dbfdf566&_nc_vs=HBksFQIYRWZiX2VwaGVtZXJhbC8yRTQ1QjVBQjFFMTU5Q0IxRjlERjQ5NzBDMTdGRUU5MF9tdF8xX3ZpZGVvX2Rhc2hpbml0Lm1wNBUAAsgBEgAVAhhAZmJfcGVybWFuZW50L0RFNDk5QTYxRjkzREU2RkIyNzY3MDgwOEZDRTQwOEE3X2F1ZGlvX2Rhc2hpbml0Lm1wNBUCAsgBEgAoABgAGwKIB3VzZV9vaWwBMRJwcm9ncmVzc2l2ZV9yZWNpcGUBMRUAACaAq8Okqcu8CxUCKAJDMywXQEfAAAAAAAAYGWRhc2hfaDI2NC1iYXNpYy1nZW4yXzcyMHARAHUAZbaeAQA&_nc_gid=em3n3sBcW-sd5vciu4oodg&_nc_ss=7f289&_nc_zt=28&oh=00_AQC_Q85iCIakTt26YeceumwYAx-8Gc9cI_gob2qEFjajOQ&oe=6A58CC58,https://scontent.fblr20-1.fna.fbcdn.net/v/t39.35426-6/617598367_2100793727383106_2218100987555976007_n.jpg?_nc_cat=108&ccb=1-7&_nc_sid=c53f8f&_nc_ohc=usab58WenIMQ7kNvwG5ZA1N&_nc_oc=Adp49velqBfUXlkXDziwZaaSf9QEG1dgzaXMn_fxpYXLWf0-84Rin9mU1JtqZBXrDgHnweU-b8xgfz5C2WFFqOMz&_nc_zt=14&_nc_ht=scontent.fblr20-1.fna&_nc_gid=em3n3sBcW-sd5vciu4oodg&_nc_ss=7f289&oh=00_AQBhAPS58dUBK5SiuwPRcXuCfBPw66UHc3ik2OAKVWr7YA&oe=6A58BFED,2026-07-16T12:19:36.000Z,2026-07-12,https://pub-893b4a6a607b4221a894bf861da7914e.r2.dev/883414924661759.mp4
49,41,English Seekho,565574549966663,English Seekho App,,IN,2152508018617561,https://www.facebook.com/ads/library/?id=2152508018617561,2026-01-22,,false,false,1,0,,2026-01-22,,Fluent English bolne ka sirf ek raasta – Daily practice on English Seekho App. Start now!,English Communication strong karo aur confidence badhao,Install now,http://play.google.com/store/apps/details?id=com.bolo.android,"Facebook,Instagram,Audience Network,Messenger,Threads",Fluent English bolne ka sirf ek raasta – Daily practice on English Seekho App. Start now!,English Communication strong karo aur confidence badhao,Install now,http://play.google.com/store/apps/details?id=com.bolo.android,Video,"Facebook,Instagram,Audience Network,Messenger,Threads",1,0,9:16,https://video.fblr20-1.fna.fbcdn.net/o1/v/t2/f2/m366/AQOk9t6bUovGCH9PUUdQwtLb9bEKcOfQOLWvte0my7_Al7asZlX9crk6AZdB3tL8uTfm9qaj-5Zi0eyqfdJgpY7Mdgf-hI76lppPuoPVBWGE2g.mp4?_nc_cat=108&_nc_oc=Adpgdk3hxi8U6vANuluH_eMzS8O9pe3gLB_jnFLefan-gNJI-fFyN1UGEB0M3Z9-yOjgHTXSsGUjPfI3ZhNvO9zL&_nc_sid=b66105&_nc_ht=video.fblr20-1.fna.fbcdn.net&_nc_ohc=Nd9jrshge-sQ7kNvwH9VY3K&efg=eyJ2ZW5jb2RlX3RhZyI6Inhwdl9wcm9ncmVzc2l2ZS5WSV9VU0VDQVNFX1BST0RVQ1RfVFlQRS4uQzMuNzIwLmRhc2hfaDI2NC1iYXNpYy1nZW4yXzcyMHAiLCJ4cHZfYXNzZXRfaWQiOjE3ODI1Njk0OTkwNzUyMTAsImFzc2V0X2FnZV9kYXlzIjoxODQsInZpX3VzZWNhc2VfaWQiOjEwMTM5LCJkdXJhdGlvbl9zIjo0MiwidXJsZ2VuX3NvdXJjZSI6Ind3dyJ9&ccb=17-1&vs=cd6236b50e88652a&_nc_vs=HBksFQIYRWZiX2VwaGVtZXJhbC8zMTQzQkQ5RjhDM0EwODYxNDhBQjBCRkEzMTRDNUY5QV9tdF8xX3ZpZGVvX2Rhc2hpbml0Lm1wNBUAAsgBEgAVAhhAZmJfcGVybWFuZW50L0E5NDM2NDhERUM2MkNCRENCOEEzNjU5NTFFOURERDhGX2F1ZGlvX2Rhc2hpbml0Lm1wNBUCAsgBEgAoABgAGwKIB3VzZV9vaWwBMRJwcm9ncmVzc2l2ZV9yZWNpcGUBMRUAACaUir3cmc-qBhUCKAJDMywXQEVZmZmZmZoYGWRhc2hfaDI2NC1iYXNpYy1nZW4yXzcyMHARAHUAZbaeAQA&_nc_gid=pJnTUQ68J7VmxeoM4-VAvw&_nc_ss=7f289&_nc_zt=28&oh=00_AQDDCO-_uIfGe5wiAuFggSnPpmmpNkxkaafEkSUKS24UzA&oe=6A58CBF0,https://scontent.fblr20-4.fna.fbcdn.net/v/t39.35426-6/619130578_2298471857339844_7706837335407098005_n.jpg?_nc_cat=106&ccb=1-7&_nc_sid=c53f8f&_nc_ohc=jeVqcKEPkxUQ7kNvwF4oGhy&_nc_oc=AdpTQN1_xnKWq8II6LJjmVE_2Ev_16sgtr6YHZZE772ZFmBhgU8UoLPkCv3nClZp5Txt8U57C4YH4GtyhHcajcJl&_nc_zt=14&_nc_ht=scontent.fblr20-4.fna&_nc_gid=pJnTUQ68J7VmxeoM4-VAvw&_nc_ss=7f289&oh=00_AQB8JM44d2aFNUDKQTv1i-sFHp95nX4PhfsEPriQ6T0izA&oe=6A58A0E3,2026-07-16T12:17:52.000Z,2026-07-12,https://pub-893b4a6a607b4221a894bf861da7914e.r2.dev/2152508018617561.mp4
50,42,English Seekho,565574549966663,English Seekho App,,IN,995004486736404,https://www.facebook.com/ads/library/?id=995004486736404,2026-06-18,,false,false,1,0,,2026-06-18,,Fluent English bolne ka sirf ek raasta – Daily practice on English Seekho App. Start now!,English Communication strong karo aur confidence badhao,Install now,http://play.google.com/store/apps/details?id=com.bolo.android,"Facebook,Instagram,Audience Network,Messenger,Threads",Fluent English bolne ka sirf ek raasta – Daily practice on English Seekho App. Start now!,English Communication strong karo aur confidence badhao,Install now,http://play.google.com/store/apps/details?id=com.bolo.android,Video,"Facebook,Instagram,Audience Network,Messenger,Threads",1,0,9:16,https://video.fblr20-2.fna.fbcdn.net/o1/v/t2/f2/m366/AQMc5wD6rkWqIwAl-BTZ3pF3Pp41Qi572aRE8Ca7G1g2HV0TwUjgEzEoFAmR3MWLKzVGHRKUBjS4TRPHyWhFJ3SwyLdba9eYcw0fKeNesjgxiw.mp4?_nc_cat=102&_nc_oc=AdpRscar4vCMdp-7NKvNXvgHASg6CtyoHatkAHmRqCG8Hn0Lu632hNI8h-WELOSXeb0G2yk2cgkbV0-bdHXdeOnb&_nc_sid=b66105&_nc_ht=video.fblr20-2.fna.fbcdn.net&_nc_ohc=A1dBxYdGfzEQ7kNvwFDk6bV&efg=eyJ2ZW5jb2RlX3RhZyI6Inhwdl9wcm9ncmVzc2l2ZS5WSV9VU0VDQVNFX1BST0RVQ1RfVFlQRS4uQzMuNzE2LmRhc2hfaDI2NC1iYXNpYy1nZW4yXzcyMHAiLCJ4cHZfYXNzZXRfaWQiOjEwMzI5NzI0NTIzODkwNTEsImFzc2V0X2FnZV9kYXlzIjo0OSwidmlfdXNlY2FzZV9pZCI6MTAxMzksImR1cmF0aW9uX3MiOjY2LCJ1cmxnZW5fc291cmNlIjoid3d3In0%3D&ccb=17-1&vs=4f19af4bc3cf8e44&_nc_vs=HBksFQIYRWZiX2VwaGVtZXJhbC9DMTQ0NEIzODM2RDQ1MDczRThFRjM0QTc2OTdCMTRBQV9tdF8xX3ZpZGVvX2Rhc2hpbml0Lm1wNBUAAsgBEgAVAhhAZmJfcGVybWFuZW50LzA1NEUxNDA2MEI2MzBGOENDQThGQ0Y3MkQ4QUE2RUI0X2F1ZGlvX2Rhc2hpbml0Lm1wNBUCAsgBEgAoABgAGwKIB3VzZV9vaWwBMRJwcm9ncmVzc2l2ZV9yZWNpcGUBMRUAACb2grPB9N7VAxUCKAJDMywXQFCszMzMzM0YGWRhc2hfaDI2NC1iYXNpYy1nZW4yXzcyMHARAHUAZbaeAQA&_nc_gid=pJnTUQ68J7VmxeoM4-VAvw&_nc_ss=7f289&_nc_zt=28&oh=00_AQCB7kcDz3kUMqWLZZjcb01OFFukwBrSfRaOtgP-3e-Kog&oe=6A58C5AE,https://scontent.fblr20-2.fna.fbcdn.net/v/t39.35426-6/725839065_27130923026579788_4963518962552344316_n.jpg?_nc_cat=102&ccb=1-7&_nc_sid=c53f8f&_nc_ohc=utcZEUChCV0Q7kNvwF05AHS&_nc_oc=Adpl2RaiLNcYWBGhJ7LS_3BRrMylaXl_zk4PqUxkRUrdEy4kD71JfswIflZ5HkJKRv_sd_JxON4X-_5ZHOd4GlPu&_nc_zt=14&_nc_ht=scontent.fblr20-2.fna&_nc_gid=pJnTUQ68J7VmxeoM4-VAvw&_nc_ss=7f289&oh=00_AQBb3gFVnxLai0PGfH8XJbN-3QG2WbsIg-ua8GPBgO91JA&oe=6A58A80E,2026-07-16T11:51:10.000Z,2026-07-12,https://pub-893b4a6a607b4221a894bf861da7914e.r2.dev/995004486736404.mp4
51,43,English Seekho,565574549966663,English Seekho App,,IN,1767661237933180,https://www.facebook.com/ads/library/?id=1767661237933180,2026-06-28,,false,false,1,0,,2026-06-28,,Fluent English bolne ka sirf ek raasta – Daily practice on English Seekho App. Start now!,English Communication strong karo aur confidence badhao,Install now,http://play.google.com/store/apps/details?id=com.bolo.android,"Facebook,Instagram,Audience Network,Messenger,Threads",Fluent English bolne ka sirf ek raasta – Daily practice on English Seekho App. Start now!,English Communication strong karo aur confidence badhao,Install now,http://play.google.com/store/apps/details?id=com.bolo.android,Video,"Facebook,Instagram,Audience Network,Messenger,Threads",1,0,9:16,https://video.fblr20-3.fna.fbcdn.net/o1/v/t2/f2/m366/AQPeVdrZ3wbr3eREfZm3Alya4drnxsvhUS6uvvBzM5ihR5U_Z0_XRGZarKtXvyuxXPKAS5PAzrtHCMxT2JTFTkWx5mgWvHbhyZN2QD1Nn8a6dw.mp4?_nc_cat=105&_nc_oc=Adriy_4_IqMFDtGGwoLGkaiN8b3SBPlldJV_Oc4rfT7O6hBJWk7tPPU55m_7c6JN7wQ4FI4U3BOuT6Jpko9mPZFA&_nc_sid=b66105&_nc_ht=video.fblr20-3.fna.fbcdn.net&_nc_ohc=308UTD1BDfAQ7kNvwEP9T4e&efg=eyJ2ZW5jb2RlX3RhZyI6Inhwdl9wcm9ncmVzc2l2ZS5WSV9VU0VDQVNFX1BST0RVQ1RfVFlQRS4uQzMuNzIwLmRhc2hfaDI2NC1iYXNpYy1nZW4yXzcyMHAiLCJ4cHZfYXNzZXRfaWQiOjg4OTg0MDEwMzY3MTg2NSwiYXNzZXRfYWdlX2RheXMiOjE2LCJ2aV91c2VjYXNlX2lkIjoxMDEzOSwiZHVyYXRpb25fcyI6MTEyLCJ1cmxnZW5fc291cmNlIjoid3d3In0%3D&ccb=17-1&vs=74648f5618abb5ab&_nc_vs=HBksFQIYRWZiX2VwaGVtZXJhbC8xOTRGNEU0NkRBOUExODI4RDdGQ0E4MjY3RTM1MzNCNF9tdF8xX3ZpZGVvX2Rhc2hpbml0Lm1wNBUAAsgBEgAVAhhAZmJfcGVybWFuZW50L0RBNDgyRjMxRTVGRDU1NTU0NERGNkVFRUY1RTA0RThCX2F1ZGlvX2Rhc2hpbml0Lm1wNBUCAsgBEgAoABgAGwKIB3VzZV9vaWwBMRJwcm9ncmVzc2l2ZV9yZWNpcGUBMRUAACbyoMq0wdOUAxUCKAJDMywXQFwo9cKPXCkYGWRhc2hfaDI2NC1iYXNpYy1nZW4yXzcyMHARAHUAZbaeAQA&_nc_gid=pJnTUQ68J7VmxeoM4-VAvw&_nc_ss=7f289&_nc_zt=28&oh=00_AQDjcIdK9jlb8NmfcI98gU9s-NzdNbqb6rkaBpwlBTtn7Q&oe=6A58D523,https://scontent.fblr20-4.fna.fbcdn.net/v/t39.35426-6/733642306_1868243584339114_8326020156580317160_n.jpg?_nc_cat=103&ccb=1-7&_nc_sid=c53f8f&_nc_ohc=Fnyy7FsB8S4Q7kNvwH2iiyn&_nc_oc=AdqoNUCkbsokSyLMGyiLRlnd7PQ-uokGc3BjvH_waS4esPzmnXpn_j5G-pXus8Le76iAr0zdmQIopRhsUNGwGkfc&_nc_zt=14&_nc_ht=scontent.fblr20-4.fna&_nc_gid=pJnTUQ68J7VmxeoM4-VAvw&_nc_ss=7f289&oh=00_AQApWxxrUNe7Ri3ioWDl2a6xutAJ_qxjRcfwwDksg3tgww&oe=6A58C37E,2026-07-16T12:57:07.000Z,2026-07-12,https://pub-893b4a6a607b4221a894bf861da7914e.r2.dev/1767661237933180.mp4
52,44,English Seekho,565574549966663,English Seekho App,,IN,2152429472156703,https://www.facebook.com/ads/library/?id=2152429472156703,2026-06-19,,false,false,1,0,,2026-06-19,,Fluent English bolne ka sirf ek raasta – Daily practice on English Seekho App. Start now!,English Communication strong karo aur confidence badhao,Install now,http://play.google.com/store/apps/details?id=com.bolo.android,"Facebook,Instagram,Audience Network,Messenger,Threads",Fluent English bolne ka sirf ek raasta – Daily practice on English Seekho App. Start now!,English Communication strong karo aur confidence badhao,Install now,http://play.google.com/store/apps/details?id=com.bolo.android,Video,"Facebook,Instagram,Audience Network,Messenger,Threads",1,0,9:16,https://video.fblr20-1.fna.fbcdn.net/o1/v/t2/f2/m366/AQO5Q82hwMQl87Scn6x2VPwnMN_8_WHcJeOvaEtQUXiYjv4lZAYzAkozluISb9XDqq2YOdXFolENzSN4zTi_CZL_kH0VZRpJDiGjGarj8UHzuw.mp4?_nc_cat=108&_nc_oc=AdqvE6WiIi6ziDOc0xA9aaeVYQii-Gj6Vjtq-JkqlLBZ4rGuyE4ltTNtsEUColsK3QQUGKmevN4KG4aMf5Al3bso&_nc_sid=b66105&_nc_ht=video.fblr20-1.fna.fbcdn.net&_nc_ohc=zY5dnHqlaCoQ7kNvwHpkpe6&efg=eyJ2ZW5jb2RlX3RhZyI6Inhwdl9wcm9ncmVzc2l2ZS5WSV9VU0VDQVNFX1BST0RVQ1RfVFlQRS4uQzMuNzIwLmRhc2hfaDI2NC1iYXNpYy1nZW4yXzcyMHAiLCJ4cHZfYXNzZXRfaWQiOjEzOTYyOTA2NzIzMzk4MjAsImFzc2V0X2FnZV9kYXlzIjoyNiwidmlfdXNlY2FzZV9pZCI6MTAxMzksImR1cmF0aW9uX3MiOjE0MywidXJsZ2VuX3NvdXJjZSI6Ind3dyJ9&ccb=17-1&vs=c385b4336eda616c&_nc_vs=HBksFQIYRWZiX2VwaGVtZXJhbC9EOTQ4QUExMEE2Nzg2QkJBNDY1RDRGMDM4MkQwMDI5RV9tdF8xX3ZpZGVvX2Rhc2hpbml0Lm1wNBUAAsgBEgAVAhhAZmJfcGVybWFuZW50L0ZFNDA1QkM4RjJCRjE2NzMzOTg4Nzc0REY4NjlENzkxX2F1ZGlvX2Rhc2hpbml0Lm1wNBUCAsgBEgAoABgAGwKIB3VzZV9vaWwBMRJwcm9ncmVzc2l2ZV9yZWNpcGUBMRUAACbYrbmY6Pr6BBUCKAJDMywXQGHszMzMzM0YGWRhc2hfaDI2NC1iYXNpYy1nZW4yXzcyMHARAHUAZbaeAQA&_nc_gid=pJnTUQ68J7VmxeoM4-VAvw&_nc_ss=7f289&_nc_zt=28&oh=00_AQDJNpOH_gy2lJkZycuxL6feBy2EGZEAZ63TUcfqpZfRxg&oe=6A58BE18,https://scontent.fblr20-2.fna.fbcdn.net/v/t39.35426-6/727059419_986735207504086_2040058007425533770_n.jpg?_nc_cat=111&ccb=1-7&_nc_sid=c53f8f&_nc_ohc=6WuikSYaBfgQ7kNvwGwmtT5&_nc_oc=AdojmDoYFJb1PEhAewoeahm8Md3xQ6UZ0yDDFMRo-8brcgGCRYWE7-wmeomrkyUa-8Nwwyf32MoHkv97xhxrTjQU&_nc_zt=14&_nc_ht=scontent.fblr20-2.fna&_nc_gid=pJnTUQ68J7VmxeoM4-VAvw&_nc_ss=7f289&oh=00_AQAq_nbCyi0odfZugnvVc8F03mpE8MJcZ63Sy9N1x7i17w&oe=6A58C312,2026-07-16T11:18:48.000Z,2026-07-12,https://pub-893b4a6a607b4221a894bf861da7914e.r2.dev/2152429472156703.mp4
53,45,English Seekho,565574549966663,English Seekho App,,IN,2567796306984370,https://www.facebook.com/ads/library/?id=2567796306984370,2026-07-02,,false,true,2,0,2567796306984370,2026-07-02,,Fluent English bolne ka sirf ek raasta – Daily practice on English Seekho App. Start now!,English Communication strong karo aur confidence badhao,Install now,http://play.google.com/store/apps/details?id=com.bolo.android,"Facebook,Instagram,Audience Network,Messenger,Threads",Fluent English bolne ka sirf ek raasta – Daily practice on English Seekho App. Start now!,English Communication strong karo aur confidence badhao,Install now,http://play.google.com/store/apps/details?id=com.bolo.android,Video,"Facebook,Instagram,Audience Network,Messenger,Threads",1,0,9:16,https://video.fblr20-4.fna.fbcdn.net/o1/v/t2/f2/m366/AQMPvEmokWT6kCcHgPWkzVqLpOrU73O-LzXUlTslVsZx_IZl3ahRp8z2fxS7r3QWFCxFZUuR9I3xkukWdXA2M0WsIdNf_dgh2w8nRouunZaobA.mp4?_nc_cat=101&_nc_oc=AdqqW-SSJaBFGOdxWENiEVx3smcr-A-bhakNgmBDcsFRBomRoqpHQONNq5xpDiuKEQG4LFlKbabsYdviDhaea9et&_nc_sid=b66105&_nc_ht=video.fblr20-4.fna.fbcdn.net&_nc_ohc=5rWwCInD9zIQ7kNvwGAw94i&efg=eyJ2ZW5jb2RlX3RhZyI6Inhwdl9wcm9ncmVzc2l2ZS5WSV9VU0VDQVNFX1BST0RVQ1RfVFlQRS4uQzMuNzIwLmRhc2hfaDI2NC1iYXNpYy1nZW4yXzcyMHAiLCJ4cHZfYXNzZXRfaWQiOjE5MjY5NTA4MzQ2MDkzNTEsImFzc2V0X2FnZV9kYXlzIjoxMSwidmlfdXNlY2FzZV9pZCI6MTAxMzksImR1cmF0aW9uX3MiOjYwLCJ1cmxnZW5fc291cmNlIjoid3d3In0%3D&ccb=17-1&vs=8aade51fee70f511&_nc_vs=HBksFQIYRWZiX2VwaGVtZXJhbC9CQzQwNzg2RjJCOTRGRjEzQkNCQzBDQkIxMEUzNkE5RF9tdF8xX3ZpZGVvX2Rhc2hpbml0Lm1wNBUAAsgBEgAVAhhAZmJfcGVybWFuZW50LzE2NDAwMUY2QUVBMEY5ODlBMEE1NjEyMDhBMUQyRjlBX2F1ZGlvX2Rhc2hpbml0Lm1wNBUCAsgBEgAoABgAGwKIB3VzZV9vaWwBMRJwcm9ncmVzc2l2ZV9yZWNpcGUBMRUAACaO8_i_pqPsBhUCKAJDMywXQE4VP3ztkWgYGWRhc2hfaDI2NC1iYXNpYy1nZW4yXzcyMHARAHUAZbaeAQA&_nc_gid=pJnTUQ68J7VmxeoM4-VAvw&_nc_ss=7f289&_nc_zt=28&oh=00_AQBUFChgamjtPBa_8EwzKIEmXGbKBAaMfjBkQG7UfhCC6g&oe=6A58BDC3,https://scontent.fblr20-2.fna.fbcdn.net/v/t39.35426-6/737938498_1041419138337985_1549911906713398385_n.jpg?_nc_cat=111&ccb=1-7&_nc_sid=c53f8f&_nc_ohc=V2v23KGyj6kQ7kNvwFOn768&_nc_oc=Ado2ypR2HbzT5kDjFaVOO4u1ch6XVQiFv1X1EdIdLL3DzcnmMuTL_3pYev1Tm_4FuvReynT123JltXGLloUK-55t&_nc_zt=14&_nc_ht=scontent.fblr20-2.fna&_nc_gid=pJnTUQ68J7VmxeoM4-VAvw&_nc_ss=7f289&oh=00_AQCFvKwf3eMW_i2UdSuTdM7JKtXPf76-oj7YHFhCuXrRIQ&oe=6A58B87A,2026-07-16T11:17:23.000Z,2026-07-12,https://pub-893b4a6a607b4221a894bf861da7914e.r2.dev/2567796306984370.mp4
54,45,English Seekho,565574549966663,English Seekho App,,IN,2567796306984370,https://www.facebook.com/ads/library/?id=2567796306984370,2026-07-02,,false,true,2,1,1380227164013437,2026-07-01,,Fluent English bolne ka sirf ek raasta – Daily practice on English Seekho App. Start now!,English Communication strong karo aur confidence badhao,Install now,http://play.google.com/store/apps/details?id=com.bolo.android,"Facebook,Instagram,Audience Network,Messenger,Threads",Fluent English bolne ka sirf ek raasta – Daily practice on English Seekho App. Start now!,English Communication strong karo aur confidence badhao,Install now,http://play.google.com/store/apps/details?id=com.bolo.android,Video,"Facebook,Instagram,Audience Network,Messenger,Threads",1,0,9:16,https://video.fblr20-4.fna.fbcdn.net/o1/v/t2/f2/m366/AQMPvEmokWT6kCcHgPWkzVqLpOrU73O-LzXUlTslVsZx_IZl3ahRp8z2fxS7r3QWFCxFZUuR9I3xkukWdXA2M0WsIdNf_dgh2w8nRouunZaobA.mp4?_nc_cat=101&_nc_oc=AdqqW-SSJaBFGOdxWENiEVx3smcr-A-bhakNgmBDcsFRBomRoqpHQONNq5xpDiuKEQG4LFlKbabsYdviDhaea9et&_nc_sid=b66105&_nc_ht=video.fblr20-4.fna.fbcdn.net&_nc_ohc=5rWwCInD9zIQ7kNvwGAw94i&efg=eyJ2ZW5jb2RlX3RhZyI6Inhwdl9wcm9ncmVzc2l2ZS5WSV9VU0VDQVNFX1BST0RVQ1RfVFlQRS4uQzMuNzIwLmRhc2hfaDI2NC1iYXNpYy1nZW4yXzcyMHAiLCJ4cHZfYXNzZXRfaWQiOjE5MjY5NTA4MzQ2MDkzNTEsImFzc2V0X2FnZV9kYXlzIjoxMSwidmlfdXNlY2FzZV9pZCI6MTAxMzksImR1cmF0aW9uX3MiOjYwLCJ1cmxnZW5fc291cmNlIjoid3d3In0%3D&ccb=17-1&vs=8aade51fee70f511&_nc_vs=HBksFQIYRWZiX2VwaGVtZXJhbC9CQzQwNzg2RjJCOTRGRjEzQkNCQzBDQkIxMEUzNkE5RF9tdF8xX3ZpZGVvX2Rhc2hpbml0Lm1wNBUAAsgBEgAVAhhAZmJfcGVybWFuZW50LzE2NDAwMUY2QUVBMEY5ODlBMEE1NjEyMDhBMUQyRjlBX2F1ZGlvX2Rhc2hpbml0Lm1wNBUCAsgBEgAoABgAGwKIB3VzZV9vaWwBMRJwcm9ncmVzc2l2ZV9yZWNpcGUBMRUAACaO8_i_pqPsBhUCKAJDMywXQE4VP3ztkWgYGWRhc2hfaDI2NC1iYXNpYy1nZW4yXzcyMHARAHUAZbaeAQA&_nc_gid=M_hTwFJS5kCmDoSwkk1rnA&_nc_ss=7f289&_nc_zt=28&oh=00_AQCGFc3lUlroFVOOKK69skFBJrmbRU8IQvUbncX5s02rXA&oe=6A58BDC3,https://scontent.fblr20-5.fna.fbcdn.net/v/t39.35426-6/736493871_1537362438050866_649737778074731358_n.jpg?_nc_cat=107&ccb=1-7&_nc_sid=c53f8f&_nc_ohc=Ub_iP66dXCgQ7kNvwH898El&_nc_oc=AdpPDfNvIe_3mI6zWP-KsbXh36eapKj9fngpwMlNV9kZsHNWQJAASBuYzyhnwjH_nxhWcDL4WyheYjMdabOkSJ8k&_nc_zt=14&_nc_ht=scontent.fblr20-5.fna&_nc_gid=M_hTwFJS5kCmDoSwkk1rnA&_nc_ss=7f289&oh=00_AQAidluNn7-j_3baypZd3Ace5tG9j0pYEjomsaavwjstyQ&oe=6A58CA76,2026-07-16T11:17:23.000Z,2026-07-12,
55,46,English Seekho,565574549966663,English Seekho App,,IN,1932228970822184,https://www.facebook.com/ads/library/?id=1932228970822184,2026-07-02,,false,false,1,0,,2026-07-02,,"ঘরে বসেই ইংরেজি শিখুন!
English Seekho App-এর ইন্টারঅ্যাকটিভ লেসনের মাধ্যমে প্রতিদিন অনুশীলন করুন।",ইংরেজি কমিউনিকেশন শক্তিশালী করুন এবং আত্মবিশ্বাস বাড়ান।,Install now,http://play.google.com/store/apps/details?id=com.bolo.android,"Facebook,Instagram,Audience Network,Messenger,Threads","ঘরে বসেই ইংরেজি শিখুন!
English Seekho App-এর ইন্টারঅ্যাকটিভ লেসনের মাধ্যমে প্রতিদিন অনুশীলন করুন।",ইংরেজি কমিউনিকেশন শক্তিশালী করুন এবং আত্মবিশ্বাস বাড়ান।,Install now,http://play.google.com/store/apps/details?id=com.bolo.android,Video,"Facebook,Instagram,Audience Network,Messenger,Threads",1,0,9:16,https://video.fblr20-4.fna.fbcdn.net/o1/v/t2/f2/m366/AQPrQ-qhjHcAe4Bj5rcHHRan8Ub5Q73GrFLXiKAhnPaf6eCJsVlgxGHCUU4YRwRf75jXsmT7doMyqq4fJ2VAbibZWUyhKiRu95WUbBUSB_jHVg.mp4?_nc_cat=103&_nc_oc=Adpj4mSTElm2fUfB1kncOGYwWiB3rND0FxTY4VEB5QUOlan_1eyo2yqHG5tSY1kL5VApQz2dzM7L70APTlkkSehQ&_nc_sid=b66105&_nc_ht=video.fblr20-4.fna.fbcdn.net&_nc_ohc=U7jJyNI0m08Q7kNvwEoI8pR&efg=eyJ2ZW5jb2RlX3RhZyI6Inhwdl9wcm9ncmVzc2l2ZS5WSV9VU0VDQVNFX1BST0RVQ1RfVFlQRS4uQzMuNzIwLmRhc2hfaDI2NC1iYXNpYy1nZW4yXzcyMHAiLCJ4cHZfYXNzZXRfaWQiOjI2NjU1MDU0NzA3NTAyNjQ3LCJhc3NldF9hZ2VfZGF5cyI6MTEsInZpX3VzZWNhc2VfaWQiOjEwMTM5LCJkdXJhdGlvbl9zIjo1MCwidXJsZ2VuX3NvdXJjZSI6Ind3dyJ9&ccb=17-1&vs=2de4670fa6528ba8&_nc_vs=HBksFQIYRWZiX2VwaGVtZXJhbC8yMzQ5RkY5QjI5NTVDQjRBOTExREJERjEyODE4NTY5Q19tdF8xX3ZpZGVvX2Rhc2hpbml0Lm1wNBUAAsgBEgAVAhhAZmJfcGVybWFuZW50L0NFNEU2QUVGQTQyMjk5RjBBMTBDQzM5OTFGNTQwNzg1X2F1ZGlvX2Rhc2hpbml0Lm1wNBUCAsgBEgAoABgAGwKIB3VzZV9vaWwBMRJwcm9ncmVzc2l2ZV9yZWNpcGUBMRUAACbuuPm0sajZXhUCKAJDMywXQElQAAAAAAAYGWRhc2hfaDI2NC1iYXNpYy1nZW4yXzcyMHARAHUAZbaeAQA&_nc_gid=pJnTUQ68J7VmxeoM4-VAvw&_nc_ss=7f289&_nc_zt=28&oh=00_AQD8y6tPaLNCtqi_eYvfju3CYLrFkuZhr6JNdKnEQimZtw&oe=6A589FB1,https://scontent.fblr20-3.fna.fbcdn.net/v/t39.35426-6/738937612_1579434213807294_7780425472848322312_n.jpg?_nc_cat=109&ccb=1-7&_nc_sid=c53f8f&_nc_ohc=tyLEP7FsyRcQ7kNvwHmaXVn&_nc_oc=AdqsxnueYgj6OrILgkDFugyFbe_JkZz2ypSEX0MAeBhSCdTh-WoF0xraOEN4_-pp6gGcbFLmhiaGjWQm2FvLSGpA&_nc_zt=14&_nc_ht=scontent.fblr20-3.fna&_nc_gid=pJnTUQ68J7VmxeoM4-VAvw&_nc_ss=7f289&oh=00_AQC1Z6JuX-xQ9QBoiOHAWV1CkYAXbf9pf2iJvM5avuG-AQ&oe=6A58A25A,2026-07-16T09:09:05.000Z,2026-07-12,https://pub-893b4a6a607b4221a894bf861da7914e.r2.dev/1932228970822184.mp4
56,47,English Seekho,565574549966663,English Seekho App,,IN,1290271209672259,https://www.facebook.com/ads/library/?id=1290271209672259,2026-07-09,,false,false,1,0,,2026-07-09,,Fluent English bolne ka sirf ek raasta – Daily practice on English Seekho App. Start now!,English Communication strong karo aur confidence badhao,Install now,http://play.google.com/store/apps/details?id=com.bolo.android,"Facebook,Instagram,Audience Network,Messenger,Threads",Fluent English bolne ka sirf ek raasta – Daily practice on English Seekho App. Start now!,English Communication strong karo aur confidence badhao,Install now,http://play.google.com/store/apps/details?id=com.bolo.android,Video,"Facebook,Instagram,Audience Network,Messenger,Threads",1,0,9:16,https://video.fblr20-4.fna.fbcdn.net/o1/v/t2/f2/m366/AQO6P1Vdz6GGvg5CWYe78VTgcAVweR3pYEZRIy2Jgom0ITRSzMNigSUXyj-DXvv_6K-EHCxB6BiNO1Jev3l6RefHTJ0EjK-Q4rn77WG8K10Avg.mp4?_nc_cat=103&_nc_oc=Ado2YDt1F_TM0ZEsgS4t0OvEN7wmvP3fORfh2gFzS6xnks5bDXTVik7kNtVyfR_UxdlqE9l1PsNWHtGw6T8zr0Y1&_nc_sid=b66105&_nc_ht=video.fblr20-4.fna.fbcdn.net&_nc_ohc=k5bYc0kEqtEQ7kNvwFEulth&efg=eyJ2ZW5jb2RlX3RhZyI6Inhwdl9wcm9ncmVzc2l2ZS5WSV9VU0VDQVNFX1BST0RVQ1RfVFlQRS4uQzMuNzIwLmRhc2hfaDI2NC1iYXNpYy1nZW4yXzcyMHAiLCJ4cHZfYXNzZXRfaWQiOjk1MDEwNzY3MTM4MzAyOCwiYXNzZXRfYWdlX2RheXMiOjI2LCJ2aV91c2VjYXNlX2lkIjoxMDEzOSwiZHVyYXRpb25fcyI6NDksInVybGdlbl9zb3VyY2UiOiJ3d3cifQ%3D%3D&ccb=17-1&vs=b496b808ac7158aa&_nc_vs=HBksFQIYRWZiX2VwaGVtZXJhbC8zMTQ4MTIzNzcxNDVDNjc5MTVEM0E4ODA4NDRDOTA5NF9tdF8xX3ZpZGVvX2Rhc2hpbml0Lm1wNBUAAsgBEgAVAhhAZmJfcGVybWFuZW50LzIwNDQ1RjgwN0JCNEFBRUREQzNFMEY2NTcxOTdFNzg4X2F1ZGlvX2Rhc2hpbml0Lm1wNBUCAsgBEgAoABgAGwKIB3VzZV9vaWwBMRJwcm9ncmVzc2l2ZV9yZWNpcGUBMRUAACbor4LkxYewAxUCKAJDMywXQEiA5WBBiTcYGWRhc2hfaDI2NC1iYXNpYy1nZW4yXzcyMHARAHUAZbaeAQA&_nc_gid=pJnTUQ68J7VmxeoM4-VAvw&_nc_ss=7f289&_nc_zt=28&oh=00_AQBUXYGXUkncsSoyN9mH9oyoPOnl8cTiIZmw0Xn8v1A3BQ&oe=6A58D2E9,https://scontent.fblr20-4.fna.fbcdn.net/v/t39.35426-6/745522391_2516019602169286_3527685404465032674_n.jpg?_nc_cat=101&ccb=1-7&_nc_sid=c53f8f&_nc_ohc=T7yzTI0akTAQ7kNvwF7YdAo&_nc_oc=Adr4FBMieRkVPNUH3deVi1Ixy4yzq6Or3ZYz6r9g5RGsE_otjWbWDs99s040zSiPdtRBjCnFlMYbqwRNf5rBXKhI&_nc_zt=14&_nc_ht=scontent.fblr20-4.fna&_nc_gid=pJnTUQ68J7VmxeoM4-VAvw&_nc_ss=7f289&oh=00_AQDK6UtxhULCNVe8w_VCNDVfEzbDVniLKwtp6SalwQdDbg&oe=6A58A6A5,2026-07-16T12:47:37.000Z,2026-07-12,https://pub-893b4a6a607b4221a894bf861da7914e.r2.dev/1290271209672259.mp4
57,48,English Seekho,565574549966663,English Seekho App,,IN,1016711277501426,https://www.facebook.com/ads/library/?id=1016711277501426,2026-06-18,,false,false,1,0,,2026-06-18,,Fluent English bolne ka sirf ek raasta – Daily practice on English Seekho App. Start now!,English Communication strong karo aur confidence badhao,Install now,http://play.google.com/store/apps/details?id=com.bolo.android,"Facebook,Instagram,Audience Network,Messenger,Threads",Fluent English bolne ka sirf ek raasta – Daily practice on English Seekho App. Start now!,English Communication strong karo aur confidence badhao,Install now,http://play.google.com/store/apps/details?id=com.bolo.android,Video,"Facebook,Instagram,Audience Network,Messenger,Threads",1,0,9:16,https://video.fblr20-1.fna.fbcdn.net/o1/v/t2/f2/m366/AQNm77Za_7WhAowiHtrx7a8KEWkSA9HmZ6mwywgfGFgv5jsotb2lv6rYeb2Yf0Phwn5KUOvcJchPPTCFW1yhtZp_yt-SK4XwurM_wbq_XYGD5Q.mp4?_nc_cat=108&_nc_oc=Adq_tARbMaMP1wS_f2eAojNLIJB8bRgaXEgTnrG8vyaeag7pmJmiXvKDukJm5JpcjBRbUGQQmxKRGM09KPRwPhdz&_nc_sid=b66105&_nc_ht=video.fblr20-1.fna.fbcdn.net&_nc_ohc=8_sovOnTzJYQ7kNvwHGPdl2&efg=eyJ2ZW5jb2RlX3RhZyI6Inhwdl9wcm9ncmVzc2l2ZS5WSV9VU0VDQVNFX1BST0RVQ1RfVFlQRS4uQzMuNzIwLmRhc2hfaDI2NC1iYXNpYy1nZW4yXzcyMHAiLCJ4cHZfYXNzZXRfaWQiOjk2MDg1OTE3NjU2MTg4MiwiYXNzZXRfYWdlX2RheXMiOjUxLCJ2aV91c2VjYXNlX2lkIjoxMDEzOSwiZHVyYXRpb25fcyI6ODgsInVybGdlbl9zb3VyY2UiOiJ3d3cifQ%3D%3D&ccb=17-1&vs=ff751e63630c2c74&_nc_vs=HBksFQIYRWZiX2VwaGVtZXJhbC9CMTQ3OThCQzg0QjFDRjhGQzY5RDdBMjc0RjVGNDQ4Ql9tdF8xX3ZpZGVvX2Rhc2hpbml0Lm1wNBUAAsgBEgAVAhhAZmJfcGVybWFuZW50Lzc1NEM5MDk4NDQzQ0QzNTk1QzFCNEI3RjUxQjBFODhEX2F1ZGlvX2Rhc2hpbml0Lm1wNBUCAsgBEgAoABgAGwKIB3VzZV9vaWwBMRJwcm9ncmVzc2l2ZV9yZWNpcGUBMRUAACa0s6_ervm0AxUCKAJDMywXQFYsCDEm6XkYGWRhc2hfaDI2NC1iYXNpYy1nZW4yXzcyMHARAHUAZbaeAQA&_nc_gid=pJnTUQ68J7VmxeoM4-VAvw&_nc_ss=7f289&_nc_zt=28&oh=00_AQAgimAQLEyyTs2JKcdsJdQcjASkFAbkWj7cYV2UOTZ5hg&oe=6A58CF58,https://scontent.fblr20-3.fna.fbcdn.net/v/t39.35426-6/706002903_1283821573465320_7357379778105803831_n.jpg?_nc_cat=109&ccb=1-7&_nc_sid=c53f8f&_nc_ohc=vH6fu3rwwQ8Q7kNvwEAxQMd&_nc_oc=AdrRtSPtlhcOYW954vuRPPgB9fzKgRI3iMGOf5M59rlqKTMWJyZKV0bRhPwdymFf7sM9UDuREHjlqrFGLXySUmnP&_nc_zt=14&_nc_ht=scontent.fblr20-3.fna&_nc_gid=pJnTUQ68J7VmxeoM4-VAvw&_nc_ss=7f289&oh=00_AQCPxAxWBgscC7BxdNNdNuMcI4UTuIhWYsqsHl-wqpEGbA&oe=6A58D0B9,2026-07-16T12:32:24.000Z,2026-07-12,https://pub-893b4a6a607b4221a894bf861da7914e.r2.dev/1016711277501426.mp4
58,49,English Seekho,565574549966663,English Seekho App,,IN,3163699757156529,https://www.facebook.com/ads/library/?id=3163699757156529,2026-06-23,,false,false,1,0,,2026-06-23,,Fluent English bolne ka sirf ek raasta – Daily practice on English Seekho App. Start now!,English Communication strong karo aur confidence badhao,Install now,http://play.google.com/store/apps/details?id=com.bolo.android,"Facebook,Instagram,Audience Network,Messenger,Threads",Fluent English bolne ka sirf ek raasta – Daily practice on English Seekho App. Start now!,English Communication strong karo aur confidence badhao,Install now,http://play.google.com/store/apps/details?id=com.bolo.android,Video,"Facebook,Instagram,Audience Network,Messenger,Threads",1,0,9:16,https://video.fblr20-1.fna.fbcdn.net/o1/v/t2/f2/m366/AQNaBWsRCdL-eAUB_xoLDzYFgz_Lp4Vr77mE_zwzG4nOqZ1FS1rbpFzhakIoqDqvI5MyS408FzENw5JRUwN8dQ2kGKDUOJ2UkdpPcL869yDhAQ.mp4?_nc_cat=110&_nc_oc=AdoG8LkCfB3vvW79RAPpmgIwjaKVJ0CE6EMYFkA40wL6dRnJp6Q2vQ6QrR7zVnnkS4I2_4cpJ9xXUkIipMH7ymmF&_nc_sid=b66105&_nc_ht=video.fblr20-1.fna.fbcdn.net&_nc_ohc=lqfAbqAxSEcQ7kNvwH_KBgV&efg=eyJ2ZW5jb2RlX3RhZyI6Inhwdl9wcm9ncmVzc2l2ZS5WSV9VU0VDQVNFX1BST0RVQ1RfVFlQRS4uQzMuNzIwLmRhc2hfaDI2NC1iYXNpYy1nZW4yXzcyMHAiLCJ4cHZfYXNzZXRfaWQiOjEzOTg4MzQwMTIxNjA3MDIsImFzc2V0X2FnZV9kYXlzIjoyMSwidmlfdXNlY2FzZV9pZCI6MTAxMzksImR1cmF0aW9uX3MiOjgxLCJ1cmxnZW5fc291cmNlIjoid3d3In0%3D&ccb=17-1&vs=9edb35375bdb99de&_nc_vs=HBksFQIYRWZiX2VwaGVtZXJhbC8yMjQxN0Q2NjM4NTkxQTIyMEVEMjkzNzY0NzdCNzhBRF9tdF8xX3ZpZGVvX2Rhc2hpbml0Lm1wNBUAAsgBEgAVAhhAZmJfcGVybWFuZW50L0VFNDEyODdDMDE4OEE3RDFFOTM5QjVDQUY0M0MwRUI2X2F1ZGlvX2Rhc2hpbml0Lm1wNBUCAsgBEgAoABgAGwKIB3VzZV9vaWwBMRJwcm9ncmVzc2l2ZV9yZWNpcGUBMRUAACb8iqjG7Y78BBUCKAJDMywXQFR2RaHKwIMYGWRhc2hfaDI2NC1iYXNpYy1nZW4yXzcyMHARAHUAZbaeAQA&_nc_gid=pJnTUQ68J7VmxeoM4-VAvw&_nc_ss=7f289&_nc_zt=28&oh=00_AQD3blNS_PyZo1dmbfSfuvnkfvYRTmKp-lkaQJHOVoJU4g&oe=6A58CFA2,https://scontent.fblr20-3.fna.fbcdn.net/v/t39.35426-6/728953280_1012613037910104_8634999354777692371_n.jpg?_nc_cat=109&ccb=1-7&_nc_sid=c53f8f&_nc_ohc=AE7uBKsLSWYQ7kNvwEM0ZSX&_nc_oc=Adr4glQmMv2zFVPR6sWXXXwW2n5gv_fR7zRnrxcMTOgfa0b-uysOcwOJiMsELlQR9Mv2dJdXAQ3ZHskA_zpyUAHr&_nc_zt=14&_nc_ht=scontent.fblr20-3.fna&_nc_gid=pJnTUQ68J7VmxeoM4-VAvw&_nc_ss=7f289&oh=00_AQBwCPhZxYK1uf0-nR87XG0G1Xg2RHNFpTfffjmkXqVHug&oe=6A58B260,2026-07-16T12:33:38.000Z,2026-07-12,https://pub-893b4a6a607b4221a894bf861da7914e.r2.dev/3163699757156529.mp4
59,50,English Seekho,565574549966663,English Seekho App,,IN,1329716809342445,https://www.facebook.com/ads/library/?id=1329716809342445,2026-06-23,,false,false,1,0,,2026-06-23,,Fluent English bolne ka sirf ek raasta – Daily practice on English Seekho App. Start now!,English Communication strong karo aur confidence badhao,Install now,http://play.google.com/store/apps/details?id=com.bolo.android,"Facebook,Instagram,Audience Network,Messenger,Threads",Fluent English bolne ka sirf ek raasta – Daily practice on English Seekho App. Start now!,English Communication strong karo aur confidence badhao,Install now,http://play.google.com/store/apps/details?id=com.bolo.android,Video,"Facebook,Instagram,Audience Network,Messenger,Threads",1,0,9:16,https://video.fblr20-3.fna.fbcdn.net/o1/v/t2/f2/m366/AQNW7fwXBw0C_t26lc7p_UqLfL8VP9tOFdnmYrRpSg4Oiq7Zv5w7wer4dfxvHDDyBE7ifgeqTTdyzU3IpUuRb-Nw19VkWvSVLwkAgqXQsU8WKg.mp4?_nc_cat=100&_nc_oc=AdpaT5tDg81s-sOIGK3wYxLFp3uolB-neVSSDPqO4diUnmHoEn6oS6NjWeua3bb_rwSDhGp7E2gpMR29Tle9mtcW&_nc_sid=b66105&_nc_ht=video.fblr20-3.fna.fbcdn.net&_nc_ohc=PDpq_inxUzEQ7kNvwGFDDNA&efg=eyJ2ZW5jb2RlX3RhZyI6Inhwdl9wcm9ncmVzc2l2ZS5WSV9VU0VDQVNFX1BST0RVQ1RfVFlQRS4uQzMuNzIwLmRhc2hfaDI2NC1iYXNpYy1nZW4yXzcyMHAiLCJ4cHZfYXNzZXRfaWQiOjE2NTQ1NDkxNTU1OTI5NDcsImFzc2V0X2FnZV9kYXlzIjo1MiwidmlfdXNlY2FzZV9pZCI6MTAxMzksImR1cmF0aW9uX3MiOjg5LCJ1cmxnZW5fc291cmNlIjoid3d3In0%3D&ccb=17-1&vs=e8eae62757dad40a&_nc_vs=HBksFQIYRWZiX2VwaGVtZXJhbC81MTREQTUyRDVCRDZGN0ExNUU4RTk0RUEwOENERkZBN19tdF8xX3ZpZGVvX2Rhc2hpbml0Lm1wNBUAAsgBEgAVAhhAZmJfcGVybWFuZW50L0U5NEUwNzYwNzMxOEI5QzgwODU2OUNCQ0E1NkI0Njg3X2F1ZGlvX2Rhc2hpbml0Lm1wNBUCAsgBEgAoABgAGwKIB3VzZV9vaWwBMRJwcm9ncmVzc2l2ZV9yZWNpcGUBMRUAACbm6_Xqt7PwBRUCKAJDMywXQFZMGJN0vGoYGWRhc2hfaDI2NC1iYXNpYy1nZW4yXzcyMHARAHUAZbaeAQA&_nc_gid=7HD4uEgyItyzCjqDI1UBUA&_nc_ss=7f289&_nc_zt=28&oh=00_AQDULOirutUnd-7APdhCrN00f0Hay_CpufeB3lHoEB4eXA&oe=6A58A968,https://scontent.fblr20-5.fna.fbcdn.net/v/t39.35426-6/706965966_992362310179697_2352919011475323075_n.jpg?_nc_cat=107&ccb=1-7&_nc_sid=c53f8f&_nc_ohc=LQUR5tbssaEQ7kNvwEQBVvF&_nc_oc=AdpIQ2w4gDkjkWXDBuFBBtu62ALI3I4L2XQd-KheYiwG4zChB0zNbB0cpKAOcckdlTZXZmfM5BoblAY1Wn1H6Zs8&_nc_zt=14&_nc_ht=scontent.fblr20-5.fna&_nc_gid=7HD4uEgyItyzCjqDI1UBUA&_nc_ss=7f289&oh=00_AQAOOuVrFTOgARiWT18I3C7Qygd_5ciwqwwvYxR4oTbo2A&oe=6A58CC4F,2026-07-16T09:50:32.000Z,2026-07-12,https://pub-893b4a6a607b4221a894bf861da7914e.r2.dev/1329716809342445.mp4
60,51,English Seekho,565574549966663,English Seekho App,,IN,1466382221844827,https://www.facebook.com/ads/library/?id=1466382221844827,2026-06-28,,false,false,1,0,,2026-06-28,,Fluent English bolne ka sirf ek raasta – Daily practice on English Seekho App. Start now!,English Communication strong karo aur confidence badhao,Install now,http://play.google.com/store/apps/details?id=com.bolo.android,"Facebook,Instagram,Audience Network,Messenger,Threads",Fluent English bolne ka sirf ek raasta – Daily practice on English Seekho App. Start now!,English Communication strong karo aur confidence badhao,Install now,http://play.google.com/store/apps/details?id=com.bolo.android,Video,"Facebook,Instagram,Audience Network,Messenger,Threads",1,0,9:16,https://video.fblr20-1.fna.fbcdn.net/o1/v/t2/f2/m366/AQM6axFrTdNg2nt-Rj8TkYrS-efNA4hsoRZLPOgC2dSnK0q1npDbbM9ZUV79VTZFOZQMTER3-37SffLiRx0rZfrQ5LzjxqCuaZSivRWtJ0pToQ.mp4?_nc_cat=110&_nc_oc=AdoqQ4bMiRaW4dzoPrBx5knl4NuBayDs5QZ-_jTZZuMCBKF3JlsdIaN9XAQ6luO8IRDS94yrSqN-WE4BrAwzQp86&_nc_sid=b66105&_nc_ht=video.fblr20-1.fna.fbcdn.net&_nc_ohc=stIl55M-e2EQ7kNvwEAj0Ht&efg=eyJ2ZW5jb2RlX3RhZyI6Inhwdl9wcm9ncmVzc2l2ZS5WSV9VU0VDQVNFX1BST0RVQ1RfVFlQRS4uQzMuNzIwLmRhc2hfaDI2NC1iYXNpYy1nZW4yXzcyMHAiLCJ4cHZfYXNzZXRfaWQiOjM2MTMzNzcwODIxMzQzNjMsImFzc2V0X2FnZV9kYXlzIjoyMSwidmlfdXNlY2FzZV9pZCI6MTAxMzksImR1cmF0aW9uX3MiOjM3LCJ1cmxnZW5fc291cmNlIjoid3d3In0%3D&ccb=17-1&vs=aadbded0c7025a91&_nc_vs=HBksFQIYRWZiX2VwaGVtZXJhbC82NDQzMkM0ODY0OUJERkI4RkE3RjRCRDY0MDBCNTI4RF9tdF8xX3ZpZGVvX2Rhc2hpbml0Lm1wNBUAAsgBEgAVAhhAZmJfcGVybWFuZW50L0VFNDlFM0MxNDBBNEIxQTgwQzUwMEQ3M0FDMzFGNzg3X2F1ZGlvX2Rhc2hpbml0Lm1wNBUCAsgBEgAoABgAGwKIB3VzZV9vaWwBMRJwcm9ncmVzc2l2ZV9yZWNpcGUBMRUAACa2vdyWnZbrDBUCKAJDMywXQEL3bItDlYEYGWRhc2hfaDI2NC1iYXNpYy1nZW4yXzcyMHARAHUAZbaeAQA&_nc_gid=7HD4uEgyItyzCjqDI1UBUA&_nc_ss=7f289&_nc_zt=28&oh=00_AQBPa9TaIR4yMPXix6jkMd48DF8lttSU7Ml0izJo4I4j9A&oe=6A589F8E,https://scontent.fblr20-4.fna.fbcdn.net/v/t39.35426-6/735564250_1027194356515881_6306521507434221780_n.jpg?_nc_cat=101&ccb=1-7&_nc_sid=c53f8f&_nc_ohc=JJEbajT7_DAQ7kNvwH3Nu6X&_nc_oc=AdqKERihHR4-7UPuZIwxggeMJSp3X8dqqkIyDcsrzX9DUYSoEz8vBCdTFpuRHeFoGh3f5AKsTZgEeH1c0GU0sXK7&_nc_zt=14&_nc_ht=scontent.fblr20-4.fna&_nc_gid=7HD4uEgyItyzCjqDI1UBUA&_nc_ss=7f289&oh=00_AQDeswYYeC-y4h8qnmnZcFCxnuHUOh1_N6H1uEeOwnl98w&oe=6A58C6E2,2026-07-16T09:08:30.000Z,2026-07-12,https://pub-893b4a6a607b4221a894bf861da7914e.r2.dev/1466382221844827.mp4
61,52,English Seekho,565574549966663,English Seekho App,,IN,2710465069347261,https://www.facebook.com/ads/library/?id=2710465069347261,2026-06-28,,false,false,1,0,,2026-06-28,,"ঘরে বসেই ইংরেজি শিখুন!
English Seekho App-এর ইন্টারঅ্যাকটিভ লেসনের মাধ্যমে প্রতিদিন অনুশীলন করুন।",ইংরেজি কমিউনিকেশন শক্তিশালী করুন এবং আত্মবিশ্বাস বাড়ান।,Install now,http://play.google.com/store/apps/details?id=com.bolo.android,"Facebook,Instagram,Audience Network,Messenger,Threads","ঘরে বসেই ইংরেজি শিখুন!
English Seekho App-এর ইন্টারঅ্যাকটিভ লেসনের মাধ্যমে প্রতিদিন অনুশীলন করুন।",ইংরেজি কমিউনিকেশন শক্তিশালী করুন এবং আত্মবিশ্বাস বাড়ান।,Install now,http://play.google.com/store/apps/details?id=com.bolo.android,Video,"Facebook,Instagram,Audience Network,Messenger,Threads",1,0,9:16,https://video.fblr20-3.fna.fbcdn.net/o1/v/t2/f2/m366/AQMvXFeIrXl33FUhbFWgDFlZ7XWW7Upg8LCcWhsvxFMiJ_mPz23VOHawSuXWw49qOpwhblnuvHwo0gDmNi4ttAfrDtRf3gLV89aLOcyz-okfiA.mp4?_nc_cat=105&_nc_oc=Adr7ZtCMCPj7peLdV0WHwS7vYAW3U0DUcSXAUXaoFrWyrHvXzuvsYj-StAuQ_Qt-Q0tHP9kcGhy2tnjpopkZWoe3&_nc_sid=b66105&_nc_ht=video.fblr20-3.fna.fbcdn.net&_nc_ohc=HgTjXG6knCYQ7kNvwEcukg7&efg=eyJ2ZW5jb2RlX3RhZyI6Inhwdl9wcm9ncmVzc2l2ZS5WSV9VU0VDQVNFX1BST0RVQ1RfVFlQRS4uQzMuNzIwLmRhc2hfaDI2NC1iYXNpYy1nZW4yXzcyMHAiLCJ4cHZfYXNzZXRfaWQiOjIyMjU0OTkxMjgyMTc4NzIsImFzc2V0X2FnZV9kYXlzIjoxNiwidmlfdXNlY2FzZV9pZCI6MTAxMzksImR1cmF0aW9uX3MiOjY2LCJ1cmxnZW5fc291cmNlIjoid3d3In0%3D&ccb=17-1&vs=18e87779ec6ef1ef&_nc_vs=HBksFQIYRWZiX2VwaGVtZXJhbC81RDQwMjZBQzNDNTY3OUQzMjVDMUNEQjk3MDY5M0RBRV9tdF8xX3ZpZGVvX2Rhc2hpbml0Lm1wNBUAAsgBEgAVAhhAZmJfcGVybWFuZW50LzJBNERDMzIwMTU4RDA3NzYzMDcwOTk3QzVEMzhDQzhFX2F1ZGlvX2Rhc2hpbml0Lm1wNBUCAsgBEgAoABgAGwKIB3VzZV9vaWwBMRJwcm9ncmVzc2l2ZV9yZWNpcGUBMRUAACaghOLPjIX0BxUCKAJDMywXQFCd0vGp--cYGWRhc2hfaDI2NC1iYXNpYy1nZW4yXzcyMHARAHUAZbaeAQA&_nc_gid=7HD4uEgyItyzCjqDI1UBUA&_nc_ss=7f289&_nc_zt=28&oh=00_AQDJjH3YiHXmwKjLcMlJkRsv5HZXTG2vMk1Atfbmu9aMEw&oe=6A58A167,https://scontent.fblr20-2.fna.fbcdn.net/v/t39.35426-6/735110291_4369205873318130_9184131466094818800_n.jpg?_nc_cat=111&ccb=1-7&_nc_sid=c53f8f&_nc_ohc=RpoHEVMJKlwQ7kNvwGaP5Ut&_nc_oc=AdoRIjrlL3JczjdV8oulZc0qKKIjUBO6n1MQtXC-b49f3BJR3vR_U8482wPVslVRMT_5EtcIoHhti_Qt91RN-We3&_nc_zt=14&_nc_ht=scontent.fblr20-2.fna&_nc_gid=7HD4uEgyItyzCjqDI1UBUA&_nc_ss=7f289&oh=00_AQALoKMRXEq-6JZoymNu2sFg9vwA0IlM_tQ9jpzHJhDKtg&oe=6A58D68B,2026-07-16T09:16:23.000Z,2026-07-12,https://pub-893b4a6a607b4221a894bf861da7914e.r2.dev/2710465069347261.mp4
62,53,English Seekho,565574549966663,English Seekho App,,IN,1037885932008729,https://www.facebook.com/ads/library/?id=1037885932008729,2026-06-23,,false,false,1,0,,2026-06-23,,Fluent English bolne ka sirf ek raasta – Daily practice on English Seekho App. Start now!,English Communication strong karo aur confidence badhao,Install now,http://play.google.com/store/apps/details?id=com.bolo.android,"Facebook,Instagram,Audience Network,Messenger,Threads",Fluent English bolne ka sirf ek raasta – Daily practice on English Seekho App. Start now!,English Communication strong karo aur confidence badhao,Install now,http://play.google.com/store/apps/details?id=com.bolo.android,Video,"Facebook,Instagram,Audience Network,Messenger,Threads",1,0,9:16,https://video.fblr20-1.fna.fbcdn.net/o1/v/t2/f2/m366/AQO5Q82hwMQl87Scn6x2VPwnMN_8_WHcJeOvaEtQUXiYjv4lZAYzAkozluISb9XDqq2YOdXFolENzSN4zTi_CZL_kH0VZRpJDiGjGarj8UHzuw.mp4?_nc_cat=108&_nc_oc=AdqvE6WiIi6ziDOc0xA9aaeVYQii-Gj6Vjtq-JkqlLBZ4rGuyE4ltTNtsEUColsK3QQUGKmevN4KG4aMf5Al3bso&_nc_sid=b66105&_nc_ht=video.fblr20-1.fna.fbcdn.net&_nc_ohc=zY5dnHqlaCoQ7kNvwHpkpe6&efg=eyJ2ZW5jb2RlX3RhZyI6Inhwdl9wcm9ncmVzc2l2ZS5WSV9VU0VDQVNFX1BST0RVQ1RfVFlQRS4uQzMuNzIwLmRhc2hfaDI2NC1iYXNpYy1nZW4yXzcyMHAiLCJ4cHZfYXNzZXRfaWQiOjEzOTYyOTA2NzIzMzk4MjAsImFzc2V0X2FnZV9kYXlzIjoyNiwidmlfdXNlY2FzZV9pZCI6MTAxMzksImR1cmF0aW9uX3MiOjE0MywidXJsZ2VuX3NvdXJjZSI6Ind3dyJ9&ccb=17-1&vs=c385b4336eda616c&_nc_vs=HBksFQIYRWZiX2VwaGVtZXJhbC9EOTQ4QUExMEE2Nzg2QkJBNDY1RDRGMDM4MkQwMDI5RV9tdF8xX3ZpZGVvX2Rhc2hpbml0Lm1wNBUAAsgBEgAVAhhAZmJfcGVybWFuZW50L0ZFNDA1QkM4RjJCRjE2NzMzOTg4Nzc0REY4NjlENzkxX2F1ZGlvX2Rhc2hpbml0Lm1wNBUCAsgBEgAoABgAGwKIB3VzZV9vaWwBMRJwcm9ncmVzc2l2ZV9yZWNpcGUBMRUAACbYrbmY6Pr6BBUCKAJDMywXQGHszMzMzM0YGWRhc2hfaDI2NC1iYXNpYy1nZW4yXzcyMHARAHUAZbaeAQA&_nc_gid=7HD4uEgyItyzCjqDI1UBUA&_nc_ss=7f289&_nc_zt=28&oh=00_AQDtPn6jstvmc3JyNSUoW9A9oONuD450NNMlNy6OTCSW_Q&oe=6A58BE18,https://scontent.fblr20-1.fna.fbcdn.net/v/t39.35426-6/725634184_878652698610458_5180076374686885068_n.jpg?_nc_cat=108&ccb=1-7&_nc_sid=c53f8f&_nc_ohc=B2qexoUiQF8Q7kNvwGfazLo&_nc_oc=AdqC0ONrLCzoXWIzm2NcZ1Y94-6Jm1vCD1jIcXM0sZfm-cjOoLRY-SqvXBnwcVjg_HyawXKrEiTRziOlMKg7XazW&_nc_zt=14&_nc_ht=scontent.fblr20-1.fna&_nc_gid=7HD4uEgyItyzCjqDI1UBUA&_nc_ss=7f289&oh=00_AQCDuR7HIZjJhHPdVkLOET4xnRKV6LGAMsMUyIHaYuIdkA&oe=6A58CA0F,2026-07-16T11:18:48.000Z,2026-07-12,https://pub-893b4a6a607b4221a894bf861da7914e.r2.dev/1037885932008729.mp4
63,54,English Seekho,565574549966663,English Seekho App,,IN,2201883133941569,https://www.facebook.com/ads/library/?id=2201883133941569,2026-06-18,,false,false,1,0,,2026-06-18,,Fluent English bolne ka sirf ek raasta – Daily practice on English Seekho App. Start now!,English Communication strong karo aur confidence badhao,Install now,http://play.google.com/store/apps/details?id=com.bolo.android,"Facebook,Instagram,Audience Network,Messenger,Threads",Fluent English bolne ka sirf ek raasta – Daily practice on English Seekho App. Start now!,English Communication strong karo aur confidence badhao,Install now,http://play.google.com/store/apps/details?id=com.bolo.android,Video,"Facebook,Instagram,Audience Network,Messenger,Threads",1,0,9:16,https://video.fblr20-1.fna.fbcdn.net/o1/v/t2/f2/m366/AQMa2PvlUBP6mHxT5uqj0W3lahYMT0QAhMzsA5BdoSeaZYsdZT9_BpAn7iuhPmvFHeHgfYoZbmv9nG3sj8kf2nbfC70Cyf0CUNGWWdht7wdIjw.mp4?_nc_cat=110&_nc_oc=AdoMAaVnt9gbiDkL6ZgKjEV1MW-RQnxFvO529scOf36GUaYa9Vmd03cgzHOZ0-OzYhKybIABUfyJMqSHQTngR5a6&_nc_sid=b66105&_nc_ht=video.fblr20-1.fna.fbcdn.net&_nc_ohc=1n350YamXGMQ7kNvwGJWdiX&efg=eyJ2ZW5jb2RlX3RhZyI6Inhwdl9wcm9ncmVzc2l2ZS5WSV9VU0VDQVNFX1BST0RVQ1RfVFlQRS4uQzMuNzIwLmRhc2hfaDI2NC1iYXNpYy1nZW4yXzcyMHAiLCJ4cHZfYXNzZXRfaWQiOjEyODA5NDQwNzQxOTE4NDksImFzc2V0X2FnZV9kYXlzIjo1OCwidmlfdXNlY2FzZV9pZCI6MTAxMzksImR1cmF0aW9uX3MiOjEwNSwidXJsZ2VuX3NvdXJjZSI6Ind3dyJ9&ccb=17-1&vs=d1a7a167920c5a15&_nc_vs=HBksFQIYRWZiX2VwaGVtZXJhbC8yRTRCRERBQjI1MTE5MkI2Nzc4OUQ5MEE0NjNDQThCQV9tdF8xX3ZpZGVvX2Rhc2hpbml0Lm1wNBUAAsgBEgAVAhhAZmJfcGVybWFuZW50L0Y5NDI0NzMzOTUxNkUxMzhGODFFMEZDRDY0QTFEMTk1X2F1ZGlvX2Rhc2hpbml0Lm1wNBUCAsgBEgAoABgAGwKIB3VzZV9vaWwBMRJwcm9ncmVzc2l2ZV9yZWNpcGUBMRUAACbSz6eI4cDGBBUCKAJDMywXQFpEOVgQYk4YGWRhc2hfaDI2NC1iYXNpYy1nZW4yXzcyMHARAHUAZbaeAQA&_nc_gid=7HD4uEgyItyzCjqDI1UBUA&_nc_ss=7f289&_nc_zt=28&oh=00_AQDTbY38v_RWyOjDlSjAU1iBFSkBtlHihVL3-Usb_byaDw&oe=6A58B66A,https://scontent.fblr20-1.fna.fbcdn.net/v/t39.35426-6/722306203_984726251075264_6458120093923165547_n.jpg?_nc_cat=110&ccb=1-7&_nc_sid=c53f8f&_nc_ohc=PFvkcYrwJXEQ7kNvwFe6cUe&_nc_oc=Adpy79R-cwqxs3J2W6q2XDtXJyJ8BxDe7f35zC9s_cqtn0vTLQMl0NEcIbPSkq2aeRyAOG2ZBolTgVGfer8LPJbu&_nc_zt=14&_nc_ht=scontent.fblr20-1.fna&_nc_gid=7HD4uEgyItyzCjqDI1UBUA&_nc_ss=7f289&oh=00_AQA-3vP2JgqNKxay5YjxSVc0VAKSrwuBvwP0RdnPzv92_w&oe=6A58A559,2026-07-16T10:46:02.000Z,2026-07-12,https://pub-893b4a6a607b4221a894bf861da7914e.r2.dev/2201883133941569.mp4
64,55,English Seekho,565574549966663,English Seekho App,,IN,1018848650896202,https://www.facebook.com/ads/library/?id=1018848650896202,2026-06-28,,false,false,1,0,,2026-06-28,,Fluent English bolne ka sirf ek raasta – Daily practice on English Seekho App. Start now!,English Communication strong karo aur confidence badhao,Install now,http://play.google.com/store/apps/details?id=com.bolo.android,"Facebook,Instagram,Audience Network,Messenger,Threads",Fluent English bolne ka sirf ek raasta – Daily practice on English Seekho App. Start now!,English Communication strong karo aur confidence badhao,Install now,http://play.google.com/store/apps/details?id=com.bolo.android,Video,"Facebook,Instagram,Audience Network,Messenger,Threads",1,0,9:16,https://video.fblr20-4.fna.fbcdn.net/o1/v/t2/f2/m366/AQPQdh7_K3UsnLNIW3FvJrieV3zGDX-PvvVFW8G89_z8ftP-4DZnS0kvrtU4_ze4mUAqw43qWph8LrDbtfSj2GfSPJd2Yskfdiq-kK3k2ZQAgA.mp4?_nc_cat=103&_nc_oc=Adr2RBhhd4bKEIRXHylO1FGVdfJrom0IombGR7za4d_GrxkW2RJJ53vUvqwp2YnYe7_E1HdqO2BameuPN6JXYFnQ&_nc_sid=b66105&_nc_ht=video.fblr20-4.fna.fbcdn.net&_nc_ohc=moepimG0EmEQ7kNvwE4nJJi&efg=eyJ2ZW5jb2RlX3RhZyI6Inhwdl9wcm9ncmVzc2l2ZS5WSV9VU0VDQVNFX1BST0RVQ1RfVFlQRS4uQzMuNzIwLmRhc2hfaDI2NC1iYXNpYy1nZW4yXzcyMHAiLCJ4cHZfYXNzZXRfaWQiOjE3MzAyNTcyMTg0MjEyMDMsImFzc2V0X2FnZV9kYXlzIjoxNiwidmlfdXNlY2FzZV9pZCI6MTAxMzksImR1cmF0aW9uX3MiOjczLCJ1cmxnZW5fc291cmNlIjoid3d3In0%3D&ccb=17-1&vs=4fd1dd898537f09f&_nc_vs=HBksFQIYRWZiX2VwaGVtZXJhbC83ODQ5M0MxNUUyQzIzNzY3QzE5RURDREE4MjBEQTRBN19tdF8xX3ZpZGVvX2Rhc2hpbml0Lm1wNBUAAsgBEgAVAhhAZmJfcGVybWFuZW50LzIwNDlCNEZFRTBBODVCNEIzRkRCOTg3NDc5QzA3MThEX2F1ZGlvX2Rhc2hpbml0Lm1wNBUCAsgBEgAoABgAGwKIB3VzZV9vaWwBMRJwcm9ncmVzc2l2ZV9yZWNpcGUBMRUAACamh_7tnOqSBhUCKAJDMywXQFJ_XCj1wo8YGWRhc2hfaDI2NC1iYXNpYy1nZW4yXzcyMHARAHUAZbaeAQA&_nc_gid=7HD4uEgyItyzCjqDI1UBUA&_nc_ss=7f289&_nc_zt=28&oh=00_AQBLVpK_TC379Vi3dFLiUqL-rvyH5ZTdg_uWU6K1HMAvWw&oe=6A58BA25,https://scontent.fblr20-4.fna.fbcdn.net/v/t39.35426-6/733911781_1748415719484119_1777111529239846911_n.jpg?_nc_cat=106&ccb=1-7&_nc_sid=c53f8f&_nc_ohc=yXqePy-TWVUQ7kNvwEICN7y&_nc_oc=AdquoZdzxUJIYPYGj-dMvzOr-otT0GDJZTrXI3lbKJ5I6uZiLk2MR6m_-4m0JaywQdtaJ_APqViZiFO85wrGehfn&_nc_zt=14&_nc_ht=scontent.fblr20-4.fna&_nc_gid=7HD4uEgyItyzCjqDI1UBUA&_nc_ss=7f289&oh=00_AQAUv2pRjsUH_tdSFCqJHIxmQP_DBSdopdz31QS6gM7khA&oe=6A58B2D2,2026-07-16T11:01:57.000Z,2026-07-12,https://pub-893b4a6a607b4221a894bf861da7914e.r2.dev/1018848650896202.mp4
65,56,English Seekho,565574549966663,English Seekho App,,IN,1745554799947259,https://www.facebook.com/ads/library/?id=1745554799947259,2026-06-24,,false,false,1,0,,2026-06-24,,Fluent English bolne ka sirf ek raasta – Daily practice on English Seekho App. Start now!,English Communication strong karo aur confidence badhao,Install now,http://play.google.com/store/apps/details?id=com.bolo.android,"Facebook,Instagram,Audience Network,Messenger,Threads",Fluent English bolne ka sirf ek raasta – Daily practice on English Seekho App. Start now!,English Communication strong karo aur confidence badhao,Install now,http://play.google.com/store/apps/details?id=com.bolo.android,Video,"Facebook,Instagram,Audience Network,Messenger,Threads",1,0,9:16,https://video.fblr20-3.fna.fbcdn.net/o1/v/t2/f2/m366/AQPPIPsvHWoP2eQpBU70Byzm0WxqUiWK3QbBCoZZlAIARHS0saDJJ-vFlmhpkAPQGNdRN0LgFOocMpML1kB58F_KhnSLrfEp6U6giZzA8HhNNA.mp4?_nc_cat=109&_nc_oc=AdrYfm7atP6WkSDYgwopOw5OcjfGbWNp0UlauQ-eEOLPXLreLZCdysaxOaUnXDDYzgrmggIN9LVm9Pp4pITD7Og_&_nc_sid=b66105&_nc_ht=video.fblr20-3.fna.fbcdn.net&_nc_ohc=gSfQukvrU50Q7kNvwGX5sRd&efg=eyJ2ZW5jb2RlX3RhZyI6Inhwdl9wcm9ncmVzc2l2ZS5WSV9VU0VDQVNFX1BST0RVQ1RfVFlQRS4uQzMuNzIwLmRhc2hfaDI2NC1iYXNpYy1nZW4yXzcyMHAiLCJ4cHZfYXNzZXRfaWQiOjkwNzYzMTExNTM1NDkzMiwiYXNzZXRfYWdlX2RheXMiOjExNSwidmlfdXNlY2FzZV9pZCI6MTAxMzksImR1cmF0aW9uX3MiOjkwLCJ1cmxnZW5fc291cmNlIjoid3d3In0%3D&ccb=17-1&vs=f8cf6fda6294ecc0&_nc_vs=HBksFQIYRWZiX2VwaGVtZXJhbC9ENDQyRkNFNDVGMzE0OTJDOThGOTc0OTE2NjFFNkM5QV9tdF8xX3ZpZGVvX2Rhc2hpbml0Lm1wNBUAAsgBEgAVAhhAZmJfcGVybWFuZW50LzQxNDZGNzBCREJEMEI4OUU2Njk5NjBDREIxMTA4NUEyX2F1ZGlvX2Rhc2hpbml0Lm1wNBUCAsgBEgAoABgAGwKIB3VzZV9vaWwBMRJwcm9ncmVzc2l2ZV9yZWNpcGUBMRUAACbojL7jit-cAxUCKAJDMywXQFad0vGp--cYGWRhc2hfaDI2NC1iYXNpYy1nZW4yXzcyMHARAHUAZbaeAQA&_nc_gid=7HD4uEgyItyzCjqDI1UBUA&_nc_ss=7f289&_nc_zt=28&oh=00_AQCTIevuWWUywfQzM96GJVIlhtdImnayd5LJ7cvNZ4x9kg&oe=6A58D687,https://scontent.fblr20-1.fna.fbcdn.net/v/t39.35426-6/729991842_697372263471448_1125261437518366987_n.jpg?_nc_cat=110&ccb=1-7&_nc_sid=c53f8f&_nc_ohc=QUJ2ClOVuy8Q7kNvwEEcacG&_nc_oc=AdoU_8h7uIzyKVL0QDwUgZ0XFzZAllzR9jTgOPMpgrjsPd8VGTz8I7Ymt8DbUY4U-wLJadSyfExehbCi23uwU8uQ&_nc_zt=14&_nc_ht=scontent.fblr20-1.fna&_nc_gid=7HD4uEgyItyzCjqDI1UBUA&_nc_ss=7f289&oh=00_AQDpoL9IRUdX4IhpvQ7wshpftmLICzrOu2tHFhqvG03alQ&oe=6A58A4FD,2026-07-16T13:03:03.000Z,2026-07-12,https://pub-893b4a6a607b4221a894bf861da7914e.r2.dev/1745554799947259.mp4
66,57,English Seekho,565574549966663,English Seekho App,,IN,1193274679606735,https://www.facebook.com/ads/library/?id=1193274679606735,2026-06-28,,false,true,2,0,1193274679606735,2026-06-28,,Fluent English bolne ka sirf ek raasta – Daily practice on English Seekho App. Start now!,English Communication strong karo aur confidence badhao,Install now,http://play.google.com/store/apps/details?id=com.bolo.android,"Facebook,Instagram,Audience Network,Messenger,Threads",Fluent English bolne ka sirf ek raasta – Daily practice on English Seekho App. Start now!,English Communication strong karo aur confidence badhao,Install now,http://play.google.com/store/apps/details?id=com.bolo.android,Video,"Facebook,Instagram,Audience Network,Messenger,Threads",1,0,9:16,https://video.fblr20-1.fna.fbcdn.net/o1/v/t2/f2/m366/AQP5sy8utAeMe5LRSeIlx5tbcGdUmJ1PFsDXu8f7fBwn0UdVAk0KVW2h3HrTXKGecfbZG21bteosmDEGd-6KfR7UfdMychMVjb5H-Kvp0lz9tg.mp4?_nc_cat=110&_nc_oc=AdotUvHgSgUp3qskvXBZctcAKWnw5O6KjJZ_E_PnNZVGUskUDsIB6YOIpCPhYNWKQ7SkokAOlXu9y23bO-WoEHLr&_nc_sid=b66105&_nc_ht=video.fblr20-1.fna.fbcdn.net&_nc_ohc=VFMrB3ReK60Q7kNvwEcGQIh&efg=eyJ2ZW5jb2RlX3RhZyI6Inhwdl9wcm9ncmVzc2l2ZS5WSV9VU0VDQVNFX1BST0RVQ1RfVFlQRS4uQzMuNzIwLmRhc2hfaDI2NC1iYXNpYy1nZW4yXzcyMHAiLCJ4cHZfYXNzZXRfaWQiOjE2NTE0NTYyODMzNzQ0ODgsImFzc2V0X2FnZV9kYXlzIjoxNiwidmlfdXNlY2FzZV9pZCI6MTAxMzksImR1cmF0aW9uX3MiOjE1NywidXJsZ2VuX3NvdXJjZSI6Ind3dyJ9&ccb=17-1&vs=64331fc79f757354&_nc_vs=HBksFQIYRWZiX2VwaGVtZXJhbC8xMzQzMzFBQjYwMDQ2NjlFRDlCODEzMTdBRjJENjNCMF9tdF8xX3ZpZGVvX2Rhc2hpbml0Lm1wNBUAAsgBEgAVAhhAZmJfcGVybWFuZW50L0MxNEU3Rjg1MDlFNUUwMkM0RDFEQUI3QzAzQzE2MTg4X2F1ZGlvX2Rhc2hpbml0Lm1wNBUCAsgBEgAoABgAGwKIB3VzZV9vaWwBMRJwcm9ncmVzc2l2ZV9yZWNpcGUBMRUAACawzo-StP_uBRUCKAJDMywXQGO0QYk3S8cYGWRhc2hfaDI2NC1iYXNpYy1nZW4yXzcyMHARAHUAZbaeAQA&_nc_gid=7HD4uEgyItyzCjqDI1UBUA&_nc_ss=7f289&_nc_zt=28&oh=00_AQCsl0uErh1Q0pGwait77vbenEeu_KMSQuuE-AaP8IwuUA&oe=6A58B34A,https://scontent.fblr20-2.fna.fbcdn.net/v/t39.35426-6/733471447_1940618586654466_1868719619842417915_n.jpg?_nc_cat=104&ccb=1-7&_nc_sid=c53f8f&_nc_ohc=X_UNSR8b2D4Q7kNvwF8Mpb4&_nc_oc=AdoIVn922cnZFUSGImmnSSox_Ns7Dgo_ehISRfUSxyr2vVpv1181lP5UqYbtxxlaF6qOvlDke-O2u8nsptkHxHKz&_nc_zt=14&_nc_ht=scontent.fblr20-2.fna&_nc_gid=7HD4uEgyItyzCjqDI1UBUA&_nc_ss=7f289&oh=00_AQAT6Vk7k-UVwITmqTvx3f7_gXBdKMMh9wrvDox9_meI6A&oe=6A58D1CB,2026-07-16T10:32:42.000Z,2026-07-12,https://pub-893b4a6a607b4221a894bf861da7914e.r2.dev/1193274679606735.mp4
67,57,English Seekho,565574549966663,English Seekho App,,IN,1193274679606735,https://www.facebook.com/ads/library/?id=1193274679606735,2026-06-28,,false,true,2,1,1336468531213755,2026-06-28,,Fluent English bolne ka sirf ek raasta – Daily practice on English Seekho App. Start now!,English Communication strong karo aur confidence badhao,Install now,http://play.google.com/store/apps/details?id=com.bolo.android,"Facebook,Instagram,Audience Network,Messenger,Threads",Fluent English bolne ka sirf ek raasta – Daily practice on English Seekho App. Start now!,English Communication strong karo aur confidence badhao,Install now,http://play.google.com/store/apps/details?id=com.bolo.android,Video,"Facebook,Instagram,Audience Network,Messenger,Threads",1,0,9:16,https://video.fblr20-1.fna.fbcdn.net/o1/v/t2/f2/m366/AQP5sy8utAeMe5LRSeIlx5tbcGdUmJ1PFsDXu8f7fBwn0UdVAk0KVW2h3HrTXKGecfbZG21bteosmDEGd-6KfR7UfdMychMVjb5H-Kvp0lz9tg.mp4?_nc_cat=110&_nc_oc=AdotUvHgSgUp3qskvXBZctcAKWnw5O6KjJZ_E_PnNZVGUskUDsIB6YOIpCPhYNWKQ7SkokAOlXu9y23bO-WoEHLr&_nc_sid=b66105&_nc_ht=video.fblr20-1.fna.fbcdn.net&_nc_ohc=VFMrB3ReK60Q7kNvwEcGQIh&efg=eyJ2ZW5jb2RlX3RhZyI6Inhwdl9wcm9ncmVzc2l2ZS5WSV9VU0VDQVNFX1BST0RVQ1RfVFlQRS4uQzMuNzIwLmRhc2hfaDI2NC1iYXNpYy1nZW4yXzcyMHAiLCJ4cHZfYXNzZXRfaWQiOjE2NTE0NTYyODMzNzQ0ODgsImFzc2V0X2FnZV9kYXlzIjoxNiwidmlfdXNlY2FzZV9pZCI6MTAxMzksImR1cmF0aW9uX3MiOjE1NywidXJsZ2VuX3NvdXJjZSI6Ind3dyJ9&ccb=17-1&vs=64331fc79f757354&_nc_vs=HBksFQIYRWZiX2VwaGVtZXJhbC8xMzQzMzFBQjYwMDQ2NjlFRDlCODEzMTdBRjJENjNCMF9tdF8xX3ZpZGVvX2Rhc2hpbml0Lm1wNBUAAsgBEgAVAhhAZmJfcGVybWFuZW50L0MxNEU3Rjg1MDlFNUUwMkM0RDFEQUI3QzAzQzE2MTg4X2F1ZGlvX2Rhc2hpbml0Lm1wNBUCAsgBEgAoABgAGwKIB3VzZV9vaWwBMRJwcm9ncmVzc2l2ZV9yZWNpcGUBMRUAACawzo-StP_uBRUCKAJDMywXQGO0QYk3S8cYGWRhc2hfaDI2NC1iYXNpYy1nZW4yXzcyMHARAHUAZbaeAQA&_nc_gid=e7LZfEEcZ91OpAQbplX9cw&_nc_ss=7f289&_nc_zt=28&oh=00_AQAixsAx7TBdF1gc-CA-GV4pQ1ZjrMMILn55_3TP_7LUaQ&oe=6A58B34A,https://scontent.fblr20-3.fna.fbcdn.net/v/t39.35426-6/734747358_1062895112936454_2141776266597239920_n.jpg?_nc_cat=105&ccb=1-7&_nc_sid=c53f8f&_nc_ohc=7MSK13-ZyeUQ7kNvwGNw88l&_nc_oc=AdpknjQmW-gSn6DKldCmOupK90QRVPywkHaeBmmIb6fMX5rhY8r7rITtTnZxzVtg_h6AYFc2DuesDUOSj4sLCRpH&_nc_zt=14&_nc_ht=scontent.fblr20-3.fna&_nc_gid=e7LZfEEcZ91OpAQbplX9cw&_nc_ss=7f289&oh=00_AQB-5PS9YJoKRaMYyb0YJegwOwh1NoaEZE2wZpV89RJRfw&oe=6A58C688,2026-07-16T10:32:42.000Z,2026-07-12,
68,58,English Seekho,565574549966663,English Seekho App,,IN,1014900067589638,https://www.facebook.com/ads/library/?id=1014900067589638,2026-06-24,,false,false,1,0,,2026-06-24,,Fluent English bolne ka sirf ek raasta – Daily practice on English Seekho App. Start now!,English Communication strong karo aur confidence badhao,Install now,http://play.google.com/store/apps/details?id=com.bolo.android,"Facebook,Instagram,Audience Network,Messenger,Threads",Fluent English bolne ka sirf ek raasta – Daily practice on English Seekho App. Start now!,English Communication strong karo aur confidence badhao,Install now,http://play.google.com/store/apps/details?id=com.bolo.android,Video,"Facebook,Instagram,Audience Network,Messenger,Threads",1,0,9:16,https://video.fblr20-2.fna.fbcdn.net/o1/v/t2/f2/m366/AQOOcvlNWEc5i5cikGN7HnPUhXTW9o2qTMdI3XA12Q0t-s0NZK7PZekt5GQ1g9T0bJ4zfuJWwHXRy-mKmTCPF0RfydsMKC2eKuIGXPLYNczoKw.mp4?_nc_cat=104&_nc_oc=AdpWqDetHiH5HHgcaptPN4HHdWFdjOK9IYVd-lXkjgBlvAgIR4jSAaaM2nf4VKyFGZMeXuFiYapmWsW6MQklBzUx&_nc_sid=b66105&_nc_ht=video.fblr20-2.fna.fbcdn.net&_nc_ohc=xRaS7jbxrPMQ7kNvwH0ZsA3&efg=eyJ2ZW5jb2RlX3RhZyI6Inhwdl9wcm9ncmVzc2l2ZS5WSV9VU0VDQVNFX1BST0RVQ1RfVFlQRS4uQzMuNzIwLmRhc2hfaDI2NC1iYXNpYy1nZW4yXzcyMHAiLCJ4cHZfYXNzZXRfaWQiOjE2NTE1MTQxNjYwNTExOTAsImFzc2V0X2FnZV9kYXlzIjoxMjUsInZpX3VzZWNhc2VfaWQiOjEwMTM5LCJkdXJhdGlvbl9zIjoxNDYsInVybGdlbl9zb3VyY2UiOiJ3d3cifQ%3D%3D&ccb=17-1&vs=9248ae222515ab05&_nc_vs=HBksFQIYRWZiX2VwaGVtZXJhbC9FMzRCQzY5OEVDMjcxQjI2MjMwN0IyMUM5QzQxOTNBMl9tdF8xX3ZpZGVvX2Rhc2hpbml0Lm1wNBUAAsgBEgAVAhhAZmJfcGVybWFuZW50LzRGNDUyMjJDMTdDREVBQTk0MDk2MEY1NDZBODE4RkIyX2F1ZGlvX2Rhc2hpbml0Lm1wNBUCAsgBEgAoABgAGwKIB3VzZV9vaWwBMRJwcm9ncmVzc2l2ZV9yZWNpcGUBMRUAACbshayz44LvBRUCKAJDMywXQGJd2yLQ5WAYGWRhc2hfaDI2NC1iYXNpYy1nZW4yXzcyMHARAHUAZbaeAQA&_nc_gid=7HD4uEgyItyzCjqDI1UBUA&_nc_ss=7f289&_nc_zt=28&oh=00_AQDKlXilPBc8b_uz_NROUBW51n8MxgOUQCKQW9_fmXLwAg&oe=6A58AFA4,https://scontent.fblr20-4.fna.fbcdn.net/v/t39.35426-6/732463961_2024292114849480_6388742189543584988_n.jpg?_nc_cat=103&ccb=1-7&_nc_sid=c53f8f&_nc_ohc=qPEQzU3C0BUQ7kNvwFriZmo&_nc_oc=Adon3YUoWJKkbe0u83IYupnAaQBYBz9ZPs67IVNd8Xl1aQi8hfDFxZVxebSZqoyCRG4mc5oAEBD5Q1O8auta8_H1&_nc_zt=14&_nc_ht=scontent.fblr20-4.fna&_nc_gid=7HD4uEgyItyzCjqDI1UBUA&_nc_ss=7f289&oh=00_AQAr_ryFSR7tCJ14PSBSLbiOejb0ymCWSdUBbnS9JhoYCg&oe=6A58BF76,2026-07-16T10:17:08.000Z,2026-07-12,https://pub-893b4a6a607b4221a894bf861da7914e.r2.dev/1014900067589638.mp4
69,59,English Seekho,565574549966663,English Seekho App,,IN,1223700476600723,https://www.facebook.com/ads/library/?id=1223700476600723,2026-01-22,,false,false,1,0,,2026-01-22,,Fluent English bolne ka sirf ek raasta – Daily practice on English Seekho App. Start now!,English Communication strong karo aur confidence badhao,Install now,http://play.google.com/store/apps/details?id=com.bolo.android,"Facebook,Instagram,Audience Network,Messenger,Threads",Fluent English bolne ka sirf ek raasta – Daily practice on English Seekho App. Start now!,English Communication strong karo aur confidence badhao,Install now,http://play.google.com/store/apps/details?id=com.bolo.android,Video,"Facebook,Instagram,Audience Network,Messenger,Threads",1,0,9:16,https://video.fblr20-3.fna.fbcdn.net/o1/v/t2/f2/m366/AQMsgP0lqqwS_r9o0mpx5AE90C4dw-TlAoT3nzgJpx78fcPqHx_Xq5Vh92oMep3uquszHSrnAYMQzrF8-lPi9ZtA_xFsy83Sp70NGVDMKxAg1Q.mp4?_nc_cat=105&_nc_oc=Adp943_-ZCZM5fOi4_FnWK3IjP1_qecdP0YxoFjzVkNuAzJiZdlTkxERxckvceH8zbakXJZv_tHhaC4vqAeh-cux&_nc_sid=b66105&_nc_ht=video.fblr20-3.fna.fbcdn.net&_nc_ohc=E4QmEzV4wKUQ7kNvwELL77D&efg=eyJ2ZW5jb2RlX3RhZyI6Inhwdl9wcm9ncmVzc2l2ZS5WSV9VU0VDQVNFX1BST0RVQ1RfVFlQRS4uQzMuNzIwLmRhc2hfaDI2NC1iYXNpYy1nZW4yXzcyMHAiLCJ4cHZfYXNzZXRfaWQiOjg3NDkzMzUyMTc4NzU1NCwiYXNzZXRfYWdlX2RheXMiOjE5NywidmlfdXNlY2FzZV9pZCI6MTAxMzksImR1cmF0aW9uX3MiOjQ5LCJ1cmxnZW5fc291cmNlIjoid3d3In0%3D&ccb=17-1&vs=67b9cc6da13ef353&_nc_vs=HBksFQIYRWZiX2VwaGVtZXJhbC9DRDQzQkU2QjM0NUU3RDUxRkM5M0JGMkIzNTNCMkZBQ19tdF8xX3ZpZGVvX2Rhc2hpbml0Lm1wNBUAAsgBEgAVAhhAZmJfcGVybWFuZW50L0EzNDg3RTJGNTU2MTcxMEY5MUIwQTZDRDYyMDcyNjg3X2F1ZGlvX2Rhc2hpbml0Lm1wNBUCAsgBEgAoABgAGwKIB3VzZV9vaWwBMRJwcm9ncmVzc2l2ZV9yZWNpcGUBMRUAACbEqqXc6u-NAxUCKAJDMywXQEjan752yLQYGWRhc2hfaDI2NC1iYXNpYy1nZW4yXzcyMHARAHUAZbaeAQA&_nc_gid=IyWQc0cGOq46q1YrSa0Aqw&_nc_ss=7f289&_nc_zt=28&oh=00_AQDbz4P3WL2ojLeZrMRKongcJjRUoIRiwlvgZEvYtPTGzw&oe=6A58C9DF,https://scontent.fblr20-3.fna.fbcdn.net/v/t39.35426-6/617513144_882352157859807_2098376948550500917_n.jpg?_nc_cat=109&ccb=1-7&_nc_sid=c53f8f&_nc_ohc=IMsifdlgv7AQ7kNvwH2i4H9&_nc_oc=Adq-NXLDhR3yH6susHjh3gNyE2IZmXv0mQom5yjUKQ5A5WjGq6sVs391AGvqWjHlNT3j56Ozovq37Q2JvbZco9Nv&_nc_zt=14&_nc_ht=scontent.fblr20-3.fna&_nc_gid=IyWQc0cGOq46q1YrSa0Aqw&_nc_ss=7f289&oh=00_AQChpuSErNLjgwrJs6DpzOrzlBWZI1JxYjQ87_r1xTm6OA&oe=6A58B4DE,2026-07-16T12:09:03.000Z,2026-07-12,https://pub-893b4a6a607b4221a894bf861da7914e.r2.dev/1223700476600723.mp4
70,60,English Seekho,565574549966663,English Seekho App,,IN,1369333515293510,https://www.facebook.com/ads/library/?id=1369333515293510,2026-07-09,,false,false,1,0,,2026-07-09,,Fluent English bolne ka sirf ek raasta – Daily practice on English Seekho App. Start now!,English Communication strong karo aur confidence badhao,Install now,http://play.google.com/store/apps/details?id=com.bolo.android,"Facebook,Instagram,Audience Network,Messenger,Threads",Fluent English bolne ka sirf ek raasta – Daily practice on English Seekho App. Start now!,English Communication strong karo aur confidence badhao,Install now,http://play.google.com/store/apps/details?id=com.bolo.android,Video,"Facebook,Instagram,Audience Network,Messenger,Threads",1,0,9:16,https://video.fblr20-2.fna.fbcdn.net/o1/v/t2/f2/m366/AQPSOqJ5OXcYv8qLnXqY8riPOkM53SjrTBNzCMXB0RHU8mdH1QbroYNFUhXmQXLVkd-pWaeUKBAGf7ru-KsMyMNcReByCBnxA2D8uIIZD1Y0jw.mp4?_nc_cat=111&_nc_oc=AdrgPTfW1gPtP-ALWFOMAnyjlxq7tCv-8N2kE0-eh3VmfmqsET4HV1EK2Vj1dBoXG3PKBv-dnQLQ_ULAEeMnjacM&_nc_sid=b66105&_nc_ht=video.fblr20-2.fna.fbcdn.net&_nc_ohc=wnaSfBswAtwQ7kNvwFqMIg_&efg=eyJ2ZW5jb2RlX3RhZyI6Inhwdl9wcm9ncmVzc2l2ZS5WSV9VU0VDQVNFX1BST0RVQ1RfVFlQRS4uQzMuNzIwLmRhc2hfaDI2NC1iYXNpYy1nZW4yXzcyMHAiLCJ4cHZfYXNzZXRfaWQiOjE0OTQwOTUzNjI0MjA2MTAsImFzc2V0X2FnZV9kYXlzIjo1MSwidmlfdXNlY2FzZV9pZCI6MTAxMzksImR1cmF0aW9uX3MiOjQzLCJ1cmxnZW5fc291cmNlIjoid3d3In0%3D&ccb=17-1&vs=787a23d060a31bef&_nc_vs=HBksFQIYRWZiX2VwaGVtZXJhbC83NzQzOEU5NkRFODY4ODg0N0IzNDUxQkM5QzdCMUZCMF9tdF8xX3ZpZGVvX2Rhc2hpbml0Lm1wNBUAAsgBEgAVAhhAZmJfcGVybWFuZW50L0YyNDY2MUEyMDZBNDIwOTU3OUUyOTdGMUI1N0U1Mjk3X2F1ZGlvX2Rhc2hpbml0Lm1wNBUCAsgBEgAoABgAGwKIB3VzZV9vaWwBMRJwcm9ncmVzc2l2ZV9yZWNpcGUBMRUAACaEvrP15benBRUCKAJDMywXQEXqn752yLQYGWRhc2hfaDI2NC1iYXNpYy1nZW4yXzcyMHARAHUAZbaeAQA&_nc_gid=IyWQc0cGOq46q1YrSa0Aqw&_nc_ss=7f289&_nc_zt=28&oh=00_AQCTT8dFVZWlNj9BwFasfwsOgJmtNUpdG4i_bb0mwb0LhA&oe=6A58B081,https://scontent.fblr20-2.fna.fbcdn.net/v/t39.35426-6/742345825_1051650217369752_2275454554679593506_n.jpg?_nc_cat=111&ccb=1-7&_nc_sid=c53f8f&_nc_ohc=DougwjaAtDsQ7kNvwH8mr5C&_nc_oc=Adr6bjxEUDTCmuof8hJQGhQCxtseqOnJe8l9IpX9mpaWAH_jYWSh31ICS4G_Swqo6M3KM-5oVMUgk0bMIfLCPSWv&_nc_zt=14&_nc_ht=scontent.fblr20-2.fna&_nc_gid=IyWQc0cGOq46q1YrSa0Aqw&_nc_ss=7f289&oh=00_AQC63u3yjxk__NwTHMi89b2Ip9j1t4iZ0uRvt9Bmu84uUQ&oe=6A58CAB7,2026-07-16T10:20:49.000Z,2026-07-12,https://pub-893b4a6a607b4221a894bf861da7914e.r2.dev/1369333515293510.mp4
71,61,English Seekho,565574549966663,English Seekho App,,IN,1533195354964644,https://www.facebook.com/ads/library/?id=1533195354964644,2026-06-25,,false,false,1,0,,2026-06-25,,Fluent English bolne ka sirf ek raasta – Daily practice on English Seekho App. Start now!,English Communication strong karo aur confidence badhao,Install now,http://play.google.com/store/apps/details?id=com.bolo.android,"Facebook,Instagram,Audience Network,Messenger,Threads",Fluent English bolne ka sirf ek raasta – Daily practice on English Seekho App. Start now!,English Communication strong karo aur confidence badhao,Install now,http://play.google.com/store/apps/details?id=com.bolo.android,Video,"Facebook,Instagram,Audience Network,Messenger,Threads",1,0,9:16,https://video.fblr20-1.fna.fbcdn.net/o1/v/t2/f2/m366/AQO-2YTOkZ40UzEEbXEkAeCGI8X598L37s8xsBntZFGbCQn5RewEwxxnSp27BbBnCH72lhGvc63RNFCC1ZA6oewVwKYRUfoPExvvKn3u9w5MOg.mp4?_nc_cat=108&_nc_oc=AdpvgpHRtj5RsP_hE71ANc8NIc-2rsy9zfKmu7OgtJyoosYKJj0jE_fn1c_njNGm5U4mC2cfay9s8VJKldBHfLFm&_nc_sid=b66105&_nc_ht=video.fblr20-1.fna.fbcdn.net&_nc_ohc=ieeBLI_qSv8Q7kNvwHnCYHH&efg=eyJ2ZW5jb2RlX3RhZyI6Inhwdl9wcm9ncmVzc2l2ZS5WSV9VU0VDQVNFX1BST0RVQ1RfVFlQRS4uQzMuNzIwLmRhc2hfaDI2NC1iYXNpYy1nZW4yXzcyMHAiLCJ4cHZfYXNzZXRfaWQiOjg4NDgwMjM3Nzk3NjQ3NywiYXNzZXRfYWdlX2RheXMiOjQ2LCJ2aV91c2VjYXNlX2lkIjoxMDEzOSwiZHVyYXRpb25fcyI6MTE2LCJ1cmxnZW5fc291cmNlIjoid3d3In0%3D&ccb=17-1&vs=314cf3860a81059e&_nc_vs=HBksFQIYRWZiX2VwaGVtZXJhbC84QTRDMjQ5QUYyNjQ4NjREMDkzQ0JBRURDRTUxRjRBM19tdF8xX3ZpZGVvX2Rhc2hpbml0Lm1wNBUAAsgBEgAVAhhAZmJfcGVybWFuZW50L0Q5NDQ0NTIyNUI2M0FGM0MyQjkxNkUwRTNERTdDQzk5X2F1ZGlvX2Rhc2hpbml0Lm1wNBUCAsgBEgAoABgAGwKIB3VzZV9vaWwBMRJwcm9ncmVzc2l2ZV9yZWNpcGUBMRUAACa6qvy2o66SAxUCKAJDMywXQF0d0vGp--cYGWRhc2hfaDI2NC1iYXNpYy1nZW4yXzcyMHARAHUAZbaeAQA&_nc_gid=IyWQc0cGOq46q1YrSa0Aqw&_nc_ss=7f289&_nc_zt=28&oh=00_AQDOF1vduiimMh78qvNA9ErGkYpFtlBKslzHS6CJqx-WkQ&oe=6A58CAEC,https://scontent.fblr20-3.fna.fbcdn.net/v/t39.35426-6/732092182_1054165177275319_2242715254384644301_n.jpg?_nc_cat=100&ccb=1-7&_nc_sid=c53f8f&_nc_ohc=Jv46W2x8zNoQ7kNvwGlD749&_nc_oc=AdqJPY8v1MSBhfb0N8hNhcN3UGq50wqd-tfPdOh9IwSCSlRoJxYCSe4xYe4Xc9GpdjbjR4jc8YZiBG4IFKmqL5D5&_nc_zt=14&_nc_ht=scontent.fblr20-3.fna&_nc_gid=IyWQc0cGOq46q1YrSa0Aqw&_nc_ss=7f289&oh=00_AQA4A1G4oEPAfWwTELfLewBUwbcSDIzAHJ3MEDGbyIpeYg&oe=6A58BABE,2026-07-16T12:13:32.000Z,2026-07-12,https://pub-893b4a6a607b4221a894bf861da7914e.r2.dev/1533195354964644.mp4
72,62,English Seekho,565574549966663,English Seekho App,,IN,2250084872471619,https://www.facebook.com/ads/library/?id=2250084872471619,2026-06-22,,false,false,1,0,,2026-06-22,,Fluent English bolne ka sirf ek raasta – Daily practice on English Seekho App. Start now!,English Communication strong karo aur confidence badhao,Install now,http://play.google.com/store/apps/details?id=com.bolo.android,"Facebook,Instagram,Audience Network,Messenger,Threads",Fluent English bolne ka sirf ek raasta – Daily practice on English Seekho App. Start now!,English Communication strong karo aur confidence badhao,Install now,http://play.google.com/store/apps/details?id=com.bolo.android,Video,"Facebook,Instagram,Audience Network,Messenger,Threads",1,0,9:16,https://video.fblr20-5.fna.fbcdn.net/o1/v/t2/f2/m366/AQMXuNb5R5cgePJJrAygAl3NjrARYiEc6zfkPc-IGrmO6f89rzWY0PFuuEiRU5fAuD2qeJOVJvY0kmlxI-OebRK50jTtr4Y-WsJipWJ3o-we8w.mp4?_nc_cat=107&_nc_oc=Adqx6hhTXfk1jl_3ji1IWHjf_y1iWUidujLpHmNvfKmMFIdRp8_3KxS_1HVC8ucijfwCc-TXnBTLDLPe_IFfJ4tB&_nc_sid=b66105&_nc_ht=video.fblr20-5.fna.fbcdn.net&_nc_ohc=x5wSjxwFQisQ7kNvwFQ4UNR&efg=eyJ2ZW5jb2RlX3RhZyI6Inhwdl9wcm9ncmVzc2l2ZS5WSV9VU0VDQVNFX1BST0RVQ1RfVFlQRS4uQzMuNzIwLmRhc2hfaDI2NC1iYXNpYy1nZW4yXzcyMHAiLCJ4cHZfYXNzZXRfaWQiOjg1NDcwNzY2NDMyMzYyNSwiYXNzZXRfYWdlX2RheXMiOjY2LCJ2aV91c2VjYXNlX2lkIjoxMDEzOSwiZHVyYXRpb25fcyI6MTA5LCJ1cmxnZW5fc291cmNlIjoid3d3In0%3D&ccb=17-1&vs=504b00bcd97b0d06&_nc_vs=HBksFQIYRWZiX2VwaGVtZXJhbC9DRTRFRTYzNkRDRTAyM0JDOUM4MjY2RkE3MEJCODc4Rl9tdF8xX3ZpZGVvX2Rhc2hpbml0Lm1wNBUAAsgBEgAVAhhAZmJfcGVybWFuZW50LzVBNERBQjNCNTJCRUY4MUJCOEE4ODRDOEFBNzhBMTgxX2F1ZGlvX2Rhc2hpbml0Lm1wNBUCAsgBEgAoABgAGwKIB3VzZV9vaWwBMRJwcm9ncmVzc2l2ZV9yZWNpcGUBMRUAACbSkMCrxNaEAxUCKAJDMywXQFthR64UeuEYGWRhc2hfaDI2NC1iYXNpYy1nZW4yXzcyMHARAHUAZbaeAQA&_nc_gid=IyWQc0cGOq46q1YrSa0Aqw&_nc_ss=7f289&_nc_zt=28&oh=00_AQCb8nxAkTcViR4t-b0jokVoNbZ8HQCpQrZIRK4Lo8MgxQ&oe=6A58B545,https://scontent.fblr20-3.fna.fbcdn.net/v/t39.35426-6/729716747_1595013755376024_4753152861442724485_n.jpg?_nc_cat=100&ccb=1-7&_nc_sid=c53f8f&_nc_ohc=zB2-eQooCEkQ7kNvwHomS7-&_nc_oc=AdrwphhybcYfLfkYsllE2XdW2Yp6rlyZPyNs6Q7nslhX1OybiwbvHBpBwnxmj6sq0-sXepqks0uQlOb-_MpLh3Mq&_nc_zt=14&_nc_ht=scontent.fblr20-3.fna&_nc_gid=IyWQc0cGOq46q1YrSa0Aqw&_nc_ss=7f289&oh=00_AQAMOgQMuG6mdUk1krelHDgqA8KK-tyV0Io84WgzodVgaA&oe=6A58D224,2026-07-16T10:41:09.000Z,2026-07-12,https://pub-893b4a6a607b4221a894bf861da7914e.r2.dev/2250084872471619.mp4
73,63,English Seekho,565574549966663,English Seekho App,,IN,1647889789617946,https://www.facebook.com/ads/library/?id=1647889789617946,2026-07-09,,false,false,1,0,,2026-07-09,,Fluent English bolne ka sirf ek raasta – Daily practice on English Seekho App. Start now!,English Communication strong karo aur confidence badhao,Install now,http://play.google.com/store/apps/details?id=com.bolo.android,"Facebook,Instagram,Audience Network,Messenger,Threads",Fluent English bolne ka sirf ek raasta – Daily practice on English Seekho App. Start now!,English Communication strong karo aur confidence badhao,Install now,http://play.google.com/store/apps/details?id=com.bolo.android,Video,"Facebook,Instagram,Audience Network,Messenger,Threads",1,0,9:16,https://video.fblr20-3.fna.fbcdn.net/o1/v/t2/f2/m366/AQP4lv6uONHbOOz9NxIuyW5xVfwDHkaz3YCKKPFrLsHFoSyF8HdtJsD0B3Wxr5WIIaBTSodPsljUkiv1-XFl4DknUKhlJ6i6XADokIpCgIEghQ.mp4?_nc_cat=109&_nc_oc=AdomLAtdiB6kM-OQuxLJVjW0_ZfSlSQzlW0e4Z-PIrStEcks_rvJhFUma3t6AogQkpH3omUDqMSt0Tvc_z70O12m&_nc_sid=b66105&_nc_ht=video.fblr20-3.fna.fbcdn.net&_nc_ohc=7q00PoESyGwQ7kNvwFd4NOP&efg=eyJ2ZW5jb2RlX3RhZyI6Inhwdl9wcm9ncmVzc2l2ZS5WSV9VU0VDQVNFX1BST0RVQ1RfVFlQRS4uQzMuNzIwLmRhc2hfaDI2NC1iYXNpYy1nZW4yXzcyMHAiLCJ4cHZfYXNzZXRfaWQiOjEzMjAxMTI5NzM1OTc5NTksImFzc2V0X2FnZV9kYXlzIjoyOCwidmlfdXNlY2FzZV9pZCI6MTAxMzksImR1cmF0aW9uX3MiOjE3MiwidXJsZ2VuX3NvdXJjZSI6Ind3dyJ9&ccb=17-1&vs=66b54cb37e6776d&_nc_vs=HBksFQIYRWZiX2VwaGVtZXJhbC9DMzRGQTVGRTcwNTRCODY2NjY1NkNEQ0RFQ0E0RDhCNl9tdF8xX3ZpZGVvX2Rhc2hpbml0Lm1wNBUAAsgBEgAVAhhAZmJfcGVybWFuZW50LzkyNDA3OTAyODhDRUIzMDI0RDU3NDJCQ0MxM0RFNUFCX2F1ZGlvX2Rhc2hpbml0Lm1wNBUCAsgBEgAoABgAGwKIB3VzZV9vaWwBMRJwcm9ncmVzc2l2ZV9yZWNpcGUBMRUAACaOtNaN2KjYBBUCKAJDMywXQGWDMzMzMzMYGWRhc2hfaDI2NC1iYXNpYy1nZW4yXzcyMHARAHUAZbaeAQA&_nc_gid=IyWQc0cGOq46q1YrSa0Aqw&_nc_ss=7f289&_nc_zt=28&oh=00_AQBnoO6h75ardtm_liDxavG6GsrCTdkJOuwZldABBS2JYw&oe=6A58BB83,https://scontent.fblr20-1.fna.fbcdn.net/v/t39.35426-6/741906618_1016667154433982_7107072029430544158_n.jpg?_nc_cat=110&ccb=1-7&_nc_sid=c53f8f&_nc_ohc=V8U_QUh6-CIQ7kNvwHRnwOr&_nc_oc=Adop9FC9CEVd9esUPjt9UNYjAUzrx7swdabj7QPBGvfVnhKAIYvUoae80fTImUgSqGG3aW5rkyGzsnJbuPT6Al1w&_nc_zt=14&_nc_ht=scontent.fblr20-1.fna&_nc_gid=IyWQc0cGOq46q1YrSa0Aqw&_nc_ss=7f289&oh=00_AQC3gFNJtrfkemDrdTiddGm-Hm3iLaQoKlF0KCTM4-o1Qg&oe=6A58BC22,2026-07-16T11:07:47.000Z,2026-07-12,https://pub-893b4a6a607b4221a894bf861da7914e.r2.dev/1647889789617946.mp4
74,64,English Seekho,565574549966663,English Seekho App,,IN,2150762295466364,https://www.facebook.com/ads/library/?id=2150762295466364,2026-07-07,,false,false,1,0,,2026-07-07,,"ঘরে বসেই ইংরেজি শিখুন!
English Seekho App-এর ইন্টারঅ্যাকটিভ লেসনের মাধ্যমে প্রতিদিন অনুশীলন করুন।",ইংরেজি কমিউনিকেশন শক্তিশালী করুন এবং আত্মবিশ্বাস বাড়ান।,Install now,http://play.google.com/store/apps/details?id=com.bolo.android,"Facebook,Instagram,Audience Network,Messenger,Threads","ঘরে বসেই ইংরেজি শিখুন!
English Seekho App-এর ইন্টারঅ্যাকটিভ লেসনের মাধ্যমে প্রতিদিন অনুশীলন করুন।",ইংরেজি কমিউনিকেশন শক্তিশালী করুন এবং আত্মবিশ্বাস বাড়ান।,Install now,http://play.google.com/store/apps/details?id=com.bolo.android,Video,"Facebook,Instagram,Audience Network,Messenger,Threads",1,0,9:16,https://video.fblr20-3.fna.fbcdn.net/o1/v/t2/f2/m366/AQPyg1lcwWZ-ld1oZdea13eeRx425PMzmewWlUeSNUzXxPAqnfGwpOo_YIYM0VULm__9FyaEjDyoEBmSb-aXfhR51CY-CJt4c-4FOyni3pdA4Q.mp4?_nc_cat=109&_nc_oc=AdqSMk4U0aSe3skv9y4tNnU78DcK4Gis9n1v6uECL-Y04g1HADXKjCGSMk2TbnZLooMRPC5skrCDVXuTyVj21lO-&_nc_sid=b66105&_nc_ht=video.fblr20-3.fna.fbcdn.net&_nc_ohc=ndv4C7aa8AEQ7kNvwGd4kxp&efg=eyJ2ZW5jb2RlX3RhZyI6Inhwdl9wcm9ncmVzc2l2ZS5WSV9VU0VDQVNFX1BST0RVQ1RfVFlQRS4uQzMuNzIwLmRhc2hfaDI2NC1iYXNpYy1nZW4yXzcyMHAiLCJ4cHZfYXNzZXRfaWQiOjEzMzUzNTM1NzQ4MDYxOTAsImFzc2V0X2FnZV9kYXlzIjo1LCJ2aV91c2VjYXNlX2lkIjoxMDEzOSwiZHVyYXRpb25fcyI6ODMsInVybGdlbl9zb3VyY2UiOiJ3d3cifQ%3D%3D&ccb=17-1&vs=4850ceb92c24a5b6&_nc_vs=HBksFQIYRWZiX2VwaGVtZXJhbC83RDQzQTQ0Q0IyQTg3MkY1NjRCMEZBRDI4RTRGNDNBRV9tdF8xX3ZpZGVvX2Rhc2hpbml0Lm1wNBUAAsgBEgAVAhhAZmJfcGVybWFuZW50LzA5NDFDMEU2MDM2RjY1QzQ2MDRFNjBGNDQ3RTg4RDkyX2F1ZGlvX2Rhc2hpbml0Lm1wNBUCAsgBEgAoABgAGwKIB3VzZV9vaWwBMRJwcm9ncmVzc2l2ZV9yZWNpcGUBMRUAACbcys6355_fBBUCKAJDMywXQFTNT987ZFoYGWRhc2hfaDI2NC1iYXNpYy1nZW4yXzcyMHARAHUAZbaeAQA&_nc_gid=IyWQc0cGOq46q1YrSa0Aqw&_nc_ss=7f289&_nc_zt=28&oh=00_AQBD2LV3dT_JHskAincx0b8O6lkkMpDoE6C9uSQs_2ddnw&oe=6A58A1AF,https://scontent.fblr20-2.fna.fbcdn.net/v/t39.35426-6/742331996_1571773707991093_4360894108809322463_n.jpg?_nc_cat=104&ccb=1-7&_nc_sid=c53f8f&_nc_ohc=bxzFwzZ_16QQ7kNvwGxBkc2&_nc_oc=AdoOdJSmqBYnNFlUyarrS_vfOFvX7UxT4cgaJTYZcC6JDJZmKQqQEM9N7PhbOvO14K22IlSQzRgdRkaQXe_Fmsup&_nc_zt=14&_nc_ht=scontent.fblr20-2.fna&_nc_gid=IyWQc0cGOq46q1YrSa0Aqw&_nc_ss=7f289&oh=00_AQBlQmowsARsrwzdXRaSU7_yjTD0coiFta3IAKQCU67FEQ&oe=6A58D286,2026-07-16T09:17:35.000Z,2026-07-12,https://pub-893b4a6a607b4221a894bf861da7914e.r2.dev/2150762295466364.mp4
75,65,English Seekho,565574549966663,English Seekho App,,IN,1414490704064865,https://www.facebook.com/ads/library/?id=1414490704064865,2026-06-23,,false,false,1,0,,2026-06-23,,Fluent English bolne ka sirf ek raasta – Daily practice on English Seekho App. Start now!,English Communication strong karo aur confidence badhao,Install now,http://play.google.com/store/apps/details?id=com.bolo.android,"Facebook,Instagram,Audience Network,Messenger,Threads",Fluent English bolne ka sirf ek raasta – Daily practice on English Seekho App. Start now!,English Communication strong karo aur confidence badhao,Install now,http://play.google.com/store/apps/details?id=com.bolo.android,Video,"Facebook,Instagram,Audience Network,Messenger,Threads",1,0,9:16,https://video.fblr20-3.fna.fbcdn.net/o1/v/t2/f2/m366/AQMa2PSN8fBbtUoQmxHjkJ4HAjBLD02bgB8mOyq4EjYdSdDoPc7Xbpdyl2SPGBcN4BnYDo27-gb4abucQcqDX94j-9TAMX_fbVX1POWxT4DwfQ.mp4?_nc_cat=105&_nc_oc=AdoUwqzsXPLEZROdIX27PMIZisCcEQQy48aWVTauDL3qxzd1YUq3KGyZoRBc7BYbW02XiL9twFmPx6HXRRq-XzIJ&_nc_sid=b66105&_nc_ht=video.fblr20-3.fna.fbcdn.net&_nc_ohc=M-rx8VwSXyIQ7kNvwG2Nwf_&efg=eyJ2ZW5jb2RlX3RhZyI6Inhwdl9wcm9ncmVzc2l2ZS5WSV9VU0VDQVNFX1BST0RVQ1RfVFlQRS4uQzMuNzIwLmRhc2hfaDI2NC1iYXNpYy1nZW4yXzcyMHAiLCJ4cHZfYXNzZXRfaWQiOjk5MjU4NTIyNzA0MjY4MCwiYXNzZXRfYWdlX2RheXMiOjQ4LCJ2aV91c2VjYXNlX2lkIjoxMDEzOSwiZHVyYXRpb25fcyI6OTQsInVybGdlbl9zb3VyY2UiOiJ3d3cifQ%3D%3D&ccb=17-1&vs=b0c0229a895e2c63&_nc_vs=HBksFQIYRWZiX2VwaGVtZXJhbC9FNzRCREJBNEY4MjUwQzA1ODQ2NkVCNTEwQTc2NjY5Rl9tdF8xX3ZpZGVvX2Rhc2hpbml0Lm1wNBUAAsgBEgAVAhhAZmJfcGVybWFuZW50L0YwNDhBRTdERTFFMDcxNkMxRkVFN0Q0OUE5NUQ1MzgxX2F1ZGlvX2Rhc2hpbml0Lm1wNBUCAsgBEgAoABgAGwKIB3VzZV9vaWwBMRJwcm9ncmVzc2l2ZV9yZWNpcGUBMRUAACbw_e-diLDDAxUCKAJDMywXQFeMzMzMzM0YGWRhc2hfaDI2NC1iYXNpYy1nZW4yXzcyMHARAHUAZbaeAQA&_nc_gid=IyWQc0cGOq46q1YrSa0Aqw&_nc_ss=7f289&_nc_zt=28&oh=00_AQChuTy02hbpKeKXcFg7tUjaK4F3sHG0MC9c71KHMtlIVQ&oe=6A58B47B,https://scontent.fblr20-2.fna.fbcdn.net/v/t39.35426-6/706473999_1251743850368612_5665034622169192919_n.jpg?_nc_cat=104&ccb=1-7&_nc_sid=c53f8f&_nc_ohc=orl8Bp5z9dMQ7kNvwE_xI3b&_nc_oc=AdrIlUYGW-lFZcrYEUhMk2u8UODr8IO7AEueMMYPH9D_cYpXXx1T6virNnaij22GFpL7pdFpM7k8QUyjYjSkY9SO&_nc_zt=14&_nc_ht=scontent.fblr20-2.fna&_nc_gid=IyWQc0cGOq46q1YrSa0Aqw&_nc_ss=7f289&oh=00_AQBcN2aMYDzzhTrCp0UfqMsXxd_VJBUrVotTB-vw0tH06A&oe=6A58A005,2026-07-16T10:37:47.000Z,2026-07-12,https://pub-893b4a6a607b4221a894bf861da7914e.r2.dev/1414490704064865.mp4
76,66,English Seekho,565574549966663,English Seekho App,,IN,1641629937137441,https://www.facebook.com/ads/library/?id=1641629937137441,2026-06-19,,false,false,1,0,,2026-06-19,,Fluent English bolne ka sirf ek raasta – Daily practice on English Seekho App. Start now!,English Communication strong karo aur confidence badhao,Install now,http://play.google.com/store/apps/details?id=com.bolo.android,"Facebook,Instagram,Audience Network,Messenger,Threads",Fluent English bolne ka sirf ek raasta – Daily practice on English Seekho App. Start now!,English Communication strong karo aur confidence badhao,Install now,http://play.google.com/store/apps/details?id=com.bolo.android,Video,"Facebook,Instagram,Audience Network,Messenger,Threads",1,0,9:16,https://video.fblr20-1.fna.fbcdn.net/o1/v/t2/f2/m366/AQNOd5JEcyJy7G9zfzfxGkaz-IJIasLl0YixmMFcBOSwUCcPcBBM7gNZBo0Gln7HSny0-cM2mT5dcOBsmpYDdqR-17NPOvlxwVpph7wlB93kWw.mp4?_nc_cat=110&_nc_oc=Adp6Q0XNBimLEeICo_Bpfn54F6sNf3ySZRX9RwQYwJsfDQqW9tbgMef8onuY6-K-Hen4a1Xx3nYxEv_G2zsImIG7&_nc_sid=b66105&_nc_ht=video.fblr20-1.fna.fbcdn.net&_nc_ohc=-5FdHxqlWvkQ7kNvwEX3MT1&efg=eyJ2ZW5jb2RlX3RhZyI6Inhwdl9wcm9ncmVzc2l2ZS5WSV9VU0VDQVNFX1BST0RVQ1RfVFlQRS4uQzMuNzIwLmRhc2hfaDI2NC1iYXNpYy1nZW4yXzcyMHAiLCJ4cHZfYXNzZXRfaWQiOjEzMTMxNzc4NjA3NjAyOTAsImFzc2V0X2FnZV9kYXlzIjo1MywidmlfdXNlY2FzZV9pZCI6MTAxMzksImR1cmF0aW9uX3MiOjY5LCJ1cmxnZW5fc291cmNlIjoid3d3In0%3D&ccb=17-1&vs=b3ca2b287628e79&_nc_vs=HBksFQIYRWZiX2VwaGVtZXJhbC81MTQxQjY3MDJEMUYzQTUzMTMxNEUwQ0IzNkRENTFBMl9tdF8xX3ZpZGVvX2Rhc2hpbml0Lm1wNBUAAsgBEgAVAhhAZmJfcGVybWFuZW50LzU3NERBODcxNjJBQUQzMkVBQUFCM0I2RjExRjc4Mzk3X2F1ZGlvX2Rhc2hpbml0Lm1wNBUCAsgBEgAoABgAGwKIB3VzZV9vaWwBMRJwcm9ncmVzc2l2ZV9yZWNpcGUBMRUAACbEi9e-gZXVBBUCKAJDMywXQFF1T987ZFoYGWRhc2hfaDI2NC1iYXNpYy1nZW4yXzcyMHARAHUAZbaeAQA&_nc_gid=IyWQc0cGOq46q1YrSa0Aqw&_nc_ss=7f289&_nc_zt=28&oh=00_AQDuPp6T3Gkxv_1DbVIf5XX889YLsidk2RZvI4Uz82hSpw&oe=6A58A16A,https://scontent.fblr20-2.fna.fbcdn.net/v/t39.35426-6/719463348_1710338393578108_260278755279034425_n.jpg?_nc_cat=111&ccb=1-7&_nc_sid=c53f8f&_nc_ohc=MUhsXdJek6wQ7kNvwGyAsXX&_nc_oc=Adp945Hq5mycCdF8FDCivB5tBN3V4k4v8fLHmJBFn59ewqc0cz6i0Hsv002IA_DKAyOUezap3GHsbGdD7j3CooeD&_nc_zt=14&_nc_ht=scontent.fblr20-2.fna&_nc_gid=IyWQc0cGOq46q1YrSa0Aqw&_nc_ss=7f289&oh=00_AQAEpAzPE4CIfcbv-2eJ8uhjaUizz7ZcG4BL1SMR10M90g&oe=6A58B411,2026-07-16T09:16:26.000Z,2026-07-12,https://pub-893b4a6a607b4221a894bf861da7914e.r2.dev/1641629937137441.mp4
77,67,English Seekho,565574549966663,English Seekho App,,IN,2453287415158391,https://www.facebook.com/ads/library/?id=2453287415158391,2026-06-18,,false,false,1,0,,2026-06-18,,Fluent English bolne ka sirf ek raasta – Daily practice on English Seekho App. Start now!,English Communication strong karo aur confidence badhao,Install now,http://play.google.com/store/apps/details?id=com.bolo.android,"Facebook,Instagram,Audience Network,Messenger,Threads",Fluent English bolne ka sirf ek raasta – Daily practice on English Seekho App. Start now!,English Communication strong karo aur confidence badhao,Install now,http://play.google.com/store/apps/details?id=com.bolo.android,Video,"Facebook,Instagram,Audience Network,Messenger,Threads",1,0,9:16,https://video.fblr20-1.fna.fbcdn.net/o1/v/t2/f2/m366/AQMrei4Ss1-DcVRZl_9vCP8wboUUhDEPGrMXNE6VAOfCBoMAcwhL6LWupAZeTljbGQwqGSBH1aTtud0i_ss8PTpXPCLCcHmHlBVWt-HMlhrAbQ.mp4?_nc_cat=108&_nc_oc=AdouVZHYpgEJ1mS_eFZNn4WeXXg7stfQKIwkb9oL_nWzfmIvTFQEpdDDqi5WPBCbidDnjmwpJk77dF-IABPJcwiZ&_nc_sid=b66105&_nc_ht=video.fblr20-1.fna.fbcdn.net&_nc_ohc=EvRxUNTTdLEQ7kNvwG7eMu7&efg=eyJ2ZW5jb2RlX3RhZyI6Inhwdl9wcm9ncmVzc2l2ZS5WSV9VU0VDQVNFX1BST0RVQ1RfVFlQRS4uQzMuNzIwLmRhc2hfaDI2NC1iYXNpYy1nZW4yXzcyMHAiLCJ4cHZfYXNzZXRfaWQiOjk3NjI5Njg4MTg2MzI2MywiYXNzZXRfYWdlX2RheXMiOjQwLCJ2aV91c2VjYXNlX2lkIjoxMDEzOSwiZHVyYXRpb25fcyI6NTYsInVybGdlbl9zb3VyY2UiOiJ3d3cifQ%3D%3D&ccb=17-1&vs=fb5a607690538e9a&_nc_vs=HBksFQIYRWZiX2VwaGVtZXJhbC80QzRDMEIyNEY4QzEzQUNCM0EwM0Y5QUE4RTNBQTU4Ql9tdF8xX3ZpZGVvX2Rhc2hpbml0Lm1wNBUAAsgBEgAVAhhAZmJfcGVybWFuZW50L0Q1NEExQ0JCMUEyRjA4MzlCRUE0RUVFRTMxRkNGMzhFX2F1ZGlvX2Rhc2hpbml0Lm1wNBUCAsgBEgAoABgAGwKIB3VzZV9vaWwBMRJwcm9ncmVzc2l2ZV9yZWNpcGUBMRUAACa-6bXN-vu7AxUCKAJDMywXQExu2RaHKwIYGWRhc2hfaDI2NC1iYXNpYy1nZW4yXzcyMHARAHUAZbaeAQA&_nc_gid=IyWQc0cGOq46q1YrSa0Aqw&_nc_ss=7f289&_nc_zt=28&oh=00_AQC639bwW6-EARXj4phf8XRDneGHWf1lUYTUX4I7cblh8g&oe=6A58CBB0,https://scontent.fblr20-3.fna.fbcdn.net/v/t39.35426-6/716690735_27311206701878743_747187100727212079_n.jpg?_nc_cat=109&ccb=1-7&_nc_sid=c53f8f&_nc_ohc=S1WfUIZlpIIQ7kNvwG3jatC&_nc_oc=AdryzsZrLCW_7krTmHBymOleUhXwo-tlZ_ZwdYufMqZTV265-zSXtLEYqnmPStorD_hxcLu94g2dUFUtXbeDAlGw&_nc_zt=14&_nc_ht=scontent.fblr20-3.fna&_nc_gid=IyWQc0cGOq46q1YrSa0Aqw&_nc_ss=7f289&oh=00_AQCfeSRZU-TO0rNpJVRkEbRcVJnMilyWUD8Xuz9D9j1RUg&oe=6A58D231,2026-07-16T12:16:48.000Z,2026-07-12,https://pub-893b4a6a607b4221a894bf861da7914e.r2.dev/2453287415158391.mp4
78,68,English Seekho,565574549966663,English Seekho App,,IN,988958730629564,https://www.facebook.com/ads/library/?id=988958730629564,2026-06-23,,false,false,1,0,,2026-06-23,,Fluent English bolne ka sirf ek raasta – Daily practice on English Seekho App. Start now!,English Communication strong karo aur confidence badhao,Install now,http://play.google.com/store/apps/details?id=com.bolo.android,"Facebook,Instagram,Audience Network,Messenger,Threads",Fluent English bolne ka sirf ek raasta – Daily practice on English Seekho App. Start now!,English Communication strong karo aur confidence badhao,Install now,http://play.google.com/store/apps/details?id=com.bolo.android,Video,"Facebook,Instagram,Audience Network,Messenger,Threads",1,0,9:16,https://video.fblr20-5.fna.fbcdn.net/o1/v/t2/f2/m366/AQMoQZm2_DeodADccZvce-IaAnJRNaGj2Nu7bU6jUYzPCTD-KPJhX-evT7nDNFjcZXn2jC_nCtHOoQHxFVNKYaITbCIoZhi_tkt-F6vWbRZBHA.mp4?_nc_cat=107&_nc_oc=AdofVkJOK276i7QyzFMWi_0ZwkaIFty6Hqf9UIjH7lEvX2Qx9tMWOJV_nWEx7dth6mT-93FM1yQvZyToC5X4f8dU&_nc_sid=b66105&_nc_ht=video.fblr20-5.fna.fbcdn.net&_nc_ohc=E8-84A66R1wQ7kNvwFe54Ry&efg=eyJ2ZW5jb2RlX3RhZyI6Inhwdl9wcm9ncmVzc2l2ZS5WSV9VU0VDQVNFX1BST0RVQ1RfVFlQRS4uQzMuNzIwLmRhc2hfaDI2NC1iYXNpYy1nZW4yXzcyMHAiLCJ4cHZfYXNzZXRfaWQiOjE2MjUxMDc2OTE4MTkzNDUsImFzc2V0X2FnZV9kYXlzIjoxODIsInZpX3VzZWNhc2VfaWQiOjEwMTM5LCJkdXJhdGlvbl9zIjoxMzMsInVybGdlbl9zb3VyY2UiOiJ3d3cifQ%3D%3D&ccb=17-1&vs=a30092cb685d87a8&_nc_vs=HBksFQIYRWZiX2VwaGVtZXJhbC9BMzQwRDE3RThEOTcxQTFCQkVERDQ2QjdFMjVBQzFBMF9tdF8xX3ZpZGVvX2Rhc2hpbml0Lm1wNBUAAsgBEgAVAhhAZmJfcGVybWFuZW50L0VGNDZCRDlBMDUzNzA2MEZBRTEyRURDOTk3QUY2NzlDX2F1ZGlvX2Rhc2hpbml0Lm1wNBUCAsgBEgAoABgAGwKIB3VzZV9vaWwBMRJwcm9ncmVzc2l2ZV9yZWNpcGUBMRUAACaixYrr24HjBRUCKAJDMywXQGC9mZmZmZoYGWRhc2hfaDI2NC1iYXNpYy1nZW4yXzcyMHARAHUAZbaeAQA&_nc_gid=M_hTwFJS5kCmDoSwkk1rnA&_nc_ss=7f289&_nc_zt=28&oh=00_AQAkLhlbVOlLeiWl7KiFdpjvp4qf9fBjlig334_j16k23Q&oe=6A58A719,https://scontent.fblr20-3.fna.fbcdn.net/v/t39.35426-6/729919401_1608121754453313_6031858550752036346_n.jpg?_nc_cat=105&ccb=1-7&_nc_sid=c53f8f&_nc_ohc=6mhht7uYUZgQ7kNvwFo7nrZ&_nc_oc=AdoEJq9beiNA-bQh5Vsf1C45vsfV8DhLS2-jI4wTW_2G2TkJ2CldBNOlE4Nf41NpFmRhe9_So4D6cGWKxdWgmvey&_nc_zt=14&_nc_ht=scontent.fblr20-3.fna&_nc_gid=M_hTwFJS5kCmDoSwkk1rnA&_nc_ss=7f289&oh=00_AQAwmMhaKBArXKWmjmm-Lb6mUxZ16CD2-STzDVk254ouzA&oe=6A58D68F,2026-07-16T09:40:41.000Z,2026-07-12,https://pub-893b4a6a607b4221a894bf861da7914e.r2.dev/988958730629564.mp4
79,69,English Seekho,565574549966663,English Seekho App,,IN,1364784788843978,https://www.facebook.com/ads/library/?id=1364784788843978,2026-06-18,,false,false,1,0,,2026-06-18,,Fluent English bolne ka sirf ek raasta – Daily practice on English Seekho App. Start now!,English Communication strong karo aur confidence badhao,Install now,http://play.google.com/store/apps/details?id=com.bolo.android,"Facebook,Instagram,Audience Network,Messenger,Threads",Fluent English bolne ka sirf ek raasta – Daily practice on English Seekho App. Start now!,English Communication strong karo aur confidence badhao,Install now,http://play.google.com/store/apps/details?id=com.bolo.android,Video,"Facebook,Instagram,Audience Network,Messenger,Threads",1,0,9:16,https://video.fblr20-1.fna.fbcdn.net/o1/v/t2/f2/m366/AQPHnmpmYTZKWVTcUKWLrvB-bTczB9tOWwL12m8cl1TzhgQhfrtQyR9c3qRkZB7Rwy5pvKkD_g73RtzbwBN-fwIx7X2B2wLaI9uwTfvkEbuLVw.mp4?_nc_cat=108&_nc_oc=AdpMHIYxFGn9_NaJrPcYi4CuuMjvyjBkkSqHhBMOKJw3bqVZzNJBnTG_GHKnANKga5gLpv4_UPVvEQYagJmPECvB&_nc_sid=b66105&_nc_ht=video.fblr20-1.fna.fbcdn.net&_nc_ohc=Ho0tEisvTWIQ7kNvwG9eptA&efg=eyJ2ZW5jb2RlX3RhZyI6Inhwdl9wcm9ncmVzc2l2ZS5WSV9VU0VDQVNFX1BST0RVQ1RfVFlQRS4uQzMuNzIwLmRhc2hfaDI2NC1iYXNpYy1nZW4yXzcyMHAiLCJ4cHZfYXNzZXRfaWQiOjIzODQxMzc0Mzg2Nzg1OTMsImFzc2V0X2FnZV9kYXlzIjo3MCwidmlfdXNlY2FzZV9pZCI6MTAxMzksImR1cmF0aW9uX3MiOjE3NCwidXJsZ2VuX3NvdXJjZSI6Ind3dyJ9&ccb=17-1&vs=96d03c09b641b8af&_nc_vs=HBksFQIYRWZiX2VwaGVtZXJhbC82QjRFNTFDMjg1MkMxMzFCNzYzMTMyN0EyQzM0Q0E5RF9tdF8xX3ZpZGVvX2Rhc2hpbml0Lm1wNBUAAsgBEgAVAhhAZmJfcGVybWFuZW50LzM3NDhDQ0IyMkUxNEE1QzkzQjIxN0Q2RTFCRkZGRDg0X2F1ZGlvX2Rhc2hpbml0Lm1wNBUCAsgBEgAoABgAGwKIB3VzZV9vaWwBMRJwcm9ncmVzc2l2ZV9yZWNpcGUBMRUAACaCuYaSiJe8CBUCKAJDMywXQGXap--dsi0YGWRhc2hfaDI2NC1iYXNpYy1nZW4yXzcyMHARAHUAZbaeAQA&_nc_gid=M_hTwFJS5kCmDoSwkk1rnA&_nc_ss=7f289&_nc_zt=28&oh=00_AQCK6jdnqv1OTVPLBKuPX8mEixyhLynytayGkClA7aWNgg&oe=6A58A840,https://scontent.fblr20-3.fna.fbcdn.net/v/t39.35426-6/700625936_1272171755000995_7784051749729086108_n.jpg?_nc_cat=100&ccb=1-7&_nc_sid=c53f8f&_nc_aid=0&_nc_ohc=N5m1rKdrrIQQ7kNvwGkWL1X&_nc_oc=AdoeC_2YJHQ9Bdb2LFSaOYzsbjL_QmlLac2GAkGdLtfhjlrm6O4RKS8whuShgniBmS0u7NtUWXICOx4rFmbCmt9q&_nc_zt=14&_nc_ht=scontent.fblr20-3.fna&_nc_gid=M_hTwFJS5kCmDoSwkk1rnA&_nc_ss=7f289&oh=00_AQDX8y6MajGajSswXYkZi64l7iv1AK8rnFU5qidEoQ-i6g&oe=6A58CE80,2026-07-16T09:45:36.000Z,2026-07-12,https://pub-893b4a6a607b4221a894bf861da7914e.r2.dev/1364784788843978.mp4
80,70,English Seekho,565574549966663,English Seekho App,,IN,1930588960964996,https://www.facebook.com/ads/library/?id=1930588960964996,2026-06-30,,false,true,2,0,1930588960964996,2026-06-30,,Fluent English bolne ka sirf ek raasta – Daily practice on English Seekho App. Start now!,English Communication strong karo aur confidence badhao,Install now,http://play.google.com/store/apps/details?id=com.bolo.android,"Facebook,Instagram,Audience Network,Messenger,Threads",Fluent English bolne ka sirf ek raasta – Daily practice on English Seekho App. Start now!,English Communication strong karo aur confidence badhao,Install now,http://play.google.com/store/apps/details?id=com.bolo.android,Video,"Facebook,Instagram,Audience Network,Messenger,Threads",1,0,9:16,https://video.fblr20-2.fna.fbcdn.net/o1/v/t2/f2/m366/AQN-1HwnZj6psCtP6zl8RWHtFW-a9lrCkiRp4P-_9o0rCT-jU3uDOJIriwzZRXa0onJ91OLkR8NW-8T_95qjdFX85r4hI1720tvX0bb6TfOp1w.mp4?_nc_cat=102&_nc_oc=AdoGKNXo3i8bChKNafGFXOc2kpW0Yu5VFBzUUVZ0TgOMJKA-KsR4mDUfUDC6VlHQvM7zBg3opanSr2Wy0-cTOaOS&_nc_sid=b66105&_nc_ht=video.fblr20-2.fna.fbcdn.net&_nc_ohc=yHsBL47tdowQ7kNvwGAGJMB&efg=eyJ2ZW5jb2RlX3RhZyI6Inhwdl9wcm9ncmVzc2l2ZS5WSV9VU0VDQVNFX1BST0RVQ1RfVFlQRS4uQzMuNzIwLmRhc2hfaDI2NC1iYXNpYy1nZW4yXzcyMHAiLCJ4cHZfYXNzZXRfaWQiOjE1MzU1NjQ1MDc5NTU0MzYsImFzc2V0X2FnZV9kYXlzIjoxNCwidmlfdXNlY2FzZV9pZCI6MTAxMzksImR1cmF0aW9uX3MiOjE0MCwidXJsZ2VuX3NvdXJjZSI6Ind3dyJ9&ccb=17-1&vs=c546b9bc55be290a&_nc_vs=HBksFQIYRWZiX2VwaGVtZXJhbC8xQzQwRDY1ODI2RkU0NDQzOUU3MzBEQ0VGQzZDQ0VBM19tdF8xX3ZpZGVvX2Rhc2hpbml0Lm1wNBUAAsgBEgAVAhhAZmJfcGVybWFuZW50Lzc4NDgzOEJBQUZGODY0Qjg1NjMwMzcxRjMzNzU1ODgzX2F1ZGlvX2Rhc2hpbml0Lm1wNBUCAsgBEgAoABgAGwKIB3VzZV9vaWwBMRJwcm9ncmVzc2l2ZV9yZWNpcGUBMRUAACbYg7aQz6W6BRUCKAJDMywXQGGUQYk3S8cYGWRhc2hfaDI2NC1iYXNpYy1nZW4yXzcyMHARAHUAZbaeAQA&_nc_gid=M_hTwFJS5kCmDoSwkk1rnA&_nc_ss=7f289&_nc_zt=28&oh=00_AQDxxH_iyVhpMhfKY45lsRg0dE124KHdBb2w_LtA1KKE9Q&oe=6A58C382,https://scontent.fblr20-3.fna.fbcdn.net/v/t39.35426-6/735476223_2418643555299688_3334497425128438804_n.jpg?_nc_cat=109&ccb=1-7&_nc_sid=c53f8f&_nc_ohc=lZZN9gFE0owQ7kNvwHdn87w&_nc_oc=AdqdHTaIyOWPGtGZitZbuGAPDlk6bhAgyCgouDNwFx6F7_TwNr34-ooW6Iw4V7IROCJ5K0RA3xlQfd94buoFzG5X&_nc_zt=14&_nc_ht=scontent.fblr20-3.fna&_nc_gid=M_hTwFJS5kCmDoSwkk1rnA&_nc_ss=7f289&oh=00_AQCGh2CfA0Lh9SUMxujcTJCOUKAZ5Elg8SDVv4IC2HpwWQ&oe=6A58B81F,2026-07-16T11:41:54.000Z,2026-07-12,https://pub-893b4a6a607b4221a894bf861da7914e.r2.dev/1930588960964996.mp4
81,70,English Seekho,565574549966663,English Seekho App,,IN,1930588960964996,https://www.facebook.com/ads/library/?id=1930588960964996,2026-06-30,,false,true,2,1,2231013954313138,2026-06-30,,Fluent English bolne ka sirf ek raasta – Daily practice on English Seekho App. Start now!,English Communication strong karo aur confidence badhao,Install now,http://play.google.com/store/apps/details?id=com.bolo.android,"Facebook,Instagram,Audience Network,Messenger,Threads",Fluent English bolne ka sirf ek raasta – Daily practice on English Seekho App. Start now!,English Communication strong karo aur confidence badhao,Install now,http://play.google.com/store/apps/details?id=com.bolo.android,Video,"Facebook,Instagram,Audience Network,Messenger,Threads",1,0,9:16,https://video.fblr20-2.fna.fbcdn.net/o1/v/t2/f2/m366/AQN-1HwnZj6psCtP6zl8RWHtFW-a9lrCkiRp4P-_9o0rCT-jU3uDOJIriwzZRXa0onJ91OLkR8NW-8T_95qjdFX85r4hI1720tvX0bb6TfOp1w.mp4?_nc_cat=102&_nc_oc=AdoGKNXo3i8bChKNafGFXOc2kpW0Yu5VFBzUUVZ0TgOMJKA-KsR4mDUfUDC6VlHQvM7zBg3opanSr2Wy0-cTOaOS&_nc_sid=b66105&_nc_ht=video.fblr20-2.fna.fbcdn.net&_nc_ohc=yHsBL47tdowQ7kNvwGAGJMB&efg=eyJ2ZW5jb2RlX3RhZyI6Inhwdl9wcm9ncmVzc2l2ZS5WSV9VU0VDQVNFX1BST0RVQ1RfVFlQRS4uQzMuNzIwLmRhc2hfaDI2NC1iYXNpYy1nZW4yXzcyMHAiLCJ4cHZfYXNzZXRfaWQiOjE1MzU1NjQ1MDc5NTU0MzYsImFzc2V0X2FnZV9kYXlzIjoxNCwidmlfdXNlY2FzZV9pZCI6MTAxMzksImR1cmF0aW9uX3MiOjE0MCwidXJsZ2VuX3NvdXJjZSI6Ind3dyJ9&ccb=17-1&vs=c546b9bc55be290a&_nc_vs=HBksFQIYRWZiX2VwaGVtZXJhbC8xQzQwRDY1ODI2RkU0NDQzOUU3MzBEQ0VGQzZDQ0VBM19tdF8xX3ZpZGVvX2Rhc2hpbml0Lm1wNBUAAsgBEgAVAhhAZmJfcGVybWFuZW50Lzc4NDgzOEJBQUZGODY0Qjg1NjMwMzcxRjMzNzU1ODgzX2F1ZGlvX2Rhc2hpbml0Lm1wNBUCAsgBEgAoABgAGwKIB3VzZV9vaWwBMRJwcm9ncmVzc2l2ZV9yZWNpcGUBMRUAACbYg7aQz6W6BRUCKAJDMywXQGGUQYk3S8cYGWRhc2hfaDI2NC1iYXNpYy1nZW4yXzcyMHARAHUAZbaeAQA&_nc_gid=kQSAeCixD5VWUhKdgcsnnA&_nc_ss=7f289&_nc_zt=28&oh=00_AQCAfHCZfgiT41teYaOSLO1vjaWHXQ3HdYOQ48KGEW072g&oe=6A58C382,https://scontent.fblr20-4.fna.fbcdn.net/v/t39.35426-6/736188322_2108090489739841_330044338194630952_n.jpg?_nc_cat=106&ccb=1-7&_nc_sid=c53f8f&_nc_ohc=lRZhjKCh3h8Q7kNvwFSTYeb&_nc_oc=Adr1HqDRl0tOPgBPeRz7fmHZbfX6FFZmtsC9weq1cIi8nc0f3npeoD4S6nft3YMxPYZa_syNxdcworiHtNT-HvtM&_nc_zt=14&_nc_ht=scontent.fblr20-4.fna&_nc_gid=kQSAeCixD5VWUhKdgcsnnA&_nc_ss=7f289&oh=00_AQACsHe0YZnXZEOBhPT3hk2VdYL56J5G9hvkyrq_EqHtRQ&oe=6A58A99C,2026-07-16T11:41:54.000Z,2026-07-12,
82,71,English Seekho,565574549966663,English Seekho App,,IN,4404859313114775,https://www.facebook.com/ads/library/?id=4404859313114775,2026-06-23,,false,false,1,0,,2026-06-23,,Fluent English bolne ka sirf ek raasta – Daily practice on English Seekho App. Start now!,English Communication strong karo aur confidence badhao,Install now,http://play.google.com/store/apps/details?id=com.bolo.android,"Facebook,Instagram,Audience Network,Messenger,Threads",Fluent English bolne ka sirf ek raasta – Daily practice on English Seekho App. Start now!,English Communication strong karo aur confidence badhao,Install now,http://play.google.com/store/apps/details?id=com.bolo.android,Video,"Facebook,Instagram,Audience Network,Messenger,Threads",1,0,9:16,https://video.fblr20-4.fna.fbcdn.net/o1/v/t2/f2/m366/AQMKCOZZburbsew9ujZxHGED12IUMOBYI6YwfEgvGPQDpBy5p2vSHzoeyL-_pRoIjQ_NzYNyWeCfuX_6trPq3hwyF9mtprjUYUToqBqqxkXqLA.mp4?_nc_cat=106&_nc_oc=AdrqvHqo-P76tkrvXcCyzvb_2o3968WfavH2iDBBBWFQln9T70KlCyk73TAscpCCUde3ogxNt9N8S0qWmCdmj38u&_nc_sid=b66105&_nc_ht=video.fblr20-4.fna.fbcdn.net&_nc_ohc=vMu8OjJNqOkQ7kNvwHoiwgN&efg=eyJ2ZW5jb2RlX3RhZyI6Inhwdl9wcm9ncmVzc2l2ZS5WSV9VU0VDQVNFX1BST0RVQ1RfVFlQRS4uQzMuNzIwLmRhc2hfaDI2NC1iYXNpYy1nZW4yXzcyMHAiLCJ4cHZfYXNzZXRfaWQiOjk3OTIxOTMyMTY4NTc0MiwiYXNzZXRfYWdlX2RheXMiOjQyLCJ2aV91c2VjYXNlX2lkIjoxMDEzOSwiZHVyYXRpb25fcyI6NzksInVybGdlbl9zb3VyY2UiOiJ3d3cifQ%3D%3D&ccb=17-1&vs=3e6a41da9902792e&_nc_vs=HBksFQIYRWZiX2VwaGVtZXJhbC9FODQwNTk5MjNFQUNGRUEwNDI3ODkyN0EwMThBRkNCNl9tdF8xX3ZpZGVvX2Rhc2hpbml0Lm1wNBUAAsgBEgAVAhhAZmJfcGVybWFuZW50L0JBNDJCOTQ4N0NBNUREMUUxNzFBNDNDQTU0ODE0Q0I2X2F1ZGlvX2Rhc2hpbml0Lm1wNBUCAsgBEgAoABgAGwKIB3VzZV9vaWwBMRJwcm9ncmVzc2l2ZV9yZWNpcGUBMRUAACbcm5y9iKa9AxUCKAJDMywXQFPan752yLQYGWRhc2hfaDI2NC1iYXNpYy1nZW4yXzcyMHARAHUAZbaeAQA&_nc_gid=M_hTwFJS5kCmDoSwkk1rnA&_nc_ss=7f289&_nc_zt=28&oh=00_AQA2nS68kfpXm2c6E0h8KggVjfBHgmEElQMNXGQaXCvxCw&oe=6A58A56A,https://scontent.fblr20-3.fna.fbcdn.net/v/t39.35426-6/728951578_1984278048880288_976430370645976735_n.jpg?_nc_cat=100&ccb=1-7&_nc_sid=c53f8f&_nc_ohc=GsvB9KMsa1cQ7kNvwGmswo8&_nc_oc=AdpN4unfdwW9r3opPEcog4eog9I2PZAgGAZhzio-jor07o1kwOqXTzm2pIaSeQStMMut82h0o_vG4d_A8m-TtmhP&_nc_zt=14&_nc_ht=scontent.fblr20-3.fna&_nc_gid=M_hTwFJS5kCmDoSwkk1rnA&_nc_ss=7f289&oh=00_AQCBXMjFFS4aEpSfZJF6Ekr0J6N61Rs8fI8MtxdV5jqFGw&oe=6A58C0D3,2026-07-16T09:33:30.000Z,2026-07-12,https://pub-893b4a6a607b4221a894bf861da7914e.r2.dev/4404859313114775.mp4
83,72,English Seekho,565574549966663,English Seekho App,,IN,1681939326411381,https://www.facebook.com/ads/library/?id=1681939326411381,2026-07-09,,false,false,1,0,,2026-07-09,,Fluent English bolne ka sirf ek raasta – Daily practice on English Seekho App. Start now!,English Communication strong karo aur confidence badhao,Install now,http://play.google.com/store/apps/details?id=com.bolo.android,"Facebook,Instagram,Audience Network,Messenger,Threads",Fluent English bolne ka sirf ek raasta – Daily practice on English Seekho App. Start now!,English Communication strong karo aur confidence badhao,Install now,http://play.google.com/store/apps/details?id=com.bolo.android,Video,"Facebook,Instagram,Audience Network,Messenger,Threads",1,0,9:16,https://video.fblr20-2.fna.fbcdn.net/o1/v/t2/f2/m366/AQNoSHk0Famn7K4rq8QQwov3gPofcoiC09fREtNtCRMvHZcCSvipAt0u7FMvl0XXquHzzOqwBi7f5KyE1_oEumni1k9nT35lKfvMywNCwW9Caw.mp4?_nc_cat=104&_nc_oc=Ado5V9Kbs4lLXDKu6-4ZSiUbO_c7iG3emKPWYAXhftKzqFs2K6qx-enY6ZUl_RSemkGB0KYyuOr2304x20ZmSYKY&_nc_sid=b66105&_nc_ht=video.fblr20-2.fna.fbcdn.net&_nc_ohc=LsSNfBBFSIgQ7kNvwEPNw0N&efg=eyJ2ZW5jb2RlX3RhZyI6Inhwdl9wcm9ncmVzc2l2ZS5WSV9VU0VDQVNFX1BST0RVQ1RfVFlQRS4uQzMuNzIwLmRhc2hfaDI2NC1iYXNpYy1nZW4yXzcyMHAiLCJ4cHZfYXNzZXRfaWQiOjE2MjI2MzU2NTk4NzI2NDcsImFzc2V0X2FnZV9kYXlzIjoxNywidmlfdXNlY2FzZV9pZCI6MTAxMzksImR1cmF0aW9uX3MiOjU0LCJ1cmxnZW5fc291cmNlIjoid3d3In0%3D&ccb=17-1&vs=f2b9e8543c9ba142&_nc_vs=HBksFQIYRWZiX2VwaGVtZXJhbC83ODQxMkY2NUI5MzVEMTM4Nzk2QTQ2NkVCRTcwQUFCM19tdF8xX3ZpZGVvX2Rhc2hpbml0Lm1wNBUAAsgBEgAVAhhAZmJfcGVybWFuZW50L0M1NEZBRDA1QjMyNkRCOUQxMTYzQzcwQjM3QTRFMjkzX2F1ZGlvX2Rhc2hpbml0Lm1wNBUCAsgBEgAoABgAGwKIB3VzZV9vaWwBMRJwcm9ncmVzc2l2ZV9yZWNpcGUBMRUAACaOptrh6fHhBRUCKAJDMywXQEs6n752yLQYGWRhc2hfaDI2NC1iYXNpYy1nZW4yXzcyMHARAHUAZbaeAQA&_nc_gid=M_hTwFJS5kCmDoSwkk1rnA&_nc_ss=7f289&_nc_zt=28&oh=00_AQCDKR4figp8eaaPIzl5u0oBbn2MSwFi_YZS-SqWqeHk0Q&oe=6A58BD48,https://scontent.fblr20-2.fna.fbcdn.net/v/t39.35426-6/743050419_1807652413591477_8958867655533754402_n.jpg?_nc_cat=111&ccb=1-7&_nc_sid=c53f8f&_nc_ohc=PmBTGMf-0HQQ7kNvwF9d41I&_nc_oc=AdqinQof7l800AxHzjKMtja4jvnnuorHraKkTwllUkpmSdhkRHhI_tkwBdV1-OMotAFtpL2i5R_BXTdwnMq1fdeJ&_nc_zt=14&_nc_ht=scontent.fblr20-2.fna&_nc_gid=M_hTwFJS5kCmDoSwkk1rnA&_nc_ss=7f289&oh=00_AQAXynFLlMxB51WTcSmxhW2Ykrzfp9w6smLeHfr-0LJyKg&oe=6A58A0DE,2026-07-16T11:15:20.000Z,2026-07-12,https://pub-893b4a6a607b4221a894bf861da7914e.r2.dev/1681939326411381.mp4
84,73,English Seekho,565574549966663,English Seekho App,,IN,1700880501155696,https://www.facebook.com/ads/library/?id=1700880501155696,2026-07-07,,false,true,2,0,1700880501155696,2026-07-07,,Fluent English bolne ka sirf ek raasta – Daily practice on English Seekho App. Start now!,English Communication strong karo aur confidence badhao,Install now,http://play.google.com/store/apps/details?id=com.bolo.android,"Facebook,Instagram,Audience Network,Messenger,Threads",Fluent English bolne ka sirf ek raasta – Daily practice on English Seekho App. Start now!,English Communication strong karo aur confidence badhao,Install now,http://play.google.com/store/apps/details?id=com.bolo.android,Video,"Facebook,Instagram,Audience Network,Messenger,Threads",1,0,9:16,https://video.fblr20-5.fna.fbcdn.net/o1/v/t2/f2/m366/AQNwRB2TXR2gH1gt8-OmT9iA4Gst-9BXA_Zc6AlfqNa3aY-RK8Wyip6XWYgYCp3PvsAVpyivA8qtxhH1JCDcE-ifMAHpMQHYFatZK9Yk4AUgAQ.mp4?_nc_cat=107&_nc_oc=AdqDJcN6I0rg8wpqFvm9_NqYwCR9kXK61LnlyEK9Wyag4Cu8oMP8uHcJ8JPFSa5YpNj97vz7z-3QpXRmX3LfiM32&_nc_sid=b66105&_nc_ht=video.fblr20-5.fna.fbcdn.net&_nc_ohc=qGndrINZVocQ7kNvwHp3NMo&efg=eyJ2ZW5jb2RlX3RhZyI6Inhwdl9wcm9ncmVzc2l2ZS5WSV9VU0VDQVNFX1BST0RVQ1RfVFlQRS4uQzMuNzIwLmRhc2hfaDI2NC1iYXNpYy1nZW4yXzcyMHAiLCJ4cHZfYXNzZXRfaWQiOjEzNDU5MDkwNTM1NjYzNDQsImFzc2V0X2FnZV9kYXlzIjo4LCJ2aV91c2VjYXNlX2lkIjoxMDEzOSwiZHVyYXRpb25fcyI6ODcsInVybGdlbl9zb3VyY2UiOiJ3d3cifQ%3D%3D&ccb=17-1&vs=ea156cf59ad07a5b&_nc_vs=HBksFQIYRWZiX2VwaGVtZXJhbC82OTQ2RDcxOEExN0UxQkY0ODY4OTY5RjhGOEU0Rjg4OF9tdF8xX3ZpZGVvX2Rhc2hpbml0Lm1wNBUAAsgBEgAVAhhAZmJfcGVybWFuZW50L0VCNDM2Nzc5MzIzMjYxNTlDQUJDRDg5MDZEN0M5OUE5X2F1ZGlvX2Rhc2hpbml0Lm1wNBUCAsgBEgAoABgAGwKIB3VzZV9vaWwBMRJwcm9ncmVzc2l2ZV9yZWNpcGUBMRUAACaQts3wm4bkBBUCKAJDMywXQFXmZmZmZmYYGWRhc2hfaDI2NC1iYXNpYy1nZW4yXzcyMHARAHUAZbaeAQA&_nc_gid=M_hTwFJS5kCmDoSwkk1rnA&_nc_ss=7f289&_nc_zt=28&oh=00_AQDh8gbKBsZu7AyLEWKbe-azxN-9WR93nCjkyLv0y1vgKA&oe=6A58B549,https://scontent.fblr20-4.fna.fbcdn.net/v/t39.35426-6/740989222_1007947971874342_4179617673513945990_n.jpg?_nc_cat=103&ccb=1-7&_nc_sid=c53f8f&_nc_ohc=0Tm1cSmV4qwQ7kNvwGZxq5j&_nc_oc=AdrnDF1IVxjlJUHxSv_XJC7tlJiYwrZjHM8fKhy9r5UPg0atH0hp6EURyoLQbbDKy515YMIlUwF-J_ap9x0voKvp&_nc_zt=14&_nc_ht=scontent.fblr20-4.fna&_nc_gid=M_hTwFJS5kCmDoSwkk1rnA&_nc_ss=7f289&oh=00_AQDQd1t6Mb3nEhSWb5XxE2u6lhF5SseB5IdiEu435jnO-g&oe=6A58D491,2026-07-16T10:41:13.000Z,2026-07-12,https://pub-893b4a6a607b4221a894bf861da7914e.r2.dev/1700880501155696.mp4
85,73,English Seekho,565574549966663,English Seekho App,,IN,1700880501155696,https://www.facebook.com/ads/library/?id=1700880501155696,2026-07-07,,false,true,2,1,1456382019580932,2026-07-07,,Fluent English bolne ka sirf ek raasta – Daily practice on English Seekho App. Start now!,English Communication strong karo aur confidence badhao,Install now,http://play.google.com/store/apps/details?id=com.bolo.android,"Facebook,Instagram,Audience Network,Messenger,Threads",Fluent English bolne ka sirf ek raasta – Daily practice on English Seekho App. Start now!,English Communication strong karo aur confidence badhao,Install now,http://play.google.com/store/apps/details?id=com.bolo.android,Video,"Facebook,Instagram,Audience Network,Messenger,Threads",1,0,9:16,https://video.fblr20-5.fna.fbcdn.net/o1/v/t2/f2/m366/AQNwRB2TXR2gH1gt8-OmT9iA4Gst-9BXA_Zc6AlfqNa3aY-RK8Wyip6XWYgYCp3PvsAVpyivA8qtxhH1JCDcE-ifMAHpMQHYFatZK9Yk4AUgAQ.mp4?_nc_cat=107&_nc_oc=AdqDJcN6I0rg8wpqFvm9_NqYwCR9kXK61LnlyEK9Wyag4Cu8oMP8uHcJ8JPFSa5YpNj97vz7z-3QpXRmX3LfiM32&_nc_sid=b66105&_nc_ht=video.fblr20-5.fna.fbcdn.net&_nc_ohc=qGndrINZVocQ7kNvwHp3NMo&efg=eyJ2ZW5jb2RlX3RhZyI6Inhwdl9wcm9ncmVzc2l2ZS5WSV9VU0VDQVNFX1BST0RVQ1RfVFlQRS4uQzMuNzIwLmRhc2hfaDI2NC1iYXNpYy1nZW4yXzcyMHAiLCJ4cHZfYXNzZXRfaWQiOjEzNDU5MDkwNTM1NjYzNDQsImFzc2V0X2FnZV9kYXlzIjo4LCJ2aV91c2VjYXNlX2lkIjoxMDEzOSwiZHVyYXRpb25fcyI6ODcsInVybGdlbl9zb3VyY2UiOiJ3d3cifQ%3D%3D&ccb=17-1&vs=ea156cf59ad07a5b&_nc_vs=HBksFQIYRWZiX2VwaGVtZXJhbC82OTQ2RDcxOEExN0UxQkY0ODY4OTY5RjhGOEU0Rjg4OF9tdF8xX3ZpZGVvX2Rhc2hpbml0Lm1wNBUAAsgBEgAVAhhAZmJfcGVybWFuZW50L0VCNDM2Nzc5MzIzMjYxNTlDQUJDRDg5MDZEN0M5OUE5X2F1ZGlvX2Rhc2hpbml0Lm1wNBUCAsgBEgAoABgAGwKIB3VzZV9vaWwBMRJwcm9ncmVzc2l2ZV9yZWNpcGUBMRUAACaQts3wm4bkBBUCKAJDMywXQFXmZmZmZmYYGWRhc2hfaDI2NC1iYXNpYy1nZW4yXzcyMHARAHUAZbaeAQA&_nc_gid=3bycZ1H4TKn4-Mq15lxM0A&_nc_ss=7f289&_nc_zt=28&oh=00_AQA6vBAVf1RnYL2jYYaLdLkwrwqvMsICQCqR9xZHt0fP1A&oe=6A58B549,https://scontent.fblr20-4.fna.fbcdn.net/v/t39.35426-6/742060079_1566810908146861_8350966048770513843_n.jpg?_nc_cat=106&ccb=1-7&_nc_sid=c53f8f&_nc_ohc=ZFc8tifV3XsQ7kNvwFbQXO1&_nc_oc=Adoxn_l8NWkdGxishYUjvOmeoysyrXmCHxn4bYWtI_UiRhAZNa5YzgBtKxL4kwA6iTXRXxQ6rBR9x3YF3VohKCI2&_nc_zt=14&_nc_ht=scontent.fblr20-4.fna&_nc_gid=3bycZ1H4TKn4-Mq15lxM0A&_nc_ss=7f289&oh=00_AQCd0FftSNH16Y7gyFAL1oPPaKUiUzo6mzSuNUvFHsBoYA&oe=6A58D691,2026-07-16T10:41:13.000Z,2026-07-12,
86,74,English Seekho,565574549966663,English Seekho App,,IN,1781211133045778,https://www.facebook.com/ads/library/?id=1781211133045778,2026-06-24,,false,false,1,0,,2026-06-24,,"घरी बसूनच इंग्रजी शिका!
English Seekho App च्या इंटरॅक्टिव्ह लेसन्सच्या माध्यमातून दररोज सराव करा.",इंग्रजी कम्युनिकेशन मजबूत करा आणि आत्मविश्वास वाढवा.,Install now,http://play.google.com/store/apps/details?id=com.bolo.android,"Facebook,Instagram,Audience Network,Messenger,Threads","घरी बसूनच इंग्रजी शिका!
English Seekho App च्या इंटरॅक्टिव्ह लेसन्सच्या माध्यमातून दररोज सराव करा.",इंग्रजी कम्युनिकेशन मजबूत करा आणि आत्मविश्वास वाढवा.,Install now,http://play.google.com/store/apps/details?id=com.bolo.android,Video,"Facebook,Instagram,Audience Network,Messenger,Threads",1,0,9:16,https://video.fblr20-4.fna.fbcdn.net/o1/v/t2/f2/m366/AQPbGOwH3C20TD-yn1GJHsXXOnCiGUATKUW6uHrvXs4aBek06UUTY7R1q-iZHmFrdWr_MN36yNyb9pbWMmXs5V8RmgAy8125lY81IjMpXm4Cdg.mp4?_nc_cat=103&_nc_oc=AdqqV60voGXuNshgFmNiUm58So30Spb7NN1ktoFh7J8KY1PES7PVM0Pm35oBZtu57k-A0lGFN0KJzulNmnRtGHb5&_nc_sid=b66105&_nc_ht=video.fblr20-4.fna.fbcdn.net&_nc_ohc=KaLh3FfpZRAQ7kNvwEBbLo5&efg=eyJ2ZW5jb2RlX3RhZyI6Inhwdl9wcm9ncmVzc2l2ZS5WSV9VU0VDQVNFX1BST0RVQ1RfVFlQRS4uQzMuNzIwLmRhc2hfaDI2NC1iYXNpYy1nZW4yXzcyMHAiLCJ4cHZfYXNzZXRfaWQiOjgzNjAxMTQ4ODg4NzkxMiwiYXNzZXRfYWdlX2RheXMiOjkxLCJ2aV91c2VjYXNlX2lkIjoxMDc5OSwiZHVyYXRpb25fcyI6MTAxLCJ1cmxnZW5fc291cmNlIjoid3d3In0%3D&ccb=17-1&vs=530ed1db1a5fced6&_nc_vs=HBksFQIYRWZiX2VwaGVtZXJhbC9CQTQ2RjA3NTRBMTU2QjkzQTQ3MEU5ODY4MzRBMTQ5NV9tdF8xX3ZpZGVvX2Rhc2hpbml0Lm1wNBUAAsgBEgAVAhhAZmJfcGVybWFuZW50L0FBNDNCMjJGM0NFQzVERjYzNDlGREZFNTlFQUNCNjgzX2F1ZGlvX2Rhc2hpbml0Lm1wNBUCAsgBEgAoABgAGwKIB3VzZV9vaWwBMRJwcm9ncmVzc2l2ZV9yZWNpcGUBMRUAACbQkZb9opb8AhUCKAJDMywXQFlEOVgQYk4YGWRhc2hfaDI2NC1iYXNpYy1nZW4yXzcyMHARAHUAZd6oAQA&_nc_gid=M_hTwFJS5kCmDoSwkk1rnA&_nc_ss=7f289&_nc_zt=28&oh=00_AQD0M9giZ5dh_qCcd2Rl1z3H9csdhQ_aQMQfl3rKjR3JtA&oe=6A58B795,https://scontent.fblr20-1.fna.fbcdn.net/v/t39.35426-6/728254915_1512932760513714_9000440636015595273_n.jpg?_nc_cat=108&ccb=1-7&_nc_sid=c53f8f&_nc_ohc=ClOWTC8CE0cQ7kNvwH9e4Iw&_nc_oc=Adp-x28gIKT1ye1fYFSou5iqK_7y2ubFMll_vtmyFAIlQ1odTJwRE0Yww4L1TVf23F5iHc0MqRLraBZ1scIY8vHp&_nc_zt=14&_nc_ht=scontent.fblr20-1.fna&_nc_gid=M_hTwFJS5kCmDoSwkk1rnA&_nc_ss=7f289&oh=00_AQDP_F2NRW-RKQCv2gsIg74vKaX-mBZ560HedglL7hESNA&oe=6A58CB71,2026-07-16T10:51:01.000Z,2026-07-12,https://pub-893b4a6a607b4221a894bf861da7914e.r2.dev/1781211133045778.mp4
87,75,English Seekho,565574549966663,English Seekho App,,IN,2299324837553512,https://www.facebook.com/ads/library/?id=2299324837553512,2026-06-18,,false,false,1,0,,2026-06-18,,Fluent English bolne ka sirf ek raasta – Daily practice on English Seekho App. Start now!,English Communication strong karo aur confidence badhao,Install now,http://play.google.com/store/apps/details?id=com.bolo.android,"Facebook,Instagram,Audience Network,Messenger,Threads",Fluent English bolne ka sirf ek raasta – Daily practice on English Seekho App. Start now!,English Communication strong karo aur confidence badhao,Install now,http://play.google.com/store/apps/details?id=com.bolo.android,Video,"Facebook,Instagram,Audience Network,Messenger,Threads",1,0,9:16,https://video.fblr20-2.fna.fbcdn.net/o1/v/t2/f2/m366/AQPPsUKiJXnB8ypH3yZD83H5Gq5QTfgqtnFY2puJZlBt_mWakqWwYlgkoX_OgJJpjrjNSLu5lhcp-xXOD4oyHxxp72fCD87wXnPkKli0Xb-4dA.mp4?_nc_cat=104&_nc_oc=AdqhnZd71wnGo0qOEW6QbF-rEN7LI1H0xVQK7qcK3gav4HtptCcwC0ZK6CEHtO48ide51cklPXDOTxgZMaBh8up7&_nc_sid=b66105&_nc_ht=video.fblr20-2.fna.fbcdn.net&_nc_ohc=n1QLoIhQ0nQQ7kNvwFFJh9g&efg=eyJ2ZW5jb2RlX3RhZyI6Inhwdl9wcm9ncmVzc2l2ZS5WSV9VU0VDQVNFX1BST0RVQ1RfVFlQRS4uQzMuNzIwLmRhc2hfaDI2NC1iYXNpYy1nZW4yXzcyMHAiLCJ4cHZfYXNzZXRfaWQiOjE2NjQxMzM1MjQ4MDI5MzMsImFzc2V0X2FnZV9kYXlzIjoxMDgsInZpX3VzZWNhc2VfaWQiOjEwMTM5LCJkdXJhdGlvbl9zIjo5NSwidXJsZ2VuX3NvdXJjZSI6Ind3dyJ9&ccb=17-1&vs=82d16531a32b712f&_nc_vs=HBksFQIYRWZiX2VwaGVtZXJhbC9BMjQ5QzY2NjUwMzIwMkJGRUVDNTUxQTRCRDEyRENBRl9tdF8xX3ZpZGVvX2Rhc2hpbml0Lm1wNBUAAsgBEgAVAhhAZmJfcGVybWFuZW50LzU1NEY1RDQzMjFEQzUxMUFDQjY4QjM5QTBFMzEyMkI4X2F1ZGlvX2Rhc2hpbml0Lm1wNBUCAsgBEgAoABgAGwKIB3VzZV9vaWwBMRJwcm9ncmVzc2l2ZV9yZWNpcGUBMRUAACbqtdb5qOH0BRUCKAJDMywXQFfVT987ZFoYGWRhc2hfaDI2NC1iYXNpYy1nZW4yXzcyMHARAHUAZbaeAQA&_nc_gid=M_hTwFJS5kCmDoSwkk1rnA&_nc_ss=7f289&_nc_zt=28&oh=00_AQD8C8hLCA2iWhdbo7LTux0qPE43j7ZGASvbugTEwJPlbA&oe=6A58BF64,https://scontent.fblr20-2.fna.fbcdn.net/v/t39.35426-6/721463455_4355838331357843_1888539678378430140_n.jpg?_nc_cat=111&ccb=1-7&_nc_sid=c53f8f&_nc_ohc=Uw4tBBIXg2QQ7kNvwEzEFrk&_nc_oc=Ado2-V0JBcDBP3dC8w5KLmsX79WMJTODSbrbAsKi1d6YtB6m_0F_nkQs8AXOJY9TX5dZcuXBYjmKzbk23Sy-n_m9&_nc_zt=14&_nc_ht=scontent.fblr20-2.fna&_nc_gid=M_hTwFJS5kCmDoSwkk1rnA&_nc_ss=7f289&oh=00_AQCdZL32gAJkbStLKJT3ZdqR95enffZrO6Mk658Kg-jaxQ&oe=6A58A913,2026-07-16T11:24:20.000Z,2026-07-12,https://pub-893b4a6a607b4221a894bf861da7914e.r2.dev/2299324837553512.mp4
88,76,English Seekho,565574549966663,English Seekho App,,IN,1478126110733286,https://www.facebook.com/ads/library/?id=1478126110733286,2026-06-28,,false,false,1,0,,2026-06-28,,"ঘরে বসেই ইংরেজি শিখুন!
English Seekho App-এর ইন্টারঅ্যাকটিভ লেসনের মাধ্যমে প্রতিদিন অনুশীলন করুন।",ইংরেজি কমিউনিকেশন শক্তিশালী করুন এবং আত্মবিশ্বাস বাড়ান।,Install now,http://play.google.com/store/apps/details?id=com.bolo.android,"Facebook,Instagram,Audience Network,Messenger,Threads","ঘরে বসেই ইংরেজি শিখুন!
English Seekho App-এর ইন্টারঅ্যাকটিভ লেসনের মাধ্যমে প্রতিদিন অনুশীলন করুন।",ইংরেজি কমিউনিকেশন শক্তিশালী করুন এবং আত্মবিশ্বাস বাড়ান।,Install now,http://play.google.com/store/apps/details?id=com.bolo.android,Video,"Facebook,Instagram,Audience Network,Messenger,Threads",1,0,9:16,https://video.fblr20-3.fna.fbcdn.net/o1/v/t2/f2/m366/AQMVMIwG_qyrrd80-JhgWpLaKWOpSNT6g2K0O9CvV6CsU3anGWzqgY3A__Jd7_VZ9PxhG4wS_Tmo8irVYQmP3m1HrapOipYJnhbqei1MVBq2ow.mp4?_nc_cat=100&_nc_oc=AdoaI12Vu5U5k7b_Ol43_-NDhTUQJrcsgPjHOfzoVMkNKPLDENlhxmtqwnGObtOHwCpCz-jZCBlvGeVg2N5VkIij&_nc_sid=b66105&_nc_ht=video.fblr20-3.fna.fbcdn.net&_nc_ohc=D_C5cr6afE4Q7kNvwGtkm--&efg=eyJ2ZW5jb2RlX3RhZyI6Inhwdl9wcm9ncmVzc2l2ZS5WSV9VU0VDQVNFX1BST0RVQ1RfVFlQRS4uQzMuNzIwLmRhc2hfaDI2NC1iYXNpYy1nZW4yXzcyMHAiLCJ4cHZfYXNzZXRfaWQiOjEwMjU5NTIyNjY0NTYxNzAsImFzc2V0X2FnZV9kYXlzIjoxNiwidmlfdXNlY2FzZV9pZCI6MTAxMzksImR1cmF0aW9uX3MiOjE2OSwidXJsZ2VuX3NvdXJjZSI6Ind3dyJ9&ccb=17-1&vs=e0a41050db44dc77&_nc_vs=HBksFQIYRWZiX2VwaGVtZXJhbC8xRDQ0RjY3MDc3NjQ0MzhFMTZCRTg1RDk2NUQyRkJBMV9tdF8xX3ZpZGVvX2Rhc2hpbml0Lm1wNBUAAsgBEgAVAhhAZmJfcGVybWFuZW50LzhDNDE5RTE4RkRDNENCNzk0Q0JBREM0NEFCMjlCRkEzX2F1ZGlvX2Rhc2hpbml0Lm1wNBUCAsgBEgAoABgAGwKIB3VzZV9vaWwBMRJwcm9ncmVzc2l2ZV9yZWNpcGUBMRUAACbUsbCGpMbSAxUCKAJDMywXQGU92yLQ5WAYGWRhc2hfaDI2NC1iYXNpYy1nZW4yXzcyMHARAHUAZbaeAQA&_nc_gid=M_hTwFJS5kCmDoSwkk1rnA&_nc_ss=7f289&_nc_zt=28&oh=00_AQCmWne35JJkYtQfKVrnM8VTjsA9E62jcxF7aAWA38Y46A&oe=6A58A234,https://scontent.fblr20-3.fna.fbcdn.net/v/t39.35426-6/733483155_2104633300465954_5417708438229540886_n.jpg?_nc_cat=100&ccb=1-7&_nc_sid=c53f8f&_nc_ohc=JeIYv5QCFQIQ7kNvwHA1dp1&_nc_oc=Adpvv2AFlIPm9NEfVkbFAqF7C1mKhkcyCLb29MC0kIRToTjhFM-PcY4BNF-4F5zjLWuv_G4q0P-Fsl641H4Z0AJq&_nc_zt=14&_nc_ht=scontent.fblr20-3.fna&_nc_gid=M_hTwFJS5kCmDoSwkk1rnA&_nc_ss=7f289&oh=00_AQD0_q9YmN1CYHwGhC1TsXM7aO9ks8wazI0G3kllF-DxFA&oe=6A58CEA1,2026-07-16T09:19:48.000Z,2026-07-12,https://pub-893b4a6a607b4221a894bf861da7914e.r2.dev/1478126110733286.mp4
89,77,English Seekho,565574549966663,English Seekho App,,IN,1690151285438245,https://www.facebook.com/ads/library/?id=1690151285438245,2026-07-09,,false,false,1,0,,2026-07-09,,Fluent English bolne ka sirf ek raasta – Daily practice on English Seekho App. Start now!,English Communication strong karo aur confidence badhao,Install now,http://play.google.com/store/apps/details?id=com.bolo.android,"Facebook,Instagram,Audience Network,Messenger,Threads",Fluent English bolne ka sirf ek raasta – Daily practice on English Seekho App. Start now!,English Communication strong karo aur confidence badhao,Install now,http://play.google.com/store/apps/details?id=com.bolo.android,Video,"Facebook,Instagram,Audience Network,Messenger,Threads",1,0,9:16,https://video.fblr20-1.fna.fbcdn.net/o1/v/t2/f2/m366/AQNfSlglRcGp9GC8IxB46sLAXAEp0UwRF-LvqhRLBBgI7rtlwco9T3JkIlusz2CCBt3aRSLo0e1TpMktD8nTvl4hrYhnPXunWaidwm9XtHW8HA.mp4?_nc_cat=110&_nc_oc=AdqwInS-6ShXnRSrGnLb0PGSeegbo3e2KsrypwYiXj1CET7AHjMXLkXp4Bni4lNGxAb9J_WA-vsQxkKFgnRolLXB&_nc_sid=b66105&_nc_ht=video.fblr20-1.fna.fbcdn.net&_nc_ohc=jOHi5-EhAFUQ7kNvwH5xlIa&efg=eyJ2ZW5jb2RlX3RhZyI6Inhwdl9wcm9ncmVzc2l2ZS5WSV9VU0VDQVNFX1BST0RVQ1RfVFlQRS4uQzMuNzIwLmRhc2hfaDI2NC1iYXNpYy1nZW4yXzcyMHAiLCJ4cHZfYXNzZXRfaWQiOjI4MjE4MjgxMjQ4NDU3MTcsImFzc2V0X2FnZV9kYXlzIjo1NCwidmlfdXNlY2FzZV9pZCI6MTAxMzksImR1cmF0aW9uX3MiOjU2LCJ1cmxnZW5fc291cmNlIjoid3d3In0%3D&ccb=17-1&vs=ad8caca7e93288f6&_nc_vs=HBksFQIYRWZiX2VwaGVtZXJhbC8zQzRDMDE5RTFCNTYzMkFGOUY3RkI4RjI5M0JBM0E5OF9tdF8xX3ZpZGVvX2Rhc2hpbml0Lm1wNBUAAsgBEgAVAhhAZmJfcGVybWFuZW50L0YyNDAyQzc2QTcwNjk1MjMwQkU0OTc3RkY2REFDMDhEX2F1ZGlvX2Rhc2hpbml0Lm1wNBUCAsgBEgAoABgAGwKIB3VzZV9vaWwBMRJwcm9ncmVzc2l2ZV9yZWNpcGUBMRUAACaqmv3vgZyDChUCKAJDMywXQExT987ZFocYGWRhc2hfaDI2NC1iYXNpYy1nZW4yXzcyMHARAHUAZbaeAQA&_nc_gid=i29hZpgM_1WdDvKI6EsPXw&_nc_ss=7f289&_nc_zt=28&oh=00_AQBpsZwuqFym9wGRp6QSon5khRn5c-teA5BP90zjirk9og&oe=6A589F22,https://scontent.fblr20-3.fna.fbcdn.net/v/t39.35426-6/742241651_1770091347319622_3296788073039961629_n.jpg?_nc_cat=105&ccb=1-7&_nc_sid=c53f8f&_nc_ohc=E5nzjNLJV3oQ7kNvwErGWqG&_nc_oc=Adr6iFp1VaBo15u2KWiCTNDxelqx_bvnyRtvllPVn2QPAs7ZcTykCvFm3lsTJxNV-_YPaiMvcVlNk0a_eQCoY9xh&_nc_zt=14&_nc_ht=scontent.fblr20-3.fna&_nc_gid=i29hZpgM_1WdDvKI6EsPXw&_nc_ss=7f289&oh=00_AQAiKqEfGous7OYMyAuaetMAwOVrnjNvkS6r1yf8CLOHoA&oe=6A58A47E,2026-07-16T09:06:42.000Z,2026-07-12,https://pub-893b4a6a607b4221a894bf861da7914e.r2.dev/1690151285438245.mp4
90,78,English Seekho,565574549966663,English Seekho App,,IN,899535979898551,https://www.facebook.com/ads/library/?id=899535979898551,2026-07-08,,false,false,1,0,,2026-07-08,,Fluent English bolne ka sirf ek raasta – Daily practice on English Seekho App. Start now!,English Communication strong karo aur confidence badhao,Install now,http://play.google.com/store/apps/details?id=com.bolo.android,"Facebook,Instagram,Audience Network,Messenger,Threads",Fluent English bolne ka sirf ek raasta – Daily practice on English Seekho App. Start now!,English Communication strong karo aur confidence badhao,Install now,http://play.google.com/store/apps/details?id=com.bolo.android,Video,"Facebook,Instagram,Audience Network,Messenger,Threads",1,0,9:16,https://video.fblr20-3.fna.fbcdn.net/o1/v/t2/f2/m366/AQO2KrJXeL5yHKXl6vLPuSGeR1vRgmods0XckNci0zU3JEWrs2_sgo5A-y9nEuXpW_rnNgWa_HJ2_LPRvV7E-Ys7x8NdYoGldgqlMhgOlPn6uw.mp4?_nc_cat=109&_nc_oc=AdqunJDxZgspo2f0CFM4hxn4qFAcmpaT_e6RCBZs8Ojw_i0S4jp8Qlc--pCp45zxE6mI5Cuu6sRcHo3lRJodhT9o&_nc_sid=b66105&_nc_ht=video.fblr20-3.fna.fbcdn.net&_nc_ohc=2aovQdDEem4Q7kNvwEYyVT2&efg=eyJ2ZW5jb2RlX3RhZyI6Inhwdl9wcm9ncmVzc2l2ZS5WSV9VU0VDQVNFX1BST0RVQ1RfVFlQRS4uQzMuNzIwLmRhc2hfaDI2NC1iYXNpYy1nZW4yXzcyMHAiLCJ4cHZfYXNzZXRfaWQiOjk0NTQyODU5MTg4MzYzMSwiYXNzZXRfYWdlX2RheXMiOjksInZpX3VzZWNhc2VfaWQiOjEwNzk5LCJkdXJhdGlvbl9zIjo1NCwidXJsZ2VuX3NvdXJjZSI6Ind3dyJ9&ccb=17-1&vs=94220a41dc776d2c&_nc_vs=HBksFQIYRWZiX2VwaGVtZXJhbC9DQzQxRDhBNkJEMUZGQkU2RDk5MTY0NzVDNjk0N0VCMl9tdF8xX3ZpZGVvX2Rhc2hpbml0Lm1wNBUAAsgBEgAVAhhAZmJfcGVybWFuZW50LzEzNDNGOUJBNjA3QjRCNTFBM0VCRDdGM0JBNUQzNkFFX2F1ZGlvX2Rhc2hpbml0Lm1wNBUCAsgBEgAoABgAGwKIB3VzZV9vaWwBMRJwcm9ncmVzc2l2ZV9yZWNpcGUBMRUAACbe1Yn2l_etAxUCKAJDMywXQEtggxJul40YGWRhc2hfaDI2NC1iYXNpYy1nZW4yXzcyMHARAHUAZd6oAQA&_nc_gid=i29hZpgM_1WdDvKI6EsPXw&_nc_ss=7f289&_nc_zt=28&oh=00_AQB0fk0dNPqAN75Sf5dPTREdrWZO5lF2cnN-JDPszH_trQ&oe=6A58CD17,https://scontent.fblr20-2.fna.fbcdn.net/v/t39.35426-6/742446422_2144541222938927_8509690646498529333_n.jpg?_nc_cat=102&ccb=1-7&_nc_sid=c53f8f&_nc_ohc=il76F0GRO5UQ7kNvwEHoDlT&_nc_oc=AdoJX1qZq08ZAFr-LtZqy85EnfAueBTRy50kVi8jcfnnXa1j2iYeeqorLXStVMn_Epw7KV71hbDqe8hp0PvV4k_9&_nc_zt=14&_nc_ht=scontent.fblr20-2.fna&_nc_gid=i29hZpgM_1WdDvKI6EsPXw&_nc_ss=7f289&oh=00_AQCEbQ9qnPmYIIvnJIR4xwDNGcZsHoQ-pSJDNe8VXSP1eQ&oe=6A58A369,2026-07-16T12:22:47.000Z,2026-07-12,https://pub-893b4a6a607b4221a894bf861da7914e.r2.dev/899535979898551.mp4
91,79,English Seekho,565574549966663,English Seekho App,,IN,1961729674555213,https://www.facebook.com/ads/library/?id=1961729674555213,2026-01-23,,false,false,1,0,,2026-01-23,,Fluent English bolne ka sirf ek raasta – Daily practice on English Seekho App. Start now!,English Communication strong karo aur confidence badhao,Install now,http://play.google.com/store/apps/details?id=com.bolo.android,"Facebook,Instagram,Audience Network,Messenger,Threads",Fluent English bolne ka sirf ek raasta – Daily practice on English Seekho App. Start now!,English Communication strong karo aur confidence badhao,Install now,http://play.google.com/store/apps/details?id=com.bolo.android,Video,"Facebook,Instagram,Audience Network,Messenger,Threads",1,0,9:16,https://video.fblr20-4.fna.fbcdn.net/o1/v/t2/f2/m366/AQNlfyir7ByEU6ZDb3FtX_dcNGSazN4mo9nYawBFP2JVptdhXdifchEFQNCbOEr2BJNH878p9FlwQ0lQiFB5LgFf7Zd87LLQaEXWRx2csh9Vwg.mp4?_nc_cat=103&_nc_oc=Adpy2BzChTcsIt3z9BHTNsONI6JbujvM55Tsb_76-aosQHjczdqidjQDoIa-Pu_q3OJ8STWeqhhwAaqE4GYbzY_t&_nc_sid=b66105&_nc_ht=video.fblr20-4.fna.fbcdn.net&_nc_ohc=H-1Noqu5h8oQ7kNvwGNrx3Y&efg=eyJ2ZW5jb2RlX3RhZyI6Inhwdl9wcm9ncmVzc2l2ZS5WSV9VU0VDQVNFX1BST0RVQ1RfVFlQRS4uQzMuNzIwLmRhc2hfaDI2NC1iYXNpYy1nZW4yXzcyMHAiLCJ4cHZfYXNzZXRfaWQiOjIwMTQwMzU2NzYwNTExODgsImFzc2V0X2FnZV9kYXlzIjoyMTMsInZpX3VzZWNhc2VfaWQiOjEwMTM5LCJkdXJhdGlvbl9zIjo0NCwidXJsZ2VuX3NvdXJjZSI6Ind3dyJ9&ccb=17-1&vs=818f810ba4647d13&_nc_vs=HBksFQIYRWZiX2VwaGVtZXJhbC81NzRGQThGNDE2NzA2QjZCNEE1Qjc4NUI1NTQxMDlCMV9tdF8xX3ZpZGVvX2Rhc2hpbml0Lm1wNBUAAsgBEgAVAhhAZmJfcGVybWFuZW50LzM1NEVFRDZDMUM1QjVCQ0RCQjg2MzQzRTI0OTZDQUJDX2F1ZGlvX2Rhc2hpbml0Lm1wNBUCAsgBEgAoABgAGwKIB3VzZV9vaWwBMRJwcm9ncmVzc2l2ZV9yZWNpcGUBMRUAACbo28mQp_CTBxUCKAJDMywXQEZAAAAAAAAYGWRhc2hfaDI2NC1iYXNpYy1nZW4yXzcyMHARAHUAZbaeAQA&_nc_gid=i29hZpgM_1WdDvKI6EsPXw&_nc_ss=7f289&_nc_zt=28&oh=00_AQDdLETps0eqB-hlsEqwoPA8eEfHsAF_CJuYiWWPfpNQoA&oe=6A589F39,https://scontent.fblr20-1.fna.fbcdn.net/v/t39.35426-6/619527189_4191982001055269_8074031017433967436_n.jpg?_nc_cat=108&ccb=1-7&_nc_sid=c53f8f&_nc_ohc=AN4JzhZZjHgQ7kNvwGznEWh&_nc_oc=Adp_SnxcSK6W26qOldynBYJjlsOk-xUcQK-T84fFLuBiNY0ZREOZ1XriiRQq41CEZEDY7DCZA0T--lebX6kwiWMZ&_nc_zt=14&_nc_ht=scontent.fblr20-1.fna&_nc_gid=i29hZpgM_1WdDvKI6EsPXw&_nc_ss=7f289&oh=00_AQDfRbbQZpb86UDdueXiBSLqxPxfeu3zpLsfXn4hGmJh1Q&oe=6A58C385,2026-07-16T09:07:05.000Z,2026-07-12,https://pub-893b4a6a607b4221a894bf861da7914e.r2.dev/1961729674555213.mp4
92,80,English Seekho,565574549966663,English Seekho App,,IN,1180761750891866,https://www.facebook.com/ads/library/?id=1180761750891866,2026-07-08,,false,false,1,0,,2026-07-08,,Fluent English bolne ka sirf ek raasta – Daily practice on English Seekho App. Start now!,English Communication strong karo aur confidence badhao,Install now,http://play.google.com/store/apps/details?id=com.bolo.android,"Facebook,Instagram,Audience Network,Messenger,Threads",Fluent English bolne ka sirf ek raasta – Daily practice on English Seekho App. Start now!,English Communication strong karo aur confidence badhao,Install now,http://play.google.com/store/apps/details?id=com.bolo.android,Video,"Facebook,Instagram,Audience Network,Messenger,Threads",1,0,9:16,https://video.fblr20-1.fna.fbcdn.net/o1/v/t2/f2/m366/AQMRcZ5QWmnn7ssSTEk4AJVzFRbqDNBQXX8kgYr3ev5Fco_qRq5aSzkzWv2OlBnlHT-GGhezWk_QxpGJtnvzgOSS8v5610LbwEzUhT28JeuBCg.mp4?_nc_cat=110&_nc_oc=Adr6baj-cVONTeuykRwAusqwbpTMi6WYUSGwca80qhEZ5WI--2kgGQittz7SvgSjGOHKnIE2Wb3cPm8MUx3FhUYw&_nc_sid=b66105&_nc_ht=video.fblr20-1.fna.fbcdn.net&_nc_ohc=2ybPJ81MpPAQ7kNvwFTVTAP&efg=eyJ2ZW5jb2RlX3RhZyI6Inhwdl9wcm9ncmVzc2l2ZS5WSV9VU0VDQVNFX1BST0RVQ1RfVFlQRS4uQzMuNzIwLmRhc2hfaDI2NC1iYXNpYy1nZW4yXzcyMHAiLCJ4cHZfYXNzZXRfaWQiOjEzMzc3MjIzOTQ5OTYyMjksImFzc2V0X2FnZV9kYXlzIjo5LCJ2aV91c2VjYXNlX2lkIjoxMDc5OSwiZHVyYXRpb25fcyI6NjAsInVybGdlbl9zb3VyY2UiOiJ3d3cifQ%3D%3D&ccb=17-1&vs=fa25fac11dfa28c9&_nc_vs=HBksFQIYRWZiX2VwaGVtZXJhbC81RjRGOEE1NUZCMERENENEMjgzNTM3REZERDVFMUVCOF9tdF8xX3ZpZGVvX2Rhc2hpbml0Lm1wNBUAAsgBEgAVAhhAZmJfcGVybWFuZW50L0FDNDZFODY0NUMxRUY1NTAyNTU2NUJGMzI4RUUxRjhEX2F1ZGlvX2Rhc2hpbml0Lm1wNBUCAsgBEgAoABgAGwKIB3VzZV9vaWwBMRJwcm9ncmVzc2l2ZV9yZWNpcGUBMRUAACaKuMvC2KngBBUCKAJDMywXQE4hR64UeuEYGWRhc2hfaDI2NC1iYXNpYy1nZW4yXzcyMHARAHUAZd6oAQA&_nc_gid=i29hZpgM_1WdDvKI6EsPXw&_nc_ss=7f289&_nc_zt=28&oh=00_AQDI4ZSOqh1fWm55cPnYOovQuR-njeNEoyH75Oz7j8EHtQ&oe=6A58D0DE,https://scontent.fblr20-2.fna.fbcdn.net/v/t39.35426-6/741100143_2425840601262512_5404102733765163904_n.jpg?_nc_cat=104&ccb=1-7&_nc_sid=c53f8f&_nc_ohc=8zWt_mKcThQQ7kNvwGcQjP4&_nc_oc=AdqmBy2CRKEhR_aS2OSf0mH8v7itsoXmiRzTxg0e9IwV-ltPLPdDKBJGQXjHhDOGk9dYX_RmTKbftsbl-lyHk_U8&_nc_zt=14&_nc_ht=scontent.fblr20-2.fna&_nc_gid=i29hZpgM_1WdDvKI6EsPXw&_nc_ss=7f289&oh=00_AQCJAsECfFPJzUQ6rOTblhZxroSOA43FH8o3Jdw74lDmBw&oe=6A58D0BE,2026-07-16T12:38:54.000Z,2026-07-12,https://pub-893b4a6a607b4221a894bf861da7914e.r2.dev/1180761750891866.mp4
93,81,English Seekho,565574549966663,English Seekho App,,IN,1515389233401695,https://www.facebook.com/ads/library/?id=1515389233401695,2026-07-06,,false,true,2,0,1515389233401695,2026-07-06,,Fluent English bolne ka sirf ek raasta – Daily practice on English Seekho App. Start now!,English Communication strong karo aur confidence badhao,Install now,http://play.google.com/store/apps/details?id=com.bolo.android,"Facebook,Instagram,Audience Network,Messenger,Threads",Fluent English bolne ka sirf ek raasta – Daily practice on English Seekho App. Start now!,English Communication strong karo aur confidence badhao,Install now,http://play.google.com/store/apps/details?id=com.bolo.android,Video,"Facebook,Instagram,Audience Network,Messenger,Threads",1,0,9:16,https://video.fblr20-4.fna.fbcdn.net/o1/v/t2/f2/m366/AQN1viVrhN6pAD_n4X_6ZckHHMj7oRIGpqMEBAJoRDRT9_WiStsZ9CLTmqpr469N1jB5_2gJ1aPqIXrziJv5ME20baJHVdbPJ9ZXkI0bESHd2A.mp4?_nc_cat=103&_nc_oc=AdoTUkGmBqV8QjxE3diSGRmuu21zgZQ_k2Fk3TVRLATUh-V7FfQbRbjpDsndbHJvBR6zW9TlYtnL_fFRQ7bmE7lG&_nc_sid=b66105&_nc_ht=video.fblr20-4.fna.fbcdn.net&_nc_ohc=ssTwXEtrWiQQ7kNvwF02OQ8&efg=eyJ2ZW5jb2RlX3RhZyI6Inhwdl9wcm9ncmVzc2l2ZS5WSV9VU0VDQVNFX1BST0RVQ1RfVFlQRS4uQzMuNzIwLmRhc2hfaDI2NC1iYXNpYy1nZW4yXzcyMHAiLCJ4cHZfYXNzZXRfaWQiOjE3MjI5Njg3MTIxNzgxMDAsImFzc2V0X2FnZV9kYXlzIjo4LCJ2aV91c2VjYXNlX2lkIjoxMDEzOSwiZHVyYXRpb25fcyI6NzEsInVybGdlbl9zb3VyY2UiOiJ3d3cifQ%3D%3D&ccb=17-1&vs=7f4ade379828a3f1&_nc_vs=HBksFQIYRWZiX2VwaGVtZXJhbC85NjQzRTFCQTI2NEIwRjU0Qjg1MzQ1MEYwNEQ4NDRCM19tdF8xX3ZpZGVvX2Rhc2hpbml0Lm1wNBUAAsgBEgAVAhhAZmJfcGVybWFuZW50L0NFNDdGMTgxQkM0QkE3MEJGQ0U5Rjk3RDA3MzRCQTkwX2F1ZGlvX2Rhc2hpbml0Lm1wNBUCAsgBEgAoABgAGwKIB3VzZV9vaWwBMRJwcm9ncmVzc2l2ZV9yZWNpcGUBMRUAACbopuOg_cGPBhUCKAJDMywXQFHzMzMzMzMYGWRhc2hfaDI2NC1iYXNpYy1nZW4yXzcyMHARAHUAZbaeAQA&_nc_gid=i29hZpgM_1WdDvKI6EsPXw&_nc_ss=7f289&_nc_zt=28&oh=00_AQCcG-rfYgOVmEPMlsBXtsYvGDxaTiWRIpBn8i5lOddNOA&oe=6A58AC3D,https://scontent.fblr20-4.fna.fbcdn.net/v/t39.35426-6/740858892_1576495710757357_3244988013870021565_n.jpg?_nc_cat=106&ccb=1-7&_nc_sid=c53f8f&_nc_ohc=gSe7iJX0zC8Q7kNvwFClaqo&_nc_oc=AdqW1cFVqXIk3M6CLccxQC0gxcFKBWCmXjqS2f-sSlU54lr1DXP0dgzO3Om3M7qYcQWlwBCaBkGLRc_plGBxijFt&_nc_zt=14&_nc_ht=scontent.fblr20-4.fna&_nc_gid=i29hZpgM_1WdDvKI6EsPXw&_nc_ss=7f289&oh=00_AQBNihpFyHhDR-4eIfOiCT06vCzilSmfnFdKr-ONoaq70w&oe=6A58B443,2026-07-16T10:02:37.000Z,2026-07-12,https://pub-893b4a6a607b4221a894bf861da7914e.r2.dev/1515389233401695.mp4
94,81,English Seekho,565574549966663,English Seekho App,,IN,1515389233401695,https://www.facebook.com/ads/library/?id=1515389233401695,2026-07-06,,false,true,2,1,1925824734769915,2026-07-06,,Fluent English bolne ka sirf ek raasta – Daily practice on English Seekho App. Start now!,English Communication strong karo aur confidence badhao,Install now,http://play.google.com/store/apps/details?id=com.bolo.android,"Facebook,Instagram,Audience Network,Messenger,Threads",Fluent English bolne ka sirf ek raasta – Daily practice on English Seekho App. Start now!,English Communication strong karo aur confidence badhao,Install now,http://play.google.com/store/apps/details?id=com.bolo.android,Video,"Facebook,Instagram,Audience Network,Messenger,Threads",1,0,9:16,https://video.fblr20-4.fna.fbcdn.net/o1/v/t2/f2/m366/AQN1viVrhN6pAD_n4X_6ZckHHMj7oRIGpqMEBAJoRDRT9_WiStsZ9CLTmqpr469N1jB5_2gJ1aPqIXrziJv5ME20baJHVdbPJ9ZXkI0bESHd2A.mp4?_nc_cat=103&_nc_oc=AdoTUkGmBqV8QjxE3diSGRmuu21zgZQ_k2Fk3TVRLATUh-V7FfQbRbjpDsndbHJvBR6zW9TlYtnL_fFRQ7bmE7lG&_nc_sid=b66105&_nc_ht=video.fblr20-4.fna.fbcdn.net&_nc_ohc=ssTwXEtrWiQQ7kNvwF02OQ8&efg=eyJ2ZW5jb2RlX3RhZyI6Inhwdl9wcm9ncmVzc2l2ZS5WSV9VU0VDQVNFX1BST0RVQ1RfVFlQRS4uQzMuNzIwLmRhc2hfaDI2NC1iYXNpYy1nZW4yXzcyMHAiLCJ4cHZfYXNzZXRfaWQiOjE3MjI5Njg3MTIxNzgxMDAsImFzc2V0X2FnZV9kYXlzIjo4LCJ2aV91c2VjYXNlX2lkIjoxMDEzOSwiZHVyYXRpb25fcyI6NzEsInVybGdlbl9zb3VyY2UiOiJ3d3cifQ%3D%3D&ccb=17-1&vs=7f4ade379828a3f1&_nc_vs=HBksFQIYRWZiX2VwaGVtZXJhbC85NjQzRTFCQTI2NEIwRjU0Qjg1MzQ1MEYwNEQ4NDRCM19tdF8xX3ZpZGVvX2Rhc2hpbml0Lm1wNBUAAsgBEgAVAhhAZmJfcGVybWFuZW50L0NFNDdGMTgxQkM0QkE3MEJGQ0U5Rjk3RDA3MzRCQTkwX2F1ZGlvX2Rhc2hpbml0Lm1wNBUCAsgBEgAoABgAGwKIB3VzZV9vaWwBMRJwcm9ncmVzc2l2ZV9yZWNpcGUBMRUAACbopuOg_cGPBhUCKAJDMywXQFHzMzMzMzMYGWRhc2hfaDI2NC1iYXNpYy1nZW4yXzcyMHARAHUAZbaeAQA&_nc_gid=Fggvwv_9Rsk7osTJZCFWAg&_nc_ss=7f289&_nc_zt=28&oh=00_AQCgCTXQ4zyNeCb5NEqtTWfDGgSS3qQEUFLhVLvIaqjU3w&oe=6A58AC3D,https://scontent.fblr20-4.fna.fbcdn.net/v/t39.35426-6/740858892_1576495710757357_3244988013870021565_n.jpg?_nc_cat=106&ccb=1-7&_nc_sid=c53f8f&_nc_ohc=gSe7iJX0zC8Q7kNvwFClaqo&_nc_oc=AdqW1cFVqXIk3M6CLccxQC0gxcFKBWCmXjqS2f-sSlU54lr1DXP0dgzO3Om3M7qYcQWlwBCaBkGLRc_plGBxijFt&_nc_zt=14&_nc_ht=scontent.fblr20-4.fna&_nc_gid=Fggvwv_9Rsk7osTJZCFWAg&_nc_ss=7f289&oh=00_AQApXOLRq0PMN7USBv4KQirUZr-FU0HeE-DGT5MYSv4oqA&oe=6A58B443,2026-07-16T10:02:37.000Z,2026-07-12,
95,82,English Seekho,565574549966663,English Seekho App,,IN,1021299320653057,https://www.facebook.com/ads/library/?id=1021299320653057,2026-06-24,,false,false,1,0,,2026-06-24,,Fluent English bolne ka sirf ek raasta – Daily practice on English Seekho App. Start now!,English Communication strong karo aur confidence badhao,Install now,http://play.google.com/store/apps/details?id=com.bolo.android,"Facebook,Instagram,Audience Network,Messenger,Threads",Fluent English bolne ka sirf ek raasta – Daily practice on English Seekho App. Start now!,English Communication strong karo aur confidence badhao,Install now,http://play.google.com/store/apps/details?id=com.bolo.android,Video,"Facebook,Instagram,Audience Network,Messenger,Threads",1,0,9:16,https://video.fblr20-4.fna.fbcdn.net/o1/v/t2/f2/m366/AQOuUr-iqs9nuFbSiWYA3z_L92dujLjEVM9iDayhTNUxDCEwQNA7cXShgJsl8gYIt-i22NUPp2OyONOCGo2xgX6xDOgdUrEDDNGOKLcQwgFV3w.mp4?_nc_cat=106&_nc_oc=Adr3wWc-FiNp1NPucXhwrUWsQzr7zADnufdZllbx2Gb9TJsToYqxkOQxWXe2bOew1gQg6_egEtDhIFT6yRQN3hfC&_nc_sid=b66105&_nc_ht=video.fblr20-4.fna.fbcdn.net&_nc_ohc=OgT4VCJ37UEQ7kNvwEORe40&efg=eyJ2ZW5jb2RlX3RhZyI6Inhwdl9wcm9ncmVzc2l2ZS5WSV9VU0VDQVNFX1BST0RVQ1RfVFlQRS4uQzMuNzIwLmRhc2hfaDI2NC1iYXNpYy1nZW4yXzcyMHAiLCJ4cHZfYXNzZXRfaWQiOjIwMDk1NTI2MDMzMTcyODYsImFzc2V0X2FnZV9kYXlzIjo4MiwidmlfdXNlY2FzZV9pZCI6MTAxMzksImR1cmF0aW9uX3MiOjEwOSwidXJsZ2VuX3NvdXJjZSI6Ind3dyJ9&ccb=17-1&vs=1e6e8e023b1aae36&_nc_vs=HBksFQIYRWZiX2VwaGVtZXJhbC80RDRFQjdENkNEMDREREYyRkJGRjUyNjFCMzBCNEQ4Q19tdF8xX3ZpZGVvX2Rhc2hpbml0Lm1wNBUAAsgBEgAVAhhAZmJfcGVybWFuZW50L0ZBNEQxNzRCMDIwRDJGMzc3MzlENzE3REVCQjE2OTkxX2F1ZGlvX2Rhc2hpbml0Lm1wNBUCAsgBEgAoABgAGwKIB3VzZV9vaWwBMRJwcm9ncmVzc2l2ZV9yZWNpcGUBMRUAACbMkKDRreuRBxUCKAJDMywXQFtlT987ZFoYGWRhc2hfaDI2NC1iYXNpYy1nZW4yXzcyMHARAHUAZbaeAQA&_nc_gid=i29hZpgM_1WdDvKI6EsPXw&_nc_ss=7f289&_nc_zt=28&oh=00_AQDiDItfExPTk1jwY1rZlXKUhjtbtxkfplm17GUva4P2DQ&oe=6A58A68E,https://scontent.fblr20-4.fna.fbcdn.net/v/t39.35426-6/730585010_980814261521384_4339810492872957926_n.jpg?_nc_cat=106&ccb=1-7&_nc_sid=c53f8f&_nc_ohc=4GnP3_scitUQ7kNvwFPlaMQ&_nc_oc=AdoznsFoNjFVurl3MHrtoEQAuvgdX1LnzGHY8v8T1tyKLn0mlpsDmPZi4fIqAhkwzcbwZfE0a58RxVxCTbUoJW-R&_nc_zt=14&_nc_ht=scontent.fblr20-4.fna&_nc_gid=i29hZpgM_1WdDvKI6EsPXw&_nc_ss=7f289&oh=00_AQDz_oLsyMBagvLTV99yTvHveYKf8XbMFQZZphitDwD0vQ&oe=6A58D097,2026-07-16T09:38:22.000Z,2026-07-12,https://pub-893b4a6a607b4221a894bf861da7914e.r2.dev/1021299320653057.mp4
96,83,English Seekho,565574549966663,English Seekho App,,IN,1703849837598003,https://www.facebook.com/ads/library/?id=1703849837598003,2026-07-06,,false,true,2,0,1703849837598003,2026-07-06,,Fluent English bolne ka sirf ek raasta – Daily practice on English Seekho App. Start now!,English Communication strong karo aur confidence badhao,Install now,http://play.google.com/store/apps/details?id=com.bolo.android,"Facebook,Instagram,Audience Network,Messenger,Threads",Fluent English bolne ka sirf ek raasta – Daily practice on English Seekho App. Start now!,English Communication strong karo aur confidence badhao,Install now,http://play.google.com/store/apps/details?id=com.bolo.android,Video,"Facebook,Instagram,Audience Network,Messenger,Threads",1,0,9:16,https://video.fblr20-1.fna.fbcdn.net/o1/v/t2/f2/m366/AQMHWjfZcRMFO6BiHS4Ktef6t2-C_ylGalyLbHzI3Zi9sqbGfv6ci2clBW11g3GYOyVqjTR20_u_RVa0SvJggXMkze65MxFEg8IJruGRH7NbPQ.mp4?_nc_cat=108&_nc_oc=AdpgGWsItbZPCN1KpnyLQBSHjSvZs1KTCHTIhBjp0cJrAlkcTxmO0bOiIQsI5UEpaHWKUIOPPq7ZmMjmDokeLpf1&_nc_sid=b66105&_nc_ht=video.fblr20-1.fna.fbcdn.net&_nc_ohc=mL40FRykrlgQ7kNvwG26ptE&efg=eyJ2ZW5jb2RlX3RhZyI6Inhwdl9wcm9ncmVzc2l2ZS5WSV9VU0VDQVNFX1BST0RVQ1RfVFlQRS4uQzMuNzIwLmRhc2hfaDI2NC1iYXNpYy1nZW4yXzcyMHAiLCJ4cHZfYXNzZXRfaWQiOjE1ODE4NTAzODY4ODYxOTgsImFzc2V0X2FnZV9kYXlzIjo4LCJ2aV91c2VjYXNlX2lkIjoxMDEzOSwiZHVyYXRpb25fcyI6ODcsInVybGdlbl9zb3VyY2UiOiJ3d3cifQ%3D%3D&ccb=17-1&vs=cd49bd1a1fe5bb9d&_nc_vs=HBksFQIYRWZiX2VwaGVtZXJhbC84NjRGOTczOUZCREU0NDY3MzZFMjUyNzJGRUI4NTJBMV9tdF8xX3ZpZGVvX2Rhc2hpbml0Lm1wNBUAAsgBEgAVAhhAZmJfcGVybWFuZW50LzU1NDI0NUEyM0NBNTY1MkI0OTg4MEYwMTNBNDc2MzhGX2F1ZGlvX2Rhc2hpbml0Lm1wNBUCAsgBEgAoABgAGwKIB3VzZV9vaWwBMRJwcm9ncmVzc2l2ZV9yZWNpcGUBMRUAACbsuK_m56vPBRUCKAJDMywXQFX90vGp--cYGWRhc2hfaDI2NC1iYXNpYy1nZW4yXzcyMHARAHUAZbaeAQA&_nc_gid=i29hZpgM_1WdDvKI6EsPXw&_nc_ss=7f289&_nc_zt=28&oh=00_AQAHbt0lHw0oyQxYvTU9ROUldo20ZVHQ9UpuAnPNhdvuRw&oe=6A589F40,https://scontent.fblr20-4.fna.fbcdn.net/v/t39.35426-6/739165105_2867469520290557_6536179203474355133_n.jpg?_nc_cat=106&ccb=1-7&_nc_sid=c53f8f&_nc_ohc=DULbL0R_WXYQ7kNvwFU9aa_&_nc_oc=AdoQseQhBnN3Ocej3Ml_msXvM-VEe12eKGhZch7yoIFyeP9BH59BSoRyCjpka8sPYe5M0WAB5rwWBVDw3jfTMz7B&_nc_zt=14&_nc_ht=scontent.fblr20-4.fna&_nc_gid=i29hZpgM_1WdDvKI6EsPXw&_nc_ss=7f289&oh=00_AQCxeUo6JTcnfrkWXJEH9xs3dYLOvMxInlT4On9wGbdtDQ&oe=6A58A43B,2026-07-16T09:07:12.000Z,2026-07-12,https://pub-893b4a6a607b4221a894bf861da7914e.r2.dev/1703849837598003.mp4
97,83,English Seekho,565574549966663,English Seekho App,,IN,1703849837598003,https://www.facebook.com/ads/library/?id=1703849837598003,2026-07-06,,false,true,2,1,1581530107019029,2026-07-06,,Fluent English bolne ka sirf ek raasta – Daily practice on English Seekho App. Start now!,English Communication strong karo aur confidence badhao,Install now,http://play.google.com/store/apps/details?id=com.bolo.android,"Facebook,Instagram,Audience Network,Messenger,Threads",Fluent English bolne ka sirf ek raasta – Daily practice on English Seekho App. Start now!,English Communication strong karo aur confidence badhao,Install now,http://play.google.com/store/apps/details?id=com.bolo.android,Video,"Facebook,Instagram,Audience Network,Messenger,Threads",1,0,9:16,https://video.fblr20-1.fna.fbcdn.net/o1/v/t2/f2/m366/AQMHWjfZcRMFO6BiHS4Ktef6t2-C_ylGalyLbHzI3Zi9sqbGfv6ci2clBW11g3GYOyVqjTR20_u_RVa0SvJggXMkze65MxFEg8IJruGRH7NbPQ.mp4?_nc_cat=108&_nc_oc=AdpgGWsItbZPCN1KpnyLQBSHjSvZs1KTCHTIhBjp0cJrAlkcTxmO0bOiIQsI5UEpaHWKUIOPPq7ZmMjmDokeLpf1&_nc_sid=b66105&_nc_ht=video.fblr20-1.fna.fbcdn.net&_nc_ohc=mL40FRykrlgQ7kNvwG26ptE&efg=eyJ2ZW5jb2RlX3RhZyI6Inhwdl9wcm9ncmVzc2l2ZS5WSV9VU0VDQVNFX1BST0RVQ1RfVFlQRS4uQzMuNzIwLmRhc2hfaDI2NC1iYXNpYy1nZW4yXzcyMHAiLCJ4cHZfYXNzZXRfaWQiOjE1ODE4NTAzODY4ODYxOTgsImFzc2V0X2FnZV9kYXlzIjo4LCJ2aV91c2VjYXNlX2lkIjoxMDEzOSwiZHVyYXRpb25fcyI6ODcsInVybGdlbl9zb3VyY2UiOiJ3d3cifQ%3D%3D&ccb=17-1&vs=cd49bd1a1fe5bb9d&_nc_vs=HBksFQIYRWZiX2VwaGVtZXJhbC84NjRGOTczOUZCREU0NDY3MzZFMjUyNzJGRUI4NTJBMV9tdF8xX3ZpZGVvX2Rhc2hpbml0Lm1wNBUAAsgBEgAVAhhAZmJfcGVybWFuZW50LzU1NDI0NUEyM0NBNTY1MkI0OTg4MEYwMTNBNDc2MzhGX2F1ZGlvX2Rhc2hpbml0Lm1wNBUCAsgBEgAoABgAGwKIB3VzZV9vaWwBMRJwcm9ncmVzc2l2ZV9yZWNpcGUBMRUAACbsuK_m56vPBRUCKAJDMywXQFX90vGp--cYGWRhc2hfaDI2NC1iYXNpYy1nZW4yXzcyMHARAHUAZbaeAQA&_nc_gid=Fggvwv_9Rsk7osTJZCFWAg&_nc_ss=7f289&_nc_zt=28&oh=00_AQCTpvdDfyBSqTUt9R1ET0-IvAlgbwDErXu0tor3InGNkQ&oe=6A589F40,https://scontent.fblr20-2.fna.fbcdn.net/v/t39.35426-6/740437921_2882838828732693_1362397502952204191_n.jpg?_nc_cat=104&ccb=1-7&_nc_sid=c53f8f&_nc_ohc=joVQMuaHyTgQ7kNvwEG01PI&_nc_oc=AdpAR7ROlt3Dvq4dS5KY29ySG663Ef-M-TvdrS54S1ICV8tUtMvfPs9rqZwp32OocNL9EU6f20K1Yr0glfkT1iSn&_nc_zt=14&_nc_ht=scontent.fblr20-2.fna&_nc_gid=Fggvwv_9Rsk7osTJZCFWAg&_nc_ss=7f289&oh=00_AQAqfALz4ZyrtLyP2fBRB-bz7oYthMaSAbiihlEta-oXQg&oe=6A58BCB5,2026-07-16T09:07:12.000Z,2026-07-12,
98,84,English Seekho,565574549966663,English Seekho App,,IN,1020004360632310,https://www.facebook.com/ads/library/?id=1020004360632310,2026-07-06,,false,false,1,0,,2026-07-06,,Fluent English bolne ka sirf ek raasta – Daily practice on English Seekho App. Start now!,English Communication strong karo aur confidence badhao,Install now,http://play.google.com/store/apps/details?id=com.bolo.android,"Facebook,Instagram,Audience Network,Messenger,Threads",Fluent English bolne ka sirf ek raasta – Daily practice on English Seekho App. Start now!,English Communication strong karo aur confidence badhao,Install now,http://play.google.com/store/apps/details?id=com.bolo.android,Video,"Facebook,Instagram,Audience Network,Messenger,Threads",1,0,9:16,https://video.fblr20-3.fna.fbcdn.net/o1/v/t2/f2/m366/AQO6fSpCgtziYLSgf48U9spAs-pPe3fMGEx4Xzk4HHMGnR5CNezlCVY8iNb5xyXJ-yyfSu7Cmxj9Wt0d5-GhyP9mCAWTD40a0_FAoNFV1x5FgA.mp4?_nc_cat=109&_nc_oc=Adq4g1XsY1KSjjGysxMfOawuIs0KGf3fdOYplrLz_vQNAlzJzgTrB4fdNf32wZkiSAxCFsjf1xp5GYc30eAYqnhf&_nc_sid=b66105&_nc_ht=video.fblr20-3.fna.fbcdn.net&_nc_ohc=AXI5ThatUtsQ7kNvwH_dl7q&efg=eyJ2ZW5jb2RlX3RhZyI6Inhwdl9wcm9ncmVzc2l2ZS5WSV9VU0VDQVNFX1BST0RVQ1RfVFlQRS4uQzMuNzIwLmRhc2hfaDI2NC1iYXNpYy1nZW4yXzcyMHAiLCJ4cHZfYXNzZXRfaWQiOjE1Nzg4NjQyMDM2NzU3NzYsImFzc2V0X2FnZV9kYXlzIjo4LCJ2aV91c2VjYXNlX2lkIjoxMDEzOSwiZHVyYXRpb25fcyI6NzYsInVybGdlbl9zb3VyY2UiOiJ3d3cifQ%3D%3D&ccb=17-1&vs=c1b4f37af7a4873a&_nc_vs=HBksFQIYRWZiX2VwaGVtZXJhbC8wQjQ0NURDRkVBQkQ5QTYyNzQ4Q0FBMDZCNzdEOTM4Ml9tdF8xX3ZpZGVvX2Rhc2hpbml0Lm1wNBUAAsgBEgAVAhhAZmJfcGVybWFuZW50L0I1NDUxQTI0QTIzRUNDRENEMzQ4QzNCOUU5NkJEQUFCX2F1ZGlvX2Rhc2hpbml0Lm1wNBUCAsgBEgAoABgAGwKIB3VzZV9vaWwBMRJwcm9ncmVzc2l2ZV9yZWNpcGUBMRUAACaA4pGA__3NBRUCKAJDMywXQFMogxJul40YGWRhc2hfaDI2NC1iYXNpYy1nZW4yXzcyMHARAHUAZbaeAQA&_nc_gid=i29hZpgM_1WdDvKI6EsPXw&_nc_ss=7f289&_nc_zt=28&oh=00_AQAWDvV47KYtI1ln6wg--JzCScKs0SlIz84tgmIXQ_r7RQ&oe=6A58A43F,https://scontent.fblr20-5.fna.fbcdn.net/v/t39.35426-6/740366123_2090692298149070_7344096567014300031_n.jpg?_nc_cat=107&ccb=1-7&_nc_sid=c53f8f&_nc_ohc=YwZv-tngGBoQ7kNvwHZhpTi&_nc_oc=Adoc3QT5hnhyiEP_Pv1kPQarV7VPxqQPyXwUm9CzSwjQG6I2KwbIGuqI8YVkpNaQLjlpKNKs-X6hFzyi6suxp2UC&_nc_zt=14&_nc_ht=scontent.fblr20-5.fna&_nc_gid=i29hZpgM_1WdDvKI6EsPXw&_nc_ss=7f289&oh=00_AQB8mq4wVXCffbtrummlHbZ1eGgELomAzKPVKJYzEJ-aCw&oe=6A58A113,2026-07-16T09:28:31.000Z,2026-07-12,https://pub-893b4a6a607b4221a894bf861da7914e.r2.dev/1020004360632310.mp4
99,85,English Seekho,565574549966663,English Seekho App,,IN,1808954107158548,https://www.facebook.com/ads/library/?id=1808954107158548,2026-01-22,,false,false,1,0,,2026-01-22,,Fluent English bolne ka sirf ek raasta – Daily practice on English Seekho App. Start now!,English Communication strong karo aur confidence badhao,Install now,http://play.google.com/store/apps/details?id=com.bolo.android,"Facebook,Instagram,Audience Network,Messenger,Threads",Fluent English bolne ka sirf ek raasta – Daily practice on English Seekho App. Start now!,English Communication strong karo aur confidence badhao,Install now,http://play.google.com/store/apps/details?id=com.bolo.android,Video,"Facebook,Instagram,Audience Network,Messenger,Threads",1,0,9:16,https://video.fblr20-3.fna.fbcdn.net/o1/v/t2/f2/m366/AQOwLpfNSlWpZMVauAGURZjf-ag1IkCdWlh-wfXIeXp2n6fnlSbVI8zok8AMQ0-kazKh78-NhD_OJscWsmzqRkVbsg_1MYBZ5qh36nJgoMlYCA.mp4?_nc_cat=109&_nc_oc=AdqGCUe7P2BWj8dpsrRLoGbchvB8lofuIcHjR2lJgsCzTwZ6YKab2OdUIPEzfheTyKh4mh84eb_Kg0R-guFBAvSn&_nc_sid=b66105&_nc_ht=video.fblr20-3.fna.fbcdn.net&_nc_ohc=Gy0sw3_P5cUQ7kNvwEamPWO&efg=eyJ2ZW5jb2RlX3RhZyI6Inhwdl9wcm9ncmVzc2l2ZS5WSV9VU0VDQVNFX1BST0RVQ1RfVFlQRS4uQzMuNzIwLmRhc2hfaDI2NC1iYXNpYy1nZW4yXzcyMHAiLCJ4cHZfYXNzZXRfaWQiOjE1ODA4MzQ0NDk4NDk1MTMsImFzc2V0X2FnZV9kYXlzIjoyMDMsInZpX3VzZWNhc2VfaWQiOjEwMTM5LCJkdXJhdGlvbl9zIjo0MiwidXJsZ2VuX3NvdXJjZSI6Ind3dyJ9&ccb=17-1&vs=9319616d0bf4bbc4&_nc_vs=HBksFQIYRWZiX2VwaGVtZXJhbC9EMDQwRjZEMEJDMUIwQkZDNzdCRTZBNDFGMjBEOUE5Rl9tdF8xX3ZpZGVvX2Rhc2hpbml0Lm1wNBUAAsgBEgAVAhhAZmJfcGVybWFuZW50LzRENDMwNzI4OTQxRDI3NzMxMUUyNDNBNDlCRTJCMUI4X2F1ZGlvX2Rhc2hpbml0Lm1wNBUCAsgBEgAoABgAGwKIB3VzZV9vaWwBMRJwcm9ncmVzc2l2ZV9yZWNpcGUBMRUAACbS8qe91vDOBRUCKAJDMywXQEUu2RaHKwIYGWRhc2hfaDI2NC1iYXNpYy1nZW4yXzcyMHARAHUAZbaeAQA&_nc_gid=i29hZpgM_1WdDvKI6EsPXw&_nc_ss=7f289&_nc_zt=28&oh=00_AQBqvEQyi_PEHtsx16S3CB4ZfazNQurLsS0k6u68jSNy5Q&oe=6A58B43B,https://scontent.fblr20-3.fna.fbcdn.net/v/t39.35426-6/618158263_1876565713065756_3068797816732038787_n.jpg?_nc_cat=105&ccb=1-7&_nc_sid=c53f8f&_nc_ohc=UvAeDrzJa-8Q7kNvwGC_u1c&_nc_oc=AdoKNXmcHnc1Z6_Ts8WCUkR-Dwo1cZ8JvWZLZi_5r32hhSP1rmNvZXKhH5DRQ4pHpff_Wy2c4MNDQuO075NlevW_&_nc_zt=14&_nc_ht=scontent.fblr20-3.fna&_nc_gid=i29hZpgM_1WdDvKI6EsPXw&_nc_ss=7f289&oh=00_AQBi2Gasb-aotSJbMPaHreyjBVZBEKluFxztRrlP0mVwxA&oe=6A58B94C,2026-07-16T10:36:43.000Z,2026-07-12,https://pub-893b4a6a607b4221a894bf861da7914e.r2.dev/1808954107158548.mp4
100,86,English Seekho,565574549966663,English Seekho App,,IN,1548699226788927,https://www.facebook.com/ads/library/?id=1548699226788927,2026-07-02,,false,true,2,0,1548699226788927,2026-07-02,,Fluent English bolne ka sirf ek raasta – Daily practice on English Seekho App. Start now!,English Communication strong karo aur confidence badhao,Install now,http://play.google.com/store/apps/details?id=com.bolo.android,"Facebook,Instagram,Audience Network,Messenger,Threads",Fluent English bolne ka sirf ek raasta – Daily practice on English Seekho App. Start now!,English Communication strong karo aur confidence badhao,Install now,http://play.google.com/store/apps/details?id=com.bolo.android,Video,"Facebook,Instagram,Audience Network,Messenger,Threads",1,0,9:16,https://video.fblr20-3.fna.fbcdn.net/o1/v/t2/f2/m366/AQP3zoCHVm1FlNyAYOKSjiPT64lZ3v8QD9xSSy-QMPI0D9Qp-7nJYrd23-7npC53fAoSRMO146Q6xfvcQ2_twoEY-lG38C34z8MInE-I-XbWJQ.mp4?_nc_cat=109&_nc_oc=Adp9DJ8dELbVh1X73KlWq0oJb5wEll5GHDtSCpUYI9BXz9f_m3NwMd3hyIBYlXh3lfSVbbJN3R6Rbg1XtEvde8xk&_nc_sid=b66105&_nc_ht=video.fblr20-3.fna.fbcdn.net&_nc_ohc=g1_fhB0HEGYQ7kNvwHo_9cQ&efg=eyJ2ZW5jb2RlX3RhZyI6Inhwdl9wcm9ncmVzc2l2ZS5WSV9VU0VDQVNFX1BST0RVQ1RfVFlQRS4uQzMuNzIwLmRhc2hfaDI2NC1iYXNpYy1nZW4yXzcyMHAiLCJ4cHZfYXNzZXRfaWQiOjE5NDc4NDU0MzI1NzY3NTYsImFzc2V0X2FnZV9kYXlzIjozOSwidmlfdXNlY2FzZV9pZCI6MTAxMzksImR1cmF0aW9uX3MiOjE1MiwidXJsZ2VuX3NvdXJjZSI6Ind3dyJ9&ccb=17-1&vs=b3d4eac3475803&_nc_vs=HBksFQIYRWZiX2VwaGVtZXJhbC9BMTRENDBDRjA5QzI5QUUxMDdDQUFCRkJDNzYyMzVCRF9tdF8xX3ZpZGVvX2Rhc2hpbml0Lm1wNBUAAsgBEgAVAhhAZmJfcGVybWFuZW50L0ZDNENDQjNEQ0QxMDcyMDA2OUI3NjYwODcyNjdFRUJBX2F1ZGlvX2Rhc2hpbml0Lm1wNBUCAsgBEgAoABgAGwKIB3VzZV9vaWwBMRJwcm9ncmVzc2l2ZV9yZWNpcGUBMRUAACboq7Cxw-P1BhUCKAJDMywXQGMd2yLQ5WAYGWRhc2hfaDI2NC1iYXNpYy1nZW4yXzcyMHARAHUAZbaeAQA&_nc_gid=i29hZpgM_1WdDvKI6EsPXw&_nc_ss=7f289&_nc_zt=28&oh=00_AQAy44FxwA24bYrUI6lKUQMU5NBU1HRQPbTn_wHXxDzI_g&oe=6A58BF3B,https://scontent.fblr20-4.fna.fbcdn.net/v/t39.35426-6/736045052_1495536945664835_5826175420677393153_n.jpg?_nc_cat=106&ccb=1-7&_nc_sid=c53f8f&_nc_ohc=7uAy2zjKt48Q7kNvwFTVZYG&_nc_oc=AdpD3mbLkjAJuXx9cQ0oCLxj5rKoyOzcgE64o4iyetjzZtUcemGcQJYh5pwfAM4KqazY4U0cgreEStfIFHY5F4TL&_nc_zt=14&_nc_ht=scontent.fblr20-4.fna&_nc_gid=i29hZpgM_1WdDvKI6EsPXw&_nc_ss=7f289&oh=00_AQCN0c1UUfnBeTHUuvoso4UyrOuejV7kkvYCUwOJXhX03A&oe=6A58A983,2026-07-16T11:23:39.000Z,2026-07-12,https://pub-893b4a6a607b4221a894bf861da7914e.r2.dev/1548699226788927.mp4
101,86,English Seekho,565574549966663,English Seekho App,,IN,1548699226788927,https://www.facebook.com/ads/library/?id=1548699226788927,2026-07-02,,false,true,2,1,1542916847365938,2026-07-02,,Fluent English bolne ka sirf ek raasta – Daily practice on English Seekho App. Start now!,English Communication strong karo aur confidence badhao,Install now,http://play.google.com/store/apps/details?id=com.bolo.android,"Facebook,Instagram,Audience Network,Messenger,Threads",Fluent English bolne ka sirf ek raasta – Daily practice on English Seekho App. Start now!,English Communication strong karo aur confidence badhao,Install now,http://play.google.com/store/apps/details?id=com.bolo.android,Video,"Facebook,Instagram,Audience Network,Messenger,Threads",1,0,9:16,https://video.fblr20-3.fna.fbcdn.net/o1/v/t2/f2/m366/AQP3zoCHVm1FlNyAYOKSjiPT64lZ3v8QD9xSSy-QMPI0D9Qp-7nJYrd23-7npC53fAoSRMO146Q6xfvcQ2_twoEY-lG38C34z8MInE-I-XbWJQ.mp4?_nc_cat=109&_nc_oc=Adp9DJ8dELbVh1X73KlWq0oJb5wEll5GHDtSCpUYI9BXz9f_m3NwMd3hyIBYlXh3lfSVbbJN3R6Rbg1XtEvde8xk&_nc_sid=b66105&_nc_ht=video.fblr20-3.fna.fbcdn.net&_nc_ohc=g1_fhB0HEGYQ7kNvwHo_9cQ&efg=eyJ2ZW5jb2RlX3RhZyI6Inhwdl9wcm9ncmVzc2l2ZS5WSV9VU0VDQVNFX1BST0RVQ1RfVFlQRS4uQzMuNzIwLmRhc2hfaDI2NC1iYXNpYy1nZW4yXzcyMHAiLCJ4cHZfYXNzZXRfaWQiOjE5NDc4NDU0MzI1NzY3NTYsImFzc2V0X2FnZV9kYXlzIjozOSwidmlfdXNlY2FzZV9pZCI6MTAxMzksImR1cmF0aW9uX3MiOjE1MiwidXJsZ2VuX3NvdXJjZSI6Ind3dyJ9&ccb=17-1&vs=b3d4eac3475803&_nc_vs=HBksFQIYRWZiX2VwaGVtZXJhbC9BMTRENDBDRjA5QzI5QUUxMDdDQUFCRkJDNzYyMzVCRF9tdF8xX3ZpZGVvX2Rhc2hpbml0Lm1wNBUAAsgBEgAVAhhAZmJfcGVybWFuZW50L0ZDNENDQjNEQ0QxMDcyMDA2OUI3NjYwODcyNjdFRUJBX2F1ZGlvX2Rhc2hpbml0Lm1wNBUCAsgBEgAoABgAGwKIB3VzZV9vaWwBMRJwcm9ncmVzc2l2ZV9yZWNpcGUBMRUAACboq7Cxw-P1BhUCKAJDMywXQGMd2yLQ5WAYGWRhc2hfaDI2NC1iYXNpYy1nZW4yXzcyMHARAHUAZbaeAQA&_nc_gid=4Q9Shb61vxJybN6-WY9l7Q&_nc_ss=7f289&_nc_zt=28&oh=00_AQDyCM5JQPsLM8acv4I2JyYDMLQbjW2-oAxTx2QYbZWusQ&oe=6A58BF3B,https://scontent.fblr20-3.fna.fbcdn.net/v/t39.35426-6/733692762_983044117936403_3929120649382357648_n.jpg?_nc_cat=105&ccb=1-7&_nc_sid=c53f8f&_nc_ohc=5jQHXelzvUIQ7kNvwHpjvk-&_nc_oc=Adriq4ACgpILGPnR04LT5dwDeQJGg7mz9l5b18H42ZZY4oqwXkWgI-QLSB099Dv_kPidwk00nD6xY8UlqvS30GL9&_nc_zt=14&_nc_ht=scontent.fblr20-3.fna&_nc_gid=4Q9Shb61vxJybN6-WY9l7Q&_nc_ss=7f289&oh=00_AQAqifRcLfVn_f8jIkQMLgciXrBepovb5CjVAAadqXm_sQ&oe=6A58CD3D,2026-07-16T11:23:39.000Z,2026-07-12,
102,87,English Seekho,565574549966663,English Seekho App,,IN,3649535581851775,https://www.facebook.com/ads/library/?id=3649535581851775,2026-07-09,,false,false,1,0,,2026-07-09,,Fluent English bolne ka sirf ek raasta – Daily practice on English Seekho App. Start now!,English Communication strong karo aur confidence badhao,Install now,http://play.google.com/store/apps/details?id=com.bolo.android,"Facebook,Instagram,Audience Network,Messenger,Threads",Fluent English bolne ka sirf ek raasta – Daily practice on English Seekho App. Start now!,English Communication strong karo aur confidence badhao,Install now,http://play.google.com/store/apps/details?id=com.bolo.android,Video,"Facebook,Instagram,Audience Network,Messenger,Threads",1,0,9:16,https://video.fblr20-1.fna.fbcdn.net/o1/v/t2/f2/m366/AQOInSUS6_HGc4eAxAqRba_-kONvR3keuv5TiFW88y4uXQMYdzvL3ucCcpl3Sz3G4CNapqA3CgOJszfGRSm1wEnmkOzBN8ErdgXbA7J2SJEQgw.mp4?_nc_cat=110&_nc_oc=AdpUdEy_oOhw1WbciuNkFedt1_BrTBWHQF4swdhprazC4P3DbH7w-DDavZozHh516UBmejnMZbhdaprWpyaE3Yu1&_nc_sid=b66105&_nc_ht=video.fblr20-1.fna.fbcdn.net&_nc_ohc=23X3eAUh9dwQ7kNvwElRMCL&efg=eyJ2ZW5jb2RlX3RhZyI6Inhwdl9wcm9ncmVzc2l2ZS5WSV9VU0VDQVNFX1BST0RVQ1RfVFlQRS4uQzMuNzIwLmRhc2hfaDI2NC1iYXNpYy1nZW4yXzcyMHAiLCJ4cHZfYXNzZXRfaWQiOjk3MjA5MTY0OTE0NDM5MSwiYXNzZXRfYWdlX2RheXMiOjQ5LCJ2aV91c2VjYXNlX2lkIjoxMDEzOSwiZHVyYXRpb25fcyI6MTE2LCJ1cmxnZW5fc291cmNlIjoid3d3In0%3D&ccb=17-1&vs=a091bcc3fa2854ca&_nc_vs=HBksFQIYRWZiX2VwaGVtZXJhbC9GNDRGNkNCMDEyNEY2MzU1ODA3RjQ4NUQ1NDlGQzlCQl9tdF8xX3ZpZGVvX2Rhc2hpbml0Lm1wNBUAAsgBEgAVAhhAZmJfcGVybWFuZW50LzdENDUzRTVCQzc1Qjc2MDJCRTYwOEMyNTNFMTMxRDhDX2F1ZGlvX2Rhc2hpbml0Lm1wNBUCAsgBEgAoABgAGwKIB3VzZV9vaWwBMRJwcm9ncmVzc2l2ZV9yZWNpcGUBMRUAACaO2f2Wl4e6AxUCKAJDMywXQF090vGp--cYGWRhc2hfaDI2NC1iYXNpYy1nZW4yXzcyMHARAHUAZbaeAQA&_nc_gid=kQSAeCixD5VWUhKdgcsnnA&_nc_ss=7f289&_nc_zt=28&oh=00_AQDDuiYeHJFxhtGM6s8Pm8GoJM_kpcB_rSmNou_k95BJKg&oe=6A58CEF2,https://scontent.fblr20-3.fna.fbcdn.net/v/t39.35426-6/742405841_1503026404367865_7431302742402534748_n.jpg?_nc_cat=109&ccb=1-7&_nc_sid=c53f8f&_nc_ohc=hGvfO7BlB1AQ7kNvwHzD4Bj&_nc_oc=AdrzJT4d3cE7QpXvpqVdj4UM5PligTJar5NXBKdogapEq9kFSF9MkBPtHED45OBdRNi1Wf0ZhK27v4nJBfgirZYW&_nc_zt=14&_nc_ht=scontent.fblr20-3.fna&_nc_gid=kQSAeCixD5VWUhKdgcsnnA&_nc_ss=7f289&oh=00_AQCRixs5HohYjO8mGnKwmPIh0EcMh3VVP8RT_c4_-T582w&oe=6A58A2E9,2026-07-16T12:30:42.000Z,2026-07-12,https://pub-893b4a6a607b4221a894bf861da7914e.r2.dev/3649535581851775.mp4
103,88,English Seekho,565574549966663,English Seekho App,,IN,1569302308257783,https://www.facebook.com/ads/library/?id=1569302308257783,2026-06-23,,false,false,1,0,,2026-06-23,,Fluent English bolne ka sirf ek raasta – Daily practice on English Seekho App. Start now!,English Communication strong karo aur confidence badhao,Install now,http://play.google.com/store/apps/details?id=com.bolo.android,"Facebook,Instagram,Audience Network,Messenger,Threads",Fluent English bolne ka sirf ek raasta – Daily practice on English Seekho App. Start now!,English Communication strong karo aur confidence badhao,Install now,http://play.google.com/store/apps/details?id=com.bolo.android,Video,"Facebook,Instagram,Audience Network,Messenger,Threads",1,0,9:16,https://video.fblr20-2.fna.fbcdn.net/o1/v/t2/f2/m366/AQOKDKaIVA3XUduOa1AseGeR92uMr0EqQiBn8kf9V-jbDOns47f4Kac7REELi4vYTfr_1paRclyYBh6IQo8XkzlAbs0I3o8lDUvwFbTIt-MStA.mp4?_nc_cat=102&_nc_oc=Adq08eDrp-cRbXqPOwEf3ILOPOg_5FO2gFuWkvrP19L4LrTR1Zyb5JdkNNxrYhT82lhN6PE04rmlasKBWhdP1zEh&_nc_sid=b66105&_nc_ht=video.fblr20-2.fna.fbcdn.net&_nc_ohc=MfX20BwQ-PEQ7kNvwF0A_73&efg=eyJ2ZW5jb2RlX3RhZyI6Inhwdl9wcm9ncmVzc2l2ZS5WSV9VU0VDQVNFX1BST0RVQ1RfVFlQRS4uQzMuNzIwLmRhc2hfaDI2NC1iYXNpYy1nZW4yXzcyMHAiLCJ4cHZfYXNzZXRfaWQiOjE4OTYyNjI5MDUxMTE0NTksImFzc2V0X2FnZV9kYXlzIjozNSwidmlfdXNlY2FzZV9pZCI6MTAxMzksImR1cmF0aW9uX3MiOjE5OCwidXJsZ2VuX3NvdXJjZSI6Ind3dyJ9&ccb=17-1&vs=309d973c15f906b8&_nc_vs=HBksFQIYRWZiX2VwaGVtZXJhbC8wODRGOTA4MkQ0MTNFQzAxNTIzRTE5MjQ2NTVEREY5NF9tdF8xX3ZpZGVvX2Rhc2hpbml0Lm1wNBUAAsgBEgAVAhhAZmJfcGVybWFuZW50L0EzNDM0QkVDNzZFRkM2MjgwOEZBNjM2RDY3OTYyMzg1X2F1ZGlvX2Rhc2hpbml0Lm1wNBUCAsgBEgAoABgAGwKIB3VzZV9vaWwBMRJwcm9ncmVzc2l2ZV9yZWNpcGUBMRUAACbGjuHNg6neBhUCKAJDMywXQGjN2yLQ5WAYGWRhc2hfaDI2NC1iYXNpYy1nZW4yXzcyMHARAHUAZbaeAQA&_nc_gid=kQSAeCixD5VWUhKdgcsnnA&_nc_ss=7f289&_nc_zt=28&oh=00_AQAt1k8GsEMWvG0UZkK1hCCfOPNcRFnYPkaoMEuWEdPq_Q&oe=6A58C6AE,https://scontent.fblr20-4.fna.fbcdn.net/v/t39.35426-6/722081301_1961667191151057_3653509782901420254_n.jpg?_nc_cat=101&ccb=1-7&_nc_sid=c53f8f&_nc_ohc=v8EdkaxKddUQ7kNvwF49ptc&_nc_oc=AdrRo9fCrMWVQL2Hg_zPrq-EofvPHOn6vDhcaHl4rwN5htc_AlpkB68OeOxuGg3MV84ast6i2tdu9aB3gPRDAbue&_nc_zt=14&_nc_ht=scontent.fblr20-4.fna&_nc_gid=kQSAeCixD5VWUhKdgcsnnA&_nc_ss=7f289&oh=00_AQBaG0CmzIoM6CBWInVbdWe2be5U8HGpfv8HZJPB9Lli_g&oe=6A58BD8F,2026-07-16T11:55:26.000Z,2026-07-12,https://pub-893b4a6a607b4221a894bf861da7914e.r2.dev/1569302308257783.mp4
104,89,English Seekho,565574549966663,English Seekho App,,IN,2943087349382024,https://www.facebook.com/ads/library/?id=2943087349382024,2026-07-08,,false,false,1,0,,2026-07-08,,Fluent English bolne ka sirf ek raasta – Daily practice on English Seekho App. Start now!,English Communication strong karo aur confidence badhao,Install now,http://play.google.com/store/apps/details?id=com.bolo.android,"Facebook,Instagram,Audience Network,Messenger,Threads",Fluent English bolne ka sirf ek raasta – Daily practice on English Seekho App. Start now!,English Communication strong karo aur confidence badhao,Install now,http://play.google.com/store/apps/details?id=com.bolo.android,Video,"Facebook,Instagram,Audience Network,Messenger,Threads",1,0,9:16,https://video.fblr20-1.fna.fbcdn.net/o1/v/t2/f2/m366/AQPagKjK3Rw0mE4t2fmIQtQPyVG1t5cOU-a8ecgETXTDUO_MPJHqqzUh0dR9DmmJUBVwDZyQbrxBnnOpGXOYjHaEGVvg56tvaTMa30BmnCwVCg.mp4?_nc_cat=108&_nc_oc=AdpI-sDeoJaGwJRANGSBCP3hEFmN2pDFdWR0YZDxdiq1b7m61066AodomnA79RVipufthXFhI1r5rrWdCjp_VZz5&_nc_sid=b66105&_nc_ht=video.fblr20-1.fna.fbcdn.net&_nc_ohc=ixwvqUj8NwAQ7kNvwHv8FFs&efg=eyJ2ZW5jb2RlX3RhZyI6Inhwdl9wcm9ncmVzc2l2ZS5WSV9VU0VDQVNFX1BST0RVQ1RfVFlQRS4uQzMuNzIwLmRhc2hfaDI2NC1iYXNpYy1nZW4yXzcyMHAiLCJ4cHZfYXNzZXRfaWQiOjk5NzU5NTM4NjM5NTE0MSwiYXNzZXRfYWdlX2RheXMiOjIsInZpX3VzZWNhc2VfaWQiOjEwNzk5LCJkdXJhdGlvbl9zIjo5NiwidXJsZ2VuX3NvdXJjZSI6Ind3dyJ9&ccb=17-1&vs=6a3306a47ecdf4d3&_nc_vs=HBksFQIYRWZiX2VwaGVtZXJhbC84RTRCQTI2QUJDMzNDMUFGMzBBNjMwNUEzREM0QkU5Nl9tdF8xX3ZpZGVvX2Rhc2hpbml0Lm1wNBUAAsgBEgAVAhhAZmJfcGVybWFuZW50LzEzNERBQjZGODYzMzNDNTI1RUIwNzc5NzUwOTM4QUIxX2F1ZGlvX2Rhc2hpbml0Lm1wNBUCAsgBEgAoABgAGwKIB3VzZV9vaWwBMRJwcm9ncmVzc2l2ZV9yZWNpcGUBMRUAACaK6JXq2NPFAxUCKAJDMywXQFgmZmZmZmYYGWRhc2hfaDI2NC1iYXNpYy1nZW4yXzcyMHARAHUAZd6oAQA&_nc_gid=kQSAeCixD5VWUhKdgcsnnA&_nc_ss=7f289&_nc_zt=28&oh=00_AQD8SgeTAXKBZxGTq4hgQYFZaQChMIQNBmxTPpILP608_A&oe=6A58A4F8,https://scontent.fblr20-4.fna.fbcdn.net/v/t39.35426-6/742198194_983006128130256_5396763715184643269_n.jpg?_nc_cat=101&ccb=1-7&_nc_sid=c53f8f&_nc_ohc=6U5ZuskP32QQ7kNvwEIixZE&_nc_oc=Adof1WWtbccmnSKYKo9gw0V_Rz_J4aFyo0sfFyLJy2pG0srWNhHBMvRgM3uawhyCkFNIQXJNZbpbDvZcy_JaPKJc&_nc_zt=14&_nc_ht=scontent.fblr20-4.fna&_nc_gid=kQSAeCixD5VWUhKdgcsnnA&_nc_ss=7f289&oh=00_AQDzQ-2xXNyKIMtNKcj3xcOrMO9je9hKWCXBBUOFF_PuJg&oe=6A58D1BF,2026-07-16T09:31:36.000Z,2026-07-12,https://pub-893b4a6a607b4221a894bf861da7914e.r2.dev/2943087349382024.mp4
105,90,English Seekho,565574549966663,English Seekho App,,IN,1033037325739194,https://www.facebook.com/ads/library/?id=1033037325739194,2026-06-18,,false,false,1,0,,2026-06-18,,Fluent English bolne ka sirf ek raasta – Daily practice on English Seekho App. Start now!,English Communication strong karo aur confidence badhao,Install now,http://play.google.com/store/apps/details?id=com.bolo.android,"Facebook,Instagram,Audience Network,Messenger,Threads",Fluent English bolne ka sirf ek raasta – Daily practice on English Seekho App. Start now!,English Communication strong karo aur confidence badhao,Install now,http://play.google.com/store/apps/details?id=com.bolo.android,Video,"Facebook,Instagram,Audience Network,Messenger,Threads",1,0,9:16,https://video.fblr20-1.fna.fbcdn.net/o1/v/t2/f2/m366/AQM666nPPwlPJ1F7qVSB2lEO_1gudO0roHI5Cg8cnvQsUL3oLyI8sMI322udmgd8PzZLSAltBRvAZLLlWIlw7TrOgtS5xQI5iBrUg3KA0-5j6g.mp4?_nc_cat=110&_nc_oc=AdoncwDM2IGekgzafsme93Vs-9P2PFXxoA76yd6iooc9KzUQqIMGEUElDcR_Ncq5FIskdDc8EqLM32OtnbpXCblG&_nc_sid=b66105&_nc_ht=video.fblr20-1.fna.fbcdn.net&_nc_ohc=tbzuEIXYKQUQ7kNvwF91AJq&efg=eyJ2ZW5jb2RlX3RhZyI6Inhwdl9wcm9ncmVzc2l2ZS5WSV9VU0VDQVNFX1BST0RVQ1RfVFlQRS4uQzMuNzIwLmRhc2hfaDI2NC1iYXNpYy1nZW4yXzcyMHAiLCJ4cHZfYXNzZXRfaWQiOjEzNTU2MTU0Mjk4MTUzMDgsImFzc2V0X2FnZV9kYXlzIjozMSwidmlfdXNlY2FzZV9pZCI6MTAxMzksImR1cmF0aW9uX3MiOjkzLCJ1cmxnZW5fc291cmNlIjoid3d3In0%3D&ccb=17-1&vs=590d0c6d02b7a74f&_nc_vs=HBksFQIYRWZiX2VwaGVtZXJhbC9GNzRCOTA2RDkxMDZBNjMxQzdBMDgyREU1Q0QwM0E4RV9tdF8xX3ZpZGVvX2Rhc2hpbml0Lm1wNBUAAsgBEgAVAhhAZmJfcGVybWFuZW50LzZGNDA2RTNBM0Q2REREMDQxOEQxNzc4RDAzRDk2QjgxX2F1ZGlvX2Rhc2hpbml0Lm1wNBUCAsgBEgAoABgAGwKIB3VzZV9vaWwBMRJwcm9ncmVzc2l2ZV9yZWNpcGUBMRUAACaYsKuCmrvoBBUCKAJDMywXQFd6n752yLQYGWRhc2hfaDI2NC1iYXNpYy1nZW4yXzcyMHARAHUAZbaeAQA&_nc_gid=kQSAeCixD5VWUhKdgcsnnA&_nc_ss=7f289&_nc_zt=28&oh=00_AQBVNlg9UBoZWok-9DQn2yqC7ObLMSSB6MVl7-IOf-sc4w&oe=6A58BE56,https://scontent.fblr20-1.fna.fbcdn.net/v/t39.35426-6/722078106_3177237289331331_6919701449138636471_n.jpg?_nc_cat=108&ccb=1-7&_nc_sid=c53f8f&_nc_ohc=h8V2nR6h7OMQ7kNvwEBQYaW&_nc_oc=Adr4m2kYFxJBBhBgYUaTeqGd_B_0l1ny8FLeaP-EwPBqd6k7r9N2g5y0PRotFEIQDFsS1CItgqlCFD4omgJMWxCo&_nc_zt=14&_nc_ht=scontent.fblr20-1.fna&_nc_gid=kQSAeCixD5VWUhKdgcsnnA&_nc_ss=7f289&oh=00_AQA5pNVAdV43Gaq6hYGlVjPWA4k6G5sQoCYwiyOvuRbuOw&oe=6A58C1B4,2026-07-16T11:19:50.000Z,2026-07-12,https://pub-893b4a6a607b4221a894bf861da7914e.r2.dev/1033037325739194.mp4
106,91,English Seekho,565574549966663,English Seekho App,,IN,1339707481615735,https://www.facebook.com/ads/library/?id=1339707481615735,2026-07-09,,false,false,1,0,,2026-07-09,,Fluent English bolne ka sirf ek raasta – Daily practice on English Seekho App. Start now!,English Communication strong karo aur confidence badhao,Install now,http://play.google.com/store/apps/details?id=com.bolo.android,"Facebook,Instagram,Audience Network,Messenger,Threads",Fluent English bolne ka sirf ek raasta – Daily practice on English Seekho App. Start now!,English Communication strong karo aur confidence badhao,Install now,http://play.google.com/store/apps/details?id=com.bolo.android,Video,"Facebook,Instagram,Audience Network,Messenger,Threads",1,0,9:16,https://video.fblr20-1.fna.fbcdn.net/o1/v/t2/f2/m366/AQOAyoEOEDOwsQ9x2xYzLoiyCzKjTjE-8YZiPt-Pe-2nBeZdW8rEvjIN3zOl_7a60ZZIPHnAZ30G6NdYv34f8YMikSsBicpOdxG6iE3EvY3fyg.mp4?_nc_cat=110&_nc_oc=AdpK9CKMsnj3OPnAtODILivto3lteITiLIh-bUWIePJvX-mGRMV6jRYgFv3-DwzmNrqHvFQt_dnP1k_dRX2vlLM1&_nc_sid=b66105&_nc_ht=video.fblr20-1.fna.fbcdn.net&_nc_ohc=4PrRWBEL3YoQ7kNvwGKSQmG&efg=eyJ2ZW5jb2RlX3RhZyI6Inhwdl9wcm9ncmVzc2l2ZS5WSV9VU0VDQVNFX1BST0RVQ1RfVFlQRS4uQzMuNzIwLmRhc2hfaDI2NC1iYXNpYy1nZW4yXzcyMHAiLCJ4cHZfYXNzZXRfaWQiOjE5NzAxNTc4MTcwMjAzNzksImFzc2V0X2FnZV9kYXlzIjoxMCwidmlfdXNlY2FzZV9pZCI6MTAxMzksImR1cmF0aW9uX3MiOjE0OCwidXJsZ2VuX3NvdXJjZSI6Ind3dyJ9&ccb=17-1&vs=823fe247b13785d1&_nc_vs=HBksFQIYRWZiX2VwaGVtZXJhbC9BOTQwNzMyRTE0NTFCNTUyRjc5NTI1RTg0MTEzOEJCQ19tdF8xX3ZpZGVvX2Rhc2hpbml0Lm1wNBUAAsgBEgAVAhhAZmJfcGVybWFuZW50LzRCNEJDREUzMERDMzEyNjJEQTYyN0E2NjM0Q0Q3NTk5X2F1ZGlvX2Rhc2hpbml0Lm1wNBUCAsgBEgAoABgAGwKIB3VzZV9vaWwBMRJwcm9ncmVzc2l2ZV9yZWNpcGUBMRUAACa2_63No_b_BhUCKAJDMywXQGKRT987ZFoYGWRhc2hfaDI2NC1iYXNpYy1nZW4yXzcyMHARAHUAZbaeAQA&_nc_gid=kQSAeCixD5VWUhKdgcsnnA&_nc_ss=7f289&_nc_zt=28&oh=00_AQB8ZtSQdXHAJTiTG0EAhJXtWkF0cSfcRy6E2HYC8h66SA&oe=6A58AF6A,https://scontent.fblr20-1.fna.fbcdn.net/v/t39.35426-6/742977701_3631215230362319_1762706358814982340_n.jpg?_nc_cat=108&ccb=1-7&_nc_sid=c53f8f&_nc_ohc=wQWsujnsupEQ7kNvwE3HFI-&_nc_oc=AdrZjayiIRtYjvcfOg93nvB4_LWJLW0zamyr97BjXmAhOfGIFt0k3wdcZBs0SSJvEfUCtMH0HowtCLhYvK1-SxJA&_nc_zt=14&_nc_ht=scontent.fblr20-1.fna&_nc_gid=kQSAeCixD5VWUhKdgcsnnA&_nc_ss=7f289&oh=00_AQCdVPLKenrxNqKMAoLhZ1tp_wFJvSWRh0g3rwFVwIjJ-g&oe=6A58C59C,2026-07-16T10:16:10.000Z,2026-07-12,https://pub-893b4a6a607b4221a894bf861da7914e.r2.dev/1339707481615735.mp4
107,92,English Seekho,565574549966663,English Seekho App,,IN,2449267882206681,https://www.facebook.com/ads/library/?id=2449267882206681,2026-06-25,,false,false,1,0,,2026-06-25,,Fluent English bolne ka sirf ek raasta – Daily practice on English Seekho App. Start now!,English Communication strong karo aur confidence badhao,Install now,http://play.google.com/store/apps/details?id=com.bolo.android,"Facebook,Instagram,Audience Network,Messenger,Threads",Fluent English bolne ka sirf ek raasta – Daily practice on English Seekho App. Start now!,English Communication strong karo aur confidence badhao,Install now,http://play.google.com/store/apps/details?id=com.bolo.android,Video,"Facebook,Instagram,Audience Network,Messenger,Threads",1,0,9:16,https://video.fblr20-5.fna.fbcdn.net/o1/v/t2/f2/m366/AQNj5FXa0yAUA-NRtPOBoX3NYzET-hL7PjSHvrTBrbaBUuY0y9BfHvL081UccAtn9kSpXXcnsNEEJCVAjbvTx7ebpcoAl-uwHfqA9zqnXFn0lQ.mp4?_nc_cat=107&_nc_oc=Ado4khSAcIg51UKvRN4XCLPc2eYoZ-8CY130Of3Tqny5T4kw65fihPuhGzHVHUFm3WNzPhRFXswWxHD4LyRzSc52&_nc_sid=b66105&_nc_ht=video.fblr20-5.fna.fbcdn.net&_nc_ohc=nZdepk4sQ5wQ7kNvwEmNlgd&efg=eyJ2ZW5jb2RlX3RhZyI6Inhwdl9wcm9ncmVzc2l2ZS5WSV9VU0VDQVNFX1BST0RVQ1RfVFlQRS4uQzMuNzIwLmRhc2hfaDI2NC1iYXNpYy1nZW4yXzcyMHAiLCJ4cHZfYXNzZXRfaWQiOjEwMDM4NDEyODg2NTc0MjMsImFzc2V0X2FnZV9kYXlzIjo2MCwidmlfdXNlY2FzZV9pZCI6MTAxMzksImR1cmF0aW9uX3MiOjY2LCJ1cmxnZW5fc291cmNlIjoid3d3In0%3D&ccb=17-1&vs=95c119f407ef3cf9&_nc_vs=HBksFQIYRWZiX2VwaGVtZXJhbC85QjRFRTc4OUUxMjAyM0MxMDZCQjFCREMzRTFBODc4M19tdF8xX3ZpZGVvX2Rhc2hpbml0Lm1wNBUAAsgBEgAVAhhAZmJfcGVybWFuZW50LzA1NDczOTVFODg1MTBGM0RENkRERjRFOTQ2MTA2MzhBX2F1ZGlvX2Rhc2hpbml0Lm1wNBUCAsgBEgAoABgAGwKIB3VzZV9vaWwBMRJwcm9ncmVzc2l2ZV9yZWNpcGUBMRUAACae6N62oL_IAxUCKAJDMywXQFCmZmZmZmYYGWRhc2hfaDI2NC1iYXNpYy1nZW4yXzcyMHARAHUAZbaeAQA&_nc_gid=kQSAeCixD5VWUhKdgcsnnA&_nc_ss=7f289&_nc_zt=28&oh=00_AQBuPE4R5g_2T3HQ-qOQFWHlaOAp031RBHWka2MUmHsrDg&oe=6A58B10D,https://scontent.fblr20-4.fna.fbcdn.net/v/t39.35426-6/732027388_4789547004602395_8453200414299520651_n.jpg?_nc_cat=101&ccb=1-7&_nc_sid=c53f8f&_nc_ohc=Q845St5n2AUQ7kNvwF9EhC6&_nc_oc=AdqVFDjRVi_hLUv7LMXLvBkuqZRtgMFH-mAqHpHnLstlnpb9FKp4QBJCCWhNQvTFnMIsx36BiIZmFoUuh2lMNKpK&_nc_zt=14&_nc_ht=scontent.fblr20-4.fna&_nc_gid=kQSAeCixD5VWUhKdgcsnnA&_nc_ss=7f289&oh=00_AQAL_zXqpTdUsTUPgigLeR-_LX5pjO4lBMleDMtYeyH1XA&oe=6A58B118,2026-07-16T10:23:09.000Z,2026-07-12,https://pub-893b4a6a607b4221a894bf861da7914e.r2.dev/2449267882206681.mp4
108,93,English Seekho,565574549966663,English Seekho App,,IN,27355896097398956,https://www.facebook.com/ads/library/?id=27355896097398956,2026-06-22,,false,false,1,0,,2026-06-22,,Fluent English bolne ka sirf ek raasta – Daily practice on English Seekho App. Start now!,English Communication strong karo aur confidence badhao,Install now,http://play.google.com/store/apps/details?id=com.bolo.android,"Facebook,Instagram,Audience Network,Messenger,Threads",Fluent English bolne ka sirf ek raasta – Daily practice on English Seekho App. Start now!,English Communication strong karo aur confidence badhao,Install now,http://play.google.com/store/apps/details?id=com.bolo.android,Video,"Facebook,Instagram,Audience Network,Messenger,Threads",1,0,9:16,https://video.fblr20-3.fna.fbcdn.net/o1/v/t2/f2/m366/AQM7KTBiPAATGi6BlWquBrP-pnvTT9w2RqkplpV55arfxj3wQlFJv30pKvKKSettCc5vg54gQBFJlUepU2aWH0xDXwFxyTVW0R2RGBnR6a10Pw.mp4?_nc_cat=109&_nc_oc=AdqlOcYo4EmV8N7_wLRcIw-4FklDyw5Y3Bvlc5Le6krcdC1geE9rKlF4WHa-W023eLgERA3liCW2XQWlMQjkyBKa&_nc_sid=b66105&_nc_ht=video.fblr20-3.fna.fbcdn.net&_nc_ohc=t4PCW5S17SEQ7kNvwFil4p_&efg=eyJ2ZW5jb2RlX3RhZyI6Inhwdl9wcm9ncmVzc2l2ZS5WSV9VU0VDQVNFX1BST0RVQ1RfVFlQRS4uQzMuNzIwLmRhc2hfaDI2NC1iYXNpYy1nZW4yXzcyMHAiLCJ4cHZfYXNzZXRfaWQiOjE0ODAzNDQ4MTMyMzA4NjksImFzc2V0X2FnZV9kYXlzIjozMywidmlfdXNlY2FzZV9pZCI6MTAxMzksImR1cmF0aW9uX3MiOjY5LCJ1cmxnZW5fc291cmNlIjoid3d3In0%3D&ccb=17-1&vs=dac4f11c83528b7b&_nc_vs=HBksFQIYRWZiX2VwaGVtZXJhbC80MTQxRjhCOTc3NjI2MjcyNzk1QTA2RUQ2MzVFOTZBN19tdF8xX3ZpZGVvX2Rhc2hpbml0Lm1wNBUAAsgBEgAVAhhAZmJfcGVybWFuZW50L0I1NDBGQTExNzQ5ODMwMzE1MDE5Rjg1MUM5MURGRjgxX2F1ZGlvX2Rhc2hpbml0Lm1wNBUCAsgBEgAoABgAGwKIB3VzZV9vaWwBMRJwcm9ncmVzc2l2ZV9yZWNpcGUBMRUAACaq7OartJehBRUCKAJDMywXQFF3bItDlYEYGWRhc2hfaDI2NC1iYXNpYy1nZW4yXzcyMHARAHUAZbaeAQA&_nc_gid=kQSAeCixD5VWUhKdgcsnnA&_nc_ss=7f289&_nc_zt=28&oh=00_AQDcO2Bngab3sR6t8KHBLvozpfl_H4kP7MPaDShFwu8qKQ&oe=6A58AC33,https://scontent.fblr20-2.fna.fbcdn.net/v/t39.35426-6/728243578_1426153966235147_9171254149328238041_n.jpg?_nc_cat=111&ccb=1-7&_nc_sid=c53f8f&_nc_ohc=aaryNyqk6wIQ7kNvwErwXjO&_nc_oc=AdqN2crLlGVL7YmyrVDRgaJETjYk2Ldo3S8D5SURkQZs9wb0_keX1PMMczFvCPtnfaCKaE3NSKV1YOpVJtNxHPcv&_nc_zt=14&_nc_ht=scontent.fblr20-2.fna&_nc_gid=kQSAeCixD5VWUhKdgcsnnA&_nc_ss=7f289&oh=00_AQAZO8ah2dUT6QvmlghJQvEOuPF2KRwEBCfXR4BTFh4UEQ&oe=6A58B4E3,2026-07-16T10:02:27.000Z,2026-07-12,https://pub-893b4a6a607b4221a894bf861da7914e.r2.dev/27355896097398956.mp4
109,94,English Seekho,565574549966663,English Seekho App,,IN,1581331226744167,https://www.facebook.com/ads/library/?id=1581331226744167,2026-07-01,,false,false,1,0,,2026-07-01,,Fluent English bolne ka sirf ek raasta – Daily practice on English Seekho App. Start now!,English Communication strong karo aur confidence badhao,Install now,http://play.google.com/store/apps/details?id=com.bolo.android,"Facebook,Instagram,Audience Network,Messenger,Threads",Fluent English bolne ka sirf ek raasta – Daily practice on English Seekho App. Start now!,English Communication strong karo aur confidence badhao,Install now,http://play.google.com/store/apps/details?id=com.bolo.android,Video,"Facebook,Instagram,Audience Network,Messenger,Threads",1,0,9:16,https://video.fblr20-1.fna.fbcdn.net/o1/v/t2/f2/m366/AQN18zswqCW57dKdZup074bmIMSZS8aE-qJLDBpGzqjQJ9l5A8YsP5KJTLgHh9UPoV9Gd5aQAdCu-TegKZv9oRZOPD2y2SkqeCqXhLsUUiD8rQ.mp4?_nc_cat=110&_nc_oc=Adrqe7Z-I3PF6hI8U-F4NFzpIZla07O6nlrz7lgA0g4eQz5VYAjqGwIW_tA7s0sBmbdcVCwy0SbXh5BK2pWLPmyD&_nc_sid=b66105&_nc_ht=video.fblr20-1.fna.fbcdn.net&_nc_ohc=eafEaNXLUuAQ7kNvwGyd6Z0&efg=eyJ2ZW5jb2RlX3RhZyI6Inhwdl9wcm9ncmVzc2l2ZS5WSV9VU0VDQVNFX1BST0RVQ1RfVFlQRS4uQzMuNzIwLmRhc2hfaDI2NC1iYXNpYy1nZW4yXzcyMHAiLCJ4cHZfYXNzZXRfaWQiOjI3NTg5NjY1MTU3MzE5MTg3LCJhc3NldF9hZ2VfZGF5cyI6MTIsInZpX3VzZWNhc2VfaWQiOjEwMTM5LCJkdXJhdGlvbl9zIjo1MCwidXJsZ2VuX3NvdXJjZSI6Ind3dyJ9&ccb=17-1&vs=ec7c17cfeff6d142&_nc_vs=HBksFQIYRWZiX2VwaGVtZXJhbC85MzQ4NkU1MjBCNkUwRkQxNEEyM0IzODNCRDFBRUFBRF9tdF8xX3ZpZGVvX2Rhc2hpbml0Lm1wNBUAAsgBEgAVAhhAZmJfcGVybWFuZW50LzhBNEY0QTRCNUY1MzRBQUJDQThDRTQwQUI3RkE4NTg3X2F1ZGlvX2Rhc2hpbml0Lm1wNBUCAsgBEgAoABgAGwKIB3VzZV9vaWwBMRJwcm9ncmVzc2l2ZV9yZWNpcGUBMRUAACamqOTy76mCYhUCKAJDMywXQElmZmZmZmYYGWRhc2hfaDI2NC1iYXNpYy1nZW4yXzcyMHARAHUAZbaeAQA&_nc_gid=kQSAeCixD5VWUhKdgcsnnA&_nc_ss=7f289&_nc_zt=28&oh=00_AQAmAqHT35B-02SFsTxxYDtnPET5Fzll5CGYirCQjnDxWQ&oe=6A58D4B2,https://scontent.fblr20-1.fna.fbcdn.net/v/t39.35426-6/737528936_2412824655883261_2449752929415286080_n.jpg?_nc_cat=110&ccb=1-7&_nc_sid=c53f8f&_nc_ohc=AOaB-ZOpusQQ7kNvwHRXIMm&_nc_oc=AdqV8DcU6xLkN0acnWtIg_XzqVcfozrGjOHTsDK-gSpKJNDb1JWzdwa6JuAEdWo_Ka6iHeOiJT4ICI6-gb90mBIO&_nc_zt=14&_nc_ht=scontent.fblr20-1.fna&_nc_gid=kQSAeCixD5VWUhKdgcsnnA&_nc_ss=7f289&oh=00_AQD7Ka1qwJyNgFOAcC21QIQY0qVMVinTu31AFOdy4pGY9w&oe=6A58AC74,2026-07-16T12:55:14.000Z,2026-07-12,https://pub-893b4a6a607b4221a894bf861da7914e.r2.dev/1581331226744167.mp4
110,95,English Seekho,565574549966663,English Seekho App,,IN,1217608480437639,https://www.facebook.com/ads/library/?id=1217608480437639,2026-07-09,,false,false,1,0,,2026-07-09,,Fluent English bolne ka sirf ek raasta – Daily practice on English Seekho App. Start now!,English Communication strong karo aur confidence badhao,Install now,http://play.google.com/store/apps/details?id=com.bolo.android,"Facebook,Instagram,Audience Network,Messenger,Threads",Fluent English bolne ka sirf ek raasta – Daily practice on English Seekho App. Start now!,English Communication strong karo aur confidence badhao,Install now,http://play.google.com/store/apps/details?id=com.bolo.android,Video,"Facebook,Instagram,Audience Network,Messenger,Threads",1,0,9:16,https://video.fblr20-4.fna.fbcdn.net/o1/v/t2/f2/m366/AQPcOcZGCOUZzNG4ALPm5nXBcUCfHTkqj9ESFDnMZTG_eXryPUJFqjFKF5CB0g2tnuo4ydKelAjAdxqdQUdfoGMnMV_HnLpvyKB96ey_hwfHbg.mp4?_nc_cat=101&_nc_oc=Adpu6x7HSZqoo5NF9RliXNkC2_xbGNpn8xNOpT4XTxxAK-cmoaxgmzmLqyOqPUnIZ-NMGsD-xtiOjV4q-6gy6j7a&_nc_sid=b66105&_nc_ht=video.fblr20-4.fna.fbcdn.net&_nc_ohc=WXFP_WC_MmEQ7kNvwEkyBIH&efg=eyJ2ZW5jb2RlX3RhZyI6Inhwdl9wcm9ncmVzc2l2ZS5WSV9VU0VDQVNFX1BST0RVQ1RfVFlQRS4uQzMuNzIwLmRhc2hfaDI2NC1iYXNpYy1nZW4yXzcyMHAiLCJ4cHZfYXNzZXRfaWQiOjE5Mzg0NjkzMzY4MTQ1MjcsImFzc2V0X2FnZV9kYXlzIjo1MSwidmlfdXNlY2FzZV9pZCI6MTAxMzksImR1cmF0aW9uX3MiOjg0LCJ1cmxnZW5fc291cmNlIjoid3d3In0%3D&ccb=17-1&vs=6b965b4e4f85d499&_nc_vs=HBksFQIYRWZiX2VwaGVtZXJhbC9FRjRFNDcyQTU5NTREOTIwMkRCQzZDNTAzMEM1NDFBRl9tdF8xX3ZpZGVvX2Rhc2hpbml0Lm1wNBUAAsgBEgAVAhhAZmJfcGVybWFuZW50LzYxNEVEN0ZDOUExRTg5QTQ2MDc4NjdERjI5REI3NjhFX2F1ZGlvX2Rhc2hpbml0Lm1wNBUCAsgBEgAoABgAGwKIB3VzZV9vaWwBMRJwcm9ncmVzc2l2ZV9yZWNpcGUBMRUAACb-ztSD4sHxBhUCKAJDMywXQFUGZmZmZmYYGWRhc2hfaDI2NC1iYXNpYy1nZW4yXzcyMHARAHUAZbaeAQA&_nc_gid=kSG06_0nIAxQ6TrX4p96aw&_nc_ss=7f289&_nc_zt=28&oh=00_AQAE4EV8a493A-h36vVdyPJ5VHrHhyDAI5H5Kw9q7JCgZQ&oe=6A58A087,https://scontent.fblr20-3.fna.fbcdn.net/v/t39.35426-6/741828049_1917046205633037_6426994294419777564_n.jpg?_nc_cat=109&ccb=1-7&_nc_sid=c53f8f&_nc_ohc=8QpvesSm9BUQ7kNvwHQo_yl&_nc_oc=AdrZrrfAgTodizjj6crXyGAe9RWp4WKo8FE5cmcCubc8BhMiAb-1aLDLDYdgP-nIDCApG8x0thMGeph8S8gL0SJg&_nc_zt=14&_nc_ht=scontent.fblr20-3.fna&_nc_gid=kSG06_0nIAxQ6TrX4p96aw&_nc_ss=7f289&oh=00_AQBUyQIkyqJJxjIS3za11OTeWcZCDEpdWIWaXtWS-dQhrA&oe=6A58CD76,2026-07-16T09:12:39.000Z,2026-07-12,https://pub-893b4a6a607b4221a894bf861da7914e.r2.dev/1217608480437639.mp4
111,96,English Seekho,565574549966663,English Seekho App,,IN,1683181803008249,https://www.facebook.com/ads/library/?id=1683181803008249,2026-06-18,,false,false,1,0,,2026-06-18,,Fluent English bolne ka sirf ek raasta – Daily practice on English Seekho App. Start now!,English Communication strong karo aur confidence badhao,Install now,http://play.google.com/store/apps/details?id=com.bolo.android,"Facebook,Instagram,Audience Network,Messenger,Threads",Fluent English bolne ka sirf ek raasta – Daily practice on English Seekho App. Start now!,English Communication strong karo aur confidence badhao,Install now,http://play.google.com/store/apps/details?id=com.bolo.android,Video,"Facebook,Instagram,Audience Network,Messenger,Threads",1,0,9:16,https://video.fblr20-1.fna.fbcdn.net/o1/v/t2/f2/m366/AQPhtLcmmS4dmqYHWbCAHluSkJf9ZYtWJrBe0WDxX_RM7Ux9P5u9IZbr1LOEdEm0ZGciI24h9ZxWSJRD2Yho-pP_6jNZe-aOIOagsifgxIn7fQ.mp4?_nc_cat=108&_nc_oc=AdpfYciAap_J5hz2A9eIHdL02bUAffLShMgXqQ2XSmb0Nz3-u5DljgHqOw58tC6EVANBYRTUy8rdybbecHFVl5Th&_nc_sid=b66105&_nc_ht=video.fblr20-1.fna.fbcdn.net&_nc_ohc=hvWTiJleza0Q7kNvwH1uyWn&efg=eyJ2ZW5jb2RlX3RhZyI6Inhwdl9wcm9ncmVzc2l2ZS5WSV9VU0VDQVNFX1BST0RVQ1RfVFlQRS4uQzMuNzIwLmRhc2hfaDI2NC1iYXNpYy1nZW4yXzcyMHAiLCJ4cHZfYXNzZXRfaWQiOjE2NTg2NDU4ODg3NDY3NjEsImFzc2V0X2FnZV9kYXlzIjo0OCwidmlfdXNlY2FzZV9pZCI6MTAxMzksImR1cmF0aW9uX3MiOjE2OCwidXJsZ2VuX3NvdXJjZSI6Ind3dyJ9&ccb=17-1&vs=c5cd3f3a65d1d5e7&_nc_vs=HBksFQIYRWZiX2VwaGVtZXJhbC80RjQyQTk4RDYyODQ0QkI0OUE5REI0M0IwN0FGNzJCOF9tdF8xX3ZpZGVvX2Rhc2hpbml0Lm1wNBUAAsgBEgAVAhhAZmJfcGVybWFuZW50L0Q1NDFCRTE3M0MzRTMyQjA3RTBBQkM4QjI2QTc1OThEX2F1ZGlvX2Rhc2hpbml0Lm1wNBUCAsgBEgAoABgAGwKIB3VzZV9vaWwBMRJwcm9ncmVzc2l2ZV9yZWNpcGUBMRUAACaSlI7w8qHyBRUCKAJDMywXQGUCHKwIMScYGWRhc2hfaDI2NC1iYXNpYy1nZW4yXzcyMHARAHUAZbaeAQA&_nc_gid=kSG06_0nIAxQ6TrX4p96aw&_nc_ss=7f289&_nc_zt=28&oh=00_AQBQU79pcwmbyon4U-hslc9KLKSXlSeA5-ZLStkF3gCibQ&oe=6A58BEA0,https://scontent.fblr20-1.fna.fbcdn.net/v/t39.35426-6/706527646_864254669452742_834497737130806662_n.jpg?_nc_cat=108&ccb=1-7&_nc_sid=c53f8f&_nc_ohc=POX4fday3FQQ7kNvwG4w0aL&_nc_oc=Adpy6dzpSEyfUQ9Mt_HJubhU2ia8rLOPdsyG69HDPjewKWxyhYgBjC2ZdSdnubSPDD1VWNV7Xd76CuHk-JyQi6OW&_nc_zt=14&_nc_ht=scontent.fblr20-1.fna&_nc_gid=kSG06_0nIAxQ6TrX4p96aw&_nc_ss=7f289&oh=00_AQB5RRUG2zQzCkH4kXjtwikaAgvgZG59kXiKrYVubcICAw&oe=6A58CCF0,2026-07-16T11:21:04.000Z,2026-07-12,https://pub-893b4a6a607b4221a894bf861da7914e.r2.dev/1683181803008249.mp4
112,97,English Seekho,565574549966663,English Seekho App,,IN,900872706390281,https://www.facebook.com/ads/library/?id=900872706390281,2026-07-08,,false,false,1,0,,2026-07-08,,"ঘরে বসেই ইংরেজি শিখুন!
English Seekho App-এর ইন্টারঅ্যাকটিভ লেসনের মাধ্যমে প্রতিদিন অনুশীলন করুন।",ইংরেজি কমিউনিকেশন শক্তিশালী করুন এবং আত্মবিশ্বাস বাড়ান।,Install now,http://play.google.com/store/apps/details?id=com.bolo.android,"Facebook,Instagram,Audience Network,Messenger,Threads","ঘরে বসেই ইংরেজি শিখুন!
English Seekho App-এর ইন্টারঅ্যাকটিভ লেসনের মাধ্যমে প্রতিদিন অনুশীলন করুন।",ইংরেজি কমিউনিকেশন শক্তিশালী করুন এবং আত্মবিশ্বাস বাড়ান।,Install now,http://play.google.com/store/apps/details?id=com.bolo.android,Video,"Facebook,Instagram,Audience Network,Messenger,Threads",1,0,9:16,https://video.fblr20-3.fna.fbcdn.net/o1/v/t2/f2/m366/AQPmHRs55-X_IQ2rennzG2ZvJ4cc0mk9y-NxrdlPGG0QItLMZCB3ppOCw4QCYr7ikhoxg-oIcXs9HAlcr5NI7tFBlA9Aon72U6oLBZBR1eSo4A.mp4?_nc_cat=109&_nc_oc=AdpAReOwttvTJ43pJV9e9hlZjobaxCxO21Nlpe9m_hPfziDESKAMJLXhwXejDJp2n4le1QEE2dI6rTOXVS4gp9DZ&_nc_sid=b66105&_nc_ht=video.fblr20-3.fna.fbcdn.net&_nc_ohc=1aqIC3oBJ70Q7kNvwGyKFoT&efg=eyJ2ZW5jb2RlX3RhZyI6Inhwdl9wcm9ncmVzc2l2ZS5WSV9VU0VDQVNFX1BST0RVQ1RfVFlQRS4uQzMuNzIwLmRhc2hfaDI2NC1iYXNpYy1nZW4yXzcyMHAiLCJ4cHZfYXNzZXRfaWQiOjc3NTgyOTg0MjI4NzM5MCwiYXNzZXRfYWdlX2RheXMiOjUsInZpX3VzZWNhc2VfaWQiOjEwMTM5LCJkdXJhdGlvbl9zIjo0NiwidXJsZ2VuX3NvdXJjZSI6Ind3dyJ9&ccb=17-1&vs=531d142b5c7c4bcb&_nc_vs=HBksFQIYRWZiX2VwaGVtZXJhbC8yRjQzMjMyOTE3RkNERjhGRTExM0UyMTI1NUFCRUE4Rl9tdF8xX3ZpZGVvX2Rhc2hpbml0Lm1wNBUAAsgBEgAVAhhAZmJfcGVybWFuZW50LzI0NEVBMzg0NDRGRUQ0OERDMjlEM0IzNjgzRkMwQThDX2F1ZGlvX2Rhc2hpbml0Lm1wNBUCAsgBEgAoABgAGwKIB3VzZV9vaWwBMRJwcm9ncmVzc2l2ZV9yZWNpcGUBMRUAACa87L7inufgAhUCKAJDMywXQEdan752yLQYGWRhc2hfaDI2NC1iYXNpYy1nZW4yXzcyMHARAHUAZbaeAQA&_nc_gid=kSG06_0nIAxQ6TrX4p96aw&_nc_ss=7f289&_nc_zt=28&oh=00_AQC0jrrhGf50vFhJGaegGeENGIYJmuzZ1oVaGCaoqkZmnA&oe=6A58C3A7,https://scontent.fblr20-4.fna.fbcdn.net/v/t39.35426-6/740779316_1692035318613575_2917532739477447006_n.jpg?_nc_cat=103&ccb=1-7&_nc_sid=c53f8f&_nc_ohc=uFdk-8A6pb8Q7kNvwG0J_Du&_nc_oc=AdobvhZDrY58dWV9w5c_IeAOAKyztDBCKNiS9QHv5WCs4N8BiQc4msQ36toNFp7WShrJ66W69D5tbwKWcEPcQ-ur&_nc_zt=14&_nc_ht=scontent.fblr20-4.fna&_nc_gid=kSG06_0nIAxQ6TrX4p96aw&_nc_ss=7f289&oh=00_AQD-2uvyCPM8LYUrlcJT-DzTOuJI8xRoEH2ppf_t1GZXVg&oe=6A58D090,2026-07-16T11:42:31.000Z,2026-07-12,https://pub-893b4a6a607b4221a894bf861da7914e.r2.dev/900872706390281.mp4
113,98,English Seekho,565574549966663,English Seekho App,,IN,1370316518351776,https://www.facebook.com/ads/library/?id=1370316518351776,2026-06-18,,false,false,1,0,,2026-06-18,,Fluent English bolne ka sirf ek raasta – Daily practice on English Seekho App. Start now!,English Communication strong karo aur confidence badhao,Install now,http://play.google.com/store/apps/details?id=com.bolo.android,"Facebook,Instagram,Audience Network,Messenger,Threads",Fluent English bolne ka sirf ek raasta – Daily practice on English Seekho App. Start now!,English Communication strong karo aur confidence badhao,Install now,http://play.google.com/store/apps/details?id=com.bolo.android,Video,"Facebook,Instagram,Audience Network,Messenger,Threads",1,0,9:16,https://video.fblr20-5.fna.fbcdn.net/o1/v/t2/f2/m366/AQNq173CiLIy8V415Tdpt8lRFHal-FA_rUVfoigZxzhGoPAtcxOZYB4tAeEznA3awY7lPiaKOXI41B4ead8dUA8_-gEZfpobNN5Bzu3chUg5ZQ.mp4?_nc_cat=107&_nc_oc=Ado6S3O86tMWBsEFtHhTTgR-VUkC4XLSYahn_TsCh15XGqr-Ojgpn4Vc1BvbudS4zVw1T2faZxOU6MqtW49I2o_J&_nc_sid=b66105&_nc_ht=video.fblr20-5.fna.fbcdn.net&_nc_ohc=OBcIEeoidCUQ7kNvwH2wiLG&efg=eyJ2ZW5jb2RlX3RhZyI6Inhwdl9wcm9ncmVzc2l2ZS5WSV9VU0VDQVNFX1BST0RVQ1RfVFlQRS4uQzMuNzIwLmRhc2hfaDI2NC1iYXNpYy1nZW4yXzcyMHAiLCJ4cHZfYXNzZXRfaWQiOjE0MzU3OTE1MzQ1MzY3NjEsImFzc2V0X2FnZV9kYXlzIjo3NSwidmlfdXNlY2FzZV9pZCI6MTAxMzksImR1cmF0aW9uX3MiOjgzLCJ1cmxnZW5fc291cmNlIjoid3d3In0%3D&ccb=17-1&vs=4bcde2d3ffd695d7&_nc_vs=HBksFQIYRWZiX2VwaGVtZXJhbC9ENzRFREJCMjk4RjRBNjZEQzlFMTJENTY5NDYxNUZCNV9tdF8xX3ZpZGVvX2Rhc2hpbml0Lm1wNBUAAsgBEgAVAhhAZmJfcGVybWFuZW50L0NBNDJBOUQ1NDkyMzY0MTU1REE3QjI5NjFFMThGOUI0X2F1ZGlvX2Rhc2hpbml0Lm1wNBUCAsgBEgAoABgAGwKIB3VzZV9vaWwBMRJwcm9ncmVzc2l2ZV9yZWNpcGUBMRUAACby4JnGiPaMBRUCKAJDMywXQFT7tkWhysEYGWRhc2hfaDI2NC1iYXNpYy1nZW4yXzcyMHARAHUAZbaeAQA&_nc_gid=kSG06_0nIAxQ6TrX4p96aw&_nc_ss=7f289&_nc_zt=28&oh=00_AQByrQ52AqGdr4X92M9AWO1cXkNky1lX8N2V2OinPPGerQ&oe=6A58BEE5,https://scontent.fblr20-1.fna.fbcdn.net/v/t39.35426-6/689893742_927308953639845_5221534742351187563_n.jpg?_nc_cat=110&ccb=1-7&_nc_sid=c53f8f&_nc_ohc=mthR15ndcYMQ7kNvwFhshQN&_nc_oc=AdoGFpE4gAgvuk8un5pQz7xUpyAeuduTNwk2lLxn5wsC4t59V6n5vVuhlVay4wJVqgjFr0wnXTCzwafo1Pco9Uci&_nc_zt=14&_nc_ht=scontent.fblr20-1.fna&_nc_gid=kSG06_0nIAxQ6TrX4p96aw&_nc_ss=7f289&oh=00_AQAKiUtp8K5MV6z9f5P8kkxGaXSNQOB7vs8OMbgmWNy9Gg&oe=6A58B6D6,2026-07-16T11:22:13.000Z,2026-07-12,https://pub-893b4a6a607b4221a894bf861da7914e.r2.dev/1370316518351776.mp4
114,99,English Seekho,565574549966663,English Seekho App,,IN,1022822213670559,https://www.facebook.com/ads/library/?id=1022822213670559,2026-07-09,,false,false,1,0,,2026-07-09,,Fluent English bolne ka sirf ek raasta – Daily practice on English Seekho App. Start now!,English Communication strong karo aur confidence badhao,Install now,http://play.google.com/store/apps/details?id=com.bolo.android,"Facebook,Instagram,Audience Network,Messenger,Threads",Fluent English bolne ka sirf ek raasta – Daily practice on English Seekho App. Start now!,English Communication strong karo aur confidence badhao,Install now,http://play.google.com/store/apps/details?id=com.bolo.android,Video,"Facebook,Instagram,Audience Network,Messenger,Threads",1,0,9:16,https://video.fblr20-3.fna.fbcdn.net/o1/v/t2/f2/m366/AQNINEyzIPH2U8bPo3aporgNcCPshAFAX9Bj4_EVgxMlVC7Q7AY9D1n4eDdZOD0ciBPuUlTolDdUmXrOXlpgVx8wvUB5cpiJVIRhUp0xpvbshA.mp4?_nc_cat=105&_nc_oc=AdqpTxtOTRGgG4T05C_odGPYw41VCLIgmw-JLroouy_Kvu5SWyo8BTMb5xOhbpFwQ1gInj5UgzoHHHgecACvxLPl&_nc_sid=b66105&_nc_ht=video.fblr20-3.fna.fbcdn.net&_nc_ohc=7e17LF1C9ugQ7kNvwFVtcng&efg=eyJ2ZW5jb2RlX3RhZyI6Inhwdl9wcm9ncmVzc2l2ZS5WSV9VU0VDQVNFX1BST0RVQ1RfVFlQRS4uQzMuNzIwLmRhc2hfaDI2NC1iYXNpYy1nZW4yXzcyMHAiLCJ4cHZfYXNzZXRfaWQiOjE0MjAzMjQ2OTAxNDA4MzEsImFzc2V0X2FnZV9kYXlzIjo5LCJ2aV91c2VjYXNlX2lkIjoxMDEzOSwiZHVyYXRpb25fcyI6MTY0LCJ1cmxnZW5fc291cmNlIjoid3d3In0%3D&ccb=17-1&vs=79dfdc7e1fb78029&_nc_vs=HBksFQIYRWZiX2VwaGVtZXJhbC8xNjQ5MTMyNDExNkQyNTM3OTkyQjlFNzFCQTRGRTM4MV9tdF8xX3ZpZGVvX2Rhc2hpbml0Lm1wNBUAAsgBEgAVAhhAZmJfcGVybWFuZW50LzdENDAxMTU1M0U4MzcyMjkzMTBBQUNBMDY3RUZERkFCX2F1ZGlvX2Rhc2hpbml0Lm1wNBUCAsgBEgAoABgAGwKIB3VzZV9vaWwBMRJwcm9ncmVzc2l2ZV9yZWNpcGUBMRUAACa--vjJ4_GFBRUCKAJDMywXQGSHdLxqfvoYGWRhc2hfaDI2NC1iYXNpYy1nZW4yXzcyMHARAHUAZbaeAQA&_nc_gid=kSG06_0nIAxQ6TrX4p96aw&_nc_ss=7f289&_nc_zt=28&oh=00_AQDZv1zwnlvoXX0WMyH6d1TRn9VNqG1N7NI-M9qKsd0AIg&oe=6A58D27B,https://scontent.fblr20-3.fna.fbcdn.net/v/t39.35426-6/741569399_1531935865064163_3290833081772686013_n.jpg?_nc_cat=105&ccb=1-7&_nc_sid=c53f8f&_nc_ohc=fK_pHv0t0bsQ7kNvwGZHmv3&_nc_oc=AdrW7kebRmrasQkMoLTxoCXpBy4w1KCJOcIvLow5eqvP8rLI2Q9h_h-YBBPpIo_TlZIWFBkjED8GWM5gfxVwhTss&_nc_zt=14&_nc_ht=scontent.fblr20-3.fna&_nc_gid=kSG06_0nIAxQ6TrX4p96aw&_nc_ss=7f289&oh=00_AQA8gLVY-nerbq_7KYRwGcsU1oDUT5MOMTLzWSNXs8dV0g&oe=6A58BF73,2026-07-16T12:45:47.000Z,2026-07-12,https://pub-893b4a6a607b4221a894bf861da7914e.r2.dev/1022822213670559.mp4
115,100,English Seekho,565574549966663,English Seekho App,,IN,2538040990040598,https://www.facebook.com/ads/library/?id=2538040990040598,2026-06-18,,false,false,1,0,,2026-06-18,,Fluent English bolne ka sirf ek raasta – Daily practice on English Seekho App. Start now!,English Communication strong karo aur confidence badhao,Install now,http://play.google.com/store/apps/details?id=com.bolo.android,"Facebook,Instagram,Audience Network,Messenger,Threads",Fluent English bolne ka sirf ek raasta – Daily practice on English Seekho App. Start now!,English Communication strong karo aur confidence badhao,Install now,http://play.google.com/store/apps/details?id=com.bolo.android,Video,"Facebook,Instagram,Audience Network,Messenger,Threads",1,0,9:16,https://video.fblr20-4.fna.fbcdn.net/o1/v/t2/f2/m366/AQO22zt2fyNMaNz7nq_ud94B40Hjicvxmthwi_Ay_2tePWpUFNpyccteWY9zgdyunhq7y2kI9__ha-mnIjXjlqQehpwXFLXJrJv6rF61652Ifg.mp4?_nc_cat=101&_nc_oc=AdrpZNcfomY-mYxux5_UvXgYEMFlVR-NVKfgOsnX3UmhCdvbt4YJKDegE7woY58iQ59_YRuDdSi1UaQr4O0utuES&_nc_sid=b66105&_nc_ht=video.fblr20-4.fna.fbcdn.net&_nc_ohc=cSBOXUaCoSQQ7kNvwE6zpTr&efg=eyJ2ZW5jb2RlX3RhZyI6Inhwdl9wcm9ncmVzc2l2ZS5WSV9VU0VDQVNFX1BST0RVQ1RfVFlQRS4uQzMuNzIwLmRhc2hfaDI2NC1iYXNpYy1nZW4yXzcyMHAiLCJ4cHZfYXNzZXRfaWQiOjQ2NDI5MjMzOTU5MjgyNzEsImFzc2V0X2FnZV9kYXlzIjo1MCwidmlfdXNlY2FzZV9pZCI6MTAxMzksImR1cmF0aW9uX3MiOjc3LCJ1cmxnZW5fc291cmNlIjoid3d3In0%3D&ccb=17-1&vs=7093134d69ab7d5a&_nc_vs=HBksFQIYRWZiX2VwaGVtZXJhbC8wMTQzMkU4N0Y2Qzg3MThGMEU5MEIyMTQ0Mjg2NDZCOF9tdF8xX3ZpZGVvX2Rhc2hpbml0Lm1wNBUAAsgBEgAVAhhAZmJfcGVybWFuZW50L0IwNENCMzlDMTMzNEE3MTJBNEU4RjZDMDJBRkQ2NTk5X2F1ZGlvX2Rhc2hpbml0Lm1wNBUCAsgBEgAoABgAGwKIB3VzZV9vaWwBMRJwcm9ncmVzc2l2ZV9yZWNpcGUBMRUAACaew9772q2_EBUCKAJDMywXQFNTMzMzMzMYGWRhc2hfaDI2NC1iYXNpYy1nZW4yXzcyMHARAHUAZbaeAQA&_nc_gid=kSG06_0nIAxQ6TrX4p96aw&_nc_ss=7f289&_nc_zt=28&oh=00_AQD31JmfWaNPItVqd4tDZG1MageQ-Ovd9c8sipeYLUvBlQ&oe=6A58CF8B,https://scontent.fblr20-4.fna.fbcdn.net/v/t39.35426-6/725599520_1397970022168630_3892355948086453133_n.jpg?_nc_cat=106&ccb=1-7&_nc_sid=c53f8f&_nc_ohc=D4UCuIxOuBoQ7kNvwHJtadf&_nc_oc=AdrWL9E8pwsR4NnBvau3SB7tBLdWp1KhuN4o0-WGFxeygJ8Jd9buK7soV97lpFyV8J2rrsIViuvix7oyyKLVr1Al&_nc_zt=14&_nc_ht=scontent.fblr20-4.fna&_nc_gid=kSG06_0nIAxQ6TrX4p96aw&_nc_ss=7f289&oh=00_AQBRQ4Kx0-BJ1uV2Z_tJSy0yHQZX6NKWMDLhsNagn_p0sQ&oe=6A58BCBD,2026-07-16T12:33:15.000Z,2026-07-12,https://pub-893b4a6a607b4221a894bf861da7914e.r2.dev/2538040990040598.mp4
116,101,English Seekho,565574549966663,English Seekho App,,IN,2086474589415548,https://www.facebook.com/ads/library/?id=2086474589415548,2026-06-19,,false,false,1,0,,2026-06-19,,Fluent English bolne ka sirf ek raasta – Daily practice on English Seekho App. Start now!,English Communication strong karo aur confidence badhao,Install now,http://play.google.com/store/apps/details?id=com.bolo.android,"Facebook,Instagram,Audience Network,Messenger,Threads",Fluent English bolne ka sirf ek raasta – Daily practice on English Seekho App. Start now!,English Communication strong karo aur confidence badhao,Install now,http://play.google.com/store/apps/details?id=com.bolo.android,Video,"Facebook,Instagram,Audience Network,Messenger,Threads",1,0,9:16,https://video.fblr20-3.fna.fbcdn.net/o1/v/t2/f2/m366/AQOsd7j_Gx3dEIK6Ef2qObVjsALgRVUx-vWvZioBpjeWTLN37p6McsPL-Q-jH1nGRsJbvl4fwzg0zZpGfPJHt8OVAbe-wY51lnH0vWtKO-2gEQ.mp4?_nc_cat=100&_nc_oc=AdqmqMJvv4BbYbQdk_HiayY3UHZSodra7kfM_mR8t_gqtKV2CpmtmdKI6qqW4QSKslUit0WNSsu6dOHNHBoqSm6r&_nc_sid=b66105&_nc_ht=video.fblr20-3.fna.fbcdn.net&_nc_ohc=tUJz_FPQi_MQ7kNvwFNVRqW&efg=eyJ2ZW5jb2RlX3RhZyI6Inhwdl9wcm9ncmVzc2l2ZS5WSV9VU0VDQVNFX1BST0RVQ1RfVFlQRS4uQzMuNzIwLmRhc2hfaDI2NC1iYXNpYy1nZW4yXzcyMHAiLCJ4cHZfYXNzZXRfaWQiOjEzNzM2ODgxODczNjgyNTYsImFzc2V0X2FnZV9kYXlzIjoxNjksInZpX3VzZWNhc2VfaWQiOjEwMTM5LCJkdXJhdGlvbl9zIjo1MCwidXJsZ2VuX3NvdXJjZSI6Ind3dyJ9&ccb=17-1&vs=eeddbf856ac63050&_nc_vs=HBksFQIYRWZiX2VwaGVtZXJhbC84NjQ3QjdDQ0ZBQTQ5MUMzRThGQTJGNTlEQkI4MTRBRV9tdF8xX3ZpZGVvX2Rhc2hpbml0Lm1wNBUAAsgBEgAVAhhAZmJfcGVybWFuZW50LzU4NEQzOEEwNjgyMzdFQ0I4MzlCM0EyOUM3RDk0QzhGX2F1ZGlvX2Rhc2hpbml0Lm1wNBUCAsgBEgAoABgAGwKIB3VzZV9vaWwBMRJwcm9ncmVzc2l2ZV9yZWNpcGUBMRUAACaAzYXHltfwBBUCKAJDMywXQEkd0vGp--cYGWRhc2hfaDI2NC1iYXNpYy1nZW4yXzcyMHARAHUAZbaeAQA&_nc_gid=kSG06_0nIAxQ6TrX4p96aw&_nc_ss=7f289&_nc_zt=28&oh=00_AQCzI2bIhVe9mqz9OXQq3wf8mfugdBXAxBTEGbUY5EObOg&oe=6A58C960,https://scontent.fblr20-2.fna.fbcdn.net/v/t39.35426-6/721644280_1442902247875673_5811871390805946546_n.jpg?_nc_cat=104&ccb=1-7&_nc_sid=c53f8f&_nc_ohc=hDPbGuMGsYIQ7kNvwEF1u17&_nc_oc=AdrOpmY6epvIwo9AroQjKXswRa1MjEnaN9uLfp7Ish23Dk0gT2HXnWYAfcjuvhZsvG00ayzqHZOg9yHDZKdMxXJT&_nc_zt=14&_nc_ht=scontent.fblr20-2.fna&_nc_gid=kSG06_0nIAxQ6TrX4p96aw&_nc_ss=7f289&oh=00_AQBBp15jT1VLB5XbZG1f-DXVdJD8n6K3BntRBGz7yGD3qA&oe=6A58B6C1,2026-07-16T12:06:56.000Z,2026-07-12,https://pub-893b4a6a607b4221a894bf861da7914e.r2.dev/2086474589415548.mp4
117,102,English Seekho,565574549966663,English Seekho App,,IN,1364770528875699,https://www.facebook.com/ads/library/?id=1364770528875699,2026-06-24,,false,true,2,0,1364770528875699,2026-06-24,,Fluent English bolne ka sirf ek raasta – Daily practice on English Seekho App. Start now!,English Communication strong karo aur confidence badhao,Install now,http://play.google.com/store/apps/details?id=com.bolo.android,"Facebook,Instagram,Audience Network,Messenger,Threads",Fluent English bolne ka sirf ek raasta – Daily practice on English Seekho App. Start now!,English Communication strong karo aur confidence badhao,Install now,http://play.google.com/store/apps/details?id=com.bolo.android,Video,"Facebook,Instagram,Audience Network,Messenger,Threads",1,0,9:16,https://video.fblr20-3.fna.fbcdn.net/o1/v/t2/f2/m366/AQNilayILGFGh-KNfquyRt6KdBFo7uuyxD9IPdHdvmIEVtpfpK1wn0IPaRH6sn2-qzjXZHzLfEL-88XM1l44jKNDyrphNWE7v1cetmG2AQxF9w.mp4?_nc_cat=105&_nc_oc=AdrMtBcyVLl8go2k8g8KRtVI6-jfuDQC_OZEoi0_GskwzNSkJqbCSUhWEGWFy6gRnMnk0X6nwG9lUrXQGtiSVp2N&_nc_sid=b66105&_nc_ht=video.fblr20-3.fna.fbcdn.net&_nc_ohc=swu5oN0FzSIQ7kNvwH1V1Y0&efg=eyJ2ZW5jb2RlX3RhZyI6Inhwdl9wcm9ncmVzc2l2ZS5WSV9VU0VDQVNFX1BST0RVQ1RfVFlQRS4uQzMuNzIwLmRhc2hfaDI2NC1iYXNpYy1nZW4yXzcyMHAiLCJ4cHZfYXNzZXRfaWQiOjIwMTk0NDc0NDg5ODExOTYsImFzc2V0X2FnZV9kYXlzIjo4NiwidmlfdXNlY2FzZV9pZCI6MTAxMzksImR1cmF0aW9uX3MiOjE5NSwidXJsZ2VuX3NvdXJjZSI6Ind3dyJ9&ccb=17-1&vs=fa85edc4d1869fcd&_nc_vs=HBksFQIYRWZiX2VwaGVtZXJhbC9DRTQ2Q0FFNkZDNUFENjg1NDAxQTZDQUQ4NkJDOTM4QV9tdF8xX3ZpZGVvX2Rhc2hpbml0Lm1wNBUAAsgBEgAVAhhAZmJfcGVybWFuZW50LzQ3NEI3RjY2RUJCN0ZCRTFDMUJGMDUyMkJCNkNGMjgwX2F1ZGlvX2Rhc2hpbml0Lm1wNBUCAsgBEgAoABgAGwKIB3VzZV9vaWwBMRJwcm9ncmVzc2l2ZV9yZWNpcGUBMRUAACaYu7b9p6uWBxUCKAJDMywXQGh1T987ZFoYGWRhc2hfaDI2NC1iYXNpYy1nZW4yXzcyMHARAHUAZbaeAQA&_nc_gid=kSG06_0nIAxQ6TrX4p96aw&_nc_ss=7f289&_nc_zt=28&oh=00_AQB5RmqVtiytF1rCaX-_aXgD7e_3UnWOJs2GC7H5Ho3dJQ&oe=6A58AAA3,https://scontent.fblr20-4.fna.fbcdn.net/v/t39.35426-6/730331508_1277705690862722_4749577613438667466_n.jpg?_nc_cat=103&ccb=1-7&_nc_sid=c53f8f&_nc_ohc=AT5NhqIkAGEQ7kNvwGMbXA1&_nc_oc=AdrSTvwTlu_5d0rgTKFkidt6ajlZDJiODUY8VMFxKKdwc6m7ijBofUJCgQAheJotDM9KraXMTiczmDMhJ--_y0Bw&_nc_zt=14&_nc_ht=scontent.fblr20-4.fna&_nc_gid=kSG06_0nIAxQ6TrX4p96aw&_nc_ss=7f289&oh=00_AQA3-gzG29QduC93mNSgS1RFJzzirqN7kQD-nNC4S01hsQ&oe=6A58C5A0,2026-07-16T09:55:47.000Z,2026-07-12,https://pub-893b4a6a607b4221a894bf861da7914e.r2.dev/1364770528875699.mp4
118,102,English Seekho,565574549966663,English Seekho App,,IN,1364770528875699,https://www.facebook.com/ads/library/?id=1364770528875699,2026-06-24,,false,true,2,1,1057833703249477,2026-06-23,,Fluent English bolne ka sirf ek raasta – Daily practice on English Seekho App. Start now!,English Communication strong karo aur confidence badhao,Install now,http://play.google.com/store/apps/details?id=com.bolo.android,"Facebook,Instagram,Audience Network,Messenger,Threads",Fluent English bolne ka sirf ek raasta – Daily practice on English Seekho App. Start now!,English Communication strong karo aur confidence badhao,Install now,http://play.google.com/store/apps/details?id=com.bolo.android,Video,"Facebook,Instagram,Audience Network,Messenger,Threads",1,0,9:16,https://video.fblr20-3.fna.fbcdn.net/o1/v/t2/f2/m366/AQNilayILGFGh-KNfquyRt6KdBFo7uuyxD9IPdHdvmIEVtpfpK1wn0IPaRH6sn2-qzjXZHzLfEL-88XM1l44jKNDyrphNWE7v1cetmG2AQxF9w.mp4?_nc_cat=105&_nc_oc=AdrMtBcyVLl8go2k8g8KRtVI6-jfuDQC_OZEoi0_GskwzNSkJqbCSUhWEGWFy6gRnMnk0X6nwG9lUrXQGtiSVp2N&_nc_sid=b66105&_nc_ht=video.fblr20-3.fna.fbcdn.net&_nc_ohc=swu5oN0FzSIQ7kNvwH1V1Y0&efg=eyJ2ZW5jb2RlX3RhZyI6Inhwdl9wcm9ncmVzc2l2ZS5WSV9VU0VDQVNFX1BST0RVQ1RfVFlQRS4uQzMuNzIwLmRhc2hfaDI2NC1iYXNpYy1nZW4yXzcyMHAiLCJ4cHZfYXNzZXRfaWQiOjIwMTk0NDc0NDg5ODExOTYsImFzc2V0X2FnZV9kYXlzIjo4NiwidmlfdXNlY2FzZV9pZCI6MTAxMzksImR1cmF0aW9uX3MiOjE5NSwidXJsZ2VuX3NvdXJjZSI6Ind3dyJ9&ccb=17-1&vs=fa85edc4d1869fcd&_nc_vs=HBksFQIYRWZiX2VwaGVtZXJhbC9DRTQ2Q0FFNkZDNUFENjg1NDAxQTZDQUQ4NkJDOTM4QV9tdF8xX3ZpZGVvX2Rhc2hpbml0Lm1wNBUAAsgBEgAVAhhAZmJfcGVybWFuZW50LzQ3NEI3RjY2RUJCN0ZCRTFDMUJGMDUyMkJCNkNGMjgwX2F1ZGlvX2Rhc2hpbml0Lm1wNBUCAsgBEgAoABgAGwKIB3VzZV9vaWwBMRJwcm9ncmVzc2l2ZV9yZWNpcGUBMRUAACaYu7b9p6uWBxUCKAJDMywXQGh1T987ZFoYGWRhc2hfaDI2NC1iYXNpYy1nZW4yXzcyMHARAHUAZbaeAQA&_nc_gid=4Q9Shb61vxJybN6-WY9l7Q&_nc_ss=7f289&_nc_zt=28&oh=00_AQDn0H5AcIu9fAvcwO-mttUz109RGa59gR1xEW_GTf3S-Q&oe=6A58AAA3,https://scontent.fblr20-3.fna.fbcdn.net/v/t39.35426-6/671814782_1681151669592833_8139103157914874085_n.jpg?_nc_cat=109&ccb=1-7&_nc_sid=c53f8f&_nc_ohc=qx_dzXLHzAAQ7kNvwHmlMBq&_nc_oc=Adr-2rU4gLUqpsvwz93UkkHKIiHCVwUw8WS39Miu2bRv9AQTm0qyTG0wrCBHPn2KNvkv6WgvrPHqLQa78asjPeki&_nc_zt=14&_nc_ht=scontent.fblr20-3.fna&_nc_gid=4Q9Shb61vxJybN6-WY9l7Q&_nc_ss=7f289&oh=00_AQCWJHn1fH_bEsQfQgOFgn7xKNO71KHcq4FiTwQZul68Cg&oe=6A58B57B,2026-07-16T09:55:47.000Z,2026-07-12,
119,103,English Seekho,565574549966663,English Seekho App,,IN,2289892785083094,https://www.facebook.com/ads/library/?id=2289892785083094,2026-06-20,,false,false,1,0,,2026-06-20,,Fluent English bolne ka sirf ek raasta – Daily practice on English Seekho App. Start now!,English Communication strong karo aur confidence badhao,Install now,http://play.google.com/store/apps/details?id=com.bolo.android,"Facebook,Instagram,Audience Network,Messenger,Threads",Fluent English bolne ka sirf ek raasta – Daily practice on English Seekho App. Start now!,English Communication strong karo aur confidence badhao,Install now,http://play.google.com/store/apps/details?id=com.bolo.android,Video,"Facebook,Instagram,Audience Network,Messenger,Threads",1,0,9:16,https://video.fblr20-4.fna.fbcdn.net/o1/v/t2/f2/m366/AQMPA6a92htFLhEGD7Z9JdhseZMYHYUevw31DvpSyYCWjFtYzJPDGcaZuWbE1UgEqmZOPmnvtCL0kON0JjIXp57e2MLbnbJoC-uzD9Y5-4BpdQ.mp4?_nc_cat=106&_nc_oc=AdpdLX_-NzmFeIl4oMqiB007gFhw19Ux_9GkCo24HUSHuIdDVlwDT5Qpf22au-dM7gnxwl94waR7BjRJoKVCbxVE&_nc_sid=b66105&_nc_ht=video.fblr20-4.fna.fbcdn.net&_nc_ohc=RIDMHZlCo_AQ7kNvwHSf9XV&efg=eyJ2ZW5jb2RlX3RhZyI6Inhwdl9wcm9ncmVzc2l2ZS5WSV9VU0VDQVNFX1BST0RVQ1RfVFlQRS4uQzMuNzIwLmRhc2hfaDI2NC1iYXNpYy1nZW4yXzcyMHAiLCJ4cHZfYXNzZXRfaWQiOjEyODcyMjQ1OTMxODA0NTcsImFzc2V0X2FnZV9kYXlzIjoyMywidmlfdXNlY2FzZV9pZCI6MTAxMzksImR1cmF0aW9uX3MiOjQyLCJ1cmxnZW5fc291cmNlIjoid3d3In0%3D&ccb=17-1&vs=18efbd9d5f14b7c&_nc_vs=HBksFQIYRWZiX2VwaGVtZXJhbC82QzQzQzlCOTcyNDgwNEU0QTFBQTI5QzE5MUU0NEE4N19tdF8xX3ZpZGVvX2Rhc2hpbml0Lm1wNBUAAsgBEgAVAhhAZmJfcGVybWFuZW50LzI4NDJBNEZGMEM1NzI4QUVGNDlGRENGNDJBODIxOUExX2F1ZGlvX2Rhc2hpbml0Lm1wNBUCAsgBEgAoABgAGwKIB3VzZV9vaWwBMRJwcm9ncmVzc2l2ZV9yZWNpcGUBMRUAACbSnPvJqq7JBBUCKAJDMywXQEUKn752yLQYGWRhc2hfaDI2NC1iYXNpYy1nZW4yXzcyMHARAHUAZbaeAQA&_nc_gid=4Q9Shb61vxJybN6-WY9l7Q&_nc_ss=7f289&_nc_zt=28&oh=00_AQAdTF_RaWF-enSrJz4f4ec2PqdHJkQ2x8eSWUdJPP5PPg&oe=6A589F12,https://scontent.fblr20-4.fna.fbcdn.net/v/t39.35426-6/727441555_1226336752916841_7365400300420400808_n.jpg?_nc_cat=103&ccb=1-7&_nc_sid=c53f8f&_nc_ohc=_eoO9u_-yQAQ7kNvwHaff4L&_nc_oc=AdoNOJvwy1LLblsudPn1ujUJxzzY9QsgUsfure5GZW8QJJiJtjT9ZOPCZF6uYGxtRqoPXwm9tQHrPOu0BFQSY2g_&_nc_zt=14&_nc_ht=scontent.fblr20-4.fna&_nc_gid=4Q9Shb61vxJybN6-WY9l7Q&_nc_ss=7f289&oh=00_AQCWXKgg6pMD53OfYDtJ8T2244cwyCkW2B8ldyzRmwvXew&oe=6A58C97C,2026-07-16T09:06:26.000Z,2026-07-12,https://pub-893b4a6a607b4221a894bf861da7914e.r2.dev/2289892785083094.mp4
120,104,English Seekho,565574549966663,English Seekho App,,IN,1360549895753796,https://www.facebook.com/ads/library/?id=1360549895753796,2026-01-22,,false,false,1,0,,2026-01-22,,Fluent English bolne ka sirf ek raasta – Daily practice on English Seekho App. Start now!,English Communication strong karo aur confidence badhao,Install now,http://play.google.com/store/apps/details?id=com.bolo.android,"Facebook,Instagram,Audience Network,Messenger,Threads",Fluent English bolne ka sirf ek raasta – Daily practice on English Seekho App. Start now!,English Communication strong karo aur confidence badhao,Install now,http://play.google.com/store/apps/details?id=com.bolo.android,Video,"Facebook,Instagram,Audience Network,Messenger,Threads",1,0,9:16,https://video.fblr20-1.fna.fbcdn.net/o1/v/t2/f2/m366/AQNcBrUG8yTLcVsrB6420Uj3to-XGEFKlKUZkLPOALK8AyvJwyTeQrxBoEcvQAXiRmQPTm5a8GaFQLNgWxC0V-kvhLAFRMMWiLAW1La_S0Ep0w.mp4?_nc_cat=110&_nc_oc=Adpq6X2C1ekROrOjLHM4MtZKvjVRy51tFKUuf5VLySsnrvx9wiB0MhHujDGvjmVsQF0bptPC0GeH5ebp5pvhuMiJ&_nc_sid=b66105&_nc_ht=video.fblr20-1.fna.fbcdn.net&_nc_ohc=b_2AALIupK4Q7kNvwHiVNnk&efg=eyJ2ZW5jb2RlX3RhZyI6Inhwdl9wcm9ncmVzc2l2ZS5WSV9VU0VDQVNFX1BST0RVQ1RfVFlQRS4uQzMuNzIwLmRhc2hfaDI2NC1iYXNpYy1nZW4yXzcyMHAiLCJ4cHZfYXNzZXRfaWQiOjI1NjU5MDc3Njc3MDU5MzQ2LCJhc3NldF9hZ2VfZGF5cyI6MTgzLCJ2aV91c2VjYXNlX2lkIjoxMDEzOSwiZHVyYXRpb25fcyI6NTMsInVybGdlbl9zb3VyY2UiOiJ3d3cifQ%3D%3D&ccb=17-1&vs=c6ddf869246e8e72&_nc_vs=HBksFQIYRWZiX2VwaGVtZXJhbC9DMTQ4ODA1M0M0MjRCQTIyNjREMzAxQzU0NjlBQjg4RF9tdF8xX3ZpZGVvX2Rhc2hpbml0Lm1wNBUAAsgBEgAVAhhAZmJfcGVybWFuZW50L0E4NEQ0OTNEQzAxMkVBNTg2RTJCOUVGRkQ2ODIzOThGX2F1ZGlvX2Rhc2hpbml0Lm1wNBUCAsgBEgAoABgAGwKIB3VzZV9vaWwBMRJwcm9ncmVzc2l2ZV9yZWNpcGUBMRUAACaktKSj8rKUWxUCKAJDMywXQErWyLQ5WBAYGWRhc2hfaDI2NC1iYXNpYy1nZW4yXzcyMHARAHUAZbaeAQA&_nc_gid=4Q9Shb61vxJybN6-WY9l7Q&_nc_ss=7f289&_nc_zt=28&oh=00_AQC8PDq5_8HbyK-c_2GXpQdMbvFtOxov6kltgYTsyE5uIg&oe=6A58D106,https://scontent.fblr20-1.fna.fbcdn.net/v/t39.35426-6/618795123_1419041272895892_2489161541762582465_n.jpg?_nc_cat=110&ccb=1-7&_nc_sid=c53f8f&_nc_ohc=ZGG5MefjiL8Q7kNvwEd7y9Y&_nc_oc=AdqoKb1gLFzVXefeOcMSTh9CJkm_KpJw1WV0dkrtlKRm8V_N0Apmg-RYOLJ2-sp59NFW6ocTJLJfgNLyvsHb8VHz&_nc_zt=14&_nc_ht=scontent.fblr20-1.fna&_nc_gid=4Q9Shb61vxJybN6-WY9l7Q&_nc_ss=7f289&oh=00_AQD4VCgLpi-qJbTWaPReg9QK7jpjpwQb_9ft8hl3NFt2Ww&oe=6A58D266,2026-07-16T12:39:34.000Z,2026-07-12,https://pub-893b4a6a607b4221a894bf861da7914e.r2.dev/1360549895753796.mp4
121,105,English Seekho,565574549966663,English Seekho App,,IN,2069551497104811,https://www.facebook.com/ads/library/?id=2069551497104811,2026-06-23,,false,false,1,0,,2026-06-23,,Fluent English bolne ka sirf ek raasta – Daily practice on English Seekho App. Start now!,English Communication strong karo aur confidence badhao,Install now,http://play.google.com/store/apps/details?id=com.bolo.android,"Facebook,Instagram,Audience Network,Messenger,Threads",Fluent English bolne ka sirf ek raasta – Daily practice on English Seekho App. Start now!,English Communication strong karo aur confidence badhao,Install now,http://play.google.com/store/apps/details?id=com.bolo.android,Video,"Facebook,Instagram,Audience Network,Messenger,Threads",1,0,9:16,https://video.fblr20-1.fna.fbcdn.net/o1/v/t2/f2/m366/AQPsHE_mp-xcYbN-Ygco5UiiR1dD7QlYhf_5vWzTlkeJOAZOpuGsvEHIhD4YxoedgoCv-uVTEMgGpCH-cP634REztcghUKYecxAcCVyhw_xVOQ.mp4?_nc_cat=110&_nc_oc=Adpw9pa7NnZWEqWST2hu12lFdIsY8YGD3AmORZVlQa9rPDppA0UqUV0oHAnfLjllyRcPRHBGYuZXEuWTrj7U1Gns&_nc_sid=b66105&_nc_ht=video.fblr20-1.fna.fbcdn.net&_nc_ohc=9AWFWhjx8y4Q7kNvwFphOGt&efg=eyJ2ZW5jb2RlX3RhZyI6Inhwdl9wcm9ncmVzc2l2ZS5WSV9VU0VDQVNFX1BST0RVQ1RfVFlQRS4uQzMuNzIwLmRhc2hfaDI2NC1iYXNpYy1nZW4yXzcyMHAiLCJ4cHZfYXNzZXRfaWQiOjc0MDUwMzAwMjQ1MjgwNywiYXNzZXRfYWdlX2RheXMiOjQ2LCJ2aV91c2VjYXNlX2lkIjoxMDEzOSwiZHVyYXRpb25fcyI6NzIsInVybGdlbl9zb3VyY2UiOiJ3d3cifQ%3D%3D&ccb=17-1&vs=c18d5bccaf26bc9a&_nc_vs=HBksFQIYRWZiX2VwaGVtZXJhbC80MjQ2NkQ3QzM2M0RFOTkxOEM3RTA2MzI0RkU3RTRBNl9tdF8xX3ZpZGVvX2Rhc2hpbml0Lm1wNBUAAsgBEgAVAhhAZmJfcGVybWFuZW50LzA1NEY3OTFFQjQ2MzI5QjJEMEYyODQ4N0ZFMTdGOUFGX2F1ZGlvX2Rhc2hpbml0Lm1wNBUCAsgBEgAoABgAGwKIB3VzZV9vaWwBMRJwcm9ncmVzc2l2ZV9yZWNpcGUBMRUAACaOzdSm-d7QAhUCKAJDMywXQFIh64UeuFIYGWRhc2hfaDI2NC1iYXNpYy1nZW4yXzcyMHARAHUAZbaeAQA&_nc_gid=4Q9Shb61vxJybN6-WY9l7Q&_nc_ss=7f289&_nc_zt=28&oh=00_AQAPh7A-RYyntdOsTxNBts1_5gDM8qgEK4XS6Rh2IIMtcQ&oe=6A58A0B2,https://scontent.fblr20-2.fna.fbcdn.net/v/t39.35426-6/709635850_1005806695178055_3176896828884528027_n.jpg?_nc_cat=111&ccb=1-7&_nc_sid=c53f8f&_nc_ohc=TmOupTamvIIQ7kNvwGxATb7&_nc_oc=AdrYqGRcGlAOsURi7yCYK_MJU3vpGDls60fFaT4U8UETvzUzfYIePQOivJnJ3jPjkZc3JVxxhCoqe97ZWX2a0XqO&_nc_zt=14&_nc_ht=scontent.fblr20-2.fna&_nc_gid=4Q9Shb61vxJybN6-WY9l7Q&_nc_ss=7f289&oh=00_AQAfOjmeXKgrvJos1bjXR2KAfYpneDUCgz2fzdD7_DnnTA&oe=6A58D38B,2026-07-16T09:13:22.000Z,2026-07-12,https://pub-893b4a6a607b4221a894bf861da7914e.r2.dev/2069551497104811.mp4
122,106,English Seekho,565574549966663,English Seekho App,,IN,2911781465840699,https://www.facebook.com/ads/library/?id=2911781465840699,2026-07-03,,false,false,1,0,,2026-07-03,,Fluent English bolne ka sirf ek raasta – Daily practice on English Seekho App. Start now!,English Communication strong karo aur confidence badhao,Install now,http://play.google.com/store/apps/details?id=com.bolo.android,"Facebook,Instagram,Audience Network,Messenger,Threads",Fluent English bolne ka sirf ek raasta – Daily practice on English Seekho App. Start now!,English Communication strong karo aur confidence badhao,Install now,http://play.google.com/store/apps/details?id=com.bolo.android,Video,"Facebook,Instagram,Audience Network,Messenger,Threads",1,0,9:16,https://video.fblr20-2.fna.fbcdn.net/o1/v/t2/f2/m366/AQO-hKm_qvAhTCL6c8akgWsUFCM41HJII_BwUXuFJhH4WYPK8MK78vikSC4ej6tRo2TwbGfFL5ivjG-JdyTSUaRPCsmqhScCG1WQnhuWxgMBhg.mp4?_nc_cat=102&_nc_oc=AdrAgpNKF4xDPJGt6D4xgOFccNCarktLWRBKs21LHgYsW1OrU1MP9A-nPv7ACLxvwTe8-VeSChlo7NV9I-VBAK1R&_nc_sid=b66105&_nc_ht=video.fblr20-2.fna.fbcdn.net&_nc_ohc=LXCNTeRzjTwQ7kNvwF-iZmT&efg=eyJ2ZW5jb2RlX3RhZyI6Inhwdl9wcm9ncmVzc2l2ZS5WSV9VU0VDQVNFX1BST0RVQ1RfVFlQRS4uQzMuNzIwLmRhc2hfaDI2NC1iYXNpYy1nZW4yXzcyMHAiLCJ4cHZfYXNzZXRfaWQiOjE3MTU2OTIyMTYyMjY4OTksImFzc2V0X2FnZV9kYXlzIjoxMSwidmlfdXNlY2FzZV9pZCI6MTAxMzksImR1cmF0aW9uX3MiOjU3LCJ1cmxnZW5fc291cmNlIjoid3d3In0%3D&ccb=17-1&vs=e12d4cfe4fef90ee&_nc_vs=HBksFQIYRWZiX2VwaGVtZXJhbC80OTRBNjJERUJFMUY3OURDREI1NTA2Q0ZGRjMwMEFCNl9tdF8xX3ZpZGVvX2Rhc2hpbml0Lm1wNBUAAsgBEgAVAhhAZmJfcGVybWFuZW50LzQ1NEY2QTlGMURGNkE5M0NCMEQzMDQ1NDZENUZCOTk5X2F1ZGlvX2Rhc2hpbml0Lm1wNBUCAsgBEgAoABgAGwKIB3VzZV9vaWwBMRJwcm9ncmVzc2l2ZV9yZWNpcGUBMRUAACam0byRt5qMBhUCKAJDMywXQEzgAAAAAAAYGWRhc2hfaDI2NC1iYXNpYy1nZW4yXzcyMHARAHUAZbaeAQA&_nc_gid=4Q9Shb61vxJybN6-WY9l7Q&_nc_ss=7f289&_nc_zt=28&oh=00_AQA6wRcbP2MT0xsK4seB0SNx08s5_z7eKu7BHgjVYiT4eA&oe=6A58BC76,https://scontent.fblr20-2.fna.fbcdn.net/v/t39.35426-6/737422208_1044049854765778_7837575096171555161_n.jpg?_nc_cat=111&ccb=1-7&_nc_sid=c53f8f&_nc_ohc=WOi-Ae7umEUQ7kNvwGl7GlD&_nc_oc=AdpqDLnh7nZXlHGbLcSKIseG02ESsad5FlH8gaSQJ7Em6uepp5dVsEbiIv6MeCQVJkgTuXs6ztChG2yo88r5ZsQa&_nc_zt=14&_nc_ht=scontent.fblr20-2.fna&_nc_gid=4Q9Shb61vxJybN6-WY9l7Q&_nc_ss=7f289&oh=00_AQBxjrCckPJkgRDGF5oIEn6Rzv0S5FA0R9cvDxK_YQTaUQ&oe=6A58B217,2026-07-16T11:11:50.000Z,2026-07-12,https://pub-893b4a6a607b4221a894bf861da7914e.r2.dev/2911781465840699.mp4
123,107,English Seekho,565574549966663,English Seekho App,,IN,1485257069470905,https://www.facebook.com/ads/library/?id=1485257069470905,2026-06-18,,false,false,1,0,,2026-06-18,,Fluent English bolne ka sirf ek raasta – Daily practice on English Seekho App. Start now!,English Communication strong karo aur confidence badhao,Install now,http://play.google.com/store/apps/details?id=com.bolo.android,"Facebook,Instagram,Audience Network,Messenger,Threads",Fluent English bolne ka sirf ek raasta – Daily practice on English Seekho App. Start now!,English Communication strong karo aur confidence badhao,Install now,http://play.google.com/store/apps/details?id=com.bolo.android,Video,"Facebook,Instagram,Audience Network,Messenger,Threads",1,0,9:16,https://video.fblr20-2.fna.fbcdn.net/o1/v/t2/f2/m366/AQOKDKaIVA3XUduOa1AseGeR92uMr0EqQiBn8kf9V-jbDOns47f4Kac7REELi4vYTfr_1paRclyYBh6IQo8XkzlAbs0I3o8lDUvwFbTIt-MStA.mp4?_nc_cat=102&_nc_oc=Adq08eDrp-cRbXqPOwEf3ILOPOg_5FO2gFuWkvrP19L4LrTR1Zyb5JdkNNxrYhT82lhN6PE04rmlasKBWhdP1zEh&_nc_sid=b66105&_nc_ht=video.fblr20-2.fna.fbcdn.net&_nc_ohc=MfX20BwQ-PEQ7kNvwF0A_73&efg=eyJ2ZW5jb2RlX3RhZyI6Inhwdl9wcm9ncmVzc2l2ZS5WSV9VU0VDQVNFX1BST0RVQ1RfVFlQRS4uQzMuNzIwLmRhc2hfaDI2NC1iYXNpYy1nZW4yXzcyMHAiLCJ4cHZfYXNzZXRfaWQiOjE4OTYyNjI5MDUxMTE0NTksImFzc2V0X2FnZV9kYXlzIjozNSwidmlfdXNlY2FzZV9pZCI6MTAxMzksImR1cmF0aW9uX3MiOjE5OCwidXJsZ2VuX3NvdXJjZSI6Ind3dyJ9&ccb=17-1&vs=309d973c15f906b8&_nc_vs=HBksFQIYRWZiX2VwaGVtZXJhbC8wODRGOTA4MkQ0MTNFQzAxNTIzRTE5MjQ2NTVEREY5NF9tdF8xX3ZpZGVvX2Rhc2hpbml0Lm1wNBUAAsgBEgAVAhhAZmJfcGVybWFuZW50L0EzNDM0QkVDNzZFRkM2MjgwOEZBNjM2RDY3OTYyMzg1X2F1ZGlvX2Rhc2hpbml0Lm1wNBUCAsgBEgAoABgAGwKIB3VzZV9vaWwBMRJwcm9ncmVzc2l2ZV9yZWNpcGUBMRUAACbGjuHNg6neBhUCKAJDMywXQGjN2yLQ5WAYGWRhc2hfaDI2NC1iYXNpYy1nZW4yXzcyMHARAHUAZbaeAQA&_nc_gid=4Q9Shb61vxJybN6-WY9l7Q&_nc_ss=7f289&_nc_zt=28&oh=00_AQAjtFqqm0XHfIiV0TvhKfQBOxP0l6YRQv0wyG3s3OrxOg&oe=6A58C6AE,https://scontent.fblr20-3.fna.fbcdn.net/v/t39.35426-6/721179342_1304016958604730_5183585636285217363_n.jpg?_nc_cat=105&ccb=1-7&_nc_sid=c53f8f&_nc_ohc=AZeObZMKkIgQ7kNvwHwx3Ch&_nc_oc=AdrVNnXEgrGEyKWwzb5-YiaLQ5caJALfrrzGkdPH0oSYa3TMRsVDDmZPE0usOZaqqBfxlrE0zX4cPFRaE-rmc0h5&_nc_zt=14&_nc_ht=scontent.fblr20-3.fna&_nc_gid=4Q9Shb61vxJybN6-WY9l7Q&_nc_ss=7f289&oh=00_AQBAOFgAbWhv9486cd-ywKUbit6yms1kuek78XV-2t6Adg&oe=6A58A039,2026-07-16T11:55:26.000Z,2026-07-12,https://pub-893b4a6a607b4221a894bf861da7914e.r2.dev/1485257069470905.mp4
124,108,English Seekho,565574549966663,English Seekho App,,IN,2340160886791390,https://www.facebook.com/ads/library/?id=2340160886791390,2026-07-06,,false,true,2,0,2340160886791390,2026-07-06,,Fluent English bolne ka sirf ek raasta – Daily practice on English Seekho App. Start now!,English Communication strong karo aur confidence badhao,Install now,http://play.google.com/store/apps/details?id=com.bolo.android,"Facebook,Instagram,Audience Network,Messenger,Threads",Fluent English bolne ka sirf ek raasta – Daily practice on English Seekho App. Start now!,English Communication strong karo aur confidence badhao,Install now,http://play.google.com/store/apps/details?id=com.bolo.android,Video,"Facebook,Instagram,Audience Network,Messenger,Threads",1,0,9:16,https://video.fblr20-2.fna.fbcdn.net/o1/v/t2/f2/m366/AQNAUy6xGZaKRa14qUrqeaQMtApQXicnw09QnjnPPiOp8ZReYPnfj7075zem9lIakkVMN1h3iTFUjaFf6GJkXS7UHbvfszkqZptdiTmKkF2A2w.mp4?_nc_cat=104&_nc_oc=AdpXPFs28eRFYUTfjMYLqjbYCgEstMkDBNdIff4fgpes4Z5l5ACwVuDzp1xjrW2Bsx-kAsklWVBMwHXLLoicY6xp&_nc_sid=b66105&_nc_ht=video.fblr20-2.fna.fbcdn.net&_nc_ohc=PODIn7yl3Z8Q7kNvwHnnzfN&efg=eyJ2ZW5jb2RlX3RhZyI6Inhwdl9wcm9ncmVzc2l2ZS5WSV9VU0VDQVNFX1BST0RVQ1RfVFlQRS4uQzMuNzIwLmRhc2hfaDI2NC1iYXNpYy1nZW4yXzcyMHAiLCJ4cHZfYXNzZXRfaWQiOjg3NTg4NzY2MTgwMDYxMywiYXNzZXRfYWdlX2RheXMiOjgsInZpX3VzZWNhc2VfaWQiOjEwMTM5LCJkdXJhdGlvbl9zIjo1NCwidXJsZ2VuX3NvdXJjZSI6Ind3dyJ9&ccb=17-1&vs=df61dd2152be58a1&_nc_vs=HBksFQIYRWZiX2VwaGVtZXJhbC85ODQyMDUzRTMzNUJFMDkxODc1RjYwOTBCNzYxRDU5NF9tdF8xX3ZpZGVvX2Rhc2hpbml0Lm1wNBUAAsgBEgAVAhhAZmJfcGVybWFuZW50LzE1NDkwN0RFNzIzNDRCQjU1RkU1MkEwOTMwRjIzODkwX2F1ZGlvX2Rhc2hpbml0Lm1wNBUCAsgBEgAoABgAGwKIB3VzZV9vaWwBMRJwcm9ncmVzc2l2ZV9yZWNpcGUBMRUAACbK8o7Pr6eOAxUCKAJDMywXQEs141P3ztkYGWRhc2hfaDI2NC1iYXNpYy1nZW4yXzcyMHARAHUAZbaeAQA&_nc_gid=4Q9Shb61vxJybN6-WY9l7Q&_nc_ss=7f289&_nc_zt=28&oh=00_AQC26tiOBKi-Tyr6MdKJlKAZnkOvU8VAjAZR1pD6AFcAlw&oe=6A58CD94,https://scontent.fblr20-4.fna.fbcdn.net/v/t39.35426-6/738582844_964895546606138_5226352737552571635_n.jpg?_nc_cat=106&ccb=1-7&_nc_sid=c53f8f&_nc_ohc=GldczN89F_0Q7kNvwFfsAw9&_nc_oc=Adpcu3J-vZtxZlGB_8E1ABnTVgILPvco7GJXVgaqQUBWq0Gc-nd_BofWfBN1kya9uPVOBfyp9_KWX8UvwtamqXQ_&_nc_zt=14&_nc_ht=scontent.fblr20-4.fna&_nc_gid=4Q9Shb61vxJybN6-WY9l7Q&_nc_ss=7f289&oh=00_AQBDFKwbyghhfu1jIzUHiXB98gO8ulJE6zMoeIQmf9iCbA&oe=6A58A4CC,2026-07-16T12:24:52.000Z,2026-07-12,https://pub-893b4a6a607b4221a894bf861da7914e.r2.dev/2340160886791390.mp4
125,108,English Seekho,565574549966663,English Seekho App,,IN,2340160886791390,https://www.facebook.com/ads/library/?id=2340160886791390,2026-07-06,,false,true,2,1,2345556296180459,2026-07-06,,Fluent English bolne ka sirf ek raasta – Daily practice on English Seekho App. Start now!,English Communication strong karo aur confidence badhao,Install now,http://play.google.com/store/apps/details?id=com.bolo.android,"Facebook,Instagram,Audience Network,Messenger,Threads",Fluent English bolne ka sirf ek raasta – Daily practice on English Seekho App. Start now!,English Communication strong karo aur confidence badhao,Install now,http://play.google.com/store/apps/details?id=com.bolo.android,Video,"Facebook,Instagram,Audience Network,Messenger,Threads",1,0,9:16,https://video.fblr20-2.fna.fbcdn.net/o1/v/t2/f2/m366/AQNAUy6xGZaKRa14qUrqeaQMtApQXicnw09QnjnPPiOp8ZReYPnfj7075zem9lIakkVMN1h3iTFUjaFf6GJkXS7UHbvfszkqZptdiTmKkF2A2w.mp4?_nc_cat=104&_nc_oc=AdpXPFs28eRFYUTfjMYLqjbYCgEstMkDBNdIff4fgpes4Z5l5ACwVuDzp1xjrW2Bsx-kAsklWVBMwHXLLoicY6xp&_nc_sid=b66105&_nc_ht=video.fblr20-2.fna.fbcdn.net&_nc_ohc=PODIn7yl3Z8Q7kNvwHnnzfN&efg=eyJ2ZW5jb2RlX3RhZyI6Inhwdl9wcm9ncmVzc2l2ZS5WSV9VU0VDQVNFX1BST0RVQ1RfVFlQRS4uQzMuNzIwLmRhc2hfaDI2NC1iYXNpYy1nZW4yXzcyMHAiLCJ4cHZfYXNzZXRfaWQiOjg3NTg4NzY2MTgwMDYxMywiYXNzZXRfYWdlX2RheXMiOjgsInZpX3VzZWNhc2VfaWQiOjEwMTM5LCJkdXJhdGlvbl9zIjo1NCwidXJsZ2VuX3NvdXJjZSI6Ind3dyJ9&ccb=17-1&vs=df61dd2152be58a1&_nc_vs=HBksFQIYRWZiX2VwaGVtZXJhbC85ODQyMDUzRTMzNUJFMDkxODc1RjYwOTBCNzYxRDU5NF9tdF8xX3ZpZGVvX2Rhc2hpbml0Lm1wNBUAAsgBEgAVAhhAZmJfcGVybWFuZW50LzE1NDkwN0RFNzIzNDRCQjU1RkU1MkEwOTMwRjIzODkwX2F1ZGlvX2Rhc2hpbml0Lm1wNBUCAsgBEgAoABgAGwKIB3VzZV9vaWwBMRJwcm9ncmVzc2l2ZV9yZWNpcGUBMRUAACbK8o7Pr6eOAxUCKAJDMywXQEs141P3ztkYGWRhc2hfaDI2NC1iYXNpYy1nZW4yXzcyMHARAHUAZbaeAQA&_nc_gid=Fggvwv_9Rsk7osTJZCFWAg&_nc_ss=7f289&_nc_zt=28&oh=00_AQAS_IP3aRanfzNU6nlpCx2bpMPZfsDZLBT115VSSBWQZw&oe=6A58CD94,https://scontent.fblr20-2.fna.fbcdn.net/v/t39.35426-6/739794721_1516436242836374_3322749444502283739_n.jpg?_nc_cat=111&ccb=1-7&_nc_sid=c53f8f&_nc_ohc=JryAnUMrpc8Q7kNvwFcGoPN&_nc_oc=AdpuETHLOjLdFg1NlXsOQbcwJ1g3Qr8VvJN9Xk5NIOsViBfTv--o1DxJIdqrjs10ioYG5Fxto5rFuS-o1fwqJ8w1&_nc_zt=14&_nc_ht=scontent.fblr20-2.fna&_nc_gid=Fggvwv_9Rsk7osTJZCFWAg&_nc_ss=7f289&oh=00_AQAc3M3k28BBt-hOK5t3wVRHDXddXyJSljBPLbCVn6CWHQ&oe=6A58AD78,2026-07-16T12:24:52.000Z,2026-07-12,
126,109,English Seekho,565574549966663,English Seekho App,,IN,1548158910275403,https://www.facebook.com/ads/library/?id=1548158910275403,2026-06-23,,false,false,1,0,,2026-06-23,,Fluent English bolne ka sirf ek raasta – Daily practice on English Seekho App. Start now!,English Communication strong karo aur confidence badhao,Install now,http://play.google.com/store/apps/details?id=com.bolo.android,"Facebook,Instagram,Audience Network,Messenger,Threads",Fluent English bolne ka sirf ek raasta – Daily practice on English Seekho App. Start now!,English Communication strong karo aur confidence badhao,Install now,http://play.google.com/store/apps/details?id=com.bolo.android,Video,"Facebook,Instagram,Audience Network,Messenger,Threads",1,0,9:16,https://video.fblr20-4.fna.fbcdn.net/o1/v/t2/f2/m366/AQOMiru3jz56K5PCkJe7et8RgluFOxHm83rlmx_9O2XbWgrmkjCc0veBb1ZvqnChEWiHAwNlUkE7elPcA3eBHh4oiyMorvbsKIBUNKNgiauQGA.mp4?_nc_cat=106&_nc_oc=Adqg2AIBk2dPJV6pZo08y0yXDMwt1py3m6TYjgKry2y60sgge4l2QSE3y-I_X8UTMkEkaPN1TOa8V9UuuyzO_xQV&_nc_sid=b66105&_nc_ht=video.fblr20-4.fna.fbcdn.net&_nc_ohc=eDFHdxskNwsQ7kNvwGATPSb&efg=eyJ2ZW5jb2RlX3RhZyI6Inhwdl9wcm9ncmVzc2l2ZS5WSV9VU0VDQVNFX1BST0RVQ1RfVFlQRS4uQzMuNzIwLmRhc2hfaDI2NC1iYXNpYy1nZW4yXzcyMHAiLCJ4cHZfYXNzZXRfaWQiOjk5Njk5MjAxOTY4Mzc1NiwiYXNzZXRfYWdlX2RheXMiOjU4LCJ2aV91c2VjYXNlX2lkIjoxMDEzOSwiZHVyYXRpb25fcyI6NTgsInVybGdlbl9zb3VyY2UiOiJ3d3cifQ%3D%3D&ccb=17-1&vs=d03c0401dcc6daa4&_nc_vs=HBksFQIYRWZiX2VwaGVtZXJhbC81OTQ4M0MxM0IwRDk5RjM1OUYwMTQyNjJGMzZDREI4Ql9tdF8xX3ZpZGVvX2Rhc2hpbml0Lm1wNBUAAsgBEgAVAhhAZmJfcGVybWFuZW50L0Y3NDA1NEM2QUIyQzg2RDI3NjNBM0Y5N0Q5MjM0RTkxX2F1ZGlvX2Rhc2hpbml0Lm1wNBUCAsgBEgAoABgAGwKIB3VzZV9vaWwBMRJwcm9ncmVzc2l2ZV9yZWNpcGUBMRUAACbY5uqyybDFAxUCKAJDMywXQE1zMzMzMzMYGWRhc2hfaDI2NC1iYXNpYy1nZW4yXzcyMHARAHUAZbaeAQA&_nc_gid=4Q9Shb61vxJybN6-WY9l7Q&_nc_ss=7f289&_nc_zt=28&oh=00_AQAApcxlbMBpx4cHU4WAvuxYaA83Teg9T1dUky-5lTGPqQ&oe=6A589F9A,https://scontent.fblr20-3.fna.fbcdn.net/v/t39.35426-6/727268485_1023744326901670_87256297996341049_n.jpg?_nc_cat=100&ccb=1-7&_nc_sid=c53f8f&_nc_ohc=84llI3nLk7wQ7kNvwHaG7qA&_nc_oc=Adr1U74a8q1uUUNZIOHS3CNChh7BjTnjge7sehMHQqDtmSbjo-l2a9FTjpkNVfIm-jTda74HrFUg2HtxFE1zj_OA&_nc_zt=14&_nc_ht=scontent.fblr20-3.fna&_nc_gid=4Q9Shb61vxJybN6-WY9l7Q&_nc_ss=7f289&oh=00_AQD0v0nv_j3gUwoZCIaCyXtZil5eVQqMmSTnpjbC8qidYw&oe=6A58D48C,2026-07-16T09:08:42.000Z,2026-07-12,https://pub-893b4a6a607b4221a894bf861da7914e.r2.dev/1548158910275403.mp4
127,110,English Seekho,565574549966663,English Seekho App,,IN,2767163170333388,https://www.facebook.com/ads/library/?id=2767163170333388,2026-07-09,,false,false,1,0,,2026-07-09,,"ঘরে বসেই ইংরেজি শিখুন!
English Seekho App-এর ইন্টারঅ্যাকটিভ লেসনের মাধ্যমে প্রতিদিন অনুশীলন করুন।",ইংরেজি কমিউনিকেশন শক্তিশালী করুন এবং আত্মবিশ্বাস বাড়ান।,Install now,http://play.google.com/store/apps/details?id=com.bolo.android,"Facebook,Instagram,Audience Network,Messenger,Threads","ঘরে বসেই ইংরেজি শিখুন!
English Seekho App-এর ইন্টারঅ্যাকটিভ লেসনের মাধ্যমে প্রতিদিন অনুশীলন করুন।",ইংরেজি কমিউনিকেশন শক্তিশালী করুন এবং আত্মবিশ্বাস বাড়ান।,Install now,http://play.google.com/store/apps/details?id=com.bolo.android,Video,"Facebook,Instagram,Audience Network,Messenger,Threads",1,0,9:16,https://video.fblr20-4.fna.fbcdn.net/o1/v/t2/f2/m366/AQOW3Xgi-vrpeNNQvIpOBOUUyM22_PdcQtinEn9byTtIEz1_rnOfnfEtCdQt-sBIQIIO7PvGY8NDA16tt9P7uFMu0FBm3qyYZ86g_Y9_jzmJ4w.mp4?_nc_cat=106&_nc_oc=AdrFmlI_82iUJeIVcmDhgrtwQRj2NRPAv0A3l3LBFNSM7xsl9FTUztnRenQs7-g_NzpxK1dTTqVMid8L37sjID1X&_nc_sid=b66105&_nc_ht=video.fblr20-4.fna.fbcdn.net&_nc_ohc=Kbw1ECVsx0EQ7kNvwHUgHpL&efg=eyJ2ZW5jb2RlX3RhZyI6Inhwdl9wcm9ncmVzc2l2ZS5WSV9VU0VDQVNFX1BST0RVQ1RfVFlQRS4uQzMuNzIwLmRhc2hfaDI2NC1iYXNpYy1nZW4yXzcyMHAiLCJ4cHZfYXNzZXRfaWQiOjI3MTg0MzY4ODA0NTk2MjQ3LCJhc3NldF9hZ2VfZGF5cyI6MSwidmlfdXNlY2FzZV9pZCI6MTA3OTksImR1cmF0aW9uX3MiOjg1LCJ1cmxnZW5fc291cmNlIjoid3d3In0%3D&ccb=17-1&vs=8457fc1ac0e061be&_nc_vs=HBksFQIYRWZiX2VwaGVtZXJhbC83OTQ0REY4RkI2QjQxQjg0MDU2MENGQkUwMERDMzBCRl9tdF8xX3ZpZGVvX2Rhc2hpbml0Lm1wNBUAAsgBEgAVAhhAZmJfcGVybWFuZW50LzRGNDE4NzFEOUIxNjg5Q0VDNzQxMTE4QzZCMzExMDhDX2F1ZGlvX2Rhc2hpbml0Lm1wNBUCAsgBEgAoABgAGwKIB3VzZV9vaWwBMRJwcm9ncmVzc2l2ZV9yZWNpcGUBMRUAACauqNTgwoLKYBUCKAJDMywXQFVxBiTdLxsYGWRhc2hfaDI2NC1iYXNpYy1nZW4yXzcyMHARAHUAZd6oAQA&_nc_gid=4Q9Shb61vxJybN6-WY9l7Q&_nc_ss=7f289&_nc_zt=28&oh=00_AQCXgbedBOaGojRV3rvCQcZoSDvs7P1T1amdliXCuWhknQ&oe=6A58CFAA,https://scontent.fblr20-4.fna.fbcdn.net/v/t39.35426-6/744915299_1774260913738193_5747315164001855190_n.jpg?_nc_cat=103&ccb=1-7&_nc_sid=c53f8f&_nc_ohc=7A_oDCMXpEgQ7kNvwHFBwyR&_nc_oc=AdoNPCEGAOlFX_yng9IWujdZ4xm31OYr7eYwbo2OvKYhhYMPHYAccoiRl4rDf73bfc8QMbyYblw2CzDqsQftFL6V&_nc_zt=14&_nc_ht=scontent.fblr20-4.fna&_nc_gid=4Q9Shb61vxJybN6-WY9l7Q&_nc_ss=7f289&oh=00_AQDM1-cfIFNq25cnNEhQlMsNTNYIctB3Cl69h11BFpKw3w&oe=6A58AE26,2026-07-16T12:33:46.000Z,2026-07-12,https://pub-893b4a6a607b4221a894bf861da7914e.r2.dev/2767163170333388.mp4
128,111,English Seekho,565574549966663,English Seekho App,,IN,3098326293684794,https://www.facebook.com/ads/library/?id=3098326293684794,2026-01-22,,false,false,1,0,,2026-01-22,,Fluent English bolne ka sirf ek raasta – Daily practice on English Seekho App. Start now!,English Communication strong karo aur confidence badhao,Install now,http://play.google.com/store/apps/details?id=com.bolo.android,"Facebook,Instagram,Audience Network,Messenger,Threads",Fluent English bolne ka sirf ek raasta – Daily practice on English Seekho App. Start now!,English Communication strong karo aur confidence badhao,Install now,http://play.google.com/store/apps/details?id=com.bolo.android,Video,"Facebook,Instagram,Audience Network,Messenger,Threads",1,0,9:16,https://video.fblr20-2.fna.fbcdn.net/o1/v/t2/f2/m366/AQOZJyAR1z7zvdxyuFtVGsa9Kl-fpAM8n1GRaC5TP44xCnvXYxEs2i0J_c2cmHgMKZ1sjSWMYgM32oW52rjfFT-tN9CjPWAVLgtGFeT-t0D9yw.mp4?_nc_cat=104&_nc_oc=Adqq7MSWF1BYGIMjPAqoiZCn8uZ0nZ3_T0sQDfKLSFLKLAMlMQIARSl8yXO8HY7hRYK6cYnPwol9DnJhgoAwUXVp&_nc_sid=b66105&_nc_ht=video.fblr20-2.fna.fbcdn.net&_nc_ohc=1Fw69M-OzNQQ7kNvwEBNn5T&efg=eyJ2ZW5jb2RlX3RhZyI6Inhwdl9wcm9ncmVzc2l2ZS5WSV9VU0VDQVNFX1BST0RVQ1RfVFlQRS4uQzMuNzIwLmRhc2hfaDI2NC1iYXNpYy1nZW4yXzcyMHAiLCJ4cHZfYXNzZXRfaWQiOjgzNzYyOTgyMjU3MjQ3OSwiYXNzZXRfYWdlX2RheXMiOjIxMywidmlfdXNlY2FzZV9pZCI6MTAxMzksImR1cmF0aW9uX3MiOjQyLCJ1cmxnZW5fc291cmNlIjoid3d3In0%3D&ccb=17-1&vs=fcd792192ae4b71f&_nc_vs=HBksFQIYRWZiX2VwaGVtZXJhbC9GRTQ5NTU1MzhBQ0IwODdGNzI5MEIxRjJFNkY4RTA4NF9tdF8xX3ZpZGVvX2Rhc2hpbml0Lm1wNBUAAsgBEgAVAhhAZmJfcGVybWFuZW50L0M3NDk5QTI1MTRCNkI1NEZENDdFOTYyMTQ5ODdDOTk4X2F1ZGlvX2Rhc2hpbml0Lm1wNBUCAsgBEgAoABgAGwKIB3VzZV9vaWwBMRJwcm9ncmVzc2l2ZV9yZWNpcGUBMRUAACb-3rjAvPT8AhUCKAJDMywXQEU3bItDlYEYGWRhc2hfaDI2NC1iYXNpYy1nZW4yXzcyMHARAHUAZbaeAQA&_nc_gid=8lapC56EHQtss6pHSabE_A&_nc_ss=7f289&_nc_zt=28&oh=00_AQASqqkUsRij-Maxtz82vmXM84vX3wdavB5ymFaze5ZxDg&oe=6A58C284,https://scontent.fblr20-3.fna.fbcdn.net/v/t39.35426-6/617669632_2126994524707977_7266733807383844714_n.jpg?_nc_cat=105&ccb=1-7&_nc_sid=c53f8f&_nc_ohc=z2547k-gBdEQ7kNvwHStM1z&_nc_oc=AdpGcbh7XCxKWi27NqTZbGvn-JYYvSZjIN9rcr72r0eX4-xeVFnge-9j7WCtQkgCX4GkMHApzy0OkuvnRzrh8Wte&_nc_zt=14&_nc_ht=scontent.fblr20-3.fna&_nc_gid=8lapC56EHQtss6pHSabE_A&_nc_ss=7f289&oh=00_AQCg7srt9O_YsAveOsJqlAlvHwdBfheSKI4WigottTsZBA&oe=6A58A111,2026-07-16T11:37:40.000Z,2026-07-12,https://pub-893b4a6a607b4221a894bf861da7914e.r2.dev/3098326293684794.mp4
129,112,English Seekho,565574549966663,English Seekho App,,IN,1103580098931885,https://www.facebook.com/ads/library/?id=1103580098931885,2026-07-04,,false,false,1,0,,2026-07-04,,Fluent English bolne ka sirf ek raasta – Daily practice on English Seekho App. Start now!,English Communication strong karo aur confidence badhao,Install now,http://play.google.com/store/apps/details?id=com.bolo.android,"Facebook,Instagram,Audience Network,Messenger,Threads",Fluent English bolne ka sirf ek raasta – Daily practice on English Seekho App. Start now!,English Communication strong karo aur confidence badhao,Install now,http://play.google.com/store/apps/details?id=com.bolo.android,Video,"Facebook,Instagram,Audience Network,Messenger,Threads",1,0,9:16,https://video.fblr20-4.fna.fbcdn.net/o1/v/t2/f2/m366/AQNHnSzwJbm5oQWShwsEKhF9P_mXaXNsVtng0MlF4ZDZJwhJ71QODwNTj9kgZJvqOqxG88wXdfqLONIqmND0J6pzSMgbUtRDeuq84R94Qcc7vg.mp4?_nc_cat=103&_nc_oc=AdrsKXRP-Sw2bHicFKhTxyRG0GQagRRlo7K98EA4demFKlDTCyLnehZn-7a9i0S4C1o6wUeasxR0HfyKHJI_4C4m&_nc_sid=b66105&_nc_ht=video.fblr20-4.fna.fbcdn.net&_nc_ohc=s5GhPePMjEQQ7kNvwFZKJMw&efg=eyJ2ZW5jb2RlX3RhZyI6Inhwdl9wcm9ncmVzc2l2ZS5WSV9VU0VDQVNFX1BST0RVQ1RfVFlQRS4uQzMuNzIwLmRhc2hfaDI2NC1iYXNpYy1nZW4yXzcyMHAiLCJ4cHZfYXNzZXRfaWQiOjE1NjM0MjU2NjIwMzkzMDAsImFzc2V0X2FnZV9kYXlzIjoxMCwidmlfdXNlY2FzZV9pZCI6MTAxMzksImR1cmF0aW9uX3MiOjE5NywidXJsZ2VuX3NvdXJjZSI6Ind3dyJ9&ccb=17-1&vs=1aefc5d1802f058&_nc_vs=HBksFQIYRWZiX2VwaGVtZXJhbC83NjRDMkUyQTQ3MDVDM0E3OTJFNzg3QjA2NTdBRDE5N19tdF8xX3ZpZGVvX2Rhc2hpbml0Lm1wNBUAAsgBEgAVAhhAZmJfcGVybWFuZW50L0FCNEUwMENBQ0MzOUM5QkRFMTQyMUZDNTc1NUZCRkI4X2F1ZGlvX2Rhc2hpbml0Lm1wNBUCAsgBEgAoABgAGwKIB3VzZV9vaWwBMRJwcm9ncmVzc2l2ZV9yZWNpcGUBMRUAACaI1L_zrPvGBRUCKAJDMywXQGi9T987ZFoYGWRhc2hfaDI2NC1iYXNpYy1nZW4yXzcyMHARAHUAZbaeAQA&_nc_gid=8lapC56EHQtss6pHSabE_A&_nc_ss=7f289&_nc_zt=28&oh=00_AQDqKrKFnFGug9v4k7mrRAgOCOTKfQC2t7XTbhJ_AaZnbA&oe=6A58B651,https://scontent.fblr20-2.fna.fbcdn.net/v/t39.35426-6/737938378_1919434558731651_9212684973147870665_n.jpg?_nc_cat=104&ccb=1-7&_nc_sid=c53f8f&_nc_ohc=oNqd6dRDIAwQ7kNvwEByt9k&_nc_oc=AdrBDxeFlvBATeVHHOOoK5ZJ-qyP8vp4fi1k-Ox4qtJTh3I6VXyirFoY7J4oeRKpwkLr6eOLFkck-tSCTy52lNqy&_nc_zt=14&_nc_ht=scontent.fblr20-2.fna&_nc_gid=8lapC56EHQtss6pHSabE_A&_nc_ss=7f289&oh=00_AQDq02eiD56JtVWBLYBezlWFKk9pkO21Wb2cwerMEQV5dA&oe=6A58C285,2026-07-16T10:45:37.000Z,2026-07-12,https://pub-893b4a6a607b4221a894bf861da7914e.r2.dev/1103580098931885.mp4
130,113,English Seekho,565574549966663,English Seekho App,,IN,2551795111920687,https://www.facebook.com/ads/library/?id=2551795111920687,2026-07-08,,false,false,1,0,,2026-07-08,,Fluent English bolne ka sirf ek raasta – Daily practice on English Seekho App. Start now!,English Communication strong karo aur confidence badhao,Install now,http://play.google.com/store/apps/details?id=com.bolo.android,"Facebook,Instagram,Audience Network,Messenger,Threads",Fluent English bolne ka sirf ek raasta – Daily practice on English Seekho App. Start now!,English Communication strong karo aur confidence badhao,Install now,http://play.google.com/store/apps/details?id=com.bolo.android,Video,"Facebook,Instagram,Audience Network,Messenger,Threads",1,0,9:16,https://video.fblr20-5.fna.fbcdn.net/o1/v/t2/f2/m366/AQPif4h6O-6XQlP76MVjTAwHDHoVMOsZCwvHWaY2doeD5V485yeusmiIHc9Nqyo8LaZc4fNGPsSPY4QANPTjnDBCNzQ8Wf56ObEHNvjaaIfBrg.mp4?_nc_cat=107&_nc_oc=AdqGRFAab8aIc_fTWNyAbbgp5Ss7Z-FoSSYf2DLw5mRpMu61zLiMUx--IiEFiJilhHoX9Oj--3TOMzQMuhXxoVO6&_nc_sid=b66105&_nc_ht=video.fblr20-5.fna.fbcdn.net&_nc_ohc=T5MYDv5VQ1gQ7kNvwGHrFLw&efg=eyJ2ZW5jb2RlX3RhZyI6Inhwdl9wcm9ncmVzc2l2ZS5WSV9VU0VDQVNFX1BST0RVQ1RfVFlQRS4uQzMuNzIwLmRhc2hfaDI2NC1iYXNpYy1nZW4yXzcyMHAiLCJ4cHZfYXNzZXRfaWQiOjM5NTkwNzc4NDc3Mjg2MDUsImFzc2V0X2FnZV9kYXlzIjo5LCJ2aV91c2VjYXNlX2lkIjoxMDc5OSwiZHVyYXRpb25fcyI6OTIsInVybGdlbl9zb3VyY2UiOiJ3d3cifQ%3D%3D&ccb=17-1&vs=ff342dd78dd28483&_nc_vs=HBksFQIYRWZiX2VwaGVtZXJhbC8wNzQzNTI1RjA1MEE5RUM1QTUxNzUzOTFDREM1NzY5OV9tdF8xX3ZpZGVvX2Rhc2hpbml0Lm1wNBUAAsgBEgAVAhhAZmJfcGVybWFuZW50LzlCNDY1MTc2NUIwOUQ3RDRCQTFEQzg2Mzg3MTM1RDlGX2F1ZGlvX2Rhc2hpbml0Lm1wNBUCAsgBEgAoABgAGwKIB3VzZV9vaWwBMRJwcm9ncmVzc2l2ZV9yZWNpcGUBMRUAACa6h4TM1LCIDhUCKAJDMywXQFc9YEGJN0wYGWRhc2hfaDI2NC1iYXNpYy1nZW4yXzcyMHARAHUAZd6oAQA&_nc_gid=8lapC56EHQtss6pHSabE_A&_nc_ss=7f289&_nc_zt=28&oh=00_AQC69T8HLhY279wtElvfTs0Ym_EzvlNoQa-LJDRnVjRK5Q&oe=6A58AC65,https://scontent.fblr20-3.fna.fbcdn.net/v/t39.35426-6/742771032_1023909567011662_2888431468065253987_n.jpg?_nc_cat=100&ccb=1-7&_nc_sid=c53f8f&_nc_ohc=Ysf8aWwvhroQ7kNvwHJbvHg&_nc_oc=AdrVnbhNCYJX06TBmMJFcaH5RVlpcKObtRL96Gqh4rAi-GdGU8UMLuVGJI1VNemZVzwmwdKsldpCE39INhHnDexa&_nc_zt=14&_nc_ht=scontent.fblr20-3.fna&_nc_gid=8lapC56EHQtss6pHSabE_A&_nc_ss=7f289&oh=00_AQB_4D5M8fAL3QLk-gnh7RcW4ti6qgi6pf4TyUjk_axI_A&oe=6A58BF3F,2026-07-16T10:03:17.000Z,2026-07-12,https://pub-893b4a6a607b4221a894bf861da7914e.r2.dev/2551795111920687.mp4
131,114,English Seekho,565574549966663,English Seekho App,,IN,975696818620909,https://www.facebook.com/ads/library/?id=975696818620909,2026-06-30,,false,false,1,0,,2026-06-30,,Fluent English bolne ka sirf ek raasta – Daily practice on English Seekho App. Start now!,English Communication strong karo aur confidence badhao,Install now,http://play.google.com/store/apps/details?id=com.bolo.android,"Facebook,Instagram,Audience Network,Messenger,Threads",Fluent English bolne ka sirf ek raasta – Daily practice on English Seekho App. Start now!,English Communication strong karo aur confidence badhao,Install now,http://play.google.com/store/apps/details?id=com.bolo.android,Video,"Facebook,Instagram,Audience Network,Messenger,Threads",1,0,9:16,https://video.fblr20-1.fna.fbcdn.net/o1/v/t2/f2/m366/AQMosaDaluV0SdqB2-BjbVDR_bhEpp3VyXZMx_aas4zdClS2kdgNX4QKuyRIbAlD_CDQvAW669XQU2GO4WotKhjODVi9Rjr0AIg2mKfqPEu-vw.mp4?_nc_cat=110&_nc_oc=AdoZGa-IyIQkKhZQskBCwYffFvA6Jx6YK0OxOfD4JdbthoinA6b7FyJVadpYtt3sNEZlPrHUfFVJKheISgk9eURn&_nc_sid=b66105&_nc_ht=video.fblr20-1.fna.fbcdn.net&_nc_ohc=nxs9jOZj1YcQ7kNvwHVa-nV&efg=eyJ2ZW5jb2RlX3RhZyI6Inhwdl9wcm9ncmVzc2l2ZS5WSV9VU0VDQVNFX1BST0RVQ1RfVFlQRS4uQzMuNzIwLmRhc2hfaDI2NC1iYXNpYy1nZW4yXzcyMHAiLCJ4cHZfYXNzZXRfaWQiOjE0MDAxODM3NTg2MDIyNjQsImFzc2V0X2FnZV9kYXlzIjoxNCwidmlfdXNlY2FzZV9pZCI6MTAxMzksImR1cmF0aW9uX3MiOjc1LCJ1cmxnZW5fc291cmNlIjoid3d3In0%3D&ccb=17-1&vs=e9ac83237bf211e8&_nc_vs=HBksFQIYRWZiX2VwaGVtZXJhbC9DRDQ5RDZCQkY2NDkzMjI1NkNEMDg1NkZBREUzMDk4NF9tdF8xX3ZpZGVvX2Rhc2hpbml0Lm1wNBUAAsgBEgAVAhhAZmJfcGVybWFuZW50L0U4NDE0QjkzRjEwNjAzNDAzMEYxOTQ3Q0RFQjI5REJEX2F1ZGlvX2Rhc2hpbml0Lm1wNBUCAsgBEgAoABgAGwKIB3VzZV9vaWwBMRJwcm9ncmVzc2l2ZV9yZWNpcGUBMRUAACawgOr4td38BBUCKAJDMywXQFLcKPXCj1wYGWRhc2hfaDI2NC1iYXNpYy1nZW4yXzcyMHARAHUAZbaeAQA&_nc_gid=8lapC56EHQtss6pHSabE_A&_nc_ss=7f289&_nc_zt=28&oh=00_AQDDKQC05HXbqbU8-54xxHWRxxs6bg4-zDwCo8tsW7v32Q&oe=6A58B8E6,https://scontent.fblr20-4.fna.fbcdn.net/v/t39.35426-6/733810396_906091929181199_664031606538352421_n.jpg?_nc_cat=101&ccb=1-7&_nc_sid=c53f8f&_nc_ohc=Cqp7HR_p31kQ7kNvwH2wLAD&_nc_oc=AdrgfSHl1JEKAKXro_KbUiuoDd9kdoA_EoBtTXUrm0zo0sFNS6S8W4stTBC7pol5ND8tXqnngyUqkxz84Ij2GFQQ&_nc_zt=14&_nc_ht=scontent.fblr20-4.fna&_nc_gid=8lapC56EHQtss6pHSabE_A&_nc_ss=7f289&oh=00_AQC8ZYx2Ooa3kSNOtjfEl9v7DcRJHDiaqSLzboSHPgiaZw&oe=6A58CFBA,2026-07-16T10:56:38.000Z,2026-07-12,https://pub-893b4a6a607b4221a894bf861da7914e.r2.dev/975696818620909.mp4
132,115,English Seekho,565574549966663,English Seekho App,,IN,1747037196719891,https://www.facebook.com/ads/library/?id=1747037196719891,2026-07-05,,false,true,2,0,1747037196719891,2026-07-05,,Fluent English bolne ka sirf ek raasta – Daily practice on English Seekho App. Start now!,English Communication strong karo aur confidence badhao,Install now,http://play.google.com/store/apps/details?id=com.bolo.android,"Facebook,Instagram,Audience Network,Messenger,Threads",Fluent English bolne ka sirf ek raasta – Daily practice on English Seekho App. Start now!,English Communication strong karo aur confidence badhao,Install now,http://play.google.com/store/apps/details?id=com.bolo.android,Video,"Facebook,Instagram,Audience Network,Messenger,Threads",1,0,9:16,https://video.fblr20-3.fna.fbcdn.net/o1/v/t2/f2/m366/AQNINEyzIPH2U8bPo3aporgNcCPshAFAX9Bj4_EVgxMlVC7Q7AY9D1n4eDdZOD0ciBPuUlTolDdUmXrOXlpgVx8wvUB5cpiJVIRhUp0xpvbshA.mp4?_nc_cat=105&_nc_oc=AdqpTxtOTRGgG4T05C_odGPYw41VCLIgmw-JLroouy_Kvu5SWyo8BTMb5xOhbpFwQ1gInj5UgzoHHHgecACvxLPl&_nc_sid=b66105&_nc_ht=video.fblr20-3.fna.fbcdn.net&_nc_ohc=7e17LF1C9ugQ7kNvwFVtcng&efg=eyJ2ZW5jb2RlX3RhZyI6Inhwdl9wcm9ncmVzc2l2ZS5WSV9VU0VDQVNFX1BST0RVQ1RfVFlQRS4uQzMuNzIwLmRhc2hfaDI2NC1iYXNpYy1nZW4yXzcyMHAiLCJ4cHZfYXNzZXRfaWQiOjE0MjAzMjQ2OTAxNDA4MzEsImFzc2V0X2FnZV9kYXlzIjo5LCJ2aV91c2VjYXNlX2lkIjoxMDEzOSwiZHVyYXRpb25fcyI6MTY0LCJ1cmxnZW5fc291cmNlIjoid3d3In0%3D&ccb=17-1&vs=79dfdc7e1fb78029&_nc_vs=HBksFQIYRWZiX2VwaGVtZXJhbC8xNjQ5MTMyNDExNkQyNTM3OTkyQjlFNzFCQTRGRTM4MV9tdF8xX3ZpZGVvX2Rhc2hpbml0Lm1wNBUAAsgBEgAVAhhAZmJfcGVybWFuZW50LzdENDAxMTU1M0U4MzcyMjkzMTBBQUNBMDY3RUZERkFCX2F1ZGlvX2Rhc2hpbml0Lm1wNBUCAsgBEgAoABgAGwKIB3VzZV9vaWwBMRJwcm9ncmVzc2l2ZV9yZWNpcGUBMRUAACa--vjJ4_GFBRUCKAJDMywXQGSHdLxqfvoYGWRhc2hfaDI2NC1iYXNpYy1nZW4yXzcyMHARAHUAZbaeAQA&_nc_gid=8lapC56EHQtss6pHSabE_A&_nc_ss=7f289&_nc_zt=28&oh=00_AQB7EZ9cMAo9dump15RlUXomBmC2zzeCpc91lEdNX3y9Gg&oe=6A58D27B,https://scontent.fblr20-2.fna.fbcdn.net/v/t39.35426-6/738759040_881325568365238_6032001217929687721_n.jpg?_nc_cat=111&ccb=1-7&_nc_sid=c53f8f&_nc_ohc=WilC_6UPCmsQ7kNvwH-NPii&_nc_oc=AdpowgaqsQZjX_Zpu7xC86KzSQQ93psEJlkPIoSEZx3m62N1c_NUya6H7r48U1gozKv9_gAYSb6wRtfn4p1oN9kQ&_nc_zt=14&_nc_ht=scontent.fblr20-2.fna&_nc_gid=8lapC56EHQtss6pHSabE_A&_nc_ss=7f289&oh=00_AQD6JkSUoTNBzr1YzxjHyOj4kTodsGUjohq8hgNkCp_a7A&oe=6A58C52A,2026-07-16T12:45:47.000Z,2026-07-12,https://pub-893b4a6a607b4221a894bf861da7914e.r2.dev/1747037196719891.mp4
133,115,English Seekho,565574549966663,English Seekho App,,IN,1747037196719891,https://www.facebook.com/ads/library/?id=1747037196719891,2026-07-05,,false,true,2,1,1676468556901406,2026-07-05,,Fluent English bolne ka sirf ek raasta – Daily practice on English Seekho App. Start now!,English Communication strong karo aur confidence badhao,Install now,http://play.google.com/store/apps/details?id=com.bolo.android,"Facebook,Instagram,Audience Network,Messenger,Threads",Fluent English bolne ka sirf ek raasta – Daily practice on English Seekho App. Start now!,English Communication strong karo aur confidence badhao,Install now,http://play.google.com/store/apps/details?id=com.bolo.android,Video,"Facebook,Instagram,Audience Network,Messenger,Threads",1,0,9:16,https://video.fblr20-3.fna.fbcdn.net/o1/v/t2/f2/m366/AQNINEyzIPH2U8bPo3aporgNcCPshAFAX9Bj4_EVgxMlVC7Q7AY9D1n4eDdZOD0ciBPuUlTolDdUmXrOXlpgVx8wvUB5cpiJVIRhUp0xpvbshA.mp4?_nc_cat=105&_nc_oc=AdqpTxtOTRGgG4T05C_odGPYw41VCLIgmw-JLroouy_Kvu5SWyo8BTMb5xOhbpFwQ1gInj5UgzoHHHgecACvxLPl&_nc_sid=b66105&_nc_ht=video.fblr20-3.fna.fbcdn.net&_nc_ohc=7e17LF1C9ugQ7kNvwFVtcng&efg=eyJ2ZW5jb2RlX3RhZyI6Inhwdl9wcm9ncmVzc2l2ZS5WSV9VU0VDQVNFX1BST0RVQ1RfVFlQRS4uQzMuNzIwLmRhc2hfaDI2NC1iYXNpYy1nZW4yXzcyMHAiLCJ4cHZfYXNzZXRfaWQiOjE0MjAzMjQ2OTAxNDA4MzEsImFzc2V0X2FnZV9kYXlzIjo5LCJ2aV91c2VjYXNlX2lkIjoxMDEzOSwiZHVyYXRpb25fcyI6MTY0LCJ1cmxnZW5fc291cmNlIjoid3d3In0%3D&ccb=17-1&vs=79dfdc7e1fb78029&_nc_vs=HBksFQIYRWZiX2VwaGVtZXJhbC8xNjQ5MTMyNDExNkQyNTM3OTkyQjlFNzFCQTRGRTM4MV9tdF8xX3ZpZGVvX2Rhc2hpbml0Lm1wNBUAAsgBEgAVAhhAZmJfcGVybWFuZW50LzdENDAxMTU1M0U4MzcyMjkzMTBBQUNBMDY3RUZERkFCX2F1ZGlvX2Rhc2hpbml0Lm1wNBUCAsgBEgAoABgAGwKIB3VzZV9vaWwBMRJwcm9ncmVzc2l2ZV9yZWNpcGUBMRUAACa--vjJ4_GFBRUCKAJDMywXQGSHdLxqfvoYGWRhc2hfaDI2NC1iYXNpYy1nZW4yXzcyMHARAHUAZbaeAQA&_nc_gid=4TnxPyzICHiioyEUHJrZrw&_nc_ss=7f289&_nc_zt=28&oh=00_AQA-Pq5Le6jmeKSB26fl4YBO609GIOAvHZxbdKDFf0Peug&oe=6A58D27B,https://scontent.fblr20-2.fna.fbcdn.net/v/t39.35426-6/739377965_840755605783464_2646125768231374093_n.jpg?_nc_cat=102&ccb=1-7&_nc_sid=c53f8f&_nc_ohc=vi-6AZ40oAoQ7kNvwH4wvaE&_nc_oc=AdppW7pyQGWJFnONLAUtHhSFciRUIbwPSZ0ssr9KLP8-9j0ybXWempsS6zfZOEZpqXVWHg_3C66AxIPaMa8hh0W7&_nc_zt=14&_nc_ht=scontent.fblr20-2.fna&_nc_gid=4TnxPyzICHiioyEUHJrZrw&_nc_ss=7f289&oh=00_AQCwseycOodWJXQtI8ykYiGSve3E-YpbDQM4lpLWNgUOew&oe=6A58D571,2026-07-16T12:45:47.000Z,2026-07-12,
134,116,English Seekho,565574549966663,English Seekho App,,IN,28740456275544709,https://www.facebook.com/ads/library/?id=28740456275544709,2026-06-24,,false,false,1,0,,2026-06-24,,Fluent English bolne ka sirf ek raasta – Daily practice on English Seekho App. Start now!,English Communication strong karo aur confidence badhao,Install now,http://play.google.com/store/apps/details?id=com.bolo.android,"Facebook,Instagram,Audience Network,Messenger,Threads",Fluent English bolne ka sirf ek raasta – Daily practice on English Seekho App. Start now!,English Communication strong karo aur confidence badhao,Install now,http://play.google.com/store/apps/details?id=com.bolo.android,Video,"Facebook,Instagram,Audience Network,Messenger,Threads",1,0,9:16,https://video.fblr20-2.fna.fbcdn.net/o1/v/t2/f2/m366/AQOr_zLqyaARa_SXYBuuRXf7MZLUly6dQCXHBCDUZeV2X6A2T9nCdgIHwTCBHYmuxxrJfD-Bl9eGSjuA_U5-QhYGteFTfYidCYwOJv0kArJQtA.mp4?_nc_cat=111&_nc_oc=AdoNc3S1xd1PbGk0W7n63NR1W7bhPgTNzIXVjz2H0Ce12VT-6YTwxaP79DR5mcOFgaO5EtPMrfaAbSNOEM1dZqbY&_nc_sid=b66105&_nc_ht=video.fblr20-2.fna.fbcdn.net&_nc_ohc=SPke3SKn4qwQ7kNvwEKWD75&efg=eyJ2ZW5jb2RlX3RhZyI6Inhwdl9wcm9ncmVzc2l2ZS5WSV9VU0VDQVNFX1BST0RVQ1RfVFlQRS4uQzMuNzIwLmRhc2hfaDI2NC1iYXNpYy1nZW4yXzcyMHAiLCJ4cHZfYXNzZXRfaWQiOjE2MTMxMTI1NTY0NDI2NDAsImFzc2V0X2FnZV9kYXlzIjo2NiwidmlfdXNlY2FzZV9pZCI6MTAxMzksImR1cmF0aW9uX3MiOjQ2LCJ1cmxnZW5fc291cmNlIjoid3d3In0%3D&ccb=17-1&vs=ec50da0d44504d00&_nc_vs=HBksFQIYRWZiX2VwaGVtZXJhbC9DRTQ2RUU4RTFBRTU4RkEyMkZFNzRBMzE4NUNBNjRCQV9tdF8xX3ZpZGVvX2Rhc2hpbml0Lm1wNBUAAsgBEgAVAhhAZmJfcGVybWFuZW50LzY5NEY3MkQ5MjU0OUZCQ0EyMDBFMUMzNjQzMjZCN0FFX2F1ZGlvX2Rhc2hpbml0Lm1wNBUCAsgBEgAoABgAGwKIB3VzZV9vaWwBMRJwcm9ncmVzc2l2ZV9yZWNpcGUBMRUAACag0MaOwcfdBRUCKAJDMywXQEcEOVgQYk4YGWRhc2hfaDI2NC1iYXNpYy1nZW4yXzcyMHARAHUAZbaeAQA&_nc_gid=8lapC56EHQtss6pHSabE_A&_nc_ss=7f289&_nc_zt=28&oh=00_AQCUh3gBNtK7cyzu5iXDk2Ap7GrkKzlZnYFQsi3W0mVzzA&oe=6A58B2A5,https://scontent.fblr20-4.fna.fbcdn.net/v/t39.35426-6/693783738_950335644453355_1901283759647227649_n.jpg?_nc_cat=106&ccb=1-7&_nc_sid=c53f8f&_nc_ohc=hwBpj7PzCZwQ7kNvwFHqR2z&_nc_oc=AdqdzCuf0aLBBw0kP6L-weyL8OXZJ1vnfBgbKjFrwRlPi2sarmbCowBpQNHkFsFNM5kIt58BMdTQ5Ey4STNhC2bH&_nc_zt=14&_nc_ht=scontent.fblr20-4.fna&_nc_gid=8lapC56EHQtss6pHSabE_A&_nc_ss=7f289&oh=00_AQAgbHB2L0L7oQfcGciQyYzCCvWDtB-8elD9pLn7hY37WQ&oe=6A58A499,2026-07-16T10:29:57.000Z,2026-07-12,https://pub-893b4a6a607b4221a894bf861da7914e.r2.dev/28740456275544709.mp4
135,117,English Seekho,565574549966663,English Seekho App,,IN,5201427430083462,https://www.facebook.com/ads/library/?id=5201427430083462,2026-06-28,,false,false,1,0,,2026-06-28,,Fluent English bolne ka sirf ek raasta – Daily practice on English Seekho App. Start now!,English Communication strong karo aur confidence badhao,Install now,http://play.google.com/store/apps/details?id=com.bolo.android,"Facebook,Instagram,Audience Network,Messenger,Threads",Fluent English bolne ka sirf ek raasta – Daily practice on English Seekho App. Start now!,English Communication strong karo aur confidence badhao,Install now,http://play.google.com/store/apps/details?id=com.bolo.android,Video,"Facebook,Instagram,Audience Network,Messenger,Threads",1,0,9:16,https://video.fblr20-1.fna.fbcdn.net/o1/v/t2/f2/m366/AQNThACryofwtxqyeXipSOmZ2Kazgpt88ZnhZugqe_unLM4ydpbN8Msxuq8KC5lNpQAcG9jrUf03yeRr43e8_d8wPpbcBvELHRXXBjBYRO37GQ.mp4?_nc_cat=108&_nc_oc=AdoIvWfKdFd6Z8gOw9kp0s17MDE1j1VEZbwRvCHGhwiu4XvA_7qqkmH5HBc561IIO_hi0SbV0C1SmfCTILp2uUum&_nc_sid=b66105&_nc_ht=video.fblr20-1.fna.fbcdn.net&_nc_ohc=n4eHrcXR3QAQ7kNvwFCmGv3&efg=eyJ2ZW5jb2RlX3RhZyI6Inhwdl9wcm9ncmVzc2l2ZS5WSV9VU0VDQVNFX1BST0RVQ1RfVFlQRS4uQzMuNzIwLmRhc2hfaDI2NC1iYXNpYy1nZW4yXzcyMHAiLCJ4cHZfYXNzZXRfaWQiOjQ0MzI2MzI0OTY5ODQzMTYsImFzc2V0X2FnZV9kYXlzIjoxNSwidmlfdXNlY2FzZV9pZCI6MTAxMzksImR1cmF0aW9uX3MiOjc0LCJ1cmxnZW5fc291cmNlIjoid3d3In0%3D&ccb=17-1&vs=a0429510cdaac2c9&_nc_vs=HBksFQIYRWZiX2VwaGVtZXJhbC9BQTRCQzFGOTM5Rjc1MzUxQjNBNjQ0QjlGNjMxNDk5M19tdF8xX3ZpZGVvX2Rhc2hpbml0Lm1wNBUAAsgBEgAVAhhAZmJfcGVybWFuZW50LzdBNDU2NkZEMEZCRUUxRDc4MjUzRjA2QkU1NEQ3QzlFX2F1ZGlvX2Rhc2hpbml0Lm1wNBUCAsgBEgAoABgAGwKIB3VzZV9vaWwBMRJwcm9ncmVzc2l2ZV9yZWNpcGUBMRUAACb4w7jWld3fDxUCKAJDMywXQFK9T987ZFoYGWRhc2hfaDI2NC1iYXNpYy1nZW4yXzcyMHARAHUAZbaeAQA&_nc_gid=8lapC56EHQtss6pHSabE_A&_nc_ss=7f289&_nc_zt=28&oh=00_AQAkju4iBC7CVtQAvkMA5iyCN4YYeHfyChhjl-KB43GJKQ&oe=6A58BBCC,https://scontent.fblr20-3.fna.fbcdn.net/v/t39.35426-6/734555307_2215951619216369_3204102886168060489_n.jpg?_nc_cat=105&ccb=1-7&_nc_sid=c53f8f&_nc_ohc=f-A6Lq6vCFMQ7kNvwGXHNOU&_nc_oc=AdrsyDsjwWh00WN1vwu-Vu-Y-7SWMVEnZcM9ReV3hHBf2Hrk254pfy_VQZ_G6B3Wmel__A-_QXxdGzClzb9mNb0I&_nc_zt=14&_nc_ht=scontent.fblr20-3.fna&_nc_gid=8lapC56EHQtss6pHSabE_A&_nc_ss=7f289&oh=00_AQDtXlYIc0XjlzjoqShuRYmEf8jK3PZireELiD9ofzZZIQ&oe=6A58A532,2026-07-16T11:09:00.000Z,2026-07-12,https://pub-893b4a6a607b4221a894bf861da7914e.r2.dev/5201427430083462.mp4
136,118,English Seekho,565574549966663,English Seekho App,,IN,1781323349519121,https://www.facebook.com/ads/library/?id=1781323349519121,2026-07-08,,false,false,1,0,,2026-07-08,,"ঘরে বসেই ইংরেজি শিখুন!
English Seekho App-এর ইন্টারঅ্যাকটিভ লেসনের মাধ্যমে প্রতিদিন অনুশীলন করুন।",ইংরেজি কমিউনিকেশন শক্তিশালী করুন এবং আত্মবিশ্বাস বাড়ান।,Install now,http://play.google.com/store/apps/details?id=com.bolo.android,"Facebook,Instagram,Audience Network,Messenger,Threads","ঘরে বসেই ইংরেজি শিখুন!
English Seekho App-এর ইন্টারঅ্যাকটিভ লেসনের মাধ্যমে প্রতিদিন অনুশীলন করুন।",ইংরেজি কমিউনিকেশন শক্তিশালী করুন এবং আত্মবিশ্বাস বাড়ান।,Install now,http://play.google.com/store/apps/details?id=com.bolo.android,Video,"Facebook,Instagram,Audience Network,Messenger,Threads",1,0,9:16,https://video.fblr20-1.fna.fbcdn.net/o1/v/t2/f2/m366/AQPzrOTL0sD5eRMV1Sp7ViJAduIX9YoPBtNt_TEXwmadsqzdpwZgWCjIy66QQ5p6YTWieoNkqGOiBhXECgtrkRtecTPqwaXtzj6mmaHlo2N8QA.mp4?_nc_cat=110&_nc_oc=AdoHAU6vzY8Z1jEG9B8yZNakZdAVnz6MO9hE-uFvHiHTOhClSnvM0h0gOKl5WOSbYbLWHT4swcDQY6jcmVMRAaHT&_nc_sid=b66105&_nc_ht=video.fblr20-1.fna.fbcdn.net&_nc_ohc=11B2dTqz_KEQ7kNvwHuTGrZ&efg=eyJ2ZW5jb2RlX3RhZyI6Inhwdl9wcm9ncmVzc2l2ZS5WSV9VU0VDQVNFX1BST0RVQ1RfVFlQRS4uQzMuNzIwLmRhc2hfaDI2NC1iYXNpYy1nZW4yXzcyMHAiLCJ4cHZfYXNzZXRfaWQiOjEwMDYxODc3MzU3Mzk5NjYsImFzc2V0X2FnZV9kYXlzIjo1LCJ2aV91c2VjYXNlX2lkIjoxMDEzOSwiZHVyYXRpb25fcyI6MTg5LCJ1cmxnZW5fc291cmNlIjoid3d3In0%3D&ccb=17-1&vs=e4ab19b33221d3c4&_nc_vs=HBksFQIYRWZiX2VwaGVtZXJhbC82OTRBQzgyMTE3RjEyRUQ4NURCOUE4QjRGQ0M5RjJCNV9tdF8xX3ZpZGVvX2Rhc2hpbml0Lm1wNBUAAsgBEgAVAhhAZmJfcGVybWFuZW50LzY5NEEwMzJBNDdDQzhERUYzQUJEMkFFQjc1ODQ2MDgzX2F1ZGlvX2Rhc2hpbml0Lm1wNBUCAsgBEgAoABgAGwKIB3VzZV9vaWwBMRJwcm9ncmVzc2l2ZV9yZWNpcGUBMRUAACb8uIfp6sfJAxUCKAJDMywXQGe92yLQ5WAYGWRhc2hfaDI2NC1iYXNpYy1nZW4yXzcyMHARAHUAZbaeAQA&_nc_gid=8lapC56EHQtss6pHSabE_A&_nc_ss=7f289&_nc_zt=28&oh=00_AQDHGPffYovV-pKTIoguu3AIf8mzphcMjCxJry0OtQI3wQ&oe=6A58B782,https://scontent.fblr20-1.fna.fbcdn.net/v/t39.35426-6/742031742_1344592467136805_8733513124066503435_n.jpg?_nc_cat=108&ccb=1-7&_nc_sid=c53f8f&_nc_ohc=tpn89My-co8Q7kNvwHQQGxH&_nc_oc=AdqiK5rlTqO6NGNjn99vHLcShbw8Fkbcb6M3O_d72jcS2nrlzKTZZJvWwWM17bubNseODJvhnZWWZP1QjFgXgHlB&_nc_zt=14&_nc_ht=scontent.fblr20-1.fna&_nc_gid=8lapC56EHQtss6pHSabE_A&_nc_ss=7f289&oh=00_AQCKlkOlYW041a46jAmOOEYpY6_a0DdZYiXraNbmVto3xQ&oe=6A58ACF1,2026-07-16T10:50:42.000Z,2026-07-12,https://pub-893b4a6a607b4221a894bf861da7914e.r2.dev/1781323349519121.mp4
137,119,English Seekho,565574549966663,English Seekho App,,IN,922938894154066,https://www.facebook.com/ads/library/?id=922938894154066,2026-07-09,,false,false,1,0,,2026-07-09,,"ঘরে বসেই ইংরেজি শিখুন!
English Seekho App-এর ইন্টারঅ্যাকটিভ লেসনের মাধ্যমে প্রতিদিন অনুশীলন করুন।",ইংরেজি কমিউনিকেশন শক্তিশালী করুন এবং আত্মবিশ্বাস বাড়ান।,Install now,http://play.google.com/store/apps/details?id=com.bolo.android,"Facebook,Instagram,Audience Network,Messenger,Threads","ঘরে বসেই ইংরেজি শিখুন!
English Seekho App-এর ইন্টারঅ্যাকটিভ লেসনের মাধ্যমে প্রতিদিন অনুশীলন করুন।",ইংরেজি কমিউনিকেশন শক্তিশালী করুন এবং আত্মবিশ্বাস বাড়ান।,Install now,http://play.google.com/store/apps/details?id=com.bolo.android,Video,"Facebook,Instagram,Audience Network,Messenger,Threads",1,0,9:16,https://video.fblr20-4.fna.fbcdn.net/o1/v/t2/f2/m366/AQPRjbcYQBxxfu5yMtiCO0T1TY46NkoTY_7lN42A0jme1zzPnT4ZqmQMDT0yXoo2gPk-3GAvTaNO4ZmLFZhpOKIrJb_5Bsghi8gxBZBaB2ZwKg.mp4?_nc_cat=101&_nc_oc=AdppcHaYVblZd_24goLtJHRan9uQA_ssO9415ktG1oc3TPuwM_oD4OM_6ucqIav1cY6TvND3TCRV1VFiyL7EgV8r&_nc_sid=b66105&_nc_ht=video.fblr20-4.fna.fbcdn.net&_nc_ohc=o20ykbEgZXAQ7kNvwFlgmiR&efg=eyJ2ZW5jb2RlX3RhZyI6Inhwdl9wcm9ncmVzc2l2ZS5WSV9VU0VDQVNFX1BST0RVQ1RfVFlQRS4uQzMuNzIwLmRhc2hfaDI2NC1iYXNpYy1nZW4yXzcyMHAiLCJ4cHZfYXNzZXRfaWQiOjE1Njg3MjMxNDQ4ODkyMjMsImFzc2V0X2FnZV9kYXlzIjoxLCJ2aV91c2VjYXNlX2lkIjoxMDc5OSwiZHVyYXRpb25fcyI6NDcsInVybGdlbl9zb3VyY2UiOiJ3d3cifQ%3D%3D&ccb=17-1&vs=f21d2a9aab88a3de&_nc_vs=HBksFQIYRWZiX2VwaGVtZXJhbC82NTQ5MjVEMUFDRDYzMzQxODc1RTkxRDgyNzFBNTBBN19tdF8xX3ZpZGVvX2Rhc2hpbml0Lm1wNBUAAsgBEgAVAhhAZmJfcGVybWFuZW50L0RDNDE0NjQ0MDVGOEIyOTQ5RTQ1MDYwRDQ3MTFBMUJFX2F1ZGlvX2Rhc2hpbml0Lm1wNBUCAsgBEgAoABgAGwKIB3VzZV9vaWwBMRJwcm9ncmVzc2l2ZV9yZWNpcGUBMRUAACaOzuqc2q_JBRUCKAJDMywXQEezMzMzMzMYGWRhc2hfaDI2NC1iYXNpYy1nZW4yXzcyMHARAHUAZd6oAQA&_nc_gid=e7LZfEEcZ91OpAQbplX9cw&_nc_ss=7f289&_nc_zt=28&oh=00_AQCjYSnP1b9k99TlImo9Sjes0-RQ-PsTh8kuxZw4FUVLkA&oe=6A58B333,https://scontent.fblr20-2.fna.fbcdn.net/v/t39.35426-6/743425417_3173758449479841_3424116899890120995_n.jpg?_nc_cat=111&ccb=1-7&_nc_sid=c53f8f&_nc_ohc=aUhA8oQI0IwQ7kNvwGTy1lZ&_nc_oc=Adq8OW7L26L3m7JpD3ZmS2eqkLSk_BO7P4v2Mw40fYsn68yF4DjPUnOXVndsdYuwvL5YjzPxerTpPfJKvijANRXe&_nc_zt=14&_nc_ht=scontent.fblr20-2.fna&_nc_gid=e7LZfEEcZ91OpAQbplX9cw&_nc_ss=7f289&oh=00_AQD3nNW0Xf7EhxjZEp0ezK_dPvMSqbSZhe9nOdTCyqpryw&oe=6A58ABC5,2026-07-16T10:32:19.000Z,2026-07-12,https://pub-893b4a6a607b4221a894bf861da7914e.r2.dev/922938894154066.mp4
138,120,English Seekho,565574549966663,English Seekho App,,IN,3945125475794543,https://www.facebook.com/ads/library/?id=3945125475794543,2026-06-30,,false,true,2,0,3945125475794543,2026-06-30,,Fluent English bolne ka sirf ek raasta – Daily practice on English Seekho App. Start now!,English Communication strong karo aur confidence badhao,Install now,http://play.google.com/store/apps/details?id=com.bolo.android,"Facebook,Instagram,Audience Network,Messenger,Threads",Fluent English bolne ka sirf ek raasta – Daily practice on English Seekho App. Start now!,English Communication strong karo aur confidence badhao,Install now,http://play.google.com/store/apps/details?id=com.bolo.android,Video,"Facebook,Instagram,Audience Network,Messenger,Threads",1,0,9:16,https://video.fblr20-2.fna.fbcdn.net/o1/v/t2/f2/m366/AQPeN-PSuiUFTVt8utUcrvDs1ya9gjpq21SemYXs1e4GG8FEexTlq7281WXrS87KH9j7NwJdi1hmAyuRGucU4TzRqBqTU8eqM2ms93fW2SdiCQ.mp4?_nc_cat=102&_nc_oc=AdpMPYIBHkGd4KFuNaN7LYQc1tFlQcC40OrNccg_pvTu9HPm9C1VbuI8UjblKhGCVy70sTJUEmNo53aS--n_OtfR&_nc_sid=b66105&_nc_ht=video.fblr20-2.fna.fbcdn.net&_nc_ohc=j60yl4dRiiAQ7kNvwH_7fqf&efg=eyJ2ZW5jb2RlX3RhZyI6Inhwdl9wcm9ncmVzc2l2ZS5WSV9VU0VDQVNFX1BST0RVQ1RfVFlQRS4uQzMuNzIwLmRhc2hfaDI2NC1iYXNpYy1nZW4yXzcyMHAiLCJ4cHZfYXNzZXRfaWQiOjI3NDgyOTEwNDExMzQxNTI5LCJhc3NldF9hZ2VfZGF5cyI6MTQsInZpX3VzZWNhc2VfaWQiOjEwMTM5LCJkdXJhdGlvbl9zIjozNCwidXJsZ2VuX3NvdXJjZSI6Ind3dyJ9&ccb=17-1&vs=bc0c04a40fe09e2e&_nc_vs=HBksFQIYRWZiX2VwaGVtZXJhbC9DMTQ2M0VGRTc4OEZEQzU2QzM3RTJCRjNCN0M3M0NCOF9tdF8xX3ZpZGVvX2Rhc2hpbml0Lm1wNBUAAsgBEgAVAhhAZmJfcGVybWFuZW50LzhFNDk3RUE0NkMxRTM4QUQzRTVGRDRDRDMzQTE4OUJBX2F1ZGlvX2Rhc2hpbml0Lm1wNBUCAsgBEgAoABgAGwKIB3VzZV9vaWwBMRJwcm9ncmVzc2l2ZV9yZWNpcGUBMRUAACay-7GH9-PRYRUCKAJDMywXQEFiDEm6XjUYGWRhc2hfaDI2NC1iYXNpYy1nZW4yXzcyMHARAHUAZbaeAQA&_nc_gid=e7LZfEEcZ91OpAQbplX9cw&_nc_ss=7f289&_nc_zt=28&oh=00_AQBpzZBH55Lji2k6n-bTeV2uUyfVjN6TOz_WcfHE4q_CrA&oe=6A58A78A,https://scontent.fblr20-1.fna.fbcdn.net/v/t39.35426-6/733194909_1569518108149600_2384419329726888638_n.jpg?_nc_cat=108&ccb=1-7&_nc_sid=c53f8f&_nc_ohc=enUpYp3fiZAQ7kNvwH63k1n&_nc_oc=AdpcDunCBhS0tPx-hR0iDQmylVx2rp_tCb7YBkMvcuxIGLPAg8e1Pn7jbXgRD2V6AclfVmcY3y0I9Sg8_sUX7JAA&_nc_zt=14&_nc_ht=scontent.fblr20-1.fna&_nc_gid=e7LZfEEcZ91OpAQbplX9cw&_nc_ss=7f289&oh=00_AQCAUCPsM64f1UX01WsFBs6DsranHyoBDVQYX0E6xaV9KA&oe=6A58D569,2026-07-16T09:42:34.000Z,2026-07-12,https://pub-893b4a6a607b4221a894bf861da7914e.r2.dev/3945125475794543.mp4
139,120,English Seekho,565574549966663,English Seekho App,,IN,3945125475794543,https://www.facebook.com/ads/library/?id=3945125475794543,2026-06-30,,false,true,2,1,1087493257297423,2026-06-30,,Fluent English bolne ka sirf ek raasta – Daily practice on English Seekho App. Start now!,English Communication strong karo aur confidence badhao,Install now,http://play.google.com/store/apps/details?id=com.bolo.android,"Facebook,Instagram,Audience Network,Messenger,Threads",Fluent English bolne ka sirf ek raasta – Daily practice on English Seekho App. Start now!,English Communication strong karo aur confidence badhao,Install now,http://play.google.com/store/apps/details?id=com.bolo.android,Video,"Facebook,Instagram,Audience Network,Messenger,Threads",1,0,9:16,https://video.fblr20-2.fna.fbcdn.net/o1/v/t2/f2/m366/AQPeN-PSuiUFTVt8utUcrvDs1ya9gjpq21SemYXs1e4GG8FEexTlq7281WXrS87KH9j7NwJdi1hmAyuRGucU4TzRqBqTU8eqM2ms93fW2SdiCQ.mp4?_nc_cat=102&_nc_oc=AdpMPYIBHkGd4KFuNaN7LYQc1tFlQcC40OrNccg_pvTu9HPm9C1VbuI8UjblKhGCVy70sTJUEmNo53aS--n_OtfR&_nc_sid=b66105&_nc_ht=video.fblr20-2.fna.fbcdn.net&_nc_ohc=j60yl4dRiiAQ7kNvwH_7fqf&efg=eyJ2ZW5jb2RlX3RhZyI6Inhwdl9wcm9ncmVzc2l2ZS5WSV9VU0VDQVNFX1BST0RVQ1RfVFlQRS4uQzMuNzIwLmRhc2hfaDI2NC1iYXNpYy1nZW4yXzcyMHAiLCJ4cHZfYXNzZXRfaWQiOjI3NDgyOTEwNDExMzQxNTI5LCJhc3NldF9hZ2VfZGF5cyI6MTQsInZpX3VzZWNhc2VfaWQiOjEwMTM5LCJkdXJhdGlvbl9zIjozNCwidXJsZ2VuX3NvdXJjZSI6Ind3dyJ9&ccb=17-1&vs=bc0c04a40fe09e2e&_nc_vs=HBksFQIYRWZiX2VwaGVtZXJhbC9DMTQ2M0VGRTc4OEZEQzU2QzM3RTJCRjNCN0M3M0NCOF9tdF8xX3ZpZGVvX2Rhc2hpbml0Lm1wNBUAAsgBEgAVAhhAZmJfcGVybWFuZW50LzhFNDk3RUE0NkMxRTM4QUQzRTVGRDRDRDMzQTE4OUJBX2F1ZGlvX2Rhc2hpbml0Lm1wNBUCAsgBEgAoABgAGwKIB3VzZV9vaWwBMRJwcm9ncmVzc2l2ZV9yZWNpcGUBMRUAACay-7GH9-PRYRUCKAJDMywXQEFiDEm6XjUYGWRhc2hfaDI2NC1iYXNpYy1nZW4yXzcyMHARAHUAZbaeAQA&_nc_gid=no2qkWuWKrhyTexpgmkFJw&_nc_ss=7f289&_nc_zt=28&oh=00_AQC3_z6gpzFkZ9DCK5h9p0LaGS1Tz6nwD7vXXpwk12ETBg&oe=6A58A78A,https://scontent.fblr20-2.fna.fbcdn.net/v/t39.35426-6/733471729_2282128969196528_3619453851193390307_n.jpg?_nc_cat=111&ccb=1-7&_nc_sid=c53f8f&_nc_ohc=XNaBsfxIIfEQ7kNvwGw1Own&_nc_oc=AdpoQdqZ5etyJDED28nGuzFgvFEXUJTCIKLPG6El6w2NSUpbakBXDD3nj6grU9-ADVxo7vcBFJri-h9VH7L1n8fP&_nc_zt=14&_nc_ht=scontent.fblr20-2.fna&_nc_gid=no2qkWuWKrhyTexpgmkFJw&_nc_ss=7f289&oh=00_AQCStNnufJKwhMIP6pINgZuNdes4UHTEt9UT9Oxwy1QKHg&oe=6A58B4AD,2026-07-16T09:42:34.000Z,2026-07-12,
140,121,English Seekho,565574549966663,English Seekho App,,IN,1369951375034457,https://www.facebook.com/ads/library/?id=1369951375034457,2026-07-09,,false,true,2,0,1369951375034457,2026-07-09,,Fluent English bolne ka sirf ek raasta – Daily practice on English Seekho App. Start now!,English Communication strong karo aur confidence badhao,Install now,http://play.google.com/store/apps/details?id=com.bolo.android,"Facebook,Instagram,Audience Network,Messenger,Threads",Fluent English bolne ka sirf ek raasta – Daily practice on English Seekho App. Start now!,English Communication strong karo aur confidence badhao,Install now,http://play.google.com/store/apps/details?id=com.bolo.android,Video,"Facebook,Instagram,Audience Network,Messenger,Threads",1,0,9:16,https://video.fblr20-2.fna.fbcdn.net/o1/v/t2/f2/m366/AQOKDKaIVA3XUduOa1AseGeR92uMr0EqQiBn8kf9V-jbDOns47f4Kac7REELi4vYTfr_1paRclyYBh6IQo8XkzlAbs0I3o8lDUvwFbTIt-MStA.mp4?_nc_cat=102&_nc_oc=Adq08eDrp-cRbXqPOwEf3ILOPOg_5FO2gFuWkvrP19L4LrTR1Zyb5JdkNNxrYhT82lhN6PE04rmlasKBWhdP1zEh&_nc_sid=b66105&_nc_ht=video.fblr20-2.fna.fbcdn.net&_nc_ohc=MfX20BwQ-PEQ7kNvwF0A_73&efg=eyJ2ZW5jb2RlX3RhZyI6Inhwdl9wcm9ncmVzc2l2ZS5WSV9VU0VDQVNFX1BST0RVQ1RfVFlQRS4uQzMuNzIwLmRhc2hfaDI2NC1iYXNpYy1nZW4yXzcyMHAiLCJ4cHZfYXNzZXRfaWQiOjE4OTYyNjI5MDUxMTE0NTksImFzc2V0X2FnZV9kYXlzIjozNSwidmlfdXNlY2FzZV9pZCI6MTAxMzksImR1cmF0aW9uX3MiOjE5OCwidXJsZ2VuX3NvdXJjZSI6Ind3dyJ9&ccb=17-1&vs=309d973c15f906b8&_nc_vs=HBksFQIYRWZiX2VwaGVtZXJhbC8wODRGOTA4MkQ0MTNFQzAxNTIzRTE5MjQ2NTVEREY5NF9tdF8xX3ZpZGVvX2Rhc2hpbml0Lm1wNBUAAsgBEgAVAhhAZmJfcGVybWFuZW50L0EzNDM0QkVDNzZFRkM2MjgwOEZBNjM2RDY3OTYyMzg1X2F1ZGlvX2Rhc2hpbml0Lm1wNBUCAsgBEgAoABgAGwKIB3VzZV9vaWwBMRJwcm9ncmVzc2l2ZV9yZWNpcGUBMRUAACbGjuHNg6neBhUCKAJDMywXQGjN2yLQ5WAYGWRhc2hfaDI2NC1iYXNpYy1nZW4yXzcyMHARAHUAZbaeAQA&_nc_gid=e7LZfEEcZ91OpAQbplX9cw&_nc_ss=7f289&_nc_zt=28&oh=00_AQDGfUB-0vB5vS1jkoijXPGUgcLNSESI38IucHH6LTbG1Q&oe=6A58C6AE,https://scontent.fblr20-5.fna.fbcdn.net/v/t39.35426-6/744317490_1035818692229607_4125197949759489311_n.jpg?_nc_cat=107&ccb=1-7&_nc_sid=c53f8f&_nc_ohc=Rnpi3dn6MFAQ7kNvwFmkzcB&_nc_oc=AdpXbHBYNn6-wpZ1nXsM5uXrmJfWTJAI4KV-GwcB-JTF_dsjYcAfwIJbPbVh0yjEt-jjU-tYJKLbbT_AkQAZawRU&_nc_zt=14&_nc_ht=scontent.fblr20-5.fna&_nc_gid=e7LZfEEcZ91OpAQbplX9cw&_nc_ss=7f289&oh=00_AQA0TMz_ZLPy_9VgdFvo2Q3xMnFjt9An7Co7k1TghZXmhg&oe=6A58D48C,2026-07-16T11:55:26.000Z,2026-07-12,https://pub-893b4a6a607b4221a894bf861da7914e.r2.dev/1369951375034457.mp4
141,121,English Seekho,565574549966663,English Seekho App,,IN,1369951375034457,https://www.facebook.com/ads/library/?id=1369951375034457,2026-07-09,,false,true,2,1,1691631452142489,2026-07-09,,Fluent English bolne ka sirf ek raasta – Daily practice on English Seekho App. Start now!,English Communication strong karo aur confidence badhao,Install now,http://play.google.com/store/apps/details?id=com.bolo.android,"Facebook,Instagram,Audience Network,Messenger,Threads",Fluent English bolne ka sirf ek raasta – Daily practice on English Seekho App. Start now!,English Communication strong karo aur confidence badhao,Install now,http://play.google.com/store/apps/details?id=com.bolo.android,Video,"Facebook,Instagram,Audience Network,Messenger,Threads",1,0,9:16,https://video.fblr20-2.fna.fbcdn.net/o1/v/t2/f2/m366/AQOKDKaIVA3XUduOa1AseGeR92uMr0EqQiBn8kf9V-jbDOns47f4Kac7REELi4vYTfr_1paRclyYBh6IQo8XkzlAbs0I3o8lDUvwFbTIt-MStA.mp4?_nc_cat=102&_nc_oc=Adq08eDrp-cRbXqPOwEf3ILOPOg_5FO2gFuWkvrP19L4LrTR1Zyb5JdkNNxrYhT82lhN6PE04rmlasKBWhdP1zEh&_nc_sid=b66105&_nc_ht=video.fblr20-2.fna.fbcdn.net&_nc_ohc=MfX20BwQ-PEQ7kNvwF0A_73&efg=eyJ2ZW5jb2RlX3RhZyI6Inhwdl9wcm9ncmVzc2l2ZS5WSV9VU0VDQVNFX1BST0RVQ1RfVFlQRS4uQzMuNzIwLmRhc2hfaDI2NC1iYXNpYy1nZW4yXzcyMHAiLCJ4cHZfYXNzZXRfaWQiOjE4OTYyNjI5MDUxMTE0NTksImFzc2V0X2FnZV9kYXlzIjozNSwidmlfdXNlY2FzZV9pZCI6MTAxMzksImR1cmF0aW9uX3MiOjE5OCwidXJsZ2VuX3NvdXJjZSI6Ind3dyJ9&ccb=17-1&vs=309d973c15f906b8&_nc_vs=HBksFQIYRWZiX2VwaGVtZXJhbC8wODRGOTA4MkQ0MTNFQzAxNTIzRTE5MjQ2NTVEREY5NF9tdF8xX3ZpZGVvX2Rhc2hpbml0Lm1wNBUAAsgBEgAVAhhAZmJfcGVybWFuZW50L0EzNDM0QkVDNzZFRkM2MjgwOEZBNjM2RDY3OTYyMzg1X2F1ZGlvX2Rhc2hpbml0Lm1wNBUCAsgBEgAoABgAGwKIB3VzZV9vaWwBMRJwcm9ncmVzc2l2ZV9yZWNpcGUBMRUAACbGjuHNg6neBhUCKAJDMywXQGjN2yLQ5WAYGWRhc2hfaDI2NC1iYXNpYy1nZW4yXzcyMHARAHUAZbaeAQA&_nc_gid=e7LZfEEcZ91OpAQbplX9cw&_nc_ss=7f289&_nc_zt=28&oh=00_AQDGfUB-0vB5vS1jkoijXPGUgcLNSESI38IucHH6LTbG1Q&oe=6A58C6AE,https://scontent.fblr20-3.fna.fbcdn.net/v/t39.35426-6/743609954_2293171077758520_1903432628186409152_n.jpg?_nc_cat=105&ccb=1-7&_nc_sid=c53f8f&_nc_ohc=N7VG4KbA8v0Q7kNvwE11Dum&_nc_oc=AdobbHHTSHQETGLsapxwp9ljYe1En3vJeJ_JOZtMK7l4_u1R3GeF1QQ4O3cgJPK3kk4jdSyFa6RxF1D-b0LuGF4U&_nc_zt=14&_nc_ht=scontent.fblr20-3.fna&_nc_gid=e7LZfEEcZ91OpAQbplX9cw&_nc_ss=7f289&oh=00_AQD1JlADdJFQqrdjtNWCWYH7OemSX5UB-8EBjrJ-Ao6gyA&oe=6A58C268,2026-07-16T11:55:26.000Z,2026-07-12,
142,122,English Seekho,565574549966663,English Seekho App,,IN,1708410670406482,https://www.facebook.com/ads/library/?id=1708410670406482,2026-07-02,,false,false,1,0,,2026-07-02,,Fluent English bolne ka sirf ek raasta – Daily practice on English Seekho App. Start now!,English Communication strong karo aur confidence badhao,Install now,http://play.google.com/store/apps/details?id=com.bolo.android,"Facebook,Instagram,Audience Network,Messenger,Threads",Fluent English bolne ka sirf ek raasta – Daily practice on English Seekho App. Start now!,English Communication strong karo aur confidence badhao,Install now,http://play.google.com/store/apps/details?id=com.bolo.android,Video,"Facebook,Instagram,Audience Network,Messenger,Threads",1,0,9:16,https://video.fblr20-4.fna.fbcdn.net/o1/v/t2/f2/m366/AQPc5rNq_EKX39rbMQ85ksFUwUsWuu66T_OMi-mR-ryiS3O41yYGqKauWm2VcDOF2RrI-B6wfggCNQVf20IlgMDcRr4dx23Xx7K-fZ6gbZ-kXA.mp4?_nc_cat=103&_nc_oc=AdqZ24vDIofC-tqYwW-Wytcaypxh520JF6e46VOqJYcKLu9EIVcXuJjjwEPoyfBDhCwUSl_BnH1No9Ikq1qUtyOf&_nc_sid=b66105&_nc_ht=video.fblr20-4.fna.fbcdn.net&_nc_ohc=jIJhoHetTPQQ7kNvwHO_ZmB&efg=eyJ2ZW5jb2RlX3RhZyI6Inhwdl9wcm9ncmVzc2l2ZS5WSV9VU0VDQVNFX1BST0RVQ1RfVFlQRS4uQzMuNzIwLmRhc2hfaDI2NC1iYXNpYy1nZW4yXzcyMHAiLCJ4cHZfYXNzZXRfaWQiOjE3NDAxOTU4ODQwOTg2MzYsImFzc2V0X2FnZV9kYXlzIjoxMiwidmlfdXNlY2FzZV9pZCI6MTAxMzksImR1cmF0aW9uX3MiOjQ1LCJ1cmxnZW5fc291cmNlIjoid3d3In0%3D&ccb=17-1&vs=3ae2e02d0a651730&_nc_vs=HBksFQIYRWZiX2VwaGVtZXJhbC83NzQwMzQ2MDlEQTNFRUI5REIwOEZCRTQ4ODE2MUZBNF9tdF8xX3ZpZGVvX2Rhc2hpbml0Lm1wNBUAAsgBEgAVAhhAZmJfcGVybWFuZW50L0NENDNENTM4NEE0N0JCQkQyNkIyM0FEQzU1NUI2OTgzX2F1ZGlvX2Rhc2hpbml0Lm1wNBUCAsgBEgAoABgAGwKIB3VzZV9vaWwBMRJwcm9ncmVzc2l2ZV9yZWNpcGUBMRUAACaYkZfY3ayXBhUCKAJDMywXQEbJ--dsi0QYGWRhc2hfaDI2NC1iYXNpYy1nZW4yXzcyMHARAHUAZbaeAQA&_nc_gid=e7LZfEEcZ91OpAQbplX9cw&_nc_ss=7f289&_nc_zt=28&oh=00_AQCQg04403zNPzmaVUG568NVgtkzGcae4-Nb1xwWLtjKkw&oe=6A58A505,https://scontent.fblr20-3.fna.fbcdn.net/v/t39.35426-6/735354822_1751064026339746_7449570275644599637_n.jpg?_nc_cat=100&ccb=1-7&_nc_sid=c53f8f&_nc_ohc=d2yIlpb0iOMQ7kNvwGbVwr0&_nc_oc=AdqwbPht9v39Qs0_uc-g_7TxEngNpWZOZB5IwvmNCVchdEC_l14EFj8EbRzmw_bi3y__eUfuweXV2RQ61363C5hH&_nc_zt=14&_nc_ht=scontent.fblr20-3.fna&_nc_gid=e7LZfEEcZ91OpAQbplX9cw&_nc_ss=7f289&oh=00_AQAjjHcenIz9Jc3ZlDv9Lt3wxHkhUj6AJpnCrBRXWnN8qg&oe=6A58A843,2026-07-16T09:31:49.000Z,2026-07-12,https://pub-893b4a6a607b4221a894bf861da7914e.r2.dev/1708410670406482.mp4
143,123,English Seekho,565574549966663,English Seekho App,,IN,1647176899685316,https://www.facebook.com/ads/library/?id=1647176899685316,2026-07-09,,false,true,2,0,1647176899685316,2026-07-09,,Fluent English bolne ka sirf ek raasta – Daily practice on English Seekho App. Start now!,English Communication strong karo aur confidence badhao,Install now,http://play.google.com/store/apps/details?id=com.bolo.android,"Facebook,Instagram,Audience Network,Messenger,Threads",Fluent English bolne ka sirf ek raasta – Daily practice on English Seekho App. Start now!,English Communication strong karo aur confidence badhao,Install now,http://play.google.com/store/apps/details?id=com.bolo.android,Video,"Facebook,Instagram,Audience Network,Messenger,Threads",1,0,9:16,https://video.fblr20-4.fna.fbcdn.net/o1/v/t2/f2/m366/AQMVV-qDJPff_kWdsP0pSw2QpURJI7veAZ4ksGIHBsLc-Jz2abCwvlAC0v_iQ_IE1pGIprQKW8yJsQk_2CiqXmNl-KLvbNHS1lYcH_isYc1sfA.mp4?_nc_cat=101&_nc_oc=Adow_RTNb2GghWokmHsWasBE7yEetrCxLcGghP8j34QybWmZmv-KNKXfuHAJP5o3oOM-gTIrpvEYRu1jWiA9UxpZ&_nc_sid=b66105&_nc_ht=video.fblr20-4.fna.fbcdn.net&_nc_ohc=di7ulPmpZ6YQ7kNvwHjUwgg&efg=eyJ2ZW5jb2RlX3RhZyI6Inhwdl9wcm9ncmVzc2l2ZS5WSV9VU0VDQVNFX1BST0RVQ1RfVFlQRS4uQzMuNzIwLmRhc2hfaDI2NC1iYXNpYy1nZW4yXzcyMHAiLCJ4cHZfYXNzZXRfaWQiOjgyNjk2NTkzMzYxMjI4OCwiYXNzZXRfYWdlX2RheXMiOjI5LCJ2aV91c2VjYXNlX2lkIjoxMDEzOSwiZHVyYXRpb25fcyI6NzUsInVybGdlbl9zb3VyY2UiOiJ3d3cifQ%3D%3D&ccb=17-1&vs=a01eeecaa19219ba&_nc_vs=HBksFQIYRWZiX2VwaGVtZXJhbC81QTQ2MDI0N0UwMEEyNjkyMjFDRTI3NkUwQUVBMUZCQV9tdF8xX3ZpZGVvX2Rhc2hpbml0Lm1wNBUAAsgBEgAVAhhAZmJfcGVybWFuZW50LzkxNDA4RjdGMjI1NUNDMEY3Rjk0RUM1MzEyOTgzM0I1X2F1ZGlvX2Rhc2hpbml0Lm1wNBUCAsgBEgAoABgAGwKIB3VzZV9vaWwBMRJwcm9ncmVzc2l2ZV9yZWNpcGUBMRUAACaA9Lar4If4AhUCKAJDMywXQFLZmZmZmZoYGWRhc2hfaDI2NC1iYXNpYy1nZW4yXzcyMHARAHUAZbaeAQA&_nc_gid=e7LZfEEcZ91OpAQbplX9cw&_nc_ss=7f289&_nc_zt=28&oh=00_AQDtHmJLzbFV5E4H6A1eJXGh8Z3pVGmWEZO7X9Il_lm59w&oe=6A58CE6B,https://scontent.fblr20-3.fna.fbcdn.net/v/t39.35426-6/742197956_1564153625244948_2584855199348843784_n.jpg?_nc_cat=100&ccb=1-7&_nc_sid=c53f8f&_nc_ohc=7WmvBQ4A090Q7kNvwHhcIf8&_nc_oc=AdqO7P_0OBK3pwI8aqbvMhWM4YEyAM5dCWxc3K5VP5IrCquw4ZGYE233-EnLT_g9mHL23PZGtEv1GWYhcN2RO6O8&_nc_zt=14&_nc_ht=scontent.fblr20-3.fna&_nc_gid=e7LZfEEcZ91OpAQbplX9cw&_nc_ss=7f289&oh=00_AQAw8_PHrjW4EuKy5OIR8M6CVkgOZ5giKfzS-mzZ0Fo7qw&oe=6A58BEA8,2026-07-16T12:28:27.000Z,2026-07-12,https://pub-893b4a6a607b4221a894bf861da7914e.r2.dev/1647176899685316.mp4
144,123,English Seekho,565574549966663,English Seekho App,,IN,1647176899685316,https://www.facebook.com/ads/library/?id=1647176899685316,2026-07-09,,false,true,2,1,902372695693097,2026-07-09,,Fluent English bolne ka sirf ek raasta – Daily practice on English Seekho App. Start now!,English Communication strong karo aur confidence badhao,Install now,http://play.google.com/store/apps/details?id=com.bolo.android,"Facebook,Instagram,Audience Network,Messenger,Threads",Fluent English bolne ka sirf ek raasta – Daily practice on English Seekho App. Start now!,English Communication strong karo aur confidence badhao,Install now,http://play.google.com/store/apps/details?id=com.bolo.android,Video,"Facebook,Instagram,Audience Network,Messenger,Threads",1,0,9:16,https://video.fblr20-4.fna.fbcdn.net/o1/v/t2/f2/m366/AQMVV-qDJPff_kWdsP0pSw2QpURJI7veAZ4ksGIHBsLc-Jz2abCwvlAC0v_iQ_IE1pGIprQKW8yJsQk_2CiqXmNl-KLvbNHS1lYcH_isYc1sfA.mp4?_nc_cat=101&_nc_oc=Adow_RTNb2GghWokmHsWasBE7yEetrCxLcGghP8j34QybWmZmv-KNKXfuHAJP5o3oOM-gTIrpvEYRu1jWiA9UxpZ&_nc_sid=b66105&_nc_ht=video.fblr20-4.fna.fbcdn.net&_nc_ohc=di7ulPmpZ6YQ7kNvwHjUwgg&efg=eyJ2ZW5jb2RlX3RhZyI6Inhwdl9wcm9ncmVzc2l2ZS5WSV9VU0VDQVNFX1BST0RVQ1RfVFlQRS4uQzMuNzIwLmRhc2hfaDI2NC1iYXNpYy1nZW4yXzcyMHAiLCJ4cHZfYXNzZXRfaWQiOjgyNjk2NTkzMzYxMjI4OCwiYXNzZXRfYWdlX2RheXMiOjI5LCJ2aV91c2VjYXNlX2lkIjoxMDEzOSwiZHVyYXRpb25fcyI6NzUsInVybGdlbl9zb3VyY2UiOiJ3d3cifQ%3D%3D&ccb=17-1&vs=a01eeecaa19219ba&_nc_vs=HBksFQIYRWZiX2VwaGVtZXJhbC81QTQ2MDI0N0UwMEEyNjkyMjFDRTI3NkUwQUVBMUZCQV9tdF8xX3ZpZGVvX2Rhc2hpbml0Lm1wNBUAAsgBEgAVAhhAZmJfcGVybWFuZW50LzkxNDA4RjdGMjI1NUNDMEY3Rjk0RUM1MzEyOTgzM0I1X2F1ZGlvX2Rhc2hpbml0Lm1wNBUCAsgBEgAoABgAGwKIB3VzZV9vaWwBMRJwcm9ncmVzc2l2ZV9yZWNpcGUBMRUAACaA9Lar4If4AhUCKAJDMywXQFLZmZmZmZoYGWRhc2hfaDI2NC1iYXNpYy1nZW4yXzcyMHARAHUAZbaeAQA&_nc_gid=e7LZfEEcZ91OpAQbplX9cw&_nc_ss=7f289&_nc_zt=28&oh=00_AQDtHmJLzbFV5E4H6A1eJXGh8Z3pVGmWEZO7X9Il_lm59w&oe=6A58CE6B,https://scontent.fblr20-3.fna.fbcdn.net/v/t39.35426-6/745477079_1225351029665764_4545325941231143780_n.jpg?_nc_cat=109&ccb=1-7&_nc_sid=c53f8f&_nc_ohc=3KuVKbMbuRoQ7kNvwGYp524&_nc_oc=AdouWau6E0jhWZLd_NIJARKVSwdD8VRGeIIDIwXbqBI2_qvqqh5lRexZf9vYsol2mUI2zsknT1eimuAyuiOzMs7k&_nc_zt=14&_nc_ht=scontent.fblr20-3.fna&_nc_gid=e7LZfEEcZ91OpAQbplX9cw&_nc_ss=7f289&oh=00_AQAdDiiY4CxGC0_csBwUX8ezCU2m8WoHBPFaKCO6vhT-eg&oe=6A58BDBB,2026-07-16T12:28:27.000Z,2026-07-12,
145,124,English Seekho,565574549966663,English Seekho App,,IN,1013834224460527,https://www.facebook.com/ads/library/?id=1013834224460527,2026-06-18,,false,false,1,0,,2026-06-18,,Fluent English bolne ka sirf ek raasta – Daily practice on English Seekho App. Start now!,English Communication strong karo aur confidence badhao,Install now,http://play.google.com/store/apps/details?id=com.bolo.android,"Facebook,Instagram,Audience Network,Messenger,Threads",Fluent English bolne ka sirf ek raasta – Daily practice on English Seekho App. Start now!,English Communication strong karo aur confidence badhao,Install now,http://play.google.com/store/apps/details?id=com.bolo.android,Video,"Facebook,Instagram,Audience Network,Messenger,Threads",1,0,9:16,https://video.fblr20-4.fna.fbcdn.net/o1/v/t2/f2/m366/AQMVV-qDJPff_kWdsP0pSw2QpURJI7veAZ4ksGIHBsLc-Jz2abCwvlAC0v_iQ_IE1pGIprQKW8yJsQk_2CiqXmNl-KLvbNHS1lYcH_isYc1sfA.mp4?_nc_cat=101&_nc_oc=Adow_RTNb2GghWokmHsWasBE7yEetrCxLcGghP8j34QybWmZmv-KNKXfuHAJP5o3oOM-gTIrpvEYRu1jWiA9UxpZ&_nc_sid=b66105&_nc_ht=video.fblr20-4.fna.fbcdn.net&_nc_ohc=di7ulPmpZ6YQ7kNvwHjUwgg&efg=eyJ2ZW5jb2RlX3RhZyI6Inhwdl9wcm9ncmVzc2l2ZS5WSV9VU0VDQVNFX1BST0RVQ1RfVFlQRS4uQzMuNzIwLmRhc2hfaDI2NC1iYXNpYy1nZW4yXzcyMHAiLCJ4cHZfYXNzZXRfaWQiOjgyNjk2NTkzMzYxMjI4OCwiYXNzZXRfYWdlX2RheXMiOjI5LCJ2aV91c2VjYXNlX2lkIjoxMDEzOSwiZHVyYXRpb25fcyI6NzUsInVybGdlbl9zb3VyY2UiOiJ3d3cifQ%3D%3D&ccb=17-1&vs=a01eeecaa19219ba&_nc_vs=HBksFQIYRWZiX2VwaGVtZXJhbC81QTQ2MDI0N0UwMEEyNjkyMjFDRTI3NkUwQUVBMUZCQV9tdF8xX3ZpZGVvX2Rhc2hpbml0Lm1wNBUAAsgBEgAVAhhAZmJfcGVybWFuZW50LzkxNDA4RjdGMjI1NUNDMEY3Rjk0RUM1MzEyOTgzM0I1X2F1ZGlvX2Rhc2hpbml0Lm1wNBUCAsgBEgAoABgAGwKIB3VzZV9vaWwBMRJwcm9ncmVzc2l2ZV9yZWNpcGUBMRUAACaA9Lar4If4AhUCKAJDMywXQFLZmZmZmZoYGWRhc2hfaDI2NC1iYXNpYy1nZW4yXzcyMHARAHUAZbaeAQA&_nc_gid=e7LZfEEcZ91OpAQbplX9cw&_nc_ss=7f289&_nc_zt=28&oh=00_AQDtHmJLzbFV5E4H6A1eJXGh8Z3pVGmWEZO7X9Il_lm59w&oe=6A58CE6B,https://scontent.fblr20-1.fna.fbcdn.net/v/t39.35426-6/721223789_2153300998586278_7289090674448450634_n.jpg?_nc_cat=110&ccb=1-7&_nc_sid=c53f8f&_nc_ohc=WezENbFUdQ8Q7kNvwEZaqDP&_nc_oc=AdpbX4kf7aWQGywHUwywfSAmaAE7aqhOH0fL-cA4qPHoSLzUU1P-l6ouWv7b3tHvTrY5ccyEBbE0FOofgFFE1RXP&_nc_zt=14&_nc_ht=scontent.fblr20-1.fna&_nc_gid=e7LZfEEcZ91OpAQbplX9cw&_nc_ss=7f289&oh=00_AQDVtxBw47zUXtsY3fuwtTe_qfcJXY-X9zJHEXRS0rFoeA&oe=6A58C007,2026-07-16T12:28:27.000Z,2026-07-12,https://pub-893b4a6a607b4221a894bf861da7914e.r2.dev/1013834224460527.mp4
146,125,English Seekho,565574549966663,English Seekho App,,IN,922682520699920,https://www.facebook.com/ads/library/?id=922682520699920,2026-01-22,,false,false,1,0,,2026-01-22,,Fluent English bolne ka sirf ek raasta – Daily practice on English Seekho App. Start now!,English Communication strong karo aur confidence badhao,Install now,http://play.google.com/store/apps/details?id=com.bolo.android,"Facebook,Instagram,Audience Network,Messenger,Threads",Fluent English bolne ka sirf ek raasta – Daily practice on English Seekho App. Start now!,English Communication strong karo aur confidence badhao,Install now,http://play.google.com/store/apps/details?id=com.bolo.android,Video,"Facebook,Instagram,Audience Network,Messenger,Threads",1,0,9:16,https://video.fblr20-2.fna.fbcdn.net/o1/v/t2/f2/m366/AQPLgJFhrHD_fUEKPVEsCsdJNU6NTgK5erU6gejRZo9DfEvpKYnkLmG5T1uu069IeH16OhBeVhnqSPhozlmsfxJkVmRJziqsm0oopH7Tbq2QHA.mp4?_nc_cat=111&_nc_oc=Adp1EzvNtSmwCViXRe--yKCX-1khF1wYGJkDJ7auW65CuwPojflNC6bCGmS2XkGg89hmMat8dj_-__lHNKAjXoRx&_nc_sid=b66105&_nc_ht=video.fblr20-2.fna.fbcdn.net&_nc_ohc=GSEkthWv-UAQ7kNvwED2YLK&efg=eyJ2ZW5jb2RlX3RhZyI6Inhwdl9wcm9ncmVzc2l2ZS5WSV9VU0VDQVNFX1BST0RVQ1RfVFlQRS4uQzMuNzIwLmRhc2hfaDI2NC1iYXNpYy1nZW4yXzcyMHAiLCJ4cHZfYXNzZXRfaWQiOjI2NTc2NTk4MDEyNDkwNDUsImFzc2V0X2FnZV9kYXlzIjoyMTgsInZpX3VzZWNhc2VfaWQiOjEwMTM5LCJkdXJhdGlvbl9zIjo1NiwidXJsZ2VuX3NvdXJjZSI6Ind3dyJ9&ccb=17-1&vs=262773669105a35f&_nc_vs=HBksFQIYRWZiX2VwaGVtZXJhbC8xNzQwRjk0MURENzNGMUZBMTNFMDMyOTZDMTNFMzhBQ19tdF8xX3ZpZGVvX2Rhc2hpbml0Lm1wNBUAAsgBEgAVAhhAZmJfcGVybWFuZW50Lzg4NDgyQ0FDMEMxODJBNkU0MEJBMkM2RjdGQ0Y3NjhDX2F1ZGlvX2Rhc2hpbml0Lm1wNBUCAsgBEgAoABgAGwKIB3VzZV9vaWwBMRJwcm9ncmVzc2l2ZV9yZWNpcGUBMRUAACaqlJnGlMi4CRUCKAJDMywXQExmZmZmZmYYGWRhc2hfaDI2NC1iYXNpYy1nZW4yXzcyMHARAHUAZbaeAQA&_nc_gid=e7LZfEEcZ91OpAQbplX9cw&_nc_ss=7f289&_nc_zt=28&oh=00_AQDCNFuBaecuyWshYd9IearUeCUOYPKhrFMtSibro6E_jg&oe=6A58B719,https://scontent.fblr20-2.fna.fbcdn.net/v/t39.35426-6/621544440_1864017944217969_7155178559378476888_n.jpg?_nc_cat=102&ccb=1-7&_nc_sid=c53f8f&_nc_ohc=PtX6yPDcQmUQ7kNvwEaAgSe&_nc_oc=AdqpfbNvtnYw0lSaEJ2NBttV5kxs7eexa5gr8uQLjTtTUYTtPoycDTL_z-B7DMee0-GM0vNYp-mpgmWsWUNB7OaB&_nc_zt=14&_nc_ht=scontent.fblr20-2.fna&_nc_gid=e7LZfEEcZ91OpAQbplX9cw&_nc_ss=7f289&oh=00_AQAZqgdNChp6q8o4FXqcEg5lwPqgSCuKf6KtOWEcw0HRMw&oe=6A58A52C,2026-07-16T10:48:57.000Z,2026-07-12,https://pub-893b4a6a607b4221a894bf861da7914e.r2.dev/922682520699920.mp4
147,126,English Seekho,565574549966663,English Seekho App,,IN,2074041103193162,https://www.facebook.com/ads/library/?id=2074041103193162,2026-07-10,,false,false,1,0,,2026-07-10,,Fluent English bolne ka sirf ek raasta – Daily practice on English Seekho App. Start now!,English Communication strong karo aur confidence badhao,Install now,http://play.google.com/store/apps/details?id=com.bolo.android,"Facebook,Instagram,Audience Network,Messenger,Threads",Fluent English bolne ka sirf ek raasta – Daily practice on English Seekho App. Start now!,English Communication strong karo aur confidence badhao,Install now,http://play.google.com/store/apps/details?id=com.bolo.android,Video,"Facebook,Instagram,Audience Network,Messenger,Threads",1,0,9:16,https://video.fblr20-4.fna.fbcdn.net/o1/v/t2/f2/m366/AQOrBZPAv606Idqx8pwjFUB0B37SVRtdXArbXYZqbA88_ogP6WX_LYiXd9YgVzdiKXlLh1pURD1BIc4otkOrPXwH0bOkw00n1GcZhCwKAPakDw.mp4?_nc_cat=101&_nc_oc=AdprGtFC53tE8azuyD8uzUZbAsJJ2Zn7QKGNI5JXRprhR2BTa3HDG2rHk2h4jTzC9YQZgNhTd0UxC10GWOaGomgA&_nc_sid=b66105&_nc_ht=video.fblr20-4.fna.fbcdn.net&_nc_ohc=YCM2-NIA0UwQ7kNvwHDDUeV&efg=eyJ2ZW5jb2RlX3RhZyI6Inhwdl9wcm9ncmVzc2l2ZS5WSV9VU0VDQVNFX1BST0RVQ1RfVFlQRS4uQzMuNzIwLmRhc2hfaDI2NC1iYXNpYy1nZW4yXzcyMHAiLCJ4cHZfYXNzZXRfaWQiOjEwMjUyOTM5ODM2OTU0NDAsImFzc2V0X2FnZV9kYXlzIjoyLCJ2aV91c2VjYXNlX2lkIjoxMDEzOSwiZHVyYXRpb25fcyI6NDcsInVybGdlbl9zb3VyY2UiOiJ3d3cifQ%3D%3D&ccb=17-1&vs=c16a6e107c0d5a2&_nc_vs=HBksFQIYRWZiX2VwaGVtZXJhbC9FNDQ5QjQyQzY1MTlCMkE4NzYxRTJFOEEzMzJBN0VCMV9tdF8xX3ZpZGVvX2Rhc2hpbml0Lm1wNBUAAsgBEgAVAhhAZmJfcGVybWFuZW50LzZGNEU1MzEyQUI2RDkwQzU2NUQ1ODFDMUNERjU2RjhFX2F1ZGlvX2Rhc2hpbml0Lm1wNBUCAsgBEgAoABgAGwKIB3VzZV9vaWwBMRJwcm9ncmVzc2l2ZV9yZWNpcGUBMRUAACagiYK7-5_SAxUCKAJDMywXQEemZmZmZmYYGWRhc2hfaDI2NC1iYXNpYy1nZW4yXzcyMHARAHUAZbaeAQA&_nc_gid=khJjYsN3aYzRid6_9VJbpQ&_nc_ss=7f289&_nc_zt=28&oh=00_AQAyRBnhTQMVlAp0q4NxGWJetlZpr60vdIWlgZjWQx_2fg&oe=6A589FCF,https://scontent.fblr20-1.fna.fbcdn.net/v/t39.35426-6/742895988_856836477216094_9123705206444670212_n.jpg?_nc_cat=108&ccb=1-7&_nc_sid=c53f8f&_nc_ohc=wvHHMyv5RvwQ7kNvwHLzjbu&_nc_oc=AdovYTssXgeRd6B5vNRuqMoOLr39i5h6Uwfm1JQNxJIQCA6_OqBbQ8XdwGdVauDs4VI2jsLcQtTPt9wcQ7HiOtib&_nc_zt=14&_nc_ht=scontent.fblr20-1.fna&_nc_gid=khJjYsN3aYzRid6_9VJbpQ&_nc_ss=7f289&oh=00_AQDHnzwFGPqFNKznmHqNfcm9eCqbaB178EuZ-by51-FOrw&oe=6A58BE39,2026-07-16T09:09:35.000Z,2026-07-12,https://pub-893b4a6a607b4221a894bf861da7914e.r2.dev/2074041103193162.mp4
148,127,English Seekho,565574549966663,English Seekho App,,IN,767456879118205,https://www.facebook.com/ads/library/?id=767456879118205,2026-01-22,,false,false,1,0,,2026-01-22,,Fluent English bolne ka sirf ek raasta – Daily practice on English Seekho App. Start now!,English Communication strong karo aur confidence badhao,Install now,http://play.google.com/store/apps/details?id=com.bolo.android,"Facebook,Instagram,Audience Network,Messenger,Threads",Fluent English bolne ka sirf ek raasta – Daily practice on English Seekho App. Start now!,English Communication strong karo aur confidence badhao,Install now,http://play.google.com/store/apps/details?id=com.bolo.android,Video,"Facebook,Instagram,Audience Network,Messenger,Threads",1,0,9:16,https://video.fblr20-2.fna.fbcdn.net/o1/v/t2/f2/m366/AQPKHj2khIybeN8U3PSgPVVkCQr790v8LljVS851kqt_BYKAFEhSauFdW_7vawa7MFlTzZxfDDz1PSWnfU97Y6Hf5qHAjzf5_RGOUk_YPynlBQ.mp4?_nc_cat=104&_nc_oc=AdptM0JakxMzLEZMsi4cRmN4aslpZFj8wbSx8lY3qLhMccAL6HebTcj-SQ5eWvgaZRoeO-nj5dYkDOZXn7IPi_zf&_nc_sid=b66105&_nc_ht=video.fblr20-2.fna.fbcdn.net&_nc_ohc=d4WysB-YMG8Q7kNvwFhcCVr&efg=eyJ2ZW5jb2RlX3RhZyI6Inhwdl9wcm9ncmVzc2l2ZS5WSV9VU0VDQVNFX1BST0RVQ1RfVFlQRS4uQzMuNzIwLmRhc2hfaDI2NC1iYXNpYy1nZW4yXzcyMHAiLCJ4cHZfYXNzZXRfaWQiOjgxNTYzMjA1ODAwMzU0MCwiYXNzZXRfYWdlX2RheXMiOjIyNiwidmlfdXNlY2FzZV9pZCI6MTAxMzksImR1cmF0aW9uX3MiOjY3LCJ1cmxnZW5fc291cmNlIjoid3d3In0%3D&ccb=17-1&vs=b0e2955f498feded&_nc_vs=HBksFQIYRWZiX2VwaGVtZXJhbC8zQzQxQjNFODQ2OTA2MzhFQjhGRDZBRjUxM0U0QUFBN19tdF8xX3ZpZGVvX2Rhc2hpbml0Lm1wNBUAAsgBEgAVAhhAZmJfcGVybWFuZW50LzUwNDc2QjY2NTU2RUZERTM3RDBCODRCNEIwMDUxQkJEX2F1ZGlvX2Rhc2hpbml0Lm1wNBUCAsgBEgAoABgAGwKIB3VzZV9vaWwBMRJwcm9ncmVzc2l2ZV9yZWNpcGUBMRUAACaowa2xhPTyAhUCKAJDMywXQFD3bItDlYEYGWRhc2hfaDI2NC1iYXNpYy1nZW4yXzcyMHARAHUAZbaeAQA&_nc_gid=khJjYsN3aYzRid6_9VJbpQ&_nc_ss=7f289&_nc_zt=28&oh=00_AQDbO68SRWwXKMLsSbApRPGWeWiOxHtdH3QOZngmAcIEkw&oe=6A58A610,https://scontent.fblr20-1.fna.fbcdn.net/v/t39.35426-6/619252890_1588439252183845_6496191897036206865_n.jpg?_nc_cat=108&ccb=1-7&_nc_sid=c53f8f&_nc_ohc=R0waoyct7DUQ7kNvwFn5R_y&_nc_oc=Adp1hQdUxQ0oT_AiYTUBDzV4DjOqVOi0nJ_gmV-tkorBq4BC9Cv8gv2geZV0TDJOLzf-B86Ag52wx1uCFzOWVJ5e&_nc_zt=14&_nc_ht=scontent.fblr20-1.fna&_nc_gid=khJjYsN3aYzRid6_9VJbpQ&_nc_ss=7f289&oh=00_AQDEHUgNFW_6_NUhoBotdTpXtwvWV3jAvAkFi1R27HyO1A&oe=6A58AF17,2026-07-16T09:36:16.000Z,2026-07-12,https://pub-893b4a6a607b4221a894bf861da7914e.r2.dev/767456879118205.mp4
149,128,English Seekho,565574549966663,English Seekho App,,IN,1908450636707359,https://www.facebook.com/ads/library/?id=1908450636707359,2026-01-28,,false,false,1,0,,2026-01-28,,Fluent English bolne ka sirf ek raasta – Daily practice on English Seekho App. Start now!,English Communication strong karo aur confidence badhao,Install now,http://play.google.com/store/apps/details?id=com.bolo.android,"Facebook,Instagram,Audience Network,Messenger,Threads",Fluent English bolne ka sirf ek raasta – Daily practice on English Seekho App. Start now!,English Communication strong karo aur confidence badhao,Install now,http://play.google.com/store/apps/details?id=com.bolo.android,Video,"Facebook,Instagram,Audience Network,Messenger,Threads",1,0,9:16,https://video.fblr20-2.fna.fbcdn.net/o1/v/t2/f2/m366/AQPloogqBMDwUbu5w8vp-DcTPi-N-Tic9eeB0T9UAXduW_JkXB0sV75Oj-AyV0eWHp_vTLYatUFP2nNzMRd6zPeo37eZqJNJ5h7Z3SEON4IKWQ.mp4?_nc_cat=104&_nc_oc=Ados-egzlybXju8kboV4q6b-k3sCEmHz43jfr4vc_xPbpyu56HB27_9LDGBW4KyUxqjXH_pyMFMJB5u4s4KPo4Gu&_nc_sid=b66105&_nc_ht=video.fblr20-2.fna.fbcdn.net&_nc_ohc=fpdMM51TNRQQ7kNvwGyjBJQ&efg=eyJ2ZW5jb2RlX3RhZyI6Inhwdl9wcm9ncmVzc2l2ZS5WSV9VU0VDQVNFX1BST0RVQ1RfVFlQRS4uQzMuNzIwLmRhc2hfaDI2NC1iYXNpYy1nZW4yXzcyMHAiLCJ4cHZfYXNzZXRfaWQiOjczMjY2OTg2OTUwNzY1OSwiYXNzZXRfYWdlX2RheXMiOjE4NCwidmlfdXNlY2FzZV9pZCI6MTAxMzksImR1cmF0aW9uX3MiOjQwLCJ1cmxnZW5fc291cmNlIjoid3d3In0%3D&ccb=17-1&vs=3e8e044b9fea4011&_nc_vs=HBksFQIYRWZiX2VwaGVtZXJhbC8yRDRFRDFCQTgwMEE1QUQwQTVFODg4NkNGQTAwRjg4M19tdF8xX3ZpZGVvX2Rhc2hpbml0Lm1wNBUAAsgBEgAVAhhAZmJfcGVybWFuZW50LzBBNDc5RDhGNDhCOTFENjMzNDg1MkVGQjIyQjRGOEFFX2F1ZGlvX2Rhc2hpbml0Lm1wNBUCAsgBEgAoABgAGwKIB3VzZV9vaWwBMRJwcm9ncmVzc2l2ZV9yZWNpcGUBMRUAACaWkfr0_5bNAhUCKAJDMywXQEQVP3ztkWgYGWRhc2hfaDI2NC1iYXNpYy1nZW4yXzcyMHARAHUAZbaeAQA&_nc_gid=khJjYsN3aYzRid6_9VJbpQ&_nc_ss=7f289&_nc_zt=28&oh=00_AQDMvr-mC1iyCfwu9YHlbzgByv9HIwj9iR-f8oiekVFaAw&oe=6A58C398,https://scontent.fblr20-1.fna.fbcdn.net/v/t39.35426-6/621449124_663090976824986_3005276114611238419_n.jpg?_nc_cat=108&ccb=1-7&_nc_sid=c53f8f&_nc_ohc=_d8uxU8tQ-EQ7kNvwGOMiT7&_nc_oc=Adrrv0BC4MPlrOdBI9tseWzb0Df5LpgeP0X5s3_omqRQvIIVZkLzSQwreL_xkPhuBClCBfIGh46_6a4y02Xkhay3&_nc_zt=14&_nc_ht=scontent.fblr20-1.fna&_nc_gid=khJjYsN3aYzRid6_9VJbpQ&_nc_ss=7f289&oh=00_AQDAKLx01I2NA58K3ORSBKN704RpRRHmOJx7aGY8aMqVnw&oe=6A58C30E,2026-07-16T11:42:16.000Z,2026-07-12,https://pub-893b4a6a607b4221a894bf861da7914e.r2.dev/1908450636707359.mp4
150,129,English Seekho,565574549966663,English Seekho App,,IN,1558750499203337,https://www.facebook.com/ads/library/?id=1558750499203337,2026-06-24,,false,false,1,0,,2026-06-24,,Fluent English bolne ka sirf ek raasta – Daily practice on English Seekho App. Start now!,English Communication strong karo aur confidence badhao,Install now,http://play.google.com/store/apps/details?id=com.bolo.android,"Facebook,Instagram,Audience Network,Messenger,Threads",Fluent English bolne ka sirf ek raasta – Daily practice on English Seekho App. Start now!,English Communication strong karo aur confidence badhao,Install now,http://play.google.com/store/apps/details?id=com.bolo.android,Video,"Facebook,Instagram,Audience Network,Messenger,Threads",1,0,9:16,https://video.fblr20-2.fna.fbcdn.net/o1/v/t2/f2/m366/AQNBTgisMh0wy9eTtkFUqzCAS0rA-9-FO7VjiXCVm3-NUkLBH0a841jrFd8GdEUky1dy1yPQtPIXXjqoUlF2-RlEg4Mj29UdUZvPd3tYs8LKVQ.mp4?_nc_cat=111&_nc_oc=AdoT_GI1gPDHqQmmuEjuJNDmRUhPAlwZKoUpPMv6uJu7pGZptGfGuiFVkna0PvDJiGm-LzDHc5VgkuUhlABTkTja&_nc_sid=b66105&_nc_ht=video.fblr20-2.fna.fbcdn.net&_nc_ohc=-OVTIR7FAkIQ7kNvwE2hq6R&efg=eyJ2ZW5jb2RlX3RhZyI6Inhwdl9wcm9ncmVzc2l2ZS5WSV9VU0VDQVNFX1BST0RVQ1RfVFlQRS4uQzMuNzIwLmRhc2hfaDI2NC1iYXNpYy1nZW4yXzcyMHAiLCJ4cHZfYXNzZXRfaWQiOjE1MDE1ODQwNDUwMzUwMjUsImFzc2V0X2FnZV9kYXlzIjoxOSwidmlfdXNlY2FzZV9pZCI6MTAxMzksImR1cmF0aW9uX3MiOjYwLCJ1cmxnZW5fc291cmNlIjoid3d3In0%3D&ccb=17-1&vs=825813aae53f2c76&_nc_vs=HBksFQIYRWZiX2VwaGVtZXJhbC9FMjQ0MDMyNjA0QUEzRkIxQUNBRkM2NDc4RUNCMzM4Q19tdF8xX3ZpZGVvX2Rhc2hpbml0Lm1wNBUAAsgBEgAVAhhAZmJfcGVybWFuZW50LzY2NEE4OTE2Q0Y0MEJGNEJGMTA3RjIxNjg4MDU1MUIwX2F1ZGlvX2Rhc2hpbml0Lm1wNBUCAsgBEgAoABgAGwKIB3VzZV9vaWwBMRJwcm9ncmVzc2l2ZV9yZWNpcGUBMRUAACaiuNb52OuqBRUCKAJDMywXQE5Kn752yLQYGWRhc2hfaDI2NC1iYXNpYy1nZW4yXzcyMHARAHUAZbaeAQA&_nc_gid=khJjYsN3aYzRid6_9VJbpQ&_nc_ss=7f289&_nc_zt=28&oh=00_AQDgNEwUOn2Ne4Gu4xFdGMOADxET99Q2Nxl0wJIJfwP5NA&oe=6A58BD89,https://scontent.fblr20-4.fna.fbcdn.net/v/t39.35426-6/731390838_3612082732292924_2844454778643434_n.jpg?_nc_cat=106&ccb=1-7&_nc_sid=c53f8f&_nc_ohc=AmkEQ4iyjBkQ7kNvwFfR1Io&_nc_oc=Adop2i2Qj6T5fUQSdPpo4Lxejl-3rujISrmFrzHH2bSAu-6YQApu-9MXUA5VoHXFrd8M5ZdUXShSQdcenvgPCp4b&_nc_zt=14&_nc_ht=scontent.fblr20-4.fna&_nc_gid=khJjYsN3aYzRid6_9VJbpQ&_nc_ss=7f289&oh=00_AQC1BxyrEavbX5Oy00XgPGNRyWaOLzRLMNQuep-JtKS3mg&oe=6A58C760,2026-07-16T11:16:25.000Z,2026-07-12,https://pub-893b4a6a607b4221a894bf861da7914e.r2.dev/1558750499203337.mp4
151,130,English Seekho,565574549966663,English Seekho App,,IN,989043553899179,https://www.facebook.com/ads/library/?id=989043553899179,2026-06-23,,false,false,1,0,,2026-06-23,,Fluent English bolne ka sirf ek raasta – Daily practice on English Seekho App. Start now!,English Communication strong karo aur confidence badhao,Install now,http://play.google.com/store/apps/details?id=com.bolo.android,"Facebook,Instagram,Audience Network,Messenger,Threads",Fluent English bolne ka sirf ek raasta – Daily practice on English Seekho App. Start now!,English Communication strong karo aur confidence badhao,Install now,http://play.google.com/store/apps/details?id=com.bolo.android,Video,"Facebook,Instagram,Audience Network,Messenger,Threads",1,0,9:16,https://video.fblr20-1.fna.fbcdn.net/o1/v/t2/f2/m366/AQPvxDFWxdDs042r3FDjHyQpXck76ksu_97RZX-FDBAxld3EkEGcoxiLwVeI2lwkKcLERZXqxh7VNGoBjIb3ezGnIjXufX7EaDisLDTNWHKNrA.mp4?_nc_cat=108&_nc_oc=Adq1eNjbDP7Umils9GDsThqqc1vFDS9O8Yo7hZcylBEWWTOrksJ531nbTlbnUAY_JWgnN4Ee2PYfdG5daWj77CJn&_nc_sid=b66105&_nc_ht=video.fblr20-1.fna.fbcdn.net&_nc_ohc=Qvf6KaO-81cQ7kNvwF14oZp&efg=eyJ2ZW5jb2RlX3RhZyI6Inhwdl9wcm9ncmVzc2l2ZS5WSV9VU0VDQVNFX1BST0RVQ1RfVFlQRS4uQzMuNzIwLmRhc2hfaDI2NC1iYXNpYy1nZW4yXzcyMHAiLCJ4cHZfYXNzZXRfaWQiOjk2NDU4MTM3OTQ1MjcwNiwiYXNzZXRfYWdlX2RheXMiOjc0LCJ2aV91c2VjYXNlX2lkIjoxMDEzOSwiZHVyYXRpb25fcyI6MTU2LCJ1cmxnZW5fc291cmNlIjoid3d3In0%3D&ccb=17-1&vs=75a980d1708d4aaa&_nc_vs=HBksFQIYRWZiX2VwaGVtZXJhbC9BQjQxQjJGRTgyOTRDQUZDQjRCRjE5MDlDNTU3REQ5NF9tdF8xX3ZpZGVvX2Rhc2hpbml0Lm1wNBUAAsgBEgAVAhhAZmJfcGVybWFuZW50LzM2NDQxNzYzRTBERDg2QUM1MDcwMkIxMjcwRTIxNjg0X2F1ZGlvX2Rhc2hpbml0Lm1wNBUCAsgBEgAoABgAGwKIB3VzZV9vaWwBMRJwcm9ncmVzc2l2ZV9yZWNpcGUBMRUAACbEvNWng9K2AxUCKAJDMywXQGOe6XjU_fQYGWRhc2hfaDI2NC1iYXNpYy1nZW4yXzcyMHARAHUAZbaeAQA&_nc_gid=khJjYsN3aYzRid6_9VJbpQ&_nc_ss=7f289&_nc_zt=28&oh=00_AQAg3NxTKqBK3Y1_1SSVpS4jDtyVtqUjn1l80QS6-LPafw&oe=6A58ACC8,https://scontent.fblr20-5.fna.fbcdn.net/v/t39.35426-6/689948199_2220968235372113_2213109388491542852_n.jpg?_nc_cat=107&ccb=1-7&_nc_sid=c53f8f&_nc_ohc=rrndP5s1HTAQ7kNvwG6iVDz&_nc_oc=Adqb5WK2qHjbJxLRxTTx7Zxhtt_5FD1PfMYXI53--6cAdcvuGlSIpRui6_WAn5b6DLn9TZmem_mA4CUVfSYjpHxm&_nc_zt=14&_nc_ht=scontent.fblr20-5.fna&_nc_gid=khJjYsN3aYzRid6_9VJbpQ&_nc_ss=7f289&oh=00_AQDHgZVOqPOrj_sqQvfbSyJ-1ugtFAZGrskbeIXvEriXHw&oe=6A58AE65,2026-07-16T10:04:56.000Z,2026-07-12,https://pub-893b4a6a607b4221a894bf861da7914e.r2.dev/989043553899179.mp4
152,131,English Seekho,565574549966663,English Seekho App,,IN,1058989673456910,https://www.facebook.com/ads/library/?id=1058989673456910,2026-06-23,,false,false,1,0,,2026-06-23,,Fluent English bolne ka sirf ek raasta – Daily practice on English Seekho App. Start now!,English Communication strong karo aur confidence badhao,Install now,http://play.google.com/store/apps/details?id=com.bolo.android,"Facebook,Instagram,Audience Network,Messenger,Threads",Fluent English bolne ka sirf ek raasta – Daily practice on English Seekho App. Start now!,English Communication strong karo aur confidence badhao,Install now,http://play.google.com/store/apps/details?id=com.bolo.android,Video,"Facebook,Instagram,Audience Network,Messenger,Threads",1,0,9:16,https://video.fblr20-2.fna.fbcdn.net/o1/v/t2/f2/m366/AQP13Pk2kuAa6MrQtGkhtxCFQU6MMhAOOidqBP6QKY7eyu0yYXBsFlQ9KSfaCduWL0jVWNeJAce67ZCgMTUxXJDy7HhH4u2mvXC_mzHsZQOIjA.mp4?_nc_cat=102&_nc_oc=Adq5m4zrGtyj0nzZGhv3JbPzGtrwOcDSkstW7K2gXgrs6gDj5cBTWFFqp4O2FWnps4CE9ZPOrUx54UXrLjsqf5eT&_nc_sid=b66105&_nc_ht=video.fblr20-2.fna.fbcdn.net&_nc_ohc=l6E-XYlHJbEQ7kNvwHkq-Ss&efg=eyJ2ZW5jb2RlX3RhZyI6Inhwdl9wcm9ncmVzc2l2ZS5WSV9VU0VDQVNFX1BST0RVQ1RfVFlQRS4uQzMuNzIwLmRhc2hfaDI2NC1iYXNpYy1nZW4yXzcyMHAiLCJ4cHZfYXNzZXRfaWQiOjExNDk1OTk4MDM5MjE4NzAsImFzc2V0X2FnZV9kYXlzIjo4OCwidmlfdXNlY2FzZV9pZCI6MTAxMzksImR1cmF0aW9uX3MiOjE4OCwidXJsZ2VuX3NvdXJjZSI6Ind3dyJ9&ccb=17-1&vs=c5689d476fe92676&_nc_vs=HBksFQIYRWZiX2VwaGVtZXJhbC9DNjQyMEUxMkJBQUVCMTIwQTUyQjNBOTJEMzY1N0M5NF9tdF8xX3ZpZGVvX2Rhc2hpbml0Lm1wNBUAAsgBEgAVAhhAZmJfcGVybWFuZW50LzI0NEI0MUE1OUE5QkNGQTk3NUQzQ0QyODdBODQ3RDg1X2F1ZGlvX2Rhc2hpbml0Lm1wNBUCAsgBEgAoABgAGwKIB3VzZV9vaWwBMRJwcm9ncmVzc2l2ZV9yZWNpcGUBMRUAACac15L_weOKBBUCKAJDMywXQGeWZmZmZmYYGWRhc2hfaDI2NC1iYXNpYy1nZW4yXzcyMHARAHUAZbaeAQA&_nc_gid=khJjYsN3aYzRid6_9VJbpQ&_nc_ss=7f289&_nc_zt=28&oh=00_AQDhWGa_b4qDPV1j54oK4ZjdsFFCnCZYy4ySQIRwLSsxqA&oe=6A58C7D2,https://scontent.fblr20-5.fna.fbcdn.net/v/t39.35426-6/672863405_934758359539053_3800123320270292792_n.jpg?_nc_cat=107&ccb=1-7&_nc_sid=c53f8f&_nc_ohc=n26wapEGi6cQ7kNvwEoHBlb&_nc_oc=AdqB4GrCAhwt7UshhvhyIh8ZVFW618me1W9ZTSI_nqnlo5aYAE65kgvypknbaPYkUCv0jRjT6DFB8jPIOr9jpH3W&_nc_zt=14&_nc_ht=scontent.fblr20-5.fna&_nc_gid=khJjYsN3aYzRid6_9VJbpQ&_nc_ss=7f289&oh=00_AQCvQcfBrVjJY-a6ZBul3K54CsDnnPu83csJ4eYOGpHghQ&oe=6A589FFE,2026-07-16T12:00:18.000Z,2026-07-12,https://pub-893b4a6a607b4221a894bf861da7914e.r2.dev/1058989673456910.mp4
153,132,English Seekho,565574549966663,English Seekho App,,IN,2491978981265778,https://www.facebook.com/ads/library/?id=2491978981265778,2026-06-23,,false,false,1,0,,2026-06-23,,Fluent English bolne ka sirf ek raasta – Daily practice on English Seekho App. Start now!,English Communication strong karo aur confidence badhao,Install now,http://play.google.com/store/apps/details?id=com.bolo.android,"Facebook,Instagram,Audience Network,Messenger,Threads",Fluent English bolne ka sirf ek raasta – Daily practice on English Seekho App. Start now!,English Communication strong karo aur confidence badhao,Install now,http://play.google.com/store/apps/details?id=com.bolo.android,Video,"Facebook,Instagram,Audience Network,Messenger,Threads",1,0,9:16,https://video.fblr20-2.fna.fbcdn.net/o1/v/t2/f2/m366/AQOkL7NDg7duHukWEnRpqD-skIDyirKfQkxu1ZwTOFYEnW-qFOxpnd_k5hfQRHSJcQ9bs2DOCXC7kgemiVA7pvVPYBUzcn4o2A8f4WV0I2VyVQ.mp4?_nc_cat=111&_nc_oc=AdqUnsMXonbOv8kbetkY92nPjwQ1BKzxg0NRzyqUt63cnMSwCR1lyV5b4kv9Y5tYP-iZxXeZx_b4zC_ICjW6e1fC&_nc_sid=b66105&_nc_ht=video.fblr20-2.fna.fbcdn.net&_nc_ohc=4GcPQoZu9-0Q7kNvwGXAgGq&efg=eyJ2ZW5jb2RlX3RhZyI6Inhwdl9wcm9ncmVzc2l2ZS5WSV9VU0VDQVNFX1BST0RVQ1RfVFlQRS4uQzMuNzIwLmRhc2hfaDI2NC1iYXNpYy1nZW4yXzcyMHAiLCJ4cHZfYXNzZXRfaWQiOjE0NTU1MDk3NzI5MjA4MTgsImFzc2V0X2FnZV9kYXlzIjoyNywidmlfdXNlY2FzZV9pZCI6MTAxMzksImR1cmF0aW9uX3MiOjEyOCwidXJsZ2VuX3NvdXJjZSI6Ind3dyJ9&ccb=17-1&vs=6137068b1f9f3545&_nc_vs=HBksFQIYRWZiX2VwaGVtZXJhbC84OTRBNkY4RDA2QzUzOEQyMUEwNjg2RDU5NUU2RDdBM19tdF8xX3ZpZGVvX2Rhc2hpbml0Lm1wNBUAAsgBEgAVAhhAZmJfcGVybWFuZW50L0JCNEUyMUY3NzJBMTEzQkEzNzdFNzIzMzQyODRBQzkzX2F1ZGlvX2Rhc2hpbml0Lm1wNBUCAsgBEgAoABgAGwKIB3VzZV9vaWwBMRJwcm9ncmVzc2l2ZV9yZWNpcGUBMRUAACbkn9vv6PGVBRUCKAJDMywXQGAdT987ZFoYGWRhc2hfaDI2NC1iYXNpYy1nZW4yXzcyMHARAHUAZbaeAQA&_nc_gid=khJjYsN3aYzRid6_9VJbpQ&_nc_ss=7f289&_nc_zt=28&oh=00_AQBjZXl-MouNYql3Ak2nO1uu9PGeLslBR-fsp0HpbiisgA&oe=6A58A115,https://scontent.fblr20-4.fna.fbcdn.net/v/t39.35426-6/725860611_1811644919799521_1007338927468944209_n.jpg?_nc_cat=106&ccb=1-7&_nc_sid=c53f8f&_nc_ohc=_XTsH_nY0CoQ7kNvwE8d-9I&_nc_oc=AdrctWj5GuV1IVblM-OIpZgTwy49Zk_y5s3V4itoBgIr-QUFPFJxSFFRlcsb6JeU4EemqxYsZLokOZX5TVFaHmdH&_nc_zt=14&_nc_ht=scontent.fblr20-4.fna&_nc_gid=khJjYsN3aYzRid6_9VJbpQ&_nc_ss=7f289&oh=00_AQCMFho1F_bDmTB5xVT8yMsjsxgKfSBxC1Jz3wwd44eEnA&oe=6A58A7AC,2026-07-16T09:15:01.000Z,2026-07-12,https://pub-893b4a6a607b4221a894bf861da7914e.r2.dev/2491978981265778.mp4
154,133,English Seekho,565574549966663,English Seekho App,,IN,986446764388478,https://www.facebook.com/ads/library/?id=986446764388478,2026-07-10,,false,false,1,0,,2026-07-10,,Fluent English bolne ka sirf ek raasta – Daily practice on English Seekho App. Start now!,English Communication strong karo aur confidence badhao,Install now,http://play.google.com/store/apps/details?id=com.bolo.android,"Facebook,Instagram,Audience Network,Messenger,Threads",Fluent English bolne ka sirf ek raasta – Daily practice on English Seekho App. Start now!,English Communication strong karo aur confidence badhao,Install now,http://play.google.com/store/apps/details?id=com.bolo.android,Video,"Facebook,Instagram,Audience Network,Messenger,Threads",1,0,9:16,https://video.fblr20-2.fna.fbcdn.net/o1/v/t2/f2/m366/AQOo2n8JTZWLiuiMZqFHO5UBDSYtB9jkAshDYhx2npAMAMIN8Hhsffu5IrsWzEdk6PktHBEidaMOXaB9e9OQU69CAxDkACyO0Mu1IlvT4Men8A.mp4?_nc_cat=111&_nc_oc=AdrX-YMnEFk00QrWaRwc6VFfdnMQA5hGD_uQGqRaCvv0TN4BTzrmXd1oisEUEnDGOuvKrn1Udu_m88n0OH91Sq8r&_nc_sid=b66105&_nc_ht=video.fblr20-2.fna.fbcdn.net&_nc_ohc=tLyFd0dReYEQ7kNvwG3WJnI&efg=eyJ2ZW5jb2RlX3RhZyI6Inhwdl9wcm9ncmVzc2l2ZS5WSV9VU0VDQVNFX1BST0RVQ1RfVFlQRS4uQzMuNzIwLmRhc2hfaDI2NC1iYXNpYy1nZW4yXzcyMHAiLCJ4cHZfYXNzZXRfaWQiOjI3MTMwOTcwMjY5OTM2OTc5LCJhc3NldF9hZ2VfZGF5cyI6MiwidmlfdXNlY2FzZV9pZCI6MTAxMzksImR1cmF0aW9uX3MiOjczLCJ1cmxnZW5fc291cmNlIjoid3d3In0%3D&ccb=17-1&vs=92d24a9f686c8364&_nc_vs=HBksFQIYRWZiX2VwaGVtZXJhbC84NjRERTY2NDY0RDA1OTdDMzVBQzc1ODgyNDI2Njc4Ml9tdF8xX3ZpZGVvX2Rhc2hpbml0Lm1wNBUAAsgBEgAVAhhAZmJfcGVybWFuZW50LzU0NEVFQzZBQUU1N0U2NkVBNkM3NjVCQjdCQkU2RTgxX2F1ZGlvX2Rhc2hpbml0Lm1wNBUCAsgBEgAoABgAGwKIB3VzZV9vaWwBMRJwcm9ncmVzc2l2ZV9yZWNpcGUBMRUAACamtc_VqN6xYBUCKAJDMywXQFI_S8an754YGWRhc2hfaDI2NC1iYXNpYy1nZW4yXzcyMHARAHUAZbaeAQA&_nc_gid=khJjYsN3aYzRid6_9VJbpQ&_nc_ss=7f289&_nc_zt=28&oh=00_AQBGDgYqSudx1HIle3crNv2EVaoLdXie0lI9Ftm--5O8hw&oe=6A58C7B1,https://scontent.fblr20-1.fna.fbcdn.net/v/t39.35426-6/741021786_28313135371625587_9064844190969933199_n.jpg?_nc_cat=108&ccb=1-7&_nc_sid=c53f8f&_nc_ohc=1OxHvTQBC7gQ7kNvwGAI0Xc&_nc_oc=AdrHdWjf90fBp6BwLloeOg7wkv6x3j5fdwLTSbzASd278Z1TyAdyI9kM7-7LXUvfjVu1lWcL3exoxACkHdWxKeeU&_nc_zt=14&_nc_ht=scontent.fblr20-1.fna&_nc_gid=khJjYsN3aYzRid6_9VJbpQ&_nc_ss=7f289&oh=00_AQCWwPLWyR8Gfj3xvj5HeixOZtJNqmR-anyvf8o8UnDZvg&oe=6A58C8C6,2026-07-16T11:59:45.000Z,2026-07-12,https://pub-893b4a6a607b4221a894bf861da7914e.r2.dev/986446764388478.mp4
155,134,English Seekho,565574549966663,English Seekho App,,IN,2674686452896226,https://www.facebook.com/ads/library/?id=2674686452896226,2026-01-22,,false,false,1,0,,2026-01-22,,Fluent English bolne ka sirf ek raasta – Daily practice on English Seekho App. Start now!,English Communication strong karo aur confidence badhao,Install now,http://play.google.com/store/apps/details?id=com.bolo.android,"Facebook,Instagram,Audience Network,Messenger,Threads",Fluent English bolne ka sirf ek raasta – Daily practice on English Seekho App. Start now!,English Communication strong karo aur confidence badhao,Install now,http://play.google.com/store/apps/details?id=com.bolo.android,Video,"Facebook,Instagram,Audience Network,Messenger,Threads",1,0,9:16,https://video.fblr20-4.fna.fbcdn.net/o1/v/t2/f2/m366/AQM8zqyuUKaMKQTtn5i1Fd7KmydYPZCAtlvN5DS1rhkLIrlhRzCZtyKfMEAJNvF5vFJOxQwoNsYCS0V_2gZYQk7gqIoF8OoDcaSRyDMMDs2x8A.mp4?_nc_cat=101&_nc_oc=AdpmDZJfY02M07KhEDwJRzQDqLE7MS1SovJEKtPLl9EKF3uYj0_PwBSOUDB4DyHgsJ_TQLueNqglm9PTxM4BEB1r&_nc_sid=b66105&_nc_ht=video.fblr20-4.fna.fbcdn.net&_nc_ohc=Eim9x2R8avEQ7kNvwG_g0hl&efg=eyJ2ZW5jb2RlX3RhZyI6Inhwdl9wcm9ncmVzc2l2ZS5WSV9VU0VDQVNFX1BST0RVQ1RfVFlQRS4uQzMuNzIwLmRhc2hfaDI2NC1iYXNpYy1nZW4yXzcyMHAiLCJ4cHZfYXNzZXRfaWQiOjE2Mjg2MjM2NzUxODA4NTUsImFzc2V0X2FnZV9kYXlzIjoyMTEsInZpX3VzZWNhc2VfaWQiOjEwMTM5LCJkdXJhdGlvbl9zIjo0NiwidXJsZ2VuX3NvdXJjZSI6Ind3dyJ9&ccb=17-1&vs=13f81e37b745a1c5&_nc_vs=HBksFQIYRWZiX2VwaGVtZXJhbC84OTRCMzE5MTM4RTY1NUQyQzQ2RkQxRTI4Q0IxRTVCNl9tdF8xX3ZpZGVvX2Rhc2hpbml0Lm1wNBUAAsgBEgAVAhhAZmJfcGVybWFuZW50L0Y3NEQ5QTQ2RjU4MTlDNTM2MzQ5NkFBQ0ZFNkQxNjlFX2F1ZGlvX2Rhc2hpbml0Lm1wNBUCAsgBEgAoABgAGwKIB3VzZV9vaWwBMRJwcm9ncmVzc2l2ZV9yZWNpcGUBMRUAACbunI76r87kBRUCKAJDMywXQEcMzMzMzM0YGWRhc2hfaDI2NC1iYXNpYy1nZW4yXzcyMHARAHUAZbaeAQA&_nc_gid=khJjYsN3aYzRid6_9VJbpQ&_nc_ss=7f289&_nc_zt=28&oh=00_AQBzU23g0XJ93B9Nxd46q1xz1umAm6afVr6Vzra6j1zwMA&oe=6A58B053,https://scontent.fblr20-4.fna.fbcdn.net/v/t39.35426-6/617061110_909267391623670_3420899598108550776_n.jpg?_nc_cat=101&ccb=1-7&_nc_sid=c53f8f&_nc_ohc=INynJgs1ORkQ7kNvwGizslK&_nc_oc=AdqobCZBmgiAOyAFV_qzk8vvrz4Q68J3XVCDUbxwOE5bVS8QXR25LpTA6wEBBC3ISpKtzY_cKk7gU1qc0wJowc6i&_nc_zt=14&_nc_ht=scontent.fblr20-4.fna&_nc_gid=khJjYsN3aYzRid6_9VJbpQ&_nc_ss=7f289&oh=00_AQCZtp96-xRemKPt1bFBTIQ8FJuhP3UzsmdGhjQ0alATRQ&oe=6A58B39C,2026-07-16T10:20:03.000Z,2026-07-12,https://pub-893b4a6a607b4221a894bf861da7914e.r2.dev/2674686452896226.mp4
156,135,English Seekho,565574549966663,English Seekho App,,IN,1266084588784941,https://www.facebook.com/ads/library/?id=1266084588784941,2026-07-10,,false,false,1,0,,2026-07-10,,Fluent English bolne ka sirf ek raasta – Daily practice on English Seekho App. Start now!,English Communication strong karo aur confidence badhao,Install now,http://play.google.com/store/apps/details?id=com.bolo.android,"Facebook,Instagram,Audience Network,Messenger,Threads",Fluent English bolne ka sirf ek raasta – Daily practice on English Seekho App. Start now!,English Communication strong karo aur confidence badhao,Install now,http://play.google.com/store/apps/details?id=com.bolo.android,Video,"Facebook,Instagram,Audience Network,Messenger,Threads",1,0,9:16,https://video.fblr20-4.fna.fbcdn.net/o1/v/t2/f2/m366/AQOYOqopM21zdpcTFoedFaQTXQUlaRqQTwpjTDMOS_KzAz6anMaBsA4ALh_P1FnELrk2q2WKPK11VIIK7pb91uHdB2fpd0FGSJ_leqQz9Lu07Q.mp4?_nc_cat=103&_nc_oc=Adqb8DGaHkNdjKmYBh0VJitPKeV4RyY5q3Q_He5h261pCradY6xua0jjLIatIC4QuwHqJ5LGM_egTMg6MEpm-leu&_nc_sid=b66105&_nc_ht=video.fblr20-4.fna.fbcdn.net&_nc_ohc=jC0FWvqBPxwQ7kNvwFD4vqX&efg=eyJ2ZW5jb2RlX3RhZyI6Inhwdl9wcm9ncmVzc2l2ZS5WSV9VU0VDQVNFX1BST0RVQ1RfVFlQRS4uQzMuNzIwLmRhc2hfaDI2NC1iYXNpYy1nZW4yXzcyMHAiLCJ4cHZfYXNzZXRfaWQiOjE3MTEwNTkxNjAyMDIxMzQsImFzc2V0X2FnZV9kYXlzIjoyLCJ2aV91c2VjYXNlX2lkIjoxMDEzOSwiZHVyYXRpb25fcyI6OTIsInVybGdlbl9zb3VyY2UiOiJ3d3cifQ%3D%3D&ccb=17-1&vs=b193f47045e556a5&_nc_vs=HBksFQIYRWZiX2VwaGVtZXJhbC85MDRCMDY4MzNFQTdGRjU3OEQ1OTBEOEE2QTNGRkI4Rl9tdF8xX3ZpZGVvX2Rhc2hpbml0Lm1wNBUAAsgBEgAVAhhAZmJfcGVybWFuZW50L0MwNDA2QjQ0RTY4NEVGRUQzMUI4NkFFMjkwRDE0MEEwX2F1ZGlvX2Rhc2hpbml0Lm1wNBUCAsgBEgAoABgAGwKIB3VzZV9vaWwBMRJwcm9ncmVzc2l2ZV9yZWNpcGUBMRUAACas7veW4IyKBhUCKAJDMywXQFcwo9cKPXEYGWRhc2hfaDI2NC1iYXNpYy1nZW4yXzcyMHARAHUAZbaeAQA&_nc_gid=khJjYsN3aYzRid6_9VJbpQ&_nc_ss=7f289&_nc_zt=28&oh=00_AQDlzZ8gVZDcOCMMWB9vDHEifqOy4qn37FjpiklCNajhXw&oe=6A58ACB5,https://scontent.fblr20-1.fna.fbcdn.net/v/t39.35426-6/742338835_1040037101798992_8769996810547574929_n.jpg?_nc_cat=110&ccb=1-7&_nc_sid=c53f8f&_nc_ohc=tapcYqGeKKcQ7kNvwGXJO9O&_nc_oc=AdpSpvTxORF4o5Mm5FFw55iAPwFziKDlLtjdwrCulxLnTx6K1hAzf43DiXUiV0m714wBgMdYYvgWSH-iXJrdwMUt&_nc_zt=14&_nc_ht=scontent.fblr20-1.fna&_nc_gid=khJjYsN3aYzRid6_9VJbpQ&_nc_ss=7f289&oh=00_AQDQySod4Dwbq2LWwsXdTHP8MxOve3PbofbyqWYCwFBAog&oe=6A58B384,2026-07-16T10:04:37.000Z,2026-07-12,https://pub-893b4a6a607b4221a894bf861da7914e.r2.dev/1266084588784941.mp4
157,136,English Seekho,565574549966663,English Seekho App,,IN,1497241481662186,https://www.facebook.com/ads/library/?id=1497241481662186,2026-07-03,,false,false,1,0,,2026-07-03,,Fluent English bolne ka sirf ek raasta – Daily practice on English Seekho App. Start now!,English Communication strong karo aur confidence badhao,Install now,http://play.google.com/store/apps/details?id=com.bolo.android,"Facebook,Instagram,Audience Network,Messenger,Threads",Fluent English bolne ka sirf ek raasta – Daily practice on English Seekho App. Start now!,English Communication strong karo aur confidence badhao,Install now,http://play.google.com/store/apps/details?id=com.bolo.android,Video,"Facebook,Instagram,Audience Network,Messenger,Threads",1,0,9:16,https://video.fblr20-1.fna.fbcdn.net/o1/v/t2/f2/m366/AQOIGoYUowvoQwsFfxRYD_ZOHdtDH5FS3R5T23Zu1044_pLJjP1tMtzaATJuvcmEWO7OimmWmOGiAnlAT4xZ5E62RGG-AKgc21miGCgtzBpalw.mp4?_nc_cat=110&_nc_oc=AdrPUnWI3tC9900RhdWupkH-k8NNUvZ6drzudBbEm2DfQC92yxAC5HQ9sIPaTFSznI4wJZHlWNDgM5I1Sc7PYTGy&_nc_sid=b66105&_nc_ht=video.fblr20-1.fna.fbcdn.net&_nc_ohc=5ZqKvOzd_GsQ7kNvwGvbKrs&efg=eyJ2ZW5jb2RlX3RhZyI6Inhwdl9wcm9ncmVzc2l2ZS5WSV9VU0VDQVNFX1BST0RVQ1RfVFlQRS4uQzMuNzIwLmRhc2hfaDI2NC1iYXNpYy1nZW4yXzcyMHAiLCJ4cHZfYXNzZXRfaWQiOjEwMDQyNDM1MDIzNjQxNzUsImFzc2V0X2FnZV9kYXlzIjoxMSwidmlfdXNlY2FzZV9pZCI6MTAxMzksImR1cmF0aW9uX3MiOjY5LCJ1cmxnZW5fc291cmNlIjoid3d3In0%3D&ccb=17-1&vs=92768602322eb0fb&_nc_vs=HBksFQIYRWZiX2VwaGVtZXJhbC8wODRBQUZEOTE5RkIyNjUzMDY4MzM2NjE2ODM3NEZCMl9tdF8xX3ZpZGVvX2Rhc2hpbml0Lm1wNBUAAsgBEgAVAhhAZmJfcGVybWFuZW50L0NGNDBGMTEzNENEQ0E4NjQ2NUExQ0U4QThFRDhGNUExX2F1ZGlvX2Rhc2hpbml0Lm1wNBUCAsgBEgAoABgAGwKIB3VzZV9vaWwBMRJwcm9ncmVzc2l2ZV9yZWNpcGUBMRUAACae2M-T1dbIAxUCKAJDMywXQFFzZFocrAgYGWRhc2hfaDI2NC1iYXNpYy1nZW4yXzcyMHARAHUAZbaeAQA&_nc_gid=iLrHjYkeqJzJ8LgUGMDdgg&_nc_ss=7f289&_nc_zt=28&oh=00_AQDKp2Eo60u7fD97VjbNmuNtX78g9CKf-Tsnh2IuC-R2cA&oe=6A58AB56,https://scontent.fblr20-4.fna.fbcdn.net/v/t39.35426-6/737819360_1005036172238493_5631741241287661312_n.jpg?_nc_cat=103&ccb=1-7&_nc_sid=c53f8f&_nc_ohc=YWU3C00bm5kQ7kNvwHQndFL&_nc_oc=Ado8q26MNcylqN2igLO46L-fwCo2XXkfTkuwCe4pbgTG9XeX2PPbVpLLwlZB03yZk5NPxnBl95TNcPgFRp_Ona_y&_nc_zt=14&_nc_ht=scontent.fblr20-4.fna&_nc_gid=iLrHjYkeqJzJ8LgUGMDdgg&_nc_ss=7f289&oh=00_AQBOOA4sIEYJCnCuAvz996EsTtojjfFc3RBpXNq4tHD1wg&oe=6A58B94E,2026-07-16T09:58:46.000Z,2026-07-12,https://pub-893b4a6a607b4221a894bf861da7914e.r2.dev/1497241481662186.mp4
158,137,English Seekho,565574549966663,English Seekho App,,IN,1032793555915493,https://www.facebook.com/ads/library/?id=1032793555915493,2026-07-04,,false,false,1,0,,2026-07-04,,Fluent English bolne ka sirf ek raasta – Daily practice on English Seekho App. Start now!,English Communication strong karo aur confidence badhao,Install now,http://play.google.com/store/apps/details?id=com.bolo.android,"Facebook,Instagram,Audience Network,Messenger,Threads",Fluent English bolne ka sirf ek raasta – Daily practice on English Seekho App. Start now!,English Communication strong karo aur confidence badhao,Install now,http://play.google.com/store/apps/details?id=com.bolo.android,Video,"Facebook,Instagram,Audience Network,Messenger,Threads",1,0,9:16,https://video.fblr20-1.fna.fbcdn.net/o1/v/t2/f2/m366/AQO_ZnTvpHF4sLOEUO6pFmdJfIN8al_U9TiEfqUu7L69h4zVyauB1sSY3xVvghVUXwa-4Yr79unQJrMchViOt9SspJud3SZHOG4_adxgRTwIrQ.mp4?_nc_cat=110&_nc_oc=AdqhcsIwSJ-bDePMzo9vF0OYMoazVmVz1JezmmI7_fg5gRS4l_zrNrutNGooIEQkfjIyVpjUNyJ-ua-8p2R0316U&_nc_sid=b66105&_nc_ht=video.fblr20-1.fna.fbcdn.net&_nc_ohc=cesH1qrmnK8Q7kNvwHTX7S3&efg=eyJ2ZW5jb2RlX3RhZyI6Inhwdl9wcm9ncmVzc2l2ZS5WSV9VU0VDQVNFX1BST0RVQ1RfVFlQRS4uQzMuNzIwLmRhc2hfaDI2NC1iYXNpYy1nZW4yXzcyMHAiLCJ4cHZfYXNzZXRfaWQiOjEwMTk2NjA5NjM4ODMyNjMsImFzc2V0X2FnZV9kYXlzIjoxMCwidmlfdXNlY2FzZV9pZCI6MTAxMzksImR1cmF0aW9uX3MiOjYzLCJ1cmxnZW5fc291cmNlIjoid3d3In0%3D&ccb=17-1&vs=888ae226c98581d&_nc_vs=HBksFQIYRWZiX2VwaGVtZXJhbC8zMTQ3NEI4NjBEOTM3MkI1MEY1REM4NTQwMEYwRDJCQV9tdF8xX3ZpZGVvX2Rhc2hpbml0Lm1wNBUAAsgBEgAVAhhAZmJfcGVybWFuZW50LzRGNEY0MzI0MjBCOTcyNERDNjM4NENCMUFGQzlFMjlCX2F1ZGlvX2Rhc2hpbml0Lm1wNBUCAsgBEgAoABgAGwKIB3VzZV9vaWwBMRJwcm9ncmVzc2l2ZV9yZWNpcGUBMRUAACb-o9mYitjPAxUCKAJDMywXQE_qn752yLQYGWRhc2hfaDI2NC1iYXNpYy1nZW4yXzcyMHARAHUAZbaeAQA&_nc_gid=iLrHjYkeqJzJ8LgUGMDdgg&_nc_ss=7f289&_nc_zt=28&oh=00_AQDIpvFGYSpGXxz3ZikHmh9xI_6Cy5cic_7R8bnzkFSW2w&oe=6A58A00E,https://scontent.fblr20-2.fna.fbcdn.net/v/t39.35426-6/738691643_1001092652547303_7129602492965332798_n.jpg?_nc_cat=104&ccb=1-7&_nc_sid=c53f8f&_nc_ohc=3ZcgQv3_3DMQ7kNvwH4zSv5&_nc_oc=AdoMrdpWfSowURq0VS03Jxvzdy0LLTBx9_Ph0Db73TlexWG1KB-cYxpDMakik1U1nfxLZaonxXquRXKbUQYaj5Hh&_nc_zt=14&_nc_ht=scontent.fblr20-2.fna&_nc_gid=iLrHjYkeqJzJ8LgUGMDdgg&_nc_ss=7f289&oh=00_AQC-vKLx-EbG4ZPJBblVdAsv7wK9kqxgqczDcJK557SgJQ&oe=6A58B9DC,2026-07-16T09:10:38.000Z,2026-07-12,https://pub-893b4a6a607b4221a894bf861da7914e.r2.dev/1032793555915493.mp4
159,138,English Seekho,565574549966663,English Seekho App,,IN,1360454026018817,https://www.facebook.com/ads/library/?id=1360454026018817,2026-07-09,,false,false,1,0,,2026-07-09,,Fluent English bolne ka sirf ek raasta – Daily practice on English Seekho App. Start now!,English Communication strong karo aur confidence badhao,Install now,http://play.google.com/store/apps/details?id=com.bolo.android,"Facebook,Instagram,Audience Network,Messenger,Threads",Fluent English bolne ka sirf ek raasta – Daily practice on English Seekho App. Start now!,English Communication strong karo aur confidence badhao,Install now,http://play.google.com/store/apps/details?id=com.bolo.android,Video,"Facebook,Instagram,Audience Network,Messenger,Threads",1,0,9:16,https://video.fblr20-2.fna.fbcdn.net/o1/v/t2/f2/m366/AQOA7BKRhcQ4GI1jBFoqGYwuf48ovxMg_EEmPJrWJKOiisnsyJzmllWoAwfIhqRTJAqoGYE1cWDtIuKHF8Q-OeT9RYHPXOAo57wW6NdpKxbKOw.mp4?_nc_cat=102&_nc_oc=AdoKvjW4F9Eega9i_65mxa1SQHEbchStuFPaKxsgp0kmcBv4BrRz4hA7AvW677kr1XAskMjD0r72Gkr7R6PF9fjX&_nc_sid=b66105&_nc_ht=video.fblr20-2.fna.fbcdn.net&_nc_ohc=SK06U7Xt3YsQ7kNvwFp4UuL&efg=eyJ2ZW5jb2RlX3RhZyI6Inhwdl9wcm9ncmVzc2l2ZS5WSV9VU0VDQVNFX1BST0RVQ1RfVFlQRS4uQzMuNzIwLmRhc2hfaDI2NC1iYXNpYy1nZW4yXzcyMHAiLCJ4cHZfYXNzZXRfaWQiOjI0ODcwMDY0NjUxMzk5MTYsImFzc2V0X2FnZV9kYXlzIjoxMywidmlfdXNlY2FzZV9pZCI6MTAxMzksImR1cmF0aW9uX3MiOjYwLCJ1cmxnZW5fc291cmNlIjoid3d3In0%3D&ccb=17-1&vs=2a580486dfbbe3f6&_nc_vs=HBksFQIYRWZiX2VwaGVtZXJhbC8xNDQ1NEM2MjZCNkVFMjIyMDJGOEFENjY2QzAwNUE4NF9tdF8xX3ZpZGVvX2Rhc2hpbml0Lm1wNBUAAsgBEgAVAhhAZmJfcGVybWFuZW50L0UzNDJDOTYwNDcxNjQyMjgzRjg0REFEQTUwMDU2OTg4X2F1ZGlvX2Rhc2hpbml0Lm1wNBUCAsgBEgAoABgAGwKIB3VzZV9vaWwBMRJwcm9ncmVzc2l2ZV9yZWNpcGUBMRUAACaYk8WO6vrqCBUCKAJDMywXQE5UeuFHrhQYGWRhc2hfaDI2NC1iYXNpYy1nZW4yXzcyMHARAHUAZbaeAQA&_nc_gid=iLrHjYkeqJzJ8LgUGMDdgg&_nc_ss=7f289&_nc_zt=28&oh=00_AQAC5laOsywpJjLAiGvlKvAiSZLIt3d7EuCxnC67ahTRPg&oe=6A58C442,https://scontent.fblr20-2.fna.fbcdn.net/v/t39.35426-6/744108931_980391508156334_2989344355210028320_n.jpg?_nc_cat=111&ccb=1-7&_nc_sid=c53f8f&_nc_ohc=TZUZF4xqkMgQ7kNvwF8ASN_&_nc_oc=AdpdANX1JbY6xlNM9BW-jwYHBTnwv9zd495K5GiNVWS1pjGl-WlYqkYHXV_BUgCYCb9USrNN61eQ_viLQIAdnEwV&_nc_zt=14&_nc_ht=scontent.fblr20-2.fna&_nc_gid=iLrHjYkeqJzJ8LgUGMDdgg&_nc_ss=7f289&oh=00_AQAPjVtXtjh2Reb2kp_C6MfMLgCqqZXCqXcL8UwUgz5U4g&oe=6A58D031,2026-07-16T11:45:06.000Z,2026-07-12,https://pub-893b4a6a607b4221a894bf861da7914e.r2.dev/1360454026018817.mp4
160,139,English Seekho,565574549966663,English Seekho App,,IN,1035003315652107,https://www.facebook.com/ads/library/?id=1035003315652107,2026-07-10,,false,false,1,0,,2026-07-10,,Fluent English bolne ka sirf ek raasta – Daily practice on English Seekho App. Start now!,English Communication strong karo aur confidence badhao,Install now,http://play.google.com/store/apps/details?id=com.bolo.android,"Facebook,Instagram,Audience Network,Messenger,Threads",Fluent English bolne ka sirf ek raasta – Daily practice on English Seekho App. Start now!,English Communication strong karo aur confidence badhao,Install now,http://play.google.com/store/apps/details?id=com.bolo.android,Video,"Facebook,Instagram,Audience Network,Messenger,Threads",1,0,9:16,https://video.fblr20-2.fna.fbcdn.net/o1/v/t2/f2/m366/AQOybN9dXlv-8kcmX78HrIvefm0SYidJzrWNImNEyItlDlefkV7-pw_5ft_ifP3SHlT6FWCfm-OjsalB7cd6dfPCAwyIZNmkI5b5GAz2tUbU3A.mp4?_nc_cat=111&_nc_oc=AdrP0kAe9XEuIoVU16ZJxcbU5B2u8RMBY0OlzHfVjgjVww1MvoQc275AJr6bHClx7WkfCgMfppPq8w3Ir4JQIP0g&_nc_sid=b66105&_nc_ht=video.fblr20-2.fna.fbcdn.net&_nc_ohc=q_aRownlTwUQ7kNvwEUtxu8&efg=eyJ2ZW5jb2RlX3RhZyI6Inhwdl9wcm9ncmVzc2l2ZS5WSV9VU0VDQVNFX1BST0RVQ1RfVFlQRS4uQzMuNzIwLmRhc2hfaDI2NC1iYXNpYy1nZW4yXzcyMHAiLCJ4cHZfYXNzZXRfaWQiOjEzOTEzMDU2MDI5MDQzMTgsImFzc2V0X2FnZV9kYXlzIjoyLCJ2aV91c2VjYXNlX2lkIjoxMDEzOSwiZHVyYXRpb25fcyI6MzgsInVybGdlbl9zb3VyY2UiOiJ3d3cifQ%3D%3D&ccb=17-1&vs=57d8b90a355688ac&_nc_vs=HBksFQIYRWZiX2VwaGVtZXJhbC80RTQ1MUIyM0I1QzBERjMxRjU4NDRFMkI1RDQ0NTQ4N19tdF8xX3ZpZGVvX2Rhc2hpbml0Lm1wNBUAAsgBEgAVAhhAZmJfcGVybWFuZW50LzhBNDRFODIyNkM4NzQyNkE0RDFBNzVCMDVEOTM4NjkxX2F1ZGlvX2Rhc2hpbml0Lm1wNBUCAsgBEgAoABgAGwKIB3VzZV9vaWwBMRJwcm9ncmVzc2l2ZV9yZWNpcGUBMRUAACb8w-HD0tj4BBUCKAJDMywXQEMEOVgQYk4YGWRhc2hfaDI2NC1iYXNpYy1nZW4yXzcyMHARAHUAZbaeAQA&_nc_gid=iLrHjYkeqJzJ8LgUGMDdgg&_nc_ss=7f289&_nc_zt=28&oh=00_AQC6RtRMKOMSaXqsuRaQws8yQpqlwuDo68UO0ueIfdpQmQ&oe=6A58BFC1,https://scontent.fblr20-3.fna.fbcdn.net/v/t39.35426-6/740917636_1646904913067150_7506774186245275956_n.jpg?_nc_cat=105&ccb=1-7&_nc_sid=c53f8f&_nc_ohc=p_a6KOhQ3YwQ7kNvwG8pYPj&_nc_oc=AdrUJrLoGjBgttMdJmAJRHStig4KNDlQkwo2HT_0CBo2gmPHptFvjI55cqOU936N6hyXbRTGgfyxNE2Hcf7V7p7q&_nc_zt=14&_nc_ht=scontent.fblr20-3.fna&_nc_gid=iLrHjYkeqJzJ8LgUGMDdgg&_nc_ss=7f289&oh=00_AQCdpBhw3--rZ8skAZGqAAxxvndJxUC3yvUaxoDUgxUBkA&oe=6A58A64D,2026-07-16T11:25:53.000Z,2026-07-12,https://pub-893b4a6a607b4221a894bf861da7914e.r2.dev/1035003315652107.mp4
161,140,English Seekho,565574549966663,English Seekho App,,IN,2257504285079453,https://www.facebook.com/ads/library/?id=2257504285079453,2026-07-10,,false,false,1,0,,2026-07-10,,Fluent English bolne ka sirf ek raasta – Daily practice on English Seekho App. Start now!,English Communication strong karo aur confidence badhao,Install now,http://play.google.com/store/apps/details?id=com.bolo.android,"Facebook,Instagram,Audience Network,Messenger,Threads",Fluent English bolne ka sirf ek raasta – Daily practice on English Seekho App. Start now!,English Communication strong karo aur confidence badhao,Install now,http://play.google.com/store/apps/details?id=com.bolo.android,Video,"Facebook,Instagram,Audience Network,Messenger,Threads",1,0,9:16,https://video.fblr20-3.fna.fbcdn.net/o1/v/t2/f2/m366/AQNK2R57oUM_sHm0q1VOO0P3AFP876VyP0KmHfW2eIkjk9rNB0FZ2RyF43EsETLFD2j5MgXub00CPVkQSpWF25kIZt_728Z8KG4tHps48YjH8A.mp4?_nc_cat=109&_nc_oc=AdrLlmR7YIkQ3xnNeE_a_RBbJGj6ruyTUKgy0lCiBm1LvSYhJFHOMyVTIXNaOhgCdb7HjecrQhNYWaRqKrT4srQL&_nc_sid=b66105&_nc_ht=video.fblr20-3.fna.fbcdn.net&_nc_ohc=F7n08l608-AQ7kNvwHyv4Lg&efg=eyJ2ZW5jb2RlX3RhZyI6Inhwdl9wcm9ncmVzc2l2ZS5WSV9VU0VDQVNFX1BST0RVQ1RfVFlQRS4uQzMuNzIwLmRhc2hfaDI2NC1iYXNpYy1nZW4yXzcyMHAiLCJ4cHZfYXNzZXRfaWQiOjEwNDU3MDA1ODgxNTE0NDYsImFzc2V0X2FnZV9kYXlzIjoyLCJ2aV91c2VjYXNlX2lkIjoxMDEzOSwiZHVyYXRpb25fcyI6NTIsInVybGdlbl9zb3VyY2UiOiJ3d3cifQ%3D%3D&ccb=17-1&vs=af39fef26a4a4afb&_nc_vs=HBksFQIYRWZiX2VwaGVtZXJhbC83NDRDRERCNDhBRTk4RjYxN0Y5RkQwQUJEMzA4QkZBMF9tdF8xX3ZpZGVvX2Rhc2hpbml0Lm1wNBUAAsgBEgAVAhhAZmJfcGVybWFuZW50LzFDNDc5NDhBNzcyRUYzQTUyOUQ0MjgzMTc1QjAxN0IyX2F1ZGlvX2Rhc2hpbml0Lm1wNBUCAsgBEgAoABgAGwKIB3VzZV9vaWwBMRJwcm9ncmVzc2l2ZV9yZWNpcGUBMRUAACasisnB5MPbAxUCKAJDMywXQEpqn752yLQYGWRhc2hfaDI2NC1iYXNpYy1nZW4yXzcyMHARAHUAZbaeAQA&_nc_gid=iLrHjYkeqJzJ8LgUGMDdgg&_nc_ss=7f289&_nc_zt=28&oh=00_AQC4sY8mRx5ksal-9Y06XIsdbuJIY4vZ5kJHttfkb5U-iw&oe=6A58A4C3,https://scontent.fblr20-3.fna.fbcdn.net/v/t39.35426-6/743294729_2227421840995408_8191090499508150369_n.jpg?_nc_cat=105&ccb=1-7&_nc_sid=c53f8f&_nc_ohc=v25fSFGjxqwQ7kNvwGs3wzZ&_nc_oc=AdoXrypWkLkLpDjGUGo1PgKfEWvnIcBGo4CIrnQhgWx7n8UMGbSoXdGNFmMslXW_M-RBvJw1PPPXHMuuvW-B00Uh&_nc_zt=14&_nc_ht=scontent.fblr20-3.fna&_nc_gid=iLrHjYkeqJzJ8LgUGMDdgg&_nc_ss=7f289&oh=00_AQB7b8YAHZG5Co0eelpHj9mfDV8PpLX3lxmoYOQ-iN1OWQ&oe=6A58BB50,2026-07-16T09:30:43.000Z,2026-07-12,https://pub-893b4a6a607b4221a894bf861da7914e.r2.dev/2257504285079453.mp4
162,141,English Seekho,565574549966663,English Seekho App,,IN,2030280791029193,https://www.facebook.com/ads/library/?id=2030280791029193,2026-07-09,,false,false,1,0,,2026-07-09,,Fluent English bolne ka sirf ek raasta – Daily practice on English Seekho App. Start now!,English Communication strong karo aur confidence badhao,Install now,http://play.google.com/store/apps/details?id=com.bolo.android,"Facebook,Instagram,Audience Network,Messenger,Threads",Fluent English bolne ka sirf ek raasta – Daily practice on English Seekho App. Start now!,English Communication strong karo aur confidence badhao,Install now,http://play.google.com/store/apps/details?id=com.bolo.android,Video,"Facebook,Instagram,Audience Network,Messenger,Threads",1,0,9:16,https://video.fblr20-2.fna.fbcdn.net/o1/v/t2/f2/m366/AQP4zFMfVYIpkqf1N32sPQzSduWi_f67PxGAZArTjEs06wKAfcEE39atgdwluwi6lsgmTAoVdbyQGPxMVXP0Fx-XQrjClnyqvsBhKkJCVnAcCQ.mp4?_nc_cat=104&_nc_oc=AdpRwlggVEBFuGoHxfm5twSbh9mD6q8Uhqxst3gG5PSP8G41nH_ytkhWa_ROMDRpvP7TXrqVQBYgBE803WnTpvt1&_nc_sid=b66105&_nc_ht=video.fblr20-2.fna.fbcdn.net&_nc_ohc=xw5mTdJqNcEQ7kNvwH5CdGt&efg=eyJ2ZW5jb2RlX3RhZyI6Inhwdl9wcm9ncmVzc2l2ZS5WSV9VU0VDQVNFX1BST0RVQ1RfVFlQRS4uQzMuNzIwLmRhc2hfaDI2NC1iYXNpYy1nZW4yXzcyMHAiLCJ4cHZfYXNzZXRfaWQiOjQ2MDE0MjMyMjAxMjY5NzAsImFzc2V0X2FnZV9kYXlzIjozOSwidmlfdXNlY2FzZV9pZCI6MTAxMzksImR1cmF0aW9uX3MiOjg1LCJ1cmxnZW5fc291cmNlIjoid3d3In0%3D&ccb=17-1&vs=4d56e412ed184a70&_nc_vs=HBksFQIYRWZiX2VwaGVtZXJhbC9FRDQ2OUNGNEVFNDBEQkNDMkQ4Q0VENDY5MkZENDFBRV9tdF8xX3ZpZGVvX2Rhc2hpbml0Lm1wNBUAAsgBEgAVAhhAZmJfcGVybWFuZW50LzE0NDgzRjJGNEMzQkU4NEZCQUE2NjVBNjlFOEY0MEI1X2F1ZGlvX2Rhc2hpbml0Lm1wNBUCAsgBEgAoABgAGwKIB3VzZV9vaWwBMRJwcm9ncmVzc2l2ZV9yZWNpcGUBMRUAACb00_nHir6sEBUCKAJDMywXQFV9T987ZFoYGWRhc2hfaDI2NC1iYXNpYy1nZW4yXzcyMHARAHUAZbaeAQA&_nc_gid=iLrHjYkeqJzJ8LgUGMDdgg&_nc_ss=7f289&_nc_zt=28&oh=00_AQDZLMOKhzn_I9DAXVJYBp8ioRaR8laOtVm5AtRdW15knw&oe=6A58BC48,https://scontent.fblr20-2.fna.fbcdn.net/v/t39.35426-6/739214566_1340683424246449_8957437353044348154_n.jpg?_nc_cat=104&ccb=1-7&_nc_sid=c53f8f&_nc_ohc=6blZ4NrKUK0Q7kNvwHJRlOB&_nc_oc=AdpfIG8BXNLOldMVxebLCW6covBkxZgPObcJ69KC_e-BHYvzM8BvMdU7hYJEuMoBBpSOGSX10i1AcvAGbB-QtR6E&_nc_zt=14&_nc_ht=scontent.fblr20-2.fna&_nc_gid=iLrHjYkeqJzJ8LgUGMDdgg&_nc_ss=7f289&oh=00_AQBUFtllkZj7ngZX6z2WMnkzjLbkadQ3ypqLQ1K1hDhcFQ&oe=6A58C81E,2026-07-16T11:11:04.000Z,2026-07-12,https://pub-893b4a6a607b4221a894bf861da7914e.r2.dev/2030280791029193.mp4
163,142,English Seekho,565574549966663,English Seekho App,,IN,1501154984318432,https://www.facebook.com/ads/library/?id=1501154984318432,2026-01-22,,false,false,1,0,,2026-01-22,,Fluent English bolne ka sirf ek raasta – Daily practice on English Seekho App. Start now!,English Communication strong karo aur confidence badhao,Install now,http://play.google.com/store/apps/details?id=com.bolo.android,"Facebook,Instagram,Audience Network,Messenger,Threads",Fluent English bolne ka sirf ek raasta – Daily practice on English Seekho App. Start now!,English Communication strong karo aur confidence badhao,Install now,http://play.google.com/store/apps/details?id=com.bolo.android,Video,"Facebook,Instagram,Audience Network,Messenger,Threads",1,0,9:16,https://video.fblr20-3.fna.fbcdn.net/o1/v/t2/f2/m366/AQN3i3r4SLQIP1PZNvfqcWsEB1DlieSQM8cd8qbsNnI_ZJ0HnUHPeKqNPoXulSj_G7h5haJrJ9uiOZfX-3eTw4mipsxlNwMLidujv9rZa26zvQ.mp4?_nc_cat=109&_nc_oc=Adpj58RlEBJH3QCXaheu7DdKQaxOYVKbbjvdUbbiRi02wxZEOp7y4xPkgBz1jBlvHGgkpq9tfsm0_qxlVodULpLi&_nc_sid=b66105&_nc_ht=video.fblr20-3.fna.fbcdn.net&_nc_ohc=-Yf7s7A8WucQ7kNvwEzjQ6F&efg=eyJ2ZW5jb2RlX3RhZyI6Inhwdl9wcm9ncmVzc2l2ZS5WSV9VU0VDQVNFX1BST0RVQ1RfVFlQRS4uQzMuNzIwLmRhc2hfaDI2NC1iYXNpYy1nZW4yXzcyMHAiLCJ4cHZfYXNzZXRfaWQiOjQyMDMzNTkzMDk5Nzk5NDIsImFzc2V0X2FnZV9kYXlzIjoyMTgsInZpX3VzZWNhc2VfaWQiOjEwMTM5LCJkdXJhdGlvbl9zIjo1NywidXJsZ2VuX3NvdXJjZSI6Ind3dyJ9&ccb=17-1&vs=6be5a70f4689b8e8&_nc_vs=HBksFQIYRWZiX2VwaGVtZXJhbC83ODQ3RjNEMkQ3OUE1RjEzNkUwMEIwNzZCMEU1NkVCOF9tdF8xX3ZpZGVvX2Rhc2hpbml0Lm1wNBUAAsgBEgAVAhhAZmJfcGVybWFuZW50L0IwNDFBNkUyODJGMUVGM0E5NzU4NTU3MjI5NkUyNkJEX2F1ZGlvX2Rhc2hpbml0Lm1wNBUCAsgBEgAoABgAGwKIB3VzZV9vaWwBMRJwcm9ncmVzc2l2ZV9yZWNpcGUBMRUAACbMhMeo27v3DhUCKAJDMywXQEzIcrAgxJwYGWRhc2hfaDI2NC1iYXNpYy1nZW4yXzcyMHARAHUAZbaeAQA&_nc_gid=iLrHjYkeqJzJ8LgUGMDdgg&_nc_ss=7f289&_nc_zt=28&oh=00_AQCPu783WNdFJ_n58HXo9r3C2NWZ-ivJ_JCRI9m9hGBqsA&oe=6A58C953,https://scontent.fblr20-3.fna.fbcdn.net/v/t39.35426-6/611182323_1907308039860902_5382241912860982854_n.jpg?_nc_cat=105&ccb=1-7&_nc_sid=c53f8f&_nc_ohc=2CY8bGEPAWMQ7kNvwGUZPY-&_nc_oc=AdqzVkLnSv6yCk8oOPTFuT06c4RKu3b5kcVFXNJyRvFD3ISaTqeVaN5Owc95l1E5scgoZE3MqLko8TKCUdeMTz_V&_nc_zt=14&_nc_ht=scontent.fblr20-3.fna&_nc_gid=iLrHjYkeqJzJ8LgUGMDdgg&_nc_ss=7f289&oh=00_AQCNP5gx51J2-Y_I4DE-Q9DUqStSs_yl3ylbKTK-Fa-yeA&oe=6A58CD53,2026-07-16T12:06:43.000Z,2026-07-12,https://pub-893b4a6a607b4221a894bf861da7914e.r2.dev/1501154984318432.mp4
164,143,English Seekho,565574549966663,English Seekho App,,IN,2596912787391811,https://www.facebook.com/ads/library/?id=2596912787391811,2026-07-10,,false,false,1,0,,2026-07-10,,Fluent English bolne ka sirf ek raasta – Daily practice on English Seekho App. Start now!,English Communication strong karo aur confidence badhao,Install now,http://play.google.com/store/apps/details?id=com.bolo.android,"Facebook,Instagram,Audience Network,Messenger,Threads",Fluent English bolne ka sirf ek raasta – Daily practice on English Seekho App. Start now!,English Communication strong karo aur confidence badhao,Install now,http://play.google.com/store/apps/details?id=com.bolo.android,Video,"Facebook,Instagram,Audience Network,Messenger,Threads",1,0,9:16,https://video.fblr20-3.fna.fbcdn.net/o1/v/t2/f2/m366/AQNi0RrPaVU4X5uxjrTc-xHDU6x-4leztZUYD0CFlVbyP4dex7-m6JEvWKO76o7K-xzpLh3RQhvsS82YsaoShisRmJvCENExD3ljNt022oYuvQ.mp4?_nc_cat=109&_nc_oc=Ado6qHrHmF8Wv8jb1Bcw9uoZZSa-tFFPqs63oR7WgPHUMMAOGSUcsJz7RqXYYGBioQnU-psf9zWZ3LrLttoWTJo8&_nc_sid=b66105&_nc_ht=video.fblr20-3.fna.fbcdn.net&_nc_ohc=9Dum3waGqO4Q7kNvwFTFuXB&efg=eyJ2ZW5jb2RlX3RhZyI6Inhwdl9wcm9ncmVzc2l2ZS5WSV9VU0VDQVNFX1BST0RVQ1RfVFlQRS4uQzMuNzIwLmRhc2hfaDI2NC1iYXNpYy1nZW4yXzcyMHAiLCJ4cHZfYXNzZXRfaWQiOjM1NTAwOTg5Mjg0ODI1MTEsImFzc2V0X2FnZV9kYXlzIjoyLCJ2aV91c2VjYXNlX2lkIjoxMDEzOSwiZHVyYXRpb25fcyI6MjQxLCJ1cmxnZW5fc291cmNlIjoid3d3In0%3D&ccb=17-1&vs=61c9b007195553fb&_nc_vs=HBksFQIYRWZiX2VwaGVtZXJhbC8xQzREODIwQzM1OEUwOEE3NTI4NzVCODczRUUwNzdCOF9tdF8xX3ZpZGVvX2Rhc2hpbml0Lm1wNBUAAsgBEgAVAhhAZmJfcGVybWFuZW50L0QyNDI1ODAyRTE3ODA4NzA1MTZBNzk5M0UzMUQ2MjgyX2F1ZGlvX2Rhc2hpbml0Lm1wNBUCAsgBEgAoABgAGwKIB3VzZV9vaWwBMRJwcm9ncmVzc2l2ZV9yZWNpcGUBMRUAACae4-WY-rLODBUCKAJDMywXQG45T987ZFoYGWRhc2hfaDI2NC1iYXNpYy1nZW4yXzcyMHARAHUAZbaeAQA&_nc_gid=iLrHjYkeqJzJ8LgUGMDdgg&_nc_ss=7f289&_nc_zt=28&oh=00_AQClL1tp3HoVzw_W1ztnI6fFdOE0_qGDcwUyeJBtXLlqRA&oe=6A58A50B,https://scontent.fblr20-3.fna.fbcdn.net/v/t39.35426-6/742594887_1854509082176522_420519288291758668_n.jpg?_nc_cat=100&ccb=1-7&_nc_sid=c53f8f&_nc_ohc=-1PYFCXxEtMQ7kNvwFJI7ZT&_nc_oc=AdptiXiYE7-jJelFIlKSz-Ox7fMYzJvGeqrHZYLHSwtVdp7ELg6ShJeZp7ur4RoM_JAM274ybsQLySZxtqIyXs4D&_nc_zt=14&_nc_ht=scontent.fblr20-3.fna&_nc_gid=iLrHjYkeqJzJ8LgUGMDdgg&_nc_ss=7f289&oh=00_AQCN1vcDyIotcJ8U5qfIVfixF1WyiarsG3q2d1ZaaWUg9w&oe=6A58ADE9,2026-07-16T09:31:55.000Z,2026-07-12,https://pub-893b4a6a607b4221a894bf861da7914e.r2.dev/2596912787391811.mp4
165,144,English Seekho,565574549966663,English Seekho App,,IN,1746113169747432,https://www.facebook.com/ads/library/?id=1746113169747432,2026-07-10,,false,false,1,0,,2026-07-10,,Fluent English bolne ka sirf ek raasta – Daily practice on English Seekho App. Start now!,English Communication strong karo aur confidence badhao,Install now,http://play.google.com/store/apps/details?id=com.bolo.android,"Facebook,Instagram,Audience Network,Messenger,Threads",Fluent English bolne ka sirf ek raasta – Daily practice on English Seekho App. Start now!,English Communication strong karo aur confidence badhao,Install now,http://play.google.com/store/apps/details?id=com.bolo.android,Video,"Facebook,Instagram,Audience Network,Messenger,Threads",1,0,9:16,https://video.fblr20-3.fna.fbcdn.net/o1/v/t2/f2/m366/AQNVxeWN-np3yd1zCtgBe0pvyLgLOaT5doKshuk7q4MbM4uKBEK-5GWkWV10fg4dD8iI_6IHo_BrGMUMpg5JG5fR7L8ZBqvWW3f_U9ogHkhqWw.mp4?_nc_cat=109&_nc_oc=AdpZrXk0vy81qLZHb7rllvIQihUlwWMRAlIb0pZXO2ypl8XSNQB9ErjxsWcAuJMKbQI2BKz_J6ifYHvAZmCEZ6wU&_nc_sid=b66105&_nc_ht=video.fblr20-3.fna.fbcdn.net&_nc_ohc=c-jjWKh8gHgQ7kNvwFHw8sS&efg=eyJ2ZW5jb2RlX3RhZyI6Inhwdl9wcm9ncmVzc2l2ZS5WSV9VU0VDQVNFX1BST0RVQ1RfVFlQRS4uQzMuNzIwLmRhc2hfaDI2NC1iYXNpYy1nZW4yXzcyMHAiLCJ4cHZfYXNzZXRfaWQiOjg2NjQ4NDM5OTQ5MTEyMywiYXNzZXRfYWdlX2RheXMiOjIsInZpX3VzZWNhc2VfaWQiOjEwMTM5LCJkdXJhdGlvbl9zIjoxMDAsInVybGdlbl9zb3VyY2UiOiJ3d3cifQ%3D%3D&ccb=17-1&vs=3c37225050826221&_nc_vs=HBksFQIYRWZiX2VwaGVtZXJhbC8zQTRGRUU1NkM2NTc4M0MwNzIwQjg5NTM5RDdBREY5Ql9tdF8xX3ZpZGVvX2Rhc2hpbml0Lm1wNBUAAsgBEgAVAhhAZmJfcGVybWFuZW50L0M3NDM1QkU1ODgwNzI3NDIwRkZEOTk5OTBCMDE0QkJBX2F1ZGlvX2Rhc2hpbml0Lm1wNBUCAsgBEgAoABgAGwKIB3VzZV9vaWwBMRJwcm9ncmVzc2l2ZV9yZWNpcGUBMRUAACbmoK7tg4SKAxUCKAJDMywXQFkVT987ZFoYGWRhc2hfaDI2NC1iYXNpYy1nZW4yXzcyMHARAHUAZbaeAQA&_nc_gid=iLrHjYkeqJzJ8LgUGMDdgg&_nc_ss=7f289&_nc_zt=28&oh=00_AQBgzegctzGx8gsUeVNZ4t92NX2lv_fX7rSAV0GXaJtZxg&oe=6A58CE83,https://scontent.fblr20-1.fna.fbcdn.net/v/t39.35426-6/742606443_2264644774304453_7426053149764669865_n.jpg?_nc_cat=108&ccb=1-7&_nc_sid=c53f8f&_nc_ohc=_kWJFhs1NvcQ7kNvwH2EpWn&_nc_oc=Adpo9669RmoKaCYpHeAeidRs0CqTqAYnM1y9RqZqkGEnZ6Y5j3ZfPOlp1KdUFTR1oQM5ojiLDwEaFIcK0CVVrRTC&_nc_zt=14&_nc_ht=scontent.fblr20-1.fna&_nc_gid=iLrHjYkeqJzJ8LgUGMDdgg&_nc_ss=7f289&oh=00_AQDUyUWdlN4jFKGTCKVOw-7FYQ7-HGMPf03SGEmM-4dREg&oe=6A58C1CE,2026-07-16T12:28:51.000Z,2026-07-12,https://pub-893b4a6a607b4221a894bf861da7914e.r2.dev/1746113169747432.mp4
166,145,English Seekho,565574549966663,English Seekho App,,IN,1093272399776074,https://www.facebook.com/ads/library/?id=1093272399776074,2026-07-10,,false,false,1,0,,2026-07-10,,Fluent English bolne ka sirf ek raasta – Daily practice on English Seekho App. Start now!,English Communication strong karo aur confidence badhao,Install now,http://play.google.com/store/apps/details?id=com.bolo.android,"Facebook,Instagram,Audience Network,Messenger,Threads",Fluent English bolne ka sirf ek raasta – Daily practice on English Seekho App. Start now!,English Communication strong karo aur confidence badhao,Install now,http://play.google.com/store/apps/details?id=com.bolo.android,Video,"Facebook,Instagram,Audience Network,Messenger,Threads",1,0,9:16,https://video.fblr20-5.fna.fbcdn.net/o1/v/t2/f2/m366/AQPubXh3niuOuuO1LwBb89qxZHrrYQtlkxQyhM6rZMzPKMN9Sv0DOR4G83tTrdxXxcSQ3hqCyr4yWIyR5wgz5CQHrB3fZMGo94lD1tqwIznFQw.mp4?_nc_cat=107&_nc_oc=AdoCw9TyIpVyoX_e3flrp5Blq7g6giHpGfEL_qOXxXr7tV-U_ue47ZhOpXcFO-9DTpZNAimVeyI41WnOiIviP7yI&_nc_sid=b66105&_nc_ht=video.fblr20-5.fna.fbcdn.net&_nc_ohc=AdYNIsdcG4AQ7kNvwGFSc5E&efg=eyJ2ZW5jb2RlX3RhZyI6Inhwdl9wcm9ncmVzc2l2ZS5WSV9VU0VDQVNFX1BST0RVQ1RfVFlQRS4uQzMuNzIwLmRhc2hfaDI2NC1iYXNpYy1nZW4yXzcyMHAiLCJ4cHZfYXNzZXRfaWQiOjEwMjI2MjI5ODY4MzYzMzksImFzc2V0X2FnZV9kYXlzIjoyLCJ2aV91c2VjYXNlX2lkIjoxMDEzOSwiZHVyYXRpb25fcyI6NTUsInVybGdlbl9zb3VyY2UiOiJ3d3cifQ%3D%3D&ccb=17-1&vs=61e5d0be6ebc5dea&_nc_vs=HBksFQIYRWZiX2VwaGVtZXJhbC8zQjQ2N0VCMEVBMjQ2N0UwOUI0RkQ0Mjk1MEUwRDhCQV9tdF8xX3ZpZGVvX2Rhc2hpbml0Lm1wNBUAAsgBEgAVAhhAZmJfcGVybWFuZW50LzczNDI4QzUyOURENUU4OTkwRDVEMURBM0FDNTdFOUE1X2F1ZGlvX2Rhc2hpbml0Lm1wNBUCAsgBEgAoABgAGwKIB3VzZV9vaWwBMRJwcm9ncmVzc2l2ZV9yZWNpcGUBMRUAACbm5fT9voTRAxUCKAJDMywXQEvAAAAAAAAYGWRhc2hfaDI2NC1iYXNpYy1nZW4yXzcyMHARAHUAZbaeAQA&_nc_gid=iLrHjYkeqJzJ8LgUGMDdgg&_nc_ss=7f289&_nc_zt=28&oh=00_AQAjDrWIxcHvXTm5tTNkus4JVGbE7kZ1DFXXOQLBige5sA&oe=6A58C5B5,https://scontent.fblr20-4.fna.fbcdn.net/v/t39.35426-6/742903717_1727374534948420_8328233373358762272_n.jpg?_nc_cat=106&ccb=1-7&_nc_sid=c53f8f&_nc_ohc=4fK3CFIP88oQ7kNvwGI1QAk&_nc_oc=Adprex8hyRnM05YrN7ZchuWHR3fBtQlGJTqA4OH8EUdRVVFSFQtlrbkv4YLFV323S0oi9w0Ahg17qVfHQTdaV-2T&_nc_zt=14&_nc_ht=scontent.fblr20-4.fna&_nc_gid=iLrHjYkeqJzJ8LgUGMDdgg&_nc_ss=7f289&oh=00_AQAOKCvORit757boiMup0SF_vw4-96ymzBRH5iA807xQwg&oe=6A58CFA1,2026-07-16T11:51:17.000Z,2026-07-12,https://pub-893b4a6a607b4221a894bf861da7914e.r2.dev/1093272399776074.mp4
167,146,English Seekho,565574549966663,English Seekho App,,IN,903039262849402,https://www.facebook.com/ads/library/?id=903039262849402,2026-07-09,,false,true,2,0,903039262849402,2026-07-09,,Fluent English bolne ka sirf ek raasta – Daily practice on English Seekho App. Start now!,English Communication strong karo aur confidence badhao,Install now,http://play.google.com/store/apps/details?id=com.bolo.android,"Facebook,Instagram,Audience Network,Messenger,Threads",Fluent English bolne ka sirf ek raasta – Daily practice on English Seekho App. Start now!,English Communication strong karo aur confidence badhao,Install now,http://play.google.com/store/apps/details?id=com.bolo.android,Video,"Facebook,Instagram,Audience Network,Messenger,Threads",1,0,9:16,https://video.fblr20-2.fna.fbcdn.net/o1/v/t2/f2/m366/AQNZQG933Pj-Wj-Z1qVZiI-f4mMWnokO0-HqQC6Bp7jZwsdK2WMyF51MGOL_a18brNLL2yyPCE2-0QTVhJ99jP54nIIgxhTNa-CAJPhKLlpr2w.mp4?_nc_cat=104&_nc_oc=AdpGwXVjOSoI5RMP23W2uLYTMHAL0FkCHXnmICuSw_aZs5PCBD8beyG68yHhNhrtVxr_X1fJFVuF2vMO3Hwl5cID&_nc_sid=b66105&_nc_ht=video.fblr20-2.fna.fbcdn.net&_nc_ohc=nOE-JW4FupwQ7kNvwF_G3P3&efg=eyJ2ZW5jb2RlX3RhZyI6Inhwdl9wcm9ncmVzc2l2ZS5WSV9VU0VDQVNFX1BST0RVQ1RfVFlQRS4uQzMuNzIwLmRhc2hfaDI2NC1iYXNpYy1nZW4yXzcyMHAiLCJ4cHZfYXNzZXRfaWQiOjQ0MDUyMzIzNTMwODExOTcsImFzc2V0X2FnZV9kYXlzIjo0NSwidmlfdXNlY2FzZV9pZCI6MTAxMzksImR1cmF0aW9uX3MiOjIwMiwidXJsZ2VuX3NvdXJjZSI6Ind3dyJ9&ccb=17-1&vs=f8b2f6e700caf071&_nc_vs=HBksFQIYRWZiX2VwaGVtZXJhbC81RDQxNjFERjZCNzU1RDU5MEU4NEJGNjc0MTNGMDI4NV9tdF8xX3ZpZGVvX2Rhc2hpbml0Lm1wNBUAAsgBEgAVAhhAZmJfcGVybWFuZW50LzRDNDcxNUJCMEE4NUEyMkM0M0NBMjQzM0UzRjY2Nzg4X2F1ZGlvX2Rhc2hpbml0Lm1wNBUCAsgBEgAoABgAGwKIB3VzZV9vaWwBMRJwcm9ncmVzc2l2ZV9yZWNpcGUBMRUAACba3ffYoqLTDxUCKAJDMywXQGlJmZmZmZoYGWRhc2hfaDI2NC1iYXNpYy1nZW4yXzcyMHARAHUAZbaeAQA&_nc_gid=dlR5A7V7iBWnWCxjf-HPSw&_nc_ss=7f289&_nc_zt=28&oh=00_AQBNS6_gzXMlOr7dvtSBNmh0grhlMMmcyUcQFU9wp-dFyQ&oe=6A58A210,https://scontent.fblr20-2.fna.fbcdn.net/v/t39.35426-6/744598119_1715800603080203_258696659020916411_n.jpg?_nc_cat=102&ccb=1-7&_nc_sid=c53f8f&_nc_ohc=Q_B_xKuNEHAQ7kNvwFOsQNy&_nc_oc=Adow6VzA0a1YnBK8ikDocSZ15Xz7R4ULl-NTBH1sGFIPIdho0nE_qvPi73uYze23BPC4LR3sO27-GaCf5cmxDi9q&_nc_zt=14&_nc_ht=scontent.fblr20-2.fna&_nc_gid=dlR5A7V7iBWnWCxjf-HPSw&_nc_ss=7f289&oh=00_AQBUHkmB6cXQ7LND_EhrTOMAKUVjgvjDY5X4X2q9uqeqBQ&oe=6A58B17E,2026-07-16T09:19:12.000Z,2026-07-12,https://pub-893b4a6a607b4221a894bf861da7914e.r2.dev/903039262849402.mp4
168,146,English Seekho,565574549966663,English Seekho App,,IN,903039262849402,https://www.facebook.com/ads/library/?id=903039262849402,2026-07-09,,false,true,2,1,2145930985979753,2026-07-09,,Fluent English bolne ka sirf ek raasta – Daily practice on English Seekho App. Start now!,English Communication strong karo aur confidence badhao,Install now,http://play.google.com/store/apps/details?id=com.bolo.android,"Facebook,Instagram,Audience Network,Messenger,Threads",Fluent English bolne ka sirf ek raasta – Daily practice on English Seekho App. Start now!,English Communication strong karo aur confidence badhao,Install now,http://play.google.com/store/apps/details?id=com.bolo.android,Video,"Facebook,Instagram,Audience Network,Messenger,Threads",1,0,9:16,https://video.fblr20-2.fna.fbcdn.net/o1/v/t2/f2/m366/AQNZQG933Pj-Wj-Z1qVZiI-f4mMWnokO0-HqQC6Bp7jZwsdK2WMyF51MGOL_a18brNLL2yyPCE2-0QTVhJ99jP54nIIgxhTNa-CAJPhKLlpr2w.mp4?_nc_cat=104&_nc_oc=AdpGwXVjOSoI5RMP23W2uLYTMHAL0FkCHXnmICuSw_aZs5PCBD8beyG68yHhNhrtVxr_X1fJFVuF2vMO3Hwl5cID&_nc_sid=b66105&_nc_ht=video.fblr20-2.fna.fbcdn.net&_nc_ohc=nOE-JW4FupwQ7kNvwF_G3P3&efg=eyJ2ZW5jb2RlX3RhZyI6Inhwdl9wcm9ncmVzc2l2ZS5WSV9VU0VDQVNFX1BST0RVQ1RfVFlQRS4uQzMuNzIwLmRhc2hfaDI2NC1iYXNpYy1nZW4yXzcyMHAiLCJ4cHZfYXNzZXRfaWQiOjQ0MDUyMzIzNTMwODExOTcsImFzc2V0X2FnZV9kYXlzIjo0NSwidmlfdXNlY2FzZV9pZCI6MTAxMzksImR1cmF0aW9uX3MiOjIwMiwidXJsZ2VuX3NvdXJjZSI6Ind3dyJ9&ccb=17-1&vs=f8b2f6e700caf071&_nc_vs=HBksFQIYRWZiX2VwaGVtZXJhbC81RDQxNjFERjZCNzU1RDU5MEU4NEJGNjc0MTNGMDI4NV9tdF8xX3ZpZGVvX2Rhc2hpbml0Lm1wNBUAAsgBEgAVAhhAZmJfcGVybWFuZW50LzRDNDcxNUJCMEE4NUEyMkM0M0NBMjQzM0UzRjY2Nzg4X2F1ZGlvX2Rhc2hpbml0Lm1wNBUCAsgBEgAoABgAGwKIB3VzZV9vaWwBMRJwcm9ncmVzc2l2ZV9yZWNpcGUBMRUAACba3ffYoqLTDxUCKAJDMywXQGlJmZmZmZoYGWRhc2hfaDI2NC1iYXNpYy1nZW4yXzcyMHARAHUAZbaeAQA&_nc_gid=dlR5A7V7iBWnWCxjf-HPSw&_nc_ss=7f289&_nc_zt=28&oh=00_AQBNS6_gzXMlOr7dvtSBNmh0grhlMMmcyUcQFU9wp-dFyQ&oe=6A58A210,https://scontent.fblr20-2.fna.fbcdn.net/v/t39.35426-6/742859164_1284958856846818_8116921765549640924_n.jpg?_nc_cat=104&ccb=1-7&_nc_sid=c53f8f&_nc_ohc=GqsF6sqbNx8Q7kNvwGmWK3U&_nc_oc=Adq9beJMOOYOGvMLx-PD86zyWaB7w1yo6vftzSFiZWSqFsMLnN9dsEGuKTuQWv4PjDO6Ko7ksyco1zR2IjE-rtPC&_nc_zt=14&_nc_ht=scontent.fblr20-2.fna&_nc_gid=dlR5A7V7iBWnWCxjf-HPSw&_nc_ss=7f289&oh=00_AQA_nbfBPDoZSMRz4YsJ5Bi9ZprftxAakTn9HQEh3WcihA&oe=6A58D476,2026-07-16T09:19:12.000Z,2026-07-12,
169,147,English Seekho,565574549966663,English Seekho App,,IN,1539470020972076,https://www.facebook.com/ads/library/?id=1539470020972076,2026-07-10,,false,false,1,0,,2026-07-10,,Fluent English bolne ka sirf ek raasta – Daily practice on English Seekho App. Start now!,English Communication strong karo aur confidence badhao,Install now,http://play.google.com/store/apps/details?id=com.bolo.android,"Facebook,Instagram,Audience Network,Messenger,Threads",Fluent English bolne ka sirf ek raasta – Daily practice on English Seekho App. Start now!,English Communication strong karo aur confidence badhao,Install now,http://play.google.com/store/apps/details?id=com.bolo.android,Video,"Facebook,Instagram,Audience Network,Messenger,Threads",1,0,9:16,https://video.fblr20-4.fna.fbcdn.net/o1/v/t2/f2/m366/AQNWmt70CEo-UMdEMXAlTI_4CDepoaRvgGPPKq0hs6K3pO2CfPMePK7uqgz-G7yR0JUReMM-UXDYfzuyME1Ngr4JdfjvpVc2ucjchTl82hWZng.mp4?_nc_cat=103&_nc_oc=AdqjrBNtYwpv1vKGkUPR0utd5gFceBNmpYjN545Ni0WtlSbrHMK057kNk0puOVlW1RxLaQY9KWjWqF0k3e89V8aL&_nc_sid=b66105&_nc_ht=video.fblr20-4.fna.fbcdn.net&_nc_ohc=whqpMYBpwkwQ7kNvwG3P9LV&efg=eyJ2ZW5jb2RlX3RhZyI6Inhwdl9wcm9ncmVzc2l2ZS5WSV9VU0VDQVNFX1BST0RVQ1RfVFlQRS4uQzMuNzIwLmRhc2hfaDI2NC1iYXNpYy1nZW4yXzcyMHAiLCJ4cHZfYXNzZXRfaWQiOjE1NDYxNTIwNDY5NTE5MDMsImFzc2V0X2FnZV9kYXlzIjoyLCJ2aV91c2VjYXNlX2lkIjoxMDEzOSwiZHVyYXRpb25fcyI6MzgsInVybGdlbl9zb3VyY2UiOiJ3d3cifQ%3D%3D&ccb=17-1&vs=d4d772123a9df0a0&_nc_vs=HBksFQIYRWZiX2VwaGVtZXJhbC8xRjQ4NDk4NTM2NDNFMTlFRDEzM0JDQjc4Nzk3OEJCQl9tdF8xX3ZpZGVvX2Rhc2hpbml0Lm1wNBUAAsgBEgAVAhhAZmJfcGVybWFuZW50LzFCNEI3MkQzRUIxNkM3RDVGQzhGOTBDQjk1ODY2NTgxX2F1ZGlvX2Rhc2hpbml0Lm1wNBUCAsgBEgAoABgAGwKIB3VzZV9vaWwBMRJwcm9ncmVzc2l2ZV9yZWNpcGUBMRUAACa-97e48o2_BRUCKAJDMywXQENKPXCj1woYGWRhc2hfaDI2NC1iYXNpYy1nZW4yXzcyMHARAHUAZbaeAQA&_nc_gid=dlR5A7V7iBWnWCxjf-HPSw&_nc_ss=7f289&_nc_zt=28&oh=00_AQCx-Jztla7aWGMxy1a1jo9mAWx-afV0Nn06rSRcU6er7g&oe=6A58A041,https://scontent.fblr20-3.fna.fbcdn.net/v/t39.35426-6/742111184_1958033441523371_4032720334344814699_n.jpg?_nc_cat=109&ccb=1-7&_nc_sid=c53f8f&_nc_ohc=99SMnar35tsQ7kNvwG1XYq7&_nc_oc=Adq1h6B6F66kcwlQhDsQTmfO-bOS584efQhVdwIMxvYWnruJuhLK8FeCZy7Htddzfj81ybIMG79PLdvpg6L0lQR1&_nc_zt=14&_nc_ht=scontent.fblr20-3.fna&_nc_gid=dlR5A7V7iBWnWCxjf-HPSw&_nc_ss=7f289&oh=00_AQCabOQhyerGqWv64IlgmH0W2ky8zACGobIuJNGPkW29Ag&oe=6A58A96A,2026-07-16T09:11:29.000Z,2026-07-12,https://pub-893b4a6a607b4221a894bf861da7914e.r2.dev/1539470020972076.mp4
170,148,English Seekho,565574549966663,English Seekho App,,IN,1306476287909601,https://www.facebook.com/ads/library/?id=1306476287909601,2026-07-10,,false,false,1,0,,2026-07-10,,Fluent English bolne ka sirf ek raasta – Daily practice on English Seekho App. Start now!,English Communication strong karo aur confidence badhao,Install now,http://play.google.com/store/apps/details?id=com.bolo.android,"Facebook,Instagram,Audience Network,Messenger,Threads",Fluent English bolne ka sirf ek raasta – Daily practice on English Seekho App. Start now!,English Communication strong karo aur confidence badhao,Install now,http://play.google.com/store/apps/details?id=com.bolo.android,Video,"Facebook,Instagram,Audience Network,Messenger,Threads",1,0,9:16,https://video.fblr20-5.fna.fbcdn.net/o1/v/t2/f2/m366/AQOVgi-jyJ4XrGeGbdC9sPdlTySfWTOoQtuXh5yRDPXTgAx_iV39l5BRiqxPns-eLANJT916bYh3FZWgNaIkT7vJu2aKs6EDVUHR2hMLO6muJQ.mp4?_nc_cat=107&_nc_oc=Ado6vc31iHJN3ToYrLh5kuZAqVL3PZ2oCEIesbDVU4113Ac8nBg6oGFh4vA2quelTTVR1OX7zwuclvH2oMkoTntj&_nc_sid=b66105&_nc_ht=video.fblr20-5.fna.fbcdn.net&_nc_ohc=ANwKHGLxlY0Q7kNvwEsxTLY&efg=eyJ2ZW5jb2RlX3RhZyI6Inhwdl9wcm9ncmVzc2l2ZS5WSV9VU0VDQVNFX1BST0RVQ1RfVFlQRS4uQzMuNzIwLmRhc2hfaDI2NC1iYXNpYy1nZW4yXzcyMHAiLCJ4cHZfYXNzZXRfaWQiOjEwMDQ3ODA5MjU3ODc2NDEsImFzc2V0X2FnZV9kYXlzIjoyLCJ2aV91c2VjYXNlX2lkIjoxMDEzOSwiZHVyYXRpb25fcyI6NzcsInVybGdlbl9zb3VyY2UiOiJ3d3cifQ%3D%3D&ccb=17-1&vs=9fc81c3bdc57a62f&_nc_vs=HBksFQIYRWZiX2VwaGVtZXJhbC8yNTQ1QkZDNzRFMjkwMjRCMDhDMzQ4OUEwRjFFODM4Ml9tdF8xX3ZpZGVvX2Rhc2hpbml0Lm1wNBUAAsgBEgAVAhhAZmJfcGVybWFuZW50LzMzNDUwOUU5Mzc3RUJCMjI1OUMxOURDRUM4MEVCODg5X2F1ZGlvX2Rhc2hpbml0Lm1wNBUCAsgBEgAoABgAGwKIB3VzZV9vaWwBMRJwcm9ncmVzc2l2ZV9yZWNpcGUBMRUAACby98Si-fXIAxUCKAJDMywXQFN90vGp--cYGWRhc2hfaDI2NC1iYXNpYy1nZW4yXzcyMHARAHUAZbaeAQA&_nc_gid=dlR5A7V7iBWnWCxjf-HPSw&_nc_ss=7f289&_nc_zt=28&oh=00_AQBWFC5vxn-NZMBP_32RpRjViwx4xO12ZzcSGdOJzIHN2Q&oe=6A58C689,https://scontent.fblr20-1.fna.fbcdn.net/v/t39.35426-6/743386890_1079727134727492_6814753003329028967_n.jpg?_nc_cat=108&ccb=1-7&_nc_sid=c53f8f&_nc_ohc=7V09kqo7n6UQ7kNvwFSNIe_&_nc_oc=Adql-fQ0YxczctaqCQNLJeqA9PNrTck5p20ojULFjDpaiUQ1tWeakujsEs6Mze0sYpoEjGuT-EJyu-9XeUlqsBgB&_nc_zt=14&_nc_ht=scontent.fblr20-1.fna&_nc_gid=dlR5A7V7iBWnWCxjf-HPSw&_nc_ss=7f289&oh=00_AQDhJq_otQcMpA2pj66KsAfzwi-Jd7zXurKQdM28OD5Zcg&oe=6A58AC1B,2026-07-16T11:54:49.000Z,2026-07-12,https://pub-893b4a6a607b4221a894bf861da7914e.r2.dev/1306476287909601.mp4
171,149,English Seekho,565574549966663,English Seekho App,,IN,1370844104937242,https://www.facebook.com/ads/library/?id=1370844104937242,2026-07-10,,false,false,1,0,,2026-07-10,,Fluent English bolne ka sirf ek raasta – Daily practice on English Seekho App. Start now!,English Communication strong karo aur confidence badhao,Install now,http://play.google.com/store/apps/details?id=com.bolo.android,"Facebook,Instagram,Audience Network,Messenger,Threads",Fluent English bolne ka sirf ek raasta – Daily practice on English Seekho App. Start now!,English Communication strong karo aur confidence badhao,Install now,http://play.google.com/store/apps/details?id=com.bolo.android,Video,"Facebook,Instagram,Audience Network,Messenger,Threads",1,0,9:16,https://video.fblr20-2.fna.fbcdn.net/o1/v/t2/f2/m366/AQMut0XL_mN95EkH2xmeZC-NFJLyxKVSFTpeaAAECjl4fCXQEZMJVTmIGpIuTAPsjdT1IFGwAJzKF7j_4YpPxdKCyveEiLprlBe14kDeT5iBpQ.mp4?_nc_cat=111&_nc_oc=Adq0U4TwpRZFpa3O-gUi59AHxr-LN1Vh41JfWXcwrhvbmmKpeOPIA-kcsWAcAPBQwn9UyhxVCfhSe_ja1fE9qPLV&_nc_sid=b66105&_nc_ht=video.fblr20-2.fna.fbcdn.net&_nc_ohc=ERGJoSFjLQ0Q7kNvwG72OBn&efg=eyJ2ZW5jb2RlX3RhZyI6Inhwdl9wcm9ncmVzc2l2ZS5WSV9VU0VDQVNFX1BST0RVQ1RfVFlQRS4uQzMuNzIwLmRhc2hfaDI2NC1iYXNpYy1nZW4yXzcyMHAiLCJ4cHZfYXNzZXRfaWQiOjE2NTg4NzU3NzE4NDc0ODgsImFzc2V0X2FnZV9kYXlzIjoyLCJ2aV91c2VjYXNlX2lkIjoxMDEzOSwiZHVyYXRpb25fcyI6NzYsInVybGdlbl9zb3VyY2UiOiJ3d3cifQ%3D%3D&ccb=17-1&vs=5d1a300564590a4a&_nc_vs=HBksFQIYRWZiX2VwaGVtZXJhbC82MzRFNTg2Mzc0RTcxRDREQUFFM0M5NEU3Nzg3MTdCOV9tdF8xX3ZpZGVvX2Rhc2hpbml0Lm1wNBUAAsgBEgAVAhhAZmJfcGVybWFuZW50LzhFNDg3QzdCOUNDQTg1MUQ4NUQ2NTQ1Q0I2QjgyOEI1X2F1ZGlvX2Rhc2hpbml0Lm1wNBUCAsgBEgAoABgAGwKIB3VzZV9vaWwBMRJwcm9ncmVzc2l2ZV9yZWNpcGUBMRUAACaAjdzRo6_yBRUCKAJDMywXQFMGZmZmZmYYGWRhc2hfaDI2NC1iYXNpYy1nZW4yXzcyMHARAHUAZbaeAQA&_nc_gid=dlR5A7V7iBWnWCxjf-HPSw&_nc_ss=7f289&_nc_zt=28&oh=00_AQB8Ir0-OoaSIobHoQ3Rg80w6uyAyCqsDGJNKU1p-50btA&oe=6A58AC15,https://scontent.fblr20-4.fna.fbcdn.net/v/t39.35426-6/742096559_1032601619259243_1444342681729564522_n.jpg?_nc_cat=106&ccb=1-7&_nc_sid=c53f8f&_nc_ohc=RGJd0Ut32CYQ7kNvwHDRpV6&_nc_oc=Adpivp2-0iq9T7oKPQO32QWo1NP8DrTugEHZy16eriRQOxAFneP_S3ye2Az-a0ADrjZawiuCjYWpyvugyj38u4Wk&_nc_zt=14&_nc_ht=scontent.fblr20-4.fna&_nc_gid=dlR5A7V7iBWnWCxjf-HPSw&_nc_ss=7f289&oh=00_AQCKDKUfZ6Fh0o0GAceb05n6Fh61r1Ws0jQY_vv7uWmbsw&oe=6A58D0E6,2026-07-16T10:01:57.000Z,2026-07-12,https://pub-893b4a6a607b4221a894bf861da7914e.r2.dev/1370844104937242.mp4
172,150,English Seekho,565574549966663,English Seekho App,,IN,1045979094538529,https://www.facebook.com/ads/library/?id=1045979094538529,2026-07-10,,false,false,1,0,,2026-07-10,,Fluent English bolne ka sirf ek raasta – Daily practice on English Seekho App. Start now!,English Communication strong karo aur confidence badhao,Install now,http://play.google.com/store/apps/details?id=com.bolo.android,"Facebook,Instagram,Audience Network,Messenger,Threads",Fluent English bolne ka sirf ek raasta – Daily practice on English Seekho App. Start now!,English Communication strong karo aur confidence badhao,Install now,http://play.google.com/store/apps/details?id=com.bolo.android,Video,"Facebook,Instagram,Audience Network,Messenger,Threads",1,0,9:16,https://video.fblr20-3.fna.fbcdn.net/o1/v/t2/f2/m366/AQPRrLYh3v9rQM58uyUhxD_KJEaebQ2Xg5Aewq0iip4xlw1UWcDwwwQg0xauTjJqJlY6oYBvgnMvt3NYUMIeA-yeATIKeBjTOSBFxFeiRpHpNQ.mp4?_nc_cat=105&_nc_oc=AdosUKZ9kvX5CKj0rusu69N26bxI5ufHAOieY-uEEWPONLIABdrCzrELJ31JZjMznOz2x1nBuMh3TNXrbmhPAB1W&_nc_sid=b66105&_nc_ht=video.fblr20-3.fna.fbcdn.net&_nc_ohc=XIR2th2STNYQ7kNvwFjD06q&efg=eyJ2ZW5jb2RlX3RhZyI6Inhwdl9wcm9ncmVzc2l2ZS5WSV9VU0VDQVNFX1BST0RVQ1RfVFlQRS4uQzMuNzIwLmRhc2hfaDI2NC1iYXNpYy1nZW4yXzcyMHAiLCJ4cHZfYXNzZXRfaWQiOjIwMDkyMjM3ODM4MDE4MTksImFzc2V0X2FnZV9kYXlzIjoyLCJ2aV91c2VjYXNlX2lkIjoxMDEzOSwiZHVyYXRpb25fcyI6OTQsInVybGdlbl9zb3VyY2UiOiJ3d3cifQ%3D%3D&ccb=17-1&vs=32272b3ca5497805&_nc_vs=HBksFQIYRWZiX2VwaGVtZXJhbC9DMTRFMjU1Qzg3Q0Y4MDIwNDhGNkQ3NUFGNjJDQzBCMV9tdF8xX3ZpZGVvX2Rhc2hpbml0Lm1wNBUAAsgBEgAVAhhAZmJfcGVybWFuZW50LzI2NDg2RjBCMDc3QTIwMzgxM0RDMTI0NDA5MUJFN0E0X2F1ZGlvX2Rhc2hpbml0Lm1wNBUCAsgBEgAoABgAGwKIB3VzZV9vaWwBMRJwcm9ncmVzc2l2ZV9yZWNpcGUBMRUAACa2j8Pem9iRBxUCKAJDMywXQFeTMzMzMzMYGWRhc2hfaDI2NC1iYXNpYy1nZW4yXzcyMHARAHUAZbaeAQA&_nc_gid=dlR5A7V7iBWnWCxjf-HPSw&_nc_ss=7f289&_nc_zt=28&oh=00_AQCHcrL8fc7AiabAcoBAYdwqeI40TkNXdIJywZ6WVfIu0w&oe=6A58BBAF,https://scontent.fblr20-1.fna.fbcdn.net/v/t39.35426-6/741882335_1055748004014245_4260555605303811175_n.jpg?_nc_cat=110&ccb=1-7&_nc_sid=c53f8f&_nc_ohc=XnBY8-AFy8UQ7kNvwH8pH9-&_nc_oc=AdqDF_c1ssA3_27-FncWOOodEftp-698-nJ1Wi33Y5u3H0OkBIQUP9XXaYlOaO5TuVQhXEMpuNk5pDUsZPNsHwnp&_nc_zt=14&_nc_ht=scontent.fblr20-1.fna&_nc_gid=dlR5A7V7iBWnWCxjf-HPSw&_nc_ss=7f289&oh=00_AQDQ9VOZFpSCrMLOiAwiEp7z5tpPDrO_zRXcbeBbMg5M1g&oe=6A58A576,2026-07-16T11:08:31.000Z,2026-07-12,https://pub-893b4a6a607b4221a894bf861da7914e.r2.dev/1045979094538529.mp4
173,151,English Seekho,565574549966663,English Seekho App,,IN,1518680399215608,https://www.facebook.com/ads/library/?id=1518680399215608,2026-07-10,,false,false,1,0,,2026-07-10,,Fluent English bolne ka sirf ek raasta – Daily practice on English Seekho App. Start now!,English Communication strong karo aur confidence badhao,Install now,http://play.google.com/store/apps/details?id=com.bolo.android,"Facebook,Instagram,Audience Network,Messenger,Threads",Fluent English bolne ka sirf ek raasta – Daily practice on English Seekho App. Start now!,English Communication strong karo aur confidence badhao,Install now,http://play.google.com/store/apps/details?id=com.bolo.android,Video,"Facebook,Instagram,Audience Network,Messenger,Threads",1,0,16:9,https://video.fblr20-3.fna.fbcdn.net/o1/v/t2/f2/m366/AQPzd1rH_H8NsTXEOs0qqzdZbJULbFt3SgiJGLEz7WVy73_WMdv7MU06hVwCAP0pa_B8_UH5c9CInX9LcrzdAAeY8Vs_Q7GbvStfVXGEnR0fSA.mp4?_nc_cat=109&_nc_oc=AdptDLEtFmMivDB696AA5Q9pJ3_gdt3l5TB8Gyv52tnRfrCu7bA7YzQZCileei0TyTqCmUriKCuXdT5kyLwHZiXc&_nc_sid=b66105&_nc_ht=video.fblr20-3.fna.fbcdn.net&_nc_ohc=7aRMDGBX6FwQ7kNvwEDlpvo&efg=eyJ2ZW5jb2RlX3RhZyI6Inhwdl9wcm9ncmVzc2l2ZS5WSV9VU0VDQVNFX1BST0RVQ1RfVFlQRS4uQzMuMTI4MC5kYXNoX2gyNjQtYmFzaWMtZ2VuMl83MjBwIiwieHB2X2Fzc2V0X2lkIjo5OTk3MTA5MDkzMzgzNTYsImFzc2V0X2FnZV9kYXlzIjoyLCJ2aV91c2VjYXNlX2lkIjoxMDEzOSwiZHVyYXRpb25fcyI6MTg0LCJ1cmxnZW5fc291cmNlIjoid3d3In0%3D&ccb=17-1&vs=95c2678c326f78e2&_nc_vs=HBksFQIYRWZiX2VwaGVtZXJhbC80OTREQkFCRTdGMTVDMUQ5Q0UzRTFDRjdDNzkzMURBQ19tdF8xX3ZpZGVvX2Rhc2hpbml0Lm1wNBUAAsgBEgAVAhhAZmJfcGVybWFuZW50LzI2NDRFNzg4RjkxQkRCMEU5OUE1NjAwNDZCQTlGNDlCX2F1ZGlvX2Rhc2hpbml0Lm1wNBUCAsgBEgAoABgAGwKIB3VzZV9vaWwBMRJwcm9ncmVzc2l2ZV9yZWNpcGUBMRUAACboy4ja6s7GAxUCKAJDMywXQGcCp--dsi0YGWRhc2hfaDI2NC1iYXNpYy1nZW4yXzcyMHARAHUAZbaeAQA&_nc_gid=dlR5A7V7iBWnWCxjf-HPSw&_nc_ss=7f289&_nc_zt=28&oh=00_AQCmlaAC3Lfj7zmMgQAcKpf8Q7-4spk8mz5KE_VYbWTyfg&oe=6A58ABE7,https://scontent.fblr20-2.fna.fbcdn.net/v/t39.35426-6/742331186_1923441975021539_7947527644877574394_n.jpg?_nc_cat=102&ccb=1-7&_nc_sid=c53f8f&_nc_ohc=5y8kgB6ho2sQ7kNvwFkxzTd&_nc_oc=AdoTl1Dt1XLJNMSsAZhUVJf3XkqIurp8_5aWMI4ehXaTzk2vTLGwmBbpX9aHjFINuFoxulAa53t5NoPlo6GTY3p-&_nc_zt=14&_nc_ht=scontent.fblr20-2.fna&_nc_gid=dlR5A7V7iBWnWCxjf-HPSw&_nc_ss=7f289&oh=00_AQDH3spt0qxbBbdaxUf51_iCVygqMHY0yRgW56N-NOR0ng&oe=6A58A6D4,2026-07-16T10:01:11.000Z,2026-07-12,https://pub-893b4a6a607b4221a894bf861da7914e.r2.dev/1518680399215608.mp4
174,152,English Seekho,565574549966663,English Seekho App,,IN,1734113701152074,https://www.facebook.com/ads/library/?id=1734113701152074,2026-07-10,,false,false,1,0,,2026-07-10,,Fluent English bolne ka sirf ek raasta – Daily practice on English Seekho App. Start now!,English Communication strong karo aur confidence badhao,Install now,http://play.google.com/store/apps/details?id=com.bolo.android,"Facebook,Instagram,Audience Network,Messenger,Threads",Fluent English bolne ka sirf ek raasta – Daily practice on English Seekho App. Start now!,English Communication strong karo aur confidence badhao,Install now,http://play.google.com/store/apps/details?id=com.bolo.android,Video,"Facebook,Instagram,Audience Network,Messenger,Threads",1,0,9:16,https://video.fblr20-3.fna.fbcdn.net/o1/v/t2/f2/m366/AQNDCNrrLz7vhheAvhmJ2_Er5io3hqu14j1VQRi8aPy9xeTKhN8aGSfeT3MFCTRG0h3TLhO2C7wjCc11Z9_cW5CcOdCNgcRDw99bFHsmCwG6vw.mp4?_nc_cat=105&_nc_oc=AdriHK9SaZOAcAKRTIrXYAnzwfP0wvbMpjoYIVq2WeLHPDkAMCPxAh9EasuhwPztsHWiXvxgvriX0PIbHFg7BZrS&_nc_sid=b66105&_nc_ht=video.fblr20-3.fna.fbcdn.net&_nc_ohc=PhHFommkEkUQ7kNvwHBEy4v&efg=eyJ2ZW5jb2RlX3RhZyI6Inhwdl9wcm9ncmVzc2l2ZS5WSV9VU0VDQVNFX1BST0RVQ1RfVFlQRS4uQzMuNzIwLmRhc2hfaDI2NC1iYXNpYy1nZW4yXzcyMHAiLCJ4cHZfYXNzZXRfaWQiOjE2MzY0NTgxMzE0NDM3OTIsImFzc2V0X2FnZV9kYXlzIjoyLCJ2aV91c2VjYXNlX2lkIjoxMDEzOSwiZHVyYXRpb25fcyI6OTksInVybGdlbl9zb3VyY2UiOiJ3d3cifQ%3D%3D&ccb=17-1&vs=16e83e92650e8411&_nc_vs=HBksFQIYRWZiX2VwaGVtZXJhbC9GMzQ0MkMxRUNEMzk2NzI5QzdEOEI1NkVFMTgyRTA4QV9tdF8xX3ZpZGVvX2Rhc2hpbml0Lm1wNBUAAsgBEgAVAhhAZmJfcGVybWFuZW50L0NDNDRGMEFERkY3NEEwMjA0NTM2REEyM0I1QzQ0MTlBX2F1ZGlvX2Rhc2hpbml0Lm1wNBUCAsgBEgAoABgAGwKIB3VzZV9vaWwBMRJwcm9ncmVzc2l2ZV9yZWNpcGUBMRUAACagweqZs5boBRUCKAJDMywXQFjFT987ZFoYGWRhc2hfaDI2NC1iYXNpYy1nZW4yXzcyMHARAHUAZbaeAQA&_nc_gid=dlR5A7V7iBWnWCxjf-HPSw&_nc_ss=7f289&_nc_zt=28&oh=00_AQDHn2z89rCZjjOeZXby6SdKfQcnLj0so3-Luvf7aE3gkQ&oe=6A58B7BB,https://scontent.fblr20-3.fna.fbcdn.net/v/t39.35426-6/741963532_2288258141913246_7012737862926140155_n.jpg?_nc_cat=109&ccb=1-7&_nc_sid=c53f8f&_nc_ohc=iclzZjOtrwIQ7kNvwHMCEQm&_nc_oc=AdoYFMEnYO2-4omJsyiRC-4OcAKlJiRe3J7ZRVEUVtbOZBbaaHeG-03SeKJGI7RJD1_PjqCvu2dswir1ufLQEvrZ&_nc_zt=14&_nc_ht=scontent.fblr20-3.fna&_nc_gid=dlR5A7V7iBWnWCxjf-HPSw&_nc_ss=7f289&oh=00_AQApXvnRpxxeCc2fGOjq28GnypqDr6-rowKI7TLJqVDdoQ&oe=6A58C385,2026-07-16T10:51:39.000Z,2026-07-12,https://pub-893b4a6a607b4221a894bf861da7914e.r2.dev/1734113701152074.mp4
175,153,English Seekho,565574549966663,English Seekho App,,IN,1559865665640009,https://www.facebook.com/ads/library/?id=1559865665640009,2026-07-10,,false,false,1,0,,2026-07-10,,Fluent English bolne ka sirf ek raasta – Daily practice on English Seekho App. Start now!,English Communication strong karo aur confidence badhao,Install now,http://play.google.com/store/apps/details?id=com.bolo.android,"Facebook,Instagram,Audience Network,Messenger,Threads",Fluent English bolne ka sirf ek raasta – Daily practice on English Seekho App. Start now!,English Communication strong karo aur confidence badhao,Install now,http://play.google.com/store/apps/details?id=com.bolo.android,Video,"Facebook,Instagram,Audience Network,Messenger,Threads",1,0,9:16,https://video.fblr20-2.fna.fbcdn.net/o1/v/t2/f2/m366/AQPApXrN7MYMAXpwXwdUE0-ROA4a-DH6ZoiuE-X2mccu1yHgdR1R6L_5wfSOmYibT7KavqNnmZ-s5Kq9ksjorxs2ffC4BDtUdXZFskblX3C_pw.mp4?_nc_cat=102&_nc_oc=Adqlxtu77OC0bBcZf9Zp-lSRZ9-ie_3gg5RepEarDxWs8MKyrRNlvJM1eYLf2Q0VKbrMzLt-BfkyTSmU6zrxImqv&_nc_sid=b66105&_nc_ht=video.fblr20-2.fna.fbcdn.net&_nc_ohc=yIGZASW1BRcQ7kNvwEmjzoh&efg=eyJ2ZW5jb2RlX3RhZyI6Inhwdl9wcm9ncmVzc2l2ZS5WSV9VU0VDQVNFX1BST0RVQ1RfVFlQRS4uQzMuNzIwLmRhc2hfaDI2NC1iYXNpYy1nZW4yXzcyMHAiLCJ4cHZfYXNzZXRfaWQiOjI0NTY0ODg4NTgxNjQ3ODAsImFzc2V0X2FnZV9kYXlzIjoyLCJ2aV91c2VjYXNlX2lkIjoxMDEzOSwiZHVyYXRpb25fcyI6NTgsInVybGdlbl9zb3VyY2UiOiJ3d3cifQ%3D%3D&ccb=17-1&vs=15e150db28f90703&_nc_vs=HBksFQIYRWZiX2VwaGVtZXJhbC9CMTQ0QTBDNjU5ODlGRjU1MkM2MjhDNTFBNzdFNTk4N19tdF8xX3ZpZGVvX2Rhc2hpbml0Lm1wNBUAAsgBEgAVAhhAZmJfcGVybWFuZW50LzVENDhFNTFCOTBGNzdCQkU1RURDNTRGQ0ZCOTkyNkI3X2F1ZGlvX2Rhc2hpbml0Lm1wNBUCAsgBEgAoABgAGwKIB3VzZV9vaWwBMRJwcm9ncmVzc2l2ZV9yZWNpcGUBMRUAACbY-MicvIrdCBUCKAJDMywXQE0u2RaHKwIYGWRhc2hfaDI2NC1iYXNpYy1nZW4yXzcyMHARAHUAZbaeAQA&_nc_gid=dlR5A7V7iBWnWCxjf-HPSw&_nc_ss=7f289&_nc_zt=28&oh=00_AQDvH4sq_PX8-Rsq9BaqQOiGTt8AvoUQK7j4d3Jas1k1tQ&oe=6A58B526,https://scontent.fblr20-3.fna.fbcdn.net/v/t39.35426-6/740787847_2477019072798269_3109586166685172755_n.jpg?_nc_cat=100&ccb=1-7&_nc_sid=c53f8f&_nc_ohc=4BfrELd0JlkQ7kNvwGoidZl&_nc_oc=Adooasb06wivS-lmssbTbIeN6oprZnfV3RJgcfzUqXhdf-QYuyH1eAW6VT-NGeO-YlmwOBKRCe7s3wN1yGYnYW2A&_nc_zt=14&_nc_ht=scontent.fblr20-3.fna&_nc_gid=dlR5A7V7iBWnWCxjf-HPSw&_nc_ss=7f289&oh=00_AQCJFmpSsGh5NNlFWTysskXhGnJxwCaLLsIkASSlkcuIvA&oe=6A58A62B,2026-07-16T10:40:38.000Z,2026-07-12,https://pub-893b4a6a607b4221a894bf861da7914e.r2.dev/1559865665640009.mp4
176,154,English Seekho,565574549966663,English Seekho App,,IN,1699685877739107,https://www.facebook.com/ads/library/?id=1699685877739107,2026-07-10,,false,false,1,0,,2026-07-10,,Fluent English bolne ka sirf ek raasta – Daily practice on English Seekho App. Start now!,English Communication strong karo aur confidence badhao,Install now,http://play.google.com/store/apps/details?id=com.bolo.android,"Facebook,Instagram,Audience Network,Messenger,Threads",Fluent English bolne ka sirf ek raasta – Daily practice on English Seekho App. Start now!,English Communication strong karo aur confidence badhao,Install now,http://play.google.com/store/apps/details?id=com.bolo.android,Video,"Facebook,Instagram,Audience Network,Messenger,Threads",1,0,9:16,https://video.fblr20-4.fna.fbcdn.net/o1/v/t2/f2/m366/AQNSvut0TqB4PUB6q7Y8U-djjuon4X4p6QZtP4y3Z9Apb63_093UR1QLK7wnoLz1MPvl_n9x2IfKVyp4LjUhQ-_Ma70-O6rSLQu71LEXKTg7Tw.mp4?_nc_cat=106&_nc_oc=Ado6qxOpnyXRQ7vSG6eg66sDLcpQGjePEJTWg3USQhi_wOxPpgW-fRnl00M9dKQPoqB4WmnfI5bitfuH9y_AJnns&_nc_sid=b66105&_nc_ht=video.fblr20-4.fna.fbcdn.net&_nc_ohc=_nnxvnkWsHEQ7kNvwH14se2&efg=eyJ2ZW5jb2RlX3RhZyI6Inhwdl9wcm9ncmVzc2l2ZS5WSV9VU0VDQVNFX1BST0RVQ1RfVFlQRS4uQzMuNzIwLmRhc2hfaDI2NC1iYXNpYy1nZW4yXzcyMHAiLCJ4cHZfYXNzZXRfaWQiOjE3MjUwNTM5NzE5Njc5MjcsImFzc2V0X2FnZV9kYXlzIjoyLCJ2aV91c2VjYXNlX2lkIjoxMDEzOSwiZHVyYXRpb25fcyI6MTA2LCJ1cmxnZW5fc291cmNlIjoid3d3In0%3D&ccb=17-1&vs=f5f2d4544deb1546&_nc_vs=HBksFQIYRWZiX2VwaGVtZXJhbC82NjREM0FBQjhFNUM1N0NBMjgxMzA2RTJCODM4NEI4MV9tdF8xX3ZpZGVvX2Rhc2hpbml0Lm1wNBUAAsgBEgAVAhhAZmJfcGVybWFuZW50L0VGNDZFNzAxQ0FDMTFCNjQ4NEJEMDA5Mjg2RTIwMEI5X2F1ZGlvX2Rhc2hpbml0Lm1wNBUCAsgBEgAoABgAGwKIB3VzZV9vaWwBMRJwcm9ncmVzc2l2ZV9yZWNpcGUBMRUAACbuvr3TrbuQBhUCKAJDMywXQFq1T987ZFoYGWRhc2hfaDI2NC1iYXNpYy1nZW4yXzcyMHARAHUAZbaeAQA&_nc_gid=dlR5A7V7iBWnWCxjf-HPSw&_nc_ss=7f289&_nc_zt=28&oh=00_AQCCDWN_Xns4iD3yOKIG9YyOPh64phoxM0UBlJ216PKo7Q&oe=6A58D3BE,https://scontent.fblr20-2.fna.fbcdn.net/v/t39.35426-6/741524028_2765053830533339_4320070949418632064_n.jpg?_nc_cat=111&ccb=1-7&_nc_sid=c53f8f&_nc_ohc=aKQ-pzti8gAQ7kNvwHNuJYW&_nc_oc=Adr5PHnQgFdZ1_l6XlCMftUYSimcHNwAjto44PP66v_mjShWocDiWye6GR0cwgjAt13ftKaAFiGG3qk0YnAamPK3&_nc_zt=14&_nc_ht=scontent.fblr20-2.fna&_nc_gid=dlR5A7V7iBWnWCxjf-HPSw&_nc_ss=7f289&oh=00_AQCe3sJGORJGkvqNZPgyc3BPHLarKRC8FGUJPJrkVG_4TQ&oe=6A58D14D,2026-07-16T12:51:10.000Z,2026-07-12,https://pub-893b4a6a607b4221a894bf861da7914e.r2.dev/1699685877739107.mp4
177,155,English Seekho,565574549966663,English Seekho App,,IN,1513356313347614,https://www.facebook.com/ads/library/?id=1513356313347614,2026-07-10,,false,false,1,0,,2026-07-10,,Fluent English bolne ka sirf ek raasta – Daily practice on English Seekho App. Start now!,English Communication strong karo aur confidence badhao,Install now,http://play.google.com/store/apps/details?id=com.bolo.android,"Facebook,Instagram,Audience Network,Messenger,Threads",Fluent English bolne ka sirf ek raasta – Daily practice on English Seekho App. Start now!,English Communication strong karo aur confidence badhao,Install now,http://play.google.com/store/apps/details?id=com.bolo.android,Video,"Facebook,Instagram,Audience Network,Messenger,Threads",1,0,9:16,https://video.fblr20-3.fna.fbcdn.net/o1/v/t2/f2/m366/AQPVwdPLANx8DVBNCA_kCdfCOkgeLpFxDsjzW89ojWN_bi8NfwCxJVV7bOZaJ79DO6ePylXq2C8bb0CbYwwm8dD-JFVCJhSRfEXNFEDv7i309w.mp4?_nc_cat=105&_nc_oc=AdplZl7QgEK1kfI-rlL8Y3w2p3pye0GsTGzb6oKh8ks8258beDbxJEqt0TcyIF5nPGfgsOyVvBVKn35Yxe0MGAwj&_nc_sid=b66105&_nc_ht=video.fblr20-3.fna.fbcdn.net&_nc_ohc=5gvHFZA7quIQ7kNvwHXAlSh&efg=eyJ2ZW5jb2RlX3RhZyI6Inhwdl9wcm9ncmVzc2l2ZS5WSV9VU0VDQVNFX1BST0RVQ1RfVFlQRS4uQzMuNzIwLmRhc2hfaDI2NC1iYXNpYy1nZW4yXzcyMHAiLCJ4cHZfYXNzZXRfaWQiOjE1NDQwODk1MzA3NDkyMjcsImFzc2V0X2FnZV9kYXlzIjoyLCJ2aV91c2VjYXNlX2lkIjoxMDEzOSwiZHVyYXRpb25fcyI6NjEsInVybGdlbl9zb3VyY2UiOiJ3d3cifQ%3D%3D&ccb=17-1&vs=bcc3ac7d4c5de220&_nc_vs=HBksFQIYRWZiX2VwaGVtZXJhbC9ENzQ4OTZENTE3QjcwNTA2NkJBOTdBOTVBODNCMzI5NF9tdF8xX3ZpZGVvX2Rhc2hpbml0Lm1wNBUAAsgBEgAVAhhAZmJfcGVybWFuZW50L0E0NEY4MDgxNjk1QkE0NDg5ODIyQzQ1NzQzOURDNUIwX2F1ZGlvX2Rhc2hpbml0Lm1wNBUCAsgBEgAoABgAGwKIB3VzZV9vaWwBMRJwcm9ncmVzc2l2ZV9yZWNpcGUBMRUAACbWxNq_65W-BRUCKAJDMywXQE7zMzMzMzMYGWRhc2hfaDI2NC1iYXNpYy1nZW4yXzcyMHARAHUAZbaeAQA&_nc_gid=Bl3DHrWUNyekvPMKP1zJjA&_nc_ss=7f289&_nc_zt=28&oh=00_AQDnEQ7YlqPweUbcebu-FEfhA4OTXdt4O0fLdZPtciMLWg&oe=6A58D173,https://scontent.fblr20-2.fna.fbcdn.net/v/t39.35426-6/741374062_1361114382659646_7800006852200967325_n.jpg?_nc_cat=111&ccb=1-7&_nc_sid=c53f8f&_nc_ohc=93p2LLfd60MQ7kNvwH4Q63v&_nc_oc=AdpgyrN-UpvxSxqz_CXbJumpkIzcwNR0ApXzPb8uMXxGWc8pd10l4gXNVYeWscRWbDTYjd9rUAqzzGP3oB_KSH5r&_nc_zt=14&_nc_ht=scontent.fblr20-2.fna&_nc_gid=Bl3DHrWUNyekvPMKP1zJjA&_nc_ss=7f289&oh=00_AQC6plebIKUsAj7tfu-6nepwsdDUx84tIc66oL_dP0L1KQ&oe=6A58A820,2026-07-16T12:41:23.000Z,2026-07-12,https://pub-893b4a6a607b4221a894bf861da7914e.r2.dev/1513356313347614.mp4
178,156,English Seekho,565574549966663,English Seekho App,,IN,892733559974358,https://www.facebook.com/ads/library/?id=892733559974358,2026-07-10,,false,false,1,0,,2026-07-10,,Fluent English bolne ka sirf ek raasta – Daily practice on English Seekho App. Start now!,English Communication strong karo aur confidence badhao,Install now,http://play.google.com/store/apps/details?id=com.bolo.android,"Facebook,Instagram,Audience Network,Messenger,Threads",Fluent English bolne ka sirf ek raasta – Daily practice on English Seekho App. Start now!,English Communication strong karo aur confidence badhao,Install now,http://play.google.com/store/apps/details?id=com.bolo.android,Video,"Facebook,Instagram,Audience Network,Messenger,Threads",1,0,9:16,https://video.fblr20-4.fna.fbcdn.net/o1/v/t2/f2/m366/AQNrTeYeiAp5rGR5X1iQLC1AFv8iJdVdv-jKrKt9shph91k_UjmZx9sEfMcIi33_6jphIVFV-TcH-wtnlkbESDGZlwtA7_9x4nSXJ4n2PEvKyg.mp4?_nc_cat=101&_nc_oc=Adohgoj5mW_X5qOGE19BlxouCUCw6BMQxS0Pr86jpNTQiSxIGMNX-i-9Ci3DTw1tb_tUb815IBj-0x1iAS3JJY7G&_nc_sid=b66105&_nc_ht=video.fblr20-4.fna.fbcdn.net&_nc_ohc=z4caTMVcvrwQ7kNvwEmeasM&efg=eyJ2ZW5jb2RlX3RhZyI6Inhwdl9wcm9ncmVzc2l2ZS5WSV9VU0VDQVNFX1BST0RVQ1RfVFlQRS4uQzMuNzIwLmRhc2hfaDI2NC1iYXNpYy1nZW4yXzcyMHAiLCJ4cHZfYXNzZXRfaWQiOjEzNDc4NzM1NjAwMjU5OTcsImFzc2V0X2FnZV9kYXlzIjoyLCJ2aV91c2VjYXNlX2lkIjoxMDEzOSwiZHVyYXRpb25fcyI6MTE3LCJ1cmxnZW5fc291cmNlIjoid3d3In0%3D&ccb=17-1&vs=d90939342ff2e844&_nc_vs=HBksFQIYRWZiX2VwaGVtZXJhbC9BRTQ0NDE3OTBDRDYwN0M5RjYxNkRDODJGNkM4N0ZCMl9tdF8xX3ZpZGVvX2Rhc2hpbml0Lm1wNBUAAsgBEgAVAhhAZmJfcGVybWFuZW50LzVGNDkxNjU5QjUzRURFQkRBMDM5MDVGQUIyQkZDM0FBX2F1ZGlvX2Rhc2hpbml0Lm1wNBUCAsgBEgAoABgAGwKIB3VzZV9vaWwBMRJwcm9ncmVzc2l2ZV9yZWNpcGUBMRUAACaa7vrLyPjkBBUCKAJDMywXQF1AAAAAAAAYGWRhc2hfaDI2NC1iYXNpYy1nZW4yXzcyMHARAHUAZbaeAQA&_nc_gid=Bl3DHrWUNyekvPMKP1zJjA&_nc_ss=7f289&_nc_zt=28&oh=00_AQD5apsAhV5YhUrrsplSar9wtPURr_3ReebR6y7t2oqo1w&oe=6A58C87B,https://scontent.fblr20-3.fna.fbcdn.net/v/t39.35426-6/741215083_1434869255116638_8631942826180591797_n.jpg?_nc_cat=100&ccb=1-7&_nc_sid=c53f8f&_nc_ohc=HUdSyGW-s18Q7kNvwEUXaug&_nc_oc=AdrUTRKdY7B_NTlcFURYTR6VjT2TYOWc166MVgqKffqZApKMe4CjVRRRLWI6Gct7DXT-e8N3ix4zS_Q2Hfj25bgd&_nc_zt=14&_nc_ht=scontent.fblr20-3.fna&_nc_gid=Bl3DHrWUNyekvPMKP1zJjA&_nc_ss=7f289&oh=00_AQD7IV5rTIqFExuNGEDdqGLbv15YQhxd87o27btwokflbA&oe=6A58B6AF,2026-07-16T12:03:07.000Z,2026-07-12,https://pub-893b4a6a607b4221a894bf861da7914e.r2.dev/892733559974358.mp4
179,157,English Seekho,565574549966663,English Seekho App,,IN,1476645587385501,https://www.facebook.com/ads/library/?id=1476645587385501,2026-01-22,,false,false,1,0,,2026-01-22,,Fluent English bolne ka sirf ek raasta – Daily practice on English Seekho App. Start now!,English Communication strong karo aur confidence badhao,Install now,http://play.google.com/store/apps/details?id=com.bolo.android,"Facebook,Instagram,Audience Network,Messenger,Threads",Fluent English bolne ka sirf ek raasta – Daily practice on English Seekho App. Start now!,English Communication strong karo aur confidence badhao,Install now,http://play.google.com/store/apps/details?id=com.bolo.android,Video,"Facebook,Instagram,Audience Network,Messenger,Threads",1,0,9:16,https://video.fblr20-2.fna.fbcdn.net/o1/v/t2/f2/m366/AQP_f8PU69JEkJ2S-gaxQMzRcSlvsPbzf0kUilLU-Z4z2rPJ6j6xOk3PUT0k1kpDYcRln9WvJl3avzSavTEjPPWwJB6HFqud3vh6W2rvGf5jGg.mp4?_nc_cat=111&_nc_oc=AdpFIoIU0si10XxRU7FG3Tx4uQRgl8bS6G2fwgKLw9Q2ksK-_9yEw7wAhwlnnNSI-EYDTcVP9WveJIsa5es9_C1X&_nc_sid=b66105&_nc_ht=video.fblr20-2.fna.fbcdn.net&_nc_ohc=EaipcyymwwgQ7kNvwGLMKd6&efg=eyJ2ZW5jb2RlX3RhZyI6Inhwdl9wcm9ncmVzc2l2ZS5WSV9VU0VDQVNFX1BST0RVQ1RfVFlQRS4uQzMuNzIwLmRhc2hfaDI2NC1iYXNpYy1nZW4yXzcyMHAiLCJ4cHZfYXNzZXRfaWQiOjIxMTgxNTUyMDUzODkwNTcsImFzc2V0X2FnZV9kYXlzIjoxODQsInZpX3VzZWNhc2VfaWQiOjEwMTM5LCJkdXJhdGlvbl9zIjo0NCwidXJsZ2VuX3NvdXJjZSI6Ind3dyJ9&ccb=17-1&vs=f0204dafac438cc9&_nc_vs=HBksFQIYRWZiX2VwaGVtZXJhbC9CRDRCMjY2NjEzQjg0RDQ1NDU2MkMyNjhCMUI1OUM5OF9tdF8xX3ZpZGVvX2Rhc2hpbml0Lm1wNBUAAsgBEgAVAhhAZmJfcGVybWFuZW50LzlDNENDRDVDMDJCMEIzQkYxMEY3Nzg1MDIwOEM0Mzg5X2F1ZGlvX2Rhc2hpbml0Lm1wNBUCAsgBEgAoABgAGwKIB3VzZV9vaWwBMRJwcm9ncmVzc2l2ZV9yZWNpcGUBMRUAACaCrMWJ7pzDBxUCKAJDMywXQEZzMzMzMzMYGWRhc2hfaDI2NC1iYXNpYy1nZW4yXzcyMHARAHUAZbaeAQA&_nc_gid=Bl3DHrWUNyekvPMKP1zJjA&_nc_ss=7f289&_nc_zt=28&oh=00_AQA_lv6kaxSzBLm-VoFVSV1r7j-MYTrZMVZn9XeQyW6H5g&oe=6A58B73D,https://scontent.fblr20-2.fna.fbcdn.net/v/t39.35426-6/619373885_1226027402193072_2367144798730078276_n.jpg?_nc_cat=102&ccb=1-7&_nc_sid=c53f8f&_nc_ohc=KOh1iPWZtFwQ7kNvwHGM_qb&_nc_oc=AdoaNxFbqQl2RUXh7-X-z9k_2euSCO7ErQKe-_LhwaUthmdOoLoUi1zAhpxHWMo9UXlU1f8N0NL00ZpDJK3unqcR&_nc_zt=14&_nc_ht=scontent.fblr20-2.fna&_nc_gid=Bl3DHrWUNyekvPMKP1zJjA&_nc_ss=7f289&oh=00_AQCDNFn9WhfnyRcdDgld9K4xiGOqOxV6DGTAJt_mkgAAoA&oe=6A58BA2C,2026-07-16T10:49:33.000Z,2026-07-12,https://pub-893b4a6a607b4221a894bf861da7914e.r2.dev/1476645587385501.mp4
180,158,English Seekho,565574549966663,English Seekho App,,IN,1577673830585178,https://www.facebook.com/ads/library/?id=1577673830585178,2026-07-06,,false,true,2,0,1577673830585178,2026-07-06,,Fluent English bolne ka sirf ek raasta – Daily practice on English Seekho App. Start now!,English Communication strong karo aur confidence badhao,Install now,http://play.google.com/store/apps/details?id=com.bolo.android,"Facebook,Instagram,Audience Network,Messenger,Threads",Fluent English bolne ka sirf ek raasta – Daily practice on English Seekho App. Start now!,English Communication strong karo aur confidence badhao,Install now,http://play.google.com/store/apps/details?id=com.bolo.android,Video,"Facebook,Instagram,Audience Network,Messenger,Threads",1,0,9:16,https://video.fblr20-4.fna.fbcdn.net/o1/v/t2/f2/m366/AQNLBqu2qYv_xCY7H9PhyCYguS2tcJCfTCZtqg5V9txVjKghXBMb1ZRJSYmtAcqOgbwjEioOchR__bX8kd7usjkhSWyvjATPU6aRn-cRJu6NqQ.mp4?_nc_cat=103&_nc_oc=Adq_gSAgfUG9NUDBoMZXgLDPu6cAJXDH7jyc4_uq90VuiEFbYL2EMbz-wtlAPNhqDXJ7W92c_OViHpSUdHtrXdrn&_nc_sid=b66105&_nc_ht=video.fblr20-4.fna.fbcdn.net&_nc_ohc=i2M0cWXKgjgQ7kNvwGTpEeS&efg=eyJ2ZW5jb2RlX3RhZyI6Inhwdl9wcm9ncmVzc2l2ZS5WSV9VU0VDQVNFX1BST0RVQ1RfVFlQRS4uQzMuNzIwLmRhc2hfaDI2NC1iYXNpYy1nZW4yXzcyMHAiLCJ4cHZfYXNzZXRfaWQiOjEwMDMyOTI2MDkyMzg0MDcsImFzc2V0X2FnZV9kYXlzIjo4LCJ2aV91c2VjYXNlX2lkIjoxMDEzOSwiZHVyYXRpb25fcyI6NTUsInVybGdlbl9zb3VyY2UiOiJ3d3cifQ%3D%3D&ccb=17-1&vs=6ab688405207c840&_nc_vs=HBksFQIYRWZiX2VwaGVtZXJhbC8zQTQwMzQ0NjM1MDBCODkwNEZEMjAyNzNDRDM3RUY4OF9tdF8xX3ZpZGVvX2Rhc2hpbml0Lm1wNBUAAsgBEgAVAhhAZmJfcGVybWFuZW50LzA5NDdGNzk3QjYwN0EyMTgyNkM2OEQ3N0Q3OUQ5RUI5X2F1ZGlvX2Rhc2hpbml0Lm1wNBUCAsgBEgAoABgAGwKIB3VzZV9vaWwBMRJwcm9ncmVzc2l2ZV9yZWNpcGUBMRUAACaO1qK5qJ_IAxUCKAJDMywXQEvAAAAAAAAYGWRhc2hfaDI2NC1iYXNpYy1nZW4yXzcyMHARAHUAZbaeAQA&_nc_gid=Bl3DHrWUNyekvPMKP1zJjA&_nc_ss=7f289&_nc_zt=28&oh=00_AQDO5wH6zsQJXgElJPGLzD4rreC_hUSXKpWvSZ5d4mUyUA&oe=6A58D35D,https://scontent.fblr20-3.fna.fbcdn.net/v/t39.35426-6/741409426_1001258819542545_5079356237195901064_n.jpg?_nc_cat=105&ccb=1-7&_nc_sid=c53f8f&_nc_ohc=gyfZf6zwCDgQ7kNvwEvN2SC&_nc_oc=AdoPtDBepxVSGRMsm-vHFsMTdcxFV5JoyWx14rxzrVKXf7yPZlqnghqA1Li_QY6IlOQKhHmxUBVLs_g346pViqn-&_nc_zt=14&_nc_ht=scontent.fblr20-3.fna&_nc_gid=Bl3DHrWUNyekvPMKP1zJjA&_nc_ss=7f289&oh=00_AQBaljofCfJmVk8fwYHLCclyxIUVS_dqlgUvIgFT1HldPw&oe=6A58AB46,2026-07-16T12:49:33.000Z,2026-07-12,https://pub-893b4a6a607b4221a894bf861da7914e.r2.dev/1577673830585178.mp4
181,158,English Seekho,565574549966663,English Seekho App,,IN,1577673830585178,https://www.facebook.com/ads/library/?id=1577673830585178,2026-07-06,,false,true,2,1,2205958093279325,2026-07-06,,Fluent English bolne ka sirf ek raasta – Daily practice on English Seekho App. Start now!,English Communication strong karo aur confidence badhao,Install now,http://play.google.com/store/apps/details?id=com.bolo.android,"Facebook,Instagram,Audience Network,Messenger,Threads",Fluent English bolne ka sirf ek raasta – Daily practice on English Seekho App. Start now!,English Communication strong karo aur confidence badhao,Install now,http://play.google.com/store/apps/details?id=com.bolo.android,Video,"Facebook,Instagram,Audience Network,Messenger,Threads",1,0,9:16,https://video.fblr20-4.fna.fbcdn.net/o1/v/t2/f2/m366/AQNLBqu2qYv_xCY7H9PhyCYguS2tcJCfTCZtqg5V9txVjKghXBMb1ZRJSYmtAcqOgbwjEioOchR__bX8kd7usjkhSWyvjATPU6aRn-cRJu6NqQ.mp4?_nc_cat=103&_nc_oc=Adq_gSAgfUG9NUDBoMZXgLDPu6cAJXDH7jyc4_uq90VuiEFbYL2EMbz-wtlAPNhqDXJ7W92c_OViHpSUdHtrXdrn&_nc_sid=b66105&_nc_ht=video.fblr20-4.fna.fbcdn.net&_nc_ohc=i2M0cWXKgjgQ7kNvwGTpEeS&efg=eyJ2ZW5jb2RlX3RhZyI6Inhwdl9wcm9ncmVzc2l2ZS5WSV9VU0VDQVNFX1BST0RVQ1RfVFlQRS4uQzMuNzIwLmRhc2hfaDI2NC1iYXNpYy1nZW4yXzcyMHAiLCJ4cHZfYXNzZXRfaWQiOjEwMDMyOTI2MDkyMzg0MDcsImFzc2V0X2FnZV9kYXlzIjo4LCJ2aV91c2VjYXNlX2lkIjoxMDEzOSwiZHVyYXRpb25fcyI6NTUsInVybGdlbl9zb3VyY2UiOiJ3d3cifQ%3D%3D&ccb=17-1&vs=6ab688405207c840&_nc_vs=HBksFQIYRWZiX2VwaGVtZXJhbC8zQTQwMzQ0NjM1MDBCODkwNEZEMjAyNzNDRDM3RUY4OF9tdF8xX3ZpZGVvX2Rhc2hpbml0Lm1wNBUAAsgBEgAVAhhAZmJfcGVybWFuZW50LzA5NDdGNzk3QjYwN0EyMTgyNkM2OEQ3N0Q3OUQ5RUI5X2F1ZGlvX2Rhc2hpbml0Lm1wNBUCAsgBEgAoABgAGwKIB3VzZV9vaWwBMRJwcm9ncmVzc2l2ZV9yZWNpcGUBMRUAACaO1qK5qJ_IAxUCKAJDMywXQEvAAAAAAAAYGWRhc2hfaDI2NC1iYXNpYy1nZW4yXzcyMHARAHUAZbaeAQA&_nc_gid=Bl8gA8szUgHqY2wPH_XZsQ&_nc_ss=7f289&_nc_zt=28&oh=00_AQAPnqUNf8p9UVf18M3GbzqPPy1D1_la0EtenW8MQe5nCg&oe=6A58D35D,https://scontent.fblr20-2.fna.fbcdn.net/v/t39.35426-6/741361177_2187468792019337_799474625644110314_n.jpg?_nc_cat=111&ccb=1-7&_nc_sid=c53f8f&_nc_ohc=gJ_32x_mecUQ7kNvwGGBkCD&_nc_oc=AdqoJ1jSSHolGbt-TCKGZ2viMxnnlNplK7F0mj3Dqlj4Vk0mjpq48c86kCA-TK5xg8ASvik9vi3voCdVRjMh_34D&_nc_zt=14&_nc_ht=scontent.fblr20-2.fna&_nc_gid=Bl8gA8szUgHqY2wPH_XZsQ&_nc_ss=7f289&oh=00_AQAWC1QlPTSAElsBagt94PJubBOjLWyyyghQnLYMuHpesQ&oe=6A58B6C9,2026-07-16T12:49:33.000Z,2026-07-12,
182,159,English Seekho,565574549966663,English Seekho App,,IN,1571875524721823,https://www.facebook.com/ads/library/?id=1571875524721823,2026-07-10,,false,false,1,0,,2026-07-10,,Fluent English bolne ka sirf ek raasta – Daily practice on English Seekho App. Start now!,English Communication strong karo aur confidence badhao,Install now,http://play.google.com/store/apps/details?id=com.bolo.android,"Facebook,Instagram,Audience Network,Messenger,Threads",Fluent English bolne ka sirf ek raasta – Daily practice on English Seekho App. Start now!,English Communication strong karo aur confidence badhao,Install now,http://play.google.com/store/apps/details?id=com.bolo.android,Video,"Facebook,Instagram,Audience Network,Messenger,Threads",1,0,9:16,https://video.fblr20-3.fna.fbcdn.net/o1/v/t2/f2/m366/AQNKFfhz3x7i3F3NKziHKuG6LWKzgQerlM6hyynZPPHl3UXc390018SmPU_vJMBTOlvkciPDazQu-e5q1sgVCxz9m1Ywz_pS4f_KKbxfAIWQZw.mp4?_nc_cat=100&_nc_oc=Adrr6BKx6b6yl_rNgneAxhlYXeUY3NO9GCCegw7itAprEO_ehDq9Yy3acbloTaJDDHroyDw7MttsJOXH24DBKyB1&_nc_sid=b66105&_nc_ht=video.fblr20-3.fna.fbcdn.net&_nc_ohc=3rLG-q1l7aMQ7kNvwE6FrN3&efg=eyJ2ZW5jb2RlX3RhZyI6Inhwdl9wcm9ncmVzc2l2ZS5WSV9VU0VDQVNFX1BST0RVQ1RfVFlQRS4uQzMuNzIwLmRhc2hfaDI2NC1iYXNpYy1nZW4yXzcyMHAiLCJ4cHZfYXNzZXRfaWQiOjEwMDAyNjc3MTkzMDEzOTMsImFzc2V0X2FnZV9kYXlzIjoyLCJ2aV91c2VjYXNlX2lkIjoxMDEzOSwiZHVyYXRpb25fcyI6MTM4LCJ1cmxnZW5fc291cmNlIjoid3d3In0%3D&ccb=17-1&vs=6c551b0d548d5c8&_nc_vs=HBksFQIYRWZiX2VwaGVtZXJhbC8zMDQ1OTVDODI4QTBENjA3RTJFQTc1Nzg2QUNDOUFBOF9tdF8xX3ZpZGVvX2Rhc2hpbml0Lm1wNBUAAsgBEgAVAhhAZmJfcGVybWFuZW50L0FENDJBN0YzRURGMDJDQTk2NTY3OTQzM0Q0MTcyNEI1X2F1ZGlvX2Rhc2hpbml0Lm1wNBUCAsgBEgAoABgAGwKIB3VzZV9vaWwBMRJwcm9ncmVzc2l2ZV9yZWNpcGUBMRUAACai5Lahn-_GAxUCKAJDMywXQGFCHKwIMScYGWRhc2hfaDI2NC1iYXNpYy1nZW4yXzcyMHARAHUAZbaeAQA&_nc_gid=Bl3DHrWUNyekvPMKP1zJjA&_nc_ss=7f289&_nc_zt=28&oh=00_AQDCYNit0Jw9u0bSnnP_ZXQqUvQVS-NiTs16BijlnKYa1Q&oe=6A58AA58,https://scontent.fblr20-2.fna.fbcdn.net/v/t39.35426-6/742172881_1400616238563708_7447324615829335990_n.jpg?_nc_cat=102&ccb=1-7&_nc_sid=c53f8f&_nc_ohc=wAPeS76PvKwQ7kNvwEIJl0O&_nc_oc=AdqAvmEWO_PH1OJ-TiVn-5kYsRtRqTJX0JkbYKocPDrOSLQaTguqchVxPWACQl7Sk-DDO9dvYV3qoYGXjeeHJvPN&_nc_zt=14&_nc_ht=scontent.fblr20-2.fna&_nc_gid=Bl3DHrWUNyekvPMKP1zJjA&_nc_ss=7f289&oh=00_AQC1LWnwwH2WAuAZb7wErvQ4vkIPFaAVHGaREr28Wbo6Tg&oe=6A58B400,2026-07-16T09:54:32.000Z,2026-07-12,https://pub-893b4a6a607b4221a894bf861da7914e.r2.dev/1571875524721823.mp4
183,160,English Seekho,565574549966663,English Seekho App,,IN,1244507290916309,https://www.facebook.com/ads/library/?id=1244507290916309,2026-01-22,,false,false,1,0,,2026-01-22,,Fluent English bolne ka sirf ek raasta – Daily practice on English Seekho App. Start now!,English Communication strong karo aur confidence badhao,Install now,http://play.google.com/store/apps/details?id=com.bolo.android,"Facebook,Instagram,Audience Network,Messenger,Threads",Fluent English bolne ka sirf ek raasta – Daily practice on English Seekho App. Start now!,English Communication strong karo aur confidence badhao,Install now,http://play.google.com/store/apps/details?id=com.bolo.android,Video,"Facebook,Instagram,Audience Network,Messenger,Threads",1,0,9:16,https://video.fblr20-3.fna.fbcdn.net/o1/v/t2/f2/m366/AQNY3cP6E2D8Iab_aAXZQPhAM_iDBWtxEcr5n0dxa56P5v5GBQGIFmeNggrCsklnmffsUnvdarhd0wLxu_EKo--hzW40TaEIiJ36_c8KgN9uqQ.mp4?_nc_cat=100&_nc_oc=Adp35JJoUALK8vN4j8riszWVTLjd-B9uAsdjr3dS7r20r8HvcCgj65Y8WDbUXPxb1fqWPmZaS6Sjz_6PsLe7M9jT&_nc_sid=b66105&_nc_ht=video.fblr20-3.fna.fbcdn.net&_nc_ohc=x92K8R24id0Q7kNvwEHczPm&efg=eyJ2ZW5jb2RlX3RhZyI6Inhwdl9wcm9ncmVzc2l2ZS5WSV9VU0VDQVNFX1BST0RVQ1RfVFlQRS4uQzMuNzIwLmRhc2hfaDI2NC1iYXNpYy1nZW4yXzcyMHAiLCJ4cHZfYXNzZXRfaWQiOjI2OTQ5NDQ2ODA4NDY4NjYsImFzc2V0X2FnZV9kYXlzIjoyMTYsInZpX3VzZWNhc2VfaWQiOjEwMTM5LCJkdXJhdGlvbl9zIjozMywidXJsZ2VuX3NvdXJjZSI6Ind3dyJ9&ccb=17-1&vs=12d9aab9f3be54d0&_nc_vs=HBksFQIYRWZiX2VwaGVtZXJhbC9BNjQ0NkU3MkE3MkNBQjQyNTM3NjE0NzQwODE3MDRCRF9tdF8xX3ZpZGVvX2Rhc2hpbml0Lm1wNBUAAsgBEgAVAhhAZmJfcGVybWFuZW50LzhFNERBQTkyODc4MDQwQUQ4QkQxREJDQTBDMDI3Qjk0X2F1ZGlvX2Rhc2hpbml0Lm1wNBUCAsgBEgAoABgAGwKIB3VzZV9vaWwBMRJwcm9ncmVzc2l2ZV9yZWNpcGUBMRUAACakmKHGtsLJCRUCKAJDMywXQEDqn752yLQYGWRhc2hfaDI2NC1iYXNpYy1nZW4yXzcyMHARAHUAZbaeAQA&_nc_gid=Bl3DHrWUNyekvPMKP1zJjA&_nc_ss=7f289&_nc_zt=28&oh=00_AQBplniYdzyNGOmlCAIPoznQGOmuNsE5I1yDQ6o1xQoZzw&oe=6A58AB2C,https://scontent.fblr20-2.fna.fbcdn.net/v/t39.35426-6/618815353_1438621617813981_5237320632522689572_n.jpg?_nc_cat=102&ccb=1-7&_nc_sid=c53f8f&_nc_ohc=Qz_TjS185OMQ7kNvwGIS6Cc&_nc_oc=AdrlImbpbYuNiaJbnAv4xVbTjg8NKd_RynH9CyMpe1pXkgZLeW0fTKSE6YNklELJXeTORVO3DehrvwsFfJ_kzy_x&_nc_zt=14&_nc_ht=scontent.fblr20-2.fna&_nc_gid=Bl3DHrWUNyekvPMKP1zJjA&_nc_ss=7f289&oh=00_AQDgbx7xwXKaCMtNI1icPSxSISFIioIc9AGmamqDY67I4g&oe=6A58AE79,2026-07-16T09:58:04.000Z,2026-07-12,https://pub-893b4a6a607b4221a894bf861da7914e.r2.dev/1244507290916309.mp4
184,161,English Seekho,565574549966663,English Seekho App,,IN,1027681312994322,https://www.facebook.com/ads/library/?id=1027681312994322,2026-07-10,,false,false,1,0,,2026-07-10,,Fluent English bolne ka sirf ek raasta – Daily practice on English Seekho App. Start now!,English Communication strong karo aur confidence badhao,Install now,http://play.google.com/store/apps/details?id=com.bolo.android,"Facebook,Instagram,Audience Network,Messenger,Threads",Fluent English bolne ka sirf ek raasta – Daily practice on English Seekho App. Start now!,English Communication strong karo aur confidence badhao,Install now,http://play.google.com/store/apps/details?id=com.bolo.android,Video,"Facebook,Instagram,Audience Network,Messenger,Threads",1,0,9:16,https://video.fblr20-4.fna.fbcdn.net/o1/v/t2/f2/m366/AQOrCoWTC74nDhVSq5Me2Yvcy3Pyu16km6Bki5MFx5f-FjTwBcHFPuqSa9M1EnYC36HyrGZg-m1YmlY5Zh-bLY-n3Wg-MpfYRlwXM-g1fL1MQQ.mp4?_nc_cat=106&_nc_oc=Adp2Exn4WX9m9Afk9ib8VIrWxMq1vMC8naWdUN3lepAHandKgllIJTk3yiizzxAQSKxLau2NYMxoVjAEQpAnMBby&_nc_sid=b66105&_nc_ht=video.fblr20-4.fna.fbcdn.net&_nc_ohc=a12R--ciUDkQ7kNvwHxsHNQ&efg=eyJ2ZW5jb2RlX3RhZyI6Inhwdl9wcm9ncmVzc2l2ZS5WSV9VU0VDQVNFX1BST0RVQ1RfVFlQRS4uQzMuNzIwLmRhc2hfaDI2NC1iYXNpYy1nZW4yXzcyMHAiLCJ4cHZfYXNzZXRfaWQiOjk1NzA0MzQ2MDcyMDQzNCwiYXNzZXRfYWdlX2RheXMiOjIsInZpX3VzZWNhc2VfaWQiOjEwMTM5LCJkdXJhdGlvbl9zIjo1MiwidXJsZ2VuX3NvdXJjZSI6Ind3dyJ9&ccb=17-1&vs=9287785383f99281&_nc_vs=HBksFQIYRWZiX2VwaGVtZXJhbC8yMDQ3QUIwRUZGQTI3NkVDNjBGODg4QzRDRUEyMTBCNF9tdF8xX3ZpZGVvX2Rhc2hpbml0Lm1wNBUAAsgBEgAVAhhAZmJfcGVybWFuZW50LzZENDM4NzdDNzcwQzkyRDkyRjIxMEFBNThFOEEzQ0EwX2F1ZGlvX2Rhc2hpbml0Lm1wNBUCAsgBEgAoABgAGwKIB3VzZV9vaWwBMRJwcm9ncmVzc2l2ZV9yZWNpcGUBMRUAACbknJa4oZuzAxUCKAJDMywXQEob52yLQ5YYGWRhc2hfaDI2NC1iYXNpYy1nZW4yXzcyMHARAHUAZbaeAQA&_nc_gid=Bl3DHrWUNyekvPMKP1zJjA&_nc_ss=7f289&_nc_zt=28&oh=00_AQD5xd_nxpxhasOCH95tz_ByVn5NEDQiOrXeuKe2COkh3w&oe=6A58C87A,https://scontent.fblr20-1.fna.fbcdn.net/v/t39.35426-6/743841668_2704480853287338_388387855647575340_n.jpg?_nc_cat=110&ccb=1-7&_nc_sid=c53f8f&_nc_ohc=TmcO-1gMvP8Q7kNvwFrv_3Q&_nc_oc=AdreZ3pxha8a01HzICryHnEQDRgWXhrLf11rqyBe8kJPB0_q2xOD-yVJtFoALMVzAu-trqez-NNU1lc4pfoAfNHC&_nc_zt=14&_nc_ht=scontent.fblr20-1.fna&_nc_gid=Bl3DHrWUNyekvPMKP1zJjA&_nc_ss=7f289&oh=00_AQB9Rm9iengLL2ChMSBSSH3ZDxbgHue7AZ8m-2A2Dzt0ig&oe=6A58AE6B,2026-07-16T12:03:06.000Z,2026-07-12,https://pub-893b4a6a607b4221a894bf861da7914e.r2.dev/1027681312994322.mp4
185,162,English Seekho,565574549966663,English Seekho App,,IN,2003075577007442,https://www.facebook.com/ads/library/?id=2003075577007442,2026-07-09,,false,true,2,0,2003075577007442,2026-07-09,,Fluent English bolne ka sirf ek raasta – Daily practice on English Seekho App. Start now!,English Communication strong karo aur confidence badhao,Install now,http://play.google.com/store/apps/details?id=com.bolo.android,"Facebook,Instagram,Audience Network,Messenger,Threads",Fluent English bolne ka sirf ek raasta – Daily practice on English Seekho App. Start now!,English Communication strong karo aur confidence badhao,Install now,http://play.google.com/store/apps/details?id=com.bolo.android,Video,"Facebook,Instagram,Audience Network,Messenger,Threads",1,0,9:16,https://video.fblr20-4.fna.fbcdn.net/o1/v/t2/f2/m366/AQOiSD1aXMzWKSkSs4TNwica39FJLynXz518WlxAMqHkB6vZDoYhJ4PhTbyT5CEsSt7pKmKbFg87IoEZPo8X4Gn5A5CZ1g_kQ8mIQWSxOVQBog.mp4?_nc_cat=103&_nc_oc=AdosleZ4GhAkl4D9BHUJ_pw2-eciI30fwnCSjQcOZ5_sdmTRGl4N65JfQSJMuktiybbbPxFpcPilTTy7ECxML86F&_nc_sid=b66105&_nc_ht=video.fblr20-4.fna.fbcdn.net&_nc_ohc=GEjJLolccboQ7kNvwHYaQr3&efg=eyJ2ZW5jb2RlX3RhZyI6Inhwdl9wcm9ncmVzc2l2ZS5WSV9VU0VDQVNFX1BST0RVQ1RfVFlQRS4uQzMuNzIwLmRhc2hfaDI2NC1iYXNpYy1nZW4yXzcyMHAiLCJ4cHZfYXNzZXRfaWQiOjE1ODMwMjczNzAxOTYyMTIsImFzc2V0X2FnZV9kYXlzIjoyLCJ2aV91c2VjYXNlX2lkIjoxMDc5OSwiZHVyYXRpb25fcyI6MTAxLCJ1cmxnZW5fc291cmNlIjoid3d3In0%3D&ccb=17-1&vs=104a6116721d28d0&_nc_vs=HBksFQIYRWZiX2VwaGVtZXJhbC8wODRERDZCRjFBRjJEOEMxQjU3Q0I4MzVEQzBCREVBQl9tdF8xX3ZpZGVvX2Rhc2hpbml0Lm1wNBUAAsgBEgAVAhhAZmJfcGVybWFuZW50L0VFNDZENDgyODEwRjU0QkJGNTM2QURGRTFCRUI4NEEzX2F1ZGlvX2Rhc2hpbml0Lm1wNBUCAsgBEgAoABgAGwKIB3VzZV9vaWwBMRJwcm9ncmVzc2l2ZV9yZWNpcGUBMRUAACbo84-BqfDPBRUCKAJDMywXQFlu6XjU_fQYGWRhc2hfaDI2NC1iYXNpYy1nZW4yXzcyMHARAHUAZd6oAQA&_nc_gid=Bl3DHrWUNyekvPMKP1zJjA&_nc_ss=7f289&_nc_zt=28&oh=00_AQB5rP2Ovb2hOo1V1LjhckS6xYSDRaRcG8_o0BNw9w04Uw&oe=6A58B07D,https://scontent.fblr20-5.fna.fbcdn.net/v/t39.35426-6/742198213_1695241458435075_7060427943135401893_n.jpg?_nc_cat=107&ccb=1-7&_nc_sid=c53f8f&_nc_ohc=wR05d-nUiuQQ7kNvwH7WoRJ&_nc_oc=AdoZjM7zepZX5L-D1RRc7QbLxq3wBXnEGoCrCE_agHMbP3xsKmvNVi25tVAuDUnncZiPktopXceYOSoFAThwpzgl&_nc_zt=14&_nc_ht=scontent.fblr20-5.fna&_nc_gid=Bl3DHrWUNyekvPMKP1zJjA&_nc_ss=7f289&oh=00_AQAijE9ELNDrEYAgxRirp1A8sn-MpeXoUSyJekxo0LMHvQ&oe=6A58CFB8,2026-07-16T10:20:45.000Z,2026-07-12,https://pub-893b4a6a607b4221a894bf861da7914e.r2.dev/2003075577007442.mp4
186,162,English Seekho,565574549966663,English Seekho App,,IN,2003075577007442,https://www.facebook.com/ads/library/?id=2003075577007442,2026-07-09,,false,true,2,1,1220621270136642,2026-07-10,,Fluent English bolne ka sirf ek raasta – Daily practice on English Seekho App. Start now!,English Communication strong karo aur confidence badhao,Install now,http://play.google.com/store/apps/details?id=com.bolo.android,"Facebook,Instagram,Audience Network,Messenger,Threads",Fluent English bolne ka sirf ek raasta – Daily practice on English Seekho App. Start now!,English Communication strong karo aur confidence badhao,Install now,http://play.google.com/store/apps/details?id=com.bolo.android,Video,"Facebook,Instagram,Audience Network,Messenger,Threads",1,0,9:16,https://video.fblr20-4.fna.fbcdn.net/o1/v/t2/f2/m366/AQOiSD1aXMzWKSkSs4TNwica39FJLynXz518WlxAMqHkB6vZDoYhJ4PhTbyT5CEsSt7pKmKbFg87IoEZPo8X4Gn5A5CZ1g_kQ8mIQWSxOVQBog.mp4?_nc_cat=103&_nc_oc=AdosleZ4GhAkl4D9BHUJ_pw2-eciI30fwnCSjQcOZ5_sdmTRGl4N65JfQSJMuktiybbbPxFpcPilTTy7ECxML86F&_nc_sid=b66105&_nc_ht=video.fblr20-4.fna.fbcdn.net&_nc_ohc=GEjJLolccboQ7kNvwHYaQr3&efg=eyJ2ZW5jb2RlX3RhZyI6Inhwdl9wcm9ncmVzc2l2ZS5WSV9VU0VDQVNFX1BST0RVQ1RfVFlQRS4uQzMuNzIwLmRhc2hfaDI2NC1iYXNpYy1nZW4yXzcyMHAiLCJ4cHZfYXNzZXRfaWQiOjE1ODMwMjczNzAxOTYyMTIsImFzc2V0X2FnZV9kYXlzIjoyLCJ2aV91c2VjYXNlX2lkIjoxMDc5OSwiZHVyYXRpb25fcyI6MTAxLCJ1cmxnZW5fc291cmNlIjoid3d3In0%3D&ccb=17-1&vs=104a6116721d28d0&_nc_vs=HBksFQIYRWZiX2VwaGVtZXJhbC8wODRERDZCRjFBRjJEOEMxQjU3Q0I4MzVEQzBCREVBQl9tdF8xX3ZpZGVvX2Rhc2hpbml0Lm1wNBUAAsgBEgAVAhhAZmJfcGVybWFuZW50L0VFNDZENDgyODEwRjU0QkJGNTM2QURGRTFCRUI4NEEzX2F1ZGlvX2Rhc2hpbml0Lm1wNBUCAsgBEgAoABgAGwKIB3VzZV9vaWwBMRJwcm9ncmVzc2l2ZV9yZWNpcGUBMRUAACbo84-BqfDPBRUCKAJDMywXQFlu6XjU_fQYGWRhc2hfaDI2NC1iYXNpYy1nZW4yXzcyMHARAHUAZd6oAQA&_nc_gid=P_rY5eBGwEj8v36HoWgezw&_nc_ss=7f289&_nc_zt=28&oh=00_AQAHTs6MTsdQpsrbMXs1P4m7sPtd3z1VFm9L7yt2uMc9ig&oe=6A58B07D,https://scontent.fblr20-5.fna.fbcdn.net/v/t39.35426-6/742267065_1348580623409242_4896716697559196555_n.jpg?_nc_cat=107&ccb=1-7&_nc_sid=c53f8f&_nc_ohc=oyjbGECm3dUQ7kNvwHtihaJ&_nc_oc=AdrvHyiJ6GLET6ojPZZG0yxXg772ueojaBXP46ia0WRQGLMeUJ5vkn87X-DbDEt0n957fbssbknKgMeDbq5_-I8p&_nc_zt=14&_nc_ht=scontent.fblr20-5.fna&_nc_gid=P_rY5eBGwEj8v36HoWgezw&_nc_ss=7f289&oh=00_AQDFOhJkdAKsnBwvFyXu6NngBVu0B1zQa0TG0Iozp0eCqQ&oe=6A58B439,2026-07-16T10:20:45.000Z,2026-07-12,
187,163,English Seekho,565574549966663,English Seekho App,,IN,4379825375635044,https://www.facebook.com/ads/library/?id=4379825375635044,2026-01-22,,false,false,1,0,,2026-01-22,,Fluent English bolne ka sirf ek raasta – Daily practice on English Seekho App. Start now!,English Communication strong karo aur confidence badhao,Install now,http://play.google.com/store/apps/details?id=com.bolo.android,"Facebook,Instagram,Audience Network,Messenger,Threads",Fluent English bolne ka sirf ek raasta – Daily practice on English Seekho App. Start now!,English Communication strong karo aur confidence badhao,Install now,http://play.google.com/store/apps/details?id=com.bolo.android,Video,"Facebook,Instagram,Audience Network,Messenger,Threads",1,0,9:16,https://video.fblr20-2.fna.fbcdn.net/o1/v/t2/f2/m366/AQPuK7egZabB3nXdLf_rOUwcuXAk4LFaQtg70hHEubVtBsef7Jtf5ty3vtxF7CvtNS8qQmDCO3kXeaAPduDYORsdeUO8fLHvVv2LFuKScXNE9A.mp4?_nc_cat=104&_nc_oc=AdoqLgkgWycmP9VQW42GzL6D96MMKvFkJiuTqVkyDr1qa9NMxfPFWpeYs7pFEPScHQ2evLLKYf87SsCLGEKmvvoQ&_nc_sid=b66105&_nc_ht=video.fblr20-2.fna.fbcdn.net&_nc_ohc=BJPGDvMaWrAQ7kNvwFN4ihj&efg=eyJ2ZW5jb2RlX3RhZyI6Inhwdl9wcm9ncmVzc2l2ZS5WSV9VU0VDQVNFX1BST0RVQ1RfVFlQRS4uQzMuNzIwLmRhc2hfaDI2NC1iYXNpYy1nZW4yXzcyMHAiLCJ4cHZfYXNzZXRfaWQiOjE0MzYxODU4ODgxMTEzMDMsImFzc2V0X2FnZV9kYXlzIjoxODUsInZpX3VzZWNhc2VfaWQiOjEwMTM5LCJkdXJhdGlvbl9zIjoxNDYsInVybGdlbl9zb3VyY2UiOiJ3d3cifQ%3D%3D&ccb=17-1&vs=d9b33f93035b7318&_nc_vs=HBksFQIYRWZiX2VwaGVtZXJhbC85MzQxNjQ0QzZBRDdFREUwRTlEMDIzNDBFQkUyODI4RV9tdF8xX3ZpZGVvX2Rhc2hpbml0Lm1wNBUAAsgBEgAVAhhAZmJfcGVybWFuZW50LzM3NDhGRDY4NEYwOUUxOTNCMDY2Q0E0NEFDRDk0NUI2X2F1ZGlvX2Rhc2hpbml0Lm1wNBUCAsgBEgAoABgAGwKIB3VzZV9vaWwBMRJwcm9ncmVzc2l2ZV9yZWNpcGUBMRUAACaO64nbgo2NBRUCKAJDMywXQGJMzMzMzM0YGWRhc2hfaDI2NC1iYXNpYy1nZW4yXzcyMHARAHUAZbaeAQA&_nc_gid=Bl3DHrWUNyekvPMKP1zJjA&_nc_ss=7f289&_nc_zt=28&oh=00_AQBemEoFW3IpypsrGlzmzALQwrxc6cMgghwqUoxEpkms7A&oe=6A58BF10,https://scontent.fblr20-4.fna.fbcdn.net/v/t39.35426-6/621796684_1568854897592803_1201737612126526764_n.jpg?_nc_cat=101&ccb=1-7&_nc_sid=c53f8f&_nc_ohc=eNfcrilPf00Q7kNvwF6tT7G&_nc_oc=AdojrnPRH5guHzD0GARb9dHeghmfzYBTOZuTor_Lv0ETE1ooWo4UiNEZbc0pQnBhCPwqyNqaH9pvJx5_hJWe2fWc&_nc_zt=14&_nc_ht=scontent.fblr20-4.fna&_nc_gid=Bl3DHrWUNyekvPMKP1zJjA&_nc_ss=7f289&oh=00_AQAzTCWEytGAKp3x4v9aknaeNGWIBmuqUL5pa_dctw9oVw&oe=6A589F49,2026-07-16T11:22:56.000Z,2026-07-12,https://pub-893b4a6a607b4221a894bf861da7914e.r2.dev/4379825375635044.mp4
188,164,English Seekho,565574549966663,English Seekho App,,IN,1798711957512384,https://www.facebook.com/ads/library/?id=1798711957512384,2026-01-28,,false,false,1,0,,2026-01-28,,Fluent English bolne ka sirf ek raasta – Daily practice on English Seekho App. Start now!,English Communication strong karo aur confidence badhao,Install now,http://play.google.com/store/apps/details?id=com.bolo.android,"Facebook,Instagram,Audience Network,Messenger,Threads",Fluent English bolne ka sirf ek raasta – Daily practice on English Seekho App. Start now!,English Communication strong karo aur confidence badhao,Install now,http://play.google.com/store/apps/details?id=com.bolo.android,Video,"Facebook,Instagram,Audience Network,Messenger,Threads",1,0,9:16,https://video.fblr20-1.fna.fbcdn.net/o1/v/t2/f2/m366/AQPymyj3aTqyK3gZ-_UbQChk3oqXa3f7xkJqC5ijHj0alUC8SNBqMzWAhcngdorv0zP8UWwtUtoejwC1pBF9xUYv02P8I3aAYy0r9MhqOnVS3g.mp4?_nc_cat=1&_nc_oc=Ado7_vp9OT4ayRcUnANFDsiGec2YugEdOjQPnKKIX3q3UdAJCQHV7N4G2HpjUSnRddKG-0duGuGiiE-fnkxGEc7d&_nc_sid=b66105&_nc_ht=video.fblr20-1.fna.fbcdn.net&_nc_ohc=aqWYAPYhrhkQ7kNvwEfkzRu&efg=eyJ2ZW5jb2RlX3RhZyI6Inhwdl9wcm9ncmVzc2l2ZS5WSV9VU0VDQVNFX1BST0RVQ1RfVFlQRS4uQzMuNzIwLmRhc2hfaDI2NC1iYXNpYy1nZW4yXzcyMHAiLCJ4cHZfYXNzZXRfaWQiOjI2MjU0MTIwOTc4MzQ5NjQsImFzc2V0X2FnZV9kYXlzIjoyMjMsInZpX3VzZWNhc2VfaWQiOjEwMTM5LCJkdXJhdGlvbl9zIjo3OSwidXJsZ2VuX3NvdXJjZSI6Ind3dyJ9&ccb=17-1&vs=e8f79eb23b579122&_nc_vs=HBksFQIYRWZiX2VwaGVtZXJhbC9GOTRFOEU5RkQ3N0NGOEM2RjgzN0I2QTZFNUZFMzlCQV9tdF8xX3ZpZGVvX2Rhc2hpbml0Lm1wNBUAAsgBEgAVAhhAZmJfcGVybWFuZW50Lzc4NEE5MkI1NzcwMjBBRkVCNjE5Mjk2MjBDMUYyQzlFX2F1ZGlvX2Rhc2hpbml0Lm1wNBUCAsgBEgAoABgAGwKIB3VzZV9vaWwBMRJwcm9ncmVzc2l2ZV9yZWNpcGUBMRUAACao_9e3jPOpCRUCKAJDMywXQFPd0vGp--cYGWRhc2hfaDI2NC1iYXNpYy1nZW4yXzcyMHARAHUAZbaeAQA&_nc_gid=Bl3DHrWUNyekvPMKP1zJjA&_nc_ss=7f289&_nc_zt=28&oh=00_AQAmst4VdWEh0BteTx69lG8mFfWc03tzCAsnQl9n2DTkfg&oe=6A58A179,https://scontent.fblr20-3.fna.fbcdn.net/v/t39.35426-6/616823723_1210565680630690_1448060617521252403_n.jpg?_nc_cat=105&ccb=1-7&_nc_sid=c53f8f&_nc_ohc=qW-dMo30qOMQ7kNvwE4NKMm&_nc_oc=Adr_N40GrsHG4DcJb5eE8PjuJfvYTiJlUPhee7Yt8azVivz5ZVKD3iSztsZTxY1s-1k7DZRjfo-yGsZNWX452YG7&_nc_zt=14&_nc_ht=scontent.fblr20-3.fna&_nc_gid=Bl3DHrWUNyekvPMKP1zJjA&_nc_ss=7f289&oh=00_AQB3AWZifaCZgnU3UxVOKJ8qiW4hWhAjh1PYPZHhT91GJA&oe=6A58CF42,2026-07-16T09:16:41.000Z,2026-07-12,https://pub-893b4a6a607b4221a894bf861da7914e.r2.dev/1798711957512384.mp4
189,165,English Seekho,565574549966663,English Seekho App,,IN,1331540271994898,https://www.facebook.com/ads/library/?id=1331540271994898,2026-07-10,,false,false,1,0,,2026-07-10,,Fluent English bolne ka sirf ek raasta – Daily practice on English Seekho App. Start now!,English Communication strong karo aur confidence badhao,Install now,http://play.google.com/store/apps/details?id=com.bolo.android,"Facebook,Instagram,Audience Network,Messenger,Threads",Fluent English bolne ka sirf ek raasta – Daily practice on English Seekho App. Start now!,English Communication strong karo aur confidence badhao,Install now,http://play.google.com/store/apps/details?id=com.bolo.android,Video,"Facebook,Instagram,Audience Network,Messenger,Threads",1,0,9:16,https://video.fblr20-4.fna.fbcdn.net/o1/v/t2/f2/m366/AQOfEOBfYg_CCGMrVA8uoq3yObLv6fU_rfMCiUMZUTst_Oo6LpFsXc2m6FLHnOSzfJOHMVodf2O_JcGesXkC64irVYqPvA93Ir6spkpU5UeY0A.mp4?_nc_cat=103&_nc_oc=AdoiYpMFUp__Y8GZw7ZHVqCImII7bIT9Tu2Dg_q-4Our5PzlnrHHIU3Ta8NqMnnBcOG0Y2woRRYNisQI0tpRQm7f&_nc_sid=b66105&_nc_ht=video.fblr20-4.fna.fbcdn.net&_nc_ohc=4agCCiWLRksQ7kNvwE3CFiy&efg=eyJ2ZW5jb2RlX3RhZyI6Inhwdl9wcm9ncmVzc2l2ZS5WSV9VU0VDQVNFX1BST0RVQ1RfVFlQRS4uQzMuNzIwLmRhc2hfaDI2NC1iYXNpYy1nZW4yXzcyMHAiLCJ4cHZfYXNzZXRfaWQiOjE1MDQyMjE3Nzc1NDgxOTksImFzc2V0X2FnZV9kYXlzIjoyLCJ2aV91c2VjYXNlX2lkIjoxMDEzOSwiZHVyYXRpb25fcyI6NzEsInVybGdlbl9zb3VyY2UiOiJ3d3cifQ%3D%3D&ccb=17-1&vs=d7b288c93df83c23&_nc_vs=HBksFQIYRWZiX2VwaGVtZXJhbC9GRDQ0QTg4RDM2N0FCODBCOEFGMzc5RTk0MzVEMTlBQV9tdF8xX3ZpZGVvX2Rhc2hpbml0Lm1wNBUAAsgBEgAVAhhAZmJfcGVybWFuZW50L0ExNDI5ODUzODUyQ0FFMzQxODE0MDEwMTMzOUZEQ0EwX2F1ZGlvX2Rhc2hpbml0Lm1wNBUCAsgBEgAoABgAGwKIB3VzZV9vaWwBMRJwcm9ncmVzc2l2ZV9yZWNpcGUBMRUAACbOzrbLnYWsBRUCKAJDMywXQFH1T987ZFoYGWRhc2hfaDI2NC1iYXNpYy1nZW4yXzcyMHARAHUAZbaeAQA&_nc_gid=Vj2dstKaqMzPvFHXUfRqXA&_nc_ss=7f289&_nc_zt=28&oh=00_AQApMm1ee0UKhZi_K7Us3A7ICVpYkKDr5TkwejhTNCuYjw&oe=6A58B861,https://scontent.fblr20-3.fna.fbcdn.net/v/t39.35426-6/743541488_1040855498633769_6229244853206057763_n.jpg?_nc_cat=100&ccb=1-7&_nc_sid=c53f8f&_nc_ohc=cjUBCxh_6QIQ7kNvwG9swpM&_nc_oc=Ado1GCYncvQ6VKsywpxAqwpzX-16VEvlKcORWM--yjolumthp_oBlfeaJm5Bl9bsL6bcZeWCP5GVfLXCUwVurge0&_nc_zt=14&_nc_ht=scontent.fblr20-3.fna&_nc_gid=Vj2dstKaqMzPvFHXUfRqXA&_nc_ss=7f289&oh=00_AQBIx0Qwa3WG9_HmiIB90Wj21NEAh11eTv7D3xPL4b8quw&oe=6A58AD0C,2026-07-16T10:54:25.000Z,2026-07-12,https://pub-893b4a6a607b4221a894bf861da7914e.r2.dev/1331540271994898.mp4
190,166,English Seekho,565574549966663,English Seekho App,,IN,2037768870280868,https://www.facebook.com/ads/library/?id=2037768870280868,2026-06-18,,false,false,1,0,,2026-06-18,,Fluent English bolne ka sirf ek raasta – Daily practice on English Seekho App. Start now!,English Communication strong karo aur confidence badhao,Install now,http://play.google.com/store/apps/details?id=com.bolo.android,"Facebook,Instagram,Audience Network,Messenger,Threads",Fluent English bolne ka sirf ek raasta – Daily practice on English Seekho App. Start now!,English Communication strong karo aur confidence badhao,Install now,http://play.google.com/store/apps/details?id=com.bolo.android,Video,"Facebook,Instagram,Audience Network,Messenger,Threads",1,0,9:16,https://video.fblr20-2.fna.fbcdn.net/o1/v/t2/f2/m366/AQOkL7NDg7duHukWEnRpqD-skIDyirKfQkxu1ZwTOFYEnW-qFOxpnd_k5hfQRHSJcQ9bs2DOCXC7kgemiVA7pvVPYBUzcn4o2A8f4WV0I2VyVQ.mp4?_nc_cat=111&_nc_oc=AdqUnsMXonbOv8kbetkY92nPjwQ1BKzxg0NRzyqUt63cnMSwCR1lyV5b4kv9Y5tYP-iZxXeZx_b4zC_ICjW6e1fC&_nc_sid=b66105&_nc_ht=video.fblr20-2.fna.fbcdn.net&_nc_ohc=4GcPQoZu9-0Q7kNvwGXAgGq&efg=eyJ2ZW5jb2RlX3RhZyI6Inhwdl9wcm9ncmVzc2l2ZS5WSV9VU0VDQVNFX1BST0RVQ1RfVFlQRS4uQzMuNzIwLmRhc2hfaDI2NC1iYXNpYy1nZW4yXzcyMHAiLCJ4cHZfYXNzZXRfaWQiOjE0NTU1MDk3NzI5MjA4MTgsImFzc2V0X2FnZV9kYXlzIjoyNywidmlfdXNlY2FzZV9pZCI6MTAxMzksImR1cmF0aW9uX3MiOjEyOCwidXJsZ2VuX3NvdXJjZSI6Ind3dyJ9&ccb=17-1&vs=6137068b1f9f3545&_nc_vs=HBksFQIYRWZiX2VwaGVtZXJhbC84OTRBNkY4RDA2QzUzOEQyMUEwNjg2RDU5NUU2RDdBM19tdF8xX3ZpZGVvX2Rhc2hpbml0Lm1wNBUAAsgBEgAVAhhAZmJfcGVybWFuZW50L0JCNEUyMUY3NzJBMTEzQkEzNzdFNzIzMzQyODRBQzkzX2F1ZGlvX2Rhc2hpbml0Lm1wNBUCAsgBEgAoABgAGwKIB3VzZV9vaWwBMRJwcm9ncmVzc2l2ZV9yZWNpcGUBMRUAACbkn9vv6PGVBRUCKAJDMywXQGAdT987ZFoYGWRhc2hfaDI2NC1iYXNpYy1nZW4yXzcyMHARAHUAZbaeAQA&_nc_gid=Vj2dstKaqMzPvFHXUfRqXA&_nc_ss=7f289&_nc_zt=28&oh=00_AQBAtNtLbHK0FAcB2MoWOa7Pe40j5IlK2MqmLQtYmYKYZg&oe=6A58A115,https://scontent.fblr20-4.fna.fbcdn.net/v/t39.35426-6/724838579_980969054568861_580276568173159245_n.jpg?_nc_cat=103&ccb=1-7&_nc_sid=c53f8f&_nc_ohc=p6l7c69IYnUQ7kNvwEpjrJi&_nc_oc=Adp26ZJfaql-gX8g8xptFAjO6o7u2vmMUb4ogS6B_QeoWL0s6llx-pEZcmRdL3xIzArRURvmQNowq3snbVyZ7NCh&_nc_zt=14&_nc_ht=scontent.fblr20-4.fna&_nc_gid=Vj2dstKaqMzPvFHXUfRqXA&_nc_ss=7f289&oh=00_AQACFtAa4-lAsEDZkaOg_eTBWo86xx2g8klZhZuxTMPTXQ&oe=6A58D5A2,2026-07-16T09:15:01.000Z,2026-07-12,https://pub-893b4a6a607b4221a894bf861da7914e.r2.dev/2037768870280868.mp4
191,167,English Seekho,565574549966663,English Seekho App,,IN,1217329830515440,https://www.facebook.com/ads/library/?id=1217329830515440,2026-01-22,,false,false,1,0,,2026-01-22,,Fluent English bolne ka sirf ek raasta – Daily practice on English Seekho App. Start now!,English Communication strong karo aur confidence badhao,Install now,http://play.google.com/store/apps/details?id=com.bolo.android,"Facebook,Instagram,Audience Network,Messenger,Threads",Fluent English bolne ka sirf ek raasta – Daily practice on English Seekho App. Start now!,English Communication strong karo aur confidence badhao,Install now,http://play.google.com/store/apps/details?id=com.bolo.android,Video,"Facebook,Instagram,Audience Network,Messenger,Threads",1,0,9:16,https://video.fblr20-1.fna.fbcdn.net/o1/v/t2/f2/m366/AQMI0f_sH_3yd3eJZooIgEkQwh02ECZLFQtAyZrd3feoapu5nNnYKV8KyJITdTgDZSbwx5JnQ1d0swYIwhnZ0PVcjtsbegjyfuqqCWDJyZ_jFQ.mp4?_nc_cat=110&_nc_oc=Adr9fe6Z9XohmZi5-SFYVjW7cbUgzeRrpFVLMlnwVDhu4LxbLfsDLCN0qaWy2GrF5iOWjIEF6mWKBwfIHq4jYrTt&_nc_sid=b66105&_nc_ht=video.fblr20-1.fna.fbcdn.net&_nc_ohc=X1sMMyMmd-0Q7kNvwFEFCx3&efg=eyJ2ZW5jb2RlX3RhZyI6Inhwdl9wcm9ncmVzc2l2ZS5WSV9VU0VDQVNFX1BST0RVQ1RfVFlQRS4uQzMuNzIwLmRhc2hfaDI2NC1iYXNpYy1nZW4yXzcyMHAiLCJ4cHZfYXNzZXRfaWQiOjE1MDkxMTEwNzM2NDc0MDIsImFzc2V0X2FnZV9kYXlzIjoyMTcsInZpX3VzZWNhc2VfaWQiOjEwMTM5LCJkdXJhdGlvbl9zIjo0NiwidXJsZ2VuX3NvdXJjZSI6Ind3dyJ9&ccb=17-1&vs=61394d08295a58c6&_nc_vs=HBksFQIYRWZiX2VwaGVtZXJhbC85QjRDODNFRTdBMzgxOUIwMzA4NEMwN0U2MjNDRDdBOF9tdF8xX3ZpZGVvX2Rhc2hpbml0Lm1wNBUAAsgBEgAVAhhAZmJfcGVybWFuZW50L0E3NEJEODg2RjIwNzZBQzk5RjBGQjRGNUUxQkNEQUEzX2F1ZGlvX2Rhc2hpbml0Lm1wNBUCAsgBEgAoABgAGwKIB3VzZV9vaWwBMRJwcm9ncmVzc2l2ZV9yZWNpcGUBMRUAACbUrMXX6aGuBRUCKAJDMywXQEcKPXCj1woYGWRhc2hfaDI2NC1iYXNpYy1nZW4yXzcyMHARAHUAZbaeAQA&_nc_gid=Vj2dstKaqMzPvFHXUfRqXA&_nc_ss=7f289&_nc_zt=28&oh=00_AQC5Itwo67yRjbnjzpXe0QnxhAXMVpd2NbDK-jN71i21xA&oe=6A58BCD6,https://scontent.fblr20-2.fna.fbcdn.net/v/t39.35426-6/617139810_921951303622931_2511185715643209109_n.jpg?_nc_cat=111&ccb=1-7&_nc_sid=c53f8f&_nc_ohc=OWUxgzby_9kQ7kNvwHkzdhR&_nc_oc=AdpunNETzAVTOjJpVIDIAKFmvuXsSWIBOtWvgFzfgcs9tu9FqBNu4SP3eetvg8Mu-tFeC9Spu00pjVa62FoO-9KM&_nc_zt=14&_nc_ht=scontent.fblr20-2.fna&_nc_gid=Vj2dstKaqMzPvFHXUfRqXA&_nc_ss=7f289&oh=00_AQCGs__qhc5wUVY_Yacx1_oPqVAzAdWwA8YfURE0bGkNIg&oe=6A58AB6B,2026-07-16T11:13:26.000Z,2026-07-12,https://pub-893b4a6a607b4221a894bf861da7914e.r2.dev/1217329830515440.mp4
192,168,English Seekho,565574549966663,English Seekho App,,IN,1210251577301882,https://www.facebook.com/ads/library/?id=1210251577301882,2026-01-22,,false,false,1,0,,2026-01-22,,Fluent English bolne ka sirf ek raasta – Daily practice on English Seekho App. Start now!,English Communication strong karo aur confidence badhao,Install now,http://play.google.com/store/apps/details?id=com.bolo.android,"Facebook,Instagram,Audience Network,Messenger,Threads",Fluent English bolne ka sirf ek raasta – Daily practice on English Seekho App. Start now!,English Communication strong karo aur confidence badhao,Install now,http://play.google.com/store/apps/details?id=com.bolo.android,Video,"Facebook,Instagram,Audience Network,Messenger,Threads",1,0,9:16,https://video.fblr20-2.fna.fbcdn.net/o1/v/t2/f2/m366/AQNzlU6dpc67hNE-F9_UWpTTZT2VJLiLOoBHI7YYIHDI7NGsaFEyjXTpkZQ9uCKT9cJ8uR4AVdS65NqmNoUxagNbMt_KSSH4rfPUSEQf2N4dLA.mp4?_nc_cat=104&_nc_oc=Adqf8RdBgcyvUKms-X2wHdYBn1JlvONKBWhj7JAkvFznb7x22cAdQUMKTp2zP4UixGI8rk8tEwgGB-zoqBnyoQ-T&_nc_sid=b66105&_nc_ht=video.fblr20-2.fna.fbcdn.net&_nc_ohc=4so9vjWiRsMQ7kNvwGRp84M&efg=eyJ2ZW5jb2RlX3RhZyI6Inhwdl9wcm9ncmVzc2l2ZS5WSV9VU0VDQVNFX1BST0RVQ1RfVFlQRS4uQzMuNzIwLmRhc2hfaDI2NC1iYXNpYy1nZW4yXzcyMHAiLCJ4cHZfYXNzZXRfaWQiOjgzOTcxMjUxMjI1MDA2MSwiYXNzZXRfYWdlX2RheXMiOjIxMSwidmlfdXNlY2FzZV9pZCI6MTAxMzksImR1cmF0aW9uX3MiOjQ2LCJ1cmxnZW5fc291cmNlIjoid3d3In0%3D&ccb=17-1&vs=68fac422c5709dfe&_nc_vs=HBksFQIYRWZiX2VwaGVtZXJhbC9DMDRDMjZGMTk1QjM4QzE1OTE3QTJDQkIyNUZBMzNCMF9tdF8xX3ZpZGVvX2Rhc2hpbml0Lm1wNBUAAsgBEgAVAhhAZmJfcGVybWFuZW50LzU0NEM0NEI1NUQ0QjRGNTgxQjQ3RDU0RTBEODFDNkFBX2F1ZGlvX2Rhc2hpbml0Lm1wNBUCAsgBEgAoABgAGwKIB3VzZV9vaWwBMRJwcm9ncmVzc2l2ZV9yZWNpcGUBMRUAACaaw4zg2e39AhUCKAJDMywXQEdMzMzMzM0YGWRhc2hfaDI2NC1iYXNpYy1nZW4yXzcyMHARAHUAZbaeAQA&_nc_gid=Vj2dstKaqMzPvFHXUfRqXA&_nc_ss=7f289&_nc_zt=28&oh=00_AQD-fmmGnL3ccj9Obs3Z4SeIP9nEA2G7FeuNJEsfgBXbqQ&oe=6A58BCB4,https://scontent.fblr20-4.fna.fbcdn.net/v/t39.35426-6/617587193_866466312664937_4962265970358986461_n.jpg?_nc_cat=101&ccb=1-7&_nc_sid=c53f8f&_nc_ohc=P0-QuggYsKkQ7kNvwE-L5Wx&_nc_oc=Adpi26A0EXGc-7UMGzl4ffJW7G8LYIcnLa63SkKmuX0yqv8-KBtMfqhAgafPLgWyacaEd4_OFVyfM7LC6ua4OEgo&_nc_zt=14&_nc_ht=scontent.fblr20-4.fna&_nc_gid=Vj2dstKaqMzPvFHXUfRqXA&_nc_ss=7f289&oh=00_AQAhYi7Y_IjLX7GA_HCj1Wc0b3KdYMKAqAvq5U0FsfJLaQ&oe=6A58C6B5,2026-07-16T11:12:52.000Z,2026-07-12,https://pub-893b4a6a607b4221a894bf861da7914e.r2.dev/1210251577301882.mp4
193,169,English Seekho,565574549966663,English Seekho App,,IN,1522254569489888,https://www.facebook.com/ads/library/?id=1522254569489888,2026-06-18,,false,false,1,0,,2026-06-18,,Fluent English bolne ka sirf ek raasta – Daily practice on English Seekho App. Start now!,English Communication strong karo aur confidence badhao,Install now,http://play.google.com/store/apps/details?id=com.bolo.android,"Facebook,Instagram,Audience Network,Messenger,Threads",Fluent English bolne ka sirf ek raasta – Daily practice on English Seekho App. Start now!,English Communication strong karo aur confidence badhao,Install now,http://play.google.com/store/apps/details?id=com.bolo.android,Video,"Facebook,Instagram,Audience Network,Messenger,Threads",1,0,9:16,https://video.fblr20-2.fna.fbcdn.net/o1/v/t2/f2/m366/AQPpoexHoOHdMi44mWK6wPAYZM0Ta9wELxingE1Mp3UAQ0nLJyIcbx2eNvrvcDCjr_RbIqIv5eXpv1Lq7s3kHLsI2IHDK_vnUpraPHq0K0ViMg.mp4?_nc_cat=111&_nc_oc=AdrnP68OOJAZM_HNH987wUffdOvTdWyBzw8QxUDmI2DlOci67qqut6ouHfUSyH0RI-Eyq_Zq6rDguUmweR8LUm_m&_nc_sid=b66105&_nc_ht=video.fblr20-2.fna.fbcdn.net&_nc_ohc=zrM-_PIMWK4Q7kNvwEZIYEt&efg=eyJ2ZW5jb2RlX3RhZyI6Inhwdl9wcm9ncmVzc2l2ZS5WSV9VU0VDQVNFX1BST0RVQ1RfVFlQRS4uQzMuNzIwLmRhc2hfaDI2NC1iYXNpYy1nZW4yXzcyMHAiLCJ4cHZfYXNzZXRfaWQiOjk4OTg2MDU1MzUzODY5MywiYXNzZXRfYWdlX2RheXMiOjUwLCJ2aV91c2VjYXNlX2lkIjoxMDEzOSwiZHVyYXRpb25fcyI6MTYxLCJ1cmxnZW5fc291cmNlIjoid3d3In0%3D&ccb=17-1&vs=3fd8daa24ab1825f&_nc_vs=HBksFQIYRWZiX2VwaGVtZXJhbC80RTRCODYwMThGMjVGNjU2RjREQURCNDcwREExMENCMF9tdF8xX3ZpZGVvX2Rhc2hpbml0Lm1wNBUAAsgBEgAVAhhAZmJfcGVybWFuZW50LzMwNEU2Q0UzRjdGMDQwNUU2RjBCREI5NzI4MDQ3NkE5X2F1ZGlvX2Rhc2hpbml0Lm1wNBUCAsgBEgAoABgAGwKIB3VzZV9vaWwBMRJwcm9ncmVzc2l2ZV9yZWNpcGUBMRUAACaK8t3qu5HCAxUCKAJDMywXQGQhDlYEGJMYGWRhc2hfaDI2NC1iYXNpYy1nZW4yXzcyMHARAHUAZbaeAQA&_nc_gid=Vj2dstKaqMzPvFHXUfRqXA&_nc_ss=7f289&_nc_zt=28&oh=00_AQDLBfJcOKMKHgC-RM6PpVzbzTLWE6fAHCVWvHdt0EMGUA&oe=6A58D1F1,https://scontent.fblr20-4.fna.fbcdn.net/v/t39.35426-6/726262001_3052654278272290_1096292889361257922_n.jpg?_nc_cat=103&ccb=1-7&_nc_sid=c53f8f&_nc_ohc=AiDk-TzBJJcQ7kNvwGKqOTv&_nc_oc=Ado0Y4oK7_W2OC2CBKpcY19t1Ob-BuKUz9h2eaeszhGJSVNdhz7fdVghhm9esSe_G7v0yj8CGtM6vWjrRgUcigqp&_nc_zt=14&_nc_ht=scontent.fblr20-4.fna&_nc_gid=Vj2dstKaqMzPvFHXUfRqXA&_nc_ss=7f289&oh=00_AQCqIb2SHt4KZohR5PyCl4ZKDaNu7lNRF7AbMyCAb4y2qw&oe=6A58AC49,2026-07-16T12:43:29.000Z,2026-07-12,https://pub-893b4a6a607b4221a894bf861da7914e.r2.dev/1522254569489888.mp4
194,170,English Seekho,565574549966663,English Seekho App,,IN,1662559071716567,https://www.facebook.com/ads/library/?id=1662559071716567,2026-06-28,,false,true,2,0,1662559071716567,2026-06-28,,Fluent English bolne ka sirf ek raasta – Daily practice on English Seekho App. Start now!,English Communication strong karo aur confidence badhao,Install now,http://play.google.com/store/apps/details?id=com.bolo.android,"Facebook,Instagram,Audience Network,Messenger,Threads",Fluent English bolne ka sirf ek raasta – Daily practice on English Seekho App. Start now!,English Communication strong karo aur confidence badhao,Install now,http://play.google.com/store/apps/details?id=com.bolo.android,Video,"Facebook,Instagram,Audience Network,Messenger,Threads",1,0,9:16,https://video.fblr20-3.fna.fbcdn.net/o1/v/t2/f2/m366/AQPr3tuVjBnPEmNQTNtOhXOnwHDJw_4Sbo1fXZnCusrSV7kHh2ypYRI3qAIJq2DzCX9H9XfFXfpJyTqfbWsKtPWpsKGmKhTdN1RX7YEKYENGHg.mp4?_nc_cat=100&_nc_oc=Adoc9cpRSXBmJ3HCxoTjQpDCx-GUwcSudNCrviFR3-6KdFu3ca0tUXPaUSOFZQ4FAcesaSHiX-sgbZU3OKdFn2s3&_nc_sid=b66105&_nc_ht=video.fblr20-3.fna.fbcdn.net&_nc_ohc=VwazEmk7SYsQ7kNvwEBJBbI&efg=eyJ2ZW5jb2RlX3RhZyI6Inhwdl9wcm9ncmVzc2l2ZS5WSV9VU0VDQVNFX1BST0RVQ1RfVFlQRS4uQzMuNzIwLmRhc2hfaDI2NC1iYXNpYy1nZW4yXzcyMHAiLCJ4cHZfYXNzZXRfaWQiOjIxNjQxODk3OTc3NjE3MzMsImFzc2V0X2FnZV9kYXlzIjoxNSwidmlfdXNlY2FzZV9pZCI6MTAxMzksImR1cmF0aW9uX3MiOjg4LCJ1cmxnZW5fc291cmNlIjoid3d3In0%3D&ccb=17-1&vs=d8b83609f67a8e0c&_nc_vs=HBksFQIYRWZiX2VwaGVtZXJhbC83NzRGMzM5REE3N0FGQjhGMjNGQTgxQkJFRkVCNjVBOV9tdF8xX3ZpZGVvX2Rhc2hpbml0Lm1wNBUAAsgBEgAVAhhAZmJfcGVybWFuZW50L0RENDA4QTQ3MTk1RjQxNzgxQjk4N0IwQUNGNzI3Nzg3X2F1ZGlvX2Rhc2hpbml0Lm1wNBUCAsgBEgAoABgAGwKIB3VzZV9vaWwBMRJwcm9ncmVzc2l2ZV9yZWNpcGUBMRUAACaKi_rBtpTYBxUCKAJDMywXQFY6n752yLQYGWRhc2hfaDI2NC1iYXNpYy1nZW4yXzcyMHARAHUAZbaeAQA&_nc_gid=Vj2dstKaqMzPvFHXUfRqXA&_nc_ss=7f289&_nc_zt=28&oh=00_AQC14fUg3eg_StaQTjjiD1HmQUKmY7LHpX5ZUGMU2i80Zw&oe=6A58A4C4,https://scontent.fblr20-4.fna.fbcdn.net/v/t39.35426-6/733606329_991850760352707_1183228337258287407_n.jpg?_nc_cat=106&ccb=1-7&_nc_sid=c53f8f&_nc_ohc=ufowg1hvyE8Q7kNvwHVkVg2&_nc_oc=AdrIaHPTLhno0Kk6X061ymWah1e0MDvHgRhFh7PLz2dSqNOGhA7jOjqRzBgm1VfPB4lxdzNFD8GxPea2_1Wwz0G1&_nc_zt=14&_nc_ht=scontent.fblr20-4.fna&_nc_gid=Vj2dstKaqMzPvFHXUfRqXA&_nc_ss=7f289&oh=00_AQCqsncon8ihRckECQgOfF33YJMLihKdVnI_R4i562Yxsg&oe=6A58B23C,2026-07-16T09:30:44.000Z,2026-07-12,https://pub-893b4a6a607b4221a894bf861da7914e.r2.dev/1662559071716567.mp4
195,170,English Seekho,565574549966663,English Seekho App,,IN,1662559071716567,https://www.facebook.com/ads/library/?id=1662559071716567,2026-06-28,,false,true,2,1,1041889355462447,2026-06-28,,Fluent English bolne ka sirf ek raasta – Daily practice on English Seekho App. Start now!,English Communication strong karo aur confidence badhao,Install now,http://play.google.com/store/apps/details?id=com.bolo.android,"Facebook,Instagram,Audience Network,Messenger,Threads",Fluent English bolne ka sirf ek raasta – Daily practice on English Seekho App. Start now!,English Communication strong karo aur confidence badhao,Install now,http://play.google.com/store/apps/details?id=com.bolo.android,Video,"Facebook,Instagram,Audience Network,Messenger,Threads",1,0,9:16,https://video.fblr20-3.fna.fbcdn.net/o1/v/t2/f2/m366/AQPr3tuVjBnPEmNQTNtOhXOnwHDJw_4Sbo1fXZnCusrSV7kHh2ypYRI3qAIJq2DzCX9H9XfFXfpJyTqfbWsKtPWpsKGmKhTdN1RX7YEKYENGHg.mp4?_nc_cat=100&_nc_oc=Adoc9cpRSXBmJ3HCxoTjQpDCx-GUwcSudNCrviFR3-6KdFu3ca0tUXPaUSOFZQ4FAcesaSHiX-sgbZU3OKdFn2s3&_nc_sid=b66105&_nc_ht=video.fblr20-3.fna.fbcdn.net&_nc_ohc=VwazEmk7SYsQ7kNvwEBJBbI&efg=eyJ2ZW5jb2RlX3RhZyI6Inhwdl9wcm9ncmVzc2l2ZS5WSV9VU0VDQVNFX1BST0RVQ1RfVFlQRS4uQzMuNzIwLmRhc2hfaDI2NC1iYXNpYy1nZW4yXzcyMHAiLCJ4cHZfYXNzZXRfaWQiOjIxNjQxODk3OTc3NjE3MzMsImFzc2V0X2FnZV9kYXlzIjoxNSwidmlfdXNlY2FzZV9pZCI6MTAxMzksImR1cmF0aW9uX3MiOjg4LCJ1cmxnZW5fc291cmNlIjoid3d3In0%3D&ccb=17-1&vs=d8b83609f67a8e0c&_nc_vs=HBksFQIYRWZiX2VwaGVtZXJhbC83NzRGMzM5REE3N0FGQjhGMjNGQTgxQkJFRkVCNjVBOV9tdF8xX3ZpZGVvX2Rhc2hpbml0Lm1wNBUAAsgBEgAVAhhAZmJfcGVybWFuZW50L0RENDA4QTQ3MTk1RjQxNzgxQjk4N0IwQUNGNzI3Nzg3X2F1ZGlvX2Rhc2hpbml0Lm1wNBUCAsgBEgAoABgAGwKIB3VzZV9vaWwBMRJwcm9ncmVzc2l2ZV9yZWNpcGUBMRUAACaKi_rBtpTYBxUCKAJDMywXQFY6n752yLQYGWRhc2hfaDI2NC1iYXNpYy1nZW4yXzcyMHARAHUAZbaeAQA&_nc_gid=nxwq0rNoGbFH7gEVQfkbAg&_nc_ss=7f289&_nc_zt=28&oh=00_AQC4Pqtr8sMCOXVHnvEiP34gCDsJNC6XXBLFFN5D1vTXrg&oe=6A58A4C4,https://scontent.fblr20-2.fna.fbcdn.net/v/t39.35426-6/734570246_1315466767411589_6322630036939389372_n.jpg?_nc_cat=111&ccb=1-7&_nc_sid=c53f8f&_nc_ohc=RSwLOYQLB1IQ7kNvwH4IYc4&_nc_oc=AdpbdPmU32XSPJbP8z0iOb2X4aWKOfMbU8aNnjCdMNvbnt49hK9kpeW54facLguA7oS5XpbGoWLH3rcQIkvOctf5&_nc_zt=14&_nc_ht=scontent.fblr20-2.fna&_nc_gid=nxwq0rNoGbFH7gEVQfkbAg&_nc_ss=7f289&oh=00_AQDYoAvpW_izjcwAcBYdrLPpg-lfL4VrHYSv_t_YzQ-UcQ&oe=6A58CDDD,2026-07-16T09:30:44.000Z,2026-07-12,
196,171,English Seekho,565574549966663,English Seekho App,,IN,1527366239124226,https://www.facebook.com/ads/library/?id=1527366239124226,2026-07-10,,false,false,1,0,,2026-07-10,,Fluent English bolne ka sirf ek raasta – Daily practice on English Seekho App. Start now!,English Communication strong karo aur confidence badhao,Install now,http://play.google.com/store/apps/details?id=com.bolo.android,"Facebook,Instagram,Audience Network,Messenger,Threads",Fluent English bolne ka sirf ek raasta – Daily practice on English Seekho App. Start now!,English Communication strong karo aur confidence badhao,Install now,http://play.google.com/store/apps/details?id=com.bolo.android,Video,"Facebook,Instagram,Audience Network,Messenger,Threads",1,0,9:16,https://video.fblr20-1.fna.fbcdn.net/o1/v/t2/f2/m366/AQMuGjao6bHnkk88Us1mj2cwTDydbqJOfzGLD9kw-3Vzi9lhO7kLNQz7D21DAcHcGK0BNuMvTZUuwBG33A2fMxMfl6t5PDvrlzyYLI4wOgijUA.mp4?_nc_cat=110&_nc_oc=AdrANZAHhDNKVZzxohGvUwdI_hsuAUYfi55RlLhlj58PadgexbWXvk-9hQvRjw9FH-vYZ86TaPQC3wgV4zp3nxEk&_nc_sid=b66105&_nc_ht=video.fblr20-1.fna.fbcdn.net&_nc_ohc=6JGC9y8GUKYQ7kNvwEB7bJM&efg=eyJ2ZW5jb2RlX3RhZyI6Inhwdl9wcm9ncmVzc2l2ZS5WSV9VU0VDQVNFX1BST0RVQ1RfVFlQRS4uQzMuNzIwLmRhc2hfaDI2NC1iYXNpYy1nZW4yXzcyMHAiLCJ4cHZfYXNzZXRfaWQiOjI3NTI3NDU4MzQzNTc0OTY3LCJhc3NldF9hZ2VfZGF5cyI6MiwidmlfdXNlY2FzZV9pZCI6MTAxMzksImR1cmF0aW9uX3MiOjYzLCJ1cmxnZW5fc291cmNlIjoid3d3In0%3D&ccb=17-1&vs=1f98b926974c73e9&_nc_vs=HBksFQIYRWZiX2VwaGVtZXJhbC9BMTRGMjNDN0QzQTM2QzA0QzI2NkNDNERFMDEwNjc4Q19tdF8xX3ZpZGVvX2Rhc2hpbml0Lm1wNBUAAsgBEgAVAhhAZmJfcGVybWFuZW50LzdBNDM0MEY0Q0UxODE3MEUyNUZDMTgzNzcwN0JBQkE5X2F1ZGlvX2Rhc2hpbml0Lm1wNBUCAsgBEgAoABgAGwKIB3VzZV9vaWwBMRJwcm9ncmVzc2l2ZV9yZWNpcGUBMRUAACbu9pqC-4TmYRUCKAJDMywXQE_IcrAgxJwYGWRhc2hfaDI2NC1iYXNpYy1nZW4yXzcyMHARAHUAZbaeAQA&_nc_gid=Vj2dstKaqMzPvFHXUfRqXA&_nc_ss=7f289&_nc_zt=28&oh=00_AQCD-Vcg4Zq16HBJQyc_gZqN5d5cFZah4F0762-Jhna7XA&oe=6A58B782,https://scontent.fblr20-3.fna.fbcdn.net/v/t39.35426-6/742208754_1526802815608164_871783730225880902_n.jpg?_nc_cat=100&ccb=1-7&_nc_sid=c53f8f&_nc_ohc=pu3KqlSe294Q7kNvwGTW3xM&_nc_oc=AdrUJBybsJo2cBVZ7dfrzj92BCz5YKEIgQaT7B0yuxnhncrCVYHMbn5T0aK8CdlNOyD1aIc1SOal2cG5otDFQs3V&_nc_zt=14&_nc_ht=scontent.fblr20-3.fna&_nc_gid=Vj2dstKaqMzPvFHXUfRqXA&_nc_ss=7f289&oh=00_AQBiUltAtF4y1rqkI7AO-SncZlcGJh6ydZDZxxwPfF7xlA&oe=6A58A8E0,2026-07-16T10:50:42.000Z,2026-07-12,https://pub-893b4a6a607b4221a894bf861da7914e.r2.dev/1527366239124226.mp4
197,172,English Seekho,565574549966663,English Seekho App,,IN,1116123194536720,https://www.facebook.com/ads/library/?id=1116123194536720,2026-01-22,,false,false,1,0,,2026-01-22,,Fluent English bolne ka sirf ek raasta – Daily practice on English Seekho App. Start now!,English Communication strong karo aur confidence badhao,Install now,http://play.google.com/store/apps/details?id=com.bolo.android,"Facebook,Instagram,Audience Network,Messenger,Threads",Fluent English bolne ka sirf ek raasta – Daily practice on English Seekho App. Start now!,English Communication strong karo aur confidence badhao,Install now,http://play.google.com/store/apps/details?id=com.bolo.android,Video,"Facebook,Instagram,Audience Network,Messenger,Threads",1,0,9:16,https://video.fblr20-2.fna.fbcdn.net/o1/v/t2/f2/m366/AQMbY_VI20XZ8EOcYv_uM3dlEL4n_1gCBgnECc8SmVQdEWOgYanCKaKr0hfpAXulRkfqlIA3Z4BbpKsp8-V0zG_xBBVuiX0lpwKHW4V9gDshiw.mp4?_nc_cat=111&_nc_oc=AdoLFSwURg-ASQwQTLvKqlI1np1hxhov-hlOurtPQnVj-1JFcUzc3OiecUMP0AUVfUcjfcuh4vrlwTY6zp6QTqF9&_nc_sid=b66105&_nc_ht=video.fblr20-2.fna.fbcdn.net&_nc_ohc=ObpVdD9Z25EQ7kNvwHcz580&efg=eyJ2ZW5jb2RlX3RhZyI6Inhwdl9wcm9ncmVzc2l2ZS5WSV9VU0VDQVNFX1BST0RVQ1RfVFlQRS4uQzMuNzIwLmRhc2hfaDI2NC1iYXNpYy1nZW4yXzcyMHAiLCJ4cHZfYXNzZXRfaWQiOjE3NTg2NjA0ODgwNDIyNjYsImFzc2V0X2FnZV9kYXlzIjoyMTEsInZpX3VzZWNhc2VfaWQiOjEwMTM5LCJkdXJhdGlvbl9zIjo0OCwidXJsZ2VuX3NvdXJjZSI6Ind3dyJ9&ccb=17-1&vs=ce7c7ad1f6e2412e&_nc_vs=HBksFQIYRWZiX2VwaGVtZXJhbC8yMDQzRDQzMjZGMDRFODQ3QUJBMkIwNENGMkNEREY4OV9tdF8xX3ZpZGVvX2Rhc2hpbml0Lm1wNBUAAsgBEgAVAhhAZmJfcGVybWFuZW50L0I2NDc5NDFGRENEMEUyRUIxREMyNzQ3NzNDMjVENEI3X2F1ZGlvX2Rhc2hpbml0Lm1wNBUCAsgBEgAoABgAGwKIB3VzZV9vaWwBMRJwcm9ncmVzc2l2ZV9yZWNpcGUBMRUAACa03Nzawd-fBhUCKAJDMywXQEgEOVgQYk4YGWRhc2hfaDI2NC1iYXNpYy1nZW4yXzcyMHARAHUAZbaeAQA&_nc_gid=Vj2dstKaqMzPvFHXUfRqXA&_nc_ss=7f289&_nc_zt=28&oh=00_AQBzH0RXbVvD-PrxKVsfJeHK9PYq6LYHEBj_F2PHZfW2Bg&oe=6A58BE19,https://scontent.fblr20-2.fna.fbcdn.net/v/t39.35426-6/619419447_1278373464122946_249068143104524962_n.jpg?_nc_cat=111&ccb=1-7&_nc_sid=c53f8f&_nc_ohc=G7Pp23x_I4AQ7kNvwGrdMh3&_nc_oc=AdpkAbQv_pVaa0Eii2-v2WI6cccgfBqm_OczZb73PPx2zSzujerbqpBlrpZaogkjZSi4-zu3cPrISiTh2WH0Z-Z7&_nc_zt=14&_nc_ht=scontent.fblr20-2.fna&_nc_gid=Vj2dstKaqMzPvFHXUfRqXA&_nc_ss=7f289&oh=00_AQAf3YqVcVYv0-i_9iqv9lg3OdAOSjjfzXyCzinQoSRVbw&oe=6A58B6A0,2026-07-16T11:18:49.000Z,2026-07-12,https://pub-893b4a6a607b4221a894bf861da7914e.r2.dev/1116123194536720.mp4
198,173,English Seekho,565574549966663,English Seekho App,,IN,769511858914323,https://www.facebook.com/ads/library/?id=769511858914323,2026-01-22,,false,false,1,0,,2026-01-22,,Fluent English bolne ka sirf ek raasta – Daily practice on English Seekho App. Start now!,English Communication strong karo aur confidence badhao,Install now,http://play.google.com/store/apps/details?id=com.bolo.android,"Facebook,Instagram,Audience Network,Messenger,Threads",Fluent English bolne ka sirf ek raasta – Daily practice on English Seekho App. Start now!,English Communication strong karo aur confidence badhao,Install now,http://play.google.com/store/apps/details?id=com.bolo.android,Video,"Facebook,Instagram,Audience Network,Messenger,Threads",1,0,9:16,https://video.fblr20-2.fna.fbcdn.net/o1/v/t2/f2/m366/AQP2L6Ge3LFZ9O_mlL26sKgh8Y04XNcz7ywS5bPIzwAwLNAj6Lpb3QRMnEpwHkMht_wQ0jpAMWGP6vEB0M6ZLL83GLxomftsG6d61pzYfBY6_A.mp4?_nc_cat=111&_nc_oc=AdrTLtBtPVxzf7HUcIa0baxfEYsY3M1Kva6Z-EWIL_xGZRRPP6rs6wU5-GZtRvLj0RWrjlLeCdEP8ylSrYhmB88O&_nc_sid=b66105&_nc_ht=video.fblr20-2.fna.fbcdn.net&_nc_ohc=3w6AhTGXrZQQ7kNvwHm0Dyp&efg=eyJ2ZW5jb2RlX3RhZyI6Inhwdl9wcm9ncmVzc2l2ZS5WSV9VU0VDQVNFX1BST0RVQ1RfVFlQRS4uQzMuNzIwLmRhc2hfaDI2NC1iYXNpYy1nZW4yXzcyMHAiLCJ4cHZfYXNzZXRfaWQiOjcxNjM1MzUwNDg2MjM5NSwiYXNzZXRfYWdlX2RheXMiOjIwOCwidmlfdXNlY2FzZV9pZCI6MTAxMzksImR1cmF0aW9uX3MiOjQwLCJ1cmxnZW5fc291cmNlIjoid3d3In0%3D&ccb=17-1&vs=abba7e5a7a731cee&_nc_vs=HBksFQIYRWZiX2VwaGVtZXJhbC9ENjQ3REU3ODhCMkRFQzQ5MUU4MURDOTQ2RTI4NjhCQV9tdF8xX3ZpZGVvX2Rhc2hpbml0Lm1wNBUAAsgBEgAVAhhAZmJfcGVybWFuZW50LzJBNEFFOUM5MENENDA1NzVFOEY3MTgxMkYwRkVCNjlGX2F1ZGlvX2Rhc2hpbml0Lm1wNBUCAsgBEgAoABgAGwKIB3VzZV9vaWwBMRJwcm9ncmVzc2l2ZV9yZWNpcGUBMRUAACb2gofDoeHFAhUCKAJDMywXQEQJWBBiTdMYGWRhc2hfaDI2NC1iYXNpYy1nZW4yXzcyMHARAHUAZbaeAQA&_nc_gid=Vj2dstKaqMzPvFHXUfRqXA&_nc_ss=7f289&_nc_zt=28&oh=00_AQDvNibyXF8y_BT1-pMpE8gR24Mu_twTPpgib3KBVGxMqw&oe=6A58B6D1,https://scontent.fblr20-2.fna.fbcdn.net/v/t39.35426-6/618275023_1197436165869212_8497993730203214042_n.jpg?_nc_cat=102&ccb=1-7&_nc_sid=c53f8f&_nc_ohc=xQta7MTUQv8Q7kNvwE9dvpp&_nc_oc=Adpbcm6EYSKcAkul-kL7Qf7yV8nWp7HRUIBziiqHXrrmDcrbUjx-jBOObgY13d9MMcvCfkOoipR7LzCKGdHtIITS&_nc_zt=14&_nc_ht=scontent.fblr20-2.fna&_nc_gid=Vj2dstKaqMzPvFHXUfRqXA&_nc_ss=7f289&oh=00_AQAqEuz2xkZ3aC5GO_GH6xpSdyfbLTAMqPmqDT96hSAh5Q&oe=6A58C1BC,2026-07-16T10:47:45.000Z,2026-07-12,https://pub-893b4a6a607b4221a894bf861da7914e.r2.dev/769511858914323.mp4
199,174,English Seekho,565574549966663,English Seekho App,,IN,1564449971901473,https://www.facebook.com/ads/library/?id=1564449971901473,2026-07-10,,false,false,1,0,,2026-07-10,,Fluent English bolne ka sirf ek raasta – Daily practice on English Seekho App. Start now!,English Communication strong karo aur confidence badhao,Install now,http://play.google.com/store/apps/details?id=com.bolo.android,"Facebook,Instagram,Audience Network,Messenger,Threads",Fluent English bolne ka sirf ek raasta – Daily practice on English Seekho App. Start now!,English Communication strong karo aur confidence badhao,Install now,http://play.google.com/store/apps/details?id=com.bolo.android,Video,"Facebook,Instagram,Audience Network,Messenger,Threads",1,0,9:16,https://video.fblr20-1.fna.fbcdn.net/o1/v/t2/f2/m366/AQMfMWs8g3NYjXd-Bam3EEBKejVuKkLUdNBktej9Ll2-K44imy3rsrLLUoM7qCGsLmS2RHFFKhoHd14p9EtHrtqsBDynL-4gTcpsuq8Bmye4Vw.mp4?_nc_cat=108&_nc_oc=Adrv_0HlbHGi8Dhrc1h3-5E84epmETle_7gC5AwTvduEFq2UKCwrep5FoCPks6SbsZY5HmLCJq50R8QX-bRVVP4h&_nc_sid=b66105&_nc_ht=video.fblr20-1.fna.fbcdn.net&_nc_ohc=_2pxkVdTXzgQ7kNvwHTAz2G&efg=eyJ2ZW5jb2RlX3RhZyI6Inhwdl9wcm9ncmVzc2l2ZS5WSV9VU0VDQVNFX1BST0RVQ1RfVFlQRS4uQzMuNzIwLmRhc2hfaDI2NC1iYXNpYy1nZW4yXzcyMHAiLCJ4cHZfYXNzZXRfaWQiOjEwMzczMjEyNTg3Mzk4NDAsImFzc2V0X2FnZV9kYXlzIjoyLCJ2aV91c2VjYXNlX2lkIjoxMDEzOSwiZHVyYXRpb25fcyI6NzAsInVybGdlbl9zb3VyY2UiOiJ3d3cifQ%3D%3D&ccb=17-1&vs=245e734ad70df4e1&_nc_vs=HBksFQIYRWZiX2VwaGVtZXJhbC82QjRFQTRBQkZDMTIzNjA2RDRDMDlBNUNFNUUwRjdBQV9tdF8xX3ZpZGVvX2Rhc2hpbml0Lm1wNBUAAsgBEgAVAhhAZmJfcGVybWFuZW50LzE5NEE0M0ZGRTQ3QThBREM5N0EwQzlGMUU4NjBGMzk4X2F1ZGlvX2Rhc2hpbml0Lm1wNBUCAsgBEgAoABgAGwKIB3VzZV9vaWwBMRJwcm9ncmVzc2l2ZV9yZWNpcGUBMRUAACaAoqnShdzXAxUCKAJDMywXQFG3bItDlYEYGWRhc2hfaDI2NC1iYXNpYy1nZW4yXzcyMHARAHUAZbaeAQA&_nc_gid=Vj2dstKaqMzPvFHXUfRqXA&_nc_ss=7f289&_nc_zt=28&oh=00_AQARgMrhLgOnHjhVoM6NZZx7mgfxb6-kxTg47K9brGXznQ&oe=6A58A410,https://scontent.fblr20-2.fna.fbcdn.net/v/t39.35426-6/741948345_1637080400710565_7743172947055815218_n.jpg?_nc_cat=111&ccb=1-7&_nc_sid=c53f8f&_nc_ohc=fjlJI3l1sY0Q7kNvwEE7j3r&_nc_oc=AdqB88h0XTArR3QNxtr1yNQ9bxYzwvhAhsRjJrmji1G_IcGa8Lx1egNEsoRMQzlLSdGxI8e6fojUY06LjFQcvnXZ&_nc_zt=14&_nc_ht=scontent.fblr20-2.fna&_nc_gid=Vj2dstKaqMzPvFHXUfRqXA&_nc_ss=7f289&oh=00_AQB03fl093U2IE4-Q2m-Jh6xCArDBaMBJnMTmoAXw3IqcQ&oe=6A58BA63,2026-07-16T09:27:44.000Z,2026-07-12,https://pub-893b4a6a607b4221a894bf861da7914e.r2.dev/1564449971901473.mp4
200,175,English Seekho,565574549966663,English Seekho App,,IN,1333505908981538,https://www.facebook.com/ads/library/?id=1333505908981538,2026-07-10,,false,false,1,0,,2026-07-10,,Fluent English bolne ka sirf ek raasta – Daily practice on English Seekho App. Start now!,English Communication strong karo aur confidence badhao,Install now,http://play.google.com/store/apps/details?id=com.bolo.android,"Facebook,Instagram,Audience Network,Messenger,Threads",Fluent English bolne ka sirf ek raasta – Daily practice on English Seekho App. Start now!,English Communication strong karo aur confidence badhao,Install now,http://play.google.com/store/apps/details?id=com.bolo.android,Video,"Facebook,Instagram,Audience Network,Messenger,Threads",1,0,9:16,https://video.fblr20-4.fna.fbcdn.net/o1/v/t2/f2/m366/AQOjyk_SBrPYFWUZINdWpY61MZ_Q2u_oG-oOACSTGRwLHnKq-gsoNdXKMZYgil3GtP4trtjkrXYnVS0Kro5sqMYfwdJs4O9RMps8DPZdhEpbrg.mp4?_nc_cat=103&_nc_oc=AdpGWO2u1tqkV3TICfII0UebQyj3Q3xDMqMRNtpSPetghz4471AZRdKt9SgTx7_duUy7O9KcA9SXXd0-fVfS6NsD&_nc_sid=b66105&_nc_ht=video.fblr20-4.fna.fbcdn.net&_nc_ohc=1oCLwNcbLB0Q7kNvwFGRPny&efg=eyJ2ZW5jb2RlX3RhZyI6Inhwdl9wcm9ncmVzc2l2ZS5WSV9VU0VDQVNFX1BST0RVQ1RfVFlQRS4uQzMuNzIwLmRhc2hfaDI2NC1iYXNpYy1nZW4yXzcyMHAiLCJ4cHZfYXNzZXRfaWQiOjk4ODI5ODMwMDc3MTg2OSwiYXNzZXRfYWdlX2RheXMiOjIsInZpX3VzZWNhc2VfaWQiOjEwMTM5LCJkdXJhdGlvbl9zIjoxMjQsInVybGdlbl9zb3VyY2UiOiJ3d3cifQ%3D%3D&ccb=17-1&vs=70fc70f98db2766f&_nc_vs=HBksFQIYRWZiX2VwaGVtZXJhbC9EQjRGREQ1OUEzMkMyMTdDMERGRDEwNTY0MzhDMDk4Ml9tdF8xX3ZpZGVvX2Rhc2hpbml0Lm1wNBUAAsgBEgAVAhhAZmJfcGVybWFuZW50LzIxNDBEQjI0RjQ1Rjg3RkQyQUZCRkI4NTUzQzY3NEJCX2F1ZGlvX2Rhc2hpbml0Lm1wNBUCAsgBEgAoABgAGwKIB3VzZV9vaWwBMRJwcm9ncmVzc2l2ZV9yZWNpcGUBMRUAACa6uLKSxLbBAxUCKAJDMywXQF86n752yLQYGWRhc2hfaDI2NC1iYXNpYy1nZW4yXzcyMHARAHUAZbaeAQA&_nc_gid=7nhg8LIONTBOknrYpLhdWA&_nc_ss=7f289&_nc_zt=28&oh=00_AQDmP-MvRTLhOZx4G6Fm-zpbFQOwPXEPb-luFYJXfvecSw&oe=6A58CF61,https://scontent.fblr20-4.fna.fbcdn.net/v/t39.35426-6/742285336_1021902477254971_2194286742124277108_n.jpg?_nc_cat=101&ccb=1-7&_nc_sid=c53f8f&_nc_ohc=OMeWIfqTf-AQ7kNvwF2nSBI&_nc_oc=AdqMAUvrSrJ6nQY0LSM7MuMjbvpUYqqanx4-J-wdtCXS1rjuSR9wB9OJ42qTPLGSIXq0nSAyuRZq739VdZzpVcC6&_nc_zt=14&_nc_ht=scontent.fblr20-4.fna&_nc_gid=7nhg8LIONTBOknrYpLhdWA&_nc_ss=7f289&oh=00_AQB95K6cMDKb5WZDejvOWwWiwQVThr9SXiEMRXuvW3zmQA&oe=6A58CB44,2026-07-16T12:32:33.000Z,2026-07-12,https://pub-893b4a6a607b4221a894bf861da7914e.r2.dev/1333505908981538.mp4
201,176,English Seekho,565574549966663,English Seekho App,,IN,1373278954688219,https://www.facebook.com/ads/library/?id=1373278954688219,2026-07-10,,false,false,1,0,,2026-07-10,,Fluent English bolne ka sirf ek raasta – Daily practice on English Seekho App. Start now!,English Communication strong karo aur confidence badhao,Install now,http://play.google.com/store/apps/details?id=com.bolo.android,"Facebook,Instagram,Audience Network,Messenger,Threads",Fluent English bolne ka sirf ek raasta – Daily practice on English Seekho App. Start now!,English Communication strong karo aur confidence badhao,Install now,http://play.google.com/store/apps/details?id=com.bolo.android,Video,"Facebook,Instagram,Audience Network,Messenger,Threads",1,0,9:16,https://video.fblr20-5.fna.fbcdn.net/o1/v/t2/f2/m366/AQOd9_V-ODrGRVtYtF38Cesmr3v2Q9F_uC9tsQJFepRkctOWp3n2_yPd4npzPaq_ytnTCyjYEtziUfI6AGbZU0ihIYShn9_u0aFhbUQ6TKXoPg.mp4?_nc_cat=107&_nc_oc=Ado09Nhgnt2tDKzu1qcjcREwjHMVc9rjdsXvMCYISezcxzeP4BMSJ8UvGMIv5qnesUaJ8PUMpP2YV3mA2Hu4r94l&_nc_sid=b66105&_nc_ht=video.fblr20-5.fna.fbcdn.net&_nc_ohc=a0S6T21t7pAQ7kNvwHGlGjU&efg=eyJ2ZW5jb2RlX3RhZyI6Inhwdl9wcm9ncmVzc2l2ZS5WSV9VU0VDQVNFX1BST0RVQ1RfVFlQRS4uQzMuNzIwLmRhc2hfaDI2NC1iYXNpYy1nZW4yXzcyMHAiLCJ4cHZfYXNzZXRfaWQiOjE1NTU5OTk1ODU5MzkzNDEsImFzc2V0X2FnZV9kYXlzIjoyLCJ2aV91c2VjYXNlX2lkIjoxMDEzOSwiZHVyYXRpb25fcyI6NzYsInVybGdlbl9zb3VyY2UiOiJ3d3cifQ%3D%3D&ccb=17-1&vs=da8c456cf2e4c749&_nc_vs=HBksFQIYRWZiX2VwaGVtZXJhbC8yQjRDOUREMjdCMDk0RkNGNUU2RDM3NjdFQ0YzMjY4M19tdF8xX3ZpZGVvX2Rhc2hpbml0Lm1wNBUAAsgBEgAVAhhAZmJfcGVybWFuZW50L0ZBNDcxNTZDOUU2QzkyNEFCNEQwNkM3NTUzRTRGRjgzX2F1ZGlvX2Rhc2hpbml0Lm1wNBUCAsgBEgAoABgAGwKIB3VzZV9vaWwBMRJwcm9ncmVzc2l2ZV9yZWNpcGUBMRUAACaavrmpjMvDBRUCKAJDMywXQFMkOVgQYk4YGWRhc2hfaDI2NC1iYXNpYy1nZW4yXzcyMHARAHUAZbaeAQA&_nc_gid=7nhg8LIONTBOknrYpLhdWA&_nc_ss=7f289&_nc_zt=28&oh=00_AQBgSLOzzZy9sxp-8V3vsnnXLzmlz61TmKBsIu0pBVhZQw&oe=6A58C125,https://scontent.fblr20-2.fna.fbcdn.net/v/t39.35426-6/743034546_1340168167612835_1460414177231188236_n.jpg?_nc_cat=111&ccb=1-7&_nc_sid=c53f8f&_nc_ohc=TO24GeAw5c0Q7kNvwGaxpsL&_nc_oc=AdreLfzBsusYgP8a-UoTBbf9bA9RBzFEQU6PNJeRTwtk45Es3C1aJ23m5V2FvkhBGYb9TkZsnFsEGOYlK22wX-G2&_nc_zt=14&_nc_ht=scontent.fblr20-2.fna&_nc_gid=7nhg8LIONTBOknrYpLhdWA&_nc_ss=7f289&oh=00_AQBtZ-CCkGbmaHpG6ZUudEXZtPNClE5Cl-5gvf4wWGGsDg&oe=6A58C3CD,2026-07-16T11:31:49.000Z,2026-07-12,https://pub-893b4a6a607b4221a894bf861da7914e.r2.dev/1373278954688219.mp4
202,177,English Seekho,565574549966663,English Seekho App,,IN,1625056585845809,https://www.facebook.com/ads/library/?id=1625056585845809,2026-07-10,,false,false,1,0,,2026-07-10,,Fluent English bolne ka sirf ek raasta – Daily practice on English Seekho App. Start now!,English Communication strong karo aur confidence badhao,Install now,http://play.google.com/store/apps/details?id=com.bolo.android,"Facebook,Instagram,Audience Network,Messenger,Threads",Fluent English bolne ka sirf ek raasta – Daily practice on English Seekho App. Start now!,English Communication strong karo aur confidence badhao,Install now,http://play.google.com/store/apps/details?id=com.bolo.android,Video,"Facebook,Instagram,Audience Network,Messenger,Threads",1,0,9:16,https://video.fblr20-4.fna.fbcdn.net/o1/v/t2/f2/m366/AQNufAOsuQhuYXCT4uRtvWXyizCpTtBogyB6czh4fgMheA0EXFdGVzeKF_eV48GxfZnZW5-a4CsxyL-60sS5gLneSSYhCoa4Ll3HdjRg5-H0AQ.mp4?_nc_cat=106&_nc_oc=AdppsV0eJNskvnMf-9w5JKFvoUbcrD2N3cfX5VdzjXgA17zH-bQBfBeg-NvMyqEBfkmajYk_YGZgvbP87URzB_rx&_nc_sid=b66105&_nc_ht=video.fblr20-4.fna.fbcdn.net&_nc_ohc=Rk0fzT1pkuYQ7kNvwFrir5A&efg=eyJ2ZW5jb2RlX3RhZyI6Inhwdl9wcm9ncmVzc2l2ZS5WSV9VU0VDQVNFX1BST0RVQ1RfVFlQRS4uQzMuNzIwLmRhc2hfaDI2NC1iYXNpYy1nZW4yXzcyMHAiLCJ4cHZfYXNzZXRfaWQiOjE3MjM1MDI1Mjg4ODY5MDcsImFzc2V0X2FnZV9kYXlzIjoyLCJ2aV91c2VjYXNlX2lkIjoxMDEzOSwiZHVyYXRpb25fcyI6NTAsInVybGdlbl9zb3VyY2UiOiJ3d3cifQ%3D%3D&ccb=17-1&vs=ab0a7e9c2e12ff19&_nc_vs=HBksFQIYRWZiX2VwaGVtZXJhbC8xQjQzMUQyQkY3RjUwNjRCNjg3QUVGQjA3NTE1MkZCQV9tdF8xX3ZpZGVvX2Rhc2hpbml0Lm1wNBUAAsgBEgAVAhhAZmJfcGVybWFuZW50LzcwNEFDMTEzM0E2MjQ0QkU1RjRGRjA5NjREMzVFMTgxX2F1ZGlvX2Rhc2hpbml0Lm1wNBUCAsgBEgAoABgAGwKIB3VzZV9vaWwBMRJwcm9ncmVzc2l2ZV9yZWNpcGUBMRUAACb24YfAhuGPBhUCKAJDMywXQEk7xqfvnbIYGWRhc2hfaDI2NC1iYXNpYy1nZW4yXzcyMHARAHUAZbaeAQA&_nc_gid=7nhg8LIONTBOknrYpLhdWA&_nc_ss=7f289&_nc_zt=28&oh=00_AQC0EwkFnXoqtSF5NBC61fyKddja0vUxJniHT5Q49ndNQQ&oe=6A58D2DE,https://scontent.fblr20-3.fna.fbcdn.net/v/t39.35426-6/743203870_1571977934363138_3668164589642518687_n.jpg?_nc_cat=109&ccb=1-7&_nc_sid=c53f8f&_nc_ohc=TlMy68RqwHIQ7kNvwFaDzJg&_nc_oc=AdrFEd0BnNjm5sydh2KxRn1rIOcsLicsCEH__YKpTLT_cokCB6YJTnVevE_EZ73BzQ2gOwN87d7eyfQ8lYyaOPfi&_nc_zt=14&_nc_ht=scontent.fblr20-3.fna&_nc_gid=7nhg8LIONTBOknrYpLhdWA&_nc_ss=7f289&oh=00_AQCHHcNFcK9vTaejjOqApId48jueyEpjUag1TkYlQv6o5w&oe=6A58D3EF,2026-07-16T12:47:26.000Z,2026-07-12,https://pub-893b4a6a607b4221a894bf861da7914e.r2.dev/1625056585845809.mp4
203,178,English Seekho,565574549966663,English Seekho App,,IN,1502275511673890,https://www.facebook.com/ads/library/?id=1502275511673890,2026-07-09,,false,false,1,0,,2026-07-09,,Fluent English bolne ka sirf ek raasta – Daily practice on English Seekho App. Start now!,English Communication strong karo aur confidence badhao,Install now,http://play.google.com/store/apps/details?id=com.bolo.android,"Facebook,Instagram,Audience Network,Messenger,Threads",Fluent English bolne ka sirf ek raasta – Daily practice on English Seekho App. Start now!,English Communication strong karo aur confidence badhao,Install now,http://play.google.com/store/apps/details?id=com.bolo.android,Video,"Facebook,Instagram,Audience Network,Messenger,Threads",1,0,9:16,https://video.fblr20-5.fna.fbcdn.net/o1/v/t2/f2/m366/AQMJWhwC-eyvF3tDQDXuIEaoPUgoj8OkadYWP7tqzB6yhUANlnSsvFy-4eoaT_4uxuMDEb4kTqhFwI_VL0EBp7oLy04mkCm8BwB8rukiTNC_Bg.mp4?_nc_cat=107&_nc_oc=Adp37TnMdyINp__JxWqPPvvy1q-M-t6xLWUQJNT66iwZuHeOPzB1MWdJxpoo12Q186e7e4DwZnlSx6s-5r-VkcS3&_nc_sid=b66105&_nc_ht=video.fblr20-5.fna.fbcdn.net&_nc_ohc=vVPHm1yPuD8Q7kNvwEzFIj1&efg=eyJ2ZW5jb2RlX3RhZyI6Inhwdl9wcm9ncmVzc2l2ZS5WSV9VU0VDQVNFX1BST0RVQ1RfVFlQRS4uQzMuNzIwLmRhc2hfaDI2NC1iYXNpYy1nZW4yXzcyMHAiLCJ4cHZfYXNzZXRfaWQiOjEzNjI2ODc5NjU4Mzg4NDYsImFzc2V0X2FnZV9kYXlzIjo1LCJ2aV91c2VjYXNlX2lkIjoxMDEzOSwiZHVyYXRpb25fcyI6MTEyLCJ1cmxnZW5fc291cmNlIjoid3d3In0%3D&ccb=17-1&vs=1b4c3a777ca3b7b7&_nc_vs=HBksFQIYRWZiX2VwaGVtZXJhbC9ENDRFRjYzMTc3MEI0OUIyMTI4QUQyNzQ5Q0RFQUE4QV9tdF8xX3ZpZGVvX2Rhc2hpbml0Lm1wNBUAAsgBEgAVAhhAZmJfcGVybWFuZW50LzA4NDBCNTMyOUIwMDk2NjIyN0ZDNTAyM0ZGQzgyRkJCX2F1ZGlvX2Rhc2hpbml0Lm1wNBUCAsgBEgAoABgAGwKIB3VzZV9vaWwBMRJwcm9ncmVzc2l2ZV9yZWNpcGUBMRUAACb896XC8NbrBBUCKAJDMywXQFwCn752yLQYGWRhc2hfaDI2NC1iYXNpYy1nZW4yXzcyMHARAHUAZbaeAQA&_nc_gid=7nhg8LIONTBOknrYpLhdWA&_nc_ss=7f289&_nc_zt=28&oh=00_AQDoHeZz7rrvK0hHSviraSYm0P2_wq1S5BayLDGEvzPZeg&oe=6A58D561,https://scontent.fblr20-4.fna.fbcdn.net/v/t39.35426-6/742145051_1535477201373582_6357394938616127888_n.jpg?_nc_cat=106&ccb=1-7&_nc_sid=c53f8f&_nc_ohc=df2XmAmmmU4Q7kNvwH4FjPT&_nc_oc=Adq66sAXhAhYeFIDaBEjDZPHwojwhb6z6eqbJHt7ukm-ryU-SJ5wMZDeEiYGhW5FyGpzEFWtoMZT_DytzURq7h-e&_nc_zt=14&_nc_ht=scontent.fblr20-4.fna&_nc_gid=7nhg8LIONTBOknrYpLhdWA&_nc_ss=7f289&oh=00_AQDNKuRjrVN_LHM4v6VthqfeLr98Y4HuUufE0LAoNzG4Fg&oe=6A58B241,2026-07-16T12:58:09.000Z,2026-07-12,https://pub-893b4a6a607b4221a894bf861da7914e.r2.dev/1502275511673890.mp4
204,179,English Seekho,565574549966663,English Seekho App,,IN,2176910723137201,https://www.facebook.com/ads/library/?id=2176910723137201,2026-01-22,,false,false,1,0,,2026-01-22,,Fluent English bolne ka sirf ek raasta – Daily practice on English Seekho App. Start now!,English Communication strong karo aur confidence badhao,Install now,http://play.google.com/store/apps/details?id=com.bolo.android,"Facebook,Instagram,Audience Network,Messenger,Threads",Fluent English bolne ka sirf ek raasta – Daily practice on English Seekho App. Start now!,English Communication strong karo aur confidence badhao,Install now,http://play.google.com/store/apps/details?id=com.bolo.android,Video,"Facebook,Instagram,Audience Network,Messenger,Threads",1,0,9:16,https://video.fblr20-1.fna.fbcdn.net/o1/v/t2/f2/m366/AQOtQRPZm7VlPySJlWvEd9RjNUuj-nGIoVINEAK_i-_AzJ9g8nNwQrEswlnm3GSzI7KUc7DARSojQrUj44cv5m5WMZmulg_BWRXLDxOkQlqWmw.mp4?_nc_cat=110&_nc_oc=Adortq7bAQC-LulOBxzgrKVQ0_chElGEFL8VcvcVrY_H6uRZ_98_VbNb_ZUPx2EpzQWIJttsnS3fIyDLmzNpq2-6&_nc_sid=b66105&_nc_ht=video.fblr20-1.fna.fbcdn.net&_nc_ohc=rDaMHfcg11sQ7kNvwGN9js4&efg=eyJ2ZW5jb2RlX3RhZyI6Inhwdl9wcm9ncmVzc2l2ZS5WSV9VU0VDQVNFX1BST0RVQ1RfVFlQRS4uQzMuNzIwLmRhc2hfaDI2NC1iYXNpYy1nZW4yXzcyMHAiLCJ4cHZfYXNzZXRfaWQiOjM5NzM4MzI2MTI5Mjg0NDEsImFzc2V0X2FnZV9kYXlzIjoyMTMsInZpX3VzZWNhc2VfaWQiOjEwMTM5LCJkdXJhdGlvbl9zIjo1MSwidXJsZ2VuX3NvdXJjZSI6Ind3dyJ9&ccb=17-1&vs=d63599c966417dab&_nc_vs=HBksFQIYRWZiX2VwaGVtZXJhbC8yNzQ5NEEzRkM0RkRCMzkwQ0NDOENDMDM2MkE3NTA5M19tdF8xX3ZpZGVvX2Rhc2hpbml0Lm1wNBUAAsgBEgAVAhhAZmJfcGVybWFuZW50L0RBNDlBRTI5Njg0MDgyOEIwMDA3QzAzMzMwMzNGQzgwX2F1ZGlvX2Rhc2hpbml0Lm1wNBUCAsgBEgAoABgAGwKIB3VzZV9vaWwBMRJwcm9ncmVzc2l2ZV9yZWNpcGUBMRUAACby7tKUwIuPDhUCKAJDMywXQEmzMzMzMzMYGWRhc2hfaDI2NC1iYXNpYy1nZW4yXzcyMHARAHUAZbaeAQA&_nc_gid=7nhg8LIONTBOknrYpLhdWA&_nc_ss=7f289&_nc_zt=28&oh=00_AQBCZFnqeEY8Ht2NNZmYRMuIZLSpoui4WcDGzNt8iAzvrA&oe=6A58CDE6,https://scontent.fblr20-3.fna.fbcdn.net/v/t39.35426-6/619152419_1467902781422992_5560299807771042095_n.jpg?_nc_cat=109&ccb=1-7&_nc_sid=c53f8f&_nc_ohc=4P1l5HotkMQQ7kNvwFM-Vh2&_nc_oc=Adr2-v11T8YZnrur_hq3lgyQAfVRSHWcCn0iwafKmWE-r_qU_wiYSBt49nyXUx7SFwq0AAE7keYq3Od96Kmtay6x&_nc_zt=14&_nc_ht=scontent.fblr20-3.fna&_nc_gid=7nhg8LIONTBOknrYpLhdWA&_nc_ss=7f289&oh=00_AQCo2pJ7gIQRGVRN5Y5mysTWlERmWlJei5YU2_UGQBPgNw&oe=6A58A19A,2026-07-16T12:26:14.000Z,2026-07-12,https://pub-893b4a6a607b4221a894bf861da7914e.r2.dev/2176910723137201.mp4
205,180,English Seekho,565574549966663,English Seekho App,,IN,1868096310508725,https://www.facebook.com/ads/library/?id=1868096310508725,2026-01-23,,false,false,1,0,,2026-01-23,,Fluent English bolne ka sirf ek raasta – Daily practice on English Seekho App. Start now!,English Communication strong karo aur confidence badhao,Install now,http://play.google.com/store/apps/details?id=com.bolo.android,"Facebook,Instagram,Audience Network,Messenger,Threads",Fluent English bolne ka sirf ek raasta – Daily practice on English Seekho App. Start now!,English Communication strong karo aur confidence badhao,Install now,http://play.google.com/store/apps/details?id=com.bolo.android,Video,"Facebook,Instagram,Audience Network,Messenger,Threads",1,0,9:16,https://video.fblr20-3.fna.fbcdn.net/o1/v/t2/f2/m366/AQNAvtrtmR3brgjuhP03vZmuv_76fykLrTWvcu_X2Nx-1YNAZO214WqIYccmIgDyxrXc1m2W2Ap92Z1rTr9HYzcXWpSu5aPNXFjfRF2_7YW-OQ.mp4?_nc_cat=100&_nc_oc=AdqPZq_rXHiXiRn3ArhycGPExijtntguUCE5zNucYkYR9INQ00Hh7oC0RJL7jeUPsaQt0M4NmERn6Dqtss8RtDb2&_nc_sid=b66105&_nc_ht=video.fblr20-3.fna.fbcdn.net&_nc_ohc=nWv9YPa2uqkQ7kNvwF4F7QD&efg=eyJ2ZW5jb2RlX3RhZyI6Inhwdl9wcm9ncmVzc2l2ZS5WSV9VU0VDQVNFX1BST0RVQ1RfVFlQRS4uQzMuNzIwLmRhc2hfaDI2NC1iYXNpYy1nZW4yXzcyMHAiLCJ4cHZfYXNzZXRfaWQiOjE4NTcwMjY2NzgyNTkyNDksImFzc2V0X2FnZV9kYXlzIjoyMjYsInZpX3VzZWNhc2VfaWQiOjEwMTM5LCJkdXJhdGlvbl9zIjo2OCwidXJsZ2VuX3NvdXJjZSI6Ind3dyJ9&ccb=17-1&vs=29588410cd5eae8f&_nc_vs=HBksFQIYRWZiX2VwaGVtZXJhbC9GMjQ0RUUzNEQ0RDU5MzUzNUREMTE4NzgwMEVGOTZBQV9tdF8xX3ZpZGVvX2Rhc2hpbml0Lm1wNBUAAsgBEgAVAhhAZmJfcGVybWFuZW50LzAxNDM4NDQ4ODA1MzMxM0ZCNDc3RTgzQUQyRUIzNUE4X2F1ZGlvX2Rhc2hpbml0Lm1wNBUCAsgBEgAoABgAGwKIB3VzZV9vaWwBMRJwcm9ncmVzc2l2ZV9yZWNpcGUBMRUAACbi-Pf3lr3MBhUCKAJDMywXQFE7tkWhysEYGWRhc2hfaDI2NC1iYXNpYy1nZW4yXzcyMHARAHUAZbaeAQA&_nc_gid=7nhg8LIONTBOknrYpLhdWA&_nc_ss=7f289&_nc_zt=28&oh=00_AQANF68J9AXCWCARUKegFex_aRhg6bFepcf9vSA06zymBA&oe=6A58CCA4,https://scontent.fblr20-3.fna.fbcdn.net/v/t39.35426-6/618817067_1275906431233125_4007718959223071229_n.jpg?_nc_cat=105&ccb=1-7&_nc_sid=c53f8f&_nc_ohc=77_27yZyEDQQ7kNvwGYgpYg&_nc_oc=AdpSvKqvkCk9ChpSBCHNUl4WsPHfizcpMg_u7efsSMaCz1r8A7OBdmIncR7MtDAXn9rGmxytNEtgOgS_2Uto6IXu&_nc_zt=14&_nc_ht=scontent.fblr20-3.fna&_nc_gid=7nhg8LIONTBOknrYpLhdWA&_nc_ss=7f289&oh=00_AQDJaxqRmTT-NMKF_6PcjzO5rAXaqOM57INbgtU1n0iZxQ&oe=6A58BBA6,2026-07-16T12:20:52.000Z,2026-07-12,https://pub-893b4a6a607b4221a894bf861da7914e.r2.dev/1868096310508725.mp4
206,181,English Seekho,565574549966663,English Seekho App,,IN,1322807760041743,https://www.facebook.com/ads/library/?id=1322807760041743,2026-07-10,,false,false,1,0,,2026-07-10,,Fluent English bolne ka sirf ek raasta – Daily practice on English Seekho App. Start now!,English Communication strong karo aur confidence badhao,Install now,http://play.google.com/store/apps/details?id=com.bolo.android,"Facebook,Instagram,Audience Network,Messenger,Threads",Fluent English bolne ka sirf ek raasta – Daily practice on English Seekho App. Start now!,English Communication strong karo aur confidence badhao,Install now,http://play.google.com/store/apps/details?id=com.bolo.android,Video,"Facebook,Instagram,Audience Network,Messenger,Threads",1,0,9:16,https://video.fblr20-5.fna.fbcdn.net/o1/v/t2/f2/m366/AQN5m4MbrR1EsbWaISscZeXhOKQs6-VFa1st3Wwsk6tfDvp0j4U3Iq4ix8N_V4-XgeFn6CA_HR7BtmkQxEGMyfu58xlisdk17DT8hSdSxJa0QA.mp4?_nc_cat=107&_nc_oc=AdoYOh7vogejgPCk8s8f2GV_yI7kNaOUlSUV3ppGm8qG245sweCPfPhSYF0vA-9HZonlXwToBhfmWa5JoB_Wi3M0&_nc_sid=b66105&_nc_ht=video.fblr20-5.fna.fbcdn.net&_nc_ohc=A-xOd7esxeAQ7kNvwFZrq4v&efg=eyJ2ZW5jb2RlX3RhZyI6Inhwdl9wcm9ncmVzc2l2ZS5WSV9VU0VDQVNFX1BST0RVQ1RfVFlQRS4uQzMuNzIwLmRhc2hfaDI2NC1iYXNpYy1nZW4yXzcyMHAiLCJ4cHZfYXNzZXRfaWQiOjE1NDI0MjIzNjA3NjIxMjIsImFzc2V0X2FnZV9kYXlzIjoyLCJ2aV91c2VjYXNlX2lkIjoxMDEzOSwiZHVyYXRpb25fcyI6NTEsInVybGdlbl9zb3VyY2UiOiJ3d3cifQ%3D%3D&ccb=17-1&vs=5fb52e2db783e0c2&_nc_vs=HBksFQIYRWZiX2VwaGVtZXJhbC8wRjQ5OTVGOTNCOTVBQzgxOTIyQzhEQkE2MkM3QkJCMl9tdF8xX3ZpZGVvX2Rhc2hpbml0Lm1wNBUAAsgBEgAVAhhAZmJfcGVybWFuZW50LzI4NEJDNEVCQkE3RjI0QzhGRjg4OUE3MDI2RjM4MThFX2F1ZGlvX2Rhc2hpbml0Lm1wNBUCAsgBEgAoABgAGwKIB3VzZV9vaWwBMRJwcm9ncmVzc2l2ZV9yZWNpcGUBMRUAACaUnMGO5rS9BRUCKAJDMywXQEmzMzMzMzMYGWRhc2hfaDI2NC1iYXNpYy1nZW4yXzcyMHARAHUAZbaeAQA&_nc_gid=7nhg8LIONTBOknrYpLhdWA&_nc_ss=7f289&_nc_zt=28&oh=00_AQDJykJMxYptxsAS8Cws_yZTGcD_uDecdz2ooFm1E0pvxw&oe=6A58B319,https://scontent.fblr20-2.fna.fbcdn.net/v/t39.35426-6/741409647_2432560950487016_2364421101405993769_n.jpg?_nc_cat=102&ccb=1-7&_nc_sid=c53f8f&_nc_ohc=1aqwns-2jFYQ7kNvwEOdQoZ&_nc_oc=AdpQm3ddB9myCxCBqcFy-zRey5VAWYEkcQIEIt92FOQ3aRzeRBYzvLZxZ8-ihK7PtqShaOEWnOpORpKJVuBkFna7&_nc_zt=14&_nc_ht=scontent.fblr20-2.fna&_nc_gid=7nhg8LIONTBOknrYpLhdWA&_nc_ss=7f289&oh=00_AQDGySTNt_EaQPHfqpi7kja11VuPnB12Ku2qmX9_2cWKNg&oe=6A58D409,2026-07-16T10:31:53.000Z,2026-07-12,https://pub-893b4a6a607b4221a894bf861da7914e.r2.dev/1322807760041743.mp4
207,182,English Seekho,565574549966663,English Seekho App,,IN,1293551286094512,https://www.facebook.com/ads/library/?id=1293551286094512,2026-06-23,,false,false,1,0,,2026-06-23,,Fluent English bolne ka sirf ek raasta – Daily practice on English Seekho App. Start now!,English Communication strong karo aur confidence badhao,Install now,http://play.google.com/store/apps/details?id=com.bolo.android,"Facebook,Instagram,Audience Network,Messenger,Threads",Fluent English bolne ka sirf ek raasta – Daily practice on English Seekho App. Start now!,English Communication strong karo aur confidence badhao,Install now,http://play.google.com/store/apps/details?id=com.bolo.android,Video,"Facebook,Instagram,Audience Network,Messenger,Threads",1,0,9:16,https://video.fblr20-4.fna.fbcdn.net/o1/v/t2/f2/m366/AQOqBJOyEmYPQa9DqTS_F9oAlY_Zs_9o8qQU5Ts2wBee6QuFG99ltfaQgwJtTJINf7UgETYXbVLmBEF3ZH5SrI_t2vDB-iZ6U1NmgrlG_RqoSA.mp4?_nc_cat=103&_nc_oc=AdrlFLeCJuIubHEzT6f2-PKuCLETsasQaP9sPxySNEdCrsqLdg-sK2sfpR1ysYDa89LXMyc8uK-zX_FSoAc5KOif&_nc_sid=b66105&_nc_ht=video.fblr20-4.fna.fbcdn.net&_nc_ohc=SFPCvaVI9UoQ7kNvwHo6kED&efg=eyJ2ZW5jb2RlX3RhZyI6Inhwdl9wcm9ncmVzc2l2ZS5WSV9VU0VDQVNFX1BST0RVQ1RfVFlQRS4uQzMuNzIwLmRhc2hfaDI2NC1iYXNpYy1nZW4yXzcyMHAiLCJ4cHZfYXNzZXRfaWQiOjE4MjM1NjMyMjUyNjg2NDgsImFzc2V0X2FnZV9kYXlzIjo4NiwidmlfdXNlY2FzZV9pZCI6MTAxMzksImR1cmF0aW9uX3MiOjY3LCJ1cmxnZW5fc291cmNlIjoid3d3In0%3D&ccb=17-1&vs=afbe6d8c68ab7020&_nc_vs=HBksFQIYRWZiX2VwaGVtZXJhbC8wNTRBMzA0OTg1NjI3RUYxQUJEQTZCNzU4MkU4OERBRV9tdF8xX3ZpZGVvX2Rhc2hpbml0Lm1wNBUAAsgBEgAVAhhAZmJfcGVybWFuZW50Lzg5NDZCMTdDNjJEOEM5NjBBNDE3MzI0QkU0NTJGQzhFX2F1ZGlvX2Rhc2hpbml0Lm1wNBUCAsgBEgAoABgAGwKIB3VzZV9vaWwBMRJwcm9ncmVzc2l2ZV9yZWNpcGUBMRUAACbQhqTkrKG9BhUCKAJDMywXQFDan752yLQYGWRhc2hfaDI2NC1iYXNpYy1nZW4yXzcyMHARAHUAZbaeAQA&_nc_gid=7nhg8LIONTBOknrYpLhdWA&_nc_ss=7f289&_nc_zt=28&oh=00_AQCKA7wjxLwJASTDpouvygYbcGkv9AYIdo_MjGz_maGdNQ&oe=6A58D0B5,https://scontent.fblr20-1.fna.fbcdn.net/v/t39.35426-6/670488080_944720861647343_3875682365510359624_n.jpg?_nc_cat=110&ccb=1-7&_nc_sid=c53f8f&_nc_ohc=DeGPMLhl7ZcQ7kNvwFsTagf&_nc_oc=AdoKV2GFVpdMVM41RJtLBM8ApIfQysufkBkA0sRTVAjtSfDdATOU0ViKOv-r5uzWZq9AIxqTqhZ7KiSnWJvjmAC-&_nc_zt=14&_nc_ht=scontent.fblr20-1.fna&_nc_gid=7nhg8LIONTBOknrYpLhdWA&_nc_ss=7f289&oh=00_AQASipeFxMk3QNMHLmMOamE9KmUXYT48fdPQ269eSowWUQ&oe=6A58B4C2,2026-07-16T12:38:13.000Z,2026-07-12,https://pub-893b4a6a607b4221a894bf861da7914e.r2.dev/1293551286094512.mp4
208,183,English Seekho,565574549966663,English Seekho App,,IN,1690364325606787,https://www.facebook.com/ads/library/?id=1690364325606787,2026-06-24,,false,false,1,0,,2026-06-24,,Fluent English bolne ka sirf ek raasta – Daily practice on English Seekho App. Start now!,English Communication strong karo aur confidence badhao,Install now,http://play.google.com/store/apps/details?id=com.bolo.android,"Facebook,Instagram,Audience Network,Messenger,Threads",Fluent English bolne ka sirf ek raasta – Daily practice on English Seekho App. Start now!,English Communication strong karo aur confidence badhao,Install now,http://play.google.com/store/apps/details?id=com.bolo.android,Video,"Facebook,Instagram,Audience Network,Messenger,Threads",1,0,9:16,https://video.fblr20-2.fna.fbcdn.net/o1/v/t2/f2/m366/AQPPsUKiJXnB8ypH3yZD83H5Gq5QTfgqtnFY2puJZlBt_mWakqWwYlgkoX_OgJJpjrjNSLu5lhcp-xXOD4oyHxxp72fCD87wXnPkKli0Xb-4dA.mp4?_nc_cat=104&_nc_oc=AdqhnZd71wnGo0qOEW6QbF-rEN7LI1H0xVQK7qcK3gav4HtptCcwC0ZK6CEHtO48ide51cklPXDOTxgZMaBh8up7&_nc_sid=b66105&_nc_ht=video.fblr20-2.fna.fbcdn.net&_nc_ohc=n1QLoIhQ0nQQ7kNvwFFJh9g&efg=eyJ2ZW5jb2RlX3RhZyI6Inhwdl9wcm9ncmVzc2l2ZS5WSV9VU0VDQVNFX1BST0RVQ1RfVFlQRS4uQzMuNzIwLmRhc2hfaDI2NC1iYXNpYy1nZW4yXzcyMHAiLCJ4cHZfYXNzZXRfaWQiOjE2NjQxMzM1MjQ4MDI5MzMsImFzc2V0X2FnZV9kYXlzIjoxMDgsInZpX3VzZWNhc2VfaWQiOjEwMTM5LCJkdXJhdGlvbl9zIjo5NSwidXJsZ2VuX3NvdXJjZSI6Ind3dyJ9&ccb=17-1&vs=82d16531a32b712f&_nc_vs=HBksFQIYRWZiX2VwaGVtZXJhbC9BMjQ5QzY2NjUwMzIwMkJGRUVDNTUxQTRCRDEyRENBRl9tdF8xX3ZpZGVvX2Rhc2hpbml0Lm1wNBUAAsgBEgAVAhhAZmJfcGVybWFuZW50LzU1NEY1RDQzMjFEQzUxMUFDQjY4QjM5QTBFMzEyMkI4X2F1ZGlvX2Rhc2hpbml0Lm1wNBUCAsgBEgAoABgAGwKIB3VzZV9vaWwBMRJwcm9ncmVzc2l2ZV9yZWNpcGUBMRUAACbqtdb5qOH0BRUCKAJDMywXQFfVT987ZFoYGWRhc2hfaDI2NC1iYXNpYy1nZW4yXzcyMHARAHUAZbaeAQA&_nc_gid=7nhg8LIONTBOknrYpLhdWA&_nc_ss=7f289&_nc_zt=28&oh=00_AQBfZFMdAgLi-yf2GDZ-oxw0dHom5j120gK0QRSR72EokA&oe=6A58BF64,https://scontent.fblr20-2.fna.fbcdn.net/v/t39.35426-6/730570537_1346715210894135_6823427086884025398_n.jpg?_nc_cat=111&ccb=1-7&_nc_sid=c53f8f&_nc_ohc=bnkQVQQY97UQ7kNvwG0Rzo7&_nc_oc=AdptPrKJUsDCpCPjiH-w7-nvHbFKAdj8OmJcikU6ETaizO69zhZLaelO3W85n_tyHwDIyij-g1FGfLUA2E_SawLE&_nc_zt=14&_nc_ht=scontent.fblr20-2.fna&_nc_gid=7nhg8LIONTBOknrYpLhdWA&_nc_ss=7f289&oh=00_AQArFvBlAY5wa7bXQMsEwQrXHhEIIJPalCVTzzDXo_rKow&oe=6A58A47E,2026-07-16T11:24:20.000Z,2026-07-12,https://pub-893b4a6a607b4221a894bf861da7914e.r2.dev/1690364325606787.mp4
209,184,English Seekho,565574549966663,English Seekho App,,IN,1717943059352800,https://www.facebook.com/ads/library/?id=1717943059352800,2026-07-10,,false,false,1,0,,2026-07-10,,Fluent English bolne ka sirf ek raasta – Daily practice on English Seekho App. Start now!,English Communication strong karo aur confidence badhao,Install now,http://play.google.com/store/apps/details?id=com.bolo.android,"Facebook,Instagram,Audience Network,Messenger,Threads",Fluent English bolne ka sirf ek raasta – Daily practice on English Seekho App. Start now!,English Communication strong karo aur confidence badhao,Install now,http://play.google.com/store/apps/details?id=com.bolo.android,Video,"Facebook,Instagram,Audience Network,Messenger,Threads",1,0,9:16,https://video.fblr20-3.fna.fbcdn.net/o1/v/t2/f2/m366/AQPQ22JAN2Q5ixocFv7CiZShNaX48v8is7VwsIMtzY3CZElKrVhGHM2oBx2q4wiooPbJ18GDIAdAnxYT36fV_0ZyYsl6vQ9BKe07w3IqsHi7bw.mp4?_nc_cat=109&_nc_oc=AdplHU2vJESRJHx5GkWJI6kEfqgLWCJXx9z2116Ouftd7d2QXOdYKvQu_0bUbrB7QZVifPWE97S54MrcJTICs1mM&_nc_sid=b66105&_nc_ht=video.fblr20-3.fna.fbcdn.net&_nc_ohc=T0tvbMa50BYQ7kNvwEYEekx&efg=eyJ2ZW5jb2RlX3RhZyI6Inhwdl9wcm9ncmVzc2l2ZS5WSV9VU0VDQVNFX1BST0RVQ1RfVFlQRS4uQzMuNzIwLmRhc2hfaDI2NC1iYXNpYy1nZW4yXzcyMHAiLCJ4cHZfYXNzZXRfaWQiOjIwOTM3MjE0MTE1NDM1NzIsImFzc2V0X2FnZV9kYXlzIjoyLCJ2aV91c2VjYXNlX2lkIjoxMDEzOSwiZHVyYXRpb25fcyI6NjEsInVybGdlbl9zb3VyY2UiOiJ3d3cifQ%3D%3D&ccb=17-1&vs=9f867cc87f1af988&_nc_vs=HBksFQIYRWZiX2VwaGVtZXJhbC9ERTQxNzBDNkZFOEFDNUExQUJCODVFNTU5MDlDMkRBMl9tdF8xX3ZpZGVvX2Rhc2hpbml0Lm1wNBUAAsgBEgAVAhhAZmJfcGVybWFuZW50L0Q4NEQ3N0E2RjM2NDcyRDBFQzRGMUUxRDNDNDE3MUE4X2F1ZGlvX2Rhc2hpbml0Lm1wNBUCAsgBEgAoABgAGwKIB3VzZV9vaWwBMRJwcm9ncmVzc2l2ZV9yZWNpcGUBMRUAACaoiPOP0I64BxUCKAJDMywXQE7VP3ztkWgYGWRhc2hfaDI2NC1iYXNpYy1nZW4yXzcyMHARAHUAZbaeAQA&_nc_gid=7nhg8LIONTBOknrYpLhdWA&_nc_ss=7f289&_nc_zt=28&oh=00_AQA8LgdX1H6R7mXA8XfLqwk0uxWGMMAUOkuN3MB0sHmntw&oe=6A58D643,https://scontent.fblr20-1.fna.fbcdn.net/v/t39.35426-6/740769929_1050312730778946_180564332497778756_n.jpg?_nc_cat=110&ccb=1-7&_nc_sid=c53f8f&_nc_ohc=iJcE2JyAcrkQ7kNvwFGwIxW&_nc_oc=AdqTAM_f9253ScanV0PRNqqrs2Pyv97MCDQWRYvMo4ehtDhgijOMi-CFi5aBz4SxX2XrTxlR2sR-AYt4XRLBg4TC&_nc_zt=14&_nc_ht=scontent.fblr20-1.fna&_nc_gid=7nhg8LIONTBOknrYpLhdWA&_nc_ss=7f289&oh=00_AQCe-t4-SCut3kLBl1Gm9ky8TXgFYlZwCV9qmAu_4IWLew&oe=6A58BD1C,2026-07-16T13:01:55.000Z,2026-07-12,https://pub-893b4a6a607b4221a894bf861da7914e.r2.dev/1717943059352800.mp4
210,185,English Seekho,565574549966663,English Seekho App,,IN,2302178707190016,https://www.facebook.com/ads/library/?id=2302178707190016,2026-07-10,,false,false,1,0,,2026-07-10,,Fluent English bolne ka sirf ek raasta – Daily practice on English Seekho App. Start now!,English Communication strong karo aur confidence badhao,Install now,http://play.google.com/store/apps/details?id=com.bolo.android,"Facebook,Instagram,Audience Network,Messenger,Threads",Fluent English bolne ka sirf ek raasta – Daily practice on English Seekho App. Start now!,English Communication strong karo aur confidence badhao,Install now,http://play.google.com/store/apps/details?id=com.bolo.android,Video,"Facebook,Instagram,Audience Network,Messenger,Threads",1,0,9:16,https://video.fblr20-2.fna.fbcdn.net/o1/v/t2/f2/m366/AQOjJTKT-P2e9-hXuzg7bZUPno-j0hgUy3butN8nEqhZZelfnMztk6vF6PlY9COBc-tDpxcYRMxYb4F0KFXSwfR9qFl0rBHlQt-76669cXLrzw.mp4?_nc_cat=102&_nc_oc=AdpjG1kdCSt-l9BWPg7tBTddJVu_-j4ysQ2vaLNAWUeP-yztr270rnZ5GLXecjFPWe_kB0Pt0Sd3jkdjuJqZ8tmG&_nc_sid=b66105&_nc_ht=video.fblr20-2.fna.fbcdn.net&_nc_ohc=cdeScLsGeRkQ7kNvwG4_wU8&efg=eyJ2ZW5jb2RlX3RhZyI6Inhwdl9wcm9ncmVzc2l2ZS5WSV9VU0VDQVNFX1BST0RVQ1RfVFlQRS4uQzMuNzIwLmRhc2hfaDI2NC1iYXNpYy1nZW4yXzcyMHAiLCJ4cHZfYXNzZXRfaWQiOjE3NTg5NDU2MjUxMDQ4MzksImFzc2V0X2FnZV9kYXlzIjoyLCJ2aV91c2VjYXNlX2lkIjoxMDEzOSwiZHVyYXRpb25fcyI6MTcyLCJ1cmxnZW5fc291cmNlIjoid3d3In0%3D&ccb=17-1&vs=616032e153d2aa23&_nc_vs=HBksFQIYRWZiX2VwaGVtZXJhbC82QzQ5QkUxRTZEOUZDMzEwQ0IyNUVGOUUyM0ZFMDM4QV9tdF8xX3ZpZGVvX2Rhc2hpbml0Lm1wNBUAAsgBEgAVAhhAZmJfcGVybWFuZW50L0JGNDA0OTg4QjkyMTc2NkUzOUY4RDQ1N0M2ODZGN0FEX2F1ZGlvX2Rhc2hpbml0Lm1wNBUCAsgBEgAoABgAGwKIB3VzZV9vaWwBMRJwcm9ncmVzc2l2ZV9yZWNpcGUBMRUAACaOh8-SjvCfBhUCKAJDMywXQGWAAAAAAAAYGWRhc2hfaDI2NC1iYXNpYy1nZW4yXzcyMHARAHUAZbaeAQA&_nc_gid=nxwq0rNoGbFH7gEVQfkbAg&_nc_ss=7f289&_nc_zt=28&oh=00_AQCEoWbSFr9WcRcWc3I8M40eTaSBF3y6xkleYcCIM5Lg6A&oe=6A58C90E,https://scontent.fblr20-4.fna.fbcdn.net/v/t39.35426-6/742726689_1571658837947964_2084369039959667475_n.jpg?_nc_cat=106&ccb=1-7&_nc_sid=c53f8f&_nc_ohc=fJADZF8MI38Q7kNvwElsqB3&_nc_oc=Adqe0PvcLPPJfA7q0rZqpaQds8V03OaZ2Le9cb_nATSFzKMuUFAeZFIv-FeSuI8XYRxDBRGcjmZvbCErfGFq3kHp&_nc_zt=14&_nc_ht=scontent.fblr20-4.fna&_nc_gid=nxwq0rNoGbFH7gEVQfkbAg&_nc_ss=7f289&oh=00_AQCjaMg1u7ZY1JuGXbYgAuP5XWgCE0Hbxk5oM8kVKgyrjg&oe=6A58A919,2026-07-16T12:05:34.000Z,2026-07-12,https://pub-893b4a6a607b4221a894bf861da7914e.r2.dev/2302178707190016.mp4
211,186,English Seekho,565574549966663,English Seekho App,,IN,1028514069571512,https://www.facebook.com/ads/library/?id=1028514069571512,2026-07-10,,false,false,1,0,,2026-07-10,,Fluent English bolne ka sirf ek raasta – Daily practice on English Seekho App. Start now!,English Communication strong karo aur confidence badhao,Install now,http://play.google.com/store/apps/details?id=com.bolo.android,"Facebook,Instagram,Audience Network,Messenger,Threads",Fluent English bolne ka sirf ek raasta – Daily practice on English Seekho App. Start now!,English Communication strong karo aur confidence badhao,Install now,http://play.google.com/store/apps/details?id=com.bolo.android,Video,"Facebook,Instagram,Audience Network,Messenger,Threads",1,0,9:16,https://video.fblr20-2.fna.fbcdn.net/o1/v/t2/f2/m366/AQM2SXfkgHMcceEKx-q6TgfkqAymoslT-40cTHSXpvPGngkeQdpNv3AzM4Vf2iQuGkQUF82g537csUOKd6qcq7eEMGLs_AOXANnQyHi3y90SFg.mp4?_nc_cat=111&_nc_oc=AdqmOM_Z6kqarTfu18eQVGZhDdwZbvX6642Qc-0mNveItp8wDkQmmft_oOmcCgrCW6Ug44jdTcYrd_Xtk3kyFoqt&_nc_sid=b66105&_nc_ht=video.fblr20-2.fna.fbcdn.net&_nc_ohc=hRypXIP5kwkQ7kNvwFeXmde&efg=eyJ2ZW5jb2RlX3RhZyI6Inhwdl9wcm9ncmVzc2l2ZS5WSV9VU0VDQVNFX1BST0RVQ1RfVFlQRS4uQzMuNzIwLmRhc2hfaDI2NC1iYXNpYy1nZW4yXzcyMHAiLCJ4cHZfYXNzZXRfaWQiOjc5MjU5MDM0Mzk0NDQ2NiwiYXNzZXRfYWdlX2RheXMiOjIsInZpX3VzZWNhc2VfaWQiOjEwMTM5LCJkdXJhdGlvbl9zIjoxMzEsInVybGdlbl9zb3VyY2UiOiJ3d3cifQ%3D%3D&ccb=17-1&vs=7cf66b69707afc9b&_nc_vs=HBksFQIYRWZiX2VwaGVtZXJhbC8xNDQxNzNCMjYzQkY3RTUzOUMwQjczRTlFREQ5NTI4OV9tdF8xX3ZpZGVvX2Rhc2hpbml0Lm1wNBUAAsgBEgAVAhhAZmJfcGVybWFuZW50Lzc1NENDMUY3RjZBNUNBQTYxRjRCQTVCNjU1M0MyQUE4X2F1ZGlvX2Rhc2hpbml0Lm1wNBUCAsgBEgAoABgAGwKIB3VzZV9vaWwBMRJwcm9ncmVzc2l2ZV9yZWNpcGUBMRUAACak5Lme6rboAhUCKAJDMywXQGB3dLxqfvoYGWRhc2hfaDI2NC1iYXNpYy1nZW4yXzcyMHARAHUAZbaeAQA&_nc_gid=nxwq0rNoGbFH7gEVQfkbAg&_nc_ss=7f289&_nc_zt=28&oh=00_AQCJuakWbOPyVHDmdEQWCUcI3w5XGcQv1-9B-AHViAm0LA&oe=6A58C421,https://scontent.fblr20-3.fna.fbcdn.net/v/t39.35426-6/742595073_808952125540765_3673857920671536402_n.jpg?_nc_cat=105&ccb=1-7&_nc_sid=c53f8f&_nc_ohc=y9yt6OFJps4Q7kNvwF7brI6&_nc_oc=Adr7Ery1WQm6Q7zXmhYiebN7OClJNbC2-FdOQQqPzhxVRxDyRyVs8wGlKVaXoJIHVW7HoxvvvLYwfOW8xg4xlcNu&_nc_zt=14&_nc_ht=scontent.fblr20-3.fna&_nc_gid=nxwq0rNoGbFH7gEVQfkbAg&_nc_ss=7f289&oh=00_AQCYTl4sXdfYn683o8vhChkaNUhkNOovIaR9wKvxeydl2g&oe=6A58CE1D,2026-07-16T11:44:33.000Z,2026-07-12,https://pub-893b4a6a607b4221a894bf861da7914e.r2.dev/1028514069571512.mp4
212,187,English Seekho,565574549966663,English Seekho App,,IN,1349912196473620,https://www.facebook.com/ads/library/?id=1349912196473620,2026-07-10,,false,false,1,0,,2026-07-10,,Fluent English bolne ka sirf ek raasta – Daily practice on English Seekho App. Start now!,English Communication strong karo aur confidence badhao,Install now,http://play.google.com/store/apps/details?id=com.bolo.android,"Facebook,Instagram,Audience Network,Messenger,Threads",Fluent English bolne ka sirf ek raasta – Daily practice on English Seekho App. Start now!,English Communication strong karo aur confidence badhao,Install now,http://play.google.com/store/apps/details?id=com.bolo.android,Video,"Facebook,Instagram,Audience Network,Messenger,Threads",1,0,9:16,https://video.fblr20-4.fna.fbcdn.net/o1/v/t2/f2/m366/AQMSCzgBaKYC6vVuKUnAE-WC3EuxGTR2sidVO328ckZ757EE1E601tWv_gSj9t5sMyDFk191MN6dMgn82gVSAlkPJlljraSkYmcZdTDQgiVapg.mp4?_nc_cat=103&_nc_oc=Adr0OLmudAdCrvh412t0-2CBRaylWOpaIVfSPVFACKSAUMEzEc6iYUZY8M_n-uNcICpIugPbwEPYaheLRn-U4USH&_nc_sid=b66105&_nc_ht=video.fblr20-4.fna.fbcdn.net&_nc_ohc=4Edzt7y3TooQ7kNvwH1S56p&efg=eyJ2ZW5jb2RlX3RhZyI6Inhwdl9wcm9ncmVzc2l2ZS5WSV9VU0VDQVNFX1BST0RVQ1RfVFlQRS4uQzMuNzIwLmRhc2hfaDI2NC1iYXNpYy1nZW4yXzcyMHAiLCJ4cHZfYXNzZXRfaWQiOjE1MDI2MDAzNzc4NDUxNTgsImFzc2V0X2FnZV9kYXlzIjoyLCJ2aV91c2VjYXNlX2lkIjoxMDEzOSwiZHVyYXRpb25fcyI6NTgsInVybGdlbl9zb3VyY2UiOiJ3d3cifQ%3D%3D&ccb=17-1&vs=1b8e912688dc0dcc&_nc_vs=HBksFQIYRWZiX2VwaGVtZXJhbC80RjQ4Q0VCOURBNTk2Q0NGNTRENEExNUFFMzY2MDU4NF9tdF8xX3ZpZGVvX2Rhc2hpbml0Lm1wNBUAAsgBEgAVAhhAZmJfcGVybWFuZW50LzA0NDZBNUUyNzEwMTk4RDRDRUQzRjIxNUM2QTEzMDhFX2F1ZGlvX2Rhc2hpbml0Lm1wNBUCAsgBEgAoABgAGwKIB3VzZV9vaWwBMRJwcm9ncmVzc2l2ZV9yZWNpcGUBMRUAACbMlpac7aarBRUCKAJDMywXQE1d0vGp--cYGWRhc2hfaDI2NC1iYXNpYy1nZW4yXzcyMHARAHUAZbaeAQA&_nc_gid=nxwq0rNoGbFH7gEVQfkbAg&_nc_ss=7f289&_nc_zt=28&oh=00_AQApUY350obEt6ksy3ggn_9mlPFjJPtzospE5VjK_x9qBg&oe=6A58B959,https://scontent.fblr20-3.fna.fbcdn.net/v/t39.35426-6/741395803_1767182584714956_9003818914024418872_n.jpg?_nc_cat=105&ccb=1-7&_nc_sid=c53f8f&_nc_ohc=_VmTT5CEqLIQ7kNvwFTx10P&_nc_oc=AdpOZYnP1AlvUtx-cfZj_M2_os7M6Zs0pMcD8NW_7NbZnmHcUsbGJnEHYIX7yZcxKkQUn2526WkMjOcy6X_jMNwa&_nc_zt=14&_nc_ht=scontent.fblr20-3.fna&_nc_gid=nxwq0rNoGbFH7gEVQfkbAg&_nc_ss=7f289&oh=00_AQAXtv3wKNEuLJkGBqZpeU_F69sLKzcQM-paUkzmHItDOw&oe=6A58D190,2026-07-16T10:58:33.000Z,2026-07-12,https://pub-893b4a6a607b4221a894bf861da7914e.r2.dev/1349912196473620.mp4
213,188,English Seekho,565574549966663,English Seekho App,,IN,1419054459866080,https://www.facebook.com/ads/library/?id=1419054459866080,2026-01-22,,false,false,1,0,,2026-01-22,,Fluent English bolne ka sirf ek raasta – Daily practice on English Seekho App. Start now!,English Communication strong karo aur confidence badhao,Install now,http://play.google.com/store/apps/details?id=com.bolo.android,"Facebook,Instagram,Audience Network,Messenger,Threads",Fluent English bolne ka sirf ek raasta – Daily practice on English Seekho App. Start now!,English Communication strong karo aur confidence badhao,Install now,http://play.google.com/store/apps/details?id=com.bolo.android,Video,"Facebook,Instagram,Audience Network,Messenger,Threads",1,0,9:16,https://video.fblr20-4.fna.fbcdn.net/o1/v/t2/f2/m366/AQM8CnPi9COk6Fbb8kt9zDBi9gT91tBpa9pSniV7PV2TtZieiacnEAQ75BBtquCh_DsWViLRq0uobb14bd2C3VQoS-uH5PT4B-eeGDdnwoNWAg.mp4?_nc_cat=106&_nc_oc=AdpJ5Rdt9lCKXdzElIsF-fEJ9xTi1y4PIOWWRK2wb7oDlIEZN6KTnLLy7kvOdxD5G_jHMCz8FVNpzusYNR_okNBY&_nc_sid=b66105&_nc_ht=video.fblr20-4.fna.fbcdn.net&_nc_ohc=lPtw_2iJEPAQ7kNvwHqTJGb&efg=eyJ2ZW5jb2RlX3RhZyI6Inhwdl9wcm9ncmVzc2l2ZS5WSV9VU0VDQVNFX1BST0RVQ1RfVFlQRS4uQzMuNzIwLmRhc2hfaDI2NC1iYXNpYy1nZW4yXzcyMHAiLCJ4cHZfYXNzZXRfaWQiOjgzNTM1MjQ4MjgzMDA2OCwiYXNzZXRfYWdlX2RheXMiOjIwOCwidmlfdXNlY2FzZV9pZCI6MTAxMzksImR1cmF0aW9uX3MiOjQ2LCJ1cmxnZW5fc291cmNlIjoid3d3In0%3D&ccb=17-1&vs=dedb1f914c59f16a&_nc_vs=HBksFQIYRWZiX2VwaGVtZXJhbC8xODQ4NTIxRUYwMzM2M0I0ODNDQjREOERBMzI0Q0JCNl9tdF8xX3ZpZGVvX2Rhc2hpbml0Lm1wNBUAAsgBEgAVAhhAZmJfcGVybWFuZW50L0VDNDU2MzExMzYxRTRFMzQ2NTVDNzYyQ0YwRDRGMDk1X2F1ZGlvX2Rhc2hpbml0Lm1wNBUCAsgBEgAoABgAGwKIB3VzZV9vaWwBMRJwcm9ncmVzc2l2ZV9yZWNpcGUBMRUAACbo24KA9e_7AhUCKAJDMywXQEb9T987ZFoYGWRhc2hfaDI2NC1iYXNpYy1nZW4yXzcyMHARAHUAZbaeAQA&_nc_gid=nxwq0rNoGbFH7gEVQfkbAg&_nc_ss=7f289&_nc_zt=28&oh=00_AQAC6fFZye5bA55CiTHpmIPMICOqDBGvFTg3FJf2g7cY2A&oe=6A589E82,https://scontent.fblr20-4.fna.fbcdn.net/v/t39.35426-6/619997252_1605575960478418_3297500584492087210_n.jpg?_nc_cat=103&ccb=1-7&_nc_sid=c53f8f&_nc_ohc=B-tk4rDEWsIQ7kNvwFMyele&_nc_oc=Adq_9r4wrAsJYq00BmVfTvuMqKFeWfhXniliSEFbQAXEgOr3mRUoBPX2LdcMZW2p-C1ZPmrkVV1BTmGuD-dx0P3y&_nc_zt=14&_nc_ht=scontent.fblr20-4.fna&_nc_gid=nxwq0rNoGbFH7gEVQfkbAg&_nc_ss=7f289&oh=00_AQDWnsqAn03tb7CUhlKDD_TlWIki1Sdl-9MRy-x5BtlmVQ&oe=6A58A2E0,2026-07-16T09:04:02.000Z,2026-07-12,https://pub-893b4a6a607b4221a894bf861da7914e.r2.dev/1419054459866080.mp4
214,189,English Seekho,565574549966663,English Seekho App,,IN,1513956017173426,https://www.facebook.com/ads/library/?id=1513956017173426,2026-07-10,,false,false,1,0,,2026-07-10,,Fluent English bolne ka sirf ek raasta – Daily practice on English Seekho App. Start now!,English Communication strong karo aur confidence badhao,Install now,http://play.google.com/store/apps/details?id=com.bolo.android,"Facebook,Instagram,Audience Network,Messenger,Threads",Fluent English bolne ka sirf ek raasta – Daily practice on English Seekho App. Start now!,English Communication strong karo aur confidence badhao,Install now,http://play.google.com/store/apps/details?id=com.bolo.android,Video,"Facebook,Instagram,Audience Network,Messenger,Threads",1,0,9:16,https://video.fblr20-2.fna.fbcdn.net/o1/v/t2/f2/m366/AQPPMqdsvBaWdkGRqbliXVULYFZV3YT_ovnlC1X6bAjTTTQkaycZNpr87hWRmGHgGBQezlV2CylnVYRTQEkLExF8yP5ujScKnUvD2sEjUXJAog.mp4?_nc_cat=111&_nc_oc=AdoDf0V3Ta3bJnIth6Esy12PqFoOAg7eBkg-49XpiOcLfuKRHct5YAeAFHBFVtOQCFqwVk6-f7IZ877H5XQSxmST&_nc_sid=b66105&_nc_ht=video.fblr20-2.fna.fbcdn.net&_nc_ohc=e2NtX_wtufwQ7kNvwGN3Fhf&efg=eyJ2ZW5jb2RlX3RhZyI6Inhwdl9wcm9ncmVzc2l2ZS5WSV9VU0VDQVNFX1BST0RVQ1RfVFlQRS4uQzMuNzIwLmRhc2hfaDI2NC1iYXNpYy1nZW4yXzcyMHAiLCJ4cHZfYXNzZXRfaWQiOjE2NDU4NTkxNDY5NzU1MDcsImFzc2V0X2FnZV9kYXlzIjoyLCJ2aV91c2VjYXNlX2lkIjoxMDEzOSwiZHVyYXRpb25fcyI6NjcsInVybGdlbl9zb3VyY2UiOiJ3d3cifQ%3D%3D&ccb=17-1&vs=809c222f8e7202d&_nc_vs=HBksFQIYRWZiX2VwaGVtZXJhbC81NjQzMTFERDI1RUY5QUVFQkM3QTcxNEFFOTExMTZBNF9tdF8xX3ZpZGVvX2Rhc2hpbml0Lm1wNBUAAsgBEgAVAhhAZmJfcGVybWFuZW50LzkyNDQ4NTQ4M0IyREVBREIxOTlCMEY4MDU5RERERUIyX2F1ZGlvX2Rhc2hpbml0Lm1wNBUCAsgBEgAoABgAGwKIB3VzZV9vaWwBMRJwcm9ncmVzc2l2ZV9yZWNpcGUBMRUAACampPKczrnsBRUCKAJDMywXQFDxFocrAgwYGWRhc2hfaDI2NC1iYXNpYy1nZW4yXzcyMHARAHUAZbaeAQA&_nc_gid=nxwq0rNoGbFH7gEVQfkbAg&_nc_ss=7f289&_nc_zt=28&oh=00_AQBg185DWjxQZVXA06ExebmgQYqgNeBDsEnQTEMHPTZrtQ&oe=6A58CD41,https://scontent.fblr20-1.fna.fbcdn.net/v/t39.35426-6/742684085_1287914503189995_2123310776969224489_n.jpg?_nc_cat=108&ccb=1-7&_nc_sid=c53f8f&_nc_ohc=Nv9riZ3qDzoQ7kNvwGxEd6S&_nc_oc=AdpAX7Uj9SMOvgRmr1mJU_K8QaeF5E2M6EZHnswR6Gzdc-NolffsDV_c2PhAyVAjOTcwf4t3vu3X0xExgreFc9_I&_nc_zt=14&_nc_ht=scontent.fblr20-1.fna&_nc_gid=nxwq0rNoGbFH7gEVQfkbAg&_nc_ss=7f289&oh=00_AQBECxrqQaIz605hsdMzdEhSn0vPeN21gs3x_5us4-vxog&oe=6A58A24E,2026-07-16T12:23:29.000Z,2026-07-12,https://pub-893b4a6a607b4221a894bf861da7914e.r2.dev/1513956017173426.mp4
215,190,English Seekho,565574549966663,English Seekho App,,IN,1905133330090659,https://www.facebook.com/ads/library/?id=1905133330090659,2026-01-22,,false,false,1,0,,2026-01-22,,Fluent English bolne ka sirf ek raasta – Daily practice on English Seekho App. Start now!,English Communication strong karo aur confidence badhao,Install now,http://play.google.com/store/apps/details?id=com.bolo.android,"Facebook,Instagram,Audience Network,Messenger,Threads",Fluent English bolne ka sirf ek raasta – Daily practice on English Seekho App. Start now!,English Communication strong karo aur confidence badhao,Install now,http://play.google.com/store/apps/details?id=com.bolo.android,Video,"Facebook,Instagram,Audience Network,Messenger,Threads",1,0,9:16,https://video.fblr20-2.fna.fbcdn.net/o1/v/t2/f2/m366/AQOyyw63bzQtWu3FsAGwYfpiWHUrs2W6DhA84m29yrEAhC-CpWO3pR_nM6AUYRH_jLdkbvxWI8yKpsh7M2fK5GwKsm-pwJOJgBMok1Nyc6ZDig.mp4?_nc_cat=104&_nc_oc=AdrdeuLUXoz95W55-rUJw4GqnZL_pd_AMaydBoN0-gUqwvSUIEdYhQmjl2rauMSc6MqvtxBkap2ICtTEH3JRbZDH&_nc_sid=b66105&_nc_ht=video.fblr20-2.fna.fbcdn.net&_nc_ohc=jcSbank5J-sQ7kNvwEz1OdW&efg=eyJ2ZW5jb2RlX3RhZyI6Inhwdl9wcm9ncmVzc2l2ZS5WSV9VU0VDQVNFX1BST0RVQ1RfVFlQRS4uQzMuNzIwLmRhc2hfaDI2NC1iYXNpYy1nZW4yXzcyMHAiLCJ4cHZfYXNzZXRfaWQiOjE0NDYxNTM2NDcwNzkxNjMsImFzc2V0X2FnZV9kYXlzIjoxODUsInZpX3VzZWNhc2VfaWQiOjEwMTM5LCJkdXJhdGlvbl9zIjoxNTAsInVybGdlbl9zb3VyY2UiOiJ3d3cifQ%3D%3D&ccb=17-1&vs=a4e9daf9188f1df&_nc_vs=HBksFQIYRWZiX2VwaGVtZXJhbC81RjRBQjY2QjJDNUY1OUEyRkEwNzAzOTc1QzJEQzE5MV9tdF8xX3ZpZGVvX2Rhc2hpbml0Lm1wNBUAAsgBEgAVAhhAZmJfcGVybWFuZW50L0Y2NDdBQjYyQTU4MjAxMjJBNkFERjMzMkFBNzJGM0JEX2F1ZGlvX2Rhc2hpbml0Lm1wNBUCAsgBEgAoABgAGwKIB3VzZV9vaWwBMRJwcm9ncmVzc2l2ZV9yZWNpcGUBMRUAACb2--WmnNGRBRUCKAJDMywXQGLGZmZmZmYYGWRhc2hfaDI2NC1iYXNpYy1nZW4yXzcyMHARAHUAZbaeAQA&_nc_gid=nxwq0rNoGbFH7gEVQfkbAg&_nc_ss=7f289&_nc_zt=28&oh=00_AQD3Zp6iVGsyAoISMf5sk2CYG-iMTULyInfo2XNhOwJ15g&oe=6A58C99C,https://scontent.fblr20-2.fna.fbcdn.net/v/t39.35426-6/619126555_1058831509742306_3596008404549406609_n.jpg?_nc_cat=102&ccb=1-7&_nc_sid=c53f8f&_nc_ohc=6K0JbeErpAwQ7kNvwHHoIwC&_nc_oc=Adp9ossj0uoZgyFNujkKYKPF6jUXL4ytLL_nepp3gU6VC4QKVfrQDdvLC2f9HAsN7AzKTmEWWMipbzQLrj991zFb&_nc_zt=14&_nc_ht=scontent.fblr20-2.fna&_nc_gid=nxwq0rNoGbFH7gEVQfkbAg&_nc_ss=7f289&oh=00_AQBaVc7BhwxaaxxTzZhnUgTSLjKUHSpe6KusNZ4ZhLZuwQ&oe=6A58BF0F,2026-07-16T12:07:56.000Z,2026-07-12,https://pub-893b4a6a607b4221a894bf861da7914e.r2.dev/1905133330090659.mp4
216,191,English Seekho,565574549966663,English Seekho App,,IN,1963886250934016,https://www.facebook.com/ads/library/?id=1963886250934016,2026-07-10,,false,false,1,0,,2026-07-10,,Fluent English bolne ka sirf ek raasta – Daily practice on English Seekho App. Start now!,English Communication strong karo aur confidence badhao,Install now,http://play.google.com/store/apps/details?id=com.bolo.android,"Facebook,Instagram,Audience Network,Messenger,Threads",Fluent English bolne ka sirf ek raasta – Daily practice on English Seekho App. Start now!,English Communication strong karo aur confidence badhao,Install now,http://play.google.com/store/apps/details?id=com.bolo.android,Video,"Facebook,Instagram,Audience Network,Messenger,Threads",1,0,9:16,https://video.fblr20-2.fna.fbcdn.net/o1/v/t2/f2/m366/AQM5akXWq0NqPFtion-nkuSs2vcBEDjtxpp_wA5O3QeyMKwDX_r6xMmpnRHra4LPdKqg4NEAhEvCDejIt1v_slHSCiH1I3cMVbgtrzlPTqyyVw.mp4?_nc_cat=102&_nc_oc=AdqBPXlqX_OWvt_SMRtr2LUdHr6W96jskHHtJbpRB6lwxzuNYOe7oUsDWIJS-84k3lPjOjSEpr0n2Z82ACBBJVU9&_nc_sid=b66105&_nc_ht=video.fblr20-2.fna.fbcdn.net&_nc_ohc=ZU-xY-PCTQwQ7kNvwGNl9P8&efg=eyJ2ZW5jb2RlX3RhZyI6Inhwdl9wcm9ncmVzc2l2ZS5WSV9VU0VDQVNFX1BST0RVQ1RfVFlQRS4uQzMuNzIwLmRhc2hfaDI2NC1iYXNpYy1nZW4yXzcyMHAiLCJ4cHZfYXNzZXRfaWQiOjQ0MzgzODk3OTk4MDgwNjAsImFzc2V0X2FnZV9kYXlzIjoyLCJ2aV91c2VjYXNlX2lkIjoxMDEzOSwiZHVyYXRpb25fcyI6MTQxLCJ1cmxnZW5fc291cmNlIjoid3d3In0%3D&ccb=17-1&vs=3d7b957fc6b72e73&_nc_vs=HBksFQIYRWZiX2VwaGVtZXJhbC81OTQ5MzRCNTQ4MTJCMjNFNzNDQzZFRUVENzkyRDA5OV9tdF8xX3ZpZGVvX2Rhc2hpbml0Lm1wNBUAAsgBEgAVAhhAZmJfcGVybWFuZW50L0QyNEQzMkJGNEQ2RDY4QUJCRjgyQjI0RDEwRTUwMzlEX2F1ZGlvX2Rhc2hpbml0Lm1wNBUCAsgBEgAoABgAGwKIB3VzZV9vaWwBMRJwcm9ncmVzc2l2ZV9yZWNpcGUBMRUAACb4sKP2pKziDxUCKAJDMywXQGGzMzMzMzMYGWRhc2hfaDI2NC1iYXNpYy1nZW4yXzcyMHARAHUAZbaeAQA&_nc_gid=nxwq0rNoGbFH7gEVQfkbAg&_nc_ss=7f289&_nc_zt=28&oh=00_AQALrVa-SjSr30z8WpUwf8w0zhDFa1_GrTJRTdy3ACQ_VQ&oe=6A58C70A,https://scontent.fblr20-3.fna.fbcdn.net/v/t39.35426-6/742154230_2405582966590838_3317278557641249015_n.jpg?_nc_cat=109&ccb=1-7&_nc_sid=c53f8f&_nc_ohc=GSbaloH9yYEQ7kNvwGYTivw&_nc_oc=Adr6AaRPyZZGCKNPL7Oh1TdVoJOawEi3o1RsJa9p1S17poz1GxfTZlCwI9GZnb06psdptgndSabKrILC9lEKDkga&_nc_zt=14&_nc_ht=scontent.fblr20-3.fna&_nc_gid=nxwq0rNoGbFH7gEVQfkbAg&_nc_ss=7f289&oh=00_AQDtVqfJReW9SJXerLqgsU08g9MsGENlXodAJ7poOzO5gg&oe=6A58AB63,2026-07-16T11:56:58.000Z,2026-07-12,https://pub-893b4a6a607b4221a894bf861da7914e.r2.dev/1963886250934016.mp4
217,192,English Seekho,565574549966663,English Seekho App,,IN,1717989625914615,https://www.facebook.com/ads/library/?id=1717989625914615,2026-07-10,,false,false,1,0,,2026-07-10,,Fluent English bolne ka sirf ek raasta – Daily practice on English Seekho App. Start now!,English Communication strong karo aur confidence badhao,Install now,http://play.google.com/store/apps/details?id=com.bolo.android,"Facebook,Instagram,Audience Network,Messenger,Threads",Fluent English bolne ka sirf ek raasta – Daily practice on English Seekho App. Start now!,English Communication strong karo aur confidence badhao,Install now,http://play.google.com/store/apps/details?id=com.bolo.android,Video,"Facebook,Instagram,Audience Network,Messenger,Threads",1,0,9:16,https://video.fblr20-1.fna.fbcdn.net/o1/v/t2/f2/m366/AQOZx7NUxXf1mWwK3ffU97QE-FqNAlQhOEzEFaWgrBj4VZybaLFBfjgAXaZoPI901TEKyHfnH3JtP4_HqZYWgI5M-XX7BTJvQvbJx8ncNNkacQ.mp4?_nc_cat=110&_nc_oc=AdqRvIJq93cM0fwks5l8xgMTVvgpmC5UjETCQ2r_IEynODz2TcWvBNVuT-CpXW3vd6q-_9JIqaNErJswtTWTLClH&_nc_sid=b66105&_nc_ht=video.fblr20-1.fna.fbcdn.net&_nc_ohc=s4om2mJpmHgQ7kNvwEY7SvL&efg=eyJ2ZW5jb2RlX3RhZyI6Inhwdl9wcm9ncmVzc2l2ZS5WSV9VU0VDQVNFX1BST0RVQ1RfVFlQRS4uQzMuNzIwLmRhc2hfaDI2NC1iYXNpYy1nZW4yXzcyMHAiLCJ4cHZfYXNzZXRfaWQiOjI1ODEyNTExMDU2Mjc3MzgsImFzc2V0X2FnZV9kYXlzIjoyLCJ2aV91c2VjYXNlX2lkIjoxMDEzOSwiZHVyYXRpb25fcyI6ODksInVybGdlbl9zb3VyY2UiOiJ3d3cifQ%3D%3D&ccb=17-1&vs=1d1df2cb3bcf3e29&_nc_vs=HBksFQIYRWZiX2VwaGVtZXJhbC9DMTRFQjJCQTcwMEM4MTgyMERFNkFGODg3NzZBMjg4NF9tdF8xX3ZpZGVvX2Rhc2hpbml0Lm1wNBUAAsgBEgAVAhhAZmJfcGVybWFuZW50Lzc1NDZFQjJDRDcxQUNGQzA5OEYyRTVERkQ3RDQ0MDgxX2F1ZGlvX2Rhc2hpbml0Lm1wNBUCAsgBEgAoABgAGwKIB3VzZV9vaWwBMRJwcm9ncmVzc2l2ZV9yZWNpcGUBMRUAACa0-dCzy-iVCRUCKAJDMywXQFZ6n752yLQYGWRhc2hfaDI2NC1iYXNpYy1nZW4yXzcyMHARAHUAZbaeAQA&_nc_gid=nxwq0rNoGbFH7gEVQfkbAg&_nc_ss=7f289&_nc_zt=28&oh=00_AQDQJgXGTnnawBUkaxVTG_yv2UOd_oUQiCl7J2cmdGinNQ&oe=6A58BBF2,https://scontent.fblr20-3.fna.fbcdn.net/v/t39.35426-6/742208366_1775430487227094_4817023577189112973_n.jpg?_nc_cat=105&ccb=1-7&_nc_sid=c53f8f&_nc_ohc=gsmhsTVwIuUQ7kNvwHNieI5&_nc_oc=AdrtM2XnNsHT27j5ftC7afIbo1jINHhtDstUVMvNaekKsnrI4Tovs6q3eo1Bd4UYdSnHaENmpIb4nqJIG_SQVBHq&_nc_zt=14&_nc_ht=scontent.fblr20-3.fna&_nc_gid=nxwq0rNoGbFH7gEVQfkbAg&_nc_ss=7f289&oh=00_AQD4OmHU-EZTpu8iqwBvvtkqqXIeHtFxMW2TACq7_jYfdg&oe=6A58CDCB,2026-07-16T11:09:38.000Z,2026-07-12,https://pub-893b4a6a607b4221a894bf861da7914e.r2.dev/1717989625914615.mp4
218,193,English Seekho,565574549966663,English Seekho App,,IN,1502392968556177,https://www.facebook.com/ads/library/?id=1502392968556177,2026-01-22,,false,false,1,0,,2026-01-22,,Fluent English bolne ka sirf ek raasta – Daily practice on English Seekho App. Start now!,English Communication strong karo aur confidence badhao,Install now,http://play.google.com/store/apps/details?id=com.bolo.android,"Facebook,Instagram,Audience Network,Messenger,Threads",Fluent English bolne ka sirf ek raasta – Daily practice on English Seekho App. Start now!,English Communication strong karo aur confidence badhao,Install now,http://play.google.com/store/apps/details?id=com.bolo.android,Video,"Facebook,Instagram,Audience Network,Messenger,Threads",1,0,9:16,https://video.fblr20-5.fna.fbcdn.net/o1/v/t2/f2/m366/AQOC_RH4I1aMq5mK9Af1j058orr68RIeCTkMvUDYBzTLKawFglrTjmD4bXJ_8J_pRJBqeqX3oNRW8zJP7eVRTw0B5jZA90KBsAoORmEl0QUCxQ.mp4?_nc_cat=107&_nc_oc=AdrswNzoWM9zY01FEcuOQZ8cH4lMuiCLixHbZ2er8Ly4-ZNrNP3WqdOkrCZnBCKko-bSmX8TWkv91hk5Xgkqsxep&_nc_sid=b66105&_nc_ht=video.fblr20-5.fna.fbcdn.net&_nc_ohc=RBgqcBuk7EMQ7kNvwHAYrOr&efg=eyJ2ZW5jb2RlX3RhZyI6Inhwdl9wcm9ncmVzc2l2ZS5WSV9VU0VDQVNFX1BST0RVQ1RfVFlQRS4uQzMuNzIwLmRhc2hfaDI2NC1iYXNpYy1nZW4yXzcyMHAiLCJ4cHZfYXNzZXRfaWQiOjczNDE1NTg3MzA5MzY4MywiYXNzZXRfYWdlX2RheXMiOjE4MywidmlfdXNlY2FzZV9pZCI6MTAxMzksImR1cmF0aW9uX3MiOjYzLCJ1cmxnZW5fc291cmNlIjoid3d3In0%3D&ccb=17-1&vs=7b05ca36bf7689b2&_nc_vs=HBksFQIYRWZiX2VwaGVtZXJhbC82NTQzNUMwNzI2MDI1NEEzMkVFMzVCNkFEQ0I1MDBCMF9tdF8xX3ZpZGVvX2Rhc2hpbml0Lm1wNBUAAsgBEgAVAhhAZmJfcGVybWFuZW50LzIyNDEzN0Y2NTBENjVCNTYxNEE4MEJDMEJEMzVEODk3X2F1ZGlvX2Rhc2hpbml0Lm1wNBUCAsgBEgAoABgAGwKIB3VzZV9vaWwBMRJwcm9ncmVzc2l2ZV9yZWNpcGUBMRUAACbmoLTAv-3NAhUCKAJDMywXQE-7peNT988YGWRhc2hfaDI2NC1iYXNpYy1nZW4yXzcyMHARAHUAZbaeAQA&_nc_gid=nxwq0rNoGbFH7gEVQfkbAg&_nc_ss=7f289&_nc_zt=28&oh=00_AQDTAl60pcLkmkBXrV1e0QKj-fKSS5UMealVRmCFYdoy4A&oe=6A58C8C1,https://scontent.fblr20-2.fna.fbcdn.net/v/t39.35426-6/621750112_2360515064412979_5529929426556070154_n.jpg?_nc_cat=104&ccb=1-7&_nc_sid=c53f8f&_nc_ohc=DGW8N1jA7n8Q7kNvwG_HhwS&_nc_oc=AdrhKem7k4ILCc33R4DgXMtz4mrebIEG7CTFGhhqdfoV7K2SDxjfsIB263EJIW2lad4trweFioKM-a2DmOCuxFGl&_nc_zt=14&_nc_ht=scontent.fblr20-2.fna&_nc_gid=nxwq0rNoGbFH7gEVQfkbAg&_nc_ss=7f289&oh=00_AQBJf8-skK70f4Ky8MsPg0HpW987Yv1r0N8vCV_4OduBlA&oe=6A58AAD6,2026-07-16T12:04:17.000Z,2026-07-12,https://pub-893b4a6a607b4221a894bf861da7914e.r2.dev/1502392968556177.mp4
219,194,English Seekho,565574549966663,English Seekho App,,IN,961136710279102,https://www.facebook.com/ads/library/?id=961136710279102,2026-07-10,,false,false,1,0,,2026-07-10,,Fluent English bolne ka sirf ek raasta – Daily practice on English Seekho App. Start now!,English Communication strong karo aur confidence badhao,Install now,http://play.google.com/store/apps/details?id=com.bolo.android,"Facebook,Instagram,Audience Network,Messenger,Threads",Fluent English bolne ka sirf ek raasta – Daily practice on English Seekho App. Start now!,English Communication strong karo aur confidence badhao,Install now,http://play.google.com/store/apps/details?id=com.bolo.android,Video,"Facebook,Instagram,Audience Network,Messenger,Threads",1,0,9:16,https://video.fblr20-5.fna.fbcdn.net/o1/v/t2/f2/m366/AQPMh1FNmC9usAHHELuaEPEbOTj5bpWgRzYBv4enVX2zIuM_SotNpbo9LmgpWlCb5i_HljPH_DvTahwEkPeb7gSx9RIQlyuQBfKl4UYVEupEMA.mp4?_nc_cat=107&_nc_oc=AdrUtDpBrU8XxwhSJMYqESQWD717ZwvEdUFE--sOPgg88UfzpF16AngaD-hPlHWFPNihgpnJs7Jv4e5PPK8mzEUK&_nc_sid=b66105&_nc_ht=video.fblr20-5.fna.fbcdn.net&_nc_ohc=clp4ZqLf-kkQ7kNvwH3qBpj&efg=eyJ2ZW5jb2RlX3RhZyI6Inhwdl9wcm9ncmVzc2l2ZS5WSV9VU0VDQVNFX1BST0RVQ1RfVFlQRS4uQzMuNzIwLmRhc2hfaDI2NC1iYXNpYy1nZW4yXzcyMHAiLCJ4cHZfYXNzZXRfaWQiOjE1OTI0ODI2MTU2MDI2MjcsImFzc2V0X2FnZV9kYXlzIjoyLCJ2aV91c2VjYXNlX2lkIjoxMDEzOSwiZHVyYXRpb25fcyI6MTQ5LCJ1cmxnZW5fc291cmNlIjoid3d3In0%3D&ccb=17-1&vs=ab4a9df650b3a467&_nc_vs=HBksFQIYRWZiX2VwaGVtZXJhbC8zODREQTYyQzMxREI4RTRDQzk5NThDMjY1RDdEN0Q4MF9tdF8xX3ZpZGVvX2Rhc2hpbml0Lm1wNBUAAsgBEgAVAhhAZmJfcGVybWFuZW50L0NBNEZERjdGQTVBRUE0MjhCM0NENzA1MzU4NDQxRjgyX2F1ZGlvX2Rhc2hpbml0Lm1wNBUCAsgBEgAoABgAGwKIB3VzZV9vaWwBMRJwcm9ncmVzc2l2ZV9yZWNpcGUBMRUAACaGt-mJ2JbUBRUCKAJDMywXQGKt2yLQ5WAYGWRhc2hfaDI2NC1iYXNpYy1nZW4yXzcyMHARAHUAZbaeAQA&_nc_gid=4TnxPyzICHiioyEUHJrZrw&_nc_ss=7f289&_nc_zt=28&oh=00_AQDzRfYVNNpYtaq4rCXrROGQiwTklMLl8rV4noC5h05uSw&oe=6A58B555,https://scontent.fblr20-4.fna.fbcdn.net/v/t39.35426-6/742145054_3975961046031498_346844297260422601_n.jpg?_nc_cat=103&ccb=1-7&_nc_sid=c53f8f&_nc_ohc=nfoc5IN5puQQ7kNvwF3SvbH&_nc_oc=AdqUvA1lbXhbkqDDGIOtxfyUy8-P8ZPNF4KfZFrEcLLB0LhprR-QdtgYHn0YrNVlUJiapupxQhqW0urxGwvDAgYI&_nc_zt=14&_nc_ht=scontent.fblr20-4.fna&_nc_gid=4TnxPyzICHiioyEUHJrZrw&_nc_ss=7f289&oh=00_AQAnMF6o-t3pjs3P-AX6mkNA5_RPHyXQWDCfwO1laCg5IA&oe=6A58CA23,2026-07-16T10:41:25.000Z,2026-07-12,https://pub-893b4a6a607b4221a894bf861da7914e.r2.dev/961136710279102.mp4
220,195,English Seekho,565574549966663,English Seekho App,,IN,1314891207516757,https://www.facebook.com/ads/library/?id=1314891207516757,2026-06-23,,false,true,2,0,1314891207516757,2026-06-23,,Fluent English bolne ka sirf ek raasta – Daily practice on English Seekho App. Start now!,English Communication strong karo aur confidence badhao,Install now,http://play.google.com/store/apps/details?id=com.bolo.android,"Facebook,Instagram,Audience Network,Messenger,Threads",Fluent English bolne ka sirf ek raasta – Daily practice on English Seekho App. Start now!,English Communication strong karo aur confidence badhao,Install now,http://play.google.com/store/apps/details?id=com.bolo.android,Video,"Facebook,Instagram,Audience Network,Messenger,Threads",1,0,9:16,https://video.fblr20-4.fna.fbcdn.net/o1/v/t2/f2/m366/AQP-PByLwPdiJBOAJacVcolYbhbXPRAGDIKmyLqJ4GoVoTnfLAH6PZ5DGHL67MOsyN3t2_Wpxspzfg_IlZZuYBVChmnp5kPNiiOUSnl_J3sBhg.mp4?_nc_cat=101&_nc_oc=AdpMyBs-N4vqRwmxhnvmToWmOk7L3uOfuLcvvx72Ce69psDPTA7XVgW8hiX4mvPsfLoV7aF93WZC2EopWiCspUmG&_nc_sid=b66105&_nc_ht=video.fblr20-4.fna.fbcdn.net&_nc_ohc=e_RMb-tcAxEQ7kNvwFIRySm&efg=eyJ2ZW5jb2RlX3RhZyI6Inhwdl9wcm9ncmVzc2l2ZS5WSV9VU0VDQVNFX1BST0RVQ1RfVFlQRS4uQzMuNzIwLmRhc2hfaDI2NC1iYXNpYy1nZW4yXzcyMHAiLCJ4cHZfYXNzZXRfaWQiOjEwMTQ2NDE3NTE0OTY0MDAsImFzc2V0X2FnZV9kYXlzIjoyNSwidmlfdXNlY2FzZV9pZCI6MTAxMzksImR1cmF0aW9uX3MiOjk5LCJ1cmxnZW5fc291cmNlIjoid3d3In0%3D&ccb=17-1&vs=965726a318136c1b&_nc_vs=HBksFQIYRWZiX2VwaGVtZXJhbC8wQTRERUQzRkI3MTk3MTlGMkFCMjhFNERFRUFGRTc5RF9tdF8xX3ZpZGVvX2Rhc2hpbml0Lm1wNBUAAsgBEgAVAhhAZmJfcGVybWFuZW50LzExNDU0NjBBMThENjdCNjM4QzFDRURFNzFDM0YxNTkwX2F1ZGlvX2Rhc2hpbml0Lm1wNBUCAsgBEgAoABgAGwKIB3VzZV9vaWwBMRJwcm9ncmVzc2l2ZV9yZWNpcGUBMRUAACag2-CS9rPNAxUCKAJDMywXQFj90vGp--cYGWRhc2hfaDI2NC1iYXNpYy1nZW4yXzcyMHARAHUAZbaeAQA&_nc_gid=4TnxPyzICHiioyEUHJrZrw&_nc_ss=7f289&_nc_zt=28&oh=00_AQA2hSbsWygqGM4OqqcVy61MwKT95s_Yk2z8F3fBlBZtkA&oe=6A58BC5B,https://scontent.fblr20-3.fna.fbcdn.net/v/t39.35426-6/729180102_1332854208991532_1708794975799910415_n.jpg?_nc_cat=100&ccb=1-7&_nc_sid=c53f8f&_nc_ohc=tTrS1dPi9QgQ7kNvwHk6bOj&_nc_oc=AdoSjjXAf3AKPSBAqBOKI4iYtsloXYSNwWAJgNcidBeQhLQ3CHwajxnXi_6PmousgLlHcwVVN_JFbrY80j-6Q3jb&_nc_zt=14&_nc_ht=scontent.fblr20-3.fna&_nc_gid=4TnxPyzICHiioyEUHJrZrw&_nc_ss=7f289&oh=00_AQBOYlchf4Lz_XSfTEAX3JoDhaDEI8BPHKy6w8URNGWpIg&oe=6A58B24D,2026-07-16T11:11:23.000Z,2026-07-12,https://pub-893b4a6a607b4221a894bf861da7914e.r2.dev/1314891207516757.mp4
221,195,English Seekho,565574549966663,English Seekho App,,IN,1314891207516757,https://www.facebook.com/ads/library/?id=1314891207516757,2026-06-23,,false,true,2,1,1016502220859835,2026-06-23,,Fluent English bolne ka sirf ek raasta – Daily practice on English Seekho App. Start now!,English Communication strong karo aur confidence badhao,Install now,http://play.google.com/store/apps/details?id=com.bolo.android,"Facebook,Instagram,Audience Network,Messenger,Threads",Fluent English bolne ka sirf ek raasta – Daily practice on English Seekho App. Start now!,English Communication strong karo aur confidence badhao,Install now,http://play.google.com/store/apps/details?id=com.bolo.android,Video,"Facebook,Instagram,Audience Network,Messenger,Threads",1,0,9:16,https://video.fblr20-4.fna.fbcdn.net/o1/v/t2/f2/m366/AQP-PByLwPdiJBOAJacVcolYbhbXPRAGDIKmyLqJ4GoVoTnfLAH6PZ5DGHL67MOsyN3t2_Wpxspzfg_IlZZuYBVChmnp5kPNiiOUSnl_J3sBhg.mp4?_nc_cat=101&_nc_oc=AdpMyBs-N4vqRwmxhnvmToWmOk7L3uOfuLcvvx72Ce69psDPTA7XVgW8hiX4mvPsfLoV7aF93WZC2EopWiCspUmG&_nc_sid=b66105&_nc_ht=video.fblr20-4.fna.fbcdn.net&_nc_ohc=e_RMb-tcAxEQ7kNvwFIRySm&efg=eyJ2ZW5jb2RlX3RhZyI6Inhwdl9wcm9ncmVzc2l2ZS5WSV9VU0VDQVNFX1BST0RVQ1RfVFlQRS4uQzMuNzIwLmRhc2hfaDI2NC1iYXNpYy1nZW4yXzcyMHAiLCJ4cHZfYXNzZXRfaWQiOjEwMTQ2NDE3NTE0OTY0MDAsImFzc2V0X2FnZV9kYXlzIjoyNSwidmlfdXNlY2FzZV9pZCI6MTAxMzksImR1cmF0aW9uX3MiOjk5LCJ1cmxnZW5fc291cmNlIjoid3d3In0%3D&ccb=17-1&vs=965726a318136c1b&_nc_vs=HBksFQIYRWZiX2VwaGVtZXJhbC8wQTRERUQzRkI3MTk3MTlGMkFCMjhFNERFRUFGRTc5RF9tdF8xX3ZpZGVvX2Rhc2hpbml0Lm1wNBUAAsgBEgAVAhhAZmJfcGVybWFuZW50LzExNDU0NjBBMThENjdCNjM4QzFDRURFNzFDM0YxNTkwX2F1ZGlvX2Rhc2hpbml0Lm1wNBUCAsgBEgAoABgAGwKIB3VzZV9vaWwBMRJwcm9ncmVzc2l2ZV9yZWNpcGUBMRUAACag2-CS9rPNAxUCKAJDMywXQFj90vGp--cYGWRhc2hfaDI2NC1iYXNpYy1nZW4yXzcyMHARAHUAZbaeAQA&_nc_gid=30RhoU-QG4mlfPd0HEyMRg&_nc_ss=7f289&_nc_zt=28&oh=00_AQAtSPOtACQ-Pm7rU8m8bIwNm56hK5DGWqBYsnyrN_GSyw&oe=6A58BC5B,https://scontent.fblr20-4.fna.fbcdn.net/v/t39.35426-6/730373482_1543821940719338_5701945543735345685_n.jpg?_nc_cat=101&ccb=1-7&_nc_sid=c53f8f&_nc_ohc=CqK2fE7CckwQ7kNvwG4lxnp&_nc_oc=AdoImNS-965MwbwMlqJcwt8_BXtGVnZgV4xS7H8JhFznK2W0_ZscsDTFE4QjspBxxFxRj6Vz4E8yW4Cd5dHT6r9V&_nc_zt=14&_nc_ht=scontent.fblr20-4.fna&_nc_gid=30RhoU-QG4mlfPd0HEyMRg&_nc_ss=7f289&oh=00_AQC_qxBTdPHGGRqY_xzFmIQOZOkxX4yjlHaQ8qc7tZiGOQ&oe=6A58D453,2026-07-16T11:11:23.000Z,2026-07-12,
222,196,English Seekho,565574549966663,English Seekho App,,IN,1561903845669412,https://www.facebook.com/ads/library/?id=1561903845669412,2026-07-10,,false,false,1,0,,2026-07-10,,Fluent English bolne ka sirf ek raasta – Daily practice on English Seekho App. Start now!,English Communication strong karo aur confidence badhao,Install now,http://play.google.com/store/apps/details?id=com.bolo.android,"Facebook,Instagram,Audience Network,Messenger,Threads",Fluent English bolne ka sirf ek raasta – Daily practice on English Seekho App. Start now!,English Communication strong karo aur confidence badhao,Install now,http://play.google.com/store/apps/details?id=com.bolo.android,Video,"Facebook,Instagram,Audience Network,Messenger,Threads",1,0,9:16,https://video.fblr20-4.fna.fbcdn.net/o1/v/t2/f2/m366/AQPUG-BId7hE6XrmIcHapp_Z0gZ-uc_VrAjJxQBA_-ARiNjGJz_m0FQ90Qh9t22JLHnSYth8HUjSveUKnGE0y2kB_iz409zqpAJiOtULYc6ujQ.mp4?_nc_cat=103&_nc_oc=AdpHuiU09NGXkfJ7RNPF4lnQ-R2EOT96prc0pxE4YI7nClSQcm3X09mm_aIlKcQ7YfoeKVlsg6VOdvimUU5lh6sN&_nc_sid=b66105&_nc_ht=video.fblr20-4.fna.fbcdn.net&_nc_ohc=7YmU41D1mMAQ7kNvwEwklCQ&efg=eyJ2ZW5jb2RlX3RhZyI6Inhwdl9wcm9ncmVzc2l2ZS5WSV9VU0VDQVNFX1BST0RVQ1RfVFlQRS4uQzMuNzIwLmRhc2hfaDI2NC1iYXNpYy1nZW4yXzcyMHAiLCJ4cHZfYXNzZXRfaWQiOjEzNTEzMzU3NDk3ODc1MTcsImFzc2V0X2FnZV9kYXlzIjoyLCJ2aV91c2VjYXNlX2lkIjoxMDEzOSwiZHVyYXRpb25fcyI6MTAxLCJ1cmxnZW5fc291cmNlIjoid3d3In0%3D&ccb=17-1&vs=1ce22fdee03bd87b&_nc_vs=HBksFQIYRWZiX2VwaGVtZXJhbC84MDRCM0I2QUJEMTlCRkY3OUJFRUE0Q0M5OTFDMjk5QV9tdF8xX3ZpZGVvX2Rhc2hpbml0Lm1wNBUAAsgBEgAVAhhAZmJfcGVybWFuZW50LzY3NDMwOERBNUMyMUMzNUU1RTI0NEZDQTVCRjM4NEI2X2F1ZGlvX2Rhc2hpbml0Lm1wNBUCAsgBEgAoABgAGwKIB3VzZV9vaWwBMRJwcm9ncmVzc2l2ZV9yZWNpcGUBMRUAACb6_bT1i8LmBBUCKAJDMywXQFliHKwIMScYGWRhc2hfaDI2NC1iYXNpYy1nZW4yXzcyMHARAHUAZbaeAQA&_nc_gid=4TnxPyzICHiioyEUHJrZrw&_nc_ss=7f289&_nc_zt=28&oh=00_AQCm2zOqot_nTSrte2O3EbF4_BmDq3fB93QGkFxvwNOagw&oe=6A58D105,https://scontent.fblr20-1.fna.fbcdn.net/v/t39.35426-6/741556469_4477061635845034_3339023851317193708_n.jpg?_nc_cat=110&ccb=1-7&_nc_sid=c53f8f&_nc_ohc=P-02xkjWE8kQ7kNvwHIo1fl&_nc_oc=Ado3fshgDEDMcSpMyUFWSeBgJzjhRBojd9QleBLeLmQY0wEShb9chtjfExPiTRKZ0fDRjl7phoAC8oTCVb0DM88d&_nc_zt=14&_nc_ht=scontent.fblr20-1.fna&_nc_gid=4TnxPyzICHiioyEUHJrZrw&_nc_ss=7f289&oh=00_AQAgD4bv2y2GqCLeXWjjS5bLQTSHR2r1qALDp7t3e5YLhA&oe=6A58A62C,2026-07-16T12:39:33.000Z,2026-07-12,https://pub-893b4a6a607b4221a894bf861da7914e.r2.dev/1561903845669412.mp4
223,197,English Seekho,565574549966663,English Seekho App,,IN,2638718456631464,https://www.facebook.com/ads/library/?id=2638718456631464,2026-07-10,,false,false,1,0,,2026-07-10,,Fluent English bolne ka sirf ek raasta – Daily practice on English Seekho App. Start now!,English Communication strong karo aur confidence badhao,Install now,http://play.google.com/store/apps/details?id=com.bolo.android,"Facebook,Instagram,Audience Network,Messenger,Threads",Fluent English bolne ka sirf ek raasta – Daily practice on English Seekho App. Start now!,English Communication strong karo aur confidence badhao,Install now,http://play.google.com/store/apps/details?id=com.bolo.android,Video,"Facebook,Instagram,Audience Network,Messenger,Threads",1,0,9:16,https://video.fblr20-3.fna.fbcdn.net/o1/v/t2/f2/m366/AQPu7XDXQcc4iNSdnl1XACTb9y2Tzat0MiAOJC3OpFfR0epKWV94fEfZWlmonALDIyrbHm9LAchhGkvyUQiGufh0TOvmgZHWbYa1Z5gFetvVIQ.mp4?_nc_cat=100&_nc_oc=Adod79CujlhFPS0o8AAQxUwFpqV6jXIxf7nzQOLRjl2oDoUUTDs150K4XqIQdAIAHU18Vzxw7uSryVyjI2MoUWDe&_nc_sid=b66105&_nc_ht=video.fblr20-3.fna.fbcdn.net&_nc_ohc=GTGT6Cq5P6IQ7kNvwEWoHqb&efg=eyJ2ZW5jb2RlX3RhZyI6Inhwdl9wcm9ncmVzc2l2ZS5WSV9VU0VDQVNFX1BST0RVQ1RfVFlQRS4uQzMuNzIwLmRhc2hfaDI2NC1iYXNpYy1nZW4yXzcyMHAiLCJ4cHZfYXNzZXRfaWQiOjIyNjc1NjU4MDA2ODI1NjksImFzc2V0X2FnZV9kYXlzIjoyLCJ2aV91c2VjYXNlX2lkIjoxMDEzOSwiZHVyYXRpb25fcyI6NzYsInVybGdlbl9zb3VyY2UiOiJ3d3cifQ%3D%3D&ccb=17-1&vs=a71a0d448ecd5a35&_nc_vs=HBksFQIYRWZiX2VwaGVtZXJhbC9CQTQxNDVDMUM1RDJGNkQ3OEZGRkI1Q0JEODhEODhCOF9tdF8xX3ZpZGVvX2Rhc2hpbml0Lm1wNBUAAsgBEgAVAhhAZmJfcGVybWFuZW50LzczNEI3OUE1QkU1MjAwRkFCRUE0N0Y4OTBFNjY3N0EwX2F1ZGlvX2Rhc2hpbml0Lm1wNBUCAsgBEgAoABgAGwKIB3VzZV9vaWwBMRJwcm9ncmVzc2l2ZV9yZWNpcGUBMRUAACaS0e_g2ZWHCBUCKAJDMywXQFMMzMzMzM0YGWRhc2hfaDI2NC1iYXNpYy1nZW4yXzcyMHARAHUAZbaeAQA&_nc_gid=4TnxPyzICHiioyEUHJrZrw&_nc_ss=7f289&_nc_zt=28&oh=00_AQDidr9O2Vasjt-3TDiIhSVpcWX6Cw7VxKNo3j_NOG5wnw&oe=6A58D5CC,https://scontent.fblr20-2.fna.fbcdn.net/v/t39.35426-6/742642952_1013581164614406_6573392739497384344_n.jpg?_nc_cat=111&ccb=1-7&_nc_sid=c53f8f&_nc_ohc=JbDmoTIV1U4Q7kNvwE3jUaP&_nc_oc=AdrrXGAeHhUynXsYI7JU9pgj6Y771EHlJO2iTMUx8pP3Yedt29lEbPxIaau2Zxed65HeRMyhIm6b7-pld_vvop_n&_nc_zt=14&_nc_ht=scontent.fblr20-2.fna&_nc_gid=4TnxPyzICHiioyEUHJrZrw&_nc_ss=7f289&oh=00_AQDfpUgORL-ciXoQ1yfq0yPZ_WI04H00NwA0EgKKAONm9w&oe=6A58A026,2026-07-16T12:59:56.000Z,2026-07-12,https://pub-893b4a6a607b4221a894bf861da7914e.r2.dev/2638718456631464.mp4
224,198,English Seekho,565574549966663,English Seekho App,,IN,889242263585010,https://www.facebook.com/ads/library/?id=889242263585010,2026-06-24,,false,false,1,0,,2026-06-24,,Fluent English bolne ka sirf ek raasta – Daily practice on English Seekho App. Start now!,English Communication strong karo aur confidence badhao,Install now,http://play.google.com/store/apps/details?id=com.bolo.android,"Facebook,Instagram,Audience Network,Messenger,Threads",Fluent English bolne ka sirf ek raasta – Daily practice on English Seekho App. Start now!,English Communication strong karo aur confidence badhao,Install now,http://play.google.com/store/apps/details?id=com.bolo.android,Video,"Facebook,Instagram,Audience Network,Messenger,Threads",1,0,9:16,https://video.fblr20-4.fna.fbcdn.net/o1/v/t2/f2/m366/AQPOMOg9siHnwd9-1Kwdu8uC4OY-riH4RVwGHU_q0eWXzd_XMSltXTHrd_mXHMQ_XPoMDY5LdYpnhGTLxvzeRxtU2wgwo2KXV3Q8w19Y3n5b3Q.mp4?_nc_cat=106&_nc_oc=Adq_bZPeW9gLSbyiXZAJ-gE2D_9aZIDclyeUI5BbtIepWj6RdZ0Nl7AzfyOWrHW0Ok7YFHuYOr3TUYtvOftFrkOx&_nc_sid=b66105&_nc_ht=video.fblr20-4.fna.fbcdn.net&_nc_ohc=Grqp2ImNY_wQ7kNvwEB4AQx&efg=eyJ2ZW5jb2RlX3RhZyI6Inhwdl9wcm9ncmVzc2l2ZS5WSV9VU0VDQVNFX1BST0RVQ1RfVFlQRS4uQzMuNzIwLmRhc2hfaDI2NC1iYXNpYy1nZW4yXzcyMHAiLCJ4cHZfYXNzZXRfaWQiOjEyMzI2NTcxNzIzNTYwOTYsImFzc2V0X2FnZV9kYXlzIjoxMjEsInZpX3VzZWNhc2VfaWQiOjEwMTM5LCJkdXJhdGlvbl9zIjoxODIsInVybGdlbl9zb3VyY2UiOiJ3d3cifQ%3D%3D&ccb=17-1&vs=9486e07e0de78e7a&_nc_vs=HBksFQIYRWZiX2VwaGVtZXJhbC8zNzQ4NzExMDA2NDgyMDZDQkVDQjAzQTAzNDgyRTI4OV9tdF8xX3ZpZGVvX2Rhc2hpbml0Lm1wNBUAAsgBEgAVAhhAZmJfcGVybWFuZW50L0Y0NEI4MTBCQUJERkRCNjU4RDZDNzMxNkU4MTkwOEFGX2F1ZGlvX2Rhc2hpbml0Lm1wNBUCAsgBEgAoABgAGwKIB3VzZV9vaWwBMRJwcm9ncmVzc2l2ZV9yZWNpcGUBMRUAACaA8JrOi8awBBUCKAJDMywXQGbczMzMzM0YGWRhc2hfaDI2NC1iYXNpYy1nZW4yXzcyMHARAHUAZbaeAQA&_nc_gid=4TnxPyzICHiioyEUHJrZrw&_nc_ss=7f289&_nc_zt=28&oh=00_AQA7jd6cE6Pa0Oi5qwP2_RMyR-CIho92ES4CqGOfKtKiEw&oe=6A58A70A,https://scontent.fblr20-3.fna.fbcdn.net/v/t39.35426-6/731754116_1554816222820382_3286925885233323868_n.jpg?_nc_cat=109&ccb=1-7&_nc_sid=c53f8f&_nc_ohc=FyVSeYIvGxEQ7kNvwEPsT4X&_nc_oc=AdroMEw0AD9oiX8LXQuRXE1mqlHRJvn96b4Pz8eU3wKESecvq8Akc7a6QZDji4qaOWnWu70OWazOfI2n77QHhyph&_nc_zt=14&_nc_ht=scontent.fblr20-3.fna&_nc_gid=4TnxPyzICHiioyEUHJrZrw&_nc_ss=7f289&oh=00_AQAtjr9HPSqk3N-R-Ogi3QB2FQPerikt8b67LWQxjqXXyg&oe=6A58CF71,2026-07-16T09:40:26.000Z,2026-07-12,https://pub-893b4a6a607b4221a894bf861da7914e.r2.dev/889242263585010.mp4
225,199,English Seekho,565574549966663,English Seekho App,,IN,2057529274875053,https://www.facebook.com/ads/library/?id=2057529274875053,2026-07-10,,false,false,1,0,,2026-07-10,,Fluent English bolne ka sirf ek raasta – Daily practice on English Seekho App. Start now!,English Communication strong karo aur confidence badhao,Install now,http://play.google.com/store/apps/details?id=com.bolo.android,"Facebook,Instagram,Audience Network,Messenger,Threads",Fluent English bolne ka sirf ek raasta – Daily practice on English Seekho App. Start now!,English Communication strong karo aur confidence badhao,Install now,http://play.google.com/store/apps/details?id=com.bolo.android,Video,"Facebook,Instagram,Audience Network,Messenger,Threads",1,0,9:16,https://video.fblr20-4.fna.fbcdn.net/o1/v/t2/f2/m366/AQPxduRcBJPwqD2qLxQFs_ST15p1PpWPIr1wIjp78Xz5blCc0kuubd86s_Yw_t0ZEFWUsdi-NI17hK7AN5f3tP0Nvgodzcbc6k0uFmyOQlEZUg.mp4?_nc_cat=101&_nc_oc=Adphi_F-0h_C4j1z5ntMqGwv5ENCGH9rJd5K5daz7m6fYeceP3qatq-manK6MY3tGNmyXo9vsFNY9FYIibsLaGMx&_nc_sid=b66105&_nc_ht=video.fblr20-4.fna.fbcdn.net&_nc_ohc=Mjw4RE32FQYQ7kNvwGNc2-h&efg=eyJ2ZW5jb2RlX3RhZyI6Inhwdl9wcm9ncmVzc2l2ZS5WSV9VU0VDQVNFX1BST0RVQ1RfVFlQRS4uQzMuNzIwLmRhc2hfaDI2NC1iYXNpYy1nZW4yXzcyMHAiLCJ4cHZfYXNzZXRfaWQiOjE2MTI5Mjg4MjA0ODYyMDYsImFzc2V0X2FnZV9kYXlzIjoyLCJ2aV91c2VjYXNlX2lkIjoxMDEzOSwiZHVyYXRpb25fcyI6ODUsInVybGdlbl9zb3VyY2UiOiJ3d3cifQ%3D%3D&ccb=17-1&vs=c400e4f76bff2072&_nc_vs=HBksFQIYRWZiX2VwaGVtZXJhbC9DNTQ2MTgxMEYzN0RCOUE4REVGRkU1OENEMERBMzM5MF9tdF8xX3ZpZGVvX2Rhc2hpbml0Lm1wNBUAAsgBEgAVAhhAZmJfcGVybWFuZW50LzY5NEQ3OTM5MTY0MTYyMTUyNDU3MjQyREY3ODVFNjk1X2F1ZGlvX2Rhc2hpbml0Lm1wNBUCAsgBEgAoABgAGwKIB3VzZV9vaWwBMRJwcm9ncmVzc2l2ZV9yZWNpcGUBMRUAACb8gKWW6LzdBRUCKAJDMywXQFV1wo9cKPYYGWRhc2hfaDI2NC1iYXNpYy1nZW4yXzcyMHARAHUAZbaeAQA&_nc_gid=4TnxPyzICHiioyEUHJrZrw&_nc_ss=7f289&_nc_zt=28&oh=00_AQCHH5qdmbrsLouUyOBH6A5BrxcYy0ajLtEspDa-sEwOEw&oe=6A58C047,https://scontent.fblr20-3.fna.fbcdn.net/v/t39.35426-6/741454034_2452455088586406_5723507227379293496_n.jpg?_nc_cat=100&ccb=1-7&_nc_sid=c53f8f&_nc_ohc=_BTu55e5EkMQ7kNvwFuu0SA&_nc_oc=AdpxMl8WJF4RijlJopO85RATjPHMONuyRNnBxc5Q_HqoifRYgooii3NmVifilSXZsG4QREx3EJljtcIMv7x6Cfda&_nc_zt=14&_nc_ht=scontent.fblr20-3.fna&_nc_gid=4TnxPyzICHiioyEUHJrZrw&_nc_ss=7f289&oh=00_AQDMitroxkUwrhuL-GVqymGVZpsSwNTSagXI-XxXfJkZDQ&oe=6A58B4EC,2026-07-16T11:28:07.000Z,2026-07-12,https://pub-893b4a6a607b4221a894bf861da7914e.r2.dev/2057529274875053.mp4
226,200,English Seekho,565574549966663,English Seekho App,,IN,1251191153618197,https://www.facebook.com/ads/library/?id=1251191153618197,2026-01-22,,false,false,1,0,,2026-01-22,,Fluent English bolne ka sirf ek raasta – Daily practice on English Seekho App. Start now!,English Communication strong karo aur confidence badhao,Install now,http://play.google.com/store/apps/details?id=com.bolo.android,"Facebook,Instagram,Audience Network,Messenger,Threads",Fluent English bolne ka sirf ek raasta – Daily practice on English Seekho App. Start now!,English Communication strong karo aur confidence badhao,Install now,http://play.google.com/store/apps/details?id=com.bolo.android,Video,"Facebook,Instagram,Audience Network,Messenger,Threads",1,0,9:16,https://video.fblr20-4.fna.fbcdn.net/o1/v/t2/f2/m366/AQPvpY69NowVWzzZvMGnL_vxxIyM9GRg4xcPOb2NLvvRLS4Dz53akunl3lkvu4FS6nUX35MqRkKCZPVw2vYrt0tAKHoXjL9v9VAziMOh4OBskQ.mp4?_nc_cat=101&_nc_oc=AdprZRgLNAbJC7TcSc1qbF6JiXtLmK9-e2ov5P3JASAxXrJOWVyMbfA9_ulkRzR4H5wAChxg8GBIdmC8nAKT9zDU&_nc_sid=b66105&_nc_ht=video.fblr20-4.fna.fbcdn.net&_nc_ohc=CENGCaT53_0Q7kNvwFR5byd&efg=eyJ2ZW5jb2RlX3RhZyI6Inhwdl9wcm9ncmVzc2l2ZS5WSV9VU0VDQVNFX1BST0RVQ1RfVFlQRS4uQzMuNzIwLmRhc2hfaDI2NC1iYXNpYy1nZW4yXzcyMHAiLCJ4cHZfYXNzZXRfaWQiOjEzNzQyNzExMjExMTA0NjQsImFzc2V0X2FnZV9kYXlzIjoyMTgsInZpX3VzZWNhc2VfaWQiOjEwMTM5LCJkdXJhdGlvbl9zIjo1OSwidXJsZ2VuX3NvdXJjZSI6Ind3dyJ9&ccb=17-1&vs=671b5853d7597fc6&_nc_vs=HBksFQIYRWZiX2VwaGVtZXJhbC80NDQxM0U0OTZGNEIwNzU0MTlEREExQjAyREM1MjQ4MF9tdF8xX3ZpZGVvX2Rhc2hpbml0Lm1wNBUAAsgBEgAVAhhAZmJfcGVybWFuZW50Lzc5NDE4MUZBRTY5NTk3NDMzMzdBMDcyNUNCM0UwQzlFX2F1ZGlvX2Rhc2hpbml0Lm1wNBUCAsgBEgAoABgAGwKIB3VzZV9vaWwBMRJwcm9ncmVzc2l2ZV9yZWNpcGUBMRUAACaA1_3fjfnwBBUCKAJDMywXQE2d0vGp--cYGWRhc2hfaDI2NC1iYXNpYy1nZW4yXzcyMHARAHUAZbaeAQA&_nc_gid=4TnxPyzICHiioyEUHJrZrw&_nc_ss=7f289&_nc_zt=28&oh=00_AQC0hPg-rOFunYAzPbLgSsoT5EshkcPmAheyOKC0FECxmA&oe=6A58AE13,https://scontent.fblr20-5.fna.fbcdn.net/v/t39.35426-6/616347496_1316602003836637_1819012390004312633_n.jpg?_nc_cat=107&ccb=1-7&_nc_sid=c53f8f&_nc_ohc=EmVPrm7wOa4Q7kNvwEBaFMP&_nc_oc=AdoBl3GNCa9fU4Zuw6FFKunvV8RBxDHSmVHeiajabgd_oSeII5Q8VNgXgjnc8rmyRv-_Z4vMJbkyP1jko-ojPjyX&_nc_zt=14&_nc_ht=scontent.fblr20-5.fna&_nc_gid=4TnxPyzICHiioyEUHJrZrw&_nc_ss=7f289&oh=00_AQBeQP0rUYZti0A7m0Ex3AkPRKaUZ9L38k3VfhpoLAOhhw&oe=6A58BF2F,2026-07-16T10:10:27.000Z,2026-07-12,https://pub-893b4a6a607b4221a894bf861da7914e.r2.dev/1251191153618197.mp4
227,201,English Seekho,565574549966663,English Seekho App,,IN,1990239875256896,https://www.facebook.com/ads/library/?id=1990239875256896,2026-07-10,,false,false,1,0,,2026-07-10,,Fluent English bolne ka sirf ek raasta – Daily practice on English Seekho App. Start now!,English Communication strong karo aur confidence badhao,Install now,http://play.google.com/store/apps/details?id=com.bolo.android,"Facebook,Instagram,Audience Network,Messenger,Threads",Fluent English bolne ka sirf ek raasta – Daily practice on English Seekho App. Start now!,English Communication strong karo aur confidence badhao,Install now,http://play.google.com/store/apps/details?id=com.bolo.android,Video,"Facebook,Instagram,Audience Network,Messenger,Threads",1,0,9:16,https://video.fblr20-3.fna.fbcdn.net/o1/v/t2/f2/m366/AQOKHPJxkYw7JL_edrhPxtXrqv_s-3rkCNKWG0DNdmQft0s-Yu1OHBFWWOhuK_oHNZIIL2VkZvmLUK4uMmyicH_dCW3zvMUlNLnRleC5_LVg3g.mp4?_nc_cat=105&_nc_oc=Adp2Y8DdJU9g31v67VlQ0x8dKbUfsU-W2ugFMPyLIC7tZL9VvvSEvUWjHJDQZj-KMpxsF1LaedG5RH5MtcK-f0kT&_nc_sid=b66105&_nc_ht=video.fblr20-3.fna.fbcdn.net&_nc_ohc=pS7g9WUIJ_gQ7kNvwE-WPoq&efg=eyJ2ZW5jb2RlX3RhZyI6Inhwdl9wcm9ncmVzc2l2ZS5WSV9VU0VDQVNFX1BST0RVQ1RfVFlQRS4uQzMuNzIwLmRhc2hfaDI2NC1iYXNpYy1nZW4yXzcyMHAiLCJ4cHZfYXNzZXRfaWQiOjEwMTQwNTE2NzEyMDg2NDYsImFzc2V0X2FnZV9kYXlzIjoyLCJ2aV91c2VjYXNlX2lkIjoxMDEzOSwiZHVyYXRpb25fcyI6MjMzLCJ1cmxnZW5fc291cmNlIjoid3d3In0%3D&ccb=17-1&vs=b30b1055badf3b&_nc_vs=HBksFQIYRWZiX2VwaGVtZXJhbC9BQTRGNUFFRDRDRTVFQTk3RjBDMUQxOTQ3NTRFOUY4RF9tdF8xX3ZpZGVvX2Rhc2hpbml0Lm1wNBUAAsgBEgAVAhhAZmJfcGVybWFuZW50LzJGNDdBODY0NTQ5RTdCREMxRDQyRTBBNDZCNEJCQzlFX2F1ZGlvX2Rhc2hpbml0Lm1wNBUCAsgBEgAoABgAGwKIB3VzZV9vaWwBMRJwcm9ncmVzc2l2ZV9yZWNpcGUBMRUAACaMy6vayZHNAxUCKAJDMywXQG092yLQ5WAYGWRhc2hfaDI2NC1iYXNpYy1nZW4yXzcyMHARAHUAZbaeAQA&_nc_gid=4TnxPyzICHiioyEUHJrZrw&_nc_ss=7f289&_nc_zt=28&oh=00_AQDNqVTpAPNASCRsiLSxkrg2CfOUqK2xDp-5fSHTJ9mEOw&oe=6A58D0BB,https://scontent.fblr20-3.fna.fbcdn.net/v/t39.35426-6/742077387_1743373003649197_4594220572302692577_n.jpg?_nc_cat=100&ccb=1-7&_nc_sid=c53f8f&_nc_ohc=YaNV1HYqs5sQ7kNvwHZlv1p&_nc_oc=AdorzkIrN-NaXuCtyMHPdEHXzQ7NSP6rYasbeEJnytxoKmm0XGnkafpFdYVG-HbQ0_X6AlExrM-t7V4-h2NPXs6k&_nc_zt=14&_nc_ht=scontent.fblr20-3.fna&_nc_gid=4TnxPyzICHiioyEUHJrZrw&_nc_ss=7f289&oh=00_AQBJL35X6Mvi1Bg0xup3OU0Rul-VPUHVl2BhScwPp5ULhQ&oe=6A58D43B,2026-07-16T12:38:19.000Z,2026-07-12,https://pub-893b4a6a607b4221a894bf861da7914e.r2.dev/1990239875256896.mp4
228,202,English Seekho,565574549966663,English Seekho App,,IN,1430826552137036,https://www.facebook.com/ads/library/?id=1430826552137036,2026-06-18,,false,false,1,0,,2026-06-18,,Fluent English bolne ka sirf ek raasta – Daily practice on English Seekho App. Start now!,English Communication strong karo aur confidence badhao,Install now,http://play.google.com/store/apps/details?id=com.bolo.android,"Facebook,Instagram,Audience Network,Messenger,Threads",Fluent English bolne ka sirf ek raasta – Daily practice on English Seekho App. Start now!,English Communication strong karo aur confidence badhao,Install now,http://play.google.com/store/apps/details?id=com.bolo.android,Video,"Facebook,Instagram,Audience Network,Messenger,Threads",1,0,9:16,https://video.fblr20-3.fna.fbcdn.net/o1/v/t2/f2/m366/AQN8QiSS6j52E7uQ1Fg0kjdQ9IM2SbvemF5Ne0blM_8khV1tLj-kTtPj6W35qPkzC4-NDRJIlHcHJOjmOeeGay7GEpmTwmTijDmEhlV9Y5L0sQ.mp4?_nc_cat=100&_nc_oc=Adrjie5yvrw0C0c1BHQ-MvM61_qCVd92AyEVHvrJtsqIlaNicitsS3CtaQFuy9KdN3arevubwI5mH3fcdixhqKfQ&_nc_sid=b66105&_nc_ht=video.fblr20-3.fna.fbcdn.net&_nc_ohc=F4q4Lq5fE5oQ7kNvwGq6nrM&efg=eyJ2ZW5jb2RlX3RhZyI6Inhwdl9wcm9ncmVzc2l2ZS5WSV9VU0VDQVNFX1BST0RVQ1RfVFlQRS4uQzMuNzIwLmRhc2hfaDI2NC1iYXNpYy1nZW4yXzcyMHAiLCJ4cHZfYXNzZXRfaWQiOjEzMTA4NDg4ODA1NjU1MTMsImFzc2V0X2FnZV9kYXlzIjozNywidmlfdXNlY2FzZV9pZCI6MTAxMzksImR1cmF0aW9uX3MiOjM5LCJ1cmxnZW5fc291cmNlIjoid3d3In0%3D&ccb=17-1&vs=73e759e0fb53a22e&_nc_vs=HBksFQIYRWZiX2VwaGVtZXJhbC8yRTQ1ODhCN0ZCRjZDNTEyRjZBQzc1N0IxNDYxQzRBMV9tdF8xX3ZpZGVvX2Rhc2hpbml0Lm1wNBUAAsgBEgAVAhhAZmJfcGVybWFuZW50Lzk2NDdERTcwRTM3QTAyMkM2OTZFRDlGMkZCQjc0MjlBX2F1ZGlvX2Rhc2hpbml0Lm1wNBUCAsgBEgAoABgAGwKIB3VzZV9vaWwBMRJwcm9ncmVzc2l2ZV9yZWNpcGUBMRUAACaS9IqeuY3UBBUCKAJDMywXQEPu2RaHKwIYGWRhc2hfaDI2NC1iYXNpYy1nZW4yXzcyMHARAHUAZbaeAQA&_nc_gid=4TnxPyzICHiioyEUHJrZrw&_nc_ss=7f289&_nc_zt=28&oh=00_AQCkcb7HqHbtATab7LXyanQBmX_tLcLoOe6l4JrJPVRF4A&oe=6A58B4C8,https://scontent.fblr20-2.fna.fbcdn.net/v/t39.35426-6/719099182_1671508947436055_2520427403643798258_n.jpg?_nc_cat=111&ccb=1-7&_nc_sid=c53f8f&_nc_ohc=GiT8twLPoI8Q7kNvwGOE9zV&_nc_oc=AdrfFIVt4UFEAvXjTZ0bjEyS9SUK44O--ZWRvwU6J3j9ROqqnftlD-blp5d-a-YTziNl-qTnmCplvA6z2-nvxLT1&_nc_zt=14&_nc_ht=scontent.fblr20-2.fna&_nc_gid=4TnxPyzICHiioyEUHJrZrw&_nc_ss=7f289&oh=00_AQDau8qmNgszd4JVeIg4LVCFnhd8TpfvAvQjhoOomlWCyw&oe=6A58AACD,2026-07-16T10:39:04.000Z,2026-07-12,https://pub-893b4a6a607b4221a894bf861da7914e.r2.dev/1430826552137036.mp4
229,203,English Seekho,565574549966663,English Seekho App,,IN,2075252363202103,https://www.facebook.com/ads/library/?id=2075252363202103,2026-07-10,,false,false,1,0,,2026-07-10,,Fluent English bolne ka sirf ek raasta – Daily practice on English Seekho App. Start now!,English Communication strong karo aur confidence badhao,Install now,http://play.google.com/store/apps/details?id=com.bolo.android,"Facebook,Instagram,Audience Network,Messenger,Threads",Fluent English bolne ka sirf ek raasta – Daily practice on English Seekho App. Start now!,English Communication strong karo aur confidence badhao,Install now,http://play.google.com/store/apps/details?id=com.bolo.android,Video,"Facebook,Instagram,Audience Network,Messenger,Threads",1,0,9:16,https://video.fblr20-4.fna.fbcdn.net/o1/v/t2/f2/m366/AQMWzl1xJMZC_KzqMLU6w6-iQoMPPdF1vpC1tpFSWlAryW6fgKqfkP_MdMQgTHwbnLtuEBd2-GhEfDI9zX-XV7dfiA2jJ4UurmPHInXKD2H3VQ.mp4?_nc_cat=106&_nc_oc=AdoBn9-Un2_APH460-fkpkrYFOL457ZJ8TzgYNvKTKSebjTmTpKo7VfM3cdTWxI0NiXf8eenX5gLPBLcm7ZuwR9u&_nc_sid=b66105&_nc_ht=video.fblr20-4.fna.fbcdn.net&_nc_ohc=KV_A3YZIMtcQ7kNvwGHvTw7&efg=eyJ2ZW5jb2RlX3RhZyI6Inhwdl9wcm9ncmVzc2l2ZS5WSV9VU0VDQVNFX1BST0RVQ1RfVFlQRS4uQzMuNzIwLmRhc2hfaDI2NC1iYXNpYy1nZW4yXzcyMHAiLCJ4cHZfYXNzZXRfaWQiOjE1MDUxMjkzMTEzNjY5MjYsImFzc2V0X2FnZV9kYXlzIjoyLCJ2aV91c2VjYXNlX2lkIjoxMDEzOSwiZHVyYXRpb25fcyI6NjQsInVybGdlbl9zb3VyY2UiOiJ3d3cifQ%3D%3D&ccb=17-1&vs=d3720a1d8b3629bc&_nc_vs=HBksFQIYRWZiX2VwaGVtZXJhbC80NTQyRUU2RjRGNjE5REFBNTU0RjkxOTA3Rjg3QjM5OV9tdF8xX3ZpZGVvX2Rhc2hpbml0Lm1wNBUAAsgBEgAVAhhAZmJfcGVybWFuZW50LzVGNDMzMUY3QUY3Rjc0OUYzM0M1QTA2OEY5ODAwNkEzX2F1ZGlvX2Rhc2hpbml0Lm1wNBUCAsgBEgAoABgAGwKIB3VzZV9vaWwBMRJwcm9ncmVzc2l2ZV9yZWNpcGUBMRUAACacvI-fh7qsBRUCKAJDMywXQFAYAAAAAAAYGWRhc2hfaDI2NC1iYXNpYy1nZW4yXzcyMHARAHUAZbaeAQA&_nc_gid=T84Ca7cZ1vZmof1Kn4fUow&_nc_ss=7f289&_nc_zt=28&oh=00_AQDBCb-QFilEV5aPxJKLnJmcVCFiruzd_z1-AP2_pW0j2A&oe=6A58B536,https://scontent.fblr20-5.fna.fbcdn.net/v/t39.35426-6/741257708_1570368867786030_7331227938352932051_n.jpg?_nc_cat=107&ccb=1-7&_nc_sid=c53f8f&_nc_ohc=5dBLJdmjd5AQ7kNvwEsv5KP&_nc_oc=Adp0_hMTi1Go-30FZjq7MAkOBjyeaK3BTKy98n6Qd8OO9QMaU92QvfkaK6NLQbWcDkTiNmrSLvcKNg15GKUwmtQ7&_nc_zt=14&_nc_ht=scontent.fblr20-5.fna&_nc_gid=T84Ca7cZ1vZmof1Kn4fUow&_nc_ss=7f289&oh=00_AQBU6RvhB7t3WDKPHiJYdPJB4Mp6A8LYqxPwpx8R55ugWQ&oe=6A58ADF2,2026-07-16T10:40:54.000Z,2026-07-12,https://pub-893b4a6a607b4221a894bf861da7914e.r2.dev/2075252363202103.mp4
230,204,English Seekho,565574549966663,English Seekho App,,IN,2015119902365104,https://www.facebook.com/ads/library/?id=2015119902365104,2026-01-22,,false,false,1,0,,2026-01-22,,Fluent English bolne ka sirf ek raasta – Daily practice on English Seekho App. Start now!,English Communication strong karo aur confidence badhao,Install now,http://play.google.com/store/apps/details?id=com.bolo.android,"Facebook,Instagram,Audience Network,Messenger,Threads",Fluent English bolne ka sirf ek raasta – Daily practice on English Seekho App. Start now!,English Communication strong karo aur confidence badhao,Install now,http://play.google.com/store/apps/details?id=com.bolo.android,Video,"Facebook,Instagram,Audience Network,Messenger,Threads",1,0,9:16,https://video.fblr20-3.fna.fbcdn.net/o1/v/t2/f2/m366/AQMgULfx9prJ7eRIOxqYiIHStJK10u7gKz3lv28M0TfB5vJyIKJHq4n2svFcQBij9DyVOeUB4iEFIzFbB6RqG6ePZ1GL4QJeiRC84quR7uNqaQ.mp4?_nc_cat=105&_nc_oc=Adp0zAlAnLSTHtuhAsFlBHncDq8tm8KYT-3DKq_RVkANNlEiXXA_EKd_cYkKOS8Zie8Rhk6oa4T9J__g7jE0mmRi&_nc_sid=b66105&_nc_ht=video.fblr20-3.fna.fbcdn.net&_nc_ohc=n44YwBoUxf8Q7kNvwG5auI3&efg=eyJ2ZW5jb2RlX3RhZyI6Inhwdl9wcm9ncmVzc2l2ZS5WSV9VU0VDQVNFX1BST0RVQ1RfVFlQRS4uQzMuNzIwLmRhc2hfaDI2NC1iYXNpYy1nZW4yXzcyMHAiLCJ4cHZfYXNzZXRfaWQiOjEzNTE1MDIwMzYxODg2NDksImFzc2V0X2FnZV9kYXlzIjoyMTEsInZpX3VzZWNhc2VfaWQiOjEwMTM5LCJkdXJhdGlvbl9zIjoyMiwidXJsZ2VuX3NvdXJjZSI6Ind3dyJ9&ccb=17-1&vs=2f5f51bdc9703ac&_nc_vs=HBksFQIYRWZiX2VwaGVtZXJhbC84RTRCNUNCQ0M1NkE0OEE5ODgwNkI1MEZGMTMxMTVBRl9tdF8xX3ZpZGVvX2Rhc2hpbml0Lm1wNBUAAsgBEgAVAhhAZmJfcGVybWFuZW50LzVENDU4RDBBQ0YyNzc5MTUzQTQzRDI3QTQwRjg3NUE3X2F1ZGlvX2Rhc2hpbml0Lm1wNBUCAsgBEgAoABgAGwKIB3VzZV9vaWwBMRJwcm9ncmVzc2l2ZV9yZWNpcGUBMRUAACbS973s4svmBBUCKAJDMywXQDazMzMzMzMYGWRhc2hfaDI2NC1iYXNpYy1nZW4yXzcyMHARAHUAZbaeAQA&_nc_gid=T84Ca7cZ1vZmof1Kn4fUow&_nc_ss=7f289&_nc_zt=28&oh=00_AQDC00d3RxdBR5D1egsFwMrOj6PEHXTQfY8gKn8AKOP1CQ&oe=6A58B7CB,https://scontent.fblr20-3.fna.fbcdn.net/v/t39.35426-6/617460242_922549707221920_7843819418819255882_n.jpg?_nc_cat=109&ccb=1-7&_nc_sid=c53f8f&_nc_ohc=IBIiI3lRJ1oQ7kNvwHm1LPv&_nc_oc=AdpBaNcGGZCc96AebKklqADaZRuVB5hvOHzVJ1w3WssjH7nQ4Mn3p8gAkUVGtXNyH7VUe7uY4aiA8alVoKjL5XnE&_nc_zt=14&_nc_ht=scontent.fblr20-3.fna&_nc_gid=T84Ca7cZ1vZmof1Kn4fUow&_nc_ss=7f289&oh=00_AQDVuH6FaA8cMNunQXrFOKvushY1I0dXBB2zFqxXxASVfw&oe=6A589E99,2026-07-16T10:51:55.000Z,2026-07-12,https://pub-893b4a6a607b4221a894bf861da7914e.r2.dev/2015119902365104.mp4
231,205,English Seekho,565574549966663,English Seekho App,,IN,1809842663725401,https://www.facebook.com/ads/library/?id=1809842663725401,2026-07-10,,false,false,1,0,,2026-07-10,,Fluent English bolne ka sirf ek raasta – Daily practice on English Seekho App. Start now!,English Communication strong karo aur confidence badhao,Install now,http://play.google.com/store/apps/details?id=com.bolo.android,"Facebook,Instagram,Audience Network,Messenger,Threads",Fluent English bolne ka sirf ek raasta – Daily practice on English Seekho App. Start now!,English Communication strong karo aur confidence badhao,Install now,http://play.google.com/store/apps/details?id=com.bolo.android,Video,"Facebook,Instagram,Audience Network,Messenger,Threads",1,0,9:16,https://video.fblr20-2.fna.fbcdn.net/o1/v/t2/f2/m366/AQMohMaDxNo8Jlkgg2ll0EW9Vdj00ijfgm2GAjfZOUI1LAsDwVxkriw7X9GgIgVXoZOWfVmilbXXwmhuORhWMlGGdao-Rq12nJ41jDd9dDv3ag.mp4?_nc_cat=111&_nc_oc=Adqa-ogboxNiUnUxQFWCw-rAIaXxk15GMIkGqUhnyU77FbUjW-zPaCpia2DFpFnTq4k6iemxs9Wc0PIWXu8qVMY_&_nc_sid=b66105&_nc_ht=video.fblr20-2.fna.fbcdn.net&_nc_ohc=SFTWJx6vJO8Q7kNvwHvPyAw&efg=eyJ2ZW5jb2RlX3RhZyI6Inhwdl9wcm9ncmVzc2l2ZS5WSV9VU0VDQVNFX1BST0RVQ1RfVFlQRS4uQzMuNzIwLmRhc2hfaDI2NC1iYXNpYy1nZW4yXzcyMHAiLCJ4cHZfYXNzZXRfaWQiOjgzNDg0NDI4Mjk3OTU4NiwiYXNzZXRfYWdlX2RheXMiOjIsInZpX3VzZWNhc2VfaWQiOjEwMTM5LCJkdXJhdGlvbl9zIjo4NywidXJsZ2VuX3NvdXJjZSI6Ind3dyJ9&ccb=17-1&vs=a0b22c6bfc74b8dc&_nc_vs=HBksFQIYRWZiX2VwaGVtZXJhbC9FQjQzNEQ0MDEzNURBOTMwQjVFOEVDRjE2QURBRDNBNF9tdF8xX3ZpZGVvX2Rhc2hpbml0Lm1wNBUAAsgBEgAVAhhAZmJfcGVybWFuZW50Lzc4NEFDRThCOEFDMzAwMkQzNjBFMUUyQTEzM0YxQUIwX2F1ZGlvX2Rhc2hpbml0Lm1wNBUCAsgBEgAoABgAGwKIB3VzZV9vaWwBMRJwcm9ncmVzc2l2ZV9yZWNpcGUBMRUAACaElPDOqtL7AhUCKAJDMywXQFXlT987ZFoYGWRhc2hfaDI2NC1iYXNpYy1nZW4yXzcyMHARAHUAZbaeAQA&_nc_gid=T84Ca7cZ1vZmof1Kn4fUow&_nc_ss=7f289&_nc_zt=28&oh=00_AQAN_9HC6hvXdWQZxq4KKrb99ipLWGnixSKYHE8MVLNW_g&oe=6A58B581,https://scontent.fblr20-2.fna.fbcdn.net/v/t39.35426-6/743050665_1008591821786683_4278384202884463643_n.jpg?_nc_cat=104&ccb=1-7&_nc_sid=c53f8f&_nc_ohc=edwi44ISZdIQ7kNvwHyO8lO&_nc_oc=AdqTpbLQ-RU1qma86qkyuFqoqCPXDjMXiroh5FL1x_447UjQmd6lParLopD2yPoxx0WITP-JquKWXZaB6iapWjaY&_nc_zt=14&_nc_ht=scontent.fblr20-2.fna&_nc_gid=T84Ca7cZ1vZmof1Kn4fUow&_nc_ss=7f289&oh=00_AQBi2ITTZ8F2oEg4RewowiQUVdfCuDhhi9KcdE74tPFh1w&oe=6A58D4FB,2026-07-16T10:42:09.000Z,2026-07-12,https://pub-893b4a6a607b4221a894bf861da7914e.r2.dev/1809842663725401.mp4
232,206,English Seekho,565574549966663,English Seekho App,,IN,2456413321522780,https://www.facebook.com/ads/library/?id=2456413321522780,2026-07-10,,false,false,1,0,,2026-07-10,,Fluent English bolne ka sirf ek raasta – Daily practice on English Seekho App. Start now!,English Communication strong karo aur confidence badhao,Install now,http://play.google.com/store/apps/details?id=com.bolo.android,"Facebook,Instagram,Audience Network,Messenger,Threads",Fluent English bolne ka sirf ek raasta – Daily practice on English Seekho App. Start now!,English Communication strong karo aur confidence badhao,Install now,http://play.google.com/store/apps/details?id=com.bolo.android,Video,"Facebook,Instagram,Audience Network,Messenger,Threads",1,0,9:16,https://video.fblr20-4.fna.fbcdn.net/o1/v/t2/f2/m366/AQPLoWUw6d5qe225BmGQRSuhbGcLAniPW53G0BgVJOMvyPMlmYF9_930YedQN4MxRObGrAH8fvtIJ2xsSlXbsJa6lOUlre0yVPiNTSoZ7gHUyQ.mp4?_nc_cat=106&_nc_oc=AdogMvOG7RMxXP7tdixuzQqc5DiOdzl--qL6ldf9OvTbP1bpIuvGIDld6IUrC9WmMYCEvT0n6P9HZBBHfxkCGJtY&_nc_sid=b66105&_nc_ht=video.fblr20-4.fna.fbcdn.net&_nc_ohc=9IE9BYs7JSQQ7kNvwGoUNAo&efg=eyJ2ZW5jb2RlX3RhZyI6Inhwdl9wcm9ncmVzc2l2ZS5WSV9VU0VDQVNFX1BST0RVQ1RfVFlQRS4uQzMuNzIwLmRhc2hfaDI2NC1iYXNpYy1nZW4yXzcyMHAiLCJ4cHZfYXNzZXRfaWQiOjE1NTgwMjgxNjYxMTIyOTMsImFzc2V0X2FnZV9kYXlzIjoyLCJ2aV91c2VjYXNlX2lkIjoxMDEzOSwiZHVyYXRpb25fcyI6MTM3LCJ1cmxnZW5fc291cmNlIjoid3d3In0%3D&ccb=17-1&vs=76b22bf048ddc20&_nc_vs=HBksFQIYRWZiX2VwaGVtZXJhbC8yNDRCRkY0MERCQ0I1MkVCRTZDM0UwNDY0RUQ3RkM5OF9tdF8xX3ZpZGVvX2Rhc2hpbml0Lm1wNBUAAsgBEgAVAhhAZmJfcGVybWFuZW50LzMzNEI2MDk2MzVBODhBRkZCMjk5QzMzRjg2RjhGRDlCX2F1ZGlvX2Rhc2hpbml0Lm1wNBUCAsgBEgAoABgAGwKIB3VzZV9vaWwBMRJwcm9ncmVzc2l2ZV9yZWNpcGUBMRUAACbKkKG2lsHEBRUCKAJDMywXQGE8AAAAAAAYGWRhc2hfaDI2NC1iYXNpYy1nZW4yXzcyMHARAHUAZbaeAQA&_nc_gid=T84Ca7cZ1vZmof1Kn4fUow&_nc_ss=7f289&_nc_zt=28&oh=00_AQCYk6Y4knKj6rK0JUv-4_Nn-IAr4i3qH5vb4oiDFi98YQ&oe=6A58C276,https://scontent.fblr20-2.fna.fbcdn.net/v/t39.35426-6/742480479_1540158471234866_4719182800841187165_n.jpg?_nc_cat=102&ccb=1-7&_nc_sid=c53f8f&_nc_ohc=GiEZkf0dBi8Q7kNvwFdVhPA&_nc_oc=AdpHp7xyBAC7rRemTHvYHuGetlpkGuG1DXyCeU_BZ2P_ydM_2EvHmJQqZM-ItP19RxPvpN-qTCOyb-1QLYJAFBlX&_nc_zt=14&_nc_ht=scontent.fblr20-2.fna&_nc_gid=T84Ca7cZ1vZmof1Kn4fUow&_nc_ss=7f289&oh=00_AQBj9-d0l9iAy577I3PkbDPXnS5Vm9ZnUB2oRWobth3W-Q&oe=6A58A3A0,2026-07-16T11:37:26.000Z,2026-07-12,https://pub-893b4a6a607b4221a894bf861da7914e.r2.dev/2456413321522780.mp4
233,207,English Seekho,565574549966663,English Seekho App,,IN,3626263604197475,https://www.facebook.com/ads/library/?id=3626263604197475,2026-07-09,,false,false,1,0,,2026-07-09,,Fluent English bolne ka sirf ek raasta – Daily practice on English Seekho App. Start now!,English Communication strong karo aur confidence badhao,Install now,http://play.google.com/store/apps/details?id=com.bolo.android,"Facebook,Instagram,Audience Network,Messenger,Threads",Fluent English bolne ka sirf ek raasta – Daily practice on English Seekho App. Start now!,English Communication strong karo aur confidence badhao,Install now,http://play.google.com/store/apps/details?id=com.bolo.android,Video,"Facebook,Instagram,Audience Network,Messenger,Threads",1,0,9:16,https://video.fblr20-3.fna.fbcdn.net/o1/v/t2/f2/m366/AQPYSOaSThIocFR6P1AMZv6HZ5x-eKTwpfb126Mao7xKowPB1MhGPUPttZEYxVae5zL8nIorG_S9IxZkd1Sgwg47F0USrLXeY4Kx0pRlJlHTrg.mp4?_nc_cat=109&_nc_oc=AdpiTqf7T88j5x357seQwqQtZv63Hl8wHO8SRkTyhkspiZnzKISq8UKpa5wIWSg2eNsgGnyugbIIBG1H9CERUaDN&_nc_sid=b66105&_nc_ht=video.fblr20-3.fna.fbcdn.net&_nc_ohc=Gu4mmZsmrTYQ7kNvwGESHzd&efg=eyJ2ZW5jb2RlX3RhZyI6Inhwdl9wcm9ncmVzc2l2ZS5WSV9VU0VDQVNFX1BST0RVQ1RfVFlQRS4uQzMuNzIwLmRhc2hfaDI2NC1iYXNpYy1nZW4yXzcyMHAiLCJ4cHZfYXNzZXRfaWQiOjE3NzU4ODYyODcxMDI1MjYsImFzc2V0X2FnZV9kYXlzIjoxLCJ2aV91c2VjYXNlX2lkIjoxMDc5OSwiZHVyYXRpb25fcyI6NzQsInVybGdlbl9zb3VyY2UiOiJ3d3cifQ%3D%3D&ccb=17-1&vs=e23455b8ced6b68b&_nc_vs=HBksFQIYRWZiX2VwaGVtZXJhbC84RTRGMzdGMDk1NTFFNzgyQkJGOUY1RTg4NTI4MDJCN19tdF8xX3ZpZGVvX2Rhc2hpbml0Lm1wNBUAAsgBEgAVAhhAZmJfcGVybWFuZW50LzEyNDBERkE5RjBFRDBCOUMzRjBERjBDQjcyNDhGQUFGX2F1ZGlvX2Rhc2hpbml0Lm1wNBUCAsgBEgAoABgAGwKIB3VzZV9vaWwBMRJwcm9ncmVzc2l2ZV9yZWNpcGUBMRUAACb8iO_0l8qnBhUCKAJDMywXQFJ_XCj1wo8YGWRhc2hfaDI2NC1iYXNpYy1nZW4yXzcyMHARAHUAZd6oAQA&_nc_gid=T84Ca7cZ1vZmof1Kn4fUow&_nc_ss=7f289&_nc_zt=28&oh=00_AQAxJoRqAY2JdX_UG-9Z8iwJiBcgCvG7hldZqao9hHKxRw&oe=6A58A5EF,https://scontent.fblr20-2.fna.fbcdn.net/v/t39.35426-6/743186063_921205067670780_6763180572242615101_n.jpg?_nc_cat=104&ccb=1-7&_nc_sid=c53f8f&_nc_ohc=-EfWcW2JkdgQ7kNvwHNjp_z&_nc_oc=AdrBoHwFpGWTxtB_JaI0HjQZ1sqfIds-R3fe9dzwWDw18Cj1_wsjZ3MYGO_LzZDcy-wLwHyg2P5_z7O_KHre_rkU&_nc_zt=14&_nc_ht=scontent.fblr20-2.fna&_nc_gid=T84Ca7cZ1vZmof1Kn4fUow&_nc_ss=7f289&oh=00_AQCBU5mqO38M1Nro-uR1lLNXLW7sDPfxIK6qTjXBTLpqZQ&oe=6A58C3DB,2026-07-16T09:35:43.000Z,2026-07-12,https://pub-893b4a6a607b4221a894bf861da7914e.r2.dev/3626263604197475.mp4
234,208,English Seekho,565574549966663,English Seekho App,,IN,1452284863393110,https://www.facebook.com/ads/library/?id=1452284863393110,2026-07-10,,false,false,1,0,,2026-07-10,,Fluent English bolne ka sirf ek raasta – Daily practice on English Seekho App. Start now!,English Communication strong karo aur confidence badhao,Install now,http://play.google.com/store/apps/details?id=com.bolo.android,"Facebook,Instagram,Audience Network,Messenger,Threads",Fluent English bolne ka sirf ek raasta – Daily practice on English Seekho App. Start now!,English Communication strong karo aur confidence badhao,Install now,http://play.google.com/store/apps/details?id=com.bolo.android,Video,"Facebook,Instagram,Audience Network,Messenger,Threads",1,0,9:16,https://video.fblr20-2.fna.fbcdn.net/o1/v/t2/f2/m366/AQPWKx7ST030yLdvuDiMCE-Zo0zWezIjo2JthDnZfkvrxgvDKTyvpNCfawNsTda18NjbSeUA1XC5yxdmgXtCJHSFAhtTahV12omXR9PKTE70xg.mp4?_nc_cat=104&_nc_oc=AdrdNN9HRfEUsh3ESb9F_PNvnU_QSer4S1YpVepV-nY7wcYHsPTD0wcSoCM8DA9h2C-9hZntSJt4MMjPt2qIJmfR&_nc_sid=b66105&_nc_ht=video.fblr20-2.fna.fbcdn.net&_nc_ohc=DvgDREDAMDMQ7kNvwEXUco1&efg=eyJ2ZW5jb2RlX3RhZyI6Inhwdl9wcm9ncmVzc2l2ZS5WSV9VU0VDQVNFX1BST0RVQ1RfVFlQRS4uQzMuNzIwLmRhc2hfaDI2NC1iYXNpYy1nZW4yXzcyMHAiLCJ4cHZfYXNzZXRfaWQiOjE1Nzg4NDM2NzM5NDYxOTMsImFzc2V0X2FnZV9kYXlzIjoyLCJ2aV91c2VjYXNlX2lkIjoxMDEzOSwiZHVyYXRpb25fcyI6NjAsInVybGdlbl9zb3VyY2UiOiJ3d3cifQ%3D%3D&ccb=17-1&vs=247950cadb26c959&_nc_vs=HBksFQIYRWZiX2VwaGVtZXJhbC81MzQzRjhERUREMzk4RTRBQzgxOEI2RjIwQjYyNEJCRl9tdF8xX3ZpZGVvX2Rhc2hpbml0Lm1wNBUAAsgBEgAVAhhAZmJfcGVybWFuZW50LzM2NEM3OTczMDJBRUI0NTdEMjRDM0U0RkEyNUFERkE1X2F1ZGlvX2Rhc2hpbml0Lm1wNBUCAsgBEgAoABgAGwKIB3VzZV9vaWwBMRJwcm9ncmVzc2l2ZV9yZWNpcGUBMRUAACaiobuF5vzNBRUCKAJDMywXQE4yTdLxqfwYGWRhc2hfaDI2NC1iYXNpYy1nZW4yXzcyMHARAHUAZbaeAQA&_nc_gid=T84Ca7cZ1vZmof1Kn4fUow&_nc_ss=7f289&_nc_zt=28&oh=00_AQAfKIk7Gi5PgYS_O3T0CCx2rBK7UzK2WmkGVsyLzmiPtA&oe=6A58D47C,https://scontent.fblr20-2.fna.fbcdn.net/v/t39.35426-6/742198345_1907943376565747_8783520396920846419_n.jpg?_nc_cat=102&ccb=1-7&_nc_sid=c53f8f&_nc_ohc=wWszUbi_MiYQ7kNvwEuiii-&_nc_oc=AdrvUDWttOtJ0j3fJ3Zq2jkevVDU6bMPwyCQhjKG87tAOtYsj5O24iebfeg-TfvLlAQ4oWZzIG4xDNmuXA2RY0yK&_nc_zt=14&_nc_ht=scontent.fblr20-2.fna&_nc_gid=T84Ca7cZ1vZmof1Kn4fUow&_nc_ss=7f289&oh=00_AQDd5IsaIgYQcuftohi398IlbTykALDlISmnDCAHalaFnA&oe=6A58AB92,2026-07-16T12:54:20.000Z,2026-07-12,https://pub-893b4a6a607b4221a894bf861da7914e.r2.dev/1452284863393110.mp4
235,209,English Seekho,565574549966663,English Seekho App,,IN,1470678398390511,https://www.facebook.com/ads/library/?id=1470678398390511,2026-07-10,,false,false,1,0,,2026-07-10,,Fluent English bolne ka sirf ek raasta – Daily practice on English Seekho App. Start now!,English Communication strong karo aur confidence badhao,Install now,http://play.google.com/store/apps/details?id=com.bolo.android,"Facebook,Instagram,Audience Network,Messenger,Threads",Fluent English bolne ka sirf ek raasta – Daily practice on English Seekho App. Start now!,English Communication strong karo aur confidence badhao,Install now,http://play.google.com/store/apps/details?id=com.bolo.android,Video,"Facebook,Instagram,Audience Network,Messenger,Threads",1,0,9:16,https://video.fblr20-3.fna.fbcdn.net/o1/v/t2/f2/m366/AQOdeoOV7aKhymYTP4nb7WKUo_mie6zZLH0pNpOPLdhMmrISG1MhF5DxysBcWrSxtd_zVQJL5S_nG3CdhvxEXWnsEk4-4-_sjtg37iQtKGoS2Q.mp4?_nc_cat=100&_nc_oc=AdpXjxRAVVVgqKKjIGIR0Cy4q7Xy3TrS8qrHzbhmIwbNFVVGTRvN7IvAc-pxy3vahY0gXI7K05pNSCPQ16JUK5BN&_nc_sid=b66105&_nc_ht=video.fblr20-3.fna.fbcdn.net&_nc_ohc=r-aOzZY8fiQQ7kNvwEtfIy_&efg=eyJ2ZW5jb2RlX3RhZyI6Inhwdl9wcm9ncmVzc2l2ZS5WSV9VU0VDQVNFX1BST0RVQ1RfVFlQRS4uQzMuNzIwLmRhc2hfaDI2NC1iYXNpYy1nZW4yXzcyMHAiLCJ4cHZfYXNzZXRfaWQiOjEwNDIzOTEzODgyNTMwMDAsImFzc2V0X2FnZV9kYXlzIjoyLCJ2aV91c2VjYXNlX2lkIjoxMDEzOSwiZHVyYXRpb25fcyI6MTAwLCJ1cmxnZW5fc291cmNlIjoid3d3In0%3D&ccb=17-1&vs=acce658529afbdd0&_nc_vs=HBksFQIYRWZiX2VwaGVtZXJhbC9DQjQ5MDBFOEY4MTBENDVEQzU1NEYxQjgxMjY2RUQ5Rl9tdF8xX3ZpZGVvX2Rhc2hpbml0Lm1wNBUAAsgBEgAVAhhAZmJfcGVybWFuZW50LzQ3NDIwNTUzQkRBNEY5RkM0M0YyNjc1M0RGQ0FFQzk0X2F1ZGlvX2Rhc2hpbml0Lm1wNBUCAsgBEgAoABgAGwKIB3VzZV9vaWwBMRJwcm9ncmVzc2l2ZV9yZWNpcGUBMRUAACaQrc-GlYPaAxUCKAJDMywXQFkiHKwIMScYGWRhc2hfaDI2NC1iYXNpYy1nZW4yXzcyMHARAHUAZbaeAQA&_nc_gid=T84Ca7cZ1vZmof1Kn4fUow&_nc_ss=7f289&_nc_zt=28&oh=00_AQCcytRQZbI9KyzbbAHwGVF0vE1hXVbnT6n0P-GUNKXpbw&oe=6A58C65C,https://scontent.fblr20-4.fna.fbcdn.net/v/t39.35426-6/742345769_1513892489784163_671966263400692075_n.jpg?_nc_cat=106&ccb=1-7&_nc_sid=c53f8f&_nc_ohc=ehnV7etEEO8Q7kNvwGfWVfh&_nc_oc=Ado1Ns_cKXliXssKkFiuWnh897ReRw8DhpJkZe6YkZ-hX80oXkwgAGp5vsKJCQpSVEhui-jotK5PwmtXyLTHKtMA&_nc_zt=14&_nc_ht=scontent.fblr20-4.fna&_nc_gid=T84Ca7cZ1vZmof1Kn4fUow&_nc_ss=7f289&oh=00_AQCX4Q91RSuTa-SCgDXJhowtUDEz08ktLpd_0no94Ve1jQ&oe=6A58D252,2026-07-16T11:54:04.000Z,2026-07-12,https://pub-893b4a6a607b4221a894bf861da7914e.r2.dev/1470678398390511.mp4
236,210,English Seekho,565574549966663,English Seekho App,,IN,1030206466468669,https://www.facebook.com/ads/library/?id=1030206466468669,2026-07-10,,false,false,1,0,,2026-07-10,,Fluent English bolne ka sirf ek raasta – Daily practice on English Seekho App. Start now!,English Communication strong karo aur confidence badhao,Install now,http://play.google.com/store/apps/details?id=com.bolo.android,"Facebook,Instagram,Audience Network,Messenger,Threads",Fluent English bolne ka sirf ek raasta – Daily practice on English Seekho App. Start now!,English Communication strong karo aur confidence badhao,Install now,http://play.google.com/store/apps/details?id=com.bolo.android,Video,"Facebook,Instagram,Audience Network,Messenger,Threads",1,0,9:16,https://video.fblr20-3.fna.fbcdn.net/o1/v/t2/f2/m366/AQPAH0Y2F-1aksOPLx_W8Y0j8iv3-zO0eW4ZOj03A2AbKBHUdiqbdaVlJV9kKo77yPeJPN3RMErKVM-7YAqoJtigfSCDQw6eqr462g_-sSihoA.mp4?_nc_cat=100&_nc_oc=AdoJly9xhXg6Uv3THLE-yS54jSeibmHkELyajhdqZeVPBz5H9WBYWsWUC3eFcBGaOQpfnHQmwMlDlDjGHf-Fdg2I&_nc_sid=b66105&_nc_ht=video.fblr20-3.fna.fbcdn.net&_nc_ohc=d1k20s2FFD0Q7kNvwGyVNUc&efg=eyJ2ZW5jb2RlX3RhZyI6Inhwdl9wcm9ncmVzc2l2ZS5WSV9VU0VDQVNFX1BST0RVQ1RfVFlQRS4uQzMuNzIwLmRhc2hfaDI2NC1iYXNpYy1nZW4yXzcyMHAiLCJ4cHZfYXNzZXRfaWQiOjIwMjc1ODAzNTc4MzY5OTEsImFzc2V0X2FnZV9kYXlzIjoyLCJ2aV91c2VjYXNlX2lkIjoxMDEzOSwiZHVyYXRpb25fcyI6MTIxLCJ1cmxnZW5fc291cmNlIjoid3d3In0%3D&ccb=17-1&vs=7bc6d0d3f7bfc608&_nc_vs=HBksFQIYRWZiX2VwaGVtZXJhbC8xNTQ4NjIxNzUzODFGNzAzQ0RERTkyMEVCNDYzNzE4MV9tdF8xX3ZpZGVvX2Rhc2hpbml0Lm1wNBUAAsgBEgAVAhhAZmJfcGVybWFuZW50L0RCNDM3MzZGQzFERkU0QTAxRUMwMTg2MjUwNEVCMjk1X2F1ZGlvX2Rhc2hpbml0Lm1wNBUCAsgBEgAoABgAGwKIB3VzZV9vaWwBMRJwcm9ncmVzc2l2ZV9yZWNpcGUBMRUAACb-gtzv2oSaBxUCKAJDMywXQF5XCj1wo9cYGWRhc2hfaDI2NC1iYXNpYy1nZW4yXzcyMHARAHUAZbaeAQA&_nc_gid=T84Ca7cZ1vZmof1Kn4fUow&_nc_ss=7f289&_nc_zt=28&oh=00_AQC9lO9ch_uzzPu_wZmkUkXoFz2yMHPb-XvXqU9urE5V-w&oe=6A589F84,https://scontent.fblr20-5.fna.fbcdn.net/v/t39.35426-6/741373808_1717173639619899_249795994675660743_n.jpg?_nc_cat=107&ccb=1-7&_nc_sid=c53f8f&_nc_ohc=OkhjfxEDvDQQ7kNvwFMFlsM&_nc_oc=Adq3ZvCVFy57rvNi2GcgNv0CJPFsmkYy12VKRdvJqnnp5FWfkwn78pNbJyvrVD2zcTzD8FWS2vjBfGMUVDNIV55O&_nc_zt=14&_nc_ht=scontent.fblr20-5.fna&_nc_gid=T84Ca7cZ1vZmof1Kn4fUow&_nc_ss=7f289&oh=00_AQBCrcXvZ_OUFd9Rxj3a3exzcp62kKCDRs65tZ-hPJ6sDA&oe=6A58B7D1,2026-07-16T09:08:20.000Z,2026-07-12,https://pub-893b4a6a607b4221a894bf861da7914e.r2.dev/1030206466468669.mp4
237,211,English Seekho,565574549966663,English Seekho App,,IN,1611125187248290,https://www.facebook.com/ads/library/?id=1611125187248290,2026-07-10,,false,false,1,0,,2026-07-10,,Fluent English bolne ka sirf ek raasta – Daily practice on English Seekho App. Start now!,English Communication strong karo aur confidence badhao,Install now,http://play.google.com/store/apps/details?id=com.bolo.android,"Facebook,Instagram,Audience Network,Messenger,Threads",Fluent English bolne ka sirf ek raasta – Daily practice on English Seekho App. Start now!,English Communication strong karo aur confidence badhao,Install now,http://play.google.com/store/apps/details?id=com.bolo.android,Video,"Facebook,Instagram,Audience Network,Messenger,Threads",1,0,9:16,https://video.fblr20-1.fna.fbcdn.net/o1/v/t2/f2/m366/AQO0MBCKrLIP-j5v_UDiJ0aA68Si3qeNMrcsina1jxev5MZa6-eklyBgRcfVVC7_YNYE2arYza0Bgmk3CpzxIe8zuTF5Mq7CTJZ96JLF3fQVyA.mp4?_nc_cat=108&_nc_oc=AdpAn-Dtx-ZopbNXzj2q34OYeebjtNRWbGNKBvP-WvGjEGoWte0YY6sloQAMWEDMOuJEAG_gOT4w97HllffDXQz6&_nc_sid=b66105&_nc_ht=video.fblr20-1.fna.fbcdn.net&_nc_ohc=RsIgvv0VuBEQ7kNvwHW0jKf&efg=eyJ2ZW5jb2RlX3RhZyI6Inhwdl9wcm9ncmVzc2l2ZS5WSV9VU0VDQVNFX1BST0RVQ1RfVFlQRS4uQzMuNzIwLmRhc2hfaDI2NC1iYXNpYy1nZW4yXzcyMHAiLCJ4cHZfYXNzZXRfaWQiOjE0OTUzNzA5MjUyMzEyNjQsImFzc2V0X2FnZV9kYXlzIjoyLCJ2aV91c2VjYXNlX2lkIjoxMDEzOSwiZHVyYXRpb25fcyI6NTcsInVybGdlbl9zb3VyY2UiOiJ3d3cifQ%3D%3D&ccb=17-1&vs=b97461d3cabe4225&_nc_vs=HBksFQIYRWZiX2VwaGVtZXJhbC85NTQ1NkQwQzcyMzFCREM5QUE5NkNBMTgzNTU5RjE4RV9tdF8xX3ZpZGVvX2Rhc2hpbml0Lm1wNBUAAsgBEgAVAhhAZmJfcGVybWFuZW50LzI0NDUwNTk2NDc4RkE3MUI3RjVCMDhERDM2RTkxRjgwX2F1ZGlvX2Rhc2hpbml0Lm1wNBUCAsgBEgAoABgAGwKIB3VzZV9vaWwBMRJwcm9ncmVzc2l2ZV9yZWNpcGUBMRUAACbAsvLMhYKoBRUCKAJDMywXQEy7peNT988YGWRhc2hfaDI2NC1iYXNpYy1nZW4yXzcyMHARAHUAZbaeAQA&_nc_gid=T84Ca7cZ1vZmof1Kn4fUow&_nc_ss=7f289&_nc_zt=28&oh=00_AQAfFawvF4aqiGxL2NvHPerdsASyf_ONwYoWoswxhIcRfA&oe=6A58D2A8,https://scontent.fblr20-2.fna.fbcdn.net/v/t39.35426-6/742059854_1351655456411777_986933275125223013_n.jpg?_nc_cat=111&ccb=1-7&_nc_sid=c53f8f&_nc_ohc=cZl0Ycnr6FYQ7kNvwEh5XuO&_nc_oc=AdpOhG7eRi2zYl9uZ-VtWcnD6bCcdlmYHbOxwkPzUsasVxOgTKQ9gc5gWvQk583pl5MRqFKN7HCNF_EFZNBLFq4M&_nc_zt=14&_nc_ht=scontent.fblr20-2.fna&_nc_gid=T84Ca7cZ1vZmof1Kn4fUow&_nc_ss=7f289&oh=00_AQDOFZ-7-WHoDAnjXdMiOr7WtOXPCDuvG0xnGMkw6jBGKA&oe=6A58CB57,2026-07-16T12:46:32.000Z,2026-07-12,https://pub-893b4a6a607b4221a894bf861da7914e.r2.dev/1611125187248290.mp4
238,212,English Seekho,565574549966663,English Seekho App,,IN,1487760063112866,https://www.facebook.com/ads/library/?id=1487760063112866,2026-06-25,,false,false,1,0,,2026-06-25,,Fluent English bolne ka sirf ek raasta – Daily practice on English Seekho App. Start now!,English Communication strong karo aur confidence badhao,Install now,http://play.google.com/store/apps/details?id=com.bolo.android,"Facebook,Instagram,Audience Network,Messenger,Threads",Fluent English bolne ka sirf ek raasta – Daily practice on English Seekho App. Start now!,English Communication strong karo aur confidence badhao,Install now,http://play.google.com/store/apps/details?id=com.bolo.android,Video,"Facebook,Instagram,Audience Network,Messenger,Threads",1,0,9:16,https://video.fblr20-3.fna.fbcdn.net/o1/v/t2/f2/m366/AQNkqOJN5M7BMTRrRuJKiEjmpwUjln2lnVxTbsCz-3x_RjgDEszVJQgwWBKz8fNhmdbw5HL0tXLX3YSItgUI_JA4qRRTfvXB6naLWQvepZ18Zg.mp4?_nc_cat=105&_nc_oc=AdpLVKaJ21E_0m87oZRt4VNb1hbC7Lr5SsKPOQyieMAg5uWMzTPLk5A6smItSKy1ZEClGCcl4gvYAx8N6gLBJMig&_nc_sid=b66105&_nc_ht=video.fblr20-3.fna.fbcdn.net&_nc_ohc=6i9dIAX_U64Q7kNvwE4WURg&efg=eyJ2ZW5jb2RlX3RhZyI6Inhwdl9wcm9ncmVzc2l2ZS5WSV9VU0VDQVNFX1BST0RVQ1RfVFlQRS4uQzMuNzIwLmRhc2hfaDI2NC1iYXNpYy1nZW4yXzcyMHAiLCJ4cHZfYXNzZXRfaWQiOjE1Njg2MDI2ODE1MTE0NTYsImFzc2V0X2FnZV9kYXlzIjoyMCwidmlfdXNlY2FzZV9pZCI6MTAxMzksImR1cmF0aW9uX3MiOjc0LCJ1cmxnZW5fc291cmNlIjoid3d3In0%3D&ccb=17-1&vs=5238ac62d0cf4592&_nc_vs=HBksFQIYRWZiX2VwaGVtZXJhbC82QTRFMkUwOTQ5NUEyQ0QyNDYxQjRCRTg2ODc3NTg4N19tdF8xX3ZpZGVvX2Rhc2hpbml0Lm1wNBUAAsgBEgAVAhhAZmJfcGVybWFuZW50L0VDNEUxNDhCOUNFRjI2NkUwRDIwQUIzN0I3OTRGMkIwX2F1ZGlvX2Rhc2hpbml0Lm1wNBUCAsgBEgAoABgAGwKIB3VzZV9vaWwBMRJwcm9ncmVzc2l2ZV9yZWNpcGUBMRUAACbAuIDa2KjJBRUCKAJDMywXQFKCj1wo9cMYGWRhc2hfaDI2NC1iYXNpYy1nZW4yXzcyMHARAHUAZbaeAQA&_nc_gid=T84Ca7cZ1vZmof1Kn4fUow&_nc_ss=7f289&_nc_zt=28&oh=00_AQAElHKR6v6W8gJ_TFPlSHLN4md2SrPxkhbHVSG3flL-rQ&oe=6A58A11F,https://scontent.fblr20-4.fna.fbcdn.net/v/t39.35426-6/731037713_1748050493061548_9090600078529719847_n.jpg?_nc_cat=101&ccb=1-7&_nc_sid=c53f8f&_nc_ohc=K9O_RumukBkQ7kNvwHT-ycV&_nc_oc=AdoAHSRaeEkUrl28cAkzKnn-1wIKlfC0C_4qCvYnmu4zBVpvJwxrv6AC7sYyjJtUZbOHRwa-hFxiXra9goQBV6Dj&_nc_zt=14&_nc_ht=scontent.fblr20-4.fna&_nc_gid=T84Ca7cZ1vZmof1Kn4fUow&_nc_ss=7f289&oh=00_AQC--3_z8g1t-bVPXQ0z7NfUgH6honeKButz0Oz7IZIHKQ&oe=6A58BC2D,2026-07-16T09:15:11.000Z,2026-07-12,https://pub-893b4a6a607b4221a894bf861da7914e.r2.dev/1487760063112866.mp4
239,213,English Seekho,565574549966663,English Seekho App,,IN,1590642095841623,https://www.facebook.com/ads/library/?id=1590642095841623,2026-07-10,,false,false,1,0,,2026-07-10,,Fluent English bolne ka sirf ek raasta – Daily practice on English Seekho App. Start now!,English Communication strong karo aur confidence badhao,Install now,http://play.google.com/store/apps/details?id=com.bolo.android,"Facebook,Instagram,Audience Network,Messenger,Threads",Fluent English bolne ka sirf ek raasta – Daily practice on English Seekho App. Start now!,English Communication strong karo aur confidence badhao,Install now,http://play.google.com/store/apps/details?id=com.bolo.android,Video,"Facebook,Instagram,Audience Network,Messenger,Threads",1,0,9:16,https://video.fblr20-2.fna.fbcdn.net/o1/v/t2/f2/m366/AQPHaN5g4AvifQoDhbHtk848VtG59AhaIYVSs_wSdW7yg4tKvXVFTpDcsQzeSh6MPWgfRa7GujEG-Kb8wNbd8BNgKscP-8eev3FjMqLi0IlBBQ.mp4?_nc_cat=102&_nc_oc=Adq9U97iqYFgdTskIYIdAMvjcRptRyI34ko29nfQu1FguvLSN4I1QbLgyp8Cj5H-hjQsh8PJtAOa2tznUDmK0if0&_nc_sid=b66105&_nc_ht=video.fblr20-2.fna.fbcdn.net&_nc_ohc=BSRGdaLOrSMQ7kNvwHhSknm&efg=eyJ2ZW5jb2RlX3RhZyI6Inhwdl9wcm9ncmVzc2l2ZS5WSV9VU0VDQVNFX1BST0RVQ1RfVFlQRS4uQzMuNzIwLmRhc2hfaDI2NC1iYXNpYy1nZW4yXzcyMHAiLCJ4cHZfYXNzZXRfaWQiOjk3MDQ5MzY2MjY0ODg4MiwiYXNzZXRfYWdlX2RheXMiOjIsInZpX3VzZWNhc2VfaWQiOjEwMTM5LCJkdXJhdGlvbl9zIjoxNzAsIndhdGNoX3RpbWVfcyI6MjgyODk3LCJ1cmxnZW5fc291cmNlIjoid3d3In0%3D&ccb=17-1&vs=1a4dd321d92709ff&_nc_vs=HBksFQIYRWZiX2VwaGVtZXJhbC8xQjRBMDJGMjI4QzdBM0FGMTQ3REYzQTczMEI5OUJBRF9tdF8xX3ZpZGVvX2Rhc2hpbml0Lm1wNBUAAsgBEgAVAhhAZmJfcGVybWFuZW50LzdDNDBCMUU5NDE1MzQyODcwOUQxOUQ0RDExRUREODhFX2F1ZGlvX2Rhc2hpbml0Lm1wNBUCAsgBEgAoABgAGwKIB3VzZV9vaWwBMRJwcm9ncmVzc2l2ZV9yZWNpcGUBMRUAACbk6Kaglaq5AxUCKAJDMywXQGVAAAAAAAAYGWRhc2hfaDI2NC1iYXNpYy1nZW4yXzcyMHARAHUAZbaeAQA&_nc_gid=9v3J4Z6r9Y7OxrdQ0C9hYQ&_nc_ss=7f289&_nc_zt=28&oh=00_AQAb1TZGoKbWbtTdChxzVNQ-I2wfAka6tWSTRwhEf6eiTA&oe=6A58C25A,https://scontent.fblr20-3.fna.fbcdn.net/v/t39.35426-6/742838472_1849238192720493_3546181690886241880_n.jpg?_nc_cat=100&ccb=1-7&_nc_sid=c53f8f&_nc_ohc=p05uykhziTYQ7kNvwFGJYRP&_nc_oc=AdrfeFmlzHrShUEvK84fEbsDTMagrPOC8itO_Zmi1Mh9_Zalm21SxQottqCuc4N-_pGQO8llHEWC6Oeh-TNOafHe&_nc_zt=14&_nc_ht=scontent.fblr20-3.fna&_nc_gid=9v3J4Z6r9Y7OxrdQ0C9hYQ&_nc_ss=7f289&oh=00_AQCFCJt2K9LhqlkynrKlaE86HHBhwNfk3dSLyyTNi_WsXQ&oe=6A58B5AA,2026-07-16T11:36:58.000Z,2026-07-12,https://pub-893b4a6a607b4221a894bf861da7914e.r2.dev/1590642095841623.mp4
240,214,English Seekho,565574549966663,English Seekho App,,IN,1710036726875641,https://www.facebook.com/ads/library/?id=1710036726875641,2026-07-10,,false,false,1,0,,2026-07-10,,Fluent English bolne ka sirf ek raasta – Daily practice on English Seekho App. Start now!,English Communication strong karo aur confidence badhao,Install now,http://play.google.com/store/apps/details?id=com.bolo.android,"Facebook,Instagram,Audience Network,Messenger,Threads",Fluent English bolne ka sirf ek raasta – Daily practice on English Seekho App. Start now!,English Communication strong karo aur confidence badhao,Install now,http://play.google.com/store/apps/details?id=com.bolo.android,Video,"Facebook,Instagram,Audience Network,Messenger,Threads",1,0,9:16,https://video.fblr20-1.fna.fbcdn.net/o1/v/t2/f2/m366/AQMY34QYyni0rQBeiUW1nDITqToNot8Yikbf93NJCY9STa1WLSDagI1RlqDgXGYGKNz7QtnPPG3wLODJm9MHpBkerDIjl0JvLlMCutbDwUtwpw.mp4?_nc_cat=108&_nc_oc=AdrC6W--fALuArdLe6n5Y2yhtti9QeiKXuPdZg7KKFKB38w-NCjcUWY9xY33SCf93aHoKjsjVjXJzFAm51fTG_VT&_nc_sid=b66105&_nc_ht=video.fblr20-1.fna.fbcdn.net&_nc_ohc=DijMvAbLHTkQ7kNvwENdxct&efg=eyJ2ZW5jb2RlX3RhZyI6Inhwdl9wcm9ncmVzc2l2ZS5WSV9VU0VDQVNFX1BST0RVQ1RfVFlQRS4uQzMuNzIwLmRhc2hfaDI2NC1iYXNpYy1nZW4yXzcyMHAiLCJ4cHZfYXNzZXRfaWQiOjE5MDcyMzI4ODY2MjQ2MjMsImFzc2V0X2FnZV9kYXlzIjoyLCJ2aV91c2VjYXNlX2lkIjoxMDEzOSwiZHVyYXRpb25fcyI6MTQ4LCJ3YXRjaF90aW1lX3MiOjI4MjgwMiwidXJsZ2VuX3NvdXJjZSI6Ind3dyJ9&ccb=17-1&vs=1009c72eb4cd4cc6&_nc_vs=HBksFQIYRWZiX2VwaGVtZXJhbC85QjRFODFBMkI3OTUwNDcyMzVFOTFBRjU4RUNCQ0Q4Q19tdF8xX3ZpZGVvX2Rhc2hpbml0Lm1wNBUAAsgBEgAVAhhAZmJfcGVybWFuZW50L0I5NEJENkM0MDAyNDU3QzM2MUJFQkYzQTg5OTI5NTlEX2F1ZGlvX2Rhc2hpbml0Lm1wNBUCAsgBEgAoABgAGwKIB3VzZV9vaWwBMRJwcm9ncmVzc2l2ZV9yZWNpcGUBMRUAACbexbCryKfjBhUCKAJDMywXQGKHdLxqfvoYGWRhc2hfaDI2NC1iYXNpYy1nZW4yXzcyMHARAHUAZbaeAQA&_nc_gid=9v3J4Z6r9Y7OxrdQ0C9hYQ&_nc_ss=7f289&_nc_zt=28&oh=00_AQC5sLCZY0KHs7Zk0A-_UUefIeGUO3qagx0petku2GmAew&oe=6A58C5F0,https://scontent.fblr20-5.fna.fbcdn.net/v/t39.35426-6/741918237_1309583741160374_7871101824910823350_n.jpg?_nc_cat=107&ccb=1-7&_nc_sid=c53f8f&_nc_ohc=PVoKvcjdnaQQ7kNvwHfkvph&_nc_oc=AdqHCf3-2ZtdeVH3DocctoRk9u8CoupskDzSrkufh1LFyQ2v9cbkOaaYb7B95TSST6NiXdc4x69_5lXC_OzEZoWl&_nc_zt=14&_nc_ht=scontent.fblr20-5.fna&_nc_gid=9v3J4Z6r9Y7OxrdQ0C9hYQ&_nc_ss=7f289&oh=00_AQAVJnansGaemzRjn_PA0KiNiGQqXYAcTILNN7wo6cj-pg&oe=6A58CD2F,2026-07-16T11:52:16.000Z,2026-07-12,https://pub-893b4a6a607b4221a894bf861da7914e.r2.dev/1710036726875641.mp4
241,215,English Seekho,565574549966663,English Seekho App,,IN,608640915677208,https://www.facebook.com/ads/library/?id=608640915677208,2026-01-22,,false,false,1,0,,2026-01-22,,Fluent English bolne ka sirf ek raasta – Daily practice on English Seekho App. Start now!,English Communication strong karo aur confidence badhao,Install now,http://play.google.com/store/apps/details?id=com.bolo.android,"Facebook,Instagram,Audience Network,Messenger,Threads",Fluent English bolne ka sirf ek raasta – Daily practice on English Seekho App. Start now!,English Communication strong karo aur confidence badhao,Install now,http://play.google.com/store/apps/details?id=com.bolo.android,Video,"Facebook,Instagram,Audience Network,Messenger,Threads",1,0,9:16,https://video.fblr20-1.fna.fbcdn.net/o1/v/t2/f2/m366/AQPrsD4Sk-HR3GOt2GLCjPLAeiZU_OmDBfsFfjMQzVnqtCvJ0W8qKkvzvX6YbYcrlCacSKf1X55NZac1gTBBTzZT0OlvoopdlHPuuCP4sFxSCw.mp4?_nc_cat=110&_nc_oc=AdoEvD7_J6UaNpZB1sXi3RGEF5eiLX6lFdPiU_d06wUVuaOAhL3Ry2JoS3quleuqcnYT37JnF3EDzv8N5_WaTqQg&_nc_sid=b66105&_nc_ht=video.fblr20-1.fna.fbcdn.net&_nc_ohc=B5oknhx4XBUQ7kNvwFKc0mQ&efg=eyJ2ZW5jb2RlX3RhZyI6Inhwdl9wcm9ncmVzc2l2ZS5WSV9VU0VDQVNFX1BST0RVQ1RfVFlQRS4uQzMuNzIwLmRhc2hfaDI2NC1iYXNpYy1nZW4yXzcyMHAiLCJ4cHZfYXNzZXRfaWQiOjgzNjMxMDM3MjMzNjE1NSwiYXNzZXRfYWdlX2RheXMiOjIxMywidmlfdXNlY2FzZV9pZCI6MTAxMzksImR1cmF0aW9uX3MiOjQ1LCJ3YXRjaF90aW1lX3MiOjQ1OSwidXJsZ2VuX3NvdXJjZSI6Ind3dyJ9&ccb=17-1&vs=3b5c1d072d50969d&_nc_vs=HBksFQIYRWZiX2VwaGVtZXJhbC82MjQ2QkNCREU1NTcyOENBMjkwRkJFMjQ5MDZFRjA5Ml9tdF8xX3ZpZGVvX2Rhc2hpbml0Lm1wNBUAAsgBEgAVAhhAZmJfcGVybWFuZW50LzY5NDk1QUIyMjc0REZDMTNDQjc3QkU2NEVFMTRGNEJBX2F1ZGlvX2Rhc2hpbml0Lm1wNBUCAsgBEgAoABgAGwKIB3VzZV9vaWwBMRJwcm9ncmVzc2l2ZV9yZWNpcGUBMRUAACa2iNLq1af8AhUCKAJDMywXQEbIcrAgxJwYGWRhc2hfaDI2NC1iYXNpYy1nZW4yXzcyMHARAHUAZbaeAQA&_nc_gid=9v3J4Z6r9Y7OxrdQ0C9hYQ&_nc_ss=7f289&_nc_zt=28&oh=00_AQASSE0yKvHpDr3dczmN0nRGkLgQVc47pUdvNEXkyIz6GA&oe=6A58CF76,https://scontent.fblr20-3.fna.fbcdn.net/v/t39.35426-6/617045854_1691060118522813_7041559477400341991_n.jpg?_nc_cat=109&ccb=1-7&_nc_sid=c53f8f&_nc_ohc=O9hB0hCBDzkQ7kNvwEe4Cm_&_nc_oc=Adpt58n5Guk3uRv4jz9apLKcXfgu7XFEV-9KS1zZJyFAH2NDQwM42vDZ7vXpFm9TZ0eGmm2VCXlE5NdfVTyHfbfE&_nc_zt=14&_nc_ht=scontent.fblr20-3.fna&_nc_gid=9v3J4Z6r9Y7OxrdQ0C9hYQ&_nc_ss=7f289&oh=00_AQALvyx7r7AbASURffJHn63riu8ascIBAzykC-y2eCNAdQ&oe=6A58B15B,2026-07-16T12:32:54.000Z,2026-07-12,https://pub-893b4a6a607b4221a894bf861da7914e.r2.dev/608640915677208.mp4
242,216,English Seekho,565574549966663,English Seekho App,,IN,804181512689453,https://www.facebook.com/ads/library/?id=804181512689453,2026-07-10,,false,false,1,0,,2026-07-10,,Fluent English bolne ka sirf ek raasta – Daily practice on English Seekho App. Start now!,English Communication strong karo aur confidence badhao,Install now,http://play.google.com/store/apps/details?id=com.bolo.android,"Facebook,Instagram,Audience Network,Messenger,Threads",Fluent English bolne ka sirf ek raasta – Daily practice on English Seekho App. Start now!,English Communication strong karo aur confidence badhao,Install now,http://play.google.com/store/apps/details?id=com.bolo.android,Video,"Facebook,Instagram,Audience Network,Messenger,Threads",1,0,9:16,https://video.fblr20-4.fna.fbcdn.net/o1/v/t2/f2/m366/AQP-GU9xFSe38sSI76OxlzT8WTEzP54gA-_iFyKKPC2WK4h3agAenDwdH9zj5LrxAQv0kcsY-eLZWSiS_HstXRY6o0hg4j2q_Q8A3Vur2BzNGA.mp4?_nc_cat=106&_nc_oc=Adpf3FfgAUb17jeDqHKjzzFU-hqDjSIJ6yfDf-Euyy-Z8pVe-PM2QCQa6GfvCxaJYDZGrCeg524RVDo_IIPwmpq6&_nc_sid=b66105&_nc_ht=video.fblr20-4.fna.fbcdn.net&_nc_ohc=TaghsOUOyg4Q7kNvwHSK8mA&efg=eyJ2ZW5jb2RlX3RhZyI6Inhwdl9wcm9ncmVzc2l2ZS5WSV9VU0VDQVNFX1BST0RVQ1RfVFlQRS4uQzMuNzIwLmRhc2hfaDI2NC1iYXNpYy1nZW4yXzcyMHAiLCJ4cHZfYXNzZXRfaWQiOjE2NDIzNTIxMjAxNjE3NTQsImFzc2V0X2FnZV9kYXlzIjoyLCJ2aV91c2VjYXNlX2lkIjoxMDEzOSwiZHVyYXRpb25fcyI6NTcsIndhdGNoX3RpbWVfcyI6NTMyMzQsInVybGdlbl9zb3VyY2UiOiJ3d3cifQ%3D%3D&ccb=17-1&vs=4bd3c895b0bc2a86&_nc_vs=HBksFQIYRWZiX2VwaGVtZXJhbC81RjQwNEYzNDRCOERCOEIyNjY4NTdBM0I2OTAyMUZBMF9tdF8xX3ZpZGVvX2Rhc2hpbml0Lm1wNBUAAsgBEgAVAhhAZmJfcGVybWFuZW50LzNCNDhFMzJBRDYxRTA4RTFDNTZENkE1MUVENUJCNjkzX2F1ZGlvX2Rhc2hpbml0Lm1wNBUCAsgBEgAoABgAGwKIB3VzZV9vaWwBMRJwcm9ncmVzc2l2ZV9yZWNpcGUBMRUAACa0l7_rvO3qBRUCKAJDMywXQEzd0vGp--cYGWRhc2hfaDI2NC1iYXNpYy1nZW4yXzcyMHARAHUAZbaeAQA&_nc_gid=9v3J4Z6r9Y7OxrdQ0C9hYQ&_nc_ss=7f289&_nc_zt=28&oh=00_AQBxrJjZPVsfZEhH0AXF1X-LLMewVmS0eQyOBSnoHxNnww&oe=6A58B002,https://scontent.fblr20-1.fna.fbcdn.net/v/t39.35426-6/741678780_1508781854062658_5030092711352175842_n.jpg?_nc_cat=108&ccb=1-7&_nc_sid=c53f8f&_nc_ohc=AWy9BDHq4AQQ7kNvwEIeFbm&_nc_oc=Ado5_ol-nCg7bHa3h_TgQByG2zehkRXr0JlXPPbpiI190lKYGCeu33SpLb_NG501MITPBi0KxBYPyIY6_R34lB0M&_nc_zt=14&_nc_ht=scontent.fblr20-1.fna&_nc_gid=9v3J4Z6r9Y7OxrdQ0C9hYQ&_nc_ss=7f289&oh=00_AQD9czWJB6bp6ZjlS15tO_XKbPGxlBUmIZ53hfsDHvZgpA&oe=6A58AA40,2026-07-16T10:18:42.000Z,2026-07-12,https://pub-893b4a6a607b4221a894bf861da7914e.r2.dev/804181512689453.mp4
243,217,English Seekho,565574549966663,English Seekho App,,IN,1035702565595390,https://www.facebook.com/ads/library/?id=1035702565595390,2026-07-10,,false,false,1,0,,2026-07-10,,Fluent English bolne ka sirf ek raasta – Daily practice on English Seekho App. Start now!,English Communication strong karo aur confidence badhao,Install now,http://play.google.com/store/apps/details?id=com.bolo.android,"Facebook,Instagram,Audience Network,Messenger,Threads",Fluent English bolne ka sirf ek raasta – Daily practice on English Seekho App. Start now!,English Communication strong karo aur confidence badhao,Install now,http://play.google.com/store/apps/details?id=com.bolo.android,Video,"Facebook,Instagram,Audience Network,Messenger,Threads",1,0,9:16,https://video.fblr20-5.fna.fbcdn.net/o1/v/t2/f2/m366/AQORWVPYA_4tMnUk7l9zHN6AT0NvrLyYHbWm7niVWePoVSJk7ma0eOy07SXiJJsGf9ZgTIzAsTEwg94XGERRYzjXk1iJq2s9kuWO10c62eYh9w.mp4?_nc_cat=107&_nc_oc=Adqvfn7KQDUe4c2bCxA2nOCXwcO-Bws9AxvMgF_AZQtKUPyN_GpsMMdAeGJdvS_3xggtK5w_l2ztB5n2grGtbFOL&_nc_sid=b66105&_nc_ht=video.fblr20-5.fna.fbcdn.net&_nc_ohc=R9dzRk3kDC8Q7kNvwFVh6cH&efg=eyJ2ZW5jb2RlX3RhZyI6Inhwdl9wcm9ncmVzc2l2ZS5WSV9VU0VDQVNFX1BST0RVQ1RfVFlQRS4uQzMuNzIwLmRhc2hfaDI2NC1iYXNpYy1nZW4yXzcyMHAiLCJ4cHZfYXNzZXRfaWQiOjEwNjAxMjYyNDMwMjM5MzcsImFzc2V0X2FnZV9kYXlzIjoyLCJ2aV91c2VjYXNlX2lkIjoxMDEzOSwiZHVyYXRpb25fcyI6ODEsIndhdGNoX3RpbWVfcyI6MTQ3ODA0MiwidXJsZ2VuX3NvdXJjZSI6Ind3dyJ9&ccb=17-1&vs=25491db04ed3f6d6&_nc_vs=HBksFQIYRWZiX2VwaGVtZXJhbC9GQjRBMDVBNzk0ODBGMDc3MzlCMkJGNzI2MUFDQzc5Q19tdF8xX3ZpZGVvX2Rhc2hpbml0Lm1wNBUAAsgBEgAVAhhAZmJfcGVybWFuZW50L0Y1NDI3NzU5NjZFMTNFQjI5NUFEOTAxMzk5MDBBNjk0X2F1ZGlvX2Rhc2hpbml0Lm1wNBUCAsgBEgAoABgAGwKIB3VzZV9vaWwBMRJwcm9ncmVzc2l2ZV9yZWNpcGUBMRUAACaCsY-CvIviAxUCKAJDMywXQFRbtkWhysEYGWRhc2hfaDI2NC1iYXNpYy1nZW4yXzcyMHARAHUAZbaeAQA&_nc_gid=9v3J4Z6r9Y7OxrdQ0C9hYQ&_nc_ss=7f289&_nc_zt=28&oh=00_AQAyf18DhQDaRW-V7x8nYnDXDFWvRGgKhV0sJ9cbMeaIpg&oe=6A58D569,https://scontent.fblr20-3.fna.fbcdn.net/v/t39.35426-6/742684209_1665809998046542_343435957425166461_n.jpg?_nc_cat=109&ccb=1-7&_nc_sid=c53f8f&_nc_ohc=F_vjWbqTYxEQ7kNvwEOnpHn&_nc_oc=AdrK0pQyamcajnjCZa_Xs11PoXlQaJsq8RS1ymyQat5kLNQQTT9bD-61Dwob5YreyNo4oOv0Zyavx1LGmHMZ0QqE&_nc_zt=14&_nc_ht=scontent.fblr20-3.fna&_nc_gid=9v3J4Z6r9Y7OxrdQ0C9hYQ&_nc_ss=7f289&oh=00_AQBHcNwfdgIbPxhs35bPkCd-_D4heroFHwh2FbL06Ld9CA&oe=6A58BD66,2026-07-16T12:58:17.000Z,2026-07-12,https://pub-893b4a6a607b4221a894bf861da7914e.r2.dev/1035702565595390.mp4
244,218,English Seekho,565574549966663,English Seekho App,,IN,1229348518532340,https://www.facebook.com/ads/library/?id=1229348518532340,2026-01-22,,false,false,1,0,,2026-01-22,,Fluent English bolne ka sirf ek raasta – Daily practice on English Seekho App. Start now!,English Communication strong karo aur confidence badhao,Install now,http://play.google.com/store/apps/details?id=com.bolo.android,"Facebook,Instagram,Audience Network,Messenger,Threads",Fluent English bolne ka sirf ek raasta – Daily practice on English Seekho App. Start now!,English Communication strong karo aur confidence badhao,Install now,http://play.google.com/store/apps/details?id=com.bolo.android,Video,"Facebook,Instagram,Audience Network,Messenger,Threads",1,0,9:16,https://video.fblr20-4.fna.fbcdn.net/o1/v/t2/f2/m366/AQMCuQBsMR8j4mlcyf6PX6g0cJrOvXDMkPn0cSJLgoIkD6uOO1EbY0TcDk_MabsRKJ_lqe5DFdTClHon11Bc3Hy9lQPfo1ltwalR-h9MU0ydvQ.mp4?_nc_cat=101&_nc_oc=AdphwmRz1vemX_Utx1qXHmSlkwejQD-ZtmIJA1-JN-JgP48PTMgpvL0Bo7sQdHtJMTH_PX-UToIwHN5u_1qHNYBc&_nc_sid=b66105&_nc_ht=video.fblr20-4.fna.fbcdn.net&_nc_ohc=kFaF2pknWlQQ7kNvwFUwnt9&efg=eyJ2ZW5jb2RlX3RhZyI6Inhwdl9wcm9ncmVzc2l2ZS5WSV9VU0VDQVNFX1BST0RVQ1RfVFlQRS4uQzMuNzIwLmRhc2hfaDI2NC1iYXNpYy1nZW4yXzcyMHAiLCJ4cHZfYXNzZXRfaWQiOjg3ODYxMDE0NDU0NTU2MCwiYXNzZXRfYWdlX2RheXMiOjIwMiwidmlfdXNlY2FzZV9pZCI6MTAxMzksImR1cmF0aW9uX3MiOjU5LCJ3YXRjaF90aW1lX3MiOjMzMywidXJsZ2VuX3NvdXJjZSI6Ind3dyJ9&ccb=17-1&vs=a51d80f2e0168b4b&_nc_vs=HBksFQIYRWZiX2VwaGVtZXJhbC82NzRENEQ0MEQyQ0NDQjYzNzRCODcxODhCMzgzRkRBQV9tdF8xX3ZpZGVvX2Rhc2hpbml0Lm1wNBUAAsgBEgAVAhhAZmJfcGVybWFuZW50LzZENEIwMEY3QkQ5RTZCRjM1QjFDNTJGMDM2QjBDRDk0X2F1ZGlvX2Rhc2hpbml0Lm1wNBUCAsgBEgAoABgAGwKIB3VzZV9vaWwBMRJwcm9ncmVzc2l2ZV9yZWNpcGUBMRUAACawrP7Y68WPAxUCKAJDMywXQE3lP3ztkWgYGWRhc2hfaDI2NC1iYXNpYy1nZW4yXzcyMHARAHUAZbaeAQA&_nc_gid=9v3J4Z6r9Y7OxrdQ0C9hYQ&_nc_ss=7f289&_nc_zt=28&oh=00_AQA_dv02VJ2-rec64-QGMyFHK-N_-NmheOakX9PT4SyJDQ&oe=6A58ADE7,https://scontent.fblr20-5.fna.fbcdn.net/v/t39.35426-6/617432273_3242398995922877_8124227729580998088_n.jpg?_nc_cat=107&ccb=1-7&_nc_sid=c53f8f&_nc_ohc=eVeAP5K6XckQ7kNvwGLkBZb&_nc_oc=AdrEzLdvNOXOn7sN_IzlT80sNpfHMM6Fx7A74rRxrI8goHVLrnwZ907i1ZQ5CgR6_AUT8-bnKGJcG1FJ7NzfhFSP&_nc_zt=14&_nc_ht=scontent.fblr20-5.fna&_nc_gid=9v3J4Z6r9Y7OxrdQ0C9hYQ&_nc_ss=7f289&oh=00_AQDbOiut4wcdohrssIg-7WCdgAHzSpEl-9lb0Sq6kIIc5Q&oe=6A58C347,2026-07-16T10:09:43.000Z,2026-07-12,https://pub-893b4a6a607b4221a894bf861da7914e.r2.dev/1229348518532340.mp4
245,219,English Seekho,565574549966663,English Seekho App,,IN,923735007415682,https://www.facebook.com/ads/library/?id=923735007415682,2026-07-10,,false,false,1,0,,2026-07-10,,Fluent English bolne ka sirf ek raasta – Daily practice on English Seekho App. Start now!,English Communication strong karo aur confidence badhao,Install now,http://play.google.com/store/apps/details?id=com.bolo.android,"Facebook,Instagram,Audience Network,Messenger,Threads",Fluent English bolne ka sirf ek raasta – Daily practice on English Seekho App. Start now!,English Communication strong karo aur confidence badhao,Install now,http://play.google.com/store/apps/details?id=com.bolo.android,Video,"Facebook,Instagram,Audience Network,Messenger,Threads",1,0,9:16,https://video.fblr20-4.fna.fbcdn.net/o1/v/t2/f2/m366/AQOsUXv9zrZ_lg7Wvpo7jwG6fV1vz1y74sZHPm9QBgLxz0L8iOLjEhXHQe_-vBJe0i_2hGk9iZTduhtgaISIHLbhesZnln17CUHWlU92VhxBEA.mp4?_nc_cat=101&_nc_oc=AdqDOtUHYtaCobAfeIJoigWUfszuZbdAQOSjTAmzDGptLHU-UexNErQH04bqqCmJGEOXZu8Uau44AElBnF6xFolD&_nc_sid=b66105&_nc_ht=video.fblr20-4.fna.fbcdn.net&_nc_ohc=gnpOMhZDWe8Q7kNvwGWf_Yh&efg=eyJ2ZW5jb2RlX3RhZyI6Inhwdl9wcm9ncmVzc2l2ZS5WSV9VU0VDQVNFX1BST0RVQ1RfVFlQRS4uQzMuNzIwLmRhc2hfaDI2NC1iYXNpYy1nZW4yXzcyMHAiLCJ4cHZfYXNzZXRfaWQiOjE2MDYyNjA1NjQyNTM1MTgsImFzc2V0X2FnZV9kYXlzIjoyLCJ2aV91c2VjYXNlX2lkIjoxMDEzOSwiZHVyYXRpb25fcyI6MTc1LCJ3YXRjaF90aW1lX3MiOjc3MDEyNSwidXJsZ2VuX3NvdXJjZSI6Ind3dyJ9&ccb=17-1&vs=7fcc476e7a815dc&_nc_vs=HBksFQIYRWZiX2VwaGVtZXJhbC9BQjQxMkI4QUMxN0ZGRDQ4QjhFNjU0RDNFMDE1ODU5Rl9tdF8xX3ZpZGVvX2Rhc2hpbml0Lm1wNBUAAsgBEgAVAhhAZmJfcGVybWFuZW50L0VCNDI2Q0I5Q0RFNjI5RThERjJBN0NBQzk4RDg1OThGX2F1ZGlvX2Rhc2hpbml0Lm1wNBUCAsgBEgAoABgAGwKIB3VzZV9vaWwBMRJwcm9ncmVzc2l2ZV9yZWNpcGUBMRUAACac7crl1bjaBRUCKAJDMywXQGXkQYk3S8cYGWRhc2hfaDI2NC1iYXNpYy1nZW4yXzcyMHARAHUAZbaeAQA&_nc_gid=9v3J4Z6r9Y7OxrdQ0C9hYQ&_nc_ss=7f289&_nc_zt=28&oh=00_AQBRs5xE2nUgAzT9O0edd8OTPLQJb_iu2d0ww14fkcCcbQ&oe=6A58A3A7,https://scontent.fblr20-2.fna.fbcdn.net/v/t39.35426-6/741820667_1062874576410203_4892951958440374760_n.jpg?_nc_cat=111&ccb=1-7&_nc_sid=c53f8f&_nc_ohc=84tguenjIxwQ7kNvwHCZ-jG&_nc_oc=Adq-inwEj3dsUbRThlVFHg698QUk40CT7iHP0o-xJsIeujefwRx9aTZlmVt0Vu2PCuFZnaFhYSN8aJldVyj9RcY_&_nc_zt=14&_nc_ht=scontent.fblr20-2.fna&_nc_gid=9v3J4Z6r9Y7OxrdQ0C9hYQ&_nc_ss=7f289&oh=00_AQBSybSjGi-8-oiI8-QGkeNuxeAC4T_Ho5sVrqLc-rfjBA&oe=6A58AAE0,2026-07-16T09:25:59.000Z,2026-07-12,https://pub-893b4a6a607b4221a894bf861da7914e.r2.dev/923735007415682.mp4
246,220,English Seekho,565574549966663,English Seekho App,,IN,25537890735891271,https://www.facebook.com/ads/library/?id=25537890735891271,2026-01-22,,false,false,1,0,,2026-01-22,,Fluent English bolne ka sirf ek raasta – Daily practice on English Seekho App. Start now!,English Communication strong karo aur confidence badhao,Install now,http://play.google.com/store/apps/details?id=com.bolo.android,"Facebook,Instagram,Audience Network,Messenger,Threads",Fluent English bolne ka sirf ek raasta – Daily practice on English Seekho App. Start now!,English Communication strong karo aur confidence badhao,Install now,http://play.google.com/store/apps/details?id=com.bolo.android,Video,"Facebook,Instagram,Audience Network,Messenger,Threads",1,0,9:16,https://video.fblr20-3.fna.fbcdn.net/o1/v/t2/f2/m366/AQP_lrAI38GKPZcuvUC44kd7gbivOd_5gUM0me92bSTNERpPEniYrWVxqrwfP0ZhzZC_wS5cYuPTQ8okaGNdNluW19SAlAhp01EEM6izX-Ppig.mp4?_nc_cat=109&_nc_oc=AdqadqMyeyAyN2-w7BsJGIj2wHy4S3jstlDStlROpCBiQVDVL0kGT8QL0NEdTqLqCaXbEZ0DFAKQ6iZRyDFOYAmu&_nc_sid=b66105&_nc_ht=video.fblr20-3.fna.fbcdn.net&_nc_ohc=7QWjIpaSUlUQ7kNvwHT1aux&efg=eyJ2ZW5jb2RlX3RhZyI6Inhwdl9wcm9ncmVzc2l2ZS5WSV9VU0VDQVNFX1BST0RVQ1RfVFlQRS4uQzMuNzIwLmRhc2hfaDI2NC1iYXNpYy1nZW4yXzcyMHAiLCJ4cHZfYXNzZXRfaWQiOjEyOTY1OTI2ODU4MjkxMTAsImFzc2V0X2FnZV9kYXlzIjoxODMsInZpX3VzZWNhc2VfaWQiOjEwMTM5LCJkdXJhdGlvbl9zIjo2Mywid2F0Y2hfdGltZV9zIjo2NDUsInVybGdlbl9zb3VyY2UiOiJ3d3cifQ%3D%3D&ccb=17-1&vs=57217cf0944fecdc&_nc_vs=HBksFQIYRWZiX2VwaGVtZXJhbC9DMTRGQTM3NTA2RjVCREZDMUQwQzE1QkRDQTQ1NEI4NV9tdF8xX3ZpZGVvX2Rhc2hpbml0Lm1wNBUAAsgBEgAVAhhAZmJfcGVybWFuZW50LzJFNDZDODJFRUU4Njg5NzA2RTFBMTZDQjEwMjMwRjg2X2F1ZGlvX2Rhc2hpbml0Lm1wNBUCAsgBEgAoABgAGwKIB3VzZV9vaWwBMRJwcm9ncmVzc2l2ZV9yZWNpcGUBMRUAACbsr6in0M_NBBUCKAJDMywXQE-ZmZmZmZoYGWRhc2hfaDI2NC1iYXNpYy1nZW4yXzcyMHARAHUAZbaeAQA&_nc_gid=9v3J4Z6r9Y7OxrdQ0C9hYQ&_nc_ss=7f289&_nc_zt=28&oh=00_AQD_qafilaD_Z8Y2ovCzWRv5P49mMznhkbs-c_TzgJhXUA&oe=6A58BCBB,https://scontent.fblr20-2.fna.fbcdn.net/v/t39.35426-6/617879316_3898546543609479_1382495396935824468_n.jpg?_nc_cat=111&ccb=1-7&_nc_sid=c53f8f&_nc_ohc=L8Rvv8a46wEQ7kNvwFJc8Hf&_nc_oc=AdqdLJ-GQzGINh5nJQEKh1Iv_OKcD4rC7zdQPyZW7sH0STW939xgsOZIqjxkvrgiZ-nZs4PVDGle1yRrZDEpogwr&_nc_zt=14&_nc_ht=scontent.fblr20-2.fna&_nc_gid=9v3J4Z6r9Y7OxrdQ0C9hYQ&_nc_ss=7f289&oh=00_AQDtkBMydgh3m9bK60Vs2okE6IeFJw5qblCLg5M1Cjk1_A&oe=6A58C546,2026-07-16T11:12:59.000Z,2026-07-12,https://pub-893b4a6a607b4221a894bf861da7914e.r2.dev/25537890735891271.mp4
247,221,English Seekho,565574549966663,English Seekho App,,IN,1792594538762166,https://www.facebook.com/ads/library/?id=1792594538762166,2026-07-10,,false,false,1,0,,2026-07-10,,Fluent English bolne ka sirf ek raasta – Daily practice on English Seekho App. Start now!,English Communication strong karo aur confidence badhao,Install now,http://play.google.com/store/apps/details?id=com.bolo.android,"Facebook,Instagram,Audience Network,Messenger,Threads",Fluent English bolne ka sirf ek raasta – Daily practice on English Seekho App. Start now!,English Communication strong karo aur confidence badhao,Install now,http://play.google.com/store/apps/details?id=com.bolo.android,Video,"Facebook,Instagram,Audience Network,Messenger,Threads",1,0,9:16,https://video.fblr20-2.fna.fbcdn.net/o1/v/t2/f2/m366/AQOcFrSSUK-mfVUuLTOHHhYz7PpKTLC_Nuo1dAleElnqxft9V2kpn79Yz5bgVCVEAYlfKNw6w0rLmlD5Ke5balPPaYInN0HomiWN21nIUy2YmQ.mp4?_nc_cat=102&_nc_oc=AdrwhtrhVWdgKX96u9yVm4IwvKyCp-_VfnCPWi2C-m1eXQIIe5vPrJYLfTZ_hS-riaxzwCwvYqSwOLs9P_vjxuUO&_nc_sid=b66105&_nc_ht=video.fblr20-2.fna.fbcdn.net&_nc_ohc=aRwQJNe8kqAQ7kNvwH7W1SM&efg=eyJ2ZW5jb2RlX3RhZyI6Inhwdl9wcm9ncmVzc2l2ZS5WSV9VU0VDQVNFX1BST0RVQ1RfVFlQRS4uQzMuNzIwLmRhc2hfaDI2NC1iYXNpYy1nZW4yXzcyMHAiLCJ4cHZfYXNzZXRfaWQiOjEzNDY5ODg0ODM0ODUwODksImFzc2V0X2FnZV9kYXlzIjoyLCJ2aV91c2VjYXNlX2lkIjoxMDEzOSwiZHVyYXRpb25fcyI6NzEsIndhdGNoX3RpbWVfcyI6MjM0MjcsInVybGdlbl9zb3VyY2UiOiJ3d3cifQ%3D%3D&ccb=17-1&vs=f581754faa2d6859&_nc_vs=HBksFQIYRWZiX2VwaGVtZXJhbC8wNTQ2MkQ0ODJBOUI2OTcyNzVFOUZFQ0E4MDFCNEE4Rl9tdF8xX3ZpZGVvX2Rhc2hpbml0Lm1wNBUAAsgBEgAVAhhAZmJfcGVybWFuZW50L0U4NDBDQzkwNTY1QkJBNTBGREMzMjVDOTcxRDk1MzhBX2F1ZGlvX2Rhc2hpbml0Lm1wNBUCAsgBEgAoABgAGwKIB3VzZV9vaWwBMRJwcm9ncmVzc2l2ZV9yZWNpcGUBMRUAACbC9pihhsXkBBUCKAJDMywXQFHmZmZmZmYYGWRhc2hfaDI2NC1iYXNpYy1nZW4yXzcyMHARAHUAZbaeAQA&_nc_gid=9v3J4Z6r9Y7OxrdQ0C9hYQ&_nc_ss=7f289&_nc_zt=28&oh=00_AQBXqUeb0dydqLoa7g634RX1-KnTaf86fTc55itA0dA5jQ&oe=6A58BE52,https://scontent.fblr20-3.fna.fbcdn.net/v/t39.35426-6/741395621_1399439095413583_8084076328932291236_n.jpg?_nc_cat=100&ccb=1-7&_nc_sid=c53f8f&_nc_ohc=9EWHQaX3O8wQ7kNvwGADFJN&_nc_oc=AdpPBpbifTDE6TnMlHLUKlZmSjjkr-nGcCsh0O__xGzZp_mvx2SMM_fuMHKf7rQwOM6r_FP_RgDhrWUOkeW9FC_w&_nc_zt=14&_nc_ht=scontent.fblr20-3.fna&_nc_gid=9v3J4Z6r9Y7OxrdQ0C9hYQ&_nc_ss=7f289&oh=00_AQBEgiUeasRk1I7E3rM4cNOHSzcYPOLIdZu5Bd1Y6ttKtw&oe=6A58B4CB,2026-07-16T11:19:46.000Z,2026-07-12,https://pub-893b4a6a607b4221a894bf861da7914e.r2.dev/1792594538762166.mp4
248,222,English Seekho,565574549966663,English Seekho App,,IN,1054948106795031,https://www.facebook.com/ads/library/?id=1054948106795031,2026-01-22,,false,false,1,0,,2026-01-22,,Fluent English bolne ka sirf ek raasta – Daily practice on English Seekho App. Start now!,English Communication strong karo aur confidence badhao,Install now,http://play.google.com/store/apps/details?id=com.bolo.android,"Facebook,Instagram,Audience Network,Messenger,Threads",Fluent English bolne ka sirf ek raasta – Daily practice on English Seekho App. Start now!,English Communication strong karo aur confidence badhao,Install now,http://play.google.com/store/apps/details?id=com.bolo.android,Video,"Facebook,Instagram,Audience Network,Messenger,Threads",1,0,9:16,https://video.fblr20-2.fna.fbcdn.net/o1/v/t2/f2/m366/AQP8jnKURkNWMelvy_BidTx3TKOLQvFWifre5lqt5DQOjzo71fqMCs6fI4zN1FhXmBAztuCJg8HrdMY0U45mSzrINex0J7xMXToxqZRl9_kNSQ.mp4?_nc_cat=111&_nc_oc=AdrGxq-LlP7JxnpE9wjL44JYhubEvt9sLB-B_nyEhP-rsiSnu_hrdxm_dT7c3iW96gu4cn5HLRFYailFQdiXnLq-&_nc_sid=b66105&_nc_ht=video.fblr20-2.fna.fbcdn.net&_nc_ohc=FMnh2c-l44YQ7kNvwF3irNa&efg=eyJ2ZW5jb2RlX3RhZyI6Inhwdl9wcm9ncmVzc2l2ZS5WSV9VU0VDQVNFX1BST0RVQ1RfVFlQRS4uQzMuNzIwLmRhc2hfaDI2NC1iYXNpYy1nZW4yXzcyMHAiLCJ4cHZfYXNzZXRfaWQiOjkxNzExOTg2NzY0MjEzMiwiYXNzZXRfYWdlX2RheXMiOjE4NSwidmlfdXNlY2FzZV9pZCI6MTAxMzksImR1cmF0aW9uX3MiOjE0OSwid2F0Y2hfdGltZV9zIjoxMDksInVybGdlbl9zb3VyY2UiOiJ3d3cifQ%3D%3D&ccb=17-1&vs=842b21e740fba6ae&_nc_vs=HBksFQIYRWZiX2VwaGVtZXJhbC81QTQyNzcyOTM2RDM5NThDMEJBMDQ0OTQ5MDFBOUZBRF9tdF8xX3ZpZGVvX2Rhc2hpbml0Lm1wNBUAAsgBEgAVAhhAZmJfcGVybWFuZW50LzA4NEREMEU5NzMzMjY3NUU4RjI0OTNBOTk0RjI1NEExX2F1ZGlvX2Rhc2hpbml0Lm1wNBUCAsgBEgAoABgAGwKIB3VzZV9vaWwBMRJwcm9ncmVzc2l2ZV9yZWNpcGUBMRUAACaohOu-s4ehAxUCKAJDMywXQGK0QYk3S8cYGWRhc2hfaDI2NC1iYXNpYy1nZW4yXzcyMHARAHUAZbaeAQA&_nc_gid=9v3J4Z6r9Y7OxrdQ0C9hYQ&_nc_ss=7f289&_nc_zt=28&oh=00_AQDzaAHocfN8GXW4uKaJWA_nd-TM4csGanMlYoeN4ra9xA&oe=6A58B039,https://scontent.fblr20-5.fna.fbcdn.net/v/t39.35426-6/617874681_1805142984222293_5007329277650523728_n.jpg?_nc_cat=107&ccb=1-7&_nc_sid=c53f8f&_nc_ohc=Gw6UBoW2vyUQ7kNvwH_Mzor&_nc_oc=AdofJ4dcQcS57bgOnMlo1ek6HDizBIQEyGatQi9PeijVpbX89eyDqej0AbkMyMAdb-xpTcrJqSWpDt0OUCxicghR&_nc_zt=14&_nc_ht=scontent.fblr20-5.fna&_nc_gid=9v3J4Z6r9Y7OxrdQ0C9hYQ&_nc_ss=7f289&oh=00_AQANgFSPs8zW4sV5BoGzXl2lFPPz9Shy6iklKW-TSIGYPw&oe=6A589ED0,2026-07-16T10:19:37.000Z,2026-07-12,https://pub-893b4a6a607b4221a894bf861da7914e.r2.dev/1054948106795031.mp4
249,223,English Seekho,565574549966663,English Seekho App,,IN,2236055533874211,https://www.facebook.com/ads/library/?id=2236055533874211,2026-07-10,,false,false,1,0,,2026-07-10,,Fluent English bolne ka sirf ek raasta – Daily practice on English Seekho App. Start now!,English Communication strong karo aur confidence badhao,Install now,http://play.google.com/store/apps/details?id=com.bolo.android,"Facebook,Instagram,Audience Network,Messenger,Threads",Fluent English bolne ka sirf ek raasta – Daily practice on English Seekho App. Start now!,English Communication strong karo aur confidence badhao,Install now,http://play.google.com/store/apps/details?id=com.bolo.android,Video,"Facebook,Instagram,Audience Network,Messenger,Threads",1,0,9:16,https://video.fblr20-2.fna.fbcdn.net/o1/v/t2/f2/m366/AQNyt-4j9KFrVZVqWBjVXhPCasXBnDsyVDMEhbg6lHb2caTq8rZvZ0-DtchR_uOK3-BGY8jXrUzw3AMGbfQH83mNGz5XZ0rcW1ez8DUma-58XQ.mp4?_nc_cat=104&_nc_oc=AdrfQu6VIhU-Z29Q4Lp4fugvHNa3lDtReFa-c1OUjQtWdMLOqVcIC1Hs0iM4zRGwsgAkI7wB0Ecv3lGi9TcbFc6A&_nc_sid=b66105&_nc_ht=video.fblr20-2.fna.fbcdn.net&_nc_ohc=fc_4nVtqYjAQ7kNvwH-BOSZ&efg=eyJ2ZW5jb2RlX3RhZyI6Inhwdl9wcm9ncmVzc2l2ZS5WSV9VU0VDQVNFX1BST0RVQ1RfVFlQRS4uQzMuNzIwLmRhc2hfaDI2NC1iYXNpYy1nZW4yXzcyMHAiLCJ4cHZfYXNzZXRfaWQiOjE1MTY4MDg1NjMwMDQxNzQsImFzc2V0X2FnZV9kYXlzIjoyLCJ2aV91c2VjYXNlX2lkIjoxMDEzOSwiZHVyYXRpb25fcyI6MTIyLCJ1cmxnZW5fc291cmNlIjoid3d3In0%3D&ccb=17-1&vs=3060ef28b92554d2&_nc_vs=HBksFQIYRWZiX2VwaGVtZXJhbC9CMTRGNDM2NzkwMzgyRTUyMUMyOTdERDYwRTc2RTQ5OV9tdF8xX3ZpZGVvX2Rhc2hpbml0Lm1wNBUAAsgBEgAVAhhAZmJfcGVybWFuZW50LzIzNDk3MUVEMDlERUVGMjQ3QzM4MzY4QzlEODc5MEE2X2F1ZGlvX2Rhc2hpbml0Lm1wNBUCAsgBEgAoABgAGwKIB3VzZV9vaWwBMRJwcm9ncmVzc2l2ZV9yZWNpcGUBMRUAACaczLi58OGxBRUCKAJDMywXQF64AAAAAAAYGWRhc2hfaDI2NC1iYXNpYy1nZW4yXzcyMHARAHUAZbaeAQA&_nc_gid=2jRBwReDJT1yMLCIaSZlMg&_nc_ss=7f289&_nc_zt=28&oh=00_AQD_VMslovWgc0FVNNo_e72hhRbpzxIQ7JKWQxNtE82zLg&oe=6A58AAEC,https://scontent.fblr20-1.fna.fbcdn.net/v/t39.35426-6/742667929_1058988976550577_1125532811798764142_n.jpg?_nc_cat=108&ccb=1-7&_nc_sid=c53f8f&_nc_ohc=t2RQ4_Hjhm8Q7kNvwFJp8DI&_nc_oc=AdoKSXSZKKqRSuHZI5gWEtao3ajsbuxrRL47ehMguK3HkTr6N17zryhVS8vbksrpxkFgNfbyqXyWjJSwP4VsqxiL&_nc_zt=14&_nc_ht=scontent.fblr20-1.fna&_nc_gid=2jRBwReDJT1yMLCIaSZlMg&_nc_ss=7f289&oh=00_AQBhmFKnOE4Htj4JdORTX_rjjqHn77qv9LFwHLef3Kpg_Q&oe=6A58BC2D,2026-07-16T09:57:00.000Z,2026-07-12,https://pub-893b4a6a607b4221a894bf861da7914e.r2.dev/2236055533874211.mp4
250,224,English Seekho,565574549966663,English Seekho App,,IN,1442957451208825,https://www.facebook.com/ads/library/?id=1442957451208825,2026-07-08,,false,false,1,0,,2026-07-08,,Fluent English bolne ka sirf ek raasta – Daily practice on English Seekho App. Start now!,English Communication strong karo aur confidence badhao,Install now,http://play.google.com/store/apps/details?id=com.bolo.android,"Facebook,Instagram,Audience Network,Messenger,Threads",Fluent English bolne ka sirf ek raasta – Daily practice on English Seekho App. Start now!,English Communication strong karo aur confidence badhao,Install now,http://play.google.com/store/apps/details?id=com.bolo.android,Video,"Facebook,Instagram,Audience Network,Messenger,Threads",1,0,9:16,https://video.fblr20-1.fna.fbcdn.net/o1/v/t2/f2/m366/AQOAfgR3UmJBW9WUwhfrKFOkvzk8x53ERVFwCLBLpwBgDXDwjfhg72DlcD4CfkT4OFNskT_00Ax93RsjKHggmaeTtoOPpDLUqlqxxmcy5jk1cQ.mp4?_nc_cat=110&_nc_oc=Adr2Ri6Qcuxhp64-q4ifgdRQZhjojicVXswukRkIvnak4ru7gikWdq8CTD2X4GBlHat5C_HMrNcN9lKwV6JHlJ8f&_nc_sid=b66105&_nc_ht=video.fblr20-1.fna.fbcdn.net&_nc_ohc=X58u1pNetmsQ7kNvwE_XXfT&efg=eyJ2ZW5jb2RlX3RhZyI6Inhwdl9wcm9ncmVzc2l2ZS5WSV9VU0VDQVNFX1BST0RVQ1RfVFlQRS4uQzMuNzIwLmRhc2hfaDI2NC1iYXNpYy1nZW4yXzcyMHAiLCJ4cHZfYXNzZXRfaWQiOjEyODU3ODQ4NjAwMzk2NDUsImFzc2V0X2FnZV9kYXlzIjo5LCJ2aV91c2VjYXNlX2lkIjoxMDc5OSwiZHVyYXRpb25fcyI6MTA1LCJ1cmxnZW5fc291cmNlIjoid3d3In0%3D&ccb=17-1&vs=69061146a05da87f&_nc_vs=HBksFQIYRWZiX2VwaGVtZXJhbC85ODQ1Mzg4OTdFNTMxQUM5NjQzRTBCMDU5RjE1QjI4Nl9tdF8xX3ZpZGVvX2Rhc2hpbml0Lm1wNBUAAsgBEgAVAhhAZmJfcGVybWFuZW50L0RDNDk0QTcxM0JEMjJCNjUxMDgyNjg1Q0E3RUU3NkEyX2F1ZGlvX2Rhc2hpbml0Lm1wNBUCAsgBEgAoABgAGwKIB3VzZV9vaWwBMRJwcm9ncmVzc2l2ZV9yZWNpcGUBMRUAACa657jdw9rIBBUCKAJDMywXQFpPO2RaHKwYGWRhc2hfaDI2NC1iYXNpYy1nZW4yXzcyMHARAHUAZd6oAQA&_nc_gid=2jRBwReDJT1yMLCIaSZlMg&_nc_ss=7f289&_nc_zt=28&oh=00_AQAfURLorx_KhRNmOOJRodjkKo0GKiW-APEU6Zscbj-AgQ&oe=6A58C4F2,https://scontent.fblr20-1.fna.fbcdn.net/v/t39.35426-6/741249022_2246363009469321_3789687472588961824_n.jpg?_nc_cat=110&ccb=1-7&_nc_sid=c53f8f&_nc_ohc=TR_3E3SoiskQ7kNvwGWqDwk&_nc_oc=Adpl9aNomNuowSnm0pkQ8bj_mRfEqX7gXQe1TZ2i4w0xaDm5MFXcVjhIDSynBjYBm1OAjt4rY5K3kf26cpg3YDVg&_nc_zt=14&_nc_ht=scontent.fblr20-1.fna&_nc_gid=2jRBwReDJT1yMLCIaSZlMg&_nc_ss=7f289&oh=00_AQDqvbIdH4L8TlFNXSmKVxTuIgpWshV2tLSZnQmDCsQLuQ&oe=6A58B215,2026-07-16T11:48:02.000Z,2026-07-12,https://pub-893b4a6a607b4221a894bf861da7914e.r2.dev/1442957451208825.mp4
251,225,English Seekho,565574549966663,English Seekho App,,IN,2068597417389739,https://www.facebook.com/ads/library/?id=2068597417389739,2026-07-10,,false,false,1,0,,2026-07-10,,Fluent English bolne ka sirf ek raasta – Daily practice on English Seekho App. Start now!,English Communication strong karo aur confidence badhao,Install now,http://play.google.com/store/apps/details?id=com.bolo.android,"Facebook,Instagram,Audience Network,Messenger,Threads",Fluent English bolne ka sirf ek raasta – Daily practice on English Seekho App. Start now!,English Communication strong karo aur confidence badhao,Install now,http://play.google.com/store/apps/details?id=com.bolo.android,Video,"Facebook,Instagram,Audience Network,Messenger,Threads",1,0,9:16,https://video.fblr20-3.fna.fbcdn.net/o1/v/t2/f2/m366/AQOKeCSMJ0wBFRk3IvkN5LXBGv8_LMDVtAwhoH6ghar6yN9zknD_eQ59VBUb5W58gnhObKZZuIWFQP2g9DvcqV-p1rH3TpFfDdTI9W8Vyui-Ow.mp4?_nc_cat=100&_nc_oc=Adob3wSp6RR38bnk-OKN_C6ohTkl23xD1vkHG-JHd78lY2ggw9NKvPVKhVEHoenIt0oyeeLbVqE0PoA9_G9ki68_&_nc_sid=b66105&_nc_ht=video.fblr20-3.fna.fbcdn.net&_nc_ohc=-zQWbqboH_AQ7kNvwEqr2Lr&efg=eyJ2ZW5jb2RlX3RhZyI6Inhwdl9wcm9ncmVzc2l2ZS5WSV9VU0VDQVNFX1BST0RVQ1RfVFlQRS4uQzMuNzIwLmRhc2hfaDI2NC1iYXNpYy1nZW4yXzcyMHAiLCJ4cHZfYXNzZXRfaWQiOjI0NTQ2NTk3NjE3MjMzNzksImFzc2V0X2FnZV9kYXlzIjoyLCJ2aV91c2VjYXNlX2lkIjoxMDEzOSwiZHVyYXRpb25fcyI6MTMyLCJ1cmxnZW5fc291cmNlIjoid3d3In0%3D&ccb=17-1&vs=edbb094a8d637dd2&_nc_vs=HBksFQIYRWZiX2VwaGVtZXJhbC9BMDRGMTcyMTQ1RjBCMkQ1MjEyNTE1QzMyNkI2RUU4NF9tdF8xX3ZpZGVvX2Rhc2hpbml0Lm1wNBUAAsgBEgAVAhhAZmJfcGVybWFuZW50LzI3NDdDRUUxQ0Y3REY3RjUzRTBFMDhFQUM3MThCMkEwX2F1ZGlvX2Rhc2hpbml0Lm1wNBUCAsgBEgAoABgAGwKIB3VzZV9vaWwBMRJwcm9ncmVzc2l2ZV9yZWNpcGUBMRUAACbm36KygKDcCBUCKAJDMywXQGCZmZmZmZoYGWRhc2hfaDI2NC1iYXNpYy1nZW4yXzcyMHARAHUAZbaeAQA&_nc_gid=2jRBwReDJT1yMLCIaSZlMg&_nc_ss=7f289&_nc_zt=28&oh=00_AQBJoOX_honhvf5SnlZmQB-MFyCfEoNCMvDga2QkvTtDxw&oe=6A58BE00,https://scontent.fblr20-3.fna.fbcdn.net/v/t39.35426-6/743305897_2098557657756030_3133800442235158952_n.jpg?_nc_cat=109&ccb=1-7&_nc_sid=c53f8f&_nc_ohc=OlfFJXNQIdoQ7kNvwGLeJB-&_nc_oc=AdqJUjuBiSc1GAAwvGYkrItJWptz3OB3ffTmJQL7PcCt2Asx5fS2IVCG6He5HyDlIRaclqMwvfX_HkBvbiRJ6rpW&_nc_zt=14&_nc_ht=scontent.fblr20-3.fna&_nc_gid=2jRBwReDJT1yMLCIaSZlMg&_nc_ss=7f289&oh=00_AQC1NIF3NK6j6jqyE5Ilh0VkQYfuY5Wb0iB1s9XEtqlyVw&oe=6A58B6FA,2026-07-16T11:18:24.000Z,2026-07-12,https://pub-893b4a6a607b4221a894bf861da7914e.r2.dev/2068597417389739.mp4
252,226,English Seekho,565574549966663,English Seekho App,,IN,890589943792591,https://www.facebook.com/ads/library/?id=890589943792591,2026-01-22,,false,false,1,0,,2026-01-22,,Fluent English bolne ka sirf ek raasta – Daily practice on English Seekho App. Start now!,English Communication strong karo aur confidence badhao,Install now,http://play.google.com/store/apps/details?id=com.bolo.android,"Facebook,Instagram,Audience Network,Messenger,Threads",Fluent English bolne ka sirf ek raasta – Daily practice on English Seekho App. Start now!,English Communication strong karo aur confidence badhao,Install now,http://play.google.com/store/apps/details?id=com.bolo.android,Video,"Facebook,Instagram,Audience Network,Messenger,Threads",1,0,9:16,https://video.fblr20-4.fna.fbcdn.net/o1/v/t2/f2/m366/AQMKmLb7o3UELtoFAoc5zPIbkB-hP-SnTVR2QsSolnGLzjibZJcsC-M09Ov8HMWXFfXdKNGAZTAd9u6wGW3cBDuQidpwRrVafazXE_JDuy6Usw.mp4?_nc_cat=103&_nc_oc=AdqCo1SK4hyXdjYN53rgA6KD7os9Wix5KK9B-94nIF_V0hgjBi9O6_xotVYypuSvrWh9nj4Z7egyk14Tt2yPQzXs&_nc_sid=b66105&_nc_ht=video.fblr20-4.fna.fbcdn.net&_nc_ohc=zGVCUuNVKXIQ7kNvwH_QJJ_&efg=eyJ2ZW5jb2RlX3RhZyI6Inhwdl9wcm9ncmVzc2l2ZS5WSV9VU0VDQVNFX1BST0RVQ1RfVFlQRS4uQzMuNzIwLmRhc2hfaDI2NC1iYXNpYy1nZW4yXzcyMHAiLCJ4cHZfYXNzZXRfaWQiOjE0OTA4MjIwNTI2NDY4OTcsImFzc2V0X2FnZV9kYXlzIjoyMDgsInZpX3VzZWNhc2VfaWQiOjEwMTM5LCJkdXJhdGlvbl9zIjozNSwidXJsZ2VuX3NvdXJjZSI6Ind3dyJ9&ccb=17-1&vs=bfc91ba9af59ad81&_nc_vs=HBksFQIYRWZiX2VwaGVtZXJhbC9EMTQyRThEODAxQUJGMzcxQzI0RTk1NjQxRkIyQUQ5RF9tdF8xX3ZpZGVvX2Rhc2hpbml0Lm1wNBUAAsgBEgAVAhhAZmJfcGVybWFuZW50LzA4NDkwRTg5RDNGODRERjgzMzRFMTg2QUExMDM2RUI2X2F1ZGlvX2Rhc2hpbml0Lm1wNBUCAsgBEgAoABgAGwKIB3VzZV9vaWwBMRJwcm9ncmVzc2l2ZV9yZWNpcGUBMRUAACbiv_jtofmlBRUCKAJDMywXQEGVP3ztkWgYGWRhc2hfaDI2NC1iYXNpYy1nZW4yXzcyMHARAHUAZbaeAQA&_nc_gid=2jRBwReDJT1yMLCIaSZlMg&_nc_ss=7f289&_nc_zt=28&oh=00_AQBqVpUjWu2DB9BnsO1JyZPSgV385foRM9Q2pqFTcQiPQQ&oe=6A58C5F5,https://scontent.fblr20-3.fna.fbcdn.net/v/t39.35426-6/618175678_1603318684183287_8192705640373430769_n.jpg?_nc_cat=100&ccb=1-7&_nc_sid=c53f8f&_nc_ohc=0rJa1eZswpEQ7kNvwGr1NKx&_nc_oc=Adp1DGrtByfpneCtaDAC0EvDW81IVVwmBaG-TU-h3jigo-Ya2foC32p4aJE5ZmvcNa7q3UUyrxoPiwjZec63ChhA&_nc_zt=14&_nc_ht=scontent.fblr20-3.fna&_nc_gid=2jRBwReDJT1yMLCIaSZlMg&_nc_ss=7f289&oh=00_AQCq3nWXs0poSKuvGm7WRm84q9igFga0M-g9uVw0SrQZxA&oe=6A58A912,2026-07-16T11:52:21.000Z,2026-07-12,https://pub-893b4a6a607b4221a894bf861da7914e.r2.dev/890589943792591.mp4
253,227,English Seekho,565574549966663,English Seekho App,,IN,1495786361811102,https://www.facebook.com/ads/library/?id=1495786361811102,2026-07-08,,false,false,1,0,,2026-07-08,,Fluent English bolne ka sirf ek raasta – Daily practice on English Seekho App. Start now!,English Communication strong karo aur confidence badhao,Install now,http://play.google.com/store/apps/details?id=com.bolo.android,"Facebook,Instagram,Audience Network,Messenger,Threads",Fluent English bolne ka sirf ek raasta – Daily practice on English Seekho App. Start now!,English Communication strong karo aur confidence badhao,Install now,http://play.google.com/store/apps/details?id=com.bolo.android,Video,"Facebook,Instagram,Audience Network,Messenger,Threads",1,0,9:16,https://video.fblr20-4.fna.fbcdn.net/o1/v/t2/f2/m366/AQOp0NPyWEW37XrsrYmM1XA9uQ-iII1Oh9mgnWoG7AcFicQvsoJdchNXV9ZgOVfVN84oTtKIC7OTZ_W_A5hogJJxwIV6yYEocUSs2dwHSdN7TA.mp4?_nc_cat=106&_nc_oc=AdqOtjlvpTZ6YkXeaVgetTWRWf0NxhOnZvZVZWt6garx-i1ovzvTEhPxtSThxRo9WSsLH5BfhoCxVpkdQh5wX2MY&_nc_sid=b66105&_nc_ht=video.fblr20-4.fna.fbcdn.net&_nc_ohc=cTaDTtwG96YQ7kNvwH6vx1v&efg=eyJ2ZW5jb2RlX3RhZyI6Inhwdl9wcm9ncmVzc2l2ZS5WSV9VU0VDQVNFX1BST0RVQ1RfVFlQRS4uQzMuNzIwLmRhc2hfaDI2NC1iYXNpYy1nZW4yXzcyMHAiLCJ4cHZfYXNzZXRfaWQiOjE1MDM2NzY2NTgxMDYxMDMsImFzc2V0X2FnZV9kYXlzIjo5LCJ2aV91c2VjYXNlX2lkIjoxMDc5OSwiZHVyYXRpb25fcyI6NTQsInVybGdlbl9zb3VyY2UiOiJ3d3cifQ%3D%3D&ccb=17-1&vs=c62776aaa4bff6e0&_nc_vs=HBksFQIYRWZiX2VwaGVtZXJhbC9DQTQzQTk1NTlDRTE5ODM3QzE4NDFGMzNEQ0QxMjJCOV9tdF8xX3ZpZGVvX2Rhc2hpbml0Lm1wNBUAAsgBEgAVAhhAZmJfcGVybWFuZW50L0IwNDcyOEZEOUM4MTg4QTY3NUYxRTlFRDI3RTVGNjgyX2F1ZGlvX2Rhc2hpbml0Lm1wNBUCAsgBEgAoABgAGwKIB3VzZV9vaWwBMRJwcm9ncmVzc2l2ZV9yZWNpcGUBMRUAACbu-4GRwOWrBRUCKAJDMywXQEtRBiTdLxsYGWRhc2hfaDI2NC1iYXNpYy1nZW4yXzcyMHARAHUAZd6oAQA&_nc_gid=2jRBwReDJT1yMLCIaSZlMg&_nc_ss=7f289&_nc_zt=28&oh=00_AQD6IlaF9PJ_0-YzYxE8Kk2HU6v5V2WxGCaSDzlFVCXXEg&oe=6A58AF36,https://scontent.fblr20-2.fna.fbcdn.net/v/t39.35426-6/741209922_2297244164013586_7148680605025834963_n.jpg?_nc_cat=102&ccb=1-7&_nc_sid=c53f8f&_nc_ohc=K3NiDdOJ6YUQ7kNvwGJakfc&_nc_oc=AdrUaNAIfk5CrnA1LXq_yA0HdjWxn331Dy2zIM8F1jsVoD5IK6tnU_IUJw852D0lIDZ572VGjGe8u37TRfUxeoJO&_nc_zt=14&_nc_ht=scontent.fblr20-2.fna&_nc_gid=2jRBwReDJT1yMLCIaSZlMg&_nc_ss=7f289&oh=00_AQCm5I0ccEfgy8YsQc7Xt6d3Llh-JKPaBSTvSEQDsgvTVg&oe=6A58BA15,2026-07-16T10:15:18.000Z,2026-07-12,https://pub-893b4a6a607b4221a894bf861da7914e.r2.dev/1495786361811102.mp4
254,228,English Seekho,565574549966663,English Seekho App,,IN,3887006608101122,https://www.facebook.com/ads/library/?id=3887006608101122,2026-06-18,,false,false,1,0,,2026-06-18,,Fluent English bolne ka sirf ek raasta – Daily practice on English Seekho App. Start now!,English Communication strong karo aur confidence badhao,Install now,http://play.google.com/store/apps/details?id=com.bolo.android,"Facebook,Instagram,Audience Network,Messenger,Threads",Fluent English bolne ka sirf ek raasta – Daily practice on English Seekho App. Start now!,English Communication strong karo aur confidence badhao,Install now,http://play.google.com/store/apps/details?id=com.bolo.android,Video,"Facebook,Instagram,Audience Network,Messenger,Threads",1,0,9:16,https://video.fblr20-4.fna.fbcdn.net/o1/v/t2/f2/m366/AQPOMOg9siHnwd9-1Kwdu8uC4OY-riH4RVwGHU_q0eWXzd_XMSltXTHrd_mXHMQ_XPoMDY5LdYpnhGTLxvzeRxtU2wgwo2KXV3Q8w19Y3n5b3Q.mp4?_nc_cat=106&_nc_oc=Adq_bZPeW9gLSbyiXZAJ-gE2D_9aZIDclyeUI5BbtIepWj6RdZ0Nl7AzfyOWrHW0Ok7YFHuYOr3TUYtvOftFrkOx&_nc_sid=b66105&_nc_ht=video.fblr20-4.fna.fbcdn.net&_nc_ohc=Grqp2ImNY_wQ7kNvwEB4AQx&efg=eyJ2ZW5jb2RlX3RhZyI6Inhwdl9wcm9ncmVzc2l2ZS5WSV9VU0VDQVNFX1BST0RVQ1RfVFlQRS4uQzMuNzIwLmRhc2hfaDI2NC1iYXNpYy1nZW4yXzcyMHAiLCJ4cHZfYXNzZXRfaWQiOjEyMzI2NTcxNzIzNTYwOTYsImFzc2V0X2FnZV9kYXlzIjoxMjEsInZpX3VzZWNhc2VfaWQiOjEwMTM5LCJkdXJhdGlvbl9zIjoxODIsInVybGdlbl9zb3VyY2UiOiJ3d3cifQ%3D%3D&ccb=17-1&vs=9486e07e0de78e7a&_nc_vs=HBksFQIYRWZiX2VwaGVtZXJhbC8zNzQ4NzExMDA2NDgyMDZDQkVDQjAzQTAzNDgyRTI4OV9tdF8xX3ZpZGVvX2Rhc2hpbml0Lm1wNBUAAsgBEgAVAhhAZmJfcGVybWFuZW50L0Y0NEI4MTBCQUJERkRCNjU4RDZDNzMxNkU4MTkwOEFGX2F1ZGlvX2Rhc2hpbml0Lm1wNBUCAsgBEgAoABgAGwKIB3VzZV9vaWwBMRJwcm9ncmVzc2l2ZV9yZWNpcGUBMRUAACaA8JrOi8awBBUCKAJDMywXQGbczMzMzM0YGWRhc2hfaDI2NC1iYXNpYy1nZW4yXzcyMHARAHUAZbaeAQA&_nc_gid=2jRBwReDJT1yMLCIaSZlMg&_nc_ss=7f289&_nc_zt=28&oh=00_AQD_BkaDNwNqjxfq1R46s-8DwK7CJlbHQr8DfOwSOnNiKg&oe=6A58A70A,https://scontent.fblr20-5.fna.fbcdn.net/v/t39.35426-6/657895570_1091543903190222_6143640951000725760_n.jpg?_nc_cat=107&ccb=1-7&_nc_sid=c53f8f&_nc_ohc=sv9MSmjuxyAQ7kNvwHiZww4&_nc_oc=AdpjQFNjnQrCQTXK6kCWiPRqF9benFsGrylmWs0wVjI_pwhh29CHF3rpCQXnN_xpUhTBpcjT5lbgW8-KKxNMYdEk&_nc_zt=14&_nc_ht=scontent.fblr20-5.fna&_nc_gid=2jRBwReDJT1yMLCIaSZlMg&_nc_ss=7f289&oh=00_AQBOgcnGs91frqCfxtOJjPMTV3lF63frJGXCJDWmMRjAzQ&oe=6A58A8FC,2026-07-16T09:40:26.000Z,2026-07-12,https://pub-893b4a6a607b4221a894bf861da7914e.r2.dev/3887006608101122.mp4
255,229,English Seekho,565574549966663,English Seekho App,,IN,869075896276450,https://www.facebook.com/ads/library/?id=869075896276450,2026-07-10,,false,false,1,0,,2026-07-10,,Fluent English bolne ka sirf ek raasta – Daily practice on English Seekho App. Start now!,English Communication strong karo aur confidence badhao,Install now,http://play.google.com/store/apps/details?id=com.bolo.android,"Facebook,Instagram,Audience Network,Messenger,Threads",Fluent English bolne ka sirf ek raasta – Daily practice on English Seekho App. Start now!,English Communication strong karo aur confidence badhao,Install now,http://play.google.com/store/apps/details?id=com.bolo.android,Video,"Facebook,Instagram,Audience Network,Messenger,Threads",1,0,9:16,https://video.fblr20-1.fna.fbcdn.net/o1/v/t2/f2/m366/AQP8CH_GqtYxTT-Be6QrEBPiEAf76vsPRBvQMra9ELuBAZCurU9gcUnlbVjuFvOYpPV2i-ON5c-vmqDot3eF95O1BJ6q9xzacMnnKn1_9p6_yw.mp4?_nc_cat=108&_nc_oc=AdpWAwo-p6BWKoIGMyLb_YOxcpPvTaUQj9dMZBXTzUY9yAM34F3_kRoSl4i30tJs5gSBIft1IjM8Alu6eUrg0chu&_nc_sid=b66105&_nc_ht=video.fblr20-1.fna.fbcdn.net&_nc_ohc=SHQjR4l0YisQ7kNvwGhStdL&efg=eyJ2ZW5jb2RlX3RhZyI6Inhwdl9wcm9ncmVzc2l2ZS5WSV9VU0VDQVNFX1BST0RVQ1RfVFlQRS4uQzMuNzIwLmRhc2hfaDI2NC1iYXNpYy1nZW4yXzcyMHAiLCJ4cHZfYXNzZXRfaWQiOjI1MjE4NjAyODQ5ODU2MjcsImFzc2V0X2FnZV9kYXlzIjoyLCJ2aV91c2VjYXNlX2lkIjoxMDEzOSwiZHVyYXRpb25fcyI6OTUsInVybGdlbl9zb3VyY2UiOiJ3d3cifQ%3D%3D&ccb=17-1&vs=ec8ce6d47b29975c&_nc_vs=HBksFQIYRWZiX2VwaGVtZXJhbC9FNDQ3QTg2ODZFNUEyNzgxNTk0NkNBMUIwRThFMjdCM19tdF8xX3ZpZGVvX2Rhc2hpbml0Lm1wNBUAAsgBEgAVAhhAZmJfcGVybWFuZW50LzM0NDAwRjcwNDAyRkE3RTMwNjkyN0M2RkM5QTk4MkJDX2F1ZGlvX2Rhc2hpbml0Lm1wNBUCAsgBEgAoABgAGwKIB3VzZV9vaWwBMRJwcm9ncmVzc2l2ZV9yZWNpcGUBMRUAACa2xK2ny-f6CBUCKAJDMywXQFfbtkWhysEYGWRhc2hfaDI2NC1iYXNpYy1nZW4yXzcyMHARAHUAZbaeAQA&_nc_gid=2jRBwReDJT1yMLCIaSZlMg&_nc_ss=7f289&_nc_zt=28&oh=00_AQCWFZtw6ODWTVXBIq9TiAiXZ7U4ptsLundQVvEl6tLRtQ&oe=6A58CEE8,https://scontent.fblr20-2.fna.fbcdn.net/v/t39.35426-6/742031600_2059461104971792_7955187874386469571_n.jpg?_nc_cat=111&ccb=1-7&_nc_sid=c53f8f&_nc_ohc=vUadbZvcQ3EQ7kNvwF-bJEb&_nc_oc=AdqEm4RcxcYHw7reYb2psZIk849lLpZgrWy2tuV32WWS-KyJs0PYTdNOnFXXIVVkG5JMUNZ3rTE6_OUcm7pLUqCm&_nc_zt=14&_nc_ht=scontent.fblr20-2.fna&_nc_gid=2jRBwReDJT1yMLCIaSZlMg&_nc_ss=7f289&oh=00_AQC-ewXwND8k6-S6_0pfcGIxQsp6UZ___ulE0gKylD16dA&oe=6A58A947,2026-07-16T12:30:32.000Z,2026-07-12,https://pub-893b4a6a607b4221a894bf861da7914e.r2.dev/869075896276450.mp4
256,230,English Seekho,565574549966663,English Seekho App,,IN,1224227439081919,https://www.facebook.com/ads/library/?id=1224227439081919,2026-01-29,,false,false,1,0,,2026-01-29,,Fluent English bolne ka sirf ek raasta – Daily practice on English Seekho App. Start now!,English Communication strong karo aur confidence badhao,Install now,http://play.google.com/store/apps/details?id=com.bolo.android,"Facebook,Instagram,Audience Network,Messenger,Threads",Fluent English bolne ka sirf ek raasta – Daily practice on English Seekho App. Start now!,English Communication strong karo aur confidence badhao,Install now,http://play.google.com/store/apps/details?id=com.bolo.android,Video,"Facebook,Instagram,Audience Network,Messenger,Threads",1,0,9:16,https://video.fblr20-2.fna.fbcdn.net/o1/v/t2/f2/m366/AQNiyx2nayrCTBdbXGkrHVz7s_SuKPXpWTPsVB16rmY2IDriUcXHkuEOaSik22aESmur1dHyODnlWppPRmpl9FaPblWCyOlgxi0_VkfDSH4Khg.mp4?_nc_cat=111&_nc_oc=AdqVWbDPGnoib_r3lDGFPJYmU2WnImKRjkOOTqiaSMKJ96bnPjNS4z-Ul_UhUYX2c1Rh90QTmAxHelwCs2niN60h&_nc_sid=b66105&_nc_ht=video.fblr20-2.fna.fbcdn.net&_nc_ohc=YZKRav5HCQ0Q7kNvwHqIYcf&efg=eyJ2ZW5jb2RlX3RhZyI6Inhwdl9wcm9ncmVzc2l2ZS5WSV9VU0VDQVNFX1BST0RVQ1RfVFlQRS4uQzMuNzIwLmRhc2hfaDI2NC1iYXNpYy1nZW4yXzcyMHAiLCJ4cHZfYXNzZXRfaWQiOjg4ODkyMjE3MzY2NDc2MCwiYXNzZXRfYWdlX2RheXMiOjIxNywidmlfdXNlY2FzZV9pZCI6MTAxMzksImR1cmF0aW9uX3MiOjQ5LCJ1cmxnZW5fc291cmNlIjoid3d3In0%3D&ccb=17-1&vs=b10b8476c4f2fd92&_nc_vs=HBksFQIYRWZiX2VwaGVtZXJhbC9FRDQwMEEzQkFGM0IyMEU0MURCOTk4OEE4M0M1MDZCNl9tdF8xX3ZpZGVvX2Rhc2hpbml0Lm1wNBUAAsgBEgAVAhhAZmJfcGVybWFuZW50Lzg4NDY4ODQyRDBGNUEwMUE1RTRDQzg0MTQ1ODM2NThCX2F1ZGlvX2Rhc2hpbml0Lm1wNBUCAsgBEgAoABgAGwKIB3VzZV9vaWwBMRJwcm9ncmVzc2l2ZV9yZWNpcGUBMRUAACbwt6emip6UAxUCKAJDMywXQEjEOVgQYk4YGWRhc2hfaDI2NC1iYXNpYy1nZW4yXzcyMHARAHUAZbaeAQA&_nc_gid=2jRBwReDJT1yMLCIaSZlMg&_nc_ss=7f289&_nc_zt=28&oh=00_AQDm8gL2jCM78Sx6iud_p9uIYNafgkW9CVMVVSfB0OKR3g&oe=6A58AE39,https://scontent.fblr20-1.fna.fbcdn.net/v/t39.35426-6/618500732_2012233066001400_7051621616699596778_n.jpg?_nc_cat=110&ccb=1-7&_nc_sid=c53f8f&_nc_ohc=LDisg7NJuHkQ7kNvwGWw5YX&_nc_oc=Adpu_M8SPQhSAQJhgsXegG3EfRy1sBfoWWaCE-vDQNe6zjI9bizju4xbSVJV_VS-0jZm6Gyf0qeZBKij1v4rnepT&_nc_zt=14&_nc_ht=scontent.fblr20-1.fna&_nc_gid=2jRBwReDJT1yMLCIaSZlMg&_nc_ss=7f289&oh=00_AQDWCarY0TRY-x_Mqxah6KjoZXYZl6Y2DaR0R38-RoSo7A&oe=6A58BBF2,2026-07-16T10:11:05.000Z,2026-07-12,https://pub-893b4a6a607b4221a894bf861da7914e.r2.dev/1224227439081919.mp4
257,231,English Seekho,565574549966663,English Seekho App,,IN,874940122070171,https://www.facebook.com/ads/library/?id=874940122070171,2026-01-22,,false,false,1,0,,2026-01-22,,Fluent English bolne ka sirf ek raasta – Daily practice on English Seekho App. Start now!,English Communication strong karo aur confidence badhao,Install now,http://play.google.com/store/apps/details?id=com.bolo.android,"Facebook,Instagram,Audience Network,Messenger,Threads",Fluent English bolne ka sirf ek raasta – Daily practice on English Seekho App. Start now!,English Communication strong karo aur confidence badhao,Install now,http://play.google.com/store/apps/details?id=com.bolo.android,Video,"Facebook,Instagram,Audience Network,Messenger,Threads",1,0,9:16,https://video.fblr20-4.fna.fbcdn.net/o1/v/t2/f2/m366/AQN0JhmlUjl6GeWafxeY2elL0GpEq3YXMBFKPWSxPpRKsZOw1Fqex3A4zOCV7v4nWzWjY_XKar9_ybBrwIPIShI_TEbdTCd6aphkaNgI1E2uhg.mp4?_nc_cat=106&_nc_oc=AdrVPZPd0rZp5Wt98LxFAMnve_xmJAhtDxp5sj1cJoTiLLcVXZjX53gtlF5A5BzlqIqmIljMUjfRBWfptARWDKlT&_nc_sid=b66105&_nc_ht=video.fblr20-4.fna.fbcdn.net&_nc_ohc=sRwBemaM8eEQ7kNvwHRWeCM&efg=eyJ2ZW5jb2RlX3RhZyI6Inhwdl9wcm9ncmVzc2l2ZS5WSV9VU0VDQVNFX1BST0RVQ1RfVFlQRS4uQzMuNzIwLmRhc2hfaDI2NC1iYXNpYy1nZW4yXzcyMHAiLCJ4cHZfYXNzZXRfaWQiOjEzOTk5OTg1OTE4Njk3MDYsImFzc2V0X2FnZV9kYXlzIjoyMDgsInZpX3VzZWNhc2VfaWQiOjEwMTM5LCJkdXJhdGlvbl9zIjozNiwidXJsZ2VuX3NvdXJjZSI6Ind3dyJ9&ccb=17-1&vs=90618278341177ec&_nc_vs=HBksFQIYRWZiX2VwaGVtZXJhbC82NDRFRTNEODgxQkMwOEI0RDBGRUIzQjVCQkM1NkZBM19tdF8xX3ZpZGVvX2Rhc2hpbml0Lm1wNBUAAsgBEgAVAhhAZmJfcGVybWFuZW50L0E5NDk2NjY5QjI4QUQ5RjE1QjNFRDZFQkZDOUIxQTg5X2F1ZGlvX2Rhc2hpbml0Lm1wNBUCAsgBEgAoABgAGwKIB3VzZV9vaWwBMRJwcm9ncmVzc2l2ZV9yZWNpcGUBMRUAACaUjIms0tL8BBUCKAJDMywXQEJqn752yLQYGWRhc2hfaDI2NC1iYXNpYy1nZW4yXzcyMHARAHUAZbaeAQA&_nc_gid=2jRBwReDJT1yMLCIaSZlMg&_nc_ss=7f289&_nc_zt=28&oh=00_AQCNhiqYCZCqb1SnnuhqOH_aRvPAR_LN7KHV-2G8091k7w&oe=6A58A612,https://scontent.fblr20-3.fna.fbcdn.net/v/t39.35426-6/618254195_2332757633870012_6918912007518100902_n.jpg?_nc_cat=109&ccb=1-7&_nc_sid=c53f8f&_nc_ohc=sKonv81HNDIQ7kNvwEGuFso&_nc_oc=AdqfQzgvKOvpG9DGObdFD8qnhRVqVu-58tHeMC5fQtEteLK15RbAaKyb0iuKZco9n7tirND2riu0686Bc95kMD-y&_nc_zt=14&_nc_ht=scontent.fblr20-3.fna&_nc_gid=2jRBwReDJT1yMLCIaSZlMg&_nc_ss=7f289&oh=00_AQAMLxNTjVc2weXBL6hAEcdHICdVLW8YyEkaewm7uD7UOw&oe=6A58AEB1,2026-07-16T09:36:18.000Z,2026-07-12,https://pub-893b4a6a607b4221a894bf861da7914e.r2.dev/874940122070171.mp4
258,232,English Seekho,565574549966663,English Seekho App,,IN,1443928484425707,https://www.facebook.com/ads/library/?id=1443928484425707,2026-07-10,,false,false,1,0,,2026-07-10,,Fluent English bolne ka sirf ek raasta – Daily practice on English Seekho App. Start now!,English Communication strong karo aur confidence badhao,Install now,http://play.google.com/store/apps/details?id=com.bolo.android,"Facebook,Instagram,Audience Network,Messenger,Threads",Fluent English bolne ka sirf ek raasta – Daily practice on English Seekho App. Start now!,English Communication strong karo aur confidence badhao,Install now,http://play.google.com/store/apps/details?id=com.bolo.android,Video,"Facebook,Instagram,Audience Network,Messenger,Threads",1,0,9:16,https://video.fblr20-3.fna.fbcdn.net/o1/v/t2/f2/m366/AQPd0ruAmJQvwrtzwQfo3sozUyY0Srr_8k7UHhexERrsmdGUXknPqtBysMBgvP6uQzJiyCn3vLg6YSbjABzXKXSAYP5uoPDSaSgrGJJ_aTBGzw.mp4?_nc_cat=100&_nc_oc=Adpnn7TwAB4s6UpB_3ilhYbvlMRZWGobKfM4pWR24LHJB7YBYhvtyr39-17X9LtarA_KltSc4CciE5T2TUXiQYB5&_nc_sid=b66105&_nc_ht=video.fblr20-3.fna.fbcdn.net&_nc_ohc=QPSfeEr0HhcQ7kNvwGNVJsm&efg=eyJ2ZW5jb2RlX3RhZyI6Inhwdl9wcm9ncmVzc2l2ZS5WSV9VU0VDQVNFX1BST0RVQ1RfVFlQRS4uQzMuNzIwLmRhc2hfaDI2NC1iYXNpYy1nZW4yXzcyMHAiLCJ4cHZfYXNzZXRfaWQiOjE0MDY5MDYzMzQ3MDAwODgsImFzc2V0X2FnZV9kYXlzIjoyLCJ2aV91c2VjYXNlX2lkIjoxMDEzOSwiZHVyYXRpb25fcyI6NzksInVybGdlbl9zb3VyY2UiOiJ3d3cifQ%3D%3D&ccb=17-1&vs=96321f9e703bd60&_nc_vs=HBksFQIYRWZiX2VwaGVtZXJhbC81RjQ5NTQyNDlGMDEzRjg5NkExN0IxNDZGMzNGMDc5Ml9tdF8xX3ZpZGVvX2Rhc2hpbml0Lm1wNBUAAsgBEgAVAhhAZmJfcGVybWFuZW50LzBGNEM1QzU1QUI0NEFBQzIyMEUyMzA5RjYyQ0VCMThCX2F1ZGlvX2Rhc2hpbml0Lm1wNBUCAsgBEgAoABgAGwKIB3VzZV9vaWwBMRJwcm9ncmVzc2l2ZV9yZWNpcGUBMRUAACbwiP-E3eT_BBUCKAJDMywXQFPogxJul40YGWRhc2hfaDI2NC1iYXNpYy1nZW4yXzcyMHARAHUAZbaeAQA&_nc_gid=2jRBwReDJT1yMLCIaSZlMg&_nc_ss=7f289&_nc_zt=28&oh=00_AQA0XF_uRzfGovUdJsm5ieEtcLWajpCTO9N_ZwVGsc6W_A&oe=6A58CA50,https://scontent.fblr20-3.fna.fbcdn.net/v/t39.35426-6/743186287_1731380311201086_3243324831799301195_n.jpg?_nc_cat=109&ccb=1-7&_nc_sid=c53f8f&_nc_ohc=wkyjuYyspKgQ7kNvwG4fNEX&_nc_oc=Adr8dZ5ec--OGODSQoM5WYq_cHG4BBXYy7Ch5RfetKcKczVRoUJhTo1ymxvWqrgd0gNpPNoQdSLUMisWzwHRy5mk&_nc_zt=14&_nc_ht=scontent.fblr20-3.fna&_nc_gid=2jRBwReDJT1yMLCIaSZlMg&_nc_ss=7f289&oh=00_AQC4HjNMXAnuFH47ZYfTjdgPJwii3V1vXMxqVK4g6FSY3A&oe=6A58A3CB,2026-07-16T12:10:56.000Z,2026-07-12,https://pub-893b4a6a607b4221a894bf861da7914e.r2.dev/1443928484425707.mp4
259,233,English Seekho,565574549966663,English Seekho App,,IN,1398846682220930,https://www.facebook.com/ads/library/?id=1398846682220930,2026-07-10,,false,false,1,0,,2026-07-10,,Fluent English bolne ka sirf ek raasta – Daily practice on English Seekho App. Start now!,English Communication strong karo aur confidence badhao,Install now,http://play.google.com/store/apps/details?id=com.bolo.android,"Facebook,Instagram,Audience Network,Messenger,Threads",Fluent English bolne ka sirf ek raasta – Daily practice on English Seekho App. Start now!,English Communication strong karo aur confidence badhao,Install now,http://play.google.com/store/apps/details?id=com.bolo.android,Video,"Facebook,Instagram,Audience Network,Messenger,Threads",1,0,9:16,https://video.fblr20-4.fna.fbcdn.net/o1/v/t2/f2/m366/AQMCDO2duaYGwdz7hb21TS3LeRgchNFZcLt8jZ-Fs1IyUYGYtn_3SG5b-7KM2lsWSuPtBdhaXe4MVVswX3Fg1xwb5sYX44orhAdd2qcRO6LgwQ.mp4?_nc_cat=106&_nc_oc=AdrmZtqSXASWc6Er10DUpSSD9f67O-aAaDtFGu8Lhy9yGC4aMLy7mlzNpoQyqI89vl9mUBEJKTJgL6chXWL28yVL&_nc_sid=b66105&_nc_ht=video.fblr20-4.fna.fbcdn.net&_nc_ohc=7u7bixTSffoQ7kNvwFl1cvo&efg=eyJ2ZW5jb2RlX3RhZyI6Inhwdl9wcm9ncmVzc2l2ZS5WSV9VU0VDQVNFX1BST0RVQ1RfVFlQRS4uQzMuNzIwLmRhc2hfaDI2NC1iYXNpYy1nZW4yXzcyMHAiLCJ4cHZfYXNzZXRfaWQiOjE3MTk1Nzk4NzkyOTA2OTcsImFzc2V0X2FnZV9kYXlzIjoyLCJ2aV91c2VjYXNlX2lkIjoxMDEzOSwiZHVyYXRpb25fcyI6NjMsInVybGdlbl9zb3VyY2UiOiJ3d3cifQ%3D%3D&ccb=17-1&vs=d9a288356c64a4c7&_nc_vs=HBksFQIYRWZiX2VwaGVtZXJhbC83QjQyOTlEQzkxQjNFRDYwMzhBOTRGRTE5MjFCN0VCQl9tdF8xX3ZpZGVvX2Rhc2hpbml0Lm1wNBUAAsgBEgAVAhhAZmJfcGVybWFuZW50LzM3NDUwNzMyNjQwOEZBNDI0NkNCMzVEOTNDRTRFMEEyX2F1ZGlvX2Rhc2hpbml0Lm1wNBUCAsgBEgAoABgAGwKIB3VzZV9vaWwBMRJwcm9ncmVzc2l2ZV9yZWNpcGUBMRUAACaS3fG93PyNBhUCKAJDMywXQE-iDEm6XjUYGWRhc2hfaDI2NC1iYXNpYy1nZW4yXzcyMHARAHUAZbaeAQA&_nc_gid=P_rY5eBGwEj8v36HoWgezw&_nc_ss=7f289&_nc_zt=28&oh=00_AQDKYM2YOLmCLcRmCgQ5J40uelulbv3XTkCpYytUiv0qFQ&oe=6A58D172,https://scontent.fblr20-2.fna.fbcdn.net/v/t39.35426-6/742649390_1576967317162360_1287121258171568334_n.jpg?_nc_cat=102&ccb=1-7&_nc_sid=c53f8f&_nc_ohc=kGjzhTgPp8QQ7kNvwFRtpx8&_nc_oc=AdrYEDES-zOKRmDuJoWULTIgOUVC6GcZNKVLSG8TY7bmsCCUcefnUYnmy6GHsAd5Ov0OG7wtZWAngyZmBdACbmaM&_nc_zt=14&_nc_ht=scontent.fblr20-2.fna&_nc_gid=P_rY5eBGwEj8v36HoWgezw&_nc_ss=7f289&oh=00_AQARJUL-5cTW4As3dOJpExa0iGKpDAhZdXvjq9x2vPJ61A&oe=6A58C36B,2026-07-16T12:41:22.000Z,2026-07-12,https://pub-893b4a6a607b4221a894bf861da7914e.r2.dev/1398846682220930.mp4
260,234,English Seekho,565574549966663,English Seekho App,,IN,1559841751931772,https://www.facebook.com/ads/library/?id=1559841751931772,2026-01-22,,false,false,1,0,,2026-01-22,,Fluent English bolne ka sirf ek raasta – Daily practice on English Seekho App. Start now!,English Communication strong karo aur confidence badhao,Install now,http://play.google.com/store/apps/details?id=com.bolo.android,"Facebook,Instagram,Audience Network,Messenger,Threads",Fluent English bolne ka sirf ek raasta – Daily practice on English Seekho App. Start now!,English Communication strong karo aur confidence badhao,Install now,http://play.google.com/store/apps/details?id=com.bolo.android,Video,"Facebook,Instagram,Audience Network,Messenger,Threads",1,0,9:16,https://video.fblr20-3.fna.fbcdn.net/o1/v/t2/f2/m366/AQOAbK9Emq7fWdqYzWHBvrw5ptX0dOMcEdPt0QT2C3NeeRCX_3LkhzEGtJc8Rfk6G6R3dxgSoheTUg7Eo0pw9EJvdu1fSnH9SsIyNNV9ffTbGw.mp4?_nc_cat=109&_nc_oc=AdrP1Zz7VCAA4hmRY6Wy298UYiKicCZjyUoNUyW_QDvA08p4_BFysafWfEn1KctJ8tGt95mxGp8cXW0s44D1ZS_G&_nc_sid=b66105&_nc_ht=video.fblr20-3.fna.fbcdn.net&_nc_ohc=ldOcKwAqeakQ7kNvwE7-L79&efg=eyJ2ZW5jb2RlX3RhZyI6Inhwdl9wcm9ncmVzc2l2ZS5WSV9VU0VDQVNFX1BST0RVQ1RfVFlQRS4uQzMuNzIwLmRhc2hfaDI2NC1iYXNpYy1nZW4yXzcyMHAiLCJ4cHZfYXNzZXRfaWQiOjg0MjcyMzMwODY2NDI0NCwiYXNzZXRfYWdlX2RheXMiOjIxMywidmlfdXNlY2FzZV9pZCI6MTAxMzksImR1cmF0aW9uX3MiOjQ5LCJ1cmxnZW5fc291cmNlIjoid3d3In0%3D&ccb=17-1&vs=b5b23447056b73dc&_nc_vs=HBksFQIYRWZiX2VwaGVtZXJhbC8wNDQxMjI0Q0JFRjVFQzlBMzBCRkI0NjE5QkQzQzI5RV9tdF8xX3ZpZGVvX2Rhc2hpbml0Lm1wNBUAAsgBEgAVAhhAZmJfcGVybWFuZW50L0M1NDFBNzFBRkMyNDZDNkY2RTYzM0UyRjYxREM3NDkxX2F1ZGlvX2Rhc2hpbml0Lm1wNBUCAsgBEgAoABgAGwKIB3VzZV9vaWwBMRJwcm9ncmVzc2l2ZV9yZWNpcGUBMRUAACbo1qf3-Zz_AhUCKAJDMywXQEiu2RaHKwIYGWRhc2hfaDI2NC1iYXNpYy1nZW4yXzcyMHARAHUAZbaeAQA&_nc_gid=P_rY5eBGwEj8v36HoWgezw&_nc_ss=7f289&_nc_zt=28&oh=00_AQCMSCIfvEhdG7AW5oK78s1rfaY13zNSzg-7xjSywM1mbg&oe=6A58D63B,https://scontent.fblr20-4.fna.fbcdn.net/v/t39.35426-6/617067967_1552831622670763_2928687427569146604_n.jpg?_nc_cat=103&ccb=1-7&_nc_sid=c53f8f&_nc_ohc=OToAl7rjXFcQ7kNvwEM5Ym2&_nc_oc=AdoI8t6N_M1C98-zyaTmgqp1Ej09w9P1u3YlOKIa4HHOXNt_clolH-qnviv5SYysENABXKUXWI8Ha6_JXICLA91F&_nc_zt=14&_nc_ht=scontent.fblr20-4.fna&_nc_gid=P_rY5eBGwEj8v36HoWgezw&_nc_ss=7f289&oh=00_AQAHfD1wE40uMrhCWHhADFff313HcSkI0BNqb4N1FDy4Iw&oe=6A58C3F6,2026-07-16T13:01:47.000Z,2026-07-12,https://pub-893b4a6a607b4221a894bf861da7914e.r2.dev/1559841751931772.mp4
261,235,English Seekho,565574549966663,English Seekho App,,IN,1043064638448992,https://www.facebook.com/ads/library/?id=1043064638448992,2026-07-09,,false,false,1,0,,2026-07-09,,Fluent English bolne ka sirf ek raasta – Daily practice on English Seekho App. Start now!,English Communication strong karo aur confidence badhao,Install now,http://play.google.com/store/apps/details?id=com.bolo.android,"Facebook,Instagram,Audience Network,Messenger,Threads",Fluent English bolne ka sirf ek raasta – Daily practice on English Seekho App. Start now!,English Communication strong karo aur confidence badhao,Install now,http://play.google.com/store/apps/details?id=com.bolo.android,Video,"Facebook,Instagram,Audience Network,Messenger,Threads",1,0,9:16,https://video.fblr20-4.fna.fbcdn.net/o1/v/t2/f2/m366/AQPKI5mPtN55qRZ0iheauJaABNy__o9fJsl_DCzyxtQ-U5WEoYa1k6mUUo_kvRmgqBpvv4FqZKLkhsAJMtq_ie2vVrmRzXuEdLa7mAEotg4qXA.mp4?_nc_cat=103&_nc_oc=AdqbEEwPIs84KIt5XndnwF8a7DbzzhtwMsUqvcNd5IaVpztu03uwAuOfhRVq0ORhzgNj1fuXKp_NnM_BTNDljGCN&_nc_sid=b66105&_nc_ht=video.fblr20-4.fna.fbcdn.net&_nc_ohc=TDa-Y7N9Yf4Q7kNvwFfyZRI&efg=eyJ2ZW5jb2RlX3RhZyI6Inhwdl9wcm9ncmVzc2l2ZS5WSV9VU0VDQVNFX1BST0RVQ1RfVFlQRS4uQzMuNzIwLmRhc2hfaDI2NC1iYXNpYy1nZW4yXzcyMHAiLCJ4cHZfYXNzZXRfaWQiOjg3MDk1MzEyODk5NjIyNCwiYXNzZXRfYWdlX2RheXMiOjEsInZpX3VzZWNhc2VfaWQiOjEwNzk5LCJkdXJhdGlvbl9zIjoxNzIsInVybGdlbl9zb3VyY2UiOiJ3d3cifQ%3D%3D&ccb=17-1&vs=bc20eab96f33cd67&_nc_vs=HBksFQIYRWZiX2VwaGVtZXJhbC84NTQ3QkUzQjBCODFGNkQ3NDUxOThGNUM5M0Q1MDg4NV9tdF8xX3ZpZGVvX2Rhc2hpbml0Lm1wNBUAAsgBEgAVAhhAZmJfcGVybWFuZW50L0IyNEMyMkFENTVBRDZEREI3MDYyMjNFNzZCMzRGQkFGX2F1ZGlvX2Rhc2hpbml0Lm1wNBUCAsgBEgAoABgAGwKIB3VzZV9vaWwBMRJwcm9ncmVzc2l2ZV9yZWNpcGUBMRUAACaAtvW9koiMAxUCKAJDMywXQGWI9cKPXCkYGWRhc2hfaDI2NC1iYXNpYy1nZW4yXzcyMHARAHUAZd6oAQA&_nc_gid=P_rY5eBGwEj8v36HoWgezw&_nc_ss=7f289&_nc_zt=28&oh=00_AQDZwiefbA94vhO47bRx6EYiQN0yj6l5GdVItdPMD_tZKw&oe=6A58BB41,https://scontent.fblr20-2.fna.fbcdn.net/v/t39.35426-6/742462118_2564685607312232_1511354570663104317_n.jpg?_nc_cat=104&ccb=1-7&_nc_sid=c53f8f&_nc_ohc=ETok6PH6Z2QQ7kNvwFAA5hc&_nc_oc=AdrypS3_wBe6tJpcxLE8xPzVTWT4Q0s287DhSImQ44FsVriJ6Fx5Y0H5QBklQu8akk_gu4Vjw_HsW8wV9-jetA5E&_nc_zt=14&_nc_ht=scontent.fblr20-2.fna&_nc_gid=P_rY5eBGwEj8v36HoWgezw&_nc_ss=7f289&oh=00_AQCFq2514rtGf5qnydMb2h164eFnSoOcIj6h23tF6zG9xQ&oe=6A58B191,2026-07-16T11:06:41.000Z,2026-07-12,https://pub-893b4a6a607b4221a894bf861da7914e.r2.dev/1043064638448992.mp4
262,236,English Seekho,565574549966663,English Seekho App,,IN,840752642285554,https://www.facebook.com/ads/library/?id=840752642285554,2026-01-29,,false,false,1,0,,2026-01-29,,Fluent English bolne ka sirf ek raasta – Daily practice on English Seekho App. Start now!,English Communication strong karo aur confidence badhao,Install now,http://play.google.com/store/apps/details?id=com.bolo.android,"Facebook,Instagram,Audience Network,Messenger,Threads",Fluent English bolne ka sirf ek raasta – Daily practice on English Seekho App. Start now!,English Communication strong karo aur confidence badhao,Install now,http://play.google.com/store/apps/details?id=com.bolo.android,Video,"Facebook,Instagram,Audience Network,Messenger,Threads",1,0,9:16,https://video.fblr20-1.fna.fbcdn.net/o1/v/t2/f2/m366/AQNmnwwCMRNvMhgP8FcAHrsnB-KBVCbh4BZqnFiJeadLt0NdlcnbEcqRiq1mAy4E-LAtfZSbfv5GLg_cP2ZF-jV79SysZfSidLpZPZPgyfHJLg.mp4?_nc_cat=108&_nc_oc=AdqVu104IQjUsAQ0Y7StXe2zpX0LFmmYqRejmA-6MewGDCbfDKRSHaB1bsVvF0rSrcFWY-N5Zigk1glrw7HsKLos&_nc_sid=b66105&_nc_ht=video.fblr20-1.fna.fbcdn.net&_nc_ohc=9oko7Tt-XYYQ7kNvwECRiW2&efg=eyJ2ZW5jb2RlX3RhZyI6Inhwdl9wcm9ncmVzc2l2ZS5WSV9VU0VDQVNFX1BST0RVQ1RfVFlQRS4uQzMuNzIwLmRhc2hfaDI2NC1iYXNpYy1nZW4yXzcyMHAiLCJ4cHZfYXNzZXRfaWQiOjE2MjczMDM5NDE3NDU5MzksImFzc2V0X2FnZV9kYXlzIjoxODMsInZpX3VzZWNhc2VfaWQiOjEwMTM5LCJkdXJhdGlvbl9zIjo2NCwidXJsZ2VuX3NvdXJjZSI6Ind3dyJ9&ccb=17-1&vs=3f26629fb0686424&_nc_vs=HBksFQIYRWZiX2VwaGVtZXJhbC9CRTRCMDMzNzg2RjM3NDIxNzRBNEEyMTBFOUREOUJCNV9tdF8xX3ZpZGVvX2Rhc2hpbml0Lm1wNBUAAsgBEgAVAhhAZmJfcGVybWFuZW50LzNFNEFENDdBOEJGNjJCNzFGRTVFQjUwODdFNDkyMzhCX2F1ZGlvX2Rhc2hpbml0Lm1wNBUCAsgBEgAoABgAGwKIB3VzZV9vaWwBMRJwcm9ncmVzc2l2ZV9yZWNpcGUBMRUAACamtJ2Wx4HkBRUCKAJDMywXQFAbtkWhysEYGWRhc2hfaDI2NC1iYXNpYy1nZW4yXzcyMHARAHUAZbaeAQA&_nc_gid=P_rY5eBGwEj8v36HoWgezw&_nc_ss=7f289&_nc_zt=28&oh=00_AQCe96GRptmBSGWVXBu433utgSl7XnJMw-of_-IQsXsVFA&oe=6A58CA68,https://scontent.fblr20-2.fna.fbcdn.net/v/t39.35426-6/619234245_1595219158158589_8540587478280195183_n.jpg?_nc_cat=111&ccb=1-7&_nc_sid=c53f8f&_nc_ohc=HsEJIylHgUgQ7kNvwFECbwq&_nc_oc=Adq3J83H01GIMbvmUzqgN3Nx3DUSWd5X96Mu3bsmqBFd45tyQ5Hw0RdxFdVVZPEqtseNj70dJKjbeehJ0kLBfeJJ&_nc_zt=14&_nc_ht=scontent.fblr20-2.fna&_nc_gid=P_rY5eBGwEj8v36HoWgezw&_nc_ss=7f289&oh=00_AQCITGMTJZK32x7TaTaj_6ouJ1Cxy4sxk0Pkp9_iid8VPg&oe=6A58CB84,2026-07-16T12:11:20.000Z,2026-07-12,https://pub-893b4a6a607b4221a894bf861da7914e.r2.dev/840752642285554.mp4
263,237,English Seekho,565574549966663,English Seekho App,,IN,1629378638162959,https://www.facebook.com/ads/library/?id=1629378638162959,2026-07-08,,false,false,1,0,,2026-07-08,,Fluent English bolne ka sirf ek raasta – Daily practice on English Seekho App. Start now!,English Communication strong karo aur confidence badhao,Install now,http://play.google.com/store/apps/details?id=com.bolo.android,"Facebook,Instagram,Audience Network,Messenger,Threads",Fluent English bolne ka sirf ek raasta – Daily practice on English Seekho App. Start now!,English Communication strong karo aur confidence badhao,Install now,http://play.google.com/store/apps/details?id=com.bolo.android,Video,"Facebook,Instagram,Audience Network,Messenger,Threads",1,0,9:16,https://video.fblr20-4.fna.fbcdn.net/o1/v/t2/f2/m366/AQPn2t0Jri0PQjtZnCQiyt_rk9yAoP5AmV8YfIZ0WRPme0fsSFrsQI9Wlsj6lSPA_y3expfKnVrq61i2RLmTN8PHrn5W9j6wR33ztkOkdJNDGQ.mp4?_nc_cat=101&_nc_oc=Adpfw-Eeii1QRnw69obA2eF6V8plTmCSJRZG6rVlssAAaCezQmt2YXjleBc68P02AxEC7q1SU4gjW9b-X6jkBG8q&_nc_sid=b66105&_nc_ht=video.fblr20-4.fna.fbcdn.net&_nc_ohc=IAyyWe1yx9kQ7kNvwFQFG_7&efg=eyJ2ZW5jb2RlX3RhZyI6Inhwdl9wcm9ncmVzc2l2ZS5WSV9VU0VDQVNFX1BST0RVQ1RfVFlQRS4uQzMuNzIwLmRhc2hfaDI2NC1iYXNpYy1nZW4yXzcyMHAiLCJ4cHZfYXNzZXRfaWQiOjEwMDk1ODM3MzIwNTA1OTYsImFzc2V0X2FnZV9kYXlzIjo5LCJ2aV91c2VjYXNlX2lkIjoxMDc5OSwiZHVyYXRpb25fcyI6MTcxLCJ1cmxnZW5fc291cmNlIjoid3d3In0%3D&ccb=17-1&vs=f238bd5f0dd136fd&_nc_vs=HBksFQIYRWZiX2VwaGVtZXJhbC9DQzQxREZENEQxMTYwNUNBMDA4M0Q0RDU1ODA4REM5QV9tdF8xX3ZpZGVvX2Rhc2hpbml0Lm1wNBUAAsgBEgAVAhhAZmJfcGVybWFuZW50Lzc0NDUwQUY5MjlCMjc3QkQ3QTU5RjQwMDhCRjZGOEI0X2F1ZGlvX2Rhc2hpbml0Lm1wNBUCAsgBEgAoABgAGwKIB3VzZV9vaWwBMRJwcm9ncmVzc2l2ZV9yZWNpcGUBMRUAACbIqsL7wI3LAxUCKAJDMywXQGVlT987ZFoYGWRhc2hfaDI2NC1iYXNpYy1nZW4yXzcyMHARAHUAZd6oAQA&_nc_gid=P_rY5eBGwEj8v36HoWgezw&_nc_ss=7f289&_nc_zt=28&oh=00_AQAAwbCCbnlPgT8NatN1-8ALuQF3N24L-CfJPgLyTo-k3w&oe=6A58CF2B,https://scontent.fblr20-2.fna.fbcdn.net/v/t39.35426-6/741918465_1571060668058029_6331524996993244419_n.jpg?_nc_cat=104&ccb=1-7&_nc_sid=c53f8f&_nc_ohc=_tY-8R1_YeIQ7kNvwF6fsvp&_nc_oc=Adq3qtkuU-r2Y-wSiTINrg4QcVGR4VfEHl_gDERP10fINqgw-pyaWKrMCb_FJR7TFISn8ly9Nc6KJ-J2p4d9y6ID&_nc_zt=14&_nc_ht=scontent.fblr20-2.fna&_nc_gid=P_rY5eBGwEj8v36HoWgezw&_nc_ss=7f289&oh=00_AQDHd-1eAyK3BkeDtQjc48mvRpxkgHJxIaONhr2q47y3iQ&oe=6A58B40F,2026-07-16T12:31:39.000Z,2026-07-12,https://pub-893b4a6a607b4221a894bf861da7914e.r2.dev/1629378638162959.mp4
264,238,English Seekho,565574549966663,English Seekho App,,IN,2231680590914342,https://www.facebook.com/ads/library/?id=2231680590914342,2026-07-10,,false,false,1,0,,2026-07-10,,Fluent English bolne ka sirf ek raasta – Daily practice on English Seekho App. Start now!,English Communication strong karo aur confidence badhao,Install now,http://play.google.com/store/apps/details?id=com.bolo.android,"Facebook,Instagram,Audience Network,Messenger,Threads",Fluent English bolne ka sirf ek raasta – Daily practice on English Seekho App. Start now!,English Communication strong karo aur confidence badhao,Install now,http://play.google.com/store/apps/details?id=com.bolo.android,Video,"Facebook,Instagram,Audience Network,Messenger,Threads",1,0,9:16,https://video.fblr20-2.fna.fbcdn.net/o1/v/t2/f2/m366/AQOrfaY9ClmWmgZI3QgWBSSQBWMHE5OeYEX_d8U3OkmI3euXMZH10RL_Tkbu7XYran-1EL8iqJkyCpYRf7bejCx5bXK-hpdj0IO9dSnEuo2e7Q.mp4?_nc_cat=111&_nc_oc=AdrkhiuTtOqEie-_kAF7e2jUaKpySTrpMBzqje5Q3yc9zoTFkd9j6IxM6K-1CAHRtf2UZCqCgbeW7TPR5uod-ZUF&_nc_sid=b66105&_nc_ht=video.fblr20-2.fna.fbcdn.net&_nc_ohc=oaorwHTl4bQQ7kNvwE-CKnv&efg=eyJ2ZW5jb2RlX3RhZyI6Inhwdl9wcm9ncmVzc2l2ZS5WSV9VU0VDQVNFX1BST0RVQ1RfVFlQRS4uQzMuNzIwLmRhc2hfaDI2NC1iYXNpYy1nZW4yXzcyMHAiLCJ4cHZfYXNzZXRfaWQiOjE1NTQ0NTAwOTk0MTUwNTAsImFzc2V0X2FnZV9kYXlzIjoyLCJ2aV91c2VjYXNlX2lkIjoxMDEzOSwiZHVyYXRpb25fcyI6OTMsInVybGdlbl9zb3VyY2UiOiJ3d3cifQ%3D%3D&ccb=17-1&vs=7b72ae13d8d0d4ce&_nc_vs=HBksFQIYRWZiX2VwaGVtZXJhbC83QTQzM0JFMUVCOTIyQ0ZEOTg0QTZFRTQ3RjhCQTY4NF9tdF8xX3ZpZGVvX2Rhc2hpbml0Lm1wNBUAAsgBEgAVAhhAZmJfcGVybWFuZW50Lzk4NDBBNjYxQ0NGQUI4RjhCQ0YwMTVFNjIyNjAxMTgzX2F1ZGlvX2Rhc2hpbml0Lm1wNBUCAsgBEgAoABgAGwKIB3VzZV9vaWwBMRJwcm9ncmVzc2l2ZV9yZWNpcGUBMRUAACaUoPnf8_DCBRUCKAJDMywXQFdDQ5WBBiUYGWRhc2hfaDI2NC1iYXNpYy1nZW4yXzcyMHARAHUAZbaeAQA&_nc_gid=P_rY5eBGwEj8v36HoWgezw&_nc_ss=7f289&_nc_zt=28&oh=00_AQBfLZ4DYRCn3eE2LBhdSI7S7EFmuYjtWNcTI17UWHGhGQ&oe=6A58C2F1,https://scontent.fblr20-4.fna.fbcdn.net/v/t39.35426-6/742001547_4287279318203159_7511581728126602305_n.jpg?_nc_cat=103&ccb=1-7&_nc_sid=c53f8f&_nc_ohc=vLIStFVSQWYQ7kNvwGugKAZ&_nc_oc=AdoRm_GCA5--0fj1iisHAhURx0wb_jqSpRHKxzAzqQS97IUHJZsOwEiGfSM2jCYEk1bGTxNRHpxlZFHO2ZTzN2DH&_nc_zt=14&_nc_ht=scontent.fblr20-4.fna&_nc_gid=P_rY5eBGwEj8v36HoWgezw&_nc_ss=7f289&oh=00_AQCAOwJ4tEn-B020iM6lfbD8NkwqewbuRUJKjzpHxi_GbQ&oe=6A58C5EF,2026-07-16T11:39:29.000Z,2026-07-12,https://pub-893b4a6a607b4221a894bf861da7914e.r2.dev/2231680590914342.mp4
265,239,English Seekho,565574549966663,English Seekho App,,IN,26372603382322992,https://www.facebook.com/ads/library/?id=26372603382322992,2026-01-22,,false,false,1,0,,2026-01-22,,Fluent English bolne ka sirf ek raasta – Daily practice on English Seekho App. Start now!,English Communication strong karo aur confidence badhao,Install now,http://play.google.com/store/apps/details?id=com.bolo.android,"Facebook,Instagram,Audience Network,Messenger,Threads",Fluent English bolne ka sirf ek raasta – Daily practice on English Seekho App. Start now!,English Communication strong karo aur confidence badhao,Install now,http://play.google.com/store/apps/details?id=com.bolo.android,Video,"Facebook,Instagram,Audience Network,Messenger,Threads",1,0,9:16,https://video.fblr20-2.fna.fbcdn.net/o1/v/t2/f2/m366/AQPtwTmDQ8K-1HKpGt8GirbMA_q_w02HIw1VrXUGyECtvLhSiRMVDCVN2OPUbLbdKtKq3kvcfZZnp4f1CQPGeYLGIB2ctRwHP0_LtqamB-DsHg.mp4?_nc_cat=104&_nc_oc=AdpACA2b1wGLah7C7N_TRI1zD2bWlAAW82UNJVcKCZW50mAmTmI8nALRhOPH3CxS3vPhRH8jFcvrS99nzQP5ZggN&_nc_sid=b66105&_nc_ht=video.fblr20-2.fna.fbcdn.net&_nc_ohc=sFysB1ngDlsQ7kNvwEuWatL&efg=eyJ2ZW5jb2RlX3RhZyI6Inhwdl9wcm9ncmVzc2l2ZS5WSV9VU0VDQVNFX1BST0RVQ1RfVFlQRS4uQzMuNzIwLmRhc2hfaDI2NC1iYXNpYy1nZW4yXzcyMHAiLCJ4cHZfYXNzZXRfaWQiOjg3NDIwOTg3MTYxODE1MSwiYXNzZXRfYWdlX2RheXMiOjIxMCwidmlfdXNlY2FzZV9pZCI6MTAxMzksImR1cmF0aW9uX3MiOjY1LCJ1cmxnZW5fc291cmNlIjoid3d3In0%3D&ccb=17-1&vs=6eb1d2248d1d2a7a&_nc_vs=HBksFQIYRWZiX2VwaGVtZXJhbC9BRjQyRkI4NDM4NTVERDVCMjQwNjc1REQ3NzQ0Qzk5Nl9tdF8xX3ZpZGVvX2Rhc2hpbml0Lm1wNBUAAsgBEgAVAhhAZmJfcGVybWFuZW50L0MxNDA0QUYyRTAwRkVENUY3RjNBMDhBOUEzNDc2ODhEX2F1ZGlvX2Rhc2hpbml0Lm1wNBUCAsgBEgAoABgAGwKIB3VzZV9vaWwBMRJwcm9ncmVzc2l2ZV9yZWNpcGUBMRUAACbOgduN28WNAxUCKAJDMywXQFBIgxJul40YGWRhc2hfaDI2NC1iYXNpYy1nZW4yXzcyMHARAHUAZbaeAQA&_nc_gid=P_rY5eBGwEj8v36HoWgezw&_nc_ss=7f289&_nc_zt=28&oh=00_AQBpYlWv_3mFnil0j7i-bH_0ihdp1tY_6VpATgrzb7tQEg&oe=6A58A3B0,https://scontent.fblr20-4.fna.fbcdn.net/v/t39.35426-6/616814817_1616107042747482_860466628733567843_n.jpg?_nc_cat=103&ccb=1-7&_nc_sid=c53f8f&_nc_ohc=jaxgWIHO99IQ7kNvwGbf7Pz&_nc_oc=Adrl09YcuvGro9oWLKsPjbvpqKtWez-tITc1qLjVNbcTWMG3ECBWrEI1xSvTj8UvzB59pgfFPN6MOazvOv4Tyd4L&_nc_zt=14&_nc_ht=scontent.fblr20-4.fna&_nc_gid=P_rY5eBGwEj8v36HoWgezw&_nc_ss=7f289&oh=00_AQBoUFf7sKfGo0IcnxnfW4vxd8VOPfWDJD75Y_ZnZgKFnw&oe=6A58D37A,2026-07-16T09:26:08.000Z,2026-07-12,https://pub-893b4a6a607b4221a894bf861da7914e.r2.dev/26372603382322992.mp4
266,240,English Seekho,565574549966663,English Seekho App,,IN,1945996112929486,https://www.facebook.com/ads/library/?id=1945996112929486,2026-01-22,,false,false,1,0,,2026-01-22,,Fluent English bolne ka sirf ek raasta – Daily practice on English Seekho App. Start now!,English Communication strong karo aur confidence badhao,Install now,http://play.google.com/store/apps/details?id=com.bolo.android,"Facebook,Instagram,Audience Network,Messenger,Threads",Fluent English bolne ka sirf ek raasta – Daily practice on English Seekho App. Start now!,English Communication strong karo aur confidence badhao,Install now,http://play.google.com/store/apps/details?id=com.bolo.android,Video,"Facebook,Instagram,Audience Network,Messenger,Threads",1,0,9:16,https://video.fblr20-3.fna.fbcdn.net/o1/v/t2/f2/m366/AQOIG6M1EFJGsmhVfin2VTmcSaT-ZCxXp30iwYa_86473tGin1sqW4PKUvNfqPGQXZTZDpMxTVaCVh8LlHKsM4OR-bRsV0riEg5IbH78mBSjiQ.mp4?_nc_cat=109&_nc_oc=Adov8LzIbVlj2z-IMy2Bw__Io2u8SPnGhNCM6oIiBt7Uk_rWDZzlw4OVS231W-_o9525NNdVWdG3c-c-M5rh6YLZ&_nc_sid=b66105&_nc_ht=video.fblr20-3.fna.fbcdn.net&_nc_ohc=hI49yUsqN7wQ7kNvwFek5zA&efg=eyJ2ZW5jb2RlX3RhZyI6Inhwdl9wcm9ncmVzc2l2ZS5WSV9VU0VDQVNFX1BST0RVQ1RfVFlQRS4uQzMuNzIwLmRhc2hfaDI2NC1iYXNpYy1nZW4yXzcyMHAiLCJ4cHZfYXNzZXRfaWQiOjIwMDQzOTU3MTM2Nzk4OTUsImFzc2V0X2FnZV9kYXlzIjoyMjUsInZpX3VzZWNhc2VfaWQiOjEwMTM5LCJkdXJhdGlvbl9zIjo1NCwidXJsZ2VuX3NvdXJjZSI6Ind3dyJ9&ccb=17-1&vs=94773ee4d2bc4db1&_nc_vs=HBksFQIYRWZiX2VwaGVtZXJhbC9GMjRGM0Y3MjU5QjM0RkU2NDFERDc3ODRGQTgwQUI4RF9tdF8xX3ZpZGVvX2Rhc2hpbml0Lm1wNBUAAsgBEgAVAhhAZmJfcGVybWFuZW50Lzk2NDU2M0IxQUVGQzQ1NDVDNTk5NUZBNjJBODIyQjhGX2F1ZGlvX2Rhc2hpbml0Lm1wNBUCAsgBEgAoABgAGwKIB3VzZV9vaWwBMRJwcm9ncmVzc2l2ZV9yZWNpcGUBMRUAACauyIbol7-PBxUCKAJDMywXQEsIcrAgxJwYGWRhc2hfaDI2NC1iYXNpYy1nZW4yXzcyMHARAHUAZbaeAQA&_nc_gid=P_rY5eBGwEj8v36HoWgezw&_nc_ss=7f289&_nc_zt=28&oh=00_AQDDIGwIjdvBNNNzjdtB6Sf4zFcu2CyDzBL59LjFXdRByg&oe=6A58CE47,https://scontent.fblr20-1.fna.fbcdn.net/v/t39.35426-6/619584621_1167538738793951_9069475048579325741_n.jpg?_nc_cat=108&ccb=1-7&_nc_sid=c53f8f&_nc_ohc=BVIYW3sLJyMQ7kNvwHeBGOh&_nc_oc=AdptuDQ5Rb5tVDscA2TgHkODaHuyKlJp5lsa6230EM_hPMrrnN_01-sN7LQKAu2Bd9eBT7tPs1v0hMoc9Q6Hh8yD&_nc_zt=14&_nc_ht=scontent.fblr20-1.fna&_nc_gid=P_rY5eBGwEj8v36HoWgezw&_nc_ss=7f289&oh=00_AQBPaoslfv5Oj8LjYN7IDqtEY1wtve2edzJdNMLA5Z8qJg&oe=6A58A99E,2026-07-16T12:27:51.000Z,2026-07-12,https://pub-893b4a6a607b4221a894bf861da7914e.r2.dev/1945996112929486.mp4
267,241,English Seekho,565574549966663,English Seekho App,,IN,1500551291812263,https://www.facebook.com/ads/library/?id=1500551291812263,2026-06-24,,false,false,1,0,,2026-06-24,,Fluent English bolne ka sirf ek raasta – Daily practice on English Seekho App. Start now!,English Communication strong karo aur confidence badhao,Install now,http://play.google.com/store/apps/details?id=com.bolo.android,"Facebook,Instagram,Audience Network,Messenger,Threads",Fluent English bolne ka sirf ek raasta – Daily practice on English Seekho App. Start now!,English Communication strong karo aur confidence badhao,Install now,http://play.google.com/store/apps/details?id=com.bolo.android,Video,"Facebook,Instagram,Audience Network,Messenger,Threads",1,0,9:16,https://video.fblr20-1.fna.fbcdn.net/o1/v/t2/f2/m366/AQNZ7mPdwvxzBvtwnwNk4HUBxKBihcyc6p3V1UotqmrMHer__IxBqUl1BYB-t_xtwzm8-Vh644kmFcWX6zn7f_ODeJ0N-J4oSmGo5ZcRP7ho-g.mp4?_nc_cat=108&_nc_oc=Adr-zCS7xgSKGeBFBL9b2X1TfKJpan-P0YfAx5z8S3mHP3yWaiH-PL63c8wzV-0jlXYTvcO2O6i8g68O_Hrwl6Dj&_nc_sid=b66105&_nc_ht=video.fblr20-1.fna.fbcdn.net&_nc_ohc=SVFj04Oj280Q7kNvwGmBbHY&efg=eyJ2ZW5jb2RlX3RhZyI6Inhwdl9wcm9ncmVzc2l2ZS5WSV9VU0VDQVNFX1BST0RVQ1RfVFlQRS4uQzMuNzIwLmRhc2hfaDI2NC1iYXNpYy1nZW4yXzcyMHAiLCJ4cHZfYXNzZXRfaWQiOjE1NTU3NjAxNzkyMzk2MDYsImFzc2V0X2FnZV9kYXlzIjoyOSwidmlfdXNlY2FzZV9pZCI6MTAxMzksImR1cmF0aW9uX3MiOjc3LCJ1cmxnZW5fc291cmNlIjoid3d3In0%3D&ccb=17-1&vs=2b1f22ab6b8233cb&_nc_vs=HBksFQIYRWZiX2VwaGVtZXJhbC9BNTRCOTIyM0IxNzgzNjNCMDNDRjQ0NUMxQ0RDQTJCQl9tdF8xX3ZpZGVvX2Rhc2hpbml0Lm1wNBUAAsgBEgAVAhhAZmJfcGVybWFuZW50LzRFNDhFMzlDRjU2RDg1NUNENUJGOTc4MjUwNEFGN0E3X2F1ZGlvX2Rhc2hpbml0Lm1wNBUCAsgBEgAoABgAGwKIB3VzZV9vaWwBMRJwcm9ncmVzc2l2ZV9yZWNpcGUBMRUAACbs6rbNlL3DBRUCKAJDMywXQFNqn752yLQYGWRhc2hfaDI2NC1iYXNpYy1nZW4yXzcyMHARAHUAZbaeAQA&_nc_gid=P_rY5eBGwEj8v36HoWgezw&_nc_ss=7f289&_nc_zt=28&oh=00_AQCHUlrMjHRkHTxO3ISof-ilwwPaSQqFPVHiyJzmrXS70A&oe=6A58BAE8,https://scontent.fblr20-2.fna.fbcdn.net/v/t39.35426-6/724560304_2195868407830796_8436479403641511119_n.jpg?_nc_cat=111&ccb=1-7&_nc_sid=c53f8f&_nc_ohc=Umm2NdbvU_8Q7kNvwHJB2Qi&_nc_oc=AdqjSvDxdCsgahDmJxOtisv3GLa9Lksra_oqhK_XvCtXYS5hhuVeUFPMskpP8L38o5zqgUIEu0OiStavm3bX7eRQ&_nc_zt=14&_nc_ht=scontent.fblr20-2.fna&_nc_gid=P_rY5eBGwEj8v36HoWgezw&_nc_ss=7f289&oh=00_AQDzuLrR9JvdLvt8g1U1XuguzIebkCdVCI4bIbnT092qQg&oe=6A58A753,2026-07-16T11:05:12.000Z,2026-07-12,https://pub-893b4a6a607b4221a894bf861da7914e.r2.dev/1500551291812263.mp4
268,242,English Seekho,565574549966663,English Seekho App,,IN,3589515767873253,https://www.facebook.com/ads/library/?id=3589515767873253,2026-07-08,,false,false,1,0,,2026-07-08,,Fluent English bolne ka sirf ek raasta – Daily practice on English Seekho App. Start now!,English Communication strong karo aur confidence badhao,Install now,http://play.google.com/store/apps/details?id=com.bolo.android,"Facebook,Instagram,Audience Network,Messenger,Threads",Fluent English bolne ka sirf ek raasta – Daily practice on English Seekho App. Start now!,English Communication strong karo aur confidence badhao,Install now,http://play.google.com/store/apps/details?id=com.bolo.android,Video,"Facebook,Instagram,Audience Network,Messenger,Threads",1,0,9:16,https://video.fblr20-4.fna.fbcdn.net/o1/v/t2/f2/m366/AQN8r59sa-OkObdt-MV5KZiPJg9gSaI7gjKPP5Ap_aDgwsZIJHkE45Myhq6AC0Ro_s72jhkNpsOcweZ8Bmwddhm7U45N1zp5tVhltiqrYXNOKQ.mp4?_nc_cat=101&_nc_oc=AdoMXm0XbxNrw_0Ljf8pIFCNFjMtBFHNT33sBET_O2wRz2z1sRHLxr7IU827BVrPFOk137JxRh5oHTq9FOkH1Jsx&_nc_sid=b66105&_nc_ht=video.fblr20-4.fna.fbcdn.net&_nc_ohc=IZTNpoiK98MQ7kNvwFJ8Xc3&efg=eyJ2ZW5jb2RlX3RhZyI6Inhwdl9wcm9ncmVzc2l2ZS5WSV9VU0VDQVNFX1BST0RVQ1RfVFlQRS4uQzMuNzIwLmRhc2hfaDI2NC1iYXNpYy1nZW4yXzcyMHAiLCJ4cHZfYXNzZXRfaWQiOjIxNTY5MjU1ODQ4NzMzMjMsImFzc2V0X2FnZV9kYXlzIjoyLCJ2aV91c2VjYXNlX2lkIjoxMDc5OSwiZHVyYXRpb25fcyI6OTcsInVybGdlbl9zb3VyY2UiOiJ3d3cifQ%3D%3D&ccb=17-1&vs=5dc7d3a7a9c1fc59&_nc_vs=HBksFQIYRWZiX2VwaGVtZXJhbC85MDQ4QzI4NTdGMDExN0IzRURCQTQ4QzZFMUFBRjU5MF9tdF8xX3ZpZGVvX2Rhc2hpbml0Lm1wNBUAAsgBEgAVAhhAZmJfcGVybWFuZW50LzMxNDIyRDMyRjAwQUJDQTg2M0I1RTYxRjVDRDU2MkI4X2F1ZGlvX2Rhc2hpbml0Lm1wNBUCAsgBEgAoABgAGwKIB3VzZV9vaWwBMRJwcm9ncmVzc2l2ZV9yZWNpcGUBMRUAACbW3dj0y-3UBxUCKAJDMywXQFhAAAAAAAAYGWRhc2hfaDI2NC1iYXNpYy1nZW4yXzcyMHARAHUAZd6oAQA&_nc_gid=4H3ldKjCdEBxrrwofJWE3A&_nc_ss=7f289&_nc_zt=28&oh=00_AQAHuT-XTlIzVc_c2THIPJQXyDeP06QiWLYLs2v5MTMpIg&oe=6A58AF23,https://scontent.fblr20-3.fna.fbcdn.net/v/t39.35426-6/742145052_27666266999679192_6912484972843609245_n.jpg?_nc_cat=100&ccb=1-7&_nc_sid=c53f8f&_nc_ohc=Oef6tNAOHE0Q7kNvwE5AC38&_nc_oc=Adoh8lZMeWpaAuZUPAJ71eQUew2cYZbKPKWVzgsUDIZvkmwztNxG1mnjvhZHy0moOpHA0ysNjaNujRykDVwDuDJU&_nc_zt=14&_nc_ht=scontent.fblr20-3.fna&_nc_gid=4H3ldKjCdEBxrrwofJWE3A&_nc_ss=7f289&oh=00_AQC0d6mPoyGB2P1kOOnzOrXPFbL-3bwd_FDvdxouEngCkw&oe=6A58A5D7,2026-07-16T10:14:59.000Z,2026-07-12,https://pub-893b4a6a607b4221a894bf861da7914e.r2.dev/3589515767873253.mp4
269,243,English Seekho,565574549966663,English Seekho App,,IN,1509527853448376,https://www.facebook.com/ads/library/?id=1509527853448376,2026-01-22,,false,false,1,0,,2026-01-22,,Fluent English bolne ka sirf ek raasta – Daily practice on English Seekho App. Start now!,English Communication strong karo aur confidence badhao,Install now,http://play.google.com/store/apps/details?id=com.bolo.android,"Facebook,Instagram,Audience Network,Messenger,Threads",Fluent English bolne ka sirf ek raasta – Daily practice on English Seekho App. Start now!,English Communication strong karo aur confidence badhao,Install now,http://play.google.com/store/apps/details?id=com.bolo.android,Video,"Facebook,Instagram,Audience Network,Messenger,Threads",1,0,9:16,https://video.fblr20-4.fna.fbcdn.net/o1/v/t2/f2/m366/AQPWtC0j4p4uBdLPxurTRNgVXJCOXL7-lBusNVIBZHql6v3SY7lW_S6kq3hd8XjBznrowFqVKlhdpyV-cONzSQ9_4ScgDA5hh9tJnUh0iOv7Nw.mp4?_nc_cat=101&_nc_oc=AdrFBLcola1IHZ54mbUg3MlD2UP9wNtgsEweAU52SaYx5Ub41Vf2zYuHKeN90PcTHcJ0UzDJ5vfKqQDxyckqAd44&_nc_sid=b66105&_nc_ht=video.fblr20-4.fna.fbcdn.net&_nc_ohc=JWQSCUrPmwUQ7kNvwFq82Rn&efg=eyJ2ZW5jb2RlX3RhZyI6Inhwdl9wcm9ncmVzc2l2ZS5WSV9VU0VDQVNFX1BST0RVQ1RfVFlQRS4uQzMuNzIwLmRhc2hfaDI2NC1iYXNpYy1nZW4yXzcyMHAiLCJ4cHZfYXNzZXRfaWQiOjI1NzI3MTE3MDIwMjQ2MTgxLCJhc3NldF9hZ2VfZGF5cyI6MjA4LCJ2aV91c2VjYXNlX2lkIjoxMDEzOSwiZHVyYXRpb25fcyI6NDYsInVybGdlbl9zb3VyY2UiOiJ3d3cifQ%3D%3D&ccb=17-1&vs=654e33b033636ed4&_nc_vs=HBksFQIYRWZiX2VwaGVtZXJhbC9CODRBREI1NEY1MEEzMThCQzQ2RjM1NTFFNkU1RDRCRF9tdF8xX3ZpZGVvX2Rhc2hpbml0Lm1wNBUAAsgBEgAVAhhAZmJfcGVybWFuZW50LzFBNDQ2RDkxMEY2NUE1MjYyQ0E4MjFDOTUwRTkyODhEX2F1ZGlvX2Rhc2hpbml0Lm1wNBUCAsgBEgAoABgAGwKIB3VzZV9vaWwBMRJwcm9ncmVzc2l2ZV9yZWNpcGUBMRUAACbKwrHxpquzWxUCKAJDMywXQEc9T987ZFoYGWRhc2hfaDI2NC1iYXNpYy1nZW4yXzcyMHARAHUAZbaeAQA&_nc_gid=4H3ldKjCdEBxrrwofJWE3A&_nc_ss=7f289&_nc_zt=28&oh=00_AQAB_PGqSEzWK-D7wdiob3DuJwwXW4zO3hULamrsXt8Q_g&oe=6A58D277,https://scontent.fblr20-3.fna.fbcdn.net/v/t39.35426-6/620005008_862964900055252_7573521305593663660_n.jpg?_nc_cat=105&ccb=1-7&_nc_sid=c53f8f&_nc_ohc=VCUY38LGcL8Q7kNvwF_T4xl&_nc_oc=AdpCLnw2_QEKRc6e2xVACu7w1bq51XskXuCDr7c2afZuVgdJrHTvRVqV0M1K3pku1tx_4jjRG-4PwfxYKFdQbn_t&_nc_zt=14&_nc_ht=scontent.fblr20-3.fna&_nc_gid=4H3ldKjCdEBxrrwofJWE3A&_nc_ss=7f289&oh=00_AQCMQNtmXXAYHq9E4H-v9ExWI6RXgHxkSXYid6tVWhywCw&oe=6A58AA8C,2026-07-16T12:45:43.000Z,2026-07-12,https://pub-893b4a6a607b4221a894bf861da7914e.r2.dev/1509527853448376.mp4
270,244,English Seekho,565574549966663,English Seekho App,,IN,5195950473963815,https://www.facebook.com/ads/library/?id=5195950473963815,2026-01-30,,false,false,1,0,,2026-01-30,,Fluent English bolne ka sirf ek raasta – Daily practice on English Seekho App. Start now!,English Communication strong karo aur confidence badhao,Install now,http://play.google.com/store/apps/details?id=com.bolo.android,"Facebook,Instagram,Audience Network,Messenger,Threads",Fluent English bolne ka sirf ek raasta – Daily practice on English Seekho App. Start now!,English Communication strong karo aur confidence badhao,Install now,http://play.google.com/store/apps/details?id=com.bolo.android,Video,"Facebook,Instagram,Audience Network,Messenger,Threads",1,0,9:16,https://video.fblr20-3.fna.fbcdn.net/o1/v/t2/f2/m366/AQNaSw_b_kR5Zi5sVnU7fKWPZn7JMACtcabFQyiJ_WAcaWbiRe8m32sQYiClzyjmjiR-jpQkCN6I5RIZKjGPVqxiT6JRQb-2dgf128t6ycY0XQ.mp4?_nc_cat=109&_nc_oc=AdpgjP6NG6RkPLaxgbR_D-dkQBKtFotR7nlvobIA9DXSuSD0URLBSa23zHlNnO5n-4Osvhem3JbswZ4_wGGfeY-q&_nc_sid=b66105&_nc_ht=video.fblr20-3.fna.fbcdn.net&_nc_ohc=ynq2-3C--LoQ7kNvwFoDmV7&efg=eyJ2ZW5jb2RlX3RhZyI6Inhwdl9wcm9ncmVzc2l2ZS5WSV9VU0VDQVNFX1BST0RVQ1RfVFlQRS4uQzMuNzIwLmRhc2hfaDI2NC1iYXNpYy1nZW4yXzcyMHAiLCJ4cHZfYXNzZXRfaWQiOjE4ODU2OTIxNjIwMTk5MzQsImFzc2V0X2FnZV9kYXlzIjoyMDgsInZpX3VzZWNhc2VfaWQiOjEwMTM5LCJkdXJhdGlvbl9zIjozNCwidXJsZ2VuX3NvdXJjZSI6Ind3dyJ9&ccb=17-1&vs=bc2581513087fffa&_nc_vs=HBksFQIYRWZiX2VwaGVtZXJhbC82NzQ0OUNGRjE4NDhFREUwRkNCOTg5REZEQjkwQkVCRV9tdF8xX3ZpZGVvX2Rhc2hpbml0Lm1wNBUAAsgBEgAVAhhAZmJfcGVybWFuZW50LzlCNDE4M0EwNENERkIzREU4NUZCN0IzQjlEQTREMUEwX2F1ZGlvX2Rhc2hpbml0Lm1wNBUCAsgBEgAoABgAGwKIB3VzZV9vaWwBMRJwcm9ncmVzc2l2ZV9yZWNpcGUBMRUAACa8yci33cHZBhUCKAJDMywXQEF7peNT988YGWRhc2hfaDI2NC1iYXNpYy1nZW4yXzcyMHARAHUAZbaeAQA&_nc_gid=4H3ldKjCdEBxrrwofJWE3A&_nc_ss=7f289&_nc_zt=28&oh=00_AQATvwWRiMufVChOr62S3s2onJc28l61cM2xFTF14E_h1Q&oe=6A58AEC7,https://scontent.fblr20-4.fna.fbcdn.net/v/t39.35426-6/617602558_878487294928725_5453588711133281585_n.jpg?_nc_cat=103&ccb=1-7&_nc_sid=c53f8f&_nc_ohc=rUG_lwtTj50Q7kNvwGXqo7R&_nc_oc=Adqs-Hqy38vmRmIZK_su1R8eo8MGZ_Exl1cZr12xpYLyICkROhFJOVtqpplq7IntGpO5NQKF9_heGODTIx0LqFdA&_nc_zt=14&_nc_ht=scontent.fblr20-4.fna&_nc_gid=4H3ldKjCdEBxrrwofJWE3A&_nc_ss=7f289&oh=00_AQBfctBC8cnvO5W9ohvqM7x8dASAJ1VB3Cu170QUUKrBBg&oe=6A58B530,2026-07-16T10:13:27.000Z,2026-07-12,https://pub-893b4a6a607b4221a894bf861da7914e.r2.dev/5195950473963815.mp4
271,245,English Seekho,565574549966663,English Seekho App,,IN,2142517916297251,https://www.facebook.com/ads/library/?id=2142517916297251,2026-07-10,,false,false,1,0,,2026-07-10,,Fluent English bolne ka sirf ek raasta – Daily practice on English Seekho App. Start now!,English Communication strong karo aur confidence badhao,Install now,http://play.google.com/store/apps/details?id=com.bolo.android,"Facebook,Instagram,Audience Network,Messenger,Threads",Fluent English bolne ka sirf ek raasta – Daily practice on English Seekho App. Start now!,English Communication strong karo aur confidence badhao,Install now,http://play.google.com/store/apps/details?id=com.bolo.android,Video,"Facebook,Instagram,Audience Network,Messenger,Threads",1,0,9:16,https://video.fblr20-3.fna.fbcdn.net/o1/v/t2/f2/m366/AQOmw2NsbuVjPZY2b9_I3YgEdittwffEneHTL49EXMknkdqfRKu75_ZSNCdzAIHuos5L7cMxXz3Lyg5qqeK44Nu8qZll3Xmia1K3ZovDiBTu4g.mp4?_nc_cat=109&_nc_oc=Adp5a63GAt_nlGzmQqbQ7R8iH6tfafhXzh2_tc-atjQdx-wQy_5VeTKNrbm5ZsRltX-bzmIRJN4CaHF7c09UNqMN&_nc_sid=b66105&_nc_ht=video.fblr20-3.fna.fbcdn.net&_nc_ohc=Fx_20goBoyYQ7kNvwFstjP_&efg=eyJ2ZW5jb2RlX3RhZyI6Inhwdl9wcm9ncmVzc2l2ZS5WSV9VU0VDQVNFX1BST0RVQ1RfVFlQRS4uQzMuNzIwLmRhc2hfaDI2NC1iYXNpYy1nZW4yXzcyMHAiLCJ4cHZfYXNzZXRfaWQiOjgwNTAzMDY0OTI2NjMwMiwiYXNzZXRfYWdlX2RheXMiOjIsInZpX3VzZWNhc2VfaWQiOjEwMTM5LCJkdXJhdGlvbl9zIjoxMzcsInVybGdlbl9zb3VyY2UiOiJ3d3cifQ%3D%3D&ccb=17-1&vs=a6b35bd56775a4be&_nc_vs=HBksFQIYRWZiX2VwaGVtZXJhbC8zRDRERkNCMzA1QkEwNTRFN0I0RDExMjA3Q0UwNEVCQV9tdF8xX3ZpZGVvX2Rhc2hpbml0Lm1wNBUAAsgBEgAVAhhAZmJfcGVybWFuZW50LzRGNDg0NTU0ODk3MDlFRTI5MDhGQzY0QUFBRkEwQkExX2F1ZGlvX2Rhc2hpbml0Lm1wNBUCAsgBEgAoABgAGwKIB3VzZV9vaWwBMRJwcm9ncmVzc2l2ZV9yZWNpcGUBMRUAACb8gZDe-YruAhUCKAJDMywXQGE2p--dsi0YGWRhc2hfaDI2NC1iYXNpYy1nZW4yXzcyMHARAHUAZbaeAQA&_nc_gid=4H3ldKjCdEBxrrwofJWE3A&_nc_ss=7f289&_nc_zt=28&oh=00_AQCuqfO5Z8KXHXCyy_7KRxAeQHqU2gCCsRsijtkcrs7d6w&oe=6A58A9D7,https://scontent.fblr20-4.fna.fbcdn.net/v/t39.35426-6/743609813_1527468072489954_2004249208571918610_n.jpg?_nc_cat=101&ccb=1-7&_nc_sid=c53f8f&_nc_ohc=YVUpVJKiSjsQ7kNvwETBeB_&_nc_oc=AdrHlZw_B-HvC7fzXad4rjCpNYojw4bxVXrTe3AxbuKI2Xw29pBtoW2Fuxnr8VuAgNt4P7BL3Rwr20Zi9ziNWZJn&_nc_zt=14&_nc_ht=scontent.fblr20-4.fna&_nc_gid=4H3ldKjCdEBxrrwofJWE3A&_nc_ss=7f289&oh=00_AQBqTxNqEhRkum3rn54dPBACf75OFRXbWsofEJLUcdMGlg&oe=6A58A9A5,2026-07-16T09:52:23.000Z,2026-07-12,https://pub-893b4a6a607b4221a894bf861da7914e.r2.dev/2142517916297251.mp4
272,246,English Seekho,565574549966663,English Seekho App,,IN,1552248589633242,https://www.facebook.com/ads/library/?id=1552248589633242,2026-07-10,,false,false,1,0,,2026-07-10,,Fluent English bolne ka sirf ek raasta – Daily practice on English Seekho App. Start now!,English Communication strong karo aur confidence badhao,Install now,http://play.google.com/store/apps/details?id=com.bolo.android,"Facebook,Instagram,Audience Network,Messenger,Threads",Fluent English bolne ka sirf ek raasta – Daily practice on English Seekho App. Start now!,English Communication strong karo aur confidence badhao,Install now,http://play.google.com/store/apps/details?id=com.bolo.android,Video,"Facebook,Instagram,Audience Network,Messenger,Threads",1,0,9:16,https://video.fblr20-2.fna.fbcdn.net/o1/v/t2/f2/m366/AQNChnZcrpYVKW313Rngv4t9Pb_4vZOpfmFcGUHt6GqFOT4dXvP_aPf7NY2DETtr39NLLvnGyPAZ_ImGsOWVQ6a2e-7iIyBmub2sWFLoCKCR7g.mp4?_nc_cat=111&_nc_oc=Adrk4ogOS1iybLiYAHemaCe7kqIsLj472IU8rtH902XMkR9heDwSAc78P3LIAsFuwgwTWczpwMffk9qOuNKFAGbt&_nc_sid=b66105&_nc_ht=video.fblr20-2.fna.fbcdn.net&_nc_ohc=NDV6INvq2QAQ7kNvwGvKlyT&efg=eyJ2ZW5jb2RlX3RhZyI6Inhwdl9wcm9ncmVzc2l2ZS5WSV9VU0VDQVNFX1BST0RVQ1RfVFlQRS4uQzMuNzIwLmRhc2hfaDI2NC1iYXNpYy1nZW4yXzcyMHAiLCJ4cHZfYXNzZXRfaWQiOjI1NTM5NDAwNTE3MjQxMTMsImFzc2V0X2FnZV9kYXlzIjoyLCJ2aV91c2VjYXNlX2lkIjoxMDEzOSwiZHVyYXRpb25fcyI6OTQsInVybGdlbl9zb3VyY2UiOiJ3d3cifQ%3D%3D&ccb=17-1&vs=48d39db4b2929a42&_nc_vs=HBksFQIYRWZiX2VwaGVtZXJhbC80RTQ3Q0MzM0REODMyRjFENzFBQjQ0RTEzMzZGOTBCRV9tdF8xX3ZpZGVvX2Rhc2hpbml0Lm1wNBUAAsgBEgAVAhhAZmJfcGVybWFuZW50L0M0NDhBNjg0NjdERkM3MjBFNThCMzYyN0I2Njk1RUJDX2F1ZGlvX2Rhc2hpbml0Lm1wNBUCAsgBEgAoABgAGwKIB3VzZV9vaWwBMRJwcm9ncmVzc2l2ZV9yZWNpcGUBMRUAACainfyY8LKJCRUCKAJDMywXQFeLU_fO2RcYGWRhc2hfaDI2NC1iYXNpYy1nZW4yXzcyMHARAHUAZbaeAQA&_nc_gid=4H3ldKjCdEBxrrwofJWE3A&_nc_ss=7f289&_nc_zt=28&oh=00_AQBpGD-9EcJaA1WVmVY032SFraA7ggH-Kn0u2uImEU62-w&oe=6A58C059,https://scontent.fblr20-4.fna.fbcdn.net/v/t39.35426-6/740989450_1681166939779118_4256866309882828920_n.jpg?_nc_cat=103&ccb=1-7&_nc_sid=c53f8f&_nc_ohc=uBP0XhiCalcQ7kNvwEqP2oN&_nc_oc=AdrbZSN-iwPVjp452WDh-_IMyIRNXl5qdQH6OyoVps_x7-xDuoytwW1n_O9Byh1ut2KEdVHUoYoYFCiiDiEQzNZb&_nc_zt=14&_nc_ht=scontent.fblr20-4.fna&_nc_gid=4H3ldKjCdEBxrrwofJWE3A&_nc_ss=7f289&oh=00_AQAMwT0sgctbw66-lKwEFq2qGRANMQxuYUtKk_MSKncEZA&oe=6A58D612,2026-07-16T11:28:25.000Z,2026-07-12,https://pub-893b4a6a607b4221a894bf861da7914e.r2.dev/1552248589633242.mp4
273,247,English Seekho,565574549966663,English Seekho App,,IN,2539125103189398,https://www.facebook.com/ads/library/?id=2539125103189398,2026-07-10,,false,false,1,0,,2026-07-10,,Fluent English bolne ka sirf ek raasta – Daily practice on English Seekho App. Start now!,English Communication strong karo aur confidence badhao,Install now,http://play.google.com/store/apps/details?id=com.bolo.android,"Facebook,Instagram,Audience Network,Messenger,Threads",Fluent English bolne ka sirf ek raasta – Daily practice on English Seekho App. Start now!,English Communication strong karo aur confidence badhao,Install now,http://play.google.com/store/apps/details?id=com.bolo.android,Video,"Facebook,Instagram,Audience Network,Messenger,Threads",1,0,9:16,https://video.fblr20-3.fna.fbcdn.net/o1/v/t2/f2/m366/AQOEqkzTzYi6dJV3djyzA3_778Hc_drv-Utn-sVrhJMow_2U7RVJ-aHL1qrtnfinub2Y-6bIpL-Fn27AnMy9H9Z90il_qG4iBhdr9kG54jqknA.mp4?_nc_cat=105&_nc_oc=AdomOa4KkxrSppTTLKFxNxEvRXYl1W6PAZ-ZdV8hGl5Q96KOOpa6QhfrUOoZ6GIhc5C4VKKKK-HflAHmRBKZ00SA&_nc_sid=b66105&_nc_ht=video.fblr20-3.fna.fbcdn.net&_nc_ohc=F5Kddx_0sMQQ7kNvwEEgLTR&efg=eyJ2ZW5jb2RlX3RhZyI6Inhwdl9wcm9ncmVzc2l2ZS5WSV9VU0VDQVNFX1BST0RVQ1RfVFlQRS4uQzMuNzIwLmRhc2hfaDI2NC1iYXNpYy1nZW4yXzcyMHAiLCJ4cHZfYXNzZXRfaWQiOjM3NzIxMzM5MDYyNjE1MzgsImFzc2V0X2FnZV9kYXlzIjoyLCJ2aV91c2VjYXNlX2lkIjoxMDEzOSwiZHVyYXRpb25fcyI6NTcsInVybGdlbl9zb3VyY2UiOiJ3d3cifQ%3D%3D&ccb=17-1&vs=26e51e3868d19a12&_nc_vs=HBksFQIYRWZiX2VwaGVtZXJhbC9FRjQxMjQ0MjI1QkFDQzkxRTE5MjJCMkNEOUMyQjM5NF9tdF8xX3ZpZGVvX2Rhc2hpbml0Lm1wNBUAAsgBEgAVAhhAZmJfcGVybWFuZW50L0ZFNDZCQkZGMTUwNDM0QjBBNzY4MkQ5REE5RENDMjk5X2F1ZGlvX2Rhc2hpbml0Lm1wNBUCAsgBEgAoABgAGwKIB3VzZV9vaWwBMRJwcm9ncmVzc2l2ZV9yZWNpcGUBMRUAACbEmLnYi6-zDRUCKAJDMywXQEzzMzMzMzMYGWRhc2hfaDI2NC1iYXNpYy1nZW4yXzcyMHARAHUAZbaeAQA&_nc_gid=4H3ldKjCdEBxrrwofJWE3A&_nc_ss=7f289&_nc_zt=28&oh=00_AQB6lO3Ci0AxB8rbiOu_DSTydSNE7NFoaU14P1yybhEEYg&oe=6A58A117,https://scontent.fblr20-1.fna.fbcdn.net/v/t39.35426-6/742144995_2836959220001654_464952188437791208_n.jpg?_nc_cat=108&ccb=1-7&_nc_sid=c53f8f&_nc_ohc=31UxodbHLU8Q7kNvwEsqVY_&_nc_oc=Adr96tjY9zx_duiNV5b3fEhkgAMPRVgKJMQXJx0tlDy88p6mV-cwWeag8w4PWW_r2lCl_5FIwmQdDVgopkJCeLsg&_nc_zt=14&_nc_ht=scontent.fblr20-1.fna&_nc_gid=4H3ldKjCdEBxrrwofJWE3A&_nc_ss=7f289&oh=00_AQAkbpI5jDxd4wKyojKU-XWR47YeICw-kHUAwnEkPYy2VQ&oe=6A58C031,2026-07-16T09:15:03.000Z,2026-07-12,https://pub-893b4a6a607b4221a894bf861da7914e.r2.dev/2539125103189398.mp4
274,248,English Seekho,565574549966663,English Seekho App,,IN,1336169722036306,https://www.facebook.com/ads/library/?id=1336169722036306,2026-07-10,,false,false,1,0,,2026-07-10,,Fluent English bolne ka sirf ek raasta – Daily practice on English Seekho App. Start now!,English Communication strong karo aur confidence badhao,Install now,http://play.google.com/store/apps/details?id=com.bolo.android,"Facebook,Instagram,Audience Network,Messenger,Threads",Fluent English bolne ka sirf ek raasta – Daily practice on English Seekho App. Start now!,English Communication strong karo aur confidence badhao,Install now,http://play.google.com/store/apps/details?id=com.bolo.android,Video,"Facebook,Instagram,Audience Network,Messenger,Threads",1,0,9:16,https://video.fblr20-5.fna.fbcdn.net/o1/v/t2/f2/m366/AQNFWVq4FNJs8q0pKWff7vpGMR0k3J-8pfEa1oFOn5M4cixJa9HV0oEzFObfWrd5uj_9p_D6GsArNA0SAEHjZnYapHSxdt8544YYuvs-S-uhNg.mp4?_nc_cat=107&_nc_oc=AdpJACgwBSy0ZC4PDAYchIvywGhLeXgD66i17D71bvZgtizlvk_2JuOLrW6iZONvdtdnUnYm1VE2xhrxhRhz6TBU&_nc_sid=b66105&_nc_ht=video.fblr20-5.fna.fbcdn.net&_nc_ohc=YHXjjgXebhwQ7kNvwHrJ9G4&efg=eyJ2ZW5jb2RlX3RhZyI6Inhwdl9wcm9ncmVzc2l2ZS5WSV9VU0VDQVNFX1BST0RVQ1RfVFlQRS4uQzMuNzIwLmRhc2hfaDI2NC1iYXNpYy1nZW4yXzcyMHAiLCJ4cHZfYXNzZXRfaWQiOjM2MDI0NzUwMjY1NzQyMjQsImFzc2V0X2FnZV9kYXlzIjoyLCJ2aV91c2VjYXNlX2lkIjoxMDEzOSwiZHVyYXRpb25fcyI6NjIsInVybGdlbl9zb3VyY2UiOiJ3d3cifQ%3D%3D&ccb=17-1&vs=c7c0cc431b0b4c26&_nc_vs=HBksFQIYRWZiX2VwaGVtZXJhbC84NjQ0Q0ZFQTY4MDMwRUQ2RThGNzcxNTY4QkMxRDA4RV9tdF8xX3ZpZGVvX2Rhc2hpbml0Lm1wNBUAAsgBEgAVAhhAZmJfcGVybWFuZW50LzVFNDUxNDhBODg1MzcyNUI2RUU2NDQxOTU1Njk4NThFX2F1ZGlvX2Rhc2hpbml0Lm1wNBUCAsgBEgAoABgAGwKIB3VzZV9vaWwBMRJwcm9ncmVzc2l2ZV9yZWNpcGUBMRUAACagrqvE0pvmDBUCKAJDMywXQE9AAAAAAAAYGWRhc2hfaDI2NC1iYXNpYy1nZW4yXzcyMHARAHUAZbaeAQA&_nc_gid=4H3ldKjCdEBxrrwofJWE3A&_nc_ss=7f289&_nc_zt=28&oh=00_AQDOQJughpM-t-GmizsIbUCXfudGy0oQ4xE5BYufsBACnA&oe=6A58BE21,https://scontent.fblr20-2.fna.fbcdn.net/v/t39.35426-6/741735694_2286631258819301_3398092393021318236_n.jpg?_nc_cat=104&ccb=1-7&_nc_sid=c53f8f&_nc_ohc=415vBtR_XF8Q7kNvwEsMsuh&_nc_oc=Adoahs6RcJ80XyxZ374oztWhonyVuxNQJMFxhfsklaFq2yMevyD3_7ryIGnJnpCkjHsWobzpJr_twsUJ7h9SC_8g&_nc_zt=14&_nc_ht=scontent.fblr20-2.fna&_nc_gid=4H3ldKjCdEBxrrwofJWE3A&_nc_ss=7f289&oh=00_AQCI7HxX-99oZEthHVnZh9WXx0QBTWeZ2Z-UiBEce03k1Q&oe=6A589F21,2026-07-16T11:18:57.000Z,2026-07-12,https://pub-893b4a6a607b4221a894bf861da7914e.r2.dev/1336169722036306.mp4
275,249,English Seekho,565574549966663,English Seekho App,,IN,2177297459794723,https://www.facebook.com/ads/library/?id=2177297459794723,2026-07-10,,false,false,1,0,,2026-07-10,,Fluent English bolne ka sirf ek raasta – Daily practice on English Seekho App. Start now!,English Communication strong karo aur confidence badhao,Install now,http://play.google.com/store/apps/details?id=com.bolo.android,"Facebook,Instagram,Audience Network,Messenger,Threads",Fluent English bolne ka sirf ek raasta – Daily practice on English Seekho App. Start now!,English Communication strong karo aur confidence badhao,Install now,http://play.google.com/store/apps/details?id=com.bolo.android,Video,"Facebook,Instagram,Audience Network,Messenger,Threads",1,0,9:16,https://video.fblr20-1.fna.fbcdn.net/o1/v/t2/f2/m366/AQO4V5vI4ddJEZU9-QoIyEPwFe1XRzgCWfbhs5rGvMsDKAoXXZDwUORYQ0J-UzTyH14DqLpmfJ0oDLXdMCkURxLoNHsN4oRPEHX4t9c9e6n22w.mp4?_nc_cat=108&_nc_oc=Adoqe_3OIdMck9Q30_Y68zbVCLNiujofIzykp1L9aLsCXpMKjYLLdS6yB3uclBSvOpbiERlqqwmRZhkunDlmQP9V&_nc_sid=b66105&_nc_ht=video.fblr20-1.fna.fbcdn.net&_nc_ohc=Ffqv-rP3eegQ7kNvwEDfJAK&efg=eyJ2ZW5jb2RlX3RhZyI6Inhwdl9wcm9ncmVzc2l2ZS5WSV9VU0VDQVNFX1BST0RVQ1RfVFlQRS4uQzMuNzIwLmRhc2hfaDI2NC1iYXNpYy1nZW4yXzcyMHAiLCJ4cHZfYXNzZXRfaWQiOjc2NjM1NjQ2MzIyNjk5NiwiYXNzZXRfYWdlX2RheXMiOjIsInZpX3VzZWNhc2VfaWQiOjEwMTM5LCJkdXJhdGlvbl9zIjoxMjUsInVybGdlbl9zb3VyY2UiOiJ3d3cifQ%3D%3D&ccb=17-1&vs=37346d88a0f4b8c9&_nc_vs=HBksFQIYRWZiX2VwaGVtZXJhbC81ODRFMjQ4MjAwNDQ5RDg0ODA0QTk5NTA1OUZFNjY5OV9tdF8xX3ZpZGVvX2Rhc2hpbml0Lm1wNBUAAsgBEgAVAhhAZmJfcGVybWFuZW50Lzk2NDEyNjNBMkI3MEIzNDMyRUI3QzFFMkQxN0Q3NDk5X2F1ZGlvX2Rhc2hpbml0Lm1wNBUCAsgBEgAoABgAGwKIB3VzZV9vaWwBMRJwcm9ncmVzc2l2ZV9yZWNpcGUBMRUAACbowZjM6L_cAhUCKAJDMywXQF9dT987ZFoYGWRhc2hfaDI2NC1iYXNpYy1nZW4yXzcyMHARAHUAZbaeAQA&_nc_gid=4H3ldKjCdEBxrrwofJWE3A&_nc_ss=7f289&_nc_zt=28&oh=00_AQBAthHZWu2FLwqNoT8WEIQCkiWbGKAOKViAQLkkHcI2zQ&oe=6A58D4B0,https://scontent.fblr20-5.fna.fbcdn.net/v/t39.35426-6/742859756_1567707995010454_8380205895220019098_n.jpg?_nc_cat=107&ccb=1-7&_nc_sid=c53f8f&_nc_ohc=tIa3WvMn1eEQ7kNvwFyUPzO&_nc_oc=AdqlAXs5DmiBvAh30BnvpFL1a9g-wPk3EXXuHu2aYn5RBkOd1qMU3qTpeuT5BPU_cTPX9A6jOSTFlbMDaKw3bjPU&_nc_zt=14&_nc_ht=scontent.fblr20-5.fna&_nc_gid=4H3ldKjCdEBxrrwofJWE3A&_nc_ss=7f289&oh=00_AQDaZAFnHfoEoqwTCNeUJRKp1jVXEYnQPQH6sn9vaPydrw&oe=6A58B124,2026-07-16T12:55:12.000Z,2026-07-12,https://pub-893b4a6a607b4221a894bf861da7914e.r2.dev/2177297459794723.mp4
276,250,English Seekho,565574549966663,English Seekho App,,IN,2068879217338236,https://www.facebook.com/ads/library/?id=2068879217338236,2026-07-08,,false,false,1,0,,2026-07-08,,Fluent English bolne ka sirf ek raasta – Daily practice on English Seekho App. Start now!,English Communication strong karo aur confidence badhao,Install now,http://play.google.com/store/apps/details?id=com.bolo.android,"Facebook,Instagram,Audience Network,Messenger,Threads",Fluent English bolne ka sirf ek raasta – Daily practice on English Seekho App. Start now!,English Communication strong karo aur confidence badhao,Install now,http://play.google.com/store/apps/details?id=com.bolo.android,Video,"Facebook,Instagram,Audience Network,Messenger,Threads",1,0,9:16,https://video.fblr20-3.fna.fbcdn.net/o1/v/t2/f2/m366/AQO85NmSpv-IYLv8SH3JNU2XFaxXFpTXelUKkTxI6wKIfKGLF2et9V2W61TiigHbFE-zeV5UTQV5HrmFAtPwFcPsIYrplEfByNJk-bA_JGuVmg.mp4?_nc_cat=109&_nc_oc=AdqB1u1PYm62CiO6g4AsV0rIGI4qgIKQw2kXYVtkshAAR6avmKtx_YLCY1IgmG5a1W7iAeMziq5QyX6CjonUKnDp&_nc_sid=b66105&_nc_ht=video.fblr20-3.fna.fbcdn.net&_nc_ohc=BD3GxWPyKUYQ7kNvwE89Hto&efg=eyJ2ZW5jb2RlX3RhZyI6Inhwdl9wcm9ncmVzc2l2ZS5WSV9VU0VDQVNFX1BST0RVQ1RfVFlQRS4uQzMuNzIwLmRhc2hfaDI2NC1iYXNpYy1nZW4yXzcyMHAiLCJ4cHZfYXNzZXRfaWQiOjIyNTQ2OTU1MjIwMTUxNDcsImFzc2V0X2FnZV9kYXlzIjoyLCJ2aV91c2VjYXNlX2lkIjoxMDc5OSwiZHVyYXRpb25fcyI6OTYsInVybGdlbl9zb3VyY2UiOiJ3d3cifQ%3D%3D&ccb=17-1&vs=cab85405b8cabb3b&_nc_vs=HBksFQIYRWZiX2VwaGVtZXJhbC8zRTQ3RkRFMTVGNEVENTNCNTQ5RkRGQzg5NDExOUNBRF9tdF8xX3ZpZGVvX2Rhc2hpbml0Lm1wNBUAAsgBEgAVAhhAZmJfcGVybWFuZW50LzM2NDFCMjMxN0MzOEQwRkFFOTM3RERGQzRCMzRENjk4X2F1ZGlvX2Rhc2hpbml0Lm1wNBUCAsgBEgAoABgAGwKIB3VzZV9vaWwBMRJwcm9ncmVzc2l2ZV9yZWNpcGUBMRUAACbW3tTaxqiBCBUCKAJDMywXQFgzMzMzMzMYGWRhc2hfaDI2NC1iYXNpYy1nZW4yXzcyMHARAHUAZd6oAQA&_nc_gid=4H3ldKjCdEBxrrwofJWE3A&_nc_ss=7f289&_nc_zt=28&oh=00_AQAC2m-Yrc0dDddjxbikVV6uKIrvJqoF_B1gV77IjLuwQg&oe=6A58C8F7,https://scontent.fblr20-2.fna.fbcdn.net/v/t39.35426-6/741068639_1499660938065544_7527600670415130486_n.jpg?_nc_cat=104&ccb=1-7&_nc_sid=c53f8f&_nc_ohc=rDLZmadi2nQQ7kNvwEa35IR&_nc_oc=AdrdLphYgkZhKlgXpIot6XkvW_-SqQr7VgK6d0vgCyxNfmP35Rq_m-jwedRGEYrkyPVaqckEASGeDcEcFKlfOYzy&_nc_zt=14&_nc_ht=scontent.fblr20-2.fna&_nc_gid=4H3ldKjCdEBxrrwofJWE3A&_nc_ss=7f289&oh=00_AQBxj209U06F9c5zC4gTnOU0SmD5g-IJN3L24es_ssSmmw&oe=6A58CE13,2026-07-16T12:05:11.000Z,2026-07-12,https://pub-893b4a6a607b4221a894bf861da7914e.r2.dev/2068879217338236.mp4
277,251,English Seekho,565574549966663,English Seekho App,,IN,884294820955142,https://www.facebook.com/ads/library/?id=884294820955142,2026-07-09,,false,true,2,0,884294820955142,2026-07-09,,Fluent English bolne ka sirf ek raasta – Daily practice on English Seekho App. Start now!,English Communication strong karo aur confidence badhao,Install now,http://play.google.com/store/apps/details?id=com.bolo.android,"Facebook,Instagram,Audience Network,Messenger,Threads",Fluent English bolne ka sirf ek raasta – Daily practice on English Seekho App. Start now!,English Communication strong karo aur confidence badhao,Install now,http://play.google.com/store/apps/details?id=com.bolo.android,Video,"Facebook,Instagram,Audience Network,Messenger,Threads",1,0,9:16,https://video.fblr20-4.fna.fbcdn.net/o1/v/t2/f2/m366/AQPHXKGgDGS_DoulUocNpJN6_UPqcjl_rvdQgOZ0DxIiZhxHx1GAwG2ECvlaUM4iWG3irEAKe8d9Ao5MzJZ_doj8nc4Iv6RgP2wdpoWkFzN0MA.mp4?_nc_cat=101&_nc_oc=AdprfPD5Hr3NrKNpxgoLA7oOkbvELqaHMW3n264de2tjZCBdpRJYRF952rrph2eHrKK2UZP8UsilAjI7BEEHS8ap&_nc_sid=b66105&_nc_ht=video.fblr20-4.fna.fbcdn.net&_nc_ohc=KgYYrdPaETwQ7kNvwE9RYeU&efg=eyJ2ZW5jb2RlX3RhZyI6Inhwdl9wcm9ncmVzc2l2ZS5WSV9VU0VDQVNFX1BST0RVQ1RfVFlQRS4uQzMuNzIwLmRhc2hfaDI2NC1iYXNpYy1nZW4yXzcyMHAiLCJ4cHZfYXNzZXRfaWQiOjI1MzI5ODA1NTcxNjQ2MDQsImFzc2V0X2FnZV9kYXlzIjo5LCJ2aV91c2VjYXNlX2lkIjoxMDEzOSwiZHVyYXRpb25fcyI6OTUsInVybGdlbl9zb3VyY2UiOiJ3d3cifQ%3D%3D&ccb=17-1&vs=d3f06739c2423a83&_nc_vs=HBksFQIYRWZiX2VwaGVtZXJhbC9GRTQ3Mzc2NzQ4RkQ0REE0NDg0RkJGM0VFODIwM0VCOV9tdF8xX3ZpZGVvX2Rhc2hpbml0Lm1wNBUAAsgBEgAVAhhAZmJfcGVybWFuZW50LzdCNDcxMjNENEVGODFBQTM2OTU5NzJFQkY0QzdGRkE2X2F1ZGlvX2Rhc2hpbml0Lm1wNBUCAsgBEgAoABgAGwKIB3VzZV9vaWwBMRJwcm9ncmVzc2l2ZV9yZWNpcGUBMRUAACb4wKnl7-7_CBUCKAJDMywXQFfIMSbpeNUYGWRhc2hfaDI2NC1iYXNpYy1nZW4yXzcyMHARAHUAZbaeAQA&_nc_gid=4H3ldKjCdEBxrrwofJWE3A&_nc_ss=7f289&_nc_zt=28&oh=00_AQBFNa4qOpJZR6GZEGC4zZX5B39-GcBP6zDaFFJIszcROw&oe=6A58CBD7,https://scontent.fblr20-3.fna.fbcdn.net/v/t39.35426-6/744213609_1922032301812864_7125753307500297854_n.jpg?_nc_cat=100&ccb=1-7&_nc_sid=c53f8f&_nc_ohc=eatEhd27TmMQ7kNvwE5eEOk&_nc_oc=Adr30vg-87L41qExOmXODLcDcexqH-LNU-DU3x5jLNQkBWm9o-v14oQq30dtYIVavOd4c3Tx4b6Q2tWxcCdORAbG&_nc_zt=14&_nc_ht=scontent.fblr20-3.fna&_nc_gid=4H3ldKjCdEBxrrwofJWE3A&_nc_ss=7f289&oh=00_AQBlEXUf_axqnl3AP_aMDGsMZ6tbXHNqgh30PGg8dXJYaw&oe=6A58D67F,2026-07-16T12:17:27.000Z,2026-07-12,https://pub-893b4a6a607b4221a894bf861da7914e.r2.dev/884294820955142.mp4
278,251,English Seekho,565574549966663,English Seekho App,,IN,884294820955142,https://www.facebook.com/ads/library/?id=884294820955142,2026-07-09,,false,true,2,1,2897063927297818,2026-07-08,,Fluent English bolne ka sirf ek raasta – Daily practice on English Seekho App. Start now!,English Communication strong karo aur confidence badhao,Install now,http://play.google.com/store/apps/details?id=com.bolo.android,"Facebook,Instagram,Audience Network,Messenger,Threads",Fluent English bolne ka sirf ek raasta – Daily practice on English Seekho App. Start now!,English Communication strong karo aur confidence badhao,Install now,http://play.google.com/store/apps/details?id=com.bolo.android,Video,"Facebook,Instagram,Audience Network,Messenger,Threads",1,0,9:16,https://video.fblr20-4.fna.fbcdn.net/o1/v/t2/f2/m366/AQPHXKGgDGS_DoulUocNpJN6_UPqcjl_rvdQgOZ0DxIiZhxHx1GAwG2ECvlaUM4iWG3irEAKe8d9Ao5MzJZ_doj8nc4Iv6RgP2wdpoWkFzN0MA.mp4?_nc_cat=101&_nc_oc=AdprfPD5Hr3NrKNpxgoLA7oOkbvELqaHMW3n264de2tjZCBdpRJYRF952rrph2eHrKK2UZP8UsilAjI7BEEHS8ap&_nc_sid=b66105&_nc_ht=video.fblr20-4.fna.fbcdn.net&_nc_ohc=KgYYrdPaETwQ7kNvwE9RYeU&efg=eyJ2ZW5jb2RlX3RhZyI6Inhwdl9wcm9ncmVzc2l2ZS5WSV9VU0VDQVNFX1BST0RVQ1RfVFlQRS4uQzMuNzIwLmRhc2hfaDI2NC1iYXNpYy1nZW4yXzcyMHAiLCJ4cHZfYXNzZXRfaWQiOjI1MzI5ODA1NTcxNjQ2MDQsImFzc2V0X2FnZV9kYXlzIjo5LCJ2aV91c2VjYXNlX2lkIjoxMDEzOSwiZHVyYXRpb25fcyI6OTUsInVybGdlbl9zb3VyY2UiOiJ3d3cifQ%3D%3D&ccb=17-1&vs=d3f06739c2423a83&_nc_vs=HBksFQIYRWZiX2VwaGVtZXJhbC9GRTQ3Mzc2NzQ4RkQ0REE0NDg0RkJGM0VFODIwM0VCOV9tdF8xX3ZpZGVvX2Rhc2hpbml0Lm1wNBUAAsgBEgAVAhhAZmJfcGVybWFuZW50LzdCNDcxMjNENEVGODFBQTM2OTU5NzJFQkY0QzdGRkE2X2F1ZGlvX2Rhc2hpbml0Lm1wNBUCAsgBEgAoABgAGwKIB3VzZV9vaWwBMRJwcm9ncmVzc2l2ZV9yZWNpcGUBMRUAACb4wKnl7-7_CBUCKAJDMywXQFfIMSbpeNUYGWRhc2hfaDI2NC1iYXNpYy1nZW4yXzcyMHARAHUAZbaeAQA&_nc_gid=xxVtpqZYtsFdr7UjDJuKbg&_nc_ss=7f289&_nc_zt=28&oh=00_AQDhJVVx1u2yOOZPZKtUViJ3i_f4YEOsiAKz2-SLOCAVxQ&oe=6A58CBD7,https://scontent.fblr20-3.fna.fbcdn.net/v/t39.35426-6/741265839_855997283995067_4861536840915174912_n.jpg?_nc_cat=109&ccb=1-7&_nc_sid=c53f8f&_nc_ohc=YwESSvqhaY8Q7kNvwEAM2LI&_nc_oc=AdpuL6aN2QlXW9XG47AH8RB-MgDKi0DL1BF3PqkqMPt64c1DO8XuqtGE6AFRKQpbKvzfhKXMjJLx0PtbeiB0QzjK&_nc_zt=14&_nc_ht=scontent.fblr20-3.fna&_nc_gid=xxVtpqZYtsFdr7UjDJuKbg&_nc_ss=7f289&oh=00_AQB7gxqqTrVEQyoZEmV1wEe9P5sApJmUZIkUSTTZXZ5tBg&oe=6A58D3BA,2026-07-16T12:17:27.000Z,2026-07-12,
279,252,English Seekho,565574549966663,English Seekho App,,IN,1700950387877290,https://www.facebook.com/ads/library/?id=1700950387877290,2026-07-10,,false,false,1,0,,2026-07-10,,Fluent English bolne ka sirf ek raasta – Daily practice on English Seekho App. Start now!,English Communication strong karo aur confidence badhao,Install now,http://play.google.com/store/apps/details?id=com.bolo.android,"Facebook,Instagram,Audience Network,Messenger,Threads",Fluent English bolne ka sirf ek raasta – Daily practice on English Seekho App. Start now!,English Communication strong karo aur confidence badhao,Install now,http://play.google.com/store/apps/details?id=com.bolo.android,Video,"Facebook,Instagram,Audience Network,Messenger,Threads",1,0,9:16,https://video.fblr20-3.fna.fbcdn.net/o1/v/t2/f2/m366/AQOE4BLgZ1QEsD2q8SAAH4HWOqE7qq1ovKZz29e4syYTO0L9pJKRCb_e_K0LOyn2XpfOpGt2T_eueXjNJ-L9TjI9kSK13y-RkbDi4W7GEpvDug.mp4?_nc_cat=100&_nc_oc=AdpUnF7kuSZyvlOlggxsK6YfCgp-fxUNgMhDEHBuxFMz9rW_rk95yinF4vc4lKOY7H-oSJEh5yBJqPJkNT3Iv-97&_nc_sid=b66105&_nc_ht=video.fblr20-3.fna.fbcdn.net&_nc_ohc=wAboYew08NEQ7kNvwGaCz99&efg=eyJ2ZW5jb2RlX3RhZyI6Inhwdl9wcm9ncmVzc2l2ZS5WSV9VU0VDQVNFX1BST0RVQ1RfVFlQRS4uQzMuNzIwLmRhc2hfaDI2NC1iYXNpYy1nZW4yXzcyMHAiLCJ4cHZfYXNzZXRfaWQiOjEwMzgxODg3ODIyNDYxMjIsImFzc2V0X2FnZV9kYXlzIjoyLCJ2aV91c2VjYXNlX2lkIjoxMDEzOSwiZHVyYXRpb25fcyI6NzIsInVybGdlbl9zb3VyY2UiOiJ3d3cifQ%3D%3D&ccb=17-1&vs=d5aa3beebc41adcc&_nc_vs=HBksFQIYRWZiX2VwaGVtZXJhbC8wNDQ5RDUzQkVFMDdGODZFNjc1MzIxQTA0QjIxOUE4Q19tdF8xX3ZpZGVvX2Rhc2hpbml0Lm1wNBUAAsgBEgAVAhhAZmJfcGVybWFuZW50LzI2NDA2OEM3NzY0MzFGNDIyMUU3MkQ2QkRCQjUyRjlDX2F1ZGlvX2Rhc2hpbml0Lm1wNBUCAsgBEgAoABgAGwKIB3VzZV9vaWwBMRJwcm9ncmVzc2l2ZV9yZWNpcGUBMRUAACbU45qZxY7YAxUCKAJDMywXQFIYAAAAAAAYGWRhc2hfaDI2NC1iYXNpYy1nZW4yXzcyMHARAHUAZbaeAQA&_nc_gid=xxVtpqZYtsFdr7UjDJuKbg&_nc_ss=7f289&_nc_zt=28&oh=00_AQAh3neqpkAgGCFKFX-abrJEx_TCDj52KA330_i99u5kdg&oe=6A58A478,https://scontent.fblr20-3.fna.fbcdn.net/v/t39.35426-6/743564120_1327966206209176_4592232286603703047_n.jpg?_nc_cat=105&ccb=1-7&_nc_sid=c53f8f&_nc_ohc=pLoqNSk4f4QQ7kNvwGNpx9d&_nc_oc=AdoUqA70GYi5reN79MfITyfxO1a_ppEUDZDR5QyKHv0gbYhpKhWNZTjr232iItzsWX5qDml9daTLOz7YmHFLDdbk&_nc_zt=14&_nc_ht=scontent.fblr20-3.fna&_nc_gid=xxVtpqZYtsFdr7UjDJuKbg&_nc_ss=7f289&oh=00_AQBsEmy0ZOlWT4uSezwju9HQHNQIcXfVAhIT1GmufuF4JA&oe=6A58A780,2026-07-16T09:29:28.000Z,2026-07-12,https://pub-893b4a6a607b4221a894bf861da7914e.r2.dev/1700950387877290.mp4
280,253,English Seekho,565574549966663,English Seekho App,,IN,2050028178934087,https://www.facebook.com/ads/library/?id=2050028178934087,2026-07-10,,false,false,1,0,,2026-07-10,,Fluent English bolne ka sirf ek raasta – Daily practice on English Seekho App. Start now!,English Communication strong karo aur confidence badhao,Install now,http://play.google.com/store/apps/details?id=com.bolo.android,"Facebook,Instagram,Audience Network,Messenger,Threads",Fluent English bolne ka sirf ek raasta – Daily practice on English Seekho App. Start now!,English Communication strong karo aur confidence badhao,Install now,http://play.google.com/store/apps/details?id=com.bolo.android,Video,"Facebook,Instagram,Audience Network,Messenger,Threads",1,0,9:16,https://video.fblr20-3.fna.fbcdn.net/o1/v/t2/f2/m366/AQMMFCgmHyIgvPzkVwKCUhoBO0YpLr0_91QsHzq1VYujHO7loN3lepecstFdPAl0MiOxG_CYAO4yyPSjk5aubbIhEmWLyAG3oUuclgZSchEYjA.mp4?_nc_cat=100&_nc_oc=AdpeiGZ6zXdppL1Yc_C6-aP6PoIFYef3_DUxJXciKzdVap-k2xaTpo84bKzoOddmizr4lTFAauXjJgP6osJQRtwF&_nc_sid=b66105&_nc_ht=video.fblr20-3.fna.fbcdn.net&_nc_ohc=QKJCMjPvsLsQ7kNvwE_xoiV&efg=eyJ2ZW5jb2RlX3RhZyI6Inhwdl9wcm9ncmVzc2l2ZS5WSV9VU0VDQVNFX1BST0RVQ1RfVFlQRS4uQzMuNzIwLmRhc2hfaDI2NC1iYXNpYy1nZW4yXzcyMHAiLCJ4cHZfYXNzZXRfaWQiOjEyMTk4MTQyMjAyNzAwMzUsImFzc2V0X2FnZV9kYXlzIjoyLCJ2aV91c2VjYXNlX2lkIjoxMDEzOSwiZHVyYXRpb25fcyI6NzUsInVybGdlbl9zb3VyY2UiOiJ3d3cifQ%3D%3D&ccb=17-1&vs=be0a2e300877dfa0&_nc_vs=HBksFQIYRWZiX2VwaGVtZXJhbC8yNzRBQUIwQTE5RDMwMzREQTJDMDIzODM2MjZFQzVCNl9tdF8xX3ZpZGVvX2Rhc2hpbml0Lm1wNBUAAsgBEgAVAhhAZmJfcGVybWFuZW50Lzk3NDk5NTk0RUJDOUI2QTVGQUNFNURCQTYzOEZDQjk2X2F1ZGlvX2Rhc2hpbml0Lm1wNBUCAsgBEgAoABgAGwKIB3VzZV9vaWwBMRJwcm9ncmVzc2l2ZV9yZWNpcGUBMRUAACamp9SUxNqqBBUCKAJDMywXQFLVT987ZFoYGWRhc2hfaDI2NC1iYXNpYy1nZW4yXzcyMHARAHUAZbaeAQA&_nc_gid=xxVtpqZYtsFdr7UjDJuKbg&_nc_ss=7f289&_nc_zt=28&oh=00_AQBIRZUoZYMzlMFIuRwsA9ogZ_w85sXNEJ6F-PoaueOasg&oe=6A58A3FC,https://scontent.fblr20-2.fna.fbcdn.net/v/t39.35426-6/743995901_1461052619160913_6086416047638095627_n.jpg?_nc_cat=102&ccb=1-7&_nc_sid=c53f8f&_nc_ohc=5hERN54_gggQ7kNvwG7NF2d&_nc_oc=AdoWxb8TVX3LNQ8nION4U-EvfRqLhaE_XgmjRp2RPMCaY00V6-VhU7aX8ajql6OfK-A2hGj9BVe_pw60ZW8jnjjB&_nc_zt=14&_nc_ht=scontent.fblr20-2.fna&_nc_gid=xxVtpqZYtsFdr7UjDJuKbg&_nc_ss=7f289&oh=00_AQAodNtUCy_0dfjOzHqjqcMAbfWuK9qVoFutG4x6a_H0NA&oe=6A58D11F,2026-07-16T09:27:24.000Z,2026-07-12,https://pub-893b4a6a607b4221a894bf861da7914e.r2.dev/2050028178934087.mp4
281,254,English Seekho,565574549966663,English Seekho App,,IN,1870547757684074,https://www.facebook.com/ads/library/?id=1870547757684074,2026-07-09,,false,false,1,0,,2026-07-09,,Fluent English bolne ka sirf ek raasta – Daily practice on English Seekho App. Start now!,English Communication strong karo aur confidence badhao,Install now,http://play.google.com/store/apps/details?id=com.bolo.android,"Facebook,Instagram,Audience Network,Messenger,Threads",Fluent English bolne ka sirf ek raasta – Daily practice on English Seekho App. Start now!,English Communication strong karo aur confidence badhao,Install now,http://play.google.com/store/apps/details?id=com.bolo.android,Video,"Facebook,Instagram,Audience Network,Messenger,Threads",1,0,9:16,https://video.fblr20-4.fna.fbcdn.net/o1/v/t2/f2/m366/AQNPT5hOAJcBY2CZ6tCYUKJdWMo8CiBSJhzq0HEiConxQSvwHIP15EfmTLyhnPA8u0Mm_VL3gD-SJIzAQLcCRYPeaQX2-hScv8Bcz8LBFEXVjA.mp4?_nc_cat=103&_nc_oc=Adp_AGDG_JI8fLVovyKWX8FF7Wu7MQXHPKSVPG6J5mXngSHjpyXR4toEq6WjZiYnSGZuSDg2xFcnYp9Lbkf2myRJ&_nc_sid=b66105&_nc_ht=video.fblr20-4.fna.fbcdn.net&_nc_ohc=3YX1zWKv6e0Q7kNvwHZggmT&efg=eyJ2ZW5jb2RlX3RhZyI6Inhwdl9wcm9ncmVzc2l2ZS5WSV9VU0VDQVNFX1BST0RVQ1RfVFlQRS4uQzMuNzIwLmRhc2hfaDI2NC1iYXNpYy1nZW4yXzcyMHAiLCJ4cHZfYXNzZXRfaWQiOjQwMTY2MTg2MTUzMDQ1OTcsImFzc2V0X2FnZV9kYXlzIjo0NSwidmlfdXNlY2FzZV9pZCI6MTAxMzksImR1cmF0aW9uX3MiOjE1NywidXJsZ2VuX3NvdXJjZSI6Ind3dyJ9&ccb=17-1&vs=90bf57ae0c7ea72b&_nc_vs=HBksFQIYRWZiX2VwaGVtZXJhbC82MTQ4MzBDNjAwRTIyNkE0RUYzQjg3NDZEOEMzQTk5N19tdF8xX3ZpZGVvX2Rhc2hpbml0Lm1wNBUAAsgBEgAVAhhAZmJfcGVybWFuZW50LzUyNDI4MzQ1RUJENzJBQjA4QTgyNUJCM0JDNjMwOUE4X2F1ZGlvX2Rhc2hpbml0Lm1wNBUCAsgBEgAoABgAGwKIB3VzZV9vaWwBMRJwcm9ncmVzc2l2ZV9yZWNpcGUBMRUAACaqxpvc_MWiDhUCKAJDMywXQGOpR64UeuEYGWRhc2hfaDI2NC1iYXNpYy1nZW4yXzcyMHARAHUAZbaeAQA&_nc_gid=xxVtpqZYtsFdr7UjDJuKbg&_nc_ss=7f289&_nc_zt=28&oh=00_AQCifcIhMoHKucN9DPDd9-Y9467k8KI2vK9binbti3Dc7w&oe=6A58CEDD,https://scontent.fblr20-2.fna.fbcdn.net/v/t39.35426-6/743975617_918853757895589_704820413254304514_n.jpg?_nc_cat=104&ccb=1-7&_nc_sid=c53f8f&_nc_ohc=j4_QPSxnjYcQ7kNvwEr_Mij&_nc_oc=AdqzZLaRdCeW4dgbjgcivIh4iHtBYSw4z9kFf1vKBiswNBcmAx-EnqD4X7r3LbrlKsG8QjkpNQbnd6FoiXXsdFUj&_nc_zt=14&_nc_ht=scontent.fblr20-2.fna&_nc_gid=xxVtpqZYtsFdr7UjDJuKbg&_nc_ss=7f289&oh=00_AQCIu3LajsKdWokY9siMhuRtb5eCewTKFP2vHu6VAsEFEQ&oe=6A58BB80,2026-07-16T12:30:21.000Z,2026-07-12,https://pub-893b4a6a607b4221a894bf861da7914e.r2.dev/1870547757684074.mp4
282,255,English Seekho,565574549966663,English Seekho App,,IN,28038841199053239,https://www.facebook.com/ads/library/?id=28038841199053239,2026-07-10,,false,false,1,0,,2026-07-10,,Fluent English bolne ka sirf ek raasta – Daily practice on English Seekho App. Start now!,English Communication strong karo aur confidence badhao,Install now,http://play.google.com/store/apps/details?id=com.bolo.android,"Facebook,Instagram,Audience Network,Messenger,Threads",Fluent English bolne ka sirf ek raasta – Daily practice on English Seekho App. Start now!,English Communication strong karo aur confidence badhao,Install now,http://play.google.com/store/apps/details?id=com.bolo.android,Video,"Facebook,Instagram,Audience Network,Messenger,Threads",1,0,9:16,https://video.fblr20-4.fna.fbcdn.net/o1/v/t2/f2/m366/AQOq1w5jNPi4oOY9GIVhZiYBvyyx2lEJ0LAoRfu3OOmQqxwIe_ofXuc4pARbFdMMsdMbMc_cvCX7cNCmnq37ht1P1uppQ-3gcyy59WH28MTqCA.mp4?_nc_cat=106&_nc_oc=AdppfMEIsyoPpbJN4PFiPG09SYwcL3XNzY8jIThtd-Th6usD81bPaqoJwdB2lmWxSzBw15Qkh6gylCmLbHAslVmm&_nc_sid=b66105&_nc_ht=video.fblr20-4.fna.fbcdn.net&_nc_ohc=kxlzj0pAazsQ7kNvwEfFpOk&efg=eyJ2ZW5jb2RlX3RhZyI6Inhwdl9wcm9ncmVzc2l2ZS5WSV9VU0VDQVNFX1BST0RVQ1RfVFlQRS4uQzMuNzIwLmRhc2hfaDI2NC1iYXNpYy1nZW4yXzcyMHAiLCJ4cHZfYXNzZXRfaWQiOjE2NjU4NDY3Nzc4NTg1NDQsImFzc2V0X2FnZV9kYXlzIjoyLCJ2aV91c2VjYXNlX2lkIjoxMDEzOSwiZHVyYXRpb25fcyI6MTIxLCJ1cmxnZW5fc291cmNlIjoid3d3In0%3D&ccb=17-1&vs=18df7ebf2ccb292c&_nc_vs=HBksFQIYRWZiX2VwaGVtZXJhbC8xNDQxRDE3ODc1RDgyMTFBODc3MzhCQkMwNjlFRTNBMF9tdF8xX3ZpZGVvX2Rhc2hpbml0Lm1wNBUAAsgBEgAVAhhAZmJfcGVybWFuZW50L0QyNDYyNzg4NDZEQkI1OUIzRUIzMjdCODQxOURFQUFCX2F1ZGlvX2Rhc2hpbml0Lm1wNBUCAsgBEgAoABgAGwKIB3VzZV9vaWwBMRJwcm9ncmVzc2l2ZV9yZWNpcGUBMRUAACbgp47XhcX1BRUCKAJDMywXQF5rhR64UewYGWRhc2hfaDI2NC1iYXNpYy1nZW4yXzcyMHARAHUAZbaeAQA&_nc_gid=xxVtpqZYtsFdr7UjDJuKbg&_nc_ss=7f289&_nc_zt=28&oh=00_AQDz0uavM6blLEAPrgplDZtQLq9df19DH6bmjZN1ZDOvpw&oe=6A58C152,https://scontent.fblr20-1.fna.fbcdn.net/v/t39.35426-6/743635768_907190152431704_450110241087172750_n.jpg?_nc_cat=110&ccb=1-7&_nc_sid=c53f8f&_nc_ohc=clyrmgpnYswQ7kNvwGono2I&_nc_oc=AdoR_JsDrwKcz_ktsOInnSVrCSyNTzJcvHgQfby_mbEKNx0RaO-vQNptnCeadYYoB5KJP9DrfURSOC0GJGJMxwiN&_nc_zt=14&_nc_ht=scontent.fblr20-1.fna&_nc_gid=xxVtpqZYtsFdr7UjDJuKbg&_nc_ss=7f289&oh=00_AQC8uFE88mFeA8wJRzG4Q39i2IgC70jxglRIW_Y73oLZ0Q&oe=6A58A428,2026-07-16T11:32:34.000Z,2026-07-12,https://pub-893b4a6a607b4221a894bf861da7914e.r2.dev/28038841199053239.mp4
283,256,English Seekho,565574549966663,English Seekho App,,IN,1717353739307487,https://www.facebook.com/ads/library/?id=1717353739307487,2026-06-23,,false,false,1,0,,2026-06-23,,Fluent English bolne ka sirf ek raasta – Daily practice on English Seekho App. Start now!,English Communication strong karo aur confidence badhao,Install now,http://play.google.com/store/apps/details?id=com.bolo.android,"Facebook,Instagram,Audience Network,Messenger,Threads",Fluent English bolne ka sirf ek raasta – Daily practice on English Seekho App. Start now!,English Communication strong karo aur confidence badhao,Install now,http://play.google.com/store/apps/details?id=com.bolo.android,Video,"Facebook,Instagram,Audience Network,Messenger,Threads",1,0,9:16,https://video.fblr20-4.fna.fbcdn.net/o1/v/t2/f2/m366/AQNuN0YE5bLly670BcrPbWE833ikzJ4-AOnpIbj8J3oXFmsAXOx9lWYsMnIqioQGreRiopOHL5tkWJV-whQOtjqL7OqCPuVFJDxSRnky7vIKdA.mp4?_nc_cat=101&_nc_oc=AdpTDlewexThdhYegO_twmz0ZkRKg64hDjkZ_owZ088ZeKcaCyWsSYaXbO-3VcRUfg-4pk-6Ux1N4kBz3d0xhHoH&_nc_sid=b66105&_nc_ht=video.fblr20-4.fna.fbcdn.net&_nc_ohc=Zf1XZ66d-RcQ7kNvwG5ndbF&efg=eyJ2ZW5jb2RlX3RhZyI6Inhwdl9wcm9ncmVzc2l2ZS5WSV9VU0VDQVNFX1BST0RVQ1RfVFlQRS4uQzMuNzIwLmRhc2hfaDI2NC1iYXNpYy1nZW4yXzcyMHAiLCJ4cHZfYXNzZXRfaWQiOjk2ODY4ODI1MjI2NzY4NSwiYXNzZXRfYWdlX2RheXMiOjk0LCJ2aV91c2VjYXNlX2lkIjoxMDEzOSwiZHVyYXRpb25fcyI6NTQsInVybGdlbl9zb3VyY2UiOiJ3d3cifQ%3D%3D&ccb=17-1&vs=99a23761e04b19d4&_nc_vs=HBksFQIYRWZiX2VwaGVtZXJhbC8yNzQ1NzZDMDk1RTUwMDI5QjhDMDMzNEI2MTVCRkQ5OV9tdF8xX3ZpZGVvX2Rhc2hpbml0Lm1wNBUAAsgBEgAVAhhAZmJfcGVybWFuZW50L0JCNEE2NDI3N0QzODQyM0Y4NkE3MkEwNThBMjkzNTlBX2F1ZGlvX2Rhc2hpbml0Lm1wNBUCAsgBEgAoABgAGwKIB3VzZV9vaWwBMRJwcm9ncmVzc2l2ZV9yZWNpcGUBMRUAACbKsuXyicG4AxUCKAJDMywXQEsmZmZmZmYYGWRhc2hfaDI2NC1iYXNpYy1nZW4yXzcyMHARAHUAZbaeAQA&_nc_gid=xxVtpqZYtsFdr7UjDJuKbg&_nc_ss=7f289&_nc_zt=28&oh=00_AQDymV_vMkxzMp5diDeO08GhZDkPJDWyZXDVr2Dpq7yGuQ&oe=6A58A6FF,https://scontent.fblr20-4.fna.fbcdn.net/v/t39.35426-6/730598663_806157902463265_2003503448858101182_n.jpg?_nc_cat=106&ccb=1-7&_nc_sid=c53f8f&_nc_ohc=sV9fTneRvzoQ7kNvwFwJBwD&_nc_oc=Adpr37iDcGZ6mGghPo9d1w73IR8iI383-uQ8GGgieNsj8o8PoEgMc4wiSQLkbK7jXPHQaLrALLkgABRSWgoXj9tE&_nc_zt=14&_nc_ht=scontent.fblr20-4.fna&_nc_gid=xxVtpqZYtsFdr7UjDJuKbg&_nc_ss=7f289&oh=00_AQCEwcWP9puLtjiSzNpRXwgazD_hzMiIIymM_4O-vJzlDw&oe=6A58AB61,2026-07-16T09:40:15.000Z,2026-07-12,https://pub-893b4a6a607b4221a894bf861da7914e.r2.dev/1717353739307487.mp4
284,257,English Seekho,565574549966663,English Seekho App,,IN,1317756543861267,https://www.facebook.com/ads/library/?id=1317756543861267,2026-07-10,,false,false,1,0,,2026-07-10,,Fluent English bolne ka sirf ek raasta – Daily practice on English Seekho App. Start now!,English Communication strong karo aur confidence badhao,Install now,http://play.google.com/store/apps/details?id=com.bolo.android,"Facebook,Instagram,Audience Network,Messenger,Threads",Fluent English bolne ka sirf ek raasta – Daily practice on English Seekho App. Start now!,English Communication strong karo aur confidence badhao,Install now,http://play.google.com/store/apps/details?id=com.bolo.android,Video,"Facebook,Instagram,Audience Network,Messenger,Threads",1,0,9:16,https://video.fblr20-4.fna.fbcdn.net/o1/v/t2/f2/m366/AQPSYml0C2he94xONSVIo9hsH5p2rnk4b_pDE6hq_tKsD2qVNRVSW4A8NTIqwYyzRpsjXXBMZSs9a7fuW0hRDeJg1QYLSc4Jc0gFFI-jH4PqGw.mp4?_nc_cat=103&_nc_oc=AdoYKnIz54Hz-ZGgLcw-cSLK5z4sUQVIbiHU655UNta-PWqNdw6coH5zBMNWs6HKVmx09pjCog7bh4zJoEyh6Slj&_nc_sid=b66105&_nc_ht=video.fblr20-4.fna.fbcdn.net&_nc_ohc=svayMT88mgQQ7kNvwGKZDkH&efg=eyJ2ZW5jb2RlX3RhZyI6Inhwdl9wcm9ncmVzc2l2ZS5WSV9VU0VDQVNFX1BST0RVQ1RfVFlQRS4uQzMuNzIwLmRhc2hfaDI2NC1iYXNpYy1nZW4yXzcyMHAiLCJ4cHZfYXNzZXRfaWQiOjIwNjcxNTEyMTA1NzkyNjgsImFzc2V0X2FnZV9kYXlzIjoyLCJ2aV91c2VjYXNlX2lkIjoxMDEzOSwiZHVyYXRpb25fcyI6MTczLCJ1cmxnZW5fc291cmNlIjoid3d3In0%3D&ccb=17-1&vs=df44f0fb37b6f9e2&_nc_vs=HBksFQIYRWZiX2VwaGVtZXJhbC8wRTQ2RjM2QUI0NzFFOEQyODE0NjI5REU4RTY2NDZCQ19tdF8xX3ZpZGVvX2Rhc2hpbml0Lm1wNBUAAsgBEgAVAhhAZmJfcGVybWFuZW50LzE3NDU5MjRCRjUyNjZDMzEzQzE2NkQyMURGMzBBMEEwX2F1ZGlvX2Rhc2hpbml0Lm1wNBUCAsgBEgAoABgAGwKIB3VzZV9vaWwBMRJwcm9ncmVzc2l2ZV9yZWNpcGUBMRUAACaIldTZhISsBxUCKAJDMywXQGW5mZmZmZoYGWRhc2hfaDI2NC1iYXNpYy1nZW4yXzcyMHARAHUAZbaeAQA&_nc_gid=xxVtpqZYtsFdr7UjDJuKbg&_nc_ss=7f289&_nc_zt=28&oh=00_AQD-qFtux_5BbBAsQgARzUjcAuAS5yE5qnFtv2hDJ6CeQg&oe=6A58C801,https://scontent.fblr20-3.fna.fbcdn.net/v/t39.35426-6/741556192_1011229674852206_7723469296535767760_n.jpg?_nc_cat=109&ccb=1-7&_nc_sid=c53f8f&_nc_ohc=4gksJ2PhcfIQ7kNvwGniJpL&_nc_oc=Adqk-fUIAJRSM0Ve0NgTGpFDDweESXAA97xXz8lGS0Ous0o8JyuAVTWWjmhiiohEkzC36SgvLhvNkPSmd_yaPkg_&_nc_zt=14&_nc_ht=scontent.fblr20-3.fna&_nc_gid=xxVtpqZYtsFdr7UjDJuKbg&_nc_ss=7f289&oh=00_AQA7mREBrpk_xPMRclNYSlVQNDq70cO8YP4GhYoP8L1q9g&oe=6A58C82A,2026-07-16T12:01:05.000Z,2026-07-12,https://pub-893b4a6a607b4221a894bf861da7914e.r2.dev/1317756543861267.mp4
285,258,English Seekho,565574549966663,English Seekho App,,IN,1427103212256894,https://www.facebook.com/ads/library/?id=1427103212256894,2026-01-23,,false,false,1,0,,2026-01-23,,Fluent English bolne ka sirf ek raasta – Daily practice on English Seekho App. Start now!,English Communication strong karo aur confidence badhao,Install now,http://play.google.com/store/apps/details?id=com.bolo.android,"Facebook,Instagram,Audience Network,Messenger,Threads",Fluent English bolne ka sirf ek raasta – Daily practice on English Seekho App. Start now!,English Communication strong karo aur confidence badhao,Install now,http://play.google.com/store/apps/details?id=com.bolo.android,Video,"Facebook,Instagram,Audience Network,Messenger,Threads",1,0,9:16,https://video.fblr20-1.fna.fbcdn.net/o1/v/t2/f2/m366/AQPtY2SMq7qx4-dmFghK2CkQgTToCFcfnjFn21pwuWJY7g3K8pJg9opArNpi1svMKTdoKiARDTliytbQBSvM9J9L0gUbBO0jU2RJKTsKfChhiw.mp4?_nc_cat=108&_nc_oc=AdoYAY8iW6PNGWEJ2Bt9RZkYjbAgaqH-XQWjA36hVj92UaiESA4Bw3sX6qanRWFtPvsp8_cwmPWI6y7paR8Gh-C3&_nc_sid=b66105&_nc_ht=video.fblr20-1.fna.fbcdn.net&_nc_ohc=_HV2n8MPHJEQ7kNvwHsFVHn&efg=eyJ2ZW5jb2RlX3RhZyI6Inhwdl9wcm9ncmVzc2l2ZS5WSV9VU0VDQVNFX1BST0RVQ1RfVFlQRS4uQzMuNzIwLmRhc2hfaDI2NC1iYXNpYy1nZW4yXzcyMHAiLCJ4cHZfYXNzZXRfaWQiOjE5NTU0MTY1OTU0MDc5NTMsImFzc2V0X2FnZV9kYXlzIjoxNzUsInZpX3VzZWNhc2VfaWQiOjEwMTM5LCJkdXJhdGlvbl9zIjo0OSwidXJsZ2VuX3NvdXJjZSI6Ind3dyJ9&ccb=17-1&vs=3128e46559fdd64e&_nc_vs=HBksFQIYRWZiX2VwaGVtZXJhbC9FMTRFMDY3QjUyOTU4RDMwMTI3RUI4MTkxQ0U5MzdCNV9tdF8xX3ZpZGVvX2Rhc2hpbml0Lm1wNBUAAsgBEgAVAhhAZmJfcGVybWFuZW50L0FCNDhDQTRFMzc2QjZDMDBGNUZCQ0I2QTM4OEYwQ0I0X2F1ZGlvX2Rhc2hpbml0Lm1wNBUCAsgBEgAoABgAGwKIB3VzZV9vaWwBMRJwcm9ncmVzc2l2ZV9yZWNpcGUBMRUAACaikfX4nJz5BhUCKAJDMywXQEjmZmZmZmYYGWRhc2hfaDI2NC1iYXNpYy1nZW4yXzcyMHARAHUAZbaeAQA&_nc_gid=xxVtpqZYtsFdr7UjDJuKbg&_nc_ss=7f289&_nc_zt=28&oh=00_AQAJFJD5oaUK86lbs06gMOQmz_RVxCcUTNmrArh2LMbe6g&oe=6A58C158,https://scontent.fblr20-1.fna.fbcdn.net/v/t39.35426-6/618683142_1846384865995924_6759592066528198824_n.jpg?_nc_cat=110&ccb=1-7&_nc_sid=c53f8f&_nc_ohc=4s_EHdfLHFAQ7kNvwHUo1MX&_nc_oc=AdqzwTkHt_I74QJDfoiFiOrxyGrFH8FWfX38IHo2vdIrFdwU_fX7FUsYJQyTGoflwXqE-NQ4Fn07RLhZaqi83cjN&_nc_zt=14&_nc_ht=scontent.fblr20-1.fna&_nc_gid=xxVtpqZYtsFdr7UjDJuKbg&_nc_ss=7f289&oh=00_AQBTb-lPBVE88BTq5U1eDYXBzrd4bHRTXCMa62VuRv4NXg&oe=6A58A7B8,2026-07-16T11:32:40.000Z,2026-07-12,https://pub-893b4a6a607b4221a894bf861da7914e.r2.dev/1427103212256894.mp4
286,259,English Seekho,565574549966663,English Seekho App,,IN,1666152167999287,https://www.facebook.com/ads/library/?id=1666152167999287,2026-06-18,,false,false,1,0,,2026-06-18,,Fluent English bolne ka sirf ek raasta – Daily practice on English Seekho App. Start now!,English Communication strong karo aur confidence badhao,Install now,http://play.google.com/store/apps/details?id=com.bolo.android,"Facebook,Instagram,Audience Network,Messenger,Threads",Fluent English bolne ka sirf ek raasta – Daily practice on English Seekho App. Start now!,English Communication strong karo aur confidence badhao,Install now,http://play.google.com/store/apps/details?id=com.bolo.android,Video,"Facebook,Instagram,Audience Network,Messenger,Threads",1,0,9:16,https://video.fblr20-2.fna.fbcdn.net/o1/v/t2/f2/m366/AQNB3edWjliskhYubMTPhigEjubLSBIp2lxdDf54H_SELUdXrIRmCtePZ4Dsr4sqAHO4qLFOiGQwWthD_93rvqP4chCmHtS0L9jTDnhZCq0t1g.mp4?_nc_cat=102&_nc_oc=AdrIt_ohr2myi183e9i5LGK6dbdDVir5iYVexH0PagAn4m1Fbgu-IXe-hcf-W3F8Vu07W4FsdbHEJ-J_6nBlP3yZ&_nc_sid=b66105&_nc_ht=video.fblr20-2.fna.fbcdn.net&_nc_ohc=TaZfgsyTxDUQ7kNvwG-mP4H&efg=eyJ2ZW5jb2RlX3RhZyI6Inhwdl9wcm9ncmVzc2l2ZS5WSV9VU0VDQVNFX1BST0RVQ1RfVFlQRS4uQzMuNzIwLmRhc2hfaDI2NC1iYXNpYy1nZW4yXzcyMHAiLCJ4cHZfYXNzZXRfaWQiOjIxNTg0NDU5OTgwMjg2OTEsImFzc2V0X2FnZV9kYXlzIjo1NSwidmlfdXNlY2FzZV9pZCI6MTAxMzksImR1cmF0aW9uX3MiOjcxLCJ1cmxnZW5fc291cmNlIjoid3d3In0%3D&ccb=17-1&vs=254408a24cb6a5f6&_nc_vs=HBksFQIYRWZiX2VwaGVtZXJhbC85QzQzNjI0QkEyQzZGNDkwRUQ2ODA1RUFFQ0Q1MzRBOV9tdF8xX3ZpZGVvX2Rhc2hpbml0Lm1wNBUAAsgBEgAVAhhAZmJfcGVybWFuZW50Lzk3NEU3MDcwRTE2MDlFQkNBMjNDQUY5OUM0MUZCOThEX2F1ZGlvX2Rhc2hpbml0Lm1wNBUCAsgBEgAoABgAGwKIB3VzZV9vaWwBMRJwcm9ncmVzc2l2ZV9yZWNpcGUBMRUAACam3tXvi8bVBxUCKAJDMywXQFHFT987ZFoYGWRhc2hfaDI2NC1iYXNpYy1nZW4yXzcyMHARAHUAZbaeAQA&_nc_gid=xxVtpqZYtsFdr7UjDJuKbg&_nc_ss=7f289&_nc_zt=28&oh=00_AQAG2E7VZ-MwwaprlFikHQDYl252LhjpOFCTPSvEbXlz8g&oe=6A58D18E,https://scontent.fblr20-2.fna.fbcdn.net/v/t39.35426-6/727323163_873460645223628_808633443620040515_n.jpg?_nc_cat=111&ccb=1-7&_nc_sid=c53f8f&_nc_ohc=qtzvJl3xm2kQ7kNvwF7VGvT&_nc_oc=AdqTWmewMW5ZnRw2CujVC9yKBnGFPtmFdjsEgRxgflTdJqXPZ3OiC2lY1NBi4LWlFuAn8MuKEQ9OYw-tz18e8HhS&_nc_zt=14&_nc_ht=scontent.fblr20-2.fna&_nc_gid=xxVtpqZYtsFdr7UjDJuKbg&_nc_ss=7f289&oh=00_AQCDpfoUAnN5dGB5V0vK4LspxR4242I219s_roXBJcKLSg&oe=6A58D6B1,2026-07-16T12:41:50.000Z,2026-07-12,https://pub-893b4a6a607b4221a894bf861da7914e.r2.dev/1666152167999287.mp4
287,260,English Seekho,565574549966663,English Seekho App,,IN,2467411597004103,https://www.facebook.com/ads/library/?id=2467411597004103,2026-07-10,,false,false,1,0,,2026-07-10,,Fluent English bolne ka sirf ek raasta – Daily practice on English Seekho App. Start now!,English Communication strong karo aur confidence badhao,Install now,http://play.google.com/store/apps/details?id=com.bolo.android,"Facebook,Instagram,Audience Network,Messenger,Threads",Fluent English bolne ka sirf ek raasta – Daily practice on English Seekho App. Start now!,English Communication strong karo aur confidence badhao,Install now,http://play.google.com/store/apps/details?id=com.bolo.android,Video,"Facebook,Instagram,Audience Network,Messenger,Threads",1,0,9:16,https://video.fblr20-3.fna.fbcdn.net/o1/v/t2/f2/m366/AQOl_iFo0K7HE4XLnop5jMYCkOTTAI72SR41em_kR3SPlHGujXzX0b-AJX4jKtv2QWlmt0UmAzAGCc7VMIrq3HUMbSfGpAP9jKKvcxULQvR3qA.mp4?_nc_cat=109&_nc_oc=Adoe02DqwKHgnRmqitriGpGFTE1HOoYDP7Wfvil0Mf7jUmhdh9Rlb1zyCjkpHIuojUQ9T2tWxGsj0BZv91EvzDMK&_nc_sid=b66105&_nc_ht=video.fblr20-3.fna.fbcdn.net&_nc_ohc=QiLIkhciyUQQ7kNvwFTIuiR&efg=eyJ2ZW5jb2RlX3RhZyI6Inhwdl9wcm9ncmVzc2l2ZS5WSV9VU0VDQVNFX1BST0RVQ1RfVFlQRS4uQzMuNzIwLmRhc2hfaDI2NC1iYXNpYy1nZW4yXzcyMHAiLCJ4cHZfYXNzZXRfaWQiOjEzNjIyODM4MTU4NzYxMDgsImFzc2V0X2FnZV9kYXlzIjoyLCJ2aV91c2VjYXNlX2lkIjoxMDEzOSwiZHVyYXRpb25fcyI6MTMxLCJ1cmxnZW5fc291cmNlIjoid3d3In0%3D&ccb=17-1&vs=e3f936cc9cc7a4a7&_nc_vs=HBksFQIYRWZiX2VwaGVtZXJhbC9FQTRBQTE5RTc5MEVENzFCM0U1MjFDRTI1RTYxMkY5M19tdF8xX3ZpZGVvX2Rhc2hpbml0Lm1wNBUAAsgBEgAVAhhAZmJfcGVybWFuZW50LzkxNEI4MjFDMkQ4NzlDQkYxRUVEOEYxMEY5OUJBMDhFX2F1ZGlvX2Rhc2hpbml0Lm1wNBUCAsgBEgAoABgAGwKIB3VzZV9vaWwBMRJwcm9ncmVzc2l2ZV9yZWNpcGUBMRUAACaY2O2urb_rBBUCKAJDMywXQGBndLxqfvoYGWRhc2hfaDI2NC1iYXNpYy1nZW4yXzcyMHARAHUAZbaeAQA&_nc_gid=xxVtpqZYtsFdr7UjDJuKbg&_nc_ss=7f289&_nc_zt=28&oh=00_AQBPxBSHQMZxFfO8QUl8tTD3jpHEypvQI1dJRw65XLbZVA&oe=6A58BCA3,https://scontent.fblr20-4.fna.fbcdn.net/v/t39.35426-6/742726590_2070693770514361_9169182224328272396_n.jpg?_nc_cat=103&ccb=1-7&_nc_sid=c53f8f&_nc_ohc=UwxV7oTYHtYQ7kNvwHje8OT&_nc_oc=AdooXEowSOxTZD8nEWUh7BYvtLkc4xUSwnmd9hc_xE66u9byi50qNCuPgAJTsYS8Y5EMoe3yk3bpkhEdskQ3z9rs&_nc_zt=14&_nc_ht=scontent.fblr20-4.fna&_nc_gid=xxVtpqZYtsFdr7UjDJuKbg&_nc_ss=7f289&oh=00_AQBsesWjMkHuGMQqDngZblfq0oyIG-T9ynVwEMplk0HBMA&oe=6A58CC63,2026-07-16T11:12:35.000Z,2026-07-12,https://pub-893b4a6a607b4221a894bf861da7914e.r2.dev/2467411597004103.mp4
288,261,English Seekho,565574549966663,English Seekho App,,IN,1570346344755878,https://www.facebook.com/ads/library/?id=1570346344755878,2026-07-08,,false,false,1,0,,2026-07-08,,Fluent English bolne ka sirf ek raasta – Daily practice on English Seekho App. Start now!,English Communication strong karo aur confidence badhao,Install now,http://play.google.com/store/apps/details?id=com.bolo.android,"Facebook,Instagram,Audience Network,Messenger,Threads",Fluent English bolne ka sirf ek raasta – Daily practice on English Seekho App. Start now!,English Communication strong karo aur confidence badhao,Install now,http://play.google.com/store/apps/details?id=com.bolo.android,Video,"Facebook,Instagram,Audience Network,Messenger,Threads",1,0,9:16,https://video.fblr20-3.fna.fbcdn.net/o1/v/t2/f2/m366/AQOYZ6xaPZKysLvne3ArdNd0pW7Wg8vAOf5joGZ7wYpZ4qBkGXTWZeFnBF2pMyUaixiD03fkNhKwj4g5NlfccXRY3uf3lCzL9OQNP3y5SlXW-w.mp4?_nc_cat=100&_nc_oc=Adpq2j2_a1fy7L_TZ9g5ezOI16ReQ_OpfSKHYMWd-3JzmwZhi0FTsnL5hwyKpyrP6g7DsHkjOx-qEQvlMSqMczHz&_nc_sid=b66105&_nc_ht=video.fblr20-3.fna.fbcdn.net&_nc_ohc=s6QlmZhR1CMQ7kNvwFXUUf4&efg=eyJ2ZW5jb2RlX3RhZyI6Inhwdl9wcm9ncmVzc2l2ZS5WSV9VU0VDQVNFX1BST0RVQ1RfVFlQRS4uQzMuNzIwLmRhc2hfaDI2NC1iYXNpYy1nZW4yXzcyMHAiLCJ4cHZfYXNzZXRfaWQiOjEzNjcyMTM5ODU1NDYyODUsImFzc2V0X2FnZV9kYXlzIjo5LCJ2aV91c2VjYXNlX2lkIjoxMDc5OSwiZHVyYXRpb25fcyI6NjIsInVybGdlbl9zb3VyY2UiOiJ3d3cifQ%3D%3D&ccb=17-1&vs=ae65eed264379321&_nc_vs=HBksFQIYRWZiX2VwaGVtZXJhbC9EQzRFNUNBREFCNjkwMTIwMDI3MDk0MkNGQzdEQzZBN19tdF8xX3ZpZGVvX2Rhc2hpbml0Lm1wNBUAAsgBEgAVAhhAZmJfcGVybWFuZW50L0FBNDZFQ0M2REZCMEE0RTFBQjU5NEExMEFDNjlCOEI3X2F1ZGlvX2Rhc2hpbml0Lm1wNBUCAsgBEgAoABgAGwKIB3VzZV9vaWwBMRJwcm9ncmVzc2l2ZV9yZWNpcGUBMRUAACbagIb_qd7tBBUCKAJDMywXQE7_XCj1wo8YGWRhc2hfaDI2NC1iYXNpYy1nZW4yXzcyMHARAHUAZd6oAQA&_nc_gid=30RhoU-QG4mlfPd0HEyMRg&_nc_ss=7f289&_nc_zt=28&oh=00_AQAF3DXoGWqrIWKCbRPJbBHHUPhgKG93du64QsLKBjD03g&oe=6A58C8EC,https://scontent.fblr20-2.fna.fbcdn.net/v/t39.35426-6/744028100_1689773035576968_626462781302509236_n.jpg?_nc_cat=111&ccb=1-7&_nc_sid=c53f8f&_nc_ohc=tD8R7B4P9_QQ7kNvwHCr0jU&_nc_oc=Adod-ka3fMd-mg136yx9cCof78HO9TKD5tFmaDokfb3Fd0ywmLBItmNCQMT70SiKrsMd04Ha2PmEbj3AN-4KQd6D&_nc_zt=14&_nc_ht=scontent.fblr20-2.fna&_nc_gid=30RhoU-QG4mlfPd0HEyMRg&_nc_ss=7f289&oh=00_AQB6psvhoS8aiMUXM3M0hxIFItbSg6x-m9s9VVRmp0fpQQ&oe=6A58B002,2026-07-16T12:05:00.000Z,2026-07-12,https://pub-893b4a6a607b4221a894bf861da7914e.r2.dev/1570346344755878.mp4
289,262,English Seekho,565574549966663,English Seekho App,,IN,1031879286090398,https://www.facebook.com/ads/library/?id=1031879286090398,2026-07-10,,false,false,1,0,,2026-07-10,,Fluent English bolne ka sirf ek raasta – Daily practice on English Seekho App. Start now!,English Communication strong karo aur confidence badhao,Install now,http://play.google.com/store/apps/details?id=com.bolo.android,"Facebook,Instagram,Audience Network,Messenger,Threads",Fluent English bolne ka sirf ek raasta – Daily practice on English Seekho App. Start now!,English Communication strong karo aur confidence badhao,Install now,http://play.google.com/store/apps/details?id=com.bolo.android,Video,"Facebook,Instagram,Audience Network,Messenger,Threads",1,0,9:16,https://video.fblr20-2.fna.fbcdn.net/o1/v/t2/f2/m366/AQPnN03ydhtImkOqshZfGDL6tEl8k-8pW5cTuBjNw4U3opx7bI8ReaHQ2XKfEyq3_yQmRyupWdYslW645sjLGCKOu4TUsxcIa2iYI8vclUW-IQ.mp4?_nc_cat=104&_nc_oc=AdpTm6EtdizX2dY0XaNayrwBtJtn2_PU6m8tsGGqOH_rzfR_nzQ6EYFpwg__r8UigyjD1dJFTivMpU4ESk1B82Z2&_nc_sid=b66105&_nc_ht=video.fblr20-2.fna.fbcdn.net&_nc_ohc=iPaJ95ZxZJ4Q7kNvwEjdBuW&efg=eyJ2ZW5jb2RlX3RhZyI6Inhwdl9wcm9ncmVzc2l2ZS5WSV9VU0VDQVNFX1BST0RVQ1RfVFlQRS4uQzMuNzIwLmRhc2hfaDI2NC1iYXNpYy1nZW4yXzcyMHAiLCJ4cHZfYXNzZXRfaWQiOjEwMDYwOTE2NDU1ODU1MzMsImFzc2V0X2FnZV9kYXlzIjoyLCJ2aV91c2VjYXNlX2lkIjoxMDEzOSwiZHVyYXRpb25fcyI6NzIsInVybGdlbl9zb3VyY2UiOiJ3d3cifQ%3D%3D&ccb=17-1&vs=c83136793376c88d&_nc_vs=HBksFQIYRWZiX2VwaGVtZXJhbC9CRDQwNDc2MkI0MzhDNDA4Q0IxNTRGRjkzNTEwNzY5Rl9tdF8xX3ZpZGVvX2Rhc2hpbml0Lm1wNBUAAsgBEgAVAhhAZmJfcGVybWFuZW50LzE5NEE3NjhDQUY1N0I4RERCNUZBNDBERTg5QURCM0FCX2F1ZGlvX2Rhc2hpbml0Lm1wNBUCAsgBEgAoABgAGwKIB3VzZV9vaWwBMRJwcm9ncmVzc2l2ZV9yZWNpcGUBMRUAACb6oazynsLJAxUCKAJDMywXQFI1T987ZFoYGWRhc2hfaDI2NC1iYXNpYy1nZW4yXzcyMHARAHUAZbaeAQA&_nc_gid=30RhoU-QG4mlfPd0HEyMRg&_nc_ss=7f289&_nc_zt=28&oh=00_AQBfbjSzrlFt25gAD6afHmK2BtSeLvzUe9l3m5GhjcB3MA&oe=6A58A350,https://scontent.fblr20-1.fna.fbcdn.net/v/t39.35426-6/744490039_1367381585332464_7734843013969430623_n.jpg?_nc_cat=110&ccb=1-7&_nc_sid=c53f8f&_nc_ohc=JSKir1WvB8EQ7kNvwGtDqMC&_nc_oc=Adq6fMGAvm27pOIvGNFIU4kojJsi3iPpmHk0kzf3oa0JMutM2X1am_u1QdpvlRDH0r-ufc8pniDpMPr3s3yGa1xT&_nc_zt=14&_nc_ht=scontent.fblr20-1.fna&_nc_gid=30RhoU-QG4mlfPd0HEyMRg&_nc_ss=7f289&oh=00_AQDNm2hnvzejTQkmu5PnsnM-amEaChoPSYZ9kkZ3ZP93hw&oe=6A58CC22,2026-07-16T09:24:32.000Z,2026-07-12,https://pub-893b4a6a607b4221a894bf861da7914e.r2.dev/1031879286090398.mp4
290,263,English Seekho,565574549966663,English Seekho App,,IN,869006329615822,https://www.facebook.com/ads/library/?id=869006329615822,2026-07-10,,false,false,1,0,,2026-07-10,,Fluent English bolne ka sirf ek raasta – Daily practice on English Seekho App. Start now!,English Communication strong karo aur confidence badhao,Install now,http://play.google.com/store/apps/details?id=com.bolo.android,"Facebook,Instagram,Audience Network,Messenger,Threads",Fluent English bolne ka sirf ek raasta – Daily practice on English Seekho App. Start now!,English Communication strong karo aur confidence badhao,Install now,http://play.google.com/store/apps/details?id=com.bolo.android,Video,"Facebook,Instagram,Audience Network,Messenger,Threads",1,0,9:16,https://video.fblr20-3.fna.fbcdn.net/o1/v/t2/f2/m366/AQM0W_Ew7jQ_J0uejPUMcREoonOvdQGeKuhidbTUJ_XFOjxgZvFftO4h26pZhFm5__0HtfgxtraGBJRKH4lUvkH--b_S11bSmcWmVdNAyGaFwg.mp4?_nc_cat=105&_nc_oc=Adpvnck9UUaFkF41PNtlv2WymNObMN5oN7YXh9Pbq_86YcnzQ0OR5gsmj-ZQfmq2zt-S7dxVVvouOKIzXsuD8Qjf&_nc_sid=b66105&_nc_ht=video.fblr20-3.fna.fbcdn.net&_nc_ohc=T3cXpNMARI0Q7kNvwGza73N&efg=eyJ2ZW5jb2RlX3RhZyI6Inhwdl9wcm9ncmVzc2l2ZS5WSV9VU0VDQVNFX1BST0RVQ1RfVFlQRS4uQzMuNzIwLmRhc2hfaDI2NC1iYXNpYy1nZW4yXzcyMHAiLCJ4cHZfYXNzZXRfaWQiOjQ0NzE2OTY0NTY0MDE1MzcsImFzc2V0X2FnZV9kYXlzIjoyLCJ2aV91c2VjYXNlX2lkIjoxMDEzOSwiZHVyYXRpb25fcyI6ODgsInVybGdlbl9zb3VyY2UiOiJ3d3cifQ%3D%3D&ccb=17-1&vs=3256b1e6ed40fe69&_nc_vs=HBksFQIYRWZiX2VwaGVtZXJhbC82NTQyRTk1Q0QzMzQxN0NBRjcwMkJDRTlGMTg1NkY4NF9tdF8xX3ZpZGVvX2Rhc2hpbml0Lm1wNBUAAsgBEgAVAhhAZmJfcGVybWFuZW50L0VDNDMyOUNGMkJERDBFRjQ4RUY0NjYxNkIyNDkzQUFBX2F1ZGlvX2Rhc2hpbml0Lm1wNBUCAsgBEgAoABgAGwKIB3VzZV9vaWwBMRJwcm9ncmVzc2l2ZV9yZWNpcGUBMRUAACaCip7t_r7xDxUCKAJDMywXQFYSn752yLQYGWRhc2hfaDI2NC1iYXNpYy1nZW4yXzcyMHARAHUAZbaeAQA&_nc_gid=30RhoU-QG4mlfPd0HEyMRg&_nc_ss=7f289&_nc_zt=28&oh=00_AQCPGxQYjhWKNGmBM8UbVfB4Cz1hf9ZiA-DkQxQRvTFuGA&oe=6A58A007,https://scontent.fblr20-4.fna.fbcdn.net/v/t39.35426-6/743996148_1054458600341420_2949881603130127457_n.jpg?_nc_cat=106&ccb=1-7&_nc_sid=c53f8f&_nc_ohc=SaNShMrwOCIQ7kNvwFVmORu&_nc_oc=AdqdLSsv_hkEuAUDjmWAu95S_V3hprZY_X8_tciBgGKBTHJSLlw2KCymHN8wAk_36FrHTGXZr4-7oloVMf1WNOyA&_nc_zt=14&_nc_ht=scontent.fblr20-4.fna&_nc_gid=30RhoU-QG4mlfPd0HEyMRg&_nc_ss=7f289&oh=00_AQB8q4SWiz5H0yox2FFYHrWwLmjkhuXMam7haxXeYPuT-A&oe=6A58ABA2,2026-07-16T09:10:31.000Z,2026-07-12,https://pub-893b4a6a607b4221a894bf861da7914e.r2.dev/869006329615822.mp4
291,264,English Seekho,565574549966663,English Seekho App,,IN,1514624150414843,https://www.facebook.com/ads/library/?id=1514624150414843,2026-07-10,,false,false,1,0,,2026-07-10,,Fluent English bolne ka sirf ek raasta – Daily practice on English Seekho App. Start now!,English Communication strong karo aur confidence badhao,Install now,http://play.google.com/store/apps/details?id=com.bolo.android,"Facebook,Instagram,Audience Network,Messenger,Threads",Fluent English bolne ka sirf ek raasta – Daily practice on English Seekho App. Start now!,English Communication strong karo aur confidence badhao,Install now,http://play.google.com/store/apps/details?id=com.bolo.android,Video,"Facebook,Instagram,Audience Network,Messenger,Threads",1,0,9:16,https://video.fblr20-2.fna.fbcdn.net/o1/v/t2/f2/m366/AQNzD6jQMv5_q_3dYTGCGnB23Xhwiy8LEZ6q-UwowmWBQqZPFGUmtc0J8JZ0dzL37GOhP0uB9BMV6xdlMshZFI_dwirIO0qifBf9TC3MoXeDvA.mp4?_nc_cat=104&_nc_oc=Adqwekj7adYstmme4R-XRpM0Q3Dh8_izPb3PVGyf3o-ZhwTbhj540vh-1ACEUbp9j9KsI60nqeYrQS3NfR8K8PqO&_nc_sid=b66105&_nc_ht=video.fblr20-2.fna.fbcdn.net&_nc_ohc=OCovnyPmuHwQ7kNvwE97t2-&efg=eyJ2ZW5jb2RlX3RhZyI6Inhwdl9wcm9ncmVzc2l2ZS5WSV9VU0VDQVNFX1BST0RVQ1RfVFlQRS4uQzMuNzIwLmRhc2hfaDI2NC1iYXNpYy1nZW4yXzcyMHAiLCJ4cHZfYXNzZXRfaWQiOjEwMDI3NDc2NTU5OTIzOTMsImFzc2V0X2FnZV9kYXlzIjoyLCJ2aV91c2VjYXNlX2lkIjoxMDEzOSwiZHVyYXRpb25fcyI6NjEsInVybGdlbl9zb3VyY2UiOiJ3d3cifQ%3D%3D&ccb=17-1&vs=65b77e452e4edfcc&_nc_vs=HBksFQIYRWZiX2VwaGVtZXJhbC9GNDQxRkY3Rjk3RjMzNURCRDJBNjA5NkFEMDIxQ0ZCMV9tdF8xX3ZpZGVvX2Rhc2hpbml0Lm1wNBUAAsgBEgAVAhhAZmJfcGVybWFuZW50LzUzNEE0MzUzQkU4QzEwNjYxRjZDRjZFMDk2QjZBOEFFX2F1ZGlvX2Rhc2hpbml0Lm1wNBUCAsgBEgAoABgAGwKIB3VzZV9vaWwBMRJwcm9ncmVzc2l2ZV9yZWNpcGUBMRUAACaS0a2dzP_HAxUCKAJDMywXQE6tLxqfvncYGWRhc2hfaDI2NC1iYXNpYy1nZW4yXzcyMHARAHUAZbaeAQA&_nc_gid=30RhoU-QG4mlfPd0HEyMRg&_nc_ss=7f289&_nc_zt=28&oh=00_AQDsPZa3ci9vE8V19BiXYgFF-UH54QIAbVPA5Fw6CNKb5g&oe=6A58C89C,https://scontent.fblr20-2.fna.fbcdn.net/v/t39.35426-6/742309148_1892721278780985_3320345882781619929_n.jpg?_nc_cat=104&ccb=1-7&_nc_sid=c53f8f&_nc_ohc=cXlmMG_TUscQ7kNvwFKv-NI&_nc_oc=Adp2HPJEdWmPzbFSFIMy_cQPxkL-brupQsazar5UUblLu1Q7col3feFYvLYcxibMABg_FDavAEfifB7Fd5flYB9x&_nc_zt=14&_nc_ht=scontent.fblr20-2.fna&_nc_gid=30RhoU-QG4mlfPd0HEyMRg&_nc_ss=7f289&oh=00_AQAFt8CPiKIrPrbb6A9GlNbOYBMdIjkEejcor3biRUep-Q&oe=6A58C522,2026-07-16T12:03:40.000Z,2026-07-12,https://pub-893b4a6a607b4221a894bf861da7914e.r2.dev/1514624150414843.mp4
292,265,English Seekho,565574549966663,English Seekho App,,IN,2253030498553449,https://www.facebook.com/ads/library/?id=2253030498553449,2026-01-22,,false,false,1,0,,2026-01-22,,Fluent English bolne ka sirf ek raasta – Daily practice on English Seekho App. Start now!,English Communication strong karo aur confidence badhao,Install now,http://play.google.com/store/apps/details?id=com.bolo.android,"Facebook,Instagram,Audience Network,Messenger,Threads",Fluent English bolne ka sirf ek raasta – Daily practice on English Seekho App. Start now!,English Communication strong karo aur confidence badhao,Install now,http://play.google.com/store/apps/details?id=com.bolo.android,Video,"Facebook,Instagram,Audience Network,Messenger,Threads",1,0,9:16,https://video.fblr20-5.fna.fbcdn.net/o1/v/t2/f2/m366/AQMVPvLo7CGxqMAq2OStHZm82-fXQTqXWXCrzdvG8WD1QHRkMvDXihtKugb3vjCx8flETJ3YyXbqpPjeXvQz_nM4XDhfs9v6VklCscQABKwqqQ.mp4?_nc_cat=107&_nc_oc=AdqY9M0VY6LqJfflsmTdPYyTPgyk1hN3O8eyhpYiiND-lFEhf0coU1H34CMo0CyK4__A5c1FXpD5UoyO3S1JrXFo&_nc_sid=b66105&_nc_ht=video.fblr20-5.fna.fbcdn.net&_nc_ohc=Py-wyrMZqzEQ7kNvwFIQygR&efg=eyJ2ZW5jb2RlX3RhZyI6Inhwdl9wcm9ncmVzc2l2ZS5WSV9VU0VDQVNFX1BST0RVQ1RfVFlQRS4uQzMuNzIwLmRhc2hfaDI2NC1iYXNpYy1nZW4yXzcyMHAiLCJ4cHZfYXNzZXRfaWQiOjEzOTg2MjE2NTg0NTQwNzUsImFzc2V0X2FnZV9kYXlzIjoyMTAsInZpX3VzZWNhc2VfaWQiOjEwMTM5LCJkdXJhdGlvbl9zIjo2NCwidXJsZ2VuX3NvdXJjZSI6Ind3dyJ9&ccb=17-1&vs=53a2bdb88540b73d&_nc_vs=HBksFQIYRWZiX2VwaGVtZXJhbC85QTRGNEZGMkE3RDJDOUI2MDYxMDdBN0ZCNURFMzRCQl9tdF8xX3ZpZGVvX2Rhc2hpbml0Lm1wNBUAAsgBEgAVAhhAZmJfcGVybWFuZW50L0JCNEJGQ0E4OTdCQTQ2MzBDMjYwRTgzNDQ5ODhBMUFBX2F1ZGlvX2Rhc2hpbml0Lm1wNBUCAsgBEgAoABgAGwKIB3VzZV9vaWwBMRJwcm9ncmVzc2l2ZV9yZWNpcGUBMRUAACb24ISyv4L8BBUCKAJDMywXQFA3bItDlYEYGWRhc2hfaDI2NC1iYXNpYy1nZW4yXzcyMHARAHUAZbaeAQA&_nc_gid=30RhoU-QG4mlfPd0HEyMRg&_nc_ss=7f289&_nc_zt=28&oh=00_AQCekq7TSkIKYdKad4PvPq9dPC_8YDB1OxjY6cTyY_YpTQ&oe=6A58AC01,https://scontent.fblr20-2.fna.fbcdn.net/v/t39.35426-6/618145863_1812660962744689_646099858296500872_n.jpg?_nc_cat=111&ccb=1-7&_nc_sid=c53f8f&_nc_ohc=9uVEezeL-zgQ7kNvwFZmSSF&_nc_oc=Adpje3Cw75CKa2DUNUWHCIIFRv9GTTmqZ46E0mSViOv6JLCTgejB5IiNX-3zP03PW4-wbaaJUyODV2YWCyjNEy71&_nc_zt=14&_nc_ht=scontent.fblr20-2.fna&_nc_gid=30RhoU-QG4mlfPd0HEyMRg&_nc_ss=7f289&oh=00_AQDkXw0_6uVPQuvUXoT0Yhr_VSq-VFwS5cC5kKYoh4an2A&oe=6A58D423,2026-07-16T10:01:37.000Z,2026-07-12,https://pub-893b4a6a607b4221a894bf861da7914e.r2.dev/2253030498553449.mp4
293,266,English Seekho,565574549966663,English Seekho App,,IN,2622940588108244,https://www.facebook.com/ads/library/?id=2622940588108244,2026-07-10,,false,false,1,0,,2026-07-10,,Fluent English bolne ka sirf ek raasta – Daily practice on English Seekho App. Start now!,English Communication strong karo aur confidence badhao,Install now,http://play.google.com/store/apps/details?id=com.bolo.android,"Facebook,Instagram,Audience Network,Messenger,Threads",Fluent English bolne ka sirf ek raasta – Daily practice on English Seekho App. Start now!,English Communication strong karo aur confidence badhao,Install now,http://play.google.com/store/apps/details?id=com.bolo.android,Video,"Facebook,Instagram,Audience Network,Messenger,Threads",1,0,9:16,https://video.fblr20-3.fna.fbcdn.net/o1/v/t2/f2/m366/AQN9m58Q6qOKrsoY48MJcfF3F63eArUS3L5Suq0uSmuf2IUMW8EKWXJzQR3TKpaM51z7Xku6KsuUdARP7qCh7sh0tpSHz7VYsZLSF8tgXKtwMA.mp4?_nc_cat=100&_nc_oc=AdrpRVRVZKib2xh-olACzO3avwsUYUPC7WlKb38f2lzQufz6S_n64F9N2IFECM7LIJHNNBIdzk6xIc1xxdULFUp-&_nc_sid=b66105&_nc_ht=video.fblr20-3.fna.fbcdn.net&_nc_ohc=yzwBVS_QEWkQ7kNvwFxTj-O&efg=eyJ2ZW5jb2RlX3RhZyI6Inhwdl9wcm9ncmVzc2l2ZS5WSV9VU0VDQVNFX1BST0RVQ1RfVFlQRS4uQzMuNzIwLmRhc2hfaDI2NC1iYXNpYy1nZW4yXzcyMHAiLCJ4cHZfYXNzZXRfaWQiOjk5NzA0MDE5OTgxMDgxNywiYXNzZXRfYWdlX2RheXMiOjIsInZpX3VzZWNhc2VfaWQiOjEwMTM5LCJkdXJhdGlvbl9zIjoxMzksInVybGdlbl9zb3VyY2UiOiJ3d3cifQ%3D%3D&ccb=17-1&vs=daa7ea2b138552b0&_nc_vs=HBksFQIYRWZiX2VwaGVtZXJhbC80MDQxNjQ3ODNDQ0NGNDVDMjlDMTk5MTk4NzgxN0Y4MV9tdF8xX3ZpZGVvX2Rhc2hpbml0Lm1wNBUAAsgBEgAVAhhAZmJfcGVybWFuZW50L0JCNEFDODg4MUJERjMwNDREMEUzMjlEMzM0NzI0ODk5X2F1ZGlvX2Rhc2hpbml0Lm1wNBUCAsgBEgAoABgAGwKIB3VzZV9vaWwBMRJwcm9ncmVzc2l2ZV9yZWNpcGUBMRUAACaC_P2usLPFAxUCKAJDMywXQGF92yLQ5WAYGWRhc2hfaDI2NC1iYXNpYy1nZW4yXzcyMHARAHUAZbaeAQA&_nc_gid=30RhoU-QG4mlfPd0HEyMRg&_nc_ss=7f289&_nc_zt=28&oh=00_AQCmqoppVUCgg4zq5oCQDmFO_i8mx9PWMA2iyAxwjG8vXg&oe=6A58B1E8,https://scontent.fblr20-2.fna.fbcdn.net/v/t39.35426-6/742530949_1003784662476350_5825203019203834109_n.jpg?_nc_cat=102&ccb=1-7&_nc_sid=c53f8f&_nc_ohc=0ZD3B06Jc1sQ7kNvwGISHxH&_nc_oc=Adp6pi6cPvRGchdSQpnd-TbqU_Dhn2OGzy2sJ4WKgME1R134yWMV7YrFSSRvK3ZC598GKCmP5exjdLRBuwL-Jy1J&_nc_zt=14&_nc_ht=scontent.fblr20-2.fna&_nc_gid=30RhoU-QG4mlfPd0HEyMRg&_nc_ss=7f289&oh=00_AQDkfiOLiU97mxReZetgLqoYrR_bM23zVAKz7mlTuZEYog&oe=6A58A685,2026-07-16T10:26:48.000Z,2026-07-12,https://pub-893b4a6a607b4221a894bf861da7914e.r2.dev/2622940588108244.mp4
294,267,English Seekho,565574549966663,English Seekho App,,IN,2936696983356405,https://www.facebook.com/ads/library/?id=2936696983356405,2026-07-10,,false,false,1,0,,2026-07-10,,Fluent English bolne ka sirf ek raasta – Daily practice on English Seekho App. Start now!,English Communication strong karo aur confidence badhao,Install now,http://play.google.com/store/apps/details?id=com.bolo.android,"Facebook,Instagram,Audience Network,Messenger,Threads",Fluent English bolne ka sirf ek raasta – Daily practice on English Seekho App. Start now!,English Communication strong karo aur confidence badhao,Install now,http://play.google.com/store/apps/details?id=com.bolo.android,Video,"Facebook,Instagram,Audience Network,Messenger,Threads",1,0,9:16,https://video.fblr20-2.fna.fbcdn.net/o1/v/t2/f2/m366/AQO-2uDPZxVkBBqJ3pj08zxjrGByVvX0_AslLDzwU9Fubqd9E3cbteYONvKp45H9Clm_UgQPl0pC7PNo0VfCCKsZMdmEZSFcjeZjAkKShGGidg.mp4?_nc_cat=111&_nc_oc=AdqO1YEWGjyNlHTJn6qVMDyjRyErYjrS92DvIhCsSN_4_Tr56Ra17votC6nulahAEsHW9vxW3b9MaalMg0BvlN8J&_nc_sid=b66105&_nc_ht=video.fblr20-2.fna.fbcdn.net&_nc_ohc=BYjA09iLmb8Q7kNvwHHi-BU&efg=eyJ2ZW5jb2RlX3RhZyI6Inhwdl9wcm9ncmVzc2l2ZS5WSV9VU0VDQVNFX1BST0RVQ1RfVFlQRS4uQzMuNzIwLmRhc2hfaDI2NC1iYXNpYy1nZW4yXzcyMHAiLCJ4cHZfYXNzZXRfaWQiOjIzMTk5OTQ1NjU0NzU0MTQsImFzc2V0X2FnZV9kYXlzIjoyLCJ2aV91c2VjYXNlX2lkIjoxMDEzOSwiZHVyYXRpb25fcyI6NTAsInVybGdlbl9zb3VyY2UiOiJ3d3cifQ%3D%3D&ccb=17-1&vs=7a1196fca8b0d3ce&_nc_vs=HBksFQIYRWZiX2VwaGVtZXJhbC80QzQ5RTMzQjVENjE5QTREOUJDREE1MUVEMzg4MzhCQ19tdF8xX3ZpZGVvX2Rhc2hpbml0Lm1wNBUAAsgBEgAVAhhAZmJfcGVybWFuZW50LzM0NEZBRDNCMDdEMzdCMzFEODQ0OTMxNjY0MEYzRUIwX2F1ZGlvX2Rhc2hpbml0Lm1wNBUCAsgBEgAoABgAGwKIB3VzZV9vaWwBMRJwcm9ncmVzc2l2ZV9yZWNpcGUBMRUAACas8aW_uoGfCBUCKAJDMywXQElzMzMzMzMYGWRhc2hfaDI2NC1iYXNpYy1nZW4yXzcyMHARAHUAZbaeAQA&_nc_gid=30RhoU-QG4mlfPd0HEyMRg&_nc_ss=7f289&_nc_zt=28&oh=00_AQAiRcPnuoCC9V5_P7exUM9IPpmM4gls4pSWsQqSzHtuwQ&oe=6A58C4BD,https://scontent.fblr20-3.fna.fbcdn.net/v/t39.35426-6/743841644_1730536718078982_7388707174430103647_n.jpg?_nc_cat=109&ccb=1-7&_nc_sid=c53f8f&_nc_ohc=SmK5V5Ng-k8Q7kNvwFIRO56&_nc_oc=AdrksYY8jHS652prvGuPizZJy0umNQ3v1YJc4ashUe7X1AlWBIRWLToZBRmNsEyu1nLhhqwmXgml0cFGO7m8gS6K&_nc_zt=14&_nc_ht=scontent.fblr20-3.fna&_nc_gid=30RhoU-QG4mlfPd0HEyMRg&_nc_ss=7f289&oh=00_AQAm9kKrH1_5DTnS4-dm_nTSH3BmSV7_-Jg8TtH2BjWS7w&oe=6A58CEAD,2026-07-16T11:47:09.000Z,2026-07-12,https://pub-893b4a6a607b4221a894bf861da7914e.r2.dev/2936696983356405.mp4
295,268,English Seekho,565574549966663,English Seekho App,,IN,805915929154160,https://www.facebook.com/ads/library/?id=805915929154160,2026-06-23,,false,false,1,0,,2026-06-23,,Fluent English bolne ka sirf ek raasta – Daily practice on English Seekho App. Start now!,English Communication strong karo aur confidence badhao,Install now,http://play.google.com/store/apps/details?id=com.bolo.android,"Facebook,Instagram,Audience Network,Messenger,Threads",Fluent English bolne ka sirf ek raasta – Daily practice on English Seekho App. Start now!,English Communication strong karo aur confidence badhao,Install now,http://play.google.com/store/apps/details?id=com.bolo.android,Video,"Facebook,Instagram,Audience Network,Messenger,Threads",1,0,9:16,https://video.fblr20-2.fna.fbcdn.net/o1/v/t2/f2/m366/AQMpo19AYNKNm662RIoC_qRlnG5uHGaFTvXTu6LP86MxJ1bnvYa8cv9-s6ShWHOHWN0rMfcnBPgtoa-zxjx_6luuWhT3XB9Rq97rzujExqQMbg.mp4?_nc_cat=102&_nc_oc=AdpWanYM0F0WU8QVOnQG-LvTa3AQZxYrtWxnewN-lzp38F8q5E4TNaJncGdFzWzXexcrAJpr0KnpIxjWY4c-B_7I&_nc_sid=b66105&_nc_ht=video.fblr20-2.fna.fbcdn.net&_nc_ohc=sJMdwqvK7SkQ7kNvwFJgFTR&efg=eyJ2ZW5jb2RlX3RhZyI6Inhwdl9wcm9ncmVzc2l2ZS5WSV9VU0VDQVNFX1BST0RVQ1RfVFlQRS4uQzMuNzIwLmRhc2hfaDI2NC1iYXNpYy1nZW4yXzcyMHAiLCJ4cHZfYXNzZXRfaWQiOjE1MzUzNDU1NTgxMjEyOTgsImFzc2V0X2FnZV9kYXlzIjo1MiwidmlfdXNlY2FzZV9pZCI6MTAxMzksImR1cmF0aW9uX3MiOjg4LCJ1cmxnZW5fc291cmNlIjoid3d3In0%3D&ccb=17-1&vs=a17d807dc00f22c8&_nc_vs=HBksFQIYRWZiX2VwaGVtZXJhbC8wMTQ0Mzg1QTk5MDk5QkRGQjUwRjYyOEIxODJBQThBOF9tdF8xX3ZpZGVvX2Rhc2hpbml0Lm1wNBUAAsgBEgAVAhhAZmJfcGVybWFuZW50L0QwNDBDMEI4RjVGNjU4NUQ5MjczMDkyMENCQ0YxNDhDX2F1ZGlvX2Rhc2hpbml0Lm1wNBUCAsgBEgAoABgAGwKIB3VzZV9vaWwBMRJwcm9ncmVzc2l2ZV9yZWNpcGUBMRUAACakrcvp75i6BRUCKAJDMywXQFYszMzMzM0YGWRhc2hfaDI2NC1iYXNpYy1nZW4yXzcyMHARAHUAZbaeAQA&_nc_gid=30RhoU-QG4mlfPd0HEyMRg&_nc_ss=7f289&_nc_zt=28&oh=00_AQBy-wuCeNzC69kNq8GhzsF3fCAI43vF6VHm5OBOFqcNIQ&oe=6A58BDB6,https://scontent.fblr20-3.fna.fbcdn.net/v/t39.35426-6/730266528_1373593604665477_7638338017319822249_n.jpg?_nc_cat=105&ccb=1-7&_nc_sid=c53f8f&_nc_ohc=Rf4F4FOmzUoQ7kNvwGGFUKk&_nc_oc=AdrJKruqCjjjfZyaRrJzK0C9FEDOfKeiAUs8_3oyPN8sHcaRdTRkLo8XO9aTFUWV3MyVE7kf8VzYz_8lrdcHcHSa&_nc_zt=14&_nc_ht=scontent.fblr20-3.fna&_nc_gid=30RhoU-QG4mlfPd0HEyMRg&_nc_ss=7f289&oh=00_AQAkockqzUAZ623L7XKBO1AVVte9-scaGidukmkgpOyGnA&oe=6A58B73C,2026-07-16T11:17:10.000Z,2026-07-12,https://pub-893b4a6a607b4221a894bf861da7914e.r2.dev/805915929154160.mp4
296,269,English Seekho,565574549966663,English Seekho App,,IN,958304950573263,https://www.facebook.com/ads/library/?id=958304950573263,2026-07-04,,false,true,2,0,958304950573263,2026-07-04,,Fluent English bolne ka sirf ek raasta – Daily practice on English Seekho App. Start now!,English Communication strong karo aur confidence badhao,Install now,http://play.google.com/store/apps/details?id=com.bolo.android,"Facebook,Instagram,Audience Network,Messenger,Threads",Fluent English bolne ka sirf ek raasta – Daily practice on English Seekho App. Start now!,English Communication strong karo aur confidence badhao,Install now,http://play.google.com/store/apps/details?id=com.bolo.android,Video,"Facebook,Instagram,Audience Network,Messenger,Threads",1,0,9:16,https://video.fblr20-3.fna.fbcdn.net/o1/v/t2/f2/m366/AQO5SNrbVmD0jwd2-7bTMR7GR06Hkh0hcRjJ6_vL_mYXHQwDF9Wntp6UgghsCV42yJ-5GShO26epL3P9NT8385n7Xla3PruRwlkfKSMpju4hYw.mp4?_nc_cat=100&_nc_oc=Adp09DqsfmdyFYLxHI6iFw94og54x-z5LaeN9rBapQsYPSPFHIkLhUvVj5ceIkgY3v3oX2QWnUqJKwcVAk8AtqNV&_nc_sid=b66105&_nc_ht=video.fblr20-3.fna.fbcdn.net&_nc_ohc=hMU5UWoDzqoQ7kNvwHPNe7N&efg=eyJ2ZW5jb2RlX3RhZyI6Inhwdl9wcm9ncmVzc2l2ZS5WSV9VU0VDQVNFX1BST0RVQ1RfVFlQRS4uQzMuNzIwLmRhc2hfaDI2NC1iYXNpYy1nZW4yXzcyMHAiLCJ4cHZfYXNzZXRfaWQiOjE2ODc0MDA2ODU5MTg3MjksImFzc2V0X2FnZV9kYXlzIjoxMCwidmlfdXNlY2FzZV9pZCI6MTAxMzksImR1cmF0aW9uX3MiOjU1LCJ1cmxnZW5fc291cmNlIjoid3d3In0%3D&ccb=17-1&vs=e6cff5dde42839fb&_nc_vs=HBksFQIYRWZiX2VwaGVtZXJhbC9CMjQ2QjMxODEyOEQ0QUE2RjI1NTI5QTg4OEQwNDlCMV9tdF8xX3ZpZGVvX2Rhc2hpbml0Lm1wNBUAAsgBEgAVAhhAZmJfcGVybWFuZW50LzEzNDEwNEJDMTlCNDJEOEQ1ODI0MEM5NjAzNDZENjhCX2F1ZGlvX2Rhc2hpbml0Lm1wNBUCAsgBEgAoABgAGwKIB3VzZV9vaWwBMRJwcm9ncmVzc2l2ZV9yZWNpcGUBMRUAACaS6NLn0qv_BRUCKAJDMywXQEv2BBiTdLwYGWRhc2hfaDI2NC1iYXNpYy1nZW4yXzcyMHARAHUAZbaeAQA&_nc_gid=30RhoU-QG4mlfPd0HEyMRg&_nc_ss=7f289&_nc_zt=28&oh=00_AQBk8PSv2OuyAwcR8AWR-YwlV-Hx9JtkoBzKjkgNcPDv1g&oe=6A58AA14,https://scontent.fblr20-5.fna.fbcdn.net/v/t39.35426-6/738796998_3662368270588111_8995889570618715295_n.jpg?_nc_cat=107&ccb=1-7&_nc_sid=c53f8f&_nc_ohc=tek5Q-88qeAQ7kNvwHgQEXm&_nc_oc=AdobVahhikhjizwQvyF0g4uOaG8Ba0GUTMyk-g4Y3JaA98porJ-2jIOW8NGiQfAoVExVzIhYrtLEVmO-q0dg8YqZ&_nc_zt=14&_nc_ht=scontent.fblr20-5.fna&_nc_gid=30RhoU-QG4mlfPd0HEyMRg&_nc_ss=7f289&oh=00_AQB23S9--uIOsKa0DbMLAlqDuZ0PV0sBuxV4GCfJR86UkQ&oe=6A58D52F,2026-07-16T09:53:24.000Z,2026-07-12,https://pub-893b4a6a607b4221a894bf861da7914e.r2.dev/958304950573263.mp4
297,269,English Seekho,565574549966663,English Seekho App,,IN,958304950573263,https://www.facebook.com/ads/library/?id=958304950573263,2026-07-04,,false,true,2,1,4597956650448919,2026-07-04,,Fluent English bolne ka sirf ek raasta – Daily practice on English Seekho App. Start now!,English Communication strong karo aur confidence badhao,Install now,http://play.google.com/store/apps/details?id=com.bolo.android,"Facebook,Instagram,Audience Network,Messenger,Threads",Fluent English bolne ka sirf ek raasta – Daily practice on English Seekho App. Start now!,English Communication strong karo aur confidence badhao,Install now,http://play.google.com/store/apps/details?id=com.bolo.android,Video,"Facebook,Instagram,Audience Network,Messenger,Threads",1,0,9:16,https://video.fblr20-3.fna.fbcdn.net/o1/v/t2/f2/m366/AQO5SNrbVmD0jwd2-7bTMR7GR06Hkh0hcRjJ6_vL_mYXHQwDF9Wntp6UgghsCV42yJ-5GShO26epL3P9NT8385n7Xla3PruRwlkfKSMpju4hYw.mp4?_nc_cat=100&_nc_oc=Adp09DqsfmdyFYLxHI6iFw94og54x-z5LaeN9rBapQsYPSPFHIkLhUvVj5ceIkgY3v3oX2QWnUqJKwcVAk8AtqNV&_nc_sid=b66105&_nc_ht=video.fblr20-3.fna.fbcdn.net&_nc_ohc=hMU5UWoDzqoQ7kNvwHPNe7N&efg=eyJ2ZW5jb2RlX3RhZyI6Inhwdl9wcm9ncmVzc2l2ZS5WSV9VU0VDQVNFX1BST0RVQ1RfVFlQRS4uQzMuNzIwLmRhc2hfaDI2NC1iYXNpYy1nZW4yXzcyMHAiLCJ4cHZfYXNzZXRfaWQiOjE2ODc0MDA2ODU5MTg3MjksImFzc2V0X2FnZV9kYXlzIjoxMCwidmlfdXNlY2FzZV9pZCI6MTAxMzksImR1cmF0aW9uX3MiOjU1LCJ1cmxnZW5fc291cmNlIjoid3d3In0%3D&ccb=17-1&vs=e6cff5dde42839fb&_nc_vs=HBksFQIYRWZiX2VwaGVtZXJhbC9CMjQ2QjMxODEyOEQ0QUE2RjI1NTI5QTg4OEQwNDlCMV9tdF8xX3ZpZGVvX2Rhc2hpbml0Lm1wNBUAAsgBEgAVAhhAZmJfcGVybWFuZW50LzEzNDEwNEJDMTlCNDJEOEQ1ODI0MEM5NjAzNDZENjhCX2F1ZGlvX2Rhc2hpbml0Lm1wNBUCAsgBEgAoABgAGwKIB3VzZV9vaWwBMRJwcm9ncmVzc2l2ZV9yZWNpcGUBMRUAACaS6NLn0qv_BRUCKAJDMywXQEv2BBiTdLwYGWRhc2hfaDI2NC1iYXNpYy1nZW4yXzcyMHARAHUAZbaeAQA&_nc_gid=no2qkWuWKrhyTexpgmkFJw&_nc_ss=7f289&_nc_zt=28&oh=00_AQCPWYuCkNwaQzBOtnevPnp4AT-9IGYKa0bIA_GBhXsNLg&oe=6A58AA14,https://scontent.fblr20-4.fna.fbcdn.net/v/t39.35426-6/739420123_1000059602662584_8221104354703339499_n.jpg?_nc_cat=101&ccb=1-7&_nc_sid=c53f8f&_nc_ohc=lnuCna-cTyQQ7kNvwFHahnb&_nc_oc=Adou_CVXqNc6v6RIhoEOVpbXl4d9Uy-HHSswYn8ainavr56ZQhlmhahfS82hlMLzmQq_qJ8ALBMqC2HYEvMPGy8Y&_nc_zt=14&_nc_ht=scontent.fblr20-4.fna&_nc_gid=no2qkWuWKrhyTexpgmkFJw&_nc_ss=7f289&oh=00_AQAj9aTCtj8P7BTkZICorf4QUWS7CW4ctDWW6ivkY_2AIQ&oe=6A58B5DF,2026-07-16T09:53:24.000Z,2026-07-12,
298,270,English Seekho,565574549966663,English Seekho App,,IN,1873195333560021,https://www.facebook.com/ads/library/?id=1873195333560021,2026-01-23,,false,false,1,0,,2026-01-23,,Fluent English bolne ka sirf ek raasta – Daily practice on English Seekho App. Start now!,English Communication strong karo aur confidence badhao,Install now,http://play.google.com/store/apps/details?id=com.bolo.android,"Facebook,Instagram,Audience Network,Messenger,Threads",Fluent English bolne ka sirf ek raasta – Daily practice on English Seekho App. Start now!,English Communication strong karo aur confidence badhao,Install now,http://play.google.com/store/apps/details?id=com.bolo.android,Video,"Facebook,Instagram,Audience Network,Messenger,Threads",1,0,9:16,https://video.fblr20-1.fna.fbcdn.net/o1/v/t2/f2/m366/AQMDNeDFRiREC_r88TcwX62kinlGaS3yTGGTWapl9VaKR3f3VbpuKr3YVoF2-H-KPbMXd1lP-l7O10m5HjDwV1A0EbW_XLrVGcqUYwq2ZxGeJQ.mp4?_nc_cat=108&_nc_oc=AdpHHuVxFjEywj6LTAcAuq90jvnqQAf6Kbp2ykisUvday9cibL3jDc2jCnaVrn3XWL3RDUOunWLcWjNvkM8dO2jt&_nc_sid=b66105&_nc_ht=video.fblr20-1.fna.fbcdn.net&_nc_ohc=wrGQloBoJG8Q7kNvwEVNdo6&efg=eyJ2ZW5jb2RlX3RhZyI6Inhwdl9wcm9ncmVzc2l2ZS5WSV9VU0VDQVNFX1BST0RVQ1RfVFlQRS4uQzMuNzIwLmRhc2hfaDI2NC1iYXNpYy1nZW4yXzcyMHAiLCJ4cHZfYXNzZXRfaWQiOjkxMDc4MjY1MTQ4MzQ1MywiYXNzZXRfYWdlX2RheXMiOjE3MiwidmlfdXNlY2FzZV9pZCI6MTAxMzksImR1cmF0aW9uX3MiOjQ4LCJ1cmxnZW5fc291cmNlIjoid3d3In0%3D&ccb=17-1&vs=89e47c3936f6a942&_nc_vs=HBksFQIYRWZiX2VwaGVtZXJhbC9CRjRGN0E0NTM3MUE3RTdCNEQxMUZBQTY5MjJDQTFBN19tdF8xX3ZpZGVvX2Rhc2hpbml0Lm1wNBUAAsgBEgAVAhhAZmJfcGVybWFuZW50Lzc2NDUyQTZBQTY4NjgxRkE5RTM4OUQwNDA3NzhDNEIwX2F1ZGlvX2Rhc2hpbml0Lm1wNBUCAsgBEgAoABgAGwKIB3VzZV9vaWwBMRJwcm9ncmVzc2l2ZV9yZWNpcGUBMRUAACb6lMbGw5aeAxUCKAJDMywXQEhMzMzMzM0YGWRhc2hfaDI2NC1iYXNpYy1nZW4yXzcyMHARAHUAZbaeAQA&_nc_gid=no2qkWuWKrhyTexpgmkFJw&_nc_ss=7f289&_nc_zt=28&oh=00_AQDYpWpLd5ujcrSi654L0ri28h5E-w8bv_wLhtBJKWQvHw&oe=6A58A1D8,https://scontent.fblr20-2.fna.fbcdn.net/v/t39.35426-6/619545786_1861780227786126_1421884607077701219_n.jpg?_nc_cat=111&ccb=1-7&_nc_sid=c53f8f&_nc_ohc=t3zp6E6F_HYQ7kNvwFmmf9d&_nc_oc=Adr28HzrrSEELHPt5ZYhrGH0TrLcuimYNwN9fHn-lbkcanUSzq4RJukKW9auSMHJz_aLOVZlzK-A8ZA98ktIHeiz&_nc_zt=14&_nc_ht=scontent.fblr20-2.fna&_nc_gid=no2qkWuWKrhyTexpgmkFJw&_nc_ss=7f289&oh=00_AQAsH8IM_REDaDUqPjhpML_K1oJM_apm7WVE69F3pmqtmA&oe=6A58BE1C,2026-07-16T09:18:16.000Z,2026-07-12,https://pub-893b4a6a607b4221a894bf861da7914e.r2.dev/1873195333560021.mp4
299,271,English Seekho,565574549966663,English Seekho App,,IN,1296926822266081,https://www.facebook.com/ads/library/?id=1296926822266081,2026-07-10,,false,false,1,0,,2026-07-10,,Fluent English bolne ka sirf ek raasta – Daily practice on English Seekho App. Start now!,English Communication strong karo aur confidence badhao,Install now,http://play.google.com/store/apps/details?id=com.bolo.android,"Facebook,Instagram,Audience Network,Messenger,Threads",Fluent English bolne ka sirf ek raasta – Daily practice on English Seekho App. Start now!,English Communication strong karo aur confidence badhao,Install now,http://play.google.com/store/apps/details?id=com.bolo.android,Video,"Facebook,Instagram,Audience Network,Messenger,Threads",1,0,9:16,https://video.fblr20-3.fna.fbcdn.net/o1/v/t2/f2/m366/AQNhK3k9HMFLn7-bdjAD23GWwRVWwjMNfrLz65AJ7argg0uil6APJUloMsJR4HQ0W0buh9sVpxZixEMJvqaJgo2pF97u5CDFxilLQBWkaPzKZg.mp4?_nc_cat=100&_nc_oc=Ado3-0_oTxgCAAC0IEKVpPS3wiM0YpXuAqUlGAlLXulDykJ6yh31WAbNy78RZQy-EuasSh5b5BHKvTWO-MbjfPlo&_nc_sid=b66105&_nc_ht=video.fblr20-3.fna.fbcdn.net&_nc_ohc=u3EO1zQ6mvEQ7kNvwE5fOh6&efg=eyJ2ZW5jb2RlX3RhZyI6Inhwdl9wcm9ncmVzc2l2ZS5WSV9VU0VDQVNFX1BST0RVQ1RfVFlQRS4uQzMuNzIwLmRhc2hfaDI2NC1iYXNpYy1nZW4yXzcyMHAiLCJ4cHZfYXNzZXRfaWQiOjI3OTc1ODAzNDA1MzcxNzI4LCJhc3NldF9hZ2VfZGF5cyI6MiwidmlfdXNlY2FzZV9pZCI6MTAxMzksImR1cmF0aW9uX3MiOjkxLCJ1cmxnZW5fc291cmNlIjoid3d3In0%3D&ccb=17-1&vs=b1274fa9a0093a58&_nc_vs=HBksFQIYRWZiX2VwaGVtZXJhbC8zNTQxRjM1MjMxRkQxRkNCQjIwOUIxN0M4RUJEMjE4OV9tdF8xX3ZpZGVvX2Rhc2hpbml0Lm1wNBUAAsgBEgAVAhhAZmJfcGVybWFuZW50LzM0NDQwQzFFNTExQ0FGMEU3MDUzOUFBQzgxRTQ0REJGX2F1ZGlvX2Rhc2hpbml0Lm1wNBUCAsgBEgAoABgAGwKIB3VzZV9vaWwBMRJwcm9ncmVzc2l2ZV9yZWNpcGUBMRUAACagpcSEivaxYxUCKAJDMywXQFbd0vGp--cYGWRhc2hfaDI2NC1iYXNpYy1nZW4yXzcyMHARAHUAZbaeAQA&_nc_gid=no2qkWuWKrhyTexpgmkFJw&_nc_ss=7f289&_nc_zt=28&oh=00_AQBFfvitHU7_N0o6Nxn9OO9jLB9v6I-nRElK4CDwOCET6A&oe=6A58A520,https://scontent.fblr20-3.fna.fbcdn.net/v/t39.35426-6/742951770_27805862585697661_6481152124182054030_n.jpg?_nc_cat=105&ccb=1-7&_nc_sid=c53f8f&_nc_ohc=ZaIt_cjSN7AQ7kNvwGZXJ4D&_nc_oc=AdrfI4A4-x_Y1P3ltuY7qRbVOuZK7F85HQbnD0A34wVw2dfs29P5FJxe9XtNzEWqpB1T2ipPBAthLRCnlEA_ooi8&_nc_zt=14&_nc_ht=scontent.fblr20-3.fna&_nc_gid=no2qkWuWKrhyTexpgmkFJw&_nc_ss=7f289&oh=00_AQCUCJTlcy9I6VeF57IamzzuDGE1Rmsn2GZttpDLGgwBzw&oe=6A589FE1,2026-07-16T09:32:16.000Z,2026-07-12,https://pub-893b4a6a607b4221a894bf861da7914e.r2.dev/1296926822266081.mp4
300,272,English Seekho,565574549966663,English Seekho App,,IN,1369148625139393,https://www.facebook.com/ads/library/?id=1369148625139393,2026-07-10,,false,false,1,0,,2026-07-10,,Fluent English bolne ka sirf ek raasta – Daily practice on English Seekho App. Start now!,English Communication strong karo aur confidence badhao,Install now,http://play.google.com/store/apps/details?id=com.bolo.android,"Facebook,Instagram,Audience Network,Messenger,Threads",Fluent English bolne ka sirf ek raasta – Daily practice on English Seekho App. Start now!,English Communication strong karo aur confidence badhao,Install now,http://play.google.com/store/apps/details?id=com.bolo.android,Video,"Facebook,Instagram,Audience Network,Messenger,Threads",1,0,9:16,https://video.fblr20-3.fna.fbcdn.net/o1/v/t2/f2/m366/AQNFyvPQ4PAywWxXz47LefHgqsghjtDFrkPzsaFZhEz_lv8APEnSVjLehXfkeUkeK_hyCEXVERF_oEUalEouHNZ2bHNQHIMujaddcyJpBO8sQw.mp4?_nc_cat=100&_nc_oc=AdpMlxAUEwL0QF0V81CQbyGNR5iFD4vEO9BcsKfda4JQ4I1C2LByipqFJ7cGCOjgB9hGt1uzSmqeAl8mKqsgoWOS&_nc_sid=b66105&_nc_ht=video.fblr20-3.fna.fbcdn.net&_nc_ohc=Oe73IXHiTzoQ7kNvwEzf4et&efg=eyJ2ZW5jb2RlX3RhZyI6Inhwdl9wcm9ncmVzc2l2ZS5WSV9VU0VDQVNFX1BST0RVQ1RfVFlQRS4uQzMuNzIwLmRhc2hfaDI2NC1iYXNpYy1nZW4yXzcyMHAiLCJ4cHZfYXNzZXRfaWQiOjI4NjQ3MDU0MjM4Njg2OTIsImFzc2V0X2FnZV9kYXlzIjoyLCJ2aV91c2VjYXNlX2lkIjoxMDEzOSwiZHVyYXRpb25fcyI6NjEsInVybGdlbl9zb3VyY2UiOiJ3d3cifQ%3D%3D&ccb=17-1&vs=80505c934f08b4c7&_nc_vs=HBksFQIYRWZiX2VwaGVtZXJhbC82QjQ0MTQzQzQ1ODkxQTI4OENFRkExQUU4RTQwNUU5Ml9tdF8xX3ZpZGVvX2Rhc2hpbml0Lm1wNBUAAsgBEgAVAhhAZmJfcGVybWFuZW50LzA1NDlGRDIyNkQ4NUM4NTcxNENERENGRkI2RUE2Rjg4X2F1ZGlvX2Rhc2hpbml0Lm1wNBUCAsgBEgAoABgAGwKIB3VzZV9vaWwBMRJwcm9ncmVzc2l2ZV9yZWNpcGUBMRUAACaojOjS5tuWChUCKAJDMywXQE7VP3ztkWgYGWRhc2hfaDI2NC1iYXNpYy1nZW4yXzcyMHARAHUAZbaeAQA&_nc_gid=no2qkWuWKrhyTexpgmkFJw&_nc_ss=7f289&_nc_zt=28&oh=00_AQDR-RV1cvGMQoEaowNibUBwimc__Z3A9u5V8v8ZqL_kLw&oe=6A58C8F8,https://scontent.fblr20-3.fna.fbcdn.net/v/t39.35426-6/741439557_27060701773608529_9141408373744649097_n.jpg?_nc_cat=109&ccb=1-7&_nc_sid=c53f8f&_nc_ohc=RzBfQFb9J8UQ7kNvwE5dIGR&_nc_oc=Adq-2gv7OLuvC_ONla8AACYScz0o2351K6d76GbSxytZqfA_A7s4r9ZaddujxEvQd8XMNhn8VXdhlgdR0CodgzAX&_nc_zt=14&_nc_ht=scontent.fblr20-3.fna&_nc_gid=no2qkWuWKrhyTexpgmkFJw&_nc_ss=7f289&oh=00_AQDzvo5uqwhueMqsqnD4chi_lVM6MPMa_ZRR0rpp75Fmqg&oe=6A58B1B4,2026-07-16T12:05:12.000Z,2026-07-12,https://pub-893b4a6a607b4221a894bf861da7914e.r2.dev/1369148625139393.mp4
301,273,English Seekho,565574549966663,English Seekho App,,IN,1398161142174979,https://www.facebook.com/ads/library/?id=1398161142174979,2026-07-10,,false,false,1,0,,2026-07-10,,Fluent English bolne ka sirf ek raasta – Daily practice on English Seekho App. Start now!,English Communication strong karo aur confidence badhao,Install now,http://play.google.com/store/apps/details?id=com.bolo.android,"Facebook,Instagram,Audience Network,Messenger,Threads",Fluent English bolne ka sirf ek raasta – Daily practice on English Seekho App. Start now!,English Communication strong karo aur confidence badhao,Install now,http://play.google.com/store/apps/details?id=com.bolo.android,Video,"Facebook,Instagram,Audience Network,Messenger,Threads",1,0,9:16,https://video.fblr20-4.fna.fbcdn.net/o1/v/t2/f2/m366/AQM47hxaz3p9hUZsI_016eziCzFlov1SvJC4v69-Qcs-OnKWosUvopNqLlVGP06U8Kd7XJ-T_GP9ZquC9-r90QUyBlXVYwQt3uveJIMGVWl4RA.mp4?_nc_cat=106&_nc_oc=AdpBY8XkIYyjtx6R2QspCx8tswVU5cU5Rjx9UWioydo1j-VtH1rZe0gNFubPSg1H1RIwnDNJ-kFXD3tYy5xtDk2T&_nc_sid=b66105&_nc_ht=video.fblr20-4.fna.fbcdn.net&_nc_ohc=xnO50YXMK3UQ7kNvwF10gPo&efg=eyJ2ZW5jb2RlX3RhZyI6Inhwdl9wcm9ncmVzc2l2ZS5WSV9VU0VDQVNFX1BST0RVQ1RfVFlQRS4uQzMuNzIwLmRhc2hfaDI2NC1iYXNpYy1nZW4yXzcyMHAiLCJ4cHZfYXNzZXRfaWQiOjE5MDAwMjE0MDczMjIyOTMsImFzc2V0X2FnZV9kYXlzIjoyLCJ2aV91c2VjYXNlX2lkIjoxMDEzOSwiZHVyYXRpb25fcyI6MTAxLCJ1cmxnZW5fc291cmNlIjoid3d3In0%3D&ccb=17-1&vs=108ad62c036fd551&_nc_vs=HBksFQIYRWZiX2VwaGVtZXJhbC84QjRGREJERTc4RkYxNzNFMUIxMTdEQ0Y3MDBEN0FBM19tdF8xX3ZpZGVvX2Rhc2hpbml0Lm1wNBUAAsgBEgAVAhhAZmJfcGVybWFuZW50L0JFNDAzNDAzOEVBOEY4REU0QUQzRDIyRUZFNjExMUFCX2F1ZGlvX2Rhc2hpbml0Lm1wNBUCAsgBEgAoABgAGwKIB3VzZV9vaWwBMRJwcm9ncmVzc2l2ZV9yZWNpcGUBMRUAACbqwuTQ5oPgBhUCKAJDMywXQFlIk3S8an8YGWRhc2hfaDI2NC1iYXNpYy1nZW4yXzcyMHARAHUAZbaeAQA&_nc_gid=no2qkWuWKrhyTexpgmkFJw&_nc_ss=7f289&_nc_zt=28&oh=00_AQDTp477OV0H42Gt6OWTcrfyIrzwGaaYoLENpKKukMofAg&oe=6A58C4CA,https://scontent.fblr20-1.fna.fbcdn.net/v/t39.35426-6/741977934_902558169558575_8248722636039967514_n.jpg?_nc_cat=110&ccb=1-7&_nc_sid=c53f8f&_nc_ohc=3sd2tqvhbNsQ7kNvwEhILZ9&_nc_oc=AdpaPcc_ZJluOmfhlyWAQRrgnp2H9IRtLH11gP-TQMLhynwrSO3OC5dcLzSpJcDYEZFHWcqW3KR0bgx3mEsY8RUt&_nc_zt=14&_nc_ht=scontent.fblr20-1.fna&_nc_gid=no2qkWuWKrhyTexpgmkFJw&_nc_ss=7f289&oh=00_AQDgs-RpQ5TzsJbHNV7epbPhE6Mu6QeVx6c4slTDGY6-0A&oe=6A58D112,2026-07-16T11:47:22.000Z,2026-07-12,
302,274,English Seekho,565574549966663,English Seekho App,,IN,1008587358628011,https://www.facebook.com/ads/library/?id=1008587358628011,2026-07-10,,false,false,1,0,,2026-07-10,,Fluent English bolne ka sirf ek raasta – Daily practice on English Seekho App. Start now!,English Communication strong karo aur confidence badhao,Install now,http://play.google.com/store/apps/details?id=com.bolo.android,"Facebook,Instagram,Audience Network,Messenger,Threads",Fluent English bolne ka sirf ek raasta – Daily practice on English Seekho App. Start now!,English Communication strong karo aur confidence badhao,Install now,http://play.google.com/store/apps/details?id=com.bolo.android,Video,"Facebook,Instagram,Audience Network,Messenger,Threads",1,0,9:16,https://video.fblr20-2.fna.fbcdn.net/o1/v/t2/f2/m366/AQOLmO8IPn3WkU6UKhgQzUUYJ4FCWRfT01cgxtTXQbgB0twCK6US9iEuX8kbKWvSupI9tWHoYn71ZIWsw7ryrWTHfyIblh5SU3-B_94yGce1Cg.mp4?_nc_cat=111&_nc_oc=Adqn-yXzdvoHqoy8Y3SDx9E94mHdJXbViscZRk2SCqQgpaSJ0eQMeV6-_C7k_a5IlDM7010tBs7LRaySSzqSMVgQ&_nc_sid=b66105&_nc_ht=video.fblr20-2.fna.fbcdn.net&_nc_ohc=-D5yvSnrx3IQ7kNvwGtuuiG&efg=eyJ2ZW5jb2RlX3RhZyI6Inhwdl9wcm9ncmVzc2l2ZS5WSV9VU0VDQVNFX1BST0RVQ1RfVFlQRS4uQzMuNzIwLmRhc2hfaDI2NC1iYXNpYy1nZW4yXzcyMHAiLCJ4cHZfYXNzZXRfaWQiOjEzNDQ0OTY0NjM4NTYxNjksImFzc2V0X2FnZV9kYXlzIjoyLCJ2aV91c2VjYXNlX2lkIjoxMDEzOSwiZHVyYXRpb25fcyI6MTI2LCJ1cmxnZW5fc291cmNlIjoid3d3In0%3D&ccb=17-1&vs=8c576b0909cb6323&_nc_vs=HBksFQIYRWZiX2VwaGVtZXJhbC9CMjRDREM1Njk4MzRBREM3RkUwMUEwOTczQzA1OTNBNV9tdF8xX3ZpZGVvX2Rhc2hpbml0Lm1wNBUAAsgBEgAVAhhAZmJfcGVybWFuZW50LzQ3NDhEQTBBMEZFRjQ2NEU2Q0Y1QkYyMjA0MTFCQzhBX2F1ZGlvX2Rhc2hpbml0Lm1wNBUCAsgBEgAoABgAGwKIB3VzZV9vaWwBMRJwcm9ncmVzc2l2ZV9yZWNpcGUBMRUAACbSiIqi_7PjBBUCKAJDMywXQF-5mZmZmZoYGWRhc2hfaDI2NC1iYXNpYy1nZW4yXzcyMHARAHUAZbaeAQA&_nc_gid=no2qkWuWKrhyTexpgmkFJw&_nc_ss=7f289&_nc_zt=28&oh=00_AQDaRXuzueQQjPdnaupXLBXAxAvj2Zc38GidBCWYNaPBGg&oe=6A58D5B9,https://scontent.fblr20-3.fna.fbcdn.net/v/t39.35426-6/742581296_1341187554646359_4132923788428221891_n.jpg?_nc_cat=100&ccb=1-7&_nc_sid=c53f8f&_nc_ohc=p1sHQHWTW-8Q7kNvwG9DJYD&_nc_oc=AdqWA4CFvTW3uniVYiuJNddqprd28XNV2ivpCc9AiKjt-KwHzC4xrg95d78oxrZsiGzmxLf-7ZT3TeAFMbRIjKEL&_nc_zt=14&_nc_ht=scontent.fblr20-3.fna&_nc_gid=no2qkWuWKrhyTexpgmkFJw&_nc_ss=7f289&oh=00_AQCtmY7s70_6n1lKVRTsfHqv7VmVQu2LW8L_Rmu7apbkuw&oe=6A589F0C,2026-07-16T12:59:37.000Z,2026-07-12,https://pub-893b4a6a607b4221a894bf861da7914e.r2.dev/1008587358628011.mp4
303,275,English Seekho,565574549966663,English Seekho App,,IN,861154453569534,https://www.facebook.com/ads/library/?id=861154453569534,2026-01-22,,false,false,1,0,,2026-01-22,,Fluent English bolne ka sirf ek raasta – Daily practice on English Seekho App. Start now!,English Communication strong karo aur confidence badhao,Install now,http://play.google.com/store/apps/details?id=com.bolo.android,"Facebook,Instagram,Audience Network,Messenger,Threads",Fluent English bolne ka sirf ek raasta – Daily practice on English Seekho App. Start now!,English Communication strong karo aur confidence badhao,Install now,http://play.google.com/store/apps/details?id=com.bolo.android,Video,"Facebook,Instagram,Audience Network,Messenger,Threads",1,0,9:16,https://video.fblr20-3.fna.fbcdn.net/o1/v/t2/f2/m366/AQNC3lr02pzTdThMxqDwp0eyHugeZLxYRilBD2jRqhEqI6CocGAdscpo_Sb2xt_PDPcRnuuQEp8leMvqsDbHYS8jhk1NFeqSoH5t0l9nGmhl1Q.mp4?_nc_cat=109&_nc_oc=Adqy6Tyke-EmNCmOgj5VEpOqo-3pvX4exA78l0hVdXfEtJMHZNtTUS1ZB80iR97YhrYdMwPXT1Op4mIi2luqyvha&_nc_sid=b66105&_nc_ht=video.fblr20-3.fna.fbcdn.net&_nc_ohc=Izhiyt5kYtEQ7kNvwF4Tfmg&efg=eyJ2ZW5jb2RlX3RhZyI6Inhwdl9wcm9ncmVzc2l2ZS5WSV9VU0VDQVNFX1BST0RVQ1RfVFlQRS4uQzMuNzIwLmRhc2hfaDI2NC1iYXNpYy1nZW4yXzcyMHAiLCJ4cHZfYXNzZXRfaWQiOjExODQyMDEzMzcxNTU0MzUsImFzc2V0X2FnZV9kYXlzIjoyMDIsInZpX3VzZWNhc2VfaWQiOjEwMTM5LCJkdXJhdGlvbl9zIjo1NiwidXJsZ2VuX3NvdXJjZSI6Ind3dyJ9&ccb=17-1&vs=6ae6470f5e3f15c4&_nc_vs=HBksFQIYRWZiX2VwaGVtZXJhbC8yQjRDQUZEQUFDQ0E2Qjc0MkExRURBQzdBMzNFMEU4Q19tdF8xX3ZpZGVvX2Rhc2hpbml0Lm1wNBUAAsgBEgAVAhhAZmJfcGVybWFuZW50LzEyNDY5NjQxNzVGOEVCMkU3RkU3NThCMTYyNDk0QTk0X2F1ZGlvX2Rhc2hpbml0Lm1wNBUCAsgBEgAoABgAGwKIB3VzZV9vaWwBMRJwcm9ncmVzc2l2ZV9yZWNpcGUBMRUAACbWvdnAy8GaBBUCKAJDMywXQEwAAAAAAAAYGWRhc2hfaDI2NC1iYXNpYy1nZW4yXzcyMHARAHUAZbaeAQA&_nc_gid=no2qkWuWKrhyTexpgmkFJw&_nc_ss=7f289&_nc_zt=28&oh=00_AQBh_wC_VbL8HY96yqP499Q8lpg9ZCvoGBENTzgaHXyz4g&oe=6A58CCAF,https://scontent.fblr20-2.fna.fbcdn.net/v/t39.35426-6/617370614_1968733377043247_6329857460540605404_n.jpg?_nc_cat=104&ccb=1-7&_nc_sid=c53f8f&_nc_ohc=SgqOjYs22y4Q7kNvwGrciZc&_nc_oc=Adpgt-oKHml7EekzdGHwDdr8O-5DAKQBndYwic9QDgnWGSYIZaxKBZWmqFaWEES7RPV6kf8vDNnNErRGLhhkm9qU&_nc_zt=14&_nc_ht=scontent.fblr20-2.fna&_nc_gid=no2qkWuWKrhyTexpgmkFJw&_nc_ss=7f289&oh=00_AQA7GWxJQuwubJkRezSffuryev93TGmHngY854UYQxybFA&oe=6A58A9CB,2026-07-16T12:21:03.000Z,2026-07-12,https://pub-893b4a6a607b4221a894bf861da7914e.r2.dev/861154453569534.mp4
304,276,English Seekho,565574549966663,English Seekho App,,IN,4494541497481925,https://www.facebook.com/ads/library/?id=4494541497481925,2026-07-08,,false,false,1,0,,2026-07-08,,Fluent English bolne ka sirf ek raasta – Daily practice on English Seekho App. Start now!,English Communication strong karo aur confidence badhao,Install now,http://play.google.com/store/apps/details?id=com.bolo.android,"Facebook,Instagram,Audience Network,Messenger,Threads",Fluent English bolne ka sirf ek raasta – Daily practice on English Seekho App. Start now!,English Communication strong karo aur confidence badhao,Install now,http://play.google.com/store/apps/details?id=com.bolo.android,Video,"Facebook,Instagram,Audience Network,Messenger,Threads",1,0,9:16,https://video.fblr20-2.fna.fbcdn.net/o1/v/t2/f2/m366/AQMGaiI28idedDk_aCs-pbDOAAc0lq1RFLVuFmde8P4GWCogehPWss3w44PM2frJUY6RMefMOKClEHJsvTHyVhERFxMpcn5rNi5eiWMFalVUBg.mp4?_nc_cat=102&_nc_oc=AdpT9BYbCaEljNxLBlAmEADoRJRih24cx0J2uJ2Z0Nup-xDu11Ba9EeZtfyw8ARMxJ2iF8fKepeuL5JgwdiXcsm0&_nc_sid=b66105&_nc_ht=video.fblr20-2.fna.fbcdn.net&_nc_ohc=NUpE9YVXpjIQ7kNvwEOgglS&efg=eyJ2ZW5jb2RlX3RhZyI6Inhwdl9wcm9ncmVzc2l2ZS5WSV9VU0VDQVNFX1BST0RVQ1RfVFlQRS4uQzMuNzIwLmRhc2hfaDI2NC1iYXNpYy1nZW4yXzcyMHAiLCJ4cHZfYXNzZXRfaWQiOjE3ODI3NzQwOTYwNTM0NzEsImFzc2V0X2FnZV9kYXlzIjo5LCJ2aV91c2VjYXNlX2lkIjoxMDc5OSwiZHVyYXRpb25fcyI6ODEsInVybGdlbl9zb3VyY2UiOiJ3d3cifQ%3D%3D&ccb=17-1&vs=de6766a2675db347&_nc_vs=HBksFQIYRWZiX2VwaGVtZXJhbC8xNzQyQjI1QUVDMjk0RjUyNkZDMjAxQUJBMzhGMTc4M19tdF8xX3ZpZGVvX2Rhc2hpbml0Lm1wNBUAAsgBEgAVAhhAZmJfcGVybWFuZW50LzZENDJDODkzRDQyRDVENTNFRTM4MDI1ODhBNUYyQThFX2F1ZGlvX2Rhc2hpbml0Lm1wNBUCAsgBEgAoABgAGwKIB3VzZV9vaWwBMRJwcm9ncmVzc2l2ZV9yZWNpcGUBMRUAACa-k66LjtuqBhUCKAJDMywXQFRCHKwIMScYGWRhc2hfaDI2NC1iYXNpYy1nZW4yXzcyMHARAHUAZd6oAQA&_nc_gid=no2qkWuWKrhyTexpgmkFJw&_nc_ss=7f289&_nc_zt=28&oh=00_AQDNzAuVUmdzy7gq3z9uJ7bnj6jd9FHMHS-YDZSe8jHM9w&oe=6A58A4BA,https://scontent.fblr20-2.fna.fbcdn.net/v/t39.35426-6/741901442_989898660611687_7571897862497661472_n.jpg?_nc_cat=102&ccb=1-7&_nc_sid=c53f8f&_nc_ohc=YvBiumeHVikQ7kNvwHxCQXN&_nc_oc=Adpgw9BqxtBp93VwcGkl1Oyj3ZcBUug4lLfYF8Ra7zqOOzycGGihW21G6eN0avBoeZd4n5pZTy64Lw_SqKX48Tn-&_nc_zt=14&_nc_ht=scontent.fblr20-2.fna&_nc_gid=no2qkWuWKrhyTexpgmkFJw&_nc_ss=7f289&oh=00_AQB4kbhG4cLxvzj3FqXwdNwDC8TwalSgWhPlGiUs1P--tQ&oe=6A58B1D2,2026-07-16T09:30:34.000Z,2026-07-12,https://pub-893b4a6a607b4221a894bf861da7914e.r2.dev/4494541497481925.mp4
305,277,English Seekho,565574549966663,English Seekho App,,IN,902496572123981,https://www.facebook.com/ads/library/?id=902496572123981,2026-02-02,,false,false,1,0,,2026-02-02,,Fluent English bolne ka sirf ek raasta – Daily practice on English Seekho App. Start now!,English Communication strong karo aur confidence badhao,Install now,http://play.google.com/store/apps/details?id=com.bolo.android,"Facebook,Instagram,Audience Network,Messenger,Threads",Fluent English bolne ka sirf ek raasta – Daily practice on English Seekho App. Start now!,English Communication strong karo aur confidence badhao,Install now,http://play.google.com/store/apps/details?id=com.bolo.android,Video,"Facebook,Instagram,Audience Network,Messenger,Threads",1,0,9:16,https://video.fblr20-1.fna.fbcdn.net/o1/v/t2/f2/m366/AQM1Y95hMZSB6B4WZDKxBvn9p8n9YouKkbF0mBKjxIm_E-zWI1E-CL5oNVzY5-nxoDa_ICRHLP2UHWpWGvkFUEFA8EO28ZWohRRdu68w94NP7A.mp4?_nc_cat=108&_nc_oc=AdoCOqAvbJmZ2wMT3JIelubifnM6RR7urzAz1MmJCnEvvpD24CZNKhu4k1KUkSSzZUnLOOiOf-8cjlF_h95Sx7CN&_nc_sid=b66105&_nc_ht=video.fblr20-1.fna.fbcdn.net&_nc_ohc=RXOMtqD3th8Q7kNvwHQN7HA&efg=eyJ2ZW5jb2RlX3RhZyI6Inhwdl9wcm9ncmVzc2l2ZS5WSV9VU0VDQVNFX1BST0RVQ1RfVFlQRS4uQzMuNzIwLmRhc2hfaDI2NC1iYXNpYy1nZW4yXzcyMHAiLCJ4cHZfYXNzZXRfaWQiOjExOTQwNjIyMTU2MTU3NTUsImFzc2V0X2FnZV9kYXlzIjoyMDIsInZpX3VzZWNhc2VfaWQiOjEwMTM5LCJkdXJhdGlvbl9zIjo1NiwidXJsZ2VuX3NvdXJjZSI6Ind3dyJ9&ccb=17-1&vs=b192c8b5a866b3ec&_nc_vs=HBksFQIYRWZiX2VwaGVtZXJhbC84OTQwMzE0RkRCQjZDNjQ1MTI2RDg2MDExNkFGMEU4OF9tdF8xX3ZpZGVvX2Rhc2hpbml0Lm1wNBUAAsgBEgAVAhhAZmJfcGVybWFuZW50LzQxNDFGQUE1QURGQTNFMzIyQTRCQzQ1MDM5MEUxQjhFX2F1ZGlvX2Rhc2hpbml0Lm1wNBUCAsgBEgAoABgAGwKIB3VzZV9vaWwBMRJwcm9ncmVzc2l2ZV9yZWNpcGUBMRUAACaW1JzjyP-eBBUCKAJDMywXQExAAAAAAAAYGWRhc2hfaDI2NC1iYXNpYy1nZW4yXzcyMHARAHUAZbaeAQA&_nc_gid=no2qkWuWKrhyTexpgmkFJw&_nc_ss=7f289&_nc_zt=28&oh=00_AQCbcC22rD-v6diOnpJH7QkeOvuEpCPVtiwiNx7qH3mZcA&oe=6A58B2E8,https://scontent.fblr20-1.fna.fbcdn.net/v/t39.35426-6/619306047_1591494902169521_7150446959110264584_n.jpg?_nc_cat=108&ccb=1-7&_nc_sid=c53f8f&_nc_ohc=RuunvAv0ASgQ7kNvwH3Jb7L&_nc_oc=AdqqFFmggmNLgkpSGIdswkz8KXtMgzzEUZbFakNR4x96CCQfR_nPXjsP_LdOiyIdctxYuLhdCRdjDPEo5xkZ8bFH&_nc_zt=14&_nc_ht=scontent.fblr20-1.fna&_nc_gid=no2qkWuWKrhyTexpgmkFJw&_nc_ss=7f289&oh=00_AQCzSyYR2kwm_R6jjlHObPIGb5lqwNzdT8p4Or0HsTes7Q&oe=6A58CBE6,2026-07-16T10:31:04.000Z,2026-07-12,https://pub-893b4a6a607b4221a894bf861da7914e.r2.dev/902496572123981.mp4
306,278,English Seekho,565574549966663,English Seekho App,,IN,996855082967680,https://www.facebook.com/ads/library/?id=996855082967680,2026-07-10,,false,false,1,0,,2026-07-10,,Fluent English bolne ka sirf ek raasta – Daily practice on English Seekho App. Start now!,English Communication strong karo aur confidence badhao,Install now,http://play.google.com/store/apps/details?id=com.bolo.android,"Facebook,Instagram,Audience Network,Messenger,Threads",Fluent English bolne ka sirf ek raasta – Daily practice on English Seekho App. Start now!,English Communication strong karo aur confidence badhao,Install now,http://play.google.com/store/apps/details?id=com.bolo.android,Video,"Facebook,Instagram,Audience Network,Messenger,Threads",1,0,9:16,https://video.fblr20-2.fna.fbcdn.net/o1/v/t2/f2/m366/AQP4jDj0qy3opw1Y_ubkn6X6oXA6PchwaMgOXYwJ9NfLHUJ5nrWE0F45rRaI_bu3ls3M_mT7gtLEzEyQyWqQEKHCgmRs895MS9ElDji4v3Qt6w.mp4?_nc_cat=104&_nc_oc=AdpMzIDkSPSLI0oiP1Je2u2-pex-k3jS2i5r00FwjE29HeyDkk5cCakRG5aKdGLcD_aRBszEP02mXBnOPzmVYtwc&_nc_sid=b66105&_nc_ht=video.fblr20-2.fna.fbcdn.net&_nc_ohc=tOcIvp198gIQ7kNvwHfxqpz&efg=eyJ2ZW5jb2RlX3RhZyI6Inhwdl9wcm9ncmVzc2l2ZS5WSV9VU0VDQVNFX1BST0RVQ1RfVFlQRS4uQzMuNzIwLmRhc2hfaDI2NC1iYXNpYy1nZW4yXzcyMHAiLCJ4cHZfYXNzZXRfaWQiOjE2MDUzMDc5Mjc4MzE2NTcsImFzc2V0X2FnZV9kYXlzIjoyLCJ2aV91c2VjYXNlX2lkIjoxMDEzOSwiZHVyYXRpb25fcyI6NzYsInVybGdlbl9zb3VyY2UiOiJ3d3cifQ%3D%3D&ccb=17-1&vs=6f5aa1330dc2480&_nc_vs=HBksFQIYRWZiX2VwaGVtZXJhbC81MzQzRjM4RDkxODdFMjY3RTMzRTA1QUU4M0QxMjlBN19tdF8xX3ZpZGVvX2Rhc2hpbml0Lm1wNBUAAsgBEgAVAhhAZmJfcGVybWFuZW50Lzk3NDQyRTdBMkNEOEVBQzJENTk0QjI1NTQ2REE3MUIzX2F1ZGlvX2Rhc2hpbml0Lm1wNBUCAsgBEgAoABgAGwKIB3VzZV9vaWwBMRJwcm9ncmVzc2l2ZV9yZWNpcGUBMRUAACbSkdmMnIHaBRUCKAJDMywXQFMiHKwIMScYGWRhc2hfaDI2NC1iYXNpYy1nZW4yXzcyMHARAHUAZbaeAQA&_nc_gid=3bycZ1H4TKn4-Mq15lxM0A&_nc_ss=7f289&_nc_zt=28&oh=00_AQDSIZwCwlQRw1olseWzc-gQTtMe9ysRRlM5GfMlbY2qpA&oe=6A58B098,https://scontent.fblr20-2.fna.fbcdn.net/v/t39.35426-6/743541488_835227232855198_4360580823304766242_n.jpg?_nc_cat=102&ccb=1-7&_nc_sid=c53f8f&_nc_ohc=t5fCrXTbNnsQ7kNvwFxQbyS&_nc_oc=AdrYyoqlzvln_r3CO9IOcsxcefNTqWj_v9ajSiy2rLOXb-2ZwLdCPw--zJRe6r3FwewstBkN6EbMlpsacfzTO-dS&_nc_zt=14&_nc_ht=scontent.fblr20-2.fna&_nc_gid=3bycZ1H4TKn4-Mq15lxM0A&_nc_ss=7f289&oh=00_AQCohwsplZ0qokpjwlz1o-mRAE6dEDvYmIIkPVX5ZqMt-Q&oe=6A58A7C2,2026-07-16T10:21:12.000Z,2026-07-12,https://pub-893b4a6a607b4221a894bf861da7914e.r2.dev/996855082967680.mp4
307,279,English Seekho,565574549966663,English Seekho App,,IN,1355472569248898,https://www.facebook.com/ads/library/?id=1355472569248898,2026-07-10,,false,false,1,0,,2026-07-10,,Fluent English bolne ka sirf ek raasta – Daily practice on English Seekho App. Start now!,English Communication strong karo aur confidence badhao,Install now,http://play.google.com/store/apps/details?id=com.bolo.android,"Facebook,Instagram,Audience Network,Messenger,Threads",Fluent English bolne ka sirf ek raasta – Daily practice on English Seekho App. Start now!,English Communication strong karo aur confidence badhao,Install now,http://play.google.com/store/apps/details?id=com.bolo.android,Video,"Facebook,Instagram,Audience Network,Messenger,Threads",1,0,9:16,https://video.fblr20-3.fna.fbcdn.net/o1/v/t2/f2/m366/AQNvaQCE_NqDRCbXtNe1wT2gzZwybTO08Ggv0xb_tC1nIvR6_phPQOSqlhoHEQndGIvVAUtF4-Og2cHmIMem_9uS0-1j1IjEd6-NI4i15JvhAw.mp4?_nc_cat=105&_nc_oc=AdrwshSEWcHbfqpDg6Vf5GOE4Gq8dy27McTg715kVLu5fJBPwdjqx0_bq70IX-wOec0q-OVbJ7FiEX7o2zmw1QD2&_nc_sid=b66105&_nc_ht=video.fblr20-3.fna.fbcdn.net&_nc_ohc=ml0uhzq55d4Q7kNvwFpzEhQ&efg=eyJ2ZW5jb2RlX3RhZyI6Inhwdl9wcm9ncmVzc2l2ZS5WSV9VU0VDQVNFX1BST0RVQ1RfVFlQRS4uQzMuNzIwLmRhc2hfaDI2NC1iYXNpYy1nZW4yXzcyMHAiLCJ4cHZfYXNzZXRfaWQiOjMzNDM1MjI0MTkxNDE3MDAsImFzc2V0X2FnZV9kYXlzIjoyLCJ2aV91c2VjYXNlX2lkIjoxMDEzOSwiZHVyYXRpb25fcyI6MTI3LCJ1cmxnZW5fc291cmNlIjoid3d3In0%3D&ccb=17-1&vs=d58a2265e87b1178&_nc_vs=HBksFQIYRWZiX2VwaGVtZXJhbC8xMjQwQkNDQUFEQ0MxNzgwOEU3OEYwOUY5RUI1QjA4OV9tdF8xX3ZpZGVvX2Rhc2hpbml0Lm1wNBUAAsgBEgAVAhhAZmJfcGVybWFuZW50LzMyNEZEOTRDNUZFQTIzMUNBNDE2Q0VBQjg1ODZGQUFDX2F1ZGlvX2Rhc2hpbml0Lm1wNBUCAsgBEgAoABgAGwKIB3VzZV9vaWwBMRJwcm9ncmVzc2l2ZV9yZWNpcGUBMRUAACaIsbuhz7rwCxUCKAJDMywXQF_XbItDlYEYGWRhc2hfaDI2NC1iYXNpYy1nZW4yXzcyMHARAHUAZbaeAQA&_nc_gid=3bycZ1H4TKn4-Mq15lxM0A&_nc_ss=7f289&_nc_zt=28&oh=00_AQCnzLr5dGVJ8j1xZtuuMe6fMjLNd_mLePk2LijPijNJ7Q&oe=6A58CDE7,https://scontent.fblr20-2.fna.fbcdn.net/v/t39.35426-6/740128655_1655167312227775_2769392733559156442_n.jpg?_nc_cat=111&ccb=1-7&_nc_sid=c53f8f&_nc_ohc=kPlspE5ST_MQ7kNvwGSAxd_&_nc_oc=Ado1pMdAk0dgcDWIl1d8u0eY3LOq0CBlu293DzYC2yPiudBkHee3WvhFGG1rsuXPzHXzBLQLVFrQMdo_pjaPvkWK&_nc_zt=14&_nc_ht=scontent.fblr20-2.fna&_nc_gid=3bycZ1H4TKn4-Mq15lxM0A&_nc_ss=7f289&oh=00_AQDWcpXuYXN5VDJHheKHTSyj6XxmmX6hGhnG5saUyCAt2Q&oe=6A58AE17,2026-07-16T12:26:15.000Z,2026-07-12,https://pub-893b4a6a607b4221a894bf861da7914e.r2.dev/1355472569248898.mp4
308,280,English Seekho,565574549966663,English Seekho App,,IN,1341935488048277,https://www.facebook.com/ads/library/?id=1341935488048277,2026-07-10,,false,false,1,0,,2026-07-10,,Fluent English bolne ka sirf ek raasta – Daily practice on English Seekho App. Start now!,English Communication strong karo aur confidence badhao,Install now,http://play.google.com/store/apps/details?id=com.bolo.android,"Facebook,Instagram,Audience Network,Messenger,Threads",Fluent English bolne ka sirf ek raasta – Daily practice on English Seekho App. Start now!,English Communication strong karo aur confidence badhao,Install now,http://play.google.com/store/apps/details?id=com.bolo.android,Video,"Facebook,Instagram,Audience Network,Messenger,Threads",1,0,9:16,https://video.fblr20-4.fna.fbcdn.net/o1/v/t2/f2/m366/AQPblYFkZfTxPFcvF7_UlEr03ynbHZJ38ANpr7RLM8he7ibkuNnwtC0tzh-Er8xOF-CeCMP6hJ5hb20LkhnvmmREhLaFddaVJNpygVbEuIYk2g.mp4?_nc_cat=101&_nc_oc=Adp4ORPCnwSde4_AfnT5hpYPz_OpPGDDpVICaP5aDOx5tEeADSvwOklCYhdGsi8pyZqwvwq65NjcP01sDpcrqnXK&_nc_sid=b66105&_nc_ht=video.fblr20-4.fna.fbcdn.net&_nc_ohc=ZxWsfEozJBwQ7kNvwFL_eQ7&efg=eyJ2ZW5jb2RlX3RhZyI6Inhwdl9wcm9ncmVzc2l2ZS5WSV9VU0VDQVNFX1BST0RVQ1RfVFlQRS4uQzMuNzIwLmRhc2hfaDI2NC1iYXNpYy1nZW4yXzcyMHAiLCJ4cHZfYXNzZXRfaWQiOjIxOTI0NDA5MzEzMjYxMTQsImFzc2V0X2FnZV9kYXlzIjoyLCJ2aV91c2VjYXNlX2lkIjoxMDEzOSwiZHVyYXRpb25fcyI6NzAsInVybGdlbl9zb3VyY2UiOiJ3d3cifQ%3D%3D&ccb=17-1&vs=556811dcfee8da93&_nc_vs=HBksFQIYRWZiX2VwaGVtZXJhbC84NjQ4ODU4NUEwQzlFMjgzNjk0RjVFMEQ4NUJGRTY4NV9tdF8xX3ZpZGVvX2Rhc2hpbml0Lm1wNBUAAsgBEgAVAhhAZmJfcGVybWFuZW50LzJGNDA5OTFDRUMyOEFCRDZBQTgwRTUxQ0IwMDQ1NzkwX2F1ZGlvX2Rhc2hpbml0Lm1wNBUCAsgBEgAoABgAGwKIB3VzZV9vaWwBMRJwcm9ncmVzc2l2ZV9yZWNpcGUBMRUAACbE4rju7YDlBxUCKAJDMywXQFG90vGp--cYGWRhc2hfaDI2NC1iYXNpYy1nZW4yXzcyMHARAHUAZbaeAQA&_nc_gid=3bycZ1H4TKn4-Mq15lxM0A&_nc_ss=7f289&_nc_zt=28&oh=00_AQC1dpoZgYjXh8p3VByAuQ12Zoywc-zA-bNN8mCnh387sA&oe=6A58BA13,https://scontent.fblr20-2.fna.fbcdn.net/v/t39.35426-6/741606711_27706323528993355_2885130443345396127_n.jpg?_nc_cat=111&ccb=1-7&_nc_sid=c53f8f&_nc_ohc=3dA_jroUf7oQ7kNvwFAc72f&_nc_oc=AdqM80KTc9LWwi-wrMb2IexcCxl2iwug6MfOEgc3piF-Oa8SCQmoCCOGenaULpM5xWXVkGs8Ojr_J6w5qYE4dOHP&_nc_zt=14&_nc_ht=scontent.fblr20-2.fna&_nc_gid=3bycZ1H4TKn4-Mq15lxM0A&_nc_ss=7f289&oh=00_AQCTUTqmwilWV3H8XPl9KVT6WxAzZNYH2Pu_YAGB_OVCCA&oe=6A58BB3D,2026-07-16T11:01:39.000Z,2026-07-12,https://pub-893b4a6a607b4221a894bf861da7914e.r2.dev/1341935488048277.mp4
309,281,English Seekho,565574549966663,English Seekho App,,IN,2442698549586664,https://www.facebook.com/ads/library/?id=2442698549586664,2026-07-08,,false,false,1,0,,2026-07-08,,Fluent English bolne ka sirf ek raasta – Daily practice on English Seekho App. Start now!,English Communication strong karo aur confidence badhao,Install now,http://play.google.com/store/apps/details?id=com.bolo.android,"Facebook,Instagram,Audience Network,Messenger,Threads",Fluent English bolne ka sirf ek raasta – Daily practice on English Seekho App. Start now!,English Communication strong karo aur confidence badhao,Install now,http://play.google.com/store/apps/details?id=com.bolo.android,Video,"Facebook,Instagram,Audience Network,Messenger,Threads",1,0,9:16,https://video.fblr20-3.fna.fbcdn.net/o1/v/t2/f2/m366/AQN8QiSS6j52E7uQ1Fg0kjdQ9IM2SbvemF5Ne0blM_8khV1tLj-kTtPj6W35qPkzC4-NDRJIlHcHJOjmOeeGay7GEpmTwmTijDmEhlV9Y5L0sQ.mp4?_nc_cat=100&_nc_oc=Adrjie5yvrw0C0c1BHQ-MvM61_qCVd92AyEVHvrJtsqIlaNicitsS3CtaQFuy9KdN3arevubwI5mH3fcdixhqKfQ&_nc_sid=b66105&_nc_ht=video.fblr20-3.fna.fbcdn.net&_nc_ohc=F4q4Lq5fE5oQ7kNvwGq6nrM&efg=eyJ2ZW5jb2RlX3RhZyI6Inhwdl9wcm9ncmVzc2l2ZS5WSV9VU0VDQVNFX1BST0RVQ1RfVFlQRS4uQzMuNzIwLmRhc2hfaDI2NC1iYXNpYy1nZW4yXzcyMHAiLCJ4cHZfYXNzZXRfaWQiOjEzMTA4NDg4ODA1NjU1MTMsImFzc2V0X2FnZV9kYXlzIjozNywidmlfdXNlY2FzZV9pZCI6MTAxMzksImR1cmF0aW9uX3MiOjM5LCJ1cmxnZW5fc291cmNlIjoid3d3In0%3D&ccb=17-1&vs=73e759e0fb53a22e&_nc_vs=HBksFQIYRWZiX2VwaGVtZXJhbC8yRTQ1ODhCN0ZCRjZDNTEyRjZBQzc1N0IxNDYxQzRBMV9tdF8xX3ZpZGVvX2Rhc2hpbml0Lm1wNBUAAsgBEgAVAhhAZmJfcGVybWFuZW50Lzk2NDdERTcwRTM3QTAyMkM2OTZFRDlGMkZCQjc0MjlBX2F1ZGlvX2Rhc2hpbml0Lm1wNBUCAsgBEgAoABgAGwKIB3VzZV9vaWwBMRJwcm9ncmVzc2l2ZV9yZWNpcGUBMRUAACaS9IqeuY3UBBUCKAJDMywXQEPu2RaHKwIYGWRhc2hfaDI2NC1iYXNpYy1nZW4yXzcyMHARAHUAZbaeAQA&_nc_gid=3bycZ1H4TKn4-Mq15lxM0A&_nc_ss=7f289&_nc_zt=28&oh=00_AQAG8_FzC--WdejnrvEbfN10uBBTIda-_Dh5aLcJBGY0cw&oe=6A58B4C8,https://scontent.fblr20-2.fna.fbcdn.net/v/t39.35426-6/743563924_5347547705385909_6256615479900893644_n.jpg?_nc_cat=111&ccb=1-7&_nc_sid=c53f8f&_nc_ohc=4ctur3R_PhYQ7kNvwFEAQbj&_nc_oc=Adr-eUcnqfjV9aaXTGNBmEnbrhcf0eE1pPXw6L1hiLin0-1rAxT8N0VVXVCGt8qWncyVMVC1K1SLJbr53BNoDC_p&_nc_zt=14&_nc_ht=scontent.fblr20-2.fna&_nc_gid=3bycZ1H4TKn4-Mq15lxM0A&_nc_ss=7f289&oh=00_AQBIhuiNWcjCSzZHGVu3yTqcYgIgBIkWNYyYFDCLeaWIdg&oe=6A58CF34,2026-07-16T10:39:04.000Z,2026-07-12,https://pub-893b4a6a607b4221a894bf861da7914e.r2.dev/2442698549586664.mp4
310,282,English Seekho,565574549966663,English Seekho App,,IN,1302125191954780,https://www.facebook.com/ads/library/?id=1302125191954780,2026-01-22,,false,false,1,0,,2026-01-22,,Fluent English bolne ka sirf ek raasta – Daily practice on English Seekho App. Start now!,English Communication strong karo aur confidence badhao,Install now,http://play.google.com/store/apps/details?id=com.bolo.android,"Facebook,Instagram,Audience Network,Messenger,Threads",Fluent English bolne ka sirf ek raasta – Daily practice on English Seekho App. Start now!,English Communication strong karo aur confidence badhao,Install now,http://play.google.com/store/apps/details?id=com.bolo.android,Video,"Facebook,Instagram,Audience Network,Messenger,Threads",1,0,9:16,https://video.fblr20-4.fna.fbcdn.net/o1/v/t2/f2/m366/AQMGwNyaGSlmM0mPZnjx1sSXx47LL8MZGXwPaTi89YMJs4Fr3d68ji1tsHtfn5aMdMxeWvmy4LtfTy8x5UxFXBHXYsCIFdtFaW0ZrP7oC-msXw.mp4?_nc_cat=106&_nc_oc=AdpD-xOvEZYnePQq13DJE3uz2Hg3oHAdEMeexK5ciJ2umWf4N3sRfa62ymULQzpPkllGlz0y3QqkCH9P0xObUCYd&_nc_sid=b66105&_nc_ht=video.fblr20-4.fna.fbcdn.net&_nc_ohc=SPvs5vVejUgQ7kNvwGrhJe3&efg=eyJ2ZW5jb2RlX3RhZyI6Inhwdl9wcm9ncmVzc2l2ZS5WSV9VU0VDQVNFX1BST0RVQ1RfVFlQRS4uQzMuNzIwLmRhc2hfaDI2NC1iYXNpYy1nZW4yXzcyMHAiLCJ4cHZfYXNzZXRfaWQiOjE3OTA2MzMxNTE0OTExMTIsImFzc2V0X2FnZV9kYXlzIjoyMDIsInZpX3VzZWNhc2VfaWQiOjEwMTM5LCJkdXJhdGlvbl9zIjo1NiwidXJsZ2VuX3NvdXJjZSI6Ind3dyJ9&ccb=17-1&vs=476e3c49ad058b2a&_nc_vs=HBksFQIYRWZiX2VwaGVtZXJhbC9DMzQ1MTEzQkUzNjIzQkEyNEY0MzQyMDZERTgxRkRBMV9tdF8xX3ZpZGVvX2Rhc2hpbml0Lm1wNBUAAsgBEgAVAhhAZmJfcGVybWFuZW50L0MwNDAzQkE3Qzg1Qjg4OTgyOURCNEM2OTA0QzlEMkE3X2F1ZGlvX2Rhc2hpbml0Lm1wNBUCAsgBEgAoABgAGwKIB3VzZV9vaWwBMRJwcm9ncmVzc2l2ZV9yZWNpcGUBMRUAACbQsNfOyKSuBhUCKAJDMywXQEwZmZmZmZoYGWRhc2hfaDI2NC1iYXNpYy1nZW4yXzcyMHARAHUAZbaeAQA&_nc_gid=3bycZ1H4TKn4-Mq15lxM0A&_nc_ss=7f289&_nc_zt=28&oh=00_AQDkdarKi0emSsWg4GxqdBKjXyEc7VbNnVidaASoRFAyKQ&oe=6A58D202,https://scontent.fblr20-4.fna.fbcdn.net/v/t39.35426-6/617054167_1260895995946107_7545335404497672992_n.jpg?_nc_cat=101&ccb=1-7&_nc_sid=c53f8f&_nc_ohc=k7d2F8o1qpcQ7kNvwEgU_9D&_nc_oc=Adp3wsAOhbunLp3KX-xi8jVO6rqk2w5hNoUZoORElQek5-sUwdLp9tqmuA9nf6x17_g-jdjDMaf4g0OIINTLTMz_&_nc_zt=14&_nc_ht=scontent.fblr20-4.fna&_nc_gid=3bycZ1H4TKn4-Mq15lxM0A&_nc_ss=7f289&oh=00_AQBTyasaUJDx-5iIRrS4JYrWW7yPxNmMqYBxlatdwmnwcg&oe=6A58B6BE,2026-07-16T12:43:46.000Z,2026-07-12,https://pub-893b4a6a607b4221a894bf861da7914e.r2.dev/1302125191954780.mp4
311,283,English Seekho,565574549966663,English Seekho App,,IN,1346070270982376,https://www.facebook.com/ads/library/?id=1346070270982376,2026-07-10,,false,false,1,0,,2026-07-10,,Fluent English bolne ka sirf ek raasta – Daily practice on English Seekho App. Start now!,English Communication strong karo aur confidence badhao,Install now,http://play.google.com/store/apps/details?id=com.bolo.android,"Facebook,Instagram,Audience Network,Messenger,Threads",Fluent English bolne ka sirf ek raasta – Daily practice on English Seekho App. Start now!,English Communication strong karo aur confidence badhao,Install now,http://play.google.com/store/apps/details?id=com.bolo.android,Video,"Facebook,Instagram,Audience Network,Messenger,Threads",1,0,9:16,https://video.fblr20-1.fna.fbcdn.net/o1/v/t2/f2/m366/AQMxqMmJXmJSgD8hA0Btb2O40ED7RNr8cdKrD2TkfkiQmocXDVkosZl9P0rMBtC2ytHNyJa_54MFyCEfNswhuZrde52hVnywlHw6L_MAA6042w.mp4?_nc_cat=108&_nc_oc=Adq8UvVhh_j9sTvoIaTyEDed7n9Fmleq7fl4hNa4JQaDCiY_0pUvY-eZsxtas5KOjILub9CCJhcDHXBVClTmVjbQ&_nc_sid=b66105&_nc_ht=video.fblr20-1.fna.fbcdn.net&_nc_ohc=mGZhBXYo2XUQ7kNvwEGrx0j&efg=eyJ2ZW5jb2RlX3RhZyI6Inhwdl9wcm9ncmVzc2l2ZS5WSV9VU0VDQVNFX1BST0RVQ1RfVFlQRS4uQzMuNzIwLmRhc2hfaDI2NC1iYXNpYy1nZW4yXzcyMHAiLCJ4cHZfYXNzZXRfaWQiOjEzNTg3NjMyMjk1NTYzMzQsImFzc2V0X2FnZV9kYXlzIjoyLCJ2aV91c2VjYXNlX2lkIjoxMDEzOSwiZHVyYXRpb25fcyI6NDIsInVybGdlbl9zb3VyY2UiOiJ3d3cifQ%3D%3D&ccb=17-1&vs=c4295a2673b43777&_nc_vs=HBksFQIYRWZiX2VwaGVtZXJhbC9CNDRCREQyMUM5MzAwRTBFMkYxMThGQ0IwMDU3MkI5RF9tdF8xX3ZpZGVvX2Rhc2hpbml0Lm1wNBUAAsgBEgAVAhhAZmJfcGVybWFuZW50L0Q0NDY1OUIzRDEyQzAzRTAxMTgxQ0IzNDQ0QUNBNEFDX2F1ZGlvX2Rhc2hpbml0Lm1wNBUCAsgBEgAoABgAGwKIB3VzZV9vaWwBMRJwcm9ncmVzc2l2ZV9yZWNpcGUBMRUAACbcuY36tvLpBBUCKAJDMywXQEVVYEGJN0wYGWRhc2hfaDI2NC1iYXNpYy1nZW4yXzcyMHARAHUAZbaeAQA&_nc_gid=3bycZ1H4TKn4-Mq15lxM0A&_nc_ss=7f289&_nc_zt=28&oh=00_AQAx5_ptlso4ZndVCAVVy4KhZsfNJjNsVMVP9dE2ej2sQg&oe=6A58C694,https://scontent.fblr20-4.fna.fbcdn.net/v/t39.35426-6/743796386_1527462428840437_8835272817455193925_n.jpg?_nc_cat=103&ccb=1-7&_nc_sid=c53f8f&_nc_ohc=cIUafhxVEvQQ7kNvwHBYnaX&_nc_oc=AdpJee5HA2ixvUd5M_BqDmZrMPai-A8KYzSyRjen-gtHI-27yk4Vv7rk9QmzSqIRp_WKbHx0RGUK9BTcaVpyls8W&_nc_zt=14&_nc_ht=scontent.fblr20-4.fna&_nc_gid=3bycZ1H4TKn4-Mq15lxM0A&_nc_ss=7f289&oh=00_AQDDuS6eXOTFkco6xHPMnTnfLVX_9Gt2PAn8ctQz4fc9kQ&oe=6A58B791,2026-07-16T11:55:00.000Z,2026-07-12,https://pub-893b4a6a607b4221a894bf861da7914e.r2.dev/1346070270982376.mp4
312,284,English Seekho,565574549966663,English Seekho App,,IN,3276371869231042,https://www.facebook.com/ads/library/?id=3276371869231042,2026-07-10,,false,false,1,0,,2026-07-10,,Fluent English bolne ka sirf ek raasta – Daily practice on English Seekho App. Start now!,English Communication strong karo aur confidence badhao,Install now,http://play.google.com/store/apps/details?id=com.bolo.android,"Facebook,Instagram,Audience Network,Messenger,Threads",Fluent English bolne ka sirf ek raasta – Daily practice on English Seekho App. Start now!,English Communication strong karo aur confidence badhao,Install now,http://play.google.com/store/apps/details?id=com.bolo.android,Video,"Facebook,Instagram,Audience Network,Messenger,Threads",1,0,9:16,https://video.fblr20-3.fna.fbcdn.net/o1/v/t2/f2/m366/AQPcUMP8ybqVXDzbJCcMhGI8y7oplprnQw-Jc2ZGCN6YBVROEcCq5ZUUJ89Ffbu8zUuL3QgE8Fmwrt4eZZ9pPbtibZC1PKRbz61GD0S175zbIw.mp4?_nc_cat=100&_nc_oc=AdrXeI3HtaBh3tF4dolGiy7ReTQcsxILesO4ykJn3K8B3PzZAzpvpxRztl-ZFIaTBKbSoD2FPFxfqrtF9Ojn1b4_&_nc_sid=b66105&_nc_ht=video.fblr20-3.fna.fbcdn.net&_nc_ohc=kHiIRLGUdA8Q7kNvwGeHSrT&efg=eyJ2ZW5jb2RlX3RhZyI6Inhwdl9wcm9ncmVzc2l2ZS5WSV9VU0VDQVNFX1BST0RVQ1RfVFlQRS4uQzMuNzIwLmRhc2hfaDI2NC1iYXNpYy1nZW4yXzcyMHAiLCJ4cHZfYXNzZXRfaWQiOjk4NjIzODg3NDIyNTY2NiwiYXNzZXRfYWdlX2RheXMiOjIsInZpX3VzZWNhc2VfaWQiOjEwMTM5LCJkdXJhdGlvbl9zIjo2MCwidXJsZ2VuX3NvdXJjZSI6Ind3dyJ9&ccb=17-1&vs=fe64fa423d54c521&_nc_vs=HBksFQIYRWZiX2VwaGVtZXJhbC9ENDQxOURFNjkxQjVDRkE1RDRBRjc2RUVGNkIyQUVCNl9tdF8xX3ZpZGVvX2Rhc2hpbml0Lm1wNBUAAsgBEgAVAhhAZmJfcGVybWFuZW50LzVFNEVERUY4RjcyQkIxQjc4M0FFQ0RENDBDMkVBNTlFX2F1ZGlvX2Rhc2hpbml0Lm1wNBUCAsgBEgAoABgAGwKIB3VzZV9vaWwBMRJwcm9ncmVzc2l2ZV9yZWNpcGUBMRUAACaEsJic1L7AAxUCKAJDMywXQE4AAAAAAAAYGWRhc2hfaDI2NC1iYXNpYy1nZW4yXzcyMHARAHUAZbaeAQA&_nc_gid=3bycZ1H4TKn4-Mq15lxM0A&_nc_ss=7f289&_nc_zt=28&oh=00_AQAhTzIACJHIIzQ50tAisdL2HIpdycKyJnuKIRPmkNwV-g&oe=6A58D358,https://scontent.fblr20-2.fna.fbcdn.net/v/t39.35426-6/742208369_1393336892661679_2872394650280107553_n.jpg?_nc_cat=104&ccb=1-7&_nc_sid=c53f8f&_nc_ohc=_A3eQFR4ko8Q7kNvwHkwHhb&_nc_oc=Adpy4FAWARI9PdGxZ4AKzJPQutJP8phGtgGfvz8IepsMgxzXWphwNqCtbhTKfiY5lwf2NDRcDTObWKIaKYp-gz9B&_nc_zt=14&_nc_ht=scontent.fblr20-2.fna&_nc_gid=3bycZ1H4TKn4-Mq15lxM0A&_nc_ss=7f289&oh=00_AQBE30kzz7RdkKYDsnS6RW4tuNSDswM_moVyt7ctGAz8Ug&oe=6A589F9B,2026-07-16T12:49:28.000Z,2026-07-12,https://pub-893b4a6a607b4221a894bf861da7914e.r2.dev/3276371869231042.mp4
313,285,English Seekho,565574549966663,English Seekho App,,IN,1733743760987427,https://www.facebook.com/ads/library/?id=1733743760987427,2026-07-10,,false,false,1,0,,2026-07-10,,Fluent English bolne ka sirf ek raasta – Daily practice on English Seekho App. Start now!,English Communication strong karo aur confidence badhao,Install now,http://play.google.com/store/apps/details?id=com.bolo.android,"Facebook,Instagram,Audience Network,Messenger,Threads",Fluent English bolne ka sirf ek raasta – Daily practice on English Seekho App. Start now!,English Communication strong karo aur confidence badhao,Install now,http://play.google.com/store/apps/details?id=com.bolo.android,Video,"Facebook,Instagram,Audience Network,Messenger,Threads",1,0,9:16,https://video.fblr20-2.fna.fbcdn.net/o1/v/t2/f2/m366/AQOcu3GQqixqGVGsIURAWlZtEoQUnSsX0e7Xu6bcI5263oUPsKtajgSqeHmBHwZMNxeAXdJHSfUvk4yDF4tsxwcs_uJ_Tt4fScuKf8e-_FdZxw.mp4?_nc_cat=102&_nc_oc=AdqSJt6N8dIaf-3mAt9ClGvImav3Kp4w_FHx4u-YbaEg1AYiHXKfA3GPC94VVCxUY4uB7ozMakYgA0QatRrDhIJo&_nc_sid=b66105&_nc_ht=video.fblr20-2.fna.fbcdn.net&_nc_ohc=4wgeGf4Vzv0Q7kNvwHQSqrc&efg=eyJ2ZW5jb2RlX3RhZyI6Inhwdl9wcm9ncmVzc2l2ZS5WSV9VU0VDQVNFX1BST0RVQ1RfVFlQRS4uQzMuNzIwLmRhc2hfaDI2NC1iYXNpYy1nZW4yXzcyMHAiLCJ4cHZfYXNzZXRfaWQiOjEzNDM4NDg5NTcyNDMzNTgsImFzc2V0X2FnZV9kYXlzIjoyLCJ2aV91c2VjYXNlX2lkIjoxMDEzOSwiZHVyYXRpb25fcyI6MTQwLCJ1cmxnZW5fc291cmNlIjoid3d3In0%3D&ccb=17-1&vs=23b46f0efc3b267b&_nc_vs=HBksFQIYRWZiX2VwaGVtZXJhbC8yQTQ0NDcyOUMxRDJCNjRCQjBDN0NFQzkxMjU3ODFCRl9tdF8xX3ZpZGVvX2Rhc2hpbml0Lm1wNBUAAsgBEgAVAhhAZmJfcGVybWFuZW50LzlCNDI4MzA0QUEzNDZEM0JDNjcxODE3Mjc3QUQ1RDk1X2F1ZGlvX2Rhc2hpbml0Lm1wNBUCAsgBEgAoABgAGwKIB3VzZV9vaWwBMRJwcm9ncmVzc2l2ZV9yZWNpcGUBMRUAACa8v9P7po7jBBUCKAJDMywXQGGTMzMzMzMYGWRhc2hfaDI2NC1iYXNpYy1nZW4yXzcyMHARAHUAZbaeAQA&_nc_gid=3bycZ1H4TKn4-Mq15lxM0A&_nc_ss=7f289&_nc_zt=28&oh=00_AQA0zOp4guwvjuOM9AMObf2QRqyyhDmcfHZ_4eTvFVzCXQ&oe=6A58BD92,https://scontent.fblr20-4.fna.fbcdn.net/v/t39.35426-6/741068638_1355178763231011_2313265850527405682_n.jpg?_nc_cat=101&ccb=1-7&_nc_sid=c53f8f&_nc_ohc=4_NeUgC1-QkQ7kNvwFEIALO&_nc_oc=AdrpHqiCgv2ts7XSKhYmp6YofQK5d4v3-xZ6W0lVF9hmwaVi2S3FiCBJZAqTVKJri4LQWr3SqYY6dwrZVvKiQfDq&_nc_zt=14&_nc_ht=scontent.fblr20-4.fna&_nc_gid=3bycZ1H4TKn4-Mq15lxM0A&_nc_ss=7f289&oh=00_AQAJAA1ICrnyNJ0KtrsZ13nb_F9Kb7ogmivsMFYRHmlclA&oe=6A58CF92,2026-07-16T11:16:34.000Z,2026-07-12,https://pub-893b4a6a607b4221a894bf861da7914e.r2.dev/1733743760987427.mp4
314,286,English Seekho,565574549966663,English Seekho App,,IN,3619178701569814,https://www.facebook.com/ads/library/?id=3619178701569814,2026-07-10,,false,false,1,0,,2026-07-10,,Fluent English bolne ka sirf ek raasta – Daily practice on English Seekho App. Start now!,English Communication strong karo aur confidence badhao,Install now,http://play.google.com/store/apps/details?id=com.bolo.android,"Facebook,Instagram,Audience Network,Messenger,Threads",Fluent English bolne ka sirf ek raasta – Daily practice on English Seekho App. Start now!,English Communication strong karo aur confidence badhao,Install now,http://play.google.com/store/apps/details?id=com.bolo.android,Video,"Facebook,Instagram,Audience Network,Messenger,Threads",1,0,9:16,https://video.fblr20-2.fna.fbcdn.net/o1/v/t2/f2/m366/AQPhSFleT3h-wJogjpBZO5mLheFGdZyaIxumqaBSSurLcgXFPhf4lkT54A7R09iMbmrk2L3MOPWzZvTf21roTZjiEco1g7pxFlRTT6cs_XdijQ.mp4?_nc_cat=102&_nc_oc=Adpml6FwjrathSG3knZw1HZZvdrJmtRJnktuKzH8xVzmH9P9LASb4U-k2cxQ1uWwBzRFx8ey1pJ0QTE1JPTUJG9e&_nc_sid=b66105&_nc_ht=video.fblr20-2.fna.fbcdn.net&_nc_ohc=B2UbKsPkitcQ7kNvwH1Ffiv&efg=eyJ2ZW5jb2RlX3RhZyI6Inhwdl9wcm9ncmVzc2l2ZS5WSV9VU0VDQVNFX1BST0RVQ1RfVFlQRS4uQzMuNzIwLmRhc2hfaDI2NC1iYXNpYy1nZW4yXzcyMHAiLCJ4cHZfYXNzZXRfaWQiOjE1NjAyNzQ3MzIyNzU3OTAsImFzc2V0X2FnZV9kYXlzIjoyLCJ2aV91c2VjYXNlX2lkIjoxMDEzOSwiZHVyYXRpb25fcyI6NjEsInVybGdlbl9zb3VyY2UiOiJ3d3cifQ%3D%3D&ccb=17-1&vs=43fc3f3c98e1ba06&_nc_vs=HBksFQIYRWZiX2VwaGVtZXJhbC8yNjQ0MkE1MDgzOEFDRkFDQTMwMEVBNEMxNTRDQzg4MV9tdF8xX3ZpZGVvX2Rhc2hpbml0Lm1wNBUAAsgBEgAVAhhAZmJfcGVybWFuZW50LzRGNEVEQTNDNjU3NUQwMjkwNkEwMzY4NjgxNzI1OEE0X2F1ZGlvX2Rhc2hpbml0Lm1wNBUCAsgBEgAoABgAGwKIB3VzZV9vaWwBMRJwcm9ncmVzc2l2ZV9yZWNpcGUBMRUAACac4drS-MPFBRUCKAJDMywXQE6nztkWhysYGWRhc2hfaDI2NC1iYXNpYy1nZW4yXzcyMHARAHUAZbaeAQA&_nc_gid=3bycZ1H4TKn4-Mq15lxM0A&_nc_ss=7f289&_nc_zt=28&oh=00_AQBCn6cmMlWK0NF9kMdYw3W-R4mc-4tlPi54ZF9_GB63FQ&oe=6A58BEEA,https://scontent.fblr20-2.fna.fbcdn.net/v/t39.35426-6/743967369_1005282735713520_7152882419092278955_n.jpg?_nc_cat=104&ccb=1-7&_nc_sid=c53f8f&_nc_ohc=E8P4VmP5fi8Q7kNvwFYuQ8I&_nc_oc=AdqicDGOQhOL6fE60Z0yDDyIBidUB3LQqWRMyYY_mPky7AjyPxgBmt_xvN9DV27kPh-Jw4zDHP_39wT1DLC4njMy&_nc_zt=14&_nc_ht=scontent.fblr20-2.fna&_nc_gid=3bycZ1H4TKn4-Mq15lxM0A&_nc_ss=7f289&oh=00_AQBFMtvoDj0KpnoK1RfWuYHQHx_luiGamHF74kYrDpkQVg&oe=6A58C14E,2026-07-16T11:22:18.000Z,2026-07-12,https://pub-893b4a6a607b4221a894bf861da7914e.r2.dev/3619178701569814.mp4
315,287,English Seekho,565574549966663,English Seekho App,,IN,1259807772762958,https://www.facebook.com/ads/library/?id=1259807772762958,2026-07-10,,false,false,1,0,,2026-07-10,,Fluent English bolne ka sirf ek raasta – Daily practice on English Seekho App. Start now!,English Communication strong karo aur confidence badhao,Install now,http://play.google.com/store/apps/details?id=com.bolo.android,"Facebook,Instagram,Audience Network,Messenger,Threads",Fluent English bolne ka sirf ek raasta – Daily practice on English Seekho App. Start now!,English Communication strong karo aur confidence badhao,Install now,http://play.google.com/store/apps/details?id=com.bolo.android,Video,"Facebook,Instagram,Audience Network,Messenger,Threads",1,0,9:16,https://video.fblr20-1.fna.fbcdn.net/o1/v/t2/f2/m366/AQMRl7XgDsSCYD6vV8wo4FSoWWe7Ntov6p-5EIxrseCFI3xWLOCrmZ74der2H_KSj-fF3jtgCyz1YM2sxT-iWedK42E4MdEIu1x_-xoe8mzYSw.mp4?_nc_cat=108&_nc_oc=AdqQPj2avGHpFVfckLhEePTRoSdg0ktj9thEW0bEPn0b6dH79_o1YfYthLcg1Mby0JnVzqWhMfvR9yClMmVr8q5l&_nc_sid=b66105&_nc_ht=video.fblr20-1.fna.fbcdn.net&_nc_ohc=Dgp5fPt_-4IQ7kNvwEt37SX&efg=eyJ2ZW5jb2RlX3RhZyI6Inhwdl9wcm9ncmVzc2l2ZS5WSV9VU0VDQVNFX1BST0RVQ1RfVFlQRS4uQzMuNzIwLmRhc2hfaDI2NC1iYXNpYy1nZW4yXzcyMHAiLCJ4cHZfYXNzZXRfaWQiOjEwNDcyOTk1MzQ0MDk4MzAsImFzc2V0X2FnZV9kYXlzIjoyLCJ2aV91c2VjYXNlX2lkIjoxMDEzOSwiZHVyYXRpb25fcyI6OTcsInVybGdlbl9zb3VyY2UiOiJ3d3cifQ%3D%3D&ccb=17-1&vs=8518db12ff511d7a&_nc_vs=HBksFQIYRWZiX2VwaGVtZXJhbC9DOTQ5RjE0M0NGM0UzNjg0MzMzMEZGRkU2Q0MzQzk4Rl9tdF8xX3ZpZGVvX2Rhc2hpbml0Lm1wNBUAAsgBEgAVAhhAZmJfcGVybWFuZW50LzVBNDVDMTI3MjZGMTRDQjhCODQ3RThBN0YwMkE2RDlBX2F1ZGlvX2Rhc2hpbml0Lm1wNBUCAsgBEgAoABgAGwKIB3VzZV9vaWwBMRJwcm9ncmVzc2l2ZV9yZWNpcGUBMRUAACbMwcbL7aDcAxUCKAJDMywXQFh5aHKwIMUYGWRhc2hfaDI2NC1iYXNpYy1nZW4yXzcyMHARAHUAZbaeAQA&_nc_gid=Tmio681hfHBYBit3YTbrBw&_nc_ss=7f289&_nc_zt=28&oh=00_AQDRfD1LNUwJq1EstXbVeh3VNFa7nmV5BN2jN0QtWSejFQ&oe=6A58AC70,https://scontent.fblr20-4.fna.fbcdn.net/v/t39.35426-6/741882302_1032702999228679_1145632647761432584_n.jpg?_nc_cat=101&ccb=1-7&_nc_sid=c53f8f&_nc_ohc=7UFjVhJGdnYQ7kNvwGypFCJ&_nc_oc=Adr9y96WzHjxyyfdJ2QisNQxHsX3QJ-j2NQkfVg5HBMihZ9ZPx9TKbEGNVsfrVTFSjmvSu7SVGX9X6eXZNiqSaGL&_nc_zt=14&_nc_ht=scontent.fblr20-4.fna&_nc_gid=Tmio681hfHBYBit3YTbrBw&_nc_ss=7f289&oh=00_AQAyHUrqSbSa0wBK48cG638HIIu5G7UP5nNx3XvI2UR7cw&oe=6A58B145,2026-07-16T10:03:28.000Z,2026-07-12,https://pub-893b4a6a607b4221a894bf861da7914e.r2.dev/1259807772762958.mp4
316,288,English Seekho,565574549966663,English Seekho App,,IN,1002160392592648,https://www.facebook.com/ads/library/?id=1002160392592648,2026-07-10,,false,false,1,0,,2026-07-10,,Fluent English bolne ka sirf ek raasta – Daily practice on English Seekho App. Start now!,English Communication strong karo aur confidence badhao,Install now,http://play.google.com/store/apps/details?id=com.bolo.android,"Facebook,Instagram,Audience Network,Messenger,Threads",Fluent English bolne ka sirf ek raasta – Daily practice on English Seekho App. Start now!,English Communication strong karo aur confidence badhao,Install now,http://play.google.com/store/apps/details?id=com.bolo.android,Video,"Facebook,Instagram,Audience Network,Messenger,Threads",1,0,9:16,https://video.fblr20-1.fna.fbcdn.net/o1/v/t2/f2/m366/AQOROk98_unsonb6NNY5RTix_m73S3icnXd_Q1WAzCzLuRVcpSJZ1Kc-7vtcP76D0C40BaJB-seNSyvvbE0xEHhM9U07Ew4FlkFTjtQepdo67Q.mp4?_nc_cat=108&_nc_oc=Adprl8zr0EUT7v8WzW-AJ3u1vl6zuo4qFkNhGOcjW1OAAve4FOKj6y7w2zCU-rRfwHu3xuTV5vfIzLTyLv_sKOBp&_nc_sid=b66105&_nc_ht=video.fblr20-1.fna.fbcdn.net&_nc_ohc=4KgDG5kK-eIQ7kNvwHSXAHp&efg=eyJ2ZW5jb2RlX3RhZyI6Inhwdl9wcm9ncmVzc2l2ZS5WSV9VU0VDQVNFX1BST0RVQ1RfVFlQRS4uQzMuNzIwLmRhc2hfaDI2NC1iYXNpYy1nZW4yXzcyMHAiLCJ4cHZfYXNzZXRfaWQiOjE1MzA5NDkxNDg0NzE5ODksImFzc2V0X2FnZV9kYXlzIjoyLCJ2aV91c2VjYXNlX2lkIjoxMDEzOSwiZHVyYXRpb25fcyI6MTIyLCJ1cmxnZW5fc291cmNlIjoid3d3In0%3D&ccb=17-1&vs=56285cd7ef5cf7b0&_nc_vs=HBksFQIYRWZiX2VwaGVtZXJhbC9FNzQ1NThBODc2QUVCOTdFQ0YyMDM5Qjc0N0I3RTI4MV9tdF8xX3ZpZGVvX2Rhc2hpbml0Lm1wNBUAAsgBEgAVAhhAZmJfcGVybWFuZW50L0E1NEE5NzcxQzE3NUExQUI5REIzNEU5OEY3MjJDQTlGX2F1ZGlvX2Rhc2hpbml0Lm1wNBUCAsgBEgAoABgAGwKIB3VzZV9vaWwBMRJwcm9ncmVzc2l2ZV9yZWNpcGUBMRUAACbqys-C_Ji4BRUCKAJDMywXQF6HrhR64UgYGWRhc2hfaDI2NC1iYXNpYy1nZW4yXzcyMHARAHUAZbaeAQA&_nc_gid=Tmio681hfHBYBit3YTbrBw&_nc_ss=7f289&_nc_zt=28&oh=00_AQA-etwcmx-oE78H27_Oh_2HxW5CxYjTDIwh9SKXLEAWfA&oe=6A58C250,https://scontent.fblr20-3.fna.fbcdn.net/v/t39.35426-6/741409444_1347172580850670_8019080003395434673_n.jpg?_nc_cat=109&ccb=1-7&_nc_sid=c53f8f&_nc_ohc=PU9Nq1QkIdEQ7kNvwGjuKAt&_nc_oc=Adoag-mzhP4lEj8CYl4WMj-Y8IMiarwssfrnvC6oEDsDNAFeX_ZBKdOWoF8jb6f0qbj5ofmQRxc_z_IGQI_MWuoB&_nc_zt=14&_nc_ht=scontent.fblr20-3.fna&_nc_gid=Tmio681hfHBYBit3YTbrBw&_nc_ss=7f289&oh=00_AQDgESgSoi7-7Fe4yfsC0RfecEeUFPfFt2LCZ6Y7n4npcg&oe=6A58B4E2,2026-07-16T11:36:48.000Z,2026-07-12,https://pub-893b4a6a607b4221a894bf861da7914e.r2.dev/1002160392592648.mp4
317,289,English Seekho,565574549966663,English Seekho App,,IN,2017725382451838,https://www.facebook.com/ads/library/?id=2017725382451838,2026-06-23,,false,false,1,0,,2026-06-23,,Fluent English bolne ka sirf ek raasta – Daily practice on English Seekho App. Start now!,English Communication strong karo aur confidence badhao,Install now,http://play.google.com/store/apps/details?id=com.bolo.android,"Facebook,Instagram,Audience Network,Messenger,Threads",Fluent English bolne ka sirf ek raasta – Daily practice on English Seekho App. Start now!,English Communication strong karo aur confidence badhao,Install now,http://play.google.com/store/apps/details?id=com.bolo.android,Video,"Facebook,Instagram,Audience Network,Messenger,Threads",1,0,9:16,https://video.fblr20-4.fna.fbcdn.net/o1/v/t2/f2/m366/AQNq0lUVoTB16Ia3gDITEvygwUQGcQqqqSGdqAA2Rigt0pnV8-x7lbiqiteUrmNoaV9hMlZNKohrmspHsAJYAp7ccE_VZpHo909i6muDz8QBAg.mp4?_nc_cat=101&_nc_oc=Adr7rShmtDje-qeiEqaBuchp5TdUlPLwPq-qIWQXD5ALm0L-MNyyhfGyvnUGyXivS41zHGYgZnfnmDJBpb3Hr92q&_nc_sid=b66105&_nc_ht=video.fblr20-4.fna.fbcdn.net&_nc_ohc=fcjHn0E1sQsQ7kNvwFj-aSe&efg=eyJ2ZW5jb2RlX3RhZyI6Inhwdl9wcm9ncmVzc2l2ZS5WSV9VU0VDQVNFX1BST0RVQ1RfVFlQRS4uQzMuNzIwLmRhc2hfaDI2NC1iYXNpYy1nZW4yXzcyMHAiLCJ4cHZfYXNzZXRfaWQiOjMzMjQwNzk2MjA1NTY2MDA5LCJhc3NldF9hZ2VfZGF5cyI6MTc1LCJ2aV91c2VjYXNlX2lkIjoxMDEzOSwiZHVyYXRpb25fcyI6MzIsInVybGdlbl9zb3VyY2UiOiJ3d3cifQ%3D%3D&ccb=17-1&vs=a5de7d473fcd0157&_nc_vs=HBksFQIYRWZiX2VwaGVtZXJhbC82RTRCNzcwQjExOTNGNDBFNkYyMzYzMTg4MTkwNzFBQ19tdF8xX3ZpZGVvX2Rhc2hpbml0Lm1wNBUAAsgBEgAVAhhAZmJfcGVybWFuZW50LzBCNEI3QTE5MzRFNUMzMjdFRDI3NEI0QTQ0RTZDOTlCX2F1ZGlvX2Rhc2hpbml0Lm1wNBUCAsgBEgAoABgAGwKIB3VzZV9vaWwBMRJwcm9ncmVzc2l2ZV9yZWNpcGUBMRUAACbyoJKe_5SMdhUCKAJDMywXQEBhJul41P4YGWRhc2hfaDI2NC1iYXNpYy1nZW4yXzcyMHARAHUAZbaeAQA&_nc_gid=Tmio681hfHBYBit3YTbrBw&_nc_ss=7f289&_nc_zt=28&oh=00_AQBV8wamUzow9di4mlb5iTC9GdJQhWgIr8iY74mwLrfJgg&oe=6A589FFF,https://scontent.fblr20-4.fna.fbcdn.net/v/t39.35426-6/730992710_1432190105593523_3139144089512210456_n.jpg?_nc_cat=101&ccb=1-7&_nc_sid=c53f8f&_nc_ohc=g5ygjuXFZxcQ7kNvwFrtYn8&_nc_oc=AdrXiWNFm0X5GjQgFqJDIcHJAm8VfIoWGNn2VBf3qs5tS5iiOojx4trUB56BoxKaFTTR5TvdHphZQRZeMEzEXF2b&_nc_zt=14&_nc_ht=scontent.fblr20-4.fna&_nc_gid=Tmio681hfHBYBit3YTbrBw&_nc_ss=7f289&oh=00_AQDntpE_X4yv9QSbNM10BRTp46OSrNROkI4WKcJ83FDO5g&oe=6A58C407,2026-07-16T09:10:23.000Z,2026-07-12,https://pub-893b4a6a607b4221a894bf861da7914e.r2.dev/2017725382451838.mp4
318,290,English Seekho,565574549966663,English Seekho App,,IN,2017910682445150,https://www.facebook.com/ads/library/?id=2017910682445150,2026-07-09,,false,false,1,0,,2026-07-09,,Fluent English bolne ka sirf ek raasta – Daily practice on English Seekho App. Start now!,English Communication strong karo aur confidence badhao,Install now,http://play.google.com/store/apps/details?id=com.bolo.android,"Facebook,Instagram,Audience Network,Messenger,Threads",Fluent English bolne ka sirf ek raasta – Daily practice on English Seekho App. Start now!,English Communication strong karo aur confidence badhao,Install now,http://play.google.com/store/apps/details?id=com.bolo.android,Video,"Facebook,Instagram,Audience Network,Messenger,Threads",1,0,9:16,https://video.fblr20-1.fna.fbcdn.net/o1/v/t2/f2/m366/AQMhWKKJWl8pc65ss5UWdGRKaVx8YeK55TVbivy1jvhtNDQsPgkdxq4Zzrnb-JEQ18NKs7jjORQ5VsmK4jQ477eoENyJZlXB-NbQCxqQRjKx6A.mp4?_nc_cat=110&_nc_oc=AdquIUZw3Vx9kxlo81PcdGv1TQR0-bpQfgUsPZc7mXAXBsUbTSuH8cWV4R_u5MtclMrnz6g8u130BkDrYotqgSBc&_nc_sid=b66105&_nc_ht=video.fblr20-1.fna.fbcdn.net&_nc_ohc=Sz_MRn-Ny3oQ7kNvwGQak1r&efg=eyJ2ZW5jb2RlX3RhZyI6Inhwdl9wcm9ncmVzc2l2ZS5WSV9VU0VDQVNFX1BST0RVQ1RfVFlQRS4uQzMuNzIwLmRhc2hfaDI2NC1iYXNpYy1nZW4yXzcyMHAiLCJ4cHZfYXNzZXRfaWQiOjg4MDAwMjMyODAyOTI2NSwiYXNzZXRfYWdlX2RheXMiOjEsInZpX3VzZWNhc2VfaWQiOjEwNzk5LCJkdXJhdGlvbl9zIjoyNzAsInVybGdlbl9zb3VyY2UiOiJ3d3cifQ%3D%3D&ccb=17-1&vs=c078d19dba8bd45f&_nc_vs=HBksFQIYRWZiX2VwaGVtZXJhbC9CMzQ4NDUxM0NGRDk4ODM1OTU5OEUzNDVGM0MxRDJBNl9tdF8xX3ZpZGVvX2Rhc2hpbml0Lm1wNBUAAsgBEgAVAhhAZmJfcGVybWFuZW50LzhBNDEzMzVCNjJFRkUxRjY5RjQxOEI2MDVGOUE3NUEwX2F1ZGlvX2Rhc2hpbml0Lm1wNBUCAsgBEgAoABgAGwKIB3VzZV9vaWwBMRJwcm9ncmVzc2l2ZV9yZWNpcGUBMRUAACaioc-i8JaQAxUCKAJDMywXQHDip--dsi0YGWRhc2hfaDI2NC1iYXNpYy1nZW4yXzcyMHARAHUAZd6oAQA&_nc_gid=Tmio681hfHBYBit3YTbrBw&_nc_ss=7f289&_nc_zt=28&oh=00_AQCHa71PzanKokScqcfgd8axo4nxpVXzx8jp5oY8u5jOMw&oe=6A589EE2,https://scontent.fblr20-3.fna.fbcdn.net/v/t39.35426-6/741906503_957860290619783_1552918398494338601_n.jpg?_nc_cat=105&ccb=1-7&_nc_sid=c53f8f&_nc_ohc=nsyz7omRvmEQ7kNvwG32uIj&_nc_oc=AdpcbruNJb8hKu3y2E-ZZAPmz4vfM4DzfPT4cs6R2-tnN0IzewX2JptgFq4UQC8bGR2SLAZ31clDoX3re9kaoeWo&_nc_zt=14&_nc_ht=scontent.fblr20-3.fna&_nc_gid=Tmio681hfHBYBit3YTbrBw&_nc_ss=7f289&oh=00_AQARB0kW0-1sbQ8uN9aoF0v7_imjLiHs9CH7kg2cKH925g&oe=6A58D05E,2026-07-16T09:05:38.000Z,2026-07-12,https://pub-893b4a6a607b4221a894bf861da7914e.r2.dev/2017910682445150.mp4
319,291,English Seekho,565574549966663,English Seekho App,,IN,1433011138873457,https://www.facebook.com/ads/library/?id=1433011138873457,2026-07-03,,false,false,1,0,,2026-07-03,,"ঘরে বসেই ইংরেজি শিখুন!
English Seekho App-এর ইন্টারঅ্যাকটিভ লেসনের মাধ্যমে প্রতিদিন অনুশীলন করুন।",ইংরেজি কমিউনিকেশন শক্তিশালী করুন এবং আত্মবিশ্বাস বাড়ান।,Install now,http://play.google.com/store/apps/details?id=com.bolo.android,"Facebook,Instagram,Audience Network,Messenger,Threads","ঘরে বসেই ইংরেজি শিখুন!
English Seekho App-এর ইন্টারঅ্যাকটিভ লেসনের মাধ্যমে প্রতিদিন অনুশীলন করুন।",ইংরেজি কমিউনিকেশন শক্তিশালী করুন এবং আত্মবিশ্বাস বাড়ান।,Install now,http://play.google.com/store/apps/details?id=com.bolo.android,Video,"Facebook,Instagram,Audience Network,Messenger,Threads",1,0,9:16,https://video.fblr20-2.fna.fbcdn.net/o1/v/t2/f2/m366/AQPWB-C66BE9lRpE_UOw1vtKJoY_RzVDzWaj0zuJIX-3SVsjdcfq00jMerLr_EjWS4xohp25zpansH_5_1t9IAoWEGNPLlaZGIMcOZr4DTDhlg.mp4?_nc_cat=111&_nc_oc=AdoiUzUrcm5-U2Zd5GMjqLa2ZVBLZfOWFR2C6VvNrjEIk5bClc2F78Lf6DlUEsgjh9OWJG83yWtez7Dl1Vmsn-zT&_nc_sid=b66105&_nc_ht=video.fblr20-2.fna.fbcdn.net&_nc_ohc=VGXKrdFWn_4Q7kNvwEMQOf-&efg=eyJ2ZW5jb2RlX3RhZyI6Inhwdl9wcm9ncmVzc2l2ZS5WSV9VU0VDQVNFX1BST0RVQ1RfVFlQRS4uQzMuNzIwLmRhc2hfaDI2NC1iYXNpYy1nZW4yXzcyMHAiLCJ4cHZfYXNzZXRfaWQiOjk5Mjg3MTM0MzY1MDM4NiwiYXNzZXRfYWdlX2RheXMiOjExLCJ2aV91c2VjYXNlX2lkIjoxMDEzOSwiZHVyYXRpb25fcyI6MjM4LCJ1cmxnZW5fc291cmNlIjoid3d3In0%3D&ccb=17-1&vs=1adf740311ac104e&_nc_vs=HBksFQIYRWZiX2VwaGVtZXJhbC84MzRCNjY1NTMxRjc0ODdCMUU2NzkyQUJGM0E5Q0ZBNl9tdF8xX3ZpZGVvX2Rhc2hpbml0Lm1wNBUAAsgBEgAVAhhAZmJfcGVybWFuZW50LzM1NDYwRjU2NTBDRjM3RUZGRTI0MTNFMzcyNUY3MUE1X2F1ZGlvX2Rhc2hpbml0Lm1wNBUCAsgBEgAoABgAGwKIB3VzZV9vaWwBMRJwcm9ncmVzc2l2ZV9yZWNpcGUBMRUAACak2ff728DDAxUCKAJDMywXQG3HnbItDlYYGWRhc2hfaDI2NC1iYXNpYy1nZW4yXzcyMHARAHUAZbaeAQA&_nc_gid=Tmio681hfHBYBit3YTbrBw&_nc_ss=7f289&_nc_zt=28&oh=00_AQBsDw2z0J9kZ5qjzKYeKV3j8hholYyWHhJ3IeeZRzwO9w&oe=6A58D635,https://scontent.fblr20-4.fna.fbcdn.net/v/t39.35426-6/739699266_1533253241861640_9142280255243354280_n.jpg?_nc_cat=101&ccb=1-7&_nc_sid=c53f8f&_nc_ohc=JemEXhi0TjoQ7kNvwFoah72&_nc_oc=AdrQOHn4e7a4GaPQZO5Untecjbn_eUlwsHJChppEfROYtUqNUiIbZV5dhZFC3e8jgt-BY0BQZcUaGZ23VcFbunqD&_nc_zt=14&_nc_ht=scontent.fblr20-4.fna&_nc_gid=Tmio681hfHBYBit3YTbrBw&_nc_ss=7f289&oh=00_AQAdhL5LRQWYZX_lAXei5HFfE3x1Kdi6tnfOrjabB4LL7w&oe=6A589F9A,2026-07-16T13:01:41.000Z,2026-07-12,https://pub-893b4a6a607b4221a894bf861da7914e.r2.dev/1433011138873457.mp4
320,292,English Seekho,565574549966663,English Seekho App,,IN,1328658395567285,https://www.facebook.com/ads/library/?id=1328658395567285,2026-07-10,,false,false,1,0,,2026-07-10,,Fluent English bolne ka sirf ek raasta – Daily practice on English Seekho App. Start now!,English Communication strong karo aur confidence badhao,Install now,http://play.google.com/store/apps/details?id=com.bolo.android,"Facebook,Instagram,Audience Network,Messenger,Threads",Fluent English bolne ka sirf ek raasta – Daily practice on English Seekho App. Start now!,English Communication strong karo aur confidence badhao,Install now,http://play.google.com/store/apps/details?id=com.bolo.android,Video,"Facebook,Instagram,Audience Network,Messenger,Threads",1,0,9:16,https://video.fblr20-2.fna.fbcdn.net/o1/v/t2/f2/m366/AQNeqpU7y3pP-eAYARg04CQ9MZWtuOfJoe433vPXxFcf3q0Ipo1ILohHaOrBkzuq_--agmeSAz1lUHjVgqEW9zh1lqaINHUvBbDBXR6mmItNqw.mp4?_nc_cat=102&_nc_oc=AdoR3KIl98u2UZ6bF6LmdP6v1y2MqIOVJQK5Gapxs4NTgsCpIv5c7mElxkzBhtaLcUTXo94yYyeXghBMjs_EZX0W&_nc_sid=b66105&_nc_ht=video.fblr20-2.fna.fbcdn.net&_nc_ohc=9XisKBmCh-sQ7kNvwHIR-oZ&efg=eyJ2ZW5jb2RlX3RhZyI6Inhwdl9wcm9ncmVzc2l2ZS5WSV9VU0VDQVNFX1BST0RVQ1RfVFlQRS4uQzMuNzIwLmRhc2hfaDI2NC1iYXNpYy1nZW4yXzcyMHAiLCJ4cHZfYXNzZXRfaWQiOjIxMzYwNzQxMjcyOTAwNjEsImFzc2V0X2FnZV9kYXlzIjoyLCJ2aV91c2VjYXNlX2lkIjoxMDEzOSwiZHVyYXRpb25fcyI6MTIxLCJ1cmxnZW5fc291cmNlIjoid3d3In0%3D&ccb=17-1&vs=6849a4794bb4d29d&_nc_vs=HBksFQIYRWZiX2VwaGVtZXJhbC83QjQ0NUI0QzFFN0MyOTE2OTUzMTQ0NDdCQzUzRkVCRV9tdF8xX3ZpZGVvX2Rhc2hpbml0Lm1wNBUAAsgBEgAVAhhAZmJfcGVybWFuZW50LzkwNDNDMjBEMjIwQUEzNDRBQTE4NUMxREU2NzEwREE5X2F1ZGlvX2Rhc2hpbml0Lm1wNBUCAsgBEgAoABgAGwKIB3VzZV9vaWwBMRJwcm9ncmVzc2l2ZV9yZWNpcGUBMRUAACaau5G58K_LBxUCKAJDMywXQF5dT987ZFoYGWRhc2hfaDI2NC1iYXNpYy1nZW4yXzcyMHARAHUAZbaeAQA&_nc_gid=Tmio681hfHBYBit3YTbrBw&_nc_ss=7f289&_nc_zt=28&oh=00_AQCkqDVluvejOFmT8GUiJjvKFQAlOxiN8-vDIAZSWSVpnA&oe=6A58C982,https://scontent.fblr20-3.fna.fbcdn.net/v/t39.35426-6/742154236_1756627742009377_3580978719482134174_n.jpg?_nc_cat=100&ccb=1-7&_nc_sid=c53f8f&_nc_ohc=CcDldgD06hUQ7kNvwF1AqmV&_nc_oc=AdpnI5sicGChF6XUz2yp3PfWFwuWWfHZDNpreivNOyifAMxmqZB-s37ph1G4t31x-HzSxmiu1HcAMiT_zJohYk3t&_nc_zt=14&_nc_ht=scontent.fblr20-3.fna&_nc_gid=Tmio681hfHBYBit3YTbrBw&_nc_ss=7f289&oh=00_AQB3r7mZlMv60ILKRQoQerS-w5cxMKFJMoWIIg3w5fJXyA&oe=6A58B85A,2026-07-16T12:07:30.000Z,2026-07-12,https://pub-893b4a6a607b4221a894bf861da7914e.r2.dev/1328658395567285.mp4
321,293,English Seekho,565574549966663,English Seekho App,,IN,1000845756183430,https://www.facebook.com/ads/library/?id=1000845756183430,2026-07-10,,false,false,1,0,,2026-07-10,,Fluent English bolne ka sirf ek raasta – Daily practice on English Seekho App. Start now!,English Communication strong karo aur confidence badhao,Install now,http://play.google.com/store/apps/details?id=com.bolo.android,"Facebook,Instagram,Audience Network,Messenger,Threads",Fluent English bolne ka sirf ek raasta – Daily practice on English Seekho App. Start now!,English Communication strong karo aur confidence badhao,Install now,http://play.google.com/store/apps/details?id=com.bolo.android,Video,"Facebook,Instagram,Audience Network,Messenger,Threads",1,0,9:16,https://video.fblr20-1.fna.fbcdn.net/o1/v/t2/f2/m366/AQP7YbdH7qQotCmkTMYb-4d6rzlqBXVhuCBjcqfPRyT9qn0atwG9m3NJbvnOmy9qpGKvx3lHtbrsVWdorFi8jBSTRS-nGSB2HovNEeeUYRLufg.mp4?_nc_cat=110&_nc_oc=Adrt6lqr21Bey8F3f5xijm9gsLDH2HikqIJdtClYxU1gS4_S0A6Qhdi8CjT_wzPVcWA6L66xDxn0Qd2Msxh3TLmR&_nc_sid=b66105&_nc_ht=video.fblr20-1.fna.fbcdn.net&_nc_ohc=C8GsHFOO6BkQ7kNvwEKA5Ev&efg=eyJ2ZW5jb2RlX3RhZyI6Inhwdl9wcm9ncmVzc2l2ZS5WSV9VU0VDQVNFX1BST0RVQ1RfVFlQRS4uQzMuNzIwLmRhc2hfaDI2NC1iYXNpYy1nZW4yXzcyMHAiLCJ4cHZfYXNzZXRfaWQiOjEzMzQ3OTgwODg4NjAyMDYsImFzc2V0X2FnZV9kYXlzIjoyLCJ2aV91c2VjYXNlX2lkIjoxMDEzOSwiZHVyYXRpb25fcyI6MTc0LCJ1cmxnZW5fc291cmNlIjoid3d3In0%3D&ccb=17-1&vs=e0a1ddb3f33b8bf8&_nc_vs=HBksFQIYRWZiX2VwaGVtZXJhbC8yMTQ2QUM2QjJDMUJBQTRBMjdDQTg3QUI1QjZDRDQ4QV9tdF8xX3ZpZGVvX2Rhc2hpbml0Lm1wNBUAAsgBEgAVAhhAZmJfcGVybWFuZW50LzJGNDdBRjQ3Mzc3QzlCOUYxNTE2NDQzRjkxQkMxOUI0X2F1ZGlvX2Rhc2hpbml0Lm1wNBUCAsgBEgAoABgAGwKIB3VzZV9vaWwBMRJwcm9ncmVzc2l2ZV9yZWNpcGUBMRUAACbcyPfevP_eBBUCKAJDMywXQGXe6XjU_fQYGWRhc2hfaDI2NC1iYXNpYy1nZW4yXzcyMHARAHUAZbaeAQA&_nc_gid=Tmio681hfHBYBit3YTbrBw&_nc_ss=7f289&_nc_zt=28&oh=00_AQACLatAAF1aXZPWyLEcM9_PEnz3NWY5tjeJULX58TGQiQ&oe=6A58B666,https://scontent.fblr20-4.fna.fbcdn.net/v/t39.35426-6/743425224_3518984594934346_1521226854724430362_n.jpg?_nc_cat=103&ccb=1-7&_nc_sid=c53f8f&_nc_ohc=tG44SQ87QbEQ7kNvwH9lJps&_nc_oc=Adp7VrS4PAM3auGgvWBsWFc41TidQsE7PcpTRmolo9RNw-F76MuLiCUSyNa4XCMfCWuiNemEB98OQdBVjQ8NcH6z&_nc_zt=14&_nc_ht=scontent.fblr20-4.fna&_nc_gid=Tmio681hfHBYBit3YTbrBw&_nc_ss=7f289&oh=00_AQBr9EdN4HJkMEeNhFQovX646ghgzbOVgNc9DfhXRuQ1YQ&oe=6A58C055,2026-07-16T10:45:58.000Z,2026-07-12,https://pub-893b4a6a607b4221a894bf861da7914e.r2.dev/1000845756183430.mp4
322,294,English Seekho,565574549966663,English Seekho App,,IN,1014910164802442,https://www.facebook.com/ads/library/?id=1014910164802442,2026-07-10,,false,false,1,0,,2026-07-10,,Fluent English bolne ka sirf ek raasta – Daily practice on English Seekho App. Start now!,English Communication strong karo aur confidence badhao,Install now,http://play.google.com/store/apps/details?id=com.bolo.android,"Facebook,Instagram,Audience Network,Messenger,Threads",Fluent English bolne ka sirf ek raasta – Daily practice on English Seekho App. Start now!,English Communication strong karo aur confidence badhao,Install now,http://play.google.com/store/apps/details?id=com.bolo.android,Video,"Facebook,Instagram,Audience Network,Messenger,Threads",1,0,9:16,https://video.fblr20-3.fna.fbcdn.net/o1/v/t2/f2/m366/AQMdFhr2WxyurgMSBpWLQMsWJ3mY1oYtXLHo8-nB20f3adwqiN0wWHwWgaeyYLnJZ722bcjfGJBErgfj2e9VGUnsn7XVWx2x5m-MxDnE5DFswA.mp4?_nc_cat=100&_nc_oc=Adp4EwphZnWjzLVXsfTcuxBVM_KJjLgdS4XeCQNtuYXkY8Os-l--OkIpHeaGaQLfTFBi2SfGWeCfjTHvhRdN4zft&_nc_sid=b66105&_nc_ht=video.fblr20-3.fna.fbcdn.net&_nc_ohc=OYoEbfl9ZscQ7kNvwHIfieH&efg=eyJ2ZW5jb2RlX3RhZyI6Inhwdl9wcm9ncmVzc2l2ZS5WSV9VU0VDQVNFX1BST0RVQ1RfVFlQRS4uQzMuNzIwLmRhc2hfaDI2NC1iYXNpYy1nZW4yXzcyMHAiLCJ4cHZfYXNzZXRfaWQiOjE0MTc5OTc3MzcwNDk5NDAsImFzc2V0X2FnZV9kYXlzIjoyLCJ2aV91c2VjYXNlX2lkIjoxMDEzOSwiZHVyYXRpb25fcyI6MTU2LCJ1cmxnZW5fc291cmNlIjoid3d3In0%3D&ccb=17-1&vs=a2b60d32d8786fa3&_nc_vs=HBksFQIYRWZiX2VwaGVtZXJhbC8xNDQ2QTU4MEIyMkU3MTc2QzgwM0I1MjgwQzI0MzhCN19tdF8xX3ZpZGVvX2Rhc2hpbml0Lm1wNBUAAsgBEgAVAhhAZmJfcGVybWFuZW50L0RDNDgzRUYxQTUwODAwNzFDRDhBRThEMTZCNzg0NTk4X2F1ZGlvX2Rhc2hpbml0Lm1wNBUCAsgBEgAoABgAGwKIB3VzZV9vaWwBMRJwcm9ncmVzc2l2ZV9yZWNpcGUBMRUAACao_cW2quqEBRUCKAJDMywXQGOXdLxqfvoYGWRhc2hfaDI2NC1iYXNpYy1nZW4yXzcyMHARAHUAZbaeAQA&_nc_gid=Tmio681hfHBYBit3YTbrBw&_nc_ss=7f289&_nc_zt=28&oh=00_AQAGdNaGN25Y6WlfsUzcJiFR0hw7vR5zizyWEcW1HHacWA&oe=6A58B7BC,https://scontent.fblr20-2.fna.fbcdn.net/v/t39.35426-6/743564089_857190920527599_326950682308585157_n.jpg?_nc_cat=102&ccb=1-7&_nc_sid=c53f8f&_nc_ohc=T-zrCNt8BFEQ7kNvwGipSWR&_nc_oc=AdrO53tB4mN2BLge1R80tNwyHF8Uxt_TjiziOhDnGuBNcfRyt7fC-nsdPwOPICJqyBfy07DYDXMC1xkDNFKAmqR0&_nc_zt=14&_nc_ht=scontent.fblr20-2.fna&_nc_gid=Tmio681hfHBYBit3YTbrBw&_nc_ss=7f289&oh=00_AQBVMnoLYVL-pjZBDpRi9auu2BK1jF0nts_SPJ1SEcLFlQ&oe=6A58C246,2026-07-16T10:51:40.000Z,2026-07-12,https://pub-893b4a6a607b4221a894bf861da7914e.r2.dev/1014910164802442.mp4
323,295,English Seekho,565574549966663,English Seekho App,,IN,834574406255155,https://www.facebook.com/ads/library/?id=834574406255155,2026-07-10,,false,false,1,0,,2026-07-10,,Fluent English bolne ka sirf ek raasta – Daily practice on English Seekho App. Start now!,English Communication strong karo aur confidence badhao,Install now,http://play.google.com/store/apps/details?id=com.bolo.android,"Facebook,Instagram,Audience Network,Messenger,Threads",Fluent English bolne ka sirf ek raasta – Daily practice on English Seekho App. Start now!,English Communication strong karo aur confidence badhao,Install now,http://play.google.com/store/apps/details?id=com.bolo.android,Video,"Facebook,Instagram,Audience Network,Messenger,Threads",1,0,9:16,https://video.fblr20-1.fna.fbcdn.net/o1/v/t2/f2/m366/AQMZjet3Qmv3Vq9dmXYDGIrvoHX1Em-BjUDaFTdwXwNjmOpxoxMClte0wQRAbb6c451UiT6iWK7lWGE3EjAZxqfGSWwvAvD49NQJOsPYC_gfnA.mp4?_nc_cat=108&_nc_oc=AdrA8kaFNWdzo0vmPw3qa7zki0h55ccPTTdtix2W6P79jvXJOg-WOVQuZWk281s3Y5uQRMt3HauhxO4WSQNDm2X8&_nc_sid=b66105&_nc_ht=video.fblr20-1.fna.fbcdn.net&_nc_ohc=ZPeviKbtu5EQ7kNvwFL_l7q&efg=eyJ2ZW5jb2RlX3RhZyI6Inhwdl9wcm9ncmVzc2l2ZS5WSV9VU0VDQVNFX1BST0RVQ1RfVFlQRS4uQzMuNzIwLmRhc2hfaDI2NC1iYXNpYy1nZW4yXzcyMHAiLCJ4cHZfYXNzZXRfaWQiOjE1MjE5ODU3MTg5NTcwMzYsImFzc2V0X2FnZV9kYXlzIjoyLCJ2aV91c2VjYXNlX2lkIjoxMDEzOSwiZHVyYXRpb25fcyI6MTM1LCJ1cmxnZW5fc291cmNlIjoid3d3In0%3D&ccb=17-1&vs=a55566750ea9c754&_nc_vs=HBksFQIYRWZiX2VwaGVtZXJhbC9DODQ3NTY5NjVCNzFFNDI0NzQ3MDk3MjgxNjA2Q0RBRF9tdF8xX3ZpZGVvX2Rhc2hpbml0Lm1wNBUAAsgBEgAVAhhAZmJfcGVybWFuZW50L0MyNDlDMzBCNTdDODcwQzMwNTg2OTM3RUFDRDQ4Qzk2X2F1ZGlvX2Rhc2hpbml0Lm1wNBUCAsgBEgAoABgAGwKIB3VzZV9vaWwBMRJwcm9ncmVzc2l2ZV9yZWNpcGUBMRUAACbYz42inY-0BRUCKAJDMywXQGDszMzMzM0YGWRhc2hfaDI2NC1iYXNpYy1nZW4yXzcyMHARAHUAZbaeAQA&_nc_gid=Tmio681hfHBYBit3YTbrBw&_nc_ss=7f289&_nc_zt=28&oh=00_AQCdW_HNVkpEeBXk2wciTMIbuech48KATzsKQZxOSaxS3w&oe=6A58A914,https://scontent.fblr20-3.fna.fbcdn.net/v/t39.35426-6/741745595_1894186941554458_2104526529532588907_n.jpg?_nc_cat=105&ccb=1-7&_nc_sid=c53f8f&_nc_ohc=GJ-XGBAzG3EQ7kNvwG3yirK&_nc_oc=Adr-o9UrZ2b5L32HUsfxTURWSpLQMWYBJQOabC81OsPRTMddaonBJr8pvvGHiU1QQLwojRvXtA1BPtCn5HQbojs2&_nc_zt=14&_nc_ht=scontent.fblr20-3.fna&_nc_gid=Tmio681hfHBYBit3YTbrBw&_nc_ss=7f289&oh=00_AQB9uZAdrrmJxaM4PMGuYlTdf2jvgBefx-pWsoWARJmb9g&oe=6A58BA55,2026-07-16T09:49:08.000Z,2026-07-12,https://pub-893b4a6a607b4221a894bf861da7914e.r2.dev/834574406255155.mp4
324,296,English Seekho,565574549966663,English Seekho App,,IN,954743377593887,https://www.facebook.com/ads/library/?id=954743377593887,2026-07-10,,false,false,1,0,,2026-07-10,,Fluent English bolne ka sirf ek raasta – Daily practice on English Seekho App. Start now!,English Communication strong karo aur confidence badhao,Install now,http://play.google.com/store/apps/details?id=com.bolo.android,"Facebook,Instagram,Audience Network,Messenger,Threads",Fluent English bolne ka sirf ek raasta – Daily practice on English Seekho App. Start now!,English Communication strong karo aur confidence badhao,Install now,http://play.google.com/store/apps/details?id=com.bolo.android,Video,"Facebook,Instagram,Audience Network,Messenger,Threads",1,0,9:16,https://video.fblr20-4.fna.fbcdn.net/o1/v/t2/f2/m366/AQP_TyPNYeGTZGQFkkGyDSlouf_6M0ZifGDj9nCyh8j6gadVSph-5bSVLuJOONiNmSXPFhsXGdqpSEyol1H3vfiVVgm28Y6nSoco5hrZ_KxYww.mp4?_nc_cat=103&_nc_oc=Adr81cV5CLUXzakVrqQn8wLnnqNJdBSizrsj4ozV0i9rpy5qzKigP9F2RE0V7NlDDfHqcAegyLziy0jjJbjFfdL9&_nc_sid=b66105&_nc_ht=video.fblr20-4.fna.fbcdn.net&_nc_ohc=dNfRTZMilPAQ7kNvwFLYwJF&efg=eyJ2ZW5jb2RlX3RhZyI6Inhwdl9wcm9ncmVzc2l2ZS5WSV9VU0VDQVNFX1BST0RVQ1RfVFlQRS4uQzMuNzIwLmRhc2hfaDI2NC1iYXNpYy1nZW4yXzcyMHAiLCJ4cHZfYXNzZXRfaWQiOjIyMjU3ODQ2OTgxODUyOTcsImFzc2V0X2FnZV9kYXlzIjoyLCJ2aV91c2VjYXNlX2lkIjoxMDEzOSwiZHVyYXRpb25fcyI6OTQsInVybGdlbl9zb3VyY2UiOiJ3d3cifQ%3D%3D&ccb=17-1&vs=a0f2ac6571fa48d4&_nc_vs=HBksFQIYRWZiX2VwaGVtZXJhbC83MjQ0OTBDNjhFQTk0NkI4OTEzQTYzRjNFRUY5QjM4NV9tdF8xX3ZpZGVvX2Rhc2hpbml0Lm1wNBUAAsgBEgAVAhhAZmJfcGVybWFuZW50LzZGNDU2OEI4OTFDNjk0MDk2OTZGMjYzRDJGQTVFMUFGX2F1ZGlvX2Rhc2hpbml0Lm1wNBUCAsgBEgAoABgAGwKIB3VzZV9vaWwBMRJwcm9ncmVzc2l2ZV9yZWNpcGUBMRUAACaimcGk3JX0BxUCKAJDMywXQFeogxJul40YGWRhc2hfaDI2NC1iYXNpYy1nZW4yXzcyMHARAHUAZbaeAQA&_nc_gid=Tmio681hfHBYBit3YTbrBw&_nc_ss=7f289&_nc_zt=28&oh=00_AQDLg9Ni2dKuP2c9USaPoaVzb5GI9ZjpvB_-BTLYd0D_tw&oe=6A58D2D9,https://scontent.fblr20-1.fna.fbcdn.net/v/t39.35426-6/742345722_1734159887894812_8019274333062757941_n.jpg?_nc_cat=108&ccb=1-7&_nc_sid=c53f8f&_nc_ohc=-e7E9RCd-pkQ7kNvwHHkeBg&_nc_oc=AdqAnP_OfCWlU7_UBnxNUN1Dysq0jVBg2h_SO2rq2qAuCsp8Xs-HuOlWMwAXCLLNZ2v6jIkmtE-w2NYjsuM8O2Vx&_nc_zt=14&_nc_ht=scontent.fblr20-1.fna&_nc_gid=Tmio681hfHBYBit3YTbrBw&_nc_ss=7f289&oh=00_AQCsdghktTiOfODw-oY_ZmGycPrwbFtAZJDQb1yXlpv0Tw&oe=6A58C459,2026-07-16T12:47:21.000Z,2026-07-12,https://pub-893b4a6a607b4221a894bf861da7914e.r2.dev/954743377593887.mp4
325,297,English Seekho,565574549966663,English Seekho App,,IN,2485504025249024,https://www.facebook.com/ads/library/?id=2485504025249024,2026-07-10,,false,false,1,0,,2026-07-10,,Fluent English bolne ka sirf ek raasta – Daily practice on English Seekho App. Start now!,English Communication strong karo aur confidence badhao,Install now,http://play.google.com/store/apps/details?id=com.bolo.android,"Facebook,Instagram,Audience Network,Messenger,Threads",Fluent English bolne ka sirf ek raasta – Daily practice on English Seekho App. Start now!,English Communication strong karo aur confidence badhao,Install now,http://play.google.com/store/apps/details?id=com.bolo.android,Video,"Facebook,Instagram,Audience Network,Messenger,Threads",1,0,9:16,https://video.fblr20-2.fna.fbcdn.net/o1/v/t2/f2/m366/AQMfPRy6bJD2n_y5XhBZak7q-85RbzUBO90qY24u4hByd9N5Fqs1BQfu2fCTh8h1RxeMqD77Bt-mju4GPzEsz_Y36SEULc7kWZyFDyuWwpR5Hg.mp4?_nc_cat=102&_nc_oc=AdrSOqtE2hlIPQcExySDH3ePeuB1VTNILDWydmSgb8cj6jGuDPePuJOaFFx33PTCBpzj4WFno7z8vl46a725HEUm&_nc_sid=b66105&_nc_ht=video.fblr20-2.fna.fbcdn.net&_nc_ohc=Edt1bjTUC4UQ7kNvwGz8MYn&efg=eyJ2ZW5jb2RlX3RhZyI6Inhwdl9wcm9ncmVzc2l2ZS5WSV9VU0VDQVNFX1BST0RVQ1RfVFlQRS4uQzMuNzIwLmRhc2hfaDI2NC1iYXNpYy1nZW4yXzcyMHAiLCJ4cHZfYXNzZXRfaWQiOjI5MTMzMzE2MjIzNzY1OTYsImFzc2V0X2FnZV9kYXlzIjoyLCJ2aV91c2VjYXNlX2lkIjoxMDEzOSwiZHVyYXRpb25fcyI6NTUsInVybGdlbl9zb3VyY2UiOiJ3d3cifQ%3D%3D&ccb=17-1&vs=a65ef34bac5e1fd5&_nc_vs=HBksFQIYRWZiX2VwaGVtZXJhbC83QjQ3MzExQzM1MUU5Mzk5NzVCQUIxQjYxNTcyMUM5Rl9tdF8xX3ZpZGVvX2Rhc2hpbml0Lm1wNBUAAsgBEgAVAhhAZmJfcGVybWFuZW50LzMxNEUwMkRCNjI0NkU5NDdCOTRDRkZCNjg2Q0E4NUJEX2F1ZGlvX2Rhc2hpbml0Lm1wNBUCAsgBEgAoABgAGwKIB3VzZV9vaWwBMRJwcm9ncmVzc2l2ZV9yZWNpcGUBMRUAACao0reHnOqsChUCKAJDMywXQEvRBiTdLxsYGWRhc2hfaDI2NC1iYXNpYy1nZW4yXzcyMHARAHUAZbaeAQA&_nc_gid=Fggvwv_9Rsk7osTJZCFWAg&_nc_ss=7f289&_nc_zt=28&oh=00_AQCqpzlKQqTfTyiirz_OR_xNpVx38HGuaxQ8mIeK89YwyQ&oe=6A58A3EA,https://scontent.fblr20-2.fna.fbcdn.net/v/t39.35426-6/742295139_847442138233080_674961006976287721_n.jpg?_nc_cat=111&ccb=1-7&_nc_sid=c53f8f&_nc_ohc=RcQhQ0Gd-MsQ7kNvwFT_SRc&_nc_oc=Adr5SwnthzPJklUhn_X8hzRbAmCWaUY4bIAr1eFQ9L4NUU1IvrdZBbtcYodBTFI_k2-el0MkicDEqwc371C1gL_o&_nc_zt=14&_nc_ht=scontent.fblr20-2.fna&_nc_gid=Fggvwv_9Rsk7osTJZCFWAg&_nc_ss=7f289&oh=00_AQBzJ-4yoUElq-J_bpa0iQGLK1c4Li-fG9PZu4jtEfH_hg&oe=6A58B0FB,2026-07-16T09:27:06.000Z,2026-07-12,https://pub-893b4a6a607b4221a894bf861da7914e.r2.dev/2485504025249024.mp4
326,298,English Seekho,565574549966663,English Seekho App,,IN,3120010318389458,https://www.facebook.com/ads/library/?id=3120010318389458,2026-07-10,,false,false,1,0,,2026-07-10,,Fluent English bolne ka sirf ek raasta – Daily practice on English Seekho App. Start now!,English Communication strong karo aur confidence badhao,Install now,http://play.google.com/store/apps/details?id=com.bolo.android,"Facebook,Instagram,Audience Network,Messenger,Threads",Fluent English bolne ka sirf ek raasta – Daily practice on English Seekho App. Start now!,English Communication strong karo aur confidence badhao,Install now,http://play.google.com/store/apps/details?id=com.bolo.android,Video,"Facebook,Instagram,Audience Network,Messenger,Threads",1,0,9:16,https://video.fblr20-3.fna.fbcdn.net/o1/v/t2/f2/m366/AQPaxXeTB-uHn1wI3WlJL-3gCfSJNHdoV8gXJh6NittwNFa18oFcJ6QS66CcIyz8OUIKdYM4xb_gqofAlKsWgpujIcTELruJQRe-08tU0r81ag.mp4?_nc_cat=105&_nc_oc=Adondwz5BXh6dXDL_ApGRXX-D3AhPtG3H26k9OY2nXbbcMhU53njPToSWr0SxYl4E7y0ZRh3fPqggKY8Hn20lDwt&_nc_sid=b66105&_nc_ht=video.fblr20-3.fna.fbcdn.net&_nc_ohc=hjulGR19qIYQ7kNvwH9eD9T&efg=eyJ2ZW5jb2RlX3RhZyI6Inhwdl9wcm9ncmVzc2l2ZS5WSV9VU0VDQVNFX1BST0RVQ1RfVFlQRS4uQzMuNzIwLmRhc2hfaDI2NC1iYXNpYy1nZW4yXzcyMHAiLCJ4cHZfYXNzZXRfaWQiOjQ1MTE3MzI5NzI0ODc5ODksImFzc2V0X2FnZV9kYXlzIjoyLCJ2aV91c2VjYXNlX2lkIjoxMDEzOSwiZHVyYXRpb25fcyI6MjUxLCJ1cmxnZW5fc291cmNlIjoid3d3In0%3D&ccb=17-1&vs=ec8082b091b56380&_nc_vs=HBksFQIYRWZiX2VwaGVtZXJhbC80MjQxQTJENjhBNTQwMDc1NjE4OEYwQzNGNENGRUJBMl9tdF8xX3ZpZGVvX2Rhc2hpbml0Lm1wNBUAAsgBEgAVAhhAZmJfcGVybWFuZW50LzQ5NEFDQTQzOTIwMjJCN0Y2NDJEQTg5OEZGQjgyMUEwX2F1ZGlvX2Rhc2hpbml0Lm1wNBUCAsgBEgAoABgAGwKIB3VzZV9vaWwBMRJwcm9ncmVzc2l2ZV9yZWNpcGUBMRUAACbqlKySttmDEBUCKAJDMywXQG94gxJul40YGWRhc2hfaDI2NC1iYXNpYy1nZW4yXzcyMHARAHUAZbaeAQA&_nc_gid=Fggvwv_9Rsk7osTJZCFWAg&_nc_ss=7f289&_nc_zt=28&oh=00_AQCtlcHXwy3ZMnxiyy5k4dr_cxCc32tCxykFGEOII6LqLA&oe=6A58D68F,https://scontent.fblr20-5.fna.fbcdn.net/v/t39.35426-6/742208952_2286701438823580_2458163975849436871_n.jpg?_nc_cat=107&ccb=1-7&_nc_sid=c53f8f&_nc_ohc=maGUSaTwzswQ7kNvwEuLszh&_nc_oc=Ado3A8JYGzPKdwQrFcxnd-d4OAHhtWHKrtlM1iugrLvtBDaSiIukzZNZW_xTr7f0Dkq433EhBfZmTZeE2vTWku0_&_nc_zt=14&_nc_ht=scontent.fblr20-5.fna&_nc_gid=Fggvwv_9Rsk7osTJZCFWAg&_nc_ss=7f289&oh=00_AQDelXWo0kGL7knlWofFGumPYMs6yJe-NwD92aXFZcWJaw&oe=6A58A2A1,2026-07-16T13:03:11.000Z,2026-07-12,https://pub-893b4a6a607b4221a894bf861da7914e.r2.dev/3120010318389458.mp4
327,299,English Seekho,565574549966663,English Seekho App,,IN,1023850853354102,https://www.facebook.com/ads/library/?id=1023850853354102,2026-07-03,,false,false,1,0,,2026-07-03,,"ঘরে বসেই ইংরেজি শিখুন!
English Seekho App-এর ইন্টারঅ্যাকটিভ লেসনের মাধ্যমে প্রতিদিন অনুশীলন করুন।",ইংরেজি কমিউনিকেশন শক্তিশালী করুন এবং আত্মবিশ্বাস বাড়ান।,Install now,http://play.google.com/store/apps/details?id=com.bolo.android,"Facebook,Instagram,Audience Network,Messenger,Threads","ঘরে বসেই ইংরেজি শিখুন!
English Seekho App-এর ইন্টারঅ্যাকটিভ লেসনের মাধ্যমে প্রতিদিন অনুশীলন করুন।",ইংরেজি কমিউনিকেশন শক্তিশালী করুন এবং আত্মবিশ্বাস বাড়ান।,Install now,http://play.google.com/store/apps/details?id=com.bolo.android,Video,"Facebook,Instagram,Audience Network,Messenger,Threads",1,0,9:16,https://video.fblr20-5.fna.fbcdn.net/o1/v/t2/f2/m366/AQOoZaxvzqA3_mJxjHTZuDpr2t2XWJH0bWYneUbzT_z-jrZ20gCIwIrKLnEVzTnFJURpMNNvWRQKDxa8YGMtAsiruWlxoD7N5xwTCVARAuLpnA.mp4?_nc_cat=107&_nc_oc=AdoWfHgs0jbSDn1hc-2EZ53zjhOuijyGB2owAfTW4zHTEl2SdheOwfy4lxPndUU9dBlBNyLAxyD0qvgyArt5NMqx&_nc_sid=b66105&_nc_ht=video.fblr20-5.fna.fbcdn.net&_nc_ohc=9pGQTFa0-v0Q7kNvwFIEQCp&efg=eyJ2ZW5jb2RlX3RhZyI6Inhwdl9wcm9ncmVzc2l2ZS5WSV9VU0VDQVNFX1BST0RVQ1RfVFlQRS4uQzMuNzIwLmRhc2hfaDI2NC1iYXNpYy1nZW4yXzcyMHAiLCJ4cHZfYXNzZXRfaWQiOjg2ODYwNTA2OTE5NTU4NCwiYXNzZXRfYWdlX2RheXMiOjExLCJ2aV91c2VjYXNlX2lkIjoxMDEzOSwiZHVyYXRpb25fcyI6OTksInVybGdlbl9zb3VyY2UiOiJ3d3cifQ%3D%3D&ccb=17-1&vs=684063ae5d99727b&_nc_vs=HBksFQIYRWZiX2VwaGVtZXJhbC82MDRCMTY0RDJDNzU2QjhENDEzRUFBMTIxNzUyMUE5QV9tdF8xX3ZpZGVvX2Rhc2hpbml0Lm1wNBUAAsgBEgAVAhhAZmJfcGVybWFuZW50L0Q3NEU1RTIxQkMxMjYxMUFEMTkxOTAxRUQxQ0M4Njg5X2F1ZGlvX2Rhc2hpbml0Lm1wNBUCAsgBEgAoABgAGwKIB3VzZV9vaWwBMRJwcm9ncmVzc2l2ZV9yZWNpcGUBMRUAACaA5cuJvP-KAxUCKAJDMywXQFjin752yLQYGWRhc2hfaDI2NC1iYXNpYy1nZW4yXzcyMHARAHUAZbaeAQA&_nc_gid=Fggvwv_9Rsk7osTJZCFWAg&_nc_ss=7f289&_nc_zt=28&oh=00_AQBtbVwqKf_EMy8YqBPxcVw0A3aQIzHP4gvcE3poC9c_ug&oe=6A58CD9D,https://scontent.fblr20-2.fna.fbcdn.net/v/t39.35426-6/736715977_1018238120698585_7604123514443539269_n.jpg?_nc_cat=102&ccb=1-7&_nc_sid=c53f8f&_nc_ohc=T8V6B1674LkQ7kNvwEpnOlh&_nc_oc=Adrmxw96nYAo7rphU9ZlEyK33QE8me2KCmqpC_mSQS5O44HZj76pIPevORUwq2O5px6m3gblYQbxE47GCumj75CW&_nc_zt=14&_nc_ht=scontent.fblr20-2.fna&_nc_gid=Fggvwv_9Rsk7osTJZCFWAg&_nc_ss=7f289&oh=00_AQCBMTiELv8SLSHi1xNbF19LJR5595wImi0DoPqql1ZcMQ&oe=6A58AFCB,2026-07-16T12:25:01.000Z,2026-07-12,https://pub-893b4a6a607b4221a894bf861da7914e.r2.dev/1023850853354102.mp4
328,300,English Seekho,565574549966663,English Seekho App,,IN,1717071966161662,https://www.facebook.com/ads/library/?id=1717071966161662,2026-07-10,,false,false,1,0,,2026-07-10,,Fluent English bolne ka sirf ek raasta – Daily practice on English Seekho App. Start now!,English Communication strong karo aur confidence badhao,Install now,http://play.google.com/store/apps/details?id=com.bolo.android,"Facebook,Instagram,Audience Network,Messenger,Threads",Fluent English bolne ka sirf ek raasta – Daily practice on English Seekho App. Start now!,English Communication strong karo aur confidence badhao,Install now,http://play.google.com/store/apps/details?id=com.bolo.android,Video,"Facebook,Instagram,Audience Network,Messenger,Threads",1,0,9:16,https://video.fblr20-1.fna.fbcdn.net/o1/v/t2/f2/m366/AQO4P1gIEP_Kx4bBq2n36oAkKI2fL4U-_0aFqDqcByIx_kOW71QVZn-Jd_9_0yYct1Pb6TSt7FHPWC0hB5ILcOw7Yvo3GN1UDj0ulW8ShY_Kjw.mp4?_nc_cat=110&_nc_oc=AdrerM4Q__nKw31BR2yJe9IDMOdeoWPIa1bqWOuQhjYbIw7YNCcU9ZtIo0qdtaem29nOeBB396dINn3TavmWVkLs&_nc_sid=b66105&_nc_ht=video.fblr20-1.fna.fbcdn.net&_nc_ohc=CkhT3mkjjsIQ7kNvwHv__-0&efg=eyJ2ZW5jb2RlX3RhZyI6Inhwdl9wcm9ncmVzc2l2ZS5WSV9VU0VDQVNFX1BST0RVQ1RfVFlQRS4uQzMuNzIwLmRhc2hfaDI2NC1iYXNpYy1nZW4yXzcyMHAiLCJ4cHZfYXNzZXRfaWQiOjIzNzcyNjIzNzYxMzU4NTQsImFzc2V0X2FnZV9kYXlzIjoyLCJ2aV91c2VjYXNlX2lkIjoxMDEzOSwiZHVyYXRpb25fcyI6MTcyLCJ1cmxnZW5fc291cmNlIjoid3d3In0%3D&ccb=17-1&vs=a03656ae8c2dec1d&_nc_vs=HBksFQIYRWZiX2VwaGVtZXJhbC9FQjQyMUZBQTBFNEMwRTYzMUFBODAzRDQyNUQ1QzA5OF9tdF8xX3ZpZGVvX2Rhc2hpbml0Lm1wNBUAAsgBEgAVAhhAZmJfcGVybWFuZW50L0NENDBFMkJFRTQxM0RBNDUxM0U5NTcwQUU1OUQ4Q0FCX2F1ZGlvX2Rhc2hpbml0Lm1wNBUCAsgBEgAoABgAGwKIB3VzZV9vaWwBMRJwcm9ncmVzc2l2ZV9yZWNpcGUBMRUAACbcsr338Ia5CBUCKAJDMywXQGWe6XjU_fQYGWRhc2hfaDI2NC1iYXNpYy1nZW4yXzcyMHARAHUAZbaeAQA&_nc_gid=Fggvwv_9Rsk7osTJZCFWAg&_nc_ss=7f289&_nc_zt=28&oh=00_AQDU6DyDI8kGJ2Ki0AdcwpzRy6D1CIq5a007zmwaSJqVsg&oe=6A58AE96,https://scontent.fblr20-3.fna.fbcdn.net/v/t39.35426-6/740052055_1600914311377728_1971758435783597295_n.jpg?_nc_cat=100&ccb=1-7&_nc_sid=c53f8f&_nc_ohc=ybUjhfJ49_YQ7kNvwHGoj79&_nc_oc=AdpxJMpLhbUaBKJ8fsN1jzsG_jcT3hn0ZgnPNrSunZoMe6UEPv3vrKiM8-rlrKTkNRevkzgq5IEUvGAO59QzmDQL&_nc_zt=14&_nc_ht=scontent.fblr20-3.fna&_nc_gid=Fggvwv_9Rsk7osTJZCFWAg&_nc_ss=7f289&oh=00_AQBIovmQrHum5_pdMAY4mQSdkhpQfPIpM-l5998iE9gRMg&oe=6A58B581,2026-07-16T10:12:38.000Z,2026-07-12,https://pub-893b4a6a607b4221a894bf861da7914e.r2.dev/1717071966161662.mp4
329,301,English Seekho,565574549966663,English Seekho App,,IN,1566660068511123,https://www.facebook.com/ads/library/?id=1566660068511123,2026-07-05,,false,true,2,0,1566660068511123,2026-07-05,,Fluent English bolne ka sirf ek raasta – Daily practice on English Seekho App. Start now!,English Communication strong karo aur confidence badhao,Install now,http://play.google.com/store/apps/details?id=com.bolo.android,"Facebook,Instagram,Audience Network,Messenger,Threads",Fluent English bolne ka sirf ek raasta – Daily practice on English Seekho App. Start now!,English Communication strong karo aur confidence badhao,Install now,http://play.google.com/store/apps/details?id=com.bolo.android,Video,"Facebook,Instagram,Audience Network,Messenger,Threads",1,0,9:16,https://video.fblr20-2.fna.fbcdn.net/o1/v/t2/f2/m366/AQPebJjz-1QLjc3Nqbz-eWtyOmi-19zsC22FiX9GI7XCyKAqfoYUSZ0SdQprhJiMwDx9pNeNDjACe4cey6Nkx-rhRVHCwtZwYnLL9j0DjKDPkQ.mp4?_nc_cat=111&_nc_oc=AdpG1cZsN5IUCx9WExh_Y4j6phs-Bz7I9Vw-MG0EEjYS3msbqJgMTigBAoUmZ6cOnk0eRCvckam4Z4X3eJ2tZE9t&_nc_sid=b66105&_nc_ht=video.fblr20-2.fna.fbcdn.net&_nc_ohc=7mq4BZ8VZBwQ7kNvwHa_qsl&efg=eyJ2ZW5jb2RlX3RhZyI6Inhwdl9wcm9ncmVzc2l2ZS5WSV9VU0VDQVNFX1BST0RVQ1RfVFlQRS4uQzMuNzIwLmRhc2hfaDI2NC1iYXNpYy1nZW4yXzcyMHAiLCJ4cHZfYXNzZXRfaWQiOjEwMjk1MTYzNzk3MjY0MjIsImFzc2V0X2FnZV9kYXlzIjo5LCJ2aV91c2VjYXNlX2lkIjoxMDEzOSwiZHVyYXRpb25fcyI6NjcsInVybGdlbl9zb3VyY2UiOiJ3d3cifQ%3D%3D&ccb=17-1&vs=659980812069074f&_nc_vs=HBksFQIYRWZiX2VwaGVtZXJhbC8zQTRDMTY3Q0ZFRTA1NkEyRTYxMEVGMkNENkFFOTRCOF9tdF8xX3ZpZGVvX2Rhc2hpbml0Lm1wNBUAAsgBEgAVAhhAZmJfcGVybWFuZW50LzJBNDkyN0EzNkEwNTNBMURBMEU0RkE5Q0Y0MEEyREEzX2F1ZGlvX2Rhc2hpbml0Lm1wNBUCAsgBEgAoABgAGwKIB3VzZV9vaWwBMRJwcm9ncmVzc2l2ZV9yZWNpcGUBMRUAACasidXh3pXUAxUCKAJDMywXQFDO6XjU_fQYGWRhc2hfaDI2NC1iYXNpYy1nZW4yXzcyMHARAHUAZbaeAQA&_nc_gid=Fggvwv_9Rsk7osTJZCFWAg&_nc_ss=7f289&_nc_zt=28&oh=00_AQBOyaST_AEHQrcYACm1ZD8hXfHkIqzrFyKNsuy60cJ3Og&oe=6A58AE1D,https://scontent.fblr20-2.fna.fbcdn.net/v/t39.35426-6/739470825_1021159466944467_8922637875696564868_n.jpg?_nc_cat=111&ccb=1-7&_nc_sid=c53f8f&_nc_ohc=z4LVQbCbOhMQ7kNvwGJEL0x&_nc_oc=AdogeZmts73Z-0nxwOfKFK1j0iZwszdmPln8EU5lwG8aJ7jRI3Clucd1gHAJXHGCU1ZbgOp6zrefvWjnq6LHzKw5&_nc_zt=14&_nc_ht=scontent.fblr20-2.fna&_nc_gid=Fggvwv_9Rsk7osTJZCFWAg&_nc_ss=7f289&oh=00_AQB6fC66aw3y4OBYsnYMAZtaJ2i2w0NpJF9c2aa_-UQgSQ&oe=6A58B2B9,2026-07-16T10:10:37.000Z,2026-07-12,https://pub-893b4a6a607b4221a894bf861da7914e.r2.dev/1566660068511123.mp4
330,301,English Seekho,565574549966663,English Seekho App,,IN,1566660068511123,https://www.facebook.com/ads/library/?id=1566660068511123,2026-07-05,,false,true,2,1,2063049461247306,2026-07-05,,Fluent English bolne ka sirf ek raasta – Daily practice on English Seekho App. Start now!,English Communication strong karo aur confidence badhao,Install now,http://play.google.com/store/apps/details?id=com.bolo.android,"Facebook,Instagram,Audience Network,Messenger,Threads",Fluent English bolne ka sirf ek raasta – Daily practice on English Seekho App. Start now!,English Communication strong karo aur confidence badhao,Install now,http://play.google.com/store/apps/details?id=com.bolo.android,Video,"Facebook,Instagram,Audience Network,Messenger,Threads",1,0,9:16,https://video.fblr20-2.fna.fbcdn.net/o1/v/t2/f2/m366/AQPebJjz-1QLjc3Nqbz-eWtyOmi-19zsC22FiX9GI7XCyKAqfoYUSZ0SdQprhJiMwDx9pNeNDjACe4cey6Nkx-rhRVHCwtZwYnLL9j0DjKDPkQ.mp4?_nc_cat=111&_nc_oc=AdpG1cZsN5IUCx9WExh_Y4j6phs-Bz7I9Vw-MG0EEjYS3msbqJgMTigBAoUmZ6cOnk0eRCvckam4Z4X3eJ2tZE9t&_nc_sid=b66105&_nc_ht=video.fblr20-2.fna.fbcdn.net&_nc_ohc=7mq4BZ8VZBwQ7kNvwHa_qsl&efg=eyJ2ZW5jb2RlX3RhZyI6Inhwdl9wcm9ncmVzc2l2ZS5WSV9VU0VDQVNFX1BST0RVQ1RfVFlQRS4uQzMuNzIwLmRhc2hfaDI2NC1iYXNpYy1nZW4yXzcyMHAiLCJ4cHZfYXNzZXRfaWQiOjEwMjk1MTYzNzk3MjY0MjIsImFzc2V0X2FnZV9kYXlzIjo5LCJ2aV91c2VjYXNlX2lkIjoxMDEzOSwiZHVyYXRpb25fcyI6NjcsInVybGdlbl9zb3VyY2UiOiJ3d3cifQ%3D%3D&ccb=17-1&vs=659980812069074f&_nc_vs=HBksFQIYRWZiX2VwaGVtZXJhbC8zQTRDMTY3Q0ZFRTA1NkEyRTYxMEVGMkNENkFFOTRCOF9tdF8xX3ZpZGVvX2Rhc2hpbml0Lm1wNBUAAsgBEgAVAhhAZmJfcGVybWFuZW50LzJBNDkyN0EzNkEwNTNBMURBMEU0RkE5Q0Y0MEEyREEzX2F1ZGlvX2Rhc2hpbml0Lm1wNBUCAsgBEgAoABgAGwKIB3VzZV9vaWwBMRJwcm9ncmVzc2l2ZV9yZWNpcGUBMRUAACasidXh3pXUAxUCKAJDMywXQFDO6XjU_fQYGWRhc2hfaDI2NC1iYXNpYy1nZW4yXzcyMHARAHUAZbaeAQA&_nc_gid=Bl8gA8szUgHqY2wPH_XZsQ&_nc_ss=7f289&_nc_zt=28&oh=00_AQCuY5o2ZxMXOfwrlqgvyaIioKSDRKnqt16-NZ4HCzXjow&oe=6A58AE1D,https://scontent.fblr20-1.fna.fbcdn.net/v/t39.35426-6/740106273_1075054648393008_1868578547905968650_n.jpg?_nc_cat=110&ccb=1-7&_nc_sid=c53f8f&_nc_ohc=QCKyF-8BPXkQ7kNvwG5Iw9-&_nc_oc=Adob66D0fMidYjcOgDehP3UooPbgCRdpM0Xrd6CRk67idZYX-aeaSWk7M7MychyvJmdFR7YYQhTQaJtsn-nauaCq&_nc_zt=14&_nc_ht=scontent.fblr20-1.fna&_nc_gid=Bl8gA8szUgHqY2wPH_XZsQ&_nc_ss=7f289&oh=00_AQAcJgq48_jEUO1PyfY0FL777D4Hutdu17phUtK_k2Pduw&oe=6A58BFD1,2026-07-16T10:10:37.000Z,2026-07-12,
331,302,English Seekho,565574549966663,English Seekho App,,IN,955430697518432,https://www.facebook.com/ads/library/?id=955430697518432,2026-07-10,,false,false,1,0,,2026-07-10,,Fluent English bolne ka sirf ek raasta – Daily practice on English Seekho App. Start now!,English Communication strong karo aur confidence badhao,Install now,http://play.google.com/store/apps/details?id=com.bolo.android,"Facebook,Instagram,Audience Network,Messenger,Threads",Fluent English bolne ka sirf ek raasta – Daily practice on English Seekho App. Start now!,English Communication strong karo aur confidence badhao,Install now,http://play.google.com/store/apps/details?id=com.bolo.android,Video,"Facebook,Instagram,Audience Network,Messenger,Threads",1,0,9:16,https://video.fblr20-2.fna.fbcdn.net/o1/v/t2/f2/m366/AQNMygjqR5OCfVsitIt4NXWrgdKUunbNTETKR8kt9YcYgNMUEnR26D2lUQPaf6rB6c3ICrMUZ3lSRSjjQCAdyJOrdxpSG7UFl5zv2-xywBBoPw.mp4?_nc_cat=111&_nc_oc=AdrZTm_1ZedU-DB_xytnHJf6Tw_hrci4O72G6lI-58Ip_mFeo8aYUICfKvh0JvK1XwEXzZqyeYy1ejn31QUk2xjF&_nc_sid=b66105&_nc_ht=video.fblr20-2.fna.fbcdn.net&_nc_ohc=q2otGREJE8QQ7kNvwHz68t6&efg=eyJ2ZW5jb2RlX3RhZyI6Inhwdl9wcm9ncmVzc2l2ZS5WSV9VU0VDQVNFX1BST0RVQ1RfVFlQRS4uQzMuNzIwLmRhc2hfaDI2NC1iYXNpYy1nZW4yXzcyMHAiLCJ4cHZfYXNzZXRfaWQiOjIxMzQyNzc2NzM4MDUzNDMsImFzc2V0X2FnZV9kYXlzIjoyLCJ2aV91c2VjYXNlX2lkIjoxMDEzOSwiZHVyYXRpb25fcyI6MTI3LCJ1cmxnZW5fc291cmNlIjoid3d3In0%3D&ccb=17-1&vs=6c76a5824a0e68c2&_nc_vs=HBksFQIYRWZiX2VwaGVtZXJhbC8zMDQwNTIwRkFEMDA1QTIyN0VCMzYwQUE0NzgyMTY5MV9tdF8xX3ZpZGVvX2Rhc2hpbml0Lm1wNBUAAsgBEgAVAhhAZmJfcGVybWFuZW50L0Q5NDVBRDg5NERDOUQ4NTdBNzJENjExOTExNDI4MzkyX2F1ZGlvX2Rhc2hpbml0Lm1wNBUCAsgBEgAoABgAGwKIB3VzZV9vaWwBMRJwcm9ncmVzc2l2ZV9yZWNpcGUBMRUAACa-mMvpp8fKBxUCKAJDMywXQF_iHKwIMScYGWRhc2hfaDI2NC1iYXNpYy1nZW4yXzcyMHARAHUAZbaeAQA&_nc_gid=Fggvwv_9Rsk7osTJZCFWAg&_nc_ss=7f289&_nc_zt=28&oh=00_AQD-yUp7M_cLxtxRpj9nj_xCWQE5deeN_1iwiXd8pNmESw&oe=6A58B15D,https://scontent.fblr20-2.fna.fbcdn.net/v/t39.35426-6/742309970_987873057420436_2525520772471119196_n.jpg?_nc_cat=104&ccb=1-7&_nc_sid=c53f8f&_nc_ohc=Xyjwxbtc9GcQ7kNvwF7sCHe&_nc_oc=Adoec4XgmSYFy-mdTXeRP65Xndsnvm9c1MNr4QwEfxxcRDDfE3Ihh_eCXTdtD03Txk4atyzSFwopoB7uecRQQWNA&_nc_zt=14&_nc_ht=scontent.fblr20-2.fna&_nc_gid=Fggvwv_9Rsk7osTJZCFWAg&_nc_ss=7f289&oh=00_AQA6UKwfjnQnEsyYjji5hEGaf5fRcWeuaITHEHJJIXkzMA&oe=6A58B497,2026-07-16T10:24:29.000Z,2026-07-12,https://pub-893b4a6a607b4221a894bf861da7914e.r2.dev/955430697518432.mp4
332,303,English Seekho,565574549966663,English Seekho App,,IN,27378628308497193,https://www.facebook.com/ads/library/?id=27378628308497193,2026-07-08,,false,false,1,0,,2026-07-08,,Fluent English bolne ka sirf ek raasta – Daily practice on English Seekho App. Start now!,English Communication strong karo aur confidence badhao,Install now,http://play.google.com/store/apps/details?id=com.bolo.android,"Facebook,Instagram,Audience Network,Messenger,Threads",Fluent English bolne ka sirf ek raasta – Daily practice on English Seekho App. Start now!,English Communication strong karo aur confidence badhao,Install now,http://play.google.com/store/apps/details?id=com.bolo.android,Video,"Facebook,Instagram,Audience Network,Messenger,Threads",1,0,9:16,https://video.fblr20-2.fna.fbcdn.net/o1/v/t2/f2/m366/AQNSCc_AtcKMFMVDEoET6Zpy28tI_kxdX30VDjr-aIIksUmiiiR9QNWB13QfdAWBMxCWN7YDLQ4idoNggo0kukFQ8JGSqk3EdtNbVheRd9nZHQ.mp4?_nc_cat=102&_nc_oc=AdqkIxY2V4OfWNuOgZet98Rt9-gKb6RHU0w2rlXwSESxvHpME__nwZlO-HVCGBVINBulXgvaIXWRed95f3_y58Yi&_nc_sid=b66105&_nc_ht=video.fblr20-2.fna.fbcdn.net&_nc_ohc=IZC0SVwH_jMQ7kNvwGUCOOM&efg=eyJ2ZW5jb2RlX3RhZyI6Inhwdl9wcm9ncmVzc2l2ZS5WSV9VU0VDQVNFX1BST0RVQ1RfVFlQRS4uQzMuNzIwLmRhc2hfaDI2NC1iYXNpYy1nZW4yXzcyMHAiLCJ4cHZfYXNzZXRfaWQiOjI3NzU4OTM1NDMwNDExOTY4LCJhc3NldF9hZ2VfZGF5cyI6OSwidmlfdXNlY2FzZV9pZCI6MTA3OTksImR1cmF0aW9uX3MiOjEwMywidXJsZ2VuX3NvdXJjZSI6Ind3dyJ9&ccb=17-1&vs=9c07fe950938ef91&_nc_vs=HBksFQIYRWZiX2VwaGVtZXJhbC82MDQ4NTlFNzYyN0Y0NTMwQ0NCQTAzOTA5NUM2N0FBRl9tdF8xX3ZpZGVvX2Rhc2hpbml0Lm1wNBUAAsgBEgAVAhhAZmJfcGVybWFuZW50L0U0NEI2MDU4MzIxRDM2RTkwNzRFMDE4NTJDRTgzNzhEX2F1ZGlvX2Rhc2hpbml0Lm1wNBUCAsgBEgAoABgAGwKIB3VzZV9vaWwBMRJwcm9ncmVzc2l2ZV9yZWNpcGUBMRUAACaA2-Ha2abPYhUCKAJDMywXQFns_fO2RaIYGWRhc2hfaDI2NC1iYXNpYy1nZW4yXzcyMHARAHUAZd6oAQA&_nc_gid=Fggvwv_9Rsk7osTJZCFWAg&_nc_ss=7f289&_nc_zt=28&oh=00_AQArZLaq3lYi5izuyWpPEEu-x4UYAoHG0cOVxLyg-s-feg&oe=6A58D57A,https://scontent.fblr20-2.fna.fbcdn.net/v/t39.35426-6/743163802_1253437721175428_5983411035241144738_n.jpg?_nc_cat=104&ccb=1-7&_nc_sid=c53f8f&_nc_ohc=EqSD0fpW_OMQ7kNvwFTje_o&_nc_oc=Adowh25fRt4HJmLl6Gi02zk1pBSriIron2hlx5OX0K75_LnE_LAnA3bq1VE_-4TNEEz4cMQzwCtW2Hd5wFZCil5N&_nc_zt=14&_nc_ht=scontent.fblr20-2.fna&_nc_gid=Fggvwv_9Rsk7osTJZCFWAg&_nc_ss=7f289&oh=00_AQAy9WdyCvir0alWP9G8ib5xPDVn7uKOn956rvE_Ks1Znw&oe=6A58A483,2026-07-16T12:58:34.000Z,2026-07-12,https://pub-893b4a6a607b4221a894bf861da7914e.r2.dev/27378628308497193.mp4
333,304,English Seekho,565574549966663,English Seekho App,,IN,1557928316052104,https://www.facebook.com/ads/library/?id=1557928316052104,2026-07-09,,false,false,1,0,,2026-07-09,,Fluent English bolne ka sirf ek raasta – Daily practice on English Seekho App. Start now!,English Communication strong karo aur confidence badhao,Install now,http://play.google.com/store/apps/details?id=com.bolo.android,"Facebook,Instagram,Audience Network,Messenger,Threads",Fluent English bolne ka sirf ek raasta – Daily practice on English Seekho App. Start now!,English Communication strong karo aur confidence badhao,Install now,http://play.google.com/store/apps/details?id=com.bolo.android,Video,"Facebook,Instagram,Audience Network,Messenger,Threads",1,0,9:16,https://video.fblr20-2.fna.fbcdn.net/o1/v/t2/f2/m366/AQPJA5zxkN2WnMyZk_68QsJUprkyasrePWsaWxQSwWIoqXPJ4Blv7v-J6Ig9HZPSw2AY-Y7gFzTdPhKppbjfaOpqz7Sg-XViGXLx50zWx7qBwQ.mp4?_nc_cat=111&_nc_oc=AdoCecW840xtN183WqsYL_o2jl-YbcpPFEoKvXtUb4Fs_M-o3wCUC7FgKZPfjCaHJ9rtn7VMmoazEAVtA11o3rp0&_nc_sid=b66105&_nc_ht=video.fblr20-2.fna.fbcdn.net&_nc_ohc=4TEpqn6U54gQ7kNvwFW60Q7&efg=eyJ2ZW5jb2RlX3RhZyI6Inhwdl9wcm9ncmVzc2l2ZS5WSV9VU0VDQVNFX1BST0RVQ1RfVFlQRS4uQzMuNzIwLmRhc2hfaDI2NC1iYXNpYy1nZW4yXzcyMHAiLCJ4cHZfYXNzZXRfaWQiOjk5MTE5MDQ0MzczMzczMCwiYXNzZXRfYWdlX2RheXMiOjEsInZpX3VzZWNhc2VfaWQiOjEwNzk5LCJkdXJhdGlvbl9zIjoxNTUsInVybGdlbl9zb3VyY2UiOiJ3d3cifQ%3D%3D&ccb=17-1&vs=e75c7fbe3cd340e5&_nc_vs=HBksFQIYRWZiX2VwaGVtZXJhbC9BNDREOEU5RjNGMkU3MDIzQjJGOEZDODgzODJBMEM4RV9tdF8xX3ZpZGVvX2Rhc2hpbml0Lm1wNBUAAsgBEgAVAhhAZmJfcGVybWFuZW50LzJBNDdFQUZGMThDNDMwODc5QjdCOUM2NkVDQjc0OUEzX2F1ZGlvX2Rhc2hpbml0Lm1wNBUCAsgBEgAoABgAGwKIB3VzZV9vaWwBMRJwcm9ncmVzc2l2ZV9yZWNpcGUBMRUAACbEy-2k8N7CAxUCKAJDMywXQGNogxJul40YGWRhc2hfaDI2NC1iYXNpYy1nZW4yXzcyMHARAHUAZd6oAQA&_nc_gid=Bl8gA8szUgHqY2wPH_XZsQ&_nc_ss=7f289&_nc_zt=28&oh=00_AQDJXqaTIDaz-s8Z7Osf-5YauTm5ytxz5hQXbjCcM_nPQA&oe=6A58C6D9,https://scontent.fblr20-2.fna.fbcdn.net/v/t39.35426-6/743975660_3091312214406818_1914978388967832781_n.jpg?_nc_cat=102&ccb=1-7&_nc_sid=c53f8f&_nc_ohc=hAwgTGSNrnAQ7kNvwEjEUrr&_nc_oc=AdoDLd_GHj5sUJhXGE2msvuTb43vGe13p-NuFteEsAvQFZWIZqhKo8zca8Q9vKGtLxZWxoVHuQGRjFY7_blAA9ut&_nc_zt=14&_nc_ht=scontent.fblr20-2.fna&_nc_gid=Bl8gA8szUgHqY2wPH_XZsQ&_nc_ss=7f289&oh=00_AQBzkWjdelqeDPZxAQuPC2uBpxsnbe446ow6uVSKfiEayQ&oe=6A58CC25,2026-07-16T11:56:09.000Z,2026-07-12,https://pub-893b4a6a607b4221a894bf861da7914e.r2.dev/1557928316052104.mp4
334,305,English Seekho,565574549966663,English Seekho App,,IN,2311862489593723,https://www.facebook.com/ads/library/?id=2311862489593723,2026-07-10,,false,false,1,0,,2026-07-10,,Fluent English bolne ka sirf ek raasta – Daily practice on English Seekho App. Start now!,English Communication strong karo aur confidence badhao,Install now,http://play.google.com/store/apps/details?id=com.bolo.android,"Facebook,Instagram,Audience Network,Messenger,Threads",Fluent English bolne ka sirf ek raasta – Daily practice on English Seekho App. Start now!,English Communication strong karo aur confidence badhao,Install now,http://play.google.com/store/apps/details?id=com.bolo.android,Video,"Facebook,Instagram,Audience Network,Messenger,Threads",1,0,9:16,https://video.fblr20-2.fna.fbcdn.net/o1/v/t2/f2/m366/AQPHIFxYHNTuHUn1zAze9WBwVqyBAUwe54smpDvaNHaeOccf9ApyfIbZYbp2M9tvRDGdT74swudJelAC-qnT_TLws1GZha1uqa5SnzE81a_MTA.mp4?_nc_cat=102&_nc_oc=AdrThA9dK3M7p5Nva3Oi_rDDcD8JRmCcEpP9l7SiIsMu9uZW9gE6MmF9BEiK5uOu8G0sS4ovUfrDeqDOfFrXVfle&_nc_sid=b66105&_nc_ht=video.fblr20-2.fna.fbcdn.net&_nc_ohc=n4t9UhpSyzAQ7kNvwE5Yo2b&efg=eyJ2ZW5jb2RlX3RhZyI6Inhwdl9wcm9ncmVzc2l2ZS5WSV9VU0VDQVNFX1BST0RVQ1RfVFlQRS4uQzMuNzIwLmRhc2hfaDI2NC1iYXNpYy1nZW4yXzcyMHAiLCJ4cHZfYXNzZXRfaWQiOjIxMzMzNzM5MDcyMjYwMTYsImFzc2V0X2FnZV9kYXlzIjoyLCJ2aV91c2VjYXNlX2lkIjoxMDEzOSwiZHVyYXRpb25fcyI6NDMsInVybGdlbl9zb3VyY2UiOiJ3d3cifQ%3D%3D&ccb=17-1&vs=327d548ec7778e4c&_nc_vs=HBksFQIYRWZiX2VwaGVtZXJhbC9FMjQ5MjdFNzIwODRDNkFFMTZFMjY4MzkyRDk5OENBNF9tdF8xX3ZpZGVvX2Rhc2hpbml0Lm1wNBUAAsgBEgAVAhhAZmJfcGVybWFuZW50L0RBNDMxMDA0MDQ1NDcwMkIzMUY2QzNBNDc4QURDMDkxX2F1ZGlvX2Rhc2hpbml0Lm1wNBUCAsgBEgAoABgAGwKIB3VzZV9vaWwBMRJwcm9ncmVzc2l2ZV9yZWNpcGUBMRUAACbAts6e2pLKBxUCKAJDMywXQEXK4UeuFHsYGWRhc2hfaDI2NC1iYXNpYy1nZW4yXzcyMHARAHUAZbaeAQA&_nc_gid=Bl8gA8szUgHqY2wPH_XZsQ&_nc_ss=7f289&_nc_zt=28&oh=00_AQCs_qFJB0XbprK2IiLyTSJ2bpM5-kOwAO67SAfsR1sZ2g&oe=6A58ABBE,https://scontent.fblr20-2.fna.fbcdn.net/v/t39.35426-6/742060086_1900706707278749_1275862463438835342_n.jpg?_nc_cat=102&ccb=1-7&_nc_sid=c53f8f&_nc_ohc=BYfaCid7JKYQ7kNvwE5-oFB&_nc_oc=AdqhZ1NfMWnsRkagxCT2PAJgY_-NHs_dnrPUHXc-4Me37gMQ7ST10NFodWh1jnwgZ8pcq9Tdy56sqtWBZgpPROmP&_nc_zt=14&_nc_ht=scontent.fblr20-2.fna&_nc_gid=Bl8gA8szUgHqY2wPH_XZsQ&_nc_ss=7f289&oh=00_AQAWNMVv5Ulb9AXmwKBNYH0mW3vWrzlxsAy1qHSM-Yii0Q&oe=6A58B488,2026-07-16T10:00:30.000Z,2026-07-12,https://pub-893b4a6a607b4221a894bf861da7914e.r2.dev/2311862489593723.mp4
335,306,English Seekho,565574549966663,English Seekho App,,IN,1677728953457844,https://www.facebook.com/ads/library/?id=1677728953457844,2026-07-10,,false,false,1,0,,2026-07-10,,Fluent English bolne ka sirf ek raasta – Daily practice on English Seekho App. Start now!,English Communication strong karo aur confidence badhao,Install now,http://play.google.com/store/apps/details?id=com.bolo.android,"Facebook,Instagram,Audience Network,Messenger,Threads",Fluent English bolne ka sirf ek raasta – Daily practice on English Seekho App. Start now!,English Communication strong karo aur confidence badhao,Install now,http://play.google.com/store/apps/details?id=com.bolo.android,Video,"Facebook,Instagram,Audience Network,Messenger,Threads",1,0,9:16,https://video.fblr20-4.fna.fbcdn.net/o1/v/t2/f2/m366/AQMTu9muIiKag4R6hMT5Sip0Ewh1CgNUotx_dUFZ0nZcbH-VJVpKJXrGhj4W91EF0w3D5G3lXDQtxBxVgdqGpuwtUvu9jHZvVcRlGkVDUMlNIQ.mp4?_nc_cat=106&_nc_oc=AdoBHSFbcjFBDMU06hA-dJfcejlFiP--WUPVta0VDH9zM6vsG7WXTD0epDhYPUf1ytQHb-d6qohSnIQjnA_VYMOl&_nc_sid=b66105&_nc_ht=video.fblr20-4.fna.fbcdn.net&_nc_ohc=_Ir3H_hcohMQ7kNvwFpxtzl&efg=eyJ2ZW5jb2RlX3RhZyI6Inhwdl9wcm9ncmVzc2l2ZS5WSV9VU0VDQVNFX1BST0RVQ1RfVFlQRS4uQzMuNzIwLmRhc2hfaDI2NC1iYXNpYy1nZW4yXzcyMHAiLCJ4cHZfYXNzZXRfaWQiOjEwNTE5OTExNTQwMzIyMTYsImFzc2V0X2FnZV9kYXlzIjoyLCJ2aV91c2VjYXNlX2lkIjoxMDEzOSwiZHVyYXRpb25fcyI6MTQwLCJ1cmxnZW5fc291cmNlIjoid3d3In0%3D&ccb=17-1&vs=a6779e7f91069d74&_nc_vs=HBksFQIYRWZiX2VwaGVtZXJhbC8yNDQ3MjFEMUREOUQzRTc0NDdDQTNDQjk0NUE1N0NCN19tdF8xX3ZpZGVvX2Rhc2hpbml0Lm1wNBUAAsgBEgAVAhhAZmJfcGVybWFuZW50L0YzNEMyMDFGMkIwNUIyQUNBOTE2RkQ4M0MwMjgwNDlEX2F1ZGlvX2Rhc2hpbml0Lm1wNBUCAsgBEgAoABgAGwKIB3VzZV9vaWwBMRJwcm9ncmVzc2l2ZV9yZWNpcGUBMRUAACaw-dfw-LHeAxUCKAJDMywXQGGFT987ZFoYGWRhc2hfaDI2NC1iYXNpYy1nZW4yXzcyMHARAHUAZbaeAQA&_nc_gid=Bl8gA8szUgHqY2wPH_XZsQ&_nc_ss=7f289&_nc_zt=28&oh=00_AQBy1fyvwzbbKOiUghcfsHJOAxb2gtopQb4OL4pmckHG-g&oe=6A58AA3A,https://scontent.fblr20-1.fna.fbcdn.net/v/t39.35426-6/742317220_1650730319336092_7192223572241557534_n.jpg?_nc_cat=110&ccb=1-7&_nc_sid=c53f8f&_nc_ohc=BeZCWx5-FbAQ7kNvwF2LkJn&_nc_oc=Adqr7UjDuu1HMMhrntcU6HqmyJrJx3JbL0zs8hl3smEWoev9TseKYH9waPM2IjNYbfF0D1ntAkJqa_LKnvJy1etn&_nc_zt=14&_nc_ht=scontent.fblr20-1.fna&_nc_gid=Bl8gA8szUgHqY2wPH_XZsQ&_nc_ss=7f289&oh=00_AQAFrczZVHxKS4wdVVYjV1s2ZcrhXCoXFJdF_UyiLJa6dA&oe=6A58D1E1,2026-07-16T09:54:02.000Z,2026-07-12,https://pub-893b4a6a607b4221a894bf861da7914e.r2.dev/1677728953457844.mp4
336,307,English Seekho,565574549966663,English Seekho App,,IN,1603129031433791,https://www.facebook.com/ads/library/?id=1603129031433791,2026-07-10,,false,false,1,0,,2026-07-10,,Fluent English bolne ka sirf ek raasta – Daily practice on English Seekho App. Start now!,English Communication strong karo aur confidence badhao,Install now,http://play.google.com/store/apps/details?id=com.bolo.android,"Facebook,Instagram,Audience Network,Messenger,Threads",Fluent English bolne ka sirf ek raasta – Daily practice on English Seekho App. Start now!,English Communication strong karo aur confidence badhao,Install now,http://play.google.com/store/apps/details?id=com.bolo.android,Video,"Facebook,Instagram,Audience Network,Messenger,Threads",1,0,9:16,https://video.fblr20-3.fna.fbcdn.net/o1/v/t2/f2/m366/AQPTKb8jVac7bB0aU8W-bOjkg1eXFNiyEQNkO-nV8oOH5cP8-d8Mq7xu3DVUduilk6uN0UHuKWkjugfIiin5kewkHf9ripl_5ZR8RYiJG_cLWQ.mp4?_nc_cat=100&_nc_oc=Adqltaa8QD5cInFVPHgO_ra_6OkJNeREPpsWfzO5QI_uIjoJDTz-Dchbwqy2qB6TZNiq-rD5icyVEQSoNEmdsaSQ&_nc_sid=b66105&_nc_ht=video.fblr20-3.fna.fbcdn.net&_nc_ohc=f-NC_24TtKEQ7kNvwE-t3_9&efg=eyJ2ZW5jb2RlX3RhZyI6Inhwdl9wcm9ncmVzc2l2ZS5WSV9VU0VDQVNFX1BST0RVQ1RfVFlQRS4uQzMuNzIwLmRhc2hfaDI2NC1iYXNpYy1nZW4yXzcyMHAiLCJ4cHZfYXNzZXRfaWQiOjEwMzExNjA2OTk0MDkwMzksImFzc2V0X2FnZV9kYXlzIjoyLCJ2aV91c2VjYXNlX2lkIjoxMDEzOSwiZHVyYXRpb25fcyI6MTQxLCJ1cmxnZW5fc291cmNlIjoid3d3In0%3D&ccb=17-1&vs=eb9a173db284c6c3&_nc_vs=HBksFQIYRWZiX2VwaGVtZXJhbC9BNTRERTI0ODkyQzM1OTcwQ0VFMTYwMDVGMzdCQzk5M19tdF8xX3ZpZGVvX2Rhc2hpbml0Lm1wNBUAAsgBEgAVAhhAZmJfcGVybWFuZW50LzdFNDBFNTlFRUY3MzMyNzJBRjg4NUIzMzMyN0Y5NDgyX2F1ZGlvX2Rhc2hpbml0Lm1wNBUCAsgBEgAoABgAGwKIB3VzZV9vaWwBMRJwcm9ncmVzc2l2ZV9yZWNpcGUBMRUAACaeyo7zufXUAxUCKAJDMywXQGG6p--dsi0YGWRhc2hfaDI2NC1iYXNpYy1nZW4yXzcyMHARAHUAZbaeAQA&_nc_gid=Bl8gA8szUgHqY2wPH_XZsQ&_nc_ss=7f289&_nc_zt=28&oh=00_AQBo3WgkQeIAzprMMegIWUa1yajJtDjAqMb7AjiIPXS61A&oe=6A58C9D4,https://scontent.fblr20-2.fna.fbcdn.net/v/t39.35426-6/743996127_1566503858408622_508385367880011130_n.jpg?_nc_cat=111&ccb=1-7&_nc_sid=c53f8f&_nc_ohc=2sNujuI2K7MQ7kNvwFKNvjo&_nc_oc=AdooOAQZ7DYJ2pAdzY8raTxvYGuJD4yomsGQJWlSg6OVstNHT45B60AkfiIyPPqha7areqV9c9WozJFlN_L6nLb3&_nc_zt=14&_nc_ht=scontent.fblr20-2.fna&_nc_gid=Bl8gA8szUgHqY2wPH_XZsQ&_nc_ss=7f289&oh=00_AQBuT-pg9AU8pXMcR6e2s33cBZumIoE_GZt2fiTm8ZQ_OA&oe=6A58A9A7,2026-07-16T12:08:52.000Z,2026-07-12,https://pub-893b4a6a607b4221a894bf861da7914e.r2.dev/1603129031433791.mp4
