row_rank,page_rank,competitor_name,facebook_page_id,facebook_page_name,facebook_page_followers,target_country,ad_library_id,ad_library_url,ad_start_date,ad_end_date,has_low_impression_warning,ad_has_multiple_versions,ad_version_count,version_index,version_id,version_start_date,version_end_date,version_primary_text,version_description,version_cta_label,version_destination_url,version_platforms_distribution,ad_primary_text,ad_description,ad_cta_label,ad_destination_url,ad_media_type,ad_distribution_platforms,creative_count_in_ad,creative_index_in_ad,creative_aspect_ratio,facebook_video_cdn_url_at_scrape,facebook_thumbnail_cdn_url_at_scrape,facebook_cdn_url_expiry_at_scrape,scrape_run_date
1,1,Lingo AI,599204246602758,Lingo AI,,IN,2817216648647618,https://www.facebook.com/ads/library/?id=2817216648647618,2026-07-01,,false,false,1,0,,2026-07-01,,"📘 Learn English easily with simple lessons 
😊 Build confidence with everyday speaking practice 
👉 Download now",👉 Download now,Install now,http://itunes.apple.com/app/id6740255326,"Facebook,Instagram,Audience Network,Messenger,Threads","📘 Learn English easily with simple lessons 
😊 Build confidence with everyday speaking practice 
👉 Download now",👉 Download now,Install now,http://itunes.apple.com/app/id6740255326,Video,"Facebook,Instagram,Audience Network,Messenger,Threads",1,0,9:16,https://video.fblr22-2.fna.fbcdn.net/o1/v/t2/f2/m366/AQMP6r7fWJClw_CydhEAX295t4QavjfeH3aTDfnO1b8hKKzQ_HF0LFcmJuPTwnDXZDJ10uInWtcBr7Nxmx0W-9qm9n-wqlyCjp2ITFh-s2S1mA.mp4?_nc_cat=107&_nc_oc=AdoB0sw20wGi2BKpSC5zrwSLPSLdUrKI3y7J5-wCwNsBTMnda8K-UhFcmkW6C_BVwvg&_nc_sid=b66105&_nc_ht=video.fblr22-2.fna.fbcdn.net&_nc_ohc=a1IzLIo-1FsQ7kNvwFK-UFP&efg=eyJ2ZW5jb2RlX3RhZyI6Inhwdl9wcm9ncmVzc2l2ZS5WSV9VU0VDQVNFX1BST0RVQ1RfVFlQRS4uQzMuNTc2LmRhc2hfaDI2NC1iYXNpYy1nZW4yXzcyMHAiLCJ4cHZfYXNzZXRfaWQiOjk2OTg4NjA3MjY3MDM2MSwiYXNzZXRfYWdlX2RheXMiOjg2LCJ2aV91c2VjYXNlX2lkIjoxMDEzOSwiZHVyYXRpb25fcyI6MjAxLCJ1cmxnZW5fc291cmNlIjoid3d3In0%3D&ccb=17-1&vs=d9234e5b63e831f1&_nc_vs=HBksFQIYRWZiX2VwaGVtZXJhbC8yMDQ2NkRDNDUzM0ZEOEY0MjQ0NEREREEwQkU1NkNCN19tdF8xX3ZpZGVvX2Rhc2hpbml0Lm1wNBUAAsgBEgAVAhhAZmJfcGVybWFuZW50Lzk3NDQ4QzMwNjJCMzM3MzdFQjg4RjExMTIyMEY1MjlCX2F1ZGlvX2Rhc2hpbml0Lm1wNBUCAsgBEgAoABgAGwKIB3VzZV9vaWwBMRJwcm9ncmVzc2l2ZV9yZWNpcGUBMRUAACayoqyt5oa5AxUCKAJDMywXQGkzMzMzMzMYGWRhc2hfaDI2NC1iYXNpYy1nZW4yXzcyMHARAHUAZbaeAQA&_nc_gid=sysZo4XBQPmqNqBc_ORR-Q&_nc_ss=7f289&_nc_zt=28&oh=00_AQCPmPyAD0hNtti6PAJ1OdetsCBQ_un3hcyJd_JmAVFklg&oe=6A68DF75,https://scontent.fblr22-1.fna.fbcdn.net/v/t39.35426-6/736367935_1819827772325103_3634662996503671526_n.jpg?_nc_cat=109&ccb=1-7&_nc_sid=c53f8f&_nc_ohc=2ZLhHMDA6q8Q7kNvwEpFdqX&_nc_oc=AdrHagP019BwXkowEZrASpUXnxEzz3KEqlYR4pyUc9ywxA2Igv4NkYGGoQ17OMbc-pc&_nc_zt=14&_nc_ht=scontent.fblr22-1.fna&_nc_gid=sysZo4XBQPmqNqBc_ORR-Q&_nc_ss=7f289&oh=00_AQD41eFpAgLcE_nmAOnKFK34V5hzE5i0yvdR-cJgEvaagQ&oe=6A68EDD3,2026-07-28T16:57:25.000Z,2026-07-24
2,2,Lingo AI,599204246602758,Lingo AI,,IN,1093823739826634,https://www.facebook.com/ads/library/?id=1093823739826634,2026-06-17,,false,false,1,0,,2026-06-17,,"📘 Learn English easily with simple lessons 
😊 Build confidence with everyday speaking practice 
👉 Download now",👉 Download now,Download,https://speaklearnfrenchlingoai.onelink.me/Y67n?pid=metaweb_int&c={{campaign.name}}&af_c_id={{campaign.id}}&af_adset={{adset.name}}&af_adset_id={{adset.id}}&af_ad={{ad.name}}&af_ad_id={{ad.id}}&af_siteid={{site_source_name}},"Facebook,Instagram,Audience Network,Messenger,Threads","📘 Learn English easily with simple lessons 
😊 Build confidence with everyday speaking practice 
👉 Download now",👉 Download now,Download,https://speaklearnfrenchlingoai.onelink.me/Y67n?pid=metaweb_int&c={{campaign.name}}&af_c_id={{campaign.id}}&af_adset={{adset.name}}&af_adset_id={{adset.id}}&af_ad={{ad.name}}&af_ad_id={{ad.id}}&af_siteid={{site_source_name}},Video,"Facebook,Instagram,Audience Network,Messenger,Threads",1,0,9:16,https://video.fblr22-1.fna.fbcdn.net/o1/v/t2/f2/m366/AQOL2fuJoJdleGpBiEhFqaGzqMRiFO9Iddp9oeL6QIzGNM1Q4_0Yz0lJPKzu8Daily9Hcmr7b3Zc10Ie8zX0znk1Q_Kj6aNpqqpXoRbHwa0DWQ.mp4?_nc_cat=106&_nc_oc=AdqLJDLyv-p2ShcL6GDf79_IAEJcST62VSDU_xjosWUe01icaQTx3f8xGtOcgN8KRxw&_nc_sid=b66105&_nc_ht=video.fblr22-1.fna.fbcdn.net&_nc_ohc=M-2Gkp73fi0Q7kNvwFQAvpl&efg=eyJ2ZW5jb2RlX3RhZyI6Inhwdl9wcm9ncmVzc2l2ZS5WSV9VU0VDQVNFX1BST0RVQ1RfVFlQRS4uQzMuNjA4LmRhc2hfaDI2NC1iYXNpYy1nZW4yXzcyMHAiLCJ4cHZfYXNzZXRfaWQiOjE3MDE2NzkyOTc2ODgyOTQsImFzc2V0X2FnZV9kYXlzIjo0NSwidmlfdXNlY2FzZV9pZCI6MTAxMzksImR1cmF0aW9uX3MiOjM2LCJ1cmxnZW5fc291cmNlIjoid3d3In0%3D&ccb=17-1&vs=579878759d4c8e76&_nc_vs=HBksFQIYRWZiX2VwaGVtZXJhbC9CQzRFOTY3RDY5MUNGNDAxOTQ5NzQyOTA2MjRGNDRBMV9tdF8xX3ZpZGVvX2Rhc2hpbml0Lm1wNBUAAsgBEgAVAhhAZmJfcGVybWFuZW50LzA3NDJBNUUyRUZFQ0Y0Mjk0N0Q1QzQzNTdBRUFDMDg3X2F1ZGlvX2Rhc2hpbml0Lm1wNBUCAsgBEgAoABgAGwKIB3VzZV9vaWwBMRJwcm9ncmVzc2l2ZV9yZWNpcGUBMRUAACbMy_vg4uqFBhUCKAJDMywXQEIEOVgQYk4YGWRhc2hfaDI2NC1iYXNpYy1nZW4yXzcyMHARAHUAZbaeAQA&_nc_gid=sysZo4XBQPmqNqBc_ORR-Q&_nc_ss=7f289&_nc_zt=28&oh=00_AQDkR57eMBCMjduRzVxsWkixfHmSsLQmgOtYUbPQ6-EtOA&oe=6A68DEC2,https://scontent.fblr22-1.fna.fbcdn.net/v/t39.35426-6/723229213_1020189503842573_364442284674534133_n.jpg?_nc_cat=106&ccb=1-7&_nc_sid=c53f8f&_nc_ohc=f0-OMqlhA7AQ7kNvwE__bEw&_nc_oc=AdryUPlKZe4--eVdZvOhHLL2g-XqgE6SfPGkiiYpAPUEisH_8F2n5OpHBEk0Tp5jBgE&_nc_zt=14&_nc_ht=scontent.fblr22-1.fna&_nc_gid=sysZo4XBQPmqNqBc_ORR-Q&_nc_ss=7f289&oh=00_AQBIaifdd2ZKrrIYz6C3HSgGAMr8GWLy87xOy0oKChsVXg&oe=6A6900BC,2026-07-28T16:54:26.000Z,2026-07-24
3,3,Lingo AI,599204246602758,Lingo AI,,IN,861649606640914,https://www.facebook.com/ads/library/?id=861649606640914,2026-07-03,,false,false,1,0,,2026-07-03,,"📘 Learn English easily with simple lessons 
😊 Build confidence with everyday speaking practice 
👉 Download now",👉 Download now,Download,https://speaklearnfrenchlingoai.onelink.me/Y67n?pid=metaweb_int&c={{campaign.name}}&af_c_id={{campaign.id}}&af_adset={{adset.name}}&af_adset_id={{adset.id}}&af_ad={{ad.name}}&af_ad_id={{ad.id}}&af_siteid={{site_source_name}},"Facebook,Instagram,Audience Network,Messenger,Threads","📘 Learn English easily with simple lessons 
😊 Build confidence with everyday speaking practice 
👉 Download now",👉 Download now,Download,https://speaklearnfrenchlingoai.onelink.me/Y67n?pid=metaweb_int&c={{campaign.name}}&af_c_id={{campaign.id}}&af_adset={{adset.name}}&af_adset_id={{adset.id}}&af_ad={{ad.name}}&af_ad_id={{ad.id}}&af_siteid={{site_source_name}},Video,"Facebook,Instagram,Audience Network,Messenger,Threads",1,0,9:16,https://video.fblr22-1.fna.fbcdn.net/o1/v/t2/f2/m366/AQMqX385G5MI4EETJepJ6oerczjqDfHdPGCKb3s7_fd1dbNNf6vI9qbAOqYK9ZjMm086Mm7quyzYkpXFmPCcmy7Tb09OYZcVFFSEQ7p8qK-ivw.mp4?_nc_cat=109&_nc_oc=AdpzyDFVnmRFQZo_OVapuUrA-TiyfNqmiAb8fFMGiC2AqUt1KhoTK0zT1J8-Q1HM7E0&_nc_sid=b66105&_nc_ht=video.fblr22-1.fna.fbcdn.net&_nc_ohc=rxm1RYx8maMQ7kNvwFlW5kF&efg=eyJ2ZW5jb2RlX3RhZyI6Inhwdl9wcm9ncmVzc2l2ZS5WSV9VU0VDQVNFX1BST0RVQ1RfVFlQRS4uQzMuNzIwLmRhc2hfaDI2NC1iYXNpYy1nZW4yXzcyMHAiLCJ4cHZfYXNzZXRfaWQiOjEwNTgyMDU1MzY1MzE2MTgsImFzc2V0X2FnZV9kYXlzIjoyMCwidmlfdXNlY2FzZV9pZCI6MTAxMzksImR1cmF0aW9uX3MiOjQ4LCJ1cmxnZW5fc291cmNlIjoid3d3In0%3D&ccb=17-1&vs=241837b9892da65d&_nc_vs=HBksFQIYRWZiX2VwaGVtZXJhbC84OTQzM0VGNkYwNDkyNkFGRjU0Q0FFRkM3REVDMUU5MV9tdF8xX3ZpZGVvX2Rhc2hpbml0Lm1wNBUAAsgBEgAVAhhAZmJfcGVybWFuZW50LzEyNDFDRjk4MUQ5NkQxM0YwRTc3QTFFMDQzNTVBQzgzX2F1ZGlvX2Rhc2hpbml0Lm1wNBUCAsgBEgAoABgAGwKIB3VzZV9vaWwBMRJwcm9ncmVzc2l2ZV9yZWNpcGUBMRUAACbE0tXR1ZvhAxUCKAJDMywXQEhIcrAgxJwYGWRhc2hfaDI2NC1iYXNpYy1nZW4yXzcyMHARAHUAZbaeAQA&_nc_gid=sysZo4XBQPmqNqBc_ORR-Q&_nc_ss=7f289&_nc_zt=28&oh=00_AQDXhRB1MGV9S_p2JvgjwcyKurPrXuLTCTXaDPaIeXTN6g&oe=6A690257,https://scontent.fblr22-1.fna.fbcdn.net/v/t39.35426-6/738465055_1021887397244136_8559899821422683012_n.jpg?_nc_cat=106&ccb=1-7&_nc_sid=c53f8f&_nc_ohc=1-LdHYgXDMIQ7kNvwGaQRKm&_nc_oc=Adp5tLc-_LceWswE5eJTPivq-xgzt7v1jzDUdWLptSoSLHSjqwTlYFecbNSFYMIobEM&_nc_zt=14&_nc_ht=scontent.fblr22-1.fna&_nc_gid=sysZo4XBQPmqNqBc_ORR-Q&_nc_ss=7f289&oh=00_AQCQ0tlttFlEScMjxjm2nZtnDSvgEljw3PFEPPzWIjm1KA&oe=6A68E8DB,2026-07-28T19:26:15.000Z,2026-07-24
4,4,Lingo AI,599204246602758,Lingo AI,,IN,1387668796571355,https://www.facebook.com/ads/library/?id=1387668796571355,2026-07-12,,false,true,2,0,1387668796571355,2026-07-12,,"📘 Learn English easily with simple lessons 
😊 Build confidence with everyday speaking practice 
👉 Download now",👉 Download now,Install now,http://itunes.apple.com/app/id6740255326,"Facebook,Instagram,Audience Network,Messenger,Threads","📘 Learn English easily with simple lessons 
😊 Build confidence with everyday speaking practice 
👉 Download now",👉 Download now,Install now,http://itunes.apple.com/app/id6740255326,Video,"Facebook,Instagram,Audience Network,Messenger,Threads",1,0,9:16,https://video.fblr22-1.fna.fbcdn.net/o1/v/t2/f2/m366/AQMuRKmlyXptGk_yOoGYZqKSfBNukeaUTJdOYy7S_pXKMtUCDs5bD01ziwO09OPCf5dLJgazQdyh0ofm39DutsKvbnpLU5_4nMwyuu3DfqkWQg.mp4?_nc_cat=108&_nc_oc=AdqEbDt4y2Cce9_BZQ1m-5uYUUk3rRXPOU8-FGXzHu1kQj-UyN8C4a7ycAIHaJS2lww&_nc_sid=b66105&_nc_ht=video.fblr22-1.fna.fbcdn.net&_nc_ohc=ohLY65aMYBIQ7kNvwHzv1nB&efg=eyJ2ZW5jb2RlX3RhZyI6Inhwdl9wcm9ncmVzc2l2ZS5WSV9VU0VDQVNFX1BST0RVQ1RfVFlQRS4uQzMuNTc2LmRhc2hfaDI2NC1iYXNpYy1nZW4yXzcyMHAiLCJ4cHZfYXNzZXRfaWQiOjEyMDIzODQ4Nzg1MDkzODgsImFzc2V0X2FnZV9kYXlzIjo4NiwidmlfdXNlY2FzZV9pZCI6MTAxMzksImR1cmF0aW9uX3MiOjE5MywidXJsZ2VuX3NvdXJjZSI6Ind3dyJ9&ccb=17-1&vs=6e412509ddfa25f6&_nc_vs=HBksFQIYRWZiX2VwaGVtZXJhbC8zODREMENGNzgxQTQ4QzY3NEQ4MUY2RkI1QTEwQjhCN19tdF8xX3ZpZGVvX2Rhc2hpbml0Lm1wNBUAAsgBEgAVAhhAZmJfcGVybWFuZW50L0E1NDE5QUNFMzhCRTk2MkY2RjVGNUFDRUY1OEE1REJEX2F1ZGlvX2Rhc2hpbml0Lm1wNBUCAsgBEgAoABgAGwKIB3VzZV9vaWwBMRJwcm9ncmVzc2l2ZV9yZWNpcGUBMRUAACaY9Yi5geSiBBUCKAJDMywXQGgwAAAAAAAYGWRhc2hfaDI2NC1iYXNpYy1nZW4yXzcyMHARAHUAZbaeAQA&_nc_gid=sysZo4XBQPmqNqBc_ORR-Q&_nc_ss=7f289&_nc_zt=28&oh=00_AQDhLoETJmrc-DQNrAANB28WAYTu6SgsdGSrweBEmCGGSQ&oe=6A68D4FC,https://scontent.fblr22-2.fna.fbcdn.net/v/t39.35426-6/745747873_2080756636171665_5197725333571158550_n.jpg?_nc_cat=100&ccb=1-7&_nc_sid=c53f8f&_nc_ohc=uP366gh8e14Q7kNvwGrnhlU&_nc_oc=AdqEuXeHdMkIq529bOkI2nM_bW2QkXsjTaSargSQ4G7r23o1H-4_SfSxN7P7X0nOVRU&_nc_zt=14&_nc_ht=scontent.fblr22-2.fna&_nc_gid=sysZo4XBQPmqNqBc_ORR-Q&_nc_ss=7f289&oh=00_AQAl2QzxETJceP6k72bhptAy3Wu-XX3RXNtUtEIX8OGDEA&oe=6A68EE43,2026-07-28T16:12:44.000Z,2026-07-24
5,4,Lingo AI,599204246602758,Lingo AI,,IN,1387668796571355,https://www.facebook.com/ads/library/?id=1387668796571355,2026-07-12,,false,true,2,1,1037404378858206,2026-07-01,,"📘 Learn English easily with simple lessons 
😊 Build confidence with everyday speaking practice 
👉 Download now",👉 Download now,Install now,http://itunes.apple.com/app/id6740255326,"Facebook,Instagram,Audience Network,Messenger,Threads","📘 Learn English easily with simple lessons 
😊 Build confidence with everyday speaking practice 
👉 Download now",👉 Download now,Install now,http://itunes.apple.com/app/id6740255326,Video,"Facebook,Instagram,Audience Network,Messenger,Threads",1,0,9:16,https://video.fblr22-1.fna.fbcdn.net/o1/v/t2/f2/m366/AQMuRKmlyXptGk_yOoGYZqKSfBNukeaUTJdOYy7S_pXKMtUCDs5bD01ziwO09OPCf5dLJgazQdyh0ofm39DutsKvbnpLU5_4nMwyuu3DfqkWQg.mp4?_nc_cat=108&_nc_oc=AdqEbDt4y2Cce9_BZQ1m-5uYUUk3rRXPOU8-FGXzHu1kQj-UyN8C4a7ycAIHaJS2lww&_nc_sid=b66105&_nc_ht=video.fblr22-1.fna.fbcdn.net&_nc_ohc=ohLY65aMYBIQ7kNvwHzv1nB&efg=eyJ2ZW5jb2RlX3RhZyI6Inhwdl9wcm9ncmVzc2l2ZS5WSV9VU0VDQVNFX1BST0RVQ1RfVFlQRS4uQzMuNTc2LmRhc2hfaDI2NC1iYXNpYy1nZW4yXzcyMHAiLCJ4cHZfYXNzZXRfaWQiOjEyMDIzODQ4Nzg1MDkzODgsImFzc2V0X2FnZV9kYXlzIjo4NiwidmlfdXNlY2FzZV9pZCI6MTAxMzksImR1cmF0aW9uX3MiOjE5MywidXJsZ2VuX3NvdXJjZSI6Ind3dyJ9&ccb=17-1&vs=6e412509ddfa25f6&_nc_vs=HBksFQIYRWZiX2VwaGVtZXJhbC8zODREMENGNzgxQTQ4QzY3NEQ4MUY2RkI1QTEwQjhCN19tdF8xX3ZpZGVvX2Rhc2hpbml0Lm1wNBUAAsgBEgAVAhhAZmJfcGVybWFuZW50L0E1NDE5QUNFMzhCRTk2MkY2RjVGNUFDRUY1OEE1REJEX2F1ZGlvX2Rhc2hpbml0Lm1wNBUCAsgBEgAoABgAGwKIB3VzZV9vaWwBMRJwcm9ncmVzc2l2ZV9yZWNpcGUBMRUAACaY9Yi5geSiBBUCKAJDMywXQGgwAAAAAAAYGWRhc2hfaDI2NC1iYXNpYy1nZW4yXzcyMHARAHUAZbaeAQA&_nc_gid=sysZo4XBQPmqNqBc_ORR-Q&_nc_ss=7f289&_nc_zt=28&oh=00_AQDhLoETJmrc-DQNrAANB28WAYTu6SgsdGSrweBEmCGGSQ&oe=6A68D4FC,https://scontent.fblr22-1.fna.fbcdn.net/v/t39.35426-6/732984576_1475719397931373_6687465576430472354_n.jpg?_nc_cat=106&ccb=1-7&_nc_sid=c53f8f&_nc_ohc=ln9ZuujzQR4Q7kNvwFMLb1w&_nc_oc=Adoo7Ur_ajCLe_3qB9zWrFAZ9iVfXE91RtkIpTyS3DgtMxvHY7JFc39PDTPGeiRvfW0&_nc_zt=14&_nc_ht=scontent.fblr22-1.fna&_nc_gid=sysZo4XBQPmqNqBc_ORR-Q&_nc_ss=7f289&oh=00_AQD1C0s05001rDkJMrkKmblxoUU7Wpa8JYy3gR5jKJderQ&oe=6A68ED79,2026-07-28T16:12:44.000Z,2026-07-24
6,5,Lingo AI,599204246602758,Lingo AI,,IN,2164854557777767,https://www.facebook.com/ads/library/?id=2164854557777767,2026-07-17,,false,false,1,0,,2026-07-17,,"📘 Learn English easily with simple lessons 
😊 Build confidence with everyday speaking practice 
👉 Download now",👉 Download now,Download,http://itunes.apple.com/app/id6740255326,"Facebook,Instagram,Audience Network,Messenger,Threads","📘 Learn English easily with simple lessons 
😊 Build confidence with everyday speaking practice 
👉 Download now",👉 Download now,Download,http://itunes.apple.com/app/id6740255326,Video,"Facebook,Instagram,Audience Network,Messenger,Threads",1,0,9:16,https://video.fblr22-2.fna.fbcdn.net/o1/v/t2/f2/m366/AQOJ6MQ5pABcKQOFQa46sPEh7SwUwG-MH_ca3zWnngX5jPTkJXNK-frmQEUEOofGBwyvHcXFIUOfwAIW0KlVMYzwcadpwS8yeky9JnlgRBCLVA.mp4?_nc_cat=105&_nc_oc=AdoIHbsWcBO01QqoCYYo89PqnA1Jvz89xCNDTG5A5bEEVTaOpo9oTtK-MUcMtLX657E&_nc_sid=b66105&_nc_ht=video.fblr22-2.fna.fbcdn.net&_nc_ohc=CLIZNgFQN5cQ7kNvwHwVnlx&efg=eyJ2ZW5jb2RlX3RhZyI6Inhwdl9wcm9ncmVzc2l2ZS5WSV9VU0VDQVNFX1BST0RVQ1RfVFlQRS4uQzMuNjA4LmRhc2hfaDI2NC1iYXNpYy1nZW4yXzcyMHAiLCJ4cHZfYXNzZXRfaWQiOjEyODI4Nzg3MzcwNjEyOTksImFzc2V0X2FnZV9kYXlzIjo3LCJ2aV91c2VjYXNlX2lkIjoxMDEzOSwiZHVyYXRpb25fcyI6MzQsInVybGdlbl9zb3VyY2UiOiJ3d3cifQ%3D%3D&ccb=17-1&vs=32ac9d40404ffef8&_nc_vs=HBksFQIYRWZiX2VwaGVtZXJhbC9DODQ1NTZBMzg2NEE2RTc5MTM0RjAwRTUyRDBEMTlBMl9tdF8xX3ZpZGVvX2Rhc2hpbml0Lm1wNBUAAsgBEgAVAhhAZmJfcGVybWFuZW50L0RENDhFRDhDMkZENDAxMEVDNzlGMDg0MjI4MTg5RUIzX2F1ZGlvX2Rhc2hpbml0Lm1wNBUCAsgBEgAoABgAGwKIB3VzZV9vaWwBMRJwcm9ncmVzc2l2ZV9yZWNpcGUBMRUAACbm1sy2r7HHBBUCKAJDMywXQEEu2RaHKwIYGWRhc2hfaDI2NC1iYXNpYy1nZW4yXzcyMHARAHUAZbaeAQA&_nc_gid=sysZo4XBQPmqNqBc_ORR-Q&_nc_ss=7f289&_nc_zt=28&oh=00_AQDZYksURH6lGzF0mJO9Rpmd0yQw7AbMM6nsJUSMPMId9Q&oe=6A68DAFF,https://scontent.fblr22-2.fna.fbcdn.net/v/t39.35426-6/751643131_1709355210211307_3229710978591203299_n.jpg?_nc_cat=105&ccb=1-7&_nc_sid=c53f8f&_nc_ohc=NfEwwQTCu7cQ7kNvwFu9USj&_nc_oc=AdrnJu0wxreHJ1U3l625CJ_q3KJ7xED3NBaITq7QHCg2SLNBLAo30nobbQNqHC2TwCg&_nc_zt=14&_nc_ht=scontent.fblr22-2.fna&_nc_gid=sysZo4XBQPmqNqBc_ORR-Q&_nc_ss=7f289&oh=00_AQAWjH695I4D7IO124CMF6x3uX9U_1rdyfccTSnyh1lCRw&oe=6A69021E,2026-07-28T16:38:23.000Z,2026-07-24
7,6,Lingo AI,599204246602758,Lingo AI,,IN,2600560010378856,https://www.facebook.com/ads/library/?id=2600560010378856,2026-07-18,,false,false,1,0,,2026-07-18,,"🌟 Want to improve your English? 
📱 Learn anytime in just minutes a day 💬 Build real speaking confidence 
👉 Download now",👉 Download now,Download,http://itunes.apple.com/app/id6740255326,"Facebook,Instagram,Audience Network,Messenger,Threads","🌟 Want to improve your English? 
📱 Learn anytime in just minutes a day 💬 Build real speaking confidence 
👉 Download now",👉 Download now,Download,http://itunes.apple.com/app/id6740255326,Video,"Facebook,Instagram,Audience Network,Messenger,Threads",1,0,9:16,https://video.fblr22-2.fna.fbcdn.net/o1/v/t2/f2/m366/AQPsmzHoB0fGIo2iOmIs6Yrv6wVVR-T80HL4W2nhE0IELcochwCr8DXTZdszqpuOnyQXnf4ipuh2t7t1XXW8bZe6eMbjH-nriTBeOC9deUD9RQ.mp4?_nc_cat=110&_nc_oc=AdrRTpx6NClfqm_ey_pUiZtxhs0iBZZ44v9HvOOpw0MHg_pu-0xbOJoQtcfQX6-HqMk&_nc_sid=b66105&_nc_ht=video.fblr22-2.fna.fbcdn.net&_nc_ohc=R2jElle6tcEQ7kNvwGWcxYh&efg=eyJ2ZW5jb2RlX3RhZyI6Inhwdl9wcm9ncmVzc2l2ZS5WSV9VU0VDQVNFX1BST0RVQ1RfVFlQRS4uQzMuNzIwLmRhc2hfaDI2NC1iYXNpYy1nZW4yXzcyMHAiLCJ4cHZfYXNzZXRfaWQiOjEzNTYxNDMwMjkzMTc2NDUsImFzc2V0X2FnZV9kYXlzIjo0LCJ2aV91c2VjYXNlX2lkIjoxMDEzOSwiZHVyYXRpb25fcyI6NzcsInVybGdlbl9zb3VyY2UiOiJ3d3cifQ%3D%3D&ccb=17-1&vs=30f0b194e7e7784e&_nc_vs=HBksFQIYRWZiX2VwaGVtZXJhbC81NjQ2MkNFNjMyMEI2NUNCNzMyNzIwRDU4NDAyOTU5RV9tdF8xX3ZpZGVvX2Rhc2hpbml0Lm1wNBUAAsgBEgAVAhhAZmJfcGVybWFuZW50L0Q0NDFCMDEzOTYzMjVGOTE5Njk0Q0FFOEY0QTVERjk5X2F1ZGlvX2Rhc2hpbml0Lm1wNBUCAsgBEgAoABgAGwKIB3VzZV9vaWwBMRJwcm9ncmVzc2l2ZV9yZWNpcGUBMRUAACaawLf49NnoBBUCKAJDMywXQFNogxJul40YGWRhc2hfaDI2NC1iYXNpYy1nZW4yXzcyMHARAHUAZbaeAQA&_nc_gid=sysZo4XBQPmqNqBc_ORR-Q&_nc_ss=7f289&_nc_zt=28&oh=00_AQDu1yLTtJXxZXDu3jF98wo36Gsl96qcMGSQ0o1KW5Z6Cg&oe=6A68F722,https://scontent.fblr22-1.fna.fbcdn.net/v/t39.35426-6/750255735_1063238679993383_3188457809743130555_n.jpg?_nc_cat=104&ccb=1-7&_nc_sid=c53f8f&_nc_ohc=nJZ6GxKh8F0Q7kNvwHq5YOd&_nc_oc=Adr47gZ_v_ADL7pmKP6owRL_0iwMm2UqGPUxUaoZb7vLi_xGy2PGxvHsHv8aalNKbic&_nc_zt=14&_nc_ht=scontent.fblr22-1.fna&_nc_gid=sysZo4XBQPmqNqBc_ORR-Q&_nc_ss=7f289&oh=00_AQDhIMMfgnWzIKLSQIKiYRpFX_XGfxweMEsJ40bgxgNtRA&oe=6A68D72F,2026-07-28T18:38:26.000Z,2026-07-24
8,7,Lingo AI,599204246602758,Lingo AI,,IN,1734003744580617,https://www.facebook.com/ads/library/?id=1734003744580617,2026-07-12,,false,false,1,0,,2026-07-12,,"📘 Learn English easily with simple lessons 
😊 Build confidence with everyday speaking practice 
👉 Download now",👉 Download now,Install now,http://itunes.apple.com/app/id6740255326,"Facebook,Instagram,Audience Network,Messenger,Threads","📘 Learn English easily with simple lessons 
😊 Build confidence with everyday speaking practice 
👉 Download now",👉 Download now,Install now,http://itunes.apple.com/app/id6740255326,Video,"Facebook,Instagram,Audience Network,Messenger,Threads",1,0,9:16,https://video.fblr22-1.fna.fbcdn.net/o1/v/t2/f2/m366/AQMvyiSkB_PHTDb2bQzCqxkfCx8pSYIyKt-Msk51bxYnh4zCKj6VuexLjL8cSyGuZJ7zY2E1rALzDHyVg0MQqtT6j2opCEl0FY_OJpR35FAJRA.mp4?_nc_cat=101&_nc_oc=AdrzsN6GKHN8wRgfn9UA7UyHOBobPbKaZfj-AUSeuWpxRyB2eiKwFMR8SsEs6ABOKIk&_nc_sid=b66105&_nc_ht=video.fblr22-1.fna.fbcdn.net&_nc_ohc=n5R4lEl0yE8Q7kNvwHN5ZVg&efg=eyJ2ZW5jb2RlX3RhZyI6Inhwdl9wcm9ncmVzc2l2ZS5WSV9VU0VDQVNFX1BST0RVQ1RfVFlQRS4uQzMuNzIwLmRhc2hfaDI2NC1iYXNpYy1nZW4yXzcyMHAiLCJ4cHZfYXNzZXRfaWQiOjk4NDUwODU4MTEwNTY5OSwiYXNzZXRfYWdlX2RheXMiOjQ1LCJ2aV91c2VjYXNlX2lkIjoxMDEzOSwiZHVyYXRpb25fcyI6MzIsInVybGdlbl9zb3VyY2UiOiJ3d3cifQ%3D%3D&ccb=17-1&vs=5a57a7404b3fb890&_nc_vs=HBksFQIYRWZiX2VwaGVtZXJhbC80RjQ5QTM5NjQ4QzZCMTUxODBGRjRERUQxRTc5NDlCMV9tdF8xX3ZpZGVvX2Rhc2hpbml0Lm1wNBUAAsgBEgAVAhhAZmJfcGVybWFuZW50L0FFNEU2QkI5RDE0REQzNzRCMjVFQzIyMTc1QzlCRTgxX2F1ZGlvX2Rhc2hpbml0Lm1wNBUCAsgBEgAoABgAGwKIB3VzZV9vaWwBMRJwcm9ncmVzc2l2ZV9yZWNpcGUBMRUAACbGwIrE-Nm_AxUCKAJDMywXQEBiDEm6XjUYGWRhc2hfaDI2NC1iYXNpYy1nZW4yXzcyMHARAHUAZbaeAQA&_nc_gid=sysZo4XBQPmqNqBc_ORR-Q&_nc_ss=7f289&_nc_zt=28&oh=00_AQCbLo5tVErYSD3FTmGII0MeyOFSz4nOFeoSgi4xZfjSgA&oe=6A69031B,https://scontent.fblr22-1.fna.fbcdn.net/v/t39.35426-6/747604486_1723259189015997_2333678046788118166_n.jpg?_nc_cat=106&ccb=1-7&_nc_sid=c53f8f&_nc_ohc=AK7BkNiSx-oQ7kNvwFhwdtt&_nc_oc=AdoQkJ7EsW0EYU-H1GSqFSh-Xj5RUdyZTFEEebBw7iztWFCYA3v17jiPQFD8QSfXgWE&_nc_zt=14&_nc_ht=scontent.fblr22-1.fna&_nc_gid=sysZo4XBQPmqNqBc_ORR-Q&_nc_ss=7f289&oh=00_AQA85C0gSKkxtLxcE30QPmdm8EPc3tLe54_G155WngoaHA&oe=6A68FD49,2026-07-28T19:29:31.000Z,2026-07-24
9,8,Lingo AI,599204246602758,Lingo AI,,IN,1721159278776726,https://www.facebook.com/ads/library/?id=1721159278776726,2026-07-17,,false,false,1,0,,2026-07-17,,"📘 Learn English easily with simple lessons 
😊 Build confidence with everyday speaking practice 
👉 Download now",👉 Download now,Download,http://itunes.apple.com/app/id6740255326,"Facebook,Instagram,Audience Network,Messenger,Threads","📘 Learn English easily with simple lessons 
😊 Build confidence with everyday speaking practice 
👉 Download now",👉 Download now,Download,http://itunes.apple.com/app/id6740255326,Video,"Facebook,Instagram,Audience Network,Messenger,Threads",1,0,9:16,https://video.fblr22-2.fna.fbcdn.net/o1/v/t2/f2/m366/AQO17Mz99FJWB7hu7OB4mdmg4FlmxVEWOAIAg3hTzsBhATRItdfUFiHWuE9oOtHRoAZotRUMnoo04rGWudhuWY_oSb1-g2Al9XV3NjdbLNrQEg.mp4?_nc_cat=110&_nc_oc=AdqAeG4cYhAMc9EWjXhjNCjlgDSSbnVkDJyXd9_xAbA_bjvwTQ6oj9UUJ6d0m9bdeIM&_nc_sid=b66105&_nc_ht=video.fblr22-2.fna.fbcdn.net&_nc_ohc=UTT4TqLpTgwQ7kNvwHyJvgE&efg=eyJ2ZW5jb2RlX3RhZyI6Inhwdl9wcm9ncmVzc2l2ZS5WSV9VU0VDQVNFX1BST0RVQ1RfVFlQRS4uQzMuNjA4LmRhc2hfaDI2NC1iYXNpYy1nZW4yXzcyMHAiLCJ4cHZfYXNzZXRfaWQiOjE1MjU1OTEzODU0NDM5NjIsImFzc2V0X2FnZV9kYXlzIjo3LCJ2aV91c2VjYXNlX2lkIjoxMDEzOSwiZHVyYXRpb25fcyI6NTEsInVybGdlbl9zb3VyY2UiOiJ3d3cifQ%3D%3D&ccb=17-1&vs=f7cb3047b46acd90&_nc_vs=HBksFQIYRWZiX2VwaGVtZXJhbC8wRjQ4ODMxRjQxNzFCMDkyNEQ4NTFGRUM3MDg4RTg5Ml9tdF8xX3ZpZGVvX2Rhc2hpbml0Lm1wNBUAAsgBEgAVAhhAZmJfcGVybWFuZW50LzlFNDVEODlFNkMyNjIxOTkyQTRFOEQ3RDAxQjY2N0E5X2F1ZGlvX2Rhc2hpbml0Lm1wNBUCAsgBEgAoABgAGwKIB3VzZV9vaWwBMRJwcm9ncmVzc2l2ZV9yZWNpcGUBMRUAACb0udDJjeG1BRUCKAJDMywXQEnzMzMzMzMYGWRhc2hfaDI2NC1iYXNpYy1nZW4yXzcyMHARAHUAZbaeAQA&_nc_gid=sysZo4XBQPmqNqBc_ORR-Q&_nc_ss=7f289&_nc_zt=28&oh=00_AQBGRKq_Kohv-MHMLeIpAWv4Na15njIGtWhgNlMR1T2_7Q&oe=6A68E502,https://scontent.fblr22-2.fna.fbcdn.net/v/t39.35426-6/751414052_1018754980859264_2077600372582177210_n.jpg?_nc_cat=100&ccb=1-7&_nc_sid=c53f8f&_nc_ohc=Z2_wGb3TU9gQ7kNvwHP9-Va&_nc_oc=AdqWddsiaITEUI3lFUSI8-J_ObuOt9z8SQjYuh7idtfV8Jczwa_75IetuiwToJSrDOA&_nc_zt=14&_nc_ht=scontent.fblr22-2.fna&_nc_gid=sysZo4XBQPmqNqBc_ORR-Q&_nc_ss=7f289&oh=00_AQCS7LphbidPhN8-bsWMi38UhEpd24e_i3aTx5pWq5T9aw&oe=6A68F4FC,2026-07-28T17:21:06.000Z,2026-07-24
10,9,Lingo AI,599204246602758,Lingo AI,,IN,1972127246813621,https://www.facebook.com/ads/library/?id=1972127246813621,2026-07-09,,false,false,1,0,,2026-07-09,,"🌍 Learn real English for everyday life 
🗣 Practice speaking with simple lessons 
⏱ Just 5 minutes a day 
👉 Download now",👉 Download now,Download,https://speaklearnfrenchlingoai.onelink.me/Y67n?pid=metaweb_int&c={{campaign.name}}&af_c_id={{campaign.id}}&af_adset={{adset.name}}&af_adset_id={{adset.id}}&af_ad={{ad.name}}&af_ad_id={{ad.id}}&af_siteid={{site_source_name}},"Facebook,Instagram,Audience Network,Messenger,Threads","🌍 Learn real English for everyday life 
🗣 Practice speaking with simple lessons 
⏱ Just 5 minutes a day 
👉 Download now",👉 Download now,Download,https://speaklearnfrenchlingoai.onelink.me/Y67n?pid=metaweb_int&c={{campaign.name}}&af_c_id={{campaign.id}}&af_adset={{adset.name}}&af_adset_id={{adset.id}}&af_ad={{ad.name}}&af_ad_id={{ad.id}}&af_siteid={{site_source_name}},Video,"Facebook,Instagram,Audience Network,Messenger,Threads",1,0,9:16,https://video.fblr22-1.fna.fbcdn.net/o1/v/t2/f2/m366/AQO40PHinsmMQQLzKR3QR1ukEO_TIxy5AcNQ6FhfHFsDuWJETomwnxqxlSArdUaDRzROIjKMiHQJ97614Cj311CvFrQKE9RERtI9dmul7NSe3Q.mp4?_nc_cat=108&_nc_oc=AdqmeXj46HeIdiHIgYsrjxrnJxR_Y-qPx9wha6C4fWWFOxBn6q6-0it8WdghoEQuV34&_nc_sid=b66105&_nc_ht=video.fblr22-1.fna.fbcdn.net&_nc_ohc=2sxpisEWArYQ7kNvwFrYaON&efg=eyJ2ZW5jb2RlX3RhZyI6Inhwdl9wcm9ncmVzc2l2ZS5WSV9VU0VDQVNFX1BST0RVQ1RfVFlQRS4uQzMuNzIwLmRhc2hfaDI2NC1iYXNpYy1nZW4yXzcyMHAiLCJ4cHZfYXNzZXRfaWQiOjEwNjQ0MTkzOTYwMzY0NjMsImFzc2V0X2FnZV9kYXlzIjoxNywidmlfdXNlY2FzZV9pZCI6MTAxMzksImR1cmF0aW9uX3MiOjYxLCJ1cmxnZW5fc291cmNlIjoid3d3In0%3D&ccb=17-1&vs=8b4316d057744011&_nc_vs=HBksFQIYRWZiX2VwaGVtZXJhbC9EMDRBOURBN0RGQkM4MEIyRDM1MEI0QUE0Nzk5QTk5Nl9tdF8xX3ZpZGVvX2Rhc2hpbml0Lm1wNBUAAsgBEgAVAhhAZmJfcGVybWFuZW50LzIyNEFBN0FCRjhDQUEwMkZEMkE4OUFDOTVBMTQ1MkI2X2F1ZGlvX2Rhc2hpbml0Lm1wNBUCAsgBEgAoABgAGwKIB3VzZV9vaWwBMRJwcm9ncmVzc2l2ZV9yZWNpcGUBMRUAACbenfG_roXkAxUCKAJDMywXQE63bItDlYEYGWRhc2hfaDI2NC1iYXNpYy1nZW4yXzcyMHARAHUAZbaeAQA&_nc_gid=sysZo4XBQPmqNqBc_ORR-Q&_nc_ss=7f289&_nc_zt=28&oh=00_AQBGpBRKAWt5hR-JGMAoq3cFJ1bBddOm18SCESWdPgsXkQ&oe=6A690644,https://scontent.fblr22-2.fna.fbcdn.net/v/t39.35426-6/738653808_2072709243675408_3324913559767103040_n.jpg?_nc_cat=111&ccb=1-7&_nc_sid=c53f8f&_nc_ohc=yzHfBz5nMXsQ7kNvwGvaaWr&_nc_oc=AdphGHVooL5zaiYOeO7Z8mHQ2HhO_ocpRhPF5cGvZMeBDu7D8S-D7nvU49OPJegC9LI&_nc_zt=14&_nc_ht=scontent.fblr22-2.fna&_nc_gid=sysZo4XBQPmqNqBc_ORR-Q&_nc_ss=7f289&oh=00_AQCbZXGx_NuzoCJqRGPa7WVhseJB48Ep_GrfCQ9L68CFXg&oe=6A68EED1,2026-07-28T19:43:00.000Z,2026-07-24
11,10,Lingo AI,599204246602758,Lingo AI,,IN,4500326250214671,https://www.facebook.com/ads/library/?id=4500326250214671,2026-07-18,,false,false,1,0,,2026-07-18,,"📘 Learn English easily with simple lessons 
😊 Build confidence with everyday speaking practice 
👉 Download now",👉 Download now,Download,https://speaklearnfrenchlingoai.onelink.me/Y67n?pid=metaweb_int&c={{campaign.name}}&af_c_id={{campaign.id}}&af_adset={{adset.name}}&af_adset_id={{adset.id}}&af_ad={{ad.name}}&af_ad_id={{ad.id}}&af_siteid={{site_source_name}},"Facebook,Instagram,Audience Network,Messenger,Threads","📘 Learn English easily with simple lessons 
😊 Build confidence with everyday speaking practice 
👉 Download now",👉 Download now,Download,https://speaklearnfrenchlingoai.onelink.me/Y67n?pid=metaweb_int&c={{campaign.name}}&af_c_id={{campaign.id}}&af_adset={{adset.name}}&af_adset_id={{adset.id}}&af_ad={{ad.name}}&af_ad_id={{ad.id}}&af_siteid={{site_source_name}},Video,"Facebook,Instagram,Audience Network,Messenger,Threads",1,0,9:16,https://video.fblr22-1.fna.fbcdn.net/o1/v/t2/f2/m366/AQNz9i0XKUfiQCUsbb45o35AQI9bD7aK9V2JiXdV95njZ8_DauTLCQbJR1ySdQd5ojJGpWLzfOKTLEGDvwn43YgUbKgM2VH_SDFiSEVoP-yOgA.mp4?_nc_cat=102&_nc_oc=AdolwjM_f-4lN61CGUc5OzERJkmyWszOYgqeu3YYdvtztGNE4eIUymkMShE0m5VcaUI&_nc_sid=b66105&_nc_ht=video.fblr22-1.fna.fbcdn.net&_nc_ohc=cefi79tMF9gQ7kNvwFKsR0S&efg=eyJ2ZW5jb2RlX3RhZyI6Inhwdl9wcm9ncmVzc2l2ZS5WSV9VU0VDQVNFX1BST0RVQ1RfVFlQRS4uQzMuNzIwLmRhc2hfaDI2NC1iYXNpYy1nZW4yXzcyMHAiLCJ4cHZfYXNzZXRfaWQiOjI4MTk2MjM3MDQ2NjM0ODI2LCJhc3NldF9hZ2VfZGF5cyI6NCwidmlfdXNlY2FzZV9pZCI6MTAxMzksImR1cmF0aW9uX3MiOjM0LCJ1cmxnZW5fc291cmNlIjoid3d3In0%3D&ccb=17-1&vs=a8ee82bcd697c3f4&_nc_vs=HBksFQIYRWZiX2VwaGVtZXJhbC82RTQzQTgzMEVCQjgwMDA4NTFCRjVBMzQ3QTc4MjY5Nl9tdF8xX3ZpZGVvX2Rhc2hpbml0Lm1wNBUAAsgBEgAVAhhAZmJfcGVybWFuZW50L0FBNEVCQUMxQjQyODYwM0U5RThBNzUyMkI5QzA2OEI5X2F1ZGlvX2Rhc2hpbml0Lm1wNBUCAsgBEgAoABgAGwKIB3VzZV9vaWwBMRJwcm9ncmVzc2l2ZV9yZWNpcGUBMRUAACaU5dbSgJWWZBUCKAJDMywXQEFqn752yLQYGWRhc2hfaDI2NC1iYXNpYy1nZW4yXzcyMHARAHUAZbaeAQA&_nc_gid=sysZo4XBQPmqNqBc_ORR-Q&_nc_ss=7f289&_nc_zt=28&oh=00_AQAqniUO6CqA76jHQaaKPE-5ENzjMn5qjlcxB2S6fA9W0g&oe=6A68DBCE,https://scontent.fblr22-1.fna.fbcdn.net/v/t39.35426-6/751578417_4421089554703633_905380675224462435_n.jpg?_nc_cat=101&ccb=1-7&_nc_sid=c53f8f&_nc_ohc=flytskFjmoAQ7kNvwG44Cig&_nc_oc=Adq49yYfvPo-_8dbc2VHaxIYVf2Ez1IFhcc_yD4pCpTEm0ZHQG6UAC6sdDQR6zmQdZo&_nc_zt=14&_nc_ht=scontent.fblr22-1.fna&_nc_gid=sysZo4XBQPmqNqBc_ORR-Q&_nc_ss=7f289&oh=00_AQCCjlc4dzy3TqTwe7Cou5VszNyxAmYUnRL8fWIT3ghVTw&oe=6A68EC56,2026-07-28T16:41:50.000Z,2026-07-24
12,11,Lingo AI,599204246602758,Lingo AI,,IN,1502905814452626,https://www.facebook.com/ads/library/?id=1502905814452626,2026-07-11,,false,false,1,0,,2026-07-11,,"🌟 Quer melhorar o seu inglês?
📱 Aprenda a qualquer hora em apenas alguns minutos por dia
💬 Ganhe confiança para falar inglês de verdade
👉 Baixe agora",👉 Baixe agora,Download,https://speaklearnfrenchlingoai.onelink.me/Y67n?pid=metaweb_int&c={{campaign.name}}&af_c_id={{campaign.id}}&af_adset={{adset.name}}&af_adset_id={{adset.id}}&af_ad={{ad.name}}&af_ad_id={{ad.id}}&af_siteid={{site_source_name}},"Facebook,Instagram,Audience Network,Messenger,Threads","🌟 Quer melhorar o seu inglês?
📱 Aprenda a qualquer hora em apenas alguns minutos por dia
💬 Ganhe confiança para falar inglês de verdade
👉 Baixe agora",👉 Baixe agora,Download,https://speaklearnfrenchlingoai.onelink.me/Y67n?pid=metaweb_int&c={{campaign.name}}&af_c_id={{campaign.id}}&af_adset={{adset.name}}&af_adset_id={{adset.id}}&af_ad={{ad.name}}&af_ad_id={{ad.id}}&af_siteid={{site_source_name}},Video,"Facebook,Instagram,Audience Network,Messenger,Threads",1,0,9:16,https://video.fblr22-1.fna.fbcdn.net/o1/v/t2/f2/m366/AQPFhSlvZbJFZauhMA92NBLQLH1U4HcAKkY_vbdCOCSurx-njHN5txX8hhAykrccFJTzDM9z8rpfYm6oalAXTZ5Fkw8T4AUgVnN14wvDv6dyOA.mp4?_nc_cat=104&_nc_oc=AdpgXHIAVy0mMxr0OmWuo3lsNkNF_nbyr3iMwTf7VfvcQEcnvVahrhSE_KuvawjZ1Dc&_nc_sid=b66105&_nc_ht=video.fblr22-1.fna.fbcdn.net&_nc_ohc=J-i0MHulaJQQ7kNvwHRI0zS&efg=eyJ2ZW5jb2RlX3RhZyI6Inhwdl9wcm9ncmVzc2l2ZS5WSV9VU0VDQVNFX1BST0RVQ1RfVFlQRS4uQzMuNzE2LmRhc2hfaDI2NC1iYXNpYy1nZW4yXzcyMHAiLCJ4cHZfYXNzZXRfaWQiOjMxMjUxMjI5OTc2ODAxNDgsImFzc2V0X2FnZV9kYXlzIjoxNCwidmlfdXNlY2FzZV9pZCI6MTAxMzksImR1cmF0aW9uX3MiOjcwLCJ1cmxnZW5fc291cmNlIjoid3d3In0%3D&ccb=17-1&vs=4276c29782b4fe58&_nc_vs=HBksFQIYRWZiX2VwaGVtZXJhbC8xQjQ2MEIyMkY0RTk0NjhBQjBBMzFDMTJENUNEQ0NCNl9tdF8xX3ZpZGVvX2Rhc2hpbml0Lm1wNBUAAsgBEgAVAhhAZmJfcGVybWFuZW50LzE4NDczRDVEQzI4QjRGOEY3QjI0N0Q3QzAzODcxODlFX2F1ZGlvX2Rhc2hpbml0Lm1wNBUCAsgBEgAoABgAGwKIB3VzZV9vaWwBMRJwcm9ncmVzc2l2ZV9yZWNpcGUBMRUAACao4L_ijJKNCxUCKAJDMywXQFGxBiTdLxsYGWRhc2hfaDI2NC1iYXNpYy1nZW4yXzcyMHARAHUAZbaeAQA&_nc_gid=sysZo4XBQPmqNqBc_ORR-Q&_nc_ss=7f289&_nc_zt=28&oh=00_AQDo9iGl8UwNI45L5jRuAd-G2gvI5NgKVsfED3JBhnhXYw&oe=6A68F8FC,https://scontent.fblr22-1.fna.fbcdn.net/v/t39.35426-6/741523732_1048607961028615_5714036491164422850_n.jpg?_nc_cat=106&ccb=1-7&_nc_sid=c53f8f&_nc_ohc=0w7BzOWPF_YQ7kNvwEYR9TH&_nc_oc=AdrNBi27Ngymqt85LDCWzVCD7pyOWdvzawQScTfEjrCCluz3VbLyJcRUIdspTQ8guCo&_nc_zt=14&_nc_ht=scontent.fblr22-1.fna&_nc_gid=sysZo4XBQPmqNqBc_ORR-Q&_nc_ss=7f289&oh=00_AQAcI2MXsuqiM7Lx3Wxl8e1qdnl0fvpBqnORBvOkv08bAA&oe=6A68F57C,2026-07-28T18:46:20.000Z,2026-07-24
13,12,Lingo AI,599204246602758,Lingo AI,,IN,2050192829225897,https://www.facebook.com/ads/library/?id=2050192829225897,2026-07-17,,false,false,1,0,,2026-07-17,,"📘 Learn English easily with simple lessons 
😊 Build confidence with everyday speaking practice 
👉 Download now",👉 Download now,Download,http://itunes.apple.com/app/id6740255326,"Facebook,Instagram,Audience Network,Messenger,Threads","📘 Learn English easily with simple lessons 
😊 Build confidence with everyday speaking practice 
👉 Download now",👉 Download now,Download,http://itunes.apple.com/app/id6740255326,Video,"Facebook,Instagram,Audience Network,Messenger,Threads",1,0,9:16,https://video.fblr22-2.fna.fbcdn.net/o1/v/t2/f2/m366/AQMWJiNoimcOBi3gtPlL3zrA1Y5dk2xzOpoWdDWEVVHZo-ctmsgtEX2u2Iipr7BYvTDYWsFJnaFcMxQDb0TMROkN75W6HsOpcIuPrAGB3yIY9A.mp4?_nc_cat=105&_nc_oc=AdoUpezVyTa9KQ-0jjVbTPfQioU0lp0ThBupSoYOsbLGt6om2ZkmU4Qy3fGz9805UtM&_nc_sid=b66105&_nc_ht=video.fblr22-2.fna.fbcdn.net&_nc_ohc=E9YOxP5UdkIQ7kNvwHk7Vv-&efg=eyJ2ZW5jb2RlX3RhZyI6Inhwdl9wcm9ncmVzc2l2ZS5WSV9VU0VDQVNFX1BST0RVQ1RfVFlQRS4uQzMuNjA4LmRhc2hfaDI2NC1iYXNpYy1nZW4yXzcyMHAiLCJ4cHZfYXNzZXRfaWQiOjE1Njk3NjMyNjEzMjMyNjYsImFzc2V0X2FnZV9kYXlzIjo3LCJ2aV91c2VjYXNlX2lkIjoxMDEzOSwiZHVyYXRpb25fcyI6MzQsInVybGdlbl9zb3VyY2UiOiJ3d3cifQ%3D%3D&ccb=17-1&vs=a58228a47a05e641&_nc_vs=HBksFQIYRWZiX2VwaGVtZXJhbC81NDQzQjFBOUY0QTJFOEY3NjI5MTNBQ0YxRDg0RUM4OF9tdF8xX3ZpZGVvX2Rhc2hpbml0Lm1wNBUAAsgBEgAVAhhAZmJfcGVybWFuZW50L0IwNEVGRjlCRkFGRTM5NjUyMDdDNDA5RDM1RDI5MEExX2F1ZGlvX2Rhc2hpbml0Lm1wNBUCAsgBEgAoABgAGwKIB3VzZV9vaWwBMRJwcm9ncmVzc2l2ZV9yZWNpcGUBMRUAACaE4JTZn-zJBRUCKAJDMywXQEEiDEm6XjUYGWRhc2hfaDI2NC1iYXNpYy1nZW4yXzcyMHARAHUAZbaeAQA&_nc_gid=sysZo4XBQPmqNqBc_ORR-Q&_nc_ss=7f289&_nc_zt=28&oh=00_AQDT9WFF0JwBMrsEhw7jvgQDdvpExE8XyaQj3LF9IZfZNA&oe=6A68FB27,https://scontent.fblr22-1.fna.fbcdn.net/v/t39.35426-6/751076191_1607273457691356_9176830016918961841_n.jpg?_nc_cat=101&ccb=1-7&_nc_sid=c53f8f&_nc_ohc=XpjUidUKBTwQ7kNvwFXfUyM&_nc_oc=Adr7VK5rl_OFkDA5Wyobnh32tasvsXRQ9seKjD13dTG-FXT4Uk7J2Rd8woLbLzu1h3w&_nc_zt=14&_nc_ht=scontent.fblr22-1.fna&_nc_gid=sysZo4XBQPmqNqBc_ORR-Q&_nc_ss=7f289&oh=00_AQDGYXSjzUzxPrFYKCiXIncMM3V-RLnZgrbep6f0Tf6yxA&oe=6A690291,2026-07-28T18:55:35.000Z,2026-07-24
14,13,Lingo AI,599204246602758,Lingo AI,,IN,2079659836277553,https://www.facebook.com/ads/library/?id=2079659836277553,2026-07-12,,false,false,1,0,,2026-07-12,,"🌟 Want to improve your English? 
📱 Learn anytime in just minutes a day 
💬 Build real speaking confidence
👉 Download now",👉 Download now,Install now,http://itunes.apple.com/app/id6740255326,"Facebook,Instagram,Audience Network,Messenger,Threads","🌟 Want to improve your English? 
📱 Learn anytime in just minutes a day 
💬 Build real speaking confidence
👉 Download now",👉 Download now,Install now,http://itunes.apple.com/app/id6740255326,Video,"Facebook,Instagram,Audience Network,Messenger,Threads",1,0,9:16,https://video.fblr22-2.fna.fbcdn.net/o1/v/t2/f2/m366/AQNGA2kNAk9ddNYGFy7Cis05Yb-8hDHw-O6RazD7t7U55odpIrxU75TJOd8RaPxhRA37uW8NB6jAcVyr3v5m6MREJCXYwYlndxZBjD0hFHA1fg.mp4?_nc_cat=105&_nc_oc=Adotl6F9m3qfDSw98yooLAy4Qlj5Bqpq9OdE8Y6L1g_yidHphAgp-a8lxBOc6d8fK8k&_nc_sid=b66105&_nc_ht=video.fblr22-2.fna.fbcdn.net&_nc_ohc=BsXelr_ckeMQ7kNvwHAoRCt&efg=eyJ2ZW5jb2RlX3RhZyI6Inhwdl9wcm9ncmVzc2l2ZS5WSV9VU0VDQVNFX1BST0RVQ1RfVFlQRS4uQzMuNjA4LmRhc2hfaDI2NC1iYXNpYy1nZW4yXzcyMHAiLCJ4cHZfYXNzZXRfaWQiOjEwMzQyODA3NjI0MjIyODcsImFzc2V0X2FnZV9kYXlzIjoyMSwidmlfdXNlY2FzZV9pZCI6MTAxMzksImR1cmF0aW9uX3MiOjM3LCJ1cmxnZW5fc291cmNlIjoid3d3In0%3D&ccb=17-1&vs=3945771430d1e47c&_nc_vs=HBksFQIYRWZiX2VwaGVtZXJhbC80MTQ1RDQyQTMwNUI4NURFQ0Y3RDNCOEYyNjAxNjc4M19tdF8xX3ZpZGVvX2Rhc2hpbml0Lm1wNBUAAsgBEgAVAhhAZmJfcGVybWFuZW50LzZENEZFMUYxOTM3MzlDRkRERjk0OTc5RTYwQkM3NjhEX2F1ZGlvX2Rhc2hpbml0Lm1wNBUCAsgBEgAoABgAGwKIB3VzZV9vaWwBMRJwcm9ncmVzc2l2ZV9yZWNpcGUBMRUAACae0ImXiKvWAxUCKAJDMywXQEKmZmZmZmYYGWRhc2hfaDI2NC1iYXNpYy1nZW4yXzcyMHARAHUAZbaeAQA&_nc_gid=sysZo4XBQPmqNqBc_ORR-Q&_nc_ss=7f289&_nc_zt=28&oh=00_AQB3kXutINpEE_jNZjXftJzBCTM7lDCKUsIkuM6naQy3-A&oe=6A68DA37,https://scontent.fblr22-1.fna.fbcdn.net/v/t39.35426-6/745545597_962219093528728_6774320924539639409_n.jpg?_nc_cat=101&ccb=1-7&_nc_sid=c53f8f&_nc_ohc=VyccWYLaa0EQ7kNvwH19mRS&_nc_oc=AdoRYZLR0DAlaVkvzcODim_SyS4L8-36w3OBO5Jb2JeZYzwMZYxXN66oodbWwAtaSAg&_nc_zt=14&_nc_ht=scontent.fblr22-1.fna&_nc_gid=sysZo4XBQPmqNqBc_ORR-Q&_nc_ss=7f289&oh=00_AQBB1I7yH4RbePWLOjKWb5gZ4JDVRXwxEOSf8pmq-KsOLw&oe=6A68D2C1,2026-07-28T16:35:03.000Z,2026-07-24
15,14,Lingo AI,599204246602758,Lingo AI,,IN,2074376606622636,https://www.facebook.com/ads/library/?id=2074376606622636,2026-07-12,,false,false,1,0,,2026-07-12,,"🌟 Want to improve your English? 
📱 Learn anytime in just minutes a day 
💬 Build real speaking confidence 
👉 Download now",👉 Download now,Download,https://speaklearnfrenchlingoai.onelink.me/Y67n?pid=metaweb_int&c={{campaign.name}}&af_c_id={{campaign.id}}&af_adset={{adset.name}}&af_adset_id={{adset.id}}&af_ad={{ad.name}}&af_ad_id={{ad.id}}&af_siteid={{site_source_name}},"Facebook,Instagram,Audience Network,Messenger,Threads","🌟 Want to improve your English? 
📱 Learn anytime in just minutes a day 
💬 Build real speaking confidence 
👉 Download now",👉 Download now,Download,https://speaklearnfrenchlingoai.onelink.me/Y67n?pid=metaweb_int&c={{campaign.name}}&af_c_id={{campaign.id}}&af_adset={{adset.name}}&af_adset_id={{adset.id}}&af_ad={{ad.name}}&af_ad_id={{ad.id}}&af_siteid={{site_source_name}},Video,"Facebook,Instagram,Audience Network,Messenger,Threads",1,0,9:16,https://video.fblr22-2.fna.fbcdn.net/o1/v/t2/f2/m366/AQPrM0ovBiImjM2Ojr-QhCH_U8FgfBzub5TYU9BzewCvAgYtTF6s6cnjxVMx-e7MbllFGSEYREDHfe79XXffmDFMdNsZ3ef_-gmbl468z6iivw.mp4?_nc_cat=110&_nc_oc=AdrvLitDW2HiIbJ1kKQApMjbFUpGRWLFhbfS2QErMUIK1yAyBOcKO2ItXfNbYjCO_CA&_nc_sid=b66105&_nc_ht=video.fblr22-2.fna.fbcdn.net&_nc_ohc=Oa_FRqE89VYQ7kNvwEm-4Ih&efg=eyJ2ZW5jb2RlX3RhZyI6Inhwdl9wcm9ncmVzc2l2ZS5WSV9VU0VDQVNFX1BST0RVQ1RfVFlQRS4uQzMuNjA4LmRhc2hfaDI2NC1iYXNpYy1nZW4yXzcyMHAiLCJ4cHZfYXNzZXRfaWQiOjE1MDQxNzU1ODc4NzcyNjMsImFzc2V0X2FnZV9kYXlzIjo4OSwidmlfdXNlY2FzZV9pZCI6MTAxMzksImR1cmF0aW9uX3MiOjQyLCJ1cmxnZW5fc291cmNlIjoid3d3In0%3D&ccb=17-1&vs=b433c651f481faa0&_nc_vs=HBksFQIYRWZiX2VwaGVtZXJhbC8wQjRGREM3Q0YyMjI3QjUxRTg3MUFBODRERTJEQTZBM19tdF8xX3ZpZGVvX2Rhc2hpbml0Lm1wNBUAAsgBEgAVAhhAZmJfcGVybWFuZW50L0FGNDkzRkExMjI1RTNBOUUyNTEyQTg0QzEzNzI5MTkzX2F1ZGlvX2Rhc2hpbml0Lm1wNBUCAsgBEgAoABgAGwKIB3VzZV9vaWwBMRJwcm9ncmVzc2l2ZV9yZWNpcGUBMRUAACaehsO5xYKsBRUCKAJDMywXQEVmZmZmZmYYGWRhc2hfaDI2NC1iYXNpYy1nZW4yXzcyMHARAHUAZbaeAQA&_nc_gid=sysZo4XBQPmqNqBc_ORR-Q&_nc_ss=7f289&_nc_zt=28&oh=00_AQAUGyEQAyYBAWswEG2UGjecbdFQcpD8T0I5m0PJpBQlOQ&oe=6A69080A,https://scontent.fblr22-2.fna.fbcdn.net/v/t39.35426-6/743234580_1597657728646951_5197678641791341700_n.jpg?_nc_cat=100&ccb=1-7&_nc_sid=c53f8f&_nc_ohc=n-K0ZgIdH2UQ7kNvwE7v9S-&_nc_oc=AdpZpyM1rxAbBVFw397mop-ogeGiO8oOtZq8JkDiFiqFkOAGHyRBRxYEnwYIZhYo08Y&_nc_zt=14&_nc_ht=scontent.fblr22-2.fna&_nc_gid=sysZo4XBQPmqNqBc_ORR-Q&_nc_ss=7f289&oh=00_AQDBdF-1DzEuJJ_eirz77m4DaceFpL4WsnYglaRybSNzlw&oe=6A68DFA2,2026-07-28T19:50:34.000Z,2026-07-24
16,15,Lingo AI,599204246602758,Lingo AI,,IN,1806166717021524,https://www.facebook.com/ads/library/?id=1806166717021524,2026-07-12,,false,true,2,0,1806166717021524,2026-07-12,,"📘 Learn English easily with simple lessons 
😊 Build confidence with everyday speaking practice 
👉 Download now",👉 Download now,Install now,http://itunes.apple.com/app/id6740255326,"Facebook,Instagram,Audience Network,Messenger,Threads","📘 Learn English easily with simple lessons 
😊 Build confidence with everyday speaking practice 
👉 Download now",👉 Download now,Install now,http://itunes.apple.com/app/id6740255326,Video,"Facebook,Instagram,Audience Network,Messenger,Threads",1,0,9:16,https://video.fblr22-1.fna.fbcdn.net/o1/v/t2/f2/m366/AQPVu_7T9bGG5j1MdDY5N4Zm-Roc0CFOS-gX9zIMf70vLOFqNK3aE2BpqcRDGI5tsTv212VxYP9mzfKoKYXS2ARHZtH9c7Q5Wx4BH_G3fUACoQ.mp4?_nc_cat=101&_nc_oc=Adp2hH54bTcBvv0FvPq8DCgN5LROusyyLKPXeULFdBtm5rGB1CjrtxN2AzdrEokyI-c&_nc_sid=b66105&_nc_ht=video.fblr22-1.fna.fbcdn.net&_nc_ohc=aHAjEnwEJz8Q7kNvwGQidOM&efg=eyJ2ZW5jb2RlX3RhZyI6Inhwdl9wcm9ncmVzc2l2ZS5WSV9VU0VDQVNFX1BST0RVQ1RfVFlQRS4uQzMuNzIwLmRhc2hfaDI2NC1iYXNpYy1nZW4yXzcyMHAiLCJ4cHZfYXNzZXRfaWQiOjEzMjc4ODU2NDI2NDM5MjIsImFzc2V0X2FnZV9kYXlzIjozNiwidmlfdXNlY2FzZV9pZCI6MTAxMzksImR1cmF0aW9uX3MiOjQ2LCJ1cmxnZW5fc291cmNlIjoid3d3In0%3D&ccb=17-1&vs=1bda19167822fcf9&_nc_vs=HBksFQIYRWZiX2VwaGVtZXJhbC9CNjRGMkY4ODUxOUYzNDQwRDE0NkVENzc2NjdFRDNCOF9tdF8xX3ZpZGVvX2Rhc2hpbml0Lm1wNBUAAsgBEgAVAhhAZmJfcGVybWFuZW50LzVBNDJCQTdCMEZEMUYxQTY3RTg5RTQxMzYwQTZCRjk4X2F1ZGlvX2Rhc2hpbml0Lm1wNBUCAsgBEgAoABgAGwKIB3VzZV9vaWwBMRJwcm9ncmVzc2l2ZV9yZWNpcGUBMRUAACak58GAj-3bBBUCKAJDMywXQEcVP3ztkWgYGWRhc2hfaDI2NC1iYXNpYy1nZW4yXzcyMHARAHUAZbaeAQA&_nc_gid=sysZo4XBQPmqNqBc_ORR-Q&_nc_ss=7f289&_nc_zt=28&oh=00_AQDY3wWK6JPe4CwRGt_i7om9bDBeFYS4OZhOSoa1TDImrw&oe=6A68DE8B,https://scontent.fblr22-2.fna.fbcdn.net/v/t39.35426-6/745545594_1737497217700931_7827517836708223380_n.jpg?_nc_cat=110&ccb=1-7&_nc_sid=c53f8f&_nc_ohc=6ABBLSDF23YQ7kNvwEwAtmT&_nc_oc=Adqm6iUda7ngaHahejCwg5BJWuHlcWSJoBUpgLogVrTsfqEDWFcL70H6W13vUiqgTqI&_nc_zt=14&_nc_ht=scontent.fblr22-2.fna&_nc_gid=sysZo4XBQPmqNqBc_ORR-Q&_nc_ss=7f289&oh=00_AQBvYyeFuyOlzKoHI-Ae6u9LfcMlpbGCNedEr7M9tx43Ag&oe=6A69044D,2026-07-28T16:53:31.000Z,2026-07-24
17,15,Lingo AI,599204246602758,Lingo AI,,IN,1806166717021524,https://www.facebook.com/ads/library/?id=1806166717021524,2026-07-12,,false,true,2,1,4494315040857752,2026-07-01,,"📘 Learn English easily with simple lessons 
😊 Build confidence with everyday speaking practice 
👉 Download now",👉 Download now,Install now,http://itunes.apple.com/app/id6740255326,"Facebook,Instagram,Audience Network,Messenger,Threads","📘 Learn English easily with simple lessons 
😊 Build confidence with everyday speaking practice 
👉 Download now",👉 Download now,Install now,http://itunes.apple.com/app/id6740255326,Video,"Facebook,Instagram,Audience Network,Messenger,Threads",1,0,9:16,https://video.fblr22-1.fna.fbcdn.net/o1/v/t2/f2/m366/AQPVu_7T9bGG5j1MdDY5N4Zm-Roc0CFOS-gX9zIMf70vLOFqNK3aE2BpqcRDGI5tsTv212VxYP9mzfKoKYXS2ARHZtH9c7Q5Wx4BH_G3fUACoQ.mp4?_nc_cat=101&_nc_oc=Adp2hH54bTcBvv0FvPq8DCgN5LROusyyLKPXeULFdBtm5rGB1CjrtxN2AzdrEokyI-c&_nc_sid=b66105&_nc_ht=video.fblr22-1.fna.fbcdn.net&_nc_ohc=aHAjEnwEJz8Q7kNvwGQidOM&efg=eyJ2ZW5jb2RlX3RhZyI6Inhwdl9wcm9ncmVzc2l2ZS5WSV9VU0VDQVNFX1BST0RVQ1RfVFlQRS4uQzMuNzIwLmRhc2hfaDI2NC1iYXNpYy1nZW4yXzcyMHAiLCJ4cHZfYXNzZXRfaWQiOjEzMjc4ODU2NDI2NDM5MjIsImFzc2V0X2FnZV9kYXlzIjozNiwidmlfdXNlY2FzZV9pZCI6MTAxMzksImR1cmF0aW9uX3MiOjQ2LCJ1cmxnZW5fc291cmNlIjoid3d3In0%3D&ccb=17-1&vs=1bda19167822fcf9&_nc_vs=HBksFQIYRWZiX2VwaGVtZXJhbC9CNjRGMkY4ODUxOUYzNDQwRDE0NkVENzc2NjdFRDNCOF9tdF8xX3ZpZGVvX2Rhc2hpbml0Lm1wNBUAAsgBEgAVAhhAZmJfcGVybWFuZW50LzVBNDJCQTdCMEZEMUYxQTY3RTg5RTQxMzYwQTZCRjk4X2F1ZGlvX2Rhc2hpbml0Lm1wNBUCAsgBEgAoABgAGwKIB3VzZV9vaWwBMRJwcm9ncmVzc2l2ZV9yZWNpcGUBMRUAACak58GAj-3bBBUCKAJDMywXQEcVP3ztkWgYGWRhc2hfaDI2NC1iYXNpYy1nZW4yXzcyMHARAHUAZbaeAQA&_nc_gid=sysZo4XBQPmqNqBc_ORR-Q&_nc_ss=7f289&_nc_zt=28&oh=00_AQDY3wWK6JPe4CwRGt_i7om9bDBeFYS4OZhOSoa1TDImrw&oe=6A68DE8B,https://scontent.fblr22-1.fna.fbcdn.net/v/t39.35426-6/738927253_1071766928829781_1026799190065604207_n.jpg?_nc_cat=102&ccb=1-7&_nc_sid=c53f8f&_nc_ohc=MM0PwAoHfjgQ7kNvwFMtb5N&_nc_oc=AdqirN1Uiuyrpoeu2SHINGHPPqw_jreky48CMP6l1Fn0q869d4czoQIdhJhVuCCsZuo&_nc_zt=14&_nc_ht=scontent.fblr22-1.fna&_nc_gid=sysZo4XBQPmqNqBc_ORR-Q&_nc_ss=7f289&oh=00_AQDL23tmJPZCAWlDeW9u_lMViiYrBeOeHDZJgAiVh1wuPw&oe=6A68DDA5,2026-07-28T16:53:31.000Z,2026-07-24
18,16,Lingo AI,599204246602758,Lingo AI,,IN,2536056390190075,https://www.facebook.com/ads/library/?id=2536056390190075,2026-07-16,,false,false,1,0,,2026-07-16,,"📘 Learn English easily with simple lessons 
😊 Build confidence with everyday speaking practice 
👉 Download now",👉 Download now,Download,https://speaklearnfrenchlingoai.onelink.me/Y67n?pid=metaweb_int&c={{campaign.name}}&af_c_id={{campaign.id}}&af_adset={{adset.name}}&af_adset_id={{adset.id}}&af_ad={{ad.name}}&af_ad_id={{ad.id}}&af_siteid={{site_source_name}},"Facebook,Instagram,Audience Network,Messenger,Threads","📘 Learn English easily with simple lessons 
😊 Build confidence with everyday speaking practice 
👉 Download now",👉 Download now,Download,https://speaklearnfrenchlingoai.onelink.me/Y67n?pid=metaweb_int&c={{campaign.name}}&af_c_id={{campaign.id}}&af_adset={{adset.name}}&af_adset_id={{adset.id}}&af_ad={{ad.name}}&af_ad_id={{ad.id}}&af_siteid={{site_source_name}},Video,"Facebook,Instagram,Audience Network,Messenger,Threads",1,0,9:16,https://video.fblr22-1.fna.fbcdn.net/o1/v/t2/f2/m366/AQMOxZX009XO14_C8A_tirP2ZqniZrzlIZ0TQkAHQlw0imTTGR5ZpqIz80QzGFwSzChfekueyOoStEUgxq9Y7tcb9AQQHAWLN0iiurAVlth6tQ.mp4?_nc_cat=101&_nc_oc=AdoNV6ZBEA9giaA5erfCTxe2I_ciw18SrkRNV7dnmIO3FPUEpoojAwH8D1S41DYEYO0&_nc_sid=b66105&_nc_ht=video.fblr22-1.fna.fbcdn.net&_nc_ohc=dMs7l9YOpVgQ7kNvwF0k0EC&efg=eyJ2ZW5jb2RlX3RhZyI6Inhwdl9wcm9ncmVzc2l2ZS5WSV9VU0VDQVNFX1BST0RVQ1RfVFlQRS4uQzMuNzIwLmRhc2hfaDI2NC1iYXNpYy1nZW4yXzcyMHAiLCJ4cHZfYXNzZXRfaWQiOjE3MjQ4OTc2MjE4NzU3NDAsImFzc2V0X2FnZV9kYXlzIjo2LCJ2aV91c2VjYXNlX2lkIjoxMDEzOSwiZHVyYXRpb25fcyI6NDgsInVybGdlbl9zb3VyY2UiOiJ3d3cifQ%3D%3D&ccb=17-1&vs=d281c76c5f28f5cb&_nc_vs=HBksFQIYRWZiX2VwaGVtZXJhbC9EMzQ2RjkxODk4NEJEQzJGMkQ0RTgxNUQ5QzE2OTE5Nl9tdF8xX3ZpZGVvX2Rhc2hpbml0Lm1wNBUAAsgBEgAVAhhAZmJfcGVybWFuZW50LzE3NEI3NzdGMjRCMEM3MzAyNTlDOTE4MDVCNkJGRTg1X2F1ZGlvX2Rhc2hpbml0Lm1wNBUCAsgBEgAoABgAGwKIB3VzZV9vaWwBMRJwcm9ncmVzc2l2ZV9yZWNpcGUBMRUAACa48LTgoLKQBhUCKAJDMywXQEhIcrAgxJwYGWRhc2hfaDI2NC1iYXNpYy1nZW4yXzcyMHARAHUAZbaeAQA&_nc_gid=sysZo4XBQPmqNqBc_ORR-Q&_nc_ss=7f289&_nc_zt=28&oh=00_AQDuXSh5RgXwRhSctL1b6SJaNg0-hngo5VhWHMCfCAArNg&oe=6A68D7E3,https://scontent.fblr22-2.fna.fbcdn.net/v/t39.35426-6/751205400_1355243230085188_5380658209017476246_n.jpg?_nc_cat=105&ccb=1-7&_nc_sid=c53f8f&_nc_ohc=Uq3oGmt9MtsQ7kNvwEu2_8o&_nc_oc=AdqnUlLcFnZtgNyEIcZSDFMTPMX0GrLI3cbqCkoOw9NyOt19q-4IXClT016uUPYFR9E&_nc_zt=14&_nc_ht=scontent.fblr22-2.fna&_nc_gid=sysZo4XBQPmqNqBc_ORR-Q&_nc_ss=7f289&oh=00_AQAxwY8Mi6Z6YMfqPDU2ljxAlQqNKmGmLQGxjDuuHtxU5g&oe=6A68E50F,2026-07-28T16:25:07.000Z,2026-07-24
19,17,Lingo AI,599204246602758,Lingo AI,,IN,1368322611672051,https://www.facebook.com/ads/library/?id=1368322611672051,2026-07-14,,false,false,1,0,,2026-07-14,,"🌟 Want to improve your English? 
📱 Learn anytime in just minutes a day 
💬 Build real speaking confidence 
👉 Download now",👉 Download now,Download,https://speaklearnfrenchlingoai.onelink.me/Y67n?pid=metaweb_int&c={{campaign.name}}&af_c_id={{campaign.id}}&af_adset={{adset.name}}&af_adset_id={{adset.id}}&af_ad={{ad.name}}&af_ad_id={{ad.id}}&af_siteid={{site_source_name}},"Facebook,Instagram,Audience Network,Messenger,Threads","🌟 Want to improve your English? 
📱 Learn anytime in just minutes a day 
💬 Build real speaking confidence 
👉 Download now",👉 Download now,Download,https://speaklearnfrenchlingoai.onelink.me/Y67n?pid=metaweb_int&c={{campaign.name}}&af_c_id={{campaign.id}}&af_adset={{adset.name}}&af_adset_id={{adset.id}}&af_ad={{ad.name}}&af_ad_id={{ad.id}}&af_siteid={{site_source_name}},Video,"Facebook,Instagram,Audience Network,Messenger,Threads",1,0,9:16,https://video.fblr22-1.fna.fbcdn.net/o1/v/t2/f2/m366/AQN0TZ_D135kpiY46wlkZZur4AoWEAaKVpBRir-GdulAFTJmdoYjXsR5Af3tRg7vNJczJ2aSgfFdvihOPV3ORKGJyGEb9EeFchPjj_oXWby-9Q.mp4?_nc_cat=104&_nc_oc=AdqynxOrQacD41N1ApB818H1JT77M0ICQ5RiudRVV5XBSOONzlTMoFMc2mRx7ulwKcA&_nc_sid=b66105&_nc_ht=video.fblr22-1.fna.fbcdn.net&_nc_ohc=DVlEbOfbkq0Q7kNvwHy6J9C&efg=eyJ2ZW5jb2RlX3RhZyI6Inhwdl9wcm9ncmVzc2l2ZS5WSV9VU0VDQVNFX1BST0RVQ1RfVFlQRS4uQzMuNzIwLmRhc2hfaDI2NC1iYXNpYy1nZW4yXzcyMHAiLCJ4cHZfYXNzZXRfaWQiOjEwMjYzOTE3NDk5NDEyMzksImFzc2V0X2FnZV9kYXlzIjoxMCwidmlfdXNlY2FzZV9pZCI6MTAxMzksImR1cmF0aW9uX3MiOjMwLCJ1cmxnZW5fc291cmNlIjoid3d3In0%3D&ccb=17-1&vs=757ce694174550e7&_nc_vs=HBksFQIYRWZiX2VwaGVtZXJhbC82NDQ0NjEyMUYzRkU2RTBEOUZBODE5QjA0NjYzM0Q5MF9tdF8xX3ZpZGVvX2Rhc2hpbml0Lm1wNBUAAsgBEgAVAhhAZmJfcGVybWFuZW50LzAxNDI5MTFBNUU1RjAwODVFRkZERUQxODU2QURDNzk2X2F1ZGlvX2Rhc2hpbml0Lm1wNBUCAsgBEgAoABgAGwKIB3VzZV9vaWwBMRJwcm9ncmVzc2l2ZV9yZWNpcGUBMRUAACbu37667t_SAxUCKAJDMywXQD7VP3ztkWgYGWRhc2hfaDI2NC1iYXNpYy1nZW4yXzcyMHARAHUAZbaeAQA&_nc_gid=sysZo4XBQPmqNqBc_ORR-Q&_nc_ss=7f289&_nc_zt=28&oh=00_AQBOzb-gAlKpQAHsk_njgL0-K1T3yoN3rm7INZExHbK5GA&oe=6A68DDFC,https://scontent.fblr22-2.fna.fbcdn.net/v/t39.35426-6/747903884_1552765086295533_2637291481300393830_n.jpg?_nc_cat=110&ccb=1-7&_nc_sid=c53f8f&_nc_ohc=71WJnZ1VilcQ7kNvwEglv44&_nc_oc=AdqtILjIWnhiPsYkf8lPgtBPmbSiGzZs4BEwj2t333FOQctdWdvYnEeeqJSG25IFJ-4&_nc_zt=14&_nc_ht=scontent.fblr22-2.fna&_nc_gid=sysZo4XBQPmqNqBc_ORR-Q&_nc_ss=7f289&oh=00_AQBo381aH1AnOG7gpUWP6VHEwJ1f88-WWgrV0xb2dSBxHw&oe=6A68FD34,2026-07-28T16:51:08.000Z,2026-07-24
20,18,Lingo AI,599204246602758,Lingo AI,,IN,1727809058542919,https://www.facebook.com/ads/library/?id=1727809058542919,2026-07-20,,false,false,1,0,,2026-07-20,,"🌍 Learn real English for everyday life 
🗣 Practice speaking with simple lessons 
⏱ Just 5 minutes a day 
👉 Download now",👉 Download now,Download,https://speaklearnfrenchlingoai.onelink.me/Y67n?pid=metaweb_int&c={{campaign.name}}&af_c_id={{campaign.id}}&af_adset={{adset.name}}&af_adset_id={{adset.id}}&af_ad={{ad.name}}&af_ad_id={{ad.id}}&af_siteid={{site_source_name}},"Facebook,Instagram,Audience Network,Messenger,Threads","🌍 Learn real English for everyday life 
🗣 Practice speaking with simple lessons 
⏱ Just 5 minutes a day 
👉 Download now",👉 Download now,Download,https://speaklearnfrenchlingoai.onelink.me/Y67n?pid=metaweb_int&c={{campaign.name}}&af_c_id={{campaign.id}}&af_adset={{adset.name}}&af_adset_id={{adset.id}}&af_ad={{ad.name}}&af_ad_id={{ad.id}}&af_siteid={{site_source_name}},Video,"Facebook,Instagram,Audience Network,Messenger,Threads",1,0,9:16,https://video.fblr22-2.fna.fbcdn.net/o1/v/t2/f2/m366/AQMJUnKNnbxktfWOnmIHFqUr1fUlohivdyO3SRld98aYuVYCjii9gfoYau7bcTGN5lCAPuEsWD_VmwZR5ecZpRYGlXWKYi4cJYS3y0MB38VyVw.mp4?_nc_cat=100&_nc_oc=AdrC9CKcRUaq93OCsbZNW-cU58t_nmpiLbJuEfRKWkFfyyd8NySsctKlSD30TCvvUOg&_nc_sid=b66105&_nc_ht=video.fblr22-2.fna.fbcdn.net&_nc_ohc=iYz_j01K-ekQ7kNvwGrx5Gb&efg=eyJ2ZW5jb2RlX3RhZyI6Inhwdl9wcm9ncmVzc2l2ZS5WSV9VU0VDQVNFX1BST0RVQ1RfVFlQRS4uQzMuNzIwLmRhc2hfaDI2NC1iYXNpYy1nZW4yXzcyMHAiLCJ4cHZfYXNzZXRfaWQiOjE1NDAwNTU0MjQyNzM3NDIsImFzc2V0X2FnZV9kYXlzIjoxNywidmlfdXNlY2FzZV9pZCI6MTAxMzksImR1cmF0aW9uX3MiOjM4LCJ1cmxnZW5fc291cmNlIjoid3d3In0%3D&ccb=17-1&vs=d2d7dc4417e85d60&_nc_vs=HBksFQIYRWZiX2VwaGVtZXJhbC84NjQ3MDczQjExMjYwODM5MDVCNkQ1QjBEOEQxRkQ5Ml9tdF8xX3ZpZGVvX2Rhc2hpbml0Lm1wNBUAAsgBEgAVAhhAZmJfcGVybWFuZW50LzM2NEI5ODNEOTExQUEwNDdGMTIzNjJBQURBOTUyM0I4X2F1ZGlvX2Rhc2hpbml0Lm1wNBUCAsgBEgAoABgAGwKIB3VzZV9vaWwBMRJwcm9ncmVzc2l2ZV9yZWNpcGUBMRUAACactfyHg6u8BRUCKAJDMywXQENMzMzMzM0YGWRhc2hfaDI2NC1iYXNpYy1nZW4yXzcyMHARAHUAZbaeAQA&_nc_gid=sysZo4XBQPmqNqBc_ORR-Q&_nc_ss=7f289&_nc_zt=28&oh=00_AQBvsYRdnjR-bWuPS3IJkYZZzb2ccVyUCRwd0U9bWGZJZA&oe=6A68EA94,https://scontent.fblr22-2.fna.fbcdn.net/v/t39.35426-6/751563258_37137013379280635_1876476583855467685_n.jpg?_nc_cat=107&ccb=1-7&_nc_sid=c53f8f&_nc_ohc=Ah2bEmFdxt8Q7kNvwEIrTC9&_nc_oc=AdpSrCTZsf9HLrwGINOR-cB_YdgDBC6eOHYAd6XI5TnGvUfe7uv7qLXce94vsFUhfls&_nc_zt=14&_nc_ht=scontent.fblr22-2.fna&_nc_gid=sysZo4XBQPmqNqBc_ORR-Q&_nc_ss=7f289&oh=00_AQDlIlfzR0T275bEqFpzEVd-1RZrjkSEjgh1gXtcJSFuxQ&oe=6A69020E,2026-07-28T17:44:52.000Z,2026-07-24
21,19,Lingo AI,599204246602758,Lingo AI,,IN,2221848241692614,https://www.facebook.com/ads/library/?id=2221848241692614,2026-07-12,,false,true,2,0,2221848241692614,2026-07-12,,"🌟 Want to improve your English?
📱 Learn anytime in just minutes a day
💬 Build real speaking confidence",👉 Download now,Install now,http://itunes.apple.com/app/id6740255326,"Facebook,Instagram,Audience Network,Messenger,Threads","🌟 Want to improve your English?
📱 Learn anytime in just minutes a day
💬 Build real speaking confidence",👉 Download now,Install now,http://itunes.apple.com/app/id6740255326,Video,"Facebook,Instagram,Audience Network,Messenger,Threads",1,0,9:16,https://video.fblr22-1.fna.fbcdn.net/o1/v/t2/f2/m366/AQNdyjXOg1-KaxbvK-Rr8g7iLuwVVZ5DnPjuDmZ41qSx8uhDlPjeDDzqzOKRL_O3n2G9ZhOJJ0KtB4Xoepf4GsfkkRKlH4CgMz1RqHMFgo-Zgg.mp4?_nc_cat=103&_nc_oc=AdqOCOYH3D0oanEy4e0uolJdTRaz3F5U4yrAiQ8z4lJYZQgxr2Ri4UhLTDTvjwOgtiU&_nc_sid=b66105&_nc_ht=video.fblr22-1.fna.fbcdn.net&_nc_ohc=1wAbe_cLtMoQ7kNvwGh423L&efg=eyJ2ZW5jb2RlX3RhZyI6Inhwdl9wcm9ncmVzc2l2ZS5WSV9VU0VDQVNFX1BST0RVQ1RfVFlQRS4uQzMuNjA4LmRhc2hfaDI2NC1iYXNpYy1nZW4yXzcyMHAiLCJ4cHZfYXNzZXRfaWQiOjE1MDExMjQ4NTgwNTEzMjMsImFzc2V0X2FnZV9kYXlzIjo4MywidmlfdXNlY2FzZV9pZCI6MTAxMzksImR1cmF0aW9uX3MiOjI3LCJ1cmxnZW5fc291cmNlIjoid3d3In0%3D&ccb=17-1&vs=6e4cfd394feb8197&_nc_vs=HBksFQIYRWZiX2VwaGVtZXJhbC85QzREQ0RBNjg4NTQ4QUM0NDgwMzYzMjM1NjQ2NTI4MF9tdF8xX3ZpZGVvX2Rhc2hpbml0Lm1wNBUAAsgBEgAVAhhAZmJfcGVybWFuZW50LzcyNDc2NzIwODVBNDIwREQ4RUExMUFCRkZGNTkxRDhEX2F1ZGlvX2Rhc2hpbml0Lm1wNBUCAsgBEgAoABgAGwKIB3VzZV9vaWwBMRJwcm9ncmVzc2l2ZV9yZWNpcGUBMRUAACb26-ve-9CqBRUCKAJDMywXQDuZmZmZmZoYGWRhc2hfaDI2NC1iYXNpYy1nZW4yXzcyMHARAHUAZbaeAQA&_nc_gid=sysZo4XBQPmqNqBc_ORR-Q&_nc_ss=7f289&_nc_zt=28&oh=00_AQAUEA9cYbUF5ZgKKJ-hxYWgS8KKQY4Vlg9wwdJ6zvtLUQ&oe=6A690891,https://scontent.fblr22-1.fna.fbcdn.net/v/t39.35426-6/745700079_1472636408237597_2147256529734482598_n.jpg?_nc_cat=102&ccb=1-7&_nc_sid=c53f8f&_nc_ohc=nZVFSJBnqdwQ7kNvwG14ZsP&_nc_oc=AdqU1_AyloHaxPT0pSEG5_zJVfPZlcxTEm4VwRB4HL90G73zwT2L1X5-CuXYxmYftSs&_nc_zt=14&_nc_ht=scontent.fblr22-1.fna&_nc_gid=sysZo4XBQPmqNqBc_ORR-Q&_nc_ss=7f289&oh=00_AQCz-f9ZkAN9AGHnmd01R1yKndxmniwP7dVR__eLSa7fNQ&oe=6A68DA60,2026-07-28T19:52:49.000Z,2026-07-24
22,19,Lingo AI,599204246602758,Lingo AI,,IN,2221848241692614,https://www.facebook.com/ads/library/?id=2221848241692614,2026-07-12,,false,true,2,1,4252978928346557,2026-07-01,,"🌟 Want to improve your English?
📱 Learn anytime in just minutes a day
💬 Build real speaking confidence",👉 Download now,Install now,http://itunes.apple.com/app/id6740255326,"Facebook,Instagram,Audience Network,Messenger,Threads","🌟 Want to improve your English?
📱 Learn anytime in just minutes a day
💬 Build real speaking confidence",👉 Download now,Install now,http://itunes.apple.com/app/id6740255326,Video,"Facebook,Instagram,Audience Network,Messenger,Threads",1,0,9:16,https://video.fblr22-1.fna.fbcdn.net/o1/v/t2/f2/m366/AQNdyjXOg1-KaxbvK-Rr8g7iLuwVVZ5DnPjuDmZ41qSx8uhDlPjeDDzqzOKRL_O3n2G9ZhOJJ0KtB4Xoepf4GsfkkRKlH4CgMz1RqHMFgo-Zgg.mp4?_nc_cat=103&_nc_oc=AdqOCOYH3D0oanEy4e0uolJdTRaz3F5U4yrAiQ8z4lJYZQgxr2Ri4UhLTDTvjwOgtiU&_nc_sid=b66105&_nc_ht=video.fblr22-1.fna.fbcdn.net&_nc_ohc=1wAbe_cLtMoQ7kNvwGh423L&efg=eyJ2ZW5jb2RlX3RhZyI6Inhwdl9wcm9ncmVzc2l2ZS5WSV9VU0VDQVNFX1BST0RVQ1RfVFlQRS4uQzMuNjA4LmRhc2hfaDI2NC1iYXNpYy1nZW4yXzcyMHAiLCJ4cHZfYXNzZXRfaWQiOjE1MDExMjQ4NTgwNTEzMjMsImFzc2V0X2FnZV9kYXlzIjo4MywidmlfdXNlY2FzZV9pZCI6MTAxMzksImR1cmF0aW9uX3MiOjI3LCJ1cmxnZW5fc291cmNlIjoid3d3In0%3D&ccb=17-1&vs=6e4cfd394feb8197&_nc_vs=HBksFQIYRWZiX2VwaGVtZXJhbC85QzREQ0RBNjg4NTQ4QUM0NDgwMzYzMjM1NjQ2NTI4MF9tdF8xX3ZpZGVvX2Rhc2hpbml0Lm1wNBUAAsgBEgAVAhhAZmJfcGVybWFuZW50LzcyNDc2NzIwODVBNDIwREQ4RUExMUFCRkZGNTkxRDhEX2F1ZGlvX2Rhc2hpbml0Lm1wNBUCAsgBEgAoABgAGwKIB3VzZV9vaWwBMRJwcm9ncmVzc2l2ZV9yZWNpcGUBMRUAACb26-ve-9CqBRUCKAJDMywXQDuZmZmZmZoYGWRhc2hfaDI2NC1iYXNpYy1nZW4yXzcyMHARAHUAZbaeAQA&_nc_gid=nNU5kpB7zSHM_ps0K-t60A&_nc_ss=7f289&_nc_zt=28&oh=00_AQALc6niGUtSuw19uLNupscr4F-NgY2GzaNGlg1ZYFjFPg&oe=6A690891,https://scontent.fblr22-1.fna.fbcdn.net/v/t39.35426-6/737297514_4590083891312929_4341172881155540138_n.jpg?_nc_cat=109&ccb=1-7&_nc_sid=c53f8f&_nc_ohc=DzmahkcNPFMQ7kNvwEIJhRy&_nc_oc=AdrHLiJyY76c4MAAwEQhwh7C5_rFkFTmkKxFD43uppjjZgwQBuZF_HIn5m_m__DXqi0&_nc_zt=14&_nc_ht=scontent.fblr22-1.fna&_nc_gid=nNU5kpB7zSHM_ps0K-t60A&_nc_ss=7f289&oh=00_AQCyMmTJL-jif-2-ln4T3VhK4bbJYNmc_bquwgffNqXNAg&oe=6A68E8DC,2026-07-28T19:52:49.000Z,2026-07-24
23,20,Lingo AI,599204246602758,Lingo AI,,IN,1089637253920954,https://www.facebook.com/ads/library/?id=1089637253920954,2026-07-20,,false,false,1,0,,2026-07-20,,"🌍 Learn real English for everyday life 
🗣 Practice speaking with simple lessons 
⏱ Just 5 minutes a day 
👉 Download now",👉 Download now,Download,https://speaklearnfrenchlingoai.onelink.me/Y67n?pid=metaweb_int&c={{campaign.name}}&af_c_id={{campaign.id}}&af_adset={{adset.name}}&af_adset_id={{adset.id}}&af_ad={{ad.name}}&af_ad_id={{ad.id}}&af_siteid={{site_source_name}},"Facebook,Instagram,Audience Network,Messenger,Threads","🌍 Learn real English for everyday life 
🗣 Practice speaking with simple lessons 
⏱ Just 5 minutes a day 
👉 Download now",👉 Download now,Download,https://speaklearnfrenchlingoai.onelink.me/Y67n?pid=metaweb_int&c={{campaign.name}}&af_c_id={{campaign.id}}&af_adset={{adset.name}}&af_adset_id={{adset.id}}&af_ad={{ad.name}}&af_ad_id={{ad.id}}&af_siteid={{site_source_name}},Video,"Facebook,Instagram,Audience Network,Messenger,Threads",1,0,9:16,https://video.fblr22-2.fna.fbcdn.net/o1/v/t2/f2/m366/AQPLYkbLEQxfdJyIGNKdEWdnlAZGdkIyffyNbxJ8A0WV7McbGT6e3kU6wUPgoQSIWXvm9vXdyWflAgU4nfLh5qMAmpRQPRFqd0uftdanuj22ng.mp4?_nc_cat=107&_nc_oc=AdrQpRqWH0TJb8LX6VumA-wHuwbUFx-lxs54kfq6-6GzRXDZHWu8vii1tm_EjEoxPtg&_nc_sid=b66105&_nc_ht=video.fblr22-2.fna.fbcdn.net&_nc_ohc=zhUozIhDcCEQ7kNvwEhHIIS&efg=eyJ2ZW5jb2RlX3RhZyI6Inhwdl9wcm9ncmVzc2l2ZS5WSV9VU0VDQVNFX1BST0RVQ1RfVFlQRS4uQzMuNjA4LmRhc2hfaDI2NC1iYXNpYy1nZW4yXzcyMHAiLCJ4cHZfYXNzZXRfaWQiOjI0ODkwOTQ0MjgyMDQ4NzgsImFzc2V0X2FnZV9kYXlzIjoxNywidmlfdXNlY2FzZV9pZCI6MTAxMzksImR1cmF0aW9uX3MiOjYwLCJ1cmxnZW5fc291cmNlIjoid3d3In0%3D&ccb=17-1&vs=92f26a55fc29712&_nc_vs=HBksFQIYRWZiX2VwaGVtZXJhbC8xQTQ3M0VEOTU0NUM1RDI3MEEyN0M0OTY2MkQ3QUM5NF9tdF8xX3ZpZGVvX2Rhc2hpbml0Lm1wNBUAAsgBEgAVAhhAZmJfcGVybWFuZW50LzcwNDNCQTYwMTc5QkMxNDAzNUEyRjhCNTY3MkU0OUI0X2F1ZGlvX2Rhc2hpbml0Lm1wNBUCAsgBEgAoABgAGwKIB3VzZV9vaWwBMRJwcm9ncmVzc2l2ZV9yZWNpcGUBMRUAACac_aTTrvTrCBUCKAJDMywXQE4AAAAAAAAYGWRhc2hfaDI2NC1iYXNpYy1nZW4yXzcyMHARAHUAZbaeAQA&_nc_gid=sysZo4XBQPmqNqBc_ORR-Q&_nc_ss=7f289&_nc_zt=28&oh=00_AQA3TiyZQ36iKjk6wCmIJLlC5Kf0roec8H2iJPlzr7bc1Q&oe=6A690775,https://scontent.fblr22-2.fna.fbcdn.net/v/t39.35426-6/750585936_1038956252221802_7739510151121088300_n.jpg?_nc_cat=107&ccb=1-7&_nc_sid=c53f8f&_nc_ohc=AScPYHqhiyQQ7kNvwEl6H_v&_nc_oc=AdpJhrOG8vRDITIQc6CRynpqGG-ZrISQmtCk0XWhX13Bl3qLcbDvWq6AmKLvF9Vdd-c&_nc_zt=14&_nc_ht=scontent.fblr22-2.fna&_nc_gid=sysZo4XBQPmqNqBc_ORR-Q&_nc_ss=7f289&oh=00_AQA5JwXIJi96JTCvUpP7MO-LCHBUO0CFkTmxfbwJ7cYQVg&oe=6A68FD2B,2026-07-28T19:48:05.000Z,2026-07-24
24,21,Lingo AI,599204246602758,Lingo AI,,IN,1357195453056140,https://www.facebook.com/ads/library/?id=1357195453056140,2026-07-20,,false,false,1,0,,2026-07-20,,"📘 Learn English easily with simple lessons 
😊 Build confidence with everyday speaking practice 
👉 Download now",👉 Download now,Download,https://speaklearnfrenchlingoai.onelink.me/Y67n?pid=metaweb_int&c={{campaign.name}}&af_c_id={{campaign.id}}&af_adset={{adset.name}}&af_adset_id={{adset.id}}&af_ad={{ad.name}}&af_ad_id={{ad.id}}&af_siteid={{site_source_name}},"Facebook,Instagram,Audience Network,Messenger,Threads","📘 Learn English easily with simple lessons 
😊 Build confidence with everyday speaking practice 
👉 Download now",👉 Download now,Download,https://speaklearnfrenchlingoai.onelink.me/Y67n?pid=metaweb_int&c={{campaign.name}}&af_c_id={{campaign.id}}&af_adset={{adset.name}}&af_adset_id={{adset.id}}&af_ad={{ad.name}}&af_ad_id={{ad.id}}&af_siteid={{site_source_name}},Video,"Facebook,Instagram,Audience Network,Messenger,Threads",1,0,9:16,https://video.fblr22-2.fna.fbcdn.net/o1/v/t2/f2/m366/AQNxyGxaA0Rxgjy1kPto_z-RiQdKMKSJ3NWLaLI9ZHKfWEVfkxeL6oqkbC6KjDFh16vhwFV8PvxsAaxHhbB36kEYkiR0OHBWPkpohsjh_J_Ggw.mp4?_nc_cat=105&_nc_oc=AdqwRh9LinbGXtwRYAwD9g0kUz1VHltdR5r8iIF0OF6vsvi9GiZdoPVVb--IcVGfPCo&_nc_sid=b66105&_nc_ht=video.fblr22-2.fna.fbcdn.net&_nc_ohc=3uDxVS60fygQ7kNvwE6PG45&efg=eyJ2ZW5jb2RlX3RhZyI6Inhwdl9wcm9ncmVzc2l2ZS5WSV9VU0VDQVNFX1BST0RVQ1RfVFlQRS4uQzMuNzIwLmRhc2hfaDI2NC1iYXNpYy1nZW4yXzcyMHAiLCJ4cHZfYXNzZXRfaWQiOjE2NTg2MjQ4Mjg1NjEyMzIsImFzc2V0X2FnZV9kYXlzIjoyLCJ2aV91c2VjYXNlX2lkIjoxMDEzOSwiZHVyYXRpb25fcyI6NzksInVybGdlbl9zb3VyY2UiOiJ3d3cifQ%3D%3D&ccb=17-1&vs=d534a23f1a6e5c8f&_nc_vs=HBksFQIYRWZiX2VwaGVtZXJhbC85QTQwNEJGOEE4N0NBRTE2RTE2MkRBQzdDQzMwMzk5Rl9tdF8xX3ZpZGVvX2Rhc2hpbml0Lm1wNBUAAsgBEgAVAhhAZmJfcGVybWFuZW50L0M3NEQ3RDU2M0YwOEJGOTgzRDFCMEY1MjRGQzBBREJBX2F1ZGlvX2Rhc2hpbml0Lm1wNBUCAsgBEgAoABgAGwKIB3VzZV9vaWwBMRJwcm9ncmVzc2l2ZV9yZWNpcGUBMRUAACag3cb71aDyBRUCKAJDMywXQFP7tkWhysEYGWRhc2hfaDI2NC1iYXNpYy1nZW4yXzcyMHARAHUAZbaeAQA&_nc_gid=sysZo4XBQPmqNqBc_ORR-Q&_nc_ss=7f289&_nc_zt=28&oh=00_AQCWV1bQfOOB13QtBVntK1dEAMmVF9gzbS0djqYX8HAw9Q&oe=6A690657,https://scontent.fblr22-2.fna.fbcdn.net/v/t39.35426-6/752642841_1760317318482463_5068307729839620038_n.jpg?_nc_cat=100&ccb=1-7&_nc_sid=c53f8f&_nc_ohc=F0xdSwTuezkQ7kNvwHgA_7T&_nc_oc=Adq36-omVDtHeqkAd7y2JczqYdXjUOs6AZWcFazLjhrIJ0qMpUVbotcma-a7JRG1yn4&_nc_zt=14&_nc_ht=scontent.fblr22-2.fna&_nc_gid=sysZo4XBQPmqNqBc_ORR-Q&_nc_ss=7f289&oh=00_AQCmrWZLw-i_mSUNxAGw8sP-sSZcrA7j7ZnfWBmegcZbQw&oe=6A68EF20,2026-07-28T19:43:19.000Z,2026-07-24
25,22,Lingo AI,599204246602758,Lingo AI,,IN,1402910178342547,https://www.facebook.com/ads/library/?id=1402910178342547,2026-06-17,,false,false,1,0,,2026-06-17,,"📘 Learn English easily with simple lessons 
😊 Build confidence with everyday speaking practice 
👉 Download now",👉 Download now,Download,https://speaklearnfrenchlingoai.onelink.me/Y67n?pid=metaweb_int&c={{campaign.name}}&af_c_id={{campaign.id}}&af_adset={{adset.name}}&af_adset_id={{adset.id}}&af_ad={{ad.name}}&af_ad_id={{ad.id}}&af_siteid={{site_source_name}},"Facebook,Instagram,Audience Network,Messenger,Threads","📘 Learn English easily with simple lessons 
😊 Build confidence with everyday speaking practice 
👉 Download now",👉 Download now,Download,https://speaklearnfrenchlingoai.onelink.me/Y67n?pid=metaweb_int&c={{campaign.name}}&af_c_id={{campaign.id}}&af_adset={{adset.name}}&af_adset_id={{adset.id}}&af_ad={{ad.name}}&af_ad_id={{ad.id}}&af_siteid={{site_source_name}},Video,"Facebook,Instagram,Audience Network,Messenger,Threads",1,0,9:16,https://video.fblr22-1.fna.fbcdn.net/o1/v/t2/f2/m366/AQOGZ7HlTCExMT4p4fkegplXKJPa93JmP4EzpFORhKhBnYwvWvvMHS-B-g5Edb1ayCt_dl3iQX1jy-gwLKiuOmD6YYni-Dq8EB-YiaPtkalhtg.mp4?_nc_cat=108&_nc_oc=AdrsF5p7wTEsgAenLXjrdIvNoQhPK1uoJAFAa6h68qcqRE9WGjwuQQKAcyNa6qB_SOg&_nc_sid=b66105&_nc_ht=video.fblr22-1.fna.fbcdn.net&_nc_ohc=KcIv9cgd6_UQ7kNvwF_mxAW&efg=eyJ2ZW5jb2RlX3RhZyI6Inhwdl9wcm9ncmVzc2l2ZS5WSV9VU0VDQVNFX1BST0RVQ1RfVFlQRS4uQzMuNjA4LmRhc2hfaDI2NC1iYXNpYy1nZW4yXzcyMHAiLCJ4cHZfYXNzZXRfaWQiOjI3MzU5NjkzMzg2OTU3MDk2LCJhc3NldF9hZ2VfZGF5cyI6NzUsInZpX3VzZWNhc2VfaWQiOjEwMTM5LCJkdXJhdGlvbl9zIjozNSwidXJsZ2VuX3NvdXJjZSI6Ind3dyJ9&ccb=17-1&vs=9ac3db04755f7e06&_nc_vs=HBksFQIYRWZiX2VwaGVtZXJhbC9BNDRGRDg0QjJFNEVGQ0Q0ODZCRTBERkMwNjEwQzg5OV9tdF8xX3ZpZGVvX2Rhc2hpbml0Lm1wNBUAAsgBEgAVAhhAZmJfcGVybWFuZW50L0I0NEY1QTZDMTU3NjgwNDZFQUQwQTE3NkMwN0MzRThEX2F1ZGlvX2Rhc2hpbml0Lm1wNBUCAsgBEgAoABgAGwKIB3VzZV9vaWwBMRJwcm9ncmVzc2l2ZV9yZWNpcGUBMRUAACbQhPLX4N-ZYRUCKAJDMywXQEHiDEm6XjUYGWRhc2hfaDI2NC1iYXNpYy1nZW4yXzcyMHARAHUAZbaeAQA&_nc_gid=sysZo4XBQPmqNqBc_ORR-Q&_nc_ss=7f289&_nc_zt=28&oh=00_AQBp9-Ixt2MkvCHwkmZ6dT86MsfX7vXANgGaIFzD0xHmqg&oe=6A68F380,https://scontent.fblr22-1.fna.fbcdn.net/v/t39.35426-6/722769300_1415827243687534_7508022076345773465_n.jpg?_nc_cat=101&ccb=1-7&_nc_sid=c53f8f&_nc_ohc=J3fuAWxmOH8Q7kNvwF3bXXp&_nc_oc=AdpZOolFjR_va-Yb0EqWtgTnWNRuedMB5zIhtNqkTDfYs2agUgJiRVcusMOnizwj5gM&_nc_zt=14&_nc_ht=scontent.fblr22-1.fna&_nc_gid=sysZo4XBQPmqNqBc_ORR-Q&_nc_ss=7f289&oh=00_AQBgTQWXMF35hAwAYBEnFDFHqvmlJkfP7pvsTV7Z7GPs9Q&oe=6A68F35B,2026-07-28T18:22:56.000Z,2026-07-24
26,23,Lingo AI,599204246602758,Lingo AI,,IN,2223760955053163,https://www.facebook.com/ads/library/?id=2223760955053163,2026-06-17,,false,false,1,0,,2026-06-17,,"📘 Learn English easily with simple lessons 
😊 Build confidence with everyday speaking practice 
👉 Download now",👉 Download now,Download,https://speaklearnfrenchlingoai.onelink.me/Y67n?pid=metaweb_int&c={{campaign.name}}&af_c_id={{campaign.id}}&af_adset={{adset.name}}&af_adset_id={{adset.id}}&af_ad={{ad.name}}&af_ad_id={{ad.id}}&af_siteid={{site_source_name}},"Facebook,Instagram,Audience Network,Messenger,Threads","📘 Learn English easily with simple lessons 
😊 Build confidence with everyday speaking practice 
👉 Download now",👉 Download now,Download,https://speaklearnfrenchlingoai.onelink.me/Y67n?pid=metaweb_int&c={{campaign.name}}&af_c_id={{campaign.id}}&af_adset={{adset.name}}&af_adset_id={{adset.id}}&af_ad={{ad.name}}&af_ad_id={{ad.id}}&af_siteid={{site_source_name}},Video,"Facebook,Instagram,Audience Network,Messenger,Threads",1,0,9:16,https://video.fblr22-1.fna.fbcdn.net/o1/v/t2/f2/m366/AQPqUtqUQpaumtBUhzDRaifg40-sTEUV6lvCnh61EaATCyKC596BKisAdOvNveAZpz6E981E2rUkJvcHpn6rS5_KD93Gqj3KmShV3rI2X5qFjg.mp4?_nc_cat=102&_nc_oc=AdqFZaS-tT9M4_mrssreM6uTvMG3_awZwkCsTlBuioUppYHnEL4ZlNCE0m4T0VaQWP0&_nc_sid=b66105&_nc_ht=video.fblr22-1.fna.fbcdn.net&_nc_ohc=q27539R1xZQQ7kNvwF_c7r7&efg=eyJ2ZW5jb2RlX3RhZyI6Inhwdl9wcm9ncmVzc2l2ZS5WSV9VU0VDQVNFX1BST0RVQ1RfVFlQRS4uQzMuNjA4LmRhc2hfaDI2NC1iYXNpYy1nZW4yXzcyMHAiLCJ4cHZfYXNzZXRfaWQiOjEzMTUyODE4NTM4OTY0ODUsImFzc2V0X2FnZV9kYXlzIjo2NiwidmlfdXNlY2FzZV9pZCI6MTAxMzksImR1cmF0aW9uX3MiOjM1LCJ1cmxnZW5fc291cmNlIjoid3d3In0%3D&ccb=17-1&vs=68b9c3c7ac514fee&_nc_vs=HBksFQIYRWZiX2VwaGVtZXJhbC9CNjQ2RjI2NzIyOTUxN0MzMEU2MzcyNkZGRENDQUE4Nl9tdF8xX3ZpZGVvX2Rhc2hpbml0Lm1wNBUAAsgBEgAVAhhAZmJfcGVybWFuZW50Lzg3NEI3QjkxMERFRUI3MkE2RkZEMUVCREU4Qzg4Mzk0X2F1ZGlvX2Rhc2hpbml0Lm1wNBUCAsgBEgAoABgAGwKIB3VzZV9vaWwBMRJwcm9ncmVzc2l2ZV9yZWNpcGUBMRUAACbK3PK6vY_WBBUCKAJDMywXQEGIcrAgxJwYGWRhc2hfaDI2NC1iYXNpYy1nZW4yXzcyMHARAHUAZbaeAQA&_nc_gid=sysZo4XBQPmqNqBc_ORR-Q&_nc_ss=7f289&_nc_zt=28&oh=00_AQAKWwDG7FOUwKLmxlB-L8DJSwP2DSjUByGpgc2P_7--MQ&oe=6A68DF62,https://scontent.fblr22-1.fna.fbcdn.net/v/t39.35426-6/722132382_876487148214806_1223841805364374710_n.jpg?_nc_cat=109&ccb=1-7&_nc_sid=c53f8f&_nc_ohc=m11u4pK8MNwQ7kNvwE1K-5z&_nc_oc=Adp9AHg7tQQ2NLA4v-66-mbyEF5la4bhEcZ-WiOPeMYrOzuaHetILztHtxqnrUWvC1k&_nc_zt=14&_nc_ht=scontent.fblr22-1.fna&_nc_gid=sysZo4XBQPmqNqBc_ORR-Q&_nc_ss=7f289&oh=00_AQApJkDwbGKhR7KLRt5a8flAserLgAY6eeAaGrUdrFTzqg&oe=6A68E18B,2026-07-28T16:57:06.000Z,2026-07-24
27,24,Lingo AI,599204246602758,Lingo AI,,IN,3756433574499373,https://www.facebook.com/ads/library/?id=3756433574499373,2026-07-16,,false,false,1,0,,2026-07-16,,"📘 Learn English easily with simple lessons 
😊 Build confidence with everyday speaking practice 
👉 Download now",👉 Download now,Download,https://speaklearnfrenchlingoai.onelink.me/Y67n?pid=metaweb_int&c={{campaign.name}}&af_c_id={{campaign.id}}&af_adset={{adset.name}}&af_adset_id={{adset.id}}&af_ad={{ad.name}}&af_ad_id={{ad.id}}&af_siteid={{site_source_name}},"Facebook,Instagram,Audience Network,Messenger,Threads","📘 Learn English easily with simple lessons 
😊 Build confidence with everyday speaking practice 
👉 Download now",👉 Download now,Download,https://speaklearnfrenchlingoai.onelink.me/Y67n?pid=metaweb_int&c={{campaign.name}}&af_c_id={{campaign.id}}&af_adset={{adset.name}}&af_adset_id={{adset.id}}&af_ad={{ad.name}}&af_ad_id={{ad.id}}&af_siteid={{site_source_name}},Video,"Facebook,Instagram,Audience Network,Messenger,Threads",1,0,9:16,https://video.fblr22-2.fna.fbcdn.net/o1/v/t2/f2/m366/AQPOGkBBgSkEfSvjNakWfhuooWaFUpIaO1G85uDjV3YJ4D3R1yBPeInPCvfuQqfEGdbi7iecGKLww2rwjefPiSdtmq1IzqoHHebChjyjtJGV3w.mp4?_nc_cat=111&_nc_oc=AdpKvgLlrTURsJTYsDHy_7z1iYAXUQt0hGcHuDrN_yycPDwAhxZO10YhhU32OLbFwCY&_nc_sid=b66105&_nc_ht=video.fblr22-2.fna.fbcdn.net&_nc_ohc=axLQYP557Z4Q7kNvwEc9wEg&efg=eyJ2ZW5jb2RlX3RhZyI6Inhwdl9wcm9ncmVzc2l2ZS5WSV9VU0VDQVNFX1BST0RVQ1RfVFlQRS4uQzMuNzIwLmRhc2hfaDI2NC1iYXNpYy1nZW4yXzcyMHAiLCJ4cHZfYXNzZXRfaWQiOjMwMzYwNTY3OTMyNjUyMTYsImFzc2V0X2FnZV9kYXlzIjoxMywidmlfdXNlY2FzZV9pZCI6MTAxMzksImR1cmF0aW9uX3MiOjM1LCJ1cmxnZW5fc291cmNlIjoid3d3In0%3D&ccb=17-1&vs=c7976167a240f9ee&_nc_vs=HBksFQIYRWZiX2VwaGVtZXJhbC8zODQzMDUzN0REMTZEQTlDRUZEMTA0QkVDOTREN0JCRF9tdF8xX3ZpZGVvX2Rhc2hpbml0Lm1wNBUAAsgBEgAVAhhAZmJfcGVybWFuZW50LzJFNDkwNEM4OEUzNDE0MjE5RTNEOTU3QjcwRDQ1QTk1X2F1ZGlvX2Rhc2hpbml0Lm1wNBUCAsgBEgAoABgAGwKIB3VzZV9vaWwBMRJwcm9ncmVzc2l2ZV9yZWNpcGUBMRUAACaA0fHq4dHkChUCKAJDMywXQEGIcrAgxJwYGWRhc2hfaDI2NC1iYXNpYy1nZW4yXzcyMHARAHUAZbaeAQA&_nc_gid=sysZo4XBQPmqNqBc_ORR-Q&_nc_ss=7f289&_nc_zt=28&oh=00_AQAFwSjG-os1ed2oiqbDsbd03lBCOEUoJYg0GVQ6lwYCpA&oe=6A68E2C9,https://scontent.fblr22-2.fna.fbcdn.net/v/t39.35426-6/744169903_1022660300348723_1006157676710796994_n.jpg?_nc_cat=110&ccb=1-7&_nc_sid=c53f8f&_nc_ohc=ZQQ8dJUBYkgQ7kNvwH7ans8&_nc_oc=AdohzeOwdO8LsBS98sGmIjjahGBR3RlbsceHlTLCBL2U6oJL74W-L24Y9m0bJPAVneY&_nc_zt=14&_nc_ht=scontent.fblr22-2.fna&_nc_gid=sysZo4XBQPmqNqBc_ORR-Q&_nc_ss=7f289&oh=00_AQDv9VdHli-pFPYhSalGQZ05jPH2wGP0w6lgE-YIv14plw&oe=6A68EFE5,2026-07-28T17:11:37.000Z,2026-07-24
28,25,Lingo AI,599204246602758,Lingo AI,,IN,1049522830756864,https://www.facebook.com/ads/library/?id=1049522830756864,2026-07-17,,false,false,1,0,,2026-07-17,,"📘 Learn English easily with simple lessons 
😊 Build confidence with everyday speaking practice 
👉 Download now",👉 Download now,Download,http://itunes.apple.com/app/id6740255326,"Facebook,Instagram,Audience Network,Messenger,Threads","📘 Learn English easily with simple lessons 
😊 Build confidence with everyday speaking practice 
👉 Download now",👉 Download now,Download,http://itunes.apple.com/app/id6740255326,Video,"Facebook,Instagram,Audience Network,Messenger,Threads",1,0,9:16,https://video.fblr22-2.fna.fbcdn.net/o1/v/t2/f2/m366/AQOS95i5gIvYiVaFlr71gj9kc2dHtpyoUgevwEmKBqCAZgX6LRu0fRjwHsDg7sNLxaIdJ6RONiZy1grYMtQDNjK3um2U29RUh99PgaoZWctyYQ.mp4?_nc_cat=105&_nc_oc=AdqiK-LPhRF0gWuqNU80j53LxYKX033LEzCyKSjlOeNrdJu6uhdQs-BODf4yrXAS3p8&_nc_sid=b66105&_nc_ht=video.fblr22-2.fna.fbcdn.net&_nc_ohc=1lStw7bAih0Q7kNvwECAujS&efg=eyJ2ZW5jb2RlX3RhZyI6Inhwdl9wcm9ncmVzc2l2ZS5WSV9VU0VDQVNFX1BST0RVQ1RfVFlQRS4uQzMuNjA4LmRhc2hfaDI2NC1iYXNpYy1nZW4yXzcyMHAiLCJ4cHZfYXNzZXRfaWQiOjE3MTE1OTg0MjY4MjM0MDUsImFzc2V0X2FnZV9kYXlzIjo1LCJ2aV91c2VjYXNlX2lkIjoxMDEzOSwiZHVyYXRpb25fcyI6MjcsInVybGdlbl9zb3VyY2UiOiJ3d3cifQ%3D%3D&ccb=17-1&vs=3f759f5283323f7e&_nc_vs=HBksFQIYRWZiX2VwaGVtZXJhbC8zNDQ1NDM4MjZEMUY5QjcwRDNEQ0FDNzNCNTNDMjE4Ml9tdF8xX3ZpZGVvX2Rhc2hpbml0Lm1wNBUAAsgBEgAVAhhAZmJfcGVybWFuZW50LzM2NDVBOEQ1MTUxOTM3MDE2N0M1NTFDNDVGMzg0RTg5X2F1ZGlvX2Rhc2hpbml0Lm1wNBUCAsgBEgAoABgAGwKIB3VzZV9vaWwBMRJwcm9ncmVzc2l2ZV9yZWNpcGUBMRUAACba69SDkqyKBhUCKAJDMywXQDuIcrAgxJwYGWRhc2hfaDI2NC1iYXNpYy1nZW4yXzcyMHARAHUAZbaeAQA&_nc_gid=sysZo4XBQPmqNqBc_ORR-Q&_nc_ss=7f289&_nc_zt=28&oh=00_AQDk2Byo7-AH0NtAAqxBqwS0U89Xpss41r-vxxVRgT7GAQ&oe=6A68DC03,https://scontent.fblr22-2.fna.fbcdn.net/v/t39.35426-6/748133919_1576851623820953_4029394932382057292_n.jpg?_nc_cat=107&ccb=1-7&_nc_sid=c53f8f&_nc_ohc=kNDYPsQ1ePkQ7kNvwHuIqtC&_nc_oc=AdpYkh47riP_gkCh-mUDHUCkbLKgplHPtJwgP5--tD7BClVe39V9TyBg9528KCiuFqc&_nc_zt=14&_nc_ht=scontent.fblr22-2.fna&_nc_gid=sysZo4XBQPmqNqBc_ORR-Q&_nc_ss=7f289&oh=00_AQCjmUbz6JRMvSNrJqSWShcZUnQr53RYdnPoFF2DvTyfoQ&oe=6A68D803,2026-07-28T16:42:43.000Z,2026-07-24
29,26,Lingo AI,599204246602758,Lingo AI,,IN,27558293853823452,https://www.facebook.com/ads/library/?id=27558293853823452,2026-07-18,,false,false,1,0,,2026-07-18,,"🌟 Want to improve your English? 
📱 Learn anytime in just minutes a day 💬 Build real speaking confidence 
👉 Download now",👉 Download now,Download,http://itunes.apple.com/app/id6740255326,"Facebook,Instagram,Audience Network,Messenger,Threads","🌟 Want to improve your English? 
📱 Learn anytime in just minutes a day 💬 Build real speaking confidence 
👉 Download now",👉 Download now,Download,http://itunes.apple.com/app/id6740255326,Video,"Facebook,Instagram,Audience Network,Messenger,Threads",1,0,9:16,https://video.fblr22-2.fna.fbcdn.net/o1/v/t2/f2/m366/AQOei6QHxFChkcaLnj2BperySiiIaACMiOS_QpAKX4NdNOLG8boo8cFfKhy-rb8Jn9z3bvs66l6nOZCJnK5l9e9htY4AYL5GjpdpFV_Bk8g5JQ.mp4?_nc_cat=111&_nc_oc=Adr9DUDun6p_6ynyFlB6_DCxwMEsGOJTJKIOjYLcHFkt1p4XYAOF9sscSAIsvJM-jgs&_nc_sid=b66105&_nc_ht=video.fblr22-2.fna.fbcdn.net&_nc_ohc=nferw4_EEWYQ7kNvwFQypQo&efg=eyJ2ZW5jb2RlX3RhZyI6Inhwdl9wcm9ncmVzc2l2ZS5WSV9VU0VDQVNFX1BST0RVQ1RfVFlQRS4uQzMuNzIwLmRhc2hfaDI2NC1iYXNpYy1nZW4yXzcyMHAiLCJ4cHZfYXNzZXRfaWQiOjg4NzMyMjI1NDAzNDQwMSwiYXNzZXRfYWdlX2RheXMiOjQsInZpX3VzZWNhc2VfaWQiOjEwMTM5LCJkdXJhdGlvbl9zIjo0OCwidXJsZ2VuX3NvdXJjZSI6Ind3dyJ9&ccb=17-1&vs=82b166a25260744e&_nc_vs=HBksFQIYRWZiX2VwaGVtZXJhbC84MTRGQTFBNEZDOUYzRTVENDlBODQ4NUFDOThBNjk5RV9tdF8xX3ZpZGVvX2Rhc2hpbml0Lm1wNBUAAsgBEgAVAhhAZmJfcGVybWFuZW50L0VFNDdCNkY2REE0QjhGODMyOTlDMjFGQzlCNURDODkxX2F1ZGlvX2Rhc2hpbml0Lm1wNBUCAsgBEgAoABgAGwKIB3VzZV9vaWwBMRJwcm9ncmVzc2l2ZV9yZWNpcGUBMRUAACbCl4b8-cCTAxUCKAJDMywXQEhIcrAgxJwYGWRhc2hfaDI2NC1iYXNpYy1nZW4yXzcyMHARAHUAZbaeAQA&_nc_gid=sysZo4XBQPmqNqBc_ORR-Q&_nc_ss=7f289&_nc_zt=28&oh=00_AQAZC_hosvptSMI1ffwfThdwXAL9Hyl4z-JVcWeE6xAU4g&oe=6A68DE51,https://scontent.fblr22-2.fna.fbcdn.net/v/t39.35426-6/740779481_860348550262875_429587439692282149_n.jpg?_nc_cat=107&ccb=1-7&_nc_sid=c53f8f&_nc_ohc=K3bYvq3Bj8cQ7kNvwE6Aq6l&_nc_oc=Adob9cVjHkSVsDEX6dBR1FnqS1H1ieS_xvLxFhcl_UQS4BXITxMfAWccOQJd04tvChw&_nc_zt=14&_nc_ht=scontent.fblr22-2.fna&_nc_gid=sysZo4XBQPmqNqBc_ORR-Q&_nc_ss=7f289&oh=00_AQD80ZJmhLE3fLj5PNJQHk9fLSepj1jlk1wNW-EYdvmnIQ&oe=6A68D503,2026-07-28T16:52:33.000Z,2026-07-24
30,27,Lingo AI,599204246602758,Lingo AI,,IN,1022055827387997,https://www.facebook.com/ads/library/?id=1022055827387997,2026-07-16,,false,false,1,0,,2026-07-16,,"📘 Learn English easily with simple lessons 
😊 Build confidence with everyday speaking practice 
👉 Download now",👉 Download now,Download,https://speaklearnfrenchlingoai.onelink.me/Y67n?pid=metaweb_int&c={{campaign.name}}&af_c_id={{campaign.id}}&af_adset={{adset.name}}&af_adset_id={{adset.id}}&af_ad={{ad.name}}&af_ad_id={{ad.id}}&af_siteid={{site_source_name}},"Facebook,Instagram,Audience Network,Messenger,Threads","📘 Learn English easily with simple lessons 
😊 Build confidence with everyday speaking practice 
👉 Download now",👉 Download now,Download,https://speaklearnfrenchlingoai.onelink.me/Y67n?pid=metaweb_int&c={{campaign.name}}&af_c_id={{campaign.id}}&af_adset={{adset.name}}&af_adset_id={{adset.id}}&af_ad={{ad.name}}&af_ad_id={{ad.id}}&af_siteid={{site_source_name}},Video,"Facebook,Instagram,Audience Network,Messenger,Threads",1,0,9:16,https://video.fblr22-1.fna.fbcdn.net/o1/v/t2/f2/m366/AQNVj2_j2vnCRbhCnPmvBKFZAIF4D-FmF-E0QhnCKMsaTqvHb-l1yc7SxWvV32azwZhubE_jD0adjYWF71ae-xvZxW3SpCzgUalOOOLOlqtXQw.mp4?_nc_cat=109&_nc_oc=Adrzu5nrb5XPez2jZTclLtcm1msR0427AHsqWSGpHZJxB_mkCcXDuo8B9RaKetKcwt4&_nc_sid=b66105&_nc_ht=video.fblr22-1.fna.fbcdn.net&_nc_ohc=bdtdy40J1-oQ7kNvwG96-xM&efg=eyJ2ZW5jb2RlX3RhZyI6Inhwdl9wcm9ncmVzc2l2ZS5WSV9VU0VDQVNFX1BST0RVQ1RfVFlQRS4uQzMuNzIwLmRhc2hfaDI2NC1iYXNpYy1nZW4yXzcyMHAiLCJ4cHZfYXNzZXRfaWQiOjE2NzMzNjM5ODA1NTg4MjgsImFzc2V0X2FnZV9kYXlzIjo2LCJ2aV91c2VjYXNlX2lkIjoxMDEzOSwiZHVyYXRpb25fcyI6NDgsInVybGdlbl9zb3VyY2UiOiJ3d3cifQ%3D%3D&ccb=17-1&vs=dd52533494cb7ea5&_nc_vs=HBksFQIYRWZiX2VwaGVtZXJhbC9DQTRGRDNDMjVFNDcxMkRFOUQ2NDk4QTI5MzUzQTRBOV9tdF8xX3ZpZGVvX2Rhc2hpbml0Lm1wNBUAAsgBEgAVAhhAZmJfcGVybWFuZW50LzY3NDU4MDBERDU4QzlCODIzN0I0NjdFRTRBQjRBRjg2X2F1ZGlvX2Rhc2hpbml0Lm1wNBUCAsgBEgAoABgAGwKIB3VzZV9vaWwBMRJwcm9ncmVzc2l2ZV9yZWNpcGUBMRUAACbYh6Gazfr4BRUCKAJDMywXQEhIcrAgxJwYGWRhc2hfaDI2NC1iYXNpYy1nZW4yXzcyMHARAHUAZbaeAQA&_nc_gid=sysZo4XBQPmqNqBc_ORR-Q&_nc_ss=7f289&_nc_zt=28&oh=00_AQDxWL_Hy99-vTQLPiosBZieWPjX3mei2B0zRf0KJRkACA&oe=6A68E71B,https://scontent.fblr22-1.fna.fbcdn.net/v/t39.35426-6/748043906_1755224835473842_5344212044399230543_n.jpg?_nc_cat=109&ccb=1-7&_nc_sid=c53f8f&_nc_ohc=p71Jp7Vxy6QQ7kNvwHp9PhL&_nc_oc=AdpgQR9DL2sES2ZbKz8QPL4Q8yFveAi5tGsK3Zf5NyE5Ht8HsoI5Kf3B8Bpvqd-3C9k&_nc_zt=14&_nc_ht=scontent.fblr22-1.fna&_nc_gid=sysZo4XBQPmqNqBc_ORR-Q&_nc_ss=7f289&oh=00_AQCV9dwVF5Z1AqDfpPpPR0787xDTjJMrc_PwKXe7-Jlnng&oe=6A68F114,2026-07-28T17:30:03.000Z,2026-07-24
31,28,Lingo AI,599204246602758,Lingo AI,,IN,1539898520838626,https://www.facebook.com/ads/library/?id=1539898520838626,2026-07-09,,false,false,1,0,,2026-07-09,,"🌍 Learn real English for everyday life 
🗣 Practice speaking with simple lessons 
⏱ Just 5 minutes a day 
👉 Download now",👉 Download now,Download,https://speaklearnfrenchlingoai.onelink.me/Y67n?pid=metaweb_int&c={{campaign.name}}&af_c_id={{campaign.id}}&af_adset={{adset.name}}&af_adset_id={{adset.id}}&af_ad={{ad.name}}&af_ad_id={{ad.id}}&af_siteid={{site_source_name}},"Facebook,Instagram,Audience Network,Messenger,Threads","🌍 Learn real English for everyday life 
🗣 Practice speaking with simple lessons 
⏱ Just 5 minutes a day 
👉 Download now",👉 Download now,Download,https://speaklearnfrenchlingoai.onelink.me/Y67n?pid=metaweb_int&c={{campaign.name}}&af_c_id={{campaign.id}}&af_adset={{adset.name}}&af_adset_id={{adset.id}}&af_ad={{ad.name}}&af_ad_id={{ad.id}}&af_siteid={{site_source_name}},Video,"Facebook,Instagram,Audience Network,Messenger,Threads",1,0,9:16,https://video.fblr22-1.fna.fbcdn.net/o1/v/t2/f2/m366/AQOvxTVl_klpCO4Cdu5WFIzuvPkJ55JEgs8Nz2AyIMDCRmvSVzuNXAabPc8bMyQmqmG8lOLCuw60bXbgnk21wX8Y5VLK-pVsOmIW6ImCAwRJoQ.mp4?_nc_cat=102&_nc_oc=Adpp0LI4imgfjHsfrJv-NPG9aN1EmvD5XlCHkuPOS9Bp3Yb8CoIbm8PGSi_XK8hiJyo&_nc_sid=b66105&_nc_ht=video.fblr22-1.fna.fbcdn.net&_nc_ohc=B_HsefQDPqwQ7kNvwFpk8z0&efg=eyJ2ZW5jb2RlX3RhZyI6Inhwdl9wcm9ncmVzc2l2ZS5WSV9VU0VDQVNFX1BST0RVQ1RfVFlQRS4uQzMuNzIwLmRhc2hfaDI2NC1iYXNpYy1nZW4yXzcyMHAiLCJ4cHZfYXNzZXRfaWQiOjE4MTQ4MzU0Njk0OTMzMjIsImFzc2V0X2FnZV9kYXlzIjoxNywidmlfdXNlY2FzZV9pZCI6MTAxMzksImR1cmF0aW9uX3MiOjQ1LCJ1cmxnZW5fc291cmNlIjoid3d3In0%3D&ccb=17-1&vs=a2d131e2713d680e&_nc_vs=HBksFQIYRWZiX2VwaGVtZXJhbC80NDRBQjk3NzE4MTZCRDEzQzU2QUEwRDg3OTg1NkZCOF9tdF8xX3ZpZGVvX2Rhc2hpbml0Lm1wNBUAAsgBEgAVAhhAZmJfcGVybWFuZW50LzIwNEIxQUI1OEZGNDU5OUFDMzY2QzREMTM5Qzc0QUE1X2F1ZGlvX2Rhc2hpbml0Lm1wNBUCAsgBEgAoABgAGwKIB3VzZV9vaWwBMRJwcm9ncmVzc2l2ZV9yZWNpcGUBMRUAACaUkeH3qaW5BhUCKAJDMywXQEau2RaHKwIYGWRhc2hfaDI2NC1iYXNpYy1nZW4yXzcyMHARAHUAZbaeAQA&_nc_gid=sysZo4XBQPmqNqBc_ORR-Q&_nc_ss=7f289&_nc_zt=28&oh=00_AQBjVAL9LE0RC4JB6WLcwgjGnk-p3Z1iBJ6Jorvy3lIFjA&oe=6A68EA2E,https://scontent.fblr22-1.fna.fbcdn.net/v/t39.35426-6/738759161_3390427697804618_535527752394466979_n.jpg?_nc_cat=101&ccb=1-7&_nc_sid=c53f8f&_nc_ohc=zqH_Xo2jIYoQ7kNvwFuzBDA&_nc_oc=AdryGyhsA5y22jx9ZNF34D8aHQ-TvSThvLWM7Txxes6sH5NpljNMGgIUoqlIRSSKg5Q&_nc_zt=14&_nc_ht=scontent.fblr22-1.fna&_nc_gid=sysZo4XBQPmqNqBc_ORR-Q&_nc_ss=7f289&oh=00_AQDTTIimg5knKOcEtutV2ihnwRF3tYJrt_gSqGxp2x0a2g&oe=6A68EF55,2026-07-28T17:43:10.000Z,2026-07-24
32,29,Lingo AI,599204246602758,Lingo AI,,IN,1644972694300693,https://www.facebook.com/ads/library/?id=1644972694300693,2026-07-12,,false,false,1,0,,2026-07-12,,"📘 Learn English easily with simple lessons 
😊 Build confidence with everyday speaking practice 
👉 Download now",👉 Download now,Install now,http://itunes.apple.com/app/id6740255326,"Facebook,Instagram,Audience Network,Messenger,Threads","📘 Learn English easily with simple lessons 
😊 Build confidence with everyday speaking practice 
👉 Download now",👉 Download now,Install now,http://itunes.apple.com/app/id6740255326,Video,"Facebook,Instagram,Audience Network,Messenger,Threads",1,0,9:16,https://video.fblr22-2.fna.fbcdn.net/o1/v/t2/f2/m366/AQNpcFRYhWkBb1X15TopjwxSsnYYic7wpotZi5mYdoMOPKjpBFi3oUEpn7no7pGLmkIksJZl15tkUlvROZg_vf5fyTRK61rY-qGU-Ya1XyFDTg.mp4?_nc_cat=107&_nc_oc=Adq0J-Rhr-7KRbE3AiNyHbOD1TNf52HlMspAXT68nVgJfkbwj41MYvf8AFi_xAVCzsw&_nc_sid=b66105&_nc_ht=video.fblr22-2.fna.fbcdn.net&_nc_ohc=3vkEEL20CU0Q7kNvwGiJLwN&efg=eyJ2ZW5jb2RlX3RhZyI6Inhwdl9wcm9ncmVzc2l2ZS5WSV9VU0VDQVNFX1BST0RVQ1RfVFlQRS4uQzMuNzIwLmRhc2hfaDI2NC1iYXNpYy1nZW4yXzcyMHAiLCJ4cHZfYXNzZXRfaWQiOjk3MzIyOTk5NTU0ODkxMCwiYXNzZXRfYWdlX2RheXMiOjQxLCJ2aV91c2VjYXNlX2lkIjoxMDEzOSwiZHVyYXRpb25fcyI6MzAsInVybGdlbl9zb3VyY2UiOiJ3d3cifQ%3D%3D&ccb=17-1&vs=da3969c6dd56db29&_nc_vs=HBksFQIYRWZiX2VwaGVtZXJhbC9EOTRFRDNCNjEyRjZGMkQxOENDQjRFNTFDQjY4MkNBMV9tdF8xX3ZpZGVvX2Rhc2hpbml0Lm1wNBUAAsgBEgAVAhhAZmJfcGVybWFuZW50L0MwNEQ0M0RGOTg3MkUyMzE0QUEwRUEzNDBGNjI4NkE4X2F1ZGlvX2Rhc2hpbml0Lm1wNBUCAsgBEgAoABgAGwKIB3VzZV9vaWwBMRJwcm9ncmVzc2l2ZV9yZWNpcGUBMRUAACbcg9vCuMm6AxUCKAJDMywXQD7VP3ztkWgYGWRhc2hfaDI2NC1iYXNpYy1nZW4yXzcyMHARAHUAZbaeAQA&_nc_gid=BElNZwxqi7tNuhbcBoB-YQ&_nc_ss=7f289&_nc_zt=28&oh=00_AQAzUbDlKPoClLh-YTwkeXfxUJWl4-DyhxUSwn8R4mvAFg&oe=6A68E3FD,https://scontent.fblr22-2.fna.fbcdn.net/v/t39.35426-6/747736632_27446593405001044_7406997418321547782_n.jpg?_nc_cat=110&ccb=1-7&_nc_sid=c53f8f&_nc_ohc=0qljyc3306cQ7kNvwFN-X8Q&_nc_oc=Ado_2x82wFBQSFjmiI9WmlNSRCTp90j8iPNLnU6nA3CuMk5M0WlyJ-AfuDGwvYVXtD4&_nc_zt=14&_nc_ht=scontent.fblr22-2.fna&_nc_gid=BElNZwxqi7tNuhbcBoB-YQ&_nc_ss=7f289&oh=00_AQAIuisUtNgFVxDUOX0-C3N2pG0_PyVP-FwlklsI9IRnzQ&oe=6A68ED73,2026-07-28T17:16:45.000Z,2026-07-24
33,30,Lingo AI,599204246602758,Lingo AI,,IN,28185666544351029,https://www.facebook.com/ads/library/?id=28185666544351029,2026-07-16,,false,false,1,0,,2026-07-16,,"📘 Learn English easily with simple lessons 
😊 Build confidence with everyday speaking practice 
👉 Download now",👉 Download now,Download,https://speaklearnfrenchlingoai.onelink.me/Y67n?pid=metaweb_int&c={{campaign.name}}&af_c_id={{campaign.id}}&af_adset={{adset.name}}&af_adset_id={{adset.id}}&af_ad={{ad.name}}&af_ad_id={{ad.id}}&af_siteid={{site_source_name}},"Facebook,Instagram,Audience Network,Messenger,Threads","📘 Learn English easily with simple lessons 
😊 Build confidence with everyday speaking practice 
👉 Download now",👉 Download now,Download,https://speaklearnfrenchlingoai.onelink.me/Y67n?pid=metaweb_int&c={{campaign.name}}&af_c_id={{campaign.id}}&af_adset={{adset.name}}&af_adset_id={{adset.id}}&af_ad={{ad.name}}&af_ad_id={{ad.id}}&af_siteid={{site_source_name}},Video,"Facebook,Instagram,Audience Network,Messenger,Threads",1,0,9:16,https://video.fblr22-2.fna.fbcdn.net/o1/v/t2/f2/m366/AQOp-zfGbmMK3u5HP7KrW-oI10uiZQDgdkhUsi2OpRmLctO0y9V-gDSXHiMNatsqccjwCjgtNesS62sUx0BgdjjOS0BwG8SHzTm0OUo7Fu4Pog.mp4?_nc_cat=111&_nc_oc=AdobP0c4w0y3KEvfoeSA6lgfLkPwOENIrs189VdWd6pweEGf2J1qNMiqJJE5R7ragm0&_nc_sid=b66105&_nc_ht=video.fblr22-2.fna.fbcdn.net&_nc_ohc=UcmPQ_7i_qQQ7kNvwEEItvK&efg=eyJ2ZW5jb2RlX3RhZyI6Inhwdl9wcm9ncmVzc2l2ZS5WSV9VU0VDQVNFX1BST0RVQ1RfVFlQRS4uQzMuNzIwLmRhc2hfaDI2NC1iYXNpYy1nZW4yXzcyMHAiLCJ4cHZfYXNzZXRfaWQiOjE3NzA1NjM4NjQxMjg1MzUsImFzc2V0X2FnZV9kYXlzIjo2LCJ2aV91c2VjYXNlX2lkIjoxMDEzOSwiZHVyYXRpb25fcyI6NDgsInVybGdlbl9zb3VyY2UiOiJ3d3cifQ%3D%3D&ccb=17-1&vs=b3227ee2ecc3582&_nc_vs=HBksFQIYRWZiX2VwaGVtZXJhbC8xMTRCNEQ3NjEzODhEQTE3RjFFMDkzNzJDMkE2NEY5RV9tdF8xX3ZpZGVvX2Rhc2hpbml0Lm1wNBUAAsgBEgAVAhhAZmJfcGVybWFuZW50LzVENEJBNEYzN0FEQ0Y0RDdBQUYwNTMwRjZDMTM2NEFGX2F1ZGlvX2Rhc2hpbml0Lm1wNBUCAsgBEgAoABgAGwKIB3VzZV9vaWwBMRJwcm9ncmVzc2l2ZV9yZWNpcGUBMRUAACausOPisJSlBhUCKAJDMywXQEhIcrAgxJwYGWRhc2hfaDI2NC1iYXNpYy1nZW4yXzcyMHARAHUAZbaeAQA&_nc_gid=BElNZwxqi7tNuhbcBoB-YQ&_nc_ss=7f289&_nc_zt=28&oh=00_AQDNfcoj-3L15k7PUIlcrYKo4jyv1dBFyyV_Bn2hX8AbFg&oe=6A68DF25,https://scontent.fblr22-1.fna.fbcdn.net/v/t39.35426-6/747168626_1662939701440258_1363770474294935033_n.jpg?_nc_cat=102&ccb=1-7&_nc_sid=c53f8f&_nc_ohc=ITLJ0lVknbMQ7kNvwH1T-ft&_nc_oc=AdonnyNdbuj_tLZyAMEZb-rDODtz17bB9Yml0Ygkh1_Gs0BMkL0l44XBojMpQBFfjtI&_nc_zt=14&_nc_ht=scontent.fblr22-1.fna&_nc_gid=BElNZwxqi7tNuhbcBoB-YQ&_nc_ss=7f289&oh=00_AQDWfhv3AZj7zWs1DGKnvetYM-y4VyMq8Bze87JZYj4xUQ&oe=6A68E710,2026-07-28T16:56:05.000Z,2026-07-24
34,31,Lingo AI,599204246602758,Lingo AI,,IN,2094285581298721,https://www.facebook.com/ads/library/?id=2094285581298721,2026-07-16,,false,false,1,0,,2026-07-16,,"📘 Learn English easily with simple lessons 
😊 Build confidence with everyday speaking practice 
👉 Download now",👉 Download now,Download,https://speaklearnfrenchlingoai.onelink.me/Y67n?pid=metaweb_int&c={{campaign.name}}&af_c_id={{campaign.id}}&af_adset={{adset.name}}&af_adset_id={{adset.id}}&af_ad={{ad.name}}&af_ad_id={{ad.id}}&af_siteid={{site_source_name}},"Facebook,Instagram,Audience Network,Messenger,Threads","📘 Learn English easily with simple lessons 
😊 Build confidence with everyday speaking practice 
👉 Download now",👉 Download now,Download,https://speaklearnfrenchlingoai.onelink.me/Y67n?pid=metaweb_int&c={{campaign.name}}&af_c_id={{campaign.id}}&af_adset={{adset.name}}&af_adset_id={{adset.id}}&af_ad={{ad.name}}&af_ad_id={{ad.id}}&af_siteid={{site_source_name}},Video,"Facebook,Instagram,Audience Network,Messenger,Threads",1,0,9:16,https://video.fblr22-2.fna.fbcdn.net/o1/v/t2/f2/m366/AQOxUhpAd1wo9AORvdZXED2qpMc6HTcHjvmhpNWAjq034B3dn7lWyucii80_cFISeACwuY24lSiJ4af-McN1ayIZ2oy6JTG1MZoyWHb6wWA9qw.mp4?_nc_cat=110&_nc_oc=Adqh4AeTkB1PhdgC00zyh1PY-QA5KI2U941n_Mc2viRRo53FMKtqCgn8_2Xe7ch4F5s&_nc_sid=b66105&_nc_ht=video.fblr22-2.fna.fbcdn.net&_nc_ohc=gEAWiBb8nL8Q7kNvwGV4nSu&efg=eyJ2ZW5jb2RlX3RhZyI6Inhwdl9wcm9ncmVzc2l2ZS5WSV9VU0VDQVNFX1BST0RVQ1RfVFlQRS4uQzMuNzIwLmRhc2hfaDI2NC1iYXNpYy1nZW4yXzcyMHAiLCJ4cHZfYXNzZXRfaWQiOjEwMzUyNTcyNDkyNTQ5NDksImFzc2V0X2FnZV9kYXlzIjo2LCJ2aV91c2VjYXNlX2lkIjoxMDEzOSwiZHVyYXRpb25fcyI6NDgsInVybGdlbl9zb3VyY2UiOiJ3d3cifQ%3D%3D&ccb=17-1&vs=2d65208956641192&_nc_vs=HBksFQIYRWZiX2VwaGVtZXJhbC8wNDQ3QzFDRjJFNUJGRjZFQjEyOEI5Q0Q0MzIxRjlBOF9tdF8xX3ZpZGVvX2Rhc2hpbml0Lm1wNBUAAsgBEgAVAhhAZmJfcGVybWFuZW50LzY0NEQzMzMxMTg2RDFCMDFBRkZBNERGQ0I0RUJFMUFEX2F1ZGlvX2Rhc2hpbml0Lm1wNBUCAsgBEgAoABgAGwKIB3VzZV9vaWwBMRJwcm9ncmVzc2l2ZV9yZWNpcGUBMRUAACbKuL7J8-PWAxUCKAJDMywXQEhIcrAgxJwYGWRhc2hfaDI2NC1iYXNpYy1nZW4yXzcyMHARAHUAZbaeAQA&_nc_gid=BElNZwxqi7tNuhbcBoB-YQ&_nc_ss=7f289&_nc_zt=28&oh=00_AQD8zI1dJD5diC5Eq100uJYidHpnuKe5kB-6GleO7WOCqg&oe=6A6904CA,https://scontent.fblr22-1.fna.fbcdn.net/v/t39.35426-6/750758322_1459863286138540_2388485658359223244_n.jpg?_nc_cat=106&ccb=1-7&_nc_sid=c53f8f&_nc_ohc=vh1bE-E5ws8Q7kNvwE0-MUr&_nc_oc=AdqluXl7Jw_5Z3I4S6r2kxzM2loB8Lqbe3IqHL1r2fqtIztuFWcDalDQMd84yIDtwFE&_nc_zt=14&_nc_ht=scontent.fblr22-1.fna&_nc_gid=BElNZwxqi7tNuhbcBoB-YQ&_nc_ss=7f289&oh=00_AQBHhC6JtlHQX8XvdQ02kliW52ik2LQU1k8h2VkOOZbReQ&oe=6A68DD2A,2026-07-28T19:36:42.000Z,2026-07-24
35,32,Lingo AI,599204246602758,Lingo AI,,IN,2252109255523137,https://www.facebook.com/ads/library/?id=2252109255523137,2026-07-21,,false,false,1,0,,2026-07-21,,"🌍 تعلّم الإنجليزية الحقيقية للحياة اليومية
🗣 تدرّب على التحدث من خلال دروس بسيطة
⏱ فقط 5 دقائق يوميًا
👉 حمّل التطبيق الآن",👉 حمّل التطبيق الآن,Download,https://speaklearnfrenchlingoai.onelink.me/Y67n?pid=metaweb_int&c={{campaign.name}}&af_c_id={{campaign.id}}&af_adset={{adset.name}}&af_adset_id={{adset.id}}&af_ad={{ad.name}}&af_ad_id={{ad.id}}&af_siteid={{site_source_name}},"Facebook,Instagram,Audience Network,Messenger,Threads","🌍 تعلّم الإنجليزية الحقيقية للحياة اليومية
🗣 تدرّب على التحدث من خلال دروس بسيطة
⏱ فقط 5 دقائق يوميًا
👉 حمّل التطبيق الآن",👉 حمّل التطبيق الآن,Download,https://speaklearnfrenchlingoai.onelink.me/Y67n?pid=metaweb_int&c={{campaign.name}}&af_c_id={{campaign.id}}&af_adset={{adset.name}}&af_adset_id={{adset.id}}&af_ad={{ad.name}}&af_ad_id={{ad.id}}&af_siteid={{site_source_name}},Video,"Facebook,Instagram,Audience Network,Messenger,Threads",1,0,9:16,https://video.fblr22-1.fna.fbcdn.net/o1/v/t2/f2/m366/AQOM8POFJ4gocVicC8Zo7OxriY69pzfO4H1oQkKq7ZWSX8i_G45CrlEWZIV7yoEyWFEmVjBBC8ZWDw8KjTkSWCoFSwko9oGyaeknAf3Ok89kFg.mp4?_nc_cat=106&_nc_oc=Adqmh5WOfkfeV3hEtkVudI_2xtXpFBw0xMMM9TbXnOrDA_2GnonR2HZp904kCq4JTog&_nc_sid=b66105&_nc_ht=video.fblr22-1.fna.fbcdn.net&_nc_ohc=OOt2gZg4vZIQ7kNvwGFRaNP&efg=eyJ2ZW5jb2RlX3RhZyI6Inhwdl9wcm9ncmVzc2l2ZS5WSV9VU0VDQVNFX1BST0RVQ1RfVFlQRS4uQzMuNzIwLmRhc2hfaDI2NC1iYXNpYy1nZW4yXzcyMHAiLCJ4cHZfYXNzZXRfaWQiOjIzMjg4NTYwMzExODc0MjksImFzc2V0X2FnZV9kYXlzIjo0LCJ2aV91c2VjYXNlX2lkIjoxMDEzOSwiZHVyYXRpb25fcyI6MTYsInVybGdlbl9zb3VyY2UiOiJ3d3cifQ%3D%3D&ccb=17-1&vs=602d9d51da590c78&_nc_vs=HBksFQIYRWZiX2VwaGVtZXJhbC82NTRDNjBDNkI4M0M4N0I1MUQ3MERDNTU0QkFERThBRV9tdF8xX3ZpZGVvX2Rhc2hpbml0Lm1wNBUAAsgBEgAVAhhAZmJfcGVybWFuZW50LzZENEJDMDIxRDA5NEUzNTA5MjIwMDY2QTg4N0Q5Qzg3X2F1ZGlvX2Rhc2hpbml0Lm1wNBUCAsgBEgAoABgAGwKIB3VzZV9vaWwBMRJwcm9ncmVzc2l2ZV9yZWNpcGUBMRUAACbKx8bHoYWjCBUCKAJDMywXQDBu2RaHKwIYGWRhc2hfaDI2NC1iYXNpYy1nZW4yXzcyMHARAHUAZbaeAQA&_nc_gid=BElNZwxqi7tNuhbcBoB-YQ&_nc_ss=7f289&_nc_zt=28&oh=00_AQBTM_4ogIDEold66IuUtnVX2evHxfhlVp9vu25Cxru0Eg&oe=6A69012E,https://scontent.fblr22-1.fna.fbcdn.net/v/t39.35426-6/749286079_28037371645923276_4831608349637597337_n.jpg?_nc_cat=104&ccb=1-7&_nc_sid=c53f8f&_nc_ohc=UitxlbY2nYUQ7kNvwFC6LNI&_nc_oc=Adpa4ARuJeCJmjJOj-navq8BeGKxf1prwOLReQN49EUozMF4EGp8GR0So21wPuZLxoQ&_nc_zt=14&_nc_ht=scontent.fblr22-1.fna&_nc_gid=BElNZwxqi7tNuhbcBoB-YQ&_nc_ss=7f289&oh=00_AQBj9oAORCDwFM8ucvTvc6lEL4uZEOcBCokT5EOxdeGx2w&oe=6A68D3F7,2026-07-28T19:21:18.000Z,2026-07-24
36,33,Lingo AI,599204246602758,Lingo AI,,IN,1044351131851612,https://www.facebook.com/ads/library/?id=1044351131851612,2026-07-20,,false,false,1,0,,2026-07-20,,"🌍 Learn real English for everyday life 
🗣 Practice speaking with simple lessons 
⏱ Just 5 minutes a day
👉 Download now",👇 Start now,Download,https://speaklearnfrenchlingoai.onelink.me/Y67n?pid=metaweb_int&c={{campaign.name}}&af_c_id={{campaign.id}}&af_adset={{adset.name}}&af_adset_id={{adset.id}}&af_ad={{ad.name}}&af_ad_id={{ad.id}}&af_siteid={{site_source_name}},"Facebook,Instagram,Audience Network,Messenger,Threads","🌍 Learn real English for everyday life 
🗣 Practice speaking with simple lessons 
⏱ Just 5 minutes a day
👉 Download now",👇 Start now,Download,https://speaklearnfrenchlingoai.onelink.me/Y67n?pid=metaweb_int&c={{campaign.name}}&af_c_id={{campaign.id}}&af_adset={{adset.name}}&af_adset_id={{adset.id}}&af_ad={{ad.name}}&af_ad_id={{ad.id}}&af_siteid={{site_source_name}},Video,"Facebook,Instagram,Audience Network,Messenger,Threads",1,0,9:16,https://video.fblr22-1.fna.fbcdn.net/o1/v/t2/f2/m366/AQNH-NM10uwEPZ92XlG-39NiLr2iqV2PR2_geDy8rSwNcY33DmuTt8mLk8Dk9nWUkNsUT02bOuKtxjuiJiNZXuQJ0Gz6LY3XdYYJ4ptUdGapfw.mp4?_nc_cat=103&_nc_oc=AdpMo1jvceUm8keyzD0xAWFpWwnAz-7SFeMRRjN6CQpAZgFRzfLOSblmsvmw07LuvSU&_nc_sid=b66105&_nc_ht=video.fblr22-1.fna.fbcdn.net&_nc_ohc=LBgOrXwKREcQ7kNvwGQloah&efg=eyJ2ZW5jb2RlX3RhZyI6Inhwdl9wcm9ncmVzc2l2ZS5WSV9VU0VDQVNFX1BST0RVQ1RfVFlQRS4uQzMuNzIwLmRhc2hfaDI2NC1iYXNpYy1nZW4yXzcyMHAiLCJ4cHZfYXNzZXRfaWQiOjkxNTgzMDYxODE4OTU0MCwiYXNzZXRfYWdlX2RheXMiOjMxLCJ2aV91c2VjYXNlX2lkIjoxMDEzOSwiZHVyYXRpb25fcyI6MzIsInVybGdlbl9zb3VyY2UiOiJ3d3cifQ%3D%3D&ccb=17-1&vs=c6cce0b2f40f0967&_nc_vs=HBksFQIYRWZiX2VwaGVtZXJhbC9FRjQ2Q0Y5N0QwMTgxQ0Q4NEVDMEY3NDA1MTBEQzc5Q19tdF8xX3ZpZGVvX2Rhc2hpbml0Lm1wNBUAAsgBEgAVAhhAZmJfcGVybWFuZW50LzNFNDk3QkFBREY2RjM2RjNCNDcxQzU3NEU2OThBOEI4X2F1ZGlvX2Rhc2hpbml0Lm1wNBUCAsgBEgAoABgAGwKIB3VzZV9vaWwBMRJwcm9ncmVzc2l2ZV9yZWNpcGUBMRUAACbIu9_qrbygAxUCKAJDMywXQEBiDEm6XjUYGWRhc2hfaDI2NC1iYXNpYy1nZW4yXzcyMHARAHUAZbaeAQA&_nc_gid=BElNZwxqi7tNuhbcBoB-YQ&_nc_ss=7f289&_nc_zt=28&oh=00_AQAJhkMJsJyxNr70CqoOFEjbuD2-M38RcSv4gy2jHiCinA&oe=6A69008D,https://scontent.fblr22-1.fna.fbcdn.net/v/t39.35426-6/751864961_891544343515600_6414523609729474991_n.jpg?_nc_cat=106&ccb=1-7&_nc_sid=c53f8f&_nc_ohc=yfijMiUYtCoQ7kNvwHAi4mj&_nc_oc=AdoHgoWRozyT-3zI1-FTP3fuqmlkQYHsvpNsJ8ef5nK4xTdKNys0mX4z4QJNC9HuX9U&_nc_zt=14&_nc_ht=scontent.fblr22-1.fna&_nc_gid=BElNZwxqi7tNuhbcBoB-YQ&_nc_ss=7f289&oh=00_AQBYSob_J6QcNPKitfBAd4jeYJpoDdmkXB4-HytcfMLWgg&oe=6A68FDDB,2026-07-28T19:18:37.000Z,2026-07-24
37,34,Lingo AI,599204246602758,Lingo AI,,IN,1543107963869133,https://www.facebook.com/ads/library/?id=1543107963869133,2026-07-01,,false,false,1,0,,2026-07-01,,"📘 Learn English easily with simple lessons 
😊 Build confidence with everyday speaking practice 
👉 Download now",👉 Download now,Install now,http://itunes.apple.com/app/id6740255326,"Facebook,Instagram,Audience Network,Messenger,Threads","📘 Learn English easily with simple lessons 
😊 Build confidence with everyday speaking practice 
👉 Download now",👉 Download now,Install now,http://itunes.apple.com/app/id6740255326,Video,"Facebook,Instagram,Audience Network,Messenger,Threads",1,0,9:16,https://video.fblr22-1.fna.fbcdn.net/o1/v/t2/f2/m366/AQNsxQx7KB6ulQCywZnlnl862WFgiqGONdpYuEeMd-aZ-dzg-JN9hqcRgsFroFvuHJvMMX-P2dGZLGSv-OKtRUPBplmtXGrbccGaK5awIAUfAw.mp4?_nc_cat=102&_nc_oc=AdrBAF1OTNJAl1s9Rdb1YFVZNSU1tLmGDmRE6zNlOhPxZU4AFh7Rr5o0q8dA8YVqmNs&_nc_sid=b66105&_nc_ht=video.fblr22-1.fna.fbcdn.net&_nc_ohc=2yTp_C23xaYQ7kNvwGUBtvC&efg=eyJ2ZW5jb2RlX3RhZyI6Inhwdl9wcm9ncmVzc2l2ZS5WSV9VU0VDQVNFX1BST0RVQ1RfVFlQRS4uQzMuNjA4LmRhc2hfaDI2NC1iYXNpYy1nZW4yXzcyMHAiLCJ4cHZfYXNzZXRfaWQiOjE2NzM4MTM5MTA3MDE4ODIsImFzc2V0X2FnZV9kYXlzIjo4OSwidmlfdXNlY2FzZV9pZCI6MTAxMzksImR1cmF0aW9uX3MiOjMzLCJ1cmxnZW5fc291cmNlIjoid3d3In0%3D&ccb=17-1&vs=5a518d5961bd9917&_nc_vs=HBksFQIYRWZiX2VwaGVtZXJhbC9CRTQzMTBBRDdGNkE2NUM3QkEyRjg3OTlGMzM2RDNBNF9tdF8xX3ZpZGVvX2Rhc2hpbml0Lm1wNBUAAsgBEgAVAhhAZmJfcGVybWFuZW50LzA5NEVBQUU3ODVBMjhDRjc0MDZDMjU5NUM2MEE0MjhDX2F1ZGlvX2Rhc2hpbml0Lm1wNBUCAsgBEgAoABgAGwKIB3VzZV9vaWwBMRJwcm9ncmVzc2l2ZV9yZWNpcGUBMRUAACb0nIq55ZT5BRUCKAJDMywXQEDMzMzMzM0YGWRhc2hfaDI2NC1iYXNpYy1nZW4yXzcyMHARAHUAZbaeAQA&_nc_gid=BElNZwxqi7tNuhbcBoB-YQ&_nc_ss=7f289&_nc_zt=28&oh=00_AQAc2rMAFqKG_u1mCZUhutgCbNo9TxG2GKdpg2mn3xf2Cg&oe=6A68E9CE,https://scontent.fblr22-2.fna.fbcdn.net/v/t39.35426-6/735552927_1005579115561846_7693197278530684517_n.jpg?_nc_cat=107&ccb=1-7&_nc_sid=c53f8f&_nc_ohc=9AL2JO529VcQ7kNvwGj9vRB&_nc_oc=AdrUrqUj29DALl9SM-2T3hyzEu9DK9reV2q9bByavvvldaZTOmCcYnRdOsxsVKMlAWI&_nc_zt=14&_nc_ht=scontent.fblr22-2.fna&_nc_gid=BElNZwxqi7tNuhbcBoB-YQ&_nc_ss=7f289&oh=00_AQBVvcjpRKTD2vOJob2hXoS1zEfElnIsWF43OOWnzlMR1Q&oe=6A68F48C,2026-07-28T17:41:34.000Z,2026-07-24
38,35,Lingo AI,599204246602758,Lingo AI,,IN,916224887426273,https://www.facebook.com/ads/library/?id=916224887426273,2026-07-18,,false,false,1,0,,2026-07-18,,"🌟 Want to improve your English? 
📱 Learn anytime in just minutes a day 💬 Build real speaking confidence 
👉 Download now",👉 Download now,Download,http://itunes.apple.com/app/id6740255326,"Facebook,Instagram,Audience Network,Messenger,Threads","🌟 Want to improve your English? 
📱 Learn anytime in just minutes a day 💬 Build real speaking confidence 
👉 Download now",👉 Download now,Download,http://itunes.apple.com/app/id6740255326,Video,"Facebook,Instagram,Audience Network,Messenger,Threads",1,0,9:16,https://video.fblr22-1.fna.fbcdn.net/o1/v/t2/f2/m366/AQMJZvA4FkBFqD68fChSBVSm1Nm7jBBeJ62os8P6JciY84f5ijTc8urn49E6ga1dwmIhcezv3Y9QO47GJg9ce96jfooG-1dP_2Pg0RxMHuRudA.mp4?_nc_cat=101&_nc_oc=AdpSikO66y9KLGdm_vjGSgKV5WUkIGLLpu7hqy9k4mK1rHwIqXkRV77DTVb97pjyi5o&_nc_sid=b66105&_nc_ht=video.fblr22-1.fna.fbcdn.net&_nc_ohc=5INBgXSeFh0Q7kNvwFAmpFS&efg=eyJ2ZW5jb2RlX3RhZyI6Inhwdl9wcm9ncmVzc2l2ZS5WSV9VU0VDQVNFX1BST0RVQ1RfVFlQRS4uQzMuNzIwLmRhc2hfaDI2NC1iYXNpYy1nZW4yXzcyMHAiLCJ4cHZfYXNzZXRfaWQiOjIwOTE2NjQ2NzQ3NjY3MzAsImFzc2V0X2FnZV9kYXlzIjo0LCJ2aV91c2VjYXNlX2lkIjoxMDEzOSwiZHVyYXRpb25fcyI6NDgsInVybGdlbl9zb3VyY2UiOiJ3d3cifQ%3D%3D&ccb=17-1&vs=7ef5b7186ba81e92&_nc_vs=HBksFQIYRWZiX2VwaGVtZXJhbC80RDQwRThEQzYzNDU5NTJEMUYyODNDQ0I3ODhCMkFBRl9tdF8xX3ZpZGVvX2Rhc2hpbml0Lm1wNBUAAsgBEgAVAhhAZmJfcGVybWFuZW50L0RCNEFGMTgzOTE1NDEyNzFCODIyMkI2NjU3OEZCNjgyX2F1ZGlvX2Rhc2hpbml0Lm1wNBUCAsgBEgAoABgAGwKIB3VzZV9vaWwBMRJwcm9ncmVzc2l2ZV9yZWNpcGUBMRUAACaU_u2e9Ja3BxUCKAJDMywXQEhIcrAgxJwYGWRhc2hfaDI2NC1iYXNpYy1nZW4yXzcyMHARAHUAZbaeAQA&_nc_gid=BElNZwxqi7tNuhbcBoB-YQ&_nc_ss=7f289&_nc_zt=28&oh=00_AQDbXTTZxZfLFwhy_rT0WeCULRSPj9i-mZF2HpDL4fIQ_g&oe=6A68FFD3,https://scontent.fblr22-2.fna.fbcdn.net/v/t39.35426-6/744184702_1678030670088551_4258937628432164676_n.jpg?_nc_cat=100&ccb=1-7&_nc_sid=c53f8f&_nc_ohc=em6O2zawNRQQ7kNvwH4WAk9&_nc_oc=AdqpMmP5ts4MvKsSdKWhPLUqL8Jq9KSxwgZyj5zytRsMTPgWicZFUEaClF4CW-B9j48&_nc_zt=14&_nc_ht=scontent.fblr22-2.fna&_nc_gid=BElNZwxqi7tNuhbcBoB-YQ&_nc_ss=7f289&oh=00_AQDvd1morgnc3aPW2lTyOBqSFlYjFRLM9cvnyLJTvDYDrA&oe=6A68DB5C,2026-07-28T19:15:31.000Z,2026-07-24
39,36,Lingo AI,599204246602758,Lingo AI,,IN,1360155599371318,https://www.facebook.com/ads/library/?id=1360155599371318,2026-07-17,,false,false,1,0,,2026-07-17,,"📘 Learn English easily with simple lessons 
😊 Build confidence with everyday speaking practice 
👉 Download now",👉 Download now,Download,https://speaklearnfrenchlingoai.onelink.me/Y67n?pid=metaweb_int&c={{campaign.name}}&af_c_id={{campaign.id}}&af_adset={{adset.name}}&af_adset_id={{adset.id}}&af_ad={{ad.name}}&af_ad_id={{ad.id}}&af_siteid={{site_source_name}},"Facebook,Instagram,Audience Network,Messenger,Threads","📘 Learn English easily with simple lessons 
😊 Build confidence with everyday speaking practice 
👉 Download now",👉 Download now,Download,https://speaklearnfrenchlingoai.onelink.me/Y67n?pid=metaweb_int&c={{campaign.name}}&af_c_id={{campaign.id}}&af_adset={{adset.name}}&af_adset_id={{adset.id}}&af_ad={{ad.name}}&af_ad_id={{ad.id}}&af_siteid={{site_source_name}},Video,"Facebook,Instagram,Audience Network,Messenger,Threads",1,0,9:16,https://video.fblr22-2.fna.fbcdn.net/o1/v/t2/f2/m366/AQPPvSyscugbYsf9dedqrrERuPWHuE6i10zesvbS5lDoSt99WYdzygkhz8wp58fr6-zbI2akzHOrPhB9S-5T3ET-GPXpL5bT279pc8AU7sI0Fw.mp4?_nc_cat=105&_nc_oc=Adqw2FvccUhsHRWV8txrHadQCX7fa2uLkH_G7iew2D5m439JG7hpe0w_DAbN5GfHWEw&_nc_sid=b66105&_nc_ht=video.fblr22-2.fna.fbcdn.net&_nc_ohc=lIEh2B4JVBgQ7kNvwEx2kmQ&efg=eyJ2ZW5jb2RlX3RhZyI6Inhwdl9wcm9ncmVzc2l2ZS5WSV9VU0VDQVNFX1BST0RVQ1RfVFlQRS4uQzMuNzIwLmRhc2hfaDI2NC1iYXNpYy1nZW4yXzcyMHAiLCJ4cHZfYXNzZXRfaWQiOjIwMzY0Mjk2MDY5OTYzNzcsImFzc2V0X2FnZV9kYXlzIjoxMywidmlfdXNlY2FzZV9pZCI6MTAxMzksImR1cmF0aW9uX3MiOjQ4LCJ1cmxnZW5fc291cmNlIjoid3d3In0%3D&ccb=17-1&vs=242d6ee141382c5&_nc_vs=HBksFQIYRWZiX2VwaGVtZXJhbC84MTQ2QjBGMzdGQTUzQzI2QzQ1NjBCNkM0QkFCOEY4RF9tdF8xX3ZpZGVvX2Rhc2hpbml0Lm1wNBUAAsgBEgAVAhhAZmJfcGVybWFuZW50L0JENDlGQUQ2NEIyNDBCNDBEQTc5NEEyMzkzOTIwNkI4X2F1ZGlvX2Rhc2hpbml0Lm1wNBUCAsgBEgAoABgAGwKIB3VzZV9vaWwBMRJwcm9ncmVzc2l2ZV9yZWNpcGUBMRUAACaypq715oeeBxUCKAJDMywXQEgZmZmZmZoYGWRhc2hfaDI2NC1iYXNpYy1nZW4yXzcyMHARAHUAZbaeAQA&_nc_gid=BElNZwxqi7tNuhbcBoB-YQ&_nc_ss=7f289&_nc_zt=28&oh=00_AQBSAonsL0meoOGA3nibOdZvN0e6vE8OT2XMIn133pDdMQ&oe=6A68F707,https://scontent.fblr22-2.fna.fbcdn.net/v/t39.35426-6/742295144_1332419659097579_7246086387253320338_n.jpg?_nc_cat=100&ccb=1-7&_nc_sid=c53f8f&_nc_ohc=pBiRPc7eL9AQ7kNvwFid1gA&_nc_oc=Adpiaxwlws4HTGuryfEPHy7G1WzSKGFyay03WQKvR2X2KIrRRfr3OYZHdlRzHCJOmno&_nc_zt=14&_nc_ht=scontent.fblr22-2.fna&_nc_gid=BElNZwxqi7tNuhbcBoB-YQ&_nc_ss=7f289&oh=00_AQB1GKFPh7qcdD6SmJMXIYuuoJkd4h6KBTqP6ktnwknmqA&oe=6A68F5D4,2026-07-28T18:37:59.000Z,2026-07-24
40,37,Lingo AI,599204246602758,Lingo AI,,IN,1569224504739355,https://www.facebook.com/ads/library/?id=1569224504739355,2026-07-21,,false,false,1,0,,2026-07-21,,"📘 Learn English easily with simple lessons 
😊 Build confidence with everyday speaking practice 
👉 Download now",👉 Download now,Download,https://speaklearnfrenchlingoai.onelink.me/Y67n?pid=metaweb_int&c={{campaign.name}}&af_c_id={{campaign.id}}&af_adset={{adset.name}}&af_adset_id={{adset.id}}&af_ad={{ad.name}}&af_ad_id={{ad.id}}&af_siteid={{site_source_name}},"Facebook,Instagram,Audience Network,Messenger,Threads","📘 Learn English easily with simple lessons 
😊 Build confidence with everyday speaking practice 
👉 Download now",👉 Download now,Download,https://speaklearnfrenchlingoai.onelink.me/Y67n?pid=metaweb_int&c={{campaign.name}}&af_c_id={{campaign.id}}&af_adset={{adset.name}}&af_adset_id={{adset.id}}&af_ad={{ad.name}}&af_ad_id={{ad.id}}&af_siteid={{site_source_name}},Video,"Facebook,Instagram,Audience Network,Messenger,Threads",1,0,9:16,https://video.fblr22-1.fna.fbcdn.net/o1/v/t2/f2/m366/AQN2rqAJYNg7Fc0vcybfzRLVk5NSTCyxo8UsI7aVF3WN2qteYPkVkzz2gD7bDcoT0-jwGNUJWZm-SfEdEh-83siQactHHGWNQSOz0BvfoU00Iw.mp4?_nc_cat=103&_nc_oc=AdoeE4xvgdRFgfpi5uIe_62DXE_ygLHyuCAIM2A--kYHs2vGmf88sHQmB79k4m1i0uc&_nc_sid=b66105&_nc_ht=video.fblr22-1.fna.fbcdn.net&_nc_ohc=DFlYXRfpUZkQ7kNvwHc1g4m&efg=eyJ2ZW5jb2RlX3RhZyI6Inhwdl9wcm9ncmVzc2l2ZS5WSV9VU0VDQVNFX1BST0RVQ1RfVFlQRS4uQzMuNzIwLmRhc2hfaDI2NC1iYXNpYy1nZW4yXzcyMHAiLCJ4cHZfYXNzZXRfaWQiOjEwNDE2OTk3MTE2NzYwMTQsImFzc2V0X2FnZV9kYXlzIjoxLCJ2aV91c2VjYXNlX2lkIjoxMDEzOSwiZHVyYXRpb25fcyI6MzAsInVybGdlbl9zb3VyY2UiOiJ3d3cifQ%3D%3D&ccb=17-1&vs=d9fa22bb205faa61&_nc_vs=HBksFQIYRWZiX2VwaGVtZXJhbC9FNzQwOTRENzNBQjU1RDhDOUZGRTg4QzExNkJEOUZBM19tdF8xX3ZpZGVvX2Rhc2hpbml0Lm1wNBUAAsgBEgAVAhhAZmJfcGVybWFuZW50LzQ3NEVBOTk2MkI1Rjk1N0Q3RkMzRDI0QzVBM0ZFODlFX2F1ZGlvX2Rhc2hpbml0Lm1wNBUCAsgBEgAoABgAGwKIB3VzZV9vaWwBMRJwcm9ncmVzc2l2ZV9yZWNpcGUBMRUAACbcubfU89rZAxUCKAJDMywXQD5dsi0OVgQYGWRhc2hfaDI2NC1iYXNpYy1nZW4yXzcyMHARAHUAZbaeAQA&_nc_gid=BElNZwxqi7tNuhbcBoB-YQ&_nc_ss=7f289&_nc_zt=28&oh=00_AQBp6nzmV9dKqyi_HCpjvdftAH38QEZd3hJwadxpm9NbDQ&oe=6A68ED15,https://scontent.fblr22-2.fna.fbcdn.net/v/t39.35426-6/751563553_1564825551948110_4974000599020441461_n.jpg?_nc_cat=107&ccb=1-7&_nc_sid=c53f8f&_nc_ohc=9GMVXBoVDIUQ7kNvwEI_Xd0&_nc_oc=AdpwKgWINB6gIB-285jsDBE0-iFntxabjW9FrmvkRARkgWGnsRZHIMKgXxZJDVHaAgc&_nc_zt=14&_nc_ht=scontent.fblr22-2.fna&_nc_gid=BElNZwxqi7tNuhbcBoB-YQ&_nc_ss=7f289&oh=00_AQBrKVXnn8rLCNH74kCwW8GEBUzhJ7PHT54h_MtGBe2taQ&oe=6A6902AC,2026-07-28T17:55:33.000Z,2026-07-24
41,38,Lingo AI,599204246602758,Lingo AI,,IN,945894515179068,https://www.facebook.com/ads/library/?id=945894515179068,2026-07-21,,false,false,1,0,,2026-07-21,,"🌍 تعلّم الإنجليزية الحقيقية للحياة اليومية
🗣 تدرّب على التحدث من خلال دروس بسيطة
⏱ فقط 5 دقائق يوميًا
👉 حمّل التطبيق الآن",👉 حمّل التطبيق الآن,Download,https://speaklearnfrenchlingoai.onelink.me/Y67n?pid=metaweb_int&c={{campaign.name}}&af_c_id={{campaign.id}}&af_adset={{adset.name}}&af_adset_id={{adset.id}}&af_ad={{ad.name}}&af_ad_id={{ad.id}}&af_siteid={{site_source_name}},"Facebook,Instagram,Audience Network,Messenger,Threads","🌍 تعلّم الإنجليزية الحقيقية للحياة اليومية
🗣 تدرّب على التحدث من خلال دروس بسيطة
⏱ فقط 5 دقائق يوميًا
👉 حمّل التطبيق الآن",👉 حمّل التطبيق الآن,Download,https://speaklearnfrenchlingoai.onelink.me/Y67n?pid=metaweb_int&c={{campaign.name}}&af_c_id={{campaign.id}}&af_adset={{adset.name}}&af_adset_id={{adset.id}}&af_ad={{ad.name}}&af_ad_id={{ad.id}}&af_siteid={{site_source_name}},Video,"Facebook,Instagram,Audience Network,Messenger,Threads",1,0,9:16,https://video.fblr22-1.fna.fbcdn.net/o1/v/t2/f2/m366/AQO-uYwsaUY6rgam54LXcOXvLM2nUmu8bN1erXgiuKnNy5_SnzWejypYWvgL2oJIWy0R9fnosYwinMr7DMFka1qcaZ0dwdaxtJfdkqlFHGVYYg.mp4?_nc_cat=101&_nc_oc=Adq8a0qMPEWrqFQN9Qf8BiEn4mS3XPSFRgxcKJxXfE-RspOTo6-SUwJkmAS1Biprb3Q&_nc_sid=b66105&_nc_ht=video.fblr22-1.fna.fbcdn.net&_nc_ohc=-VPPLu2ePLoQ7kNvwE1m8hN&efg=eyJ2ZW5jb2RlX3RhZyI6Inhwdl9wcm9ncmVzc2l2ZS5WSV9VU0VDQVNFX1BST0RVQ1RfVFlQRS4uQzMuNzIwLmRhc2hfaDI2NC1iYXNpYy1nZW4yXzcyMHAiLCJ4cHZfYXNzZXRfaWQiOjI4MjQyMzM4ODY1NDU1NjMzLCJhc3NldF9hZ2VfZGF5cyI6NCwidmlfdXNlY2FzZV9pZCI6MTAxMzksImR1cmF0aW9uX3MiOjIxLCJ1cmxnZW5fc291cmNlIjoid3d3In0%3D&ccb=17-1&vs=7e56564358785a6a&_nc_vs=HBksFQIYRWZiX2VwaGVtZXJhbC83NjRGNUY2RDZBNzRDNzMwREFGMkRCREZDQzAxMjVBMV9tdF8xX3ZpZGVvX2Rhc2hpbml0Lm1wNBUAAsgBEgAVAhhAZmJfcGVybWFuZW50LzFGNDc4RkU5ODlEMEI3ODZCRjQxQTE5M0RDMTgzNjlGX2F1ZGlvX2Rhc2hpbml0Lm1wNBUCAsgBEgAoABgAGwKIB3VzZV9vaWwBMRJwcm9ncmVzc2l2ZV9yZWNpcGUBMRUAACaiiJ37vZCrZBUCKAJDMywXQDU7peNT988YGWRhc2hfaDI2NC1iYXNpYy1nZW4yXzcyMHARAHUAZbaeAQA&_nc_gid=BElNZwxqi7tNuhbcBoB-YQ&_nc_ss=7f289&_nc_zt=28&oh=00_AQB0EwQH7lhvu2hB2v2g4-XXIV1z3WmkuKA5OWQPctctXg&oe=6A69038F,https://scontent.fblr22-1.fna.fbcdn.net/v/t39.35426-6/750977582_27001891216157172_3502063849870494044_n.jpg?_nc_cat=108&ccb=1-7&_nc_sid=c53f8f&_nc_ohc=HoD8r0dyqE8Q7kNvwH4PxS9&_nc_oc=Adqt_ms3zb_inDt_i6Jr-OeLkvoKJUNm4VovxlK0a4qvrhu4jDHvsp-gwnx02XP-hcA&_nc_zt=14&_nc_ht=scontent.fblr22-1.fna&_nc_gid=BElNZwxqi7tNuhbcBoB-YQ&_nc_ss=7f289&oh=00_AQDgZUK8qAg3JO_xkIfGjf9NZ-CdokZvj2felL7wjRJXJg&oe=6A6903D6,2026-07-28T19:31:27.000Z,2026-07-24
42,39,Lingo AI,599204246602758,Lingo AI,,IN,985383254463135,https://www.facebook.com/ads/library/?id=985383254463135,2026-07-17,,false,false,1,0,,2026-07-17,,"📘 Learn English easily with simple lessons 
😊 Build confidence with everyday speaking practice 
👉 Download now",👉 Download now,Download,http://itunes.apple.com/app/id6740255326,"Facebook,Instagram,Audience Network,Messenger,Threads","📘 Learn English easily with simple lessons 
😊 Build confidence with everyday speaking practice 
👉 Download now",👉 Download now,Download,http://itunes.apple.com/app/id6740255326,Video,"Facebook,Instagram,Audience Network,Messenger,Threads",1,0,9:16,https://video.fblr22-1.fna.fbcdn.net/o1/v/t2/f2/m366/AQOxoaQkHA2LVSqJKfZ0ahqxI64Ibndo_Ht-GrGHqc832aUwihWMkS3OvWr_aCaVnJdfEk75bvtSlZS4IXbyiKHtWl7c0tAaF7akfeLevKPT4g.mp4?_nc_cat=103&_nc_oc=AdquBpOjAba_mvT0DCS7hQN66UB7ZDnVvdoH_nFSAeIeAwMGMd_VLRlLMXcKLT2TvV0&_nc_sid=b66105&_nc_ht=video.fblr22-1.fna.fbcdn.net&_nc_ohc=1O5AEb7J6YcQ7kNvwGI3zD0&efg=eyJ2ZW5jb2RlX3RhZyI6Inhwdl9wcm9ncmVzc2l2ZS5WSV9VU0VDQVNFX1BST0RVQ1RfVFlQRS4uQzMuNjA4LmRhc2hfaDI2NC1iYXNpYy1nZW4yXzcyMHAiLCJ4cHZfYXNzZXRfaWQiOjgwNDgwMTY0NjA1Mjc5MiwiYXNzZXRfYWdlX2RheXMiOjUsInZpX3VzZWNhc2VfaWQiOjEwMTM5LCJkdXJhdGlvbl9zIjoyNywidXJsZ2VuX3NvdXJjZSI6Ind3dyJ9&ccb=17-1&vs=58b614288aed91d4&_nc_vs=HBksFQIYRWZiX2VwaGVtZXJhbC9CRTRFODNFOENBRjU0NDFCRDMxRjBBNjA5OUQ3QkVBRF9tdF8xX3ZpZGVvX2Rhc2hpbml0Lm1wNBUAAsgBEgAVAhhAZmJfcGVybWFuZW50LzNFNDJDOTA2OTZBNTVDMDIzMzY2QUZGNkRCMkUxNkE4X2F1ZGlvX2Rhc2hpbml0Lm1wNBUCAsgBEgAoABgAGwKIB3VzZV9vaWwBMRJwcm9ncmVzc2l2ZV9yZWNpcGUBMRUAACbwltLDz_3tAhUCKAJDMywXQDuZmZmZmZoYGWRhc2hfaDI2NC1iYXNpYy1nZW4yXzcyMHARAHUAZbaeAQA&_nc_gid=nNU5kpB7zSHM_ps0K-t60A&_nc_ss=7f289&_nc_zt=28&oh=00_AQCAjN0-44To_MWEH173N147FyxEzsSPvKruM9QsKLNVOg&oe=6A68E271,https://scontent.fblr22-2.fna.fbcdn.net/v/t39.35426-6/751563129_1572874524422162_3808158549667037500_n.jpg?_nc_cat=111&ccb=1-7&_nc_sid=c53f8f&_nc_ohc=vsiFViuQ6MoQ7kNvwHREY5Y&_nc_oc=Adp_vcJfWXGOG2rOumAGxDMI5ZE731FUgCj12i7AFsgLvqQb2VL0n1zWILhWvMUZcbo&_nc_zt=14&_nc_ht=scontent.fblr22-2.fna&_nc_gid=nNU5kpB7zSHM_ps0K-t60A&_nc_ss=7f289&oh=00_AQAW0tYoRf_WFzgHCg-vxTW30Q-BR5DANMQIZjLSb__9pg&oe=6A68D753,2026-07-28T17:10:09.000Z,2026-07-24
43,40,Lingo AI,599204246602758,Lingo AI,,IN,1707361663638583,https://www.facebook.com/ads/library/?id=1707361663638583,2026-07-14,,false,false,1,0,,2026-07-14,,"🌟 Want to improve your English? 
📱 Learn anytime in just minutes a day 
💬 Build real speaking confidence 
👉 Download now",👉 Download now,Download,https://speaklearnfrenchlingoai.onelink.me/Y67n?pid=metaweb_int&c={{campaign.name}}&af_c_id={{campaign.id}}&af_adset={{adset.name}}&af_adset_id={{adset.id}}&af_ad={{ad.name}}&af_ad_id={{ad.id}}&af_siteid={{site_source_name}},"Facebook,Instagram,Audience Network,Messenger,Threads","🌟 Want to improve your English? 
📱 Learn anytime in just minutes a day 
💬 Build real speaking confidence 
👉 Download now",👉 Download now,Download,https://speaklearnfrenchlingoai.onelink.me/Y67n?pid=metaweb_int&c={{campaign.name}}&af_c_id={{campaign.id}}&af_adset={{adset.name}}&af_adset_id={{adset.id}}&af_ad={{ad.name}}&af_ad_id={{ad.id}}&af_siteid={{site_source_name}},Video,"Facebook,Instagram,Audience Network,Messenger,Threads",1,0,9:16,https://video.fblr22-2.fna.fbcdn.net/o1/v/t2/f2/m366/AQPYczjfDiQS7HxFp-hf11tsP-6Xz4WHenx9SiaM-2J5cearrw-JHSWYuBOQXVP7mDo00MbLWzInGaEgao1RWhzyNL-z8oIydXe8g5iZ_G-vTw.mp4?_nc_cat=105&_nc_oc=AdqVnhhYYok9C5Ejk-uL5yYCT2yhmXVpy_asbTGHpWA_2ZYWqeVrZq49zLubylNCVh4&_nc_sid=b66105&_nc_ht=video.fblr22-2.fna.fbcdn.net&_nc_ohc=1XDC_bw67kgQ7kNvwEabesZ&efg=eyJ2ZW5jb2RlX3RhZyI6Inhwdl9wcm9ncmVzc2l2ZS5WSV9VU0VDQVNFX1BST0RVQ1RfVFlQRS4uQzMuNzIwLmRhc2hfaDI2NC1iYXNpYy1nZW4yXzcyMHAiLCJ4cHZfYXNzZXRfaWQiOjk5NTUxMzg1MzI5MzkyOSwiYXNzZXRfYWdlX2RheXMiOjEwLCJ2aV91c2VjYXNlX2lkIjoxMDEzOSwiZHVyYXRpb25fcyI6MzMsInVybGdlbl9zb3VyY2UiOiJ3d3cifQ%3D%3D&ccb=17-1&vs=f84e1eb4cf11adc0&_nc_vs=HBksFQIYRWZiX2VwaGVtZXJhbC9FNjQ1NjMwQUZBQkE2QzZCMzIzN0Y0QTEyMjk5NDk5MV9tdF8xX3ZpZGVvX2Rhc2hpbml0Lm1wNBUAAsgBEgAVAhhAZmJfcGVybWFuZW50L0EyNEU5RUZFOTA4OEEyODU3M0NBOEIyMzA1MjZDMTlEX2F1ZGlvX2Rhc2hpbml0Lm1wNBUCAsgBEgAoABgAGwKIB3VzZV9vaWwBMRJwcm9ncmVzc2l2ZV9yZWNpcGUBMRUAACbS1cGZxNrEAxUCKAJDMywXQECMzMzMzM0YGWRhc2hfaDI2NC1iYXNpYy1nZW4yXzcyMHARAHUAZbaeAQA&_nc_gid=nNU5kpB7zSHM_ps0K-t60A&_nc_ss=7f289&_nc_zt=28&oh=00_AQCK7-DaT_ZOQk9BkrT4fzVILK3iwiYGr_csFRaItuNbkQ&oe=6A6901DB,https://scontent.fblr22-1.fna.fbcdn.net/v/t39.35426-6/748216207_1517587722928996_5248808571040119819_n.jpg?_nc_cat=109&ccb=1-7&_nc_sid=c53f8f&_nc_ohc=QJQy4w_jVbIQ7kNvwHgV32S&_nc_oc=AdoK1hdl0wfGsXWj95M74rzFuSg3beu2IDDU7kBs5mlWbnWU2iQtCQZuXTZn-6xZTRU&_nc_zt=14&_nc_ht=scontent.fblr22-1.fna&_nc_gid=nNU5kpB7zSHM_ps0K-t60A&_nc_ss=7f289&oh=00_AQDt6yCM_VOai7mWO4uMgY3JpM-ViLxPApy6LWOrlxkZ0g&oe=6A690637,2026-07-28T19:24:11.000Z,2026-07-24
44,41,Lingo AI,599204246602758,Lingo AI,,IN,1593506989055593,https://www.facebook.com/ads/library/?id=1593506989055593,2026-07-18,,false,false,1,0,,2026-07-18,,"🌟 Want to improve your English? 
📱 Learn anytime in just minutes a day 💬 Build real speaking confidence 
👉 Download now",👉 Download now,Download,http://itunes.apple.com/app/id6740255326,"Facebook,Instagram,Audience Network,Messenger,Threads","🌟 Want to improve your English? 
📱 Learn anytime in just minutes a day 💬 Build real speaking confidence 
👉 Download now",👉 Download now,Download,http://itunes.apple.com/app/id6740255326,Video,"Facebook,Instagram,Audience Network,Messenger,Threads",1,0,9:16,https://video.fblr22-2.fna.fbcdn.net/o1/v/t2/f2/m366/AQMMZe-wyNlTpzxLIzn_Fj0AEdjgb65psPRQJH51Q0J1UmpdMWx1pI7IvmPa4mVwdTk8EDODuT4O52jXSXLPeVkTWFYQfghHnCPW1tQwYiPkdQ.mp4?_nc_cat=105&_nc_oc=AdrQ0oz_50lRelc_7zCbj8K920gW3B97pdoXot3l5jy4B0iLWfVFc48QZYMrZIn7aqY&_nc_sid=b66105&_nc_ht=video.fblr22-2.fna.fbcdn.net&_nc_ohc=7jyvcv_7wqsQ7kNvwFawCpk&efg=eyJ2ZW5jb2RlX3RhZyI6Inhwdl9wcm9ncmVzc2l2ZS5WSV9VU0VDQVNFX1BST0RVQ1RfVFlQRS4uQzMuNzIwLmRhc2hfaDI2NC1iYXNpYy1nZW4yXzcyMHAiLCJ4cHZfYXNzZXRfaWQiOjEzNTQzMjQ0NjM1NTkwODYsImFzc2V0X2FnZV9kYXlzIjo0LCJ2aV91c2VjYXNlX2lkIjoxMDEzOSwiZHVyYXRpb25fcyI6MjUsInVybGdlbl9zb3VyY2UiOiJ3d3cifQ%3D%3D&ccb=17-1&vs=db2c1a2477bb15e5&_nc_vs=HBksFQIYRWZiX2VwaGVtZXJhbC9FNDQxNUZDRjMxRjc2NkIzNERGMjgwQTc3RDk1MzdBMV9tdF8xX3ZpZGVvX2Rhc2hpbml0Lm1wNBUAAsgBEgAVAhhAZmJfcGVybWFuZW50LzBENDkzMzM4NzRGODBGQzU0NDNGRkI4N0FBQkZEOUIwX2F1ZGlvX2Rhc2hpbml0Lm1wNBUCAsgBEgAoABgAGwKIB3VzZV9vaWwBMRJwcm9ncmVzc2l2ZV9yZWNpcGUBMRUAACbchv3Ih_DnBBUCKAJDMywXQDlu2RaHKwIYGWRhc2hfaDI2NC1iYXNpYy1nZW4yXzcyMHARAHUAZbaeAQA&_nc_gid=nNU5kpB7zSHM_ps0K-t60A&_nc_ss=7f289&_nc_zt=28&oh=00_AQDETAJCuk8T5eiJcP29E8gyJPKfKN2KKoaf8M_oQ_HUxg&oe=6A68EA4B,https://scontent.fblr22-1.fna.fbcdn.net/v/t39.35426-6/750117667_1604430704368687_7743014713690328815_n.jpg?_nc_cat=106&ccb=1-7&_nc_sid=c53f8f&_nc_ohc=18rCTq3js_EQ7kNvwGtbz6v&_nc_oc=AdprNB1oFLb_lii5XQhw48QAe3Xf_OCL94wTRzeaLcf28fiU0POIuWq-eFiV0EloKS0&_nc_zt=14&_nc_ht=scontent.fblr22-1.fna&_nc_gid=nNU5kpB7zSHM_ps0K-t60A&_nc_ss=7f289&oh=00_AQDPWi5tAvhalnCOwdY-hMMGRRsTbbvwrGSuaZEP3ye9FQ&oe=6A68DAB2,2026-07-28T17:43:39.000Z,2026-07-24
45,42,Lingo AI,599204246602758,Lingo AI,,IN,1774312530392982,https://www.facebook.com/ads/library/?id=1774312530392982,2026-07-20,,false,false,1,0,,2026-07-20,,"🌍 Learn real English for everyday life 
🗣 Practice speaking with simple lessons 
⏱ Just 5 minutes a day
👉 Download now",👇 Start now,Download,https://speaklearnfrenchlingoai.onelink.me/Y67n?pid=metaweb_int&c={{campaign.name}}&af_c_id={{campaign.id}}&af_adset={{adset.name}}&af_adset_id={{adset.id}}&af_ad={{ad.name}}&af_ad_id={{ad.id}}&af_siteid={{site_source_name}},"Facebook,Instagram,Audience Network,Messenger,Threads","🌍 Learn real English for everyday life 
🗣 Practice speaking with simple lessons 
⏱ Just 5 minutes a day
👉 Download now",👇 Start now,Download,https://speaklearnfrenchlingoai.onelink.me/Y67n?pid=metaweb_int&c={{campaign.name}}&af_c_id={{campaign.id}}&af_adset={{adset.name}}&af_adset_id={{adset.id}}&af_ad={{ad.name}}&af_ad_id={{ad.id}}&af_siteid={{site_source_name}},Video,"Facebook,Instagram,Audience Network,Messenger,Threads",1,0,9:16,https://video.fblr22-1.fna.fbcdn.net/o1/v/t2/f2/m366/AQM0AgfUBWyMtlGzjL1mbF_HbdIw7qYQ6xIu-OlZiCv9vWdgnqIuPlMHTVLvs2EY-FEf2AsRkdE4CukStk--wTnGxXqoB8EUYtgaoM9tvufIWw.mp4?_nc_cat=101&_nc_oc=AdpCLSEt5BCiCkAQ2s8ctS12JSNfSOr4NxzY5tGISVqbBuMBhFd6gBOV3mLQBz2ooGI&_nc_sid=b66105&_nc_ht=video.fblr22-1.fna.fbcdn.net&_nc_ohc=ZCQZWB9J2FsQ7kNvwHtjeVI&efg=eyJ2ZW5jb2RlX3RhZyI6Inhwdl9wcm9ncmVzc2l2ZS5WSV9VU0VDQVNFX1BST0RVQ1RfVFlQRS4uQzMuNzIwLmRhc2hfaDI2NC1iYXNpYy1nZW4yXzcyMHAiLCJ4cHZfYXNzZXRfaWQiOjE5NDE2NDEzMzk4NDk5NzgsImFzc2V0X2FnZV9kYXlzIjozMiwidmlfdXNlY2FzZV9pZCI6MTAxMzksImR1cmF0aW9uX3MiOjY0LCJ1cmxnZW5fc291cmNlIjoid3d3In0%3D&ccb=17-1&vs=d4c5d0554586843&_nc_vs=HBksFQIYRWZiX2VwaGVtZXJhbC9DRDQ1NUE2RTI3REEwRUMzMkM3NkU2QUNEMDM4OEJCNV9tdF8xX3ZpZGVvX2Rhc2hpbml0Lm1wNBUAAsgBEgAVAhhAZmJfcGVybWFuZW50LzIyNDVEOTNGREEwQTJGMEI3NkY5ODhFNkQ2NjNFOEFGX2F1ZGlvX2Rhc2hpbml0Lm1wNBUCAsgBEgAoABgAGwKIB3VzZV9vaWwBMRJwcm9ncmVzc2l2ZV9yZWNpcGUBMRUAACb0s76ls_ryBhUCKAJDMywXQFAkOVgQYk4YGWRhc2hfaDI2NC1iYXNpYy1nZW4yXzcyMHARAHUAZbaeAQA&_nc_gid=nNU5kpB7zSHM_ps0K-t60A&_nc_ss=7f289&_nc_zt=28&oh=00_AQBV0u-tM4j9EMqxKzALQyjIDC-EMGNCsicHZLbiErIdPA&oe=6A68DD63,https://scontent.fblr22-2.fna.fbcdn.net/v/t39.35426-6/749585402_904632962067484_3719924846858083516_n.jpg?_nc_cat=100&ccb=1-7&_nc_sid=c53f8f&_nc_ohc=bd_4CR8h7FYQ7kNvwEjGWOt&_nc_oc=Adphwlr6JC9NNbI72hYHl1g7noKLpJiTM_cTox0-CCJ4SF6RLfJ9LGAHl3l7hVOVC-o&_nc_zt=14&_nc_ht=scontent.fblr22-2.fna&_nc_gid=nNU5kpB7zSHM_ps0K-t60A&_nc_ss=7f289&oh=00_AQAKzpnGHm-yoUyhiXXxZZL3YIuxPO5C_pW5BUb9fWUnLQ&oe=6A68F2D0,2026-07-28T16:48:35.000Z,2026-07-24
46,43,Lingo AI,599204246602758,Lingo AI,,IN,1518916412488930,https://www.facebook.com/ads/library/?id=1518916412488930,2026-07-16,,false,false,1,0,,2026-07-16,,"📘 Learn English easily with simple lessons 
😊 Build confidence with everyday speaking practice 
👉 Download now",👉 Download now,Download,https://speaklearnfrenchlingoai.onelink.me/Y67n?pid=metaweb_int&c={{campaign.name}}&af_c_id={{campaign.id}}&af_adset={{adset.name}}&af_adset_id={{adset.id}}&af_ad={{ad.name}}&af_ad_id={{ad.id}}&af_siteid={{site_source_name}},"Facebook,Instagram,Audience Network,Messenger,Threads","📘 Learn English easily with simple lessons 
😊 Build confidence with everyday speaking practice 
👉 Download now",👉 Download now,Download,https://speaklearnfrenchlingoai.onelink.me/Y67n?pid=metaweb_int&c={{campaign.name}}&af_c_id={{campaign.id}}&af_adset={{adset.name}}&af_adset_id={{adset.id}}&af_ad={{ad.name}}&af_ad_id={{ad.id}}&af_siteid={{site_source_name}},Video,"Facebook,Instagram,Audience Network,Messenger,Threads",1,0,9:16,https://video.fblr22-1.fna.fbcdn.net/o1/v/t2/f2/m366/AQNG5wD0sonuJk1JWNeIpmPMB0LRGTiDGEd8JE3Pm6nvOz_A2BYuKS6K8N-Ks1C9JQaP8r_63Miq_i8UOQ8-UH4IsnUVOJxZFxFp1l6ksIejlg.mp4?_nc_cat=104&_nc_oc=Ados9jWZYZ2zceqmiaVINMSN-UFvYUDwxo1DpJI6wCCKmtU2pIZShKb-mmj1uVxN_HY&_nc_sid=b66105&_nc_ht=video.fblr22-1.fna.fbcdn.net&_nc_ohc=qt3oDWqXAygQ7kNvwHD5N96&efg=eyJ2ZW5jb2RlX3RhZyI6Inhwdl9wcm9ncmVzc2l2ZS5WSV9VU0VDQVNFX1BST0RVQ1RfVFlQRS4uQzMuNzIwLmRhc2hfaDI2NC1iYXNpYy1nZW4yXzcyMHAiLCJ4cHZfYXNzZXRfaWQiOjE1NzE5MjM1NjgwNTI2MjcsImFzc2V0X2FnZV9kYXlzIjoxMywidmlfdXNlY2FzZV9pZCI6MTAxMzksImR1cmF0aW9uX3MiOjM1LCJ1cmxnZW5fc291cmNlIjoid3d3In0%3D&ccb=17-1&vs=239e3ca12d48f593&_nc_vs=HBksFQIYRWZiX2VwaGVtZXJhbC9BRDQ4N0NBODkyQjBEMUQ5QkY1QjlERDlDNzNCREM4OV9tdF8xX3ZpZGVvX2Rhc2hpbml0Lm1wNBUAAsgBEgAVAhhAZmJfcGVybWFuZW50LzUzNEU0NjYwM0NERUEyMTA3MzMyMUY1QTZDRDVENTk2X2F1ZGlvX2Rhc2hpbml0Lm1wNBUCAsgBEgAoABgAGwKIB3VzZV9vaWwBMRJwcm9ncmVzc2l2ZV9yZWNpcGUBMRUAACamppqe_-nKBRUCKAJDMywXQEHEOVgQYk4YGWRhc2hfaDI2NC1iYXNpYy1nZW4yXzcyMHARAHUAZbaeAQA&_nc_gid=nNU5kpB7zSHM_ps0K-t60A&_nc_ss=7f289&_nc_zt=28&oh=00_AQCvO7ubmbumh2eTUF9eRcTqL-jbwIGyYChTjXNiWa04JA&oe=6A68E3E4,https://scontent.fblr22-1.fna.fbcdn.net/v/t39.35426-6/743763912_1588660342878263_6923698963260793612_n.jpg?_nc_cat=103&ccb=1-7&_nc_sid=c53f8f&_nc_ohc=moXRMKnKrrcQ7kNvwFq8k_3&_nc_oc=AdqzBSGBSk1LNn_YXNP5oEoH3tkW_fZEdvX3_4sRR4PxkduXfQDTdlDy_h7Y3JSQViw&_nc_zt=14&_nc_ht=scontent.fblr22-1.fna&_nc_gid=nNU5kpB7zSHM_ps0K-t60A&_nc_ss=7f289&oh=00_AQDwKzjfejnWULKre8MVcHeWKbnVx-FBNBY8q_KFxzBjYA&oe=6A68DAB8,2026-07-28T17:16:20.000Z,2026-07-24
47,44,Lingo AI,599204246602758,Lingo AI,,IN,1355464143431391,https://www.facebook.com/ads/library/?id=1355464143431391,2026-07-20,,false,false,1,0,,2026-07-20,,"📘 Learn English easily with simple lessons 
😊 Build confidence with everyday speaking practice 
👉 Download now",👉 Download now,Download,https://speaklearnfrenchlingoai.onelink.me/Y67n?pid=metaweb_int&c={{campaign.name}}&af_c_id={{campaign.id}}&af_adset={{adset.name}}&af_adset_id={{adset.id}}&af_ad={{ad.name}}&af_ad_id={{ad.id}}&af_siteid={{site_source_name}},"Facebook,Instagram,Audience Network,Messenger,Threads","📘 Learn English easily with simple lessons 
😊 Build confidence with everyday speaking practice 
👉 Download now",👉 Download now,Download,https://speaklearnfrenchlingoai.onelink.me/Y67n?pid=metaweb_int&c={{campaign.name}}&af_c_id={{campaign.id}}&af_adset={{adset.name}}&af_adset_id={{adset.id}}&af_ad={{ad.name}}&af_ad_id={{ad.id}}&af_siteid={{site_source_name}},Video,"Facebook,Instagram,Audience Network,Messenger,Threads",1,0,9:16,https://video.fblr22-1.fna.fbcdn.net/o1/v/t2/f2/m366/AQOOrrC_dKQwo5GA16xDGmCiGTBSt4ExEpLP7yr3TG1Io2k5JniG9vGqe9_OZ8c4E_03n6ORhpH2vt9PgCQpMxlisFTF2LMCLkyFtRCcGMuJVw.mp4?_nc_cat=101&_nc_oc=Adp1z_f6EahvpVWwATRpBW9hnbmoby3GrNVz34Gh6nZOYjExLfArf91WvJTs_Q5S0T4&_nc_sid=b66105&_nc_ht=video.fblr22-1.fna.fbcdn.net&_nc_ohc=3BSu9a03HoMQ7kNvwEaFYau&efg=eyJ2ZW5jb2RlX3RhZyI6Inhwdl9wcm9ncmVzc2l2ZS5WSV9VU0VDQVNFX1BST0RVQ1RfVFlQRS4uQzMuNzIwLmRhc2hfaDI2NC1iYXNpYy1nZW4yXzcyMHAiLCJ4cHZfYXNzZXRfaWQiOjg3ODYyNzIyMTk4MzY4MiwiYXNzZXRfYWdlX2RheXMiOjIsInZpX3VzZWNhc2VfaWQiOjEwMTM5LCJkdXJhdGlvbl9zIjo2NiwidXJsZ2VuX3NvdXJjZSI6Ind3dyJ9&ccb=17-1&vs=11c216f6d54d40fb&_nc_vs=HBksFQIYRWZiX2VwaGVtZXJhbC8xNDQ1N0MxNzdCQzc3QTZDMEY0M0YzRjNDQjdDMTg5RV9tdF8xX3ZpZGVvX2Rhc2hpbml0Lm1wNBUAAsgBEgAVAhhAZmJfcGVybWFuZW50LzBBNDI2Qzk2N0RBM0E2RUIyM0QwQzI5RkMzNURGODkwX2F1ZGlvX2Rhc2hpbml0Lm1wNBUCAsgBEgAoABgAGwKIB3VzZV9vaWwBMRJwcm9ncmVzc2l2ZV9yZWNpcGUBMRUAACaEx6b36saPAxUCKAJDMywXQFCAAAAAAAAYGWRhc2hfaDI2NC1iYXNpYy1nZW4yXzcyMHARAHUAZbaeAQA&_nc_gid=nNU5kpB7zSHM_ps0K-t60A&_nc_ss=7f289&_nc_zt=28&oh=00_AQDezUWLVWxxezEy7AQyIA_kQCo-tO4EprJEkMGP_4jRvg&oe=6A68D707,https://scontent.fblr22-1.fna.fbcdn.net/v/t39.35426-6/742997931_2251256889027625_4759089796549318949_n.jpg?_nc_cat=109&ccb=1-7&_nc_sid=c53f8f&_nc_ohc=vU8607qSUtAQ7kNvwGYSZst&_nc_oc=AdrcdFmP9zg4nLchjhsMkFCd2RENqyxDwanQlVsiMty_7FSRUPFGBRIRr9s-Ye2ibnY&_nc_zt=14&_nc_ht=scontent.fblr22-1.fna&_nc_gid=nNU5kpB7zSHM_ps0K-t60A&_nc_ss=7f289&oh=00_AQBZ3guj7WmLxcnMf5AX-pqc3IrmpNbP8Usns8n9XM7h4g&oe=6A68DB1C,2026-07-28T16:21:27.000Z,2026-07-24
48,45,Lingo AI,599204246602758,Lingo AI,,IN,1974114539932554,https://www.facebook.com/ads/library/?id=1974114539932554,2026-07-21,,false,false,1,0,,2026-07-21,,"🌍 تعلّم الإنجليزية الحقيقية للحياة اليومية
🗣 تدرّب على التحدث من خلال دروس بسيطة
⏱ فقط 5 دقائق يوميًا
👉 حمّل التطبيق الآن",👉 حمّل التطبيق الآن,Download,https://speaklearnfrenchlingoai.onelink.me/Y67n?pid=metaweb_int&c={{campaign.name}}&af_c_id={{campaign.id}}&af_adset={{adset.name}}&af_adset_id={{adset.id}}&af_ad={{ad.name}}&af_ad_id={{ad.id}}&af_siteid={{site_source_name}},"Facebook,Instagram,Audience Network,Messenger,Threads","🌍 تعلّم الإنجليزية الحقيقية للحياة اليومية
🗣 تدرّب على التحدث من خلال دروس بسيطة
⏱ فقط 5 دقائق يوميًا
👉 حمّل التطبيق الآن",👉 حمّل التطبيق الآن,Download,https://speaklearnfrenchlingoai.onelink.me/Y67n?pid=metaweb_int&c={{campaign.name}}&af_c_id={{campaign.id}}&af_adset={{adset.name}}&af_adset_id={{adset.id}}&af_ad={{ad.name}}&af_ad_id={{ad.id}}&af_siteid={{site_source_name}},Video,"Facebook,Instagram,Audience Network,Messenger,Threads",1,0,9:16,https://video.fblr22-1.fna.fbcdn.net/o1/v/t2/f2/m366/AQMy90fjM3aTgF7eFF5E4NT47jhoNr-8-JGPMsYJ3A5qFzb5BCmlcGNIiiLITXwQpQ3Y-xNuyU0II_vac-2GoP1QqHtiMwUBaR-Cv-6p8qNGkw.mp4?_nc_cat=109&_nc_oc=AdoZQg1eJ7zv4r_f_dWVM5pY4Z9y9IZ4zvHoMVmydbZ-IC1wklEWdhvUqAgeZEyksyM&_nc_sid=b66105&_nc_ht=video.fblr22-1.fna.fbcdn.net&_nc_ohc=nJn-P8RiIO0Q7kNvwGU7zGc&efg=eyJ2ZW5jb2RlX3RhZyI6Inhwdl9wcm9ncmVzc2l2ZS5WSV9VU0VDQVNFX1BST0RVQ1RfVFlQRS4uQzMuNzIwLmRhc2hfaDI2NC1iYXNpYy1nZW4yXzcyMHAiLCJ4cHZfYXNzZXRfaWQiOjE3NzIyMDcyMzcyNzkwNTIsImFzc2V0X2FnZV9kYXlzIjo0LCJ2aV91c2VjYXNlX2lkIjoxMDEzOSwiZHVyYXRpb25fcyI6MTksInVybGdlbl9zb3VyY2UiOiJ3d3cifQ%3D%3D&ccb=17-1&vs=919cdf5d7eb628bb&_nc_vs=HBksFQIYRWZiX2VwaGVtZXJhbC8zQzREMUYwNEI3QjQxQTY1N0E0MDg0NTIwMEUyOEM5OF9tdF8xX3ZpZGVvX2Rhc2hpbml0Lm1wNBUAAsgBEgAVAhhAZmJfcGVybWFuZW50LzNENDExNkQ0M0ZCMDU0Mzc0RjY3OTlDNTk2MEFFNkI4X2F1ZGlvX2Rhc2hpbml0Lm1wNBUCAsgBEgAoABgAGwKIB3VzZV9vaWwBMRJwcm9ncmVzc2l2ZV9yZWNpcGUBMRUAACaYtcXthPSlBhUCKAJDMywXQDNMzMzMzM0YGWRhc2hfaDI2NC1iYXNpYy1nZW4yXzcyMHARAHUAZbaeAQA&_nc_gid=nNU5kpB7zSHM_ps0K-t60A&_nc_ss=7f289&_nc_zt=28&oh=00_AQB1ZE0L0OIayoeU8eh9lp29BEa_CP-Hj3zofDZMIZnOhA&oe=6A69028F,https://scontent.fblr22-1.fna.fbcdn.net/v/t39.35426-6/740197072_1354953863487004_781172380085546317_n.jpg?_nc_cat=102&ccb=1-7&_nc_sid=c53f8f&_nc_ohc=18XGJMcTrncQ7kNvwFAHo_7&_nc_oc=Adoc9itL8gzg_foazRyuT6UKD1o0vFVfRAk4eHEBxYZzUr4dfsTiqnKvTeteWuMm9VQ&_nc_zt=14&_nc_ht=scontent.fblr22-1.fna&_nc_gid=nNU5kpB7zSHM_ps0K-t60A&_nc_ss=7f289&oh=00_AQCejAI3-xYlHpeizBda4RlVCu5u5p-mpY3-J6Ndop52cA&oe=6A68F5B8,2026-07-28T19:27:11.000Z,2026-07-24
49,46,Lingo AI,599204246602758,Lingo AI,,IN,1705366507331909,https://www.facebook.com/ads/library/?id=1705366507331909,2026-06-17,,false,false,1,0,,2026-06-17,,"📘 Learn English easily with simple lessons 
😊 Build confidence with everyday speaking practice 
👉 Download now",👉 Download now,Download,https://speaklearnfrenchlingoai.onelink.me/Y67n?pid=metaweb_int&c={{campaign.name}}&af_c_id={{campaign.id}}&af_adset={{adset.name}}&af_adset_id={{adset.id}}&af_ad={{ad.name}}&af_ad_id={{ad.id}}&af_siteid={{site_source_name}},"Facebook,Instagram,Audience Network,Messenger,Threads","📘 Learn English easily with simple lessons 
😊 Build confidence with everyday speaking practice 
👉 Download now",👉 Download now,Download,https://speaklearnfrenchlingoai.onelink.me/Y67n?pid=metaweb_int&c={{campaign.name}}&af_c_id={{campaign.id}}&af_adset={{adset.name}}&af_adset_id={{adset.id}}&af_ad={{ad.name}}&af_ad_id={{ad.id}}&af_siteid={{site_source_name}},Video,"Facebook,Instagram,Audience Network,Messenger,Threads",1,0,9:16,https://video.fblr22-1.fna.fbcdn.net/o1/v/t2/f2/m366/AQPdwKPTpEZSU9vZgmkeDaesEIcTcBkEQ6GOrwFLlf72r73aCLxAL4tTEud999n98Hj2XGPy4Szkks41swj7g2LeH4cAnijPMeHEKvysWA1zng.mp4?_nc_cat=104&_nc_oc=AdrboP05DyVqXUmQSzg6e4iZNvrNLTaLAJybE4fxrs9hTQIWAOAPt0MRqtIGYVptl5k&_nc_sid=b66105&_nc_ht=video.fblr22-1.fna.fbcdn.net&_nc_ohc=9bSabfq8hpIQ7kNvwGLUISm&efg=eyJ2ZW5jb2RlX3RhZyI6Inhwdl9wcm9ncmVzc2l2ZS5WSV9VU0VDQVNFX1BST0RVQ1RfVFlQRS4uQzMuNzIwLmRhc2hfaDI2NC1iYXNpYy1nZW4yXzcyMHAiLCJ4cHZfYXNzZXRfaWQiOjI0ODU3NjIyMDUyNjUxNjUsImFzc2V0X2FnZV9kYXlzIjozOCwidmlfdXNlY2FzZV9pZCI6MTAxMzksImR1cmF0aW9uX3MiOjMyLCJ1cmxnZW5fc291cmNlIjoid3d3In0%3D&ccb=17-1&vs=ade74f2e4b08a301&_nc_vs=HBksFQIYRWZiX2VwaGVtZXJhbC8xNjQ3OUFEN0YwRTRGODVCREUwQzNDMTlGNzM2RDc5QV9tdF8xX3ZpZGVvX2Rhc2hpbml0Lm1wNBUAAsgBEgAVAhhAZmJfcGVybWFuZW50L0RDNDYxOEUzQ0U1NUVFQTA0QUNDMTREQzRGMjk5MjlEX2F1ZGlvX2Rhc2hpbml0Lm1wNBUCAsgBEgAoABgAGwKIB3VzZV9vaWwBMRJwcm9ncmVzc2l2ZV9yZWNpcGUBMRUAACaatO3Ts7LqCBUCKAJDMywXQEBd0vGp--cYGWRhc2hfaDI2NC1iYXNpYy1nZW4yXzcyMHARAHUAZbaeAQA&_nc_gid=nNU5kpB7zSHM_ps0K-t60A&_nc_ss=7f289&_nc_zt=28&oh=00_AQB-FZRpfF2rbz4V7irXfKgdTJewNeA9uvsC2UTh99vAwQ&oe=6A68FF18,https://scontent.fblr22-1.fna.fbcdn.net/v/t39.35426-6/719534484_1736774460662365_4429883413084393841_n.jpg?_nc_cat=108&ccb=1-7&_nc_sid=c53f8f&_nc_ohc=Adqmk4yrXW8Q7kNvwHzJJ_U&_nc_oc=AdqDaNtiO2hH9qSsao1Iqnvovh5KKVEY2V0Z6FPnVxVMOxWzb2v_AKr2Vh9miDUrbIk&_nc_zt=14&_nc_ht=scontent.fblr22-1.fna&_nc_gid=nNU5kpB7zSHM_ps0K-t60A&_nc_ss=7f289&oh=00_AQAxi-EV5x-9OJ-BduMOnvrjmwEc9Qs-ZqgcfG5vDJS30A&oe=6A69007D,2026-07-28T19:12:24.000Z,2026-07-24
50,47,Lingo AI,599204246602758,Lingo AI,,IN,1466504155245534,https://www.facebook.com/ads/library/?id=1466504155245534,2026-07-11,,false,false,1,0,,2026-07-11,,"🌟 Quer melhorar o seu inglês?
📱 Aprenda a qualquer hora em apenas alguns minutos por dia
💬 Ganhe confiança para falar inglês de verdade
👉 Baixe agora",👉 Baixe agora,Download,https://speaklearnfrenchlingoai.onelink.me/Y67n?pid=metaweb_int&c={{campaign.name}}&af_c_id={{campaign.id}}&af_adset={{adset.name}}&af_adset_id={{adset.id}}&af_ad={{ad.name}}&af_ad_id={{ad.id}}&af_siteid={{site_source_name}},"Facebook,Instagram,Audience Network,Messenger,Threads","🌟 Quer melhorar o seu inglês?
📱 Aprenda a qualquer hora em apenas alguns minutos por dia
💬 Ganhe confiança para falar inglês de verdade
👉 Baixe agora",👉 Baixe agora,Download,https://speaklearnfrenchlingoai.onelink.me/Y67n?pid=metaweb_int&c={{campaign.name}}&af_c_id={{campaign.id}}&af_adset={{adset.name}}&af_adset_id={{adset.id}}&af_ad={{ad.name}}&af_ad_id={{ad.id}}&af_siteid={{site_source_name}},Video,"Facebook,Instagram,Audience Network,Messenger,Threads",1,0,9:16,https://video.fblr22-1.fna.fbcdn.net/o1/v/t2/f2/m366/AQM4yiCEu-8aqfX6MICgMLOOdHe3xyoL9KvUIvX4UbbIF3sq_v-h54g9KjkdDpe1Iv-w6KY9yI-nlKhKPaODkdk3P-maS2cLp8w85VI-C_SNZg.mp4?_nc_cat=101&_nc_oc=AdraYj437w4wfy6mf9dZa4Iisjp0Np_cSlxXnqBO8JCFEq-ykEz2rBCghrHC4mVd17o&_nc_sid=b66105&_nc_ht=video.fblr22-1.fna.fbcdn.net&_nc_ohc=MmjsVGGlpsEQ7kNvwHH0fsb&efg=eyJ2ZW5jb2RlX3RhZyI6Inhwdl9wcm9ncmVzc2l2ZS5WSV9VU0VDQVNFX1BST0RVQ1RfVFlQRS4uQzMuNjA4LmRhc2hfaDI2NC1iYXNpYy1nZW4yXzcyMHAiLCJ4cHZfYXNzZXRfaWQiOjEzMTAzMzE4NDc5Nzg0ODksImFzc2V0X2FnZV9kYXlzIjoyMywidmlfdXNlY2FzZV9pZCI6MTAxMzksImR1cmF0aW9uX3MiOjQ3LCJ1cmxnZW5fc291cmNlIjoid3d3In0%3D&ccb=17-1&vs=83c7aa064bf5e5a8&_nc_vs=HBksFQIYRWZiX2VwaGVtZXJhbC80RDRDMDVDQTkzRTkwNDMxQkY3RkMxQzEwODFGMEU4Rl9tdF8xX3ZpZGVvX2Rhc2hpbml0Lm1wNBUAAsgBEgAVAhhAZmJfcGVybWFuZW50L0FBNEM2NUE3MzU0MzY5MUYxOTBFRkI0MkJFN0IwNzlCX2F1ZGlvX2Rhc2hpbml0Lm1wNBUCAsgBEgAoABgAGwKIB3VzZV9vaWwBMRJwcm9ncmVzc2l2ZV9yZWNpcGUBMRUAACbyt7GFre_TBBUCKAJDMywXQEe3bItDlYEYGWRhc2hfaDI2NC1iYXNpYy1nZW4yXzcyMHARAHUAZbaeAQA&_nc_gid=nNU5kpB7zSHM_ps0K-t60A&_nc_ss=7f289&_nc_zt=28&oh=00_AQAiiAoyYGvClTuTJDI9J21Z29XoqLcCQC9r7wxgirTpDg&oe=6A69044F,https://scontent.fblr22-1.fna.fbcdn.net/v/t39.35426-6/740070483_1310542420885655_1970135649550558169_n.jpg?_nc_cat=102&ccb=1-7&_nc_sid=c53f8f&_nc_ohc=EyK2la3kI_sQ7kNvwG6C7CV&_nc_oc=Ado2BZbY7YKYi2PPLh8_s20wg5S6vVmyUVD2BWcjAuo27Yc1CoQl9ZWnz3YuzmcXawQ&_nc_zt=14&_nc_ht=scontent.fblr22-1.fna&_nc_gid=nNU5kpB7zSHM_ps0K-t60A&_nc_ss=7f289&oh=00_AQCuW2Bb3lu3rvMiFnm9X-PhreRtDFkvNtoRvwHvx1XkSQ&oe=6A68EB9B,2026-07-28T19:34:39.000Z,2026-07-24
51,48,Lingo AI,599204246602758,Lingo AI,,IN,1506922147561152,https://www.facebook.com/ads/library/?id=1506922147561152,2026-06-17,,false,false,1,0,,2026-06-17,,"📘 Learn English easily with simple lessons 
😊 Build confidence with everyday speaking practice 
👉 Download now",👉 Download now,Download,https://speaklearnfrenchlingoai.onelink.me/Y67n?pid=metaweb_int&c={{campaign.name}}&af_c_id={{campaign.id}}&af_adset={{adset.name}}&af_adset_id={{adset.id}}&af_ad={{ad.name}}&af_ad_id={{ad.id}}&af_siteid={{site_source_name}},"Facebook,Instagram,Audience Network,Messenger,Threads","📘 Learn English easily with simple lessons 
😊 Build confidence with everyday speaking practice 
👉 Download now",👉 Download now,Download,https://speaklearnfrenchlingoai.onelink.me/Y67n?pid=metaweb_int&c={{campaign.name}}&af_c_id={{campaign.id}}&af_adset={{adset.name}}&af_adset_id={{adset.id}}&af_ad={{ad.name}}&af_ad_id={{ad.id}}&af_siteid={{site_source_name}},Video,"Facebook,Instagram,Audience Network,Messenger,Threads",1,0,9:16,https://video.fblr22-2.fna.fbcdn.net/o1/v/t2/f2/m366/AQNC3rBtMbw7FO47_iQRxcEbS-8fYodfTTX3dh9xLYJhpAtWH6wdLCsSfe3XHPjLp71TIt4jNtltEI8MLvSC_hpUCL0MzJuPBCXh1ADc8jaS0A.mp4?_nc_cat=111&_nc_oc=Ado3w31sAIDCFW87-kdjIqr1xlM0tRXf7k4-k8M90KXRrSF_f-cWrW7tAtFtKkD2i2M&_nc_sid=b66105&_nc_ht=video.fblr22-2.fna.fbcdn.net&_nc_ohc=JWmOtFc3nYMQ7kNvwHywIBr&efg=eyJ2ZW5jb2RlX3RhZyI6Inhwdl9wcm9ncmVzc2l2ZS5WSV9VU0VDQVNFX1BST0RVQ1RfVFlQRS4uQzMuNjA4LmRhc2hfaDI2NC1iYXNpYy1nZW4yXzcyMHAiLCJ4cHZfYXNzZXRfaWQiOjEzNjAyMTEzNDI4MjMwMzcsImFzc2V0X2FnZV9kYXlzIjo2NiwidmlfdXNlY2FzZV9pZCI6MTAxMzksImR1cmF0aW9uX3MiOjM2LCJ1cmxnZW5fc291cmNlIjoid3d3In0%3D&ccb=17-1&vs=b6c446828cfced19&_nc_vs=HBksFQIYRWZiX2VwaGVtZXJhbC8wQjRCOTQxQzk1REVDNEVFNjgyODVCQzQ2Q0E3NzdBMl9tdF8xX3ZpZGVvX2Rhc2hpbml0Lm1wNBUAAsgBEgAVAhhAZmJfcGVybWFuZW50L0QxNDkxNDU4RDVENTg3REMyQzM3MEFCQkVDRjdGRTlBX2F1ZGlvX2Rhc2hpbml0Lm1wNBUCAsgBEgAoABgAGwKIB3VzZV9vaWwBMRJwcm9ncmVzc2l2ZV9yZWNpcGUBMRUAACb6ucSe3MbqBBUCKAJDMywXQEJiDEm6XjUYGWRhc2hfaDI2NC1iYXNpYy1nZW4yXzcyMHARAHUAZbaeAQA&_nc_gid=pja8xTVb8cmkZXKvWGPW2g&_nc_ss=7f289&_nc_zt=28&oh=00_AQAhynNmZ10Nygu1jomfzcvQ8zvkDKON_kkXSqw996RsHQ&oe=6A68DBED,https://scontent.fblr22-1.fna.fbcdn.net/v/t39.35426-6/724753965_1022745583563421_6656513446913681489_n.jpg?_nc_cat=101&ccb=1-7&_nc_sid=c53f8f&_nc_ohc=kY-Rq-dS7KIQ7kNvwFx_9hS&_nc_oc=AdqbpJ6ZjzN3QXQ5AdCRSsZfyJjx-ueobzzaIgbfUrSase3QZu4b4DOTNjvlED-QGQ4&_nc_zt=14&_nc_ht=scontent.fblr22-1.fna&_nc_gid=pja8xTVb8cmkZXKvWGPW2g&_nc_ss=7f289&oh=00_AQCG1gndXbjrMArvEOcMukZR1F4q2WEcIcg27kovMSSMNw&oe=6A68E5BA,2026-07-28T16:42:21.000Z,2026-07-24
52,49,Lingo AI,599204246602758,Lingo AI,,IN,1241295458021975,https://www.facebook.com/ads/library/?id=1241295458021975,2026-07-14,,false,false,1,0,,2026-07-14,,"🌟 Want to improve your English? 
📱 Learn anytime in just minutes a day 
💬 Build real speaking confidence 
👉 Download now",👉 Download now,Download,https://speaklearnfrenchlingoai.onelink.me/Y67n?pid=metaweb_int&c={{campaign.name}}&af_c_id={{campaign.id}}&af_adset={{adset.name}}&af_adset_id={{adset.id}}&af_ad={{ad.name}}&af_ad_id={{ad.id}}&af_siteid={{site_source_name}},"Facebook,Instagram,Audience Network,Messenger,Threads","🌟 Want to improve your English? 
📱 Learn anytime in just minutes a day 
💬 Build real speaking confidence 
👉 Download now",👉 Download now,Download,https://speaklearnfrenchlingoai.onelink.me/Y67n?pid=metaweb_int&c={{campaign.name}}&af_c_id={{campaign.id}}&af_adset={{adset.name}}&af_adset_id={{adset.id}}&af_ad={{ad.name}}&af_ad_id={{ad.id}}&af_siteid={{site_source_name}},Video,"Facebook,Instagram,Audience Network,Messenger,Threads",1,0,9:16,https://video.fblr22-1.fna.fbcdn.net/o1/v/t2/f2/m366/AQP81f7FJZ8YPMBtlEM4Kt3n5LbSFfvXLQdgkqDbVHEg61CG-BvEtlTVyBBnhnVfm0t_90ib3PCIhvdAJtRhu4qi3dB1PKRgDflc_MabNq_1uA.mp4?_nc_cat=104&_nc_oc=AdpQg99X2U0rsf3AIQgp4pNQPGggJ6skFnvSLKVErMiVoNLmFX5FKRtCPZGi77X1gQY&_nc_sid=b66105&_nc_ht=video.fblr22-1.fna.fbcdn.net&_nc_ohc=rDFC7zCE-ZsQ7kNvwHtnpk2&efg=eyJ2ZW5jb2RlX3RhZyI6Inhwdl9wcm9ncmVzc2l2ZS5WSV9VU0VDQVNFX1BST0RVQ1RfVFlQRS4uQzMuNzIwLmRhc2hfaDI2NC1iYXNpYy1nZW4yXzcyMHAiLCJ4cHZfYXNzZXRfaWQiOjE1NDYwMjEzMjY5NzU3NTgsImFzc2V0X2FnZV9kYXlzIjoxMCwidmlfdXNlY2FzZV9pZCI6MTAxMzksImR1cmF0aW9uX3MiOjI1LCJ1cmxnZW5fc291cmNlIjoid3d3In0%3D&ccb=17-1&vs=e05cf44607f2e5b0&_nc_vs=HBksFQIYRWZiX2VwaGVtZXJhbC84QTRFOTA3NDEyQ0QyQjQ5Mzk2NDNBN0ZENDk0MjlBQV9tdF8xX3ZpZGVvX2Rhc2hpbml0Lm1wNBUAAsgBEgAVAhhAZmJfcGVybWFuZW50L0QwNDI0RkE4MTYxQkJEQzQzNTM5ODZFNkFGRjkzOTg3X2F1ZGlvX2Rhc2hpbml0Lm1wNBUCAsgBEgAoABgAGwKIB3VzZV9vaWwBMRJwcm9ncmVzc2l2ZV9yZWNpcGUBMRUAACaczJPApIa_BRUCKAJDMywXQDkzMzMzMzMYGWRhc2hfaDI2NC1iYXNpYy1nZW4yXzcyMHARAHUAZbaeAQA&_nc_gid=pja8xTVb8cmkZXKvWGPW2g&_nc_ss=7f289&_nc_zt=28&oh=00_AQDReJH-3Vn6tDDvBUEcwe1JUHqb3Av33h4NxVlTELA0aQ&oe=6A68E62C,https://scontent.fblr22-2.fna.fbcdn.net/v/t39.35426-6/747998295_1510995640231453_7881257290816726759_n.jpg?_nc_cat=100&ccb=1-7&_nc_sid=c53f8f&_nc_ohc=pp3u51CwKC4Q7kNvwGFy7Vh&_nc_oc=AdqkSmbkqj_YVBDzi9E-mVAZrTIy2lEKVYAcfSQ0RGQ9B4PFBauXBpbD4iLi5dSf9a0&_nc_zt=14&_nc_ht=scontent.fblr22-2.fna&_nc_gid=pja8xTVb8cmkZXKvWGPW2g&_nc_ss=7f289&oh=00_AQCpsmD1yBO9aJ06bUeSOw0q7v0iNamsDrTBtggfkvabXQ&oe=6A68F67E,2026-07-28T17:26:04.000Z,2026-07-24
53,50,Lingo AI,599204246602758,Lingo AI,,IN,877077458384696,https://www.facebook.com/ads/library/?id=877077458384696,2026-07-18,,false,false,1,0,,2026-07-18,,"🌟 Want to improve your English? 
📱 Learn anytime in just minutes a day 💬 Build real speaking confidence 
👉 Download now",👉 Download now,Download,http://itunes.apple.com/app/id6740255326,"Facebook,Instagram,Audience Network,Messenger,Threads","🌟 Want to improve your English? 
📱 Learn anytime in just minutes a day 💬 Build real speaking confidence 
👉 Download now",👉 Download now,Download,http://itunes.apple.com/app/id6740255326,Video,"Facebook,Instagram,Audience Network,Messenger,Threads",1,0,9:16,https://video.fblr22-1.fna.fbcdn.net/o1/v/t2/f2/m366/AQPLNJvLxSOWRIWJ3sSQgbkwb2xWOabxJ6Pziz7zVKw6NUQd1b1yn6GicISOxSodrG1gN8CEBDgflQgDoTd4ocnY8I8kGJBK6R-OgWnT571pjA.mp4?_nc_cat=106&_nc_oc=AdoFk1h5grKdWUT6bgsfToQSckRB2ChF8tVeWd1YnnRlr8n1zNhVUoPTv0NSpfjKaT0&_nc_sid=b66105&_nc_ht=video.fblr22-1.fna.fbcdn.net&_nc_ohc=Yd9ZsCwNuOwQ7kNvwF5b8Xe&efg=eyJ2ZW5jb2RlX3RhZyI6Inhwdl9wcm9ncmVzc2l2ZS5WSV9VU0VDQVNFX1BST0RVQ1RfVFlQRS4uQzMuNzIwLmRhc2hfaDI2NC1iYXNpYy1nZW4yXzcyMHAiLCJ4cHZfYXNzZXRfaWQiOjEzOTYyNTExMjIzOTg2MzIsImFzc2V0X2FnZV9kYXlzIjo0LCJ2aV91c2VjYXNlX2lkIjoxMDEzOSwiZHVyYXRpb25fcyI6NDgsInVybGdlbl9zb3VyY2UiOiJ3d3cifQ%3D%3D&ccb=17-1&vs=6e70d40bd9fdb41a&_nc_vs=HBksFQIYRWZiX2VwaGVtZXJhbC9BMjRGQjcyOTcyOTQ1REEwQTMxNEEyRUI4Q0NCQjlCNF9tdF8xX3ZpZGVvX2Rhc2hpbml0Lm1wNBUAAsgBEgAVAhhAZmJfcGVybWFuZW50L0M5NDUzQTc1MUYzOTQxMkNGNTg1OEFGRDdDMEE1M0IzX2F1ZGlvX2Rhc2hpbml0Lm1wNBUCAsgBEgAoABgAGwKIB3VzZV9vaWwBMRJwcm9ncmVzc2l2ZV9yZWNpcGUBMRUAACbQ1tfCwfj6BBUCKAJDMywXQEhIcrAgxJwYGWRhc2hfaDI2NC1iYXNpYy1nZW4yXzcyMHARAHUAZbaeAQA&_nc_gid=pja8xTVb8cmkZXKvWGPW2g&_nc_ss=7f289&_nc_zt=28&oh=00_AQDJI5w0gVDacPEvE-U8xBnHJmhwX79HfdeS7pKoeFW9Aw&oe=6A68F396,https://scontent.fblr22-2.fna.fbcdn.net/v/t39.35426-6/749343253_1916036176467507_6878757249859598657_n.jpg?_nc_cat=105&ccb=1-7&_nc_sid=c53f8f&_nc_ohc=z1FVuKmrRWAQ7kNvwErc2Is&_nc_oc=AdqwlVtKyBXwNf6e6POknvrsIyQrKmXy41exldXj_-kNIR0U6jjsPpjZyCoRycaTaIA&_nc_zt=14&_nc_ht=scontent.fblr22-2.fna&_nc_gid=pja8xTVb8cmkZXKvWGPW2g&_nc_ss=7f289&oh=00_AQBgYRpmAI2zrnuSxQBtU_fjKHON0IQTxwmWcNHq6aFbPw&oe=6A68E7E7,2026-07-28T18:23:18.000Z,2026-07-24
54,51,Lingo AI,599204246602758,Lingo AI,,IN,27662285396770575,https://www.facebook.com/ads/library/?id=27662285396770575,2026-07-12,,false,true,2,0,27662285396770575,2026-07-12,,"📘 Learn English easily with simple lessons 
😊 Build confidence with everyday speaking practice 
👉 Download now",👉 Download now,Install now,http://itunes.apple.com/app/id6740255326,"Facebook,Instagram,Audience Network,Messenger,Threads","📘 Learn English easily with simple lessons 
😊 Build confidence with everyday speaking practice 
👉 Download now",👉 Download now,Install now,http://itunes.apple.com/app/id6740255326,Video,"Facebook,Instagram,Audience Network,Messenger,Threads",1,0,9:16,https://video.fblr22-1.fna.fbcdn.net/o1/v/t2/f2/m366/AQOQ8ebkvrMkcxQp5L9tJyw1mNPpR5Ng1BpgHuy_mVYq8it4VI-T9TRZ4AH9vapteIBmbP6cyx5GGdNetThUPIVK94Tk2YAZJr5l7HPQ9aDYdg.mp4?_nc_cat=108&_nc_oc=AdoW8SNJX7ouYzps4nxsz_KAj_PMSGWDq1nGl8DMJ2RYWO2cvfoO7Nu3bL7KfADkd2Y&_nc_sid=b66105&_nc_ht=video.fblr22-1.fna.fbcdn.net&_nc_ohc=O9_sGV06oesQ7kNvwHH814O&efg=eyJ2ZW5jb2RlX3RhZyI6Inhwdl9wcm9ncmVzc2l2ZS5WSV9VU0VDQVNFX1BST0RVQ1RfVFlQRS4uQzMuNzIwLmRhc2hfaDI2NC1iYXNpYy1nZW4yXzcyMHAiLCJ4cHZfYXNzZXRfaWQiOjEzNjY1Mjk1NzQ4MTkyMTQsImFzc2V0X2FnZV9kYXlzIjo0MSwidmlfdXNlY2FzZV9pZCI6MTAxMzksImR1cmF0aW9uX3MiOjI5LCJ1cmxnZW5fc291cmNlIjoid3d3In0%3D&ccb=17-1&vs=a97a387a3b319f21&_nc_vs=HBksFQIYRWZiX2VwaGVtZXJhbC9GRDREODM3RkM5M0U1OTczNDY5MzA3Njk5M0Y4NzlCOF9tdF8xX3ZpZGVvX2Rhc2hpbml0Lm1wNBUAAsgBEgAVAhhAZmJfcGVybWFuZW50LzlBNEJFNjA3RUNERDg5RTkzRUY4MEQ4RTIyOTM2RUJFX2F1ZGlvX2Rhc2hpbml0Lm1wNBUCAsgBEgAoABgAGwKIB3VzZV9vaWwBMRJwcm9ncmVzc2l2ZV9yZWNpcGUBMRUAACac1o7evrbtBBUCKAJDMywXQD3u2RaHKwIYGWRhc2hfaDI2NC1iYXNpYy1nZW4yXzcyMHARAHUAZbaeAQA&_nc_gid=pja8xTVb8cmkZXKvWGPW2g&_nc_ss=7f289&_nc_zt=28&oh=00_AQA1MYt4BGQ2ZyDmznimiXxCwOhIzsxPpU1PCkzYBISflg&oe=6A68F7A4,https://scontent.fblr22-2.fna.fbcdn.net/v/t39.35426-6/747753179_1675680100214952_219568735908797071_n.jpg?_nc_cat=100&ccb=1-7&_nc_sid=c53f8f&_nc_ohc=9jjDcfUPpLgQ7kNvwFTrPpY&_nc_oc=AdrQkhKKroWhMhuQSLjIznu1qDL-6OiC7xcaBZ1mfSwrghqLo9uq0lUAW7iOtjJG9TA&_nc_zt=14&_nc_ht=scontent.fblr22-2.fna&_nc_gid=pja8xTVb8cmkZXKvWGPW2g&_nc_ss=7f289&oh=00_AQBOJxf0t0u-uSQgL7ubwWW0IaysSj0C73pUuaVZ71Doig&oe=6A68F032,2026-07-28T18:40:36.000Z,2026-07-24
55,51,Lingo AI,599204246602758,Lingo AI,,IN,27662285396770575,https://www.facebook.com/ads/library/?id=27662285396770575,2026-07-12,,false,true,2,1,26787357374277010,2026-07-01,,"📘 Learn English easily with simple lessons 
😊 Build confidence with everyday speaking practice 
👉 Download now",👉 Download now,Install now,http://itunes.apple.com/app/id6740255326,"Facebook,Instagram,Audience Network,Messenger,Threads","📘 Learn English easily with simple lessons 
😊 Build confidence with everyday speaking practice 
👉 Download now",👉 Download now,Install now,http://itunes.apple.com/app/id6740255326,Video,"Facebook,Instagram,Audience Network,Messenger,Threads",1,0,9:16,https://video.fblr22-1.fna.fbcdn.net/o1/v/t2/f2/m366/AQOQ8ebkvrMkcxQp5L9tJyw1mNPpR5Ng1BpgHuy_mVYq8it4VI-T9TRZ4AH9vapteIBmbP6cyx5GGdNetThUPIVK94Tk2YAZJr5l7HPQ9aDYdg.mp4?_nc_cat=108&_nc_oc=AdoW8SNJX7ouYzps4nxsz_KAj_PMSGWDq1nGl8DMJ2RYWO2cvfoO7Nu3bL7KfADkd2Y&_nc_sid=b66105&_nc_ht=video.fblr22-1.fna.fbcdn.net&_nc_ohc=O9_sGV06oesQ7kNvwHH814O&efg=eyJ2ZW5jb2RlX3RhZyI6Inhwdl9wcm9ncmVzc2l2ZS5WSV9VU0VDQVNFX1BST0RVQ1RfVFlQRS4uQzMuNzIwLmRhc2hfaDI2NC1iYXNpYy1nZW4yXzcyMHAiLCJ4cHZfYXNzZXRfaWQiOjEzNjY1Mjk1NzQ4MTkyMTQsImFzc2V0X2FnZV9kYXlzIjo0MSwidmlfdXNlY2FzZV9pZCI6MTAxMzksImR1cmF0aW9uX3MiOjI5LCJ1cmxnZW5fc291cmNlIjoid3d3In0%3D&ccb=17-1&vs=a97a387a3b319f21&_nc_vs=HBksFQIYRWZiX2VwaGVtZXJhbC9GRDREODM3RkM5M0U1OTczNDY5MzA3Njk5M0Y4NzlCOF9tdF8xX3ZpZGVvX2Rhc2hpbml0Lm1wNBUAAsgBEgAVAhhAZmJfcGVybWFuZW50LzlBNEJFNjA3RUNERDg5RTkzRUY4MEQ4RTIyOTM2RUJFX2F1ZGlvX2Rhc2hpbml0Lm1wNBUCAsgBEgAoABgAGwKIB3VzZV9vaWwBMRJwcm9ncmVzc2l2ZV9yZWNpcGUBMRUAACac1o7evrbtBBUCKAJDMywXQD3u2RaHKwIYGWRhc2hfaDI2NC1iYXNpYy1nZW4yXzcyMHARAHUAZbaeAQA&_nc_gid=pja8xTVb8cmkZXKvWGPW2g&_nc_ss=7f289&_nc_zt=28&oh=00_AQA1MYt4BGQ2ZyDmznimiXxCwOhIzsxPpU1PCkzYBISflg&oe=6A68F7A4,https://scontent.fblr22-2.fna.fbcdn.net/v/t39.35426-6/734461580_2066025234321200_6454343877418009603_n.jpg?_nc_cat=111&ccb=1-7&_nc_sid=c53f8f&_nc_ohc=FCGlQgADIZEQ7kNvwEjqOkH&_nc_oc=AdrgkHLUjzRBEsqkN3eg_lKktpnBYELx2tZH7sBVQo4G02KchmvAcTsPxf9-BTd61M0&_nc_zt=14&_nc_ht=scontent.fblr22-2.fna&_nc_gid=pja8xTVb8cmkZXKvWGPW2g&_nc_ss=7f289&oh=00_AQC0S5I-G4_t7ntae-EBDjUJPA4p6lR0O2c_0QgL5lYiUQ&oe=6A68F430,2026-07-28T18:40:36.000Z,2026-07-24
56,52,Lingo AI,599204246602758,Lingo AI,,IN,1371003638307654,https://www.facebook.com/ads/library/?id=1371003638307654,2026-07-20,,false,false,1,0,,2026-07-20,,"📘 Learn English easily with simple lessons 
😊 Build confidence with everyday speaking practice 
👉 Download now",👉 Download now,Download,https://speaklearnfrenchlingoai.onelink.me/Y67n?pid=metaweb_int&c={{campaign.name}}&af_c_id={{campaign.id}}&af_adset={{adset.name}}&af_adset_id={{adset.id}}&af_ad={{ad.name}}&af_ad_id={{ad.id}}&af_siteid={{site_source_name}},"Facebook,Instagram,Audience Network,Messenger,Threads","📘 Learn English easily with simple lessons 
😊 Build confidence with everyday speaking practice 
👉 Download now",👉 Download now,Download,https://speaklearnfrenchlingoai.onelink.me/Y67n?pid=metaweb_int&c={{campaign.name}}&af_c_id={{campaign.id}}&af_adset={{adset.name}}&af_adset_id={{adset.id}}&af_ad={{ad.name}}&af_ad_id={{ad.id}}&af_siteid={{site_source_name}},Video,"Facebook,Instagram,Audience Network,Messenger,Threads",1,0,9:16,https://video.fblr22-1.fna.fbcdn.net/o1/v/t2/f2/m366/AQPAgrKsAv9UHcu5-gpcHD2hhTucSVk38GRiaWk4daM7ZENnAAs2TXk51Hl5p_mMGXJ23MCrJlZJ6O_PYYLnR7ZzV7ulCHhbHTJlAGGXNg2uaA.mp4?_nc_cat=106&_nc_oc=AdocdZxxhWJeUb6Y2uAeeYh_DY26h4U-4QGdf1uAMY5yBQTIkZpqO8iST9v5dbgUbNU&_nc_sid=b66105&_nc_ht=video.fblr22-1.fna.fbcdn.net&_nc_ohc=3Zpdg1l3EA4Q7kNvwF_Fh-N&efg=eyJ2ZW5jb2RlX3RhZyI6Inhwdl9wcm9ncmVzc2l2ZS5WSV9VU0VDQVNFX1BST0RVQ1RfVFlQRS4uQzMuNzIwLmRhc2hfaDI2NC1iYXNpYy1nZW4yXzcyMHAiLCJ4cHZfYXNzZXRfaWQiOjE1MzEyOTU0MTExOTE1MTEsImFzc2V0X2FnZV9kYXlzIjoyLCJ2aV91c2VjYXNlX2lkIjoxMDEzOSwiZHVyYXRpb25fcyI6NDksInVybGdlbl9zb3VyY2UiOiJ3d3cifQ%3D%3D&ccb=17-1&vs=bbd5f46e157fab4e&_nc_vs=HBksFQIYRWZiX2VwaGVtZXJhbC83RTQ3ODBDRjZFNjM2NjU2ODQwMjgzRjdBMUFENUNCOF9tdF8xX3ZpZGVvX2Rhc2hpbml0Lm1wNBUAAsgBEgAVAhhAZmJfcGVybWFuZW50L0ZDNENFRTFCQkJGOEQzNzU1Q0IxMDVBNkI2NzJDM0E3X2F1ZGlvX2Rhc2hpbml0Lm1wNBUCAsgBEgAoABgAGwKIB3VzZV9vaWwBMRJwcm9ncmVzc2l2ZV9yZWNpcGUBMRUAACau-73wj624BRUCKAJDMywXQEj3bItDlYEYGWRhc2hfaDI2NC1iYXNpYy1nZW4yXzcyMHARAHUAZbaeAQA&_nc_gid=pja8xTVb8cmkZXKvWGPW2g&_nc_ss=7f289&_nc_zt=28&oh=00_AQDHl_Bj4qQmi2g4XZTqwRTtz5TXneG-OF80-9raATmaKw&oe=6A68F26A,https://scontent.fblr22-2.fna.fbcdn.net/v/t39.35426-6/752658733_1660350362490239_794189057294370768_n.jpg?_nc_cat=111&ccb=1-7&_nc_sid=c53f8f&_nc_ohc=N7d0tEbTWAwQ7kNvwHapmdm&_nc_oc=AdoO1NzYZ5pKk6P-6qiMfj5DDQx64G5szOSQqstatHMNx7BDTe0LdcYZJiBYFBzaPdc&_nc_zt=14&_nc_ht=scontent.fblr22-2.fna&_nc_gid=pja8xTVb8cmkZXKvWGPW2g&_nc_ss=7f289&oh=00_AQByS2tdF_KeTEH8FK_pZPb1frJmHeFi3yE-02J3nG8GJg&oe=6A68F252,2026-07-28T18:18:18.000Z,2026-07-24
57,53,Lingo AI,599204246602758,Lingo AI,,IN,1772435467121636,https://www.facebook.com/ads/library/?id=1772435467121636,2026-07-18,,false,false,1,0,,2026-07-18,,"🌟 Want to improve your English? 
📱 Learn anytime in just minutes a day 💬 Build real speaking confidence 
👉 Download now",👉 Download now,Download,http://itunes.apple.com/app/id6740255326,"Facebook,Instagram,Audience Network,Messenger,Threads","🌟 Want to improve your English? 
📱 Learn anytime in just minutes a day 💬 Build real speaking confidence 
👉 Download now",👉 Download now,Download,http://itunes.apple.com/app/id6740255326,Video,"Facebook,Instagram,Audience Network,Messenger,Threads",1,0,9:16,https://video.fblr22-2.fna.fbcdn.net/o1/v/t2/f2/m366/AQMc9KAoDmQIoCXWWhvO4afuWqtlBtHTww3rZWvBTof56Ho3yK8w-tnrWYZbFAytlUJfT0Wwb6uU7g_yw9R3pgCb7YVl4Q5gzw8pixrAtLydOw.mp4?_nc_cat=100&_nc_oc=AdoVdPtDWk49YJ_WqO1tKzSUrLc_jFp2VwG1Lo9jqNfvuooQ3B5zxpyeMgbNVFvVfg8&_nc_sid=b66105&_nc_ht=video.fblr22-2.fna.fbcdn.net&_nc_ohc=Die13xMz9QEQ7kNvwEgPY6A&efg=eyJ2ZW5jb2RlX3RhZyI6Inhwdl9wcm9ncmVzc2l2ZS5WSV9VU0VDQVNFX1BST0RVQ1RfVFlQRS4uQzMuNzIwLmRhc2hfaDI2NC1iYXNpYy1nZW4yXzcyMHAiLCJ4cHZfYXNzZXRfaWQiOjE4MjEwMjI2ODI2NDI4NDgsImFzc2V0X2FnZV9kYXlzIjo0LCJ2aV91c2VjYXNlX2lkIjoxMDEzOSwiZHVyYXRpb25fcyI6NDgsInVybGdlbl9zb3VyY2UiOiJ3d3cifQ%3D%3D&ccb=17-1&vs=ec1ccfddd61b518a&_nc_vs=HBksFQIYRWZiX2VwaGVtZXJhbC9FMTRFODkxQjA2NkIzQTNCNEM1MjJFMjBDM0NEODY5Rl9tdF8xX3ZpZGVvX2Rhc2hpbml0Lm1wNBUAAsgBEgAVAhhAZmJfcGVybWFuZW50LzA1NDE2RTQxNUFDRTA4QkNDNjg4OTRBRjNBMTE4NEI2X2F1ZGlvX2Rhc2hpbml0Lm1wNBUCAsgBEgAoABgAGwKIB3VzZV9vaWwBMRJwcm9ncmVzc2l2ZV9yZWNpcGUBMRUAACbA5oOivI28BhUCKAJDMywXQEhIcrAgxJwYGWRhc2hfaDI2NC1iYXNpYy1nZW4yXzcyMHARAHUAZbaeAQA&_nc_gid=pja8xTVb8cmkZXKvWGPW2g&_nc_ss=7f289&_nc_zt=28&oh=00_AQBuRlmmpHOw1h-uwdWR9---NB95uMZPJYAann9rCB6BXA&oe=6A68F730,https://scontent.fblr22-2.fna.fbcdn.net/v/t39.35426-6/752741149_2796607510711490_2284167812777313840_n.jpg?_nc_cat=100&ccb=1-7&_nc_sid=c53f8f&_nc_ohc=jwZ6X0SNWnYQ7kNvwHkpoU7&_nc_oc=AdpN9L_VEpJTIPhYEM0r3ABvEk2RXGjNskDYr2rCAlRc8h7yWghNlt6jnNSN1Mvh894&_nc_zt=14&_nc_ht=scontent.fblr22-2.fna&_nc_gid=pja8xTVb8cmkZXKvWGPW2g&_nc_ss=7f289&oh=00_AQAjilW2F2OUx46bu77wFOeV2ntfBRoEnNRwnEAyFqPWQA&oe=6A68DFCE,2026-07-28T18:38:40.000Z,2026-07-24
58,54,Lingo AI,599204246602758,Lingo AI,,IN,1784182009251586,https://www.facebook.com/ads/library/?id=1784182009251586,2026-07-20,,false,false,1,0,,2026-07-20,,"📘 Learn English easily with simple lessons 
😊 Build confidence with everyday speaking practice 
👉 Download now",👉 Download now,Download,https://speaklearnfrenchlingoai.onelink.me/Y67n?pid=metaweb_int&c={{campaign.name}}&af_c_id={{campaign.id}}&af_adset={{adset.name}}&af_adset_id={{adset.id}}&af_ad={{ad.name}}&af_ad_id={{ad.id}}&af_siteid={{site_source_name}},"Facebook,Instagram,Audience Network,Messenger,Threads","📘 Learn English easily with simple lessons 
😊 Build confidence with everyday speaking practice 
👉 Download now",👉 Download now,Download,https://speaklearnfrenchlingoai.onelink.me/Y67n?pid=metaweb_int&c={{campaign.name}}&af_c_id={{campaign.id}}&af_adset={{adset.name}}&af_adset_id={{adset.id}}&af_ad={{ad.name}}&af_ad_id={{ad.id}}&af_siteid={{site_source_name}},Video,"Facebook,Instagram,Audience Network,Messenger,Threads",1,0,9:16,https://video.fblr22-2.fna.fbcdn.net/o1/v/t2/f2/m366/AQMn6OtaFaEjWa_LA_97_vKUC0T12Iq-Bwo3i-MO8EBJtRIto6Va-dNposQQontZFwoXnQ8CGbt5TENwX1dy0CymIiGqCeETb9V1kpRthwYpHQ.mp4?_nc_cat=110&_nc_oc=Adpd6SfTuSubtZBJQueUyZYUIshBGxi4Nc7QKyqmYdBaX2Dm-AFhcMAL3G7aCvDPV6c&_nc_sid=b66105&_nc_ht=video.fblr22-2.fna.fbcdn.net&_nc_ohc=zJTkHFeBRrEQ7kNvwH61ws7&efg=eyJ2ZW5jb2RlX3RhZyI6Inhwdl9wcm9ncmVzc2l2ZS5WSV9VU0VDQVNFX1BST0RVQ1RfVFlQRS4uQzMuNzIwLmRhc2hfaDI2NC1iYXNpYy1nZW4yXzcyMHAiLCJ4cHZfYXNzZXRfaWQiOjIwMzQxMTQxMjA4MjQ2NzgsImFzc2V0X2FnZV9kYXlzIjoyLCJ2aV91c2VjYXNlX2lkIjoxMDEzOSwiZHVyYXRpb25fcyI6NjUsInVybGdlbl9zb3VyY2UiOiJ3d3cifQ%3D%3D&ccb=17-1&vs=a700edcf5bb42ffa&_nc_vs=HBksFQIYRWZiX2VwaGVtZXJhbC85QTQ1NjNERkE3RDgyRUREQkY0MUU3QkQwOUEzMjNCM19tdF8xX3ZpZGVvX2Rhc2hpbml0Lm1wNBUAAsgBEgAVAhhAZmJfcGVybWFuZW50L0FENDIyNjg3Qzg1RUNEQjJERThENEMzQTA3ODgwQzk4X2F1ZGlvX2Rhc2hpbml0Lm1wNBUCAsgBEgAoABgAGwKIB3VzZV9vaWwBMRJwcm9ncmVzc2l2ZV9yZWNpcGUBMRUAACbM3dWZg4GdBxUCKAJDMywXQFBogxJul40YGWRhc2hfaDI2NC1iYXNpYy1nZW4yXzcyMHARAHUAZbaeAQA&_nc_gid=pja8xTVb8cmkZXKvWGPW2g&_nc_ss=7f289&_nc_zt=28&oh=00_AQAJt0ymn8WUvIU9IObj_o5jNEwZ3_6l88reM-QvFsOaHQ&oe=6A68E9C2,https://scontent.fblr22-1.fna.fbcdn.net/v/t39.35426-6/753007494_2081441329121589_5165658302742784405_n.jpg?_nc_cat=106&ccb=1-7&_nc_sid=c53f8f&_nc_ohc=PYlImzjL2ZYQ7kNvwH24WzU&_nc_oc=AdoM26a4fWFJTbwFE-UgKy-6U9gc3_nOsZhl93Vr0QFDSPHvhk8jkhO_3en1yhieB0I&_nc_zt=14&_nc_ht=scontent.fblr22-1.fna&_nc_gid=pja8xTVb8cmkZXKvWGPW2g&_nc_ss=7f289&oh=00_AQC_e3EE2GFm880DN9hF1lzH66px30L4HarVrpqQ1TdtgQ&oe=6A68D73D,2026-07-28T17:41:22.000Z,2026-07-24
59,55,Lingo AI,599204246602758,Lingo AI,,IN,1404658948170811,https://www.facebook.com/ads/library/?id=1404658948170811,2026-07-21,,false,false,1,0,,2026-07-21,,"🌍 تعلّم الإنجليزية الحقيقية للحياة اليومية
🗣 تدرّب على التحدث من خلال دروس بسيطة
⏱ فقط 5 دقائق يوميًا
👉 حمّل التطبيق الآن",👉 حمّل التطبيق الآن,Download,https://speaklearnfrenchlingoai.onelink.me/Y67n?pid=metaweb_int&c={{campaign.name}}&af_c_id={{campaign.id}}&af_adset={{adset.name}}&af_adset_id={{adset.id}}&af_ad={{ad.name}}&af_ad_id={{ad.id}}&af_siteid={{site_source_name}},"Facebook,Instagram,Audience Network,Messenger,Threads","🌍 تعلّم الإنجليزية الحقيقية للحياة اليومية
🗣 تدرّب على التحدث من خلال دروس بسيطة
⏱ فقط 5 دقائق يوميًا
👉 حمّل التطبيق الآن",👉 حمّل التطبيق الآن,Download,https://speaklearnfrenchlingoai.onelink.me/Y67n?pid=metaweb_int&c={{campaign.name}}&af_c_id={{campaign.id}}&af_adset={{adset.name}}&af_adset_id={{adset.id}}&af_ad={{ad.name}}&af_ad_id={{ad.id}}&af_siteid={{site_source_name}},Video,"Facebook,Instagram,Audience Network,Messenger,Threads",1,0,9:16,https://video.fblr22-1.fna.fbcdn.net/o1/v/t2/f2/m366/AQPbCHDlU8s8xlCtQ4F68HvuH-TaItW7PUBus8waQwHDBnqbLWCShSjtZkazK8SfeuTFUR6UfXY4QZmTCdIZAKikMSFtiQGlOehbbqDanHlrpA.mp4?_nc_cat=103&_nc_oc=Adp_Q9BPygABNCpV5xICisxdAu88-ZDlpHw00SGzosYti-BryOvWxOEdnr49-cL0XJ8&_nc_sid=b66105&_nc_ht=video.fblr22-1.fna.fbcdn.net&_nc_ohc=HpJOJe4ALDAQ7kNvwHOjg16&efg=eyJ2ZW5jb2RlX3RhZyI6Inhwdl9wcm9ncmVzc2l2ZS5WSV9VU0VDQVNFX1BST0RVQ1RfVFlQRS4uQzMuNzIwLmRhc2hfaDI2NC1iYXNpYy1nZW4yXzcyMHAiLCJ4cHZfYXNzZXRfaWQiOjE3NjQ2NzY0MDgyMTkzNTMsImFzc2V0X2FnZV9kYXlzIjo0LCJ2aV91c2VjYXNlX2lkIjoxMDEzOSwiZHVyYXRpb25fcyI6NzUsInVybGdlbl9zb3VyY2UiOiJ3d3cifQ%3D%3D&ccb=17-1&vs=9d74cd5b2b49d4d&_nc_vs=HBksFQIYRWZiX2VwaGVtZXJhbC9BRjQzNEYyOTczRTlGOUY5RTVBMjFFQ0EzNDQxNzY5NF9tdF8xX3ZpZGVvX2Rhc2hpbml0Lm1wNBUAAsgBEgAVAhhAZmJfcGVybWFuZW50LzkzNDZGNUNFRDQ5MkRDMDg1NkE2ODJCMDA0NzNFMDhGX2F1ZGlvX2Rhc2hpbml0Lm1wNBUCAsgBEgAoABgAGwKIB3VzZV9vaWwBMRJwcm9ncmVzc2l2ZV9yZWNpcGUBMRUAACay26Tn172iBhUCKAJDMywXQFLXbItDlYEYGWRhc2hfaDI2NC1iYXNpYy1nZW4yXzcyMHARAHUAZbaeAQA&_nc_gid=pja8xTVb8cmkZXKvWGPW2g&_nc_ss=7f289&_nc_zt=28&oh=00_AQBIDEu3PfMemLjcHOyxQtgsJvR7ijXxTlwghzCFRPAiWQ&oe=6A690851,https://scontent.fblr22-1.fna.fbcdn.net/v/t39.35426-6/749629646_1337154601416866_648137339620158264_n.jpg?_nc_cat=106&ccb=1-7&_nc_sid=c53f8f&_nc_ohc=mFs9FmpR8IwQ7kNvwGrfvbE&_nc_oc=Adpz7Gn1n8SknJoFylb6quzPHqOZ2IAvAirn0Fwper6VpX53-NSpzoS2Z-xSDKV7ffM&_nc_zt=14&_nc_ht=scontent.fblr22-1.fna&_nc_gid=pja8xTVb8cmkZXKvWGPW2g&_nc_ss=7f289&oh=00_AQCubN09esCABW6WC3n9-7_xqX2qMDz-78IMGKDdJT9dKA&oe=6A68F93E,2026-07-28T19:51:45.000Z,2026-07-24
60,56,Lingo AI,599204246602758,Lingo AI,,IN,1035971962252837,https://www.facebook.com/ads/library/?id=1035971962252837,2026-07-01,,false,false,1,0,,2026-07-01,,"🌟 Want to improve your English?
📱 Learn anytime in just minutes a day
💬 Build real speaking confidence",👉 Download now,Install now,http://itunes.apple.com/app/id6740255326,"Facebook,Instagram,Audience Network,Messenger,Threads","🌟 Want to improve your English?
📱 Learn anytime in just minutes a day
💬 Build real speaking confidence",👉 Download now,Install now,http://itunes.apple.com/app/id6740255326,Video,"Facebook,Instagram,Audience Network,Messenger,Threads",1,0,9:16,https://video.fblr22-2.fna.fbcdn.net/o1/v/t2/f2/m366/AQPOoKTkcp5rR_f0BtgeOfUKbP26Bx6SLYreBMTHGrLCVSgV2qZOFXeyTWGMCyVene2VyR-aR1iTqmGn2WROICOh7_FiamcL8mY140wOwoRrEA.mp4?_nc_cat=107&_nc_oc=AdrO149OjBnLR0wo-2JjUVmUqOQt_cBsD1jQ5dzeyWy_t8wl3nWqZVqRg9MuG0F5sMk&_nc_sid=b66105&_nc_ht=video.fblr22-2.fna.fbcdn.net&_nc_ohc=7-0eMpYPwpwQ7kNvwGF2SkM&efg=eyJ2ZW5jb2RlX3RhZyI6Inhwdl9wcm9ncmVzc2l2ZS5WSV9VU0VDQVNFX1BST0RVQ1RfVFlQRS4uQzMuNjA4LmRhc2hfaDI2NC1iYXNpYy1nZW4yXzcyMHAiLCJ4cHZfYXNzZXRfaWQiOjE1ODEzMTM1MTk2MzUyNTMsImFzc2V0X2FnZV9kYXlzIjo4OSwidmlfdXNlY2FzZV9pZCI6MTAxMzksImR1cmF0aW9uX3MiOjM4LCJ1cmxnZW5fc291cmNlIjoid3d3In0%3D&ccb=17-1&vs=5c6e00b5d6bace4d&_nc_vs=HBksFQIYRWZiX2VwaGVtZXJhbC9COTQ2NERDNDk3NjE5MkI3MjQyMDk4MjNBOTg5OUFBNl9tdF8xX3ZpZGVvX2Rhc2hpbml0Lm1wNBUAAsgBEgAVAhhAZmJfcGVybWFuZW50LzEyNDgzQzlENjU5M0U3OUNBRDAzNjE1NDk1RTQ3NjhBX2F1ZGlvX2Rhc2hpbml0Lm1wNBUCAsgBEgAoABgAGwKIB3VzZV9vaWwBMRJwcm9ncmVzc2l2ZV9yZWNpcGUBMRUAACbqrO7px4zPBRUCKAJDMywXQENEOVgQYk4YGWRhc2hfaDI2NC1iYXNpYy1nZW4yXzcyMHARAHUAZbaeAQA&_nc_gid=pja8xTVb8cmkZXKvWGPW2g&_nc_ss=7f289&_nc_zt=28&oh=00_AQA1kDwrXo3HdUWTVQRll4A9MdEcQLCa5pZfHbnusWvB8w&oe=6A68FEB5,https://scontent.fblr22-1.fna.fbcdn.net/v/t39.35426-6/736142212_1347740867423793_4500927835504004522_n.jpg?_nc_cat=106&ccb=1-7&_nc_sid=c53f8f&_nc_ohc=OozrrBvbSLoQ7kNvwEUkQ3j&_nc_oc=AdpwH9Md4C4p00_fW6VRw9c4vhLGFQ7Xi7EhUTWadYN_lDRNftQ_TyqhNGnYKnrWsxM&_nc_zt=14&_nc_ht=scontent.fblr22-1.fna&_nc_gid=pja8xTVb8cmkZXKvWGPW2g&_nc_ss=7f289&oh=00_AQCGS79imOOQJakvm2_jIHDJck4udNtqb6OYagjcjTXcSg&oe=6A68E1D5,2026-07-28T19:10:45.000Z,2026-07-24
61,57,Lingo AI,599204246602758,Lingo AI,,IN,1633628567704710,https://www.facebook.com/ads/library/?id=1633628567704710,2026-06-17,,false,false,1,0,,2026-06-17,,"📘 Learn English easily with simple lessons 
😊 Build confidence with everyday speaking practice 
👉 Download now",👉 Download now,Download,https://speaklearnfrenchlingoai.onelink.me/Y67n?pid=metaweb_int&c={{campaign.name}}&af_c_id={{campaign.id}}&af_adset={{adset.name}}&af_adset_id={{adset.id}}&af_ad={{ad.name}}&af_ad_id={{ad.id}}&af_siteid={{site_source_name}},"Facebook,Instagram,Audience Network,Messenger,Threads","📘 Learn English easily with simple lessons 
😊 Build confidence with everyday speaking practice 
👉 Download now",👉 Download now,Download,https://speaklearnfrenchlingoai.onelink.me/Y67n?pid=metaweb_int&c={{campaign.name}}&af_c_id={{campaign.id}}&af_adset={{adset.name}}&af_adset_id={{adset.id}}&af_ad={{ad.name}}&af_ad_id={{ad.id}}&af_siteid={{site_source_name}},Video,"Facebook,Instagram,Audience Network,Messenger,Threads",1,0,9:16,https://video.fblr22-2.fna.fbcdn.net/o1/v/t2/f2/m366/AQPrHxTREZPZw5AXtQnmcfs1GFaHgsRoyh65cP915p0EwUSpnvqoHp8u0v_EGZQzCOAIfdkxm0GPvfqWhwgNzPOqXLEp8nEJybe8P_ZKIUsFvw.mp4?_nc_cat=105&_nc_oc=Adr-8tOUokXsUE4hcDxUmrBIr1ujzU4D3mpuqcaxVCNJ-XyNy-SZJNGEojzZzIxCyyg&_nc_sid=b66105&_nc_ht=video.fblr22-2.fna.fbcdn.net&_nc_ohc=xgIHEnjHNSMQ7kNvwHvSTf0&efg=eyJ2ZW5jb2RlX3RhZyI6Inhwdl9wcm9ncmVzc2l2ZS5WSV9VU0VDQVNFX1BST0RVQ1RfVFlQRS4uQzMuNjA4LmRhc2hfaDI2NC1iYXNpYy1nZW4yXzcyMHAiLCJ4cHZfYXNzZXRfaWQiOjE2NDYwOTUxMDM0MDY2NDQsImFzc2V0X2FnZV9kYXlzIjo3NSwidmlfdXNlY2FzZV9pZCI6MTAxMzksImR1cmF0aW9uX3MiOjM0LCJ1cmxnZW5fc291cmNlIjoid3d3In0%3D&ccb=17-1&vs=9affebb0e03cb7a8&_nc_vs=HBksFQIYRWZiX2VwaGVtZXJhbC83QzRDRjA4Q0E4MTI0NTZGNTU0QTRDOTMxREY2MjBBMF9tdF8xX3ZpZGVvX2Rhc2hpbml0Lm1wNBUAAsgBEgAVAhhAZmJfcGVybWFuZW50LzRDNDU3OUQ0ODRDMDgzNzg4NUFBQzVGQkREREFEMEIwX2F1ZGlvX2Rhc2hpbml0Lm1wNBUCAsgBEgAoABgAGwKIB3VzZV9vaWwBMRJwcm9ncmVzc2l2ZV9yZWNpcGUBMRUAACboyL2erMfsBRUCKAJDMywXQEEmZmZmZmYYGWRhc2hfaDI2NC1iYXNpYy1nZW4yXzcyMHARAHUAZbaeAQA&_nc_gid=TOh5K56LIuGFGHqIbtVnyg&_nc_ss=7f289&_nc_zt=28&oh=00_AQCtuaJ6hPvDdL1XPVUUUN-UbLXVxd0vL2RzwYgcSglPuQ&oe=6A68E25B,https://scontent.fblr22-1.fna.fbcdn.net/v/t39.35426-6/725474807_2199356520604745_7759160318501387541_n.jpg?_nc_cat=109&ccb=1-7&_nc_sid=c53f8f&_nc_ohc=hPh5u1k8Tm4Q7kNvwFLZbIq&_nc_oc=Adq8-JxJcbg7X_2RYYHqYDz_KoMMAkAPZVORp2_l3XSap5YATiY18mGPYCK958tbdmw&_nc_zt=14&_nc_ht=scontent.fblr22-1.fna&_nc_gid=TOh5K56LIuGFGHqIbtVnyg&_nc_ss=7f289&oh=00_AQDw8C1DFfzh4In3kkudEcnM9Boga7lju0PMn8w80j14kQ&oe=6A68F93D,2026-07-28T17:09:47.000Z,2026-07-24
62,58,Lingo AI,599204246602758,Lingo AI,,IN,1582526786871369,https://www.facebook.com/ads/library/?id=1582526786871369,2026-07-21,,false,false,1,0,,2026-07-21,,"📘 Learn English easily with simple lessons 
😊 Build confidence with everyday speaking practice 
👉 Download now",👉 Download now,Download,https://speaklearnfrenchlingoai.onelink.me/Y67n?pid=metaweb_int&c={{campaign.name}}&af_c_id={{campaign.id}}&af_adset={{adset.name}}&af_adset_id={{adset.id}}&af_ad={{ad.name}}&af_ad_id={{ad.id}}&af_siteid={{site_source_name}},"Facebook,Instagram,Audience Network,Messenger,Threads","📘 Learn English easily with simple lessons 
😊 Build confidence with everyday speaking practice 
👉 Download now",👉 Download now,Download,https://speaklearnfrenchlingoai.onelink.me/Y67n?pid=metaweb_int&c={{campaign.name}}&af_c_id={{campaign.id}}&af_adset={{adset.name}}&af_adset_id={{adset.id}}&af_ad={{ad.name}}&af_ad_id={{ad.id}}&af_siteid={{site_source_name}},Video,"Facebook,Instagram,Audience Network,Messenger,Threads",1,0,9:16,https://video.fblr22-2.fna.fbcdn.net/o1/v/t2/f2/m366/AQOYNLGzGVXxRNIUTJsGoAxHGgA003iQAeu-dFUdJty9TkKpFy5kPKBzkXpq-CaG4mnNibGzm2tDE3gqUKo5Hugl0M2KKhxpqGc4HgLNIu9GYQ.mp4?_nc_cat=100&_nc_oc=Adre8zWTNfXlk9UDR-DPLOzbLqbudePVs6mJhZFUfmkU1XKLDXyFnE9_Oez0msYqEms&_nc_sid=b66105&_nc_ht=video.fblr22-2.fna.fbcdn.net&_nc_ohc=StK9_zB-ZXkQ7kNvwE1ZQEv&efg=eyJ2ZW5jb2RlX3RhZyI6Inhwdl9wcm9ncmVzc2l2ZS5WSV9VU0VDQVNFX1BST0RVQ1RfVFlQRS4uQzMuNzIwLmRhc2hfaDI2NC1iYXNpYy1nZW4yXzcyMHAiLCJ4cHZfYXNzZXRfaWQiOjE1NjcyOTk5NDE2OTQyMDIsImFzc2V0X2FnZV9kYXlzIjoxLCJ2aV91c2VjYXNlX2lkIjoxMDEzOSwiZHVyYXRpb25fcyI6MzAsInVybGdlbl9zb3VyY2UiOiJ3d3cifQ%3D%3D&ccb=17-1&vs=e9582621f0c21543&_nc_vs=HBksFQIYRWZiX2VwaGVtZXJhbC84NzQ2NkVGQ0Y0ODI4MzEyMkRGN0I2NUNBRjU4NTM5Ml9tdF8xX3ZpZGVvX2Rhc2hpbml0Lm1wNBUAAsgBEgAVAhhAZmJfcGVybWFuZW50L0I3NDk1MDhGNzQ3NDFCRUMxOENGQTFGNDU5NUNBOThDX2F1ZGlvX2Rhc2hpbml0Lm1wNBUCAsgBEgAoABgAGwKIB3VzZV9vaWwBMRJwcm9ncmVzc2l2ZV9yZWNpcGUBMRUAACb067_E7tzIBRUCKAJDMywXQD5dsi0OVgQYGWRhc2hfaDI2NC1iYXNpYy1nZW4yXzcyMHARAHUAZbaeAQA&_nc_gid=TOh5K56LIuGFGHqIbtVnyg&_nc_ss=7f289&_nc_zt=28&oh=00_AQCoN0-1I0EvHWkuwhHZAquI6__m92dJkUrDI8qSd7mj4Q&oe=6A68F9DC,https://scontent.fblr22-2.fna.fbcdn.net/v/t39.35426-6/752313252_1019801590938785_3717756128374854111_n.jpg?_nc_cat=100&ccb=1-7&_nc_sid=c53f8f&_nc_ohc=8Hr6bm8PckoQ7kNvwE86Jz5&_nc_oc=Adr2pWLiwvHyd-urU5FAj8A6itOIH7oywrCZfQqB6pcsyews5xtBtW5iwtA0nRPfDTA&_nc_zt=14&_nc_ht=scontent.fblr22-2.fna&_nc_gid=TOh5K56LIuGFGHqIbtVnyg&_nc_ss=7f289&oh=00_AQA_4JrzSZitWAtEUQiJTM5QHJbk5KqeNcV76I_2_7YwKg&oe=6A68FCB2,2026-07-28T18:50:04.000Z,2026-07-24
63,59,Lingo AI,599204246602758,Lingo AI,,IN,1024912267125290,https://www.facebook.com/ads/library/?id=1024912267125290,2026-07-21,,false,false,1,0,,2026-07-21,,"📘 Learn English easily with simple lessons 
😊 Build confidence with everyday speaking practice 
👉 Download now",👉 Download now,Download,https://speaklearnfrenchlingoai.onelink.me/Y67n?pid=metaweb_int&c={{campaign.name}}&af_c_id={{campaign.id}}&af_adset={{adset.name}}&af_adset_id={{adset.id}}&af_ad={{ad.name}}&af_ad_id={{ad.id}}&af_siteid={{site_source_name}},"Facebook,Instagram,Audience Network,Messenger,Threads","📘 Learn English easily with simple lessons 
😊 Build confidence with everyday speaking practice 
👉 Download now",👉 Download now,Download,https://speaklearnfrenchlingoai.onelink.me/Y67n?pid=metaweb_int&c={{campaign.name}}&af_c_id={{campaign.id}}&af_adset={{adset.name}}&af_adset_id={{adset.id}}&af_ad={{ad.name}}&af_ad_id={{ad.id}}&af_siteid={{site_source_name}},Video,"Facebook,Instagram,Audience Network,Messenger,Threads",1,0,9:16,https://video.fblr22-2.fna.fbcdn.net/o1/v/t2/f2/m366/AQMyWhYlM-SXoMHFQhtKBg1A2x0OQhnEmS3mD_2rsZHwsbOA24LmkkcxdrPVfe6DFqOxh_j3H6ROzNSol1OQz91Y4pYlNOicJ_DWRCFcljFzMA.mp4?_nc_cat=105&_nc_oc=Adr0VAJsw3Gze38dxTGhkyokseLX6Oh540mMczGQC4RRE8kGK-xgA7tYBSD7MyeDKKI&_nc_sid=b66105&_nc_ht=video.fblr22-2.fna.fbcdn.net&_nc_ohc=0x_tWZWeexUQ7kNvwFIPK4z&efg=eyJ2ZW5jb2RlX3RhZyI6Inhwdl9wcm9ncmVzc2l2ZS5WSV9VU0VDQVNFX1BST0RVQ1RfVFlQRS4uQzMuNzIwLmRhc2hfaDI2NC1iYXNpYy1nZW4yXzcyMHAiLCJ4cHZfYXNzZXRfaWQiOjEwMjMxODc1NzcwNzQ0NDksImFzc2V0X2FnZV9kYXlzIjoxLCJ2aV91c2VjYXNlX2lkIjoxMDEzOSwiZHVyYXRpb25fcyI6MzAsInVybGdlbl9zb3VyY2UiOiJ3d3cifQ%3D%3D&ccb=17-1&vs=f56e688183fc7484&_nc_vs=HBksFQIYRWZiX2VwaGVtZXJhbC9DNTRERUE1QTIyODA3NDA3QzIzOTc5QkUyQjIwNUVBNl9tdF8xX3ZpZGVvX2Rhc2hpbml0Lm1wNBUAAsgBEgAVAhhAZmJfcGVybWFuZW50LzQ5NEUzOTI3RkU1NTQxRDI2OEY1OEYwNzFEQTI5NEE4X2F1ZGlvX2Rhc2hpbml0Lm1wNBUCAsgBEgAoABgAGwKIB3VzZV9vaWwBMRJwcm9ncmVzc2l2ZV9yZWNpcGUBMRUAACaizI_BraXRAxUCKAJDMywXQD5dsi0OVgQYGWRhc2hfaDI2NC1iYXNpYy1nZW4yXzcyMHARAHUAZbaeAQA&_nc_gid=TOh5K56LIuGFGHqIbtVnyg&_nc_ss=7f289&_nc_zt=28&oh=00_AQChpQnL-U_McZCjCzuYy5yzSSuebvh7QF6vvFzONzTT_A&oe=6A690707,https://scontent.fblr22-2.fna.fbcdn.net/v/t39.35426-6/752609589_2421035992067139_2096766367553065410_n.jpg?_nc_cat=105&ccb=1-7&_nc_sid=c53f8f&_nc_ohc=NOWcw0UBXxcQ7kNvwEy3YFX&_nc_oc=Adr9myi0_QW9d3EvSy-tb7nZzt__Xrh5CT7T4bF4w5WPiBWaCtb0qPggBFmdUhrh2AI&_nc_zt=14&_nc_ht=scontent.fblr22-2.fna&_nc_gid=TOh5K56LIuGFGHqIbtVnyg&_nc_ss=7f289&oh=00_AQCXzoLV1_8Tj-89lFQmFrfDMRrhQK7CDHwG_v5Q-HFj5g&oe=6A68D446,2026-07-28T19:46:15.000Z,2026-07-24
64,60,Lingo AI,599204246602758,Lingo AI,,IN,1678379283453451,https://www.facebook.com/ads/library/?id=1678379283453451,2026-07-18,,false,false,1,0,,2026-07-18,,"📘 Learn English easily with simple lessons 
😊 Build confidence with everyday speaking practice 
👉 Download now",👉 Download now,Download,https://speaklearnfrenchlingoai.onelink.me/Y67n?pid=metaweb_int&c={{campaign.name}}&af_c_id={{campaign.id}}&af_adset={{adset.name}}&af_adset_id={{adset.id}}&af_ad={{ad.name}}&af_ad_id={{ad.id}}&af_siteid={{site_source_name}},"Facebook,Instagram,Audience Network,Messenger,Threads","📘 Learn English easily with simple lessons 
😊 Build confidence with everyday speaking practice 
👉 Download now",👉 Download now,Download,https://speaklearnfrenchlingoai.onelink.me/Y67n?pid=metaweb_int&c={{campaign.name}}&af_c_id={{campaign.id}}&af_adset={{adset.name}}&af_adset_id={{adset.id}}&af_ad={{ad.name}}&af_ad_id={{ad.id}}&af_siteid={{site_source_name}},Video,"Facebook,Instagram,Audience Network,Messenger,Threads",1,0,9:16,https://video.fblr22-2.fna.fbcdn.net/o1/v/t2/f2/m366/AQN3Rzg2bDCFiaMzYHqVD7Cx_JqccFUx9Q8HXPanszFqx1D-Yg9UVuDvwz8O-pEiDJMZ2XQVI5qaMxWSo2rQS2ZCfsPf_uJMr0sh58OXU1RNDg.mp4?_nc_cat=107&_nc_oc=Ados-6jFWvyleso5rk8Ty0NgP_3bK11bG_ITTnvYkgZt1BF8XkGgVYzJwLA0JBPWgfo&_nc_sid=b66105&_nc_ht=video.fblr22-2.fna.fbcdn.net&_nc_ohc=AH5v4LdV9hwQ7kNvwGMDp7t&efg=eyJ2ZW5jb2RlX3RhZyI6Inhwdl9wcm9ncmVzc2l2ZS5WSV9VU0VDQVNFX1BST0RVQ1RfVFlQRS4uQzMuNzIwLmRhc2hfaDI2NC1iYXNpYy1nZW4yXzcyMHAiLCJ4cHZfYXNzZXRfaWQiOjE1Nzk0MjU2MjM4MTAwNDksImFzc2V0X2FnZV9kYXlzIjo0LCJ2aV91c2VjYXNlX2lkIjoxMDEzOSwiZHVyYXRpb25fcyI6MzQsInVybGdlbl9zb3VyY2UiOiJ3d3cifQ%3D%3D&ccb=17-1&vs=504dd2f6ee107edc&_nc_vs=HBksFQIYRWZiX2VwaGVtZXJhbC80OTQwMzkzRTU0QkEwQTY3Q0QyNzUzQjNFQjdCQjNCMV9tdF8xX3ZpZGVvX2Rhc2hpbml0Lm1wNBUAAsgBEgAVAhhAZmJfcGVybWFuZW50LzUzNERBQTE3NUFCMjc3NkY1M0RFM0IyQkM2MEI5QkJCX2F1ZGlvX2Rhc2hpbml0Lm1wNBUCAsgBEgAoABgAGwKIB3VzZV9vaWwBMRJwcm9ncmVzc2l2ZV9yZWNpcGUBMRUAACaCgI301Z7OBRUCKAJDMywXQEFqn752yLQYGWRhc2hfaDI2NC1iYXNpYy1nZW4yXzcyMHARAHUAZbaeAQA&_nc_gid=TOh5K56LIuGFGHqIbtVnyg&_nc_ss=7f289&_nc_zt=28&oh=00_AQB0zFvGH3cDTPcZ4ZoEcJvW8WgbbIk9jHf18rQpx296ww&oe=6A68E9B9,https://scontent.fblr22-1.fna.fbcdn.net/v/t39.35426-6/750312651_1048258100990911_1269235517978601137_n.jpg?_nc_cat=103&ccb=1-7&_nc_sid=c53f8f&_nc_ohc=tN3uK0d8VfYQ7kNvwENeWQ0&_nc_oc=AdqB-C6a9TrFXEq63nptX1OIKqfa046wvmtypPVDGYVzVka-n7cnZJXuCxK_gW2XUiE&_nc_zt=14&_nc_ht=scontent.fblr22-1.fna&_nc_gid=TOh5K56LIuGFGHqIbtVnyg&_nc_ss=7f289&oh=00_AQBw5fc33Sm1V67vfbbJsDVpiRXlBRnPiib2VVupNc8BMw&oe=6A68FBF9,2026-07-28T17:41:13.000Z,2026-07-24
65,61,Lingo AI,599204246602758,Lingo AI,,IN,2654198474977868,https://www.facebook.com/ads/library/?id=2654198474977868,2026-07-09,,false,false,1,0,,2026-07-09,,"🌍 Learn real English for everyday life 
🗣 Practice speaking with simple lessons 
⏱ Just 5 minutes a day 
👉 Download now",👉 Download now,Download,https://speaklearnfrenchlingoai.onelink.me/Y67n?pid=metaweb_int&c={{campaign.name}}&af_c_id={{campaign.id}}&af_adset={{adset.name}}&af_adset_id={{adset.id}}&af_ad={{ad.name}}&af_ad_id={{ad.id}}&af_siteid={{site_source_name}},"Facebook,Instagram,Audience Network,Messenger,Threads","🌍 Learn real English for everyday life 
🗣 Practice speaking with simple lessons 
⏱ Just 5 minutes a day 
👉 Download now",👉 Download now,Download,https://speaklearnfrenchlingoai.onelink.me/Y67n?pid=metaweb_int&c={{campaign.name}}&af_c_id={{campaign.id}}&af_adset={{adset.name}}&af_adset_id={{adset.id}}&af_ad={{ad.name}}&af_ad_id={{ad.id}}&af_siteid={{site_source_name}},Video,"Facebook,Instagram,Audience Network,Messenger,Threads",1,0,9:16,https://video.fblr22-2.fna.fbcdn.net/o1/v/t2/f2/m366/AQM7NAw3FGDsyMpId_2aFg4XdzurmYVRyVmRhcuPXYtHOm-iL8XTDbHYUfyx8hF3dzhGr4ro7bwQyCbR8Br2B3Q6uotsFrnJKRw66Yrs5sRwlw.mp4?_nc_cat=105&_nc_oc=AdpsoXTcOpajUegCvhiqGeKApMSWxYoavqZqqDe9M7nFULujAVhn5_ca5dBBzNnb-ys&_nc_sid=b66105&_nc_ht=video.fblr22-2.fna.fbcdn.net&_nc_ohc=nS2POo_TnDMQ7kNvwG75ass&efg=eyJ2ZW5jb2RlX3RhZyI6Inhwdl9wcm9ncmVzc2l2ZS5WSV9VU0VDQVNFX1BST0RVQ1RfVFlQRS4uQzMuNzIwLmRhc2hfaDI2NC1iYXNpYy1nZW4yXzcyMHAiLCJ4cHZfYXNzZXRfaWQiOjEwMTc2ODk1OTQzMTYyODEsImFzc2V0X2FnZV9kYXlzIjoxNywidmlfdXNlY2FzZV9pZCI6MTAxMzksImR1cmF0aW9uX3MiOjY1LCJ1cmxnZW5fc291cmNlIjoid3d3In0%3D&ccb=17-1&vs=e912ba99b82edeb7&_nc_vs=HBksFQIYRWZiX2VwaGVtZXJhbC9GNDRBNUY2QzBDMEI4NDIxNkQ0NEYwMjZCRkU5OEVCOV9tdF8xX3ZpZGVvX2Rhc2hpbml0Lm1wNBUAAsgBEgAVAhhAZmJfcGVybWFuZW50LzQ5NDM4OTFGRTM4NzVGQkYwNUJGQzg5RTQ3NjhFREFGX2F1ZGlvX2Rhc2hpbml0Lm1wNBUCAsgBEgAoABgAGwKIB3VzZV9vaWwBMRJwcm9ncmVzc2l2ZV9yZWNpcGUBMRUAACbyl5asquXOAxUCKAJDMywXQFB90vGp--cYGWRhc2hfaDI2NC1iYXNpYy1nZW4yXzcyMHARAHUAZbaeAQA&_nc_gid=TOh5K56LIuGFGHqIbtVnyg&_nc_ss=7f289&_nc_zt=28&oh=00_AQDxcS9oVqQa754Djmhw3uls7VBhjSfJP1m2w5VXuEAy1g&oe=6A6903EB,https://scontent.fblr22-2.fna.fbcdn.net/v/t39.35426-6/740437962_1593251039184857_4695308517488218708_n.jpg?_nc_cat=105&ccb=1-7&_nc_sid=c53f8f&_nc_ohc=1Rsae3Kt3MQQ7kNvwFAvNnF&_nc_oc=AdqTd64C9FMWsitEYqmZnM7AmJkWPRaaBCToeneqGjST7N1BgvAdBbi69r2AFrizFbE&_nc_zt=14&_nc_ht=scontent.fblr22-2.fna&_nc_gid=TOh5K56LIuGFGHqIbtVnyg&_nc_ss=7f289&oh=00_AQAB5A0gFb6m7ZW22fOpTH2d03vJUIKK_6qABNmUXfmYvA&oe=6A68F40F,2026-07-28T19:32:59.000Z,2026-07-24
66,62,Lingo AI,599204246602758,Lingo AI,,IN,995623713290389,https://www.facebook.com/ads/library/?id=995623713290389,2026-07-17,,false,false,1,0,,2026-07-17,,"📘 Learn English easily with simple lessons 
😊 Build confidence with everyday speaking practice 
👉 Download now",👉 Download now,Download,http://itunes.apple.com/app/id6740255326,"Facebook,Instagram,Audience Network,Messenger,Threads","📘 Learn English easily with simple lessons 
😊 Build confidence with everyday speaking practice 
👉 Download now",👉 Download now,Download,http://itunes.apple.com/app/id6740255326,Video,"Facebook,Instagram,Audience Network,Messenger,Threads",1,0,9:16,https://video.fblr22-1.fna.fbcdn.net/o1/v/t2/f2/m366/AQPRCXkoteVh6nmnTdspsP8rLGP045jSSjdHJGAK9lmhWMGQgvjY8bMEfKuiWpWT5A2KwLzKHvx9yFiuPPxBMCTiTnasca_zCM-3nG8mMUm_rA.mp4?_nc_cat=109&_nc_oc=AdqB6Y2f-7Ofq1F9q6Z5nBG_Y3PjBuy1UO4Es9g7RjqYYm4ci4FONaO_1h7UCWqCbvk&_nc_sid=b66105&_nc_ht=video.fblr22-1.fna.fbcdn.net&_nc_ohc=cQczWp1rUBoQ7kNvwFfbeAv&efg=eyJ2ZW5jb2RlX3RhZyI6Inhwdl9wcm9ncmVzc2l2ZS5WSV9VU0VDQVNFX1BST0RVQ1RfVFlQRS4uQzMuNjA4LmRhc2hfaDI2NC1iYXNpYy1nZW4yXzcyMHAiLCJ4cHZfYXNzZXRfaWQiOjg4MzgyMzkzMDk4OTM2OSwiYXNzZXRfYWdlX2RheXMiOjcsInZpX3VzZWNhc2VfaWQiOjEwMTM5LCJkdXJhdGlvbl9zIjozMSwidXJsZ2VuX3NvdXJjZSI6Ind3dyJ9&ccb=17-1&vs=3dff79c24f00c595&_nc_vs=HBksFQIYRWZiX2VwaGVtZXJhbC85MjQyRDgyNDJCNjk5RTQ0RjVBNUZEMzQ4ODlEOTU5N19tdF8xX3ZpZGVvX2Rhc2hpbml0Lm1wNBUAAsgBEgAVAhhAZmJfcGVybWFuZW50L0U4NDEzRDZBREQ1QURDMjkyNTgyNUM1NEM2NDk3M0FDX2F1ZGlvX2Rhc2hpbml0Lm1wNBUCAsgBEgAoABgAGwKIB3VzZV9vaWwBMRJwcm9ncmVzc2l2ZV9yZWNpcGUBMRUAACby7Jq3qfWRAxUCKAJDMywXQD_u2RaHKwIYGWRhc2hfaDI2NC1iYXNpYy1nZW4yXzcyMHARAHUAZbaeAQA&_nc_gid=TOh5K56LIuGFGHqIbtVnyg&_nc_ss=7f289&_nc_zt=28&oh=00_AQCFh2tBjM_MHKtfmXTxMRJXAxI_5SQauYk9M97mVE5vIQ&oe=6A68FDF7,https://scontent.fblr22-1.fna.fbcdn.net/v/t39.35426-6/749300693_2195569031242132_2204886327441270202_n.jpg?_nc_cat=108&ccb=1-7&_nc_sid=c53f8f&_nc_ohc=yLw5RtRabtIQ7kNvwEUlWhV&_nc_oc=Adr1zJMRnb7CkSmJwXu9OW-2xYiBo5SIlFozzt5jp0xBwGwxVkneVkF8kfsf-jDIMTY&_nc_zt=14&_nc_ht=scontent.fblr22-1.fna&_nc_gid=TOh5K56LIuGFGHqIbtVnyg&_nc_ss=7f289&oh=00_AQBY-cPiDKFTvY1v2YDRu6-fgDB7tenyZfoHGxt72tWQ0g&oe=6A6900EC,2026-07-28T19:07:35.000Z,2026-07-24
67,63,Lingo AI,599204246602758,Lingo AI,,IN,878207795333026,https://www.facebook.com/ads/library/?id=878207795333026,2026-06-17,,false,false,1,0,,2026-06-17,,"📘 Learn English easily with simple lessons 
😊 Build confidence with everyday speaking practice 
👉 Download now",👉 Download now,Download,https://speaklearnfrenchlingoai.onelink.me/Y67n?pid=metaweb_int&c={{campaign.name}}&af_c_id={{campaign.id}}&af_adset={{adset.name}}&af_adset_id={{adset.id}}&af_ad={{ad.name}}&af_ad_id={{ad.id}}&af_siteid={{site_source_name}},"Facebook,Instagram,Audience Network,Messenger,Threads","📘 Learn English easily with simple lessons 
😊 Build confidence with everyday speaking practice 
👉 Download now",👉 Download now,Download,https://speaklearnfrenchlingoai.onelink.me/Y67n?pid=metaweb_int&c={{campaign.name}}&af_c_id={{campaign.id}}&af_adset={{adset.name}}&af_adset_id={{adset.id}}&af_ad={{ad.name}}&af_ad_id={{ad.id}}&af_siteid={{site_source_name}},Video,"Facebook,Instagram,Audience Network,Messenger,Threads",1,0,9:16,https://video.fblr22-1.fna.fbcdn.net/o1/v/t2/f2/m366/AQOk9BfUK-MBEK59jj9Z7VSVvpOlCKjnZioZkJN8B9fmxHMuLrNFdUtj2MIQg7yXgoLzAymRLZ_lm-w-9RYGdwzLNhZu8tl5nVZ2AhEU6KAknA.mp4?_nc_cat=108&_nc_oc=AdqxRT8u_EcITnzOTStl2QHqiKDj92HsQn6yhjBAHRv4JgIQR9fzsd1e2S0d4mAIP3w&_nc_sid=b66105&_nc_ht=video.fblr22-1.fna.fbcdn.net&_nc_ohc=bdL3tPJ059wQ7kNvwGfJTL8&efg=eyJ2ZW5jb2RlX3RhZyI6Inhwdl9wcm9ncmVzc2l2ZS5WSV9VU0VDQVNFX1BST0RVQ1RfVFlQRS4uQzMuNzIwLmRhc2hfaDI2NC1iYXNpYy1nZW4yXzcyMHAiLCJ4cHZfYXNzZXRfaWQiOjE1MTQ5OTg1NzY2NzE3NjAsImFzc2V0X2FnZV9kYXlzIjo0NSwidmlfdXNlY2FzZV9pZCI6MTAxMzksImR1cmF0aW9uX3MiOjM1LCJ1cmxnZW5fc291cmNlIjoid3d3In0%3D&ccb=17-1&vs=d84928fe74e17e03&_nc_vs=HBksFQIYRWZiX2VwaGVtZXJhbC9FRjRBNjdENENEMjgxMDI0RjdGREVCMjYzRThENUY5Ml9tdF8xX3ZpZGVvX2Rhc2hpbml0Lm1wNBUAAsgBEgAVAhhAZmJfcGVybWFuZW50L0YxNDdBMUIzMzZFMURBNEU4QzJDQ0NCNUNBRDlGQjlFX2F1ZGlvX2Rhc2hpbml0Lm1wNBUCAsgBEgAoABgAGwKIB3VzZV9vaWwBMRJwcm9ncmVzc2l2ZV9yZWNpcGUBMRUAACagsPv_wviwBRUCKAJDMywXQEGu2RaHKwIYGWRhc2hfaDI2NC1iYXNpYy1nZW4yXzcyMHARAHUAZbaeAQA&_nc_gid=TOh5K56LIuGFGHqIbtVnyg&_nc_ss=7f289&_nc_zt=28&oh=00_AQAKHz17VpvJE9Wz06ujv642gpLvEWSe-XYpcupdfSadvw&oe=6A68F264,https://scontent.fblr22-1.fna.fbcdn.net/v/t39.35426-6/724478574_995426813230131_7094806062475706307_n.jpg?_nc_cat=106&ccb=1-7&_nc_sid=c53f8f&_nc_ohc=O65Ze0BPNcoQ7kNvwF9_-j9&_nc_oc=AdqQIqG_NH7TP19AoBcvStH6UZYgMy0bykzlJG9ebe8WsOu3YSPAiA8EtHHgSrhLzkM&_nc_zt=14&_nc_ht=scontent.fblr22-1.fna&_nc_gid=TOh5K56LIuGFGHqIbtVnyg&_nc_ss=7f289&oh=00_AQB6YrmRc6XO-pZp0MVjZoe0cp6wTR5syBf9RXasOHlb6Q&oe=6A68E728,2026-07-28T18:18:12.000Z,2026-07-24
68,64,Lingo AI,599204246602758,Lingo AI,,IN,1546602566939881,https://www.facebook.com/ads/library/?id=1546602566939881,2026-07-16,,false,false,1,0,,2026-07-16,,"📘 Learn English easily with simple lessons 
😊 Build confidence with everyday speaking practice 
👉 Download now",👉 Download now,Download,https://speaklearnfrenchlingoai.onelink.me/Y67n?pid=metaweb_int&c={{campaign.name}}&af_c_id={{campaign.id}}&af_adset={{adset.name}}&af_adset_id={{adset.id}}&af_ad={{ad.name}}&af_ad_id={{ad.id}}&af_siteid={{site_source_name}},"Facebook,Instagram,Audience Network,Messenger,Threads","📘 Learn English easily with simple lessons 
😊 Build confidence with everyday speaking practice 
👉 Download now",👉 Download now,Download,https://speaklearnfrenchlingoai.onelink.me/Y67n?pid=metaweb_int&c={{campaign.name}}&af_c_id={{campaign.id}}&af_adset={{adset.name}}&af_adset_id={{adset.id}}&af_ad={{ad.name}}&af_ad_id={{ad.id}}&af_siteid={{site_source_name}},Video,"Facebook,Instagram,Audience Network,Messenger,Threads",1,0,9:16,https://video.fblr22-1.fna.fbcdn.net/o1/v/t2/f2/m366/AQPJ_aeVh3WeaOoGjPyZBSgtLhyLFeLmCxK45NTrK2lDHUvJAZXqaa0Nzrlmx1_URqmcCBwf8czhhQqk76G9LqvcKn8mAgDBp4miZgEUUlhlMQ.mp4?_nc_cat=109&_nc_oc=AdrPbfSQ2TK_nP_GInORFn1g4zvmN2e94lE8e1ShHXmQ_M8mE7l0rpCLyWOnOilP1dY&_nc_sid=b66105&_nc_ht=video.fblr22-1.fna.fbcdn.net&_nc_ohc=sAn8pzG0FZcQ7kNvwGyCAJx&efg=eyJ2ZW5jb2RlX3RhZyI6Inhwdl9wcm9ncmVzc2l2ZS5WSV9VU0VDQVNFX1BST0RVQ1RfVFlQRS4uQzMuNzIwLmRhc2hfaDI2NC1iYXNpYy1nZW4yXzcyMHAiLCJ4cHZfYXNzZXRfaWQiOjEwMjAwMDUzOTQyODc0OTUsImFzc2V0X2FnZV9kYXlzIjo2LCJ2aV91c2VjYXNlX2lkIjoxMDEzOSwiZHVyYXRpb25fcyI6NDgsInVybGdlbl9zb3VyY2UiOiJ3d3cifQ%3D%3D&ccb=17-1&vs=41586ae9b8aabd1a&_nc_vs=HBksFQIYRWZiX2VwaGVtZXJhbC8yNjQ2NTA1NzlBMDU2OEZENDNEMzU4RDI1MEQwMjdCN19tdF8xX3ZpZGVvX2Rhc2hpbml0Lm1wNBUAAsgBEgAVAhhAZmJfcGVybWFuZW50LzBFNDUxNThCNkI1MTY2QTAyNzVGMDlENDE4MUY3M0EyX2F1ZGlvX2Rhc2hpbml0Lm1wNBUCAsgBEgAoABgAGwKIB3VzZV9vaWwBMRJwcm9ncmVzc2l2ZV9yZWNpcGUBMRUAACaOrpCzkOzPAxUCKAJDMywXQEhIcrAgxJwYGWRhc2hfaDI2NC1iYXNpYy1nZW4yXzcyMHARAHUAZbaeAQA&_nc_gid=TOh5K56LIuGFGHqIbtVnyg&_nc_ss=7f289&_nc_zt=28&oh=00_AQAB_ar_2qWOQyhq-1SVO2aujhbbf_otP52ZQ7dnY-dFzA&oe=6A68D50B,https://scontent.fblr22-2.fna.fbcdn.net/v/t39.35426-6/748597628_1933829110642373_3599277020156647886_n.jpg?_nc_cat=110&ccb=1-7&_nc_sid=c53f8f&_nc_ohc=KhXRgqjRkQcQ7kNvwH7pNL-&_nc_oc=Adpa5nKutf6dMWOxe3M55fn7SZOVfUg2teTFgrZ6D2jmNzdEFkUIQATiKapnRkj_LdI&_nc_zt=14&_nc_ht=scontent.fblr22-2.fna&_nc_gid=TOh5K56LIuGFGHqIbtVnyg&_nc_ss=7f289&oh=00_AQAbxzCXOLfOCExsZ5obynkckDOpYtduYKyGJBLOWInXpg&oe=6A68D43D,2026-07-28T16:12:59.000Z,2026-07-24
69,65,Lingo AI,599204246602758,Lingo AI,,IN,1082008637823130,https://www.facebook.com/ads/library/?id=1082008637823130,2026-07-17,,false,false,1,0,,2026-07-17,,"📘 Learn English easily with simple lessons 
😊 Build confidence with everyday speaking practice 
👉 Download now",👉 Download now,Download,http://itunes.apple.com/app/id6740255326,"Facebook,Instagram,Audience Network,Messenger,Threads","📘 Learn English easily with simple lessons 
😊 Build confidence with everyday speaking practice 
👉 Download now",👉 Download now,Download,http://itunes.apple.com/app/id6740255326,Video,"Facebook,Instagram,Audience Network,Messenger,Threads",1,0,9:16,https://video.fblr22-1.fna.fbcdn.net/o1/v/t2/f2/m366/AQPQVMDvwHbhfpiGVHTTgpAZ960N8sSa9OLhE60Akj2MLjKRJ98yJ3ml7jOBNWGq1qQRPUBHfkAJ4JWyh8w8iUGD2-QLnZpWH_Iyc14KNmWq1w.mp4?_nc_cat=103&_nc_oc=Adr0mLP-TaU8Bi5Jw6DOtzFCIxZqva6ahFmaeJd0t9H_orzOqiiTosSIJxPid-BvCgo&_nc_sid=b66105&_nc_ht=video.fblr22-1.fna.fbcdn.net&_nc_ohc=M52msZ-087AQ7kNvwHPGkN-&efg=eyJ2ZW5jb2RlX3RhZyI6Inhwdl9wcm9ncmVzc2l2ZS5WSV9VU0VDQVNFX1BST0RVQ1RfVFlQRS4uQzMuNjA4LmRhc2hfaDI2NC1iYXNpYy1nZW4yXzcyMHAiLCJ4cHZfYXNzZXRfaWQiOjIwMTY3MDE4MzU2MzY2ODksImFzc2V0X2FnZV9kYXlzIjo1LCJ2aV91c2VjYXNlX2lkIjoxMDEzOSwiZHVyYXRpb25fcyI6NDUsInVybGdlbl9zb3VyY2UiOiJ3d3cifQ%3D%3D&ccb=17-1&vs=dc77c842f6bd6248&_nc_vs=HBksFQIYRWZiX2VwaGVtZXJhbC82NDQwQ0VDOEZFQUE4QUYzMzdDOThERjc0NDEyQ0NBQ19tdF8xX3ZpZGVvX2Rhc2hpbml0Lm1wNBUAAsgBEgAVAhhAZmJfcGVybWFuZW50L0MzNDEyRTM1RUVERTlERkRBNDc1QTk4MDhCM0I0ODlEX2F1ZGlvX2Rhc2hpbml0Lm1wNBUCAsgBEgAoABgAGwKIB3VzZV9vaWwBMRJwcm9ncmVzc2l2ZV9yZWNpcGUBMRUAACaiv7_Iv4uVBxUCKAJDMywXQEaMzMzMzM0YGWRhc2hfaDI2NC1iYXNpYy1nZW4yXzcyMHARAHUAZbaeAQA&_nc_gid=TOh5K56LIuGFGHqIbtVnyg&_nc_ss=7f289&_nc_zt=28&oh=00_AQDpPclfYTaqJv2YcjCkd4t9X7VXyjSIhoeO_RByF_ycng&oe=6A68DD91,https://scontent.fblr22-2.fna.fbcdn.net/v/t39.35426-6/742031420_1036691548758343_2311336221836351748_n.jpg?_nc_cat=107&ccb=1-7&_nc_sid=c53f8f&_nc_ohc=MvS0uSqefs4Q7kNvwGB-9u_&_nc_oc=AdokJKsM6uDGK5pVAWhlAehADFp-ZM9q61HNrsIdoWSHvonkOsume2QNiDPBJxQIFXM&_nc_zt=14&_nc_ht=scontent.fblr22-2.fna&_nc_gid=TOh5K56LIuGFGHqIbtVnyg&_nc_ss=7f289&oh=00_AQBJDgZAMnSYF83HbO1_fbwGSyTeFfCFMM73Cgc6MYVTzw&oe=6A68E0D6,2026-07-28T16:49:21.000Z,2026-07-24
70,66,Lingo AI,599204246602758,Lingo AI,,IN,1404375011749888,https://www.facebook.com/ads/library/?id=1404375011749888,2026-07-18,,false,false,1,0,,2026-07-18,,"📘 Learn English easily with simple lessons 
😊 Build confidence with everyday speaking practice 
👉 Download now",👉 Download now,Download,https://speaklearnfrenchlingoai.onelink.me/Y67n?pid=metaweb_int&c={{campaign.name}}&af_c_id={{campaign.id}}&af_adset={{adset.name}}&af_adset_id={{adset.id}}&af_ad={{ad.name}}&af_ad_id={{ad.id}}&af_siteid={{site_source_name}},"Facebook,Instagram,Audience Network,Messenger,Threads","📘 Learn English easily with simple lessons 
😊 Build confidence with everyday speaking practice 
👉 Download now",👉 Download now,Download,https://speaklearnfrenchlingoai.onelink.me/Y67n?pid=metaweb_int&c={{campaign.name}}&af_c_id={{campaign.id}}&af_adset={{adset.name}}&af_adset_id={{adset.id}}&af_ad={{ad.name}}&af_ad_id={{ad.id}}&af_siteid={{site_source_name}},Video,"Facebook,Instagram,Audience Network,Messenger,Threads",1,0,9:16,https://video.fblr22-1.fna.fbcdn.net/o1/v/t2/f2/m366/AQOKt6UaJDMERn3NdRcVtdtDwmKku4kNMrgO2t9pGUGe7FlxMlbN84shzvA1WXCSO96mV39My_9OpehjAZ5BnogKLLI_Sf1vJyVeD9PYZc_OQw.mp4?_nc_cat=108&_nc_oc=Ado_JcPOBeHyRspM7NqKoaBdTJU5FBf4-cxW28iU--7AfyavIxP-oUlGninFMa3GWCc&_nc_sid=b66105&_nc_ht=video.fblr22-1.fna.fbcdn.net&_nc_ohc=wlDWIrRnitcQ7kNvwGekcrI&efg=eyJ2ZW5jb2RlX3RhZyI6Inhwdl9wcm9ncmVzc2l2ZS5WSV9VU0VDQVNFX1BST0RVQ1RfVFlQRS4uQzMuNzIwLmRhc2hfaDI2NC1iYXNpYy1nZW4yXzcyMHAiLCJ4cHZfYXNzZXRfaWQiOjIxNDQ3NDk0NDYwOTE5MjAsImFzc2V0X2FnZV9kYXlzIjo0LCJ2aV91c2VjYXNlX2lkIjoxMDEzOSwiZHVyYXRpb25fcyI6MzQsInVybGdlbl9zb3VyY2UiOiJ3d3cifQ%3D%3D&ccb=17-1&vs=83b96aa581905778&_nc_vs=HBksFQIYRWZiX2VwaGVtZXJhbC81QTQzNjlBODFENTk1RjQ4MzY1RTU4QTE1OTcxQzc5Q19tdF8xX3ZpZGVvX2Rhc2hpbml0Lm1wNBUAAsgBEgAVAhhAZmJfcGVybWFuZW50L0I5NDI0MDgwQ0U4QjAzRjEwNUM0OURFNDYyQjZFOUIyX2F1ZGlvX2Rhc2hpbml0Lm1wNBUCAsgBEgAoABgAGwKIB3VzZV9vaWwBMRJwcm9ncmVzc2l2ZV9yZWNpcGUBMRUAACag0u7N7KjPBxUCKAJDMywXQEFqn752yLQYGWRhc2hfaDI2NC1iYXNpYy1nZW4yXzcyMHARAHUAZbaeAQA&_nc_gid=TOh5K56LIuGFGHqIbtVnyg&_nc_ss=7f289&_nc_zt=28&oh=00_AQBFesy8dogcGxZuZnIgsYjcyiub56dON3XYLB8PnVrkvQ&oe=6A68E0B8,https://scontent.fblr22-1.fna.fbcdn.net/v/t39.35426-6/751578708_27523345450680215_6988675134081765876_n.jpg?_nc_cat=102&ccb=1-7&_nc_sid=c53f8f&_nc_ohc=z_0Qax31pJAQ7kNvwE5lSfk&_nc_oc=AdqQt5_twwQ-1UtdC4PFE4g6iBQCsF1h9Qxq-l5ecLMeH6CzzOnHnkejGzBLFwNPSWw&_nc_zt=14&_nc_ht=scontent.fblr22-1.fna&_nc_gid=TOh5K56LIuGFGHqIbtVnyg&_nc_ss=7f289&oh=00_AQBRb-yLP2nSWkd1pnhiOmkTr4KEbYraE3JQaEdR-YjPFQ&oe=6A68F8B4,2026-07-28T17:02:48.000Z,2026-07-24
71,67,Lingo AI,599204246602758,Lingo AI,,IN,1510880926903331,https://www.facebook.com/ads/library/?id=1510880926903331,2026-07-21,,false,false,1,0,,2026-07-21,,"🌍 تعلّم الإنجليزية الحقيقية للحياة اليومية
🗣 تدرّب على التحدث من خلال دروس بسيطة
⏱ فقط 5 دقائق يوميًا
👉 حمّل التطبيق الآن",👉 حمّل التطبيق الآن,Download,https://speaklearnfrenchlingoai.onelink.me/Y67n?pid=metaweb_int&c={{campaign.name}}&af_c_id={{campaign.id}}&af_adset={{adset.name}}&af_adset_id={{adset.id}}&af_ad={{ad.name}}&af_ad_id={{ad.id}}&af_siteid={{site_source_name}},"Facebook,Instagram,Audience Network,Messenger,Threads","🌍 تعلّم الإنجليزية الحقيقية للحياة اليومية
🗣 تدرّب على التحدث من خلال دروس بسيطة
⏱ فقط 5 دقائق يوميًا
👉 حمّل التطبيق الآن",👉 حمّل التطبيق الآن,Download,https://speaklearnfrenchlingoai.onelink.me/Y67n?pid=metaweb_int&c={{campaign.name}}&af_c_id={{campaign.id}}&af_adset={{adset.name}}&af_adset_id={{adset.id}}&af_ad={{ad.name}}&af_ad_id={{ad.id}}&af_siteid={{site_source_name}},Video,"Facebook,Instagram,Audience Network,Messenger,Threads",1,0,9:16,https://video.fblr22-1.fna.fbcdn.net/o1/v/t2/f2/m366/AQOieIEkkM7-UykWYGfJUMyrOwxwwYug-dziICCMHQICFpjUNeWvOM9imxdL5uXqVF2IxPmFP9S7UHwKZe-FunXP9gUGCktOhgTKpXxxJjJfaw.mp4?_nc_cat=101&_nc_oc=Adqbbgh9P4L-yvXMZps48RsrsPRnK4ldIFekNUPYZLccbJwdxxAoHwbgA0VPANqvumA&_nc_sid=b66105&_nc_ht=video.fblr22-1.fna.fbcdn.net&_nc_ohc=IUQZONapdPcQ7kNvwGCI6ro&efg=eyJ2ZW5jb2RlX3RhZyI6Inhwdl9wcm9ncmVzc2l2ZS5WSV9VU0VDQVNFX1BST0RVQ1RfVFlQRS4uQzMuNzIwLmRhc2hfaDI2NC1iYXNpYy1nZW4yXzcyMHAiLCJ4cHZfYXNzZXRfaWQiOjQ0MTc1NTU2MTg0OTc3NjIsImFzc2V0X2FnZV9kYXlzIjo0LCJ2aV91c2VjYXNlX2lkIjoxMDEzOSwiZHVyYXRpb25fcyI6MTMsInVybGdlbl9zb3VyY2UiOiJ3d3cifQ%3D%3D&ccb=17-1&vs=9b94cf3c21f542e4&_nc_vs=HBksFQIYRWZiX2VwaGVtZXJhbC8yMDQxREYxQjBCMUVDNUE2NDk5M0RBODZGOTQ1Q0Q5OF9tdF8xX3ZpZGVvX2Rhc2hpbml0Lm1wNBUAAsgBEgAVAhhAZmJfcGVybWFuZW50L0M0NDEyNjBDRjE2RDM3NDI5QjU5Mjk0MTg2M0QxNEI2X2F1ZGlvX2Rhc2hpbml0Lm1wNBUCAsgBEgAoABgAGwKIB3VzZV9vaWwBMRJwcm9ncmVzc2l2ZV9yZWNpcGUBMRUAACbEk9SWyu_YDxUCKAJDMywXQCq7ZFocrAgYGWRhc2hfaDI2NC1iYXNpYy1nZW4yXzcyMHARAHUAZbaeAQA&_nc_gid=ll8p4RvEUTKJSMfFgBhBRA&_nc_ss=7f289&_nc_zt=28&oh=00_AQDb2S6Rrd7TRqQoQLiiKIbSZyl4sjPan5ZA3JTgfdBgDQ&oe=6A6900D7,https://scontent.fblr22-2.fna.fbcdn.net/v/t39.35426-6/749629579_27826529323644343_3278260716542251026_n.jpg?_nc_cat=110&ccb=1-7&_nc_sid=c53f8f&_nc_ohc=CYJV-giFShEQ7kNvwF2xeRN&_nc_oc=AdpONMY-qfou-vSGGbhOTBkxaapDmrLu3rPQCYxtG8c30XrPbpy4pVrntPa8EbR34I8&_nc_zt=14&_nc_ht=scontent.fblr22-2.fna&_nc_gid=ll8p4RvEUTKJSMfFgBhBRA&_nc_ss=7f289&oh=00_AQADfDyFM_GmD1P6A0cBbp_CyQOs-M8VyySWcysZR0K2Qw&oe=6A68FFE8,2026-07-28T19:19:51.000Z,2026-07-24
72,68,Lingo AI,599204246602758,Lingo AI,,IN,1915386352474119,https://www.facebook.com/ads/library/?id=1915386352474119,2026-07-03,,false,false,1,0,,2026-07-03,,"📘 Learn English easily with simple lessons 
😊 Build confidence with everyday speaking practice 
👉 Download now",👉 Download now,Download,https://speaklearnfrenchlingoai.onelink.me/Y67n?pid=metaweb_int&c={{campaign.name}}&af_c_id={{campaign.id}}&af_adset={{adset.name}}&af_adset_id={{adset.id}}&af_ad={{ad.name}}&af_ad_id={{ad.id}}&af_siteid={{site_source_name}},"Facebook,Instagram,Audience Network,Messenger,Threads","📘 Learn English easily with simple lessons 
😊 Build confidence with everyday speaking practice 
👉 Download now",👉 Download now,Download,https://speaklearnfrenchlingoai.onelink.me/Y67n?pid=metaweb_int&c={{campaign.name}}&af_c_id={{campaign.id}}&af_adset={{adset.name}}&af_adset_id={{adset.id}}&af_ad={{ad.name}}&af_ad_id={{ad.id}}&af_siteid={{site_source_name}},Video,"Facebook,Instagram,Audience Network,Messenger,Threads",1,0,9:16,https://video.fblr22-1.fna.fbcdn.net/o1/v/t2/f2/m366/AQP_mZes3kG5lCAxnnS2OBfayQCx_M0pihHIBd_omUC79hdeslWeNw0-eU21LyczbzEgVZdXj7aNXzIKSfDvcYvU7iKO5hp7zIOCne_891HNhg.mp4?_nc_cat=109&_nc_oc=AdoxrabUx6bAvb1-XbRKvWREvGoS3juC0yKWvA070idIbTLyqn6zjViCnAUeynflgwo&_nc_sid=b66105&_nc_ht=video.fblr22-1.fna.fbcdn.net&_nc_ohc=4AaHWJbY0JoQ7kNvwEUmEq7&efg=eyJ2ZW5jb2RlX3RhZyI6Inhwdl9wcm9ncmVzc2l2ZS5WSV9VU0VDQVNFX1BST0RVQ1RfVFlQRS4uQzMuNzIwLmRhc2hfaDI2NC1iYXNpYy1nZW4yXzcyMHAiLCJ4cHZfYXNzZXRfaWQiOjE4MDg1MzYzMTY5NTM3NTksImFzc2V0X2FnZV9kYXlzIjoyMCwidmlfdXNlY2FzZV9pZCI6MTAxMzksImR1cmF0aW9uX3MiOjQ4LCJ1cmxnZW5fc291cmNlIjoid3d3In0%3D&ccb=17-1&vs=a7b11ee60e52583c&_nc_vs=HBksFQIYRWZiX2VwaGVtZXJhbC84MzQwOTY1QkEzMkU5QjlDRUEyQkFCRjlFOTMyRjM5Ql9tdF8xX3ZpZGVvX2Rhc2hpbml0Lm1wNBUAAsgBEgAVAhhAZmJfcGVybWFuZW50LzM3NDZFNjY5REVDNTZCNEU4RUY3MDlBQTY2M0Y3Njk1X2F1ZGlvX2Rhc2hpbml0Lm1wNBUCAsgBEgAoABgAGwKIB3VzZV9vaWwBMRJwcm9ncmVzc2l2ZV9yZWNpcGUBMRUAACa-kuLL1ba2BhUCKAJDMywXQEhIcrAgxJwYGWRhc2hfaDI2NC1iYXNpYy1nZW4yXzcyMHARAHUAZbaeAQA&_nc_gid=ll8p4RvEUTKJSMfFgBhBRA&_nc_ss=7f289&_nc_zt=28&oh=00_AQCrpUw2rxGzurK35FmbM3YELjYlONjXIU4asRAYbxSsDQ&oe=6A68ED2F,https://scontent.fblr22-1.fna.fbcdn.net/v/t39.35426-6/739437489_2806382139730593_7210852836560462777_n.jpg?_nc_cat=108&ccb=1-7&_nc_sid=c53f8f&_nc_ohc=rh17QEqQ0-4Q7kNvwHSJ9FG&_nc_oc=Adp1jzMk7RCkIJbeXw6cfsCbOqFpjMS45R_5dlYj24fjeSLJ8HtQw_g6OoXPI_Bn2tk&_nc_zt=14&_nc_ht=scontent.fblr22-1.fna&_nc_gid=ll8p4RvEUTKJSMfFgBhBRA&_nc_ss=7f289&oh=00_AQDLzvFJB06cIqoF_1wUoAh1NAk4FV_U6xhh6q2YjFVi_A&oe=6A68DB50,2026-07-28T17:55:59.000Z,2026-07-24
73,69,Lingo AI,599204246602758,Lingo AI,,IN,1000640566149897,https://www.facebook.com/ads/library/?id=1000640566149897,2026-07-21,,false,false,1,0,,2026-07-21,,"📘 Learn English easily with simple lessons 
😊 Build confidence with everyday speaking practice 
👉 Download now",👉 Download now,Download,https://speaklearnfrenchlingoai.onelink.me/Y67n?pid=metaweb_int&c={{campaign.name}}&af_c_id={{campaign.id}}&af_adset={{adset.name}}&af_adset_id={{adset.id}}&af_ad={{ad.name}}&af_ad_id={{ad.id}}&af_siteid={{site_source_name}},"Facebook,Instagram,Audience Network,Messenger,Threads","📘 Learn English easily with simple lessons 
😊 Build confidence with everyday speaking practice 
👉 Download now",👉 Download now,Download,https://speaklearnfrenchlingoai.onelink.me/Y67n?pid=metaweb_int&c={{campaign.name}}&af_c_id={{campaign.id}}&af_adset={{adset.name}}&af_adset_id={{adset.id}}&af_ad={{ad.name}}&af_ad_id={{ad.id}}&af_siteid={{site_source_name}},Video,"Facebook,Instagram,Audience Network,Messenger,Threads",1,0,9:16,https://video.fblr22-2.fna.fbcdn.net/o1/v/t2/f2/m366/AQMtCCWAVvrtGN3_gnBYby6quotZt2chDaw89gDll9wqJQwO4kx87zQWeHMMu3dL1SR_uhqGqN_mMltdNHoL99jkqOENVvknLqSJVnqNp57n9g.mp4?_nc_cat=111&_nc_oc=Adr_llJPLNBsMjvKSrRX3K9dp_OJ_vltZGhwRgEP5HgWyz2VjJMFwlm6Eoa5RvF5M-w&_nc_sid=b66105&_nc_ht=video.fblr22-2.fna.fbcdn.net&_nc_ohc=vkCDt5bj-IgQ7kNvwFQMMQF&efg=eyJ2ZW5jb2RlX3RhZyI6Inhwdl9wcm9ncmVzc2l2ZS5WSV9VU0VDQVNFX1BST0RVQ1RfVFlQRS4uQzMuNzIwLmRhc2hfaDI2NC1iYXNpYy1nZW4yXzcyMHAiLCJ4cHZfYXNzZXRfaWQiOjE3MDEwMTQzMjQ0NTc5MTEsImFzc2V0X2FnZV9kYXlzIjoxLCJ2aV91c2VjYXNlX2lkIjoxMDEzOSwiZHVyYXRpb25fcyI6MzAsInVybGdlbl9zb3VyY2UiOiJ3d3cifQ%3D%3D&ccb=17-1&vs=9f17caff3ee35da1&_nc_vs=HBksFQIYRWZiX2VwaGVtZXJhbC9BRTRCMEUzQjg3OEE0RDAwMUM2MDBERUQxMjM0OUFCQl9tdF8xX3ZpZGVvX2Rhc2hpbml0Lm1wNBUAAsgBEgAVAhhAZmJfcGVybWFuZW50LzBGNDlERUIxQjA3MUM5Rjg4NUE3N0NBRDREQ0QzNEJFX2F1ZGlvX2Rhc2hpbml0Lm1wNBUCAsgBEgAoABgAGwKIB3VzZV9vaWwBMRJwcm9ncmVzc2l2ZV9yZWNpcGUBMRUAACbuxompiMSFBhUCKAJDMywXQD5dsi0OVgQYGWRhc2hfaDI2NC1iYXNpYy1nZW4yXzcyMHARAHUAZbaeAQA&_nc_gid=ll8p4RvEUTKJSMfFgBhBRA&_nc_ss=7f289&_nc_zt=28&oh=00_AQBtkPY0co7L3wnb9i816hc_LxYj4_AJJyEgmx7FtS-0Gw&oe=6A69094D,https://scontent.fblr22-1.fna.fbcdn.net/v/t39.35426-6/749315373_1035395065642939_384059775439224047_n.jpg?_nc_cat=101&ccb=1-7&_nc_sid=c53f8f&_nc_ohc=ZrYQJ4qlTB4Q7kNvwGSLLto&_nc_oc=AdqkbDlVeBtIcjQBxXJo2tVtat8jAdcfOxjgE-zrFFHaNzwU_6S2Q8yQxIfGMHNosPY&_nc_zt=14&_nc_ht=scontent.fblr22-1.fna&_nc_gid=ll8p4RvEUTKJSMfFgBhBRA&_nc_ss=7f289&oh=00_AQBUQ70opndMd51CnGIxdr3aKHSVhxI6maBawxNhsLn18w&oe=6A68E84D,2026-07-28T19:55:57.000Z,2026-07-24
74,70,Lingo AI,599204246602758,Lingo AI,,IN,1369125235189845,https://www.facebook.com/ads/library/?id=1369125235189845,2026-07-22,,false,false,1,0,,2026-07-22,,"📘 Learn English easily with simple lessons 
😊 Build confidence with everyday speaking practice 
👉 Download now",👉 Download now,Download,https://speaklearnfrenchlingoai.onelink.me/Y67n?pid=metaweb_int&c={{campaign.name}}&af_c_id={{campaign.id}}&af_adset={{adset.name}}&af_adset_id={{adset.id}}&af_ad={{ad.name}}&af_ad_id={{ad.id}}&af_siteid={{site_source_name}},"Facebook,Instagram,Audience Network,Messenger,Threads","📘 Learn English easily with simple lessons 
😊 Build confidence with everyday speaking practice 
👉 Download now",👉 Download now,Download,https://speaklearnfrenchlingoai.onelink.me/Y67n?pid=metaweb_int&c={{campaign.name}}&af_c_id={{campaign.id}}&af_adset={{adset.name}}&af_adset_id={{adset.id}}&af_ad={{ad.name}}&af_ad_id={{ad.id}}&af_siteid={{site_source_name}},Video,"Facebook,Instagram,Audience Network,Messenger,Threads",1,0,1:1,https://video.fblr22-1.fna.fbcdn.net/o1/v/t2/f2/m366/AQMhNolO65JrcoRS7fbQ6_venjuUGGnrQaAXoRyo1qShizeINZ-eCyVyRd_N-oKIiWVxAGqHfy6mNWBWpH1J_0HZKOTsofS-E8NDdAO4gT5qeg.mp4?_nc_cat=101&_nc_oc=AdoiSYCs0KUCRvSAldvKKMbYF6txZAupk0T6PNfePDEJhtAQ6pnGNF8dJR_TIP1lMwU&_nc_sid=b66105&_nc_ht=video.fblr22-1.fna.fbcdn.net&_nc_ohc=HSanfqlP5F4Q7kNvwEDtzyi&efg=eyJ2ZW5jb2RlX3RhZyI6Inhwdl9wcm9ncmVzc2l2ZS5WSV9VU0VDQVNFX1BST0RVQ1RfVFlQRS4uQzMuNzIwLmRhc2hfaDI2NC1iYXNpYy1nZW4yXzcyMHAiLCJ4cHZfYXNzZXRfaWQiOjI1NjA2NjY1MTQzNTA0NzMsImFzc2V0X2FnZV9kYXlzIjowLCJ2aV91c2VjYXNlX2lkIjoxMDEzOSwiZHVyYXRpb25fcyI6ODcsInVybGdlbl9zb3VyY2UiOiJ3d3cifQ%3D%3D&ccb=17-1&vs=b7c605e8c3445ca7&_nc_vs=HBksFQIYRWZiX2VwaGVtZXJhbC9ENzQ3RjE4MEMyNkU4RUEyRjkwMEEwNUI1QjA5QUQ4RV9tdF8xX3ZpZGVvX2Rhc2hpbml0Lm1wNBUAAsgBEgAVAhhAZmJfcGVybWFuZW50L0MzNDhGNzk5NkIxQTE5RTgzQUI3RDc4M0NFMkRGQTlFX2F1ZGlvX2Rhc2hpbml0Lm1wNBUCAsgBEgAoABgAGwKIB3VzZV9vaWwBMRJwcm9ncmVzc2l2ZV9yZWNpcGUBMRUAACaShs-ftLqMCRUCKAJDMywXQFXXbItDlYEYGWRhc2hfaDI2NC1iYXNpYy1nZW4yXzcyMHARAHUAZbaeAQA&_nc_gid=ll8p4RvEUTKJSMfFgBhBRA&_nc_ss=7f289&_nc_zt=28&oh=00_AQAFBjV-ufO1Y4za85-ECEWBQ5okTpyCPPJ9JKCkMu5ZeQ&oe=6A68D56F,https://scontent.fblr22-2.fna.fbcdn.net/v/t39.35426-6/754202388_1371337225084115_8133381318436146745_n.jpg?_nc_cat=100&ccb=1-7&_nc_sid=c53f8f&_nc_ohc=l-PEkK82o0UQ7kNvwG922U_&_nc_oc=Adrm2qYT6fevMkoX82LSwubUChNLxy3cAww9OGxaIyFx4pM1kBmgUU9U1YZ5SBl-jjg&_nc_zt=14&_nc_ht=scontent.fblr22-2.fna&_nc_gid=ll8p4RvEUTKJSMfFgBhBRA&_nc_ss=7f289&oh=00_AQAMytx7h5VSDScGR1s3oR2B_3pc7KlpeYrr1h_Z7VzwPQ&oe=6A68F60F,2026-07-28T16:14:39.000Z,2026-07-24
75,71,Lingo AI,599204246602758,Lingo AI,,IN,4675112942774885,https://www.facebook.com/ads/library/?id=4675112942774885,2026-07-03,,false,false,1,0,,2026-07-03,,"📘 Learn English easily with simple lessons 
😊 Build confidence with everyday speaking practice 
👉 Download now",👉 Download now,Download,https://speaklearnfrenchlingoai.onelink.me/Y67n?pid=metaweb_int&c={{campaign.name}}&af_c_id={{campaign.id}}&af_adset={{adset.name}}&af_adset_id={{adset.id}}&af_ad={{ad.name}}&af_ad_id={{ad.id}}&af_siteid={{site_source_name}},"Facebook,Instagram,Audience Network,Messenger,Threads","📘 Learn English easily with simple lessons 
😊 Build confidence with everyday speaking practice 
👉 Download now",👉 Download now,Download,https://speaklearnfrenchlingoai.onelink.me/Y67n?pid=metaweb_int&c={{campaign.name}}&af_c_id={{campaign.id}}&af_adset={{adset.name}}&af_adset_id={{adset.id}}&af_ad={{ad.name}}&af_ad_id={{ad.id}}&af_siteid={{site_source_name}},Video,"Facebook,Instagram,Audience Network,Messenger,Threads",1,0,9:16,https://video.fblr22-1.fna.fbcdn.net/o1/v/t2/f2/m366/AQMcz4dZGOwQRtDvbWD5oxtv6EX9WNqVCP1cbwNw3zcIBUigkkjYbb6VcurfdVH83MkcMRssW0ZhqdBm8J_2Yo2TXC0x9BY-0V16F81cazQJWw.mp4?_nc_cat=109&_nc_oc=Adr5-oqIKm9H8BOwPLw5ba61_E-2NieAXmPbW3hNTfR9sVX9zTpo1wjkY5Go9NRoQ5c&_nc_sid=b66105&_nc_ht=video.fblr22-1.fna.fbcdn.net&_nc_ohc=WIrVTyNSgXAQ7kNvwFERuCD&efg=eyJ2ZW5jb2RlX3RhZyI6Inhwdl9wcm9ncmVzc2l2ZS5WSV9VU0VDQVNFX1BST0RVQ1RfVFlQRS4uQzMuNzIwLmRhc2hfaDI2NC1iYXNpYy1nZW4yXzcyMHAiLCJ4cHZfYXNzZXRfaWQiOjEzMjA4NTg4MzMwNjExMjQsImFzc2V0X2FnZV9kYXlzIjoyMCwidmlfdXNlY2FzZV9pZCI6MTAxMzksImR1cmF0aW9uX3MiOjQ4LCJ1cmxnZW5fc291cmNlIjoid3d3In0%3D&ccb=17-1&vs=8ac97b82a765383&_nc_vs=HBksFQIYRWZiX2VwaGVtZXJhbC9DMDQwMTg0OUI0QjA3RTE1OUZENTUwQTJDNzY3RkQ5Rl9tdF8xX3ZpZGVvX2Rhc2hpbml0Lm1wNBUAAsgBEgAVAhhAZmJfcGVybWFuZW50LzdGNDkyMkQwNkI0RTgwOTEyNDJDNUQ5RURDQjExODgwX2F1ZGlvX2Rhc2hpbml0Lm1wNBUCAsgBEgAoABgAGwKIB3VzZV9vaWwBMRJwcm9ncmVzc2l2ZV9yZWNpcGUBMRUAACaIlNiYjdTYBBUCKAJDMywXQEhIcrAgxJwYGWRhc2hfaDI2NC1iYXNpYy1nZW4yXzcyMHARAHUAZbaeAQA&_nc_gid=ll8p4RvEUTKJSMfFgBhBRA&_nc_ss=7f289&_nc_zt=28&oh=00_AQATYes3mPQohOPS8CT30YKvu5l3Z4u9pCQ8f-PteWfItw&oe=6A68F243,https://scontent.fblr22-1.fna.fbcdn.net/v/t39.35426-6/740183775_1388088609861900_6170615210780847000_n.jpg?_nc_cat=109&ccb=1-7&_nc_sid=c53f8f&_nc_ohc=OzTpMoMC60IQ7kNvwHPOcAz&_nc_oc=Adp_9nepb5fTodRjqNJjHR-_O5AovqRFcs7SEDgA55TKZac-Db3juRmD9fDM24X23d0&_nc_zt=14&_nc_ht=scontent.fblr22-1.fna&_nc_gid=ll8p4RvEUTKJSMfFgBhBRA&_nc_ss=7f289&oh=00_AQCOfssNZWt-NmuAL3M7FyZ8FhE3VG336Fb8RJNR3-jVCw&oe=6A68F077,2026-07-28T18:17:39.000Z,2026-07-24
76,72,Lingo AI,599204246602758,Lingo AI,,IN,1532901558303092,https://www.facebook.com/ads/library/?id=1532901558303092,2026-07-03,,false,false,1,0,,2026-07-03,,"📘 Learn English easily with simple lessons 
😊 Build confidence with everyday speaking practice 
👉 Download now",👉 Download now,Download,https://speaklearnfrenchlingoai.onelink.me/Y67n?pid=metaweb_int&c={{campaign.name}}&af_c_id={{campaign.id}}&af_adset={{adset.name}}&af_adset_id={{adset.id}}&af_ad={{ad.name}}&af_ad_id={{ad.id}}&af_siteid={{site_source_name}},"Facebook,Instagram,Audience Network,Messenger,Threads","📘 Learn English easily with simple lessons 
😊 Build confidence with everyday speaking practice 
👉 Download now",👉 Download now,Download,https://speaklearnfrenchlingoai.onelink.me/Y67n?pid=metaweb_int&c={{campaign.name}}&af_c_id={{campaign.id}}&af_adset={{adset.name}}&af_adset_id={{adset.id}}&af_ad={{ad.name}}&af_ad_id={{ad.id}}&af_siteid={{site_source_name}},Video,"Facebook,Instagram,Audience Network,Messenger,Threads",1,0,9:16,https://video.fblr22-1.fna.fbcdn.net/o1/v/t2/f2/m366/AQNQQOEZjpuplRvYZeKniaOc2WweSxA6QvMROgy8AteLx96f86_y3E5OVlvYQKY0Tq6-C1XtAj9DV_HvgnkBBPSva4jrK0B7W9fpShm3gCnhqQ.mp4?_nc_cat=106&_nc_oc=AdriZ-Is2S_ux3lKSMBuwnJs5_j6fyUxPdmY-3yoHRs7NwV8SWEM6-I2suCvmEHgY8M&_nc_sid=b66105&_nc_ht=video.fblr22-1.fna.fbcdn.net&_nc_ohc=onClmobWqswQ7kNvwHbkmfD&efg=eyJ2ZW5jb2RlX3RhZyI6Inhwdl9wcm9ncmVzc2l2ZS5WSV9VU0VDQVNFX1BST0RVQ1RfVFlQRS4uQzMuNzIwLmRhc2hfaDI2NC1iYXNpYy1nZW4yXzcyMHAiLCJ4cHZfYXNzZXRfaWQiOjEzNTgwNzQyNTk3OTgzOTQsImFzc2V0X2FnZV9kYXlzIjoyMCwidmlfdXNlY2FzZV9pZCI6MTAxMzksImR1cmF0aW9uX3MiOjQ4LCJ1cmxnZW5fc291cmNlIjoid3d3In0%3D&ccb=17-1&vs=229b71439ed8d4b9&_nc_vs=HBksFQIYRWZiX2VwaGVtZXJhbC9DQjQ0RjJGMEEwNDgzRTZGN0IxNTZDNEQ5QzAzMDU5Ql9tdF8xX3ZpZGVvX2Rhc2hpbml0Lm1wNBUAAsgBEgAVAhhAZmJfcGVybWFuZW50LzBENERGNThFMDExN0IyQ0Q0NDc2Qjk5REMzRTBFRDkyX2F1ZGlvX2Rhc2hpbml0Lm1wNBUCAsgBEgAoABgAGwKIB3VzZV9vaWwBMRJwcm9ncmVzc2l2ZV9yZWNpcGUBMRUAACb05avdqcrpBBUCKAJDMywXQEhIcrAgxJwYGWRhc2hfaDI2NC1iYXNpYy1nZW4yXzcyMHARAHUAZbaeAQA&_nc_gid=ll8p4RvEUTKJSMfFgBhBRA&_nc_ss=7f289&_nc_zt=28&oh=00_AQAPVEcutbFZMGg-sBZMzMPox8Mhfxt8Z14YZy9Ztpw97w&oe=6A6903CA,https://scontent.fblr22-2.fna.fbcdn.net/v/t39.35426-6/739155619_1474027307815021_2585141873918370037_n.jpg?_nc_cat=107&ccb=1-7&_nc_sid=c53f8f&_nc_ohc=L6sUF_8UbZwQ7kNvwH_WXY1&_nc_oc=AdoJnTCFQ11t4hhK9CmogCU7Tb7_9GC-Amcgeg1G2qFS0_z5WFEm6G3pakpIM5iBGnc&_nc_zt=14&_nc_ht=scontent.fblr22-2.fna&_nc_gid=ll8p4RvEUTKJSMfFgBhBRA&_nc_ss=7f289&oh=00_AQC1tUrG76ZdL3oAlZp_iFSI1gblDKtmOP5_yRVz_YZgyg&oe=6A6909AA,2026-07-28T19:32:26.000Z,2026-07-24
77,73,Lingo AI,599204246602758,Lingo AI,,IN,1579443816948070,https://www.facebook.com/ads/library/?id=1579443816948070,2026-07-18,,false,false,1,0,,2026-07-18,,"📘 Learn English easily with simple lessons 
😊 Build confidence with everyday speaking practice 
👉 Download now",👉 Download now,Download,https://speaklearnfrenchlingoai.onelink.me/Y67n?pid=metaweb_int&c={{campaign.name}}&af_c_id={{campaign.id}}&af_adset={{adset.name}}&af_adset_id={{adset.id}}&af_ad={{ad.name}}&af_ad_id={{ad.id}}&af_siteid={{site_source_name}},"Facebook,Instagram,Audience Network,Messenger,Threads","📘 Learn English easily with simple lessons 
😊 Build confidence with everyday speaking practice 
👉 Download now",👉 Download now,Download,https://speaklearnfrenchlingoai.onelink.me/Y67n?pid=metaweb_int&c={{campaign.name}}&af_c_id={{campaign.id}}&af_adset={{adset.name}}&af_adset_id={{adset.id}}&af_ad={{ad.name}}&af_ad_id={{ad.id}}&af_siteid={{site_source_name}},Video,"Facebook,Instagram,Audience Network,Messenger,Threads",1,0,9:16,https://video.fblr22-2.fna.fbcdn.net/o1/v/t2/f2/m366/AQPkGxtFtqBLkH_WIFQmKQT-pvQ0UQRSYN7WoQSU9Ah-O518H5abhsao2fNI4FwA-U125U2Fk0DaFqrmcVGRrUjKz2lRPgQL3fgNiKYQg_Jt0Q.mp4?_nc_cat=110&_nc_oc=AdrMwUU4jSSxkYxElrBmm5JhEk_UKxIB5LR5TRfGmuZPjQ6DzJxf5SrclTp-moxDgaE&_nc_sid=b66105&_nc_ht=video.fblr22-2.fna.fbcdn.net&_nc_ohc=5gH16kpiiz0Q7kNvwExTRCa&efg=eyJ2ZW5jb2RlX3RhZyI6Inhwdl9wcm9ncmVzc2l2ZS5WSV9VU0VDQVNFX1BST0RVQ1RfVFlQRS4uQzMuNzIwLmRhc2hfaDI2NC1iYXNpYy1nZW4yXzcyMHAiLCJ4cHZfYXNzZXRfaWQiOjg3NzQ4MTg5MjA4NDA3NSwiYXNzZXRfYWdlX2RheXMiOjQsInZpX3VzZWNhc2VfaWQiOjEwMTM5LCJkdXJhdGlvbl9zIjozNCwidXJsZ2VuX3NvdXJjZSI6Ind3dyJ9&ccb=17-1&vs=2f42bffaf24cb6bb&_nc_vs=HBksFQIYRWZiX2VwaGVtZXJhbC9FNTQ3MTQxN0ZFMTM5MkFDNzczNzIyNEY4QzZFQjY5NV9tdF8xX3ZpZGVvX2Rhc2hpbml0Lm1wNBUAAsgBEgAVAhhAZmJfcGVybWFuZW50LzI1NDkwMzI4N0EwMjgzMTc4MjIyMDlCQzc1MUUxQzg1X2F1ZGlvX2Rhc2hpbml0Lm1wNBUCAsgBEgAoABgAGwKIB3VzZV9vaWwBMRJwcm9ncmVzc2l2ZV9yZWNpcGUBMRUAACbW5cvHlYSPAxUCKAJDMywXQEFqn752yLQYGWRhc2hfaDI2NC1iYXNpYy1nZW4yXzcyMHARAHUAZbaeAQA&_nc_gid=ll8p4RvEUTKJSMfFgBhBRA&_nc_ss=7f289&_nc_zt=28&oh=00_AQBxXw3yRQrsIZZDBCWCnnpPsAmOLY4ZAFcVCGn5tjolHA&oe=6A68DD7A,https://scontent.fblr22-1.fna.fbcdn.net/v/t39.35426-6/749096392_1049508157688073_7884994134755781379_n.jpg?_nc_cat=102&ccb=1-7&_nc_sid=c53f8f&_nc_ohc=LI9upRfM3_8Q7kNvwFJ7Ww9&_nc_oc=AdoM4Bm_leAxak5EyXw0hCxJ51SZBY9FeHzsWfRC-KMMpWl-5VU98_stk-UshyU11nU&_nc_zt=14&_nc_ht=scontent.fblr22-1.fna&_nc_gid=ll8p4RvEUTKJSMfFgBhBRA&_nc_ss=7f289&oh=00_AQBKaaRBNOIB8YrRmF7fcUVF-3VZ2DxBI61y4QVV4VsYqg&oe=6A68D558,2026-07-28T16:48:58.000Z,2026-07-24
78,74,Lingo AI,599204246602758,Lingo AI,,IN,1549247150203977,https://www.facebook.com/ads/library/?id=1549247150203977,2026-07-17,,false,false,1,0,,2026-07-17,,"📘 Learn English easily with simple lessons 
😊 Build confidence with everyday speaking practice 
👉 Download now",👉 Download now,Download,https://speaklearnfrenchlingoai.onelink.me/Y67n?pid=metaweb_int&c={{campaign.name}}&af_c_id={{campaign.id}}&af_adset={{adset.name}}&af_adset_id={{adset.id}}&af_ad={{ad.name}}&af_ad_id={{ad.id}}&af_siteid={{site_source_name}},"Facebook,Instagram,Audience Network,Messenger,Threads","📘 Learn English easily with simple lessons 
😊 Build confidence with everyday speaking practice 
👉 Download now",👉 Download now,Download,https://speaklearnfrenchlingoai.onelink.me/Y67n?pid=metaweb_int&c={{campaign.name}}&af_c_id={{campaign.id}}&af_adset={{adset.name}}&af_adset_id={{adset.id}}&af_ad={{ad.name}}&af_ad_id={{ad.id}}&af_siteid={{site_source_name}},Video,"Facebook,Instagram,Audience Network,Messenger,Threads",1,0,9:16,https://video.fblr22-1.fna.fbcdn.net/o1/v/t2/f2/m366/AQPTlDkGQzxNJN1JJq8yIvhhWqWaRpOEekMxvhUNYJEnHhmHVRYmiDUSQcst6BkLOxOMnUw6qVtHng00Tp1PDqwy_04VxttrW2gBLrhv-cXb8g.mp4?_nc_cat=108&_nc_oc=AdrUWtK1yhMzxOHWBNoC-zDHcww-NDqkJlqzD76EylnQTOg70d0IP1iHUVT4hScGQNQ&_nc_sid=b66105&_nc_ht=video.fblr22-1.fna.fbcdn.net&_nc_ohc=QtgFm2v05EQQ7kNvwERZbgK&efg=eyJ2ZW5jb2RlX3RhZyI6Inhwdl9wcm9ncmVzc2l2ZS5WSV9VU0VDQVNFX1BST0RVQ1RfVFlQRS4uQzMuNzIwLmRhc2hfaDI2NC1iYXNpYy1nZW4yXzcyMHAiLCJ4cHZfYXNzZXRfaWQiOjIwOTM4OTIzMTgyMjY5MTIsImFzc2V0X2FnZV9kYXlzIjoxMywidmlfdXNlY2FzZV9pZCI6MTAxMzksImR1cmF0aW9uX3MiOjQzLCJ1cmxnZW5fc291cmNlIjoid3d3In0%3D&ccb=17-1&vs=4e8ce356f6874591&_nc_vs=HBksFQIYRWZiX2VwaGVtZXJhbC84NDQ1RkUwQUU2MjZBMUI3ODI0QjM5QzA5RURBQjZCOV9tdF8xX3ZpZGVvX2Rhc2hpbml0Lm1wNBUAAsgBEgAVAhhAZmJfcGVybWFuZW50L0JBNDIyNDIzRTVCRTBERUMzNzU5MzA3QzBGOTEzOEI3X2F1ZGlvX2Rhc2hpbml0Lm1wNBUCAsgBEgAoABgAGwKIB3VzZV9vaWwBMRJwcm9ncmVzc2l2ZV9yZWNpcGUBMRUAACbAp5u9yZi4BxUCKAJDMywXQEX7peNT988YGWRhc2hfaDI2NC1iYXNpYy1nZW4yXzcyMHARAHUAZbaeAQA&_nc_gid=ll8p4RvEUTKJSMfFgBhBRA&_nc_ss=7f289&_nc_zt=28&oh=00_AQAUdieXVFMDezPUmQ6E3NGgGhEf4a1YRL3z3qHgpJaaHw&oe=6A68ED54,https://scontent.fblr22-1.fna.fbcdn.net/v/t39.35426-6/743975552_1586484323055382_7181861383033962094_n.jpg?_nc_cat=108&ccb=1-7&_nc_sid=c53f8f&_nc_ohc=8TvC5cRqW9IQ7kNvwEqLW6I&_nc_oc=Adpbn1FNtvi9IFBrxIGawdvSpObgqcWuEYw31-LGTAwtizYtCufDUfEo5zbcIF3dvIo&_nc_zt=14&_nc_ht=scontent.fblr22-1.fna&_nc_gid=ll8p4RvEUTKJSMfFgBhBRA&_nc_ss=7f289&oh=00_AQBp5cCjrbLr97Hj_iOGuFYsBpmwTxVR8fEmiIHCeKPeCg&oe=6A68FF97,2026-07-28T17:56:36.000Z,2026-07-24
79,75,Lingo AI,599204246602758,Lingo AI,,IN,1030442776020269,https://www.facebook.com/ads/library/?id=1030442776020269,2026-07-22,,false,false,1,0,,2026-07-22,,"📘 Learn English easily with simple lessons 
😊 Build confidence with everyday speaking practice 
👉 Download now",👉 Download now,Download,https://speaklearnfrenchlingoai.onelink.me/Y67n?pid=metaweb_int&c={{campaign.name}}&af_c_id={{campaign.id}}&af_adset={{adset.name}}&af_adset_id={{adset.id}}&af_ad={{ad.name}}&af_ad_id={{ad.id}}&af_siteid={{site_source_name}},"Facebook,Instagram,Audience Network,Messenger,Threads","📘 Learn English easily with simple lessons 
😊 Build confidence with everyday speaking practice 
👉 Download now",👉 Download now,Download,https://speaklearnfrenchlingoai.onelink.me/Y67n?pid=metaweb_int&c={{campaign.name}}&af_c_id={{campaign.id}}&af_adset={{adset.name}}&af_adset_id={{adset.id}}&af_ad={{ad.name}}&af_ad_id={{ad.id}}&af_siteid={{site_source_name}},Video,"Facebook,Instagram,Audience Network,Messenger,Threads",1,0,9:16,https://video.fblr22-1.fna.fbcdn.net/o1/v/t2/f2/m366/AQMi3CXsQBvdlruMwkronf_M0OczhWGI65nC5Ho9Ts7rNjczqFuySfgJb-JKxJoflVJAhE7LcP8Om46fbLGULIL0Fd2AKkKwYx6mHeezzqk6TQ.mp4?_nc_cat=108&_nc_oc=Adr9GUXZ-_BSXNyeolnOLrafCZmDyMNOQdaLjQhHPxJ12Ud6FxmiaAYP4VIp0Djfk5Q&_nc_sid=b66105&_nc_ht=video.fblr22-1.fna.fbcdn.net&_nc_ohc=bOiFbXMGwrQQ7kNvwGAg7NI&efg=eyJ2ZW5jb2RlX3RhZyI6Inhwdl9wcm9ncmVzc2l2ZS5WSV9VU0VDQVNFX1BST0RVQ1RfVFlQRS4uQzMuNjA4LmRhc2hfaDI2NC1iYXNpYy1nZW4yXzcyMHAiLCJ4cHZfYXNzZXRfaWQiOjM5NzA1MDU1Mjk5MTEzNTEsImFzc2V0X2FnZV9kYXlzIjowLCJ2aV91c2VjYXNlX2lkIjoxMDEzOSwiZHVyYXRpb25fcyI6NTksInVybGdlbl9zb3VyY2UiOiJ3d3cifQ%3D%3D&ccb=17-1&vs=b379a36efb9dc863&_nc_vs=HBksFQIYRWZiX2VwaGVtZXJhbC84NjQ5MzM4OTgzQjkzMjg5NDNEQkYwODA4NjA0Qzc5RF9tdF8xX3ZpZGVvX2Rhc2hpbml0Lm1wNBUAAsgBEgAVAhhAZmJfcGVybWFuZW50LzU4NEZCQUNGNzI3NDNBQzNCMzlCN0VENEU2RDE3OThCX2F1ZGlvX2Rhc2hpbml0Lm1wNBUCAsgBEgAoABgAGwKIB3VzZV9vaWwBMRJwcm9ncmVzc2l2ZV9yZWNpcGUBMRUAACbuoIO768mNDhUCKAJDMywXQE2iDEm6XjUYGWRhc2hfaDI2NC1iYXNpYy1nZW4yXzcyMHARAHUAZbaeAQA&_nc_gid=ll8p4RvEUTKJSMfFgBhBRA&_nc_ss=7f289&_nc_zt=28&oh=00_AQDGsOJhNbE82GmGWmENEZAfbwu5gAUrvJSQl4Ck3B8Q7A&oe=6A68DADC,https://scontent.fblr22-2.fna.fbcdn.net/v/t39.35426-6/748623902_2559717401159851_619187960221191598_n.jpg?_nc_cat=100&ccb=1-7&_nc_sid=c53f8f&_nc_ohc=yRylOMqgqUoQ7kNvwGxSJjT&_nc_oc=AdpxyzRcuGbAprYHJe3IFnHvMfiA3jagffzk37031D-U1AmXIDwH_Pp4XyuPmo-VIyo&_nc_zt=14&_nc_ht=scontent.fblr22-2.fna&_nc_gid=ll8p4RvEUTKJSMfFgBhBRA&_nc_ss=7f289&oh=00_AQADODrTQU_n_bpFyW6pbZMz87993d7oWqT6QKoFrmKTxw&oe=6A68E99F,2026-07-28T16:37:48.000Z,2026-07-24
80,76,Lingo AI,599204246602758,Lingo AI,,IN,2069856527074376,https://www.facebook.com/ads/library/?id=2069856527074376,2026-07-16,,false,false,1,0,,2026-07-16,,"📘 Learn English easily with simple lessons 
😊 Build confidence with everyday speaking practice 
👉 Download now",👉 Download now,Download,https://speaklearnfrenchlingoai.onelink.me/Y67n?pid=metaweb_int&c={{campaign.name}}&af_c_id={{campaign.id}}&af_adset={{adset.name}}&af_adset_id={{adset.id}}&af_ad={{ad.name}}&af_ad_id={{ad.id}}&af_siteid={{site_source_name}},"Facebook,Instagram,Audience Network,Messenger,Threads","📘 Learn English easily with simple lessons 
😊 Build confidence with everyday speaking practice 
👉 Download now",👉 Download now,Download,https://speaklearnfrenchlingoai.onelink.me/Y67n?pid=metaweb_int&c={{campaign.name}}&af_c_id={{campaign.id}}&af_adset={{adset.name}}&af_adset_id={{adset.id}}&af_ad={{ad.name}}&af_ad_id={{ad.id}}&af_siteid={{site_source_name}},Video,"Facebook,Instagram,Audience Network,Messenger,Threads",1,0,9:16,https://video.fblr22-2.fna.fbcdn.net/o1/v/t2/f2/m366/AQOlDwzL3Y2eg4VojJzxOi5pXBWbf_VFBYbrvRRHoapLGDJ3dgeepBuhRL43X9aWmid5au3beiQySitwn4BVz69Z0ioVhmUTuSuQlMbTn6n7iQ.mp4?_nc_cat=110&_nc_oc=AdpDy3anw0JvVIPFKG4pKJpF4B4aYKxybIWDjOfM0G-abwgUMdXH2fjUP27vBXwRp3E&_nc_sid=b66105&_nc_ht=video.fblr22-2.fna.fbcdn.net&_nc_ohc=R8Am6hfTnqUQ7kNvwHYr4qy&efg=eyJ2ZW5jb2RlX3RhZyI6Inhwdl9wcm9ncmVzc2l2ZS5WSV9VU0VDQVNFX1BST0RVQ1RfVFlQRS4uQzMuNzIwLmRhc2hfaDI2NC1iYXNpYy1nZW4yXzcyMHAiLCJ4cHZfYXNzZXRfaWQiOjg3MDM0MTc2OTEyMzA3OCwiYXNzZXRfYWdlX2RheXMiOjYsInZpX3VzZWNhc2VfaWQiOjEwMTM5LCJkdXJhdGlvbl9zIjo0OCwidXJsZ2VuX3NvdXJjZSI6Ind3dyJ9&ccb=17-1&vs=6102302a9d664d1f&_nc_vs=HBksFQIYRWZiX2VwaGVtZXJhbC9DMTQ5M0E1QTJFQzA3QTdBNDI1OENDMjczNTZDNTM4NV9tdF8xX3ZpZGVvX2Rhc2hpbml0Lm1wNBUAAsgBEgAVAhhAZmJfcGVybWFuZW50LzFFNDA1QzI1Q0FBRDdEMkZCNjc5MzFFMDYxMDE5Mzg1X2F1ZGlvX2Rhc2hpbml0Lm1wNBUCAsgBEgAoABgAGwKIB3VzZV9vaWwBMRJwcm9ncmVzc2l2ZV9yZWNpcGUBMRUAACaM1Nq_x-SLAxUCKAJDMywXQEhIcrAgxJwYGWRhc2hfaDI2NC1iYXNpYy1nZW4yXzcyMHARAHUAZbaeAQA&_nc_gid=ll8p4RvEUTKJSMfFgBhBRA&_nc_ss=7f289&_nc_zt=28&oh=00_AQD246zpeqB6xvzzofROZKH1qUhTbyrtil7sgxNFhah3Rw&oe=6A68F60E,https://scontent.fblr22-1.fna.fbcdn.net/v/t39.35426-6/749285790_1052133807762724_8875448155059805418_n.jpg?_nc_cat=104&ccb=1-7&_nc_sid=c53f8f&_nc_ohc=Bp_nbOzcPyAQ7kNvwFu-Jvx&_nc_oc=AdpwpvHCZzIL-SOJ8NdLr464075EDc4l0QmE43TEg1hOvoAetg6pZ5z2CxBTo6gR-uo&_nc_zt=14&_nc_ht=scontent.fblr22-1.fna&_nc_gid=ll8p4RvEUTKJSMfFgBhBRA&_nc_ss=7f289&oh=00_AQC2BFK5bEG4TBIPs84e-VUtsQu0PQXcufl9d5U1Snz5fQ&oe=6A68D6E1,2026-07-28T18:33:50.000Z,2026-07-24
81,77,Lingo AI,599204246602758,Lingo AI,,IN,1774241500587954,https://www.facebook.com/ads/library/?id=1774241500587954,2026-07-16,,false,false,1,0,,2026-07-16,,"📘 Learn English easily with simple lessons 
😊 Build confidence with everyday speaking practice 
👉 Download now",👉 Download now,Download,https://speaklearnfrenchlingoai.onelink.me/Y67n?pid=metaweb_int&c={{campaign.name}}&af_c_id={{campaign.id}}&af_adset={{adset.name}}&af_adset_id={{adset.id}}&af_ad={{ad.name}}&af_ad_id={{ad.id}}&af_siteid={{site_source_name}},"Facebook,Instagram,Audience Network,Messenger,Threads","📘 Learn English easily with simple lessons 
😊 Build confidence with everyday speaking practice 
👉 Download now",👉 Download now,Download,https://speaklearnfrenchlingoai.onelink.me/Y67n?pid=metaweb_int&c={{campaign.name}}&af_c_id={{campaign.id}}&af_adset={{adset.name}}&af_adset_id={{adset.id}}&af_ad={{ad.name}}&af_ad_id={{ad.id}}&af_siteid={{site_source_name}},Video,"Facebook,Instagram,Audience Network,Messenger,Threads",1,0,9:16,https://video.fblr22-1.fna.fbcdn.net/o1/v/t2/f2/m366/AQN_pJJ1jTSDCbhFY9CpE5NOIsTT0-szzIUjB67olRUhKj28oc7_vk_zdyex2d8aQNAW0Clp8vKhRlRxXGGhejujEhVmLxtJ8PUhV6n654KDjw.mp4?_nc_cat=104&_nc_oc=AdpOr0PYNvRdC50hETGpCWQZkUVYhyRCn3lXT8CrXtEGVYBTrdgWeA6TE8y1UwYz_ng&_nc_sid=b66105&_nc_ht=video.fblr22-1.fna.fbcdn.net&_nc_ohc=pxcd6D6L48IQ7kNvwGJtjAu&efg=eyJ2ZW5jb2RlX3RhZyI6Inhwdl9wcm9ncmVzc2l2ZS5WSV9VU0VDQVNFX1BST0RVQ1RfVFlQRS4uQzMuNzIwLmRhc2hfaDI2NC1iYXNpYy1nZW4yXzcyMHAiLCJ4cHZfYXNzZXRfaWQiOjEzNTY1Nzg4MzMwODY4MTEsImFzc2V0X2FnZV9kYXlzIjoxMywidmlfdXNlY2FzZV9pZCI6MTAxMzksImR1cmF0aW9uX3MiOjM0LCJ1cmxnZW5fc291cmNlIjoid3d3In0%3D&ccb=17-1&vs=6f0ad597539c9d5b&_nc_vs=HBksFQIYRWZiX2VwaGVtZXJhbC9ENTQwQjUxQzMyRUVGNEVEQUFGNkJDQjVCNzM4OTRCN19tdF8xX3ZpZGVvX2Rhc2hpbml0Lm1wNBUAAsgBEgAVAhhAZmJfcGVybWFuZW50L0FGNDJDQUVDQjM3MTRCMzRDOTlGMjkyNUQwOTNEREEyX2F1ZGlvX2Rhc2hpbml0Lm1wNBUCAsgBEgAoABgAGwKIB3VzZV9vaWwBMRJwcm9ncmVzc2l2ZV9yZWNpcGUBMRUAACa25aX3o_PoBBUCKAJDMywXQEFqn752yLQYGWRhc2hfaDI2NC1iYXNpYy1nZW4yXzcyMHARAHUAZbaeAQA&_nc_gid=RkhhzxM9C9zOnhrg_RtBcA&_nc_ss=7f289&_nc_zt=28&oh=00_AQBj_MK0ykD7Q-QGt9v6cNCmWG9in-ptWF1vJ_YFUk-rvg&oe=6A6907DC,https://scontent.fblr22-1.fna.fbcdn.net/v/t39.35426-6/743270034_1053696724015525_324645577580887724_n.jpg?_nc_cat=109&ccb=1-7&_nc_sid=c53f8f&_nc_ohc=ln78PaKVRq4Q7kNvwGCcKMo&_nc_oc=Adrb5QT8_LxCovkDOKWxDuRFmP1Hwd2Xwh69HR9qzjUrX5SqwwGoPNho7yl0-dOqH6c&_nc_zt=14&_nc_ht=scontent.fblr22-1.fna&_nc_gid=RkhhzxM9C9zOnhrg_RtBcA&_nc_ss=7f289&oh=00_AQCxRyZ_LD58hPJkcpnkmYgKOTuI5iz4t8Jwek7VrwwmwA&oe=6A68FCEE,2026-07-28T19:49:48.000Z,2026-07-24
82,78,Lingo AI,599204246602758,Lingo AI,,IN,1069174625775853,https://www.facebook.com/ads/library/?id=1069174625775853,2026-07-03,,false,false,1,0,,2026-07-03,,"📘 Learn English easily with simple lessons 
😊 Build confidence with everyday speaking practice 
👉 Download now",👉 Download now,Download,https://speaklearnfrenchlingoai.onelink.me/Y67n?pid=metaweb_int&c={{campaign.name}}&af_c_id={{campaign.id}}&af_adset={{adset.name}}&af_adset_id={{adset.id}}&af_ad={{ad.name}}&af_ad_id={{ad.id}}&af_siteid={{site_source_name}},"Facebook,Instagram,Audience Network,Messenger,Threads","📘 Learn English easily with simple lessons 
😊 Build confidence with everyday speaking practice 
👉 Download now",👉 Download now,Download,https://speaklearnfrenchlingoai.onelink.me/Y67n?pid=metaweb_int&c={{campaign.name}}&af_c_id={{campaign.id}}&af_adset={{adset.name}}&af_adset_id={{adset.id}}&af_ad={{ad.name}}&af_ad_id={{ad.id}}&af_siteid={{site_source_name}},Video,"Facebook,Instagram,Audience Network,Messenger,Threads",1,0,9:16,https://video.fblr22-1.fna.fbcdn.net/o1/v/t2/f2/m366/AQNR8TeGRjZmil2YVprSnV6RKF_z03QmHhgj13wQgOA_HNI07IMkd1F_AFr3weTvK1ue4nCA6w-6X2COszXp79Lkhs7hna_olisaUiQ6GDRAoA.mp4?_nc_cat=102&_nc_oc=AdpGt0HJABlj7pgugf9yWIEZnxNrH6HKywDAGVV0nxhpKydfWzel_spi2fKGv-ZXUsk&_nc_sid=b66105&_nc_ht=video.fblr22-1.fna.fbcdn.net&_nc_ohc=gFyYH9dtU8AQ7kNvwH7RRZf&efg=eyJ2ZW5jb2RlX3RhZyI6Inhwdl9wcm9ncmVzc2l2ZS5WSV9VU0VDQVNFX1BST0RVQ1RfVFlQRS4uQzMuNzIwLmRhc2hfaDI2NC1iYXNpYy1nZW4yXzcyMHAiLCJ4cHZfYXNzZXRfaWQiOjE1NjI5NDA1Mjg5MDExODQsImFzc2V0X2FnZV9kYXlzIjoyMCwidmlfdXNlY2FzZV9pZCI6MTAxMzksImR1cmF0aW9uX3MiOjQ4LCJ1cmxnZW5fc291cmNlIjoid3d3In0%3D&ccb=17-1&vs=aace8d9ddb652778&_nc_vs=HBksFQIYRWZiX2VwaGVtZXJhbC82MzQxQTdGQUI1MTVEMzAxMEJFNjkyNUM4MjEzQTI4NF9tdF8xX3ZpZGVvX2Rhc2hpbml0Lm1wNBUAAsgBEgAVAhhAZmJfcGVybWFuZW50L0UyNDkzMzcyQUU1MzQ1NkIwMzJCQUY2RjA5OUE0RUE0X2F1ZGlvX2Rhc2hpbml0Lm1wNBUCAsgBEgAoABgAGwKIB3VzZV9vaWwBMRJwcm9ncmVzc2l2ZV9yZWNpcGUBMRUAACaA8b2wjt_GBRUCKAJDMywXQEhIcrAgxJwYGWRhc2hfaDI2NC1iYXNpYy1nZW4yXzcyMHARAHUAZbaeAQA&_nc_gid=RkhhzxM9C9zOnhrg_RtBcA&_nc_ss=7f289&_nc_zt=28&oh=00_AQAkslZILgRWMNLsoE2xO5v6yog254wZeY_2TmInKE3IcQ&oe=6A68F172,https://scontent.fblr22-1.fna.fbcdn.net/v/t39.35426-6/739996433_1312114294244003_1398717569399308590_n.jpg?_nc_cat=108&ccb=1-7&_nc_sid=c53f8f&_nc_ohc=l_osMZ4FB7cQ7kNvwFUMLHj&_nc_oc=Adp7P7okQqnjL_lhqpclnxUHYKCCF2R9PRHllT_U2Oox6YRydH1GVlElfXNkvTp9dfM&_nc_zt=14&_nc_ht=scontent.fblr22-1.fna&_nc_gid=RkhhzxM9C9zOnhrg_RtBcA&_nc_ss=7f289&oh=00_AQC7AB68lYc-8IUx4gtvclfzEFHeLElAh01GRePc1fiWLQ&oe=6A68D9E1,2026-07-28T18:14:10.000Z,2026-07-24
83,79,Lingo AI,599204246602758,Lingo AI,,IN,1415999857029783,https://www.facebook.com/ads/library/?id=1415999857029783,2026-07-03,,false,false,1,0,,2026-07-03,,"📘 Learn English easily with simple lessons 
😊 Build confidence with everyday speaking practice 
👉 Download now",👉 Download now,Download,https://speaklearnfrenchlingoai.onelink.me/Y67n?pid=metaweb_int&c={{campaign.name}}&af_c_id={{campaign.id}}&af_adset={{adset.name}}&af_adset_id={{adset.id}}&af_ad={{ad.name}}&af_ad_id={{ad.id}}&af_siteid={{site_source_name}},"Facebook,Instagram,Audience Network,Messenger,Threads","📘 Learn English easily with simple lessons 
😊 Build confidence with everyday speaking practice 
👉 Download now",👉 Download now,Download,https://speaklearnfrenchlingoai.onelink.me/Y67n?pid=metaweb_int&c={{campaign.name}}&af_c_id={{campaign.id}}&af_adset={{adset.name}}&af_adset_id={{adset.id}}&af_ad={{ad.name}}&af_ad_id={{ad.id}}&af_siteid={{site_source_name}},Video,"Facebook,Instagram,Audience Network,Messenger,Threads",1,0,9:16,https://video.fblr22-1.fna.fbcdn.net/o1/v/t2/f2/m366/AQMESO3-IzeZyh7duuO2WndOCH1dFMvzFcha5OPvrwvi1sqfu51CmILBGqEK0Ht28xT7Ls6smCbh131o_685YFTRFS2UxJ7SA8CPPrCbgj9Nrw.mp4?_nc_cat=106&_nc_oc=Adqs7dyaORzvBdoFb4OlSqr-FTX61_Sf1o66Vt3ZOlYfc4N1-Knq37y7xK7F1AY3sLY&_nc_sid=b66105&_nc_ht=video.fblr22-1.fna.fbcdn.net&_nc_ohc=g37iriPqid4Q7kNvwHGZkDo&efg=eyJ2ZW5jb2RlX3RhZyI6Inhwdl9wcm9ncmVzc2l2ZS5WSV9VU0VDQVNFX1BST0RVQ1RfVFlQRS4uQzMuNzIwLmRhc2hfaDI2NC1iYXNpYy1nZW4yXzcyMHAiLCJ4cHZfYXNzZXRfaWQiOjI1MTY4ODYxMzg3NTc3MjUsImFzc2V0X2FnZV9kYXlzIjoyMCwidmlfdXNlY2FzZV9pZCI6MTAxMzksImR1cmF0aW9uX3MiOjQ4LCJ1cmxnZW5fc291cmNlIjoid3d3In0%3D&ccb=17-1&vs=dd4c1f5579ede56c&_nc_vs=HBksFQIYRWZiX2VwaGVtZXJhbC81NjRENzVGMUFFNDQ1RTYyMjJEMTQ3QzU3QzFBOTVBRl9tdF8xX3ZpZGVvX2Rhc2hpbml0Lm1wNBUAAsgBEgAVAhhAZmJfcGVybWFuZW50L0FFNDNDRDU5NDQ5RjlFMTkyRjQyMTZGNUEwM0E5QzkzX2F1ZGlvX2Rhc2hpbml0Lm1wNBUCAsgBEgAoABgAGwKIB3VzZV9vaWwBMRJwcm9ncmVzc2l2ZV9yZWNpcGUBMRUAACa6ie2Dh8b4CBUCKAJDMywXQEhIcrAgxJwYGWRhc2hfaDI2NC1iYXNpYy1nZW4yXzcyMHARAHUAZbaeAQA&_nc_gid=RkhhzxM9C9zOnhrg_RtBcA&_nc_ss=7f289&_nc_zt=28&oh=00_AQA3O8c5Wp0N9QoGy8kOFSLFIkSX3REA6Aw6evCWjlQlrA&oe=6A68E602,https://scontent.fblr22-2.fna.fbcdn.net/v/t39.35426-6/739616302_1025915766594246_2561865466800857968_n.jpg?_nc_cat=111&ccb=1-7&_nc_sid=c53f8f&_nc_ohc=W5LPACfkKkQQ7kNvwHyZWWJ&_nc_oc=AdoX5avymwOKQKDJuOE2wMV9fYSTDTIje_BfRQrcRSEI58XSBCfI0x7nbGjdyCX_Fgc&_nc_zt=14&_nc_ht=scontent.fblr22-2.fna&_nc_gid=RkhhzxM9C9zOnhrg_RtBcA&_nc_ss=7f289&oh=00_AQAQxt0rATNwfrrMgkzghm-ZXNYITIC3hSF6uMepujU5Kg&oe=6A68F888,2026-07-28T17:25:22.000Z,2026-07-24
84,80,Lingo AI,599204246602758,Lingo AI,,IN,1757554012084795,https://www.facebook.com/ads/library/?id=1757554012084795,2026-07-18,,false,false,1,0,,2026-07-18,,"📘 Learn English easily with simple lessons 
😊 Build confidence with everyday speaking practice 
👉 Download now",👉 Download now,Download,https://speaklearnfrenchlingoai.onelink.me/Y67n?pid=metaweb_int&c={{campaign.name}}&af_c_id={{campaign.id}}&af_adset={{adset.name}}&af_adset_id={{adset.id}}&af_ad={{ad.name}}&af_ad_id={{ad.id}}&af_siteid={{site_source_name}},"Facebook,Instagram,Audience Network,Messenger,Threads","📘 Learn English easily with simple lessons 
😊 Build confidence with everyday speaking practice 
👉 Download now",👉 Download now,Download,https://speaklearnfrenchlingoai.onelink.me/Y67n?pid=metaweb_int&c={{campaign.name}}&af_c_id={{campaign.id}}&af_adset={{adset.name}}&af_adset_id={{adset.id}}&af_ad={{ad.name}}&af_ad_id={{ad.id}}&af_siteid={{site_source_name}},Video,"Facebook,Instagram,Audience Network,Messenger,Threads",1,0,9:16,https://video.fblr22-1.fna.fbcdn.net/o1/v/t2/f2/m366/AQOvIzcNyb4XdETxKVMmZf5AEdIyUyv121Vk1RnlF0CpoMAu6OL_pzTwf5-XCYYr4vJsQ1jwwHDtnqgTg6x0RAlAyDJZwhWcclEwnt2SMZGI1w.mp4?_nc_cat=109&_nc_oc=AdrMaaNxNLasD_w4r-U7BpS7INsbGdNTLh2OpX0Isf_LdUmT4Bp264QXfw1Ej7ruL6c&_nc_sid=b66105&_nc_ht=video.fblr22-1.fna.fbcdn.net&_nc_ohc=Wvt9LTf9EV0Q7kNvwFCNvLm&efg=eyJ2ZW5jb2RlX3RhZyI6Inhwdl9wcm9ncmVzc2l2ZS5WSV9VU0VDQVNFX1BST0RVQ1RfVFlQRS4uQzMuNzIwLmRhc2hfaDI2NC1iYXNpYy1nZW4yXzcyMHAiLCJ4cHZfYXNzZXRfaWQiOjEzNTI1MTI0MTcwNzQwMzcsImFzc2V0X2FnZV9kYXlzIjo0LCJ2aV91c2VjYXNlX2lkIjoxMDEzOSwiZHVyYXRpb25fcyI6MzQsInVybGdlbl9zb3VyY2UiOiJ3d3cifQ%3D%3D&ccb=17-1&vs=6042b0a5aac2b18b&_nc_vs=HBksFQIYRWZiX2VwaGVtZXJhbC84MTQ5Q0ZCNDA2QkRBQjg0MzA4NTAyREM2OTRGMTdBOV9tdF8xX3ZpZGVvX2Rhc2hpbml0Lm1wNBUAAsgBEgAVAhhAZmJfcGVybWFuZW50L0Q1NEZFRjM5QUM3MDZDM0IwMzkxQUNBNDc0ODI5Qzk3X2F1ZGlvX2Rhc2hpbml0Lm1wNBUCAsgBEgAoABgAGwKIB3VzZV9vaWwBMRJwcm9ncmVzc2l2ZV9yZWNpcGUBMRUAACbqreTiyobnBBUCKAJDMywXQEFqn752yLQYGWRhc2hfaDI2NC1iYXNpYy1nZW4yXzcyMHARAHUAZbaeAQA&_nc_gid=RkhhzxM9C9zOnhrg_RtBcA&_nc_ss=7f289&_nc_zt=28&oh=00_AQC2wCC1OpVFvbsa1Rxa_mhT7xsmiRKplyIeql1DufYNbA&oe=6A68E337,https://scontent.fblr22-1.fna.fbcdn.net/v/t39.35426-6/750582926_2154952648617923_7183883569410651852_n.jpg?_nc_cat=109&ccb=1-7&_nc_sid=c53f8f&_nc_ohc=eKqGNz6cb6sQ7kNvwEPWrpA&_nc_oc=AdpciLhFy9vAUPYk6ZQPexZr5hjz0pPxKzc4rZX1Q5uWJFpf0A0Ks_xdYe1Yw3IP-Z0&_nc_zt=14&_nc_ht=scontent.fblr22-1.fna&_nc_gid=RkhhzxM9C9zOnhrg_RtBcA&_nc_ss=7f289&oh=00_AQCrliVO2nGRKbi63UJU6xdHy1xDKBJvnWDEjWMrxmxH9w&oe=6A68E61B,2026-07-28T17:13:27.000Z,2026-07-24
85,81,Lingo AI,599204246602758,Lingo AI,,IN,1559522035833286,https://www.facebook.com/ads/library/?id=1559522035833286,2026-07-22,,false,false,1,0,,2026-07-22,,"📘 Learn English easily with simple lessons 
😊 Build confidence with everyday speaking practice 
👉 Download now",👉 Download now,Download,https://speaklearnfrenchlingoai.onelink.me/Y67n?pid=metaweb_int&c={{campaign.name}}&af_c_id={{campaign.id}}&af_adset={{adset.name}}&af_adset_id={{adset.id}}&af_ad={{ad.name}}&af_ad_id={{ad.id}}&af_siteid={{site_source_name}},"Facebook,Instagram,Audience Network,Messenger,Threads","📘 Learn English easily with simple lessons 
😊 Build confidence with everyday speaking practice 
👉 Download now",👉 Download now,Download,https://speaklearnfrenchlingoai.onelink.me/Y67n?pid=metaweb_int&c={{campaign.name}}&af_c_id={{campaign.id}}&af_adset={{adset.name}}&af_adset_id={{adset.id}}&af_ad={{ad.name}}&af_ad_id={{ad.id}}&af_siteid={{site_source_name}},Video,"Facebook,Instagram,Audience Network,Messenger,Threads",1,0,9:16,https://video.fblr22-1.fna.fbcdn.net/o1/v/t2/f2/m366/AQMDCHuL4XfTjjwJoZmY3GmepxknKPYIP4ghVLT5yIs-kn2-hF6WlpY0aIgxUyp4SB-R-bT9_gRTP18jYGw5dMkvMiN8L9qLJyKwWaCsHm3bFA.mp4?_nc_cat=102&_nc_oc=AdpfAIBYpUuMRidKqisofjdRHBBLL97j9_jbD5plPkzuidVsVlSjuzGejQvTy_1-K0I&_nc_sid=b66105&_nc_ht=video.fblr22-1.fna.fbcdn.net&_nc_ohc=TzTC3DK7VhUQ7kNvwHQQv1L&efg=eyJ2ZW5jb2RlX3RhZyI6Inhwdl9wcm9ncmVzc2l2ZS5WSV9VU0VDQVNFX1BST0RVQ1RfVFlQRS4uQzMuNjA4LmRhc2hfaDI2NC1iYXNpYy1nZW4yXzcyMHAiLCJ4cHZfYXNzZXRfaWQiOjI3NjI0ODAzMTQzODQ0NTg5LCJhc3NldF9hZ2VfZGF5cyI6MCwidmlfdXNlY2FzZV9pZCI6MTAxMzksImR1cmF0aW9uX3MiOjU4LCJ1cmxnZW5fc291cmNlIjoid3d3In0%3D&ccb=17-1&vs=a4fef28b98d404c2&_nc_vs=HBksFQIYRWZiX2VwaGVtZXJhbC9GNzRGNDU4MkRBQUQ1MTc0MjhBNTc1NDA3Mzk4Q0E4OV9tdF8xX3ZpZGVvX2Rhc2hpbml0Lm1wNBUAAsgBEgAVAhhAZmJfcGVybWFuZW50LzJDNEM0RkE0RTI1NzM1NTUwOEQ2OURGRTQxMUM2MEFGX2F1ZGlvX2Rhc2hpbml0Lm1wNBUCAsgBEgAoABgAGwKIB3VzZV9vaWwBMRJwcm9ncmVzc2l2ZV9yZWNpcGUBMRUAACbai4imlqeSYhUCKAJDMywXQE1AAAAAAAAYGWRhc2hfaDI2NC1iYXNpYy1nZW4yXzcyMHARAHUAZbaeAQA&_nc_gid=RkhhzxM9C9zOnhrg_RtBcA&_nc_ss=7f289&_nc_zt=28&oh=00_AQBBsUftfB_w4lry_Jk6dlo9usroa_0h6MzwalnqxXBbNQ&oe=6A68E28E,https://scontent.fblr22-2.fna.fbcdn.net/v/t39.35426-6/753150556_2987355468264014_8512107998253272906_n.jpg?_nc_cat=100&ccb=1-7&_nc_sid=c53f8f&_nc_ohc=xr3yXeSPseYQ7kNvwH8Tn2Z&_nc_oc=AdoYvzSh0L79I-D3FKjUZsC0B3lr9jAwrK4vQOuQWl-tTXDl8YPXRIaQ8Bbp2k97THY&_nc_zt=14&_nc_ht=scontent.fblr22-2.fna&_nc_gid=RkhhzxM9C9zOnhrg_RtBcA&_nc_ss=7f289&oh=00_AQDJ64Zi9vfVNwl45np2lPqBCh5-8SCgcH1FEFhaIrD6fg&oe=6A68ECEF,2026-07-28T17:10:38.000Z,2026-07-24
86,82,Lingo AI,599204246602758,Lingo AI,,IN,995743116798578,https://www.facebook.com/ads/library/?id=995743116798578,2026-07-21,,false,false,1,0,,2026-07-21,,"📘 Learn English easily with simple lessons 
😊 Build confidence with everyday speaking practice 
👉 Download now",👉 Download now,Download,https://speaklearnfrenchlingoai.onelink.me/Y67n?pid=metaweb_int&c={{campaign.name}}&af_c_id={{campaign.id}}&af_adset={{adset.name}}&af_adset_id={{adset.id}}&af_ad={{ad.name}}&af_ad_id={{ad.id}}&af_siteid={{site_source_name}},"Facebook,Instagram,Audience Network,Messenger,Threads","📘 Learn English easily with simple lessons 
😊 Build confidence with everyday speaking practice 
👉 Download now",👉 Download now,Download,https://speaklearnfrenchlingoai.onelink.me/Y67n?pid=metaweb_int&c={{campaign.name}}&af_c_id={{campaign.id}}&af_adset={{adset.name}}&af_adset_id={{adset.id}}&af_ad={{ad.name}}&af_ad_id={{ad.id}}&af_siteid={{site_source_name}},Video,"Facebook,Instagram,Audience Network,Messenger,Threads",1,0,9:16,https://video.fblr22-2.fna.fbcdn.net/o1/v/t2/f2/m366/AQOa51rTHnaXuxDtTbIkWsLDNZMuv3M-5E351VsW6jAPrWyMBLyKZC40GrfYif2sT8u5ntwPxztZGjy7mtsJ54b3Pkfv_EFHZmMG4ijMYmXHig.mp4?_nc_cat=107&_nc_oc=AdoVqP2c3WFJGkZp_d2w8yCBZ4VXjk-nh87zJY0H0fobMHkxVkm0gwmBtNYv3uYIFiQ&_nc_sid=b66105&_nc_ht=video.fblr22-2.fna.fbcdn.net&_nc_ohc=fkOYxZKJwVgQ7kNvwGER_Em&efg=eyJ2ZW5jb2RlX3RhZyI6Inhwdl9wcm9ncmVzc2l2ZS5WSV9VU0VDQVNFX1BST0RVQ1RfVFlQRS4uQzMuNzIwLmRhc2hfaDI2NC1iYXNpYy1nZW4yXzcyMHAiLCJ4cHZfYXNzZXRfaWQiOjIzOTk5MjgwMzcwODUwMjIsImFzc2V0X2FnZV9kYXlzIjoxLCJ2aV91c2VjYXNlX2lkIjoxMDEzOSwiZHVyYXRpb25fcyI6MzAsInVybGdlbl9zb3VyY2UiOiJ3d3cifQ%3D%3D&ccb=17-1&vs=d054a799a1439066&_nc_vs=HBksFQIYRWZiX2VwaGVtZXJhbC8xNzQwQjczQjUwOTM1RTBFMkE2Rjk3Q0U4NkYwRkNCM19tdF8xX3ZpZGVvX2Rhc2hpbml0Lm1wNBUAAsgBEgAVAhhAZmJfcGVybWFuZW50L0YwNEJDQTJBMzdBM0E4NEI2MUI1RDEyNUNFNEQ5NjgxX2F1ZGlvX2Rhc2hpbml0Lm1wNBUCAsgBEgAoABgAGwKIB3VzZV9vaWwBMRJwcm9ncmVzc2l2ZV9yZWNpcGUBMRUAACa8vZiima7DCBUCKAJDMywXQD5dsi0OVgQYGWRhc2hfaDI2NC1iYXNpYy1nZW4yXzcyMHARAHUAZbaeAQA&_nc_gid=RkhhzxM9C9zOnhrg_RtBcA&_nc_ss=7f289&_nc_zt=28&oh=00_AQCzvr90k4sDO133XwywP2R0Vx6fl_yH3T80xWUUZ38-xw&oe=6A68EA05,https://scontent.fblr22-1.fna.fbcdn.net/v/t39.35426-6/753170074_28306466278955917_2346719111118116523_n.jpg?_nc_cat=102&ccb=1-7&_nc_sid=c53f8f&_nc_ohc=8YvFz18_8YoQ7kNvwGvIxJm&_nc_oc=AdouqpbYbO0rtHLFElJeTv1Oi6Iopxr3jUyIdY0O4ZiBm7Q8iLqj_VATGtcpRj0cH9U&_nc_zt=14&_nc_ht=scontent.fblr22-1.fna&_nc_gid=RkhhzxM9C9zOnhrg_RtBcA&_nc_ss=7f289&oh=00_AQCJunSwMLehZSh7IMknZEawyKUnZKibruIcRDacB3hQwg&oe=6A68D6F9,2026-07-28T17:42:29.000Z,2026-07-24
87,83,Lingo AI,599204246602758,Lingo AI,,IN,1708007630488676,https://www.facebook.com/ads/library/?id=1708007630488676,2026-07-18,,false,false,1,0,,2026-07-18,,"📘 Learn English easily with simple lessons 
😊 Build confidence with everyday speaking practice 
👉 Download now",👉 Download now,Download,https://speaklearnfrenchlingoai.onelink.me/Y67n?pid=metaweb_int&c={{campaign.name}}&af_c_id={{campaign.id}}&af_adset={{adset.name}}&af_adset_id={{adset.id}}&af_ad={{ad.name}}&af_ad_id={{ad.id}}&af_siteid={{site_source_name}},"Facebook,Instagram,Audience Network,Messenger,Threads","📘 Learn English easily with simple lessons 
😊 Build confidence with everyday speaking practice 
👉 Download now",👉 Download now,Download,https://speaklearnfrenchlingoai.onelink.me/Y67n?pid=metaweb_int&c={{campaign.name}}&af_c_id={{campaign.id}}&af_adset={{adset.name}}&af_adset_id={{adset.id}}&af_ad={{ad.name}}&af_ad_id={{ad.id}}&af_siteid={{site_source_name}},Video,"Facebook,Instagram,Audience Network,Messenger,Threads",1,0,9:16,https://video.fblr22-2.fna.fbcdn.net/o1/v/t2/f2/m366/AQMphb_gHEeWGRJJji7V1gmw7QctqCyGYp--bidKOHVwM4sx_sXGNjtSNRUjA1RSgLiUo3wPeIRrmJbNLaQjnlIYssxJzktu5xc6USdQYjd0YQ.mp4?_nc_cat=111&_nc_oc=Ado2rL7_TMvtUIBVSqA_Ab7-oX6G7QO5fKU4ILNL4RefkLXvlwy1whssmqtQmfX1_jM&_nc_sid=b66105&_nc_ht=video.fblr22-2.fna.fbcdn.net&_nc_ohc=olIuDzPHACkQ7kNvwEEm3NO&efg=eyJ2ZW5jb2RlX3RhZyI6Inhwdl9wcm9ncmVzc2l2ZS5WSV9VU0VDQVNFX1BST0RVQ1RfVFlQRS4uQzMuNzIwLmRhc2hfaDI2NC1iYXNpYy1nZW4yXzcyMHAiLCJ4cHZfYXNzZXRfaWQiOjEwMjY1MzI1NzAzMzM5NDksImFzc2V0X2FnZV9kYXlzIjo0LCJ2aV91c2VjYXNlX2lkIjoxMDEzOSwiZHVyYXRpb25fcyI6MzQsInVybGdlbl9zb3VyY2UiOiJ3d3cifQ%3D%3D&ccb=17-1&vs=90664f75cb08dab3&_nc_vs=HBksFQIYRWZiX2VwaGVtZXJhbC9FNzQyQTk5NjQ1REM4MUFDNkEzQUMyNThBMzY4NTg4OF9tdF8xX3ZpZGVvX2Rhc2hpbml0Lm1wNBUAAsgBEgAVAhhAZmJfcGVybWFuZW50L0NDNDVDMTVBQjZBREY2NTU5M0UwMDNDQUEwMEExMkI1X2F1ZGlvX2Rhc2hpbml0Lm1wNBUCAsgBEgAoABgAGwKIB3VzZV9vaWwBMRJwcm9ncmVzc2l2ZV9yZWNpcGUBMRUAACb6i6TTh-jSAxUCKAJDMywXQEFqn752yLQYGWRhc2hfaDI2NC1iYXNpYy1nZW4yXzcyMHARAHUAZbaeAQA&_nc_gid=RkhhzxM9C9zOnhrg_RtBcA&_nc_ss=7f289&_nc_zt=28&oh=00_AQCNEjsgkyk7drkOP5Zao6YNSoYcoXaJepAWDWoGq_q2MA&oe=6A69044D,https://scontent.fblr22-2.fna.fbcdn.net/v/t39.35426-6/749535447_1785448385983688_7583225098711160925_n.jpg?_nc_cat=111&ccb=1-7&_nc_sid=c53f8f&_nc_ohc=JxaBQAOCm6MQ7kNvwEd91M-&_nc_oc=Adrx84lJxhEchijRjUmZnbBQYlDE7huC8lCFC6IjWD6st4jIKPCtKw5KD1dMRFw2YCI&_nc_zt=14&_nc_ht=scontent.fblr22-2.fna&_nc_gid=RkhhzxM9C9zOnhrg_RtBcA&_nc_ss=7f289&oh=00_AQDrb8wrRvwNtA8cGMoIY-vLMVwdd4TdqE7deQipC6j5zQ&oe=6A68D544,2026-07-28T19:34:37.000Z,2026-07-24
88,84,Lingo AI,599204246602758,Lingo AI,,IN,27457189783908299,https://www.facebook.com/ads/library/?id=27457189783908299,2026-07-21,,false,false,1,0,,2026-07-21,,"🌍 تعلّم الإنجليزية الحقيقية للحياة اليومية
🗣 تدرّب على التحدث من خلال دروس بسيطة
⏱ فقط 5 دقائق يوميًا
👉 حمّل التطبيق الآن",👉 حمّل التطبيق الآن,Download,https://speaklearnfrenchlingoai.onelink.me/Y67n?pid=metaweb_int&c={{campaign.name}}&af_c_id={{campaign.id}}&af_adset={{adset.name}}&af_adset_id={{adset.id}}&af_ad={{ad.name}}&af_ad_id={{ad.id}}&af_siteid={{site_source_name}},"Facebook,Instagram,Audience Network,Messenger,Threads","🌍 تعلّم الإنجليزية الحقيقية للحياة اليومية
🗣 تدرّب على التحدث من خلال دروس بسيطة
⏱ فقط 5 دقائق يوميًا
👉 حمّل التطبيق الآن",👉 حمّل التطبيق الآن,Download,https://speaklearnfrenchlingoai.onelink.me/Y67n?pid=metaweb_int&c={{campaign.name}}&af_c_id={{campaign.id}}&af_adset={{adset.name}}&af_adset_id={{adset.id}}&af_ad={{ad.name}}&af_ad_id={{ad.id}}&af_siteid={{site_source_name}},Video,"Facebook,Instagram,Audience Network,Messenger,Threads",1,0,9:16,https://video.fblr22-1.fna.fbcdn.net/o1/v/t2/f2/m366/AQNbV8sUDlqzIWyPqmWqJ4ahKdRDsSH5FSJfDZrubXUwbuFkHVFi1JbI2p1UXtxeBuBWt0GnLjsTDckUiI307T6Mwufh9M2AVRKgO0Z6MauWjg.mp4?_nc_cat=101&_nc_oc=AdqK84Q1NPoHxfZqbGNCGH6TGTTNsfavRA_a6vVkvp4BflUfpro0yXa9ZxN71RxGNUs&_nc_sid=b66105&_nc_ht=video.fblr22-1.fna.fbcdn.net&_nc_ohc=NLtF_mueJEgQ7kNvwEI189O&efg=eyJ2ZW5jb2RlX3RhZyI6Inhwdl9wcm9ncmVzc2l2ZS5WSV9VU0VDQVNFX1BST0RVQ1RfVFlQRS4uQzMuNzIwLmRhc2hfaDI2NC1iYXNpYy1nZW4yXzcyMHAiLCJ4cHZfYXNzZXRfaWQiOjU0MjM3MTc3NTExODU2OTcsImFzc2V0X2FnZV9kYXlzIjo0LCJ2aV91c2VjYXNlX2lkIjoxMDEzOSwiZHVyYXRpb25fcyI6MjAsInVybGdlbl9zb3VyY2UiOiJ3d3cifQ%3D%3D&ccb=17-1&vs=a6b27ccf1454b302&_nc_vs=HBksFQIYRWZiX2VwaGVtZXJhbC9EMzRGN0QxNEVEM0ZGMzM3ODZFQzg5MEJBN0UxMjY5Ql9tdF8xX3ZpZGVvX2Rhc2hpbml0Lm1wNBUAAsgBEgAVAhhAZmJfcGVybWFuZW50L0I1NDY5OEYxNzk3Mjg1NERFOEM0OURBNzlCQkM5NTlCX2F1ZGlvX2Rhc2hpbml0Lm1wNBUCAsgBEgAoABgAGwKIB3VzZV9vaWwBMRJwcm9ncmVzc2l2ZV9yZWNpcGUBMRUAACbChN-e9rWiExUCKAJDMywXQDQzMzMzMzMYGWRhc2hfaDI2NC1iYXNpYy1nZW4yXzcyMHARAHUAZbaeAQA&_nc_gid=RkhhzxM9C9zOnhrg_RtBcA&_nc_ss=7f289&_nc_zt=28&oh=00_AQBFiVMYAaoaQj9toKbKz8Ok8wEeeRDp3JFuTuUiHWxSTA&oe=6A68FBCB,https://scontent.fblr22-2.fna.fbcdn.net/v/t39.35426-6/750585199_966637583087383_5453152329386303776_n.jpg?_nc_cat=111&ccb=1-7&_nc_sid=c53f8f&_nc_ohc=6J8td-u38GQQ7kNvwGpVgcG&_nc_oc=Adr2DTmZDXmSkq5BOiKUM31vWgmryslnRYhq-8Xz3lqJn54nI56GuxS1tD8PPrymPCQ&_nc_zt=14&_nc_ht=scontent.fblr22-2.fna&_nc_gid=RkhhzxM9C9zOnhrg_RtBcA&_nc_ss=7f289&oh=00_AQCdQK4rlI5HfcDLPYLYLQMxGV-WvGi5sy5k3ZOjqgt-jQ&oe=6A68E4BC,2026-07-28T18:58:19.000Z,2026-07-24
89,85,Lingo AI,599204246602758,Lingo AI,,IN,1420671956784282,https://www.facebook.com/ads/library/?id=1420671956784282,2026-07-22,,false,false,1,0,,2026-07-22,,"📘 Learn English easily with simple lessons 
😊 Build confidence with everyday speaking practice 
👉 Download now",👉 Download now,Download,https://speaklearnfrenchlingoai.onelink.me/Y67n?pid=metaweb_int&c={{campaign.name}}&af_c_id={{campaign.id}}&af_adset={{adset.name}}&af_adset_id={{adset.id}}&af_ad={{ad.name}}&af_ad_id={{ad.id}}&af_siteid={{site_source_name}},"Facebook,Instagram,Audience Network,Messenger,Threads","📘 Learn English easily with simple lessons 
😊 Build confidence with everyday speaking practice 
👉 Download now",👉 Download now,Download,https://speaklearnfrenchlingoai.onelink.me/Y67n?pid=metaweb_int&c={{campaign.name}}&af_c_id={{campaign.id}}&af_adset={{adset.name}}&af_adset_id={{adset.id}}&af_ad={{ad.name}}&af_ad_id={{ad.id}}&af_siteid={{site_source_name}},Video,"Facebook,Instagram,Audience Network,Messenger,Threads",1,0,9:16,https://video.fblr22-1.fna.fbcdn.net/o1/v/t2/f2/m366/AQMZrFuUcWhtFNZ6ZM2rMdK0OSHgUqPhHFqOmRaklF1t5UaMBbGN9ENdE7wnkgG6j_SSuQx1og8_dGEGV1MAO-1hSaEV4sddQ-kpvnA8tAFo5Q.mp4?_nc_cat=109&_nc_oc=AdpMAs6rhDL_Y1tWKnWQRB1t40Drmda2Ae05pGjpFxwXaKVFqG9oQMn6lIGhDa0o240&_nc_sid=b66105&_nc_ht=video.fblr22-1.fna.fbcdn.net&_nc_ohc=VtGIwYtzQuMQ7kNvwEtQefE&efg=eyJ2ZW5jb2RlX3RhZyI6Inhwdl9wcm9ncmVzc2l2ZS5WSV9VU0VDQVNFX1BST0RVQ1RfVFlQRS4uQzMuNjA4LmRhc2hfaDI2NC1iYXNpYy1nZW4yXzcyMHAiLCJ4cHZfYXNzZXRfaWQiOjEyOTE5NTU1ODI4MzM4OTUsImFzc2V0X2FnZV9kYXlzIjowLCJ2aV91c2VjYXNlX2lkIjoxMDEzOSwiZHVyYXRpb25fcyI6ODcsInVybGdlbl9zb3VyY2UiOiJ3d3cifQ%3D%3D&ccb=17-1&vs=d290d9be53d26c5c&_nc_vs=HBksFQIYRWZiX2VwaGVtZXJhbC83MjQ5RDA0NUU1MzJERTg3MUZFODE1REZDRTU3NDU5Ql9tdF8xX3ZpZGVvX2Rhc2hpbml0Lm1wNBUAAsgBEgAVAhhAZmJfcGVybWFuZW50LzE0NEFDMEZGMjBFMzQxOTEzRjgwMEY0MEQxMzJFQTgzX2F1ZGlvX2Rhc2hpbml0Lm1wNBUCAsgBEgAoABgAGwKIB3VzZV9vaWwBMRJwcm9ncmVzc2l2ZV9yZWNpcGUBMRUAACbO06SZ28HLBBUCKAJDMywXQFXXbItDlYEYGWRhc2hfaDI2NC1iYXNpYy1nZW4yXzcyMHARAHUAZbaeAQA&_nc_gid=RkhhzxM9C9zOnhrg_RtBcA&_nc_ss=7f289&_nc_zt=28&oh=00_AQDX1yXEhwzgps_TxFO_Ix42cnViNg5Ep55tdZq6UG8RVw&oe=6A68D82B,https://scontent.fblr22-2.fna.fbcdn.net/v/t39.35426-6/753396415_1710290910293159_8935852365322662962_n.jpg?_nc_cat=105&ccb=1-7&_nc_sid=c53f8f&_nc_ohc=IJ1fyPp05jgQ7kNvwG3rS-j&_nc_oc=Adogm3nR2tg_1s8ZvSKd3sRjaY5LbkdJu5FMhabnQ_uX5FWpk-q3Tou7o8YUCvLwW1g&_nc_zt=14&_nc_ht=scontent.fblr22-2.fna&_nc_gid=RkhhzxM9C9zOnhrg_RtBcA&_nc_ss=7f289&oh=00_AQDKOA8PH8j4onLPwGEzbsdCgTwIO_rOMquiBpPq9LxOzA&oe=6A68FB52,2026-07-28T16:26:19.000Z,2026-07-24
90,86,Lingo AI,599204246602758,Lingo AI,,IN,1476996661108631,https://www.facebook.com/ads/library/?id=1476996661108631,2026-07-09,,false,false,1,0,,2026-07-09,,"🌍 Learn real English for everyday life 
🗣 Practice speaking with simple lessons 
⏱ Just 5 minutes a day 
👉 Download now",👉 Download now,Download,https://speaklearnfrenchlingoai.onelink.me/Y67n?pid=metaweb_int&c={{campaign.name}}&af_c_id={{campaign.id}}&af_adset={{adset.name}}&af_adset_id={{adset.id}}&af_ad={{ad.name}}&af_ad_id={{ad.id}}&af_siteid={{site_source_name}},"Facebook,Instagram,Audience Network,Messenger,Threads","🌍 Learn real English for everyday life 
🗣 Practice speaking with simple lessons 
⏱ Just 5 minutes a day 
👉 Download now",👉 Download now,Download,https://speaklearnfrenchlingoai.onelink.me/Y67n?pid=metaweb_int&c={{campaign.name}}&af_c_id={{campaign.id}}&af_adset={{adset.name}}&af_adset_id={{adset.id}}&af_ad={{ad.name}}&af_ad_id={{ad.id}}&af_siteid={{site_source_name}},Video,"Facebook,Instagram,Audience Network,Messenger,Threads",1,0,9:16,https://video.fblr22-1.fna.fbcdn.net/o1/v/t2/f2/m366/AQM4YRlSz3534cHQ03nAkcdp-jWn9PQ71u6AUYi1QbggWER5CaI2qybZfpIKXGKygrICK5-o7Bel6KPxF2h8xK2a-oZ8wdu2BXWdzBAAaJJWMw.mp4?_nc_cat=109&_nc_oc=Adq-chrpOs9laYSzDZQuyHa-yPuSda7lKty0vxVZ8ARCIV_1Q4y9LrsoGR0avFNLmyw&_nc_sid=b66105&_nc_ht=video.fblr22-1.fna.fbcdn.net&_nc_ohc=ZKpIdGNbe-cQ7kNvwHmT1zI&efg=eyJ2ZW5jb2RlX3RhZyI6Inhwdl9wcm9ncmVzc2l2ZS5WSV9VU0VDQVNFX1BST0RVQ1RfVFlQRS4uQzMuNzIwLmRhc2hfaDI2NC1iYXNpYy1nZW4yXzcyMHAiLCJ4cHZfYXNzZXRfaWQiOjEwMzkwNTIwNDg4ODQ3NDgsImFzc2V0X2FnZV9kYXlzIjoxNywidmlfdXNlY2FzZV9pZCI6MTAxMzksImR1cmF0aW9uX3MiOjM4LCJ1cmxnZW5fc291cmNlIjoid3d3In0%3D&ccb=17-1&vs=4179e92d70dfe8e8&_nc_vs=HBksFQIYRWZiX2VwaGVtZXJhbC9GRjRDQjgxMzI5MTBDMTcyRDU4OEVEQ0FDOUZGNzM4Ql9tdF8xX3ZpZGVvX2Rhc2hpbml0Lm1wNBUAAsgBEgAVAhhAZmJfcGVybWFuZW50L0JGNEJFMzBGMDFCMzk3RUE5QzRBNjI2Q0I0QjJCQjg1X2F1ZGlvX2Rhc2hpbml0Lm1wNBUCAsgBEgAoABgAGwKIB3VzZV9vaWwBMRJwcm9ncmVzc2l2ZV9yZWNpcGUBMRUAACaYkLeE5cDYAxUCKAJDMywXQENiDEm6XjUYGWRhc2hfaDI2NC1iYXNpYy1nZW4yXzcyMHARAHUAZbaeAQA&_nc_gid=RkhhzxM9C9zOnhrg_RtBcA&_nc_ss=7f289&_nc_zt=28&oh=00_AQCx9Fy8IX77g9x52rJD6S0uVA0-cGx7zhhEGHc3LWF06g&oe=6A68E927,https://scontent.fblr22-2.fna.fbcdn.net/v/t39.35426-6/739774039_4448336838779918_2490283192118322452_n.jpg?_nc_cat=100&ccb=1-7&_nc_sid=c53f8f&_nc_ohc=7pK8GeXy4AQQ7kNvwHamgHx&_nc_oc=AdrApYrPj7kELsviTj2n8EyUvrOcdXls5TqfhIUKqvRnEnDaEtBR0alZ872bILrVkUk&_nc_zt=14&_nc_ht=scontent.fblr22-2.fna&_nc_gid=RkhhzxM9C9zOnhrg_RtBcA&_nc_ss=7f289&oh=00_AQAmwixE6OX7VdqrTohx05DsEFJz9FCrX8D0X6fKiL6qMw&oe=6A68F72F,2026-07-28T17:38:47.000Z,2026-07-24
91,87,Lingo AI,599204246602758,Lingo AI,,IN,1550037346903114,https://www.facebook.com/ads/library/?id=1550037346903114,2026-07-18,,false,false,1,0,,2026-07-18,,"📘 Learn English easily with simple lessons 
😊 Build confidence with everyday speaking practice 
👉 Download now",👉 Download now,Download,https://speaklearnfrenchlingoai.onelink.me/Y67n?pid=metaweb_int&c={{campaign.name}}&af_c_id={{campaign.id}}&af_adset={{adset.name}}&af_adset_id={{adset.id}}&af_ad={{ad.name}}&af_ad_id={{ad.id}}&af_siteid={{site_source_name}},"Facebook,Instagram,Audience Network,Messenger,Threads","📘 Learn English easily with simple lessons 
😊 Build confidence with everyday speaking practice 
👉 Download now",👉 Download now,Download,https://speaklearnfrenchlingoai.onelink.me/Y67n?pid=metaweb_int&c={{campaign.name}}&af_c_id={{campaign.id}}&af_adset={{adset.name}}&af_adset_id={{adset.id}}&af_ad={{ad.name}}&af_ad_id={{ad.id}}&af_siteid={{site_source_name}},Video,"Facebook,Instagram,Audience Network,Messenger,Threads",1,0,9:16,https://video.fblr22-2.fna.fbcdn.net/o1/v/t2/f2/m366/AQNVyBm6hHNKZbSgVZWqDKe98T2Lmoqss1opuZqAEbEPoN2czkJIa4APlV7gta2LRYU1iCXmodNf3Thj2Uqg__w5uVSNJuhs5xiFVDe_N8IFoQ.mp4?_nc_cat=107&_nc_oc=AdqI1LrQ_o4KXVxfM91STMRqnY-0ULMieVNNFUW6iKYSoX4soW1IOYlJZDfF61_l7lo&_nc_sid=b66105&_nc_ht=video.fblr22-2.fna.fbcdn.net&_nc_ohc=l8vyTU8f3XYQ7kNvwHR70E3&efg=eyJ2ZW5jb2RlX3RhZyI6Inhwdl9wcm9ncmVzc2l2ZS5WSV9VU0VDQVNFX1BST0RVQ1RfVFlQRS4uQzMuNzIwLmRhc2hfaDI2NC1iYXNpYy1nZW4yXzcyMHAiLCJ4cHZfYXNzZXRfaWQiOjk2Mzc3NDAwMzMzNzk0MCwiYXNzZXRfYWdlX2RheXMiOjQsInZpX3VzZWNhc2VfaWQiOjEwMTM5LCJkdXJhdGlvbl9zIjozNCwidXJsZ2VuX3NvdXJjZSI6Ind3dyJ9&ccb=17-1&vs=4d13bd2fbc8f3084&_nc_vs=HBksFQIYRWZiX2VwaGVtZXJhbC9DNDQ1RTU0NzEwNkRBQ0Q5QzgxRDVEMjYxOTkyQzBCNV9tdF8xX3ZpZGVvX2Rhc2hpbml0Lm1wNBUAAsgBEgAVAhhAZmJfcGVybWFuZW50LzdFNEZEMzFFRUZFMEFCMjRDNkUzNTQ3QTE1OUJFNTlGX2F1ZGlvX2Rhc2hpbml0Lm1wNBUCAsgBEgAoABgAGwKIB3VzZV9vaWwBMRJwcm9ncmVzc2l2ZV9yZWNpcGUBMRUAACao6-bxg6O2AxUCKAJDMywXQEFqn752yLQYGWRhc2hfaDI2NC1iYXNpYy1nZW4yXzcyMHARAHUAZbaeAQA&_nc_gid=zixWjrXOtrB7PNY40frM6w&_nc_ss=7f289&_nc_zt=28&oh=00_AQBvZY-YKDXZH7rIfR2asGBBoQZBWN9LtKvtLPAzQ3OW9w&oe=6A68F90D,https://scontent.fblr22-1.fna.fbcdn.net/v/t39.35426-6/749892068_883463397717493_6991084675015172345_n.jpg?_nc_cat=103&ccb=1-7&_nc_sid=c53f8f&_nc_ohc=_WbSee45sDIQ7kNvwH_oCiy&_nc_oc=AdoAYbjyXE-tMcVxHDcvs_i0Vi6W1oPS2FLgk4rOW3SVHVPqmXV-qA983Hq3xMN7J40&_nc_zt=14&_nc_ht=scontent.fblr22-1.fna&_nc_gid=zixWjrXOtrB7PNY40frM6w&_nc_ss=7f289&oh=00_AQAqH9ukoVyD6wNnyHzHKgJzSqxqNxC6No5gitq8wnMk3w&oe=6A68E2CF,2026-07-28T18:46:37.000Z,2026-07-24
92,88,Lingo AI,599204246602758,Lingo AI,,IN,1503247244424866,https://www.facebook.com/ads/library/?id=1503247244424866,2026-07-16,,false,false,1,0,,2026-07-16,,"📘 Learn English easily with simple lessons 
😊 Build confidence with everyday speaking practice 
👉 Download now",👉 Download now,Download,https://speaklearnfrenchlingoai.onelink.me/Y67n?pid=metaweb_int&c={{campaign.name}}&af_c_id={{campaign.id}}&af_adset={{adset.name}}&af_adset_id={{adset.id}}&af_ad={{ad.name}}&af_ad_id={{ad.id}}&af_siteid={{site_source_name}},"Facebook,Instagram,Audience Network,Messenger,Threads","📘 Learn English easily with simple lessons 
😊 Build confidence with everyday speaking practice 
👉 Download now",👉 Download now,Download,https://speaklearnfrenchlingoai.onelink.me/Y67n?pid=metaweb_int&c={{campaign.name}}&af_c_id={{campaign.id}}&af_adset={{adset.name}}&af_adset_id={{adset.id}}&af_ad={{ad.name}}&af_ad_id={{ad.id}}&af_siteid={{site_source_name}},Video,"Facebook,Instagram,Audience Network,Messenger,Threads",1,0,9:16,https://video.fblr22-2.fna.fbcdn.net/o1/v/t2/f2/m366/AQOqt7TX5-XvoSJVH0oP_C4C7JKbn0aEUN-5WlhffWxwaIx4vLfHMIFI6KsQbz27aBsN2UBzjiHwIJ4K9RnJUzHn5IhEQ7HzCKJjZPp3AYOCUg.mp4?_nc_cat=110&_nc_oc=AdrhrwHsaKEIkkE-69uioTLKZuVx7Zv3oXIhj2HdmChx-CnyJSCMt5INN3qyrbn6UOs&_nc_sid=b66105&_nc_ht=video.fblr22-2.fna.fbcdn.net&_nc_ohc=NF2nDe_9UD8Q7kNvwEqkDPs&efg=eyJ2ZW5jb2RlX3RhZyI6Inhwdl9wcm9ncmVzc2l2ZS5WSV9VU0VDQVNFX1BST0RVQ1RfVFlQRS4uQzMuNzIwLmRhc2hfaDI2NC1iYXNpYy1nZW4yXzcyMHAiLCJ4cHZfYXNzZXRfaWQiOjE1NDQ4NjA0MDM5NjMwMzIsImFzc2V0X2FnZV9kYXlzIjo2LCJ2aV91c2VjYXNlX2lkIjoxMDEzOSwiZHVyYXRpb25fcyI6NDgsInVybGdlbl9zb3VyY2UiOiJ3d3cifQ%3D%3D&ccb=17-1&vs=4c4246bd0fa7cc2c&_nc_vs=HBksFQIYRWZiX2VwaGVtZXJhbC9ERDQyNDk2QUNCMjIwNDE3OEQyMjAyNTM2RjBFRDBBMl9tdF8xX3ZpZGVvX2Rhc2hpbml0Lm1wNBUAAsgBEgAVAhhAZmJfcGVybWFuZW50L0QzNDVGOEMyQUE3RUZDMzI3NTQyMEM0ODQxODFCNkFGX2F1ZGlvX2Rhc2hpbml0Lm1wNBUCAsgBEgAoABgAGwKIB3VzZV9vaWwBMRJwcm9ncmVzc2l2ZV9yZWNpcGUBMRUAACaw0tj52sK-BRUCKAJDMywXQEhIcrAgxJwYGWRhc2hfaDI2NC1iYXNpYy1nZW4yXzcyMHARAHUAZbaeAQA&_nc_gid=zixWjrXOtrB7PNY40frM6w&_nc_ss=7f289&_nc_zt=28&oh=00_AQDHHzw5qpM-HiHGg3Q2NWi_9ywcZintKG2N9u-WHMTJxw&oe=6A68FB42,https://scontent.fblr22-1.fna.fbcdn.net/v/t39.35426-6/749132960_1050590770689973_3895644942794741932_n.jpg?_nc_cat=103&ccb=1-7&_nc_sid=c53f8f&_nc_ohc=U1gn0vF_ugwQ7kNvwGlP23h&_nc_oc=AdrEu0P3GLGt8E8GrfsjifIvQ-dPAhrV6e8tXsFzbmICxRVytYStisLk0ZT9EQ2Khgg&_nc_zt=14&_nc_ht=scontent.fblr22-1.fna&_nc_gid=zixWjrXOtrB7PNY40frM6w&_nc_ss=7f289&oh=00_AQDQ2G5dK7kWJOaCfhMoEwIk03HSc-rv60-Rq7Y3YhdvhA&oe=6A68EDEE,2026-07-28T18:56:02.000Z,2026-07-24
93,89,Lingo AI,599204246602758,Lingo AI,,IN,1582003546629999,https://www.facebook.com/ads/library/?id=1582003546629999,2026-07-16,,false,false,1,0,,2026-07-16,,"📘 Learn English easily with simple lessons 
😊 Build confidence with everyday speaking practice 
👉 Download now",👉 Download now,Download,https://speaklearnfrenchlingoai.onelink.me/Y67n?pid=metaweb_int&c={{campaign.name}}&af_c_id={{campaign.id}}&af_adset={{adset.name}}&af_adset_id={{adset.id}}&af_ad={{ad.name}}&af_ad_id={{ad.id}}&af_siteid={{site_source_name}},"Facebook,Instagram,Audience Network,Messenger,Threads","📘 Learn English easily with simple lessons 
😊 Build confidence with everyday speaking practice 
👉 Download now",👉 Download now,Download,https://speaklearnfrenchlingoai.onelink.me/Y67n?pid=metaweb_int&c={{campaign.name}}&af_c_id={{campaign.id}}&af_adset={{adset.name}}&af_adset_id={{adset.id}}&af_ad={{ad.name}}&af_ad_id={{ad.id}}&af_siteid={{site_source_name}},Video,"Facebook,Instagram,Audience Network,Messenger,Threads",1,0,9:16,https://video.fblr22-2.fna.fbcdn.net/o1/v/t2/f2/m366/AQNYQSm2WxEyw5etIDR_dCtpdV5c-8cCJeYgOZQmm2s0cid3_XXcav_hccQ9-VGRfYg--ow_uQqJV7DQoGV5EszvmDZQNVeAVpWpmGzEcH5FOA.mp4?_nc_cat=105&_nc_oc=AdolZOPCdcjNuMj9wne01pfvjHafQjY6GUS0n1b9jcb-XecN3aSnw8kQeB24FTGb21o&_nc_sid=b66105&_nc_ht=video.fblr22-2.fna.fbcdn.net&_nc_ohc=DQiGaC-xMgsQ7kNvwHy6UpI&efg=eyJ2ZW5jb2RlX3RhZyI6Inhwdl9wcm9ncmVzc2l2ZS5WSV9VU0VDQVNFX1BST0RVQ1RfVFlQRS4uQzMuNzIwLmRhc2hfaDI2NC1iYXNpYy1nZW4yXzcyMHAiLCJ4cHZfYXNzZXRfaWQiOjEzMTU0NjM5MzA1NzI5NDcsImFzc2V0X2FnZV9kYXlzIjo2LCJ2aV91c2VjYXNlX2lkIjoxMDEzOSwiZHVyYXRpb25fcyI6NDgsInVybGdlbl9zb3VyY2UiOiJ3d3cifQ%3D%3D&ccb=17-1&vs=f10d98de8bb3f53b&_nc_vs=HBksFQIYRWZiX2VwaGVtZXJhbC9DNTRCNTUxNzkzMjFEQTEzOTMzM0FEOURGQzNDMThCRl9tdF8xX3ZpZGVvX2Rhc2hpbml0Lm1wNBUAAsgBEgAVAhhAZmJfcGVybWFuZW50L0M5NENDODBGNDlDRTEyRjVCNUI5RjRERDU4QjU4OUJDX2F1ZGlvX2Rhc2hpbml0Lm1wNBUCAsgBEgAoABgAGwKIB3VzZV9vaWwBMRJwcm9ncmVzc2l2ZV9yZWNpcGUBMRUAACamwt-EiprWBBUCKAJDMywXQEhIcrAgxJwYGWRhc2hfaDI2NC1iYXNpYy1nZW4yXzcyMHARAHUAZbaeAQA&_nc_gid=zixWjrXOtrB7PNY40frM6w&_nc_ss=7f289&_nc_zt=28&oh=00_AQCLa_pharl1YVN4F4uC9v60hbxCAflhUBRTGGwra-62Vw&oe=6A68E9AF,https://scontent.fblr22-1.fna.fbcdn.net/v/t39.35426-6/748016040_4709659409255436_2386547004007471575_n.jpg?_nc_cat=108&ccb=1-7&_nc_sid=c53f8f&_nc_ohc=NRA-KNdFL0kQ7kNvwFkSnzX&_nc_oc=Adq_qZIYSnZCwS2GkJ4JScxGZEiT7RhNRjoVe7ei-orpfQ3GLWGSy3cbI3WuFufLhYg&_nc_zt=14&_nc_ht=scontent.fblr22-1.fna&_nc_gid=zixWjrXOtrB7PNY40frM6w&_nc_ss=7f289&oh=00_AQBT8_UDX44L1ODMeZjUwFSYEfG7tnAOV4QLiZkmqIly1g&oe=6A68E1E2,2026-07-28T17:41:03.000Z,2026-07-24
94,90,Lingo AI,599204246602758,Lingo AI,,IN,1418554680330528,https://www.facebook.com/ads/library/?id=1418554680330528,2026-07-22,,false,false,1,0,,2026-07-22,,"📘 Learn English easily with simple lessons 
😊 Build confidence with everyday speaking practice 
👉 Download now",👉 Download now,Download,https://speaklearnfrenchlingoai.onelink.me/Y67n?pid=metaweb_int&c={{campaign.name}}&af_c_id={{campaign.id}}&af_adset={{adset.name}}&af_adset_id={{adset.id}}&af_ad={{ad.name}}&af_ad_id={{ad.id}}&af_siteid={{site_source_name}},"Facebook,Instagram,Audience Network,Messenger,Threads","📘 Learn English easily with simple lessons 
😊 Build confidence with everyday speaking practice 
👉 Download now",👉 Download now,Download,https://speaklearnfrenchlingoai.onelink.me/Y67n?pid=metaweb_int&c={{campaign.name}}&af_c_id={{campaign.id}}&af_adset={{adset.name}}&af_adset_id={{adset.id}}&af_ad={{ad.name}}&af_ad_id={{ad.id}}&af_siteid={{site_source_name}},Video,"Facebook,Instagram,Audience Network,Messenger,Threads",1,0,9:16,https://video.fblr22-1.fna.fbcdn.net/o1/v/t2/f2/m366/AQNIKZnCBcJo1LJ0MgZALhFqMxKpdyQ8c7Bd8G9FaieAYzTw0I5O2eM5te5NIAlyvdFLT8P4d8SJ7LrCG_R5xDH-p-cmQn8nn6RtbgAk-2zk6A.mp4?_nc_cat=106&_nc_oc=AdpGsTrjqGdwzwPPRVkkfPBRIbXpB4MkySQqCUnSbQiF06Cky_zqdcH3AcP8HDSEyPY&_nc_sid=b66105&_nc_ht=video.fblr22-1.fna.fbcdn.net&_nc_ohc=cgGcryKBKd8Q7kNvwHCLJ_X&efg=eyJ2ZW5jb2RlX3RhZyI6Inhwdl9wcm9ncmVzc2l2ZS5WSV9VU0VDQVNFX1BST0RVQ1RfVFlQRS4uQzMuNjA4LmRhc2hfaDI2NC1iYXNpYy1nZW4yXzcyMHAiLCJ4cHZfYXNzZXRfaWQiOjIzNzYyNTAxMzY1MzM0MjUsImFzc2V0X2FnZV9kYXlzIjowLCJ2aV91c2VjYXNlX2lkIjoxMDEzOSwiZHVyYXRpb25fcyI6MjYsInVybGdlbl9zb3VyY2UiOiJ3d3cifQ%3D%3D&ccb=17-1&vs=e124bf4da48bc7f4&_nc_vs=HBksFQIYRWZiX2VwaGVtZXJhbC9CRTQ0RkM1NkI2QzEwOUI0Nzc1N0FFMDY5OEJFQTA5OV9tdF8xX3ZpZGVvX2Rhc2hpbml0Lm1wNBUAAsgBEgAVAhhAZmJfcGVybWFuZW50LzJBNDU1NDZDMjNERTg2QkI3ODdFNDc0OUNGQjg2Njg5X2F1ZGlvX2Rhc2hpbml0Lm1wNBUCAsgBEgAoABgAGwKIB3VzZV9vaWwBMRJwcm9ncmVzc2l2ZV9yZWNpcGUBMRUAACbi5siU-8u4CBUCKAJDMywXQDp3S8an754YGWRhc2hfaDI2NC1iYXNpYy1nZW4yXzcyMHARAHUAZbaeAQA&_nc_gid=zixWjrXOtrB7PNY40frM6w&_nc_ss=7f289&_nc_zt=28&oh=00_AQCG1hZFx-GJkj3Nj3Z68_tfrUlffnhvjDIMgbCkg5VNsA&oe=6A68F836,https://scontent.fblr22-1.fna.fbcdn.net/v/t39.35426-6/755063154_1371254525139720_6885152902598452868_n.jpg?_nc_cat=103&ccb=1-7&_nc_sid=c53f8f&_nc_ohc=xNq-MLinbKgQ7kNvwHY0enX&_nc_oc=AdoErL5nTPRCKCq6N4PVQAp8piAFTyrD7IAyysQFLh7vlipzvrWqYi-v2iPkQdvblzs&_nc_zt=14&_nc_ht=scontent.fblr22-1.fna&_nc_gid=zixWjrXOtrB7PNY40frM6w&_nc_ss=7f289&oh=00_AQDULG96XTt02e-oY4iqOy2EV8MRhg3IsFAxGsYR74dMJw&oe=6A68F279,2026-07-28T18:43:02.000Z,2026-07-24
95,91,Lingo AI,599204246602758,Lingo AI,,IN,1031965902557804,https://www.facebook.com/ads/library/?id=1031965902557804,2026-07-18,,false,false,1,0,,2026-07-18,,"📘 Learn English easily with simple lessons 
😊 Build confidence with everyday speaking practice 
👉 Download now",👉 Download now,Download,https://speaklearnfrenchlingoai.onelink.me/Y67n?pid=metaweb_int&c={{campaign.name}}&af_c_id={{campaign.id}}&af_adset={{adset.name}}&af_adset_id={{adset.id}}&af_ad={{ad.name}}&af_ad_id={{ad.id}}&af_siteid={{site_source_name}},"Facebook,Instagram,Audience Network,Messenger,Threads","📘 Learn English easily with simple lessons 
😊 Build confidence with everyday speaking practice 
👉 Download now",👉 Download now,Download,https://speaklearnfrenchlingoai.onelink.me/Y67n?pid=metaweb_int&c={{campaign.name}}&af_c_id={{campaign.id}}&af_adset={{adset.name}}&af_adset_id={{adset.id}}&af_ad={{ad.name}}&af_ad_id={{ad.id}}&af_siteid={{site_source_name}},Video,"Facebook,Instagram,Audience Network,Messenger,Threads",1,0,9:16,https://video.fblr22-1.fna.fbcdn.net/o1/v/t2/f2/m366/AQPqLqVkWlQQiIRijwrjXOMnFLKacGDuLUtUyycOsSanxP33C7HRPg-h8MUui2IPXl9MFU_52a7XR09i3C9VWKLVs1aS1oPYozYX-k2tYDFDkw.mp4?_nc_cat=108&_nc_oc=AdoDt_msbr3gG-KAqayEY7PyITkRkR4aOZ_t-myoBr_-mFZmGccbpYOBFVzs3S_nKbk&_nc_sid=b66105&_nc_ht=video.fblr22-1.fna.fbcdn.net&_nc_ohc=Um52xQld-pkQ7kNvwGZZeig&efg=eyJ2ZW5jb2RlX3RhZyI6Inhwdl9wcm9ncmVzc2l2ZS5WSV9VU0VDQVNFX1BST0RVQ1RfVFlQRS4uQzMuNzIwLmRhc2hfaDI2NC1iYXNpYy1nZW4yXzcyMHAiLCJ4cHZfYXNzZXRfaWQiOjE2MTI1NDU5ODA1MDMwMzIsImFzc2V0X2FnZV9kYXlzIjo0LCJ2aV91c2VjYXNlX2lkIjoxMDEzOSwiZHVyYXRpb25fcyI6MzQsInVybGdlbl9zb3VyY2UiOiJ3d3cifQ%3D%3D&ccb=17-1&vs=327e41bf8b2d60af&_nc_vs=HBksFQIYRWZiX2VwaGVtZXJhbC85RTRFOTBERDQwMjU5OTE4OTAwOEY0NkM3MEMzN0I5MF9tdF8xX3ZpZGVvX2Rhc2hpbml0Lm1wNBUAAsgBEgAVAhhAZmJfcGVybWFuZW50LzQ5NEJEQzBGRkMxNkVDMzQ0RjdFQURENDNDNDU0M0IzX2F1ZGlvX2Rhc2hpbml0Lm1wNBUCAsgBEgAoABgAGwKIB3VzZV9vaWwBMRJwcm9ncmVzc2l2ZV9yZWNpcGUBMRUAACbwz9Dlw6bdBRUCKAJDMywXQEFqn752yLQYGWRhc2hfaDI2NC1iYXNpYy1nZW4yXzcyMHARAHUAZbaeAQA&_nc_gid=zixWjrXOtrB7PNY40frM6w&_nc_ss=7f289&_nc_zt=28&oh=00_AQD-ip1YUn7BTPKkya2XOorg6MLCsoLKBK9zLt4cXmaeag&oe=6A68D688,https://scontent.fblr22-1.fna.fbcdn.net/v/t39.35426-6/749315211_3559950960818979_8229861445933884448_n.jpg?_nc_cat=103&ccb=1-7&_nc_sid=c53f8f&_nc_ohc=2KCyb_8aLU4Q7kNvwGuDlmy&_nc_oc=Ado5y3ZmMY7MzQtXf3nJ5BqWcuvRgH8h6OhO3kEHFC49N8CGNtEOg8k0dfDTsJlHxmA&_nc_zt=14&_nc_ht=scontent.fblr22-1.fna&_nc_gid=zixWjrXOtrB7PNY40frM6w&_nc_ss=7f289&oh=00_AQDWWpSAhUqi0Gh61nyPDUgeuf_Gke8O7DRVp3WzVwf8Mw&oe=6A690748,2026-07-28T16:19:20.000Z,2026-07-24
96,92,Lingo AI,599204246602758,Lingo AI,,IN,1572943614453018,https://www.facebook.com/ads/library/?id=1572943614453018,2026-07-22,,false,false,1,0,,2026-07-22,,"📘 Learn English easily with simple lessons 
😊 Build confidence with everyday speaking practice 
👉 Download now",👉 Download now,Download,https://speaklearnfrenchlingoai.onelink.me/Y67n?pid=metaweb_int&c={{campaign.name}}&af_c_id={{campaign.id}}&af_adset={{adset.name}}&af_adset_id={{adset.id}}&af_ad={{ad.name}}&af_ad_id={{ad.id}}&af_siteid={{site_source_name}},"Facebook,Instagram,Audience Network,Messenger,Threads","📘 Learn English easily with simple lessons 
😊 Build confidence with everyday speaking practice 
👉 Download now",👉 Download now,Download,https://speaklearnfrenchlingoai.onelink.me/Y67n?pid=metaweb_int&c={{campaign.name}}&af_c_id={{campaign.id}}&af_adset={{adset.name}}&af_adset_id={{adset.id}}&af_ad={{ad.name}}&af_ad_id={{ad.id}}&af_siteid={{site_source_name}},Video,"Facebook,Instagram,Audience Network,Messenger,Threads",1,0,9:16,https://video.fblr22-1.fna.fbcdn.net/o1/v/t2/f2/m366/AQOF3cbxaJvSreAWiGi0vJSrwL4iUeSZZTxYJmYZi-tBTDg5gYe4EQmBoOURF3K53yMRe6Y9gGTvpcJHJ4sHxNw-ynbAwYn8PGO2tsFv_nNsFg.mp4?_nc_cat=106&_nc_oc=Adog3EB6ADctyo7ZTPXua2VXltbLWw8OooGwWWuUYGYgh5yzkKcyJ4EEHXVRg3Nn-0Q&_nc_sid=b66105&_nc_ht=video.fblr22-1.fna.fbcdn.net&_nc_ohc=IlFA7CDQbt0Q7kNvwFsc04U&efg=eyJ2ZW5jb2RlX3RhZyI6Inhwdl9wcm9ncmVzc2l2ZS5WSV9VU0VDQVNFX1BST0RVQ1RfVFlQRS4uQzMuNjA4LmRhc2hfaDI2NC1iYXNpYy1nZW4yXzcyMHAiLCJ4cHZfYXNzZXRfaWQiOjE3ODk5NTk4MjU3MDA1NDYsImFzc2V0X2FnZV9kYXlzIjowLCJ2aV91c2VjYXNlX2lkIjoxMDEzOSwiZHVyYXRpb25fcyI6MjYsInVybGdlbl9zb3VyY2UiOiJ3d3cifQ%3D%3D&ccb=17-1&vs=fd9e6c852c1efe95&_nc_vs=HBksFQIYRWZiX2VwaGVtZXJhbC9CNTQ2N0RDNERCMUZEQzYzMjI2RDM0Mjc0MUE2Rjc5QV9tdF8xX3ZpZGVvX2Rhc2hpbml0Lm1wNBUAAsgBEgAVAhhAZmJfcGVybWFuZW50LzdCNEU3QzA2MEIyMjk2QUE5OEY5ODZCRTlDRkEyQUE4X2F1ZGlvX2Rhc2hpbml0Lm1wNBUCAsgBEgAoABgAGwKIB3VzZV9vaWwBMRJwcm9ncmVzc2l2ZV9yZWNpcGUBMRUAACaE25X5r_2tBhUCKAJDMywXQDqiDEm6XjUYGWRhc2hfaDI2NC1iYXNpYy1nZW4yXzcyMHARAHUAZbaeAQA&_nc_gid=zixWjrXOtrB7PNY40frM6w&_nc_ss=7f289&_nc_zt=28&oh=00_AQBPcRRC5QvoWs7-ftxXKPnW82TikGH6RmI6_kIl2hp4AA&oe=6A68E626,https://scontent.fblr22-1.fna.fbcdn.net/v/t39.35426-6/753531146_1545609604028996_3597535359939946539_n.jpg?_nc_cat=103&ccb=1-7&_nc_sid=c53f8f&_nc_ohc=u4oznwSzIkkQ7kNvwGfraSH&_nc_oc=AdrhbrgbXid16FKhm1ZsoGykffwm4p6wWO4rc3YF1Gv3RLlc8nTycpfx4SJiLt_Z6dg&_nc_zt=14&_nc_ht=scontent.fblr22-1.fna&_nc_gid=zixWjrXOtrB7PNY40frM6w&_nc_ss=7f289&oh=00_AQB796ABtKd_JnyNE4CnnzYkDwtymt9rpysYqt8TwqEQkg&oe=6A68E713,2026-07-28T17:25:58.000Z,2026-07-24
97,93,Lingo AI,599204246602758,Lingo AI,,IN,1976175673785603,https://www.facebook.com/ads/library/?id=1976175673785603,2026-07-14,,false,false,1,0,,2026-07-14,,"🌟 Want to improve your English? 
📱 Learn anytime in just minutes a day 
💬 Build real speaking confidence 
👉 Download now",👉 Download now,Download,https://speaklearnfrenchlingoai.onelink.me/Y67n?pid=metaweb_int&c={{campaign.name}}&af_c_id={{campaign.id}}&af_adset={{adset.name}}&af_adset_id={{adset.id}}&af_ad={{ad.name}}&af_ad_id={{ad.id}}&af_siteid={{site_source_name}},"Facebook,Instagram,Audience Network,Messenger,Threads","🌟 Want to improve your English? 
📱 Learn anytime in just minutes a day 
💬 Build real speaking confidence 
👉 Download now",👉 Download now,Download,https://speaklearnfrenchlingoai.onelink.me/Y67n?pid=metaweb_int&c={{campaign.name}}&af_c_id={{campaign.id}}&af_adset={{adset.name}}&af_adset_id={{adset.id}}&af_ad={{ad.name}}&af_ad_id={{ad.id}}&af_siteid={{site_source_name}},Video,"Facebook,Instagram,Audience Network,Messenger,Threads",1,0,9:16,https://video.fblr22-1.fna.fbcdn.net/o1/v/t2/f2/m366/AQMV_L5bs5cjnYTAzvCZ7JB6Z9rW1gE7SZnc_H0rq-cNCMqEJX8eH7ujqXZJ2-xTYCXzCH80hnFV6ivypGvZyVDAZDOEJLlaKrRFt0uCmbw22g.mp4?_nc_cat=102&_nc_oc=AdqhcMMD05kFamrege5xz0tMjx4dQ0B3JSN3mFcnyUtTuL15pEvzHzlxyGGPg81dhfw&_nc_sid=b66105&_nc_ht=video.fblr22-1.fna.fbcdn.net&_nc_ohc=yDtWKecZqjYQ7kNvwFFxH5N&efg=eyJ2ZW5jb2RlX3RhZyI6Inhwdl9wcm9ncmVzc2l2ZS5WSV9VU0VDQVNFX1BST0RVQ1RfVFlQRS4uQzMuNzIwLmRhc2hfaDI2NC1iYXNpYy1nZW4yXzcyMHAiLCJ4cHZfYXNzZXRfaWQiOjI3Mzc1NDQ4MTQ4ODE0NDE4LCJhc3NldF9hZ2VfZGF5cyI6MTAsInZpX3VzZWNhc2VfaWQiOjEwMTM5LCJkdXJhdGlvbl9zIjoyNCwidXJsZ2VuX3NvdXJjZSI6Ind3dyJ9&ccb=17-1&vs=c5381e226172aaff&_nc_vs=HBksFQIYRWZiX2VwaGVtZXJhbC8wOTQzQ0E2NDlBNUE0MkVCQ0Y3NTBENTA0RTk0MkY5OV9tdF8xX3ZpZGVvX2Rhc2hpbml0Lm1wNBUAAsgBEgAVAhhAZmJfcGVybWFuZW50LzEzNDAzM0JFRUVENDBFQTRCM0ZERUE5RDhCQkY3MUI2X2F1ZGlvX2Rhc2hpbml0Lm1wNBUCAsgBEgAoABgAGwKIB3VzZV9vaWwBMRJwcm9ncmVzc2l2ZV9yZWNpcGUBMRUAACakqdHn5vSgYRUCKAJDMywXQDgiDEm6XjUYGWRhc2hfaDI2NC1iYXNpYy1nZW4yXzcyMHARAHUAZbaeAQA&_nc_gid=zixWjrXOtrB7PNY40frM6w&_nc_ss=7f289&_nc_zt=28&oh=00_AQAAO4DRnP3CPd2655IFn1z034015FdHrJ7oxUDd__00VA&oe=6A6903CA,https://scontent.fblr22-1.fna.fbcdn.net/v/t39.35426-6/747881841_1059893313380443_5158101931698331205_n.jpg?_nc_cat=106&ccb=1-7&_nc_sid=c53f8f&_nc_ohc=QzLMaHKujQ8Q7kNvwEWfjDI&_nc_oc=AdqoN9Y5nJDaKwozoiT_C7gMecFrTfcgTiA9QkQqsUlts0QhC12jINFXoy1TvOL1Uco&_nc_zt=14&_nc_ht=scontent.fblr22-1.fna&_nc_gid=zixWjrXOtrB7PNY40frM6w&_nc_ss=7f289&oh=00_AQDip8Of6TXO1ZGezke2rup2XVw8qslesCl9twyafeHmfw&oe=6A68F207,2026-07-28T19:32:26.000Z,2026-07-24
98,94,Lingo AI,599204246602758,Lingo AI,,IN,1359528632908101,https://www.facebook.com/ads/library/?id=1359528632908101,2026-07-21,,false,false,1,0,,2026-07-21,,"🌍 تعلّم الإنجليزية الحقيقية للحياة اليومية
🗣 تدرّب على التحدث من خلال دروس بسيطة
⏱ فقط 5 دقائق يوميًا
👉 حمّل التطبيق الآن",👉 حمّل التطبيق الآن,Download,https://speaklearnfrenchlingoai.onelink.me/Y67n?pid=metaweb_int&c={{campaign.name}}&af_c_id={{campaign.id}}&af_adset={{adset.name}}&af_adset_id={{adset.id}}&af_ad={{ad.name}}&af_ad_id={{ad.id}}&af_siteid={{site_source_name}},"Facebook,Instagram,Audience Network,Messenger,Threads","🌍 تعلّم الإنجليزية الحقيقية للحياة اليومية
🗣 تدرّب على التحدث من خلال دروس بسيطة
⏱ فقط 5 دقائق يوميًا
👉 حمّل التطبيق الآن",👉 حمّل التطبيق الآن,Download,https://speaklearnfrenchlingoai.onelink.me/Y67n?pid=metaweb_int&c={{campaign.name}}&af_c_id={{campaign.id}}&af_adset={{adset.name}}&af_adset_id={{adset.id}}&af_ad={{ad.name}}&af_ad_id={{ad.id}}&af_siteid={{site_source_name}},Video,"Facebook,Instagram,Audience Network,Messenger,Threads",1,0,9:16,https://video.fblr22-2.fna.fbcdn.net/o1/v/t2/f2/m366/AQOnYydyB2EKWtFvzg4uCb0UL0jZ6zCUV1uzT3cMiAPlRRUMGZ4a1zvnc575g4a5MF4JceCb-d1dug_ZveWfqyWY80nri1zaOTUVt2Habf5Ozg.mp4?_nc_cat=105&_nc_oc=Adp4cxLQL-ACkzJDIXDTf9Np4W9TJQ-4xJ4x7AKzcNSmsQCJv6kKdoIXsNLGzRN5ocY&_nc_sid=b66105&_nc_ht=video.fblr22-2.fna.fbcdn.net&_nc_ohc=JCAFGLiTMa0Q7kNvwH0892E&efg=eyJ2ZW5jb2RlX3RhZyI6Inhwdl9wcm9ncmVzc2l2ZS5WSV9VU0VDQVNFX1BST0RVQ1RfVFlQRS4uQzMuNzIwLmRhc2hfaDI2NC1iYXNpYy1nZW4yXzcyMHAiLCJ4cHZfYXNzZXRfaWQiOjI3ODkyMDQ4MDUwNDMzMzAxLCJhc3NldF9hZ2VfZGF5cyI6NCwidmlfdXNlY2FzZV9pZCI6MTAxMzksImR1cmF0aW9uX3MiOjIwLCJ1cmxnZW5fc291cmNlIjoid3d3In0%3D&ccb=17-1&vs=db919e77a3ad6410&_nc_vs=HBksFQIYRWZiX2VwaGVtZXJhbC8wMzQxMzZBQzg3NjEzNEQwNDhCNEVGNUZGMUZGQjBCRF9tdF8xX3ZpZGVvX2Rhc2hpbml0Lm1wNBUAAsgBEgAVAhhAZmJfcGVybWFuZW50LzcxNDEzNUI1MjAyN0EzODRGNTQzMzIyRENDRTM5RTk1X2F1ZGlvX2Rhc2hpbml0Lm1wNBUCAsgBEgAoABgAGwKIB3VzZV9vaWwBMRJwcm9ncmVzc2l2ZV9yZWNpcGUBMRUAACaqtNWB8OqLYxUCKAJDMywXQDQzMzMzMzMYGWRhc2hfaDI2NC1iYXNpYy1nZW4yXzcyMHARAHUAZbaeAQA&_nc_gid=zixWjrXOtrB7PNY40frM6w&_nc_ss=7f289&_nc_zt=28&oh=00_AQBzySQAuCR_zZzccdQ9gX2pqwLy-IgIbtBO5bthB6Xo3A&oe=6A68F937,https://scontent.fblr22-1.fna.fbcdn.net/v/t39.35426-6/749958961_2128831177977613_8886184187735184626_n.jpg?_nc_cat=104&ccb=1-7&_nc_sid=c53f8f&_nc_ohc=tF_Bis0l5icQ7kNvwHGH-V2&_nc_oc=AdrTRXJD8dfcg2vvvPdp36uWmYqSaDV_2j_BEoWhHIPPR88MtF_lPiBTOO80Jezx_4U&_nc_zt=14&_nc_ht=scontent.fblr22-1.fna&_nc_gid=zixWjrXOtrB7PNY40frM6w&_nc_ss=7f289&oh=00_AQCfVFfJKaDlYsOhOn0s09tfOYyOHYe0c0cnyXx8ij6wyg&oe=6A68F442,2026-07-28T18:47:19.000Z,2026-07-24
99,95,Lingo AI,599204246602758,Lingo AI,,IN,4400312390286130,https://www.facebook.com/ads/library/?id=4400312390286130,2026-07-21,,false,false,1,0,,2026-07-21,,"🌍 تعلّم الإنجليزية الحقيقية للحياة اليومية
🗣 تدرّب على التحدث من خلال دروس بسيطة
⏱ فقط 5 دقائق يوميًا
👉 حمّل التطبيق الآن",👉 حمّل التطبيق الآن,Download,https://speaklearnfrenchlingoai.onelink.me/Y67n?pid=metaweb_int&c={{campaign.name}}&af_c_id={{campaign.id}}&af_adset={{adset.name}}&af_adset_id={{adset.id}}&af_ad={{ad.name}}&af_ad_id={{ad.id}}&af_siteid={{site_source_name}},"Facebook,Instagram,Audience Network,Messenger,Threads","🌍 تعلّم الإنجليزية الحقيقية للحياة اليومية
🗣 تدرّب على التحدث من خلال دروس بسيطة
⏱ فقط 5 دقائق يوميًا
👉 حمّل التطبيق الآن",👉 حمّل التطبيق الآن,Download,https://speaklearnfrenchlingoai.onelink.me/Y67n?pid=metaweb_int&c={{campaign.name}}&af_c_id={{campaign.id}}&af_adset={{adset.name}}&af_adset_id={{adset.id}}&af_ad={{ad.name}}&af_ad_id={{ad.id}}&af_siteid={{site_source_name}},Video,"Facebook,Instagram,Audience Network,Messenger,Threads",1,0,9:16,https://video.fblr22-2.fna.fbcdn.net/o1/v/t2/f2/m366/AQMFPmTJ4utNnhWcvvRtXbBlVRC5ukuUppANXUCh0tlplIfITFrVItwRZTFJdUj6QmbIYNBYX_zS6S11BhAKs8LCem7gkm-Ysprez0onwAi5lQ.mp4?_nc_cat=100&_nc_oc=AdpqNGBjvMPrSKHV5hCVB3p5WW1RuhvxeRA0KHY9X9RIgVpOkD40UsUv2TDTWa4iF1U&_nc_sid=b66105&_nc_ht=video.fblr22-2.fna.fbcdn.net&_nc_ohc=SQwpM0-FvvcQ7kNvwF6UoTz&efg=eyJ2ZW5jb2RlX3RhZyI6Inhwdl9wcm9ncmVzc2l2ZS5WSV9VU0VDQVNFX1BST0RVQ1RfVFlQRS4uQzMuNzIwLmRhc2hfaDI2NC1iYXNpYy1nZW4yXzcyMHAiLCJ4cHZfYXNzZXRfaWQiOjE3MDY5NzkxMjM3MTQyODksImFzc2V0X2FnZV9kYXlzIjo0LCJ2aV91c2VjYXNlX2lkIjoxMDEzOSwiZHVyYXRpb25fcyI6MzMsInVybGdlbl9zb3VyY2UiOiJ3d3cifQ%3D%3D&ccb=17-1&vs=c6cf842670c38649&_nc_vs=HBksFQIYRWZiX2VwaGVtZXJhbC9GMzRGREE4RjQ0MDEyNUNEQzcxNjNBMjhEM0U1RDRCNl9tdF8xX3ZpZGVvX2Rhc2hpbml0Lm1wNBUAAsgBEgAVAhhAZmJfcGVybWFuZW50LzQ1NDM0MTAxRTYyNzkwRjU5RkM5MjY3QzE2RDE3MUFGX2F1ZGlvX2Rhc2hpbml0Lm1wNBUCAsgBEgAoABgAGwKIB3VzZV9vaWwBMRJwcm9ncmVzc2l2ZV9yZWNpcGUBMRUAACbi4_bEoZ-IBhUCKAJDMywXQECqn752yLQYGWRhc2hfaDI2NC1iYXNpYy1nZW4yXzcyMHARAHUAZbaeAQA&_nc_gid=zixWjrXOtrB7PNY40frM6w&_nc_ss=7f289&_nc_zt=28&oh=00_AQDu1R_U19VQ-1Lhhq8XOC8j1S36gIvwOleyuoocgQVR_A&oe=6A690958,https://scontent.fblr22-2.fna.fbcdn.net/v/t39.35426-6/743050529_1048147661099421_5251053187450362460_n.jpg?_nc_cat=100&ccb=1-7&_nc_sid=c53f8f&_nc_ohc=WmFbDXe7pEUQ7kNvwGEUbKc&_nc_oc=Adpkb1DTyPZIQiBY4h1gRh5noXG_AWaRZWXYMVt9vl_U-uwgtqZo4Lc-ChoVaU7A-xQ&_nc_zt=14&_nc_ht=scontent.fblr22-2.fna&_nc_gid=zixWjrXOtrB7PNY40frM6w&_nc_ss=7f289&oh=00_AQA9mg7p4uda0l0djjLectPXdj0ZUHKhir_QJ0s_KK635w&oe=6A68E62F,2026-07-28T19:56:08.000Z,2026-07-24
100,96,Lingo AI,599204246602758,Lingo AI,,IN,1542105073935104,https://www.facebook.com/ads/library/?id=1542105073935104,2026-07-16,,false,false,1,0,,2026-07-16,,"📘 Learn English easily with simple lessons 
😊 Build confidence with everyday speaking practice 
👉 Download now",👉 Download now,Download,https://speaklearnfrenchlingoai.onelink.me/Y67n?pid=metaweb_int&c={{campaign.name}}&af_c_id={{campaign.id}}&af_adset={{adset.name}}&af_adset_id={{adset.id}}&af_ad={{ad.name}}&af_ad_id={{ad.id}}&af_siteid={{site_source_name}},"Facebook,Instagram,Audience Network,Messenger,Threads","📘 Learn English easily with simple lessons 
😊 Build confidence with everyday speaking practice 
👉 Download now",👉 Download now,Download,https://speaklearnfrenchlingoai.onelink.me/Y67n?pid=metaweb_int&c={{campaign.name}}&af_c_id={{campaign.id}}&af_adset={{adset.name}}&af_adset_id={{adset.id}}&af_ad={{ad.name}}&af_ad_id={{ad.id}}&af_siteid={{site_source_name}},Video,"Facebook,Instagram,Audience Network,Messenger,Threads",1,0,9:16,https://video.fblr22-2.fna.fbcdn.net/o1/v/t2/f2/m366/AQOH3sucyIjGnOrz0NZ-V_exEf3fx1wq0jDsHw2QQKwPwnivNYgbiCO_VO4-Jd_jqVp06MsxUXxrqE3CCMukeuhocoyhsnY89G3TK5Ev2pNWjw.mp4?_nc_cat=105&_nc_oc=AdrEuCOnBH40vSY5QUwF-LQQVlTYJ8ZKH3VX95LnDIQF6IOPvh5SyB-yw3_ZmokLQKg&_nc_sid=b66105&_nc_ht=video.fblr22-2.fna.fbcdn.net&_nc_ohc=JqyllcInDbgQ7kNvwH_w7Bd&efg=eyJ2ZW5jb2RlX3RhZyI6Inhwdl9wcm9ncmVzc2l2ZS5WSV9VU0VDQVNFX1BST0RVQ1RfVFlQRS4uQzMuNzIwLmRhc2hfaDI2NC1iYXNpYy1nZW4yXzcyMHAiLCJ4cHZfYXNzZXRfaWQiOjMwMzE5NjYwMTcxNjE3MTYsImFzc2V0X2FnZV9kYXlzIjo2LCJ2aV91c2VjYXNlX2lkIjoxMDEzOSwiZHVyYXRpb25fcyI6NDgsInVybGdlbl9zb3VyY2UiOiJ3d3cifQ%3D%3D&ccb=17-1&vs=d51313299392f04e&_nc_vs=HBksFQIYRWZiX2VwaGVtZXJhbC8zRTQ2MEIxQTBCNzgyMTQ3QzRDOEMwQjVFRkMwOUM5Rl9tdF8xX3ZpZGVvX2Rhc2hpbml0Lm1wNBUAAsgBEgAVAhhAZmJfcGVybWFuZW50L0U3NEM3QjQ1QjdFNUM3MkI5MDk3MEE1RjRBMzVDOTk1X2F1ZGlvX2Rhc2hpbml0Lm1wNBUCAsgBEgAoABgAGwKIB3VzZV9vaWwBMRJwcm9ncmVzc2l2ZV9yZWNpcGUBMRUAACbop-SW0-PiChUCKAJDMywXQEhIcrAgxJwYGWRhc2hfaDI2NC1iYXNpYy1nZW4yXzcyMHARAHUAZbaeAQA&_nc_gid=zixWjrXOtrB7PNY40frM6w&_nc_ss=7f289&_nc_zt=28&oh=00_AQDKGn7-7EDk56XDllv_J95rlGBBVoaSeurgkeX1gsfO-A&oe=6A68FF5B,https://scontent.fblr22-1.fna.fbcdn.net/v/t39.35426-6/747889150_1013949588278654_7923572282283585193_n.jpg?_nc_cat=104&ccb=1-7&_nc_sid=c53f8f&_nc_ohc=ebTbRgi9KZUQ7kNvwEkMXQx&_nc_oc=AdpEn160jBC_O6uQpGAD9FEh8yETUxUbjU4SHrDc9ZjC9K7uZADL1Tva11AgDE2dSvM&_nc_zt=14&_nc_ht=scontent.fblr22-1.fna&_nc_gid=zixWjrXOtrB7PNY40frM6w&_nc_ss=7f289&oh=00_AQDBTe43_6aAsWVLcdIO9ZkSSvSvJoffpGEGXHMajmMnEQ&oe=6A69063E,2026-07-28T19:13:31.000Z,2026-07-24
101,97,Lingo AI,599204246602758,Lingo AI,,IN,2192488554927551,https://www.facebook.com/ads/library/?id=2192488554927551,2026-07-22,,false,false,1,0,,2026-07-22,,"📘 Learn English easily with simple lessons 
😊 Build confidence with everyday speaking practice 
👉 Download now",👉 Download now,Download,https://speaklearnfrenchlingoai.onelink.me/Y67n?pid=metaweb_int&c={{campaign.name}}&af_c_id={{campaign.id}}&af_adset={{adset.name}}&af_adset_id={{adset.id}}&af_ad={{ad.name}}&af_ad_id={{ad.id}}&af_siteid={{site_source_name}},"Facebook,Instagram,Audience Network,Messenger,Threads","📘 Learn English easily with simple lessons 
😊 Build confidence with everyday speaking practice 
👉 Download now",👉 Download now,Download,https://speaklearnfrenchlingoai.onelink.me/Y67n?pid=metaweb_int&c={{campaign.name}}&af_c_id={{campaign.id}}&af_adset={{adset.name}}&af_adset_id={{adset.id}}&af_ad={{ad.name}}&af_ad_id={{ad.id}}&af_siteid={{site_source_name}},Video,"Facebook,Instagram,Audience Network,Messenger,Threads",1,0,9:16,https://video.fblr22-1.fna.fbcdn.net/o1/v/t2/f2/m366/AQN5DPl5XerLotGaATcN0N3ChnpVrj7xDlSdK1eg7JMJ973uA3xhiTn2oOnMS5wj6lXcj8PN4TS_MYPe_GZLniqF_A8s88iwPH4Ok8vqTMLLjA.mp4?_nc_cat=104&_nc_oc=AdrqLUjhrIpEq0wjD9Y5sWAS1r2RkYOR5mfvcRxl6Q5l_x6lfrp9UVzja6mcAadaxSA&_nc_sid=b66105&_nc_ht=video.fblr22-1.fna.fbcdn.net&_nc_ohc=q3Hv9JZFCyoQ7kNvwFN-za0&efg=eyJ2ZW5jb2RlX3RhZyI6Inhwdl9wcm9ncmVzc2l2ZS5WSV9VU0VDQVNFX1BST0RVQ1RfVFlQRS4uQzMuNjA4LmRhc2hfaDI2NC1iYXNpYy1nZW4yXzcyMHAiLCJ4cHZfYXNzZXRfaWQiOjEzMTQyNDIxODczNjE0OTgsImFzc2V0X2FnZV9kYXlzIjowLCJ2aV91c2VjYXNlX2lkIjoxMDEzOSwiZHVyYXRpb25fcyI6NTgsInVybGdlbl9zb3VyY2UiOiJ3d3cifQ%3D%3D&ccb=17-1&vs=ef4765f51cd74897&_nc_vs=HBksFQIYRWZiX2VwaGVtZXJhbC82NzRENERERjQ2MDA1RURBQUFDNDk3QkZFRUVEMkJBNV9tdF8xX3ZpZGVvX2Rhc2hpbml0Lm1wNBUAAsgBEgAVAhhAZmJfcGVybWFuZW50L0M0NDRENTc3MUI0QTQ3NjdEN0U3NjRGRDUyQThDNDg3X2F1ZGlvX2Rhc2hpbml0Lm1wNBUCAsgBEgAoABgAGwKIB3VzZV9vaWwBMRJwcm9ncmVzc2l2ZV9yZWNpcGUBMRUAACa088-r-9LVBBUCKAJDMywXQE1iDEm6XjUYGWRhc2hfaDI2NC1iYXNpYy1nZW4yXzcyMHARAHUAZbaeAQA&_nc_gid=rIhRpk-w-q1s0AhwT9ugxQ&_nc_ss=7f289&_nc_zt=28&oh=00_AQAhy1vUuQwzOabHkEiBsB9U9NV-onxV5bZKPJyIFxWBnw&oe=6A68E5C0,https://scontent.fblr22-2.fna.fbcdn.net/v/t39.35426-6/753983974_4302103840038750_3746419510755003911_n.jpg?_nc_cat=107&ccb=1-7&_nc_sid=c53f8f&_nc_ohc=yReocmhogZQQ7kNvwEIp9Of&_nc_oc=AdqMAoE1UXD6MLGfAEGnKeV1QnqF8sJRxAy3DZujDUfscbtnUEIpqW_TGs0fE0qgoYU&_nc_zt=14&_nc_ht=scontent.fblr22-2.fna&_nc_gid=rIhRpk-w-q1s0AhwT9ugxQ&_nc_ss=7f289&oh=00_AQDJIzIZClgQXZHbN-Y-mxSQDnu2d5N4GAKds8RzusiQzQ&oe=6A690083,2026-07-28T17:24:16.000Z,2026-07-24
102,98,Lingo AI,599204246602758,Lingo AI,,IN,923667397433648,https://www.facebook.com/ads/library/?id=923667397433648,2026-07-18,,false,false,1,0,,2026-07-18,,"📘 Learn English easily with simple lessons 
😊 Build confidence with everyday speaking practice 
👉 Download now",👉 Download now,Download,https://speaklearnfrenchlingoai.onelink.me/Y67n?pid=metaweb_int&c={{campaign.name}}&af_c_id={{campaign.id}}&af_adset={{adset.name}}&af_adset_id={{adset.id}}&af_ad={{ad.name}}&af_ad_id={{ad.id}}&af_siteid={{site_source_name}},"Facebook,Instagram,Audience Network,Messenger,Threads","📘 Learn English easily with simple lessons 
😊 Build confidence with everyday speaking practice 
👉 Download now",👉 Download now,Download,https://speaklearnfrenchlingoai.onelink.me/Y67n?pid=metaweb_int&c={{campaign.name}}&af_c_id={{campaign.id}}&af_adset={{adset.name}}&af_adset_id={{adset.id}}&af_ad={{ad.name}}&af_ad_id={{ad.id}}&af_siteid={{site_source_name}},Video,"Facebook,Instagram,Audience Network,Messenger,Threads",1,0,9:16,https://video.fblr22-2.fna.fbcdn.net/o1/v/t2/f2/m366/AQOB48HJ0eZ_UMrili6EkN8eUwYmvH-tm5s0dmhLzBsdLa8-reWxSuc-q6Z1WEmWg_iDhBaMjtDhVEe4u-GUHK5Dx55zikwQnqmZMTILPvP1GQ.mp4?_nc_cat=110&_nc_oc=AdpN8fOEVfoflrM9EgloK0CoLtf9CiPje0GopP24fVDPxzthOkKKW1VUHSvCDG5Y5xU&_nc_sid=b66105&_nc_ht=video.fblr22-2.fna.fbcdn.net&_nc_ohc=_HvulbFM5jcQ7kNvwHkR0hh&efg=eyJ2ZW5jb2RlX3RhZyI6Inhwdl9wcm9ncmVzc2l2ZS5WSV9VU0VDQVNFX1BST0RVQ1RfVFlQRS4uQzMuNzIwLmRhc2hfaDI2NC1iYXNpYy1nZW4yXzcyMHAiLCJ4cHZfYXNzZXRfaWQiOjQ2MDM5MjAwMTMyMjI0MTcsImFzc2V0X2FnZV9kYXlzIjo0LCJ2aV91c2VjYXNlX2lkIjoxMDEzOSwiZHVyYXRpb25fcyI6MjksInVybGdlbl9zb3VyY2UiOiJ3d3cifQ%3D%3D&ccb=17-1&vs=c34f48660dad2677&_nc_vs=HBksFQIYRWZiX2VwaGVtZXJhbC8zODQ0RjBCMkNDNTBGMkI0MUNEMUIxN0UyODU2MkQ4OF9tdF8xX3ZpZGVvX2Rhc2hpbml0Lm1wNBUAAsgBEgAVAhhAZmJfcGVybWFuZW50LzNDNEJDQjgxN0FCQ0U3N0E1MDVCRThEMjVGRDUzNzlFX2F1ZGlvX2Rhc2hpbml0Lm1wNBUCAsgBEgAoABgAGwKIB3VzZV9vaWwBMRJwcm9ncmVzc2l2ZV9yZWNpcGUBMRUAACaiiLOPtc-tEBUCKAJDMywXQD3VP3ztkWgYGWRhc2hfaDI2NC1iYXNpYy1nZW4yXzcyMHARAHUAZbaeAQA&_nc_gid=rIhRpk-w-q1s0AhwT9ugxQ&_nc_ss=7f289&_nc_zt=28&oh=00_AQCUQ1wDDBzy7h3D_eTvMKAcqJo2DSNU-UzvWIC1R7p1Xg&oe=6A68F64A,https://scontent.fblr22-2.fna.fbcdn.net/v/t39.35426-6/749681115_1403477558300398_3228651221706562104_n.jpg?_nc_cat=100&ccb=1-7&_nc_sid=c53f8f&_nc_ohc=zpd3499Av8wQ7kNvwHKM29j&_nc_oc=AdryWvp6PNSq1lzgT6aGqCYyPlTyVBJ8vYVXdYr_s4ETFcBGtF3doY0EoOjw2odzDwM&_nc_zt=14&_nc_ht=scontent.fblr22-2.fna&_nc_gid=rIhRpk-w-q1s0AhwT9ugxQ&_nc_ss=7f289&oh=00_AQCybDgTxzvwWtSj_jpDwG-FG7iX9d1jA9JgVkRt6d-YDw&oe=6A68E110,2026-07-28T18:34:50.000Z,2026-07-24
103,99,Lingo AI,599204246602758,Lingo AI,,IN,1384493026901463,https://www.facebook.com/ads/library/?id=1384493026901463,2026-07-16,,false,false,1,0,,2026-07-16,,"📘 Learn English easily with simple lessons 
😊 Build confidence with everyday speaking practice 
👉 Download now",👉 Download now,Download,https://speaklearnfrenchlingoai.onelink.me/Y67n?pid=metaweb_int&c={{campaign.name}}&af_c_id={{campaign.id}}&af_adset={{adset.name}}&af_adset_id={{adset.id}}&af_ad={{ad.name}}&af_ad_id={{ad.id}}&af_siteid={{site_source_name}},"Facebook,Instagram,Audience Network,Messenger,Threads","📘 Learn English easily with simple lessons 
😊 Build confidence with everyday speaking practice 
👉 Download now",👉 Download now,Download,https://speaklearnfrenchlingoai.onelink.me/Y67n?pid=metaweb_int&c={{campaign.name}}&af_c_id={{campaign.id}}&af_adset={{adset.name}}&af_adset_id={{adset.id}}&af_ad={{ad.name}}&af_ad_id={{ad.id}}&af_siteid={{site_source_name}},Video,"Facebook,Instagram,Audience Network,Messenger,Threads",1,0,9:16,https://video.fblr22-2.fna.fbcdn.net/o1/v/t2/f2/m366/AQOjtTP_bm3Xa2kKYp6sJ9qcW3hYLWdxjwHfYjtShHSVf586QLshSvNV8e52ysIgjHF5-ebwU21BJwFQgdVNMrc3RvrB2t_xJBHgwtgdqP0guA.mp4?_nc_cat=105&_nc_oc=Adq_x4NQt9LgjxCfgv-iFM0WyFM4H0_PqRO_oG-vA238XpAJmJZRJHK_9p_qbW4BJYA&_nc_sid=b66105&_nc_ht=video.fblr22-2.fna.fbcdn.net&_nc_ohc=De2goPDBcmQQ7kNvwHrlFhi&efg=eyJ2ZW5jb2RlX3RhZyI6Inhwdl9wcm9ncmVzc2l2ZS5WSV9VU0VDQVNFX1BST0RVQ1RfVFlQRS4uQzMuNzIwLmRhc2hfaDI2NC1iYXNpYy1nZW4yXzcyMHAiLCJ4cHZfYXNzZXRfaWQiOjE1MzI4NTU5NDQ3MzQxNTMsImFzc2V0X2FnZV9kYXlzIjoxMywidmlfdXNlY2FzZV9pZCI6MTAxMzksImR1cmF0aW9uX3MiOjQ0LCJ1cmxnZW5fc291cmNlIjoid3d3In0%3D&ccb=17-1&vs=9198559c425277b0&_nc_vs=HBksFQIYRWZiX2VwaGVtZXJhbC8wQjQ4RTJDODcyRjI3OTYzODIxQzdCM0RBQjRCNERCRV9tdF8xX3ZpZGVvX2Rhc2hpbml0Lm1wNBUAAsgBEgAVAhhAZmJfcGVybWFuZW50L0QzNDhBMEFDQTk2QzA0NUUwNDE4RTRFNzEwRjZEOEExX2F1ZGlvX2Rhc2hpbml0Lm1wNBUCAsgBEgAoABgAGwKIB3VzZV9vaWwBMRJwcm9ncmVzc2l2ZV9yZWNpcGUBMRUAACaSl5_h-oe5BRUCKAJDMywXQEYZmZmZmZoYGWRhc2hfaDI2NC1iYXNpYy1nZW4yXzcyMHARAHUAZbaeAQA&_nc_gid=rIhRpk-w-q1s0AhwT9ugxQ&_nc_ss=7f289&_nc_zt=28&oh=00_AQASz56zzitBQH2NhnBSvbkiIB56CDnT7Y2XLHqO9Cc0lw&oe=6A68D3EB,https://scontent.fblr22-1.fna.fbcdn.net/v/t39.35426-6/743992268_1551391056632114_1922410649376923394_n.jpg?_nc_cat=108&ccb=1-7&_nc_sid=c53f8f&_nc_ohc=Z06fb30FZmsQ7kNvwHqdP_R&_nc_oc=AdpA27dI20rsDCPC4Xw2q2sPfhAUP1E1CkxMp06CJ-QUs2JxVSLbQi-UiUjcvH8jegI&_nc_zt=14&_nc_ht=scontent.fblr22-1.fna&_nc_gid=rIhRpk-w-q1s0AhwT9ugxQ&_nc_ss=7f289&oh=00_AQBOxUP0eYWhpqMMhjPSZwRUTFbnYIzcgr5T0k9VwdR6Fg&oe=6A68E3CA,2026-07-28T16:08:11.000Z,2026-07-24
104,100,Lingo AI,599204246602758,Lingo AI,,IN,1071923635179040,https://www.facebook.com/ads/library/?id=1071923635179040,2026-07-20,,false,false,1,0,,2026-07-20,,"📘 Learn English easily with simple lessons 
😊 Build confidence with everyday speaking practice 
👉 Download now",👉 Download now,Download,https://speaklearnfrenchlingoai.onelink.me/Y67n?pid=metaweb_int&c={{campaign.name}}&af_c_id={{campaign.id}}&af_adset={{adset.name}}&af_adset_id={{adset.id}}&af_ad={{ad.name}}&af_ad_id={{ad.id}}&af_siteid={{site_source_name}},"Facebook,Instagram,Audience Network,Messenger,Threads","📘 Learn English easily with simple lessons 
😊 Build confidence with everyday speaking practice 
👉 Download now",👉 Download now,Download,https://speaklearnfrenchlingoai.onelink.me/Y67n?pid=metaweb_int&c={{campaign.name}}&af_c_id={{campaign.id}}&af_adset={{adset.name}}&af_adset_id={{adset.id}}&af_ad={{ad.name}}&af_ad_id={{ad.id}}&af_siteid={{site_source_name}},Video,"Facebook,Instagram,Audience Network,Messenger,Threads",1,0,9:16,https://video.fblr22-1.fna.fbcdn.net/o1/v/t2/f2/m366/AQMlvcJ_teNVTls7YbKFbtjCv9SYrO1z6XknSVslLOXaZJvIF8qlWVSyQLB7kksCGJMaRG2hXvo4qMV9aXg6Et1AgDv_5ne4kkz8xFIizdpDHg.mp4?_nc_cat=106&_nc_oc=AdqWMjamkki2vOmUIvUarU5j2TDs_yKojZectsdCXfvHbVwbQxTFCPlri-JS3U6xS6Q&_nc_sid=b66105&_nc_ht=video.fblr22-1.fna.fbcdn.net&_nc_ohc=f9Y61pH7E-kQ7kNvwFuZ6uW&efg=eyJ2ZW5jb2RlX3RhZyI6Inhwdl9wcm9ncmVzc2l2ZS5WSV9VU0VDQVNFX1BST0RVQ1RfVFlQRS4uQzMuNzIwLmRhc2hfaDI2NC1iYXNpYy1nZW4yXzcyMHAiLCJ4cHZfYXNzZXRfaWQiOjI0OTE4NTIwNzEzMjg5NzksImFzc2V0X2FnZV9kYXlzIjoyLCJ2aV91c2VjYXNlX2lkIjoxMDEzOSwiZHVyYXRpb25fcyI6NTcsInVybGdlbl9zb3VyY2UiOiJ3d3cifQ%3D%3D&ccb=17-1&vs=fbc64f4d9e9ead8e&_nc_vs=HBksFQIYRWZiX2VwaGVtZXJhbC9BMjREQ0Y3NkY1NUMwNTFENEQ3QzBGRDRGMEUyRjJCOF9tdF8xX3ZpZGVvX2Rhc2hpbml0Lm1wNBUAAsgBEgAVAhhAZmJfcGVybWFuZW50LzQxNEJFODIyNTYwQkM3RTdCRUNFMzQ2QkEwMkVCNkE3X2F1ZGlvX2Rhc2hpbml0Lm1wNBUCAsgBEgAoABgAGwKIB3VzZV9vaWwBMRJwcm9ncmVzc2l2ZV9yZWNpcGUBMRUAACam89rY8JTtCBUCKAJDMywXQEyRBiTdLxsYGWRhc2hfaDI2NC1iYXNpYy1nZW4yXzcyMHARAHUAZbaeAQA&_nc_gid=rIhRpk-w-q1s0AhwT9ugxQ&_nc_ss=7f289&_nc_zt=28&oh=00_AQDgnyYEm3_iK6_x-Iv5_5KBf8aZNr_8XDY-ihJNbGqlmQ&oe=6A69090E,https://scontent.fblr22-1.fna.fbcdn.net/v/t39.35426-6/751388847_1470086811809310_9148792824868975258_n.jpg?_nc_cat=101&ccb=1-7&_nc_sid=c53f8f&_nc_ohc=I44GgnUtjcIQ7kNvwG_lcyi&_nc_oc=Adqwx6byu9YdgEABNxhghfp6rkbGlmsJFn_5GuGs_mMXDNCtBKduITaqOYEINq3SgVo&_nc_zt=14&_nc_ht=scontent.fblr22-1.fna&_nc_gid=rIhRpk-w-q1s0AhwT9ugxQ&_nc_ss=7f289&oh=00_AQDJHYmsNLTeF9ZMJzS1cgkOcKaafII410BdsUrViexFKQ&oe=6A68D437,2026-07-28T19:54:54.000Z,2026-07-24
105,101,Lingo AI,599204246602758,Lingo AI,,IN,2549353015495812,https://www.facebook.com/ads/library/?id=2549353015495812,2026-07-22,,false,false,1,0,,2026-07-22,,"🌟 想提升你的英语吗？
📱 每天只需几分钟，随时随地学习
💬 建立真正的英语口语自信
👉 立即下载",👉 立即下载,Download,https://speaklearnfrenchlingoai.onelink.me/Y67n?pid=metaweb_int&c={{campaign.name}}&af_c_id={{campaign.id}}&af_adset={{adset.name}}&af_adset_id={{adset.id}}&af_ad={{ad.name}}&af_ad_id={{ad.id}}&af_siteid={{site_source_name}},"Facebook,Instagram,Audience Network,Messenger,Threads","🌟 想提升你的英语吗？
📱 每天只需几分钟，随时随地学习
💬 建立真正的英语口语自信
👉 立即下载",👉 立即下载,Download,https://speaklearnfrenchlingoai.onelink.me/Y67n?pid=metaweb_int&c={{campaign.name}}&af_c_id={{campaign.id}}&af_adset={{adset.name}}&af_adset_id={{adset.id}}&af_ad={{ad.name}}&af_ad_id={{ad.id}}&af_siteid={{site_source_name}},Video,"Facebook,Instagram,Audience Network,Messenger,Threads",1,0,9:16,https://video.fblr22-1.fna.fbcdn.net/o1/v/t2/f2/m366/AQO3t7sC1Qq78JKw9y67zXcgxZraPuufjQYoooS3RuHLo0SHGJrCw-qRWVwYfA_nHMAWT10N3xLrgmeE8-tjlyQAd3xgIeHOjxdrCxirdcPwZA.mp4?_nc_cat=102&_nc_oc=Adr_jf-voDfZkXqWcCL3tFyrcDVnOX-yHpl6xuOZBwd4yL9wBg4J67wLd6SB_AiaAdg&_nc_sid=b66105&_nc_ht=video.fblr22-1.fna.fbcdn.net&_nc_ohc=THqf7Jn_kEkQ7kNvwF5pPcR&efg=eyJ2ZW5jb2RlX3RhZyI6Inhwdl9wcm9ncmVzc2l2ZS5WSV9VU0VDQVNFX1BST0RVQ1RfVFlQRS4uQzMuNjA4LmRhc2hfaDI2NC1iYXNpYy1nZW4yXzcyMHAiLCJ4cHZfYXNzZXRfaWQiOjE2MTAwMTA1MzA1MTAyNzQsImFzc2V0X2FnZV9kYXlzIjowLCJ2aV91c2VjYXNlX2lkIjoxMDEzOSwiZHVyYXRpb25fcyI6NTgsInVybGdlbl9zb3VyY2UiOiJ3d3cifQ%3D%3D&ccb=17-1&vs=1fe5815ff022853f&_nc_vs=HBksFQIYRWZiX2VwaGVtZXJhbC8xNjRCNzYzRjg3OTE5MEVERkZEQkU1RDkyQ0JFMEFBMF9tdF8xX3ZpZGVvX2Rhc2hpbml0Lm1wNBUAAsgBEgAVAhhAZmJfcGVybWFuZW50LzNDNDVCMkU5NDgxODhEOEU1QjREMTIzMDVEQTk2OEJBX2F1ZGlvX2Rhc2hpbml0Lm1wNBUCAsgBEgAoABgAGwKIB3VzZV9vaWwBMRJwcm9ncmVzc2l2ZV9yZWNpcGUBMRUAACaE14uc-ZLcBRUCKAJDMywXQE1MzMzMzM0YGWRhc2hfaDI2NC1iYXNpYy1nZW4yXzcyMHARAHUAZbaeAQA&_nc_gid=rIhRpk-w-q1s0AhwT9ugxQ&_nc_ss=7f289&_nc_zt=28&oh=00_AQA21MeQVJFJ9nnCg4oT1l5FtHyEtKGfBpiJlhvihEwAsA&oe=6A68E77A,https://scontent.fblr22-1.fna.fbcdn.net/v/t39.35426-6/753546246_4655791414657897_1654930472356826519_n.jpg?_nc_cat=103&ccb=1-7&_nc_sid=c53f8f&_nc_ohc=YqrJfr_ea70Q7kNvwFTAdjU&_nc_oc=AdrJD3qn9yqcYnnijaVHPTRKoozzm8KfgiCfolbdHArJJrPlJ-sJ-2mFSnURhz0Cjdc&_nc_zt=14&_nc_ht=scontent.fblr22-1.fna&_nc_gid=rIhRpk-w-q1s0AhwT9ugxQ&_nc_ss=7f289&oh=00_AQDvwBpBgk2x-WM4oSlKSwpsyVlkv64D0v0F0wynD-DH4w&oe=6A68DECB,2026-07-28T17:31:38.000Z,2026-07-24
106,102,Lingo AI,599204246602758,Lingo AI,,IN,2107736823454915,https://www.facebook.com/ads/library/?id=2107736823454915,2026-07-20,,false,false,1,0,,2026-07-20,,"📘 Learn English easily with simple lessons 
😊 Build confidence with everyday speaking practice 
👉 Download now",👉 Download now,Download,https://speaklearnfrenchlingoai.onelink.me/Y67n?pid=metaweb_int&c={{campaign.name}}&af_c_id={{campaign.id}}&af_adset={{adset.name}}&af_adset_id={{adset.id}}&af_ad={{ad.name}}&af_ad_id={{ad.id}}&af_siteid={{site_source_name}},"Facebook,Instagram,Audience Network,Messenger,Threads","📘 Learn English easily with simple lessons 
😊 Build confidence with everyday speaking practice 
👉 Download now",👉 Download now,Download,https://speaklearnfrenchlingoai.onelink.me/Y67n?pid=metaweb_int&c={{campaign.name}}&af_c_id={{campaign.id}}&af_adset={{adset.name}}&af_adset_id={{adset.id}}&af_ad={{ad.name}}&af_ad_id={{ad.id}}&af_siteid={{site_source_name}},Video,"Facebook,Instagram,Audience Network,Messenger,Threads",1,0,9:16,https://video.fblr22-1.fna.fbcdn.net/o1/v/t2/f2/m366/AQMNJJ76I7dh8UUjO-trj3QO-2uRoKva9PPYpftNPY8qwLx__A6XCayZbcgZTVt8CR098SsZ9ZKUwIk5i98mlBSiqAVmkbxhPGxpNm6c3Rgv3A.mp4?_nc_cat=104&_nc_oc=AdpqyNachFThRaMrbgsPauikfJ9ZWZVScCzruvlbHHLAoUoWqWzjWQrhgiuD4DMtncw&_nc_sid=b66105&_nc_ht=video.fblr22-1.fna.fbcdn.net&_nc_ohc=GalNOIlMRVIQ7kNvwEbt2oC&efg=eyJ2ZW5jb2RlX3RhZyI6Inhwdl9wcm9ncmVzc2l2ZS5WSV9VU0VDQVNFX1BST0RVQ1RfVFlQRS4uQzMuNzIwLmRhc2hfaDI2NC1iYXNpYy1nZW4yXzcyMHAiLCJ4cHZfYXNzZXRfaWQiOjE3MTY3NDE5NTI4NjY3MTAsImFzc2V0X2FnZV9kYXlzIjoyLCJ2aV91c2VjYXNlX2lkIjoxMDEzOSwiZHVyYXRpb25fcyI6NTUsInVybGdlbl9zb3VyY2UiOiJ3d3cifQ%3D%3D&ccb=17-1&vs=7bd5f3e379228b1f&_nc_vs=HBksFQIYRWZiX2VwaGVtZXJhbC8zNDQ4NjE1QTQ3OTJDNDc0MUY4MUU5RjEwQUJGQjNBM19tdF8xX3ZpZGVvX2Rhc2hpbml0Lm1wNBUAAsgBEgAVAhhAZmJfcGVybWFuZW50LzY5NEVBNTMxNzYzQTk0OTkwOUY1Q0JFNENCNUM4MTk2X2F1ZGlvX2Rhc2hpbml0Lm1wNBUCAsgBEgAoABgAGwKIB3VzZV9vaWwBMRJwcm9ncmVzc2l2ZV9yZWNpcGUBMRUAACaspqykxNeMBhUCKAJDMywXQEuAAAAAAAAYGWRhc2hfaDI2NC1iYXNpYy1nZW4yXzcyMHARAHUAZbaeAQA&_nc_gid=rIhRpk-w-q1s0AhwT9ugxQ&_nc_ss=7f289&_nc_zt=28&oh=00_AQC_wSX0IFV9IQpmASXm2xiSqI7C8zMf4EGM9_BTqSsrJw&oe=6A68EEB0,https://scontent.fblr22-1.fna.fbcdn.net/v/t39.35426-6/750976012_1408314111362311_8352676932645769978_n.jpg?_nc_cat=102&ccb=1-7&_nc_sid=c53f8f&_nc_ohc=-BAHazVFUQwQ7kNvwHkoj7-&_nc_oc=Adq_3dfbuoaVB6LhpXTmYghJF5BaDbpr7sbXHppenqodCFQrcgRLs1B8PkGZuofoY0w&_nc_zt=14&_nc_ht=scontent.fblr22-1.fna&_nc_gid=rIhRpk-w-q1s0AhwT9ugxQ&_nc_ss=7f289&oh=00_AQC9AFIayD-fdXpZ9IMtHGElZihAXX-CJZpGodRqWEdMtQ&oe=6A68E387,2026-07-28T18:02:24.000Z,2026-07-24
107,103,Lingo AI,599204246602758,Lingo AI,,IN,1380651957275499,https://www.facebook.com/ads/library/?id=1380651957275499,2026-07-18,,false,false,1,0,,2026-07-18,,"🌟 Want to improve your English? 
📱 Learn anytime in just minutes a day 💬 Build real speaking confidence 
👉 Download now",👉 Download now,Download,http://itunes.apple.com/app/id6740255326,"Facebook,Instagram,Audience Network,Messenger,Threads","🌟 Want to improve your English? 
📱 Learn anytime in just minutes a day 💬 Build real speaking confidence 
👉 Download now",👉 Download now,Download,http://itunes.apple.com/app/id6740255326,Video,"Facebook,Instagram,Audience Network,Messenger,Threads",1,0,9:16,https://video.fblr22-1.fna.fbcdn.net/o1/v/t2/f2/m366/AQM-ZXbfPeILqv1RtEbF0EgzmRkfD3xxAQcuJJA5TtmTocAoZ4i9lUWEz-QwWygouDiq-s-uilk2e9XI1dVgM4lbC9JgqBhPalnGYeYX9BqWXw.mp4?_nc_cat=101&_nc_oc=AdqRjJ1ZxehuK_5QJblOGR_igYWWx-T5X67AoAGrTIEdK8HSjlTEnO8uDj-kg-LaoHc&_nc_sid=b66105&_nc_ht=video.fblr22-1.fna.fbcdn.net&_nc_ohc=Fmab836dzrYQ7kNvwFnRi28&efg=eyJ2ZW5jb2RlX3RhZyI6Inhwdl9wcm9ncmVzc2l2ZS5WSV9VU0VDQVNFX1BST0RVQ1RfVFlQRS4uQzMuNzIwLmRhc2hfaDI2NC1iYXNpYy1nZW4yXzcyMHAiLCJ4cHZfYXNzZXRfaWQiOjEwNTAyNzM0OTQ1MzM2NzcsImFzc2V0X2FnZV9kYXlzIjo0LCJ2aV91c2VjYXNlX2lkIjoxMDEzOSwiZHVyYXRpb25fcyI6NTMsInVybGdlbl9zb3VyY2UiOiJ3d3cifQ%3D%3D&ccb=17-1&vs=28f698fe23cf7240&_nc_vs=HBksFQIYRWZiX2VwaGVtZXJhbC8yMjRCMUE2QUUzODA3NDNGNzI4QTMwRTQzODI1MTI5NV9tdF8xX3ZpZGVvX2Rhc2hpbml0Lm1wNBUAAsgBEgAVAhhAZmJfcGVybWFuZW50L0QwNEU3MDdDMjdFOERDMEI5NzMxQjFGRUZCQzBGRThBX2F1ZGlvX2Rhc2hpbml0Lm1wNBUCAsgBEgAoABgAGwKIB3VzZV9vaWwBMRJwcm9ncmVzc2l2ZV9yZWNpcGUBMRUAACbamPio-83dAxUCKAJDMywXQEqmZmZmZmYYGWRhc2hfaDI2NC1iYXNpYy1nZW4yXzcyMHARAHUAZbaeAQA&_nc_gid=rIhRpk-w-q1s0AhwT9ugxQ&_nc_ss=7f289&_nc_zt=28&oh=00_AQDF-SvhvYsTFMnWzCCt_IgHOVK67YyGc_mXR3F64XONyA&oe=6A68D707,https://scontent.fblr22-2.fna.fbcdn.net/v/t39.35426-6/742416911_1717611076830807_1597005991896900726_n.jpg?_nc_cat=111&ccb=1-7&_nc_sid=c53f8f&_nc_ohc=f9Z_d4jOU9gQ7kNvwGLmAsY&_nc_oc=AdrOAPYj9ufXcJRj_guNAYwAQTyuJm-F2IGDR2ceRxUuQzj00Bws_3KArIaHlWnTQJU&_nc_zt=14&_nc_ht=scontent.fblr22-2.fna&_nc_gid=rIhRpk-w-q1s0AhwT9ugxQ&_nc_ss=7f289&oh=00_AQD38SGJfnuRUxHEKucaCk79Z1R6o7CjgKhJH8IVa1mUCA&oe=6A68E601,2026-07-28T16:21:27.000Z,2026-07-24
108,104,Lingo AI,599204246602758,Lingo AI,,IN,1051957707214988,https://www.facebook.com/ads/library/?id=1051957707214988,2026-07-20,,false,false,1,0,,2026-07-20,,"📘 Learn English easily with simple lessons 
😊 Build confidence with everyday speaking practice 
👉 Download now",👉 Download now,Download,https://speaklearnfrenchlingoai.onelink.me/Y67n?pid=metaweb_int&c={{campaign.name}}&af_c_id={{campaign.id}}&af_adset={{adset.name}}&af_adset_id={{adset.id}}&af_ad={{ad.name}}&af_ad_id={{ad.id}}&af_siteid={{site_source_name}},"Facebook,Instagram,Audience Network,Messenger,Threads","📘 Learn English easily with simple lessons 
😊 Build confidence with everyday speaking practice 
👉 Download now",👉 Download now,Download,https://speaklearnfrenchlingoai.onelink.me/Y67n?pid=metaweb_int&c={{campaign.name}}&af_c_id={{campaign.id}}&af_adset={{adset.name}}&af_adset_id={{adset.id}}&af_ad={{ad.name}}&af_ad_id={{ad.id}}&af_siteid={{site_source_name}},Video,"Facebook,Instagram,Audience Network,Messenger,Threads",1,0,9:16,https://video.fblr22-1.fna.fbcdn.net/o1/v/t2/f2/m366/AQMGUWKdX4aoc-bbRutDhJbaMHEO2xpq4_IP_y7ZCuskV5Zw2vSemwKHZ231tVpJb2tfh08kU2odnZuqoKY4jQ0Fc5Nm7im0PN6hykSWQcjBdA.mp4?_nc_cat=106&_nc_oc=Ado12sw49ZAcwCPQL4jYclEwberXI1MdVf3KQA_UDipeFSvBJVlB5AfgSzXDhIknOw4&_nc_sid=b66105&_nc_ht=video.fblr22-1.fna.fbcdn.net&_nc_ohc=x0u2KWzmiSgQ7kNvwGCuA_Z&efg=eyJ2ZW5jb2RlX3RhZyI6Inhwdl9wcm9ncmVzc2l2ZS5WSV9VU0VDQVNFX1BST0RVQ1RfVFlQRS4uQzMuNzIwLmRhc2hfaDI2NC1iYXNpYy1nZW4yXzcyMHAiLCJ4cHZfYXNzZXRfaWQiOjE1Mzg5ODgyNzQ1Njg4MDcsImFzc2V0X2FnZV9kYXlzIjoyLCJ2aV91c2VjYXNlX2lkIjoxMDEzOSwiZHVyYXRpb25fcyI6NTYsInVybGdlbl9zb3VyY2UiOiJ3d3cifQ%3D%3D&ccb=17-1&vs=84e44c11275c418d&_nc_vs=HBksFQIYRWZiX2VwaGVtZXJhbC8yMzQwMEM3NjlEM0VCQUREQUU3ODA3Rjk5MzgwODY5OF9tdF8xX3ZpZGVvX2Rhc2hpbml0Lm1wNBUAAsgBEgAVAhhAZmJfcGVybWFuZW50Lzg5NENGREZFRDBERkZBNTdDQTU3MzE4OEY2NkZEM0I3X2F1ZGlvX2Rhc2hpbml0Lm1wNBUCAsgBEgAoABgAGwKIB3VzZV9vaWwBMRJwcm9ncmVzc2l2ZV9yZWNpcGUBMRUAACbOudqW9Oy7BRUCKAJDMywXQEwRBiTdLxsYGWRhc2hfaDI2NC1iYXNpYy1nZW4yXzcyMHARAHUAZbaeAQA&_nc_gid=rIhRpk-w-q1s0AhwT9ugxQ&_nc_ss=7f289&_nc_zt=28&oh=00_AQCYBQPgx7KAz8yTzk0q8S9BKNdKEkFlw4M2ZC46kdt7Dw&oe=6A68DFA2,https://scontent.fblr22-2.fna.fbcdn.net/v/t39.35426-6/752682089_1035897305845132_231474982839024799_n.jpg?_nc_cat=110&ccb=1-7&_nc_sid=c53f8f&_nc_ohc=_mX2Ra5xQKwQ7kNvwGxXOx6&_nc_oc=AdqIDfczaSb_y0Og6La9ocDfhymmdDp2rDHDy6YRUzW4V88MRIUWCy3N3Hasx_n3AZg&_nc_zt=14&_nc_ht=scontent.fblr22-2.fna&_nc_gid=rIhRpk-w-q1s0AhwT9ugxQ&_nc_ss=7f289&oh=00_AQButQLvL97bge7oML7Db1h6wBdns2gNUPYgrakYxhFHPw&oe=6A68FC69,2026-07-28T16:58:10.000Z,2026-07-24
109,105,Lingo AI,599204246602758,Lingo AI,,IN,1028449009853941,https://www.facebook.com/ads/library/?id=1028449009853941,2026-06-17,,false,false,1,0,,2026-06-17,,"📘 Learn English easily with simple lessons 
😊 Build confidence with everyday speaking practice 
👉 Download now",👉 Download now,Download,https://speaklearnfrenchlingoai.onelink.me/Y67n?pid=metaweb_int&c={{campaign.name}}&af_c_id={{campaign.id}}&af_adset={{adset.name}}&af_adset_id={{adset.id}}&af_ad={{ad.name}}&af_ad_id={{ad.id}}&af_siteid={{site_source_name}},"Facebook,Instagram,Audience Network,Messenger,Threads","📘 Learn English easily with simple lessons 
😊 Build confidence with everyday speaking practice 
👉 Download now",👉 Download now,Download,https://speaklearnfrenchlingoai.onelink.me/Y67n?pid=metaweb_int&c={{campaign.name}}&af_c_id={{campaign.id}}&af_adset={{adset.name}}&af_adset_id={{adset.id}}&af_ad={{ad.name}}&af_ad_id={{ad.id}}&af_siteid={{site_source_name}},Video,"Facebook,Instagram,Audience Network,Messenger,Threads",1,0,9:16,https://video.fblr22-2.fna.fbcdn.net/o1/v/t2/f2/m366/AQOxX_kpWyk7ngiZwpSTtXTA1eb0Efq9bgAzm5-0fdXr2jikC2PcamVaHfBBSolv6AlALDPzcay91FbIKGYPccTmRxzNtc-CTao_5ktbikpCtQ.mp4?_nc_cat=110&_nc_oc=AdprWezVy-BkslJIZfAls3wzf2u_nEI6uppIJD4YHZb85CPeI7XCWakoNj536ToHivU&_nc_sid=b66105&_nc_ht=video.fblr22-2.fna.fbcdn.net&_nc_ohc=RI_JycvjRyEQ7kNvwH897MN&efg=eyJ2ZW5jb2RlX3RhZyI6Inhwdl9wcm9ncmVzc2l2ZS5WSV9VU0VDQVNFX1BST0RVQ1RfVFlQRS4uQzMuNjA4LmRhc2hfaDI2NC1iYXNpYy1nZW4yXzcyMHAiLCJ4cHZfYXNzZXRfaWQiOjg5NzIzMDQzNjY3MTY5OSwiYXNzZXRfYWdlX2RheXMiOjc1LCJ2aV91c2VjYXNlX2lkIjoxMDEzOSwiZHVyYXRpb25fcyI6MzksInVybGdlbl9zb3VyY2UiOiJ3d3cifQ%3D%3D&ccb=17-1&vs=e0440e446e61fa06&_nc_vs=HBksFQIYRWZiX2VwaGVtZXJhbC8xNzQ5Rjk4QTZEQUE5NzMzNEYxM0EyODJERDk1QThCNl9tdF8xX3ZpZGVvX2Rhc2hpbml0Lm1wNBUAAsgBEgAVAhhAZmJfcGVybWFuZW50LzAzNDA5RUVCOUFDODY0QTQ4REM4RDkxNUE4QjA3REE2X2F1ZGlvX2Rhc2hpbml0Lm1wNBUCAsgBEgAoABgAGwKIB3VzZV9vaWwBMRJwcm9ncmVzc2l2ZV9yZWNpcGUBMRUAACamg63X14GYAxUCKAJDMywXQEPd0vGp--cYGWRhc2hfaDI2NC1iYXNpYy1nZW4yXzcyMHARAHUAZbaeAQA&_nc_gid=rIhRpk-w-q1s0AhwT9ugxQ&_nc_ss=7f289&_nc_zt=28&oh=00_AQBudNXz3ESveoXEqkjs0CyPrB4cuOPtvtSVy5Lz4Z6qcg&oe=6A68D6BA,https://scontent.fblr22-2.fna.fbcdn.net/v/t39.35426-6/724535164_1879038586386596_8865895283278972862_n.jpg?_nc_cat=100&ccb=1-7&_nc_sid=c53f8f&_nc_ohc=4tVoZGLT7WUQ7kNvwFrNZWj&_nc_oc=Adpfw0xejaQRggP-VuzHs-zCwEmQVkp-qSHAmXyEewQZm8B4OH9MET5xZw_XGM_HYlg&_nc_zt=14&_nc_ht=scontent.fblr22-2.fna&_nc_gid=rIhRpk-w-q1s0AhwT9ugxQ&_nc_ss=7f289&oh=00_AQC-0etBXYXoOqmy4GnjWdRfRFwOHIqZc-7gI8i3x3gAHw&oe=6A68FA91,2026-07-28T16:20:10.000Z,2026-07-24
110,106,Lingo AI,599204246602758,Lingo AI,,IN,2132321557314832,https://www.facebook.com/ads/library/?id=2132321557314832,2026-07-20,,false,false,1,0,,2026-07-20,,"📘 Learn English easily with simple lessons 
😊 Build confidence with everyday speaking practice 
👉 Download now",👉 Download now,Download,https://speaklearnfrenchlingoai.onelink.me/Y67n?pid=metaweb_int&c={{campaign.name}}&af_c_id={{campaign.id}}&af_adset={{adset.name}}&af_adset_id={{adset.id}}&af_ad={{ad.name}}&af_ad_id={{ad.id}}&af_siteid={{site_source_name}},"Facebook,Instagram,Audience Network,Messenger,Threads","📘 Learn English easily with simple lessons 
😊 Build confidence with everyday speaking practice 
👉 Download now",👉 Download now,Download,https://speaklearnfrenchlingoai.onelink.me/Y67n?pid=metaweb_int&c={{campaign.name}}&af_c_id={{campaign.id}}&af_adset={{adset.name}}&af_adset_id={{adset.id}}&af_ad={{ad.name}}&af_ad_id={{ad.id}}&af_siteid={{site_source_name}},Video,"Facebook,Instagram,Audience Network,Messenger,Threads",1,0,9:16,https://video.fblr22-2.fna.fbcdn.net/o1/v/t2/f2/m366/AQOMBB3zegIR74Ij0HW28cJK_UHSy7TTNS60jm9eVnNCeBPYclXN0MPvNDW6ZZL-_KurI0QlDy_mqk2mTFtg2tJCY66hMH7n4DKjJ3UInB1sxA.mp4?_nc_cat=110&_nc_oc=AdqGvhKyAlqJi3TEAeVwsAJfxDDVZOuQTD7Ioip68aoUXy4rqqAGZpj35WA3l5FlwJA&_nc_sid=b66105&_nc_ht=video.fblr22-2.fna.fbcdn.net&_nc_ohc=hn58C-kyKo4Q7kNvwHkGpC5&efg=eyJ2ZW5jb2RlX3RhZyI6Inhwdl9wcm9ncmVzc2l2ZS5WSV9VU0VDQVNFX1BST0RVQ1RfVFlQRS4uQzMuNzIwLmRhc2hfaDI2NC1iYXNpYy1nZW4yXzcyMHAiLCJ4cHZfYXNzZXRfaWQiOjEwNTc2NDc3MTAxMzI4ODksImFzc2V0X2FnZV9kYXlzIjoyLCJ2aV91c2VjYXNlX2lkIjoxMDEzOSwiZHVyYXRpb25fcyI6NTQsInVybGdlbl9zb3VyY2UiOiJ3d3cifQ%3D%3D&ccb=17-1&vs=b4ec2f13ce2c2fef&_nc_vs=HBksFQIYRWZiX2VwaGVtZXJhbC82RjRBRkYwNjBBQUYyMkVGRUEwRDg4MjU2RkZBNDNCQl9tdF8xX3ZpZGVvX2Rhc2hpbml0Lm1wNBUAAsgBEgAVAhhAZmJfcGVybWFuZW50L0JBNDUxNTExMTMxNDg3NzdDNzMxQ0E1NDczMTkyRTk4X2F1ZGlvX2Rhc2hpbml0Lm1wNBUCAsgBEgAoABgAGwKIB3VzZV9vaWwBMRJwcm9ncmVzc2l2ZV9yZWNpcGUBMRUAACay6vrAmfvgAxUCKAJDMywXQEsd0vGp--cYGWRhc2hfaDI2NC1iYXNpYy1nZW4yXzcyMHARAHUAZbaeAQA&_nc_gid=rIhRpk-w-q1s0AhwT9ugxQ&_nc_ss=7f289&_nc_zt=28&oh=00_AQCmC2gqBSLS8h181GW8qG9LtYj0T96JGFKQgsKx-Jj_7g&oe=6A6907B2,https://scontent.fblr22-1.fna.fbcdn.net/v/t39.35426-6/749987021_3901658923310280_886886643863686770_n.jpg?_nc_cat=101&ccb=1-7&_nc_sid=c53f8f&_nc_ohc=kOgQavTQ1ZQQ7kNvwEndqtt&_nc_oc=Adq-Gq-W55QloVxV0w9_yEd9QEx9gZw9ruDFwCK6ovbNGLqgjbXaXpOduL2CMeiMMIU&_nc_zt=14&_nc_ht=scontent.fblr22-1.fna&_nc_gid=rIhRpk-w-q1s0AhwT9ugxQ&_nc_ss=7f289&oh=00_AQDJ6WGwpMMLNd6-3rf3VcQ-ql0a67J2EaQsoP-bjFQA2Q&oe=6A68FB6C,2026-07-28T19:49:06.000Z,2026-07-24
111,107,Lingo AI,599204246602758,Lingo AI,,IN,1102346855789311,https://www.facebook.com/ads/library/?id=1102346855789311,2026-07-03,,false,false,1,0,,2026-07-03,,"📘 Learn English easily with simple lessons 
😊 Build confidence with everyday speaking practice 
👉 Download now",👉 Download now,Download,https://speaklearnfrenchlingoai.onelink.me/Y67n?pid=metaweb_int&c={{campaign.name}}&af_c_id={{campaign.id}}&af_adset={{adset.name}}&af_adset_id={{adset.id}}&af_ad={{ad.name}}&af_ad_id={{ad.id}}&af_siteid={{site_source_name}},"Facebook,Instagram,Audience Network,Messenger,Threads","📘 Learn English easily with simple lessons 
😊 Build confidence with everyday speaking practice 
👉 Download now",👉 Download now,Download,https://speaklearnfrenchlingoai.onelink.me/Y67n?pid=metaweb_int&c={{campaign.name}}&af_c_id={{campaign.id}}&af_adset={{adset.name}}&af_adset_id={{adset.id}}&af_ad={{ad.name}}&af_ad_id={{ad.id}}&af_siteid={{site_source_name}},Video,"Facebook,Instagram,Audience Network,Messenger,Threads",1,0,9:16,https://video.fblr22-1.fna.fbcdn.net/o1/v/t2/f2/m366/AQOZ_hUSPPoSfPZG97QF0FczS562L1tsbmL0sWiCdjh23y0Im2G0M1CxzqZa79QWhaFbIniwSOFFVj4To2HWyVOWhi31BAhnS48xCK8zWmz_ag.mp4?_nc_cat=104&_nc_oc=AdqRPzQV8PWut5irYODatr7ZQQRErfiFqzoYy84Y6nCk5FPVTgSPG3zwxrKzrxp3VSM&_nc_sid=b66105&_nc_ht=video.fblr22-1.fna.fbcdn.net&_nc_ohc=rGBVqpdpck0Q7kNvwERvHmI&efg=eyJ2ZW5jb2RlX3RhZyI6Inhwdl9wcm9ncmVzc2l2ZS5WSV9VU0VDQVNFX1BST0RVQ1RfVFlQRS4uQzMuNzIwLmRhc2hfaDI2NC1iYXNpYy1nZW4yXzcyMHAiLCJ4cHZfYXNzZXRfaWQiOjI1MzM1MDk2NTcxNjc5MjYsImFzc2V0X2FnZV9kYXlzIjoyMCwidmlfdXNlY2FzZV9pZCI6MTAxMzksImR1cmF0aW9uX3MiOjQ4LCJ1cmxnZW5fc291cmNlIjoid3d3In0%3D&ccb=17-1&vs=4c5a39b62f6a3b56&_nc_vs=HBksFQIYRWZiX2VwaGVtZXJhbC85OTRFN0VBREE3RUM2N0MwMTBGRDFCN0U5NkIwQTU5RV9tdF8xX3ZpZGVvX2Rhc2hpbml0Lm1wNBUAAsgBEgAVAhhAZmJfcGVybWFuZW50LzcxNENGNkYyRjcxNTQ2ODI2NTlENTM0MEZBNzY4MDg1X2F1ZGlvX2Rhc2hpbml0Lm1wNBUCAsgBEgAoABgAGwKIB3VzZV9vaWwBMRJwcm9ncmVzc2l2ZV9yZWNpcGUBMRUAACbsoLTy1Y2ACRUCKAJDMywXQEhIcrAgxJwYGWRhc2hfaDI2NC1iYXNpYy1nZW4yXzcyMHARAHUAZbaeAQA&_nc_gid=PeOw1teSBuHBUZZ8Ia0RWw&_nc_ss=7f289&_nc_zt=28&oh=00_AQAoNu1L8yu-mppUEhEQxclmj1W80TafgcbcqUrFDqyKnw&oe=6A68DD50,https://scontent.fblr22-1.fna.fbcdn.net/v/t39.35426-6/737370540_1316392323549499_696906321647398178_n.jpg?_nc_cat=103&ccb=1-7&_nc_sid=c53f8f&_nc_ohc=3r5zVjTLVLgQ7kNvwGyNoTt&_nc_oc=AdpcnwVYlVv9b0lhdeB286tv-ap5EAF8Ri9_v6fNBWwPfE8aBUv9zp9sBjegrVRhHz0&_nc_zt=14&_nc_ht=scontent.fblr22-1.fna&_nc_gid=PeOw1teSBuHBUZZ8Ia0RWw&_nc_ss=7f289&oh=00_AQCiWHzgo_SybaADqzPN5Vyjr2QLT7Ft6oIx9xyTNBTOWQ&oe=6A68F662,2026-07-28T16:48:16.000Z,2026-07-24
112,108,Lingo AI,599204246602758,Lingo AI,,IN,1351853273037524,https://www.facebook.com/ads/library/?id=1351853273037524,2026-07-18,,false,false,1,0,,2026-07-18,,"📘 Learn English easily with simple lessons 
😊 Build confidence with everyday speaking practice 
👉 Download now",👉 Download now,Download,https://speaklearnfrenchlingoai.onelink.me/Y67n?pid=metaweb_int&c={{campaign.name}}&af_c_id={{campaign.id}}&af_adset={{adset.name}}&af_adset_id={{adset.id}}&af_ad={{ad.name}}&af_ad_id={{ad.id}}&af_siteid={{site_source_name}},"Facebook,Instagram,Audience Network,Messenger,Threads","📘 Learn English easily with simple lessons 
😊 Build confidence with everyday speaking practice 
👉 Download now",👉 Download now,Download,https://speaklearnfrenchlingoai.onelink.me/Y67n?pid=metaweb_int&c={{campaign.name}}&af_c_id={{campaign.id}}&af_adset={{adset.name}}&af_adset_id={{adset.id}}&af_ad={{ad.name}}&af_ad_id={{ad.id}}&af_siteid={{site_source_name}},Video,"Facebook,Instagram,Audience Network,Messenger,Threads",1,0,9:16,https://video.fblr22-2.fna.fbcdn.net/o1/v/t2/f2/m366/AQMegOmEpSHB6sO1_0MOO5IeY6vt2Tvkt8J0A3eZpThkIPB5gF7BWUI96p1fddtp94rppOU0KlpY64HL1H8dsMasfU2C5DZDUfH0y1a8X2FbnQ.mp4?_nc_cat=107&_nc_oc=AdrHpmiUZNqWdgnu3RcJpy0vFNlxPuGC5NYl1hTpBdVLkKx3wUCn6VdRjP8fi2YADhQ&_nc_sid=b66105&_nc_ht=video.fblr22-2.fna.fbcdn.net&_nc_ohc=QqqRXhpnKRoQ7kNvwFCpCct&efg=eyJ2ZW5jb2RlX3RhZyI6Inhwdl9wcm9ncmVzc2l2ZS5WSV9VU0VDQVNFX1BST0RVQ1RfVFlQRS4uQzMuNzIwLmRhc2hfaDI2NC1iYXNpYy1nZW4yXzcyMHAiLCJ4cHZfYXNzZXRfaWQiOjEwMDE3NjA0MTYwOTE1OTUsImFzc2V0X2FnZV9kYXlzIjo0LCJ2aV91c2VjYXNlX2lkIjoxMDEzOSwiZHVyYXRpb25fcyI6MzQsInVybGdlbl9zb3VyY2UiOiJ3d3cifQ%3D%3D&ccb=17-1&vs=7f879cbf6eda8267&_nc_vs=HBksFQIYRWZiX2VwaGVtZXJhbC9GODQ5MDkzQjlDQkVFQ0NGQkEwM0Q5RUU2MjYwNkM4M19tdF8xX3ZpZGVvX2Rhc2hpbml0Lm1wNBUAAsgBEgAVAhhAZmJfcGVybWFuZW50L0VDNEU4NUZCRjUzNzkxMzBEREQ1QTc2QzYzMzk5M0EyX2F1ZGlvX2Rhc2hpbml0Lm1wNBUCAsgBEgAoABgAGwKIB3VzZV9vaWwBMRJwcm9ncmVzc2l2ZV9yZWNpcGUBMRUAACaWt4LckMbHAxUCKAJDMywXQEFqn752yLQYGWRhc2hfaDI2NC1iYXNpYy1nZW4yXzcyMHARAHUAZbaeAQA&_nc_gid=PeOw1teSBuHBUZZ8Ia0RWw&_nc_ss=7f289&_nc_zt=28&oh=00_AQCCgrlDKL8AI3aB2J2tFxXAJ7CQabs2_MMBNFPyJdjc1g&oe=6A690219,https://scontent.fblr22-1.fna.fbcdn.net/v/t39.35426-6/749214258_1508612250547047_2268265755474576223_n.jpg?_nc_cat=101&ccb=1-7&_nc_sid=c53f8f&_nc_ohc=xXJCwQQjoAsQ7kNvwHOT5AL&_nc_oc=Adrp8gbTigovmYOLXTFd9Pj6TEI-b9VNWwBnOmEbzyt4SMSUpm_FnwDI4-5QcAcZ_nA&_nc_zt=14&_nc_ht=scontent.fblr22-1.fna&_nc_gid=PeOw1teSBuHBUZZ8Ia0RWw&_nc_ss=7f289&oh=00_AQC1rtuuuZmOmNv0K2jW-wGgzgxzJZA7WBR4NJbNF2ENTA&oe=6A68D53E,2026-07-28T19:25:13.000Z,2026-07-24
113,109,Lingo AI,599204246602758,Lingo AI,,IN,1504896430940320,https://www.facebook.com/ads/library/?id=1504896430940320,2026-07-20,,false,false,1,0,,2026-07-20,,"📘 Learn English easily with simple lessons 
😊 Build confidence with everyday speaking practice 
👉 Download now",👉 Download now,Download,https://speaklearnfrenchlingoai.onelink.me/Y67n?pid=metaweb_int&c={{campaign.name}}&af_c_id={{campaign.id}}&af_adset={{adset.name}}&af_adset_id={{adset.id}}&af_ad={{ad.name}}&af_ad_id={{ad.id}}&af_siteid={{site_source_name}},"Facebook,Instagram,Audience Network,Messenger,Threads","📘 Learn English easily with simple lessons 
😊 Build confidence with everyday speaking practice 
👉 Download now",👉 Download now,Download,https://speaklearnfrenchlingoai.onelink.me/Y67n?pid=metaweb_int&c={{campaign.name}}&af_c_id={{campaign.id}}&af_adset={{adset.name}}&af_adset_id={{adset.id}}&af_ad={{ad.name}}&af_ad_id={{ad.id}}&af_siteid={{site_source_name}},Video,"Facebook,Instagram,Audience Network,Messenger,Threads",1,0,9:16,https://video.fblr22-2.fna.fbcdn.net/o1/v/t2/f2/m366/AQN1k3S6CjIIRiobemMu6QNiipmcon4MswZ9_u3qZNRVzSEqWJL0Khv_8DoWM5uSsRhTzNAnsvYNJ0uW4x7uOHU49yEu0YIWI0HQZCWQmcQeag.mp4?_nc_cat=100&_nc_oc=Adr0Z9B2eZ1fDuv6p0g4Ct5DqNhPFKBNBtMinaSfXfjqlLaOR2WYTV68lSPyKWdQ3bs&_nc_sid=b66105&_nc_ht=video.fblr22-2.fna.fbcdn.net&_nc_ohc=S4FAA16XKEAQ7kNvwFj1EKR&efg=eyJ2ZW5jb2RlX3RhZyI6Inhwdl9wcm9ncmVzc2l2ZS5WSV9VU0VDQVNFX1BST0RVQ1RfVFlQRS4uQzMuNzIwLmRhc2hfaDI2NC1iYXNpYy1nZW4yXzcyMHAiLCJ4cHZfYXNzZXRfaWQiOjQwNDYwNTQwNTU2OTg0MTcsImFzc2V0X2FnZV9kYXlzIjoyLCJ2aV91c2VjYXNlX2lkIjoxMDEzOSwiZHVyYXRpb25fcyI6NTcsInVybGdlbl9zb3VyY2UiOiJ3d3cifQ%3D%3D&ccb=17-1&vs=d430d57ca5a60318&_nc_vs=HBksFQIYRWZiX2VwaGVtZXJhbC85MzRCNjJFMzlDNkVFRUUzQjAxRTczNkMwRkI5NzY5NF9tdF8xX3ZpZGVvX2Rhc2hpbml0Lm1wNBUAAsgBEgAVAhhAZmJfcGVybWFuZW50Lzk1NEExOUZCQURDODUzRTVBREQ5RjAwRjZDQjI4MDhEX2F1ZGlvX2Rhc2hpbml0Lm1wNBUCAsgBEgAoABgAGwKIB3VzZV9vaWwBMRJwcm9ncmVzc2l2ZV9yZWNpcGUBMRUAACbi_9rrq_evDhUCKAJDMywXQEyAAAAAAAAYGWRhc2hfaDI2NC1iYXNpYy1nZW4yXzcyMHARAHUAZbaeAQA&_nc_gid=PeOw1teSBuHBUZZ8Ia0RWw&_nc_ss=7f289&_nc_zt=28&oh=00_AQBILhWkQzQuDfyaTr6dEmpJ3uHb86PL8QdkE6-2sH8v1g&oe=6A68EF78,https://scontent.fblr22-1.fna.fbcdn.net/v/t39.35426-6/749354993_1012960518319339_7380550470667874507_n.jpg?_nc_cat=104&ccb=1-7&_nc_sid=c53f8f&_nc_ohc=kKaBwnQIaqcQ7kNvwFKU120&_nc_oc=AdpFQT0gHD2KtGuvczVvj09uC182Q5V8dkOLYBlAqcy7gc3dcnAGjjnVHwgR-7KlNQA&_nc_zt=14&_nc_ht=scontent.fblr22-1.fna&_nc_gid=PeOw1teSBuHBUZZ8Ia0RWw&_nc_ss=7f289&oh=00_AQDVJ_zULr8QR-NkiFaWI3l6b_AzEpkiH-2D2YLwI2zvwQ&oe=6A68FE7F,2026-07-28T18:05:44.000Z,2026-07-24
114,110,Lingo AI,599204246602758,Lingo AI,,IN,3155628847962719,https://www.facebook.com/ads/library/?id=3155628847962719,2026-07-09,,true,false,1,0,,2026-07-09,,"🌍 Learn real English for everyday life 
🗣 Practice speaking with simple lessons 
⏱ Just 5 minutes a day 
👉 Download now",👉 Download now,Download,https://speaklearnfrenchlingoai.onelink.me/Y67n?pid=metaweb_int&c={{campaign.name}}&af_c_id={{campaign.id}}&af_adset={{adset.name}}&af_adset_id={{adset.id}}&af_ad={{ad.name}}&af_ad_id={{ad.id}}&af_siteid={{site_source_name}},"Facebook,Instagram,Audience Network,Messenger,Threads","🌍 Learn real English for everyday life 
🗣 Practice speaking with simple lessons 
⏱ Just 5 minutes a day 
👉 Download now",👉 Download now,Download,https://speaklearnfrenchlingoai.onelink.me/Y67n?pid=metaweb_int&c={{campaign.name}}&af_c_id={{campaign.id}}&af_adset={{adset.name}}&af_adset_id={{adset.id}}&af_ad={{ad.name}}&af_ad_id={{ad.id}}&af_siteid={{site_source_name}},Video,"Facebook,Instagram,Audience Network,Messenger,Threads",1,0,9:16,https://video.fblr22-1.fna.fbcdn.net/o1/v/t2/f2/m366/AQNszTnpTuyFgUcuS_NkpdMpxNAQT3qXRSQf_ImLmKJzKaXoE333QJbftJyfpPqeJ9Vb1o9VWEUXiwp0USnSzx5DSsJEooLyNY6eDqnjBORxIw.mp4?_nc_cat=101&_nc_oc=Adr7RgO2gwAuD6bbBcJCX0awwm6fH1EvWprSqrdToTv8y9XZMmtVQd5LYUKSFjRWpT4&_nc_sid=b66105&_nc_ht=video.fblr22-1.fna.fbcdn.net&_nc_ohc=gUOVdl9AMcAQ7kNvwFvy1lH&efg=eyJ2ZW5jb2RlX3RhZyI6Inhwdl9wcm9ncmVzc2l2ZS5WSV9VU0VDQVNFX1BST0RVQ1RfVFlQRS4uQzMuNzIwLmRhc2hfaDI2NC1iYXNpYy1nZW4yXzcyMHAiLCJ4cHZfYXNzZXRfaWQiOjEwNjkxMDI0NDYxNzI4MzksImFzc2V0X2FnZV9kYXlzIjoxNywidmlfdXNlY2FzZV9pZCI6MTAxMzksImR1cmF0aW9uX3MiOjQ4LCJ1cmxnZW5fc291cmNlIjoid3d3In0%3D&ccb=17-1&vs=6c40cb739fabcd12&_nc_vs=HBksFQIYRWZiX2VwaGVtZXJhbC8zQzQwODNBNTE5QjQwMDEzNEIyQkE0NTgwODVFMDJCNl9tdF8xX3ZpZGVvX2Rhc2hpbml0Lm1wNBUAAsgBEgAVAhhAZmJfcGVybWFuZW50L0M1NEE3QzVDMjI5RkNERTYyRjFBMzU5QUQ3ODhBMUI0X2F1ZGlvX2Rhc2hpbml0Lm1wNBUCAsgBEgAoABgAGwKIB3VzZV9vaWwBMRJwcm9ncmVzc2l2ZV9yZWNpcGUBMRUAACbO6sL4-ZXmAxUCKAJDMywXQEhqn752yLQYGWRhc2hfaDI2NC1iYXNpYy1nZW4yXzcyMHARAHUAZbaeAQA&_nc_gid=PeOw1teSBuHBUZZ8Ia0RWw&_nc_ss=7f289&_nc_zt=28&oh=00_AQDUt7XG6qsVfw_E_gzyW3t7XCAYclEZCTMWmwHQwoSiUQ&oe=6A68E51B,https://scontent.fblr22-1.fna.fbcdn.net/v/t39.35426-6/740437975_2499317967219259_3224523812424701250_n.jpg?_nc_cat=101&ccb=1-7&_nc_sid=c53f8f&_nc_ohc=Fd0iPR3xrYUQ7kNvwEzVgMM&_nc_oc=Adrl6Q8XV_sOTFGCaA4thh3J7TXHX9jekPxWuPX_hcSaSv6fyRHgd2K2EWQUA-WIm9o&_nc_zt=14&_nc_ht=scontent.fblr22-1.fna&_nc_gid=PeOw1teSBuHBUZZ8Ia0RWw&_nc_ss=7f289&oh=00_AQDR5FIMDxT2hXxCOa8qRnbfKK5tHDf8HeDb9UsLFxHElg&oe=6A68F180,2026-07-28T17:21:31.000Z,2026-07-24
115,111,Lingo AI,599204246602758,Lingo AI,,IN,27171113109254491,https://www.facebook.com/ads/library/?id=27171113109254491,2026-07-03,,true,false,1,0,,2026-07-03,,"📘 Learn English easily with simple lessons 
😊 Build confidence with everyday speaking practice 
👉 Download now",👉 Download now,Download,https://speaklearnfrenchlingoai.onelink.me/Y67n?pid=metaweb_int&c={{campaign.name}}&af_c_id={{campaign.id}}&af_adset={{adset.name}}&af_adset_id={{adset.id}}&af_ad={{ad.name}}&af_ad_id={{ad.id}}&af_siteid={{site_source_name}},"Facebook,Instagram,Audience Network,Messenger,Threads","📘 Learn English easily with simple lessons 
😊 Build confidence with everyday speaking practice 
👉 Download now",👉 Download now,Download,https://speaklearnfrenchlingoai.onelink.me/Y67n?pid=metaweb_int&c={{campaign.name}}&af_c_id={{campaign.id}}&af_adset={{adset.name}}&af_adset_id={{adset.id}}&af_ad={{ad.name}}&af_ad_id={{ad.id}}&af_siteid={{site_source_name}},Video,"Facebook,Instagram,Audience Network,Messenger,Threads",1,0,9:16,https://video.fblr22-1.fna.fbcdn.net/o1/v/t2/f2/m366/AQNs-pY_YnRS-BtqQ0WQA49Dd4aJHcu58O275v27Hk78utCYsUzKhrUx2dslv_40DlGwseLJ60qYLyXWqJ71DURsajgDLTf6Mm9H_murG0tmdg.mp4?_nc_cat=106&_nc_oc=Adq1mrwZV6OUEiglZWG4kpAcFGgya56WSaQMI3NLNQGhxkonytC3hAAAIuV7gHFbwsQ&_nc_sid=b66105&_nc_ht=video.fblr22-1.fna.fbcdn.net&_nc_ohc=T1mX8W0EIkoQ7kNvwG1gkGD&efg=eyJ2ZW5jb2RlX3RhZyI6Inhwdl9wcm9ncmVzc2l2ZS5WSV9VU0VDQVNFX1BST0RVQ1RfVFlQRS4uQzMuNzIwLmRhc2hfaDI2NC1iYXNpYy1nZW4yXzcyMHAiLCJ4cHZfYXNzZXRfaWQiOjQzNzM4MjA1NTk1MzI0OTAsImFzc2V0X2FnZV9kYXlzIjoyMCwidmlfdXNlY2FzZV9pZCI6MTAxMzksImR1cmF0aW9uX3MiOjQ4LCJ1cmxnZW5fc291cmNlIjoid3d3In0%3D&ccb=17-1&vs=b453018b7e3739bd&_nc_vs=HBksFQIYRWZiX2VwaGVtZXJhbC9DQTQ1NDA1N0U0NzFBQTgyNUVBRDZBQzAwN0JGRUY5MF9tdF8xX3ZpZGVvX2Rhc2hpbml0Lm1wNBUAAsgBEgAVAhhAZmJfcGVybWFuZW50LzJGNEZCOUY4Q0Y2RDU1NzhCRDhCRThDRDQyODNDRDkxX2F1ZGlvX2Rhc2hpbml0Lm1wNBUCAsgBEgAoABgAGwKIB3VzZV9vaWwBMRJwcm9ncmVzc2l2ZV9yZWNpcGUBMRUAACaUh5nM7v3EDxUCKAJDMywXQEhIcrAgxJwYGWRhc2hfaDI2NC1iYXNpYy1nZW4yXzcyMHARAHUAZbaeAQA&_nc_gid=PeOw1teSBuHBUZZ8Ia0RWw&_nc_ss=7f289&_nc_zt=28&oh=00_AQCWRkfGm0FdMQMeo42dwGU0J4CHiX17zF-jMhbSMhsbyQ&oe=6A68F14A,https://scontent.fblr22-1.fna.fbcdn.net/v/t39.35426-6/739243869_888326850985871_4822593995715261402_n.jpg?_nc_cat=106&ccb=1-7&_nc_sid=c53f8f&_nc_ohc=G5ZDHaWLi-IQ7kNvwFJTktH&_nc_oc=AdoIjBycx6dcDk_6snV9X5Q84-l3b4CsVIz2qkSkZLzyEFQqYHLvxbHXvuf6Iy9HwM8&_nc_zt=14&_nc_ht=scontent.fblr22-1.fna&_nc_gid=PeOw1teSBuHBUZZ8Ia0RWw&_nc_ss=7f289&oh=00_AQCL0ck8r--jcgcxLt-urcldgCVwNsO3-_TUKktFjexEVA&oe=6A68D6CD,2026-07-28T18:13:30.000Z,2026-07-24
116,112,Lingo AI,599204246602758,Lingo AI,,IN,1656612325410768,https://www.facebook.com/ads/library/?id=1656612325410768,2026-07-21,,false,false,1,0,,2026-07-21,,"🌍 تعلّم الإنجليزية الحقيقية للحياة اليومية
🗣 تدرّب على التحدث من خلال دروس بسيطة
⏱ فقط 5 دقائق يوميًا
👉 حمّل التطبيق الآن",👉 حمّل التطبيق الآن,Download,https://speaklearnfrenchlingoai.onelink.me/Y67n?pid=metaweb_int&c={{campaign.name}}&af_c_id={{campaign.id}}&af_adset={{adset.name}}&af_adset_id={{adset.id}}&af_ad={{ad.name}}&af_ad_id={{ad.id}}&af_siteid={{site_source_name}},"Facebook,Instagram,Audience Network,Messenger,Threads","🌍 تعلّم الإنجليزية الحقيقية للحياة اليومية
🗣 تدرّب على التحدث من خلال دروس بسيطة
⏱ فقط 5 دقائق يوميًا
👉 حمّل التطبيق الآن",👉 حمّل التطبيق الآن,Download,https://speaklearnfrenchlingoai.onelink.me/Y67n?pid=metaweb_int&c={{campaign.name}}&af_c_id={{campaign.id}}&af_adset={{adset.name}}&af_adset_id={{adset.id}}&af_ad={{ad.name}}&af_ad_id={{ad.id}}&af_siteid={{site_source_name}},Video,"Facebook,Instagram,Audience Network,Messenger,Threads",1,0,9:16,https://video.fblr22-1.fna.fbcdn.net/o1/v/t2/f2/m366/AQMu8fWDgyCiWKLBtO1t36I-R7WvwB3e1V79F1Xgc63Cq9Ng5Vrb3E-8uH8m66XIk_G-D7zvP5gI461fULO5YZfq444NAQ9HY2ANZlA2qw8w8g.mp4?_nc_cat=106&_nc_oc=Adrv6-bEdbAG7KNQFGT7JXrXZ7FTCaYQCNvWihQRFT_-L95iOzVhFVpR_TVxQWuGEEQ&_nc_sid=b66105&_nc_ht=video.fblr22-1.fna.fbcdn.net&_nc_ohc=-y-uPvfE7z0Q7kNvwFW2_3k&efg=eyJ2ZW5jb2RlX3RhZyI6Inhwdl9wcm9ncmVzc2l2ZS5WSV9VU0VDQVNFX1BST0RVQ1RfVFlQRS4uQzMuNzIwLmRhc2hfaDI2NC1iYXNpYy1nZW4yXzcyMHAiLCJ4cHZfYXNzZXRfaWQiOjE1NzUxMjQwNzM5NzI0NTAsImFzc2V0X2FnZV9kYXlzIjo0LCJ2aV91c2VjYXNlX2lkIjoxMDEzOSwiZHVyYXRpb25fcyI6MTksInVybGdlbl9zb3VyY2UiOiJ3d3cifQ%3D%3D&ccb=17-1&vs=103ec40ca256de27&_nc_vs=HBksFQIYRWZiX2VwaGVtZXJhbC9BMTRGNUQ3OTJCMDNEQTk5ODBEOUU0QzYyQzg0M0VCQl9tdF8xX3ZpZGVvX2Rhc2hpbml0Lm1wNBUAAsgBEgAVAhhAZmJfcGVybWFuZW50LzkxNDg2MUM5MjFDNDM5Qjg1N0VFNTVGOTk5QTg0NEE0X2F1ZGlvX2Rhc2hpbml0Lm1wNBUCAsgBEgAoABgAGwKIB3VzZV9vaWwBMRJwcm9ncmVzc2l2ZV9yZWNpcGUBMRUAACbEi8DupKTMBRUCKAJDMywXQDMQ5WBBiTcYGWRhc2hfaDI2NC1iYXNpYy1nZW4yXzcyMHARAHUAZbaeAQA&_nc_gid=PeOw1teSBuHBUZZ8Ia0RWw&_nc_ss=7f289&_nc_zt=28&oh=00_AQB4-cKjnpzInCiMt4Gmy0sUOvKQtKwZ48urrm1IFTbWKw&oe=6A68F64A,https://scontent.fblr22-2.fna.fbcdn.net/v/t39.35426-6/749300811_1659732211802010_8340941794843703029_n.jpg?_nc_cat=105&ccb=1-7&_nc_sid=c53f8f&_nc_ohc=VgSuUJAYsNsQ7kNvwHBNS9F&_nc_oc=AdpZfN9vxgMGHkkHzd-Vu2qf9bjV4cvfmdgqQ7bzznKicZGK0AkPY2eU5EYXt6XGY8w&_nc_zt=14&_nc_ht=scontent.fblr22-2.fna&_nc_gid=PeOw1teSBuHBUZZ8Ia0RWw&_nc_ss=7f289&oh=00_AQDEhJ0Y-0Y6jmGvy9PsiQr5qLN51eGBpu8s92JHB_WPNg&oe=6A68E442,2026-07-28T18:34:50.000Z,2026-07-24
117,113,Lingo AI,599204246602758,Lingo AI,,IN,1389230619753354,https://www.facebook.com/ads/library/?id=1389230619753354,2026-07-20,,false,false,1,0,,2026-07-20,,"📘 Learn English easily with simple lessons 
😊 Build confidence with everyday speaking practice 
👉 Download now",👉 Download now,Download,https://speaklearnfrenchlingoai.onelink.me/Y67n?pid=metaweb_int&c={{campaign.name}}&af_c_id={{campaign.id}}&af_adset={{adset.name}}&af_adset_id={{adset.id}}&af_ad={{ad.name}}&af_ad_id={{ad.id}}&af_siteid={{site_source_name}},"Facebook,Instagram,Audience Network,Messenger,Threads","📘 Learn English easily with simple lessons 
😊 Build confidence with everyday speaking practice 
👉 Download now",👉 Download now,Download,https://speaklearnfrenchlingoai.onelink.me/Y67n?pid=metaweb_int&c={{campaign.name}}&af_c_id={{campaign.id}}&af_adset={{adset.name}}&af_adset_id={{adset.id}}&af_ad={{ad.name}}&af_ad_id={{ad.id}}&af_siteid={{site_source_name}},Video,"Facebook,Instagram,Audience Network,Messenger,Threads",1,0,9:16,https://video.fblr22-1.fna.fbcdn.net/o1/v/t2/f2/m366/AQOvxsP6W6AGm7flm4IuQjLDTtXw7Acc3iHbVdFI31YiqFsLIyNWsMmu4dlep_7P7qdN3rM5FI7VhnpJDccs_w-mk3BHSsZ7Xykuzwz_z6u20g.mp4?_nc_cat=108&_nc_oc=AdpfvyueSTVUL1-tVEuKfQa8RMNVzww5ef0_aRqQv32pJWwZr1vNVze6km5cPA-HRnM&_nc_sid=b66105&_nc_ht=video.fblr22-1.fna.fbcdn.net&_nc_ohc=CWvQdpjDQV0Q7kNvwFyXyUb&efg=eyJ2ZW5jb2RlX3RhZyI6Inhwdl9wcm9ncmVzc2l2ZS5WSV9VU0VDQVNFX1BST0RVQ1RfVFlQRS4uQzMuNzIwLmRhc2hfaDI2NC1iYXNpYy1nZW4yXzcyMHAiLCJ4cHZfYXNzZXRfaWQiOjg5NTgyNTQzMzU5OTIzOSwiYXNzZXRfYWdlX2RheXMiOjIsInZpX3VzZWNhc2VfaWQiOjEwMTM5LCJkdXJhdGlvbl9zIjo2MiwidXJsZ2VuX3NvdXJjZSI6Ind3dyJ9&ccb=17-1&vs=3c7afcbe7bdd4ded&_nc_vs=HBksFQIYRWZiX2VwaGVtZXJhbC9CQTRENUFERDVBRDgwQzM3RUExMjNBMzlCOTcwRDg5Rl9tdF8xX3ZpZGVvX2Rhc2hpbml0Lm1wNBUAAsgBEgAVAhhAZmJfcGVybWFuZW50LzBENDVEOERDMEZFQTMyODEzMDJDMDc5NkE3NEYxRTk3X2F1ZGlvX2Rhc2hpbml0Lm1wNBUCAsgBEgAoABgAGwKIB3VzZV9vaWwBMRJwcm9ncmVzc2l2ZV9yZWNpcGUBMRUAACaO9IDM86-XAxUCKAJDMywXQE9d0vGp--cYGWRhc2hfaDI2NC1iYXNpYy1nZW4yXzcyMHARAHUAZbaeAQA&_nc_gid=PeOw1teSBuHBUZZ8Ia0RWw&_nc_ss=7f289&_nc_zt=28&oh=00_AQD75GIJnmWMz0JoaVvPgZuR-pduMwv4vI1nhDbVzAPkXA&oe=6A68F260,https://scontent.fblr22-2.fna.fbcdn.net/v/t39.35426-6/751388847_1063139819991000_7981879588221268213_n.jpg?_nc_cat=105&ccb=1-7&_nc_sid=c53f8f&_nc_ohc=GfSizijG5kwQ7kNvwExzCV_&_nc_oc=Adoxz40kXdGqLxMqVMstbJrwut4tEbbkcRB28TehOCOQVM7DcG9faKu2_1mk7IQJSJ0&_nc_zt=14&_nc_ht=scontent.fblr22-2.fna&_nc_gid=PeOw1teSBuHBUZZ8Ia0RWw&_nc_ss=7f289&oh=00_AQAjjY6thmCaSku9RIXkq2WVRxO4wYOynFx_fZQT4wxlkw&oe=6A68F2B4,2026-07-28T18:18:08.000Z,2026-07-24
118,114,Lingo AI,599204246602758,Lingo AI,,IN,2449123042261541,https://www.facebook.com/ads/library/?id=2449123042261541,2026-07-22,,false,false,1,0,,2026-07-22,,"📘 Learn English easily with simple lessons 
😊 Build confidence with everyday speaking practice 
👉 Download now",👉 Download now,Download,https://speaklearnfrenchlingoai.onelink.me/Y67n?pid=metaweb_int&c={{campaign.name}}&af_c_id={{campaign.id}}&af_adset={{adset.name}}&af_adset_id={{adset.id}}&af_ad={{ad.name}}&af_ad_id={{ad.id}}&af_siteid={{site_source_name}},"Facebook,Instagram,Audience Network,Messenger,Threads","📘 Learn English easily with simple lessons 
😊 Build confidence with everyday speaking practice 
👉 Download now",👉 Download now,Download,https://speaklearnfrenchlingoai.onelink.me/Y67n?pid=metaweb_int&c={{campaign.name}}&af_c_id={{campaign.id}}&af_adset={{adset.name}}&af_adset_id={{adset.id}}&af_ad={{ad.name}}&af_ad_id={{ad.id}}&af_siteid={{site_source_name}},Video,"Facebook,Instagram,Audience Network,Messenger,Threads",1,0,9:16,https://video.fblr22-1.fna.fbcdn.net/o1/v/t2/f2/m366/AQNBMhITznokYZ4DanOU1m4-a7hNOwFR9vMCYNebnlyfaXIwnimBDn2dgaDJO60_FvJBMqnznwLM_DOLwks_-jxDBtU80vwBrcencd8QCsP74w.mp4?_nc_cat=101&_nc_oc=AdpRXX6kOqHiHkd2gGrybczUXSLQPzdXjgbx6u6HZFfm9kPA_9shTEBat0I4DUSv4Vg&_nc_sid=b66105&_nc_ht=video.fblr22-1.fna.fbcdn.net&_nc_ohc=46v5NCXO_VUQ7kNvwFzWsZo&efg=eyJ2ZW5jb2RlX3RhZyI6Inhwdl9wcm9ncmVzc2l2ZS5WSV9VU0VDQVNFX1BST0RVQ1RfVFlQRS4uQzMuNjA4LmRhc2hfaDI2NC1iYXNpYy1nZW4yXzcyMHAiLCJ4cHZfYXNzZXRfaWQiOjEzNTAzNzM2OTY2NTE5NTMsImFzc2V0X2FnZV9kYXlzIjowLCJ2aV91c2VjYXNlX2lkIjoxMDEzOSwiZHVyYXRpb25fcyI6NTksInVybGdlbl9zb3VyY2UiOiJ3d3cifQ%3D%3D&ccb=17-1&vs=f5f8d6cb8f92db21&_nc_vs=HBksFQIYRWZiX2VwaGVtZXJhbC82MjQ0OEYxODFCMkVGN0NBMDk3NUM5QzlFMTdDRkQ5Ql9tdF8xX3ZpZGVvX2Rhc2hpbml0Lm1wNBUAAsgBEgAVAhhAZmJfcGVybWFuZW50LzI2NEYxQjUxQUVFMDM0NjUyQkFENDlFRDcwRkQ0REJBX2F1ZGlvX2Rhc2hpbml0Lm1wNBUCAsgBEgAoABgAGwKIB3VzZV9vaWwBMRJwcm9ncmVzc2l2ZV9yZWNpcGUBMRUAACbiioaIjIrmBBUCKAJDMywXQE2u2RaHKwIYGWRhc2hfaDI2NC1iYXNpYy1nZW4yXzcyMHARAHUAZbaeAQA&_nc_gid=PeOw1teSBuHBUZZ8Ia0RWw&_nc_ss=7f289&_nc_zt=28&oh=00_AQAvppkMWSmje5X96KC_QCZVVJEhs0DuJOOw3VctBb3h4g&oe=6A690097,https://scontent.fblr22-1.fna.fbcdn.net/v/t39.35426-6/753707681_1564689462107393_2867618927213979537_n.jpg?_nc_cat=101&ccb=1-7&_nc_sid=c53f8f&_nc_ohc=xDj2vGrM-_4Q7kNvwGz5apr&_nc_oc=AdqLULBZ21ybQZ8525Tu87u-J-wwGCTWANdsROBUF_YgkbIaT1Vmd1i0FFG4HhSpecQ&_nc_zt=14&_nc_ht=scontent.fblr22-1.fna&_nc_gid=PeOw1teSBuHBUZZ8Ia0RWw&_nc_ss=7f289&oh=00_AQD5XOgDTJs5QtFT_n5-mJ3DBPVG8AYER5XsOPV3DUFUyA&oe=6A68D460,2026-07-28T19:18:47.000Z,2026-07-24
119,115,Lingo AI,599204246602758,Lingo AI,,IN,1335484995317484,https://www.facebook.com/ads/library/?id=1335484995317484,2026-07-22,,false,false,1,0,,2026-07-22,,"📘 Learn English easily with simple lessons 
😊 Build confidence with everyday speaking practice 
👉 Download now",👉 Download now,Download,https://speaklearnfrenchlingoai.onelink.me/Y67n?pid=metaweb_int&c={{campaign.name}}&af_c_id={{campaign.id}}&af_adset={{adset.name}}&af_adset_id={{adset.id}}&af_ad={{ad.name}}&af_ad_id={{ad.id}}&af_siteid={{site_source_name}},"Facebook,Instagram,Audience Network,Messenger,Threads","📘 Learn English easily with simple lessons 
😊 Build confidence with everyday speaking practice 
👉 Download now",👉 Download now,Download,https://speaklearnfrenchlingoai.onelink.me/Y67n?pid=metaweb_int&c={{campaign.name}}&af_c_id={{campaign.id}}&af_adset={{adset.name}}&af_adset_id={{adset.id}}&af_ad={{ad.name}}&af_ad_id={{ad.id}}&af_siteid={{site_source_name}},Video,"Facebook,Instagram,Audience Network,Messenger,Threads",1,0,9:16,https://video.fblr22-1.fna.fbcdn.net/o1/v/t2/f2/m366/AQNDJITjPVjlVufo0SVsZAv5r9bBXwdzZPqfQQrsbSu1SBdq49133nqYQ1f2MbQhjaCc2F0ZBs2OaOFjXiSX3EA13feR41XHU9JObapRWq8kGg.mp4?_nc_cat=106&_nc_oc=AdoXvUE_Mn5P3YaE8IcQEB00QOcdDh_Wo_LjkxhznIC2-Ab1rFhz9ogsydJPOYubPr8&_nc_sid=b66105&_nc_ht=video.fblr22-1.fna.fbcdn.net&_nc_ohc=M9He69XJUb8Q7kNvwHuGKqb&efg=eyJ2ZW5jb2RlX3RhZyI6Inhwdl9wcm9ncmVzc2l2ZS5WSV9VU0VDQVNFX1BST0RVQ1RfVFlQRS4uQzMuNjA4LmRhc2hfaDI2NC1iYXNpYy1nZW4yXzcyMHAiLCJ4cHZfYXNzZXRfaWQiOjEwMzIxODc1MTMwMDAzNjcsImFzc2V0X2FnZV9kYXlzIjowLCJ2aV91c2VjYXNlX2lkIjoxMDEzOSwiZHVyYXRpb25fcyI6NjEsInVybGdlbl9zb3VyY2UiOiJ3d3cifQ%3D%3D&ccb=17-1&vs=13e9f30372e907d9&_nc_vs=HBksFQIYRWZiX2VwaGVtZXJhbC85MDQwMzdGODdFRDJENEFFRjM0MjJGRUEzQTJGRDRCNF9tdF8xX3ZpZGVvX2Rhc2hpbml0Lm1wNBUAAsgBEgAVAhhAZmJfcGVybWFuZW50LzAyNDREMDAxMkFBRkIxNDc3MTZDMUI2MDA2QTlEM0I5X2F1ZGlvX2Rhc2hpbml0Lm1wNBUCAsgBEgAoABgAGwKIB3VzZV9vaWwBMRJwcm9ncmVzc2l2ZV9yZWNpcGUBMRUAACbexu6gnLHVAxUCKAJDMywXQE6IcrAgxJwYGWRhc2hfaDI2NC1iYXNpYy1nZW4yXzcyMHARAHUAZbaeAQA&_nc_gid=PeOw1teSBuHBUZZ8Ia0RWw&_nc_ss=7f289&_nc_zt=28&oh=00_AQD_L444FocUHqfM3B5NmL4tLncwJelwS15YUqF4m5oIsg&oe=6A68E0FE,https://scontent.fblr22-1.fna.fbcdn.net/v/t39.35426-6/751897826_1702175060893848_6329015577090224045_n.jpg?_nc_cat=101&ccb=1-7&_nc_sid=c53f8f&_nc_ohc=E2eo6z8tl5IQ7kNvwG8ho4k&_nc_oc=Ado3yf-sEBuMALco0ttehQfIjoSk0Fwlfev1hP_T7aMgGKCaDDOWIjmyvWmBor1MzPM&_nc_zt=14&_nc_ht=scontent.fblr22-1.fna&_nc_gid=PeOw1teSBuHBUZZ8Ia0RWw&_nc_ss=7f289&oh=00_AQCs2NjLUAmvx5kiuvTE_eTmGsj53QGQzg9x1STTb4A3eA&oe=6A69077C,2026-07-28T17:03:58.000Z,2026-07-24
120,116,Lingo AI,599204246602758,Lingo AI,,IN,1690329032226269,https://www.facebook.com/ads/library/?id=1690329032226269,2026-07-14,,true,false,1,0,,2026-07-14,,"🌟 Want to improve your English? 
📱 Learn anytime in just minutes a day 
💬 Build real speaking confidence 
👉 Download now",👉 Download now,Download,https://speaklearnfrenchlingoai.onelink.me/Y67n?pid=metaweb_int&c={{campaign.name}}&af_c_id={{campaign.id}}&af_adset={{adset.name}}&af_adset_id={{adset.id}}&af_ad={{ad.name}}&af_ad_id={{ad.id}}&af_siteid={{site_source_name}},"Facebook,Instagram,Audience Network,Messenger,Threads","🌟 Want to improve your English? 
📱 Learn anytime in just minutes a day 
💬 Build real speaking confidence 
👉 Download now",👉 Download now,Download,https://speaklearnfrenchlingoai.onelink.me/Y67n?pid=metaweb_int&c={{campaign.name}}&af_c_id={{campaign.id}}&af_adset={{adset.name}}&af_adset_id={{adset.id}}&af_ad={{ad.name}}&af_ad_id={{ad.id}}&af_siteid={{site_source_name}},Video,"Facebook,Instagram,Audience Network,Messenger,Threads",1,0,9:16,https://video.fblr22-2.fna.fbcdn.net/o1/v/t2/f2/m366/AQOHG0csm8toX8P1Wm8xKpx80nvJS0BH9ybQOl9MF1KqIkGaI4iUQWoW1hpH9BVQ5zwfne7PyhQFOyyhTda_EF4bx0IYNRhjFsUq9LsAxLhOgQ.mp4?_nc_cat=110&_nc_oc=AdqmtZjPbVbeL74xy3S5PPnAE7xJ6qnQ_uWs_OPFtw1MfeheB20zGoLbIm7bJDmCmrs&_nc_sid=b66105&_nc_ht=video.fblr22-2.fna.fbcdn.net&_nc_ohc=crmZvFIrt1cQ7kNvwHc4Uw-&efg=eyJ2ZW5jb2RlX3RhZyI6Inhwdl9wcm9ncmVzc2l2ZS5WSV9VU0VDQVNFX1BST0RVQ1RfVFlQRS4uQzMuNzIwLmRhc2hfaDI2NC1iYXNpYy1nZW4yXzcyMHAiLCJ4cHZfYXNzZXRfaWQiOjE2NDQwMzcxODAwMjA0NTAsImFzc2V0X2FnZV9kYXlzIjoxMCwidmlfdXNlY2FzZV9pZCI6MTAxMzksImR1cmF0aW9uX3MiOjIzLCJ1cmxnZW5fc291cmNlIjoid3d3In0%3D&ccb=17-1&vs=d7f7fbdd22814ad5&_nc_vs=HBksFQIYRWZiX2VwaGVtZXJhbC9DRDRBRTkzRDg4MzE3MUY1QTAyMDQ5MDY2RDIxNkZBMV9tdF8xX3ZpZGVvX2Rhc2hpbml0Lm1wNBUAAsgBEgAVAhhAZmJfcGVybWFuZW50LzQxNEU2MzVDRTc4NjkxNzUxQjhFRUExQTU3RDNBNUJFX2F1ZGlvX2Rhc2hpbml0Lm1wNBUCAsgBEgAoABgAGwKIB3VzZV9vaWwBMRJwcm9ncmVzc2l2ZV9yZWNpcGUBMRUAACbE2-bBx8_rBRUCKAJDMywXQDeqfvnbItEYGWRhc2hfaDI2NC1iYXNpYy1nZW4yXzcyMHARAHUAZbaeAQA&_nc_gid=PeOw1teSBuHBUZZ8Ia0RWw&_nc_ss=7f289&_nc_zt=28&oh=00_AQCS-SzfyolG6t-Irg_Anqayl3RgfZgWeQbIzpD0x7kVjg&oe=6A68F8B6,https://scontent.fblr22-1.fna.fbcdn.net/v/t39.35426-6/747948758_1039595585145661_1291412990052749957_n.jpg?_nc_cat=101&ccb=1-7&_nc_sid=c53f8f&_nc_ohc=qaO_WqfkedoQ7kNvwGq1rw3&_nc_oc=Adrfrw0QLl1CGuab9yRHQhhpkiXjXuKIRaw47AQAtSC7k4SNcAkHsSZvrgI_eaeB_Qs&_nc_zt=14&_nc_ht=scontent.fblr22-1.fna&_nc_gid=PeOw1teSBuHBUZZ8Ia0RWw&_nc_ss=7f289&oh=00_AQDagcdD7k9RcbyFG_phQk5Tj7Tkk34U1jcDTn_M28GloQ&oe=6A68D720,2026-07-28T18:45:10.000Z,2026-07-24
121,117,Lingo AI,599204246602758,Lingo AI,,IN,1346832780758975,https://www.facebook.com/ads/library/?id=1346832780758975,2026-07-12,,true,false,1,0,,2026-07-12,,"🌟 Want to improve your English? 
📱 Learn anytime in just minutes a day 
💬 Build real speaking confidence 
👉 Download now",👉 Download now,Download,https://speaklearnfrenchlingoai.onelink.me/Y67n?pid=metaweb_int&c={{campaign.name}}&af_c_id={{campaign.id}}&af_adset={{adset.name}}&af_adset_id={{adset.id}}&af_ad={{ad.name}}&af_ad_id={{ad.id}}&af_siteid={{site_source_name}},"Facebook,Instagram,Audience Network,Messenger,Threads","🌟 Want to improve your English? 
📱 Learn anytime in just minutes a day 
💬 Build real speaking confidence 
👉 Download now",👉 Download now,Download,https://speaklearnfrenchlingoai.onelink.me/Y67n?pid=metaweb_int&c={{campaign.name}}&af_c_id={{campaign.id}}&af_adset={{adset.name}}&af_adset_id={{adset.id}}&af_ad={{ad.name}}&af_ad_id={{ad.id}}&af_siteid={{site_source_name}},Video,"Facebook,Instagram,Audience Network,Messenger,Threads",1,0,9:16,https://video.fblr22-1.fna.fbcdn.net/o1/v/t2/f2/m366/AQOgZyqbrADufwDQqbcxGDibSCwRFB6WGN97cw_7lF3cR21U8DImou-gT-p-pLHJNGZjtzQr0sX3MCGbpOeaBAVIU84MqEgqPRnlzqhjw2LW-Q.mp4?_nc_cat=102&_nc_oc=Adpl3Xik_r3MotMTQhsSaYRjnsTN3Y0vCTwzoAk9ed_3ZDYbW0XJDls9d6lWKGJ20IY&_nc_sid=b66105&_nc_ht=video.fblr22-1.fna.fbcdn.net&_nc_ohc=ij1NwhpxlMEQ7kNvwFpAxkC&efg=eyJ2ZW5jb2RlX3RhZyI6Inhwdl9wcm9ncmVzc2l2ZS5WSV9VU0VDQVNFX1BST0RVQ1RfVFlQRS4uQzMuNzIwLmRhc2hfaDI2NC1iYXNpYy1nZW4yXzcyMHAiLCJ4cHZfYXNzZXRfaWQiOjIwOTQ4NjcxOTE0Mzk2NjQsImFzc2V0X2FnZV9kYXlzIjoxMCwidmlfdXNlY2FzZV9pZCI6MTAxMzksImR1cmF0aW9uX3MiOjQ2LCJ1cmxnZW5fc291cmNlIjoid3d3In0%3D&ccb=17-1&vs=5f777eb403331687&_nc_vs=HBksFQIYRWZiX2VwaGVtZXJhbC9COTRFN0MyRTNEOUEyMjE2QjU5NjI1QTQ4RjEwNjA5Ml9tdF8xX3ZpZGVvX2Rhc2hpbml0Lm1wNBUAAsgBEgAVAhhAZmJfcGVybWFuZW50LzYzNDFEMzEwODlGOTM0RjI3NUFENkFFRkQ4QzFCNjg4X2F1ZGlvX2Rhc2hpbml0Lm1wNBUCAsgBEgAoABgAGwKIB3VzZV9vaWwBMRJwcm9ncmVzc2l2ZV9yZWNpcGUBMRUAACbghOHsqNG4BxUCKAJDMywXQEcMzMzMzM0YGWRhc2hfaDI2NC1iYXNpYy1nZW4yXzcyMHARAHUAZbaeAQA&_nc_gid=wjIkI57MEZRdX0TzhOF4-g&_nc_ss=7f289&_nc_zt=28&oh=00_AQCHSYq_qzrfwhBbnh5JS-hb9YSsXD0OwsI31tMQgJQVwg&oe=6A6902B2,https://scontent.fblr22-1.fna.fbcdn.net/v/t39.35426-6/747723644_2100252384708249_8080745502342355682_n.jpg?_nc_cat=104&ccb=1-7&_nc_sid=c53f8f&_nc_ohc=mqoyu619Mh8Q7kNvwHNuwUZ&_nc_oc=Adp4SwA44t7sLx4PTSsOOiERU0WcKH8vHgZ-NMRf9C5dBvxbOA8adaB9VqkkKlA8EMI&_nc_zt=14&_nc_ht=scontent.fblr22-1.fna&_nc_gid=wjIkI57MEZRdX0TzhOF4-g&_nc_ss=7f289&oh=00_AQCIghXwwVua1MV2KN2NBupkB29amCbntVKXl36LebtbXw&oe=6A690556,2026-07-28T19:27:46.000Z,2026-07-24
122,118,Lingo AI,599204246602758,Lingo AI,,IN,1572318447882083,https://www.facebook.com/ads/library/?id=1572318447882083,2026-07-18,,true,false,1,0,,2026-07-18,,"📘 Learn English easily with simple lessons 
😊 Build confidence with everyday speaking practice 
👉 Download now",👉 Download now,Download,https://speaklearnfrenchlingoai.onelink.me/Y67n?pid=metaweb_int&c={{campaign.name}}&af_c_id={{campaign.id}}&af_adset={{adset.name}}&af_adset_id={{adset.id}}&af_ad={{ad.name}}&af_ad_id={{ad.id}}&af_siteid={{site_source_name}},"Facebook,Instagram,Audience Network,Messenger,Threads","📘 Learn English easily with simple lessons 
😊 Build confidence with everyday speaking practice 
👉 Download now",👉 Download now,Download,https://speaklearnfrenchlingoai.onelink.me/Y67n?pid=metaweb_int&c={{campaign.name}}&af_c_id={{campaign.id}}&af_adset={{adset.name}}&af_adset_id={{adset.id}}&af_ad={{ad.name}}&af_ad_id={{ad.id}}&af_siteid={{site_source_name}},Video,"Facebook,Instagram,Audience Network,Messenger,Threads",1,0,9:16,https://video.fblr22-1.fna.fbcdn.net/o1/v/t2/f2/m366/AQNs4x-azfvbZtnLosABtpVkGJl2vlq7SCnoHGPGGa7SfNToJ6fDhog93MGI43qw8A4yTHLPsZoYbX6tEs0mZPlW0XmBaPTydW-lK6rmeScc-A.mp4?_nc_cat=106&_nc_oc=AdqwnlrKwe1mvqBqxB6yTFpKweexTljoA0zk-ZHs2UpNgV-OC2lC4-wvL0BkaVt17-A&_nc_sid=b66105&_nc_ht=video.fblr22-1.fna.fbcdn.net&_nc_ohc=dT6_QbWhqeMQ7kNvwGOZweU&efg=eyJ2ZW5jb2RlX3RhZyI6Inhwdl9wcm9ncmVzc2l2ZS5WSV9VU0VDQVNFX1BST0RVQ1RfVFlQRS4uQzMuNzIwLmRhc2hfaDI2NC1iYXNpYy1nZW4yXzcyMHAiLCJ4cHZfYXNzZXRfaWQiOjE2MTYyMjYzODMwNDg1NTUsImFzc2V0X2FnZV9kYXlzIjo0LCJ2aV91c2VjYXNlX2lkIjoxMDEzOSwiZHVyYXRpb25fcyI6MzQsInVybGdlbl9zb3VyY2UiOiJ3d3cifQ%3D%3D&ccb=17-1&vs=75666924b816c385&_nc_vs=HBksFQIYRWZiX2VwaGVtZXJhbC9BMjQ5MTQ2NDBGODAxODdCNDBCNUYzRTFCQUE3NDRBNV9tdF8xX3ZpZGVvX2Rhc2hpbml0Lm1wNBUAAsgBEgAVAhhAZmJfcGVybWFuZW50L0U1NDAwNTUyRkZENUYzMDg5RDJGMDQ0NTRBMzE5MkE0X2F1ZGlvX2Rhc2hpbml0Lm1wNBUCAsgBEgAoABgAGwKIB3VzZV9vaWwBMRJwcm9ncmVzc2l2ZV9yZWNpcGUBMRUAACbWvYH34PzeBRUCKAJDMywXQEFqn752yLQYGWRhc2hfaDI2NC1iYXNpYy1nZW4yXzcyMHARAHUAZbaeAQA&_nc_gid=wjIkI57MEZRdX0TzhOF4-g&_nc_ss=7f289&_nc_zt=28&oh=00_AQCjjkaxCO0eJZiXt1P_WORzc0QvN91C69Tu7elgP-MnJg&oe=6A68DFD6,https://scontent.fblr22-1.fna.fbcdn.net/v/t39.35426-6/744994419_1786112642563197_1237780191918718226_n.jpg?_nc_cat=102&ccb=1-7&_nc_sid=c53f8f&_nc_ohc=lj9EX9sBoFMQ7kNvwERbRrj&_nc_oc=AdrJY391NE7Ebo22BrvtJbdHV_1dzL1ZKxj5Vv3QMmcVQ4lZFwf8yMfGmJi8M43NX_Y&_nc_zt=14&_nc_ht=scontent.fblr22-1.fna&_nc_gid=wjIkI57MEZRdX0TzhOF4-g&_nc_ss=7f289&oh=00_AQANOUjkb0Yi7LMMZXrsdJP3Ia67GpHNLy95_GVy037hCw&oe=6A68D53C,2026-07-28T16:59:02.000Z,2026-07-24
123,119,Lingo AI,599204246602758,Lingo AI,,IN,3977077162426410,https://www.facebook.com/ads/library/?id=3977077162426410,2026-07-22,,false,false,1,0,,2026-07-22,,"🌟 想提升你的英语吗？
📱 每天只需几分钟，随时随地学习
💬 建立真正的英语口语自信
👉 立即下载",👉 立即下载,Download,https://speaklearnfrenchlingoai.onelink.me/Y67n?pid=metaweb_int&c={{campaign.name}}&af_c_id={{campaign.id}}&af_adset={{adset.name}}&af_adset_id={{adset.id}}&af_ad={{ad.name}}&af_ad_id={{ad.id}}&af_siteid={{site_source_name}},"Facebook,Instagram,Audience Network,Messenger,Threads","🌟 想提升你的英语吗？
📱 每天只需几分钟，随时随地学习
💬 建立真正的英语口语自信
👉 立即下载",👉 立即下载,Download,https://speaklearnfrenchlingoai.onelink.me/Y67n?pid=metaweb_int&c={{campaign.name}}&af_c_id={{campaign.id}}&af_adset={{adset.name}}&af_adset_id={{adset.id}}&af_ad={{ad.name}}&af_ad_id={{ad.id}}&af_siteid={{site_source_name}},Video,"Facebook,Instagram,Audience Network,Messenger,Threads",1,0,9:16,https://video.fblr22-1.fna.fbcdn.net/o1/v/t2/f2/m366/AQO3ZTwtoIfstMAjEaEVOLKY4s-NgFvRtJNUgelrXJKcWhiNgTXzjAorZrUTv-rXcSuHo2SLW9PbCVwNWHwsghtvicB80h1sEX0L8oh7vPerhw.mp4?_nc_cat=102&_nc_oc=Adr9g2SbrW7KL6IwGYV31AvnlMWrzuYdFjms9MYvjTMmuXR5pPbxWBljZdzMxOISoew&_nc_sid=b66105&_nc_ht=video.fblr22-1.fna.fbcdn.net&_nc_ohc=qYUcGfUMvN4Q7kNvwG4d_8C&efg=eyJ2ZW5jb2RlX3RhZyI6Inhwdl9wcm9ncmVzc2l2ZS5WSV9VU0VDQVNFX1BST0RVQ1RfVFlQRS4uQzMuNjA4LmRhc2hfaDI2NC1iYXNpYy1nZW4yXzcyMHAiLCJ4cHZfYXNzZXRfaWQiOjI0OTcxNzYyNDQwODE4MDAsImFzc2V0X2FnZV9kYXlzIjowLCJ2aV91c2VjYXNlX2lkIjoxMDEzOSwiZHVyYXRpb25fcyI6NjAsInVybGdlbl9zb3VyY2UiOiJ3d3cifQ%3D%3D&ccb=17-1&vs=5ec8cce4ae5f616e&_nc_vs=HBksFQIYRWZiX2VwaGVtZXJhbC80QzRGMThGQ0U1NzZFMUVCRjc3MzM4MzJDM0Q5MUU5Nl9tdF8xX3ZpZGVvX2Rhc2hpbml0Lm1wNBUAAsgBEgAVAhhAZmJfcGVybWFuZW50L0YxNDIzQ0Y0RTNBNzg4OTc3RTU4QUUwNDU1MTcwRUExX2F1ZGlvX2Rhc2hpbml0Lm1wNBUCAsgBEgAoABgAGwKIB3VzZV9vaWwBMRJwcm9ncmVzc2l2ZV9yZWNpcGUBMRUAACaQ0sLv5MrvCBUCKAJDMywXQE53bItDlYEYGWRhc2hfaDI2NC1iYXNpYy1nZW4yXzcyMHARAHUAZbaeAQA&_nc_gid=wjIkI57MEZRdX0TzhOF4-g&_nc_ss=7f289&_nc_zt=28&oh=00_AQDQSUDc6YQB3Lkme6hIfY3wE6XE8meyMuSw3R9GTmgaQw&oe=6A690242,https://scontent.fblr22-2.fna.fbcdn.net/v/t39.35426-6/752620243_1762115345643754_5602683905082709398_n.jpg?_nc_cat=105&ccb=1-7&_nc_sid=c53f8f&_nc_ohc=QBZarOzcyUcQ7kNvwEBJ2fR&_nc_oc=Adpxu6LMnCdHOoDm76NTxdGZ2cWPCJQoqqKAVGqaDSuoJtdfyypC9R55o3dDzviWgfA&_nc_zt=14&_nc_ht=scontent.fblr22-2.fna&_nc_gid=wjIkI57MEZRdX0TzhOF4-g&_nc_ss=7f289&oh=00_AQALvnFw7dQK96vm4fZIoMuRIUS5beFTmVkJhQdrHsgOUA&oe=6A690675,2026-07-28T19:25:54.000Z,2026-07-24
124,120,Lingo AI,599204246602758,Lingo AI,,IN,1264112379002091,https://www.facebook.com/ads/library/?id=1264112379002091,2026-07-03,,true,false,1,0,,2026-07-03,,"📘 Learn English easily with simple lessons 
😊 Build confidence with everyday speaking practice 
👉 Download now",👉 Download now,Download,https://speaklearnfrenchlingoai.onelink.me/Y67n?pid=metaweb_int&c={{campaign.name}}&af_c_id={{campaign.id}}&af_adset={{adset.name}}&af_adset_id={{adset.id}}&af_ad={{ad.name}}&af_ad_id={{ad.id}}&af_siteid={{site_source_name}},"Facebook,Instagram,Audience Network,Messenger,Threads","📘 Learn English easily with simple lessons 
😊 Build confidence with everyday speaking practice 
👉 Download now",👉 Download now,Download,https://speaklearnfrenchlingoai.onelink.me/Y67n?pid=metaweb_int&c={{campaign.name}}&af_c_id={{campaign.id}}&af_adset={{adset.name}}&af_adset_id={{adset.id}}&af_ad={{ad.name}}&af_ad_id={{ad.id}}&af_siteid={{site_source_name}},Video,"Facebook,Instagram,Audience Network,Messenger,Threads",1,0,9:16,https://video.fblr22-1.fna.fbcdn.net/o1/v/t2/f2/m366/AQO1irSzM-fLFigjxPCnbEp6WhyjKI4uleO7BDEuY6wYIW3Ugxg9GfkzSMNbWiAaF22kD2wdil-92pWjT4vDFTFpwBmobbUq3gCPMfgRJYjS3Q.mp4?_nc_cat=109&_nc_oc=AdomKsp7fl6NFCZEvdUS9kTHDsDq6R3zb4BmmOpZPTWLjeYkg7w7FCJbo7w6Y9yZt7Y&_nc_sid=b66105&_nc_ht=video.fblr22-1.fna.fbcdn.net&_nc_ohc=lQVJrLqR0tQQ7kNvwGO9ecO&efg=eyJ2ZW5jb2RlX3RhZyI6Inhwdl9wcm9ncmVzc2l2ZS5WSV9VU0VDQVNFX1BST0RVQ1RfVFlQRS4uQzMuNzIwLmRhc2hfaDI2NC1iYXNpYy1nZW4yXzcyMHAiLCJ4cHZfYXNzZXRfaWQiOjE3NzAwMzUzNzc1MTg0NTcsImFzc2V0X2FnZV9kYXlzIjoyMCwidmlfdXNlY2FzZV9pZCI6MTAxMzksImR1cmF0aW9uX3MiOjQ4LCJ1cmxnZW5fc291cmNlIjoid3d3In0%3D&ccb=17-1&vs=b15cd9107542452d&_nc_vs=HBksFQIYRWZiX2VwaGVtZXJhbC83QzQ5QTA0MjdFODgwRUI2NDg4MkM2NjVDMTAxMUJBOV9tdF8xX3ZpZGVvX2Rhc2hpbml0Lm1wNBUAAsgBEgAVAhhAZmJfcGVybWFuZW50LzMyNEIxNjJENDJFNjRCRkM0NDc0RkE0RTBDNUQ0NUFFX2F1ZGlvX2Rhc2hpbml0Lm1wNBUCAsgBEgAoABgAGwKIB3VzZV9vaWwBMRJwcm9ncmVzc2l2ZV9yZWNpcGUBMRUAACby3dWez_WkBhUCKAJDMywXQEhIcrAgxJwYGWRhc2hfaDI2NC1iYXNpYy1nZW4yXzcyMHARAHUAZbaeAQA&_nc_gid=wjIkI57MEZRdX0TzhOF4-g&_nc_ss=7f289&_nc_zt=28&oh=00_AQCAqi_9JCbmsHN1Dq38qfMFbMkfPdICtjhYGiIYQiWbdg&oe=6A68FE0B,https://scontent.fblr22-1.fna.fbcdn.net/v/t39.35426-6/739355221_2912842355723759_5905822077030972159_n.jpg?_nc_cat=101&ccb=1-7&_nc_sid=c53f8f&_nc_ohc=gJ04VH4LSgsQ7kNvwGDSZ84&_nc_oc=Adpi7Pl8eD9tCWWwIToUoENAjLXMzLzsyeHZv3NET0wl3t3qmTsRqIBpPY-PHQAovy4&_nc_zt=14&_nc_ht=scontent.fblr22-1.fna&_nc_gid=wjIkI57MEZRdX0TzhOF4-g&_nc_ss=7f289&oh=00_AQCdz_zctnMupMmJuC2pehFdlLcUVbDRERis9p6wrP6eHg&oe=6A68FB19,2026-07-28T19:07:55.000Z,2026-07-24
125,121,Lingo AI,599204246602758,Lingo AI,,IN,1550825906643768,https://www.facebook.com/ads/library/?id=1550825906643768,2026-07-16,,true,false,1,0,,2026-07-16,,"📘 Learn English easily with simple lessons 
😊 Build confidence with everyday speaking practice 
👉 Download now",👉 Download now,Download,https://speaklearnfrenchlingoai.onelink.me/Y67n?pid=metaweb_int&c={{campaign.name}}&af_c_id={{campaign.id}}&af_adset={{adset.name}}&af_adset_id={{adset.id}}&af_ad={{ad.name}}&af_ad_id={{ad.id}}&af_siteid={{site_source_name}},"Facebook,Instagram,Audience Network,Messenger,Threads","📘 Learn English easily with simple lessons 
😊 Build confidence with everyday speaking practice 
👉 Download now",👉 Download now,Download,https://speaklearnfrenchlingoai.onelink.me/Y67n?pid=metaweb_int&c={{campaign.name}}&af_c_id={{campaign.id}}&af_adset={{adset.name}}&af_adset_id={{adset.id}}&af_ad={{ad.name}}&af_ad_id={{ad.id}}&af_siteid={{site_source_name}},Video,"Facebook,Instagram,Audience Network,Messenger,Threads",1,0,9:16,https://video.fblr22-1.fna.fbcdn.net/o1/v/t2/f2/m366/AQMbwSU6GY_X4rDDgBy1uideqPh78SefI72irRnlKItAQhsQHW9j5WCl-gR6BUaUJrnP74WYztrdW4e5D9iy6N1YPAsDSWybFxOjUhccrkSAMA.mp4?_nc_cat=104&_nc_oc=Adp_oF8F1dXehHjgwbS2AWNycnnV-2MDPvPTsOnPvYaNM991XowXtSl3gDbvMa3Nytg&_nc_sid=b66105&_nc_ht=video.fblr22-1.fna.fbcdn.net&_nc_ohc=jMqgzDS6mfoQ7kNvwGie1rl&efg=eyJ2ZW5jb2RlX3RhZyI6Inhwdl9wcm9ncmVzc2l2ZS5WSV9VU0VDQVNFX1BST0RVQ1RfVFlQRS4uQzMuNzIwLmRhc2hfaDI2NC1iYXNpYy1nZW4yXzcyMHAiLCJ4cHZfYXNzZXRfaWQiOjEwMDQ4NzY1MTU4NTYxNjIsImFzc2V0X2FnZV9kYXlzIjoxMywidmlfdXNlY2FzZV9pZCI6MTAxMzksImR1cmF0aW9uX3MiOjQ3LCJ1cmxnZW5fc291cmNlIjoid3d3In0%3D&ccb=17-1&vs=229d12e4bc3836d8&_nc_vs=HBksFQIYRWZiX2VwaGVtZXJhbC8xMTQwMjVCQzRBQTUxQTRGRTM1OUNBNzJGM0EyQjM5Nl9tdF8xX3ZpZGVvX2Rhc2hpbml0Lm1wNBUAAsgBEgAVAhhAZmJfcGVybWFuZW50LzNENDI1NzZCRkE5NjlGNTNEN0NENUE2MjgxMEExQzhFX2F1ZGlvX2Rhc2hpbml0Lm1wNBUCAsgBEgAoABgAGwKIB3VzZV9vaWwBMRJwcm9ncmVzc2l2ZV9yZWNpcGUBMRUAACbEvKq8wfvIAxUCKAJDMywXQEeVP3ztkWgYGWRhc2hfaDI2NC1iYXNpYy1nZW4yXzcyMHARAHUAZbaeAQA&_nc_gid=wjIkI57MEZRdX0TzhOF4-g&_nc_ss=7f289&_nc_zt=28&oh=00_AQCSY6AG9m1OtFm0cUyxEQqTCFZAmSKq61eqB8PxlxXO-w&oe=6A68D70C,https://scontent.fblr22-1.fna.fbcdn.net/v/t39.35426-6/744782814_1322976739995890_7275720049238711496_n.jpg?_nc_cat=109&ccb=1-7&_nc_sid=c53f8f&_nc_ohc=t_wuX67mRa8Q7kNvwFOyRov&_nc_oc=AdotRMUj0lw2qIZbwg_xDm31YX86sts82XZfyYHteg656gmdsUF593ZW1uoNnvR4rkE&_nc_zt=14&_nc_ht=scontent.fblr22-1.fna&_nc_gid=wjIkI57MEZRdX0TzhOF4-g&_nc_ss=7f289&oh=00_AQCgNhnZh7V8S9x0S8zmIGsPDjc2Hm5vaLMYF85appyp6g&oe=6A68DA36,2026-07-28T16:21:32.000Z,2026-07-24
126,122,Lingo AI,599204246602758,Lingo AI,,IN,1657700126071438,https://www.facebook.com/ads/library/?id=1657700126071438,2026-07-22,,false,false,1,0,,2026-07-22,,"📘 Learn English easily with simple lessons 
😊 Build confidence with everyday speaking practice 
👉 Download now",👉 Download now,Download,https://speaklearnfrenchlingoai.onelink.me/Y67n?pid=metaweb_int&c={{campaign.name}}&af_c_id={{campaign.id}}&af_adset={{adset.name}}&af_adset_id={{adset.id}}&af_ad={{ad.name}}&af_ad_id={{ad.id}}&af_siteid={{site_source_name}},"Facebook,Instagram,Audience Network,Messenger,Threads","📘 Learn English easily with simple lessons 
😊 Build confidence with everyday speaking practice 
👉 Download now",👉 Download now,Download,https://speaklearnfrenchlingoai.onelink.me/Y67n?pid=metaweb_int&c={{campaign.name}}&af_c_id={{campaign.id}}&af_adset={{adset.name}}&af_adset_id={{adset.id}}&af_ad={{ad.name}}&af_ad_id={{ad.id}}&af_siteid={{site_source_name}},Video,"Facebook,Instagram,Audience Network,Messenger,Threads",1,0,9:16,https://video.fblr22-1.fna.fbcdn.net/o1/v/t2/f2/m366/AQNO33K81jobdAAUMvQqdFgdx_8hm4DkV6F5GIfKi93SOQajyvENsUZRU9fAlrFqk1e5JI1N7bItQsL-Wa5c0VrOvVO8p_0BkZt7MsGSB4G-xg.mp4?_nc_cat=108&_nc_oc=AdrV8WRAM-SbAJ_GA53XKqsLfU2uyti6BxwodgfqL9stOyLXkURJlzKbqyKOmKCWfoc&_nc_sid=b66105&_nc_ht=video.fblr22-1.fna.fbcdn.net&_nc_ohc=oAH-9ZBZ1OYQ7kNvwEN3WYh&efg=eyJ2ZW5jb2RlX3RhZyI6Inhwdl9wcm9ncmVzc2l2ZS5WSV9VU0VDQVNFX1BST0RVQ1RfVFlQRS4uQzMuNjA4LmRhc2hfaDI2NC1iYXNpYy1nZW4yXzcyMHAiLCJ4cHZfYXNzZXRfaWQiOjEwMzc4Nzk5MTU2NjE0MTIsImFzc2V0X2FnZV9kYXlzIjowLCJ2aV91c2VjYXNlX2lkIjoxMDEzOSwiZHVyYXRpb25fcyI6MjYsInVybGdlbl9zb3VyY2UiOiJ3d3cifQ%3D%3D&ccb=17-1&vs=4b7572cc55e3ce7a&_nc_vs=HBksFQIYRWZiX2VwaGVtZXJhbC9DRjRFN0I3MjQzMTZDMUU3NUQ0QkQxNkQzNUZENDI4OV9tdF8xX3ZpZGVvX2Rhc2hpbml0Lm1wNBUAAsgBEgAVAhhAZmJfcGVybWFuZW50L0YyNENCRDU0RjA4MjQ3MDE4NjFCQTgxMjQ1MTlDRjk3X2F1ZGlvX2Rhc2hpbml0Lm1wNBUCAsgBEgAoABgAGwKIB3VzZV9vaWwBMRJwcm9ncmVzc2l2ZV9yZWNpcGUBMRUAACbIoYr7x_zXAxUCKAJDMywXQDqQ5WBBiTcYGWRhc2hfaDI2NC1iYXNpYy1nZW4yXzcyMHARAHUAZbaeAQA&_nc_gid=wjIkI57MEZRdX0TzhOF4-g&_nc_ss=7f289&_nc_zt=28&oh=00_AQD86HN2bioud3jLqw_MO0tW2sRuY9y9KH1w6kQBPMyhyA&oe=6A68FBDC,https://scontent.fblr22-2.fna.fbcdn.net/v/t39.35426-6/755872152_4588747208024695_4006458242185573189_n.jpg?_nc_cat=110&ccb=1-7&_nc_sid=c53f8f&_nc_ohc=13oM9Rs86oEQ7kNvwHTZV7w&_nc_oc=Adqn9wS1m5yEMWZrvfPajJc5ZUFMH1IYAu6Rdi1GWoA1EXVCjAWvZtzRFDPwHUyGyL8&_nc_zt=14&_nc_ht=scontent.fblr22-2.fna&_nc_gid=wjIkI57MEZRdX0TzhOF4-g&_nc_ss=7f289&oh=00_AQCMXRCDUzi5JcuV7aKRpJULTfcfgXgOd9Y0WoURiXcuyQ&oe=6A68D75F,2026-07-28T18:58:36.000Z,2026-07-24
127,123,Lingo AI,599204246602758,Lingo AI,,IN,2582755122144483,https://www.facebook.com/ads/library/?id=2582755122144483,2026-07-14,,true,false,1,0,,2026-07-14,,"🌟 Want to improve your English? 
📱 Learn anytime in just minutes a day 
💬 Build real speaking confidence 
👉 Download now",👉 Download now,Download,https://speaklearnfrenchlingoai.onelink.me/Y67n?pid=metaweb_int&c={{campaign.name}}&af_c_id={{campaign.id}}&af_adset={{adset.name}}&af_adset_id={{adset.id}}&af_ad={{ad.name}}&af_ad_id={{ad.id}}&af_siteid={{site_source_name}},"Facebook,Instagram,Audience Network,Messenger,Threads","🌟 Want to improve your English? 
📱 Learn anytime in just minutes a day 
💬 Build real speaking confidence 
👉 Download now",👉 Download now,Download,https://speaklearnfrenchlingoai.onelink.me/Y67n?pid=metaweb_int&c={{campaign.name}}&af_c_id={{campaign.id}}&af_adset={{adset.name}}&af_adset_id={{adset.id}}&af_ad={{ad.name}}&af_ad_id={{ad.id}}&af_siteid={{site_source_name}},Video,"Facebook,Instagram,Audience Network,Messenger,Threads",1,0,9:16,https://video.fblr22-1.fna.fbcdn.net/o1/v/t2/f2/m366/AQOyhvvLzrmXWMBj8LfA3v26hspHRuFnMWAKtc07XMOfQqj4QfXKCBbF39G5ex81ae2qA4OdrAwNfEmK4bx29xrdwC_0LaUFVO9P7Khlter4uQ.mp4?_nc_cat=104&_nc_oc=AdopyQMj7b6BKReAFz6iplFtGDKgOM2soYqLSBAIERo_DGKqJ1PmAmQA37RM9-x0Uqs&_nc_sid=b66105&_nc_ht=video.fblr22-1.fna.fbcdn.net&_nc_ohc=7NHBfVLgvFcQ7kNvwGSlzSq&efg=eyJ2ZW5jb2RlX3RhZyI6Inhwdl9wcm9ncmVzc2l2ZS5WSV9VU0VDQVNFX1BST0RVQ1RfVFlQRS4uQzMuNzIwLmRhc2hfaDI2NC1iYXNpYy1nZW4yXzcyMHAiLCJ4cHZfYXNzZXRfaWQiOjEwMjk3NTI4OTI5NzExNTksImFzc2V0X2FnZV9kYXlzIjoxMCwidmlfdXNlY2FzZV9pZCI6MTAxMzksImR1cmF0aW9uX3MiOjI3LCJ1cmxnZW5fc291cmNlIjoid3d3In0%3D&ccb=17-1&vs=b54d4ddf23deaf36&_nc_vs=HBksFQIYRWZiX2VwaGVtZXJhbC8yMTQ3N0M2RDQxRUQwMDdBNkI3MUNGQTUxREQxRDRBOF9tdF8xX3ZpZGVvX2Rhc2hpbml0Lm1wNBUAAsgBEgAVAhhAZmJfcGVybWFuZW50LzFBNEExQTI1QUQzN0NCNkI4NDNDMDU3RkM5Njg0Mjk0X2F1ZGlvX2Rhc2hpbml0Lm1wNBUCAsgBEgAoABgAGwKIB3VzZV9vaWwBMRJwcm9ncmVzc2l2ZV9yZWNpcGUBMRUAACau4qL2wKPUAxUCKAJDMywXQDuqfvnbItEYGWRhc2hfaDI2NC1iYXNpYy1nZW4yXzcyMHARAHUAZbaeAQA&_nc_gid=wjIkI57MEZRdX0TzhOF4-g&_nc_ss=7f289&_nc_zt=28&oh=00_AQDNOpOcb6g9QJAan3FrO1TF4ock0lzJq0TrpiviMDlGAQ&oe=6A68F024,https://scontent.fblr22-2.fna.fbcdn.net/v/t39.35426-6/748829608_1913451906006347_8931056426344132348_n.jpg?_nc_cat=105&ccb=1-7&_nc_sid=c53f8f&_nc_ohc=2bLPc6qoC-oQ7kNvwE6k1P7&_nc_oc=AdpqOAn3GPp1TluTa727TnESjIzneaALE7rp56gBBufbe_iC42-oSc0emNvIM7W5_og&_nc_zt=14&_nc_ht=scontent.fblr22-2.fna&_nc_gid=wjIkI57MEZRdX0TzhOF4-g&_nc_ss=7f289&oh=00_AQBrrwH14Rc-_wi1S-ipgT_fMEFooY_h5738xL-iZsM_OA&oe=6A69077F,2026-07-28T18:08:36.000Z,2026-07-24
128,124,Lingo AI,599204246602758,Lingo AI,,IN,979926591690487,https://www.facebook.com/ads/library/?id=979926591690487,2026-07-14,,true,false,1,0,,2026-07-14,,"🌟 Want to improve your English? 
📱 Learn anytime in just minutes a day 
💬 Build real speaking confidence 
👉 Download now",👉 Download now,Download,https://speaklearnfrenchlingoai.onelink.me/Y67n?pid=metaweb_int&c={{campaign.name}}&af_c_id={{campaign.id}}&af_adset={{adset.name}}&af_adset_id={{adset.id}}&af_ad={{ad.name}}&af_ad_id={{ad.id}}&af_siteid={{site_source_name}},"Facebook,Instagram,Audience Network,Messenger,Threads","🌟 Want to improve your English? 
📱 Learn anytime in just minutes a day 
💬 Build real speaking confidence 
👉 Download now",👉 Download now,Download,https://speaklearnfrenchlingoai.onelink.me/Y67n?pid=metaweb_int&c={{campaign.name}}&af_c_id={{campaign.id}}&af_adset={{adset.name}}&af_adset_id={{adset.id}}&af_ad={{ad.name}}&af_ad_id={{ad.id}}&af_siteid={{site_source_name}},Video,"Facebook,Instagram,Audience Network,Messenger,Threads",1,0,9:16,https://video.fblr22-2.fna.fbcdn.net/o1/v/t2/f2/m366/AQM70gE5Kt4r34OH5oH5cV0728rfsD0lkugR6SpiJNQwTNN7ZICFZECnxICKarAbXbbK1Uc0IyMgSlmh74kY9TUen--d_5ZTKkmyTAKL-SnCXQ.mp4?_nc_cat=100&_nc_oc=AdpWTAJzdn_5cGSyAGKPVINpnaDb1BFHF-b0frUqTLoyVTG_tPxElm8uF72bfSD9ON8&_nc_sid=b66105&_nc_ht=video.fblr22-2.fna.fbcdn.net&_nc_ohc=qcruP7ioKusQ7kNvwF96mH7&efg=eyJ2ZW5jb2RlX3RhZyI6Inhwdl9wcm9ncmVzc2l2ZS5WSV9VU0VDQVNFX1BST0RVQ1RfVFlQRS4uQzMuNzIwLmRhc2hfaDI2NC1iYXNpYy1nZW4yXzcyMHAiLCJ4cHZfYXNzZXRfaWQiOjMyNTIwMTE1OTE2NTgyMzQsImFzc2V0X2FnZV9kYXlzIjoxMCwidmlfdXNlY2FzZV9pZCI6MTAxMzksImR1cmF0aW9uX3MiOjI4LCJ1cmxnZW5fc291cmNlIjoid3d3In0%3D&ccb=17-1&vs=3234819fd991220e&_nc_vs=HBksFQIYRWZiX2VwaGVtZXJhbC84NTQxRjdGRUZFMzUwREY0NTZCOTIxQTFGMERFRTlCNl9tdF8xX3ZpZGVvX2Rhc2hpbml0Lm1wNBUAAsgBEgAVAhhAZmJfcGVybWFuZW50LzhDNDM5ODlDMkU3MjU3MzM1MDNBOTIzRkRFNUM0RThFX2F1ZGlvX2Rhc2hpbml0Lm1wNBUCAsgBEgAoABgAGwKIB3VzZV9vaWwBMRJwcm9ncmVzc2l2ZV9yZWNpcGUBMRUAACb0q8-7_uvGCxUCKAJDMywXQDxdsi0OVgQYGWRhc2hfaDI2NC1iYXNpYy1nZW4yXzcyMHARAHUAZbaeAQA&_nc_gid=wjIkI57MEZRdX0TzhOF4-g&_nc_ss=7f289&_nc_zt=28&oh=00_AQDS6NnmKHipTe4GKV_qBJAWUJAtQN3KfFEK92cxShzyGA&oe=6A68E794,https://scontent.fblr22-1.fna.fbcdn.net/v/t39.35426-6/748614865_27504031482612282_4934365494979001358_n.jpg?_nc_cat=101&ccb=1-7&_nc_sid=c53f8f&_nc_ohc=us0qKW70-4cQ7kNvwFtND7C&_nc_oc=Adqe_arCBAe68FzKtQuDFvGlRIGzz5YYBuFulbIiY4YMMBdkRlr7LM2lQRtE68KhXYM&_nc_zt=14&_nc_ht=scontent.fblr22-1.fna&_nc_gid=wjIkI57MEZRdX0TzhOF4-g&_nc_ss=7f289&oh=00_AQDHsCBoUvdfOOzcbW994-g2w4MQt4RlFAuWtOY2oYfDww&oe=6A68DC22,2026-07-28T17:32:04.000Z,2026-07-24
129,125,Lingo AI,599204246602758,Lingo AI,,IN,2278125376375222,https://www.facebook.com/ads/library/?id=2278125376375222,2026-07-12,,true,false,1,0,,2026-07-12,,"🌟 Want to improve your English? 
📱 Learn anytime in just minutes a day 
💬 Build real speaking confidence 
👉 Download now",👉 Download now,Download,https://speaklearnfrenchlingoai.onelink.me/Y67n?pid=metaweb_int&c={{campaign.name}}&af_c_id={{campaign.id}}&af_adset={{adset.name}}&af_adset_id={{adset.id}}&af_ad={{ad.name}}&af_ad_id={{ad.id}}&af_siteid={{site_source_name}},"Facebook,Instagram,Audience Network,Messenger,Threads","🌟 Want to improve your English? 
📱 Learn anytime in just minutes a day 
💬 Build real speaking confidence 
👉 Download now",👉 Download now,Download,https://speaklearnfrenchlingoai.onelink.me/Y67n?pid=metaweb_int&c={{campaign.name}}&af_c_id={{campaign.id}}&af_adset={{adset.name}}&af_adset_id={{adset.id}}&af_ad={{ad.name}}&af_ad_id={{ad.id}}&af_siteid={{site_source_name}},Video,"Facebook,Instagram,Audience Network,Messenger,Threads",1,0,9:16,https://video.fblr22-1.fna.fbcdn.net/o1/v/t2/f2/m366/AQP6i9WrSNTxjnAcM-h3xpDRjT8m2bh5nIpoR3xZAmkkP05m0clOgTuiVRM97YrRMF0cTJs9wpsK1PYq04Pr6koY5ufFkNOzAa-e2OlrVeUfUA.mp4?_nc_cat=104&_nc_oc=Ado9-KbV63SUyiddSAZN9jlnghPlLWtbekdw1D09sZPeAXcLPS8LRONMEcC1o-kOkaQ&_nc_sid=b66105&_nc_ht=video.fblr22-1.fna.fbcdn.net&_nc_ohc=IWvAIA74Jy8Q7kNvwGacYkv&efg=eyJ2ZW5jb2RlX3RhZyI6Inhwdl9wcm9ncmVzc2l2ZS5WSV9VU0VDQVNFX1BST0RVQ1RfVFlQRS4uQzMuNzIwLmRhc2hfaDI2NC1iYXNpYy1nZW4yXzcyMHAiLCJ4cHZfYXNzZXRfaWQiOjEwNTA4NDk4ODQxNzA1MDQsImFzc2V0X2FnZV9kYXlzIjoxMCwidmlfdXNlY2FzZV9pZCI6MTAxMzksImR1cmF0aW9uX3MiOjQ2LCJ1cmxnZW5fc291cmNlIjoid3d3In0%3D&ccb=17-1&vs=df475bc5ddae3fd&_nc_vs=HBksFQIYRWZiX2VwaGVtZXJhbC80RDQ5QTkxQzA1MzlDMjc5OTUyRjQ2NDlDOUZDQkY4N19tdF8xX3ZpZGVvX2Rhc2hpbml0Lm1wNBUAAsgBEgAVAhhAZmJfcGVybWFuZW50L0RGNDUyQjBDNjVGNTUwNzk5RkU1RDJBRTAzRkMzNEI3X2F1ZGlvX2Rhc2hpbml0Lm1wNBUCAsgBEgAoABgAGwKIB3VzZV9vaWwBMRJwcm9ncmVzc2l2ZV9yZWNpcGUBMRUAACaQpPfgwe_dAxUCKAJDMywXQEcMzMzMzM0YGWRhc2hfaDI2NC1iYXNpYy1nZW4yXzcyMHARAHUAZbaeAQA&_nc_gid=wjIkI57MEZRdX0TzhOF4-g&_nc_ss=7f289&_nc_zt=28&oh=00_AQAQc8rNuKf1LjunomNZ7hbj5Z5W_8G85BrxhMiWDmG2ZQ&oe=6A690850,https://scontent.fblr22-2.fna.fbcdn.net/v/t39.35426-6/747515224_1519435466038965_5671213001130783412_n.jpg?_nc_cat=100&ccb=1-7&_nc_sid=c53f8f&_nc_ohc=gNIIOKCA_EYQ7kNvwGQr9_a&_nc_oc=AdofZlWIX7thFIcrpIB0eadlwVI2EeB_ph4hoxuwFbPGAx4f_x07TwjCMKq1tV4ODzE&_nc_zt=14&_nc_ht=scontent.fblr22-2.fna&_nc_gid=wjIkI57MEZRdX0TzhOF4-g&_nc_ss=7f289&oh=00_AQADaq58TJ_uma0h7PqxA3qF8f07WGWaGM0oNX6R6r_82Q&oe=6A68EF73,2026-07-28T19:51:44.000Z,2026-07-24
130,126,Lingo AI,599204246602758,Lingo AI,,IN,1429359822416826,https://www.facebook.com/ads/library/?id=1429359822416826,2026-07-16,,true,false,1,0,,2026-07-16,,"📘 Learn English easily with simple lessons 
😊 Build confidence with everyday speaking practice 
👉 Download now",👉 Download now,Download,https://speaklearnfrenchlingoai.onelink.me/Y67n?pid=metaweb_int&c={{campaign.name}}&af_c_id={{campaign.id}}&af_adset={{adset.name}}&af_adset_id={{adset.id}}&af_ad={{ad.name}}&af_ad_id={{ad.id}}&af_siteid={{site_source_name}},"Facebook,Instagram,Audience Network,Messenger,Threads","📘 Learn English easily with simple lessons 
😊 Build confidence with everyday speaking practice 
👉 Download now",👉 Download now,Download,https://speaklearnfrenchlingoai.onelink.me/Y67n?pid=metaweb_int&c={{campaign.name}}&af_c_id={{campaign.id}}&af_adset={{adset.name}}&af_adset_id={{adset.id}}&af_ad={{ad.name}}&af_ad_id={{ad.id}}&af_siteid={{site_source_name}},Video,"Facebook,Instagram,Audience Network,Messenger,Threads",1,0,9:16,https://video.fblr22-2.fna.fbcdn.net/o1/v/t2/f2/m366/AQNBuTVFMt71btJCyYq9D9IRvU1wtYFGB7qBQAuWB7_MoGLLwe7MZH0INjo8z_0jm8OAOUn5VdJwqeSAc9S6zlMvJXO6mfExrRuL4OWWcGRFzQ.mp4?_nc_cat=100&_nc_oc=AdocughOJPusa9M5k1n4OlGAqD0unBib0nl-hyEqOluev5JfDrnvtcKqMEJarkKkvuc&_nc_sid=b66105&_nc_ht=video.fblr22-2.fna.fbcdn.net&_nc_ohc=ou4-GgeH6_cQ7kNvwFNaBHs&efg=eyJ2ZW5jb2RlX3RhZyI6Inhwdl9wcm9ncmVzc2l2ZS5WSV9VU0VDQVNFX1BST0RVQ1RfVFlQRS4uQzMuNzIwLmRhc2hfaDI2NC1iYXNpYy1nZW4yXzcyMHAiLCJ4cHZfYXNzZXRfaWQiOjE1NjUwMzU3MTg1MTAwNTMsImFzc2V0X2FnZV9kYXlzIjo2LCJ2aV91c2VjYXNlX2lkIjoxMDEzOSwiZHVyYXRpb25fcyI6NDgsInVybGdlbl9zb3VyY2UiOiJ3d3cifQ%3D%3D&ccb=17-1&vs=33b4169ecc19cd7a&_nc_vs=HBksFQIYRWZiX2VwaGVtZXJhbC9CRDRFOUI2Q0RGMDFGMDMwOUJCNkE0QjE4MkNDOTdBNV9tdF8xX3ZpZGVvX2Rhc2hpbml0Lm1wNBUAAsgBEgAVAhhAZmJfcGVybWFuZW50L0JDNDkwMTE0NUQwQjQ5NTM2QjZEN0Q3RDZDNEVEMkJDX2F1ZGlvX2Rhc2hpbml0Lm1wNBUCAsgBEgAoABgAGwKIB3VzZV9vaWwBMRJwcm9ncmVzc2l2ZV9yZWNpcGUBMRUAACbKl4DhiNnHBRUCKAJDMywXQEhIcrAgxJwYGWRhc2hfaDI2NC1iYXNpYy1nZW4yXzcyMHARAHUAZbaeAQA&_nc_gid=wjIkI57MEZRdX0TzhOF4-g&_nc_ss=7f289&_nc_zt=28&oh=00_AQA3z2Uhji6tViD6D9kafDr9FWJyKPeqtmLwxeOZkdiv8w&oe=6A68E2A8,https://scontent.fblr22-1.fna.fbcdn.net/v/t39.35426-6/749767417_1010003178505610_9125873776048673164_n.jpg?_nc_cat=109&ccb=1-7&_nc_sid=c53f8f&_nc_ohc=7UNr56FmgXUQ7kNvwEyEdnD&_nc_oc=Adpjw2SqIZ5uULHcApX02C-vfH3gO1O8u_Pb71cKTssED-XiG6qEMj2Ia3QSH7fVZN8&_nc_zt=14&_nc_ht=scontent.fblr22-1.fna&_nc_gid=wjIkI57MEZRdX0TzhOF4-g&_nc_ss=7f289&oh=00_AQD_2Kc0reVaSneWG9JrRvryh65sTmj0_mYgYHZnQREFOw&oe=6A68E6AF,2026-07-28T17:11:04.000Z,2026-07-24
131,127,Lingo AI,599204246602758,Lingo AI,,IN,1370379875027468,https://www.facebook.com/ads/library/?id=1370379875027468,2026-07-22,,false,false,1,0,,2026-07-22,,"📘 Learn English easily with simple lessons 
😊 Build confidence with everyday speaking practice 
👉 Download now",👉 Download now,Download,https://speaklearnfrenchlingoai.onelink.me/Y67n?pid=metaweb_int&c={{campaign.name}}&af_c_id={{campaign.id}}&af_adset={{adset.name}}&af_adset_id={{adset.id}}&af_ad={{ad.name}}&af_ad_id={{ad.id}}&af_siteid={{site_source_name}},"Facebook,Instagram,Audience Network,Messenger,Threads","📘 Learn English easily with simple lessons 
😊 Build confidence with everyday speaking practice 
👉 Download now",👉 Download now,Download,https://speaklearnfrenchlingoai.onelink.me/Y67n?pid=metaweb_int&c={{campaign.name}}&af_c_id={{campaign.id}}&af_adset={{adset.name}}&af_adset_id={{adset.id}}&af_ad={{ad.name}}&af_ad_id={{ad.id}}&af_siteid={{site_source_name}},Video,"Facebook,Instagram,Audience Network,Messenger,Threads",1,0,9:16,https://video.fblr22-2.fna.fbcdn.net/o1/v/t2/f2/m366/AQPT7sZ_Mypv9IuNcY4zNb1AM_SmgYkZusc5vOOiF9UsWhXqaaBhTH3nNntGKQeroTeLqrpgbfmSN8peT2IIuBNKoC6q_3nP-LjYY4CiXvK-cA.mp4?_nc_cat=107&_nc_oc=AdrOCNCT70I43pU7zBVkZq4LaJZKSS0cGMNE1FVyl3UyyAKj7rjMj45ZGQOyKtWuY-I&_nc_sid=b66105&_nc_ht=video.fblr22-2.fna.fbcdn.net&_nc_ohc=iTkgW89JXKwQ7kNvwFiEamx&efg=eyJ2ZW5jb2RlX3RhZyI6Inhwdl9wcm9ncmVzc2l2ZS5WSV9VU0VDQVNFX1BST0RVQ1RfVFlQRS4uQzMuNjA4LmRhc2hfaDI2NC1iYXNpYy1nZW4yXzcyMHAiLCJ4cHZfYXNzZXRfaWQiOjk5MjY3ODg5NzA5ODEyMiwiYXNzZXRfYWdlX2RheXMiOjAsInZpX3VzZWNhc2VfaWQiOjEwMTM5LCJkdXJhdGlvbl9zIjo1OSwidXJsZ2VuX3NvdXJjZSI6Ind3dyJ9&ccb=17-1&vs=24b208b379715f0c&_nc_vs=HBksFQIYRWZiX2VwaGVtZXJhbC9BMDQyRjYyQkZFMTAxM0UxMEQyMDZENzMxQUNBMjhCN19tdF8xX3ZpZGVvX2Rhc2hpbml0Lm1wNBUAAsgBEgAVAhhAZmJfcGVybWFuZW50LzJGNDM0RTdFNjk0QzQ0Q0UxMzE3NkIyMjgxOEMwRTlBX2F1ZGlvX2Rhc2hpbml0Lm1wNBUCAsgBEgAoABgAGwKIB3VzZV9vaWwBMRJwcm9ncmVzc2l2ZV9yZWNpcGUBMRUAACaU9syQwrXDAxUCKAJDMywXQE2AAAAAAAAYGWRhc2hfaDI2NC1iYXNpYy1nZW4yXzcyMHARAHUAZbaeAQA&_nc_gid=uCgyO1rsUsLu-tqKMsigbA&_nc_ss=7f289&_nc_zt=28&oh=00_AQAQsI01YQyf90HXs4kIWHHC8nvOaOGT7GHdm4oMgW0SiA&oe=6A68D309,https://scontent.fblr22-1.fna.fbcdn.net/v/t39.35426-6/751805175_1046212951153630_4566315764227797976_n.jpg?_nc_cat=102&ccb=1-7&_nc_sid=c53f8f&_nc_ohc=AMpSEAw4XCgQ7kNvwH_AWrv&_nc_oc=AdqFTBKvsXDCEWf_gOlAiA9M1qR4CTIyUT5yYupROEkJXA97pJmDx8wf1x0QnjMA8d4&_nc_zt=14&_nc_ht=scontent.fblr22-1.fna&_nc_gid=uCgyO1rsUsLu-tqKMsigbA&_nc_ss=7f289&oh=00_AQAZJ0pUYfb_f-pMJFqwc_L1pFITsuoLEpf3FZIzx-XnVQ&oe=6A68FDA2,2026-07-28T16:04:25.000Z,2026-07-24
132,128,Lingo AI,599204246602758,Lingo AI,,IN,1635215360918989,https://www.facebook.com/ads/library/?id=1635215360918989,2026-06-17,,true,false,1,0,,2026-06-17,,"📘 Learn English easily with simple lessons 
😊 Build confidence with everyday speaking practice 
👉 Download now",👉 Download now,Download,https://speaklearnfrenchlingoai.onelink.me/Y67n?pid=metaweb_int&c={{campaign.name}}&af_c_id={{campaign.id}}&af_adset={{adset.name}}&af_adset_id={{adset.id}}&af_ad={{ad.name}}&af_ad_id={{ad.id}}&af_siteid={{site_source_name}},"Facebook,Instagram,Audience Network,Messenger,Threads","📘 Learn English easily with simple lessons 
😊 Build confidence with everyday speaking practice 
👉 Download now",👉 Download now,Download,https://speaklearnfrenchlingoai.onelink.me/Y67n?pid=metaweb_int&c={{campaign.name}}&af_c_id={{campaign.id}}&af_adset={{adset.name}}&af_adset_id={{adset.id}}&af_ad={{ad.name}}&af_ad_id={{ad.id}}&af_siteid={{site_source_name}},Video,"Facebook,Instagram,Audience Network,Messenger,Threads",1,0,9:16,https://video.fblr22-2.fna.fbcdn.net/o1/v/t2/f2/m366/AQM2UUH0u8cIh16dc-dxS18gCXkwlXLG30BWcurHkJrnaAOc08HpzVMOns-KBscu7QY_nBbkbg3S4UdDxUGT_5Ig3vOQ3GQjp2yRXJPsZ8Br2A.mp4?_nc_cat=110&_nc_oc=Adqvw0Dxf0iNpoEagmXr-aiihjVHmRxxhDw173ePu49p-EAn9D019Hk9Q3h9PbSzNgA&_nc_sid=b66105&_nc_ht=video.fblr22-2.fna.fbcdn.net&_nc_ohc=SvW9MDSobYYQ7kNvwGsJdk6&efg=eyJ2ZW5jb2RlX3RhZyI6Inhwdl9wcm9ncmVzc2l2ZS5WSV9VU0VDQVNFX1BST0RVQ1RfVFlQRS4uQzMuNjA4LmRhc2hfaDI2NC1iYXNpYy1nZW4yXzcyMHAiLCJ4cHZfYXNzZXRfaWQiOjE3Mjk5Njc5NTE3ODUwNjAsImFzc2V0X2FnZV9kYXlzIjo0NSwidmlfdXNlY2FzZV9pZCI6MTAxMzksImR1cmF0aW9uX3MiOjI5LCJ1cmxnZW5fc291cmNlIjoid3d3In0%3D&ccb=17-1&vs=a579241c4ad9e299&_nc_vs=HBksFQIYRWZiX2VwaGVtZXJhbC81QTQ0NEIxQjI1NjdDNUEzRDQ2RkVENjYwOTJFQUQ4Rl9tdF8xX3ZpZGVvX2Rhc2hpbml0Lm1wNBUAAsgBEgAVAhhAZmJfcGVybWFuZW50Lzc5NDhCNDBFQjBCMDQ2MTRGNUI1NjNDMUUwNTg1QjhEX2F1ZGlvX2Rhc2hpbml0Lm1wNBUCAsgBEgAoABgAGwKIB3VzZV9vaWwBMRJwcm9ncmVzc2l2ZV9yZWNpcGUBMRUAACbIsenTsdmSBhUCKAJDMywXQD27peNT988YGWRhc2hfaDI2NC1iYXNpYy1nZW4yXzcyMHARAHUAZbaeAQA&_nc_gid=uCgyO1rsUsLu-tqKMsigbA&_nc_ss=7f289&_nc_zt=28&oh=00_AQDXZ4084EdG0HiZTxzymqlD2dWTIucG_sVqBXoQ4uVN4Q&oe=6A68D5E6,https://scontent.fblr22-2.fna.fbcdn.net/v/t39.35426-6/723624946_1048706871058218_8185705288274246381_n.jpg?_nc_cat=110&ccb=1-7&_nc_sid=c53f8f&_nc_ohc=dnYNjxp_dz4Q7kNvwF3oVzI&_nc_oc=Adr9HR2B_LNYRyQO_U63lpf-tzMJoBJ0A0YcoayNEI8W16SKEgK1IDWSweqog3nx7tw&_nc_zt=14&_nc_ht=scontent.fblr22-2.fna&_nc_gid=uCgyO1rsUsLu-tqKMsigbA&_nc_ss=7f289&oh=00_AQBKndJU_kvVjrcL7nuRj1J2rjHBI-Z_j29okpuhbf8hHg&oe=6A68E52D,2026-07-28T16:16:38.000Z,2026-07-24
133,129,Lingo AI,599204246602758,Lingo AI,,IN,1040658981947120,https://www.facebook.com/ads/library/?id=1040658981947120,2026-07-22,,false,false,1,0,,2026-07-22,,"📘 Learn English easily with simple lessons 
😊 Build confidence with everyday speaking practice 
👉 Download now",👉 Download now,Download,https://speaklearnfrenchlingoai.onelink.me/Y67n?pid=metaweb_int&c={{campaign.name}}&af_c_id={{campaign.id}}&af_adset={{adset.name}}&af_adset_id={{adset.id}}&af_ad={{ad.name}}&af_ad_id={{ad.id}}&af_siteid={{site_source_name}},"Facebook,Instagram,Audience Network,Messenger,Threads","📘 Learn English easily with simple lessons 
😊 Build confidence with everyday speaking practice 
👉 Download now",👉 Download now,Download,https://speaklearnfrenchlingoai.onelink.me/Y67n?pid=metaweb_int&c={{campaign.name}}&af_c_id={{campaign.id}}&af_adset={{adset.name}}&af_adset_id={{adset.id}}&af_ad={{ad.name}}&af_ad_id={{ad.id}}&af_siteid={{site_source_name}},Video,"Facebook,Instagram,Audience Network,Messenger,Threads",1,0,9:16,https://video.fblr22-2.fna.fbcdn.net/o1/v/t2/f2/m366/AQNea45xx6UH5ElJJM_dPZAXuIDQqRpeWJc7pNp_b2I9tndlcP5avxhtzhk4XICfh3_RvIrlhgpdEwgs3Cg5cuiyIWoQRetu3r6kGGMiJJfe-Q.mp4?_nc_cat=105&_nc_oc=AdpfAKvr59GmQKrJYbEHOWW8HmsrO1GzVghawQRbrdjgB5kNQ8NYKOVGjV4N5aDpdtE&_nc_sid=b66105&_nc_ht=video.fblr22-2.fna.fbcdn.net&_nc_ohc=ge65tHgGeocQ7kNvwETSXmv&efg=eyJ2ZW5jb2RlX3RhZyI6Inhwdl9wcm9ncmVzc2l2ZS5WSV9VU0VDQVNFX1BST0RVQ1RfVFlQRS4uQzMuNjA4LmRhc2hfaDI2NC1iYXNpYy1nZW4yXzcyMHAiLCJ4cHZfYXNzZXRfaWQiOjE1ODkwNjIyMDk0NTkxMzgsImFzc2V0X2FnZV9kYXlzIjowLCJ2aV91c2VjYXNlX2lkIjoxMDEzOSwiZHVyYXRpb25fcyI6MjYsInVybGdlbl9zb3VyY2UiOiJ3d3cifQ%3D%3D&ccb=17-1&vs=8bc6d54f8bb21ca4&_nc_vs=HBksFQIYRWZiX2VwaGVtZXJhbC9DRjQ2Mjk5RkJENkNBRUVENEVCMDE2MTA1ODAyMzI5OF9tdF8xX3ZpZGVvX2Rhc2hpbml0Lm1wNBUAAsgBEgAVAhhAZmJfcGVybWFuZW50LzNCNDMzQ0E0RUYyMjUxRUEwQzkwNTcyQzVCQTc0QkFFX2F1ZGlvX2Rhc2hpbml0Lm1wNBUCAsgBEgAoABgAGwKIB3VzZV9vaWwBMRJwcm9ncmVzc2l2ZV9yZWNpcGUBMRUAACaEz6qIzM_SBRUCKAJDMywXQDqIcrAgxJwYGWRhc2hfaDI2NC1iYXNpYy1nZW4yXzcyMHARAHUAZbaeAQA&_nc_gid=uCgyO1rsUsLu-tqKMsigbA&_nc_ss=7f289&_nc_zt=28&oh=00_AQBHsuM9pkS9Igc53bBK6VWFM3b-BQ1QqlB5DXGGRl4ukg&oe=6A68DA1F,https://scontent.fblr22-2.fna.fbcdn.net/v/t39.35426-6/754015716_1038463278910003_6566000224052619299_n.jpg?_nc_cat=107&ccb=1-7&_nc_sid=c53f8f&_nc_ohc=sZkHcMI2NVYQ7kNvwFoe0a5&_nc_oc=Adod_a07JTsPSwZSfF_IFI9_IxXVLGhKZspFDFWkv2jwvQlHREJObYZJA_DJzafT1Es&_nc_zt=14&_nc_ht=scontent.fblr22-2.fna&_nc_gid=uCgyO1rsUsLu-tqKMsigbA&_nc_ss=7f289&oh=00_AQBYY5kYjyxsJRrm6Op1O1wvgEWGm6C5WO4XVHeKRbXaKA&oe=6A68E046,2026-07-28T16:34:39.000Z,2026-07-24
134,130,Lingo AI,599204246602758,Lingo AI,,IN,1360591792698190,https://www.facebook.com/ads/library/?id=1360591792698190,2026-07-09,,true,false,1,0,,2026-07-09,,"🌍 Learn real English for everyday life 
🗣 Practice speaking with simple lessons 
⏱ Just 5 minutes a day 
👉 Download now",👉 Download now,Download,https://speaklearnfrenchlingoai.onelink.me/Y67n?pid=metaweb_int&c={{campaign.name}}&af_c_id={{campaign.id}}&af_adset={{adset.name}}&af_adset_id={{adset.id}}&af_ad={{ad.name}}&af_ad_id={{ad.id}}&af_siteid={{site_source_name}},"Facebook,Instagram,Audience Network,Messenger,Threads","🌍 Learn real English for everyday life 
🗣 Practice speaking with simple lessons 
⏱ Just 5 minutes a day 
👉 Download now",👉 Download now,Download,https://speaklearnfrenchlingoai.onelink.me/Y67n?pid=metaweb_int&c={{campaign.name}}&af_c_id={{campaign.id}}&af_adset={{adset.name}}&af_adset_id={{adset.id}}&af_ad={{ad.name}}&af_ad_id={{ad.id}}&af_siteid={{site_source_name}},Video,"Facebook,Instagram,Audience Network,Messenger,Threads",1,0,9:16,https://video.fblr22-2.fna.fbcdn.net/o1/v/t2/f2/m366/AQOxhe4PcfaGMpp3X_vr8to11jvt2gpUkidYmlHaf4v4KR28EBun6Mc-nBPCkKlaX8a3cz-3YZ68DHj8TfaxTTuem0SQsa7NLNnmQIMYvvKnfg.mp4?_nc_cat=110&_nc_oc=AdqGV8dZg4JeXZOr5DjJ2gEFSqxbyuc15_mmSnG9rBWfnIYeVXeRIw5fygO6aVDJkOs&_nc_sid=b66105&_nc_ht=video.fblr22-2.fna.fbcdn.net&_nc_ohc=KDLLQlIGahIQ7kNvwGVw30o&efg=eyJ2ZW5jb2RlX3RhZyI6Inhwdl9wcm9ncmVzc2l2ZS5WSV9VU0VDQVNFX1BST0RVQ1RfVFlQRS4uQzMuNzIwLmRhc2hfaDI2NC1iYXNpYy1nZW4yXzcyMHAiLCJ4cHZfYXNzZXRfaWQiOjE0MzY1Njg4NDgyNzk3ODAsImFzc2V0X2FnZV9kYXlzIjoxNywidmlfdXNlY2FzZV9pZCI6MTAxMzksImR1cmF0aW9uX3MiOjMxLCJ1cmxnZW5fc291cmNlIjoid3d3In0%3D&ccb=17-1&vs=5faadb95ae6a4052&_nc_vs=HBksFQIYRWZiX2VwaGVtZXJhbC8xRTQ4MTM0NjdGQkZGMzlCRjYxNTkyOTcyMTc0QjY4Ml9tdF8xX3ZpZGVvX2Rhc2hpbml0Lm1wNBUAAsgBEgAVAhhAZmJfcGVybWFuZW50LzNFNDFFMDEyNkI4RTkwRTNEQzVENDUxRjJFNzQ2Njk0X2F1ZGlvX2Rhc2hpbml0Lm1wNBUCAsgBEgAoABgAGwKIB3VzZV9vaWwBMRJwcm9ncmVzc2l2ZV9yZWNpcGUBMRUAACbIo63-p6ONBRUCKAJDMywXQD_dsi0OVgQYGWRhc2hfaDI2NC1iYXNpYy1nZW4yXzcyMHARAHUAZbaeAQA&_nc_gid=uCgyO1rsUsLu-tqKMsigbA&_nc_ss=7f289&_nc_zt=28&oh=00_AQCVcUdTuAAtzroSMEiNP_uU44aNa1n5gFCdC-MzUQHYZQ&oe=6A68F9CA,https://scontent.fblr22-2.fna.fbcdn.net/v/t39.35426-6/741324579_1011413868426362_2917780859446266767_n.jpg?_nc_cat=100&ccb=1-7&_nc_sid=c53f8f&_nc_ohc=92h6S7s-G7kQ7kNvwGi7C6N&_nc_oc=Adpf2S3k4Ga2tcOERGkKq1157gbK73Ndt5l066muUOSdazhs5zeGZvdzT7S4exvzvMU&_nc_zt=14&_nc_ht=scontent.fblr22-2.fna&_nc_gid=uCgyO1rsUsLu-tqKMsigbA&_nc_ss=7f289&oh=00_AQCP1GZhssGvPkqUXj5XAquO4Nw6xaJtFcx0EdV5DCJL2Q&oe=6A68D74E,2026-07-28T18:49:46.000Z,2026-07-24
135,131,Lingo AI,599204246602758,Lingo AI,,IN,1679975973286060,https://www.facebook.com/ads/library/?id=1679975973286060,2026-07-12,,true,false,1,0,,2026-07-12,,"🌟 Want to improve your English? 
📱 Learn anytime in just minutes a day 
💬 Build real speaking confidence 
👉 Download now",👉 Download now,Download,https://speaklearnfrenchlingoai.onelink.me/Y67n?pid=metaweb_int&c={{campaign.name}}&af_c_id={{campaign.id}}&af_adset={{adset.name}}&af_adset_id={{adset.id}}&af_ad={{ad.name}}&af_ad_id={{ad.id}}&af_siteid={{site_source_name}},"Facebook,Instagram,Audience Network,Messenger,Threads","🌟 Want to improve your English? 
📱 Learn anytime in just minutes a day 
💬 Build real speaking confidence 
👉 Download now",👉 Download now,Download,https://speaklearnfrenchlingoai.onelink.me/Y67n?pid=metaweb_int&c={{campaign.name}}&af_c_id={{campaign.id}}&af_adset={{adset.name}}&af_adset_id={{adset.id}}&af_ad={{ad.name}}&af_ad_id={{ad.id}}&af_siteid={{site_source_name}},Video,"Facebook,Instagram,Audience Network,Messenger,Threads",1,0,9:16,https://video.fblr22-1.fna.fbcdn.net/o1/v/t2/f2/m366/AQPRO6f9jNgLPxyIUpJOs68txAPmjGLcCTyeq26pUrRf8P0fH-1KHyQnbBbIg0sr7pfP6Nu8HmUDKf0sY-KPvnkdFhL0bEfHwXAsiTueUYlCHQ.mp4?_nc_cat=109&_nc_oc=AdqHC0pN3febX4MYgVg--l4f9mthIDIvPB5MahKNDq2aSxaPr4RY6HB8fIlEPXTO83g&_nc_sid=b66105&_nc_ht=video.fblr22-1.fna.fbcdn.net&_nc_ohc=3ZBfbh1m01IQ7kNvwEVEGNK&efg=eyJ2ZW5jb2RlX3RhZyI6Inhwdl9wcm9ncmVzc2l2ZS5WSV9VU0VDQVNFX1BST0RVQ1RfVFlQRS4uQzMuNzIwLmRhc2hfaDI2NC1iYXNpYy1nZW4yXzcyMHAiLCJ4cHZfYXNzZXRfaWQiOjEzNDMwMDMxMTEzMzUwNjgsImFzc2V0X2FnZV9kYXlzIjoxMCwidmlfdXNlY2FzZV9pZCI6MTAxMzksImR1cmF0aW9uX3MiOjQ2LCJ1cmxnZW5fc291cmNlIjoid3d3In0%3D&ccb=17-1&vs=152ed5c43cd3d6c0&_nc_vs=HBksFQIYRWZiX2VwaGVtZXJhbC83RjRCNTQyNzA2MzQxQTFGMjBDNjNBRDE0NDIxRTdBN19tdF8xX3ZpZGVvX2Rhc2hpbml0Lm1wNBUAAsgBEgAVAhhAZmJfcGVybWFuZW50L0M5NDYxQTFDMEUyRDlGMTZERTkzNEE3RjVBQTI5RTg3X2F1ZGlvX2Rhc2hpbml0Lm1wNBUCAsgBEgAoABgAGwKIB3VzZV9vaWwBMRJwcm9ncmVzc2l2ZV9yZWNpcGUBMRUAACa4kpH2iN3iBBUCKAJDMywXQEcMzMzMzM0YGWRhc2hfaDI2NC1iYXNpYy1nZW4yXzcyMHARAHUAZbaeAQA&_nc_gid=uCgyO1rsUsLu-tqKMsigbA&_nc_ss=7f289&_nc_zt=28&oh=00_AQC2Fxqp7iHNwrLA-16Nc9Hrbr89iRJis7TIGYHYFv1Gvg&oe=6A68DA53,https://scontent.fblr22-1.fna.fbcdn.net/v/t39.35426-6/743995800_1255019499935204_3395830768937187107_n.jpg?_nc_cat=109&ccb=1-7&_nc_sid=c53f8f&_nc_ohc=MkPlkVpRnUsQ7kNvwHSKt80&_nc_oc=AdqSDXx5CAPS-VIKB_dNZ6zfb6KZAQ-IXnIMTlBv02HSaYPZqWaOPdO6V2AXqip6IZM&_nc_zt=14&_nc_ht=scontent.fblr22-1.fna&_nc_gid=uCgyO1rsUsLu-tqKMsigbA&_nc_ss=7f289&oh=00_AQDbfn8LJLX5ErbKHVFx5yKSmY523v3YBN9z6UBHoJApHQ&oe=6A68E2F9,2026-07-28T16:35:31.000Z,2026-07-24
136,132,Lingo AI,599204246602758,Lingo AI,,IN,2178731249574043,https://www.facebook.com/ads/library/?id=2178731249574043,2026-07-21,,true,false,1,0,,2026-07-21,,"📘 Learn English easily with simple lessons 
😊 Build confidence with everyday speaking practice 
👉 Download now",👉 Download now,Download,https://speaklearnfrenchlingoai.onelink.me/Y67n?pid=metaweb_int&c={{campaign.name}}&af_c_id={{campaign.id}}&af_adset={{adset.name}}&af_adset_id={{adset.id}}&af_ad={{ad.name}}&af_ad_id={{ad.id}}&af_siteid={{site_source_name}},"Facebook,Instagram,Audience Network,Messenger,Threads","📘 Learn English easily with simple lessons 
😊 Build confidence with everyday speaking practice 
👉 Download now",👉 Download now,Download,https://speaklearnfrenchlingoai.onelink.me/Y67n?pid=metaweb_int&c={{campaign.name}}&af_c_id={{campaign.id}}&af_adset={{adset.name}}&af_adset_id={{adset.id}}&af_ad={{ad.name}}&af_ad_id={{ad.id}}&af_siteid={{site_source_name}},Video,"Facebook,Instagram,Audience Network,Messenger,Threads",1,0,9:16,https://video.fblr22-2.fna.fbcdn.net/o1/v/t2/f2/m366/AQO2XQAAx_HDLtDM3YgBJ-z_i6MQsqwnUuPaET3Gb0QhJlkLqYFetH9Q5ARocBCvnt7c55a2QT4xk3pccgBf-GBowKN06H9pusXb66o-lwjz6w.mp4?_nc_cat=111&_nc_oc=AdrXVmnMEk51_YjfkBXvGny_c1AOEkBLAFYalj9naXqIFNHltRO1bKGtm74aS4hu0mo&_nc_sid=b66105&_nc_ht=video.fblr22-2.fna.fbcdn.net&_nc_ohc=Z6O6w2DirBAQ7kNvwGQgFDv&efg=eyJ2ZW5jb2RlX3RhZyI6Inhwdl9wcm9ncmVzc2l2ZS5WSV9VU0VDQVNFX1BST0RVQ1RfVFlQRS4uQzMuNzIwLmRhc2hfaDI2NC1iYXNpYy1nZW4yXzcyMHAiLCJ4cHZfYXNzZXRfaWQiOjE3MzUxMjI2NjQyOTMzODIsImFzc2V0X2FnZV9kYXlzIjoxLCJ2aV91c2VjYXNlX2lkIjoxMDEzOSwiZHVyYXRpb25fcyI6MzAsInVybGdlbl9zb3VyY2UiOiJ3d3cifQ%3D%3D&ccb=17-1&vs=fb4749de143cee3d&_nc_vs=HBksFQIYRWZiX2VwaGVtZXJhbC8wNTQ0NTFEODg4ODVGMEIyN0M5MTE1N0UyQ0I4NEQ4MF9tdF8xX3ZpZGVvX2Rhc2hpbml0Lm1wNBUAAsgBEgAVAhhAZmJfcGVybWFuZW50LzhFNEQyN0JDM0JGQUEwRjRGODFEQUQyRkZCNTFDMzhCX2F1ZGlvX2Rhc2hpbml0Lm1wNBUCAsgBEgAoABgAGwKIB3VzZV9vaWwBMRJwcm9ncmVzc2l2ZV9yZWNpcGUBMRUAACaMkOCgt4WVBhUCKAJDMywXQD5dsi0OVgQYGWRhc2hfaDI2NC1iYXNpYy1nZW4yXzcyMHARAHUAZbaeAQA&_nc_gid=uCgyO1rsUsLu-tqKMsigbA&_nc_ss=7f289&_nc_zt=28&oh=00_AQATUkviM-nSr2LBp2YEqRLJg-umuNyEHBGRckM4JhNJ2A&oe=6A68F645,https://scontent.fblr22-1.fna.fbcdn.net/v/t39.35426-6/751388879_27414624031493974_2134051575066180482_n.jpg?_nc_cat=101&ccb=1-7&_nc_sid=c53f8f&_nc_ohc=qk_PAeOGUVkQ7kNvwEu7_SN&_nc_oc=AdoNR1Y3dRuOoV7VmoWJXT6pyx9VpOlQF4DrVubPOzkOVNgEN6fNC7fKdIH8KVgUH2w&_nc_zt=14&_nc_ht=scontent.fblr22-1.fna&_nc_gid=uCgyO1rsUsLu-tqKMsigbA&_nc_ss=7f289&oh=00_AQCV__KxJK8jeKKpfJnTmwyixJsV33pWMsP5XmBnS1DBmQ&oe=6A69035B,2026-07-28T18:34:45.000Z,2026-07-24
137,133,Lingo AI,599204246602758,Lingo AI,,IN,1336796828521409,https://www.facebook.com/ads/library/?id=1336796828521409,2026-07-20,,true,false,1,0,,2026-07-20,,"📘 Learn English easily with simple lessons 
😊 Build confidence with everyday speaking practice 
👉 Download now",👉 Download now,Download,https://speaklearnfrenchlingoai.onelink.me/Y67n?pid=metaweb_int&c={{campaign.name}}&af_c_id={{campaign.id}}&af_adset={{adset.name}}&af_adset_id={{adset.id}}&af_ad={{ad.name}}&af_ad_id={{ad.id}}&af_siteid={{site_source_name}},"Facebook,Instagram,Audience Network,Messenger,Threads","📘 Learn English easily with simple lessons 
😊 Build confidence with everyday speaking practice 
👉 Download now",👉 Download now,Download,https://speaklearnfrenchlingoai.onelink.me/Y67n?pid=metaweb_int&c={{campaign.name}}&af_c_id={{campaign.id}}&af_adset={{adset.name}}&af_adset_id={{adset.id}}&af_ad={{ad.name}}&af_ad_id={{ad.id}}&af_siteid={{site_source_name}},Video,"Facebook,Instagram,Audience Network,Messenger,Threads",1,0,9:16,https://video.fblr22-2.fna.fbcdn.net/o1/v/t2/f2/m366/AQND5UQcVJyRgOoTup2EiIt0oWeFVMqHkZw2jkmtMM42LzBVfp2H9TjF2UkiRDnx0Px1wwqW17JB3vhyMYGHDdL-5lsNu0Qj_-uLin6m0gTDwg.mp4?_nc_cat=107&_nc_oc=AdobVo_jntGkODYxv_efB9AJaWnh09UrECps7MaKuPiuP2JGh_sMvk43jn_RIoFdYmo&_nc_sid=b66105&_nc_ht=video.fblr22-2.fna.fbcdn.net&_nc_ohc=S_A2D5MB8-0Q7kNvwEysW3j&efg=eyJ2ZW5jb2RlX3RhZyI6Inhwdl9wcm9ncmVzc2l2ZS5WSV9VU0VDQVNFX1BST0RVQ1RfVFlQRS4uQzMuNzIwLmRhc2hfaDI2NC1iYXNpYy1nZW4yXzcyMHAiLCJ4cHZfYXNzZXRfaWQiOjI3OTg1MTg3NDgxMDk3NjE4LCJhc3NldF9hZ2VfZGF5cyI6MiwidmlfdXNlY2FzZV9pZCI6MTAxMzksImR1cmF0aW9uX3MiOjYzLCJ1cmxnZW5fc291cmNlIjoid3d3In0%3D&ccb=17-1&vs=596e6e90b98f2b6e&_nc_vs=HBksFQIYRWZiX2VwaGVtZXJhbC9FMDQ0MzNFRUMxOTkzNjY1RkRFMUQ3MkM1NjRERjJCQV9tdF8xX3ZpZGVvX2Rhc2hpbml0Lm1wNBUAAsgBEgAVAhhAZmJfcGVybWFuZW50LzAzNDg1Q0RGRDA0RDkyNUMwMkU5QUI1RUEzODBDQzkxX2F1ZGlvX2Rhc2hpbml0Lm1wNBUCAsgBEgAoABgAGwKIB3VzZV9vaWwBMRJwcm9ncmVzc2l2ZV9yZWNpcGUBMRUAACak1sTsppi2YxUCKAJDMywXQE-3bItDlYEYGWRhc2hfaDI2NC1iYXNpYy1nZW4yXzcyMHARAHUAZbaeAQA&_nc_gid=uCgyO1rsUsLu-tqKMsigbA&_nc_ss=7f289&_nc_zt=28&oh=00_AQBDp4H7eFQ_uKyxzr8VEe0OYt4W6uCnxtogZ6QsvphM7Q&oe=6A68D219,https://scontent.fblr22-1.fna.fbcdn.net/v/t39.35426-6/750582915_2037047200505675_6790008264604510000_n.jpg?_nc_cat=102&ccb=1-7&_nc_sid=c53f8f&_nc_ohc=xkWWwKhoB4UQ7kNvwFnnw3g&_nc_oc=AdqS6Aw5LBxeHCD2amevGqJAGjTKyn0FJcjowTDKtgYhQCtK5HvG0gsYE2CQwpl4adw&_nc_zt=14&_nc_ht=scontent.fblr22-1.fna&_nc_gid=uCgyO1rsUsLu-tqKMsigbA&_nc_ss=7f289&oh=00_AQAQ52mTrr3R_CgzE37PeFZxbYvd8kH6gL_W5QC6xbrpRw&oe=6A68F8D2,2026-07-28T16:00:25.000Z,2026-07-24
138,134,Lingo AI,599204246602758,Lingo AI,,IN,1714331036379545,https://www.facebook.com/ads/library/?id=1714331036379545,2026-07-22,,false,false,1,0,,2026-07-22,,"📘 Learn English easily with simple lessons 
😊 Build confidence with everyday speaking practice 
👉 Download now",👉 Download now,Download,https://speaklearnfrenchlingoai.onelink.me/Y67n?pid=metaweb_int&c={{campaign.name}}&af_c_id={{campaign.id}}&af_adset={{adset.name}}&af_adset_id={{adset.id}}&af_ad={{ad.name}}&af_ad_id={{ad.id}}&af_siteid={{site_source_name}},"Facebook,Instagram,Audience Network,Messenger,Threads","📘 Learn English easily with simple lessons 
😊 Build confidence with everyday speaking practice 
👉 Download now",👉 Download now,Download,https://speaklearnfrenchlingoai.onelink.me/Y67n?pid=metaweb_int&c={{campaign.name}}&af_c_id={{campaign.id}}&af_adset={{adset.name}}&af_adset_id={{adset.id}}&af_ad={{ad.name}}&af_ad_id={{ad.id}}&af_siteid={{site_source_name}},Video,"Facebook,Instagram,Audience Network,Messenger,Threads",1,0,9:16,https://video.fblr22-1.fna.fbcdn.net/o1/v/t2/f2/m366/AQOI9XAIcMPe92_Zgwg7yfDtEOpbxFWo8DOllIb-b7hPs3DujVddsaen4dDw1b4ErzROrmXuwop96nqCaRYjXrkDjRjakqPLEDI4oxZOoh9tTw.mp4?_nc_cat=101&_nc_oc=Adp1Ug5i-9Kr-onsj8jKHJuScEZxCk5D7GIHk5TAKHevBvuG-0c12wSxedQah-iBax8&_nc_sid=b66105&_nc_ht=video.fblr22-1.fna.fbcdn.net&_nc_ohc=uo2UiicQkSUQ7kNvwEzzTPz&efg=eyJ2ZW5jb2RlX3RhZyI6Inhwdl9wcm9ncmVzc2l2ZS5WSV9VU0VDQVNFX1BST0RVQ1RfVFlQRS4uQzMuNjA4LmRhc2hfaDI2NC1iYXNpYy1nZW4yXzcyMHAiLCJ4cHZfYXNzZXRfaWQiOjIxMDI5NzQ3MDA1OTgzMzgsImFzc2V0X2FnZV9kYXlzIjowLCJ2aV91c2VjYXNlX2lkIjoxMDEzOSwiZHVyYXRpb25fcyI6MzQsInVybGdlbl9zb3VyY2UiOiJ3d3cifQ%3D%3D&ccb=17-1&vs=8a76f43b9a037b35&_nc_vs=HBksFQIYRWZiX2VwaGVtZXJhbC9FNzQ3REYwMDQ0MjZDMEMwRkVGMUZCMENEMTlDNEI5NV9tdF8xX3ZpZGVvX2Rhc2hpbml0Lm1wNBUAAsgBEgAVAhhAZmJfcGVybWFuZW50L0I2NEQ5QTM2QzlGMjlCMkEyNzkzQThDMzc0NUE0M0EzX2F1ZGlvX2Rhc2hpbml0Lm1wNBUCAsgBEgAoABgAGwKIB3VzZV9vaWwBMRJwcm9ncmVzc2l2ZV9yZWNpcGUBMRUAACaE0YHAnqm8BxUCKAJDMywXQEEu2RaHKwIYGWRhc2hfaDI2NC1iYXNpYy1nZW4yXzcyMHARAHUAZbaeAQA&_nc_gid=uCgyO1rsUsLu-tqKMsigbA&_nc_ss=7f289&_nc_zt=28&oh=00_AQBecNcKPr5LvjBqihsKwqFaAL_9oh2BhrdzOW3lVZ4-PA&oe=6A69052B,https://scontent.fblr22-2.fna.fbcdn.net/v/t39.35426-6/754798352_1019325944226875_6637136697864649755_n.jpg?_nc_cat=110&ccb=1-7&_nc_sid=c53f8f&_nc_ohc=0SeSTvh988kQ7kNvwG6_J0F&_nc_oc=AdoVgMh21OiYo4WbL3tzvDnsgukImwrXO0npM8kf0_r-H2CSpeeJDVPyBvpDrWpzCVg&_nc_zt=14&_nc_ht=scontent.fblr22-2.fna&_nc_gid=uCgyO1rsUsLu-tqKMsigbA&_nc_ss=7f289&oh=00_AQCtpn9vagLsXpd2w3ffCYcxFxhXcjDiLxEKCLTEWruBvQ&oe=6A68E587,2026-07-28T19:38:19.000Z,2026-07-24
139,135,Lingo AI,599204246602758,Lingo AI,,IN,2011914532777737,https://www.facebook.com/ads/library/?id=2011914532777737,2026-07-21,,true,false,1,0,,2026-07-21,,"📘 Learn English easily with simple lessons 
😊 Build confidence with everyday speaking practice 
👉 Download now",👉 Download now,Download,https://speaklearnfrenchlingoai.onelink.me/Y67n?pid=metaweb_int&c={{campaign.name}}&af_c_id={{campaign.id}}&af_adset={{adset.name}}&af_adset_id={{adset.id}}&af_ad={{ad.name}}&af_ad_id={{ad.id}}&af_siteid={{site_source_name}},"Facebook,Instagram,Audience Network,Messenger,Threads","📘 Learn English easily with simple lessons 
😊 Build confidence with everyday speaking practice 
👉 Download now",👉 Download now,Download,https://speaklearnfrenchlingoai.onelink.me/Y67n?pid=metaweb_int&c={{campaign.name}}&af_c_id={{campaign.id}}&af_adset={{adset.name}}&af_adset_id={{adset.id}}&af_ad={{ad.name}}&af_ad_id={{ad.id}}&af_siteid={{site_source_name}},Video,"Facebook,Instagram,Audience Network,Messenger,Threads",1,0,9:16,https://video.fblr22-1.fna.fbcdn.net/o1/v/t2/f2/m366/AQO9s97ddx0_gI8vxndzkN2gf-LeWg7w09u6O1EVZl67e50AEsLg9Ht1oO-_wvpsqSUVOxu0hlHx-EESrTvIQs_3khVqUpxwQ6HySKQv3sadGw.mp4?_nc_cat=101&_nc_oc=Adoc91_FKPtatgoKOL8Mr0eV4WfGmVFRvrhVzE81nwdnmjr5zvKbgLOPQ9SgeSFTf_o&_nc_sid=b66105&_nc_ht=video.fblr22-1.fna.fbcdn.net&_nc_ohc=K83lA-sNcN8Q7kNvwGi2BlW&efg=eyJ2ZW5jb2RlX3RhZyI6Inhwdl9wcm9ncmVzc2l2ZS5WSV9VU0VDQVNFX1BST0RVQ1RfVFlQRS4uQzMuNzIwLmRhc2hfaDI2NC1iYXNpYy1nZW4yXzcyMHAiLCJ4cHZfYXNzZXRfaWQiOjE4MjMwMDU5OTE5OTY1MTgsImFzc2V0X2FnZV9kYXlzIjoxLCJ2aV91c2VjYXNlX2lkIjoxMDEzOSwiZHVyYXRpb25fcyI6MzAsInVybGdlbl9zb3VyY2UiOiJ3d3cifQ%3D%3D&ccb=17-1&vs=c9932fc493d618ec&_nc_vs=HBksFQIYRWZiX2VwaGVtZXJhbC9CODQwQTc3M0E0NTAwQTA4NDEwMTAxNDM3REVDNjU4QV9tdF8xX3ZpZGVvX2Rhc2hpbml0Lm1wNBUAAsgBEgAVAhhAZmJfcGVybWFuZW50LzUyNEJGRjVCODY1N0UxRjhGN0JBQjY0NzJBOThBRDgwX2F1ZGlvX2Rhc2hpbml0Lm1wNBUCAsgBEgAoABgAGwKIB3VzZV9vaWwBMRJwcm9ncmVzc2l2ZV9yZWNpcGUBMRUAACbMsZyJ9YC9BhUCKAJDMywXQD5dsi0OVgQYGWRhc2hfaDI2NC1iYXNpYy1nZW4yXzcyMHARAHUAZbaeAQA&_nc_gid=uCgyO1rsUsLu-tqKMsigbA&_nc_ss=7f289&_nc_zt=28&oh=00_AQBnmFBx7yJS-ixRB-5KNn7a7NMFOuC_df-cRy906tBmlA&oe=6A68D5BF,https://scontent.fblr22-2.fna.fbcdn.net/v/t39.35426-6/753260214_1670746317953970_9069593655380258796_n.jpg?_nc_cat=105&ccb=1-7&_nc_sid=c53f8f&_nc_ohc=IAhSaPZhz-YQ7kNvwFGosv7&_nc_oc=AdpGOzDgc8cFUiUOkqRuSZFbZbHM2q5_4sf8BOu_7dRum1OwCP3lj8cUviSGpNeTG6g&_nc_zt=14&_nc_ht=scontent.fblr22-2.fna&_nc_gid=uCgyO1rsUsLu-tqKMsigbA&_nc_ss=7f289&oh=00_AQASMotmlHsIzW2q1y45ctWMwWuV1VLuZ03e9XRE0oFMeg&oe=6A6906BC,2026-07-28T16:15:59.000Z,2026-07-24
140,136,Lingo AI,599204246602758,Lingo AI,,IN,1457001219519766,https://www.facebook.com/ads/library/?id=1457001219519766,2026-07-22,,false,false,1,0,,2026-07-22,,"📘 Learn English easily with simple lessons 
😊 Build confidence with everyday speaking practice 
👉 Download now",👉 Download now,Download,https://speaklearnfrenchlingoai.onelink.me/Y67n?pid=metaweb_int&c={{campaign.name}}&af_c_id={{campaign.id}}&af_adset={{adset.name}}&af_adset_id={{adset.id}}&af_ad={{ad.name}}&af_ad_id={{ad.id}}&af_siteid={{site_source_name}},"Facebook,Instagram,Audience Network,Messenger,Threads","📘 Learn English easily with simple lessons 
😊 Build confidence with everyday speaking practice 
👉 Download now",👉 Download now,Download,https://speaklearnfrenchlingoai.onelink.me/Y67n?pid=metaweb_int&c={{campaign.name}}&af_c_id={{campaign.id}}&af_adset={{adset.name}}&af_adset_id={{adset.id}}&af_ad={{ad.name}}&af_ad_id={{ad.id}}&af_siteid={{site_source_name}},Video,"Facebook,Instagram,Audience Network,Messenger,Threads",1,0,9:16,https://video.fblr22-2.fna.fbcdn.net/o1/v/t2/f2/m366/AQNj724UvJqILW43zSRWduhzf_osU2T78I37DGlEj-k8zzHDfTRtjdeoY0u8_kHc-OtcjJv4hfN-qJi5N1CBJVmt-C5OAV9QQPubRgXm9tlIag.mp4?_nc_cat=105&_nc_oc=Ado6HwXFU6hBwgM0t97ve6jU4t7H6SgMCgotvtSva5UlgsMu9OcNwgx93Gy8urvzHx4&_nc_sid=b66105&_nc_ht=video.fblr22-2.fna.fbcdn.net&_nc_ohc=e2aXn6nagp8Q7kNvwFBUcAf&efg=eyJ2ZW5jb2RlX3RhZyI6Inhwdl9wcm9ncmVzc2l2ZS5WSV9VU0VDQVNFX1BST0RVQ1RfVFlQRS4uQzMuNjA4LmRhc2hfaDI2NC1iYXNpYy1nZW4yXzcyMHAiLCJ4cHZfYXNzZXRfaWQiOjEwMzYzMDA1NjYwMjU0MTEsImFzc2V0X2FnZV9kYXlzIjowLCJ2aV91c2VjYXNlX2lkIjoxMDEzOSwiZHVyYXRpb25fcyI6NjEsInVybGdlbl9zb3VyY2UiOiJ3d3cifQ%3D%3D&ccb=17-1&vs=c647c34ce30bf85c&_nc_vs=HBksFQIYRWZiX2VwaGVtZXJhbC8xQTQyRThDOUYxRkYzMzUyRDBCQzk0RDM3NEZDMzY5Ml9tdF8xX3ZpZGVvX2Rhc2hpbml0Lm1wNBUAAsgBEgAVAhhAZmJfcGVybWFuZW50L0ZCNEZCMkQwQzkwMDcwOTU2QTcxMjcxQjI4MDVENzhBX2F1ZGlvX2Rhc2hpbml0Lm1wNBUCAsgBEgAoABgAGwKIB3VzZV9vaWwBMRJwcm9ncmVzc2l2ZV9yZWNpcGUBMRUAACaG0_Lx0KDXAxUCKAJDMywXQE7MzMzMzM0YGWRhc2hfaDI2NC1iYXNpYy1nZW4yXzcyMHARAHUAZbaeAQA&_nc_gid=uCgyO1rsUsLu-tqKMsigbA&_nc_ss=7f289&_nc_zt=28&oh=00_AQDvwmlW6aUP16sMlQDqIskx6ZeLx7mj1dVWHxSkWzFNZQ&oe=6A68FB0F,https://scontent.fblr22-1.fna.fbcdn.net/v/t39.35426-6/756343958_2032748694016311_6355952724247180526_n.jpg?_nc_cat=109&ccb=1-7&_nc_sid=c53f8f&_nc_ohc=YDY7671v6OEQ7kNvwHYZ5ca&_nc_oc=AdrHSAhzkZ-UAlpG2-nA0HGD7kkzDR7DCi8yPyhZVoaICNwBvcweuPNhx-PXeV77TGM&_nc_zt=14&_nc_ht=scontent.fblr22-1.fna&_nc_gid=uCgyO1rsUsLu-tqKMsigbA&_nc_ss=7f289&oh=00_AQA-QTUHuPNXj0pKcuG9p6w8XQON1SdUNsUjoYGBRJxo2w&oe=6A68F89E,2026-07-28T18:55:11.000Z,2026-07-24
141,137,Lingo AI,599204246602758,Lingo AI,,IN,1016615277756086,https://www.facebook.com/ads/library/?id=1016615277756086,2026-07-21,,true,false,1,0,,2026-07-21,,"📘 Learn English easily with simple lessons 
😊 Build confidence with everyday speaking practice 
👉 Download now",👉 Download now,Download,https://speaklearnfrenchlingoai.onelink.me/Y67n?pid=metaweb_int&c={{campaign.name}}&af_c_id={{campaign.id}}&af_adset={{adset.name}}&af_adset_id={{adset.id}}&af_ad={{ad.name}}&af_ad_id={{ad.id}}&af_siteid={{site_source_name}},"Facebook,Instagram,Audience Network,Messenger,Threads","📘 Learn English easily with simple lessons 
😊 Build confidence with everyday speaking practice 
👉 Download now",👉 Download now,Download,https://speaklearnfrenchlingoai.onelink.me/Y67n?pid=metaweb_int&c={{campaign.name}}&af_c_id={{campaign.id}}&af_adset={{adset.name}}&af_adset_id={{adset.id}}&af_ad={{ad.name}}&af_ad_id={{ad.id}}&af_siteid={{site_source_name}},Video,"Facebook,Instagram,Audience Network,Messenger,Threads",1,0,9:16,https://video.fblr22-2.fna.fbcdn.net/o1/v/t2/f2/m366/AQNGOgocHHyAFdyaze60xZpdT7_fswg4Xyyq9pb6SrR8MYAIcdi6nzzE5La--V-XnTWv2gAaX1CO9tVZPJRcqR7fz6BQJL0HlKyJxVojV_-J8Q.mp4?_nc_cat=105&_nc_oc=Ado70owHX4DPkzm8sWjVmerjF5sdC68mZcqYRM5XWSutd5pd6qymsQtNlhABEHe5mfs&_nc_sid=b66105&_nc_ht=video.fblr22-2.fna.fbcdn.net&_nc_ohc=5eXr2j2uAfgQ7kNvwHJs9Tr&efg=eyJ2ZW5jb2RlX3RhZyI6Inhwdl9wcm9ncmVzc2l2ZS5WSV9VU0VDQVNFX1BST0RVQ1RfVFlQRS4uQzMuNzIwLmRhc2hfaDI2NC1iYXNpYy1nZW4yXzcyMHAiLCJ4cHZfYXNzZXRfaWQiOjE4Mzc0MTMyODcyNDk1ODMsImFzc2V0X2FnZV9kYXlzIjoxLCJ2aV91c2VjYXNlX2lkIjoxMDEzOSwiZHVyYXRpb25fcyI6MzAsInVybGdlbl9zb3VyY2UiOiJ3d3cifQ%3D%3D&ccb=17-1&vs=cbf7ae0f111f0837&_nc_vs=HBksFQIYRWZiX2VwaGVtZXJhbC85MjRCNDkxRjNFOTFENzQwMTFEMzlFREEzQzJFRDU4MF9tdF8xX3ZpZGVvX2Rhc2hpbml0Lm1wNBUAAsgBEgAVAhhAZmJfcGVybWFuZW50L0NFNDExMjU1NkNEMEE0NzFDNTM3MTgwOUNGMDI4MTg5X2F1ZGlvX2Rhc2hpbml0Lm1wNBUCAsgBEgAoABgAGwKIB3VzZV9vaWwBMRJwcm9ncmVzc2l2ZV9yZWNpcGUBMRUAACbemtbkw8fDBhUCKAJDMywXQD5dsi0OVgQYGWRhc2hfaDI2NC1iYXNpYy1nZW4yXzcyMHARAHUAZbaeAQA&_nc_gid=0BtTcPdBwe5mAv8Kas_pBA&_nc_ss=7f289&_nc_zt=28&oh=00_AQByf9wMKhauJayXV6eklV_z5RJTRGYTBmuQJ4HlpqsTxQ&oe=6A68FABF,https://scontent.fblr22-1.fna.fbcdn.net/v/t39.35426-6/751738503_1026238786474109_4946923257340962383_n.jpg?_nc_cat=109&ccb=1-7&_nc_sid=c53f8f&_nc_ohc=1300dV7ApFMQ7kNvwEylb5l&_nc_oc=AdrFdfoKAgIJofkWoKcV5XCorI8XqbPYG5YG7BU8kIjFaqcSccDlKB-_eIUqSbhCsw8&_nc_zt=14&_nc_ht=scontent.fblr22-1.fna&_nc_gid=0BtTcPdBwe5mAv8Kas_pBA&_nc_ss=7f289&oh=00_AQBc7U2Es2mlWJuTqPclYSFGezrbsmRLz8MCUOjG0a_6GA&oe=6A68F249,2026-07-28T18:53:51.000Z,2026-07-24
142,138,Lingo AI,599204246602758,Lingo AI,,IN,1060181113238551,https://www.facebook.com/ads/library/?id=1060181113238551,2026-07-22,,false,false,1,0,,2026-07-22,,"📘 Learn English easily with simple lessons 
😊 Build confidence with everyday speaking practice 
👉 Download now",👉 Download now,Download,https://speaklearnfrenchlingoai.onelink.me/Y67n?pid=metaweb_int&c={{campaign.name}}&af_c_id={{campaign.id}}&af_adset={{adset.name}}&af_adset_id={{adset.id}}&af_ad={{ad.name}}&af_ad_id={{ad.id}}&af_siteid={{site_source_name}},"Facebook,Instagram,Audience Network,Messenger,Threads","📘 Learn English easily with simple lessons 
😊 Build confidence with everyday speaking practice 
👉 Download now",👉 Download now,Download,https://speaklearnfrenchlingoai.onelink.me/Y67n?pid=metaweb_int&c={{campaign.name}}&af_c_id={{campaign.id}}&af_adset={{adset.name}}&af_adset_id={{adset.id}}&af_ad={{ad.name}}&af_ad_id={{ad.id}}&af_siteid={{site_source_name}},Video,"Facebook,Instagram,Audience Network,Messenger,Threads",1,0,9:16,https://video.fblr22-2.fna.fbcdn.net/o1/v/t2/f2/m366/AQNtCJ5vuN1H7H9w8aMlisQGoM5MVW40OA0Zjtr_Qe-NJhNJYT2h_culGg7gbkbOTYAOROBddIRefVkl9bT_SOF8Z8zctcOmE318QTxcidgiSA.mp4?_nc_cat=110&_nc_oc=AdrkwQ__fam9gIiOh6_-xw_ZhdS6iBYnaLnfgBfQK87wT6NxHNHZN_1-3ABjBRSzQ1g&_nc_sid=b66105&_nc_ht=video.fblr22-2.fna.fbcdn.net&_nc_ohc=FInX7B8M0s8Q7kNvwFxYgDR&efg=eyJ2ZW5jb2RlX3RhZyI6Inhwdl9wcm9ncmVzc2l2ZS5WSV9VU0VDQVNFX1BST0RVQ1RfVFlQRS4uQzMuNjA4LmRhc2hfaDI2NC1iYXNpYy1nZW4yXzcyMHAiLCJ4cHZfYXNzZXRfaWQiOjQzNTkwODg1ODEwMjEzOTYsImFzc2V0X2FnZV9kYXlzIjowLCJ2aV91c2VjYXNlX2lkIjoxMDEzOSwiZHVyYXRpb25fcyI6MjYsInVybGdlbl9zb3VyY2UiOiJ3d3cifQ%3D%3D&ccb=17-1&vs=5cf58b2ccf77e6c7&_nc_vs=HBksFQIYRWZiX2VwaGVtZXJhbC8zQjREODgzOTI4RUMzNkE2RDVGQjc2MjJDM0VBQTU4Q19tdF8xX3ZpZGVvX2Rhc2hpbml0Lm1wNBUAAsgBEgAVAhhAZmJfcGVybWFuZW50LzA4NEQ4ODkxNUEwOTMzQzExODlCNDIwNjM4RUU2ODk2X2F1ZGlvX2Rhc2hpbml0Lm1wNBUCAsgBEgAoABgAGwKIB3VzZV9vaWwBMRJwcm9ncmVzc2l2ZV9yZWNpcGUBMRUAACaou9TmrKS-DxUCKAJDMywXQDqQ5WBBiTcYGWRhc2hfaDI2NC1iYXNpYy1nZW4yXzcyMHARAHUAZbaeAQA&_nc_gid=0BtTcPdBwe5mAv8Kas_pBA&_nc_ss=7f289&_nc_zt=28&oh=00_AQBeA06botOGPyWGt-eO5E4NmgVElVl072pwfX4r62LLeA&oe=6A68EB2E,https://scontent.fblr22-1.fna.fbcdn.net/v/t39.35426-6/754497251_900658366445200_3160023948359453546_n.jpg?_nc_cat=103&ccb=1-7&_nc_sid=c53f8f&_nc_ohc=8RWSAycp2RkQ7kNvwEAESYw&_nc_oc=AdovR4qCOD3KxBqUxbV_7MMmRHU2fr5z41318UfptU_ppvFt-BK4XtAYQMLiNmVFsMo&_nc_zt=14&_nc_ht=scontent.fblr22-1.fna&_nc_gid=0BtTcPdBwe5mAv8Kas_pBA&_nc_ss=7f289&oh=00_AQDhukCl89XnNZWVzXExemvXr4hA45lBdfgnYBLV0PDsnA&oe=6A69038B,2026-07-28T17:47:26.000Z,2026-07-24
143,139,Lingo AI,599204246602758,Lingo AI,,IN,910012414823781,https://www.facebook.com/ads/library/?id=910012414823781,2026-07-21,,true,false,1,0,,2026-07-21,,"📘 Learn English easily with simple lessons 
😊 Build confidence with everyday speaking practice 
👉 Download now",👉 Download now,Download,https://speaklearnfrenchlingoai.onelink.me/Y67n?pid=metaweb_int&c={{campaign.name}}&af_c_id={{campaign.id}}&af_adset={{adset.name}}&af_adset_id={{adset.id}}&af_ad={{ad.name}}&af_ad_id={{ad.id}}&af_siteid={{site_source_name}},"Facebook,Instagram,Audience Network,Messenger,Threads","📘 Learn English easily with simple lessons 
😊 Build confidence with everyday speaking practice 
👉 Download now",👉 Download now,Download,https://speaklearnfrenchlingoai.onelink.me/Y67n?pid=metaweb_int&c={{campaign.name}}&af_c_id={{campaign.id}}&af_adset={{adset.name}}&af_adset_id={{adset.id}}&af_ad={{ad.name}}&af_ad_id={{ad.id}}&af_siteid={{site_source_name}},Video,"Facebook,Instagram,Audience Network,Messenger,Threads",1,0,9:16,https://video.fblr22-2.fna.fbcdn.net/o1/v/t2/f2/m366/AQPIMXkbRhpgXY94jkqaYWwFX6WAsEAVmaHs6F1nNphZLt1xw2F2hE0rnAZnQzSWKmRhHkNZDyxNoCdyWmQJPNMMekLdLN06U8viCpCwVnwRUQ.mp4?_nc_cat=110&_nc_oc=Adqor7fj_eqpEfSoHsvUxS23NX9IoNxP-U_GIKKMzpK4jneFQ8-SGuDMpEIgmzDvhyw&_nc_sid=b66105&_nc_ht=video.fblr22-2.fna.fbcdn.net&_nc_ohc=S_C6gz89pQkQ7kNvwH-jJJk&efg=eyJ2ZW5jb2RlX3RhZyI6Inhwdl9wcm9ncmVzc2l2ZS5WSV9VU0VDQVNFX1BST0RVQ1RfVFlQRS4uQzMuNzIwLmRhc2hfaDI2NC1iYXNpYy1nZW4yXzcyMHAiLCJ4cHZfYXNzZXRfaWQiOjQ1MTAyOTgxNzkyMzA5NDEsImFzc2V0X2FnZV9kYXlzIjoxLCJ2aV91c2VjYXNlX2lkIjoxMDEzOSwiZHVyYXRpb25fcyI6MzAsInVybGdlbl9zb3VyY2UiOiJ3d3cifQ%3D%3D&ccb=17-1&vs=c907424a42ccbd1b&_nc_vs=HBksFQIYRWZiX2VwaGVtZXJhbC9GNzQyNTRGNDk3OUVEQ0E4NTRFN0Y3QTE5NzU4NkFCMl9tdF8xX3ZpZGVvX2Rhc2hpbml0Lm1wNBUAAsgBEgAVAhhAZmJfcGVybWFuZW50L0M3NDcwNEIyQjQzQjY1QUVGNTY0Q0ExNTk5QUI0NDg1X2F1ZGlvX2Rhc2hpbml0Lm1wNBUCAsgBEgAoABgAGwKIB3VzZV9vaWwBMRJwcm9ncmVzc2l2ZV9yZWNpcGUBMRUAACa68-6M9IWDEBUCKAJDMywXQD5dsi0OVgQYGWRhc2hfaDI2NC1iYXNpYy1nZW4yXzcyMHARAHUAZbaeAQA&_nc_gid=0BtTcPdBwe5mAv8Kas_pBA&_nc_ss=7f289&_nc_zt=28&oh=00_AQCtsUOeqxopR12O0pUKVUdmyUR3T2UpZEI4vvUaFUUmEA&oe=6A68D262,https://scontent.fblr22-2.fna.fbcdn.net/v/t39.35426-6/753989895_2613601795767255_5989364068379876763_n.jpg?_nc_cat=100&ccb=1-7&_nc_sid=c53f8f&_nc_ohc=OTA0DYjJWIkQ7kNvwH1IAU5&_nc_oc=AdpK7AxzZzZo9wy042CJR5hd0uDNMDYJBumi_ZpPTOjr3Fidkd2qPuSKdXxbJdBAWO0&_nc_zt=14&_nc_ht=scontent.fblr22-2.fna&_nc_gid=0BtTcPdBwe5mAv8Kas_pBA&_nc_ss=7f289&oh=00_AQChg_Cf9kICKja0MFmEUpcAsXycKeLJ1GSxRqSN4UD0Cw&oe=6A68FEA5,2026-07-28T16:01:38.000Z,2026-07-24
144,140,Lingo AI,599204246602758,Lingo AI,,IN,4650488781900539,https://www.facebook.com/ads/library/?id=4650488781900539,2026-07-22,,false,false,1,0,,2026-07-22,,"🌟 想提升你的英语吗？
📱 每天只需几分钟，随时随地学习
💬 建立真正的英语口语自信
👉 立即下载",👉 立即下载,Download,https://speaklearnfrenchlingoai.onelink.me/Y67n?pid=metaweb_int&c={{campaign.name}}&af_c_id={{campaign.id}}&af_adset={{adset.name}}&af_adset_id={{adset.id}}&af_ad={{ad.name}}&af_ad_id={{ad.id}}&af_siteid={{site_source_name}},"Facebook,Instagram,Audience Network,Messenger,Threads","🌟 想提升你的英语吗？
📱 每天只需几分钟，随时随地学习
💬 建立真正的英语口语自信
👉 立即下载",👉 立即下载,Download,https://speaklearnfrenchlingoai.onelink.me/Y67n?pid=metaweb_int&c={{campaign.name}}&af_c_id={{campaign.id}}&af_adset={{adset.name}}&af_adset_id={{adset.id}}&af_ad={{ad.name}}&af_ad_id={{ad.id}}&af_siteid={{site_source_name}},Video,"Facebook,Instagram,Audience Network,Messenger,Threads",1,0,9:16,https://video.fblr22-1.fna.fbcdn.net/o1/v/t2/f2/m366/AQMMf5mX_uqaZurTsJTf2dxSvnqN_87ozI7IEO5_kQxUEWgAxCHbxESVxImynuzZfyoGMmpyTKW2SKxJI1p6yfjjHOjVOUkY4jBoZn2nDkKxAw.mp4?_nc_cat=109&_nc_oc=AdoilKk5ZYpUUE9jn-V3Ry1KyNRqZA6Xrx5jWEt5YgTtYDN-_L8acG6wtPgLhxncqF0&_nc_sid=b66105&_nc_ht=video.fblr22-1.fna.fbcdn.net&_nc_ohc=f7YBu-3cA8sQ7kNvwFf3uPQ&efg=eyJ2ZW5jb2RlX3RhZyI6Inhwdl9wcm9ncmVzc2l2ZS5WSV9VU0VDQVNFX1BST0RVQ1RfVFlQRS4uQzMuNjA4LmRhc2hfaDI2NC1iYXNpYy1nZW4yXzcyMHAiLCJ4cHZfYXNzZXRfaWQiOjEzNTEwMDY5MDM4ODIzNzksImFzc2V0X2FnZV9kYXlzIjowLCJ2aV91c2VjYXNlX2lkIjoxMDEzOSwiZHVyYXRpb25fcyI6NjMsInVybGdlbl9zb3VyY2UiOiJ3d3cifQ%3D%3D&ccb=17-1&vs=ca14038d5ab32646&_nc_vs=HBksFQIYRWZiX2VwaGVtZXJhbC9EQTRDMEQ1NzUyQjZFQTYzOTRBQjRDN0U3Q0JBNTI5RF9tdF8xX3ZpZGVvX2Rhc2hpbml0Lm1wNBUAAsgBEgAVAhhAZmJfcGVybWFuZW50LzkwNDlGNjY5QTE1MUQ4NEQwMkNCRkEwNjg3N0ZFOThGX2F1ZGlvX2Rhc2hpbml0Lm1wNBUCAsgBEgAoABgAGwKIB3VzZV9vaWwBMRJwcm9ncmVzc2l2ZV9yZWNpcGUBMRUAACaWysLp-a7mBBUCKAJDMywXQE-iDEm6XjUYGWRhc2hfaDI2NC1iYXNpYy1nZW4yXzcyMHARAHUAZbaeAQA&_nc_gid=0BtTcPdBwe5mAv8Kas_pBA&_nc_ss=7f289&_nc_zt=28&oh=00_AQDdBHgNsrKocvi1fqFOqwRv8OQyUL2CpThh6Oy8Iwgh5A&oe=6A68E59F,https://scontent.fblr22-2.fna.fbcdn.net/v/t39.35426-6/754109601_2591750214594516_6679938268044849417_n.jpg?_nc_cat=100&ccb=1-7&_nc_sid=c53f8f&_nc_ohc=3bZ-KUwiZiIQ7kNvwGqYOSp&_nc_oc=AdqzEXoobhuioDJVYd0EG9IGmj90WAbiYYl7O0NczUfjhmCXj67jP_veS8ow6tvctbc&_nc_zt=14&_nc_ht=scontent.fblr22-2.fna&_nc_gid=0BtTcPdBwe5mAv8Kas_pBA&_nc_ss=7f289&oh=00_AQBFGSUIyS6ZC1194Pm_Ij0vZyYN9L7ZQsnjsLp4Z8DwxQ&oe=6A68EF2A,2026-07-28T17:23:43.000Z,2026-07-24
145,141,Lingo AI,599204246602758,Lingo AI,,IN,1820712675560770,https://www.facebook.com/ads/library/?id=1820712675560770,2026-07-22,,false,false,1,0,,2026-07-22,,"📘 Learn English easily with simple lessons 
😊 Build confidence with everyday speaking practice 
👉 Download now",👉 Download now,Download,https://speaklearnfrenchlingoai.onelink.me/Y67n?pid=metaweb_int&c={{campaign.name}}&af_c_id={{campaign.id}}&af_adset={{adset.name}}&af_adset_id={{adset.id}}&af_ad={{ad.name}}&af_ad_id={{ad.id}}&af_siteid={{site_source_name}},"Facebook,Instagram,Audience Network,Messenger,Threads","📘 Learn English easily with simple lessons 
😊 Build confidence with everyday speaking practice 
👉 Download now",👉 Download now,Download,https://speaklearnfrenchlingoai.onelink.me/Y67n?pid=metaweb_int&c={{campaign.name}}&af_c_id={{campaign.id}}&af_adset={{adset.name}}&af_adset_id={{adset.id}}&af_ad={{ad.name}}&af_ad_id={{ad.id}}&af_siteid={{site_source_name}},Video,"Facebook,Instagram,Audience Network,Messenger,Threads",1,0,9:16,https://video.fblr22-1.fna.fbcdn.net/o1/v/t2/f2/m366/AQNJx545nKWaFETLtJ92GtFGU_9z4MpgZMbXhnx0gda93dtuxqVL8SJNld2lure23U13wNQrMq6oi9G2NkOCDTvklmwMtxkIQo3QPlEbXEAqyA.mp4?_nc_cat=103&_nc_oc=AdoBX2VlZ6l-X1A59gmnUQkT1O1J57ZsWogkqGaLofELgjSc28tA2ocI8gYvsjLRNNo&_nc_sid=b66105&_nc_ht=video.fblr22-1.fna.fbcdn.net&_nc_ohc=VKe_vDUADkQQ7kNvwE6zADt&efg=eyJ2ZW5jb2RlX3RhZyI6Inhwdl9wcm9ncmVzc2l2ZS5WSV9VU0VDQVNFX1BST0RVQ1RfVFlQRS4uQzMuNjA4LmRhc2hfaDI2NC1iYXNpYy1nZW4yXzcyMHAiLCJ4cHZfYXNzZXRfaWQiOjQwNzIzNDQwNjk3MzAyOTQsImFzc2V0X2FnZV9kYXlzIjowLCJ2aV91c2VjYXNlX2lkIjoxMDEzOSwiZHVyYXRpb25fcyI6NTgsInVybGdlbl9zb3VyY2UiOiJ3d3cifQ%3D%3D&ccb=17-1&vs=5ae68900246e9d82&_nc_vs=HBksFQIYRWZiX2VwaGVtZXJhbC9CQTQ5QzE1RUVDMDRCMTFBNzQ3Mjg3NjUxMDVDMEE4MV9tdF8xX3ZpZGVvX2Rhc2hpbml0Lm1wNBUAAsgBEgAVAhhAZmJfcGVybWFuZW50L0I3NEFDREI4NzJGQ0ZFOTkzM0JBRThEQjA1OEE3M0IzX2F1ZGlvX2Rhc2hpbml0Lm1wNBUCAsgBEgAoABgAGwKIB3VzZV9vaWwBMRJwcm9ncmVzc2l2ZV9yZWNpcGUBMRUAACbsv-_az_G7DhUCKAJDMywXQE0EOVgQYk4YGWRhc2hfaDI2NC1iYXNpYy1nZW4yXzcyMHARAHUAZbaeAQA&_nc_gid=0BtTcPdBwe5mAv8Kas_pBA&_nc_ss=7f289&_nc_zt=28&oh=00_AQB4vfg9-rEWLnXGbpDBpwAEkoG3CV4hdgCJ6aKGoj0Qqg&oe=6A68D9CD,https://scontent.fblr22-1.fna.fbcdn.net/v/t39.35426-6/756040416_1583543443122221_2964629216892780117_n.jpg?_nc_cat=103&ccb=1-7&_nc_sid=c53f8f&_nc_ohc=gR25eut9bYAQ7kNvwEgVEw9&_nc_oc=AdpBYnDMgN0lH8bIY4IBq7eiHiOmm3YuMajelGelcNMeEK_vxnIuepcmiqYusGfSnuA&_nc_zt=14&_nc_ht=scontent.fblr22-1.fna&_nc_gid=0BtTcPdBwe5mAv8Kas_pBA&_nc_ss=7f289&oh=00_AQC06WzfAt4h1V_ChHOuJLhRM7okeLX7ZFtFcNRNT7W_vg&oe=6A68EF5E,2026-07-28T16:33:17.000Z,2026-07-24
146,142,Lingo AI,599204246602758,Lingo AI,,IN,1378213600907888,https://www.facebook.com/ads/library/?id=1378213600907888,2026-07-22,,false,false,1,0,,2026-07-22,,"📘 Learn English easily with simple lessons 
😊 Build confidence with everyday speaking practice 
👉 Download now",👉 Download now,Download,https://speaklearnfrenchlingoai.onelink.me/Y67n?pid=metaweb_int&c={{campaign.name}}&af_c_id={{campaign.id}}&af_adset={{adset.name}}&af_adset_id={{adset.id}}&af_ad={{ad.name}}&af_ad_id={{ad.id}}&af_siteid={{site_source_name}},"Facebook,Instagram,Audience Network,Messenger,Threads","📘 Learn English easily with simple lessons 
😊 Build confidence with everyday speaking practice 
👉 Download now",👉 Download now,Download,https://speaklearnfrenchlingoai.onelink.me/Y67n?pid=metaweb_int&c={{campaign.name}}&af_c_id={{campaign.id}}&af_adset={{adset.name}}&af_adset_id={{adset.id}}&af_ad={{ad.name}}&af_ad_id={{ad.id}}&af_siteid={{site_source_name}},Video,"Facebook,Instagram,Audience Network,Messenger,Threads",1,0,9:16,https://video.fblr22-2.fna.fbcdn.net/o1/v/t2/f2/m366/AQM4DaHxE3sUsqLLLiGyHSk1g0al1gTC3Ene1W0UKiu1fK91lZ2ScTXeJxZ_LnaRQhwFgJnlYD6I_AOXfXSzHH8KkBmbvf-Ihgcbuu8A122iCA.mp4?_nc_cat=107&_nc_oc=AdpHBG8NBpcmY36Wr6IjbwI2fWN8nJKFSwALccl-fFlXkETmiVboDdgA5FpSDtVJsFI&_nc_sid=b66105&_nc_ht=video.fblr22-2.fna.fbcdn.net&_nc_ohc=Qh2wh_gYkfUQ7kNvwFQ9cte&efg=eyJ2ZW5jb2RlX3RhZyI6Inhwdl9wcm9ncmVzc2l2ZS5WSV9VU0VDQVNFX1BST0RVQ1RfVFlQRS4uQzMuNjA4LmRhc2hfaDI2NC1iYXNpYy1nZW4yXzcyMHAiLCJ4cHZfYXNzZXRfaWQiOjE2NzY2NzY1OTQ0NjE2MDgsImFzc2V0X2FnZV9kYXlzIjowLCJ2aV91c2VjYXNlX2lkIjoxMDEzOSwiZHVyYXRpb25fcyI6MjYsInVybGdlbl9zb3VyY2UiOiJ3d3cifQ%3D%3D&ccb=17-1&vs=5437899f949d2ee8&_nc_vs=HBksFQIYRWZiX2VwaGVtZXJhbC9FNDRCMTdGOEJCODc5MkFGNUZFMjI2N0JEN0IyRTJBNV9tdF8xX3ZpZGVvX2Rhc2hpbml0Lm1wNBUAAsgBEgAVAhhAZmJfcGVybWFuZW50L0MwNDI3OEYwRDE0NzM0MjU2RTBEM0VDNDEyNTMyOEJCX2F1ZGlvX2Rhc2hpbml0Lm1wNBUCAsgBEgAoABgAGwKIB3VzZV9vaWwBMRJwcm9ncmVzc2l2ZV9yZWNpcGUBMRUAACbQroeNtrv6BRUCKAJDMywXQDqiDEm6XjUYGWRhc2hfaDI2NC1iYXNpYy1nZW4yXzcyMHARAHUAZbaeAQA&_nc_gid=0BtTcPdBwe5mAv8Kas_pBA&_nc_ss=7f289&_nc_zt=28&oh=00_AQB4-zo4Hjlc3jCzvvb5F8pB1tH2wlepWnmi6jaRKKqQdQ&oe=6A69063D,https://scontent.fblr22-1.fna.fbcdn.net/v/t39.35426-6/755736369_1016851457639483_7998958948749414071_n.jpg?_nc_cat=109&ccb=1-7&_nc_sid=c53f8f&_nc_ohc=vU0CAzViLsEQ7kNvwEu59Ld&_nc_oc=AdrRFDqKfzrb-hmIAw5KEuQpME6Rr9f5E1vywUOQ_ua55nczw7BadzZstFRz_orn7u8&_nc_zt=14&_nc_ht=scontent.fblr22-1.fna&_nc_gid=0BtTcPdBwe5mAv8Kas_pBA&_nc_ss=7f289&oh=00_AQAHNyAE1VOpMeZSO1QYxVF8Cfhyvlk3Z3IjmXHKZk8_kg&oe=6A68EAAE,2026-07-28T19:42:53.000Z,2026-07-24
147,143,Lingo AI,599204246602758,Lingo AI,,IN,2245359769555092,https://www.facebook.com/ads/library/?id=2245359769555092,2026-07-12,,true,false,1,0,,2026-07-12,,"🌟 Want to improve your English? 
📱 Learn anytime in just minutes a day 
💬 Build real speaking confidence 
👉 Download now",👉 Download now,Download,https://speaklearnfrenchlingoai.onelink.me/Y67n?pid=metaweb_int&c={{campaign.name}}&af_c_id={{campaign.id}}&af_adset={{adset.name}}&af_adset_id={{adset.id}}&af_ad={{ad.name}}&af_ad_id={{ad.id}}&af_siteid={{site_source_name}},"Facebook,Instagram,Audience Network,Messenger,Threads","🌟 Want to improve your English? 
📱 Learn anytime in just minutes a day 
💬 Build real speaking confidence 
👉 Download now",👉 Download now,Download,https://speaklearnfrenchlingoai.onelink.me/Y67n?pid=metaweb_int&c={{campaign.name}}&af_c_id={{campaign.id}}&af_adset={{adset.name}}&af_adset_id={{adset.id}}&af_ad={{ad.name}}&af_ad_id={{ad.id}}&af_siteid={{site_source_name}},Video,"Facebook,Instagram,Audience Network,Messenger,Threads",1,0,9:16,https://video.fblr22-1.fna.fbcdn.net/o1/v/t2/f2/m366/AQMYLq9uwNv8XB_OJLgogaOxB_Dg48iuqgDiv60gygNIyhG1RcA29obQf_nVfs7jRKN1Yd-DjJmBfXwfabWVVqGM3yCT5y1qbj5hvTQ9uO8aug.mp4?_nc_cat=106&_nc_oc=AdrilNqLsSL9mRlaj5AMncCN837e0KENBLSv5RdtREJ9KpfV6c6P0Zs6VtQqkrGd6T4&_nc_sid=b66105&_nc_ht=video.fblr22-1.fna.fbcdn.net&_nc_ohc=ctnZfG7ygOkQ7kNvwHeMNIc&efg=eyJ2ZW5jb2RlX3RhZyI6Inhwdl9wcm9ncmVzc2l2ZS5WSV9VU0VDQVNFX1BST0RVQ1RfVFlQRS4uQzMuNjA4LmRhc2hfaDI2NC1iYXNpYy1nZW4yXzcyMHAiLCJ4cHZfYXNzZXRfaWQiOjEzMzY2NTM4ODI2Nzg4MjQsImFzc2V0X2FnZV9kYXlzIjoyMywidmlfdXNlY2FzZV9pZCI6MTAxMzksImR1cmF0aW9uX3MiOjM1LCJ1cmxnZW5fc291cmNlIjoid3d3In0%3D&ccb=17-1&vs=71590d5e6dadcb66&_nc_vs=HBksFQIYRWZiX2VwaGVtZXJhbC8zMzQ2NUU3QjlGNjgxM0UyOTQ5MEE3QkRDNzhDOTdBNV9tdF8xX3ZpZGVvX2Rhc2hpbml0Lm1wNBUAAsgBEgAVAhhAZmJfcGVybWFuZW50LzIwNERERTg3NDlBNkU4QjNEMTE1MzI1MDlDRjQ0NkIyX2F1ZGlvX2Rhc2hpbml0Lm1wNBUCAsgBEgAoABgAGwKIB3VzZV9vaWwBMRJwcm9ncmVzc2l2ZV9yZWNpcGUBMRUAACbQ-Oq9v-vfBBUCKAJDMywXQEGqn752yLQYGWRhc2hfaDI2NC1iYXNpYy1nZW4yXzcyMHARAHUAZbaeAQA&_nc_gid=0BtTcPdBwe5mAv8Kas_pBA&_nc_ss=7f289&_nc_zt=28&oh=00_AQBhywXWIjYu2SGY05vjmX-6NXK2ASJgE4r9WBx_3T0bng&oe=6A68F962,https://scontent.fblr22-2.fna.fbcdn.net/v/t39.35426-6/747468581_1340586404276396_7268931604624165219_n.jpg?_nc_cat=107&ccb=1-7&_nc_sid=c53f8f&_nc_ohc=fJT3C7njApMQ7kNvwGWwc87&_nc_oc=Adr3HK02hS8zzkq14hRRtJS-XfZLfK-VCE8tpAsK7R3LuuChdMH23IJDJTgFLVASa1E&_nc_zt=14&_nc_ht=scontent.fblr22-2.fna&_nc_gid=0BtTcPdBwe5mAv8Kas_pBA&_nc_ss=7f289&oh=00_AQCvduPAouuRl7gES_YIan6Anjxr63L6VwG12YxMGXqQww&oe=6A68F1D9,2026-07-28T18:48:02.000Z,2026-07-24
148,144,Lingo AI,599204246602758,Lingo AI,,IN,1073642982391924,https://www.facebook.com/ads/library/?id=1073642982391924,2026-07-22,,true,false,1,0,,2026-07-22,,"🌟 想提升你的英语吗？
📱 每天只需几分钟，随时随地学习
💬 建立真正的英语口语自信
👉 立即下载",👉 立即下载,Download,https://speaklearnfrenchlingoai.onelink.me/Y67n?pid=metaweb_int&c={{campaign.name}}&af_c_id={{campaign.id}}&af_adset={{adset.name}}&af_adset_id={{adset.id}}&af_ad={{ad.name}}&af_ad_id={{ad.id}}&af_siteid={{site_source_name}},"Facebook,Instagram,Audience Network,Messenger,Threads","🌟 想提升你的英语吗？
📱 每天只需几分钟，随时随地学习
💬 建立真正的英语口语自信
👉 立即下载",👉 立即下载,Download,https://speaklearnfrenchlingoai.onelink.me/Y67n?pid=metaweb_int&c={{campaign.name}}&af_c_id={{campaign.id}}&af_adset={{adset.name}}&af_adset_id={{adset.id}}&af_ad={{ad.name}}&af_ad_id={{ad.id}}&af_siteid={{site_source_name}},Video,"Facebook,Instagram,Audience Network,Messenger,Threads",1,0,9:16,https://video.fblr22-1.fna.fbcdn.net/o1/v/t2/f2/m366/AQP8AqaWm9oxpuJfNEy9XaIh5aUPUNJfV8Q5k_MCZajxVSOiS9IpQNxN0c3B-YW-0mmjiQpouvwJ9-xdW3VeOvh0RyHiENXfaCV_FZPWLPsbSg.mp4?_nc_cat=106&_nc_oc=AdpCxofLX8Ko60KaT9K_7N5eek3R7_NRqq56eEOipsiK8R-X6VYrpIqgS18Wv9AKkvk&_nc_sid=b66105&_nc_ht=video.fblr22-1.fna.fbcdn.net&_nc_ohc=mBb0SiRQtr8Q7kNvwEsNALi&efg=eyJ2ZW5jb2RlX3RhZyI6Inhwdl9wcm9ncmVzc2l2ZS5WSV9VU0VDQVNFX1BST0RVQ1RfVFlQRS4uQzMuNjA4LmRhc2hfaDI2NC1iYXNpYy1nZW4yXzcyMHAiLCJ4cHZfYXNzZXRfaWQiOjgxMzkwMTI5ODM4NDYzOSwiYXNzZXRfYWdlX2RheXMiOjAsInZpX3VzZWNhc2VfaWQiOjEwMTM5LCJkdXJhdGlvbl9zIjo2MSwidXJsZ2VuX3NvdXJjZSI6Ind3dyJ9&ccb=17-1&vs=4a5c9b4ba0df34e3&_nc_vs=HBksFQIYRWZiX2VwaGVtZXJhbC83MTQwMjQyRjc2RDREMjkyOTkwODEwN0IwQjY5OTJBNV9tdF8xX3ZpZGVvX2Rhc2hpbml0Lm1wNBUAAsgBEgAVAhhAZmJfcGVybWFuZW50Lzc1NDE4NDBGMzBDMEI2RjM4MTlENkMzRjlBQUU0RUJFX2F1ZGlvX2Rhc2hpbml0Lm1wNBUCAsgBEgAoABgAGwKIB3VzZV9vaWwBMRJwcm9ncmVzc2l2ZV9yZWNpcGUBMRUAACb--62cpY_yAhUCKAJDMywXQE73bItDlYEYGWRhc2hfaDI2NC1iYXNpYy1nZW4yXzcyMHARAHUAZbaeAQA&_nc_gid=0BtTcPdBwe5mAv8Kas_pBA&_nc_ss=7f289&_nc_zt=28&oh=00_AQCoHZty_YPyZI9eDG5RIui4k-aYl1hPqnn80laE73j67w&oe=6A68F332,https://scontent.fblr22-1.fna.fbcdn.net/v/t39.35426-6/753396724_1216289517293998_2507224809883974643_n.jpg?_nc_cat=101&ccb=1-7&_nc_sid=c53f8f&_nc_ohc=CxDMPx2DrYQQ7kNvwHT4m_i&_nc_oc=Adqm5JwlVlC1FJffKO9Mj7YqeLUzk9AndTRt08Dzt1XSShm84Demdr1VQTTuVgYthZo&_nc_zt=14&_nc_ht=scontent.fblr22-1.fna&_nc_gid=0BtTcPdBwe5mAv8Kas_pBA&_nc_ss=7f289&oh=00_AQBUMTMvGdmTqlzkfMyBd4SzKzunDhn9uyg7ID6fMW-T9Q&oe=6A68DC7C,2026-07-28T18:21:38.000Z,2026-07-24
149,145,Lingo AI,599204246602758,Lingo AI,,IN,1555764442572466,https://www.facebook.com/ads/library/?id=1555764442572466,2026-07-12,,true,false,1,0,,2026-07-12,,"🌟 Want to improve your English? 
📱 Learn anytime in just minutes a day 
💬 Build real speaking confidence 
👉 Download now",👉 Download now,Download,https://speaklearnfrenchlingoai.onelink.me/Y67n?pid=metaweb_int&c={{campaign.name}}&af_c_id={{campaign.id}}&af_adset={{adset.name}}&af_adset_id={{adset.id}}&af_ad={{ad.name}}&af_ad_id={{ad.id}}&af_siteid={{site_source_name}},"Facebook,Instagram,Audience Network,Messenger,Threads","🌟 Want to improve your English? 
📱 Learn anytime in just minutes a day 
💬 Build real speaking confidence 
👉 Download now",👉 Download now,Download,https://speaklearnfrenchlingoai.onelink.me/Y67n?pid=metaweb_int&c={{campaign.name}}&af_c_id={{campaign.id}}&af_adset={{adset.name}}&af_adset_id={{adset.id}}&af_ad={{ad.name}}&af_ad_id={{ad.id}}&af_siteid={{site_source_name}},Video,"Facebook,Instagram,Audience Network,Messenger,Threads",1,0,9:16,https://video.fblr22-1.fna.fbcdn.net/o1/v/t2/f2/m366/AQOVUJsKEkd6Wn9N7blpA1xin0NAOzBggOEEwppry-1jeDdw0gZuMH6bTkfHOrnlOZWGTurmZZJO9NigZt4yjR5sH1uP-a-FdeEIkmxV1vPoVQ.mp4?_nc_cat=109&_nc_oc=Adr0p8wM9UPB5Zyyns6pWmHVtNtV__m6z-7VwKqnrKXGMxJ78_w_q55zyeptG1Oid3E&_nc_sid=b66105&_nc_ht=video.fblr22-1.fna.fbcdn.net&_nc_ohc=gkXlpBpZrRAQ7kNvwH1jHTk&efg=eyJ2ZW5jb2RlX3RhZyI6Inhwdl9wcm9ncmVzc2l2ZS5WSV9VU0VDQVNFX1BST0RVQ1RfVFlQRS4uQzMuNjA4LmRhc2hfaDI2NC1iYXNpYy1nZW4yXzcyMHAiLCJ4cHZfYXNzZXRfaWQiOjk4NzQ0MzcyNDEwNzQzNywiYXNzZXRfYWdlX2RheXMiOjIzLCJ2aV91c2VjYXNlX2lkIjoxMDEzOSwiZHVyYXRpb25fcyI6MzUsInVybGdlbl9zb3VyY2UiOiJ3d3cifQ%3D%3D&ccb=17-1&vs=f145c4d34dcd5d54&_nc_vs=HBksFQIYRWZiX2VwaGVtZXJhbC9DMzQ5NTMyQkFFODE5ODg5QjZFNzAwMzA5Qjk0QUY5NF9tdF8xX3ZpZGVvX2Rhc2hpbml0Lm1wNBUAAsgBEgAVAhhAZmJfcGVybWFuZW50L0NFNDlDNDQ5MzhBQUQzQTJBQzdFNDJCOUQwOUNCRTg4X2F1ZGlvX2Rhc2hpbml0Lm1wNBUCAsgBEgAoABgAGwKIB3VzZV9vaWwBMRJwcm9ncmVzc2l2ZV9yZWNpcGUBMRUAACba-smG5YTBAxUCKAJDMywXQEG7peNT988YGWRhc2hfaDI2NC1iYXNpYy1nZW4yXzcyMHARAHUAZbaeAQA&_nc_gid=0BtTcPdBwe5mAv8Kas_pBA&_nc_ss=7f289&_nc_zt=28&oh=00_AQB35syZjasoK_utppS7jNq5rHdoUxUpfeNDLiL0u9cxiA&oe=6A68D623,https://scontent.fblr22-1.fna.fbcdn.net/v/t39.35426-6/746002721_1028657460017287_1200100533079186983_n.jpg?_nc_cat=102&ccb=1-7&_nc_sid=c53f8f&_nc_ohc=UdUpJlKThbkQ7kNvwEUslI7&_nc_oc=AdoqrCFus3gZPQcHDw17Yt5yluFZg1vhB1qFGXg5oPweh7V_WYY7OKxr7HsKy315YCc&_nc_zt=14&_nc_ht=scontent.fblr22-1.fna&_nc_gid=0BtTcPdBwe5mAv8Kas_pBA&_nc_ss=7f289&oh=00_AQDufjxbkWUpPADsOJtaAKCdYVhbnVc_bfvzyHBYhewq9Q&oe=6A68DE10,2026-07-28T16:17:39.000Z,2026-07-24
150,146,Lingo AI,599204246602758,Lingo AI,,IN,1061803716382467,https://www.facebook.com/ads/library/?id=1061803716382467,2026-07-12,,true,false,1,0,,2026-07-12,,"🌟 Want to improve your English? 
📱 Learn anytime in just minutes a day 
💬 Build real speaking confidence 
👉 Download now",👉 Download now,Download,https://speaklearnfrenchlingoai.onelink.me/Y67n?pid=metaweb_int&c={{campaign.name}}&af_c_id={{campaign.id}}&af_adset={{adset.name}}&af_adset_id={{adset.id}}&af_ad={{ad.name}}&af_ad_id={{ad.id}}&af_siteid={{site_source_name}},"Facebook,Instagram,Audience Network,Messenger,Threads","🌟 Want to improve your English? 
📱 Learn anytime in just minutes a day 
💬 Build real speaking confidence 
👉 Download now",👉 Download now,Download,https://speaklearnfrenchlingoai.onelink.me/Y67n?pid=metaweb_int&c={{campaign.name}}&af_c_id={{campaign.id}}&af_adset={{adset.name}}&af_adset_id={{adset.id}}&af_ad={{ad.name}}&af_ad_id={{ad.id}}&af_siteid={{site_source_name}},Video,"Facebook,Instagram,Audience Network,Messenger,Threads",1,0,9:16,https://video.fblr22-2.fna.fbcdn.net/o1/v/t2/f2/m366/AQM61Baq326-tOI0CXa3V7U1qfG13MMeO7VMh1SQ4yYlTmKtCFVZxkihkJNJvHwuxccjJU-_MuIJOvOnq7GVDuc898UYABm7sy_fMmMSL7TkHQ.mp4?_nc_cat=110&_nc_oc=Adprnm3L8lT6Y-feVLLEFmkQ1ZS_AQRWszC82vrM_9EMbj0Z1hBML5GMYBkV8JwBXoE&_nc_sid=b66105&_nc_ht=video.fblr22-2.fna.fbcdn.net&_nc_ohc=HsQQ0BcjOTwQ7kNvwFiGzTY&efg=eyJ2ZW5jb2RlX3RhZyI6Inhwdl9wcm9ncmVzc2l2ZS5WSV9VU0VDQVNFX1BST0RVQ1RfVFlQRS4uQzMuNzIwLmRhc2hfaDI2NC1iYXNpYy1nZW4yXzcyMHAiLCJ4cHZfYXNzZXRfaWQiOjEwMzYwMTA2MjU1ODg3NzYsImFzc2V0X2FnZV9kYXlzIjoxMCwidmlfdXNlY2FzZV9pZCI6MTAxMzksImR1cmF0aW9uX3MiOjQ2LCJ1cmxnZW5fc291cmNlIjoid3d3In0%3D&ccb=17-1&vs=231d8e31a62ce86&_nc_vs=HBksFQIYRWZiX2VwaGVtZXJhbC81QTQ1MkMyMUUyRDdFOUZFRkJBNjYwNDYxM0FCQzk4QV9tdF8xX3ZpZGVvX2Rhc2hpbml0Lm1wNBUAAsgBEgAVAhhAZmJfcGVybWFuZW50L0MzNDkyRDYyMjY4NUYzMEU5N0VBMkYxMkJEQUQwMjk4X2F1ZGlvX2Rhc2hpbml0Lm1wNBUCAsgBEgAoABgAGwKIB3VzZV9vaWwBMRJwcm9ncmVzc2l2ZV9yZWNpcGUBMRUAACbQ-JLV4I_XAxUCKAJDMywXQEcMzMzMzM0YGWRhc2hfaDI2NC1iYXNpYy1nZW4yXzcyMHARAHUAZbaeAQA&_nc_gid=0BtTcPdBwe5mAv8Kas_pBA&_nc_ss=7f289&_nc_zt=28&oh=00_AQDGlb-sm0zHQIRrNLoalsmuEaYsYPjsGCyvZfA8YRp5XA&oe=6A6908E2,https://scontent.fblr22-1.fna.fbcdn.net/v/t39.35426-6/747625592_1025949343687988_326668277155217162_n.jpg?_nc_cat=109&ccb=1-7&_nc_sid=c53f8f&_nc_ohc=LgVJTb25nEAQ7kNvwFyFvbM&_nc_oc=AdpxMhq_vD-piYE2k0dJFGMlUO06j1bnXaBN5a-P8gQsK8mdljPV52UE61wODjx_ES8&_nc_zt=14&_nc_ht=scontent.fblr22-1.fna&_nc_gid=0BtTcPdBwe5mAv8Kas_pBA&_nc_ss=7f289&oh=00_AQA2vXvORN796JPISZaEIWQYroPajFYN5AzhGqIL6fKqmg&oe=6A68FE5E,2026-07-28T19:54:10.000Z,2026-07-24
151,147,Lingo AI,599204246602758,Lingo AI,,IN,1049664257405247,https://www.facebook.com/ads/library/?id=1049664257405247,2026-07-22,,true,false,1,0,,2026-07-22,,"🌟 想提升你的英语吗？
📱 每天只需几分钟，随时随地学习
💬 建立真正的英语口语自信
👉 立即下载",👉 立即下载,Download,https://speaklearnfrenchlingoai.onelink.me/Y67n?pid=metaweb_int&c={{campaign.name}}&af_c_id={{campaign.id}}&af_adset={{adset.name}}&af_adset_id={{adset.id}}&af_ad={{ad.name}}&af_ad_id={{ad.id}}&af_siteid={{site_source_name}},"Facebook,Instagram,Audience Network,Messenger,Threads","🌟 想提升你的英语吗？
📱 每天只需几分钟，随时随地学习
💬 建立真正的英语口语自信
👉 立即下载",👉 立即下载,Download,https://speaklearnfrenchlingoai.onelink.me/Y67n?pid=metaweb_int&c={{campaign.name}}&af_c_id={{campaign.id}}&af_adset={{adset.name}}&af_adset_id={{adset.id}}&af_ad={{ad.name}}&af_ad_id={{ad.id}}&af_siteid={{site_source_name}},Video,"Facebook,Instagram,Audience Network,Messenger,Threads",1,0,9:16,https://video.fblr22-2.fna.fbcdn.net/o1/v/t2/f2/m366/AQNwYbifBZ8_PTJtZ9jPU9usG7Z9wteVHz_LhCZG7bp9HP86Wa5Zwo4YenwdgiwH1RUcujQznvNRo2RPWdvWYcwb2MPPSLjJ9CrDMncxM9Rm7Q.mp4?_nc_cat=111&_nc_oc=AdqD3XT7dgPfF0pLgW3A1PP-_2R1as7-hfRj3ihkE-dY7v4Ok6wE9mvVP4qa-nw-L20&_nc_sid=b66105&_nc_ht=video.fblr22-2.fna.fbcdn.net&_nc_ohc=_lvzgfbHBFwQ7kNvwEmD99W&efg=eyJ2ZW5jb2RlX3RhZyI6Inhwdl9wcm9ncmVzc2l2ZS5WSV9VU0VDQVNFX1BST0RVQ1RfVFlQRS4uQzMuNjA4LmRhc2hfaDI2NC1iYXNpYy1nZW4yXzcyMHAiLCJ4cHZfYXNzZXRfaWQiOjEyOTYyMTI3MDY5MDE4MTgsImFzc2V0X2FnZV9kYXlzIjowLCJ2aV91c2VjYXNlX2lkIjoxMDEzOSwiZHVyYXRpb25fcyI6NTQsInVybGdlbl9zb3VyY2UiOiJ3d3cifQ%3D%3D&ccb=17-1&vs=99c681c04bbfea96&_nc_vs=HBksFQIYRWZiX2VwaGVtZXJhbC81QzQzMEE3RjUyQzM4QzlBRTk3MjUzMzQ0Mzg1OEJBMV9tdF8xX3ZpZGVvX2Rhc2hpbml0Lm1wNBUAAsgBEgAVAhhAZmJfcGVybWFuZW50LzQxNEQxMEI3NjNDRjE3QkMwNDgzMzE2RjRCNkFBNkFEX2F1ZGlvX2Rhc2hpbml0Lm1wNBUCAsgBEgAoABgAGwKIB3VzZV9vaWwBMRJwcm9ncmVzc2l2ZV9yZWNpcGUBMRUAACb0_JWfwbnNBBUCKAJDMywXQEtIcrAgxJwYGWRhc2hfaDI2NC1iYXNpYy1nZW4yXzcyMHARAHUAZbaeAQA&_nc_gid=P22TKgfSvXFeCh1Kv_ujIA&_nc_ss=7f289&_nc_zt=28&oh=00_AQC4vGFKO5htkkXiE4xIxkzVuY7Dp5oGvQ2tG4Lsw0uEIg&oe=6A6905D5,https://scontent.fblr22-1.fna.fbcdn.net/v/t39.35426-6/753361664_1437917341429838_2690783478252047837_n.jpg?_nc_cat=102&ccb=1-7&_nc_sid=c53f8f&_nc_ohc=B3MESl0CX7cQ7kNvwFwPXZG&_nc_oc=AdrktghDV7Hv7Y8SsQSMJIVigLdDIDPq4UpY3mblsKzoFU_eWpEXyMzr7xLTheM7tOc&_nc_zt=14&_nc_ht=scontent.fblr22-1.fna&_nc_gid=P22TKgfSvXFeCh1Kv_ujIA&_nc_ss=7f289&oh=00_AQANNibdm-jBXpwxFBohLEX3RMsgDbpd3ICU2Tihi8ruuQ&oe=6A68D379,2026-07-28T19:41:09.000Z,2026-07-24
152,148,Lingo AI,599204246602758,Lingo AI,,IN,1038922562190914,https://www.facebook.com/ads/library/?id=1038922562190914,2026-07-22,,false,false,1,0,,2026-07-22,,"🌟 想提升你的英语吗？
📱 每天只需几分钟，随时随地学习
💬 建立真正的英语口语自信
👉 立即下载",👉 立即下载,Download,https://speaklearnfrenchlingoai.onelink.me/Y67n?pid=metaweb_int&c={{campaign.name}}&af_c_id={{campaign.id}}&af_adset={{adset.name}}&af_adset_id={{adset.id}}&af_ad={{ad.name}}&af_ad_id={{ad.id}}&af_siteid={{site_source_name}},"Facebook,Instagram,Audience Network,Messenger,Threads","🌟 想提升你的英语吗？
📱 每天只需几分钟，随时随地学习
💬 建立真正的英语口语自信
👉 立即下载",👉 立即下载,Download,https://speaklearnfrenchlingoai.onelink.me/Y67n?pid=metaweb_int&c={{campaign.name}}&af_c_id={{campaign.id}}&af_adset={{adset.name}}&af_adset_id={{adset.id}}&af_ad={{ad.name}}&af_ad_id={{ad.id}}&af_siteid={{site_source_name}},Video,"Facebook,Instagram,Audience Network,Messenger,Threads",1,0,9:16,https://video.fblr22-1.fna.fbcdn.net/o1/v/t2/f2/m366/AQP_P1CrW_xGQgfoTOZUNtZtSg5YBfOH2xUTkgozNSHCUz1PM4dAK7JkjWSW_tg28LTKM2SGYFuhc-ysOxnzXhq0eKzuFe56o8UrkmWTujmRkw.mp4?_nc_cat=104&_nc_oc=AdrIMW7xIojgM-94Xs02yoDDl52NZQX7IBNoq1eQE-xl0HC9H5RELg-mAGuqN27CV2U&_nc_sid=b66105&_nc_ht=video.fblr22-1.fna.fbcdn.net&_nc_ohc=jbfwHG812qwQ7kNvwGFV2JT&efg=eyJ2ZW5jb2RlX3RhZyI6Inhwdl9wcm9ncmVzc2l2ZS5WSV9VU0VDQVNFX1BST0RVQ1RfVFlQRS4uQzMuNjA4LmRhc2hfaDI2NC1iYXNpYy1nZW4yXzcyMHAiLCJ4cHZfYXNzZXRfaWQiOjE5ODc0NTA4NDE5NTc3NDMsImFzc2V0X2FnZV9kYXlzIjowLCJ2aV91c2VjYXNlX2lkIjoxMDEzOSwiZHVyYXRpb25fcyI6NjAsInVybGdlbl9zb3VyY2UiOiJ3d3cifQ%3D%3D&ccb=17-1&vs=38889c85d6159b04&_nc_vs=HBksFQIYRWZiX2VwaGVtZXJhbC8xMTRFREQxREMwMzI1QTRERTNFM0RBNTIxMEY3QkZBM19tdF8xX3ZpZGVvX2Rhc2hpbml0Lm1wNBUAAsgBEgAVAhhAZmJfcGVybWFuZW50L0YwNDAwRTAwRUI1N0FEMkM1Q0IyNUU1RTEwQkQ3Qzk4X2F1ZGlvX2Rhc2hpbml0Lm1wNBUCAsgBEgAoABgAGwKIB3VzZV9vaWwBMRJwcm9ncmVzc2l2ZV9yZWNpcGUBMRUAACbelYzX7uSHBxUCKAJDMywXQE5RBiTdLxsYGWRhc2hfaDI2NC1iYXNpYy1nZW4yXzcyMHARAHUAZbaeAQA&_nc_gid=P22TKgfSvXFeCh1Kv_ujIA&_nc_ss=7f289&_nc_zt=28&oh=00_AQCB6ejlsm9lSL_hCtKKrnPFQjNOawrFteWw9RpvS8S1BA&oe=6A68DC18,https://scontent.fblr22-2.fna.fbcdn.net/v/t39.35426-6/754960503_884732611377894_5388708765709685080_n.jpg?_nc_cat=107&ccb=1-7&_nc_sid=c53f8f&_nc_ohc=Ibqvh4KsezAQ7kNvwEzdDCk&_nc_oc=AdrtXJ_-xQVMUe8ItNvDxCyGolTu9TNpv9HoMz-ZagOTJoCxjSetJvTTnbtcBiotHbY&_nc_zt=14&_nc_ht=scontent.fblr22-2.fna&_nc_gid=P22TKgfSvXFeCh1Kv_ujIA&_nc_ss=7f289&oh=00_AQBpO0bPeMxs-8SPXzJbmbzwPZR1RThuCusNcQrGan2ypA&oe=6A6900E6,2026-07-28T16:43:04.000Z,2026-07-24
153,149,Lingo AI,599204246602758,Lingo AI,,IN,2794731494219714,https://www.facebook.com/ads/library/?id=2794731494219714,2026-07-12,,true,false,1,0,,2026-07-12,,"🌟 Want to improve your English? 
📱 Learn anytime in just minutes a day 
💬 Build real speaking confidence 
👉 Download now",👉 Download now,Download,https://speaklearnfrenchlingoai.onelink.me/Y67n?pid=metaweb_int&c={{campaign.name}}&af_c_id={{campaign.id}}&af_adset={{adset.name}}&af_adset_id={{adset.id}}&af_ad={{ad.name}}&af_ad_id={{ad.id}}&af_siteid={{site_source_name}},"Facebook,Instagram,Audience Network,Messenger,Threads","🌟 Want to improve your English? 
📱 Learn anytime in just minutes a day 
💬 Build real speaking confidence 
👉 Download now",👉 Download now,Download,https://speaklearnfrenchlingoai.onelink.me/Y67n?pid=metaweb_int&c={{campaign.name}}&af_c_id={{campaign.id}}&af_adset={{adset.name}}&af_adset_id={{adset.id}}&af_ad={{ad.name}}&af_ad_id={{ad.id}}&af_siteid={{site_source_name}},Video,"Facebook,Instagram,Audience Network,Messenger,Threads",1,0,9:16,https://video.fblr22-1.fna.fbcdn.net/o1/v/t2/f2/m366/AQMRNh9nNwhoRA1t0lBKGuR5tnkSX42_rBOacxoUEC1EqEPrRIl0CJk1KF5PFBnsXI6l3Njwwe_pIFqOPGVvrsKG82dFXhyrBcMBg5-3SOPSyg.mp4?_nc_cat=106&_nc_oc=AdpTgDqz71vzIK4yg_FN_bqbG1qET4tvnmjfH7AZC1_4exwnfZfJk_Y65rESy5XEl7s&_nc_sid=b66105&_nc_ht=video.fblr22-1.fna.fbcdn.net&_nc_ohc=56RMGuDTjT0Q7kNvwHWduOo&efg=eyJ2ZW5jb2RlX3RhZyI6Inhwdl9wcm9ncmVzc2l2ZS5WSV9VU0VDQVNFX1BST0RVQ1RfVFlQRS4uQzMuNjA4LmRhc2hfaDI2NC1iYXNpYy1nZW4yXzcyMHAiLCJ4cHZfYXNzZXRfaWQiOjI0NDE5NDMzMTYyNzI2OTIsImFzc2V0X2FnZV9kYXlzIjoyMywidmlfdXNlY2FzZV9pZCI6MTAxMzksImR1cmF0aW9uX3MiOjU0LCJ1cmxnZW5fc291cmNlIjoid3d3In0%3D&ccb=17-1&vs=e489806b84160f11&_nc_vs=HBksFQIYRWZiX2VwaGVtZXJhbC8zQTQzMUI5QjJERDAyMjNEQUYxNjEyRjU5QjExNEM5M19tdF8xX3ZpZGVvX2Rhc2hpbml0Lm1wNBUAAsgBEgAVAhhAZmJfcGVybWFuZW50L0YyNEVFNzEyRTM4Q0UyNkEwMTc3NEI5N0YyMEU5QTg3X2F1ZGlvX2Rhc2hpbml0Lm1wNBUCAsgBEgAoABgAGwKIB3VzZV9vaWwBMRJwcm9ncmVzc2l2ZV9yZWNpcGUBMRUAACbo2Oy-57vWCBUCKAJDMywXQEsMzMzMzM0YGWRhc2hfaDI2NC1iYXNpYy1nZW4yXzcyMHARAHUAZbaeAQA&_nc_gid=P22TKgfSvXFeCh1Kv_ujIA&_nc_ss=7f289&_nc_zt=28&oh=00_AQB344vS6fGDFOzbtgeEWiVmlgH1My8WywTGxie2Gipa1g&oe=6A68E122,https://scontent.fblr22-1.fna.fbcdn.net/v/t39.35426-6/746209434_1723043286098359_8928378721066619049_n.jpg?_nc_cat=108&ccb=1-7&_nc_sid=c53f8f&_nc_ohc=KAFTmKxJO_sQ7kNvwHX0059&_nc_oc=Adpe7Acx0fxwyEoDUggr7gq6CoYsLc6X5NWeUDaXBliRtLwHqou7tBilfDAtoglXXQM&_nc_zt=14&_nc_ht=scontent.fblr22-1.fna&_nc_gid=P22TKgfSvXFeCh1Kv_ujIA&_nc_ss=7f289&oh=00_AQBwRLLTxgE3qEUBCW5iwsiNS9QKTSDLSj9aklHjxXbvgQ&oe=6A68E47A,2026-07-28T17:04:34.000Z,2026-07-24
154,150,Lingo AI,599204246602758,Lingo AI,,IN,1727012921951188,https://www.facebook.com/ads/library/?id=1727012921951188,2026-07-22,,true,false,1,0,,2026-07-22,,"📘 Learn English easily with simple lessons 
😊 Build confidence with everyday speaking practice 
👉 Download now",👉 Download now,Download,https://speaklearnfrenchlingoai.onelink.me/Y67n?pid=metaweb_int&c={{campaign.name}}&af_c_id={{campaign.id}}&af_adset={{adset.name}}&af_adset_id={{adset.id}}&af_ad={{ad.name}}&af_ad_id={{ad.id}}&af_siteid={{site_source_name}},"Facebook,Instagram,Audience Network,Messenger,Threads","📘 Learn English easily with simple lessons 
😊 Build confidence with everyday speaking practice 
👉 Download now",👉 Download now,Download,https://speaklearnfrenchlingoai.onelink.me/Y67n?pid=metaweb_int&c={{campaign.name}}&af_c_id={{campaign.id}}&af_adset={{adset.name}}&af_adset_id={{adset.id}}&af_ad={{ad.name}}&af_ad_id={{ad.id}}&af_siteid={{site_source_name}},Video,"Facebook,Instagram,Audience Network,Messenger,Threads",1,0,9:16,https://video.fblr22-1.fna.fbcdn.net/o1/v/t2/f2/m366/AQNns1yJo-zYDGpAkb4oc9LY6277dkrJ3XBEaUMp-49ZnGTe5FY_sCROVQFyHKE-jZFOczLLsJASz-BJX-EB-_KzccV4gWqen89qaxdHef-T0w.mp4?_nc_cat=101&_nc_oc=AdqAnmUbTRDozDzecKxw4CRVU5QfzpSQoHM6WjYrbNOBBEIHEWNWQMzQIvwucIUCdVc&_nc_sid=b66105&_nc_ht=video.fblr22-1.fna.fbcdn.net&_nc_ohc=lwatdb9YDi8Q7kNvwHTg7gX&efg=eyJ2ZW5jb2RlX3RhZyI6Inhwdl9wcm9ncmVzc2l2ZS5WSV9VU0VDQVNFX1BST0RVQ1RfVFlQRS4uQzMuNjA4LmRhc2hfaDI2NC1iYXNpYy1nZW4yXzcyMHAiLCJ4cHZfYXNzZXRfaWQiOjkwMDI0NDc4MzE0MzYzNywiYXNzZXRfYWdlX2RheXMiOjAsInZpX3VzZWNhc2VfaWQiOjEwMTM5LCJkdXJhdGlvbl9zIjoyNiwidXJsZ2VuX3NvdXJjZSI6Ind3dyJ9&ccb=17-1&vs=f5068db4c531ed9&_nc_vs=HBksFQIYRWZiX2VwaGVtZXJhbC81MTQyMDFCNjIwRDI5Nzk1ODNFRjgwMTdBREU0MzRCMV9tdF8xX3ZpZGVvX2Rhc2hpbml0Lm1wNBUAAsgBEgAVAhhAZmJfcGVybWFuZW50L0EyNENEQUI0M0JFM0E3QUYzNzZENUY1QTAzNjQyQTk5X2F1ZGlvX2Rhc2hpbml0Lm1wNBUCAsgBEgAoABgAGwKIB3VzZV9vaWwBMRJwcm9ncmVzc2l2ZV9yZWNpcGUBMRUAACaq65SokrGZAxUCKAJDMywXQDp3S8an754YGWRhc2hfaDI2NC1iYXNpYy1nZW4yXzcyMHARAHUAZbaeAQA&_nc_gid=P22TKgfSvXFeCh1Kv_ujIA&_nc_ss=7f289&_nc_zt=28&oh=00_AQCissMfbNG99bGGiNwCZlvtFV75grZfue0Yw0-4iKxMcQ&oe=6A68DD9F,https://scontent.fblr22-1.fna.fbcdn.net/v/t39.35426-6/752823036_1791017008929678_7092600897661815291_n.jpg?_nc_cat=106&ccb=1-7&_nc_sid=c53f8f&_nc_ohc=Q6ZnrbncWSoQ7kNvwFvY7Sp&_nc_oc=AdqeByFjUz_nkumIpJGlEF_IzZhM_YEr1qkGLKk70i3_fWcnSvAQhRQ1DXVf0vtvX5I&_nc_zt=14&_nc_ht=scontent.fblr22-1.fna&_nc_gid=P22TKgfSvXFeCh1Kv_ujIA&_nc_ss=7f289&oh=00_AQAb_oMeiij44tW-EY3JnQNujfCADgQsxL20uBW91GxeeA&oe=6A68D876,2026-07-28T16:49:35.000Z,2026-07-24
155,151,Lingo AI,599204246602758,Lingo AI,,IN,1078340664867695,https://www.facebook.com/ads/library/?id=1078340664867695,2026-07-22,,true,false,1,0,,2026-07-22,,"📘 Learn English easily with simple lessons 
😊 Build confidence with everyday speaking practice 
👉 Download now",👉 Download now,Download,https://speaklearnfrenchlingoai.onelink.me/Y67n?pid=metaweb_int&c={{campaign.name}}&af_c_id={{campaign.id}}&af_adset={{adset.name}}&af_adset_id={{adset.id}}&af_ad={{ad.name}}&af_ad_id={{ad.id}}&af_siteid={{site_source_name}},"Facebook,Instagram,Audience Network,Messenger,Threads","📘 Learn English easily with simple lessons 
😊 Build confidence with everyday speaking practice 
👉 Download now",👉 Download now,Download,https://speaklearnfrenchlingoai.onelink.me/Y67n?pid=metaweb_int&c={{campaign.name}}&af_c_id={{campaign.id}}&af_adset={{adset.name}}&af_adset_id={{adset.id}}&af_ad={{ad.name}}&af_ad_id={{ad.id}}&af_siteid={{site_source_name}},Video,"Facebook,Instagram,Audience Network,Messenger,Threads",1,0,9:16,https://video.fblr22-2.fna.fbcdn.net/o1/v/t2/f2/m366/AQOddtcLnN4oc44TnG66blzkZ1sxIaeUfQ5tcStcx5QR5hoMjm_Clf1bP-3YNaFbkBVdlxnJUMES7o2kSirLkeVznDN7KkzqAqatoNx9kzz3qw.mp4?_nc_cat=111&_nc_oc=AdqenvkO9G4suZyNykZitR_58eHVv0zw_dF-KRn9zNbFgqMfVzvO59hxOJ4DFzb1F6A&_nc_sid=b66105&_nc_ht=video.fblr22-2.fna.fbcdn.net&_nc_ohc=IniF8FFjgGEQ7kNvwEPgkHd&efg=eyJ2ZW5jb2RlX3RhZyI6Inhwdl9wcm9ncmVzc2l2ZS5WSV9VU0VDQVNFX1BST0RVQ1RfVFlQRS4uQzMuNjA4LmRhc2hfaDI2NC1iYXNpYy1nZW4yXzcyMHAiLCJ4cHZfYXNzZXRfaWQiOjg2Njk5ODU2NjIwMDEyNiwiYXNzZXRfYWdlX2RheXMiOjAsInZpX3VzZWNhc2VfaWQiOjEwMTM5LCJkdXJhdGlvbl9zIjoyNiwidXJsZ2VuX3NvdXJjZSI6Ind3dyJ9&ccb=17-1&vs=d90ec4918a17f98d&_nc_vs=HBksFQIYRWZiX2VwaGVtZXJhbC81ODRDMzYyMjY3QzgyOUMyODlFOEI0OEU5NTQ5MUZCRF9tdF8xX3ZpZGVvX2Rhc2hpbml0Lm1wNBUAAsgBEgAVAhhAZmJfcGVybWFuZW50LzlGNDJGQ0I2RjdDNUE4NkIwNjY3QjgwNDQ2QzFCMUI0X2F1ZGlvX2Rhc2hpbml0Lm1wNBUCAsgBEgAoABgAGwKIB3VzZV9vaWwBMRJwcm9ncmVzc2l2ZV9yZWNpcGUBMRUAACb8jPnY-qGKAxUCKAJDMywXQDq7peNT988YGWRhc2hfaDI2NC1iYXNpYy1nZW4yXzcyMHARAHUAZbaeAQA&_nc_gid=P22TKgfSvXFeCh1Kv_ujIA&_nc_ss=7f289&_nc_zt=28&oh=00_AQBbX2b8GX1K0TzXQVx3q3H_h2LJhgXIKlguYfj18waobw&oe=6A68FF0D,https://scontent.fblr22-1.fna.fbcdn.net/v/t39.35426-6/753970741_4067502390215062_2721176949679134511_n.jpg?_nc_cat=101&ccb=1-7&_nc_sid=c53f8f&_nc_ohc=bw-W3p5xGNcQ7kNvwHb3j0C&_nc_oc=AdqB3uh8ljzkApsnUo-g_dzPw4bEY6EezsO3TouDr_kvB45ohFO6RueyeMKswmlXPK0&_nc_zt=14&_nc_ht=scontent.fblr22-1.fna&_nc_gid=P22TKgfSvXFeCh1Kv_ujIA&_nc_ss=7f289&oh=00_AQAw19VidyqBFFJF-WvXVXJZbPo9DllgSOoRaTHt9AKYSA&oe=6A68E89D,2026-07-28T19:12:13.000Z,2026-07-24
156,152,Lingo AI,599204246602758,Lingo AI,,IN,2283025218901164,https://www.facebook.com/ads/library/?id=2283025218901164,2026-07-12,,true,false,1,0,,2026-07-12,,"🌟 Want to improve your English? 
📱 Learn anytime in just minutes a day 
💬 Build real speaking confidence 
👉 Download now",👉 Download now,Download,https://speaklearnfrenchlingoai.onelink.me/Y67n?pid=metaweb_int&c={{campaign.name}}&af_c_id={{campaign.id}}&af_adset={{adset.name}}&af_adset_id={{adset.id}}&af_ad={{ad.name}}&af_ad_id={{ad.id}}&af_siteid={{site_source_name}},"Facebook,Instagram,Audience Network,Messenger,Threads","🌟 Want to improve your English? 
📱 Learn anytime in just minutes a day 
💬 Build real speaking confidence 
👉 Download now",👉 Download now,Download,https://speaklearnfrenchlingoai.onelink.me/Y67n?pid=metaweb_int&c={{campaign.name}}&af_c_id={{campaign.id}}&af_adset={{adset.name}}&af_adset_id={{adset.id}}&af_ad={{ad.name}}&af_ad_id={{ad.id}}&af_siteid={{site_source_name}},Video,"Facebook,Instagram,Audience Network,Messenger,Threads",1,0,9:16,https://video.fblr22-1.fna.fbcdn.net/o1/v/t2/f2/m366/AQOyD4FA3YvZeLS5VqTkhpVCBVAuvSjkfM2j5_Sjt6fBhoYdVbid_oKrJPrUdZqgDd7d5ID4kUswnFFnXZnsMY1wvtWL9x7XxLLo_emZ5MhTlA.mp4?_nc_cat=109&_nc_oc=AdrqZwehfhTEuL6M5Vl8fums8r3sfH8mBzqrjwPKDKG3ybmrWxWxQso-xY4VXgIIyM0&_nc_sid=b66105&_nc_ht=video.fblr22-1.fna.fbcdn.net&_nc_ohc=lkZAIddBoKcQ7kNvwFYU_KS&efg=eyJ2ZW5jb2RlX3RhZyI6Inhwdl9wcm9ncmVzc2l2ZS5WSV9VU0VDQVNFX1BST0RVQ1RfVFlQRS4uQzMuNzIwLmRhc2hfaDI2NC1iYXNpYy1nZW4yXzcyMHAiLCJ4cHZfYXNzZXRfaWQiOjIwODM1MDQ3ODU4OTY5MTIsImFzc2V0X2FnZV9kYXlzIjoxMCwidmlfdXNlY2FzZV9pZCI6MTAxMzksImR1cmF0aW9uX3MiOjQ2LCJ1cmxnZW5fc291cmNlIjoid3d3In0%3D&ccb=17-1&vs=589d4bd43792ebd5&_nc_vs=HBksFQIYRWZiX2VwaGVtZXJhbC9EMDQxQkYxQTE1ODY5M0VGMjNBRTUwNzRGMzA0QUU5Nl9tdF8xX3ZpZGVvX2Rhc2hpbml0Lm1wNBUAAsgBEgAVAhhAZmJfcGVybWFuZW50L0E1NERDOThGRTRBOUREQUZEMTJCRUNENTI1N0U5QjkwX2F1ZGlvX2Rhc2hpbml0Lm1wNBUCAsgBEgAoABgAGwKIB3VzZV9vaWwBMRJwcm9ncmVzc2l2ZV9yZWNpcGUBMRUAACag17Wq-LuzBxUCKAJDMywXQEcMzMzMzM0YGWRhc2hfaDI2NC1iYXNpYy1nZW4yXzcyMHARAHUAZbaeAQA&_nc_gid=P22TKgfSvXFeCh1Kv_ujIA&_nc_ss=7f289&_nc_zt=28&oh=00_AQAwsPA8QjGy-GPc-c7MCTWbtz9HgaXwadfPRVFTlszvag&oe=6A68F99F,https://scontent.fblr22-2.fna.fbcdn.net/v/t39.35426-6/747536123_1030368596153114_4272789353174080967_n.jpg?_nc_cat=107&ccb=1-7&_nc_sid=c53f8f&_nc_ohc=YNd6DgdRqzoQ7kNvwGXqig4&_nc_oc=AdrxlTmO3zBteTM90ghSIQav0vj7j3hWvGO02yEq6pNAwFNUz5a1kOuOa_vzOM6y7GE&_nc_zt=14&_nc_ht=scontent.fblr22-2.fna&_nc_gid=P22TKgfSvXFeCh1Kv_ujIA&_nc_ss=7f289&oh=00_AQApDsCnHSswEJs6BWt7LM7QQUSTcVXw0375ozUp30ZMtQ&oe=6A68DADC,2026-07-28T18:49:03.000Z,2026-07-24
157,153,Lingo AI,599204246602758,Lingo AI,,IN,1735642084114080,https://www.facebook.com/ads/library/?id=1735642084114080,2026-07-22,,true,false,1,0,,2026-07-22,,"📘 Learn English easily with simple lessons 
😊 Build confidence with everyday speaking practice 
👉 Download now",👉 Download now,Download,https://speaklearnfrenchlingoai.onelink.me/Y67n?pid=metaweb_int&c={{campaign.name}}&af_c_id={{campaign.id}}&af_adset={{adset.name}}&af_adset_id={{adset.id}}&af_ad={{ad.name}}&af_ad_id={{ad.id}}&af_siteid={{site_source_name}},"Facebook,Instagram,Audience Network,Messenger,Threads","📘 Learn English easily with simple lessons 
😊 Build confidence with everyday speaking practice 
👉 Download now",👉 Download now,Download,https://speaklearnfrenchlingoai.onelink.me/Y67n?pid=metaweb_int&c={{campaign.name}}&af_c_id={{campaign.id}}&af_adset={{adset.name}}&af_adset_id={{adset.id}}&af_ad={{ad.name}}&af_ad_id={{ad.id}}&af_siteid={{site_source_name}},Video,"Facebook,Instagram,Audience Network,Messenger,Threads",1,0,9:16,https://video.fblr22-2.fna.fbcdn.net/o1/v/t2/f2/m366/AQNShpty_RZ1ck4IsQC3yiSIbb06bNoeaioDJBlPYFhPMJCSXV3Rwh4NQWlj2oY6doVQUgR9IFbTb5U8LBgYsfyJgbJoAvqYWsbv_y75bOS1qA.mp4?_nc_cat=107&_nc_oc=Adrn9h-1frMhIn64NGdbdmZd6MfdJ8q_Nepj7TVZKNuS7BwKELBY4g5qJtnWiix9Oz8&_nc_sid=b66105&_nc_ht=video.fblr22-2.fna.fbcdn.net&_nc_ohc=sCDKHcHhM34Q7kNvwE7cfgz&efg=eyJ2ZW5jb2RlX3RhZyI6Inhwdl9wcm9ncmVzc2l2ZS5WSV9VU0VDQVNFX1BST0RVQ1RfVFlQRS4uQzMuNjA4LmRhc2hfaDI2NC1iYXNpYy1nZW4yXzcyMHAiLCJ4cHZfYXNzZXRfaWQiOjE2NjY4MDA1MTEwNzI5OTIsImFzc2V0X2FnZV9kYXlzIjowLCJ2aV91c2VjYXNlX2lkIjoxMDEzOSwiZHVyYXRpb25fcyI6NDUsInVybGdlbl9zb3VyY2UiOiJ3d3cifQ%3D%3D&ccb=17-1&vs=4151e42cdf548090&_nc_vs=HBksFQIYRWZiX2VwaGVtZXJhbC9GRTQyQjcwM0Y5MDQyRERGNkM3NjhBMEVDNzc1Q0JCQl9tdF8xX3ZpZGVvX2Rhc2hpbml0Lm1wNBUAAsgBEgAVAhhAZmJfcGVybWFuZW50LzA1NDlEMzQ0QjIzNEI0QjlGOTlCNTY0M0RBRTM4OEEzX2F1ZGlvX2Rhc2hpbml0Lm1wNBUCAsgBEgAoABgAGwKIB3VzZV9vaWwBMRJwcm9ncmVzc2l2ZV9yZWNpcGUBMRUAACbA6_3Fx_z1BRUCKAJDMywXQEaMzMzMzM0YGWRhc2hfaDI2NC1iYXNpYy1nZW4yXzcyMHARAHUAZbaeAQA&_nc_gid=P22TKgfSvXFeCh1Kv_ujIA&_nc_ss=7f289&_nc_zt=28&oh=00_AQA6l-WbW1ZOIlGYJexaUQZPXXcZB5AobkfbC8CozqdWQA&oe=6A6909FD,https://scontent.fblr22-1.fna.fbcdn.net/v/t39.35426-6/752903125_1388702269797000_7602797015332836142_n.jpg?_nc_cat=109&ccb=1-7&_nc_sid=c53f8f&_nc_ohc=SctxiIP4K4cQ7kNvwF3mvxm&_nc_oc=AdqSS-AhrTqoSlQelJO7Nes2TYq2MD3_50tP5pan-dJn7zj8C34UWs6FUI0VHEYH7Zo&_nc_zt=14&_nc_ht=scontent.fblr22-1.fna&_nc_gid=P22TKgfSvXFeCh1Kv_ujIA&_nc_ss=7f289&oh=00_AQAZjb_7S6U9oq9O1FrJXREHhHmj9zuQVbaucA1LsF5GBA&oe=6A68E694,2026-07-28T19:58:53.000Z,2026-07-24
158,154,Lingo AI,599204246602758,Lingo AI,,IN,1041185422234075,https://www.facebook.com/ads/library/?id=1041185422234075,2026-07-22,,false,false,1,0,,2026-07-22,,"📘 Learn English easily with simple lessons 
😊 Build confidence with everyday speaking practice 
👉 Download now",👉 Download now,Download,https://speaklearnfrenchlingoai.onelink.me/Y67n?pid=metaweb_int&c={{campaign.name}}&af_c_id={{campaign.id}}&af_adset={{adset.name}}&af_adset_id={{adset.id}}&af_ad={{ad.name}}&af_ad_id={{ad.id}}&af_siteid={{site_source_name}},"Facebook,Instagram,Audience Network,Messenger,Threads","📘 Learn English easily with simple lessons 
😊 Build confidence with everyday speaking practice 
👉 Download now",👉 Download now,Download,https://speaklearnfrenchlingoai.onelink.me/Y67n?pid=metaweb_int&c={{campaign.name}}&af_c_id={{campaign.id}}&af_adset={{adset.name}}&af_adset_id={{adset.id}}&af_ad={{ad.name}}&af_ad_id={{ad.id}}&af_siteid={{site_source_name}},Video,"Facebook,Instagram,Audience Network,Messenger,Threads",1,0,9:16,https://video.fblr22-1.fna.fbcdn.net/o1/v/t2/f2/m366/AQOr565TZzojbOPmdnirvVJKzWoMCmr-5ktuFinvlHV6N7nqv03dfQTVStAHGedPUssWXBgHwOWePi7JcvNlj0TFn1UsBmR1IMLfuSO0-sd5rg.mp4?_nc_cat=108&_nc_oc=AdoLG3ca4bOBAwVvan7YfDR7VQ7zC6LsvTI9Y5uDrXplFMXa2wrgo3GcW6eJS71Cqsk&_nc_sid=b66105&_nc_ht=video.fblr22-1.fna.fbcdn.net&_nc_ohc=Zw_LbGXtp4sQ7kNvwHrbfHC&efg=eyJ2ZW5jb2RlX3RhZyI6Inhwdl9wcm9ncmVzc2l2ZS5WSV9VU0VDQVNFX1BST0RVQ1RfVFlQRS4uQzMuNjA4LmRhc2hfaDI2NC1iYXNpYy1nZW4yXzcyMHAiLCJ4cHZfYXNzZXRfaWQiOjE3NzUyMzk1NzcyNDMyNjIsImFzc2V0X2FnZV9kYXlzIjowLCJ2aV91c2VjYXNlX2lkIjoxMDEzOSwiZHVyYXRpb25fcyI6MzksInVybGdlbl9zb3VyY2UiOiJ3d3cifQ%3D%3D&ccb=17-1&vs=cbd0420d7614003c&_nc_vs=HBksFQIYRWZiX2VwaGVtZXJhbC9GQjQxRDJGQkE4MDdCMUJCNTFCOTkwMEQ2N0YwMjJBQ19tdF8xX3ZpZGVvX2Rhc2hpbml0Lm1wNBUAAsgBEgAVAhhAZmJfcGVybWFuZW50LzU1NEQzOEU0NDdBMUY5OUE2ODU5QkJERkE3ODA4MkI3X2F1ZGlvX2Rhc2hpbml0Lm1wNBUCAsgBEgAoABgAGwKIB3VzZV9vaWwBMRJwcm9ncmVzc2l2ZV9yZWNpcGUBMRUAACb8uaTGxaSnBhUCKAJDMywXQEOAAAAAAAAYGWRhc2hfaDI2NC1iYXNpYy1nZW4yXzcyMHARAHUAZbaeAQA&_nc_gid=P22TKgfSvXFeCh1Kv_ujIA&_nc_ss=7f289&_nc_zt=28&oh=00_AQAoIf3BYGoX9Dyob4_bSzXth1FyxrTfnfd2BrzLMP0RtQ&oe=6A68F6D0,https://scontent.fblr22-1.fna.fbcdn.net/v/t39.35426-6/753954175_1173013425045651_5659881003886431145_n.jpg?_nc_cat=102&ccb=1-7&_nc_sid=c53f8f&_nc_ohc=--34AEdwVMEQ7kNvwEvUoh1&_nc_oc=AdpiSnfj5Ssig84yxhgzKJyRcN9gRLo0ODyyIES3Uqt6NsNjgwl6tLIxDYynxBBv5uQ&_nc_zt=14&_nc_ht=scontent.fblr22-1.fna&_nc_gid=P22TKgfSvXFeCh1Kv_ujIA&_nc_ss=7f289&oh=00_AQBDMgRTLhj1A5BXI9vU8fPnXUX8w-p0ZJBB4QWCto1AQw&oe=6A68D415,2026-07-28T18:37:04.000Z,2026-07-24
159,155,Lingo AI,599204246602758,Lingo AI,,IN,2418925451949449,https://www.facebook.com/ads/library/?id=2418925451949449,2026-07-22,,false,false,1,0,,2026-07-22,,"📘 Learn English easily with simple lessons 
😊 Build confidence with everyday speaking practice 
👉 Download now",👉 Download now,Download,https://speaklearnfrenchlingoai.onelink.me/Y67n?pid=metaweb_int&c={{campaign.name}}&af_c_id={{campaign.id}}&af_adset={{adset.name}}&af_adset_id={{adset.id}}&af_ad={{ad.name}}&af_ad_id={{ad.id}}&af_siteid={{site_source_name}},"Facebook,Instagram,Audience Network,Messenger,Threads","📘 Learn English easily with simple lessons 
😊 Build confidence with everyday speaking practice 
👉 Download now",👉 Download now,Download,https://speaklearnfrenchlingoai.onelink.me/Y67n?pid=metaweb_int&c={{campaign.name}}&af_c_id={{campaign.id}}&af_adset={{adset.name}}&af_adset_id={{adset.id}}&af_ad={{ad.name}}&af_ad_id={{ad.id}}&af_siteid={{site_source_name}},Video,"Facebook,Instagram,Audience Network,Messenger,Threads",1,0,9:16,https://video.fblr22-1.fna.fbcdn.net/o1/v/t2/f2/m366/AQOU-_EcjME4KxSH5fQYIZpSrweamx7j5TPMe0M0JyTF6ZeARvhgvVpoihatJEmUuwb5Gfxx5Uzhma-nSae9Qnjdb1IeoHvlMVML1swdWv7B1g.mp4?_nc_cat=106&_nc_oc=Adrh5PBCpCmxSsrBLq2FGjUlKMKYASvekG75oMk5J2fweNJ43Icm-AKajdyD2MM-1ug&_nc_sid=b66105&_nc_ht=video.fblr22-1.fna.fbcdn.net&_nc_ohc=EuhUcIYgT5cQ7kNvwGe1kED&efg=eyJ2ZW5jb2RlX3RhZyI6Inhwdl9wcm9ncmVzc2l2ZS5WSV9VU0VDQVNFX1BST0RVQ1RfVFlQRS4uQzMuNjA4LmRhc2hfaDI2NC1iYXNpYy1nZW4yXzcyMHAiLCJ4cHZfYXNzZXRfaWQiOjE1NTI4MjExNDYzMjQ2MDcsImFzc2V0X2FnZV9kYXlzIjowLCJ2aV91c2VjYXNlX2lkIjoxMDEzOSwiZHVyYXRpb25fcyI6MjYsInVybGdlbl9zb3VyY2UiOiJ3d3cifQ%3D%3D&ccb=17-1&vs=10b1fa506a81977a&_nc_vs=HBksFQIYRWZiX2VwaGVtZXJhbC85RDRBMEQ1RDJGRkJCOTM4MTZGRUFDMUE5MDgwNjlCRF9tdF8xX3ZpZGVvX2Rhc2hpbml0Lm1wNBUAAsgBEgAVAhhAZmJfcGVybWFuZW50LzQwNDFGMDZGQkE2NjdDMEQ1QTI3RUU4N0NFRTU3OThEX2F1ZGlvX2Rhc2hpbml0Lm1wNBUCAsgBEgAoABgAGwKIB3VzZV9vaWwBMRJwcm9ncmVzc2l2ZV9yZWNpcGUBMRUAACb-uZyNi5LCBRUCKAJDMywXQDqiDEm6XjUYGWRhc2hfaDI2NC1iYXNpYy1nZW4yXzcyMHARAHUAZbaeAQA&_nc_gid=P22TKgfSvXFeCh1Kv_ujIA&_nc_ss=7f289&_nc_zt=28&oh=00_AQDnL7YjPztv8C9PgKChwAyDAZAdfmSplvRA4wW-OpVZKw&oe=6A68F37E,https://scontent.fblr22-2.fna.fbcdn.net/v/t39.35426-6/755693818_1276269525561828_6054046139428527941_n.jpg?_nc_cat=107&ccb=1-7&_nc_sid=c53f8f&_nc_ohc=k5mddI-79PsQ7kNvwEuYdjJ&_nc_oc=AdoxVZ5WDkz1WkWXILXBzGm66faZaSSWmBgv_pIEGl_2Q3iyNvP3neMMSOazWjU_Z8M&_nc_zt=14&_nc_ht=scontent.fblr22-2.fna&_nc_gid=P22TKgfSvXFeCh1Kv_ujIA&_nc_ss=7f289&oh=00_AQBio0iykuRhbvvbBMHLkqRhYpmkImYXVUAlvcCtYOt4IA&oe=6A69040F,2026-07-28T18:22:54.000Z,2026-07-24
160,156,Lingo AI,599204246602758,Lingo AI,,IN,1053571627013753,https://www.facebook.com/ads/library/?id=1053571627013753,2026-07-22,,false,false,1,0,,2026-07-22,,"📘 Learn English easily with simple lessons 
😊 Build confidence with everyday speaking practice 
👉 Download now",👉 Download now,Download,https://speaklearnfrenchlingoai.onelink.me/Y67n?pid=metaweb_int&c={{campaign.name}}&af_c_id={{campaign.id}}&af_adset={{adset.name}}&af_adset_id={{adset.id}}&af_ad={{ad.name}}&af_ad_id={{ad.id}}&af_siteid={{site_source_name}},"Facebook,Instagram,Audience Network,Messenger,Threads","📘 Learn English easily with simple lessons 
😊 Build confidence with everyday speaking practice 
👉 Download now",👉 Download now,Download,https://speaklearnfrenchlingoai.onelink.me/Y67n?pid=metaweb_int&c={{campaign.name}}&af_c_id={{campaign.id}}&af_adset={{adset.name}}&af_adset_id={{adset.id}}&af_ad={{ad.name}}&af_ad_id={{ad.id}}&af_siteid={{site_source_name}},Video,"Facebook,Instagram,Audience Network,Messenger,Threads",1,0,9:16,https://video.fblr22-1.fna.fbcdn.net/o1/v/t2/f2/m366/AQNxeEs0oreGxTiaPUXipXOPNrHdYMHymQOAZDB3l5ijTQPL5UhgaND6PnzgeovskxzrZNTueK2j-aU5tVupLklPiPBmaHDcvOqZdpISea5TAQ.mp4?_nc_cat=101&_nc_oc=Adq_HxJNSElyCjFf52lFAnlUPTKs955s6KKu4X96dDQoDZVR0_8BwMjBnrFUeUlpGjg&_nc_sid=b66105&_nc_ht=video.fblr22-1.fna.fbcdn.net&_nc_ohc=DCQwdK4E2RMQ7kNvwFuKG83&efg=eyJ2ZW5jb2RlX3RhZyI6Inhwdl9wcm9ncmVzc2l2ZS5WSV9VU0VDQVNFX1BST0RVQ1RfVFlQRS4uQzMuNjA4LmRhc2hfaDI2NC1iYXNpYy1nZW4yXzcyMHAiLCJ4cHZfYXNzZXRfaWQiOjEwNDI0MzA5ODg2MDM1OTgsImFzc2V0X2FnZV9kYXlzIjowLCJ2aV91c2VjYXNlX2lkIjoxMDEzOSwiZHVyYXRpb25fcyI6MTkyLCJ1cmxnZW5fc291cmNlIjoid3d3In0%3D&ccb=17-1&vs=66511fda9226c06a&_nc_vs=HBksFQIYRWZiX2VwaGVtZXJhbC84RTQ4NERFREQ1RERBQjdBMTg1MDAzNTFEOTRERTI5Nl9tdF8xX3ZpZGVvX2Rhc2hpbml0Lm1wNBUAAsgBEgAVAhhAZmJfcGVybWFuZW50LzQxNEM5M0YxOTRCNjZDMjYxNzRFM0M0RTgyQzIwQzlGX2F1ZGlvX2Rhc2hpbml0Lm1wNBUCAsgBEgAoABgAGwKIB3VzZV9vaWwBMRJwcm9ncmVzc2l2ZV9yZWNpcGUBMRUAACacw7qMvIXaAxUCKAJDMywXQGgVT987ZFoYGWRhc2hfaDI2NC1iYXNpYy1nZW4yXzcyMHARAHUAZbaeAQA&_nc_gid=P22TKgfSvXFeCh1Kv_ujIA&_nc_ss=7f289&_nc_zt=28&oh=00_AQAWW1hsZ3qiYeTEPU14OQ1JXnpkhJvWYaM3eebrE2q7hA&oe=6A68D6E3,https://scontent.fblr22-1.fna.fbcdn.net/v/t39.35426-6/754960825_1061902609703096_590944491793100691_n.jpg?_nc_cat=101&ccb=1-7&_nc_sid=c53f8f&_nc_ohc=vrBeDeTdfpMQ7kNvwH1hhwk&_nc_oc=AdqlYLfUnHU_-M5tUND79jS0Oyd_aF7WyzGOAt2f9JCc5fnAXNiPmzvo7GL59pp_z8Q&_nc_zt=14&_nc_ht=scontent.fblr22-1.fna&_nc_gid=P22TKgfSvXFeCh1Kv_ujIA&_nc_ss=7f289&oh=00_AQAEuF1zVLLqqEWyKAKm13fmtOkGdETodIwG0OreDiCjMw&oe=6A68DBDE,2026-07-28T16:20:51.000Z,2026-07-24
161,157,Lingo AI,599204246602758,Lingo AI,,IN,1343591104624582,https://www.facebook.com/ads/library/?id=1343591104624582,2026-07-22,,false,false,1,0,,2026-07-22,,"📘 Learn English easily with simple lessons 
😊 Build confidence with everyday speaking practice 
👉 Download now",👉 Download now,Download,https://speaklearnfrenchlingoai.onelink.me/Y67n?pid=metaweb_int&c={{campaign.name}}&af_c_id={{campaign.id}}&af_adset={{adset.name}}&af_adset_id={{adset.id}}&af_ad={{ad.name}}&af_ad_id={{ad.id}}&af_siteid={{site_source_name}},"Facebook,Instagram,Audience Network,Messenger,Threads","📘 Learn English easily with simple lessons 
😊 Build confidence with everyday speaking practice 
👉 Download now",👉 Download now,Download,https://speaklearnfrenchlingoai.onelink.me/Y67n?pid=metaweb_int&c={{campaign.name}}&af_c_id={{campaign.id}}&af_adset={{adset.name}}&af_adset_id={{adset.id}}&af_ad={{ad.name}}&af_ad_id={{ad.id}}&af_siteid={{site_source_name}},Video,"Facebook,Instagram,Audience Network,Messenger,Threads",1,0,9:16,https://video.fblr22-1.fna.fbcdn.net/o1/v/t2/f2/m366/AQOo3mKSckmn0lNvmmMueZl5KTUnD7gBm4c2sqDkOArSwCOaNNRn-sz8uR6y69z0zav5KltQyHvo3Y2qeuIUBpn3g0BgVJLT9Xovb4X2UJDPnw.mp4?_nc_cat=102&_nc_oc=Adpr9z5rKDoG7POvDnUw-G33xxsG8A9KtUqa5P-JdTsaE5HtkeH8G1cBOOFo9PnY8mY&_nc_sid=b66105&_nc_ht=video.fblr22-1.fna.fbcdn.net&_nc_ohc=qvv5IsNX5yMQ7kNvwFZjpKt&efg=eyJ2ZW5jb2RlX3RhZyI6Inhwdl9wcm9ncmVzc2l2ZS5WSV9VU0VDQVNFX1BST0RVQ1RfVFlQRS4uQzMuNjA4LmRhc2hfaDI2NC1iYXNpYy1nZW4yXzcyMHAiLCJ4cHZfYXNzZXRfaWQiOjEzNjYyNDc4OTg3ODczMTEsImFzc2V0X2FnZV9kYXlzIjowLCJ2aV91c2VjYXNlX2lkIjoxMDEzOSwiZHVyYXRpb25fcyI6MzEsInVybGdlbl9zb3VyY2UiOiJ3d3cifQ%3D%3D&ccb=17-1&vs=e5a97972f3a2ebde&_nc_vs=HBksFQIYRWZiX2VwaGVtZXJhbC81NTQxRUM1Q0RGNUMxNjVFMTMyREJCRjlCNjg2ODJCRV9tdF8xX3ZpZGVvX2Rhc2hpbml0Lm1wNBUAAsgBEgAVAhhAZmJfcGVybWFuZW50Lzk0NDVCMzZCRUJFNkVFQjlGNDRENjg3MzIwNzYxODgzX2F1ZGlvX2Rhc2hpbml0Lm1wNBUCAsgBEgAoABgAGwKIB3VzZV9vaWwBMRJwcm9ncmVzc2l2ZV9yZWNpcGUBMRUAACbet_WKjKbtBBUCKAJDMywXQD8zMzMzMzMYGWRhc2hfaDI2NC1iYXNpYy1nZW4yXzcyMHARAHUAZbaeAQA&_nc_gid=mugVqSs2Lc0IZkeLiNr_0A&_nc_ss=7f289&_nc_zt=28&oh=00_AQAeLQ5v2cZX3BOOzJAPG1IcketG8rAgN4bV48uxnvbNeQ&oe=6A68DFB2,https://scontent.fblr22-2.fna.fbcdn.net/v/t39.35426-6/753557014_1012800675081420_9029573209670642761_n.jpg?_nc_cat=107&ccb=1-7&_nc_sid=c53f8f&_nc_ohc=CpXE0Ne3jrcQ7kNvwFh9uA6&_nc_oc=Adq53wI9LMNqb79YIsaPRwlqRhx-WsIj8n1616EDiGufx3oLaPYAtuiHbRXRCXsWgrQ&_nc_zt=14&_nc_ht=scontent.fblr22-2.fna&_nc_gid=mugVqSs2Lc0IZkeLiNr_0A&_nc_ss=7f289&oh=00_AQBvNP-QOylmrMA-0E8mPCSaw8dyouiJMLMQaSlmEDLU1Q&oe=6A68F92D,2026-07-28T16:58:26.000Z,2026-07-24
162,158,Lingo AI,599204246602758,Lingo AI,,IN,1808378650537573,https://www.facebook.com/ads/library/?id=1808378650537573,2026-07-22,,false,false,1,0,,2026-07-22,,"🌟 想提升你的英语吗？
📱 每天只需几分钟，随时随地学习
💬 建立真正的英语口语自信
👉 立即下载",👉 立即下载,Download,https://speaklearnfrenchlingoai.onelink.me/Y67n?pid=metaweb_int&c={{campaign.name}}&af_c_id={{campaign.id}}&af_adset={{adset.name}}&af_adset_id={{adset.id}}&af_ad={{ad.name}}&af_ad_id={{ad.id}}&af_siteid={{site_source_name}},"Facebook,Instagram,Audience Network,Messenger,Threads","🌟 想提升你的英语吗？
📱 每天只需几分钟，随时随地学习
💬 建立真正的英语口语自信
👉 立即下载",👉 立即下载,Download,https://speaklearnfrenchlingoai.onelink.me/Y67n?pid=metaweb_int&c={{campaign.name}}&af_c_id={{campaign.id}}&af_adset={{adset.name}}&af_adset_id={{adset.id}}&af_ad={{ad.name}}&af_ad_id={{ad.id}}&af_siteid={{site_source_name}},Video,"Facebook,Instagram,Audience Network,Messenger,Threads",1,0,9:16,https://video.fblr22-1.fna.fbcdn.net/o1/v/t2/f2/m366/AQO8ISN03EYAOvj9gn3_WUU2BY40z8_qwwyQJhLuBHXDtz6EwVxCOM-Jxspo59kvPZiv6Ez7bDBxl7VMGQAoC7TVeMHvL3x9iIgigWpxNT82Hw.mp4?_nc_cat=103&_nc_oc=AdrTM1xqcNIa6rwovpOCwG7UQWDwmAP49LeMXw0NidqokpTENHhSj7VGJ5lAqlLMC7o&_nc_sid=b66105&_nc_ht=video.fblr22-1.fna.fbcdn.net&_nc_ohc=xNuQtaG6x1gQ7kNvwEfVvOk&efg=eyJ2ZW5jb2RlX3RhZyI6Inhwdl9wcm9ncmVzc2l2ZS5WSV9VU0VDQVNFX1BST0RVQ1RfVFlQRS4uQzMuNjA4LmRhc2hfaDI2NC1iYXNpYy1nZW4yXzcyMHAiLCJ4cHZfYXNzZXRfaWQiOjE0NDczOTY3MzM4Nzk2NzMsImFzc2V0X2FnZV9kYXlzIjowLCJ2aV91c2VjYXNlX2lkIjoxMDEzOSwiZHVyYXRpb25fcyI6NTUsInVybGdlbl9zb3VyY2UiOiJ3d3cifQ%3D%3D&ccb=17-1&vs=dbb62fba45e1c2bf&_nc_vs=HBksFQIYRWZiX2VwaGVtZXJhbC83NjQ1RUNCOTVGNTJFMUY4NkI0RDQwRDRDNDZBNjRBMl9tdF8xX3ZpZGVvX2Rhc2hpbml0Lm1wNBUAAsgBEgAVAhhAZmJfcGVybWFuZW50L0ZENEJCQjczRUJBMDhEMjJGNzA3NkMxQjJCNjAyN0I3X2F1ZGlvX2Rhc2hpbml0Lm1wNBUCAsgBEgAoABgAGwKIB3VzZV9vaWwBMRJwcm9ncmVzc2l2ZV9yZWNpcGUBMRUAACbyleCCypmSBRUCKAJDMywXQEvZmZmZmZoYGWRhc2hfaDI2NC1iYXNpYy1nZW4yXzcyMHARAHUAZbaeAQA&_nc_gid=mugVqSs2Lc0IZkeLiNr_0A&_nc_ss=7f289&_nc_zt=28&oh=00_AQABMs5ZCpKmJRVpKZoMtDCDIMjYazpkKKpEUcDy5lkmNg&oe=6A68F965,https://scontent.fblr22-2.fna.fbcdn.net/v/t39.35426-6/753983913_1787369399091564_3178528222496872068_n.jpg?_nc_cat=100&ccb=1-7&_nc_sid=c53f8f&_nc_ohc=wNpVXKxgFkUQ7kNvwEV_e4f&_nc_oc=Adp0raU1DoyTzBbAZAH9q7uobGtVW3rROEXPl84WDkH4-qDavzVfBHuXwijLuAhi_qY&_nc_zt=14&_nc_ht=scontent.fblr22-2.fna&_nc_gid=mugVqSs2Lc0IZkeLiNr_0A&_nc_ss=7f289&oh=00_AQBZABuTy2spu0crw0ThIWvnQLhH0W7O_HfirE0w72CPYA&oe=6A68FF6D,2026-07-28T18:48:05.000Z,2026-07-24
163,159,Lingo AI,599204246602758,Lingo AI,,IN,2209188899928571,https://www.facebook.com/ads/library/?id=2209188899928571,2026-07-22,,true,false,1,0,,2026-07-22,,"📘 Learn English easily with simple lessons 
😊 Build confidence with everyday speaking practice 
👉 Download now",👉 Download now,Download,https://speaklearnfrenchlingoai.onelink.me/Y67n?pid=metaweb_int&c={{campaign.name}}&af_c_id={{campaign.id}}&af_adset={{adset.name}}&af_adset_id={{adset.id}}&af_ad={{ad.name}}&af_ad_id={{ad.id}}&af_siteid={{site_source_name}},"Facebook,Instagram,Audience Network,Messenger,Threads","📘 Learn English easily with simple lessons 
😊 Build confidence with everyday speaking practice 
👉 Download now",👉 Download now,Download,https://speaklearnfrenchlingoai.onelink.me/Y67n?pid=metaweb_int&c={{campaign.name}}&af_c_id={{campaign.id}}&af_adset={{adset.name}}&af_adset_id={{adset.id}}&af_ad={{ad.name}}&af_ad_id={{ad.id}}&af_siteid={{site_source_name}},Video,"Facebook,Instagram,Audience Network,Messenger,Threads",1,0,1:1,https://video.fblr22-2.fna.fbcdn.net/o1/v/t2/f2/m366/AQMwIp4iyjXADs0cWFuem7tOrvMJT8XEjG-TfHTL292OEkefXL-DRMgye27wGHgFdUD3ZUbF_UyfDe3xHf-zmSMbSQnAH8_i_SniAoL4drXtUA.mp4?_nc_cat=105&_nc_oc=AdosaZnbObyPIpfw_NO7C1UwGntjwlC5yHLxd0sJAgAnYbioOgHJzOcstGu0Ejd98V4&_nc_sid=b66105&_nc_ht=video.fblr22-2.fna.fbcdn.net&_nc_ohc=0kTzSYs30EUQ7kNvwErZ-uM&efg=eyJ2ZW5jb2RlX3RhZyI6Inhwdl9wcm9ncmVzc2l2ZS5WSV9VU0VDQVNFX1BST0RVQ1RfVFlQRS4uQzMuNzIwLmRhc2hfaDI2NC1iYXNpYy1nZW4yXzcyMHAiLCJ4cHZfYXNzZXRfaWQiOjEzNDA3NTI4ODgyMjg1ODgsImFzc2V0X2FnZV9kYXlzIjowLCJ2aV91c2VjYXNlX2lkIjoxMDEzOSwiZHVyYXRpb25fcyI6MTkyLCJ1cmxnZW5fc291cmNlIjoid3d3In0%3D&ccb=17-1&vs=17e87cf03e229539&_nc_vs=HBksFQIYRWZiX2VwaGVtZXJhbC84RTQ5NDMyQTJGODI5ODBDNzEyQ0UyQ0ZENkVDREQ5QV9tdF8xX3ZpZGVvX2Rhc2hpbml0Lm1wNBUAAsgBEgAVAhhAZmJfcGVybWFuZW50LzQ4NEU1QzIyMkYyRTUxOUE0RDQxMDkxRTJGMkY4RUI2X2F1ZGlvX2Rhc2hpbml0Lm1wNBUCAsgBEgAoABgAGwKIB3VzZV9vaWwBMRJwcm9ncmVzc2l2ZV9yZWNpcGUBMRUAACbYq5O6i9rhBBUCKAJDMywXQGgVT987ZFoYGWRhc2hfaDI2NC1iYXNpYy1nZW4yXzcyMHARAHUAZbaeAQA&_nc_gid=mugVqSs2Lc0IZkeLiNr_0A&_nc_ss=7f289&_nc_zt=28&oh=00_AQA4QwyqOk7YZwojFLWjSdZUjOgxHws5TpcxYppw7VdVWA&oe=6A68D6AF,https://scontent.fblr22-1.fna.fbcdn.net/v/t39.35426-6/753169782_1560515162534666_8267871851285616645_n.jpg?_nc_cat=101&ccb=1-7&_nc_sid=c53f8f&_nc_ohc=4BuClVWEOAcQ7kNvwEDQV5K&_nc_oc=AdphpG_dK-A3NJ2X9duN3OQ65LkSS5cBpTQTU-IOQ4WjF4-YOOyv2RBtEWwUBa9N7Z0&_nc_zt=14&_nc_ht=scontent.fblr22-1.fna&_nc_gid=mugVqSs2Lc0IZkeLiNr_0A&_nc_ss=7f289&oh=00_AQAz0mhHRc6FHS8AESN2xHg8-Y87wPFSSkB8CMnGTvVwcg&oe=6A68DFFF,2026-07-28T16:19:59.000Z,2026-07-24
164,160,Lingo AI,599204246602758,Lingo AI,,IN,970425412717768,https://www.facebook.com/ads/library/?id=970425412717768,2026-07-22,,true,false,1,0,,2026-07-22,,"🌟 想提升你的英语吗？
📱 每天只需几分钟，随时随地学习
💬 建立真正的英语口语自信
👉 立即下载",👉 立即下载,Download,https://speaklearnfrenchlingoai.onelink.me/Y67n?pid=metaweb_int&c={{campaign.name}}&af_c_id={{campaign.id}}&af_adset={{adset.name}}&af_adset_id={{adset.id}}&af_ad={{ad.name}}&af_ad_id={{ad.id}}&af_siteid={{site_source_name}},"Facebook,Instagram,Audience Network,Messenger,Threads","🌟 想提升你的英语吗？
📱 每天只需几分钟，随时随地学习
💬 建立真正的英语口语自信
👉 立即下载",👉 立即下载,Download,https://speaklearnfrenchlingoai.onelink.me/Y67n?pid=metaweb_int&c={{campaign.name}}&af_c_id={{campaign.id}}&af_adset={{adset.name}}&af_adset_id={{adset.id}}&af_ad={{ad.name}}&af_ad_id={{ad.id}}&af_siteid={{site_source_name}},Video,"Facebook,Instagram,Audience Network,Messenger,Threads",1,0,9:16,https://video.fblr22-1.fna.fbcdn.net/o1/v/t2/f2/m366/AQO4jPln2oqeo0sriOogOdh3fTiz9Ece3Ng-qB5zLTM3jS-OaAQhjEv9qHQMWL6wQPnbkwLp3Da4szTmDk-9f3NM3Ec2GAqLMHdqhozqjKssMQ.mp4?_nc_cat=102&_nc_oc=AdqJWF2zye6VL65Sn_DC0LMPyijBEMXLNai9R4EtB-Tpas1sYfFEGxqK7WF5XuW8_58&_nc_sid=b66105&_nc_ht=video.fblr22-1.fna.fbcdn.net&_nc_ohc=Ntas2UvCnrAQ7kNvwFr1UaV&efg=eyJ2ZW5jb2RlX3RhZyI6Inhwdl9wcm9ncmVzc2l2ZS5WSV9VU0VDQVNFX1BST0RVQ1RfVFlQRS4uQzMuNjA4LmRhc2hfaDI2NC1iYXNpYy1nZW4yXzcyMHAiLCJ4cHZfYXNzZXRfaWQiOjE2NDc0MjA0MzYzMjE3MTIsImFzc2V0X2FnZV9kYXlzIjowLCJ2aV91c2VjYXNlX2lkIjoxMDEzOSwiZHVyYXRpb25fcyI6NjAsInVybGdlbl9zb3VyY2UiOiJ3d3cifQ%3D%3D&ccb=17-1&vs=6652d14c8021d8fd&_nc_vs=HBksFQIYRWZiX2VwaGVtZXJhbC81NzRFQ0Q2MEQ2QTNFNTQ5NjQwRTVENUM2RjZGQThCMF9tdF8xX3ZpZGVvX2Rhc2hpbml0Lm1wNBUAAsgBEgAVAhhAZmJfcGVybWFuZW50LzE3NDY3MThDNEYwRkQ5NkFENDJFOEQ5QkNBRURFQzg4X2F1ZGlvX2Rhc2hpbml0Lm1wNBUCAsgBEgAoABgAGwKIB3VzZV9vaWwBMRJwcm9ncmVzc2l2ZV9yZWNpcGUBMRUAACbg1rjevpTtBRUCKAJDMywXQE4AAAAAAAAYGWRhc2hfaDI2NC1iYXNpYy1nZW4yXzcyMHARAHUAZbaeAQA&_nc_gid=mugVqSs2Lc0IZkeLiNr_0A&_nc_ss=7f289&_nc_zt=28&oh=00_AQCQga3EtuDukwN2wM7L4AuA4H4ES5vqfaIR3ZBeSQHl0g&oe=6A68E946,https://scontent.fblr22-1.fna.fbcdn.net/v/t39.35426-6/753874151_1794917908600637_4394196191455526350_n.jpg?_nc_cat=102&ccb=1-7&_nc_sid=c53f8f&_nc_ohc=SEn_WPvyhiwQ7kNvwHHXbEM&_nc_oc=AdpE1ZWJeyVKkmOwbD5HA-6AcbcWEpa6jmNPepSDRSrYCVySChabEuMd2_ENizgurFc&_nc_zt=14&_nc_ht=scontent.fblr22-1.fna&_nc_gid=mugVqSs2Lc0IZkeLiNr_0A&_nc_ss=7f289&oh=00_AQCC8vd_muCRzMuWAUu_Oe9atCyxXHvqaiquySw4ao-rTA&oe=6A68E8E8,2026-07-28T17:39:18.000Z,2026-07-24
165,161,Lingo AI,599204246602758,Lingo AI,,IN,1028363876453543,https://www.facebook.com/ads/library/?id=1028363876453543,2026-07-22,,false,false,1,0,,2026-07-22,,"📘 Learn English easily with simple lessons 
😊 Build confidence with everyday speaking practice 
👉 Download now",👉 Download now,Download,https://speaklearnfrenchlingoai.onelink.me/Y67n?pid=metaweb_int&c={{campaign.name}}&af_c_id={{campaign.id}}&af_adset={{adset.name}}&af_adset_id={{adset.id}}&af_ad={{ad.name}}&af_ad_id={{ad.id}}&af_siteid={{site_source_name}},"Facebook,Instagram,Audience Network,Messenger,Threads","📘 Learn English easily with simple lessons 
😊 Build confidence with everyday speaking practice 
👉 Download now",👉 Download now,Download,https://speaklearnfrenchlingoai.onelink.me/Y67n?pid=metaweb_int&c={{campaign.name}}&af_c_id={{campaign.id}}&af_adset={{adset.name}}&af_adset_id={{adset.id}}&af_ad={{ad.name}}&af_ad_id={{ad.id}}&af_siteid={{site_source_name}},Video,"Facebook,Instagram,Audience Network,Messenger,Threads",1,0,9:16,https://video.fblr22-1.fna.fbcdn.net/o1/v/t2/f2/m366/AQNvz0MmLVcX-mWEVtDDu0K2l_HOfkVH55v7312Cg9RgNpPmkJLP3Noi-DkQlQL-XwL4uVGAjGUC8YF9o1psvhp5c9lLEvDqBVkXi4DXcG9wtA.mp4?_nc_cat=103&_nc_oc=Adpi3blKC7ULijoXfRlZAjGG4cl7Vvdj2FqEl6cHYgbJv0a5_bF4NxfumoqYt4WcRrI&_nc_sid=b66105&_nc_ht=video.fblr22-1.fna.fbcdn.net&_nc_ohc=8e0tv7YJzFUQ7kNvwExhy4U&efg=eyJ2ZW5jb2RlX3RhZyI6Inhwdl9wcm9ncmVzc2l2ZS5WSV9VU0VDQVNFX1BST0RVQ1RfVFlQRS4uQzMuNjA4LmRhc2hfaDI2NC1iYXNpYy1nZW4yXzcyMHAiLCJ4cHZfYXNzZXRfaWQiOjE3NTY4MDM4MzIwMDE5OTEsImFzc2V0X2FnZV9kYXlzIjowLCJ2aV91c2VjYXNlX2lkIjoxMDEzOSwiZHVyYXRpb25fcyI6NjIsInVybGdlbl9zb3VyY2UiOiJ3d3cifQ%3D%3D&ccb=17-1&vs=64613e8074fe2834&_nc_vs=HBksFQIYRWZiX2VwaGVtZXJhbC81ODQ5NjQzMEExNkM2QjgzRDQ4OURFRDU3NkMzOUM4N19tdF8xX3ZpZGVvX2Rhc2hpbml0Lm1wNBUAAsgBEgAVAhhAZmJfcGVybWFuZW50Lzk4NDgzQjlDREZCNkFEMjgwNzFBNEI2REM3ODRDQjg1X2F1ZGlvX2Rhc2hpbml0Lm1wNBUCAsgBEgAoABgAGwKIB3VzZV9vaWwBMRJwcm9ncmVzc2l2ZV9yZWNpcGUBMRUAACaO18XFuPOeBhUCKAJDMywXQE9RBiTdLxsYGWRhc2hfaDI2NC1iYXNpYy1nZW4yXzcyMHARAHUAZbaeAQA&_nc_gid=mugVqSs2Lc0IZkeLiNr_0A&_nc_ss=7f289&_nc_zt=28&oh=00_AQDiiwH-pBHwtQaLP-bSWOG1fxG57KJRXo6Ahj4ycQ383w&oe=6A690519,https://scontent.fblr22-1.fna.fbcdn.net/v/t39.35426-6/753848940_902140142345430_5112208070680460590_n.jpg?_nc_cat=103&ccb=1-7&_nc_sid=c53f8f&_nc_ohc=di9evignyv8Q7kNvwHspGBn&_nc_oc=Adql7Js1abtFNJxoVhzFfbHE3ZuYcKfQui_PpfkbIQvgCR10XLJOMZ5sfEJ4UdD4YZw&_nc_zt=14&_nc_ht=scontent.fblr22-1.fna&_nc_gid=mugVqSs2Lc0IZkeLiNr_0A&_nc_ss=7f289&oh=00_AQDRryg5Kw8VjW84f16u_ni6ua1VKAxrMyLrZODrb_zc-A&oe=6A690545,2026-07-28T19:38:01.000Z,2026-07-24
166,162,Lingo AI,599204246602758,Lingo AI,,IN,1567085638387596,https://www.facebook.com/ads/library/?id=1567085638387596,2026-07-22,,true,false,1,0,,2026-07-22,,"🌟 想提升你的英语吗？
📱 每天只需几分钟，随时随地学习
💬 建立真正的英语口语自信
👉 立即下载",👉 立即下载,Download,https://speaklearnfrenchlingoai.onelink.me/Y67n?pid=metaweb_int&c={{campaign.name}}&af_c_id={{campaign.id}}&af_adset={{adset.name}}&af_adset_id={{adset.id}}&af_ad={{ad.name}}&af_ad_id={{ad.id}}&af_siteid={{site_source_name}},"Facebook,Instagram,Audience Network,Messenger,Threads","🌟 想提升你的英语吗？
📱 每天只需几分钟，随时随地学习
💬 建立真正的英语口语自信
👉 立即下载",👉 立即下载,Download,https://speaklearnfrenchlingoai.onelink.me/Y67n?pid=metaweb_int&c={{campaign.name}}&af_c_id={{campaign.id}}&af_adset={{adset.name}}&af_adset_id={{adset.id}}&af_ad={{ad.name}}&af_ad_id={{ad.id}}&af_siteid={{site_source_name}},Video,"Facebook,Instagram,Audience Network,Messenger,Threads",1,0,9:16,https://video.fblr22-2.fna.fbcdn.net/o1/v/t2/f2/m366/AQNBoDljdGj2sOSJeB1X2m70rvb12mmc-41_7sEmbsrYP2lDWP3-fub0Dmu0mtTDgojQniOnQ9YGu7VzVSXuYnMaqE6fbUCns-x70GEU7vrSmA.mp4?_nc_cat=105&_nc_oc=Adq0mMDEfeuIPi2nj-wUj6pb_ewFa_gKU5yDZy6v5nON3-M39XAyX-YIuEuPUFXBcbg&_nc_sid=b66105&_nc_ht=video.fblr22-2.fna.fbcdn.net&_nc_ohc=2HFUu65v5oAQ7kNvwHhaGHB&efg=eyJ2ZW5jb2RlX3RhZyI6Inhwdl9wcm9ncmVzc2l2ZS5WSV9VU0VDQVNFX1BST0RVQ1RfVFlQRS4uQzMuNjA4LmRhc2hfaDI2NC1iYXNpYy1nZW4yXzcyMHAiLCJ4cHZfYXNzZXRfaWQiOjk3NTk0NTg3MjE1NTc2NCwiYXNzZXRfYWdlX2RheXMiOjAsInZpX3VzZWNhc2VfaWQiOjEwMTM5LCJkdXJhdGlvbl9zIjo2MywidXJsZ2VuX3NvdXJjZSI6Ind3dyJ9&ccb=17-1&vs=f58948edeb0e3f20&_nc_vs=HBksFQIYRWZiX2VwaGVtZXJhbC80MDREOEE0Q0Y5RkUzQTIzRjkyRDE4NTQ3MzVGNjJBQl9tdF8xX3ZpZGVvX2Rhc2hpbml0Lm1wNBUAAsgBEgAVAhhAZmJfcGVybWFuZW50Lzg5NEQzRkM0RTQ4M0JFMjJGRDE1RjMyQjRGMjRGMEIwX2F1ZGlvX2Rhc2hpbml0Lm1wNBUCAsgBEgAoABgAGwKIB3VzZV9vaWwBMRJwcm9ncmVzc2l2ZV9yZWNpcGUBMRUAACbokb2ww-e7AxUCKAJDMywXQE-u2RaHKwIYGWRhc2hfaDI2NC1iYXNpYy1nZW4yXzcyMHARAHUAZbaeAQA&_nc_gid=mugVqSs2Lc0IZkeLiNr_0A&_nc_ss=7f289&_nc_zt=28&oh=00_AQAG0i65G-yXiJv8FsyTvyPF-yHPUgIF977xu9yd0hx8sw&oe=6A68D693,https://scontent.fblr22-1.fna.fbcdn.net/v/t39.35426-6/753702105_1389090876416747_2504276808203556610_n.jpg?_nc_cat=109&ccb=1-7&_nc_sid=c53f8f&_nc_ohc=t1EseRjX5hcQ7kNvwG1i64d&_nc_oc=AdoFznUcrrz9No_uJsUHHfLOI8GAcn33TotlK4rAswNlEb3tYXL57FxBOJn8E3q54nw&_nc_zt=14&_nc_ht=scontent.fblr22-1.fna&_nc_gid=mugVqSs2Lc0IZkeLiNr_0A&_nc_ss=7f289&oh=00_AQBYF0H5xyhP4ql65bDt9SL9gOwWqYac-87Vv72xVaym-Q&oe=6A68FC7C,2026-07-28T16:19:31.000Z,2026-07-24
167,163,Lingo AI,599204246602758,Lingo AI,,IN,1691494665413985,https://www.facebook.com/ads/library/?id=1691494665413985,2026-07-22,,false,false,1,0,,2026-07-22,,"📘 Learn English easily with simple lessons 
😊 Build confidence with everyday speaking practice 
👉 Download now",👉 Download now,Download,https://speaklearnfrenchlingoai.onelink.me/Y67n?pid=metaweb_int&c={{campaign.name}}&af_c_id={{campaign.id}}&af_adset={{adset.name}}&af_adset_id={{adset.id}}&af_ad={{ad.name}}&af_ad_id={{ad.id}}&af_siteid={{site_source_name}},"Facebook,Instagram,Audience Network,Messenger,Threads","📘 Learn English easily with simple lessons 
😊 Build confidence with everyday speaking practice 
👉 Download now",👉 Download now,Download,https://speaklearnfrenchlingoai.onelink.me/Y67n?pid=metaweb_int&c={{campaign.name}}&af_c_id={{campaign.id}}&af_adset={{adset.name}}&af_adset_id={{adset.id}}&af_ad={{ad.name}}&af_ad_id={{ad.id}}&af_siteid={{site_source_name}},Video,"Facebook,Instagram,Audience Network,Messenger,Threads",1,0,9:16,https://video.fblr22-1.fna.fbcdn.net/o1/v/t2/f2/m366/AQMzzkv8_sZ905H1TA789NbB6-wmantnwXBrH1A33YZm3uvBnj2cYj1tKens8CkUjFkJdQojMu5C5gbZUgrAr_LNY8KjV3BSMg7a4uu3-BBKyw.mp4?_nc_cat=103&_nc_oc=AdrUJpMVCBwqq8BgbB3C_Ulc6ee4QB9T4UMRVmIalxWx00xit-OXdp_3U9gqH67ZbIg&_nc_sid=b66105&_nc_ht=video.fblr22-1.fna.fbcdn.net&_nc_ohc=rZ8GfmsjUrAQ7kNvwET3isV&efg=eyJ2ZW5jb2RlX3RhZyI6Inhwdl9wcm9ncmVzc2l2ZS5WSV9VU0VDQVNFX1BST0RVQ1RfVFlQRS4uQzMuNjA4LmRhc2hfaDI2NC1iYXNpYy1nZW4yXzcyMHAiLCJ4cHZfYXNzZXRfaWQiOjE0OTIxOTY3Njk2MDg1NDYsImFzc2V0X2FnZV9kYXlzIjowLCJ2aV91c2VjYXNlX2lkIjoxMDEzOSwiZHVyYXRpb25fcyI6MzQsInVybGdlbl9zb3VyY2UiOiJ3d3cifQ%3D%3D&ccb=17-1&vs=dd8196da86cc837d&_nc_vs=HBksFQIYRWZiX2VwaGVtZXJhbC84NjQ0QjA1OTc0NDBFMjA1NjJCNDEyNTNBRkU1NEQ5N19tdF8xX3ZpZGVvX2Rhc2hpbml0Lm1wNBUAAsgBEgAVAhhAZmJfcGVybWFuZW50L0JENEQyRjlCNEY3RjlERjFEMThBMjdDREE4MTQxRTk4X2F1ZGlvX2Rhc2hpbml0Lm1wNBUCAsgBEgAoABgAGwKIB3VzZV9vaWwBMRJwcm9ncmVzc2l2ZV9yZWNpcGUBMRUAACbEzZmmpMmmBRUCKAJDMywXQEEiDEm6XjUYGWRhc2hfaDI2NC1iYXNpYy1nZW4yXzcyMHARAHUAZbaeAQA&_nc_gid=mugVqSs2Lc0IZkeLiNr_0A&_nc_ss=7f289&_nc_zt=28&oh=00_AQAdn9usXe-0RV55EkflMFBUOlmhHxkQ8m_OV9zQfCP1MA&oe=6A69087D,https://scontent.fblr22-2.fna.fbcdn.net/v/t39.35426-6/754126891_1456940796173740_4948155205194308459_n.jpg?_nc_cat=100&ccb=1-7&_nc_sid=c53f8f&_nc_ohc=wugMl-n25aQQ7kNvwF_NCuy&_nc_oc=AdpANsdTmbcoJo8UEaZ51eMrvY1pnck9gV9KVBP37D4tglpSHX2mpmre_SohYX7hemQ&_nc_zt=14&_nc_ht=scontent.fblr22-2.fna&_nc_gid=mugVqSs2Lc0IZkeLiNr_0A&_nc_ss=7f289&oh=00_AQBnpAJz5ZJmSdE_Gigb6CNdOxLgZCgCuuZnu9p5-SIhAQ&oe=6A68F816,2026-07-28T19:52:29.000Z,2026-07-24
168,164,Lingo AI,599204246602758,Lingo AI,,IN,1703637894196534,https://www.facebook.com/ads/library/?id=1703637894196534,2026-07-22,,true,false,1,0,,2026-07-22,,"🌟 想提升你的英语吗？
📱 每天只需几分钟，随时随地学习
💬 建立真正的英语口语自信
👉 立即下载",👉 立即下载,Download,https://speaklearnfrenchlingoai.onelink.me/Y67n?pid=metaweb_int&c={{campaign.name}}&af_c_id={{campaign.id}}&af_adset={{adset.name}}&af_adset_id={{adset.id}}&af_ad={{ad.name}}&af_ad_id={{ad.id}}&af_siteid={{site_source_name}},"Facebook,Instagram,Audience Network,Messenger,Threads","🌟 想提升你的英语吗？
📱 每天只需几分钟，随时随地学习
💬 建立真正的英语口语自信
👉 立即下载",👉 立即下载,Download,https://speaklearnfrenchlingoai.onelink.me/Y67n?pid=metaweb_int&c={{campaign.name}}&af_c_id={{campaign.id}}&af_adset={{adset.name}}&af_adset_id={{adset.id}}&af_ad={{ad.name}}&af_ad_id={{ad.id}}&af_siteid={{site_source_name}},Video,"Facebook,Instagram,Audience Network,Messenger,Threads",1,0,9:16,https://video.fblr22-2.fna.fbcdn.net/o1/v/t2/f2/m366/AQNqaoIr--eZF15tn1Es_89CAwjDb5yGXRC764HKtChS__9BE_kepnj0GY8Jq7J1vpzMPviiGQxx0C5I4Gn8bpB9-s4ydarb0uYXfMKIK_Og4A.mp4?_nc_cat=105&_nc_oc=AdqGFK1sExmONSiR9NL_hXP0cTZfuyd0Euo6ArJ4bbzoF3eWYlv3z6qocYsGgnbxptU&_nc_sid=b66105&_nc_ht=video.fblr22-2.fna.fbcdn.net&_nc_ohc=eLYvVNuCyR8Q7kNvwFOUPbv&efg=eyJ2ZW5jb2RlX3RhZyI6Inhwdl9wcm9ncmVzc2l2ZS5WSV9VU0VDQVNFX1BST0RVQ1RfVFlQRS4uQzMuNjA4LmRhc2hfaDI2NC1iYXNpYy1nZW4yXzcyMHAiLCJ4cHZfYXNzZXRfaWQiOjE3MjQ5NjI4NTg1NDk4NDUsImFzc2V0X2FnZV9kYXlzIjowLCJ2aV91c2VjYXNlX2lkIjoxMDEzOSwiZHVyYXRpb25fcyI6NTgsInVybGdlbl9zb3VyY2UiOiJ3d3cifQ%3D%3D&ccb=17-1&vs=54b306448c230671&_nc_vs=HBksFQIYRWZiX2VwaGVtZXJhbC85NjQ1M0U4OTczRjk0RkJERTMwNTZGNzdFMkJDOThCQV9tdF8xX3ZpZGVvX2Rhc2hpbml0Lm1wNBUAAsgBEgAVAhhAZmJfcGVybWFuZW50LzUxNDVDOUIzRjk5MUYyNzQxOThGQzI0NkU5RTQzMjk0X2F1ZGlvX2Rhc2hpbml0Lm1wNBUCAsgBEgAoABgAGwKIB3VzZV9vaWwBMRJwcm9ncmVzc2l2ZV9yZWNpcGUBMRUAACaqifrmhraQBhUCKAJDMywXQE1u2RaHKwIYGWRhc2hfaDI2NC1iYXNpYy1nZW4yXzcyMHARAHUAZbaeAQA&_nc_gid=mugVqSs2Lc0IZkeLiNr_0A&_nc_ss=7f289&_nc_zt=28&oh=00_AQBMeNaUIkMHwucjLkK-vZQdIHz8cFhvJqlop5Q-oWQAKw&oe=6A690703,https://scontent.fblr22-2.fna.fbcdn.net/v/t39.35426-6/754202392_1269441028491822_1081969140036141483_n.jpg?_nc_cat=105&ccb=1-7&_nc_sid=c53f8f&_nc_ohc=IOLM7JT-0ocQ7kNvwH-e6Uq&_nc_oc=AdpwTJigYl6vVLISTLyoKjZlWKoycGK8YO-b98WY-wrBTD72GkR9edCkBtzHVKwfsuM&_nc_zt=14&_nc_ht=scontent.fblr22-2.fna&_nc_gid=mugVqSs2Lc0IZkeLiNr_0A&_nc_ss=7f289&oh=00_AQBzYY1vG-z7lHpszYDiEYMShKGkYPXyAZEW34xItr2n3g&oe=6A690971,2026-07-28T19:46:11.000Z,2026-07-24
169,165,Lingo AI,599204246602758,Lingo AI,,IN,1574004924118073,https://www.facebook.com/ads/library/?id=1574004924118073,2026-07-22,,false,false,1,0,,2026-07-22,,"🌟 想提升你的英语吗？
📱 每天只需几分钟，随时随地学习
💬 建立真正的英语口语自信
👉 立即下载",👉 立即下载,Download,https://speaklearnfrenchlingoai.onelink.me/Y67n?pid=metaweb_int&c={{campaign.name}}&af_c_id={{campaign.id}}&af_adset={{adset.name}}&af_adset_id={{adset.id}}&af_ad={{ad.name}}&af_ad_id={{ad.id}}&af_siteid={{site_source_name}},"Facebook,Instagram,Audience Network,Messenger,Threads","🌟 想提升你的英语吗？
📱 每天只需几分钟，随时随地学习
💬 建立真正的英语口语自信
👉 立即下载",👉 立即下载,Download,https://speaklearnfrenchlingoai.onelink.me/Y67n?pid=metaweb_int&c={{campaign.name}}&af_c_id={{campaign.id}}&af_adset={{adset.name}}&af_adset_id={{adset.id}}&af_ad={{ad.name}}&af_ad_id={{ad.id}}&af_siteid={{site_source_name}},Video,"Facebook,Instagram,Audience Network,Messenger,Threads",1,0,9:16,https://video.fblr22-1.fna.fbcdn.net/o1/v/t2/f2/m366/AQMpV1JxZ5tXojQ226KScHBuSisHnWK7GumQ7N4fWSf_2ACCT2DAyRBUia3BR6iEtOJBDD6AJoK0PhTV_e4oB19luR-c2DjcOPq_uC_ap_Mp_g.mp4?_nc_cat=104&_nc_oc=AdojBpVfdRJEuKxj15mU534gBsVX2Yyfq7Fp1sNMyhJ6qo9BuBqma22Hv1-PfTU0bis&_nc_sid=b66105&_nc_ht=video.fblr22-1.fna.fbcdn.net&_nc_ohc=dNzH-pVOXpMQ7kNvwGeY_x_&efg=eyJ2ZW5jb2RlX3RhZyI6Inhwdl9wcm9ncmVzc2l2ZS5WSV9VU0VDQVNFX1BST0RVQ1RfVFlQRS4uQzMuNjA4LmRhc2hfaDI2NC1iYXNpYy1nZW4yXzcyMHAiLCJ4cHZfYXNzZXRfaWQiOjI1NjE0MTUyMTc2MjI1MTksImFzc2V0X2FnZV9kYXlzIjowLCJ2aV91c2VjYXNlX2lkIjoxMDEzOSwiZHVyYXRpb25fcyI6NjEsInVybGdlbl9zb3VyY2UiOiJ3d3cifQ%3D%3D&ccb=17-1&vs=915eb1e44b41ab43&_nc_vs=HBksFQIYRWZiX2VwaGVtZXJhbC9GQzQ5OUNFMzIyMUE4NkE1MUZDNDgyQzRDRjAzRERCRl9tdF8xX3ZpZGVvX2Rhc2hpbml0Lm1wNBUAAsgBEgAVAhhAZmJfcGVybWFuZW50LzU4NDIyQzgyMDBGNkUxRTNBOTgzNjU1QUU5QzBBMEI4X2F1ZGlvX2Rhc2hpbml0Lm1wNBUCAsgBEgAoABgAGwKIB3VzZV9vaWwBMRJwcm9ncmVzc2l2ZV9yZWNpcGUBMRUAACbut9nC_uWMCRUCKAJDMywXQE63bItDlYEYGWRhc2hfaDI2NC1iYXNpYy1nZW4yXzcyMHARAHUAZbaeAQA&_nc_gid=mugVqSs2Lc0IZkeLiNr_0A&_nc_ss=7f289&_nc_zt=28&oh=00_AQAUYrXbk7eVnPz9eA1WlLtcGw6nLzOoAv2-wm7gsDmB2g&oe=6A68ECCC,https://scontent.fblr22-1.fna.fbcdn.net/v/t39.35426-6/753164216_1583141980077439_2652096403695878736_n.jpg?_nc_cat=106&ccb=1-7&_nc_sid=c53f8f&_nc_ohc=SWHR2zC4YR8Q7kNvwFvvHRW&_nc_oc=AdrFbCCe0s2O3qCfyEeB0HHpodO4xABKDluN7sa6uzEKc_yTB2hvxoTWOv8dcjXu_rQ&_nc_zt=14&_nc_ht=scontent.fblr22-1.fna&_nc_gid=mugVqSs2Lc0IZkeLiNr_0A&_nc_ss=7f289&oh=00_AQDtUNsxqgssarjI8jdAAUE9YcixScrg7WWJlCRYz89YZA&oe=6A68DBEE,2026-07-28T17:54:20.000Z,2026-07-24
170,166,Lingo AI,599204246602758,Lingo AI,,IN,2565110560640827,https://www.facebook.com/ads/library/?id=2565110560640827,2026-07-22,,false,false,1,0,,2026-07-22,,"📘 Learn English easily with simple lessons 
😊 Build confidence with everyday speaking practice 
👉 Download now",👉 Download now,Download,https://speaklearnfrenchlingoai.onelink.me/Y67n?pid=metaweb_int&c={{campaign.name}}&af_c_id={{campaign.id}}&af_adset={{adset.name}}&af_adset_id={{adset.id}}&af_ad={{ad.name}}&af_ad_id={{ad.id}}&af_siteid={{site_source_name}},"Facebook,Instagram,Audience Network,Messenger,Threads","📘 Learn English easily with simple lessons 
😊 Build confidence with everyday speaking practice 
👉 Download now",👉 Download now,Download,https://speaklearnfrenchlingoai.onelink.me/Y67n?pid=metaweb_int&c={{campaign.name}}&af_c_id={{campaign.id}}&af_adset={{adset.name}}&af_adset_id={{adset.id}}&af_ad={{ad.name}}&af_ad_id={{ad.id}}&af_siteid={{site_source_name}},Video,"Facebook,Instagram,Audience Network,Messenger,Threads",1,0,9:16,https://video.fblr22-1.fna.fbcdn.net/o1/v/t2/f2/m366/AQNTwyFnktZ1krkrPrcOfV2GYa7i5F-C7q6QyMiUApqquEBRl_eTuzDBoEqHrK0zJwRFaRzuswYlh2oEXE0kIctclU-K-5Phl94aQdPJAolxrw.mp4?_nc_cat=106&_nc_oc=AdqGDQ-n-cgFSqED9LfmyPmhZ_9iKV9B9Ahqd6TH7UM6rXLPXJkXy_9cFsiZzRRDm_w&_nc_sid=b66105&_nc_ht=video.fblr22-1.fna.fbcdn.net&_nc_ohc=Xj2bKYmHDlAQ7kNvwHQurn0&efg=eyJ2ZW5jb2RlX3RhZyI6Inhwdl9wcm9ncmVzc2l2ZS5WSV9VU0VDQVNFX1BST0RVQ1RfVFlQRS4uQzMuNjA4LmRhc2hfaDI2NC1iYXNpYy1nZW4yXzcyMHAiLCJ4cHZfYXNzZXRfaWQiOjI3Njc2NjU3MTc4Njk1NDUwLCJhc3NldF9hZ2VfZGF5cyI6MCwidmlfdXNlY2FzZV9pZCI6MTAxMzksImR1cmF0aW9uX3MiOjI3LCJ1cmxnZW5fc291cmNlIjoid3d3In0%3D&ccb=17-1&vs=574cfc09fc1f9ad4&_nc_vs=HBksFQIYRWZiX2VwaGVtZXJhbC9GMTQyOEQyMDI2RDNEMTdGNjI0MzBDRTA1NDlBMTA5MF9tdF8xX3ZpZGVvX2Rhc2hpbml0Lm1wNBUAAsgBEgAVAhhAZmJfcGVybWFuZW50L0FENDZGOEQ0RDQ3RTE0MjI1NEYwRDMzNEZBMTI0M0E3X2F1ZGlvX2Rhc2hpbml0Lm1wNBUCAsgBEgAoABgAGwKIB3VzZV9vaWwBMRJwcm9ncmVzc2l2ZV9yZWNpcGUBMRUAACa03Kb7vPGpYhUCKAJDMywXQDuZmZmZmZoYGWRhc2hfaDI2NC1iYXNpYy1nZW4yXzcyMHARAHUAZbaeAQA&_nc_gid=mugVqSs2Lc0IZkeLiNr_0A&_nc_ss=7f289&_nc_zt=28&oh=00_AQBTrF4tKN8nN10uoqrPHVYhHnXH5b6t-9E9X19eulsAsw&oe=6A68F576,https://scontent.fblr22-2.fna.fbcdn.net/v/t39.35426-6/753887071_2601243256956801_6502922846761153660_n.jpg?_nc_cat=110&ccb=1-7&_nc_sid=c53f8f&_nc_ohc=HyG8nemgqwMQ7kNvwGcECrM&_nc_oc=AdrbfLSsWhGojeW7aXbc-ghTmmiKaL3C6CgGIKo6eWL-GlBlHfa44HZGk8d88RCxIYA&_nc_zt=14&_nc_ht=scontent.fblr22-2.fna&_nc_gid=mugVqSs2Lc0IZkeLiNr_0A&_nc_ss=7f289&oh=00_AQAeo7EJCz6Ei8axYrYAhSTN54mYVkJjG-2Gj2Mlb010Zw&oe=6A68FB11,2026-07-28T18:31:18.000Z,2026-07-24
171,167,Lingo AI,599204246602758,Lingo AI,,IN,1097929439255609,https://www.facebook.com/ads/library/?id=1097929439255609,2026-07-22,,true,false,1,0,,2026-07-22,,"📘 Learn English easily with simple lessons 
😊 Build confidence with everyday speaking practice 
👉 Download now",👉 Download now,Download,https://speaklearnfrenchlingoai.onelink.me/Y67n?pid=metaweb_int&c={{campaign.name}}&af_c_id={{campaign.id}}&af_adset={{adset.name}}&af_adset_id={{adset.id}}&af_ad={{ad.name}}&af_ad_id={{ad.id}}&af_siteid={{site_source_name}},"Facebook,Instagram,Audience Network,Messenger,Threads","📘 Learn English easily with simple lessons 
😊 Build confidence with everyday speaking practice 
👉 Download now",👉 Download now,Download,https://speaklearnfrenchlingoai.onelink.me/Y67n?pid=metaweb_int&c={{campaign.name}}&af_c_id={{campaign.id}}&af_adset={{adset.name}}&af_adset_id={{adset.id}}&af_ad={{ad.name}}&af_ad_id={{ad.id}}&af_siteid={{site_source_name}},Video,"Facebook,Instagram,Audience Network,Messenger,Threads",1,0,9:16,https://video.fblr22-2.fna.fbcdn.net/o1/v/t2/f2/m366/AQPaaVfXrgrV7ct_u3yb6UWsKt1iE3E6PWpmRjWYQLXDdTw1xiOenwVHVfWrzFCLRypXetvIcyBu5PEiN4TcCHZ7gcp7dfv1xUuyXJRpFdWJfg.mp4?_nc_cat=111&_nc_oc=AdrHhVnfCTFJc9SE895RgAmeII1PrRHjBzYhcr6lKy9eGAlrk1T3BgY60RyCRBNhwE4&_nc_sid=b66105&_nc_ht=video.fblr22-2.fna.fbcdn.net&_nc_ohc=gtaFUOB4NC4Q7kNvwFEBrc9&efg=eyJ2ZW5jb2RlX3RhZyI6Inhwdl9wcm9ncmVzc2l2ZS5WSV9VU0VDQVNFX1BST0RVQ1RfVFlQRS4uQzMuNjA4LmRhc2hfaDI2NC1iYXNpYy1nZW4yXzcyMHAiLCJ4cHZfYXNzZXRfaWQiOjEwMTM5NDU2NzQ4NzUxMzUsImFzc2V0X2FnZV9kYXlzIjowLCJ2aV91c2VjYXNlX2lkIjoxMDEzOSwiZHVyYXRpb25fcyI6NjIsInVybGdlbl9zb3VyY2UiOiJ3d3cifQ%3D%3D&ccb=17-1&vs=90d24c91fcae0176&_nc_vs=HBksFQIYRWZiX2VwaGVtZXJhbC8zQTQ2QzVEQjg5RDE5RTdDNkRDQzBFNkNCOUU1MkQ4MF9tdF8xX3ZpZGVvX2Rhc2hpbml0Lm1wNBUAAsgBEgAVAhhAZmJfcGVybWFuZW50L0FENEMxNEEwQzI2Q0EzNThBMjU4RTcwMERBQjUxQTlCX2F1ZGlvX2Rhc2hpbml0Lm1wNBUCAsgBEgAoABgAGwKIB3VzZV9vaWwBMRJwcm9ncmVzc2l2ZV9yZWNpcGUBMRUAACb-g678s4vNAxUCKAJDMywXQE8MzMzMzM0YGWRhc2hfaDI2NC1iYXNpYy1nZW4yXzcyMHARAHUAZbaeAQA&_nc_gid=QlfP2UyyN24oDx82w3uwAw&_nc_ss=7f289&_nc_zt=28&oh=00_AQCySHbLxLvMeLH08HsonZE007NeszjNYjSJZBRb4oarlQ&oe=6A6901FD,https://scontent.fblr22-1.fna.fbcdn.net/v/t39.35426-6/755694473_1372949211634356_723124440846391658_n.jpg?_nc_cat=104&ccb=1-7&_nc_sid=c53f8f&_nc_ohc=OW8xPEg3D0cQ7kNvwHmi6h4&_nc_oc=Ado2TwZRDy_hOQmrNLGPgHe9GLxH8G_nNmYbXMQgXEVhvYoCg81fq0cx6zj01MUszWs&_nc_zt=14&_nc_ht=scontent.fblr22-1.fna&_nc_gid=QlfP2UyyN24oDx82w3uwAw&_nc_ss=7f289&oh=00_AQD7dEvBmdAT_-zI0wsZohd1BDtwkjt-7_lKIsG80Z3FXQ&oe=6A68E2B5,2026-07-28T19:24:45.000Z,2026-07-24
172,168,Lingo AI,599204246602758,Lingo AI,,IN,1439115131309215,https://www.facebook.com/ads/library/?id=1439115131309215,2026-07-22,,true,false,1,0,,2026-07-22,,"📘 Learn English easily with simple lessons 
😊 Build confidence with everyday speaking practice 
👉 Download now",👉 Download now,Download,https://speaklearnfrenchlingoai.onelink.me/Y67n?pid=metaweb_int&c={{campaign.name}}&af_c_id={{campaign.id}}&af_adset={{adset.name}}&af_adset_id={{adset.id}}&af_ad={{ad.name}}&af_ad_id={{ad.id}}&af_siteid={{site_source_name}},"Facebook,Instagram,Audience Network,Messenger,Threads","📘 Learn English easily with simple lessons 
😊 Build confidence with everyday speaking practice 
👉 Download now",👉 Download now,Download,https://speaklearnfrenchlingoai.onelink.me/Y67n?pid=metaweb_int&c={{campaign.name}}&af_c_id={{campaign.id}}&af_adset={{adset.name}}&af_adset_id={{adset.id}}&af_ad={{ad.name}}&af_ad_id={{ad.id}}&af_siteid={{site_source_name}},Video,"Facebook,Instagram,Audience Network,Messenger,Threads",1,0,9:16,https://video.fblr22-2.fna.fbcdn.net/o1/v/t2/f2/m366/AQOrYAy-jBlifE9kB6mBA2XQQU80l0r86RaWVdIbtRxj7H4-l_mlfYPsXSSKKM0XJVuemtjQCItYIzlfXZPfOfVLGvO3yICHWj5Rkt5lttI5sA.mp4?_nc_cat=110&_nc_oc=Adq6Z1aylpN150jFtVOOj1QV0xx8PiYcHsalxkvVXia2GuzHWKlYho_Qpq0y5OreEI4&_nc_sid=b66105&_nc_ht=video.fblr22-2.fna.fbcdn.net&_nc_ohc=9QTDdEe6g9wQ7kNvwFWSBM2&efg=eyJ2ZW5jb2RlX3RhZyI6Inhwdl9wcm9ncmVzc2l2ZS5WSV9VU0VDQVNFX1BST0RVQ1RfVFlQRS4uQzMuNjA4LmRhc2hfaDI2NC1iYXNpYy1nZW4yXzcyMHAiLCJ4cHZfYXNzZXRfaWQiOjI2ODAyNzgxOTU5Mzk1MDk5LCJhc3NldF9hZ2VfZGF5cyI6MCwidmlfdXNlY2FzZV9pZCI6MTAxMzksImR1cmF0aW9uX3MiOjI3LCJ1cmxnZW5fc291cmNlIjoid3d3In0%3D&ccb=17-1&vs=167ca5e34677ff16&_nc_vs=HBksFQIYRWZiX2VwaGVtZXJhbC8xMDQ2RDY5OEY5N0QwQjJFQjVGNDZGMDhDQTEyMkQ5Rl9tdF8xX3ZpZGVvX2Rhc2hpbml0Lm1wNBUAAsgBEgAVAhhAZmJfcGVybWFuZW50LzY4NERENTgwMDVFNUJGOEJFQjYyMjRCNDRDNDM5OUJGX2F1ZGlvX2Rhc2hpbml0Lm1wNBUCAsgBEgAoABgAGwKIB3VzZV9vaWwBMRJwcm9ncmVzc2l2ZV9yZWNpcGUBMRUAACa23PSan7-cXxUCKAJDMywXQDuIcrAgxJwYGWRhc2hfaDI2NC1iYXNpYy1nZW4yXzcyMHARAHUAZbaeAQA&_nc_gid=QlfP2UyyN24oDx82w3uwAw&_nc_ss=7f289&_nc_zt=28&oh=00_AQCjww2YN1MqnA5rVpg34pVGPVinRtQmBfil9FBk1DQd1Q&oe=6A68E96A,https://scontent.fblr22-1.fna.fbcdn.net/v/t39.35426-6/754497985_1572931541284526_7974898642293188785_n.jpg?_nc_cat=104&ccb=1-7&_nc_sid=c53f8f&_nc_ohc=dUlrMxJFxccQ7kNvwHwt8QV&_nc_oc=AdqnPpDmbZB1eLb-Om3l7ojhRWI7uBGktRAtiyTSaJ6zVv4V5IVmCpUDWhBMfKRzmno&_nc_zt=14&_nc_ht=scontent.fblr22-1.fna&_nc_gid=QlfP2UyyN24oDx82w3uwAw&_nc_ss=7f289&oh=00_AQCwhZeZ-Yt8sVsqRZTelUycvUWfo4k9wYYDIoyWBekjiQ&oe=6A68ED25,2026-07-28T17:39:54.000Z,2026-07-24
173,169,Lingo AI,599204246602758,Lingo AI,,IN,1770457440756516,https://www.facebook.com/ads/library/?id=1770457440756516,2026-07-22,,true,false,1,0,,2026-07-22,,"🌟 Quer melhorar o seu inglês?
📱 Aprenda a qualquer hora em apenas alguns minutos por dia
💬 Ganhe confiança para falar inglês de verdade
👉 Baixe agora",👉 Baixe agora,Download,https://speaklearnfrenchlingoai.onelink.me/Y67n?pid=metaweb_int&c={{campaign.name}}&af_c_id={{campaign.id}}&af_adset={{adset.name}}&af_adset_id={{adset.id}}&af_ad={{ad.name}}&af_ad_id={{ad.id}}&af_siteid={{site_source_name}},"Facebook,Instagram,Audience Network,Messenger,Threads","🌟 Quer melhorar o seu inglês?
📱 Aprenda a qualquer hora em apenas alguns minutos por dia
💬 Ganhe confiança para falar inglês de verdade
👉 Baixe agora",👉 Baixe agora,Download,https://speaklearnfrenchlingoai.onelink.me/Y67n?pid=metaweb_int&c={{campaign.name}}&af_c_id={{campaign.id}}&af_adset={{adset.name}}&af_adset_id={{adset.id}}&af_ad={{ad.name}}&af_ad_id={{ad.id}}&af_siteid={{site_source_name}},Video,"Facebook,Instagram,Audience Network,Messenger,Threads",1,0,9:16,https://video.fblr22-2.fna.fbcdn.net/o1/v/t2/f2/m366/AQM6SXx1bQata3KcaJjip61U9W1vfm0gTy-roIZeViKwsozQy14crU-CXWljLf0TtU1CouwMg1fYKQcr0x9n3JZerM1INZYKk_tq8cQkHBrsgw.mp4?_nc_cat=100&_nc_oc=Adq2raudd_9sv0zcrehNUgQqzUtE1XwOpZjF_lKNmawO73rIBP8PX9Tl6WtQO_dVxqU&_nc_sid=b66105&_nc_ht=video.fblr22-2.fna.fbcdn.net&_nc_ohc=PK9LwXGyw2wQ7kNvwH6bYgs&efg=eyJ2ZW5jb2RlX3RhZyI6Inhwdl9wcm9ncmVzc2l2ZS5WSV9VU0VDQVNFX1BST0RVQ1RfVFlQRS4uQzMuNjA4LmRhc2hfaDI2NC1iYXNpYy1nZW4yXzcyMHAiLCJ4cHZfYXNzZXRfaWQiOjkyMDI5Mzc5NzA2NzgzMiwiYXNzZXRfYWdlX2RheXMiOjE0LCJ2aV91c2VjYXNlX2lkIjoxMDEzOSwiZHVyYXRpb25fcyI6MjMsInVybGdlbl9zb3VyY2UiOiJ3d3cifQ%3D%3D&ccb=17-1&vs=d0613459a1c72d70&_nc_vs=HBksFQIYRWZiX2VwaGVtZXJhbC80MDQyRjE3NDA1NUY2NzA1Njc3NzgxMUNBMDU5QzhCQl9tdF8xX3ZpZGVvX2Rhc2hpbml0Lm1wNBUAAsgBEgAVAhhAZmJfcGVybWFuZW50LzRGNDE4MjdCMjY0RjBBQTlEMzQ5RDg0MDlERkFGNjlDX2F1ZGlvX2Rhc2hpbml0Lm1wNBUCAsgBEgAoABgAGwKIB3VzZV9vaWwBMRJwcm9ncmVzc2l2ZV9yZWNpcGUBMRUAACbw8OeNk8CiAxUCKAJDMywXQDeIcrAgxJwYGWRhc2hfaDI2NC1iYXNpYy1nZW4yXzcyMHARAHUAZbaeAQA&_nc_gid=QlfP2UyyN24oDx82w3uwAw&_nc_ss=7f289&_nc_zt=28&oh=00_AQAqGvloASYLa4g1CyixVuVspuJDz49Vqceg43C1XaVvcg&oe=6A68F5C4,https://scontent.fblr22-1.fna.fbcdn.net/v/t39.35426-6/753690481_3517124388447690_417517460676752714_n.jpg?_nc_cat=101&ccb=1-7&_nc_sid=c53f8f&_nc_ohc=dA9ak2oFc9sQ7kNvwFz8r1X&_nc_oc=AdraFgKEwHPrugC4V_DQYC7vbfPdopzJlnCZsKh3wFpcS4XJnD9DKYSiMzbUO9gYSEU&_nc_zt=14&_nc_ht=scontent.fblr22-1.fna&_nc_gid=QlfP2UyyN24oDx82w3uwAw&_nc_ss=7f289&oh=00_AQArRWma9LNopn2r9BShNv76wvDskLrBAEE6L8izrJw3dw&oe=6A68E56A,2026-07-28T18:32:36.000Z,2026-07-24
174,170,Lingo AI,599204246602758,Lingo AI,,IN,2115582626044204,https://www.facebook.com/ads/library/?id=2115582626044204,2026-07-22,,true,false,1,0,,2026-07-22,,"📘 Learn English easily with simple lessons 
😊 Build confidence with everyday speaking practice 
👉 Download now",👉 Download now,Download,https://speaklearnfrenchlingoai.onelink.me/Y67n?pid=metaweb_int&c={{campaign.name}}&af_c_id={{campaign.id}}&af_adset={{adset.name}}&af_adset_id={{adset.id}}&af_ad={{ad.name}}&af_ad_id={{ad.id}}&af_siteid={{site_source_name}},"Facebook,Instagram,Audience Network,Messenger,Threads","📘 Learn English easily with simple lessons 
😊 Build confidence with everyday speaking practice 
👉 Download now",👉 Download now,Download,https://speaklearnfrenchlingoai.onelink.me/Y67n?pid=metaweb_int&c={{campaign.name}}&af_c_id={{campaign.id}}&af_adset={{adset.name}}&af_adset_id={{adset.id}}&af_ad={{ad.name}}&af_ad_id={{ad.id}}&af_siteid={{site_source_name}},Video,"Facebook,Instagram,Audience Network,Messenger,Threads",1,0,9:16,https://video.fblr22-2.fna.fbcdn.net/o1/v/t2/f2/m366/AQMVmmG3FGxLc_EXkccpOuR7XVFglZGOLZWW1PNA0LWRxfNny4sk-vkQoz0vMNaexoe7trQ_NgpuSeyoaO09LprDEzsYyrmOOQBumeoUm3mqJA.mp4?_nc_cat=105&_nc_oc=AdoEVv296hW0qwTwlfcjT3h8Qveu85HQYlH_6lnYDLZTGHHJfVAgLBG1M8mzAnJhyLQ&_nc_sid=b66105&_nc_ht=video.fblr22-2.fna.fbcdn.net&_nc_ohc=BAOs43PG0UMQ7kNvwHf5PMF&efg=eyJ2ZW5jb2RlX3RhZyI6Inhwdl9wcm9ncmVzc2l2ZS5WSV9VU0VDQVNFX1BST0RVQ1RfVFlQRS4uQzMuNjA4LmRhc2hfaDI2NC1iYXNpYy1nZW4yXzcyMHAiLCJ4cHZfYXNzZXRfaWQiOjEwMjY1NTYyOTAyMzY0MzQsImFzc2V0X2FnZV9kYXlzIjowLCJ2aV91c2VjYXNlX2lkIjoxMDEzOSwiZHVyYXRpb25fcyI6MjYsInVybGdlbl9zb3VyY2UiOiJ3d3cifQ%3D%3D&ccb=17-1&vs=a32ffb7ced4e9bf5&_nc_vs=HBksFQIYRWZiX2VwaGVtZXJhbC9BMjQ5OTJDMTdGN0U4MjUyNjJDOEFBRTg0M0U2QjNCMl9tdF8xX3ZpZGVvX2Rhc2hpbml0Lm1wNBUAAsgBEgAVAhhAZmJfcGVybWFuZW50L0I4NEI0MjUyRUIyQTc0RkFFOThGRkJCQTI2MkYyRUE5X2F1ZGlvX2Rhc2hpbml0Lm1wNBUCAsgBEgAoABgAGwKIB3VzZV9vaWwBMRJwcm9ncmVzc2l2ZV9yZWNpcGUBMRUAACakgKywuOnSAxUCKAJDMywXQDrEGJN0vGoYGWRhc2hfaDI2NC1iYXNpYy1nZW4yXzcyMHARAHUAZbaeAQA&_nc_gid=QlfP2UyyN24oDx82w3uwAw&_nc_ss=7f289&_nc_zt=28&oh=00_AQCiXzNr8DbtQTYqdFw25gvHrE87mSCNwsIHSVOXy0Fqhg&oe=6A68FE0F,https://scontent.fblr22-1.fna.fbcdn.net/v/t39.35426-6/750796409_912084298599920_8360470512697372477_n.jpg?_nc_cat=103&ccb=1-7&_nc_sid=c53f8f&_nc_ohc=yesuwSq4P_AQ7kNvwF07gA_&_nc_oc=AdqYeQuq6a3HDWR1azj3yMqc3Fj1W96TDeN9leTSC3GNBmS2DKLyIXOaQeSydkMRPVk&_nc_zt=14&_nc_ht=scontent.fblr22-1.fna&_nc_gid=QlfP2UyyN24oDx82w3uwAw&_nc_ss=7f289&oh=00_AQA3zeEhqxy2fhmjpi4Xkdv9M2mZ2OZAlkOOeaTw-kZWCw&oe=6A68F982,2026-07-28T19:07:59.000Z,2026-07-24
175,171,Lingo AI,599204246602758,Lingo AI,,IN,2713151469082224,https://www.facebook.com/ads/library/?id=2713151469082224,2026-07-22,,false,false,1,0,,2026-07-22,,"📘 Learn English easily with simple lessons 
😊 Build confidence with everyday speaking practice 
👉 Download now",👉 Download now,Download,https://speaklearnfrenchlingoai.onelink.me/Y67n?pid=metaweb_int&c={{campaign.name}}&af_c_id={{campaign.id}}&af_adset={{adset.name}}&af_adset_id={{adset.id}}&af_ad={{ad.name}}&af_ad_id={{ad.id}}&af_siteid={{site_source_name}},"Facebook,Instagram,Audience Network,Messenger,Threads","📘 Learn English easily with simple lessons 
😊 Build confidence with everyday speaking practice 
👉 Download now",👉 Download now,Download,https://speaklearnfrenchlingoai.onelink.me/Y67n?pid=metaweb_int&c={{campaign.name}}&af_c_id={{campaign.id}}&af_adset={{adset.name}}&af_adset_id={{adset.id}}&af_ad={{ad.name}}&af_ad_id={{ad.id}}&af_siteid={{site_source_name}},Video,"Facebook,Instagram,Audience Network,Messenger,Threads",1,0,9:16,https://video.fblr22-1.fna.fbcdn.net/o1/v/t2/f2/m366/AQMWu6g4cqrSkenVytVMbmUJwC8840QR6gM0AQ7vQ6nZxG6-mh8ml5KBDbo3TneORuvh0gD_sNNoLSwpd92k7vutJCIcHCxSBWBtylR-Gv0gIw.mp4?_nc_cat=101&_nc_oc=AdoAEMY0zrHWo1izx8XYZqgFstnpT7rKcRB0qm6CcFZBg4yDVtYCg6s_vLUpX5EJwj8&_nc_sid=b66105&_nc_ht=video.fblr22-1.fna.fbcdn.net&_nc_ohc=z0wxOuP0iDAQ7kNvwGxtBfQ&efg=eyJ2ZW5jb2RlX3RhZyI6Inhwdl9wcm9ncmVzc2l2ZS5WSV9VU0VDQVNFX1BST0RVQ1RfVFlQRS4uQzMuNjA4LmRhc2hfaDI2NC1iYXNpYy1nZW4yXzcyMHAiLCJ4cHZfYXNzZXRfaWQiOjI3NTg4NjY5NzU3NDQxMjc1LCJhc3NldF9hZ2VfZGF5cyI6MCwidmlfdXNlY2FzZV9pZCI6MTAxMzksImR1cmF0aW9uX3MiOjUxLCJ1cmxnZW5fc291cmNlIjoid3d3In0%3D&ccb=17-1&vs=142dcc6ebe8040c8&_nc_vs=HBksFQIYRWZiX2VwaGVtZXJhbC9ENDRBOTc4NEJCNUMyQjU3MTA3NDAzNTFFQkY0NkVCRl9tdF8xX3ZpZGVvX2Rhc2hpbml0Lm1wNBUAAsgBEgAVAhhAZmJfcGVybWFuZW50LzJBNDhERTNCRkJDRThGNzU4NEVBMzFDODJBRDU1QUJBX2F1ZGlvX2Rhc2hpbml0Lm1wNBUCAsgBEgAoABgAGwKIB3VzZV9vaWwBMRJwcm9ncmVzc2l2ZV9yZWNpcGUBMRUAACb2k77L9--BYhUCKAJDMywXQEnzMzMzMzMYGWRhc2hfaDI2NC1iYXNpYy1nZW4yXzcyMHARAHUAZbaeAQA&_nc_gid=QlfP2UyyN24oDx82w3uwAw&_nc_ss=7f289&_nc_zt=28&oh=00_AQALc6Y69s-TcX4MOHoQBmCBwNHmeuaAFErWUc0pa6WHFg&oe=6A6906DB,https://scontent.fblr22-1.fna.fbcdn.net/v/t39.35426-6/753164179_1268568188550266_9119902276265137160_n.jpg?_nc_cat=102&ccb=1-7&_nc_sid=c53f8f&_nc_ohc=ULlYRk_oHFcQ7kNvwHNrvSw&_nc_oc=Adooi2PPbu1CR8trtIRoH-FyieZx1IMO8_SmzLjhL8n02Wv2CYNJj5MrUOArC-UZZwQ&_nc_zt=14&_nc_ht=scontent.fblr22-1.fna&_nc_gid=QlfP2UyyN24oDx82w3uwAw&_nc_ss=7f289&oh=00_AQBnnQY6bckiI-Sql7R4R9N3jNjXHAojp8heAtLGPpZ52Q&oe=6A68FC7B,2026-07-28T19:45:31.000Z,2026-07-24
176,172,Lingo AI,599204246602758,Lingo AI,,IN,1610126833807833,https://www.facebook.com/ads/library/?id=1610126833807833,2026-07-22,,false,false,1,0,,2026-07-22,,"📘 Learn English easily with simple lessons 
😊 Build confidence with everyday speaking practice 
👉 Download now",👉 Download now,Download,https://speaklearnfrenchlingoai.onelink.me/Y67n?pid=metaweb_int&c={{campaign.name}}&af_c_id={{campaign.id}}&af_adset={{adset.name}}&af_adset_id={{adset.id}}&af_ad={{ad.name}}&af_ad_id={{ad.id}}&af_siteid={{site_source_name}},"Facebook,Instagram,Audience Network,Messenger,Threads","📘 Learn English easily with simple lessons 
😊 Build confidence with everyday speaking practice 
👉 Download now",👉 Download now,Download,https://speaklearnfrenchlingoai.onelink.me/Y67n?pid=metaweb_int&c={{campaign.name}}&af_c_id={{campaign.id}}&af_adset={{adset.name}}&af_adset_id={{adset.id}}&af_ad={{ad.name}}&af_ad_id={{ad.id}}&af_siteid={{site_source_name}},Video,"Facebook,Instagram,Audience Network,Messenger,Threads",1,0,9:16,https://video.fblr22-2.fna.fbcdn.net/o1/v/t2/f2/m366/AQMCSzu5YkOY_thehNyM_vcFKa-UtD9smd1U8XeFeSbwcYuCoon_97oWNBLhbnvqJi2zqeaKJLH5QPjdEkMxSRQAc5sQQqiCUg1knOKzhYs0gQ.mp4?_nc_cat=110&_nc_oc=AdrrW3DmEtDA5CMbbfA46xJBWYjYwJfzTiYor_5pDShClZQvnlaszXhPU9Wf8nAiYQc&_nc_sid=b66105&_nc_ht=video.fblr22-2.fna.fbcdn.net&_nc_ohc=LrVUo5Vo2DgQ7kNvwHtVQoN&efg=eyJ2ZW5jb2RlX3RhZyI6Inhwdl9wcm9ncmVzc2l2ZS5WSV9VU0VDQVNFX1BST0RVQ1RfVFlQRS4uQzMuNjA4LmRhc2hfaDI2NC1iYXNpYy1nZW4yXzcyMHAiLCJ4cHZfYXNzZXRfaWQiOjE1NjU3NDIxMzE4MDA0MDcsImFzc2V0X2FnZV9kYXlzIjowLCJ2aV91c2VjYXNlX2lkIjoxMDEzOSwiZHVyYXRpb25fcyI6NTksInVybGdlbl9zb3VyY2UiOiJ3d3cifQ%3D%3D&ccb=17-1&vs=c12f62587acd3e09&_nc_vs=HBksFQIYRWZiX2VwaGVtZXJhbC83NDRGOEVBNzk0MTVFMDFGMUY2RThBNUUzRTQ1MUQ5RF9tdF8xX3ZpZGVvX2Rhc2hpbml0Lm1wNBUAAsgBEgAVAhhAZmJfcGVybWFuZW50L0JBNEQzMUVCRDZCMDExNDIwMDMxRDE3RDQ3NTkzMkJCX2F1ZGlvX2Rhc2hpbml0Lm1wNBUCAsgBEgAoABgAGwKIB3VzZV9vaWwBMRJwcm9ncmVzc2l2ZV9yZWNpcGUBMRUAACaupZv5l4LIBRUCKAJDMywXQE2RBiTdLxsYGWRhc2hfaDI2NC1iYXNpYy1nZW4yXzcyMHARAHUAZbaeAQA&_nc_gid=QlfP2UyyN24oDx82w3uwAw&_nc_ss=7f289&_nc_zt=28&oh=00_AQCqhRcy8wvhDsnC4rRBnF50DkFRh3BlWhW6r2a-dU2HBA&oe=6A68E136,https://scontent.fblr22-1.fna.fbcdn.net/v/t39.35426-6/752638679_2899869527030246_5429234619471162832_n.jpg?_nc_cat=109&ccb=1-7&_nc_sid=c53f8f&_nc_ohc=zo2NVX5w4R0Q7kNvwGRIxzT&_nc_oc=Adokpo8tfEfLLqcBiAovzk-pitMhunolPx61RRUOAb-Gf-_00coWAyqPCOhbplaL14Y&_nc_zt=14&_nc_ht=scontent.fblr22-1.fna&_nc_gid=QlfP2UyyN24oDx82w3uwAw&_nc_ss=7f289&oh=00_AQCkDK7ZynlccgoJ3adEJ_I9po7CzQCRcrK47rO-wXsmBA&oe=6A68DA9D,2026-07-28T17:04:54.000Z,2026-07-24
177,173,Lingo AI,599204246602758,Lingo AI,,IN,4546374165596889,https://www.facebook.com/ads/library/?id=4546374165596889,2026-07-22,,true,false,1,0,,2026-07-22,,"📘 Learn English easily with simple lessons 
😊 Build confidence with everyday speaking practice 
👉 Download now",👉 Download now,Download,https://speaklearnfrenchlingoai.onelink.me/Y67n?pid=metaweb_int&c={{campaign.name}}&af_c_id={{campaign.id}}&af_adset={{adset.name}}&af_adset_id={{adset.id}}&af_ad={{ad.name}}&af_ad_id={{ad.id}}&af_siteid={{site_source_name}},"Facebook,Instagram,Audience Network,Messenger,Threads","📘 Learn English easily with simple lessons 
😊 Build confidence with everyday speaking practice 
👉 Download now",👉 Download now,Download,https://speaklearnfrenchlingoai.onelink.me/Y67n?pid=metaweb_int&c={{campaign.name}}&af_c_id={{campaign.id}}&af_adset={{adset.name}}&af_adset_id={{adset.id}}&af_ad={{ad.name}}&af_ad_id={{ad.id}}&af_siteid={{site_source_name}},Video,"Facebook,Instagram,Audience Network,Messenger,Threads",1,0,9:16,https://video.fblr22-2.fna.fbcdn.net/o1/v/t2/f2/m366/AQP0W-P-vnqV7jWgUaWjA78lvv48mVLSFVLa4kpCpS9dnOdZAYNCpiK8dqQrQ0DuUBFPuMANHEMWMx9YOmzykMjLdh6XRxhrtd-yTBNEDy-QMA.mp4?_nc_cat=100&_nc_oc=AdpUsAQmpuZqCc4JoSNokeTkTRIsSrDE7toyaNaxqwlT4A_hJ_X1i8YdR8Ciu1a6d3w&_nc_sid=b66105&_nc_ht=video.fblr22-2.fna.fbcdn.net&_nc_ohc=4VSbSfhf-wkQ7kNvwFTFeFL&efg=eyJ2ZW5jb2RlX3RhZyI6Inhwdl9wcm9ncmVzc2l2ZS5WSV9VU0VDQVNFX1BST0RVQ1RfVFlQRS4uQzMuNjA4LmRhc2hfaDI2NC1iYXNpYy1nZW4yXzcyMHAiLCJ4cHZfYXNzZXRfaWQiOjEzNjc2MzcyOTUzNDk0OTcsImFzc2V0X2FnZV9kYXlzIjowLCJ2aV91c2VjYXNlX2lkIjoxMDEzOSwiZHVyYXRpb25fcyI6MjYsInVybGdlbl9zb3VyY2UiOiJ3d3cifQ%3D%3D&ccb=17-1&vs=4bf7beeb217813a1&_nc_vs=HBksFQIYRWZiX2VwaGVtZXJhbC81MjQ4N0UzQzFCMzc0RjBDMzY1M0M5OTk2MDA1RjJCMV9tdF8xX3ZpZGVvX2Rhc2hpbml0Lm1wNBUAAsgBEgAVAhhAZmJfcGVybWFuZW50L0MwNEYzMzI0RUZDMzBDN0NCQkZEOUVCN0I4QzEyRkI0X2F1ZGlvX2Rhc2hpbml0Lm1wNBUCAsgBEgAoABgAGwKIB3VzZV9vaWwBMRJwcm9ncmVzc2l2ZV9yZWNpcGUBMRUAACby-93y-_btBBUCKAJDMywXQDqiDEm6XjUYGWRhc2hfaDI2NC1iYXNpYy1nZW4yXzcyMHARAHUAZbaeAQA&_nc_gid=QlfP2UyyN24oDx82w3uwAw&_nc_ss=7f289&_nc_zt=28&oh=00_AQBJsS5OWOqAX9L7QYrCLUEaQipGj3-UkvjqN41YnhQz0Q&oe=6A6906A8,https://scontent.fblr22-2.fna.fbcdn.net/v/t39.35426-6/753231521_2949766678701077_8780675746781862162_n.jpg?_nc_cat=105&ccb=1-7&_nc_sid=c53f8f&_nc_ohc=Jsr__82bSD0Q7kNvwGlfJ8p&_nc_oc=AdrPQrStlU6bk0f7h3WI1On-L_2nNXrHvvjn1oZfRYhykw2u2EKOW4UCVgcjvpE_xvo&_nc_zt=14&_nc_ht=scontent.fblr22-2.fna&_nc_gid=QlfP2UyyN24oDx82w3uwAw&_nc_ss=7f289&oh=00_AQBppuT4eZ9WcrbhkDDAVakkR6JSqJDtq2_KJyT0B82CAQ&oe=6A68DA14,2026-07-28T19:44:40.000Z,2026-07-24
178,174,Lingo AI,599204246602758,Lingo AI,,IN,1029309966465407,https://www.facebook.com/ads/library/?id=1029309966465407,2026-07-22,,false,false,1,0,,2026-07-22,,"📘 Learn English easily with simple lessons 
😊 Build confidence with everyday speaking practice 
👉 Download now",👉 Download now,Download,https://speaklearnfrenchlingoai.onelink.me/Y67n?pid=metaweb_int&c={{campaign.name}}&af_c_id={{campaign.id}}&af_adset={{adset.name}}&af_adset_id={{adset.id}}&af_ad={{ad.name}}&af_ad_id={{ad.id}}&af_siteid={{site_source_name}},"Facebook,Instagram,Audience Network,Messenger,Threads","📘 Learn English easily with simple lessons 
😊 Build confidence with everyday speaking practice 
👉 Download now",👉 Download now,Download,https://speaklearnfrenchlingoai.onelink.me/Y67n?pid=metaweb_int&c={{campaign.name}}&af_c_id={{campaign.id}}&af_adset={{adset.name}}&af_adset_id={{adset.id}}&af_ad={{ad.name}}&af_ad_id={{ad.id}}&af_siteid={{site_source_name}},Video,"Facebook,Instagram,Audience Network,Messenger,Threads",1,0,9:16,https://video.fblr22-2.fna.fbcdn.net/o1/v/t2/f2/m366/AQNZRQ69ly5IISVkmBirbJQ8MzoprUheKx7bqVscSQ18YwDDkPW7u5REXqE0dec16dULIPunh-LwBkTLCRseywIhNRzc2_YxyHsq_gTIDfRcNw.mp4?_nc_cat=110&_nc_oc=AdrbEcyo2IaZY5v0KPnbPi5-OdDr0TsgX84SvuFVn3wqdfYEj8wOkRkpoYElyE4RQJA&_nc_sid=b66105&_nc_ht=video.fblr22-2.fna.fbcdn.net&_nc_ohc=X5UkXHkrxWQQ7kNvwHVptP0&efg=eyJ2ZW5jb2RlX3RhZyI6Inhwdl9wcm9ncmVzc2l2ZS5WSV9VU0VDQVNFX1BST0RVQ1RfVFlQRS4uQzMuNjA4LmRhc2hfaDI2NC1iYXNpYy1nZW4yXzcyMHAiLCJ4cHZfYXNzZXRfaWQiOjMyMjU0MDI1MTA5OTExMjIsImFzc2V0X2FnZV9kYXlzIjowLCJ2aV91c2VjYXNlX2lkIjoxMDEzOSwiZHVyYXRpb25fcyI6MzEsInVybGdlbl9zb3VyY2UiOiJ3d3cifQ%3D%3D&ccb=17-1&vs=c89bbd5f065f0fc3&_nc_vs=HBksFQIYRWZiX2VwaGVtZXJhbC9BNTQ3RjkxNjA2OTQ0NzY5Rjg5ODg0RTA0N0IyMERBNF9tdF8xX3ZpZGVvX2Rhc2hpbml0Lm1wNBUAAsgBEgAVAhhAZmJfcGVybWFuZW50Lzk3NDI4MDgyMjlGMjZGNkI5N0NGQTBFNjUyMTdBQjlEX2F1ZGlvX2Rhc2hpbml0Lm1wNBUCAsgBEgAoABgAGwKIB3VzZV9vaWwBMRJwcm9ncmVzc2l2ZV9yZWNpcGUBMRUAACak_Oaukd-6CxUCKAJDMywXQD_u2RaHKwIYGWRhc2hfaDI2NC1iYXNpYy1nZW4yXzcyMHARAHUAZbaeAQA&_nc_gid=QlfP2UyyN24oDx82w3uwAw&_nc_ss=7f289&_nc_zt=28&oh=00_AQBaUnfEjYGZhCN4DYTQjjiQ2j4KmvZVb2VnBG_-tz3O9g&oe=6A68EB9E,https://scontent.fblr22-2.fna.fbcdn.net/v/t39.35426-6/753192776_1413651464019068_288698195588827146_n.jpg?_nc_cat=100&ccb=1-7&_nc_sid=c53f8f&_nc_ohc=VtRxIKmZIuAQ7kNvwEuWfOx&_nc_oc=AdobAFwy1rIvzcYzRodwKA18UaLICDTp-5Ye3OD3yoNhrR_AcA2T6NW6kRfbk6ntpaw&_nc_zt=14&_nc_ht=scontent.fblr22-2.fna&_nc_gid=QlfP2UyyN24oDx82w3uwAw&_nc_ss=7f289&oh=00_AQBADY7RkOCksSs2niA5Qhnm-UPBzmvUlkX0VvRWHadQlA&oe=6A68F8F4,2026-07-28T17:49:18.000Z,2026-07-24
179,175,Lingo AI,599204246602758,Lingo AI,,IN,2014430749442608,https://www.facebook.com/ads/library/?id=2014430749442608,2026-07-22,,true,false,1,0,,2026-07-22,,"📘 Learn English easily with simple lessons 
😊 Build confidence with everyday speaking practice 
👉 Download now",👉 Download now,Download,https://speaklearnfrenchlingoai.onelink.me/Y67n?pid=metaweb_int&c={{campaign.name}}&af_c_id={{campaign.id}}&af_adset={{adset.name}}&af_adset_id={{adset.id}}&af_ad={{ad.name}}&af_ad_id={{ad.id}}&af_siteid={{site_source_name}},"Facebook,Instagram,Audience Network,Messenger,Threads","📘 Learn English easily with simple lessons 
😊 Build confidence with everyday speaking practice 
👉 Download now",👉 Download now,Download,https://speaklearnfrenchlingoai.onelink.me/Y67n?pid=metaweb_int&c={{campaign.name}}&af_c_id={{campaign.id}}&af_adset={{adset.name}}&af_adset_id={{adset.id}}&af_ad={{ad.name}}&af_ad_id={{ad.id}}&af_siteid={{site_source_name}},Video,"Facebook,Instagram,Audience Network,Messenger,Threads",1,0,9:16,https://video.fblr22-1.fna.fbcdn.net/o1/v/t2/f2/m366/AQOBZsrutQQH2pzZytsGOZ1FYyIs4OAce8suulJN4E9XO1NvgGwemSrtXUok07LtWxnNsDBIBdgOAyQSuL8aOGZv7vYBP-xTZ-TAS2FFzTWgVQ.mp4?_nc_cat=102&_nc_oc=AdqJgiIJI6gt3qCVShdSVrpKrLC1J_Z9edXsTqEDPqCJ0lePU2Mmbmqucm-ZKzSiF2Y&_nc_sid=b66105&_nc_ht=video.fblr22-1.fna.fbcdn.net&_nc_ohc=8y34JugRAUAQ7kNvwE5Cxad&efg=eyJ2ZW5jb2RlX3RhZyI6Inhwdl9wcm9ncmVzc2l2ZS5WSV9VU0VDQVNFX1BST0RVQ1RfVFlQRS4uQzMuNzIwLmRhc2hfaDI2NC1iYXNpYy1nZW4yXzcyMHAiLCJ4cHZfYXNzZXRfaWQiOjE5NDA3MzI4MDMyODMyMDUsImFzc2V0X2FnZV9kYXlzIjoxMywidmlfdXNlY2FzZV9pZCI6MTAxMzksImR1cmF0aW9uX3MiOjc3LCJ1cmxnZW5fc291cmNlIjoid3d3In0%3D&ccb=17-1&vs=eeb76e37247dff92&_nc_vs=HBksFQIYRWZiX2VwaGVtZXJhbC8zQjRFRkJEMDBGQjkwNTY2MDI4Nzg0MjY1RDFEMTE5OV9tdF8xX3ZpZGVvX2Rhc2hpbml0Lm1wNBUAAsgBEgAVAhhAZmJfcGVybWFuZW50L0U1NEU2QTgzMEMwMzE2RjJCQUJFNEEwRjBBMTM5MUEyX2F1ZGlvX2Rhc2hpbml0Lm1wNBUCAsgBEgAoABgAGwKIB3VzZV9vaWwBMRJwcm9ncmVzc2l2ZV9yZWNpcGUBMRUAACaK5L-VwsXyBhUCKAJDMywXQFNogxJul40YGWRhc2hfaDI2NC1iYXNpYy1nZW4yXzcyMHARAHUAZbaeAQA&_nc_gid=QlfP2UyyN24oDx82w3uwAw&_nc_ss=7f289&_nc_zt=28&oh=00_AQCPtr4PRqmtxlsR7SZZBOFhTZB8tSCljyDNxE5ML6rdig&oe=6A68D9FE,https://scontent.fblr22-2.fna.fbcdn.net/v/t39.35426-6/755867153_926749073782136_6564600819971766848_n.jpg?_nc_cat=111&ccb=1-7&_nc_sid=c53f8f&_nc_ohc=jhDjofxkI-oQ7kNvwEDJj6R&_nc_oc=AdomL6W5Z0utuiNJxXs4jbFhfhsNqx0enmIf9H_xLi5KBNJY-nf2sNh-KgXSTnZwtL0&_nc_zt=14&_nc_ht=scontent.fblr22-2.fna&_nc_gid=QlfP2UyyN24oDx82w3uwAw&_nc_ss=7f289&oh=00_AQC7pa7HXo4t3DNH0EfrsxLS0H8zLmjtKNisXBRuNt9rDg&oe=6A68F1A1,2026-07-28T16:34:06.000Z,2026-07-24
