row_rank,page_rank,competitor_name,facebook_page_id,facebook_page_name,facebook_page_followers,target_country,ad_library_id,ad_library_url,ad_start_date,ad_end_date,has_low_impression_warning,ad_has_multiple_versions,ad_version_count,version_index,version_id,version_start_date,version_end_date,version_primary_text,version_description,version_cta_label,version_destination_url,version_platforms_distribution,ad_primary_text,ad_description,ad_cta_label,ad_destination_url,ad_media_type,ad_distribution_platforms,creative_count_in_ad,creative_index_in_ad,creative_aspect_ratio,facebook_video_cdn_url_at_scrape,facebook_thumbnail_cdn_url_at_scrape,facebook_cdn_url_expiry_at_scrape,scrape_run_date
1,1,Loora,105478174979714,Loora,,IN,1923073918386349,https://www.facebook.com/ads/library/?id=1923073918386349,2026-02-18,,false,true,2,0,1923073918386349,2026-02-18,,"Want to speak English fluently?
Meet Loora 👋 your own virtual English tutor.

✔️ Express yourself freely.
✔️ Talk about your interests - from pop culture to quantum mechanics... 
✔️ Perfect your accent.
✔️ Learn new words every day.
✔️ Build your confidence.

Take your English to the next level, get Loora TODAY >>",Best AI English tutor,Download,https://app.appsflyer.com/id1552708303?pid=metaweb_int&c= {{campaign.name}}&af_siteid={{site_source_name}}&af_adset={{adset.name}}&af_ad={{ad.name}}&af_c_id={{campaign.id}}&af_adset_id={{adset.id}}&af_ad_id={{ad.id}}&af_click_lookback=7d,"Facebook,Instagram,Audience Network,Messenger,Threads","Want to speak English fluently?
Meet Loora 👋 your own virtual English tutor.

✔️ Express yourself freely.
✔️ Talk about your interests - from pop culture to quantum mechanics... 
✔️ Perfect your accent.
✔️ Learn new words every day.
✔️ Build your confidence.

Take your English to the next level, get Loora TODAY >>",Best AI English tutor,Download,https://app.appsflyer.com/id1552708303?pid=metaweb_int&c= {{campaign.name}}&af_siteid={{site_source_name}}&af_adset={{adset.name}}&af_ad={{ad.name}}&af_c_id={{campaign.id}}&af_adset_id={{adset.id}}&af_ad_id={{ad.id}}&af_click_lookback=7d,Video,"Facebook,Instagram,Audience Network,Messenger,Threads",1,0,9:16,https://video.fblr20-2.fna.fbcdn.net/o1/v/t2/f2/m366/AQPZKzyj2ZpZ6UVZxFx3-far2sVIyWIdpTuf2YM8fjcfws22qxOgZnmPYs72OPnVRV8aZQKSW6o7trBmgLsIZZKrqtXbQ_rw5jIpW0FHiZC0wg.mp4?_nc_cat=111&_nc_oc=AdpgGKLIr_R2gGZrbA6uuaAolNaBKMH8M9NDpDh6P848NfYako5eHkvRogdwxrfIdOCZREFZ8YpH56gEfVOKU0Rm&_nc_sid=b66105&_nc_ht=video.fblr20-2.fna.fbcdn.net&_nc_ohc=X1nl4ZLL8SgQ7kNvwGKLLO3&efg=eyJ2ZW5jb2RlX3RhZyI6Inhwdl9wcm9ncmVzc2l2ZS5WSV9VU0VDQVNFX1BST0RVQ1RfVFlQRS4uQzMuNzIwLmRhc2hfaDI2NC1iYXNpYy1nZW4yXzcyMHAiLCJ4cHZfYXNzZXRfaWQiOjE4MTg2MzE3MjU1MTA2MDcsImFzc2V0X2FnZV9kYXlzIjoxNzgsInZpX3VzZWNhc2VfaWQiOjEwNzk5LCJkdXJhdGlvbl9zIjozNywidXJsZ2VuX3NvdXJjZSI6Ind3dyJ9&ccb=17-1&vs=e8a7bbf61e9aa680&_nc_vs=HBksFQIYRWZiX2VwaGVtZXJhbC9CNDRGMDBDMkZGMjg1OTg4MjI4OEU4MzU3NTA1QTA5RV9tdF8xX3ZpZGVvX2Rhc2hpbml0Lm1wNBUAAsgBEgAVAhhAZmJfcGVybWFuZW50LzE2NDI4QkY4QUREQ0YxNEI0MUIwMTZEMDc0Q0EwQjg1X2F1ZGlvX2Rhc2hpbml0Lm1wNBUCAsgBEgAoABgAGwKIB3VzZV9vaWwBMRJwcm9ncmVzc2l2ZV9yZWNpcGUBMRUAACaev8-fpoK7BhUCKAJDMywXQELOdsi0OVgYGWRhc2hfaDI2NC1iYXNpYy1nZW4yXzcyMHARAHUAZd6oAQA&_nc_gid=fbe-rhCEsPqRV_K1uCjKZg&_nc_ss=7f289&_nc_zt=28&oh=00_AQCJk5QL29AovQtvwc4wH_Migzw-VRrGynZ18D2iAmr0jQ&oe=6A671ED9,https://scontent.fblr20-1.fna.fbcdn.net/v/t39.35426-6/638396650_1601165131185582_4427599875633472058_n.jpg?_nc_cat=108&ccb=1-7&_nc_sid=c53f8f&_nc_ohc=9waa8VHTNUsQ7kNvwEmxoOj&_nc_oc=AdoXggONqOT7jEp6ZWZl8SYh9mQCP5VFvVQgH7heuqT99sfGjDJc0zEXgsJF5d0gi8ylndF8fYyS_d80cedtdB3b&_nc_zt=14&_nc_ht=scontent.fblr20-1.fna&_nc_gid=fbe-rhCEsPqRV_K1uCjKZg&_nc_ss=7f289&oh=00_AQD5zsVwGgUbNFQQ9PV4_2oAvGh-NFI9so6hmkk1CudPWQ&oe=6A674C77,2026-07-27T09:03:21.000Z,2026-07-23
2,1,Loora,105478174979714,Loora,,IN,1923073918386349,https://www.facebook.com/ads/library/?id=1923073918386349,2026-02-18,,false,true,2,1,1296410559365931,2026-06-16,,"Want to speak English fluently?
Meet Loora 👋 your own virtual English tutor.

✔️ Express yourself freely.
✔️ Talk about your interests - from pop culture to quantum mechanics... 
✔️ Perfect your accent.
✔️ Learn new words every day.
✔️ Build your confidence.

Take your English to the next level, get Loora TODAY >>",Best AI English tutor,Download,https://app.appsflyer.com/id1552708303?pid=metaweb_int&c= {{campaign.name}}&af_siteid={{site_source_name}}&af_adset={{adset.name}}&af_ad={{ad.name}}&af_c_id={{campaign.id}}&af_adset_id={{adset.id}}&af_ad_id={{ad.id}}&af_click_lookback=7d,"Facebook,Instagram,Audience Network,Messenger,Threads","Want to speak English fluently?
Meet Loora 👋 your own virtual English tutor.

✔️ Express yourself freely.
✔️ Talk about your interests - from pop culture to quantum mechanics... 
✔️ Perfect your accent.
✔️ Learn new words every day.
✔️ Build your confidence.

Take your English to the next level, get Loora TODAY >>",Best AI English tutor,Download,https://app.appsflyer.com/id1552708303?pid=metaweb_int&c= {{campaign.name}}&af_siteid={{site_source_name}}&af_adset={{adset.name}}&af_ad={{ad.name}}&af_c_id={{campaign.id}}&af_adset_id={{adset.id}}&af_ad_id={{ad.id}}&af_click_lookback=7d,Video,"Facebook,Instagram,Audience Network,Messenger,Threads",1,0,9:16,https://video.fblr20-2.fna.fbcdn.net/o1/v/t2/f2/m366/AQPZKzyj2ZpZ6UVZxFx3-far2sVIyWIdpTuf2YM8fjcfws22qxOgZnmPYs72OPnVRV8aZQKSW6o7trBmgLsIZZKrqtXbQ_rw5jIpW0FHiZC0wg.mp4?_nc_cat=111&_nc_oc=AdpgGKLIr_R2gGZrbA6uuaAolNaBKMH8M9NDpDh6P848NfYako5eHkvRogdwxrfIdOCZREFZ8YpH56gEfVOKU0Rm&_nc_sid=b66105&_nc_ht=video.fblr20-2.fna.fbcdn.net&_nc_ohc=X1nl4ZLL8SgQ7kNvwGKLLO3&efg=eyJ2ZW5jb2RlX3RhZyI6Inhwdl9wcm9ncmVzc2l2ZS5WSV9VU0VDQVNFX1BST0RVQ1RfVFlQRS4uQzMuNzIwLmRhc2hfaDI2NC1iYXNpYy1nZW4yXzcyMHAiLCJ4cHZfYXNzZXRfaWQiOjE4MTg2MzE3MjU1MTA2MDcsImFzc2V0X2FnZV9kYXlzIjoxNzgsInZpX3VzZWNhc2VfaWQiOjEwNzk5LCJkdXJhdGlvbl9zIjozNywidXJsZ2VuX3NvdXJjZSI6Ind3dyJ9&ccb=17-1&vs=e8a7bbf61e9aa680&_nc_vs=HBksFQIYRWZiX2VwaGVtZXJhbC9CNDRGMDBDMkZGMjg1OTg4MjI4OEU4MzU3NTA1QTA5RV9tdF8xX3ZpZGVvX2Rhc2hpbml0Lm1wNBUAAsgBEgAVAhhAZmJfcGVybWFuZW50LzE2NDI4QkY4QUREQ0YxNEI0MUIwMTZEMDc0Q0EwQjg1X2F1ZGlvX2Rhc2hpbml0Lm1wNBUCAsgBEgAoABgAGwKIB3VzZV9vaWwBMRJwcm9ncmVzc2l2ZV9yZWNpcGUBMRUAACaev8-fpoK7BhUCKAJDMywXQELOdsi0OVgYGWRhc2hfaDI2NC1iYXNpYy1nZW4yXzcyMHARAHUAZd6oAQA&_nc_gid=QjupFmpceleH3zvb5FAK1Q&_nc_ss=7f289&_nc_zt=28&oh=00_AQC0vNx2Ey5Wdeuo1y7SOekn6Efs_1bGtYXpFSIf-8-puw&oe=6A671ED9,https://scontent.fblr20-4.fna.fbcdn.net/v/t39.35426-6/726575097_2452066771957375_700008453612451050_n.jpg?_nc_cat=106&ccb=1-7&_nc_sid=c53f8f&_nc_ohc=km3t4LSJSv4Q7kNvwHRNwIb&_nc_oc=AdolUkRHjy95I5qEYZcpZ7xnylqRA76V8F7jJodmsBzz9Kwpq3ArWym05JdtMS9e2SjJhismQSrg91GNAwgEtzll&_nc_zt=14&_nc_ht=scontent.fblr20-4.fna&_nc_gid=QjupFmpceleH3zvb5FAK1Q&_nc_ss=7f289&oh=00_AQBcnL5Fznt_bhBn3r2H6ncLXkLvCkEIApV9NfJiu1jc_w&oe=6A674E9D,2026-07-27T09:03:21.000Z,2026-07-23
3,2,Loora,105478174979714,Loora,,IN,1032864065896787,https://www.facebook.com/ads/library/?id=1032864065896787,2026-07-06,,false,true,3,0,1032864065896787,2026-07-06,,Speak English fluently with your virtual AI English tutor 😎,Best AI English tutor,Install now,http://play.google.com/store/apps/details?id=com.loora.app,"Facebook,Instagram,Audience Network,Messenger,Threads",Speak English fluently with your virtual AI English tutor 😎,Best AI English tutor,Install now,http://play.google.com/store/apps/details?id=com.loora.app,Video,"Facebook,Instagram,Audience Network,Messenger,Threads",1,0,9:16,https://video.fblr20-3.fna.fbcdn.net/o1/v/t2/f2/m366/AQOh58Mg92fnx0ACyW4duPqL1wOjI3PWBHB6mU-Jbe263Dy-IWJV3xP8VWbMV4jIJutAW003cRN_Imy7FVOQALxGSq2ExzlN3JA3p-1sZef8Fg.mp4?_nc_cat=100&_nc_oc=AdoyIdOqKr6xqvs7TR5F55VVr0ZVYR0J1FhWmq5b_j9l-rYAXiSEd-h79RZuYJMlyS8nDLG_HXSRh1QhxmBcAuj4&_nc_sid=b66105&_nc_ht=video.fblr20-3.fna.fbcdn.net&_nc_ohc=0AkFkACr-esQ7kNvwErB6S3&efg=eyJ2ZW5jb2RlX3RhZyI6Inhwdl9wcm9ncmVzc2l2ZS5WSV9VU0VDQVNFX1BST0RVQ1RfVFlQRS4uQzMuNzIwLmRhc2hfaDI2NC1iYXNpYy1nZW4yXzcyMHAiLCJ4cHZfYXNzZXRfaWQiOjkyNDY2NTUxNjc4MDIwOCwiYXNzZXRfYWdlX2RheXMiOjE0MCwidmlfdXNlY2FzZV9pZCI6MTA3OTksImR1cmF0aW9uX3MiOjM0LCJ1cmxnZW5fc291cmNlIjoid3d3In0%3D&ccb=17-1&vs=c54ea8a8129ee807&_nc_vs=HBksFQIYRWZiX2VwaGVtZXJhbC85RjREN0YwMzUwQUY5MUM1Mzc5NEU3NkYyQTg4RUVBRV9tdF8xX3ZpZGVvX2Rhc2hpbml0Lm1wNBUAAsgBEgAVAhhAZmJfcGVybWFuZW50L0I1NDE0QjZDNUQ5MDk5MUNDQ0IyQzFEMEY1NDJFRDhFX2F1ZGlvX2Rhc2hpbml0Lm1wNBUCAsgBEgAoABgAGwKIB3VzZV9vaWwBMRJwcm9ncmVzc2l2ZV9yZWNpcGUBMRUAACbgqs_6zr6kAxUCKAJDMywXQEEuFHrhR64YGWRhc2hfaDI2NC1iYXNpYy1nZW4yXzcyMHARAHUAZd6oAQA&_nc_gid=fbe-rhCEsPqRV_K1uCjKZg&_nc_ss=7f289&_nc_zt=28&oh=00_AQAj9-r-devWnY2qSBMfBlvpwDHDbF-ASQeNSN1XKBSNJw&oe=6A6727E8,https://scontent.fblr20-4.fna.fbcdn.net/v/t39.35426-6/741719755_1568281644678309_187138007719153459_n.jpg?_nc_cat=106&ccb=1-7&_nc_sid=c53f8f&_nc_ohc=OYfeh1WlgWIQ7kNvwH_saga&_nc_oc=AdqyR2vizHGXcWAoqaelWwgzD3wTx4oMF8FbgAne72qHrahprtcnpEVutsvk8EMIA8ylNnSwUeP9-0WTbDnDie2a&_nc_zt=14&_nc_ht=scontent.fblr20-4.fna&_nc_gid=fbe-rhCEsPqRV_K1uCjKZg&_nc_ss=7f289&oh=00_AQBdqkyJEo3Tg0RzUIkdBnTvV1CjnIXsxRX4fUVpTjR8KA&oe=6A672DC1,2026-07-27T09:42:00.000Z,2026-07-23
4,2,Loora,105478174979714,Loora,,IN,1032864065896787,https://www.facebook.com/ads/library/?id=1032864065896787,2026-07-06,,false,true,3,1,2004908010213151,2026-07-13,,Speak English fluently with your virtual AI English tutor 😎,Best AI English tutor,Install now,http://play.google.com/store/apps/details?id=com.loora.app,"Facebook,Instagram,Audience Network,Messenger,Threads",Speak English fluently with your virtual AI English tutor 😎,Best AI English tutor,Install now,http://play.google.com/store/apps/details?id=com.loora.app,Video,"Facebook,Instagram,Audience Network,Messenger,Threads",1,0,9:16,https://video.fblr20-3.fna.fbcdn.net/o1/v/t2/f2/m366/AQOh58Mg92fnx0ACyW4duPqL1wOjI3PWBHB6mU-Jbe263Dy-IWJV3xP8VWbMV4jIJutAW003cRN_Imy7FVOQALxGSq2ExzlN3JA3p-1sZef8Fg.mp4?_nc_cat=100&_nc_oc=AdoyIdOqKr6xqvs7TR5F55VVr0ZVYR0J1FhWmq5b_j9l-rYAXiSEd-h79RZuYJMlyS8nDLG_HXSRh1QhxmBcAuj4&_nc_sid=b66105&_nc_ht=video.fblr20-3.fna.fbcdn.net&_nc_ohc=0AkFkACr-esQ7kNvwErB6S3&efg=eyJ2ZW5jb2RlX3RhZyI6Inhwdl9wcm9ncmVzc2l2ZS5WSV9VU0VDQVNFX1BST0RVQ1RfVFlQRS4uQzMuNzIwLmRhc2hfaDI2NC1iYXNpYy1nZW4yXzcyMHAiLCJ4cHZfYXNzZXRfaWQiOjkyNDY2NTUxNjc4MDIwOCwiYXNzZXRfYWdlX2RheXMiOjE0MCwidmlfdXNlY2FzZV9pZCI6MTA3OTksImR1cmF0aW9uX3MiOjM0LCJ1cmxnZW5fc291cmNlIjoid3d3In0%3D&ccb=17-1&vs=c54ea8a8129ee807&_nc_vs=HBksFQIYRWZiX2VwaGVtZXJhbC85RjREN0YwMzUwQUY5MUM1Mzc5NEU3NkYyQTg4RUVBRV9tdF8xX3ZpZGVvX2Rhc2hpbml0Lm1wNBUAAsgBEgAVAhhAZmJfcGVybWFuZW50L0I1NDE0QjZDNUQ5MDk5MUNDQ0IyQzFEMEY1NDJFRDhFX2F1ZGlvX2Rhc2hpbml0Lm1wNBUCAsgBEgAoABgAGwKIB3VzZV9vaWwBMRJwcm9ncmVzc2l2ZV9yZWNpcGUBMRUAACbgqs_6zr6kAxUCKAJDMywXQEEuFHrhR64YGWRhc2hfaDI2NC1iYXNpYy1nZW4yXzcyMHARAHUAZd6oAQA&_nc_gid=fbe-rhCEsPqRV_K1uCjKZg&_nc_ss=7f289&_nc_zt=28&oh=00_AQAj9-r-devWnY2qSBMfBlvpwDHDbF-ASQeNSN1XKBSNJw&oe=6A6727E8,https://scontent.fblr20-4.fna.fbcdn.net/v/t39.35426-6/746369793_2915251745494524_5255542547962900663_n.jpg?_nc_cat=106&ccb=1-7&_nc_sid=c53f8f&_nc_ohc=aq0dDlRqIlUQ7kNvwHmnYdU&_nc_oc=Adr9oyvNl8pmJYnc6jy9qXKxqo7sT2CWjJHpQd5dSt6XvbaMiuRTic9yUR8QJARvENl5MzH7qvSMsHAnH-uiH-Dp&_nc_zt=14&_nc_ht=scontent.fblr20-4.fna&_nc_gid=fbe-rhCEsPqRV_K1uCjKZg&_nc_ss=7f289&oh=00_AQDY8fYNdC2eqLhbLND1uyWsZbU7GzfUGsf-rZp2N3bgnA&oe=6A674D7D,2026-07-27T09:42:00.000Z,2026-07-23
5,2,Loora,105478174979714,Loora,,IN,1032864065896787,https://www.facebook.com/ads/library/?id=1032864065896787,2026-07-06,,false,true,3,2,4024186034382777,2026-07-13,,Speak English fluently with your virtual AI English tutor 😎,Best AI English tutor,Install now,http://play.google.com/store/apps/details?id=com.loora.app,"Facebook,Instagram,Audience Network,Messenger,Threads",Speak English fluently with your virtual AI English tutor 😎,Best AI English tutor,Install now,http://play.google.com/store/apps/details?id=com.loora.app,Video,"Facebook,Instagram,Audience Network,Messenger,Threads",1,0,9:16,https://video.fblr20-3.fna.fbcdn.net/o1/v/t2/f2/m366/AQOh58Mg92fnx0ACyW4duPqL1wOjI3PWBHB6mU-Jbe263Dy-IWJV3xP8VWbMV4jIJutAW003cRN_Imy7FVOQALxGSq2ExzlN3JA3p-1sZef8Fg.mp4?_nc_cat=100&_nc_oc=AdoyIdOqKr6xqvs7TR5F55VVr0ZVYR0J1FhWmq5b_j9l-rYAXiSEd-h79RZuYJMlyS8nDLG_HXSRh1QhxmBcAuj4&_nc_sid=b66105&_nc_ht=video.fblr20-3.fna.fbcdn.net&_nc_ohc=0AkFkACr-esQ7kNvwErB6S3&efg=eyJ2ZW5jb2RlX3RhZyI6Inhwdl9wcm9ncmVzc2l2ZS5WSV9VU0VDQVNFX1BST0RVQ1RfVFlQRS4uQzMuNzIwLmRhc2hfaDI2NC1iYXNpYy1nZW4yXzcyMHAiLCJ4cHZfYXNzZXRfaWQiOjkyNDY2NTUxNjc4MDIwOCwiYXNzZXRfYWdlX2RheXMiOjE0MCwidmlfdXNlY2FzZV9pZCI6MTA3OTksImR1cmF0aW9uX3MiOjM0LCJ1cmxnZW5fc291cmNlIjoid3d3In0%3D&ccb=17-1&vs=c54ea8a8129ee807&_nc_vs=HBksFQIYRWZiX2VwaGVtZXJhbC85RjREN0YwMzUwQUY5MUM1Mzc5NEU3NkYyQTg4RUVBRV9tdF8xX3ZpZGVvX2Rhc2hpbml0Lm1wNBUAAsgBEgAVAhhAZmJfcGVybWFuZW50L0I1NDE0QjZDNUQ5MDk5MUNDQ0IyQzFEMEY1NDJFRDhFX2F1ZGlvX2Rhc2hpbml0Lm1wNBUCAsgBEgAoABgAGwKIB3VzZV9vaWwBMRJwcm9ncmVzc2l2ZV9yZWNpcGUBMRUAACbgqs_6zr6kAxUCKAJDMywXQEEuFHrhR64YGWRhc2hfaDI2NC1iYXNpYy1nZW4yXzcyMHARAHUAZd6oAQA&_nc_gid=QjupFmpceleH3zvb5FAK1Q&_nc_ss=7f289&_nc_zt=28&oh=00_AQBnKlUWmJma3LRsvJWJ7-JBP12QrgR05lR-O4ppTP0zZQ&oe=6A6727E8,https://scontent.fblr20-3.fna.fbcdn.net/v/t39.35426-6/747948539_2282098232566152_8488720044860662004_n.jpg?_nc_cat=105&ccb=1-7&_nc_sid=c53f8f&_nc_ohc=ld1G5hTYAgkQ7kNvwEdFbVS&_nc_oc=AdpLlD36yt3crtyDXd6tHxNqa4RXE7012l3bJ-5yYaloezvD1WIK1U8dEvWhIYDIYrMdwfHi7THC_7Z-_-8fOQFJ&_nc_zt=14&_nc_ht=scontent.fblr20-3.fna&_nc_gid=QjupFmpceleH3zvb5FAK1Q&_nc_ss=7f289&oh=00_AQCXNuEaBKaAVUA9ELr-WTVDAZzaB_Lz5jFmwActfr_fxQ&oe=6A673DF3,2026-07-27T09:42:00.000Z,2026-07-23
6,3,Loora,105478174979714,Loora,,IN,2366216427523695,https://www.facebook.com/ads/library/?id=2366216427523695,2026-07-13,,false,false,1,0,,2026-07-13,,Speak English fluently with your virtual AI English tutor 😎,Best AI English tutor,Install now,http://play.google.com/store/apps/details?id=com.loora.app,"Facebook,Instagram,Audience Network,Messenger,Threads",Speak English fluently with your virtual AI English tutor 😎,Best AI English tutor,Install now,http://play.google.com/store/apps/details?id=com.loora.app,Video,"Facebook,Instagram,Audience Network,Messenger,Threads",1,0,9:16,https://video.fblr20-5.fna.fbcdn.net/o1/v/t2/f2/m366/AQMyfQ1t_jIl9nVGmpOZK1tFZuN0meQFfYiDPXG33GKGdMGUZ9R3gkyegbt4Kvx8U814ylpx43CND69BHeZ3TsRRRTsbuZplGaJMUAoMMIydJg.mp4?_nc_cat=107&_nc_oc=AdpEE3vJpw8Y-TAERCembfls8rs_iGkVpeLprYsgpWHnNiEznC20cy6GyYFnoQkyX9m0uGThIw5ty9vHGLFZMSYK&_nc_sid=b66105&_nc_ht=video.fblr20-5.fna.fbcdn.net&_nc_ohc=CIrfRv10z5kQ7kNvwGxIDiL&efg=eyJ2ZW5jb2RlX3RhZyI6Inhwdl9wcm9ncmVzc2l2ZS5WSV9VU0VDQVNFX1BST0RVQ1RfVFlQRS4uQzMuNzIwLmRhc2hfaDI2NC1iYXNpYy1nZW4yXzcyMHAiLCJ4cHZfYXNzZXRfaWQiOjE2NjgwMjIyNjQyMTI4NTAsImFzc2V0X2FnZV9kYXlzIjoxMjQsInZpX3VzZWNhc2VfaWQiOjEwMTM5LCJkdXJhdGlvbl9zIjo0NiwidXJsZ2VuX3NvdXJjZSI6Ind3dyJ9&ccb=17-1&vs=bb815dde9c5bf1c&_nc_vs=HBksFQIYRWZiX2VwaGVtZXJhbC8zRDQ5MDc4NTQ1RjhGNkE5RDI1QkI0RjlFODdCMjg4NV9tdF8xX3ZpZGVvX2Rhc2hpbml0Lm1wNBUAAsgBEgAVAhhAZmJfcGVybWFuZW50L0VDNEQ1MDcwMjNFMzNCM0U2RjU3RUIzODM5RTk4RkI3X2F1ZGlvX2Rhc2hpbml0Lm1wNBUCAsgBEgAoABgAGwKIB3VzZV9vaWwBMRJwcm9ncmVzc2l2ZV9yZWNpcGUBMRUAACbktcmo1sP2BRUCKAJDMywXQEczMzMzMzMYGWRhc2hfaDI2NC1iYXNpYy1nZW4yXzcyMHARAHUAZbaeAQA&_nc_gid=fbe-rhCEsPqRV_K1uCjKZg&_nc_ss=7f289&_nc_zt=28&oh=00_AQAcynWQGwm2m7Z6uCiufzNJISXZrlt9RY7EmV1XUjYqEA&oe=6A674825,https://scontent.fblr20-2.fna.fbcdn.net/v/t39.35426-6/747978165_822390797506881_3944737560498344603_n.jpg?_nc_cat=111&ccb=1-7&_nc_sid=c53f8f&_nc_ohc=I_6sZra_BTUQ7kNvwGL2HGP&_nc_oc=AdqICz12IGvIlQ-qsISytvC1ehHGU0lLIDEe-4sAPhtCKc0OQKYM9kEJVA39YaAdxWITI_6IGnS7cf9ZgT2SiRD-&_nc_zt=14&_nc_ht=scontent.fblr20-2.fna&_nc_gid=fbe-rhCEsPqRV_K1uCjKZg&_nc_ss=7f289&oh=00_AQBQ6Vfu_C_8TazxVyYTYa_7ewcIzbVg8fP0KLSnZROkig&oe=6A673194,2026-07-27T11:59:33.000Z,2026-07-23
7,4,Loora,105478174979714,Loora,,IN,1366635252336327,https://www.facebook.com/ads/library/?id=1366635252336327,2026-07-13,,false,false,1,0,,2026-07-13,,Speak English fluently with your virtual AI English tutor 😎,Best AI English tutor,Install now,http://play.google.com/store/apps/details?id=com.loora.app,"Facebook,Instagram,Audience Network,Messenger,Threads",Speak English fluently with your virtual AI English tutor 😎,Best AI English tutor,Install now,http://play.google.com/store/apps/details?id=com.loora.app,Video,"Facebook,Instagram,Audience Network,Messenger,Threads",1,0,9:16,https://video.fblr20-4.fna.fbcdn.net/o1/v/t2/f2/m366/AQMv-flh9HFKVYKthJspPeFxvvhvrdwPE-7qQyMKbgcveGiz4ZGnS_NGo6CgR21OougRVjyMXz8JMqU73iGb2tkVi91ahp4ZVzNtcyD94A52ww.mp4?_nc_cat=101&_nc_oc=AdozfortY-A0kPYXG30JpqlLZVTCv-dUK3V8wzR-FLyTO9X1IKjNfgkbY5zxcPNP0i7vdDG-DXY4D2baOh2cp9SS&_nc_sid=b66105&_nc_ht=video.fblr20-4.fna.fbcdn.net&_nc_ohc=1E0n6U9FIv0Q7kNvwFbGH8L&efg=eyJ2ZW5jb2RlX3RhZyI6Inhwdl9wcm9ncmVzc2l2ZS5WSV9VU0VDQVNFX1BST0RVQ1RfVFlQRS4uQzMuNzIwLmRhc2hfaDI2NC1iYXNpYy1nZW4yXzcyMHAiLCJ4cHZfYXNzZXRfaWQiOjEyMTI0NjAyNTA5Mzk1MzYsImFzc2V0X2FnZV9kYXlzIjoyNzQsInZpX3VzZWNhc2VfaWQiOjEwNzk5LCJkdXJhdGlvbl9zIjozNywidXJsZ2VuX3NvdXJjZSI6Ind3dyJ9&ccb=17-1&vs=6d8a7e25f929a381&_nc_vs=HBksFQIYRWZiX2VwaGVtZXJhbC8zNTRGRkZERkZEOUVEMjE4QzFEQkQ1QzAzMUNEM0VBQV9tdF8xX3ZpZGVvX2Rhc2hpbml0Lm1wNBUAAsgBEgAVAhhAZmJfcGVybWFuZW50LzczNEM4NkQyRDg4NzVBMDU5OUEzMDFFREMzOEFGNEI2X2F1ZGlvX2Rhc2hpbml0Lm1wNBUCAsgBEgAoABgAGwKIB3VzZV9vaWwBMRJwcm9ncmVzc2l2ZV9yZWNpcGUBMRUAACaggv7ovK6nBBUCKAJDMywXQELEOVgQYk4YGWRhc2hfaDI2NC1iYXNpYy1nZW4yXzcyMHARAHUAZd6oAQA&_nc_gid=fbe-rhCEsPqRV_K1uCjKZg&_nc_ss=7f289&_nc_zt=28&oh=00_AQCqnfyHC_TQXKwNeXCAkzQ9sU0ZPhgbj60-y62jd9E5mA&oe=6A672C63,https://scontent.fblr20-5.fna.fbcdn.net/v/t39.35426-6/747191175_1379391020954566_3503820411579499246_n.jpg?_nc_cat=107&ccb=1-7&_nc_sid=c53f8f&_nc_ohc=YciI_QA_9-4Q7kNvwHVfajA&_nc_oc=AdqumFD7MWT6CzFW51PXUe-xJqGuAbI6sv34Jp9tDZoKJ1nFTRnbo6NmO6JbdssJwY9voYosPNGLNQogS7KdzYvz&_nc_zt=14&_nc_ht=scontent.fblr20-5.fna&_nc_gid=fbe-rhCEsPqRV_K1uCjKZg&_nc_ss=7f289&oh=00_AQDwhfLPiHNvZ7rEoDC1P2gXA39CEmmSaZZvsqa3j9iUMA&oe=6A672B8F,2026-07-27T10:01:07.000Z,2026-07-23
8,5,Loora,105478174979714,Loora,,IN,1011292844956913,https://www.facebook.com/ads/library/?id=1011292844956913,2026-06-16,,false,false,1,0,,2026-06-16,,Speak English fluently with your virtual AI English tutor 😎,Best AI English tutor,Download,https://app.appsflyer.com/id1552708303?pid=metaweb_int&c= {{campaign.name}}&af_siteid={{site_source_name}}&af_adset={{adset.name}}&af_ad={{ad.name}}&af_c_id={{campaign.id}}&af_adset_id={{adset.id}}&af_ad_id={{ad.id}}&af_click_lookback=7d,"Facebook,Instagram,Audience Network,Messenger,Threads",Speak English fluently with your virtual AI English tutor 😎,Best AI English tutor,Download,https://app.appsflyer.com/id1552708303?pid=metaweb_int&c= {{campaign.name}}&af_siteid={{site_source_name}}&af_adset={{adset.name}}&af_ad={{ad.name}}&af_c_id={{campaign.id}}&af_adset_id={{adset.id}}&af_ad_id={{ad.id}}&af_click_lookback=7d,Video,"Facebook,Instagram,Audience Network,Messenger,Threads",1,0,9:16,https://video.fblr20-5.fna.fbcdn.net/o1/v/t2/f2/m366/AQMaQ-3nvD3FzDyzLWlw70GpS29YjYsANAcrswWWF8UOnKzG2csS3PoWdtEILF3NDodscL1APuf3a6mfkQqG0Q-oohyPG2Sblawljmri_wOgog.mp4?_nc_cat=107&_nc_oc=AdqfiwY2YSypwyXGue31E9Z9JDaLoYUaeidtyn-SwbbGDFoJwcrakj1yfBqvbH8swz-TQKYdsp4WBZt2XIPtEoz5&_nc_sid=b66105&_nc_ht=video.fblr20-5.fna.fbcdn.net&_nc_ohc=uyTtIN5X8Y8Q7kNvwEmVRgC&efg=eyJ2ZW5jb2RlX3RhZyI6Inhwdl9wcm9ncmVzc2l2ZS5WSV9VU0VDQVNFX1BST0RVQ1RfVFlQRS4uQzMuNzIwLmRhc2hfaDI2NC1iYXNpYy1nZW4yXzcyMHAiLCJ4cHZfYXNzZXRfaWQiOjIyNzg3NDQ0NTkzMTY0NTAsImFzc2V0X2FnZV9kYXlzIjoxNDYsInZpX3VzZWNhc2VfaWQiOjEwNzk5LCJkdXJhdGlvbl9zIjo0MCwidXJsZ2VuX3NvdXJjZSI6Ind3dyJ9&ccb=17-1&vs=876959ca49ba299d&_nc_vs=HBksFQIYRWZiX2VwaGVtZXJhbC9FMzRDNDRCQUU3NzJEMDc4NDAxRjU0QTdDODNERTU5Nl9tdF8xX3ZpZGVvX2Rhc2hpbml0Lm1wNBUAAsgBEgAVAhhAZmJfcGVybWFuZW50L0I5NEYxRTc4QkE2QUZEOEY2OEY5MzQ2MTVGRDkwMEI3X2F1ZGlvX2Rhc2hpbml0Lm1wNBUCAsgBEgAoABgAGwKIB3VzZV9vaWwBMRJwcm9ncmVzc2l2ZV9yZWNpcGUBMRUAACbEs8CgsaCMCBUCKAJDMywXQEQAAAAAAAAYGWRhc2hfaDI2NC1iYXNpYy1nZW4yXzcyMHARAHUAZd6oAQA&_nc_gid=fbe-rhCEsPqRV_K1uCjKZg&_nc_ss=7f289&_nc_zt=28&oh=00_AQBefiU8Ud2Phmq2Segu5dCNBm_ZJECg1eHF0PbbE_vCgQ&oe=6A673239,https://scontent.fblr20-1.fna.fbcdn.net/v/t39.35426-6/724500561_1312308937217963_850380894420635608_n.jpg?_nc_cat=108&ccb=1-7&_nc_sid=c53f8f&_nc_ohc=pcgRqu0bbLwQ7kNvwGbUTo9&_nc_oc=AdpX1Hy3H4bTLEGA8r-Z9LH5O8yuyjEmz6WaXnVccqNnH7Lum7Va97wYe1n7AhAOGp86FgVaAXL2iyCybiaZKLND&_nc_zt=14&_nc_ht=scontent.fblr20-1.fna&_nc_gid=fbe-rhCEsPqRV_K1uCjKZg&_nc_ss=7f289&oh=00_AQC1ucawWL6QVJJymSLE6vbE_JU2T6__1jP6j0cOlIUfnQ&oe=6A673E2C,2026-07-27T10:26:01.000Z,2026-07-23
9,6,Loora,105478174979714,Loora,,IN,1399715815299179,https://www.facebook.com/ads/library/?id=1399715815299179,2026-05-25,,false,true,2,0,1399715815299179,2026-05-25,,Don't be shy to speak English! Become a fluent speaker with your AI Tutor 😎,Best AI English tutor,Download,https://app.appsflyer.com/id1552708303?pid=metaweb_int&c= {{campaign.name}}&af_siteid={{site_source_name}}&af_adset={{adset.name}}&af_ad={{ad.name}}&af_c_id={{campaign.id}}&af_adset_id={{adset.id}}&af_ad_id={{ad.id}}&af_click_lookback=7d,"Facebook,Instagram,Audience Network,Messenger,Threads",Don't be shy to speak English! Become a fluent speaker with your AI Tutor 😎,Best AI English tutor,Download,https://app.appsflyer.com/id1552708303?pid=metaweb_int&c= {{campaign.name}}&af_siteid={{site_source_name}}&af_adset={{adset.name}}&af_ad={{ad.name}}&af_c_id={{campaign.id}}&af_adset_id={{adset.id}}&af_ad_id={{ad.id}}&af_click_lookback=7d,Video,"Facebook,Instagram,Audience Network,Messenger,Threads",1,0,9:16,https://video.fblr20-4.fna.fbcdn.net/o1/v/t2/f2/m366/AQMGx9Ds_xT1dHsQKZuizq3byyTnK9hJmi20A46JXRDki3vGoBKPt-4KhuiZ95dUaBun2oLnN-IY-W_2pfVU99b17TqABLW-WDajFFo70KqvWA.mp4?_nc_cat=101&_nc_oc=Adq0C7r5Z9W1pkeFoYrB2VUOWDhr_g6oErf__jvqEwStLESAJ5841WRNMuV94H4-IR0iS7ERcy8UZURFAMGMpM0O&_nc_sid=b66105&_nc_ht=video.fblr20-4.fna.fbcdn.net&_nc_ohc=YBjUV4wNyRMQ7kNvwFj_6qF&efg=eyJ2ZW5jb2RlX3RhZyI6Inhwdl9wcm9ncmVzc2l2ZS5WSV9VU0VDQVNFX1BST0RVQ1RfVFlQRS4uQzMuNzIwLmRhc2hfaDI2NC1iYXNpYy1nZW4yXzcyMHAiLCJ4cHZfYXNzZXRfaWQiOjE0NzczNTA1MjcxNzYzOTYsImFzc2V0X2FnZV9kYXlzIjo5MiwidmlfdXNlY2FzZV9pZCI6MTA3OTksImR1cmF0aW9uX3MiOjM0LCJ1cmxnZW5fc291cmNlIjoid3d3In0%3D&ccb=17-1&vs=e3424ab0776bdc98&_nc_vs=HBksFQIYRWZiX2VwaGVtZXJhbC8xQzRBNUZEOTE1RUFERUQzNEY2Rjg0N0Y0MUNDMTBBNl9tdF8xX3ZpZGVvX2Rhc2hpbml0Lm1wNBUAAsgBEgAVAhhAZmJfcGVybWFuZW50L0NCNEY3RjU0Qjg0NzNFRTREQzAwNDZDQjc3NkJGRDgxX2F1ZGlvX2Rhc2hpbml0Lm1wNBUCAsgBEgAoABgAGwKIB3VzZV9vaWwBMRJwcm9ncmVzc2l2ZV9yZWNpcGUBMRUAACaYu4yWj-mfBRUCKAJDMywXQEEuFHrhR64YGWRhc2hfaDI2NC1iYXNpYy1nZW4yXzcyMHARAHUAZd6oAQA&_nc_gid=fbe-rhCEsPqRV_K1uCjKZg&_nc_ss=7f289&_nc_zt=28&oh=00_AQCyHsvePP91DObr2N9-29eVRr7qhmDcZYqfkfTH5giR7w&oe=6A671FDB,https://scontent.fblr20-3.fna.fbcdn.net/v/t39.35426-6/708102201_1873635659979321_192690850558405520_n.jpg?_nc_cat=105&ccb=1-7&_nc_sid=c53f8f&_nc_ohc=HOxmqIuAB0IQ7kNvwG31a7j&_nc_oc=AdqMdEt2PFKT-j0vPkFQdwoFeZQdPpDc5BoQL-2N1ibUJSANNGFjjSkMn9oDv8WFhzJ60zZBlugJ7awQdQ1lKnjY&_nc_zt=14&_nc_ht=scontent.fblr20-3.fna&_nc_gid=fbe-rhCEsPqRV_K1uCjKZg&_nc_ss=7f289&oh=00_AQDwwkmxOqx7f2MIwn0UQzuMPmO33JwQLdKb51DIvX6MYw&oe=6A675052,2026-07-27T09:07:39.000Z,2026-07-23
10,6,Loora,105478174979714,Loora,,IN,1399715815299179,https://www.facebook.com/ads/library/?id=1399715815299179,2026-05-25,,false,true,2,1,1009048638201865,2026-06-16,,Don't be shy to speak English! Become a fluent speaker with your AI Tutor 😎,Best AI English tutor,Download,https://app.appsflyer.com/id1552708303?pid=metaweb_int&c= {{campaign.name}}&af_siteid={{site_source_name}}&af_adset={{adset.name}}&af_ad={{ad.name}}&af_c_id={{campaign.id}}&af_adset_id={{adset.id}}&af_ad_id={{ad.id}}&af_click_lookback=7d,"Facebook,Instagram,Audience Network,Messenger,Threads",Don't be shy to speak English! Become a fluent speaker with your AI Tutor 😎,Best AI English tutor,Download,https://app.appsflyer.com/id1552708303?pid=metaweb_int&c= {{campaign.name}}&af_siteid={{site_source_name}}&af_adset={{adset.name}}&af_ad={{ad.name}}&af_c_id={{campaign.id}}&af_adset_id={{adset.id}}&af_ad_id={{ad.id}}&af_click_lookback=7d,Video,"Facebook,Instagram,Audience Network,Messenger,Threads",1,0,9:16,https://video.fblr20-4.fna.fbcdn.net/o1/v/t2/f2/m366/AQMGx9Ds_xT1dHsQKZuizq3byyTnK9hJmi20A46JXRDki3vGoBKPt-4KhuiZ95dUaBun2oLnN-IY-W_2pfVU99b17TqABLW-WDajFFo70KqvWA.mp4?_nc_cat=101&_nc_oc=Adq0C7r5Z9W1pkeFoYrB2VUOWDhr_g6oErf__jvqEwStLESAJ5841WRNMuV94H4-IR0iS7ERcy8UZURFAMGMpM0O&_nc_sid=b66105&_nc_ht=video.fblr20-4.fna.fbcdn.net&_nc_ohc=YBjUV4wNyRMQ7kNvwFj_6qF&efg=eyJ2ZW5jb2RlX3RhZyI6Inhwdl9wcm9ncmVzc2l2ZS5WSV9VU0VDQVNFX1BST0RVQ1RfVFlQRS4uQzMuNzIwLmRhc2hfaDI2NC1iYXNpYy1nZW4yXzcyMHAiLCJ4cHZfYXNzZXRfaWQiOjE0NzczNTA1MjcxNzYzOTYsImFzc2V0X2FnZV9kYXlzIjo5MiwidmlfdXNlY2FzZV9pZCI6MTA3OTksImR1cmF0aW9uX3MiOjM0LCJ1cmxnZW5fc291cmNlIjoid3d3In0%3D&ccb=17-1&vs=e3424ab0776bdc98&_nc_vs=HBksFQIYRWZiX2VwaGVtZXJhbC8xQzRBNUZEOTE1RUFERUQzNEY2Rjg0N0Y0MUNDMTBBNl9tdF8xX3ZpZGVvX2Rhc2hpbml0Lm1wNBUAAsgBEgAVAhhAZmJfcGVybWFuZW50L0NCNEY3RjU0Qjg0NzNFRTREQzAwNDZDQjc3NkJGRDgxX2F1ZGlvX2Rhc2hpbml0Lm1wNBUCAsgBEgAoABgAGwKIB3VzZV9vaWwBMRJwcm9ncmVzc2l2ZV9yZWNpcGUBMRUAACaYu4yWj-mfBRUCKAJDMywXQEEuFHrhR64YGWRhc2hfaDI2NC1iYXNpYy1nZW4yXzcyMHARAHUAZd6oAQA&_nc_gid=fbe-rhCEsPqRV_K1uCjKZg&_nc_ss=7f289&_nc_zt=28&oh=00_AQCyHsvePP91DObr2N9-29eVRr7qhmDcZYqfkfTH5giR7w&oe=6A671FDB,https://scontent.fblr20-3.fna.fbcdn.net/v/t39.35426-6/723747002_3996349130661682_1749581377399875539_n.jpg?_nc_cat=100&ccb=1-7&_nc_sid=c53f8f&_nc_ohc=72VoGHNxxcYQ7kNvwERLXbR&_nc_oc=AdrC9XHFSP4pf4OH7H-2tPwfUvTwRoxTu7LHgY6eOnq7C1RAJMEnloeFwvZri9vqBnIztCxluxyy3v2DR_DOvV53&_nc_zt=14&_nc_ht=scontent.fblr20-3.fna&_nc_gid=fbe-rhCEsPqRV_K1uCjKZg&_nc_ss=7f289&oh=00_AQBjnaGsaFUdZQmYjyeFCL2UNjCPf1lbVnrPu4RYCjaYsA&oe=6A6735CD,2026-07-27T09:07:39.000Z,2026-07-23
11,7,Loora,105478174979714,Loora,,IN,1544865937296078,https://www.facebook.com/ads/library/?id=1544865937296078,2026-07-12,,false,false,1,0,,2026-07-12,,Speak English fluently with your virtual AI English tutor 😎,Best AI English tutor,Install now,http://play.google.com/store/apps/details?id=com.loora.app,"Facebook,Instagram,Audience Network,Messenger,Threads",Speak English fluently with your virtual AI English tutor 😎,Best AI English tutor,Install now,http://play.google.com/store/apps/details?id=com.loora.app,Video,"Facebook,Instagram,Audience Network,Messenger,Threads",1,0,9:16,https://video.fblr20-3.fna.fbcdn.net/o1/v/t2/f2/m366/AQNkYf0A7T43Uq688mUSTAMZfmy1zAUbe167a13kJRw63LgLruq13WzU-DWLKXhM_Yi0DturS3HDHEJ4QflqThvhMH3ZNMHortU1N3gd18T4DA.mp4?_nc_cat=105&_nc_oc=Adrm2ZrmftiLuSqWXpwoSLywXE2Fl1-0X8SGNx408cdpA0MDd0K_0OUSYc5dvKnKSMbs4N_-e8tO6I7JVkcHbH-o&_nc_sid=b66105&_nc_ht=video.fblr20-3.fna.fbcdn.net&_nc_ohc=dG0jFAzg7ZMQ7kNvwGrTdDY&efg=eyJ2ZW5jb2RlX3RhZyI6Inhwdl9wcm9ncmVzc2l2ZS5WSV9VU0VDQVNFX1BST0RVQ1RfVFlQRS4uQzMuNzIwLmRhc2hfaDI2NC1iYXNpYy1nZW4yXzcyMHAiLCJ4cHZfYXNzZXRfaWQiOjEwMTgxNzcwMzA2NjU1MzIsImFzc2V0X2FnZV9kYXlzIjoxNiwidmlfdXNlY2FzZV9pZCI6MTAxMzksImR1cmF0aW9uX3MiOjM4LCJ1cmxnZW5fc291cmNlIjoid3d3In0%3D&ccb=17-1&vs=207d0e9f1b8fa095&_nc_vs=HBksFQIYRWZiX2VwaGVtZXJhbC9FRTRENEM5Rjc2N0Y3NzM0NzM5OEY3Qjg2RjVFQzFCOF9tdF8xX3ZpZGVvX2Rhc2hpbml0Lm1wNBUAAsgBEgAVAhhAZmJfcGVybWFuZW50LzBFNERFRjM2NUZFOEI3NEU5NjM2OTlDNjhDRjk4Q0IzX2F1ZGlvX2Rhc2hpbml0Lm1wNBUCAsgBEgAoABgAGwKIB3VzZV9vaWwBMRJwcm9ncmVzc2l2ZV9yZWNpcGUBMRUAACb41NmD2oHPAxUCKAJDMywXQEMIcrAgxJwYGWRhc2hfaDI2NC1iYXNpYy1nZW4yXzcyMHARAHUAZbaeAQA&_nc_gid=fbe-rhCEsPqRV_K1uCjKZg&_nc_ss=7f289&_nc_zt=28&oh=00_AQAo6WkpTHldV1fEicBl-iC5TnZv7phhhfceYNdBUPDfbg&oe=6A6752DB,https://scontent.fblr20-2.fna.fbcdn.net/v/t39.35426-6/746909654_4596828143880675_8274143640680410700_n.jpg?_nc_cat=111&ccb=1-7&_nc_sid=c53f8f&_nc_ohc=svBZWPZURT0Q7kNvwFr3zNG&_nc_oc=AdrTdQaNWFGB28izKXk6bVAqNDUUFK-lLwGTimCuFi4zo7zZqccs9RnDnqaDMdC8_caA9Vsd5Kg-cIxy4BxfoOxj&_nc_zt=14&_nc_ht=scontent.fblr20-2.fna&_nc_gid=fbe-rhCEsPqRV_K1uCjKZg&_nc_ss=7f289&oh=00_AQCPVUUOOFbFcdXQnastGRM9PJQUHmKwDE7KHkq12owQFw&oe=6A672818,2026-07-27T12:45:15.000Z,2026-07-23
12,8,Loora,105478174979714,Loora,,IN,979523084446611,https://www.facebook.com/ads/library/?id=979523084446611,2026-05-09,,false,false,1,0,,2026-05-09,,Don't be shy to speak English! Become a fluent speaker with your AI Tutor 😎,Best AI English tutor,Download,https://app.appsflyer.com/id1552708303?pid=metaweb_int&c= {{campaign.name}}&af_siteid={{site_source_name}}&af_adset={{adset.name}}&af_ad={{ad.name}}&af_c_id={{campaign.id}}&af_adset_id={{adset.id}}&af_ad_id={{ad.id}}&af_click_lookback=7d,"Facebook,Instagram,Audience Network,Messenger,Threads",Don't be shy to speak English! Become a fluent speaker with your AI Tutor 😎,Best AI English tutor,Download,https://app.appsflyer.com/id1552708303?pid=metaweb_int&c= {{campaign.name}}&af_siteid={{site_source_name}}&af_adset={{adset.name}}&af_ad={{ad.name}}&af_c_id={{campaign.id}}&af_adset_id={{adset.id}}&af_ad_id={{ad.id}}&af_click_lookback=7d,Video,"Facebook,Instagram,Audience Network,Messenger,Threads",1,0,9:16,https://video.fblr20-2.fna.fbcdn.net/o1/v/t2/f2/m366/AQPHEjLngPQGUYHZGkLWgnPwOnWcT125jKpXPfil-4fK8PTrg-6_PecCGPrITv16d5ZoqG63Nea8C2tF3FaaHGXcBpf6Twy8v3Mtito4uiRM0Q.mp4?_nc_cat=104&_nc_oc=AdoHDqMUlv4PD1BHrANoOBjn_DnAug0H401mSJHfn5jnYW5w3BnPBfEQGW8Ck47GA4iaXjfnURG-5M9MpTo2dQAR&_nc_sid=b66105&_nc_ht=video.fblr20-2.fna.fbcdn.net&_nc_ohc=xnxf_6ago5sQ7kNvwGCYhob&efg=eyJ2ZW5jb2RlX3RhZyI6Inhwdl9wcm9ncmVzc2l2ZS5WSV9VU0VDQVNFX1BST0RVQ1RfVFlQRS4uQzMuNzIwLmRhc2hfaDI2NC1iYXNpYy1nZW4yXzcyMHAiLCJ4cHZfYXNzZXRfaWQiOjEzMDE4MTg3Mzg0MzI4MDMsImFzc2V0X2FnZV9kYXlzIjoxMjUsInZpX3VzZWNhc2VfaWQiOjEwMTM5LCJkdXJhdGlvbl9zIjo0NiwidXJsZ2VuX3NvdXJjZSI6Ind3dyJ9&ccb=17-1&vs=511ccfc177c34475&_nc_vs=HBksFQIYRWZiX2VwaGVtZXJhbC9FQjRDNDIzQTE1NEJFQjYxMzFFOUU2QjAyN0M3MkM5N19tdF8xX3ZpZGVvX2Rhc2hpbml0Lm1wNBUAAsgBEgAVAhhAZmJfcGVybWFuZW50LzQyNEM3QjYzM0Q1NDQ5RTI2RjMxREIyMjVDQTZCREEyX2F1ZGlvX2Rhc2hpbml0Lm1wNBUCAsgBEgAoABgAGwKIB3VzZV9vaWwBMRJwcm9ncmVzc2l2ZV9yZWNpcGUBMRUAACbG7Lq36f_PBBUCKAJDMywXQEczMzMzMzMYGWRhc2hfaDI2NC1iYXNpYy1nZW4yXzcyMHARAHUAZbaeAQA&_nc_gid=fbe-rhCEsPqRV_K1uCjKZg&_nc_ss=7f289&_nc_zt=28&oh=00_AQCoGeDS8HMEPnIidCzG2EYGrXVvbe_hPUVRUBd3glARpg&oe=6A673D1C,https://scontent.fblr20-2.fna.fbcdn.net/v/t39.35426-6/696344307_1646407866595875_1067381901773804198_n.jpg?_nc_cat=111&ccb=1-7&_nc_sid=c53f8f&_nc_ohc=uE6I4tUgd0YQ7kNvwGHN47P&_nc_oc=Adp1BmByb8OK3dtDYuYALR7RjhKKy9rAItKADMvZekMNQFmfgtHI60N6BmmO9yfxAzQznUbX9wFTyhkBWZO6fQfN&_nc_zt=14&_nc_ht=scontent.fblr20-2.fna&_nc_gid=fbe-rhCEsPqRV_K1uCjKZg&_nc_ss=7f289&oh=00_AQDaA5Ll4PsTME5T--QJQbQ_1ZElNI7PNQkB7_xjyQaFrA&oe=6A6736EE,2026-07-27T11:12:28.000Z,2026-07-23
13,9,Loora,105478174979714,Loora,,IN,2537378303379370,https://www.facebook.com/ads/library/?id=2537378303379370,2026-06-29,,false,false,1,0,,2026-06-29,,Don't be shy to speak English! Become a fluent speaker with your AI Tutor 😎,Best AI English tutor,Install now,https://app.appsflyer.com/id1552708303?pid=metaweb_int&c={{campaign.name}}&af_siteid={{site_source_name}}&af_adset={{adset.name}}&af_ad={{ad.name}}&af_c_id={{campaign.id}}&af_adset_id={{adset.id}}&af_ad_id={{ad.id}}&af_click_lookback=7d,"Facebook,Instagram,Audience Network,Messenger,Threads",Don't be shy to speak English! Become a fluent speaker with your AI Tutor 😎,Best AI English tutor,Install now,https://app.appsflyer.com/id1552708303?pid=metaweb_int&c={{campaign.name}}&af_siteid={{site_source_name}}&af_adset={{adset.name}}&af_ad={{ad.name}}&af_c_id={{campaign.id}}&af_adset_id={{adset.id}}&af_ad_id={{ad.id}}&af_click_lookback=7d,Video,"Facebook,Instagram,Audience Network,Messenger,Threads",1,0,9:16,https://video.fblr20-1.fna.fbcdn.net/o1/v/t2/f2/m366/AQNENNAIRrOJM739RN4PhqxR73ueBe2BbRieKh8IeeDI0mly0zS2hlsxJLy3OUUd8DHeMwfykw4EFKsJs9pZQWVETBVsaPjV-4zcoE4pXdKT1g.mp4?_nc_cat=110&_nc_oc=AdpSjzEDKEpvKJLDGtkxMYTRfZRzOLtxieIjiDNF4tR390y9mcQtm5yvXRmJ4Fuqk7Y_3UlL2BgPcW2dTcT5bIMp&_nc_sid=b66105&_nc_ht=video.fblr20-1.fna.fbcdn.net&_nc_ohc=UEeAJ4DsWp0Q7kNvwHbG3I6&efg=eyJ2ZW5jb2RlX3RhZyI6Inhwdl9wcm9ncmVzc2l2ZS5WSV9VU0VDQVNFX1BST0RVQ1RfVFlQRS4uQzMuNzIwLmRhc2hfaDI2NC1iYXNpYy1nZW4yXzcyMHAiLCJ4cHZfYXNzZXRfaWQiOjM4NzQ3MjQ1ODYxNjcyMDgsImFzc2V0X2FnZV9kYXlzIjoyOCwidmlfdXNlY2FzZV9pZCI6MTAxMzksImR1cmF0aW9uX3MiOjU1LCJ1cmxnZW5fc291cmNlIjoid3d3In0%3D&ccb=17-1&vs=7134d26123a178a1&_nc_vs=HBksFQIYRWZiX2VwaGVtZXJhbC8yQzRCMjgxMjBEQTFEMDAyQzRDNEFDOEIzQzlCOUE4Nl9tdF8xX3ZpZGVvX2Rhc2hpbml0Lm1wNBUAAsgBEgAVAhhAZmJfcGVybWFuZW50L0ZDNEZDRjJBQ0FCQTQ4MUE3NkJFMEIwRTgxNUFBRjg4X2F1ZGlvX2Rhc2hpbml0Lm1wNBUCAsgBEgAoABgAGwKIB3VzZV9vaWwBMRJwcm9ncmVzc2l2ZV9yZWNpcGUBMRUAACbQ7vzo04LiDRUCKAJDMywXQEv3bItDlYEYGWRhc2hfaDI2NC1iYXNpYy1nZW4yXzcyMHARAHUAZbaeAQA&_nc_gid=fbe-rhCEsPqRV_K1uCjKZg&_nc_ss=7f289&_nc_zt=28&oh=00_AQCsMJlRu--hl2ex6MgBxex6EXlQCHXvJFAwXGH6ujd8fQ&oe=6A67410E,https://scontent.fblr20-4.fna.fbcdn.net/v/t39.35426-6/735272568_1355063010023645_3977138659687125810_n.jpg?_nc_cat=101&ccb=1-7&_nc_sid=c53f8f&_nc_ohc=OHpWDtfNBOwQ7kNvwHgwnkF&_nc_oc=AdpwPXKcNaCx2qtJ2pmgZs-WbW-9z9p4tgxbV9ubrtjG-diSxQwQVFcPX98p77oQ8HbT11O9HsQ8PcEWuyHyhQMP&_nc_zt=14&_nc_ht=scontent.fblr20-4.fna&_nc_gid=fbe-rhCEsPqRV_K1uCjKZg&_nc_ss=7f289&oh=00_AQD0xFaf7fqYIhsb3DCKBMrWtMW_ZGrnHs3v7aJGtF1nUg&oe=6A6721F0,2026-07-27T11:29:18.000Z,2026-07-23
14,10,Loora,105478174979714,Loora,,IN,1010723465141097,https://www.facebook.com/ads/library/?id=1010723465141097,2026-07-13,,false,false,1,0,,2026-07-13,,Speak English fluently with your virtual AI English tutor 😎,Best AI English tutor,Install now,http://play.google.com/store/apps/details?id=com.loora.app,"Facebook,Instagram,Audience Network,Messenger,Threads",Speak English fluently with your virtual AI English tutor 😎,Best AI English tutor,Install now,http://play.google.com/store/apps/details?id=com.loora.app,Video,"Facebook,Instagram,Audience Network,Messenger,Threads",1,0,9:16,https://video.fblr20-4.fna.fbcdn.net/o1/v/t2/f2/m366/AQMNxfwvr0a5VKYoyB_zGavibvz--VhY4i9Kl5olYJYbCZyEvl98FdQKNKnlaeKLuZqenTgMuOcobQEnLdsGPupW5W4S1LnFHq1k14LpiAlfqg.mp4?_nc_cat=106&_nc_oc=Ado5AGyDpKun7kAIPGT1WxHYZZsEba07HN_9EdFbv-3KZ4Wf0vpcDG8-XsnNkC_M6abAp1A04ZF5vxVe0WeX1Xmx&_nc_sid=b66105&_nc_ht=video.fblr20-4.fna.fbcdn.net&_nc_ohc=4wS4t6Ma9eUQ7kNvwHX6KL2&efg=eyJ2ZW5jb2RlX3RhZyI6Inhwdl9wcm9ncmVzc2l2ZS5WSV9VU0VDQVNFX1BST0RVQ1RfVFlQRS4uQzMuNzIwLmRhc2hfaDI2NC1iYXNpYy1nZW4yXzcyMHAiLCJ4cHZfYXNzZXRfaWQiOjIyNjE2ODUyODQzNjgwMTYsImFzc2V0X2FnZV9kYXlzIjozNiwidmlfdXNlY2FzZV9pZCI6MTAxMzksImR1cmF0aW9uX3MiOjM3LCJ1cmxnZW5fc291cmNlIjoid3d3In0%3D&ccb=17-1&vs=fae45d92eb885845&_nc_vs=HBksFQIYRWZiX2VwaGVtZXJhbC9DMzRCRDVCOERENTREOEVDMjVFN0I2MTRENTU5MUJBQl9tdF8xX3ZpZGVvX2Rhc2hpbml0Lm1wNBUAAsgBEgAVAhhAZmJfcGVybWFuZW50LzI0NEFCOUE2NEQ4NEEzMDVBQjJGQjg2REZDQjlERUFCX2F1ZGlvX2Rhc2hpbml0Lm1wNBUCAsgBEgAoABgAGwKIB3VzZV9vaWwBMRJwcm9ncmVzc2l2ZV9yZWNpcGUBMRUAACagur-_tL-ECBUCKAJDMywXQELEOVgQYk4YGWRhc2hfaDI2NC1iYXNpYy1nZW4yXzcyMHARAHUAZbaeAQA&_nc_gid=fbe-rhCEsPqRV_K1uCjKZg&_nc_ss=7f289&_nc_zt=28&oh=00_AQD0b6_Fcpa_4pIMomzqELrjPhPZCDpPX9pqQ5uFMaEkrg&oe=6A6725E2,https://scontent.fblr20-3.fna.fbcdn.net/v/t39.35426-6/747160765_1505777478231450_4155443189268097479_n.jpg?_nc_cat=100&ccb=1-7&_nc_sid=c53f8f&_nc_ohc=jH_d5PcZFmsQ7kNvwGJTS3l&_nc_oc=AdoAvdkWPl6e51w8WPlcRoEvqjDaz29ZV1xtJJthmnlVfwt-9RIAR_bfvgwojDfOLcS1Jk8HaYKD5mBSi1wQtZ2C&_nc_zt=14&_nc_ht=scontent.fblr20-3.fna&_nc_gid=fbe-rhCEsPqRV_K1uCjKZg&_nc_ss=7f289&oh=00_AQBU8sF84Swr8CMHciy2DcxCsu0ZJyL17zjkgA9P0WlDog&oe=6A672A6A,2026-07-27T09:33:22.000Z,2026-07-23
15,11,Loora,105478174979714,Loora,,IN,1495982208735813,https://www.facebook.com/ads/library/?id=1495982208735813,2026-05-27,,false,false,1,0,,2026-05-27,,Don't be shy to speak English! Become a fluent speaker with your AI Tutor 😎,Best AI English tutor,Download,https://app.appsflyer.com/id1552708303?pid=metaweb_int&c= {{campaign.name}}&af_siteid={{site_source_name}}&af_adset={{adset.name}}&af_ad={{ad.name}}&af_c_id={{campaign.id}}&af_adset_id={{adset.id}}&af_ad_id={{ad.id}}&af_click_lookback=7d,"Facebook,Instagram,Audience Network,Messenger,Threads",Don't be shy to speak English! Become a fluent speaker with your AI Tutor 😎,Best AI English tutor,Download,https://app.appsflyer.com/id1552708303?pid=metaweb_int&c= {{campaign.name}}&af_siteid={{site_source_name}}&af_adset={{adset.name}}&af_ad={{ad.name}}&af_c_id={{campaign.id}}&af_adset_id={{adset.id}}&af_ad_id={{ad.id}}&af_click_lookback=7d,Video,"Facebook,Instagram,Audience Network,Messenger,Threads",1,0,9:16,https://video.fblr20-2.fna.fbcdn.net/o1/v/t2/f2/m366/AQO-OVCd5vUkCivC5t7CnvIFwCIW0lvzfTQjIlI0Di3IlxJ0zqvZLOFJdtPytz1Xy_uBI5R5eV2_iak8xGor0YDMcOXTpLp3BUaznLTbSx8T7A.mp4?_nc_cat=111&_nc_oc=AdpAI7DystIYRJ17aPUn1t4xZCqYjsDMphHWSEEskgUGUEUocOQKh8CmaXpeVB0xqZmurprci-jWds8NK50oyHOZ&_nc_sid=b66105&_nc_ht=video.fblr20-2.fna.fbcdn.net&_nc_ohc=ViQ022AKYkwQ7kNvwHrcsAB&efg=eyJ2ZW5jb2RlX3RhZyI6Inhwdl9wcm9ncmVzc2l2ZS5WSV9VU0VDQVNFX1BST0RVQ1RfVFlQRS4uQzMuNzIwLmRhc2hfaDI2NC1iYXNpYy1nZW4yXzcyMHAiLCJ4cHZfYXNzZXRfaWQiOjEzMTAyMjI5MTQ1Njg2MDUsImFzc2V0X2FnZV9kYXlzIjo1NiwidmlfdXNlY2FzZV9pZCI6MTAxMzksImR1cmF0aW9uX3MiOjczLCJ1cmxnZW5fc291cmNlIjoid3d3In0%3D&ccb=17-1&vs=486c1fa85e7008b6&_nc_vs=HBksFQIYRWZiX2VwaGVtZXJhbC85RTQwQTJFM0I1ODYzMDMzRkJCRkY3MzEyNzBBQUZBRl9tdF8xX3ZpZGVvX2Rhc2hpbml0Lm1wNBUAAsgBEgAVAhhAZmJfcGVybWFuZW50L0VDNDdGMzk1NkUyOTFCRDY3MDE1NkQ1REYzQjBBMDk5X2F1ZGlvX2Rhc2hpbml0Lm1wNBUCAsgBEgAoABgAGwKIB3VzZV9vaWwBMRJwcm9ncmVzc2l2ZV9yZWNpcGUBMRUAACa6hrK2genTBBUCKAJDMywXQFJgAAAAAAAYGWRhc2hfaDI2NC1iYXNpYy1nZW4yXzcyMHARAHUAZbaeAQA&_nc_gid=fbe-rhCEsPqRV_K1uCjKZg&_nc_ss=7f289&_nc_zt=28&oh=00_AQA_0oWfz1aiGINhBeKCq5B6QiRUb_-_RfRS-PhNmUksRw&oe=6A6747BD,https://scontent.fblr20-2.fna.fbcdn.net/v/t39.35426-6/707489839_2129127701347443_3569007789376978361_n.jpg?_nc_cat=104&ccb=1-7&_nc_sid=c53f8f&_nc_ohc=GNEEJB7Jr9MQ7kNvwGw4jpv&_nc_oc=AdqqMH-vfF_UAreiQISzlw5pKzw0gJ5zI6zVSKhXHfskjYmcaXzj5fgcmUCO4BWcHY5Acy_gShIq625S_uOtgZ2O&_nc_zt=14&_nc_ht=scontent.fblr20-2.fna&_nc_gid=fbe-rhCEsPqRV_K1uCjKZg&_nc_ss=7f289&oh=00_AQDPqu2vwOX0tjfnJyQ1YSfLEqvLR4yNlrqU9cw0ciQg-g&oe=6A6748EB,2026-07-27T11:57:49.000Z,2026-07-23
16,12,Loora,105478174979714,Loora,,IN,1671558640619944,https://www.facebook.com/ads/library/?id=1671558640619944,2026-07-13,,false,false,1,0,,2026-07-13,,Speak English fluently with your virtual AI English tutor 😎,Best AI English tutor,Install now,http://play.google.com/store/apps/details?id=com.loora.app,"Facebook,Instagram,Audience Network,Messenger,Threads",Speak English fluently with your virtual AI English tutor 😎,Best AI English tutor,Install now,http://play.google.com/store/apps/details?id=com.loora.app,Video,"Facebook,Instagram,Audience Network,Messenger,Threads",1,0,9:16,https://video.fblr20-3.fna.fbcdn.net/o1/v/t2/f2/m366/AQNv5OwyxEe-LLwSWJpAGXBGIdct4CWN1DbS7qq9TGe-dOCcfoWMo2Dr_8yC-qqJocyv4DjFN0OMnRrOn6MLSUgyon4htnkXdaSXnafXBErK_Q.mp4?_nc_cat=100&_nc_oc=AdqIvy1fyl5mjztVOp2eLso687B8JQK9nfz8VP8nk0KvYdMUCPyM4blpg-qus0lYyVJXGP10H3I_dvMGSyWnwzZR&_nc_sid=b66105&_nc_ht=video.fblr20-3.fna.fbcdn.net&_nc_ohc=YPAoxArWBnMQ7kNvwE3okqE&efg=eyJ2ZW5jb2RlX3RhZyI6Inhwdl9wcm9ncmVzc2l2ZS5WSV9VU0VDQVNFX1BST0RVQ1RfVFlQRS4uQzMuNzIwLmRhc2hfaDI2NC1iYXNpYy1nZW4yXzcyMHAiLCJ4cHZfYXNzZXRfaWQiOjEyNDMzMjU2MTc3NDUxNDksImFzc2V0X2FnZV9kYXlzIjozNiwidmlfdXNlY2FzZV9pZCI6MTAxMzksImR1cmF0aW9uX3MiOjQwLCJ1cmxnZW5fc291cmNlIjoid3d3In0%3D&ccb=17-1&vs=d3ab7e7afaee334a&_nc_vs=HBksFQIYRWZiX2VwaGVtZXJhbC8zMTQwRjA4NzBDOTFGRTM2Q0I4NDMwRTg5OTgyRUM5RF9tdF8xX3ZpZGVvX2Rhc2hpbml0Lm1wNBUAAsgBEgAVAhhAZmJfcGVybWFuZW50L0JDNDIxNDQ3OTlBMzUzOEQ1NkUzNTFDOEM2NTI2QUE4X2F1ZGlvX2Rhc2hpbml0Lm1wNBUCAsgBEgAoABgAGwKIB3VzZV9vaWwBMRJwcm9ncmVzc2l2ZV9yZWNpcGUBMRUAACb6s8ncibO1BBUCKAJDMywXQERcKPXCj1wYGWRhc2hfaDI2NC1iYXNpYy1nZW4yXzcyMHARAHUAZbaeAQA&_nc_gid=fbe-rhCEsPqRV_K1uCjKZg&_nc_ss=7f289&_nc_zt=28&oh=00_AQAjivmLMCWokciwOR0oqWg-NYPG-MUcbqUK3rMV1Y5ltQ&oe=6A675390,https://scontent.fblr20-4.fna.fbcdn.net/v/t39.35426-6/747086995_1749799939608929_5134618378845137775_n.jpg?_nc_cat=103&ccb=1-7&_nc_sid=c53f8f&_nc_ohc=f9dR_dryd80Q7kNvwHI8rIj&_nc_oc=AdrCKJo11FcxeSyI7Js-kKQeZILNOxAsm5VLPoM951yP5wbxvzVbqSNzX1uB5Ni0kZnjZ1LobCIQ3vGGqZ0bXQ8e&_nc_zt=14&_nc_ht=scontent.fblr20-4.fna&_nc_gid=fbe-rhCEsPqRV_K1uCjKZg&_nc_ss=7f289&oh=00_AQCScMmxtouudR-a21raF5GGViFelnOyxokL8g_e3Fr32Q&oe=6A67315C,2026-07-27T12:48:16.000Z,2026-07-23
17,13,Loora,105478174979714,Loora,,IN,2195400271307170,https://www.facebook.com/ads/library/?id=2195400271307170,2026-07-13,,false,false,1,0,,2026-07-13,,Speak English fluently with your virtual AI English tutor 😎,Best AI English tutor,Install now,http://play.google.com/store/apps/details?id=com.loora.app,"Facebook,Instagram,Audience Network,Messenger,Threads",Speak English fluently with your virtual AI English tutor 😎,Best AI English tutor,Install now,http://play.google.com/store/apps/details?id=com.loora.app,Video,"Facebook,Instagram,Audience Network,Messenger,Threads",1,0,9:16,https://video.fblr20-4.fna.fbcdn.net/o1/v/t2/f2/m366/AQOl84RP_Q4EF1Nf5uCRjihBCt37zVV80n3-beA_JvnE2eRBmOqh67npVqVD5-OHsXRGHwAb0xffod9zyWQlPJ2-EJ4H_myQaDaSOIGIm-IUQQ.mp4?_nc_cat=101&_nc_oc=AdoOc63VBWdlcrdARNlB136J899E9ZY0KlKl-YT9--HpLMBpipcDlCf65O497djINqDwv8pWWvvvj7K07m5dFK-F&_nc_sid=b66105&_nc_ht=video.fblr20-4.fna.fbcdn.net&_nc_ohc=5fSjlHol12AQ7kNvwGXDeRz&efg=eyJ2ZW5jb2RlX3RhZyI6Inhwdl9wcm9ncmVzc2l2ZS5WSV9VU0VDQVNFX1BST0RVQ1RfVFlQRS4uQzMuNzIwLmRhc2hfaDI2NC1iYXNpYy1nZW4yXzcyMHAiLCJ4cHZfYXNzZXRfaWQiOjI3NDAxMTQ4MDMwMjAyODMsImFzc2V0X2FnZV9kYXlzIjozMCwidmlfdXNlY2FzZV9pZCI6MTAxMzksImR1cmF0aW9uX3MiOjQxLCJ1cmxnZW5fc291cmNlIjoid3d3In0%3D&ccb=17-1&vs=1a68bfc0a2f1e220&_nc_vs=HBksFQIYRWZiX2VwaGVtZXJhbC9GRDQ2OTJERDQ5MTdCNTRCQ0QzRjgzQUVCMTI4QUE4Q19tdF8xX3ZpZGVvX2Rhc2hpbml0Lm1wNBUAAsgBEgAVAhhAZmJfcGVybWFuZW50L0VBNDFBNEQxMEIzRDgwRTNBNkYyRUI4QTY5NTVENDgxX2F1ZGlvX2Rhc2hpbml0Lm1wNBUCAsgBEgAoABgAGwKIB3VzZV9vaWwBMRJwcm9ncmVzc2l2ZV9yZWNpcGUBMRUAACb2x9KX1ofeCRUCKAJDMywXQES4UeuFHrgYGWRhc2hfaDI2NC1iYXNpYy1nZW4yXzcyMHARAHUAZbaeAQA&_nc_gid=fbe-rhCEsPqRV_K1uCjKZg&_nc_ss=7f289&_nc_zt=28&oh=00_AQDREx-HM3ChVQr3mUtUJiU9uo7GE81ROrSRVcU8nzO30w&oe=6A67265B,https://scontent.fblr20-2.fna.fbcdn.net/v/t39.35426-6/746878701_1347455237592712_6126927061832490861_n.jpg?_nc_cat=104&ccb=1-7&_nc_sid=c53f8f&_nc_ohc=hyWPp8a3Bn0Q7kNvwFXFILV&_nc_oc=AdoSfYDM_pcljLi1yWI0JBJhqn0ZPr1PNVIq2W-_6wMZmLHFpXuc7CX_am6CO_x_ZsAaTGdSatxKhdpN6PrzN9Ta&_nc_zt=14&_nc_ht=scontent.fblr20-2.fna&_nc_gid=fbe-rhCEsPqRV_K1uCjKZg&_nc_ss=7f289&oh=00_AQADNs2WaRFKYy3Wq46ueWGgOW2oLKuAzW8zN2O7HDGQkw&oe=6A6725F6,2026-07-27T09:35:23.000Z,2026-07-23
18,14,Loora,105478174979714,Loora,,IN,979977635018465,https://www.facebook.com/ads/library/?id=979977635018465,2026-06-16,,false,false,1,0,,2026-06-16,,Don't be shy to speak English! Become a fluent speaker with your AI Tutor 😎,Best AI English tutor,Install now,https://app.appsflyer.com/id1552708303?pid=metaweb_int&c={{campaign.name}}&af_siteid={{site_source_name}}&af_adset={{adset.name}}&af_ad={{ad.name}}&af_c_id={{campaign.id}}&af_adset_id={{adset.id}}&af_ad_id={{ad.id}}&af_click_lookback=7d,"Facebook,Instagram,Audience Network,Messenger,Threads",Don't be shy to speak English! Become a fluent speaker with your AI Tutor 😎,Best AI English tutor,Install now,https://app.appsflyer.com/id1552708303?pid=metaweb_int&c={{campaign.name}}&af_siteid={{site_source_name}}&af_adset={{adset.name}}&af_ad={{ad.name}}&af_c_id={{campaign.id}}&af_adset_id={{adset.id}}&af_ad_id={{ad.id}}&af_click_lookback=7d,Video,"Facebook,Instagram,Audience Network,Messenger,Threads",1,0,9:16,https://video.fblr20-1.fna.fbcdn.net/o1/v/t2/f2/m366/AQORveVhiQ_cmx4OqpbPJqWieTFN72vjwA-yku2hu9LoOcxVv_9KXz_-ThhbD-oL8vhh_MwKAztYsqIYjMUlKl6FoZPv9P7wDqmSBVghSVHmdw.mp4?_nc_cat=108&_nc_oc=AdrHYihVVyV4KKgPGWO8Og7tRyrnMSSEr9GkZV5QXO-Kz7DGalrBWhq1V-DQw4nAenkAk7CTl3wBk06xRv6_8_-E&_nc_sid=b66105&_nc_ht=video.fblr20-1.fna.fbcdn.net&_nc_ohc=mnynmyoebIcQ7kNvwFkgesM&efg=eyJ2ZW5jb2RlX3RhZyI6Inhwdl9wcm9ncmVzc2l2ZS5WSV9VU0VDQVNFX1BST0RVQ1RfVFlQRS4uQzMuNzIwLmRhc2hfaDI2NC1iYXNpYy1nZW4yXzcyMHAiLCJ4cHZfYXNzZXRfaWQiOjE2OTEyMzIzODUyMjMxNzYsImFzc2V0X2FnZV9kYXlzIjo0OCwidmlfdXNlY2FzZV9pZCI6MTAxMzksImR1cmF0aW9uX3MiOjcwLCJ1cmxnZW5fc291cmNlIjoid3d3In0%3D&ccb=17-1&vs=493d52f704ec7d66&_nc_vs=HBksFQIYRWZiX2VwaGVtZXJhbC9FNzRBMDJBQ0YzMjgxOUVBODg2ODA4RDBFRjM1RDhCRV9tdF8xX3ZpZGVvX2Rhc2hpbml0Lm1wNBUAAsgBEgAVAhhAZmJfcGVybWFuZW50L0Q2NDYwRjk4N0NBRkE2QTkwMUY3Q0U5MTkzRUJEN0IwX2F1ZGlvX2Rhc2hpbml0Lm1wNBUCAsgBEgAoABgAGwKIB3VzZV9vaWwBMRJwcm9ncmVzc2l2ZV9yZWNpcGUBMRUAACaQqO6Y14qBBhUCKAJDMywXQFGAAAAAAAAYGWRhc2hfaDI2NC1iYXNpYy1nZW4yXzcyMHARAHUAZbaeAQA&_nc_gid=fbe-rhCEsPqRV_K1uCjKZg&_nc_ss=7f289&_nc_zt=28&oh=00_AQD5UQPiWPYzwBvRBOmZ-HJbdyUQUbELN8KuZ0evM02exA&oe=6A6743CC,https://scontent.fblr20-1.fna.fbcdn.net/v/t39.35426-6/725132599_1378820260726956_7375292056664848272_n.jpg?_nc_cat=108&ccb=1-7&_nc_sid=c53f8f&_nc_ohc=g6au4UriPLsQ7kNvwFfhmfF&_nc_oc=Adr0x_fYDhFJniQMwiD7ugbFUSXqV3V0mgeMGoYA1O7YCncGQsGP9Czb22wNpYWeWbf2RUMyhj3ljCHIlgHrE2Zc&_nc_zt=14&_nc_ht=scontent.fblr20-1.fna&_nc_gid=fbe-rhCEsPqRV_K1uCjKZg&_nc_ss=7f289&oh=00_AQCvNJ02H4aFvZi370iivYJ2JXGaQyc0EjzmyJzBS4B9YA&oe=6A67512C,2026-07-27T11:41:00.000Z,2026-07-23
19,15,Loora,105478174979714,Loora,,IN,1528560084852843,https://www.facebook.com/ads/library/?id=1528560084852843,2026-07-13,,false,false,1,0,,2026-07-13,,Speak English fluently with your virtual AI English tutor 😎,Best AI English tutor,Install now,http://play.google.com/store/apps/details?id=com.loora.app,"Facebook,Instagram,Audience Network,Messenger,Threads",Speak English fluently with your virtual AI English tutor 😎,Best AI English tutor,Install now,http://play.google.com/store/apps/details?id=com.loora.app,Video,"Facebook,Instagram,Audience Network,Messenger,Threads",1,0,9:16,https://video.fblr20-4.fna.fbcdn.net/o1/v/t2/f2/m366/AQMcUSYtAfD7jKQSnIZCgwf0tOPqfW4zAbN_qfx_A8LcY30TA-jFVW9pRmi3akN99UnHvwa_H7-YQbuwrXu_fKWNE-CenB2Quk9FxUORY-YekA.mp4?_nc_cat=101&_nc_oc=AdrYzyFXR2gJP_ybcjb5OvhEQoM6ibVNjOQAYvgwamincfxk-ov78UPg-qJ5KL4VjaaEpM_39hA3RwLyevHSc5Ju&_nc_sid=b66105&_nc_ht=video.fblr20-4.fna.fbcdn.net&_nc_ohc=ZGl8Kizd0joQ7kNvwEAAzSZ&efg=eyJ2ZW5jb2RlX3RhZyI6Inhwdl9wcm9ncmVzc2l2ZS5WSV9VU0VDQVNFX1BST0RVQ1RfVFlQRS4uQzMuNzIwLmRhc2hfaDI2NC1iYXNpYy1nZW4yXzcyMHAiLCJ4cHZfYXNzZXRfaWQiOjE2OTQ2MzY1NzUwMTgzMDksImFzc2V0X2FnZV9kYXlzIjozNiwidmlfdXNlY2FzZV9pZCI6MTAxMzksImR1cmF0aW9uX3MiOjM0LCJ1cmxnZW5fc291cmNlIjoid3d3In0%3D&ccb=17-1&vs=47ef76ab8a1778b4&_nc_vs=HBksFQIYRWZiX2VwaGVtZXJhbC8xQzQ0QjE0NDY5MjcwOTVERERDRTdGOTZFRDI3QzdCRl9tdF8xX3ZpZGVvX2Rhc2hpbml0Lm1wNBUAAsgBEgAVAhhAZmJfcGVybWFuZW50L0ZENEFEQjQxMTI4RDA5QTAzNjJCQTc0M0E3RDkwRTlEX2F1ZGlvX2Rhc2hpbml0Lm1wNBUCAsgBEgAoABgAGwKIB3VzZV9vaWwBMRJwcm9ncmVzc2l2ZV9yZWNpcGUBMRUAACaKtZ6x6tCCBhUCKAJDMywXQEEuFHrhR64YGWRhc2hfaDI2NC1iYXNpYy1nZW4yXzcyMHARAHUAZbaeAQA&_nc_gid=fbe-rhCEsPqRV_K1uCjKZg&_nc_ss=7f289&_nc_zt=28&oh=00_AQBqTxNsI2GzoOsw7QARqoiQ2iUeFkT06Zni-Xxurrv5Tw&oe=6A673B6B,https://scontent.fblr20-3.fna.fbcdn.net/v/t39.35426-6/748665842_867781459742835_5159306772512009046_n.jpg?_nc_cat=109&ccb=1-7&_nc_sid=c53f8f&_nc_ohc=CQA8Phwr08wQ7kNvwENOpsf&_nc_oc=Ado_tqBV1njvx1QJVA_u9nxpGz7DLHo60bewYRAC1NH1DwQmJ_uvt0OUtcGtj_BMGjNIewEwsJet0MADKNi41ENF&_nc_zt=14&_nc_ht=scontent.fblr20-3.fna&_nc_gid=fbe-rhCEsPqRV_K1uCjKZg&_nc_ss=7f289&oh=00_AQAhqARZW3myNGkoI3_Qv9Sf8KULsnVh0Q7GulOqokz5lA&oe=6A6743AD,2026-07-27T11:05:15.000Z,2026-07-23
20,16,Loora,105478174979714,Loora,,IN,1354175103312608,https://www.facebook.com/ads/library/?id=1354175103312608,2026-06-16,,false,false,1,0,,2026-06-16,,Habla inglés con fluidez con tu tutor virtual de inglés con IA 😎,Best AI English tutor,Download,https://app.appsflyer.com/id1552708303?pid=metaweb_int&c= {{campaign.name}}&af_siteid={{site_source_name}}&af_adset={{adset.name}}&af_ad={{ad.name}}&af_c_id={{campaign.id}}&af_adset_id={{adset.id}}&af_ad_id={{ad.id}}&af_click_lookback=7d,"Facebook,Instagram,Audience Network,Messenger,Threads",Habla inglés con fluidez con tu tutor virtual de inglés con IA 😎,Best AI English tutor,Download,https://app.appsflyer.com/id1552708303?pid=metaweb_int&c= {{campaign.name}}&af_siteid={{site_source_name}}&af_adset={{adset.name}}&af_ad={{ad.name}}&af_c_id={{campaign.id}}&af_adset_id={{adset.id}}&af_ad_id={{ad.id}}&af_click_lookback=7d,Video,"Facebook,Instagram,Audience Network,Messenger,Threads",1,0,9:16,https://video.fblr20-2.fna.fbcdn.net/o1/v/t2/f2/m366/AQPJut9egJ33D6gH92b4DsGIK_lidMeMAJn4NcsRcmZT0sSGQ0QoBkXARSig3R44csXuhmqxKyVnMMw3uQaxTPU0-vhE1FK8BaA-YbIH-AlRTA.mp4?_nc_cat=102&_nc_oc=AdquhGexBCwPdZ0WZOWj3yj6kYHb9a53bqUZLrROrRsGca_YFhew8d1XZ8GWOWVjhKY8z25Q1ooU7ZeXMcfLW8So&_nc_sid=b66105&_nc_ht=video.fblr20-2.fna.fbcdn.net&_nc_ohc=_OHKj9s44foQ7kNvwEAKN2F&efg=eyJ2ZW5jb2RlX3RhZyI6Inhwdl9wcm9ncmVzc2l2ZS5WSV9VU0VDQVNFX1BST0RVQ1RfVFlQRS4uQzMuNzIwLmRhc2hfaDI2NC1iYXNpYy1nZW4yXzcyMHAiLCJ4cHZfYXNzZXRfaWQiOjEyNjI5NTMyOTU2NTQ2NjIsImFzc2V0X2FnZV9kYXlzIjoyMDYsInZpX3VzZWNhc2VfaWQiOjEwNzk5LCJkdXJhdGlvbl9zIjozOCwidXJsZ2VuX3NvdXJjZSI6Ind3dyJ9&ccb=17-1&vs=1c1915b1a7b78b29&_nc_vs=HBksFQIYRWZiX2VwaGVtZXJhbC81MjQwNjc5OTBFNzA4MzkzRUZBQ0IxMkU5RUMwODY4Nl9tdF8xX3ZpZGVvX2Rhc2hpbml0Lm1wNBUAAsgBEgAVAhhAZmJfcGVybWFuZW50L0EwNEI1MjFCRDQ1RDYwQkJGMEM5MTUxMUMyOUQ0RDlCX2F1ZGlvX2Rhc2hpbml0Lm1wNBUCAsgBEgAoABgAGwKIB3VzZV9vaWwBMRJwcm9ncmVzc2l2ZV9yZWNpcGUBMRUAACaMvPGox6m-BBUCKAJDMywXQEM3bItDlYEYGWRhc2hfaDI2NC1iYXNpYy1nZW4yXzcyMHARAHUAZd6oAQA&_nc_gid=fbe-rhCEsPqRV_K1uCjKZg&_nc_ss=7f289&_nc_zt=28&oh=00_AQDetFAqQuez9u7_eO4KGVBlTVaxV_oDPBJnELcHNFuhQw&oe=6A6721B2,https://scontent.fblr20-3.fna.fbcdn.net/v/t39.35426-6/683222322_4311760405807618_9047894931208305786_n.jpg?_nc_cat=105&ccb=1-7&_nc_sid=c53f8f&_nc_ohc=NUThs0DfxPgQ7kNvwHCru1V&_nc_oc=AdoAxzSBJgPfSdMV3dK9DWUvnH0MxRODdwaFNHaX0yEj3n2i21GTCTGJTOBKjfklTKnLbPuogBzve8Y0wv8mucW3&_nc_zt=14&_nc_ht=scontent.fblr20-3.fna&_nc_gid=fbe-rhCEsPqRV_K1uCjKZg&_nc_ss=7f289&oh=00_AQA0-TuRXsOafyXwKztk1kxomDs8ue8thN5WOvRyZNaRTA&oe=6A672E88,2026-07-27T09:15:30.000Z,2026-07-23
21,17,Loora,105478174979714,Loora,,IN,28000341219563581,https://www.facebook.com/ads/library/?id=28000341219563581,2026-07-06,,false,true,2,0,28000341219563581,2026-07-06,,Speak English fluently with your virtual AI English tutor 😎,Best AI English tutor,Install now,http://play.google.com/store/apps/details?id=com.loora.app,"Facebook,Instagram,Audience Network,Messenger,Threads",Speak English fluently with your virtual AI English tutor 😎,Best AI English tutor,Install now,http://play.google.com/store/apps/details?id=com.loora.app,Video,"Facebook,Instagram,Audience Network,Messenger,Threads",1,0,9:16,https://video.fblr20-5.fna.fbcdn.net/o1/v/t2/f2/m366/AQO5sUa7oe82KzWjUPQ5kaswyfAYp1f9s6-mUg4fLiq8hgRBCap3AVq0dOLFJZRcjI4KK8K8HcW6xPxGHl-1zFTCYZOW2-78Hd1lsU3pPbztFQ.mp4?_nc_cat=107&_nc_oc=AdrYW05Nrs3umh7eDE6cq2uNnt6Q2vovf-KPtafRnR2rTBpYa1x_jMDRuM_T3RzH65yxJyh5QzyFbUUwE3bi-J3D&_nc_sid=b66105&_nc_ht=video.fblr20-5.fna.fbcdn.net&_nc_ohc=-_gY9HVwVekQ7kNvwGoTKs9&efg=eyJ2ZW5jb2RlX3RhZyI6Inhwdl9wcm9ncmVzc2l2ZS5WSV9VU0VDQVNFX1BST0RVQ1RfVFlQRS4uQzMuNzIwLmRhc2hfaDI2NC1iYXNpYy1nZW4yXzcyMHAiLCJ4cHZfYXNzZXRfaWQiOjE0ODYzMTY2NTI5NzIwNDEsImFzc2V0X2FnZV9kYXlzIjoyOCwidmlfdXNlY2FzZV9pZCI6MTAxMzksImR1cmF0aW9uX3MiOjU1LCJ1cmxnZW5fc291cmNlIjoid3d3In0%3D&ccb=17-1&vs=7783dd494173b298&_nc_vs=HBksFQIYRWZiX2VwaGVtZXJhbC80RDQ4REE2NDZCQjYzMjg1MDdBNjU5NjFDRjhCMDE4Nl9tdF8xX3ZpZGVvX2Rhc2hpbml0Lm1wNBUAAsgBEgAVAhhAZmJfcGVybWFuZW50L0U3NDczRjhGMzE5NjgxNEY2MTlBQkFFNjdDRDYzMjhBX2F1ZGlvX2Rhc2hpbml0Lm1wNBUCAsgBEgAoABgAGwKIB3VzZV9vaWwBMRJwcm9ncmVzc2l2ZV9yZWNpcGUBMRUAACaSoP6BgvOjBRUCKAJDMywXQEv3bItDlYEYGWRhc2hfaDI2NC1iYXNpYy1nZW4yXzcyMHARAHUAZbaeAQA&_nc_gid=fbe-rhCEsPqRV_K1uCjKZg&_nc_ss=7f289&_nc_zt=28&oh=00_AQC4s7N7bu9EiMiPKzTEb-RmmzMMpxFvL525E5ciH5UCkA&oe=6A673011,https://scontent.fblr20-3.fna.fbcdn.net/v/t39.35426-6/741197090_1015156361477586_6231303921438913660_n.jpg?_nc_cat=105&ccb=1-7&_nc_sid=c53f8f&_nc_ohc=2qFNA03B5nQQ7kNvwHWnv2H&_nc_oc=AdqhUjP-giJaNZn3Q505dghpZ1ogf2cgt339vDJyewZqZCe5zdSUmUoAltW9WsVbP645vprlLMiLmqhcZ419-Zwh&_nc_zt=14&_nc_ht=scontent.fblr20-3.fna&_nc_gid=fbe-rhCEsPqRV_K1uCjKZg&_nc_ss=7f289&oh=00_AQCUEzTXGHrBCxAUhQH-2F50dYQyk_jPN-2xeP_gVV1GxQ&oe=6A6740B6,2026-07-27T10:16:49.000Z,2026-07-23
22,17,Loora,105478174979714,Loora,,IN,28000341219563581,https://www.facebook.com/ads/library/?id=28000341219563581,2026-07-06,,false,true,2,1,4630190203927162,2026-07-13,,Speak English fluently with your virtual AI English tutor 😎,Best AI English tutor,Install now,http://play.google.com/store/apps/details?id=com.loora.app,"Facebook,Instagram,Audience Network,Messenger,Threads",Speak English fluently with your virtual AI English tutor 😎,Best AI English tutor,Install now,http://play.google.com/store/apps/details?id=com.loora.app,Video,"Facebook,Instagram,Audience Network,Messenger,Threads",1,0,9:16,https://video.fblr20-5.fna.fbcdn.net/o1/v/t2/f2/m366/AQO5sUa7oe82KzWjUPQ5kaswyfAYp1f9s6-mUg4fLiq8hgRBCap3AVq0dOLFJZRcjI4KK8K8HcW6xPxGHl-1zFTCYZOW2-78Hd1lsU3pPbztFQ.mp4?_nc_cat=107&_nc_oc=AdrYW05Nrs3umh7eDE6cq2uNnt6Q2vovf-KPtafRnR2rTBpYa1x_jMDRuM_T3RzH65yxJyh5QzyFbUUwE3bi-J3D&_nc_sid=b66105&_nc_ht=video.fblr20-5.fna.fbcdn.net&_nc_ohc=-_gY9HVwVekQ7kNvwGoTKs9&efg=eyJ2ZW5jb2RlX3RhZyI6Inhwdl9wcm9ncmVzc2l2ZS5WSV9VU0VDQVNFX1BST0RVQ1RfVFlQRS4uQzMuNzIwLmRhc2hfaDI2NC1iYXNpYy1nZW4yXzcyMHAiLCJ4cHZfYXNzZXRfaWQiOjE0ODYzMTY2NTI5NzIwNDEsImFzc2V0X2FnZV9kYXlzIjoyOCwidmlfdXNlY2FzZV9pZCI6MTAxMzksImR1cmF0aW9uX3MiOjU1LCJ1cmxnZW5fc291cmNlIjoid3d3In0%3D&ccb=17-1&vs=7783dd494173b298&_nc_vs=HBksFQIYRWZiX2VwaGVtZXJhbC80RDQ4REE2NDZCQjYzMjg1MDdBNjU5NjFDRjhCMDE4Nl9tdF8xX3ZpZGVvX2Rhc2hpbml0Lm1wNBUAAsgBEgAVAhhAZmJfcGVybWFuZW50L0U3NDczRjhGMzE5NjgxNEY2MTlBQkFFNjdDRDYzMjhBX2F1ZGlvX2Rhc2hpbml0Lm1wNBUCAsgBEgAoABgAGwKIB3VzZV9vaWwBMRJwcm9ncmVzc2l2ZV9yZWNpcGUBMRUAACaSoP6BgvOjBRUCKAJDMywXQEv3bItDlYEYGWRhc2hfaDI2NC1iYXNpYy1nZW4yXzcyMHARAHUAZbaeAQA&_nc_gid=O_xzSZ2hiygEpbII6qCIWg&_nc_ss=7f289&_nc_zt=28&oh=00_AQDbLEo4k53VJmsIwnMrkPHsuNWePpNjc4WJo_LY4tvRfA&oe=6A673011,https://scontent.fblr20-2.fna.fbcdn.net/v/t39.35426-6/747761470_1076074381778723_443773273117632225_n.jpg?_nc_cat=111&ccb=1-7&_nc_sid=c53f8f&_nc_ohc=bj6VEbasGvAQ7kNvwGBiQ4h&_nc_oc=Adoz4unJLu6UzUdRUBXd3HXwmqxXNFe9YDwce_y2AleBSTEDgNMFe2G37zDaclnSGnssVuBbN2KXOFGLuDPj2FWj&_nc_zt=14&_nc_ht=scontent.fblr20-2.fna&_nc_gid=O_xzSZ2hiygEpbII6qCIWg&_nc_ss=7f289&oh=00_AQBOOitpLsOfZB_K6w-8CrIELdSRE10rcHIXSCuoCLgi3Q&oe=6A67479E,2026-07-27T10:16:49.000Z,2026-07-23
23,18,Loora,105478174979714,Loora,,IN,1800522517580952,https://www.facebook.com/ads/library/?id=1800522517580952,2026-06-16,,false,false,1,0,,2026-06-16,,"Want to speak English fluently?
Meet Loora 👋 your own virtual English tutor.

✔️ Express yourself freely.
✔️ Talk about your interests - from pop culture to quantum mechanics... 
✔️ Perfect your accent.
✔️ Learn new words every day.
✔️ Build your confidence.

Take your English to the next level, get Loora TODAY >>",Best AI English tutor,Download,https://app.appsflyer.com/id1552708303?pid=metaweb_int&c= {{campaign.name}}&af_siteid={{site_source_name}}&af_adset={{adset.name}}&af_ad={{ad.name}}&af_c_id={{campaign.id}}&af_adset_id={{adset.id}}&af_ad_id={{ad.id}}&af_click_lookback=7d,"Facebook,Instagram,Audience Network,Messenger,Threads","Want to speak English fluently?
Meet Loora 👋 your own virtual English tutor.

✔️ Express yourself freely.
✔️ Talk about your interests - from pop culture to quantum mechanics... 
✔️ Perfect your accent.
✔️ Learn new words every day.
✔️ Build your confidence.

Take your English to the next level, get Loora TODAY >>",Best AI English tutor,Download,https://app.appsflyer.com/id1552708303?pid=metaweb_int&c= {{campaign.name}}&af_siteid={{site_source_name}}&af_adset={{adset.name}}&af_ad={{ad.name}}&af_c_id={{campaign.id}}&af_adset_id={{adset.id}}&af_ad_id={{ad.id}}&af_click_lookback=7d,Video,"Facebook,Instagram,Audience Network,Messenger,Threads",1,0,9:16,https://video.fblr20-3.fna.fbcdn.net/o1/v/t2/f2/m366/AQOhLeyk1yNcSeH_FqM6UgdQnx6Y3PalYt-sBhjsgu2eTBpDixIMCi9sDRJbzZ0TfOSC3BqhP43KVvIjgwjLI0aZ3Ldx4_58hGFhM1K_bEWH5w.mp4?_nc_cat=109&_nc_oc=AdoAnleV0gMhqxLmqhDxDyI0AQUisAj6CUHJN9_jAczDS2V_O2kopkpj24xvGUNqSg6U75yWLk3qGEMDSyFExgSQ&_nc_sid=b66105&_nc_ht=video.fblr20-3.fna.fbcdn.net&_nc_ohc=B2UXAcntqxUQ7kNvwEPSK_h&efg=eyJ2ZW5jb2RlX3RhZyI6Inhwdl9wcm9ncmVzc2l2ZS5WSV9VU0VDQVNFX1BST0RVQ1RfVFlQRS4uQzMuNzIwLmRhc2hfaDI2NC1iYXNpYy1nZW4yXzcyMHAiLCJ4cHZfYXNzZXRfaWQiOjc2ODMwMjgwOTY1NjMxNSwiYXNzZXRfYWdlX2RheXMiOjE2OSwidmlfdXNlY2FzZV9pZCI6MTA3OTksImR1cmF0aW9uX3MiOjY5LCJ1cmxnZW5fc291cmNlIjoid3d3In0%3D&ccb=17-1&vs=97b756c07797ae85&_nc_vs=HBksFQIYRWZiX2VwaGVtZXJhbC9CODRGQjVDRjU0Q0E5RTZEMEU1NzhEMDY3NDMzMDE4Ql9tdF8xX3ZpZGVvX2Rhc2hpbml0Lm1wNBUAAsgBEgAVAhhAZmJfcGVybWFuZW50LzYxNDVBMEYxMzI2MzE2REUwOUJBQkMwNTM3MDE1Q0I5X2F1ZGlvX2Rhc2hpbml0Lm1wNBUCAsgBEgAoABgAGwKIB3VzZV9vaWwBMRJwcm9ncmVzc2l2ZV9yZWNpcGUBMRUAACb2r-WAjrHdAhUCKAJDMywXQFFszMzMzM0YGWRhc2hfaDI2NC1iYXNpYy1nZW4yXzcyMHARAHUAZd6oAQA&_nc_gid=fbe-rhCEsPqRV_K1uCjKZg&_nc_ss=7f289&_nc_zt=28&oh=00_AQAYOrGSn-ebWv_JWhZ2BmzKQKHrDGg29xMyrd5yI3ahqw&oe=6A67378B,https://scontent.fblr20-2.fna.fbcdn.net/v/t39.35426-6/726295158_1277919851080006_5471111065408897082_n.jpg?_nc_cat=102&ccb=1-7&_nc_sid=c53f8f&_nc_ohc=-MfzGAs59xgQ7kNvwE6g3C_&_nc_oc=Adr4icJCxv8i6FbJEigzP-eRGvO43NFBp-cKQinbmu3jeSiD4qmH8XxJq1ogQE47AKSO8ohzma8s8FmwFii9qz8x&_nc_zt=14&_nc_ht=scontent.fblr20-2.fna&_nc_gid=fbe-rhCEsPqRV_K1uCjKZg&_nc_ss=7f289&oh=00_AQDGLqWcthnO6VKeOEvV8qzEyK0xKCLX2ynX1W7xFIWxjg&oe=6A6754DE,2026-07-27T10:48:43.000Z,2026-07-23
24,19,Loora,105478174979714,Loora,,IN,1555971279252723,https://www.facebook.com/ads/library/?id=1555971279252723,2026-06-16,,false,false,1,0,,2026-06-16,,Don't be shy to speak English! Become a fluent speaker with your AI Tutor 😎,Best AI English tutor,Install now,https://app.appsflyer.com/id1552708303?pid=metaweb_int&c={{campaign.name}}&af_siteid={{site_source_name}}&af_adset={{adset.name}}&af_ad={{ad.name}}&af_c_id={{campaign.id}}&af_adset_id={{adset.id}}&af_ad_id={{ad.id}}&af_click_lookback=7d,"Facebook,Instagram,Audience Network,Messenger,Threads",Don't be shy to speak English! Become a fluent speaker with your AI Tutor 😎,Best AI English tutor,Install now,https://app.appsflyer.com/id1552708303?pid=metaweb_int&c={{campaign.name}}&af_siteid={{site_source_name}}&af_adset={{adset.name}}&af_ad={{ad.name}}&af_c_id={{campaign.id}}&af_adset_id={{adset.id}}&af_ad_id={{ad.id}}&af_click_lookback=7d,Video,"Facebook,Instagram,Audience Network,Messenger,Threads",1,0,9:16,https://video.fblr20-5.fna.fbcdn.net/o1/v/t2/f2/m366/AQM0mVjMFkqHI8klkkBBPsYap-YEJFuZjYkrPWsaVkNtGajvKGluTVFMHzTAP7_8v1BgIDBPZzlHK2u1BgpD1stuFJDNE9LathtFqrr-ap8P8g.mp4?_nc_cat=107&_nc_oc=AdqZjKZYdfdP-YEMZqo8KNgIYgUa71_HMMhxKJ2wadFaasDbPh19RyhICF4WYW5dOxtjcjU0uCJxM4kZZHoHk9ez&_nc_sid=b66105&_nc_ht=video.fblr20-5.fna.fbcdn.net&_nc_ohc=jZIbx0OZe2sQ7kNvwGcfCdP&efg=eyJ2ZW5jb2RlX3RhZyI6Inhwdl9wcm9ncmVzc2l2ZS5WSV9VU0VDQVNFX1BST0RVQ1RfVFlQRS4uQzMuNzIwLmRhc2hfaDI2NC1iYXNpYy1nZW4yXzcyMHAiLCJ4cHZfYXNzZXRfaWQiOjI2MzkwMTA1MTc3MzM5MzY3LCJhc3NldF9hZ2VfZGF5cyI6NTgsInZpX3VzZWNhc2VfaWQiOjEwMTM5LCJkdXJhdGlvbl9zIjo2NywidXJsZ2VuX3NvdXJjZSI6Ind3dyJ9&ccb=17-1&vs=62bb13c42dabcd58&_nc_vs=HBksFQIYRWZiX2VwaGVtZXJhbC8xMjRCNEFFRTQ0OUNCQkFBNTM3RDc0NUQxQTM4QUNCQl9tdF8xX3ZpZGVvX2Rhc2hpbml0Lm1wNBUAAsgBEgAVAhhAZmJfcGVybWFuZW50LzIxNDlENUYxQkJDRDgwOTEzOUIyQTM3QzJDQjU5NkE2X2F1ZGlvX2Rhc2hpbml0Lm1wNBUCAsgBEgAoABgAGwKIB3VzZV9vaWwBMRJwcm9ncmVzc2l2ZV9yZWNpcGUBMRUAACbO1_HKpergXRUCKAJDMywXQFD5mZmZmZoYGWRhc2hfaDI2NC1iYXNpYy1nZW4yXzcyMHARAHUAZbaeAQA&_nc_gid=fbe-rhCEsPqRV_K1uCjKZg&_nc_ss=7f289&_nc_zt=28&oh=00_AQD0t3kOem4z_FSjvqmqT2mnFJMJJppc0YsdEK9a-tHMsg&oe=6A67518D,https://scontent.fblr20-1.fna.fbcdn.net/v/t39.35426-6/725292213_1700371594189382_8828471905710671366_n.jpg?_nc_cat=108&ccb=1-7&_nc_sid=c53f8f&_nc_ohc=u2Tfq2s2UL4Q7kNvwEVFhie&_nc_oc=AdoHO4Hs-bj74uEnx03inxLm3TjRBFITZPBFTDONbKYE2RpgOaHS7rlkVA8rGPwYNM-QxL1cTNvl7rqVzgu0ypzt&_nc_zt=14&_nc_ht=scontent.fblr20-1.fna&_nc_gid=fbe-rhCEsPqRV_K1uCjKZg&_nc_ss=7f289&oh=00_AQDo61KvUURm6_Mqbe-MmBaKE3QUQT9crzDvmu2QfeDPkQ&oe=6A674725,2026-07-27T12:39:41.000Z,2026-07-23
25,20,Loora,105478174979714,Loora,,IN,1030430109678081,https://www.facebook.com/ads/library/?id=1030430109678081,2026-07-13,,false,false,1,0,,2026-07-13,,Speak English fluently with your virtual AI English tutor 😎,Best AI English tutor,Install now,http://play.google.com/store/apps/details?id=com.loora.app,"Facebook,Instagram,Audience Network,Messenger,Threads",Speak English fluently with your virtual AI English tutor 😎,Best AI English tutor,Install now,http://play.google.com/store/apps/details?id=com.loora.app,Video,"Facebook,Instagram,Audience Network,Messenger,Threads",1,0,9:16,https://video.fblr20-3.fna.fbcdn.net/o1/v/t2/f2/m366/AQNTOk5hKGlpOUrwzyqo_0XRR3JEPBs3AcQYvw8qPDJIUkdIa9IUn1d6bLlcYQ1r7dJxHeXTHI-jmZgFlhQOBOm08M_6nxuR95LAOHFojwEerQ.mp4?_nc_cat=100&_nc_oc=Ado69-aqSdP0YJbrVjHu2AoX_RLjilqAFb8J3RCle0bwVyI3ZknbLpfTYrE6-B3BqZhWwGpns77Q8KeGIBkZEAEU&_nc_sid=b66105&_nc_ht=video.fblr20-3.fna.fbcdn.net&_nc_ohc=YVAu4s2E6kEQ7kNvwH6v2Mu&efg=eyJ2ZW5jb2RlX3RhZyI6Inhwdl9wcm9ncmVzc2l2ZS5WSV9VU0VDQVNFX1BST0RVQ1RfVFlQRS4uQzMuNzIwLmRhc2hfaDI2NC1iYXNpYy1nZW4yXzcyMHAiLCJ4cHZfYXNzZXRfaWQiOjEzMzcxOTM0MDQ1MTc5NDgsImFzc2V0X2FnZV9kYXlzIjoyOCwidmlfdXNlY2FzZV9pZCI6MTAxMzksImR1cmF0aW9uX3MiOjI1OCwidXJsZ2VuX3NvdXJjZSI6Ind3dyJ9&ccb=17-1&vs=f0466aff99a206b8&_nc_vs=HBksFQIYRWZiX2VwaGVtZXJhbC9ENDRBN0EzQ0M5NjREMDRGOEVGQjAxODNEOURFQTZBMF9tdF8xX3ZpZGVvX2Rhc2hpbml0Lm1wNBUAAsgBEgAVAhhAZmJfcGVybWFuZW50L0ZGNDVCNjg5RTBGRjIwRDg2NDdBRkE2NkYwRDk0MkI1X2F1ZGlvX2Rhc2hpbml0Lm1wNBUCAsgBEgAoABgAGwKIB3VzZV9vaWwBMRJwcm9ncmVzc2l2ZV9yZWNpcGUBMRUAACb4uPqd84rgBBUCKAJDMywXQHApmZmZmZoYGWRhc2hfaDI2NC1iYXNpYy1nZW4yXzcyMHARAHUAZbaeAQA&_nc_gid=fbe-rhCEsPqRV_K1uCjKZg&_nc_ss=7f289&_nc_zt=28&oh=00_AQC936ZvoDPs3fsuJP5dVG-y4hlPV6wlmc3_OBf8ngYM4g&oe=6A673A1C,https://scontent.fblr20-3.fna.fbcdn.net/v/t39.35426-6/748704943_1324665583109992_4816758841593086014_n.jpg?_nc_cat=109&ccb=1-7&_nc_sid=c53f8f&_nc_ohc=Q6WSPAhPUNoQ7kNvwEhcOgy&_nc_oc=Adoztgi6sOQ4D9xHRC7jSTZl42F30rTM-iR2CTdq5-IEEUZXkBDGQxDAPBGE7bgieVxfNlTZbW_47ExKsiWuc0E7&_nc_zt=14&_nc_ht=scontent.fblr20-3.fna&_nc_gid=fbe-rhCEsPqRV_K1uCjKZg&_nc_ss=7f289&oh=00_AQAA3PHX-puThdJJSN9cphTtPkPSAdCc_Acrg5ozQKmWMg&oe=6A671EB0,2026-07-27T10:59:40.000Z,2026-07-23
26,21,Loora,105478174979714,Loora,,IN,1317685440350002,https://www.facebook.com/ads/library/?id=1317685440350002,2026-07-13,,false,true,2,0,1317685440350002,2026-07-13,,Speak English fluently with your virtual AI English tutor 😎,Best AI English tutor,Install now,http://play.google.com/store/apps/details?id=com.loora.app,"Facebook,Instagram,Audience Network,Messenger,Threads",Speak English fluently with your virtual AI English tutor 😎,Best AI English tutor,Install now,http://play.google.com/store/apps/details?id=com.loora.app,Video,"Facebook,Instagram,Audience Network,Messenger,Threads",1,0,9:16,https://video.fblr20-2.fna.fbcdn.net/o1/v/t2/f2/m366/AQNAt3x6URb525WRz6kd8cyg-1JkpeTeEbU0boRVij508fx6FhKc4Kzql5INdb5L64x426_EMh1v162KwvC_8zOoc0upaT1aYd8cPNRTN80C6A.mp4?_nc_cat=104&_nc_oc=Adq-t3i-t9MW6B9Uq0RQdFHIQ7GuK7Que1hun3aRH_-4K3kyBSdHBxtp9kN6iEGp2LVbnzJsgSEYf8ysQU94P38P&_nc_sid=b66105&_nc_ht=video.fblr20-2.fna.fbcdn.net&_nc_ohc=psncvjnLuMwQ7kNvwFWiKod&efg=eyJ2ZW5jb2RlX3RhZyI6Inhwdl9wcm9ncmVzc2l2ZS5WSV9VU0VDQVNFX1BST0RVQ1RfVFlQRS4uQzMuNzIwLmRhc2hfaDI2NC1iYXNpYy1nZW4yXzcyMHAiLCJ4cHZfYXNzZXRfaWQiOjIzNjQ2NTUzMzQwNDAzMjUsImFzc2V0X2FnZV9kYXlzIjoyNTQsInZpX3VzZWNhc2VfaWQiOjEwNzk5LCJkdXJhdGlvbl9zIjo0MSwidXJsZ2VuX3NvdXJjZSI6Ind3dyJ9&ccb=17-1&vs=12afa8925415ccd1&_nc_vs=HBksFQIYRWZiX2VwaGVtZXJhbC83NzQzNzIzMkM0NTBDRkNEMDIyMzA5N0JFNDZEMDlCN19tdF8xX3ZpZGVvX2Rhc2hpbml0Lm1wNBUAAsgBEgAVAhhAZmJfcGVybWFuZW50LzUwNEM0MkVGNDYzMzMxMTMyQzdCMUNFQjkxQzdCOEE3X2F1ZGlvX2Rhc2hpbml0Lm1wNBUCAsgBEgAoABgAGwKIB3VzZV9vaWwBMRJwcm9ncmVzc2l2ZV9yZWNpcGUBMRUAACaKjJ2Th6mzCBUCKAJDMywXQEThR64UeuEYGWRhc2hfaDI2NC1iYXNpYy1nZW4yXzcyMHARAHUAZd6oAQA&_nc_gid=fbe-rhCEsPqRV_K1uCjKZg&_nc_ss=7f289&_nc_zt=28&oh=00_AQCS2-2NDXQBE4y7DDlDoqZNNbqry-_6xAM8TW90jUMBLA&oe=6A6754FC,https://scontent.fblr20-3.fna.fbcdn.net/v/t39.35426-6/748639838_2173405566942225_5426974702567990070_n.jpg?_nc_cat=100&ccb=1-7&_nc_sid=c53f8f&_nc_ohc=J__De6OBAGEQ7kNvwFSQ-7U&_nc_oc=Ado2uC0QimR1liEnpMfdEB4zA0zbmPpCDUQscQ2jIPuHmnG-66g9ac_D0z_qAEosruxAEOnfp3HMufYnX5DmCVDb&_nc_zt=14&_nc_ht=scontent.fblr20-3.fna&_nc_gid=fbe-rhCEsPqRV_K1uCjKZg&_nc_ss=7f289&oh=00_AQC28QJ7cm2ZcN_y6rXr4qpPfyqNTTbc65s0ATuhLqHO5g&oe=6A674B7A,2026-07-27T12:54:20.000Z,2026-07-23
27,21,Loora,105478174979714,Loora,,IN,1317685440350002,https://www.facebook.com/ads/library/?id=1317685440350002,2026-07-13,,false,true,2,1,1591492582395926,2026-07-13,,Speak English fluently with your virtual AI English tutor 😎,Best AI English tutor,Install now,http://play.google.com/store/apps/details?id=com.loora.app,"Facebook,Instagram,Audience Network,Messenger,Threads",Speak English fluently with your virtual AI English tutor 😎,Best AI English tutor,Install now,http://play.google.com/store/apps/details?id=com.loora.app,Video,"Facebook,Instagram,Audience Network,Messenger,Threads",1,0,9:16,https://video.fblr20-2.fna.fbcdn.net/o1/v/t2/f2/m366/AQNAt3x6URb525WRz6kd8cyg-1JkpeTeEbU0boRVij508fx6FhKc4Kzql5INdb5L64x426_EMh1v162KwvC_8zOoc0upaT1aYd8cPNRTN80C6A.mp4?_nc_cat=104&_nc_oc=Adq-t3i-t9MW6B9Uq0RQdFHIQ7GuK7Que1hun3aRH_-4K3kyBSdHBxtp9kN6iEGp2LVbnzJsgSEYf8ysQU94P38P&_nc_sid=b66105&_nc_ht=video.fblr20-2.fna.fbcdn.net&_nc_ohc=psncvjnLuMwQ7kNvwFWiKod&efg=eyJ2ZW5jb2RlX3RhZyI6Inhwdl9wcm9ncmVzc2l2ZS5WSV9VU0VDQVNFX1BST0RVQ1RfVFlQRS4uQzMuNzIwLmRhc2hfaDI2NC1iYXNpYy1nZW4yXzcyMHAiLCJ4cHZfYXNzZXRfaWQiOjIzNjQ2NTUzMzQwNDAzMjUsImFzc2V0X2FnZV9kYXlzIjoyNTQsInZpX3VzZWNhc2VfaWQiOjEwNzk5LCJkdXJhdGlvbl9zIjo0MSwidXJsZ2VuX3NvdXJjZSI6Ind3dyJ9&ccb=17-1&vs=12afa8925415ccd1&_nc_vs=HBksFQIYRWZiX2VwaGVtZXJhbC83NzQzNzIzMkM0NTBDRkNEMDIyMzA5N0JFNDZEMDlCN19tdF8xX3ZpZGVvX2Rhc2hpbml0Lm1wNBUAAsgBEgAVAhhAZmJfcGVybWFuZW50LzUwNEM0MkVGNDYzMzMxMTMyQzdCMUNFQjkxQzdCOEE3X2F1ZGlvX2Rhc2hpbml0Lm1wNBUCAsgBEgAoABgAGwKIB3VzZV9vaWwBMRJwcm9ncmVzc2l2ZV9yZWNpcGUBMRUAACaKjJ2Th6mzCBUCKAJDMywXQEThR64UeuEYGWRhc2hfaDI2NC1iYXNpYy1nZW4yXzcyMHARAHUAZd6oAQA&_nc_gid=O_xzSZ2hiygEpbII6qCIWg&_nc_ss=7f289&_nc_zt=28&oh=00_AQCQpvqOEPRVpHpFwnf-CuFGlBZZp-p-KE097Ikwc4eipg&oe=6A6754FC,https://scontent.fblr20-2.fna.fbcdn.net/v/t39.35426-6/746377833_1536212441617456_1749351703080359230_n.jpg?_nc_cat=102&ccb=1-7&_nc_sid=c53f8f&_nc_ohc=Qqh0FNR6HUQQ7kNvwGhwAAg&_nc_oc=AdrweZ8C_SQgFPEgQJfAqIH5PAhqeDdwwRkkkNE1bDQX_tlbeE6xBWqbf7gB0Eb6ovhFkovVajD5OBdUkCGytF-p&_nc_zt=14&_nc_ht=scontent.fblr20-2.fna&_nc_gid=O_xzSZ2hiygEpbII6qCIWg&_nc_ss=7f289&oh=00_AQAnPvF0aAN0_Q3QeUXx1-ns67t49KKoBOIz9fnhCpyJwQ&oe=6A6733AE,2026-07-27T12:54:20.000Z,2026-07-23
28,22,Loora,105478174979714,Loora,,IN,911558108594444,https://www.facebook.com/ads/library/?id=911558108594444,2026-05-17,,false,false,1,0,,2026-05-17,,Don't be shy to speak English! Become a fluent speaker with your AI Tutor 😎,Best AI English tutor,Install now,https://app.appsflyer.com/id1552708303?pid=metaweb_int&c={{campaign.name}}&af_siteid={{site_source_name}}&af_adset={{adset.name}}&af_ad={{ad.name}}&af_c_id={{campaign.id}}&af_adset_id={{adset.id}}&af_ad_id={{ad.id}}&af_click_lookback=7d,"Facebook,Instagram,Audience Network,Messenger,Threads",Don't be shy to speak English! Become a fluent speaker with your AI Tutor 😎,Best AI English tutor,Install now,https://app.appsflyer.com/id1552708303?pid=metaweb_int&c={{campaign.name}}&af_siteid={{site_source_name}}&af_adset={{adset.name}}&af_ad={{ad.name}}&af_c_id={{campaign.id}}&af_adset_id={{adset.id}}&af_ad_id={{ad.id}}&af_click_lookback=7d,Video,"Facebook,Instagram,Audience Network,Messenger,Threads",1,0,9:16,https://video.fblr20-2.fna.fbcdn.net/o1/v/t2/f2/m366/AQNX7fNygeZFv0OtQxDdFFTLvXWo5EaKBCLjmjiR0D9MEr-Vt3Ik14qLal5mNqjBmHgBVvQuqQsr3mVQPxg1qvfshxM1DfyYWrtCQAftEkOK1Q.mp4?_nc_cat=111&_nc_oc=AdrVwRr8XL-6Jxeq52SvoAHst9LJyXZh2ozwdOAJmMA25kFsRrNClAe7yxNGaBDRTvoSj0fblonJNjq_KEbd7dnx&_nc_sid=b66105&_nc_ht=video.fblr20-2.fna.fbcdn.net&_nc_ohc=X_BvQIoMGrMQ7kNvwFy1u7z&efg=eyJ2ZW5jb2RlX3RhZyI6Inhwdl9wcm9ncmVzc2l2ZS5WSV9VU0VDQVNFX1BST0RVQ1RfVFlQRS4uQzMuNzIwLmRhc2hfaDI2NC1iYXNpYy1nZW4yXzcyMHAiLCJ4cHZfYXNzZXRfaWQiOjI1MDI0MTYxMjY4NzgyODEsImFzc2V0X2FnZV9kYXlzIjo2NiwidmlfdXNlY2FzZV9pZCI6MTAxMzksImR1cmF0aW9uX3MiOjY2LCJ1cmxnZW5fc291cmNlIjoid3d3In0%3D&ccb=17-1&vs=c188d4052b46922b&_nc_vs=HBksFQIYRWZiX2VwaGVtZXJhbC8yRTQxMkJBQzIzQzlBOUQwQkRFNzI4OTZCN0I5M0NCNF9tdF8xX3ZpZGVvX2Rhc2hpbml0Lm1wNBUAAsgBEgAVAhhAZmJfcGVybWFuZW50LzBENDBBOTQxRTE0ODNDMUM3RTU2Q0YzQkEyQjg0MUJEX2F1ZGlvX2Rhc2hpbml0Lm1wNBUCAsgBEgAoABgAGwKIB3VzZV9vaWwBMRJwcm9ncmVzc2l2ZV9yZWNpcGUBMRUAACaSiZWF5fvxCBUCKAJDMywXQFC3bItDlYEYGWRhc2hfaDI2NC1iYXNpYy1nZW4yXzcyMHARAHUAZbaeAQA&_nc_gid=fbe-rhCEsPqRV_K1uCjKZg&_nc_ss=7f289&_nc_zt=28&oh=00_AQC7doFGX4XMXDtCrHsihj8BmuPwSBk8wPHWB-MxyrmZmQ&oe=6A672F31,https://scontent.fblr20-5.fna.fbcdn.net/v/t39.35426-6/702179557_1760320832012992_8416461967808721502_n.jpg?_nc_cat=107&ccb=1-7&_nc_sid=c53f8f&_nc_ohc=TsO9iuro5yYQ7kNvwGgJrqm&_nc_oc=Adpp25EK0mthrn6sXyZHX2FXVtZ6YA_DzlSEgUKgyTMOU5m9wGIBe181I6aqSkkGqJ04wI8X6o_3dB7L8QEwjT63&_nc_zt=14&_nc_ht=scontent.fblr20-5.fna&_nc_gid=fbe-rhCEsPqRV_K1uCjKZg&_nc_ss=7f289&oh=00_AQCavz_hbWpzpcQp7WllHig73Ef-3T5EtVTW5aWMdX_-eg&oe=6A67346A,2026-07-27T10:13:05.000Z,2026-07-23
29,23,Loora,105478174979714,Loora,,IN,955592144204810,https://www.facebook.com/ads/library/?id=955592144204810,2026-07-13,,false,true,2,0,955592144204810,2026-07-13,,Speak English fluently with your virtual AI English tutor 😎,Best AI English tutor,Install now,http://play.google.com/store/apps/details?id=com.loora.app,"Facebook,Instagram,Audience Network,Messenger,Threads",Speak English fluently with your virtual AI English tutor 😎,Best AI English tutor,Install now,http://play.google.com/store/apps/details?id=com.loora.app,Video,"Facebook,Instagram,Audience Network,Messenger,Threads",1,0,9:16,https://video.fblr20-4.fna.fbcdn.net/o1/v/t2/f2/m366/AQPWKjNlwJpfCefnEjVYDQTSV5wLmpclLM_w6kSFCkhcTbx_3LSm6fcSGvEB-l4Syig-qqtOsXiNKRX_mycLrr0fq-1kZ6yFwtHQlqPeCM5vwQ.mp4?_nc_cat=106&_nc_oc=AdpMtIbTl0gBanXnrdFZroHAcCNhWBtJ-MYDx6F0FtaHVCoLPzNgAHvQfBHkBzUPggHDT5MVaCe1ematNikWpHND&_nc_sid=b66105&_nc_ht=video.fblr20-4.fna.fbcdn.net&_nc_ohc=_qd-8kyLXfEQ7kNvwEMymuv&efg=eyJ2ZW5jb2RlX3RhZyI6Inhwdl9wcm9ncmVzc2l2ZS5WSV9VU0VDQVNFX1BST0RVQ1RfVFlQRS4uQzMuNzIwLmRhc2hfaDI2NC1iYXNpYy1nZW4yXzcyMHAiLCJ4cHZfYXNzZXRfaWQiOjg1MDAwMjI0MTIwNDAxNCwiYXNzZXRfYWdlX2RheXMiOjE5OCwidmlfdXNlY2FzZV9pZCI6MTA3OTksImR1cmF0aW9uX3MiOjM0LCJ1cmxnZW5fc291cmNlIjoid3d3In0%3D&ccb=17-1&vs=92016a80e4139cff&_nc_vs=HBksFQIYRWZiX2VwaGVtZXJhbC81ODRDQjI3MEFDQTE0NkYwODQzOUREQzcyNDAxMDhCMl9tdF8xX3ZpZGVvX2Rhc2hpbml0Lm1wNBUAAsgBEgAVAhhAZmJfcGVybWFuZW50LzQ0NEJDOEVCQjM4REQzMzI2MTA0Njc2QUQ4MzE0NTlGX2F1ZGlvX2Rhc2hpbml0Lm1wNBUCAsgBEgAoABgAGwKIB3VzZV9vaWwBMRJwcm9ncmVzc2l2ZV9yZWNpcGUBMRUAACbcvKma0sSCAxUCKAJDMywXQEEzMzMzMzMYGWRhc2hfaDI2NC1iYXNpYy1nZW4yXzcyMHARAHUAZd6oAQA&_nc_gid=fbe-rhCEsPqRV_K1uCjKZg&_nc_ss=7f289&_nc_zt=28&oh=00_AQDv7IM02ZaZqpCD3zcuJcAn8wW1fXXi0NTi2rHAb86msQ&oe=6A67223E,https://scontent.fblr20-2.fna.fbcdn.net/v/t39.35426-6/746269749_1796608634653398_6675485302954855291_n.jpg?_nc_cat=111&ccb=1-7&_nc_sid=c53f8f&_nc_ohc=ZiZkYxrwvjgQ7kNvwE2E78n&_nc_oc=AdrQOHyL6YQhkIEVPCQOJCDzOuEvKcsngOHg7lvn32zcX51RHUqVb538XyH9Vwc0C_tf-lDM8K3KnH94ULexwxYz&_nc_zt=14&_nc_ht=scontent.fblr20-2.fna&_nc_gid=fbe-rhCEsPqRV_K1uCjKZg&_nc_ss=7f289&oh=00_AQCNCCP6cd1u1UJ_Z5Wlbui0dghD0rvMeCgYY5zpM_yoFA&oe=6A67402D,2026-07-27T09:17:50.000Z,2026-07-23
30,23,Loora,105478174979714,Loora,,IN,955592144204810,https://www.facebook.com/ads/library/?id=955592144204810,2026-07-13,,false,true,2,1,994994230031623,2026-07-13,,Speak English fluently with your virtual AI English tutor 😎,Best AI English tutor,Install now,http://play.google.com/store/apps/details?id=com.loora.app,"Facebook,Instagram,Audience Network,Messenger,Threads",Speak English fluently with your virtual AI English tutor 😎,Best AI English tutor,Install now,http://play.google.com/store/apps/details?id=com.loora.app,Video,"Facebook,Instagram,Audience Network,Messenger,Threads",1,0,9:16,https://video.fblr20-4.fna.fbcdn.net/o1/v/t2/f2/m366/AQPWKjNlwJpfCefnEjVYDQTSV5wLmpclLM_w6kSFCkhcTbx_3LSm6fcSGvEB-l4Syig-qqtOsXiNKRX_mycLrr0fq-1kZ6yFwtHQlqPeCM5vwQ.mp4?_nc_cat=106&_nc_oc=AdpMtIbTl0gBanXnrdFZroHAcCNhWBtJ-MYDx6F0FtaHVCoLPzNgAHvQfBHkBzUPggHDT5MVaCe1ematNikWpHND&_nc_sid=b66105&_nc_ht=video.fblr20-4.fna.fbcdn.net&_nc_ohc=_qd-8kyLXfEQ7kNvwEMymuv&efg=eyJ2ZW5jb2RlX3RhZyI6Inhwdl9wcm9ncmVzc2l2ZS5WSV9VU0VDQVNFX1BST0RVQ1RfVFlQRS4uQzMuNzIwLmRhc2hfaDI2NC1iYXNpYy1nZW4yXzcyMHAiLCJ4cHZfYXNzZXRfaWQiOjg1MDAwMjI0MTIwNDAxNCwiYXNzZXRfYWdlX2RheXMiOjE5OCwidmlfdXNlY2FzZV9pZCI6MTA3OTksImR1cmF0aW9uX3MiOjM0LCJ1cmxnZW5fc291cmNlIjoid3d3In0%3D&ccb=17-1&vs=92016a80e4139cff&_nc_vs=HBksFQIYRWZiX2VwaGVtZXJhbC81ODRDQjI3MEFDQTE0NkYwODQzOUREQzcyNDAxMDhCMl9tdF8xX3ZpZGVvX2Rhc2hpbml0Lm1wNBUAAsgBEgAVAhhAZmJfcGVybWFuZW50LzQ0NEJDOEVCQjM4REQzMzI2MTA0Njc2QUQ4MzE0NTlGX2F1ZGlvX2Rhc2hpbml0Lm1wNBUCAsgBEgAoABgAGwKIB3VzZV9vaWwBMRJwcm9ncmVzc2l2ZV9yZWNpcGUBMRUAACbcvKma0sSCAxUCKAJDMywXQEEzMzMzMzMYGWRhc2hfaDI2NC1iYXNpYy1nZW4yXzcyMHARAHUAZd6oAQA&_nc_gid=QjupFmpceleH3zvb5FAK1Q&_nc_ss=7f289&_nc_zt=28&oh=00_AQAfqo04-THeAHMPNIFeuKWn_R8tSeQvpjLwU7fC0TgyOg&oe=6A67223E,https://scontent.fblr20-1.fna.fbcdn.net/v/t39.35426-6/746067915_1807644366872270_9104339722892128136_n.jpg?_nc_cat=108&ccb=1-7&_nc_sid=c53f8f&_nc_ohc=a2edQgVXcZsQ7kNvwEAxQYc&_nc_oc=Ado7RsJ6Z8lRDMgP2HaNZn63ZvEj4qW5OwLo0H4wezrTZdIVLTE5-6b5EG9vj8BFn0304oX6xuNf9Rbq7bIoQISb&_nc_zt=14&_nc_ht=scontent.fblr20-1.fna&_nc_gid=QjupFmpceleH3zvb5FAK1Q&_nc_ss=7f289&oh=00_AQCPEBYS9OKey9sgIhRg7RBiFujJjuBfuVIQCeF9hTw70Q&oe=6A6723C5,2026-07-27T09:17:50.000Z,2026-07-23
31,24,Loora,105478174979714,Loora,,IN,1547298730167265,https://www.facebook.com/ads/library/?id=1547298730167265,2026-07-12,,false,false,1,0,,2026-07-12,,Speak English fluently with your virtual AI English tutor 😎,Best AI English tutor,Install now,http://play.google.com/store/apps/details?id=com.loora.app,"Facebook,Instagram,Audience Network,Messenger,Threads",Speak English fluently with your virtual AI English tutor 😎,Best AI English tutor,Install now,http://play.google.com/store/apps/details?id=com.loora.app,Video,"Facebook,Instagram,Audience Network,Messenger,Threads",1,0,9:16,https://video.fblr20-5.fna.fbcdn.net/o1/v/t2/f2/m366/AQPY979OZ6AuRBeTx5e1ZXoJHVOy-t64xfyO5ALzhjxIeSsyUXGGArZ3KlOmtZlkG2MjYgH78Iab9acS2e_DUOmxGyLbjqC5gvSNG_FhEvvDBg.mp4?_nc_cat=107&_nc_oc=AdqJSvWuBiyu1UrdCROI1pow8P_OYaT7935UTLC62Ko2d1z7ZcEpZB_Q4OQVN3dLH-TuhTD1BCv_NstKCY6CX1fa&_nc_sid=b66105&_nc_ht=video.fblr20-5.fna.fbcdn.net&_nc_ohc=9IC3PCN-AVoQ7kNvwHk3h5Q&efg=eyJ2ZW5jb2RlX3RhZyI6Inhwdl9wcm9ncmVzc2l2ZS5WSV9VU0VDQVNFX1BST0RVQ1RfVFlQRS4uQzMuNzIwLmRhc2hfaDI2NC1iYXNpYy1nZW4yXzcyMHAiLCJ4cHZfYXNzZXRfaWQiOjEwMTE4NDIwMDQ3MjYwMTcsImFzc2V0X2FnZV9kYXlzIjoyOCwidmlfdXNlY2FzZV9pZCI6MTAxMzksImR1cmF0aW9uX3MiOjc4LCJ1cmxnZW5fc291cmNlIjoid3d3In0%3D&ccb=17-1&vs=eefeb21114455b59&_nc_vs=HBksFQIYRWZiX2VwaGVtZXJhbC9CODQ2MTY1NzAzRDY0ODM0RTRCMjg2MDQwQTU0Q0I4Rl9tdF8xX3ZpZGVvX2Rhc2hpbml0Lm1wNBUAAsgBEgAVAhhAZmJfcGVybWFuZW50L0QyNDc4MDk5MkI0MEVENzNGODk5QTNBRDAyOTczOTg1X2F1ZGlvX2Rhc2hpbml0Lm1wNBUCAsgBEgAoABgAGwKIB3VzZV9vaWwBMRJwcm9ncmVzc2l2ZV9yZWNpcGUBMRUAACaCxJW0-pDMAxUCKAJDMywXQFOZmZmZmZoYGWRhc2hfaDI2NC1iYXNpYy1nZW4yXzcyMHARAHUAZbaeAQA&_nc_gid=fbe-rhCEsPqRV_K1uCjKZg&_nc_ss=7f289&_nc_zt=28&oh=00_AQDNUyw9pyTDW9FiizcKfG5YhXwDfqLa1GSoUrgWSmslUg&oe=6A672C9D,https://scontent.fblr20-4.fna.fbcdn.net/v/t39.35426-6/746947276_1062861419408970_7336753077440616740_n.jpg?_nc_cat=103&ccb=1-7&_nc_sid=c53f8f&_nc_ohc=7REUrmWiYKIQ7kNvwH4Pzmo&_nc_oc=AdrDlkyeJYwXfbVVqLWdZyyUoViDTzOu_1CsxfZnB9GUzw8ruIOORdtIk3TyJUwqlLPCfpbc6B3xHr_Z6HUVnKzv&_nc_zt=14&_nc_ht=scontent.fblr20-4.fna&_nc_gid=fbe-rhCEsPqRV_K1uCjKZg&_nc_ss=7f289&oh=00_AQBJsK88DmXf_SrPWVlYFstc_rR_eYIXOOkqY-GCtwdDYw&oe=6A673770,2026-07-27T10:02:05.000Z,2026-07-23
32,25,Loora,105478174979714,Loora,,IN,1352044267085103,https://www.facebook.com/ads/library/?id=1352044267085103,2026-07-13,,false,true,2,0,1352044267085103,2026-07-13,,Speak English fluently with your virtual AI English tutor 😎,Best AI English tutor,Install now,http://play.google.com/store/apps/details?id=com.loora.app,"Facebook,Instagram,Audience Network,Messenger,Threads",Speak English fluently with your virtual AI English tutor 😎,Best AI English tutor,Install now,http://play.google.com/store/apps/details?id=com.loora.app,Video,"Facebook,Instagram,Audience Network,Messenger,Threads",1,0,9:16,https://video.fblr20-4.fna.fbcdn.net/o1/v/t2/f2/m366/AQMOXP4qWqbUYy1Al47NfMolXObSs8uKF2Whj4_wHdFlvfYNEaIJ49gBGZ3ipW0m0gAmZCSakxnGZA_gYg6jfampexEG6FKSjWUILsE3ZN8JTg.mp4?_nc_cat=101&_nc_oc=AdrVO6J35HhhRgAT_1o4I_Q3ltOszAva3CaLMG2UT7YTovSoGVMF_CVlrEjh2arZFS2X6xe3D41rSqvzLIKA9rwj&_nc_sid=b66105&_nc_ht=video.fblr20-4.fna.fbcdn.net&_nc_ohc=xldK7MhTSlcQ7kNvwFLwZlx&efg=eyJ2ZW5jb2RlX3RhZyI6Inhwdl9wcm9ncmVzc2l2ZS5WSV9VU0VDQVNFX1BST0RVQ1RfVFlQRS4uQzMuNzIwLmRhc2hfaDI2NC1iYXNpYy1nZW4yXzcyMHAiLCJ4cHZfYXNzZXRfaWQiOjkyNjk4ODE3MzQ3NDExMiwiYXNzZXRfYWdlX2RheXMiOjEwOCwidmlfdXNlY2FzZV9pZCI6MTA3OTksImR1cmF0aW9uX3MiOjQwLCJ1cmxnZW5fc291cmNlIjoid3d3In0%3D&ccb=17-1&vs=bb7bd58dfe5d884b&_nc_vs=HBksFQIYRWZiX2VwaGVtZXJhbC9CQzQ5OTZCQ0U2RTFGRUQzMjBBRENGNDY4MjNDNDk5OV9tdF8xX3ZpZGVvX2Rhc2hpbml0Lm1wNBUAAsgBEgAVAhhAZmJfcGVybWFuZW50L0QxNDFDNzYyMTZFMDBFRkFFNzExQUEwMzdGNUI5M0IyX2F1ZGlvX2Rhc2hpbml0Lm1wNBUCAsgBEgAoABgAGwKIB3VzZV9vaWwBMRJwcm9ncmVzc2l2ZV9yZWNpcGUBMRUAACaA5dOM6MWlAxUCKAJDMywXQER5FocrAgwYGWRhc2hfaDI2NC1iYXNpYy1nZW4yXzcyMHARAHUAZd6oAQA&_nc_gid=fbe-rhCEsPqRV_K1uCjKZg&_nc_ss=7f289&_nc_zt=28&oh=00_AQDL4L1Qon4kT7kyiukI5L_i3JIBKItiBndHsRIDOz7J-Q&oe=6A6743CB,https://scontent.fblr20-2.fna.fbcdn.net/v/t39.35426-6/748016387_886541387349721_6081039777406051960_n.jpg?_nc_cat=104&ccb=1-7&_nc_sid=c53f8f&_nc_ohc=GixyO_QUnbMQ7kNvwG_YM_-&_nc_oc=AdqHzY24Ba3UHtmgR4VylQDfMnLCAqTphMgvJyQvDM7O1LF6fldb8QgxOSsKfm3vSZ9pQXrmFbsqCpxae4XbKm-w&_nc_zt=14&_nc_ht=scontent.fblr20-2.fna&_nc_gid=fbe-rhCEsPqRV_K1uCjKZg&_nc_ss=7f289&oh=00_AQB2OZPYgiy-vnFy6vBLTJCpqMpz6uSlvel4jjJK82AUnQ&oe=6A673B72,2026-07-27T11:40:59.000Z,2026-07-23
33,25,Loora,105478174979714,Loora,,IN,1352044267085103,https://www.facebook.com/ads/library/?id=1352044267085103,2026-07-13,,false,true,2,1,1252837341237633,2026-07-13,,Speak English fluently with your virtual AI English tutor 😎,Best AI English tutor,Install now,http://play.google.com/store/apps/details?id=com.loora.app,"Facebook,Instagram,Audience Network,Messenger,Threads",Speak English fluently with your virtual AI English tutor 😎,Best AI English tutor,Install now,http://play.google.com/store/apps/details?id=com.loora.app,Video,"Facebook,Instagram,Audience Network,Messenger,Threads",1,0,9:16,https://video.fblr20-4.fna.fbcdn.net/o1/v/t2/f2/m366/AQMOXP4qWqbUYy1Al47NfMolXObSs8uKF2Whj4_wHdFlvfYNEaIJ49gBGZ3ipW0m0gAmZCSakxnGZA_gYg6jfampexEG6FKSjWUILsE3ZN8JTg.mp4?_nc_cat=101&_nc_oc=AdrVO6J35HhhRgAT_1o4I_Q3ltOszAva3CaLMG2UT7YTovSoGVMF_CVlrEjh2arZFS2X6xe3D41rSqvzLIKA9rwj&_nc_sid=b66105&_nc_ht=video.fblr20-4.fna.fbcdn.net&_nc_ohc=xldK7MhTSlcQ7kNvwFLwZlx&efg=eyJ2ZW5jb2RlX3RhZyI6Inhwdl9wcm9ncmVzc2l2ZS5WSV9VU0VDQVNFX1BST0RVQ1RfVFlQRS4uQzMuNzIwLmRhc2hfaDI2NC1iYXNpYy1nZW4yXzcyMHAiLCJ4cHZfYXNzZXRfaWQiOjkyNjk4ODE3MzQ3NDExMiwiYXNzZXRfYWdlX2RheXMiOjEwOCwidmlfdXNlY2FzZV9pZCI6MTA3OTksImR1cmF0aW9uX3MiOjQwLCJ1cmxnZW5fc291cmNlIjoid3d3In0%3D&ccb=17-1&vs=bb7bd58dfe5d884b&_nc_vs=HBksFQIYRWZiX2VwaGVtZXJhbC9CQzQ5OTZCQ0U2RTFGRUQzMjBBRENGNDY4MjNDNDk5OV9tdF8xX3ZpZGVvX2Rhc2hpbml0Lm1wNBUAAsgBEgAVAhhAZmJfcGVybWFuZW50L0QxNDFDNzYyMTZFMDBFRkFFNzExQUEwMzdGNUI5M0IyX2F1ZGlvX2Rhc2hpbml0Lm1wNBUCAsgBEgAoABgAGwKIB3VzZV9vaWwBMRJwcm9ncmVzc2l2ZV9yZWNpcGUBMRUAACaA5dOM6MWlAxUCKAJDMywXQER5FocrAgwYGWRhc2hfaDI2NC1iYXNpYy1nZW4yXzcyMHARAHUAZd6oAQA&_nc_gid=QjupFmpceleH3zvb5FAK1Q&_nc_ss=7f289&_nc_zt=28&oh=00_AQC-kCY8qhauaHDzxlVWLWJMb_D99c8l8PnEvHR9RwDNBQ&oe=6A6743CB,https://scontent.fblr20-1.fna.fbcdn.net/v/t39.35426-6/745952740_2952235295159623_1364249647930656029_n.jpg?_nc_cat=108&ccb=1-7&_nc_sid=c53f8f&_nc_ohc=-_gdZZRdimQQ7kNvwE4jKPZ&_nc_oc=Adr5qp6EVlrDQzUT-b8RLonDaO7bMVdMBrFzVEhia7jf8zc7XWWCV1ZXhq0Vo1rv5Uu7GjQd5n98MyQSnbSbs3qT&_nc_zt=14&_nc_ht=scontent.fblr20-1.fna&_nc_gid=QjupFmpceleH3zvb5FAK1Q&_nc_ss=7f289&oh=00_AQASIddOtvaWonk0jCgAUUKresepnSeILvZmj39PG-a9oQ&oe=6A674C40,2026-07-27T11:40:59.000Z,2026-07-23
34,26,Loora,105478174979714,Loora,,IN,1704800317458489,https://www.facebook.com/ads/library/?id=1704800317458489,2026-07-13,,false,false,1,0,,2026-07-13,,Speak English fluently with your virtual AI English tutor 😎,Best AI English tutor,Install now,http://play.google.com/store/apps/details?id=com.loora.app,"Facebook,Instagram,Audience Network,Messenger,Threads",Speak English fluently with your virtual AI English tutor 😎,Best AI English tutor,Install now,http://play.google.com/store/apps/details?id=com.loora.app,Video,"Facebook,Instagram,Audience Network,Messenger,Threads",1,0,9:16,https://video.fblr20-3.fna.fbcdn.net/o1/v/t2/f2/m366/AQMPnwj_9QHCU53Yvyh_aGTf9puujn7Vu0gH-C0fiBFMQ2S3BLxwjlwOnFIa6cuCY5WNRGeKW8NehX75u-7GNuZV4PRazdUc-C4okXQ2KzgBvw.mp4?_nc_cat=109&_nc_oc=AdocHtW4jkCOMd46ptY0pKUhLxmxcVEKdeZAoKDFDufBEbqfh2BfkweuRVgyJm0mD_SwOAmXnM0bocfL_3Rzi_2N&_nc_sid=b66105&_nc_ht=video.fblr20-3.fna.fbcdn.net&_nc_ohc=AiwUp8kC5m8Q7kNvwGsEjFd&efg=eyJ2ZW5jb2RlX3RhZyI6Inhwdl9wcm9ncmVzc2l2ZS5WSV9VU0VDQVNFX1BST0RVQ1RfVFlQRS4uQzMuNzIwLmRhc2hfaDI2NC1iYXNpYy1nZW4yXzcyMHAiLCJ4cHZfYXNzZXRfaWQiOjEyMDA3NDQ5OTU1NjUyNDUsImFzc2V0X2FnZV9kYXlzIjoxNzUsInZpX3VzZWNhc2VfaWQiOjEwNzk5LCJkdXJhdGlvbl9zIjo2OSwidXJsZ2VuX3NvdXJjZSI6Ind3dyJ9&ccb=17-1&vs=66810b151a118b1f&_nc_vs=HBksFQIYRWZiX2VwaGVtZXJhbC8xMzRBMkY0NjlENkM1QzJENDM5QUIwODZFNkEwRDVBN19tdF8xX3ZpZGVvX2Rhc2hpbml0Lm1wNBUAAsgBEgAVAhhAZmJfcGVybWFuZW50Lzc0NEYyOTgxNTY1MzYwQUUwMEUwN0EwQzc1RjExQTlDX2F1ZGlvX2Rhc2hpbml0Lm1wNBUCAsgBEgAoABgAGwKIB3VzZV9vaWwBMRJwcm9ncmVzc2l2ZV9yZWNpcGUBMRUAACb6uumux4SiBBUCKAJDMywXQFFszMzMzM0YGWRhc2hfaDI2NC1iYXNpYy1nZW4yXzcyMHARAHUAZd6oAQA&_nc_gid=fbe-rhCEsPqRV_K1uCjKZg&_nc_ss=7f289&_nc_zt=28&oh=00_AQCjm2j233kXvIU5dS126NSzsapKdTNNaT7t0HS-bWLZGg&oe=6A673893,https://scontent.fblr20-3.fna.fbcdn.net/v/t39.35426-6/746508620_1590970726058476_7996628819618315437_n.jpg?_nc_cat=109&ccb=1-7&_nc_sid=c53f8f&_nc_ohc=3CgXYdCH2nwQ7kNvwFFCseW&_nc_oc=AdoHS9yLZdNlLFrAYwMDgxJO7rJK9QF8RxXzS9oumCJ_VRMaNX9mWrr-MiokPdBQQOQTovOUgmqzSemSxNBAecAK&_nc_zt=14&_nc_ht=scontent.fblr20-3.fna&_nc_gid=fbe-rhCEsPqRV_K1uCjKZg&_nc_ss=7f289&oh=00_AQDoNVUADTO96_Nz7gM5yFAYI16riAMxV24GW6WLgXMuzA&oe=6A67255A,2026-07-27T10:53:07.000Z,2026-07-23
35,27,Loora,105478174979714,Loora,,IN,1651325459631448,https://www.facebook.com/ads/library/?id=1651325459631448,2026-05-09,,false,false,1,0,,2026-05-09,,Don't be shy to speak English! Become a fluent speaker with your AI Tutor 😎,Best AI English tutor,Install now,https://app.appsflyer.com/id1552708303?pid=metaweb_int&c={{campaign.name}}&af_siteid={{site_source_name}}&af_adset={{adset.name}}&af_ad={{ad.name}}&af_c_id={{campaign.id}}&af_adset_id={{adset.id}}&af_ad_id={{ad.id}}&af_click_lookback=7d,"Facebook,Instagram,Audience Network,Messenger,Threads",Don't be shy to speak English! Become a fluent speaker with your AI Tutor 😎,Best AI English tutor,Install now,https://app.appsflyer.com/id1552708303?pid=metaweb_int&c={{campaign.name}}&af_siteid={{site_source_name}}&af_adset={{adset.name}}&af_ad={{ad.name}}&af_c_id={{campaign.id}}&af_adset_id={{adset.id}}&af_ad_id={{ad.id}}&af_click_lookback=7d,Video,"Facebook,Instagram,Audience Network,Messenger,Threads",1,0,9:16,https://video.fblr20-4.fna.fbcdn.net/o1/v/t2/f2/m366/AQP28li60zD-LiJsH-HoI5MQTOfXEs-d-BUYQOa3TcW-y0UXBm_rIpPggzRYbo3cER9amTOIr9vSugl62ouaGptUsJbUHNGHIz7EKbMa7UL_oQ.mp4?_nc_cat=106&_nc_oc=AdqN25iWSgpYgZGcLF0Py0sjaIPe7jIyE8cYlGNtVtmkKYGVQeWsWpa3HcRVzmK7plSipfBFPxAqhU4pG3r_WzYX&_nc_sid=b66105&_nc_ht=video.fblr20-4.fna.fbcdn.net&_nc_ohc=TB7er3BiAfUQ7kNvwHO2RBP&efg=eyJ2ZW5jb2RlX3RhZyI6Inhwdl9wcm9ncmVzc2l2ZS5WSV9VU0VDQVNFX1BST0RVQ1RfVFlQRS4uQzMuNzIwLmRhc2hfaDI2NC1iYXNpYy1nZW4yXzcyMHAiLCJ4cHZfYXNzZXRfaWQiOjE0NDI1OTU0MjQxMTQ4OTEsImFzc2V0X2FnZV9kYXlzIjoyMTIsInZpX3VzZWNhc2VfaWQiOjEwNzk5LCJkdXJhdGlvbl9zIjo0MSwidXJsZ2VuX3NvdXJjZSI6Ind3dyJ9&ccb=17-1&vs=dcdd9aa9672aebbe&_nc_vs=HBksFQIYRWZiX2VwaGVtZXJhbC9CQzRENUQ3MDlGQzk4NEM0MTI3RURBNEM5MUM3NkM5Rl9tdF8xX3ZpZGVvX2Rhc2hpbml0Lm1wNBUAAsgBEgAVAhhAZmJfcGVybWFuZW50LzcwNEI4NjdGRjA4OTE4NTM0Q0Q5NzdCRjg4NEEyMkJFX2F1ZGlvX2Rhc2hpbml0Lm1wNBUCAsgBEgAoABgAGwKIB3VzZV9vaWwBMRJwcm9ncmVzc2l2ZV9yZWNpcGUBMRUAACaW4_i8jYKQBRUCKAJDMywXQEThR64UeuEYGWRhc2hfaDI2NC1iYXNpYy1nZW4yXzcyMHARAHUAZd6oAQA&_nc_gid=fbe-rhCEsPqRV_K1uCjKZg&_nc_ss=7f289&_nc_zt=28&oh=00_AQAcjM5EoKgi4bxCGKlqR4ADjQHR4bPq7_aWNBPhXTb7QQ&oe=6A67493A,https://scontent.fblr20-5.fna.fbcdn.net/v/t39.35426-6/695867436_1475397183469311_9070099148513095368_n.jpg?_nc_cat=107&ccb=1-7&_nc_sid=c53f8f&_nc_ohc=-kWeUC1dsicQ7kNvwGIvP5Z&_nc_oc=AdqjfZ_3vQX4VhNbWyGmQ4EukcW14OWOguZYOwEA2E4HHCyEvcdHqIJWUTLI2CDIqy_WizzaS2dVye-oouNwaHcK&_nc_zt=14&_nc_ht=scontent.fblr20-5.fna&_nc_gid=fbe-rhCEsPqRV_K1uCjKZg&_nc_ss=7f289&oh=00_AQDkkQOoJ9d0ymbrY9LdOL_Vbw0zPTA5FFVIRj646J7M5A&oe=6A6743E1,2026-07-27T12:04:10.000Z,2026-07-23
36,28,Loora,105478174979714,Loora,,IN,975194242006056,https://www.facebook.com/ads/library/?id=975194242006056,2026-06-16,,false,false,1,0,,2026-06-16,,"Want to speak English fluently?
Meet Loora 👋 your own virtual English tutor.

✔️ Express yourself freely.
✔️ Talk about your interests - from pop culture to quantum mechanics... 
✔️ Perfect your accent.
✔️ Learn new words every day.
✔️ Build your confidence.

Take your English to the next level, get Loora TODAY >>",Best AI English tutor,Download,https://app.appsflyer.com/id1552708303?pid=metaweb_int&c= {{campaign.name}}&af_siteid={{site_source_name}}&af_adset={{adset.name}}&af_ad={{ad.name}}&af_c_id={{campaign.id}}&af_adset_id={{adset.id}}&af_ad_id={{ad.id}}&af_click_lookback=7d,"Facebook,Instagram,Audience Network,Messenger,Threads","Want to speak English fluently?
Meet Loora 👋 your own virtual English tutor.

✔️ Express yourself freely.
✔️ Talk about your interests - from pop culture to quantum mechanics... 
✔️ Perfect your accent.
✔️ Learn new words every day.
✔️ Build your confidence.

Take your English to the next level, get Loora TODAY >>",Best AI English tutor,Download,https://app.appsflyer.com/id1552708303?pid=metaweb_int&c= {{campaign.name}}&af_siteid={{site_source_name}}&af_adset={{adset.name}}&af_ad={{ad.name}}&af_c_id={{campaign.id}}&af_adset_id={{adset.id}}&af_ad_id={{ad.id}}&af_click_lookback=7d,Video,"Facebook,Instagram,Audience Network,Messenger,Threads",1,0,9:16,https://video.fblr20-3.fna.fbcdn.net/o1/v/t2/f2/m366/AQOZKa-UdcJkeYdaVveg37ERV6vptNm4yfuutYqe-JzAHjKEEI3xNZtj2wvMvjHQRb1ejSc8ztjse2CXwVaSRSrUIxndi-fe_PxBMR7QaKSG8w.mp4?_nc_cat=109&_nc_oc=AdrFkQSxkXq87gXrOciE8ke_d1fRfB85ISVbOBJyTiV6-G56Ryhucmge-Y5gTF6VD8fKsQkFbI-nvdgbSIlbWcso&_nc_sid=b66105&_nc_ht=video.fblr20-3.fna.fbcdn.net&_nc_ohc=Ifn0C6w0oTQQ7kNvwF_H73e&efg=eyJ2ZW5jb2RlX3RhZyI6Inhwdl9wcm9ncmVzc2l2ZS5WSV9VU0VDQVNFX1BST0RVQ1RfVFlQRS4uQzMuNzIwLmRhc2hfaDI2NC1iYXNpYy1nZW4yXzcyMHAiLCJ4cHZfYXNzZXRfaWQiOjMwMDY2NTA0NzYxNzM1ODgsImFzc2V0X2FnZV9kYXlzIjoyMDYsInZpX3VzZWNhc2VfaWQiOjEwNzk5LCJkdXJhdGlvbl9zIjozNSwidXJsZ2VuX3NvdXJjZSI6Ind3dyJ9&ccb=17-1&vs=2e9ab0f697117907&_nc_vs=HBksFQIYRWZiX2VwaGVtZXJhbC81MDQ0ODE1QTlGREREMkJDOTdGODhCRDA3QkQ4Qjc4OV9tdF8xX3ZpZGVvX2Rhc2hpbml0Lm1wNBUAAsgBEgAVAhhAZmJfcGVybWFuZW50LzMxNDIyRDEwOUQ3NDU3M0MyMzVGRUMzRkRFRjY0QThGX2F1ZGlvX2Rhc2hpbml0Lm1wNBUCAsgBEgAoABgAGwKIB3VzZV9vaWwBMRJwcm9ncmVzc2l2ZV9yZWNpcGUBMRUAACao5MTZi6LXChUCKAJDMywXQEGuFHrhR64YGWRhc2hfaDI2NC1iYXNpYy1nZW4yXzcyMHARAHUAZd6oAQA&_nc_gid=fbe-rhCEsPqRV_K1uCjKZg&_nc_ss=7f289&_nc_zt=28&oh=00_AQCw1VhKCCshgxHWnlDVj4vaG9SaS6Zjuo584zHIn1GZ6w&oe=6A672C8F,https://scontent.fblr20-3.fna.fbcdn.net/v/t39.35426-6/726470847_1321440353293714_945712955827835688_n.jpg?_nc_cat=109&ccb=1-7&_nc_sid=c53f8f&_nc_ohc=3qjcN6PsSx0Q7kNvwHTGnzm&_nc_oc=AdonoIkpBQtyugxneGxLQNkfOmxuJiU58tMi3-5tQ7XfrdP4yiA_eds-p9sWO5IehfKQC2T5WEsfFO5lV2AEqDVX&_nc_zt=14&_nc_ht=scontent.fblr20-3.fna&_nc_gid=fbe-rhCEsPqRV_K1uCjKZg&_nc_ss=7f289&oh=00_AQCb2s16VPMD4rzVe7Mgp5V9h9Epg4w4hlkgaMtU4dVrpw&oe=6A672F0D,2026-07-27T10:01:51.000Z,2026-07-23
37,29,Loora,105478174979714,Loora,,IN,2257110451487366,https://www.facebook.com/ads/library/?id=2257110451487366,2026-05-09,,false,false,1,0,,2026-05-09,,Don't be shy to speak English! Become a fluent speaker with your AI Tutor 😎,Best AI English tutor,Install now,https://app.appsflyer.com/id1552708303?pid=metaweb_int&c={{campaign.name}}&af_siteid={{site_source_name}}&af_adset={{adset.name}}&af_ad={{ad.name}}&af_c_id={{campaign.id}}&af_adset_id={{adset.id}}&af_ad_id={{ad.id}}&af_click_lookback=7d,"Facebook,Instagram,Audience Network,Messenger,Threads",Don't be shy to speak English! Become a fluent speaker with your AI Tutor 😎,Best AI English tutor,Install now,https://app.appsflyer.com/id1552708303?pid=metaweb_int&c={{campaign.name}}&af_siteid={{site_source_name}}&af_adset={{adset.name}}&af_ad={{ad.name}}&af_c_id={{campaign.id}}&af_adset_id={{adset.id}}&af_ad_id={{ad.id}}&af_click_lookback=7d,Video,"Facebook,Instagram,Audience Network,Messenger,Threads",1,0,9:16,https://video.fblr20-4.fna.fbcdn.net/o1/v/t2/f2/m366/AQNmYE2ibl8YEqFJoKBUDLzXFXIkyxCCsHiLptdmTb7pYz-tDz7mfL9_nBAjA7QjQwAJHKt21he2zyLuz1g5BNaIgSM0ltT_pyod-PMA7oJ3tQ.mp4?_nc_cat=101&_nc_oc=AdrvMd67VN0fk6PvG2EqW-Q2NPLxqDnwZgi18cIKPYnGsclL8-NXzfQKzsZYTtGnSHnqqTnPzBL0XWLEZQ_970Fj&_nc_sid=b66105&_nc_ht=video.fblr20-4.fna.fbcdn.net&_nc_ohc=pptriNvDR1YQ7kNvwFA8TmI&efg=eyJ2ZW5jb2RlX3RhZyI6Inhwdl9wcm9ncmVzc2l2ZS5WSV9VU0VDQVNFX1BST0RVQ1RfVFlQRS4uQzMuNzIwLmRhc2hfaDI2NC1iYXNpYy1nZW4yXzcyMHAiLCJ4cHZfYXNzZXRfaWQiOjIwNDk1NjQyNzIzMDExMTUsImFzc2V0X2FnZV9kYXlzIjo4NSwidmlfdXNlY2FzZV9pZCI6MTAxMzksImR1cmF0aW9uX3MiOjM0LCJ1cmxnZW5fc291cmNlIjoid3d3In0%3D&ccb=17-1&vs=1baf4c99712f4a2b&_nc_vs=HBksFQIYRWZiX2VwaGVtZXJhbC8xNzQ4NTU2RjI3QkY2NDlENTIyRTFFRjNCREU1MjNCRV9tdF8xX3ZpZGVvX2Rhc2hpbml0Lm1wNBUAAsgBEgAVAhhAZmJfcGVybWFuZW50LzYwNDMwOTk4QjM5MDQ2QzRFM0ZBMkY4RDJDMkU2QkIwX2F1ZGlvX2Rhc2hpbml0Lm1wNBUCAsgBEgAoABgAGwKIB3VzZV9vaWwBMRJwcm9ncmVzc2l2ZV9yZWNpcGUBMRUAACb20Kjmq4SkBxUCKAJDMywXQEEzMzMzMzMYGWRhc2hfaDI2NC1iYXNpYy1nZW4yXzcyMHARAHUAZbaeAQA&_nc_gid=QjupFmpceleH3zvb5FAK1Q&_nc_ss=7f289&_nc_zt=28&oh=00_AQDVFvF2ucG8VKMXsjzhY8hTafdtbs3yyLUIVIFOskS6mA&oe=6A671F83,https://scontent.fblr20-4.fna.fbcdn.net/v/t39.35426-6/694021608_2071863633752914_7896558376467045065_n.jpg?_nc_cat=101&ccb=1-7&_nc_sid=c53f8f&_nc_ohc=RUVHISjZ7sQQ7kNvwGvxP_d&_nc_oc=AdoHOk1-VTYCqM5KViK2qbgZG2h8GC_ayKH7-bN_5UgKMUTFyEvp86yUrkSOtl4_i68UeS8K5zrjNifPyJMkTqEz&_nc_zt=14&_nc_ht=scontent.fblr20-4.fna&_nc_gid=QjupFmpceleH3zvb5FAK1Q&_nc_ss=7f289&oh=00_AQCTDRT4t3PgT6z_-FAQAv23XQ7582KwWhHncAfyTzVnTw&oe=6A672408,2026-07-27T09:06:11.000Z,2026-07-23
38,30,Loora,105478174979714,Loora,,IN,1027598446793749,https://www.facebook.com/ads/library/?id=1027598446793749,2026-07-13,,false,true,2,0,1027598446793749,2026-07-13,,Speak English fluently with your virtual AI English tutor 😎,Best AI English tutor,Install now,http://play.google.com/store/apps/details?id=com.loora.app,"Facebook,Instagram,Audience Network,Messenger,Threads",Speak English fluently with your virtual AI English tutor 😎,Best AI English tutor,Install now,http://play.google.com/store/apps/details?id=com.loora.app,Video,"Facebook,Instagram,Audience Network,Messenger,Threads",1,0,9:16,https://video.fblr20-2.fna.fbcdn.net/o1/v/t2/f2/m366/AQMBLUuNbSBFyfSof_S9vs3-nvp1FIfOIFNleKe9D3pDWdjDVa-Z_axGlXL7maLny1AWQ3Ds4-lo4pEoZn2IaJiR86izrbdbPtQXcwXRL6ydYA.mp4?_nc_cat=102&_nc_oc=AdqJto9q3Tefa2FLbesVWh50BrggvMY5lg3buyNEhXQhOtH13S6DWCjJP5Qs9LTmfuseme3iMaJAKABj4trFq7oB&_nc_sid=b66105&_nc_ht=video.fblr20-2.fna.fbcdn.net&_nc_ohc=iJcqOWR4uuUQ7kNvwGuUyDR&efg=eyJ2ZW5jb2RlX3RhZyI6Inhwdl9wcm9ncmVzc2l2ZS5WSV9VU0VDQVNFX1BST0RVQ1RfVFlQRS4uQzMuNzIwLmRhc2hfaDI2NC1iYXNpYy1nZW4yXzcyMHAiLCJ4cHZfYXNzZXRfaWQiOjQzMDYzODUyMzMwMTQ2NzYsImFzc2V0X2FnZV9kYXlzIjoxNjgsInZpX3VzZWNhc2VfaWQiOjEwNzk5LCJkdXJhdGlvbl9zIjo1NSwidXJsZ2VuX3NvdXJjZSI6Ind3dyJ9&ccb=17-1&vs=39fc09e6786e51af&_nc_vs=HBksFQIYRWZiX2VwaGVtZXJhbC82ODQyMzE2OEM1QkMyM0FDM0U0MEQ0QUFDQkFBMUI5NV9tdF8xX3ZpZGVvX2Rhc2hpbml0Lm1wNBUAAsgBEgAVAhhAZmJfcGVybWFuZW50LzQ5NDFFNzQxNjU1MDQ1QUI0RDU4RTkyMzczNDAxNTk3X2F1ZGlvX2Rhc2hpbml0Lm1wNBUCAsgBEgAoABgAGwKIB3VzZV9vaWwBMRJwcm9ncmVzc2l2ZV9yZWNpcGUBMRUAACaovqOhzqimDxUCKAJDMywXQEuFHrhR64UYGWRhc2hfaDI2NC1iYXNpYy1nZW4yXzcyMHARAHUAZd6oAQA&_nc_gid=QjupFmpceleH3zvb5FAK1Q&_nc_ss=7f289&_nc_zt=28&oh=00_AQCd2yd3uWxZx_zFbNNcFHjWqvCIqihClWQNZ5gUZ52Vsg&oe=6A6749EE,https://scontent.fblr20-1.fna.fbcdn.net/v/t39.35426-6/747674573_1334858681581154_5380924659527165475_n.jpg?_nc_cat=108&ccb=1-7&_nc_sid=c53f8f&_nc_ohc=937Jr7ttX3MQ7kNvwEgLvv2&_nc_oc=Adoa2cPCQyOvPhbRDzFrCtsL93Rd8U-XPqaciP4WSnmbs9t-BCf8YpLwJhzFFYI5y_xBXWPh0AssGw_N_O4irj4H&_nc_zt=14&_nc_ht=scontent.fblr20-1.fna&_nc_gid=QjupFmpceleH3zvb5FAK1Q&_nc_ss=7f289&oh=00_AQAGp8KPa94rMGMRKFxs8Lp5iXNGGHiw2UR1Ihw7xR_Kqw&oe=6A672B43,2026-07-27T12:07:10.000Z,2026-07-23
39,30,Loora,105478174979714,Loora,,IN,1027598446793749,https://www.facebook.com/ads/library/?id=1027598446793749,2026-07-13,,false,true,2,1,1284740796865133,2026-07-13,,Speak English fluently with your virtual AI English tutor 😎,Best AI English tutor,Install now,http://play.google.com/store/apps/details?id=com.loora.app,"Facebook,Instagram,Audience Network,Messenger,Threads",Speak English fluently with your virtual AI English tutor 😎,Best AI English tutor,Install now,http://play.google.com/store/apps/details?id=com.loora.app,Video,"Facebook,Instagram,Audience Network,Messenger,Threads",1,0,9:16,https://video.fblr20-2.fna.fbcdn.net/o1/v/t2/f2/m366/AQMBLUuNbSBFyfSof_S9vs3-nvp1FIfOIFNleKe9D3pDWdjDVa-Z_axGlXL7maLny1AWQ3Ds4-lo4pEoZn2IaJiR86izrbdbPtQXcwXRL6ydYA.mp4?_nc_cat=102&_nc_oc=AdqJto9q3Tefa2FLbesVWh50BrggvMY5lg3buyNEhXQhOtH13S6DWCjJP5Qs9LTmfuseme3iMaJAKABj4trFq7oB&_nc_sid=b66105&_nc_ht=video.fblr20-2.fna.fbcdn.net&_nc_ohc=iJcqOWR4uuUQ7kNvwGuUyDR&efg=eyJ2ZW5jb2RlX3RhZyI6Inhwdl9wcm9ncmVzc2l2ZS5WSV9VU0VDQVNFX1BST0RVQ1RfVFlQRS4uQzMuNzIwLmRhc2hfaDI2NC1iYXNpYy1nZW4yXzcyMHAiLCJ4cHZfYXNzZXRfaWQiOjQzMDYzODUyMzMwMTQ2NzYsImFzc2V0X2FnZV9kYXlzIjoxNjgsInZpX3VzZWNhc2VfaWQiOjEwNzk5LCJkdXJhdGlvbl9zIjo1NSwidXJsZ2VuX3NvdXJjZSI6Ind3dyJ9&ccb=17-1&vs=39fc09e6786e51af&_nc_vs=HBksFQIYRWZiX2VwaGVtZXJhbC82ODQyMzE2OEM1QkMyM0FDM0U0MEQ0QUFDQkFBMUI5NV9tdF8xX3ZpZGVvX2Rhc2hpbml0Lm1wNBUAAsgBEgAVAhhAZmJfcGVybWFuZW50LzQ5NDFFNzQxNjU1MDQ1QUI0RDU4RTkyMzczNDAxNTk3X2F1ZGlvX2Rhc2hpbml0Lm1wNBUCAsgBEgAoABgAGwKIB3VzZV9vaWwBMRJwcm9ncmVzc2l2ZV9yZWNpcGUBMRUAACaovqOhzqimDxUCKAJDMywXQEuFHrhR64UYGWRhc2hfaDI2NC1iYXNpYy1nZW4yXzcyMHARAHUAZd6oAQA&_nc_gid=Om7i8Jt9CYDta0wcQeed6Q&_nc_ss=7f289&_nc_zt=28&oh=00_AQCzjZcHRv5vgRr-s8RIXltlKz3otG_GrWEW0kowhm2IiQ&oe=6A6749EE,https://scontent.fblr20-1.fna.fbcdn.net/v/t39.35426-6/748026283_1807652406719358_7371892569248544170_n.jpg?_nc_cat=108&ccb=1-7&_nc_sid=c53f8f&_nc_ohc=479RenYaryQQ7kNvwECkiza&_nc_oc=Adr8K2TIFUMmjNAbRTGazoqsqKwfZZM-mHTBbw_M6LF-90k3uylFHp7hIW-Pupc4Z_TZ9wbdXlAcB3ELyxQbYN_K&_nc_zt=14&_nc_ht=scontent.fblr20-1.fna&_nc_gid=Om7i8Jt9CYDta0wcQeed6Q&_nc_ss=7f289&oh=00_AQD4pYXilArK_9ZiQBoCuKTzbs7YNWyFTUdUcH_B0GW8bw&oe=6A674A2B,2026-07-27T12:07:10.000Z,2026-07-23
40,31,Loora,105478174979714,Loora,,IN,2121429988723554,https://www.facebook.com/ads/library/?id=2121429988723554,2026-07-13,,false,false,1,0,,2026-07-13,,Speak English fluently with your virtual AI English tutor 😎,Best AI English tutor,Install now,http://play.google.com/store/apps/details?id=com.loora.app,"Facebook,Instagram,Audience Network,Messenger,Threads",Speak English fluently with your virtual AI English tutor 😎,Best AI English tutor,Install now,http://play.google.com/store/apps/details?id=com.loora.app,Video,"Facebook,Instagram,Audience Network,Messenger,Threads",1,0,9:16,https://video.fblr20-3.fna.fbcdn.net/o1/v/t2/f2/m366/AQPPZ8hS6ToVJkwFmjLOom4qVjKnW4Wvq9NCC-NxF6Hm8t-p5rMdfUO9BkNCHtsbo43m33jczbLEzyWWGDpXXplVPw9bQwZF0YQe2scWJNrSKg.mp4?_nc_cat=100&_nc_oc=AdqrOnW0TvbHJNsw-cJPcS-_SRd-amSv9YXQYWWT9zHyrfDeGIXjj6rkItHsLB_vqDieYw-8WBZAZnZg9nWgnAoJ&_nc_sid=b66105&_nc_ht=video.fblr20-3.fna.fbcdn.net&_nc_ohc=KFkPXHBXxjUQ7kNvwHEfJ95&efg=eyJ2ZW5jb2RlX3RhZyI6Inhwdl9wcm9ncmVzc2l2ZS5WSV9VU0VDQVNFX1BST0RVQ1RfVFlQRS4uQzMuNzIwLmRhc2hfaDI2NC1iYXNpYy1nZW4yXzcyMHAiLCJ4cHZfYXNzZXRfaWQiOjkzMDEzNzQ1OTM2MjA0MCwiYXNzZXRfYWdlX2RheXMiOjE0MiwidmlfdXNlY2FzZV9pZCI6MTA3OTksImR1cmF0aW9uX3MiOjQxLCJ1cmxnZW5fc291cmNlIjoid3d3In0%3D&ccb=17-1&vs=34c565f53ebf3428&_nc_vs=HBksFQIYRWZiX2VwaGVtZXJhbC8wRTRDRjE5NURCOEY4RTI1NDlDRkExRkUxMjQzNDVBRF9tdF8xX3ZpZGVvX2Rhc2hpbml0Lm1wNBUAAsgBEgAVAhhAZmJfcGVybWFuZW50L0I1NDdBMjA2OUI3NUU5QTQ4NDdERkQwM0E4QkMzN0JEX2F1ZGlvX2Rhc2hpbml0Lm1wNBUCAsgBEgAoABgAGwKIB3VzZV9vaWwBMRJwcm9ncmVzc2l2ZV9yZWNpcGUBMRUAACbwo9yNkP2mAxUCKAJDMywXQETW6XjU_fQYGWRhc2hfaDI2NC1iYXNpYy1nZW4yXzcyMHARAHUAZd6oAQA&_nc_gid=QjupFmpceleH3zvb5FAK1Q&_nc_ss=7f289&_nc_zt=28&oh=00_AQCC4iANv4sFr3bI5dSbJwfufMa4iyvArYB2XtEOGT4oZg&oe=6A672314,https://scontent.fblr20-4.fna.fbcdn.net/v/t39.35426-6/747799780_1676260573442866_1575397441351740060_n.jpg?_nc_cat=106&ccb=1-7&_nc_sid=c53f8f&_nc_ohc=jFpPkeHqwTUQ7kNvwF-7VXT&_nc_oc=AdrW8Xeyw_1GFQmUuIoVc0UsDmvoxJNoIRqkoMfSnzMqjPUeHO--QBc_9SGcnjVCcyuT5GpCEY3fHBwlGlhltpdr&_nc_zt=14&_nc_ht=scontent.fblr20-4.fna&_nc_gid=QjupFmpceleH3zvb5FAK1Q&_nc_ss=7f289&oh=00_AQDpr6Cfck23PUtvx5dQRVbAp6z8_Y06Elwqou2VLZC5jQ&oe=6A6739CD,2026-07-27T09:21:24.000Z,2026-07-23
41,32,Loora,105478174979714,Loora,,IN,1011334801882877,https://www.facebook.com/ads/library/?id=1011334801882877,2026-07-13,,false,false,1,0,,2026-07-13,,Speak English fluently with your virtual AI English tutor 😎,Best AI English tutor,Install now,http://play.google.com/store/apps/details?id=com.loora.app,"Facebook,Instagram,Audience Network,Messenger,Threads",Speak English fluently with your virtual AI English tutor 😎,Best AI English tutor,Install now,http://play.google.com/store/apps/details?id=com.loora.app,Video,"Facebook,Instagram,Audience Network,Messenger,Threads",1,0,9:16,https://video.fblr20-3.fna.fbcdn.net/o1/v/t2/f2/m366/AQPnP2hE_b6I5iiFjt5A3UFBFewiZbRK3fACebYtMdPnhnXi_ERfwJm9bAqEagnYvi3zq9iWXRTOhmq-3s76syHxfOOEA7ZdAhqFAW0HbqmYzw.mp4?_nc_cat=109&_nc_oc=AdpSLK2wW35gWPp0vX0BdDlI5Ch6zKWSYPkNTcioSkJmb6T89UE9T5ZdvmFdDOOftuVuW8W7ciQPi3ciKRy4kXTB&_nc_sid=b66105&_nc_ht=video.fblr20-3.fna.fbcdn.net&_nc_ohc=XFc7iEJPYwoQ7kNvwG8KePC&efg=eyJ2ZW5jb2RlX3RhZyI6Inhwdl9wcm9ncmVzc2l2ZS5WSV9VU0VDQVNFX1BST0RVQ1RfVFlQRS4uQzMuNzIwLmRhc2hfaDI2NC1iYXNpYy1nZW4yXzcyMHAiLCJ4cHZfYXNzZXRfaWQiOjY5NjA2NTQ0MzYwMTkxOSwiYXNzZXRfYWdlX2RheXMiOjM2LCJ2aV91c2VjYXNlX2lkIjoxMDEzOSwiZHVyYXRpb25fcyI6NDIsInVybGdlbl9zb3VyY2UiOiJ3d3cifQ%3D%3D&ccb=17-1&vs=7a7e9003135e1f78&_nc_vs=HBksFQIYRWZiX2VwaGVtZXJhbC83ODQ1MUREODEzOEM0NDVDNkE5RDhCQjg1REE1QzA4NF9tdF8xX3ZpZGVvX2Rhc2hpbml0Lm1wNBUAAsgBEgAVAhhAZmJfcGVybWFuZW50LzRGNDEyRjU4MTlEMkU2MzA2M0E0N0FGNjVDRTA1OTg0X2F1ZGlvX2Rhc2hpbml0Lm1wNBUCAsgBEgAoABgAGwKIB3VzZV9vaWwBMRJwcm9ncmVzc2l2ZV9yZWNpcGUBMRUAACb-94zYq8S8AhUCKAJDMywXQEVIcrAgxJwYGWRhc2hfaDI2NC1iYXNpYy1nZW4yXzcyMHARAHUAZbaeAQA&_nc_gid=QjupFmpceleH3zvb5FAK1Q&_nc_ss=7f289&_nc_zt=28&oh=00_AQBPzObZM48pkpPwNhPcPWvR_PthOOjCmPx-xaRFbTW7MQ&oe=6A672A0F,https://scontent.fblr20-2.fna.fbcdn.net/v/t39.35426-6/748096764_1245335208655172_1331284699359227035_n.jpg?_nc_cat=111&ccb=1-7&_nc_sid=c53f8f&_nc_ohc=8f-R94WhQvwQ7kNvwEbfXyW&_nc_oc=Adqum_Ul7waMyt5GKhSmL9QlaNjuJqPcQi4gwpEvwMYrplBOXaG2QBsZAI4_KJQmlD369XmFjf95jVn534C-3t-O&_nc_zt=14&_nc_ht=scontent.fblr20-2.fna&_nc_gid=QjupFmpceleH3zvb5FAK1Q&_nc_ss=7f289&oh=00_AQDumhlyrxRVi1AevaaEDzX5dgHcPuQx7BBNTjqWq8NThg&oe=6A675274,2026-07-27T09:51:11.000Z,2026-07-23
42,33,Loora,105478174979714,Loora,,IN,870914545699672,https://www.facebook.com/ads/library/?id=870914545699672,2026-07-13,,false,true,2,0,870914545699672,2026-07-13,,Speak English fluently with your virtual AI English tutor 😎,Best AI English tutor,Install now,http://play.google.com/store/apps/details?id=com.loora.app,"Facebook,Instagram,Audience Network,Messenger,Threads",Speak English fluently with your virtual AI English tutor 😎,Best AI English tutor,Install now,http://play.google.com/store/apps/details?id=com.loora.app,Video,"Facebook,Instagram,Audience Network,Messenger,Threads",1,0,9:16,https://video.fblr20-2.fna.fbcdn.net/o1/v/t2/f2/m366/AQNXCy3WPFuYBIy29o8lHbtgNY-eTmzq0QwBL6SxTx7nROZbAQzCIsl7CiwNcAQkenmhSFu0SiQflvW44NFyr0BcuoWppxCoAvpvegl2awTUow.mp4?_nc_cat=111&_nc_oc=AdpFAObmduHZFVMpXEGm0lEfnr7CVyCvngbPl884rG_Ex1Rp-n2pHDxN3ITJl5hKAbm8moCRPZfztMQzfCMyLK01&_nc_sid=b66105&_nc_ht=video.fblr20-2.fna.fbcdn.net&_nc_ohc=eVEFsAesRUQQ7kNvwFgldV6&efg=eyJ2ZW5jb2RlX3RhZyI6Inhwdl9wcm9ncmVzc2l2ZS5WSV9VU0VDQVNFX1BST0RVQ1RfVFlQRS4uQzMuNzIwLmRhc2hfaDI2NC1iYXNpYy1nZW4yXzcyMHAiLCJ4cHZfYXNzZXRfaWQiOjIwMjg2NjY2NjQ3MjMxOTQsImFzc2V0X2FnZV9kYXlzIjoxMDcsInZpX3VzZWNhc2VfaWQiOjEwMTM5LCJkdXJhdGlvbl9zIjo0MCwidXJsZ2VuX3NvdXJjZSI6Ind3dyJ9&ccb=17-1&vs=a88f05964eeb6cf4&_nc_vs=HBksFQIYRWZiX2VwaGVtZXJhbC9GODRDMDQyODM1MjU5QTNDODZGN0U5QTY2MzNFNzE5Q19tdF8xX3ZpZGVvX2Rhc2hpbml0Lm1wNBUAAsgBEgAVAhhAZmJfcGVybWFuZW50L0E3NDJEMjFGQkVDNUI1MjgyQTc2NUE0OUNFMEEyQkEyX2F1ZGlvX2Rhc2hpbml0Lm1wNBUCAsgBEgAoABgAGwKIB3VzZV9vaWwBMRJwcm9ncmVzc2l2ZV9yZWNpcGUBMRUAACb0i9m--MOaBxUCKAJDMywXQEQF41P3ztkYGWRhc2hfaDI2NC1iYXNpYy1nZW4yXzcyMHARAHUAZbaeAQA&_nc_gid=QjupFmpceleH3zvb5FAK1Q&_nc_ss=7f289&_nc_zt=28&oh=00_AQC89KY3VpwNeaNCSCWfnjul1xEfeMGsZkgg9KgoRJuXTQ&oe=6A673E15,https://scontent.fblr20-2.fna.fbcdn.net/v/t39.35426-6/748623964_1961935441168970_7046828235760565134_n.jpg?_nc_cat=104&ccb=1-7&_nc_sid=c53f8f&_nc_ohc=GScGcpKTTCUQ7kNvwFTXzqB&_nc_oc=AdrwmHlo2Gz5uK837GfSKjXTvtqyAt2-H9Uvox8P2ENuzBmAFKCg7mLFBbN5y7MhyWc6w_5nterRH-ZG-7-Y_gLd&_nc_zt=14&_nc_ht=scontent.fblr20-2.fna&_nc_gid=QjupFmpceleH3zvb5FAK1Q&_nc_ss=7f289&oh=00_AQDOazlq-CY7rcV3ewpQs2MSjSw2eRBc6geIeqKUZBzfkw&oe=6A672315,2026-07-27T11:16:37.000Z,2026-07-23
43,33,Loora,105478174979714,Loora,,IN,870914545699672,https://www.facebook.com/ads/library/?id=870914545699672,2026-07-13,,false,true,2,1,2899027223790934,2026-07-13,,Speak English fluently with your virtual AI English tutor 😎,Best AI English tutor,Install now,http://play.google.com/store/apps/details?id=com.loora.app,"Facebook,Instagram,Audience Network,Messenger,Threads",Speak English fluently with your virtual AI English tutor 😎,Best AI English tutor,Install now,http://play.google.com/store/apps/details?id=com.loora.app,Video,"Facebook,Instagram,Audience Network,Messenger,Threads",1,0,9:16,https://video.fblr20-2.fna.fbcdn.net/o1/v/t2/f2/m366/AQNXCy3WPFuYBIy29o8lHbtgNY-eTmzq0QwBL6SxTx7nROZbAQzCIsl7CiwNcAQkenmhSFu0SiQflvW44NFyr0BcuoWppxCoAvpvegl2awTUow.mp4?_nc_cat=111&_nc_oc=AdpFAObmduHZFVMpXEGm0lEfnr7CVyCvngbPl884rG_Ex1Rp-n2pHDxN3ITJl5hKAbm8moCRPZfztMQzfCMyLK01&_nc_sid=b66105&_nc_ht=video.fblr20-2.fna.fbcdn.net&_nc_ohc=eVEFsAesRUQQ7kNvwFgldV6&efg=eyJ2ZW5jb2RlX3RhZyI6Inhwdl9wcm9ncmVzc2l2ZS5WSV9VU0VDQVNFX1BST0RVQ1RfVFlQRS4uQzMuNzIwLmRhc2hfaDI2NC1iYXNpYy1nZW4yXzcyMHAiLCJ4cHZfYXNzZXRfaWQiOjIwMjg2NjY2NjQ3MjMxOTQsImFzc2V0X2FnZV9kYXlzIjoxMDcsInZpX3VzZWNhc2VfaWQiOjEwMTM5LCJkdXJhdGlvbl9zIjo0MCwidXJsZ2VuX3NvdXJjZSI6Ind3dyJ9&ccb=17-1&vs=a88f05964eeb6cf4&_nc_vs=HBksFQIYRWZiX2VwaGVtZXJhbC9GODRDMDQyODM1MjU5QTNDODZGN0U5QTY2MzNFNzE5Q19tdF8xX3ZpZGVvX2Rhc2hpbml0Lm1wNBUAAsgBEgAVAhhAZmJfcGVybWFuZW50L0E3NDJEMjFGQkVDNUI1MjgyQTc2NUE0OUNFMEEyQkEyX2F1ZGlvX2Rhc2hpbml0Lm1wNBUCAsgBEgAoABgAGwKIB3VzZV9vaWwBMRJwcm9ncmVzc2l2ZV9yZWNpcGUBMRUAACb0i9m--MOaBxUCKAJDMywXQEQF41P3ztkYGWRhc2hfaDI2NC1iYXNpYy1nZW4yXzcyMHARAHUAZbaeAQA&_nc_gid=O_xzSZ2hiygEpbII6qCIWg&_nc_ss=7f289&_nc_zt=28&oh=00_AQCjTD9DJqxNw0Q1jqdtn3w83Wn2UYtkNLYx1RKvIVapJg&oe=6A673E15,https://scontent.fblr20-2.fna.fbcdn.net/v/t39.35426-6/745940716_2323706228163469_2967774850577001627_n.jpg?_nc_cat=102&ccb=1-7&_nc_sid=c53f8f&_nc_ohc=JswPDqMpbfYQ7kNvwFZIHAA&_nc_oc=Adq49aZgLKjn9lCUtmHvqqeuS_moxoxXknQpqWpK8rEzE7EN7vKdjAttgy5XAxglIShrqX1X3Mzp9bg35EImIL_W&_nc_zt=14&_nc_ht=scontent.fblr20-2.fna&_nc_gid=O_xzSZ2hiygEpbII6qCIWg&_nc_ss=7f289&oh=00_AQAuUIlNu47j9-RVHzJetYpCyrKGLO6xfE2KHdBm3HGoRg&oe=6A672A22,2026-07-27T11:16:37.000Z,2026-07-23
44,34,Loora,105478174979714,Loora,,IN,869185468874772,https://www.facebook.com/ads/library/?id=869185468874772,2026-05-27,,false,false,1,0,,2026-05-27,,Don't be shy to speak English! Become a fluent speaker with your AI Tutor 😎,Best AI English tutor,Install now,https://app.appsflyer.com/id1552708303?pid=metaweb_int&c={{campaign.name}}&af_siteid={{site_source_name}}&af_adset={{adset.name}}&af_ad={{ad.name}}&af_c_id={{campaign.id}}&af_adset_id={{adset.id}}&af_ad_id={{ad.id}}&af_click_lookback=7d,"Facebook,Instagram,Audience Network,Messenger,Threads",Don't be shy to speak English! Become a fluent speaker with your AI Tutor 😎,Best AI English tutor,Install now,https://app.appsflyer.com/id1552708303?pid=metaweb_int&c={{campaign.name}}&af_siteid={{site_source_name}}&af_adset={{adset.name}}&af_ad={{ad.name}}&af_c_id={{campaign.id}}&af_adset_id={{adset.id}}&af_ad_id={{ad.id}}&af_click_lookback=7d,Video,"Facebook,Instagram,Audience Network,Messenger,Threads",1,0,9:16,https://video.fblr20-1.fna.fbcdn.net/o1/v/t2/f2/m366/AQMyJIouH_Afg7-4zp1jgJoglgrMHKuFkLWglgs9EQQV69YbKUzoIblIeKtzcPHrdjcX_kXTruDJBih2rgK0tGSqJfyoUyg_LkGBWa9AzhgpOw.mp4?_nc_cat=108&_nc_oc=AdpUSjnJLk7lB3gbmgTRJmvIJcmv3YFfawOXAW8E8uxGUCPGXGNG3fCI_bfxMA-KfHI7MYh4MtSG4nPZODXwKmW1&_nc_sid=b66105&_nc_ht=video.fblr20-1.fna.fbcdn.net&_nc_ohc=yFQoEXpJ2I8Q7kNvwFhzmDj&efg=eyJ2ZW5jb2RlX3RhZyI6Inhwdl9wcm9ncmVzc2l2ZS5WSV9VU0VDQVNFX1BST0RVQ1RfVFlQRS4uQzMuNzIwLmRhc2hfaDI2NC1iYXNpYy1nZW4yXzcyMHAiLCJ4cHZfYXNzZXRfaWQiOjEzMTE2OTIwNjAzODE3NDksImFzc2V0X2FnZV9kYXlzIjo1OCwidmlfdXNlY2FzZV9pZCI6MTAxMzksImR1cmF0aW9uX3MiOjY2LCJ1cmxnZW5fc291cmNlIjoid3d3In0%3D&ccb=17-1&vs=27cd6222f0186b59&_nc_vs=HBksFQIYRWZiX2VwaGVtZXJhbC9DMzQ0RjFCQzdCQURFOUYyRUVGRUU0MjIxNjU3NUJBQV9tdF8xX3ZpZGVvX2Rhc2hpbml0Lm1wNBUAAsgBEgAVAhhAZmJfcGVybWFuZW50L0U4NDJDOTQzQUFGRDlBMTEzMzMyQzNDRDY1RkE0QzhCX2F1ZGlvX2Rhc2hpbml0Lm1wNBUCAsgBEgAoABgAGwKIB3VzZV9vaWwBMRJwcm9ncmVzc2l2ZV9yZWNpcGUBMRUAACbqyIK1w77UBBUCKAJDMywXQFCqn752yLQYGWRhc2hfaDI2NC1iYXNpYy1nZW4yXzcyMHARAHUAZbaeAQA&_nc_gid=QjupFmpceleH3zvb5FAK1Q&_nc_ss=7f289&_nc_zt=28&oh=00_AQCM7F1d1C1PkjDmsVj9z1z0jJZvsqH0uvIVdSQ609qVTA&oe=6A673FE4,https://scontent.fblr20-4.fna.fbcdn.net/v/t39.35426-6/706649887_1355764939699459_5473839161664807705_n.jpg?_nc_cat=103&ccb=1-7&_nc_sid=c53f8f&_nc_ohc=at_33LOQN2AQ7kNvwEljcch&_nc_oc=AdpkkL3v0Y63h-V7csz3NMu_WyFWP3zGQi0uSyhgEiS9WZ3NFRZiV-Jknm9HKxXQmXjTqmTgJrKHCY-Bt3HtW2Cs&_nc_zt=14&_nc_ht=scontent.fblr20-4.fna&_nc_gid=QjupFmpceleH3zvb5FAK1Q&_nc_ss=7f289&oh=00_AQDN8L6533k395VPLqki17SiglehpQKHQ4AP4Y5rUa1KBg&oe=6A674125,2026-07-27T11:24:20.000Z,2026-07-23
45,35,Loora,105478174979714,Loora,,IN,1535709504922781,https://www.facebook.com/ads/library/?id=1535709504922781,2026-07-13,,false,true,2,0,1535709504922781,2026-07-13,,Speak English fluently with your virtual AI English tutor 😎,Best AI English tutor,Install now,http://play.google.com/store/apps/details?id=com.loora.app,"Facebook,Instagram,Audience Network,Messenger,Threads",Speak English fluently with your virtual AI English tutor 😎,Best AI English tutor,Install now,http://play.google.com/store/apps/details?id=com.loora.app,Video,"Facebook,Instagram,Audience Network,Messenger,Threads",1,0,9:16,https://video.fblr20-1.fna.fbcdn.net/o1/v/t2/f2/m366/AQNxCuSbFMOIweQkmASYzAzzDrbKRAc18M0Eb8paUG--8ef0dVNOKpGRcCzIZDlJ-e89TTdWBW8WO0xkGekYMOuAAWUYBUxkNrTUd9Dw8irWwA.mp4?_nc_cat=110&_nc_oc=Adqqu-gEqgCO8N0EZCj83nICpLtYo3mcO-Nbq3aWCh-CZOINn-FspiAKeC06qm6LIYMhCzfMaO5xrsRpSLHZtdaw&_nc_sid=b66105&_nc_ht=video.fblr20-1.fna.fbcdn.net&_nc_ohc=zyPcwkFkLOQQ7kNvwFfDoPt&efg=eyJ2ZW5jb2RlX3RhZyI6Inhwdl9wcm9ncmVzc2l2ZS5WSV9VU0VDQVNFX1BST0RVQ1RfVFlQRS4uQzMuNzIwLmRhc2hfaDI2NC1iYXNpYy1nZW4yXzcyMHAiLCJ4cHZfYXNzZXRfaWQiOjExMTM2NjM3ODA5NDA2NTcsImFzc2V0X2FnZV9kYXlzIjoyODYsInZpX3VzZWNhc2VfaWQiOjEwNzk5LCJkdXJhdGlvbl9zIjo0MSwidXJsZ2VuX3NvdXJjZSI6Ind3dyJ9&ccb=17-1&vs=1d823b3c2485d712&_nc_vs=HBksFQIYRWZiX2VwaGVtZXJhbC9GODREOTA0RUE4MDdGMzBDNzg4NzQ3MkIyMkI1QkQ5OF9tdF8xX3ZpZGVvX2Rhc2hpbml0Lm1wNBUAAsgBEgAVAhhAZmJfcGVybWFuZW50LzM1NDAwODREOTAyOUJFMjNGQTJDMEFGOUVCMzk1REI5X2F1ZGlvX2Rhc2hpbml0Lm1wNBUCAsgBEgAoABgAGwKIB3VzZV9vaWwBMRJwcm9ncmVzc2l2ZV9yZWNpcGUBMRUAACbirf_g4bf6AxUCKAJDMywXQESd0vGp--cYGWRhc2hfaDI2NC1iYXNpYy1nZW4yXzcyMHARAHUAZd6oAQA&_nc_gid=O_xzSZ2hiygEpbII6qCIWg&_nc_ss=7f289&_nc_zt=28&oh=00_AQChZDVpkCVnMuYB3IkrfYzwD6yhI0HoB-GaotbH7TDSeA&oe=6A673B36,https://scontent.fblr20-3.fna.fbcdn.net/v/t39.35426-6/746648851_1706733583995298_296230334685355387_n.jpg?_nc_cat=105&ccb=1-7&_nc_sid=c53f8f&_nc_ohc=OCXu6flR-vIQ7kNvwHKp0j8&_nc_oc=Adqh9rSn6X4QJQxQeIPy-2aroQyC_c-G_rQL1CqGX_693CefZBLMyvEyvrLd7I3kxsocX3amyMth8YAF5U7LivuX&_nc_zt=14&_nc_ht=scontent.fblr20-3.fna&_nc_gid=O_xzSZ2hiygEpbII6qCIWg&_nc_ss=7f289&oh=00_AQDmzCa-t-I_HxwQrwSnaMcty9H-DQ9cLKq_2zTVv3-gKw&oe=6A674EEC,2026-07-27T11:04:22.000Z,2026-07-23
46,35,Loora,105478174979714,Loora,,IN,1535709504922781,https://www.facebook.com/ads/library/?id=1535709504922781,2026-07-13,,false,true,2,1,2099202457608804,2026-07-13,,Speak English fluently with your virtual AI English tutor 😎,Best AI English tutor,Install now,http://play.google.com/store/apps/details?id=com.loora.app,"Facebook,Instagram,Audience Network,Messenger,Threads",Speak English fluently with your virtual AI English tutor 😎,Best AI English tutor,Install now,http://play.google.com/store/apps/details?id=com.loora.app,Video,"Facebook,Instagram,Audience Network,Messenger,Threads",1,0,9:16,https://video.fblr20-1.fna.fbcdn.net/o1/v/t2/f2/m366/AQNxCuSbFMOIweQkmASYzAzzDrbKRAc18M0Eb8paUG--8ef0dVNOKpGRcCzIZDlJ-e89TTdWBW8WO0xkGekYMOuAAWUYBUxkNrTUd9Dw8irWwA.mp4?_nc_cat=110&_nc_oc=Adqqu-gEqgCO8N0EZCj83nICpLtYo3mcO-Nbq3aWCh-CZOINn-FspiAKeC06qm6LIYMhCzfMaO5xrsRpSLHZtdaw&_nc_sid=b66105&_nc_ht=video.fblr20-1.fna.fbcdn.net&_nc_ohc=zyPcwkFkLOQQ7kNvwFfDoPt&efg=eyJ2ZW5jb2RlX3RhZyI6Inhwdl9wcm9ncmVzc2l2ZS5WSV9VU0VDQVNFX1BST0RVQ1RfVFlQRS4uQzMuNzIwLmRhc2hfaDI2NC1iYXNpYy1nZW4yXzcyMHAiLCJ4cHZfYXNzZXRfaWQiOjExMTM2NjM3ODA5NDA2NTcsImFzc2V0X2FnZV9kYXlzIjoyODYsInZpX3VzZWNhc2VfaWQiOjEwNzk5LCJkdXJhdGlvbl9zIjo0MSwidXJsZ2VuX3NvdXJjZSI6Ind3dyJ9&ccb=17-1&vs=1d823b3c2485d712&_nc_vs=HBksFQIYRWZiX2VwaGVtZXJhbC9GODREOTA0RUE4MDdGMzBDNzg4NzQ3MkIyMkI1QkQ5OF9tdF8xX3ZpZGVvX2Rhc2hpbml0Lm1wNBUAAsgBEgAVAhhAZmJfcGVybWFuZW50LzM1NDAwODREOTAyOUJFMjNGQTJDMEFGOUVCMzk1REI5X2F1ZGlvX2Rhc2hpbml0Lm1wNBUCAsgBEgAoABgAGwKIB3VzZV9vaWwBMRJwcm9ncmVzc2l2ZV9yZWNpcGUBMRUAACbirf_g4bf6AxUCKAJDMywXQESd0vGp--cYGWRhc2hfaDI2NC1iYXNpYy1nZW4yXzcyMHARAHUAZd6oAQA&_nc_gid=Om7i8Jt9CYDta0wcQeed6Q&_nc_ss=7f289&_nc_zt=28&oh=00_AQALSTVNfmb-Lf0h5OV8j7R-0jiDob-V_HV0MzRj_H7FjA&oe=6A673B36,https://scontent.fblr20-5.fna.fbcdn.net/v/t39.35426-6/746042175_1729678814833571_2682635798129813666_n.jpg?_nc_cat=107&ccb=1-7&_nc_sid=c53f8f&_nc_ohc=6rX_5ZlWIOoQ7kNvwH_8UnS&_nc_oc=Adp_kH-cJJG0zKJ2Xgrwu3yVvmD434GSb0VtKSBvKadkNQPbuo3fG1QS7TaYSghOqW6Ff9Ik8RoqApg-oZnAYv_2&_nc_zt=14&_nc_ht=scontent.fblr20-5.fna&_nc_gid=Om7i8Jt9CYDta0wcQeed6Q&_nc_ss=7f289&oh=00_AQBl_E3XOuJfYIx3RxmdEiALlalZqAQEyXc92bXvtktKOA&oe=6A67255D,2026-07-27T11:04:22.000Z,2026-07-23
47,36,Loora,105478174979714,Loora,,IN,1015372294539208,https://www.facebook.com/ads/library/?id=1015372294539208,2026-07-13,,false,true,2,0,1015372294539208,2026-07-13,,Speak English fluently with your virtual AI English tutor 😎,Best AI English tutor,Install now,http://play.google.com/store/apps/details?id=com.loora.app,"Facebook,Instagram,Audience Network,Messenger,Threads",Speak English fluently with your virtual AI English tutor 😎,Best AI English tutor,Install now,http://play.google.com/store/apps/details?id=com.loora.app,Video,"Facebook,Instagram,Audience Network,Messenger,Threads",1,0,9:16,https://video.fblr20-2.fna.fbcdn.net/o1/v/t2/f2/m366/AQN0zFDCZ8h-KTQAd-pGBVaaZw5bmYS1jcJOLi4W9vgMNhyFUYKMytG6jyOKZx2aUOriYWOiC6Q6p-I1NcdF1XsPEL6_GCa3Eqyl7EKnOwqG6w.mp4?_nc_cat=102&_nc_oc=Ado2fBUJXNrWUryolADsMwt2CRMQkqSLVEMF5vAAozHfGOXxy-WIlgvpLZeLDSmJ8GHLdXW1cSJDoO9ja11r9F6F&_nc_sid=b66105&_nc_ht=video.fblr20-2.fna.fbcdn.net&_nc_ohc=9D4RVa_4l7cQ7kNvwGiyEEE&efg=eyJ2ZW5jb2RlX3RhZyI6Inhwdl9wcm9ncmVzc2l2ZS5WSV9VU0VDQVNFX1BST0RVQ1RfVFlQRS4uQzMuNzEyLmRhc2hfaDI2NC1iYXNpYy1nZW4yXzcyMHAiLCJ4cHZfYXNzZXRfaWQiOjIwOTg2NDA4MDA3MTkzMzcsImFzc2V0X2FnZV9kYXlzIjoxMTgsInZpX3VzZWNhc2VfaWQiOjEwNzk5LCJkdXJhdGlvbl9zIjo1NSwidXJsZ2VuX3NvdXJjZSI6Ind3dyJ9&ccb=17-1&vs=76a4b9a702465fd&_nc_vs=HBksFQIYRWZiX2VwaGVtZXJhbC82MzQ4MUZGMEE3QUU0MzEzNEJGNDRCMDg1MEY5RjJBMF9tdF8xX3ZpZGVvX2Rhc2hpbml0Lm1wNBUAAsgBEgAVAhhAZmJfcGVybWFuZW50LzcyNEEzM0Y1MTIyNzQ1QTg5Qzk1Q0Q0N0VFMkZCQkFFX2F1ZGlvX2Rhc2hpbml0Lm1wNBUCAsgBEgAoABgAGwKIB3VzZV9vaWwBMRJwcm9ncmVzc2l2ZV9yZWNpcGUBMRUAACbSh4G3_Ky6BxUCKAJDMywXQEv64UeuFHsYGWRhc2hfaDI2NC1iYXNpYy1nZW4yXzcyMHARAHUAZd6oAQA&_nc_gid=O_xzSZ2hiygEpbII6qCIWg&_nc_ss=7f289&_nc_zt=28&oh=00_AQC4gwETay4lqY1BaTP0S5txzmSStCE-9I0UD3eJM3rZIg&oe=6A67444E,https://scontent.fblr20-4.fna.fbcdn.net/v/t39.35426-6/746129857_1324048749899921_1954693623872202984_n.jpg?_nc_cat=106&ccb=1-7&_nc_sid=c53f8f&_nc_ohc=yt72kW4e-4AQ7kNvwHIY6Zz&_nc_oc=AdotZnYVEDoZMh-UaGHwJS-CStKJdsbDTV_B428fP7kXCl0h1j0ILdGQVYMiaVTEFvJtvTyDWQLTNnCksS2z-VF9&_nc_zt=14&_nc_ht=scontent.fblr20-4.fna&_nc_gid=O_xzSZ2hiygEpbII6qCIWg&_nc_ss=7f289&oh=00_AQAdA6YilBXriMVT0xHXCSUfRVnOZ5VUyfVJkUOPJ9G3cw&oe=6A671F8B,2026-07-27T11:43:10.000Z,2026-07-23
48,36,Loora,105478174979714,Loora,,IN,1015372294539208,https://www.facebook.com/ads/library/?id=1015372294539208,2026-07-13,,false,true,2,1,2219899175455069,2026-07-13,,Speak English fluently with your virtual AI English tutor 😎,Best AI English tutor,Install now,http://play.google.com/store/apps/details?id=com.loora.app,"Facebook,Instagram,Audience Network,Messenger,Threads",Speak English fluently with your virtual AI English tutor 😎,Best AI English tutor,Install now,http://play.google.com/store/apps/details?id=com.loora.app,Video,"Facebook,Instagram,Audience Network,Messenger,Threads",1,0,9:16,https://video.fblr20-2.fna.fbcdn.net/o1/v/t2/f2/m366/AQN0zFDCZ8h-KTQAd-pGBVaaZw5bmYS1jcJOLi4W9vgMNhyFUYKMytG6jyOKZx2aUOriYWOiC6Q6p-I1NcdF1XsPEL6_GCa3Eqyl7EKnOwqG6w.mp4?_nc_cat=102&_nc_oc=Ado2fBUJXNrWUryolADsMwt2CRMQkqSLVEMF5vAAozHfGOXxy-WIlgvpLZeLDSmJ8GHLdXW1cSJDoO9ja11r9F6F&_nc_sid=b66105&_nc_ht=video.fblr20-2.fna.fbcdn.net&_nc_ohc=9D4RVa_4l7cQ7kNvwGiyEEE&efg=eyJ2ZW5jb2RlX3RhZyI6Inhwdl9wcm9ncmVzc2l2ZS5WSV9VU0VDQVNFX1BST0RVQ1RfVFlQRS4uQzMuNzEyLmRhc2hfaDI2NC1iYXNpYy1nZW4yXzcyMHAiLCJ4cHZfYXNzZXRfaWQiOjIwOTg2NDA4MDA3MTkzMzcsImFzc2V0X2FnZV9kYXlzIjoxMTgsInZpX3VzZWNhc2VfaWQiOjEwNzk5LCJkdXJhdGlvbl9zIjo1NSwidXJsZ2VuX3NvdXJjZSI6Ind3dyJ9&ccb=17-1&vs=76a4b9a702465fd&_nc_vs=HBksFQIYRWZiX2VwaGVtZXJhbC82MzQ4MUZGMEE3QUU0MzEzNEJGNDRCMDg1MEY5RjJBMF9tdF8xX3ZpZGVvX2Rhc2hpbml0Lm1wNBUAAsgBEgAVAhhAZmJfcGVybWFuZW50LzcyNEEzM0Y1MTIyNzQ1QTg5Qzk1Q0Q0N0VFMkZCQkFFX2F1ZGlvX2Rhc2hpbml0Lm1wNBUCAsgBEgAoABgAGwKIB3VzZV9vaWwBMRJwcm9ncmVzc2l2ZV9yZWNpcGUBMRUAACbSh4G3_Ky6BxUCKAJDMywXQEv64UeuFHsYGWRhc2hfaDI2NC1iYXNpYy1nZW4yXzcyMHARAHUAZd6oAQA&_nc_gid=GxLqeyfbwNdH2ya9Hn481Q&_nc_ss=7f289&_nc_zt=28&oh=00_AQCYHb1oYUGKaHYBdUscv9hWtUgNdJKQnUULD5oP4Reuiw&oe=6A67444E,https://scontent.fblr20-3.fna.fbcdn.net/v/t39.35426-6/748776593_2528414201008393_402004931236632327_n.jpg?_nc_cat=109&ccb=1-7&_nc_sid=c53f8f&_nc_ohc=sJvhn7wcYywQ7kNvwHJg__I&_nc_oc=AdqDoJUcaXLI8PbJ1uW9nUM6A-YJTO8Qt1QPuMuCzqks9z-g3gvorpb1wByaWgD53d2V4DR9z8PCr3gbkTQhapXL&_nc_zt=14&_nc_ht=scontent.fblr20-3.fna&_nc_gid=GxLqeyfbwNdH2ya9Hn481Q&_nc_ss=7f289&oh=00_AQD8snjlOwUFHrmhQ9njL4CrtjHoqnNIJ49iuWIf0XTpzQ&oe=6A6725A4,2026-07-27T11:43:10.000Z,2026-07-23
49,37,Loora,105478174979714,Loora,,IN,1636996230727602,https://www.facebook.com/ads/library/?id=1636996230727602,2026-07-13,,false,true,2,0,1636996230727602,2026-07-13,,Speak English fluently with your virtual AI English tutor 😎,Best AI English tutor,Install now,http://play.google.com/store/apps/details?id=com.loora.app,"Facebook,Instagram,Audience Network,Messenger,Threads",Speak English fluently with your virtual AI English tutor 😎,Best AI English tutor,Install now,http://play.google.com/store/apps/details?id=com.loora.app,Video,"Facebook,Instagram,Audience Network,Messenger,Threads",1,0,9:16,https://video.fblr20-2.fna.fbcdn.net/o1/v/t2/f2/m366/AQOodtEfZH84kk-odu0dKL3xc9XVgSgaIOw77My9QYuyxnYDpVdo6phltxbqfYvBNHNja5o6ZhSgvnyzavKRIWs5jq36JMI1mtjAhiUfysZAQA.mp4?_nc_cat=104&_nc_oc=AdpqDXtFy0gQnX__o-oa8-dyWdgJvUIYIIK2WY6fATcgtP1QSutLHGgAi3PH_gkVw5galL5-6fz3CpC7Mf0_SruA&_nc_sid=b66105&_nc_ht=video.fblr20-2.fna.fbcdn.net&_nc_ohc=T5g3pZFe_0kQ7kNvwFIwQmP&efg=eyJ2ZW5jb2RlX3RhZyI6Inhwdl9wcm9ncmVzc2l2ZS5WSV9VU0VDQVNFX1BST0RVQ1RfVFlQRS4uQzMuNzIwLmRhc2hfaDI2NC1iYXNpYy1nZW4yXzcyMHAiLCJ4cHZfYXNzZXRfaWQiOjEyNzYyMTEzNDgwNTg4MjksImFzc2V0X2FnZV9kYXlzIjoxMjUsInZpX3VzZWNhc2VfaWQiOjEwMTM5LCJkdXJhdGlvbl9zIjozNCwidXJsZ2VuX3NvdXJjZSI6Ind3dyJ9&ccb=17-1&vs=5e954b2ac3736915&_nc_vs=HBksFQIYRWZiX2VwaGVtZXJhbC9EMDQ1QjREM0E4MUMyREYzNDc5MjUzODI4QjA3OTQ5N19tdF8xX3ZpZGVvX2Rhc2hpbml0Lm1wNBUAAsgBEgAVAhhAZmJfcGVybWFuZW50LzM1NDIwOUFENzBFMDc5NUVFQTNBMjg0ODJCMTczNTlFX2F1ZGlvX2Rhc2hpbml0Lm1wNBUCAsgBEgAoABgAGwKIB3VzZV9vaWwBMRJwcm9ncmVzc2l2ZV9yZWNpcGUBMRUAACaay_nAo63EBBUCKAJDMywXQEEuFHrhR64YGWRhc2hfaDI2NC1iYXNpYy1nZW4yXzcyMHARAHUAZbaeAQA&_nc_gid=O_xzSZ2hiygEpbII6qCIWg&_nc_ss=7f289&_nc_zt=28&oh=00_AQD7UhmZEEsanFfFGSwFe_ahuHItfx1Red3OOhQXA20-fA&oe=6A6721A4,https://scontent.fblr20-4.fna.fbcdn.net/v/t39.35426-6/746350377_4456116694704406_8657629262083866067_n.jpg?_nc_cat=101&ccb=1-7&_nc_sid=c53f8f&_nc_ohc=AqRwDz4gl1sQ7kNvwE3zDY5&_nc_oc=AdqmT3NFwc2X9CJ3hCGnRLzVdi-pIjDdlxw9Og7fO1q7790b9_wEkbH8-JxxxY01pcWJ467bkeEyD3lcDTHv332C&_nc_zt=14&_nc_ht=scontent.fblr20-4.fna&_nc_gid=O_xzSZ2hiygEpbII6qCIWg&_nc_ss=7f289&oh=00_AQDmOk44B2R2aTig-YuAoyuHSXnQCCD5ysbue0QgpCXtAQ&oe=6A672E34,2026-07-27T09:15:16.000Z,2026-07-23
50,37,Loora,105478174979714,Loora,,IN,1636996230727602,https://www.facebook.com/ads/library/?id=1636996230727602,2026-07-13,,false,true,2,1,2302155700333671,2026-07-13,,Speak English fluently with your virtual AI English tutor 😎,Best AI English tutor,Install now,http://play.google.com/store/apps/details?id=com.loora.app,"Facebook,Instagram,Audience Network,Messenger,Threads",Speak English fluently with your virtual AI English tutor 😎,Best AI English tutor,Install now,http://play.google.com/store/apps/details?id=com.loora.app,Video,"Facebook,Instagram,Audience Network,Messenger,Threads",1,0,9:16,https://video.fblr20-2.fna.fbcdn.net/o1/v/t2/f2/m366/AQOodtEfZH84kk-odu0dKL3xc9XVgSgaIOw77My9QYuyxnYDpVdo6phltxbqfYvBNHNja5o6ZhSgvnyzavKRIWs5jq36JMI1mtjAhiUfysZAQA.mp4?_nc_cat=104&_nc_oc=AdpqDXtFy0gQnX__o-oa8-dyWdgJvUIYIIK2WY6fATcgtP1QSutLHGgAi3PH_gkVw5galL5-6fz3CpC7Mf0_SruA&_nc_sid=b66105&_nc_ht=video.fblr20-2.fna.fbcdn.net&_nc_ohc=T5g3pZFe_0kQ7kNvwFIwQmP&efg=eyJ2ZW5jb2RlX3RhZyI6Inhwdl9wcm9ncmVzc2l2ZS5WSV9VU0VDQVNFX1BST0RVQ1RfVFlQRS4uQzMuNzIwLmRhc2hfaDI2NC1iYXNpYy1nZW4yXzcyMHAiLCJ4cHZfYXNzZXRfaWQiOjEyNzYyMTEzNDgwNTg4MjksImFzc2V0X2FnZV9kYXlzIjoxMjUsInZpX3VzZWNhc2VfaWQiOjEwMTM5LCJkdXJhdGlvbl9zIjozNCwidXJsZ2VuX3NvdXJjZSI6Ind3dyJ9&ccb=17-1&vs=5e954b2ac3736915&_nc_vs=HBksFQIYRWZiX2VwaGVtZXJhbC9EMDQ1QjREM0E4MUMyREYzNDc5MjUzODI4QjA3OTQ5N19tdF8xX3ZpZGVvX2Rhc2hpbml0Lm1wNBUAAsgBEgAVAhhAZmJfcGVybWFuZW50LzM1NDIwOUFENzBFMDc5NUVFQTNBMjg0ODJCMTczNTlFX2F1ZGlvX2Rhc2hpbml0Lm1wNBUCAsgBEgAoABgAGwKIB3VzZV9vaWwBMRJwcm9ncmVzc2l2ZV9yZWNpcGUBMRUAACaay_nAo63EBBUCKAJDMywXQEEuFHrhR64YGWRhc2hfaDI2NC1iYXNpYy1nZW4yXzcyMHARAHUAZbaeAQA&_nc_gid=Om7i8Jt9CYDta0wcQeed6Q&_nc_ss=7f289&_nc_zt=28&oh=00_AQDf9zW7Ov7yI3jWpqguGbxDG76KcSW0RBcsVL_lsmoqjA&oe=6A6721A4,https://scontent.fblr20-2.fna.fbcdn.net/v/t39.35426-6/745962994_3945655612397373_8568129859778661800_n.jpg?_nc_cat=104&ccb=1-7&_nc_sid=c53f8f&_nc_ohc=7mdzG3DviIYQ7kNvwFTXGax&_nc_oc=AdpH7Osg6IKZBRCMdl7d07exf8nBc7_F3Z2EO3wi3K9ai5piiflBu-LFEI9QdJPG4njQMzM9YON9HnBtUQdGAO7Z&_nc_zt=14&_nc_ht=scontent.fblr20-2.fna&_nc_gid=Om7i8Jt9CYDta0wcQeed6Q&_nc_ss=7f289&oh=00_AQDU6SidHip9lcUIvkxPHzwVvE5T2h2rq4HlCKfl7FYXCg&oe=6A67390C,2026-07-27T09:15:16.000Z,2026-07-23
51,38,Loora,105478174979714,Loora,,IN,3986740264793174,https://www.facebook.com/ads/library/?id=3986740264793174,2026-06-29,,false,false,1,0,,2026-06-29,,Don't be shy to speak English! Become a fluent speaker with your AI Tutor 😎,Best AI English tutor,Install now,https://app.appsflyer.com/id1552708303?pid=metaweb_int&c={{campaign.name}}&af_siteid={{site_source_name}}&af_adset={{adset.name}}&af_ad={{ad.name}}&af_c_id={{campaign.id}}&af_adset_id={{adset.id}}&af_ad_id={{ad.id}}&af_click_lookback=7d,"Facebook,Instagram,Audience Network,Messenger,Threads",Don't be shy to speak English! Become a fluent speaker with your AI Tutor 😎,Best AI English tutor,Install now,https://app.appsflyer.com/id1552708303?pid=metaweb_int&c={{campaign.name}}&af_siteid={{site_source_name}}&af_adset={{adset.name}}&af_ad={{ad.name}}&af_c_id={{campaign.id}}&af_adset_id={{adset.id}}&af_ad_id={{ad.id}}&af_click_lookback=7d,Video,"Facebook,Instagram,Audience Network,Messenger,Threads",1,0,9:16,https://video.fblr20-3.fna.fbcdn.net/o1/v/t2/f2/m366/AQNULXZWP8dFE2suglmwnMSbYd54I31RAG_CUEoeZVt_xSqfGZgrol4FgQkNrnwMKWNCGeXJD34pjsLlkF_GorycxqBpQJaYeR49HW34arXSTQ.mp4?_nc_cat=105&_nc_oc=AdoZMB671TR-BcVK4v_IWuadg3rZdacUuSgAD9zlsfWu7C-C2NfPbt346NEd02e3dnZUrDXlg2j8tpoB7yw4QtMv&_nc_sid=b66105&_nc_ht=video.fblr20-3.fna.fbcdn.net&_nc_ohc=NAz9TkT1MwAQ7kNvwHkaq2b&efg=eyJ2ZW5jb2RlX3RhZyI6Inhwdl9wcm9ncmVzc2l2ZS5WSV9VU0VDQVNFX1BST0RVQ1RfVFlQRS4uQzMuNzIwLmRhc2hfaDI2NC1iYXNpYy1nZW4yXzcyMHAiLCJ4cHZfYXNzZXRfaWQiOjE3MzcxMDk1MDcyODM0NjgsImFzc2V0X2FnZV9kYXlzIjoyOCwidmlfdXNlY2FzZV9pZCI6MTAxMzksImR1cmF0aW9uX3MiOjYxLCJ1cmxnZW5fc291cmNlIjoid3d3In0%3D&ccb=17-1&vs=6704fb0ddcc88014&_nc_vs=HBksFQIYRWZiX2VwaGVtZXJhbC9GMjQ0MkRGQTk0MzUwNzQzQjIwNTk2RERFOUM2REFBMF9tdF8xX3ZpZGVvX2Rhc2hpbml0Lm1wNBUAAsgBEgAVAhhAZmJfcGVybWFuZW50L0Q0NDAyMUFGRTZBNjRDMTU4OTMwM0ZENDkxREVCREExX2F1ZGlvX2Rhc2hpbml0Lm1wNBUCAsgBEgAoABgAGwKIB3VzZV9vaWwBMRJwcm9ncmVzc2l2ZV9yZWNpcGUBMRUAACaY6PCxivmVBhUCKAJDMywXQE6ZmZmZmZoYGWRhc2hfaDI2NC1iYXNpYy1nZW4yXzcyMHARAHUAZbaeAQA&_nc_gid=O_xzSZ2hiygEpbII6qCIWg&_nc_ss=7f289&_nc_zt=28&oh=00_AQBaGU1S5o45ChuzYnok9_1pJE96-qPEYIl2x4Sr5pXyag&oe=6A673B63,https://scontent.fblr20-3.fna.fbcdn.net/v/t39.35426-6/731079068_1552331323157287_3606222163769591311_n.jpg?_nc_cat=105&ccb=1-7&_nc_sid=c53f8f&_nc_ohc=AJ5xMJdQuBgQ7kNvwHNTUBZ&_nc_oc=AdquQageJ0e91g5AedZ_3gdux487gAiHoQYml_zedc95lHR-0psM7tdvIolSLzxyPewMMvHq1PI6Wl9NSYApJSLl&_nc_zt=14&_nc_ht=scontent.fblr20-3.fna&_nc_gid=O_xzSZ2hiygEpbII6qCIWg&_nc_ss=7f289&oh=00_AQAO-_DqYQqnbCnCbqSlFUer6kOh5Q-RQaulyX0cSHbL5g&oe=6A67444E,2026-07-27T11:05:07.000Z,2026-07-23
52,39,Loora,105478174979714,Loora,,IN,1288912503097505,https://www.facebook.com/ads/library/?id=1288912503097505,2026-07-13,,false,true,2,0,1288912503097505,2026-07-13,,Speak English fluently with your virtual AI English tutor 😎,Best AI English tutor,Install now,http://play.google.com/store/apps/details?id=com.loora.app,"Facebook,Instagram,Audience Network,Messenger,Threads",Speak English fluently with your virtual AI English tutor 😎,Best AI English tutor,Install now,http://play.google.com/store/apps/details?id=com.loora.app,Video,"Facebook,Instagram,Audience Network,Messenger,Threads",1,0,9:16,https://video.fblr20-1.fna.fbcdn.net/o1/v/t2/f2/m366/AQOMFU9cZtCDRke-Rcvm0AfGasVfNp4zJWqBuAq2jZgxBrtuZCQ-e-lYGdtb3NtDERa10LmnzyHA_YLogMNHBSz0-iVsPN0wu4OmVwxH13__lQ.mp4?_nc_cat=110&_nc_oc=Adr2YIM2Y0bNYphgHcwtBLUTHItocLcmd622AktRYZQa6tgx_exRj6wOAisdpLn2BH6_P0pDxlejoWlJirIo8B3Y&_nc_sid=b66105&_nc_ht=video.fblr20-1.fna.fbcdn.net&_nc_ohc=_oGfY7ee_awQ7kNvwHVIWHx&efg=eyJ2ZW5jb2RlX3RhZyI6Inhwdl9wcm9ncmVzc2l2ZS5WSV9VU0VDQVNFX1BST0RVQ1RfVFlQRS4uQzMuNzIwLmRhc2hfaDI2NC1iYXNpYy1nZW4yXzcyMHAiLCJ4cHZfYXNzZXRfaWQiOjg0NzM3OTg0NTAzODYyNiwiYXNzZXRfYWdlX2RheXMiOjEwNywidmlfdXNlY2FzZV9pZCI6MTAxMzksImR1cmF0aW9uX3MiOjQwLCJ1cmxnZW5fc291cmNlIjoid3d3In0%3D&ccb=17-1&vs=c72e26758c0f68d7&_nc_vs=HBksFQIYRWZiX2VwaGVtZXJhbC9DRjQ1REY4REQ4NUU3RDJDRTVGODhBNDgyODE1RjI4NV9tdF8xX3ZpZGVvX2Rhc2hpbml0Lm1wNBUAAsgBEgAVAhhAZmJfcGVybWFuZW50L0Q5NDI3QjU3REY5NEQyQTRBNEM5MEFFNkJGRTczQ0E2X2F1ZGlvX2Rhc2hpbml0Lm1wNBUCAsgBEgAoABgAGwKIB3VzZV9vaWwBMRJwcm9ncmVzc2l2ZV9yZWNpcGUBMRUAACbEiLrq_6uBAxUCKAJDMywXQEQoEGJN0vIYGWRhc2hfaDI2NC1iYXNpYy1nZW4yXzcyMHARAHUAZbaeAQA&_nc_gid=O_xzSZ2hiygEpbII6qCIWg&_nc_ss=7f289&_nc_zt=28&oh=00_AQBuUJTaLBrMfXS-3IM3ITx_QdWakFmSyErODJiRA8mFeQ&oe=6A672932,https://scontent.fblr20-2.fna.fbcdn.net/v/t39.35426-6/747695534_1527527104978659_4776881070844094050_n.jpg?_nc_cat=104&ccb=1-7&_nc_sid=c53f8f&_nc_ohc=X71Of7KgmEwQ7kNvwHaVw1C&_nc_oc=AdokKlS4kqyK81lSGKfjsAr9d7SYR9FKR6JgNQWII4njiWKTcbLA4Xvz-YERclRWJ_b98E-K3l3VcGoc14q7MqPG&_nc_zt=14&_nc_ht=scontent.fblr20-2.fna&_nc_gid=O_xzSZ2hiygEpbII6qCIWg&_nc_ss=7f289&oh=00_AQCsy_FR-kJ2OmNCvBkzhF5WhKGCum5tWVtgQ39ZdFYaqQ&oe=6A67406A,2026-07-27T09:47:30.000Z,2026-07-23
53,39,Loora,105478174979714,Loora,,IN,1288912503097505,https://www.facebook.com/ads/library/?id=1288912503097505,2026-07-13,,false,true,2,1,2499997470466214,2026-07-13,,Speak English fluently with your virtual AI English tutor 😎,Best AI English tutor,Install now,http://play.google.com/store/apps/details?id=com.loora.app,"Facebook,Instagram,Audience Network,Messenger,Threads",Speak English fluently with your virtual AI English tutor 😎,Best AI English tutor,Install now,http://play.google.com/store/apps/details?id=com.loora.app,Video,"Facebook,Instagram,Audience Network,Messenger,Threads",1,0,9:16,https://video.fblr20-1.fna.fbcdn.net/o1/v/t2/f2/m366/AQOMFU9cZtCDRke-Rcvm0AfGasVfNp4zJWqBuAq2jZgxBrtuZCQ-e-lYGdtb3NtDERa10LmnzyHA_YLogMNHBSz0-iVsPN0wu4OmVwxH13__lQ.mp4?_nc_cat=110&_nc_oc=Adr2YIM2Y0bNYphgHcwtBLUTHItocLcmd622AktRYZQa6tgx_exRj6wOAisdpLn2BH6_P0pDxlejoWlJirIo8B3Y&_nc_sid=b66105&_nc_ht=video.fblr20-1.fna.fbcdn.net&_nc_ohc=_oGfY7ee_awQ7kNvwHVIWHx&efg=eyJ2ZW5jb2RlX3RhZyI6Inhwdl9wcm9ncmVzc2l2ZS5WSV9VU0VDQVNFX1BST0RVQ1RfVFlQRS4uQzMuNzIwLmRhc2hfaDI2NC1iYXNpYy1nZW4yXzcyMHAiLCJ4cHZfYXNzZXRfaWQiOjg0NzM3OTg0NTAzODYyNiwiYXNzZXRfYWdlX2RheXMiOjEwNywidmlfdXNlY2FzZV9pZCI6MTAxMzksImR1cmF0aW9uX3MiOjQwLCJ1cmxnZW5fc291cmNlIjoid3d3In0%3D&ccb=17-1&vs=c72e26758c0f68d7&_nc_vs=HBksFQIYRWZiX2VwaGVtZXJhbC9DRjQ1REY4REQ4NUU3RDJDRTVGODhBNDgyODE1RjI4NV9tdF8xX3ZpZGVvX2Rhc2hpbml0Lm1wNBUAAsgBEgAVAhhAZmJfcGVybWFuZW50L0Q5NDI3QjU3REY5NEQyQTRBNEM5MEFFNkJGRTczQ0E2X2F1ZGlvX2Rhc2hpbml0Lm1wNBUCAsgBEgAoABgAGwKIB3VzZV9vaWwBMRJwcm9ncmVzc2l2ZV9yZWNpcGUBMRUAACbEiLrq_6uBAxUCKAJDMywXQEQoEGJN0vIYGWRhc2hfaDI2NC1iYXNpYy1nZW4yXzcyMHARAHUAZbaeAQA&_nc_gid=GxLqeyfbwNdH2ya9Hn481Q&_nc_ss=7f289&_nc_zt=28&oh=00_AQBm8fFKdh7akt_tTSlpnBiekM2GHdb_nVgnzoHR9TLVcw&oe=6A672932,https://scontent.fblr20-3.fna.fbcdn.net/v/t39.35426-6/748278509_2483283542187284_3112651791890990498_n.jpg?_nc_cat=105&ccb=1-7&_nc_sid=c53f8f&_nc_ohc=8mW7_FCLA0IQ7kNvwHl0CF6&_nc_oc=Ado7rIfAfNzsv4gz74CVYe4ZDLUQlGQTzMHGRcZGuuvQdjiuXRT9oMj8BDogkMpiH9RtCksgCy8gfbFS0dBxDkWZ&_nc_zt=14&_nc_ht=scontent.fblr20-3.fna&_nc_gid=GxLqeyfbwNdH2ya9Hn481Q&_nc_ss=7f289&oh=00_AQAwdYdZ2MrACHErda4TM1lmYjhF2CRUNYJmvHeFR8RODg&oe=6A675240,2026-07-27T09:47:30.000Z,2026-07-23
54,40,Loora,105478174979714,Loora,,IN,3808546165953885,https://www.facebook.com/ads/library/?id=3808546165953885,2026-07-13,,false,true,2,0,3808546165953885,2026-07-13,,Speak English fluently with your virtual AI English tutor 😎,Best AI English tutor,Install now,http://play.google.com/store/apps/details?id=com.loora.app,"Facebook,Instagram,Audience Network,Messenger,Threads",Speak English fluently with your virtual AI English tutor 😎,Best AI English tutor,Install now,http://play.google.com/store/apps/details?id=com.loora.app,Video,"Facebook,Instagram,Audience Network,Messenger,Threads",1,0,9:16,https://video.fblr20-3.fna.fbcdn.net/o1/v/t2/f2/m366/AQO7LRvzJsnvdFI8zN74vrknBeLrp60J5KZ20w2Bno_u1BKPnUMQS1HxT_HRUKugM-jklujE7gX-yLzK3EMMEGcoM1H4-JUFbeu8kIzraTbytg.mp4?_nc_cat=105&_nc_oc=AdpItYsg-tMn-LQjyUr3eqwLkV29nWu8UQoZgVS7LUZBpha8LKqr-U2SUgYNaCST-saVz47noKW8GRIgFBCaVs70&_nc_sid=b66105&_nc_ht=video.fblr20-3.fna.fbcdn.net&_nc_ohc=KQGRQVwPFngQ7kNvwHCyHhY&efg=eyJ2ZW5jb2RlX3RhZyI6Inhwdl9wcm9ncmVzc2l2ZS5WSV9VU0VDQVNFX1BST0RVQ1RfVFlQRS4uQzMuNzIwLmRhc2hfaDI2NC1iYXNpYy1nZW4yXzcyMHAiLCJ4cHZfYXNzZXRfaWQiOjEwMzMxMzE0NzkyNjgyNTIsImFzc2V0X2FnZV9kYXlzIjozMCwidmlfdXNlY2FzZV9pZCI6MTAxMzksImR1cmF0aW9uX3MiOjQwLCJ1cmxnZW5fc291cmNlIjoid3d3In0%3D&ccb=17-1&vs=487a3960ffc2bea0&_nc_vs=HBksFQIYRWZiX2VwaGVtZXJhbC9CNDQwNEY1NTM2ODEyRTcxMzEyODk4RTc5RDcxMjRBRl9tdF8xX3ZpZGVvX2Rhc2hpbml0Lm1wNBUAAsgBEgAVAhhAZmJfcGVybWFuZW50L0YzNDZEQUZBRDFEMUJBRkQ5RjEyQjczQTkxNzdBQ0EwX2F1ZGlvX2Rhc2hpbml0Lm1wNBUCAsgBEgAoABgAGwKIB3VzZV9vaWwBMRJwcm9ncmVzc2l2ZV9yZWNpcGUBMRUAACa47p-tlejVAxUCKAJDMywXQEQiDEm6XjUYGWRhc2hfaDI2NC1iYXNpYy1nZW4yXzcyMHARAHUAZbaeAQA&_nc_gid=O_xzSZ2hiygEpbII6qCIWg&_nc_ss=7f289&_nc_zt=28&oh=00_AQCBLwAgmP_NChjRJxqVb9n8jSZzDlVH3hEb0YUCN2W4XA&oe=6A672E1B,https://scontent.fblr20-4.fna.fbcdn.net/v/t39.35426-6/747450442_1541815467644912_7953110714858953733_n.jpg?_nc_cat=106&ccb=1-7&_nc_sid=c53f8f&_nc_ohc=EdDB3yyJQbYQ7kNvwFOdXmu&_nc_oc=AdpOXKcXqPsBItAj2I_IbX_gQs4I-T9EkyQ76mvdMn1ByhDwTtv1E24H644ssvB2izSggrN3gYBGWE8GDKIttR05&_nc_zt=14&_nc_ht=scontent.fblr20-4.fna&_nc_gid=O_xzSZ2hiygEpbII6qCIWg&_nc_ss=7f289&oh=00_AQAnnTlTOz7V1gJB1nHaZINydZ1CxlIvPsIZ9x3IbjlOwg&oe=6A674176,2026-07-27T10:08:27.000Z,2026-07-23
55,40,Loora,105478174979714,Loora,,IN,3808546165953885,https://www.facebook.com/ads/library/?id=3808546165953885,2026-07-13,,false,true,2,1,37462924796626075,2026-07-13,,Speak English fluently with your virtual AI English tutor 😎,Best AI English tutor,Install now,http://play.google.com/store/apps/details?id=com.loora.app,"Facebook,Instagram,Audience Network,Messenger,Threads",Speak English fluently with your virtual AI English tutor 😎,Best AI English tutor,Install now,http://play.google.com/store/apps/details?id=com.loora.app,Video,"Facebook,Instagram,Audience Network,Messenger,Threads",1,0,9:16,https://video.fblr20-3.fna.fbcdn.net/o1/v/t2/f2/m366/AQO7LRvzJsnvdFI8zN74vrknBeLrp60J5KZ20w2Bno_u1BKPnUMQS1HxT_HRUKugM-jklujE7gX-yLzK3EMMEGcoM1H4-JUFbeu8kIzraTbytg.mp4?_nc_cat=105&_nc_oc=AdpItYsg-tMn-LQjyUr3eqwLkV29nWu8UQoZgVS7LUZBpha8LKqr-U2SUgYNaCST-saVz47noKW8GRIgFBCaVs70&_nc_sid=b66105&_nc_ht=video.fblr20-3.fna.fbcdn.net&_nc_ohc=KQGRQVwPFngQ7kNvwHCyHhY&efg=eyJ2ZW5jb2RlX3RhZyI6Inhwdl9wcm9ncmVzc2l2ZS5WSV9VU0VDQVNFX1BST0RVQ1RfVFlQRS4uQzMuNzIwLmRhc2hfaDI2NC1iYXNpYy1nZW4yXzcyMHAiLCJ4cHZfYXNzZXRfaWQiOjEwMzMxMzE0NzkyNjgyNTIsImFzc2V0X2FnZV9kYXlzIjozMCwidmlfdXNlY2FzZV9pZCI6MTAxMzksImR1cmF0aW9uX3MiOjQwLCJ1cmxnZW5fc291cmNlIjoid3d3In0%3D&ccb=17-1&vs=487a3960ffc2bea0&_nc_vs=HBksFQIYRWZiX2VwaGVtZXJhbC9CNDQwNEY1NTM2ODEyRTcxMzEyODk4RTc5RDcxMjRBRl9tdF8xX3ZpZGVvX2Rhc2hpbml0Lm1wNBUAAsgBEgAVAhhAZmJfcGVybWFuZW50L0YzNDZEQUZBRDFEMUJBRkQ5RjEyQjczQTkxNzdBQ0EwX2F1ZGlvX2Rhc2hpbml0Lm1wNBUCAsgBEgAoABgAGwKIB3VzZV9vaWwBMRJwcm9ncmVzc2l2ZV9yZWNpcGUBMRUAACa47p-tlejVAxUCKAJDMywXQEQiDEm6XjUYGWRhc2hfaDI2NC1iYXNpYy1nZW4yXzcyMHARAHUAZbaeAQA&_nc_gid=GxLqeyfbwNdH2ya9Hn481Q&_nc_ss=7f289&_nc_zt=28&oh=00_AQCpyqf2rUt3_mr1eSCrYacTizWNqDJVEY50Qgld0uU0Rg&oe=6A672E1B,https://scontent.fblr20-1.fna.fbcdn.net/v/t39.35426-6/747613386_4590603801161284_8904510979932667562_n.jpg?_nc_cat=108&ccb=1-7&_nc_sid=c53f8f&_nc_ohc=xaEwhqHLb8wQ7kNvwF-44qH&_nc_oc=AdruJ4uZSTG6E2LFXdBTdT5TMg8VQH7CaMqEIzWTdUnlf5FZutca8k65oRBmYsx2yj1F-OHR-MkjcFK8ws2DGC7G&_nc_zt=14&_nc_ht=scontent.fblr20-1.fna&_nc_gid=GxLqeyfbwNdH2ya9Hn481Q&_nc_ss=7f289&oh=00_AQCc-_WldDJdzoC5sKVwCDk5jOi2mkF2DQKeGYlI2moD4Q&oe=6A6730CD,2026-07-27T10:08:27.000Z,2026-07-23
56,41,Loora,105478174979714,Loora,,IN,1684750995910833,https://www.facebook.com/ads/library/?id=1684750995910833,2026-07-13,,false,false,1,0,,2026-07-13,,Speak English fluently with your virtual AI English tutor 😎,Best AI English tutor,Install now,http://play.google.com/store/apps/details?id=com.loora.app,"Facebook,Instagram,Audience Network,Messenger,Threads",Speak English fluently with your virtual AI English tutor 😎,Best AI English tutor,Install now,http://play.google.com/store/apps/details?id=com.loora.app,Video,"Facebook,Instagram,Audience Network,Messenger,Threads",1,0,9:16,https://video.fblr20-2.fna.fbcdn.net/o1/v/t2/f2/m366/AQP8PMtcHv9B4JOtH6WVmoMg4R0d6XMAjJqEIlKYdXXlvdv3QJmNTbrHPVxE9h-Qc1XB-ymjSXZ6YsVDv7RB0ufgij9QgAw2g2cMG82M5LbA0Q.mp4?_nc_cat=111&_nc_oc=AdqGPNPGHGINlbTYALdTaxnE9PMfDeXQK3fokFAsrGyoJAJNGpA1OJYQ-4gxh-vPfRvkR8eY0AJVz_Pu0wCZiYsP&_nc_sid=b66105&_nc_ht=video.fblr20-2.fna.fbcdn.net&_nc_ohc=yzcQgpgOaZMQ7kNvwHA44kW&efg=eyJ2ZW5jb2RlX3RhZyI6Inhwdl9wcm9ncmVzc2l2ZS5WSV9VU0VDQVNFX1BST0RVQ1RfVFlQRS4uQzMuNzIwLmRhc2hfaDI2NC1iYXNpYy1nZW4yXzcyMHAiLCJ4cHZfYXNzZXRfaWQiOjE5NDY5MDg0NDI2MTkzNjAsImFzc2V0X2FnZV9kYXlzIjo2NiwidmlfdXNlY2FzZV9pZCI6MTA3OTksImR1cmF0aW9uX3MiOjY4LCJ1cmxnZW5fc291cmNlIjoid3d3In0%3D&ccb=17-1&vs=eb8954c37fdaa551&_nc_vs=HBksFQIYRWZiX2VwaGVtZXJhbC9FRjQyMkYwMUYyMjhFMEFGRTVBNzgzN0VGRDVDMjlCOV9tdF8xX3ZpZGVvX2Rhc2hpbml0Lm1wNBUAAsgBEgAVAhhAZmJfcGVybWFuZW50L0Q4NEZEQjI5NkM2RkVCQ0FGRUYxMzNEQTk3MDIwOTlFX2F1ZGlvX2Rhc2hpbml0Lm1wNBUCAsgBEgAoABgAGwKIB3VzZV9vaWwBMRJwcm9ncmVzc2l2ZV9yZWNpcGUBMRUAACbAt4-i_qz1BhUCKAJDMywXQFEqn752yLQYGWRhc2hfaDI2NC1iYXNpYy1nZW4yXzcyMHARAHUAZd6oAQA&_nc_gid=O_xzSZ2hiygEpbII6qCIWg&_nc_ss=7f289&_nc_zt=28&oh=00_AQCzbyqGgw3kTgCL2cTxua9ELOJoS0us6hJ2y41bdadXXA&oe=6A672141,https://scontent.fblr20-2.fna.fbcdn.net/v/t39.35426-6/748278421_4504159093236392_4196816721571036747_n.jpg?_nc_cat=102&ccb=1-7&_nc_sid=c53f8f&_nc_ohc=tDyL48ubhZ4Q7kNvwGEhRJw&_nc_oc=AdrSe5uis1HiTgakJnQNmi044YfY6pmhDFFaNCkLL5U1DSInqwOoRNif_nw6Pa2b2yd2lPWiZI7vExgIzcgytTX0&_nc_zt=14&_nc_ht=scontent.fblr20-2.fna&_nc_gid=O_xzSZ2hiygEpbII6qCIWg&_nc_ss=7f289&oh=00_AQDavqvxTc_xpijXtvrfWmHz5xn_nMN7hjmVeowIC7_r1A&oe=6A67201B,2026-07-27T09:13:37.000Z,2026-07-23
57,42,Loora,105478174979714,Loora,,IN,1632804617809986,https://www.facebook.com/ads/library/?id=1632804617809986,2026-06-29,,false,false,1,0,,2026-06-29,,Don't be shy to speak English! Become a fluent speaker with your AI Tutor 😎,Best AI English tutor,Install now,https://app.appsflyer.com/id1552708303?pid=metaweb_int&c={{campaign.name}}&af_siteid={{site_source_name}}&af_adset={{adset.name}}&af_ad={{ad.name}}&af_c_id={{campaign.id}}&af_adset_id={{adset.id}}&af_ad_id={{ad.id}}&af_click_lookback=7d,"Facebook,Instagram,Audience Network,Messenger,Threads",Don't be shy to speak English! Become a fluent speaker with your AI Tutor 😎,Best AI English tutor,Install now,https://app.appsflyer.com/id1552708303?pid=metaweb_int&c={{campaign.name}}&af_siteid={{site_source_name}}&af_adset={{adset.name}}&af_ad={{ad.name}}&af_c_id={{campaign.id}}&af_adset_id={{adset.id}}&af_ad_id={{ad.id}}&af_click_lookback=7d,Video,"Facebook,Instagram,Audience Network,Messenger,Threads",1,0,9:16,https://video.fblr20-4.fna.fbcdn.net/o1/v/t2/f2/m366/AQOwVkRNkZ0Y1qVGhaDSu1_psiD3RYQTBjj3Eh_RM15I8E99Ag_PikNdmBqRLGEJQWpF6_rUMoa6dPYpyqlouagGQCNcvoW8ATqYXGUCINUAjA.mp4?_nc_cat=103&_nc_oc=AdoVM0TLckI_QzEqbMpTKacl6YCy8gfkIrJRBRyVuOBAGTRJJar0Qa7VlWjQuUipdTWEN_Re8waw5rOMIKz7biNG&_nc_sid=b66105&_nc_ht=video.fblr20-4.fna.fbcdn.net&_nc_ohc=qGQUTTs-mUAQ7kNvwHLIlPr&efg=eyJ2ZW5jb2RlX3RhZyI6Inhwdl9wcm9ncmVzc2l2ZS5WSV9VU0VDQVNFX1BST0RVQ1RfVFlQRS4uQzMuNzIwLmRhc2hfaDI2NC1iYXNpYy1nZW4yXzcyMHAiLCJ4cHZfYXNzZXRfaWQiOjIxNTUwNjQ1ODg0MDYyODcsImFzc2V0X2FnZV9kYXlzIjoyOCwidmlfdXNlY2FzZV9pZCI6MTAxMzksImR1cmF0aW9uX3MiOjU5LCJ1cmxnZW5fc291cmNlIjoid3d3In0%3D&ccb=17-1&vs=e1bad4a6770baec7&_nc_vs=HBksFQIYRWZiX2VwaGVtZXJhbC8wOTQwREEwNDMwQzZFM0NEMUQzMkRDOEQ1OTVDMkNBOV9tdF8xX3ZpZGVvX2Rhc2hpbml0Lm1wNBUAAsgBEgAVAhhAZmJfcGVybWFuZW50LzJDNDVGODBGQkI2REM1QzU0QTg1QkVDNEEwMTlCMUE4X2F1ZGlvX2Rhc2hpbml0Lm1wNBUCAsgBEgAoABgAGwKIB3VzZV9vaWwBMRJwcm9ncmVzc2l2ZV9yZWNpcGUBMRUAACaeuJS0ooHUBxUCKAJDMywXQE2RBiTdLxsYGWRhc2hfaDI2NC1iYXNpYy1nZW4yXzcyMHARAHUAZbaeAQA&_nc_gid=Om7i8Jt9CYDta0wcQeed6Q&_nc_ss=7f289&_nc_zt=28&oh=00_AQDTFBwbtVNplilNNyU67fsFGPJphWYo5ZFySdehY6UuCA&oe=6A6740F1,https://scontent.fblr20-4.fna.fbcdn.net/v/t39.35426-6/733756568_27388394054159393_1552815497239956442_n.jpg?_nc_cat=101&ccb=1-7&_nc_sid=c53f8f&_nc_ohc=cD9M7E5sKOoQ7kNvwFov2a3&_nc_oc=AdqgB3PnaRVsrZTLoHRFTuMXZD2s83lo7HPdiWY7GAJ-1KrUFMpMdbi-f7W_fFo9zfEH1828xcvyNiwtTsyDVwt4&_nc_zt=14&_nc_ht=scontent.fblr20-4.fna&_nc_gid=Om7i8Jt9CYDta0wcQeed6Q&_nc_ss=7f289&oh=00_AQCRMYuqfcK83pIxhoHOC_7hLX_UlyUwKxm97el0kF3Vxw&oe=6A674936,2026-07-27T11:28:49.000Z,2026-07-23
58,43,Loora,105478174979714,Loora,,IN,1017721613974007,https://www.facebook.com/ads/library/?id=1017721613974007,2026-07-12,,false,false,1,0,,2026-07-12,,Speak English fluently with your virtual AI English tutor 😎,Best AI English tutor,Install now,http://play.google.com/store/apps/details?id=com.loora.app,"Facebook,Instagram,Audience Network,Messenger,Threads",Speak English fluently with your virtual AI English tutor 😎,Best AI English tutor,Install now,http://play.google.com/store/apps/details?id=com.loora.app,Video,"Facebook,Instagram,Audience Network,Messenger,Threads",1,0,9:16,https://video.fblr20-3.fna.fbcdn.net/o1/v/t2/f2/m366/AQMLwL_ajch2gRAaUmJ2LP1WM1ljAGwfAUGtxRMOMWZjuQn8kxViDx_HvUwzOOt0E4RyWMXwLLgQp_H2198PEUYUAP46rDdR7Yss3cmYqqeAsQ.mp4?_nc_cat=105&_nc_oc=AdpaouhG8y7_7gv8-Zu9RRW04md9UyOYOQS9htd5ZP3WF9jkxPRja5Rq_GenVgvxVyr9j2MM1-OLCw4SLdnGGi-M&_nc_sid=b66105&_nc_ht=video.fblr20-3.fna.fbcdn.net&_nc_ohc=7vzV1AigDqMQ7kNvwGdU7tp&efg=eyJ2ZW5jb2RlX3RhZyI6Inhwdl9wcm9ncmVzc2l2ZS5WSV9VU0VDQVNFX1BST0RVQ1RfVFlQRS4uQzMuNzIwLmRhc2hfaDI2NC1iYXNpYy1nZW4yXzcyMHAiLCJ4cHZfYXNzZXRfaWQiOjE2NzkzOTc0NjMzNjU5MTEsImFzc2V0X2FnZV9kYXlzIjoxMCwidmlfdXNlY2FzZV9pZCI6MTAxMzksImR1cmF0aW9uX3MiOjU2LCJ1cmxnZW5fc291cmNlIjoid3d3In0%3D&ccb=17-1&vs=b7d4a0aba644fd19&_nc_vs=HBksFQIYRWZiX2VwaGVtZXJhbC8yRTRCNjg4RjBEQzdFREM5MTY5QTg4RjMyMEY4NDdCOV9tdF8xX3ZpZGVvX2Rhc2hpbml0Lm1wNBUAAsgBEgAVAhhAZmJfcGVybWFuZW50L0FBNEE3Q0I1MkVGRTU1MDZCQTVENUZCQUU0QUVBOUFCX2F1ZGlvX2Rhc2hpbml0Lm1wNBUCAsgBEgAoABgAGwKIB3VzZV9vaWwBMRJwcm9ncmVzc2l2ZV9yZWNpcGUBMRUAACau5OyT5tn7BRUCKAJDMywXQEwiDEm6XjUYGWRhc2hfaDI2NC1iYXNpYy1nZW4yXzcyMHARAHUAZbaeAQA&_nc_gid=Om7i8Jt9CYDta0wcQeed6Q&_nc_ss=7f289&_nc_zt=28&oh=00_AQCVsSfvLNl-5OapjmagExrJNtE8dSZwNJ46RDKk4gvY6A&oe=6A674BFF,https://scontent.fblr20-1.fna.fbcdn.net/v/t39.35426-6/747549017_1557430095773871_1336534159735524483_n.jpg?_nc_cat=108&ccb=1-7&_nc_sid=c53f8f&_nc_ohc=RYRns2-aQIAQ7kNvwGCkZTx&_nc_oc=AdomKVEBN596H7ripiRJRxl_EnAAY5lyGrZ-rmFBfQTQwAb__mEFRWs6zTptMhZt_4cgC2XzEcPPLZWa7SoeIm14&_nc_zt=14&_nc_ht=scontent.fblr20-1.fna&_nc_gid=Om7i8Jt9CYDta0wcQeed6Q&_nc_ss=7f289&oh=00_AQBQmMJvalvmyVtQbDwaWZhevoqnKqYAY-DuGDelhxjLVQ&oe=6A672015,2026-07-27T12:15:59.000Z,2026-07-23
59,44,Loora,105478174979714,Loora,,IN,1044304634647027,https://www.facebook.com/ads/library/?id=1044304634647027,2026-07-13,,false,true,2,0,1044304634647027,2026-07-13,,Speak English fluently with your virtual AI English tutor 😎,Best AI English tutor,Install now,http://play.google.com/store/apps/details?id=com.loora.app,"Facebook,Instagram,Audience Network,Messenger,Threads",Speak English fluently with your virtual AI English tutor 😎,Best AI English tutor,Install now,http://play.google.com/store/apps/details?id=com.loora.app,Video,"Facebook,Instagram,Audience Network,Messenger,Threads",1,0,9:16,https://video.fblr20-2.fna.fbcdn.net/o1/v/t2/f2/m366/AQMc65VpW5cMsBMPnovmLQxuPfzUdyYBpNbAEsMUvo9-StLa-vLZ4Xfn9HSV2srp1FeCwm_UeEPP9em1UZxPrylVVoDgRhTm1Sj6uO8pOXyEWg.mp4?_nc_cat=102&_nc_oc=Adr-JQ4SBrTTAoEWp5ctlii4AcxbpewX5ZUa-q-eXrQWPP5D0rw0HgiyACxDVgA5994kxbq_SD_WJhm0gSs-EGgU&_nc_sid=b66105&_nc_ht=video.fblr20-2.fna.fbcdn.net&_nc_ohc=JAaUVIs271wQ7kNvwEtgyCv&efg=eyJ2ZW5jb2RlX3RhZyI6Inhwdl9wcm9ncmVzc2l2ZS5WSV9VU0VDQVNFX1BST0RVQ1RfVFlQRS4uQzMuNzIwLmRhc2hfaDI2NC1iYXNpYy1nZW4yXzcyMHAiLCJ4cHZfYXNzZXRfaWQiOjE4NzEzMzIyNjAyNDYyNjIsImFzc2V0X2FnZV9kYXlzIjoxMDMsInZpX3VzZWNhc2VfaWQiOjEwNzk5LCJkdXJhdGlvbl9zIjo1NCwidXJsZ2VuX3NvdXJjZSI6Ind3dyJ9&ccb=17-1&vs=b8f0b2c56c81170&_nc_vs=HBksFQIYRWZiX2VwaGVtZXJhbC82QzRFNTk5RUQ3MTEyQ0FCMjBBOEM1MkVDQzRGQUNBNl9tdF8xX3ZpZGVvX2Rhc2hpbml0Lm1wNBUAAsgBEgAVAhhAZmJfcGVybWFuZW50L0UzNEYyOEMyNjhFNTlBMERFOTlCNzdDQzdERDI5QTk0X2F1ZGlvX2Rhc2hpbml0Lm1wNBUCAsgBEgAoABgAGwKIB3VzZV9vaWwBMRJwcm9ncmVzc2l2ZV9yZWNpcGUBMRUAACbsy4fq7_3SBhUCKAJDMywXQEtZmZmZmZoYGWRhc2hfaDI2NC1iYXNpYy1nZW4yXzcyMHARAHUAZd6oAQA&_nc_gid=Om7i8Jt9CYDta0wcQeed6Q&_nc_ss=7f289&_nc_zt=28&oh=00_AQBLL8syM5VhWprLvEUaMuMvaty6RacLYprWOBLKwSU2tA&oe=6A67443A,https://scontent.fblr20-2.fna.fbcdn.net/v/t39.35426-6/747422558_999354739608628_3353026230211778840_n.jpg?_nc_cat=111&ccb=1-7&_nc_sid=c53f8f&_nc_ohc=pOzkwQ1yQpUQ7kNvwHOhRIU&_nc_oc=AdqR9WWJrYJ_kC_2_aomRgxqEHeGIeU2P5yoNlDx9GmPSObz7M5zHX-lBer-CS8qT2iutR9HotCzKOxv588VS_DV&_nc_zt=14&_nc_ht=scontent.fblr20-2.fna&_nc_gid=Om7i8Jt9CYDta0wcQeed6Q&_nc_ss=7f289&oh=00_AQDhfOAHj48gaBGe43_mLIVUdYfqKwR72X9o1fk08bESag&oe=6A67529B,2026-07-27T11:42:50.000Z,2026-07-23
60,44,Loora,105478174979714,Loora,,IN,1044304634647027,https://www.facebook.com/ads/library/?id=1044304634647027,2026-07-13,,false,true,2,1,1042802638275934,2026-07-13,,Speak English fluently with your virtual AI English tutor 😎,Best AI English tutor,Install now,http://play.google.com/store/apps/details?id=com.loora.app,"Facebook,Instagram,Audience Network,Messenger,Threads",Speak English fluently with your virtual AI English tutor 😎,Best AI English tutor,Install now,http://play.google.com/store/apps/details?id=com.loora.app,Video,"Facebook,Instagram,Audience Network,Messenger,Threads",1,0,9:16,https://video.fblr20-2.fna.fbcdn.net/o1/v/t2/f2/m366/AQMc65VpW5cMsBMPnovmLQxuPfzUdyYBpNbAEsMUvo9-StLa-vLZ4Xfn9HSV2srp1FeCwm_UeEPP9em1UZxPrylVVoDgRhTm1Sj6uO8pOXyEWg.mp4?_nc_cat=102&_nc_oc=Adr-JQ4SBrTTAoEWp5ctlii4AcxbpewX5ZUa-q-eXrQWPP5D0rw0HgiyACxDVgA5994kxbq_SD_WJhm0gSs-EGgU&_nc_sid=b66105&_nc_ht=video.fblr20-2.fna.fbcdn.net&_nc_ohc=JAaUVIs271wQ7kNvwEtgyCv&efg=eyJ2ZW5jb2RlX3RhZyI6Inhwdl9wcm9ncmVzc2l2ZS5WSV9VU0VDQVNFX1BST0RVQ1RfVFlQRS4uQzMuNzIwLmRhc2hfaDI2NC1iYXNpYy1nZW4yXzcyMHAiLCJ4cHZfYXNzZXRfaWQiOjE4NzEzMzIyNjAyNDYyNjIsImFzc2V0X2FnZV9kYXlzIjoxMDMsInZpX3VzZWNhc2VfaWQiOjEwNzk5LCJkdXJhdGlvbl9zIjo1NCwidXJsZ2VuX3NvdXJjZSI6Ind3dyJ9&ccb=17-1&vs=b8f0b2c56c81170&_nc_vs=HBksFQIYRWZiX2VwaGVtZXJhbC82QzRFNTk5RUQ3MTEyQ0FCMjBBOEM1MkVDQzRGQUNBNl9tdF8xX3ZpZGVvX2Rhc2hpbml0Lm1wNBUAAsgBEgAVAhhAZmJfcGVybWFuZW50L0UzNEYyOEMyNjhFNTlBMERFOTlCNzdDQzdERDI5QTk0X2F1ZGlvX2Rhc2hpbml0Lm1wNBUCAsgBEgAoABgAGwKIB3VzZV9vaWwBMRJwcm9ncmVzc2l2ZV9yZWNpcGUBMRUAACbsy4fq7_3SBhUCKAJDMywXQEtZmZmZmZoYGWRhc2hfaDI2NC1iYXNpYy1nZW4yXzcyMHARAHUAZd6oAQA&_nc_gid=9tFOUBLYCQKnpAO46uM2aA&_nc_ss=7f289&_nc_zt=28&oh=00_AQCU_QUlxlqlJSUm9gEWPof8Zf9jdC-wWrNiRdKqJcSxEA&oe=6A67443A,https://scontent.fblr20-1.fna.fbcdn.net/v/t39.35426-6/744489385_1009894855089372_682606566498041985_n.jpg?_nc_cat=110&ccb=1-7&_nc_sid=c53f8f&_nc_ohc=ax-ZeohK_24Q7kNvwE0Yqz1&_nc_oc=AdoT9Y9c3VDcqvgi9IpWZU_NDIpQQgEGrEwTGogZsTcHoPKz7IgHfQSoPFIhD-_OOZ9nL28j9Od64aFPt5IwABA5&_nc_zt=14&_nc_ht=scontent.fblr20-1.fna&_nc_gid=9tFOUBLYCQKnpAO46uM2aA&_nc_ss=7f289&oh=00_AQAR-jrrNIgsQotJCgCMzSbfpL8-ip7SynxUEd5zzyyO1w&oe=6A673C4F,2026-07-27T11:42:50.000Z,2026-07-23
61,45,Loora,105478174979714,Loora,,IN,2154774542127805,https://www.facebook.com/ads/library/?id=2154774542127805,2026-07-13,,false,true,2,0,2154774542127805,2026-07-13,,Speak English fluently with your virtual AI English tutor 😎,Best AI English tutor,Install now,http://play.google.com/store/apps/details?id=com.loora.app,"Facebook,Instagram,Audience Network,Messenger,Threads",Speak English fluently with your virtual AI English tutor 😎,Best AI English tutor,Install now,http://play.google.com/store/apps/details?id=com.loora.app,Video,"Facebook,Instagram,Audience Network,Messenger,Threads",1,0,9:16,https://video.fblr20-2.fna.fbcdn.net/o1/v/t2/f2/m366/AQMN1x0vWTd-ahGPQDYLfYlCumVl3r1VQwU9-FbboBduR3uGSwx-lhqEk8LGEdFMh_1xavjm0yySa8i4rSaud-E-sOeyoXAs6az4VWO0VpPzPA.mp4?_nc_cat=102&_nc_oc=AdrV6wPndQ1F5LhwH6VE8Owdvnbnr1xn95PVan2jMiJMuEsa_NJUJSjbGj3P4Zk56TRuHgKbHc64G5jM9yUiLJ3K&_nc_sid=b66105&_nc_ht=video.fblr20-2.fna.fbcdn.net&_nc_ohc=Iq9o_by5Yk0Q7kNvwGZoAaT&efg=eyJ2ZW5jb2RlX3RhZyI6Inhwdl9wcm9ncmVzc2l2ZS5WSV9VU0VDQVNFX1BST0RVQ1RfVFlQRS4uQzMuNzIwLmRhc2hfaDI2NC1iYXNpYy1nZW4yXzcyMHAiLCJ4cHZfYXNzZXRfaWQiOjk1MzcyMzEzMDkwNjY0NiwiYXNzZXRfYWdlX2RheXMiOjY1LCJ2aV91c2VjYXNlX2lkIjoxMDEzOSwiZHVyYXRpb25fcyI6NjAsInVybGdlbl9zb3VyY2UiOiJ3d3cifQ%3D%3D&ccb=17-1&vs=234c887906920c13&_nc_vs=HBksFQIYRWZiX2VwaGVtZXJhbC8xODQ3RjI2MDM4MjNBMkUzMDMwQTRCNUI0MEVCRDhBNl9tdF8xX3ZpZGVvX2Rhc2hpbml0Lm1wNBUAAsgBEgAVAhhAZmJfcGVybWFuZW50L0JENEJBNDU3M0VBQUNENUQ5NTZFNjBENzkzMkZGMzkwX2F1ZGlvX2Rhc2hpbml0Lm1wNBUCAsgBEgAoABgAGwKIB3VzZV9vaWwBMRJwcm9ncmVzc2l2ZV9yZWNpcGUBMRUAACasoPSG_9mxAxUCKAJDMywXQE5mZmZmZmYYGWRhc2hfaDI2NC1iYXNpYy1nZW4yXzcyMHARAHUAZbaeAQA&_nc_gid=Om7i8Jt9CYDta0wcQeed6Q&_nc_ss=7f289&_nc_zt=28&oh=00_AQBFkx3yTFU59xPaE1uIiZxZqG7LnX54zean2FzW3FcWGw&oe=6A672BE6,https://scontent.fblr20-1.fna.fbcdn.net/v/t39.35426-6/746256694_1320415173634608_3223152812722159984_n.jpg?_nc_cat=108&ccb=1-7&_nc_sid=c53f8f&_nc_ohc=tgyJ4vYJGfMQ7kNvwFQ1CYB&_nc_oc=Adq9vWkohAKxTfxA06MV9cHBZj0mag-XPxuPviYE1Km9u2vY3nE6xZkFfblFkM-Fem_IZ7htBm3J53PHIL4r9UEk&_nc_zt=14&_nc_ht=scontent.fblr20-1.fna&_nc_gid=Om7i8Jt9CYDta0wcQeed6Q&_nc_ss=7f289&oh=00_AQBYaonpjLV69MnsfF55cyn-wfdOfjTjjec2xCNrUNdIrA&oe=6A67252D,2026-07-27T09:59:02.000Z,2026-07-23
62,45,Loora,105478174979714,Loora,,IN,2154774542127805,https://www.facebook.com/ads/library/?id=2154774542127805,2026-07-13,,false,true,2,1,1385055313562456,2026-07-13,,Speak English fluently with your virtual AI English tutor 😎,Best AI English tutor,Install now,http://play.google.com/store/apps/details?id=com.loora.app,"Facebook,Instagram,Audience Network,Messenger,Threads",Speak English fluently with your virtual AI English tutor 😎,Best AI English tutor,Install now,http://play.google.com/store/apps/details?id=com.loora.app,Video,"Facebook,Instagram,Audience Network,Messenger,Threads",1,0,9:16,https://video.fblr20-2.fna.fbcdn.net/o1/v/t2/f2/m366/AQMN1x0vWTd-ahGPQDYLfYlCumVl3r1VQwU9-FbboBduR3uGSwx-lhqEk8LGEdFMh_1xavjm0yySa8i4rSaud-E-sOeyoXAs6az4VWO0VpPzPA.mp4?_nc_cat=102&_nc_oc=AdrV6wPndQ1F5LhwH6VE8Owdvnbnr1xn95PVan2jMiJMuEsa_NJUJSjbGj3P4Zk56TRuHgKbHc64G5jM9yUiLJ3K&_nc_sid=b66105&_nc_ht=video.fblr20-2.fna.fbcdn.net&_nc_ohc=Iq9o_by5Yk0Q7kNvwGZoAaT&efg=eyJ2ZW5jb2RlX3RhZyI6Inhwdl9wcm9ncmVzc2l2ZS5WSV9VU0VDQVNFX1BST0RVQ1RfVFlQRS4uQzMuNzIwLmRhc2hfaDI2NC1iYXNpYy1nZW4yXzcyMHAiLCJ4cHZfYXNzZXRfaWQiOjk1MzcyMzEzMDkwNjY0NiwiYXNzZXRfYWdlX2RheXMiOjY1LCJ2aV91c2VjYXNlX2lkIjoxMDEzOSwiZHVyYXRpb25fcyI6NjAsInVybGdlbl9zb3VyY2UiOiJ3d3cifQ%3D%3D&ccb=17-1&vs=234c887906920c13&_nc_vs=HBksFQIYRWZiX2VwaGVtZXJhbC8xODQ3RjI2MDM4MjNBMkUzMDMwQTRCNUI0MEVCRDhBNl9tdF8xX3ZpZGVvX2Rhc2hpbml0Lm1wNBUAAsgBEgAVAhhAZmJfcGVybWFuZW50L0JENEJBNDU3M0VBQUNENUQ5NTZFNjBENzkzMkZGMzkwX2F1ZGlvX2Rhc2hpbml0Lm1wNBUCAsgBEgAoABgAGwKIB3VzZV9vaWwBMRJwcm9ncmVzc2l2ZV9yZWNpcGUBMRUAACasoPSG_9mxAxUCKAJDMywXQE5mZmZmZmYYGWRhc2hfaDI2NC1iYXNpYy1nZW4yXzcyMHARAHUAZbaeAQA&_nc_gid=9tFOUBLYCQKnpAO46uM2aA&_nc_ss=7f289&_nc_zt=28&oh=00_AQAFkTNZZcKotCEpED24zoAX_gzL-ECBSYc2H83b-mURZQ&oe=6A672BE6,https://scontent.fblr20-3.fna.fbcdn.net/v/t39.35426-6/748243302_1517510646052052_3543348100626830904_n.jpg?_nc_cat=109&ccb=1-7&_nc_sid=c53f8f&_nc_ohc=0GOOirs0nMIQ7kNvwGl-3DZ&_nc_oc=AdqZwZQA6VvIrGCGgPf5rqii-_3Ztp9w5RtCzVL44qBd6jBJ9CnQd20tdTtEeRwq-TxejM4v1PY42h0eIZrJJqC4&_nc_zt=14&_nc_ht=scontent.fblr20-3.fna&_nc_gid=9tFOUBLYCQKnpAO46uM2aA&_nc_ss=7f289&oh=00_AQA4ay5u7AoHm8Ic5t0xxI2kgzgiLdiLPFeUkYefTa5Umw&oe=6A672D34,2026-07-27T09:59:02.000Z,2026-07-23
63,46,Loora,105478174979714,Loora,,IN,989729313528735,https://www.facebook.com/ads/library/?id=989729313528735,2026-05-16,,false,false,1,0,,2026-05-16,,Don't be shy to speak English! Become a fluent speaker with your AI Tutor 😎,Best AI English tutor,Install now,https://app.appsflyer.com/id1552708303?pid=metaweb_int&c={{campaign.name}}&af_siteid={{site_source_name}}&af_adset={{adset.name}}&af_ad={{ad.name}}&af_c_id={{campaign.id}}&af_adset_id={{adset.id}}&af_ad_id={{ad.id}}&af_click_lookback=7d,"Facebook,Instagram,Audience Network,Messenger,Threads",Don't be shy to speak English! Become a fluent speaker with your AI Tutor 😎,Best AI English tutor,Install now,https://app.appsflyer.com/id1552708303?pid=metaweb_int&c={{campaign.name}}&af_siteid={{site_source_name}}&af_adset={{adset.name}}&af_ad={{ad.name}}&af_c_id={{campaign.id}}&af_adset_id={{adset.id}}&af_ad_id={{ad.id}}&af_click_lookback=7d,Video,"Facebook,Instagram,Audience Network,Messenger,Threads",1,0,9:16,https://video.fblr20-2.fna.fbcdn.net/o1/v/t2/f2/m366/AQOtI16_PfyFayYb5umfv0MNqv4hT1DU7QCI_2bneYBqDrmuQ8cT0TfIeaJtSNYPawOStutzZ7k_neKeonk-SnaC5yQpCJUDZ7zmiJ9sCjcjBQ.mp4?_nc_cat=111&_nc_oc=Adq-7x53SERxlAEcOEXmmwRaUIf7UT34W8k_1B5OZl7v3PR7yvMeDW7vWj6kqNi1gBn5WJyCyanPGpYl3RNq5YzG&_nc_sid=b66105&_nc_ht=video.fblr20-2.fna.fbcdn.net&_nc_ohc=ecNyfLH0XtoQ7kNvwFbg9bV&efg=eyJ2ZW5jb2RlX3RhZyI6Inhwdl9wcm9ncmVzc2l2ZS5WSV9VU0VDQVNFX1BST0RVQ1RfVFlQRS4uQzMuNzIwLmRhc2hfaDI2NC1iYXNpYy1nZW4yXzcyMHAiLCJ4cHZfYXNzZXRfaWQiOjE0NzUxNzExNTY4MTQ4OTIsImFzc2V0X2FnZV9kYXlzIjo3MSwidmlfdXNlY2FzZV9pZCI6MTAxMzksImR1cmF0aW9uX3MiOjM4LCJ1cmxnZW5fc291cmNlIjoid3d3In0%3D&ccb=17-1&vs=c641c1bebf9dc16c&_nc_vs=HBksFQIYRWZiX2VwaGVtZXJhbC85RDQ2MjBCODgxNzRGMDFBMDE1RjE0MDg0Qjk4MUE4Rl9tdF8xX3ZpZGVvX2Rhc2hpbml0Lm1wNBUAAsgBEgAVAhhAZmJfcGVybWFuZW50LzE3NEREMUY1RTBCNzk0MUVCQjY1RUQ4RkRBNUNGNUE3X2F1ZGlvX2Rhc2hpbml0Lm1wNBUCAsgBEgAoABgAGwKIB3VzZV9vaWwBMRJwcm9ncmVzc2l2ZV9yZWNpcGUBMRUAACbYsMfMoeqeBRUCKAJDMywXQEMAAAAAAAAYGWRhc2hfaDI2NC1iYXNpYy1nZW4yXzcyMHARAHUAZbaeAQA&_nc_gid=Om7i8Jt9CYDta0wcQeed6Q&_nc_ss=7f289&_nc_zt=28&oh=00_AQDA4FZYiLWozonyItTO3huGjsAVG93q2wL1vT2U-dKxlg&oe=6A674545,https://scontent.fblr20-2.fna.fbcdn.net/v/t39.35426-6/700224193_1535504444659121_7981250663827794770_n.jpg?_nc_cat=102&ccb=1-7&_nc_sid=c53f8f&_nc_ohc=IMq7LlxqNoAQ7kNvwG_-kIk&_nc_oc=Adp7iKAxELMsFSE0szPlgeVPNhCT8pD214yHN8_TnmY57vTcudHXeMKt1IKKWLMBoU5D6MkN6kWKfLoBFFEwWTOp&_nc_zt=14&_nc_ht=scontent.fblr20-2.fna&_nc_gid=Om7i8Jt9CYDta0wcQeed6Q&_nc_ss=7f289&oh=00_AQDBHJjBSiF576ApljExbEUWjrPv5_U8Gd3bHz28sO_W0Q&oe=6A675196,2026-07-27T11:47:17.000Z,2026-07-23
64,47,Loora,105478174979714,Loora,,IN,1336212968718713,https://www.facebook.com/ads/library/?id=1336212968718713,2026-07-13,,false,true,2,0,1336212968718713,2026-07-13,,Speak English fluently with your virtual AI English tutor 😎,Best AI English tutor,Install now,http://play.google.com/store/apps/details?id=com.loora.app,"Facebook,Instagram,Audience Network,Messenger,Threads",Speak English fluently with your virtual AI English tutor 😎,Best AI English tutor,Install now,http://play.google.com/store/apps/details?id=com.loora.app,Video,"Facebook,Instagram,Audience Network,Messenger,Threads",1,0,9:16,https://video.fblr20-4.fna.fbcdn.net/o1/v/t2/f2/m366/AQNMELujVIhbBnpaD56OSMl4XZk7XkRQd7-UBJzlXGTGbPwNer8m1CzOQgD5YH5ZN_boZiNxRvAbjG6RzTB_DzGjOq6xuCHwh5hnUW8NlptEhw.mp4?_nc_cat=106&_nc_oc=AdppCr3LqUnZ92sgbHBs_U1vt3FduVPTItOTzYGCxiTLS98j87Ts2r_bnwt8Do8jW7X9mkky2gla45LdUj59NzVW&_nc_sid=b66105&_nc_ht=video.fblr20-4.fna.fbcdn.net&_nc_ohc=9YZVW8jJ8bsQ7kNvwFo4im7&efg=eyJ2ZW5jb2RlX3RhZyI6Inhwdl9wcm9ncmVzc2l2ZS5WSV9VU0VDQVNFX1BST0RVQ1RfVFlQRS4uQzMuNzIwLmRhc2hfaDI2NC1iYXNpYy1nZW4yXzcyMHAiLCJ4cHZfYXNzZXRfaWQiOjIwOTYyMTE2NDQ0ODQ3MzIsImFzc2V0X2FnZV9kYXlzIjoxNjcsInZpX3VzZWNhc2VfaWQiOjEwNzk5LCJkdXJhdGlvbl9zIjo4OCwidXJsZ2VuX3NvdXJjZSI6Ind3dyJ9&ccb=17-1&vs=97b7a2cc68e54f6e&_nc_vs=HBksFQIYRWZiX2VwaGVtZXJhbC80NTRBNDRBMDlCMTM2NUU4Rjk2MkQxRjMxRjkwQUNBMl9tdF8xX3ZpZGVvX2Rhc2hpbml0Lm1wNBUAAsgBEgAVAhhAZmJfcGVybWFuZW50L0IwNDdGNjJCQzEyODY1NzhBODAwMkMwMTcyM0MxNjk2X2F1ZGlvX2Rhc2hpbml0Lm1wNBUCAsgBEgAoABgAGwKIB3VzZV9vaWwBMRJwcm9ncmVzc2l2ZV9yZWNpcGUBMRUAACb4sYznyZ-5BxUCKAJDMywXQFYu6XjU_fQYGWRhc2hfaDI2NC1iYXNpYy1nZW4yXzcyMHARAHUAZd6oAQA&_nc_gid=Om7i8Jt9CYDta0wcQeed6Q&_nc_ss=7f289&_nc_zt=28&oh=00_AQBFYrAfeu5f_GKARHCBIwBP505Ze7Y4v8xIptvMnm99YA&oe=6A6745EA,https://scontent.fblr20-4.fna.fbcdn.net/v/t39.35426-6/748370073_1061704516474662_1917616235688347410_n.jpg?_nc_cat=106&ccb=1-7&_nc_sid=c53f8f&_nc_ohc=5Sds3QxJhZkQ7kNvwEF8EGJ&_nc_oc=Adq2FAPnoHTfqFYNQ2iCeIamVQ7ORoC6lJTM2Gtu_Wcl49iei8sy14kwi8CI_-CgnIQqRZCac89kHC8pqwcJNVQE&_nc_zt=14&_nc_ht=scontent.fblr20-4.fna&_nc_gid=Om7i8Jt9CYDta0wcQeed6Q&_nc_ss=7f289&oh=00_AQDrqxs8ayd88qIymuWWtbdk0C5k4_HHEmc7wCMnUl_qqQ&oe=6A674484,2026-07-27T11:50:02.000Z,2026-07-23
65,47,Loora,105478174979714,Loora,,IN,1336212968718713,https://www.facebook.com/ads/library/?id=1336212968718713,2026-07-13,,false,true,2,1,911691067910362,2026-07-13,,Speak English fluently with your virtual AI English tutor 😎,Best AI English tutor,Install now,http://play.google.com/store/apps/details?id=com.loora.app,"Facebook,Instagram,Audience Network,Messenger,Threads",Speak English fluently with your virtual AI English tutor 😎,Best AI English tutor,Install now,http://play.google.com/store/apps/details?id=com.loora.app,Video,"Facebook,Instagram,Audience Network,Messenger,Threads",1,0,9:16,https://video.fblr20-4.fna.fbcdn.net/o1/v/t2/f2/m366/AQNMELujVIhbBnpaD56OSMl4XZk7XkRQd7-UBJzlXGTGbPwNer8m1CzOQgD5YH5ZN_boZiNxRvAbjG6RzTB_DzGjOq6xuCHwh5hnUW8NlptEhw.mp4?_nc_cat=106&_nc_oc=AdppCr3LqUnZ92sgbHBs_U1vt3FduVPTItOTzYGCxiTLS98j87Ts2r_bnwt8Do8jW7X9mkky2gla45LdUj59NzVW&_nc_sid=b66105&_nc_ht=video.fblr20-4.fna.fbcdn.net&_nc_ohc=9YZVW8jJ8bsQ7kNvwFo4im7&efg=eyJ2ZW5jb2RlX3RhZyI6Inhwdl9wcm9ncmVzc2l2ZS5WSV9VU0VDQVNFX1BST0RVQ1RfVFlQRS4uQzMuNzIwLmRhc2hfaDI2NC1iYXNpYy1nZW4yXzcyMHAiLCJ4cHZfYXNzZXRfaWQiOjIwOTYyMTE2NDQ0ODQ3MzIsImFzc2V0X2FnZV9kYXlzIjoxNjcsInZpX3VzZWNhc2VfaWQiOjEwNzk5LCJkdXJhdGlvbl9zIjo4OCwidXJsZ2VuX3NvdXJjZSI6Ind3dyJ9&ccb=17-1&vs=97b7a2cc68e54f6e&_nc_vs=HBksFQIYRWZiX2VwaGVtZXJhbC80NTRBNDRBMDlCMTM2NUU4Rjk2MkQxRjMxRjkwQUNBMl9tdF8xX3ZpZGVvX2Rhc2hpbml0Lm1wNBUAAsgBEgAVAhhAZmJfcGVybWFuZW50L0IwNDdGNjJCQzEyODY1NzhBODAwMkMwMTcyM0MxNjk2X2F1ZGlvX2Rhc2hpbml0Lm1wNBUCAsgBEgAoABgAGwKIB3VzZV9vaWwBMRJwcm9ncmVzc2l2ZV9yZWNpcGUBMRUAACb4sYznyZ-5BxUCKAJDMywXQFYu6XjU_fQYGWRhc2hfaDI2NC1iYXNpYy1nZW4yXzcyMHARAHUAZd6oAQA&_nc_gid=9tFOUBLYCQKnpAO46uM2aA&_nc_ss=7f289&_nc_zt=28&oh=00_AQBngMFlNIId3cdD8Oux8FPY7Bc7wtkOUjKXWG9Cqe7SRg&oe=6A6745EA,https://scontent.fblr20-5.fna.fbcdn.net/v/t39.35426-6/745477103_1720201149022780_6672650983329750516_n.jpg?_nc_cat=107&ccb=1-7&_nc_sid=c53f8f&_nc_ohc=BAlcyg2td60Q7kNvwEhaHWQ&_nc_oc=AdrA0nlWN7Lxkccpoe4WV97kOj4Esb34uAItceHj1aNuI12EL1AosqznqibThhfEApjJGEoT5vRp9RooMOte8hkF&_nc_zt=14&_nc_ht=scontent.fblr20-5.fna&_nc_gid=9tFOUBLYCQKnpAO46uM2aA&_nc_ss=7f289&oh=00_AQBD4g0tlgbhg5wltXc4ODxpQgjcLaOIE-GmcoPtq8N_Og&oe=6A67269F,2026-07-27T11:50:02.000Z,2026-07-23
66,48,Loora,105478174979714,Loora,,IN,1365207728918628,https://www.facebook.com/ads/library/?id=1365207728918628,2026-07-12,,false,false,1,0,,2026-07-12,,Speak English fluently with your virtual AI English tutor 😎,Best AI English tutor,Install now,http://play.google.com/store/apps/details?id=com.loora.app,"Facebook,Instagram,Audience Network,Messenger,Threads",Speak English fluently with your virtual AI English tutor 😎,Best AI English tutor,Install now,http://play.google.com/store/apps/details?id=com.loora.app,Video,"Facebook,Instagram,Audience Network,Messenger,Threads",1,0,9:16,https://video.fblr20-2.fna.fbcdn.net/o1/v/t2/f2/m366/AQPwISReq-Qw7wyqbFpYK_ojdL-WADTwfIqzD-kBYt9pqLSZca6hORonrrGk6punUfU_srZUguxvrfP8v8PsIdHgRhEtzmo9P9eL288TaBcF9Q.mp4?_nc_cat=111&_nc_oc=AdozvIvXYLLp6kiB2iD3AjEilxgk0nKFxt-0TRkAOsdePDPkAhxdhUc-vd04DS9g6JAj_qtmZcWYZzLr0Ty2tFCX&_nc_sid=b66105&_nc_ht=video.fblr20-2.fna.fbcdn.net&_nc_ohc=0dFtzss6RoEQ7kNvwGmiYjF&efg=eyJ2ZW5jb2RlX3RhZyI6Inhwdl9wcm9ncmVzc2l2ZS5WSV9VU0VDQVNFX1BST0RVQ1RfVFlQRS4uQzMuNzIwLmRhc2hfaDI2NC1iYXNpYy1nZW4yXzcyMHAiLCJ4cHZfYXNzZXRfaWQiOjEzOTczNjkxOTg5NjYwNTMsImFzc2V0X2FnZV9kYXlzIjoxMCwidmlfdXNlY2FzZV9pZCI6MTAxMzksImR1cmF0aW9uX3MiOjU1LCJ1cmxnZW5fc291cmNlIjoid3d3In0%3D&ccb=17-1&vs=1637759686898247&_nc_vs=HBksFQIYRWZiX2VwaGVtZXJhbC9DRDQ4QzBBRDY3NDQ1QTJGRjY5MDdGODA2MzVCNUY4Ql9tdF8xX3ZpZGVvX2Rhc2hpbml0Lm1wNBUAAsgBEgAVAhhAZmJfcGVybWFuZW50LzhENEIyNjcyOTgyQUY5RkZGMzA0NUEzRTI2RDI5OUI5X2F1ZGlvX2Rhc2hpbml0Lm1wNBUCAsgBEgAoABgAGwKIB3VzZV9vaWwBMRJwcm9ncmVzc2l2ZV9yZWNpcGUBMRUAACbK1Mvry7n7BBUCKAJDMywXQEvRBiTdLxsYGWRhc2hfaDI2NC1iYXNpYy1nZW4yXzcyMHARAHUAZbaeAQA&_nc_gid=Om7i8Jt9CYDta0wcQeed6Q&_nc_ss=7f289&_nc_zt=28&oh=00_AQDrHpm4XkaVtv7-pTD7zGa75UmjJQAcLHwvRifGHBF3JA&oe=6A6731FD,https://scontent.fblr20-2.fna.fbcdn.net/v/t39.35426-6/747962690_1019630390782556_4381632730956986631_n.jpg?_nc_cat=102&ccb=1-7&_nc_sid=c53f8f&_nc_ohc=rThjb8t050sQ7kNvwFeVpn1&_nc_oc=AdqZEZj3H4sZ3c9YL3vf243hSavO1H0VyNdnLTlBcIVLEUHj5l4eZzGJgVyk0hh_btj-ISTXySxrPkYdkgX2dgyp&_nc_zt=14&_nc_ht=scontent.fblr20-2.fna&_nc_gid=Om7i8Jt9CYDta0wcQeed6Q&_nc_ss=7f289&oh=00_AQAjpRoJoWOMNuyCKBzZWgSEvB8Tw-f8uVxhHsV3ej66vA&oe=6A672FA1,2026-07-27T10:25:01.000Z,2026-07-23
67,49,Loora,105478174979714,Loora,,IN,1564037895089707,https://www.facebook.com/ads/library/?id=1564037895089707,2026-07-13,,false,true,2,0,1564037895089707,2026-07-13,,Speak English fluently with your virtual AI English tutor 😎,Best AI English tutor,Install now,http://play.google.com/store/apps/details?id=com.loora.app,"Facebook,Instagram,Audience Network,Messenger,Threads",Speak English fluently with your virtual AI English tutor 😎,Best AI English tutor,Install now,http://play.google.com/store/apps/details?id=com.loora.app,Video,"Facebook,Instagram,Audience Network,Messenger,Threads",1,0,9:16,https://video.fblr20-3.fna.fbcdn.net/o1/v/t2/f2/m366/AQOto70Eyt0uqwM6Bkn77qUoPzGTDNCo4AgDnajjR8_s2UzznOSWrdecph-SGvEW5VdAZLnBFtnTfqqMddsKoXgnVJKwlBoGz2eMt56qjd_t8w.mp4?_nc_cat=109&_nc_oc=Adp_qWibK91xSU61ubCyJx7AtmbZP2_Z5SVh_6SDg09c8zcUKde_RgyoqlLiR5D9WFyKkab-lCPnfS8hM2xz2U13&_nc_sid=b66105&_nc_ht=video.fblr20-3.fna.fbcdn.net&_nc_ohc=lysD1qx-YPEQ7kNvwFbHVoM&efg=eyJ2ZW5jb2RlX3RhZyI6Inhwdl9wcm9ncmVzc2l2ZS5WSV9VU0VDQVNFX1BST0RVQ1RfVFlQRS4uQzMuNzIwLmRhc2hfaDI2NC1iYXNpYy1nZW4yXzcyMHAiLCJ4cHZfYXNzZXRfaWQiOjE0OTk0NTYzMTgzNzQ5MjAsImFzc2V0X2FnZV9kYXlzIjoxMDcsInZpX3VzZWNhc2VfaWQiOjEwMTM5LCJkdXJhdGlvbl9zIjo0MCwidXJsZ2VuX3NvdXJjZSI6Ind3dyJ9&ccb=17-1&vs=944b719ef2035d53&_nc_vs=HBksFQIYRWZiX2VwaGVtZXJhbC8yMDQxREVDNzY5QUFBNDk4MTk3NkVEQTI1ODVENTBCRV9tdF8xX3ZpZGVvX2Rhc2hpbml0Lm1wNBUAAsgBEgAVAhhAZmJfcGVybWFuZW50L0MxNEY2ODg4REI4NjkyNTI0MTBFMzE2NjU1MzYzQkEyX2F1ZGlvX2Rhc2hpbml0Lm1wNBUCAsgBEgAoABgAGwKIB3VzZV9vaWwBMRJwcm9ncmVzc2l2ZV9yZWNpcGUBMRUAACaQkLST7O-pBRUCKAJDMywXQERKHKwIMScYGWRhc2hfaDI2NC1iYXNpYy1nZW4yXzcyMHARAHUAZbaeAQA&_nc_gid=GxLqeyfbwNdH2ya9Hn481Q&_nc_ss=7f289&_nc_zt=28&oh=00_AQCtCCWcAhRp-GyBLK9mRjCgZ5c2RQgAFXfej6vYwqEL6w&oe=6A674487,https://scontent.fblr20-3.fna.fbcdn.net/v/t39.35426-6/746003093_4628999604000663_8187913243100580840_n.jpg?_nc_cat=105&ccb=1-7&_nc_sid=c53f8f&_nc_aid=0&_nc_ohc=C_JmBxxHV80Q7kNvwGw25KC&_nc_oc=AdoQ3uYYt36HbnLaHln4uSvtJr4i7klseT_xOLuc-zYlJse8PMcqkkDkZP0VXg-rCrCG_vVkWjm6K895WAPg1o63&_nc_zt=14&_nc_ht=scontent.fblr20-3.fna&_nc_gid=GxLqeyfbwNdH2ya9Hn481Q&_nc_ss=7f289&oh=00_AQDjkaCZcZDGLknTzxpKYw6RZzHXYrQARmw-L-E3HO1cQg&oe=6A674248,2026-07-27T11:44:07.000Z,2026-07-23
68,49,Loora,105478174979714,Loora,,IN,1564037895089707,https://www.facebook.com/ads/library/?id=1564037895089707,2026-07-13,,false,true,2,1,1034755008941972,2026-07-13,,Speak English fluently with your virtual AI English tutor 😎,Best AI English tutor,Install now,http://play.google.com/store/apps/details?id=com.loora.app,"Facebook,Instagram,Audience Network,Messenger,Threads",Speak English fluently with your virtual AI English tutor 😎,Best AI English tutor,Install now,http://play.google.com/store/apps/details?id=com.loora.app,Video,"Facebook,Instagram,Audience Network,Messenger,Threads",1,0,9:16,https://video.fblr20-3.fna.fbcdn.net/o1/v/t2/f2/m366/AQOto70Eyt0uqwM6Bkn77qUoPzGTDNCo4AgDnajjR8_s2UzznOSWrdecph-SGvEW5VdAZLnBFtnTfqqMddsKoXgnVJKwlBoGz2eMt56qjd_t8w.mp4?_nc_cat=109&_nc_oc=Adp_qWibK91xSU61ubCyJx7AtmbZP2_Z5SVh_6SDg09c8zcUKde_RgyoqlLiR5D9WFyKkab-lCPnfS8hM2xz2U13&_nc_sid=b66105&_nc_ht=video.fblr20-3.fna.fbcdn.net&_nc_ohc=lysD1qx-YPEQ7kNvwFbHVoM&efg=eyJ2ZW5jb2RlX3RhZyI6Inhwdl9wcm9ncmVzc2l2ZS5WSV9VU0VDQVNFX1BST0RVQ1RfVFlQRS4uQzMuNzIwLmRhc2hfaDI2NC1iYXNpYy1nZW4yXzcyMHAiLCJ4cHZfYXNzZXRfaWQiOjE0OTk0NTYzMTgzNzQ5MjAsImFzc2V0X2FnZV9kYXlzIjoxMDcsInZpX3VzZWNhc2VfaWQiOjEwMTM5LCJkdXJhdGlvbl9zIjo0MCwidXJsZ2VuX3NvdXJjZSI6Ind3dyJ9&ccb=17-1&vs=944b719ef2035d53&_nc_vs=HBksFQIYRWZiX2VwaGVtZXJhbC8yMDQxREVDNzY5QUFBNDk4MTk3NkVEQTI1ODVENTBCRV9tdF8xX3ZpZGVvX2Rhc2hpbml0Lm1wNBUAAsgBEgAVAhhAZmJfcGVybWFuZW50L0MxNEY2ODg4REI4NjkyNTI0MTBFMzE2NjU1MzYzQkEyX2F1ZGlvX2Rhc2hpbml0Lm1wNBUCAsgBEgAoABgAGwKIB3VzZV9vaWwBMRJwcm9ncmVzc2l2ZV9yZWNpcGUBMRUAACaQkLST7O-pBRUCKAJDMywXQERKHKwIMScYGWRhc2hfaDI2NC1iYXNpYy1nZW4yXzcyMHARAHUAZbaeAQA&_nc_gid=JuY19rHmVr0ny8195tsOOQ&_nc_ss=7f289&_nc_zt=28&oh=00_AQCVNLEDus37-xZnMDNWd41s8PJYtMEux3O-o_eNKdZERQ&oe=6A674487,https://scontent.fblr20-1.fna.fbcdn.net/v/t39.35426-6/745769345_2604175400096738_8008751354491032475_n.jpg?_nc_cat=108&ccb=1-7&_nc_sid=c53f8f&_nc_ohc=jgtbYjm2TnAQ7kNvwFfSOKx&_nc_oc=Adp31xXBGstU9KB_bgz6y0FyKZ7EmP1Wx_R13AL2ZqqBMUK41ZLU4ZaLUo2KwMEIUwjoWFkltgB3YHwuZokOHw6S&_nc_zt=14&_nc_ht=scontent.fblr20-1.fna&_nc_gid=JuY19rHmVr0ny8195tsOOQ&_nc_ss=7f289&oh=00_AQChogThIPVghuAj-GZg_anaZ5_rRYpSAmPjyQoJndbgmg&oe=6A672C39,2026-07-27T11:44:07.000Z,2026-07-23
69,50,Loora,105478174979714,Loora,,IN,36835547972756534,https://www.facebook.com/ads/library/?id=36835547972756534,2026-07-12,,false,false,1,0,,2026-07-12,,Speak English fluently with your virtual AI English tutor 😎,Best AI English tutor,Install now,http://play.google.com/store/apps/details?id=com.loora.app,"Facebook,Instagram,Audience Network,Messenger,Threads",Speak English fluently with your virtual AI English tutor 😎,Best AI English tutor,Install now,http://play.google.com/store/apps/details?id=com.loora.app,Video,"Facebook,Instagram,Audience Network,Messenger,Threads",1,0,9:16,https://video.fblr20-3.fna.fbcdn.net/o1/v/t2/f2/m366/AQNXtVdQ7ob5od14ceX9evhkh7qxCT7z-pnjs670eKGs7lvSh4jRxx8WNSsVEBVkVspos109_KOg2DB5snlIx7BDJAISYFiETZaVXtzdylvbbg.mp4?_nc_cat=109&_nc_oc=Adrj1lYw2S5jweQvxxdvREXd9UFMLsx02ndy_vzBK_B_hVvT9683SbSfKr99pfG7YmXYvEpMz-eF-ZEI3dnoEADZ&_nc_sid=b66105&_nc_ht=video.fblr20-3.fna.fbcdn.net&_nc_ohc=qMyVzeXC458Q7kNvwEeJriJ&efg=eyJ2ZW5jb2RlX3RhZyI6Inhwdl9wcm9ncmVzc2l2ZS5WSV9VU0VDQVNFX1BST0RVQ1RfVFlQRS4uQzMuNzIwLmRhc2hfaDI2NC1iYXNpYy1nZW4yXzcyMHAiLCJ4cHZfYXNzZXRfaWQiOjE3MjY2OTE4MDUwNDMyOTAsImFzc2V0X2FnZV9kYXlzIjoyMCwidmlfdXNlY2FzZV9pZCI6MTAxMzksImR1cmF0aW9uX3MiOjU1LCJ1cmxnZW5fc291cmNlIjoid3d3In0%3D&ccb=17-1&vs=d21f9608d4a958d6&_nc_vs=HBksFQIYRWZiX2VwaGVtZXJhbC80QjQyODA3RkMxQzBDQjJEREVDMDkzMzE2QUYyNjNBNF9tdF8xX3ZpZGVvX2Rhc2hpbml0Lm1wNBUAAsgBEgAVAhhAZmJfcGVybWFuZW50LzhGNDEwOUFDMUMwMTA4RDQ1OUFCOERCOTg2NjUwOTk2X2F1ZGlvX2Rhc2hpbml0Lm1wNBUCAsgBEgAoABgAGwKIB3VzZV9vaWwBMRJwcm9ncmVzc2l2ZV9yZWNpcGUBMRUAACa06ei62JqRBhUCKAJDMywXQEv64UeuFHsYGWRhc2hfaDI2NC1iYXNpYy1nZW4yXzcyMHARAHUAZbaeAQA&_nc_gid=GxLqeyfbwNdH2ya9Hn481Q&_nc_ss=7f289&_nc_zt=28&oh=00_AQA1gCXAXKnlMnpMdsLXZ6BV2kwouEZwX27K84rRLqJHog&oe=6A673DBF,https://scontent.fblr20-2.fna.fbcdn.net/v/t39.35426-6/745357270_1564542471985988_1000606956207973815_n.jpg?_nc_cat=104&ccb=1-7&_nc_sid=c53f8f&_nc_ohc=ojg2b8v_grAQ7kNvwGBVUXG&_nc_oc=AdpMta9VFZVJ8jCjiuFzAan4sQeT_Dc4_vupVMUCN_dU__HityQ4LJ9FXRTLYjY7mnCqtQt57X-9obax9Ofupn_Z&_nc_zt=14&_nc_ht=scontent.fblr20-2.fna&_nc_gid=GxLqeyfbwNdH2ya9Hn481Q&_nc_ss=7f289&oh=00_AQC4hiPDHJCOK1hDlTKwt40err425cvcfhNwds414y4dRg&oe=6A672176,2026-07-27T11:15:11.000Z,2026-07-23
70,51,Loora,105478174979714,Loora,,IN,1696945591429846,https://www.facebook.com/ads/library/?id=1696945591429846,2026-07-13,,false,true,2,0,1696945591429846,2026-07-13,,Speak English fluently with your virtual AI English tutor 😎,Best AI English tutor,Install now,http://play.google.com/store/apps/details?id=com.loora.app,"Facebook,Instagram,Audience Network,Messenger,Threads",Speak English fluently with your virtual AI English tutor 😎,Best AI English tutor,Install now,http://play.google.com/store/apps/details?id=com.loora.app,Video,"Facebook,Instagram,Audience Network,Messenger,Threads",1,0,9:16,https://video.fblr20-3.fna.fbcdn.net/o1/v/t2/f2/m366/AQM5Jup7BLFbroy7HwmMGjwZ6Ug2uYaiioYU2noBZtBsFe0YYW5EtXcLdjOIHsP3RkLmm3_ZzNE5LBih7lmFRw9Q-jvrZ0-WSVGHTTRzHou21A.mp4?_nc_cat=105&_nc_oc=AdodPO7wDNEBXqziQfLT1ksUkQgU-f6RTqfFcNg5ILw1zq_DN-6xrskL9adodLGe7IJiORexcDQypPu5STV3x3uj&_nc_sid=b66105&_nc_ht=video.fblr20-3.fna.fbcdn.net&_nc_ohc=6c7hd_v6ckUQ7kNvwFzywF3&efg=eyJ2ZW5jb2RlX3RhZyI6Inhwdl9wcm9ncmVzc2l2ZS5WSV9VU0VDQVNFX1BST0RVQ1RfVFlQRS4uQzMuNzIwLmRhc2hfaDI2NC1iYXNpYy1nZW4yXzcyMHAiLCJ4cHZfYXNzZXRfaWQiOjg2MDYyNTA5MzU5NzQwNCwiYXNzZXRfYWdlX2RheXMiOjIyMywidmlfdXNlY2FzZV9pZCI6MTA3OTksImR1cmF0aW9uX3MiOjMyLCJ1cmxnZW5fc291cmNlIjoid3d3In0%3D&ccb=17-1&vs=aa05e71d44735547&_nc_vs=HBksFQIYRWZiX2VwaGVtZXJhbC9EMjRFRERDMjhENkIxMzNDQ0NGN0Q5RDEyNUVFOEU5RF9tdF8xX3ZpZGVvX2Rhc2hpbml0Lm1wNBUAAsgBEgAVAhhAZmJfcGVybWFuZW50L0VCNEJGRDZFOEMwQTEyMTAxQzY2QjFENUI3OTIyNDgxX2F1ZGlvX2Rhc2hpbml0Lm1wNBUCAsgBEgAoABgAGwKIB3VzZV9vaWwBMRJwcm9ncmVzc2l2ZV9yZWNpcGUBMRUAACa44-jP_K6HAxUCKAJDMywXQEBwgxJul40YGWRhc2hfaDI2NC1iYXNpYy1nZW4yXzcyMHARAHUAZd6oAQA&_nc_gid=GxLqeyfbwNdH2ya9Hn481Q&_nc_ss=7f289&_nc_zt=28&oh=00_AQA-CYjo8pgYZ5uEt0lZQII1wloaQUSqcixegGeCeh6PDA&oe=6A673B37,https://scontent.fblr20-1.fna.fbcdn.net/v/t39.35426-6/747625634_1018199170920823_9041308313788565412_n.jpg?_nc_cat=108&ccb=1-7&_nc_sid=c53f8f&_nc_ohc=IvNQjlO8-HgQ7kNvwHByzv8&_nc_oc=Adrc5tcEJxbjcq2Xx61w374G8M8xCwerMy5FrWkOLUj-fRBj9zcrca_d6B6cx6ZWaVy8ISBq1puYjwEsuNAogP_R&_nc_zt=14&_nc_ht=scontent.fblr20-1.fna&_nc_gid=GxLqeyfbwNdH2ya9Hn481Q&_nc_ss=7f289&oh=00_AQB3VxJqqAIz4Nt5qvwzu2ZyqIvEtNyUvpDYINUWLpQCGA&oe=6A673409,2026-07-27T11:04:23.000Z,2026-07-23
71,51,Loora,105478174979714,Loora,,IN,1696945591429846,https://www.facebook.com/ads/library/?id=1696945591429846,2026-07-13,,false,true,2,1,1006068058715267,2026-07-13,,Speak English fluently with your virtual AI English tutor 😎,Best AI English tutor,Install now,http://play.google.com/store/apps/details?id=com.loora.app,"Facebook,Instagram,Audience Network,Messenger,Threads",Speak English fluently with your virtual AI English tutor 😎,Best AI English tutor,Install now,http://play.google.com/store/apps/details?id=com.loora.app,Video,"Facebook,Instagram,Audience Network,Messenger,Threads",1,0,9:16,https://video.fblr20-3.fna.fbcdn.net/o1/v/t2/f2/m366/AQM5Jup7BLFbroy7HwmMGjwZ6Ug2uYaiioYU2noBZtBsFe0YYW5EtXcLdjOIHsP3RkLmm3_ZzNE5LBih7lmFRw9Q-jvrZ0-WSVGHTTRzHou21A.mp4?_nc_cat=105&_nc_oc=AdodPO7wDNEBXqziQfLT1ksUkQgU-f6RTqfFcNg5ILw1zq_DN-6xrskL9adodLGe7IJiORexcDQypPu5STV3x3uj&_nc_sid=b66105&_nc_ht=video.fblr20-3.fna.fbcdn.net&_nc_ohc=6c7hd_v6ckUQ7kNvwFzywF3&efg=eyJ2ZW5jb2RlX3RhZyI6Inhwdl9wcm9ncmVzc2l2ZS5WSV9VU0VDQVNFX1BST0RVQ1RfVFlQRS4uQzMuNzIwLmRhc2hfaDI2NC1iYXNpYy1nZW4yXzcyMHAiLCJ4cHZfYXNzZXRfaWQiOjg2MDYyNTA5MzU5NzQwNCwiYXNzZXRfYWdlX2RheXMiOjIyMywidmlfdXNlY2FzZV9pZCI6MTA3OTksImR1cmF0aW9uX3MiOjMyLCJ1cmxnZW5fc291cmNlIjoid3d3In0%3D&ccb=17-1&vs=aa05e71d44735547&_nc_vs=HBksFQIYRWZiX2VwaGVtZXJhbC9EMjRFRERDMjhENkIxMzNDQ0NGN0Q5RDEyNUVFOEU5RF9tdF8xX3ZpZGVvX2Rhc2hpbml0Lm1wNBUAAsgBEgAVAhhAZmJfcGVybWFuZW50L0VCNEJGRDZFOEMwQTEyMTAxQzY2QjFENUI3OTIyNDgxX2F1ZGlvX2Rhc2hpbml0Lm1wNBUCAsgBEgAoABgAGwKIB3VzZV9vaWwBMRJwcm9ncmVzc2l2ZV9yZWNpcGUBMRUAACa44-jP_K6HAxUCKAJDMywXQEBwgxJul40YGWRhc2hfaDI2NC1iYXNpYy1nZW4yXzcyMHARAHUAZd6oAQA&_nc_gid=GxLqeyfbwNdH2ya9Hn481Q&_nc_ss=7f289&_nc_zt=28&oh=00_AQA-CYjo8pgYZ5uEt0lZQII1wloaQUSqcixegGeCeh6PDA&oe=6A673B37,https://scontent.fblr20-4.fna.fbcdn.net/v/t39.35426-6/748527597_1006093832044719_7087612207603696670_n.jpg?_nc_cat=106&ccb=1-7&_nc_sid=c53f8f&_nc_ohc=FSg3X1bZs98Q7kNvwFdod6U&_nc_oc=AdpyOHzFjXkqSNBckmbs1QvHPc_QIaDVj5-Mu5zIUIbuGTaHkg4m1a5ASt4C_BGsHem5ICxBGxtpWaWhl3gBJnFV&_nc_zt=14&_nc_ht=scontent.fblr20-4.fna&_nc_gid=GxLqeyfbwNdH2ya9Hn481Q&_nc_ss=7f289&oh=00_AQAvn4eGZAW9tWykNJ8-u-AcBElI4jb0qylsLtpPq97nbA&oe=6A672C52,2026-07-27T11:04:23.000Z,2026-07-23
72,52,Loora,105478174979714,Loora,,IN,1050343200873764,https://www.facebook.com/ads/library/?id=1050343200873764,2026-07-13,,false,true,2,0,1050343200873764,2026-07-13,,Speak English fluently with your virtual AI English tutor 😎,Best AI English tutor,Install now,http://play.google.com/store/apps/details?id=com.loora.app,"Facebook,Instagram,Audience Network,Messenger,Threads",Speak English fluently with your virtual AI English tutor 😎,Best AI English tutor,Install now,http://play.google.com/store/apps/details?id=com.loora.app,Video,"Facebook,Instagram,Audience Network,Messenger,Threads",1,0,9:16,https://video.fblr20-3.fna.fbcdn.net/o1/v/t2/f2/m366/AQPdFO-Bo9kyTr59yfzQ3cDgnAgaEDeH7VDUN7RR0LdkUv0LKFeL-DLg5lNzblw-7lWqFDTbhmtH_ee1hUdq0Q1IGEQaU4KVM69qAjwL2tFxNA.mp4?_nc_cat=100&_nc_oc=Adp2_j9MMmfrN7hOYUN9lLS6X7zNWcPzoACn0jmc-lQNuSDj07MWgbdHfagpOXPGgRes0Zn9oQAh5omMDwjXHM2d&_nc_sid=b66105&_nc_ht=video.fblr20-3.fna.fbcdn.net&_nc_ohc=X-TCQPCIy0oQ7kNvwF7eUUM&efg=eyJ2ZW5jb2RlX3RhZyI6Inhwdl9wcm9ncmVzc2l2ZS5WSV9VU0VDQVNFX1BST0RVQ1RfVFlQRS4uQzMuNzIwLmRhc2hfaDI2NC1iYXNpYy1nZW4yXzcyMHAiLCJ4cHZfYXNzZXRfaWQiOjkxMzY0MTM1NDgxMzMzNCwiYXNzZXRfYWdlX2RheXMiOjEwNywidmlfdXNlY2FzZV9pZCI6MTAxMzksImR1cmF0aW9uX3MiOjQwLCJ1cmxnZW5fc291cmNlIjoid3d3In0%3D&ccb=17-1&vs=14abe77a5c1ca105&_nc_vs=HBksFQIYRWZiX2VwaGVtZXJhbC83RTQzOERBMkM5RjkzMDk3MDZGRjRBMUMyODZGRkU4NF9tdF8xX3ZpZGVvX2Rhc2hpbml0Lm1wNBUAAsgBEgAVAhhAZmJfcGVybWFuZW50LzE1NENDN0ZEMkI4NkI2RjNCNjcyNTA3RDhCRjhCODgzX2F1ZGlvX2Rhc2hpbml0Lm1wNBUCAsgBEgAoABgAGwKIB3VzZV9vaWwBMRJwcm9ncmVzc2l2ZV9yZWNpcGUBMRUAACas_r7G9ryfAxUCKAJDMywXQERjtkWhysEYGWRhc2hfaDI2NC1iYXNpYy1nZW4yXzcyMHARAHUAZbaeAQA&_nc_gid=GxLqeyfbwNdH2ya9Hn481Q&_nc_ss=7f289&_nc_zt=28&oh=00_AQDqPEMjdjQ_STNIbpHJ_9U8eSBNw3_p9ESirTnoJVC1vA&oe=6A6753FC,https://scontent.fblr20-2.fna.fbcdn.net/v/t39.35426-6/743910353_1233730912134037_3671135678419931056_n.jpg?_nc_cat=111&ccb=1-7&_nc_sid=c53f8f&_nc_ohc=Ukk7BzR4o68Q7kNvwFQSCv-&_nc_oc=AdptVvzd2CiLc7ceXzDsV_9q-yEy7cUj94bbIJ1wh2XQNoERM22x4O15_2M5bQ9ezLNmjk1wU_18JLN8_rB4hydK&_nc_zt=14&_nc_ht=scontent.fblr20-2.fna&_nc_gid=GxLqeyfbwNdH2ya9Hn481Q&_nc_ss=7f289&oh=00_AQCWUj0BY9nY4n8YA9hupRwlK02LtAcQBeKGueELj7jy9A&oe=6A673EDA,2026-07-27T12:50:04.000Z,2026-07-23
73,52,Loora,105478174979714,Loora,,IN,1050343200873764,https://www.facebook.com/ads/library/?id=1050343200873764,2026-07-13,,false,true,2,1,1684522066135869,2026-07-13,,Speak English fluently with your virtual AI English tutor 😎,Best AI English tutor,Install now,http://play.google.com/store/apps/details?id=com.loora.app,"Facebook,Instagram,Audience Network,Messenger,Threads",Speak English fluently with your virtual AI English tutor 😎,Best AI English tutor,Install now,http://play.google.com/store/apps/details?id=com.loora.app,Video,"Facebook,Instagram,Audience Network,Messenger,Threads",1,0,9:16,https://video.fblr20-3.fna.fbcdn.net/o1/v/t2/f2/m366/AQPdFO-Bo9kyTr59yfzQ3cDgnAgaEDeH7VDUN7RR0LdkUv0LKFeL-DLg5lNzblw-7lWqFDTbhmtH_ee1hUdq0Q1IGEQaU4KVM69qAjwL2tFxNA.mp4?_nc_cat=100&_nc_oc=Adp2_j9MMmfrN7hOYUN9lLS6X7zNWcPzoACn0jmc-lQNuSDj07MWgbdHfagpOXPGgRes0Zn9oQAh5omMDwjXHM2d&_nc_sid=b66105&_nc_ht=video.fblr20-3.fna.fbcdn.net&_nc_ohc=X-TCQPCIy0oQ7kNvwF7eUUM&efg=eyJ2ZW5jb2RlX3RhZyI6Inhwdl9wcm9ncmVzc2l2ZS5WSV9VU0VDQVNFX1BST0RVQ1RfVFlQRS4uQzMuNzIwLmRhc2hfaDI2NC1iYXNpYy1nZW4yXzcyMHAiLCJ4cHZfYXNzZXRfaWQiOjkxMzY0MTM1NDgxMzMzNCwiYXNzZXRfYWdlX2RheXMiOjEwNywidmlfdXNlY2FzZV9pZCI6MTAxMzksImR1cmF0aW9uX3MiOjQwLCJ1cmxnZW5fc291cmNlIjoid3d3In0%3D&ccb=17-1&vs=14abe77a5c1ca105&_nc_vs=HBksFQIYRWZiX2VwaGVtZXJhbC83RTQzOERBMkM5RjkzMDk3MDZGRjRBMUMyODZGRkU4NF9tdF8xX3ZpZGVvX2Rhc2hpbml0Lm1wNBUAAsgBEgAVAhhAZmJfcGVybWFuZW50LzE1NENDN0ZEMkI4NkI2RjNCNjcyNTA3RDhCRjhCODgzX2F1ZGlvX2Rhc2hpbml0Lm1wNBUCAsgBEgAoABgAGwKIB3VzZV9vaWwBMRJwcm9ncmVzc2l2ZV9yZWNpcGUBMRUAACas_r7G9ryfAxUCKAJDMywXQERjtkWhysEYGWRhc2hfaDI2NC1iYXNpYy1nZW4yXzcyMHARAHUAZbaeAQA&_nc_gid=de2ClDS7N6BpWZpL6k3XZw&_nc_ss=7f289&_nc_zt=28&oh=00_AQBscpMQZutVuGM1wQCbXNneE0XF8mgTxYBYPz23MxEnNw&oe=6A6753FC,https://scontent.fblr20-4.fna.fbcdn.net/v/t39.35426-6/747439981_27276952718667481_8948223645948750561_n.jpg?_nc_cat=106&ccb=1-7&_nc_sid=c53f8f&_nc_ohc=O7Edo45p67UQ7kNvwHruCQv&_nc_oc=AdpPKHazjPmJPJcApteRLyNn9AokAaJcIsmdLiYZcNDKXoe2aAyeygq3BtV4QT7BU-o1vNw0yvijFMbfLjYmO70u&_nc_zt=14&_nc_ht=scontent.fblr20-4.fna&_nc_gid=de2ClDS7N6BpWZpL6k3XZw&_nc_ss=7f289&oh=00_AQDz4aldluZsBOTxpGfv_Z-ztRMv_HBCbP4hS4QSWyQ38w&oe=6A672FC7,2026-07-27T12:50:04.000Z,2026-07-23
74,53,Loora,105478174979714,Loora,,IN,2094998248088254,https://www.facebook.com/ads/library/?id=2094998248088254,2026-07-12,,false,false,1,0,,2026-07-12,,¡No tengas miedo de hablar inglés! Conviértete en un hablante fluido con tu tutor de IA 💪,Mejor Tutor de Inglés con IA,Install now,http://play.google.com/store/apps/details?id=com.loora.app,"Facebook,Instagram,Audience Network,Messenger,Threads",¡No tengas miedo de hablar inglés! Conviértete en un hablante fluido con tu tutor de IA 💪,Mejor Tutor de Inglés con IA,Install now,http://play.google.com/store/apps/details?id=com.loora.app,Video,"Facebook,Instagram,Audience Network,Messenger,Threads",1,0,9:16,https://video.fblr20-2.fna.fbcdn.net/o1/v/t2/f2/m366/AQMQqCvI4Vx4eV9qj264PD-ePZGD3lNyubOVsITAStPGYsBrF5l6mP3dL9X8gKLiEQHM4qOY19Z95v_ESYTEfRuhllvR9thOGZeg5pQHVvWgJg.mp4?_nc_cat=104&_nc_oc=AdpEImqtmvdVPxhGdjhb0nLHpLoW_Xmoz58H1NTOjZwiaNlW79HZPcE1TqCuBLHK1_nzu8zB_nAntTC3LhsigdRz&_nc_sid=b66105&_nc_ht=video.fblr20-2.fna.fbcdn.net&_nc_ohc=mpRlFkBBrMIQ7kNvwEaKwKB&efg=eyJ2ZW5jb2RlX3RhZyI6Inhwdl9wcm9ncmVzc2l2ZS5WSV9VU0VDQVNFX1BST0RVQ1RfVFlQRS4uQzMuNzIwLmRhc2hfaDI2NC1iYXNpYy1nZW4yXzcyMHAiLCJ4cHZfYXNzZXRfaWQiOjEwMDUxNTU4OTU1NTg1ODIsImFzc2V0X2FnZV9kYXlzIjoxNCwidmlfdXNlY2FzZV9pZCI6MTAxMzksImR1cmF0aW9uX3MiOjQwLCJ1cmxnZW5fc291cmNlIjoid3d3In0%3D&ccb=17-1&vs=f679e2a91e18e2b3&_nc_vs=HBksFQIYRWZiX2VwaGVtZXJhbC9FMjQ0NThDMDNGODQ5MTgzREM2NjhEQTE4Nzk5Qjk5Nl9tdF8xX3ZpZGVvX2Rhc2hpbml0Lm1wNBUAAsgBEgAVAhhAZmJfcGVybWFuZW50LzdCNDUyNDc4QjYzMjZGOUZCREQ3QTBDMzkwNkEyQTg3X2F1ZGlvX2Rhc2hpbml0Lm1wNBUCAsgBEgAoABgAGwKIB3VzZV9vaWwBMRJwcm9ncmVzc2l2ZV9yZWNpcGUBMRUAACbshsqB44vJAxUCKAJDMywXQEQAAAAAAAAYGWRhc2hfaDI2NC1iYXNpYy1nZW4yXzcyMHARAHUAZbaeAQA&_nc_gid=GxLqeyfbwNdH2ya9Hn481Q&_nc_ss=7f289&_nc_zt=28&oh=00_AQAOO4Xdrh37YfArhJTtAPKWNw2ahvXif6EeQv1tmPB2JA&oe=6A6725A0,https://scontent.fblr20-2.fna.fbcdn.net/v/t39.35426-6/745342105_1671296867933027_6083901480347574088_n.jpg?_nc_cat=104&ccb=1-7&_nc_sid=c53f8f&_nc_ohc=R_G73-7bD7kQ7kNvwEpGzfg&_nc_oc=Adqw6HwSM1KsiLN6L1_meSe_4gTdKKu64eoYHvuKJO_aQm4b0qu228IjQWO7ulR7OJm30poJD_ezxdRNfxmGBpFa&_nc_zt=14&_nc_ht=scontent.fblr20-2.fna&_nc_gid=GxLqeyfbwNdH2ya9Hn481Q&_nc_ss=7f289&oh=00_AQAiI4uyY5fL_ulHsSXMJSENSgWWw6vQnAwkKY76sLpYnw&oe=6A67484B,2026-07-27T09:32:16.000Z,2026-07-23
75,54,Loora,105478174979714,Loora,,IN,1034426875739269,https://www.facebook.com/ads/library/?id=1034426875739269,2026-07-13,,false,true,4,0,1034426875739269,2026-07-13,,Speak English fluently with your virtual AI English tutor 😎,Best AI English tutor,Install now,http://play.google.com/store/apps/details?id=com.loora.app,"Facebook,Instagram,Audience Network,Messenger,Threads",Speak English fluently with your virtual AI English tutor 😎,Best AI English tutor,Install now,http://play.google.com/store/apps/details?id=com.loora.app,Video,"Facebook,Instagram,Audience Network,Messenger,Threads",1,0,9:16,https://video.fblr20-4.fna.fbcdn.net/o1/v/t2/f2/m366/AQNAElqXLPNnI5HTxHHWXHj_wjmASEkAQXh_vjUnDlwGoBXKeMkkv8kW1bj7FhBtQB55N3mESe3iOiFYQrnZJmLuPuGEQrVKdJRREZvqRmxPIg.mp4?_nc_cat=103&_nc_oc=Adrz-2Cr2Fufmro6niF5PcQQDVotCZ9KV1rKPryTHttark2M59EWd_3IYsERZtAXkWixqaRpNsaNmR1rwb56Z1ly&_nc_sid=b66105&_nc_ht=video.fblr20-4.fna.fbcdn.net&_nc_ohc=2sDqjpzXISEQ7kNvwH012dk&efg=eyJ2ZW5jb2RlX3RhZyI6Inhwdl9wcm9ncmVzc2l2ZS5WSV9VU0VDQVNFX1BST0RVQ1RfVFlQRS4uQzMuNzIwLmRhc2hfaDI2NC1iYXNpYy1nZW4yXzcyMHAiLCJ4cHZfYXNzZXRfaWQiOjE3MzkwNjAzMDQyMDYwOTgsImFzc2V0X2FnZV9kYXlzIjo2NSwidmlfdXNlY2FzZV9pZCI6MTAxMzksImR1cmF0aW9uX3MiOjcyLCJ1cmxnZW5fc291cmNlIjoid3d3In0%3D&ccb=17-1&vs=a35bd65a80ce1e07&_nc_vs=HBksFQIYRWZiX2VwaGVtZXJhbC9CMDQ1RDA1M0NCRDAwMUI0QTU5MDVBODk5RjEyODFBM19tdF8xX3ZpZGVvX2Rhc2hpbml0Lm1wNBUAAsgBEgAVAhhAZmJfcGVybWFuZW50LzMwNDYyQTVBMkE5OTBBRjE1MDQ2MzgxOEZDQTI1RDk5X2F1ZGlvX2Rhc2hpbml0Lm1wNBUCAsgBEgAoABgAGwKIB3VzZV9vaWwBMRJwcm9ncmVzc2l2ZV9yZWNpcGUBMRUAACak5Ob60OqWBhUCKAJDMywXQFI3bItDlYEYGWRhc2hfaDI2NC1iYXNpYy1nZW4yXzcyMHARAHUAZbaeAQA&_nc_gid=GxLqeyfbwNdH2ya9Hn481Q&_nc_ss=7f289&_nc_zt=28&oh=00_AQDdTz390dXfH3PnZUB4MXAJMM2LSkZjbcbb4prLLHDEtg&oe=6A674FD1,https://scontent.fblr20-3.fna.fbcdn.net/v/t39.35426-6/746928020_1298232778820018_53550234815181779_n.jpg?_nc_cat=105&ccb=1-7&_nc_sid=c53f8f&_nc_ohc=rSl9CZ-i1QoQ7kNvwGfTwfT&_nc_oc=AdqVmWqZTvJb5QGuglGC_GuCcK-poaey8zbeDqYBI-KGfwL7OE1Q1n47HER9U6OQlahL89Mi1eQYyuMfL-9lNnxw&_nc_zt=14&_nc_ht=scontent.fblr20-3.fna&_nc_gid=GxLqeyfbwNdH2ya9Hn481Q&_nc_ss=7f289&oh=00_AQD7ONqJElzLAr2TzpJBfS9rZrKQL6zNmJGws4KftdED7A&oe=6A67512B,2026-07-27T12:32:17.000Z,2026-07-23
76,54,Loora,105478174979714,Loora,,IN,1034426875739269,https://www.facebook.com/ads/library/?id=1034426875739269,2026-07-13,,false,true,4,1,1778127673606477,2026-07-13,,Speak English fluently with your virtual AI English tutor 😎,Best AI English tutor,Install now,http://play.google.com/store/apps/details?id=com.loora.app,"Facebook,Instagram,Audience Network,Messenger,Threads",Speak English fluently with your virtual AI English tutor 😎,Best AI English tutor,Install now,http://play.google.com/store/apps/details?id=com.loora.app,Video,"Facebook,Instagram,Audience Network,Messenger,Threads",1,0,9:16,https://video.fblr20-4.fna.fbcdn.net/o1/v/t2/f2/m366/AQNAElqXLPNnI5HTxHHWXHj_wjmASEkAQXh_vjUnDlwGoBXKeMkkv8kW1bj7FhBtQB55N3mESe3iOiFYQrnZJmLuPuGEQrVKdJRREZvqRmxPIg.mp4?_nc_cat=103&_nc_oc=Adrz-2Cr2Fufmro6niF5PcQQDVotCZ9KV1rKPryTHttark2M59EWd_3IYsERZtAXkWixqaRpNsaNmR1rwb56Z1ly&_nc_sid=b66105&_nc_ht=video.fblr20-4.fna.fbcdn.net&_nc_ohc=2sDqjpzXISEQ7kNvwH012dk&efg=eyJ2ZW5jb2RlX3RhZyI6Inhwdl9wcm9ncmVzc2l2ZS5WSV9VU0VDQVNFX1BST0RVQ1RfVFlQRS4uQzMuNzIwLmRhc2hfaDI2NC1iYXNpYy1nZW4yXzcyMHAiLCJ4cHZfYXNzZXRfaWQiOjE3MzkwNjAzMDQyMDYwOTgsImFzc2V0X2FnZV9kYXlzIjo2NSwidmlfdXNlY2FzZV9pZCI6MTAxMzksImR1cmF0aW9uX3MiOjcyLCJ1cmxnZW5fc291cmNlIjoid3d3In0%3D&ccb=17-1&vs=a35bd65a80ce1e07&_nc_vs=HBksFQIYRWZiX2VwaGVtZXJhbC9CMDQ1RDA1M0NCRDAwMUI0QTU5MDVBODk5RjEyODFBM19tdF8xX3ZpZGVvX2Rhc2hpbml0Lm1wNBUAAsgBEgAVAhhAZmJfcGVybWFuZW50LzMwNDYyQTVBMkE5OTBBRjE1MDQ2MzgxOEZDQTI1RDk5X2F1ZGlvX2Rhc2hpbml0Lm1wNBUCAsgBEgAoABgAGwKIB3VzZV9vaWwBMRJwcm9ncmVzc2l2ZV9yZWNpcGUBMRUAACak5Ob60OqWBhUCKAJDMywXQFI3bItDlYEYGWRhc2hfaDI2NC1iYXNpYy1nZW4yXzcyMHARAHUAZbaeAQA&_nc_gid=9tFOUBLYCQKnpAO46uM2aA&_nc_ss=7f289&_nc_zt=28&oh=00_AQAOfnV-Thit6VYoucSXq81W3rYMU_IcHH9kke4Ju2MxFg&oe=6A674FD1,https://scontent.fblr20-4.fna.fbcdn.net/v/t39.35426-6/747653168_1356188369980585_5547256779631811676_n.jpg?_nc_cat=106&ccb=1-7&_nc_sid=c53f8f&_nc_ohc=v8bnr9rxCeMQ7kNvwHRD27u&_nc_oc=AdqFah4z80x676W_wOs7OhHNzCU9RzgluZwwE5DLMc7SgyoSra5Ah6sXQCjjdtgt_YOLAdfYk2L_RT4g2AMmOUC1&_nc_zt=14&_nc_ht=scontent.fblr20-4.fna&_nc_gid=9tFOUBLYCQKnpAO46uM2aA&_nc_ss=7f289&oh=00_AQCHrIos0ZJWmh7q_q5td8-KZnQnKkxKDZPMRdE9YZnrJg&oe=6A674A9B,2026-07-27T12:32:17.000Z,2026-07-23
77,54,Loora,105478174979714,Loora,,IN,1034426875739269,https://www.facebook.com/ads/library/?id=1034426875739269,2026-07-13,,false,true,4,2,961823100240643,2026-07-13,,Speak English fluently with your virtual AI English tutor 😎,Best AI English tutor,Install now,http://play.google.com/store/apps/details?id=com.loora.app,"Facebook,Instagram,Audience Network,Messenger,Threads",Speak English fluently with your virtual AI English tutor 😎,Best AI English tutor,Install now,http://play.google.com/store/apps/details?id=com.loora.app,Video,"Facebook,Instagram,Audience Network,Messenger,Threads",1,0,9:16,https://video.fblr20-4.fna.fbcdn.net/o1/v/t2/f2/m366/AQNAElqXLPNnI5HTxHHWXHj_wjmASEkAQXh_vjUnDlwGoBXKeMkkv8kW1bj7FhBtQB55N3mESe3iOiFYQrnZJmLuPuGEQrVKdJRREZvqRmxPIg.mp4?_nc_cat=103&_nc_oc=Adrz-2Cr2Fufmro6niF5PcQQDVotCZ9KV1rKPryTHttark2M59EWd_3IYsERZtAXkWixqaRpNsaNmR1rwb56Z1ly&_nc_sid=b66105&_nc_ht=video.fblr20-4.fna.fbcdn.net&_nc_ohc=2sDqjpzXISEQ7kNvwH012dk&efg=eyJ2ZW5jb2RlX3RhZyI6Inhwdl9wcm9ncmVzc2l2ZS5WSV9VU0VDQVNFX1BST0RVQ1RfVFlQRS4uQzMuNzIwLmRhc2hfaDI2NC1iYXNpYy1nZW4yXzcyMHAiLCJ4cHZfYXNzZXRfaWQiOjE3MzkwNjAzMDQyMDYwOTgsImFzc2V0X2FnZV9kYXlzIjo2NSwidmlfdXNlY2FzZV9pZCI6MTAxMzksImR1cmF0aW9uX3MiOjcyLCJ1cmxnZW5fc291cmNlIjoid3d3In0%3D&ccb=17-1&vs=a35bd65a80ce1e07&_nc_vs=HBksFQIYRWZiX2VwaGVtZXJhbC9CMDQ1RDA1M0NCRDAwMUI0QTU5MDVBODk5RjEyODFBM19tdF8xX3ZpZGVvX2Rhc2hpbml0Lm1wNBUAAsgBEgAVAhhAZmJfcGVybWFuZW50LzMwNDYyQTVBMkE5OTBBRjE1MDQ2MzgxOEZDQTI1RDk5X2F1ZGlvX2Rhc2hpbml0Lm1wNBUCAsgBEgAoABgAGwKIB3VzZV9vaWwBMRJwcm9ncmVzc2l2ZV9yZWNpcGUBMRUAACak5Ob60OqWBhUCKAJDMywXQFI3bItDlYEYGWRhc2hfaDI2NC1iYXNpYy1nZW4yXzcyMHARAHUAZbaeAQA&_nc_gid=9tFOUBLYCQKnpAO46uM2aA&_nc_ss=7f289&_nc_zt=28&oh=00_AQAOfnV-Thit6VYoucSXq81W3rYMU_IcHH9kke4Ju2MxFg&oe=6A674FD1,https://scontent.fblr20-1.fna.fbcdn.net/v/t39.35426-6/747799781_1556812969427464_5182058964128929362_n.jpg?_nc_cat=110&ccb=1-7&_nc_sid=c53f8f&_nc_ohc=FX4noz1DnGgQ7kNvwG7gzQF&_nc_oc=Adr-0ccah-yHffJVXai91jNK563-HyKOq5vLdYnk4CuggDrStjmS-myZe2i7El4q2xqRJeCeV1xAIi85cQMjbdAS&_nc_zt=14&_nc_ht=scontent.fblr20-1.fna&_nc_gid=9tFOUBLYCQKnpAO46uM2aA&_nc_ss=7f289&oh=00_AQATc7tzL1yKsLLmaIj_3a8NEWXpppW3FAb_rVcjmq5DoA&oe=6A672F28,2026-07-27T12:32:17.000Z,2026-07-23
78,54,Loora,105478174979714,Loora,,IN,1034426875739269,https://www.facebook.com/ads/library/?id=1034426875739269,2026-07-13,,false,true,4,3,1514785023455810,2026-07-13,,Speak English fluently with your virtual AI English tutor 😎,Best AI English tutor,Install now,http://play.google.com/store/apps/details?id=com.loora.app,"Facebook,Instagram,Audience Network,Messenger,Threads",Speak English fluently with your virtual AI English tutor 😎,Best AI English tutor,Install now,http://play.google.com/store/apps/details?id=com.loora.app,Video,"Facebook,Instagram,Audience Network,Messenger,Threads",1,0,9:16,https://video.fblr20-4.fna.fbcdn.net/o1/v/t2/f2/m366/AQNAElqXLPNnI5HTxHHWXHj_wjmASEkAQXh_vjUnDlwGoBXKeMkkv8kW1bj7FhBtQB55N3mESe3iOiFYQrnZJmLuPuGEQrVKdJRREZvqRmxPIg.mp4?_nc_cat=103&_nc_oc=Adrz-2Cr2Fufmro6niF5PcQQDVotCZ9KV1rKPryTHttark2M59EWd_3IYsERZtAXkWixqaRpNsaNmR1rwb56Z1ly&_nc_sid=b66105&_nc_ht=video.fblr20-4.fna.fbcdn.net&_nc_ohc=2sDqjpzXISEQ7kNvwH012dk&efg=eyJ2ZW5jb2RlX3RhZyI6Inhwdl9wcm9ncmVzc2l2ZS5WSV9VU0VDQVNFX1BST0RVQ1RfVFlQRS4uQzMuNzIwLmRhc2hfaDI2NC1iYXNpYy1nZW4yXzcyMHAiLCJ4cHZfYXNzZXRfaWQiOjE3MzkwNjAzMDQyMDYwOTgsImFzc2V0X2FnZV9kYXlzIjo2NSwidmlfdXNlY2FzZV9pZCI6MTAxMzksImR1cmF0aW9uX3MiOjcyLCJ1cmxnZW5fc291cmNlIjoid3d3In0%3D&ccb=17-1&vs=a35bd65a80ce1e07&_nc_vs=HBksFQIYRWZiX2VwaGVtZXJhbC9CMDQ1RDA1M0NCRDAwMUI0QTU5MDVBODk5RjEyODFBM19tdF8xX3ZpZGVvX2Rhc2hpbml0Lm1wNBUAAsgBEgAVAhhAZmJfcGVybWFuZW50LzMwNDYyQTVBMkE5OTBBRjE1MDQ2MzgxOEZDQTI1RDk5X2F1ZGlvX2Rhc2hpbml0Lm1wNBUCAsgBEgAoABgAGwKIB3VzZV9vaWwBMRJwcm9ncmVzc2l2ZV9yZWNpcGUBMRUAACak5Ob60OqWBhUCKAJDMywXQFI3bItDlYEYGWRhc2hfaDI2NC1iYXNpYy1nZW4yXzcyMHARAHUAZbaeAQA&_nc_gid=9tFOUBLYCQKnpAO46uM2aA&_nc_ss=7f289&_nc_zt=28&oh=00_AQAOfnV-Thit6VYoucSXq81W3rYMU_IcHH9kke4Ju2MxFg&oe=6A674FD1,https://scontent.fblr20-4.fna.fbcdn.net/v/t39.35426-6/746927903_1658575465643955_4246773571457422599_n.jpg?_nc_cat=101&ccb=1-7&_nc_sid=c53f8f&_nc_ohc=NJoMJK359tkQ7kNvwHfZtgf&_nc_oc=AdpaXcPfmDdoUQTWY7pHKEbwfFBhpKD-SV4Yhh_kUkvr5ar7ybEv5jznVspf77iwtZmDPOlbhU5ANxy7y-k2kkg6&_nc_zt=14&_nc_ht=scontent.fblr20-4.fna&_nc_gid=9tFOUBLYCQKnpAO46uM2aA&_nc_ss=7f289&oh=00_AQCZQYPpDazf-gp73RMDNqq6EyN6V0qlFz97tau_cApkbQ&oe=6A674D1E,2026-07-27T12:32:17.000Z,2026-07-23
79,55,Loora,105478174979714,Loora,,IN,897321943418751,https://www.facebook.com/ads/library/?id=897321943418751,2026-07-13,,false,true,2,0,897321943418751,2026-07-13,,Speak English fluently with your virtual AI English tutor 😎,Best AI English tutor,Install now,http://play.google.com/store/apps/details?id=com.loora.app,"Facebook,Instagram,Audience Network,Messenger,Threads",Speak English fluently with your virtual AI English tutor 😎,Best AI English tutor,Install now,http://play.google.com/store/apps/details?id=com.loora.app,Video,"Facebook,Instagram,Audience Network,Messenger,Threads",1,0,9:16,https://video.fblr20-4.fna.fbcdn.net/o1/v/t2/f2/m366/AQOuyEQF1-pOxTbnTqhon7TyWfkefd2xXHVkOuzMDsYDLyD2cG3n-xfFCaQTK3Vw94u9wEVjPWU-Z-4qhpMNVUqj238kX2JQbLQKPdbPzkBX_w.mp4?_nc_cat=106&_nc_oc=AdqWnI6f6Z8Ofs2mUkloB-f4KgGo5EZWW0eM28fP3eNMAgmM8ZL3jZ5-ksYEriOs5OUVG7ZzhQ7TL_nOaXMseSXg&_nc_sid=b66105&_nc_ht=video.fblr20-4.fna.fbcdn.net&_nc_ohc=26HzFFcgbEYQ7kNvwG4nOdg&efg=eyJ2ZW5jb2RlX3RhZyI6Inhwdl9wcm9ncmVzc2l2ZS5WSV9VU0VDQVNFX1BST0RVQ1RfVFlQRS4uQzMuNzIwLmRhc2hfaDI2NC1iYXNpYy1nZW4yXzcyMHAiLCJ4cHZfYXNzZXRfaWQiOjE2NzY5OTc4MDY2MjA1MTksImFzc2V0X2FnZV9kYXlzIjoxMTgsInZpX3VzZWNhc2VfaWQiOjEwNzk5LCJkdXJhdGlvbl9zIjo1MSwidXJsZ2VuX3NvdXJjZSI6Ind3dyJ9&ccb=17-1&vs=db7197ab180d7fab&_nc_vs=HBksFQIYRWZiX2VwaGVtZXJhbC8zMjQyNzkxNTQ5MkE4REYyMDFCOUQ5MURGMEMzMDQ5OV9tdF8xX3ZpZGVvX2Rhc2hpbml0Lm1wNBUAAsgBEgAVAhhAZmJfcGVybWFuZW50L0VBNDhGMTcwMzE3NUJCQUVBQUZEMjRENDY1QzQ4MUJBX2F1ZGlvX2Rhc2hpbml0Lm1wNBUCAsgBEgAoABgAGwKIB3VzZV9vaWwBMRJwcm9ncmVzc2l2ZV9yZWNpcGUBMRUAACbO_euoj876BRUCKAJDMywXQEmuFHrhR64YGWRhc2hfaDI2NC1iYXNpYy1nZW4yXzcyMHARAHUAZd6oAQA&_nc_gid=9tFOUBLYCQKnpAO46uM2aA&_nc_ss=7f289&_nc_zt=28&oh=00_AQDLlFn0lDSEW4FBR7ylxG_qjynA_Eki-iJ27xe1x3R9jg&oe=6A67222A,https://scontent.fblr20-2.fna.fbcdn.net/v/t39.35426-6/747168629_1569654248007381_6259911769528998463_n.jpg?_nc_cat=102&ccb=1-7&_nc_sid=c53f8f&_nc_ohc=TcHv4wZP67AQ7kNvwHXRIJU&_nc_oc=AdoEv6F61pk5OsxnKWQarKeCu96tG8q88E8q9SWIzd8_L_r5aRgDEIWuWsfTcKwPMw50CuKCR1W59jVNIBwQy8gB&_nc_zt=14&_nc_ht=scontent.fblr20-2.fna&_nc_gid=9tFOUBLYCQKnpAO46uM2aA&_nc_ss=7f289&oh=00_AQC8MQI4oA_S9LJGSYYTDaysijo4m-pPqY97YWD9tz0mCA&oe=6A672234,2026-07-27T09:17:30.000Z,2026-07-23
80,55,Loora,105478174979714,Loora,,IN,897321943418751,https://www.facebook.com/ads/library/?id=897321943418751,2026-07-13,,false,true,2,1,1023635337074892,2026-07-13,,Speak English fluently with your virtual AI English tutor 😎,Best AI English tutor,Install now,http://play.google.com/store/apps/details?id=com.loora.app,"Facebook,Instagram,Audience Network,Messenger,Threads",Speak English fluently with your virtual AI English tutor 😎,Best AI English tutor,Install now,http://play.google.com/store/apps/details?id=com.loora.app,Video,"Facebook,Instagram,Audience Network,Messenger,Threads",1,0,9:16,https://video.fblr20-4.fna.fbcdn.net/o1/v/t2/f2/m366/AQOuyEQF1-pOxTbnTqhon7TyWfkefd2xXHVkOuzMDsYDLyD2cG3n-xfFCaQTK3Vw94u9wEVjPWU-Z-4qhpMNVUqj238kX2JQbLQKPdbPzkBX_w.mp4?_nc_cat=106&_nc_oc=AdqWnI6f6Z8Ofs2mUkloB-f4KgGo5EZWW0eM28fP3eNMAgmM8ZL3jZ5-ksYEriOs5OUVG7ZzhQ7TL_nOaXMseSXg&_nc_sid=b66105&_nc_ht=video.fblr20-4.fna.fbcdn.net&_nc_ohc=26HzFFcgbEYQ7kNvwG4nOdg&efg=eyJ2ZW5jb2RlX3RhZyI6Inhwdl9wcm9ncmVzc2l2ZS5WSV9VU0VDQVNFX1BST0RVQ1RfVFlQRS4uQzMuNzIwLmRhc2hfaDI2NC1iYXNpYy1nZW4yXzcyMHAiLCJ4cHZfYXNzZXRfaWQiOjE2NzY5OTc4MDY2MjA1MTksImFzc2V0X2FnZV9kYXlzIjoxMTgsInZpX3VzZWNhc2VfaWQiOjEwNzk5LCJkdXJhdGlvbl9zIjo1MSwidXJsZ2VuX3NvdXJjZSI6Ind3dyJ9&ccb=17-1&vs=db7197ab180d7fab&_nc_vs=HBksFQIYRWZiX2VwaGVtZXJhbC8zMjQyNzkxNTQ5MkE4REYyMDFCOUQ5MURGMEMzMDQ5OV9tdF8xX3ZpZGVvX2Rhc2hpbml0Lm1wNBUAAsgBEgAVAhhAZmJfcGVybWFuZW50L0VBNDhGMTcwMzE3NUJCQUVBQUZEMjRENDY1QzQ4MUJBX2F1ZGlvX2Rhc2hpbml0Lm1wNBUCAsgBEgAoABgAGwKIB3VzZV9vaWwBMRJwcm9ncmVzc2l2ZV9yZWNpcGUBMRUAACbO_euoj876BRUCKAJDMywXQEmuFHrhR64YGWRhc2hfaDI2NC1iYXNpYy1nZW4yXzcyMHARAHUAZd6oAQA&_nc_gid=de2ClDS7N6BpWZpL6k3XZw&_nc_ss=7f289&_nc_zt=28&oh=00_AQCKglOydEpLu5UKdIY3umAB-Hc7L49GZHbGIJukiC0RQw&oe=6A67222A,https://scontent.fblr20-5.fna.fbcdn.net/v/t39.35426-6/747723511_1287693926775334_309712155074138214_n.jpg?_nc_cat=107&ccb=1-7&_nc_sid=c53f8f&_nc_ohc=cIKU1j0en6MQ7kNvwGxTPHM&_nc_oc=AdrTKXU3Yzd04vYZn7Y_HDsIy_6KOy30WVbjEEBlkjN9-fdJ1oF1RyjXY67DInaCkv7qn3oMKPymy3oKOPips2w8&_nc_zt=14&_nc_ht=scontent.fblr20-5.fna&_nc_gid=de2ClDS7N6BpWZpL6k3XZw&_nc_ss=7f289&oh=00_AQAct3DyBk7b7YppmuZW35PWnN6vDAKegEetuRgHnL7kiA&oe=6A673F9F,2026-07-27T09:17:30.000Z,2026-07-23
81,56,Loora,105478174979714,Loora,,IN,1585467806699602,https://www.facebook.com/ads/library/?id=1585467806699602,2026-07-13,,false,false,1,0,,2026-07-13,,Speak English fluently with your virtual AI English tutor 😎,Best AI English tutor,Install now,http://play.google.com/store/apps/details?id=com.loora.app,"Facebook,Instagram,Audience Network,Messenger,Threads",Speak English fluently with your virtual AI English tutor 😎,Best AI English tutor,Install now,http://play.google.com/store/apps/details?id=com.loora.app,Video,"Facebook,Instagram,Audience Network,Messenger,Threads",1,0,9:16,https://video.fblr20-2.fna.fbcdn.net/o1/v/t2/f2/m366/AQNTfw4aTGp1DAAYQAhPBeskxoMDOOYiS9i9j4B1z3dYLTa-MkoAk9cCa0D5vc6-YqMZ9wReOSHhcbcEJrMzWx93Qym89-TCrglFs1SiAkJwgA.mp4?_nc_cat=102&_nc_oc=AdoOuEX-Q-7GVvG8F7vm2qGw90UbpbHz3Adj-4chTmP9yiIJmUr4-4aK-QIA6F3eu3U4dK70zQhgfWiG5pvUDqDW&_nc_sid=b66105&_nc_ht=video.fblr20-2.fna.fbcdn.net&_nc_ohc=0lwB4H-6FCcQ7kNvwEPOFJp&efg=eyJ2ZW5jb2RlX3RhZyI6Inhwdl9wcm9ncmVzc2l2ZS5WSV9VU0VDQVNFX1BST0RVQ1RfVFlQRS4uQzMuNzEyLmRhc2hfaDI2NC1iYXNpYy1nZW4yXzcyMHAiLCJ4cHZfYXNzZXRfaWQiOjEyNzIxOTg0OTUwNzUxNzcsImFzc2V0X2FnZV9kYXlzIjoxMTgsInZpX3VzZWNhc2VfaWQiOjEwNzk5LCJkdXJhdGlvbl9zIjo0NywidXJsZ2VuX3NvdXJjZSI6Ind3dyJ9&ccb=17-1&vs=ca89ba0bab963b12&_nc_vs=HBksFQIYRWZiX2VwaGVtZXJhbC8zNzQxRjRGQkE4NTI3MUIwRTZEQURDMTdCMzU3QjhBM19tdF8xX3ZpZGVvX2Rhc2hpbml0Lm1wNBUAAsgBEgAVAhhAZmJfcGVybWFuZW50LzgzNDVDOUIxRkIxNTU2QzhCODRCMjM1Qzk4REE2M0FCX2F1ZGlvX2Rhc2hpbml0Lm1wNBUCAsgBEgAoABgAGwKIB3VzZV9vaWwBMRJwcm9ncmVzc2l2ZV9yZWNpcGUBMRUAACbS7Y-22cPCBBUCKAJDMywXQEf1wo9cKPYYGWRhc2hfaDI2NC1iYXNpYy1nZW4yXzcyMHARAHUAZd6oAQA&_nc_gid=9tFOUBLYCQKnpAO46uM2aA&_nc_ss=7f289&_nc_zt=28&oh=00_AQCdOSxlyNYvOOhf05Q8euk_lKfHGiVdxP-0TnDEQaslYw&oe=6A673CEE,https://scontent.fblr20-2.fna.fbcdn.net/v/t39.35426-6/747826776_2239297203474229_5749232969489104588_n.jpg?_nc_cat=104&ccb=1-7&_nc_sid=c53f8f&_nc_ohc=TwiMYH1zZN4Q7kNvwGC60Sh&_nc_oc=AdqHy7h5mG1CfXWM7ptlxHg1ucSB7AV25YMvpTdfV1mMxRh9POtsuXm_eJZf_v1NEZpGFjhpIY0lTt251Hqn21QH&_nc_zt=14&_nc_ht=scontent.fblr20-2.fna&_nc_gid=9tFOUBLYCQKnpAO46uM2aA&_nc_ss=7f289&oh=00_AQA6qptMStPjOJhlzJ9VenqdG512YaaJqIsOzV_kZLA3tA&oe=6A674171,2026-07-27T11:11:42.000Z,2026-07-23
82,57,Loora,105478174979714,Loora,,IN,1565174518464522,https://www.facebook.com/ads/library/?id=1565174518464522,2026-06-16,,false,false,1,0,,2026-06-16,,Don't be shy to speak English! Become a fluent speaker with your AI Tutor 😎,Best AI English tutor,Install now,https://app.appsflyer.com/id1552708303?pid=metaweb_int&c={{campaign.name}}&af_siteid={{site_source_name}}&af_adset={{adset.name}}&af_ad={{ad.name}}&af_c_id={{campaign.id}}&af_adset_id={{adset.id}}&af_ad_id={{ad.id}}&af_click_lookback=7d,"Facebook,Instagram,Audience Network,Messenger,Threads",Don't be shy to speak English! Become a fluent speaker with your AI Tutor 😎,Best AI English tutor,Install now,https://app.appsflyer.com/id1552708303?pid=metaweb_int&c={{campaign.name}}&af_siteid={{site_source_name}}&af_adset={{adset.name}}&af_ad={{ad.name}}&af_c_id={{campaign.id}}&af_adset_id={{adset.id}}&af_ad_id={{ad.id}}&af_click_lookback=7d,Video,"Facebook,Instagram,Audience Network,Messenger,Threads",1,0,9:16,https://video.fblr20-2.fna.fbcdn.net/o1/v/t2/f2/m366/AQOSgaRyZ6yi9kWPMFe7y-HjoTHvnBHShENhBcM1ggGmgvCH7la8kBEJnuzQW6YdFCI34NyYHgv0-1LLSq2vdvhSXX1C7JqkKxY73OQbHorQsQ.mp4?_nc_cat=104&_nc_oc=AdrQ9q8U3VPRuzL95KANaI9xhMaHGfcmwPB578lXWCQBW1s0iS7ouKxkIBDwN0425QwiJdD-VoM34AUl08OYatpj&_nc_sid=b66105&_nc_ht=video.fblr20-2.fna.fbcdn.net&_nc_ohc=M0w_aauSIb4Q7kNvwFc5zXT&efg=eyJ2ZW5jb2RlX3RhZyI6Inhwdl9wcm9ncmVzc2l2ZS5WSV9VU0VDQVNFX1BST0RVQ1RfVFlQRS4uQzMuNzIwLmRhc2hfaDI2NC1iYXNpYy1nZW4yXzcyMHAiLCJ4cHZfYXNzZXRfaWQiOjE1Mzg3OTgyMDc5MDYwMDUsImFzc2V0X2FnZV9kYXlzIjo0OCwidmlfdXNlY2FzZV9pZCI6MTAxMzksImR1cmF0aW9uX3MiOjc0LCJ1cmxnZW5fc291cmNlIjoid3d3In0%3D&ccb=17-1&vs=8b3a97b0b7abecdc&_nc_vs=HBksFQIYRWZiX2VwaGVtZXJhbC80MDQ4MTc4QTU5NzQyOUVEQzY2QjBGODAwNTUzOTY5Ml9tdF8xX3ZpZGVvX2Rhc2hpbml0Lm1wNBUAAsgBEgAVAhhAZmJfcGVybWFuZW50LzkyNDNFMDBGQzgxMjg4NDNBMEJBRkRCM0JGQ0M2MDgxX2F1ZGlvX2Rhc2hpbml0Lm1wNBUCAsgBEgAoABgAGwKIB3VzZV9vaWwBMRJwcm9ncmVzc2l2ZV9yZWNpcGUBMRUAACaqw4GJ7OG7BRUCKAJDMywXQFK7tkWhysEYGWRhc2hfaDI2NC1iYXNpYy1nZW4yXzcyMHARAHUAZbaeAQA&_nc_gid=9tFOUBLYCQKnpAO46uM2aA&_nc_ss=7f289&_nc_zt=28&oh=00_AQD5bGOBT0viP9aS3Jc-mSFSTcNYnmk_rt1dk9YLUDywrw&oe=6A672814,https://scontent.fblr20-4.fna.fbcdn.net/v/t39.35426-6/724770618_2167543610676214_2456537612732801167_n.jpg?_nc_cat=101&ccb=1-7&_nc_sid=c53f8f&_nc_ohc=y2gLcTQem7kQ7kNvwH0jHsT&_nc_oc=AdqV83MtJ_iAN-UjH2VQH-QbARZhKHcZ_ZRzyyXzLIuKS5U1zMwu7sCayt8HymgEIC6fRK0YBa2xG6sXSeSgf_pK&_nc_zt=14&_nc_ht=scontent.fblr20-4.fna&_nc_gid=9tFOUBLYCQKnpAO46uM2aA&_nc_ss=7f289&oh=00_AQBliyk_vBeKlUumg46V8PBORf_nLAhAUxgNVZldJAq7xg&oe=6A672E6B,2026-07-27T09:42:44.000Z,2026-07-23
83,58,Loora,105478174979714,Loora,,IN,1588359709601998,https://www.facebook.com/ads/library/?id=1588359709601998,2026-07-13,,false,true,2,0,1588359709601998,2026-07-13,,Speak English fluently with your virtual AI English tutor 😎,Best AI English tutor,Install now,http://play.google.com/store/apps/details?id=com.loora.app,"Facebook,Instagram,Audience Network,Messenger,Threads",Speak English fluently with your virtual AI English tutor 😎,Best AI English tutor,Install now,http://play.google.com/store/apps/details?id=com.loora.app,Video,"Facebook,Instagram,Audience Network,Messenger,Threads",1,0,9:16,https://video.fblr20-1.fna.fbcdn.net/o1/v/t2/f2/m366/AQN9_97JC31UE8emr524D9AQe1byXVJtCaXaM7ILfvncLlMp7psXmukVG5gefJyuJgW77z3DcVvdZMlkPnlHEGf-Sf_4RVOst-M7uNdDgIdMuw.mp4?_nc_cat=110&_nc_oc=AdorwJyHy4jo6zmW0cF0bgssStzOSgrfEV2sWwusqOkzRjzoNHClMkcsW8I6dx4fO6aJs6_JaDGkVVcz0UoRRPRF&_nc_sid=b66105&_nc_ht=video.fblr20-1.fna.fbcdn.net&_nc_ohc=KbqkGOTGWnEQ7kNvwE8kRBn&efg=eyJ2ZW5jb2RlX3RhZyI6Inhwdl9wcm9ncmVzc2l2ZS5WSV9VU0VDQVNFX1BST0RVQ1RfVFlQRS4uQzMuNzIwLmRhc2hfaDI2NC1iYXNpYy1nZW4yXzcyMHAiLCJ4cHZfYXNzZXRfaWQiOjE1MzE0NDQxMjg2OTM3NjQsImFzc2V0X2FnZV9kYXlzIjo2NSwidmlfdXNlY2FzZV9pZCI6MTAxMzksImR1cmF0aW9uX3MiOjUzLCJ1cmxnZW5fc291cmNlIjoid3d3In0%3D&ccb=17-1&vs=48d5c8af53c0fdbf&_nc_vs=HBksFQIYRWZiX2VwaGVtZXJhbC9DMDQxOEE3MDVCMDhCMEY5QTk2OEZEQzMyMTgyN0U4RF9tdF8xX3ZpZGVvX2Rhc2hpbml0Lm1wNBUAAsgBEgAVAhhAZmJfcGVybWFuZW50LzIxNDU1RDA2NzEwM0NFREE4MUM0NDM1NTY0QTFFRjgyX2F1ZGlvX2Rhc2hpbml0Lm1wNBUCAsgBEgAoABgAGwKIB3VzZV9vaWwBMRJwcm9ncmVzc2l2ZV9yZWNpcGUBMRUAACaI-MX047W4BRUCKAJDMywXQEriDEm6XjUYGWRhc2hfaDI2NC1iYXNpYy1nZW4yXzcyMHARAHUAZbaeAQA&_nc_gid=9tFOUBLYCQKnpAO46uM2aA&_nc_ss=7f289&_nc_zt=28&oh=00_AQCbZKl6FFbjYU-PEtqN40zUXNbr3cSeOffl2XXznDOGyw&oe=6A6730DE,https://scontent.fblr20-4.fna.fbcdn.net/v/t39.35426-6/748106766_1703987270813079_3499729662474666106_n.jpg?_nc_cat=103&ccb=1-7&_nc_sid=c53f8f&_nc_ohc=aWAaww2ejcYQ7kNvwHIElJV&_nc_oc=Adp4GLVES6yrw62NQmD4VNBSrE5vmpqSKWb-Ac4c8krnfd0N8MUue7ElXT3ai5dBo7huw_1vayWBdQaQ2jBPlcM6&_nc_zt=14&_nc_ht=scontent.fblr20-4.fna&_nc_gid=9tFOUBLYCQKnpAO46uM2aA&_nc_ss=7f289&oh=00_AQCyLCjCYClzn71ueccayX2Lwyu_JkvgrDCfL2RC-I7XiQ&oe=6A672F88,2026-07-27T10:20:14.000Z,2026-07-23
84,58,Loora,105478174979714,Loora,,IN,1588359709601998,https://www.facebook.com/ads/library/?id=1588359709601998,2026-07-13,,false,true,2,1,3991330704337853,2026-07-13,,Speak English fluently with your virtual AI English tutor 😎,Best AI English tutor,Install now,http://play.google.com/store/apps/details?id=com.loora.app,"Facebook,Instagram,Audience Network,Messenger,Threads",Speak English fluently with your virtual AI English tutor 😎,Best AI English tutor,Install now,http://play.google.com/store/apps/details?id=com.loora.app,Video,"Facebook,Instagram,Audience Network,Messenger,Threads",1,0,9:16,https://video.fblr20-1.fna.fbcdn.net/o1/v/t2/f2/m366/AQN9_97JC31UE8emr524D9AQe1byXVJtCaXaM7ILfvncLlMp7psXmukVG5gefJyuJgW77z3DcVvdZMlkPnlHEGf-Sf_4RVOst-M7uNdDgIdMuw.mp4?_nc_cat=110&_nc_oc=AdorwJyHy4jo6zmW0cF0bgssStzOSgrfEV2sWwusqOkzRjzoNHClMkcsW8I6dx4fO6aJs6_JaDGkVVcz0UoRRPRF&_nc_sid=b66105&_nc_ht=video.fblr20-1.fna.fbcdn.net&_nc_ohc=KbqkGOTGWnEQ7kNvwE8kRBn&efg=eyJ2ZW5jb2RlX3RhZyI6Inhwdl9wcm9ncmVzc2l2ZS5WSV9VU0VDQVNFX1BST0RVQ1RfVFlQRS4uQzMuNzIwLmRhc2hfaDI2NC1iYXNpYy1nZW4yXzcyMHAiLCJ4cHZfYXNzZXRfaWQiOjE1MzE0NDQxMjg2OTM3NjQsImFzc2V0X2FnZV9kYXlzIjo2NSwidmlfdXNlY2FzZV9pZCI6MTAxMzksImR1cmF0aW9uX3MiOjUzLCJ1cmxnZW5fc291cmNlIjoid3d3In0%3D&ccb=17-1&vs=48d5c8af53c0fdbf&_nc_vs=HBksFQIYRWZiX2VwaGVtZXJhbC9DMDQxOEE3MDVCMDhCMEY5QTk2OEZEQzMyMTgyN0U4RF9tdF8xX3ZpZGVvX2Rhc2hpbml0Lm1wNBUAAsgBEgAVAhhAZmJfcGVybWFuZW50LzIxNDU1RDA2NzEwM0NFREE4MUM0NDM1NTY0QTFFRjgyX2F1ZGlvX2Rhc2hpbml0Lm1wNBUCAsgBEgAoABgAGwKIB3VzZV9vaWwBMRJwcm9ncmVzc2l2ZV9yZWNpcGUBMRUAACaI-MX047W4BRUCKAJDMywXQEriDEm6XjUYGWRhc2hfaDI2NC1iYXNpYy1nZW4yXzcyMHARAHUAZbaeAQA&_nc_gid=JuY19rHmVr0ny8195tsOOQ&_nc_ss=7f289&_nc_zt=28&oh=00_AQAD_Le5yhfdeZByKEpavHXVRL22XNpAi3OmHKT5JGha1Q&oe=6A6730DE,https://scontent.fblr20-5.fna.fbcdn.net/v/t39.35426-6/747695238_1421142896503258_177297160250060918_n.jpg?_nc_cat=107&ccb=1-7&_nc_sid=c53f8f&_nc_ohc=3h8gAFUQ7toQ7kNvwHgruqf&_nc_oc=Adpl3zjthYX3uAplmzqpBAx8Jl-4w2zaooivXNPkMpcFnO7t-Lj__Ha9oAIAbWEed28vJB9iub_praDTR6E_GBlV&_nc_zt=14&_nc_ht=scontent.fblr20-5.fna&_nc_gid=JuY19rHmVr0ny8195tsOOQ&_nc_ss=7f289&oh=00_AQCUik6PF-hy3php1ei_2J3ueYjufyzwWjJt9UNFWU_eXQ&oe=6A674A18,2026-07-27T10:20:14.000Z,2026-07-23
85,59,Loora,105478174979714,Loora,,IN,2032931734096101,https://www.facebook.com/ads/library/?id=2032931734096101,2026-07-13,,false,true,2,0,2032931734096101,2026-07-13,,Speak English fluently with your virtual AI English tutor 😎,Best AI English tutor,Install now,http://play.google.com/store/apps/details?id=com.loora.app,"Facebook,Instagram,Audience Network,Messenger,Threads",Speak English fluently with your virtual AI English tutor 😎,Best AI English tutor,Install now,http://play.google.com/store/apps/details?id=com.loora.app,Video,"Facebook,Instagram,Audience Network,Messenger,Threads",1,0,9:16,https://video.fblr20-1.fna.fbcdn.net/o1/v/t2/f2/m366/AQODNd2SwGzZOsOGWoPfl6jBekPmlvg1Eld0vrt849vIgDIKGUdXxhyWqw-XIdTz48eSQUlKsvzhGX6ZzfntuMPtRBnSApWhKK_Jt4Bc8j_eGg.mp4?_nc_cat=110&_nc_oc=AdpKgRg5PrRHnUg-Tt_jkCSfP01ryo7G4h3-WWR6same-VrIPfDkdYDvTgDmb4b_Way_5Fjhy-0QwU7BCrrfVtsK&_nc_sid=b66105&_nc_ht=video.fblr20-1.fna.fbcdn.net&_nc_ohc=7aLAZBMIvZ4Q7kNvwHibDpB&efg=eyJ2ZW5jb2RlX3RhZyI6Inhwdl9wcm9ncmVzc2l2ZS5WSV9VU0VDQVNFX1BST0RVQ1RfVFlQRS4uQzMuNzIwLmRhc2hfaDI2NC1iYXNpYy1nZW4yXzcyMHAiLCJ4cHZfYXNzZXRfaWQiOjIxNzUzMjU4ODk5OTA0ODUsImFzc2V0X2FnZV9kYXlzIjoxODQsInZpX3VzZWNhc2VfaWQiOjEwNzk5LCJkdXJhdGlvbl9zIjo1MywidXJsZ2VuX3NvdXJjZSI6Ind3dyJ9&ccb=17-1&vs=794ec77fac0aac36&_nc_vs=HBksFQIYRWZiX2VwaGVtZXJhbC9BQjQxQ0E4NUY1RTdBMkM2NjEzNkQ3ODgzMEFFQzRCQV9tdF8xX3ZpZGVvX2Rhc2hpbml0Lm1wNBUAAsgBEgAVAhhAZmJfcGVybWFuZW50L0FGNDMwRDA1RjVBREJCQjM0MTdCQzdENThGQTRDMkFDX2F1ZGlvX2Rhc2hpbml0Lm1wNBUCAsgBEgAoABgAGwKIB3VzZV9vaWwBMRJwcm9ncmVzc2l2ZV9yZWNpcGUBMRUAACaqvYzv0JzdBxUCKAJDMywXQEq9cKPXCj0YGWRhc2hfaDI2NC1iYXNpYy1nZW4yXzcyMHARAHUAZd6oAQA&_nc_gid=de2ClDS7N6BpWZpL6k3XZw&_nc_ss=7f289&_nc_zt=28&oh=00_AQBaK45UIHza1cNs5_lzlcWU02HDZGXi_aAS1e0hOjH4Iw&oe=6A67235E,https://scontent.fblr20-5.fna.fbcdn.net/v/t39.35426-6/746508471_3405811266254164_5552447761954595813_n.jpg?_nc_cat=107&ccb=1-7&_nc_sid=c53f8f&_nc_ohc=YQsKm-f5Q5wQ7kNvwFDyZi2&_nc_oc=AdpIx-x7aH4xcj7aBKZTRWuG8f0vJPzY0-5eiFiITk5BfsgQ2O9jjJpvO563w5aoR-aBxojVXwmAMS0QAO6iNqU3&_nc_zt=14&_nc_ht=scontent.fblr20-5.fna&_nc_gid=de2ClDS7N6BpWZpL6k3XZw&_nc_ss=7f289&oh=00_AQDdzRl8tUwReQ8ZpNXMIbKdxoy9c6M_lZ9DLKXN1b3UNA&oe=6A675291,2026-07-27T09:22:38.000Z,2026-07-23
86,59,Loora,105478174979714,Loora,,IN,2032931734096101,https://www.facebook.com/ads/library/?id=2032931734096101,2026-07-13,,false,true,2,1,1829805587997939,2026-07-13,,Speak English fluently with your virtual AI English tutor 😎,Best AI English tutor,Install now,http://play.google.com/store/apps/details?id=com.loora.app,"Facebook,Instagram,Audience Network,Messenger,Threads",Speak English fluently with your virtual AI English tutor 😎,Best AI English tutor,Install now,http://play.google.com/store/apps/details?id=com.loora.app,Video,"Facebook,Instagram,Audience Network,Messenger,Threads",1,0,9:16,https://video.fblr20-1.fna.fbcdn.net/o1/v/t2/f2/m366/AQODNd2SwGzZOsOGWoPfl6jBekPmlvg1Eld0vrt849vIgDIKGUdXxhyWqw-XIdTz48eSQUlKsvzhGX6ZzfntuMPtRBnSApWhKK_Jt4Bc8j_eGg.mp4?_nc_cat=110&_nc_oc=AdpKgRg5PrRHnUg-Tt_jkCSfP01ryo7G4h3-WWR6same-VrIPfDkdYDvTgDmb4b_Way_5Fjhy-0QwU7BCrrfVtsK&_nc_sid=b66105&_nc_ht=video.fblr20-1.fna.fbcdn.net&_nc_ohc=7aLAZBMIvZ4Q7kNvwHibDpB&efg=eyJ2ZW5jb2RlX3RhZyI6Inhwdl9wcm9ncmVzc2l2ZS5WSV9VU0VDQVNFX1BST0RVQ1RfVFlQRS4uQzMuNzIwLmRhc2hfaDI2NC1iYXNpYy1nZW4yXzcyMHAiLCJ4cHZfYXNzZXRfaWQiOjIxNzUzMjU4ODk5OTA0ODUsImFzc2V0X2FnZV9kYXlzIjoxODQsInZpX3VzZWNhc2VfaWQiOjEwNzk5LCJkdXJhdGlvbl9zIjo1MywidXJsZ2VuX3NvdXJjZSI6Ind3dyJ9&ccb=17-1&vs=794ec77fac0aac36&_nc_vs=HBksFQIYRWZiX2VwaGVtZXJhbC9BQjQxQ0E4NUY1RTdBMkM2NjEzNkQ3ODgzMEFFQzRCQV9tdF8xX3ZpZGVvX2Rhc2hpbml0Lm1wNBUAAsgBEgAVAhhAZmJfcGVybWFuZW50L0FGNDMwRDA1RjVBREJCQjM0MTdCQzdENThGQTRDMkFDX2F1ZGlvX2Rhc2hpbml0Lm1wNBUCAsgBEgAoABgAGwKIB3VzZV9vaWwBMRJwcm9ncmVzc2l2ZV9yZWNpcGUBMRUAACaqvYzv0JzdBxUCKAJDMywXQEq9cKPXCj0YGWRhc2hfaDI2NC1iYXNpYy1nZW4yXzcyMHARAHUAZd6oAQA&_nc_gid=JuY19rHmVr0ny8195tsOOQ&_nc_ss=7f289&_nc_zt=28&oh=00_AQAyfiTG85p7lX7xkqePJBfyVrEr6G64U7nXKlcdtVaotw&oe=6A67235E,https://scontent.fblr20-3.fna.fbcdn.net/v/t39.35426-6/747086863_1502710211658542_3498096560815775415_n.jpg?_nc_cat=105&ccb=1-7&_nc_sid=c53f8f&_nc_ohc=DltipNvC6VwQ7kNvwHFZcGB&_nc_oc=Adpa23_Ocb5CPvB7WE_0mlm7Pbe6J2DjDo2Lf48ycZeIJCQCLn667YYy-vn10RNyklea_jgEcZTKaDYeaxrVIjHv&_nc_zt=14&_nc_ht=scontent.fblr20-3.fna&_nc_gid=JuY19rHmVr0ny8195tsOOQ&_nc_ss=7f289&oh=00_AQAULhlmfAA6PUvbMg8O-56dIRL6RkPzh0C3GHGPLQmAEg&oe=6A671EEF,2026-07-27T09:22:38.000Z,2026-07-23
87,60,Loora,105478174979714,Loora,,IN,894154967072003,https://www.facebook.com/ads/library/?id=894154967072003,2026-07-13,,false,true,2,0,894154967072003,2026-07-13,,Speak English fluently with your virtual AI English tutor 😎,Best AI English tutor,Install now,http://play.google.com/store/apps/details?id=com.loora.app,"Facebook,Instagram,Audience Network,Messenger,Threads",Speak English fluently with your virtual AI English tutor 😎,Best AI English tutor,Install now,http://play.google.com/store/apps/details?id=com.loora.app,Video,"Facebook,Instagram,Audience Network,Messenger,Threads",1,0,9:16,https://video.fblr20-4.fna.fbcdn.net/o1/v/t2/f2/m366/AQPtqYsoheM5wcMa06zgp9ptbiVz5JV3EST6q0sQB4kmNHbfev0gCrtqcHWY2P295Z_xgAkGpP43nTXedHyAxxo3YD8MBZmd4ebr7aPsu1MSGg.mp4?_nc_cat=106&_nc_oc=AdolW4n2YL_63egRzT2v_T4Jmz_ckVpXIlF_nyRpnKhQy-0-RCIB7DNCQ7UczWY1vJzQynPxPQO6jYOWvBaOtF7w&_nc_sid=b66105&_nc_ht=video.fblr20-4.fna.fbcdn.net&_nc_ohc=GY0iu-xyuk4Q7kNvwE2StfE&efg=eyJ2ZW5jb2RlX3RhZyI6Inhwdl9wcm9ncmVzc2l2ZS5WSV9VU0VDQVNFX1BST0RVQ1RfVFlQRS4uQzMuNzIwLmRhc2hfaDI2NC1iYXNpYy1nZW4yXzcyMHAiLCJ4cHZfYXNzZXRfaWQiOjkwNzk4OTM2NTA4NjYwNCwiYXNzZXRfYWdlX2RheXMiOjE4NCwidmlfdXNlY2FzZV9pZCI6MTA3OTksImR1cmF0aW9uX3MiOjM0LCJ1cmxnZW5fc291cmNlIjoid3d3In0%3D&ccb=17-1&vs=388e4993330e4c6d&_nc_vs=HBksFQIYRWZiX2VwaGVtZXJhbC83QTQ3Q0ExMzc4MDhGNzA2OTk0NjZGQTYyQzA1RUZBNV9tdF8xX3ZpZGVvX2Rhc2hpbml0Lm1wNBUAAsgBEgAVAhhAZmJfcGVybWFuZW50LzNBNDEwMzQ0NzNDNERFRjVGRjJFMjgxN0M2MTY1OEE4X2F1ZGlvX2Rhc2hpbml0Lm1wNBUCAsgBEgAoABgAGwKIB3VzZV9vaWwBMRJwcm9ncmVzc2l2ZV9yZWNpcGUBMRUAACaY5ob59_OcAxUCKAJDMywXQEEzMzMzMzMYGWRhc2hfaDI2NC1iYXNpYy1nZW4yXzcyMHARAHUAZd6oAQA&_nc_gid=de2ClDS7N6BpWZpL6k3XZw&_nc_ss=7f289&_nc_zt=28&oh=00_AQDfQ5aEznFGGAawxrAef-OKRzYBI4_f-Ktt6058qwhVuQ&oe=6A6730A2,https://scontent.fblr20-3.fna.fbcdn.net/v/t39.35426-6/746164594_1366453102092332_6232219223095752404_n.jpg?_nc_cat=100&ccb=1-7&_nc_sid=c53f8f&_nc_ohc=zfrW09rp4k0Q7kNvwEzwi42&_nc_oc=AdqCwydwCOkqieZN3nPt0jWATUtRJudhbLGE9AYeVWiwCWDWmZ6nliCS5ag0s7XWzrjp5ZO0fXpwRIOhIIh-CsZ8&_nc_zt=14&_nc_ht=scontent.fblr20-3.fna&_nc_gid=de2ClDS7N6BpWZpL6k3XZw&_nc_ss=7f289&oh=00_AQApTZBqNcrGjvwww6x1RTSGQEaS89nQxbeuTBLzK-QhDw&oe=6A671D92,2026-07-27T10:19:14.000Z,2026-07-23
88,60,Loora,105478174979714,Loora,,IN,894154967072003,https://www.facebook.com/ads/library/?id=894154967072003,2026-07-13,,false,true,2,1,2271445990324777,2026-07-13,,Speak English fluently with your virtual AI English tutor 😎,Best AI English tutor,Install now,http://play.google.com/store/apps/details?id=com.loora.app,"Facebook,Instagram,Audience Network,Messenger,Threads",Speak English fluently with your virtual AI English tutor 😎,Best AI English tutor,Install now,http://play.google.com/store/apps/details?id=com.loora.app,Video,"Facebook,Instagram,Audience Network,Messenger,Threads",1,0,9:16,https://video.fblr20-4.fna.fbcdn.net/o1/v/t2/f2/m366/AQPtqYsoheM5wcMa06zgp9ptbiVz5JV3EST6q0sQB4kmNHbfev0gCrtqcHWY2P295Z_xgAkGpP43nTXedHyAxxo3YD8MBZmd4ebr7aPsu1MSGg.mp4?_nc_cat=106&_nc_oc=AdolW4n2YL_63egRzT2v_T4Jmz_ckVpXIlF_nyRpnKhQy-0-RCIB7DNCQ7UczWY1vJzQynPxPQO6jYOWvBaOtF7w&_nc_sid=b66105&_nc_ht=video.fblr20-4.fna.fbcdn.net&_nc_ohc=GY0iu-xyuk4Q7kNvwE2StfE&efg=eyJ2ZW5jb2RlX3RhZyI6Inhwdl9wcm9ncmVzc2l2ZS5WSV9VU0VDQVNFX1BST0RVQ1RfVFlQRS4uQzMuNzIwLmRhc2hfaDI2NC1iYXNpYy1nZW4yXzcyMHAiLCJ4cHZfYXNzZXRfaWQiOjkwNzk4OTM2NTA4NjYwNCwiYXNzZXRfYWdlX2RheXMiOjE4NCwidmlfdXNlY2FzZV9pZCI6MTA3OTksImR1cmF0aW9uX3MiOjM0LCJ1cmxnZW5fc291cmNlIjoid3d3In0%3D&ccb=17-1&vs=388e4993330e4c6d&_nc_vs=HBksFQIYRWZiX2VwaGVtZXJhbC83QTQ3Q0ExMzc4MDhGNzA2OTk0NjZGQTYyQzA1RUZBNV9tdF8xX3ZpZGVvX2Rhc2hpbml0Lm1wNBUAAsgBEgAVAhhAZmJfcGVybWFuZW50LzNBNDEwMzQ0NzNDNERFRjVGRjJFMjgxN0M2MTY1OEE4X2F1ZGlvX2Rhc2hpbml0Lm1wNBUCAsgBEgAoABgAGwKIB3VzZV9vaWwBMRJwcm9ncmVzc2l2ZV9yZWNpcGUBMRUAACaY5ob59_OcAxUCKAJDMywXQEEzMzMzMzMYGWRhc2hfaDI2NC1iYXNpYy1nZW4yXzcyMHARAHUAZd6oAQA&_nc_gid=de2ClDS7N6BpWZpL6k3XZw&_nc_ss=7f289&_nc_zt=28&oh=00_AQDfQ5aEznFGGAawxrAef-OKRzYBI4_f-Ktt6058qwhVuQ&oe=6A6730A2,https://scontent.fblr20-3.fna.fbcdn.net/v/t39.35426-6/748597633_26877910828554402_1904320257626587868_n.jpg?_nc_cat=105&ccb=1-7&_nc_sid=c53f8f&_nc_ohc=7tCXxxkapLEQ7kNvwHKiqgs&_nc_oc=AdrxO2n6D0goCpVw-ACcIbxOnRkmX0lnc4bt3g7d5LRZY_peO7UpTf_155qDVvvE14YPrLV-EBR-bfD1W0kyqTOg&_nc_zt=14&_nc_ht=scontent.fblr20-3.fna&_nc_gid=de2ClDS7N6BpWZpL6k3XZw&_nc_ss=7f289&oh=00_AQAQTUhRGbB_vMAcb_WaCZzKBnI0P5vtbKeOUSPdVKsmIA&oe=6A6745A5,2026-07-27T10:19:14.000Z,2026-07-23
89,61,Loora,105478174979714,Loora,,IN,26717927631214700,https://www.facebook.com/ads/library/?id=26717927631214700,2026-07-13,,false,true,2,0,26717927631214700,2026-07-13,,Speak English fluently with your virtual AI English tutor 😎,Best AI English tutor,Install now,http://play.google.com/store/apps/details?id=com.loora.app,"Facebook,Instagram,Audience Network,Messenger,Threads",Speak English fluently with your virtual AI English tutor 😎,Best AI English tutor,Install now,http://play.google.com/store/apps/details?id=com.loora.app,Video,"Facebook,Instagram,Audience Network,Messenger,Threads",1,0,9:16,https://video.fblr20-1.fna.fbcdn.net/o1/v/t2/f2/m366/AQPk-0IGVhYKsDUGf2ennOucjpx_HsoQqbAXcsapEjLkMPbv4X9DcGsyejyA7xg4JxEDZ0XlC3uxv-sOW63jtIB4Ig0lSoloecD-6VOzmA0fHg.mp4?_nc_cat=108&_nc_oc=AdoDDd1alN8UPcyicyBfoJMjcL6-OFL-vUeEExOJCmoQrwDIlOR2fYdhYoJ3EEdaUbLS9358HbKWy0OtjyJYs35x&_nc_sid=b66105&_nc_ht=video.fblr20-1.fna.fbcdn.net&_nc_ohc=qKUCZhZLf1QQ7kNvwEb08Q2&efg=eyJ2ZW5jb2RlX3RhZyI6Inhwdl9wcm9ncmVzc2l2ZS5WSV9VU0VDQVNFX1BST0RVQ1RfVFlQRS4uQzMuNzIwLmRhc2hfaDI2NC1iYXNpYy1nZW4yXzcyMHAiLCJ4cHZfYXNzZXRfaWQiOjE3NzI5NzY3NDA1MzU0NjcsImFzc2V0X2FnZV9kYXlzIjo4LCJ2aV91c2VjYXNlX2lkIjoxMDc5OSwiZHVyYXRpb25fcyI6NzYsInVybGdlbl9zb3VyY2UiOiJ3d3cifQ%3D%3D&ccb=17-1&vs=5072e834f666b39e&_nc_vs=HBksFQIYRWZiX2VwaGVtZXJhbC9CRTRDREQzRjRBNDEzRTQyOUI1OENFRjc4Njc1MzM5N19tdF8xX3ZpZGVvX2Rhc2hpbml0Lm1wNBUAAsgBEgAVAhhAZmJfcGVybWFuZW50LzJENEQ5OTkyN0U0QjY5QTQ5NEU2Q0M5RjMzRTAyNzlDX2F1ZGlvX2Rhc2hpbml0Lm1wNBUCAsgBEgAoABgAGwKIB3VzZV9vaWwBMRJwcm9ncmVzc2l2ZV9yZWNpcGUBMRUAACbWsoSN6qCmBhUCKAJDMywXQFMXbItDlYEYGWRhc2hfaDI2NC1iYXNpYy1nZW4yXzcyMHARAHUAZd6oAQA&_nc_gid=de2ClDS7N6BpWZpL6k3XZw&_nc_ss=7f289&_nc_zt=28&oh=00_AQBICqKSX1pbuS_QtK_B4yEb5m299Mm8DrFuH3SrN53FYQ&oe=6A67442C,https://scontent.fblr20-2.fna.fbcdn.net/v/t39.35426-6/746540660_1033959962929643_1158550929206408726_n.jpg?_nc_cat=111&ccb=1-7&_nc_sid=c53f8f&_nc_ohc=unWFmAvAdaIQ7kNvwGBy5jn&_nc_oc=AdplROz6uq0viy3sCbvZRzp-tNbRX3FqyY8I_BhMIHEMQnGKEprxwGadcOkgIH2pBH7faefWMagQrkEJ3T8RgsD7&_nc_zt=14&_nc_ht=scontent.fblr20-2.fna&_nc_gid=de2ClDS7N6BpWZpL6k3XZw&_nc_ss=7f289&oh=00_AQCVgH6U5qXMQnBKy46A8KB6HE3htRxfhbvJaM_QfUi70w&oe=6A675259,2026-07-27T11:42:36.000Z,2026-07-23
90,61,Loora,105478174979714,Loora,,IN,26717927631214700,https://www.facebook.com/ads/library/?id=26717927631214700,2026-07-13,,false,true,2,1,1960672124600190,2026-07-13,,Speak English fluently with your virtual AI English tutor 😎,Best AI English tutor,Install now,http://play.google.com/store/apps/details?id=com.loora.app,"Facebook,Instagram,Audience Network,Messenger,Threads",Speak English fluently with your virtual AI English tutor 😎,Best AI English tutor,Install now,http://play.google.com/store/apps/details?id=com.loora.app,Video,"Facebook,Instagram,Audience Network,Messenger,Threads",1,0,9:16,https://video.fblr20-1.fna.fbcdn.net/o1/v/t2/f2/m366/AQPk-0IGVhYKsDUGf2ennOucjpx_HsoQqbAXcsapEjLkMPbv4X9DcGsyejyA7xg4JxEDZ0XlC3uxv-sOW63jtIB4Ig0lSoloecD-6VOzmA0fHg.mp4?_nc_cat=108&_nc_oc=AdoDDd1alN8UPcyicyBfoJMjcL6-OFL-vUeEExOJCmoQrwDIlOR2fYdhYoJ3EEdaUbLS9358HbKWy0OtjyJYs35x&_nc_sid=b66105&_nc_ht=video.fblr20-1.fna.fbcdn.net&_nc_ohc=qKUCZhZLf1QQ7kNvwEb08Q2&efg=eyJ2ZW5jb2RlX3RhZyI6Inhwdl9wcm9ncmVzc2l2ZS5WSV9VU0VDQVNFX1BST0RVQ1RfVFlQRS4uQzMuNzIwLmRhc2hfaDI2NC1iYXNpYy1nZW4yXzcyMHAiLCJ4cHZfYXNzZXRfaWQiOjE3NzI5NzY3NDA1MzU0NjcsImFzc2V0X2FnZV9kYXlzIjo4LCJ2aV91c2VjYXNlX2lkIjoxMDc5OSwiZHVyYXRpb25fcyI6NzYsInVybGdlbl9zb3VyY2UiOiJ3d3cifQ%3D%3D&ccb=17-1&vs=5072e834f666b39e&_nc_vs=HBksFQIYRWZiX2VwaGVtZXJhbC9CRTRDREQzRjRBNDEzRTQyOUI1OENFRjc4Njc1MzM5N19tdF8xX3ZpZGVvX2Rhc2hpbml0Lm1wNBUAAsgBEgAVAhhAZmJfcGVybWFuZW50LzJENEQ5OTkyN0U0QjY5QTQ5NEU2Q0M5RjMzRTAyNzlDX2F1ZGlvX2Rhc2hpbml0Lm1wNBUCAsgBEgAoABgAGwKIB3VzZV9vaWwBMRJwcm9ncmVzc2l2ZV9yZWNpcGUBMRUAACbWsoSN6qCmBhUCKAJDMywXQFMXbItDlYEYGWRhc2hfaDI2NC1iYXNpYy1nZW4yXzcyMHARAHUAZd6oAQA&_nc_gid=r2OFRtdznHizzpzyPPpTqw&_nc_ss=7f289&_nc_zt=28&oh=00_AQAG5yjVni4Q9ffCI-peAJ4JFK7jyYPxT46fAQBNzgz3GA&oe=6A67442C,https://scontent.fblr20-4.fna.fbcdn.net/v/t39.35426-6/747962294_1073286502026750_4148700177716271741_n.jpg?_nc_cat=101&ccb=1-7&_nc_sid=c53f8f&_nc_ohc=eVAs-7ZG_gQQ7kNvwHi6V7v&_nc_oc=AdoM3UkGsFk9rjMYdlrpuGBCmGyLO0kq23esJcyj4YEe4nqB7Y9wi7jm3Ps7zkluYRc4rRPGzn57JUF2WEexpLh7&_nc_zt=14&_nc_ht=scontent.fblr20-4.fna&_nc_gid=r2OFRtdznHizzpzyPPpTqw&_nc_ss=7f289&oh=00_AQCVVAWs7BvRVB-mhEaH3s9nYpNKOSVYZNHrHKm1W_2jeQ&oe=6A674563,2026-07-27T11:42:36.000Z,2026-07-23
91,62,Loora,105478174979714,Loora,,IN,1376673434369180,https://www.facebook.com/ads/library/?id=1376673434369180,2026-07-12,,false,false,1,0,,2026-07-12,,Speak English fluently with your virtual AI English tutor 😎,Best AI English tutor,Install now,http://play.google.com/store/apps/details?id=com.loora.app,"Facebook,Instagram,Audience Network,Messenger,Threads",Speak English fluently with your virtual AI English tutor 😎,Best AI English tutor,Install now,http://play.google.com/store/apps/details?id=com.loora.app,Video,"Facebook,Instagram,Audience Network,Messenger,Threads",1,0,9:16,https://video.fblr20-2.fna.fbcdn.net/o1/v/t2/f2/m366/AQNQZdDVSKxkCnE1wZ7RWYQQRo4UIgSb5-NNHJftzDb6_QlxPgNQ1DvPAC3i9y_jZSC1PORsp7WVbxTZiEuD5Opqr6vMJDhjS6FWdpK09N8KiA.mp4?_nc_cat=111&_nc_oc=AdrDANP8CpMM3YMA0x2BIR-0-4JPPJRWjLmA2Sp8zbWcLFVnAj1QG9qfjhgGt5v34Tf2QBQ-GdMvZp8SeoP6QPFf&_nc_sid=b66105&_nc_ht=video.fblr20-2.fna.fbcdn.net&_nc_ohc=v0J0PiHbFEYQ7kNvwENJUnv&efg=eyJ2ZW5jb2RlX3RhZyI6Inhwdl9wcm9ncmVzc2l2ZS5WSV9VU0VDQVNFX1BST0RVQ1RfVFlQRS4uQzMuNzIwLmRhc2hfaDI2NC1iYXNpYy1nZW4yXzcyMHAiLCJ4cHZfYXNzZXRfaWQiOjE0ODUyMDg3NzYyMjQ1ODQsImFzc2V0X2FnZV9kYXlzIjoyNCwidmlfdXNlY2FzZV9pZCI6MTAxMzksImR1cmF0aW9uX3MiOjEwNCwidXJsZ2VuX3NvdXJjZSI6Ind3dyJ9&ccb=17-1&vs=7977cda8081a3be8&_nc_vs=HBksFQIYRWZiX2VwaGVtZXJhbC83NjRCMUQwNzI1MEVFMzA3N0NERUE4M0I4RDdEQjZBMF9tdF8xX3ZpZGVvX2Rhc2hpbml0Lm1wNBUAAsgBEgAVAhhAZmJfcGVybWFuZW50LzJFNDhFMDcyREZEODBFQTZFMkE0NUI5RTgxNDMwNEE2X2F1ZGlvX2Rhc2hpbml0Lm1wNBUCAsgBEgAoABgAGwKIB3VzZV9vaWwBMRJwcm9ncmVzc2l2ZV9yZWNpcGUBMRUAACaQvbHYw7KjBRUCKAJDMywXQFobtkWhysEYGWRhc2hfaDI2NC1iYXNpYy1nZW4yXzcyMHARAHUAZbaeAQA&_nc_gid=de2ClDS7N6BpWZpL6k3XZw&_nc_ss=7f289&_nc_zt=28&oh=00_AQAEcfjQLjoyDuqmR3DzOddiepNspew2iqVoJkqVJUdxCw&oe=6A672715,https://scontent.fblr20-3.fna.fbcdn.net/v/t39.35426-6/747718673_2491088498020106_7364393522765230636_n.jpg?_nc_cat=100&ccb=1-7&_nc_sid=c53f8f&_nc_ohc=3obCeviTewgQ7kNvwGfYuck&_nc_oc=AdrKXxUanm-QOL84CQM5P5_HEUrDzmlR4usHKRZSJNM7aTV5n8tCxqrB4h6p32f_cWoVRJC7s5aAk_fu85VWGHuK&_nc_zt=14&_nc_ht=scontent.fblr20-3.fna&_nc_gid=de2ClDS7N6BpWZpL6k3XZw&_nc_ss=7f289&oh=00_AQDzSMIC3Pg27CPO_DtW9RlIFxbDUHOAaV_n4v2GXYjtbQ&oe=6A674690,2026-07-27T09:38:29.000Z,2026-07-23
92,63,Loora,105478174979714,Loora,,IN,3330216970496876,https://www.facebook.com/ads/library/?id=3330216970496876,2026-07-13,,false,true,2,0,3330216970496876,2026-07-13,,Speak English fluently with your virtual AI English tutor 😎,Best AI English tutor,Install now,http://play.google.com/store/apps/details?id=com.loora.app,"Facebook,Instagram,Audience Network,Messenger,Threads",Speak English fluently with your virtual AI English tutor 😎,Best AI English tutor,Install now,http://play.google.com/store/apps/details?id=com.loora.app,Video,"Facebook,Instagram,Audience Network,Messenger,Threads",1,0,9:16,https://video.fblr20-2.fna.fbcdn.net/o1/v/t2/f2/m366/AQMDzfZWofzJBJQIzzQVtnWEgAZQqFk4Dsk3PzPewm9sFZ5V8J54xePf5DyWCmkGXNtjqjY-DFgGj6MLzF6ULqW1ZZE4JtKINIud6IhRqccmtw.mp4?_nc_cat=104&_nc_oc=Adp32soVVg8yqzTsHzGhf7aTnXO5Kzl2avNpECFopO_7lQiiNQqI6MRHIFhhOYUS02XCVjtv5qtflhThcDRHxfTZ&_nc_sid=b66105&_nc_ht=video.fblr20-2.fna.fbcdn.net&_nc_ohc=7UcGiSASDPMQ7kNvwHosm1v&efg=eyJ2ZW5jb2RlX3RhZyI6Inhwdl9wcm9ncmVzc2l2ZS5WSV9VU0VDQVNFX1BST0RVQ1RfVFlQRS4uQzMuNzIwLmRhc2hfaDI2NC1iYXNpYy1nZW4yXzcyMHAiLCJ4cHZfYXNzZXRfaWQiOjIwMjA5NDQ0MDg1MTU5OTMsImFzc2V0X2FnZV9kYXlzIjo1OCwidmlfdXNlY2FzZV9pZCI6MTAxMzksImR1cmF0aW9uX3MiOjY2LCJ1cmxnZW5fc291cmNlIjoid3d3In0%3D&ccb=17-1&vs=e8b800d5a9373001&_nc_vs=HBksFQIYRWZiX2VwaGVtZXJhbC9BNjRBRDYzNUU5NTNCNDgzRDM2N0FGM0Y0REY2RDE5QV9tdF8xX3ZpZGVvX2Rhc2hpbml0Lm1wNBUAAsgBEgAVAhhAZmJfcGVybWFuZW50LzAwNDNDQTU2QTRFODRFOEM2RjQ3QUI2OTQ2OUJCRjk0X2F1ZGlvX2Rhc2hpbml0Lm1wNBUCAsgBEgAoABgAGwKIB3VzZV9vaWwBMRJwcm9ncmVzc2l2ZV9yZWNpcGUBMRUAACay1qSZuYKXBxUCKAJDMywXQFCqn752yLQYGWRhc2hfaDI2NC1iYXNpYy1nZW4yXzcyMHARAHUAZbaeAQA&_nc_gid=de2ClDS7N6BpWZpL6k3XZw&_nc_ss=7f289&_nc_zt=28&oh=00_AQAOtWnsb9rS8c7jjX-zvVLKezLC50EvKTmRznKuSl66zg&oe=6A672C08,https://scontent.fblr20-4.fna.fbcdn.net/v/t39.35426-6/747820013_1923840881615422_1691279043533169678_n.jpg?_nc_cat=101&ccb=1-7&_nc_sid=c53f8f&_nc_ohc=wdjrzLEDD7sQ7kNvwFmUl88&_nc_oc=Adrr2flBnRkk4LlBQ2HlQFnHS9cKtIzxO9hWjDhSUscpBCmM07LeGvjUVJN0s6rQ1d3weNbOASIXbENTj5JNdRIY&_nc_zt=14&_nc_ht=scontent.fblr20-4.fna&_nc_gid=de2ClDS7N6BpWZpL6k3XZw&_nc_ss=7f289&oh=00_AQBhMqHLRP2aZ3vMf7Fd5tm23TjMu9iJw4JUi_qNb5fuhg&oe=6A6743F0,2026-07-27T09:59:36.000Z,2026-07-23
93,63,Loora,105478174979714,Loora,,IN,3330216970496876,https://www.facebook.com/ads/library/?id=3330216970496876,2026-07-13,,false,true,2,1,917420908052779,2026-07-13,,Speak English fluently with your virtual AI English tutor 😎,Best AI English tutor,Install now,http://play.google.com/store/apps/details?id=com.loora.app,"Facebook,Instagram,Audience Network,Messenger,Threads",Speak English fluently with your virtual AI English tutor 😎,Best AI English tutor,Install now,http://play.google.com/store/apps/details?id=com.loora.app,Video,"Facebook,Instagram,Audience Network,Messenger,Threads",1,0,9:16,https://video.fblr20-2.fna.fbcdn.net/o1/v/t2/f2/m366/AQMDzfZWofzJBJQIzzQVtnWEgAZQqFk4Dsk3PzPewm9sFZ5V8J54xePf5DyWCmkGXNtjqjY-DFgGj6MLzF6ULqW1ZZE4JtKINIud6IhRqccmtw.mp4?_nc_cat=104&_nc_oc=Adp32soVVg8yqzTsHzGhf7aTnXO5Kzl2avNpECFopO_7lQiiNQqI6MRHIFhhOYUS02XCVjtv5qtflhThcDRHxfTZ&_nc_sid=b66105&_nc_ht=video.fblr20-2.fna.fbcdn.net&_nc_ohc=7UcGiSASDPMQ7kNvwHosm1v&efg=eyJ2ZW5jb2RlX3RhZyI6Inhwdl9wcm9ncmVzc2l2ZS5WSV9VU0VDQVNFX1BST0RVQ1RfVFlQRS4uQzMuNzIwLmRhc2hfaDI2NC1iYXNpYy1nZW4yXzcyMHAiLCJ4cHZfYXNzZXRfaWQiOjIwMjA5NDQ0MDg1MTU5OTMsImFzc2V0X2FnZV9kYXlzIjo1OCwidmlfdXNlY2FzZV9pZCI6MTAxMzksImR1cmF0aW9uX3MiOjY2LCJ1cmxnZW5fc291cmNlIjoid3d3In0%3D&ccb=17-1&vs=e8b800d5a9373001&_nc_vs=HBksFQIYRWZiX2VwaGVtZXJhbC9BNjRBRDYzNUU5NTNCNDgzRDM2N0FGM0Y0REY2RDE5QV9tdF8xX3ZpZGVvX2Rhc2hpbml0Lm1wNBUAAsgBEgAVAhhAZmJfcGVybWFuZW50LzAwNDNDQTU2QTRFODRFOEM2RjQ3QUI2OTQ2OUJCRjk0X2F1ZGlvX2Rhc2hpbml0Lm1wNBUCAsgBEgAoABgAGwKIB3VzZV9vaWwBMRJwcm9ncmVzc2l2ZV9yZWNpcGUBMRUAACay1qSZuYKXBxUCKAJDMywXQFCqn752yLQYGWRhc2hfaDI2NC1iYXNpYy1nZW4yXzcyMHARAHUAZbaeAQA&_nc_gid=JuY19rHmVr0ny8195tsOOQ&_nc_ss=7f289&_nc_zt=28&oh=00_AQDqpQOWFVYifQ7B7X2kbYtgxlSI0pLZgshNk4ORFjhgEQ&oe=6A672C08,https://scontent.fblr20-1.fna.fbcdn.net/v/t39.35426-6/746308996_2264939197692683_826529287657493410_n.jpg?_nc_cat=110&ccb=1-7&_nc_sid=c53f8f&_nc_ohc=4xpsJ2un7mcQ7kNvwGP1g2k&_nc_oc=AdocgUI9bqgy3E-k_auKUFXF6Fw44P7cm0AKK2Test1RFu0S7_NV3bwt-PyZyNeTKa1ZWWh9mHX75LwYV69lAmSd&_nc_zt=14&_nc_ht=scontent.fblr20-1.fna&_nc_gid=JuY19rHmVr0ny8195tsOOQ&_nc_ss=7f289&oh=00_AQADPvazboiZFZNn9ryNM3ajW_sshouS8i_9BDnJOyU63A&oe=6A674C25,2026-07-27T09:59:36.000Z,2026-07-23
94,64,Loora,105478174979714,Loora,,IN,1337793668505922,https://www.facebook.com/ads/library/?id=1337793668505922,2026-07-13,,false,true,2,0,1337793668505922,2026-07-13,,Speak English fluently with your virtual AI English tutor 😎,Best AI English tutor,Install now,http://play.google.com/store/apps/details?id=com.loora.app,"Facebook,Instagram,Audience Network,Messenger,Threads",Speak English fluently with your virtual AI English tutor 😎,Best AI English tutor,Install now,http://play.google.com/store/apps/details?id=com.loora.app,Video,"Facebook,Instagram,Audience Network,Messenger,Threads",1,0,9:16,https://video.fblr20-3.fna.fbcdn.net/o1/v/t2/f2/m366/AQMGQkr5Y1iX-oQBKer3BFgJLHiNnOdF8jCoe-l9zBtuipu6HavrLwLqbSyrBtd31h4H0_-7scetwU5ogw3G1Ga4-3UvbRirzuFgFZqtDfCIfA.mp4?_nc_cat=109&_nc_oc=AdqIfzDqPQtkOtIRHZI-qASX4iSml9BhvCQPflP7EQtoR_xCrER1QaKYkg9EnuzW36XR9Z1X6XbrDMzM-kmpC6Ly&_nc_sid=b66105&_nc_ht=video.fblr20-3.fna.fbcdn.net&_nc_ohc=5kTj5oWREvoQ7kNvwFKF6Uf&efg=eyJ2ZW5jb2RlX3RhZyI6Inhwdl9wcm9ncmVzc2l2ZS5WSV9VU0VDQVNFX1BST0RVQ1RfVFlQRS4uQzMuNzIwLmRhc2hfaDI2NC1iYXNpYy1nZW4yXzcyMHAiLCJ4cHZfYXNzZXRfaWQiOjg0NzQ1Nzk5ODM3MDEwMiwiYXNzZXRfYWdlX2RheXMiOjEwMCwidmlfdXNlY2FzZV9pZCI6MTAxMzksImR1cmF0aW9uX3MiOjQzLCJ1cmxnZW5fc291cmNlIjoid3d3In0%3D&ccb=17-1&vs=7a714e62969c81fb&_nc_vs=HBksFQIYRWZiX2VwaGVtZXJhbC82NzQwRkRFNjk2RDM4QUE2QkMyM0U4NjREQzEwNkJCQ19tdF8xX3ZpZGVvX2Rhc2hpbml0Lm1wNBUAAsgBEgAVAhhAZmJfcGVybWFuZW50L0JCNDJBODVGMTcwQ0NDM0Y4OEM5MDFDMjg2NzYwQ0JBX2F1ZGlvX2Rhc2hpbml0Lm1wNBUCAsgBEgAoABgAGwKIB3VzZV9vaWwBMRJwcm9ncmVzc2l2ZV9yZWNpcGUBMRUAACbs1KOPxrCBAxUCKAJDMywXQEXHrhR64UgYGWRhc2hfaDI2NC1iYXNpYy1nZW4yXzcyMHARAHUAZbaeAQA&_nc_gid=de2ClDS7N6BpWZpL6k3XZw&_nc_ss=7f289&_nc_zt=28&oh=00_AQCL6aQAqGQ1Krw-d-o5SlSub9X2juPBeccTA5e9cTS-qQ&oe=6A674F1F,https://scontent.fblr20-1.fna.fbcdn.net/v/t39.35426-6/746284200_1079101367778762_5870834196057425343_n.jpg?_nc_cat=108&ccb=1-7&_nc_sid=c53f8f&_nc_ohc=LhAC6NfWwsIQ7kNvwGRLo8j&_nc_oc=AdrGwtAXPuhsF8HRPaTpcC9dGZ-pruTzMRpn8vlKlTnvPcyd0kr6uow2GF3aH6UpY06nlvN_X4kzopVU3CqQjJrm&_nc_zt=14&_nc_ht=scontent.fblr20-1.fna&_nc_gid=de2ClDS7N6BpWZpL6k3XZw&_nc_ss=7f289&oh=00_AQDUIXkNDU8gD-7Rt-UECOqRCZ04nnfb38O8wL0WPw6y4g&oe=6A672D7C,2026-07-27T12:29:19.000Z,2026-07-23
95,64,Loora,105478174979714,Loora,,IN,1337793668505922,https://www.facebook.com/ads/library/?id=1337793668505922,2026-07-13,,false,true,2,1,1550326936478248,2026-07-13,,Speak English fluently with your virtual AI English tutor 😎,Best AI English tutor,Install now,http://play.google.com/store/apps/details?id=com.loora.app,"Facebook,Instagram,Audience Network,Messenger,Threads",Speak English fluently with your virtual AI English tutor 😎,Best AI English tutor,Install now,http://play.google.com/store/apps/details?id=com.loora.app,Video,"Facebook,Instagram,Audience Network,Messenger,Threads",1,0,9:16,https://video.fblr20-3.fna.fbcdn.net/o1/v/t2/f2/m366/AQMGQkr5Y1iX-oQBKer3BFgJLHiNnOdF8jCoe-l9zBtuipu6HavrLwLqbSyrBtd31h4H0_-7scetwU5ogw3G1Ga4-3UvbRirzuFgFZqtDfCIfA.mp4?_nc_cat=109&_nc_oc=AdqIfzDqPQtkOtIRHZI-qASX4iSml9BhvCQPflP7EQtoR_xCrER1QaKYkg9EnuzW36XR9Z1X6XbrDMzM-kmpC6Ly&_nc_sid=b66105&_nc_ht=video.fblr20-3.fna.fbcdn.net&_nc_ohc=5kTj5oWREvoQ7kNvwFKF6Uf&efg=eyJ2ZW5jb2RlX3RhZyI6Inhwdl9wcm9ncmVzc2l2ZS5WSV9VU0VDQVNFX1BST0RVQ1RfVFlQRS4uQzMuNzIwLmRhc2hfaDI2NC1iYXNpYy1nZW4yXzcyMHAiLCJ4cHZfYXNzZXRfaWQiOjg0NzQ1Nzk5ODM3MDEwMiwiYXNzZXRfYWdlX2RheXMiOjEwMCwidmlfdXNlY2FzZV9pZCI6MTAxMzksImR1cmF0aW9uX3MiOjQzLCJ1cmxnZW5fc291cmNlIjoid3d3In0%3D&ccb=17-1&vs=7a714e62969c81fb&_nc_vs=HBksFQIYRWZiX2VwaGVtZXJhbC82NzQwRkRFNjk2RDM4QUE2QkMyM0U4NjREQzEwNkJCQ19tdF8xX3ZpZGVvX2Rhc2hpbml0Lm1wNBUAAsgBEgAVAhhAZmJfcGVybWFuZW50L0JCNDJBODVGMTcwQ0NDM0Y4OEM5MDFDMjg2NzYwQ0JBX2F1ZGlvX2Rhc2hpbml0Lm1wNBUCAsgBEgAoABgAGwKIB3VzZV9vaWwBMRJwcm9ncmVzc2l2ZV9yZWNpcGUBMRUAACbs1KOPxrCBAxUCKAJDMywXQEXHrhR64UgYGWRhc2hfaDI2NC1iYXNpYy1nZW4yXzcyMHARAHUAZbaeAQA&_nc_gid=JuY19rHmVr0ny8195tsOOQ&_nc_ss=7f289&_nc_zt=28&oh=00_AQAzw9AzxNUY0dZn4e4xzLDkCi5KEAs7UDEdyVb7f5uSlQ&oe=6A674F1F,https://scontent.fblr20-4.fna.fbcdn.net/v/t39.35426-6/747695458_1551794606389638_359563738230610791_n.jpg?_nc_cat=103&ccb=1-7&_nc_sid=c53f8f&_nc_ohc=JDTcJP4jX9cQ7kNvwEzwJAs&_nc_oc=AdrKvIqLWBAZwGns2wO8pwTY7VqHsH7h7WuBfcaAToBH6BmE6WxmiqnWbKscQkKWitP62tftZCx3JRwhUFPqfZJU&_nc_zt=14&_nc_ht=scontent.fblr20-4.fna&_nc_gid=JuY19rHmVr0ny8195tsOOQ&_nc_ss=7f289&oh=00_AQAU823ta57c5VCMjP9zALFZAp_Nhg_CmwUm065X-PiqtQ&oe=6A67353D,2026-07-27T12:29:19.000Z,2026-07-23
96,65,Loora,105478174979714,Loora,,IN,1640641020765022,https://www.facebook.com/ads/library/?id=1640641020765022,2026-07-12,,false,false,1,0,,2026-07-12,,Speak English fluently with your virtual AI English tutor 😎,Best AI English tutor,Install now,http://play.google.com/store/apps/details?id=com.loora.app,"Facebook,Instagram,Audience Network,Messenger,Threads",Speak English fluently with your virtual AI English tutor 😎,Best AI English tutor,Install now,http://play.google.com/store/apps/details?id=com.loora.app,Video,"Facebook,Instagram,Audience Network,Messenger,Threads",1,0,9:16,https://video.fblr20-3.fna.fbcdn.net/o1/v/t2/f2/m366/AQONEaXC1GYytcgmqQZt7anQAfQcFomlaPOCR0i--DKXgIMEYZjEXKb6f3ZMNwachxwGUn9CD8OUnSAYzCI-ZPcrkRHUk_U7aJGF920XOQSRPA.mp4?_nc_cat=105&_nc_oc=AdpM36XeUY_j1BKP468LmhDyPL25HjdvWJ2Vuo8vHbF1q2mZzrhcV18OYQjo_ms4Cz6ejM4ofaTH2d4RPynbB_Fu&_nc_sid=b66105&_nc_ht=video.fblr20-3.fna.fbcdn.net&_nc_ohc=Ci8WheDM5okQ7kNvwG866dZ&efg=eyJ2ZW5jb2RlX3RhZyI6Inhwdl9wcm9ncmVzc2l2ZS5WSV9VU0VDQVNFX1BST0RVQ1RfVFlQRS4uQzMuNzIwLmRhc2hfaDI2NC1iYXNpYy1nZW4yXzcyMHAiLCJ4cHZfYXNzZXRfaWQiOjIyOTg2NTg4ODA4NzU4NzEsImFzc2V0X2FnZV9kYXlzIjoyMCwidmlfdXNlY2FzZV9pZCI6MTAxMzksImR1cmF0aW9uX3MiOjY3LCJ1cmxnZW5fc291cmNlIjoid3d3In0%3D&ccb=17-1&vs=29fe009186a7d36c&_nc_vs=HBksFQIYRWZiX2VwaGVtZXJhbC9DODQyQTVGMjQ5Q0E4MjYyNUNEMDIwMzU3RDU0QjI4MF9tdF8xX3ZpZGVvX2Rhc2hpbml0Lm1wNBUAAsgBEgAVAhhAZmJfcGVybWFuZW50LzcyNDUzNEQ4MEMzMUQwREM3MjlCODk2REU3QTAyMjk2X2F1ZGlvX2Rhc2hpbml0Lm1wNBUCAsgBEgAoABgAGwKIB3VzZV9vaWwBMRJwcm9ncmVzc2l2ZV9yZWNpcGUBMRUAACa-te-gx6eVCBUCKAJDMywXQFDbtkWhysEYGWRhc2hfaDI2NC1iYXNpYy1nZW4yXzcyMHARAHUAZbaeAQA&_nc_gid=de2ClDS7N6BpWZpL6k3XZw&_nc_ss=7f289&_nc_zt=28&oh=00_AQDCT3zVEdAWsm9zcp33b5H5FTpzNXMr86VPjj90PE2HGA&oe=6A672523,https://scontent.fblr20-2.fna.fbcdn.net/v/t39.35426-6/746042157_1092839919733815_8167495406142795031_n.jpg?_nc_cat=104&ccb=1-7&_nc_sid=c53f8f&_nc_ohc=87mLBjlhwvMQ7kNvwE9AysN&_nc_oc=AdoFrKwpYbn7_AmiF4vaEBsLuDJFFzAou3eDl3Wvc1f8q6bvKjQKGq6zE5Yuw03oQNX3LMDOJjjTvFYbiiwknfyC&_nc_zt=14&_nc_ht=scontent.fblr20-2.fna&_nc_gid=de2ClDS7N6BpWZpL6k3XZw&_nc_ss=7f289&oh=00_AQBlqX-urmDZzPWvMvrCR4cp4YxRQc6ReSrzf7bknRhmZQ&oe=6A672BB4,2026-07-27T09:30:11.000Z,2026-07-23
97,66,Loora,105478174979714,Loora,,IN,912992904418282,https://www.facebook.com/ads/library/?id=912992904418282,2026-07-13,,false,true,2,0,912992904418282,2026-07-13,,Speak English fluently with your virtual AI English tutor 😎,Best AI English tutor,Install now,http://play.google.com/store/apps/details?id=com.loora.app,"Facebook,Instagram,Audience Network,Messenger,Threads",Speak English fluently with your virtual AI English tutor 😎,Best AI English tutor,Install now,http://play.google.com/store/apps/details?id=com.loora.app,Video,"Facebook,Instagram,Audience Network,Messenger,Threads",1,0,9:16,https://video.fblr20-3.fna.fbcdn.net/o1/v/t2/f2/m366/AQNIBq8QYX96HcjxGnJcAHaz9IYLZVxoposJQO5wQRPPDif2bYB3GKlLoGrnyyGdFW8sAamvCRSPoYTNnGM-pz2QWyLxprZsdgDdKVUF82ghCw.mp4?_nc_cat=100&_nc_oc=AdqHwFUziL4ajXzSNu_xLqhvjx-izBqnizSlSk0nqvhUjbCrgOdzGHtZVpJ7DVysh4EiwFz6Vmw-FsxB4NCht9L0&_nc_sid=b66105&_nc_ht=video.fblr20-3.fna.fbcdn.net&_nc_ohc=5heJMNJhh48Q7kNvwGxuLQl&efg=eyJ2ZW5jb2RlX3RhZyI6Inhwdl9wcm9ncmVzc2l2ZS5WSV9VU0VDQVNFX1BST0RVQ1RfVFlQRS4uQzMuNzIwLmRhc2hfaDI2NC1iYXNpYy1nZW4yXzcyMHAiLCJ4cHZfYXNzZXRfaWQiOjEzMjQ2NzEyNzI0NTA5OTgsImFzc2V0X2FnZV9kYXlzIjoyNjksInZpX3VzZWNhc2VfaWQiOjEwNzk5LCJkdXJhdGlvbl9zIjozOCwidXJsZ2VuX3NvdXJjZSI6Ind3dyJ9&ccb=17-1&vs=59cc5ad86c60a083&_nc_vs=HBksFQIYRWZiX2VwaGVtZXJhbC84RDQwRjA1OUI0NjJCQzYyMzA0QkQwQUZCQTNGRDFBQ19tdF8xX3ZpZGVvX2Rhc2hpbml0Lm1wNBUAAsgBEgAVAhhAZmJfcGVybWFuZW50LzAyNEE2NjcxQTc5MjdEQ0FENEI4QUU5RUNGMzFFQ0IxX2F1ZGlvX2Rhc2hpbml0Lm1wNBUCAsgBEgAoABgAGwKIB3VzZV9vaWwBMRJwcm9ncmVzc2l2ZV9yZWNpcGUBMRUAACbs7puKgrLaBBUCKAJDMywXQENgAAAAAAAYGWRhc2hfaDI2NC1iYXNpYy1nZW4yXzcyMHARAHUAZd6oAQA&_nc_gid=JuY19rHmVr0ny8195tsOOQ&_nc_ss=7f289&_nc_zt=28&oh=00_AQBJbyLv5OaxX1lngZKq4z3Ga_O5-F9YdRRIv-AKRxfdxQ&oe=6A675048,https://scontent.fblr20-3.fna.fbcdn.net/v/t39.35426-6/747833051_995782973287529_8880171483199121091_n.jpg?_nc_cat=109&ccb=1-7&_nc_sid=c53f8f&_nc_ohc=MWpmzedVm-wQ7kNvwHqUUd7&_nc_oc=AdrLMPxWYQsR_jTo8W-qmnzS8T4PTebXkfwtZI54ZwOtN6LTF2ao4t-vno-GeAU3umxl9AKOHi0OyGhn0YoF9U9J&_nc_zt=14&_nc_ht=scontent.fblr20-3.fna&_nc_gid=JuY19rHmVr0ny8195tsOOQ&_nc_ss=7f289&oh=00_AQAf5-rH9Ns1iTtiin7z5csqeIMsndxM7bBlfi7nXhjbnQ&oe=6A672882,2026-07-27T12:34:16.000Z,2026-07-23
98,66,Loora,105478174979714,Loora,,IN,912992904418282,https://www.facebook.com/ads/library/?id=912992904418282,2026-07-13,,false,true,2,1,2512634782496299,2026-07-13,,Speak English fluently with your virtual AI English tutor 😎,Best AI English tutor,Install now,http://play.google.com/store/apps/details?id=com.loora.app,"Facebook,Instagram,Audience Network,Messenger,Threads",Speak English fluently with your virtual AI English tutor 😎,Best AI English tutor,Install now,http://play.google.com/store/apps/details?id=com.loora.app,Video,"Facebook,Instagram,Audience Network,Messenger,Threads",1,0,9:16,https://video.fblr20-3.fna.fbcdn.net/o1/v/t2/f2/m366/AQNIBq8QYX96HcjxGnJcAHaz9IYLZVxoposJQO5wQRPPDif2bYB3GKlLoGrnyyGdFW8sAamvCRSPoYTNnGM-pz2QWyLxprZsdgDdKVUF82ghCw.mp4?_nc_cat=100&_nc_oc=AdqHwFUziL4ajXzSNu_xLqhvjx-izBqnizSlSk0nqvhUjbCrgOdzGHtZVpJ7DVysh4EiwFz6Vmw-FsxB4NCht9L0&_nc_sid=b66105&_nc_ht=video.fblr20-3.fna.fbcdn.net&_nc_ohc=5heJMNJhh48Q7kNvwGxuLQl&efg=eyJ2ZW5jb2RlX3RhZyI6Inhwdl9wcm9ncmVzc2l2ZS5WSV9VU0VDQVNFX1BST0RVQ1RfVFlQRS4uQzMuNzIwLmRhc2hfaDI2NC1iYXNpYy1nZW4yXzcyMHAiLCJ4cHZfYXNzZXRfaWQiOjEzMjQ2NzEyNzI0NTA5OTgsImFzc2V0X2FnZV9kYXlzIjoyNjksInZpX3VzZWNhc2VfaWQiOjEwNzk5LCJkdXJhdGlvbl9zIjozOCwidXJsZ2VuX3NvdXJjZSI6Ind3dyJ9&ccb=17-1&vs=59cc5ad86c60a083&_nc_vs=HBksFQIYRWZiX2VwaGVtZXJhbC84RDQwRjA1OUI0NjJCQzYyMzA0QkQwQUZCQTNGRDFBQ19tdF8xX3ZpZGVvX2Rhc2hpbml0Lm1wNBUAAsgBEgAVAhhAZmJfcGVybWFuZW50LzAyNEE2NjcxQTc5MjdEQ0FENEI4QUU5RUNGMzFFQ0IxX2F1ZGlvX2Rhc2hpbml0Lm1wNBUCAsgBEgAoABgAGwKIB3VzZV9vaWwBMRJwcm9ncmVzc2l2ZV9yZWNpcGUBMRUAACbs7puKgrLaBBUCKAJDMywXQENgAAAAAAAYGWRhc2hfaDI2NC1iYXNpYy1nZW4yXzcyMHARAHUAZd6oAQA&_nc_gid=JuY19rHmVr0ny8195tsOOQ&_nc_ss=7f289&_nc_zt=28&oh=00_AQBJbyLv5OaxX1lngZKq4z3Ga_O5-F9YdRRIv-AKRxfdxQ&oe=6A675048,https://scontent.fblr20-2.fna.fbcdn.net/v/t39.35426-6/746729798_1352392349551441_2325483823405308531_n.jpg?_nc_cat=102&ccb=1-7&_nc_sid=c53f8f&_nc_ohc=mF_z6JUlLQ0Q7kNvwHpTlu3&_nc_oc=Ado4LiSj6wkP5nPNdtWA8mwnan6Wdhjw06I0HzhNs9ZeG3GhEPMwiIP0yZQ6kKD6kxYRKEoUBc60YBhk1Wli9Yyw&_nc_zt=14&_nc_ht=scontent.fblr20-2.fna&_nc_gid=JuY19rHmVr0ny8195tsOOQ&_nc_ss=7f289&oh=00_AQBOfQnmyJjhahg81iMzy7gEXJXQedhE8aTJtSI9jBM3zw&oe=6A6722D5,2026-07-27T12:34:16.000Z,2026-07-23
99,67,Loora,105478174979714,Loora,,IN,37077031308579275,https://www.facebook.com/ads/library/?id=37077031308579275,2026-07-13,,false,true,4,0,37077031308579275,2026-07-13,,Speak English fluently with your virtual AI English tutor 😎,Best AI English tutor,Install now,http://play.google.com/store/apps/details?id=com.loora.app,"Facebook,Instagram,Audience Network,Messenger,Threads",Speak English fluently with your virtual AI English tutor 😎,Best AI English tutor,Install now,http://play.google.com/store/apps/details?id=com.loora.app,Video,"Facebook,Instagram,Audience Network,Messenger,Threads",1,0,9:16,https://video.fblr20-4.fna.fbcdn.net/o1/v/t2/f2/m366/AQP00n4W8Impv-h8A8pJwOJ06yU7R8aQ28g4mRPDO54MqB6jYYTcbu1QUo4iVU7YfdvexKXvjVQLewdZDbjsmI0-pe4IhcgF4Gmxa4CNACyR9A.mp4?_nc_cat=101&_nc_oc=AdpzqVdu7Xl9nkOX9U1nwsc55-vbbvHTnx4pMtKBpMl1Vr2EtIaccOawoEKyKBRtEFh7UIYtEqLbzZ8-XsWNeKw0&_nc_sid=b66105&_nc_ht=video.fblr20-4.fna.fbcdn.net&_nc_ohc=8-kw1QCvAuYQ7kNvwF2qaBz&efg=eyJ2ZW5jb2RlX3RhZyI6Inhwdl9wcm9ncmVzc2l2ZS5WSV9VU0VDQVNFX1BST0RVQ1RfVFlQRS4uQzMuNzIwLmRhc2hfaDI2NC1iYXNpYy1nZW4yXzcyMHAiLCJ4cHZfYXNzZXRfaWQiOjk3NjQ0OTg1MTc0MjU4OSwiYXNzZXRfYWdlX2RheXMiOjgxLCJ2aV91c2VjYXNlX2lkIjoxMDc5OSwiZHVyYXRpb25fcyI6MzMsInVybGdlbl9zb3VyY2UiOiJ3d3cifQ%3D%3D&ccb=17-1&vs=199b54be01f5916c&_nc_vs=HBksFQIYRWZiX2VwaGVtZXJhbC9CNjQ5MDI0MzUxMDk4OEMxNEUwREFGODk1MkJDODRBQV9tdF8xX3ZpZGVvX2Rhc2hpbml0Lm1wNBUAAsgBEgAVAhhAZmJfcGVybWFuZW50LzdENENEODdDQzU0MkNFREZGOThFQUZDQzM5RTNFMTgwX2F1ZGlvX2Rhc2hpbml0Lm1wNBUCAsgBEgAoABgAGwKIB3VzZV9vaWwBMRJwcm9ncmVzc2l2ZV9yZWNpcGUBMRUAACb65e6o7oS8AxUCKAJDMywXQEDbItDlYEIYGWRhc2hfaDI2NC1iYXNpYy1nZW4yXzcyMHARAHUAZd6oAQA&_nc_gid=JuY19rHmVr0ny8195tsOOQ&_nc_ss=7f289&_nc_zt=28&oh=00_AQDySP5KkhP_Je14nelhZH6D-NIfm74Dq0H0OsRh0SoLIg&oe=6A6725C3,https://scontent.fblr20-4.fna.fbcdn.net/v/t39.35426-6/748161131_2470635766745687_1821725731079144958_n.jpg?_nc_cat=101&ccb=1-7&_nc_sid=c53f8f&_nc_ohc=e4xmW1fdbhkQ7kNvwEhL6PB&_nc_oc=Adr6YMlk9a63eA7yp9hCEC6CHfLMOQCm7eR4WHwgZPS-P29pGOdFpcowjldz2HM1rqd3cIwAB89SxSV6WebmIdZ2&_nc_zt=14&_nc_ht=scontent.fblr20-4.fna&_nc_gid=JuY19rHmVr0ny8195tsOOQ&_nc_ss=7f289&oh=00_AQA7VpexusWjRiZ2O_EekUXpkyZXP3Cw343BDB2QoUgtRg&oe=6A674C51,2026-07-27T09:32:51.000Z,2026-07-23
100,67,Loora,105478174979714,Loora,,IN,37077031308579275,https://www.facebook.com/ads/library/?id=37077031308579275,2026-07-13,,false,true,4,1,1410928177579198,2026-07-13,,Speak English fluently with your virtual AI English tutor 😎,Best AI English tutor,Install now,http://play.google.com/store/apps/details?id=com.loora.app,"Facebook,Instagram,Audience Network,Messenger,Threads",Speak English fluently with your virtual AI English tutor 😎,Best AI English tutor,Install now,http://play.google.com/store/apps/details?id=com.loora.app,Video,"Facebook,Instagram,Audience Network,Messenger,Threads",1,0,9:16,https://video.fblr20-4.fna.fbcdn.net/o1/v/t2/f2/m366/AQP00n4W8Impv-h8A8pJwOJ06yU7R8aQ28g4mRPDO54MqB6jYYTcbu1QUo4iVU7YfdvexKXvjVQLewdZDbjsmI0-pe4IhcgF4Gmxa4CNACyR9A.mp4?_nc_cat=101&_nc_oc=AdpzqVdu7Xl9nkOX9U1nwsc55-vbbvHTnx4pMtKBpMl1Vr2EtIaccOawoEKyKBRtEFh7UIYtEqLbzZ8-XsWNeKw0&_nc_sid=b66105&_nc_ht=video.fblr20-4.fna.fbcdn.net&_nc_ohc=8-kw1QCvAuYQ7kNvwF2qaBz&efg=eyJ2ZW5jb2RlX3RhZyI6Inhwdl9wcm9ncmVzc2l2ZS5WSV9VU0VDQVNFX1BST0RVQ1RfVFlQRS4uQzMuNzIwLmRhc2hfaDI2NC1iYXNpYy1nZW4yXzcyMHAiLCJ4cHZfYXNzZXRfaWQiOjk3NjQ0OTg1MTc0MjU4OSwiYXNzZXRfYWdlX2RheXMiOjgxLCJ2aV91c2VjYXNlX2lkIjoxMDc5OSwiZHVyYXRpb25fcyI6MzMsInVybGdlbl9zb3VyY2UiOiJ3d3cifQ%3D%3D&ccb=17-1&vs=199b54be01f5916c&_nc_vs=HBksFQIYRWZiX2VwaGVtZXJhbC9CNjQ5MDI0MzUxMDk4OEMxNEUwREFGODk1MkJDODRBQV9tdF8xX3ZpZGVvX2Rhc2hpbml0Lm1wNBUAAsgBEgAVAhhAZmJfcGVybWFuZW50LzdENENEODdDQzU0MkNFREZGOThFQUZDQzM5RTNFMTgwX2F1ZGlvX2Rhc2hpbml0Lm1wNBUCAsgBEgAoABgAGwKIB3VzZV9vaWwBMRJwcm9ncmVzc2l2ZV9yZWNpcGUBMRUAACb65e6o7oS8AxUCKAJDMywXQEDbItDlYEIYGWRhc2hfaDI2NC1iYXNpYy1nZW4yXzcyMHARAHUAZd6oAQA&_nc_gid=r2OFRtdznHizzpzyPPpTqw&_nc_ss=7f289&_nc_zt=28&oh=00_AQBQ8YF14oMgMdPfqSN-HZDflCk3Lb-6Y-R3gwnIQ1zFUg&oe=6A6725C3,https://scontent.fblr20-2.fna.fbcdn.net/v/t39.35426-6/746693788_2926868927661184_6745040410495045605_n.jpg?_nc_cat=102&ccb=1-7&_nc_sid=c53f8f&_nc_ohc=K8TyZQpJjwoQ7kNvwH9eVPn&_nc_oc=AdrPh4mjzwxaUCEL5wqmDVriJl4LHQ8ISK5FJjOufdHYL8CDRaUFrsvyYWzp0Wjxzl-_Bvu4N-yjAX57WVs6z7Vu&_nc_zt=14&_nc_ht=scontent.fblr20-2.fna&_nc_gid=r2OFRtdznHizzpzyPPpTqw&_nc_ss=7f289&oh=00_AQAl0jGdonDshhWzdOb9davV4AgyXbWRXUaLSLXGaJIERw&oe=6A674EAC,2026-07-27T09:32:51.000Z,2026-07-23
101,67,Loora,105478174979714,Loora,,IN,37077031308579275,https://www.facebook.com/ads/library/?id=37077031308579275,2026-07-13,,false,true,4,2,1001920252634460,2026-07-13,,Speak English fluently with your virtual AI English tutor 😎,Best AI English tutor,Install now,http://play.google.com/store/apps/details?id=com.loora.app,"Facebook,Instagram,Audience Network,Messenger,Threads",Speak English fluently with your virtual AI English tutor 😎,Best AI English tutor,Install now,http://play.google.com/store/apps/details?id=com.loora.app,Video,"Facebook,Instagram,Audience Network,Messenger,Threads",1,0,9:16,https://video.fblr20-4.fna.fbcdn.net/o1/v/t2/f2/m366/AQP00n4W8Impv-h8A8pJwOJ06yU7R8aQ28g4mRPDO54MqB6jYYTcbu1QUo4iVU7YfdvexKXvjVQLewdZDbjsmI0-pe4IhcgF4Gmxa4CNACyR9A.mp4?_nc_cat=101&_nc_oc=AdpzqVdu7Xl9nkOX9U1nwsc55-vbbvHTnx4pMtKBpMl1Vr2EtIaccOawoEKyKBRtEFh7UIYtEqLbzZ8-XsWNeKw0&_nc_sid=b66105&_nc_ht=video.fblr20-4.fna.fbcdn.net&_nc_ohc=8-kw1QCvAuYQ7kNvwF2qaBz&efg=eyJ2ZW5jb2RlX3RhZyI6Inhwdl9wcm9ncmVzc2l2ZS5WSV9VU0VDQVNFX1BST0RVQ1RfVFlQRS4uQzMuNzIwLmRhc2hfaDI2NC1iYXNpYy1nZW4yXzcyMHAiLCJ4cHZfYXNzZXRfaWQiOjk3NjQ0OTg1MTc0MjU4OSwiYXNzZXRfYWdlX2RheXMiOjgxLCJ2aV91c2VjYXNlX2lkIjoxMDc5OSwiZHVyYXRpb25fcyI6MzMsInVybGdlbl9zb3VyY2UiOiJ3d3cifQ%3D%3D&ccb=17-1&vs=199b54be01f5916c&_nc_vs=HBksFQIYRWZiX2VwaGVtZXJhbC9CNjQ5MDI0MzUxMDk4OEMxNEUwREFGODk1MkJDODRBQV9tdF8xX3ZpZGVvX2Rhc2hpbml0Lm1wNBUAAsgBEgAVAhhAZmJfcGVybWFuZW50LzdENENEODdDQzU0MkNFREZGOThFQUZDQzM5RTNFMTgwX2F1ZGlvX2Rhc2hpbml0Lm1wNBUCAsgBEgAoABgAGwKIB3VzZV9vaWwBMRJwcm9ncmVzc2l2ZV9yZWNpcGUBMRUAACb65e6o7oS8AxUCKAJDMywXQEDbItDlYEIYGWRhc2hfaDI2NC1iYXNpYy1nZW4yXzcyMHARAHUAZd6oAQA&_nc_gid=r2OFRtdznHizzpzyPPpTqw&_nc_ss=7f289&_nc_zt=28&oh=00_AQBQ8YF14oMgMdPfqSN-HZDflCk3Lb-6Y-R3gwnIQ1zFUg&oe=6A6725C3,https://scontent.fblr20-2.fna.fbcdn.net/v/t39.35426-6/748043821_4572531549647128_8765671531063632285_n.jpg?_nc_cat=111&ccb=1-7&_nc_sid=c53f8f&_nc_ohc=uaiS9uZoSqAQ7kNvwEXNP4r&_nc_oc=Adodkal4ybDsT3GTi_EqtMvAtC_Ga9qB5DiwIgISE6_mf8TO2nb6kN5VUGhgOaZco1dBTTLrWwG4bA5Kw877-9x9&_nc_zt=14&_nc_ht=scontent.fblr20-2.fna&_nc_gid=r2OFRtdznHizzpzyPPpTqw&_nc_ss=7f289&oh=00_AQBjyi6IXIbhLFn60R7Pef6KtRY1u1-rNWlopSdqLBywuw&oe=6A6740A2,2026-07-27T09:32:51.000Z,2026-07-23
102,67,Loora,105478174979714,Loora,,IN,37077031308579275,https://www.facebook.com/ads/library/?id=37077031308579275,2026-07-13,,false,true,4,3,1434954621804840,2026-07-13,,Speak English fluently with your virtual AI English tutor 😎,Best AI English tutor,Install now,http://play.google.com/store/apps/details?id=com.loora.app,"Facebook,Instagram,Audience Network,Messenger,Threads",Speak English fluently with your virtual AI English tutor 😎,Best AI English tutor,Install now,http://play.google.com/store/apps/details?id=com.loora.app,Video,"Facebook,Instagram,Audience Network,Messenger,Threads",1,0,9:16,https://video.fblr20-4.fna.fbcdn.net/o1/v/t2/f2/m366/AQP00n4W8Impv-h8A8pJwOJ06yU7R8aQ28g4mRPDO54MqB6jYYTcbu1QUo4iVU7YfdvexKXvjVQLewdZDbjsmI0-pe4IhcgF4Gmxa4CNACyR9A.mp4?_nc_cat=101&_nc_oc=AdpzqVdu7Xl9nkOX9U1nwsc55-vbbvHTnx4pMtKBpMl1Vr2EtIaccOawoEKyKBRtEFh7UIYtEqLbzZ8-XsWNeKw0&_nc_sid=b66105&_nc_ht=video.fblr20-4.fna.fbcdn.net&_nc_ohc=8-kw1QCvAuYQ7kNvwF2qaBz&efg=eyJ2ZW5jb2RlX3RhZyI6Inhwdl9wcm9ncmVzc2l2ZS5WSV9VU0VDQVNFX1BST0RVQ1RfVFlQRS4uQzMuNzIwLmRhc2hfaDI2NC1iYXNpYy1nZW4yXzcyMHAiLCJ4cHZfYXNzZXRfaWQiOjk3NjQ0OTg1MTc0MjU4OSwiYXNzZXRfYWdlX2RheXMiOjgxLCJ2aV91c2VjYXNlX2lkIjoxMDc5OSwiZHVyYXRpb25fcyI6MzMsInVybGdlbl9zb3VyY2UiOiJ3d3cifQ%3D%3D&ccb=17-1&vs=199b54be01f5916c&_nc_vs=HBksFQIYRWZiX2VwaGVtZXJhbC9CNjQ5MDI0MzUxMDk4OEMxNEUwREFGODk1MkJDODRBQV9tdF8xX3ZpZGVvX2Rhc2hpbml0Lm1wNBUAAsgBEgAVAhhAZmJfcGVybWFuZW50LzdENENEODdDQzU0MkNFREZGOThFQUZDQzM5RTNFMTgwX2F1ZGlvX2Rhc2hpbml0Lm1wNBUCAsgBEgAoABgAGwKIB3VzZV9vaWwBMRJwcm9ncmVzc2l2ZV9yZWNpcGUBMRUAACb65e6o7oS8AxUCKAJDMywXQEDbItDlYEIYGWRhc2hfaDI2NC1iYXNpYy1nZW4yXzcyMHARAHUAZd6oAQA&_nc_gid=ub72LE9Tuk1s-Srr5LQZkw&_nc_ss=7f289&_nc_zt=28&oh=00_AQCDjGdOsJAgFqwsfykac94hF4XGGsveIOyOUu8mBAwGTA&oe=6A6725C3,https://scontent.fblr20-4.fna.fbcdn.net/v/t39.35426-6/747625634_27368532332775057_6711834889083676258_n.jpg?_nc_cat=103&ccb=1-7&_nc_sid=c53f8f&_nc_ohc=op3RoizXDssQ7kNvwE1urRf&_nc_oc=Adr-inELW7CorfLqMMe6p7GlO_QqD0GsDPHHfhErIsxa-mYVEmIilpaq1AhCW3GEDQ2i1H2NW_iilaPfDcyasV7Y&_nc_zt=14&_nc_ht=scontent.fblr20-4.fna&_nc_gid=ub72LE9Tuk1s-Srr5LQZkw&_nc_ss=7f289&oh=00_AQAYyhyK3zEtOi_oFFqIl8Wf0Og94cXxP8LKzdSMJ1Mf6w&oe=6A672F33,2026-07-27T09:32:51.000Z,2026-07-23
103,68,Loora,105478174979714,Loora,,IN,1965538320761161,https://www.facebook.com/ads/library/?id=1965538320761161,2026-07-13,,false,true,2,0,1965538320761161,2026-07-13,,Speak English fluently with your virtual AI English tutor 😎,Best AI English tutor,Install now,http://play.google.com/store/apps/details?id=com.loora.app,"Facebook,Instagram,Audience Network,Messenger,Threads",Speak English fluently with your virtual AI English tutor 😎,Best AI English tutor,Install now,http://play.google.com/store/apps/details?id=com.loora.app,Video,"Facebook,Instagram,Audience Network,Messenger,Threads",1,0,9:16,https://video.fblr20-3.fna.fbcdn.net/o1/v/t2/f2/m366/AQOa6C11eJORKTX3upzFD8YElSuCTqUers0BmRpZEwNAjQyi7T6ouWnqqSnult-2MiaUPCKN5uWCznMMUQc-uAvkARS9v44IBiNc69SNs--JYA.mp4?_nc_cat=109&_nc_oc=AdrU6x2RK6dOxzgv5bQgo0NpQI9fjlo8Fmc4XSEq95Sk0KTPQDAJoO3UDeskxdGORNo75JVMqU1zGasVNaOlLZYZ&_nc_sid=b66105&_nc_ht=video.fblr20-3.fna.fbcdn.net&_nc_ohc=k7vyK3qevOwQ7kNvwFIu5mW&efg=eyJ2ZW5jb2RlX3RhZyI6Inhwdl9wcm9ncmVzc2l2ZS5WSV9VU0VDQVNFX1BST0RVQ1RfVFlQRS4uQzMuNzIwLmRhc2hfaDI2NC1iYXNpYy1nZW4yXzcyMHAiLCJ4cHZfYXNzZXRfaWQiOjE3NTg3ODMzOTU1NzU0MDMsImFzc2V0X2FnZV9kYXlzIjo4LCJ2aV91c2VjYXNlX2lkIjoxMDc5OSwiZHVyYXRpb25fcyI6NzAsInVybGdlbl9zb3VyY2UiOiJ3d3cifQ%3D%3D&ccb=17-1&vs=f3f063142782947d&_nc_vs=HBksFQIYRWZiX2VwaGVtZXJhbC83NDQyNURFMTlGQUM2RDVCQzEyMEU0OEJERjU0N0VBMl9tdF8xX3ZpZGVvX2Rhc2hpbml0Lm1wNBUAAsgBEgAVAhhAZmJfcGVybWFuZW50LzRBNDk0MTc2NDUzRDMxMzIyRkE5Q0ZCODFDOTUwOTkxX2F1ZGlvX2Rhc2hpbml0Lm1wNBUCAsgBEgAoABgAGwKIB3VzZV9vaWwBMRJwcm9ncmVzc2l2ZV9yZWNpcGUBMRUAACbW2b241eafBhUCKAJDMywXQFGogxJul40YGWRhc2hfaDI2NC1iYXNpYy1nZW4yXzcyMHARAHUAZd6oAQA&_nc_gid=JuY19rHmVr0ny8195tsOOQ&_nc_ss=7f289&_nc_zt=28&oh=00_AQCbqEt2PsObqHw2eAvDjlGZDOJUXoQCOuIWkMvz4MLwng&oe=6A6729C7,https://scontent.fblr20-3.fna.fbcdn.net/v/t39.35426-6/747736550_2233025737485601_7570487414302640722_n.jpg?_nc_cat=105&ccb=1-7&_nc_sid=c53f8f&_nc_ohc=w-IwrFNy0agQ7kNvwFNUIa4&_nc_oc=Ado7aRYW_QjNlEBWAkOhAKrJNocfAROHM6YYQqUifQ9rGa_NHlrmsk4gZ75XfYG1X-WKYvHsX_8-Ruuln48AmX9q&_nc_zt=14&_nc_ht=scontent.fblr20-3.fna&_nc_gid=JuY19rHmVr0ny8195tsOOQ&_nc_ss=7f289&oh=00_AQC-DYk1JQdZ_HV9vZYvdZBn1wSTTXLfWqCuVcB9HAXFZA&oe=6A673754,2026-07-27T09:49:59.000Z,2026-07-23
104,68,Loora,105478174979714,Loora,,IN,1965538320761161,https://www.facebook.com/ads/library/?id=1965538320761161,2026-07-13,,false,true,2,1,1307176067866524,2026-07-13,,Speak English fluently with your virtual AI English tutor 😎,Best AI English tutor,Install now,http://play.google.com/store/apps/details?id=com.loora.app,"Facebook,Instagram,Audience Network,Messenger,Threads",Speak English fluently with your virtual AI English tutor 😎,Best AI English tutor,Install now,http://play.google.com/store/apps/details?id=com.loora.app,Video,"Facebook,Instagram,Audience Network,Messenger,Threads",1,0,9:16,https://video.fblr20-3.fna.fbcdn.net/o1/v/t2/f2/m366/AQOa6C11eJORKTX3upzFD8YElSuCTqUers0BmRpZEwNAjQyi7T6ouWnqqSnult-2MiaUPCKN5uWCznMMUQc-uAvkARS9v44IBiNc69SNs--JYA.mp4?_nc_cat=109&_nc_oc=AdrU6x2RK6dOxzgv5bQgo0NpQI9fjlo8Fmc4XSEq95Sk0KTPQDAJoO3UDeskxdGORNo75JVMqU1zGasVNaOlLZYZ&_nc_sid=b66105&_nc_ht=video.fblr20-3.fna.fbcdn.net&_nc_ohc=k7vyK3qevOwQ7kNvwFIu5mW&efg=eyJ2ZW5jb2RlX3RhZyI6Inhwdl9wcm9ncmVzc2l2ZS5WSV9VU0VDQVNFX1BST0RVQ1RfVFlQRS4uQzMuNzIwLmRhc2hfaDI2NC1iYXNpYy1nZW4yXzcyMHAiLCJ4cHZfYXNzZXRfaWQiOjE3NTg3ODMzOTU1NzU0MDMsImFzc2V0X2FnZV9kYXlzIjo4LCJ2aV91c2VjYXNlX2lkIjoxMDc5OSwiZHVyYXRpb25fcyI6NzAsInVybGdlbl9zb3VyY2UiOiJ3d3cifQ%3D%3D&ccb=17-1&vs=f3f063142782947d&_nc_vs=HBksFQIYRWZiX2VwaGVtZXJhbC83NDQyNURFMTlGQUM2RDVCQzEyMEU0OEJERjU0N0VBMl9tdF8xX3ZpZGVvX2Rhc2hpbml0Lm1wNBUAAsgBEgAVAhhAZmJfcGVybWFuZW50LzRBNDk0MTc2NDUzRDMxMzIyRkE5Q0ZCODFDOTUwOTkxX2F1ZGlvX2Rhc2hpbml0Lm1wNBUCAsgBEgAoABgAGwKIB3VzZV9vaWwBMRJwcm9ncmVzc2l2ZV9yZWNpcGUBMRUAACbW2b241eafBhUCKAJDMywXQFGogxJul40YGWRhc2hfaDI2NC1iYXNpYy1nZW4yXzcyMHARAHUAZd6oAQA&_nc_gid=r2OFRtdznHizzpzyPPpTqw&_nc_ss=7f289&_nc_zt=28&oh=00_AQCrDpaShblhZqRxuMu5wkNX-l34W_ga-4tx5YPmZ6oWug&oe=6A6729C7,https://scontent.fblr20-5.fna.fbcdn.net/v/t39.35426-6/746472248_1018299637596581_8493956795426058320_n.jpg?_nc_cat=107&ccb=1-7&_nc_sid=c53f8f&_nc_ohc=5I1iwPSay1cQ7kNvwF_nyga&_nc_oc=Adq3bcA4NeXYSCnqnSaShegFF4P1Fw1mE1jg8Cols4IBLlehqV9bFJKSlWmj8TqfLcDDNo-xt_6Q2NA_ffS1va-U&_nc_zt=14&_nc_ht=scontent.fblr20-5.fna&_nc_gid=r2OFRtdznHizzpzyPPpTqw&_nc_ss=7f289&oh=00_AQBbIxyUAtURWR-aZsqC1lgRG1IBAEAkMpA7J2zajAfFEQ&oe=6A674DEC,2026-07-27T09:49:59.000Z,2026-07-23
105,69,Loora,105478174979714,Loora,,IN,1683632599420389,https://www.facebook.com/ads/library/?id=1683632599420389,2026-07-12,,false,false,1,0,,2026-07-12,,Speak English fluently with your virtual AI English tutor 😎,Best AI English tutor,Install now,http://play.google.com/store/apps/details?id=com.loora.app,"Facebook,Instagram,Audience Network,Messenger,Threads",Speak English fluently with your virtual AI English tutor 😎,Best AI English tutor,Install now,http://play.google.com/store/apps/details?id=com.loora.app,Video,"Facebook,Instagram,Audience Network,Messenger,Threads",1,0,9:16,https://video.fblr20-2.fna.fbcdn.net/o1/v/t2/f2/m366/AQNscrYSbLfkipjP18BWgX3ufQSRohf1s9wZ3-aCwifR4Oet2x8vhGvtr5Ett3-r0qK3OloOV4LOvo6Yy_SPMq9D26X6jt9bS45taV8Y2KxZKQ.mp4?_nc_cat=102&_nc_oc=AdoR4uss6w9sm1ZG48dERtfPHcBLWv0XS6ZxxTrIzbUn-qC8K9HuPPAbC2Ciwhd-cmepiOD48xd7ZGy48-6IUdBB&_nc_sid=b66105&_nc_ht=video.fblr20-2.fna.fbcdn.net&_nc_ohc=A8z8YIwb_ZkQ7kNvwGQC37C&efg=eyJ2ZW5jb2RlX3RhZyI6Inhwdl9wcm9ncmVzc2l2ZS5WSV9VU0VDQVNFX1BST0RVQ1RfVFlQRS4uQzMuNzIwLmRhc2hfaDI2NC1iYXNpYy1nZW4yXzcyMHAiLCJ4cHZfYXNzZXRfaWQiOjEwMzQ1NDYyODI0ODUyOTMsImFzc2V0X2FnZV9kYXlzIjoyNCwidmlfdXNlY2FzZV9pZCI6MTAxMzksImR1cmF0aW9uX3MiOjEwNCwidXJsZ2VuX3NvdXJjZSI6Ind3dyJ9&ccb=17-1&vs=872a6e3845a3d479&_nc_vs=HBksFQIYRWZiX2VwaGVtZXJhbC8zQzQ5Mjg2MzBCNTAyM0RCN0VGMTA4QjI3NTI0MTI4OF9tdF8xX3ZpZGVvX2Rhc2hpbml0Lm1wNBUAAsgBEgAVAhhAZmJfcGVybWFuZW50L0RCNDhFOTczRERCNjFBNjcxOTFFMUZEQzZDOEZGNjgxX2F1ZGlvX2Rhc2hpbml0Lm1wNBUCAsgBEgAoABgAGwKIB3VzZV9vaWwBMRJwcm9ncmVzc2l2ZV9yZWNpcGUBMRUAACba2N66wrrWAxUCKAJDMywXQFoTMzMzMzMYGWRhc2hfaDI2NC1iYXNpYy1nZW4yXzcyMHARAHUAZbaeAQA&_nc_gid=JuY19rHmVr0ny8195tsOOQ&_nc_ss=7f289&_nc_zt=28&oh=00_AQBR8qafW7HCNDxCcKvT0-irFPSXSkx0usSpRAEeN1G4Wg&oe=6A672E9A,https://scontent.fblr20-4.fna.fbcdn.net/v/t39.35426-6/746779741_2477985375958752_275803420752260449_n.jpg?_nc_cat=103&ccb=1-7&_nc_sid=c53f8f&_nc_ohc=_XUN3vaotbcQ7kNvwGld9lL&_nc_oc=AdqfQq3ZToT9OfDV70ZpmTj8EOEYopW8RylJaV_9_Mhp5dBKmbG37FNOLLmFeY83jD2JWBjSE3C6YTnlRvplGqNB&_nc_zt=14&_nc_ht=scontent.fblr20-4.fna&_nc_gid=JuY19rHmVr0ny8195tsOOQ&_nc_ss=7f289&oh=00_AQCuawiam8lyI1oCpvWwTFs82-Dh_mG-45gtYzHMvT8apw&oe=6A672D66,2026-07-27T10:10:34.000Z,2026-07-23
106,70,Loora,105478174979714,Loora,,IN,906208792534550,https://www.facebook.com/ads/library/?id=906208792534550,2026-07-13,,false,true,2,0,906208792534550,2026-07-13,,Speak English fluently with your virtual AI English tutor 😎,Best AI English tutor,Install now,http://play.google.com/store/apps/details?id=com.loora.app,"Facebook,Instagram,Audience Network,Messenger,Threads",Speak English fluently with your virtual AI English tutor 😎,Best AI English tutor,Install now,http://play.google.com/store/apps/details?id=com.loora.app,Video,"Facebook,Instagram,Audience Network,Messenger,Threads",1,0,9:16,https://video.fblr20-2.fna.fbcdn.net/o1/v/t2/f2/m366/AQPXu-RyrU65OGFYCSEEAQiaEKMuZ5FR4N_jOoviEFZ9Cnoyq5-5A0zg8ndsWATqS6RYdlhIYi3DCM6tUg_ih71HZ4M4Eub7MO4hvvm-e8OTIA.mp4?_nc_cat=104&_nc_oc=AdrpdWOtNIUmZxIvDDNWL3rOjwCtag9QJzVHFDaF6Q_vszV_k12mRLfvG1jRACa5BaODvi-vO_vnt6KVi4saZbm6&_nc_sid=b66105&_nc_ht=video.fblr20-2.fna.fbcdn.net&_nc_ohc=-fg2vR5WiX0Q7kNvwF3ht-k&efg=eyJ2ZW5jb2RlX3RhZyI6Inhwdl9wcm9ncmVzc2l2ZS5WSV9VU0VDQVNFX1BST0RVQ1RfVFlQRS4uQzMuNzIwLmRhc2hfaDI2NC1iYXNpYy1nZW4yXzcyMHAiLCJ4cHZfYXNzZXRfaWQiOjk5ODI0MTA1NTkzMzA1OSwiYXNzZXRfYWdlX2RheXMiOjc3LCJ2aV91c2VjYXNlX2lkIjoxMDEzOSwiZHVyYXRpb25fcyI6MjMsInVybGdlbl9zb3VyY2UiOiJ3d3cifQ%3D%3D&ccb=17-1&vs=a16ed93bed9e5d8b&_nc_vs=HBksFQIYRWZiX2VwaGVtZXJhbC84RTRGREQ3N0RBQzg2MjAyMUZCNzJCNjI4OEU2NjY5Ql9tdF8xX3ZpZGVvX2Rhc2hpbml0Lm1wNBUAAsgBEgAVAhhAZmJfcGVybWFuZW50LzNFNEEzMDMzNzQwRTRBOUZBRTQ2N0RCMjhENDAwMzkyX2F1ZGlvX2Rhc2hpbml0Lm1wNBUCAsgBEgAoABgAGwKIB3VzZV9vaWwBMRJwcm9ncmVzc2l2ZV9yZWNpcGUBMRUAACaGitC4o_nFAxUCKAJDMywXQDfu2RaHKwIYGWRhc2hfaDI2NC1iYXNpYy1nZW4yXzcyMHARAHUAZbaeAQA&_nc_gid=r2OFRtdznHizzpzyPPpTqw&_nc_ss=7f289&_nc_zt=28&oh=00_AQB_40jm42BXLzs6xyd-angbige4s09fsLhnaeViDT6fVQ&oe=6A675434,https://scontent.fblr20-4.fna.fbcdn.net/v/t39.35426-6/745313865_931998453242984_9086705065950417604_n.jpg?_nc_cat=103&ccb=1-7&_nc_sid=c53f8f&_nc_ohc=sBOBnJqhWYgQ7kNvwHejbuk&_nc_oc=AdrtBAcET7L2dUCr79-NEsfNHgL8wRJ3ex3YkNkul867gHRHzW5C15Zb1RGh3j5MuOY1xdRs4gOsAdo3XOjpw4MM&_nc_zt=14&_nc_ht=scontent.fblr20-4.fna&_nc_gid=r2OFRtdznHizzpzyPPpTqw&_nc_ss=7f289&oh=00_AQBD7WSFoNL_00LtVUeSsNU2sfmoivun7jBMidCdCKXezQ&oe=6A671DBC,2026-07-27T12:51:00.000Z,2026-07-23
107,70,Loora,105478174979714,Loora,,IN,906208792534550,https://www.facebook.com/ads/library/?id=906208792534550,2026-07-13,,false,true,2,1,4357823311131911,2026-07-13,,Speak English fluently with your virtual AI English tutor 😎,Best AI English tutor,Install now,http://play.google.com/store/apps/details?id=com.loora.app,"Facebook,Instagram,Audience Network,Messenger,Threads",Speak English fluently with your virtual AI English tutor 😎,Best AI English tutor,Install now,http://play.google.com/store/apps/details?id=com.loora.app,Video,"Facebook,Instagram,Audience Network,Messenger,Threads",1,0,9:16,https://video.fblr20-2.fna.fbcdn.net/o1/v/t2/f2/m366/AQPXu-RyrU65OGFYCSEEAQiaEKMuZ5FR4N_jOoviEFZ9Cnoyq5-5A0zg8ndsWATqS6RYdlhIYi3DCM6tUg_ih71HZ4M4Eub7MO4hvvm-e8OTIA.mp4?_nc_cat=104&_nc_oc=AdrpdWOtNIUmZxIvDDNWL3rOjwCtag9QJzVHFDaF6Q_vszV_k12mRLfvG1jRACa5BaODvi-vO_vnt6KVi4saZbm6&_nc_sid=b66105&_nc_ht=video.fblr20-2.fna.fbcdn.net&_nc_ohc=-fg2vR5WiX0Q7kNvwF3ht-k&efg=eyJ2ZW5jb2RlX3RhZyI6Inhwdl9wcm9ncmVzc2l2ZS5WSV9VU0VDQVNFX1BST0RVQ1RfVFlQRS4uQzMuNzIwLmRhc2hfaDI2NC1iYXNpYy1nZW4yXzcyMHAiLCJ4cHZfYXNzZXRfaWQiOjk5ODI0MTA1NTkzMzA1OSwiYXNzZXRfYWdlX2RheXMiOjc3LCJ2aV91c2VjYXNlX2lkIjoxMDEzOSwiZHVyYXRpb25fcyI6MjMsInVybGdlbl9zb3VyY2UiOiJ3d3cifQ%3D%3D&ccb=17-1&vs=a16ed93bed9e5d8b&_nc_vs=HBksFQIYRWZiX2VwaGVtZXJhbC84RTRGREQ3N0RBQzg2MjAyMUZCNzJCNjI4OEU2NjY5Ql9tdF8xX3ZpZGVvX2Rhc2hpbml0Lm1wNBUAAsgBEgAVAhhAZmJfcGVybWFuZW50LzNFNEEzMDMzNzQwRTRBOUZBRTQ2N0RCMjhENDAwMzkyX2F1ZGlvX2Rhc2hpbml0Lm1wNBUCAsgBEgAoABgAGwKIB3VzZV9vaWwBMRJwcm9ncmVzc2l2ZV9yZWNpcGUBMRUAACaGitC4o_nFAxUCKAJDMywXQDfu2RaHKwIYGWRhc2hfaDI2NC1iYXNpYy1nZW4yXzcyMHARAHUAZbaeAQA&_nc_gid=r2OFRtdznHizzpzyPPpTqw&_nc_ss=7f289&_nc_zt=28&oh=00_AQB_40jm42BXLzs6xyd-angbige4s09fsLhnaeViDT6fVQ&oe=6A675434,https://scontent.fblr20-2.fna.fbcdn.net/v/t39.35426-6/746540600_1025753527007247_5515411264220980484_n.jpg?_nc_cat=104&ccb=1-7&_nc_sid=c53f8f&_nc_ohc=q34UUSQZQR0Q7kNvwFyd1ZB&_nc_oc=AdrdfHg_nG8iI-wumFASPgU7vE3Meun-7EeXwmoJuOwa_9mit9lLavfr_6bG7yIHIMa6Eq0ArnJA2Lpn_As7hoXI&_nc_zt=14&_nc_ht=scontent.fblr20-2.fna&_nc_gid=r2OFRtdznHizzpzyPPpTqw&_nc_ss=7f289&oh=00_AQCgTMgQ9cXCOtNZGCxcr_lpg8eZXcZQ3IGlO3Kd7pn6EQ&oe=6A6753BE,2026-07-27T12:51:00.000Z,2026-07-23
108,71,Loora,105478174979714,Loora,,IN,995028603371360,https://www.facebook.com/ads/library/?id=995028603371360,2026-07-13,,false,true,2,0,995028603371360,2026-07-13,,Speak English fluently with your virtual AI English tutor 😎,Best AI English tutor,Install now,http://play.google.com/store/apps/details?id=com.loora.app,"Facebook,Instagram,Audience Network,Messenger,Threads",Speak English fluently with your virtual AI English tutor 😎,Best AI English tutor,Install now,http://play.google.com/store/apps/details?id=com.loora.app,Video,"Facebook,Instagram,Audience Network,Messenger,Threads",1,0,9:16,https://video.fblr20-1.fna.fbcdn.net/o1/v/t2/f2/m366/AQOOFVuIa3g-rLgCBHYD6ffcC_xHU7Yc6JYO7Prgi4g0BBC8EaVL_98-SxyzEBntge3PPajKdwK3VkpCz_Nh_cmEFeGcov4TBxejZjBcuuLatw.mp4?_nc_cat=108&_nc_oc=Ado3b5H03SCx5oYAH0i9nxc6lANvpcQQXaSRmp815XwYIZ4dGTJh6REjI0bti91nl0_6IJQFpElvwx_Arxx8Y1W6&_nc_sid=b66105&_nc_ht=video.fblr20-1.fna.fbcdn.net&_nc_ohc=F0fuQmjB0sEQ7kNvwH79YQ9&efg=eyJ2ZW5jb2RlX3RhZyI6Inhwdl9wcm9ncmVzc2l2ZS5WSV9VU0VDQVNFX1BST0RVQ1RfVFlQRS4uQzMuNzIwLmRhc2hfaDI2NC1iYXNpYy1nZW4yXzcyMHAiLCJ4cHZfYXNzZXRfaWQiOjE1MTQ0NjY3NDM1NDA1ODIsImFzc2V0X2FnZV9kYXlzIjo4MSwidmlfdXNlY2FzZV9pZCI6MTA3OTksImR1cmF0aW9uX3MiOjMzLCJ1cmxnZW5fc291cmNlIjoid3d3In0%3D&ccb=17-1&vs=243b3368afdb86ec&_nc_vs=HBksFQIYRWZiX2VwaGVtZXJhbC84OTQ2NzdFQTQzNUQxQTlEOUQ3OTc4QkMwMkJGNDFCRF9tdF8xX3ZpZGVvX2Rhc2hpbml0Lm1wNBUAAsgBEgAVAhhAZmJfcGVybWFuZW50LzM3NEYwQzEzQjEwQTYwREZFNTQxODNCOEJENDk5NkJBX2F1ZGlvX2Rhc2hpbml0Lm1wNBUCAsgBEgAoABgAGwKIB3VzZV9vaWwBMRJwcm9ncmVzc2l2ZV9yZWNpcGUBMRUAACbM7a7EyNmwBRUCKAJDMywXQEDbItDlYEIYGWRhc2hfaDI2NC1iYXNpYy1nZW4yXzcyMHARAHUAZd6oAQA&_nc_gid=r2OFRtdznHizzpzyPPpTqw&_nc_ss=7f289&_nc_zt=28&oh=00_AQDgncl-iR39q1qbaVSRGp5Ei0sIkVb_c7PBWzJ85Ua1AQ&oe=6A671EE8,https://scontent.fblr20-1.fna.fbcdn.net/v/t39.35426-6/746919769_1348743913405586_2516399948203158810_n.jpg?_nc_cat=110&ccb=1-7&_nc_sid=c53f8f&_nc_ohc=AtJz3KwzJg0Q7kNvwFhxmqY&_nc_oc=AdpaW_GSiQsENsIgvmdhszL4sR3KBEY0b6L2RahAqkjxoD5Ma94lr7tdE-uq7ou8T8rGXNXi_1xY6zRGNgw6wrXx&_nc_zt=14&_nc_ht=scontent.fblr20-1.fna&_nc_gid=r2OFRtdznHizzpzyPPpTqw&_nc_ss=7f289&oh=00_AQDR26hJe5_pdlAw3FpCUIPKPiVoIso3_myeE-NjkGaz0w&oe=6A673F61,2026-07-27T09:03:36.000Z,2026-07-23
109,71,Loora,105478174979714,Loora,,IN,995028603371360,https://www.facebook.com/ads/library/?id=995028603371360,2026-07-13,,false,true,2,1,3615892148570082,2026-07-13,,Speak English fluently with your virtual AI English tutor 😎,Best AI English tutor,Install now,http://play.google.com/store/apps/details?id=com.loora.app,"Facebook,Instagram,Audience Network,Messenger,Threads",Speak English fluently with your virtual AI English tutor 😎,Best AI English tutor,Install now,http://play.google.com/store/apps/details?id=com.loora.app,Video,"Facebook,Instagram,Audience Network,Messenger,Threads",1,0,9:16,https://video.fblr20-1.fna.fbcdn.net/o1/v/t2/f2/m366/AQOOFVuIa3g-rLgCBHYD6ffcC_xHU7Yc6JYO7Prgi4g0BBC8EaVL_98-SxyzEBntge3PPajKdwK3VkpCz_Nh_cmEFeGcov4TBxejZjBcuuLatw.mp4?_nc_cat=108&_nc_oc=Ado3b5H03SCx5oYAH0i9nxc6lANvpcQQXaSRmp815XwYIZ4dGTJh6REjI0bti91nl0_6IJQFpElvwx_Arxx8Y1W6&_nc_sid=b66105&_nc_ht=video.fblr20-1.fna.fbcdn.net&_nc_ohc=F0fuQmjB0sEQ7kNvwH79YQ9&efg=eyJ2ZW5jb2RlX3RhZyI6Inhwdl9wcm9ncmVzc2l2ZS5WSV9VU0VDQVNFX1BST0RVQ1RfVFlQRS4uQzMuNzIwLmRhc2hfaDI2NC1iYXNpYy1nZW4yXzcyMHAiLCJ4cHZfYXNzZXRfaWQiOjE1MTQ0NjY3NDM1NDA1ODIsImFzc2V0X2FnZV9kYXlzIjo4MSwidmlfdXNlY2FzZV9pZCI6MTA3OTksImR1cmF0aW9uX3MiOjMzLCJ1cmxnZW5fc291cmNlIjoid3d3In0%3D&ccb=17-1&vs=243b3368afdb86ec&_nc_vs=HBksFQIYRWZiX2VwaGVtZXJhbC84OTQ2NzdFQTQzNUQxQTlEOUQ3OTc4QkMwMkJGNDFCRF9tdF8xX3ZpZGVvX2Rhc2hpbml0Lm1wNBUAAsgBEgAVAhhAZmJfcGVybWFuZW50LzM3NEYwQzEzQjEwQTYwREZFNTQxODNCOEJENDk5NkJBX2F1ZGlvX2Rhc2hpbml0Lm1wNBUCAsgBEgAoABgAGwKIB3VzZV9vaWwBMRJwcm9ncmVzc2l2ZV9yZWNpcGUBMRUAACbM7a7EyNmwBRUCKAJDMywXQEDbItDlYEIYGWRhc2hfaDI2NC1iYXNpYy1nZW4yXzcyMHARAHUAZd6oAQA&_nc_gid=ub72LE9Tuk1s-Srr5LQZkw&_nc_ss=7f289&_nc_zt=28&oh=00_AQDT2-HZ9YO_TNLvnFYjnLHq5sWZeulARtyhsDsJeS4kVw&oe=6A671EE8,https://scontent.fblr20-4.fna.fbcdn.net/v/t39.35426-6/747178224_2564404157346966_7045435564984808806_n.jpg?_nc_cat=106&ccb=1-7&_nc_sid=c53f8f&_nc_ohc=Wv9OcqbgJT4Q7kNvwGe6UX8&_nc_oc=AdpKl9b6fkE3AfgL72hZobcARI7Sre4pSQUH-3089tbY__P6K2jzLtAuDFcOFK1zfPSZdG1_1RKOM14s84jcQfXp&_nc_zt=14&_nc_ht=scontent.fblr20-4.fna&_nc_gid=ub72LE9Tuk1s-Srr5LQZkw&_nc_ss=7f289&oh=00_AQC-99MwKkb5Z0o0LYukHzO_dl8ezv4BkMP48-jFIZ5KgQ&oe=6A674B77,2026-07-27T09:03:36.000Z,2026-07-23
110,72,Loora,105478174979714,Loora,,IN,1035968878809133,https://www.facebook.com/ads/library/?id=1035968878809133,2026-07-13,,false,true,2,0,1035968878809133,2026-07-13,,Speak English fluently with your virtual AI English tutor 😎,Best AI English tutor,Install now,http://play.google.com/store/apps/details?id=com.loora.app,"Facebook,Instagram,Audience Network,Messenger,Threads",Speak English fluently with your virtual AI English tutor 😎,Best AI English tutor,Install now,http://play.google.com/store/apps/details?id=com.loora.app,Video,"Facebook,Instagram,Audience Network,Messenger,Threads",1,0,9:16,https://video.fblr20-5.fna.fbcdn.net/o1/v/t2/f2/m366/AQNBA9x94wrdHgZ03P1gmSTWoh6kRdSaCZeLilMEpasoWXTpKSIL-sG77eqzGyiwmsuUVecsFi8tl5cKa4l2yZL11Tpet-m7hl1bdZaRhkd2Vg.mp4?_nc_cat=107&_nc_oc=AdpyGC6j_6e5y1VddXv7oy0tBEIi0OJMORuwWIbzu4hIvLZgu4Itolsyt8LjkOZLkMH060b4JIpmOEr2bZ-iaYbB&_nc_sid=b66105&_nc_ht=video.fblr20-5.fna.fbcdn.net&_nc_ohc=nWo84rklIwgQ7kNvwEurXGE&efg=eyJ2ZW5jb2RlX3RhZyI6Inhwdl9wcm9ncmVzc2l2ZS5WSV9VU0VDQVNFX1BST0RVQ1RfVFlQRS4uQzMuNzIwLmRhc2hfaDI2NC1iYXNpYy1nZW4yXzcyMHAiLCJ4cHZfYXNzZXRfaWQiOjEyNjMzNjk4NDU4OTM0ODgsImFzc2V0X2FnZV9kYXlzIjoxMjksInZpX3VzZWNhc2VfaWQiOjEwMTM5LCJkdXJhdGlvbl9zIjo1NSwidXJsZ2VuX3NvdXJjZSI6Ind3dyJ9&ccb=17-1&vs=848391168ea91c19&_nc_vs=HBksFQIYRWZiX2VwaGVtZXJhbC8wQjQyM0ZEMjI0M0YzQkExMTM5QTlDQTg0QjQ5QTA4RF9tdF8xX3ZpZGVvX2Rhc2hpbml0Lm1wNBUAAsgBEgAVAhhAZmJfcGVybWFuZW50LzJENDA2NTE0NjM4MjVCRTQ1OTVEQkNCMzAxQzM1Mjg5X2F1ZGlvX2Rhc2hpbml0Lm1wNBUCAsgBEgAoABgAGwKIB3VzZV9vaWwBMRJwcm9ncmVzc2l2ZV9yZWNpcGUBMRUAACbgpZPu5sG-BBUCKAJDMywXQEvoEGJN0vIYGWRhc2hfaDI2NC1iYXNpYy1nZW4yXzcyMHARAHUAZbaeAQA&_nc_gid=r2OFRtdznHizzpzyPPpTqw&_nc_ss=7f289&_nc_zt=28&oh=00_AQBBur-AR-2DVrWclB51o0_0wKmFExObjsc_ADztxlDVgw&oe=6A671EB9,https://scontent.fblr20-2.fna.fbcdn.net/v/t39.35426-6/746399614_1507510463901098_6384213252027183766_n.jpg?_nc_cat=102&ccb=1-7&_nc_sid=c53f8f&_nc_ohc=v8jFRtpG9e4Q7kNvwEmi1GO&_nc_oc=AdowxfF_S_I_M0-9Gn8ggvUlIVE3xIzEY7U7WybLSnzxvqi-Ig1mQ3yIb04-SMPHzZ9jeuqxnGAtmnYHXbFM0bIf&_nc_zt=14&_nc_ht=scontent.fblr20-2.fna&_nc_gid=r2OFRtdznHizzpzyPPpTqw&_nc_ss=7f289&oh=00_AQAy-5ZwWd_IpQUZRHvrz1GZ1MSDCVIXXhqAxvlBE30cuw&oe=6A674537,2026-07-27T09:02:49.000Z,2026-07-23
111,72,Loora,105478174979714,Loora,,IN,1035968878809133,https://www.facebook.com/ads/library/?id=1035968878809133,2026-07-13,,false,true,2,1,980541888358766,2026-07-13,,Speak English fluently with your virtual AI English tutor 😎,Best AI English tutor,Install now,http://play.google.com/store/apps/details?id=com.loora.app,"Facebook,Instagram,Audience Network,Messenger,Threads",Speak English fluently with your virtual AI English tutor 😎,Best AI English tutor,Install now,http://play.google.com/store/apps/details?id=com.loora.app,Video,"Facebook,Instagram,Audience Network,Messenger,Threads",1,0,9:16,https://video.fblr20-5.fna.fbcdn.net/o1/v/t2/f2/m366/AQNBA9x94wrdHgZ03P1gmSTWoh6kRdSaCZeLilMEpasoWXTpKSIL-sG77eqzGyiwmsuUVecsFi8tl5cKa4l2yZL11Tpet-m7hl1bdZaRhkd2Vg.mp4?_nc_cat=107&_nc_oc=AdpyGC6j_6e5y1VddXv7oy0tBEIi0OJMORuwWIbzu4hIvLZgu4Itolsyt8LjkOZLkMH060b4JIpmOEr2bZ-iaYbB&_nc_sid=b66105&_nc_ht=video.fblr20-5.fna.fbcdn.net&_nc_ohc=nWo84rklIwgQ7kNvwEurXGE&efg=eyJ2ZW5jb2RlX3RhZyI6Inhwdl9wcm9ncmVzc2l2ZS5WSV9VU0VDQVNFX1BST0RVQ1RfVFlQRS4uQzMuNzIwLmRhc2hfaDI2NC1iYXNpYy1nZW4yXzcyMHAiLCJ4cHZfYXNzZXRfaWQiOjEyNjMzNjk4NDU4OTM0ODgsImFzc2V0X2FnZV9kYXlzIjoxMjksInZpX3VzZWNhc2VfaWQiOjEwMTM5LCJkdXJhdGlvbl9zIjo1NSwidXJsZ2VuX3NvdXJjZSI6Ind3dyJ9&ccb=17-1&vs=848391168ea91c19&_nc_vs=HBksFQIYRWZiX2VwaGVtZXJhbC8wQjQyM0ZEMjI0M0YzQkExMTM5QTlDQTg0QjQ5QTA4RF9tdF8xX3ZpZGVvX2Rhc2hpbml0Lm1wNBUAAsgBEgAVAhhAZmJfcGVybWFuZW50LzJENDA2NTE0NjM4MjVCRTQ1OTVEQkNCMzAxQzM1Mjg5X2F1ZGlvX2Rhc2hpbml0Lm1wNBUCAsgBEgAoABgAGwKIB3VzZV9vaWwBMRJwcm9ncmVzc2l2ZV9yZWNpcGUBMRUAACbgpZPu5sG-BBUCKAJDMywXQEvoEGJN0vIYGWRhc2hfaDI2NC1iYXNpYy1nZW4yXzcyMHARAHUAZbaeAQA&_nc_gid=ub72LE9Tuk1s-Srr5LQZkw&_nc_ss=7f289&_nc_zt=28&oh=00_AQBLliFzuOx7bdL8K__f9HZffMzP3G-MBS5q2eGFGWHDGA&oe=6A671EB9,https://scontent.fblr20-4.fna.fbcdn.net/v/t39.35426-6/747145974_873360902085426_8402501599293592682_n.jpg?_nc_cat=101&ccb=1-7&_nc_sid=c53f8f&_nc_ohc=dQut0CEGQoIQ7kNvwGekWyg&_nc_oc=AdpAMs5Qa0BbJ6b5ifGR7UirIHwKeY1tDzVO65Ocy0erONrDseVs1aJ4_wMEHnCcHRDP3xPPBmFkH4YGawcbUkU2&_nc_zt=14&_nc_ht=scontent.fblr20-4.fna&_nc_gid=ub72LE9Tuk1s-Srr5LQZkw&_nc_ss=7f289&oh=00_AQD5UG3unJiXzhZ0vj7gqySpXzlcaw02B8qR1ze8gJ8A8w&oe=6A6736E1,2026-07-27T09:02:49.000Z,2026-07-23
112,73,Loora,105478174979714,Loora,,IN,1508922990985701,https://www.facebook.com/ads/library/?id=1508922990985701,2026-07-13,,true,true,2,0,1508922990985701,2026-07-13,,Speak English fluently with your virtual AI English tutor 😎,Best AI English tutor,Install now,http://play.google.com/store/apps/details?id=com.loora.app,"Facebook,Instagram,Audience Network,Messenger,Threads",Speak English fluently with your virtual AI English tutor 😎,Best AI English tutor,Install now,http://play.google.com/store/apps/details?id=com.loora.app,Video,"Facebook,Instagram,Audience Network,Messenger,Threads",1,0,9:16,https://video.fblr20-2.fna.fbcdn.net/o1/v/t2/f2/m366/AQPii9DWhL3BRgmGu64Xcz87Ro9wSap4bojsqFbSwq8xqkICAoHlwy5giMl5c9wxzbmHrqqmLorGRjRrGoB5yiFr5HSqekoxfBxGO93a9pbmzQ.mp4?_nc_cat=102&_nc_oc=Adp0x8B-HRZXGv1pCn9zUhR7qIqXD2AuhfwPId5xbWjqOh-WQKgBceBVQFS2lXuGDFCEdNsfJzmHE_OVqZ-1aOal&_nc_sid=b66105&_nc_ht=video.fblr20-2.fna.fbcdn.net&_nc_ohc=PC8ZSl5nyIgQ7kNvwGstNyY&efg=eyJ2ZW5jb2RlX3RhZyI6Inhwdl9wcm9ncmVzc2l2ZS5WSV9VU0VDQVNFX1BST0RVQ1RfVFlQRS4uQzMuNzIwLmRhc2hfaDI2NC1iYXNpYy1nZW4yXzcyMHAiLCJ4cHZfYXNzZXRfaWQiOjEyNTE1ODMxMTAzMzM3OTEsImFzc2V0X2FnZV9kYXlzIjo3NSwidmlfdXNlY2FzZV9pZCI6MTA3OTksImR1cmF0aW9uX3MiOjY4LCJ1cmxnZW5fc291cmNlIjoid3d3In0%3D&ccb=17-1&vs=fa7ed786fb7c3b9d&_nc_vs=HBksFQIYRWZiX2VwaGVtZXJhbC9BNjQ3QTkwNTNEQUUyNURBMjA4RkYxMERBNjNFQTA4Nl9tdF8xX3ZpZGVvX2Rhc2hpbml0Lm1wNBUAAsgBEgAVAhhAZmJfcGVybWFuZW50LzM5NEIwQ0VDNzdCQzREQjUzOTMyMjM5MjVBMTk1Mzg0X2F1ZGlvX2Rhc2hpbml0Lm1wNBUCAsgBEgAoABgAGwKIB3VzZV9vaWwBMRJwcm9ncmVzc2l2ZV9yZWNpcGUBMRUAACa-lZbr3JO5BBUCKAJDMywXQFEz987ZFocYGWRhc2hfaDI2NC1iYXNpYy1nZW4yXzcyMHARAHUAZd6oAQA&_nc_gid=r2OFRtdznHizzpzyPPpTqw&_nc_ss=7f289&_nc_zt=28&oh=00_AQC4u5xngvW1lRjm5TBhvVT99jiB_6HZ-r97v4hTcRgieQ&oe=6A672D56,https://scontent.fblr20-5.fna.fbcdn.net/v/t39.35426-6/746002959_2608980016230664_6678847353726963325_n.jpg?_nc_cat=107&ccb=1-7&_nc_sid=c53f8f&_nc_ohc=CsqKepM7MmsQ7kNvwGTeoYw&_nc_oc=AdoXtU0Q5RXn0AUeP_ErYibWLGQ35d8dcuL9qEBO_p516XOBq6YBEThRovhgSIVh3A3VZ_4Zfe1yQgf29vp7u9-M&_nc_zt=14&_nc_ht=scontent.fblr20-5.fna&_nc_gid=r2OFRtdznHizzpzyPPpTqw&_nc_ss=7f289&oh=00_AQDZR03dAPKOB_yp3uNQaOY58tSE-fpabUqEn2m4QknWVw&oe=6A6727B1,2026-07-27T10:05:10.000Z,2026-07-23
113,73,Loora,105478174979714,Loora,,IN,1508922990985701,https://www.facebook.com/ads/library/?id=1508922990985701,2026-07-13,,true,true,2,1,1207744522423851,2026-07-13,,Speak English fluently with your virtual AI English tutor 😎,Best AI English tutor,Install now,http://play.google.com/store/apps/details?id=com.loora.app,"Facebook,Instagram,Audience Network,Messenger,Threads",Speak English fluently with your virtual AI English tutor 😎,Best AI English tutor,Install now,http://play.google.com/store/apps/details?id=com.loora.app,Video,"Facebook,Instagram,Audience Network,Messenger,Threads",1,0,9:16,https://video.fblr20-2.fna.fbcdn.net/o1/v/t2/f2/m366/AQPii9DWhL3BRgmGu64Xcz87Ro9wSap4bojsqFbSwq8xqkICAoHlwy5giMl5c9wxzbmHrqqmLorGRjRrGoB5yiFr5HSqekoxfBxGO93a9pbmzQ.mp4?_nc_cat=102&_nc_oc=Adp0x8B-HRZXGv1pCn9zUhR7qIqXD2AuhfwPId5xbWjqOh-WQKgBceBVQFS2lXuGDFCEdNsfJzmHE_OVqZ-1aOal&_nc_sid=b66105&_nc_ht=video.fblr20-2.fna.fbcdn.net&_nc_ohc=PC8ZSl5nyIgQ7kNvwGstNyY&efg=eyJ2ZW5jb2RlX3RhZyI6Inhwdl9wcm9ncmVzc2l2ZS5WSV9VU0VDQVNFX1BST0RVQ1RfVFlQRS4uQzMuNzIwLmRhc2hfaDI2NC1iYXNpYy1nZW4yXzcyMHAiLCJ4cHZfYXNzZXRfaWQiOjEyNTE1ODMxMTAzMzM3OTEsImFzc2V0X2FnZV9kYXlzIjo3NSwidmlfdXNlY2FzZV9pZCI6MTA3OTksImR1cmF0aW9uX3MiOjY4LCJ1cmxnZW5fc291cmNlIjoid3d3In0%3D&ccb=17-1&vs=fa7ed786fb7c3b9d&_nc_vs=HBksFQIYRWZiX2VwaGVtZXJhbC9BNjQ3QTkwNTNEQUUyNURBMjA4RkYxMERBNjNFQTA4Nl9tdF8xX3ZpZGVvX2Rhc2hpbml0Lm1wNBUAAsgBEgAVAhhAZmJfcGVybWFuZW50LzM5NEIwQ0VDNzdCQzREQjUzOTMyMjM5MjVBMTk1Mzg0X2F1ZGlvX2Rhc2hpbml0Lm1wNBUCAsgBEgAoABgAGwKIB3VzZV9vaWwBMRJwcm9ncmVzc2l2ZV9yZWNpcGUBMRUAACa-lZbr3JO5BBUCKAJDMywXQFEz987ZFocYGWRhc2hfaDI2NC1iYXNpYy1nZW4yXzcyMHARAHUAZd6oAQA&_nc_gid=r2OFRtdznHizzpzyPPpTqw&_nc_ss=7f289&_nc_zt=28&oh=00_AQC4u5xngvW1lRjm5TBhvVT99jiB_6HZ-r97v4hTcRgieQ&oe=6A672D56,https://scontent.fblr20-2.fna.fbcdn.net/v/t39.35426-6/748343790_1034747392737486_2673097978900852050_n.jpg?_nc_cat=104&ccb=1-7&_nc_sid=c53f8f&_nc_ohc=qZ7u-rk_L80Q7kNvwGmQrp6&_nc_oc=Adpd1FpM0i3sBlox_bPz4CUcdlcW6h3JA6bUpPqY8TYbYKkDG9sdxb_VJSKapPfuHAAtc1NNGC2fdqeYQ80tYpGv&_nc_zt=14&_nc_ht=scontent.fblr20-2.fna&_nc_gid=r2OFRtdznHizzpzyPPpTqw&_nc_ss=7f289&oh=00_AQAackAIOcJny-8QmADjcU3WJLUOrCbO5PP4O5J5BaavOA&oe=6A672747,2026-07-27T10:05:10.000Z,2026-07-23
114,1,Loora,936721566182539,Loora: AI English Tutor,,IN,27423307387277285,https://www.facebook.com/ads/library/?id=27423307387277285,2026-05-09,,false,false,1,0,,2026-05-09,,"Want to speak English fluently?
Meet Loora 👋 your own virtual English tutor.

✔️ Express yourself freely.
✔️ Talk about your interests - from pop culture to quantum mechanics... 
✔️ Perfect your accent.
✔️ Learn new words every day.
✔️ Build your confidence.

Take your English to the next level, get Loora TODAY >>",Best AI English tutor,Download,https://app.appsflyer.com/id1552708303?pid=metaweb_int&c= {{campaign.name}}&af_siteid={{site_source_name}}&af_adset={{adset.name}}&af_ad={{ad.name}}&af_c_id={{campaign.id}}&af_adset_id={{adset.id}}&af_ad_id={{ad.id}}&af_click_lookback=7d,"Facebook,Instagram,Audience Network,Messenger,Threads","Want to speak English fluently?
Meet Loora 👋 your own virtual English tutor.

✔️ Express yourself freely.
✔️ Talk about your interests - from pop culture to quantum mechanics... 
✔️ Perfect your accent.
✔️ Learn new words every day.
✔️ Build your confidence.

Take your English to the next level, get Loora TODAY >>",Best AI English tutor,Download,https://app.appsflyer.com/id1552708303?pid=metaweb_int&c= {{campaign.name}}&af_siteid={{site_source_name}}&af_adset={{adset.name}}&af_ad={{ad.name}}&af_c_id={{campaign.id}}&af_adset_id={{adset.id}}&af_ad_id={{ad.id}}&af_click_lookback=7d,Video,"Facebook,Instagram,Audience Network,Messenger,Threads",1,0,9:16,https://video.fblr20-5.fna.fbcdn.net/o1/v/t2/f2/m366/AQMmtrZYVYtqlYk3tku08XSCxGfDZ-FedCuhb7H5d0_UxhT0nCR3FN_zPZwE9-oVDNiIVVPZe1YAXzIvd_7jk5_h0gzRY1w4Gpcb9cB3uGjChw.mp4?_nc_cat=107&_nc_oc=AdoHSiWfVRxjUDffamgySrrqNHJGNwbgOHxtGelzZyCwDVECGCWY8o0B3qfwMNL7H9aBZ9gw4uQJsVuRiQ5q_Aai&_nc_sid=b66105&_nc_ht=video.fblr20-5.fna.fbcdn.net&_nc_ohc=BT6mPH6vPZAQ7kNvwHIoU1K&efg=eyJ2ZW5jb2RlX3RhZyI6Inhwdl9wcm9ncmVzc2l2ZS5WSV9VU0VDQVNFX1BST0RVQ1RfVFlQRS4uQzMuNzIwLmRhc2hfaDI2NC1iYXNpYy1nZW4yXzcyMHAiLCJ4cHZfYXNzZXRfaWQiOjExOTU3MTc2NjYwMDA2ODksImFzc2V0X2FnZV9kYXlzIjoxOTksInZpX3VzZWNhc2VfaWQiOjEwNzk5LCJkdXJhdGlvbl9zIjozNCwidXJsZ2VuX3NvdXJjZSI6Ind3dyJ9&ccb=17-1&vs=dfd18815d17cf51d&_nc_vs=HBksFQIYRWZiX2VwaGVtZXJhbC85NjRBQjNBOTRENjAzM0JEMURFQThEQ0E0NDQwREVCQl9tdF8xX3ZpZGVvX2Rhc2hpbml0Lm1wNBUAAsgBEgAVAhhAZmJfcGVybWFuZW50LzYwNDU4MzVFQzc5NTcwRDlENzIzMDBGMzIwMzA4NDg5X2F1ZGlvX2Rhc2hpbml0Lm1wNBUCAsgBEgAoABgAGwKIB3VzZV9vaWwBMRJwcm9ncmVzc2l2ZV9yZWNpcGUBMRUAACbivN7r9t-fBBUCKAJDMywXQEEXCj1wo9cYGWRhc2hfaDI2NC1iYXNpYy1nZW4yXzcyMHARAHUAZd6oAQA&_nc_gid=hwma2iixv3qxFyBTAZGIfQ&_nc_ss=7f289&_nc_zt=28&oh=00_AQCk9tfEL1fEHg4MCI_M3T2ZrrPUjx-9aJTa54cKIl_XKw&oe=6A672CED,https://scontent.fblr20-1.fna.fbcdn.net/v/t39.35426-6/690754801_2080829832797115_5612516513201009024_n.jpg?_nc_cat=110&ccb=1-7&_nc_sid=c53f8f&_nc_ohc=Z5MvA6LEfrAQ7kNvwEtomNn&_nc_oc=AdqtkzAZ2smigKE0Xbz4FS61k35HaKjreeCn685p_8DBi6vqw8M6RsKWSm_x6PHftoJw1YQuKAmBQLWxegQaijGw&_nc_zt=14&_nc_ht=scontent.fblr20-1.fna&_nc_gid=hwma2iixv3qxFyBTAZGIfQ&_nc_ss=7f289&oh=00_AQC9hOn8JqI6qaqcsG5DDJad55WVPGj9GwElwbvhaJ4d3g&oe=6A674BBF,2026-07-27T10:03:25.000Z,2026-07-23
115,2,Loora,936721566182539,Loora: AI English Tutor,,IN,1748269009499480,https://www.facebook.com/ads/library/?id=1748269009499480,2026-07-15,,false,false,1,0,,2026-07-15,,영어 말하기가 두려우신가요? AI 튜터와 함께 유창한 영어 실력을 만들어 보세요 💪,최고의 AI 영어 튜터,See details,https://get.loora.com/lp/v4?pid=metaweb_int&lang=ko,"Facebook,Instagram,Audience Network,Messenger,Threads",영어 말하기가 두려우신가요? AI 튜터와 함께 유창한 영어 실력을 만들어 보세요 💪,최고의 AI 영어 튜터,See details,https://get.loora.com/lp/v4?pid=metaweb_int&lang=ko,Image,"Facebook,Instagram,Audience Network,Messenger,Threads",1,0,9:16,,https://scontent.fblr20-4.fna.fbcdn.net/v/t39.35426-6/749269454_2104074557173984_2591961907896851444_n.jpg?_nc_cat=101&ccb=1-7&_nc_sid=c53f8f&_nc_ohc=ECM9ZrHM1UoQ7kNvwF8-V8f&_nc_oc=AdoZrqDyRoSxgfPWrAIH42U231HrPtbaBSHTvUb8q9oVnnP2NhRWtmE6uyPvTXnQSODBsZft1Hs6oIT_7ZqB0lLS&_nc_zt=14&_nc_ht=scontent.fblr20-4.fna&_nc_gid=hwma2iixv3qxFyBTAZGIfQ&_nc_ss=7f289&oh=00_AQB3ThJaqhmTiInsh4BvZjIo2r2OGWC-58IRZRc8qCyz_g&oe=6A6732FF,2026-07-27T10:29:19.000Z,2026-07-23
116,3,Loora,936721566182539,Loora: AI English Tutor,,IN,1591620048968017,https://www.facebook.com/ads/library/?id=1591620048968017,2026-07-15,,false,false,1,0,,2026-07-15,,영어 말하기가 두려우신가요? AI 튜터와 함께 유창한 영어 실력을 만들어 보세요 💪,최고의 AI 영어 튜터,See details,https://get.loora.com/lp/v4?pid=metaweb_int&lang=ko,"Facebook,Instagram,Audience Network,Messenger,Threads",영어 말하기가 두려우신가요? AI 튜터와 함께 유창한 영어 실력을 만들어 보세요 💪,최고의 AI 영어 튜터,See details,https://get.loora.com/lp/v4?pid=metaweb_int&lang=ko,Image,"Facebook,Instagram,Audience Network,Messenger,Threads",1,0,9:16,,https://scontent.fblr20-1.fna.fbcdn.net/v/t39.35426-6/748740377_1661378808287737_6049259548746742569_n.jpg?_nc_cat=110&ccb=1-7&_nc_sid=c53f8f&_nc_ohc=-zRLjofgNQEQ7kNvwFevVaV&_nc_oc=Ado0Vn9Z1_DSSOFFvsUTn8eXXiVuhVc90e_3UvSSDZcJ2cqD4cCcMlCiFN_44UCl-RZo_2taIbEqUoxOwZb0qvYf&_nc_zt=14&_nc_ht=scontent.fblr20-1.fna&_nc_gid=hwma2iixv3qxFyBTAZGIfQ&_nc_ss=7f289&oh=00_AQC2k26vwIhuECNjIHzQVR-us0qVVj1aS6Gezb-TUvmcEw&oe=6A672AEE,2026-07-27T09:54:54.000Z,2026-07-23
117,4,Loora,936721566182539,Loora: AI English Tutor,,IN,2865239173811617,https://www.facebook.com/ads/library/?id=2865239173811617,2026-07-15,,false,false,1,0,,2026-07-15,,영어 말하기가 두려우신가요? AI 튜터와 함께 유창한 영어 실력을 만들어 보세요 💪,최고의 AI 영어 튜터,See details,https://get.loora.com/lp/v4?pid=metaweb_int&lang=ko,"Facebook,Instagram,Audience Network,Messenger,Threads",영어 말하기가 두려우신가요? AI 튜터와 함께 유창한 영어 실력을 만들어 보세요 💪,최고의 AI 영어 튜터,See details,https://get.loora.com/lp/v4?pid=metaweb_int&lang=ko,Video,"Facebook,Instagram,Audience Network,Messenger,Threads",1,0,9:16,https://video.fblr20-1.fna.fbcdn.net/o1/v/t2/f2/m366/AQOtEfGCTr_8NqF3edmUqygjirlfxPIxgOETZga-BEKLck1RlFKHqG959DxB_I5m1wGKprvNBig4LQVkfgudA39SxixLaMIC_MCKIv2txILoUg.mp4?_nc_cat=108&_nc_oc=AdqTooJOXxZMboX0NaDcdhbFkWQle3a591WjjBa_SgOpLoG8sSXPJrHwHPaYauwOEmH69LIA2ChnPjNVht16HpXG&_nc_sid=b66105&_nc_ht=video.fblr20-1.fna.fbcdn.net&_nc_ohc=K26iCsbphRoQ7kNvwF1UVQJ&efg=eyJ2ZW5jb2RlX3RhZyI6Inhwdl9wcm9ncmVzc2l2ZS5WSV9VU0VDQVNFX1BST0RVQ1RfVFlQRS4uQzMuNzIwLmRhc2hfaDI2NC1iYXNpYy1nZW4yXzcyMHAiLCJ4cHZfYXNzZXRfaWQiOjE1NjA4Mzc0NTg4NDc3NDQsImFzc2V0X2FnZV9kYXlzIjozNSwidmlfdXNlY2FzZV9pZCI6MTAxMzksImR1cmF0aW9uX3MiOjc1LCJ1cmxnZW5fc291cmNlIjoid3d3In0%3D&ccb=17-1&vs=50cb5ab558bb852a&_nc_vs=HBksFQIYRWZiX2VwaGVtZXJhbC8xRjQ3RTU4MEZCNkQzQUE3MTE4RDU3RENDNDZDQzlCRV9tdF8xX3ZpZGVvX2Rhc2hpbml0Lm1wNBUAAsgBEgAVAhhAZmJfcGVybWFuZW50LzZCNDZEQUM0RUNDMENBMjhEMDU2OTAwOUQ5RjFGNzgyX2F1ZGlvX2Rhc2hpbml0Lm1wNBUCAsgBEgAoABgAGwKIB3VzZV9vaWwBMRJwcm9ncmVzc2l2ZV9yZWNpcGUBMRUAACaAoMuk2eTFBRUCKAJDMywXQFLu6XjU_fQYGWRhc2hfaDI2NC1iYXNpYy1nZW4yXzcyMHARAHUAZbaeAQA&_nc_gid=hwma2iixv3qxFyBTAZGIfQ&_nc_ss=7f289&_nc_zt=28&oh=00_AQDg4mehUkIRtxG_Vx2NKwGyny4biTyW-39e4N-bFnrbiA&oe=6A6738DC,https://scontent.fblr20-1.fna.fbcdn.net/v/t39.35426-6/747778379_1353991693569015_6068378295783689873_n.jpg?_nc_cat=108&ccb=1-7&_nc_sid=c53f8f&_nc_ohc=QG1QwgZ2irsQ7kNvwGXkp4W&_nc_oc=AdoMUnqqhv6XbRy7So1KwIIsMR38fvZzRI_Qx5tbLgx5OjlFdZXnhvsgm9m1D3O3VYvR8c4UOONNgfniQn97xLN-&_nc_zt=14&_nc_ht=scontent.fblr20-1.fna&_nc_gid=hwma2iixv3qxFyBTAZGIfQ&_nc_ss=7f289&oh=00_AQDyJJwcIFXG8HEqqw6-qB1xEfXvtI2_gT0tIJupJg9Iqw&oe=6A674417,2026-07-27T10:54:20.000Z,2026-07-23
118,5,Loora,936721566182539,Loora: AI English Tutor,,IN,1348833497458462,https://www.facebook.com/ads/library/?id=1348833497458462,2026-07-15,,false,false,1,0,,2026-07-15,,영어 말하기가 두려우신가요? AI 튜터와 함께 유창한 영어 실력을 만들어 보세요 💪,최고의 AI 영어 튜터,See details,https://get.loora.com/lp/v4?pid=metaweb_int&lang=ko,"Facebook,Instagram,Audience Network,Messenger,Threads",영어 말하기가 두려우신가요? AI 튜터와 함께 유창한 영어 실력을 만들어 보세요 💪,최고의 AI 영어 튜터,See details,https://get.loora.com/lp/v4?pid=metaweb_int&lang=ko,Image,"Facebook,Instagram,Audience Network,Messenger,Threads",1,0,9:16,,https://scontent.fblr20-4.fna.fbcdn.net/v/t39.35426-6/745174838_27798408653103680_306764289540507745_n.jpg?_nc_cat=106&ccb=1-7&_nc_sid=c53f8f&_nc_ohc=q0RsCB59AmsQ7kNvwHNg-nJ&_nc_oc=AdpcplkUKJ2el0sTwqXjK4J080tBCsxVEu33VRkbvvjrRw_RgjAMt0et_hyFT8epHGVDo4CMT7qt74-DwC47tI4T&_nc_zt=14&_nc_ht=scontent.fblr20-4.fna&_nc_gid=hwma2iixv3qxFyBTAZGIfQ&_nc_ss=7f289&oh=00_AQAZb4LTUygLZUImewzp2H3guaBjBlexoIGaVAO_oKs63g&oe=6A674EA3,2026-07-27T12:27:15.000Z,2026-07-23
119,6,Loora,936721566182539,Loora: AI English Tutor,,IN,1784013629425060,https://www.facebook.com/ads/library/?id=1784013629425060,2026-07-15,,false,false,1,0,,2026-07-15,,Speak English fluently with your AI English tutor 😎,Best AI English Tutor,See details,http://get.loora.com/lp/experiment?v=v6&pid=metaweb_int&lang=ko,"Facebook,Instagram,Audience Network,Messenger,Threads",Speak English fluently with your AI English tutor 😎,Best AI English Tutor,See details,http://get.loora.com/lp/experiment?v=v6&pid=metaweb_int&lang=ko,Image,"Facebook,Instagram,Audience Network,Messenger,Threads",1,0,9:16,,https://scontent.fblr20-3.fna.fbcdn.net/v/t39.35426-6/747799763_2438717833280361_807627090408050045_n.jpg?_nc_cat=100&ccb=1-7&_nc_sid=c53f8f&_nc_ohc=n0nhbUf87ucQ7kNvwGYzhY7&_nc_oc=AdoZzaRPcuIOIBjRPusHrLDYIydLxy9Nfg-ZtIe_JI1BVKSZLV3GHNW7D-lpbBhyUZrUMPgHBcqCr8y0DkK5N8NE&_nc_zt=14&_nc_ht=scontent.fblr20-3.fna&_nc_gid=hwma2iixv3qxFyBTAZGIfQ&_nc_ss=7f289&oh=00_AQC1dMPZbX2w_xgzT_VEyp1fc35-PQo7EG_hdR808rbNwg&oe=6A672195,2026-07-27T09:15:01.000Z,2026-07-23
120,7,Loora,936721566182539,Loora: AI English Tutor,,IN,2125828964815285,https://www.facebook.com/ads/library/?id=2125828964815285,2026-07-15,,false,false,1,0,,2026-07-15,,Speak English fluently with your AI English tutor 😎,Best AI English Tutor,Learn more,https://get.loora.com/lp/v4?pid=metaweb_int,"Facebook,Instagram,Audience Network,Messenger,Threads",Speak English fluently with your AI English tutor 😎,Best AI English Tutor,Learn more,https://get.loora.com/lp/v4?pid=metaweb_int,Video,"Facebook,Instagram,Audience Network,Messenger,Threads",1,0,9:16,https://video.fblr20-1.fna.fbcdn.net/o1/v/t2/f2/m366/AQOjavY5rFoQSkFCsgEdc19LtkGullLzFmG5SSGILRwmKkaayjtPj5VFoJ5-zUrsMwTTEgNcqQtTkMbcjO3ehGm3HJN1pvkl7VJ9J98nknxVbw.mp4?_nc_cat=108&_nc_oc=AdpKi0bV0-zMIYuhgOi763qe4CF2Tc5TV64J27ssUVBRe-5vu0RXu09cXLGLGYHPts2IwVVy4s91_gTTobeKyqTo&_nc_sid=b66105&_nc_ht=video.fblr20-1.fna.fbcdn.net&_nc_ohc=cNiyuvg3-98Q7kNvwFD4t6N&efg=eyJ2ZW5jb2RlX3RhZyI6Inhwdl9wcm9ncmVzc2l2ZS5WSV9VU0VDQVNFX1BST0RVQ1RfVFlQRS4uQzMuNzIwLmRhc2hfaDI2NC1iYXNpYy1nZW4yXzcyMHAiLCJ4cHZfYXNzZXRfaWQiOjEyNzc0MTI4MTcyNjI2MzQsImFzc2V0X2FnZV9kYXlzIjo5MSwidmlfdXNlY2FzZV9pZCI6MTA3OTksImR1cmF0aW9uX3MiOjQxLCJ1cmxnZW5fc291cmNlIjoid3d3In0%3D&ccb=17-1&vs=d3776143e514f22a&_nc_vs=HBksFQIYRWZiX2VwaGVtZXJhbC9CQTRDQkNBMTBGOTUzNzAzOTdDQzQ0MEMxQ0Y3RjI5NF9tdF8xX3ZpZGVvX2Rhc2hpbml0Lm1wNBUAAsgBEgAVAhhAZmJfcGVybWFuZW50L0UyNEJCMkJCNTYxOTY0Rjc1QUY2RjlCQzY1NDJBNzk3X2F1ZGlvX2Rhc2hpbml0Lm1wNBUCAsgBEgAoABgAGwKIB3VzZV9vaWwBMRJwcm9ncmVzc2l2ZV9yZWNpcGUBMRUAACbU4KKTm_PEBBUCKAJDMywXQEThR64UeuEYGWRhc2hfaDI2NC1iYXNpYy1nZW4yXzcyMHARAHUAZd6oAQA&_nc_gid=hwma2iixv3qxFyBTAZGIfQ&_nc_ss=7f289&_nc_zt=28&oh=00_AQBUA5pnWVI2gqT3IkxShxIOqP_8JZYIUziW8hSab1v9BA&oe=6A673EAC,https://scontent.fblr20-1.fna.fbcdn.net/v/t39.35426-6/725626659_2275866973239870_5539940661244405106_n.jpg?_nc_cat=110&ccb=1-7&_nc_sid=c53f8f&_nc_ohc=Kkx4-FdcOC0Q7kNvwE8EMln&_nc_oc=AdpqBT0Yv69iwC_m9RLj9eBeQXlO4o_KCw6nhG67-M2LS3_vprKreXOYJhYqp7G0p6tVbiEDrAdAOo9xTMlzl4Im&_nc_zt=14&_nc_ht=scontent.fblr20-1.fna&_nc_gid=hwma2iixv3qxFyBTAZGIfQ&_nc_ss=7f289&oh=00_AQBk4EAb2l3RioHVz8lNOF0rY_cK73faWBVG0juzxZuYTg&oe=6A6746F2,2026-07-27T11:19:08.000Z,2026-07-23
121,8,Loora,936721566182539,Loora: AI English Tutor,,IN,1065007649423102,https://www.facebook.com/ads/library/?id=1065007649423102,2026-07-15,,false,false,1,0,,2026-07-15,,Speak English fluently with your AI English tutor 😎,Best AI English Tutor,See details,https://get.loora.com/lp/v4?pid=metaweb_int&lang=ko,"Facebook,Instagram,Audience Network,Messenger,Threads",Speak English fluently with your AI English tutor 😎,Best AI English Tutor,See details,https://get.loora.com/lp/v4?pid=metaweb_int&lang=ko,Image,"Facebook,Instagram,Audience Network,Messenger,Threads",1,0,9:16,,https://scontent.fblr20-3.fna.fbcdn.net/v/t39.35426-6/749301438_899933112541711_5012108835660843240_n.jpg?_nc_cat=105&ccb=1-7&_nc_sid=c53f8f&_nc_ohc=tHhLp3w-5hAQ7kNvwFrrGu-&_nc_oc=Adq-CvFn_ltdAs-muwXRid2O5YcGaRlE5HvGQS15Sfs5zGf7uvWUexWamcoodgyklfjdDBs6Gq8J-ItRso5N9i0a&_nc_zt=14&_nc_ht=scontent.fblr20-3.fna&_nc_gid=hwma2iixv3qxFyBTAZGIfQ&_nc_ss=7f289&oh=00_AQC7rdf7Vnar6BH1jZen8JsB4idHXzB1I_0HfrRaXGbG2Q&oe=6A67240B,2026-07-27T09:25:31.000Z,2026-07-23
122,9,Loora,936721566182539,Loora: AI English Tutor,,IN,4433420273537103,https://www.facebook.com/ads/library/?id=4433420273537103,2026-07-15,,true,false,1,0,,2026-07-15,,Speak English fluently with your AI English tutor 😎,Best AI English Tutor,Learn more,http://get.loora.com/lp/experiment?v=v6&pid=metaweb_int&lang=en,"Facebook,Instagram,Audience Network,Messenger,Threads",Speak English fluently with your AI English tutor 😎,Best AI English Tutor,Learn more,http://get.loora.com/lp/experiment?v=v6&pid=metaweb_int&lang=en,Image,"Facebook,Instagram,Audience Network,Messenger,Threads",1,0,9:16,,https://scontent.fblr20-5.fna.fbcdn.net/v/t39.35426-6/747930131_1572557407756287_8244968020980662589_n.jpg?_nc_cat=107&ccb=1-7&_nc_sid=c53f8f&_nc_ohc=na5k7BUgRooQ7kNvwFVLRGy&_nc_oc=AdobLp5uBlS6D0WMu84mvgjwvyRJKix5btvJvfvQHwfgmr83kPPsc4Wec6-UY1Q_i6sQJjVRslqDK5wYJGua9ZTO&_nc_zt=14&_nc_ht=scontent.fblr20-5.fna&_nc_gid=hwma2iixv3qxFyBTAZGIfQ&_nc_ss=7f289&oh=00_AQAAhWdImJtkip8-qquRvkC-OO8qqThmI_Y9Kv6sgebVgg&oe=6A67528E,2026-07-27T12:43:58.000Z,2026-07-23
123,10,Loora,936721566182539,Loora: AI English Tutor,,IN,1351363066453052,https://www.facebook.com/ads/library/?id=1351363066453052,2026-07-15,,true,false,1,0,,2026-07-15,,Speak English fluently with your AI English tutor 😎,Best AI English Tutor,Learn more,http://get.loora.com/lp/experiment?v=v6&pid=metaweb_int&lang=en,"Facebook,Instagram,Audience Network,Messenger,Threads",Speak English fluently with your AI English tutor 😎,Best AI English Tutor,Learn more,http://get.loora.com/lp/experiment?v=v6&pid=metaweb_int&lang=en,Video,"Facebook,Instagram,Audience Network,Messenger,Threads",1,0,9:16,https://video.fblr20-3.fna.fbcdn.net/o1/v/t2/f2/m366/AQNbd7N5p-R9T7SqVHqeYIgwNE7N3Z6g2UgqGcoz5FEYZ5CbqJcDl_LL3-khQx0MaWU4nnyPE9pCfGkpmohK4srX0ax6yBz-epi-nLJXfE8ifQ.mp4?_nc_cat=100&_nc_oc=AdqwcQaCSQTwpZBQyJM2q6fW2DCiKiJkPL6ybtZmWkEkMVgjrz0Z3X2npCj7dXW0_vi7wo7M8YI6vVGZjNLAcReZ&_nc_sid=b66105&_nc_ht=video.fblr20-3.fna.fbcdn.net&_nc_ohc=oIIKhws0yn0Q7kNvwG4xHRl&efg=eyJ2ZW5jb2RlX3RhZyI6Inhwdl9wcm9ncmVzc2l2ZS5WSV9VU0VDQVNFX1BST0RVQ1RfVFlQRS4uQzMuNzIwLmRhc2hfaDI2NC1iYXNpYy1nZW4yXzcyMHAiLCJ4cHZfYXNzZXRfaWQiOjE1NTg2OTcxNjIzMDIyODcsImFzc2V0X2FnZV9kYXlzIjoyOCwidmlfdXNlY2FzZV9pZCI6MTAxMzksImR1cmF0aW9uX3MiOjEzMSwidXJsZ2VuX3NvdXJjZSI6Ind3dyJ9&ccb=17-1&vs=ee2a5852a8a8ab07&_nc_vs=HBksFQIYRWZiX2VwaGVtZXJhbC80RTQ4MzlDNTcyODQ0QTEyNUZFNDFGREM5NjM3ODdCMl9tdF8xX3ZpZGVvX2Rhc2hpbml0Lm1wNBUAAsgBEgAVAhhAZmJfcGVybWFuZW50LzVENEVFNkYzRjEzOUMwMEUyMzY2OUMwNDI2RkNDM0FGX2F1ZGlvX2Rhc2hpbml0Lm1wNBUCAsgBEgAoABgAGwKIB3VzZV9vaWwBMRJwcm9ncmVzc2l2ZV9yZWNpcGUBMRUAACaejd_qjujEBRUCKAJDMywXQGBzMzMzMzMYGWRhc2hfaDI2NC1iYXNpYy1nZW4yXzcyMHARAHUAZbaeAQA&_nc_gid=hwma2iixv3qxFyBTAZGIfQ&_nc_ss=7f289&_nc_zt=28&oh=00_AQBSxtHELk_sz-Dem0jZ98hPY77JTX8WqvZB3OX1X60wHQ&oe=6A6721B4,https://scontent.fblr20-5.fna.fbcdn.net/v/t39.35426-6/749286156_1813271222987440_7960006523892249434_n.jpg?_nc_cat=107&ccb=1-7&_nc_sid=c53f8f&_nc_ohc=2QAh9esdfwwQ7kNvwGoZlJy&_nc_oc=AdoOIn3QOhrFJ8AsBAzn4AC0qHd0JDfyReZJNSM_px93GABf8PqS0B0Uz03_p_N-Wmcyc63qFEGfyhBk2i3WX2Z8&_nc_zt=14&_nc_ht=scontent.fblr20-5.fna&_nc_gid=hwma2iixv3qxFyBTAZGIfQ&_nc_ss=7f289&oh=00_AQAcVjGYPBz0VclGQb07QkvDvsT46Enlp-tuob2oaRa0pA&oe=6A6721A5,2026-07-27T09:15:32.000Z,2026-07-23
