row_rank,page_rank,competitor_name,facebook_page_id,facebook_page_name,facebook_page_followers,target_country,ad_library_id,ad_library_url,ad_start_date,ad_end_date,has_low_impression_warning,ad_has_multiple_versions,ad_version_count,version_index,version_id,version_start_date,version_end_date,version_primary_text,version_description,version_cta_label,version_destination_url,version_platforms_distribution,ad_primary_text,ad_description,ad_cta_label,ad_destination_url,ad_media_type,ad_distribution_platforms,creative_count_in_ad,creative_index_in_ad,creative_aspect_ratio,facebook_video_cdn_url_at_scrape,facebook_thumbnail_cdn_url_at_scrape,facebook_cdn_url_expiry_at_scrape,scrape_run_date
1,1,SpeakX,540653459131632,SpeakX - Learn to Speak English,,IN,4317358591866176,https://www.facebook.com/ads/library/?id=4317358591866176,2026-06-01,,false,false,1,0,,2026-06-01,,English speaking made easy with SpeakX App,Spoken English course,Install now,http://play.google.com/store/apps/details?id=yellowclass.kids.live,"Facebook,Instagram,Messenger,Threads",English speaking made easy with SpeakX App,Spoken English course,Install now,http://play.google.com/store/apps/details?id=yellowclass.kids.live,Video,"Facebook,Instagram,Messenger,Threads",1,0,1:1,https://video.fblr20-1.fna.fbcdn.net/o1/v/t2/f2/m366/AQOcGnkw00ESWMh8_84DuHhujWU0hWaXh4tGJBYBZ8mEkl8T3r-DW7HvdFo56Jacindw96Yioe01CAilKZj9HM66wISyZqJwRyLPyffEo7eNvg.mp4?_nc_cat=108&_nc_oc=AdotUErPnJmb08RA4NjiD739hSWJ46yEhuMUvGmpIKZjwgPMbMgk6V3xDc0eLhgwgiga0zOqcPR3IvErPN8XH9dx&_nc_sid=b66105&_nc_ht=video.fblr20-1.fna.fbcdn.net&_nc_ohc=rfprWkYVd3gQ7kNvwFb-Rdw&efg=eyJ2ZW5jb2RlX3RhZyI6Inhwdl9wcm9ncmVzc2l2ZS5WSV9VU0VDQVNFX1BST0RVQ1RfVFlQRS4uQzMuNzIwLmRhc2hfaDI2NC1iYXNpYy1nZW4yXzcyMHAiLCJ4cHZfYXNzZXRfaWQiOjIxOTE5OTQ3MTQ4ODE2NTEsImFzc2V0X2FnZV9kYXlzIjozNywidmlfdXNlY2FzZV9pZCI6MTAxMzksImR1cmF0aW9uX3MiOjc4LCJ1cmxnZW5fc291cmNlIjoid3d3In0%3D&ccb=17-1&vs=dd1cbd42eff4a2dd&_nc_vs=HBksFQIYRWZiX2VwaGVtZXJhbC8zNTREQkU2N0UwOTM0MjVEQTM2RkMyQTFCM0JEOEVBRF9tdF8xX3ZpZGVvX2Rhc2hpbml0Lm1wNBUAAsgBEgAVAhhAZmJfcGVybWFuZW50LzY2NDdEODc2QTgxNDYxQjIwQjY2OTBDN0Q4NjIyMkFBX2F1ZGlvX2Rhc2hpbml0Lm1wNBUCAsgBEgAoABgAGwKIB3VzZV9vaWwBMRJwcm9ncmVzc2l2ZV9yZWNpcGUBMRUAACbm-aOl8ebkBxUCKAJDMywXQFOO6XjU_fQYGWRhc2hfaDI2NC1iYXNpYy1nZW4yXzcyMHARAHUAZbaeAQA&_nc_gid=lDHlcd5d2Rz_mC4Xx-UwIg&_nc_ss=7f289&_nc_zt=28&oh=00_Af-ngo5WGZ-HQMj9iePip8ryVxKpdvto9aEyIv93Nlos9g&oe=6A46560C,https://scontent.fblr20-4.fna.fbcdn.net/v/t39.35426-6/702930516_947346281457276_6784613591912950326_n.jpg?_nc_cat=101&ccb=1-7&_nc_sid=c53f8f&_nc_ohc=iao4aUFOynsQ7kNvwEj9X8D&_nc_oc=AdpGMwE4J6AZwsEyT9VcqXpV3W1xitBz_a23i8VgFDbF8EPBwNWLu-RvcXEZzvkAf-vtNOb952xZ8Ak2aga1wVxk&_nc_zt=14&_nc_ht=scontent.fblr20-4.fna&_nc_gid=lDHlcd5d2Rz_mC4Xx-UwIg&_nc_ss=7f289&oh=00_Af-uRZheEocMur4iINuABvNz8av-2RclS3nI6Dj20ZGINg&oe=6A465B17,2026-07-02T12:14:04.000Z,2026-06-28
2,2,SpeakX,540653459131632,SpeakX - Learn to Speak English,,IN,27292861753737186,https://www.facebook.com/ads/library/?id=27292861753737186,2026-06-01,,false,false,1,0,,2026-06-01,,Ab bina ruke English bolo. Speakx AI tutor ke saath rozana practice karein.,"Learn English, Let's Talk",Install now,http://play.google.com/store/apps/details?id=yellowclass.kids.live,"Facebook,Instagram",Ab bina ruke English bolo. Speakx AI tutor ke saath rozana practice karein.,"Learn English, Let's Talk",Install now,http://play.google.com/store/apps/details?id=yellowclass.kids.live,Video,"Facebook,Instagram",1,0,9:16,https://video.fblr20-4.fna.fbcdn.net/o1/v/t2/f2/m366/AQOoDk052IL8RT8wvyLU3LlifuvyexU-_mOjMdibFk64GrMm6DCfEwoemTUXXvRQNldwNIQjAioYvHpU5OsF7pjjIYKzxod6gbe4id8rai2K0A.mp4?_nc_cat=106&_nc_oc=AdqiaNH4BLBL6e2MTLSG01tXAYm-b5vpLPK1HcIyouOtg-Zk8PuLoc4svSuuNx-amjCwPYG0SghsyiLJlmhdoC-3&_nc_sid=b66105&_nc_ht=video.fblr20-4.fna.fbcdn.net&_nc_ohc=jRtKNNYOQOMQ7kNvwHOUkH9&efg=eyJ2ZW5jb2RlX3RhZyI6Inhwdl9wcm9ncmVzc2l2ZS5WSV9VU0VDQVNFX1BST0RVQ1RfVFlQRS4uQzMuNzIwLmRhc2hfaDI2NC1iYXNpYy1nZW4yXzcyMHAiLCJ4cHZfYXNzZXRfaWQiOjE3NTQ3ODk4NTkwMTQwMDcsImFzc2V0X2FnZV9kYXlzIjozMSwidmlfdXNlY2FzZV9pZCI6MTAxMzksImR1cmF0aW9uX3MiOjUzLCJ1cmxnZW5fc291cmNlIjoid3d3In0%3D&ccb=17-1&vs=c7ee3f3ec356286a&_nc_vs=HBksFQIYRWZiX2VwaGVtZXJhbC9BRDRCOTA4QjZDQTQ1RjkxRDk1NTYwNTEyRDRFODQ4Ql9tdF8xX3ZpZGVvX2Rhc2hpbml0Lm1wNBUAAsgBEgAVAhhAZmJfcGVybWFuZW50LzgzNDZCRjVBM0QyMkNEQTZFRTRDRjIwMzFFQTZFODkyX2F1ZGlvX2Rhc2hpbml0Lm1wNBUCAsgBEgAoABgAGwKIB3VzZV9vaWwBMRJwcm9ncmVzc2l2ZV9yZWNpcGUBMRUAACbu1Z2jm_6dBhUCKAJDMywXQEq3bItDlYEYGWRhc2hfaDI2NC1iYXNpYy1nZW4yXzcyMHARAHUAZbaeAQA&_nc_gid=lDHlcd5d2Rz_mC4Xx-UwIg&_nc_ss=7f289&_nc_zt=28&oh=00_Af8FtmiYObaVTLPwTMLDrepST1N05T3yt5YrHb02gMNBJg&oe=6A465B5A,https://scontent.fblr20-3.fna.fbcdn.net/v/t39.35426-6/710299057_1748190433201502_2099578974787765166_n.jpg?_nc_cat=109&ccb=1-7&_nc_sid=c53f8f&_nc_ohc=WoGDSCndjaoQ7kNvwEsjX5x&_nc_oc=Adp5Phn-LDJX9pFBDMCWWfpaDWrZaHSymu9fPUMu1Ca9Hthco2tmCqsunkptTl4Qcyn3jot_4k_FyttN-e65Kn-e&_nc_zt=14&_nc_ht=scontent.fblr20-3.fna&_nc_gid=lDHlcd5d2Rz_mC4Xx-UwIg&_nc_ss=7f289&oh=00_Af-NFc_jijEJir0SGcOUt7A48Hu1CelIaKXiXj0T7zcJfQ&oe=6A462853,2026-07-02T12:36:42.000Z,2026-06-28
3,3,SpeakX,540653459131632,SpeakX - Learn to Speak English,,IN,26844394018563524,https://www.facebook.com/ads/library/?id=26844394018563524,2026-06-01,,false,false,1,0,,2026-06-01,,Ab bina ruke English bolo. Speakx AI tutor ke saath rozana practice karein.,"Learn English, Let's Talk",Install now,http://play.google.com/store/apps/details?id=yellowclass.kids.live,"Facebook,Instagram",Ab bina ruke English bolo. Speakx AI tutor ke saath rozana practice karein.,"Learn English, Let's Talk",Install now,http://play.google.com/store/apps/details?id=yellowclass.kids.live,Video,"Facebook,Instagram",1,0,1:1,https://video.fblr20-5.fna.fbcdn.net/o1/v/t2/f2/m366/AQMMYxoKHxrDLlPy-2BY8xNcpuar17zUqQ2RRfqORc58P9BbtKpYQtJpxjUlLkI4HGgTGjE_C9QfvIkV65l0iJYJ1U6mUJNNRpxgq4sx71DFbw.mp4?_nc_cat=107&_nc_oc=AdrmyPYD5mXr_DRDm7J1HQR_SxhQKo-4PFkyR69RJhsE7d-PGPRacx2H13pYe-yPFQsQrWsZa-cftjMTsJiCAY29&_nc_sid=b66105&_nc_ht=video.fblr20-5.fna.fbcdn.net&_nc_ohc=FOTXPmf4yFEQ7kNvwEUVu9I&efg=eyJ2ZW5jb2RlX3RhZyI6Inhwdl9wcm9ncmVzc2l2ZS5WSV9VU0VDQVNFX1BST0RVQ1RfVFlQRS4uQzMuNzIwLmRhc2hfaDI2NC1iYXNpYy1nZW4yXzcyMHAiLCJ4cHZfYXNzZXRfaWQiOjE1MzMzMTk2MTgyOTY0MDYsImFzc2V0X2FnZV9kYXlzIjozMSwidmlfdXNlY2FzZV9pZCI6MTA3OTksImR1cmF0aW9uX3MiOjM1LCJ1cmxnZW5fc291cmNlIjoid3d3In0%3D&ccb=17-1&vs=9caed1ad558f0ca3&_nc_vs=HBksFQIYRWZiX2VwaGVtZXJhbC8zQzRGQkJDRjUyMThGODkwQTkwQTgwMENBMkM5RjY5QV9tdF8xX3ZpZGVvX2Rhc2hpbml0Lm1wNBUAAsgBEgAVAhhAZmJfcGVybWFuZW50LzRFNDIzNzMwREUyNTcwRjBDQ0U1REYzQUM4M0Q2MzlFX2F1ZGlvX2Rhc2hpbml0Lm1wNBUCAsgBEgAoABgAGwKIB3VzZV9vaWwBMRJwcm9ncmVzc2l2ZV9yZWNpcGUBMRUAACas6eey-aK5BRUCKAJDMywXQEGVP3ztkWgYGWRhc2hfaDI2NC1iYXNpYy1nZW4yXzcyMHARAHUAZd6oAQA&_nc_gid=lDHlcd5d2Rz_mC4Xx-UwIg&_nc_ss=7f289&_nc_zt=28&oh=00_Af-JWbkIN0cIu0amSLemk9Sf5Ws-b6LSr9i1mL3-Reepyw&oe=6A46523D,https://scontent.fblr20-4.fna.fbcdn.net/v/t39.35426-6/713464791_1020603093761982_6282121621140669678_n.jpg?_nc_cat=103&ccb=1-7&_nc_sid=c53f8f&_nc_ohc=JkEJBX034tMQ7kNvwF1Rh3v&_nc_oc=AdqmHPj6_VgWVLKy3xmV8tJ6sRPz4MvhX5LyHPXt3E9FLkwo7Q5BuDb8hQVKzI6Z3WNDnictvsrSnIV9JpK1qKYY&_nc_zt=14&_nc_ht=scontent.fblr20-4.fna&_nc_gid=lDHlcd5d2Rz_mC4Xx-UwIg&_nc_ss=7f289&oh=00_Af_RttyXr63dqknVSSU9uf53F0scGOtyWilVcsI0WhxKwQ&oe=6A465BEF,2026-07-02T11:57:49.000Z,2026-06-28
4,4,SpeakX,540653459131632,SpeakX - Learn to Speak English,,IN,2606314053100217,https://www.facebook.com/ads/library/?id=2606314053100217,2026-06-15,,false,false,1,0,,2026-06-15,,Ab bina ruke English bolo. Speakx AI tutor ke saath rozana practice karein.,"Learn English, Let's Talk",Install now,http://play.google.com/store/apps/details?id=yellowclass.kids.live,"Facebook,Instagram,Messenger,Threads",Ab bina ruke English bolo. Speakx AI tutor ke saath rozana practice karein.,"Learn English, Let's Talk",Install now,http://play.google.com/store/apps/details?id=yellowclass.kids.live,Video,"Facebook,Instagram,Messenger,Threads",1,0,9:16,https://video.fblr20-1.fna.fbcdn.net/o1/v/t2/f2/m366/AQOVIWPQtUFrKOGxWthYJ9SygfqeyzPX8mVyFpSccF95RE7qLnoMzoa8XziC9tDXaCkE7J7zq4iJDZnWsPKFrKrEzDtGozBq21UCOmYB0B1xVg.mp4?_nc_cat=108&_nc_oc=AdqKHiS0vCLNOJJgLtx702MNWGnpYeSdCZkSSUhk6QXp2XLXZxvEfsE1GCiiEyA7uo9Iv_nyeFmlLkfUWuhgMpSu&_nc_sid=b66105&_nc_ht=video.fblr20-1.fna.fbcdn.net&_nc_ohc=wEvlSSZeHiwQ7kNvwF7Sm0Y&efg=eyJ2ZW5jb2RlX3RhZyI6Inhwdl9wcm9ncmVzc2l2ZS5WSV9VU0VDQVNFX1BST0RVQ1RfVFlQRS4uQzMuNzIwLmRhc2hfaDI2NC1iYXNpYy1nZW4yXzcyMHAiLCJ4cHZfYXNzZXRfaWQiOjkxNTU4Njk3NzYwNzIyNywiYXNzZXRfYWdlX2RheXMiOjE3LCJ2aV91c2VjYXNlX2lkIjoxMDEzOSwiZHVyYXRpb25fcyI6NDAsInVybGdlbl9zb3VyY2UiOiJ3d3cifQ%3D%3D&ccb=17-1&vs=7038ed481673b30a&_nc_vs=HBksFQIYRWZiX2VwaGVtZXJhbC9FODQwOEZEM0NCRTUxMkEzM0I3MDYxMTY2RjRBOUY5RV9tdF8xX3ZpZGVvX2Rhc2hpbml0Lm1wNBUAAsgBEgAVAhhAZmJfcGVybWFuZW50LzlDNEIxRkNCRDlDRDFBRkY2NkZDQzFFQTkyRTA1QkI2X2F1ZGlvX2Rhc2hpbml0Lm1wNBUCAsgBEgAoABgAGwKIB3VzZV9vaWwBMRJwcm9ncmVzc2l2ZV9yZWNpcGUBMRUAACb2uP3Ilq6gAxUCKAJDMywXQER3bItDlYEYGWRhc2hfaDI2NC1iYXNpYy1nZW4yXzcyMHARAHUAZbaeAQA&_nc_gid=lDHlcd5d2Rz_mC4Xx-UwIg&_nc_ss=7f289&_nc_zt=28&oh=00_Af8rnMlyi3MsXOmlmI4ycfX6bHfek5SFBZtrLIYn2CJQVw&oe=6A465D60,https://scontent.fblr20-4.fna.fbcdn.net/v/t39.35426-6/725034597_992364260430604_348016222678081159_n.jpg?_nc_cat=101&ccb=1-7&_nc_sid=c53f8f&_nc_ohc=NQBIoI9-7mcQ7kNvwGMuLKV&_nc_oc=AdroAwcBGF2aDXMp8IJ7xrNPgnnmRQM0nMOzMM4fHg0XwRWP4DxGtUf_N7CSB_NWdgfGr2p1o8yW1e4VoNkZOfrP&_nc_zt=14&_nc_ht=scontent.fblr20-4.fna&_nc_gid=lDHlcd5d2Rz_mC4Xx-UwIg&_nc_ss=7f289&oh=00_Af-VFvxiyOePG3Dq6xn8j2fpuBehBFpqMwJTDxAWZY3ikg&oe=6A465631,2026-07-02T12:45:20.000Z,2026-06-28
5,5,SpeakX,540653459131632,SpeakX - Learn to Speak English,,IN,1676862793642995,https://www.facebook.com/ads/library/?id=1676862793642995,2026-06-01,,false,false,1,0,,2026-06-01,,ಮೂಲದಿಂದ spoken English ಕಲಿಯಿ. ದಿನಸಿ ಅಭ್ಯಾಸಕ್ಕೆ AI ಸಹಾಯ. ಕನ್ನಡಿಗರಿಗೆ ಸೂಕ್ತ.,ಇಂಗ್ಲಿಷ್ ಮಾತನಾಡಲು ಕಲಿಯಿ,Install now,http://play.google.com/store/apps/details?id=yellowclass.kids.live,"Facebook,Instagram,Messenger,Threads",ಮೂಲದಿಂದ spoken English ಕಲಿಯಿ. ದಿನಸಿ ಅಭ್ಯಾಸಕ್ಕೆ AI ಸಹಾಯ. ಕನ್ನಡಿಗರಿಗೆ ಸೂಕ್ತ.,ಇಂಗ್ಲಿಷ್ ಮಾತನಾಡಲು ಕಲಿಯಿ,Install now,http://play.google.com/store/apps/details?id=yellowclass.kids.live,Video,"Facebook,Instagram,Messenger,Threads",1,0,1:1,https://video.fblr20-2.fna.fbcdn.net/o1/v/t2/f2/m366/AQOJyUkmcbx2TdBE4ugsa6yYMuvQZOmcwvJuIF2Xe1w82HWVynXlrFid_ypr3TyhT2W45SuyQqKJLdPeD0-jhI2f-VMRH1lD39HFMgcSQGzNcw.mp4?_nc_cat=104&_nc_oc=AdpYJ7327lLeD_zNAyjzFLm-FIcdv96wqKLhyHpZfk8CmFtrS9o_4CFEN7Ep8fp6vLZa6gzF9BZ7IWRJjLgTVeBZ&_nc_sid=b66105&_nc_ht=video.fblr20-2.fna.fbcdn.net&_nc_ohc=0YBXJY1PvC0Q7kNvwHf7T9M&efg=eyJ2ZW5jb2RlX3RhZyI6Inhwdl9wcm9ncmVzc2l2ZS5WSV9VU0VDQVNFX1BST0RVQ1RfVFlQRS4uQzMuNzIwLmRhc2hfaDI2NC1iYXNpYy1nZW4yXzcyMHAiLCJ4cHZfYXNzZXRfaWQiOjQ1MDIwNDk0MDAwNjU2NTMsImFzc2V0X2FnZV9kYXlzIjoyNSwidmlfdXNlY2FzZV9pZCI6MTAxMzksImR1cmF0aW9uX3MiOjcyLCJ1cmxnZW5fc291cmNlIjoid3d3In0%3D&ccb=17-1&vs=3c18605a8b0a96ee&_nc_vs=HBksFQIYRWZiX2VwaGVtZXJhbC9GQzQ5QTdCQzJBNkUzRkFEM0NBMEQ4QjE3MDEyRjJCN19tdF8xX3ZpZGVvX2Rhc2hpbml0Lm1wNBUAAsgBEgAVAhhAZmJfcGVybWFuZW50LzEwNDFBMzRGQ0Q4RkYyRTVFMTk4RjRERDJBQTUwOUFFX2F1ZGlvX2Rhc2hpbml0Lm1wNBUCAsgBEgAoABgAGwKIB3VzZV9vaWwBMRJwcm9ncmVzc2l2ZV9yZWNpcGUBMRUAACbquYT04aX_DxUCKAJDMywXQFIZmZmZmZoYGWRhc2hfaDI2NC1iYXNpYy1nZW4yXzcyMHARAHUAZbaeAQA&_nc_gid=lDHlcd5d2Rz_mC4Xx-UwIg&_nc_ss=7f289&_nc_zt=28&oh=00_Af8d215WyvePQ1pEox5l-3_Hmkofw-_fKPtXT-0S1ZJqFA&oe=6A465674,https://scontent.fblr20-1.fna.fbcdn.net/v/t39.35426-6/715550248_1341359604797433_6629468475583546065_n.jpg?_nc_cat=108&ccb=1-7&_nc_sid=c53f8f&_nc_ohc=kwkK9sQ_h8QQ7kNvwHM_n60&_nc_oc=Adr2jV285ifTzPFyUJ6o4dYi4Ss2GlxJbfEoo3b7TBH-oqSnTowvYgjuZDsPG7hv0s4g6NoNx584D0U8vy1Y_D9I&_nc_zt=14&_nc_ht=scontent.fblr20-1.fna&_nc_gid=lDHlcd5d2Rz_mC4Xx-UwIg&_nc_ss=7f289&oh=00_Af-u8b5vcl395ljwjweDgT4DBfosqFKaOR9-JrG4kZge3g&oe=6A462EE1,2026-07-02T12:15:48.000Z,2026-06-28
6,6,SpeakX,540653459131632,SpeakX - Learn to Speak English,,IN,36517908114474049,https://www.facebook.com/ads/library/?id=36517908114474049,2026-06-01,,false,false,1,0,,2026-06-01,,English speaking made easy with SpeakX App,Spoken English course,Install now,http://play.google.com/store/apps/details?id=yellowclass.kids.live,"Facebook,Instagram,Messenger,Threads",English speaking made easy with SpeakX App,Spoken English course,Install now,http://play.google.com/store/apps/details?id=yellowclass.kids.live,Video,"Facebook,Instagram,Messenger,Threads",1,0,1:1,https://video.fblr20-1.fna.fbcdn.net/o1/v/t2/f2/m366/AQM1W0NJKnR0NQC7RFaq_Owdvf3hqh1M3nW6dB17Eykwtjgfzjad4e3uHzV2QSnD_iWEnBcsKtmLE1QzKFRAHyWGRU7znucosZERKKmIiB_bGg.mp4?_nc_cat=108&_nc_oc=Adr_9EdQaVwask8-_OMDeq1e0y742IXp5z9SVdAMHzl1pH5kZpclrfMOSKJlexHn2_uBmQ9OdsWfHP5PTetjmIuG&_nc_sid=b66105&_nc_ht=video.fblr20-1.fna.fbcdn.net&_nc_ohc=siNR_80fOesQ7kNvwGaWYQx&efg=eyJ2ZW5jb2RlX3RhZyI6Inhwdl9wcm9ncmVzc2l2ZS5WSV9VU0VDQVNFX1BST0RVQ1RfVFlQRS4uQzMuNzIwLmRhc2hfaDI2NC1iYXNpYy1nZW4yXzcyMHAiLCJ4cHZfYXNzZXRfaWQiOjk5MjExNzE2OTk0MTM1MCwiYXNzZXRfYWdlX2RheXMiOjUxLCJ2aV91c2VjYXNlX2lkIjoxMDc5OSwiZHVyYXRpb25fcyI6NjQsInVybGdlbl9zb3VyY2UiOiJ3d3cifQ%3D%3D&ccb=17-1&vs=ae72669a1c12ec66&_nc_vs=HBksFQIYRWZiX2VwaGVtZXJhbC83QTRCMUIyRjRBM0UyODkyNDQyQjFBMTQwRkZCN0Q4MF9tdF8xX3ZpZGVvX2Rhc2hpbml0Lm1wNBUAAsgBEgAVAhhAZmJfcGVybWFuZW50L0Q3NDA4RUVCMEJGMTQ5MEJEMjlDNkRBNkFGM0E3RTk0X2F1ZGlvX2Rhc2hpbml0Lm1wNBUCAsgBEgAoABgAGwKIB3VzZV9vaWwBMRJwcm9ncmVzc2l2ZV9yZWNpcGUBMRUAACbMrev36JTDAxUCKAJDMywXQFA3bItDlYEYGWRhc2hfaDI2NC1iYXNpYy1nZW4yXzcyMHARAHUAZd6oAQA&_nc_gid=lDHlcd5d2Rz_mC4Xx-UwIg&_nc_ss=7f289&_nc_zt=28&oh=00_Af-DifXN3BcVP_s0skGBZmncR2punaA2rlI-dAzcpRbDIg&oe=6A462DD4,https://scontent.fblr20-2.fna.fbcdn.net/v/t39.35426-6/690357895_1057481520789061_3643651642777137520_n.jpg?_nc_cat=111&ccb=1-7&_nc_sid=c53f8f&_nc_ohc=xPmMCCQmSykQ7kNvwGdgVKX&_nc_oc=Ado87oBb4qwOcfu7iaoj59aycC3Cjx9iA1LBq1iYf6ihXOKmlGJAZLM-uPQ4jRQXI6dZ4BF_-1cWe_i4MYHKpi1A&_nc_zt=14&_nc_ht=scontent.fblr20-2.fna&_nc_gid=lDHlcd5d2Rz_mC4Xx-UwIg&_nc_ss=7f289&oh=00_Af-yGM5BV6g4fh7JoT1J40QB21s8NiOkNtBFfsl-Oj7L3A&oe=6A463B91,2026-07-02T09:22:28.000Z,2026-06-28
7,7,SpeakX,540653459131632,SpeakX - Learn to Speak English,,IN,1361741085811598,https://www.facebook.com/ads/library/?id=1361741085811598,2026-06-02,,false,false,1,0,,2026-06-02,,"10 லட்சம்+ கற்றவர்களுடன் சேர்ந்து, உங்கள் AI ஆசிரியருடன் தாராளமாக ஆங்கிலம் பேசுங்கள்",ஆங்கிலம் கற்றுக்கொண்டு தாராளமாக பேசுங்கள்,Install now,http://play.google.com/store/apps/details?id=yellowclass.kids.live,"Facebook,Instagram,Audience Network,Messenger,Threads","10 லட்சம்+ கற்றவர்களுடன் சேர்ந்து, உங்கள் AI ஆசிரியருடன் தாராளமாக ஆங்கிலம் பேசுங்கள்",ஆங்கிலம் கற்றுக்கொண்டு தாராளமாக பேசுங்கள்,Install now,http://play.google.com/store/apps/details?id=yellowclass.kids.live,Video,"Facebook,Instagram,Audience Network,Messenger,Threads",1,0,1:1,https://video.fblr20-2.fna.fbcdn.net/o1/v/t2/f2/m366/AQMZ3TV4zRtzxALiCxmf8X0ZYuN8nhan208OWWs7xhNHpob5srZ3WHmifgrOJFy9lzSb5qVeOvYiPlfCydsQMGvT7aBJMXwDVi5Ic5ROg2Fs6A.mp4?_nc_cat=104&_nc_oc=AdpE6XL53GCYoa-o9MPoXd0boUk1Bggh3x8Zu4VR3T7OkH-jObU-R-x3yG0itzyr6zyqj4vypCP1Ot-3jyi4Eha1&_nc_sid=b66105&_nc_ht=video.fblr20-2.fna.fbcdn.net&_nc_ohc=3VTsYCGI7CsQ7kNvwFKVLS7&efg=eyJ2ZW5jb2RlX3RhZyI6Inhwdl9wcm9ncmVzc2l2ZS5WSV9VU0VDQVNFX1BST0RVQ1RfVFlQRS4uQzMuNzIwLmRhc2hfaDI2NC1iYXNpYy1nZW4yXzcyMHAiLCJ4cHZfYXNzZXRfaWQiOjk4MDEwNjExODA1OTg2OCwiYXNzZXRfYWdlX2RheXMiOjI1LCJ2aV91c2VjYXNlX2lkIjoxMDEzOSwiZHVyYXRpb25fcyI6NDIsInVybGdlbl9zb3VyY2UiOiJ3d3cifQ%3D%3D&ccb=17-1&vs=3846288985e4e32c&_nc_vs=HBksFQIYRWZiX2VwaGVtZXJhbC8wMjQ4NTY3MDRCRUEwQjg1NjQxNDNGRTdGREFDMTY4Nl9tdF8xX3ZpZGVvX2Rhc2hpbml0Lm1wNBUAAsgBEgAVAhhAZmJfcGVybWFuZW50LzlCNDlDNzhGQkRFODlFNjA4MTk0OUYwNTkzNkRDM0FDX2F1ZGlvX2Rhc2hpbml0Lm1wNBUCAsgBEgAoABgAGwKIB3VzZV9vaWwBMRJwcm9ncmVzc2l2ZV9yZWNpcGUBMRUAACa43ZLQ19m9AxUCKAJDMywXQEVAAAAAAAAYGWRhc2hfaDI2NC1iYXNpYy1nZW4yXzcyMHARAHUAZbaeAQA&_nc_gid=lDHlcd5d2Rz_mC4Xx-UwIg&_nc_ss=7f289&_nc_zt=28&oh=00_Af9a2pvP5PrKASg0XVsl5k7ZjM7hes4ubKg-WoQVdcg35Q&oe=6A464018,https://scontent.fblr20-3.fna.fbcdn.net/v/t39.35426-6/714882119_973868808960749_5395033025768582210_n.jpg?_nc_cat=105&ccb=1-7&_nc_sid=c53f8f&_nc_ohc=kMTAs_n1WEMQ7kNvwEWJxgI&_nc_oc=AdrafR8OT0gguIWfu9GSh6zNamzyaGZFItULJTmZph8_BrAXZEc5F_mAma7kyVX098WJIMnddlcpRalUYAssatXh&_nc_zt=14&_nc_ht=scontent.fblr20-3.fna&_nc_gid=lDHlcd5d2Rz_mC4Xx-UwIg&_nc_ss=7f289&oh=00_Af8ROkViILGLUhiI7ic_CCHjOTQuYSwRKNZZRcQjAyKwxQ&oe=6A46565E,2026-07-02T10:40:24.000Z,2026-06-28
8,8,SpeakX,540653459131632,SpeakX - Learn to Speak English,,IN,2939848399741782,https://www.facebook.com/ads/library/?id=2939848399741782,2026-06-15,,false,false,1,0,,2026-06-15,,Ab bina ruke English bolo. Speakx AI tutor ke saath rozana practice karein.,"Learn English, Let's Talk",Install now,http://play.google.com/store/apps/details?id=yellowclass.kids.live,"Facebook,Instagram,Messenger,Threads",Ab bina ruke English bolo. Speakx AI tutor ke saath rozana practice karein.,"Learn English, Let's Talk",Install now,http://play.google.com/store/apps/details?id=yellowclass.kids.live,Video,"Facebook,Instagram,Messenger,Threads",1,0,9:16,https://video.fblr20-1.fna.fbcdn.net/o1/v/t2/f2/m366/AQMEBeWOq9UJs3GNmrzHVX-nCK__CY2oHnYmcAqCVAewNpkH-sMBpJxv1bQ9LyjTU4wAEyvWshJ3MOpCNJhbGBjWdIlkhpYfrjX5leI1a0IvlA.mp4?_nc_cat=108&_nc_oc=Adp1EHXJndt7JSOcHIb145ArZlVSFkl_U_lwNBj6s0ltpc8a4NwombXzEqXsxuCJi6tkIEL1JF6sjvd5Ev-6e2LF&_nc_sid=b66105&_nc_ht=video.fblr20-1.fna.fbcdn.net&_nc_ohc=Vz1eFhrV2-YQ7kNvwFmxwnl&efg=eyJ2ZW5jb2RlX3RhZyI6Inhwdl9wcm9ncmVzc2l2ZS5WSV9VU0VDQVNFX1BST0RVQ1RfVFlQRS4uQzMuNzIwLmRhc2hfaDI2NC1iYXNpYy1nZW4yXzcyMHAiLCJ4cHZfYXNzZXRfaWQiOjEzMjA0NjIxMDM0ODcwMjIsImFzc2V0X2FnZV9kYXlzIjoxMSwidmlfdXNlY2FzZV9pZCI6MTAxMzksImR1cmF0aW9uX3MiOjU5LCJ1cmxnZW5fc291cmNlIjoid3d3In0%3D&ccb=17-1&vs=b6301dc461773ea4&_nc_vs=HBksFQIYRWZiX2VwaGVtZXJhbC82OTQzMjgzOTRFMUIxMzFFNzI5Nzg4MTYzQUE3RTJCNF9tdF8xX3ZpZGVvX2Rhc2hpbml0Lm1wNBUAAsgBEgAVAhhAZmJfcGVybWFuZW50L0IwNEMzRjNBMzVEQ0I5NzlBNjZFOEY5Q0FDMDhGOEFBX2F1ZGlvX2Rhc2hpbml0Lm1wNBUCAsgBEgAoABgAGwKIB3VzZV9vaWwBMRJwcm9ncmVzc2l2ZV9yZWNpcGUBMRUAACbciPGpgb3YBBUCKAJDMywXQE3zMzMzMzMYGWRhc2hfaDI2NC1iYXNpYy1nZW4yXzcyMHARAHUAZbaeAQA&_nc_gid=lDHlcd5d2Rz_mC4Xx-UwIg&_nc_ss=7f289&_nc_zt=28&oh=00_Af_EiqguyrWmvvYj-v4jy1e9FZmCzqQcxV0syU4g7hIpbQ&oe=6A46417C,https://scontent.fblr20-4.fna.fbcdn.net/v/t39.35426-6/723713241_1567245515015695_2180866152235181146_n.jpg?_nc_cat=103&ccb=1-7&_nc_sid=c53f8f&_nc_ohc=lExawYnBVZcQ7kNvwHxNpEr&_nc_oc=AdqDXKSXvSb_JytByhP3WOhrxVOOsFlbEm3xSM5vamutUn3zBaS9KEabTvJW291nNaB1AI-4dcuTrxFRKtB4pER4&_nc_zt=14&_nc_ht=scontent.fblr20-4.fna&_nc_gid=lDHlcd5d2Rz_mC4Xx-UwIg&_nc_ss=7f289&oh=00_Af96PmxUVmzbz4oYlzZ77a1_hOKdpuXfJuc1Pnzk2_lqmg&oe=6A463C4C,2026-07-02T10:46:20.000Z,2026-06-28
9,9,SpeakX,540653459131632,SpeakX - Learn to Speak English,,IN,1011020231314440,https://www.facebook.com/ads/library/?id=1011020231314440,2026-06-15,,false,false,1,0,,2026-06-15,,Ab bina ruke English bolo. Speakx AI tutor ke saath rozana practice karein.,"Learn English, Let's Talk",Install now,http://play.google.com/store/apps/details?id=yellowclass.kids.live,"Facebook,Instagram,Messenger,Threads",Ab bina ruke English bolo. Speakx AI tutor ke saath rozana practice karein.,"Learn English, Let's Talk",Install now,http://play.google.com/store/apps/details?id=yellowclass.kids.live,Video,"Facebook,Instagram,Messenger,Threads",1,0,9:16,https://video.fblr20-2.fna.fbcdn.net/o1/v/t2/f2/m366/AQNUemNrpbwOeNxM9jFMYD7MFfP9Bka1kN04cz8uuftei2ZlkmynIt16hk65x6K0d1CGYUZhoIVpS51ij8-M1rxmFJoXKLZbNXyhkHvYLSwfDA.mp4?_nc_cat=111&_nc_oc=AdoinraiJeChcDKLCBJE9IwQYYVDfxuz2yb_yvH_ufRXdVyytlQOM--OY7wN08BrJMgplLwYl9dv6_DDQOk49TLr&_nc_sid=b66105&_nc_ht=video.fblr20-2.fna.fbcdn.net&_nc_ohc=eqsAfqpFn3QQ7kNvwHkZdZh&efg=eyJ2ZW5jb2RlX3RhZyI6Inhwdl9wcm9ncmVzc2l2ZS5WSV9VU0VDQVNFX1BST0RVQ1RfVFlQRS4uQzMuNzIwLmRhc2hfaDI2NC1iYXNpYy1nZW4yXzcyMHAiLCJ4cHZfYXNzZXRfaWQiOjEwMDE4NDM2NDg5MTM1MzksImFzc2V0X2FnZV9kYXlzIjoxNywidmlfdXNlY2FzZV9pZCI6MTAxMzksImR1cmF0aW9uX3MiOjYwLCJ1cmxnZW5fc291cmNlIjoid3d3In0%3D&ccb=17-1&vs=3e3cc9bc7187b239&_nc_vs=HBksFQIYRWZiX2VwaGVtZXJhbC84NzQ4MDNBRDNGMTdCMkU4NDNFNUU5REMyMDlBRDNBOF9tdF8xX3ZpZGVvX2Rhc2hpbml0Lm1wNBUAAsgBEgAVAhhAZmJfcGVybWFuZW50LzE5NEE2NEQ2QzdBQzM1REE3NURCQzNEODJCNUQxQTgwX2F1ZGlvX2Rhc2hpbml0Lm1wNBUCAsgBEgAoABgAGwKIB3VzZV9vaWwBMRJwcm9ncmVzc2l2ZV9yZWNpcGUBMRUAACaGgoPt_MrHAxUCKAJDMywXQE4RBiTdLxsYGWRhc2hfaDI2NC1iYXNpYy1nZW4yXzcyMHARAHUAZbaeAQA&_nc_gid=lDHlcd5d2Rz_mC4Xx-UwIg&_nc_ss=7f289&_nc_zt=28&oh=00_Af-1DeBZHWTQRMOicXV-05UCkaBVmrUlm7ifJtw8eRgPAQ&oe=6A4635D1,https://scontent.fblr20-2.fna.fbcdn.net/v/t39.35426-6/725592957_1336850331959431_7015706081061773347_n.jpg?_nc_cat=104&ccb=1-7&_nc_sid=c53f8f&_nc_ohc=VYFTtwScCkEQ7kNvwGg5KXT&_nc_oc=AdrYFXNA7LbRGe6TWfJBEM-xHon4-uimHeXStqRymDfuSpe26nnHI8Q2_nd_t6YpZRj0wq5s5x-BFSK5rhrWDTPU&_nc_zt=14&_nc_ht=scontent.fblr20-2.fna&_nc_gid=lDHlcd5d2Rz_mC4Xx-UwIg&_nc_ss=7f289&oh=00_Af-UgVtytQkNOnRNjg0DgOrlhZ0SLmLE66qEEbyAt5bIbw&oe=6A4657D8,2026-07-02T09:56:33.000Z,2026-06-28
10,10,SpeakX,540653459131632,SpeakX - Learn to Speak English,,IN,1507220527751466,https://www.facebook.com/ads/library/?id=1507220527751466,2026-06-01,,false,false,1,0,,2026-06-01,,ಮೂಲದಿಂದ spoken English ಕಲಿಯಿ. ದಿನಸಿ ಅಭ್ಯಾಸಕ್ಕೆ AI ಸಹಾಯ. ಕನ್ನಡಿಗರಿಗೆ ಸೂಕ್ತ.,ಇಂಗ್ಲಿಷ್ ಮಾತನಾಡಲು ಕಲಿಯಿ,Install now,http://play.google.com/store/apps/details?id=yellowclass.kids.live,"Facebook,Instagram,Messenger,Threads",ಮೂಲದಿಂದ spoken English ಕಲಿಯಿ. ದಿನಸಿ ಅಭ್ಯಾಸಕ್ಕೆ AI ಸಹಾಯ. ಕನ್ನಡಿಗರಿಗೆ ಸೂಕ್ತ.,ಇಂಗ್ಲಿಷ್ ಮಾತನಾಡಲು ಕಲಿಯಿ,Install now,http://play.google.com/store/apps/details?id=yellowclass.kids.live,Video,"Facebook,Instagram,Messenger,Threads",1,0,1:1,https://video.fblr20-3.fna.fbcdn.net/o1/v/t2/f2/m366/AQNN-R-xk6zj0wBIOIYxUKCVtw_eIrxQ1d5AAddfk6ayQZLhsMWYGJ4QvDDyA0lH6HeHJewqimsMsW-mYdjnFNg77prAOy4zu2s2wreVojIf5Q.mp4?_nc_cat=109&_nc_oc=AdpSg25VoNKb5PWq4ZO-5hm9dQChbsy4j6Z6A5xLDpaYYl_9R5LZxbF7STbTeS-8XIA92fMC1wwjC1xfKfZsEijZ&_nc_sid=b66105&_nc_ht=video.fblr20-3.fna.fbcdn.net&_nc_ohc=WV9Zu5DDQSMQ7kNvwH4Y-PQ&efg=eyJ2ZW5jb2RlX3RhZyI6Inhwdl9wcm9ncmVzc2l2ZS5WSV9VU0VDQVNFX1BST0RVQ1RfVFlQRS4uQzMuNzIwLmRhc2hfaDI2NC1iYXNpYy1nZW4yXzcyMHAiLCJ4cHZfYXNzZXRfaWQiOjk2ODc0MjQ0OTA4MzAyOSwiYXNzZXRfYWdlX2RheXMiOjM3LCJ2aV91c2VjYXNlX2lkIjoxMDEzOSwiZHVyYXRpb25fcyI6NjEsInVybGdlbl9zb3VyY2UiOiJ3d3cifQ%3D%3D&ccb=17-1&vs=e9025cbab222af3&_nc_vs=HBksFQIYRWZiX2VwaGVtZXJhbC9COTQ1RTUzQjBGNDFFNkIyMzdCMDI3QzQ5RkMyMEY5RV9tdF8xX3ZpZGVvX2Rhc2hpbml0Lm1wNBUAAsgBEgAVAhhAZmJfcGVybWFuZW50LzBBNDZCREU4RkFENzEyMUVERkRCQkU0QkRCODRGRTg2X2F1ZGlvX2Rhc2hpbml0Lm1wNBUCAsgBEgAoABgAGwKIB3VzZV9vaWwBMRJwcm9ncmVzc2l2ZV9yZWNpcGUBMRUAACaqyvPYncS4AxUCKAJDMywXQE6VP3ztkWgYGWRhc2hfaDI2NC1iYXNpYy1nZW4yXzcyMHARAHUAZbaeAQA&_nc_gid=lDHlcd5d2Rz_mC4Xx-UwIg&_nc_ss=7f289&_nc_zt=28&oh=00_Af995B47GfJQpTWCIIlUiUWAwUtbWdAYMD5dM5e1N7iGog&oe=6A464637,https://scontent.fblr20-3.fna.fbcdn.net/v/t39.35426-6/704947144_995737802904037_6849609227065221787_n.jpg?_nc_cat=100&ccb=1-7&_nc_sid=c53f8f&_nc_ohc=IoWIatY5DhcQ7kNvwEg8dhR&_nc_oc=AdreBJU1R8pgEItSvPQKkvKJeRngRR0HTeIhs9XfuiYIv4a4QzHSW8QyEfL2_tq53wZQQznkTAL70nzpq-2vSLs5&_nc_zt=14&_nc_ht=scontent.fblr20-3.fna&_nc_gid=lDHlcd5d2Rz_mC4Xx-UwIg&_nc_ss=7f289&oh=00_Af_OitX7PGLVXogMCEeSw-lQlpVktGe8NTSsJ1u9mp3Vow&oe=6A464FD4,2026-07-02T11:06:31.000Z,2026-06-28
11,11,SpeakX,540653459131632,SpeakX - Learn to Speak English,,IN,1384462390164703,https://www.facebook.com/ads/library/?id=1384462390164703,2026-06-24,,false,false,1,0,,2026-06-24,,Ab bina ruke English bolo. Speakx AI tutor ke saath rozana practice karein.,"Learn English, Let's Talk",Install now,http://play.google.com/store/apps/details?id=yellowclass.kids.live,"Facebook,Instagram,Audience Network,Messenger,Threads",Ab bina ruke English bolo. Speakx AI tutor ke saath rozana practice karein.,"Learn English, Let's Talk",Install now,http://play.google.com/store/apps/details?id=yellowclass.kids.live,Video,"Facebook,Instagram,Audience Network,Messenger,Threads",1,0,9:16,https://video.fblr20-4.fna.fbcdn.net/o1/v/t2/f2/m366/AQPv5xYWeQTADwnJ-jq5ItoK7rAv1GZ5WaVc5vITXSlHDgA5sgUn-Wmrjg73nBN2Z_DBp7ZVuN1UDQbU39BTvWEBr0CWTEfVkQkK4RwhNiNS4g.mp4?_nc_cat=106&_nc_oc=AdoQXHOcn1k4GYjyAnieP5WeG4CQWD5U1ieTLa6ZjOl0lRWL4_vKLvV1_HbhWGYQrINagF6y-QglhXSU9Igh-NR1&_nc_sid=b66105&_nc_ht=video.fblr20-4.fna.fbcdn.net&_nc_ohc=Yf1a-mPOD5IQ7kNvwGVo-0V&efg=eyJ2ZW5jb2RlX3RhZyI6Inhwdl9wcm9ncmVzc2l2ZS5WSV9VU0VDQVNFX1BST0RVQ1RfVFlQRS4uQzMuNzIwLmRhc2hfaDI2NC1iYXNpYy1nZW4yXzcyMHAiLCJ4cHZfYXNzZXRfaWQiOjIxNzE4MTg2ODAwNTcxMzksImFzc2V0X2FnZV9kYXlzIjo1LCJ2aV91c2VjYXNlX2lkIjoxMDc5OSwiZHVyYXRpb25fcyI6NTIsInVybGdlbl9zb3VyY2UiOiJ3d3cifQ%3D%3D&ccb=17-1&vs=c3f08e572b48f9bc&_nc_vs=HBksFQIYRWZiX2VwaGVtZXJhbC83QzQ4MzM4MDQ5NDQ4Q0FFMjgwODNGMjlCRjcyMUQ5Q19tdF8xX3ZpZGVvX2Rhc2hpbml0Lm1wNBUAAsgBEgAVAhhAZmJfcGVybWFuZW50LzdFNEY4MTc0NkZCMDk5NkNDNDI2MDM1NUFGNUIzOTlFX2F1ZGlvX2Rhc2hpbml0Lm1wNBUCAsgBEgAoABgAGwKIB3VzZV9vaWwBMRJwcm9ncmVzc2l2ZV9yZWNpcGUBMRUAACbm9IePvtDbBxUCKAJDMywXQEpEOVgQYk4YGWRhc2hfaDI2NC1iYXNpYy1nZW4yXzcyMHARAHUAZd6oAQA&_nc_gid=lDHlcd5d2Rz_mC4Xx-UwIg&_nc_ss=7f289&_nc_zt=28&oh=00_Af92AVYzBtrnZHygwB6ECDoaYtvTVKQDiLsn2GumFQ17Sg&oe=6A46429E,https://scontent.fblr20-1.fna.fbcdn.net/v/t39.35426-6/730515844_1748620456488765_728183599267283285_n.jpg?_nc_cat=108&ccb=1-7&_nc_sid=c53f8f&_nc_ohc=lE_XmMtB7EkQ7kNvwHPgZBA&_nc_oc=AdqjROkCi1aQGpiNacOiXylHAPNBbJXO6OI5aGmpgBxdMZ4BGSM1PR22JfHceDBXF7d1Vq1VFaQ5rh6TV7gUB0cI&_nc_zt=14&_nc_ht=scontent.fblr20-1.fna&_nc_gid=lDHlcd5d2Rz_mC4Xx-UwIg&_nc_ss=7f289&oh=00_Af-isJ9Q9Stim5qWIWq2vx_ZU7bG_TTpd-SUlmVDGeB7tg&oe=6A464228,2026-07-02T10:51:10.000Z,2026-06-28
12,12,SpeakX,540653459131632,SpeakX - Learn to Speak English,,IN,1306104707759795,https://www.facebook.com/ads/library/?id=1306104707759795,2026-06-01,,false,false,1,0,,2026-06-01,,"10 லட்சம்+ கற்றவர்களுடன் சேர்ந்து, உங்கள் AI ஆசிரியருடன் தாராளமாக ஆங்கிலம் பேசுங்கள்",ஆங்கிலம் கற்றுக்கொண்டு தாராளமாக பேசுங்கள்,Install now,http://play.google.com/store/apps/details?id=yellowclass.kids.live,"Facebook,Instagram,Audience Network,Messenger,Threads","10 லட்சம்+ கற்றவர்களுடன் சேர்ந்து, உங்கள் AI ஆசிரியருடன் தாராளமாக ஆங்கிலம் பேசுங்கள்",ஆங்கிலம் கற்றுக்கொண்டு தாராளமாக பேசுங்கள்,Install now,http://play.google.com/store/apps/details?id=yellowclass.kids.live,Video,"Facebook,Instagram,Audience Network,Messenger,Threads",1,0,1:1,https://video.fblr20-5.fna.fbcdn.net/o1/v/t2/f2/m366/AQOsKCnvEcpJzAijy7g2a6eQQlpfsu4-WS08m1_Pt5bSSmTrkb6T_fhHhRN8PmtVcDlaSS3sflMeaGJm49EJFepwM-jVbe1iogc62DAmjtjgKA.mp4?_nc_cat=107&_nc_oc=Adpkoc82q6hbtXSEQDe1V-ObQl2B3uC-iZcY3ykfuVxsbzz84Iv8O0rWRfNkzo-4H6kCv8wtVZ8GvgDZ8p3xclmI&_nc_sid=b66105&_nc_ht=video.fblr20-5.fna.fbcdn.net&_nc_ohc=hIfCnHZQzkcQ7kNvwHwBdGm&efg=eyJ2ZW5jb2RlX3RhZyI6Inhwdl9wcm9ncmVzc2l2ZS5WSV9VU0VDQVNFX1BST0RVQ1RfVFlQRS4uQzMuNzIwLmRhc2hfaDI2NC1iYXNpYy1nZW4yXzcyMHAiLCJ4cHZfYXNzZXRfaWQiOjI2MTM3NzY1MDc1ODc0ODAwLCJhc3NldF9hZ2VfZGF5cyI6OTQsInZpX3VzZWNhc2VfaWQiOjEwNzk5LCJkdXJhdGlvbl9zIjo0OCwidXJsZ2VuX3NvdXJjZSI6Ind3dyJ9&ccb=17-1&vs=6fb2250b2fc8eb6e&_nc_vs=HBksFQIYRWZiX2VwaGVtZXJhbC9BQjQ3QjRCNjY1RkM3NjQ3RUExRjRENDlBRjlFNzI5RF9tdF8xX3ZpZGVvX2Rhc2hpbml0Lm1wNBUAAsgBEgAVAhhAZmJfcGVybWFuZW50LzZGNDUyQzMxMTgwMTczOUZFODRFMEM1Q0I2Nzc2RUFEX2F1ZGlvX2Rhc2hpbml0Lm1wNBUCAsgBEgAoABgAGwKIB3VzZV9vaWwBMRJwcm9ncmVzc2l2ZV9yZWNpcGUBMRUAACbgz4-plYruXBUCKAJDMywXQEhVP3ztkWgYGWRhc2hfaDI2NC1iYXNpYy1nZW4yXzcyMHARAHUAZd6oAQA&_nc_gid=lDHlcd5d2Rz_mC4Xx-UwIg&_nc_ss=7f289&_nc_zt=28&oh=00_Af8slVHUUVLWzsirr9gvkl7zP5AASEY9W7EB6e2GkEKaYA&oe=6A4629A5,https://scontent.fblr20-4.fna.fbcdn.net/v/t39.35426-6/656853256_2142961363170890_3102843825588105487_n.jpg?_nc_cat=106&ccb=1-7&_nc_sid=c53f8f&_nc_ohc=Kh0QkMyCbrcQ7kNvwFdAua2&_nc_oc=AdoMkWSzWR-Y8K301M4acYowpeaeeZSKqGV9InGkSibnLP2n0ix3M9CQxorXyZB48wqCa9t2omZY7qN3_V0EX-P_&_nc_zt=14&_nc_ht=scontent.fblr20-4.fna&_nc_gid=lDHlcd5d2Rz_mC4Xx-UwIg&_nc_ss=7f289&oh=00_Af9Gpo64veqNxqaiQJJMB0qcstRPtGL0G_Np33lNPdBzTg&oe=6A46271E,2026-07-02T09:04:37.000Z,2026-06-28
13,13,SpeakX,540653459131632,SpeakX - Learn to Speak English,,IN,1333380855312442,https://www.facebook.com/ads/library/?id=1333380855312442,2026-05-15,,false,false,1,0,,2026-05-15,,"पड़ोस वाली दीदी को नौकरी मिल गई... 👀 और आप सोच रही हैं — ""काश मुझे भी English आती।"" 💭

वो काश अब हकीकत बन सकता है — सिर्फ 15 मिनट रोज़ और ₹2 की शुरुआत से। 🎯

🌟 बिजी हाउसवाइव्स के लिए बेस्ट:
⏳ सिर्फ 15 मिनट: आपके रोज़ के शेड्यूल में आसानी से फिट होने वाले छोटे लेसन्स।
🤫 100% प्राइवेट: अकेले में बिना किसी झिझक या डर के इंग्लिश बोलने की प्रैक्टिस करें।
🏆 मेडल और रिवॉर्ड्स: पढ़ाई को बोरिंग नहीं, बल्कि गेम जैसा मज़ेदार बनाया गया है।
Presenting Speakx — आपका अपना AI English Coach",SpeakX - ऑनलाइन इंग्लिश बोलना सीखें,Install now,http://play.google.com/store/apps/details?id=yellowclass.kids.live,"Facebook,Instagram","पड़ोस वाली दीदी को नौकरी मिल गई... 👀 और आप सोच रही हैं — ""काश मुझे भी English आती।"" 💭

वो काश अब हकीकत बन सकता है — सिर्फ 15 मिनट रोज़ और ₹2 की शुरुआत से। 🎯

🌟 बिजी हाउसवाइव्स के लिए बेस्ट:
⏳ सिर्फ 15 मिनट: आपके रोज़ के शेड्यूल में आसानी से फिट होने वाले छोटे लेसन्स।
🤫 100% प्राइवेट: अकेले में बिना किसी झिझक या डर के इंग्लिश बोलने की प्रैक्टिस करें।
🏆 मेडल और रिवॉर्ड्स: पढ़ाई को बोरिंग नहीं, बल्कि गेम जैसा मज़ेदार बनाया गया है।
Presenting Speakx — आपका अपना AI English Coach",SpeakX - ऑनलाइन इंग्लिश बोलना सीखें,Install now,http://play.google.com/store/apps/details?id=yellowclass.kids.live,Video,"Facebook,Instagram",1,0,9:16,https://video.fblr20-4.fna.fbcdn.net/o1/v/t2/f2/m366/AQM3xZtaEO1BkW0giTx0ol4Ewd0vPF2TKm9Euak2Uwr1RFr1wQCT5O7FH98Rhn_1kJqZzO3_R0umybIYwSJ2ixkYyP4FEBU3kPVa8nkTocWjLg.mp4?_nc_cat=101&_nc_oc=AdrOaNgIn_w4ft-Xc57jPrDeHfoKwlumuqnEg0Z3BZews3Dk-0524z281JBF85S2ItOM9bdxlpwlSnpe8n91Qn6Q&_nc_sid=b66105&_nc_ht=video.fblr20-4.fna.fbcdn.net&_nc_ohc=sRys6q8d7bYQ7kNvwEMeYYX&efg=eyJ2ZW5jb2RlX3RhZyI6Inhwdl9wcm9ncmVzc2l2ZS5WSV9VU0VDQVNFX1BST0RVQ1RfVFlQRS4uQzMuNzIwLmRhc2hfaDI2NC1iYXNpYy1nZW4yXzcyMHAiLCJ4cHZfYXNzZXRfaWQiOjIxOTU4OTYxNTc2MTY3MzMsImFzc2V0X2FnZV9kYXlzIjo0MiwidmlfdXNlY2FzZV9pZCI6MTA3OTksImR1cmF0aW9uX3MiOjM0LCJ1cmxnZW5fc291cmNlIjoid3d3In0%3D&ccb=17-1&vs=936ca005496daf1b&_nc_vs=HBksFQIYRWZiX2VwaGVtZXJhbC8wRTQyMUE2MkYxMzAyQkI3NjcyNDYxQjY1REQ3NzBBMV9tdF8xX3ZpZGVvX2Rhc2hpbml0Lm1wNBUAAsgBEgAVAhhAZmJfcGVybWFuZW50LzgxNDAwRkM1Q0E2NEZFNURCOTk5NzcwNTg0NTNCQThCX2F1ZGlvX2Rhc2hpbml0Lm1wNBUCAsgBEgAoABgAGwKIB3VzZV9vaWwBMRJwcm9ncmVzc2l2ZV9yZWNpcGUBMRUAACa66YGn_cnmBxUCKAJDMywXQEEqn752yLQYGWRhc2hfaDI2NC1iYXNpYy1nZW4yXzcyMHARAHUAZd6oAQA&_nc_gid=lDHlcd5d2Rz_mC4Xx-UwIg&_nc_ss=7f289&_nc_zt=28&oh=00_Af_4_sOtUsg3bNcdEHxhowT3VWJAa-4F_aZWkx5F7zJ3ww&oe=6A464713,https://scontent.fblr20-4.fna.fbcdn.net/v/t39.35426-6/699595378_811450558480645_6448933120094336866_n.jpg?_nc_cat=101&ccb=1-7&_nc_sid=c53f8f&_nc_ohc=SBBCSd-1nyIQ7kNvwHOrcJM&_nc_oc=AdoU2efnoo5aP5s4WBr6ZDB9IM02GGgYIv2MXe5yu8htDao6SRAnlaKjB4yI3eCqxnoGHXZsLrqGMj0Ge5z1eO4l&_nc_zt=14&_nc_ht=scontent.fblr20-4.fna&_nc_gid=lDHlcd5d2Rz_mC4Xx-UwIg&_nc_ss=7f289&oh=00_Af_LO6wy5cqOMv9lAocZ2CVLpUDPtBbUiRfEin52re866g&oe=6A465833,2026-07-02T11:10:11.000Z,2026-06-28
14,14,SpeakX,540653459131632,SpeakX - Learn to Speak English,,IN,2504659850014715,https://www.facebook.com/ads/library/?id=2504659850014715,2026-05-23,,false,false,1,0,,2026-05-23,,"🚨 क्या आपको भी कॉलेज प्लेसमेंट इंटरव्यू से डर लगता है? 🚨

पढ़ाई में आप बेस्ट हैं, लेकिन जब बात HR राउंड या ग्रुप डिस्कशन की आती है, तो क्या आपके शब्द कम पड़ जाते हैं? 😨 खराब इंग्लिश की वजह से अपने सपनों की नौकरी को हाथ से मत जाने दीजिए!

मिलिए SpeakX से—आपका पर्सनल AI स्पोकन इंग्लिश कोच। 🤖💬
🗣️ 24/7 मॉक इंटरव्यू की प्रैक्टिस करें
🙅‍♂️ कोई मज़ाक नहीं उड़ाएगा, कोई हिचकिचाहट नहीं
🚀 कॉर्पोरेट लेवल का कॉन्फिडेंस पाएं तुरंत

अपनी तैयारी आज ही शुरू करें सिर्फ ₹2 में! 🪙👇
📲 फ्लूएंट इंग्लिश बोलने के लिए नीचे दिए गए 'Install Now' बटन पर क्लिक करें!",SpeakX - ऑनलाइन इंग्लिश बोलना सीखें,Install now,http://play.google.com/store/apps/details?id=yellowclass.kids.live,"Facebook,Instagram","🚨 क्या आपको भी कॉलेज प्लेसमेंट इंटरव्यू से डर लगता है? 🚨

पढ़ाई में आप बेस्ट हैं, लेकिन जब बात HR राउंड या ग्रुप डिस्कशन की आती है, तो क्या आपके शब्द कम पड़ जाते हैं? 😨 खराब इंग्लिश की वजह से अपने सपनों की नौकरी को हाथ से मत जाने दीजिए!

मिलिए SpeakX से—आपका पर्सनल AI स्पोकन इंग्लिश कोच। 🤖💬
🗣️ 24/7 मॉक इंटरव्यू की प्रैक्टिस करें
🙅‍♂️ कोई मज़ाक नहीं उड़ाएगा, कोई हिचकिचाहट नहीं
🚀 कॉर्पोरेट लेवल का कॉन्फिडेंस पाएं तुरंत

अपनी तैयारी आज ही शुरू करें सिर्फ ₹2 में! 🪙👇
📲 फ्लूएंट इंग्लिश बोलने के लिए नीचे दिए गए 'Install Now' बटन पर क्लिक करें!",SpeakX - ऑनलाइन इंग्लिश बोलना सीखें,Install now,http://play.google.com/store/apps/details?id=yellowclass.kids.live,Video,"Facebook,Instagram",1,0,9:16,https://video.fblr20-2.fna.fbcdn.net/o1/v/t2/f2/m366/AQOLR7TZEUMPcWJFJzej9gtOPZndVqiOXSYsL484PfRXlNXnHDzC1mDaZVH1h7pJkv1OUbZKk5TCVTd50_vAnMjJ__3-VJu2sZkBePEN5kXWWA.mp4?_nc_cat=111&_nc_oc=AdqkfJmXPvpS6EKSnuFHcZlTZYx7zgwOc8AlBrnjNd2Glt-36BngGnO4GEClhWPhqbPA6TMUSex-miAYhB8S4GAZ&_nc_sid=b66105&_nc_ht=video.fblr20-2.fna.fbcdn.net&_nc_ohc=JXdz_WAdRIQQ7kNvwEBG0aa&efg=eyJ2ZW5jb2RlX3RhZyI6Inhwdl9wcm9ncmVzc2l2ZS5WSV9VU0VDQVNFX1BST0RVQ1RfVFlQRS4uQzMuNzIwLmRhc2hfaDI2NC1iYXNpYy1nZW4yXzcyMHAiLCJ4cHZfYXNzZXRfaWQiOjE0NjQyNDA4NzUwMDgzNDgsImFzc2V0X2FnZV9kYXlzIjozNCwidmlfdXNlY2FzZV9pZCI6MTA3OTksImR1cmF0aW9uX3MiOjI5LCJ1cmxnZW5fc291cmNlIjoid3d3In0%3D&ccb=17-1&vs=6c6eec9b2a005701&_nc_vs=HBksFQIYRWZiX2VwaGVtZXJhbC9BMjQ2RTU3NTJGNTlDMEEwRjRCRkM1QjNGNjkwODJBNV9tdF8xX3ZpZGVvX2Rhc2hpbml0Lm1wNBUAAsgBEgAVAhhAZmJfcGVybWFuZW50LzEyNDU4MERGMzg3MkU2QjQ4QjA2MkRFNzEyQzJEM0JCX2F1ZGlvX2Rhc2hpbml0Lm1wNBUCAsgBEgAoABgAGwKIB3VzZV9vaWwBMRJwcm9ncmVzc2l2ZV9yZWNpcGUBMRUAACa4xcPThO6ZBRUCKAJDMywXQD0qfvnbItEYGWRhc2hfaDI2NC1iYXNpYy1nZW4yXzcyMHARAHUAZd6oAQA&_nc_gid=lDHlcd5d2Rz_mC4Xx-UwIg&_nc_ss=7f289&_nc_zt=28&oh=00_Af8nduwSWHFO6ps6Gu4auX4loDbTPbwKemazbShaZ3DAww&oe=6A463AB1,https://scontent.fblr20-4.fna.fbcdn.net/v/t39.35426-6/705502132_966196309563393_502777738999587131_n.jpg?_nc_cat=103&ccb=1-7&_nc_sid=c53f8f&_nc_ohc=ys_z3PteVTkQ7kNvwEtj8mj&_nc_oc=AdrItM4Ay_NGWO40zgRIIyHrza3IdccVKD4o64ivT28TQ0SPyYhMxkGT1AImH8i8EvEbBewdm79R3N4Ld6AxX_Kg&_nc_zt=14&_nc_ht=scontent.fblr20-4.fna&_nc_gid=lDHlcd5d2Rz_mC4Xx-UwIg&_nc_ss=7f289&oh=00_Af84MT1JgkGbx63CuAXrMV-PwT0ktJ6kgEVyMneiTjOvWQ&oe=6A463AFE,2026-07-02T10:17:21.000Z,2026-06-28
15,15,SpeakX,540653459131632,SpeakX - Learn to Speak English,,IN,1029162966150456,https://www.facebook.com/ads/library/?id=1029162966150456,2026-06-15,,false,false,1,0,,2026-06-15,,Ab bina ruke English bolo. Speakx AI tutor ke saath rozana practice karein.,"Learn English, Let's Talk",Install now,http://play.google.com/store/apps/details?id=yellowclass.kids.live,"Facebook,Instagram,Messenger,Threads",Ab bina ruke English bolo. Speakx AI tutor ke saath rozana practice karein.,"Learn English, Let's Talk",Install now,http://play.google.com/store/apps/details?id=yellowclass.kids.live,Video,"Facebook,Instagram,Messenger,Threads",1,0,9:16,https://video.fblr20-5.fna.fbcdn.net/o1/v/t2/f2/m366/AQPpkP9JC8CrY9_1BCJ5Pc34YEZCdUgO6USRVNPxa-DnuEShspfm9vpQgMrEk-_ZEAlkdd9kfaJShU07-cEU4mr0DiAH0sAfwkhWIe_0s57uqg.mp4?_nc_cat=107&_nc_oc=AdpdPEPW4xwioV-mECLafClIlLJ8BtHjRyVc2y8AD-kWpXFRvK2z0DDJJsQIUbFIfXAQ5C-ZkBHbrzwr5I5gje6o&_nc_sid=b66105&_nc_ht=video.fblr20-5.fna.fbcdn.net&_nc_ohc=YJ0gCNDAHiQQ7kNvwH0lpnD&efg=eyJ2ZW5jb2RlX3RhZyI6Inhwdl9wcm9ncmVzc2l2ZS5WSV9VU0VDQVNFX1BST0RVQ1RfVFlQRS4uQzMuNzIwLmRhc2hfaDI2NC1iYXNpYy1nZW4yXzcyMHAiLCJ4cHZfYXNzZXRfaWQiOjIwMDk2ODI0MTcwODY5ODQsImFzc2V0X2FnZV9kYXlzIjoxNywidmlfdXNlY2FzZV9pZCI6MTAxMzksImR1cmF0aW9uX3MiOjU0LCJ1cmxnZW5fc291cmNlIjoid3d3In0%3D&ccb=17-1&vs=af11f03bf74999b4&_nc_vs=HBksFQIYRWZiX2VwaGVtZXJhbC8zQjQ4QkIxNkI5Qzk1MEE5MDNCRDI1REQ1N0QyODk4RF9tdF8xX3ZpZGVvX2Rhc2hpbml0Lm1wNBUAAsgBEgAVAhhAZmJfcGVybWFuZW50LzdGNDhDQzVBQzVFOTVFNTM2RjU0RDlGOUI4N0IwNDk2X2F1ZGlvX2Rhc2hpbml0Lm1wNBUCAsgBEgAoABgAGwKIB3VzZV9vaWwBMRJwcm9ncmVzc2l2ZV9yZWNpcGUBMRUAACaQyKfp9PKRBxUCKAJDMywXQEtIcrAgxJwYGWRhc2hfaDI2NC1iYXNpYy1nZW4yXzcyMHARAHUAZbaeAQA&_nc_gid=lDHlcd5d2Rz_mC4Xx-UwIg&_nc_ss=7f289&_nc_zt=28&oh=00_Af-3FvbJQPzsCzIIpIotra4mTsLqUDIBgbKHs1l6KzP6XQ&oe=6A4634A5,https://scontent.fblr20-5.fna.fbcdn.net/v/t39.35426-6/723118626_982664581262825_6665739922319738643_n.jpg?_nc_cat=107&ccb=1-7&_nc_sid=c53f8f&_nc_ohc=KaVLB0bgPe8Q7kNvwEmPyMI&_nc_oc=AdomEUVt3MvfIOL3NTR5zx98IFX6ESGvD1g9UQQFxoSEGaSj6ZHPSI9iAhv9dhH7KRV0C71POoG8Ic0RiJcCWgMn&_nc_zt=14&_nc_ht=scontent.fblr20-5.fna&_nc_gid=lDHlcd5d2Rz_mC4Xx-UwIg&_nc_ss=7f289&oh=00_Af9VnWdpmxxfbbNr09GTC98DeyRxdPUx6Y1FfZY7I_1MJw&oe=6A4640A7,2026-07-02T09:51:33.000Z,2026-06-28
16,16,SpeakX,540653459131632,SpeakX - Learn to Speak English,,IN,2245758992828721,https://www.facebook.com/ads/library/?id=2245758992828721,2026-06-01,,false,false,1,0,,2026-06-01,,English speaking made easy with SpeakX App,Spoken English course,Install now,http://play.google.com/store/apps/details?id=yellowclass.kids.live,"Facebook,Instagram,Messenger,Threads",English speaking made easy with SpeakX App,Spoken English course,Install now,http://play.google.com/store/apps/details?id=yellowclass.kids.live,Video,"Facebook,Instagram,Messenger,Threads",1,0,1:1,https://video.fblr20-3.fna.fbcdn.net/o1/v/t2/f2/m366/AQNAcKrMIdpyWkXlaeBRqtVdIFkiShLgfofN2fcFlfIJlLQfnd0opG7C7MBMEoMYnc-Pf3khZnOnLnkd_1sl8S-NojjV0YOL1YZIoLherWirbQ.mp4?_nc_cat=109&_nc_oc=Adon-HbFfZybGrDiPxABenepv42Sru7x1abJgRqV1EnMe4poKOWI2Kd5X63G_2ZiZ9qZBdgY3sQ6mYJ8TTP1RmMl&_nc_sid=b66105&_nc_ht=video.fblr20-3.fna.fbcdn.net&_nc_ohc=stvmKvTQbKMQ7kNvwEK-xSO&efg=eyJ2ZW5jb2RlX3RhZyI6Inhwdl9wcm9ncmVzc2l2ZS5WSV9VU0VDQVNFX1BST0RVQ1RfVFlQRS4uQzMuNzIwLmRhc2hfaDI2NC1iYXNpYy1nZW4yXzcyMHAiLCJ4cHZfYXNzZXRfaWQiOjIxMzA5MTI3Njc3NTE2MjAsImFzc2V0X2FnZV9kYXlzIjozNywidmlfdXNlY2FzZV9pZCI6MTAxMzksImR1cmF0aW9uX3MiOjY1LCJ1cmxnZW5fc291cmNlIjoid3d3In0%3D&ccb=17-1&vs=7265930b57ad1a4&_nc_vs=HBksFQIYRWZiX2VwaGVtZXJhbC9DMTQyQTk1RkY4RTdFRURCNTE5Mjk3MTkyOTA2N0U5Rl9tdF8xX3ZpZGVvX2Rhc2hpbml0Lm1wNBUAAsgBEgAVAhhAZmJfcGVybWFuZW50LzUzNEFBMzRDRUI0RDM2MkQ4NjE0ODM2NEE3MkMzQzgxX2F1ZGlvX2Rhc2hpbml0Lm1wNBUCAsgBEgAoABgAGwKIB3VzZV9vaWwBMRJwcm9ncmVzc2l2ZV9yZWNpcGUBMRUAACaI142puYPJBxUCKAJDMywXQFBEKPXCj1wYGWRhc2hfaDI2NC1iYXNpYy1nZW4yXzcyMHARAHUAZbaeAQA&_nc_gid=lDHlcd5d2Rz_mC4Xx-UwIg&_nc_ss=7f289&_nc_zt=28&oh=00_Af80PnOTfFUHK_7ZI7PQ4lRucjhiJlvbRqLJFcQV9iKTzQ&oe=6A4657B7,https://scontent.fblr20-4.fna.fbcdn.net/v/t39.35426-6/702851075_4427905454089704_8724270985688988486_n.jpg?_nc_cat=103&ccb=1-7&_nc_sid=c53f8f&_nc_ohc=Y2SPNybXA4cQ7kNvwHMCido&_nc_oc=AdqrgTG8mabZZRLykoXDJudR9MyygVUB2hZEazQzGcLBP2iBc9ekcK346Di3cZ-1kdiu0dzxoHfF0OKDJ-oNWtAa&_nc_zt=14&_nc_ht=scontent.fblr20-4.fna&_nc_gid=lDHlcd5d2Rz_mC4Xx-UwIg&_nc_ss=7f289&oh=00_Af_COM6nv0X5iUoBd7msdOgwMKoFsjOsoydk1rrbjSSs3g&oe=6A463814,2026-07-02T12:21:11.000Z,2026-06-28
17,17,SpeakX,540653459131632,SpeakX - Learn to Speak English,,IN,1519722763280163,https://www.facebook.com/ads/library/?id=1519722763280163,2026-06-15,,false,false,1,0,,2026-06-15,,"10 லட்சம்+ கற்றவர்களுடன் சேர்ந்து, உங்கள் AI ஆசிரியருடன் தாராளமாக ஆங்கிலம் பேசுங்கள்",ஆங்கிலம் கற்றுக்கொண்டு தாராளமாக பேசுங்கள்,Install now,http://play.google.com/store/apps/details?id=yellowclass.kids.live,"Facebook,Instagram,Audience Network,Messenger,Threads","10 லட்சம்+ கற்றவர்களுடன் சேர்ந்து, உங்கள் AI ஆசிரியருடன் தாராளமாக ஆங்கிலம் பேசுங்கள்",ஆங்கிலம் கற்றுக்கொண்டு தாராளமாக பேசுங்கள்,Install now,http://play.google.com/store/apps/details?id=yellowclass.kids.live,Video,"Facebook,Instagram,Audience Network,Messenger,Threads",1,0,1:1,https://video.fblr20-1.fna.fbcdn.net/o1/v/t2/f2/m366/AQMKCvqqIm7LsM5AAur8ViGmPnUolQ7b-XmiFujoo6g4YlX0J0uKqHQOp__z3GY9fRbdigBnapBLAL-2GjFZw-746cjQc5Cz5Hx_dRJL-uv4eA.mp4?_nc_cat=110&_nc_oc=Adqu_JbP0VEscCBA6b5eZEVNzNaLVMw43UgLqjHJz_86dhPDt3VtH1Qfu30HxL9_RHW6HQEqS-xKG_8euaveGVJQ&_nc_sid=b66105&_nc_ht=video.fblr20-1.fna.fbcdn.net&_nc_ohc=BrRgIgNtOnYQ7kNvwGOgTZX&efg=eyJ2ZW5jb2RlX3RhZyI6Inhwdl9wcm9ncmVzc2l2ZS5WSV9VU0VDQVNFX1BST0RVQ1RfVFlQRS4uQzMuNzIwLmRhc2hfaDI2NC1iYXNpYy1nZW4yXzcyMHAiLCJ4cHZfYXNzZXRfaWQiOjE0MTYyNzAwNTM1OTUzNTAsImFzc2V0X2FnZV9kYXlzIjoxMSwidmlfdXNlY2FzZV9pZCI6MTAxMzksImR1cmF0aW9uX3MiOjkxLCJ1cmxnZW5fc291cmNlIjoid3d3In0%3D&ccb=17-1&vs=b1175a862364a799&_nc_vs=HBksFQIYRWZiX2VwaGVtZXJhbC80NjQ2QzE3Q0I1MTdGMEFDRDkxMzFCN0QxQkMxQkFBQ19tdF8xX3ZpZGVvX2Rhc2hpbml0Lm1wNBUAAsgBEgAVAhhAZmJfcGVybWFuZW50LzVGNDAxQ0I2MTg3Mzk1RjJBNDUyMkVGQTMwMUNCRUFGX2F1ZGlvX2Rhc2hpbml0Lm1wNBUCAsgBEgAoABgAGwKIB3VzZV9vaWwBMRJwcm9ncmVzc2l2ZV9yZWNpcGUBMRUAACas45qX4oWEBRUCKAJDMywXQFbbItDlYEIYGWRhc2hfaDI2NC1iYXNpYy1nZW4yXzcyMHARAHUAZbaeAQA&_nc_gid=lDHlcd5d2Rz_mC4Xx-UwIg&_nc_ss=7f289&_nc_zt=28&oh=00_Af9g8rkf-7IY1nmLZoLsxiUkrRIolFWbowtzlx_AU8SSVg&oe=6A4659BE,https://scontent.fblr20-1.fna.fbcdn.net/v/t39.35426-6/719755798_27212054608448159_4508067675803659737_n.jpg?_nc_cat=110&ccb=1-7&_nc_sid=c53f8f&_nc_ohc=mNC1TMBuRZMQ7kNvwEuByPn&_nc_oc=AdqfOSsbUcM7P7e-1hqodtZJb3b8OggaTK4i-Eqq9EkzTjtxGNZLSRxYFJsviQ800OcF3CxUOFxx_272aQwGN_K9&_nc_zt=14&_nc_ht=scontent.fblr20-1.fna&_nc_gid=lDHlcd5d2Rz_mC4Xx-UwIg&_nc_ss=7f289&oh=00_Af-BwN89Hee_nLXTc53Ciy4jSowDMe5-5_tUsVBRVuIFbA&oe=6A46594F,2026-07-02T12:29:50.000Z,2026-06-28
18,18,SpeakX,540653459131632,SpeakX - Learn to Speak English,,IN,842042471990963,https://www.facebook.com/ads/library/?id=842042471990963,2026-06-15,,false,false,1,0,,2026-06-15,,"10 லட்சம்+ கற்றவர்களுடன் சேர்ந்து, உங்கள் AI ஆசிரியருடன் தாராளமாக ஆங்கிலம் பேசுங்கள்",ஆங்கிலம் கற்றுக்கொண்டு தாராளமாக பேசுங்கள்,Install now,http://play.google.com/store/apps/details?id=yellowclass.kids.live,"Facebook,Instagram,Audience Network,Messenger,Threads","10 லட்சம்+ கற்றவர்களுடன் சேர்ந்து, உங்கள் AI ஆசிரியருடன் தாராளமாக ஆங்கிலம் பேசுங்கள்",ஆங்கிலம் கற்றுக்கொண்டு தாராளமாக பேசுங்கள்,Install now,http://play.google.com/store/apps/details?id=yellowclass.kids.live,Video,"Facebook,Instagram,Audience Network,Messenger,Threads",1,0,1:1,https://video.fblr20-2.fna.fbcdn.net/o1/v/t2/f2/m366/AQMI3Yz2hPm1WxGShkshvvMZA7T-mFhwf_8F6ddoDH1L6P117Yz1w7yo3jFPQcdGZtBUaG4JJdx4RzWcNP-45IsCDhcqjvd8iS7MdF2X-mEqvQ.mp4?_nc_cat=111&_nc_oc=AdrfdowFDQwYloo5neDRi8WtdYkL0t2UqSDFZdi78jugx2xCuqyPvjK8abDpW-Wmd1O3QLGqnzzXMGatadJk3CmW&_nc_sid=b66105&_nc_ht=video.fblr20-2.fna.fbcdn.net&_nc_ohc=1jbixEbBkgoQ7kNvwHLm9n3&efg=eyJ2ZW5jb2RlX3RhZyI6Inhwdl9wcm9ncmVzc2l2ZS5WSV9VU0VDQVNFX1BST0RVQ1RfVFlQRS4uQzMuNzIwLmRhc2hfaDI2NC1iYXNpYy1nZW4yXzcyMHAiLCJ4cHZfYXNzZXRfaWQiOjEzNzEwODIyNTE1NTM4NDMsImFzc2V0X2FnZV9kYXlzIjoxMSwidmlfdXNlY2FzZV9pZCI6MTAxMzksImR1cmF0aW9uX3MiOjc2LCJ1cmxnZW5fc291cmNlIjoid3d3In0%3D&ccb=17-1&vs=47d735548455215&_nc_vs=HBksFQIYRWZiX2VwaGVtZXJhbC9CMTQ2RDhDMTYzRTMyRTgyRjhDN0EwQTAzNzU3RDM4OV9tdF8xX3ZpZGVvX2Rhc2hpbml0Lm1wNBUAAsgBEgAVAhhAZmJfcGVybWFuZW50L0NDNDFEQ0EzMDhCNUZDRDBBMjAxNDRERDU5MjkyQjlCX2F1ZGlvX2Rhc2hpbml0Lm1wNBUCAsgBEgAoABgAGwKIB3VzZV9vaWwBMRJwcm9ncmVzc2l2ZV9yZWNpcGUBMRUAACbmsP7ovr_vBBUCKAJDMywXQFMXjU_fO2QYGWRhc2hfaDI2NC1iYXNpYy1nZW4yXzcyMHARAHUAZbaeAQA&_nc_gid=lDHlcd5d2Rz_mC4Xx-UwIg&_nc_ss=7f289&_nc_zt=28&oh=00_Af9xhYJSasYAuGJ2nAEo20P2lN8CFgLXUqeq0foc_DmJEg&oe=6A465B35,https://scontent.fblr20-1.fna.fbcdn.net/v/t39.35426-6/723843865_1316786320050320_5393838168922019081_n.jpg?_nc_cat=110&ccb=1-7&_nc_sid=c53f8f&_nc_ohc=Nd2sBTHT-jgQ7kNvwFY-5Nx&_nc_oc=AdpuHjMLEvF6gs4L1feYTQS52wMNAqP5ViC2ScHMFFBZpp_qNIoHTkmVEPdw6wO3dfHbxvDkmImXYC_-p2TYW5r1&_nc_zt=14&_nc_ht=scontent.fblr20-1.fna&_nc_gid=lDHlcd5d2Rz_mC4Xx-UwIg&_nc_ss=7f289&oh=00_Af-HXJuGGgSrT75pu3PaJYP9SDd7IXgcHIhNMTVN_9UIEA&oe=6A465419,2026-07-02T12:36:05.000Z,2026-06-28
19,19,SpeakX,540653459131632,SpeakX - Learn to Speak English,,IN,1541795334197554,https://www.facebook.com/ads/library/?id=1541795334197554,2026-06-02,,false,false,1,0,,2026-06-02,,SpeakX ആപ്പിൽ ആത്മവിശ്വാസത്തോടെ ഇംഗ്ലീഷ് സംസാരിക്കുക. വ്യക്തിഗത AI അധ്യാപകൻ ലഭിക്കും.,സുഗമമായി ഇംഗ്ലീഷ് സംസാരിക്കുക,Install now,http://play.google.com/store/apps/details?id=yellowclass.kids.live,"Facebook,Instagram,Audience Network,Messenger,Threads",SpeakX ആപ്പിൽ ആത്മവിശ്വാസത്തോടെ ഇംഗ്ലീഷ് സംസാരിക്കുക. വ്യക്തിഗത AI അധ്യാപകൻ ലഭിക്കും.,സുഗമമായി ഇംഗ്ലീഷ് സംസാരിക്കുക,Install now,http://play.google.com/store/apps/details?id=yellowclass.kids.live,Video,"Facebook,Instagram,Audience Network,Messenger,Threads",1,0,1:1,https://video.fblr20-3.fna.fbcdn.net/o1/v/t2/f2/m366/AQPZmaHbmv4yrl2zR58qALt-y1MZMkcVjnIpMeCOyeRpOz64bJsDZXCOpm4i79rwRf4AmhlEdvmVkOdMwhmV3FLw4O3rJtmXztcXl2dp9iMNGw.mp4?_nc_cat=109&_nc_oc=AdotR7zEyKaq5Lqv3aJoj-Csfg-jS2qga1IiWwQSQqKCJ7IQo9sOYorIatBLBvuWXQ1NFSVzlQiI6ZTD-C9er8ax&_nc_sid=b66105&_nc_ht=video.fblr20-3.fna.fbcdn.net&_nc_ohc=Uy8wn6Tx6xMQ7kNvwFJGh3j&efg=eyJ2ZW5jb2RlX3RhZyI6Inhwdl9wcm9ncmVzc2l2ZS5WSV9VU0VDQVNFX1BST0RVQ1RfVFlQRS4uQzMuNzIwLmRhc2hfaDI2NC1iYXNpYy1nZW4yXzcyMHAiLCJ4cHZfYXNzZXRfaWQiOjMzMzY3MDQyMTMxNTc0OTIsImFzc2V0X2FnZV9kYXlzIjoyNCwidmlfdXNlY2FzZV9pZCI6MTAxMzksImR1cmF0aW9uX3MiOjUyLCJ1cmxnZW5fc291cmNlIjoid3d3In0%3D&ccb=17-1&vs=ffbbf9466debabb3&_nc_vs=HBksFQIYRWZiX2VwaGVtZXJhbC8xRjQ4Q0YzNUQzOTZFNDc2NEM5MDQ2MTYzNEZBODc5N19tdF8xX3ZpZGVvX2Rhc2hpbml0Lm1wNBUAAsgBEgAVAhhAZmJfcGVybWFuZW50L0QxNEU2RDc0QzI3Mzc3MjI2M0E4OTBDNTM0NDI2MzhFX2F1ZGlvX2Rhc2hpbml0Lm1wNBUCAsgBEgAoABgAGwKIB3VzZV9vaWwBMRJwcm9ncmVzc2l2ZV9yZWNpcGUBMRUAACbomcTV363tCxUCKAJDMywXQEoZmZmZmZoYGWRhc2hfaDI2NC1iYXNpYy1nZW4yXzcyMHARAHUAZbaeAQA&_nc_gid=lDHlcd5d2Rz_mC4Xx-UwIg&_nc_ss=7f289&_nc_zt=28&oh=00_Af_OOJE2_vOQyoEHSMOE_nmFm1eoJtiI0kIDBf6B2DMqlg&oe=6A4627BB,https://scontent.fblr20-5.fna.fbcdn.net/v/t39.35426-6/713725421_854968694322045_1683077623191420392_n.jpg?_nc_cat=107&ccb=1-7&_nc_sid=c53f8f&_nc_ohc=YFv6X-y2G3EQ7kNvwGV06_J&_nc_oc=Adqmp-VLMWEdtLO91Q9Z2XLjs1LxxFDk3q42DDHDmFv428SM4CQrSSU1SQOAdW12bUFa-YrHguumaKag-WnnOVEF&_nc_zt=14&_nc_ht=scontent.fblr20-5.fna&_nc_gid=lDHlcd5d2Rz_mC4Xx-UwIg&_nc_ss=7f289&oh=00_Af_B_Xqa3-DcR9mn78EWEEjysJDhtl90W-3P1jj2-O_MZA&oe=6A463D71,2026-07-02T08:56:27.000Z,2026-06-28
20,20,SpeakX,540653459131632,SpeakX - Learn to Speak English,,IN,1646829209907293,https://www.facebook.com/ads/library/?id=1646829209907293,2026-05-23,,false,false,1,0,,2026-05-23,,"🚨 क्या आपको भी कॉलेज प्लेसमेंट इंटरव्यू से डर लगता है? 🚨

पढ़ाई में आप बेस्ट हैं, लेकिन जब बात HR राउंड या ग्रुप डिस्कशन की आती है, तो क्या आपके शब्द कम पड़ जाते हैं? 😨 खराब इंग्लिश की वजह से अपने सपनों की नौकरी को हाथ से मत जाने दीजिए!

मिलिए SpeakX से—आपका पर्सनल AI स्पोकन इंग्लिश कोच। 🤖💬
🗣️ 24/7 मॉक इंटरव्यू की प्रैक्टिस करें
🙅‍♂️ कोई मज़ाक नहीं उड़ाएगा, कोई हिचकिचाहट नहीं
🚀 कॉर्पोरेट लेवल का कॉन्फिडेंस पाएं तुरंत

अपनी तैयारी आज ही शुरू करें सिर्फ ₹2 में! 🪙👇
📲 फ्लूएंट इंग्लिश बोलने के लिए नीचे दिए गए 'Install Now' बटन पर क्लिक करें!",SpeakX - ऑनलाइन इंग्लिश बोलना सीखें,Install now,http://play.google.com/store/apps/details?id=yellowclass.kids.live,"Facebook,Instagram","🚨 क्या आपको भी कॉलेज प्लेसमेंट इंटरव्यू से डर लगता है? 🚨

पढ़ाई में आप बेस्ट हैं, लेकिन जब बात HR राउंड या ग्रुप डिस्कशन की आती है, तो क्या आपके शब्द कम पड़ जाते हैं? 😨 खराब इंग्लिश की वजह से अपने सपनों की नौकरी को हाथ से मत जाने दीजिए!

मिलिए SpeakX से—आपका पर्सनल AI स्पोकन इंग्लिश कोच। 🤖💬
🗣️ 24/7 मॉक इंटरव्यू की प्रैक्टिस करें
🙅‍♂️ कोई मज़ाक नहीं उड़ाएगा, कोई हिचकिचाहट नहीं
🚀 कॉर्पोरेट लेवल का कॉन्फिडेंस पाएं तुरंत

अपनी तैयारी आज ही शुरू करें सिर्फ ₹2 में! 🪙👇
📲 फ्लूएंट इंग्लिश बोलने के लिए नीचे दिए गए 'Install Now' बटन पर क्लिक करें!",SpeakX - ऑनलाइन इंग्लिश बोलना सीखें,Install now,http://play.google.com/store/apps/details?id=yellowclass.kids.live,Video,"Facebook,Instagram",1,0,9:16,https://video.fblr20-3.fna.fbcdn.net/o1/v/t2/f2/m366/AQOZgOYOYsiTfU_xQIR12bsMZ9m0L7BGmb9iiZMaD8RK8TJu_JhymKf8GXhsC6eftruDoRhlIhVg5wbauvM6YEpC2c4nSvqPyuVimgnTQ9Qbhw.mp4?_nc_cat=109&_nc_oc=AdpcVaoip70pK7NiLKM2af34yLJa5p4Y69LqyG-K-DMTIUlUOX7-Jiy_m3dW9Sn2nicbObpa1wFZO7pL4rFN2s8q&_nc_sid=b66105&_nc_ht=video.fblr20-3.fna.fbcdn.net&_nc_ohc=h49W_pTeE1kQ7kNvwGPgPnk&efg=eyJ2ZW5jb2RlX3RhZyI6Inhwdl9wcm9ncmVzc2l2ZS5WSV9VU0VDQVNFX1BST0RVQ1RfVFlQRS4uQzMuNzIwLmRhc2hfaDI2NC1iYXNpYy1nZW4yXzcyMHAiLCJ4cHZfYXNzZXRfaWQiOjM0MDM2OTk4OTMxNDAzODQsImFzc2V0X2FnZV9kYXlzIjozNCwidmlfdXNlY2FzZV9pZCI6MTA3OTksImR1cmF0aW9uX3MiOjI5LCJ1cmxnZW5fc291cmNlIjoid3d3In0%3D&ccb=17-1&vs=b8a4224d92aeab33&_nc_vs=HBksFQIYRWZiX2VwaGVtZXJhbC84RjRCNzI5MTFENzA5MEFERTU3MDA0QUM3ODgwQUU4Rl9tdF8xX3ZpZGVvX2Rhc2hpbml0Lm1wNBUAAsgBEgAVAhhAZmJfcGVybWFuZW50LzQyNDgwMjlCM0FBMzk2QTNERUNEMTMzQUIzMERFMDgyX2F1ZGlvX2Rhc2hpbml0Lm1wNBUCAsgBEgAoABgAGwKIB3VzZV9vaWwBMRJwcm9ncmVzc2l2ZV9yZWNpcGUBMRUAACbA7uuwtOmLDBUCKAJDMywXQD09cKPXCj0YGWRhc2hfaDI2NC1iYXNpYy1nZW4yXzcyMHARAHUAZd6oAQA&_nc_gid=lDHlcd5d2Rz_mC4Xx-UwIg&_nc_ss=7f289&_nc_zt=28&oh=00_Af-sF9Xky-dnw_pKMqPka-br10-gbbH4UvGahrUCIVeX4w&oe=6A46362F,https://scontent.fblr20-3.fna.fbcdn.net/v/t39.35426-6/706397067_1666716721144194_800540893552332384_n.jpg?_nc_cat=109&ccb=1-7&_nc_sid=c53f8f&_nc_ohc=dvfXtVh3G_IQ7kNvwFSrU81&_nc_oc=AdpCLp_Q5xdYY6kB8FG6AXZBIvVfNResSJUiTIMJ7gOAk1nv_koLzySXDvAUd_Gc8cxeOxpDQGpm0xODFF2C3CcT&_nc_zt=14&_nc_ht=scontent.fblr20-3.fna&_nc_gid=lDHlcd5d2Rz_mC4Xx-UwIg&_nc_ss=7f289&oh=00_Af9fPaTX6L0J2d9dn2SsuitEOLzNLK3RYuFsk2a95JnXyQ&oe=6A462743,2026-07-02T09:58:07.000Z,2026-06-28
21,21,SpeakX,540653459131632,SpeakX - Learn to Speak English,,IN,1656371092252840,https://www.facebook.com/ads/library/?id=1656371092252840,2026-06-01,,false,false,1,0,,2026-06-01,,English speaking made easy with SpeakX App,Spoken English course,Install now,http://play.google.com/store/apps/details?id=yellowclass.kids.live,"Facebook,Instagram,Messenger,Threads",English speaking made easy with SpeakX App,Spoken English course,Install now,http://play.google.com/store/apps/details?id=yellowclass.kids.live,Video,"Facebook,Instagram,Messenger,Threads",1,0,1:1,https://video.fblr20-3.fna.fbcdn.net/o1/v/t2/f2/m366/AQPfpzRELj65Do19nM0Igs7QdXU8I9qYG1S7YNAySZfEvJtkCMI5E8D_yswLvSVyupxMD-mOO2wG6o5XLXeRRHjUmW74nycXUR7r06KwSm9u_Q.mp4?_nc_cat=105&_nc_oc=Adqz6dGN_mdKE5JhOuHVzVpQmAJEQLclJDfPWu2xQcIFXi8zgHQG9TJaBTomzYeXFM8QfAcCRxiNeiwnUd1Y4yQJ&_nc_sid=b66105&_nc_ht=video.fblr20-3.fna.fbcdn.net&_nc_ohc=AGiCS5tzRgsQ7kNvwEgNAFD&efg=eyJ2ZW5jb2RlX3RhZyI6Inhwdl9wcm9ncmVzc2l2ZS5WSV9VU0VDQVNFX1BST0RVQ1RfVFlQRS4uQzMuNzIwLmRhc2hfaDI2NC1iYXNpYy1nZW4yXzcyMHAiLCJ4cHZfYXNzZXRfaWQiOjI5MzY3NDIyNzk4NjUzMDksImFzc2V0X2FnZV9kYXlzIjo1MSwidmlfdXNlY2FzZV9pZCI6MTA3OTksImR1cmF0aW9uX3MiOjY4LCJ1cmxnZW5fc291cmNlIjoid3d3In0%3D&ccb=17-1&vs=cbe5eb3c1f931792&_nc_vs=HBksFQIYRWZiX2VwaGVtZXJhbC8yMTQ5RkJGM0E3MDQ0MEQ5NzdDODFDQTM3NzVCMTNCNl9tdF8xX3ZpZGVvX2Rhc2hpbml0Lm1wNBUAAsgBEgAVAhhAZmJfcGVybWFuZW50Lzc2NEU0RTU1MjkwQURFMDNCN0ZERUJCMTI5MjFFMjlCX2F1ZGlvX2Rhc2hpbml0Lm1wNBUCAsgBEgAoABgAGwKIB3VzZV9vaWwBMRJwcm9ncmVzc2l2ZV9yZWNpcGUBMRUAACa6j5uG87y3ChUCKAJDMywXQFECHKwIMScYGWRhc2hfaDI2NC1iYXNpYy1nZW4yXzcyMHARAHUAZd6oAQA&_nc_gid=lDHlcd5d2Rz_mC4Xx-UwIg&_nc_ss=7f289&_nc_zt=28&oh=00_Af9k4zL1o5TkcMwETW79KH5gLpyI7bE0WzYLxPfT1bUiPw&oe=6A464B23,https://scontent.fblr20-3.fna.fbcdn.net/v/t39.35426-6/688819815_1294885848736127_3146670909317033734_n.jpg?_nc_cat=100&ccb=1-7&_nc_sid=c53f8f&_nc_ohc=_j2rwKkyGUQQ7kNvwEKgS5i&_nc_oc=AdqWadq8DDlA-7x3sczyj-kyC8lvXbmHfnjRVnQWK5DlyYd5Rpbo7ekYlB2-Bn8hr7lraDy0__i2AVkQyOwWW409&_nc_zt=14&_nc_ht=scontent.fblr20-3.fna&_nc_gid=lDHlcd5d2Rz_mC4Xx-UwIg&_nc_ss=7f289&oh=00_Af-AcZR93os7_-tz_CDTFSCaqFSp4iz7_qvey_lpeBrXtg&oe=6A465433,2026-07-02T11:27:31.000Z,2026-06-28
22,22,SpeakX,540653459131632,SpeakX - Learn to Speak English,,IN,878992604485262,https://www.facebook.com/ads/library/?id=878992604485262,2026-06-01,,false,false,1,0,,2026-06-01,,ಮೂಲದಿಂದ spoken English ಕಲಿಯಿ. ದಿನಸಿ ಅಭ್ಯಾಸಕ್ಕೆ AI ಸಹಾಯ. ಕನ್ನಡಿಗರಿಗೆ ಸೂಕ್ತ.,ಇಂಗ್ಲಿಷ್ ಮಾತನಾಡಲು ಕಲಿಯಿ,Install now,http://play.google.com/store/apps/details?id=yellowclass.kids.live,"Facebook,Instagram,Messenger,Threads",ಮೂಲದಿಂದ spoken English ಕಲಿಯಿ. ದಿನಸಿ ಅಭ್ಯಾಸಕ್ಕೆ AI ಸಹಾಯ. ಕನ್ನಡಿಗರಿಗೆ ಸೂಕ್ತ.,ಇಂಗ್ಲಿಷ್ ಮಾತನಾಡಲು ಕಲಿಯಿ,Install now,http://play.google.com/store/apps/details?id=yellowclass.kids.live,Video,"Facebook,Instagram,Messenger,Threads",1,0,1:1,https://video.fblr20-4.fna.fbcdn.net/o1/v/t2/f2/m366/AQOZUFUbznjMKDlnUZbPuhjThaEE5KmCKREaFT9CxAeAdb8oR8-4iATX3Da76-KZAAa46kuBbl2z5IgpKmmBDWODtuWPtBx_COKyBLgNwAV7qA.mp4?_nc_cat=103&_nc_oc=Ado-dc0ChbzXG4Xdh3N8SQGYe7IKWejI_2rjtCVR6BmqvF2zaSL8AOt2aKWMCMI3IvoqwT2UYFJnRC-VXLTftz1N&_nc_sid=b66105&_nc_ht=video.fblr20-4.fna.fbcdn.net&_nc_ohc=bbAQcYUiBeoQ7kNvwF6Cnzg&efg=eyJ2ZW5jb2RlX3RhZyI6Inhwdl9wcm9ncmVzc2l2ZS5WSV9VU0VDQVNFX1BST0RVQ1RfVFlQRS4uQzMuNzIwLmRhc2hfaDI2NC1iYXNpYy1nZW4yXzcyMHAiLCJ4cHZfYXNzZXRfaWQiOjExMDU4OTcxMDkyNzQ3NDYsImFzc2V0X2FnZV9kYXlzIjozNiwidmlfdXNlY2FzZV9pZCI6MTAxMzksImR1cmF0aW9uX3MiOjUxLCJ1cmxnZW5fc291cmNlIjoid3d3In0%3D&ccb=17-1&vs=35979a1671084d36&_nc_vs=HBksFQIYRWZiX2VwaGVtZXJhbC8zRTRBNzcxRjFFRkZDMjY2NkM3MUQxNzAyNDBFRUY5Ql9tdF8xX3ZpZGVvX2Rhc2hpbml0Lm1wNBUAAsgBEgAVAhhAZmJfcGVybWFuZW50LzhDNDVBOUNFMUM0RUU0NzI3RjAwN0RDQUZEODExMkI0X2F1ZGlvX2Rhc2hpbml0Lm1wNBUCAsgBEgAoABgAGwKIB3VzZV9vaWwBMRJwcm9ncmVzc2l2ZV9yZWNpcGUBMRUAACb0gdrF1_P2AxUCKAJDMywXQEmIcrAgxJwYGWRhc2hfaDI2NC1iYXNpYy1nZW4yXzcyMHARAHUAZbaeAQA&_nc_gid=lDHlcd5d2Rz_mC4Xx-UwIg&_nc_ss=7f289&_nc_zt=28&oh=00_Af8TwyRI_G47SpPyPPfqALuRbCV2FXzpZc2cmumgfe3Evw&oe=6A465BED,https://scontent.fblr20-2.fna.fbcdn.net/v/t39.35426-6/705018740_982379304198049_1742431857313401644_n.jpg?_nc_cat=111&ccb=1-7&_nc_sid=c53f8f&_nc_ohc=zyXDc1y1JGkQ7kNvwHf_i4O&_nc_oc=Adr1AyLyyH59XlmJjJw_B0ETCD0AKhviZ2d7fj8PBuiAuHyV1tTmfSgDLUADJ3sZ4RDltiJh3-Ld2rdfI8ShTGNJ&_nc_zt=14&_nc_ht=scontent.fblr20-2.fna&_nc_gid=lDHlcd5d2Rz_mC4Xx-UwIg&_nc_ss=7f289&oh=00_Af8UqnQDkyNxHAusVHNgVtRMumZly4IBaBIfgd8hjkINVg&oe=6A463911,2026-07-02T12:39:09.000Z,2026-06-28
23,23,SpeakX,540653459131632,SpeakX - Learn to Speak English,,IN,1760213275136486,https://www.facebook.com/ads/library/?id=1760213275136486,2026-06-24,,false,false,1,0,,2026-06-24,,Ab bina ruke English bolo. Speakx AI tutor ke saath rozana practice karein.,"Learn English, Let's Talk",Install now,http://play.google.com/store/apps/details?id=yellowclass.kids.live,"Facebook,Instagram,Messenger,Threads",Ab bina ruke English bolo. Speakx AI tutor ke saath rozana practice karein.,"Learn English, Let's Talk",Install now,http://play.google.com/store/apps/details?id=yellowclass.kids.live,Video,"Facebook,Instagram,Messenger,Threads",1,0,9:16,https://video.fblr20-1.fna.fbcdn.net/o1/v/t2/f2/m366/AQMEBeWOq9UJs3GNmrzHVX-nCK__CY2oHnYmcAqCVAewNpkH-sMBpJxv1bQ9LyjTU4wAEyvWshJ3MOpCNJhbGBjWdIlkhpYfrjX5leI1a0IvlA.mp4?_nc_cat=108&_nc_oc=Adp1EHXJndt7JSOcHIb145ArZlVSFkl_U_lwNBj6s0ltpc8a4NwombXzEqXsxuCJi6tkIEL1JF6sjvd5Ev-6e2LF&_nc_sid=b66105&_nc_ht=video.fblr20-1.fna.fbcdn.net&_nc_ohc=Vz1eFhrV2-YQ7kNvwFmxwnl&efg=eyJ2ZW5jb2RlX3RhZyI6Inhwdl9wcm9ncmVzc2l2ZS5WSV9VU0VDQVNFX1BST0RVQ1RfVFlQRS4uQzMuNzIwLmRhc2hfaDI2NC1iYXNpYy1nZW4yXzcyMHAiLCJ4cHZfYXNzZXRfaWQiOjEzMjA0NjIxMDM0ODcwMjIsImFzc2V0X2FnZV9kYXlzIjoxMSwidmlfdXNlY2FzZV9pZCI6MTAxMzksImR1cmF0aW9uX3MiOjU5LCJ1cmxnZW5fc291cmNlIjoid3d3In0%3D&ccb=17-1&vs=b6301dc461773ea4&_nc_vs=HBksFQIYRWZiX2VwaGVtZXJhbC82OTQzMjgzOTRFMUIxMzFFNzI5Nzg4MTYzQUE3RTJCNF9tdF8xX3ZpZGVvX2Rhc2hpbml0Lm1wNBUAAsgBEgAVAhhAZmJfcGVybWFuZW50L0IwNEMzRjNBMzVEQ0I5NzlBNjZFOEY5Q0FDMDhGOEFBX2F1ZGlvX2Rhc2hpbml0Lm1wNBUCAsgBEgAoABgAGwKIB3VzZV9vaWwBMRJwcm9ncmVzc2l2ZV9yZWNpcGUBMRUAACbciPGpgb3YBBUCKAJDMywXQE3zMzMzMzMYGWRhc2hfaDI2NC1iYXNpYy1nZW4yXzcyMHARAHUAZbaeAQA&_nc_gid=lDHlcd5d2Rz_mC4Xx-UwIg&_nc_ss=7f289&_nc_zt=28&oh=00_Af_EiqguyrWmvvYj-v4jy1e9FZmCzqQcxV0syU4g7hIpbQ&oe=6A46417C,https://scontent.fblr20-4.fna.fbcdn.net/v/t39.35426-6/729467025_1558732312698444_65786494752921025_n.jpg?_nc_cat=103&ccb=1-7&_nc_sid=c53f8f&_nc_ohc=HqfreepoQ48Q7kNvwHkROmk&_nc_oc=Adp5qf_NV82XRNuyw5oATyppAq846LqHkfsA5Q7-baMMgeS7ppfjn996P5adWOaxvqllBs4jW7sAu7fpRjsjV9A6&_nc_zt=14&_nc_ht=scontent.fblr20-4.fna&_nc_gid=lDHlcd5d2Rz_mC4Xx-UwIg&_nc_ss=7f289&oh=00_Af9hqvsxFfhUHm8q7C5LH8NEJ1izo3syeuU4TE2lrG3njA&oe=6A463D65,2026-07-02T10:46:20.000Z,2026-06-28
24,24,SpeakX,540653459131632,SpeakX - Learn to Speak English,,IN,1631437637912562,https://www.facebook.com/ads/library/?id=1631437637912562,2026-06-01,,false,false,1,0,,2026-06-01,,Ab bina ruke English bolo. Speakx AI tutor ke saath rozana practice karein.,"Learn English, Let's Talk",Install now,http://play.google.com/store/apps/details?id=yellowclass.kids.live,"Facebook,Instagram",Ab bina ruke English bolo. Speakx AI tutor ke saath rozana practice karein.,"Learn English, Let's Talk",Install now,http://play.google.com/store/apps/details?id=yellowclass.kids.live,Video,"Facebook,Instagram",1,0,1:1,https://video.fblr20-3.fna.fbcdn.net/o1/v/t2/f2/m366/AQMR7DbQtjVrpvCdd8HCyirVvZZPZY0CLNjfaylknOemqsP8PQCBD_BJTqrgmOc7jXkj5_9j4_TLlYXUlzLQOnJOf7u9c3u4RMGclg_b3dLz-Q.mp4?_nc_cat=105&_nc_oc=AdrRgucMZHaC5eT5fIK_fb0amy39h0uHy57Ih0NsAdellTvXjSsoEnz6Y-wLu-QOxKemhzuuR7Qc34s-9qndS7X9&_nc_sid=b66105&_nc_ht=video.fblr20-3.fna.fbcdn.net&_nc_ohc=RqZA5pKnD4UQ7kNvwFs0ju3&efg=eyJ2ZW5jb2RlX3RhZyI6Inhwdl9wcm9ncmVzc2l2ZS5WSV9VU0VDQVNFX1BST0RVQ1RfVFlQRS4uQzMuNzIwLmRhc2hfaDI2NC1iYXNpYy1nZW4yXzcyMHAiLCJ4cHZfYXNzZXRfaWQiOjk3NzY5MDUxNDk3NDQzMCwiYXNzZXRfYWdlX2RheXMiOjMxLCJ2aV91c2VjYXNlX2lkIjoxMDc5OSwiZHVyYXRpb25fcyI6MzUsInVybGdlbl9zb3VyY2UiOiJ3d3cifQ%3D%3D&ccb=17-1&vs=d6d1dc26bca44f07&_nc_vs=HBksFQIYRWZiX2VwaGVtZXJhbC84MjQ2RTcwOTgzNDI4REU4QTUzNkFDRTU0QTM4RjY4MF9tdF8xX3ZpZGVvX2Rhc2hpbml0Lm1wNBUAAsgBEgAVAhhAZmJfcGVybWFuZW50LzE4NEJCMTcyODM4RDIyOTlFMDVCQ0NCMjFFMjlBNzlDX2F1ZGlvX2Rhc2hpbml0Lm1wNBUCAsgBEgAoABgAGwKIB3VzZV9vaWwBMRJwcm9ncmVzc2l2ZV9yZWNpcGUBMRUAACa8m8P9ic28AxUCKAJDMywXQEHVP3ztkWgYGWRhc2hfaDI2NC1iYXNpYy1nZW4yXzcyMHARAHUAZd6oAQA&_nc_gid=lDHlcd5d2Rz_mC4Xx-UwIg&_nc_ss=7f289&_nc_zt=28&oh=00_Af-gf8sscPTW-NLFb30WRA68EP59nBTY2gvqZ_KWNDEGYw&oe=6A46381B,https://scontent.fblr20-3.fna.fbcdn.net/v/t39.35426-6/711618792_2450005872091331_2361578603735662245_n.jpg?_nc_cat=100&ccb=1-7&_nc_sid=c53f8f&_nc_ohc=Ix0zAYVGjkMQ7kNvwGud8MP&_nc_oc=AdrFWF0TVv_g-MtAY8TU2n2fp2i1iRUqS2wnwHD2yAozWgT5WhaPjyczpQt09F6xARhp07HaDyjN-BBfB4oqXnbE&_nc_zt=14&_nc_ht=scontent.fblr20-3.fna&_nc_gid=lDHlcd5d2Rz_mC4Xx-UwIg&_nc_ss=7f289&oh=00_Af8VALtXyvtK09dldCjsWhjSaFHZR6K42tGdEdykUqMIjA&oe=6A4631ED,2026-07-02T10:06:19.000Z,2026-06-28
25,25,SpeakX,540653459131632,SpeakX - Learn to Speak English,,IN,1573736987697228,https://www.facebook.com/ads/library/?id=1573736987697228,2026-06-01,,false,false,1,0,,2026-06-01,,ಮೂಲದಿಂದ spoken English ಕಲಿಯಿ. ದಿನಸಿ ಅಭ್ಯಾಸಕ್ಕೆ AI ಸಹಾಯ. ಕನ್ನಡಿಗರಿಗೆ ಸೂಕ್ತ.,ಇಂಗ್ಲಿಷ್ ಮಾತನಾಡಲು ಕಲಿಯಿ,Install now,http://play.google.com/store/apps/details?id=yellowclass.kids.live,"Facebook,Instagram,Messenger,Threads",ಮೂಲದಿಂದ spoken English ಕಲಿಯಿ. ದಿನಸಿ ಅಭ್ಯಾಸಕ್ಕೆ AI ಸಹಾಯ. ಕನ್ನಡಿಗರಿಗೆ ಸೂಕ್ತ.,ಇಂಗ್ಲಿಷ್ ಮಾತನಾಡಲು ಕಲಿಯಿ,Install now,http://play.google.com/store/apps/details?id=yellowclass.kids.live,Video,"Facebook,Instagram,Messenger,Threads",1,0,1:1,https://video.fblr20-1.fna.fbcdn.net/o1/v/t2/f2/m366/AQNrwwQt3RhIS5iGemd6SPGhBt2UA9ZgFdK8gaY-fzU8mSbgKWCfjWrB2bCZIF2hS1l-gd0OzN_DW0PAlYf8msjkHQV0A61NXgxd9DjiNaKf1g.mp4?_nc_cat=108&_nc_oc=Adpn-xH-3fx94LKbccqbeN1iiB1AgHlFWems_cwv-Ppvf4xoILPz8xdbNMA0hMwWhXEzayhkri3dYIQ8GrNU7a9h&_nc_sid=b66105&_nc_ht=video.fblr20-1.fna.fbcdn.net&_nc_ohc=6siEiKkVEQIQ7kNvwHErKJx&efg=eyJ2ZW5jb2RlX3RhZyI6Inhwdl9wcm9ncmVzc2l2ZS5WSV9VU0VDQVNFX1BST0RVQ1RfVFlQRS4uQzMuNzIwLmRhc2hfaDI2NC1iYXNpYy1nZW4yXzcyMHAiLCJ4cHZfYXNzZXRfaWQiOjE2Njc2NTMxNDc2ODU4MjgsImFzc2V0X2FnZV9kYXlzIjozNywidmlfdXNlY2FzZV9pZCI6MTAxMzksImR1cmF0aW9uX3MiOjU5LCJ1cmxnZW5fc291cmNlIjoid3d3In0%3D&ccb=17-1&vs=c751fb3b63108059&_nc_vs=HBksFQIYRWZiX2VwaGVtZXJhbC83MDRCMTA4QUVBNDA2MTQyN0YyNDIxNjRGOTNENjA5OV9tdF8xX3ZpZGVvX2Rhc2hpbml0Lm1wNBUAAsgBEgAVAhhAZmJfcGVybWFuZW50L0Y1NEFENkIzRTQ0OEMxRjlGQzE5MUE4NTYwMTE1QzgxX2F1ZGlvX2Rhc2hpbml0Lm1wNBUCAsgBEgAoABgAGwKIB3VzZV9vaWwBMRJwcm9ncmVzc2l2ZV9yZWNpcGUBMRUAACaIz8-XmK72BRUCKAJDMywXQE2RBiTdLxsYGWRhc2hfaDI2NC1iYXNpYy1nZW4yXzcyMHARAHUAZbaeAQA&_nc_gid=lDHlcd5d2Rz_mC4Xx-UwIg&_nc_ss=7f289&_nc_zt=28&oh=00_Af_T_yTooSP5AA7kSAHuJN3kKdSM7Z5xmxrRFttlh6e-Zw&oe=6A462BCC,https://scontent.fblr20-2.fna.fbcdn.net/v/t39.35426-6/705663035_1323722526369680_8809970552841287371_n.jpg?_nc_cat=102&ccb=1-7&_nc_sid=c53f8f&_nc_ohc=DItN19nK4N0Q7kNvwFQsgzk&_nc_oc=AdpwNQRE9qC_lRoU36ed-YVZ15XWq52yMqWm8msi6iYxwi-dFHDXptdkHbx6mqTnqhe2fCstWfnSLiFBNN8Uz9La&_nc_zt=14&_nc_ht=scontent.fblr20-2.fna&_nc_gid=lDHlcd5d2Rz_mC4Xx-UwIg&_nc_ss=7f289&oh=00_Af8GL_SPrYha6q604EzHMOLl6Y7bnxzfjTU9in_ARayJNQ&oe=6A463084,2026-07-02T09:13:48.000Z,2026-06-28
26,26,SpeakX,540653459131632,SpeakX - Learn to Speak English,,IN,4080095702285014,https://www.facebook.com/ads/library/?id=4080095702285014,2026-06-15,,false,false,1,0,,2026-06-15,,"10 லட்சம்+ கற்றவர்களுடன் சேர்ந்து, உங்கள் AI ஆசிரியருடன் தாராளமாக ஆங்கிலம் பேசுங்கள்",ஆங்கிலம் கற்றுக்கொண்டு தாராளமாக பேசுங்கள்,Install now,http://play.google.com/store/apps/details?id=yellowclass.kids.live,"Facebook,Instagram,Audience Network,Messenger,Threads","10 லட்சம்+ கற்றவர்களுடன் சேர்ந்து, உங்கள் AI ஆசிரியருடன் தாராளமாக ஆங்கிலம் பேசுங்கள்",ஆங்கிலம் கற்றுக்கொண்டு தாராளமாக பேசுங்கள்,Install now,http://play.google.com/store/apps/details?id=yellowclass.kids.live,Video,"Facebook,Instagram,Audience Network,Messenger,Threads",1,0,1:1,https://video.fblr20-4.fna.fbcdn.net/o1/v/t2/f2/m366/AQM843QDkPEkSW9GpFWki260j_LpQzT2G-_OY4wYurndNBkfs5QotXeBGxpuxmC3qdU-4yHF5BpKN4rknfLSp0NuCJGpX1KQdUPxgXszrjw4qA.mp4?_nc_cat=101&_nc_oc=Adrsh_KSYzhKa_3jI4A6u67AvDJ53uDOmycesou49pAg8YN_coLyAdzfxET_TjTPhMQx9C5aqRjEDM4tXop7Bt0W&_nc_sid=b66105&_nc_ht=video.fblr20-4.fna.fbcdn.net&_nc_ohc=90hiC-RKeewQ7kNvwEQYJbR&efg=eyJ2ZW5jb2RlX3RhZyI6Inhwdl9wcm9ncmVzc2l2ZS5WSV9VU0VDQVNFX1BST0RVQ1RfVFlQRS4uQzMuNzIwLmRhc2hfaDI2NC1iYXNpYy1nZW4yXzcyMHAiLCJ4cHZfYXNzZXRfaWQiOjg5ODg2MzgyMzIzNjQ4OCwiYXNzZXRfYWdlX2RheXMiOjExLCJ2aV91c2VjYXNlX2lkIjoxMDEzOSwiZHVyYXRpb25fcyI6ODIsInVybGdlbl9zb3VyY2UiOiJ3d3cifQ%3D%3D&ccb=17-1&vs=2aeec939538af7e9&_nc_vs=HBksFQIYRWZiX2VwaGVtZXJhbC9CMDRFNTE0Q0U1QzlGRUQ1OTZFOURDNEJBRTg3RjQ5Nl9tdF8xX3ZpZGVvX2Rhc2hpbml0Lm1wNBUAAsgBEgAVAhhAZmJfcGVybWFuZW50LzFGNDUwMUY0REY1MEQxMTQ3QTkxNDUzQzIwODhBNjlEX2F1ZGlvX2Rhc2hpbml0Lm1wNBUCAsgBEgAoABgAGwKIB3VzZV9vaWwBMRJwcm9ncmVzc2l2ZV9yZWNpcGUBMRUAACaQtpWu4eCYAxUCKAJDMywXQFS6n752yLQYGWRhc2hfaDI2NC1iYXNpYy1nZW4yXzcyMHARAHUAZbaeAQA&_nc_gid=lDHlcd5d2Rz_mC4Xx-UwIg&_nc_ss=7f289&_nc_zt=28&oh=00_Af8nWZ8fVGejGaJQH-FABdjtKZoL660UNDMl4yCkjvApbg&oe=6A46310F,https://scontent.fblr20-1.fna.fbcdn.net/v/t39.35426-6/725518563_1729658588037059_7547674689415095804_n.jpg?_nc_cat=110&ccb=1-7&_nc_sid=c53f8f&_nc_ohc=5tYtCG9cH5QQ7kNvwFYAQqD&_nc_oc=Adp6XylG97L0ZJnnxqfVVk5mG8jRtmAjBVvHZxCUue7E_GLme1R_dHbQTSaVlj1DlXsnNyIz6koZEmTAttwEwVtp&_nc_zt=14&_nc_ht=scontent.fblr20-1.fna&_nc_gid=lDHlcd5d2Rz_mC4Xx-UwIg&_nc_ss=7f289&oh=00_Af90AUkrVnuZWzeShx_NyU3jgsF9LXSGQtSA-QcLxtZzEg&oe=6A465879,2026-07-02T09:36:15.000Z,2026-06-28
27,27,SpeakX,540653459131632,SpeakX - Learn to Speak English,,IN,1962115631098937,https://www.facebook.com/ads/library/?id=1962115631098937,2026-06-22,,false,false,1,0,,2026-06-22,,Ab bina ruke English bolo. Speakx AI tutor ke saath rozana practice karein.,"Learn English, Let's Talk",Install now,http://play.google.com/store/apps/details?id=yellowclass.kids.live,"Facebook,Instagram,Audience Network,Messenger,Threads",Ab bina ruke English bolo. Speakx AI tutor ke saath rozana practice karein.,"Learn English, Let's Talk",Install now,http://play.google.com/store/apps/details?id=yellowclass.kids.live,Video,"Facebook,Instagram,Audience Network,Messenger,Threads",1,0,9:16,https://video.fblr20-4.fna.fbcdn.net/o1/v/t2/f2/m366/AQPv5xYWeQTADwnJ-jq5ItoK7rAv1GZ5WaVc5vITXSlHDgA5sgUn-Wmrjg73nBN2Z_DBp7ZVuN1UDQbU39BTvWEBr0CWTEfVkQkK4RwhNiNS4g.mp4?_nc_cat=106&_nc_oc=AdoQXHOcn1k4GYjyAnieP5WeG4CQWD5U1ieTLa6ZjOl0lRWL4_vKLvV1_HbhWGYQrINagF6y-QglhXSU9Igh-NR1&_nc_sid=b66105&_nc_ht=video.fblr20-4.fna.fbcdn.net&_nc_ohc=Yf1a-mPOD5IQ7kNvwGVo-0V&efg=eyJ2ZW5jb2RlX3RhZyI6Inhwdl9wcm9ncmVzc2l2ZS5WSV9VU0VDQVNFX1BST0RVQ1RfVFlQRS4uQzMuNzIwLmRhc2hfaDI2NC1iYXNpYy1nZW4yXzcyMHAiLCJ4cHZfYXNzZXRfaWQiOjIxNzE4MTg2ODAwNTcxMzksImFzc2V0X2FnZV9kYXlzIjo1LCJ2aV91c2VjYXNlX2lkIjoxMDc5OSwiZHVyYXRpb25fcyI6NTIsInVybGdlbl9zb3VyY2UiOiJ3d3cifQ%3D%3D&ccb=17-1&vs=c3f08e572b48f9bc&_nc_vs=HBksFQIYRWZiX2VwaGVtZXJhbC83QzQ4MzM4MDQ5NDQ4Q0FFMjgwODNGMjlCRjcyMUQ5Q19tdF8xX3ZpZGVvX2Rhc2hpbml0Lm1wNBUAAsgBEgAVAhhAZmJfcGVybWFuZW50LzdFNEY4MTc0NkZCMDk5NkNDNDI2MDM1NUFGNUIzOTlFX2F1ZGlvX2Rhc2hpbml0Lm1wNBUCAsgBEgAoABgAGwKIB3VzZV9vaWwBMRJwcm9ncmVzc2l2ZV9yZWNpcGUBMRUAACbm9IePvtDbBxUCKAJDMywXQEpEOVgQYk4YGWRhc2hfaDI2NC1iYXNpYy1nZW4yXzcyMHARAHUAZd6oAQA&_nc_gid=lDHlcd5d2Rz_mC4Xx-UwIg&_nc_ss=7f289&_nc_zt=28&oh=00_Af92AVYzBtrnZHygwB6ECDoaYtvTVKQDiLsn2GumFQ17Sg&oe=6A46429E,https://scontent.fblr20-5.fna.fbcdn.net/v/t39.35426-6/728243521_2420444421769732_2247366543903062208_n.jpg?_nc_cat=107&ccb=1-7&_nc_sid=c53f8f&_nc_ohc=L5WGquXyA6oQ7kNvwGiLUaN&_nc_oc=Adr2MTsexGJfayfsDoucP2KydK3wgWRCKjzQxd8BavgylnrvX4Qxt-hDaJW0gwVIsSmb64QY1Ea3EmVeUA1nghS2&_nc_zt=14&_nc_ht=scontent.fblr20-5.fna&_nc_gid=lDHlcd5d2Rz_mC4Xx-UwIg&_nc_ss=7f289&oh=00_Af9ttwZDuXlhQ2QujLk7FI-nO8ahmL0Pp1nFjw-LJZ7zsg&oe=6A462FBD,2026-07-02T10:51:10.000Z,2026-06-28
28,28,SpeakX,540653459131632,SpeakX - Learn to Speak English,,IN,1362944402569298,https://www.facebook.com/ads/library/?id=1362944402569298,2026-06-24,,false,false,1,0,,2026-06-24,,Ab bina ruke English bolo. Speakx AI tutor ke saath rozana practice karein.,"Learn English, Let's Talk",Install now,http://play.google.com/store/apps/details?id=yellowclass.kids.live,"Facebook,Instagram,Messenger,Threads",Ab bina ruke English bolo. Speakx AI tutor ke saath rozana practice karein.,"Learn English, Let's Talk",Install now,http://play.google.com/store/apps/details?id=yellowclass.kids.live,Video,"Facebook,Instagram,Messenger,Threads",1,0,9:16,https://video.fblr20-1.fna.fbcdn.net/o1/v/t2/f2/m366/AQOVIWPQtUFrKOGxWthYJ9SygfqeyzPX8mVyFpSccF95RE7qLnoMzoa8XziC9tDXaCkE7J7zq4iJDZnWsPKFrKrEzDtGozBq21UCOmYB0B1xVg.mp4?_nc_cat=108&_nc_oc=AdqKHiS0vCLNOJJgLtx702MNWGnpYeSdCZkSSUhk6QXp2XLXZxvEfsE1GCiiEyA7uo9Iv_nyeFmlLkfUWuhgMpSu&_nc_sid=b66105&_nc_ht=video.fblr20-1.fna.fbcdn.net&_nc_ohc=wEvlSSZeHiwQ7kNvwF7Sm0Y&efg=eyJ2ZW5jb2RlX3RhZyI6Inhwdl9wcm9ncmVzc2l2ZS5WSV9VU0VDQVNFX1BST0RVQ1RfVFlQRS4uQzMuNzIwLmRhc2hfaDI2NC1iYXNpYy1nZW4yXzcyMHAiLCJ4cHZfYXNzZXRfaWQiOjkxNTU4Njk3NzYwNzIyNywiYXNzZXRfYWdlX2RheXMiOjE3LCJ2aV91c2VjYXNlX2lkIjoxMDEzOSwiZHVyYXRpb25fcyI6NDAsInVybGdlbl9zb3VyY2UiOiJ3d3cifQ%3D%3D&ccb=17-1&vs=7038ed481673b30a&_nc_vs=HBksFQIYRWZiX2VwaGVtZXJhbC9FODQwOEZEM0NCRTUxMkEzM0I3MDYxMTY2RjRBOUY5RV9tdF8xX3ZpZGVvX2Rhc2hpbml0Lm1wNBUAAsgBEgAVAhhAZmJfcGVybWFuZW50LzlDNEIxRkNCRDlDRDFBRkY2NkZDQzFFQTkyRTA1QkI2X2F1ZGlvX2Rhc2hpbml0Lm1wNBUCAsgBEgAoABgAGwKIB3VzZV9vaWwBMRJwcm9ncmVzc2l2ZV9yZWNpcGUBMRUAACb2uP3Ilq6gAxUCKAJDMywXQER3bItDlYEYGWRhc2hfaDI2NC1iYXNpYy1nZW4yXzcyMHARAHUAZbaeAQA&_nc_gid=lDHlcd5d2Rz_mC4Xx-UwIg&_nc_ss=7f289&_nc_zt=28&oh=00_Af8rnMlyi3MsXOmlmI4ycfX6bHfek5SFBZtrLIYn2CJQVw&oe=6A465D60,https://scontent.fblr20-2.fna.fbcdn.net/v/t39.35426-6/729029650_990126297349560_4210952942407430983_n.jpg?_nc_cat=102&ccb=1-7&_nc_sid=c53f8f&_nc_ohc=q6Dr9-xGUjEQ7kNvwF_k-Kv&_nc_oc=Adof_NQy2swgWiPUzoWZJNq3GnYGQnFgN-M6XlwFeICFv0ZAr2qx9Dq8yovTz5FNqeOPYk3QMc6yLn9r8u8CIx4B&_nc_zt=14&_nc_ht=scontent.fblr20-2.fna&_nc_gid=lDHlcd5d2Rz_mC4Xx-UwIg&_nc_ss=7f289&oh=00_Af-LvCD-vN5qWEobOepmDAxPHmywe5z-Y-m6oDvbsV3a1A&oe=6A4629DE,2026-07-02T12:45:20.000Z,2026-06-28
29,29,SpeakX,540653459131632,SpeakX - Learn to Speak English,,IN,27039326735676879,https://www.facebook.com/ads/library/?id=27039326735676879,2026-06-04,,false,false,1,0,,2026-06-04,,English speaking made easy with SpeakX App,Spoken English course,Install now,http://play.google.com/store/apps/details?id=yellowclass.kids.live,"Facebook,Instagram,Messenger,Threads",English speaking made easy with SpeakX App,Spoken English course,Install now,http://play.google.com/store/apps/details?id=yellowclass.kids.live,Video,"Facebook,Instagram,Messenger,Threads",1,0,1:1,https://video.fblr20-3.fna.fbcdn.net/o1/v/t2/f2/m366/AQNyWnAsgYU4E9RDMrSU665OnRTizdzM4n4IRZrkqRT6rMDlrhwRF_x-4yvV3V4GRZE1vJt6B_7ePYHshlzlkfRGIN8nVuCaTUidZK_99k1QfA.mp4?_nc_cat=100&_nc_oc=Adr86Jmtlr8G-WYeB0LULgy6q43tiwEouU-HRXYlz_CXot6cQIXyU5a1_Q-qGlBIlDdTF47QtzVm_lwapp8ft6pa&_nc_sid=b66105&_nc_ht=video.fblr20-3.fna.fbcdn.net&_nc_ohc=0orbAKE2NHAQ7kNvwEE1DYu&efg=eyJ2ZW5jb2RlX3RhZyI6Inhwdl9wcm9ncmVzc2l2ZS5WSV9VU0VDQVNFX1BST0RVQ1RfVFlQRS4uQzMuNzIwLmRhc2hfaDI2NC1iYXNpYy1nZW4yXzcyMHAiLCJ4cHZfYXNzZXRfaWQiOjE3MDI4Mjk4NDExNTY2MzAsImFzc2V0X2FnZV9kYXlzIjo1MSwidmlfdXNlY2FzZV9pZCI6MTA3OTksImR1cmF0aW9uX3MiOjUxLCJ1cmxnZW5fc291cmNlIjoid3d3In0%3D&ccb=17-1&vs=bdc079b94cddf7b2&_nc_vs=HBksFQIYRWZiX2VwaGVtZXJhbC82MDQ1QjRGNUMzMzM2M0U5OURBRENDRTUwNDE1NzZBMV9tdF8xX3ZpZGVvX2Rhc2hpbml0Lm1wNBUAAsgBEgAVAhhAZmJfcGVybWFuZW50LzAzNDFCMDc1NUQ5MDIzOUUxNUJCN0QzNDEzNTlDMjlCX2F1ZGlvX2Rhc2hpbml0Lm1wNBUCAsgBEgAoABgAGwKIB3VzZV9vaWwBMRJwcm9ncmVzc2l2ZV9yZWNpcGUBMRUAACasqNz83q2GBhUCKAJDMywXQEmZmZmZmZoYGWRhc2hfaDI2NC1iYXNpYy1nZW4yXzcyMHARAHUAZd6oAQA&_nc_gid=lDHlcd5d2Rz_mC4Xx-UwIg&_nc_ss=7f289&_nc_zt=28&oh=00_Af91NN4smiCxOdmyVirJtrA-e66sO-coq1gU0zY4wm0y1g&oe=6A463600,https://scontent.fblr20-5.fna.fbcdn.net/v/t39.35426-6/688754357_986090103918051_8997512530906794214_n.jpg?_nc_cat=107&ccb=1-7&_nc_sid=c53f8f&_nc_ohc=FbYRWd00sGAQ7kNvwGH4PXM&_nc_oc=AdrOUb6HNxeKeagtszG_ZV6WtKFqXevlDlyjEuG-ZuSRLAjcCZpK54aXdevtuoCR0iStT2g1p5ZZZFlqUj2RbQVw&_nc_zt=14&_nc_ht=scontent.fblr20-5.fna&_nc_gid=lDHlcd5d2Rz_mC4Xx-UwIg&_nc_ss=7f289&oh=00_Af_s5Sfg4PnXtc_IyfrRgreW4SGjNIGRkep_Z0i3KslElg&oe=6A4646DE,2026-07-02T09:57:20.000Z,2026-06-28
30,30,SpeakX,540653459131632,SpeakX - Learn to Speak English,,IN,1008889414931118,https://www.facebook.com/ads/library/?id=1008889414931118,2026-06-01,,false,false,1,0,,2026-06-01,,ಮೂಲದಿಂದ spoken English ಕಲಿಯಿ. ದಿನಸಿ ಅಭ್ಯಾಸಕ್ಕೆ AI ಸಹಾಯ. ಕನ್ನಡಿಗರಿಗೆ ಸೂಕ್ತ.,ಇಂಗ್ಲಿಷ್ ಮಾತನಾಡಲು ಕಲಿಯಿ,Install now,http://play.google.com/store/apps/details?id=yellowclass.kids.live,"Facebook,Instagram,Messenger,Threads",ಮೂಲದಿಂದ spoken English ಕಲಿಯಿ. ದಿನಸಿ ಅಭ್ಯಾಸಕ್ಕೆ AI ಸಹಾಯ. ಕನ್ನಡಿಗರಿಗೆ ಸೂಕ್ತ.,ಇಂಗ್ಲಿಷ್ ಮಾತನಾಡಲು ಕಲಿಯಿ,Install now,http://play.google.com/store/apps/details?id=yellowclass.kids.live,Video,"Facebook,Instagram,Messenger,Threads",1,0,9:16,https://video.fblr20-4.fna.fbcdn.net/o1/v/t2/f2/m366/AQNDKYRVp1gV-BlD-hAthtAt8SmxnfKQ4VgM7BHqTVdAgbSLN4px8pOanF4m7Fz5CBHMytoKhoaKd69UHZ4LUtp11z0vjl24LptQhWrgtrS5Bg.mp4?_nc_cat=101&_nc_oc=AdrcxTPn9pVvIYQlOYPNPq3Tulsu0yoJcqoWTJOZUocw9PMIxXqTUJeny6XXMHKBYEOQgEXC0ezIyJQZY7PCDHRC&_nc_sid=b66105&_nc_ht=video.fblr20-4.fna.fbcdn.net&_nc_ohc=rQybsaFxFOAQ7kNvwE_Px1U&efg=eyJ2ZW5jb2RlX3RhZyI6Inhwdl9wcm9ncmVzc2l2ZS5WSV9VU0VDQVNFX1BST0RVQ1RfVFlQRS4uQzMuNzIwLmRhc2hfaDI2NC1iYXNpYy1nZW4yXzcyMHAiLCJ4cHZfYXNzZXRfaWQiOjI2NzAyNjIxMDk5NDE5NDcxLCJhc3NldF9hZ2VfZGF5cyI6MzcsInZpX3VzZWNhc2VfaWQiOjEwMTM5LCJkdXJhdGlvbl9zIjo2NSwidXJsZ2VuX3NvdXJjZSI6Ind3dyJ9&ccb=17-1&vs=56e89b43863a2761&_nc_vs=HBksFQIYRWZiX2VwaGVtZXJhbC9FNzQ5NEI5QkIzRjE2RjlGOTI2N0YxRjJCRTcxNDM4Q19tdF8xX3ZpZGVvX2Rhc2hpbml0Lm1wNBUAAsgBEgAVAhhAZmJfcGVybWFuZW50Lzk2NENENTUwNkZENUU4QTgwMkZDRUNFOUE5MzgzQTlDX2F1ZGlvX2Rhc2hpbml0Lm1wNBUCAsgBEgAoABgAGwKIB3VzZV9vaWwBMRJwcm9ncmVzc2l2ZV9yZWNpcGUBMRUAACaenZ_TjvnuXhUCKAJDMywXQFBxBiTdLxsYGWRhc2hfaDI2NC1iYXNpYy1nZW4yXzcyMHARAHUAZbaeAQA&_nc_gid=lDHlcd5d2Rz_mC4Xx-UwIg&_nc_ss=7f289&_nc_zt=28&oh=00_Af8ZWKiBNhYKqGSUr3qL_iU0FPp4_0ktRQjshWdAoAF-Fw&oe=6A464E6F,https://scontent.fblr20-3.fna.fbcdn.net/v/t39.35426-6/703948424_1317658693129602_779601466297834945_n.jpg?_nc_cat=100&ccb=1-7&_nc_sid=c53f8f&_nc_ohc=b2h-GPDkzbgQ7kNvwGUwJMv&_nc_oc=Adq7ZBCqh47s3XSLNVKdW9p1Zgte6q0i9DFPwBhqG31Vxb6ZMu_SDEXem0M1ClOswnoEJcZvpbzBXTPVoixKl54u&_nc_zt=14&_nc_ht=scontent.fblr20-3.fna&_nc_gid=lDHlcd5d2Rz_mC4Xx-UwIg&_nc_ss=7f289&oh=00_Af-WYjkLx0GZDDbfbMMz68RkYV2KHL5_33V_7Y8HEsxi5g&oe=6A465CB7,2026-07-02T11:41:35.000Z,2026-06-28
31,31,SpeakX,540653459131632,SpeakX - Learn to Speak English,,IN,1681625439656874,https://www.facebook.com/ads/library/?id=1681625439656874,2026-06-05,,false,false,1,0,,2026-06-05,,"10 லட்சம்+ கற்றவர்களுடன் சேர்ந்து, உங்கள் AI ஆசிரியருடன் தாராளமாக ஆங்கிலம் பேசுங்கள்",ஆங்கிலம் கற்றுக்கொண்டு தாராளமாக பேசுங்கள்,Install now,http://play.google.com/store/apps/details?id=yellowclass.kids.live,"Facebook,Instagram,Audience Network,Messenger,Threads","10 லட்சம்+ கற்றவர்களுடன் சேர்ந்து, உங்கள் AI ஆசிரியருடன் தாராளமாக ஆங்கிலம் பேசுங்கள்",ஆங்கிலம் கற்றுக்கொண்டு தாராளமாக பேசுங்கள்,Install now,http://play.google.com/store/apps/details?id=yellowclass.kids.live,Video,"Facebook,Instagram,Audience Network,Messenger,Threads",1,0,1:1,https://video.fblr20-5.fna.fbcdn.net/o1/v/t2/f2/m366/AQNqD2vUVhj-EAh7HS8S-x0l_PNg5ju371Jp_bYFfJrxzJ4b-YHp3CBRvHW_UNZq35CTIcCV3V2b3eBm6E3UrRxrceSI91wmoKV5YxsOnFHrRA.mp4?_nc_cat=107&_nc_oc=AdoAPJRGCgD1jpIBMaV75g5CUx3tmFpdnSALQSQBQxI0AWw0R2OpqYz7Xj42WuFvfGDhg2-Y6FPImoRfPyAYEhid&_nc_sid=b66105&_nc_ht=video.fblr20-5.fna.fbcdn.net&_nc_ohc=AT4J9rJzb2sQ7kNvwGrJH7Y&efg=eyJ2ZW5jb2RlX3RhZyI6Inhwdl9wcm9ncmVzc2l2ZS5WSV9VU0VDQVNFX1BST0RVQ1RfVFlQRS4uQzMuNzIwLmRhc2hfaDI2NC1iYXNpYy1nZW4yXzcyMHAiLCJ4cHZfYXNzZXRfaWQiOjEyNjE0MjIzNTIyNDUyMjYsImFzc2V0X2FnZV9kYXlzIjo5NCwidmlfdXNlY2FzZV9pZCI6MTA3OTksImR1cmF0aW9uX3MiOjU1LCJ1cmxnZW5fc291cmNlIjoid3d3In0%3D&ccb=17-1&vs=9b34bd3e3c510c3c&_nc_vs=HBksFQIYRWZiX2VwaGVtZXJhbC9DQTQ4MDVGNjNFMDA3RUQ1QjIwMTJDQjIxRTgyNjNCRF9tdF8xX3ZpZGVvX2Rhc2hpbml0Lm1wNBUAAsgBEgAVAhhAZmJfcGVybWFuZW50L0ZGNEM3Mzc0RDBDRjIxQ0E0MjkxNTNBQzVBMUU2M0JDX2F1ZGlvX2Rhc2hpbml0Lm1wNBUCAsgBEgAoABgAGwKIB3VzZV9vaWwBMRJwcm9ncmVzc2l2ZV9yZWNpcGUBMRUAACbUh73zuNC9BBUCKAJDMywXQEvZmZmZmZoYGWRhc2hfaDI2NC1iYXNpYy1nZW4yXzcyMHARAHUAZd6oAQA&_nc_gid=TQ2VAwI2VvFYAyduw_9DAg&_nc_ss=7f289&_nc_zt=28&oh=00_Af9kaB9bhmd6UvzFQjZLzDMv5xQixlei78szmvm_eI0-GA&oe=6A462C8D,https://scontent.fblr20-3.fna.fbcdn.net/v/t39.35426-6/657280366_2039036513340704_4791153039137995761_n.jpg?_nc_cat=100&ccb=1-7&_nc_sid=c53f8f&_nc_ohc=nSf6JU3z_GEQ7kNvwFabqDn&_nc_oc=Adprt76GqJ8seTVsQP1zg1bozGPNy2279p_hu4NmItS5X5NUAmSKyxJDxzooT-qpLXv1rVKRzdFcieyjoiFuI9W6&_nc_zt=14&_nc_ht=scontent.fblr20-3.fna&_nc_gid=TQ2VAwI2VvFYAyduw_9DAg&_nc_ss=7f289&oh=00_Af8RxWzsHoTV2ULILEOJW30SLbBpIHErL-X9j8XMc8yd8Q&oe=6A462D5D,2026-07-02T09:17:01.000Z,2026-06-28
32,32,SpeakX,540653459131632,SpeakX - Learn to Speak English,,IN,1767362847967603,https://www.facebook.com/ads/library/?id=1767362847967603,2026-06-16,,false,true,2,0,1767362847967603,2026-06-16,,Ab bina ruke English bolo. Speakx AI tutor ke saath rozana practice karein.,"Learn English, Let's Talk",Install now,http://play.google.com/store/apps/details?id=yellowclass.kids.live,"Facebook,Instagram,Audience Network,Messenger,Threads",Ab bina ruke English bolo. Speakx AI tutor ke saath rozana practice karein.,"Learn English, Let's Talk",Install now,http://play.google.com/store/apps/details?id=yellowclass.kids.live,Video,"Facebook,Instagram,Audience Network,Messenger,Threads",1,0,1:1,https://video.fblr20-3.fna.fbcdn.net/o1/v/t2/f2/m366/AQNBxmwGzNwy29PjHe0W8QEjNyGc0k_Q0O_ZwMz6DjvmLs0n6aSG-29x99293KrbsW5asuK5KTnI7x9XIXXIJ-EsIEK1E2PwHevW238v5UqI0g.mp4?_nc_cat=105&_nc_oc=AdplfArHMtbp4OEDad8Pp9XtfXm5ChzlKfeohniQDrr0jr5e4aZOY3opfRPzsKsaJkbxIo3B5C3vgav6-FO_tlBt&_nc_sid=b66105&_nc_ht=video.fblr20-3.fna.fbcdn.net&_nc_ohc=o0llDhKLfgYQ7kNvwEWpI7E&efg=eyJ2ZW5jb2RlX3RhZyI6Inhwdl9wcm9ncmVzc2l2ZS5WSV9VU0VDQVNFX1BST0RVQ1RfVFlQRS4uQzMuNzIwLmRhc2hfaDI2NC1iYXNpYy1nZW4yXzcyMHAiLCJ4cHZfYXNzZXRfaWQiOjE1NTIyMDQ0NzMxNDA1NzgsImFzc2V0X2FnZV9kYXlzIjoxMCwidmlfdXNlY2FzZV9pZCI6MTAxMzksImR1cmF0aW9uX3MiOjQwLCJ1cmxnZW5fc291cmNlIjoid3d3In0%3D&ccb=17-1&vs=6c0c21137b8db3bb&_nc_vs=HBksFQIYRWZiX2VwaGVtZXJhbC84NDQ5ODMxNzA4RTMyNUIyQUZENTEwMjc4OUEzNUNCN19tdF8xX3ZpZGVvX2Rhc2hpbml0Lm1wNBUAAsgBEgAVAhhAZmJfcGVybWFuZW50LzYxNDFGNDVDNTRGMDUxRUFDMTkyMTA1M0JGNjI5MEFEX2F1ZGlvX2Rhc2hpbml0Lm1wNBUCAsgBEgAoABgAGwKIB3VzZV9vaWwBMRJwcm9ncmVzc2l2ZV9yZWNpcGUBMRUAACbElezDmO7BBRUCKAJDMywXQESAAAAAAAAYGWRhc2hfaDI2NC1iYXNpYy1nZW4yXzcyMHARAHUAZbaeAQA&_nc_gid=TQ2VAwI2VvFYAyduw_9DAg&_nc_ss=7f289&_nc_zt=28&oh=00_Af8ED_V16-F1OCBqtDiLmDQKWYuUhICMojD5Aiq8OPwXJA&oe=6A463257,https://scontent.fblr20-4.fna.fbcdn.net/v/t39.35426-6/725075733_2241060476636241_1589654559882120223_n.jpg?_nc_cat=103&ccb=1-7&_nc_sid=c53f8f&_nc_ohc=6rCArmQ6HmAQ7kNvwER1xbl&_nc_oc=AdoNddj7nkv5YFYforGDRF3gTza00Qxqe9yQoyQbNaXw5wJD_NIUPV3NQ1syWBpTz8YMgzbXs_yDln6cKZXuuuZB&_nc_zt=14&_nc_ht=scontent.fblr20-4.fna&_nc_gid=TQ2VAwI2VvFYAyduw_9DAg&_nc_ss=7f289&oh=00_Af9whi0sebI9fko2emsBSDW1oWDkPGG5-sTOdHya2GmltA&oe=6A4640D2,2026-07-02T09:41:43.000Z,2026-06-28
33,32,SpeakX,540653459131632,SpeakX - Learn to Speak English,,IN,1767362847967603,https://www.facebook.com/ads/library/?id=1767362847967603,2026-06-16,,false,true,2,1,1708004703678900,2026-06-25,,Ab bina ruke English bolo. Speakx AI tutor ke saath rozana practice karein.,"Learn English, Let's Talk",Install now,http://play.google.com/store/apps/details?id=yellowclass.kids.live,"Facebook,Instagram,Audience Network,Messenger,Threads",Ab bina ruke English bolo. Speakx AI tutor ke saath rozana practice karein.,"Learn English, Let's Talk",Install now,http://play.google.com/store/apps/details?id=yellowclass.kids.live,Video,"Facebook,Instagram,Audience Network,Messenger,Threads",1,0,1:1,https://video.fblr20-3.fna.fbcdn.net/o1/v/t2/f2/m366/AQNBxmwGzNwy29PjHe0W8QEjNyGc0k_Q0O_ZwMz6DjvmLs0n6aSG-29x99293KrbsW5asuK5KTnI7x9XIXXIJ-EsIEK1E2PwHevW238v5UqI0g.mp4?_nc_cat=105&_nc_oc=AdplfArHMtbp4OEDad8Pp9XtfXm5ChzlKfeohniQDrr0jr5e4aZOY3opfRPzsKsaJkbxIo3B5C3vgav6-FO_tlBt&_nc_sid=b66105&_nc_ht=video.fblr20-3.fna.fbcdn.net&_nc_ohc=o0llDhKLfgYQ7kNvwEWpI7E&efg=eyJ2ZW5jb2RlX3RhZyI6Inhwdl9wcm9ncmVzc2l2ZS5WSV9VU0VDQVNFX1BST0RVQ1RfVFlQRS4uQzMuNzIwLmRhc2hfaDI2NC1iYXNpYy1nZW4yXzcyMHAiLCJ4cHZfYXNzZXRfaWQiOjE1NTIyMDQ0NzMxNDA1NzgsImFzc2V0X2FnZV9kYXlzIjoxMCwidmlfdXNlY2FzZV9pZCI6MTAxMzksImR1cmF0aW9uX3MiOjQwLCJ1cmxnZW5fc291cmNlIjoid3d3In0%3D&ccb=17-1&vs=6c0c21137b8db3bb&_nc_vs=HBksFQIYRWZiX2VwaGVtZXJhbC84NDQ5ODMxNzA4RTMyNUIyQUZENTEwMjc4OUEzNUNCN19tdF8xX3ZpZGVvX2Rhc2hpbml0Lm1wNBUAAsgBEgAVAhhAZmJfcGVybWFuZW50LzYxNDFGNDVDNTRGMDUxRUFDMTkyMTA1M0JGNjI5MEFEX2F1ZGlvX2Rhc2hpbml0Lm1wNBUCAsgBEgAoABgAGwKIB3VzZV9vaWwBMRJwcm9ncmVzc2l2ZV9yZWNpcGUBMRUAACbElezDmO7BBRUCKAJDMywXQESAAAAAAAAYGWRhc2hfaDI2NC1iYXNpYy1nZW4yXzcyMHARAHUAZbaeAQA&_nc_gid=rifYkw_DDUYGKOxfkGLgUQ&_nc_ss=7f289&_nc_zt=28&oh=00_Af_tBJZk0HE3AFTv5QWMYdxGH4cuCM98q1xNyGRHAssPwA&oe=6A463257,https://scontent.fblr20-4.fna.fbcdn.net/v/t39.35426-6/732197175_1789808915730947_6707144419425901844_n.jpg?_nc_cat=103&ccb=1-7&_nc_sid=c53f8f&_nc_ohc=FIO35Mdqfu4Q7kNvwHS040F&_nc_oc=AdrmP5t4ybH9tKns8mRI1UajnIlkRjpuQJ7EuZ-DsSjvM3r9Rb3Z1MZ26mHUE3JbU9v7YWweqrZhDVs8qfI9ifmm&_nc_zt=14&_nc_ht=scontent.fblr20-4.fna&_nc_gid=rifYkw_DDUYGKOxfkGLgUQ&_nc_ss=7f289&oh=00_Af_CB6HX4eqBmToym4QTToeODTr0TOJmDmrNzAH7D9eeLQ&oe=6A464D2A,2026-07-02T09:41:43.000Z,2026-06-28
34,33,SpeakX,540653459131632,SpeakX - Learn to Speak English,,IN,1811089719867101,https://www.facebook.com/ads/library/?id=1811089719867101,2026-06-16,,false,false,1,0,,2026-06-16,,Elaanti sankocham lekunda English maatladaalanukuntunnaraa? SpeakX AI tutor tho rojoo practice cheyandi. Kevalam ₹2ke trial modalupettandi,అత్యధిక రేటింగ్ AI ఇంగ్లీష్ యాప్,Install now,http://play.google.com/store/apps/details?id=yellowclass.kids.live,"Facebook,Instagram,Messenger,Threads",Elaanti sankocham lekunda English maatladaalanukuntunnaraa? SpeakX AI tutor tho rojoo practice cheyandi. Kevalam ₹2ke trial modalupettandi,అత్యధిక రేటింగ్ AI ఇంగ్లీష్ యాప్,Install now,http://play.google.com/store/apps/details?id=yellowclass.kids.live,Video,"Facebook,Instagram,Messenger,Threads",1,0,9:16,https://video.fblr20-2.fna.fbcdn.net/o1/v/t2/f2/m366/AQO6Psoo5y23q2P9ZQH8bkmVy67BTWuvxcB7uTn8dHwakPVzpS-WGXutnaa1WPNhladxDZ-ogzWTxMwLQ9ulTwO-kJ5X8ZOifkLLojfBEKrbcA.mp4?_nc_cat=102&_nc_oc=AdqyNJ_k2QFSbYgiiFA6djpuRDOZ4kpfEuFwoMYOxrJbMjQoUfVF2LE9R8DGL_7QuIli6TFK3t6Th7xC9CS8V-Q0&_nc_sid=b66105&_nc_ht=video.fblr20-2.fna.fbcdn.net&_nc_ohc=vh3VqOy4BdEQ7kNvwH8QjiK&efg=eyJ2ZW5jb2RlX3RhZyI6Inhwdl9wcm9ncmVzc2l2ZS5WSV9VU0VDQVNFX1BST0RVQ1RfVFlQRS4uQzMuNzIwLmRhc2hfaDI2NC1iYXNpYy1nZW4yXzcyMHAiLCJ4cHZfYXNzZXRfaWQiOjI3NDEzODQyNzk1Nzc0NzUsImFzc2V0X2FnZV9kYXlzIjoxMCwidmlfdXNlY2FzZV9pZCI6MTA3OTksImR1cmF0aW9uX3MiOjYwLCJ1cmxnZW5fc291cmNlIjoid3d3In0%3D&ccb=17-1&vs=c790acaf5fece34e&_nc_vs=HBksFQIYRWZiX2VwaGVtZXJhbC80RjQ5MjMyOEMxNkQ3NThBQkQyQzcxMzBDRjJFRDg4Nl9tdF8xX3ZpZGVvX2Rhc2hpbml0Lm1wNBUAAsgBEgAVAhhAZmJfcGVybWFuZW50L0I2NEM4RjA2NEFGQTQxOTA3M0ZBNzZEN0VCRTI0Nzk4X2F1ZGlvX2Rhc2hpbml0Lm1wNBUCAsgBEgAoABgAGwKIB3VzZV9vaWwBMRJwcm9ncmVzc2l2ZV9yZWNpcGUBMRUAACaGzurCyNHeCRUCKAJDMywXQE5CTdLxqfwYGWRhc2hfaDI2NC1iYXNpYy1nZW4yXzcyMHARAHUAZd6oAQA&_nc_gid=TQ2VAwI2VvFYAyduw_9DAg&_nc_ss=7f289&_nc_zt=28&oh=00_Af_FOzgcFK3WTxiwVNzx3udacll22j7MD5oYJ-KqWFx5Hw&oe=6A464A52,https://scontent.fblr20-1.fna.fbcdn.net/v/t39.35426-6/724959074_1002653835855964_2980899402668576356_n.jpg?_nc_cat=110&ccb=1-7&_nc_sid=c53f8f&_nc_ohc=Y-X8rGkNGBcQ7kNvwFIn1tT&_nc_oc=AdqUXOTFTMB-EE9yIkJU-YBdrDfz33YOCKs5ULKNc894XNRLN8Tt9Z6CT6Sj4EZdfo15y_xpQ2b4K_Fz7hfSowUe&_nc_zt=14&_nc_ht=scontent.fblr20-1.fna&_nc_gid=TQ2VAwI2VvFYAyduw_9DAg&_nc_ss=7f289&oh=00_Af9x-xLHY3dYQIGnaQOmmAc71ILxz8GhvgQwhSi9yH3yDA&oe=6A463297,2026-07-02T11:24:02.000Z,2026-06-28
35,34,SpeakX,540653459131632,SpeakX - Learn to Speak English,,IN,975868448384290,https://www.facebook.com/ads/library/?id=975868448384290,2026-06-02,,false,false,1,0,,2026-06-02,,English speaking made easy with SpeakX App,Spoken English course,Install now,http://play.google.com/store/apps/details?id=yellowclass.kids.live,"Facebook,Instagram,Messenger,Threads",English speaking made easy with SpeakX App,Spoken English course,Install now,http://play.google.com/store/apps/details?id=yellowclass.kids.live,Video,"Facebook,Instagram,Messenger,Threads",1,0,1:1,https://video.fblr20-3.fna.fbcdn.net/o1/v/t2/f2/m366/AQNvBCOdBfL_2aOh2tn64w2cGNEBVB0F9icPpCF0aAWcH2x3nVg1savVESQNbk_w9SwlZmW2Vh_RZ4ms1c67WNuvjGbQmqTqX5feI1qufkVNIA.mp4?_nc_cat=109&_nc_oc=Ado_EZwclFUwkwhfCamQxViQ2cF_FZBVqC6z7n6NsS0JCzD-lSK1Orb8lH3PUiSnGV_UhzWeef0dzATX7PGrqrFL&_nc_sid=b66105&_nc_ht=video.fblr20-3.fna.fbcdn.net&_nc_ohc=3qaHAXDwQJQQ7kNvwGwqXgJ&efg=eyJ2ZW5jb2RlX3RhZyI6Inhwdl9wcm9ncmVzc2l2ZS5WSV9VU0VDQVNFX1BST0RVQ1RfVFlQRS4uQzMuNzIwLmRhc2hfaDI2NC1iYXNpYy1nZW4yXzcyMHAiLCJ4cHZfYXNzZXRfaWQiOjk3NzIyNjEwNDcxOTA2MCwiYXNzZXRfYWdlX2RheXMiOjUxLCJ2aV91c2VjYXNlX2lkIjoxMDc5OSwiZHVyYXRpb25fcyI6NTcsInVybGdlbl9zb3VyY2UiOiJ3d3cifQ%3D%3D&ccb=17-1&vs=9af740eabaa8368b&_nc_vs=HBksFQIYRWZiX2VwaGVtZXJhbC83NDQ0NkNBRjVGRTVBMzA3RDM1NzZCMTQ0QkM0MkI4Nl9tdF8xX3ZpZGVvX2Rhc2hpbml0Lm1wNBUAAsgBEgAVAhhAZmJfcGVybWFuZW50L0IyNDFBREIyQzVCRjcwRDZCOEFBOTcwQzQ1ODIwMDhEX2F1ZGlvX2Rhc2hpbml0Lm1wNBUCAsgBEgAoABgAGwKIB3VzZV9vaWwBMRJwcm9ncmVzc2l2ZV9yZWNpcGUBMRUAACaom7LthbK8AxUCKAJDMywXQEyVP3ztkWgYGWRhc2hfaDI2NC1iYXNpYy1nZW4yXzcyMHARAHUAZd6oAQA&_nc_gid=TQ2VAwI2VvFYAyduw_9DAg&_nc_ss=7f289&_nc_zt=28&oh=00_Af-wUdylHWU_qIMp40lDaKIlCzQp6sreT2helhn_EXuaxw&oe=6A4627F3,https://scontent.fblr20-4.fna.fbcdn.net/v/t39.35426-6/690639331_1513512717229119_6356128386495561671_n.jpg?_nc_cat=106&ccb=1-7&_nc_sid=c53f8f&_nc_ohc=ubLldVIvi5EQ7kNvwEU-ros&_nc_oc=Adr9FVbFjH_Qksj58_Ftpe0MUWsxZaxkT2UN2u03TJx5XyUWzPtmBr6E7H_t1AvyXZDwMNpxU20Nxe_7PQQJOgIO&_nc_zt=14&_nc_ht=scontent.fblr20-4.fna&_nc_gid=TQ2VAwI2VvFYAyduw_9DAg&_nc_ss=7f289&oh=00_Af-GaX9OkS6GgLOBD4VyOrzPbBMS_BAk-94E-TodOE2gsQ&oe=6A464C2F,2026-07-02T08:57:23.000Z,2026-06-28
36,35,SpeakX,540653459131632,SpeakX - Learn to Speak English,,IN,1712870236507784,https://www.facebook.com/ads/library/?id=1712870236507784,2026-06-01,,false,false,1,0,,2026-06-01,,ಮೂಲದಿಂದ spoken English ಕಲಿಯಿ. ದಿನಸಿ ಅಭ್ಯಾಸಕ್ಕೆ AI ಸಹಾಯ. ಕನ್ನಡಿಗರಿಗೆ ಸೂಕ್ತ.,ಇಂಗ್ಲಿಷ್ ಮಾತನಾಡಲು ಕಲಿಯಿ,Install now,http://play.google.com/store/apps/details?id=yellowclass.kids.live,"Facebook,Instagram,Messenger,Threads",ಮೂಲದಿಂದ spoken English ಕಲಿಯಿ. ದಿನಸಿ ಅಭ್ಯಾಸಕ್ಕೆ AI ಸಹಾಯ. ಕನ್ನಡಿಗರಿಗೆ ಸೂಕ್ತ.,ಇಂಗ್ಲಿಷ್ ಮಾತನಾಡಲು ಕಲಿಯಿ,Install now,http://play.google.com/store/apps/details?id=yellowclass.kids.live,Video,"Facebook,Instagram,Messenger,Threads",1,0,1:1,https://video.fblr20-4.fna.fbcdn.net/o1/v/t2/f2/m366/AQNEWiZchbvz7a5TV_nNAYmVLGRjQ67MNrnT0JkViGhp3FIu21aptWNnDdl942jQWrIDt8VtYqFhltqIOC_MkfsCQLFdHLBgkU5_TYGjJuXyDg.mp4?_nc_cat=101&_nc_oc=AdrlJ64XaeGP7lh1gF4cvrRr7lxAhhbB56ux5_1akLQqNqEi_VRiTewqzzoheuyutBrUA2qNfPiuHcIWRJwMYa04&_nc_sid=b66105&_nc_ht=video.fblr20-4.fna.fbcdn.net&_nc_ohc=Fr0ooEX0nbgQ7kNvwF7vZ6M&efg=eyJ2ZW5jb2RlX3RhZyI6Inhwdl9wcm9ncmVzc2l2ZS5WSV9VU0VDQVNFX1BST0RVQ1RfVFlQRS4uQzMuNzIwLmRhc2hfaDI2NC1iYXNpYy1nZW4yXzcyMHAiLCJ4cHZfYXNzZXRfaWQiOjk4MzAyODU5NDM3MzMzNiwiYXNzZXRfYWdlX2RheXMiOjI1LCJ2aV91c2VjYXNlX2lkIjoxMDEzOSwiZHVyYXRpb25fcyI6NjIsInVybGdlbl9zb3VyY2UiOiJ3d3cifQ%3D%3D&ccb=17-1&vs=a3f6571b29800ddb&_nc_vs=HBksFQIYRWZiX2VwaGVtZXJhbC9EQjQ3QkVEMUIyQTEwRUFGNEE2M0MxQzA5NzI0ODRCMl9tdF8xX3ZpZGVvX2Rhc2hpbml0Lm1wNBUAAsgBEgAVAhhAZmJfcGVybWFuZW50LzA1NEFFQTg4NUY0NkVCMkY1MkZGMjgyN0Y0MUU5RDg5X2F1ZGlvX2Rhc2hpbml0Lm1wNBUCAsgBEgAoABgAGwKIB3VzZV9vaWwBMRJwcm9ncmVzc2l2ZV9yZWNpcGUBMRUAACawy9_i5YO_AxUCKAJDMywXQE9u2RaHKwIYGWRhc2hfaDI2NC1iYXNpYy1nZW4yXzcyMHARAHUAZbaeAQA&_nc_gid=TQ2VAwI2VvFYAyduw_9DAg&_nc_ss=7f289&_nc_zt=28&oh=00_Af_vQfTwNIUGx2uUrjpetJHiHbGkckANg3GQp0WjLurcxA&oe=6A463F33,https://scontent.fblr20-2.fna.fbcdn.net/v/t39.35426-6/710652896_1533473111622924_7373123373122843103_n.jpg?_nc_cat=104&ccb=1-7&_nc_sid=c53f8f&_nc_ohc=h_b10CA67PwQ7kNvwFiz8ze&_nc_oc=AdpnN6rf6WAjGg1ynyOOLoi9uDDs-Q2Zjdkdj8ymS15MnV3zcMLFF6kMDf0UaDlGyCkBpIxjQlTbkNReg5dpcRzB&_nc_zt=14&_nc_ht=scontent.fblr20-2.fna&_nc_gid=TQ2VAwI2VvFYAyduw_9DAg&_nc_ss=7f289&oh=00_Af813th2GVbj6qa94vrThIII8ohunjefkYqt5Q_mfA2D5w&oe=6A463FC9,2026-07-02T10:36:35.000Z,2026-06-28
37,36,SpeakX,540653459131632,SpeakX - Learn to Speak English,,IN,962644176775840,https://www.facebook.com/ads/library/?id=962644176775840,2026-06-15,,false,false,1,0,,2026-06-15,,"10 லட்சம்+ கற்றவர்களுடன் சேர்ந்து, உங்கள் AI ஆசிரியருடன் தாராளமாக ஆங்கிலம் பேசுங்கள்",ஆங்கிலம் கற்றுக்கொண்டு தாராளமாக பேசுங்கள்,Install now,http://play.google.com/store/apps/details?id=yellowclass.kids.live,"Facebook,Instagram,Audience Network,Messenger,Threads","10 லட்சம்+ கற்றவர்களுடன் சேர்ந்து, உங்கள் AI ஆசிரியருடன் தாராளமாக ஆங்கிலம் பேசுங்கள்",ஆங்கிலம் கற்றுக்கொண்டு தாராளமாக பேசுங்கள்,Install now,http://play.google.com/store/apps/details?id=yellowclass.kids.live,Video,"Facebook,Instagram,Audience Network,Messenger,Threads",1,0,1:1,https://video.fblr20-5.fna.fbcdn.net/o1/v/t2/f2/m366/AQOPgu6tToiylMhjoL9B-6XDZ-KN-3m6CV_6RUOqoT9Kl6cJyRlJDAIqh-sKEX1I6pRgWxs56-ddQFAQ6Ab3AmHG8bQ0mxDtF-nlZ4J1VCXgFw.mp4?_nc_cat=107&_nc_oc=AdqbUEa953UMYt15oX93QbapBcjIvweG_77POkzf4xIPMQUqHbYSCdgASVuslmPfqqZXWsuWjoin1nUYbgEgMCQE&_nc_sid=b66105&_nc_ht=video.fblr20-5.fna.fbcdn.net&_nc_ohc=PtISwlKZ5DsQ7kNvwE0K3IC&efg=eyJ2ZW5jb2RlX3RhZyI6Inhwdl9wcm9ncmVzc2l2ZS5WSV9VU0VDQVNFX1BST0RVQ1RfVFlQRS4uQzMuNzIwLmRhc2hfaDI2NC1iYXNpYy1nZW4yXzcyMHAiLCJ4cHZfYXNzZXRfaWQiOjE1MDU0NTE2MTc0OTk3NjEsImFzc2V0X2FnZV9kYXlzIjoxMSwidmlfdXNlY2FzZV9pZCI6MTAxMzksImR1cmF0aW9uX3MiOjUxLCJ1cmxnZW5fc291cmNlIjoid3d3In0%3D&ccb=17-1&vs=8729b05f07580841&_nc_vs=HBksFQIYRWZiX2VwaGVtZXJhbC9BODQyODczQUQ0MDBFRkZENUIwNkU2RUQ0QUJCMEZBQ19tdF8xX3ZpZGVvX2Rhc2hpbml0Lm1wNBUAAsgBEgAVAhhAZmJfcGVybWFuZW50L0Y5NDhGODM5RjkxRkFFOTNGNzkwNTA5Q0I2Rjk2ODlCX2F1ZGlvX2Rhc2hpbml0Lm1wNBUCAsgBEgAoABgAGwKIB3VzZV9vaWwBMRJwcm9ncmVzc2l2ZV9yZWNpcGUBMRUAACbi6ZnO6MysBRUCKAJDMywXQEm752yLQ5YYGWRhc2hfaDI2NC1iYXNpYy1nZW4yXzcyMHARAHUAZbaeAQA&_nc_gid=TQ2VAwI2VvFYAyduw_9DAg&_nc_ss=7f289&_nc_zt=28&oh=00_Af_A7NsD4ZkQ-Qe4PooFm459lhm1kJ6jGe_51tyoR3MHnw&oe=6A464E01,https://scontent.fblr20-3.fna.fbcdn.net/v/t39.35426-6/724197519_3956944341279312_7840431683424130037_n.jpg?_nc_cat=109&ccb=1-7&_nc_sid=c53f8f&_nc_ohc=freUHfGSiaMQ7kNvwGvXVO4&_nc_oc=Adr9gIREYvBwfB2rOrxye-4kikvfgEa8__UJm_rcSQMMVfVASP-tqoxFLFaQtq9kELPg1GiCkgI_amj6nbG5beZr&_nc_zt=14&_nc_ht=scontent.fblr20-3.fna&_nc_gid=TQ2VAwI2VvFYAyduw_9DAg&_nc_ss=7f289&oh=00_Af_azD9f3wyYDVpJDVbxHc5x48fzDgvZJYLYgwD9RsWWNw&oe=6A4629AD,2026-07-02T11:39:45.000Z,2026-06-28
38,37,SpeakX,540653459131632,SpeakX - Learn to Speak English,,IN,1271227128122015,https://www.facebook.com/ads/library/?id=1271227128122015,2026-06-01,,false,false,1,0,,2026-06-01,,ಮೂಲದಿಂದ spoken English ಕಲಿಯಿ. ದಿನಸಿ ಅಭ್ಯಾಸಕ್ಕೆ AI ಸಹಾಯ. ಕನ್ನಡಿಗರಿಗೆ ಸೂಕ್ತ.,ಇಂಗ್ಲಿಷ್ ಮಾತನಾಡಲು ಕಲಿಯಿ,Install now,http://play.google.com/store/apps/details?id=yellowclass.kids.live,"Facebook,Instagram,Messenger,Threads",ಮೂಲದಿಂದ spoken English ಕಲಿಯಿ. ದಿನಸಿ ಅಭ್ಯಾಸಕ್ಕೆ AI ಸಹಾಯ. ಕನ್ನಡಿಗರಿಗೆ ಸೂಕ್ತ.,ಇಂಗ್ಲಿಷ್ ಮಾತನಾಡಲು ಕಲಿಯಿ,Install now,http://play.google.com/store/apps/details?id=yellowclass.kids.live,Video,"Facebook,Instagram,Messenger,Threads",1,0,1:1,https://video.fblr20-1.fna.fbcdn.net/o1/v/t2/f2/m366/AQPOegT7x3gEzVxcfbR8R-J1cQuwffCfuVNiysvvd-0JHwi1QWVWQDZMXxhEJZYK7_c7Ytn_0TiUUyGzCxu8HOGTzOADF0jhF2Umb3rGVzNVlQ.mp4?_nc_cat=108&_nc_oc=AdpIUsxwq2LJX5UH_XiHK1OZaIvWmkF3Ek6Qt4VyN7JrAU28cUujz3b_spmm1Boi12SJJP2C8M3bYkPmrj4TW-Wh&_nc_sid=b66105&_nc_ht=video.fblr20-1.fna.fbcdn.net&_nc_ohc=dVbN-hPAYKkQ7kNvwF0_Kaw&efg=eyJ2ZW5jb2RlX3RhZyI6Inhwdl9wcm9ncmVzc2l2ZS5WSV9VU0VDQVNFX1BST0RVQ1RfVFlQRS4uQzMuNzIwLmRhc2hfaDI2NC1iYXNpYy1nZW4yXzcyMHAiLCJ4cHZfYXNzZXRfaWQiOjk4NjEyNDk0MDU2NzQ3NiwiYXNzZXRfYWdlX2RheXMiOjM3LCJ2aV91c2VjYXNlX2lkIjoxMDEzOSwiZHVyYXRpb25fcyI6NDcsInVybGdlbl9zb3VyY2UiOiJ3d3cifQ%3D%3D&ccb=17-1&vs=8fef784e9e991684&_nc_vs=HBksFQIYRWZiX2VwaGVtZXJhbC8xRTQ0MzlGMTk3MDVDOEIyNzg3RTVGODZDODcxQjE4MF9tdF8xX3ZpZGVvX2Rhc2hpbml0Lm1wNBUAAsgBEgAVAhhAZmJfcGVybWFuZW50LzBGNDU0NEZCNkFGMTI4NUM5QjNBQzk5Nzg4RTBENkJCX2F1ZGlvX2Rhc2hpbml0Lm1wNBUCAsgBEgAoABgAGwKIB3VzZV9vaWwBMRJwcm9ncmVzc2l2ZV9yZWNpcGUBMRUAACbojsusg7jAAxUCKAJDMywXQEfMzMzMzM0YGWRhc2hfaDI2NC1iYXNpYy1nZW4yXzcyMHARAHUAZbaeAQA&_nc_gid=TQ2VAwI2VvFYAyduw_9DAg&_nc_ss=7f289&_nc_zt=28&oh=00_Af_0OjJ3t-TqX8J3ZpDHOm4xWrh5aUYUS_Xbjiwd9SzFdA&oe=6A4632E4,https://scontent.fblr20-4.fna.fbcdn.net/v/t39.35426-6/702683965_965934129524633_36538619124360_n.jpg?_nc_cat=103&ccb=1-7&_nc_sid=c53f8f&_nc_ohc=-k-euMDPHtkQ7kNvwGkA8i-&_nc_oc=AdrPdQF31Hi8e0tGO4ulMKxV-_AHpiBisWYcJMBLIKkhcrDFc4sK00-v4JRHq7JOd0b88PIaJwM0MANx0IuSUxuh&_nc_zt=14&_nc_ht=scontent.fblr20-4.fna&_nc_gid=TQ2VAwI2VvFYAyduw_9DAg&_nc_ss=7f289&oh=00_Af_cqwC-2dNHgAZ_n8vJxxaaF50q81uLjSGUWyRnADdaVA&oe=6A464F1C,2026-07-02T09:44:04.000Z,2026-06-28
39,38,SpeakX,540653459131632,SpeakX - Learn to Speak English,,IN,928672226847609,https://www.facebook.com/ads/library/?id=928672226847609,2026-06-01,,false,false,1,0,,2026-06-01,,"10 லட்சம்+ கற்றவர்களுடன் சேர்ந்து, உங்கள் AI ஆசிரியருடன் தாராளமாக ஆங்கிலம் பேசுங்கள்",ஆங்கிலம் கற்றுக்கொண்டு தாராளமாக பேசுங்கள்,Install now,http://play.google.com/store/apps/details?id=yellowclass.kids.live,"Facebook,Instagram,Audience Network,Messenger,Threads","10 லட்சம்+ கற்றவர்களுடன் சேர்ந்து, உங்கள் AI ஆசிரியருடன் தாராளமாக ஆங்கிலம் பேசுங்கள்",ஆங்கிலம் கற்றுக்கொண்டு தாராளமாக பேசுங்கள்,Install now,http://play.google.com/store/apps/details?id=yellowclass.kids.live,Video,"Facebook,Instagram,Audience Network,Messenger,Threads",1,0,1:1,https://video.fblr20-2.fna.fbcdn.net/o1/v/t2/f2/m366/AQPr1Onj_VjcchYM9abGX9AN7hQ5kBXQT6GeWQiPUDI7ZGSiihMxCrHWsNNewvVnBS50TeQU1_w3MN4sIwTK6GacDmvOtrCYXH3xZ9X-pPXLLg.mp4?_nc_cat=111&_nc_oc=AdrjEpn9kGJaQL6iTBu_i54j_HNvr_-CqalP6NVV8Tb2wzBHQzc-JvWrMBm3mp4JkZ6hpByT979uj8EF37iAkz85&_nc_sid=b66105&_nc_ht=video.fblr20-2.fna.fbcdn.net&_nc_ohc=mBeuOwmoib4Q7kNvwFQrMrH&efg=eyJ2ZW5jb2RlX3RhZyI6Inhwdl9wcm9ncmVzc2l2ZS5WSV9VU0VDQVNFX1BST0RVQ1RfVFlQRS4uQzMuNzIwLmRhc2hfaDI2NC1iYXNpYy1nZW4yXzcyMHAiLCJ4cHZfYXNzZXRfaWQiOjE3MjgzOTg3MzgzMzE0MTcsImFzc2V0X2FnZV9kYXlzIjoyNSwidmlfdXNlY2FzZV9pZCI6MTAxMzksImR1cmF0aW9uX3MiOjQzLCJ1cmxnZW5fc291cmNlIjoid3d3In0%3D&ccb=17-1&vs=bc53a7e166568098&_nc_vs=HBksFQIYRWZiX2VwaGVtZXJhbC9GNTQ2Qjg1RTAzMzU1QzhBOTEyOUJCQTVDRkU2MzRBRF9tdF8xX3ZpZGVvX2Rhc2hpbml0Lm1wNBUAAsgBEgAVAhhAZmJfcGVybWFuZW50LzAxNDZBRDdDMzM0M0FDRkE4MUQxQUQ1OTdBRkREOUE5X2F1ZGlvX2Rhc2hpbml0Lm1wNBUCAsgBEgAoABgAGwKIB3VzZV9vaWwBMRJwcm9ncmVzc2l2ZV9yZWNpcGUBMRUAACay3KCNhv6RBhUCKAJDMywXQEWqn752yLQYGWRhc2hfaDI2NC1iYXNpYy1nZW4yXzcyMHARAHUAZbaeAQA&_nc_gid=TQ2VAwI2VvFYAyduw_9DAg&_nc_ss=7f289&_nc_zt=28&oh=00_Af8CjnbktsxjC9O1Sh7adVvflf_uBHFFUA6dFEAXVuUPGQ&oe=6A465865,https://scontent.fblr20-3.fna.fbcdn.net/v/t39.35426-6/710756016_1460473832071092_6009640092697620676_n.jpg?_nc_cat=109&ccb=1-7&_nc_sid=c53f8f&_nc_ohc=wbe5vFX2zeoQ7kNvwF29owt&_nc_oc=Adq4mAqju_MbdmoD3mNjbM9wx4cnsQludidhA-cH_6A_x3a-Q2hEPs6KxLu5x3oOOBOTpnzsSENULeWkSINVVBHq&_nc_zt=14&_nc_ht=scontent.fblr20-3.fna&_nc_gid=TQ2VAwI2VvFYAyduw_9DAg&_nc_ss=7f289&oh=00_Af8lbaKuQXOUcPZnhAzqV4zUSL9_vWX88IsnUfuZiWMmGA&oe=6A464DBE,2026-07-02T12:24:05.000Z,2026-06-28
40,39,SpeakX,540653459131632,SpeakX - Learn to Speak English,,IN,1387888156724645,https://www.facebook.com/ads/library/?id=1387888156724645,2026-06-21,,false,false,1,0,,2026-06-21,,SpeakX ആപ്പിൽ ആത്മവിശ്വാസത്തോടെ ഇംഗ്ലീഷ് സംസാരിക്കുക. വ്യക്തിഗത AI അധ്യാപകൻ ലഭിക്കും.,സുഗമമായി ഇംഗ്ലീഷ് സംസാരിക്കുക,Install now,http://play.google.com/store/apps/details?id=yellowclass.kids.live,"Facebook,Instagram,Audience Network,Messenger,Threads",SpeakX ആപ്പിൽ ആത്മവിശ്വാസത്തോടെ ഇംഗ്ലീഷ് സംസാരിക്കുക. വ്യക്തിഗത AI അധ്യാപകൻ ലഭിക്കും.,സുഗമമായി ഇംഗ്ലീഷ് സംസാരിക്കുക,Install now,http://play.google.com/store/apps/details?id=yellowclass.kids.live,Video,"Facebook,Instagram,Audience Network,Messenger,Threads",1,0,9:16,https://video.fblr20-3.fna.fbcdn.net/o1/v/t2/f2/m366/AQOU4TqdPVX_ikTyvaKIWQJhCNsonqR1f3Our-WHcPMEFucF7epDHVvruCD2UgC_L1fcBF50I2Qn-29m7d6sZkf1ARY0Y15ctRVtPatJtW9P9Q.mp4?_nc_cat=100&_nc_oc=AdoSg8JGrxgyZ0D7zlCX9n3nVQv2B2xCwii-ZImDKxZOJ44kh4YvnHOfm4XfdzSbkmvNzgjkPldn6K7MDueTJ3jC&_nc_sid=b66105&_nc_ht=video.fblr20-3.fna.fbcdn.net&_nc_ohc=QvtQKgKDJXYQ7kNvwGMBAo2&efg=eyJ2ZW5jb2RlX3RhZyI6Inhwdl9wcm9ncmVzc2l2ZS5WSV9VU0VDQVNFX1BST0RVQ1RfVFlQRS4uQzMuNzE4LmRhc2hfaDI2NC1iYXNpYy1nZW4yXzcyMHAiLCJ4cHZfYXNzZXRfaWQiOjI4MDMwNTE2MTIzMjIyMjQ4LCJhc3NldF9hZ2VfZGF5cyI6NSwidmlfdXNlY2FzZV9pZCI6MTA3OTksImR1cmF0aW9uX3MiOjY3LCJ1cmxnZW5fc291cmNlIjoid3d3In0%3D&ccb=17-1&vs=60b70affbedaabe5&_nc_vs=HBksFQIYRWZiX2VwaGVtZXJhbC8zQTRFQ0MwRDJBRUZFNDMzMzA5MENEMkE0RERCNDBCOF9tdF8xX3ZpZGVvX2Rhc2hpbml0Lm1wNBUAAsgBEgAVAhhAZmJfcGVybWFuZW50L0RDNDAzOEFEMzY0MUQ1RTBBRTlEMzYxNUQxRDgxREExX2F1ZGlvX2Rhc2hpbml0Lm1wNBUCAsgBEgAoABgAGwKIB3VzZV9vaWwBMRJwcm9ncmVzc2l2ZV9yZWNpcGUBMRUAACbQg6rG4-bKYxUCKAJDMywXQFDxBiTdLxsYGWRhc2hfaDI2NC1iYXNpYy1nZW4yXzcyMHARAHUAZd6oAQA&_nc_gid=TQ2VAwI2VvFYAyduw_9DAg&_nc_ss=7f289&_nc_zt=28&oh=00_Af-7B2cw0zKzT6vaDs2CZvrX2JOVOANTw_yuF9IYeNuO0Q&oe=6A464BB4,https://scontent.fblr20-5.fna.fbcdn.net/v/t39.35426-6/728984468_1645977069825413_4549391951201001181_n.jpg?_nc_cat=107&ccb=1-7&_nc_sid=c53f8f&_nc_ohc=_of8cpR6KtYQ7kNvwG8MwFS&_nc_oc=AdrAjZhqathA3ashp6r8yxpCZpGZCYNPRrKkKAQn5MWZC-JWkLLy3CRopovBuun3YByTCkPwzdRtTLEaL7zAbYA8&_nc_zt=14&_nc_ht=scontent.fblr20-5.fna&_nc_gid=TQ2VAwI2VvFYAyduw_9DAg&_nc_ss=7f289&oh=00_Af_U1PnhYzG_O7w-xEOx-tQHO06jJQKGWJlPw_4VppdVjA&oe=6A4655B5,2026-07-02T11:29:56.000Z,2026-06-28
41,40,SpeakX,540653459131632,SpeakX - Learn to Speak English,,IN,918355924593292,https://www.facebook.com/ads/library/?id=918355924593292,2026-06-01,,false,false,1,0,,2026-06-01,,English speaking made easy with SpeakX App,Spoken English course,Install now,http://play.google.com/store/apps/details?id=yellowclass.kids.live,"Facebook,Instagram,Messenger,Threads",English speaking made easy with SpeakX App,Spoken English course,Install now,http://play.google.com/store/apps/details?id=yellowclass.kids.live,Video,"Facebook,Instagram,Messenger,Threads",1,0,1:1,https://video.fblr20-4.fna.fbcdn.net/o1/v/t2/f2/m366/AQOpYRANkxdVA3Az58Z5TjsPn3pPabX07tRQJ1RAoW5_TYn8bkcn9h2CNUSEJpDRY2RqgvX5bNQTYBI4kc8pLz2kkCKPKQnvDcpTDobShbNvNg.mp4?_nc_cat=103&_nc_oc=AdpkZ-tPvlh_XAsE17nOEpdUuC67JGnnYl547pwIa5ERi8bHWdJ8yxbMfrS--vh_jQZfCS_Q5gWLptteTMZtvuaF&_nc_sid=b66105&_nc_ht=video.fblr20-4.fna.fbcdn.net&_nc_ohc=O36KrB5Ey6IQ7kNvwHyNNmp&efg=eyJ2ZW5jb2RlX3RhZyI6Inhwdl9wcm9ncmVzc2l2ZS5WSV9VU0VDQVNFX1BST0RVQ1RfVFlQRS4uQzMuNzIwLmRhc2hfaDI2NC1iYXNpYy1nZW4yXzcyMHAiLCJ4cHZfYXNzZXRfaWQiOjE3MTU5MDgzNjY1MTk5NjUsImFzc2V0X2FnZV9kYXlzIjo1MSwidmlfdXNlY2FzZV9pZCI6MTA3OTksImR1cmF0aW9uX3MiOjcwLCJ1cmxnZW5fc291cmNlIjoid3d3In0%3D&ccb=17-1&vs=5e53dcda0bad7430&_nc_vs=HBksFQIYRWZiX2VwaGVtZXJhbC8wMDQ1RUJBQzQwRUUyQ0FDRjY3ODdDMkFGQTJGRTRBOF9tdF8xX3ZpZGVvX2Rhc2hpbml0Lm1wNBUAAsgBEgAVAhhAZmJfcGVybWFuZW50L0Y5NEFDNzhGOThEQ0MyMTA2M0M0MjVCNTBGOTI3MTlCX2F1ZGlvX2Rhc2hpbml0Lm1wNBUCAsgBEgAoABgAGwKIB3VzZV9vaWwBMRJwcm9ncmVzc2l2ZV9yZWNpcGUBMRUAACa6urrKgaeMBhUCKAJDMywXQFGlT987ZFoYGWRhc2hfaDI2NC1iYXNpYy1nZW4yXzcyMHARAHUAZd6oAQA&_nc_gid=TQ2VAwI2VvFYAyduw_9DAg&_nc_ss=7f289&_nc_zt=28&oh=00_Af-JQP7zroGHK-QXApKhR-5F2Dn35c65Yuj4868WKKWLZw&oe=6A463875,https://scontent.fblr20-4.fna.fbcdn.net/v/t39.35426-6/688852796_970977982332829_158864186320864679_n.jpg?_nc_cat=101&ccb=1-7&_nc_sid=c53f8f&_nc_ohc=Ne2b8M6dFtAQ7kNvwFMs0SN&_nc_oc=Adon5DGdmeQli6dh4idCeREYlPw2w0BOlyIqPT-yEO9T-xeaDGbfxfQT0MvFZa_nC3t_9tMi4EV0hzmIVTtWFxLT&_nc_zt=14&_nc_ht=scontent.fblr20-4.fna&_nc_gid=TQ2VAwI2VvFYAyduw_9DAg&_nc_ss=7f289&oh=00_Af8NcNbTulnuYgOpsD29fO5r4Tbn1AosDh543o79w6si1w&oe=6A463E94,2026-07-02T10:07:49.000Z,2026-06-28
42,41,SpeakX,540653459131632,SpeakX - Learn to Speak English,,IN,1991706455067992,https://www.facebook.com/ads/library/?id=1991706455067992,2026-06-22,,false,false,1,0,,2026-06-22,,Ab bina ruke English bolo. Speakx AI tutor ke saath rozana practice karein.,"Learn English, Let's Talk",Install now,http://play.google.com/store/apps/details?id=yellowclass.kids.live,"Facebook,Instagram,Audience Network,Messenger,Threads",Ab bina ruke English bolo. Speakx AI tutor ke saath rozana practice karein.,"Learn English, Let's Talk",Install now,http://play.google.com/store/apps/details?id=yellowclass.kids.live,Video,"Facebook,Instagram,Audience Network,Messenger,Threads",1,0,16:9,https://video.fblr20-4.fna.fbcdn.net/o1/v/t2/f2/m366/AQMALyL7Q9snyDU_yR5rxl2cLQPTrbCxy0yKyGPPxbRi5FN2Dtt1ox9wo6iq-OhOrnnvmwFJIPD2kk6-Q4lCUAzu3AKwdtiu_yU3lc_f4gvQFw.mp4?_nc_cat=101&_nc_oc=Adpf1g953S1-YnYT8Lsdzn9CkIdHn3QrfmhCz9c1SvRuWwRMrN4YHd-SFg6cnuonqNoGfWp2CIoVz-1mXa1ANbMX&_nc_sid=b66105&_nc_ht=video.fblr20-4.fna.fbcdn.net&_nc_ohc=0a5BnOlKuYUQ7kNvwFQ-JrI&efg=eyJ2ZW5jb2RlX3RhZyI6Inhwdl9wcm9ncmVzc2l2ZS5WSV9VU0VDQVNFX1BST0RVQ1RfVFlQRS4uQzMuMTA4MC5kYXNoX2gyNjQtYmFzaWMtZ2VuMl83MjBwIiwieHB2X2Fzc2V0X2lkIjoxNTczNDM5NTg0NDgyNjg3LCJhc3NldF9hZ2VfZGF5cyI6NSwidmlfdXNlY2FzZV9pZCI6MTAxMzksImR1cmF0aW9uX3MiOjYwLCJ1cmxnZW5fc291cmNlIjoid3d3In0%3D&ccb=17-1&vs=c4d4972e98a4c4c&_nc_vs=HBksFQIYRWZiX2VwaGVtZXJhbC9CODQ0MDFDMTJDQUVGOTlEQTc2MTQ1OEQ3OEZGQjM4Q19tdF8xX3ZpZGVvX2Rhc2hpbml0Lm1wNBUAAsgBEgAVAhhAZmJfcGVybWFuZW50L0ZGNERFRkNENjhDOUY5RDMzMDFDRkFBQjQ3NUNFQjg2X2F1ZGlvX2Rhc2hpbml0Lm1wNBUCAsgBEgAoABgAGwKIB3VzZV9vaWwBMRJwcm9ncmVzc2l2ZV9yZWNpcGUBMRUAACb-1ZG4nsLLBRUCKAJDMywXQE4ZmZmZmZoYGWRhc2hfaDI2NC1iYXNpYy1nZW4yXzcyMHARAHUAZbaeAQA&_nc_gid=g1bpNOyVoKjxeQDVkiKimA&_nc_ss=7f289&_nc_zt=28&oh=00_Af93PodU1l5cVLTC1htxVTRPrW0HQhGU6Q3diIrCC4CnuQ&oe=6A4631AB,https://scontent.fblr20-3.fna.fbcdn.net/v/t39.35426-6/723831480_4394867274116913_8320307016466768238_n.jpg?_nc_cat=100&ccb=1-7&_nc_sid=c53f8f&_nc_ohc=ItuFYSB95x0Q7kNvwHHXssM&_nc_oc=Adpras3i9HPC9CRFLOg-IteemhFchOBgiba0acS2Nn31TUQIUx3jBBmtauFcGzo7WS__7DWn0nYyXBFRHi8WtcNj&_nc_zt=14&_nc_ht=scontent.fblr20-3.fna&_nc_gid=g1bpNOyVoKjxeQDVkiKimA&_nc_ss=7f289&oh=00_Af95TJWVWOPN2RxoC1VbFmdI3lHSth6b8k3ZB0tRqhOZxA&oe=6A464A9D,2026-07-02T09:38:51.000Z,2026-06-28
43,42,SpeakX,540653459131632,SpeakX - Learn to Speak English,,IN,28352116964378958,https://www.facebook.com/ads/library/?id=28352116964378958,2026-06-24,,false,false,1,0,,2026-06-24,,ಮೂಲದಿಂದ spoken English ಕಲಿಯಿ. ದಿನಸಿ ಅಭ್ಯಾಸಕ್ಕೆ AI ಸಹಾಯ. ಕನ್ನಡಿಗರಿಗೆ ಸೂಕ್ತ.,ಇಂಗ್ಲಿಷ್ ಮಾತನಾಡಲು ಕಲಿಯಿ,Install now,http://play.google.com/store/apps/details?id=yellowclass.kids.live,"Facebook,Instagram,Messenger,Threads",ಮೂಲದಿಂದ spoken English ಕಲಿಯಿ. ದಿನಸಿ ಅಭ್ಯಾಸಕ್ಕೆ AI ಸಹಾಯ. ಕನ್ನಡಿಗರಿಗೆ ಸೂಕ್ತ.,ಇಂಗ್ಲಿಷ್ ಮಾತನಾಡಲು ಕಲಿಯಿ,Install now,http://play.google.com/store/apps/details?id=yellowclass.kids.live,Video,"Facebook,Instagram,Messenger,Threads",1,0,1:1,https://video.fblr20-3.fna.fbcdn.net/o1/v/t2/f2/m366/AQNN-R-xk6zj0wBIOIYxUKCVtw_eIrxQ1d5AAddfk6ayQZLhsMWYGJ4QvDDyA0lH6HeHJewqimsMsW-mYdjnFNg77prAOy4zu2s2wreVojIf5Q.mp4?_nc_cat=109&_nc_oc=AdpSg25VoNKb5PWq4ZO-5hm9dQChbsy4j6Z6A5xLDpaYYl_9R5LZxbF7STbTeS-8XIA92fMC1wwjC1xfKfZsEijZ&_nc_sid=b66105&_nc_ht=video.fblr20-3.fna.fbcdn.net&_nc_ohc=WV9Zu5DDQSMQ7kNvwH4Y-PQ&efg=eyJ2ZW5jb2RlX3RhZyI6Inhwdl9wcm9ncmVzc2l2ZS5WSV9VU0VDQVNFX1BST0RVQ1RfVFlQRS4uQzMuNzIwLmRhc2hfaDI2NC1iYXNpYy1nZW4yXzcyMHAiLCJ4cHZfYXNzZXRfaWQiOjk2ODc0MjQ0OTA4MzAyOSwiYXNzZXRfYWdlX2RheXMiOjM3LCJ2aV91c2VjYXNlX2lkIjoxMDEzOSwiZHVyYXRpb25fcyI6NjEsInVybGdlbl9zb3VyY2UiOiJ3d3cifQ%3D%3D&ccb=17-1&vs=e9025cbab222af3&_nc_vs=HBksFQIYRWZiX2VwaGVtZXJhbC9COTQ1RTUzQjBGNDFFNkIyMzdCMDI3QzQ5RkMyMEY5RV9tdF8xX3ZpZGVvX2Rhc2hpbml0Lm1wNBUAAsgBEgAVAhhAZmJfcGVybWFuZW50LzBBNDZCREU4RkFENzEyMUVERkRCQkU0QkRCODRGRTg2X2F1ZGlvX2Rhc2hpbml0Lm1wNBUCAsgBEgAoABgAGwKIB3VzZV9vaWwBMRJwcm9ncmVzc2l2ZV9yZWNpcGUBMRUAACaqyvPYncS4AxUCKAJDMywXQE6VP3ztkWgYGWRhc2hfaDI2NC1iYXNpYy1nZW4yXzcyMHARAHUAZbaeAQA&_nc_gid=g1bpNOyVoKjxeQDVkiKimA&_nc_ss=7f289&_nc_zt=28&oh=00_Af8rV_i304Nt-SixqW7mYE0HOpTTuKaJAPIK4owxDNKPQQ&oe=6A464637,https://scontent.fblr20-2.fna.fbcdn.net/v/t39.35426-6/730069511_1031664519319418_4312211715837173900_n.jpg?_nc_cat=104&ccb=1-7&_nc_sid=c53f8f&_nc_ohc=h8sc0EDkIsoQ7kNvwHpMhFx&_nc_oc=Adp9d5l9RK258lb5Dm2llaWWvVIExh8v4fP84d7s-Sg4pJU2kVhFZSzsBfYZodPRmzfc7Jdjs-MPZ0mb-etfoLpv&_nc_zt=14&_nc_ht=scontent.fblr20-2.fna&_nc_gid=g1bpNOyVoKjxeQDVkiKimA&_nc_ss=7f289&oh=00_Af8zBosn0NrCjxkgkYvvJCUD5A3AJlCKdP87JfECXbSk2Q&oe=6A464408,2026-07-02T11:06:31.000Z,2026-06-28
44,43,SpeakX,540653459131632,SpeakX - Learn to Speak English,,IN,2295536704309986,https://www.facebook.com/ads/library/?id=2295536704309986,2026-05-15,,false,false,1,0,,2026-05-15,,"बच्चे की अंग्रेज़ी के लिए महँगी ट्यूशन की ज़रूरत नहीं... 💸 जब माँ खुद उसकी पहली टीचर बन सकती है। 👩‍🏫❤️

माँ ने SpeakX से सीखा — और अब रोज़ शाम बच्चे के साथ बैठकर अंग्रेज़ी पढ़ाती है। ✨

🚀 ७ दिन का बोली अंग्रेज़ी परीक्षण शुरू करें सिर्फ़ ₹२ में! नीचे दिए लिंक पर क्लिक करें।

🌟 बच्चों के लिए सबसे बेहतर:
⏳ सिर्फ़ १५ मिनट: खेल-खेल में सीखें — बोझ नहीं लगेगा।
🤫 पूरी तरह निजी: AI कोच — बिना डर के, बिना झिझक के बोलो।
🏆 पुरस्कार और बैज: हर क़दम पर तारीफ़ — आत्मविश्वास बढ़ता जाएगा।",SpeakX - ऑनलाइन इंग्लिश बोलना सीखें,Install now,http://play.google.com/store/apps/details?id=yellowclass.kids.live,"Facebook,Instagram","बच्चे की अंग्रेज़ी के लिए महँगी ट्यूशन की ज़रूरत नहीं... 💸 जब माँ खुद उसकी पहली टीचर बन सकती है। 👩‍🏫❤️

माँ ने SpeakX से सीखा — और अब रोज़ शाम बच्चे के साथ बैठकर अंग्रेज़ी पढ़ाती है। ✨

🚀 ७ दिन का बोली अंग्रेज़ी परीक्षण शुरू करें सिर्फ़ ₹२ में! नीचे दिए लिंक पर क्लिक करें।

🌟 बच्चों के लिए सबसे बेहतर:
⏳ सिर्फ़ १५ मिनट: खेल-खेल में सीखें — बोझ नहीं लगेगा।
🤫 पूरी तरह निजी: AI कोच — बिना डर के, बिना झिझक के बोलो।
🏆 पुरस्कार और बैज: हर क़दम पर तारीफ़ — आत्मविश्वास बढ़ता जाएगा।",SpeakX - ऑनलाइन इंग्लिश बोलना सीखें,Install now,http://play.google.com/store/apps/details?id=yellowclass.kids.live,Video,"Facebook,Instagram",1,0,9:16,https://video.fblr20-2.fna.fbcdn.net/o1/v/t2/f2/m366/AQP9m4kf1EHbeK1e7ZzQP8veB0pHib2P0a5i8jTcqFmbKc-cx016aVmU1CCkaUA5pcGnn89Fs3Dy7Q-jdOP7j2hdsUdLMxs7DSG-MwyR8u85JA.mp4?_nc_cat=104&_nc_oc=AdpzaiNFnkjul6sCK-bGrG_GFVk-qeVAw9kp0ZZ_doZ0gFOC8cNY6zKH6PhorNSybwD67xX87hXrAjciQnbWENIa&_nc_sid=b66105&_nc_ht=video.fblr20-2.fna.fbcdn.net&_nc_ohc=N-Mshoaqd40Q7kNvwG3poJb&efg=eyJ2ZW5jb2RlX3RhZyI6Inhwdl9wcm9ncmVzc2l2ZS5WSV9VU0VDQVNFX1BST0RVQ1RfVFlQRS4uQzMuNzIwLmRhc2hfaDI2NC1iYXNpYy1nZW4yXzcyMHAiLCJ4cHZfYXNzZXRfaWQiOjE1MDEzNjQ4MTQ4NTY0MDgsImFzc2V0X2FnZV9kYXlzIjo0MiwidmlfdXNlY2FzZV9pZCI6MTA3OTksImR1cmF0aW9uX3MiOjMwLCJ1cmxnZW5fc291cmNlIjoid3d3In0%3D&ccb=17-1&vs=e96315ac173dee9&_nc_vs=HBksFQIYRWZiX2VwaGVtZXJhbC9DQzRFRTNGNDY1REM3OUVBNTM1NUUzRUU2NDZCRjNCRV9tdF8xX3ZpZGVvX2Rhc2hpbml0Lm1wNBUAAsgBEgAVAhhAZmJfcGVybWFuZW50L0Q2NERBMkREQkE5OEE1NUZCNkIxQTg0NDBEQTk4OUFDX2F1ZGlvX2Rhc2hpbml0Lm1wNBUCAsgBEgAoABgAGwKIB3VzZV9vaWwBMRJwcm9ncmVzc2l2ZV9yZWNpcGUBMRUAACawg77H996qBRUCKAJDMywXQD6Q5WBBiTcYGWRhc2hfaDI2NC1iYXNpYy1nZW4yXzcyMHARAHUAZd6oAQA&_nc_gid=g1bpNOyVoKjxeQDVkiKimA&_nc_ss=7f289&_nc_zt=28&oh=00_Af98H-tiwQmMWjfFJSbkC7TYAygKqKIbxk2YPQ_wO24o2g&oe=6A46364C,https://scontent.fblr20-3.fna.fbcdn.net/v/t39.35426-6/698751446_1684489989668067_3605545543246556586_n.jpg?_nc_cat=105&ccb=1-7&_nc_sid=c53f8f&_nc_ohc=KKZcNaHphyoQ7kNvwF29Bhb&_nc_oc=AdpQJmvKxN8Wd34uLWFtv_yRXt8-XSc6tH6eUsqOnZij6FjzlZOjIpjhYFIwWqUb8RBs2bylo_Va1ZJE-9LcWM01&_nc_zt=14&_nc_ht=scontent.fblr20-3.fna&_nc_gid=g1bpNOyVoKjxeQDVkiKimA&_nc_ss=7f289&oh=00_Af_eSrOR8ewjvN4uEv47JDezgL1Xs85_h8FEAbmJQHXPMQ&oe=6A46594A,2026-07-02T09:58:36.000Z,2026-06-28
45,44,SpeakX,540653459131632,SpeakX - Learn to Speak English,,IN,1030329693015754,https://www.facebook.com/ads/library/?id=1030329693015754,2026-06-16,,false,false,1,0,,2026-06-16,,Elaanti sankocham lekunda English maatladaalanukuntunnaraa? SpeakX AI tutor tho rojoo practice cheyandi. Kevalam ₹2ke trial modalupettandi,అత్యధిక రేటింగ్ AI ఇంగ్లీష్ యాప్,Install now,http://play.google.com/store/apps/details?id=yellowclass.kids.live,"Facebook,Instagram,Messenger,Threads",Elaanti sankocham lekunda English maatladaalanukuntunnaraa? SpeakX AI tutor tho rojoo practice cheyandi. Kevalam ₹2ke trial modalupettandi,అత్యధిక రేటింగ్ AI ఇంగ్లీష్ యాప్,Install now,http://play.google.com/store/apps/details?id=yellowclass.kids.live,Video,"Facebook,Instagram,Messenger,Threads",1,0,9:16,https://video.fblr20-3.fna.fbcdn.net/o1/v/t2/f2/m366/AQPQMnqERSdkPFcTJTWDhzZqsVD9BTfiF9kZ6_8Cbcusdx3VNdOanmOS2R2IIu99CcWKPIChmKBQ4JdUPEoOeUKHOmYdKz4mpGc6ugakhJ9G-A.mp4?_nc_cat=100&_nc_oc=AdqldiLEVkWQxg84UZyd2OTjTRJTcQNifdgsuNatxLu0GrHXxUIaPekFtoo3J4DMMqobVOWkH4e4faMFPMz9ZeYx&_nc_sid=b66105&_nc_ht=video.fblr20-3.fna.fbcdn.net&_nc_ohc=zNU0hX4PQXwQ7kNvwHQsgjh&efg=eyJ2ZW5jb2RlX3RhZyI6Inhwdl9wcm9ncmVzc2l2ZS5WSV9VU0VDQVNFX1BST0RVQ1RfVFlQRS4uQzMuNzIwLmRhc2hfaDI2NC1iYXNpYy1nZW4yXzcyMHAiLCJ4cHZfYXNzZXRfaWQiOjE1MDE4MTAzMzQ5NzU0MTcsImFzc2V0X2FnZV9kYXlzIjoxMCwidmlfdXNlY2FzZV9pZCI6MTA3OTksImR1cmF0aW9uX3MiOjU5LCJ1cmxnZW5fc291cmNlIjoid3d3In0%3D&ccb=17-1&vs=95a721d05a93046b&_nc_vs=HBksFQIYRWZiX2VwaGVtZXJhbC84RDREQjRENUY3QkYwQkFDNEM1MDNEMjJERDI0NUE4OF9tdF8xX3ZpZGVvX2Rhc2hpbml0Lm1wNBUAAsgBEgAVAhhAZmJfcGVybWFuZW50LzFENDkwMEE4NjJGMTgwMTUxNDU4RjM1NTgwQkM4Rjk3X2F1ZGlvX2Rhc2hpbml0Lm1wNBUCAsgBEgAoABgAGwKIB3VzZV9vaWwBMRJwcm9ncmVzc2l2ZV9yZWNpcGUBMRUAACbylsr47viqBRUCKAJDMywXQE3MzMzMzM0YGWRhc2hfaDI2NC1iYXNpYy1nZW4yXzcyMHARAHUAZd6oAQA&_nc_gid=g1bpNOyVoKjxeQDVkiKimA&_nc_ss=7f289&_nc_zt=28&oh=00_Af8lZ2X3JNHVEybvnN81r754vRyW0mKqv8WPTw1-AypaMw&oe=6A463564,https://scontent.fblr20-2.fna.fbcdn.net/v/t39.35426-6/725034334_3417536711754831_3794645726946868388_n.jpg?_nc_cat=104&ccb=1-7&_nc_sid=c53f8f&_nc_ohc=JJqFA0VXKSMQ7kNvwEwP6Hp&_nc_oc=AdqlQHeBt0eB_X_dAOpveZJmNhEWxm5oAkUo3HC1EYtlWw1pjMrEZmuvMDXI4IIXvG52js6AqyTmyX9dpkUB4ku_&_nc_zt=14&_nc_ht=scontent.fblr20-2.fna&_nc_gid=g1bpNOyVoKjxeQDVkiKimA&_nc_ss=7f289&oh=00_Af9Ror95GI02dNQ0_2FtJ217mOE_wtp2hYrR0XMurLLHfg&oe=6A4647A9,2026-07-02T09:54:44.000Z,2026-06-28
46,45,SpeakX,540653459131632,SpeakX - Learn to Speak English,,IN,1883151975705319,https://www.facebook.com/ads/library/?id=1883151975705319,2026-06-03,,false,false,1,0,,2026-06-03,,English speaking made easy with SpeakX App,Spoken English course,Install now,http://play.google.com/store/apps/details?id=yellowclass.kids.live,"Facebook,Instagram,Messenger,Threads",English speaking made easy with SpeakX App,Spoken English course,Install now,http://play.google.com/store/apps/details?id=yellowclass.kids.live,Video,"Facebook,Instagram,Messenger,Threads",1,0,1:1,https://video.fblr20-4.fna.fbcdn.net/o1/v/t2/f2/m366/AQMpLES_wER0-eRh1QzKpglSFW7dZz4WPRntl1qmcbh_IpeWSNPP7dB_hIBcgnNgEFA6yiaKTJadnKBmjXm-mCXux7LMI4uCY6p6ARpkh49q4A.mp4?_nc_cat=101&_nc_oc=AdqVUpFXxLpQzu9il3MjOLW34HDvK2EdnDvL2udLCCA7nV1oNHoSe_XekxQzc-VAcIuQeX2mkBsWmrBa1YLRoYde&_nc_sid=b66105&_nc_ht=video.fblr20-4.fna.fbcdn.net&_nc_ohc=ieWbybsldmIQ7kNvwGQAeUo&efg=eyJ2ZW5jb2RlX3RhZyI6Inhwdl9wcm9ncmVzc2l2ZS5WSV9VU0VDQVNFX1BST0RVQ1RfVFlQRS4uQzMuNzIwLmRhc2hfaDI2NC1iYXNpYy1nZW4yXzcyMHAiLCJ4cHZfYXNzZXRfaWQiOjEwMDk1OTQwMjE1Njg2MzYsImFzc2V0X2FnZV9kYXlzIjoyOCwidmlfdXNlY2FzZV9pZCI6MTAxMzksImR1cmF0aW9uX3MiOjU2LCJ1cmxnZW5fc291cmNlIjoid3d3In0%3D&ccb=17-1&vs=764aeff55597f17e&_nc_vs=HBksFQIYRWZiX2VwaGVtZXJhbC82QzRCMEE2NjNGNDQ5Nzg5RDIzMTVGNDIzNjU4NEZBQl9tdF8xX3ZpZGVvX2Rhc2hpbml0Lm1wNBUAAsgBEgAVAhhAZmJfcGVybWFuZW50L0JENDMxMUYxNTQ2MDZDOEU3QzcyRkJDMzg2MUE0M0EwX2F1ZGlvX2Rhc2hpbml0Lm1wNBUCAsgBEgAoABgAGwKIB3VzZV9vaWwBMRJwcm9ncmVzc2l2ZV9yZWNpcGUBMRUAACb4ga_QjY7LAxUCKAJDMywXQEwzMzMzMzMYGWRhc2hfaDI2NC1iYXNpYy1nZW4yXzcyMHARAHUAZbaeAQA&_nc_gid=g1bpNOyVoKjxeQDVkiKimA&_nc_ss=7f289&_nc_zt=28&oh=00_Af_eNGvKpjemjHUcT9JcVq5YRl0S66TDGhs_ul2VwNzjmQ&oe=6A4655EF,https://scontent.fblr20-5.fna.fbcdn.net/v/t39.35426-6/710481943_1692232468865162_5863209956503010087_n.jpg?_nc_cat=107&ccb=1-7&_nc_sid=c53f8f&_nc_ohc=Y4lGiSNMIMYQ7kNvwErnAjy&_nc_oc=Adoz_F4NyKwcb7VhjfjnnUUyF3tYfd5iFXaj3GGn2AFtfqRKu4tiNxOXFsX6tVgwXh6Oh4aSfB1e5MQVTuz0K6Xw&_nc_zt=14&_nc_ht=scontent.fblr20-5.fna&_nc_gid=g1bpNOyVoKjxeQDVkiKimA&_nc_ss=7f289&oh=00_Af8JLZegosylh-nTP-LUNaeoENYdMUR19bZKL4R2rX2Bew&oe=6A46397D,2026-07-02T12:13:35.000Z,2026-06-28
47,46,SpeakX,540653459131632,SpeakX - Learn to Speak English,,IN,1544800664105521,https://www.facebook.com/ads/library/?id=1544800664105521,2026-06-22,,false,false,1,0,,2026-06-22,,Ab bina ruke English bolo. Speakx AI tutor ke saath rozana practice karein.,"Learn English, Let's Talk",Install now,http://play.google.com/store/apps/details?id=yellowclass.kids.live,"Facebook,Instagram,Audience Network,Messenger,Threads",Ab bina ruke English bolo. Speakx AI tutor ke saath rozana practice karein.,"Learn English, Let's Talk",Install now,http://play.google.com/store/apps/details?id=yellowclass.kids.live,Video,"Facebook,Instagram,Audience Network,Messenger,Threads",1,0,16:9,https://video.fblr20-3.fna.fbcdn.net/o1/v/t2/f2/m366/AQNJM9CQNkWEEux2s8MNR32k1McUbpDFc9H3TLgjuAYHj8SISEgL1t7zhw8OTW0yPre3lofiPZVUPTxx4sDXEfv-dmEWpTgHrNY5x8iX4Llqcw.mp4?_nc_cat=100&_nc_oc=Adplp249GlkFs5vp_VmwZ4oNCBPP5ctMxUewFfiwBVAcNROMDMCiQXRcFemcgyR_KUAQZtiRM47WWa2yWKBPjMp8&_nc_sid=b66105&_nc_ht=video.fblr20-3.fna.fbcdn.net&_nc_ohc=zVECopepa5sQ7kNvwHbBXDP&efg=eyJ2ZW5jb2RlX3RhZyI6Inhwdl9wcm9ncmVzc2l2ZS5WSV9VU0VDQVNFX1BST0RVQ1RfVFlQRS4uQzMuMTA4MC5kYXNoX2gyNjQtYmFzaWMtZ2VuMl83MjBwIiwieHB2X2Fzc2V0X2lkIjoxNzA3MzI3NDQ3MjYwMDA1LCJhc3NldF9hZ2VfZGF5cyI6NSwidmlfdXNlY2FzZV9pZCI6MTAxMzksImR1cmF0aW9uX3MiOjU3LCJ1cmxnZW5fc291cmNlIjoid3d3In0%3D&ccb=17-1&vs=cf6750e854cb420f&_nc_vs=HBksFQIYRWZiX2VwaGVtZXJhbC81OTRBNTQ4NTg4MEE0QkQ3Qzk1MkNDNzA1NUMzQ0M4OV9tdF8xX3ZpZGVvX2Rhc2hpbml0Lm1wNBUAAsgBEgAVAhhAZmJfcGVybWFuZW50L0ZDNDA3NzI2MThCMUVDODU2NkFDMzk5ODgwRTU0MzkzX2F1ZGlvX2Rhc2hpbml0Lm1wNBUCAsgBEgAoABgAGwKIB3VzZV9vaWwBMRJwcm9ncmVzc2l2ZV9yZWNpcGUBMRUAACbK7ZLgxLOIBhUCKAJDMywXQEyAAAAAAAAYGWRhc2hfaDI2NC1iYXNpYy1nZW4yXzcyMHARAHUAZbaeAQA&_nc_gid=g1bpNOyVoKjxeQDVkiKimA&_nc_ss=7f289&_nc_zt=28&oh=00_Af8qVvqn0XReWxYKgyO-7HMuo_NLYAPNgXsEVXVa75NfOQ&oe=6A4645B4,https://scontent.fblr20-3.fna.fbcdn.net/v/t39.35426-6/727904896_2887393301602669_7209622686890295276_n.jpg?_nc_cat=105&ccb=1-7&_nc_sid=c53f8f&_nc_ohc=SYqiqwXfsb8Q7kNvwFv_tXt&_nc_oc=Ado-EAduEgwgpXSqWU-yCHx8bo82Mr9umSQafUcB1xtdL70rqufnalAzBlOv7ItcgzAR-ujnl0_9f-_tsVPsjLVn&_nc_zt=14&_nc_ht=scontent.fblr20-3.fna&_nc_gid=g1bpNOyVoKjxeQDVkiKimA&_nc_ss=7f289&oh=00_Af8SNY5NAxgmImusg8cQgzb6djGtzwDyUrGCC--wPI5bpg&oe=6A464CBA,2026-07-02T11:04:20.000Z,2026-06-28
48,47,SpeakX,540653459131632,SpeakX - Learn to Speak English,,IN,1963315200982929,https://www.facebook.com/ads/library/?id=1963315200982929,2026-06-15,,false,false,1,0,,2026-06-15,,SpeakX ആപ്പിൽ ആത്മവിശ്വാസത്തോടെ ഇംഗ്ലീഷ് സംസാരിക്കുക. വ്യക്തിഗത AI അധ്യാപകൻ ലഭിക്കും.,സുഗമമായി ഇംഗ്ലീഷ് സംസാരിക്കുക,Install now,http://play.google.com/store/apps/details?id=yellowclass.kids.live,"Facebook,Instagram,Audience Network,Messenger,Threads",SpeakX ആപ്പിൽ ആത്മവിശ്വാസത്തോടെ ഇംഗ്ലീഷ് സംസാരിക്കുക. വ്യക്തിഗത AI അധ്യാപകൻ ലഭിക്കും.,സുഗമമായി ഇംഗ്ലീഷ് സംസാരിക്കുക,Install now,http://play.google.com/store/apps/details?id=yellowclass.kids.live,Video,"Facebook,Instagram,Audience Network,Messenger,Threads",1,0,1:1,https://video.fblr20-4.fna.fbcdn.net/o1/v/t2/f2/m366/AQMZFPxtFilAOID6FuFWbqujsZUYsQNVWyMBOZo2Q841D22L8RKdZRpBHY4wZ95afm2_6OOg8_W5SuRfntPMf8uTL6bBFKPfQzBMoGrsDT4sYQ.mp4?_nc_cat=101&_nc_oc=AdrwSMc99mIHiyMpMTLLfWWLieLGYCRqQQ5WLI4mBsz5WanO3ZZXJvZabBzYa9EhX6njVW5MZpbGOd4aQZxk7_31&_nc_sid=b66105&_nc_ht=video.fblr20-4.fna.fbcdn.net&_nc_ohc=j8cG6hsRobMQ7kNvwHB5GNV&efg=eyJ2ZW5jb2RlX3RhZyI6Inhwdl9wcm9ncmVzc2l2ZS5WSV9VU0VDQVNFX1BST0RVQ1RfVFlQRS4uQzMuNzIwLmRhc2hfaDI2NC1iYXNpYy1nZW4yXzcyMHAiLCJ4cHZfYXNzZXRfaWQiOjI3MzAzODE2NjgyNjEzMjcxLCJhc3NldF9hZ2VfZGF5cyI6MTEsInZpX3VzZWNhc2VfaWQiOjEwMTM5LCJkdXJhdGlvbl9zIjo2NSwidXJsZ2VuX3NvdXJjZSI6Ind3dyJ9&ccb=17-1&vs=461c1277c3d1626e&_nc_vs=HBksFQIYRWZiX2VwaGVtZXJhbC81MzRFQUM2MDFBNzg4RDE4N0U3NUYwRUFDNEI0REFCOF9tdF8xX3ZpZGVvX2Rhc2hpbml0Lm1wNBUAAsgBEgAVAhhAZmJfcGVybWFuZW50L0YwNDkwMjg5RTM4RjUyMzNFNUJFMTRCRjE2MTQwNDg4X2F1ZGlvX2Rhc2hpbml0Lm1wNBUCAsgBEgAoABgAGwKIB3VzZV9vaWwBMRJwcm9ncmVzc2l2ZV9yZWNpcGUBMRUAACauqInmpquAYRUCKAJDMywXQFBgAAAAAAAYGWRhc2hfaDI2NC1iYXNpYy1nZW4yXzcyMHARAHUAZbaeAQA&_nc_gid=g1bpNOyVoKjxeQDVkiKimA&_nc_ss=7f289&_nc_zt=28&oh=00_Af87HDRdaaouYwTxpvAQ7diDuXyegXe7E0nDoksBItTzPQ&oe=6A46395B,https://scontent.fblr20-1.fna.fbcdn.net/v/t39.35426-6/724731713_2959501687724989_8539205978002101401_n.jpg?_nc_cat=108&ccb=1-7&_nc_sid=c53f8f&_nc_ohc=vhCxzuk7zycQ7kNvwHsXAdQ&_nc_oc=AdqoX96kOYfj0_pEWl8I6tz93zTVdbWQboRVU4vRADN_-5WKsauh8ORyKLl1b_UKhYbd_9mCerlURIdfC9sItWP4&_nc_zt=14&_nc_ht=scontent.fblr20-1.fna&_nc_gid=g1bpNOyVoKjxeQDVkiKimA&_nc_ss=7f289&oh=00_Af-LuN23XdWadZ7LGictOnQ1ULn1hCJOfBOskd7poVwnTw&oe=6A464E4A,2026-07-02T10:11:39.000Z,2026-06-28
49,48,SpeakX,540653459131632,SpeakX - Learn to Speak English,,IN,1406313074589852,https://www.facebook.com/ads/library/?id=1406313074589852,2026-06-01,,false,false,1,0,,2026-06-01,,English speaking made easy with SpeakX App,Spoken English course,Install now,http://play.google.com/store/apps/details?id=yellowclass.kids.live,"Facebook,Instagram,Messenger,Threads",English speaking made easy with SpeakX App,Spoken English course,Install now,http://play.google.com/store/apps/details?id=yellowclass.kids.live,Video,"Facebook,Instagram,Messenger,Threads",1,0,1:1,https://video.fblr20-4.fna.fbcdn.net/o1/v/t2/f2/m366/AQPi8YcmhcKF-kLb9_n_lfwop277QZKgAraSnBqvSsaIGYkabq_FLWZfzTtVLwcldDzhroggru_ub6ufuOh71Jnx1gIlzDsFVvH-nQkKTxUeGA.mp4?_nc_cat=103&_nc_oc=AdrLRAUm5BQao8hqplXfUF6kqHABzNICKP29XM6BZBhUKaCuVU-uKRcuwEH2ZTkkr_jipmYPFpMUzL_EZcn-M9YF&_nc_sid=b66105&_nc_ht=video.fblr20-4.fna.fbcdn.net&_nc_ohc=Akc3EOtUvn4Q7kNvwHK8hmo&efg=eyJ2ZW5jb2RlX3RhZyI6Inhwdl9wcm9ncmVzc2l2ZS5WSV9VU0VDQVNFX1BST0RVQ1RfVFlQRS4uQzMuNzIwLmRhc2hfaDI2NC1iYXNpYy1nZW4yXzcyMHAiLCJ4cHZfYXNzZXRfaWQiOjc5ODM5NTc3OTg3NzQ2OSwiYXNzZXRfYWdlX2RheXMiOjI4LCJ2aV91c2VjYXNlX2lkIjoxMDEzOSwiZHVyYXRpb25fcyI6NTUsInVybGdlbl9zb3VyY2UiOiJ3d3cifQ%3D%3D&ccb=17-1&vs=181be211dacb667d&_nc_vs=HBksFQIYRWZiX2VwaGVtZXJhbC9BMDQxODlCMEY4QjMwMDZDRDlGMUE1OTZFQUZDNEY5NV9tdF8xX3ZpZGVvX2Rhc2hpbml0Lm1wNBUAAsgBEgAVAhhAZmJfcGVybWFuZW50L0VCNEE3REYxOTk0NjlDNTIxNzgyMEZFQzg3MDhBQTgzX2F1ZGlvX2Rhc2hpbml0Lm1wNBUCAsgBEgAoABgAGwKIB3VzZV9vaWwBMRJwcm9ncmVzc2l2ZV9yZWNpcGUBMRUAACa6qcyN4IjrAhUCKAJDMywXQEvd0vGp--cYGWRhc2hfaDI2NC1iYXNpYy1nZW4yXzcyMHARAHUAZbaeAQA&_nc_gid=g1bpNOyVoKjxeQDVkiKimA&_nc_ss=7f289&_nc_zt=28&oh=00_Af_jUN4zxYITjSnYFz0izfqVSFaEmvU3KZJkxjM2Wnb8cA&oe=6A464095,https://scontent.fblr20-2.fna.fbcdn.net/v/t39.35426-6/710745557_973838642238882_2096807598717780652_n.jpg?_nc_cat=104&ccb=1-7&_nc_sid=c53f8f&_nc_ohc=XLsLPQENRj0Q7kNvwGNk4Ck&_nc_oc=Adp7IASAJ_C2EnoyztIqUwamjq0-SkxdCQhdYYTtgWtoHBsLuWkciVcOq8vUSGfpMiYtz7223qt9V4_-RYAfu0Ss&_nc_zt=14&_nc_ht=scontent.fblr20-2.fna&_nc_gid=g1bpNOyVoKjxeQDVkiKimA&_nc_ss=7f289&oh=00_Af8hJN8dQhOyJzVBvzGsZLZFdqoDFdoqXo2mCTPFkDpmlA&oe=6A462A6E,2026-07-02T10:42:29.000Z,2026-06-28
50,49,SpeakX,540653459131632,SpeakX - Learn to Speak English,,IN,2289248188147929,https://www.facebook.com/ads/library/?id=2289248188147929,2026-06-21,,false,false,1,0,,2026-06-21,,ಮೂಲದಿಂದ spoken English ಕಲಿಯಿ. ದಿನಸಿ ಅಭ್ಯಾಸಕ್ಕೆ AI ಸಹಾಯ. ಕನ್ನಡಿಗರಿಗೆ ಸೂಕ್ತ.,ಇಂಗ್ಲಿಷ್ ಮಾತನಾಡಲು ಕಲಿಯಿ,Install now,http://play.google.com/store/apps/details?id=yellowclass.kids.live,"Facebook,Instagram,Messenger,Threads",ಮೂಲದಿಂದ spoken English ಕಲಿಯಿ. ದಿನಸಿ ಅಭ್ಯಾಸಕ್ಕೆ AI ಸಹಾಯ. ಕನ್ನಡಿಗರಿಗೆ ಸೂಕ್ತ.,ಇಂಗ್ಲಿಷ್ ಮಾತನಾಡಲು ಕಲಿಯಿ,Install now,http://play.google.com/store/apps/details?id=yellowclass.kids.live,Video,"Facebook,Instagram,Messenger,Threads",1,0,9:16,https://video.fblr20-5.fna.fbcdn.net/o1/v/t2/f2/m366/AQM7UxNd-VDUUa7xE1n3aW4nP1j2pGG4Z0BQJXzzP5JnONGdCqrPVWvoEPo4qPTyBQXL8OXnx8kEUF6ImsFiqAEN2ZJZeqy2IczrNyo6s9B4Ag.mp4?_nc_cat=107&_nc_oc=Adrfuj0IXRNr7aDiLzaTaCY1wgrmmtBSJJRjoC3kxcJcgXSvIfzJppTOx4x99xsKhFMzyI_17MbvKiqgep0VQ3ej&_nc_sid=b66105&_nc_ht=video.fblr20-5.fna.fbcdn.net&_nc_ohc=RnrxWnN4nl0Q7kNvwGJwxpT&efg=eyJ2ZW5jb2RlX3RhZyI6Inhwdl9wcm9ncmVzc2l2ZS5WSV9VU0VDQVNFX1BST0RVQ1RfVFlQRS4uQzMuNzIwLmRhc2hfaDI2NC1iYXNpYy1nZW4yXzcyMHAiLCJ4cHZfYXNzZXRfaWQiOjE1MzU5NTUyNDQ1NDE2NjYsImFzc2V0X2FnZV9kYXlzIjo1LCJ2aV91c2VjYXNlX2lkIjoxMDc5OSwiZHVyYXRpb25fcyI6OTQsInVybGdlbl9zb3VyY2UiOiJ3d3cifQ%3D%3D&ccb=17-1&vs=4a5907b77ccb3a19&_nc_vs=HBksFQIYRWZiX2VwaGVtZXJhbC9ERTRBQzcyMjBCRTg3NkFCN0ZCOThEQ0NBRkMxMEJCQ19tdF8xX3ZpZGVvX2Rhc2hpbml0Lm1wNBUAAsgBEgAVAhhAZmJfcGVybWFuZW50LzA3NDgyNkI0QUY1QjZBQzM0MzhCQTcxQzk2MENGNDkzX2F1ZGlvX2Rhc2hpbml0Lm1wNBUCAsgBEgAoABgAGwKIB3VzZV9vaWwBMRJwcm9ncmVzc2l2ZV9yZWNpcGUBMRUAACbEm--rrry6BRUCKAJDMywXQFeXbItDlYEYGWRhc2hfaDI2NC1iYXNpYy1nZW4yXzcyMHARAHUAZd6oAQA&_nc_gid=g1bpNOyVoKjxeQDVkiKimA&_nc_ss=7f289&_nc_zt=28&oh=00_Af80nbaGyY63HkeJAdgLmRcwhzgDg2EB2maaHyCzDixNgw&oe=6A463719,https://scontent.fblr20-4.fna.fbcdn.net/v/t39.35426-6/729480413_1519815869619507_3509557677866895999_n.jpg?_nc_cat=101&ccb=1-7&_nc_sid=c53f8f&_nc_ohc=dYqlaEP-ns8Q7kNvwFPX6Ev&_nc_oc=AdoGIQh7Flz3PSdkh4K91LQcsDyf4qEm94BoSJGQztM4732uwGmp1mbbzfWvJJA2EaYxr07d6hTYwd_Razwnje0H&_nc_zt=14&_nc_ht=scontent.fblr20-4.fna&_nc_gid=g1bpNOyVoKjxeQDVkiKimA&_nc_ss=7f289&oh=00_Af87beWawoPhfrEy9Lc5WCW-juT26r5OIODAuuqpJr4Akg&oe=6A4647C9,2026-07-02T10:02:01.000Z,2026-06-28
51,50,SpeakX,540653459131632,SpeakX - Learn to Speak English,,IN,1553179199937865,https://www.facebook.com/ads/library/?id=1553179199937865,2026-06-01,,false,false,1,0,,2026-06-01,,ಮೂಲದಿಂದ spoken English ಕಲಿಯಿ. ದಿನಸಿ ಅಭ್ಯಾಸಕ್ಕೆ AI ಸಹಾಯ. ಕನ್ನಡಿಗರಿಗೆ ಸೂಕ್ತ.,ಇಂಗ್ಲಿಷ್ ಮಾತನಾಡಲು ಕಲಿಯಿ,Install now,http://play.google.com/store/apps/details?id=yellowclass.kids.live,"Facebook,Instagram,Messenger,Threads",ಮೂಲದಿಂದ spoken English ಕಲಿಯಿ. ದಿನಸಿ ಅಭ್ಯಾಸಕ್ಕೆ AI ಸಹಾಯ. ಕನ್ನಡಿಗರಿಗೆ ಸೂಕ್ತ.,ಇಂಗ್ಲಿಷ್ ಮಾತನಾಡಲು ಕಲಿಯಿ,Install now,http://play.google.com/store/apps/details?id=yellowclass.kids.live,Video,"Facebook,Instagram,Messenger,Threads",1,0,1:1,https://video.fblr20-3.fna.fbcdn.net/o1/v/t2/f2/m366/AQPa-T7V1FluyjnM_xgeZVwrym7wbsEzJtTD0aXhtk4-H37Lioz40-9_QvIRRpIE4kYP1Ycw0qCFfgup8L-rOMRYg8tWYrbgtTMiegejXp-r3A.mp4?_nc_cat=109&_nc_oc=Adq2yUGNygmlcUZG1ai28jYauriq5GAV3MWe3LB2dH33ixFYDxRPdhFEr250h-Uyz6RhaDIzMwyo3Uind5a-ixiw&_nc_sid=b66105&_nc_ht=video.fblr20-3.fna.fbcdn.net&_nc_ohc=e-ZcFZGf0AwQ7kNvwFBlOMW&efg=eyJ2ZW5jb2RlX3RhZyI6Inhwdl9wcm9ncmVzc2l2ZS5WSV9VU0VDQVNFX1BST0RVQ1RfVFlQRS4uQzMuNzIwLmRhc2hfaDI2NC1iYXNpYy1nZW4yXzcyMHAiLCJ4cHZfYXNzZXRfaWQiOjE3NjM2NDY3OTQ2NjcyOTEsImFzc2V0X2FnZV9kYXlzIjozNywidmlfdXNlY2FzZV9pZCI6MTAxMzksImR1cmF0aW9uX3MiOjU3LCJ1cmxnZW5fc291cmNlIjoid3d3In0%3D&ccb=17-1&vs=1a21ad6f81f0934&_nc_vs=HBksFQIYRWZiX2VwaGVtZXJhbC80RDQ4RDVGQTVGRTY4QTRDNzlBOUUwMzFCOUYwNTI5MV9tdF8xX3ZpZGVvX2Rhc2hpbml0Lm1wNBUAAsgBEgAVAhhAZmJfcGVybWFuZW50Lzk2NDBCMjRERjlEM0EyMTBFRUM4QUM3RDc1NUMwRUI4X2F1ZGlvX2Rhc2hpbml0Lm1wNBUCAsgBEgAoABgAGwKIB3VzZV9vaWwBMRJwcm9ncmVzc2l2ZV9yZWNpcGUBMRUAACa21KTL4IGiBhUCKAJDMywXQEyZmZmZmZoYGWRhc2hfaDI2NC1iYXNpYy1nZW4yXzcyMHARAHUAZbaeAQA&_nc_gid=g1bpNOyVoKjxeQDVkiKimA&_nc_ss=7f289&_nc_zt=28&oh=00_Af9wPik99-gynb_7HLfMp3pFSyAg1I-n-gX4Xvd6-I22Gw&oe=6A464107,https://scontent.fblr20-3.fna.fbcdn.net/v/t39.35426-6/701829674_2105665173326660_5670965434287825550_n.jpg?_nc_cat=105&ccb=1-7&_nc_sid=c53f8f&_nc_ohc=brJZUCIp2FYQ7kNvwEnCEeK&_nc_oc=Adpv0i6ZfZ1b6Z-wcloTwZC5VGGKP_qT8gTg9SknUGspvgYZHF1U1mAaYzXx86vXtboAFy4lor1pN81SuUhao-Ib&_nc_zt=14&_nc_ht=scontent.fblr20-3.fna&_nc_gid=g1bpNOyVoKjxeQDVkiKimA&_nc_ss=7f289&oh=00_Af92seTf342-QcsoqVD2zL3YvraCFytGls9YNROTErTjoQ&oe=6A462843,2026-07-02T10:44:23.000Z,2026-06-28
52,51,SpeakX,540653459131632,SpeakX - Learn to Speak English,,IN,878652348591010,https://www.facebook.com/ads/library/?id=878652348591010,2026-06-01,,false,false,1,0,,2026-06-01,,English speaking made easy with SpeakX App,Spoken English course,Install now,http://play.google.com/store/apps/details?id=yellowclass.kids.live,"Facebook,Instagram,Messenger,Threads",English speaking made easy with SpeakX App,Spoken English course,Install now,http://play.google.com/store/apps/details?id=yellowclass.kids.live,Video,"Facebook,Instagram,Messenger,Threads",1,0,1:1,https://video.fblr20-1.fna.fbcdn.net/o1/v/t2/f2/m366/AQOIb3V92_d-BZcwrzTP-LOvO7QY5asZwL84UBMXYM5uMACc0DFCIjkQ3KEgXnFJWZiLfYixaiI3WO-4SDqR7nWLoVwgGxtnAT8NzkaAW-uhMA.mp4?_nc_cat=110&_nc_oc=AdoiqPb9JKNd6oI5JFRl2UnWlB5ME8bVcEoNVS1qpKInHGwbW6y_CDpFIX7S_BNeiKBvT2ILG1fo3vNHBXFkIgp0&_nc_sid=b66105&_nc_ht=video.fblr20-1.fna.fbcdn.net&_nc_ohc=cvNo7sJwPKYQ7kNvwGG-KQn&efg=eyJ2ZW5jb2RlX3RhZyI6Inhwdl9wcm9ncmVzc2l2ZS5WSV9VU0VDQVNFX1BST0RVQ1RfVFlQRS4uQzMuNzIwLmRhc2hfaDI2NC1iYXNpYy1nZW4yXzcyMHAiLCJ4cHZfYXNzZXRfaWQiOjE1NTI3MDUyOTY1NTk1NzMsImFzc2V0X2FnZV9kYXlzIjoyOCwidmlfdXNlY2FzZV9pZCI6MTAxMzksImR1cmF0aW9uX3MiOjQ2LCJ1cmxnZW5fc291cmNlIjoid3d3In0%3D&ccb=17-1&vs=16921844592c123b&_nc_vs=HBksFQIYRWZiX2VwaGVtZXJhbC83QzQwRTEwQjc4NjNDQjU5QjEyMTVFQkI4QkE3MzVBN19tdF8xX3ZpZGVvX2Rhc2hpbml0Lm1wNBUAAsgBEgAVAhhAZmJfcGVybWFuZW50LzkzNERCQTlCRUUzRDFGQUI1MjYzNDA0RkUwNjc4RDg2X2F1ZGlvX2Rhc2hpbml0Lm1wNBUCAsgBEgAoABgAGwKIB3VzZV9vaWwBMRJwcm9ncmVzc2l2ZV9yZWNpcGUBMRUAACaqt6P6q4vCBRUCKAJDMywXQEdQgxJul40YGWRhc2hfaDI2NC1iYXNpYy1nZW4yXzcyMHARAHUAZbaeAQA&_nc_gid=CGq3pHgkgPqBh3tAlo62wA&_nc_ss=7f289&_nc_zt=28&oh=00_Af_X0buMJjsSCPZfxWr9NTiVXeREfl3NjUteoGM-HXXr9w&oe=6A4653A2,https://scontent.fblr20-5.fna.fbcdn.net/v/t39.35426-6/710745747_1392429872721219_7796738093489855161_n.jpg?_nc_cat=107&ccb=1-7&_nc_sid=c53f8f&_nc_ohc=ZkAmcVIJkiAQ7kNvwGZP_q5&_nc_oc=AdrhF6ZrTOP6mPYP0oYgzuoIy18BlckU76RrwM012WQXMh5pppib6IB3IXuK3fiqpV5R40dhwR8oUYePva94i7DM&_nc_zt=14&_nc_ht=scontent.fblr20-5.fna&_nc_gid=CGq3pHgkgPqBh3tAlo62wA&_nc_ss=7f289&oh=00_Af8Co6woh_6VK0Il_Sqc7aWJ1Kc1sOqLdwQuKB6pT3SrDw&oe=6A464EE5,2026-07-02T12:03:46.000Z,2026-06-28
53,52,SpeakX,540653459131632,SpeakX - Learn to Speak English,,IN,1748068816627011,https://www.facebook.com/ads/library/?id=1748068816627011,2026-06-01,,false,false,1,0,,2026-06-01,,ಮೂಲದಿಂದ spoken English ಕಲಿಯಿ. ದಿನಸಿ ಅಭ್ಯಾಸಕ್ಕೆ AI ಸಹಾಯ. ಕನ್ನಡಿಗರಿಗೆ ಸೂಕ್ತ.,ಇಂಗ್ಲಿಷ್ ಮಾತನಾಡಲು ಕಲಿಯಿ,Install now,http://play.google.com/store/apps/details?id=yellowclass.kids.live,"Facebook,Instagram,Messenger,Threads",ಮೂಲದಿಂದ spoken English ಕಲಿಯಿ. ದಿನಸಿ ಅಭ್ಯಾಸಕ್ಕೆ AI ಸಹಾಯ. ಕನ್ನಡಿಗರಿಗೆ ಸೂಕ್ತ.,ಇಂಗ್ಲಿಷ್ ಮಾತನಾಡಲು ಕಲಿಯಿ,Install now,http://play.google.com/store/apps/details?id=yellowclass.kids.live,Video,"Facebook,Instagram,Messenger,Threads",1,0,1:1,https://video.fblr20-4.fna.fbcdn.net/o1/v/t2/f2/m366/AQMfCLgJRR_NEwNYSoYUpVCIa2KlRUGVHqw3phIOMwiOEkfBtl0nP8FuCDBEfMWbQzjeiVdYabSlbZ8eLqveQGwYJMjO9DR4pzn-YM8DmGKMqg.mp4?_nc_cat=103&_nc_oc=AdqjTkHNfur8inYyctbdx2WuAZamrecU-B3g-KAWuzOKidyvNg8EHy6ezoGTrXxzkaVLldsNSgMrqbvg1_oKxIg5&_nc_sid=b66105&_nc_ht=video.fblr20-4.fna.fbcdn.net&_nc_ohc=ncU9a1oH7AAQ7kNvwGg11oQ&efg=eyJ2ZW5jb2RlX3RhZyI6Inhwdl9wcm9ncmVzc2l2ZS5WSV9VU0VDQVNFX1BST0RVQ1RfVFlQRS4uQzMuNzIwLmRhc2hfaDI2NC1iYXNpYy1nZW4yXzcyMHAiLCJ4cHZfYXNzZXRfaWQiOjI3NTczMzI0NDg4OTE4NjQ2LCJhc3NldF9hZ2VfZGF5cyI6MjUsInZpX3VzZWNhc2VfaWQiOjEwMTM5LCJkdXJhdGlvbl9zIjo2MiwidXJsZ2VuX3NvdXJjZSI6Ind3dyJ9&ccb=17-1&vs=2ceb6ec7fd4aaf8e&_nc_vs=HBksFQIYRWZiX2VwaGVtZXJhbC9FMDQ0NkIzMEJDNUI1OTU0REZCQzBEMTk5MzI5Qzg5OV9tdF8xX3ZpZGVvX2Rhc2hpbml0Lm1wNBUAAsgBEgAVAhhAZmJfcGVybWFuZW50L0JBNEU3QUVERUFGNTJBMzlGMEZGOURCMUE3NzcwNjg1X2F1ZGlvX2Rhc2hpbml0Lm1wNBUCAsgBEgAoABgAGwKIB3VzZV9vaWwBMRJwcm9ncmVzc2l2ZV9yZWNpcGUBMRUAACbsmYK33PL6YRUCKAJDMywXQE9AAAAAAAAYGWRhc2hfaDI2NC1iYXNpYy1nZW4yXzcyMHARAHUAZbaeAQA&_nc_gid=CGq3pHgkgPqBh3tAlo62wA&_nc_ss=7f289&_nc_zt=28&oh=00_Af9V0hN-tbqwMloJb7AVcs5PHR3RaDbc1MYCXoYF4GI8rw&oe=6A464C2D,https://scontent.fblr20-2.fna.fbcdn.net/v/t39.35426-6/712884082_2046803282856995_5259303139367921999_n.jpg?_nc_cat=102&ccb=1-7&_nc_sid=c53f8f&_nc_ohc=XMQbCEd5_WMQ7kNvwFCha1A&_nc_oc=Adqve_h1opGbKkRFo7iZUxFxAg4U2nnsV_ewt2J8WVyl_I6nGO9ESDGysVRP68qg08GLcAzrFsGNfmPLD_WNJ9FV&_nc_zt=14&_nc_ht=scontent.fblr20-2.fna&_nc_gid=CGq3pHgkgPqBh3tAlo62wA&_nc_ss=7f289&oh=00_Af_hW6G7iG_oiqAKKsN67GRJrHvCYbU_UGkd7T6uQaKiKw&oe=6A464E93,2026-07-02T11:31:57.000Z,2026-06-28
54,53,SpeakX,540653459131632,SpeakX - Learn to Speak English,,IN,1459744116192629,https://www.facebook.com/ads/library/?id=1459744116192629,2026-06-01,,false,false,1,0,,2026-06-01,,ಮೂಲದಿಂದ spoken English ಕಲಿಯಿ. ದಿನಸಿ ಅಭ್ಯಾಸಕ್ಕೆ AI ಸಹಾಯ. ಕನ್ನಡಿಗರಿಗೆ ಸೂಕ್ತ.,ಇಂಗ್ಲಿಷ್ ಮಾತನಾಡಲು ಕಲಿಯಿ,Install now,http://play.google.com/store/apps/details?id=yellowclass.kids.live,"Facebook,Instagram,Messenger,Threads",ಮೂಲದಿಂದ spoken English ಕಲಿಯಿ. ದಿನಸಿ ಅಭ್ಯಾಸಕ್ಕೆ AI ಸಹಾಯ. ಕನ್ನಡಿಗರಿಗೆ ಸೂಕ್ತ.,ಇಂಗ್ಲಿಷ್ ಮಾತನಾಡಲು ಕಲಿಯಿ,Install now,http://play.google.com/store/apps/details?id=yellowclass.kids.live,Video,"Facebook,Instagram,Messenger,Threads",1,0,1:1,https://video.fblr20-3.fna.fbcdn.net/o1/v/t2/f2/m366/AQMh_aPw41HUuDdm7jbUg00Z9D2K7bSAa4julXCbtWqypsAdh9OdhiZ7s_4uZyRC6Vy8n08LSyTQUcByg9x1jjd7vbnnbVZyw5-bPrDEfVKm1w.mp4?_nc_cat=105&_nc_oc=AdqTgUbdbabeq6tXEHzdVzE4fiUQ_2k8NkogfljlYoffm0WIUfuOjOn7v9F6dUyC_-Z29AWs3kejGtaIfjxnvTd2&_nc_sid=b66105&_nc_ht=video.fblr20-3.fna.fbcdn.net&_nc_ohc=HjwiHBkZ0lkQ7kNvwHMPmLU&efg=eyJ2ZW5jb2RlX3RhZyI6Inhwdl9wcm9ncmVzc2l2ZS5WSV9VU0VDQVNFX1BST0RVQ1RfVFlQRS4uQzMuNzIwLmRhc2hfaDI2NC1iYXNpYy1nZW4yXzcyMHAiLCJ4cHZfYXNzZXRfaWQiOjE0OTQwNTQ3NTU3MTk3NDcsImFzc2V0X2FnZV9kYXlzIjo1OCwidmlfdXNlY2FzZV9pZCI6MTA3OTksImR1cmF0aW9uX3MiOjU3LCJ1cmxnZW5fc291cmNlIjoid3d3In0%3D&ccb=17-1&vs=7885cceb4c31fea2&_nc_vs=HBksFQIYRWZiX2VwaGVtZXJhbC80MjRGMjdCN0M1NUIwNDFDNzM3Q0M0RDhCQTZCODNBQ19tdF8xX3ZpZGVvX2Rhc2hpbml0Lm1wNBUAAsgBEgAVAhhAZmJfcGVybWFuZW50LzkyNDUyM0Q0RTBCQ0Q1QzNCMEQ1QTEzN0VDRUI2NDhDX2F1ZGlvX2Rhc2hpbml0Lm1wNBUCAsgBEgAoABgAGwKIB3VzZV9vaWwBMRJwcm9ncmVzc2l2ZV9yZWNpcGUBMRUAACaG6eqvt7WnBRUCKAJDMywXQEzrhR64UewYGWRhc2hfaDI2NC1iYXNpYy1nZW4yXzcyMHARAHUAZd6oAQA&_nc_gid=CGq3pHgkgPqBh3tAlo62wA&_nc_ss=7f289&_nc_zt=28&oh=00_Af-W7JWAC3bBfLVeKppFVRn0Bemcdb54cSBAUAzqT164Hw&oe=6A4632FF,https://scontent.fblr20-4.fna.fbcdn.net/v/t39.35426-6/681440313_1490936492770628_8217162676708281369_n.jpg?_nc_cat=103&ccb=1-7&_nc_sid=c53f8f&_nc_ohc=Y6VIea9yEisQ7kNvwGFSbtq&_nc_oc=AdpTGf6GTJlba8WPKtKLLQskYE9OMulwGpZwHyQLguC5vsUgd906M9A-p2dNL-6P7d3zSq54bJh6TQvRqy0eyyeQ&_nc_zt=14&_nc_ht=scontent.fblr20-4.fna&_nc_gid=CGq3pHgkgPqBh3tAlo62wA&_nc_ss=7f289&oh=00_Af_o0hdq9LOQWw__zJckISxeq-5GhpLcMYuM7jIPp9Sedw&oe=6A465730,2026-07-02T09:44:31.000Z,2026-06-28
55,54,SpeakX,540653459131632,SpeakX - Learn to Speak English,,IN,1410047180941589,https://www.facebook.com/ads/library/?id=1410047180941589,2026-06-24,,false,false,1,0,,2026-06-24,,ಮೂಲದಿಂದ spoken English ಕಲಿಯಿ. ದಿನಸಿ ಅಭ್ಯಾಸಕ್ಕೆ AI ಸಹಾಯ. ಕನ್ನಡಿಗರಿಗೆ ಸೂಕ್ತ.,ಇಂಗ್ಲಿಷ್ ಮಾತನಾಡಲು ಕಲಿಯಿ,Install now,http://play.google.com/store/apps/details?id=yellowclass.kids.live,"Facebook,Instagram,Messenger,Threads",ಮೂಲದಿಂದ spoken English ಕಲಿಯಿ. ದಿನಸಿ ಅಭ್ಯಾಸಕ್ಕೆ AI ಸಹಾಯ. ಕನ್ನಡಿಗರಿಗೆ ಸೂಕ್ತ.,ಇಂಗ್ಲಿಷ್ ಮಾತನಾಡಲು ಕಲಿಯಿ,Install now,http://play.google.com/store/apps/details?id=yellowclass.kids.live,Video,"Facebook,Instagram,Messenger,Threads",1,0,1:1,https://video.fblr20-2.fna.fbcdn.net/o1/v/t2/f2/m366/AQOJyUkmcbx2TdBE4ugsa6yYMuvQZOmcwvJuIF2Xe1w82HWVynXlrFid_ypr3TyhT2W45SuyQqKJLdPeD0-jhI2f-VMRH1lD39HFMgcSQGzNcw.mp4?_nc_cat=104&_nc_oc=AdpYJ7327lLeD_zNAyjzFLm-FIcdv96wqKLhyHpZfk8CmFtrS9o_4CFEN7Ep8fp6vLZa6gzF9BZ7IWRJjLgTVeBZ&_nc_sid=b66105&_nc_ht=video.fblr20-2.fna.fbcdn.net&_nc_ohc=0YBXJY1PvC0Q7kNvwHf7T9M&efg=eyJ2ZW5jb2RlX3RhZyI6Inhwdl9wcm9ncmVzc2l2ZS5WSV9VU0VDQVNFX1BST0RVQ1RfVFlQRS4uQzMuNzIwLmRhc2hfaDI2NC1iYXNpYy1nZW4yXzcyMHAiLCJ4cHZfYXNzZXRfaWQiOjQ1MDIwNDk0MDAwNjU2NTMsImFzc2V0X2FnZV9kYXlzIjoyNSwidmlfdXNlY2FzZV9pZCI6MTAxMzksImR1cmF0aW9uX3MiOjcyLCJ1cmxnZW5fc291cmNlIjoid3d3In0%3D&ccb=17-1&vs=3c18605a8b0a96ee&_nc_vs=HBksFQIYRWZiX2VwaGVtZXJhbC9GQzQ5QTdCQzJBNkUzRkFEM0NBMEQ4QjE3MDEyRjJCN19tdF8xX3ZpZGVvX2Rhc2hpbml0Lm1wNBUAAsgBEgAVAhhAZmJfcGVybWFuZW50LzEwNDFBMzRGQ0Q4RkYyRTVFMTk4RjRERDJBQTUwOUFFX2F1ZGlvX2Rhc2hpbml0Lm1wNBUCAsgBEgAoABgAGwKIB3VzZV9vaWwBMRJwcm9ncmVzc2l2ZV9yZWNpcGUBMRUAACbquYT04aX_DxUCKAJDMywXQFIZmZmZmZoYGWRhc2hfaDI2NC1iYXNpYy1nZW4yXzcyMHARAHUAZbaeAQA&_nc_gid=CGq3pHgkgPqBh3tAlo62wA&_nc_ss=7f289&_nc_zt=28&oh=00_Af8n-odD0bMDw8vcJiStsAYyof5OQRmRfoiKm_oMrLmJuQ&oe=6A465674,https://scontent.fblr20-3.fna.fbcdn.net/v/t39.35426-6/728225684_2415866242270872_2178146236911562456_n.jpg?_nc_cat=109&ccb=1-7&_nc_sid=c53f8f&_nc_ohc=CJbLdRxQLxwQ7kNvwEsTsi4&_nc_oc=AdozTFGazavwXbB6ublhvCNM2t4VsIcsRN9kMazctRMlGDx30q8HyUBioA2gD67b-lcTRRIKOUISykmxXr9wmrFk&_nc_zt=14&_nc_ht=scontent.fblr20-3.fna&_nc_gid=CGq3pHgkgPqBh3tAlo62wA&_nc_ss=7f289&oh=00_Af_g-tculH0Fgg-AoYbRietzH_cmXj1YKKFyVRulyl9UUA&oe=6A4649E6,2026-07-02T12:15:48.000Z,2026-06-28
56,55,SpeakX,540653459131632,SpeakX - Learn to Speak English,,IN,1543328573849703,https://www.facebook.com/ads/library/?id=1543328573849703,2026-06-01,,false,false,1,0,,2026-06-01,,"10 லட்சம்+ கற்றவர்களுடன் சேர்ந்து, உங்கள் AI ஆசிரியருடன் தாராளமாக ஆங்கிலம் பேசுங்கள்",ஆங்கிலம் கற்றுக்கொண்டு தாராளமாக பேசுங்கள்,Install now,http://play.google.com/store/apps/details?id=yellowclass.kids.live,"Facebook,Instagram,Audience Network,Messenger,Threads","10 லட்சம்+ கற்றவர்களுடன் சேர்ந்து, உங்கள் AI ஆசிரியருடன் தாராளமாக ஆங்கிலம் பேசுங்கள்",ஆங்கிலம் கற்றுக்கொண்டு தாராளமாக பேசுங்கள்,Install now,http://play.google.com/store/apps/details?id=yellowclass.kids.live,Video,"Facebook,Instagram,Audience Network,Messenger,Threads",1,0,1:1,https://video.fblr20-3.fna.fbcdn.net/o1/v/t2/f2/m366/AQO4CjYNB20JzaLP6H0b47dyr6KIHgMewTYOyi0Uq5pKOWI62nmfX6JlzgHz_4QEUxhgHsRWQYqkOiO9h0HN6F_nr7rkgRy9KXt7CTveJDabfA.mp4?_nc_cat=100&_nc_oc=Adqn_nJIzaCIvQc0obj0eg7XhzP5CNP8XjgX5N4AWG1N9qItwuUoKoUdpAlZY93g-z87pVX1WJPwS5PAmhrquhsv&_nc_sid=b66105&_nc_ht=video.fblr20-3.fna.fbcdn.net&_nc_ohc=xwzXZghjlt8Q7kNvwE24flu&efg=eyJ2ZW5jb2RlX3RhZyI6Inhwdl9wcm9ncmVzc2l2ZS5WSV9VU0VDQVNFX1BST0RVQ1RfVFlQRS4uQzMuNzIwLmRhc2hfaDI2NC1iYXNpYy1nZW4yXzcyMHAiLCJ4cHZfYXNzZXRfaWQiOjEzMTU2MzUxNjQwMTMyODMsImFzc2V0X2FnZV9kYXlzIjoyNSwidmlfdXNlY2FzZV9pZCI6MTAxMzksImR1cmF0aW9uX3MiOjUyLCJ1cmxnZW5fc291cmNlIjoid3d3In0%3D&ccb=17-1&vs=9e1106aa9440644a&_nc_vs=HBksFQIYRWZiX2VwaGVtZXJhbC9FQTQ0MzY5ODA3MEFEN0E3NTg5NUM2MjUyNjRDODJCMF9tdF8xX3ZpZGVvX2Rhc2hpbml0Lm1wNBUAAsgBEgAVAhhAZmJfcGVybWFuZW50LzFBNDAwMzFFQzQxNzNBMTRFNzZFNTY3MTU5MTMzMUJDX2F1ZGlvX2Rhc2hpbml0Lm1wNBUCAsgBEgAoABgAGwKIB3VzZV9vaWwBMRJwcm9ncmVzc2l2ZV9yZWNpcGUBMRUAACbGi9fphaTWBBUCKAJDMywXQEowAAAAAAAYGWRhc2hfaDI2NC1iYXNpYy1nZW4yXzcyMHARAHUAZbaeAQA&_nc_gid=CGq3pHgkgPqBh3tAlo62wA&_nc_ss=7f289&_nc_zt=28&oh=00_Af9So_TB5uYzK4O8-ZccYt6mlkZixQbolD628R-Js7gG9A&oe=6A4643D8,https://scontent.fblr20-1.fna.fbcdn.net/v/t39.35426-6/712626788_962690300102166_4246855258101917137_n.jpg?_nc_cat=108&ccb=1-7&_nc_sid=c53f8f&_nc_ohc=ejvygZqSciAQ7kNvwFLMdjX&_nc_oc=Adrbefor-4SNeHIPwcaJF7VBqbSdS_go-9On7x8EaANkGMBXesynxRQ-wE9WlgzKTDDdqMS44rCpAFZWf1QYz5ti&_nc_zt=14&_nc_ht=scontent.fblr20-1.fna&_nc_gid=CGq3pHgkgPqBh3tAlo62wA&_nc_ss=7f289&oh=00_Af8ZRMZUq7pDIWQ2D9wFpMKiH6jagn-315r4ncLqEtxj3Q&oe=6A465992,2026-07-02T10:56:24.000Z,2026-06-28
57,56,SpeakX,540653459131632,SpeakX - Learn to Speak English,,IN,1559092795653919,https://www.facebook.com/ads/library/?id=1559092795653919,2026-06-01,,false,false,1,0,,2026-06-01,,"10 லட்சம்+ கற்றவர்களுடன் சேர்ந்து, உங்கள் AI ஆசிரியருடன் தாராளமாக ஆங்கிலம் பேசுங்கள்",ஆங்கிலம் கற்றுக்கொண்டு தாராளமாக பேசுங்கள்,Install now,http://play.google.com/store/apps/details?id=yellowclass.kids.live,"Facebook,Instagram,Audience Network,Messenger,Threads","10 லட்சம்+ கற்றவர்களுடன் சேர்ந்து, உங்கள் AI ஆசிரியருடன் தாராளமாக ஆங்கிலம் பேசுங்கள்",ஆங்கிலம் கற்றுக்கொண்டு தாராளமாக பேசுங்கள்,Install now,http://play.google.com/store/apps/details?id=yellowclass.kids.live,Video,"Facebook,Instagram,Audience Network,Messenger,Threads",1,0,1:1,https://video.fblr20-4.fna.fbcdn.net/o1/v/t2/f2/m366/AQO2zoWPRSpqP56RFHdbHlWPdM3oGQCmBZjLfNv2NK7D-uJUlQjtbHZ6JPFrsM3gRr4UzWjdXOclN5Apn3FuQUZSxvVYyrHgReSbwXSGVc_oog.mp4?_nc_cat=101&_nc_oc=Adp6zF8opsZgl5HB_90GYkkcnxM08cal7doMOBs-BH8gZ1X7bJ8hhF0xGjPBV0pE37d_G9DCoTXdzVSSPxvVvn8q&_nc_sid=b66105&_nc_ht=video.fblr20-4.fna.fbcdn.net&_nc_ohc=R1nxK6Hx0jkQ7kNvwEXSK-6&efg=eyJ2ZW5jb2RlX3RhZyI6Inhwdl9wcm9ncmVzc2l2ZS5WSV9VU0VDQVNFX1BST0RVQ1RfVFlQRS4uQzMuNzIwLmRhc2hfaDI2NC1iYXNpYy1nZW4yXzcyMHAiLCJ4cHZfYXNzZXRfaWQiOjEzNDA2OTIxNzEzNTQzMjYsImFzc2V0X2FnZV9kYXlzIjoyNSwidmlfdXNlY2FzZV9pZCI6MTAxMzksImR1cmF0aW9uX3MiOjUwLCJ1cmxnZW5fc291cmNlIjoid3d3In0%3D&ccb=17-1&vs=fd2c1faaf0920ba1&_nc_vs=HBksFQIYRWZiX2VwaGVtZXJhbC80RTQ0NEVDNjNCNjM1NEVCRDFGNkY2OTgzRUYzODk5QV9tdF8xX3ZpZGVvX2Rhc2hpbml0Lm1wNBUAAsgBEgAVAhhAZmJfcGVybWFuZW50L0E2NDY5REI2RDU0QzE1RTAxMzZCRTlDMjVBMjZCMThCX2F1ZGlvX2Rhc2hpbml0Lm1wNBUCAsgBEgAoABgAGwKIB3VzZV9vaWwBMRJwcm9ncmVzc2l2ZV9yZWNpcGUBMRUAACasw4OKx9bhBBUCKAJDMywXQEkVP3ztkWgYGWRhc2hfaDI2NC1iYXNpYy1nZW4yXzcyMHARAHUAZbaeAQA&_nc_gid=CGq3pHgkgPqBh3tAlo62wA&_nc_ss=7f289&_nc_zt=28&oh=00_Af9PDTYbxRtDNHb4OI1fsbOpNhnCv2T1PowBCugDLqJ_4w&oe=6A463E9F,https://scontent.fblr20-5.fna.fbcdn.net/v/t39.35426-6/715990389_2439037916616344_7121798275778094224_n.jpg?_nc_cat=107&ccb=1-7&_nc_sid=c53f8f&_nc_ohc=iWRb8Rq-xvkQ7kNvwHWTcez&_nc_oc=Adr43bN8ci8wtOX4KFWQOYOXl2NraU5ZnFByg02eZstRt-dq3JUlQy_p7epMqkefTqQaocHLm087N-fp8fk74o_K&_nc_zt=14&_nc_ht=scontent.fblr20-5.fna&_nc_gid=CGq3pHgkgPqBh3tAlo62wA&_nc_ss=7f289&oh=00_Af9yrxCMshWsRwV2DM9ta0hpVfvOn_yRqOY-xx_CI1J5pw&oe=6A462D90,2026-07-02T10:34:07.000Z,2026-06-28
58,57,SpeakX,540653459131632,SpeakX - Learn to Speak English,,IN,2875471912820841,https://www.facebook.com/ads/library/?id=2875471912820841,2026-06-10,,false,false,1,0,,2026-06-10,,"💼 ऑफिस मीटिंग्स और इंटरव्यूज के लिए खुद को तैयार करें

✅ 24/7 AI Tutor: कभी भी, कहीं भी practice करें।
✅ Instant Feedback: अपनी pronunciation और fluency सुधारें।
✅ Zero Judgment: बिना किसी डर के खुल कर बोलें

Presenting Speakx — आपका अपना AI English Coach",SpeakX — आपका अपना AI English Coach.,Install now,http://play.google.com/store/apps/details?id=yellowclass.kids.live,"Facebook,Instagram","💼 ऑफिस मीटिंग्स और इंटरव्यूज के लिए खुद को तैयार करें

✅ 24/7 AI Tutor: कभी भी, कहीं भी practice करें।
✅ Instant Feedback: अपनी pronunciation और fluency सुधारें।
✅ Zero Judgment: बिना किसी डर के खुल कर बोलें

Presenting Speakx — आपका अपना AI English Coach",SpeakX — आपका अपना AI English Coach.,Install now,http://play.google.com/store/apps/details?id=yellowclass.kids.live,Video,"Facebook,Instagram",1,0,9:16,https://video.fblr20-1.fna.fbcdn.net/o1/v/t2/f2/m366/AQM0IdeA9oaEm1rBjxRxgvOdzk1LW35e1eZHG6xgzJvVqqCgApc0D0CbYSmHRwEHRt4MkIImfhHMzyUT9Co7MTQjfAvL__NrHezbuyakv0_XYQ.mp4?_nc_cat=108&_nc_oc=AdrxH4gLk1SKwrEYEIpuMJX0dB8BqAFUX7j0TSicBpHc4LaXNi0ZhJCmAfc6y-mPsBCgc9OvzviFq0Oi00VMeT_h&_nc_sid=b66105&_nc_ht=video.fblr20-1.fna.fbcdn.net&_nc_ohc=gu44dKkHO9sQ7kNvwFceIqT&efg=eyJ2ZW5jb2RlX3RhZyI6Inhwdl9wcm9ncmVzc2l2ZS5WSV9VU0VDQVNFX1BST0RVQ1RfVFlQRS4uQzMuNzIwLmRhc2hfaDI2NC1iYXNpYy1nZW4yXzcyMHAiLCJ4cHZfYXNzZXRfaWQiOjIxMTc1MTg4MDU3NTk1MTgsImFzc2V0X2FnZV9kYXlzIjo0NSwidmlfdXNlY2FzZV9pZCI6MTA3OTksImR1cmF0aW9uX3MiOjQ1LCJ1cmxnZW5fc291cmNlIjoid3d3In0%3D&ccb=17-1&vs=f3299cad90062d71&_nc_vs=HBksFQIYRWZiX2VwaGVtZXJhbC9FMDQ3QkZFRUQ2QTQ0NTJFQjIyN0Y3OThFQUUxM0JBRl9tdF8xX3ZpZGVvX2Rhc2hpbml0Lm1wNBUAAsgBEgAVAhhAZmJfcGVybWFuZW50LzNGNEQwMzI2RkNDOUREREU2OEVGQTk1NzIyNDQwNzkwX2F1ZGlvX2Rhc2hpbml0Lm1wNBUCAsgBEgAoABgAGwKIB3VzZV9vaWwBMRJwcm9ncmVzc2l2ZV9yZWNpcGUBMRUAACa82MfD6PfCBxUCKAJDMywXQEbFP3ztkWgYGWRhc2hfaDI2NC1iYXNpYy1nZW4yXzcyMHARAHUAZd6oAQA&_nc_gid=CGq3pHgkgPqBh3tAlo62wA&_nc_ss=7f289&_nc_zt=28&oh=00_Af-4kZIlJ2dPCANqcD4VYdJtuCPqRUKW3nQhPeIuIG1vXA&oe=6A463F38,https://scontent.fblr20-1.fna.fbcdn.net/v/t39.35426-6/701273949_2073908739846220_4940667295908075872_n.jpg?_nc_cat=108&ccb=1-7&_nc_sid=c53f8f&_nc_ohc=5LRdN98BuFMQ7kNvwENa4Wj&_nc_oc=AdqAwkeruq0TpvygEw37Qnq_T9CRCJiu7Wa2RnTsie5Lk7CQHCsEGWkAFkwxHCCCEZ89Mm6QusfHntzAeOGxomi1&_nc_zt=14&_nc_ht=scontent.fblr20-1.fna&_nc_gid=CGq3pHgkgPqBh3tAlo62wA&_nc_ss=7f289&oh=00_Af-L6V6IwjK39C2Nb8EXCvqDMDDy3W_57jChEO6M6P3sog&oe=6A465A7B,2026-07-02T10:36:40.000Z,2026-06-28
59,58,SpeakX,540653459131632,SpeakX - Learn to Speak English,,IN,2088037832070282,https://www.facebook.com/ads/library/?id=2088037832070282,2026-06-21,,false,false,1,0,,2026-06-21,,ಮೂಲದಿಂದ spoken English ಕಲಿಯಿ. ದಿನಸಿ ಅಭ್ಯಾಸಕ್ಕೆ AI ಸಹಾಯ. ಕನ್ನಡಿಗರಿಗೆ ಸೂಕ್ತ.,ಇಂಗ್ಲಿಷ್ ಮಾತನಾಡಲು ಕಲಿಯಿ,Install now,http://play.google.com/store/apps/details?id=yellowclass.kids.live,"Facebook,Instagram,Messenger,Threads",ಮೂಲದಿಂದ spoken English ಕಲಿಯಿ. ದಿನಸಿ ಅಭ್ಯಾಸಕ್ಕೆ AI ಸಹಾಯ. ಕನ್ನಡಿಗರಿಗೆ ಸೂಕ್ತ.,ಇಂಗ್ಲಿಷ್ ಮಾತನಾಡಲು ಕಲಿಯಿ,Install now,http://play.google.com/store/apps/details?id=yellowclass.kids.live,Video,"Facebook,Instagram,Messenger,Threads",1,0,9:16,https://video.fblr20-4.fna.fbcdn.net/o1/v/t2/f2/m366/AQMm0DQzY3-8Hac_llwT4sbkKTTPS-tc40Wg6u2D3h9KH5R3DWaXWaSTRy0hLIiyWqkfDQ4zqNFdoTGWibqRnI8kn54IirxxFavCSyRJuF4m9Q.mp4?_nc_cat=101&_nc_oc=AdolPNa3m35NEmWBnMYCB4pzysBAwH4iQ1zmc0AoQs3oNl1tI63Ww-2-H4eyxCdZvQvKj1M97ELw0O03vSEawU96&_nc_sid=b66105&_nc_ht=video.fblr20-4.fna.fbcdn.net&_nc_ohc=Hb1JU3d9n4wQ7kNvwFlH9LD&efg=eyJ2ZW5jb2RlX3RhZyI6Inhwdl9wcm9ncmVzc2l2ZS5WSV9VU0VDQVNFX1BST0RVQ1RfVFlQRS4uQzMuNzIwLmRhc2hfaDI2NC1iYXNpYy1nZW4yXzcyMHAiLCJ4cHZfYXNzZXRfaWQiOjI1MjU3NzI2NjExOTM2MzEsImFzc2V0X2FnZV9kYXlzIjo1LCJ2aV91c2VjYXNlX2lkIjoxMDc5OSwiZHVyYXRpb25fcyI6OTQsInVybGdlbl9zb3VyY2UiOiJ3d3cifQ%3D%3D&ccb=17-1&vs=bdf3a24894d43cba&_nc_vs=HBksFQIYRWZiX2VwaGVtZXJhbC9DODRDMkI5NDJFQkVBNDg4NEI2MDI1N0U3QTZEREI5N19tdF8xX3ZpZGVvX2Rhc2hpbml0Lm1wNBUAAsgBEgAVAhhAZmJfcGVybWFuZW50LzgwNEFCNzMxNkVGQTE0NEU4MTg5MjcyOEY2QTA5NzkyX2F1ZGlvX2Rhc2hpbml0Lm1wNBUCAsgBEgAoABgAGwKIB3VzZV9vaWwBMRJwcm9ncmVzc2l2ZV9yZWNpcGUBMRUAACa-7ofkqMv8CBUCKAJDMywXQFe3bItDlYEYGWRhc2hfaDI2NC1iYXNpYy1nZW4yXzcyMHARAHUAZd6oAQA&_nc_gid=CGq3pHgkgPqBh3tAlo62wA&_nc_ss=7f289&_nc_zt=28&oh=00_Af9zS_o3tX4Frs9C4QXrNfhCGG8X0m8MlKQg19bxpOO8gA&oe=6A4626CB,https://scontent.fblr20-2.fna.fbcdn.net/v/t39.35426-6/729736779_1033671302536655_2862934044287304644_n.jpg?_nc_cat=111&ccb=1-7&_nc_sid=c53f8f&_nc_ohc=ihiTIBpA_NwQ7kNvwFXOK4n&_nc_oc=AdraZQnNu0m0yVYnr7tRmbal93dzkTFZEWvaAlU7UcNa0KG7WYvCkeO8UQ9aitQseafRd3dhZUlSttMult7NQCGg&_nc_zt=14&_nc_ht=scontent.fblr20-2.fna&_nc_gid=CGq3pHgkgPqBh3tAlo62wA&_nc_ss=7f289&oh=00_Af8G3clZwDQ1tXKmsyMrKJwMfyzs6TwbtzkfhGIXq07mmw&oe=6A464B84,2026-07-02T08:52:27.000Z,2026-06-28
60,59,SpeakX,540653459131632,SpeakX - Learn to Speak English,,IN,1528983802208134,https://www.facebook.com/ads/library/?id=1528983802208134,2026-06-01,,false,false,1,0,,2026-06-01,,ಮೂಲದಿಂದ spoken English ಕಲಿಯಿ. ದಿನಸಿ ಅಭ್ಯಾಸಕ್ಕೆ AI ಸಹಾಯ. ಕನ್ನಡಿಗರಿಗೆ ಸೂಕ್ತ.,ಇಂಗ್ಲಿಷ್ ಮಾತನಾಡಲು ಕಲಿಯಿ,Install now,http://play.google.com/store/apps/details?id=yellowclass.kids.live,"Facebook,Instagram,Messenger,Threads",ಮೂಲದಿಂದ spoken English ಕಲಿಯಿ. ದಿನಸಿ ಅಭ್ಯಾಸಕ್ಕೆ AI ಸಹಾಯ. ಕನ್ನಡಿಗರಿಗೆ ಸೂಕ್ತ.,ಇಂಗ್ಲಿಷ್ ಮಾತನಾಡಲು ಕಲಿಯಿ,Install now,http://play.google.com/store/apps/details?id=yellowclass.kids.live,Video,"Facebook,Instagram,Messenger,Threads",1,0,1:1,https://video.fblr20-2.fna.fbcdn.net/o1/v/t2/f2/m366/AQP3P_AF1-pG9ykBZ61pD2xUXT9ltzmDq1RWvugh5pvcvneXEhOR_mJnefLRCTLYXF1u5kz4GRT7gQU6cEcQwufLVIbD-a67XtOJIxwjMlFpiA.mp4?_nc_cat=104&_nc_oc=AdoijjAhQp1DwKz4T3gmWuCLRRgkFdSc2tA7rBtc-r9f7Eo1ZZdLP_VWvCW5Orlr2lR4w80DvRorwp9oONv8jmTx&_nc_sid=b66105&_nc_ht=video.fblr20-2.fna.fbcdn.net&_nc_ohc=F0YkNPmXxQEQ7kNvwHyqkMB&efg=eyJ2ZW5jb2RlX3RhZyI6Inhwdl9wcm9ncmVzc2l2ZS5WSV9VU0VDQVNFX1BST0RVQ1RfVFlQRS4uQzMuNzIwLmRhc2hfaDI2NC1iYXNpYy1nZW4yXzcyMHAiLCJ4cHZfYXNzZXRfaWQiOjEyNjk2NjI1MTUyNjMwODUsImFzc2V0X2FnZV9kYXlzIjo5NCwidmlfdXNlY2FzZV9pZCI6MTA3OTksImR1cmF0aW9uX3MiOjQ3LCJ1cmxnZW5fc291cmNlIjoid3d3In0%3D&ccb=17-1&vs=c5a0a53a9ad3c47c&_nc_vs=HBksFQIYRWZiX2VwaGVtZXJhbC82NzREQzE5NUZFMTA1RTI0QzQ1NEUwQ0M4QTAxQUU4OV9tdF8xX3ZpZGVvX2Rhc2hpbml0Lm1wNBUAAsgBEgAVAhhAZmJfcGVybWFuZW50LzZDNDVEMzlEN0U2M0UyODEwNjc2MEY1NTk5NzZDQjk4X2F1ZGlvX2Rhc2hpbml0Lm1wNBUCAsgBEgAoABgAGwKIB3VzZV9vaWwBMRJwcm9ncmVzc2l2ZV9yZWNpcGUBMRUAACba2afzirDBBBUCKAJDMywXQEf64UeuFHsYGWRhc2hfaDI2NC1iYXNpYy1nZW4yXzcyMHARAHUAZd6oAQA&_nc_gid=CGq3pHgkgPqBh3tAlo62wA&_nc_ss=7f289&_nc_zt=28&oh=00_Af8Ow09ht8DrOIxaOlmy9jllxU3_efC8cfgrVNrVLVf67w&oe=6A464A98,https://scontent.fblr20-1.fna.fbcdn.net/v/t39.35426-6/656994006_973462632037151_1999932945082621507_n.jpg?_nc_cat=110&ccb=1-7&_nc_sid=c53f8f&_nc_ohc=JgZrN7gOco8Q7kNvwGm6w32&_nc_oc=AdrjCx5H1Nuk2sKOz0FWJJxBGK22uTe_JikhCW7Q0iPeIpMikAnEzuZ-igMixr25_azSgRGNqhp9fngrosFtX-yd&_nc_zt=14&_nc_ht=scontent.fblr20-1.fna&_nc_gid=CGq3pHgkgPqBh3tAlo62wA&_nc_ss=7f289&oh=00_Af9ZojsvWevP-0eDGRDdf_DuWUUXA-fivtEKDsEM0Lhdfw&oe=6A4637B3,2026-07-02T11:25:12.000Z,2026-06-28
61,60,SpeakX,540653459131632,SpeakX - Learn to Speak English,,IN,874458435184411,https://www.facebook.com/ads/library/?id=874458435184411,2026-06-24,,false,false,1,0,,2026-06-24,,"10 லட்சம்+ கற்றவர்களுடன் சேர்ந்து, உங்கள் AI ஆசிரியருடன் தாராளமாக ஆங்கிலம் பேசுங்கள்",ஆங்கிலம் கற்றுக்கொண்டு தாராளமாக பேசுங்கள்,Install now,http://play.google.com/store/apps/details?id=yellowclass.kids.live,"Facebook,Instagram,Audience Network,Messenger,Threads","10 லட்சம்+ கற்றவர்களுடன் சேர்ந்து, உங்கள் AI ஆசிரியருடன் தாராளமாக ஆங்கிலம் பேசுங்கள்",ஆங்கிலம் கற்றுக்கொண்டு தாராளமாக பேசுங்கள்,Install now,http://play.google.com/store/apps/details?id=yellowclass.kids.live,Video,"Facebook,Instagram,Audience Network,Messenger,Threads",1,0,1:1,https://video.fblr20-1.fna.fbcdn.net/o1/v/t2/f2/m366/AQMKCvqqIm7LsM5AAur8ViGmPnUolQ7b-XmiFujoo6g4YlX0J0uKqHQOp__z3GY9fRbdigBnapBLAL-2GjFZw-746cjQc5Cz5Hx_dRJL-uv4eA.mp4?_nc_cat=110&_nc_oc=Adqu_JbP0VEscCBA6b5eZEVNzNaLVMw43UgLqjHJz_86dhPDt3VtH1Qfu30HxL9_RHW6HQEqS-xKG_8euaveGVJQ&_nc_sid=b66105&_nc_ht=video.fblr20-1.fna.fbcdn.net&_nc_ohc=BrRgIgNtOnYQ7kNvwGOgTZX&efg=eyJ2ZW5jb2RlX3RhZyI6Inhwdl9wcm9ncmVzc2l2ZS5WSV9VU0VDQVNFX1BST0RVQ1RfVFlQRS4uQzMuNzIwLmRhc2hfaDI2NC1iYXNpYy1nZW4yXzcyMHAiLCJ4cHZfYXNzZXRfaWQiOjE0MTYyNzAwNTM1OTUzNTAsImFzc2V0X2FnZV9kYXlzIjoxMSwidmlfdXNlY2FzZV9pZCI6MTAxMzksImR1cmF0aW9uX3MiOjkxLCJ1cmxnZW5fc291cmNlIjoid3d3In0%3D&ccb=17-1&vs=b1175a862364a799&_nc_vs=HBksFQIYRWZiX2VwaGVtZXJhbC80NjQ2QzE3Q0I1MTdGMEFDRDkxMzFCN0QxQkMxQkFBQ19tdF8xX3ZpZGVvX2Rhc2hpbml0Lm1wNBUAAsgBEgAVAhhAZmJfcGVybWFuZW50LzVGNDAxQ0I2MTg3Mzk1RjJBNDUyMkVGQTMwMUNCRUFGX2F1ZGlvX2Rhc2hpbml0Lm1wNBUCAsgBEgAoABgAGwKIB3VzZV9vaWwBMRJwcm9ncmVzc2l2ZV9yZWNpcGUBMRUAACas45qX4oWEBRUCKAJDMywXQFbbItDlYEIYGWRhc2hfaDI2NC1iYXNpYy1nZW4yXzcyMHARAHUAZbaeAQA&_nc_gid=CGq3pHgkgPqBh3tAlo62wA&_nc_ss=7f289&_nc_zt=28&oh=00_Af8Fp5S4lgzkcGPfLgnp6V_Hzxdoa1bzrETOAph6xR70lA&oe=6A4659BE,https://scontent.fblr20-1.fna.fbcdn.net/v/t39.35426-6/730084120_4576098076045046_4125289484919984497_n.jpg?_nc_cat=108&ccb=1-7&_nc_sid=c53f8f&_nc_ohc=3_6985imM84Q7kNvwGeyKSc&_nc_oc=AdpBJn5nuQRAmMtKo81Q1r36_BdMpoCmNp2X6i_xQxASYt4iIDzDNVRHfdS2k1iCN1Fr37NBbZCwXSdS6PEA0XUv&_nc_zt=14&_nc_ht=scontent.fblr20-1.fna&_nc_gid=CGq3pHgkgPqBh3tAlo62wA&_nc_ss=7f289&oh=00_Af87avgNvBnMfxILZbDN0JH5zO81C4BAEETCcBNtcO3kIQ&oe=6A463C61,2026-07-02T12:29:50.000Z,2026-06-28
62,61,SpeakX,540653459131632,SpeakX - Learn to Speak English,,IN,1511673067306037,https://www.facebook.com/ads/library/?id=1511673067306037,2026-06-22,,false,false,1,0,,2026-06-22,,Ab bina ruke English bolo. Speakx AI tutor ke saath rozana practice karein.,"Learn English, Let's Talk",Install now,http://play.google.com/store/apps/details?id=yellowclass.kids.live,"Facebook,Instagram,Audience Network,Messenger,Threads",Ab bina ruke English bolo. Speakx AI tutor ke saath rozana practice karein.,"Learn English, Let's Talk",Install now,http://play.google.com/store/apps/details?id=yellowclass.kids.live,Video,"Facebook,Instagram,Audience Network,Messenger,Threads",1,0,9:16,https://video.fblr20-4.fna.fbcdn.net/o1/v/t2/f2/m366/AQO-vmEKwXZnFZW-dm_VaxymC2g_GCdTM1ffELR9mjm7a1vskbDOuGCC5TMUiHWgKdz-a9QK0ll-6-_lUwabUQjMXj7IZS_eZ7bw0uX6gGBRgQ.mp4?_nc_cat=106&_nc_oc=AdqOT5L43ePJRtpwE85nKlK2WmtM2C2yuxKLSL-2zCARu5UqgUcpSQTW3JFXyxIz9yOU179baFLSAV5ZkHCkiHyC&_nc_sid=b66105&_nc_ht=video.fblr20-4.fna.fbcdn.net&_nc_ohc=hgSL3b6W578Q7kNvwE8MlAy&efg=eyJ2ZW5jb2RlX3RhZyI6Inhwdl9wcm9ncmVzc2l2ZS5WSV9VU0VDQVNFX1BST0RVQ1RfVFlQRS4uQzMuNzIwLmRhc2hfaDI2NC1iYXNpYy1nZW4yXzcyMHAiLCJ4cHZfYXNzZXRfaWQiOjE1MjAxODU3MTI4ODQxODEsImFzc2V0X2FnZV9kYXlzIjo1LCJ2aV91c2VjYXNlX2lkIjoxMDc5OSwiZHVyYXRpb25fcyI6NDIsInVybGdlbl9zb3VyY2UiOiJ3d3cifQ%3D%3D&ccb=17-1&vs=2eabae3aee29bb9&_nc_vs=HBksFQIYRWZiX2VwaGVtZXJhbC80ODRGRkZGNjdBOTY1RkE2NEM2NDNDQzgwM0IwMTY5M19tdF8xX3ZpZGVvX2Rhc2hpbml0Lm1wNBUAAsgBEgAVAhhAZmJfcGVybWFuZW50LzQwNEE5RDdFNkVFOUI1OTI0OUZERURFODAzNEJDQzhEX2F1ZGlvX2Rhc2hpbml0Lm1wNBUCAsgBEgAoABgAGwKIB3VzZV9vaWwBMRJwcm9ncmVzc2l2ZV9yZWNpcGUBMRUAACaq58WWuqazBRUCKAJDMywXQEUAAAAAAAAYGWRhc2hfaDI2NC1iYXNpYy1nZW4yXzcyMHARAHUAZd6oAQA&_nc_gid=Ds3Scjmt6JIiYbJvZAorLw&_nc_ss=7f289&_nc_zt=28&oh=00_Af9vRn8CKcGzEZaynzaIkJda6IGgN1VUyslPuOCLqnFfaQ&oe=6A4651CA,https://scontent.fblr20-2.fna.fbcdn.net/v/t39.35426-6/729389826_1745153500001873_7341789686055094973_n.jpg?_nc_cat=104&ccb=1-7&_nc_sid=c53f8f&_nc_ohc=8lUwnMc791EQ7kNvwGPnz4i&_nc_oc=Adr7d3PCD52ZevShvaQWla-Uo_gp2KQ5L8SG_AeG4YfcH8rV_dxQ_hZuTjSjEXK69fceyZU9Wt_xmk1pAujmsRkD&_nc_zt=14&_nc_ht=scontent.fblr20-2.fna&_nc_gid=Ds3Scjmt6JIiYbJvZAorLw&_nc_ss=7f289&oh=00_Af_hKijq5kM0JOAJo3me-WP6ymyIjU3Sjw3WRS42Q_ykpQ&oe=6A46551E,2026-07-02T11:55:54.000Z,2026-06-28
63,62,SpeakX,540653459131632,SpeakX - Learn to Speak English,,IN,3689448171208985,https://www.facebook.com/ads/library/?id=3689448171208985,2026-06-01,,false,false,1,0,,2026-06-01,,English speaking made easy with SpeakX App,Spoken English course,Install now,http://play.google.com/store/apps/details?id=yellowclass.kids.live,"Facebook,Instagram,Messenger,Threads",English speaking made easy with SpeakX App,Spoken English course,Install now,http://play.google.com/store/apps/details?id=yellowclass.kids.live,Video,"Facebook,Instagram,Messenger,Threads",1,0,1:1,https://video.fblr20-4.fna.fbcdn.net/o1/v/t2/f2/m366/AQMCG1TykLSwzCTLW-gITzLVEl4CkzKoT5ybuO0lX0DilLggJDpiMNnAttNW6pk0pV-i4ve-X1jA0HVlE-C-RfboGk5D8-J19liupx-85iVD-Q.mp4?_nc_cat=101&_nc_oc=AdoeVEOHvAsWpgR2J7_ADXVbhmxtnFFsn-RYMDCwryHKIv-BlfMXDG1JiJSxJgZ_8E6Xo3ooGl_hdD_K4ocujzUQ&_nc_sid=b66105&_nc_ht=video.fblr20-4.fna.fbcdn.net&_nc_ohc=sIUOx6HiwAsQ7kNvwGTCAZE&efg=eyJ2ZW5jb2RlX3RhZyI6Inhwdl9wcm9ncmVzc2l2ZS5WSV9VU0VDQVNFX1BST0RVQ1RfVFlQRS4uQzMuNzIwLmRhc2hfaDI2NC1iYXNpYy1nZW4yXzcyMHAiLCJ4cHZfYXNzZXRfaWQiOjk4OTI1NzAyNzI3NjAxNSwiYXNzZXRfYWdlX2RheXMiOjM3LCJ2aV91c2VjYXNlX2lkIjoxMDEzOSwiZHVyYXRpb25fcyI6NzgsInVybGdlbl9zb3VyY2UiOiJ3d3cifQ%3D%3D&ccb=17-1&vs=73eb722cf26d5b42&_nc_vs=HBksFQIYRWZiX2VwaGVtZXJhbC85MjQyNjU4NUJENzc5MDlDNkIwQjg3NEE1MDhCRDhBQ19tdF8xX3ZpZGVvX2Rhc2hpbml0Lm1wNBUAAsgBEgAVAhhAZmJfcGVybWFuZW50L0JCNEU0MkVDRTQwQURFQ0Q3MDdBNUI3NTVDOEIwOUExX2F1ZGlvX2Rhc2hpbml0Lm1wNBUCAsgBEgAoABgAGwKIB3VzZV9vaWwBMRJwcm9ncmVzc2l2ZV9yZWNpcGUBMRUAACbes56bq-7BAxUCKAJDMywXQFOO6XjU_fQYGWRhc2hfaDI2NC1iYXNpYy1nZW4yXzcyMHARAHUAZbaeAQA&_nc_gid=Ds3Scjmt6JIiYbJvZAorLw&_nc_ss=7f289&_nc_zt=28&oh=00_Af8KS32vbHxstmxXj6GmoPGhLnT9O3RoCAAK2gzes7UmOw&oe=6A4653DB,https://scontent.fblr20-2.fna.fbcdn.net/v/t39.35426-6/705341225_1007886891588009_130429621368732718_n.jpg?_nc_cat=104&ccb=1-7&_nc_sid=c53f8f&_nc_ohc=mrFhwi3KrLIQ7kNvwEVNPWg&_nc_oc=AdrFdDqT-AwpHNeM8ovczKd2CVOVdAcpBjNNfb2VTV9S9YpBd-oSOAY03VdVPzQX27KnsOCVPVj9n7mQZTb4DIhz&_nc_zt=14&_nc_ht=scontent.fblr20-2.fna&_nc_gid=Ds3Scjmt6JIiYbJvZAorLw&_nc_ss=7f289&oh=00_Af-YhKRAiaHciZnU0KvUFw98yXvZLmr6Et6ikxlyUiDnqQ&oe=6A463CD5,2026-07-02T12:04:43.000Z,2026-06-28
64,63,SpeakX,540653459131632,SpeakX - Learn to Speak English,,IN,1006132832418897,https://www.facebook.com/ads/library/?id=1006132832418897,2026-06-25,,false,false,1,0,,2026-06-25,,English speaking made easy with SpeakX App,Spoken English course,Install now,http://play.google.com/store/apps/details?id=yellowclass.kids.live,"Facebook,Instagram,Messenger,Threads",English speaking made easy with SpeakX App,Spoken English course,Install now,http://play.google.com/store/apps/details?id=yellowclass.kids.live,Video,"Facebook,Instagram,Messenger,Threads",1,0,1:1,https://video.fblr20-1.fna.fbcdn.net/o1/v/t2/f2/m366/AQM1W0NJKnR0NQC7RFaq_Owdvf3hqh1M3nW6dB17Eykwtjgfzjad4e3uHzV2QSnD_iWEnBcsKtmLE1QzKFRAHyWGRU7znucosZERKKmIiB_bGg.mp4?_nc_cat=108&_nc_oc=Adr_9EdQaVwask8-_OMDeq1e0y742IXp5z9SVdAMHzl1pH5kZpclrfMOSKJlexHn2_uBmQ9OdsWfHP5PTetjmIuG&_nc_sid=b66105&_nc_ht=video.fblr20-1.fna.fbcdn.net&_nc_ohc=siNR_80fOesQ7kNvwGaWYQx&efg=eyJ2ZW5jb2RlX3RhZyI6Inhwdl9wcm9ncmVzc2l2ZS5WSV9VU0VDQVNFX1BST0RVQ1RfVFlQRS4uQzMuNzIwLmRhc2hfaDI2NC1iYXNpYy1nZW4yXzcyMHAiLCJ4cHZfYXNzZXRfaWQiOjk5MjExNzE2OTk0MTM1MCwiYXNzZXRfYWdlX2RheXMiOjUxLCJ2aV91c2VjYXNlX2lkIjoxMDc5OSwiZHVyYXRpb25fcyI6NjQsInVybGdlbl9zb3VyY2UiOiJ3d3cifQ%3D%3D&ccb=17-1&vs=ae72669a1c12ec66&_nc_vs=HBksFQIYRWZiX2VwaGVtZXJhbC83QTRCMUIyRjRBM0UyODkyNDQyQjFBMTQwRkZCN0Q4MF9tdF8xX3ZpZGVvX2Rhc2hpbml0Lm1wNBUAAsgBEgAVAhhAZmJfcGVybWFuZW50L0Q3NDA4RUVCMEJGMTQ5MEJEMjlDNkRBNkFGM0E3RTk0X2F1ZGlvX2Rhc2hpbml0Lm1wNBUCAsgBEgAoABgAGwKIB3VzZV9vaWwBMRJwcm9ncmVzc2l2ZV9yZWNpcGUBMRUAACbMrev36JTDAxUCKAJDMywXQFA3bItDlYEYGWRhc2hfaDI2NC1iYXNpYy1nZW4yXzcyMHARAHUAZd6oAQA&_nc_gid=Ds3Scjmt6JIiYbJvZAorLw&_nc_ss=7f289&_nc_zt=28&oh=00_Af-TzIsIbEzzPFFNHPjGsZG2zFWTL7VPTTlNKPv57XsNOA&oe=6A462DD4,https://scontent.fblr20-4.fna.fbcdn.net/v/t39.35426-6/728533242_1554346912844530_8390057643791953768_n.jpg?_nc_cat=101&ccb=1-7&_nc_sid=c53f8f&_nc_ohc=OGtCbAmadrkQ7kNvwEi0ePA&_nc_oc=Adp6hF4pQfII_S1VwnGGFDSnjSaJS8opVWoIPDzk5_UKdVLQbGwkiXXavAEV30O1OvZU0S9qRMMZ3eZzfLLYE-ti&_nc_zt=14&_nc_ht=scontent.fblr20-4.fna&_nc_gid=Ds3Scjmt6JIiYbJvZAorLw&_nc_ss=7f289&oh=00_Af8UPFkwsSgk0HXPCs-4dVD5fKKuLDicLVwBkO82fHFLBQ&oe=6A4654C8,2026-07-02T09:22:28.000Z,2026-06-28
65,64,SpeakX,540653459131632,SpeakX - Learn to Speak English,,IN,1033816292419500,https://www.facebook.com/ads/library/?id=1033816292419500,2026-06-10,,false,true,2,0,1033816292419500,2026-06-10,,"💼 ऑफिस मीटिंग्स और इंटरव्यूज के लिए खुद को तैयार करें

✅ 24/7 AI Tutor: कभी भी, कहीं भी practice करें।
✅ Instant Feedback: अपनी pronunciation और fluency सुधारें।
✅ Zero Judgment: बिना किसी डर के खुल कर बोलें

Presenting Speakx — आपका अपना AI English Coach",SpeakX — आपका अपना AI English Coach.,Install now,http://play.google.com/store/apps/details?id=yellowclass.kids.live,"Facebook,Instagram","💼 ऑफिस मीटिंग्स और इंटरव्यूज के लिए खुद को तैयार करें

✅ 24/7 AI Tutor: कभी भी, कहीं भी practice करें।
✅ Instant Feedback: अपनी pronunciation और fluency सुधारें।
✅ Zero Judgment: बिना किसी डर के खुल कर बोलें

Presenting Speakx — आपका अपना AI English Coach",SpeakX — आपका अपना AI English Coach.,Install now,http://play.google.com/store/apps/details?id=yellowclass.kids.live,Video,"Facebook,Instagram",1,0,9:16,https://video.fblr20-4.fna.fbcdn.net/o1/v/t2/f2/m366/AQOJj0TBt0t8cuukhMgCcw2rrBO3byzhXpwn7H_NrOx4UsPPT9sBMl0EEQTJEz5ra7kkwM7AcOrYb8gsJ65eYsbwgy96bER2oYBOElvUk9m24g.mp4?_nc_cat=106&_nc_oc=AdoAEOfYjkABg63IX3svt6KcoQmgRu8EiCpGJiNRYr3c7Y_SyunAsALbtKqjzt5gRYkAHNsKYkOBl-dgR_aL2jvy&_nc_sid=b66105&_nc_ht=video.fblr20-4.fna.fbcdn.net&_nc_ohc=nCA-oVmPTZQQ7kNvwGXQtKW&efg=eyJ2ZW5jb2RlX3RhZyI6Inhwdl9wcm9ncmVzc2l2ZS5WSV9VU0VDQVNFX1BST0RVQ1RfVFlQRS4uQzMuNzIwLmRhc2hfaDI2NC1iYXNpYy1nZW4yXzcyMHAiLCJ4cHZfYXNzZXRfaWQiOjQzNjcyODIxMzM1NDc0MzIsImFzc2V0X2FnZV9kYXlzIjo0NSwidmlfdXNlY2FzZV9pZCI6MTA3OTksImR1cmF0aW9uX3MiOjM0LCJ1cmxnZW5fc291cmNlIjoid3d3In0%3D&ccb=17-1&vs=2617c54f5661c6aa&_nc_vs=HBksFQIYRWZiX2VwaGVtZXJhbC8wRDQ2RjMzOTQzNDk2QjIzNTc0QTA5RjYxODVCNkQ4OV9tdF8xX3ZpZGVvX2Rhc2hpbml0Lm1wNBUAAsgBEgAVAhhAZmJfcGVybWFuZW50LzdFNDY1MzRDQUM4NTRBRUZDQzYyNDE1RkJDOEExNDhGX2F1ZGlvX2Rhc2hpbml0Lm1wNBUCAsgBEgAoABgAGwKIB3VzZV9vaWwBMRJwcm9ncmVzc2l2ZV9yZWNpcGUBMRUAACbQ5qHDo4HCDxUCKAJDMywXQEEZmZmZmZoYGWRhc2hfaDI2NC1iYXNpYy1nZW4yXzcyMHARAHUAZd6oAQA&_nc_gid=Ds3Scjmt6JIiYbJvZAorLw&_nc_ss=7f289&_nc_zt=28&oh=00_Af-l-lhGDEYg5aqPHq5U94AUxkSf3A2cwMoUMQIXubXakA&oe=6A464F9A,https://scontent.fblr20-4.fna.fbcdn.net/v/t39.35426-6/700134572_1282394243963913_7231929692432698032_n.jpg?_nc_cat=101&ccb=1-7&_nc_sid=c53f8f&_nc_ohc=86yVInSubc0Q7kNvwG3G8Bu&_nc_oc=AdrQBTn8TrRzfthnJ85kQA5mQ73-a5uVZnhUFmgT38IhiCwqxViLZXX0PWSe7YmX0T_V8V_HEEyRbxlmRsA59EX6&_nc_zt=14&_nc_ht=scontent.fblr20-4.fna&_nc_gid=Ds3Scjmt6JIiYbJvZAorLw&_nc_ss=7f289&oh=00_Af_KOvfYLxsLvSDxRhz8Vdxnj66fs1ZhXZWsIYfKLtoVQg&oe=6A46565C,2026-07-02T11:46:34.000Z,2026-06-28
66,64,SpeakX,540653459131632,SpeakX - Learn to Speak English,,IN,1033816292419500,https://www.facebook.com/ads/library/?id=1033816292419500,2026-06-10,,false,true,2,1,1718380856161077,2026-06-11,,"💼 ऑफिस मीटिंग्स और इंटरव्यूज के लिए खुद को तैयार करें

✅ 24/7 AI Tutor: कभी भी, कहीं भी practice करें।
✅ Instant Feedback: अपनी pronunciation और fluency सुधारें।
✅ Zero Judgment: बिना किसी डर के खुल कर बोलें

Presenting Speakx — आपका अपना AI English Coach",SpeakX — आपका अपना AI English Coach.,Install now,http://play.google.com/store/apps/details?id=yellowclass.kids.live,"Facebook,Instagram","💼 ऑफिस मीटिंग्स और इंटरव्यूज के लिए खुद को तैयार करें

✅ 24/7 AI Tutor: कभी भी, कहीं भी practice करें।
✅ Instant Feedback: अपनी pronunciation और fluency सुधारें।
✅ Zero Judgment: बिना किसी डर के खुल कर बोलें

Presenting Speakx — आपका अपना AI English Coach",SpeakX — आपका अपना AI English Coach.,Install now,http://play.google.com/store/apps/details?id=yellowclass.kids.live,Video,"Facebook,Instagram",1,0,9:16,https://video.fblr20-4.fna.fbcdn.net/o1/v/t2/f2/m366/AQOJj0TBt0t8cuukhMgCcw2rrBO3byzhXpwn7H_NrOx4UsPPT9sBMl0EEQTJEz5ra7kkwM7AcOrYb8gsJ65eYsbwgy96bER2oYBOElvUk9m24g.mp4?_nc_cat=106&_nc_oc=AdoAEOfYjkABg63IX3svt6KcoQmgRu8EiCpGJiNRYr3c7Y_SyunAsALbtKqjzt5gRYkAHNsKYkOBl-dgR_aL2jvy&_nc_sid=b66105&_nc_ht=video.fblr20-4.fna.fbcdn.net&_nc_ohc=nCA-oVmPTZQQ7kNvwGXQtKW&efg=eyJ2ZW5jb2RlX3RhZyI6Inhwdl9wcm9ncmVzc2l2ZS5WSV9VU0VDQVNFX1BST0RVQ1RfVFlQRS4uQzMuNzIwLmRhc2hfaDI2NC1iYXNpYy1nZW4yXzcyMHAiLCJ4cHZfYXNzZXRfaWQiOjQzNjcyODIxMzM1NDc0MzIsImFzc2V0X2FnZV9kYXlzIjo0NSwidmlfdXNlY2FzZV9pZCI6MTA3OTksImR1cmF0aW9uX3MiOjM0LCJ1cmxnZW5fc291cmNlIjoid3d3In0%3D&ccb=17-1&vs=2617c54f5661c6aa&_nc_vs=HBksFQIYRWZiX2VwaGVtZXJhbC8wRDQ2RjMzOTQzNDk2QjIzNTc0QTA5RjYxODVCNkQ4OV9tdF8xX3ZpZGVvX2Rhc2hpbml0Lm1wNBUAAsgBEgAVAhhAZmJfcGVybWFuZW50LzdFNDY1MzRDQUM4NTRBRUZDQzYyNDE1RkJDOEExNDhGX2F1ZGlvX2Rhc2hpbml0Lm1wNBUCAsgBEgAoABgAGwKIB3VzZV9vaWwBMRJwcm9ncmVzc2l2ZV9yZWNpcGUBMRUAACbQ5qHDo4HCDxUCKAJDMywXQEEZmZmZmZoYGWRhc2hfaDI2NC1iYXNpYy1nZW4yXzcyMHARAHUAZd6oAQA&_nc_gid=1v-RZKvYy85eAV5pVO9PYQ&_nc_ss=7f289&_nc_zt=28&oh=00_Af_iobZPsGwnuT6997o7u_9903nENTCldUDZOPe1kRBrcg&oe=6A464F9A,https://scontent.fblr20-1.fna.fbcdn.net/v/t39.35426-6/699110783_1647906293109972_477663355194186379_n.jpg?_nc_cat=110&ccb=1-7&_nc_sid=c53f8f&_nc_ohc=8xmmfCwtpRYQ7kNvwFhYtXW&_nc_oc=AdpNObDJABzvVm0F4fQayHj45vksVgH2Bn7OqqpCD0kPqYEGxog4ExfSKLOR6BNrvgiHUVuwLrxGPRKaYS8gW6kD&_nc_zt=14&_nc_ht=scontent.fblr20-1.fna&_nc_gid=1v-RZKvYy85eAV5pVO9PYQ&_nc_ss=7f289&oh=00_Af94AqN64qL6gewnhQw2OgCu0KZWXQvlQa5XQf3oWkUAAw&oe=6A465C75,2026-07-02T11:46:34.000Z,2026-06-28
67,65,SpeakX,540653459131632,SpeakX - Learn to Speak English,,IN,860734170438815,https://www.facebook.com/ads/library/?id=860734170438815,2026-06-16,,false,true,2,0,860734170438815,2026-06-16,,Ab bina ruke English bolo. Speakx AI tutor ke saath rozana practice karein.,"Learn English, Let's Talk",Install now,http://play.google.com/store/apps/details?id=yellowclass.kids.live,"Facebook,Instagram,Audience Network,Messenger,Threads",Ab bina ruke English bolo. Speakx AI tutor ke saath rozana practice karein.,"Learn English, Let's Talk",Install now,http://play.google.com/store/apps/details?id=yellowclass.kids.live,Video,"Facebook,Instagram,Audience Network,Messenger,Threads",1,0,1:1,https://video.fblr20-1.fna.fbcdn.net/o1/v/t2/f2/m366/AQMdsKv82Ho2sh4_Kr9XqsV6Ua59LpSwOsRjGM6L7_pWCXGPAgGYbagd__qcNqpu7XXTKnuMMl9MiqVoEUtz2dOWw6eB5E5QW5LvwU5NLgx6Aw.mp4?_nc_cat=108&_nc_oc=AdotLgivSDmI_HRX7H_aqljPvgSuSU5agkXCxpGs59yirWLKPkSScjF7v4i3gdU82P8LiCf7WjLxarHOquFLjAz0&_nc_sid=b66105&_nc_ht=video.fblr20-1.fna.fbcdn.net&_nc_ohc=ihMsYXzMg34Q7kNvwF7kxq_&efg=eyJ2ZW5jb2RlX3RhZyI6Inhwdl9wcm9ncmVzc2l2ZS5WSV9VU0VDQVNFX1BST0RVQ1RfVFlQRS4uQzMuNzIwLmRhc2hfaDI2NC1iYXNpYy1nZW4yXzcyMHAiLCJ4cHZfYXNzZXRfaWQiOjE1NTc3NTU2MzkzOTIzNDYsImFzc2V0X2FnZV9kYXlzIjoxMCwidmlfdXNlY2FzZV9pZCI6MTAxMzksImR1cmF0aW9uX3MiOjYwLCJ1cmxnZW5fc291cmNlIjoid3d3In0%3D&ccb=17-1&vs=5989ed660546e0ce&_nc_vs=HBksFQIYRWZiX2VwaGVtZXJhbC8zRDQyOTFEQ0QyRjZENUE4NkQyNjA0MDJBNjMwRUZCRl9tdF8xX3ZpZGVvX2Rhc2hpbml0Lm1wNBUAAsgBEgAVAhhAZmJfcGVybWFuZW50LzE5NDZCNTlEQTQ0Mzg0NEZDNkQ1NjdENTMxMUQxQzgxX2F1ZGlvX2Rhc2hpbml0Lm1wNBUCAsgBEgAoABgAGwKIB3VzZV9vaWwBMRJwcm9ncmVzc2l2ZV9yZWNpcGUBMRUAACa0ocP4p7HEBRUCKAJDMywXQE4RBiTdLxsYGWRhc2hfaDI2NC1iYXNpYy1nZW4yXzcyMHARAHUAZbaeAQA&_nc_gid=Ds3Scjmt6JIiYbJvZAorLw&_nc_ss=7f289&_nc_zt=28&oh=00_Af95Xw4aJC9PnPvStU7mVrKcPGk3K1BhphcPq-Npa1hDxA&oe=6A464178,https://scontent.fblr20-1.fna.fbcdn.net/v/t39.35426-6/723830996_1366000185408132_5462794357434018774_n.jpg?_nc_cat=108&ccb=1-7&_nc_sid=c53f8f&_nc_ohc=YSgjgU7n-gYQ7kNvwE0AQfC&_nc_oc=AdpjMnJp8knfdJwgeSd2ldVbwCRTERc0oR9S-qnOB20voBRhc-039pRAs445ZACysTG1_LHwT3GFApI75wYpXwo3&_nc_zt=14&_nc_ht=scontent.fblr20-1.fna&_nc_gid=Ds3Scjmt6JIiYbJvZAorLw&_nc_ss=7f289&oh=00_Af-oIgRlznhk5yNFGLCmiLQfltze6Csbk0TAA5XREL3nMQ&oe=6A462B9B,2026-07-02T10:46:16.000Z,2026-06-28
68,65,SpeakX,540653459131632,SpeakX - Learn to Speak English,,IN,860734170438815,https://www.facebook.com/ads/library/?id=860734170438815,2026-06-16,,false,true,2,1,1628053695325535,2026-06-25,,Ab bina ruke English bolo. Speakx AI tutor ke saath rozana practice karein.,"Learn English, Let's Talk",Install now,http://play.google.com/store/apps/details?id=yellowclass.kids.live,"Facebook,Instagram,Audience Network,Messenger,Threads",Ab bina ruke English bolo. Speakx AI tutor ke saath rozana practice karein.,"Learn English, Let's Talk",Install now,http://play.google.com/store/apps/details?id=yellowclass.kids.live,Video,"Facebook,Instagram,Audience Network,Messenger,Threads",1,0,1:1,https://video.fblr20-1.fna.fbcdn.net/o1/v/t2/f2/m366/AQMdsKv82Ho2sh4_Kr9XqsV6Ua59LpSwOsRjGM6L7_pWCXGPAgGYbagd__qcNqpu7XXTKnuMMl9MiqVoEUtz2dOWw6eB5E5QW5LvwU5NLgx6Aw.mp4?_nc_cat=108&_nc_oc=AdotLgivSDmI_HRX7H_aqljPvgSuSU5agkXCxpGs59yirWLKPkSScjF7v4i3gdU82P8LiCf7WjLxarHOquFLjAz0&_nc_sid=b66105&_nc_ht=video.fblr20-1.fna.fbcdn.net&_nc_ohc=ihMsYXzMg34Q7kNvwF7kxq_&efg=eyJ2ZW5jb2RlX3RhZyI6Inhwdl9wcm9ncmVzc2l2ZS5WSV9VU0VDQVNFX1BST0RVQ1RfVFlQRS4uQzMuNzIwLmRhc2hfaDI2NC1iYXNpYy1nZW4yXzcyMHAiLCJ4cHZfYXNzZXRfaWQiOjE1NTc3NTU2MzkzOTIzNDYsImFzc2V0X2FnZV9kYXlzIjoxMCwidmlfdXNlY2FzZV9pZCI6MTAxMzksImR1cmF0aW9uX3MiOjYwLCJ1cmxnZW5fc291cmNlIjoid3d3In0%3D&ccb=17-1&vs=5989ed660546e0ce&_nc_vs=HBksFQIYRWZiX2VwaGVtZXJhbC8zRDQyOTFEQ0QyRjZENUE4NkQyNjA0MDJBNjMwRUZCRl9tdF8xX3ZpZGVvX2Rhc2hpbml0Lm1wNBUAAsgBEgAVAhhAZmJfcGVybWFuZW50LzE5NDZCNTlEQTQ0Mzg0NEZDNkQ1NjdENTMxMUQxQzgxX2F1ZGlvX2Rhc2hpbml0Lm1wNBUCAsgBEgAoABgAGwKIB3VzZV9vaWwBMRJwcm9ncmVzc2l2ZV9yZWNpcGUBMRUAACa0ocP4p7HEBRUCKAJDMywXQE4RBiTdLxsYGWRhc2hfaDI2NC1iYXNpYy1nZW4yXzcyMHARAHUAZbaeAQA&_nc_gid=I7iZSf9gKbaaXrAQJDZUwg&_nc_ss=7f289&_nc_zt=28&oh=00_Af_JQvWVnBA1Os6axyYbNdjHhD3d5ASqoZ9kDdSOX3_jPA&oe=6A464178,https://scontent.fblr20-3.fna.fbcdn.net/v/t39.35426-6/732464106_1328741876055397_2014760263600874935_n.jpg?_nc_cat=109&ccb=1-7&_nc_sid=c53f8f&_nc_ohc=DbunXLiX-7AQ7kNvwGMb0II&_nc_oc=AdrU9Fzq1vI20ERmjs9X8P06YRYaLg7GmafwB0BtS1faRKED5eqblVInQh86ajFShW1hDo47iKmxBieaXw59btw6&_nc_zt=14&_nc_ht=scontent.fblr20-3.fna&_nc_gid=I7iZSf9gKbaaXrAQJDZUwg&_nc_ss=7f289&oh=00_Af_MTrAXRwBQvFlDIgJyZ1hwiZAosNSLhXiuToreHH_VOQ&oe=6A4649ED,2026-07-02T10:46:16.000Z,2026-06-28
69,66,SpeakX,540653459131632,SpeakX - Learn to Speak English,,IN,885995927293213,https://www.facebook.com/ads/library/?id=885995927293213,2026-06-24,,false,false,1,0,,2026-06-24,,SpeakX ആപ്പിൽ ആത്മവിശ്വാസത്തോടെ ഇംഗ്ലീഷ് സംസാരിക്കുക. വ്യക്തിഗത AI അധ്യാപകൻ ലഭിക്കും.,സുഗമമായി ഇംഗ്ലീഷ് സംസാരിക്കുക,Install now,http://play.google.com/store/apps/details?id=yellowclass.kids.live,"Facebook,Instagram,Audience Network,Messenger,Threads",SpeakX ആപ്പിൽ ആത്മവിശ്വാസത്തോടെ ഇംഗ്ലീഷ് സംസാരിക്കുക. വ്യക്തിഗത AI അധ്യാപകൻ ലഭിക്കും.,സുഗമമായി ഇംഗ്ലീഷ് സംസാരിക്കുക,Install now,http://play.google.com/store/apps/details?id=yellowclass.kids.live,Video,"Facebook,Instagram,Audience Network,Messenger,Threads",1,0,1:1,https://video.fblr20-3.fna.fbcdn.net/o1/v/t2/f2/m366/AQPZmaHbmv4yrl2zR58qALt-y1MZMkcVjnIpMeCOyeRpOz64bJsDZXCOpm4i79rwRf4AmhlEdvmVkOdMwhmV3FLw4O3rJtmXztcXl2dp9iMNGw.mp4?_nc_cat=109&_nc_oc=AdotR7zEyKaq5Lqv3aJoj-Csfg-jS2qga1IiWwQSQqKCJ7IQo9sOYorIatBLBvuWXQ1NFSVzlQiI6ZTD-C9er8ax&_nc_sid=b66105&_nc_ht=video.fblr20-3.fna.fbcdn.net&_nc_ohc=Uy8wn6Tx6xMQ7kNvwFJGh3j&efg=eyJ2ZW5jb2RlX3RhZyI6Inhwdl9wcm9ncmVzc2l2ZS5WSV9VU0VDQVNFX1BST0RVQ1RfVFlQRS4uQzMuNzIwLmRhc2hfaDI2NC1iYXNpYy1nZW4yXzcyMHAiLCJ4cHZfYXNzZXRfaWQiOjMzMzY3MDQyMTMxNTc0OTIsImFzc2V0X2FnZV9kYXlzIjoyNCwidmlfdXNlY2FzZV9pZCI6MTAxMzksImR1cmF0aW9uX3MiOjUyLCJ1cmxnZW5fc291cmNlIjoid3d3In0%3D&ccb=17-1&vs=ffbbf9466debabb3&_nc_vs=HBksFQIYRWZiX2VwaGVtZXJhbC8xRjQ4Q0YzNUQzOTZFNDc2NEM5MDQ2MTYzNEZBODc5N19tdF8xX3ZpZGVvX2Rhc2hpbml0Lm1wNBUAAsgBEgAVAhhAZmJfcGVybWFuZW50L0QxNEU2RDc0QzI3Mzc3MjI2M0E4OTBDNTM0NDI2MzhFX2F1ZGlvX2Rhc2hpbml0Lm1wNBUCAsgBEgAoABgAGwKIB3VzZV9vaWwBMRJwcm9ncmVzc2l2ZV9yZWNpcGUBMRUAACbomcTV363tCxUCKAJDMywXQEoZmZmZmZoYGWRhc2hfaDI2NC1iYXNpYy1nZW4yXzcyMHARAHUAZbaeAQA&_nc_gid=Ds3Scjmt6JIiYbJvZAorLw&_nc_ss=7f289&_nc_zt=28&oh=00_Af9vFGihkrC36NIxVb3PCSqI0_pJFfEFN_4zSvZMbBo5zw&oe=6A4627BB,https://scontent.fblr20-4.fna.fbcdn.net/v/t39.35426-6/731111608_1172564468386368_6172763702521911358_n.jpg?_nc_cat=101&ccb=1-7&_nc_sid=c53f8f&_nc_ohc=iN9e6-MSZ0EQ7kNvwHdXi9B&_nc_oc=AdqyPcRwZCFfjkDKVJUk0KDXWeMdsg9jZ88LLG4MVC0-BYiR64N1_FcnapG5NfhQhOLyp4urCZkFr8IRB4q2mWiF&_nc_zt=14&_nc_ht=scontent.fblr20-4.fna&_nc_gid=Ds3Scjmt6JIiYbJvZAorLw&_nc_ss=7f289&oh=00_Af8pvk1EsCs1sS007sglDM-h4RaZeglClYfySa4q6randQ&oe=6A463268,2026-07-02T08:56:27.000Z,2026-06-28
70,67,SpeakX,540653459131632,SpeakX - Learn to Speak English,,IN,2218610062223953,https://www.facebook.com/ads/library/?id=2218610062223953,2026-06-15,,false,false,1,0,,2026-06-15,,SpeakX ആപ്പിൽ ആത്മവിശ്വാസത്തോടെ ഇംഗ്ലീഷ് സംസാരിക്കുക. വ്യക്തിഗത AI അധ്യാപകൻ ലഭിക്കും.,സുഗമമായി ഇംഗ്ലീഷ് സംസാരിക്കുക,Install now,http://play.google.com/store/apps/details?id=yellowclass.kids.live,"Facebook,Instagram,Audience Network,Messenger,Threads",SpeakX ആപ്പിൽ ആത്മവിശ്വാസത്തോടെ ഇംഗ്ലീഷ് സംസാരിക്കുക. വ്യക്തിഗത AI അധ്യാപകൻ ലഭിക്കും.,സുഗമമായി ഇംഗ്ലീഷ് സംസാരിക്കുക,Install now,http://play.google.com/store/apps/details?id=yellowclass.kids.live,Video,"Facebook,Instagram,Audience Network,Messenger,Threads",1,0,1:1,https://video.fblr20-3.fna.fbcdn.net/o1/v/t2/f2/m366/AQPBP3OXSSIaxUb2wuZd_X6-9vd34bAfdjx0JPA8o-TjmQuL5Z1rxyrkoiRReZn6Om9sTH72tKKXou6D__NaGtkXU8CtLBdP-hcKFEu_5k5kMw.mp4?_nc_cat=100&_nc_oc=AdrjxNrEHfeHANPQpRH0UtYpYFw_H1eiMf377bLlcJm2gynhT2OTSDS-PLTWVoP7tQQpfT4jZDsuY7d-xRBo1Ivp&_nc_sid=b66105&_nc_ht=video.fblr20-3.fna.fbcdn.net&_nc_ohc=H8O1xM_sdncQ7kNvwEtLeji&efg=eyJ2ZW5jb2RlX3RhZyI6Inhwdl9wcm9ncmVzc2l2ZS5WSV9VU0VDQVNFX1BST0RVQ1RfVFlQRS4uQzMuNzIwLmRhc2hfaDI2NC1iYXNpYy1nZW4yXzcyMHAiLCJ4cHZfYXNzZXRfaWQiOjEwMjIzNzc4NzM3Nzg2NjIsImFzc2V0X2FnZV9kYXlzIjoxMSwidmlfdXNlY2FzZV9pZCI6MTAxMzksImR1cmF0aW9uX3MiOjQwLCJ1cmxnZW5fc291cmNlIjoid3d3In0%3D&ccb=17-1&vs=65dc005f0ea464d1&_nc_vs=HBksFQIYRWZiX2VwaGVtZXJhbC8yRjQ5OEFEREY2QTQ5QTAzMTlBOTk2MUNGQkY1NDlCOF9tdF8xX3ZpZGVvX2Rhc2hpbml0Lm1wNBUAAsgBEgAVAhhAZmJfcGVybWFuZW50LzIyNDIxNkE2RjExNzA5RTQ5RThDQzEwRTkyN0MzQUI0X2F1ZGlvX2Rhc2hpbml0Lm1wNBUCAsgBEgAoABgAGwKIB3VzZV9vaWwBMRJwcm9ncmVzc2l2ZV9yZWNpcGUBMRUAACbMn_HfnPbQAxUCKAJDMywXQEQu2RaHKwIYGWRhc2hfaDI2NC1iYXNpYy1nZW4yXzcyMHARAHUAZbaeAQA&_nc_gid=Ds3Scjmt6JIiYbJvZAorLw&_nc_ss=7f289&_nc_zt=28&oh=00_Af_izsygJlqb9UvXHCKhNdektdumRfTAtzfmrh90aZuf5g&oe=6A464854,https://scontent.fblr20-4.fna.fbcdn.net/v/t39.35426-6/724424658_2744801889209171_5117713136312735163_n.jpg?_nc_cat=101&ccb=1-7&_nc_sid=c53f8f&_nc_ohc=1VWK0VtsTn8Q7kNvwGq11a4&_nc_oc=Adoec8Cei3IY98RS_n3UIdYEhMSVmtMa6fbDuX8sRdkwEdxR9WsVmQccCVzpr0oFyef-WXTqXqihjN6gy0W2wTUU&_nc_zt=14&_nc_ht=scontent.fblr20-4.fna&_nc_gid=Ds3Scjmt6JIiYbJvZAorLw&_nc_ss=7f289&oh=00_Af9HSb75S3qYLkCKznynDNMExMY3bK4Kfdff2HHnP1a_mQ&oe=6A4644F5,2026-07-02T11:15:32.000Z,2026-06-28
71,68,SpeakX,540653459131632,SpeakX - Learn to Speak English,,IN,2333949223804215,https://www.facebook.com/ads/library/?id=2333949223804215,2026-06-15,,false,false,1,0,,2026-06-15,,"10 லட்சம்+ கற்றவர்களுடன் சேர்ந்து, உங்கள் AI ஆசிரியருடன் தாராளமாக ஆங்கிலம் பேசுங்கள்",ஆங்கிலம் கற்றுக்கொண்டு தாராளமாக பேசுங்கள்,Install now,http://play.google.com/store/apps/details?id=yellowclass.kids.live,"Facebook,Instagram,Audience Network,Messenger,Threads","10 லட்சம்+ கற்றவர்களுடன் சேர்ந்து, உங்கள் AI ஆசிரியருடன் தாராளமாக ஆங்கிலம் பேசுங்கள்",ஆங்கிலம் கற்றுக்கொண்டு தாராளமாக பேசுங்கள்,Install now,http://play.google.com/store/apps/details?id=yellowclass.kids.live,Video,"Facebook,Instagram,Audience Network,Messenger,Threads",1,0,1:1,https://video.fblr20-4.fna.fbcdn.net/o1/v/t2/f2/m366/AQNJXEWAwBGvaHcH8pt49Swfxl_y7CrSozThpm5x7Od0FH4Vp6Ew0M7DNsAfL3VXqvEezqLXckfJCp905y19-wA76DT74kfEYLR_UPKuDHdhjA.mp4?_nc_cat=101&_nc_oc=Adq-9pb9BBt_y2hZmU_WZMMj6mxhMkvvtaIdbCibZ_ksOWW6d7y6db0cw7wc8R9SyygbrJhX6FGuy7mR0FmXLgbo&_nc_sid=b66105&_nc_ht=video.fblr20-4.fna.fbcdn.net&_nc_ohc=vJBwNlWmC0UQ7kNvwG3B0-0&efg=eyJ2ZW5jb2RlX3RhZyI6Inhwdl9wcm9ncmVzc2l2ZS5WSV9VU0VDQVNFX1BST0RVQ1RfVFlQRS4uQzMuNzIwLmRhc2hfaDI2NC1iYXNpYy1nZW4yXzcyMHAiLCJ4cHZfYXNzZXRfaWQiOjE1OTE3NDUxNjU4NTUzNjksImFzc2V0X2FnZV9kYXlzIjoxMSwidmlfdXNlY2FzZV9pZCI6MTAxMzksImR1cmF0aW9uX3MiOjY1LCJ1cmxnZW5fc291cmNlIjoid3d3In0%3D&ccb=17-1&vs=30d891c183c14d26&_nc_vs=HBksFQIYRWZiX2VwaGVtZXJhbC8wRTQwQjJFRDREOTFCRkE4OTA1NTE5MUI0MzM1MjhBMV9tdF8xX3ZpZGVvX2Rhc2hpbml0Lm1wNBUAAsgBEgAVAhhAZmJfcGVybWFuZW50L0E3NDA2RTg0QkU1NUI5QzA0OEVDODJDOTc3NEVCRkIxX2F1ZGlvX2Rhc2hpbml0Lm1wNBUCAsgBEgAoABgAGwKIB3VzZV9vaWwBMRJwcm9ncmVzc2l2ZV9yZWNpcGUBMRUAACaSqvjS4evTBRUCKAJDMywXQFBxiTdLxqgYGWRhc2hfaDI2NC1iYXNpYy1nZW4yXzcyMHARAHUAZbaeAQA&_nc_gid=Ds3Scjmt6JIiYbJvZAorLw&_nc_ss=7f289&_nc_zt=28&oh=00_Af8PvDxUQHj1MHUxX91LPUyu9dDCITtLW1RgmRO-fRdAcw&oe=6A465D97,https://scontent.fblr20-5.fna.fbcdn.net/v/t39.35426-6/724517498_1529350838823843_8454804644630848386_n.jpg?_nc_cat=107&ccb=1-7&_nc_sid=c53f8f&_nc_ohc=iqF0zAh36TgQ7kNvwH8f36k&_nc_oc=Adqw5AvR2UsMax4KU7O-5_8TLIEXrmiUGwcjIpja3-xEgmD8mncpp5DduXg8l0lrVxoJXtNvxCCWeFVy93DoufxU&_nc_zt=14&_nc_ht=scontent.fblr20-5.fna&_nc_gid=Ds3Scjmt6JIiYbJvZAorLw&_nc_ss=7f289&oh=00_Af-DMun2Cir02epHpq7hNFHt0PwVC2tUAOqye6xBhdzMlg&oe=6A46404F,2026-07-02T12:46:15.000Z,2026-06-28
72,69,SpeakX,540653459131632,SpeakX - Learn to Speak English,,IN,3914753142152821,https://www.facebook.com/ads/library/?id=3914753142152821,2026-06-24,,false,false,1,0,,2026-06-24,,English speaking made easy with SpeakX App,Spoken English course,Install now,http://play.google.com/store/apps/details?id=yellowclass.kids.live,"Facebook,Instagram,Messenger,Threads",English speaking made easy with SpeakX App,Spoken English course,Install now,http://play.google.com/store/apps/details?id=yellowclass.kids.live,Video,"Facebook,Instagram,Messenger,Threads",1,0,1:1,https://video.fblr20-1.fna.fbcdn.net/o1/v/t2/f2/m366/AQOcGnkw00ESWMh8_84DuHhujWU0hWaXh4tGJBYBZ8mEkl8T3r-DW7HvdFo56Jacindw96Yioe01CAilKZj9HM66wISyZqJwRyLPyffEo7eNvg.mp4?_nc_cat=108&_nc_oc=AdotUErPnJmb08RA4NjiD739hSWJ46yEhuMUvGmpIKZjwgPMbMgk6V3xDc0eLhgwgiga0zOqcPR3IvErPN8XH9dx&_nc_sid=b66105&_nc_ht=video.fblr20-1.fna.fbcdn.net&_nc_ohc=rfprWkYVd3gQ7kNvwFb-Rdw&efg=eyJ2ZW5jb2RlX3RhZyI6Inhwdl9wcm9ncmVzc2l2ZS5WSV9VU0VDQVNFX1BST0RVQ1RfVFlQRS4uQzMuNzIwLmRhc2hfaDI2NC1iYXNpYy1nZW4yXzcyMHAiLCJ4cHZfYXNzZXRfaWQiOjIxOTE5OTQ3MTQ4ODE2NTEsImFzc2V0X2FnZV9kYXlzIjozNywidmlfdXNlY2FzZV9pZCI6MTAxMzksImR1cmF0aW9uX3MiOjc4LCJ1cmxnZW5fc291cmNlIjoid3d3In0%3D&ccb=17-1&vs=dd1cbd42eff4a2dd&_nc_vs=HBksFQIYRWZiX2VwaGVtZXJhbC8zNTREQkU2N0UwOTM0MjVEQTM2RkMyQTFCM0JEOEVBRF9tdF8xX3ZpZGVvX2Rhc2hpbml0Lm1wNBUAAsgBEgAVAhhAZmJfcGVybWFuZW50LzY2NDdEODc2QTgxNDYxQjIwQjY2OTBDN0Q4NjIyMkFBX2F1ZGlvX2Rhc2hpbml0Lm1wNBUCAsgBEgAoABgAGwKIB3VzZV9vaWwBMRJwcm9ncmVzc2l2ZV9yZWNpcGUBMRUAACbm-aOl8ebkBxUCKAJDMywXQFOO6XjU_fQYGWRhc2hfaDI2NC1iYXNpYy1nZW4yXzcyMHARAHUAZbaeAQA&_nc_gid=Ds3Scjmt6JIiYbJvZAorLw&_nc_ss=7f289&_nc_zt=28&oh=00_Af_mDozxGGQpA-NGy4TYKgCYlE2jvYiLFe3AaIooU5pnMA&oe=6A46560C,https://scontent.fblr20-2.fna.fbcdn.net/v/t39.35426-6/730732252_1276927187663260_7375498793297092078_n.jpg?_nc_cat=111&ccb=1-7&_nc_sid=c53f8f&_nc_ohc=RkS__0WEsSgQ7kNvwFr8sl3&_nc_oc=AdoYu8Fr19QjM8ocQ8na6XPcBeLzM3_BPf1zToQsw9Ic3AMkoCH2oV0__3HnmvOwoQylGAFWHlPCW19e8murMSj2&_nc_zt=14&_nc_ht=scontent.fblr20-2.fna&_nc_gid=Ds3Scjmt6JIiYbJvZAorLw&_nc_ss=7f289&oh=00_Af_JXWZH6oOp4PiC-yc9khjbE-U00cV5IE68FRSjAYaT8g&oe=6A465DB5,2026-07-02T12:14:04.000Z,2026-06-28
73,70,SpeakX,540653459131632,SpeakX - Learn to Speak English,,IN,1371426394857560,https://www.facebook.com/ads/library/?id=1371426394857560,2026-06-22,,false,false,1,0,,2026-06-22,,Ab bina ruke English bolo. Speakx AI tutor ke saath rozana practice karein.,"Learn English, Let's Talk",Install now,http://play.google.com/store/apps/details?id=yellowclass.kids.live,"Facebook,Instagram,Audience Network,Messenger,Threads",Ab bina ruke English bolo. Speakx AI tutor ke saath rozana practice karein.,"Learn English, Let's Talk",Install now,http://play.google.com/store/apps/details?id=yellowclass.kids.live,Video,"Facebook,Instagram,Audience Network,Messenger,Threads",1,0,9:16,https://video.fblr20-5.fna.fbcdn.net/o1/v/t2/f2/m366/AQNE_6hmm1PHr-VzaZfMyUg71TQRPPjuW6Ve_DxFRZ-olNLNkalCtXkxQc2eEZQZ5WrA0Qrh_fsFNahMUbfsOcGv11Bmcj6-Z1LVNsniFaLC_w.mp4?_nc_cat=107&_nc_oc=AdqCjQGbSfvL4DLFsgiO8lJhPHk4jIAZz7yNDX3TZyR52EA3sOw8rAeRKifwraPLAkOnIjMs78vl1hDYF88QBYL4&_nc_sid=b66105&_nc_ht=video.fblr20-5.fna.fbcdn.net&_nc_ohc=I_mc4gpa1EgQ7kNvwF3Yyb4&efg=eyJ2ZW5jb2RlX3RhZyI6Inhwdl9wcm9ncmVzc2l2ZS5WSV9VU0VDQVNFX1BST0RVQ1RfVFlQRS4uQzMuNzIwLmRhc2hfaDI2NC1iYXNpYy1nZW4yXzcyMHAiLCJ4cHZfYXNzZXRfaWQiOjEwMTU3NDE1Nzc2MTgxNzAsImFzc2V0X2FnZV9kYXlzIjo1LCJ2aV91c2VjYXNlX2lkIjoxMDc5OSwiZHVyYXRpb25fcyI6NTksInVybGdlbl9zb3VyY2UiOiJ3d3cifQ%3D%3D&ccb=17-1&vs=71f59fb416e0b07c&_nc_vs=HBksFQIYRWZiX2VwaGVtZXJhbC9EQjRGRkVFQjZENjg3NDE0REYzODJFMUY1Njk5NTY5QV9tdF8xX3ZpZGVvX2Rhc2hpbml0Lm1wNBUAAsgBEgAVAhhAZmJfcGVybWFuZW50L0QyNDA5Q0JGOTdERkVGNUUxNDY2MTE1NTcyRkYwRUIxX2F1ZGlvX2Rhc2hpbml0Lm1wNBUCAsgBEgAoABgAGwKIB3VzZV9vaWwBMRJwcm9ncmVzc2l2ZV9yZWNpcGUBMRUAACb0i9e--PPNAxUCKAJDMywXQE2u2RaHKwIYGWRhc2hfaDI2NC1iYXNpYy1nZW4yXzcyMHARAHUAZd6oAQA&_nc_gid=Ds3Scjmt6JIiYbJvZAorLw&_nc_ss=7f289&_nc_zt=28&oh=00_Af_MMqbAMySGAg3udQuHxA3ps1Uk-8nMKOKHwwoqZKjekw&oe=6A464EC1,https://scontent.fblr20-4.fna.fbcdn.net/v/t39.35426-6/727542799_2108766286344388_8664794459954630937_n.jpg?_nc_cat=106&ccb=1-7&_nc_sid=c53f8f&_nc_ohc=xSQixozQf4QQ7kNvwGh1Hf0&_nc_oc=Ado2Msyi2lmMhkoXDBjsDDITEMIj3zo6BV5bY53KPmftzHVtHRcu_Xlh6-Ue_rpjAoQ5SYTGG9_bU9Ek9etjqHqM&_nc_zt=14&_nc_ht=scontent.fblr20-4.fna&_nc_gid=Ds3Scjmt6JIiYbJvZAorLw&_nc_ss=7f289&oh=00_Af-PT0AY3keEM8qi48l5vUvkyyLOMDqrrOFCrDpLsjN71g&oe=6A462F29,2026-07-02T11:42:57.000Z,2026-06-28
74,71,SpeakX,540653459131632,SpeakX - Learn to Speak English,,IN,1006329295201378,https://www.facebook.com/ads/library/?id=1006329295201378,2026-05-15,,false,false,1,0,,2026-05-15,,"जब बहू अचानक धाराप्रवाह अंग्रेज़ी बोलने लगे... 😂 और सासु माँ सोचें — ""यह कब सीख गई?!"" 🤯

SpeakX — घर में चुपचाप, आत्मविश्वास के साथ सीखो। सिर्फ़ ₹२ में शुरुआत। 🚀

🌟 गृहिणियों के लिए सबसे बेहतर:
⏳ सिर्फ़ १५ मिनट: दिन में कभी भी, अपनी रफ़्तार से।
🤫 पूरी तरह निजी: AI कोच — कोई आलोचना नहीं, सिर्फ़ साथ।
🎮 खेल-खेल में सीखना: रोज़ की चुनौतियाँ और पुरस्कार — मन लगा रहेगा।",SpeakX - ऑनलाइन इंग्लिश बोलना सीखें,Install now,http://play.google.com/store/apps/details?id=yellowclass.kids.live,"Facebook,Instagram","जब बहू अचानक धाराप्रवाह अंग्रेज़ी बोलने लगे... 😂 और सासु माँ सोचें — ""यह कब सीख गई?!"" 🤯

SpeakX — घर में चुपचाप, आत्मविश्वास के साथ सीखो। सिर्फ़ ₹२ में शुरुआत। 🚀

🌟 गृहिणियों के लिए सबसे बेहतर:
⏳ सिर्फ़ १५ मिनट: दिन में कभी भी, अपनी रफ़्तार से।
🤫 पूरी तरह निजी: AI कोच — कोई आलोचना नहीं, सिर्फ़ साथ।
🎮 खेल-खेल में सीखना: रोज़ की चुनौतियाँ और पुरस्कार — मन लगा रहेगा।",SpeakX - ऑनलाइन इंग्लिश बोलना सीखें,Install now,http://play.google.com/store/apps/details?id=yellowclass.kids.live,Video,"Facebook,Instagram",1,0,9:16,https://video.fblr20-2.fna.fbcdn.net/o1/v/t2/f2/m366/AQP2jF4F270BVDtoc9Y4D05Zav9Ii4Wk-1RrIO2LRYLKsq0m3raR4d_n9SQv2Khq5DNU7Vw7WixTK0QrL9jOzUhk66axSNV1BLfko0QbvKf4FQ.mp4?_nc_cat=111&_nc_oc=AdqOoqvYvcKQQo6KtAWYFwKECX6uG9yD4KzuLnw8kZRC8JHC4hbvlmyZHEiGEpfc8_Qog1vNKKpNuDRNaDJ4NzNO&_nc_sid=b66105&_nc_ht=video.fblr20-2.fna.fbcdn.net&_nc_ohc=JxzEhn8Dr0QQ7kNvwEtqHfv&efg=eyJ2ZW5jb2RlX3RhZyI6Inhwdl9wcm9ncmVzc2l2ZS5WSV9VU0VDQVNFX1BST0RVQ1RfVFlQRS4uQzMuNzIwLmRhc2hfaDI2NC1iYXNpYy1nZW4yXzcyMHAiLCJ4cHZfYXNzZXRfaWQiOjkzODcxNTQ4NTY0MjU3MCwiYXNzZXRfYWdlX2RheXMiOjQyLCJ2aV91c2VjYXNlX2lkIjoxMDc5OSwiZHVyYXRpb25fcyI6NDksInVybGdlbl9zb3VyY2UiOiJ3d3cifQ%3D%3D&ccb=17-1&vs=8dd9d6ee9271fc97&_nc_vs=HBksFQIYRWZiX2VwaGVtZXJhbC84RDQ3OEQyQzM0QUZDRDZCMDc2QkNEQTU4RkQ5NTJCM19tdF8xX3ZpZGVvX2Rhc2hpbml0Lm1wNBUAAsgBEgAVAhhAZmJfcGVybWFuZW50L0MzNDNGRTFCQTRFQzBDNzQ5NzBFN0YyQUJBMkJENEJEX2F1ZGlvX2Rhc2hpbml0Lm1wNBUCAsgBEgAoABgAGwKIB3VzZV9vaWwBMRJwcm9ncmVzc2l2ZV9yZWNpcGUBMRUAACaU_Yixt_CqAxUCKAJDMywXQEian752yLQYGWRhc2hfaDI2NC1iYXNpYy1nZW4yXzcyMHARAHUAZd6oAQA&_nc_gid=wIBKD2lG_37dPdhuzaaQHA&_nc_ss=7f289&_nc_zt=28&oh=00_Af8R5l3Dcyn3bA6SDiD8Cp4vvkcgLTu0QQmgn30Nb93Ztg&oe=6A462F35,https://scontent.fblr20-3.fna.fbcdn.net/v/t39.35426-6/700472771_1474018277797614_5905451100620774628_n.jpg?_nc_cat=109&ccb=1-7&_nc_sid=c53f8f&_nc_ohc=Tbs5baXVBO4Q7kNvwFXejOB&_nc_oc=Adq2oE_lT81TvdFlpUtTR9nPCXPGohUEa6l09zGHb_y_guNpEIJwn23P06Q6uEIDlEVfto1GfkpValonYc5SuC7P&_nc_zt=14&_nc_ht=scontent.fblr20-3.fna&_nc_gid=wIBKD2lG_37dPdhuzaaQHA&_nc_ss=7f289&oh=00_Af-TAgSrG1CTOSkihUvVAxDdmAq6VMbp25RRmcWnnoETJg&oe=6A4645D2,2026-07-02T09:28:21.000Z,2026-06-28
75,72,SpeakX,540653459131632,SpeakX - Learn to Speak English,,IN,824616770475280,https://www.facebook.com/ads/library/?id=824616770475280,2026-06-01,,false,false,1,0,,2026-06-01,,English speaking made easy with SpeakX App,Spoken English course,Install now,http://play.google.com/store/apps/details?id=yellowclass.kids.live,"Facebook,Instagram,Messenger,Threads",English speaking made easy with SpeakX App,Spoken English course,Install now,http://play.google.com/store/apps/details?id=yellowclass.kids.live,Video,"Facebook,Instagram,Messenger,Threads",1,0,1:1,https://video.fblr20-3.fna.fbcdn.net/o1/v/t2/f2/m366/AQM1o7RL7LzwM3Y13JRQoixdnIS9B6tCtftdkOwpREoCjgb1G4UPfhfNpCObal3WLJ5emoMWNI_OL1M65FC5JHp7lpedBGTfzsVLAcw5MdIztQ.mp4?_nc_cat=109&_nc_oc=AdpP2aXQzVSiKTE6tZGLZZo43OwZECYxIjWciyrzLeHtYy1v3WNPDr6Rjxhjs0qmZOUbTQXGan-Q56Avra4EPs5G&_nc_sid=b66105&_nc_ht=video.fblr20-3.fna.fbcdn.net&_nc_ohc=p2RBZ8nO_y8Q7kNvwFfW5ep&efg=eyJ2ZW5jb2RlX3RhZyI6Inhwdl9wcm9ncmVzc2l2ZS5WSV9VU0VDQVNFX1BST0RVQ1RfVFlQRS4uQzMuNzIwLmRhc2hfaDI2NC1iYXNpYy1nZW4yXzcyMHAiLCJ4cHZfYXNzZXRfaWQiOjEyNjg2OTI4NDg1ODUyMDgsImFzc2V0X2FnZV9kYXlzIjozNywidmlfdXNlY2FzZV9pZCI6MTAxMzksImR1cmF0aW9uX3MiOjU4LCJ1cmxnZW5fc291cmNlIjoid3d3In0%3D&ccb=17-1&vs=3144e43f7ca2de54&_nc_vs=HBksFQIYRWZiX2VwaGVtZXJhbC8zMzRGRUY5QkQ1Nzc1MkVEREUwRkUyNzRDRTY0N0Y4Rl9tdF8xX3ZpZGVvX2Rhc2hpbml0Lm1wNBUAAsgBEgAVAhhAZmJfcGVybWFuZW50L0ZGNDc0QjA2REJCRjQ5NjU5NDFBMzk0QzhFMUQxNEIzX2F1ZGlvX2Rhc2hpbml0Lm1wNBUCAsgBEgAoABgAGwKIB3VzZV9vaWwBMRJwcm9ncmVzc2l2ZV9yZWNpcGUBMRUAACbwp42p0vfABBUCKAJDMywXQE0RBiTdLxsYGWRhc2hfaDI2NC1iYXNpYy1nZW4yXzcyMHARAHUAZbaeAQA&_nc_gid=wIBKD2lG_37dPdhuzaaQHA&_nc_ss=7f289&_nc_zt=28&oh=00_Af-JrWnBIWrZ1FAv4WHMaIMKk7RjXc1ETafFmVeCFFRlmQ&oe=6A464157,https://scontent.fblr20-3.fna.fbcdn.net/v/t39.35426-6/705320706_1524841959034375_745065998572278520_n.jpg?_nc_cat=105&ccb=1-7&_nc_sid=c53f8f&_nc_ohc=7nrlA0LfKrsQ7kNvwHU1lFs&_nc_oc=Adql9KqrGxchU3DD_sUAp1eydpd-Xq79YkcPPDClUtO1iB0bIdP-nPNFYVVLMk9r3u2IjxkTVILfkvDdhVzN8HXq&_nc_zt=14&_nc_ht=scontent.fblr20-3.fna&_nc_gid=wIBKD2lG_37dPdhuzaaQHA&_nc_ss=7f289&oh=00_Af-9zL_tFRr3SJLYe-1HoVhJBV2cijzoNBZ5bTx0ZG1nJQ&oe=6A462CA7,2026-07-02T10:45:43.000Z,2026-06-28
76,73,SpeakX,540653459131632,SpeakX - Learn to Speak English,,IN,859185150599687,https://www.facebook.com/ads/library/?id=859185150599687,2026-06-22,,false,false,1,0,,2026-06-22,,Ab bina ruke English bolo. Speakx AI tutor ke saath rozana practice karein.,"Learn English, Let's Talk",Install now,http://play.google.com/store/apps/details?id=yellowclass.kids.live,"Facebook,Instagram,Audience Network,Messenger,Threads",Ab bina ruke English bolo. Speakx AI tutor ke saath rozana practice karein.,"Learn English, Let's Talk",Install now,http://play.google.com/store/apps/details?id=yellowclass.kids.live,Video,"Facebook,Instagram,Audience Network,Messenger,Threads",1,0,9:16,https://video.fblr20-2.fna.fbcdn.net/o1/v/t2/f2/m366/AQMWWTFaeXGRXatWFKzZUrW3AVO7kuqfT5JhTeSsFCJVK97h6t79HhzDSba7sxsP-d---jZHvWgKdOTt5CwClJMgY5dkh6OqMogcg5paPGEpqw.mp4?_nc_cat=111&_nc_oc=Adr4S0Vt8nwWZE0kPqb-BfTDBHNx0Lry6iGPYh749wWysWqOLLGdvGyDEuYYdFj6j0eauANpmTVrZM1dSm3uUHvS&_nc_sid=b66105&_nc_ht=video.fblr20-2.fna.fbcdn.net&_nc_ohc=7CpATthfTbAQ7kNvwF3vjQL&efg=eyJ2ZW5jb2RlX3RhZyI6Inhwdl9wcm9ncmVzc2l2ZS5WSV9VU0VDQVNFX1BST0RVQ1RfVFlQRS4uQzMuNzIwLmRhc2hfaDI2NC1iYXNpYy1nZW4yXzcyMHAiLCJ4cHZfYXNzZXRfaWQiOjk3MjUwNDE5OTExNzQ4NiwiYXNzZXRfYWdlX2RheXMiOjUsInZpX3VzZWNhc2VfaWQiOjEwNzk5LCJkdXJhdGlvbl9zIjo1MCwidXJsZ2VuX3NvdXJjZSI6Ind3dyJ9&ccb=17-1&vs=e974ddcf9e7cbff9&_nc_vs=HBksFQIYRWZiX2VwaGVtZXJhbC84MjQwNzQ3M0I3OTcyODc4NzQ5MkMzOTdGNkM5M0RBQl9tdF8xX3ZpZGVvX2Rhc2hpbml0Lm1wNBUAAsgBEgAVAhhAZmJfcGVybWFuZW50L0UyNDg0RUYyRTYzNzk5N0RCMDA0MTIyNjgyNzQxQ0JCX2F1ZGlvX2Rhc2hpbml0Lm1wNBUCAsgBEgAoABgAGwKIB3VzZV9vaWwBMRJwcm9ncmVzc2l2ZV9yZWNpcGUBMRUAACbc6qX1mJ-6AxUCKAJDMywXQEk3bItDlYEYGWRhc2hfaDI2NC1iYXNpYy1nZW4yXzcyMHARAHUAZd6oAQA&_nc_gid=wIBKD2lG_37dPdhuzaaQHA&_nc_ss=7f289&_nc_zt=28&oh=00_Af9kWTT05pSnEeI7gtgZeErUz4tFyXDcIx3v_-6jF1Pg8w&oe=6A464DF1,https://scontent.fblr20-3.fna.fbcdn.net/v/t39.35426-6/728568909_1414476273853122_8783449428541789555_n.jpg?_nc_cat=100&ccb=1-7&_nc_sid=c53f8f&_nc_ohc=bx76UIRhU6EQ7kNvwFUygaC&_nc_oc=AdrTD_GFwDNvS8wKtiVRdK_DIfEMy-KbIFSp8SUT078ssjLTROB5oVAObA5Y8IvNpQazLSLj0Vw9fBiEOU1DyFAf&_nc_zt=14&_nc_ht=scontent.fblr20-3.fna&_nc_gid=wIBKD2lG_37dPdhuzaaQHA&_nc_ss=7f289&oh=00_Af9mWUunTXgCpliV8PQwD-aLyLowu4J_z5sHieHuMXcXvg&oe=6A4653A3,2026-07-02T11:39:29.000Z,2026-06-28
77,74,SpeakX,540653459131632,SpeakX - Learn to Speak English,,IN,1718754532619881,https://www.facebook.com/ads/library/?id=1718754532619881,2026-06-02,,false,false,1,0,,2026-06-02,,ಮೂಲದಿಂದ spoken English ಕಲಿಯಿ. ದಿನಸಿ ಅಭ್ಯಾಸಕ್ಕೆ AI ಸಹಾಯ. ಕನ್ನಡಿಗರಿಗೆ ಸೂಕ್ತ.,ಇಂಗ್ಲಿಷ್ ಮಾತನಾಡಲು ಕಲಿಯಿ,Install now,http://play.google.com/store/apps/details?id=yellowclass.kids.live,"Facebook,Instagram,Messenger,Threads",ಮೂಲದಿಂದ spoken English ಕಲಿಯಿ. ದಿನಸಿ ಅಭ್ಯಾಸಕ್ಕೆ AI ಸಹಾಯ. ಕನ್ನಡಿಗರಿಗೆ ಸೂಕ್ತ.,ಇಂಗ್ಲಿಷ್ ಮಾತನಾಡಲು ಕಲಿಯಿ,Install now,http://play.google.com/store/apps/details?id=yellowclass.kids.live,Video,"Facebook,Instagram,Messenger,Threads",1,0,1:1,https://video.fblr20-4.fna.fbcdn.net/o1/v/t2/f2/m366/AQPad0-TMUJ5YNuX0I0fldhmQItwKTvOOm63-417Rg0Z_MMxeD8aFA5-uZ081EuCexg676-4zGiVXHe4sySxQLUnXchqoO4PcX1uEVYIlE1iBQ.mp4?_nc_cat=101&_nc_oc=AdrCOgx7Y5cvNlxiQy2B_dlr5WB21Kvfu0-TJ-3khNEDHMTLif4gXGRsfiqiVwoOlVN2V9RsdT2aWP3ay8h6HKx5&_nc_sid=b66105&_nc_ht=video.fblr20-4.fna.fbcdn.net&_nc_ohc=uAokb_XHJ-QQ7kNvwGUEdOG&efg=eyJ2ZW5jb2RlX3RhZyI6Inhwdl9wcm9ncmVzc2l2ZS5WSV9VU0VDQVNFX1BST0RVQ1RfVFlQRS4uQzMuNzIwLmRhc2hfaDI2NC1iYXNpYy1nZW4yXzcyMHAiLCJ4cHZfYXNzZXRfaWQiOjIyMDMzMTkzMTcxMDcwMjQsImFzc2V0X2FnZV9kYXlzIjozNywidmlfdXNlY2FzZV9pZCI6MTAxMzksImR1cmF0aW9uX3MiOjY1LCJ1cmxnZW5fc291cmNlIjoid3d3In0%3D&ccb=17-1&vs=7f8ec39337cdb8f0&_nc_vs=HBksFQIYRWZiX2VwaGVtZXJhbC9BMjRGNDBBNDgyM0MwNzlCQkI2NzlFNkE4QjVCQkJBNF9tdF8xX3ZpZGVvX2Rhc2hpbml0Lm1wNBUAAsgBEgAVAhhAZmJfcGVybWFuZW50L0ExNDFENUU4OTY2Q0Y3ODI1NERGOUY4REFDMjFFMEFGX2F1ZGlvX2Rhc2hpbml0Lm1wNBUCAsgBEgAoABgAGwKIB3VzZV9vaWwBMRJwcm9ncmVzc2l2ZV9yZWNpcGUBMRUAACagxciTiPrpBxUCKAJDMywXQFBxBiTdLxsYGWRhc2hfaDI2NC1iYXNpYy1nZW4yXzcyMHARAHUAZbaeAQA&_nc_gid=wIBKD2lG_37dPdhuzaaQHA&_nc_ss=7f289&_nc_zt=28&oh=00_Af_QzhuD9aJJnh3GMbYcvolJJvWLUJ48OEcVUqXHRIEvWw&oe=6A4626D3,https://scontent.fblr20-4.fna.fbcdn.net/v/t39.35426-6/704187961_1315699136731799_8742752507725047943_n.jpg?_nc_cat=101&ccb=1-7&_nc_sid=c53f8f&_nc_ohc=5EfRNNwED_EQ7kNvwFYV4_3&_nc_oc=AdpvR1i8jaQ1x8ufM_D0XOvoUKPqMi9u6twu2p6cWT-IrJbTdKOBoFepjF93x93geuEwqnkUr5vcw59fhkm7Cx40&_nc_zt=14&_nc_ht=scontent.fblr20-4.fna&_nc_gid=wIBKD2lG_37dPdhuzaaQHA&_nc_ss=7f289&oh=00_Af_b0AammCfWxYTNTzZdxFaFfZVqSq7a6Y4IpjKxAmbTSw&oe=6A462D7D,2026-07-02T08:52:35.000Z,2026-06-28
78,75,SpeakX,540653459131632,SpeakX - Learn to Speak English,,IN,817247541325649,https://www.facebook.com/ads/library/?id=817247541325649,2026-06-21,,false,false,1,0,,2026-06-21,,ಮೂಲದಿಂದ spoken English ಕಲಿಯಿ. ದಿನಸಿ ಅಭ್ಯಾಸಕ್ಕೆ AI ಸಹಾಯ. ಕನ್ನಡಿಗರಿಗೆ ಸೂಕ್ತ.,ಇಂಗ್ಲಿಷ್ ಮಾತನಾಡಲು ಕಲಿಯಿ,Install now,http://play.google.com/store/apps/details?id=yellowclass.kids.live,"Facebook,Instagram,Messenger,Threads",ಮೂಲದಿಂದ spoken English ಕಲಿಯಿ. ದಿನಸಿ ಅಭ್ಯಾಸಕ್ಕೆ AI ಸಹಾಯ. ಕನ್ನಡಿಗರಿಗೆ ಸೂಕ್ತ.,ಇಂಗ್ಲಿಷ್ ಮಾತನಾಡಲು ಕಲಿಯಿ,Install now,http://play.google.com/store/apps/details?id=yellowclass.kids.live,Video,"Facebook,Instagram,Messenger,Threads",1,0,9:16,https://video.fblr20-2.fna.fbcdn.net/o1/v/t2/f2/m366/AQPPHy35zAVchcs5EmlqSIuIX_zIBzoBsnQxTZ324x9LfXZO6YuLql_KCF_gSKkEwlVGwLrcpp4qE92Xyp4NyzmZIw2tw6TtphfbTaSXsfqiSQ.mp4?_nc_cat=111&_nc_oc=AdpAY-Linf9UEnyLRmUNkokDKOTkgsUpLW5TfavIJQzR5atASBg6WK6vd6IJlPAT60r2dfkc39iAU8C5IrxNeibJ&_nc_sid=b66105&_nc_ht=video.fblr20-2.fna.fbcdn.net&_nc_ohc=ygUXBsBm1TkQ7kNvwHT9qMQ&efg=eyJ2ZW5jb2RlX3RhZyI6Inhwdl9wcm9ncmVzc2l2ZS5WSV9VU0VDQVNFX1BST0RVQ1RfVFlQRS4uQzMuNzIwLmRhc2hfaDI2NC1iYXNpYy1nZW4yXzcyMHAiLCJ4cHZfYXNzZXRfaWQiOjI0MjcwOTA2MTQ0NTk5NjgsImFzc2V0X2FnZV9kYXlzIjo1LCJ2aV91c2VjYXNlX2lkIjoxMDc5OSwiZHVyYXRpb25fcyI6ODIsInVybGdlbl9zb3VyY2UiOiJ3d3cifQ%3D%3D&ccb=17-1&vs=9191f8dcf26b0e62&_nc_vs=HBksFQIYRWZiX2VwaGVtZXJhbC9EMDQ3MDMzM0IzRDUzRkQ0QTQyOTU4RDkxQjI4OURBNF9tdF8xX3ZpZGVvX2Rhc2hpbml0Lm1wNBUAAsgBEgAVAhhAZmJfcGVybWFuZW50LzIxNDQ5MTJBNDg5RDEwMjA1MEVGMjkwOURENTNDM0IxX2F1ZGlvX2Rhc2hpbml0Lm1wNBUCAsgBEgAoABgAGwKIB3VzZV9vaWwBMRJwcm9ncmVzc2l2ZV9yZWNpcGUBMRUAACaA-cyeotvPCBUCKAJDMywXQFSoAAAAAAAYGWRhc2hfaDI2NC1iYXNpYy1nZW4yXzcyMHARAHUAZd6oAQA&_nc_gid=wIBKD2lG_37dPdhuzaaQHA&_nc_ss=7f289&_nc_zt=28&oh=00_Af84TOry8nnKIhUGL9cx7c7E3L3gFkAeh2Zb0VYfFDy5Dg&oe=6A465479,https://scontent.fblr20-2.fna.fbcdn.net/v/t39.35426-6/726717823_1010416661914570_4990885859494521449_n.jpg?_nc_cat=104&ccb=1-7&_nc_sid=c53f8f&_nc_ohc=tgSaE_epWJMQ7kNvwEXRNlt&_nc_oc=AdqsM2ZaQAXEV5NPErLUpuFKTHlePReElGigLkQGoStwRlMmY0k8W04wV_Fqg9aFoKSmFDc7Mm5qoh3IJNHu8UDM&_nc_zt=14&_nc_ht=scontent.fblr20-2.fna&_nc_gid=wIBKD2lG_37dPdhuzaaQHA&_nc_ss=7f289&oh=00_Af8U5Q-aAbQvP4VqDxk8XXkNBlC1Ly2fLIi2DpE-MGiJeQ&oe=6A464249,2026-07-02T12:07:21.000Z,2026-06-28
79,76,SpeakX,540653459131632,SpeakX - Learn to Speak English,,IN,1519137703335884,https://www.facebook.com/ads/library/?id=1519137703335884,2026-06-01,,false,false,1,0,,2026-06-01,,"10 லட்சம்+ கற்றவர்களுடன் சேர்ந்து, உங்கள் AI ஆசிரியருடன் தாராளமாக ஆங்கிலம் பேசுங்கள்",ஆங்கிலம் கற்றுக்கொண்டு தாராளமாக பேசுங்கள்,Install now,http://play.google.com/store/apps/details?id=yellowclass.kids.live,"Facebook,Instagram,Audience Network,Messenger,Threads","10 லட்சம்+ கற்றவர்களுடன் சேர்ந்து, உங்கள் AI ஆசிரியருடன் தாராளமாக ஆங்கிலம் பேசுங்கள்",ஆங்கிலம் கற்றுக்கொண்டு தாராளமாக பேசுங்கள்,Install now,http://play.google.com/store/apps/details?id=yellowclass.kids.live,Video,"Facebook,Instagram,Audience Network,Messenger,Threads",1,0,1:1,https://video.fblr20-1.fna.fbcdn.net/o1/v/t2/f2/m366/AQOz21tZG3eTozDOJ290K6VqcC9xVEDW8XAlX7191oopHc8cU6uHUKmWX12Ipw2pJdih5MUW8e-lMlsuHxdGMwcixewXyKLDJwSKRmazyd3wWQ.mp4?_nc_cat=108&_nc_oc=Adrh7B_1xPXX0laMvVE1psEQk_iYAR5tWBiiErz-ghmLd2IYqL5ELJF-IJWsHSMvOTGOb9STiGkCt8g2BgA1RVK1&_nc_sid=b66105&_nc_ht=video.fblr20-1.fna.fbcdn.net&_nc_ohc=rQfjrWWR5VoQ7kNvwGVy8YG&efg=eyJ2ZW5jb2RlX3RhZyI6Inhwdl9wcm9ncmVzc2l2ZS5WSV9VU0VDQVNFX1BST0RVQ1RfVFlQRS4uQzMuNzIwLmRhc2hfaDI2NC1iYXNpYy1nZW4yXzcyMHAiLCJ4cHZfYXNzZXRfaWQiOjgzNTkzMjc4ODk1Mzg5OCwiYXNzZXRfYWdlX2RheXMiOjU4LCJ2aV91c2VjYXNlX2lkIjoxMDc5OSwiZHVyYXRpb25fcyI6MzksInVybGdlbl9zb3VyY2UiOiJ3d3cifQ%3D%3D&ccb=17-1&vs=5db5643da5a48af3&_nc_vs=HBksFQIYRWZiX2VwaGVtZXJhbC80QTQ0REY0MjA4NDhENENDNkJGN0YyMDdFQzYyRUY5Rl9tdF8xX3ZpZGVvX2Rhc2hpbml0Lm1wNBUAAsgBEgAVAhhAZmJfcGVybWFuZW50Lzc1NDgyRTYyM0Y3NUUwQzZFNThFQTBCMEQwQjNFMjgwX2F1ZGlvX2Rhc2hpbml0Lm1wNBUCAsgBEgAoABgAGwKIB3VzZV9vaWwBMRJwcm9ncmVzc2l2ZV9yZWNpcGUBMRUAACbUzIjP2JH8AhUCKAJDMywXQEORBiTdLxsYGWRhc2hfaDI2NC1iYXNpYy1nZW4yXzcyMHARAHUAZd6oAQA&_nc_gid=wIBKD2lG_37dPdhuzaaQHA&_nc_ss=7f289&_nc_zt=28&oh=00_Af8ntZWVL3mEcBPyPW9nI7Fob0dWIS5Tr2L1tvYcBqBdfw&oe=6A462AD0,https://scontent.fblr20-4.fna.fbcdn.net/v/t39.35426-6/686348991_1734362517730079_3561028855996793654_n.jpg?_nc_cat=106&ccb=1-7&_nc_sid=c53f8f&_nc_ohc=Umj6opJ5rC0Q7kNvwGKXmwT&_nc_oc=Ado8gApTtBRYBcmUVTt-A3CTqwrZ7aXmm1e5T7VT8FwvAOp5pB4oGZB5aS3C7xAiSL8jVDXDtdhaQ9EecTeTmBpI&_nc_zt=14&_nc_ht=scontent.fblr20-4.fna&_nc_gid=wIBKD2lG_37dPdhuzaaQHA&_nc_ss=7f289&oh=00_Af_XRpIL39UwyyFwu58F1Hqh6qLdY93lj4_Ex7qxPqd1fg&oe=6A465DE3,2026-07-02T09:09:36.000Z,2026-06-28
80,77,SpeakX,540653459131632,SpeakX - Learn to Speak English,,IN,2087931068421187,https://www.facebook.com/ads/library/?id=2087931068421187,2026-06-01,,false,false,1,0,,2026-06-01,,English speaking made easy with SpeakX App,Spoken English course,Install now,http://play.google.com/store/apps/details?id=yellowclass.kids.live,"Facebook,Instagram,Messenger,Threads",English speaking made easy with SpeakX App,Spoken English course,Install now,http://play.google.com/store/apps/details?id=yellowclass.kids.live,Video,"Facebook,Instagram,Messenger,Threads",1,0,1:1,https://video.fblr20-5.fna.fbcdn.net/o1/v/t2/f2/m366/AQOeoacIYQ0rfuL9x1X5vtn3QCoKO0UKGAwBBa8oU8LIhmZDeTUbdBNl2rvZzq79mCRvlTF_EWomhUlRPROkdW8bOasx7YOH06g7F0gFwneK1Q.mp4?_nc_cat=107&_nc_oc=AdqCnHKDA_-gsdOi-xGyjPv6yyYOoFFAMbtZs7rt7nZ7H9xDaEmnuxMLB-CkkS7XNJWq8zr4OP6-Xgw0wkj4FOuZ&_nc_sid=b66105&_nc_ht=video.fblr20-5.fna.fbcdn.net&_nc_ohc=UzbVtTuigMwQ7kNvwGJu8Lu&efg=eyJ2ZW5jb2RlX3RhZyI6Inhwdl9wcm9ncmVzc2l2ZS5WSV9VU0VDQVNFX1BST0RVQ1RfVFlQRS4uQzMuNzIwLmRhc2hfaDI2NC1iYXNpYy1nZW4yXzcyMHAiLCJ4cHZfYXNzZXRfaWQiOjE3MDY4ODMwNTAzNjE4NjYsImFzc2V0X2FnZV9kYXlzIjozNywidmlfdXNlY2FzZV9pZCI6MTAxMzksImR1cmF0aW9uX3MiOjYxLCJ1cmxnZW5fc291cmNlIjoid3d3In0%3D&ccb=17-1&vs=f258d5001002f4ce&_nc_vs=HBksFQIYRWZiX2VwaGVtZXJhbC82RTRFQzlFMDg0QTAwMjQ2Q0E2REIyQzc2OTEwOTU4OF9tdF8xX3ZpZGVvX2Rhc2hpbml0Lm1wNBUAAsgBEgAVAhhAZmJfcGVybWFuZW50L0NDNDYyRTJGNUM1RTg5Q0E3NkEzMDA1QTYxMTQ5MzkwX2F1ZGlvX2Rhc2hpbml0Lm1wNBUCAsgBEgAoABgAGwKIB3VzZV9vaWwBMRJwcm9ncmVzc2l2ZV9yZWNpcGUBMRUAACaU0J7e1ZmIBhUCKAJDMywXQE6AAAAAAAAYGWRhc2hfaDI2NC1iYXNpYy1nZW4yXzcyMHARAHUAZbaeAQA&_nc_gid=wIBKD2lG_37dPdhuzaaQHA&_nc_ss=7f289&_nc_zt=28&oh=00_Af8Qmfc2G41wxmmw3vHLVRbXHyIl02Nnq5mVo1kxJPdfow&oe=6A4638E5,https://scontent.fblr20-2.fna.fbcdn.net/v/t39.35426-6/703131632_1843275159963417_8944787955855692477_n.jpg?_nc_cat=104&ccb=1-7&_nc_sid=c53f8f&_nc_ohc=hrpLBFpZVCUQ7kNvwG1XELJ&_nc_oc=AdpU-AXHTSKkkKg6QuOMSr6WuP_HJO3hneg_u9KezPJ4SEEB2hsHpfFNwugxcLOF-Rz6RsB05gM3m4tYv_JM5eVm&_nc_zt=14&_nc_ht=scontent.fblr20-2.fna&_nc_gid=wIBKD2lG_37dPdhuzaaQHA&_nc_ss=7f289&oh=00_Af8V1CGcv3oPY-P1m9Xa7Oq_Ku0gJ1_G6FtfelK-D9N5cQ&oe=6A462BD4,2026-07-02T10:09:41.000Z,2026-06-28
81,78,SpeakX,540653459131632,SpeakX - Learn to Speak English,,IN,1729723791785930,https://www.facebook.com/ads/library/?id=1729723791785930,2026-06-22,,false,false,1,0,,2026-06-22,,Ab bina ruke English bolo. Speakx AI tutor ke saath rozana practice karein.,"Learn English, Let's Talk",Install now,http://play.google.com/store/apps/details?id=yellowclass.kids.live,"Facebook,Instagram,Audience Network,Messenger,Threads",Ab bina ruke English bolo. Speakx AI tutor ke saath rozana practice karein.,"Learn English, Let's Talk",Install now,http://play.google.com/store/apps/details?id=yellowclass.kids.live,Video,"Facebook,Instagram,Audience Network,Messenger,Threads",1,0,16:9,https://video.fblr20-5.fna.fbcdn.net/o1/v/t2/f2/m366/AQOnzpGDD8ZnCus_zbpiscELZP_4sCNEYToK5__pJ2Gx0MALQ-GrdDCoPSlZ7NoBrb6EDk7KojrZGclBS-AUJKl-zWhQxHMwyz8x3SWZqg2WTg.mp4?_nc_cat=107&_nc_oc=Adqsv7ke28bouaOPzdDigvwiCJcRJ7wqsSUb1fXR-i89fYUwSsX3D5JaTp0tGO39AY68ZIV1lZP6chfU1olKTQdV&_nc_sid=b66105&_nc_ht=video.fblr20-5.fna.fbcdn.net&_nc_ohc=2QvrEv8QYHoQ7kNvwHF3w6x&efg=eyJ2ZW5jb2RlX3RhZyI6Inhwdl9wcm9ncmVzc2l2ZS5WSV9VU0VDQVNFX1BST0RVQ1RfVFlQRS4uQzMuMTA4MC5kYXNoX2gyNjQtYmFzaWMtZ2VuMl83MjBwIiwieHB2X2Fzc2V0X2lkIjozMTQ1OTg5MDA1NTkzNDU2LCJhc3NldF9hZ2VfZGF5cyI6NSwidmlfdXNlY2FzZV9pZCI6MTAxMzksImR1cmF0aW9uX3MiOjYyLCJ1cmxnZW5fc291cmNlIjoid3d3In0%3D&ccb=17-1&vs=f7e8a7c2bd7777cc&_nc_vs=HBksFQIYRWZiX2VwaGVtZXJhbC84RjQxMDRCMjY0NDYyNENEOEU1RTFCRERFODI3MzY5Rl9tdF8xX3ZpZGVvX2Rhc2hpbml0Lm1wNBUAAsgBEgAVAhhAZmJfcGVybWFuZW50LzRFNDM3MTdFNkJFNUQ2ODRFOTNGRUVBMTZGM0QyREEzX2F1ZGlvX2Rhc2hpbml0Lm1wNBUCAsgBEgAoABgAGwKIB3VzZV9vaWwBMRJwcm9ncmVzc2l2ZV9yZWNpcGUBMRUAACbgrarS1NCWCxUCKAJDMywXQE8zMzMzMzMYGWRhc2hfaDI2NC1iYXNpYy1nZW4yXzcyMHARAHUAZbaeAQA&_nc_gid=wIBKD2lG_37dPdhuzaaQHA&_nc_ss=7f289&_nc_zt=28&oh=00_Af-ffIaTZbZvi-YPLSGh2LPoOWCBguzf1t26eHl0_R5aNg&oe=6A465019,https://scontent.fblr20-3.fna.fbcdn.net/v/t39.35426-6/726964837_1470325988112458_4004777033217650914_n.jpg?_nc_cat=109&ccb=1-7&_nc_sid=c53f8f&_nc_ohc=GGEUjw_TDoYQ7kNvwEPycYB&_nc_oc=Adpc1BFLzhb5LgmX7pIOVL3XYbSiMnug996jxoPNkvBMX4DCyteOeIJmeaNP2B3kKsnUwrvl8gTA6kctjYtf270k&_nc_zt=14&_nc_ht=scontent.fblr20-3.fna&_nc_gid=wIBKD2lG_37dPdhuzaaQHA&_nc_ss=7f289&oh=00_Af8KbkDz7rD9gcqbgMaxcFjEXxR4LDXVuPnRUcMmFvO_LA&oe=6A462E0E,2026-07-02T11:48:41.000Z,2026-06-28
82,79,SpeakX,540653459131632,SpeakX - Learn to Speak English,,IN,1035880228803854,https://www.facebook.com/ads/library/?id=1035880228803854,2026-06-24,,false,false,1,0,,2026-06-24,,Elaanti sankocham lekunda English maatladaalanukuntunnaraa? SpeakX AI tutor tho rojoo practice cheyandi. Kevalam ₹2ke trial modalupettandi,అత్యధిక రేటింగ్ AI ఇంగ్లీష్ యాప్,Install now,http://play.google.com/store/apps/details?id=yellowclass.kids.live,"Facebook,Instagram,Messenger,Threads",Elaanti sankocham lekunda English maatladaalanukuntunnaraa? SpeakX AI tutor tho rojoo practice cheyandi. Kevalam ₹2ke trial modalupettandi,అత్యధిక రేటింగ్ AI ఇంగ్లీష్ యాప్,Install now,http://play.google.com/store/apps/details?id=yellowclass.kids.live,Video,"Facebook,Instagram,Messenger,Threads",1,0,9:16,https://video.fblr20-2.fna.fbcdn.net/o1/v/t2/f2/m366/AQO6Psoo5y23q2P9ZQH8bkmVy67BTWuvxcB7uTn8dHwakPVzpS-WGXutnaa1WPNhladxDZ-ogzWTxMwLQ9ulTwO-kJ5X8ZOifkLLojfBEKrbcA.mp4?_nc_cat=102&_nc_oc=AdqyNJ_k2QFSbYgiiFA6djpuRDOZ4kpfEuFwoMYOxrJbMjQoUfVF2LE9R8DGL_7QuIli6TFK3t6Th7xC9CS8V-Q0&_nc_sid=b66105&_nc_ht=video.fblr20-2.fna.fbcdn.net&_nc_ohc=vh3VqOy4BdEQ7kNvwH8QjiK&efg=eyJ2ZW5jb2RlX3RhZyI6Inhwdl9wcm9ncmVzc2l2ZS5WSV9VU0VDQVNFX1BST0RVQ1RfVFlQRS4uQzMuNzIwLmRhc2hfaDI2NC1iYXNpYy1nZW4yXzcyMHAiLCJ4cHZfYXNzZXRfaWQiOjI3NDEzODQyNzk1Nzc0NzUsImFzc2V0X2FnZV9kYXlzIjoxMCwidmlfdXNlY2FzZV9pZCI6MTA3OTksImR1cmF0aW9uX3MiOjYwLCJ1cmxnZW5fc291cmNlIjoid3d3In0%3D&ccb=17-1&vs=c790acaf5fece34e&_nc_vs=HBksFQIYRWZiX2VwaGVtZXJhbC80RjQ5MjMyOEMxNkQ3NThBQkQyQzcxMzBDRjJFRDg4Nl9tdF8xX3ZpZGVvX2Rhc2hpbml0Lm1wNBUAAsgBEgAVAhhAZmJfcGVybWFuZW50L0I2NEM4RjA2NEFGQTQxOTA3M0ZBNzZEN0VCRTI0Nzk4X2F1ZGlvX2Rhc2hpbml0Lm1wNBUCAsgBEgAoABgAGwKIB3VzZV9vaWwBMRJwcm9ncmVzc2l2ZV9yZWNpcGUBMRUAACaGzurCyNHeCRUCKAJDMywXQE5CTdLxqfwYGWRhc2hfaDI2NC1iYXNpYy1nZW4yXzcyMHARAHUAZd6oAQA&_nc_gid=wIBKD2lG_37dPdhuzaaQHA&_nc_ss=7f289&_nc_zt=28&oh=00_Af_kz2aGBLV5zYXo1Pr-zXClSVSC77BAxD6NcBHYQqLyPA&oe=6A464A52,https://scontent.fblr20-3.fna.fbcdn.net/v/t39.35426-6/731698027_1279128560700304_5434023815412624123_n.jpg?_nc_cat=105&ccb=1-7&_nc_sid=c53f8f&_nc_ohc=wgR5T0bAgVsQ7kNvwHdcn-9&_nc_oc=Adqm6DXt01zTq2QBSZN2KBUqVc9Y91dQ0BBBTt4x61OOG7mcbZECNVCBy0VG1PEKZI5FV6GGODyXYqijYax8hdZs&_nc_zt=14&_nc_ht=scontent.fblr20-3.fna&_nc_gid=wIBKD2lG_37dPdhuzaaQHA&_nc_ss=7f289&oh=00_Af9oMoYKVLvTxtG9DkiIN_n5h8S6sNrYE0v56d_paWUcwQ&oe=6A46472A,2026-07-02T11:24:02.000Z,2026-06-28
83,80,SpeakX,540653459131632,SpeakX - Learn to Speak English,,IN,2215935059244884,https://www.facebook.com/ads/library/?id=2215935059244884,2026-06-01,,false,false,1,0,,2026-06-01,,English speaking made easy with SpeakX App,Spoken English course,Install now,http://play.google.com/store/apps/details?id=yellowclass.kids.live,"Facebook,Instagram,Messenger,Threads",English speaking made easy with SpeakX App,Spoken English course,Install now,http://play.google.com/store/apps/details?id=yellowclass.kids.live,Video,"Facebook,Instagram,Messenger,Threads",1,0,1:1,https://video.fblr20-1.fna.fbcdn.net/o1/v/t2/f2/m366/AQOllr196DcU3ObHVD-7g3zSwWXLMXn6xjDuMJnuLz8TbIaMdemFyjhPgV-PclLE9ovGiL1tfmM1PIeXdPnDaWKB3Pe7XvtlMbwCw9MDu7l15A.mp4?_nc_cat=110&_nc_oc=AdpArHVAhtc16oPp7JLmvRUImaGNKr64AB49mx9-XezBiuGvp_OWN9Eh4IgALWi1F-Xbo5xeDe5KWmPIbOiFcdXu&_nc_sid=b66105&_nc_ht=video.fblr20-1.fna.fbcdn.net&_nc_ohc=QJZjiLhOWMkQ7kNvwGN9xs1&efg=eyJ2ZW5jb2RlX3RhZyI6Inhwdl9wcm9ncmVzc2l2ZS5WSV9VU0VDQVNFX1BST0RVQ1RfVFlQRS4uQzMuNzIwLmRhc2hfaDI2NC1iYXNpYy1nZW4yXzcyMHAiLCJ4cHZfYXNzZXRfaWQiOjk5OTkxNjk5OTQ2MTAwNCwiYXNzZXRfYWdlX2RheXMiOjM3LCJ2aV91c2VjYXNlX2lkIjoxMDEzOSwiZHVyYXRpb25fcyI6MzYsInVybGdlbl9zb3VyY2UiOiJ3d3cifQ%3D%3D&ccb=17-1&vs=1a9bf661e294ffc3&_nc_vs=HBksFQIYRWZiX2VwaGVtZXJhbC9GMTQ4MDE0RDg2NjI2NDhBRTU5QzJGQjZERTBBRDhCNF9tdF8xX3ZpZGVvX2Rhc2hpbml0Lm1wNBUAAsgBEgAVAhhAZmJfcGVybWFuZW50LzhDNEI3RjU3MDQ0OERDNDRFNTE1MzVDRUYwMURCQ0JDX2F1ZGlvX2Rhc2hpbml0Lm1wNBUCAsgBEgAoABgAGwKIB3VzZV9vaWwBMRJwcm9ncmVzc2l2ZV9yZWNpcGUBMRUAACaYovaY6trGAxUCKAJDMywXQEIEm6XjU_gYGWRhc2hfaDI2NC1iYXNpYy1nZW4yXzcyMHARAHUAZbaeAQA&_nc_gid=wIBKD2lG_37dPdhuzaaQHA&_nc_ss=7f289&_nc_zt=28&oh=00_Af-wnanMwn6bRBPJpjCs5UtVY0FZeyXDuvPF2Nj7N3zXQw&oe=6A4657FE,https://scontent.fblr20-3.fna.fbcdn.net/v/t39.35426-6/705374164_35602973339348860_1142818519288068838_n.jpg?_nc_cat=109&ccb=1-7&_nc_sid=c53f8f&_nc_ohc=v5CnZeI4WyEQ7kNvwG9aJLl&_nc_oc=Adpb5VMhwkNRbAwozlhTZDezlAAUnzUMP46b-zlFqhJiFFrGPIJQtq4SANOJp1xCHW4t6zvxZlt9PnU2dGOltvIC&_nc_zt=14&_nc_ht=scontent.fblr20-3.fna&_nc_gid=wIBKD2lG_37dPdhuzaaQHA&_nc_ss=7f289&oh=00_Af_dWkSz69XExE3nbD9W98nziyEiIpf_lDkeMIHNMLOYaw&oe=6A4632E9,2026-07-02T12:22:22.000Z,2026-06-28
84,81,SpeakX,540653459131632,SpeakX - Learn to Speak English,,IN,1312620537668127,https://www.facebook.com/ads/library/?id=1312620537668127,2026-06-01,,false,false,1,0,,2026-06-01,,"10 லட்சம்+ கற்றவர்களுடன் சேர்ந்து, உங்கள் AI ஆசிரியருடன் தாராளமாக ஆங்கிலம் பேசுங்கள்",ஆங்கிலம் கற்றுக்கொண்டு தாராளமாக பேசுங்கள்,Install now,http://play.google.com/store/apps/details?id=yellowclass.kids.live,"Facebook,Instagram,Audience Network,Messenger,Threads","10 லட்சம்+ கற்றவர்களுடன் சேர்ந்து, உங்கள் AI ஆசிரியருடன் தாராளமாக ஆங்கிலம் பேசுங்கள்",ஆங்கிலம் கற்றுக்கொண்டு தாராளமாக பேசுங்கள்,Install now,http://play.google.com/store/apps/details?id=yellowclass.kids.live,Video,"Facebook,Instagram,Audience Network,Messenger,Threads",1,0,1:1,https://video.fblr20-3.fna.fbcdn.net/o1/v/t2/f2/m366/AQO_HNOA4y9hzK3rgCMg43XrylHgmbrAlPsTvo8iGSQZxDLjbcba2BYDBah22GMWz1lYhMH0AiC6Dyg2xeqb2_0upqFhHVr6kz5TF8SqOQ1DyA.mp4?_nc_cat=100&_nc_oc=Adr6rVc9LNOFVn-XI9hyYLxmCuiLafzg47J8aBKoVqCy2foMhaQsIYbiMwHdL2clLyLNKQc8msg5DoaK47-VGUbB&_nc_sid=b66105&_nc_ht=video.fblr20-3.fna.fbcdn.net&_nc_ohc=v3JIu3KGFIwQ7kNvwFo_6jF&efg=eyJ2ZW5jb2RlX3RhZyI6Inhwdl9wcm9ncmVzc2l2ZS5WSV9VU0VDQVNFX1BST0RVQ1RfVFlQRS4uQzMuNzIwLmRhc2hfaDI2NC1iYXNpYy1nZW4yXzcyMHAiLCJ4cHZfYXNzZXRfaWQiOjk5NTc4NDI3OTk3MjEwMiwiYXNzZXRfYWdlX2RheXMiOjI1LCJ2aV91c2VjYXNlX2lkIjoxMDEzOSwiZHVyYXRpb25fcyI6NTAsInVybGdlbl9zb3VyY2UiOiJ3d3cifQ%3D%3D&ccb=17-1&vs=687dc7c025ae7f63&_nc_vs=HBksFQIYRWZiX2VwaGVtZXJhbC85ODQ2MDk5REU4OUVBREMxQ0E2N0I5RDUzMTg1N0JCQ19tdF8xX3ZpZGVvX2Rhc2hpbml0Lm1wNBUAAsgBEgAVAhhAZmJfcGVybWFuZW50LzlENEE0OEE3MUFCMzUwNDE0NjYwODE1OUNBM0U5MjlDX2F1ZGlvX2Rhc2hpbml0Lm1wNBUCAsgBEgAoABgAGwKIB3VzZV9vaWwBMRJwcm9ncmVzc2l2ZV9yZWNpcGUBMRUAACaM5L6Eo-rEAxUCKAJDMywXQEkRBiTdLxsYGWRhc2hfaDI2NC1iYXNpYy1nZW4yXzcyMHARAHUAZbaeAQA&_nc_gid=6x4Vu-HrS4_G2H55U9rFHQ&_nc_ss=7f289&_nc_zt=28&oh=00_Af9glzIPnVW9zRpM40H_7cDHxRvzP8DNl82O7RJMozUypQ&oe=6A464D30,https://scontent.fblr20-2.fna.fbcdn.net/v/t39.35426-6/713707072_1706285810502298_6364040710020462729_n.jpg?_nc_cat=111&ccb=1-7&_nc_sid=c53f8f&_nc_ohc=VC-Y5OWvHYoQ7kNvwH6DhH3&_nc_oc=AdqTGokiLy2G4UyWv43wJU0fyJctgA76iPtpJVX891w1jw_VyENaYfRbOdIRnIGPnKcSoZkjTuaIyn2VFjVwHwlp&_nc_zt=14&_nc_ht=scontent.fblr20-2.fna&_nc_gid=6x4Vu-HrS4_G2H55U9rFHQ&_nc_ss=7f289&oh=00_Af8f0ubGw9cVlAr4J0COcLYfZJnLTus9bM0OTJ0_ZJkCGg&oe=6A464F54,2026-07-02T11:36:16.000Z,2026-06-28
85,82,SpeakX,540653459131632,SpeakX - Learn to Speak English,,IN,3946455572325077,https://www.facebook.com/ads/library/?id=3946455572325077,2026-06-16,,false,true,2,0,3946455572325077,2026-06-16,,Ab bina ruke English bolo. Speakx AI tutor ke saath rozana practice karein.,"Learn English, Let's Talk",Install now,http://play.google.com/store/apps/details?id=yellowclass.kids.live,"Facebook,Instagram,Audience Network,Messenger,Threads",Ab bina ruke English bolo. Speakx AI tutor ke saath rozana practice karein.,"Learn English, Let's Talk",Install now,http://play.google.com/store/apps/details?id=yellowclass.kids.live,Video,"Facebook,Instagram,Audience Network,Messenger,Threads",1,0,1:1,https://video.fblr20-3.fna.fbcdn.net/o1/v/t2/f2/m366/AQNaayVGk1wj2wNBVDeIluCTOVS2RYn574oKdBDehypDp3zHQMUHVsSO9pfg253_pQMwGLCBecg1bT1wszDmTVTz8cYklynRpqfBDr-ikEYFdw.mp4?_nc_cat=105&_nc_oc=AdpQoVjafiVt_QbpN3cBedhCfMLKiVn3SYS2-hpJ1uv4iDt8gAZM4-YRxWxg6J3No1RRyyjGobHjDTtscziwpRi4&_nc_sid=b66105&_nc_ht=video.fblr20-3.fna.fbcdn.net&_nc_ohc=2RhP6qhfNTQQ7kNvwHLLGq6&efg=eyJ2ZW5jb2RlX3RhZyI6Inhwdl9wcm9ncmVzc2l2ZS5WSV9VU0VDQVNFX1BST0RVQ1RfVFlQRS4uQzMuNzIwLmRhc2hfaDI2NC1iYXNpYy1nZW4yXzcyMHAiLCJ4cHZfYXNzZXRfaWQiOjI0ODU2OTY0MDE5MDIzMjYsImFzc2V0X2FnZV9kYXlzIjoxMCwidmlfdXNlY2FzZV9pZCI6MTAxMzksImR1cmF0aW9uX3MiOjQ1LCJ1cmxnZW5fc291cmNlIjoid3d3In0%3D&ccb=17-1&vs=12392c7cc9202ae&_nc_vs=HBksFQIYRWZiX2VwaGVtZXJhbC9FMTQ3RjAyMUY2MTBDNjk3MjEwQTU4Qzg5NEU1MEY5RF9tdF8xX3ZpZGVvX2Rhc2hpbml0Lm1wNBUAAsgBEgAVAhhAZmJfcGVybWFuZW50L0U5NDY4NDI0MTAyQTExRkU1M0QyQzNGMkMzRDk5MjlFX2F1ZGlvX2Rhc2hpbml0Lm1wNBUCAsgBEgAoABgAGwKIB3VzZV9vaWwBMRJwcm9ncmVzc2l2ZV9yZWNpcGUBMRUAACbsq_Cwya7qCBUCKAJDMywXQEaAAAAAAAAYGWRhc2hfaDI2NC1iYXNpYy1nZW4yXzcyMHARAHUAZbaeAQA&_nc_gid=6x4Vu-HrS4_G2H55U9rFHQ&_nc_ss=7f289&_nc_zt=28&oh=00_Af8yfKhbTNNpiOuPtgCU9erBbXcATlLcdZ-t6KkQBZgE9g&oe=6A465E43,https://scontent.fblr20-5.fna.fbcdn.net/v/t39.35426-6/725584546_1359271026062039_4750099037146032318_n.jpg?_nc_cat=107&ccb=1-7&_nc_sid=c53f8f&_nc_ohc=d9eTkFaKe7MQ7kNvwF-Ysx6&_nc_oc=AdpgsUuMI9tQH6t-0t8s3ka3FBZNPNt6npMCCAYYewiuHW9TTiaus1LwM438KrpAKN7TvPpmLzg_L5uuKETqPE6j&_nc_zt=14&_nc_ht=scontent.fblr20-5.fna&_nc_gid=6x4Vu-HrS4_G2H55U9rFHQ&_nc_ss=7f289&oh=00_Af_5WiBO-LhLqeA8vHuLA6XLwdtpuk89hpOTEeNzesrRbA&oe=6A464EA1,2026-07-02T12:49:07.000Z,2026-06-28
86,82,SpeakX,540653459131632,SpeakX - Learn to Speak English,,IN,3946455572325077,https://www.facebook.com/ads/library/?id=3946455572325077,2026-06-16,,false,true,2,1,1592549529173067,2026-06-25,,Ab bina ruke English bolo. Speakx AI tutor ke saath rozana practice karein.,"Learn English, Let's Talk",Install now,http://play.google.com/store/apps/details?id=yellowclass.kids.live,"Facebook,Instagram,Audience Network,Messenger,Threads",Ab bina ruke English bolo. Speakx AI tutor ke saath rozana practice karein.,"Learn English, Let's Talk",Install now,http://play.google.com/store/apps/details?id=yellowclass.kids.live,Video,"Facebook,Instagram,Audience Network,Messenger,Threads",1,0,1:1,https://video.fblr20-3.fna.fbcdn.net/o1/v/t2/f2/m366/AQNaayVGk1wj2wNBVDeIluCTOVS2RYn574oKdBDehypDp3zHQMUHVsSO9pfg253_pQMwGLCBecg1bT1wszDmTVTz8cYklynRpqfBDr-ikEYFdw.mp4?_nc_cat=105&_nc_oc=AdpQoVjafiVt_QbpN3cBedhCfMLKiVn3SYS2-hpJ1uv4iDt8gAZM4-YRxWxg6J3No1RRyyjGobHjDTtscziwpRi4&_nc_sid=b66105&_nc_ht=video.fblr20-3.fna.fbcdn.net&_nc_ohc=2RhP6qhfNTQQ7kNvwHLLGq6&efg=eyJ2ZW5jb2RlX3RhZyI6Inhwdl9wcm9ncmVzc2l2ZS5WSV9VU0VDQVNFX1BST0RVQ1RfVFlQRS4uQzMuNzIwLmRhc2hfaDI2NC1iYXNpYy1nZW4yXzcyMHAiLCJ4cHZfYXNzZXRfaWQiOjI0ODU2OTY0MDE5MDIzMjYsImFzc2V0X2FnZV9kYXlzIjoxMCwidmlfdXNlY2FzZV9pZCI6MTAxMzksImR1cmF0aW9uX3MiOjQ1LCJ1cmxnZW5fc291cmNlIjoid3d3In0%3D&ccb=17-1&vs=12392c7cc9202ae&_nc_vs=HBksFQIYRWZiX2VwaGVtZXJhbC9FMTQ3RjAyMUY2MTBDNjk3MjEwQTU4Qzg5NEU1MEY5RF9tdF8xX3ZpZGVvX2Rhc2hpbml0Lm1wNBUAAsgBEgAVAhhAZmJfcGVybWFuZW50L0U5NDY4NDI0MTAyQTExRkU1M0QyQzNGMkMzRDk5MjlFX2F1ZGlvX2Rhc2hpbml0Lm1wNBUCAsgBEgAoABgAGwKIB3VzZV9vaWwBMRJwcm9ncmVzc2l2ZV9yZWNpcGUBMRUAACbsq_Cwya7qCBUCKAJDMywXQEaAAAAAAAAYGWRhc2hfaDI2NC1iYXNpYy1nZW4yXzcyMHARAHUAZbaeAQA&_nc_gid=I7iZSf9gKbaaXrAQJDZUwg&_nc_ss=7f289&_nc_zt=28&oh=00_Af-cKp6UuNW-MuxG1rsEzqKTcgYppsnT-uggfTcRorcidQ&oe=6A465E43,https://scontent.fblr20-2.fna.fbcdn.net/v/t39.35426-6/731093898_991144643688121_2602184959110596382_n.jpg?_nc_cat=104&ccb=1-7&_nc_sid=c53f8f&_nc_ohc=dpQHVFArPToQ7kNvwGUUNmq&_nc_oc=AdonvQZtoTOVSjwclmis6Mq--JFnb0B_np2ANIke9t1Hh5BKogUreUahs0bP5WoHm9w-zFxKD_DScu3Nhmct3Nh0&_nc_zt=14&_nc_ht=scontent.fblr20-2.fna&_nc_gid=I7iZSf9gKbaaXrAQJDZUwg&_nc_ss=7f289&oh=00_Af-yqSVzUfr22LO_BS7sJeD7lSuFeqlNO4tCPWWCYHSNMg&oe=6A463E30,2026-07-02T12:49:07.000Z,2026-06-28
87,83,SpeakX,540653459131632,SpeakX - Learn to Speak English,,IN,2006440593572751,https://www.facebook.com/ads/library/?id=2006440593572751,2026-06-24,,false,false,1,0,,2026-06-24,,"10 லட்சம்+ கற்றவர்களுடன் சேர்ந்து, உங்கள் AI ஆசிரியருடன் தாராளமாக ஆங்கிலம் பேசுங்கள்",ஆங்கிலம் கற்றுக்கொண்டு தாராளமாக பேசுங்கள்,Install now,http://play.google.com/store/apps/details?id=yellowclass.kids.live,"Facebook,Instagram,Audience Network,Messenger,Threads","10 லட்சம்+ கற்றவர்களுடன் சேர்ந்து, உங்கள் AI ஆசிரியருடன் தாராளமாக ஆங்கிலம் பேசுங்கள்",ஆங்கிலம் கற்றுக்கொண்டு தாராளமாக பேசுங்கள்,Install now,http://play.google.com/store/apps/details?id=yellowclass.kids.live,Video,"Facebook,Instagram,Audience Network,Messenger,Threads",1,0,1:1,https://video.fblr20-2.fna.fbcdn.net/o1/v/t2/f2/m366/AQMI3Yz2hPm1WxGShkshvvMZA7T-mFhwf_8F6ddoDH1L6P117Yz1w7yo3jFPQcdGZtBUaG4JJdx4RzWcNP-45IsCDhcqjvd8iS7MdF2X-mEqvQ.mp4?_nc_cat=111&_nc_oc=AdrfdowFDQwYloo5neDRi8WtdYkL0t2UqSDFZdi78jugx2xCuqyPvjK8abDpW-Wmd1O3QLGqnzzXMGatadJk3CmW&_nc_sid=b66105&_nc_ht=video.fblr20-2.fna.fbcdn.net&_nc_ohc=1jbixEbBkgoQ7kNvwHLm9n3&efg=eyJ2ZW5jb2RlX3RhZyI6Inhwdl9wcm9ncmVzc2l2ZS5WSV9VU0VDQVNFX1BST0RVQ1RfVFlQRS4uQzMuNzIwLmRhc2hfaDI2NC1iYXNpYy1nZW4yXzcyMHAiLCJ4cHZfYXNzZXRfaWQiOjEzNzEwODIyNTE1NTM4NDMsImFzc2V0X2FnZV9kYXlzIjoxMSwidmlfdXNlY2FzZV9pZCI6MTAxMzksImR1cmF0aW9uX3MiOjc2LCJ1cmxnZW5fc291cmNlIjoid3d3In0%3D&ccb=17-1&vs=47d735548455215&_nc_vs=HBksFQIYRWZiX2VwaGVtZXJhbC9CMTQ2RDhDMTYzRTMyRTgyRjhDN0EwQTAzNzU3RDM4OV9tdF8xX3ZpZGVvX2Rhc2hpbml0Lm1wNBUAAsgBEgAVAhhAZmJfcGVybWFuZW50L0NDNDFEQ0EzMDhCNUZDRDBBMjAxNDRERDU5MjkyQjlCX2F1ZGlvX2Rhc2hpbml0Lm1wNBUCAsgBEgAoABgAGwKIB3VzZV9vaWwBMRJwcm9ncmVzc2l2ZV9yZWNpcGUBMRUAACbmsP7ovr_vBBUCKAJDMywXQFMXjU_fO2QYGWRhc2hfaDI2NC1iYXNpYy1nZW4yXzcyMHARAHUAZbaeAQA&_nc_gid=6x4Vu-HrS4_G2H55U9rFHQ&_nc_ss=7f289&_nc_zt=28&oh=00_Af8wyoMuhtu6yVAQUs-edhnHhXCT8P0W59WGwoh7njKxlA&oe=6A465B35,https://scontent.fblr20-3.fna.fbcdn.net/v/t39.35426-6/730809188_1551379446498227_5174944431717053992_n.jpg?_nc_cat=100&ccb=1-7&_nc_sid=c53f8f&_nc_ohc=SLf4Js7ttGwQ7kNvwHpouEm&_nc_oc=AdoRV8XNLsF9h8wEMzfoByjr4yo3BSWj2tG5zQlQtV46xahXDyyP86G8Z9UrxQkNC1JVHrCKfAuR_CKs4Cfaa0J7&_nc_zt=14&_nc_ht=scontent.fblr20-3.fna&_nc_gid=6x4Vu-HrS4_G2H55U9rFHQ&_nc_ss=7f289&oh=00_Af-gPYuPqlvmwHoFjFUP3lbaayxPH7edwWflIj5cSHkR1A&oe=6A4639DE,2026-07-02T12:36:05.000Z,2026-06-28
88,84,SpeakX,540653459131632,SpeakX - Learn to Speak English,,IN,874484212365190,https://www.facebook.com/ads/library/?id=874484212365190,2026-06-10,,false,false,1,0,,2026-06-10,,"💼 ऑफिस मीटिंग्स और इंटरव्यूज के लिए खुद को तैयार करें

✅ 24/7 AI Tutor: कभी भी, कहीं भी practice करें।
✅ Instant Feedback: अपनी pronunciation और fluency सुधारें।
✅ Zero Judgment: बिना किसी डर के खुल कर बोलें

Presenting Speakx — आपका अपना AI English Coach",SpeakX — आपका अपना AI English Coach.,Install now,http://play.google.com/store/apps/details?id=yellowclass.kids.live,"Facebook,Instagram","💼 ऑफिस मीटिंग्स और इंटरव्यूज के लिए खुद को तैयार करें

✅ 24/7 AI Tutor: कभी भी, कहीं भी practice करें।
✅ Instant Feedback: अपनी pronunciation और fluency सुधारें।
✅ Zero Judgment: बिना किसी डर के खुल कर बोलें

Presenting Speakx — आपका अपना AI English Coach",SpeakX — आपका अपना AI English Coach.,Install now,http://play.google.com/store/apps/details?id=yellowclass.kids.live,Video,"Facebook,Instagram",1,0,9:16,https://video.fblr20-3.fna.fbcdn.net/o1/v/t2/f2/m366/AQMk3jyF27aP7GqmkDBH2b-g3IZ5mgEZ-ryGFUu709-2BVQvGQrrrfI8VhLKAJ7XBVUrMOO74hhGyWarsuc-DpEXj8_gvTl-1twdIvXZg-7GVg.mp4?_nc_cat=105&_nc_oc=AdorI5s6amxssC9qu5c62WnlDEFDPjZlbd7LH6KFibWoAhAAHrSYfmMPX3m_H_U3cXuJEBA1fe0btVdKn0ywwuSB&_nc_sid=b66105&_nc_ht=video.fblr20-3.fna.fbcdn.net&_nc_ohc=Wc5uSwSpsvgQ7kNvwFDzLr8&efg=eyJ2ZW5jb2RlX3RhZyI6Inhwdl9wcm9ncmVzc2l2ZS5WSV9VU0VDQVNFX1BST0RVQ1RfVFlQRS4uQzMuNzIwLmRhc2hfaDI2NC1iYXNpYy1nZW4yXzcyMHAiLCJ4cHZfYXNzZXRfaWQiOjk1OTg0Mzk5MDI5NjM4NywiYXNzZXRfYWdlX2RheXMiOjQ1LCJ2aV91c2VjYXNlX2lkIjoxMDc5OSwiZHVyYXRpb25fcyI6NjAsInVybGdlbl9zb3VyY2UiOiJ3d3cifQ%3D%3D&ccb=17-1&vs=f7aa40e1931a013c&_nc_vs=HBksFQIYRWZiX2VwaGVtZXJhbC8wMjRCRjE0NzcwQUNDMEE1OTBBMjQxOTQ2MzRDMzc4Ql9tdF8xX3ZpZGVvX2Rhc2hpbml0Lm1wNBUAAsgBEgAVAhhAZmJfcGVybWFuZW50LzJCNDg5NDcwODRFNzdBOTRERjVCMzFEQ0QwQTJGQ0FCX2F1ZGlvX2Rhc2hpbml0Lm1wNBUCAsgBEgAoABgAGwKIB3VzZV9vaWwBMRJwcm9ncmVzc2l2ZV9yZWNpcGUBMRUAACaG3aaBo760AxUCKAJDMywXQE5IcrAgxJwYGWRhc2hfaDI2NC1iYXNpYy1nZW4yXzcyMHARAHUAZd6oAQA&_nc_gid=6x4Vu-HrS4_G2H55U9rFHQ&_nc_ss=7f289&_nc_zt=28&oh=00_Af98hKRcmUnQ31FaIZQL9XX5LhU9j7P0DAJ5-sTz0gEQpg&oe=6A4653F7,https://scontent.fblr20-3.fna.fbcdn.net/v/t39.35426-6/700224491_1010276651391637_8024983751794312041_n.jpg?_nc_cat=100&ccb=1-7&_nc_sid=c53f8f&_nc_ohc=nytWOfc2-6kQ7kNvwFczTkR&_nc_oc=AdpbrMk8iU2uvdIREQKEenqgX3-9pENz0eITYtXtaiyRJEn_ysMDmT4iNGLtqnkP5hvhdOLBId10Nj1PNjkAhD5S&_nc_zt=14&_nc_ht=scontent.fblr20-3.fna&_nc_gid=6x4Vu-HrS4_G2H55U9rFHQ&_nc_ss=7f289&oh=00_Af-WPmuq8tGIBLj-XkbPY6zu8Pokfav8erk-x1g7fv9yDQ&oe=6A463C03,2026-07-02T12:05:11.000Z,2026-06-28
89,85,SpeakX,540653459131632,SpeakX - Learn to Speak English,,IN,2055225678395208,https://www.facebook.com/ads/library/?id=2055225678395208,2026-06-01,,false,false,1,0,,2026-06-01,,ಮೂಲದಿಂದ spoken English ಕಲಿಯಿ. ದಿನಸಿ ಅಭ್ಯಾಸಕ್ಕೆ AI ಸಹಾಯ. ಕನ್ನಡಿಗರಿಗೆ ಸೂಕ್ತ.,ಇಂಗ್ಲಿಷ್ ಮಾತನಾಡಲು ಕಲಿಯಿ,Install now,http://play.google.com/store/apps/details?id=yellowclass.kids.live,"Facebook,Instagram,Messenger,Threads",ಮೂಲದಿಂದ spoken English ಕಲಿಯಿ. ದಿನಸಿ ಅಭ್ಯಾಸಕ್ಕೆ AI ಸಹಾಯ. ಕನ್ನಡಿಗರಿಗೆ ಸೂಕ್ತ.,ಇಂಗ್ಲಿಷ್ ಮಾತನಾಡಲು ಕಲಿಯಿ,Install now,http://play.google.com/store/apps/details?id=yellowclass.kids.live,Video,"Facebook,Instagram,Messenger,Threads",1,0,1:1,https://video.fblr20-3.fna.fbcdn.net/o1/v/t2/f2/m366/AQPzjn5hMI6SlK-0qVgmFhweh3KUfOtPJUrmh9wUXd7zee4JpsxTa2hTPVdzHDuJzrJCLvoUB_59MBU4w4OG-y2iZS_zBjrR5kBpvk1fiokmjQ.mp4?_nc_cat=105&_nc_oc=AdqG5yNR4NLP5NgZm5hdFeAeaPCGa-uviEsGdSPttmeiY4bsQaL14a0DxjNbRDkjb0GhLpiCKk8UCsDZJYGYZZ6r&_nc_sid=b66105&_nc_ht=video.fblr20-3.fna.fbcdn.net&_nc_ohc=77djeU1R7TQQ7kNvwGLCEqs&efg=eyJ2ZW5jb2RlX3RhZyI6Inhwdl9wcm9ncmVzc2l2ZS5WSV9VU0VDQVNFX1BST0RVQ1RfVFlQRS4uQzMuNzIwLmRhc2hfaDI2NC1iYXNpYy1nZW4yXzcyMHAiLCJ4cHZfYXNzZXRfaWQiOjEzODQ0NTA2MDAxNzIyNTIsImFzc2V0X2FnZV9kYXlzIjoyNSwidmlfdXNlY2FzZV9pZCI6MTAxMzksImR1cmF0aW9uX3MiOjYwLCJ1cmxnZW5fc291cmNlIjoid3d3In0%3D&ccb=17-1&vs=afd44a2b748443bc&_nc_vs=HBksFQIYRWZiX2VwaGVtZXJhbC83MTRDRTFCQjQzOUJCNEJFNTFCNUJGQTM1RTJDMkQ4N19tdF8xX3ZpZGVvX2Rhc2hpbml0Lm1wNBUAAsgBEgAVAhhAZmJfcGVybWFuZW50LzU1NERFMkJFOTI5NUIyNTExNkQ2MjY2REFBMUQ0QUJDX2F1ZGlvX2Rhc2hpbml0Lm1wNBUCAsgBEgAoABgAGwKIB3VzZV9vaWwBMRJwcm9ncmVzc2l2ZV9yZWNpcGUBMRUAACa469vj0Mn1BBUCKAJDMywXQE4u2RaHKwIYGWRhc2hfaDI2NC1iYXNpYy1nZW4yXzcyMHARAHUAZbaeAQA&_nc_gid=6x4Vu-HrS4_G2H55U9rFHQ&_nc_ss=7f289&_nc_zt=28&oh=00_Af-7jW5zCxB2kvkB_UFjDjgstqE1y1QR8hXN8m2gnDCurQ&oe=6A464C17,https://scontent.fblr20-2.fna.fbcdn.net/v/t39.35426-6/710625714_1004662102104418_7292413616428502868_n.jpg?_nc_cat=102&ccb=1-7&_nc_sid=c53f8f&_nc_ohc=XRh7kafAVAQQ7kNvwExccp-&_nc_oc=AdpZuaFblw_Nc2qrrXYiYpTXR6fWN5lMVzrbQ8j6YiE1WoN2tgY9_l0vv-EdLGuryA1-o3DLvD7qNm99yM2R1loK&_nc_zt=14&_nc_ht=scontent.fblr20-2.fna&_nc_gid=6x4Vu-HrS4_G2H55U9rFHQ&_nc_ss=7f289&oh=00_Af_111Hzk7vcNRPmvdVpP0TKrc7KVs3w-bXIQlqvh-5v5Q&oe=6A464B77,2026-07-02T11:31:35.000Z,2026-06-28
90,86,SpeakX,540653459131632,SpeakX - Learn to Speak English,,IN,1730346694625329,https://www.facebook.com/ads/library/?id=1730346694625329,2026-06-05,,false,false,1,0,,2026-06-05,,"10 லட்சம்+ கற்றவர்களுடன் சேர்ந்து, உங்கள் AI ஆசிரியருடன் தாராளமாக ஆங்கிலம் பேசுங்கள்",ஆங்கிலம் கற்றுக்கொண்டு தாராளமாக பேசுங்கள்,Install now,http://play.google.com/store/apps/details?id=yellowclass.kids.live,"Facebook,Instagram,Audience Network,Messenger,Threads","10 லட்சம்+ கற்றவர்களுடன் சேர்ந்து, உங்கள் AI ஆசிரியருடன் தாராளமாக ஆங்கிலம் பேசுங்கள்",ஆங்கிலம் கற்றுக்கொண்டு தாராளமாக பேசுங்கள்,Install now,http://play.google.com/store/apps/details?id=yellowclass.kids.live,Video,"Facebook,Instagram,Audience Network,Messenger,Threads",1,0,1:1,https://video.fblr20-3.fna.fbcdn.net/o1/v/t2/f2/m366/AQNkS3m71_lNFpWPFIwwlUVTYPJbAjLO-W82StBtM2YtD6YfqAih_TJeyYYuHt4NhtbevDrOv1ADGJ-zzq4crVuS8pK-bJUJJqTkxy7pOI-LDw.mp4?_nc_cat=100&_nc_oc=Adr30RgpJvPTcwGlLTD8cHvC-5FViHoTv-28Mw6DAJkf-nTmeTq0aUTqFUAYTkTUsvxwGBcq6wRkL7jdXKBsYJlV&_nc_sid=b66105&_nc_ht=video.fblr20-3.fna.fbcdn.net&_nc_ohc=Tn0UpibR6GYQ7kNvwFDxmQK&efg=eyJ2ZW5jb2RlX3RhZyI6Inhwdl9wcm9ncmVzc2l2ZS5WSV9VU0VDQVNFX1BST0RVQ1RfVFlQRS4uQzMuNzIwLmRhc2hfaDI2NC1iYXNpYy1nZW4yXzcyMHAiLCJ4cHZfYXNzZXRfaWQiOjE0OTc3NzM2OTQ1OTU4NjgsImFzc2V0X2FnZV9kYXlzIjoyOCwidmlfdXNlY2FzZV9pZCI6MTAxMzksImR1cmF0aW9uX3MiOjQ5LCJ1cmxnZW5fc291cmNlIjoid3d3In0%3D&ccb=17-1&vs=232768c0fe0a8363&_nc_vs=HBksFQIYRWZiX2VwaGVtZXJhbC9GNTRGQTkyMUU1NTRFNTExNkM3OUYyMEJGRTkzNDI5OV9tdF8xX3ZpZGVvX2Rhc2hpbml0Lm1wNBUAAsgBEgAVAhhAZmJfcGVybWFuZW50L0NFNDZGMUMyRkEyMDNERENBMEQyNDYyRkUyQTBFN0JGX2F1ZGlvX2Rhc2hpbml0Lm1wNBUCAsgBEgAoABgAGwKIB3VzZV9vaWwBMRJwcm9ncmVzc2l2ZV9yZWNpcGUBMRUAACa4zKnQ842pBRUCKAJDMywXQEiRBiTdLxsYGWRhc2hfaDI2NC1iYXNpYy1nZW4yXzcyMHARAHUAZbaeAQA&_nc_gid=6x4Vu-HrS4_G2H55U9rFHQ&_nc_ss=7f289&_nc_zt=28&oh=00_Af8YlXeFtRHz4qIDchnoalXnQvHtwXQu0KJKK9CxUYWV7g&oe=6A4634C0,https://scontent.fblr20-3.fna.fbcdn.net/v/t39.35426-6/709306468_1277546114129977_5800144016932410317_n.jpg?_nc_cat=105&ccb=1-7&_nc_sid=c53f8f&_nc_ohc=ybT_BLGhHxoQ7kNvwEZ5Vf1&_nc_oc=AdpVh_O-I_mR5OAxbaLWNOqTkWjF287RZxrhCNxhpmLiYjmhVFsBMDQFU8-S3m9dZ0d_oKhjvCM4m6eYR5BYFMxH&_nc_zt=14&_nc_ht=scontent.fblr20-3.fna&_nc_gid=6x4Vu-HrS4_G2H55U9rFHQ&_nc_ss=7f289&oh=00_Af-_5h_7bWgXrtJwv-PKRAT7PB9vks-Z_nYc6LerzGwx8Q&oe=6A4655F1,2026-07-02T09:52:00.000Z,2026-06-28
91,87,SpeakX,540653459131632,SpeakX - Learn to Speak English,,IN,2445266529284122,https://www.facebook.com/ads/library/?id=2445266529284122,2026-06-01,,false,false,1,0,,2026-06-01,,ಮೂಲದಿಂದ spoken English ಕಲಿಯಿ. ದಿನಸಿ ಅಭ್ಯಾಸಕ್ಕೆ AI ಸಹಾಯ. ಕನ್ನಡಿಗರಿಗೆ ಸೂಕ್ತ.,ಇಂಗ್ಲಿಷ್ ಮಾತನಾಡಲು ಕಲಿಯಿ,Install now,http://play.google.com/store/apps/details?id=yellowclass.kids.live,"Facebook,Instagram,Messenger,Threads",ಮೂಲದಿಂದ spoken English ಕಲಿಯಿ. ದಿನಸಿ ಅಭ್ಯಾಸಕ್ಕೆ AI ಸಹಾಯ. ಕನ್ನಡಿಗರಿಗೆ ಸೂಕ್ತ.,ಇಂಗ್ಲಿಷ್ ಮಾತನಾಡಲು ಕಲಿಯಿ,Install now,http://play.google.com/store/apps/details?id=yellowclass.kids.live,Video,"Facebook,Instagram,Messenger,Threads",1,0,1:1,https://video.fblr20-3.fna.fbcdn.net/o1/v/t2/f2/m366/AQPmQoTh5_bSh2mrvdaAG7DkOSy-yNpfluG6SyIyeC_osKZwxLDpAZEW1ZdE7v_S7J7C6nUvjfTlOb1FR68j9rWwO5GXubd1Qhnig1TgHEibGA.mp4?_nc_cat=105&_nc_oc=Adr1y-AreJzzrEEimID2YgntB6_1YXA-yRvUriS-1n3AkaIZ8uXY5W6Us1A_AEAvyBYnOBL0PQceYdUzKCW65xbT&_nc_sid=b66105&_nc_ht=video.fblr20-3.fna.fbcdn.net&_nc_ohc=xbcTsyIXpT4Q7kNvwGqzkzE&efg=eyJ2ZW5jb2RlX3RhZyI6Inhwdl9wcm9ncmVzc2l2ZS5WSV9VU0VDQVNFX1BST0RVQ1RfVFlQRS4uQzMuNzIwLmRhc2hfaDI2NC1iYXNpYy1nZW4yXzcyMHAiLCJ4cHZfYXNzZXRfaWQiOjE2NzY1MzgwMTAxNTUyOTEsImFzc2V0X2FnZV9kYXlzIjozNywidmlfdXNlY2FzZV9pZCI6MTAxMzksImR1cmF0aW9uX3MiOjYyLCJ1cmxnZW5fc291cmNlIjoid3d3In0%3D&ccb=17-1&vs=d55bf73fd6fab7c6&_nc_vs=HBksFQIYRWZiX2VwaGVtZXJhbC9CRjQ2NjhBRjRCOTE1NEQxRDU5RTI5NUY0NzlDOTNBM19tdF8xX3ZpZGVvX2Rhc2hpbml0Lm1wNBUAAsgBEgAVAhhAZmJfcGVybWFuZW50L0VGNENBRTEyRDkwMTE1NjkxN0ZENEJCNkNBOUYxODg1X2F1ZGlvX2Rhc2hpbml0Lm1wNBUCAsgBEgAoABgAGwKIB3VzZV9vaWwBMRJwcm9ncmVzc2l2ZV9yZWNpcGUBMRUAACa25OHIrbP6BRUCKAJDMywXQE9MzMzMzM0YGWRhc2hfaDI2NC1iYXNpYy1nZW4yXzcyMHARAHUAZbaeAQA&_nc_gid=6x4Vu-HrS4_G2H55U9rFHQ&_nc_ss=7f289&_nc_zt=28&oh=00_Af_HlOGxEnU4cA5PSVZujKsRIyi4qfCkaVzOgzP2MHaghg&oe=6A4651EB,https://scontent.fblr20-4.fna.fbcdn.net/v/t39.35426-6/702765315_1619381132683515_4739105833687888014_n.jpg?_nc_cat=106&ccb=1-7&_nc_sid=c53f8f&_nc_ohc=ricdyEN6wIYQ7kNvwFT1tFq&_nc_oc=AdqxW1-By8oygsh4gaf4RHBrn3YdamWKgy2JW41P6D-piZkocoRrhJej6J6XoO8IAwtQVeB6FkH0wlsoA6unrUty&_nc_zt=14&_nc_ht=scontent.fblr20-4.fna&_nc_gid=6x4Vu-HrS4_G2H55U9rFHQ&_nc_ss=7f289&oh=00_Af-_65sKuJ0vDmdSD8C-00fo7P5XM2zZpZ0UaXLSVAvPgQ&oe=6A465A18,2026-07-02T11:56:27.000Z,2026-06-28
92,88,SpeakX,540653459131632,SpeakX - Learn to Speak English,,IN,982762464660618,https://www.facebook.com/ads/library/?id=982762464660618,2026-06-21,,false,false,1,0,,2026-06-21,,SpeakX ആപ്പിൽ ആത്മവിശ്വാസത്തോടെ ഇംഗ്ലീഷ് സംസാരിക്കുക. വ്യക്തിഗത AI അധ്യാപകൻ ലഭിക്കും.,സുഗമമായി ഇംഗ്ലീഷ് സംസാരിക്കുക,Install now,http://play.google.com/store/apps/details?id=yellowclass.kids.live,"Facebook,Instagram,Audience Network,Messenger,Threads",SpeakX ആപ്പിൽ ആത്മവിശ്വാസത്തോടെ ഇംഗ്ലീഷ് സംസാരിക്കുക. വ്യക്തിഗത AI അധ്യാപകൻ ലഭിക്കും.,സുഗമമായി ഇംഗ്ലീഷ് സംസാരിക്കുക,Install now,http://play.google.com/store/apps/details?id=yellowclass.kids.live,Video,"Facebook,Instagram,Audience Network,Messenger,Threads",1,0,9:16,https://video.fblr20-3.fna.fbcdn.net/o1/v/t2/f2/m366/AQMmCgegq_oOrtgzIP5jIkABeUBQuHxEmmPpk1HhAei3-ZqqzikZDpS8Qe8J5UIdNZywJdk35ANxv9GE7aJfjMyBTEZrhJyo3J9XjDdYF1ruwQ.mp4?_nc_cat=105&_nc_oc=AdqgWyKqdpA4dH7GArKX-E-TodQEvSKVsH3uzjc8zjrzV3BznK7Qg-520kEarvmBc1zwmzo-1HLCcGVftko0p0Ma&_nc_sid=b66105&_nc_ht=video.fblr20-3.fna.fbcdn.net&_nc_ohc=FsFMf5q6N1kQ7kNvwGBDYk5&efg=eyJ2ZW5jb2RlX3RhZyI6Inhwdl9wcm9ncmVzc2l2ZS5WSV9VU0VDQVNFX1BST0RVQ1RfVFlQRS4uQzMuNzIwLmRhc2hfaDI2NC1iYXNpYy1nZW4yXzcyMHAiLCJ4cHZfYXNzZXRfaWQiOjEzODU2MzY1MzM2MjY2NzIsImFzc2V0X2FnZV9kYXlzIjo1LCJ2aV91c2VjYXNlX2lkIjoxMDc5OSwiZHVyYXRpb25fcyI6NTAsInVybGdlbl9zb3VyY2UiOiJ3d3cifQ%3D%3D&ccb=17-1&vs=4ac0e75047f0f474&_nc_vs=HBksFQIYRWZiX2VwaGVtZXJhbC9GQjQ0NTRCMkY3ODQyMUJENjY3NUI1NjU1NjQzQTE4RV9tdF8xX3ZpZGVvX2Rhc2hpbml0Lm1wNBUAAsgBEgAVAhhAZmJfcGVybWFuZW50L0U4NEUxNkMzRTEzNzEwNjdGMzZERjQ4RkYyRURFMkIyX2F1ZGlvX2Rhc2hpbml0Lm1wNBUCAsgBEgAoABgAGwKIB3VzZV9vaWwBMRJwcm9ncmVzc2l2ZV9yZWNpcGUBMRUAACbgnP_V1I72BBUCKAJDMywXQEk3bItDlYEYGWRhc2hfaDI2NC1iYXNpYy1nZW4yXzcyMHARAHUAZd6oAQA&_nc_gid=6x4Vu-HrS4_G2H55U9rFHQ&_nc_ss=7f289&_nc_zt=28&oh=00_Af-OCokW_UkV3nphZtQez837aJVBpGlBtUAZlBH48Ahbbg&oe=6A465A0F,https://scontent.fblr20-4.fna.fbcdn.net/v/t39.35426-6/728420897_2274082916771096_4177109816689699693_n.jpg?_nc_cat=103&ccb=1-7&_nc_sid=c53f8f&_nc_ohc=LoU0LiplfM0Q7kNvwHsbrYe&_nc_oc=Adp3kUpmfDlajDFmiUan_lb_GnHgDVcyL0W4MrFK9enaJRSCz5WYiPsONAkj02H6EeSWdmaspFzTTnslTcCSSDLJ&_nc_zt=14&_nc_ht=scontent.fblr20-4.fna&_nc_gid=6x4Vu-HrS4_G2H55U9rFHQ&_nc_ss=7f289&oh=00_Af96IALYfMFZbKzoOrjfIo55fevf_6zFPSM1AtJ_zys-Gw&oe=6A464EB5,2026-07-02T12:31:11.000Z,2026-06-28
93,89,SpeakX,540653459131632,SpeakX - Learn to Speak English,,IN,1037994698567525,https://www.facebook.com/ads/library/?id=1037994698567525,2026-06-16,,false,true,2,0,1037994698567525,2026-06-16,,Ab bina ruke English bolo. Speakx AI tutor ke saath rozana practice karein.,"Learn English, Let's Talk",Install now,http://play.google.com/store/apps/details?id=yellowclass.kids.live,"Facebook,Instagram,Audience Network,Messenger,Threads",Ab bina ruke English bolo. Speakx AI tutor ke saath rozana practice karein.,"Learn English, Let's Talk",Install now,http://play.google.com/store/apps/details?id=yellowclass.kids.live,Video,"Facebook,Instagram,Audience Network,Messenger,Threads",1,0,1:1,https://video.fblr20-1.fna.fbcdn.net/o1/v/t2/f2/m366/AQP5L9xjAjeiOHqdnJmT_HzPT8PT78dszGLGvA3qnp9oTqadUnMztrFatzGaalzSoO1C-ElshSMKwHAgL2PmDLqlj-U6LWvRKtPnfGCq7pcFGQ.mp4?_nc_cat=110&_nc_oc=Adr6VFefl8Fk5clJQNAHb4FhRr5zJVm8PdywTDY9pyCgCLTx_YKFYtrhi5WmJfCfdr5QnhzKZyfHTQ6ooFZJlOf8&_nc_sid=b66105&_nc_ht=video.fblr20-1.fna.fbcdn.net&_nc_ohc=014-LEjVw5AQ7kNvwGDMt1O&efg=eyJ2ZW5jb2RlX3RhZyI6Inhwdl9wcm9ncmVzc2l2ZS5WSV9VU0VDQVNFX1BST0RVQ1RfVFlQRS4uQzMuNzIwLmRhc2hfaDI2NC1iYXNpYy1nZW4yXzcyMHAiLCJ4cHZfYXNzZXRfaWQiOjEwMzg1NDcxNjUxOTE0NzcsImFzc2V0X2FnZV9kYXlzIjoxMCwidmlfdXNlY2FzZV9pZCI6MTAxMzksImR1cmF0aW9uX3MiOjM1LCJ1cmxnZW5fc291cmNlIjoid3d3In0%3D&ccb=17-1&vs=ff0e3ce7cc00b680&_nc_vs=HBksFQIYRWZiX2VwaGVtZXJhbC9GNjRCRTI4MDYyRTcxMDAyNUQ1OTU4MUM0MjRCNzBBRl9tdF8xX3ZpZGVvX2Rhc2hpbml0Lm1wNBUAAsgBEgAVAhhAZmJfcGVybWFuZW50L0UwNDQzODlGMjhDNzIzMTVFMTAwNzYxN0RBMjE2RThCX2F1ZGlvX2Rhc2hpbml0Lm1wNBUCAsgBEgAoABgAGwKIB3VzZV9vaWwBMRJwcm9ncmVzc2l2ZV9yZWNpcGUBMRUAACbq9Oits6PYAxUCKAJDMywXQEHZmZmZmZoYGWRhc2hfaDI2NC1iYXNpYy1nZW4yXzcyMHARAHUAZbaeAQA&_nc_gid=6x4Vu-HrS4_G2H55U9rFHQ&_nc_ss=7f289&_nc_zt=28&oh=00_Af_8oKDLr2XJj7q5v6CyMU0D4C8UPUgX3PO01RHQQG761A&oe=6A463BB6,https://scontent.fblr20-2.fna.fbcdn.net/v/t39.35426-6/725146974_999465979713195_6592489238823549285_n.jpg?_nc_cat=102&ccb=1-7&_nc_sid=c53f8f&_nc_ohc=wdxRmVM5EFcQ7kNvwHAuvZ2&_nc_oc=AdpNJu18AQwLK6cVz7a1QBIqQ-COv8tpB3SDoPKkOcwOvvpENENHTDUDzGxHjaHegC5rQ3N4zTbaKKlTb-6IhIKa&_nc_zt=14&_nc_ht=scontent.fblr20-2.fna&_nc_gid=6x4Vu-HrS4_G2H55U9rFHQ&_nc_ss=7f289&oh=00_Af_zSeSEc2qYU9gTq13Qs315bOJ9QM_RJRsuuNTHm94s_g&oe=6A463CED,2026-07-02T10:21:42.000Z,2026-06-28
94,89,SpeakX,540653459131632,SpeakX - Learn to Speak English,,IN,1037994698567525,https://www.facebook.com/ads/library/?id=1037994698567525,2026-06-16,,false,true,2,1,1880454822626452,2026-06-25,,Ab bina ruke English bolo. Speakx AI tutor ke saath rozana practice karein.,"Learn English, Let's Talk",Install now,http://play.google.com/store/apps/details?id=yellowclass.kids.live,"Facebook,Instagram,Audience Network,Messenger,Threads",Ab bina ruke English bolo. Speakx AI tutor ke saath rozana practice karein.,"Learn English, Let's Talk",Install now,http://play.google.com/store/apps/details?id=yellowclass.kids.live,Video,"Facebook,Instagram,Audience Network,Messenger,Threads",1,0,1:1,https://video.fblr20-1.fna.fbcdn.net/o1/v/t2/f2/m366/AQP5L9xjAjeiOHqdnJmT_HzPT8PT78dszGLGvA3qnp9oTqadUnMztrFatzGaalzSoO1C-ElshSMKwHAgL2PmDLqlj-U6LWvRKtPnfGCq7pcFGQ.mp4?_nc_cat=110&_nc_oc=Adr6VFefl8Fk5clJQNAHb4FhRr5zJVm8PdywTDY9pyCgCLTx_YKFYtrhi5WmJfCfdr5QnhzKZyfHTQ6ooFZJlOf8&_nc_sid=b66105&_nc_ht=video.fblr20-1.fna.fbcdn.net&_nc_ohc=014-LEjVw5AQ7kNvwGDMt1O&efg=eyJ2ZW5jb2RlX3RhZyI6Inhwdl9wcm9ncmVzc2l2ZS5WSV9VU0VDQVNFX1BST0RVQ1RfVFlQRS4uQzMuNzIwLmRhc2hfaDI2NC1iYXNpYy1nZW4yXzcyMHAiLCJ4cHZfYXNzZXRfaWQiOjEwMzg1NDcxNjUxOTE0NzcsImFzc2V0X2FnZV9kYXlzIjoxMCwidmlfdXNlY2FzZV9pZCI6MTAxMzksImR1cmF0aW9uX3MiOjM1LCJ1cmxnZW5fc291cmNlIjoid3d3In0%3D&ccb=17-1&vs=ff0e3ce7cc00b680&_nc_vs=HBksFQIYRWZiX2VwaGVtZXJhbC9GNjRCRTI4MDYyRTcxMDAyNUQ1OTU4MUM0MjRCNzBBRl9tdF8xX3ZpZGVvX2Rhc2hpbml0Lm1wNBUAAsgBEgAVAhhAZmJfcGVybWFuZW50L0UwNDQzODlGMjhDNzIzMTVFMTAwNzYxN0RBMjE2RThCX2F1ZGlvX2Rhc2hpbml0Lm1wNBUCAsgBEgAoABgAGwKIB3VzZV9vaWwBMRJwcm9ncmVzc2l2ZV9yZWNpcGUBMRUAACbq9Oits6PYAxUCKAJDMywXQEHZmZmZmZoYGWRhc2hfaDI2NC1iYXNpYy1nZW4yXzcyMHARAHUAZbaeAQA&_nc_gid=rifYkw_DDUYGKOxfkGLgUQ&_nc_ss=7f289&_nc_zt=28&oh=00_Af-lPF2zt9vauCVLs9812qGACq6IiUGR2hklbdP8Bari-A&oe=6A463BB6,https://scontent.fblr20-1.fna.fbcdn.net/v/t39.35426-6/730320853_1716466776049538_7887897790204952716_n.jpg?_nc_cat=108&ccb=1-7&_nc_sid=c53f8f&_nc_ohc=VTKB2O-C6hAQ7kNvwGdH3Ux&_nc_oc=AdoFq9DI4Q7RxGX45A_P70oE2-Xh_O4hogndMW8LB3C8cVJxlAHnql_5xadMqkIXZ0ELR86g634t2nQu0j6CM5mp&_nc_zt=14&_nc_ht=scontent.fblr20-1.fna&_nc_gid=rifYkw_DDUYGKOxfkGLgUQ&_nc_ss=7f289&oh=00_Af9LxcCxlOHQoQFU2O7s1C1Jceq0qxh759QoFaIrO5ZUXQ&oe=6A462795,2026-07-02T10:21:42.000Z,2026-06-28
95,90,SpeakX,540653459131632,SpeakX - Learn to Speak English,,IN,1297084372624612,https://www.facebook.com/ads/library/?id=1297084372624612,2026-06-21,,false,false,1,0,,2026-06-21,,SpeakX ആപ്പിൽ ആത്മവിശ്വാസത്തോടെ ഇംഗ്ലീഷ് സംസാരിക്കുക. വ്യക്തിഗത AI അധ്യാപകൻ ലഭിക്കും.,സുഗമമായി ഇംഗ്ലീഷ് സംസാരിക്കുക,Install now,http://play.google.com/store/apps/details?id=yellowclass.kids.live,"Facebook,Instagram,Audience Network,Messenger,Threads",SpeakX ആപ്പിൽ ആത്മവിശ്വാസത്തോടെ ഇംഗ്ലീഷ് സംസാരിക്കുക. വ്യക്തിഗത AI അധ്യാപകൻ ലഭിക്കും.,സുഗമമായി ഇംഗ്ലീഷ് സംസാരിക്കുക,Install now,http://play.google.com/store/apps/details?id=yellowclass.kids.live,Video,"Facebook,Instagram,Audience Network,Messenger,Threads",1,0,9:16,https://video.fblr20-3.fna.fbcdn.net/o1/v/t2/f2/m366/AQOBimdPwGWibSeD_cKRiqbfQnJIbnW62_lVvGYkUaayxfMFe0xVFiLldH0vFl4qXLHO6wiTVGBizbWyecnbRLWSN-rb-uLObu1eKbdh53N5hg.mp4?_nc_cat=109&_nc_oc=AdoajiSTNzbWHhoQNsF6zTkSx3yD7GubS9HX60wiByU7ZD77vjk-V2onXkZABnbZ7z4vIey1F82yQ1FYz8w7PubA&_nc_sid=b66105&_nc_ht=video.fblr20-3.fna.fbcdn.net&_nc_ohc=xxkPQCXG4KMQ7kNvwEDQoue&efg=eyJ2ZW5jb2RlX3RhZyI6Inhwdl9wcm9ncmVzc2l2ZS5WSV9VU0VDQVNFX1BST0RVQ1RfVFlQRS4uQzMuNzIwLmRhc2hfaDI2NC1iYXNpYy1nZW4yXzcyMHAiLCJ4cHZfYXNzZXRfaWQiOjE0MDI4MzM4NzE2NTMxNTQsImFzc2V0X2FnZV9kYXlzIjo1LCJ2aV91c2VjYXNlX2lkIjoxMDc5OSwiZHVyYXRpb25fcyI6NDcsInVybGdlbl9zb3VyY2UiOiJ3d3cifQ%3D%3D&ccb=17-1&vs=b0e63c5c7dd0ad6d&_nc_vs=HBksFQIYRWZiX2VwaGVtZXJhbC83MjRENkFEMUNFNUVENjI5NDNFMTU3NUE4N0YzODU5M19tdF8xX3ZpZGVvX2Rhc2hpbml0Lm1wNBUAAsgBEgAVAhhAZmJfcGVybWFuZW50LzFENDhENzhCRjc5MTQ3MzNDQUE5M0MwQTcxRDVDQzk3X2F1ZGlvX2Rhc2hpbml0Lm1wNBUCAsgBEgAoABgAGwKIB3VzZV9vaWwBMRJwcm9ncmVzc2l2ZV9yZWNpcGUBMRUAACbEpMrp1vf9BBUCKAJDMywXQEemZmZmZmYYGWRhc2hfaDI2NC1iYXNpYy1nZW4yXzcyMHARAHUAZd6oAQA&_nc_gid=6x4Vu-HrS4_G2H55U9rFHQ&_nc_ss=7f289&_nc_zt=28&oh=00_Af_eg-2vAxpP8jxR0Iq5GJNvx-mfri5LdaNiEJcOx8GIzw&oe=6A464C7B,https://scontent.fblr20-3.fna.fbcdn.net/v/t39.35426-6/729988473_995005389803896_798050686631013690_n.jpg?_nc_cat=109&ccb=1-7&_nc_sid=c53f8f&_nc_ohc=mrhBErV-PmsQ7kNvwESgjFK&_nc_oc=AdpGr84qLmdSmnZNwFq8eO53P_ZMOXjkdwgFQrljyn9y7uB9BBvUaU5EQm9PEIsBLHaynDQFKqXP-UO2H6Lhvc_t&_nc_zt=14&_nc_ht=scontent.fblr20-3.fna&_nc_gid=6x4Vu-HrS4_G2H55U9rFHQ&_nc_ss=7f289&oh=00_Af_TJe75heC8N_Zqq2Naauy7Cgt8K4iBQQ9QC_LbCbyd3A&oe=6A464208,2026-07-02T11:33:15.000Z,2026-06-28
96,91,SpeakX,540653459131632,SpeakX - Learn to Speak English,,IN,1007530385081900,https://www.facebook.com/ads/library/?id=1007530385081900,2026-06-01,,false,false,1,0,,2026-06-01,,"10 லட்சம்+ கற்றவர்களுடன் சேர்ந்து, உங்கள் AI ஆசிரியருடன் தாராளமாக ஆங்கிலம் பேசுங்கள்",ஆங்கிலம் கற்றுக்கொண்டு தாராளமாக பேசுங்கள்,Install now,http://play.google.com/store/apps/details?id=yellowclass.kids.live,"Facebook,Instagram,Audience Network,Messenger,Threads","10 லட்சம்+ கற்றவர்களுடன் சேர்ந்து, உங்கள் AI ஆசிரியருடன் தாராளமாக ஆங்கிலம் பேசுங்கள்",ஆங்கிலம் கற்றுக்கொண்டு தாராளமாக பேசுங்கள்,Install now,http://play.google.com/store/apps/details?id=yellowclass.kids.live,Video,"Facebook,Instagram,Audience Network,Messenger,Threads",1,0,1:1,https://video.fblr20-4.fna.fbcdn.net/o1/v/t2/f2/m366/AQOmTZ_l_D6n1KxGHa8T1ozCskayWl-F3S1Nyyjxpbdl9qijcw6THUKfk6vOw5LDjZJMKqjGF6kFVF2Q9yjmLD3xpknS3bo9iQbmMVWFruEzsQ.mp4?_nc_cat=103&_nc_oc=AdoE0AsrOr5BNDd5HZbNdEirIX_QJPvhdHlxgyS79Ly_1iRi148u3ZoHXbGrYyHV89pBBqDd_J2GEMZjsHinEJqM&_nc_sid=b66105&_nc_ht=video.fblr20-4.fna.fbcdn.net&_nc_ohc=zw1l6nLphxkQ7kNvwGUDCbr&efg=eyJ2ZW5jb2RlX3RhZyI6Inhwdl9wcm9ncmVzc2l2ZS5WSV9VU0VDQVNFX1BST0RVQ1RfVFlQRS4uQzMuNzIwLmRhc2hfaDI2NC1iYXNpYy1nZW4yXzcyMHAiLCJ4cHZfYXNzZXRfaWQiOjI2ODQ0Mjg4NDY4NTAwNDYxLCJhc3NldF9hZ2VfZGF5cyI6NTgsInZpX3VzZWNhc2VfaWQiOjEwNzk5LCJkdXJhdGlvbl9zIjo1NiwidXJsZ2VuX3NvdXJjZSI6Ind3dyJ9&ccb=17-1&vs=f1292c1a76185cb6&_nc_vs=HBksFQIYRWZiX2VwaGVtZXJhbC9FRjQwQzlDMkRDM0EzNTNBNTQ3NEFDMEQyOTk3NDc5M19tdF8xX3ZpZGVvX2Rhc2hpbml0Lm1wNBUAAsgBEgAVAhhAZmJfcGVybWFuZW50L0JGNEREMDE2NTJGNTVFQjBBREQ4REJGNTU5RDY1NkE4X2F1ZGlvX2Rhc2hpbml0Lm1wNBUCAsgBEgAoABgAGwKIB3VzZV9vaWwBMRJwcm9ncmVzc2l2ZV9yZWNpcGUBMRUAACba_83mnq-vXxUCKAJDMywXQEwZmZmZmZoYGWRhc2hfaDI2NC1iYXNpYy1nZW4yXzcyMHARAHUAZd6oAQA&_nc_gid=mU9sy3L3y3KkdDh6f0pIEg&_nc_ss=7f289&_nc_zt=28&oh=00_Af_QoHiAzSMoEN-ln0hMPp4eI6l1r28Fc3rSIVyCixQvWA&oe=6A4642BD,https://scontent.fblr20-3.fna.fbcdn.net/v/t39.35426-6/686236267_942137258608523_904249647302789837_n.jpg?_nc_cat=109&ccb=1-7&_nc_sid=c53f8f&_nc_ohc=SrOud0SyZW0Q7kNvwF3UYMk&_nc_oc=AdqHYeZAPguKRsx-lZ-lGu10FWLHw-4Pb-rZCs3PTZDOrg8ToKtAgqM5FFCC0SSvczYOQEYRmT_1aDi8_8ezpWwi&_nc_zt=14&_nc_ht=scontent.fblr20-3.fna&_nc_gid=mU9sy3L3y3KkdDh6f0pIEg&_nc_ss=7f289&oh=00_Af_V9ar3jDSoeoq4u0YUvaTIhsLV5MNCC9Zjcs_HOpx1rQ&oe=6A4659A3,2026-07-02T10:51:41.000Z,2026-06-28
97,92,SpeakX,540653459131632,SpeakX - Learn to Speak English,,IN,1034523755598603,https://www.facebook.com/ads/library/?id=1034523755598603,2026-06-22,,false,false,1,0,,2026-06-22,,Ab bina ruke English bolo. Speakx AI tutor ke saath rozana practice karein.,"Learn English, Let's Talk",Install now,http://play.google.com/store/apps/details?id=yellowclass.kids.live,"Facebook,Instagram,Audience Network,Messenger,Threads",Ab bina ruke English bolo. Speakx AI tutor ke saath rozana practice karein.,"Learn English, Let's Talk",Install now,http://play.google.com/store/apps/details?id=yellowclass.kids.live,Video,"Facebook,Instagram,Audience Network,Messenger,Threads",1,0,9:16,https://video.fblr20-4.fna.fbcdn.net/o1/v/t2/f2/m366/AQOISvKFMAEcLY5deqFThxnG1ACq-3105Ot--c50ojT2rjzGIDZxX-rZD-XwSu7mxL48PYJrm-mB7QS3tzPE6ucElpnDxKrZvxpvwDOLnXsbvw.mp4?_nc_cat=106&_nc_oc=Adq8zEHri_LJC0IHsEurBjOM-oNTnWRKtcGWZoPfk2SmRq-IW6J40Sur1pBILiUhbi_YuQalRF8FQn8dgoOS74he&_nc_sid=b66105&_nc_ht=video.fblr20-4.fna.fbcdn.net&_nc_ohc=YLszFO3sfUoQ7kNvwGY5Ppj&efg=eyJ2ZW5jb2RlX3RhZyI6Inhwdl9wcm9ncmVzc2l2ZS5WSV9VU0VDQVNFX1BST0RVQ1RfVFlQRS4uQzMuNzIwLmRhc2hfaDI2NC1iYXNpYy1nZW4yXzcyMHAiLCJ4cHZfYXNzZXRfaWQiOjIyMDQ3MTIyNTM2OTUzMDgsImFzc2V0X2FnZV9kYXlzIjo1LCJ2aV91c2VjYXNlX2lkIjoxMDc5OSwiZHVyYXRpb25fcyI6NjEsInVybGdlbl9zb3VyY2UiOiJ3d3cifQ%3D%3D&ccb=17-1&vs=d1e868229b4fdb0f&_nc_vs=HBksFQIYRWZiX2VwaGVtZXJhbC85MjQ3QkI0RTlEODNDNUM2NzQ2NTQ5MkI0N0IxQjM5MV9tdF8xX3ZpZGVvX2Rhc2hpbml0Lm1wNBUAAsgBEgAVAhhAZmJfcGVybWFuZW50LzE4NEQ2MkMyNTk3MTJENThERkE1RERGNThGMjZDNkI2X2F1ZGlvX2Rhc2hpbml0Lm1wNBUCAsgBEgAoABgAGwKIB3VzZV9vaWwBMRJwcm9ncmVzc2l2ZV9yZWNpcGUBMRUAACaYlbWrksvqBxUCKAJDMywXQE6mZmZmZmYYGWRhc2hfaDI2NC1iYXNpYy1nZW4yXzcyMHARAHUAZd6oAQA&_nc_gid=mU9sy3L3y3KkdDh6f0pIEg&_nc_ss=7f289&_nc_zt=28&oh=00_Af-STFJ08eFoh-ekn2kNPtj_iY_fFK4qNjyVSBBBoiFt-Q&oe=6A463DC2,https://scontent.fblr20-5.fna.fbcdn.net/v/t39.35426-6/728226231_1774205540604452_7180229759858948774_n.jpg?_nc_cat=107&ccb=1-7&_nc_sid=c53f8f&_nc_ohc=4mafgzbbuWAQ7kNvwFh-JQX&_nc_oc=Adqdc9qLpM8tm2pWLTBGmaiEZZztvb0pJUvLu272lboCRW67BcEC3h8iD8SlCaKiwts5ipDOiL_bfozR0pjviqGN&_nc_zt=14&_nc_ht=scontent.fblr20-5.fna&_nc_gid=mU9sy3L3y3KkdDh6f0pIEg&_nc_ss=7f289&oh=00_Af82xe7qNU9Cn7tZ9593lEpil6L9ntEif-9vt3PIB1SZvw&oe=6A4657A1,2026-07-02T10:30:26.000Z,2026-06-28
98,93,SpeakX,540653459131632,SpeakX - Learn to Speak English,,IN,1665305344789047,https://www.facebook.com/ads/library/?id=1665305344789047,2026-06-01,,false,false,1,0,,2026-06-01,,English speaking made easy with SpeakX App,Spoken English course,Install now,http://play.google.com/store/apps/details?id=yellowclass.kids.live,"Facebook,Instagram,Messenger,Threads",English speaking made easy with SpeakX App,Spoken English course,Install now,http://play.google.com/store/apps/details?id=yellowclass.kids.live,Video,"Facebook,Instagram,Messenger,Threads",1,0,1:1,https://video.fblr20-3.fna.fbcdn.net/o1/v/t2/f2/m366/AQP37wu64S089LTarLd21lnyl114xFhBHJEEsbSxfPHwCJmBxPEAIAyE6AkTdbHLmz6G9WeuDX3K9hmgMGLx961S14ovafaNNiYKDl9Fh2bamw.mp4?_nc_cat=105&_nc_oc=AdoGqvIhtDdIAsZyfzsreAliAVl8Zul9R8i73qvBhFV-rsiPugE1jrgmFgq4CCzMLSTzREDdauYEOyKzvsBXZQ-P&_nc_sid=b66105&_nc_ht=video.fblr20-3.fna.fbcdn.net&_nc_ohc=DLUY7QKs-gYQ7kNvwEy8TlT&efg=eyJ2ZW5jb2RlX3RhZyI6Inhwdl9wcm9ncmVzc2l2ZS5WSV9VU0VDQVNFX1BST0RVQ1RfVFlQRS4uQzMuNzIwLmRhc2hfaDI2NC1iYXNpYy1nZW4yXzcyMHAiLCJ4cHZfYXNzZXRfaWQiOjE5MTIyNzkxNjI3OTk4NTAsImFzc2V0X2FnZV9kYXlzIjo1MSwidmlfdXNlY2FzZV9pZCI6MTA3OTksImR1cmF0aW9uX3MiOjYxLCJ1cmxnZW5fc291cmNlIjoid3d3In0%3D&ccb=17-1&vs=96b08e72d83f9129&_nc_vs=HBksFQIYRWZiX2VwaGVtZXJhbC8wNzRGNTA0NTUzMjA2ODZGRjc1NDhGQjE3MTVBODU4OF9tdF8xX3ZpZGVvX2Rhc2hpbml0Lm1wNBUAAsgBEgAVAhhAZmJfcGVybWFuZW50LzVENEVFQkY2NEUzODFFREUxQzJDQTlENEJBREFGN0JDX2F1ZGlvX2Rhc2hpbml0Lm1wNBUCAsgBEgAoABgAGwKIB3VzZV9vaWwBMRJwcm9ncmVzc2l2ZV9yZWNpcGUBMRUAACbUm66Dps3lBhUCKAJDMywXQE8AAAAAAAAYGWRhc2hfaDI2NC1iYXNpYy1nZW4yXzcyMHARAHUAZd6oAQA&_nc_gid=mU9sy3L3y3KkdDh6f0pIEg&_nc_ss=7f289&_nc_zt=28&oh=00_Af9KX52gPeXQ_inXo1xbNo4FvJ_vo_a8q_d6G2lbO6C_IQ&oe=6A46499F,https://scontent.fblr20-3.fna.fbcdn.net/v/t39.35426-6/689889820_1519489479703697_6854106464857970643_n.jpg?_nc_cat=100&ccb=1-7&_nc_sid=c53f8f&_nc_ohc=z03ShMBzncQQ7kNvwEA7MYo&_nc_oc=AdpqmrKaagB4NSFwUw2EeoLihtKVmEINqAf_yGg6OVPB7usUX-gHLFwGN4Q66ApzlfRfnZV1ULqYpY4X6B4f3wNp&_nc_zt=14&_nc_ht=scontent.fblr20-3.fna&_nc_gid=mU9sy3L3y3KkdDh6f0pIEg&_nc_ss=7f289&oh=00_Af-DvPAbDze8771Fya6RO7jUv0zTDmDCOtLPuT4Ro0kn7w&oe=6A464926,2026-07-02T11:21:03.000Z,2026-06-28
99,94,SpeakX,540653459131632,SpeakX - Learn to Speak English,,IN,1305210145123671,https://www.facebook.com/ads/library/?id=1305210145123671,2026-06-10,,false,false,1,0,,2026-06-10,,"💼 ऑफिस मीटिंग्स और इंटरव्यूज के लिए खुद को तैयार करें

✅ 24/7 AI Tutor: कभी भी, कहीं भी practice करें।
✅ Instant Feedback: अपनी pronunciation और fluency सुधारें।
✅ Zero Judgment: बिना किसी डर के खुल कर बोलें

Presenting Speakx — आपका अपना AI English Coach",SpeakX — आपका अपना AI English Coach.,Install now,http://play.google.com/store/apps/details?id=yellowclass.kids.live,"Facebook,Instagram","💼 ऑफिस मीटिंग्स और इंटरव्यूज के लिए खुद को तैयार करें

✅ 24/7 AI Tutor: कभी भी, कहीं भी practice करें।
✅ Instant Feedback: अपनी pronunciation और fluency सुधारें।
✅ Zero Judgment: बिना किसी डर के खुल कर बोलें

Presenting Speakx — आपका अपना AI English Coach",SpeakX — आपका अपना AI English Coach.,Install now,http://play.google.com/store/apps/details?id=yellowclass.kids.live,Video,"Facebook,Instagram",1,0,9:16,https://video.fblr20-4.fna.fbcdn.net/o1/v/t2/f2/m366/AQO4AUCHHyYLvEIcswvGz1qAX8LGBN9Mc-m7R2h4Olp2NCUxwQrXc2j8DthhYhEvtYgbpwt3ECqbuKDcaiUGj4sZTRa-3l2_TXk1hBa4ww_xpQ.mp4?_nc_cat=103&_nc_oc=AdosZVlsLa0maiwW1FYV88Wk9LuWZGo5Bs8078yikD1iKafyUUWr6E1cn7LLGrnEghzmdYa8TGQlk37MYBNWFT-g&_nc_sid=b66105&_nc_ht=video.fblr20-4.fna.fbcdn.net&_nc_ohc=OvoDRmZkz_oQ7kNvwE9YnQp&efg=eyJ2ZW5jb2RlX3RhZyI6Inhwdl9wcm9ncmVzc2l2ZS5WSV9VU0VDQVNFX1BST0RVQ1RfVFlQRS4uQzMuNzIwLmRhc2hfaDI2NC1iYXNpYy1nZW4yXzcyMHAiLCJ4cHZfYXNzZXRfaWQiOjMyNzY3MDY4MjU5Njk0MTMsImFzc2V0X2FnZV9kYXlzIjo0NSwidmlfdXNlY2FzZV9pZCI6MTA3OTksImR1cmF0aW9uX3MiOjQ0LCJ1cmxnZW5fc291cmNlIjoid3d3In0%3D&ccb=17-1&vs=324d8e7b63ba1c89&_nc_vs=HBksFQIYRWZiX2VwaGVtZXJhbC82MTQwQjcxOUJGNkRFRUEwNjE3NjA3RTYwMzMxQTQ5RV9tdF8xX3ZpZGVvX2Rhc2hpbml0Lm1wNBUAAsgBEgAVAhhAZmJfcGVybWFuZW50LzFFNEMxM0RGQkZDQkFCMkVCNDM3RTBCQTAxODkxOUJFX2F1ZGlvX2Rhc2hpbml0Lm1wNBUCAsgBEgAoABgAGwKIB3VzZV9vaWwBMRJwcm9ncmVzc2l2ZV9yZWNpcGUBMRUAACaK_KimuInSCxUCKAJDMywXQEYlP3ztkWgYGWRhc2hfaDI2NC1iYXNpYy1nZW4yXzcyMHARAHUAZd6oAQA&_nc_gid=mU9sy3L3y3KkdDh6f0pIEg&_nc_ss=7f289&_nc_zt=28&oh=00_Af9-Lib1CWXCtbMRwvhR8RUk2xEVUa_zN4CNtpxE88mtZg&oe=6A46427D,https://scontent.fblr20-1.fna.fbcdn.net/v/t39.35426-6/700317026_1019297087331245_1652914402929551764_n.jpg?_nc_cat=110&ccb=1-7&_nc_sid=c53f8f&_nc_ohc=mzfmuRxw8rUQ7kNvwGNNb7K&_nc_oc=Ado0utWjKyPIDsURwEMi4HKL0Q3M6QC9-IEmbNlZpqZO9WPfZdQtYa_QOFMKEXo29ouPhUHKuQGjlJn-Ysw6WWev&_nc_zt=14&_nc_ht=scontent.fblr20-1.fna&_nc_gid=mU9sy3L3y3KkdDh6f0pIEg&_nc_ss=7f289&oh=00_Af9diZnxe2Fftg-oFZ3gpzXHzLDCN6_feIVtx6JbHg-rsg&oe=6A462F5F,2026-07-02T10:50:37.000Z,2026-06-28
100,95,SpeakX,540653459131632,SpeakX - Learn to Speak English,,IN,1784390322973469,https://www.facebook.com/ads/library/?id=1784390322973469,2026-06-21,,false,false,1,0,,2026-06-21,,"10 லட்சம்+ கற்றவர்களுடன் சேர்ந்து, உங்கள் AI ஆசிரியருடன் தாராளமாக ஆங்கிலம் பேசுங்கள்",ஆங்கிலம் கற்றுக்கொண்டு தாராளமாக பேசுங்கள்,Install now,http://play.google.com/store/apps/details?id=yellowclass.kids.live,"Facebook,Instagram,Audience Network,Messenger,Threads","10 லட்சம்+ கற்றவர்களுடன் சேர்ந்து, உங்கள் AI ஆசிரியருடன் தாராளமாக ஆங்கிலம் பேசுங்கள்",ஆங்கிலம் கற்றுக்கொண்டு தாராளமாக பேசுங்கள்,Install now,http://play.google.com/store/apps/details?id=yellowclass.kids.live,Video,"Facebook,Instagram,Audience Network,Messenger,Threads",1,0,9:16,https://video.fblr20-3.fna.fbcdn.net/o1/v/t2/f2/m366/AQOBx9GflSA5jRTKGYTrmyEXHjFnxXRx4o_NyyHqjqqB4rkaPa6BjMoxGoKSdIosvd1r00ysOitPV_SJm0jmrHPmerd7Uwh4MQ9Ws1FCdp_OFA.mp4?_nc_cat=100&_nc_oc=AdptbXlN2cJUE47d_IY52i2BuynvXqSAtNdDUMR-k3BudLSbtq7zABDPvUy70_MqcXaoT_KE-uuUklrn36KmCUiS&_nc_sid=b66105&_nc_ht=video.fblr20-3.fna.fbcdn.net&_nc_ohc=MWV_qmxb3asQ7kNvwEB2q7b&efg=eyJ2ZW5jb2RlX3RhZyI6Inhwdl9wcm9ncmVzc2l2ZS5WSV9VU0VDQVNFX1BST0RVQ1RfVFlQRS4uQzMuNzIwLmRhc2hfaDI2NC1iYXNpYy1nZW4yXzcyMHAiLCJ4cHZfYXNzZXRfaWQiOjEwMDU4NDA1NzIzMTMwMTEsImFzc2V0X2FnZV9kYXlzIjo1LCJ2aV91c2VjYXNlX2lkIjoxMDc5OSwiZHVyYXRpb25fcyI6OTUsInVybGdlbl9zb3VyY2UiOiJ3d3cifQ%3D%3D&ccb=17-1&vs=d9c7343ef7b66ad1&_nc_vs=HBksFQIYRWZiX2VwaGVtZXJhbC84QjQ5RDgzNjJEQjgzRjcyRDM2ODBEREQzNjFFRDc4Rl9tdF8xX3ZpZGVvX2Rhc2hpbml0Lm1wNBUAAsgBEgAVAhhAZmJfcGVybWFuZW50L0MxNDNDNUYxQzYwNzlBQjlCMEJDQ0EyNDFDRUY1MUJGX2F1ZGlvX2Rhc2hpbml0Lm1wNBUCAsgBEgAoABgAGwKIB3VzZV9vaWwBMRJwcm9ncmVzc2l2ZV9yZWNpcGUBMRUAACbmtpug0LPJAxUCKAJDMywXQFfrhR64UewYGWRhc2hfaDI2NC1iYXNpYy1nZW4yXzcyMHARAHUAZd6oAQA&_nc_gid=mU9sy3L3y3KkdDh6f0pIEg&_nc_ss=7f289&_nc_zt=28&oh=00_Af9MzkUDg6QEhAG2J75EGMgpVV9lZXhV4LSDEAXaAke5Xw&oe=6A464A84,https://scontent.fblr20-5.fna.fbcdn.net/v/t39.35426-6/728512010_987315814058166_4150837686589228274_n.jpg?_nc_cat=107&ccb=1-7&_nc_sid=c53f8f&_nc_ohc=bBoEJdH7bNEQ7kNvwHC_r-P&_nc_oc=AdqxZi0OpxnxrTJRz-tiNLFHDZ0urjMgsBzoRXi3a5P38Z17drr42KwI-yJR2HmvSGAM3t_P_v2weDHSdReJsxyJ&_nc_zt=14&_nc_ht=scontent.fblr20-5.fna&_nc_gid=mU9sy3L3y3KkdDh6f0pIEg&_nc_ss=7f289&oh=00_Af9H2oR69xo670UWWjD2RHIMPuAUaqsxTV-sFej45f6ECQ&oe=6A463B74,2026-07-02T11:24:52.000Z,2026-06-28
101,96,SpeakX,540653459131632,SpeakX - Learn to Speak English,,IN,1351262990299594,https://www.facebook.com/ads/library/?id=1351262990299594,2026-06-24,,false,false,1,0,,2026-06-24,,Ab bina ruke English bolo. Speakx AI tutor ke saath rozana practice karein.,"Learn English, Let's Talk",Install now,http://play.google.com/store/apps/details?id=yellowclass.kids.live,"Facebook,Instagram,Messenger,Threads",Ab bina ruke English bolo. Speakx AI tutor ke saath rozana practice karein.,"Learn English, Let's Talk",Install now,http://play.google.com/store/apps/details?id=yellowclass.kids.live,Video,"Facebook,Instagram,Messenger,Threads",1,0,9:16,https://video.fblr20-2.fna.fbcdn.net/o1/v/t2/f2/m366/AQNUemNrpbwOeNxM9jFMYD7MFfP9Bka1kN04cz8uuftei2ZlkmynIt16hk65x6K0d1CGYUZhoIVpS51ij8-M1rxmFJoXKLZbNXyhkHvYLSwfDA.mp4?_nc_cat=111&_nc_oc=AdoinraiJeChcDKLCBJE9IwQYYVDfxuz2yb_yvH_ufRXdVyytlQOM--OY7wN08BrJMgplLwYl9dv6_DDQOk49TLr&_nc_sid=b66105&_nc_ht=video.fblr20-2.fna.fbcdn.net&_nc_ohc=eqsAfqpFn3QQ7kNvwHkZdZh&efg=eyJ2ZW5jb2RlX3RhZyI6Inhwdl9wcm9ncmVzc2l2ZS5WSV9VU0VDQVNFX1BST0RVQ1RfVFlQRS4uQzMuNzIwLmRhc2hfaDI2NC1iYXNpYy1nZW4yXzcyMHAiLCJ4cHZfYXNzZXRfaWQiOjEwMDE4NDM2NDg5MTM1MzksImFzc2V0X2FnZV9kYXlzIjoxNywidmlfdXNlY2FzZV9pZCI6MTAxMzksImR1cmF0aW9uX3MiOjYwLCJ1cmxnZW5fc291cmNlIjoid3d3In0%3D&ccb=17-1&vs=3e3cc9bc7187b239&_nc_vs=HBksFQIYRWZiX2VwaGVtZXJhbC84NzQ4MDNBRDNGMTdCMkU4NDNFNUU5REMyMDlBRDNBOF9tdF8xX3ZpZGVvX2Rhc2hpbml0Lm1wNBUAAsgBEgAVAhhAZmJfcGVybWFuZW50LzE5NEE2NEQ2QzdBQzM1REE3NURCQzNEODJCNUQxQTgwX2F1ZGlvX2Rhc2hpbml0Lm1wNBUCAsgBEgAoABgAGwKIB3VzZV9vaWwBMRJwcm9ncmVzc2l2ZV9yZWNpcGUBMRUAACaGgoPt_MrHAxUCKAJDMywXQE4RBiTdLxsYGWRhc2hfaDI2NC1iYXNpYy1nZW4yXzcyMHARAHUAZbaeAQA&_nc_gid=mU9sy3L3y3KkdDh6f0pIEg&_nc_ss=7f289&_nc_zt=28&oh=00_Af8KpRXWa-Et93yqbkZiOFWcsy7m_XbNYkfH6YqTKBJdNQ&oe=6A4635D1,https://scontent.fblr20-5.fna.fbcdn.net/v/t39.35426-6/730332506_1299340415743374_8842422664790316254_n.jpg?_nc_cat=107&ccb=1-7&_nc_sid=c53f8f&_nc_ohc=rTxqio4bMsoQ7kNvwHP6l7s&_nc_oc=AdoTzSxSEN1dPwoBN3c9-IpRRUv3LPeSVlaZ6d0QstMRqWWpZ-Kqhr1stTMVJMP3B1PDhcNYv8LxVSYqi8kY8KuJ&_nc_zt=14&_nc_ht=scontent.fblr20-5.fna&_nc_gid=mU9sy3L3y3KkdDh6f0pIEg&_nc_ss=7f289&oh=00_Af8rYAHgoQ0GWcmvgeEtJn9zzZv6cuoJZsUWXBDtk_sNJQ&oe=6A4627A2,2026-07-02T09:56:33.000Z,2026-06-28
102,97,SpeakX,540653459131632,SpeakX - Learn to Speak English,,IN,2027539371487379,https://www.facebook.com/ads/library/?id=2027539371487379,2026-06-01,,false,false,1,0,,2026-06-01,,English speaking made easy with SpeakX App,Spoken English course,Install now,http://play.google.com/store/apps/details?id=yellowclass.kids.live,"Facebook,Instagram,Messenger,Threads",English speaking made easy with SpeakX App,Spoken English course,Install now,http://play.google.com/store/apps/details?id=yellowclass.kids.live,Video,"Facebook,Instagram,Messenger,Threads",1,0,1:1,https://video.fblr20-3.fna.fbcdn.net/o1/v/t2/f2/m366/AQPp96wY860OZKG2-1ZXWw2rAF0v0LNML62mYg49ljc_RsF8LQT5ZvmT-heOVL_vOSUReGm2389KzNqgm6rSd6ZqyKnqQmXufcO8cx7uBcf_Qg.mp4?_nc_cat=109&_nc_oc=Ado8Reru6gpeAVfx3SlAVl4_3oPfi2cH7T4jBUO3loO-iS74RWnnELhgcom9FzjnSKN8M0_YZpXiFU-cXdkFuKl_&_nc_sid=b66105&_nc_ht=video.fblr20-3.fna.fbcdn.net&_nc_ohc=KI68pZ7QqV0Q7kNvwFnvLiU&efg=eyJ2ZW5jb2RlX3RhZyI6Inhwdl9wcm9ncmVzc2l2ZS5WSV9VU0VDQVNFX1BST0RVQ1RfVFlQRS4uQzMuNzIwLmRhc2hfaDI2NC1iYXNpYy1nZW4yXzcyMHAiLCJ4cHZfYXNzZXRfaWQiOjIyNDIyMTY0NDk5NjQ4MTUsImFzc2V0X2FnZV9kYXlzIjo1MSwidmlfdXNlY2FzZV9pZCI6MTA3OTksImR1cmF0aW9uX3MiOjUwLCJ1cmxnZW5fc291cmNlIjoid3d3In0%3D&ccb=17-1&vs=52c6d8aa4598d70c&_nc_vs=HBksFQIYRWZiX2VwaGVtZXJhbC82MjQyN0M4QTQ5RDlBQzNBMEVEOTlCQTI1NUU2MkVBRl9tdF8xX3ZpZGVvX2Rhc2hpbml0Lm1wNBUAAsgBEgAVAhhAZmJfcGVybWFuZW50L0E0NEMzMUNFQ0E3MjRFQjhFMzQ2QTUzRUNBNTdDMEFFX2F1ZGlvX2Rhc2hpbml0Lm1wNBUCAsgBEgAoABgAGwKIB3VzZV9vaWwBMRJwcm9ncmVzc2l2ZV9yZWNpcGUBMRUAACae7JOwltL7BxUCKAJDMywXQEl3bItDlYEYGWRhc2hfaDI2NC1iYXNpYy1nZW4yXzcyMHARAHUAZd6oAQA&_nc_gid=mU9sy3L3y3KkdDh6f0pIEg&_nc_ss=7f289&_nc_zt=28&oh=00_Af8WkHA-KchE5_Pc-IIhDWnjnI021k5eEr1BqBxlY04J1w&oe=6A4650B3,https://scontent.fblr20-2.fna.fbcdn.net/v/t39.35426-6/688476615_1842342566435801_6224693589147505118_n.jpg?_nc_cat=104&ccb=1-7&_nc_sid=c53f8f&_nc_ohc=To-Q7bpQYocQ7kNvwFtIF6Q&_nc_oc=AdodBQf7wnyteXk1YeVWGNtexWSIq0GL6-Mh1dYzzeJGMFLu0yPg8e-F_vubdgoZyA6eyCSzOHkUbNTk5BRYYbxB&_nc_zt=14&_nc_ht=scontent.fblr20-2.fna&_nc_gid=mU9sy3L3y3KkdDh6f0pIEg&_nc_ss=7f289&oh=00_Af_YP6aKtk5mo7k-jdjIbls2lmgRD-XwZ96LvUpyF88v2A&oe=6A4636B5,2026-07-02T11:51:15.000Z,2026-06-28
103,98,SpeakX,540653459131632,SpeakX - Learn to Speak English,,IN,1000338829196892,https://www.facebook.com/ads/library/?id=1000338829196892,2026-05-15,,false,false,1,0,,2026-05-15,,"बच्चे की अंग्रेज़ी के लिए महँगी ट्यूशन की ज़रूरत नहीं... 💸 जब माँ खुद उसकी पहली टीचर बन सकती है। 👩‍🏫❤️

माँ ने SpeakX से सीखा — और अब रोज़ शाम बच्चे के साथ बैठकर अंग्रेज़ी पढ़ाती है। ✨

🚀 ७ दिन का बोली अंग्रेज़ी परीक्षण शुरू करें सिर्फ़ ₹२ में! नीचे दिए लिंक पर क्लिक करें।

🌟 बच्चों के लिए सबसे बेहतर:
⏳ सिर्फ़ १५ मिनट: खेल-खेल में सीखें — बोझ नहीं लगेगा।
🤫 पूरी तरह निजी: AI कोच — बिना डर के, बिना झिझक के बोलो।
🏆 पुरस्कार और बैज: हर क़दम पर तारीफ़ — आत्मविश्वास बढ़ता जाएगा।",SpeakX - ऑनलाइन इंग्लिश बोलना सीखें,Install now,http://play.google.com/store/apps/details?id=yellowclass.kids.live,"Facebook,Instagram","बच्चे की अंग्रेज़ी के लिए महँगी ट्यूशन की ज़रूरत नहीं... 💸 जब माँ खुद उसकी पहली टीचर बन सकती है। 👩‍🏫❤️

माँ ने SpeakX से सीखा — और अब रोज़ शाम बच्चे के साथ बैठकर अंग्रेज़ी पढ़ाती है। ✨

🚀 ७ दिन का बोली अंग्रेज़ी परीक्षण शुरू करें सिर्फ़ ₹२ में! नीचे दिए लिंक पर क्लिक करें।

🌟 बच्चों के लिए सबसे बेहतर:
⏳ सिर्फ़ १५ मिनट: खेल-खेल में सीखें — बोझ नहीं लगेगा।
🤫 पूरी तरह निजी: AI कोच — बिना डर के, बिना झिझक के बोलो।
🏆 पुरस्कार और बैज: हर क़दम पर तारीफ़ — आत्मविश्वास बढ़ता जाएगा।",SpeakX - ऑनलाइन इंग्लिश बोलना सीखें,Install now,http://play.google.com/store/apps/details?id=yellowclass.kids.live,Video,"Facebook,Instagram",1,0,9:16,https://video.fblr20-2.fna.fbcdn.net/o1/v/t2/f2/m366/AQNUEspiLPQYfK3a43d545uJxTZf0XRoyuYkLkB5W4IS6HF_-vgFAcIJksgAuNj_uR1iCjJzhBck79ooAKQIMm-z0FKS8a7Rnq5OzfUIij6r4Q.mp4?_nc_cat=102&_nc_oc=AdroGDliP78AWxeaL5cMnraCYUlV_EIlGLGqmdGQVr0dcxchOgez9Wm4TNoJkVsv_FZ18ECk3Vibf88HIHkK5uu-&_nc_sid=b66105&_nc_ht=video.fblr20-2.fna.fbcdn.net&_nc_ohc=j9gRiYDBHa8Q7kNvwFsyW3g&efg=eyJ2ZW5jb2RlX3RhZyI6Inhwdl9wcm9ncmVzc2l2ZS5WSV9VU0VDQVNFX1BST0RVQ1RfVFlQRS4uQzMuNzIwLmRhc2hfaDI2NC1iYXNpYy1nZW4yXzcyMHAiLCJ4cHZfYXNzZXRfaWQiOjI2NjM5MjAxNDQwMDE2MTcsImFzc2V0X2FnZV9kYXlzIjo0MiwidmlfdXNlY2FzZV9pZCI6MTA3OTksImR1cmF0aW9uX3MiOjM1LCJ1cmxnZW5fc291cmNlIjoid3d3In0%3D&ccb=17-1&vs=3425198c3caad344&_nc_vs=HBksFQIYRWZiX2VwaGVtZXJhbC9DNDQ2RDQyRkNGMjQ0NzM5QzE4QjFCNEM4NjlBODlBNF9tdF8xX3ZpZGVvX2Rhc2hpbml0Lm1wNBUAAsgBEgAVAhhAZmJfcGVybWFuZW50LzdDNDYwOUFFQjk3NTY4MzUzRDA1NTZBRDYwMTQzMTgwX2F1ZGlvX2Rhc2hpbml0Lm1wNBUCAsgBEgAoABgAGwKIB3VzZV9vaWwBMRJwcm9ncmVzc2l2ZV9yZWNpcGUBMRUAACaiqaXex7S7CRUCKAJDMywXQEGmZmZmZmYYGWRhc2hfaDI2NC1iYXNpYy1nZW4yXzcyMHARAHUAZd6oAQA&_nc_gid=mU9sy3L3y3KkdDh6f0pIEg&_nc_ss=7f289&_nc_zt=28&oh=00_Af_IG0yML8bRLU2nrx5m9Cm4jUcNMVxRJdEG1QlGvhc_Hg&oe=6A463CD2,https://scontent.fblr20-4.fna.fbcdn.net/v/t39.35426-6/701705304_2929768434026705_425460490594206826_n.jpg?_nc_cat=103&ccb=1-7&_nc_sid=c53f8f&_nc_ohc=qK0dAD5gDEYQ7kNvwGaD6nk&_nc_oc=AdpJ2k0i7G-xVB8-4OcVyNoDXkA0BAmZPyc_7QgWYIPnQRRsR4O_ew8BpDunYYKK9q2JzlhzO3wpXci3L0Hcqrgm&_nc_zt=14&_nc_ht=scontent.fblr20-4.fna&_nc_gid=mU9sy3L3y3KkdDh6f0pIEg&_nc_ss=7f289&oh=00_Af-UC_dw1ufrBmChuhGEXyV5tARc9jDRp2FVVymghuHfHw&oe=6A462757,2026-07-02T10:26:26.000Z,2026-06-28
104,99,SpeakX,540653459131632,SpeakX - Learn to Speak English,,IN,975392855199734,https://www.facebook.com/ads/library/?id=975392855199734,2026-06-01,,false,false,1,0,,2026-06-01,,"10 லட்சம்+ கற்றவர்களுடன் சேர்ந்து, உங்கள் AI ஆசிரியருடன் தாராளமாக ஆங்கிலம் பேசுங்கள்",ஆங்கிலம் கற்றுக்கொண்டு தாராளமாக பேசுங்கள்,Install now,http://play.google.com/store/apps/details?id=yellowclass.kids.live,"Facebook,Instagram,Audience Network,Messenger,Threads","10 லட்சம்+ கற்றவர்களுடன் சேர்ந்து, உங்கள் AI ஆசிரியருடன் தாராளமாக ஆங்கிலம் பேசுங்கள்",ஆங்கிலம் கற்றுக்கொண்டு தாராளமாக பேசுங்கள்,Install now,http://play.google.com/store/apps/details?id=yellowclass.kids.live,Video,"Facebook,Instagram,Audience Network,Messenger,Threads",1,0,1:1,https://video.fblr20-4.fna.fbcdn.net/o1/v/t2/f2/m366/AQPhyR_qfXtTVdOsnqGzmnth3BIVVvNQB9mlKMmREbMaLWVJdmorTQEgYB2gpIpMwJQayZsamEMsSUnUJ03U7wyqWQj1IQep1iEjS70kYzo5qA.mp4?_nc_cat=106&_nc_oc=AdpBh6sCt5O3QWHHd2zYebDO4WbVAApc3ufs87M4xihD8hucsSXOECFi3klFKccz5Ox_CLME5XzzZqMtboLW1Sip&_nc_sid=b66105&_nc_ht=video.fblr20-4.fna.fbcdn.net&_nc_ohc=0Z4JxoR7kAwQ7kNvwER5B0a&efg=eyJ2ZW5jb2RlX3RhZyI6Inhwdl9wcm9ncmVzc2l2ZS5WSV9VU0VDQVNFX1BST0RVQ1RfVFlQRS4uQzMuNzIwLmRhc2hfaDI2NC1iYXNpYy1nZW4yXzcyMHAiLCJ4cHZfYXNzZXRfaWQiOjk5NDgwNjc1OTkxMzkxMiwiYXNzZXRfYWdlX2RheXMiOjI1LCJ2aV91c2VjYXNlX2lkIjoxMDEzOSwiZHVyYXRpb25fcyI6MzIsInVybGdlbl9zb3VyY2UiOiJ3d3cifQ%3D%3D&ccb=17-1&vs=47f2486e1474639a&_nc_vs=HBksFQIYRWZiX2VwaGVtZXJhbC8yMTQ5RTI3QjBBRDZDQTIyNUI2MDRBNUE4MDJCMUFBQ19tdF8xX3ZpZGVvX2Rhc2hpbml0Lm1wNBUAAsgBEgAVAhhAZmJfcGVybWFuZW50L0E0NEY5NzBCNDM1ODRBNkEwNkUyMDg0RDA4MzQwMDhBX2F1ZGlvX2Rhc2hpbml0Lm1wNBUCAsgBEgAoABgAGwKIB3VzZV9vaWwBMRJwcm9ncmVzc2l2ZV9yZWNpcGUBMRUAACbw5tv4r7HEAxUCKAJDMywXQEA7peNT988YGWRhc2hfaDI2NC1iYXNpYy1nZW4yXzcyMHARAHUAZbaeAQA&_nc_gid=mU9sy3L3y3KkdDh6f0pIEg&_nc_ss=7f289&_nc_zt=28&oh=00_Af_JpKjh1DAXSIskig8w8yDu9oSeAnMX4NvsXnZfPDOgGQ&oe=6A462A9A,https://scontent.fblr20-1.fna.fbcdn.net/v/t39.35426-6/710799474_2101309353783549_2348902766144073450_n.jpg?_nc_cat=110&ccb=1-7&_nc_sid=c53f8f&_nc_ohc=TRcDrY3qGpkQ7kNvwEF0efd&_nc_oc=AdouiDvr3z0QXGLn5nohx69vcPhWoUexVkaEzCcjuPb7ZvOCI6MtUxhLqXOZFaUyBVfFjw_IxRy7jAoFESg6vmfn&_nc_zt=14&_nc_ht=scontent.fblr20-1.fna&_nc_gid=mU9sy3L3y3KkdDh6f0pIEg&_nc_ss=7f289&oh=00_Af-WjXCSz8vcEpLtJWWjpqA2xR4lsnQMcWK8YLX18ettyw&oe=6A4636C8,2026-07-02T09:08:42.000Z,2026-06-28
105,100,SpeakX,540653459131632,SpeakX - Learn to Speak English,,IN,2177042646483754,https://www.facebook.com/ads/library/?id=2177042646483754,2026-06-01,,false,false,1,0,,2026-06-01,,SpeakX ആപ്പിൽ ആത്മവിശ്വാസത്തോടെ ഇംഗ്ലീഷ് സംസാരിക്കുക. വ്യക്തിഗത AI അധ്യാപകൻ ലഭിക്കും.,സുഗമമായി ഇംഗ്ലീഷ് സംസാരിക്കുക,Install now,http://play.google.com/store/apps/details?id=yellowclass.kids.live,"Facebook,Instagram,Audience Network,Messenger,Threads",SpeakX ആപ്പിൽ ആത്മവിശ്വാസത്തോടെ ഇംഗ്ലീഷ് സംസാരിക്കുക. വ്യക്തിഗത AI അധ്യാപകൻ ലഭിക്കും.,സുഗമമായി ഇംഗ്ലീഷ് സംസാരിക്കുക,Install now,http://play.google.com/store/apps/details?id=yellowclass.kids.live,Video,"Facebook,Instagram,Audience Network,Messenger,Threads",1,0,1:1,https://video.fblr20-2.fna.fbcdn.net/o1/v/t2/f2/m366/AQNdRKbEl8HbwNm5MUKORylUxfvs1aifpMV6otCNIL3iRGLGQa8vZzfsckHAFOhZ7HecokEuHk88OYp5b_WIdMJLudq9uTEYwoTLCVCWpaISKA.mp4?_nc_cat=104&_nc_oc=AdrMDuOWf5_wPdEZ4Z_wNmn7eJ-_l2fOyn8OaSjAWivz0uDhEoNWMnYmOFv7s82aWxriq4IbwKolmRLhFBtSRXAV&_nc_sid=b66105&_nc_ht=video.fblr20-2.fna.fbcdn.net&_nc_ohc=O4rQjKhsWokQ7kNvwHHIi_j&efg=eyJ2ZW5jb2RlX3RhZyI6Inhwdl9wcm9ncmVzc2l2ZS5WSV9VU0VDQVNFX1BST0RVQ1RfVFlQRS4uQzMuNzIwLmRhc2hfaDI2NC1iYXNpYy1nZW4yXzcyMHAiLCJ4cHZfYXNzZXRfaWQiOjIwMDg3NjQ2NDY3Mzk4MTMsImFzc2V0X2FnZV9kYXlzIjo1OCwidmlfdXNlY2FzZV9pZCI6MTA3OTksImR1cmF0aW9uX3MiOjUzLCJ1cmxnZW5fc291cmNlIjoid3d3In0%3D&ccb=17-1&vs=8537a0fdd644713f&_nc_vs=HBksFQIYRWZiX2VwaGVtZXJhbC9EMjRERDFBNDZDOUJEQTdDOEYzNTlDOUZDRkYyNUU4NV9tdF8xX3ZpZGVvX2Rhc2hpbml0Lm1wNBUAAsgBEgAVAhhAZmJfcGVybWFuZW50LzI0NDY5MEFCODBGRDk2NDhBNEU4NDhDMTcxNURGQkE0X2F1ZGlvX2Rhc2hpbml0Lm1wNBUCAsgBEgAoABgAGwKIB3VzZV9vaWwBMRJwcm9ncmVzc2l2ZV9yZWNpcGUBMRUAACbKvabzvr2RBxUCKAJDMywXQErAAAAAAAAYGWRhc2hfaDI2NC1iYXNpYy1nZW4yXzcyMHARAHUAZd6oAQA&_nc_gid=mU9sy3L3y3KkdDh6f0pIEg&_nc_ss=7f289&_nc_zt=28&oh=00_Af8aokNmg74KlcWDZaFVFJWqFFQSWqaroizYIx_WsFwnMg&oe=6A462D3C,https://scontent.fblr20-3.fna.fbcdn.net/v/t39.35426-6/682104357_2465636170564487_1048093973088991363_n.jpg?_nc_cat=109&ccb=1-7&_nc_sid=c53f8f&_nc_ohc=QveCJZxNWkYQ7kNvwHCUhSW&_nc_oc=AdrzBj3ThWtmr3wDmnSMg1vXqTViyL0_wp7aUbknO7ptEcyTQSa07PGY_JwjZENAHpWsbeifqHZLfTBkeUQjANUi&_nc_zt=14&_nc_ht=scontent.fblr20-3.fna&_nc_gid=mU9sy3L3y3KkdDh6f0pIEg&_nc_ss=7f289&oh=00_Af8UO7Zx-WeeHp41amTBITMy8qrP9URLBKX5FTqclK61AA&oe=6A4634AE,2026-07-02T09:19:56.000Z,2026-06-28
106,101,SpeakX,540653459131632,SpeakX - Learn to Speak English,,IN,1551825403153031,https://www.facebook.com/ads/library/?id=1551825403153031,2026-06-21,,false,false,1,0,,2026-06-21,,"10 லட்சம்+ கற்றவர்களுடன் சேர்ந்து, உங்கள் AI ஆசிரியருடன் தாராளமாக ஆங்கிலம் பேசுங்கள்",ஆங்கிலம் கற்றுக்கொண்டு தாராளமாக பேசுங்கள்,Install now,http://play.google.com/store/apps/details?id=yellowclass.kids.live,"Facebook,Instagram,Audience Network,Messenger,Threads","10 லட்சம்+ கற்றவர்களுடன் சேர்ந்து, உங்கள் AI ஆசிரியருடன் தாராளமாக ஆங்கிலம் பேசுங்கள்",ஆங்கிலம் கற்றுக்கொண்டு தாராளமாக பேசுங்கள்,Install now,http://play.google.com/store/apps/details?id=yellowclass.kids.live,Video,"Facebook,Instagram,Audience Network,Messenger,Threads",1,0,9:16,https://video.fblr20-4.fna.fbcdn.net/o1/v/t2/f2/m366/AQPWky0u65upDbFHmYD_Ek3dIJOFsKgRpaIV-SE2YktOxUctS4OGNl9iJ7hO-Ee6BXl2yM1f4zmMGGUDhB8l8zyCQwRXgMT-FJI0ahKshNNLcQ.mp4?_nc_cat=106&_nc_oc=AdrJWIeb9gEkztjlP3GbvnuYyn0LboNETw6wdzwdrHtyZwuRiClmQ2JtIawITL3u_0I41Tm0_0koZSfANs3Xmzml&_nc_sid=b66105&_nc_ht=video.fblr20-4.fna.fbcdn.net&_nc_ohc=nmVEH75h5g0Q7kNvwEf57UA&efg=eyJ2ZW5jb2RlX3RhZyI6Inhwdl9wcm9ncmVzc2l2ZS5WSV9VU0VDQVNFX1BST0RVQ1RfVFlQRS4uQzMuNzIwLmRhc2hfaDI2NC1iYXNpYy1nZW4yXzcyMHAiLCJ4cHZfYXNzZXRfaWQiOjIwMTIzMTYyMTYzMTQwMTEsImFzc2V0X2FnZV9kYXlzIjo1LCJ2aV91c2VjYXNlX2lkIjoxMDc5OSwiZHVyYXRpb25fcyI6OTAsInVybGdlbl9zb3VyY2UiOiJ3d3cifQ%3D%3D&ccb=17-1&vs=7e141d2ed9ccff1a&_nc_vs=HBksFQIYRWZiX2VwaGVtZXJhbC85OTQ5QUU2NkNCNDkwQTRFMjY1OThGNTU0OUM2N0NCNV9tdF8xX3ZpZGVvX2Rhc2hpbml0Lm1wNBUAAsgBEgAVAhhAZmJfcGVybWFuZW50LzkyNEEzN0QxMENDNzk4RjYwQ0EzNjE0NjM1MUFEQzkzX2F1ZGlvX2Rhc2hpbml0Lm1wNBUCAsgBEgAoABgAGwKIB3VzZV9vaWwBMRJwcm9ncmVzc2l2ZV9yZWNpcGUBMRUAACa2ov6TnIyTBxUCKAJDMywXQFacKPXCj1wYGWRhc2hfaDI2NC1iYXNpYy1nZW4yXzcyMHARAHUAZd6oAQA&_nc_gid=lCV45optrxm4kB17XuMUyQ&_nc_ss=7f289&_nc_zt=28&oh=00_Af_OJO4YWrs7xAXC5A6GM16tIe1CnhWtvXfW4egv0qhDJQ&oe=6A4644DE,https://scontent.fblr20-2.fna.fbcdn.net/v/t39.35426-6/729717146_2002681610357352_5185531877968651705_n.jpg?_nc_cat=111&ccb=1-7&_nc_sid=c53f8f&_nc_ohc=nLXbmYtloYkQ7kNvwGKzVQB&_nc_oc=Adp09xiViAaMYrFsLIiyd_pH6px6XitqiDjOIIuC6__FEmnHHgJhsnC3QyJT2XweELhqv1uHtbwAZMdvXOJ6ef4O&_nc_zt=14&_nc_ht=scontent.fblr20-2.fna&_nc_gid=lCV45optrxm4kB17XuMUyQ&_nc_ss=7f289&oh=00_Af_PyIrlY8WtCSvPrany1n2bZ-WHhOgLuCDAnkxynoEEUg&oe=6A465045,2026-07-02T11:00:46.000Z,2026-06-28
107,102,SpeakX,540653459131632,SpeakX - Learn to Speak English,,IN,1387399283411233,https://www.facebook.com/ads/library/?id=1387399283411233,2026-06-01,,false,false,1,0,,2026-06-01,,ಮೂಲದಿಂದ spoken English ಕಲಿಯಿ. ದಿನಸಿ ಅಭ್ಯಾಸಕ್ಕೆ AI ಸಹಾಯ. ಕನ್ನಡಿಗರಿಗೆ ಸೂಕ್ತ.,ಇಂಗ್ಲಿಷ್ ಮಾತನಾಡಲು ಕಲಿಯಿ,Install now,http://play.google.com/store/apps/details?id=yellowclass.kids.live,"Facebook,Instagram,Messenger,Threads",ಮೂಲದಿಂದ spoken English ಕಲಿಯಿ. ದಿನಸಿ ಅಭ್ಯಾಸಕ್ಕೆ AI ಸಹಾಯ. ಕನ್ನಡಿಗರಿಗೆ ಸೂಕ್ತ.,ಇಂಗ್ಲಿಷ್ ಮಾತನಾಡಲು ಕಲಿಯಿ,Install now,http://play.google.com/store/apps/details?id=yellowclass.kids.live,Video,"Facebook,Instagram,Messenger,Threads",1,0,1:1,https://video.fblr20-2.fna.fbcdn.net/o1/v/t2/f2/m366/AQNbTqyN7qT2vSgq3diPryansyyetm7XgyKIUnwBFEdKMZhrcZsZSz9KsBCP17pCFpbY4J9X2MrqEwDtEpOx29ExyZACL6MPEagZDGudalRxgQ.mp4?_nc_cat=102&_nc_oc=Adqu7EipnuPMyXmP8u4LT3nwYP_qjNgtyXPkHYBdrX8J1eJFLG6MmCCY1xY8rxfPeMAbMw0UabKc2bovMR-KAwWO&_nc_sid=b66105&_nc_ht=video.fblr20-2.fna.fbcdn.net&_nc_ohc=S_Ui47ChwuoQ7kNvwEeCAFD&efg=eyJ2ZW5jb2RlX3RhZyI6Inhwdl9wcm9ncmVzc2l2ZS5WSV9VU0VDQVNFX1BST0RVQ1RfVFlQRS4uQzMuNzIwLmRhc2hfaDI2NC1iYXNpYy1nZW4yXzcyMHAiLCJ4cHZfYXNzZXRfaWQiOjE1NDQ5Njg3OTY5NjcyMDgsImFzc2V0X2FnZV9kYXlzIjozNywidmlfdXNlY2FzZV9pZCI6MTAxMzksImR1cmF0aW9uX3MiOjYxLCJ1cmxnZW5fc291cmNlIjoid3d3In0%3D&ccb=17-1&vs=3a05b1d3547b7282&_nc_vs=HBksFQIYRWZiX2VwaGVtZXJhbC9FODQ0MjFFMEVGNTVEQUJENEI5NDQxNzAzNkMwM0JCMF9tdF8xX3ZpZGVvX2Rhc2hpbml0Lm1wNBUAAsgBEgAVAhhAZmJfcGVybWFuZW50LzczNEMwOThEQUI4NjI4RTIxNTU5QTJERTlBREM5RjhGX2F1ZGlvX2Rhc2hpbml0Lm1wNBUCAsgBEgAoABgAGwKIB3VzZV9vaWwBMRJwcm9ncmVzc2l2ZV9yZWNpcGUBMRUAACbQxKjFgsm-BRUCKAJDMywXQE7d0vGp--cYGWRhc2hfaDI2NC1iYXNpYy1nZW4yXzcyMHARAHUAZbaeAQA&_nc_gid=lCV45optrxm4kB17XuMUyQ&_nc_ss=7f289&_nc_zt=28&oh=00_Af_GW9Q4DCOLZuVtyIHnrHxrZuyz2FvsLnDQ8IIBFU7Ikg&oe=6A464ABE,https://scontent.fblr20-4.fna.fbcdn.net/v/t39.35426-6/703468076_4542333182652690_8773444557328648447_n.jpg?_nc_cat=106&ccb=1-7&_nc_sid=c53f8f&_nc_ohc=C5b7QFXQjKYQ7kNvwGt8g6M&_nc_oc=AdpsieHPAYCQcTO5dkkoU6_3MCxsHS2-o-KHtyOfTSGZ5azZen7hcGNofqw6uMfeVtaaj-v-T-1f-07P9b6fG15w&_nc_zt=14&_nc_ht=scontent.fblr20-4.fna&_nc_gid=lCV45optrxm4kB17XuMUyQ&_nc_ss=7f289&oh=00_Af8qlzlcnTF4tkTJv58zP2wOjxdm2mi5JExvXhfXulC_hA&oe=6A464834,2026-07-02T11:25:50.000Z,2026-06-28
108,103,SpeakX,540653459131632,SpeakX - Learn to Speak English,,IN,1785926192782164,https://www.facebook.com/ads/library/?id=1785926192782164,2026-06-21,,false,false,1,0,,2026-06-21,,"10 லட்சம்+ கற்றவர்களுடன் சேர்ந்து, உங்கள் AI ஆசிரியருடன் தாராளமாக ஆங்கிலம் பேசுங்கள்",ஆங்கிலம் கற்றுக்கொண்டு தாராளமாக பேசுங்கள்,Install now,http://play.google.com/store/apps/details?id=yellowclass.kids.live,"Facebook,Instagram,Audience Network,Messenger,Threads","10 லட்சம்+ கற்றவர்களுடன் சேர்ந்து, உங்கள் AI ஆசிரியருடன் தாராளமாக ஆங்கிலம் பேசுங்கள்",ஆங்கிலம் கற்றுக்கொண்டு தாராளமாக பேசுங்கள்,Install now,http://play.google.com/store/apps/details?id=yellowclass.kids.live,Video,"Facebook,Instagram,Audience Network,Messenger,Threads",1,0,9:16,https://video.fblr20-2.fna.fbcdn.net/o1/v/t2/f2/m366/AQPy6KZrXZbeCOCCfcV_z-ScsiHbULx1_fEGVDStc8KWKm5HTs3jTFOcXQVpSHsMUG-nWOYwqbluG_qnBVUvld3viEukwnj-ZAHtcTYY-QImlA.mp4?_nc_cat=102&_nc_oc=AdqyOFm5QPpJqdmc5crfm4heDm533ap2Bf8-6BSq97k69WfKIo88WHsqnb7XFXIr0d1PbbJXdPL0ANodTwHKLwgP&_nc_sid=b66105&_nc_ht=video.fblr20-2.fna.fbcdn.net&_nc_ohc=Lp47z7r-IXkQ7kNvwHT9mjI&efg=eyJ2ZW5jb2RlX3RhZyI6Inhwdl9wcm9ncmVzc2l2ZS5WSV9VU0VDQVNFX1BST0RVQ1RfVFlQRS4uQzMuNzIwLmRhc2hfaDI2NC1iYXNpYy1nZW4yXzcyMHAiLCJ4cHZfYXNzZXRfaWQiOjEwMDQ4NDA2NTIyNjQ0MTIsImFzc2V0X2FnZV9kYXlzIjo1LCJ2aV91c2VjYXNlX2lkIjoxMDc5OSwiZHVyYXRpb25fcyI6NzUsInVybGdlbl9zb3VyY2UiOiJ3d3cifQ%3D%3D&ccb=17-1&vs=dd7d5ca5c8bf1f13&_nc_vs=HBksFQIYRWZiX2VwaGVtZXJhbC9FNDQ1QzNCNjc0N0Q1MDMzRDg0M0JBMzgwREIwRTJBOV9tdF8xX3ZpZGVvX2Rhc2hpbml0Lm1wNBUAAsgBEgAVAhhAZmJfcGVybWFuZW50LzNENEU4QzFFOUUyNzk4NTk3OEY5RkIyRkUwMEE0RDk2X2F1ZGlvX2Rhc2hpbml0Lm1wNBUCAsgBEgAoABgAGwKIB3VzZV9vaWwBMRJwcm9ncmVzc2l2ZV9yZWNpcGUBMRUAACa4z5KitvnIAxUCKAJDMywXQFLzMzMzMzMYGWRhc2hfaDI2NC1iYXNpYy1nZW4yXzcyMHARAHUAZd6oAQA&_nc_gid=lCV45optrxm4kB17XuMUyQ&_nc_ss=7f289&_nc_zt=28&oh=00_Af9oaA01I4rmJa25yxjMw0X3XkXIujQAmLLZ80w-WVe8_A&oe=6A463F8A,https://scontent.fblr20-1.fna.fbcdn.net/v/t39.35426-6/729389889_2055911361629042_1345823293855260329_n.jpg?_nc_cat=108&ccb=1-7&_nc_sid=c53f8f&_nc_ohc=orGFcHSy_9oQ7kNvwGBVFuA&_nc_oc=Adp6SA-agSaMXl56xBWFI9YkpD0ntWzZ2ha-o3agKSYhJZX9w9ftQIVvHD-kwvcx2FJbWNfbsKVKi2OkWqeXqpA6&_nc_zt=14&_nc_ht=scontent.fblr20-1.fna&_nc_gid=lCV45optrxm4kB17XuMUyQ&_nc_ss=7f289&oh=00_Af_AtjuYmr62JnLgGHC-pf9qfMZzIPqhkMwrIaaEIsDDCg&oe=6A463964,2026-07-02T10:38:02.000Z,2026-06-28
109,104,SpeakX,540653459131632,SpeakX - Learn to Speak English,,IN,1529478111859234,https://www.facebook.com/ads/library/?id=1529478111859234,2026-06-10,,false,false,1,0,,2026-06-10,,"💼 ऑफिस मीटिंग्स और इंटरव्यूज के लिए खुद को तैयार करें

✅ 24/7 AI Tutor: कभी भी, कहीं भी practice करें।
✅ Instant Feedback: अपनी pronunciation और fluency सुधारें।
✅ Zero Judgment: बिना किसी डर के खुल कर बोलें

Presenting Speakx — आपका अपना AI English Coach",SpeakX — आपका अपना AI English Coach.,Install now,http://play.google.com/store/apps/details?id=yellowclass.kids.live,"Facebook,Instagram","💼 ऑफिस मीटिंग्स और इंटरव्यूज के लिए खुद को तैयार करें

✅ 24/7 AI Tutor: कभी भी, कहीं भी practice करें।
✅ Instant Feedback: अपनी pronunciation और fluency सुधारें।
✅ Zero Judgment: बिना किसी डर के खुल कर बोलें

Presenting Speakx — आपका अपना AI English Coach",SpeakX — आपका अपना AI English Coach.,Install now,http://play.google.com/store/apps/details?id=yellowclass.kids.live,Video,"Facebook,Instagram",1,0,1:1,https://video.fblr20-5.fna.fbcdn.net/o1/v/t2/f2/m366/AQNqTprA3WunZmtttlOTdMckraIjqxjgWABlXIHrR0Wa-KlH2ZWBaGxyNqAlDROA-oUbpaz0nh1pWBSTZ8XVoMoaS17UEXN6CqHVPiA8t_VxhQ.mp4?_nc_cat=107&_nc_oc=AdpK0EPsTXGQicrUeWmVuqc5M2Km7AZGI8hmsqo7sEtYhIqdKE3EqMPycvugwPqjoApg68a0V6iYHD6ibcT3j9nd&_nc_sid=b66105&_nc_ht=video.fblr20-5.fna.fbcdn.net&_nc_ohc=1ukn8HiqPI8Q7kNvwEvEl_H&efg=eyJ2ZW5jb2RlX3RhZyI6Inhwdl9wcm9ncmVzc2l2ZS5WSV9VU0VDQVNFX1BST0RVQ1RfVFlQRS4uQzMuNzIwLmRhc2hfaDI2NC1iYXNpYy1nZW4yXzcyMHAiLCJ4cHZfYXNzZXRfaWQiOjE1OTExMzM3NjUyODc4NzQsImFzc2V0X2FnZV9kYXlzIjo0NiwidmlfdXNlY2FzZV9pZCI6MTA3OTksImR1cmF0aW9uX3MiOjM4LCJ1cmxnZW5fc291cmNlIjoid3d3In0%3D&ccb=17-1&vs=3d12514bf316bd83&_nc_vs=HBksFQIYRWZiX2VwaGVtZXJhbC84MDQxNDk2MEJBNTc2M0I0MzA4MzkyRDA2RkVCNDRCNV9tdF8xX3ZpZGVvX2Rhc2hpbml0Lm1wNBUAAsgBEgAVAhhAZmJfcGVybWFuZW50LzM0NDA4NDg2RjY0N0M0Q0MwNjU5MUYwNThGOUJGMTgwX2F1ZGlvX2Rhc2hpbml0Lm1wNBUCAsgBEgAoABgAGwKIB3VzZV9vaWwBMRJwcm9ncmVzc2l2ZV9yZWNpcGUBMRUAACaE__WtlsjTBRUCKAJDMywXQEMiDEm6XjUYGWRhc2hfaDI2NC1iYXNpYy1nZW4yXzcyMHARAHUAZd6oAQA&_nc_gid=lCV45optrxm4kB17XuMUyQ&_nc_ss=7f289&_nc_zt=28&oh=00_Af_ZTkSOWuWpHtnAL-_ZQNAcuGojfyT2QK8W0lco2irw0w&oe=6A462DDD,https://scontent.fblr20-3.fna.fbcdn.net/v/t39.35426-6/700928407_1341336614563864_2815038854175233738_n.jpg?_nc_cat=109&ccb=1-7&_nc_sid=c53f8f&_nc_ohc=70mLIczxiSoQ7kNvwHXZytq&_nc_oc=AdoZTtzvTJrFF82OBCAw0MwpUbAcKVCFWP5_yAFKbaIQHeR8Ky2TGb9Ec_OSbfyFs936t_9V2cYgX2E0CTN43Cwa&_nc_zt=14&_nc_ht=scontent.fblr20-3.fna&_nc_gid=lCV45optrxm4kB17XuMUyQ&_nc_ss=7f289&oh=00_Af_Zr4-irJZ0lLCy69IAkXgJvdYdCOJ8AyM-Nx1W8n19_A&oe=6A4650D8,2026-07-02T09:22:37.000Z,2026-06-28
110,105,SpeakX,540653459131632,SpeakX - Learn to Speak English,,IN,2764304687274475,https://www.facebook.com/ads/library/?id=2764304687274475,2026-06-16,,false,true,2,0,2764304687274475,2026-06-16,,Ab bina ruke English bolo. Speakx AI tutor ke saath rozana practice karein.,"Learn English, Let's Talk",Install now,http://play.google.com/store/apps/details?id=yellowclass.kids.live,"Facebook,Instagram,Audience Network,Messenger,Threads",Ab bina ruke English bolo. Speakx AI tutor ke saath rozana practice karein.,"Learn English, Let's Talk",Install now,http://play.google.com/store/apps/details?id=yellowclass.kids.live,Video,"Facebook,Instagram,Audience Network,Messenger,Threads",1,0,1:1,https://video.fblr20-2.fna.fbcdn.net/o1/v/t2/f2/m366/AQNTRdlo87G63SOlymGvtSAwoHfe_PtqWMDszRYyjbZaN4vlimzSpGjrinGuCBO3ABHwsKHla1pOQ3i15S4uIN-2T_anAWWEE6QaK7pTc9AW7w.mp4?_nc_cat=104&_nc_oc=AdoOyJ2F8V_4m_KtGazBRcWaT_JpuBJYbkKLSLMy7Fl4LhUAnd86zm5-r4Ig-whZc5IgELSg5yXJhPwqQ1GXmYGi&_nc_sid=b66105&_nc_ht=video.fblr20-2.fna.fbcdn.net&_nc_ohc=NLzmS3Rk2v0Q7kNvwGaMA5K&efg=eyJ2ZW5jb2RlX3RhZyI6Inhwdl9wcm9ncmVzc2l2ZS5WSV9VU0VDQVNFX1BST0RVQ1RfVFlQRS4uQzMuNzIwLmRhc2hfaDI2NC1iYXNpYy1nZW4yXzcyMHAiLCJ4cHZfYXNzZXRfaWQiOjEwMTI2MTI5ODc5NDQ4MTIsImFzc2V0X2FnZV9kYXlzIjoxMCwidmlfdXNlY2FzZV9pZCI6MTAxMzksImR1cmF0aW9uX3MiOjUxLCJ1cmxnZW5fc291cmNlIjoid3d3In0%3D&ccb=17-1&vs=d414a349d4ba8a42&_nc_vs=HBksFQIYRWZiX2VwaGVtZXJhbC83RjQ4MzQ1RDY4QjUzMzUxNTgxQzRDNDlEQjM0QTk4M19tdF8xX3ZpZGVvX2Rhc2hpbml0Lm1wNBUAAsgBEgAVAhhAZmJfcGVybWFuZW50L0NBNDY4MUJBOTJGNTk4N0ZBQkQxRUM4NzFBNjdDOUI0X2F1ZGlvX2Rhc2hpbml0Lm1wNBUCAsgBEgAoABgAGwKIB3VzZV9vaWwBMRJwcm9ncmVzc2l2ZV9yZWNpcGUBMRUAACbY_YfX6r3MAxUCKAJDMywXQEmZmZmZmZoYGWRhc2hfaDI2NC1iYXNpYy1nZW4yXzcyMHARAHUAZbaeAQA&_nc_gid=lCV45optrxm4kB17XuMUyQ&_nc_ss=7f289&_nc_zt=28&oh=00_Af8yFEyid0wzAC7TXZLA9ww6iGk-pl01qVIv3NM16p_rnw&oe=6A464418,https://scontent.fblr20-3.fna.fbcdn.net/v/t39.35426-6/725656941_1691961808514888_331527538238953480_n.jpg?_nc_cat=109&ccb=1-7&_nc_sid=c53f8f&_nc_ohc=0FaQpuQ1RY4Q7kNvwHAtRDd&_nc_oc=AdpSf7-UK5jf43eFoQr2TjfGxLNKxmkGY-LqdZQhnvD0ty1Bre7JLH34jY7ocB6LCPyXrSCyE1Nquth6hv-aGC5a&_nc_zt=14&_nc_ht=scontent.fblr20-3.fna&_nc_gid=lCV45optrxm4kB17XuMUyQ&_nc_ss=7f289&oh=00_Af8V4iyo4PE4VxVuOe_wtF_xnBAYUP6qoGWTX5rYyLgRZw&oe=6A464FD4,2026-07-02T10:57:28.000Z,2026-06-28
111,105,SpeakX,540653459131632,SpeakX - Learn to Speak English,,IN,2764304687274475,https://www.facebook.com/ads/library/?id=2764304687274475,2026-06-16,,false,true,2,1,1521544949749932,2026-06-25,,Ab bina ruke English bolo. Speakx AI tutor ke saath rozana practice karein.,"Learn English, Let's Talk",Install now,http://play.google.com/store/apps/details?id=yellowclass.kids.live,"Facebook,Instagram,Audience Network,Messenger,Threads",Ab bina ruke English bolo. Speakx AI tutor ke saath rozana practice karein.,"Learn English, Let's Talk",Install now,http://play.google.com/store/apps/details?id=yellowclass.kids.live,Video,"Facebook,Instagram,Audience Network,Messenger,Threads",1,0,1:1,https://video.fblr20-2.fna.fbcdn.net/o1/v/t2/f2/m366/AQNTRdlo87G63SOlymGvtSAwoHfe_PtqWMDszRYyjbZaN4vlimzSpGjrinGuCBO3ABHwsKHla1pOQ3i15S4uIN-2T_anAWWEE6QaK7pTc9AW7w.mp4?_nc_cat=104&_nc_oc=AdoOyJ2F8V_4m_KtGazBRcWaT_JpuBJYbkKLSLMy7Fl4LhUAnd86zm5-r4Ig-whZc5IgELSg5yXJhPwqQ1GXmYGi&_nc_sid=b66105&_nc_ht=video.fblr20-2.fna.fbcdn.net&_nc_ohc=NLzmS3Rk2v0Q7kNvwGaMA5K&efg=eyJ2ZW5jb2RlX3RhZyI6Inhwdl9wcm9ncmVzc2l2ZS5WSV9VU0VDQVNFX1BST0RVQ1RfVFlQRS4uQzMuNzIwLmRhc2hfaDI2NC1iYXNpYy1nZW4yXzcyMHAiLCJ4cHZfYXNzZXRfaWQiOjEwMTI2MTI5ODc5NDQ4MTIsImFzc2V0X2FnZV9kYXlzIjoxMCwidmlfdXNlY2FzZV9pZCI6MTAxMzksImR1cmF0aW9uX3MiOjUxLCJ1cmxnZW5fc291cmNlIjoid3d3In0%3D&ccb=17-1&vs=d414a349d4ba8a42&_nc_vs=HBksFQIYRWZiX2VwaGVtZXJhbC83RjQ4MzQ1RDY4QjUzMzUxNTgxQzRDNDlEQjM0QTk4M19tdF8xX3ZpZGVvX2Rhc2hpbml0Lm1wNBUAAsgBEgAVAhhAZmJfcGVybWFuZW50L0NBNDY4MUJBOTJGNTk4N0ZBQkQxRUM4NzFBNjdDOUI0X2F1ZGlvX2Rhc2hpbml0Lm1wNBUCAsgBEgAoABgAGwKIB3VzZV9vaWwBMRJwcm9ncmVzc2l2ZV9yZWNpcGUBMRUAACbY_YfX6r3MAxUCKAJDMywXQEmZmZmZmZoYGWRhc2hfaDI2NC1iYXNpYy1nZW4yXzcyMHARAHUAZbaeAQA&_nc_gid=I7iZSf9gKbaaXrAQJDZUwg&_nc_ss=7f289&_nc_zt=28&oh=00_Af9dfYNz1tIqXydJOn1O9QFfaeXRROynSMQ7Xk3UF1UXww&oe=6A464418,https://scontent.fblr20-3.fna.fbcdn.net/v/t39.35426-6/732986470_1561299159120482_3022555196577327470_n.jpg?_nc_cat=100&ccb=1-7&_nc_sid=c53f8f&_nc_ohc=lrV3BGbQliEQ7kNvwEgwauW&_nc_oc=AdrVgZDQcd1REIcfTGM4C8PIkoG5ikkhoIgGc6mjbPrdFl88puVO6YxsYlaTsEy930Geg8VmEzNvjfyfL-PU2QFW&_nc_zt=14&_nc_ht=scontent.fblr20-3.fna&_nc_gid=I7iZSf9gKbaaXrAQJDZUwg&_nc_ss=7f289&oh=00_Af_R2D0I2vOuDOJJHwPtvs4j_gZtutM1Kf1dMyDxQ0T1Vg&oe=6A464514,2026-07-02T10:57:28.000Z,2026-06-28
112,106,SpeakX,540653459131632,SpeakX - Learn to Speak English,,IN,2041460689911312,https://www.facebook.com/ads/library/?id=2041460689911312,2026-06-24,,false,false,1,0,,2026-06-24,,English speaking made easy with SpeakX App,Spoken English course,Install now,http://play.google.com/store/apps/details?id=yellowclass.kids.live,"Facebook,Instagram,Audience Network,Messenger,Threads",English speaking made easy with SpeakX App,Spoken English course,Install now,http://play.google.com/store/apps/details?id=yellowclass.kids.live,Video,"Facebook,Instagram,Audience Network,Messenger,Threads",1,0,9:16,https://video.fblr20-2.fna.fbcdn.net/o1/v/t2/f2/m366/AQOuoCw7RvFddMHDlVYPN2RNKgMd397Q1Fow2spwkVP2rWmOauEsTQJ-bjmb2PpJpOs8AKd-C_VInIHeFdqyW-NHMXkNhBmtBixQZ9_xGQ6LEA.mp4?_nc_cat=104&_nc_oc=Adpv6kPVr_P31pa9gUc9bVApqT_HBHeYLQHvk79KZujhyHKjnUPZnIgxseMFVRl26pvlO_T9vVhygtN5oBX8kexE&_nc_sid=b66105&_nc_ht=video.fblr20-2.fna.fbcdn.net&_nc_ohc=vt3iot2yuEIQ7kNvwHMxbIT&efg=eyJ2ZW5jb2RlX3RhZyI6Inhwdl9wcm9ncmVzc2l2ZS5WSV9VU0VDQVNFX1BST0RVQ1RfVFlQRS4uQzMuNzIwLmRhc2hfaDI2NC1iYXNpYy1nZW4yXzcyMHAiLCJ4cHZfYXNzZXRfaWQiOjE3ODI2MTk3MDY1MDg5MDksImFzc2V0X2FnZV9kYXlzIjoyLCJ2aV91c2VjYXNlX2lkIjoxMDEzOSwiZHVyYXRpb25fcyI6NjAsInVybGdlbl9zb3VyY2UiOiJ3d3cifQ%3D%3D&ccb=17-1&vs=abecd602b72498d2&_nc_vs=HBksFQIYRWZiX2VwaGVtZXJhbC81MjQxMTBDMTU1NTdGOTlDQzlENTZEREM2OEVGRjc4N19tdF8xX3ZpZGVvX2Rhc2hpbml0Lm1wNBUAAsgBEgAVAhhAZmJfcGVybWFuZW50L0U5NERCMDRGRTAxOUUxRTM3RTY3N0U5ODQ5NDA3RUFEX2F1ZGlvX2Rhc2hpbml0Lm1wNBUCAsgBEgAoABgAGwKIB3VzZV9vaWwBMRJwcm9ncmVzc2l2ZV9yZWNpcGUBMRUAACbamYLmj9KqBhUCKAJDMywXQE5MzMzMzM0YGWRhc2hfaDI2NC1iYXNpYy1nZW4yXzcyMHARAHUAZbaeAQA&_nc_gid=lCV45optrxm4kB17XuMUyQ&_nc_ss=7f289&_nc_zt=28&oh=00_Af8sTta4euL3jelFsiV_x5npLfAsFYRFJR-opoVRcqj_6A&oe=6A464C68,https://scontent.fblr20-3.fna.fbcdn.net/v/t39.35426-6/730473922_1480755700400611_8962625283880620427_n.jpg?_nc_cat=100&ccb=1-7&_nc_sid=c53f8f&_nc_ohc=Gig8AT3RI30Q7kNvwFywAuu&_nc_oc=AdrMLYzUyjY8VARPbwdf2cwzdUWoJZx4ptCKDG5NiSEfeWRH6QJFvfwLdjcyYk7zW3g3ozP7j-FzDlhN1-ABELxE&_nc_zt=14&_nc_ht=scontent.fblr20-3.fna&_nc_gid=lCV45optrxm4kB17XuMUyQ&_nc_ss=7f289&oh=00_Af8mTDbzcUGlsSpSMNY0-UchWy_vGg0co69Sxf23aVNXcg&oe=6A462C9E,2026-07-02T11:32:56.000Z,2026-06-28
113,107,SpeakX,540653459131632,SpeakX - Learn to Speak English,,IN,2214051986037784,https://www.facebook.com/ads/library/?id=2214051986037784,2026-06-22,,false,false,1,0,,2026-06-22,,ಮೂಲದಿಂದ spoken English ಕಲಿಯಿ. ದಿನಸಿ ಅಭ್ಯಾಸಕ್ಕೆ AI ಸಹಾಯ. ಕನ್ನಡಿಗರಿಗೆ ಸೂಕ್ತ.,ಇಂಗ್ಲಿಷ್ ಮಾತನಾಡಲು ಕಲಿಯಿ,Install now,http://play.google.com/store/apps/details?id=yellowclass.kids.live,"Facebook,Instagram,Messenger,Threads",ಮೂಲದಿಂದ spoken English ಕಲಿಯಿ. ದಿನಸಿ ಅಭ್ಯಾಸಕ್ಕೆ AI ಸಹಾಯ. ಕನ್ನಡಿಗರಿಗೆ ಸೂಕ್ತ.,ಇಂಗ್ಲಿಷ್ ಮಾತನಾಡಲು ಕಲಿಯಿ,Install now,http://play.google.com/store/apps/details?id=yellowclass.kids.live,Video,"Facebook,Instagram,Messenger,Threads",1,0,16:9,https://video.fblr20-4.fna.fbcdn.net/o1/v/t2/f2/m366/AQOUTfojoQQonF1DvlpAt9WIQWfTnFXzfP3GSySUjBYCCgWMiegtghjS2tQkqo6SexMWOaXXu2fnrPURLPfI-jfVvdc1T_4b0B-a-1B3tN38-A.mp4?_nc_cat=103&_nc_oc=Adpm3tPyJywg37JyfDuurJ8cyNpiZbHH1164JH_U7cO05iOy90C0inZcR5-jH1brVIlhthfu2B2IMHpGmVzN8PQF&_nc_sid=b66105&_nc_ht=video.fblr20-4.fna.fbcdn.net&_nc_ohc=Gumw_3ZshkYQ7kNvwEzek3b&efg=eyJ2ZW5jb2RlX3RhZyI6Inhwdl9wcm9ncmVzc2l2ZS5WSV9VU0VDQVNFX1BST0RVQ1RfVFlQRS4uQzMuMTA4MC5kYXNoX2gyNjQtYmFzaWMtZ2VuMl83MjBwIiwieHB2X2Fzc2V0X2lkIjoxMjk0MDEyMjkyODEzMTAzLCJhc3NldF9hZ2VfZGF5cyI6NSwidmlfdXNlY2FzZV9pZCI6MTAxMzksImR1cmF0aW9uX3MiOjEwMiwidXJsZ2VuX3NvdXJjZSI6Ind3dyJ9&ccb=17-1&vs=14fe9a91188214b6&_nc_vs=HBksFQIYRWZiX2VwaGVtZXJhbC9FMDQxNDA3Nzc2ODEyRkJFM0EyODIzQjQ1MDBDNTNBNF9tdF8xX3ZpZGVvX2Rhc2hpbml0Lm1wNBUAAsgBEgAVAhhAZmJfcGVybWFuZW50L0FBNDkzMzg1RUMwNjhGOEJGRTkzRDE3NTk4RDM0Nzg2X2F1ZGlvX2Rhc2hpbml0Lm1wNBUCAsgBEgAoABgAGwKIB3VzZV9vaWwBMRJwcm9ncmVzc2l2ZV9yZWNpcGUBMRUAACbexOLwtrnMBBUCKAJDMywXQFmZmZmZmZoYGWRhc2hfaDI2NC1iYXNpYy1nZW4yXzcyMHARAHUAZbaeAQA&_nc_gid=lCV45optrxm4kB17XuMUyQ&_nc_ss=7f289&_nc_zt=28&oh=00_Af-fmRltKch6ASQMr8Bi0zxDPK2Cj_qGkLWSVaEpwez2zQ&oe=6A462675,https://scontent.fblr20-2.fna.fbcdn.net/v/t39.35426-6/728226229_1031693196212456_7389974537024393663_n.jpg?_nc_cat=111&ccb=1-7&_nc_sid=c53f8f&_nc_ohc=3DP87EH_4m4Q7kNvwF-zZ1N&_nc_oc=AdrH_ZzXcFywVIz1bKMJBI0pqc15mFo3C-oVKC3RoStYwkuEPEl7vDV-JcQrKRQOCWXN3vAEv5GJh2JZQLrH2bQB&_nc_zt=14&_nc_ht=scontent.fblr20-2.fna&_nc_gid=lCV45optrxm4kB17XuMUyQ&_nc_ss=7f289&oh=00_Af-cY1XtwKanppKsMGahYm7PmNZ55rsAwqGGkkDdyNljcg&oe=6A4655E2,2026-07-02T08:51:01.000Z,2026-06-28
114,108,SpeakX,540653459131632,SpeakX - Learn to Speak English,,IN,4071248453006664,https://www.facebook.com/ads/library/?id=4071248453006664,2026-06-22,,false,false,1,0,,2026-06-22,,Ab bina ruke English bolo. Speakx AI tutor ke saath rozana practice karein.,"Learn English, Let's Talk",Install now,http://play.google.com/store/apps/details?id=yellowclass.kids.live,"Facebook,Instagram,Audience Network,Messenger,Threads",Ab bina ruke English bolo. Speakx AI tutor ke saath rozana practice karein.,"Learn English, Let's Talk",Install now,http://play.google.com/store/apps/details?id=yellowclass.kids.live,Video,"Facebook,Instagram,Audience Network,Messenger,Threads",1,0,1:1,https://video.fblr20-3.fna.fbcdn.net/o1/v/t2/f2/m366/AQOtdX9HKT1bVmznGYxYaQslJDyWH3-9A8H_dqWXYhdrfLmxG1CU8DLdw-XsI7RV1Bn9gOf7ttAoVMei_k_6HyBTZG_DZzUYOPN06Xey-zddNg.mp4?_nc_cat=105&_nc_oc=AdqJkUcAwNvG3K54bun9-K5ALx_XjQrh1IO7uehfe3TvnYI7Skm0gHCWP3msohSCAguW20gQvYWcr7_-ksJYMMZb&_nc_sid=b66105&_nc_ht=video.fblr20-3.fna.fbcdn.net&_nc_ohc=IZmqYkMbw14Q7kNvwFcqbeA&efg=eyJ2ZW5jb2RlX3RhZyI6Inhwdl9wcm9ncmVzc2l2ZS5WSV9VU0VDQVNFX1BST0RVQ1RfVFlQRS4uQzMuNzIwLmRhc2hfaDI2NC1iYXNpYy1nZW4yXzcyMHAiLCJ4cHZfYXNzZXRfaWQiOjEzMzQzMTg4NzU1NTMwNTIsImFzc2V0X2FnZV9kYXlzIjo1LCJ2aV91c2VjYXNlX2lkIjoxMDc5OSwiZHVyYXRpb25fcyI6NTksInVybGdlbl9zb3VyY2UiOiJ3d3cifQ%3D%3D&ccb=17-1&vs=ea2c3c9921213804&_nc_vs=HBksFQIYRWZiX2VwaGVtZXJhbC8zRDQ5OTdEMzdCNzkxNTFDM0Q5OEQwN0FBRTEzQjU4OV9tdF8xX3ZpZGVvX2Rhc2hpbml0Lm1wNBUAAsgBEgAVAhhAZmJfcGVybWFuZW50LzQ1NDQ1OTY1OUJDRjMyNjVFMzQwNEIzMURDMzVEQTkxX2F1ZGlvX2Rhc2hpbml0Lm1wNBUCAsgBEgAoABgAGwKIB3VzZV9vaWwBMRJwcm9ncmVzc2l2ZV9yZWNpcGUBMRUAACa4tMGpyuPeBBUCKAJDMywXQE3IcrAgxJwYGWRhc2hfaDI2NC1iYXNpYy1nZW4yXzcyMHARAHUAZd6oAQA&_nc_gid=lCV45optrxm4kB17XuMUyQ&_nc_ss=7f289&_nc_zt=28&oh=00_Af_7lZiK3rByRK5AjQiEaXWyTZHHW7EbFNYY--7gvk9TzA&oe=6A462FD3,https://scontent.fblr20-2.fna.fbcdn.net/v/t39.35426-6/728212965_4492922184252999_4505968002081796126_n.jpg?_nc_cat=104&ccb=1-7&_nc_sid=c53f8f&_nc_ohc=dPissA3IYfYQ7kNvwEtgcX9&_nc_oc=AdqC77N9-OaX6oeCRf67Fan94GfSxfwA-fETgtuQpEsSmO2_ro5GMwiGnTggnKh-YqbKjHZKPEol-7WTklVAxwef&_nc_zt=14&_nc_ht=scontent.fblr20-2.fna&_nc_gid=lCV45optrxm4kB17XuMUyQ&_nc_ss=7f289&oh=00_Af8GjmdufsgaeIMdkTdrM8zj-a3Q0WUxsfQ_Ko9mpgr-fA&oe=6A4658FA,2026-07-02T09:30:59.000Z,2026-06-28
115,109,SpeakX,540653459131632,SpeakX - Learn to Speak English,,IN,983503630938689,https://www.facebook.com/ads/library/?id=983503630938689,2026-06-01,,false,false,1,0,,2026-06-01,,"10 லட்சம்+ கற்றவர்களுடன் சேர்ந்து, உங்கள் AI ஆசிரியருடன் தாராளமாக ஆங்கிலம் பேசுங்கள்",ஆங்கிலம் கற்றுக்கொண்டு தாராளமாக பேசுங்கள்,Install now,http://play.google.com/store/apps/details?id=yellowclass.kids.live,"Facebook,Instagram,Audience Network,Messenger,Threads","10 லட்சம்+ கற்றவர்களுடன் சேர்ந்து, உங்கள் AI ஆசிரியருடன் தாராளமாக ஆங்கிலம் பேசுங்கள்",ஆங்கிலம் கற்றுக்கொண்டு தாராளமாக பேசுங்கள்,Install now,http://play.google.com/store/apps/details?id=yellowclass.kids.live,Video,"Facebook,Instagram,Audience Network,Messenger,Threads",1,0,1:1,https://video.fblr20-2.fna.fbcdn.net/o1/v/t2/f2/m366/AQMF7sCSou6-wiTWo55pUCRXM7QzYdCe2k8PFu6V3AyzlAZx-XrRbJ52j_FebCOe96oOHwYpkb9CX_TZZCJ0IRGzzHNU-SWMaNSOk4x2paleog.mp4?_nc_cat=104&_nc_oc=AdprGknt6IIgXDELvYb7jJH59h2blucJtPeya0YaEGxc3gqYAYYxKcHv9c2ENc4RC_3rZqirjO0bI8jRw0XmB7uV&_nc_sid=b66105&_nc_ht=video.fblr20-2.fna.fbcdn.net&_nc_ohc=N9HuYctXVQoQ7kNvwFY47bU&efg=eyJ2ZW5jb2RlX3RhZyI6Inhwdl9wcm9ncmVzc2l2ZS5WSV9VU0VDQVNFX1BST0RVQ1RfVFlQRS4uQzMuNzIwLmRhc2hfaDI2NC1iYXNpYy1nZW4yXzcyMHAiLCJ4cHZfYXNzZXRfaWQiOjE2NzA1NzY0NDA4ODA3MDEsImFzc2V0X2FnZV9kYXlzIjoyNSwidmlfdXNlY2FzZV9pZCI6MTAxMzksImR1cmF0aW9uX3MiOjMwLCJ1cmxnZW5fc291cmNlIjoid3d3In0%3D&ccb=17-1&vs=65a4514f5105ee97&_nc_vs=HBksFQIYRWZiX2VwaGVtZXJhbC8xQzRBQkYwMDI2RDE3OTM0Q0M5MEM4RTYzNDNBMUY4Ql9tdF8xX3ZpZGVvX2Rhc2hpbml0Lm1wNBUAAsgBEgAVAhhAZmJfcGVybWFuZW50LzgzNDRFMkI3NEE3ODM5QzBDRjgzQjdEQzJBNzdFM0JDX2F1ZGlvX2Rhc2hpbml0Lm1wNBUCAsgBEgAoABgAGwKIB3VzZV9vaWwBMRJwcm9ncmVzc2l2ZV9yZWNpcGUBMRUAACb6uKG1rNj3BRUCKAJDMywXQD7EGJN0vGoYGWRhc2hfaDI2NC1iYXNpYy1nZW4yXzcyMHARAHUAZbaeAQA&_nc_gid=lCV45optrxm4kB17XuMUyQ&_nc_ss=7f289&_nc_zt=28&oh=00_Af8O1--xrmHWka8883PgS_rg3pUxIbpNT-E_sK8uHNdfcw&oe=6A463110,https://scontent.fblr20-1.fna.fbcdn.net/v/t39.35426-6/711885568_1674171367182866_4730466265175258713_n.jpg?_nc_cat=108&ccb=1-7&_nc_sid=c53f8f&_nc_ohc=51arn_RR-VYQ7kNvwEMsEah&_nc_oc=AdqedWTXXry9Vy3vst1dqmBnTwhl1NoteSEu8x21HXtDyIl8-UzrA8k2HklK_4gqnAgLJnCzxC-ehTGOImP5eSLT&_nc_zt=14&_nc_ht=scontent.fblr20-1.fna&_nc_gid=lCV45optrxm4kB17XuMUyQ&_nc_ss=7f289&oh=00_Af84zGY3fw4h5YGfLM8S3Qmz2js1oEPYAESwlz2Ygr9AjA&oe=6A4626BE,2026-07-02T09:36:16.000Z,2026-06-28
116,110,SpeakX,540653459131632,SpeakX - Learn to Speak English,,IN,1537054738130040,https://www.facebook.com/ads/library/?id=1537054738130040,2026-06-15,,false,false,1,0,,2026-06-15,,SpeakX ആപ്പിൽ ആത്മവിശ്വാസത്തോടെ ഇംഗ്ലീഷ് സംസാരിക്കുക. വ്യക്തിഗത AI അധ്യാപകൻ ലഭിക്കും.,സുഗമമായി ഇംഗ്ലീഷ് സംസാരിക്കുക,Install now,http://play.google.com/store/apps/details?id=yellowclass.kids.live,"Facebook,Instagram,Audience Network,Messenger,Threads",SpeakX ആപ്പിൽ ആത്മവിശ്വാസത്തോടെ ഇംഗ്ലീഷ് സംസാരിക്കുക. വ്യക്തിഗത AI അധ്യാപകൻ ലഭിക്കും.,സുഗമമായി ഇംഗ്ലീഷ് സംസാരിക്കുക,Install now,http://play.google.com/store/apps/details?id=yellowclass.kids.live,Video,"Facebook,Instagram,Audience Network,Messenger,Threads",1,0,1:1,https://video.fblr20-4.fna.fbcdn.net/o1/v/t2/f2/m366/AQMYa-ubZHuZiyRrEM-usr5-w8iRllpKeJq-RFcUC9Zc0MrW-2CkoIr5MZUeGwrwnKQf_Jv7qZApmLwu7uWcn6UUP8pWjRlDDex0sjKGuyzajQ.mp4?_nc_cat=106&_nc_oc=Adq3UMsXErxxu_Lwqaq6H5zbSIJXUgcLZ5G2o2IwzHBoorilq6GmbMiXooSNI7heRv2d6Bc0OVqHjjpP4BlrbOKl&_nc_sid=b66105&_nc_ht=video.fblr20-4.fna.fbcdn.net&_nc_ohc=nEjKnCnQe9sQ7kNvwH6C0LZ&efg=eyJ2ZW5jb2RlX3RhZyI6Inhwdl9wcm9ncmVzc2l2ZS5WSV9VU0VDQVNFX1BST0RVQ1RfVFlQRS4uQzMuNzIwLmRhc2hfaDI2NC1iYXNpYy1nZW4yXzcyMHAiLCJ4cHZfYXNzZXRfaWQiOjIwMzEzNDg3ODc0NjQ2MzgsImFzc2V0X2FnZV9kYXlzIjoxMSwidmlfdXNlY2FzZV9pZCI6MTAxMzksImR1cmF0aW9uX3MiOjU5LCJ1cmxnZW5fc291cmNlIjoid3d3In0%3D&ccb=17-1&vs=bc33c7f762d327d1&_nc_vs=HBksFQIYRWZiX2VwaGVtZXJhbC9DNjQ4NjA3NTE1RUM0RkRDOTkyN0FDRUQxNDdEQjlBRl9tdF8xX3ZpZGVvX2Rhc2hpbml0Lm1wNBUAAsgBEgAVAhhAZmJfcGVybWFuZW50LzBCNDRBODEwN0E1OTI4Q0U4QzA2Q0M5OUVGNzZBMDk0X2F1ZGlvX2Rhc2hpbml0Lm1wNBUCAsgBEgAoABgAGwKIB3VzZV9vaWwBMRJwcm9ncmVzc2l2ZV9yZWNpcGUBMRUAACb8pqLuh-CbBxUCKAJDMywXQE2mZmZmZmYYGWRhc2hfaDI2NC1iYXNpYy1nZW4yXzcyMHARAHUAZbaeAQA&_nc_gid=lCV45optrxm4kB17XuMUyQ&_nc_ss=7f289&_nc_zt=28&oh=00_Af9R8Mbjj4jPRLMueYiBy8ZW_VRx70H21NjyhB_v9ytDAw&oe=6A465C4E,https://scontent.fblr20-1.fna.fbcdn.net/v/t39.35426-6/722447107_1394123582553853_7720969392659377701_n.jpg?_nc_cat=108&ccb=1-7&_nc_sid=c53f8f&_nc_ohc=_yoBa6ywERUQ7kNvwEShNit&_nc_oc=Adp942esP-i9ZKckWy9CaaZ-4tovI2990YnPW6hTOyZcJ54lQTaOSluVNInXQE6h4abn1HHkr_McDI2CTbSWTEOf&_nc_zt=14&_nc_ht=scontent.fblr20-1.fna&_nc_gid=lCV45optrxm4kB17XuMUyQ&_nc_ss=7f289&oh=00_Af8K0RvBGWBXuTGhAvZ9FNt7YcQihcKVyC7LCULBM146_Q&oe=6A462B9D,2026-07-02T12:40:46.000Z,2026-06-28
117,111,SpeakX,540653459131632,SpeakX - Learn to Speak English,,IN,1335664508621430,https://www.facebook.com/ads/library/?id=1335664508621430,2026-06-24,,false,false,1,0,,2026-06-24,,Ab bina ruke English bolo. Speakx AI tutor ke saath rozana practice karein.,"Learn English, Let's Talk",Install now,http://play.google.com/store/apps/details?id=yellowclass.kids.live,"Facebook,Instagram,Messenger,Threads",Ab bina ruke English bolo. Speakx AI tutor ke saath rozana practice karein.,"Learn English, Let's Talk",Install now,http://play.google.com/store/apps/details?id=yellowclass.kids.live,Video,"Facebook,Instagram,Messenger,Threads",1,0,9:16,https://video.fblr20-5.fna.fbcdn.net/o1/v/t2/f2/m366/AQPpkP9JC8CrY9_1BCJ5Pc34YEZCdUgO6USRVNPxa-DnuEShspfm9vpQgMrEk-_ZEAlkdd9kfaJShU07-cEU4mr0DiAH0sAfwkhWIe_0s57uqg.mp4?_nc_cat=107&_nc_oc=AdpdPEPW4xwioV-mECLafClIlLJ8BtHjRyVc2y8AD-kWpXFRvK2z0DDJJsQIUbFIfXAQ5C-ZkBHbrzwr5I5gje6o&_nc_sid=b66105&_nc_ht=video.fblr20-5.fna.fbcdn.net&_nc_ohc=YJ0gCNDAHiQQ7kNvwH0lpnD&efg=eyJ2ZW5jb2RlX3RhZyI6Inhwdl9wcm9ncmVzc2l2ZS5WSV9VU0VDQVNFX1BST0RVQ1RfVFlQRS4uQzMuNzIwLmRhc2hfaDI2NC1iYXNpYy1nZW4yXzcyMHAiLCJ4cHZfYXNzZXRfaWQiOjIwMDk2ODI0MTcwODY5ODQsImFzc2V0X2FnZV9kYXlzIjoxNywidmlfdXNlY2FzZV9pZCI6MTAxMzksImR1cmF0aW9uX3MiOjU0LCJ1cmxnZW5fc291cmNlIjoid3d3In0%3D&ccb=17-1&vs=af11f03bf74999b4&_nc_vs=HBksFQIYRWZiX2VwaGVtZXJhbC8zQjQ4QkIxNkI5Qzk1MEE5MDNCRDI1REQ1N0QyODk4RF9tdF8xX3ZpZGVvX2Rhc2hpbml0Lm1wNBUAAsgBEgAVAhhAZmJfcGVybWFuZW50LzdGNDhDQzVBQzVFOTVFNTM2RjU0RDlGOUI4N0IwNDk2X2F1ZGlvX2Rhc2hpbml0Lm1wNBUCAsgBEgAoABgAGwKIB3VzZV9vaWwBMRJwcm9ncmVzc2l2ZV9yZWNpcGUBMRUAACaQyKfp9PKRBxUCKAJDMywXQEtIcrAgxJwYGWRhc2hfaDI2NC1iYXNpYy1nZW4yXzcyMHARAHUAZbaeAQA&_nc_gid=RSmH0pbzujwWJww2Sjo_Dg&_nc_ss=7f289&_nc_zt=28&oh=00_Af-LyeI_AXgxtDeG0RLprkWyWAdpVG8yaKbyVDLGXGlz1g&oe=6A4634A5,https://scontent.fblr20-3.fna.fbcdn.net/v/t39.35426-6/731916685_1022456176899571_162578225552899012_n.jpg?_nc_cat=100&ccb=1-7&_nc_sid=c53f8f&_nc_ohc=FnkpbjgEWGYQ7kNvwGWVcbe&_nc_oc=Ado4hRok0I7Yi1RkDKO0pw7E7bLyKnilHZYBjivXitnt8FnDEacLOaJSCWKW8X148NMJjER33SKlsvx19nKh7ZMm&_nc_zt=14&_nc_ht=scontent.fblr20-3.fna&_nc_gid=RSmH0pbzujwWJww2Sjo_Dg&_nc_ss=7f289&oh=00_Af99zc1yz74nVQ167z0pxESYNYuY0aAnTgKro275u6XWDQ&oe=6A46473F,2026-07-02T09:51:33.000Z,2026-06-28
118,112,SpeakX,540653459131632,SpeakX - Learn to Speak English,,IN,1751381559566795,https://www.facebook.com/ads/library/?id=1751381559566795,2026-05-23,,false,false,1,0,,2026-05-23,,"🚨 क्या आपको भी कॉलेज प्लेसमेंट इंटरव्यू से डर लगता है? 🚨

पढ़ाई में आप बेस्ट हैं, लेकिन जब बात HR राउंड या ग्रुप डिस्कशन की आती है, तो क्या आपके शब्द कम पड़ जाते हैं? 😨 खराब इंग्लिश की वजह से अपने सपनों की नौकरी को हाथ से मत जाने दीजिए!

मिलिए SpeakX से—आपका पर्सनल AI स्पोकन इंग्लिश कोच। 🤖💬
🗣️ 24/7 मॉक इंटरव्यू की प्रैक्टिस करें
🙅‍♂️ कोई मज़ाक नहीं उड़ाएगा, कोई हिचकिचाहट नहीं
🚀 कॉर्पोरेट लेवल का कॉन्फिडेंस पाएं तुरंत

अपनी तैयारी आज ही शुरू करें सिर्फ ₹2 में! 🪙👇
📲 फ्लूएंट इंग्लिश बोलने के लिए नीचे दिए गए 'Install Now' बटन पर क्लिक करें!",SpeakX - ऑनलाइन इंग्लिश बोलना सीखें,Install now,http://play.google.com/store/apps/details?id=yellowclass.kids.live,"Facebook,Instagram","🚨 क्या आपको भी कॉलेज प्लेसमेंट इंटरव्यू से डर लगता है? 🚨

पढ़ाई में आप बेस्ट हैं, लेकिन जब बात HR राउंड या ग्रुप डिस्कशन की आती है, तो क्या आपके शब्द कम पड़ जाते हैं? 😨 खराब इंग्लिश की वजह से अपने सपनों की नौकरी को हाथ से मत जाने दीजिए!

मिलिए SpeakX से—आपका पर्सनल AI स्पोकन इंग्लिश कोच। 🤖💬
🗣️ 24/7 मॉक इंटरव्यू की प्रैक्टिस करें
🙅‍♂️ कोई मज़ाक नहीं उड़ाएगा, कोई हिचकिचाहट नहीं
🚀 कॉर्पोरेट लेवल का कॉन्फिडेंस पाएं तुरंत

अपनी तैयारी आज ही शुरू करें सिर्फ ₹2 में! 🪙👇
📲 फ्लूएंट इंग्लिश बोलने के लिए नीचे दिए गए 'Install Now' बटन पर क्लिक करें!",SpeakX - ऑनलाइन इंग्लिश बोलना सीखें,Install now,http://play.google.com/store/apps/details?id=yellowclass.kids.live,Video,"Facebook,Instagram",1,0,9:16,https://video.fblr20-3.fna.fbcdn.net/o1/v/t2/f2/m366/AQP85JIsXCs07kIATSk_N5tlJSSTvGb34XMW76uRcIWaZ-wHTJw-VjVKOQK9UYtd6pypebASc41MMNFlsybQ8KBgpDaoGn_hl76QcLxRv3VV9g.mp4?_nc_cat=100&_nc_oc=AdrW_hn8-YYXdMcOBdX0wVNYNVV51ei6V5LDGTJ1UEsjbrshho7FTA5qUUs_F94KnPwFEE9NE0vv7PcpyueNShNH&_nc_sid=b66105&_nc_ht=video.fblr20-3.fna.fbcdn.net&_nc_ohc=R0J-A8K6Q4kQ7kNvwFBkTD3&efg=eyJ2ZW5jb2RlX3RhZyI6Inhwdl9wcm9ncmVzc2l2ZS5WSV9VU0VDQVNFX1BST0RVQ1RfVFlQRS4uQzMuNzIwLmRhc2hfaDI2NC1iYXNpYy1nZW4yXzcyMHAiLCJ4cHZfYXNzZXRfaWQiOjkxMjQ1MzQ4ODQ3ODU3NCwiYXNzZXRfYWdlX2RheXMiOjM0LCJ2aV91c2VjYXNlX2lkIjoxMDc5OSwiZHVyYXRpb25fcyI6NDgsInVybGdlbl9zb3VyY2UiOiJ3d3cifQ%3D%3D&ccb=17-1&vs=33aff9f163c56881&_nc_vs=HBksFQIYRWZiX2VwaGVtZXJhbC9FMzRENDlDNjk2OTU2MTM2MUQzREVBOEFCRUE5MDBCMl9tdF8xX3ZpZGVvX2Rhc2hpbml0Lm1wNBUAAsgBEgAVAhhAZmJfcGVybWFuZW50LzFGNDZFQkU0OEM3OTRDNkIzRjAxRTJDRTdGREJFMUEwX2F1ZGlvX2Rhc2hpbml0Lm1wNBUCAsgBEgAoABgAGwKIB3VzZV9vaWwBMRJwcm9ncmVzc2l2ZV9yZWNpcGUBMRUAACbcpfCg5PeeAxUCKAJDMywXQEgj987ZFocYGWRhc2hfaDI2NC1iYXNpYy1nZW4yXzcyMHARAHUAZd6oAQA&_nc_gid=RSmH0pbzujwWJww2Sjo_Dg&_nc_ss=7f289&_nc_zt=28&oh=00_Af9hhlfHWYfDlDvmjWcqJ-hOV4s8N6Xj5lubwc4qFXu49A&oe=6A4642D0,https://scontent.fblr20-4.fna.fbcdn.net/v/t39.35426-6/706397264_1718372532751282_6134609087492192587_n.jpg?_nc_cat=101&ccb=1-7&_nc_sid=c53f8f&_nc_ohc=lKmpiQDJHXcQ7kNvwHIM_vZ&_nc_oc=AdpUxaXfbWom1dP66TQ-_3Yk8Ckl1czBF_koh2LapQ1oloNvXujQnQXPO1ViohdBJFvCCEFSZtFLVzR91hjCFE3t&_nc_zt=14&_nc_ht=scontent.fblr20-4.fna&_nc_gid=RSmH0pbzujwWJww2Sjo_Dg&_nc_ss=7f289&oh=00_Af-tYrHtTMf4rxrXWRrEP7h4CqFe3pH7C7uQsfLnb5dUDw&oe=6A4647DE,2026-07-02T10:52:00.000Z,2026-06-28
119,113,SpeakX,540653459131632,SpeakX - Learn to Speak English,,IN,1005340095418175,https://www.facebook.com/ads/library/?id=1005340095418175,2026-06-01,,false,false,1,0,,2026-06-01,,"10 லட்சம்+ கற்றவர்களுடன் சேர்ந்து, உங்கள் AI ஆசிரியருடன் தாராளமாக ஆங்கிலம் பேசுங்கள்",ஆங்கிலம் கற்றுக்கொண்டு தாராளமாக பேசுங்கள்,Install now,http://play.google.com/store/apps/details?id=yellowclass.kids.live,"Facebook,Instagram,Audience Network,Messenger,Threads","10 லட்சம்+ கற்றவர்களுடன் சேர்ந்து, உங்கள் AI ஆசிரியருடன் தாராளமாக ஆங்கிலம் பேசுங்கள்",ஆங்கிலம் கற்றுக்கொண்டு தாராளமாக பேசுங்கள்,Install now,http://play.google.com/store/apps/details?id=yellowclass.kids.live,Video,"Facebook,Instagram,Audience Network,Messenger,Threads",1,0,1:1,https://video.fblr20-4.fna.fbcdn.net/o1/v/t2/f2/m366/AQPjXxWjELWk0q0j4yl61KRbvvazsiHDlQbuCeDvR5asotTf9nEtIKhRo-c7OEFPYUCuVFBj5zOEZu2QbOFmISdMk8x85fUm0MVSne8P4zgt4g.mp4?_nc_cat=106&_nc_oc=AdrDDj_Er-HCGiXnRne5VT8USNlyAiF3QdJIGiqMgTYB7FAroCfpEZwuYQdSOMrMCHm5RbswDi34wJsnMHhksFRV&_nc_sid=b66105&_nc_ht=video.fblr20-4.fna.fbcdn.net&_nc_ohc=oOSA8vsCyGgQ7kNvwFFNo5e&efg=eyJ2ZW5jb2RlX3RhZyI6Inhwdl9wcm9ncmVzc2l2ZS5WSV9VU0VDQVNFX1BST0RVQ1RfVFlQRS4uQzMuNzIwLmRhc2hfaDI2NC1iYXNpYy1nZW4yXzcyMHAiLCJ4cHZfYXNzZXRfaWQiOjEyODgxOTI1NTk0MjQzNTcsImFzc2V0X2FnZV9kYXlzIjo1OCwidmlfdXNlY2FzZV9pZCI6MTA3OTksImR1cmF0aW9uX3MiOjQ5LCJ1cmxnZW5fc291cmNlIjoid3d3In0%3D&ccb=17-1&vs=c45b2956d6727f26&_nc_vs=HBksFQIYRWZiX2VwaGVtZXJhbC85RTQ2MUEyRTQzNkM3NzQ2QzIxOEU5ODFGNjg2NjM4NF9tdF8xX3ZpZGVvX2Rhc2hpbml0Lm1wNBUAAsgBEgAVAhhAZmJfcGVybWFuZW50L0VBNDZFRUI0MzRFQTU0QzA2ODk0MzY0M0RDNzNGRDkxX2F1ZGlvX2Rhc2hpbml0Lm1wNBUCAsgBEgAoABgAGwKIB3VzZV9vaWwBMRJwcm9ncmVzc2l2ZV9yZWNpcGUBMRUAACbKjcG-1ubJBBUCKAJDMywXQEjEOVgQYk4YGWRhc2hfaDI2NC1iYXNpYy1nZW4yXzcyMHARAHUAZd6oAQA&_nc_gid=RSmH0pbzujwWJww2Sjo_Dg&_nc_ss=7f289&_nc_zt=28&oh=00_Af8n-og2BEBa-JmMpHHvIVjmZSOfX8zOpiSxXi0DjYNw5w&oe=6A464C82,https://scontent.fblr20-5.fna.fbcdn.net/v/t39.35426-6/683000740_1423109519586183_7233464501181056666_n.jpg?_nc_cat=107&ccb=1-7&_nc_sid=c53f8f&_nc_ohc=_4lADDx4lNgQ7kNvwHR4FA3&_nc_oc=AdrTow73qroz4blbQ-707G3NHVpCz1lJrV4eAd9Zzw2ExC0k5ljT-dYIrouOcMuIqbvoAkO3_QXedm9Y40iXsyT6&_nc_zt=14&_nc_ht=scontent.fblr20-5.fna&_nc_gid=RSmH0pbzujwWJww2Sjo_Dg&_nc_ss=7f289&oh=00_Af_GnReMFhH1JrjMJZN6Ca_2OK8MmGFhA8FO33E5dOnoEg&oe=6A465DA5,2026-07-02T11:33:22.000Z,2026-06-28
120,114,SpeakX,540653459131632,SpeakX - Learn to Speak English,,IN,1537332977762360,https://www.facebook.com/ads/library/?id=1537332977762360,2026-06-01,,false,false,1,0,,2026-06-01,,"10 லட்சம்+ கற்றவர்களுடன் சேர்ந்து, உங்கள் AI ஆசிரியருடன் தாராளமாக ஆங்கிலம் பேசுங்கள்",ஆங்கிலம் கற்றுக்கொண்டு தாராளமாக பேசுங்கள்,Install now,http://play.google.com/store/apps/details?id=yellowclass.kids.live,"Facebook,Instagram,Audience Network,Messenger,Threads","10 லட்சம்+ கற்றவர்களுடன் சேர்ந்து, உங்கள் AI ஆசிரியருடன் தாராளமாக ஆங்கிலம் பேசுங்கள்",ஆங்கிலம் கற்றுக்கொண்டு தாராளமாக பேசுங்கள்,Install now,http://play.google.com/store/apps/details?id=yellowclass.kids.live,Video,"Facebook,Instagram,Audience Network,Messenger,Threads",1,0,1:1,https://video.fblr20-2.fna.fbcdn.net/o1/v/t2/f2/m366/AQM8S8UzncVZko6RJEWjHXBsXD7Dz_6u1xMG6oVR3Y8ywXLEozCAhaVv5-Tgw1OMgiW5sQP6vGIOLvOwbGBTvMmEnTkiKWkkj8Em0yywQ_wiww.mp4?_nc_cat=102&_nc_oc=AdpABT1cREBW64GhK9k7Hz_0ZYBIRtiuwW23mdRrilZD88mzzVzxjQkoF_NKPOnT99MZrxFpFqOeoVCjdacq47L3&_nc_sid=b66105&_nc_ht=video.fblr20-2.fna.fbcdn.net&_nc_ohc=UOt46fNfMYYQ7kNvwEisOjD&efg=eyJ2ZW5jb2RlX3RhZyI6Inhwdl9wcm9ncmVzc2l2ZS5WSV9VU0VDQVNFX1BST0RVQ1RfVFlQRS4uQzMuNzIwLmRhc2hfaDI2NC1iYXNpYy1nZW4yXzcyMHAiLCJ4cHZfYXNzZXRfaWQiOjEyNzA0OTg1NTUxODgzNjEsImFzc2V0X2FnZV9kYXlzIjo1OCwidmlfdXNlY2FzZV9pZCI6MTA3OTksImR1cmF0aW9uX3MiOjU3LCJ1cmxnZW5fc291cmNlIjoid3d3In0%3D&ccb=17-1&vs=6b1c04ffd0b57a70&_nc_vs=HBksFQIYRWZiX2VwaGVtZXJhbC8zMzQ1RjIxNDI2Rjk0NzMzNDI4Mzc1RDhBMUQ2RUNBRF9tdF8xX3ZpZGVvX2Rhc2hpbml0Lm1wNBUAAsgBEgAVAhhAZmJfcGVybWFuZW50Lzc4NDI4QTNGREUzNjU2NkFENURBRDY5ODc1Q0E0Nzg1X2F1ZGlvX2Rhc2hpbml0Lm1wNBUCAsgBEgAoABgAGwKIB3VzZV9vaWwBMRJwcm9ncmVzc2l2ZV9yZWNpcGUBMRUAACaS0o7x3-DBBBUCKAJDMywXQEymZmZmZmYYGWRhc2hfaDI2NC1iYXNpYy1nZW4yXzcyMHARAHUAZd6oAQA&_nc_gid=RSmH0pbzujwWJww2Sjo_Dg&_nc_ss=7f289&_nc_zt=28&oh=00_Af82_EwO6i0eqqniPU-tyKctCvmBgM3u7bzdeh-Zw_DKWA&oe=6A46362A,https://scontent.fblr20-1.fna.fbcdn.net/v/t39.35426-6/684948524_999368862710915_6672698336182316096_n.jpg?_nc_cat=110&ccb=1-7&_nc_sid=c53f8f&_nc_ohc=73XnBrMyivYQ7kNvwHx-nSM&_nc_oc=Adr_-DsFPi8IA7vtDvWo2S5c4-qweORkTTUB-acCj4nRJ9H1jXg2ccgoMl2YTFIKYPq4efPnNfVIHK79RInPR4cn&_nc_zt=14&_nc_ht=scontent.fblr20-1.fna&_nc_gid=RSmH0pbzujwWJww2Sjo_Dg&_nc_ss=7f289&oh=00_Af87LPqy5dUzWCbI6aFmF06jyEeu_t-5UUShq4oB1bqIEA&oe=6A462B4A,2026-07-02T09:58:02.000Z,2026-06-28
121,115,SpeakX,540653459131632,SpeakX - Learn to Speak English,,IN,880190364528542,https://www.facebook.com/ads/library/?id=880190364528542,2026-06-24,,false,false,1,0,,2026-06-24,,SpeakX ആപ്പിൽ ആത്മവിശ്വാസത്തോടെ ഇംഗ്ലീഷ് സംസാരിക്കുക. വ്യക്തിഗത AI അധ്യാപകൻ ലഭിക്കും.,സുഗമമായി ഇംഗ്ലീഷ് സംസാരിക്കുക,Install now,http://play.google.com/store/apps/details?id=yellowclass.kids.live,"Facebook,Instagram,Audience Network,Messenger,Threads",SpeakX ആപ്പിൽ ആത്മവിശ്വാസത്തോടെ ഇംഗ്ലീഷ് സംസാരിക്കുക. വ്യക്തിഗത AI അധ്യാപകൻ ലഭിക്കും.,സുഗമമായി ഇംഗ്ലീഷ് സംസാരിക്കുക,Install now,http://play.google.com/store/apps/details?id=yellowclass.kids.live,Video,"Facebook,Instagram,Audience Network,Messenger,Threads",1,0,1:1,https://video.fblr20-4.fna.fbcdn.net/o1/v/t2/f2/m366/AQOdswrE6Ag1sunL0ysF_UUeNGQVJ6ryCltPczSEg5u44peGg6j5y-QNksQxoAd5ZRQ-4RGIuaYovtmopa1lz1bWxpcDMickigfg6hA-zncd6A.mp4?_nc_cat=106&_nc_oc=Adouly76CyA6r0ahxDAqWp70ojjSpxmdfEeSUnMy8Tx41UkTDDyI1Hu4re8zQb6Zlxg7BMSMxrIcWRolZJdSDSA7&_nc_sid=b66105&_nc_ht=video.fblr20-4.fna.fbcdn.net&_nc_ohc=7Pi5H-3KeUYQ7kNvwH9MBoI&efg=eyJ2ZW5jb2RlX3RhZyI6Inhwdl9wcm9ncmVzc2l2ZS5WSV9VU0VDQVNFX1BST0RVQ1RfVFlQRS4uQzMuNzIwLmRhc2hfaDI2NC1iYXNpYy1nZW4yXzcyMHAiLCJ4cHZfYXNzZXRfaWQiOjE0ODYzODI4ODY1Nzg5NTQsImFzc2V0X2FnZV9kYXlzIjoyLCJ2aV91c2VjYXNlX2lkIjoxMDEzOSwiZHVyYXRpb25fcyI6NjcsInVybGdlbl9zb3VyY2UiOiJ3d3cifQ%3D%3D&ccb=17-1&vs=340acda8ee70d052&_nc_vs=HBksFQIYRWZiX2VwaGVtZXJhbC8zQTQ1MDVFMEI1MUQ1ODUyOUY4NjA5QzhGODQ1RkVBN19tdF8xX3ZpZGVvX2Rhc2hpbml0Lm1wNBUAAsgBEgAVAhhAZmJfcGVybWFuZW50L0IxNENGMjE3NEI3OTNBRkQ3NzQxNzM3NUVFMkZENDk0X2F1ZGlvX2Rhc2hpbml0Lm1wNBUCAsgBEgAoABgAGwKIB3VzZV9vaWwBMRJwcm9ncmVzc2l2ZV9yZWNpcGUBMRUAACaUrKO_7_ajBRUCKAJDMywXQFDszMzMzM0YGWRhc2hfaDI2NC1iYXNpYy1nZW4yXzcyMHARAHUAZbaeAQA&_nc_gid=RSmH0pbzujwWJww2Sjo_Dg&_nc_ss=7f289&_nc_zt=28&oh=00_Af97qa00j-yrA0_QAv_X5RlTPqceR07IWRUrHsqn_z2xUQ&oe=6A4646BE,https://scontent.fblr20-1.fna.fbcdn.net/v/t39.35426-6/731131494_946816395057684_4778550020398252511_n.jpg?_nc_cat=108&ccb=1-7&_nc_sid=c53f8f&_nc_ohc=6BtXnilkTmoQ7kNvwEmLeHH&_nc_oc=AdrHTxqnHTJMuMwNp7KVU-LxDMRPkTpW8rpUUqx7Vkf7TaKFLcTlK63Zr64-dLo3cVzdGb1SOE9r9R8Vm9U7RSg7&_nc_zt=14&_nc_ht=scontent.fblr20-1.fna&_nc_gid=RSmH0pbzujwWJww2Sjo_Dg&_nc_ss=7f289&oh=00_Af_3fEfyB_VCDTQqBOBiT47esGldS0hlJbKRmDnRrmMDIw&oe=6A462A5A,2026-07-02T11:08:46.000Z,2026-06-28
122,116,SpeakX,540653459131632,SpeakX - Learn to Speak English,,IN,2525386577875029,https://www.facebook.com/ads/library/?id=2525386577875029,2026-06-21,,false,false,1,0,,2026-06-21,,SpeakX ആപ്പിൽ ആത്മവിശ്വാസത്തോടെ ഇംഗ്ലീഷ് സംസാരിക്കുക. വ്യക്തിഗത AI അധ്യാപകൻ ലഭിക്കും.,സുഗമമായി ഇംഗ്ലീഷ് സംസാരിക്കുക,Install now,http://play.google.com/store/apps/details?id=yellowclass.kids.live,"Facebook,Instagram,Audience Network,Messenger,Threads",SpeakX ആപ്പിൽ ആത്മവിശ്വാസത്തോടെ ഇംഗ്ലീഷ് സംസാരിക്കുക. വ്യക്തിഗത AI അധ്യാപകൻ ലഭിക്കും.,സുഗമമായി ഇംഗ്ലീഷ് സംസാരിക്കുക,Install now,http://play.google.com/store/apps/details?id=yellowclass.kids.live,Video,"Facebook,Instagram,Audience Network,Messenger,Threads",1,0,9:16,https://video.fblr20-3.fna.fbcdn.net/o1/v/t2/f2/m366/AQPiR2osiVbHKpRfcEgytowAnIVOS5fP0RSmAeVVoSm20UeD6FOSVeVIC1gc0Kb8GLd3y6h48Zrh-4qqqR-WIFd080cYVanSAKmHPwKxQ6b2RA.mp4?_nc_cat=105&_nc_oc=AdoLt972m6N-J_prjkr9wvCZvlDOe6ilW1xz3qKELJwJN_nL7E9pHtOtU3vS4H9bgfkRyZTLZeYR46e-dUZswm4q&_nc_sid=b66105&_nc_ht=video.fblr20-3.fna.fbcdn.net&_nc_ohc=c9KY0Rjj1dIQ7kNvwHTZN9E&efg=eyJ2ZW5jb2RlX3RhZyI6Inhwdl9wcm9ncmVzc2l2ZS5WSV9VU0VDQVNFX1BST0RVQ1RfVFlQRS4uQzMuNzIwLmRhc2hfaDI2NC1iYXNpYy1nZW4yXzcyMHAiLCJ4cHZfYXNzZXRfaWQiOjk5MDEwOTAxNzI2NjcwNSwiYXNzZXRfYWdlX2RheXMiOjUsInZpX3VzZWNhc2VfaWQiOjEwNzk5LCJkdXJhdGlvbl9zIjozOCwidXJsZ2VuX3NvdXJjZSI6Ind3dyJ9&ccb=17-1&vs=3c848c20b6087a70&_nc_vs=HBksFQIYRWZiX2VwaGVtZXJhbC8yQjQyQjc5QUNGMzUyNkI5RjVCRUFBQzRCMEM2QkVCRl9tdF8xX3ZpZGVvX2Rhc2hpbml0Lm1wNBUAAsgBEgAVAhhAZmJfcGVybWFuZW50LzEyNDNBODBBNzBDQkUzM0YxN0UwOEY5QkIxNTkyOEEwX2F1ZGlvX2Rhc2hpbml0Lm1wNBUCAsgBEgAoABgAGwKIB3VzZV9vaWwBMRJwcm9ncmVzc2l2ZV9yZWNpcGUBMRUAACai6JqE95_CAxUCKAJDMywXQENEOVgQYk4YGWRhc2hfaDI2NC1iYXNpYy1nZW4yXzcyMHARAHUAZd6oAQA&_nc_gid=RSmH0pbzujwWJww2Sjo_Dg&_nc_ss=7f289&_nc_zt=28&oh=00_Af93EJ1KhRx5VVLCYFRdfLBKisSpfp5Sb5RGrktdS9td4Q&oe=6A465753,https://scontent.fblr20-2.fna.fbcdn.net/v/t39.35426-6/728212910_1736014490981382_6966846511497269665_n.jpg?_nc_cat=102&ccb=1-7&_nc_sid=c53f8f&_nc_ohc=sZzS-OjYdFAQ7kNvwFDVn24&_nc_oc=AdqCsG4eibpskxAPlhkUz6SrstjyYd_WPQ9flxulm7YFRlPhIg1yF0GUo5oknG2E2Gel10bzjD_wWu_-VnK9GzeG&_nc_zt=14&_nc_ht=scontent.fblr20-2.fna&_nc_gid=RSmH0pbzujwWJww2Sjo_Dg&_nc_ss=7f289&oh=00_Af8DC8I-GKwE5LfcyXGM9KupbP6H1vd0E4oI2QLe72Mltg&oe=6A462A57,2026-07-02T12:19:31.000Z,2026-06-28
123,117,SpeakX,540653459131632,SpeakX - Learn to Speak English,,IN,2085674658961809,https://www.facebook.com/ads/library/?id=2085674658961809,2026-06-24,,false,false,1,0,,2026-06-24,,English speaking made easy with SpeakX App,Spoken English course,Install now,http://play.google.com/store/apps/details?id=yellowclass.kids.live,"Facebook,Instagram,Audience Network,Messenger,Threads",English speaking made easy with SpeakX App,Spoken English course,Install now,http://play.google.com/store/apps/details?id=yellowclass.kids.live,Video,"Facebook,Instagram,Audience Network,Messenger,Threads",1,0,9:16,https://video.fblr20-4.fna.fbcdn.net/o1/v/t2/f2/m366/AQP3gWQ3shxRdF64OekaI4PtF52N-D56J3gyq_VjrRNpaJIb55O2OVDvZhhLYuKBmC9jYo3ssvGOspxrYyiNP0CeUgXFsQ8o-x0ZwhQWo18X4g.mp4?_nc_cat=106&_nc_oc=Adr7f_tvo4dQEz2GYqeF9BIR_l0dy9fGSVHWBIThrr5eWrNPWj7bSCuCiytRzNgxqsT_jYZD9Wt6q1Hifyo-awhP&_nc_sid=b66105&_nc_ht=video.fblr20-4.fna.fbcdn.net&_nc_ohc=meYmbPKiPbMQ7kNvwHrzEPe&efg=eyJ2ZW5jb2RlX3RhZyI6Inhwdl9wcm9ncmVzc2l2ZS5WSV9VU0VDQVNFX1BST0RVQ1RfVFlQRS4uQzMuNzIwLmRhc2hfaDI2NC1iYXNpYy1nZW4yXzcyMHAiLCJ4cHZfYXNzZXRfaWQiOjEzNzMzMjQ2NzEzNTg0MDEsImFzc2V0X2FnZV9kYXlzIjoyLCJ2aV91c2VjYXNlX2lkIjoxMDEzOSwiZHVyYXRpb25fcyI6NjMsInVybGdlbl9zb3VyY2UiOiJ3d3cifQ%3D%3D&ccb=17-1&vs=7f271516b460e37d&_nc_vs=HBksFQIYRWZiX2VwaGVtZXJhbC9EMTQxMkY0MEFBQ0RGNjI4NDI1QTNDMDVENEZERTZBOV9tdF8xX3ZpZGVvX2Rhc2hpbml0Lm1wNBUAAsgBEgAVAhhAZmJfcGVybWFuZW50L0Q3NDYwRTNFRjNBMjVCMjE3REVCNjQyRDFDMzNERkIzX2F1ZGlvX2Rhc2hpbml0Lm1wNBUCAsgBEgAoABgAGwKIB3VzZV9vaWwBMRJwcm9ncmVzc2l2ZV9yZWNpcGUBMRUAACaC15STgsLwBBUCKAJDMywXQE-zMzMzMzMYGWRhc2hfaDI2NC1iYXNpYy1nZW4yXzcyMHARAHUAZbaeAQA&_nc_gid=RSmH0pbzujwWJww2Sjo_Dg&_nc_ss=7f289&_nc_zt=28&oh=00_Af86yp3R5_Hosn5_dD_Sbs_GO0KHMkFm7KprP6Alun265w&oe=6A464F2E,https://scontent.fblr20-4.fna.fbcdn.net/v/t39.35426-6/730397886_2422793224861713_2857398225024039272_n.jpg?_nc_cat=103&ccb=1-7&_nc_sid=c53f8f&_nc_ohc=Ac16rawPvm8Q7kNvwEUUak_&_nc_oc=AdoFkOfp9_TA4qKscl7vfzplMnCFjMs4T306EGVAGCPS6lWOEEBYnX7xJkk6RrFTCCbAHo9l1SkSFq2SAKbAODXx&_nc_zt=14&_nc_ht=scontent.fblr20-4.fna&_nc_gid=RSmH0pbzujwWJww2Sjo_Dg&_nc_ss=7f289&oh=00_Af-Y6fhNNZh2S5kwuSP0gS8cf-Zaj0fHadCT0ZbMMu31QQ&oe=6A4640AA,2026-07-02T11:44:46.000Z,2026-06-28
124,118,SpeakX,540653459131632,SpeakX - Learn to Speak English,,IN,1030440172717015,https://www.facebook.com/ads/library/?id=1030440172717015,2026-06-01,,false,false,1,0,,2026-06-01,,ಮೂಲದಿಂದ spoken English ಕಲಿಯಿ. ದಿನಸಿ ಅಭ್ಯಾಸಕ್ಕೆ AI ಸಹಾಯ. ಕನ್ನಡಿಗರಿಗೆ ಸೂಕ್ತ.,ಇಂಗ್ಲಿಷ್ ಮಾತನಾಡಲು ಕಲಿಯಿ,Install now,http://play.google.com/store/apps/details?id=yellowclass.kids.live,"Facebook,Instagram,Messenger,Threads",ಮೂಲದಿಂದ spoken English ಕಲಿಯಿ. ದಿನಸಿ ಅಭ್ಯಾಸಕ್ಕೆ AI ಸಹಾಯ. ಕನ್ನಡಿಗರಿಗೆ ಸೂಕ್ತ.,ಇಂಗ್ಲಿಷ್ ಮಾತನಾಡಲು ಕಲಿಯಿ,Install now,http://play.google.com/store/apps/details?id=yellowclass.kids.live,Video,"Facebook,Instagram,Messenger,Threads",1,0,1:1,https://video.fblr20-5.fna.fbcdn.net/o1/v/t2/f2/m366/AQNGXTh1kXFJl5TwBL7adZRwCqc1fYHdOVNckcbDmYy2womQEd2ubeKgd1RcsHtL-D6H7ykmLt-yW4dueQ7Qwf6NtXs3M0V5-QxKWEj-ue_a_w.mp4?_nc_cat=107&_nc_oc=AdrqOoo2cLVdtCFO7rIx7TYNDNL-WZvpFXSyhWTeqrIhWTM4Jah_frHBRVBloEfZVCI3Wmp2LJBpasbl9yAU9a6J&_nc_sid=b66105&_nc_ht=video.fblr20-5.fna.fbcdn.net&_nc_ohc=T3E5kuXbOmoQ7kNvwGjcVna&efg=eyJ2ZW5jb2RlX3RhZyI6Inhwdl9wcm9ncmVzc2l2ZS5WSV9VU0VDQVNFX1BST0RVQ1RfVFlQRS4uQzMuNzIwLmRhc2hfaDI2NC1iYXNpYy1nZW4yXzcyMHAiLCJ4cHZfYXNzZXRfaWQiOjEyOTkxNDUwNDkwMzU3NzksImFzc2V0X2FnZV9kYXlzIjozNiwidmlfdXNlY2FzZV9pZCI6MTAxMzksImR1cmF0aW9uX3MiOjUyLCJ1cmxnZW5fc291cmNlIjoid3d3In0%3D&ccb=17-1&vs=d2cdbfe4840e19f7&_nc_vs=HBksFQIYRWZiX2VwaGVtZXJhbC82QzQxOTdFNkU4RkNBMDM3RDNCRThEMUY5N0Y0NTVBQV9tdF8xX3ZpZGVvX2Rhc2hpbml0Lm1wNBUAAsgBEgAVAhhAZmJfcGVybWFuZW50LzNBNEZFNkU4MDg1RDk2MkM4NUZBQzczNTk3Qjc4OTk1X2F1ZGlvX2Rhc2hpbml0Lm1wNBUCAsgBEgAoABgAGwKIB3VzZV9vaWwBMRJwcm9ncmVzc2l2ZV9yZWNpcGUBMRUAACaG0MbymOTOBBUCKAJDMywXQEpVP3ztkWgYGWRhc2hfaDI2NC1iYXNpYy1nZW4yXzcyMHARAHUAZbaeAQA&_nc_gid=RSmH0pbzujwWJww2Sjo_Dg&_nc_ss=7f289&_nc_zt=28&oh=00_Af_MSUTQrWgNkhHFXMUa4yOgoPx3oAZUtm6tKME2HsEQlg&oe=6A4656A5,https://scontent.fblr20-4.fna.fbcdn.net/v/t39.35426-6/703752557_1871188483556599_4440691554722375720_n.jpg?_nc_cat=101&ccb=1-7&_nc_sid=c53f8f&_nc_ohc=OMriYGOyb_QQ7kNvwEpFhcy&_nc_oc=Adr-z7DO5CvF99IFOBxzfXSNpZH8as2XuebkSTH_0bB2xpIYY2K7ZZFNZeIue_KubDhn4p0cPLvHPDv1MwF84xnI&_nc_zt=14&_nc_ht=scontent.fblr20-4.fna&_nc_gid=RSmH0pbzujwWJww2Sjo_Dg&_nc_ss=7f289&oh=00_Af9JQ3GoCqfpHFlQdKEHybr8IMYtK7woblWVM4c47CyPlw&oe=6A464669,2026-07-02T12:16:37.000Z,2026-06-28
125,119,SpeakX,540653459131632,SpeakX - Learn to Speak English,,IN,2852148961823035,https://www.facebook.com/ads/library/?id=2852148961823035,2026-06-01,,false,false,1,0,,2026-06-01,,English speaking made easy with SpeakX App,Spoken English course,Install now,http://play.google.com/store/apps/details?id=yellowclass.kids.live,"Facebook,Instagram,Messenger,Threads",English speaking made easy with SpeakX App,Spoken English course,Install now,http://play.google.com/store/apps/details?id=yellowclass.kids.live,Video,"Facebook,Instagram,Messenger,Threads",1,0,1:1,https://video.fblr20-3.fna.fbcdn.net/o1/v/t2/f2/m366/AQM7zfah5h9-tW52WvZN1mseHFn1FBuEMZHEvFRku-Sx-pDYgPhFn2PcSzKcV4GAV6gxIWSHVkBKi62NICBY_ALY_hU-3MmgIbdRVex_tThzZQ.mp4?_nc_cat=105&_nc_oc=AdovkK0GkpQhRHJiEkNvncM2RUfNpLQYR81mIvXBgERC38Z20ssxhluEIafZFzaRfVTiWwqa1fOhQk05D0eOzASX&_nc_sid=b66105&_nc_ht=video.fblr20-3.fna.fbcdn.net&_nc_ohc=GfB5-hyuOLUQ7kNvwHjkomd&efg=eyJ2ZW5jb2RlX3RhZyI6Inhwdl9wcm9ncmVzc2l2ZS5WSV9VU0VDQVNFX1BST0RVQ1RfVFlQRS4uQzMuNzIwLmRhc2hfaDI2NC1iYXNpYy1nZW4yXzcyMHAiLCJ4cHZfYXNzZXRfaWQiOjE3MjI0NDY4MDIyNDcxMzYsImFzc2V0X2FnZV9kYXlzIjo1MSwidmlfdXNlY2FzZV9pZCI6MTA3OTksImR1cmF0aW9uX3MiOjY0LCJ1cmxnZW5fc291cmNlIjoid3d3In0%3D&ccb=17-1&vs=86b909550eb53a19&_nc_vs=HBksFQIYRWZiX2VwaGVtZXJhbC8zRTQ4MzhBOEY4NkM5NzZDRTM4QjA5MkQwNkMyRDM4RV9tdF8xX3ZpZGVvX2Rhc2hpbml0Lm1wNBUAAsgBEgAVAhhAZmJfcGVybWFuZW50LzY4NERFQzg0NjgxMUZEMTlGN0RCOUVGQkM4OTlGQjlBX2F1ZGlvX2Rhc2hpbml0Lm1wNBUCAsgBEgAoABgAGwKIB3VzZV9vaWwBMRJwcm9ncmVzc2l2ZV9yZWNpcGUBMRUAACbA99bczKOPBhUCKAJDMywXQFAKn752yLQYGWRhc2hfaDI2NC1iYXNpYy1nZW4yXzcyMHARAHUAZd6oAQA&_nc_gid=RSmH0pbzujwWJww2Sjo_Dg&_nc_ss=7f289&_nc_zt=28&oh=00_Af_RsSXkb5QZE5DkjDX4BY1WcdbBzZT5cMJWdLI_9X8p-w&oe=6A46399F,https://scontent.fblr20-1.fna.fbcdn.net/v/t39.35426-6/690640287_943067638729498_2371594489184745405_n.jpg?_nc_cat=108&ccb=1-7&_nc_sid=c53f8f&_nc_ohc=95PfWPJ7fuUQ7kNvwHSrR39&_nc_oc=Adr9-6glNirNG4Kr90QvgNlW6GikG6ayxNwSb35r0f56tWqofCOAWLUAOZxlM2aqmrwI57ibFhBVQT9s2scYo2lY&_nc_zt=14&_nc_ht=scontent.fblr20-1.fna&_nc_gid=RSmH0pbzujwWJww2Sjo_Dg&_nc_ss=7f289&oh=00_Af8EFeyptums24f5w1kIUFuwhrKHM_hExwX9dpByKHw5AA&oe=6A46264F,2026-07-02T10:12:47.000Z,2026-06-28
126,120,SpeakX,540653459131632,SpeakX - Learn to Speak English,,IN,36389016304045469,https://www.facebook.com/ads/library/?id=36389016304045469,2026-06-03,,false,false,1,0,,2026-06-03,,English speaking made easy with SpeakX App,Spoken English course,Install now,http://play.google.com/store/apps/details?id=yellowclass.kids.live,"Facebook,Instagram,Messenger,Threads",English speaking made easy with SpeakX App,Spoken English course,Install now,http://play.google.com/store/apps/details?id=yellowclass.kids.live,Video,"Facebook,Instagram,Messenger,Threads",1,0,1:1,https://video.fblr20-2.fna.fbcdn.net/o1/v/t2/f2/m366/AQNj8CHXSZj3thz8UNM4i-Ct38OgsJerVzyRwGWWPzaDRAJvTX7Z-zyziDWY0KmtJ21_ne4BudXre-VWKC3EXmUjnhJUO7oPDP8D7QmMKl1fUg.mp4?_nc_cat=104&_nc_oc=AdqkMk2pl6xzO1NzUCrmITaRdAiu5zC7CoVcR9Z-E08n7Bgd0ykQhFA3BMNGQFfENzzzfQ4vJk0hR9VqOvJFFAaV&_nc_sid=b66105&_nc_ht=video.fblr20-2.fna.fbcdn.net&_nc_ohc=QKOia0RkD4wQ7kNvwFz_yo0&efg=eyJ2ZW5jb2RlX3RhZyI6Inhwdl9wcm9ncmVzc2l2ZS5WSV9VU0VDQVNFX1BST0RVQ1RfVFlQRS4uQzMuNzIwLmRhc2hfaDI2NC1iYXNpYy1nZW4yXzcyMHAiLCJ4cHZfYXNzZXRfaWQiOjI4NTkyMDMyNjc3NzUzNTYsImFzc2V0X2FnZV9kYXlzIjo1MSwidmlfdXNlY2FzZV9pZCI6MTA3OTksImR1cmF0aW9uX3MiOjQ3LCJ1cmxnZW5fc291cmNlIjoid3d3In0%3D&ccb=17-1&vs=7e3c64d86c4ab1d1&_nc_vs=HBksFQIYRWZiX2VwaGVtZXJhbC9DOTQxQkYxMEFCQUJDOUY3N0YzNUREMDM4M0NBNDM4Ql9tdF8xX3ZpZGVvX2Rhc2hpbml0Lm1wNBUAAsgBEgAVAhhAZmJfcGVybWFuZW50LzQ0NEU4MDVGOTk2NzM5NDIxQzQ5QTU2NUQ2ODkyNTg5X2F1ZGlvX2Rhc2hpbml0Lm1wNBUCAsgBEgAoABgAGwKIB3VzZV9vaWwBMRJwcm9ncmVzc2l2ZV9yZWNpcGUBMRUAACb4re6xxJuUChUCKAJDMywXQEfqn752yLQYGWRhc2hfaDI2NC1iYXNpYy1nZW4yXzcyMHARAHUAZd6oAQA&_nc_gid=RSmH0pbzujwWJww2Sjo_Dg&_nc_ss=7f289&_nc_zt=28&oh=00_Af-mPBY6-QVHWh3101AHnW-H8EWA596OmIhNp6MudFRe8A&oe=6A462EC4,https://scontent.fblr20-4.fna.fbcdn.net/v/t39.35426-6/687505942_1681665173180481_7616710615132608173_n.jpg?_nc_cat=103&ccb=1-7&_nc_sid=c53f8f&_nc_ohc=iW9VLxyxNlIQ7kNvwH_Hsqu&_nc_oc=AdqmlIXyOCenEFiwEcK_qxdDTMzcN2CHtn1S_tivkmGT0JMHtfulXvrEMgYInPZuiV859IxsbfroMy04wzplAXUY&_nc_zt=14&_nc_ht=scontent.fblr20-4.fna&_nc_gid=RSmH0pbzujwWJww2Sjo_Dg&_nc_ss=7f289&oh=00_Af9JGCDlfPbiop6VcTjgTmTr351_DI9LPQjLLL1ddXleaA&oe=6A46590B,2026-07-02T09:26:28.000Z,2026-06-28
127,121,SpeakX,540653459131632,SpeakX - Learn to Speak English,,IN,2380382949113659,https://www.facebook.com/ads/library/?id=2380382949113659,2026-06-03,,false,false,1,0,,2026-06-03,,"10 லட்சம்+ கற்றவர்களுடன் சேர்ந்து, உங்கள் AI ஆசிரியருடன் தாராளமாக ஆங்கிலம் பேசுங்கள்",ஆங்கிலம் கற்றுக்கொண்டு தாராளமாக பேசுங்கள்,Install now,http://play.google.com/store/apps/details?id=yellowclass.kids.live,"Facebook,Instagram,Audience Network,Messenger,Threads","10 லட்சம்+ கற்றவர்களுடன் சேர்ந்து, உங்கள் AI ஆசிரியருடன் தாராளமாக ஆங்கிலம் பேசுங்கள்",ஆங்கிலம் கற்றுக்கொண்டு தாராளமாக பேசுங்கள்,Install now,http://play.google.com/store/apps/details?id=yellowclass.kids.live,Video,"Facebook,Instagram,Audience Network,Messenger,Threads",1,0,1:1,https://video.fblr20-2.fna.fbcdn.net/o1/v/t2/f2/m366/AQOKHSEn7bYz6i9DgXvAid06ftbWXWxpJy9_f6YXQ5HFbiuvbvsrJ3PxbNld_KdoDfLMAcb9NQrPtrdDys70xYuEUm65SQKGMB5NR_tLny19HQ.mp4?_nc_cat=111&_nc_oc=AdqOBYVH1oB6GFnGRCpbfnvi8OQ8e2DEVai652xauFViio9niSrt3o5l3-Tcwhqsvvp6hXwj3UFAkGbGZsOfpnH9&_nc_sid=b66105&_nc_ht=video.fblr20-2.fna.fbcdn.net&_nc_ohc=-3BGNaNsDXEQ7kNvwHIpcvx&efg=eyJ2ZW5jb2RlX3RhZyI6Inhwdl9wcm9ncmVzc2l2ZS5WSV9VU0VDQVNFX1BST0RVQ1RfVFlQRS4uQzMuNzIwLmRhc2hfaDI2NC1iYXNpYy1nZW4yXzcyMHAiLCJ4cHZfYXNzZXRfaWQiOjE3MDk1NDg1MDY4NjczOTEsImFzc2V0X2FnZV9kYXlzIjoyOCwidmlfdXNlY2FzZV9pZCI6MTAxMzksImR1cmF0aW9uX3MiOjQzLCJ1cmxnZW5fc291cmNlIjoid3d3In0%3D&ccb=17-1&vs=fcb5033daa31089a&_nc_vs=HBksFQIYRWZiX2VwaGVtZXJhbC84NzQ0RENBODBBQ0MwQjE0M0Y4OUYxMDY4Qjc3NjhBQV9tdF8xX3ZpZGVvX2Rhc2hpbml0Lm1wNBUAAsgBEgAVAhhAZmJfcGVybWFuZW50LzJGNDRCNkZEQ0NFQjA2QjhFMDE0RjA1NjRDQjZDQUFEX2F1ZGlvX2Rhc2hpbml0Lm1wNBUCAsgBEgAoABgAGwKIB3VzZV9vaWwBMRJwcm9ncmVzc2l2ZV9yZWNpcGUBMRUAACb-mtP36LSJBhUCKAJDMywXQEWAAAAAAAAYGWRhc2hfaDI2NC1iYXNpYy1nZW4yXzcyMHARAHUAZbaeAQA&_nc_gid=RvtBVmORJd_ltnLYTKFGfg&_nc_ss=7f289&_nc_zt=28&oh=00_Af8yIBs5-0aMqYO_Jjeo-VM3LAMHEzM6eOLa7_cPPsU0ag&oe=6A465981,https://scontent.fblr20-2.fna.fbcdn.net/v/t39.35426-6/711475335_1488012269729911_6012789707464795052_n.jpg?_nc_cat=104&ccb=1-7&_nc_sid=c53f8f&_nc_ohc=V_77fXMfgPYQ7kNvwFxmCwZ&_nc_oc=Adr7ohv2JwOua12pSwzEo2x7aMnTZ-skxvbXdbH7OV3wKV8cP1XC4eCu8sCG-Zlxt-qUVTjmIVpd6nsJOhjkY7Oi&_nc_zt=14&_nc_ht=scontent.fblr20-2.fna&_nc_gid=RvtBVmORJd_ltnLYTKFGfg&_nc_ss=7f289&oh=00_Af8-j9LXDJ2ArAqOs-T664LHHyoqpS9xuLqHCQ4aVaXEXg&oe=6A463975,2026-07-02T12:28:49.000Z,2026-06-28
128,122,SpeakX,540653459131632,SpeakX - Learn to Speak English,,IN,1502176517809162,https://www.facebook.com/ads/library/?id=1502176517809162,2026-06-24,,false,false,1,0,,2026-06-24,,"10 லட்சம்+ கற்றவர்களுடன் சேர்ந்து, உங்கள் AI ஆசிரியருடன் தாராளமாக ஆங்கிலம் பேசுங்கள்",ஆங்கிலம் கற்றுக்கொண்டு தாராளமாக பேசுங்கள்,Install now,http://play.google.com/store/apps/details?id=yellowclass.kids.live,"Facebook,Instagram,Audience Network,Messenger,Threads","10 லட்சம்+ கற்றவர்களுடன் சேர்ந்து, உங்கள் AI ஆசிரியருடன் தாராளமாக ஆங்கிலம் பேசுங்கள்",ஆங்கிலம் கற்றுக்கொண்டு தாராளமாக பேசுங்கள்,Install now,http://play.google.com/store/apps/details?id=yellowclass.kids.live,Video,"Facebook,Instagram,Audience Network,Messenger,Threads",1,0,1:1,https://video.fblr20-4.fna.fbcdn.net/o1/v/t2/f2/m366/AQPFnwg4ZMevEDtcf6sYaDF2rLW0jZaITierfRu2NZdUtSEGq-1XXxw3KG2LDdOF0wsLpoJIFTfk3ChfZTP1c5cqTbPP8ChdIwB6xsL5zyFNTw.mp4?_nc_cat=103&_nc_oc=AdrIF6MOShRGwKLYj30BcLkG8SgCjqd6al8L4rhhQxsR-YJnR3aUF9GryVbV6qbw_yilq-WM_MYgbwMyRtPc5cV7&_nc_sid=b66105&_nc_ht=video.fblr20-4.fna.fbcdn.net&_nc_ohc=b5he1glYbioQ7kNvwF6RH1r&efg=eyJ2ZW5jb2RlX3RhZyI6Inhwdl9wcm9ncmVzc2l2ZS5WSV9VU0VDQVNFX1BST0RVQ1RfVFlQRS4uQzMuNzIwLmRhc2hfaDI2NC1iYXNpYy1nZW4yXzcyMHAiLCJ4cHZfYXNzZXRfaWQiOjg3NTc1OTE3MjI2OTczNywiYXNzZXRfYWdlX2RheXMiOjIsInZpX3VzZWNhc2VfaWQiOjEwMTM5LCJkdXJhdGlvbl9zIjo2OCwidXJsZ2VuX3NvdXJjZSI6Ind3dyJ9&ccb=17-1&vs=7c4ba0c110e16986&_nc_vs=HBksFQIYRWZiX2VwaGVtZXJhbC8wMTQyREFGQ0Y1NUFBNDEzMzZDMzE1RDYyREM1Mjc5M19tdF8xX3ZpZGVvX2Rhc2hpbml0Lm1wNBUAAsgBEgAVAhhAZmJfcGVybWFuZW50LzNFNDU1MjExM0U0N0VGN0VCNERFOUYzOEUwNUUxQ0I0X2F1ZGlvX2Rhc2hpbml0Lm1wNBUCAsgBEgAoABgAGwKIB3VzZV9vaWwBMRJwcm9ncmVzc2l2ZV9yZWNpcGUBMRUAACbS2vml8p-OAxUCKAJDMywXQFEZmZmZmZoYGWRhc2hfaDI2NC1iYXNpYy1nZW4yXzcyMHARAHUAZbaeAQA&_nc_gid=RvtBVmORJd_ltnLYTKFGfg&_nc_ss=7f289&_nc_zt=28&oh=00_Af-7LYa00iGKzHTotR2YynM_g0UxbaKq4z0fV5l963z4bw&oe=6A464D8D,https://scontent.fblr20-1.fna.fbcdn.net/v/t39.35426-6/729988522_1722952492175659_4831198976229463769_n.jpg?_nc_cat=108&ccb=1-7&_nc_sid=c53f8f&_nc_ohc=0dPQQLGXWboQ7kNvwFHGgnc&_nc_oc=Adod7UYJggc5V1zlkEofGq8pVFYMYNoNl4N8l4upv-TBgsOvFqOTBcxilCInnYGXLicx4hByIYFrb6HfHXFecHbO&_nc_zt=14&_nc_ht=scontent.fblr20-1.fna&_nc_gid=RvtBVmORJd_ltnLYTKFGfg&_nc_ss=7f289&oh=00_Af_K6ppLftHCx9U6vG_ow0zUs-3-tTui4pwQUu_UFJdDvA&oe=6A4651FC,2026-07-02T11:37:49.000Z,2026-06-28
129,123,SpeakX,540653459131632,SpeakX - Learn to Speak English,,IN,3239172676273214,https://www.facebook.com/ads/library/?id=3239172676273214,2026-06-24,,false,false,1,0,,2026-06-24,,"10 லட்சம்+ கற்றவர்களுடன் சேர்ந்து, உங்கள் AI ஆசிரியருடன் தாராளமாக ஆங்கிலம் பேசுங்கள்",ஆங்கிலம் கற்றுக்கொண்டு தாராளமாக பேசுங்கள்,Install now,http://play.google.com/store/apps/details?id=yellowclass.kids.live,"Facebook,Instagram,Audience Network,Messenger,Threads","10 லட்சம்+ கற்றவர்களுடன் சேர்ந்து, உங்கள் AI ஆசிரியருடன் தாராளமாக ஆங்கிலம் பேசுங்கள்",ஆங்கிலம் கற்றுக்கொண்டு தாராளமாக பேசுங்கள்,Install now,http://play.google.com/store/apps/details?id=yellowclass.kids.live,Video,"Facebook,Instagram,Audience Network,Messenger,Threads",1,0,1:1,https://video.fblr20-2.fna.fbcdn.net/o1/v/t2/f2/m366/AQMFfk_AGPEE9F1KshcpUnj9G3a9_zE8fRn2U8FrcHlyqCV4Hk3BXLzvC8u70oH-MNEmAKMv_muvPU2qL2LoEixcH-I2jXq7lRrrxuVqgJ1H1g.mp4?_nc_cat=104&_nc_oc=Adp6eJ2RHipnsJvE7OhPyR4R6q33wcY18L87CqQHdx2a2PNB3B-dxzBo2H-wAqT8cp2cEXoWGF20aleWmVQaNNqb&_nc_sid=b66105&_nc_ht=video.fblr20-2.fna.fbcdn.net&_nc_ohc=u3xuUMYCVT4Q7kNvwEnZ4W4&efg=eyJ2ZW5jb2RlX3RhZyI6Inhwdl9wcm9ncmVzc2l2ZS5WSV9VU0VDQVNFX1BST0RVQ1RfVFlQRS4uQzMuNzIwLmRhc2hfaDI2NC1iYXNpYy1nZW4yXzcyMHAiLCJ4cHZfYXNzZXRfaWQiOjI3NDc5MjgwNzA1MDIxODQyLCJhc3NldF9hZ2VfZGF5cyI6MiwidmlfdXNlY2FzZV9pZCI6MTAxMzksImR1cmF0aW9uX3MiOjY2LCJ1cmxnZW5fc291cmNlIjoid3d3In0%3D&ccb=17-1&vs=788521a58457ad93&_nc_vs=HBksFQIYRWZiX2VwaGVtZXJhbC8yRjRGNEUxMDhCRERBQjhBRURDQUQ3OEUzQzZCMjk4Nl9tdF8xX3ZpZGVvX2Rhc2hpbml0Lm1wNBUAAsgBEgAVAhhAZmJfcGVybWFuZW50Lzk4NDhDNkI1NTc5RDQzOEU0RjVFRDQ2OTE3QUExNEE2X2F1ZGlvX2Rhc2hpbml0Lm1wNBUCAsgBEgAoABgAGwKIB3VzZV9vaWwBMRJwcm9ncmVzc2l2ZV9yZWNpcGUBMRUAACakntnR05DQYRUCKAJDMywXQFChR64UeuEYGWRhc2hfaDI2NC1iYXNpYy1nZW4yXzcyMHARAHUAZbaeAQA&_nc_gid=RvtBVmORJd_ltnLYTKFGfg&_nc_ss=7f289&_nc_zt=28&oh=00_Af9_Bc1lRE0DLSS1rwbLFU4HtjT3lNdCcNxhLUAa4svhPw&oe=6A4634F4,https://scontent.fblr20-2.fna.fbcdn.net/v/t39.35426-6/729920145_987138834321483_5803730465364733039_n.jpg?_nc_cat=111&ccb=1-7&_nc_sid=c53f8f&_nc_ohc=ILReYLVyIZcQ7kNvwFcpQpB&_nc_oc=Adp-8bqeN2qZkasVm3bob2IMkKiEsGQT4SiJLPaMlWmgQgVkM6De7crj8mONyXVnJ6UB_5vYHPEb5KC24GtXqWlW&_nc_zt=14&_nc_ht=scontent.fblr20-2.fna&_nc_gid=RvtBVmORJd_ltnLYTKFGfg&_nc_ss=7f289&oh=00_Af-Vt5IFD45b3rg7GLsuyQGizOa_-KKC0-TQ87m2PBt-gg&oe=6A464922,2026-07-02T09:52:52.000Z,2026-06-28
130,124,SpeakX,540653459131632,SpeakX - Learn to Speak English,,IN,4358734457789065,https://www.facebook.com/ads/library/?id=4358734457789065,2026-06-21,,false,false,1,0,,2026-06-21,,"10 லட்சம்+ கற்றவர்களுடன் சேர்ந்து, உங்கள் AI ஆசிரியருடன் தாராளமாக ஆங்கிலம் பேசுங்கள்",ஆங்கிலம் கற்றுக்கொண்டு தாராளமாக பேசுங்கள்,Install now,http://play.google.com/store/apps/details?id=yellowclass.kids.live,"Facebook,Instagram,Audience Network,Messenger,Threads","10 லட்சம்+ கற்றவர்களுடன் சேர்ந்து, உங்கள் AI ஆசிரியருடன் தாராளமாக ஆங்கிலம் பேசுங்கள்",ஆங்கிலம் கற்றுக்கொண்டு தாராளமாக பேசுங்கள்,Install now,http://play.google.com/store/apps/details?id=yellowclass.kids.live,Video,"Facebook,Instagram,Audience Network,Messenger,Threads",1,0,9:16,https://video.fblr20-2.fna.fbcdn.net/o1/v/t2/f2/m366/AQMwZ8P5GKMLYLkrFEtxaABu4I4C_4ue74l7_IRc_uH3xJnNnL1tiwDM--nIdkI_S3L366FSgiabroUAk6aT22YEdS6GCcWtnl9mY7kdRhwuQw.mp4?_nc_cat=111&_nc_oc=AdoNSWtEMEPJOpashDJqcUwjCgGx32OvkEWPteWe61bpEd6i0SW1F08culxzWxkUU1qiBA8i5dMHARvy8x0OZJGZ&_nc_sid=b66105&_nc_ht=video.fblr20-2.fna.fbcdn.net&_nc_ohc=U3UG9cf3C7EQ7kNvwGZa-Ss&efg=eyJ2ZW5jb2RlX3RhZyI6Inhwdl9wcm9ncmVzc2l2ZS5WSV9VU0VDQVNFX1BST0RVQ1RfVFlQRS4uQzMuNzIwLmRhc2hfaDI2NC1iYXNpYy1nZW4yXzcyMHAiLCJ4cHZfYXNzZXRfaWQiOjEzNTIxMTg5ODY4NjA5MjgsImFzc2V0X2FnZV9kYXlzIjo1LCJ2aV91c2VjYXNlX2lkIjoxMDc5OSwiZHVyYXRpb25fcyI6NjEsInVybGdlbl9zb3VyY2UiOiJ3d3cifQ%3D%3D&ccb=17-1&vs=a9812897dbffe89a&_nc_vs=HBksFQIYRWZiX2VwaGVtZXJhbC9CNDRDRkY3OTlFNUExOUYxMzYzRDRERUVGMjdCNENCQl9tdF8xX3ZpZGVvX2Rhc2hpbml0Lm1wNBUAAsgBEgAVAhhAZmJfcGVybWFuZW50LzI5NDJGNjRDNkFGNDAwODlGRTMzQzhENzBFNDU2QTlDX2F1ZGlvX2Rhc2hpbml0Lm1wNBUCAsgBEgAoABgAGwKIB3VzZV9vaWwBMRJwcm9ncmVzc2l2ZV9yZWNpcGUBMRUAACaApr--1-_mBBUCKAJDMywXQE6FHrhR64UYGWRhc2hfaDI2NC1iYXNpYy1nZW4yXzcyMHARAHUAZd6oAQA&_nc_gid=RvtBVmORJd_ltnLYTKFGfg&_nc_ss=7f289&_nc_zt=28&oh=00_Af_sLJLM-zXpgrgYwXQlmyTr9nxS4PDwRHNwaZYRIJ-q8w&oe=6A463A49,https://scontent.fblr20-1.fna.fbcdn.net/v/t39.35426-6/729705845_1030692616133797_4126813810196996399_n.jpg?_nc_cat=108&ccb=1-7&_nc_sid=c53f8f&_nc_ohc=N5Cym4TVTisQ7kNvwFnKCMO&_nc_oc=Adq8wh0K-ihGZfNGc10yUZJGwhY9sT9yXoY9Psg5FCqK7Ug9eTrZELyCWe1RCham08gk4w_TEflW8hnBNMtWSt4m&_nc_zt=14&_nc_ht=scontent.fblr20-1.fna&_nc_gid=RvtBVmORJd_ltnLYTKFGfg&_nc_ss=7f289&oh=00_Af-X-0-MgQq-V1rKt35MhKJy0IuDWpCACb2F-CiCGpWfkw&oe=6A46340B,2026-07-02T10:15:37.000Z,2026-06-28
131,125,SpeakX,540653459131632,SpeakX - Learn to Speak English,,IN,4304356203209733,https://www.facebook.com/ads/library/?id=4304356203209733,2026-06-01,,false,false,1,0,,2026-06-01,,SpeakX ആപ്പിൽ ആത്മവിശ്വാസത്തോടെ ഇംഗ്ലീഷ് സംസാരിക്കുക. വ്യക്തിഗത AI അധ്യാപകൻ ലഭിക്കും.,സുഗമമായി ഇംഗ്ലീഷ് സംസാരിക്കുക,Install now,http://play.google.com/store/apps/details?id=yellowclass.kids.live,"Facebook,Instagram,Audience Network,Messenger,Threads",SpeakX ആപ്പിൽ ആത്മവിശ്വാസത്തോടെ ഇംഗ്ലീഷ് സംസാരിക്കുക. വ്യക്തിഗത AI അധ്യാപകൻ ലഭിക്കും.,സുഗമമായി ഇംഗ്ലീഷ് സംസാരിക്കുക,Install now,http://play.google.com/store/apps/details?id=yellowclass.kids.live,Video,"Facebook,Instagram,Audience Network,Messenger,Threads",1,0,1:1,https://video.fblr20-3.fna.fbcdn.net/o1/v/t2/f2/m366/AQNRwZVCHbSCWU9XwinEuLYVTeMopSuEY2E9e0dehrL8e8-fByiY5YXLJ9j36lSQe_bWaXbsY740nTc9jndrhN2PypKTZOJWZhg2KQE-R3MblQ.mp4?_nc_cat=105&_nc_oc=Adqx2myrzu7l3qamuLOBxMTwWFeCFXdz0TQEValsanEdrev8qZ0CogdzolLRG2ZSa0a9MuLvQnT9sj9ida7LVVsi&_nc_sid=b66105&_nc_ht=video.fblr20-3.fna.fbcdn.net&_nc_ohc=Hz_tNpeEWnUQ7kNvwHdMl8O&efg=eyJ2ZW5jb2RlX3RhZyI6Inhwdl9wcm9ncmVzc2l2ZS5WSV9VU0VDQVNFX1BST0RVQ1RfVFlQRS4uQzMuNzIwLmRhc2hfaDI2NC1iYXNpYy1nZW4yXzcyMHAiLCJ4cHZfYXNzZXRfaWQiOjE1MTQ3MzYzMDAxNDQzODgsImFzc2V0X2FnZV9kYXlzIjoyOCwidmlfdXNlY2FzZV9pZCI6MTAxMzksImR1cmF0aW9uX3MiOjM4LCJ1cmxnZW5fc291cmNlIjoid3d3In0%3D&ccb=17-1&vs=27f43e4503261ce4&_nc_vs=HBksFQIYRWZiX2VwaGVtZXJhbC8zQjRFNjVBMDI3ODZGQzJBMjA5RUY4MkE1RjA2RTg5MF9tdF8xX3ZpZGVvX2Rhc2hpbml0Lm1wNBUAAsgBEgAVAhhAZmJfcGVybWFuZW50LzI2NDI4RTdGQ0ZBMjBBNTJEM0YwMDFEMkYwMTc4MUEwX2F1ZGlvX2Rhc2hpbml0Lm1wNBUCAsgBEgAoABgAGwKIB3VzZV9vaWwBMRJwcm9ncmVzc2l2ZV9yZWNpcGUBMRUAACaI3MnxoOmwBRUCKAJDMywXQENVP3ztkWgYGWRhc2hfaDI2NC1iYXNpYy1nZW4yXzcyMHARAHUAZbaeAQA&_nc_gid=RvtBVmORJd_ltnLYTKFGfg&_nc_ss=7f289&_nc_zt=28&oh=00_Af-WN8LzTlcC5KFOgweDMeunJk0iE_Vx-HiLzmVjL0_-ng&oe=6A4658F3,https://scontent.fblr20-3.fna.fbcdn.net/v/t39.35426-6/711618845_4157140174430870_2611877349708398472_n.jpg?_nc_cat=109&ccb=1-7&_nc_sid=c53f8f&_nc_ohc=f8_pwARZ_iIQ7kNvwGBAtzl&_nc_oc=AdoPVN2y0mBUqwBA7d0aB9RUpLg4cboUTKZ8D0cyY08h43He2NoTqvprd2blGsNHVeHEamlF8EuBUxf1wTzNOrse&_nc_zt=14&_nc_ht=scontent.fblr20-3.fna&_nc_gid=RvtBVmORJd_ltnLYTKFGfg&_nc_ss=7f289&oh=00_Af-4n7EMgmTK0tSqskqkeRKE82AKHef3MtbBfdIeXPsXhw&oe=6A46373F,2026-07-02T12:26:27.000Z,2026-06-28
132,126,SpeakX,540653459131632,SpeakX - Learn to Speak English,,IN,27010320702001931,https://www.facebook.com/ads/library/?id=27010320702001931,2026-06-24,,false,false,1,0,,2026-06-24,,SpeakX ആപ്പിൽ ആത്മവിശ്വാസത്തോടെ ഇംഗ്ലീഷ് സംസാരിക്കുക. വ്യക്തിഗത AI അധ്യാപകൻ ലഭിക്കും.,സുഗമമായി ഇംഗ്ലീഷ് സംസാരിക്കുക,Install now,http://play.google.com/store/apps/details?id=yellowclass.kids.live,"Facebook,Instagram,Audience Network,Messenger,Threads",SpeakX ആപ്പിൽ ആത്മവിശ്വാസത്തോടെ ഇംഗ്ലീഷ് സംസാരിക്കുക. വ്യക്തിഗത AI അധ്യാപകൻ ലഭിക്കും.,സുഗമമായി ഇംഗ്ലീഷ് സംസാരിക്കുക,Install now,http://play.google.com/store/apps/details?id=yellowclass.kids.live,Video,"Facebook,Instagram,Audience Network,Messenger,Threads",1,0,1:1,https://video.fblr20-5.fna.fbcdn.net/o1/v/t2/f2/m366/AQO6_ZazpRspnTdXJhHKx7UgCnOQelEfEotEkxWkXXXrXXjgZZH9JElQglKTrNjQzxkxMjPK1w-lipKcWOuPlcHCLr26EPaoAT5FKa8NOZSqfw.mp4?_nc_cat=107&_nc_oc=AdpfJNI2lUv06QRG5711pVY3QA93OEuk6XV94SEqpQqPhlMtBslB8CK_hqR8qmkZvqR8XQD_i_hH9pRgjZa6DttT&_nc_sid=b66105&_nc_ht=video.fblr20-5.fna.fbcdn.net&_nc_ohc=VRh1rF77HFoQ7kNvwHfhF0X&efg=eyJ2ZW5jb2RlX3RhZyI6Inhwdl9wcm9ncmVzc2l2ZS5WSV9VU0VDQVNFX1BST0RVQ1RfVFlQRS4uQzMuNzIwLmRhc2hfaDI2NC1iYXNpYy1nZW4yXzcyMHAiLCJ4cHZfYXNzZXRfaWQiOjEzNzA2NDgwMjE2MDU2NTUsImFzc2V0X2FnZV9kYXlzIjoyLCJ2aV91c2VjYXNlX2lkIjoxMDEzOSwiZHVyYXRpb25fcyI6NTksInVybGdlbl9zb3VyY2UiOiJ3d3cifQ%3D%3D&ccb=17-1&vs=27b27c4ae29d0a7&_nc_vs=HBksFQIYRWZiX2VwaGVtZXJhbC85QzQwOEJBQ0QzOTkwNTI0NzMwRjcyQjBGMjAxQTY4Ql9tdF8xX3ZpZGVvX2Rhc2hpbml0Lm1wNBUAAsgBEgAVAhhAZmJfcGVybWFuZW50L0IwNDVCREJBN0FGRTYwNjNGNUY4NjFFMUZCMEQ4M0IzX2F1ZGlvX2Rhc2hpbml0Lm1wNBUCAsgBEgAoABgAGwKIB3VzZV9vaWwBMRJwcm9ncmVzc2l2ZV9yZWNpcGUBMRUAACau9ITHm6bvBBUCKAJDMywXQE2u2RaHKwIYGWRhc2hfaDI2NC1iYXNpYy1nZW4yXzcyMHARAHUAZbaeAQA&_nc_gid=RvtBVmORJd_ltnLYTKFGfg&_nc_ss=7f289&_nc_zt=28&oh=00_Af9M80jOO_Q9AYjKX8buFXYqky9vr0UCCCZ8u4IbJBTygQ&oe=6A46519D,https://scontent.fblr20-3.fna.fbcdn.net/v/t39.35426-6/730373419_1348860140718425_8096076545097634307_n.jpg?_nc_cat=100&ccb=1-7&_nc_sid=c53f8f&_nc_ohc=-eVdmW-XyzgQ7kNvwHDQlk_&_nc_oc=AdotFZCd2e6J6ZQTDO5KddXuItjg3blcxi-NsKfIoo1FV1Nq-ReMerBn6EGsAGeNl0AgZa8ayB4RGSjP8gpPFQHV&_nc_zt=14&_nc_ht=scontent.fblr20-3.fna&_nc_gid=RvtBVmORJd_ltnLYTKFGfg&_nc_ss=7f289&oh=00_Af-frI2K0IkWoyAej7ejIEUU6WOw5m7ZfMQ0RKDJFlviOA&oe=6A465E6F,2026-07-02T11:55:09.000Z,2026-06-28
133,127,SpeakX,540653459131632,SpeakX - Learn to Speak English,,IN,2053832001834030,https://www.facebook.com/ads/library/?id=2053832001834030,2026-05-15,,false,false,1,0,,2026-05-15,,"यह सिर्फ इस माँ की कहानी नहीं है... 😅 हर उस घर की कहानी है जहाँ बच्चा माँ से बेहतर English बोलता है। 🏠

पर अब माँ की बारी है — सीखने की, आगे बढ़ने की। ✨

🌟 बिज़ी माँओं के लिए बेस्ट:
⏳ सिर्फ 15 मिनट: आपके रोज़ के शेड्यूल में आसानी से फिट होने वाले छोटे लेसन्स।
🤫 100% प्राइवेट: अकेले में बिना किसी झिझक या डर के इंग्लिश बोलने की प्रैक्टिस करें।
🏆 मेडल और रिवॉर्ड्स: पढ़ाई को बोरिंग नहीं, बल्कि गेम जैसा मज़ेदार बनाया गया है।

शुरू करें सिर्फ ₹2 में! नीचे दिए लिंक पर क्लिक करें।

SpeakX - ऑनलाइन इंग्लिश बोलना सीखें",SpeakX - ऑनलाइन इंग्लिश बोलना सीखें,Install now,http://play.google.com/store/apps/details?id=yellowclass.kids.live,"Facebook,Instagram","यह सिर्फ इस माँ की कहानी नहीं है... 😅 हर उस घर की कहानी है जहाँ बच्चा माँ से बेहतर English बोलता है। 🏠

पर अब माँ की बारी है — सीखने की, आगे बढ़ने की। ✨

🌟 बिज़ी माँओं के लिए बेस्ट:
⏳ सिर्फ 15 मिनट: आपके रोज़ के शेड्यूल में आसानी से फिट होने वाले छोटे लेसन्स।
🤫 100% प्राइवेट: अकेले में बिना किसी झिझक या डर के इंग्लिश बोलने की प्रैक्टिस करें।
🏆 मेडल और रिवॉर्ड्स: पढ़ाई को बोरिंग नहीं, बल्कि गेम जैसा मज़ेदार बनाया गया है।

शुरू करें सिर्फ ₹2 में! नीचे दिए लिंक पर क्लिक करें।

SpeakX - ऑनलाइन इंग्लिश बोलना सीखें",SpeakX - ऑनलाइन इंग्लिश बोलना सीखें,Install now,http://play.google.com/store/apps/details?id=yellowclass.kids.live,Video,"Facebook,Instagram",1,0,9:16,https://video.fblr20-2.fna.fbcdn.net/o1/v/t2/f2/m366/AQPr76hfg2WBt8KIHjAKE2XMMNK_XNn51YghRr0CyeV0JmBrDitqWN8gaxFKH-yiEZ2nqc0bEL_D8RqLz-GsnuoCJjeHY2bPqJXxCY5TMgtLQA.mp4?_nc_cat=104&_nc_oc=Adoval_NHd8qjt1W10_ZxX0WVoIkEja4bOh0P4lu-DB6hyhy-hOatjvnktSbcfMNUE5Qrbv-Yfno1ba1nguzPukZ&_nc_sid=b66105&_nc_ht=video.fblr20-2.fna.fbcdn.net&_nc_ohc=u7qUO393xgoQ7kNvwEE0pgu&efg=eyJ2ZW5jb2RlX3RhZyI6Inhwdl9wcm9ncmVzc2l2ZS5WSV9VU0VDQVNFX1BST0RVQ1RfVFlQRS4uQzMuNzIwLmRhc2hfaDI2NC1iYXNpYy1nZW4yXzcyMHAiLCJ4cHZfYXNzZXRfaWQiOjE4NDY4MTcwODMzODk0ODcsImFzc2V0X2FnZV9kYXlzIjo0MiwidmlfdXNlY2FzZV9pZCI6MTA3OTksImR1cmF0aW9uX3MiOjM4LCJ1cmxnZW5fc291cmNlIjoid3d3In0%3D&ccb=17-1&vs=a05724305dab4e1d&_nc_vs=HBksFQIYRWZiX2VwaGVtZXJhbC80OTQyNkY3ODFCRTI4MEE4QUMxQUFCNDg4MUMxM0FBRV9tdF8xX3ZpZGVvX2Rhc2hpbml0Lm1wNBUAAsgBEgAVAhhAZmJfcGVybWFuZW50Lzg1NEJEQ0I4NjM0NTQzRTkwOUVCOUVCQkE5MUZEMTg3X2F1ZGlvX2Rhc2hpbml0Lm1wNBUCAsgBEgAoABgAGwKIB3VzZV9vaWwBMRJwcm9ncmVzc2l2ZV9yZWNpcGUBMRUAACbe2MPD8-rHBhUCKAJDMywXQEM7peNT988YGWRhc2hfaDI2NC1iYXNpYy1nZW4yXzcyMHARAHUAZd6oAQA&_nc_gid=RvtBVmORJd_ltnLYTKFGfg&_nc_ss=7f289&_nc_zt=28&oh=00_Af_vFlIbtY1mHH2GwnFd88bd4apF8jvMgPYyPAE_NWo_Tg&oe=6A4640F4,https://scontent.fblr20-2.fna.fbcdn.net/v/t39.35426-6/696623952_1301077308162354_2082966170138593643_n.jpg?_nc_cat=102&ccb=1-7&_nc_sid=c53f8f&_nc_ohc=rQIOa21oT9QQ7kNvwGgMos_&_nc_oc=AdqLL5Qky8zpSeZzXpzf7uB5ao-XIRh0KfHA9mpdLcA9CzCRnoULrAFM62_J4ZC-uoLHwRc4JEJ1Um3hiPyxjGfm&_nc_zt=14&_nc_ht=scontent.fblr20-2.fna&_nc_gid=RvtBVmORJd_ltnLYTKFGfg&_nc_ss=7f289&oh=00_Af-Q2SrN9z9I9UsIkBwbVKLb_HqhvSVhekONfYV7urSWOQ&oe=6A464160,2026-07-02T10:44:04.000Z,2026-06-28
134,128,SpeakX,540653459131632,SpeakX - Learn to Speak English,,IN,1455347879959920,https://www.facebook.com/ads/library/?id=1455347879959920,2026-06-24,,false,false,1,0,,2026-06-24,,"10 லட்சம்+ கற்றவர்களுடன் சேர்ந்து, உங்கள் AI ஆசிரியருடன் தாராளமாக ஆங்கிலம் பேசுங்கள்",ஆங்கிலம் கற்றுக்கொண்டு தாராளமாக பேசுங்கள்,Install now,http://play.google.com/store/apps/details?id=yellowclass.kids.live,"Facebook,Instagram,Audience Network,Messenger,Threads","10 லட்சம்+ கற்றவர்களுடன் சேர்ந்து, உங்கள் AI ஆசிரியருடன் தாராளமாக ஆங்கிலம் பேசுங்கள்",ஆங்கிலம் கற்றுக்கொண்டு தாராளமாக பேசுங்கள்,Install now,http://play.google.com/store/apps/details?id=yellowclass.kids.live,Video,"Facebook,Instagram,Audience Network,Messenger,Threads",1,0,1:1,https://video.fblr20-4.fna.fbcdn.net/o1/v/t2/f2/m366/AQM843QDkPEkSW9GpFWki260j_LpQzT2G-_OY4wYurndNBkfs5QotXeBGxpuxmC3qdU-4yHF5BpKN4rknfLSp0NuCJGpX1KQdUPxgXszrjw4qA.mp4?_nc_cat=101&_nc_oc=Adrsh_KSYzhKa_3jI4A6u67AvDJ53uDOmycesou49pAg8YN_coLyAdzfxET_TjTPhMQx9C5aqRjEDM4tXop7Bt0W&_nc_sid=b66105&_nc_ht=video.fblr20-4.fna.fbcdn.net&_nc_ohc=90hiC-RKeewQ7kNvwEQYJbR&efg=eyJ2ZW5jb2RlX3RhZyI6Inhwdl9wcm9ncmVzc2l2ZS5WSV9VU0VDQVNFX1BST0RVQ1RfVFlQRS4uQzMuNzIwLmRhc2hfaDI2NC1iYXNpYy1nZW4yXzcyMHAiLCJ4cHZfYXNzZXRfaWQiOjg5ODg2MzgyMzIzNjQ4OCwiYXNzZXRfYWdlX2RheXMiOjExLCJ2aV91c2VjYXNlX2lkIjoxMDEzOSwiZHVyYXRpb25fcyI6ODIsInVybGdlbl9zb3VyY2UiOiJ3d3cifQ%3D%3D&ccb=17-1&vs=2aeec939538af7e9&_nc_vs=HBksFQIYRWZiX2VwaGVtZXJhbC9CMDRFNTE0Q0U1QzlGRUQ1OTZFOURDNEJBRTg3RjQ5Nl9tdF8xX3ZpZGVvX2Rhc2hpbml0Lm1wNBUAAsgBEgAVAhhAZmJfcGVybWFuZW50LzFGNDUwMUY0REY1MEQxMTQ3QTkxNDUzQzIwODhBNjlEX2F1ZGlvX2Rhc2hpbml0Lm1wNBUCAsgBEgAoABgAGwKIB3VzZV9vaWwBMRJwcm9ncmVzc2l2ZV9yZWNpcGUBMRUAACaQtpWu4eCYAxUCKAJDMywXQFS6n752yLQYGWRhc2hfaDI2NC1iYXNpYy1nZW4yXzcyMHARAHUAZbaeAQA&_nc_gid=RvtBVmORJd_ltnLYTKFGfg&_nc_ss=7f289&_nc_zt=28&oh=00_Af8amAPH2PhJY1XZsWiYJMS2Ih103YkROtaMISh1Wn_hlQ&oe=6A46310F,https://scontent.fblr20-5.fna.fbcdn.net/v/t39.35426-6/730332965_1303849248396095_1937515412019105996_n.jpg?_nc_cat=107&ccb=1-7&_nc_sid=c53f8f&_nc_ohc=62NUzxhSeFEQ7kNvwEV6hdv&_nc_oc=AdobjOuhJUFdDseyP07SCr9xiPgrGuly0H6VQCR2_j8gMpgJ_77LvfIM1ClNS8XlYFtfcK7e8cYvHaAB8hSMIYYQ&_nc_zt=14&_nc_ht=scontent.fblr20-5.fna&_nc_gid=RvtBVmORJd_ltnLYTKFGfg&_nc_ss=7f289&oh=00_Af-47BRhez9jeq8pAOypK1bXr95D8-BWGJLGAFygUNKyzA&oe=6A465600,2026-07-02T09:36:15.000Z,2026-06-28
135,129,SpeakX,540653459131632,SpeakX - Learn to Speak English,,IN,940203322383049,https://www.facebook.com/ads/library/?id=940203322383049,2026-06-10,,false,false,1,0,,2026-06-10,,"💼 ऑफिस मीटिंग्स और इंटरव्यूज के लिए खुद को तैयार करें

✅ 24/7 AI Tutor: कभी भी, कहीं भी practice करें।
✅ Instant Feedback: अपनी pronunciation और fluency सुधारें।
✅ Zero Judgment: बिना किसी डर के खुल कर बोलें

Presenting Speakx — आपका अपना AI English Coach",SpeakX - ऑनलाइन इंग्लिश बोलना सीखें,Install now,http://play.google.com/store/apps/details?id=yellowclass.kids.live,"Facebook,Instagram","💼 ऑफिस मीटिंग्स और इंटरव्यूज के लिए खुद को तैयार करें

✅ 24/7 AI Tutor: कभी भी, कहीं भी practice करें।
✅ Instant Feedback: अपनी pronunciation और fluency सुधारें।
✅ Zero Judgment: बिना किसी डर के खुल कर बोलें

Presenting Speakx — आपका अपना AI English Coach",SpeakX - ऑनलाइन इंग्लिश बोलना सीखें,Install now,http://play.google.com/store/apps/details?id=yellowclass.kids.live,Video,"Facebook,Instagram",1,0,9:16,https://video.fblr20-3.fna.fbcdn.net/o1/v/t2/f2/m366/AQNMlYTWrdiJFk7-eCuAXm7p9QWCW67ru-VOBHG5bubF9wf2-ENB_0bxnVEedEPbvDigk6svVt8-HxSChDQNqha8FoV_qT-NtGRxTE1X1c9jRA.mp4?_nc_cat=109&_nc_oc=AdoA9aj3rkT1oBfj2FwPP1SSDIeaJzlPuH9zSQoZKTOnJgr5MQNTzMu8rIli_MdU9gdaJklx5wuYwepumvB1hyy5&_nc_sid=b66105&_nc_ht=video.fblr20-3.fna.fbcdn.net&_nc_ohc=Qahr5ljKFZIQ7kNvwGib4T3&efg=eyJ2ZW5jb2RlX3RhZyI6Inhwdl9wcm9ncmVzc2l2ZS5WSV9VU0VDQVNFX1BST0RVQ1RfVFlQRS4uQzMuNzIwLmRhc2hfaDI2NC1iYXNpYy1nZW4yXzcyMHAiLCJ4cHZfYXNzZXRfaWQiOjE0NjI0ODk4NzUxNjI2MzIsImFzc2V0X2FnZV9kYXlzIjo0NSwidmlfdXNlY2FzZV9pZCI6MTA3OTksImR1cmF0aW9uX3MiOjM4LCJ1cmxnZW5fc291cmNlIjoid3d3In0%3D&ccb=17-1&vs=3e3fd8d8d00f7ac6&_nc_vs=HBksFQIYRWZiX2VwaGVtZXJhbC82ODRFQTU3ODQ0QkVGOUUzQzkyNUZEREZCNTBDQURCRV9tdF8xX3ZpZGVvX2Rhc2hpbml0Lm1wNBUAAsgBEgAVAhhAZmJfcGVybWFuZW50L0Q1NDA2NTkyMzBBQUJGQUY4MkNDNEI0RkJBOTRFNDgzX2F1ZGlvX2Rhc2hpbml0Lm1wNBUCAsgBEgAoABgAGwKIB3VzZV9vaWwBMRJwcm9ncmVzc2l2ZV9yZWNpcGUBMRUAACaQmPnXjoiZBRUCKAJDMywXQENgAAAAAAAYGWRhc2hfaDI2NC1iYXNpYy1nZW4yXzcyMHARAHUAZd6oAQA&_nc_gid=RvtBVmORJd_ltnLYTKFGfg&_nc_ss=7f289&_nc_zt=28&oh=00_Af8CXvAdqzEMJmQqw-GUHN0WnlFrt0oKFRk2jib7ud5K9w&oe=6A46496F,https://scontent.fblr20-2.fna.fbcdn.net/v/t39.35426-6/699957222_819953024167917_6842508362080533839_n.jpg?_nc_cat=104&ccb=1-7&_nc_sid=c53f8f&_nc_ohc=SMLyGlF9am0Q7kNvwGGqEOf&_nc_oc=AdqyiQ5llJzzSQqAtOhYHs3imfFFP_56Srw-WVUlGU_vtW5ITmTA81_rSqW7qpdqle-Kd51Ve0lCloKpucZru1TN&_nc_zt=14&_nc_ht=scontent.fblr20-2.fna&_nc_gid=RvtBVmORJd_ltnLYTKFGfg&_nc_ss=7f289&oh=00_Af_yuP4qKNqtUTqY4dOI5cAQMUwGeWEPscBPFf4dLfB1sw&oe=6A465C49,2026-07-02T11:20:15.000Z,2026-06-28
136,130,SpeakX,540653459131632,SpeakX - Learn to Speak English,,IN,1019027777130898,https://www.facebook.com/ads/library/?id=1019027777130898,2026-06-01,,false,false,1,0,,2026-06-01,,ಮೂಲದಿಂದ spoken English ಕಲಿಯಿ. ದಿನಸಿ ಅಭ್ಯಾಸಕ್ಕೆ AI ಸಹಾಯ. ಕನ್ನಡಿಗರಿಗೆ ಸೂಕ್ತ.,ಇಂಗ್ಲಿಷ್ ಮಾತನಾಡಲು ಕಲಿಯಿ,Install now,http://play.google.com/store/apps/details?id=yellowclass.kids.live,"Facebook,Instagram,Messenger,Threads",ಮೂಲದಿಂದ spoken English ಕಲಿಯಿ. ದಿನಸಿ ಅಭ್ಯಾಸಕ್ಕೆ AI ಸಹಾಯ. ಕನ್ನಡಿಗರಿಗೆ ಸೂಕ್ತ.,ಇಂಗ್ಲಿಷ್ ಮಾತನಾಡಲು ಕಲಿಯಿ,Install now,http://play.google.com/store/apps/details?id=yellowclass.kids.live,Video,"Facebook,Instagram,Messenger,Threads",1,0,1:1,https://video.fblr20-3.fna.fbcdn.net/o1/v/t2/f2/m366/AQOF9UW9_4b5qHm4ChR0gRqfJeUZZ9oWmP2bpqJxnL_XbovJXbcyYT2YzGjtZ4627UWJlGygum16aS2yiGPdcCXfAsm4gz1haI8JugKl9YNf0Q.mp4?_nc_cat=105&_nc_oc=AdqSPF-HdcdUDtKK7QLFAOfQBeSXfoGrBjd514nJ62Y6vtCmAvHt7Zk-y_KzYHpDrhEXpCwLdlk-5Ecgp0A0BXut&_nc_sid=b66105&_nc_ht=video.fblr20-3.fna.fbcdn.net&_nc_ohc=EFSs4SUiBboQ7kNvwEDj3qN&efg=eyJ2ZW5jb2RlX3RhZyI6Inhwdl9wcm9ncmVzc2l2ZS5WSV9VU0VDQVNFX1BST0RVQ1RfVFlQRS4uQzMuNzIwLmRhc2hfaDI2NC1iYXNpYy1nZW4yXzcyMHAiLCJ4cHZfYXNzZXRfaWQiOjEyODcwOTkyNTY4NjI2MTcsImFzc2V0X2FnZV9kYXlzIjo1OCwidmlfdXNlY2FzZV9pZCI6MTA3OTksImR1cmF0aW9uX3MiOjczLCJ1cmxnZW5fc291cmNlIjoid3d3In0%3D&ccb=17-1&vs=f1e8b1ac08317c50&_nc_vs=HBksFQIYRWZiX2VwaGVtZXJhbC81RDQ3RTJDOTZCQzhEREY1ODRDNkQ5MTMzMDUwRDA5NF9tdF8xX3ZpZGVvX2Rhc2hpbml0Lm1wNBUAAsgBEgAVAhhAZmJfcGVybWFuZW50L0I4NEJENDhFQzgxMzMzNjY3ODM3MUFFMDY5MjczQjg3X2F1ZGlvX2Rhc2hpbml0Lm1wNBUCAsgBEgAoABgAGwKIB3VzZV9vaWwBMRJwcm9ncmVzc2l2ZV9yZWNpcGUBMRUAACay3vffhKfJBBUCKAJDMywXQFJKn752yLQYGWRhc2hfaDI2NC1iYXNpYy1nZW4yXzcyMHARAHUAZd6oAQA&_nc_gid=RvtBVmORJd_ltnLYTKFGfg&_nc_ss=7f289&_nc_zt=28&oh=00_Af8hkbWi6Suhy0-UzrJuHmDG15rlhXvjRbqlwWJD7bzAMA&oe=6A462CD3,https://scontent.fblr20-1.fna.fbcdn.net/v/t39.35426-6/683415557_2146273846161614_9150727391671260756_n.jpg?_nc_cat=108&ccb=1-7&_nc_sid=c53f8f&_nc_ohc=wZaJjTdFquAQ7kNvwF-vpf8&_nc_oc=AdrD7h3cstKfA3apy9CfEL8IPyzGt_N95zhKSRLT0Rl0nxM6L5KonF4uwICio6JivrY167yoma78Ma-t4IAlmG_D&_nc_zt=14&_nc_ht=scontent.fblr20-1.fna&_nc_gid=RvtBVmORJd_ltnLYTKFGfg&_nc_ss=7f289&oh=00_Af-DhZg9NjLhWM6P6oqkbgwKf1n8eyS6133wmPQAWjDoBA&oe=6A464A59,2026-07-02T09:18:11.000Z,2026-06-28
137,131,SpeakX,540653459131632,SpeakX - Learn to Speak English,,IN,3505206902990144,https://www.facebook.com/ads/library/?id=3505206902990144,2026-06-10,,false,false,1,0,,2026-06-10,,"💼 ऑफिस मीटिंग्स और इंटरव्यूज के लिए खुद को तैयार करें

✅ 24/7 AI Tutor: कभी भी, कहीं भी practice करें।
✅ Instant Feedback: अपनी pronunciation और fluency सुधारें।
✅ Zero Judgment: बिना किसी डर के खुल कर बोलें

Presenting Speakx — आपका अपना AI English Coach",SpeakX — आपका अपना AI English Coach.,Install now,http://play.google.com/store/apps/details?id=yellowclass.kids.live,"Facebook,Instagram","💼 ऑफिस मीटिंग्स और इंटरव्यूज के लिए खुद को तैयार करें

✅ 24/7 AI Tutor: कभी भी, कहीं भी practice करें।
✅ Instant Feedback: अपनी pronunciation और fluency सुधारें।
✅ Zero Judgment: बिना किसी डर के खुल कर बोलें

Presenting Speakx — आपका अपना AI English Coach",SpeakX — आपका अपना AI English Coach.,Install now,http://play.google.com/store/apps/details?id=yellowclass.kids.live,Video,"Facebook,Instagram",1,0,9:16,https://video.fblr20-1.fna.fbcdn.net/o1/v/t2/f2/m366/AQOo5XQdT4cx1ZiToW_XSfn-GpojAHNwnpT9Eu9LLVixFd4m4HyJ3E91-0LErpdNLnLe1rsSQUNW1Zb3zdf1lJ7XwglK-1g_9RE2Q-voIx4mnA.mp4?_nc_cat=108&_nc_oc=Adpt3mivIn1heEtLVmX4le37FKuDyNj5uSYjG0AfJ-ZRBcngKOwjRk9JZqB8uwDvNGNYX4ZPuJVT9Pn-1MUR3Xiq&_nc_sid=b66105&_nc_ht=video.fblr20-1.fna.fbcdn.net&_nc_ohc=-GUhZplGYkYQ7kNvwHnMhFP&efg=eyJ2ZW5jb2RlX3RhZyI6Inhwdl9wcm9ncmVzc2l2ZS5WSV9VU0VDQVNFX1BST0RVQ1RfVFlQRS4uQzMuNzEyLmRhc2hfaDI2NC1iYXNpYy1nZW4yXzcyMHAiLCJ4cHZfYXNzZXRfaWQiOjE0NjQ5MDA5MTUxMjEyNzUsImFzc2V0X2FnZV9kYXlzIjo0NSwidmlfdXNlY2FzZV9pZCI6MTA3OTksImR1cmF0aW9uX3MiOjMyLCJ1cmxnZW5fc291cmNlIjoid3d3In0%3D&ccb=17-1&vs=e3a96483d760f2d4&_nc_vs=HBksFQIYRWZiX2VwaGVtZXJhbC8yMzRBMjFEMDc2NDgwNDFEMjlCRDJDRDU0RTdENUU4Nl9tdF8xX3ZpZGVvX2Rhc2hpbml0Lm1wNBUAAsgBEgAVAhhAZmJfcGVybWFuZW50LzBCNDBBMkNDREIxRjAyOThENzcyQzQ1RDIzQzBFNDk4X2F1ZGlvX2Rhc2hpbml0Lm1wNBUCAsgBEgAoABgAGwKIB3VzZV9vaWwBMRJwcm9ncmVzc2l2ZV9yZWNpcGUBMRUAACb2seqqupSaBRUCKAJDMywXQEBVP3ztkWgYGWRhc2hfaDI2NC1iYXNpYy1nZW4yXzcyMHARAHUAZd6oAQA&_nc_gid=QmHbZSNuJ03fTPxpCQ1Rtw&_nc_ss=7f289&_nc_zt=28&oh=00_Af_aDPMjidoeInS5xIyFQt1oH8n0IVXpmc43fvhIcbq3Wg&oe=6A463480,https://scontent.fblr20-4.fna.fbcdn.net/v/t39.35426-6/698107256_1939511143388661_6193984742221029972_n.jpg?_nc_cat=106&ccb=1-7&_nc_sid=c53f8f&_nc_ohc=bRP4XuFA8HMQ7kNvwFxiL6P&_nc_oc=Ado4aLqwD7VuwnKfDYbUDd0Hf9wtrU8ovWASDY4HyMJf5JMxS0WI2GIkrPFxWARrAvt-kykj27PwimlytEIiI2nd&_nc_zt=14&_nc_ht=scontent.fblr20-4.fna&_nc_gid=QmHbZSNuJ03fTPxpCQ1Rtw&_nc_ss=7f289&oh=00_Af9l1ElqeLaSXotYbGPikL9CuViOR40oONOxn2pNcvOkjQ&oe=6A463065,2026-07-02T09:50:56.000Z,2026-06-28
138,132,SpeakX,540653459131632,SpeakX - Learn to Speak English,,IN,1339557674759234,https://www.facebook.com/ads/library/?id=1339557674759234,2026-06-01,,false,false,1,0,,2026-06-01,,"10 லட்சம்+ கற்றவர்களுடன் சேர்ந்து, உங்கள் AI ஆசிரியருடன் தாராளமாக ஆங்கிலம் பேசுங்கள்",ஆங்கிலம் கற்றுக்கொண்டு தாராளமாக பேசுங்கள்,Install now,http://play.google.com/store/apps/details?id=yellowclass.kids.live,"Facebook,Instagram,Audience Network,Messenger,Threads","10 லட்சம்+ கற்றவர்களுடன் சேர்ந்து, உங்கள் AI ஆசிரியருடன் தாராளமாக ஆங்கிலம் பேசுங்கள்",ஆங்கிலம் கற்றுக்கொண்டு தாராளமாக பேசுங்கள்,Install now,http://play.google.com/store/apps/details?id=yellowclass.kids.live,Video,"Facebook,Instagram,Audience Network,Messenger,Threads",1,0,1:1,https://video.fblr20-5.fna.fbcdn.net/o1/v/t2/f2/m366/AQPe3ZH6lO_UU_ro6miN-v27rWaCdjBub6MEW99ARryCTwzE56TZxmMu1Xs31ZhqqsGMk6eGJyjL-tnQkhA2YX-YMC3J17EJFd9MFIByMLMPvQ.mp4?_nc_cat=107&_nc_oc=AdpifpnxIRMJwlaOl2UG27FNnfHB0MTV_Bzr65m3z8vqPCOMZ_M1BvXIFMtZm352ARb3Zq-imx0M-kRP7ITreubv&_nc_sid=b66105&_nc_ht=video.fblr20-5.fna.fbcdn.net&_nc_ohc=MzM-NEYPwOQQ7kNvwH_PS-u&efg=eyJ2ZW5jb2RlX3RhZyI6Inhwdl9wcm9ncmVzc2l2ZS5WSV9VU0VDQVNFX1BST0RVQ1RfVFlQRS4uQzMuNzIwLmRhc2hfaDI2NC1iYXNpYy1nZW4yXzcyMHAiLCJ4cHZfYXNzZXRfaWQiOjEwMTM3OTY1MDc3NjU5NDksImFzc2V0X2FnZV9kYXlzIjoyNSwidmlfdXNlY2FzZV9pZCI6MTAxMzksImR1cmF0aW9uX3MiOjQ5LCJ1cmxnZW5fc291cmNlIjoid3d3In0%3D&ccb=17-1&vs=b354230ec3c3f100&_nc_vs=HBksFQIYRWZiX2VwaGVtZXJhbC81QzQ3MzU1QkYzOUYyNkMxOEEwMUI1NTRFMDY0ODVBOF9tdF8xX3ZpZGVvX2Rhc2hpbml0Lm1wNBUAAsgBEgAVAhhAZmJfcGVybWFuZW50LzEyNDg5RjFCMzk4ODA3QjhFRDdEQzM4Q0E1QUZGOTk4X2F1ZGlvX2Rhc2hpbml0Lm1wNBUCAsgBEgAoABgAGwKIB3VzZV9vaWwBMRJwcm9ncmVzc2l2ZV9yZWNpcGUBMRUAACb6ssLL3ILNAxUCKAJDMywXQEjZmZmZmZoYGWRhc2hfaDI2NC1iYXNpYy1nZW4yXzcyMHARAHUAZbaeAQA&_nc_gid=QmHbZSNuJ03fTPxpCQ1Rtw&_nc_ss=7f289&_nc_zt=28&oh=00_Af99hMITKeKXy2gOtXzsBj2102imuQwYYOEnSZT70BEpzw&oe=6A46335D,https://scontent.fblr20-2.fna.fbcdn.net/v/t39.35426-6/711474742_859302850005886_74931182913349643_n.jpg?_nc_cat=104&ccb=1-7&_nc_sid=c53f8f&_nc_ohc=SLcMymLA7nIQ7kNvwEYIdrN&_nc_oc=AdqTcmtLmqBad5-Wnng2KOauUSMyBwKqP0F0LmIpxPghIAEKdUbMCHomT5rY8vuNm6JU2tOBLSfBcx0r4hQYqdz_&_nc_zt=14&_nc_ht=scontent.fblr20-2.fna&_nc_gid=QmHbZSNuJ03fTPxpCQ1Rtw&_nc_ss=7f289&oh=00_Af_sp48lDFz93F79LwiId9PvuoCGEY7DRaPTivLiJdxkCA&oe=6A463C68,2026-07-02T09:46:05.000Z,2026-06-28
139,133,SpeakX,540653459131632,SpeakX - Learn to Speak English,,IN,1485003256999347,https://www.facebook.com/ads/library/?id=1485003256999347,2026-06-22,,false,false,1,0,,2026-06-22,,SpeakX ആപ്പിൽ ആത്മവിശ്വാസത്തോടെ ഇംഗ്ലീഷ് സംസാരിക്കുക. വ്യക്തിഗത AI അധ്യാപകൻ ലഭിക്കും.,സുഗമമായി ഇംഗ്ലീഷ് സംസാരിക്കുക,Install now,http://play.google.com/store/apps/details?id=yellowclass.kids.live,"Facebook,Instagram,Audience Network,Messenger,Threads",SpeakX ആപ്പിൽ ആത്മവിശ്വാസത്തോടെ ഇംഗ്ലീഷ് സംസാരിക്കുക. വ്യക്തിഗത AI അധ്യാപകൻ ലഭിക്കും.,സുഗമമായി ഇംഗ്ലീഷ് സംസാരിക്കുക,Install now,http://play.google.com/store/apps/details?id=yellowclass.kids.live,Video,"Facebook,Instagram,Audience Network,Messenger,Threads",1,0,16:9,https://video.fblr20-4.fna.fbcdn.net/o1/v/t2/f2/m366/AQOIv5zbfjieV37w27s7xe4Vq_np9TnWA1qWf6hOg9ZfovU5KTO6YEiYBN80t8JmJbMNlba4M3-eiYpg9LkgZxsgzB5iGNEAE2TTGOG4aj4A0w.mp4?_nc_cat=106&_nc_oc=Adq2fwe9xW8QcP3m6Zxd_Zt-ZUb6oeOQIQwjhCL-JHuez7Z_RDhVWpKVfkHv6fhU50sWUeZvAv1364GutQPjupgB&_nc_sid=b66105&_nc_ht=video.fblr20-4.fna.fbcdn.net&_nc_ohc=POW_zPE_QO0Q7kNvwFS7kT0&efg=eyJ2ZW5jb2RlX3RhZyI6Inhwdl9wcm9ncmVzc2l2ZS5WSV9VU0VDQVNFX1BST0RVQ1RfVFlQRS4uQzMuMTA4OC5kYXNoX2gyNjQtYmFzaWMtZ2VuMl83MjBwIiwieHB2X2Fzc2V0X2lkIjoxNDg1MzM4MjA5NTg3NDUyLCJhc3NldF9hZ2VfZGF5cyI6NSwidmlfdXNlY2FzZV9pZCI6MTAxMzksImR1cmF0aW9uX3MiOjQ2LCJ1cmxnZW5fc291cmNlIjoid3d3In0%3D&ccb=17-1&vs=7e8329e04c1baf31&_nc_vs=HBksFQIYRWZiX2VwaGVtZXJhbC9FOTQ5QTJGN0VFNjZFQUZFOUY3NjUzREM3QzBBRDM4QV9tdF8xX3ZpZGVvX2Rhc2hpbml0Lm1wNBUAAsgBEgAVAhhAZmJfcGVybWFuZW50LzZGNDhEQzUzMDAyOTUyOTNFMjY5N0QxRDRERTg3QUIwX2F1ZGlvX2Rhc2hpbml0Lm1wNBUCAsgBEgAoABgAGwKIB3VzZV9vaWwBMRJwcm9ncmVzc2l2ZV9yZWNpcGUBMRUAACb4w9SFiLqjBRUCKAJDMywXQEcu2RaHKwIYGWRhc2hfaDI2NC1iYXNpYy1nZW4yXzcyMHARAHUAZbaeAQA&_nc_gid=QmHbZSNuJ03fTPxpCQ1Rtw&_nc_ss=7f289&_nc_zt=28&oh=00_Af9tEYE0EzZzOZg6Ae59dOVUkspoqQgDGSyxa2aXjOVRhA&oe=6A462F46,https://scontent.fblr20-4.fna.fbcdn.net/v/t39.35426-6/728138720_1547304473731783_4583316522777069756_n.jpg?_nc_cat=101&ccb=1-7&_nc_sid=c53f8f&_nc_ohc=yHY23nxYhxUQ7kNvwFJDcnl&_nc_oc=Adob2JKBG7R0TPdYHW-dPYjYy790Eb9V3eZFVUqGAqjV_F4ww52yAThf2Be0eqCnNYV1XgoFojv4Ah92J8N1i6Iu&_nc_zt=14&_nc_ht=scontent.fblr20-4.fna&_nc_gid=QmHbZSNuJ03fTPxpCQ1Rtw&_nc_ss=7f289&oh=00_Af-RSYP3WrSPcLMTrzzqOfi1R6awCo28EpSq5ipHVoeo_Q&oe=6A4644CD,2026-07-02T09:28:38.000Z,2026-06-28
140,134,SpeakX,540653459131632,SpeakX - Learn to Speak English,,IN,1534951244867864,https://www.facebook.com/ads/library/?id=1534951244867864,2026-05-23,,false,false,1,0,,2026-05-23,,"🚨 क्या आपको भी कॉलेज प्लेसमेंट इंटरव्यू से डर लगता है? 🚨

पढ़ाई में आप बेस्ट हैं, लेकिन जब बात HR राउंड या ग्रुप डिस्कशन की आती है, तो क्या आपके शब्द कम पड़ जाते हैं? 😨 खराब इंग्लिश की वजह से अपने सपनों की नौकरी को हाथ से मत जाने दीजिए!

मिलिए SpeakX से—आपका पर्सनल AI स्पोकन इंग्लिश कोच। 🤖💬
🗣️ 24/7 मॉक इंटरव्यू की प्रैक्टिस करें
🙅‍♂️ कोई मज़ाक नहीं उड़ाएगा, कोई हिचकिचाहट नहीं
🚀 कॉर्पोरेट लेवल का कॉन्फिडेंस पाएं तुरंत

अपनी तैयारी आज ही शुरू करें सिर्फ ₹2 में! 🪙👇
📲 फ्लूएंट इंग्लिश बोलने के लिए नीचे दिए गए 'Install Now' बटन पर क्लिक करें!",SpeakX - ऑनलाइन इंग्लिश बोलना सीखें,Install now,http://play.google.com/store/apps/details?id=yellowclass.kids.live,"Facebook,Instagram","🚨 क्या आपको भी कॉलेज प्लेसमेंट इंटरव्यू से डर लगता है? 🚨

पढ़ाई में आप बेस्ट हैं, लेकिन जब बात HR राउंड या ग्रुप डिस्कशन की आती है, तो क्या आपके शब्द कम पड़ जाते हैं? 😨 खराब इंग्लिश की वजह से अपने सपनों की नौकरी को हाथ से मत जाने दीजिए!

मिलिए SpeakX से—आपका पर्सनल AI स्पोकन इंग्लिश कोच। 🤖💬
🗣️ 24/7 मॉक इंटरव्यू की प्रैक्टिस करें
🙅‍♂️ कोई मज़ाक नहीं उड़ाएगा, कोई हिचकिचाहट नहीं
🚀 कॉर्पोरेट लेवल का कॉन्फिडेंस पाएं तुरंत

अपनी तैयारी आज ही शुरू करें सिर्फ ₹2 में! 🪙👇
📲 फ्लूएंट इंग्लिश बोलने के लिए नीचे दिए गए 'Install Now' बटन पर क्लिक करें!",SpeakX - ऑनलाइन इंग्लिश बोलना सीखें,Install now,http://play.google.com/store/apps/details?id=yellowclass.kids.live,Video,"Facebook,Instagram",1,0,9:16,https://video.fblr20-2.fna.fbcdn.net/o1/v/t2/f2/m366/AQN98ABe69pS8KBNVyBIcL_Zzz40KtjU0MS7awsNDJwBqzd8bhtwrYrXfcmsZbWmyQYhhYn7gQaqANgyHzFa0qcYSdJ9Q8kJlZWF5_CiBrwgYA.mp4?_nc_cat=104&_nc_oc=AdpAZUkQeodo-wmNywSBBtx7Hut6PjxIawKSTItsT1Qsr17CePP3uenAfsYRE7u8nqL_JJzVXrd-jg66x2T_khLL&_nc_sid=b66105&_nc_ht=video.fblr20-2.fna.fbcdn.net&_nc_ohc=xxPvDbixejYQ7kNvwHVkYkn&efg=eyJ2ZW5jb2RlX3RhZyI6Inhwdl9wcm9ncmVzc2l2ZS5WSV9VU0VDQVNFX1BST0RVQ1RfVFlQRS4uQzMuNzIwLmRhc2hfaDI2NC1iYXNpYy1nZW4yXzcyMHAiLCJ4cHZfYXNzZXRfaWQiOjE0NDU4NTA3ODA2NDg4MTYsImFzc2V0X2FnZV9kYXlzIjozNCwidmlfdXNlY2FzZV9pZCI6MTA3OTksImR1cmF0aW9uX3MiOjQyLCJ1cmxnZW5fc291cmNlIjoid3d3In0%3D&ccb=17-1&vs=39a85bf87e5ecadd&_nc_vs=HBksFQIYRWZiX2VwaGVtZXJhbC8xNjQ5Nzk0QjIxQ0VGNDg0NDg3OUU4OTlFN0I0QTFCOF9tdF8xX3ZpZGVvX2Rhc2hpbml0Lm1wNBUAAsgBEgAVAhhAZmJfcGVybWFuZW50Lzk2NEI2NDJDMTlFMEU4QUJEN0FBNTNBRjE1OTg4MDhCX2F1ZGlvX2Rhc2hpbml0Lm1wNBUCAsgBEgAoABgAGwKIB3VzZV9vaWwBMRJwcm9ncmVzc2l2ZV9yZWNpcGUBMRUAACbgle7iy7-RBRUCKAJDMywXQEU0WhysCDEYGWRhc2hfaDI2NC1iYXNpYy1nZW4yXzcyMHARAHUAZd6oAQA&_nc_gid=QmHbZSNuJ03fTPxpCQ1Rtw&_nc_ss=7f289&_nc_zt=28&oh=00_Af-m5PFwVy5lHtpz8eWQcAMTdz8Nv-2l8Gx-8DCjETKU1w&oe=6A463F0C,https://scontent.fblr20-3.fna.fbcdn.net/v/t39.35426-6/705988825_972490902070635_244835155231012333_n.jpg?_nc_cat=109&ccb=1-7&_nc_sid=c53f8f&_nc_ohc=hibdJ1f0F2cQ7kNvwF8siox&_nc_oc=Adooj6uzB9vr8rTb71scNpCV-jMyoJkNc4NipkRqOC3sdiiBJ7sv7x_XwJsXqMt6gvq-picgzzC4mR5sXTntt45O&_nc_zt=14&_nc_ht=scontent.fblr20-3.fna&_nc_gid=QmHbZSNuJ03fTPxpCQ1Rtw&_nc_ss=7f289&oh=00_Af-1mxq9F0OIbmZD2TTIsTaDKSUkis5BGdPdMrF0DdwAuw&oe=6A4629C1,2026-07-02T10:35:56.000Z,2026-06-28
141,135,SpeakX,540653459131632,SpeakX - Learn to Speak English,,IN,1719995149342353,https://www.facebook.com/ads/library/?id=1719995149342353,2026-06-21,,false,false,1,0,,2026-06-21,,SpeakX ആപ്പിൽ ആത്മവിശ്വാസത്തോടെ ഇംഗ്ലീഷ് സംസാരിക്കുക. വ്യക്തിഗത AI അധ്യാപകൻ ലഭിക്കും.,സുഗമമായി ഇംഗ്ലീഷ് സംസാരിക്കുക,Install now,http://play.google.com/store/apps/details?id=yellowclass.kids.live,"Facebook,Instagram,Audience Network,Messenger,Threads",SpeakX ആപ്പിൽ ആത്മവിശ്വാസത്തോടെ ഇംഗ്ലീഷ് സംസാരിക്കുക. വ്യക്തിഗത AI അധ്യാപകൻ ലഭിക്കും.,സുഗമമായി ഇംഗ്ലീഷ് സംസാരിക്കുക,Install now,http://play.google.com/store/apps/details?id=yellowclass.kids.live,Video,"Facebook,Instagram,Audience Network,Messenger,Threads",1,0,9:16,https://video.fblr20-3.fna.fbcdn.net/o1/v/t2/f2/m366/AQNVBBg_2-1xcypPMjHd5WpkyN-2x84jUdTfgzYrxvbaewB9tkxKWtGC7dnE-EZVYAUFoAeRRoIMXSG_IZAwF0dHrvU4THvCVoYYUefT6M2btA.mp4?_nc_cat=109&_nc_oc=AdrUa5rdyXz9RVuRUxKiP36xydqr2k8bnpgY8X7rzzuQIOdLehUB6vIPiSi0wjeIgm78UqKRpun84T0Etb-wjKEH&_nc_sid=b66105&_nc_ht=video.fblr20-3.fna.fbcdn.net&_nc_ohc=306tKoVvEmkQ7kNvwGTtWXn&efg=eyJ2ZW5jb2RlX3RhZyI6Inhwdl9wcm9ncmVzc2l2ZS5WSV9VU0VDQVNFX1BST0RVQ1RfVFlQRS4uQzMuNzIwLmRhc2hfaDI2NC1iYXNpYy1nZW4yXzcyMHAiLCJ4cHZfYXNzZXRfaWQiOjIxNzU5ODE3MzMyMjM4NjYsImFzc2V0X2FnZV9kYXlzIjo1LCJ2aV91c2VjYXNlX2lkIjoxMDc5OSwiZHVyYXRpb25fcyI6NDQsInVybGdlbl9zb3VyY2UiOiJ3d3cifQ%3D%3D&ccb=17-1&vs=107ab3ea1d7f2b6f&_nc_vs=HBksFQIYRWZiX2VwaGVtZXJhbC8xMzQzNTcxOUQ2NERDRTM0QjJBMkQ0ODA5OTdENDFCN19tdF8xX3ZpZGVvX2Rhc2hpbml0Lm1wNBUAAsgBEgAVAhhAZmJfcGVybWFuZW50LzY4NDZFNTNGRDAzNzUwODQ4NEY0ODdDMEJBNTdGMjlBX2F1ZGlvX2Rhc2hpbml0Lm1wNBUCAsgBEgAoABgAGwKIB3VzZV9vaWwBMRJwcm9ncmVzc2l2ZV9yZWNpcGUBMRUAACb09vij58LdBxUCKAJDMywXQEZqn752yLQYGWRhc2hfaDI2NC1iYXNpYy1nZW4yXzcyMHARAHUAZd6oAQA&_nc_gid=QmHbZSNuJ03fTPxpCQ1Rtw&_nc_ss=7f289&_nc_zt=28&oh=00_Af9N0kvL8W1HYBWQnLdfCUu4osTwvZlHwJV4UJMkkp6qZQ&oe=6A465113,https://scontent.fblr20-2.fna.fbcdn.net/v/t39.35426-6/729684417_27274625402191870_3110353095616937715_n.jpg?_nc_cat=104&ccb=1-7&_nc_sid=c53f8f&_nc_ohc=nzNIg3uUXYgQ7kNvwFUHtlh&_nc_oc=Adqr641W4EESD5KysX1rF-knIMevWjMsK8xJNmPYYUMkipkQqSmDchePPBwdRlW0jn6FHA0IOqMlPwIitKqwMnjm&_nc_zt=14&_nc_ht=scontent.fblr20-2.fna&_nc_gid=QmHbZSNuJ03fTPxpCQ1Rtw&_nc_ss=7f289&oh=00_Af9JMYWfN8aBcYBrZAcr7igU6nXxwP5NwtnPdql57NYFGQ&oe=6A463C93,2026-07-02T11:52:51.000Z,2026-06-28
142,136,SpeakX,540653459131632,SpeakX - Learn to Speak English,,IN,1020332987278380,https://www.facebook.com/ads/library/?id=1020332987278380,2026-06-21,,false,false,1,0,,2026-06-21,,"10 லட்சம்+ கற்றவர்களுடன் சேர்ந்து, உங்கள் AI ஆசிரியருடன் தாராளமாக ஆங்கிலம் பேசுங்கள்",ஆங்கிலம் கற்றுக்கொண்டு தாராளமாக பேசுங்கள்,Install now,http://play.google.com/store/apps/details?id=yellowclass.kids.live,"Facebook,Instagram,Audience Network,Messenger,Threads","10 லட்சம்+ கற்றவர்களுடன் சேர்ந்து, உங்கள் AI ஆசிரியருடன் தாராளமாக ஆங்கிலம் பேசுங்கள்",ஆங்கிலம் கற்றுக்கொண்டு தாராளமாக பேசுங்கள்,Install now,http://play.google.com/store/apps/details?id=yellowclass.kids.live,Video,"Facebook,Instagram,Audience Network,Messenger,Threads",1,0,9:16,https://video.fblr20-2.fna.fbcdn.net/o1/v/t2/f2/m366/AQO-HyELmUxHtcV9pK_YgXQ3SZkYYkosiemqjxdILGptYKGX10n6tEQ-_QCqN8cNfUpu1VtTHINm6X66e_lSMjzK3Ni1Zp6BtEXPpPraG79bPw.mp4?_nc_cat=111&_nc_oc=Adq3IOywgfRivouWnQdEcjpPNR9qg53TI3MxnEs6xmX0bx6rTfsF--qrzr8TVwQxJcSiXKu9dh1FiCOOSjdF1ykr&_nc_sid=b66105&_nc_ht=video.fblr20-2.fna.fbcdn.net&_nc_ohc=hG8x-PiikTIQ7kNvwEUL24z&efg=eyJ2ZW5jb2RlX3RhZyI6Inhwdl9wcm9ncmVzc2l2ZS5WSV9VU0VDQVNFX1BST0RVQ1RfVFlQRS4uQzMuNzIwLmRhc2hfaDI2NC1iYXNpYy1nZW4yXzcyMHAiLCJ4cHZfYXNzZXRfaWQiOjMxMDk2MTE0NjI1NjE5NzMsImFzc2V0X2FnZV9kYXlzIjo1LCJ2aV91c2VjYXNlX2lkIjoxMDc5OSwiZHVyYXRpb25fcyI6MTEzLCJ1cmxnZW5fc291cmNlIjoid3d3In0%3D&ccb=17-1&vs=cc2bf1daa0a43fd3&_nc_vs=HBksFQIYRWZiX2VwaGVtZXJhbC9DODRGQkYyNTMwMjJFQzNCNTA0MTRFMkYwRkE1QzJCOF9tdF8xX3ZpZGVvX2Rhc2hpbml0Lm1wNBUAAsgBEgAVAhhAZmJfcGVybWFuZW50L0EwNDQzNzVGQjZGNzNFRjgyQTdDNEVCNjkwQUE0NEE5X2F1ZGlvX2Rhc2hpbml0Lm1wNBUCAsgBEgAoABgAGwKIB3VzZV9vaWwBMRJwcm9ncmVzc2l2ZV9yZWNpcGUBMRUAACbqwuzpmouGCxUCKAJDMywXQFx9cKPXCj0YGWRhc2hfaDI2NC1iYXNpYy1nZW4yXzcyMHARAHUAZd6oAQA&_nc_gid=QmHbZSNuJ03fTPxpCQ1Rtw&_nc_ss=7f289&_nc_zt=28&oh=00_Af_mEIDZDPDg-1bXYtylCx015U9zSh2nSAibQH2ITVRjAw&oe=6A464495,https://scontent.fblr20-4.fna.fbcdn.net/v/t39.35426-6/729128091_1995154844447495_1602275687950343029_n.jpg?_nc_cat=103&ccb=1-7&_nc_sid=c53f8f&_nc_ohc=b_9K9RhEs8sQ7kNvwGBISCi&_nc_oc=Adp-11zxYcHzGWgrLDwkJxSF0KoCYVjd3RF7k0Wsrxr5-olcSVuiKz5X_xX61SfTmblGyWdjbySTt4vdXQIK-H-J&_nc_zt=14&_nc_ht=scontent.fblr20-4.fna&_nc_gid=QmHbZSNuJ03fTPxpCQ1Rtw&_nc_ss=7f289&oh=00_Af95CFTU5fkQKFV_QJkhK6uXTofrjnAfZ1XY2LAocDO6pw&oe=6A4641CD,2026-07-02T10:59:33.000Z,2026-06-28
143,137,SpeakX,540653459131632,SpeakX - Learn to Speak English,,IN,1317357846423381,https://www.facebook.com/ads/library/?id=1317357846423381,2026-06-01,,false,false,1,0,,2026-06-01,,SpeakX ആപ്പിൽ ആത്മവിശ്വാസത്തോടെ ഇംഗ്ലീഷ് സംസാരിക്കുക. വ്യക്തിഗത AI അധ്യാപകൻ ലഭിക്കും.,സുഗമമായി ഇംഗ്ലീഷ് സംസാരിക്കുക,Install now,http://play.google.com/store/apps/details?id=yellowclass.kids.live,"Facebook,Instagram,Audience Network,Messenger,Threads",SpeakX ആപ്പിൽ ആത്മവിശ്വാസത്തോടെ ഇംഗ്ലീഷ് സംസാരിക്കുക. വ്യക്തിഗത AI അധ്യാപകൻ ലഭിക്കും.,സുഗമമായി ഇംഗ്ലീഷ് സംസാരിക്കുക,Install now,http://play.google.com/store/apps/details?id=yellowclass.kids.live,Video,"Facebook,Instagram,Audience Network,Messenger,Threads",1,0,1:1,https://video.fblr20-4.fna.fbcdn.net/o1/v/t2/f2/m366/AQOohYf73LoVSQVY0bGoSlxEi2C5q4g1N_oOUgBPqfNAUO2kW6jDUyskVsKPauD6oQh2l5mrMeUUxdJqfwlwuLjFh485Z9ERBrex6nQf9xx_YA.mp4?_nc_cat=106&_nc_oc=AdoGVo97WLVjuTyiLJWWuNiwH5dJR4w_v7XyLhWw28ePp49VeCA-_mo7vOjOjEYvfnzQX2ma1Y20BMfBhj7LtUdr&_nc_sid=b66105&_nc_ht=video.fblr20-4.fna.fbcdn.net&_nc_ohc=xTNXrq_EDmQQ7kNvwGpMnIf&efg=eyJ2ZW5jb2RlX3RhZyI6Inhwdl9wcm9ncmVzc2l2ZS5WSV9VU0VDQVNFX1BST0RVQ1RfVFlQRS4uQzMuNzIwLmRhc2hfaDI2NC1iYXNpYy1nZW4yXzcyMHAiLCJ4cHZfYXNzZXRfaWQiOjk0MTQzMzE1MjE5NzY1NywiYXNzZXRfYWdlX2RheXMiOjYwLCJ2aV91c2VjYXNlX2lkIjoxMDc5OSwiZHVyYXRpb25fcyI6NTQsInVybGdlbl9zb3VyY2UiOiJ3d3cifQ%3D%3D&ccb=17-1&vs=2a69c2f74eaf72dd&_nc_vs=HBksFQIYRWZiX2VwaGVtZXJhbC9FNDRGQjY4NEE2NUMwMzBDRDEwMjcxMTJBMDRFODFCQl9tdF8xX3ZpZGVvX2Rhc2hpbml0Lm1wNBUAAsgBEgAVAhhAZmJfcGVybWFuZW50LzMzNDQ2NjY1N0JDRUJEMUYxNzY4NkNBRjVBNzFGODgwX2F1ZGlvX2Rhc2hpbml0Lm1wNBUCAsgBEgAoABgAGwKIB3VzZV9vaWwBMRJwcm9ncmVzc2l2ZV9yZWNpcGUBMRUAACay0O7Jz46sAxUCKAJDMywXQEtVP3ztkWgYGWRhc2hfaDI2NC1iYXNpYy1nZW4yXzcyMHARAHUAZd6oAQA&_nc_gid=QmHbZSNuJ03fTPxpCQ1Rtw&_nc_ss=7f289&_nc_zt=28&oh=00_Af-FmCWJrds2aKH9j_JuDsIII1MvPrLASBr388tJmO42og&oe=6A462912,https://scontent.fblr20-2.fna.fbcdn.net/v/t39.35426-6/684165238_2080427205866021_7416121710072724691_n.jpg?_nc_cat=104&ccb=1-7&_nc_sid=c53f8f&_nc_ohc=5gD-Pct30UwQ7kNvwG1YJ6Z&_nc_oc=AdqJa5iohNeJkP3Az2xGOuNwJgdx36bcutyFHP_RiP4wOXRcaH02zAx-HYGtNqdJ_1ojvwAk8l8M7bfp3KxvP8bX&_nc_zt=14&_nc_ht=scontent.fblr20-2.fna&_nc_gid=QmHbZSNuJ03fTPxpCQ1Rtw&_nc_ss=7f289&oh=00_Af9vtkG8ec7r8QzBWJ9tZJCbDFw04sabteDVdf6EJ3gioQ&oe=6A462D73,2026-07-02T09:02:10.000Z,2026-06-28
144,138,SpeakX,540653459131632,SpeakX - Learn to Speak English,,IN,1673850550397278,https://www.facebook.com/ads/library/?id=1673850550397278,2026-06-25,,false,false,1,0,,2026-06-25,,English speaking made easy with SpeakX App,Spoken English course,Install now,http://play.google.com/store/apps/details?id=yellowclass.kids.live,"Facebook,Instagram,Messenger,Threads",English speaking made easy with SpeakX App,Spoken English course,Install now,http://play.google.com/store/apps/details?id=yellowclass.kids.live,Video,"Facebook,Instagram,Messenger,Threads",1,0,1:1,https://video.fblr20-3.fna.fbcdn.net/o1/v/t2/f2/m366/AQNAcKrMIdpyWkXlaeBRqtVdIFkiShLgfofN2fcFlfIJlLQfnd0opG7C7MBMEoMYnc-Pf3khZnOnLnkd_1sl8S-NojjV0YOL1YZIoLherWirbQ.mp4?_nc_cat=109&_nc_oc=Adon-HbFfZybGrDiPxABenepv42Sru7x1abJgRqV1EnMe4poKOWI2Kd5X63G_2ZiZ9qZBdgY3sQ6mYJ8TTP1RmMl&_nc_sid=b66105&_nc_ht=video.fblr20-3.fna.fbcdn.net&_nc_ohc=stvmKvTQbKMQ7kNvwEK-xSO&efg=eyJ2ZW5jb2RlX3RhZyI6Inhwdl9wcm9ncmVzc2l2ZS5WSV9VU0VDQVNFX1BST0RVQ1RfVFlQRS4uQzMuNzIwLmRhc2hfaDI2NC1iYXNpYy1nZW4yXzcyMHAiLCJ4cHZfYXNzZXRfaWQiOjIxMzA5MTI3Njc3NTE2MjAsImFzc2V0X2FnZV9kYXlzIjozNywidmlfdXNlY2FzZV9pZCI6MTAxMzksImR1cmF0aW9uX3MiOjY1LCJ1cmxnZW5fc291cmNlIjoid3d3In0%3D&ccb=17-1&vs=7265930b57ad1a4&_nc_vs=HBksFQIYRWZiX2VwaGVtZXJhbC9DMTQyQTk1RkY4RTdFRURCNTE5Mjk3MTkyOTA2N0U5Rl9tdF8xX3ZpZGVvX2Rhc2hpbml0Lm1wNBUAAsgBEgAVAhhAZmJfcGVybWFuZW50LzUzNEFBMzRDRUI0RDM2MkQ4NjE0ODM2NEE3MkMzQzgxX2F1ZGlvX2Rhc2hpbml0Lm1wNBUCAsgBEgAoABgAGwKIB3VzZV9vaWwBMRJwcm9ncmVzc2l2ZV9yZWNpcGUBMRUAACaI142puYPJBxUCKAJDMywXQFBEKPXCj1wYGWRhc2hfaDI2NC1iYXNpYy1nZW4yXzcyMHARAHUAZbaeAQA&_nc_gid=QmHbZSNuJ03fTPxpCQ1Rtw&_nc_ss=7f289&_nc_zt=28&oh=00_Af-pIFIXNBvUIORQgarZeWGnExv9gjrOXu9Dpl0UBBGM4Q&oe=6A4657B7,https://scontent.fblr20-2.fna.fbcdn.net/v/t39.35426-6/729769233_1313597237419592_1522088448995832071_n.jpg?_nc_cat=104&ccb=1-7&_nc_sid=c53f8f&_nc_ohc=S7etoKs-ChgQ7kNvwH709KX&_nc_oc=AdqkT6esciL5L3MNwvBL5R5yFzqgMuCA6C0Ygi0f5YKhx5xtjYW-Gy4RInmYy4gvUwD6ZvtjDFeBwx1xFbK5Cb39&_nc_zt=14&_nc_ht=scontent.fblr20-2.fna&_nc_gid=QmHbZSNuJ03fTPxpCQ1Rtw&_nc_ss=7f289&oh=00_Af_nSplCLU0mv66UNmZgaAxE3upx3s0WivyKLW4QJlp1eg&oe=6A4651A0,2026-07-02T12:21:11.000Z,2026-06-28
145,139,SpeakX,540653459131632,SpeakX - Learn to Speak English,,IN,1522383285399526,https://www.facebook.com/ads/library/?id=1522383285399526,2026-06-22,,false,false,1,0,,2026-06-22,,Ab bina ruke English bolo. Speakx AI tutor ke saath rozana practice karein.,"Learn English, Let's Talk",Install now,http://play.google.com/store/apps/details?id=yellowclass.kids.live,"Facebook,Instagram,Audience Network,Messenger,Threads",Ab bina ruke English bolo. Speakx AI tutor ke saath rozana practice karein.,"Learn English, Let's Talk",Install now,http://play.google.com/store/apps/details?id=yellowclass.kids.live,Video,"Facebook,Instagram,Audience Network,Messenger,Threads",1,0,16:9,https://video.fblr20-2.fna.fbcdn.net/o1/v/t2/f2/m366/AQNB4E3-3eYmuncGuPC8FnjruRVUdcE3FnSpGmAMQ5JuN5JnG_OPoKV1cxWqj3U1buXLz5zZnHhjZUAUBhuYQ_YTwyLq7ctSjddcA5Kw63IPhg.mp4?_nc_cat=102&_nc_oc=Adpit-GquUzgDFr4ReU0GasLo77HUwqOJtLKhnecxwD0LPr4rnDr11Ysg1W-mEqq4AuFzjr0hPitYv8s07VhkkCA&_nc_sid=b66105&_nc_ht=video.fblr20-2.fna.fbcdn.net&_nc_ohc=upoZACl10fkQ7kNvwEKDJPH&efg=eyJ2ZW5jb2RlX3RhZyI6Inhwdl9wcm9ncmVzc2l2ZS5WSV9VU0VDQVNFX1BST0RVQ1RfVFlQRS4uQzMuMTA4MC5kYXNoX2gyNjQtYmFzaWMtZ2VuMl83MjBwIiwieHB2X2Fzc2V0X2lkIjo5NTgzNjAwNzM4ODMyMzAsImFzc2V0X2FnZV9kYXlzIjo1LCJ2aV91c2VjYXNlX2lkIjoxMDEzOSwiZHVyYXRpb25fcyI6NTAsInVybGdlbl9zb3VyY2UiOiJ3d3cifQ%3D%3D&ccb=17-1&vs=ded9565579b40283&_nc_vs=HBksFQIYRWZiX2VwaGVtZXJhbC81NTQyREE4OTBDN0Y1NzczRTMyN0Q4MEI3NkY4QjVBN19tdF8xX3ZpZGVvX2Rhc2hpbml0Lm1wNBUAAsgBEgAVAhhAZmJfcGVybWFuZW50LzU2NEM5QTlCRTg0MEU4ODZCODVBOEEyRkNGMUIzQkFCX2F1ZGlvX2Rhc2hpbml0Lm1wNBUCAsgBEgAoABgAGwKIB3VzZV9vaWwBMRJwcm9ncmVzc2l2ZV9yZWNpcGUBMRUAACa8uar88uezAxUCKAJDMywXQElrxqfvnbIYGWRhc2hfaDI2NC1iYXNpYy1nZW4yXzcyMHARAHUAZbaeAQA&_nc_gid=QmHbZSNuJ03fTPxpCQ1Rtw&_nc_ss=7f289&_nc_zt=28&oh=00_Af-VpgFzZC11EPO5VzD3SmsIJUNzeEc5yj5bc_GUc5K6Ww&oe=6A463776,https://scontent.fblr20-2.fna.fbcdn.net/v/t39.35426-6/729920269_27642027838771343_1914773830049036310_n.jpg?_nc_cat=104&ccb=1-7&_nc_sid=c53f8f&_nc_ohc=E_Iz_0U-Q7wQ7kNvwE0cqIi&_nc_oc=AdrHON62c7-uGuiBYaQY-PNYE1V_Ov6g0cycgdEGeK7BYdXja_hxCuf5u1OxiVp-bPx3reoql0trrMPrkC-4SFtv&_nc_zt=14&_nc_ht=scontent.fblr20-2.fna&_nc_gid=QmHbZSNuJ03fTPxpCQ1Rtw&_nc_ss=7f289&oh=00_Af86y71DdivHXqFyuL_gCcYcL16IjjiVDPgCQg5ms6VgEQ&oe=6A4656F7,2026-07-02T10:03:34.000Z,2026-06-28
146,140,SpeakX,540653459131632,SpeakX - Learn to Speak English,,IN,1000607919565492,https://www.facebook.com/ads/library/?id=1000607919565492,2026-06-22,,false,false,1,0,,2026-06-22,,Ab bina ruke English bolo. Speakx AI tutor ke saath rozana practice karein.,"Learn English, Let's Talk",Install now,http://play.google.com/store/apps/details?id=yellowclass.kids.live,"Facebook,Instagram,Audience Network,Messenger,Threads",Ab bina ruke English bolo. Speakx AI tutor ke saath rozana practice karein.,"Learn English, Let's Talk",Install now,http://play.google.com/store/apps/details?id=yellowclass.kids.live,Video,"Facebook,Instagram,Audience Network,Messenger,Threads",1,0,16:9,https://video.fblr20-1.fna.fbcdn.net/o1/v/t2/f2/m366/AQMk8VbdIWH1zvApi_DyfhDVn8RSy6aPv4NlVD0OLkQJJPPD5booYAitCfx2JCTE8RiZuwCbsHp7T50xHdpNyH6lsXluwUDnFeSaZtDyaAFbkg.mp4?_nc_cat=108&_nc_oc=Adp88rDn_hNvIKcitvD4-Cd23KxvcziCquesHyoY7lM9jmy2DeFaGb40D6_YUJ1Bp3lqSFwlRAjGAr7gtK2b0vyZ&_nc_sid=b66105&_nc_ht=video.fblr20-1.fna.fbcdn.net&_nc_ohc=KTDAHqZwWtUQ7kNvwGPzOkL&efg=eyJ2ZW5jb2RlX3RhZyI6Inhwdl9wcm9ncmVzc2l2ZS5WSV9VU0VDQVNFX1BST0RVQ1RfVFlQRS4uQzMuMTIwMC5kYXNoX2gyNjQtYmFzaWMtZ2VuMl83MjBwIiwieHB2X2Fzc2V0X2lkIjo0NTY2NzY5MDI2OTEzNjQ4LCJhc3NldF9hZ2VfZGF5cyI6NSwidmlfdXNlY2FzZV9pZCI6MTAxMzksImR1cmF0aW9uX3MiOjUzLCJ1cmxnZW5fc291cmNlIjoid3d3In0%3D&ccb=17-1&vs=9b127c180fece560&_nc_vs=HBksFQIYRWZiX2VwaGVtZXJhbC80OTRCNEVGNEJERDcwQUYxMjREM0YwRUQwQkUwREZBM19tdF8xX3ZpZGVvX2Rhc2hpbml0Lm1wNBUAAsgBEgAVAhhAZmJfcGVybWFuZW50L0JFNDYzODlCQjI4NjI2QTY4RDdDQTZEOUZEOUQyMUI4X2F1ZGlvX2Rhc2hpbml0Lm1wNBUCAsgBEgAoABgAGwKIB3VzZV9vaWwBMRJwcm9ncmVzc2l2ZV9yZWNpcGUBMRUAACbg1fbZ-NycEBUCKAJDMywXQEr3bItDlYEYGWRhc2hfaDI2NC1iYXNpYy1nZW4yXzcyMHARAHUAZbaeAQA&_nc_gid=QmHbZSNuJ03fTPxpCQ1Rtw&_nc_ss=7f289&_nc_zt=28&oh=00_Af--m6kJ4eCxV3j9ZfJi8-rvHJP8UXjpV2J8xcdLhBTJLw&oe=6A464C08,https://scontent.fblr20-1.fna.fbcdn.net/v/t39.35426-6/731093715_2300100217480074_6590025581039901821_n.jpg?_nc_cat=108&ccb=1-7&_nc_sid=c53f8f&_nc_ohc=LP6Em26g9DYQ7kNvwH9f7qt&_nc_oc=AdoTNnjXnAJZzNbrx3zkqOSfqfbV4jtehLqknqtTs_caxzOLvKnxLCdfxaaczYgmoNHwSn0YaQCy3H0qSYZ30XEe&_nc_zt=14&_nc_ht=scontent.fblr20-1.fna&_nc_gid=QmHbZSNuJ03fTPxpCQ1Rtw&_nc_ss=7f289&oh=00_Af9Vd5ARAzN3aEjwVPenqvdpAww1dsB02_g2McoLxizP7g&oe=6A4636C2,2026-07-02T11:31:20.000Z,2026-06-28
147,141,SpeakX,540653459131632,SpeakX - Learn to Speak English,,IN,2277051736458243,https://www.facebook.com/ads/library/?id=2277051736458243,2026-06-24,,false,false,1,0,,2026-06-24,,"10 லட்சம்+ கற்றவர்களுடன் சேர்ந்து, உங்கள் AI ஆசிரியருடன் தாராளமாக ஆங்கிலம் பேசுங்கள்",ஆங்கிலம் கற்றுக்கொண்டு தாராளமாக பேசுங்கள்,Install now,http://play.google.com/store/apps/details?id=yellowclass.kids.live,"Facebook,Instagram,Audience Network,Messenger,Threads","10 லட்சம்+ கற்றவர்களுடன் சேர்ந்து, உங்கள் AI ஆசிரியருடன் தாராளமாக ஆங்கிலம் பேசுங்கள்",ஆங்கிலம் கற்றுக்கொண்டு தாராளமாக பேசுங்கள்,Install now,http://play.google.com/store/apps/details?id=yellowclass.kids.live,Video,"Facebook,Instagram,Audience Network,Messenger,Threads",1,0,1:1,https://video.fblr20-1.fna.fbcdn.net/o1/v/t2/f2/m366/AQP4CbCmirLKNvAY-EP4-RrwG12GT9j-Pu5Wp7hI5YcetLAtrndEI9leaM0RJA9Vu_E1WxyBJJzoARB8Rg4ooNbI7cXKq36Yjz7b95yLPsOOEw.mp4?_nc_cat=108&_nc_oc=Adp9RbfsR_YZAXNKFUZ2HkoLXe8y5V0KhWHRMLitqprWETtHYNlAX92suOQm4XTaH1JGOmZEQEOORziu-7AIhfTr&_nc_sid=b66105&_nc_ht=video.fblr20-1.fna.fbcdn.net&_nc_ohc=xxJGASjDJCMQ7kNvwHwcVJx&efg=eyJ2ZW5jb2RlX3RhZyI6Inhwdl9wcm9ncmVzc2l2ZS5WSV9VU0VDQVNFX1BST0RVQ1RfVFlQRS4uQzMuNzIwLmRhc2hfaDI2NC1iYXNpYy1nZW4yXzcyMHAiLCJ4cHZfYXNzZXRfaWQiOjIwOTMyMTk4NjgyMDg1MjAsImFzc2V0X2FnZV9kYXlzIjoyLCJ2aV91c2VjYXNlX2lkIjoxMDEzOSwiZHVyYXRpb25fcyI6OTksInVybGdlbl9zb3VyY2UiOiJ3d3cifQ%3D%3D&ccb=17-1&vs=2758e58fb2ab5040&_nc_vs=HBksFQIYRWZiX2VwaGVtZXJhbC83NDQzOUFERUM0MEVDQTNERjI0MjYwRDU4NzcxQzQ5MF9tdF8xX3ZpZGVvX2Rhc2hpbml0Lm1wNBUAAsgBEgAVAhhAZmJfcGVybWFuZW50LzA4NDRGQkFBQ0RENjNCMjFFQkI1QjA5MTI0QjU1NzlGX2F1ZGlvX2Rhc2hpbml0Lm1wNBUCAsgBEgAoABgAGwKIB3VzZV9vaWwBMRJwcm9ncmVzc2l2ZV9yZWNpcGUBMRUAACaQtvOqt_G3BxUCKAJDMywXQFj4UeuFHrgYGWRhc2hfaDI2NC1iYXNpYy1nZW4yXzcyMHARAHUAZbaeAQA&_nc_gid=5bVjKj0C4zgcorIWjyx33A&_nc_ss=7f289&_nc_zt=28&oh=00_Af9G9wUY0oM2YlW6kYJIp3xIIK8jGzkv1XbXw03nlhwc1g&oe=6A4656B4,https://scontent.fblr20-1.fna.fbcdn.net/v/t39.35426-6/730653547_1332791915637394_2403039490215334086_n.jpg?_nc_cat=108&ccb=1-7&_nc_sid=c53f8f&_nc_ohc=6v-wSVl1i7gQ7kNvwH4AHqc&_nc_oc=AdrECHkT6dS_n99TRcexhPq1b90P8PtSVwNn4E8nSSAlwGDFJoH_5njqO522UFbPAsNR3iWV_GxHWPvgMXh2BDea&_nc_zt=14&_nc_ht=scontent.fblr20-1.fna&_nc_gid=5bVjKj0C4zgcorIWjyx33A&_nc_ss=7f289&oh=00_Af-q83pfpx9Ws9dEJWjmAab1qo_neeMpkJiXA6CjAkQGkw&oe=6A465A61,2026-07-02T12:16:52.000Z,2026-06-28
148,142,SpeakX,540653459131632,SpeakX - Learn to Speak English,,IN,1316777246578170,https://www.facebook.com/ads/library/?id=1316777246578170,2026-06-01,,false,false,1,0,,2026-06-01,,SpeakX ആപ്പിൽ ആത്മവിശ്വാസത്തോടെ ഇംഗ്ലീഷ് സംസാരിക്കുക. വ്യക്തിഗത AI അധ്യാപകൻ ലഭിക്കും.,സുഗമമായി ഇംഗ്ലീഷ് സംസാരിക്കുക,Install now,http://play.google.com/store/apps/details?id=yellowclass.kids.live,"Facebook,Instagram,Audience Network,Messenger,Threads",SpeakX ആപ്പിൽ ആത്മവിശ്വാസത്തോടെ ഇംഗ്ലീഷ് സംസാരിക്കുക. വ്യക്തിഗത AI അധ്യാപകൻ ലഭിക്കും.,സുഗമമായി ഇംഗ്ലീഷ് സംസാരിക്കുക,Install now,http://play.google.com/store/apps/details?id=yellowclass.kids.live,Video,"Facebook,Instagram,Audience Network,Messenger,Threads",1,0,1:1,https://video.fblr20-5.fna.fbcdn.net/o1/v/t2/f2/m366/AQPnNyqOG5Z813p3zRecwTkz65ts6K_ZjQ745fgd9bQ1XoeROV01vnHMVxG0nBFOSiy8Dw4g1zBnnPS5Oc2EGAUf9TI_rKA_NP1zirjFx5z2Eg.mp4?_nc_cat=107&_nc_oc=Adq0yW-onsPK4pH8EQobStql7jD-5_J45mRQM4e4dPTesKpNn-x8Ml3mW-9YYoJ2IXnLZ8q57H6-leeBYJRrQjlg&_nc_sid=b66105&_nc_ht=video.fblr20-5.fna.fbcdn.net&_nc_ohc=CqAAPU4MM78Q7kNvwEziJr5&efg=eyJ2ZW5jb2RlX3RhZyI6Inhwdl9wcm9ncmVzc2l2ZS5WSV9VU0VDQVNFX1BST0RVQ1RfVFlQRS4uQzMuNzIwLmRhc2hfaDI2NC1iYXNpYy1nZW4yXzcyMHAiLCJ4cHZfYXNzZXRfaWQiOjI0MTEzNTczODkzNDgxMTEsImFzc2V0X2FnZV9kYXlzIjoyOCwidmlfdXNlY2FzZV9pZCI6MTAxMzksImR1cmF0aW9uX3MiOjUxLCJ1cmxnZW5fc291cmNlIjoid3d3In0%3D&ccb=17-1&vs=c98fb15354549b5d&_nc_vs=HBksFQIYRWZiX2VwaGVtZXJhbC9DMDQ1REExN0QxMUFBMkM1OTM1MDVERTRERjJGM0Y5Q19tdF8xX3ZpZGVvX2Rhc2hpbml0Lm1wNBUAAsgBEgAVAhhAZmJfcGVybWFuZW50L0I5NEQ0NkE3MzY0OEM3NTI2NURGQkYyRjQ1N0IwRTg1X2F1ZGlvX2Rhc2hpbml0Lm1wNBUCAsgBEgAoABgAGwKIB3VzZV9vaWwBMRJwcm9ncmVzc2l2ZV9yZWNpcGUBMRUAACae9PLJvMfICBUCKAJDMywXQEmVP3ztkWgYGWRhc2hfaDI2NC1iYXNpYy1nZW4yXzcyMHARAHUAZbaeAQA&_nc_gid=5bVjKj0C4zgcorIWjyx33A&_nc_ss=7f289&_nc_zt=28&oh=00_Af8p7sLRMTCPZ7YfGe81Jo6ketyiHWaCVksyBnJjwlTx5Q&oe=6A4657C1,https://scontent.fblr20-2.fna.fbcdn.net/v/t39.35426-6/709205747_1755660275293692_3592205409496998372_n.jpg?_nc_cat=102&ccb=1-7&_nc_sid=c53f8f&_nc_ohc=HMVUQyF5RRUQ7kNvwGSEfHP&_nc_oc=AdqIlEUlj6mDUoYYa0j9RrVHEsrSbEmcMDzwryR9r1tdZarXULErC5hB6MaOET9SAabT5wx54ckPhnvvj_08lJPY&_nc_zt=14&_nc_ht=scontent.fblr20-2.fna&_nc_gid=5bVjKj0C4zgcorIWjyx33A&_nc_ss=7f289&oh=00_Af9NIQO9nE_idgFnRouQh7m_FISrbp7I30emAKG3RSC5HQ&oe=6A463107,2026-07-02T12:21:21.000Z,2026-06-28
149,143,SpeakX,540653459131632,SpeakX - Learn to Speak English,,IN,1812790096772217,https://www.facebook.com/ads/library/?id=1812790096772217,2026-06-05,,false,false,1,0,,2026-06-05,,"10 லட்சம்+ கற்றவர்களுடன் சேர்ந்து, உங்கள் AI ஆசிரியருடன் தாராளமாக ஆங்கிலம் பேசுங்கள்",ஆங்கிலம் கற்றுக்கொண்டு தாராளமாக பேசுங்கள்,Install now,http://play.google.com/store/apps/details?id=yellowclass.kids.live,"Facebook,Instagram,Audience Network,Messenger,Threads","10 லட்சம்+ கற்றவர்களுடன் சேர்ந்து, உங்கள் AI ஆசிரியருடன் தாராளமாக ஆங்கிலம் பேசுங்கள்",ஆங்கிலம் கற்றுக்கொண்டு தாராளமாக பேசுங்கள்,Install now,http://play.google.com/store/apps/details?id=yellowclass.kids.live,Video,"Facebook,Instagram,Audience Network,Messenger,Threads",1,0,1:1,https://video.fblr20-4.fna.fbcdn.net/o1/v/t2/f2/m366/AQPFOZmlldsd74qwYNaJdvzYI5X9XeKRpvOyU7mGukNOwG-EiciuGtXY489mXjeNH1fxaUMTytfwXxfXCCx7YgVJUXvBSod-rMiVcz0fURipjQ.mp4?_nc_cat=106&_nc_oc=AdpT_AjyuCG0-Yre3D_gslUgbbUNL1fmk2QAb138XWKd6g5FAG578ohiPYD-2IXQhoU1DQNMY_EffNvoJtaAG4_A&_nc_sid=b66105&_nc_ht=video.fblr20-4.fna.fbcdn.net&_nc_ohc=vlvBDOFZanUQ7kNvwF7HNgP&efg=eyJ2ZW5jb2RlX3RhZyI6Inhwdl9wcm9ncmVzc2l2ZS5WSV9VU0VDQVNFX1BST0RVQ1RfVFlQRS4uQzMuNzIwLmRhc2hfaDI2NC1iYXNpYy1nZW4yXzcyMHAiLCJ4cHZfYXNzZXRfaWQiOjE1MjUzODkyMjYwMzg4ODQsImFzc2V0X2FnZV9kYXlzIjo1OCwidmlfdXNlY2FzZV9pZCI6MTA3OTksImR1cmF0aW9uX3MiOjY4LCJ1cmxnZW5fc291cmNlIjoid3d3In0%3D&ccb=17-1&vs=c49670eec498df59&_nc_vs=HBksFQIYRWZiX2VwaGVtZXJhbC9BNzQyM0YzOTg1NDhFQ0Y0RDhCQkI2NkEzNkFDODg4RV9tdF8xX3ZpZGVvX2Rhc2hpbml0Lm1wNBUAAsgBEgAVAhhAZmJfcGVybWFuZW50LzVENEY3M0NEMDAwRUJCODg3NDQ2OEU3ODE1RDg0MzhBX2F1ZGlvX2Rhc2hpbml0Lm1wNBUCAsgBEgAoABgAGwKIB3VzZV9vaWwBMRJwcm9ncmVzc2l2ZV9yZWNpcGUBMRUAACbI2bKvq9W1BRUCKAJDMywXQFEpqfvnbIsYGWRhc2hfaDI2NC1iYXNpYy1nZW4yXzcyMHARAHUAZd6oAQA&_nc_gid=5bVjKj0C4zgcorIWjyx33A&_nc_ss=7f289&_nc_zt=28&oh=00_Af9Q7iM65cHfI7B9hKCszv6x8KHdioMNP3IVQub-2J8VAA&oe=6A4630FE,https://scontent.fblr20-3.fna.fbcdn.net/v/t39.35426-6/683050128_962121563130498_6296634881323971443_n.jpg?_nc_cat=109&ccb=1-7&_nc_sid=c53f8f&_nc_ohc=CGXyOcikth4Q7kNvwHFehSX&_nc_oc=AdqSa_8QyWPVUHlBSJgSiaiiNUfxkyWMarJBvwTV5lF--uJFaK7EBgp50ixnO--S9Saswmi8Fa0sPRuvqfpD2tRB&_nc_zt=14&_nc_ht=scontent.fblr20-3.fna&_nc_gid=5bVjKj0C4zgcorIWjyx33A&_nc_ss=7f289&oh=00_Af8IMYwiKAIcYZtAmnjT0C-hpL_O6krqQHF4UzP7MWZgwg&oe=6A4656AA,2026-07-02T09:35:58.000Z,2026-06-28
150,144,SpeakX,540653459131632,SpeakX - Learn to Speak English,,IN,1524280652525589,https://www.facebook.com/ads/library/?id=1524280652525589,2026-06-24,,false,false,1,0,,2026-06-24,,"10 லட்சம்+ கற்றவர்களுடன் சேர்ந்து, உங்கள் AI ஆசிரியருடன் தாராளமாக ஆங்கிலம் பேசுங்கள்",ஆங்கிலம் கற்றுக்கொண்டு தாராளமாக பேசுங்கள்,Install now,http://play.google.com/store/apps/details?id=yellowclass.kids.live,"Facebook,Instagram,Audience Network,Messenger,Threads","10 லட்சம்+ கற்றவர்களுடன் சேர்ந்து, உங்கள் AI ஆசிரியருடன் தாராளமாக ஆங்கிலம் பேசுங்கள்",ஆங்கிலம் கற்றுக்கொண்டு தாராளமாக பேசுங்கள்,Install now,http://play.google.com/store/apps/details?id=yellowclass.kids.live,Video,"Facebook,Instagram,Audience Network,Messenger,Threads",1,0,1:1,https://video.fblr20-3.fna.fbcdn.net/o1/v/t2/f2/m366/AQMZFFoifDraANhBiLZ6jzIy8JLboK5EuTU3nmnuE-209BUkwUX3WFlgYgzVv7LYm1XnJbQuGRerPnfkSCfh61D38K72Ijso3nF1BUAqlqNexw.mp4?_nc_cat=109&_nc_oc=AdqUvifYlbH5J6oizmYLDv5KodTKN_y5TglfZJKt4-qMEV_SE8YeBHkAXD-h2qw6rgprr8nX9ZDmQZA83heEYDM4&_nc_sid=b66105&_nc_ht=video.fblr20-3.fna.fbcdn.net&_nc_ohc=0Dg7luPYKZMQ7kNvwHT39vu&efg=eyJ2ZW5jb2RlX3RhZyI6Inhwdl9wcm9ncmVzc2l2ZS5WSV9VU0VDQVNFX1BST0RVQ1RfVFlQRS4uQzMuNzIwLmRhc2hfaDI2NC1iYXNpYy1nZW4yXzcyMHAiLCJ4cHZfYXNzZXRfaWQiOjI1NzExNjE2Nzk5NDgzNTYsImFzc2V0X2FnZV9kYXlzIjoyLCJ2aV91c2VjYXNlX2lkIjoxMDEzOSwiZHVyYXRpb25fcyI6OTcsInVybGdlbl9zb3VyY2UiOiJ3d3cifQ%3D%3D&ccb=17-1&vs=6437aa8131a92bb4&_nc_vs=HBksFQIYRWZiX2VwaGVtZXJhbC8zRjQyMjYzQTQ1NjIzMkJENjNCQkRDMjA3Nzg0QTc5NF9tdF8xX3ZpZGVvX2Rhc2hpbml0Lm1wNBUAAsgBEgAVAhhAZmJfcGVybWFuZW50L0RFNDlCREU2NUY4QzUyOTlFQjUzNDczRDM0RjBCQkI1X2F1ZGlvX2Rhc2hpbml0Lm1wNBUCAsgBEgAoABgAGwKIB3VzZV9vaWwBMRJwcm9ncmVzc2l2ZV9yZWNpcGUBMRUAACaIqb-pp52RCRUCKAJDMywXQFhuFHrhR64YGWRhc2hfaDI2NC1iYXNpYy1nZW4yXzcyMHARAHUAZbaeAQA&_nc_gid=5bVjKj0C4zgcorIWjyx33A&_nc_ss=7f289&_nc_zt=28&oh=00_Af8SmhU3v6fgZitmQZ-hIa5wof4ANV96KqVkwSkaR9SGQQ&oe=6A46490B,https://scontent.fblr20-4.fna.fbcdn.net/v/t39.35426-6/728969806_2222967775168478_7976631952646862378_n.jpg?_nc_cat=103&ccb=1-7&_nc_sid=c53f8f&_nc_ohc=l_g8A_OfQKgQ7kNvwF0fLRt&_nc_oc=AdrJBF9QzjQ9aGA1PaHVQS-osKzjtGUc6Nu6zb77pikXbToyBHdPpzhgWgMd5xHniJdHRcDSsWtKL4NumwxbQpt1&_nc_zt=14&_nc_ht=scontent.fblr20-4.fna&_nc_gid=5bVjKj0C4zgcorIWjyx33A&_nc_ss=7f289&oh=00_Af_3X8zPtlr9N5P3AymelIrEm9-HX5TVkdZMPpUpwdQvuQ&oe=6A465E0F,2026-07-02T11:18:35.000Z,2026-06-28
151,145,SpeakX,540653459131632,SpeakX - Learn to Speak English,,IN,1409116061125049,https://www.facebook.com/ads/library/?id=1409116061125049,2026-06-24,,false,false,1,0,,2026-06-24,,SpeakX ആപ്പിൽ ആത്മവിശ്വാസത്തോടെ ഇംഗ്ലീഷ് സംസാരിക്കുക. വ്യക്തിഗത AI അധ്യാപകൻ ലഭിക്കും.,സുഗമമായി ഇംഗ്ലീഷ് സംസാരിക്കുക,Install now,http://play.google.com/store/apps/details?id=yellowclass.kids.live,"Facebook,Instagram,Audience Network,Messenger,Threads",SpeakX ആപ്പിൽ ആത്മവിശ്വാസത്തോടെ ഇംഗ്ലീഷ് സംസാരിക്കുക. വ്യക്തിഗത AI അധ്യാപകൻ ലഭിക്കും.,സുഗമമായി ഇംഗ്ലീഷ് സംസാരിക്കുക,Install now,http://play.google.com/store/apps/details?id=yellowclass.kids.live,Video,"Facebook,Instagram,Audience Network,Messenger,Threads",1,0,1:1,https://video.fblr20-1.fna.fbcdn.net/o1/v/t2/f2/m366/AQNBJTDAarJQxnWvafgx6YhSaIHqkmfey7O3pfIVrINEhvwD6WI_Uu9gwWUOY8sMwxUdEyscTaCLkPErERFts1q3qlasNZbnZ9GqELCMxXb7QA.mp4?_nc_cat=108&_nc_oc=AdqjLcA1Aqe4SNUHAhEDenfzyUswnLc-eGIQNWr7dFra7XPUUx2hMWNa5EOSRc983yC6IGlyBE7mkTaoprDXD03U&_nc_sid=b66105&_nc_ht=video.fblr20-1.fna.fbcdn.net&_nc_ohc=q3uKp6Ya4T8Q7kNvwHD6am6&efg=eyJ2ZW5jb2RlX3RhZyI6Inhwdl9wcm9ncmVzc2l2ZS5WSV9VU0VDQVNFX1BST0RVQ1RfVFlQRS4uQzMuNzIwLmRhc2hfaDI2NC1iYXNpYy1nZW4yXzcyMHAiLCJ4cHZfYXNzZXRfaWQiOjI4OTI0Nzk4Nzc3NjEwNDYsImFzc2V0X2FnZV9kYXlzIjoyLCJ2aV91c2VjYXNlX2lkIjoxMDEzOSwiZHVyYXRpb25fcyI6NTUsInVybGdlbl9zb3VyY2UiOiJ3d3cifQ%3D%3D&ccb=17-1&vs=523506dff3b1fe16&_nc_vs=HBksFQIYRWZiX2VwaGVtZXJhbC81NzRDNUJCQ0U1NDM2MUY3MUU0NUFDMzE4Njc3ODc5MF9tdF8xX3ZpZGVvX2Rhc2hpbml0Lm1wNBUAAsgBEgAVAhhAZmJfcGVybWFuZW50LzgxNDJFNEQyMkFGNTA5MUZCRDI4MDI3NTc5NjA3Mjk1X2F1ZGlvX2Rhc2hpbml0Lm1wNBUCAsgBEgAoABgAGwKIB3VzZV9vaWwBMRJwcm9ncmVzc2l2ZV9yZWNpcGUBMRUAACasoJK6vqyjChUCKAJDMywXQEuZmZmZmZoYGWRhc2hfaDI2NC1iYXNpYy1nZW4yXzcyMHARAHUAZbaeAQA&_nc_gid=5bVjKj0C4zgcorIWjyx33A&_nc_ss=7f289&_nc_zt=28&oh=00_Af-emKolvaonrsLMB6BDYabzErfwprL1LX31nfjiIY9xVw&oe=6A464764,https://scontent.fblr20-2.fna.fbcdn.net/v/t39.35426-6/730022112_981795024686250_2566883623184590494_n.jpg?_nc_cat=102&ccb=1-7&_nc_sid=c53f8f&_nc_ohc=Gl531gDRgMEQ7kNvwHN3pTF&_nc_oc=Adp5e5Psag2UlJkCeMlzt0ke3rVYAcL2-UfOGufWx-VuRONFMOd1k0txydizxcJahBu79gm7kenv7t1GUrDi_6P5&_nc_zt=14&_nc_ht=scontent.fblr20-2.fna&_nc_gid=5bVjKj0C4zgcorIWjyx33A&_nc_ss=7f289&oh=00_Af-mlvdhCEObBMETqEtmh-9AVJQngrfs4C6_sY1AnHU1pg&oe=6A464B6D,2026-07-02T11:11:32.000Z,2026-06-28
152,146,SpeakX,540653459131632,SpeakX - Learn to Speak English,,IN,1283594347179158,https://www.facebook.com/ads/library/?id=1283594347179158,2026-06-01,,false,false,1,0,,2026-06-01,,"10 லட்சம்+ கற்றவர்களுடன் சேர்ந்து, உங்கள் AI ஆசிரியருடன் தாராளமாக ஆங்கிலம் பேசுங்கள்",ஆங்கிலம் கற்றுக்கொண்டு தாராளமாக பேசுங்கள்,Install now,http://play.google.com/store/apps/details?id=yellowclass.kids.live,"Facebook,Instagram,Audience Network,Messenger,Threads","10 லட்சம்+ கற்றவர்களுடன் சேர்ந்து, உங்கள் AI ஆசிரியருடன் தாராளமாக ஆங்கிலம் பேசுங்கள்",ஆங்கிலம் கற்றுக்கொண்டு தாராளமாக பேசுங்கள்,Install now,http://play.google.com/store/apps/details?id=yellowclass.kids.live,Video,"Facebook,Instagram,Audience Network,Messenger,Threads",1,0,1:1,https://video.fblr20-4.fna.fbcdn.net/o1/v/t2/f2/m366/AQPsyq2UA-QhfM_QZgmVNicVvvvBsESPwTJrZDV6hq0y_XDvHO1Qg7ELMIvWcrImIVYDCiI8ypu3SUtHnfnmTacbgXZ3LUv49waH02LgwCLx-A.mp4?_nc_cat=103&_nc_oc=AdrOe4scp58Jh9Wpl4jqIoMIwjPbbuAnKFOYI1HE8IyFKq-WGXWamUJmt-i4VKeRCgr0KdaSEWY0obZtEcoD6_6n&_nc_sid=b66105&_nc_ht=video.fblr20-4.fna.fbcdn.net&_nc_ohc=lhoC7G0m5EAQ7kNvwFPfUo-&efg=eyJ2ZW5jb2RlX3RhZyI6Inhwdl9wcm9ncmVzc2l2ZS5WSV9VU0VDQVNFX1BST0RVQ1RfVFlQRS4uQzMuNzIwLmRhc2hfaDI2NC1iYXNpYy1nZW4yXzcyMHAiLCJ4cHZfYXNzZXRfaWQiOjI3Nzg0NDQwNTkxOTE1MTUsImFzc2V0X2FnZV9kYXlzIjoyOCwidmlfdXNlY2FzZV9pZCI6MTAxMzksImR1cmF0aW9uX3MiOjQ1LCJ1cmxnZW5fc291cmNlIjoid3d3In0%3D&ccb=17-1&vs=183782adee2384cb&_nc_vs=HBksFQIYRWZiX2VwaGVtZXJhbC8yRjQ1NzM5MkZENDFFREVDRURCOUE5N0U0MTZERDM4MF9tdF8xX3ZpZGVvX2Rhc2hpbml0Lm1wNBUAAsgBEgAVAhhAZmJfcGVybWFuZW50LzI5NDJGNDVGRTUzOTJBNDkyQjgzQzNEM0ZGNDlDQjgwX2F1ZGlvX2Rhc2hpbml0Lm1wNBUCAsgBEgAoABgAGwKIB3VzZV9vaWwBMRJwcm9ncmVzc2l2ZV9yZWNpcGUBMRUAACa2o-my3b7vCRUCKAJDMywXQEbAAAAAAAAYGWRhc2hfaDI2NC1iYXNpYy1nZW4yXzcyMHARAHUAZbaeAQA&_nc_gid=5bVjKj0C4zgcorIWjyx33A&_nc_ss=7f289&_nc_zt=28&oh=00_Af985zW_42fNhiTz1tj-rjFLmPYPOdiWsAO2t2gIPUpxnQ&oe=6A464BFD,https://scontent.fblr20-5.fna.fbcdn.net/v/t39.35426-6/710745765_1913310176042221_628737390972607198_n.jpg?_nc_cat=107&ccb=1-7&_nc_sid=c53f8f&_nc_ohc=IIOcK0NIAKwQ7kNvwHFHrLB&_nc_oc=Adpf5ZnufndQ9JoS_vs8Kns7O3WMLYgpO8UBDBqs4PlFsOJ0HRjhamn-OSk9XRVHJI6kpMXeJJzV4epgPBTA1Arv&_nc_zt=14&_nc_ht=scontent.fblr20-5.fna&_nc_gid=5bVjKj0C4zgcorIWjyx33A&_nc_ss=7f289&oh=00_Af9KboditNsN9WL-XeXApkXhrFga6Imyi76wpPowkPJqxQ&oe=6A462CAC,2026-07-02T11:31:09.000Z,2026-06-28
153,147,SpeakX,540653459131632,SpeakX - Learn to Speak English,,IN,1385625296768441,https://www.facebook.com/ads/library/?id=1385625296768441,2026-06-02,,false,false,1,0,,2026-06-02,,"10 லட்சம்+ கற்றவர்களுடன் சேர்ந்து, உங்கள் AI ஆசிரியருடன் தாராளமாக ஆங்கிலம் பேசுங்கள்",ஆங்கிலம் கற்றுக்கொண்டு தாராளமாக பேசுங்கள்,Install now,http://play.google.com/store/apps/details?id=yellowclass.kids.live,"Facebook,Instagram,Audience Network,Messenger,Threads","10 லட்சம்+ கற்றவர்களுடன் சேர்ந்து, உங்கள் AI ஆசிரியருடன் தாராளமாக ஆங்கிலம் பேசுங்கள்",ஆங்கிலம் கற்றுக்கொண்டு தாராளமாக பேசுங்கள்,Install now,http://play.google.com/store/apps/details?id=yellowclass.kids.live,Video,"Facebook,Instagram,Audience Network,Messenger,Threads",1,0,1:1,https://video.fblr20-5.fna.fbcdn.net/o1/v/t2/f2/m366/AQOdGTzmxH0xQIlhFjCOeIGy9qbdy7hItlJVzgrGXXDNI2aTHKwh3BJzDd6p8Tt6tuN2Hdro_tkPJ48-ly0pYh1RNZ3qmTPydEDe0dK2q0TYgQ.mp4?_nc_cat=107&_nc_oc=AdrBPs0Dwq3LlxGb5LmXoXw6Au2wi45azeYc130pvl6ORj_b_JcJJJyhapU0xwhmfDCmMObno74UuE31Ml80KGFc&_nc_sid=b66105&_nc_ht=video.fblr20-5.fna.fbcdn.net&_nc_ohc=NRNwKty9dlEQ7kNvwH0CgOo&efg=eyJ2ZW5jb2RlX3RhZyI6Inhwdl9wcm9ncmVzc2l2ZS5WSV9VU0VDQVNFX1BST0RVQ1RfVFlQRS4uQzMuNzIwLmRhc2hfaDI2NC1iYXNpYy1nZW4yXzcyMHAiLCJ4cHZfYXNzZXRfaWQiOjE1MzUyMjU2NTQ2MTMzMDYsImFzc2V0X2FnZV9kYXlzIjoyOCwidmlfdXNlY2FzZV9pZCI6MTAxMzksImR1cmF0aW9uX3MiOjM0LCJ1cmxnZW5fc291cmNlIjoid3d3In0%3D&ccb=17-1&vs=87adee930e92242d&_nc_vs=HBksFQIYRWZiX2VwaGVtZXJhbC9BRTQ1MDMzMEIyMkU4OTQ3QzhCMUZFMDEwRTE2QTJCNV9tdF8xX3ZpZGVvX2Rhc2hpbml0Lm1wNBUAAsgBEgAVAhhAZmJfcGVybWFuZW50L0M1NDAwMEQyODlDNzVDNTdDN0JDRkM0RTA2OTBCNEIwX2F1ZGlvX2Rhc2hpbml0Lm1wNBUCAsgBEgAoABgAGwKIB3VzZV9vaWwBMRJwcm9ncmVzc2l2ZV9yZWNpcGUBMRUAACb01Ni88pG6BRUCKAJDMywXQEEPXCj1wo8YGWRhc2hfaDI2NC1iYXNpYy1nZW4yXzcyMHARAHUAZbaeAQA&_nc_gid=5bVjKj0C4zgcorIWjyx33A&_nc_ss=7f289&_nc_zt=28&oh=00_Af9YFj-kVnI8w-FXzTwWv6PmFYRa-7UnGlhTd1lsxda6hw&oe=6A462B41,https://scontent.fblr20-1.fna.fbcdn.net/v/t39.35426-6/710447535_1917649215834722_8541652767904414870_n.jpg?_nc_cat=110&ccb=1-7&_nc_sid=c53f8f&_nc_ohc=Pl_DEWWslCIQ7kNvwFbcFKC&_nc_oc=Ado87q0KbCIb-WxNKj9iVuMZ05QPF5mRcn6x_gJGdyFJXWat-vXXnBRfaMFTqeI9HOO1GaUbCLjkJE-rAsSGmq4_&_nc_zt=14&_nc_ht=scontent.fblr20-1.fna&_nc_gid=5bVjKj0C4zgcorIWjyx33A&_nc_ss=7f289&oh=00_Af83Rx8_s3weUCX3G7KAzBf7sZd8r0CqiJK06F6KdbuKig&oe=6A4652CE,2026-07-02T09:11:29.000Z,2026-06-28
154,148,SpeakX,540653459131632,SpeakX - Learn to Speak English,,IN,2153696831865015,https://www.facebook.com/ads/library/?id=2153696831865015,2026-06-24,,false,false,1,0,,2026-06-24,,SpeakX ആപ്പിൽ ആത്മവിശ്വാസത്തോടെ ഇംഗ്ലീഷ് സംസാരിക്കുക. വ്യക്തിഗത AI അധ്യാപകൻ ലഭിക്കും.,സുഗമമായി ഇംഗ്ലീഷ് സംസാരിക്കുക,Install now,http://play.google.com/store/apps/details?id=yellowclass.kids.live,"Facebook,Instagram,Audience Network,Messenger,Threads",SpeakX ആപ്പിൽ ആത്മവിശ്വാസത്തോടെ ഇംഗ്ലീഷ് സംസാരിക്കുക. വ്യക്തിഗത AI അധ്യാപകൻ ലഭിക്കും.,സുഗമമായി ഇംഗ്ലീഷ് സംസാരിക്കുക,Install now,http://play.google.com/store/apps/details?id=yellowclass.kids.live,Video,"Facebook,Instagram,Audience Network,Messenger,Threads",1,0,1:1,https://video.fblr20-1.fna.fbcdn.net/o1/v/t2/f2/m366/AQMZbHtpVU4IoC4PtIoKFZCuo-uCmILhW7lqwog-_VXs-eo2VxSL9a9pk5skOi-D-EUafH_MPQYnOROYoaMXaiBqS0vF4UOhcV3U_Xcb-iFLyQ.mp4?_nc_cat=108&_nc_oc=AdqQeg2n18sYgIgfDpXcXsLMIAh8bOXK01JyF_5de2nummkH0J48o2vZg4C-zehyG7iWQwCMpgCh5oReNTQsSQaV&_nc_sid=b66105&_nc_ht=video.fblr20-1.fna.fbcdn.net&_nc_ohc=weLK_IarTLwQ7kNvwHbbbbe&efg=eyJ2ZW5jb2RlX3RhZyI6Inhwdl9wcm9ncmVzc2l2ZS5WSV9VU0VDQVNFX1BST0RVQ1RfVFlQRS4uQzMuNzIwLmRhc2hfaDI2NC1iYXNpYy1nZW4yXzcyMHAiLCJ4cHZfYXNzZXRfaWQiOjEwODk0ODQ2ODc1OTI0OTksImFzc2V0X2FnZV9kYXlzIjoyLCJ2aV91c2VjYXNlX2lkIjoxMDEzOSwiZHVyYXRpb25fcyI6NTIsInVybGdlbl9zb3VyY2UiOiJ3d3cifQ%3D%3D&ccb=17-1&vs=96cfb3f3054fe215&_nc_vs=HBksFQIYRWZiX2VwaGVtZXJhbC9CNzQwRkI1OUYxOEI2Njg0QzhBQzEyNjE1QzQzNTBCRF9tdF8xX3ZpZGVvX2Rhc2hpbml0Lm1wNBUAAsgBEgAVAhhAZmJfcGVybWFuZW50LzY0NDg2NUJEN0U0MEEwQkIwMDc0RjQ2MTlGMTBGQ0I3X2F1ZGlvX2Rhc2hpbml0Lm1wNBUCAsgBEgAoABgAGwKIB3VzZV9vaWwBMRJwcm9ncmVzc2l2ZV9yZWNpcGUBMRUAACbmsNa8rbjvAxUCKAJDMywXQEoAAAAAAAAYGWRhc2hfaDI2NC1iYXNpYy1nZW4yXzcyMHARAHUAZbaeAQA&_nc_gid=5bVjKj0C4zgcorIWjyx33A&_nc_ss=7f289&_nc_zt=28&oh=00_Af_LQ_YICiAe_rwaCu_Cy5AU3yLTwvmvC3uEYo3ukW-uUQ&oe=6A465260,https://scontent.fblr20-1.fna.fbcdn.net/v/t39.35426-6/730381987_1928620391132108_5800312402744847544_n.jpg?_nc_cat=108&ccb=1-7&_nc_sid=c53f8f&_nc_ohc=hBUNvJXYV8EQ7kNvwH0ZANt&_nc_oc=AdrPFwFbV9HrpRVbdmDpy3B_4igJcnqIHlqb2uYda12UvUq8s6ul4RtO3lmlMfbE2BxqjSbrj7bKZpjZwhoOvUQz&_nc_zt=14&_nc_ht=scontent.fblr20-1.fna&_nc_gid=5bVjKj0C4zgcorIWjyx33A&_nc_ss=7f289&oh=00_Af-syHaWDWj9PQ6jqRdAX9fkruxBM3uwpUfSElz6TCizaQ&oe=6A464D17,2026-07-02T11:58:24.000Z,2026-06-28
155,149,SpeakX,540653459131632,SpeakX - Learn to Speak English,,IN,1561713398936768,https://www.facebook.com/ads/library/?id=1561713398936768,2026-05-15,,false,false,1,0,,2026-05-15,,"बच्चे की अंग्रेज़ी के लिए महँगी ट्यूशन की ज़रूरत नहीं... 💸 जब माँ खुद उसकी पहली टीचर बन सकती है। 👩‍🏫❤️

माँ ने SpeakX से सीखा — और अब रोज़ शाम बच्चे के साथ बैठकर अंग्रेज़ी पढ़ाती है। ✨

🚀 ७ दिन का बोली अंग्रेज़ी परीक्षण शुरू करें सिर्फ़ ₹२ में! नीचे दिए लिंक पर क्लिक करें।

🌟 बच्चों के लिए सबसे बेहतर:
⏳ सिर्फ़ १५ मिनट: खेल-खेल में सीखें — बोझ नहीं लगेगा।
🤫 पूरी तरह निजी: AI कोच — बिना डर के, बिना झिझक के बोलो।
🏆 पुरस्कार और बैज: हर क़दम पर तारीफ़ — आत्मविश्वास बढ़ता जाएगा।",SpeakX - ऑनलाइन इंग्लिश बोलना सीखें,Install now,http://play.google.com/store/apps/details?id=yellowclass.kids.live,"Facebook,Instagram","बच्चे की अंग्रेज़ी के लिए महँगी ट्यूशन की ज़रूरत नहीं... 💸 जब माँ खुद उसकी पहली टीचर बन सकती है। 👩‍🏫❤️

माँ ने SpeakX से सीखा — और अब रोज़ शाम बच्चे के साथ बैठकर अंग्रेज़ी पढ़ाती है। ✨

🚀 ७ दिन का बोली अंग्रेज़ी परीक्षण शुरू करें सिर्फ़ ₹२ में! नीचे दिए लिंक पर क्लिक करें।

🌟 बच्चों के लिए सबसे बेहतर:
⏳ सिर्फ़ १५ मिनट: खेल-खेल में सीखें — बोझ नहीं लगेगा।
🤫 पूरी तरह निजी: AI कोच — बिना डर के, बिना झिझक के बोलो।
🏆 पुरस्कार और बैज: हर क़दम पर तारीफ़ — आत्मविश्वास बढ़ता जाएगा।",SpeakX - ऑनलाइन इंग्लिश बोलना सीखें,Install now,http://play.google.com/store/apps/details?id=yellowclass.kids.live,Video,"Facebook,Instagram",1,0,9:16,https://video.fblr20-1.fna.fbcdn.net/o1/v/t2/f2/m366/AQOTQ5C5aIIFZvog0BF60966qLYHWgHd7cFolf5d4eK22QwirXGyaew2TdYo9On0m29SO5iPeAFEuPugTF23S8a9Rr7OLoNDhRjQOPR-AYgWoQ.mp4?_nc_cat=110&_nc_oc=Adp1xdKVpgQT1zze0NeblLZovxmDv3xl0TGlgFj_mrhj3YUzFC63bggwRro31oDVkrRKDPVp_ug70De7_Rm10cEq&_nc_sid=b66105&_nc_ht=video.fblr20-1.fna.fbcdn.net&_nc_ohc=lBffZmnKFpwQ7kNvwEQ3Umy&efg=eyJ2ZW5jb2RlX3RhZyI6Inhwdl9wcm9ncmVzc2l2ZS5WSV9VU0VDQVNFX1BST0RVQ1RfVFlQRS4uQzMuNzIwLmRhc2hfaDI2NC1iYXNpYy1nZW4yXzcyMHAiLCJ4cHZfYXNzZXRfaWQiOjEwMDk4OTMzMTgxNDM0ODUsImFzc2V0X2FnZV9kYXlzIjo0MiwidmlfdXNlY2FzZV9pZCI6MTA3OTksImR1cmF0aW9uX3MiOjM1LCJ1cmxnZW5fc291cmNlIjoid3d3In0%3D&ccb=17-1&vs=3a4308698d664f92&_nc_vs=HBksFQIYRWZiX2VwaGVtZXJhbC85NDRCQTJDMzdERUIyNDg0MTBCMjY0NUVBMUQwQzNBOF9tdF8xX3ZpZGVvX2Rhc2hpbml0Lm1wNBUAAsgBEgAVAhhAZmJfcGVybWFuZW50Lzk2NDEyRDZBRDM4MEIzODg3QjE5QkI3RjNGNjAwMTk4X2F1ZGlvX2Rhc2hpbml0Lm1wNBUCAsgBEgAoABgAGwKIB3VzZV9vaWwBMRJwcm9ncmVzc2l2ZV9yZWNpcGUBMRUAACb6t-nHw5_LAxUCKAJDMywXQEGEOVgQYk4YGWRhc2hfaDI2NC1iYXNpYy1nZW4yXzcyMHARAHUAZd6oAQA&_nc_gid=5bVjKj0C4zgcorIWjyx33A&_nc_ss=7f289&_nc_zt=28&oh=00_Af-AlCJvZb2WB-48OT3KQ8qsALRv331EkDTF0nFBF7K2hA&oe=6A462A4A,https://scontent.fblr20-4.fna.fbcdn.net/v/t39.35426-6/700387295_1514271286761174_3548535006299024367_n.jpg?_nc_cat=103&ccb=1-7&_nc_sid=c53f8f&_nc_ohc=R2o1METqAd0Q7kNvwHoMzwM&_nc_oc=Adrymp39ZYtc5wrUoDvh4IieR48kL5yxLi9cm9rUYmKLTn1zCARSnPHSWJplUSBZejoCCejkuF_7VbH1nZ2R_MGI&_nc_zt=14&_nc_ht=scontent.fblr20-4.fna&_nc_gid=5bVjKj0C4zgcorIWjyx33A&_nc_ss=7f289&oh=00_Af9vlpOefg9f7tv6HGlu62R5ZajiT3-It55dv-tlQf7QJA&oe=6A4631C9,2026-07-02T09:07:22.000Z,2026-06-28
156,150,SpeakX,540653459131632,SpeakX - Learn to Speak English,,IN,2174385197293200,https://www.facebook.com/ads/library/?id=2174385197293200,2026-06-24,,false,false,1,0,,2026-06-24,,SpeakX ആപ്പിൽ ആത്മവിശ്വാസത്തോടെ ഇംഗ്ലീഷ് സംസാരിക്കുക. വ്യക്തിഗത AI അധ്യാപകൻ ലഭിക്കും.,സുഗമമായി ഇംഗ്ലീഷ് സംസാരിക്കുക,Install now,http://play.google.com/store/apps/details?id=yellowclass.kids.live,"Facebook,Instagram,Audience Network,Messenger,Threads",SpeakX ആപ്പിൽ ആത്മവിശ്വാസത്തോടെ ഇംഗ്ലീഷ് സംസാരിക്കുക. വ്യക്തിഗത AI അധ്യാപകൻ ലഭിക്കും.,സുഗമമായി ഇംഗ്ലീഷ് സംസാരിക്കുക,Install now,http://play.google.com/store/apps/details?id=yellowclass.kids.live,Video,"Facebook,Instagram,Audience Network,Messenger,Threads",1,0,1:1,https://video.fblr20-1.fna.fbcdn.net/o1/v/t2/f2/m366/AQOmc2zZMsMJZPOvjQV1PbGM_XIRJcWAehWaGS4P9lWb4lrgbfAqAKdrZVYwc0NOFDtT31YYg0kQ_NeWV2oWKyabfM4HPdvWtGg4SwEkZZnyIQ.mp4?_nc_cat=108&_nc_oc=AdpMhjYRiaqSqk_WfbRos2qyUuAaZl7G8kSOaBYKc90K3Gze87RkUVqHRks1WRCCblZQBVhgfR20JzfvLjWs9qZy&_nc_sid=b66105&_nc_ht=video.fblr20-1.fna.fbcdn.net&_nc_ohc=zbqFL-gLMVsQ7kNvwFuDiSW&efg=eyJ2ZW5jb2RlX3RhZyI6Inhwdl9wcm9ncmVzc2l2ZS5WSV9VU0VDQVNFX1BST0RVQ1RfVFlQRS4uQzMuNzIwLmRhc2hfaDI2NC1iYXNpYy1nZW4yXzcyMHAiLCJ4cHZfYXNzZXRfaWQiOjE1MzIzODQ0ODE0MzQ0NTQsImFzc2V0X2FnZV9kYXlzIjoyLCJ2aV91c2VjYXNlX2lkIjoxMDEzOSwiZHVyYXRpb25fcyI6NDUsInVybGdlbl9zb3VyY2UiOiJ3d3cifQ%3D%3D&ccb=17-1&vs=a459dc6f28549f79&_nc_vs=HBksFQIYRWZiX2VwaGVtZXJhbC8yNDQwMUFDMTBDODUyREFERDQ4RjJCM0MwNkVBQURCQV9tdF8xX3ZpZGVvX2Rhc2hpbml0Lm1wNBUAAsgBEgAVAhhAZmJfcGVybWFuZW50L0JGNEVGMDYxMTI0QTUxMDQ1RjEyNUJEREJDNUE2NDhGX2F1ZGlvX2Rhc2hpbml0Lm1wNBUCAsgBEgAoABgAGwKIB3VzZV9vaWwBMRJwcm9ncmVzc2l2ZV9yZWNpcGUBMRUAACas7eaKwuy4BRUCKAJDMywXQEaj1wo9cKQYGWRhc2hfaDI2NC1iYXNpYy1nZW4yXzcyMHARAHUAZbaeAQA&_nc_gid=5bVjKj0C4zgcorIWjyx33A&_nc_ss=7f289&_nc_zt=28&oh=00_Af_io_pclchq9qlBrVYlW5qP-Gm4ee7LshYeMcgRI08nsA&oe=6A463DF4,https://scontent.fblr20-1.fna.fbcdn.net/v/t39.35426-6/731328498_958105673948879_6368489282981339400_n.jpg?_nc_cat=110&ccb=1-7&_nc_sid=c53f8f&_nc_ohc=u7v3S4mzIyIQ7kNvwF5j_YG&_nc_oc=AdqLlAdT3SdgmFT6PQ_DE5imTluIRHjP8gyiNQQWtmIPWZB8h-_salTebMUa-fjuwvEHYc3Hqqzm8sKpbFHuZ3zR&_nc_zt=14&_nc_ht=scontent.fblr20-1.fna&_nc_gid=5bVjKj0C4zgcorIWjyx33A&_nc_ss=7f289&oh=00_Af8FT9NETwFaw87ePmHG4L_viFGi1OFdIRt4uezqtMrTwg&oe=6A4632F4,2026-07-02T10:31:16.000Z,2026-06-28
157,151,SpeakX,540653459131632,SpeakX - Learn to Speak English,,IN,1518844083190295,https://www.facebook.com/ads/library/?id=1518844083190295,2026-06-01,,false,false,1,0,,2026-06-01,,English speaking made easy with SpeakX App,Spoken English course,Install now,http://play.google.com/store/apps/details?id=yellowclass.kids.live,"Facebook,Instagram,Messenger,Threads",English speaking made easy with SpeakX App,Spoken English course,Install now,http://play.google.com/store/apps/details?id=yellowclass.kids.live,Video,"Facebook,Instagram,Messenger,Threads",1,0,1:1,https://video.fblr20-3.fna.fbcdn.net/o1/v/t2/f2/m366/AQPj93LuZhL5FLmvAKM4zknW3GwDpNiUQT0I9xkkWrneoFXvk-CWOy82bTuGm_BOObRJ-lQKyO-ruKi9hDXxpWqAlvAnegc-Mf85UTiWJeBd3A.mp4?_nc_cat=105&_nc_oc=Ado-7T-rHczhe-RIXrtNKAtCbPObbWcpHvHkHWn3eg0DjZZsCWegqDbFaRpzRYl9__7BMarXlaVFiQsWsXM8ewFg&_nc_sid=b66105&_nc_ht=video.fblr20-3.fna.fbcdn.net&_nc_ohc=ImSg3ntqLYwQ7kNvwFRZknJ&efg=eyJ2ZW5jb2RlX3RhZyI6Inhwdl9wcm9ncmVzc2l2ZS5WSV9VU0VDQVNFX1BST0RVQ1RfVFlQRS4uQzMuNzIwLmRhc2hfaDI2NC1iYXNpYy1nZW4yXzcyMHAiLCJ4cHZfYXNzZXRfaWQiOjI0NjAzMzk3Njc4MDI4MjgsImFzc2V0X2FnZV9kYXlzIjoyOCwidmlfdXNlY2FzZV9pZCI6MTAxMzksImR1cmF0aW9uX3MiOjg3LCJ1cmxnZW5fc291cmNlIjoid3d3In0%3D&ccb=17-1&vs=fb36a474f105d000&_nc_vs=HBksFQIYRWZiX2VwaGVtZXJhbC82MzQ2QjIxREZCM0I5OUVBREU5NjY0Q0RDOUMwRTE5Rl9tdF8xX3ZpZGVvX2Rhc2hpbml0Lm1wNBUAAsgBEgAVAhhAZmJfcGVybWFuZW50LzRBNDVFMzE1MkUzQjRCREZBQ0M0QUE5Qjk0RTM4OTk1X2F1ZGlvX2Rhc2hpbml0Lm1wNBUCAsgBEgAoABgAGwKIB3VzZV9vaWwBMRJwcm9ncmVzc2l2ZV9yZWNpcGUBMRUAACaY75fez-reCBUCKAJDMywXQFX7tkWhysEYGWRhc2hfaDI2NC1iYXNpYy1nZW4yXzcyMHARAHUAZbaeAQA&_nc_gid=D12A5WWtEcs2tqTlyeO7_Q&_nc_ss=7f289&_nc_zt=28&oh=00_Af8QMsqNtW-YH3So8UBx08vIUrvEzBD_--9LPQRg0_aBnQ&oe=6A4656D3,https://scontent.fblr20-4.fna.fbcdn.net/v/t39.35426-6/708156101_1022061053714812_901520255160429054_n.jpg?_nc_cat=103&ccb=1-7&_nc_sid=c53f8f&_nc_ohc=PtPf2QOFEKAQ7kNvwHFLH7t&_nc_oc=AdoamY-XeKbr2C3D_bOR881xkd9W-PTGYakorzu_0tgMIQdi8SkGLAFp5H-IKVgXAVkhllo0-g_Z2sO3IZK9qVHs&_nc_zt=14&_nc_ht=scontent.fblr20-4.fna&_nc_gid=D12A5WWtEcs2tqTlyeO7_Q&_nc_ss=7f289&oh=00_Af9AV3ORXQ2Oyn8Sk5X-HBK9inlGhPJb06gWBpidPAanmg&oe=6A465492,2026-07-02T12:17:23.000Z,2026-06-28
158,152,SpeakX,540653459131632,SpeakX - Learn to Speak English,,IN,1019696327203383,https://www.facebook.com/ads/library/?id=1019696327203383,2026-06-03,,false,false,1,0,,2026-06-03,,English speaking made easy with SpeakX App,Spoken English course,Install now,http://play.google.com/store/apps/details?id=yellowclass.kids.live,"Facebook,Instagram,Messenger,Threads",English speaking made easy with SpeakX App,Spoken English course,Install now,http://play.google.com/store/apps/details?id=yellowclass.kids.live,Video,"Facebook,Instagram,Messenger,Threads",1,0,1:1,https://video.fblr20-4.fna.fbcdn.net/o1/v/t2/f2/m366/AQPZ2FBVVih04UDJD0GBBSKDlhje250othraktfPHQkwLrE5r_IJbgvFyCm-aI-2WEH9wtf0XD8ZsXJPJ5nnhFjGKaUjK95OxsA6xt0ZurlqCg.mp4?_nc_cat=103&_nc_oc=AdoaO7meGi16ZMV1AftPrQG9f7bwCEUSFRYrfyko8rb1sD4d1KgrW2mjS72W2C2D4rN3iOlgn9RglX_Yxl2HA37e&_nc_sid=b66105&_nc_ht=video.fblr20-4.fna.fbcdn.net&_nc_ohc=i-Gxbsmdpd4Q7kNvwGI62V5&efg=eyJ2ZW5jb2RlX3RhZyI6Inhwdl9wcm9ncmVzc2l2ZS5WSV9VU0VDQVNFX1BST0RVQ1RfVFlQRS4uQzMuNzIwLmRhc2hfaDI2NC1iYXNpYy1nZW4yXzcyMHAiLCJ4cHZfYXNzZXRfaWQiOjEzNzY3OTY2Mjc2NDcwOTksImFzc2V0X2FnZV9kYXlzIjoyOCwidmlfdXNlY2FzZV9pZCI6MTAxMzksImR1cmF0aW9uX3MiOjgyLCJ1cmxnZW5fc291cmNlIjoid3d3In0%3D&ccb=17-1&vs=14954a9521da6c3e&_nc_vs=HBksFQIYRWZiX2VwaGVtZXJhbC81NzRDNDVENEFBNjE5QUZBMTE0Q0I5MjkwQjlFM0JCQV9tdF8xX3ZpZGVvX2Rhc2hpbml0Lm1wNBUAAsgBEgAVAhhAZmJfcGVybWFuZW50LzU1NDUwNjI1MUEwMDBBNkYyMEFDQTNDNTIzRjA3QThDX2F1ZGlvX2Rhc2hpbml0Lm1wNBUCAsgBEgAoABgAGwKIB3VzZV9vaWwBMRJwcm9ncmVzc2l2ZV9yZWNpcGUBMRUAACb26dmejozyBBUCKAJDMywXQFSgAAAAAAAYGWRhc2hfaDI2NC1iYXNpYy1nZW4yXzcyMHARAHUAZbaeAQA&_nc_gid=D12A5WWtEcs2tqTlyeO7_Q&_nc_ss=7f289&_nc_zt=28&oh=00_Af9R1VCPqu0il47zfPukIMlTfZinKcdVIZiyur22a3wDHA&oe=6A464E35,https://scontent.fblr20-5.fna.fbcdn.net/v/t39.35426-6/709636165_2491760334622998_7574313833400707587_n.jpg?_nc_cat=107&ccb=1-7&_nc_sid=c53f8f&_nc_ohc=3SzXnFodDLcQ7kNvwGoR4hV&_nc_oc=AdomCnaKyLgHgDEuzq-RG3cfd18FHGldj-4akjKVazw9f3mk2D7QTzwOvRIRAUnWIzf2TES1hrzrChLkf4YOVWSm&_nc_zt=14&_nc_ht=scontent.fblr20-5.fna&_nc_gid=D12A5WWtEcs2tqTlyeO7_Q&_nc_ss=7f289&oh=00_Af-iJc_JBcjGNNKxC2B-PdQvGORRdTc1OxJ_zQ7OvjFGSA&oe=6A465BEC,2026-07-02T11:40:37.000Z,2026-06-28
159,153,SpeakX,540653459131632,SpeakX - Learn to Speak English,,IN,2180793392740960,https://www.facebook.com/ads/library/?id=2180793392740960,2026-06-01,,false,false,1,0,,2026-06-01,,English speaking made easy with SpeakX App,Spoken English course,Install now,http://play.google.com/store/apps/details?id=yellowclass.kids.live,"Facebook,Instagram,Messenger,Threads",English speaking made easy with SpeakX App,Spoken English course,Install now,http://play.google.com/store/apps/details?id=yellowclass.kids.live,Video,"Facebook,Instagram,Messenger,Threads",1,0,1:1,https://video.fblr20-5.fna.fbcdn.net/o1/v/t2/f2/m366/AQNHDzXsU72dv4B3gDmXfxkRPgvO-2DQztg-rrJwZjHOLoC_ArYzVPov-ESMFOZ70JQ7gymDpz6f5KdIB_gZtLvPhynYTBESdjbEf4HHXPux7A.mp4?_nc_cat=107&_nc_oc=AdpfzQBesuqMB_iuJ1Ur5i3J_j91Kd9qOIz6XPs48GwV2cDiqTZAmjSnyM5wUKL_oxWmwW5dw4gGS4A6VXJMiP4N&_nc_sid=b66105&_nc_ht=video.fblr20-5.fna.fbcdn.net&_nc_ohc=oI-6_63qFLwQ7kNvwHSOXrg&efg=eyJ2ZW5jb2RlX3RhZyI6Inhwdl9wcm9ncmVzc2l2ZS5WSV9VU0VDQVNFX1BST0RVQ1RfVFlQRS4uQzMuNzIwLmRhc2hfaDI2NC1iYXNpYy1nZW4yXzcyMHAiLCJ4cHZfYXNzZXRfaWQiOjIwNzk2MDk4MzYzMjAyNTYsImFzc2V0X2FnZV9kYXlzIjo1MSwidmlfdXNlY2FzZV9pZCI6MTA3OTksImR1cmF0aW9uX3MiOjcxLCJ1cmxnZW5fc291cmNlIjoid3d3In0%3D&ccb=17-1&vs=b5bae29e219be240&_nc_vs=HBksFQIYRWZiX2VwaGVtZXJhbC8yOTRGQzc1NUM5MkI1QjVDMENDNEVCNEZEQTUwOEZBQV9tdF8xX3ZpZGVvX2Rhc2hpbml0Lm1wNBUAAsgBEgAVAhhAZmJfcGVybWFuZW50L0QzNDQ2RTg5MDA2NUE5ODNGN0ZCOUNCNTk2NTAxQkExX2F1ZGlvX2Rhc2hpbml0Lm1wNBUCAsgBEgAoABgAGwKIB3VzZV9vaWwBMRJwcm9ncmVzc2l2ZV9yZWNpcGUBMRUAACaA2IXZnNmxBxUCKAJDMywXQFH7tkWhysEYGWRhc2hfaDI2NC1iYXNpYy1nZW4yXzcyMHARAHUAZd6oAQA&_nc_gid=D12A5WWtEcs2tqTlyeO7_Q&_nc_ss=7f289&_nc_zt=28&oh=00_Af8nlgtJqjJNBjBd6eusZbYbljMzT8Q0idkTqEPa3afJNg&oe=6A464AC5,https://scontent.fblr20-3.fna.fbcdn.net/v/t39.35426-6/695173649_1945001629780719_633196199196899941_n.jpg?_nc_cat=109&ccb=1-7&_nc_sid=c53f8f&_nc_ohc=Q61UAFsJP9cQ7kNvwHLhfHi&_nc_oc=AdqG1QsQ9x88LjJxBdQkVvLvw_5KShCt64T7FnJaMcN4aqNlLIrPfl4b6oFAIfM958UdBgYGQsUOosZkscz5p7lD&_nc_zt=14&_nc_ht=scontent.fblr20-3.fna&_nc_gid=D12A5WWtEcs2tqTlyeO7_Q&_nc_ss=7f289&oh=00_Af91OyQGlQLjT90_w45Euz7wTss3GtaRbD1-Jh2xqnjlcg&oe=6A4653DA,2026-07-02T11:25:57.000Z,2026-06-28
160,154,SpeakX,540653459131632,SpeakX - Learn to Speak English,,IN,36996968466554959,https://www.facebook.com/ads/library/?id=36996968466554959,2026-06-24,,false,false,1,0,,2026-06-24,,Elaanti sankocham lekunda English maatladaalanukuntunnaraa? SpeakX AI tutor tho rojoo practice cheyandi. Kevalam ₹2ke trial modalupettandi,అత్యధిక రేటింగ్ AI ఇంగ్లీష్ యాప్,Install now,http://play.google.com/store/apps/details?id=yellowclass.kids.live,"Facebook,Instagram,Messenger,Threads",Elaanti sankocham lekunda English maatladaalanukuntunnaraa? SpeakX AI tutor tho rojoo practice cheyandi. Kevalam ₹2ke trial modalupettandi,అత్యధిక రేటింగ్ AI ఇంగ్లీష్ యాప్,Install now,http://play.google.com/store/apps/details?id=yellowclass.kids.live,Video,"Facebook,Instagram,Messenger,Threads",1,0,9:16,https://video.fblr20-3.fna.fbcdn.net/o1/v/t2/f2/m366/AQPQMnqERSdkPFcTJTWDhzZqsVD9BTfiF9kZ6_8Cbcusdx3VNdOanmOS2R2IIu99CcWKPIChmKBQ4JdUPEoOeUKHOmYdKz4mpGc6ugakhJ9G-A.mp4?_nc_cat=100&_nc_oc=AdqldiLEVkWQxg84UZyd2OTjTRJTcQNifdgsuNatxLu0GrHXxUIaPekFtoo3J4DMMqobVOWkH4e4faMFPMz9ZeYx&_nc_sid=b66105&_nc_ht=video.fblr20-3.fna.fbcdn.net&_nc_ohc=zNU0hX4PQXwQ7kNvwHQsgjh&efg=eyJ2ZW5jb2RlX3RhZyI6Inhwdl9wcm9ncmVzc2l2ZS5WSV9VU0VDQVNFX1BST0RVQ1RfVFlQRS4uQzMuNzIwLmRhc2hfaDI2NC1iYXNpYy1nZW4yXzcyMHAiLCJ4cHZfYXNzZXRfaWQiOjE1MDE4MTAzMzQ5NzU0MTcsImFzc2V0X2FnZV9kYXlzIjoxMCwidmlfdXNlY2FzZV9pZCI6MTA3OTksImR1cmF0aW9uX3MiOjU5LCJ1cmxnZW5fc291cmNlIjoid3d3In0%3D&ccb=17-1&vs=95a721d05a93046b&_nc_vs=HBksFQIYRWZiX2VwaGVtZXJhbC84RDREQjRENUY3QkYwQkFDNEM1MDNEMjJERDI0NUE4OF9tdF8xX3ZpZGVvX2Rhc2hpbml0Lm1wNBUAAsgBEgAVAhhAZmJfcGVybWFuZW50LzFENDkwMEE4NjJGMTgwMTUxNDU4RjM1NTgwQkM4Rjk3X2F1ZGlvX2Rhc2hpbml0Lm1wNBUCAsgBEgAoABgAGwKIB3VzZV9vaWwBMRJwcm9ncmVzc2l2ZV9yZWNpcGUBMRUAACbylsr47viqBRUCKAJDMywXQE3MzMzMzM0YGWRhc2hfaDI2NC1iYXNpYy1nZW4yXzcyMHARAHUAZd6oAQA&_nc_gid=D12A5WWtEcs2tqTlyeO7_Q&_nc_ss=7f289&_nc_zt=28&oh=00_Af-2QNNU0vUZg_yIacAD9UGvsx5EGb88_3KNz-Lykz58fw&oe=6A463564,https://scontent.fblr20-3.fna.fbcdn.net/v/t39.35426-6/731754719_1481619763737356_1219782273200938822_n.jpg?_nc_cat=109&ccb=1-7&_nc_sid=c53f8f&_nc_ohc=yacVsFY7foYQ7kNvwG-rt62&_nc_oc=Adqh9rz_fiYjVgYOT8anLUh5_yYxeJNCsjGhsPpDtDzTsvIB2pxkoklh6r1oGiJwl_tlzMNIGY5wIk9eec3jEZW3&_nc_zt=14&_nc_ht=scontent.fblr20-3.fna&_nc_gid=D12A5WWtEcs2tqTlyeO7_Q&_nc_ss=7f289&oh=00_Af_kOM7UDAJV5xSDSQN7EOD9EI4pm3cxK2eeAOL8PRWfIw&oe=6A465AC0,2026-07-02T09:54:44.000Z,2026-06-28
161,155,SpeakX,540653459131632,SpeakX - Learn to Speak English,,IN,1264955088855948,https://www.facebook.com/ads/library/?id=1264955088855948,2026-06-24,,false,false,1,0,,2026-06-24,,"10 லட்சம்+ கற்றவர்களுடன் சேர்ந்து, உங்கள் AI ஆசிரியருடன் தாராளமாக ஆங்கிலம் பேசுங்கள்",ஆங்கிலம் கற்றுக்கொண்டு தாராளமாக பேசுங்கள்,Install now,http://play.google.com/store/apps/details?id=yellowclass.kids.live,"Facebook,Instagram,Audience Network,Messenger,Threads","10 லட்சம்+ கற்றவர்களுடன் சேர்ந்து, உங்கள் AI ஆசிரியருடன் தாராளமாக ஆங்கிலம் பேசுங்கள்",ஆங்கிலம் கற்றுக்கொண்டு தாராளமாக பேசுங்கள்,Install now,http://play.google.com/store/apps/details?id=yellowclass.kids.live,Video,"Facebook,Instagram,Audience Network,Messenger,Threads",1,0,1:1,https://video.fblr20-4.fna.fbcdn.net/o1/v/t2/f2/m366/AQM0Pzik2kBBxFNFGNs19c766Ut96KixQImTBMYuWlcMIHkMrfFJZeUXiQH9OgzVp_7CDswZDBJ_y576riE8qlT0TOJQw2RODsu8HvmtMb2b_A.mp4?_nc_cat=101&_nc_oc=AdpKgImaynA_G4AK3X92f39cmJ6kJJJ844rVhn5qry3wmL3rBQj2dLJgiDjrOc5QVn_vkC1hza3Vr2FDGAuxhPEg&_nc_sid=b66105&_nc_ht=video.fblr20-4.fna.fbcdn.net&_nc_ohc=2IJEayDAK_4Q7kNvwFYLPWP&efg=eyJ2ZW5jb2RlX3RhZyI6Inhwdl9wcm9ncmVzc2l2ZS5WSV9VU0VDQVNFX1BST0RVQ1RfVFlQRS4uQzMuNzIwLmRhc2hfaDI2NC1iYXNpYy1nZW4yXzcyMHAiLCJ4cHZfYXNzZXRfaWQiOjE5MDg4MjQ5MjY0OTIwNTgsImFzc2V0X2FnZV9kYXlzIjoyLCJ2aV91c2VjYXNlX2lkIjoxMDEzOSwiZHVyYXRpb25fcyI6MTExLCJ1cmxnZW5fc291cmNlIjoid3d3In0%3D&ccb=17-1&vs=e4b5834b1e82e4b3&_nc_vs=HBksFQIYRWZiX2VwaGVtZXJhbC84QzQ1QjYxOEZBQTQzMjkyRTU2MUI5NEUxNUU3RjBBOV9tdF8xX3ZpZGVvX2Rhc2hpbml0Lm1wNBUAAsgBEgAVAhhAZmJfcGVybWFuZW50L0VENEU0NUEzOUM0MDg5N0Y3RkM3REZCOTNCRDUxREI2X2F1ZGlvX2Rhc2hpbml0Lm1wNBUCAsgBEgAoABgAGwKIB3VzZV9vaWwBMRJwcm9ncmVzc2l2ZV9yZWNpcGUBMRUAACa01vT6nYTkBhUCKAJDMywXQFvhR64UeuEYGWRhc2hfaDI2NC1iYXNpYy1nZW4yXzcyMHARAHUAZbaeAQA&_nc_gid=D12A5WWtEcs2tqTlyeO7_Q&_nc_ss=7f289&_nc_zt=28&oh=00_Af_KKbkiIGZZTcnNofr7XVr5S5z_LUvt9XbfcB2YSSZ2gw&oe=6A463933,https://scontent.fblr20-4.fna.fbcdn.net/v/t39.35426-6/729220090_2237759576998174_6361089171808256309_n.jpg?_nc_cat=101&ccb=1-7&_nc_sid=c53f8f&_nc_ohc=BdUiqIAF56kQ7kNvwFo0M1v&_nc_oc=AdoSvNWlVKz-rdJ512avQfFa4cDTRrTnhzbZl-9tTI2Sp4jDp56hrLeJOwgb8PXlEmS-6hdUkOQTlulRY5B9Pdn7&_nc_zt=14&_nc_ht=scontent.fblr20-4.fna&_nc_gid=D12A5WWtEcs2tqTlyeO7_Q&_nc_ss=7f289&oh=00_Af8NI1z9M61sN1WKcb8EOG99n9XwmhcxAcn60GtmW3lw4Q&oe=6A462E64,2026-07-02T10:10:59.000Z,2026-06-28
162,156,SpeakX,540653459131632,SpeakX - Learn to Speak English,,IN,2073537180176297,https://www.facebook.com/ads/library/?id=2073537180176297,2026-06-01,,false,false,1,0,,2026-06-01,,English speaking made easy with SpeakX App,Spoken English course,Install now,http://play.google.com/store/apps/details?id=yellowclass.kids.live,"Facebook,Instagram,Messenger,Threads",English speaking made easy with SpeakX App,Spoken English course,Install now,http://play.google.com/store/apps/details?id=yellowclass.kids.live,Video,"Facebook,Instagram,Messenger,Threads",1,0,1:1,https://video.fblr20-2.fna.fbcdn.net/o1/v/t2/f2/m366/AQNz8wXaU_56wLqdrIvO1jazTTNU6vqGThJlIUIAmgiurlGDdtL9S-Kas-AddWTcSXBl6du7C3v1T6IbRgeZu1dDsR-ikLqgEebmdc9bDaiE9Q.mp4?_nc_cat=104&_nc_oc=AdoOjGTOaiJcW8WGz5v7oOSY0BrFoAt7F2bLjCo_YbitzZcLYvFAvVNQTCcudnqVHPFgNtALKMxXbPN3fPGr9RJ_&_nc_sid=b66105&_nc_ht=video.fblr20-2.fna.fbcdn.net&_nc_ohc=xtcReOASNFQQ7kNvwGKxUZZ&efg=eyJ2ZW5jb2RlX3RhZyI6Inhwdl9wcm9ncmVzc2l2ZS5WSV9VU0VDQVNFX1BST0RVQ1RfVFlQRS4uQzMuNzIwLmRhc2hfaDI2NC1iYXNpYy1nZW4yXzcyMHAiLCJ4cHZfYXNzZXRfaWQiOjk2NTYyNTU5NjA4OTk2NywiYXNzZXRfYWdlX2RheXMiOjI4LCJ2aV91c2VjYXNlX2lkIjoxMDEzOSwiZHVyYXRpb25fcyI6NjksInVybGdlbl9zb3VyY2UiOiJ3d3cifQ%3D%3D&ccb=17-1&vs=69b2eb361be180f5&_nc_vs=HBksFQIYRWZiX2VwaGVtZXJhbC8wOTQ5ODdEREU2MDI1NkZBNzlFODczMTM3NDZCOTY4NV9tdF8xX3ZpZGVvX2Rhc2hpbml0Lm1wNBUAAsgBEgAVAhhAZmJfcGVybWFuZW50L0NCNDQ4MzJBQTk2NDE3MTc1MEQyQkE4QjA4QUI3RjhBX2F1ZGlvX2Rhc2hpbml0Lm1wNBUCAsgBEgAoABgAGwKIB3VzZV9vaWwBMRJwcm9ncmVzc2l2ZV9yZWNpcGUBMRUAACbe2aCq5463AxUCKAJDMywXQFFJul41P30YGWRhc2hfaDI2NC1iYXNpYy1nZW4yXzcyMHARAHUAZbaeAQA&_nc_gid=D12A5WWtEcs2tqTlyeO7_Q&_nc_ss=7f289&_nc_zt=28&oh=00_Af-tm0uf--Ra2Nowf4v5m1nAT8g1wgik90995nSPeV-KzA&oe=6A463940,https://scontent.fblr20-5.fna.fbcdn.net/v/t39.35426-6/710756168_1005947482121259_1668934369213379056_n.jpg?_nc_cat=107&ccb=1-7&_nc_sid=c53f8f&_nc_ohc=cN9jYQxl7hwQ7kNvwGA2Coc&_nc_oc=AdrzPOqIV4O0-ajsL_7y_RX5x2KiLS43MbZMaqDK11TDrxoSAKXNIAUhky0xBs5LN_-HLh2I0Xt2GeCj5wRGjg9b&_nc_zt=14&_nc_ht=scontent.fblr20-5.fna&_nc_gid=D12A5WWtEcs2tqTlyeO7_Q&_nc_ss=7f289&oh=00_Af9H79z7Ix71AeLAldVyEOCkNlsw8gdS7n5ly8hLbgCUJQ&oe=6A463253,2026-07-02T10:11:12.000Z,2026-06-28
163,157,SpeakX,540653459131632,SpeakX - Learn to Speak English,,IN,2072210663717587,https://www.facebook.com/ads/library/?id=2072210663717587,2026-06-24,,false,false,1,0,,2026-06-24,,SpeakX ആപ്പിൽ ആത്മവിശ്വാസത്തോടെ ഇംഗ്ലീഷ് സംസാരിക്കുക. വ്യക്തിഗത AI അധ്യാപകൻ ലഭിക്കും.,സുഗമമായി ഇംഗ്ലീഷ് സംസാരിക്കുക,Install now,http://play.google.com/store/apps/details?id=yellowclass.kids.live,"Facebook,Instagram,Audience Network,Messenger,Threads",SpeakX ആപ്പിൽ ആത്മവിശ്വാസത്തോടെ ഇംഗ്ലീഷ് സംസാരിക്കുക. വ്യക്തിഗത AI അധ്യാപകൻ ലഭിക്കും.,സുഗമമായി ഇംഗ്ലീഷ് സംസാരിക്കുക,Install now,http://play.google.com/store/apps/details?id=yellowclass.kids.live,Video,"Facebook,Instagram,Audience Network,Messenger,Threads",1,0,1:1,https://video.fblr20-4.fna.fbcdn.net/o1/v/t2/f2/m366/AQO1MDXjCWLvA3ztApDW6bSlMGO9J6je_MmnFmq5MiAu1WvK62uYksETjahNq62a1a38zI8Nu9GZKuSmLGJydIUxZrnmAMM6TlcjmH9zhkWmWA.mp4?_nc_cat=103&_nc_oc=AdosPiO46xmQS-TXLyMNni-Qn23aXW2WukqpLC0HTA565pm32xt9-Ow53WAL3z1nnO5lQWOfhY0bJPS1gHUjIWTP&_nc_sid=b66105&_nc_ht=video.fblr20-4.fna.fbcdn.net&_nc_ohc=8Xm0_U6dc8YQ7kNvwEaKIa1&efg=eyJ2ZW5jb2RlX3RhZyI6Inhwdl9wcm9ncmVzc2l2ZS5WSV9VU0VDQVNFX1BST0RVQ1RfVFlQRS4uQzMuNzIwLmRhc2hfaDI2NC1iYXNpYy1nZW4yXzcyMHAiLCJ4cHZfYXNzZXRfaWQiOjEyODc1MjgxMDY5MjkwMzUsImFzc2V0X2FnZV9kYXlzIjoyLCJ2aV91c2VjYXNlX2lkIjoxMDEzOSwiZHVyYXRpb25fcyI6NTUsInVybGdlbl9zb3VyY2UiOiJ3d3cifQ%3D%3D&ccb=17-1&vs=72832e5ec093e8cd&_nc_vs=HBksFQIYRWZiX2VwaGVtZXJhbC8zQjQ4MDU4N0E4N0YwQzIyMDdENDM3ODRDN0QwMUM5RV9tdF8xX3ZpZGVvX2Rhc2hpbml0Lm1wNBUAAsgBEgAVAhhAZmJfcGVybWFuZW50LzA0NDFBQzc1NDkyNzVEQkYwN0NDOTdFRkI1QkMyMkFGX2F1ZGlvX2Rhc2hpbml0Lm1wNBUCAsgBEgAoABgAGwKIB3VzZV9vaWwBMRJwcm9ncmVzc2l2ZV9yZWNpcGUBMRUAACaWrp33_7_JBBUCKAJDMywXQEuu2RaHKwIYGWRhc2hfaDI2NC1iYXNpYy1nZW4yXzcyMHARAHUAZbaeAQA&_nc_gid=D12A5WWtEcs2tqTlyeO7_Q&_nc_ss=7f289&_nc_zt=28&oh=00_Af-9nYGfIqEG1P-7xziDiDQ1t3gS2bNsrZvCLyDYDKR0yA&oe=6A465DD5,https://scontent.fblr20-2.fna.fbcdn.net/v/t39.35426-6/728938414_1494841718437117_256460119805226828_n.jpg?_nc_cat=111&ccb=1-7&_nc_sid=c53f8f&_nc_ohc=zb4cTaLYdE4Q7kNvwEieueO&_nc_oc=AdoP8wodl-uem4s8kopZ2id_7r1MMAyJbnjA3r2AdcpqW901KWj9IgQ6Am6mw2_69xTcUK9P11d1vAypMQwJNhEI&_nc_zt=14&_nc_ht=scontent.fblr20-2.fna&_nc_gid=D12A5WWtEcs2tqTlyeO7_Q&_nc_ss=7f289&oh=00_Af9Wdp2pWDSJq5CSYgw_kh5cAvLXjtA6wZ_JPVrT2roEbg&oe=6A465C36,2026-07-02T12:47:17.000Z,2026-06-28
164,158,SpeakX,540653459131632,SpeakX - Learn to Speak English,,IN,1015528570998771,https://www.facebook.com/ads/library/?id=1015528570998771,2026-06-01,,false,false,1,0,,2026-06-01,,"10 லட்சம்+ கற்றவர்களுடன் சேர்ந்து, உங்கள் AI ஆசிரியருடன் தாராளமாக ஆங்கிலம் பேசுங்கள்",ஆங்கிலம் கற்றுக்கொண்டு தாராளமாக பேசுங்கள்,Install now,http://play.google.com/store/apps/details?id=yellowclass.kids.live,"Facebook,Instagram,Audience Network,Messenger,Threads","10 லட்சம்+ கற்றவர்களுடன் சேர்ந்து, உங்கள் AI ஆசிரியருடன் தாராளமாக ஆங்கிலம் பேசுங்கள்",ஆங்கிலம் கற்றுக்கொண்டு தாராளமாக பேசுங்கள்,Install now,http://play.google.com/store/apps/details?id=yellowclass.kids.live,Video,"Facebook,Instagram,Audience Network,Messenger,Threads",1,0,1:1,https://video.fblr20-3.fna.fbcdn.net/o1/v/t2/f2/m366/AQMEif3EL2q9k_jY9AZ1eFEPJymwvmBxeTg9qwTkKy6xmTMz9mwOjZc3pnCDhDrLpQwqqLhLlM7yQ1X1mo8jfZ0YRbAa6PdPlkJRIS8NkHi90Q.mp4?_nc_cat=109&_nc_oc=AdrxvooP11yY9GE81d-AetEcRVfV4XStBMn2qg1HcG115Nxx0YCRNIU4as1tCmYqK0dJmkSOUMsZIFyb3UKZl2Ci&_nc_sid=b66105&_nc_ht=video.fblr20-3.fna.fbcdn.net&_nc_ohc=EjEuBCcWOC8Q7kNvwEkOWK-&efg=eyJ2ZW5jb2RlX3RhZyI6Inhwdl9wcm9ncmVzc2l2ZS5WSV9VU0VDQVNFX1BST0RVQ1RfVFlQRS4uQzMuNzIwLmRhc2hfaDI2NC1iYXNpYy1nZW4yXzcyMHAiLCJ4cHZfYXNzZXRfaWQiOjM4Njk4NTcwNjk5Nzc5NDYsImFzc2V0X2FnZV9kYXlzIjoyNSwidmlfdXNlY2FzZV9pZCI6MTAxMzksImR1cmF0aW9uX3MiOjUyLCJ1cmxnZW5fc291cmNlIjoid3d3In0%3D&ccb=17-1&vs=ad881009e7f45a37&_nc_vs=HBksFQIYRWZiX2VwaGVtZXJhbC83RjRFNkQ1M0ZCQUY2OTQ0MDdDQkNEMDA5RTM1RTRCQl9tdF8xX3ZpZGVvX2Rhc2hpbml0Lm1wNBUAAsgBEgAVAhhAZmJfcGVybWFuZW50Lzk5NDhFOTIyMTgzNUYxQzJBNzA0MjZFRTA1RDQxOEJEX2F1ZGlvX2Rhc2hpbml0Lm1wNBUCAsgBEgAoABgAGwKIB3VzZV9vaWwBMRJwcm9ncmVzc2l2ZV9yZWNpcGUBMRUAACa0xeb_qeffDRUCKAJDMywXQEomZmZmZmYYGWRhc2hfaDI2NC1iYXNpYy1nZW4yXzcyMHARAHUAZbaeAQA&_nc_gid=D12A5WWtEcs2tqTlyeO7_Q&_nc_ss=7f289&_nc_zt=28&oh=00_Af92u6XklM7E4fwWXiAcVxizjpl6HfxguXxTgF1oMTK5AA&oe=6A465DBF,https://scontent.fblr20-5.fna.fbcdn.net/v/t39.35426-6/715570410_1530924995052168_8268669676632760147_n.jpg?_nc_cat=107&ccb=1-7&_nc_sid=c53f8f&_nc_ohc=JvnNr7XLGIMQ7kNvwEofi0b&_nc_oc=AdqFiwkcNlS6D7QFOAJw-umk5NeLjIbw25Z092dvUg4hJdDlNWOderAeWEFrhiRujgS1NPUYeXEIyPn2hQLlIFIc&_nc_zt=14&_nc_ht=scontent.fblr20-5.fna&_nc_gid=D12A5WWtEcs2tqTlyeO7_Q&_nc_ss=7f289&oh=00_Af-A7wEfFkUmpxHpK3LgTTjAJXL_vpK8RXeuElUOgb6iUg&oe=6A464EBF,2026-07-02T12:46:55.000Z,2026-06-28
165,159,SpeakX,540653459131632,SpeakX - Learn to Speak English,,IN,3028455167350044,https://www.facebook.com/ads/library/?id=3028455167350044,2026-05-15,,false,false,1,0,,2026-05-15,,"जब पत्नी अचानक धाराप्रवाह अंग्रेज़ी बोलने लगे... 😂 और पति सोचें — ""यह कब सीख गई?!"" 🤯

SpeakX — घर में चुपचाप, आत्मविश्वास के साथ सीखो। सिर्फ़ ₹२ में शुरुआत।

🚀 ७ दिन का बोली अंग्रेज़ी परीक्षण शुरू करें सिर्फ़ ₹२ में! नीचे दिए लिंक पर क्लिक करें।

🌟 गृहिणियों के लिए सबसे बेहतर:
⏳ सिर्फ़ १५ मिनट: दिन में कभी भी, अपनी रफ़्तार से।
🤫 पूरी तरह निजी: AI कोच — कोई आलोचना नहीं, सिर्फ़ साथ।
🎮 खेल-खेल में सीखना: रोज़ की चुनौतियाँ और पुरस्कार — मन लगा रहेगा।",SpeakX - ऑनलाइन इंग्लिश बोलना सीखें,Install now,http://play.google.com/store/apps/details?id=yellowclass.kids.live,"Facebook,Instagram","जब पत्नी अचानक धाराप्रवाह अंग्रेज़ी बोलने लगे... 😂 और पति सोचें — ""यह कब सीख गई?!"" 🤯

SpeakX — घर में चुपचाप, आत्मविश्वास के साथ सीखो। सिर्फ़ ₹२ में शुरुआत।

🚀 ७ दिन का बोली अंग्रेज़ी परीक्षण शुरू करें सिर्फ़ ₹२ में! नीचे दिए लिंक पर क्लिक करें।

🌟 गृहिणियों के लिए सबसे बेहतर:
⏳ सिर्फ़ १५ मिनट: दिन में कभी भी, अपनी रफ़्तार से।
🤫 पूरी तरह निजी: AI कोच — कोई आलोचना नहीं, सिर्फ़ साथ।
🎮 खेल-खेल में सीखना: रोज़ की चुनौतियाँ और पुरस्कार — मन लगा रहेगा।",SpeakX - ऑनलाइन इंग्लिश बोलना सीखें,Install now,http://play.google.com/store/apps/details?id=yellowclass.kids.live,Video,"Facebook,Instagram",1,0,9:16,https://video.fblr20-4.fna.fbcdn.net/o1/v/t2/f2/m366/AQOUSKXQlryLx0AsXgHCNYajQ8WQgp2FOB5Td-uwfY7ZFmS_f5Dj9Rzbh6AO6CPOmN4qbe4zhNchxa_ztnoMDvkz7R8z8a5cOP2asXYPKHyrVw.mp4?_nc_cat=103&_nc_oc=AdrsjZVyso3dYO0cMwNvUyQvNgRgZdmAXIdMMzssVByUESyzmcA04KgfYCnauvkfqT6eIrG93QlBUlPx-vSWGkd-&_nc_sid=b66105&_nc_ht=video.fblr20-4.fna.fbcdn.net&_nc_ohc=aypSOVJzvlQQ7kNvwHI8nH8&efg=eyJ2ZW5jb2RlX3RhZyI6Inhwdl9wcm9ncmVzc2l2ZS5WSV9VU0VDQVNFX1BST0RVQ1RfVFlQRS4uQzMuNzIwLmRhc2hfaDI2NC1iYXNpYy1nZW4yXzcyMHAiLCJ4cHZfYXNzZXRfaWQiOjE1MDY5Mjc0NDExNDAyNDQsImFzc2V0X2FnZV9kYXlzIjo0MiwidmlfdXNlY2FzZV9pZCI6MTA3OTksImR1cmF0aW9uX3MiOjQxLCJ1cmxnZW5fc291cmNlIjoid3d3In0%3D&ccb=17-1&vs=6f21a7b46307f6e6&_nc_vs=HBksFQIYRWZiX2VwaGVtZXJhbC9BNTREMzdFQUNDMTE3NDE1NDhERTA2QzQ2RDI1QzY4RV9tdF8xX3ZpZGVvX2Rhc2hpbml0Lm1wNBUAAsgBEgAVAhhAZmJfcGVybWFuZW50LzIxNEU1MjFDMjZFMzYyMEE3NUQ2NDExREM1RTBDQ0IwX2F1ZGlvX2Rhc2hpbml0Lm1wNBUCAsgBEgAoABgAGwKIB3VzZV9vaWwBMRJwcm9ncmVzc2l2ZV9yZWNpcGUBMRUAACao6Kat3KKtBRUCKAJDMywXQESAAAAAAAAYGWRhc2hfaDI2NC1iYXNpYy1nZW4yXzcyMHARAHUAZd6oAQA&_nc_gid=D12A5WWtEcs2tqTlyeO7_Q&_nc_ss=7f289&_nc_zt=28&oh=00_Af_Ni25pDmnggDF4Lu73vbOTjtPmOn9WSOj907_KrcU9Fg&oe=6A46374D,https://scontent.fblr20-2.fna.fbcdn.net/v/t39.35426-6/699215005_1372623908251477_2374127962693332975_n.jpg?_nc_cat=104&ccb=1-7&_nc_sid=c53f8f&_nc_ohc=JH-neHOVpVkQ7kNvwG2A4C9&_nc_oc=AdpOO_SOTzaN1paeqw4nQgyD8KwUiPZ7vGGaBK3hfhjRngpgt_oYBnyKCzCN_K00fdqzCgT9_2-hMY6jgIOml5MA&_nc_zt=14&_nc_ht=scontent.fblr20-2.fna&_nc_gid=D12A5WWtEcs2tqTlyeO7_Q&_nc_ss=7f289&oh=00_Af-ccuogaJLiserz3twFK_BlZVeWd1WYdpab3s9vuozkHg&oe=6A463273,2026-07-02T10:02:53.000Z,2026-06-28
166,160,SpeakX,540653459131632,SpeakX - Learn to Speak English,,IN,1026930139840138,https://www.facebook.com/ads/library/?id=1026930139840138,2026-06-10,,false,false,1,0,,2026-06-10,,"💼 ऑफिस मीटिंग्स और इंटरव्यूज के लिए खुद को तैयार करें

✅ 24/7 AI Tutor: कभी भी, कहीं भी practice करें।
✅ Instant Feedback: अपनी pronunciation और fluency सुधारें।
✅ Zero Judgment: बिना किसी डर के खुल कर बोलें

Presenting Speakx — आपका अपना AI English Coach",SpeakX — आपका अपना AI English Coach.,Install now,http://play.google.com/store/apps/details?id=yellowclass.kids.live,"Facebook,Instagram","💼 ऑफिस मीटिंग्स और इंटरव्यूज के लिए खुद को तैयार करें

✅ 24/7 AI Tutor: कभी भी, कहीं भी practice करें।
✅ Instant Feedback: अपनी pronunciation और fluency सुधारें।
✅ Zero Judgment: बिना किसी डर के खुल कर बोलें

Presenting Speakx — आपका अपना AI English Coach",SpeakX — आपका अपना AI English Coach.,Install now,http://play.google.com/store/apps/details?id=yellowclass.kids.live,Video,"Facebook,Instagram",1,0,9:16,https://video.fblr20-3.fna.fbcdn.net/o1/v/t2/f2/m366/AQMlcuUnQojVRxwEFCGV1EZ5nobBN6Mz6fmnqh6h90SC9z-_CCfw0rOOIGhz1LePU-NtFj5FhCwwDPtqlDTkdEPxmAMGVf-xCPKl3C8gGhlqcQ.mp4?_nc_cat=109&_nc_oc=Adp8Xsy3QSCmYhV0gQyyNYq0hWI_ifY2VWtQVRmtlC-rqdgNLshObuqCeCw51IXe10VrE92IlCFf7N6VM5viV0O9&_nc_sid=b66105&_nc_ht=video.fblr20-3.fna.fbcdn.net&_nc_ohc=rGX_6BAiNK4Q7kNvwEsHuzp&efg=eyJ2ZW5jb2RlX3RhZyI6Inhwdl9wcm9ncmVzc2l2ZS5WSV9VU0VDQVNFX1BST0RVQ1RfVFlQRS4uQzMuNzIwLmRhc2hfaDI2NC1iYXNpYy1nZW4yXzcyMHAiLCJ4cHZfYXNzZXRfaWQiOjE2ODQ4NzY3OTI5MzkyNzUsImFzc2V0X2FnZV9kYXlzIjo0NSwidmlfdXNlY2FzZV9pZCI6MTA3OTksImR1cmF0aW9uX3MiOjQ4LCJ1cmxnZW5fc291cmNlIjoid3d3In0%3D&ccb=17-1&vs=e5f86f5ff8768583&_nc_vs=HBksFQIYRWZiX2VwaGVtZXJhbC9BMDQ2NDFGRUYwQTI5MEQwQ0NEQ0E0ODU3OUZFRTk4Rl9tdF8xX3ZpZGVvX2Rhc2hpbml0Lm1wNBUAAsgBEgAVAhhAZmJfcGVybWFuZW50L0NBNDI1OEYyM0E5MDhCNjUzM0M4OTk4QkRDMzYxMzk4X2F1ZGlvX2Rhc2hpbml0Lm1wNBUCAsgBEgAoABgAGwKIB3VzZV9vaWwBMRJwcm9ncmVzc2l2ZV9yZWNpcGUBMRUAACaWjN6r3pj-BRUCKAJDMywXQEh3bItDlYEYGWRhc2hfaDI2NC1iYXNpYy1nZW4yXzcyMHARAHUAZd6oAQA&_nc_gid=D12A5WWtEcs2tqTlyeO7_Q&_nc_ss=7f289&_nc_zt=28&oh=00_Af9Lt2aqDiy8s7e4JETu_Tc2UIvPtCst8r6POmODc1bCyw&oe=6A463ED3,https://scontent.fblr20-3.fna.fbcdn.net/v/t39.35426-6/700531008_822509817221662_4772275733179977333_n.jpg?_nc_cat=100&ccb=1-7&_nc_sid=c53f8f&_nc_ohc=eDmj-1Qo304Q7kNvwERr4Ue&_nc_oc=AdpBjaH-7cTNRvtcSboSo9b7jA1BRXIiprf2XkaBIktAL1hQmrPYskeNV2OS8BAXBkObzTdwcNLEXW9IR9AwCQ48&_nc_zt=14&_nc_ht=scontent.fblr20-3.fna&_nc_gid=D12A5WWtEcs2tqTlyeO7_Q&_nc_ss=7f289&oh=00_Af89kZNnKWWpWA1Gimm7p9EWC9hAi3YBp2KjD0bz1xLoJQ&oe=6A462C30,2026-07-02T10:34:59.000Z,2026-06-28
167,161,SpeakX,540653459131632,SpeakX - Learn to Speak English,,IN,1888179688562464,https://www.facebook.com/ads/library/?id=1888179688562464,2026-06-01,,false,false,1,0,,2026-06-01,,ಮೂಲದಿಂದ spoken English ಕಲಿಯಿ. ದಿನಸಿ ಅಭ್ಯಾಸಕ್ಕೆ AI ಸಹಾಯ. ಕನ್ನಡಿಗರಿಗೆ ಸೂಕ್ತ.,ಇಂಗ್ಲಿಷ್ ಮಾತನಾಡಲು ಕಲಿಯಿ,Install now,http://play.google.com/store/apps/details?id=yellowclass.kids.live,"Facebook,Instagram,Messenger,Threads",ಮೂಲದಿಂದ spoken English ಕಲಿಯಿ. ದಿನಸಿ ಅಭ್ಯಾಸಕ್ಕೆ AI ಸಹಾಯ. ಕನ್ನಡಿಗರಿಗೆ ಸೂಕ್ತ.,ಇಂಗ್ಲಿಷ್ ಮಾತನಾಡಲು ಕಲಿಯಿ,Install now,http://play.google.com/store/apps/details?id=yellowclass.kids.live,Video,"Facebook,Instagram,Messenger,Threads",1,0,1:1,https://video.fblr20-3.fna.fbcdn.net/o1/v/t2/f2/m366/AQNjrGjcmFH6OsZ6gJWVQk8G6HdeXYuWzFi9NFCOrXnHGcdopTIuNP-fqq7Mob2muIvHeuabNibzWl_8r69RBKDfMKvpksl0mwH7hLhnVR9Qww.mp4?_nc_cat=109&_nc_oc=Adr2h8hoaA59mL4rw61zuLoGtd_rt88j7Yx0IK1VpbKj7z1JFiWoGhcJTo2eP8dvSRWObLcIoXvFdcI_4qlXv9DT&_nc_sid=b66105&_nc_ht=video.fblr20-3.fna.fbcdn.net&_nc_ohc=XbvQdawWIZMQ7kNvwGjJJnO&efg=eyJ2ZW5jb2RlX3RhZyI6Inhwdl9wcm9ncmVzc2l2ZS5WSV9VU0VDQVNFX1BST0RVQ1RfVFlQRS4uQzMuNzIwLmRhc2hfaDI2NC1iYXNpYy1nZW4yXzcyMHAiLCJ4cHZfYXNzZXRfaWQiOjIzODcwNjc2NjE3ODUzNTcsImFzc2V0X2FnZV9kYXlzIjozNywidmlfdXNlY2FzZV9pZCI6MTAxMzksImR1cmF0aW9uX3MiOjU4LCJ1cmxnZW5fc291cmNlIjoid3d3In0%3D&ccb=17-1&vs=1664dc2b6f1cd67&_nc_vs=HBksFQIYRWZiX2VwaGVtZXJhbC9FNDRCRjFDNUM4NkUyNTEzQTgzMzg1NzgwOUQyQzlBQ19tdF8xX3ZpZGVvX2Rhc2hpbml0Lm1wNBUAAsgBEgAVAhhAZmJfcGVybWFuZW50L0Q2NEFFMEIxODc0RkEwODRBRjM3ODI5QTBFNUNCM0JGX2F1ZGlvX2Rhc2hpbml0Lm1wNBUCAsgBEgAoABgAGwKIB3VzZV9vaWwBMRJwcm9ncmVzc2l2ZV9yZWNpcGUBMRUAACaa5MiA0MG9CBUCKAJDMywXQE0IcrAgxJwYGWRhc2hfaDI2NC1iYXNpYy1nZW4yXzcyMHARAHUAZbaeAQA&_nc_gid=GxdxzczpW7_-oH8r38lwwg&_nc_ss=7f289&_nc_zt=28&oh=00_Af9U6JOuGs3dTFXSUcrH5hWeNpP4_J2s4VB-DiOU9VrU2g&oe=6A465413,https://scontent.fblr20-2.fna.fbcdn.net/v/t39.35426-6/703449085_1303039751931316_1441291809643971332_n.jpg?_nc_cat=104&ccb=1-7&_nc_sid=c53f8f&_nc_ohc=BXIuR8pJuiQQ7kNvwFcurte&_nc_oc=AdqzPB9b_sqz9oTO6eRvSsOub__3DxezH26Cqpecpjfr3Wa0X_1s94POzAHQmpF2640t4fBAWTzm47T4w6V7PkoG&_nc_zt=14&_nc_ht=scontent.fblr20-2.fna&_nc_gid=GxdxzczpW7_-oH8r38lwwg&_nc_ss=7f289&oh=00_Af8QLF3bKwELJL6WnzDwf32fIPuVRWqhka5cdPBYd0z0qg&oe=6A464374,2026-07-02T12:05:39.000Z,2026-06-28
168,162,SpeakX,540653459131632,SpeakX - Learn to Speak English,,IN,2103193720227930,https://www.facebook.com/ads/library/?id=2103193720227930,2026-06-10,,false,false,1,0,,2026-06-10,,"💼 ऑफिस मीटिंग्स और इंटरव्यूज के लिए खुद को तैयार करें

✅ 24/7 AI Tutor: कभी भी, कहीं भी practice करें।
✅ Instant Feedback: अपनी pronunciation और fluency सुधारें।
✅ Zero Judgment: बिना किसी डर के खुल कर बोलें

Presenting Speakx — आपका अपना AI English Coach",SpeakX — आपका अपना AI English Coach.,Install now,http://play.google.com/store/apps/details?id=yellowclass.kids.live,"Facebook,Instagram","💼 ऑफिस मीटिंग्स और इंटरव्यूज के लिए खुद को तैयार करें

✅ 24/7 AI Tutor: कभी भी, कहीं भी practice करें।
✅ Instant Feedback: अपनी pronunciation और fluency सुधारें।
✅ Zero Judgment: बिना किसी डर के खुल कर बोलें

Presenting Speakx — आपका अपना AI English Coach",SpeakX — आपका अपना AI English Coach.,Install now,http://play.google.com/store/apps/details?id=yellowclass.kids.live,Video,"Facebook,Instagram",1,0,9:16,https://video.fblr20-2.fna.fbcdn.net/o1/v/t2/f2/m366/AQPu-jjB3z4MO8-9Qd4iw7ySa58rRlrhwIdEbc5ekFmHN6nz1Mjq0Xv3-oBGWgRwxIZjfAqfKd3Wci_i5Xw4KCHOpyMmeYe8Hnytcum9JuJ1lg.mp4?_nc_cat=102&_nc_oc=AdoXlqtpMoExM9f_NDpw323VVwb08Xw9Yd0s3tEKDG0R1tRGs85-KoKJak5iItRe8lySsJYG_xOjMCqi4IJ5usw5&_nc_sid=b66105&_nc_ht=video.fblr20-2.fna.fbcdn.net&_nc_ohc=imIu8P85CHIQ7kNvwG6q8N8&efg=eyJ2ZW5jb2RlX3RhZyI6Inhwdl9wcm9ncmVzc2l2ZS5WSV9VU0VDQVNFX1BST0RVQ1RfVFlQRS4uQzMuNzIwLmRhc2hfaDI2NC1iYXNpYy1nZW4yXzcyMHAiLCJ4cHZfYXNzZXRfaWQiOjE0NTM5NTkzMjkyOTA0NDIsImFzc2V0X2FnZV9kYXlzIjo0NSwidmlfdXNlY2FzZV9pZCI6MTA3OTksImR1cmF0aW9uX3MiOjQ4LCJ1cmxnZW5fc291cmNlIjoid3d3In0%3D&ccb=17-1&vs=a9019342a650c3b7&_nc_vs=HBksFQIYRWZiX2VwaGVtZXJhbC9BRDRGNUZFNzIzRkNBQzREN0EwNUVCMjQ0MzkwOTU4OV9tdF8xX3ZpZGVvX2Rhc2hpbml0Lm1wNBUAAsgBEgAVAhhAZmJfcGVybWFuZW50L0FBNDBCNTg0RjMxMDk3QkZEMDdBMjQ5RDU4QURGNUExX2F1ZGlvX2Rhc2hpbml0Lm1wNBUCAsgBEgAoABgAGwKIB3VzZV9vaWwBMRJwcm9ncmVzc2l2ZV9yZWNpcGUBMRUAACaU47iVyZeVBRUCKAJDMywXQEhAAAAAAAAYGWRhc2hfaDI2NC1iYXNpYy1nZW4yXzcyMHARAHUAZd6oAQA&_nc_gid=GxdxzczpW7_-oH8r38lwwg&_nc_ss=7f289&_nc_zt=28&oh=00_Af-GBc8tGe-7WGspfDhuow7fRi01PF3sLBQpzbW3LGXAtA&oe=6A4637D2,https://scontent.fblr20-1.fna.fbcdn.net/v/t39.35426-6/696812614_1007282318659616_2185365951060301254_n.jpg?_nc_cat=110&ccb=1-7&_nc_sid=c53f8f&_nc_ohc=D-jet3txjX0Q7kNvwGUlrs0&_nc_oc=AdqiAud5lD_hW6JJlWaMclXD1HidRykvfj5MhWx1pizHuxvYXZTlb5zB8QC9qcJP428cKneanQlyx-nL48ZAqKBr&_nc_zt=14&_nc_ht=scontent.fblr20-1.fna&_nc_gid=GxdxzczpW7_-oH8r38lwwg&_nc_ss=7f289&oh=00_Af_3ALpDRHMrmp3K9duokKEv37wUuK_0M-Z_-i5IEoV2HQ&oe=6A4630C0,2026-07-02T10:05:06.000Z,2026-06-28
169,163,SpeakX,540653459131632,SpeakX - Learn to Speak English,,IN,1664834988132991,https://www.facebook.com/ads/library/?id=1664834988132991,2026-06-02,,false,false,1,0,,2026-06-02,,English speaking made easy with SpeakX App,Spoken English course,Install now,http://play.google.com/store/apps/details?id=yellowclass.kids.live,"Facebook,Instagram,Messenger,Threads",English speaking made easy with SpeakX App,Spoken English course,Install now,http://play.google.com/store/apps/details?id=yellowclass.kids.live,Video,"Facebook,Instagram,Messenger,Threads",1,0,1:1,https://video.fblr20-4.fna.fbcdn.net/o1/v/t2/f2/m366/AQPiJ8y7PTBgQiBRBSlZVLTIjW_P6erhr0Ww4-_NscmII_H724ZZWbcrc1JH8zETl4KZOwg7PXxAMde--lN3jMsxFt77-eAxEYQq9cgJtWaGpw.mp4?_nc_cat=106&_nc_oc=AdoNd33GyAUbswGdt-bpRDDy46wf_AC-vZ1Iw_QclRlmMN7PlwRH-sLHb8sCG1_58Yxc69nnF9-41hTNGTC-wiPn&_nc_sid=b66105&_nc_ht=video.fblr20-4.fna.fbcdn.net&_nc_ohc=ufNk7Us2RrIQ7kNvwFthzvA&efg=eyJ2ZW5jb2RlX3RhZyI6Inhwdl9wcm9ncmVzc2l2ZS5WSV9VU0VDQVNFX1BST0RVQ1RfVFlQRS4uQzMuNzIwLmRhc2hfaDI2NC1iYXNpYy1nZW4yXzcyMHAiLCJ4cHZfYXNzZXRfaWQiOjEzMTgyNzQ5MzM1NTI2NTQsImFzc2V0X2FnZV9kYXlzIjo1MSwidmlfdXNlY2FzZV9pZCI6MTA3OTksImR1cmF0aW9uX3MiOjY1LCJ1cmxnZW5fc291cmNlIjoid3d3In0%3D&ccb=17-1&vs=1b186c919d1e14db&_nc_vs=HBksFQIYRWZiX2VwaGVtZXJhbC8zMTQ5ODRFRkM5OUUwQkJFMTQ5RjE4REU4OTVCMzE4RF9tdF8xX3ZpZGVvX2Rhc2hpbml0Lm1wNBUAAsgBEgAVAhhAZmJfcGVybWFuZW50LzRGNDI2NEJGRUUwRUEwMjFBQUU5NzZEOTQ5QzZCNkE1X2F1ZGlvX2Rhc2hpbml0Lm1wNBUCAsgBEgAoABgAGwKIB3VzZV9vaWwBMRJwcm9ncmVzc2l2ZV9yZWNpcGUBMRUAACac2IvS2b3XBBUCKAJDMywXQFB1T987ZFoYGWRhc2hfaDI2NC1iYXNpYy1nZW4yXzcyMHARAHUAZd6oAQA&_nc_gid=GxdxzczpW7_-oH8r38lwwg&_nc_ss=7f289&_nc_zt=28&oh=00_Af_sNDqBH2qP9CtKkzmXrk8QJ09uSZTEbjS3Yh7nQvEt5g&oe=6A4636CA,https://scontent.fblr20-2.fna.fbcdn.net/v/t39.35426-6/690641421_1491628639361022_1409593030344691635_n.jpg?_nc_cat=111&ccb=1-7&_nc_sid=c53f8f&_nc_ohc=4CMo8kWLoT4Q7kNvwEH74hh&_nc_oc=AdrCxSia74Yl2GCOpPpZ6S6Rq1tN5I7-VulHv8YEq_EIRT3M7e1s9147VuzieVQJ_9GGHL5hsbD4V1hvL_Rtd0WE&_nc_zt=14&_nc_ht=scontent.fblr20-2.fna&_nc_gid=GxdxzczpW7_-oH8r38lwwg&_nc_ss=7f289&oh=00_Af9OqGCLcWlF35ulECc4qLrMiRRDrxNZ654mD2uNi9nJ0w&oe=6A464169,2026-07-02T10:00:42.000Z,2026-06-28
170,164,SpeakX,540653459131632,SpeakX - Learn to Speak English,,IN,2433488863824147,https://www.facebook.com/ads/library/?id=2433488863824147,2026-06-22,,false,false,1,0,,2026-06-22,,Ab bina ruke English bolo. Speakx AI tutor ke saath rozana practice karein.,"Learn English, Let's Talk",Install now,http://play.google.com/store/apps/details?id=yellowclass.kids.live,"Facebook,Instagram,Audience Network,Messenger,Threads",Ab bina ruke English bolo. Speakx AI tutor ke saath rozana practice karein.,"Learn English, Let's Talk",Install now,http://play.google.com/store/apps/details?id=yellowclass.kids.live,Video,"Facebook,Instagram,Audience Network,Messenger,Threads",1,0,16:9,https://video.fblr20-2.fna.fbcdn.net/o1/v/t2/f2/m366/AQOq5vdY2Btgg347jXk0jQevzHABpuQ2c8Ih10LbeAAef18lBpNJAcQC-C1-_yW05ueeHBXs8n3gf09aX6jdxE9tBSPcCZivW2dN8qWhQQIqWg.mp4?_nc_cat=104&_nc_oc=AdqLBqBdxL3jetO8-zzA2C4gR5bofADwvCp5qNpsl2ljldbQNRnVpDDU06FuOLTpDc5gojyypJg5oPyYNqxndg_1&_nc_sid=b66105&_nc_ht=video.fblr20-2.fna.fbcdn.net&_nc_ohc=j3mr5DcuPyEQ7kNvwEWxQNT&efg=eyJ2ZW5jb2RlX3RhZyI6Inhwdl9wcm9ncmVzc2l2ZS5WSV9VU0VDQVNFX1BST0RVQ1RfVFlQRS4uQzMuMTA4MC5kYXNoX2gyNjQtYmFzaWMtZ2VuMl83MjBwIiwieHB2X2Fzc2V0X2lkIjoxNTQ1MDQzMjYwMzIzMDI3LCJhc3NldF9hZ2VfZGF5cyI6NSwidmlfdXNlY2FzZV9pZCI6MTAxMzksImR1cmF0aW9uX3MiOjUyLCJ1cmxnZW5fc291cmNlIjoid3d3In0%3D&ccb=17-1&vs=eee138dd3a417bf3&_nc_vs=HBksFQIYRWZiX2VwaGVtZXJhbC84MjQwRTU4Q0I1QTYzQ0NENDREQkIzNTRGNEYzMUQ5Ql9tdF8xX3ZpZGVvX2Rhc2hpbml0Lm1wNBUAAsgBEgAVAhhAZmJfcGVybWFuZW50LzU5NDcxM0I0Q0ZBRTE1NTRDMzM5QkQwQUE3NDM3MkI5X2F1ZGlvX2Rhc2hpbml0Lm1wNBUCAsgBEgAoABgAGwKIB3VzZV9vaWwBMRJwcm9ncmVzc2l2ZV9yZWNpcGUBMRUAACam042rrc2-BRUCKAJDMywXQEoL52yLQ5YYGWRhc2hfaDI2NC1iYXNpYy1nZW4yXzcyMHARAHUAZbaeAQA&_nc_gid=GxdxzczpW7_-oH8r38lwwg&_nc_ss=7f289&_nc_zt=28&oh=00_Af8XBXUJeZeTfj0riPOV-ghZ2UGXkBunMXE-AIXoE6Kf_w&oe=6A464568,https://scontent.fblr20-2.fna.fbcdn.net/v/t39.35426-6/727470557_27190544550595175_6863086087559064506_n.jpg?_nc_cat=111&ccb=1-7&_nc_sid=c53f8f&_nc_ohc=GJMEoyCUwVYQ7kNvwE-ZWbJ&_nc_oc=AdojvRdDlQ3aVQ5Cbw2F-28RTkabsehNX3cZbBDzgSO8XR73U5yyEEmlIv5eeFWj5JpN9LDg2s9mkJTSoYztz3em&_nc_zt=14&_nc_ht=scontent.fblr20-2.fna&_nc_gid=GxdxzczpW7_-oH8r38lwwg&_nc_ss=7f289&oh=00_Af_ZFHFw5MpE1KoUjHneyNHP2SKosxMNHZNvsL5TqeaKTA&oe=6A4636FF,2026-07-02T11:03:04.000Z,2026-06-28
171,165,SpeakX,540653459131632,SpeakX - Learn to Speak English,,IN,1314381756861108,https://www.facebook.com/ads/library/?id=1314381756861108,2026-06-03,,false,false,1,0,,2026-06-03,,SpeakX ആപ്പിൽ ആത്മവിശ്വാസത്തോടെ ഇംഗ്ലീഷ് സംസാരിക്കുക. വ്യക്തിഗത AI അധ്യാപകൻ ലഭിക്കും.,സുഗമമായി ഇംഗ്ലീഷ് സംസാരിക്കുക,Install now,http://play.google.com/store/apps/details?id=yellowclass.kids.live,"Facebook,Instagram,Audience Network,Messenger,Threads",SpeakX ആപ്പിൽ ആത്മവിശ്വാസത്തോടെ ഇംഗ്ലീഷ് സംസാരിക്കുക. വ്യക്തിഗത AI അധ്യാപകൻ ലഭിക്കും.,സുഗമമായി ഇംഗ്ലീഷ് സംസാരിക്കുക,Install now,http://play.google.com/store/apps/details?id=yellowclass.kids.live,Video,"Facebook,Instagram,Audience Network,Messenger,Threads",1,0,1:1,https://video.fblr20-5.fna.fbcdn.net/o1/v/t2/f2/m366/AQOJFawr4bXhCfXcVJAY9EHAEAlYKLH2OIxALn78uLcGme_-vBfWrg2Se4VMa8o7wvK7f1rQAtf8OGeEfWHaXVwxh3wLDFywNW3DEKYkg0uOIQ.mp4?_nc_cat=107&_nc_oc=Adp8XnAHO2P_1tX1eD6y-5SGaQBBtTQwA6ZlguNJXbibrQyAGmu3ZAsRJ0ebU7WHbHfmlR8J1_mZd2boHGKKXhBD&_nc_sid=b66105&_nc_ht=video.fblr20-5.fna.fbcdn.net&_nc_ohc=dCIxO38O0v0Q7kNvwGH89ta&efg=eyJ2ZW5jb2RlX3RhZyI6Inhwdl9wcm9ncmVzc2l2ZS5WSV9VU0VDQVNFX1BST0RVQ1RfVFlQRS4uQzMuNzIwLmRhc2hfaDI2NC1iYXNpYy1nZW4yXzcyMHAiLCJ4cHZfYXNzZXRfaWQiOjQ1Mjc2OTM3ODczNzYzOTksImFzc2V0X2FnZV9kYXlzIjoyNCwidmlfdXNlY2FzZV9pZCI6MTAxMzksImR1cmF0aW9uX3MiOjc3LCJ1cmxnZW5fc291cmNlIjoid3d3In0%3D&ccb=17-1&vs=ec8a91c5c1bee9ea&_nc_vs=HBksFQIYRWZiX2VwaGVtZXJhbC8xNTQ5Qjg5MTQwODA0QzBBMTlGQjdFOUZENTE5MERBMl9tdF8xX3ZpZGVvX2Rhc2hpbml0Lm1wNBUAAsgBEgAVAhhAZmJfcGVybWFuZW50LzlBNDMwMzg1QTI4QjFGQjc1RkQzOENGNzgyRjkzNkJDX2F1ZGlvX2Rhc2hpbml0Lm1wNBUCAsgBEgAoABgAGwKIB3VzZV9vaWwBMRJwcm9ncmVzc2l2ZV9yZWNpcGUBMRUAACaerMm9u_qKEBUCKAJDMywXQFNNT987ZFoYGWRhc2hfaDI2NC1iYXNpYy1nZW4yXzcyMHARAHUAZbaeAQA&_nc_gid=GxdxzczpW7_-oH8r38lwwg&_nc_ss=7f289&_nc_zt=28&oh=00_Af-ckNcG4LJWNku-ODWWWUrvtm91H9nKtXpSPsqyZzFRUg&oe=6A464105,https://scontent.fblr20-2.fna.fbcdn.net/v/t39.35426-6/713824148_1016591457610294_1912481297774962215_n.jpg?_nc_cat=102&ccb=1-7&_nc_sid=c53f8f&_nc_ohc=Wvv2e_lH6ZYQ7kNvwGekPZn&_nc_oc=Adp415_dUaaKsPvfsQIPNQITHZb29B6NB7uXDcIom92t0XCmM2VT48WRIla7KyhR3Mrg12d1C3T3iRLsD2cPvmxu&_nc_zt=14&_nc_ht=scontent.fblr20-2.fna&_nc_gid=GxdxzczpW7_-oH8r38lwwg&_nc_ss=7f289&oh=00_Af_EDJtMO5Jsdh9MPL8Z4-9uviepQecw4Ki_L5hY-E6Ybw&oe=6A465647,2026-07-02T10:44:21.000Z,2026-06-28
172,166,SpeakX,540653459131632,SpeakX - Learn to Speak English,,IN,1368585215149014,https://www.facebook.com/ads/library/?id=1368585215149014,2026-06-24,,false,false,1,0,,2026-06-24,,"10 லட்சம்+ கற்றவர்களுடன் சேர்ந்து, உங்கள் AI ஆசிரியருடன் தாராளமாக ஆங்கிலம் பேசுங்கள்",ஆங்கிலம் கற்றுக்கொண்டு தாராளமாக பேசுங்கள்,Install now,http://play.google.com/store/apps/details?id=yellowclass.kids.live,"Facebook,Instagram,Audience Network,Messenger,Threads","10 லட்சம்+ கற்றவர்களுடன் சேர்ந்து, உங்கள் AI ஆசிரியருடன் தாராளமாக ஆங்கிலம் பேசுங்கள்",ஆங்கிலம் கற்றுக்கொண்டு தாராளமாக பேசுங்கள்,Install now,http://play.google.com/store/apps/details?id=yellowclass.kids.live,Video,"Facebook,Instagram,Audience Network,Messenger,Threads",1,0,1:1,https://video.fblr20-2.fna.fbcdn.net/o1/v/t2/f2/m366/AQMZ3TV4zRtzxALiCxmf8X0ZYuN8nhan208OWWs7xhNHpob5srZ3WHmifgrOJFy9lzSb5qVeOvYiPlfCydsQMGvT7aBJMXwDVi5Ic5ROg2Fs6A.mp4?_nc_cat=104&_nc_oc=AdpE6XL53GCYoa-o9MPoXd0boUk1Bggh3x8Zu4VR3T7OkH-jObU-R-x3yG0itzyr6zyqj4vypCP1Ot-3jyi4Eha1&_nc_sid=b66105&_nc_ht=video.fblr20-2.fna.fbcdn.net&_nc_ohc=3VTsYCGI7CsQ7kNvwFKVLS7&efg=eyJ2ZW5jb2RlX3RhZyI6Inhwdl9wcm9ncmVzc2l2ZS5WSV9VU0VDQVNFX1BST0RVQ1RfVFlQRS4uQzMuNzIwLmRhc2hfaDI2NC1iYXNpYy1nZW4yXzcyMHAiLCJ4cHZfYXNzZXRfaWQiOjk4MDEwNjExODA1OTg2OCwiYXNzZXRfYWdlX2RheXMiOjI1LCJ2aV91c2VjYXNlX2lkIjoxMDEzOSwiZHVyYXRpb25fcyI6NDIsInVybGdlbl9zb3VyY2UiOiJ3d3cifQ%3D%3D&ccb=17-1&vs=3846288985e4e32c&_nc_vs=HBksFQIYRWZiX2VwaGVtZXJhbC8wMjQ4NTY3MDRCRUEwQjg1NjQxNDNGRTdGREFDMTY4Nl9tdF8xX3ZpZGVvX2Rhc2hpbml0Lm1wNBUAAsgBEgAVAhhAZmJfcGVybWFuZW50LzlCNDlDNzhGQkRFODlFNjA4MTk0OUYwNTkzNkRDM0FDX2F1ZGlvX2Rhc2hpbml0Lm1wNBUCAsgBEgAoABgAGwKIB3VzZV9vaWwBMRJwcm9ncmVzc2l2ZV9yZWNpcGUBMRUAACa43ZLQ19m9AxUCKAJDMywXQEVAAAAAAAAYGWRhc2hfaDI2NC1iYXNpYy1nZW4yXzcyMHARAHUAZbaeAQA&_nc_gid=GxdxzczpW7_-oH8r38lwwg&_nc_ss=7f289&_nc_zt=28&oh=00_Af-pEzg0h8qUw5JBhECEITlzPZ8bEUWIf3KGcheu9z232A&oe=6A464018,https://scontent.fblr20-4.fna.fbcdn.net/v/t39.35426-6/731787922_2275201646632909_5923428177055232334_n.jpg?_nc_cat=106&ccb=1-7&_nc_sid=c53f8f&_nc_ohc=LW3OBZ0zDGoQ7kNvwEFfbT-&_nc_oc=AdqnZbi2KqgSJLRvjvg_jPHVkQ2oElXMYx471yxCAdaImnQa9svaHxE5y83O-r5Z99zPWI8XR0EXDrZKErrKVCBD&_nc_zt=14&_nc_ht=scontent.fblr20-4.fna&_nc_gid=GxdxzczpW7_-oH8r38lwwg&_nc_ss=7f289&oh=00_Af-oPhOVxNxN1xs45TcN_slvEeJNbNXa7LGu78IlPUWlHA&oe=6A465E15,2026-07-02T10:40:24.000Z,2026-06-28
173,167,SpeakX,540653459131632,SpeakX - Learn to Speak English,,IN,1755985579113125,https://www.facebook.com/ads/library/?id=1755985579113125,2026-06-01,,false,false,1,0,,2026-06-01,,SpeakX ആപ്പിൽ ആത്മവിശ്വാസത്തോടെ ഇംഗ്ലീഷ് സംസാരിക്കുക. വ്യക്തിഗത AI അധ്യാപകൻ ലഭിക്കും.,സുഗമമായി ഇംഗ്ലീഷ് സംസാരിക്കുക,Install now,http://play.google.com/store/apps/details?id=yellowclass.kids.live,"Facebook,Instagram,Audience Network,Messenger,Threads",SpeakX ആപ്പിൽ ആത്മവിശ്വാസത്തോടെ ഇംഗ്ലീഷ് സംസാരിക്കുക. വ്യക്തിഗത AI അധ്യാപകൻ ലഭിക്കും.,സുഗമമായി ഇംഗ്ലീഷ് സംസാരിക്കുക,Install now,http://play.google.com/store/apps/details?id=yellowclass.kids.live,Video,"Facebook,Instagram,Audience Network,Messenger,Threads",1,0,1:1,https://video.fblr20-5.fna.fbcdn.net/o1/v/t2/f2/m366/AQNviSS5QpmIpubwsUxgGhuxL7a0WLZ70TANdWQ35ggl1XAwom-JHEwN14l-qs_L_o61W8m5FJ4LKneawhKKehzmMuEJbw8xw0WicEFfr433Qg.mp4?_nc_cat=107&_nc_oc=AdqMYfJ0TpdyNeAiI5u7P64c00WKoEVKnCpVhVg2uDoi9hBg9T8gebjHmE__TB-cW_x5X0mKTvjz_KrVVqNu55qi&_nc_sid=b66105&_nc_ht=video.fblr20-5.fna.fbcdn.net&_nc_ohc=GSEZ3kap8cMQ7kNvwHIsju9&efg=eyJ2ZW5jb2RlX3RhZyI6Inhwdl9wcm9ncmVzc2l2ZS5WSV9VU0VDQVNFX1BST0RVQ1RfVFlQRS4uQzMuNzIwLmRhc2hfaDI2NC1iYXNpYy1nZW4yXzcyMHAiLCJ4cHZfYXNzZXRfaWQiOjE0OTI0NzQyODkyMDMyMTAsImFzc2V0X2FnZV9kYXlzIjo1OCwidmlfdXNlY2FzZV9pZCI6MTA3OTksImR1cmF0aW9uX3MiOjUwLCJ1cmxnZW5fc291cmNlIjoid3d3In0%3D&ccb=17-1&vs=d6eff4ce97893d5c&_nc_vs=HBksFQIYRWZiX2VwaGVtZXJhbC85QzQzREEyODc2RUMwOTFEODI1QTc0QkRGNUY1OTFCQV9tdF8xX3ZpZGVvX2Rhc2hpbml0Lm1wNBUAAsgBEgAVAhhAZmJfcGVybWFuZW50LzMxNEYyMDRENTAwNjhGNzA4ODFBMjRDRTFEQkI3ODkxX2F1ZGlvX2Rhc2hpbml0Lm1wNBUCAsgBEgAoABgAGwKIB3VzZV9vaWwBMRJwcm9ncmVzc2l2ZV9yZWNpcGUBMRUAACaUoMH9t9mmBRUCKAJDMywXQElAAAAAAAAYGWRhc2hfaDI2NC1iYXNpYy1nZW4yXzcyMHARAHUAZd6oAQA&_nc_gid=GxdxzczpW7_-oH8r38lwwg&_nc_ss=7f289&_nc_zt=28&oh=00_Af-R74WDg2Jew7EnkLUOg7wnlLjUW8dOEwIviAAKb-3amA&oe=6A463B71,https://scontent.fblr20-2.fna.fbcdn.net/v/t39.35426-6/684584159_1370760358182713_1911969980079714194_n.jpg?_nc_cat=104&ccb=1-7&_nc_sid=c53f8f&_nc_ohc=jom-hHRBfNEQ7kNvwEhRQfE&_nc_oc=AdoBXi4-0aGg5LyhiSvYMG5d0DD_MxDtWa8JanVUHSdZzefNjqngx_adV0o07g7SUmcQEe3ZPLeTK_GWpXYEFctk&_nc_zt=14&_nc_ht=scontent.fblr20-2.fna&_nc_gid=GxdxzczpW7_-oH8r38lwwg&_nc_ss=7f289&oh=00_Af_l-GofSDwrl3SJiKKXiqpbGZ2yGrmkLod9mg-O23gRHA&oe=6A46537F,2026-07-02T10:20:33.000Z,2026-06-28
174,168,SpeakX,540653459131632,SpeakX - Learn to Speak English,,IN,691760497365738,https://www.facebook.com/ads/library/?id=691760497365738,2026-06-10,,false,false,1,0,,2026-06-10,,"💼 ऑफिस मीटिंग्स और इंटरव्यूज के लिए खुद को तैयार करें

✅ 24/7 AI Tutor: कभी भी, कहीं भी practice करें।
✅ Instant Feedback: अपनी pronunciation और fluency सुधारें।
✅ Zero Judgment: बिना किसी डर के खुल कर बोलें

Presenting Speakx — आपका अपना AI English Coach",SpeakX — आपका अपना AI English Coach.,Install now,http://play.google.com/store/apps/details?id=yellowclass.kids.live,"Facebook,Instagram","💼 ऑफिस मीटिंग्स और इंटरव्यूज के लिए खुद को तैयार करें

✅ 24/7 AI Tutor: कभी भी, कहीं भी practice करें।
✅ Instant Feedback: अपनी pronunciation और fluency सुधारें।
✅ Zero Judgment: बिना किसी डर के खुल कर बोलें

Presenting Speakx — आपका अपना AI English Coach",SpeakX — आपका अपना AI English Coach.,Install now,http://play.google.com/store/apps/details?id=yellowclass.kids.live,Video,"Facebook,Instagram",1,0,9:16,https://video.fblr20-3.fna.fbcdn.net/o1/v/t2/f2/m366/AQMz-J9MkCyhcJw-fCek-CBCq1DEA8RBxTEfD1BhUiKQZ6lELgTHCxo2aLDVQLcn3av45Ts2-D-R5a--1bdRgUEotsrT0hfKhICrxThC85Vogw.mp4?_nc_cat=105&_nc_oc=AdpIeVkKq3gpdv3_vsuFCVXNsHt3p7YUdPw5PwYLnRk69bKTz9NpYCnPxWVqQZd6Rzv9k86HrfEIErMJbo8SytaT&_nc_sid=b66105&_nc_ht=video.fblr20-3.fna.fbcdn.net&_nc_ohc=GLOdR5QMg58Q7kNvwEkLb0n&efg=eyJ2ZW5jb2RlX3RhZyI6Inhwdl9wcm9ncmVzc2l2ZS5WSV9VU0VDQVNFX1BST0RVQ1RfVFlQRS4uQzMuNzIwLmRhc2hfaDI2NC1iYXNpYy1nZW4yXzcyMHAiLCJ4cHZfYXNzZXRfaWQiOjE0NzE1NDc3MzEzMTQ0NDAsImFzc2V0X2FnZV9kYXlzIjo0NSwidmlfdXNlY2FzZV9pZCI6MTA3OTksImR1cmF0aW9uX3MiOjU3LCJ1cmxnZW5fc291cmNlIjoid3d3In0%3D&ccb=17-1&vs=73a18997f8cba6de&_nc_vs=HBksFQIYRWZiX2VwaGVtZXJhbC9FNzQ1MThCMzFBMkRDQjUxQzVDOTQ0NEI1QjgyRDU4OF9tdF8xX3ZpZGVvX2Rhc2hpbml0Lm1wNBUAAsgBEgAVAhhAZmJfcGVybWFuZW50Lzg2NDQwRUFEMDVFNTU3MkVFMTQwOEVFMzMzRUZERUJBX2F1ZGlvX2Rhc2hpbml0Lm1wNBUCAsgBEgAoABgAGwKIB3VzZV9vaWwBMRJwcm9ncmVzc2l2ZV9yZWNpcGUBMRUAACaQnNz8rJedBRUCKAJDMywXQEzIcrAgxJwYGWRhc2hfaDI2NC1iYXNpYy1nZW4yXzcyMHARAHUAZd6oAQA&_nc_gid=GxdxzczpW7_-oH8r38lwwg&_nc_ss=7f289&_nc_zt=28&oh=00_Af-vd3LzK4uw6_LHo76f9QS2UpeBsDupbuoaUo9TDcWIyQ&oe=6A464B5B,https://scontent.fblr20-1.fna.fbcdn.net/v/t39.35426-6/697431466_847304691168739_6552485807468522137_n.jpg?_nc_cat=110&ccb=1-7&_nc_sid=c53f8f&_nc_ohc=pCpThughEQwQ7kNvwF8-K0Q&_nc_oc=AdqER19H9X9E7tBgpp8m2JHJyhWM3iYxBiR-YlTYQxfYvsILMLy3Htie8FdbXuAhfFS1lZSGUibiy0g20DCCfGwb&_nc_zt=14&_nc_ht=scontent.fblr20-1.fna&_nc_gid=GxdxzczpW7_-oH8r38lwwg&_nc_ss=7f289&oh=00_Af-chFPaa9L7J0VcLBU_yZEH4Cn55k9NOjgonlRUa0JQ7A&oe=6A464A24,2026-07-02T11:28:27.000Z,2026-06-28
175,169,SpeakX,540653459131632,SpeakX - Learn to Speak English,,IN,986106167606403,https://www.facebook.com/ads/library/?id=986106167606403,2026-06-05,,false,false,1,0,,2026-06-05,,"10 லட்சம்+ கற்றவர்களுடன் சேர்ந்து, உங்கள் AI ஆசிரியருடன் தாராளமாக ஆங்கிலம் பேசுங்கள்",ஆங்கிலம் கற்றுக்கொண்டு தாராளமாக பேசுங்கள்,Install now,http://play.google.com/store/apps/details?id=yellowclass.kids.live,"Facebook,Instagram,Audience Network,Messenger,Threads","10 லட்சம்+ கற்றவர்களுடன் சேர்ந்து, உங்கள் AI ஆசிரியருடன் தாராளமாக ஆங்கிலம் பேசுங்கள்",ஆங்கிலம் கற்றுக்கொண்டு தாராளமாக பேசுங்கள்,Install now,http://play.google.com/store/apps/details?id=yellowclass.kids.live,Video,"Facebook,Instagram,Audience Network,Messenger,Threads",1,0,1:1,https://video.fblr20-4.fna.fbcdn.net/o1/v/t2/f2/m366/AQN1YlVtZmVEXNxA4B8TvMwYhSkVMIvsg2UtlyfrK7d0y4LQ01v3YbYyIB0ndr7i4IExjXFm3cp19ap8SiAWy9Zpr9WVZbh9HHEfdLMSHWWXGQ.mp4?_nc_cat=101&_nc_oc=AdphYD9rULTu5MgH3wh8GB6i0JpR3d0XYItv2-xKaylJB-_3CKil7ELDSEhlQTwNytbTu6_qzleCjPfcdQDvGLvz&_nc_sid=b66105&_nc_ht=video.fblr20-4.fna.fbcdn.net&_nc_ohc=Mb7p5hz9rOQQ7kNvwETA9o1&efg=eyJ2ZW5jb2RlX3RhZyI6Inhwdl9wcm9ncmVzc2l2ZS5WSV9VU0VDQVNFX1BST0RVQ1RfVFlQRS4uQzMuNzIwLmRhc2hfaDI2NC1iYXNpYy1nZW4yXzcyMHAiLCJ4cHZfYXNzZXRfaWQiOjEwMTE4MTE3NDc5NTg0OTQsImFzc2V0X2FnZV9kYXlzIjoyOCwidmlfdXNlY2FzZV9pZCI6MTAxMzksImR1cmF0aW9uX3MiOjYxLCJ1cmxnZW5fc291cmNlIjoid3d3In0%3D&ccb=17-1&vs=2659d975861a0ac9&_nc_vs=HBksFQIYRWZiX2VwaGVtZXJhbC9BQTRFOUZCRTcwQTVGNDFEMzRBNTRFOTUxNTc4N0Y5M19tdF8xX3ZpZGVvX2Rhc2hpbml0Lm1wNBUAAsgBEgAVAhhAZmJfcGVybWFuZW50L0E1NEY2NENBN0M4ODMxQzVDRjkxNDJBOEUyNEI1NkJFX2F1ZGlvX2Rhc2hpbml0Lm1wNBUCAsgBEgAoABgAGwKIB3VzZV9vaWwBMRJwcm9ncmVzc2l2ZV9yZWNpcGUBMRUAACa8u4j9mI_MAxUCKAJDMywXQE7MzMzMzM0YGWRhc2hfaDI2NC1iYXNpYy1nZW4yXzcyMHARAHUAZbaeAQA&_nc_gid=GxdxzczpW7_-oH8r38lwwg&_nc_ss=7f289&_nc_zt=28&oh=00_Af-8b-JMl-lqhkqPcOpolVIU6hhpQ6ZhEz8N-Z8bVqO50w&oe=6A463AF3,https://scontent.fblr20-1.fna.fbcdn.net/v/t39.35426-6/709306021_1076431235560952_5557210649283995491_n.jpg?_nc_cat=108&ccb=1-7&_nc_sid=c53f8f&_nc_ohc=JljbXxOHMoMQ7kNvwHDuQhn&_nc_oc=AdqB8JVZ9COSPNvwHavHJ3OmXBF7VHgWKttxv6VrEKdE184A05ayKeYVOM54vhM0DZTmXEWVaHuQx2Zr2jXpEidT&_nc_zt=14&_nc_ht=scontent.fblr20-1.fna&_nc_gid=GxdxzczpW7_-oH8r38lwwg&_nc_ss=7f289&oh=00_Af9eEDF4m7s7bQjosO-r5kkTPlAtVi8RjxGn_ZYmx3Q1pg&oe=6A465250,2026-07-02T10:18:27.000Z,2026-06-28
176,170,SpeakX,540653459131632,SpeakX - Learn to Speak English,,IN,1330459208579843,https://www.facebook.com/ads/library/?id=1330459208579843,2026-06-24,,false,false,1,0,,2026-06-24,,English speaking made easy with SpeakX App,Spoken English course,Install now,http://play.google.com/store/apps/details?id=yellowclass.kids.live,"Facebook,Instagram,Messenger,Threads",English speaking made easy with SpeakX App,Spoken English course,Install now,http://play.google.com/store/apps/details?id=yellowclass.kids.live,Video,"Facebook,Instagram,Messenger,Threads",1,0,1:1,https://video.fblr20-4.fna.fbcdn.net/o1/v/t2/f2/m366/AQMpLES_wER0-eRh1QzKpglSFW7dZz4WPRntl1qmcbh_IpeWSNPP7dB_hIBcgnNgEFA6yiaKTJadnKBmjXm-mCXux7LMI4uCY6p6ARpkh49q4A.mp4?_nc_cat=101&_nc_oc=AdqVUpFXxLpQzu9il3MjOLW34HDvK2EdnDvL2udLCCA7nV1oNHoSe_XekxQzc-VAcIuQeX2mkBsWmrBa1YLRoYde&_nc_sid=b66105&_nc_ht=video.fblr20-4.fna.fbcdn.net&_nc_ohc=ieWbybsldmIQ7kNvwGQAeUo&efg=eyJ2ZW5jb2RlX3RhZyI6Inhwdl9wcm9ncmVzc2l2ZS5WSV9VU0VDQVNFX1BST0RVQ1RfVFlQRS4uQzMuNzIwLmRhc2hfaDI2NC1iYXNpYy1nZW4yXzcyMHAiLCJ4cHZfYXNzZXRfaWQiOjEwMDk1OTQwMjE1Njg2MzYsImFzc2V0X2FnZV9kYXlzIjoyOCwidmlfdXNlY2FzZV9pZCI6MTAxMzksImR1cmF0aW9uX3MiOjU2LCJ1cmxnZW5fc291cmNlIjoid3d3In0%3D&ccb=17-1&vs=764aeff55597f17e&_nc_vs=HBksFQIYRWZiX2VwaGVtZXJhbC82QzRCMEE2NjNGNDQ5Nzg5RDIzMTVGNDIzNjU4NEZBQl9tdF8xX3ZpZGVvX2Rhc2hpbml0Lm1wNBUAAsgBEgAVAhhAZmJfcGVybWFuZW50L0JENDMxMUYxNTQ2MDZDOEU3QzcyRkJDMzg2MUE0M0EwX2F1ZGlvX2Rhc2hpbml0Lm1wNBUCAsgBEgAoABgAGwKIB3VzZV9vaWwBMRJwcm9ncmVzc2l2ZV9yZWNpcGUBMRUAACb4ga_QjY7LAxUCKAJDMywXQEwzMzMzMzMYGWRhc2hfaDI2NC1iYXNpYy1nZW4yXzcyMHARAHUAZbaeAQA&_nc_gid=GxdxzczpW7_-oH8r38lwwg&_nc_ss=7f289&_nc_zt=28&oh=00_Af-eZI4q-ouQ4Fh7gQRpkNH0hNRqGFyS7JQ9m6qo4T9QXA&oe=6A4655EF,https://scontent.fblr20-4.fna.fbcdn.net/v/t39.35426-6/731104807_2535944086858121_179613539717792553_n.jpg?_nc_cat=103&ccb=1-7&_nc_sid=c53f8f&_nc_ohc=TjtVbGPrIScQ7kNvwHWqQSE&_nc_oc=Ado7s1eqObWMgnWPK3z2lu_bVbWJrloHcxzpnbe5deY1WgNlR23lVGvNwXquRDTXr77KbFMZh6d2hsDxjauBy5xR&_nc_zt=14&_nc_ht=scontent.fblr20-4.fna&_nc_gid=GxdxzczpW7_-oH8r38lwwg&_nc_ss=7f289&oh=00_Af9z5lTqUSvXVKfZ8ebNYF6pvjmeafIus3pJ03qo9w9gAw&oe=6A462830,2026-07-02T12:13:35.000Z,2026-06-28
177,171,SpeakX,540653459131632,SpeakX - Learn to Speak English,,IN,847846551131630,https://www.facebook.com/ads/library/?id=847846551131630,2026-05-15,,false,false,1,0,,2026-05-15,,"जब पत्नी अचानक धाराप्रवाह अंग्रेज़ी बोलने लगे... 😂 और पति सोचें — ""यह कब सीख गई?!"" 🤯

SpeakX — घर में चुपचाप, आत्मविश्वास के साथ सीखो। सिर्फ़ ₹२ में शुरुआत।

🚀 ७ दिन का बोली अंग्रेज़ी परीक्षण शुरू करें सिर्फ़ ₹२ में! नीचे दिए लिंक पर क्लिक करें।

🌟 गृहिणियों के लिए सबसे बेहतर:
⏳ सिर्फ़ १५ मिनट: दिन में कभी भी, अपनी रफ़्तार से।
🤫 पूरी तरह निजी: AI कोच — कोई आलोचना नहीं, सिर्फ़ साथ।
🎮 खेल-खेल में सीखना: रोज़ की चुनौतियाँ और पुरस्कार — मन लगा रहेगा।",SpeakX - ऑनलाइन इंग्लिश बोलना सीखें,Install now,http://play.google.com/store/apps/details?id=yellowclass.kids.live,"Facebook,Instagram","जब पत्नी अचानक धाराप्रवाह अंग्रेज़ी बोलने लगे... 😂 और पति सोचें — ""यह कब सीख गई?!"" 🤯

SpeakX — घर में चुपचाप, आत्मविश्वास के साथ सीखो। सिर्फ़ ₹२ में शुरुआत।

🚀 ७ दिन का बोली अंग्रेज़ी परीक्षण शुरू करें सिर्फ़ ₹२ में! नीचे दिए लिंक पर क्लिक करें।

🌟 गृहिणियों के लिए सबसे बेहतर:
⏳ सिर्फ़ १५ मिनट: दिन में कभी भी, अपनी रफ़्तार से।
🤫 पूरी तरह निजी: AI कोच — कोई आलोचना नहीं, सिर्फ़ साथ।
🎮 खेल-खेल में सीखना: रोज़ की चुनौतियाँ और पुरस्कार — मन लगा रहेगा।",SpeakX - ऑनलाइन इंग्लिश बोलना सीखें,Install now,http://play.google.com/store/apps/details?id=yellowclass.kids.live,Video,"Facebook,Instagram",1,0,1:1,https://video.fblr20-2.fna.fbcdn.net/o1/v/t2/f2/m366/AQPL8I6iK3K22AXdxdAcdLHIymyBkL1i_375Zvc-saQeRSxqmoTxkSgIjtwEC6gBF5eQ1S4wXo89YsCKbp0XL7LAIhYbpbMVVMPl_P1xcWiejA.mp4?_nc_cat=104&_nc_oc=AdpIAmR64vAM8DomJs7pIMA9hajJLzhz_7MWbr0a8kAI2wzrGUx-5CSi5IpruWzuzSDvAI7QGvnolAHsaRT97wu-&_nc_sid=b66105&_nc_ht=video.fblr20-2.fna.fbcdn.net&_nc_ohc=3He5shl41W0Q7kNvwHjh9TC&efg=eyJ2ZW5jb2RlX3RhZyI6Inhwdl9wcm9ncmVzc2l2ZS5WSV9VU0VDQVNFX1BST0RVQ1RfVFlQRS4uQzMuNzIwLmRhc2hfaDI2NC1iYXNpYy1nZW4yXzcyMHAiLCJ4cHZfYXNzZXRfaWQiOjk5NTYwNDM0OTYzODk5MCwiYXNzZXRfYWdlX2RheXMiOjQyLCJ2aV91c2VjYXNlX2lkIjoxMDc5OSwiZHVyYXRpb25fcyI6NDQsInVybGdlbl9zb3VyY2UiOiJ3d3cifQ%3D%3D&ccb=17-1&vs=5c4370fd7eb48b3d&_nc_vs=HBksFQIYRWZiX2VwaGVtZXJhbC8yMzRCMUQ5RDI2MzlCNTAxNDBGQTkyNTM5RTFDMTJCMF9tdF8xX3ZpZGVvX2Rhc2hpbml0Lm1wNBUAAsgBEgAVAhhAZmJfcGVybWFuZW50LzYwNDc0OTcwNEZFODZCOUI1QUQzMThDRkFGRDJDNEIyX2F1ZGlvX2Rhc2hpbml0Lm1wNBUCAsgBEgAoABgAGwKIB3VzZV9vaWwBMRJwcm9ncmVzc2l2ZV9yZWNpcGUBMRUAACac5ca55t_EAxUCKAJDMywXQEYiDEm6XjUYGWRhc2hfaDI2NC1iYXNpYy1nZW4yXzcyMHARAHUAZd6oAQA&_nc_gid=1v-RZKvYy85eAV5pVO9PYQ&_nc_ss=7f289&_nc_zt=28&oh=00_Af8HNMLRFwEoz6IGi4Tk3GxULSkhZjRSZYpuhcPWdSLK5Q&oe=6A463ACC,https://scontent.fblr20-2.fna.fbcdn.net/v/t39.35426-6/699291621_1717745405903983_9163812982302687476_n.jpg?_nc_cat=104&ccb=1-7&_nc_sid=c53f8f&_nc_ohc=T29Ojrf2PwMQ7kNvwHhZ63S&_nc_oc=AdqyIDWkyQ-B-wrVpaedJ12y6rls5M4mpsl59YvYC2H9e2b03-8G1lBe8cPI6fSb7RyeC43IwkRT3oKaJpcVXBRy&_nc_zt=14&_nc_ht=scontent.fblr20-2.fna&_nc_gid=1v-RZKvYy85eAV5pVO9PYQ&_nc_ss=7f289&oh=00_Af9yb0_q0hpiK8MPEYXKEqbvy2D0rxRktDraInDJzuiWPQ&oe=6A4649D4,2026-07-02T10:17:48.000Z,2026-06-28
178,172,SpeakX,540653459131632,SpeakX - Learn to Speak English,,IN,993366446988196,https://www.facebook.com/ads/library/?id=993366446988196,2026-06-02,,false,false,1,0,,2026-06-02,,SpeakX ആപ്പിൽ ആത്മവിശ്വാസത്തോടെ ഇംഗ്ലീഷ് സംസാരിക്കുക. വ്യക്തിഗത AI അധ്യാപകൻ ലഭിക്കും.,സുഗമമായി ഇംഗ്ലീഷ് സംസാരിക്കുക,Install now,http://play.google.com/store/apps/details?id=yellowclass.kids.live,"Facebook,Instagram,Audience Network,Messenger,Threads",SpeakX ആപ്പിൽ ആത്മവിശ്വാസത്തോടെ ഇംഗ്ലീഷ് സംസാരിക്കുക. വ്യക്തിഗത AI അധ്യാപകൻ ലഭിക്കും.,സുഗമമായി ഇംഗ്ലീഷ് സംസാരിക്കുക,Install now,http://play.google.com/store/apps/details?id=yellowclass.kids.live,Video,"Facebook,Instagram,Audience Network,Messenger,Threads",1,0,1:1,https://video.fblr20-3.fna.fbcdn.net/o1/v/t2/f2/m366/AQNhBFw1OSUIpXcEuKtNLOJAjQ6KfDmHthbLhH_0n3aaTAo6x3RuGcb4EFPyZEKsx7kXF1CfzpuzNL05Tw9ovB75aOvp0URAOgVA7eU07KTcOQ.mp4?_nc_cat=100&_nc_oc=AdpnVWX-RdVAxxBuCccLAP3eMjnoMcQodwRYjyCzWSnCzpkmrpJ2_RvQ0qnppuc9mOAnOBO4dZAcjvjcVwtUbKJf&_nc_sid=b66105&_nc_ht=video.fblr20-3.fna.fbcdn.net&_nc_ohc=cFWkJLA4R7UQ7kNvwEZIcij&efg=eyJ2ZW5jb2RlX3RhZyI6Inhwdl9wcm9ncmVzc2l2ZS5WSV9VU0VDQVNFX1BST0RVQ1RfVFlQRS4uQzMuNzIwLmRhc2hfaDI2NC1iYXNpYy1nZW4yXzcyMHAiLCJ4cHZfYXNzZXRfaWQiOjEwMjY0Mzk1MjMxNzc3NDYsImFzc2V0X2FnZV9kYXlzIjoyNCwidmlfdXNlY2FzZV9pZCI6MTAxMzksImR1cmF0aW9uX3MiOjc0LCJ1cmxnZW5fc291cmNlIjoid3d3In0%3D&ccb=17-1&vs=7e99b268ba1afc13&_nc_vs=HBksFQIYRWZiX2VwaGVtZXJhbC82RDREN0YwMDIxNjRBNzRERjg3REJEMDMyNkM2MDY4Rl9tdF8xX3ZpZGVvX2Rhc2hpbml0Lm1wNBUAAsgBEgAVAhhAZmJfcGVybWFuZW50LzRDNDNCMTFFMTI3OEYwMjM5OEUyMzQ2NEI4MkY3RDkzX2F1ZGlvX2Rhc2hpbml0Lm1wNBUCAsgBEgAoABgAGwKIB3VzZV9vaWwBMRJwcm9ncmVzc2l2ZV9yZWNpcGUBMRUAACak1Myy0uLSAxUCKAJDMywXQFKXbItDlYEYGWRhc2hfaDI2NC1iYXNpYy1nZW4yXzcyMHARAHUAZbaeAQA&_nc_gid=1v-RZKvYy85eAV5pVO9PYQ&_nc_ss=7f289&_nc_zt=28&oh=00_Af8tHoA29xhZjMzS8T2upvs8j8wHx_4D8rI4ntyJPQ9QLA&oe=6A463408,https://scontent.fblr20-1.fna.fbcdn.net/v/t39.35426-6/713243585_3768507946638190_597013470844840134_n.jpg?_nc_cat=108&ccb=1-7&_nc_sid=c53f8f&_nc_ohc=1xhmqEFBvmgQ7kNvwFRIsKj&_nc_oc=Ado6Wpsq-W3Th-7hYEG0N0Ml5J65g6gfLnDObZ1qSibREp3TdnULlZKfmcUc4T1zVJhGTHHWqKp-nfIq0UEblSX6&_nc_zt=14&_nc_ht=scontent.fblr20-1.fna&_nc_gid=1v-RZKvYy85eAV5pVO9PYQ&_nc_ss=7f289&oh=00_Af9ySn5SuamG1u9SScAWaW9uQuH2EuJp_W3XSdVuKtBkeQ&oe=6A463819,2026-07-02T09:48:56.000Z,2026-06-28
179,173,SpeakX,540653459131632,SpeakX - Learn to Speak English,,IN,929327496844001,https://www.facebook.com/ads/library/?id=929327496844001,2026-06-24,,false,false,1,0,,2026-06-24,,SpeakX ആപ്പിൽ ആത്മവിശ്വാസത്തോടെ ഇംഗ്ലീഷ് സംസാരിക്കുക. വ്യക്തിഗത AI അധ്യാപകൻ ലഭിക്കും.,സുഗമമായി ഇംഗ്ലീഷ് സംസാരിക്കുക,Install now,http://play.google.com/store/apps/details?id=yellowclass.kids.live,"Facebook,Instagram,Audience Network,Messenger,Threads",SpeakX ആപ്പിൽ ആത്മവിശ്വാസത്തോടെ ഇംഗ്ലീഷ് സംസാരിക്കുക. വ്യക്തിഗത AI അധ്യാപകൻ ലഭിക്കും.,സുഗമമായി ഇംഗ്ലീഷ് സംസാരിക്കുക,Install now,http://play.google.com/store/apps/details?id=yellowclass.kids.live,Video,"Facebook,Instagram,Audience Network,Messenger,Threads",1,0,1:1,https://video.fblr20-4.fna.fbcdn.net/o1/v/t2/f2/m366/AQOSSsGSH8Jx5moWWdmXsy3ed30ioPmBaVwSvluwaEZfi_EaiU4JlOuEA87mJOubOOXjvsT42sQp0AXf6imlG9rvWZHTwwHtsb-mvP9XGcT6_w.mp4?_nc_cat=103&_nc_oc=AdqitGHug5JWHBEa9d5lRVuVDiRwhgcZofk8uScByZN0rEUFA6WiIq-ccqPc7YkvcA0LkeDoYvht16vKvQ04P7aw&_nc_sid=b66105&_nc_ht=video.fblr20-4.fna.fbcdn.net&_nc_ohc=iP_w8Ds08lQQ7kNvwGUEZN4&efg=eyJ2ZW5jb2RlX3RhZyI6Inhwdl9wcm9ncmVzc2l2ZS5WSV9VU0VDQVNFX1BST0RVQ1RfVFlQRS4uQzMuNzIwLmRhc2hfaDI2NC1iYXNpYy1nZW4yXzcyMHAiLCJ4cHZfYXNzZXRfaWQiOjE2NzgwMDE4NTAxMjQ2MTQsImFzc2V0X2FnZV9kYXlzIjoyLCJ2aV91c2VjYXNlX2lkIjoxMDEzOSwiZHVyYXRpb25fcyI6NTIsInVybGdlbl9zb3VyY2UiOiJ3d3cifQ%3D%3D&ccb=17-1&vs=1bb2b3d656486b63&_nc_vs=HBksFQIYRWZiX2VwaGVtZXJhbC9DMDQ4NUJDNzY1QkQ3QjJGM0QxRkU3QTIwMDFCMDVCQV9tdF8xX3ZpZGVvX2Rhc2hpbml0Lm1wNBUAAsgBEgAVAhhAZmJfcGVybWFuZW50LzU3NDAzQjU2Qjk5RjUyODQyMkE2MDUzNEZCMjk2NDlBX2F1ZGlvX2Rhc2hpbml0Lm1wNBUCAsgBEgAoABgAGwKIB3VzZV9vaWwBMRJwcm9ncmVzc2l2ZV9yZWNpcGUBMRUAACaMpayDyIj7BRUCKAJDMywXQEoIcrAgxJwYGWRhc2hfaDI2NC1iYXNpYy1nZW4yXzcyMHARAHUAZbaeAQA&_nc_gid=1v-RZKvYy85eAV5pVO9PYQ&_nc_ss=7f289&_nc_zt=28&oh=00_Af9p_STON-gmB4wXCW-XYE2OO9D61kcPqe0z-21lTuowcw&oe=6A463EE1,https://scontent.fblr20-2.fna.fbcdn.net/v/t39.35426-6/730373626_1662617681632435_8117330449882382815_n.jpg?_nc_cat=111&ccb=1-7&_nc_sid=c53f8f&_nc_ohc=rFuumJ43YNAQ7kNvwElGMmt&_nc_oc=AdpSj_IYHdJi3TvHiY84wK7ZjnvVAIjjZStFPAS2Fcx_Vn5lsUSDNhoG-jJkENXO5xd4pVjmIjUTb8251tutQ_wg&_nc_zt=14&_nc_ht=scontent.fblr20-2.fna&_nc_gid=1v-RZKvYy85eAV5pVO9PYQ&_nc_ss=7f289&oh=00_Af-qF6bmcKK4_UThlWy4IJFY6H4g32sd8iyJq54A1P_wPQ&oe=6A464203,2026-07-02T10:35:13.000Z,2026-06-28
180,174,SpeakX,540653459131632,SpeakX - Learn to Speak English,,IN,2006704783280061,https://www.facebook.com/ads/library/?id=2006704783280061,2026-06-22,,false,false,1,0,,2026-06-22,,Ab bina ruke English bolo. Speakx AI tutor ke saath rozana practice karein.,"Learn English, Let's Talk",Install now,http://play.google.com/store/apps/details?id=yellowclass.kids.live,"Facebook,Instagram,Audience Network,Messenger,Threads",Ab bina ruke English bolo. Speakx AI tutor ke saath rozana practice karein.,"Learn English, Let's Talk",Install now,http://play.google.com/store/apps/details?id=yellowclass.kids.live,Video,"Facebook,Instagram,Audience Network,Messenger,Threads",1,0,1:1,https://video.fblr20-4.fna.fbcdn.net/o1/v/t2/f2/m366/AQNx1Wu3NYomRuGOOjrnMxCIsSxn1kJCVRvRLT-drtPGmr3uQTJDw9xF6hYdsBKTDCGhAYXal4AgHR5_0rx84PP9tIxhfTnjNHC-fuPAnON_4A.mp4?_nc_cat=101&_nc_oc=AdrOBO05SG7ymhTQqBtWSNiMprQnxj8zARHR-20nv0y4FTop_9v2OcC1FKXaFZRwhZpPcBf7zqjxoc2egCaGIzPA&_nc_sid=b66105&_nc_ht=video.fblr20-4.fna.fbcdn.net&_nc_ohc=wcDy5daqkUwQ7kNvwGOE72y&efg=eyJ2ZW5jb2RlX3RhZyI6Inhwdl9wcm9ncmVzc2l2ZS5WSV9VU0VDQVNFX1BST0RVQ1RfVFlQRS4uQzMuNzIwLmRhc2hfaDI2NC1iYXNpYy1nZW4yXzcyMHAiLCJ4cHZfYXNzZXRfaWQiOjg1NzAxNjA1MzcyMzA3OCwiYXNzZXRfYWdlX2RheXMiOjUsInZpX3VzZWNhc2VfaWQiOjEwNzk5LCJkdXJhdGlvbl9zIjo1OSwidXJsZ2VuX3NvdXJjZSI6Ind3dyJ9&ccb=17-1&vs=17b49825db4ed836&_nc_vs=HBksFQIYRWZiX2VwaGVtZXJhbC9FNTQ0RTQwMjQ4MTQ2NDZBRjZFNjZEMTA1NzY0OTNCMF9tdF8xX3ZpZGVvX2Rhc2hpbml0Lm1wNBUAAsgBEgAVAhhAZmJfcGVybWFuZW50LzQ2NENEOTA4MTA3N0MyODQ3MkUyMDg1RDg4MDAxNzg5X2F1ZGlvX2Rhc2hpbml0Lm1wNBUCAsgBEgAoABgAGwKIB3VzZV9vaWwBMRJwcm9ncmVzc2l2ZV9yZWNpcGUBMRUAACaMv5eX89yFAxUCKAJDMywXQE3ZmZmZmZoYGWRhc2hfaDI2NC1iYXNpYy1nZW4yXzcyMHARAHUAZd6oAQA&_nc_gid=1v-RZKvYy85eAV5pVO9PYQ&_nc_ss=7f289&_nc_zt=28&oh=00_Af-BKegHzNTvuiL3oJUbelR3Ft0o3hd-CEiQPazolATgXw&oe=6A462DAF,https://scontent.fblr20-5.fna.fbcdn.net/v/t39.35426-6/726432100_1198943349966448_2109000909472564482_n.jpg?_nc_cat=107&ccb=1-7&_nc_sid=c53f8f&_nc_ohc=f_dTUta2vwkQ7kNvwH0-x6X&_nc_oc=Adpy7wN8Jzux6lEXJCCpKAmo6e86x4QWynUGBOe_VtmAh31_6ocQJvKpa_S0So7EtD4MsO-adhX6dkcIW5JesxBQ&_nc_zt=14&_nc_ht=scontent.fblr20-5.fna&_nc_gid=1v-RZKvYy85eAV5pVO9PYQ&_nc_ss=7f289&oh=00_Af8CWEdi_vb9H8c_Tk1PC9tiJLu3RSs1kqGnUhYC0xDxRQ&oe=6A4630ED,2026-07-02T09:21:51.000Z,2026-06-28
181,175,SpeakX,540653459131632,SpeakX - Learn to Speak English,,IN,2958326064511242,https://www.facebook.com/ads/library/?id=2958326064511242,2026-06-24,,false,false,1,0,,2026-06-24,,"10 லட்சம்+ கற்றவர்களுடன் சேர்ந்து, உங்கள் AI ஆசிரியருடன் தாராளமாக ஆங்கிலம் பேசுங்கள்",ஆங்கிலம் கற்றுக்கொண்டு தாராளமாக பேசுங்கள்,Install now,http://play.google.com/store/apps/details?id=yellowclass.kids.live,"Facebook,Instagram,Audience Network,Messenger,Threads","10 லட்சம்+ கற்றவர்களுடன் சேர்ந்து, உங்கள் AI ஆசிரியருடன் தாராளமாக ஆங்கிலம் பேசுங்கள்",ஆங்கிலம் கற்றுக்கொண்டு தாராளமாக பேசுங்கள்,Install now,http://play.google.com/store/apps/details?id=yellowclass.kids.live,Video,"Facebook,Instagram,Audience Network,Messenger,Threads",1,0,1:1,https://video.fblr20-5.fna.fbcdn.net/o1/v/t2/f2/m366/AQOsKCnvEcpJzAijy7g2a6eQQlpfsu4-WS08m1_Pt5bSSmTrkb6T_fhHhRN8PmtVcDlaSS3sflMeaGJm49EJFepwM-jVbe1iogc62DAmjtjgKA.mp4?_nc_cat=107&_nc_oc=Adpkoc82q6hbtXSEQDe1V-ObQl2B3uC-iZcY3ykfuVxsbzz84Iv8O0rWRfNkzo-4H6kCv8wtVZ8GvgDZ8p3xclmI&_nc_sid=b66105&_nc_ht=video.fblr20-5.fna.fbcdn.net&_nc_ohc=hIfCnHZQzkcQ7kNvwHwBdGm&efg=eyJ2ZW5jb2RlX3RhZyI6Inhwdl9wcm9ncmVzc2l2ZS5WSV9VU0VDQVNFX1BST0RVQ1RfVFlQRS4uQzMuNzIwLmRhc2hfaDI2NC1iYXNpYy1nZW4yXzcyMHAiLCJ4cHZfYXNzZXRfaWQiOjI2MTM3NzY1MDc1ODc0ODAwLCJhc3NldF9hZ2VfZGF5cyI6OTQsInZpX3VzZWNhc2VfaWQiOjEwNzk5LCJkdXJhdGlvbl9zIjo0OCwidXJsZ2VuX3NvdXJjZSI6Ind3dyJ9&ccb=17-1&vs=6fb2250b2fc8eb6e&_nc_vs=HBksFQIYRWZiX2VwaGVtZXJhbC9BQjQ3QjRCNjY1RkM3NjQ3RUExRjRENDlBRjlFNzI5RF9tdF8xX3ZpZGVvX2Rhc2hpbml0Lm1wNBUAAsgBEgAVAhhAZmJfcGVybWFuZW50LzZGNDUyQzMxMTgwMTczOUZFODRFMEM1Q0I2Nzc2RUFEX2F1ZGlvX2Rhc2hpbml0Lm1wNBUCAsgBEgAoABgAGwKIB3VzZV9vaWwBMRJwcm9ncmVzc2l2ZV9yZWNpcGUBMRUAACbgz4-plYruXBUCKAJDMywXQEhVP3ztkWgYGWRhc2hfaDI2NC1iYXNpYy1nZW4yXzcyMHARAHUAZd6oAQA&_nc_gid=1v-RZKvYy85eAV5pVO9PYQ&_nc_ss=7f289&_nc_zt=28&oh=00_Af9xJUaMNw8czgNNKuEl7WWpqQKHFrb0fFuCcL6cl1_7wg&oe=6A4629A5,https://scontent.fblr20-4.fna.fbcdn.net/v/t39.35426-6/728937489_1620742532361495_2191869343327110754_n.jpg?_nc_cat=101&ccb=1-7&_nc_sid=c53f8f&_nc_ohc=Nefna94J73QQ7kNvwFCrnCu&_nc_oc=AdpNa1sAkQrhS7iNz9MqXygHsK5xANx-ESwHS_-GrG4YWLGXCaxyMdUn_wlq9vxHHMVn3EHEhN2eWfMHehId0wQ4&_nc_zt=14&_nc_ht=scontent.fblr20-4.fna&_nc_gid=1v-RZKvYy85eAV5pVO9PYQ&_nc_ss=7f289&oh=00_Af-AtwoEOapI7zMGR04O4dTrslkr-zlMaNb5c0RmgesilQ&oe=6A4633CD,2026-07-02T09:04:37.000Z,2026-06-28
182,176,SpeakX,540653459131632,SpeakX - Learn to Speak English,,IN,880180717685885,https://www.facebook.com/ads/library/?id=880180717685885,2026-06-02,,false,false,1,0,,2026-06-02,,SpeakX ആപ്പിൽ ആത്മവിശ്വാസത്തോടെ ഇംഗ്ലീഷ് സംസാരിക്കുക. വ്യക്തിഗത AI അധ്യാപകൻ ലഭിക്കും.,സുഗമമായി ഇംഗ്ലീഷ് സംസാരിക്കുക,Install now,http://play.google.com/store/apps/details?id=yellowclass.kids.live,"Facebook,Instagram,Audience Network,Messenger,Threads",SpeakX ആപ്പിൽ ആത്മവിശ്വാസത്തോടെ ഇംഗ്ലീഷ് സംസാരിക്കുക. വ്യക്തിഗത AI അധ്യാപകൻ ലഭിക്കും.,സുഗമമായി ഇംഗ്ലീഷ് സംസാരിക്കുക,Install now,http://play.google.com/store/apps/details?id=yellowclass.kids.live,Video,"Facebook,Instagram,Audience Network,Messenger,Threads",1,0,1:1,https://video.fblr20-1.fna.fbcdn.net/o1/v/t2/f2/m366/AQO-MHYpqhwreE3BZUdFlXKBOgbf-qYS-egF2c_iMInnAT7wyitDnYIJWbk1iSTbuAgejTNICdI5CPujaINdz4AVgPe8d8jMBhx2lmVfNfPp3g.mp4?_nc_cat=110&_nc_oc=Adouis6o4rGRJW3c99ibVbQZGIaGHHN93JPJcFA_fYj3vowqcO7O-p6sqgetF9ezv4XPM_ukm5f5oVdsBy3Yz1mr&_nc_sid=b66105&_nc_ht=video.fblr20-1.fna.fbcdn.net&_nc_ohc=6LaxX0KG3wIQ7kNvwENU80r&efg=eyJ2ZW5jb2RlX3RhZyI6Inhwdl9wcm9ncmVzc2l2ZS5WSV9VU0VDQVNFX1BST0RVQ1RfVFlQRS4uQzMuNzIwLmRhc2hfaDI2NC1iYXNpYy1nZW4yXzcyMHAiLCJ4cHZfYXNzZXRfaWQiOjEzMjI5NzI0MzI1OTI5NzYsImFzc2V0X2FnZV9kYXlzIjoyOCwidmlfdXNlY2FzZV9pZCI6MTAxMzksImR1cmF0aW9uX3MiOjM0LCJ1cmxnZW5fc291cmNlIjoid3d3In0%3D&ccb=17-1&vs=44f62f4a68d4a51a&_nc_vs=HBksFQIYRWZiX2VwaGVtZXJhbC82NDQxMjZERDZBQzYxQTY0MDgzN0ExMzBCOTc2QzZCRV9tdF8xX3ZpZGVvX2Rhc2hpbml0Lm1wNBUAAsgBEgAVAhhAZmJfcGVybWFuZW50L0Q2NDFGQjBCQTM4RTkyNjI4RkY1Q0MzREY3NjBGQ0JDX2F1ZGlvX2Rhc2hpbml0Lm1wNBUCAsgBEgAoABgAGwKIB3VzZV9vaWwBMRJwcm9ncmVzc2l2ZV9yZWNpcGUBMRUAACagwaPekM_ZBBUCKAJDMywXQEEVP3ztkWgYGWRhc2hfaDI2NC1iYXNpYy1nZW4yXzcyMHARAHUAZbaeAQA&_nc_gid=1v-RZKvYy85eAV5pVO9PYQ&_nc_ss=7f289&_nc_zt=28&oh=00_Af-F8gMdbZ63-5QH4V1VoSmk50NyJ2LlhsM0FM9yzW4UCg&oe=6A462BD6,https://scontent.fblr20-3.fna.fbcdn.net/v/t39.35426-6/710246063_815410844773991_5175353783538724651_n.jpg?_nc_cat=105&ccb=1-7&_nc_sid=c53f8f&_nc_ohc=r2HMNTfkGR4Q7kNvwHnHZMc&_nc_oc=AdqIuKMx-iLGVSIpCEG1ermgTOnPBI4JiV4aHgBcU6lD18yitdSl58WutPL7WFvS4EqmBgSNB7bEp-Xzy8vy4qRO&_nc_zt=14&_nc_ht=scontent.fblr20-3.fna&_nc_gid=1v-RZKvYy85eAV5pVO9PYQ&_nc_ss=7f289&oh=00_Af-rd1aGwHCVlBLyExyk_1XmU0S04TSJtqy4xhSCffrQPQ&oe=6A462B9E,2026-07-02T09:13:58.000Z,2026-06-28
183,177,SpeakX,540653459131632,SpeakX - Learn to Speak English,,IN,4350971465117364,https://www.facebook.com/ads/library/?id=4350971465117364,2026-06-24,,false,false,1,0,,2026-06-24,,ಮೂಲದಿಂದ spoken English ಕಲಿಯಿ. ದಿನಸಿ ಅಭ್ಯಾಸಕ್ಕೆ AI ಸಹಾಯ. ಕನ್ನಡಿಗರಿಗೆ ಸೂಕ್ತ.,ಇಂಗ್ಲಿಷ್ ಮಾತನಾಡಲು ಕಲಿಯಿ,Install now,http://play.google.com/store/apps/details?id=yellowclass.kids.live,"Facebook,Instagram,Messenger,Threads",ಮೂಲದಿಂದ spoken English ಕಲಿಯಿ. ದಿನಸಿ ಅಭ್ಯಾಸಕ್ಕೆ AI ಸಹಾಯ. ಕನ್ನಡಿಗರಿಗೆ ಸೂಕ್ತ.,ಇಂಗ್ಲಿಷ್ ಮಾತನಾಡಲು ಕಲಿಯಿ,Install now,http://play.google.com/store/apps/details?id=yellowclass.kids.live,Video,"Facebook,Instagram,Messenger,Threads",1,0,9:16,https://video.fblr20-5.fna.fbcdn.net/o1/v/t2/f2/m366/AQM7UxNd-VDUUa7xE1n3aW4nP1j2pGG4Z0BQJXzzP5JnONGdCqrPVWvoEPo4qPTyBQXL8OXnx8kEUF6ImsFiqAEN2ZJZeqy2IczrNyo6s9B4Ag.mp4?_nc_cat=107&_nc_oc=Adrfuj0IXRNr7aDiLzaTaCY1wgrmmtBSJJRjoC3kxcJcgXSvIfzJppTOx4x99xsKhFMzyI_17MbvKiqgep0VQ3ej&_nc_sid=b66105&_nc_ht=video.fblr20-5.fna.fbcdn.net&_nc_ohc=RnrxWnN4nl0Q7kNvwGJwxpT&efg=eyJ2ZW5jb2RlX3RhZyI6Inhwdl9wcm9ncmVzc2l2ZS5WSV9VU0VDQVNFX1BST0RVQ1RfVFlQRS4uQzMuNzIwLmRhc2hfaDI2NC1iYXNpYy1nZW4yXzcyMHAiLCJ4cHZfYXNzZXRfaWQiOjE1MzU5NTUyNDQ1NDE2NjYsImFzc2V0X2FnZV9kYXlzIjo1LCJ2aV91c2VjYXNlX2lkIjoxMDc5OSwiZHVyYXRpb25fcyI6OTQsInVybGdlbl9zb3VyY2UiOiJ3d3cifQ%3D%3D&ccb=17-1&vs=4a5907b77ccb3a19&_nc_vs=HBksFQIYRWZiX2VwaGVtZXJhbC9ERTRBQzcyMjBCRTg3NkFCN0ZCOThEQ0NBRkMxMEJCQ19tdF8xX3ZpZGVvX2Rhc2hpbml0Lm1wNBUAAsgBEgAVAhhAZmJfcGVybWFuZW50LzA3NDgyNkI0QUY1QjZBQzM0MzhCQTcxQzk2MENGNDkzX2F1ZGlvX2Rhc2hpbml0Lm1wNBUCAsgBEgAoABgAGwKIB3VzZV9vaWwBMRJwcm9ncmVzc2l2ZV9yZWNpcGUBMRUAACbEm--rrry6BRUCKAJDMywXQFeXbItDlYEYGWRhc2hfaDI2NC1iYXNpYy1nZW4yXzcyMHARAHUAZd6oAQA&_nc_gid=1v-RZKvYy85eAV5pVO9PYQ&_nc_ss=7f289&_nc_zt=28&oh=00_Af8jh884TpEqSdCUlA8BYWvP2kxCfhJ1fDMfJz60tmJiNA&oe=6A463719,https://scontent.fblr20-2.fna.fbcdn.net/v/t39.35426-6/731093928_27328157873461893_7177323746219096111_n.jpg?_nc_cat=111&ccb=1-7&_nc_sid=c53f8f&_nc_ohc=xWyEt_Am_lMQ7kNvwFrKZWc&_nc_oc=Adq4an0g_UdMwIcDs_EB0QgbHbQMPM9R7Y76TF8dxbx1JydiCoVxR9iLPSxStQuA45g9SlL5rQBz-o2_Og4dy1wc&_nc_zt=14&_nc_ht=scontent.fblr20-2.fna&_nc_gid=1v-RZKvYy85eAV5pVO9PYQ&_nc_ss=7f289&oh=00_Af84BxpGhDL67-vMDDmzToFyMIB_xrJ5L0GBNdyx8MjrRQ&oe=6A463A3F,2026-07-02T10:02:01.000Z,2026-06-28
184,178,SpeakX,540653459131632,SpeakX - Learn to Speak English,,IN,1519138156349576,https://www.facebook.com/ads/library/?id=1519138156349576,2026-06-22,,false,false,1,0,,2026-06-22,,Ab bina ruke English bolo. Speakx AI tutor ke saath rozana practice karein.,"Learn English, Let's Talk",Install now,http://play.google.com/store/apps/details?id=yellowclass.kids.live,"Facebook,Instagram,Audience Network,Messenger,Threads",Ab bina ruke English bolo. Speakx AI tutor ke saath rozana practice karein.,"Learn English, Let's Talk",Install now,http://play.google.com/store/apps/details?id=yellowclass.kids.live,Video,"Facebook,Instagram,Audience Network,Messenger,Threads",1,0,16:9,https://video.fblr20-4.fna.fbcdn.net/o1/v/t2/f2/m366/AQNzN2OLO0E70n59xw8SFSdHrUlHeryjdE_5d-cS9CdaZiz90Nq1UUKJ11Hn9BFHjFxi64iTl74Kn1HViMdR4bgnomDIYSvncwI1qmgu3SlDMw.mp4?_nc_cat=101&_nc_oc=AdoO5LbVTLH2x72S9EGhH2zUFmrz85LeShw_kXgo49iFBljtI9YNdQ1MqN_3V2UtKuabdOLWttrB3zUTJCqzeIgi&_nc_sid=b66105&_nc_ht=video.fblr20-4.fna.fbcdn.net&_nc_ohc=8v6fbVimVGEQ7kNvwG6SAPu&efg=eyJ2ZW5jb2RlX3RhZyI6Inhwdl9wcm9ncmVzc2l2ZS5WSV9VU0VDQVNFX1BST0RVQ1RfVFlQRS4uQzMuMTA4MC5kYXNoX2gyNjQtYmFzaWMtZ2VuMl83MjBwIiwieHB2X2Fzc2V0X2lkIjo5NzUxNDEwNjg2OTM2NzgsImFzc2V0X2FnZV9kYXlzIjo1LCJ2aV91c2VjYXNlX2lkIjoxMDEzOSwiZHVyYXRpb25fcyI6NjQsInVybGdlbl9zb3VyY2UiOiJ3d3cifQ%3D%3D&ccb=17-1&vs=aa2d3bc429bb38f1&_nc_vs=HBksFQIYRWZiX2VwaGVtZXJhbC82RTQ4QzhBMTZBOUZEQThDMzM1QTQ1NzRGQzQ2NzFBNl9tdF8xX3ZpZGVvX2Rhc2hpbml0Lm1wNBUAAsgBEgAVAhhAZmJfcGVybWFuZW50L0U4NDBGMkM2OTExRDFFMzkzM0FEQzQ4MTI4ODU5N0EwX2F1ZGlvX2Rhc2hpbml0Lm1wNBUCAsgBEgAoABgAGwKIB3VzZV9vaWwBMRJwcm9ncmVzc2l2ZV9yZWNpcGUBMRUAACbcgouQ17i7AxUCKAJDMywXQFAogxJul40YGWRhc2hfaDI2NC1iYXNpYy1nZW4yXzcyMHARAHUAZbaeAQA&_nc_gid=1v-RZKvYy85eAV5pVO9PYQ&_nc_ss=7f289&_nc_zt=28&oh=00_Af9hlCdVG107hbKZXh-18SEQm610kC0cu9SN1FsBkU-OPA&oe=6A4642B7,https://scontent.fblr20-4.fna.fbcdn.net/v/t39.35426-6/727519522_2440951366384911_8022795774483432611_n.jpg?_nc_cat=106&ccb=1-7&_nc_sid=c53f8f&_nc_ohc=1Z8MyEtVvnAQ7kNvwFNGDO-&_nc_oc=AdohGRxwJWS6t0roMFmSUXspd1urlapsC_CAM71Mfi_COIM6s5TRYRo9K6zbHMGm2SZZ2h2fbFNrPkHLTTPXNMWo&_nc_zt=14&_nc_ht=scontent.fblr20-4.fna&_nc_gid=1v-RZKvYy85eAV5pVO9PYQ&_nc_ss=7f289&oh=00_Af8jNx9E1qCQJr567iSoPEhGf_3aMN6qKYSjaah1OI-Fjw&oe=6A465B4A,2026-07-02T10:51:35.000Z,2026-06-28
185,179,SpeakX,540653459131632,SpeakX - Learn to Speak English,,IN,27229193570063215,https://www.facebook.com/ads/library/?id=27229193570063215,2026-06-24,,false,false,1,0,,2026-06-24,,English speaking made easy with SpeakX App,Spoken English course,Install now,http://play.google.com/store/apps/details?id=yellowclass.kids.live,"Facebook,Instagram,Audience Network,Messenger,Threads",English speaking made easy with SpeakX App,Spoken English course,Install now,http://play.google.com/store/apps/details?id=yellowclass.kids.live,Video,"Facebook,Instagram,Audience Network,Messenger,Threads",1,0,9:16,https://video.fblr20-3.fna.fbcdn.net/o1/v/t2/f2/m366/AQPrEJCc5sW29nZAvyL2_S4mYc4hSjsOfIc9lXToTwhqxjKYZ2OO_yb5883b0lKWToEgJ0N2-oqiDU3sfhoKkLHTOl2t9A_Z8FdE8l3sFBtTrw.mp4?_nc_cat=100&_nc_oc=Ado-BCuWpcaGRBg5m6u8mQPAgI5yT7t4YelsZPzu-IGc49Byu3Nj7d2jav3zpjLZnBU4StTjNfh4tvyStNDwc5_0&_nc_sid=b66105&_nc_ht=video.fblr20-3.fna.fbcdn.net&_nc_ohc=NTqpbr9Z6ikQ7kNvwF_9Mto&efg=eyJ2ZW5jb2RlX3RhZyI6Inhwdl9wcm9ncmVzc2l2ZS5WSV9VU0VDQVNFX1BST0RVQ1RfVFlQRS4uQzMuNzIwLmRhc2hfaDI2NC1iYXNpYy1nZW4yXzcyMHAiLCJ4cHZfYXNzZXRfaWQiOjM2ODk5OTYxMTc4MDc2NTYsImFzc2V0X2FnZV9kYXlzIjoyLCJ2aV91c2VjYXNlX2lkIjoxMDEzOSwiZHVyYXRpb25fcyI6NjksInVybGdlbl9zb3VyY2UiOiJ3d3cifQ%3D%3D&ccb=17-1&vs=d5004d503771842f&_nc_vs=HBksFQIYRWZiX2VwaGVtZXJhbC9DQjQ4MjZBQjhFNzU5QzRCQUY4MURBMUZFNTVCNkNBRV9tdF8xX3ZpZGVvX2Rhc2hpbml0Lm1wNBUAAsgBEgAVAhhAZmJfcGVybWFuZW50L0ExNDA5NkU5MTZGNzMxQUFCQzIxNjI3QzhDNDNDOUExX2F1ZGlvX2Rhc2hpbml0Lm1wNBUCAsgBEgAoABgAGwKIB3VzZV9vaWwBMRJwcm9ncmVzc2l2ZV9yZWNpcGUBMRUAACbQyJi9hYKODRUCKAJDMywXQFFMzMzMzM0YGWRhc2hfaDI2NC1iYXNpYy1nZW4yXzcyMHARAHUAZbaeAQA&_nc_gid=1v-RZKvYy85eAV5pVO9PYQ&_nc_ss=7f289&_nc_zt=28&oh=00_Af9239iWr2nOGQOT6Ng6LF6-Vpdnlvys9xZswd0h1RzVPw&oe=6A4656A4,https://scontent.fblr20-3.fna.fbcdn.net/v/t39.35426-6/730451674_1027709963529136_6759196035712671426_n.jpg?_nc_cat=105&ccb=1-7&_nc_sid=c53f8f&_nc_ohc=sKEIJGOG8M0Q7kNvwERocdt&_nc_oc=AdpPICvo5xPu7JzqUbSk2szqp6ymg-GqGQEEA6BQmc73csBre_3ymguNkm2sbXxojFp79_At3G0PE2gznWnjh_x1&_nc_zt=14&_nc_ht=scontent.fblr20-3.fna&_nc_gid=1v-RZKvYy85eAV5pVO9PYQ&_nc_ss=7f289&oh=00_Af_t3W0H9tged_zoD9L7wodGEA60e06sUdNkrm6fvuJZpg&oe=6A465BF1,2026-07-02T12:16:36.000Z,2026-06-28
186,180,SpeakX,540653459131632,SpeakX - Learn to Speak English,,IN,3194390794101462,https://www.facebook.com/ads/library/?id=3194390794101462,2026-06-01,,false,false,1,0,,2026-06-01,,ಮೂಲದಿಂದ spoken English ಕಲಿಯಿ. ದಿನಸಿ ಅಭ್ಯಾಸಕ್ಕೆ AI ಸಹಾಯ. ಕನ್ನಡಿಗರಿಗೆ ಸೂಕ್ತ.,ಇಂಗ್ಲಿಷ್ ಮಾತನಾಡಲು ಕಲಿಯಿ,Install now,http://play.google.com/store/apps/details?id=yellowclass.kids.live,"Facebook,Instagram,Messenger,Threads",ಮೂಲದಿಂದ spoken English ಕಲಿಯಿ. ದಿನಸಿ ಅಭ್ಯಾಸಕ್ಕೆ AI ಸಹಾಯ. ಕನ್ನಡಿಗರಿಗೆ ಸೂಕ್ತ.,ಇಂಗ್ಲಿಷ್ ಮಾತನಾಡಲು ಕಲಿಯಿ,Install now,http://play.google.com/store/apps/details?id=yellowclass.kids.live,Video,"Facebook,Instagram,Messenger,Threads",1,0,1:1,https://video.fblr20-3.fna.fbcdn.net/o1/v/t2/f2/m366/AQMEUT8UrIkHN6upQlTC93jgMGF1WOfpNVdEhzb1OZ3Ui_G5YJLzYEGAUK-mYslcokc9sAZzAB5XIiogN523IrtD_Sy5rsfkozFjTy0zFdLJ6A.mp4?_nc_cat=109&_nc_oc=Adoofs8XGcPM7A5TPwuV-iEiO3wTj4OFYCn-iX2j7Z0f9jaLSyR4QkwTmYNXxo9F5yke_zjkBVaOXLD1B9NfQMXw&_nc_sid=b66105&_nc_ht=video.fblr20-3.fna.fbcdn.net&_nc_ohc=uSShzo04jQsQ7kNvwFWip13&efg=eyJ2ZW5jb2RlX3RhZyI6Inhwdl9wcm9ncmVzc2l2ZS5WSV9VU0VDQVNFX1BST0RVQ1RfVFlQRS4uQzMuNzIwLmRhc2hfaDI2NC1iYXNpYy1nZW4yXzcyMHAiLCJ4cHZfYXNzZXRfaWQiOjk0NDUzODYzMTg4MTczNywiYXNzZXRfYWdlX2RheXMiOjU4LCJ2aV91c2VjYXNlX2lkIjoxMDc5OSwiZHVyYXRpb25fcyI6MzMsInVybGdlbl9zb3VyY2UiOiJ3d3cifQ%3D%3D&ccb=17-1&vs=5a620522b6f60764&_nc_vs=HBksFQIYRWZiX2VwaGVtZXJhbC8yQzRERTk3QzUwQzM1QjJCNjIwRjYyNzAyMEU3ODY4N19tdF8xX3ZpZGVvX2Rhc2hpbml0Lm1wNBUAAsgBEgAVAhhAZmJfcGVybWFuZW50LzFDNEVEMTdFNTdEQkEzMzlCRUE1MjJFRTMwRTYyMzk4X2F1ZGlvX2Rhc2hpbml0Lm1wNBUCAsgBEgAoABgAGwKIB3VzZV9vaWwBMRJwcm9ncmVzc2l2ZV9yZWNpcGUBMRUAACaSkIqascOtAxUCKAJDMywXQED3bItDlYEYGWRhc2hfaDI2NC1iYXNpYy1nZW4yXzcyMHARAHUAZd6oAQA&_nc_gid=q-NaZIelut2MxCqAg9cDjQ&_nc_ss=7f289&_nc_zt=28&oh=00_Af9KuCeX9dA5CYLfxr0cN8wFg0ryHjTO-2QwVcotCRCGwQ&oe=6A46498F,https://scontent.fblr20-4.fna.fbcdn.net/v/t39.35426-6/683080829_1969293421129589_6376004531761668751_n.jpg?_nc_cat=103&ccb=1-7&_nc_sid=c53f8f&_nc_ohc=qHkydwNOtJoQ7kNvwFNK0ri&_nc_oc=Adqc8Qv2q-nBOjA8vobFhfyaNieuKNihX5p5lAUr3OjRA715FQtJq8FgJRLzgk59xFJlwX_VCZt3fVAX_xXrUOoI&_nc_zt=14&_nc_ht=scontent.fblr20-4.fna&_nc_gid=q-NaZIelut2MxCqAg9cDjQ&_nc_ss=7f289&oh=00_Af8NMiMs8NuxzsPi-uSf09gfmpWwbJtKNhoE-TTZ7P-SJQ&oe=6A4659A6,2026-07-02T11:20:47.000Z,2026-06-28
187,181,SpeakX,540653459131632,SpeakX - Learn to Speak English,,IN,2413192029194999,https://www.facebook.com/ads/library/?id=2413192029194999,2026-06-24,,false,false,1,0,,2026-06-24,,English speaking made easy with SpeakX App,Spoken English course,Install now,http://play.google.com/store/apps/details?id=yellowclass.kids.live,"Facebook,Instagram,Messenger,Threads",English speaking made easy with SpeakX App,Spoken English course,Install now,http://play.google.com/store/apps/details?id=yellowclass.kids.live,Video,"Facebook,Instagram,Messenger,Threads",1,0,1:1,https://video.fblr20-5.fna.fbcdn.net/o1/v/t2/f2/m366/AQOeoacIYQ0rfuL9x1X5vtn3QCoKO0UKGAwBBa8oU8LIhmZDeTUbdBNl2rvZzq79mCRvlTF_EWomhUlRPROkdW8bOasx7YOH06g7F0gFwneK1Q.mp4?_nc_cat=107&_nc_oc=AdqCnHKDA_-gsdOi-xGyjPv6yyYOoFFAMbtZs7rt7nZ7H9xDaEmnuxMLB-CkkS7XNJWq8zr4OP6-Xgw0wkj4FOuZ&_nc_sid=b66105&_nc_ht=video.fblr20-5.fna.fbcdn.net&_nc_ohc=UzbVtTuigMwQ7kNvwGJu8Lu&efg=eyJ2ZW5jb2RlX3RhZyI6Inhwdl9wcm9ncmVzc2l2ZS5WSV9VU0VDQVNFX1BST0RVQ1RfVFlQRS4uQzMuNzIwLmRhc2hfaDI2NC1iYXNpYy1nZW4yXzcyMHAiLCJ4cHZfYXNzZXRfaWQiOjE3MDY4ODMwNTAzNjE4NjYsImFzc2V0X2FnZV9kYXlzIjozNywidmlfdXNlY2FzZV9pZCI6MTAxMzksImR1cmF0aW9uX3MiOjYxLCJ1cmxnZW5fc291cmNlIjoid3d3In0%3D&ccb=17-1&vs=f258d5001002f4ce&_nc_vs=HBksFQIYRWZiX2VwaGVtZXJhbC82RTRFQzlFMDg0QTAwMjQ2Q0E2REIyQzc2OTEwOTU4OF9tdF8xX3ZpZGVvX2Rhc2hpbml0Lm1wNBUAAsgBEgAVAhhAZmJfcGVybWFuZW50L0NDNDYyRTJGNUM1RTg5Q0E3NkEzMDA1QTYxMTQ5MzkwX2F1ZGlvX2Rhc2hpbml0Lm1wNBUCAsgBEgAoABgAGwKIB3VzZV9vaWwBMRJwcm9ncmVzc2l2ZV9yZWNpcGUBMRUAACaU0J7e1ZmIBhUCKAJDMywXQE6AAAAAAAAYGWRhc2hfaDI2NC1iYXNpYy1nZW4yXzcyMHARAHUAZbaeAQA&_nc_gid=q-NaZIelut2MxCqAg9cDjQ&_nc_ss=7f289&_nc_zt=28&oh=00_Af83goInL51zj46tO9ieQX66L3C01sz-6wckokABROfDIQ&oe=6A4638E5,https://scontent.fblr20-3.fna.fbcdn.net/v/t39.35426-6/728969349_1686041762665708_5178301463221380388_n.jpg?_nc_cat=100&ccb=1-7&_nc_sid=c53f8f&_nc_ohc=gbV8qflISHYQ7kNvwF2vCqQ&_nc_oc=AdqOZvJgvpvVNpElOl3Bx0HZegWnGm8WCWYMDCfSjXrJqeEXtaysd_L8XEImGO1cnDwweNuX9VSO1DGS-yFJeL4h&_nc_zt=14&_nc_ht=scontent.fblr20-3.fna&_nc_gid=q-NaZIelut2MxCqAg9cDjQ&_nc_ss=7f289&oh=00_Af9Y5MPWYER_W2TZvWUkLxegNPKp8AfEPR7PEhVFJeu9iQ&oe=6A465171,2026-07-02T10:09:41.000Z,2026-06-28
188,182,SpeakX,540653459131632,SpeakX - Learn to Speak English,,IN,1749798796383077,https://www.facebook.com/ads/library/?id=1749798796383077,2026-06-22,,false,false,1,0,,2026-06-22,,Ab bina ruke English bolo. Speakx AI tutor ke saath rozana practice karein.,"Learn English, Let's Talk",Install now,http://play.google.com/store/apps/details?id=yellowclass.kids.live,"Facebook,Instagram,Audience Network,Messenger,Threads",Ab bina ruke English bolo. Speakx AI tutor ke saath rozana practice karein.,"Learn English, Let's Talk",Install now,http://play.google.com/store/apps/details?id=yellowclass.kids.live,Video,"Facebook,Instagram,Audience Network,Messenger,Threads",1,0,16:9,https://video.fblr20-3.fna.fbcdn.net/o1/v/t2/f2/m366/AQMmU4jpEfS73cUdWeOvtu0k3UgCHWgMixFF8kZe5LPKtRyQrQhQ7jY9bGwDRqVo1zTT_QbxdcvmfO6Cah4s8SntO_gwCzTL5zD6BMEfpDNG5Q.mp4?_nc_cat=100&_nc_oc=AdoJ8qaBoLoXwxAstWNKajecfP_bAwRVZlZoZN6VbfWhg2UYBVnuL9OQTzOFqSewvhEIaFAIRGs1vo1S6wQs7RX5&_nc_sid=b66105&_nc_ht=video.fblr20-3.fna.fbcdn.net&_nc_ohc=QKQErUcpI60Q7kNvwH9E5lz&efg=eyJ2ZW5jb2RlX3RhZyI6Inhwdl9wcm9ncmVzc2l2ZS5WSV9VU0VDQVNFX1BST0RVQ1RfVFlQRS4uQzMuMTIwMC5kYXNoX2gyNjQtYmFzaWMtZ2VuMl83MjBwIiwieHB2X2Fzc2V0X2lkIjoyMjI4NjgwMDA0NjE2MTIwLCJhc3NldF9hZ2VfZGF5cyI6NSwidmlfdXNlY2FzZV9pZCI6MTAxMzksImR1cmF0aW9uX3MiOjU4LCJ1cmxnZW5fc291cmNlIjoid3d3In0%3D&ccb=17-1&vs=728046e72c737160&_nc_vs=HBksFQIYRWZiX2VwaGVtZXJhbC85RDQzMTdGQTZDNUM3MTE1ODEwRkJGMTA4NzRGQzlBNV9tdF8xX3ZpZGVvX2Rhc2hpbml0Lm1wNBUAAsgBEgAVAhhAZmJfcGVybWFuZW50L0VBNENFMERGQjhENzhERjIwRTczQjExOUEyOTk1REE2X2F1ZGlvX2Rhc2hpbml0Lm1wNBUCAsgBEgAoABgAGwKIB3VzZV9vaWwBMRJwcm9ncmVzc2l2ZV9yZWNpcGUBMRUAACbw_vH_n771BxUCKAJDMywXQE0u2RaHKwIYGWRhc2hfaDI2NC1iYXNpYy1nZW4yXzcyMHARAHUAZbaeAQA&_nc_gid=q-NaZIelut2MxCqAg9cDjQ&_nc_ss=7f289&_nc_zt=28&oh=00_Af8Tt2p_8BOcobK2tIED7_OJX8bMYE69iT4Rbal_ihpcTA&oe=6A4645F0,https://scontent.fblr20-4.fna.fbcdn.net/v/t39.35426-6/729705844_2009424499960483_1378170111783432111_n.jpg?_nc_cat=103&ccb=1-7&_nc_sid=c53f8f&_nc_ohc=KG_C2IXKQ2sQ7kNvwG1lIx5&_nc_oc=Ado-HC7sK1b-i5m2oc59AS12IMZUsZ4cxhTeKPe9HeAO1w1Ira34YvdDzQXUR7gwt25lJzw4W_0Pqv0wr3ZUdgdR&_nc_zt=14&_nc_ht=scontent.fblr20-4.fna&_nc_gid=q-NaZIelut2MxCqAg9cDjQ&_nc_ss=7f289&oh=00_Af9QA0q_sDJGXgEPMw0ell3YTPiEK4-h3LhCiCPuOoewBw&oe=6A46561E,2026-07-02T11:05:20.000Z,2026-06-28
189,183,SpeakX,540653459131632,SpeakX - Learn to Speak English,,IN,1002226199188311,https://www.facebook.com/ads/library/?id=1002226199188311,2026-06-22,,false,false,1,0,,2026-06-22,,Ab bina ruke English bolo. Speakx AI tutor ke saath rozana practice karein.,"Learn English, Let's Talk",Install now,http://play.google.com/store/apps/details?id=yellowclass.kids.live,"Facebook,Instagram,Audience Network,Messenger,Threads",Ab bina ruke English bolo. Speakx AI tutor ke saath rozana practice karein.,"Learn English, Let's Talk",Install now,http://play.google.com/store/apps/details?id=yellowclass.kids.live,Video,"Facebook,Instagram,Audience Network,Messenger,Threads",1,0,16:9,https://video.fblr20-4.fna.fbcdn.net/o1/v/t2/f2/m366/AQOyUgfLcnbndDnac0dpPbedYusFsMSrVDVCeO7ZFpfR6E7OXmbE_okcIhJEo5pVSqVRFLVU6Wjx5zaturL0XZ5O_yWEbGMJWfsim_jf0yWp-w.mp4?_nc_cat=106&_nc_oc=AdroRFO-25xqrEy4_E3uTO0VOVZgkAjXmGy48nfb1HAgKu9zEtxGBNJfUfgHkr4djTa5yC7GKjp2HzGs9k00R910&_nc_sid=b66105&_nc_ht=video.fblr20-4.fna.fbcdn.net&_nc_ohc=fBxeVnCu9r8Q7kNvwE_muLg&efg=eyJ2ZW5jb2RlX3RhZyI6Inhwdl9wcm9ncmVzc2l2ZS5WSV9VU0VDQVNFX1BST0RVQ1RfVFlQRS4uQzMuMTA4MC5kYXNoX2gyNjQtYmFzaWMtZ2VuMl83MjBwIiwieHB2X2Fzc2V0X2lkIjoxMDExOTUxNTkxMjQ3MzkxLCJhc3NldF9hZ2VfZGF5cyI6NSwidmlfdXNlY2FzZV9pZCI6MTAxMzksImR1cmF0aW9uX3MiOjU2LCJ1cmxnZW5fc291cmNlIjoid3d3In0%3D&ccb=17-1&vs=71232068cbac1e87&_nc_vs=HBksFQIYRWZiX2VwaGVtZXJhbC8xNzRDNTJDQTc5REU5Qzk1QjU4NTMzMkYzNEIyNTk4Ml9tdF8xX3ZpZGVvX2Rhc2hpbml0Lm1wNBUAAsgBEgAVAhhAZmJfcGVybWFuZW50LzhBNEQ0MkQ4RTkwMTU4REY1Rjg0OUVCNDYxMjVGMEI2X2F1ZGlvX2Rhc2hpbml0Lm1wNBUCAsgBEgAoABgAGwKIB3VzZV9vaWwBMRJwcm9ncmVzc2l2ZV9yZWNpcGUBMRUAACa-uILyqpfMAxUCKAJDMywXQExiDEm6XjUYGWRhc2hfaDI2NC1iYXNpYy1nZW4yXzcyMHARAHUAZbaeAQA&_nc_gid=q-NaZIelut2MxCqAg9cDjQ&_nc_ss=7f289&_nc_zt=28&oh=00_Af8fNxa-yNFAnlLNf1ffRNEEJSAcKws7fM7_YM2Ocs-hZA&oe=6A465092,https://scontent.fblr20-3.fna.fbcdn.net/v/t39.35426-6/726548806_1618647043596341_7931946155031728169_n.jpg?_nc_cat=109&ccb=1-7&_nc_sid=c53f8f&_nc_ohc=wUaHCoL9pZ0Q7kNvwFVGS9I&_nc_oc=AdrobABmfMpyE98qKvJLUZGJPjr8m3__QfzGwCrL0gmrVKkqpN25oPjaPuEmb6v8_CTpg3igBDxrhp2OMkgb-FBH&_nc_zt=14&_nc_ht=scontent.fblr20-3.fna&_nc_gid=q-NaZIelut2MxCqAg9cDjQ&_nc_ss=7f289&oh=00_Af8tJv3oYoQeSXCVOKbmGrsvGTnPxdr1P6I57K29I0aLhg&oe=6A462A98,2026-07-02T11:50:42.000Z,2026-06-28
190,184,SpeakX,540653459131632,SpeakX - Learn to Speak English,,IN,1350966316920951,https://www.facebook.com/ads/library/?id=1350966316920951,2026-06-01,,false,false,1,0,,2026-06-01,,SpeakX ആപ്പിൽ ആത്മവിശ്വാസത്തോടെ ഇംഗ്ലീഷ് സംസാരിക്കുക. വ്യക്തിഗത AI അധ്യാപകൻ ലഭിക്കും.,സുഗമമായി ഇംഗ്ലീഷ് സംസാരിക്കുക,Install now,http://play.google.com/store/apps/details?id=yellowclass.kids.live,"Facebook,Instagram,Audience Network,Messenger,Threads",SpeakX ആപ്പിൽ ആത്മവിശ്വാസത്തോടെ ഇംഗ്ലീഷ് സംസാരിക്കുക. വ്യക്തിഗത AI അധ്യാപകൻ ലഭിക്കും.,സുഗമമായി ഇംഗ്ലീഷ് സംസാരിക്കുക,Install now,http://play.google.com/store/apps/details?id=yellowclass.kids.live,Video,"Facebook,Instagram,Audience Network,Messenger,Threads",1,0,1:1,https://video.fblr20-3.fna.fbcdn.net/o1/v/t2/f2/m366/AQOpbrjT7pWrQQJCkrwHCU4bKxMhgh-AqQXQ7FVwjFjhTwFuSUA0BdsKX_sgnLa5_dMw2qkIDqDY1mUQBQFdvAE_YApm68yHlZiw0tmo7XC5ew.mp4?_nc_cat=105&_nc_oc=AdrY4ka7a0lZrsOxKLsss0BQ8okMbZqbOjVuCVw7t5fs_NNlKt_xJl4QxzbMayKNgr2MN6BXY9N_pW2hLS6TPClC&_nc_sid=b66105&_nc_ht=video.fblr20-3.fna.fbcdn.net&_nc_ohc=nTUBzMS4zoYQ7kNvwFIjzzK&efg=eyJ2ZW5jb2RlX3RhZyI6Inhwdl9wcm9ncmVzc2l2ZS5WSV9VU0VDQVNFX1BST0RVQ1RfVFlQRS4uQzMuNzIwLmRhc2hfaDI2NC1iYXNpYy1nZW4yXzcyMHAiLCJ4cHZfYXNzZXRfaWQiOjgzMDE2ODE5OTYxMTYzMSwiYXNzZXRfYWdlX2RheXMiOjYwLCJ2aV91c2VjYXNlX2lkIjoxMDc5OSwiZHVyYXRpb25fcyI6NTMsInVybGdlbl9zb3VyY2UiOiJ3d3cifQ%3D%3D&ccb=17-1&vs=9cce70a12f74744b&_nc_vs=HBksFQIYRWZiX2VwaGVtZXJhbC9ENTRFMkRDNERENTI5NTI2QTJDMzQyMUVENkU2MDdBM19tdF8xX3ZpZGVvX2Rhc2hpbml0Lm1wNBUAAsgBEgAVAhhAZmJfcGVybWFuZW50L0Q1NDcwMjYwMDcyRDI1NENFMjNBODQ4QTcyMDg0MzhCX2F1ZGlvX2Rhc2hpbml0Lm1wNBUCAsgBEgAoABgAGwKIB3VzZV9vaWwBMRJwcm9ncmVzc2l2ZV9yZWNpcGUBMRUAACbek6KKk8L5AhUCKAJDMywXQEqMzMzMzM0YGWRhc2hfaDI2NC1iYXNpYy1nZW4yXzcyMHARAHUAZd6oAQA&_nc_gid=q-NaZIelut2MxCqAg9cDjQ&_nc_ss=7f289&_nc_zt=28&oh=00_Af_heBBtx8-9JXWzPIwBDw3xqkq8Y2pShVBwHcF3WhJPrg&oe=6A46326F,https://scontent.fblr20-4.fna.fbcdn.net/v/t39.35426-6/681228356_1490021772800040_8723333987921226452_n.jpg?_nc_cat=101&ccb=1-7&_nc_sid=c53f8f&_nc_ohc=Df8nM42dej8Q7kNvwHioErR&_nc_oc=AdqmiXu6s4jfQexcj3YloMfoWbtycrv9MSUPoF7jVfK6O77bcEwZY3i-oDypj3J808ELJVmLmq1PED_9VwDbt-MO&_nc_zt=14&_nc_ht=scontent.fblr20-4.fna&_nc_gid=q-NaZIelut2MxCqAg9cDjQ&_nc_ss=7f289&oh=00_Af-dxFlAXtUXAbNR0LFOmFl3b_wngR_htVktP65xFM5n0Q&oe=6A4646C8,2026-07-02T09:42:07.000Z,2026-06-28
191,185,SpeakX,540653459131632,SpeakX - Learn to Speak English,,IN,1017961491189825,https://www.facebook.com/ads/library/?id=1017961491189825,2026-06-02,,false,false,1,0,,2026-06-02,,SpeakX ആപ്പിൽ ആത്മവിശ്വാസത്തോടെ ഇംഗ്ലീഷ് സംസാരിക്കുക. വ്യക്തിഗത AI അധ്യാപകൻ ലഭിക്കും.,സുഗമമായി ഇംഗ്ലീഷ് സംസാരിക്കുക,Install now,http://play.google.com/store/apps/details?id=yellowclass.kids.live,"Facebook,Instagram,Audience Network,Messenger,Threads",SpeakX ആപ്പിൽ ആത്മവിശ്വാസത്തോടെ ഇംഗ്ലീഷ് സംസാരിക്കുക. വ്യക്തിഗത AI അധ്യാപകൻ ലഭിക്കും.,സുഗമമായി ഇംഗ്ലീഷ് സംസാരിക്കുക,Install now,http://play.google.com/store/apps/details?id=yellowclass.kids.live,Video,"Facebook,Instagram,Audience Network,Messenger,Threads",1,0,1:1,https://video.fblr20-1.fna.fbcdn.net/o1/v/t2/f2/m366/AQPtGj70Toq_dAd3uphQ18ska8HTOA3L-7QZmNg2uA21f6mx_qzo6MBhVgor8MulDGvHKl5Oxr5M4pRoeCM-XqIMDDVPA1rHe-L4IWbSq-RTNw.mp4?_nc_cat=108&_nc_oc=Adoi7Moz4rzsH8S-0YCbQ0Ra2IKRUo3OUOOgX945JqN5nqlDLWbut8uuIqPPTirNRrcgPVej4zWhdmHJD2-Dwl_f&_nc_sid=b66105&_nc_ht=video.fblr20-1.fna.fbcdn.net&_nc_ohc=zRTiJNLezBAQ7kNvwF8unlN&efg=eyJ2ZW5jb2RlX3RhZyI6Inhwdl9wcm9ncmVzc2l2ZS5WSV9VU0VDQVNFX1BST0RVQ1RfVFlQRS4uQzMuNzIwLmRhc2hfaDI2NC1iYXNpYy1nZW4yXzcyMHAiLCJ4cHZfYXNzZXRfaWQiOjE1MjM2NjMzNjU5NjAxNTcsImFzc2V0X2FnZV9kYXlzIjoyNCwidmlfdXNlY2FzZV9pZCI6MTAxMzksImR1cmF0aW9uX3MiOjM3LCJ1cmxnZW5fc291cmNlIjoid3d3In0%3D&ccb=17-1&vs=32a22c94e9d03f00&_nc_vs=HBksFQIYRWZiX2VwaGVtZXJhbC80ODQ3RTczQTU0REFBMUU1MjVGQkY1NjM4NDg0Qzg4MF9tdF8xX3ZpZGVvX2Rhc2hpbml0Lm1wNBUAAsgBEgAVAhhAZmJfcGVybWFuZW50LzkxNDg2QzcxQjg2MjgzRDExMjIzREY5RDI2MTU4OThFX2F1ZGlvX2Rhc2hpbml0Lm1wNBUCAsgBEgAoABgAGwKIB3VzZV9vaWwBMRJwcm9ncmVzc2l2ZV9yZWNpcGUBMRUAACa6x_va8PC0BRUCKAJDMywXQELd0vGp--cYGWRhc2hfaDI2NC1iYXNpYy1nZW4yXzcyMHARAHUAZbaeAQA&_nc_gid=q-NaZIelut2MxCqAg9cDjQ&_nc_ss=7f289&_nc_zt=28&oh=00_Af9cV7P1EEF7ravFzgGiLiGTTj0BhleLuAwMsWxZxpw_sg&oe=6A463CD8,https://scontent.fblr20-3.fna.fbcdn.net/v/t39.35426-6/714631547_1570477358037415_3746960587578609105_n.jpg?_nc_cat=100&ccb=1-7&_nc_sid=c53f8f&_nc_ohc=UgOQSaA8wTIQ7kNvwEHPSgO&_nc_oc=AdqpimX4KpXD9H5IDfhrOCTLC_MPljwx-qSwK0HzoDHCQJV45CIl7vQW89Cn6g5uGhjPcfkyBBpfpFftdAjjsvb4&_nc_zt=14&_nc_ht=scontent.fblr20-3.fna&_nc_gid=q-NaZIelut2MxCqAg9cDjQ&_nc_ss=7f289&oh=00_Af-fiuNm4RND_xAU7bt-7i7JsehpurbVhUbQ6F_MGwknzg&oe=6A46387F,2026-07-02T10:26:32.000Z,2026-06-28
192,186,SpeakX,540653459131632,SpeakX - Learn to Speak English,,IN,952737910984432,https://www.facebook.com/ads/library/?id=952737910984432,2026-05-15,,false,false,1,0,,2026-05-15,,"बच्चे की अंग्रेज़ी के लिए महँगी ट्यूशन की ज़रूरत नहीं... 💸 जब माँ खुद उसकी पहली टीचर बन सकती है। 👩‍🏫❤️

माँ ने SpeakX से सीखा — और अब रोज़ शाम बच्चे के साथ बैठकर अंग्रेज़ी पढ़ाती है। ✨

🚀 ७ दिन का बोली अंग्रेज़ी परीक्षण शुरू करें सिर्फ़ ₹२ में! नीचे दिए लिंक पर क्लिक करें।

🌟 बच्चों के लिए सबसे बेहतर:
⏳ सिर्फ़ १५ मिनट: खेल-खेल में सीखें — बोझ नहीं लगेगा।
🤫 पूरी तरह निजी: AI कोच — बिना डर के, बिना झिझक के बोलो।
🏆 पुरस्कार और बैज: हर क़दम पर तारीफ़ — आत्मविश्वास बढ़ता जाएगा।",SpeakX - ऑनलाइन इंग्लिश बोलना सीखें,Install now,http://play.google.com/store/apps/details?id=yellowclass.kids.live,"Facebook,Instagram","बच्चे की अंग्रेज़ी के लिए महँगी ट्यूशन की ज़रूरत नहीं... 💸 जब माँ खुद उसकी पहली टीचर बन सकती है। 👩‍🏫❤️

माँ ने SpeakX से सीखा — और अब रोज़ शाम बच्चे के साथ बैठकर अंग्रेज़ी पढ़ाती है। ✨

🚀 ७ दिन का बोली अंग्रेज़ी परीक्षण शुरू करें सिर्फ़ ₹२ में! नीचे दिए लिंक पर क्लिक करें।

🌟 बच्चों के लिए सबसे बेहतर:
⏳ सिर्फ़ १५ मिनट: खेल-खेल में सीखें — बोझ नहीं लगेगा।
🤫 पूरी तरह निजी: AI कोच — बिना डर के, बिना झिझक के बोलो।
🏆 पुरस्कार और बैज: हर क़दम पर तारीफ़ — आत्मविश्वास बढ़ता जाएगा।",SpeakX - ऑनलाइन इंग्लिश बोलना सीखें,Install now,http://play.google.com/store/apps/details?id=yellowclass.kids.live,Video,"Facebook,Instagram",1,0,9:16,https://video.fblr20-5.fna.fbcdn.net/o1/v/t2/f2/m366/AQOdKIwbMGGewq0iqAiuZG1RU3wifeTOlYTZB5oRjMVkfUhHQrHAxngzhmhnzRSAshqwWIC9IgfNBJsgoCXA_82thsLuOc5eLWCPfRWtHcyP4A.mp4?_nc_cat=107&_nc_oc=AdpD0l52c0pncuYQeKl_Jsgp5F43C8uf_qOtO0Vg0nlV2cTZdqB6A4PUjwEy426-8V3ifi0HTre7yVOlrwzotXad&_nc_sid=b66105&_nc_ht=video.fblr20-5.fna.fbcdn.net&_nc_ohc=CJHTE79-O8gQ7kNvwGrBqBK&efg=eyJ2ZW5jb2RlX3RhZyI6Inhwdl9wcm9ncmVzc2l2ZS5WSV9VU0VDQVNFX1BST0RVQ1RfVFlQRS4uQzMuNzIwLmRhc2hfaDI2NC1iYXNpYy1nZW4yXzcyMHAiLCJ4cHZfYXNzZXRfaWQiOjI0MDk5OTgzNjY1MDI2MzEsImFzc2V0X2FnZV9kYXlzIjo0MiwidmlfdXNlY2FzZV9pZCI6MTA3OTksImR1cmF0aW9uX3MiOjMyLCJ1cmxnZW5fc291cmNlIjoid3d3In0%3D&ccb=17-1&vs=4a72b411dceac459&_nc_vs=HBksFQIYRWZiX2VwaGVtZXJhbC82NTRBREE2MzQ3NTZGOENEODYwMDBFQUZGNjQyRjQ4Nl9tdF8xX3ZpZGVvX2Rhc2hpbml0Lm1wNBUAAsgBEgAVAhhAZmJfcGVybWFuZW50LzIxNDM0MDAxQTFFMkY4MkExMzdCNEE1RUUxQzVENzk5X2F1ZGlvX2Rhc2hpbml0Lm1wNBUCAsgBEgAoABgAGwKIB3VzZV9vaWwBMRJwcm9ncmVzc2l2ZV9yZWNpcGUBMRUAACbOu9uIr_jHCBUCKAJDMywXQEBzMzMzMzMYGWRhc2hfaDI2NC1iYXNpYy1nZW4yXzcyMHARAHUAZd6oAQA&_nc_gid=q-NaZIelut2MxCqAg9cDjQ&_nc_ss=7f289&_nc_zt=28&oh=00_Af-yzaz4AsLamlT_leJCkMzhf3QubJSjV-7h2eOvayOCGA&oe=6A462C91,https://scontent.fblr20-2.fna.fbcdn.net/v/t39.35426-6/701003510_984831137471698_1326727606130477810_n.jpg?_nc_cat=104&ccb=1-7&_nc_sid=c53f8f&_nc_ohc=RqM3AKuM4OcQ7kNvwHdrs-O&_nc_oc=AdpxF06HYL8CJaEHIHZisbHohybuC5APJ4K1sNilBIdCvqrpKmy4IeQk7jwPemhCZIQKlQAbRbnWJTwUV18HpPma&_nc_zt=14&_nc_ht=scontent.fblr20-2.fna&_nc_gid=q-NaZIelut2MxCqAg9cDjQ&_nc_ss=7f289&oh=00_Af9720xRljcZTlDKGxA1EZgylFt6FEu8fSnIQrpm-PatEg&oe=6A462686,2026-07-02T09:17:05.000Z,2026-06-28
193,187,SpeakX,540653459131632,SpeakX - Learn to Speak English,,IN,873618651754187,https://www.facebook.com/ads/library/?id=873618651754187,2026-06-03,,false,false,1,0,,2026-06-03,,ಮೂಲದಿಂದ spoken English ಕಲಿಯಿ. ದಿನಸಿ ಅಭ್ಯಾಸಕ್ಕೆ AI ಸಹಾಯ. ಕನ್ನಡಿಗರಿಗೆ ಸೂಕ್ತ.,ಇಂಗ್ಲಿಷ್ ಮಾತನಾಡಲು ಕಲಿಯಿ,Install now,http://play.google.com/store/apps/details?id=yellowclass.kids.live,"Facebook,Instagram,Messenger,Threads",ಮೂಲದಿಂದ spoken English ಕಲಿಯಿ. ದಿನಸಿ ಅಭ್ಯಾಸಕ್ಕೆ AI ಸಹಾಯ. ಕನ್ನಡಿಗರಿಗೆ ಸೂಕ್ತ.,ಇಂಗ್ಲಿಷ್ ಮಾತನಾಡಲು ಕಲಿಯಿ,Install now,http://play.google.com/store/apps/details?id=yellowclass.kids.live,Video,"Facebook,Instagram,Messenger,Threads",1,0,1:1,https://video.fblr20-3.fna.fbcdn.net/o1/v/t2/f2/m366/AQNh9lQnowQFu-AknHMx1Wbx-JwKbNk7mgeh2gWaN4X1GBSEntn6JH_jT0wCwDECeldG2oMO-xFikokrqabKLJLtuyq60nYKvQTgpHTDvN0_MQ.mp4?_nc_cat=105&_nc_oc=AdpWuCMQ4dBp_Vjy9dvauvXJtg6ti_YJl5BEvYPAma_OKO8GLZlkDkx4hZM850j2-Yt1X49jonm6EvrLDZCE6QSB&_nc_sid=b66105&_nc_ht=video.fblr20-3.fna.fbcdn.net&_nc_ohc=lUUMzNDckooQ7kNvwHmSAuB&efg=eyJ2ZW5jb2RlX3RhZyI6Inhwdl9wcm9ncmVzc2l2ZS5WSV9VU0VDQVNFX1BST0RVQ1RfVFlQRS4uQzMuNzIwLmRhc2hfaDI2NC1iYXNpYy1nZW4yXzcyMHAiLCJ4cHZfYXNzZXRfaWQiOjIxMzg0NzAwMTAyNTEyMTcsImFzc2V0X2FnZV9kYXlzIjo1OCwidmlfdXNlY2FzZV9pZCI6MTA3OTksImR1cmF0aW9uX3MiOjg5LCJ1cmxnZW5fc291cmNlIjoid3d3In0%3D&ccb=17-1&vs=11c9ba0cbfcc7fb2&_nc_vs=HBksFQIYRWZiX2VwaGVtZXJhbC9ERjQzQkYxREIyNUIzNzQ3NTYxMkU0RjAwQTI5MENBNV9tdF8xX3ZpZGVvX2Rhc2hpbml0Lm1wNBUAAsgBEgAVAhhAZmJfcGVybWFuZW50LzlBNEU3RTlCMjg5MTUxRDYwNUQ5ODgyOUFCMkQyNzlEX2F1ZGlvX2Rhc2hpbml0Lm1wNBUCAsgBEgAoABgAGwKIB3VzZV9vaWwBMRJwcm9ncmVzc2l2ZV9yZWNpcGUBMRUAACain5eVq7vMBxUCKAJDMywXQFZiHKwIMScYGWRhc2hfaDI2NC1iYXNpYy1nZW4yXzcyMHARAHUAZd6oAQA&_nc_gid=q-NaZIelut2MxCqAg9cDjQ&_nc_ss=7f289&_nc_zt=28&oh=00_Af9gftfZ8OflxKuFTUNiTf1AtTj4Q7m9nFWnDk8zKcvL8A&oe=6A4643D7,https://scontent.fblr20-2.fna.fbcdn.net/v/t39.35426-6/684625172_2353949671779096_493997059623697587_n.jpg?_nc_cat=104&ccb=1-7&_nc_sid=c53f8f&_nc_ohc=CP8vK4MGVAwQ7kNvwGpfcFY&_nc_oc=AdqaZ4Cba1yfrd8G6ualo_No71OKkiHF7Fpy2GDrSCJWsu5bDwLX2flzCPb-2yetvy86jmUT_5jZ1K7jN5Aay4US&_nc_zt=14&_nc_ht=scontent.fblr20-2.fna&_nc_gid=q-NaZIelut2MxCqAg9cDjQ&_nc_ss=7f289&oh=00_Af91bRBo5Szc0XN5DFfrQas7QgRqLbCEL3ueTU-oosrGjg&oe=6A462C06,2026-07-02T10:56:23.000Z,2026-06-28
194,188,SpeakX,540653459131632,SpeakX - Learn to Speak English,,IN,4473968839557115,https://www.facebook.com/ads/library/?id=4473968839557115,2026-06-10,,false,false,1,0,,2026-06-10,,"💼 ऑफिस मीटिंग्स और इंटरव्यूज के लिए खुद को तैयार करें

✅ 24/7 AI Tutor: कभी भी, कहीं भी practice करें।
✅ Instant Feedback: अपनी pronunciation और fluency सुधारें।
✅ Zero Judgment: बिना किसी डर के खुल कर बोलें

Presenting Speakx — आपका अपना AI English Coach",SpeakX — आपका अपना AI English Coach.,Install now,http://play.google.com/store/apps/details?id=yellowclass.kids.live,"Facebook,Instagram","💼 ऑफिस मीटिंग्स और इंटरव्यूज के लिए खुद को तैयार करें

✅ 24/7 AI Tutor: कभी भी, कहीं भी practice करें।
✅ Instant Feedback: अपनी pronunciation और fluency सुधारें।
✅ Zero Judgment: बिना किसी डर के खुल कर बोलें

Presenting Speakx — आपका अपना AI English Coach",SpeakX — आपका अपना AI English Coach.,Install now,http://play.google.com/store/apps/details?id=yellowclass.kids.live,Video,"Facebook,Instagram",1,0,9:16,https://video.fblr20-3.fna.fbcdn.net/o1/v/t2/f2/m366/AQOdTw1y5fKf_s4Kq3xteNESwI1rPozsU-COO-T4FnrgYZ5BTCbo_OIuNIvDJiEcyOQxx9FLx9FNBAElyGpJjajMqb_FfoWThZ9eb360MNO5WA.mp4?_nc_cat=100&_nc_oc=Adp0fybJ8acinFe6AhxcyT7P6A2JazNKUAWU5mSeXZK2ojTpxcWz3hDr6y6wI7MFC-W13tiXpCIctT2ksDU0dYEC&_nc_sid=b66105&_nc_ht=video.fblr20-3.fna.fbcdn.net&_nc_ohc=HqOyb_oqfmQQ7kNvwHkMjvn&efg=eyJ2ZW5jb2RlX3RhZyI6Inhwdl9wcm9ncmVzc2l2ZS5WSV9VU0VDQVNFX1BST0RVQ1RfVFlQRS4uQzMuNzIwLmRhc2hfaDI2NC1iYXNpYy1nZW4yXzcyMHAiLCJ4cHZfYXNzZXRfaWQiOjE5Mzk5NTYwMDk5OTEwNDcsImFzc2V0X2FnZV9kYXlzIjo0NiwidmlfdXNlY2FzZV9pZCI6MTA3OTksImR1cmF0aW9uX3MiOjQzLCJ1cmxnZW5fc291cmNlIjoid3d3In0%3D&ccb=17-1&vs=97a635a1059f7d11&_nc_vs=HBksFQIYRWZiX2VwaGVtZXJhbC8wQTRDMzMxMDBERTZEQ0E4NTRCNkMxN0VFRkVBQzNBRV9tdF8xX3ZpZGVvX2Rhc2hpbml0Lm1wNBUAAsgBEgAVAhhAZmJfcGVybWFuZW50LzFDNDhDQkZGNkYwQTBDQjA2RjhFQkM4RTU5NEQ4OEFDX2F1ZGlvX2Rhc2hpbml0Lm1wNBUCAsgBEgAoABgAGwKIB3VzZV9vaWwBMRJwcm9ncmVzc2l2ZV9yZWNpcGUBMRUAACaO7tfNppjyBhUCKAJDMywXQEWiDEm6XjUYGWRhc2hfaDI2NC1iYXNpYy1nZW4yXzcyMHARAHUAZd6oAQA&_nc_gid=q-NaZIelut2MxCqAg9cDjQ&_nc_ss=7f289&_nc_zt=28&oh=00_Af8eJgIuyj2WzTkDo2GERGmfxOgtegPFQ8FinycDV-klOw&oe=6A464684,https://scontent.fblr20-1.fna.fbcdn.net/v/t39.35426-6/699200381_957021193994573_2719990604443743110_n.jpg?_nc_cat=108&ccb=1-7&_nc_sid=c53f8f&_nc_ohc=yiKK5VhhJjcQ7kNvwHXjR7a&_nc_oc=AdqNv54YfiARJzLVMWUa6-BS_WVg4rj1fq3KdiC7q0KIDMMX1akEoZFQiiCgS4DU_YmymyPkhlRKL1MNNspduLb4&_nc_zt=14&_nc_ht=scontent.fblr20-1.fna&_nc_gid=q-NaZIelut2MxCqAg9cDjQ&_nc_ss=7f289&oh=00_Af99C9aHdXfFBRFEJcdWhWjX3-rgx3fGoDZ5YUXrnsGM3A&oe=6A46268A,2026-07-02T11:07:48.000Z,2026-06-28
195,189,SpeakX,540653459131632,SpeakX - Learn to Speak English,,IN,1025351456556289,https://www.facebook.com/ads/library/?id=1025351456556289,2026-06-24,,false,false,1,0,,2026-06-24,,English speaking made easy with SpeakX App,Spoken English course,Install now,http://play.google.com/store/apps/details?id=yellowclass.kids.live,"Facebook,Instagram,Audience Network,Messenger,Threads",English speaking made easy with SpeakX App,Spoken English course,Install now,http://play.google.com/store/apps/details?id=yellowclass.kids.live,Video,"Facebook,Instagram,Audience Network,Messenger,Threads",1,0,9:16,https://video.fblr20-5.fna.fbcdn.net/o1/v/t2/f2/m366/AQO7tSYPEzyuyKJYE1VUHT8zUiq7qlWpYp7k1mqanUCTnW6pcvL5OAmMg5341VtBd8BnFkdAQbMUSxxW8Winp6Lj5dciD0BIxU3mRJZANSUkxg.mp4?_nc_cat=107&_nc_oc=AdoUtvznwg0qSGNVtqQqdAZEEzi74e6x5ZmnZi80J1Kumz2RBRAo3bGroxjVLoOI8wmn9plhhMbLTlc4QfPxo_nM&_nc_sid=b66105&_nc_ht=video.fblr20-5.fna.fbcdn.net&_nc_ohc=XyLVckvOGe8Q7kNvwHmEIRl&efg=eyJ2ZW5jb2RlX3RhZyI6Inhwdl9wcm9ncmVzc2l2ZS5WSV9VU0VDQVNFX1BST0RVQ1RfVFlQRS4uQzMuNzIwLmRhc2hfaDI2NC1iYXNpYy1nZW4yXzcyMHAiLCJ4cHZfYXNzZXRfaWQiOjc2Mjc3NDkzMDIzMDY5MSwiYXNzZXRfYWdlX2RheXMiOjIsInZpX3VzZWNhc2VfaWQiOjEwMTM5LCJkdXJhdGlvbl9zIjo1NiwidXJsZ2VuX3NvdXJjZSI6Ind3dyJ9&ccb=17-1&vs=5b7e8af604f47dec&_nc_vs=HBksFQIYRWZiX2VwaGVtZXJhbC85NDRGMzgyNzgwNDlDQUI4NjhCRkI1QkE2Q0IwODY5M19tdF8xX3ZpZGVvX2Rhc2hpbml0Lm1wNBUAAsgBEgAVAhhAZmJfcGVybWFuZW50L0M3NDIwOEYyMEYxNTc1RDE0RjZGMEExQ0Q2RTM3M0JFX2F1ZGlvX2Rhc2hpbml0Lm1wNBUCAsgBEgAoABgAGwKIB3VzZV9vaWwBMRJwcm9ncmVzc2l2ZV9yZWNpcGUBMRUAACbGtpSMrO_aAhUCKAJDMywXQExd0vGp--cYGWRhc2hfaDI2NC1iYXNpYy1nZW4yXzcyMHARAHUAZbaeAQA&_nc_gid=q-NaZIelut2MxCqAg9cDjQ&_nc_ss=7f289&_nc_zt=28&oh=00_Af8nHyyXHAJQ217k8VIvwmZtEeXTC3gFQtV9Pr-5Cv43pQ&oe=6A462E71,https://scontent.fblr20-1.fna.fbcdn.net/v/t39.35426-6/729838233_1035572275675071_3245685518997334156_n.jpg?_nc_cat=108&ccb=1-7&_nc_sid=c53f8f&_nc_ohc=DBrXKuLLWTIQ7kNvwHEMiXC&_nc_oc=AdqhSKmr8IugNU5gQNdw0JVBqFLzs-1q9MaX1ZAtncZWFM8krOfwEOeOD-39M_nlFey4Bd7jCEUQathUqBI4H5ac&_nc_zt=14&_nc_ht=scontent.fblr20-1.fna&_nc_gid=q-NaZIelut2MxCqAg9cDjQ&_nc_ss=7f289&oh=00_Af_-1Jtw0PD6HOSvLktzt-QabrOS_rV-psPS5W-rHhOmiQ&oe=6A462E60,2026-07-02T09:25:05.000Z,2026-06-28
196,190,SpeakX,540653459131632,SpeakX - Learn to Speak English,,IN,847771278003454,https://www.facebook.com/ads/library/?id=847771278003454,2026-06-10,,false,false,1,0,,2026-06-10,,"💼 ऑफिस मीटिंग्स और इंटरव्यूज के लिए खुद को तैयार करें

✅ 24/7 AI Tutor: कभी भी, कहीं भी practice करें।
✅ Instant Feedback: अपनी pronunciation और fluency सुधारें।
✅ Zero Judgment: बिना किसी डर के खुल कर बोलें

Presenting Speakx — आपका अपना AI English Coach",SpeakX — आपका अपना AI English Coach.,Install now,http://play.google.com/store/apps/details?id=yellowclass.kids.live,"Facebook,Instagram","💼 ऑफिस मीटिंग्स और इंटरव्यूज के लिए खुद को तैयार करें

✅ 24/7 AI Tutor: कभी भी, कहीं भी practice करें।
✅ Instant Feedback: अपनी pronunciation और fluency सुधारें।
✅ Zero Judgment: बिना किसी डर के खुल कर बोलें

Presenting Speakx — आपका अपना AI English Coach",SpeakX — आपका अपना AI English Coach.,Install now,http://play.google.com/store/apps/details?id=yellowclass.kids.live,Video,"Facebook,Instagram",1,0,9:16,https://video.fblr20-2.fna.fbcdn.net/o1/v/t2/f2/m366/AQOvEY1OMyhDDdSEjSPgt5tAVfu1mz2l9D-W1GXPCS4LAeDCFOVl0H8JoV5ZYH3-WAqFZFndqrs5RavR9wCSYdYS6oD1jc95qPPtxOctQ0qm6Q.mp4?_nc_cat=102&_nc_oc=AdoAf7qObPWG8N_Lo_DGYL0kU4oP-Abgo3NnPd6Qu0yq-EhztkbKaIUKMjlPCKs5asata9W4Ul2ZfcTwvAShjofE&_nc_sid=b66105&_nc_ht=video.fblr20-2.fna.fbcdn.net&_nc_ohc=7mGs3bFobQ4Q7kNvwG78Rin&efg=eyJ2ZW5jb2RlX3RhZyI6Inhwdl9wcm9ncmVzc2l2ZS5WSV9VU0VDQVNFX1BST0RVQ1RfVFlQRS4uQzMuNzIwLmRhc2hfaDI2NC1iYXNpYy1nZW4yXzcyMHAiLCJ4cHZfYXNzZXRfaWQiOjI2OTIxMzYyOTM3NDYwMTg0LCJhc3NldF9hZ2VfZGF5cyI6NDUsInZpX3VzZWNhc2VfaWQiOjEwNzk5LCJkdXJhdGlvbl9zIjo1MCwidXJsZ2VuX3NvdXJjZSI6Ind3dyJ9&ccb=17-1&vs=6c2f98d15bb2b2a8&_nc_vs=HBksFQIYRWZiX2VwaGVtZXJhbC83ODQ4QTExNzVEMkNDQkM3RjU4NkEzMzRERTE3NDA5OV9tdF8xX3ZpZGVvX2Rhc2hpbml0Lm1wNBUAAsgBEgAVAhhAZmJfcGVybWFuZW50L0I3NDc5QkZCQTBCRjAxMzIzQTVEMzMwRUNDODhFNEJFX2F1ZGlvX2Rhc2hpbml0Lm1wNBUCAsgBEgAoABgAGwKIB3VzZV9vaWwBMRJwcm9ncmVzc2l2ZV9yZWNpcGUBMRUAACaw142syLXSXxUCKAJDMywXQEku2RaHKwIYGWRhc2hfaDI2NC1iYXNpYy1nZW4yXzcyMHARAHUAZd6oAQA&_nc_gid=0AxamMEoVw_kk9aTq91BNA&_nc_ss=7f289&_nc_zt=28&oh=00_Af_uZk-Vy44SUx3DNYwonMsCIiIUEjqO2UotrMiysDokIQ&oe=6A465C82,https://scontent.fblr20-2.fna.fbcdn.net/v/t39.35426-6/699046644_4388857448040253_9216801185350610891_n.jpg?_nc_cat=104&ccb=1-7&_nc_sid=c53f8f&_nc_ohc=WZLEnt4YRFkQ7kNvwFNKeFE&_nc_oc=AdrEpUWSzIjWknNlx6ouN4TuXKFHzghP1wmksHTBCs_Y4LiuHrGuWRxNmVItKv463WVfjiTtWVD1Y2hmIXB6lQUd&_nc_zt=14&_nc_ht=scontent.fblr20-2.fna&_nc_gid=0AxamMEoVw_kk9aTq91BNA&_nc_ss=7f289&oh=00_Af_ipU_DWxA6i5uNWzSJazcKVM4Wkdhe6IMH0aWAGThl_A&oe=6A462F03,2026-07-02T12:41:38.000Z,2026-06-28
197,191,SpeakX,540653459131632,SpeakX - Learn to Speak English,,IN,2184396842396439,https://www.facebook.com/ads/library/?id=2184396842396439,2026-06-25,,false,false,1,0,,2026-06-25,,English speaking made easy with SpeakX App,Spoken English course,Install now,http://play.google.com/store/apps/details?id=yellowclass.kids.live,"Facebook,Instagram,Messenger,Threads",English speaking made easy with SpeakX App,Spoken English course,Install now,http://play.google.com/store/apps/details?id=yellowclass.kids.live,Video,"Facebook,Instagram,Messenger,Threads",1,0,1:1,https://video.fblr20-3.fna.fbcdn.net/o1/v/t2/f2/m366/AQM7zfah5h9-tW52WvZN1mseHFn1FBuEMZHEvFRku-Sx-pDYgPhFn2PcSzKcV4GAV6gxIWSHVkBKi62NICBY_ALY_hU-3MmgIbdRVex_tThzZQ.mp4?_nc_cat=105&_nc_oc=AdovkK0GkpQhRHJiEkNvncM2RUfNpLQYR81mIvXBgERC38Z20ssxhluEIafZFzaRfVTiWwqa1fOhQk05D0eOzASX&_nc_sid=b66105&_nc_ht=video.fblr20-3.fna.fbcdn.net&_nc_ohc=GfB5-hyuOLUQ7kNvwHjkomd&efg=eyJ2ZW5jb2RlX3RhZyI6Inhwdl9wcm9ncmVzc2l2ZS5WSV9VU0VDQVNFX1BST0RVQ1RfVFlQRS4uQzMuNzIwLmRhc2hfaDI2NC1iYXNpYy1nZW4yXzcyMHAiLCJ4cHZfYXNzZXRfaWQiOjE3MjI0NDY4MDIyNDcxMzYsImFzc2V0X2FnZV9kYXlzIjo1MSwidmlfdXNlY2FzZV9pZCI6MTA3OTksImR1cmF0aW9uX3MiOjY0LCJ1cmxnZW5fc291cmNlIjoid3d3In0%3D&ccb=17-1&vs=86b909550eb53a19&_nc_vs=HBksFQIYRWZiX2VwaGVtZXJhbC8zRTQ4MzhBOEY4NkM5NzZDRTM4QjA5MkQwNkMyRDM4RV9tdF8xX3ZpZGVvX2Rhc2hpbml0Lm1wNBUAAsgBEgAVAhhAZmJfcGVybWFuZW50LzY4NERFQzg0NjgxMUZEMTlGN0RCOUVGQkM4OTlGQjlBX2F1ZGlvX2Rhc2hpbml0Lm1wNBUCAsgBEgAoABgAGwKIB3VzZV9vaWwBMRJwcm9ncmVzc2l2ZV9yZWNpcGUBMRUAACbA99bczKOPBhUCKAJDMywXQFAKn752yLQYGWRhc2hfaDI2NC1iYXNpYy1nZW4yXzcyMHARAHUAZd6oAQA&_nc_gid=0AxamMEoVw_kk9aTq91BNA&_nc_ss=7f289&_nc_zt=28&oh=00_Af-zXX2Bz_usZUdqDvM8c1Mlq8-Q4VuiNJtuMLS0lqOJ2g&oe=6A46399F,https://scontent.fblr20-2.fna.fbcdn.net/v/t39.35426-6/731865643_2196486501127547_9167693404155794537_n.jpg?_nc_cat=104&ccb=1-7&_nc_sid=c53f8f&_nc_ohc=3rbKTwQj5n8Q7kNvwF0JzVm&_nc_oc=AdqmtiS0WaCAieAluXF1n7mxyaZGuHrbSHJ3zUJePunaHRvKDICFwnMJ6tKPxTGlae1KD419dC6DrKvvlJFDsx63&_nc_zt=14&_nc_ht=scontent.fblr20-2.fna&_nc_gid=0AxamMEoVw_kk9aTq91BNA&_nc_ss=7f289&oh=00_Af8DYJ81IFt-ygk3OWmKJCCKA0px0sQ0BZI2FHwLTXSmjw&oe=6A465154,2026-07-02T10:12:47.000Z,2026-06-28
198,192,SpeakX,540653459131632,SpeakX - Learn to Speak English,,IN,1724422962333351,https://www.facebook.com/ads/library/?id=1724422962333351,2026-06-02,,false,false,1,0,,2026-06-02,,SpeakX ആപ്പിൽ ആത്മവിശ്വാസത്തോടെ ഇംഗ്ലീഷ് സംസാരിക്കുക. വ്യക്തിഗത AI അധ്യാപകൻ ലഭിക്കും.,സുഗമമായി ഇംഗ്ലീഷ് സംസാരിക്കുക,Install now,http://play.google.com/store/apps/details?id=yellowclass.kids.live,"Facebook,Instagram,Audience Network,Messenger,Threads",SpeakX ആപ്പിൽ ആത്മവിശ്വാസത്തോടെ ഇംഗ്ലീഷ് സംസാരിക്കുക. വ്യക്തിഗത AI അധ്യാപകൻ ലഭിക്കും.,സുഗമമായി ഇംഗ്ലീഷ് സംസാരിക്കുക,Install now,http://play.google.com/store/apps/details?id=yellowclass.kids.live,Video,"Facebook,Instagram,Audience Network,Messenger,Threads",1,0,1:1,https://video.fblr20-2.fna.fbcdn.net/o1/v/t2/f2/m366/AQMkmqmPGtGQ6sf_WIhn4cOFeGQBD9R4EXGOThOFlC4Q-IiT9Tm0s5FJFc3t532tbZ9noXvVcjomO6lnlkURxwhTW5CKmkvrZQ1uiMWTCdmCig.mp4?_nc_cat=102&_nc_oc=AdqBAHwbq8AL8sgtMa_LqCjHveoPbXZVXcVs9A0Icnxh7OwQjJjw6MWZJwFJjtnzZJhEghlBqRTebUDPxbtpQvMz&_nc_sid=b66105&_nc_ht=video.fblr20-2.fna.fbcdn.net&_nc_ohc=3uOoV777nA8Q7kNvwGKpbFt&efg=eyJ2ZW5jb2RlX3RhZyI6Inhwdl9wcm9ncmVzc2l2ZS5WSV9VU0VDQVNFX1BST0RVQ1RfVFlQRS4uQzMuNzIwLmRhc2hfaDI2NC1iYXNpYy1nZW4yXzcyMHAiLCJ4cHZfYXNzZXRfaWQiOjExODE3Nzg3MjA3NDA5MzYsImFzc2V0X2FnZV9kYXlzIjoyNCwidmlfdXNlY2FzZV9pZCI6MTAxMzksImR1cmF0aW9uX3MiOjg1LCJ1cmxnZW5fc291cmNlIjoid3d3In0%3D&ccb=17-1&vs=15de27ad0694a25e&_nc_vs=HBksFQIYRWZiX2VwaGVtZXJhbC9FMTQ2NkI2NUVENjJCMDI5MUY2MDc3OTE3MzFBRUQ5QV9tdF8xX3ZpZGVvX2Rhc2hpbml0Lm1wNBUAAsgBEgAVAhhAZmJfcGVybWFuZW50LzkzNDdBOTVCQTIzRkIwRkYwOTk2NkMzNTFCOTM5Njk3X2F1ZGlvX2Rhc2hpbml0Lm1wNBUCAsgBEgAoABgAGwKIB3VzZV9vaWwBMRJwcm9ncmVzc2l2ZV9yZWNpcGUBMRUAACaQ2dLNybSZBBUCKAJDMywXQFVNT987ZFoYGWRhc2hfaDI2NC1iYXNpYy1nZW4yXzcyMHARAHUAZbaeAQA&_nc_gid=0AxamMEoVw_kk9aTq91BNA&_nc_ss=7f289&_nc_zt=28&oh=00_Af-Vk2_lLuBPMVOF0VEcY9JgzXjAAHo9rDKLnLuygN8KkQ&oe=6A462876,https://scontent.fblr20-5.fna.fbcdn.net/v/t39.35426-6/712666368_1034479169144605_584261349659243349_n.jpg?_nc_cat=107&ccb=1-7&_nc_sid=c53f8f&_nc_ohc=slEA4bramSoQ7kNvwFhHV8p&_nc_oc=AdoaaDzvqEt3f4O2B4HDk4sGvWkC9gpflD5aJwK-nGHQjy8reg2_EOtcA3AgMSlT84tYk0uSb5iAyg1HaIGyCe6E&_nc_zt=14&_nc_ht=scontent.fblr20-5.fna&_nc_gid=0AxamMEoVw_kk9aTq91BNA&_nc_ss=7f289&oh=00_Af_mVDAFlIyl5PTQ8_vJlYAt4ptHA3K8lp4pHVI-pQar6Q&oe=6A463BDF,2026-07-02T08:59:34.000Z,2026-06-28
199,193,SpeakX,540653459131632,SpeakX - Learn to Speak English,,IN,998178389749226,https://www.facebook.com/ads/library/?id=998178389749226,2026-06-22,,false,false,1,0,,2026-06-22,,Ab bina ruke English bolo. Speakx AI tutor ke saath rozana practice karein.,"Learn English, Let's Talk",Install now,http://play.google.com/store/apps/details?id=yellowclass.kids.live,"Facebook,Instagram,Audience Network,Messenger,Threads",Ab bina ruke English bolo. Speakx AI tutor ke saath rozana practice karein.,"Learn English, Let's Talk",Install now,http://play.google.com/store/apps/details?id=yellowclass.kids.live,Video,"Facebook,Instagram,Audience Network,Messenger,Threads",1,0,16:9,https://video.fblr20-2.fna.fbcdn.net/o1/v/t2/f2/m366/AQMTHUTcopvL2FRmHbpB_a0VzqDY0o-85qtfCwQDQhmGzyYlqufO0zDyw4j4nKXxZIMQqupthuqRCFR7UKAg-wf6scYWE60_HJEQq542bBDEjQ.mp4?_nc_cat=104&_nc_oc=AdoE13_U_n_irAlBotEINbmyce1WvlYVGDivPi-9cqIMf7u6UhZX52C8hEpsbiE94EoIGR-fwmU2cTZXRdUr6Bnp&_nc_sid=b66105&_nc_ht=video.fblr20-2.fna.fbcdn.net&_nc_ohc=vph-ihos5T4Q7kNvwFkNwjz&efg=eyJ2ZW5jb2RlX3RhZyI6Inhwdl9wcm9ncmVzc2l2ZS5WSV9VU0VDQVNFX1BST0RVQ1RfVFlQRS4uQzMuMTA4MC5kYXNoX2gyNjQtYmFzaWMtZ2VuMl83MjBwIiwieHB2X2Fzc2V0X2lkIjoxNTY3MDIyODkxNzY5MDUxLCJhc3NldF9hZ2VfZGF5cyI6NSwidmlfdXNlY2FzZV9pZCI6MTAxMzksImR1cmF0aW9uX3MiOjYwLCJ1cmxnZW5fc291cmNlIjoid3d3In0%3D&ccb=17-1&vs=d24e3db553d3c056&_nc_vs=HBksFQIYRWZiX2VwaGVtZXJhbC8wRDRBREEzMTJDOTNDMUVDQkRDMUFDOENFNDg0RDU5OV9tdF8xX3ZpZGVvX2Rhc2hpbml0Lm1wNBUAAsgBEgAVAhhAZmJfcGVybWFuZW50L0JCNENDNDE5QTM4M0E2NEVCMkJEQzU5NDIyRTNGM0JFX2F1ZGlvX2Rhc2hpbml0Lm1wNBUCAsgBEgAoABgAGwKIB3VzZV9vaWwBMRJwcm9ncmVzc2l2ZV9yZWNpcGUBMRUAACa284yt3szIBRUCKAJDMywXQE4VP3ztkWgYGWRhc2hfaDI2NC1iYXNpYy1nZW4yXzcyMHARAHUAZbaeAQA&_nc_gid=0AxamMEoVw_kk9aTq91BNA&_nc_ss=7f289&_nc_zt=28&oh=00_Af_9v9oeFf6S8Y3m4VYQGLD9pYqDzqfpmfWmJ_ka0H6E6w&oe=6A463D68,https://scontent.fblr20-1.fna.fbcdn.net/v/t39.35426-6/729769628_1201963715359132_6430554974588339324_n.jpg?_nc_cat=108&ccb=1-7&_nc_sid=c53f8f&_nc_ohc=LZG-27xQc2MQ7kNvwHjoxHg&_nc_oc=AdqJF_g0nYkIgPW_LWLL7upul-toV6OwIQcWJbUtTQTzLacFjumYz7h-yz0BQKxNTnEUBhkszoA1JiSJ9kfl5iCa&_nc_zt=14&_nc_ht=scontent.fblr20-1.fna&_nc_gid=0AxamMEoVw_kk9aTq91BNA&_nc_ss=7f289&oh=00_Af8Qs3t3H2tZqN9U84Ugq5ncuAFLathns9GMG2QOw5ujBg&oe=6A464185,2026-07-02T10:28:56.000Z,2026-06-28
200,194,SpeakX,540653459131632,SpeakX - Learn to Speak English,,IN,1354815406638108,https://www.facebook.com/ads/library/?id=1354815406638108,2026-06-22,,false,false,1,0,,2026-06-22,,Ab bina ruke English bolo. Speakx AI tutor ke saath rozana practice karein.,"Learn English, Let's Talk",Install now,http://play.google.com/store/apps/details?id=yellowclass.kids.live,"Facebook,Instagram,Audience Network,Messenger,Threads",Ab bina ruke English bolo. Speakx AI tutor ke saath rozana practice karein.,"Learn English, Let's Talk",Install now,http://play.google.com/store/apps/details?id=yellowclass.kids.live,Video,"Facebook,Instagram,Audience Network,Messenger,Threads",1,0,16:9,https://video.fblr20-2.fna.fbcdn.net/o1/v/t2/f2/m366/AQMoelyrmmC4jrPHcIcdpwKFdcZuKGHSVXV1aqvzXD5CX9xnmA0BmrALYBOqxeaCL9H-CeqOAg3llYS3rsTSB9BMmNNnjJ8tAAJRk-_V4cEI6g.mp4?_nc_cat=111&_nc_oc=AdoAbmp6xss2IkqCzcSIuK6qtEgVXhgc5jjmOzUpJu8mKNGbCJ6EN5VPnSOIDoBHxiuyfA5Y_XjTBus94TuF5bmm&_nc_sid=b66105&_nc_ht=video.fblr20-2.fna.fbcdn.net&_nc_ohc=NPeclOU5MNAQ7kNvwFo969Y&efg=eyJ2ZW5jb2RlX3RhZyI6Inhwdl9wcm9ncmVzc2l2ZS5WSV9VU0VDQVNFX1BST0RVQ1RfVFlQRS4uQzMuMTA4MC5kYXNoX2gyNjQtYmFzaWMtZ2VuMl83MjBwIiwieHB2X2Fzc2V0X2lkIjo3Nzc5MzgwNDg2NzQxMTIsImFzc2V0X2FnZV9kYXlzIjo1LCJ2aV91c2VjYXNlX2lkIjoxMDEzOSwiZHVyYXRpb25fcyI6NDEsInVybGdlbl9zb3VyY2UiOiJ3d3cifQ%3D%3D&ccb=17-1&vs=fb542a09b797c375&_nc_vs=HBksFQIYRWZiX2VwaGVtZXJhbC84QjRCRUVFMUIyMjIwNEMyNTlCQzFCNTlFNUFBRjFCMF9tdF8xX3ZpZGVvX2Rhc2hpbml0Lm1wNBUAAsgBEgAVAhhAZmJfcGVybWFuZW50L0VBNEZBQkIyRDZFOTlFQTExNTcwQjcwNUE4RDUyMEE5X2F1ZGlvX2Rhc2hpbml0Lm1wNBUCAsgBEgAoABgAGwKIB3VzZV9vaWwBMRJwcm9ncmVzc2l2ZV9yZWNpcGUBMRUAACaApeOQ-uHhAhUCKAJDMywXQETmZmZmZmYYGWRhc2hfaDI2NC1iYXNpYy1nZW4yXzcyMHARAHUAZbaeAQA&_nc_gid=0AxamMEoVw_kk9aTq91BNA&_nc_ss=7f289&_nc_zt=28&oh=00_Af87GFbyal48pkCDV8dwBoIYY88ha5Bewgjg1vkqjx4MSg&oe=6A46591D,https://scontent.fblr20-5.fna.fbcdn.net/v/t39.35426-6/728795070_1708337240372487_4033167980835203240_n.jpg?_nc_cat=107&ccb=1-7&_nc_sid=c53f8f&_nc_ohc=40cUUfeBrmUQ7kNvwGUFSNJ&_nc_oc=AdqMqoNRmaak6kq-b9yjU8fFBxYIeuIPTeo-W8l3gUzw44C2tG_Qvd47xyj6FPpgxf30varb59l4ZuBBLGLFrHrA&_nc_zt=14&_nc_ht=scontent.fblr20-5.fna&_nc_gid=0AxamMEoVw_kk9aTq91BNA&_nc_ss=7f289&oh=00_Af8t0W6ltNVxNy9cqO2Q7WwwAR1B3i1w_A9WPVY0nbhAdw&oe=6A465683,2026-07-02T12:27:09.000Z,2026-06-28
201,195,SpeakX,540653459131632,SpeakX - Learn to Speak English,,IN,1441553177997385,https://www.facebook.com/ads/library/?id=1441553177997385,2026-06-25,,false,false,1,0,,2026-06-25,,English speaking made easy with SpeakX App,Spoken English course,Install now,http://play.google.com/store/apps/details?id=yellowclass.kids.live,"Facebook,Instagram,Messenger,Threads",English speaking made easy with SpeakX App,Spoken English course,Install now,http://play.google.com/store/apps/details?id=yellowclass.kids.live,Video,"Facebook,Instagram,Messenger,Threads",1,0,1:1,https://video.fblr20-3.fna.fbcdn.net/o1/v/t2/f2/m366/AQP37wu64S089LTarLd21lnyl114xFhBHJEEsbSxfPHwCJmBxPEAIAyE6AkTdbHLmz6G9WeuDX3K9hmgMGLx961S14ovafaNNiYKDl9Fh2bamw.mp4?_nc_cat=105&_nc_oc=AdoGqvIhtDdIAsZyfzsreAliAVl8Zul9R8i73qvBhFV-rsiPugE1jrgmFgq4CCzMLSTzREDdauYEOyKzvsBXZQ-P&_nc_sid=b66105&_nc_ht=video.fblr20-3.fna.fbcdn.net&_nc_ohc=DLUY7QKs-gYQ7kNvwEy8TlT&efg=eyJ2ZW5jb2RlX3RhZyI6Inhwdl9wcm9ncmVzc2l2ZS5WSV9VU0VDQVNFX1BST0RVQ1RfVFlQRS4uQzMuNzIwLmRhc2hfaDI2NC1iYXNpYy1nZW4yXzcyMHAiLCJ4cHZfYXNzZXRfaWQiOjE5MTIyNzkxNjI3OTk4NTAsImFzc2V0X2FnZV9kYXlzIjo1MSwidmlfdXNlY2FzZV9pZCI6MTA3OTksImR1cmF0aW9uX3MiOjYxLCJ1cmxnZW5fc291cmNlIjoid3d3In0%3D&ccb=17-1&vs=96b08e72d83f9129&_nc_vs=HBksFQIYRWZiX2VwaGVtZXJhbC8wNzRGNTA0NTUzMjA2ODZGRjc1NDhGQjE3MTVBODU4OF9tdF8xX3ZpZGVvX2Rhc2hpbml0Lm1wNBUAAsgBEgAVAhhAZmJfcGVybWFuZW50LzVENEVFQkY2NEUzODFFREUxQzJDQTlENEJBREFGN0JDX2F1ZGlvX2Rhc2hpbml0Lm1wNBUCAsgBEgAoABgAGwKIB3VzZV9vaWwBMRJwcm9ncmVzc2l2ZV9yZWNpcGUBMRUAACbUm66Dps3lBhUCKAJDMywXQE8AAAAAAAAYGWRhc2hfaDI2NC1iYXNpYy1nZW4yXzcyMHARAHUAZd6oAQA&_nc_gid=0AxamMEoVw_kk9aTq91BNA&_nc_ss=7f289&_nc_zt=28&oh=00_Af8ZD2zc-FaF2PZzMxeTdixfUw8-yU2tPtXPqqlu0czKAg&oe=6A46499F,https://scontent.fblr20-3.fna.fbcdn.net/v/t39.35426-6/730688990_1425677126264538_7608668725355834691_n.jpg?_nc_cat=105&ccb=1-7&_nc_sid=c53f8f&_nc_ohc=7yHqb-RXx4gQ7kNvwFED6cs&_nc_oc=AdoThQ714qQpdd0jkuYKL6fQzhMDC4rmtfc7lpsMvhH918O3Inb0zavKMfQ1vZjYJE7xi4wned_xneWIWiZ6TY0V&_nc_zt=14&_nc_ht=scontent.fblr20-3.fna&_nc_gid=0AxamMEoVw_kk9aTq91BNA&_nc_ss=7f289&oh=00_Af_YL3dTOk4ne37NrTfj3D5li5DanDiQE7N0r-o3Uw9v-A&oe=6A462DD0,2026-07-02T11:21:03.000Z,2026-06-28
202,196,SpeakX,540653459131632,SpeakX - Learn to Speak English,,IN,1936324417008435,https://www.facebook.com/ads/library/?id=1936324417008435,2026-06-24,,false,false,1,0,,2026-06-24,,English speaking made easy with SpeakX App,Spoken English course,Install now,http://play.google.com/store/apps/details?id=yellowclass.kids.live,"Facebook,Instagram,Messenger,Threads",English speaking made easy with SpeakX App,Spoken English course,Install now,http://play.google.com/store/apps/details?id=yellowclass.kids.live,Video,"Facebook,Instagram,Messenger,Threads",1,0,1:1,https://video.fblr20-3.fna.fbcdn.net/o1/v/t2/f2/m366/AQM1o7RL7LzwM3Y13JRQoixdnIS9B6tCtftdkOwpREoCjgb1G4UPfhfNpCObal3WLJ5emoMWNI_OL1M65FC5JHp7lpedBGTfzsVLAcw5MdIztQ.mp4?_nc_cat=109&_nc_oc=AdpP2aXQzVSiKTE6tZGLZZo43OwZECYxIjWciyrzLeHtYy1v3WNPDr6Rjxhjs0qmZOUbTQXGan-Q56Avra4EPs5G&_nc_sid=b66105&_nc_ht=video.fblr20-3.fna.fbcdn.net&_nc_ohc=p2RBZ8nO_y8Q7kNvwFfW5ep&efg=eyJ2ZW5jb2RlX3RhZyI6Inhwdl9wcm9ncmVzc2l2ZS5WSV9VU0VDQVNFX1BST0RVQ1RfVFlQRS4uQzMuNzIwLmRhc2hfaDI2NC1iYXNpYy1nZW4yXzcyMHAiLCJ4cHZfYXNzZXRfaWQiOjEyNjg2OTI4NDg1ODUyMDgsImFzc2V0X2FnZV9kYXlzIjozNywidmlfdXNlY2FzZV9pZCI6MTAxMzksImR1cmF0aW9uX3MiOjU4LCJ1cmxnZW5fc291cmNlIjoid3d3In0%3D&ccb=17-1&vs=3144e43f7ca2de54&_nc_vs=HBksFQIYRWZiX2VwaGVtZXJhbC8zMzRGRUY5QkQ1Nzc1MkVEREUwRkUyNzRDRTY0N0Y4Rl9tdF8xX3ZpZGVvX2Rhc2hpbml0Lm1wNBUAAsgBEgAVAhhAZmJfcGVybWFuZW50L0ZGNDc0QjA2REJCRjQ5NjU5NDFBMzk0QzhFMUQxNEIzX2F1ZGlvX2Rhc2hpbml0Lm1wNBUCAsgBEgAoABgAGwKIB3VzZV9vaWwBMRJwcm9ncmVzc2l2ZV9yZWNpcGUBMRUAACbwp42p0vfABBUCKAJDMywXQE0RBiTdLxsYGWRhc2hfaDI2NC1iYXNpYy1nZW4yXzcyMHARAHUAZbaeAQA&_nc_gid=0AxamMEoVw_kk9aTq91BNA&_nc_ss=7f289&_nc_zt=28&oh=00_Af-GyCrCfb3cFoTZu7_W187swZej3ORLjPHuOLpaWVs3DQ&oe=6A464157,https://scontent.fblr20-1.fna.fbcdn.net/v/t39.35426-6/730331515_1964439444255495_8145827064972089066_n.jpg?_nc_cat=110&ccb=1-7&_nc_sid=c53f8f&_nc_ohc=qLDtDto0mesQ7kNvwEEJuzN&_nc_oc=Adp7umZ5OQcbdtXCZSLm9l_YjWE2c89JoWx6MWALPYBnP_cDiPJ_Kz6jrcwtFpF-kwtWhbMzlK0NOpmcSMjKrx-1&_nc_zt=14&_nc_ht=scontent.fblr20-1.fna&_nc_gid=0AxamMEoVw_kk9aTq91BNA&_nc_ss=7f289&oh=00_Af8Y3PqMDSieCTuFFN6gUsJ_9otqM6naTF6OaXJpLZtLsQ&oe=6A4656AB,2026-07-02T10:45:43.000Z,2026-06-28
203,197,SpeakX,540653459131632,SpeakX - Learn to Speak English,,IN,1359996982637929,https://www.facebook.com/ads/library/?id=1359996982637929,2026-06-01,,false,false,1,0,,2026-06-01,,SpeakX ആപ്പിൽ ആത്മവിശ്വാസത്തോടെ ഇംഗ്ലീഷ് സംസാരിക്കുക. വ്യക്തിഗത AI അധ്യാപകൻ ലഭിക്കും.,സുഗമമായി ഇംഗ്ലീഷ് സംസാരിക്കുക,Install now,http://play.google.com/store/apps/details?id=yellowclass.kids.live,"Facebook,Instagram,Audience Network,Messenger,Threads",SpeakX ആപ്പിൽ ആത്മവിശ്വാസത്തോടെ ഇംഗ്ലീഷ് സംസാരിക്കുക. വ്യക്തിഗത AI അധ്യാപകൻ ലഭിക്കും.,സുഗമമായി ഇംഗ്ലീഷ് സംസാരിക്കുക,Install now,http://play.google.com/store/apps/details?id=yellowclass.kids.live,Video,"Facebook,Instagram,Audience Network,Messenger,Threads",1,0,1:1,https://video.fblr20-3.fna.fbcdn.net/o1/v/t2/f2/m366/AQMoDopHcM73tYn3oaFpv6xutPwsXnmQpBiHMmbgxkUwlGazjQogUIMVyrEHYtt8k7VJepiMXU0gGw83zKXCIs6j8R0bBHVwvJ48AOFf1Jw9HA.mp4?_nc_cat=100&_nc_oc=AdqywUgUVrXDTr0idd6lRdMgOfE_JSnM3043IDY4h_Oo6VAsMPKOu6ilAgWen6FJHnat6KxpvI6SzGB2fnLYmATZ&_nc_sid=b66105&_nc_ht=video.fblr20-3.fna.fbcdn.net&_nc_ohc=ZC5fZbii0xIQ7kNvwGbgRhm&efg=eyJ2ZW5jb2RlX3RhZyI6Inhwdl9wcm9ncmVzc2l2ZS5WSV9VU0VDQVNFX1BST0RVQ1RfVFlQRS4uQzMuNzIwLmRhc2hfaDI2NC1iYXNpYy1nZW4yXzcyMHAiLCJ4cHZfYXNzZXRfaWQiOjEzMTA4MzIwNzEwMjc1NzUsImFzc2V0X2FnZV9kYXlzIjoyOCwidmlfdXNlY2FzZV9pZCI6MTAxMzksImR1cmF0aW9uX3MiOjQ3LCJ1cmxnZW5fc291cmNlIjoid3d3In0%3D&ccb=17-1&vs=157ff1ba9c6cc7e6&_nc_vs=HBksFQIYRWZiX2VwaGVtZXJhbC8xODQyQzEwQTkyODlEMzU2QUYzMDU1N0I3MkI4NzQ4MF9tdF8xX3ZpZGVvX2Rhc2hpbml0Lm1wNBUAAsgBEgAVAhhAZmJfcGVybWFuZW50LzVDNDVEMTE3QzA0OEE5RkQ2QTQzNDY3ODE0NTM1OTgxX2F1ZGlvX2Rhc2hpbml0Lm1wNBUCAsgBEgAoABgAGwKIB3VzZV9vaWwBMRJwcm9ncmVzc2l2ZV9yZWNpcGUBMRUAACburaH_u4zUBBUCKAJDMywXQEfmZmZmZmYYGWRhc2hfaDI2NC1iYXNpYy1nZW4yXzcyMHARAHUAZbaeAQA&_nc_gid=0AxamMEoVw_kk9aTq91BNA&_nc_ss=7f289&_nc_zt=28&oh=00_Af8BsB3Ac7f2mhcoUimS0hjRet_8Gl0MLH3bv7Bee-nZQg&oe=6A464368,https://scontent.fblr20-2.fna.fbcdn.net/v/t39.35426-6/708546492_1360218045999829_8158387541644964914_n.jpg?_nc_cat=104&ccb=1-7&_nc_sid=c53f8f&_nc_ohc=811SlYQpS94Q7kNvwEuoY-N&_nc_oc=AdrGzKz5LoQ1nAQciVLDEGhQV-8nmARBR_wdEt3vzXkNmUgeRUEpoUNpEvHCvfG84KSWIOtR_AUemabn1FACMrbJ&_nc_zt=14&_nc_ht=scontent.fblr20-2.fna&_nc_gid=0AxamMEoVw_kk9aTq91BNA&_nc_ss=7f289&oh=00_Af-pqomWLT2bxTLUAWopUH2Y2QUTn6URdKgfblogIadM9w&oe=6A462AF9,2026-07-02T10:54:32.000Z,2026-06-28
204,198,SpeakX,540653459131632,SpeakX - Learn to Speak English,,IN,1002307968916209,https://www.facebook.com/ads/library/?id=1002307968916209,2026-06-01,,false,false,1,0,,2026-06-01,,"10 லட்சம்+ கற்றவர்களுடன் சேர்ந்து, உங்கள் AI ஆசிரியருடன் தாராளமாக ஆங்கிலம் பேசுங்கள்",ஆங்கிலம் கற்றுக்கொண்டு தாராளமாக பேசுங்கள்,Install now,http://play.google.com/store/apps/details?id=yellowclass.kids.live,"Facebook,Instagram,Audience Network,Messenger,Threads","10 லட்சம்+ கற்றவர்களுடன் சேர்ந்து, உங்கள் AI ஆசிரியருடன் தாராளமாக ஆங்கிலம் பேசுங்கள்",ஆங்கிலம் கற்றுக்கொண்டு தாராளமாக பேசுங்கள்,Install now,http://play.google.com/store/apps/details?id=yellowclass.kids.live,Video,"Facebook,Instagram,Audience Network,Messenger,Threads",1,0,1:1,https://video.fblr20-2.fna.fbcdn.net/o1/v/t2/f2/m366/AQOXidj8UXL4025vxoKXT6Qdltm-wCcZwyD1zrTCC9ZqEsYangm6qhK0HCyP1ErbznuD-06pq0a6rbhBMk69pPSS3CywEZ3-we_Uym34v3LJ3A.mp4?_nc_cat=102&_nc_oc=Adp5L-hBPIfqD-UDxs0QqeNTTYrg4CTSsuEmxLbbuQ4dQ3a6vZDkFbPBdw6HB5x4hbcrgBZQ0o2-QNs5RYI7BWAH&_nc_sid=b66105&_nc_ht=video.fblr20-2.fna.fbcdn.net&_nc_ohc=eDIdAlMYcpIQ7kNvwGJaVMG&efg=eyJ2ZW5jb2RlX3RhZyI6Inhwdl9wcm9ncmVzc2l2ZS5WSV9VU0VDQVNFX1BST0RVQ1RfVFlQRS4uQzMuNzIwLmRhc2hfaDI2NC1iYXNpYy1nZW4yXzcyMHAiLCJ4cHZfYXNzZXRfaWQiOjEzNjc0ODk3NzIwNzQ0NDAsImFzc2V0X2FnZV9kYXlzIjoyOCwidmlfdXNlY2FzZV9pZCI6MTAxMzksImR1cmF0aW9uX3MiOjQ5LCJ1cmxnZW5fc291cmNlIjoid3d3In0%3D&ccb=17-1&vs=bca0041ef4deac32&_nc_vs=HBksFQIYRWZiX2VwaGVtZXJhbC80OTQzNDU2Qjc2NkI2RDc5QUE4MzdEOEIxRjkwMzA4M19tdF8xX3ZpZGVvX2Rhc2hpbml0Lm1wNBUAAsgBEgAVAhhAZmJfcGVybWFuZW50LzE5NEMzQTg1NkE4MjJFQTQ3RUNGNkY1NTdBNzQ3Qzg2X2F1ZGlvX2Rhc2hpbml0Lm1wNBUCAsgBEgAoABgAGwKIB3VzZV9vaWwBMRJwcm9ncmVzc2l2ZV9yZWNpcGUBMRUAACaQ18nhsO7tBBUCKAJDMywXQEiuFHrhR64YGWRhc2hfaDI2NC1iYXNpYy1nZW4yXzcyMHARAHUAZbaeAQA&_nc_gid=0AxamMEoVw_kk9aTq91BNA&_nc_ss=7f289&_nc_zt=28&oh=00_Af8-OxWYF2jZjRNB0xRIfhpp_doS8WvWZhyd1DU5YQos9Q&oe=6A462F96,https://scontent.fblr20-2.fna.fbcdn.net/v/t39.35426-6/710827457_4448299432164486_7425684799351596377_n.jpg?_nc_cat=102&ccb=1-7&_nc_sid=c53f8f&_nc_ohc=PZchO6WOA3EQ7kNvwHVmaT1&_nc_oc=AdrWkMNHaQGdrSsaZvsyejGwcIrKJrHon5DNI7LwMDLDvWjhhcGaB9uuZCSVVsd-JRqoRxyi7gwyYpwVPvxUGI5R&_nc_zt=14&_nc_ht=scontent.fblr20-2.fna&_nc_gid=0AxamMEoVw_kk9aTq91BNA&_nc_ss=7f289&oh=00_Af_vguoqTvPK0riDuxyRkL3whG6EdEPqy2F-8bXwTa6yIw&oe=6A4632F8,2026-07-02T09:29:58.000Z,2026-06-28
205,199,SpeakX,540653459131632,SpeakX - Learn to Speak English,,IN,878682715309079,https://www.facebook.com/ads/library/?id=878682715309079,2026-06-25,,false,false,1,0,,2026-06-25,,English speaking made easy with SpeakX App,Spoken English course,Install now,http://play.google.com/store/apps/details?id=yellowclass.kids.live,"Facebook,Instagram,Messenger,Threads",English speaking made easy with SpeakX App,Spoken English course,Install now,http://play.google.com/store/apps/details?id=yellowclass.kids.live,Video,"Facebook,Instagram,Messenger,Threads",1,0,1:1,https://video.fblr20-3.fna.fbcdn.net/o1/v/t2/f2/m366/AQNvBCOdBfL_2aOh2tn64w2cGNEBVB0F9icPpCF0aAWcH2x3nVg1savVESQNbk_w9SwlZmW2Vh_RZ4ms1c67WNuvjGbQmqTqX5feI1qufkVNIA.mp4?_nc_cat=109&_nc_oc=Ado_EZwclFUwkwhfCamQxViQ2cF_FZBVqC6z7n6NsS0JCzD-lSK1Orb8lH3PUiSnGV_UhzWeef0dzATX7PGrqrFL&_nc_sid=b66105&_nc_ht=video.fblr20-3.fna.fbcdn.net&_nc_ohc=3qaHAXDwQJQQ7kNvwGwqXgJ&efg=eyJ2ZW5jb2RlX3RhZyI6Inhwdl9wcm9ncmVzc2l2ZS5WSV9VU0VDQVNFX1BST0RVQ1RfVFlQRS4uQzMuNzIwLmRhc2hfaDI2NC1iYXNpYy1nZW4yXzcyMHAiLCJ4cHZfYXNzZXRfaWQiOjk3NzIyNjEwNDcxOTA2MCwiYXNzZXRfYWdlX2RheXMiOjUxLCJ2aV91c2VjYXNlX2lkIjoxMDc5OSwiZHVyYXRpb25fcyI6NTcsInVybGdlbl9zb3VyY2UiOiJ3d3cifQ%3D%3D&ccb=17-1&vs=9af740eabaa8368b&_nc_vs=HBksFQIYRWZiX2VwaGVtZXJhbC83NDQ0NkNBRjVGRTVBMzA3RDM1NzZCMTQ0QkM0MkI4Nl9tdF8xX3ZpZGVvX2Rhc2hpbml0Lm1wNBUAAsgBEgAVAhhAZmJfcGVybWFuZW50L0IyNDFBREIyQzVCRjcwRDZCOEFBOTcwQzQ1ODIwMDhEX2F1ZGlvX2Rhc2hpbml0Lm1wNBUCAsgBEgAoABgAGwKIB3VzZV9vaWwBMRJwcm9ncmVzc2l2ZV9yZWNpcGUBMRUAACaom7LthbK8AxUCKAJDMywXQEyVP3ztkWgYGWRhc2hfaDI2NC1iYXNpYy1nZW4yXzcyMHARAHUAZd6oAQA&_nc_gid=0AxamMEoVw_kk9aTq91BNA&_nc_ss=7f289&_nc_zt=28&oh=00_Af9_08tX3LizSwkZQ6l020VN27zXPtxq11afn2gF-4ohJw&oe=6A4627F3,https://scontent.fblr20-3.fna.fbcdn.net/v/t39.35426-6/731855257_27312115585077450_2861930792448423601_n.jpg?_nc_cat=100&ccb=1-7&_nc_sid=c53f8f&_nc_ohc=L9itiseCErYQ7kNvwHIPZfV&_nc_oc=AdoQM4an7CL3IPrDYan7ZwEKkFYnnuSF97TtXfTqlQ1fcKj8ozyEASb4ENdr0OULmnpvQWwGYt19OYd1QC6BZi-p&_nc_zt=14&_nc_ht=scontent.fblr20-3.fna&_nc_gid=0AxamMEoVw_kk9aTq91BNA&_nc_ss=7f289&oh=00_Af_dKTVMP_MG3MsIycPUFAVSRdAJwVLTxH_hLdcSf1A0Jw&oe=6A46283B,2026-07-02T08:57:23.000Z,2026-06-28
206,200,SpeakX,540653459131632,SpeakX - Learn to Speak English,,IN,870401179463470,https://www.facebook.com/ads/library/?id=870401179463470,2026-06-25,,false,false,1,0,,2026-06-25,,English speaking made easy with SpeakX App,Spoken English course,Install now,http://play.google.com/store/apps/details?id=yellowclass.kids.live,"Facebook,Instagram,Messenger,Threads",English speaking made easy with SpeakX App,Spoken English course,Install now,http://play.google.com/store/apps/details?id=yellowclass.kids.live,Video,"Facebook,Instagram,Messenger,Threads",1,0,1:1,https://video.fblr20-3.fna.fbcdn.net/o1/v/t2/f2/m366/AQNyWnAsgYU4E9RDMrSU665OnRTizdzM4n4IRZrkqRT6rMDlrhwRF_x-4yvV3V4GRZE1vJt6B_7ePYHshlzlkfRGIN8nVuCaTUidZK_99k1QfA.mp4?_nc_cat=100&_nc_oc=Adr86Jmtlr8G-WYeB0LULgy6q43tiwEouU-HRXYlz_CXot6cQIXyU5a1_Q-qGlBIlDdTF47QtzVm_lwapp8ft6pa&_nc_sid=b66105&_nc_ht=video.fblr20-3.fna.fbcdn.net&_nc_ohc=0orbAKE2NHAQ7kNvwEE1DYu&efg=eyJ2ZW5jb2RlX3RhZyI6Inhwdl9wcm9ncmVzc2l2ZS5WSV9VU0VDQVNFX1BST0RVQ1RfVFlQRS4uQzMuNzIwLmRhc2hfaDI2NC1iYXNpYy1nZW4yXzcyMHAiLCJ4cHZfYXNzZXRfaWQiOjE3MDI4Mjk4NDExNTY2MzAsImFzc2V0X2FnZV9kYXlzIjo1MSwidmlfdXNlY2FzZV9pZCI6MTA3OTksImR1cmF0aW9uX3MiOjUxLCJ1cmxnZW5fc291cmNlIjoid3d3In0%3D&ccb=17-1&vs=bdc079b94cddf7b2&_nc_vs=HBksFQIYRWZiX2VwaGVtZXJhbC82MDQ1QjRGNUMzMzM2M0U5OURBRENDRTUwNDE1NzZBMV9tdF8xX3ZpZGVvX2Rhc2hpbml0Lm1wNBUAAsgBEgAVAhhAZmJfcGVybWFuZW50LzAzNDFCMDc1NUQ5MDIzOUUxNUJCN0QzNDEzNTlDMjlCX2F1ZGlvX2Rhc2hpbml0Lm1wNBUCAsgBEgAoABgAGwKIB3VzZV9vaWwBMRJwcm9ncmVzc2l2ZV9yZWNpcGUBMRUAACasqNz83q2GBhUCKAJDMywXQEmZmZmZmZoYGWRhc2hfaDI2NC1iYXNpYy1nZW4yXzcyMHARAHUAZd6oAQA&_nc_gid=rifYkw_DDUYGKOxfkGLgUQ&_nc_ss=7f289&_nc_zt=28&oh=00_Af9gqDIdofWolVHqVpvOJ5lNA9iKI5XBqnihsU8F_eYReg&oe=6A463600,https://scontent.fblr20-4.fna.fbcdn.net/v/t39.35426-6/731366325_1710744113591197_4745729205840274831_n.jpg?_nc_cat=106&ccb=1-7&_nc_sid=c53f8f&_nc_ohc=MQmbueyoKtUQ7kNvwE8i8Rb&_nc_oc=Ado8moSfPSieGl1ZtUdm9Pw6vU75P6CnIjHYP_1a4nZsF3cZy9nn5uXt1bs9t0c3sHNrJ6yho04LGFBNMhfd_ARY&_nc_zt=14&_nc_ht=scontent.fblr20-4.fna&_nc_gid=rifYkw_DDUYGKOxfkGLgUQ&_nc_ss=7f289&oh=00_Af930Rh7VkLFHkLe7vHXZuj3o_IXxjsIzT5v_wxsgxCimg&oe=6A465B93,2026-07-02T09:57:20.000Z,2026-06-28
207,201,SpeakX,540653459131632,SpeakX - Learn to Speak English,,IN,1492658115275135,https://www.facebook.com/ads/library/?id=1492658115275135,2026-06-10,,false,false,1,0,,2026-06-10,,"💼 ऑफिस मीटिंग्स और इंटरव्यूज के लिए खुद को तैयार करें

✅ 24/7 AI Tutor: कभी भी, कहीं भी practice करें।
✅ Instant Feedback: अपनी pronunciation और fluency सुधारें।
✅ Zero Judgment: बिना किसी डर के खुल कर बोलें

Presenting Speakx — आपका अपना AI English Coach",SpeakX — आपका अपना AI English Coach.,Install now,http://play.google.com/store/apps/details?id=yellowclass.kids.live,"Facebook,Instagram","💼 ऑफिस मीटिंग्स और इंटरव्यूज के लिए खुद को तैयार करें

✅ 24/7 AI Tutor: कभी भी, कहीं भी practice करें।
✅ Instant Feedback: अपनी pronunciation और fluency सुधारें।
✅ Zero Judgment: बिना किसी डर के खुल कर बोलें

Presenting Speakx — आपका अपना AI English Coach",SpeakX — आपका अपना AI English Coach.,Install now,http://play.google.com/store/apps/details?id=yellowclass.kids.live,Video,"Facebook,Instagram",1,0,9:16,https://video.fblr20-3.fna.fbcdn.net/o1/v/t2/f2/m366/AQOYAMsOLdBZuoxAZHb3XBnqxYzSzYcjiZT3oNucioq8GIsmoCfveKazbVnyfSrEzb_W9Ig77nvmkGuxCdVztLkho5d2gfNkfsGf7P8ZcDFJ-Q.mp4?_nc_cat=105&_nc_oc=AdoSQYmnmmwbY8E3Ik897DSXYl8MtHOFv9Kty62GqR3zSC2mNMy7J840R5MpJ8PH-erOWCkWNmwukbtlWp4rn5Zh&_nc_sid=b66105&_nc_ht=video.fblr20-3.fna.fbcdn.net&_nc_ohc=WV0jyGNz72AQ7kNvwFUj5mm&efg=eyJ2ZW5jb2RlX3RhZyI6Inhwdl9wcm9ncmVzc2l2ZS5WSV9VU0VDQVNFX1BST0RVQ1RfVFlQRS4uQzMuNzIwLmRhc2hfaDI2NC1iYXNpYy1nZW4yXzcyMHAiLCJ4cHZfYXNzZXRfaWQiOjEyOTgwOTk0ODIzODczODYsImFzc2V0X2FnZV9kYXlzIjo0NSwidmlfdXNlY2FzZV9pZCI6MTA3OTksImR1cmF0aW9uX3MiOjQ2LCJ1cmxnZW5fc291cmNlIjoid3d3In0%3D&ccb=17-1&vs=8156866fbf20f08d&_nc_vs=HBksFQIYRWZiX2VwaGVtZXJhbC82RDREOTE4RkUwM0Q2QjNCM0Q3MTE4RDU4RUFBRjRBNF9tdF8xX3ZpZGVvX2Rhc2hpbml0Lm1wNBUAAsgBEgAVAhhAZmJfcGVybWFuZW50LzdBNERBREVEQjdBRDk2RThDM0VFNTg3RkMyN0Y2ODgwX2F1ZGlvX2Rhc2hpbml0Lm1wNBUCAsgBEgAoABgAGwKIB3VzZV9vaWwBMRJwcm9ncmVzc2l2ZV9yZWNpcGUBMRUAACb0jr_oqqfOBBUCKAJDMywXQEdd0vGp--cYGWRhc2hfaDI2NC1iYXNpYy1nZW4yXzcyMHARAHUAZd6oAQA&_nc_gid=rifYkw_DDUYGKOxfkGLgUQ&_nc_ss=7f289&_nc_zt=28&oh=00_Af_s9XFAer4MTOjl61k2ZtWV2tEyvsCzCJmRtos6D5Qkpw&oe=6A46492B,https://scontent.fblr20-4.fna.fbcdn.net/v/t39.35426-6/699504100_1457229789058583_9014730813295055755_n.jpg?_nc_cat=103&ccb=1-7&_nc_sid=c53f8f&_nc_ohc=4ztPTlU4jT8Q7kNvwEM1OuE&_nc_oc=AdpUPf7kGtwqJ4g51ODQTMBnzzcxX3bfJg_6uxWqLN0K7kTmgJIjUoxswhqdgI-7fpjiIPYwu4CgJzBhC46GZ8EC&_nc_zt=14&_nc_ht=scontent.fblr20-4.fna&_nc_gid=rifYkw_DDUYGKOxfkGLgUQ&_nc_ss=7f289&oh=00_Af8Y8vjqHaKntROnbeDpBakDbvy1rO_xKDYw0V4Hfm-EHg&oe=6A462CD0,2026-07-02T11:19:07.000Z,2026-06-28
208,202,SpeakX,540653459131632,SpeakX - Learn to Speak English,,IN,1473581078140211,https://www.facebook.com/ads/library/?id=1473581078140211,2026-06-10,,false,false,1,0,,2026-06-10,,"💼 ऑफिस मीटिंग्स और इंटरव्यूज के लिए खुद को तैयार करें

✅ 24/7 AI Tutor: कभी भी, कहीं भी practice करें।
✅ Instant Feedback: अपनी pronunciation और fluency सुधारें।
✅ Zero Judgment: बिना किसी डर के खुल कर बोलें

Presenting Speakx — आपका अपना AI English Coach",SpeakX — आपका अपना AI English Coach.,Install now,http://play.google.com/store/apps/details?id=yellowclass.kids.live,"Facebook,Instagram","💼 ऑफिस मीटिंग्स और इंटरव्यूज के लिए खुद को तैयार करें

✅ 24/7 AI Tutor: कभी भी, कहीं भी practice करें।
✅ Instant Feedback: अपनी pronunciation और fluency सुधारें।
✅ Zero Judgment: बिना किसी डर के खुल कर बोलें

Presenting Speakx — आपका अपना AI English Coach",SpeakX — आपका अपना AI English Coach.,Install now,http://play.google.com/store/apps/details?id=yellowclass.kids.live,Video,"Facebook,Instagram",1,0,9:16,https://video.fblr20-1.fna.fbcdn.net/o1/v/t2/f2/m366/AQPKLXBRyMzK75vcge8Gm3SX_j-E8-8xnmBX-UIqf8G2zbskBdcNoOAcoZgQWayAhMe8EepRpCBqrpN5aeMK6Vqdk5ZiC0c-R25IQp20-2NNiA.mp4?_nc_cat=108&_nc_oc=Adoabthmvz12vrlw-7glNEVc5ypdNe1V2HGEnieoTmT3rJ2FMDfs4IlkSb9S0vXfabUeDexXwzSyQ9mkSWxYhp1F&_nc_sid=b66105&_nc_ht=video.fblr20-1.fna.fbcdn.net&_nc_ohc=HUB-c6WWWR8Q7kNvwGJu-Uo&efg=eyJ2ZW5jb2RlX3RhZyI6Inhwdl9wcm9ncmVzc2l2ZS5WSV9VU0VDQVNFX1BST0RVQ1RfVFlQRS4uQzMuNzIwLmRhc2hfaDI2NC1iYXNpYy1nZW4yXzcyMHAiLCJ4cHZfYXNzZXRfaWQiOjE5OTc5ODE5MDc0NjI4NjUsImFzc2V0X2FnZV9kYXlzIjo0NSwidmlfdXNlY2FzZV9pZCI6MTA3OTksImR1cmF0aW9uX3MiOjQxLCJ1cmxnZW5fc291cmNlIjoid3d3In0%3D&ccb=17-1&vs=64673c72e2ea2983&_nc_vs=HBksFQIYRWZiX2VwaGVtZXJhbC9DRjQ2NUZGNkI0ODJCNTNFNUZGMUUxMDZDRDU4N0VBQl9tdF8xX3ZpZGVvX2Rhc2hpbml0Lm1wNBUAAsgBEgAVAhhAZmJfcGVybWFuZW50LzY2NDkwQkU2OERCRjgyMzJBNUI4RUIwMUVDMTk3MEE2X2F1ZGlvX2Rhc2hpbml0Lm1wNBUCAsgBEgAoABgAGwKIB3VzZV9vaWwBMRJwcm9ncmVzc2l2ZV9yZWNpcGUBMRUAACaiq-Wd7cmMBxUCKAJDMywXQETAAAAAAAAYGWRhc2hfaDI2NC1iYXNpYy1nZW4yXzcyMHARAHUAZd6oAQA&_nc_gid=rifYkw_DDUYGKOxfkGLgUQ&_nc_ss=7f289&_nc_zt=28&oh=00_Af8rpSamQ19ZHx8gJXEJKvl_60mDDkMVYK3dIiQu-APy-A&oe=6A463564,https://scontent.fblr20-5.fna.fbcdn.net/v/t39.35426-6/701510056_2719185468465261_5131026711604860634_n.jpg?_nc_cat=107&ccb=1-7&_nc_sid=c53f8f&_nc_ohc=pLcQ6xKo358Q7kNvwEzV4JE&_nc_oc=Ado8imip923-ZrymG4hrhh496w5BlrQykJo4t0qj9zHlfNiaE5RkU0yEH5Nmv6eX0XArEmxeGxWmwYBnFlkKLPyD&_nc_zt=14&_nc_ht=scontent.fblr20-5.fna&_nc_gid=rifYkw_DDUYGKOxfkGLgUQ&_nc_ss=7f289&oh=00_Af-iEucrmNFIiXgjvfu3K6ph3t8u0u9936FlrJNMpqrftw&oe=6A462EAA,2026-07-02T09:54:44.000Z,2026-06-28
209,203,SpeakX,540653459131632,SpeakX - Learn to Speak English,,IN,2209259943160202,https://www.facebook.com/ads/library/?id=2209259943160202,2026-06-24,,false,false,1,0,,2026-06-24,,English speaking made easy with SpeakX App,Spoken English course,Install now,http://play.google.com/store/apps/details?id=yellowclass.kids.live,"Facebook,Instagram,Messenger,Threads",English speaking made easy with SpeakX App,Spoken English course,Install now,http://play.google.com/store/apps/details?id=yellowclass.kids.live,Video,"Facebook,Instagram,Messenger,Threads",1,0,1:1,https://video.fblr20-4.fna.fbcdn.net/o1/v/t2/f2/m366/AQMCG1TykLSwzCTLW-gITzLVEl4CkzKoT5ybuO0lX0DilLggJDpiMNnAttNW6pk0pV-i4ve-X1jA0HVlE-C-RfboGk5D8-J19liupx-85iVD-Q.mp4?_nc_cat=101&_nc_oc=AdoeVEOHvAsWpgR2J7_ADXVbhmxtnFFsn-RYMDCwryHKIv-BlfMXDG1JiJSxJgZ_8E6Xo3ooGl_hdD_K4ocujzUQ&_nc_sid=b66105&_nc_ht=video.fblr20-4.fna.fbcdn.net&_nc_ohc=sIUOx6HiwAsQ7kNvwGTCAZE&efg=eyJ2ZW5jb2RlX3RhZyI6Inhwdl9wcm9ncmVzc2l2ZS5WSV9VU0VDQVNFX1BST0RVQ1RfVFlQRS4uQzMuNzIwLmRhc2hfaDI2NC1iYXNpYy1nZW4yXzcyMHAiLCJ4cHZfYXNzZXRfaWQiOjk4OTI1NzAyNzI3NjAxNSwiYXNzZXRfYWdlX2RheXMiOjM3LCJ2aV91c2VjYXNlX2lkIjoxMDEzOSwiZHVyYXRpb25fcyI6NzgsInVybGdlbl9zb3VyY2UiOiJ3d3cifQ%3D%3D&ccb=17-1&vs=73eb722cf26d5b42&_nc_vs=HBksFQIYRWZiX2VwaGVtZXJhbC85MjQyNjU4NUJENzc5MDlDNkIwQjg3NEE1MDhCRDhBQ19tdF8xX3ZpZGVvX2Rhc2hpbml0Lm1wNBUAAsgBEgAVAhhAZmJfcGVybWFuZW50L0JCNEU0MkVDRTQwQURFQ0Q3MDdBNUI3NTVDOEIwOUExX2F1ZGlvX2Rhc2hpbml0Lm1wNBUCAsgBEgAoABgAGwKIB3VzZV9vaWwBMRJwcm9ncmVzc2l2ZV9yZWNpcGUBMRUAACbes56bq-7BAxUCKAJDMywXQFOO6XjU_fQYGWRhc2hfaDI2NC1iYXNpYy1nZW4yXzcyMHARAHUAZbaeAQA&_nc_gid=rifYkw_DDUYGKOxfkGLgUQ&_nc_ss=7f289&_nc_zt=28&oh=00_Af9NCUFHBKLS85hY7rPQLDW0oYfovfnXd42D1VWkkaO9eg&oe=6A4653DB,https://scontent.fblr20-5.fna.fbcdn.net/v/t39.35426-6/731195686_1588260995970440_5072778602747114495_n.jpg?_nc_cat=107&ccb=1-7&_nc_sid=c53f8f&_nc_ohc=sBsovzXO0lwQ7kNvwHhsl_D&_nc_oc=AdpR0C2GjaTOvNb0kxcWHGS-0fBEGT728-LwLWHpGKsW569ikwUeew9LGmFY98HGl0yBy_qwefnTinmN3Ej-yDLu&_nc_zt=14&_nc_ht=scontent.fblr20-5.fna&_nc_gid=rifYkw_DDUYGKOxfkGLgUQ&_nc_ss=7f289&oh=00_Af-x1GAnDa804dX-avRfg-1n2nK9tUuvAfpIfNif_5c59A&oe=6A464D26,2026-07-02T12:04:43.000Z,2026-06-28
210,204,SpeakX,540653459131632,SpeakX - Learn to Speak English,,IN,1723206915372815,https://www.facebook.com/ads/library/?id=1723206915372815,2026-06-22,,false,false,1,0,,2026-06-22,,Ab bina ruke English bolo. Speakx AI tutor ke saath rozana practice karein.,"Learn English, Let's Talk",Install now,http://play.google.com/store/apps/details?id=yellowclass.kids.live,"Facebook,Instagram,Audience Network,Messenger,Threads",Ab bina ruke English bolo. Speakx AI tutor ke saath rozana practice karein.,"Learn English, Let's Talk",Install now,http://play.google.com/store/apps/details?id=yellowclass.kids.live,Video,"Facebook,Instagram,Audience Network,Messenger,Threads",1,0,16:9,https://video.fblr20-4.fna.fbcdn.net/o1/v/t2/f2/m366/AQNOOAWMpOgKpsK7TvyZi7Bx_bTy0MVGhMCawSdyO__1TwjXTqVYs0wVNOK7Uozq5VcosNCLctZ90ueIcZW6tbv8Ekyu0tHzdNDVz7LAEXZuTQ.mp4?_nc_cat=106&_nc_oc=AdqLQhfk498B9aCPGVFu8vArS9DwI9YbFaL7yFYRj11tTpmgIHoz5LMGIOlOmByGzQG1aQ3H12lF-_JLDiRfW1ZA&_nc_sid=b66105&_nc_ht=video.fblr20-4.fna.fbcdn.net&_nc_ohc=b7HN4WaycwgQ7kNvwHdts1g&efg=eyJ2ZW5jb2RlX3RhZyI6Inhwdl9wcm9ncmVzc2l2ZS5WSV9VU0VDQVNFX1BST0RVQ1RfVFlQRS4uQzMuMTA4MC5kYXNoX2gyNjQtYmFzaWMtZ2VuMl83MjBwIiwieHB2X2Fzc2V0X2lkIjoxMDE2NzM4NjU0MDQ3NDIyLCJhc3NldF9hZ2VfZGF5cyI6NSwidmlfdXNlY2FzZV9pZCI6MTAxMzksImR1cmF0aW9uX3MiOjYwLCJ1cmxnZW5fc291cmNlIjoid3d3In0%3D&ccb=17-1&vs=e0962efb15c384cc&_nc_vs=HBksFQIYRWZiX2VwaGVtZXJhbC81NjRCQUMzMEVGQUI5N0QxM0RDQUJERTg2OURFMUQ5Rl9tdF8xX3ZpZGVvX2Rhc2hpbml0Lm1wNBUAAsgBEgAVAhhAZmJfcGVybWFuZW50LzBGNDkwMEJBQzBGNUFCODY0QjJEMzBEOUNCM0VFNUI0X2F1ZGlvX2Rhc2hpbml0Lm1wNBUCAsgBEgAoABgAGwKIB3VzZV9vaWwBMRJwcm9ncmVzc2l2ZV9yZWNpcGUBMRUAACb8su6k_a3OAxUCKAJDMywXQE4ZmZmZmZoYGWRhc2hfaDI2NC1iYXNpYy1nZW4yXzcyMHARAHUAZbaeAQA&_nc_gid=rifYkw_DDUYGKOxfkGLgUQ&_nc_ss=7f289&_nc_zt=28&oh=00_Af_eyhSSVkmuM1OmylHIMEjIQaoL8MAMDlL__re01xixeA&oe=6A462816,https://scontent.fblr20-2.fna.fbcdn.net/v/t39.35426-6/729705845_929756570089014_5574661822359174322_n.jpg?_nc_cat=102&ccb=1-7&_nc_sid=c53f8f&_nc_ohc=-034Z7St3BgQ7kNvwGXHjye&_nc_oc=Adqtc1FcfNXEzrzIWtyn8khVz4a2WLso3t755BTo47q8y7G7-pFV8G5sWR1CchkqzYK1m3XmPd5_0S0OLAJSj8zP&_nc_zt=14&_nc_ht=scontent.fblr20-2.fna&_nc_gid=rifYkw_DDUYGKOxfkGLgUQ&_nc_ss=7f289&oh=00_Af_iFJzbXwiUiLGM8I9S8cN4W2edpAsC4IV24o4XxxE5rg&oe=6A463535,2026-07-02T08:57:58.000Z,2026-06-28
211,205,SpeakX,540653459131632,SpeakX - Learn to Speak English,,IN,1436395304911998,https://www.facebook.com/ads/library/?id=1436395304911998,2026-06-10,,false,false,1,0,,2026-06-10,,"💼 ऑफिस मीटिंग्स और इंटरव्यूज के लिए खुद को तैयार करें

✅ 24/7 AI Tutor: कभी भी, कहीं भी practice करें।
✅ Instant Feedback: अपनी pronunciation और fluency सुधारें।
✅ Zero Judgment: बिना किसी डर के खुल कर बोलें

Presenting Speakx — आपका अपना AI English Coach",SpeakX — आपका अपना AI English Coach.,Install now,http://play.google.com/store/apps/details?id=yellowclass.kids.live,"Facebook,Instagram","💼 ऑफिस मीटिंग्स और इंटरव्यूज के लिए खुद को तैयार करें

✅ 24/7 AI Tutor: कभी भी, कहीं भी practice करें।
✅ Instant Feedback: अपनी pronunciation और fluency सुधारें।
✅ Zero Judgment: बिना किसी डर के खुल कर बोलें

Presenting Speakx — आपका अपना AI English Coach",SpeakX — आपका अपना AI English Coach.,Install now,http://play.google.com/store/apps/details?id=yellowclass.kids.live,Video,"Facebook,Instagram",1,0,4:5,https://video.fblr20-5.fna.fbcdn.net/o1/v/t2/f2/m366/AQPYRgcg80UrwbzNSd0SOxYOLvmVboF8yndF4gp9Nz83d0pex7ueZ3h1YP5fcdgRTAQff5nVMSzRfgESraowoNdztfAVUGrmdavt411QS4Lv-g.mp4?_nc_cat=107&_nc_oc=AdqejESJqO4ZNGebEbm-i4FF6SfFf97sd_P2n_I5BaEFgfVS83gEjMbVkqrf8FrvgBWPg-JmhV9U6D3rNuelI6nm&_nc_sid=b66105&_nc_ht=video.fblr20-5.fna.fbcdn.net&_nc_ohc=FPNaoiG95IAQ7kNvwGskRWo&efg=eyJ2ZW5jb2RlX3RhZyI6Inhwdl9wcm9ncmVzc2l2ZS5WSV9VU0VDQVNFX1BST0RVQ1RfVFlQRS4uQzMuNzIwLmRhc2hfaDI2NC1iYXNpYy1nZW4yXzcyMHAiLCJ4cHZfYXNzZXRfaWQiOjEyOTY5OTk5NDUyNTY5MDgsImFzc2V0X2FnZV9kYXlzIjo0NSwidmlfdXNlY2FzZV9pZCI6MTAxMzksImR1cmF0aW9uX3MiOjIyLCJ1cmxnZW5fc291cmNlIjoid3d3In0%3D&ccb=17-1&vs=af258499965e8dbc&_nc_vs=HBksFQIYRWZiX2VwaGVtZXJhbC9COTQ4NkNFNjEzMTg4OTAwMzkzQTUyRjkzOTdFNUZBNV9tdF8xX3ZpZGVvX2Rhc2hpbml0Lm1wNBUAAsgBEgAVAhhAZmJfcGVybWFuZW50L0Q5NDQzNTQ4NkU0RkI3OUU3MEMwMTE1QzVGNDFDNTlGX2F1ZGlvX2Rhc2hpbml0Lm1wNBUCAsgBEgAoABgAGwKIB3VzZV9vaWwBMRJwcm9ncmVzc2l2ZV9yZWNpcGUBMRUAACaY_5XQqufNBBUCKAJDMywXQDaQ5WBBiTcYGWRhc2hfaDI2NC1iYXNpYy1nZW4yXzcyMHARAHUAZbaeAQA&_nc_gid=rifYkw_DDUYGKOxfkGLgUQ&_nc_ss=7f289&_nc_zt=28&oh=00_Af9z2f1nkxKDGARvUAJVMkbmYz2vNeRlAo-Kxcg5CjBQSw&oe=6A4649B5,https://scontent.fblr20-2.fna.fbcdn.net/v/t39.35426-6/698799296_3123507267847749_3725580346117213451_n.jpg?_nc_cat=111&ccb=1-7&_nc_sid=c53f8f&_nc_ohc=WNSDZdDIHc8Q7kNvwGVcd1L&_nc_oc=AdqB9ySdjYrqvA1jct1KSq8w55q7XuETyt6fg8gTYCLi6dZaP6DAxgr4mHemZvroo60FgsBg69GYCJ1cqXXp-LV_&_nc_zt=14&_nc_ht=scontent.fblr20-2.fna&_nc_gid=rifYkw_DDUYGKOxfkGLgUQ&_nc_ss=7f289&oh=00_Af_5wO1-52p0CMywI65eyPofVVLnUY89ULJxKRexC_Bfvg&oe=6A464A81,2026-07-02T11:21:25.000Z,2026-06-28
212,206,SpeakX,540653459131632,SpeakX - Learn to Speak English,,IN,27699737272985335,https://www.facebook.com/ads/library/?id=27699737272985335,2026-06-25,,false,false,1,0,,2026-06-25,,English speaking made easy with SpeakX App,Spoken English course,Install now,http://play.google.com/store/apps/details?id=yellowclass.kids.live,"Facebook,Instagram,Messenger,Threads",English speaking made easy with SpeakX App,Spoken English course,Install now,http://play.google.com/store/apps/details?id=yellowclass.kids.live,Video,"Facebook,Instagram,Messenger,Threads",1,0,1:1,https://video.fblr20-1.fna.fbcdn.net/o1/v/t2/f2/m366/AQOllr196DcU3ObHVD-7g3zSwWXLMXn6xjDuMJnuLz8TbIaMdemFyjhPgV-PclLE9ovGiL1tfmM1PIeXdPnDaWKB3Pe7XvtlMbwCw9MDu7l15A.mp4?_nc_cat=110&_nc_oc=AdpArHVAhtc16oPp7JLmvRUImaGNKr64AB49mx9-XezBiuGvp_OWN9Eh4IgALWi1F-Xbo5xeDe5KWmPIbOiFcdXu&_nc_sid=b66105&_nc_ht=video.fblr20-1.fna.fbcdn.net&_nc_ohc=QJZjiLhOWMkQ7kNvwGN9xs1&efg=eyJ2ZW5jb2RlX3RhZyI6Inhwdl9wcm9ncmVzc2l2ZS5WSV9VU0VDQVNFX1BST0RVQ1RfVFlQRS4uQzMuNzIwLmRhc2hfaDI2NC1iYXNpYy1nZW4yXzcyMHAiLCJ4cHZfYXNzZXRfaWQiOjk5OTkxNjk5OTQ2MTAwNCwiYXNzZXRfYWdlX2RheXMiOjM3LCJ2aV91c2VjYXNlX2lkIjoxMDEzOSwiZHVyYXRpb25fcyI6MzYsInVybGdlbl9zb3VyY2UiOiJ3d3cifQ%3D%3D&ccb=17-1&vs=1a9bf661e294ffc3&_nc_vs=HBksFQIYRWZiX2VwaGVtZXJhbC9GMTQ4MDE0RDg2NjI2NDhBRTU5QzJGQjZERTBBRDhCNF9tdF8xX3ZpZGVvX2Rhc2hpbml0Lm1wNBUAAsgBEgAVAhhAZmJfcGVybWFuZW50LzhDNEI3RjU3MDQ0OERDNDRFNTE1MzVDRUYwMURCQ0JDX2F1ZGlvX2Rhc2hpbml0Lm1wNBUCAsgBEgAoABgAGwKIB3VzZV9vaWwBMRJwcm9ncmVzc2l2ZV9yZWNpcGUBMRUAACaYovaY6trGAxUCKAJDMywXQEIEm6XjU_gYGWRhc2hfaDI2NC1iYXNpYy1nZW4yXzcyMHARAHUAZbaeAQA&_nc_gid=rifYkw_DDUYGKOxfkGLgUQ&_nc_ss=7f289&_nc_zt=28&oh=00_Af9XXQFVU7HyB4k5sftP0REeEiq7VUv0av_8fBSpAfAY3g&oe=6A4657FE,https://scontent.fblr20-2.fna.fbcdn.net/v/t39.35426-6/731069075_988690300443914_2184741600229167646_n.jpg?_nc_cat=102&ccb=1-7&_nc_sid=c53f8f&_nc_ohc=bUbwc3anbXIQ7kNvwG3yWzw&_nc_oc=AdpjSZaRm9IA_Up9FmPQEmKwEAFmYzi1PCP9b3sRhZn-UZf_rhXAjWQ7LmDJADuwhNnMMYtcPDQVQMKmmc8EbfsE&_nc_zt=14&_nc_ht=scontent.fblr20-2.fna&_nc_gid=rifYkw_DDUYGKOxfkGLgUQ&_nc_ss=7f289&oh=00_Af8xndL0j399SB4Y_J9ylxjPEVMtxsftTDEH0U7po9FGkg&oe=6A462A31,2026-07-02T12:22:22.000Z,2026-06-28
213,207,SpeakX,540653459131632,SpeakX - Learn to Speak English,,IN,872479192551236,https://www.facebook.com/ads/library/?id=872479192551236,2026-06-03,,false,false,1,0,,2026-06-03,,SpeakX ആപ്പിൽ ആത്മവിശ്വാസത്തോടെ ഇംഗ്ലീഷ് സംസാരിക്കുക. വ്യക്തിഗത AI അധ്യാപകൻ ലഭിക്കും.,സുഗമമായി ഇംഗ്ലീഷ് സംസാരിക്കുക,Install now,http://play.google.com/store/apps/details?id=yellowclass.kids.live,"Facebook,Instagram,Audience Network,Messenger,Threads",SpeakX ആപ്പിൽ ആത്മവിശ്വാസത്തോടെ ഇംഗ്ലീഷ് സംസാരിക്കുക. വ്യക്തിഗത AI അധ്യാപകൻ ലഭിക്കും.,സുഗമമായി ഇംഗ്ലീഷ് സംസാരിക്കുക,Install now,http://play.google.com/store/apps/details?id=yellowclass.kids.live,Video,"Facebook,Instagram,Audience Network,Messenger,Threads",1,0,1:1,https://video.fblr20-4.fna.fbcdn.net/o1/v/t2/f2/m366/AQMk_b1aeZUWIsrcbfFkkRhPSyX1iq2qcikLu8z4fz3v88-N6owBQXGRvmvYmNlzZU0jYHQsqNEPeqAYnMMo5F3bFu6NOMqC3L475qx9-jISEA.mp4?_nc_cat=103&_nc_oc=AdoqRFKEpcHYBbI6l0ZhrPe5Cl_T2NAYDg2icvhRZCsdLuYDaAqzaZ_RBw4x0yYQWoyLJkOsgCKuZjYu8dQqBkoo&_nc_sid=b66105&_nc_ht=video.fblr20-4.fna.fbcdn.net&_nc_ohc=G4ZEOrPmClsQ7kNvwH_BuMc&efg=eyJ2ZW5jb2RlX3RhZyI6Inhwdl9wcm9ncmVzc2l2ZS5WSV9VU0VDQVNFX1BST0RVQ1RfVFlQRS4uQzMuNzIwLmRhc2hfaDI2NC1iYXNpYy1nZW4yXzcyMHAiLCJ4cHZfYXNzZXRfaWQiOjEzNDkxNjE5NDcwNzIxMzQsImFzc2V0X2FnZV9kYXlzIjoyOCwidmlfdXNlY2FzZV9pZCI6MTAxMzksImR1cmF0aW9uX3MiOjQ1LCJ1cmxnZW5fc291cmNlIjoid3d3In0%3D&ccb=17-1&vs=77d9bac8746b6683&_nc_vs=HBksFQIYRWZiX2VwaGVtZXJhbC81QzREOENEMzAwNjY2OEE3M0MyMzQ1RDZCMUYxMkQ4Q19tdF8xX3ZpZGVvX2Rhc2hpbml0Lm1wNBUAAsgBEgAVAhhAZmJfcGVybWFuZW50L0QwNEE1OEQ5RTcyREFCNjdFQjYyNTlGOEY4REMyQ0EwX2F1ZGlvX2Rhc2hpbml0Lm1wNBUCAsgBEgAoABgAGwKIB3VzZV9vaWwBMRJwcm9ncmVzc2l2ZV9yZWNpcGUBMRUAACaMmszpx8PlBBUCKAJDMywXQEazMzMzMzMYGWRhc2hfaDI2NC1iYXNpYy1nZW4yXzcyMHARAHUAZbaeAQA&_nc_gid=rifYkw_DDUYGKOxfkGLgUQ&_nc_ss=7f289&_nc_zt=28&oh=00_Af8TU3cGB7Vz5ZWcYhehMHBf8YBnTU7PGyvGgUat_TnKKw&oe=6A464649,https://scontent.fblr20-4.fna.fbcdn.net/v/t39.35426-6/710538062_982397578004819_8662874624421039944_n.jpg?_nc_cat=106&ccb=1-7&_nc_sid=c53f8f&_nc_ohc=9EBL51bRUwIQ7kNvwGkKp09&_nc_oc=AdpdlcFM1HzuBZyzdGa9NfkuJLkIDNJhup6TkK7wpRKqcn_0s3bxELnIgiMvvEJkP8kEafkkVH6UdPmYzW1N3X0C&_nc_zt=14&_nc_ht=scontent.fblr20-4.fna&_nc_gid=rifYkw_DDUYGKOxfkGLgUQ&_nc_ss=7f289&oh=00_Af_90T0_GQl7x2Vt6HAx8PdVCOHS4XasGzLd33isF_6T6w&oe=6A462D67,2026-07-02T11:06:49.000Z,2026-06-28
214,208,SpeakX,540653459131632,SpeakX - Learn to Speak English,,IN,1925534617999869,https://www.facebook.com/ads/library/?id=1925534617999869,2026-06-25,,false,false,1,0,,2026-06-25,,English speaking made easy with SpeakX App,Spoken English course,Install now,http://play.google.com/store/apps/details?id=yellowclass.kids.live,"Facebook,Instagram,Messenger,Threads",English speaking made easy with SpeakX App,Spoken English course,Install now,http://play.google.com/store/apps/details?id=yellowclass.kids.live,Video,"Facebook,Instagram,Messenger,Threads",1,0,1:1,https://video.fblr20-1.fna.fbcdn.net/o1/v/t2/f2/m366/AQOIb3V92_d-BZcwrzTP-LOvO7QY5asZwL84UBMXYM5uMACc0DFCIjkQ3KEgXnFJWZiLfYixaiI3WO-4SDqR7nWLoVwgGxtnAT8NzkaAW-uhMA.mp4?_nc_cat=110&_nc_oc=AdoiqPb9JKNd6oI5JFRl2UnWlB5ME8bVcEoNVS1qpKInHGwbW6y_CDpFIX7S_BNeiKBvT2ILG1fo3vNHBXFkIgp0&_nc_sid=b66105&_nc_ht=video.fblr20-1.fna.fbcdn.net&_nc_ohc=cvNo7sJwPKYQ7kNvwGG-KQn&efg=eyJ2ZW5jb2RlX3RhZyI6Inhwdl9wcm9ncmVzc2l2ZS5WSV9VU0VDQVNFX1BST0RVQ1RfVFlQRS4uQzMuNzIwLmRhc2hfaDI2NC1iYXNpYy1nZW4yXzcyMHAiLCJ4cHZfYXNzZXRfaWQiOjE1NTI3MDUyOTY1NTk1NzMsImFzc2V0X2FnZV9kYXlzIjoyOCwidmlfdXNlY2FzZV9pZCI6MTAxMzksImR1cmF0aW9uX3MiOjQ2LCJ1cmxnZW5fc291cmNlIjoid3d3In0%3D&ccb=17-1&vs=16921844592c123b&_nc_vs=HBksFQIYRWZiX2VwaGVtZXJhbC83QzQwRTEwQjc4NjNDQjU5QjEyMTVFQkI4QkE3MzVBN19tdF8xX3ZpZGVvX2Rhc2hpbml0Lm1wNBUAAsgBEgAVAhhAZmJfcGVybWFuZW50LzkzNERCQTlCRUUzRDFGQUI1MjYzNDA0RkUwNjc4RDg2X2F1ZGlvX2Rhc2hpbml0Lm1wNBUCAsgBEgAoABgAGwKIB3VzZV9vaWwBMRJwcm9ncmVzc2l2ZV9yZWNpcGUBMRUAACaqt6P6q4vCBRUCKAJDMywXQEdQgxJul40YGWRhc2hfaDI2NC1iYXNpYy1nZW4yXzcyMHARAHUAZbaeAQA&_nc_gid=I7iZSf9gKbaaXrAQJDZUwg&_nc_ss=7f289&_nc_zt=28&oh=00_Af8OdIvR7KASK5uSARNfWZGm65NUgxX2P9_0Q105Yk86VA&oe=6A4653A2,https://scontent.fblr20-2.fna.fbcdn.net/v/t39.35426-6/729148368_1005944018512414_6349098362838343481_n.jpg?_nc_cat=104&ccb=1-7&_nc_sid=c53f8f&_nc_ohc=bPdaJnVjm3IQ7kNvwGmcVkC&_nc_oc=Adrsqnlwi95Hdd6OnguzwNUYXZg3I12KMJyYDrinbaeawXDTYoe4QlV_ozwFEIm-MhMEWa6jpjK2Q2veaCzGBI6Y&_nc_zt=14&_nc_ht=scontent.fblr20-2.fna&_nc_gid=I7iZSf9gKbaaXrAQJDZUwg&_nc_ss=7f289&oh=00_Af-UrOGYS0OgCLS2crWRS1KCUOAO9yR9YYDnkGcIbPCShg&oe=6A4646CF,2026-07-02T12:03:46.000Z,2026-06-28
215,209,SpeakX,540653459131632,SpeakX - Learn to Speak English,,IN,2546906532396100,https://www.facebook.com/ads/library/?id=2546906532396100,2026-06-25,,false,false,1,0,,2026-06-25,,English speaking made easy with SpeakX App,Spoken English course,Install now,http://play.google.com/store/apps/details?id=yellowclass.kids.live,"Facebook,Instagram,Messenger,Threads",English speaking made easy with SpeakX App,Spoken English course,Install now,http://play.google.com/store/apps/details?id=yellowclass.kids.live,Video,"Facebook,Instagram,Messenger,Threads",1,0,1:1,https://video.fblr20-4.fna.fbcdn.net/o1/v/t2/f2/m366/AQOpYRANkxdVA3Az58Z5TjsPn3pPabX07tRQJ1RAoW5_TYn8bkcn9h2CNUSEJpDRY2RqgvX5bNQTYBI4kc8pLz2kkCKPKQnvDcpTDobShbNvNg.mp4?_nc_cat=103&_nc_oc=AdpkZ-tPvlh_XAsE17nOEpdUuC67JGnnYl547pwIa5ERi8bHWdJ8yxbMfrS--vh_jQZfCS_Q5gWLptteTMZtvuaF&_nc_sid=b66105&_nc_ht=video.fblr20-4.fna.fbcdn.net&_nc_ohc=O36KrB5Ey6IQ7kNvwHyNNmp&efg=eyJ2ZW5jb2RlX3RhZyI6Inhwdl9wcm9ncmVzc2l2ZS5WSV9VU0VDQVNFX1BST0RVQ1RfVFlQRS4uQzMuNzIwLmRhc2hfaDI2NC1iYXNpYy1nZW4yXzcyMHAiLCJ4cHZfYXNzZXRfaWQiOjE3MTU5MDgzNjY1MTk5NjUsImFzc2V0X2FnZV9kYXlzIjo1MSwidmlfdXNlY2FzZV9pZCI6MTA3OTksImR1cmF0aW9uX3MiOjcwLCJ1cmxnZW5fc291cmNlIjoid3d3In0%3D&ccb=17-1&vs=5e53dcda0bad7430&_nc_vs=HBksFQIYRWZiX2VwaGVtZXJhbC8wMDQ1RUJBQzQwRUUyQ0FDRjY3ODdDMkFGQTJGRTRBOF9tdF8xX3ZpZGVvX2Rhc2hpbml0Lm1wNBUAAsgBEgAVAhhAZmJfcGVybWFuZW50L0Y5NEFDNzhGOThEQ0MyMTA2M0M0MjVCNTBGOTI3MTlCX2F1ZGlvX2Rhc2hpbml0Lm1wNBUCAsgBEgAoABgAGwKIB3VzZV9vaWwBMRJwcm9ncmVzc2l2ZV9yZWNpcGUBMRUAACa6urrKgaeMBhUCKAJDMywXQFGlT987ZFoYGWRhc2hfaDI2NC1iYXNpYy1nZW4yXzcyMHARAHUAZd6oAQA&_nc_gid=I7iZSf9gKbaaXrAQJDZUwg&_nc_ss=7f289&_nc_zt=28&oh=00_Af93wYbgfgUe2dx3boaXGB3rKdkDVf30IT-ZdiH0npSnTg&oe=6A463875,https://scontent.fblr20-3.fna.fbcdn.net/v/t39.35426-6/730332546_1389424086579663_2619324272938763397_n.jpg?_nc_cat=109&ccb=1-7&_nc_sid=c53f8f&_nc_ohc=EFhjWmblIPcQ7kNvwG-rwz-&_nc_oc=AdpKLPH7n4QrMNtw4VAlr4d-sGmJfGU3qIdUTfaY6qqv33slcMQ3toKEsGEuk88gLJty5p0YkJm7_vFgSPNyXYOD&_nc_zt=14&_nc_ht=scontent.fblr20-3.fna&_nc_gid=I7iZSf9gKbaaXrAQJDZUwg&_nc_ss=7f289&oh=00_Af8-qbeAO_Vn-AEcHf-3hQa8OdpRa5lEKlxHwqnvxGKbQw&oe=6A463CE6,2026-07-02T10:07:49.000Z,2026-06-28
216,210,SpeakX,540653459131632,SpeakX - Learn to Speak English,,IN,1326258122375578,https://www.facebook.com/ads/library/?id=1326258122375578,2026-06-24,,false,false,1,0,,2026-06-24,,English speaking made easy with SpeakX App,Spoken English course,Install now,http://play.google.com/store/apps/details?id=yellowclass.kids.live,"Facebook,Instagram,Messenger,Threads",English speaking made easy with SpeakX App,Spoken English course,Install now,http://play.google.com/store/apps/details?id=yellowclass.kids.live,Video,"Facebook,Instagram,Messenger,Threads",1,0,1:1,https://video.fblr20-4.fna.fbcdn.net/o1/v/t2/f2/m366/AQPZ2FBVVih04UDJD0GBBSKDlhje250othraktfPHQkwLrE5r_IJbgvFyCm-aI-2WEH9wtf0XD8ZsXJPJ5nnhFjGKaUjK95OxsA6xt0ZurlqCg.mp4?_nc_cat=103&_nc_oc=AdoaO7meGi16ZMV1AftPrQG9f7bwCEUSFRYrfyko8rb1sD4d1KgrW2mjS72W2C2D4rN3iOlgn9RglX_Yxl2HA37e&_nc_sid=b66105&_nc_ht=video.fblr20-4.fna.fbcdn.net&_nc_ohc=i-Gxbsmdpd4Q7kNvwGI62V5&efg=eyJ2ZW5jb2RlX3RhZyI6Inhwdl9wcm9ncmVzc2l2ZS5WSV9VU0VDQVNFX1BST0RVQ1RfVFlQRS4uQzMuNzIwLmRhc2hfaDI2NC1iYXNpYy1nZW4yXzcyMHAiLCJ4cHZfYXNzZXRfaWQiOjEzNzY3OTY2Mjc2NDcwOTksImFzc2V0X2FnZV9kYXlzIjoyOCwidmlfdXNlY2FzZV9pZCI6MTAxMzksImR1cmF0aW9uX3MiOjgyLCJ1cmxnZW5fc291cmNlIjoid3d3In0%3D&ccb=17-1&vs=14954a9521da6c3e&_nc_vs=HBksFQIYRWZiX2VwaGVtZXJhbC81NzRDNDVENEFBNjE5QUZBMTE0Q0I5MjkwQjlFM0JCQV9tdF8xX3ZpZGVvX2Rhc2hpbml0Lm1wNBUAAsgBEgAVAhhAZmJfcGVybWFuZW50LzU1NDUwNjI1MUEwMDBBNkYyMEFDQTNDNTIzRjA3QThDX2F1ZGlvX2Rhc2hpbml0Lm1wNBUCAsgBEgAoABgAGwKIB3VzZV9vaWwBMRJwcm9ncmVzc2l2ZV9yZWNpcGUBMRUAACb26dmejozyBBUCKAJDMywXQFSgAAAAAAAYGWRhc2hfaDI2NC1iYXNpYy1nZW4yXzcyMHARAHUAZbaeAQA&_nc_gid=I7iZSf9gKbaaXrAQJDZUwg&_nc_ss=7f289&_nc_zt=28&oh=00_Af_76GU5Rw0l9lmYKtEoJSfWjWfOc3QOfTW1FKKLJ9LGjw&oe=6A464E35,https://scontent.fblr20-5.fna.fbcdn.net/v/t39.35426-6/730016297_1027367079634725_4624860574644065798_n.jpg?_nc_cat=107&ccb=1-7&_nc_sid=c53f8f&_nc_ohc=ccIukeUZlJMQ7kNvwFJDmYa&_nc_oc=AdrjxcwLrsrCaIiCPq4fDD1EoikRL2rv3qNTh61DyqYK3Hbwa-DPJY2msWckpfB4-wMydyTf2bs_FJfU4mbb7gV2&_nc_zt=14&_nc_ht=scontent.fblr20-5.fna&_nc_gid=I7iZSf9gKbaaXrAQJDZUwg&_nc_ss=7f289&oh=00_Af9OQx-tzUQuNgJZuRClef6k98eopmLpvymUVpqvflRNRQ&oe=6A463C76,2026-07-02T11:40:37.000Z,2026-06-28
217,211,SpeakX,540653459131632,SpeakX - Learn to Speak English,,IN,1579971257117495,https://www.facebook.com/ads/library/?id=1579971257117495,2026-06-25,,false,false,1,0,,2026-06-25,,English speaking made easy with SpeakX App,Spoken English course,Install now,http://play.google.com/store/apps/details?id=yellowclass.kids.live,"Facebook,Instagram,Messenger,Threads",English speaking made easy with SpeakX App,Spoken English course,Install now,http://play.google.com/store/apps/details?id=yellowclass.kids.live,Video,"Facebook,Instagram,Messenger,Threads",1,0,1:1,https://video.fblr20-3.fna.fbcdn.net/o1/v/t2/f2/m366/AQPfpzRELj65Do19nM0Igs7QdXU8I9qYG1S7YNAySZfEvJtkCMI5E8D_yswLvSVyupxMD-mOO2wG6o5XLXeRRHjUmW74nycXUR7r06KwSm9u_Q.mp4?_nc_cat=105&_nc_oc=Adqz6dGN_mdKE5JhOuHVzVpQmAJEQLclJDfPWu2xQcIFXi8zgHQG9TJaBTomzYeXFM8QfAcCRxiNeiwnUd1Y4yQJ&_nc_sid=b66105&_nc_ht=video.fblr20-3.fna.fbcdn.net&_nc_ohc=AGiCS5tzRgsQ7kNvwEgNAFD&efg=eyJ2ZW5jb2RlX3RhZyI6Inhwdl9wcm9ncmVzc2l2ZS5WSV9VU0VDQVNFX1BST0RVQ1RfVFlQRS4uQzMuNzIwLmRhc2hfaDI2NC1iYXNpYy1nZW4yXzcyMHAiLCJ4cHZfYXNzZXRfaWQiOjI5MzY3NDIyNzk4NjUzMDksImFzc2V0X2FnZV9kYXlzIjo1MSwidmlfdXNlY2FzZV9pZCI6MTA3OTksImR1cmF0aW9uX3MiOjY4LCJ1cmxnZW5fc291cmNlIjoid3d3In0%3D&ccb=17-1&vs=cbe5eb3c1f931792&_nc_vs=HBksFQIYRWZiX2VwaGVtZXJhbC8yMTQ5RkJGM0E3MDQ0MEQ5NzdDODFDQTM3NzVCMTNCNl9tdF8xX3ZpZGVvX2Rhc2hpbml0Lm1wNBUAAsgBEgAVAhhAZmJfcGVybWFuZW50Lzc2NEU0RTU1MjkwQURFMDNCN0ZERUJCMTI5MjFFMjlCX2F1ZGlvX2Rhc2hpbml0Lm1wNBUCAsgBEgAoABgAGwKIB3VzZV9vaWwBMRJwcm9ncmVzc2l2ZV9yZWNpcGUBMRUAACa6j5uG87y3ChUCKAJDMywXQFECHKwIMScYGWRhc2hfaDI2NC1iYXNpYy1nZW4yXzcyMHARAHUAZd6oAQA&_nc_gid=I7iZSf9gKbaaXrAQJDZUwg&_nc_ss=7f289&_nc_zt=28&oh=00_Af8elovAg8I5DTwUhLFxcVjVHC057jjWVEJkOFDRcfCLUg&oe=6A464B23,https://scontent.fblr20-2.fna.fbcdn.net/v/t39.35426-6/730049369_1527022275485859_7307577437655652324_n.jpg?_nc_cat=102&ccb=1-7&_nc_sid=c53f8f&_nc_ohc=5oudUMKFDCoQ7kNvwGQlnBF&_nc_oc=Ado1usKBCqnZh5xjpOgrTytzpWhVA7y2-sTpneH2C7JzrT4VDiS3vZ_OwNHIYUuoCukmzSoZAzXNb7ATjweDwpjk&_nc_zt=14&_nc_ht=scontent.fblr20-2.fna&_nc_gid=I7iZSf9gKbaaXrAQJDZUwg&_nc_ss=7f289&oh=00_Af8e5RgBDDXJM-9Ba07FqpsCbsCReC_wnljcP6DHrrilGA&oe=6A463CA0,2026-07-02T11:27:31.000Z,2026-06-28
218,212,SpeakX,540653459131632,SpeakX - Learn to Speak English,,IN,2057866215139903,https://www.facebook.com/ads/library/?id=2057866215139903,2026-06-25,,false,false,1,0,,2026-06-25,,English speaking made easy with SpeakX App,Spoken English course,Install now,http://play.google.com/store/apps/details?id=yellowclass.kids.live,"Facebook,Instagram,Messenger,Threads",English speaking made easy with SpeakX App,Spoken English course,Install now,http://play.google.com/store/apps/details?id=yellowclass.kids.live,Video,"Facebook,Instagram,Messenger,Threads",1,0,1:1,https://video.fblr20-3.fna.fbcdn.net/o1/v/t2/f2/m366/AQPj93LuZhL5FLmvAKM4zknW3GwDpNiUQT0I9xkkWrneoFXvk-CWOy82bTuGm_BOObRJ-lQKyO-ruKi9hDXxpWqAlvAnegc-Mf85UTiWJeBd3A.mp4?_nc_cat=105&_nc_oc=Ado-7T-rHczhe-RIXrtNKAtCbPObbWcpHvHkHWn3eg0DjZZsCWegqDbFaRpzRYl9__7BMarXlaVFiQsWsXM8ewFg&_nc_sid=b66105&_nc_ht=video.fblr20-3.fna.fbcdn.net&_nc_ohc=ImSg3ntqLYwQ7kNvwFRZknJ&efg=eyJ2ZW5jb2RlX3RhZyI6Inhwdl9wcm9ncmVzc2l2ZS5WSV9VU0VDQVNFX1BST0RVQ1RfVFlQRS4uQzMuNzIwLmRhc2hfaDI2NC1iYXNpYy1nZW4yXzcyMHAiLCJ4cHZfYXNzZXRfaWQiOjI0NjAzMzk3Njc4MDI4MjgsImFzc2V0X2FnZV9kYXlzIjoyOCwidmlfdXNlY2FzZV9pZCI6MTAxMzksImR1cmF0aW9uX3MiOjg3LCJ1cmxnZW5fc291cmNlIjoid3d3In0%3D&ccb=17-1&vs=fb36a474f105d000&_nc_vs=HBksFQIYRWZiX2VwaGVtZXJhbC82MzQ2QjIxREZCM0I5OUVBREU5NjY0Q0RDOUMwRTE5Rl9tdF8xX3ZpZGVvX2Rhc2hpbml0Lm1wNBUAAsgBEgAVAhhAZmJfcGVybWFuZW50LzRBNDVFMzE1MkUzQjRCREZBQ0M0QUE5Qjk0RTM4OTk1X2F1ZGlvX2Rhc2hpbml0Lm1wNBUCAsgBEgAoABgAGwKIB3VzZV9vaWwBMRJwcm9ncmVzc2l2ZV9yZWNpcGUBMRUAACaY75fez-reCBUCKAJDMywXQFX7tkWhysEYGWRhc2hfaDI2NC1iYXNpYy1nZW4yXzcyMHARAHUAZbaeAQA&_nc_gid=I7iZSf9gKbaaXrAQJDZUwg&_nc_ss=7f289&_nc_zt=28&oh=00_Af-HO8vug3wyY4HQMmmpa6B8fOjOmnORiGU9HAIEKAwzEA&oe=6A4656D3,https://scontent.fblr20-2.fna.fbcdn.net/v/t39.35426-6/731068432_4517285305225651_4117613717094021702_n.jpg?_nc_cat=111&ccb=1-7&_nc_sid=c53f8f&_nc_ohc=ipogxWmwc5AQ7kNvwGVwUVk&_nc_oc=AdptOPZxD3tjPR0x0R0C13nYoZW4eaBCbBqKPJJTQy5tGORfOYwvLEUjb7ephsVTMd-K7Su5oqN25m5Y6Bms0m57&_nc_zt=14&_nc_ht=scontent.fblr20-2.fna&_nc_gid=I7iZSf9gKbaaXrAQJDZUwg&_nc_ss=7f289&oh=00_Af9KIHl30jRSzykqOfijhhmsxXS9ai8nK-TjsdF-FtLtbA&oe=6A465896,2026-07-02T12:17:23.000Z,2026-06-28
219,213,SpeakX,540653459131632,SpeakX - Learn to Speak English,,IN,1474482837766143,https://www.facebook.com/ads/library/?id=1474482837766143,2026-06-22,,true,false,1,0,,2026-06-22,,Ab bina ruke English bolo. Speakx AI tutor ke saath rozana practice karein.,"Learn English, Let's Talk",Install now,http://play.google.com/store/apps/details?id=yellowclass.kids.live,"Facebook,Instagram,Audience Network,Messenger,Threads",Ab bina ruke English bolo. Speakx AI tutor ke saath rozana practice karein.,"Learn English, Let's Talk",Install now,http://play.google.com/store/apps/details?id=yellowclass.kids.live,Video,"Facebook,Instagram,Audience Network,Messenger,Threads",1,0,16:9,https://video.fblr20-3.fna.fbcdn.net/o1/v/t2/f2/m366/AQNPsDjcuVEIASzMNnW1ryu9HUHIkhrIv-Ge_DWzTgyLbPNnxT-XOo6_E49Hdst_br5zvNSsH6vvUntEBBzptkmfINBqcDghJ0No7-JeNOZS0Q.mp4?_nc_cat=105&_nc_oc=AdpeqitPHrMkJ2wb20_1pDrZHqp7AebSCoKjr-pxmEWR7ZbwcXrNuz3VSffguiJv05t6T1Xa7q_REIaXOIVZ9NFX&_nc_sid=b66105&_nc_ht=video.fblr20-3.fna.fbcdn.net&_nc_ohc=1PdYA3brGjwQ7kNvwFvQrdp&efg=eyJ2ZW5jb2RlX3RhZyI6Inhwdl9wcm9ncmVzc2l2ZS5WSV9VU0VDQVNFX1BST0RVQ1RfVFlQRS4uQzMuMTA4MC5kYXNoX2gyNjQtYmFzaWMtZ2VuMl83MjBwIiwieHB2X2Fzc2V0X2lkIjoxNzY5NzM1NTI3NzI2NTMxLCJhc3NldF9hZ2VfZGF5cyI6NSwidmlfdXNlY2FzZV9pZCI6MTAxMzksImR1cmF0aW9uX3MiOjUzLCJ1cmxnZW5fc291cmNlIjoid3d3In0%3D&ccb=17-1&vs=fa83ba05a9c001d2&_nc_vs=HBksFQIYRWZiX2VwaGVtZXJhbC81MTRGMjdDMzNBNUQ4MTc2Q0Q0NUMwN0EyRkY3RUQ5N19tdF8xX3ZpZGVvX2Rhc2hpbml0Lm1wNBUAAsgBEgAVAhhAZmJfcGVybWFuZW50LzRFNEI4RjIyNzBDOEYzRUFEOTYzN0VBNzhBMjJGRDg5X2F1ZGlvX2Rhc2hpbml0Lm1wNBUCAsgBEgAoABgAGwKIB3VzZV9vaWwBMRJwcm9ncmVzc2l2ZV9yZWNpcGUBMRUAACaG98-XleSkBhUCKAJDMywXQEqAAAAAAAAYGWRhc2hfaDI2NC1iYXNpYy1nZW4yXzcyMHARAHUAZbaeAQA&_nc_gid=I7iZSf9gKbaaXrAQJDZUwg&_nc_ss=7f289&_nc_zt=28&oh=00_Af-c60jsgm8LmeJ8h0LUoazr5AYeGm3Of2jwSbc40KwsYA&oe=6A465013,https://scontent.fblr20-3.fna.fbcdn.net/v/t39.35426-6/730515905_3939411839693866_8806225317718836284_n.jpg?_nc_cat=109&ccb=1-7&_nc_sid=c53f8f&_nc_ohc=O0HP_cRiVV4Q7kNvwFYzgzN&_nc_oc=AdoMSju_tjWgZb-i5bt7TPm6-MtGA9fPEvD8yoQxAaitTrCZIUKd-QQReHoCogUIb1BY_KsA3v_Ll03DxbNa099K&_nc_zt=14&_nc_ht=scontent.fblr20-3.fna&_nc_gid=I7iZSf9gKbaaXrAQJDZUwg&_nc_ss=7f289&oh=00_Af_wSvXFX_S3V0ooCrjXctReAqWG_n_2rRPHb842pxcKKw&oe=6A462B9E,2026-07-02T11:48:35.000Z,2026-06-28
220,214,SpeakX,540653459131632,SpeakX - Learn to Speak English,,IN,998521345905657,https://www.facebook.com/ads/library/?id=998521345905657,2026-06-08,,true,false,1,0,,2026-06-08,,SpeakX ആപ്പിൽ ആത്മവിശ്വാസത്തോടെ ഇംഗ്ലീഷ് സംസാരിക്കുക. വ്യക്തിഗത AI അധ്യാപകൻ ലഭിക്കും.,സുഗമമായി ഇംഗ്ലീഷ് സംസാരിക്കുക,Install now,http://play.google.com/store/apps/details?id=yellowclass.kids.live,"Facebook,Instagram,Audience Network,Messenger,Threads",SpeakX ആപ്പിൽ ആത്മവിശ്വാസത്തോടെ ഇംഗ്ലീഷ് സംസാരിക്കുക. വ്യക്തിഗത AI അധ്യാപകൻ ലഭിക്കും.,സുഗമമായി ഇംഗ്ലീഷ് സംസാരിക്കുക,Install now,http://play.google.com/store/apps/details?id=yellowclass.kids.live,Video,"Facebook,Instagram,Audience Network,Messenger,Threads",1,0,1:1,https://video.fblr20-5.fna.fbcdn.net/o1/v/t2/f2/m366/AQMjd__WKsO-eeRhdtOvKDl82DYB5vHJis3TWRv34gkrok4R_cLEBGCgCQ6Povq-6uePXUm6v8VKi7wYv5gmWgtHbglyMLTzJSfZ9xoSuJmi7g.mp4?_nc_cat=107&_nc_oc=AdqJvwChQhTSchrAb2CxXnsIa5YnsujLHa90v8vE3qxSVJhkSux22IUYhaytbK8AePNBatwf9eOEvCyt7akQTJBX&_nc_sid=b66105&_nc_ht=video.fblr20-5.fna.fbcdn.net&_nc_ohc=muhQAc3ku-kQ7kNvwHQh38K&efg=eyJ2ZW5jb2RlX3RhZyI6Inhwdl9wcm9ncmVzc2l2ZS5WSV9VU0VDQVNFX1BST0RVQ1RfVFlQRS4uQzMuNzIwLmRhc2hfaDI2NC1iYXNpYy1nZW4yXzcyMHAiLCJ4cHZfYXNzZXRfaWQiOjE1NjE3ODgyMTUyOTQyMTksImFzc2V0X2FnZV9kYXlzIjoyOCwidmlfdXNlY2FzZV9pZCI6MTAxMzksImR1cmF0aW9uX3MiOjUzLCJ1cmxnZW5fc291cmNlIjoid3d3In0%3D&ccb=17-1&vs=c28a57aded98b73a&_nc_vs=HBksFQIYRWZiX2VwaGVtZXJhbC8zRjQzM0VBOUVGMTM0NjJCQjU0NTQ0NkEyMDFERkFCNF9tdF8xX3ZpZGVvX2Rhc2hpbml0Lm1wNBUAAsgBEgAVAhhAZmJfcGVybWFuZW50LzJBNEUxNUIxN0Y1RTU5RkE5QUYyMDRBRDA5QkNGMkI1X2F1ZGlvX2Rhc2hpbml0Lm1wNBUCAsgBEgAoABgAGwKIB3VzZV9vaWwBMRJwcm9ncmVzc2l2ZV9yZWNpcGUBMRUAACaW5Mv8hJzGBRUCKAJDMywXQEqzMzMzMzMYGWRhc2hfaDI2NC1iYXNpYy1nZW4yXzcyMHARAHUAZbaeAQA&_nc_gid=I7iZSf9gKbaaXrAQJDZUwg&_nc_ss=7f289&_nc_zt=28&oh=00_Af9mrRqRA0GjPexZ6aqf0tk1KwyVUr4hPTHRFoyyORX9zQ&oe=6A4639F9,https://scontent.fblr20-5.fna.fbcdn.net/v/t39.35426-6/710556739_990466953575742_6289353891302358393_n.jpg?_nc_cat=107&ccb=1-7&_nc_sid=c53f8f&_nc_ohc=SUD8CSOJurIQ7kNvwFkKQKB&_nc_oc=AdpIDt8XvIs-O1U74mXOwankEgKMPDWMCH9T2nIxTSXeS3bLS4HDXEzeSJ32BfRJkcj7QUiLTjIy7Dwl5k-9u9DN&_nc_zt=14&_nc_ht=scontent.fblr20-5.fna&_nc_gid=I7iZSf9gKbaaXrAQJDZUwg&_nc_ss=7f289&oh=00_Af-tFNeN53LqluNSLzqwCsgtKwVcSb_72fsw2XKE45m0Xw&oe=6A462D69,2026-07-02T10:14:17.000Z,2026-06-28
221,215,SpeakX,540653459131632,SpeakX - Learn to Speak English,,IN,3711991622283199,https://www.facebook.com/ads/library/?id=3711991622283199,2026-06-25,,false,false,1,0,,2026-06-25,,English speaking made easy with SpeakX App,Spoken English course,Install now,http://play.google.com/store/apps/details?id=yellowclass.kids.live,"Facebook,Instagram,Messenger,Threads",English speaking made easy with SpeakX App,Spoken English course,Install now,http://play.google.com/store/apps/details?id=yellowclass.kids.live,Video,"Facebook,Instagram,Messenger,Threads",1,0,1:1,https://video.fblr20-4.fna.fbcdn.net/o1/v/t2/f2/m366/AQPi8YcmhcKF-kLb9_n_lfwop277QZKgAraSnBqvSsaIGYkabq_FLWZfzTtVLwcldDzhroggru_ub6ufuOh71Jnx1gIlzDsFVvH-nQkKTxUeGA.mp4?_nc_cat=103&_nc_oc=AdrLRAUm5BQao8hqplXfUF6kqHABzNICKP29XM6BZBhUKaCuVU-uKRcuwEH2ZTkkr_jipmYPFpMUzL_EZcn-M9YF&_nc_sid=b66105&_nc_ht=video.fblr20-4.fna.fbcdn.net&_nc_ohc=Akc3EOtUvn4Q7kNvwHK8hmo&efg=eyJ2ZW5jb2RlX3RhZyI6Inhwdl9wcm9ncmVzc2l2ZS5WSV9VU0VDQVNFX1BST0RVQ1RfVFlQRS4uQzMuNzIwLmRhc2hfaDI2NC1iYXNpYy1nZW4yXzcyMHAiLCJ4cHZfYXNzZXRfaWQiOjc5ODM5NTc3OTg3NzQ2OSwiYXNzZXRfYWdlX2RheXMiOjI4LCJ2aV91c2VjYXNlX2lkIjoxMDEzOSwiZHVyYXRpb25fcyI6NTUsInVybGdlbl9zb3VyY2UiOiJ3d3cifQ%3D%3D&ccb=17-1&vs=181be211dacb667d&_nc_vs=HBksFQIYRWZiX2VwaGVtZXJhbC9BMDQxODlCMEY4QjMwMDZDRDlGMUE1OTZFQUZDNEY5NV9tdF8xX3ZpZGVvX2Rhc2hpbml0Lm1wNBUAAsgBEgAVAhhAZmJfcGVybWFuZW50L0VCNEE3REYxOTk0NjlDNTIxNzgyMEZFQzg3MDhBQTgzX2F1ZGlvX2Rhc2hpbml0Lm1wNBUCAsgBEgAoABgAGwKIB3VzZV9vaWwBMRJwcm9ncmVzc2l2ZV9yZWNpcGUBMRUAACa6qcyN4IjrAhUCKAJDMywXQEvd0vGp--cYGWRhc2hfaDI2NC1iYXNpYy1nZW4yXzcyMHARAHUAZbaeAQA&_nc_gid=K-CrpVGujaxiQIXjoddkjA&_nc_ss=7f289&_nc_zt=28&oh=00_Af_g2hPtMoLBx6_YI0aYKOB9MJ2cPDi2zgFlMcqcGOlKAA&oe=6A464095,https://scontent.fblr20-4.fna.fbcdn.net/v/t39.35426-6/730381960_1016765134100835_7025926365157150523_n.jpg?_nc_cat=103&ccb=1-7&_nc_sid=c53f8f&_nc_ohc=fKqz3lGTsCoQ7kNvwHJSFL0&_nc_oc=AdpBWoVXn8dnawh-vQu1i_lJDvz-PqAc9fguRBeLN_b9A7YEnQflrbRrKFPLjvCJ4VzvkFwPt51l7pHINgFbZL_B&_nc_zt=14&_nc_ht=scontent.fblr20-4.fna&_nc_gid=K-CrpVGujaxiQIXjoddkjA&_nc_ss=7f289&oh=00_Af9BRIWgW3JBWI-ynfVmyFDBR_KfxzlHRyQPZuwcnyVrEQ&oe=6A465298,2026-07-02T10:42:29.000Z,2026-06-28
222,216,SpeakX,540653459131632,SpeakX - Learn to Speak English,,IN,1697862294591383,https://www.facebook.com/ads/library/?id=1697862294591383,2026-06-25,,false,false,1,0,,2026-06-25,,English speaking made easy with SpeakX App,Spoken English course,Install now,http://play.google.com/store/apps/details?id=yellowclass.kids.live,"Facebook,Instagram,Messenger,Threads",English speaking made easy with SpeakX App,Spoken English course,Install now,http://play.google.com/store/apps/details?id=yellowclass.kids.live,Video,"Facebook,Instagram,Messenger,Threads",1,0,1:1,https://video.fblr20-5.fna.fbcdn.net/o1/v/t2/f2/m366/AQNHDzXsU72dv4B3gDmXfxkRPgvO-2DQztg-rrJwZjHOLoC_ArYzVPov-ESMFOZ70JQ7gymDpz6f5KdIB_gZtLvPhynYTBESdjbEf4HHXPux7A.mp4?_nc_cat=107&_nc_oc=AdpfzQBesuqMB_iuJ1Ur5i3J_j91Kd9qOIz6XPs48GwV2cDiqTZAmjSnyM5wUKL_oxWmwW5dw4gGS4A6VXJMiP4N&_nc_sid=b66105&_nc_ht=video.fblr20-5.fna.fbcdn.net&_nc_ohc=oI-6_63qFLwQ7kNvwHSOXrg&efg=eyJ2ZW5jb2RlX3RhZyI6Inhwdl9wcm9ncmVzc2l2ZS5WSV9VU0VDQVNFX1BST0RVQ1RfVFlQRS4uQzMuNzIwLmRhc2hfaDI2NC1iYXNpYy1nZW4yXzcyMHAiLCJ4cHZfYXNzZXRfaWQiOjIwNzk2MDk4MzYzMjAyNTYsImFzc2V0X2FnZV9kYXlzIjo1MSwidmlfdXNlY2FzZV9pZCI6MTA3OTksImR1cmF0aW9uX3MiOjcxLCJ1cmxnZW5fc291cmNlIjoid3d3In0%3D&ccb=17-1&vs=b5bae29e219be240&_nc_vs=HBksFQIYRWZiX2VwaGVtZXJhbC8yOTRGQzc1NUM5MkI1QjVDMENDNEVCNEZEQTUwOEZBQV9tdF8xX3ZpZGVvX2Rhc2hpbml0Lm1wNBUAAsgBEgAVAhhAZmJfcGVybWFuZW50L0QzNDQ2RTg5MDA2NUE5ODNGN0ZCOUNCNTk2NTAxQkExX2F1ZGlvX2Rhc2hpbml0Lm1wNBUCAsgBEgAoABgAGwKIB3VzZV9vaWwBMRJwcm9ncmVzc2l2ZV9yZWNpcGUBMRUAACaA2IXZnNmxBxUCKAJDMywXQFH7tkWhysEYGWRhc2hfaDI2NC1iYXNpYy1nZW4yXzcyMHARAHUAZd6oAQA&_nc_gid=K-CrpVGujaxiQIXjoddkjA&_nc_ss=7f289&_nc_zt=28&oh=00_Af-X4lcnnTpUz_j6QVH3_sQ35L_m-SGvbF34cPyW50Q_YA&oe=6A464AC5,https://scontent.fblr20-2.fna.fbcdn.net/v/t39.35426-6/730713531_1564074872024516_7728996232850288980_n.jpg?_nc_cat=111&ccb=1-7&_nc_sid=c53f8f&_nc_ohc=bWKg6KxEuH4Q7kNvwH3_-S-&_nc_oc=Adqy_Z6N3KUhujj7ItlRYsM0ZuMJ0HSerlE9cnR4R8Wm3-0jIRLLfg4jT3k1PoSsuQGnJJc2lWHvnvvWD7_hDDki&_nc_zt=14&_nc_ht=scontent.fblr20-2.fna&_nc_gid=K-CrpVGujaxiQIXjoddkjA&_nc_ss=7f289&oh=00_Af9ejBPfiWnTbuQX9kkdArB0V1ONCtj_at0NRxNZJljIcg&oe=6A4650BB,2026-07-02T11:25:57.000Z,2026-06-28
223,217,SpeakX,540653459131632,SpeakX - Learn to Speak English,,IN,1018266577731610,https://www.facebook.com/ads/library/?id=1018266577731610,2026-06-04,,true,false,1,0,,2026-06-04,,SpeakX ആപ്പിൽ ആത്മവിശ്വാസത്തോടെ ഇംഗ്ലീഷ് സംസാരിക്കുക. വ്യക്തിഗത AI അധ്യാപകൻ ലഭിക്കും.,സുഗമമായി ഇംഗ്ലീഷ് സംസാരിക്കുക,Install now,http://play.google.com/store/apps/details?id=yellowclass.kids.live,"Facebook,Instagram,Audience Network,Messenger,Threads",SpeakX ആപ്പിൽ ആത്മവിശ്വാസത്തോടെ ഇംഗ്ലീഷ് സംസാരിക്കുക. വ്യക്തിഗത AI അധ്യാപകൻ ലഭിക്കും.,സുഗമമായി ഇംഗ്ലീഷ് സംസാരിക്കുക,Install now,http://play.google.com/store/apps/details?id=yellowclass.kids.live,Video,"Facebook,Instagram,Audience Network,Messenger,Threads",1,0,1:1,https://video.fblr20-2.fna.fbcdn.net/o1/v/t2/f2/m366/AQMWVxJtu960b8xUv-u_sExlK5UDmg2VXgqSQyyVZNdiu5cmSYFXqptOmAGbXnzneKOinY6rqY224g5hR0p4Dd8a-FafPtRZkfHIIpZ5JFP2tw.mp4?_nc_cat=104&_nc_oc=AdqIsno_Pz-ZMCwX0L5S5_AI62QRgqYZi5fZcwqg1Emg2iDDlmxrEtv8PFnmAWE9FS_NgjZLtAo-ikUqUvMJ-jkd&_nc_sid=b66105&_nc_ht=video.fblr20-2.fna.fbcdn.net&_nc_ohc=fJAPrQ55UwEQ7kNvwHePYS7&efg=eyJ2ZW5jb2RlX3RhZyI6Inhwdl9wcm9ncmVzc2l2ZS5WSV9VU0VDQVNFX1BST0RVQ1RfVFlQRS4uQzMuNzIwLmRhc2hfaDI2NC1iYXNpYy1nZW4yXzcyMHAiLCJ4cHZfYXNzZXRfaWQiOjE1MDM0ODE3MTQ1ODI1NzcsImFzc2V0X2FnZV9kYXlzIjoyOCwidmlfdXNlY2FzZV9pZCI6MTAxMzksImR1cmF0aW9uX3MiOjU1LCJ1cmxnZW5fc291cmNlIjoid3d3In0%3D&ccb=17-1&vs=e03e33497f709be0&_nc_vs=HBksFQIYRWZiX2VwaGVtZXJhbC8xOTQwQTc2NkJFNThDRjY0NzlBREExOUQ4OEZFMEM5OV9tdF8xX3ZpZGVvX2Rhc2hpbml0Lm1wNBUAAsgBEgAVAhhAZmJfcGVybWFuZW50LzhENEI2MTI4RjkyOENEMkIxREZDRTFCREFEMkJFRDgzX2F1ZGlvX2Rhc2hpbml0Lm1wNBUCAsgBEgAoABgAGwKIB3VzZV9vaWwBMRJwcm9ncmVzc2l2ZV9yZWNpcGUBMRUAACbikLHYk9qrBRUCKAJDMywXQEvIcrAgxJwYGWRhc2hfaDI2NC1iYXNpYy1nZW4yXzcyMHARAHUAZbaeAQA&_nc_gid=K-CrpVGujaxiQIXjoddkjA&_nc_ss=7f289&_nc_zt=28&oh=00_Af8PAmGak4lI_vMhtt01q3nrdB3drpkne_JWq4LgtuJxBA&oe=6A464960,https://scontent.fblr20-4.fna.fbcdn.net/v/t39.35426-6/710253027_1573453817829940_8185421487544730736_n.jpg?_nc_cat=106&ccb=1-7&_nc_sid=c53f8f&_nc_ohc=xWATC8ciI_4Q7kNvwHu_Tcw&_nc_oc=AdrZqQT0aYrMliGc5LJkPpc6p48e-Oq8f_xfNhv3rOM_dimfbugFU3CNJ_ipByccTJ7_SNM-NEJvub8PjmA_l-7J&_nc_zt=14&_nc_ht=scontent.fblr20-4.fna&_nc_gid=K-CrpVGujaxiQIXjoddkjA&_nc_ss=7f289&oh=00_Af-k_UJg9Dhdpdu2dvVUh9uPgct7fEj_Dn6SsNz1cK43_g&oe=6A46361C,2026-07-02T11:20:00.000Z,2026-06-28
224,218,SpeakX,540653459131632,SpeakX - Learn to Speak English,,IN,1018314074017098,https://www.facebook.com/ads/library/?id=1018314074017098,2026-06-24,,true,false,1,0,,2026-06-24,,English speaking made easy with SpeakX App,Spoken English course,Install now,http://play.google.com/store/apps/details?id=yellowclass.kids.live,"Facebook,Instagram,Messenger,Threads",English speaking made easy with SpeakX App,Spoken English course,Install now,http://play.google.com/store/apps/details?id=yellowclass.kids.live,Video,"Facebook,Instagram,Messenger,Threads",1,0,1:1,https://video.fblr20-2.fna.fbcdn.net/o1/v/t2/f2/m366/AQNz8wXaU_56wLqdrIvO1jazTTNU6vqGThJlIUIAmgiurlGDdtL9S-Kas-AddWTcSXBl6du7C3v1T6IbRgeZu1dDsR-ikLqgEebmdc9bDaiE9Q.mp4?_nc_cat=104&_nc_oc=AdoOjGTOaiJcW8WGz5v7oOSY0BrFoAt7F2bLjCo_YbitzZcLYvFAvVNQTCcudnqVHPFgNtALKMxXbPN3fPGr9RJ_&_nc_sid=b66105&_nc_ht=video.fblr20-2.fna.fbcdn.net&_nc_ohc=xtcReOASNFQQ7kNvwGKxUZZ&efg=eyJ2ZW5jb2RlX3RhZyI6Inhwdl9wcm9ncmVzc2l2ZS5WSV9VU0VDQVNFX1BST0RVQ1RfVFlQRS4uQzMuNzIwLmRhc2hfaDI2NC1iYXNpYy1nZW4yXzcyMHAiLCJ4cHZfYXNzZXRfaWQiOjk2NTYyNTU5NjA4OTk2NywiYXNzZXRfYWdlX2RheXMiOjI4LCJ2aV91c2VjYXNlX2lkIjoxMDEzOSwiZHVyYXRpb25fcyI6NjksInVybGdlbl9zb3VyY2UiOiJ3d3cifQ%3D%3D&ccb=17-1&vs=69b2eb361be180f5&_nc_vs=HBksFQIYRWZiX2VwaGVtZXJhbC8wOTQ5ODdEREU2MDI1NkZBNzlFODczMTM3NDZCOTY4NV9tdF8xX3ZpZGVvX2Rhc2hpbml0Lm1wNBUAAsgBEgAVAhhAZmJfcGVybWFuZW50L0NCNDQ4MzJBQTk2NDE3MTc1MEQyQkE4QjA4QUI3RjhBX2F1ZGlvX2Rhc2hpbml0Lm1wNBUCAsgBEgAoABgAGwKIB3VzZV9vaWwBMRJwcm9ncmVzc2l2ZV9yZWNpcGUBMRUAACbe2aCq5463AxUCKAJDMywXQFFJul41P30YGWRhc2hfaDI2NC1iYXNpYy1nZW4yXzcyMHARAHUAZbaeAQA&_nc_gid=K-CrpVGujaxiQIXjoddkjA&_nc_ss=7f289&_nc_zt=28&oh=00_Af_MspxlPWU0IJlozBp-hnKjptZ1ybUr11LNp7yvlwatpw&oe=6A463940,https://scontent.fblr20-1.fna.fbcdn.net/v/t39.35426-6/730585006_2882844605412181_5295984728961260332_n.jpg?_nc_cat=110&ccb=1-7&_nc_sid=c53f8f&_nc_ohc=ej-PvR2KfyYQ7kNvwFfO7k1&_nc_oc=AdrqpJGCFugnsntq7zv_5emz1CZcAW9dYqKI8KcywLpWP2bk6Ia3c7OoQDYqsc5xsZSZpWDeUOof8jydNefzVO-o&_nc_zt=14&_nc_ht=scontent.fblr20-1.fna&_nc_gid=K-CrpVGujaxiQIXjoddkjA&_nc_ss=7f289&oh=00_Af_xmZdlDqYF_04oh49wwWdVkmyHFrKdJ10J07RuEr1JuQ&oe=6A4647EF,2026-07-02T10:11:12.000Z,2026-06-28
225,219,SpeakX,540653459131632,SpeakX - Learn to Speak English,,IN,846627981575774,https://www.facebook.com/ads/library/?id=846627981575774,2026-06-24,,true,false,1,0,,2026-06-24,,Ab bina ruke English bolo. Speakx AI tutor ke saath rozana practice karein.,"Learn English, Let's Talk",Install now,http://play.google.com/store/apps/details?id=yellowclass.kids.live,"Facebook,Instagram,Audience Network,Messenger,Threads",Ab bina ruke English bolo. Speakx AI tutor ke saath rozana practice karein.,"Learn English, Let's Talk",Install now,http://play.google.com/store/apps/details?id=yellowclass.kids.live,Video,"Facebook,Instagram,Audience Network,Messenger,Threads",1,0,16:9,https://video.fblr20-3.fna.fbcdn.net/o1/v/t2/f2/m366/AQNPsDjcuVEIASzMNnW1ryu9HUHIkhrIv-Ge_DWzTgyLbPNnxT-XOo6_E49Hdst_br5zvNSsH6vvUntEBBzptkmfINBqcDghJ0No7-JeNOZS0Q.mp4?_nc_cat=105&_nc_oc=AdpeqitPHrMkJ2wb20_1pDrZHqp7AebSCoKjr-pxmEWR7ZbwcXrNuz3VSffguiJv05t6T1Xa7q_REIaXOIVZ9NFX&_nc_sid=b66105&_nc_ht=video.fblr20-3.fna.fbcdn.net&_nc_ohc=1PdYA3brGjwQ7kNvwFvQrdp&efg=eyJ2ZW5jb2RlX3RhZyI6Inhwdl9wcm9ncmVzc2l2ZS5WSV9VU0VDQVNFX1BST0RVQ1RfVFlQRS4uQzMuMTA4MC5kYXNoX2gyNjQtYmFzaWMtZ2VuMl83MjBwIiwieHB2X2Fzc2V0X2lkIjoxNzY5NzM1NTI3NzI2NTMxLCJhc3NldF9hZ2VfZGF5cyI6NSwidmlfdXNlY2FzZV9pZCI6MTAxMzksImR1cmF0aW9uX3MiOjUzLCJ1cmxnZW5fc291cmNlIjoid3d3In0%3D&ccb=17-1&vs=fa83ba05a9c001d2&_nc_vs=HBksFQIYRWZiX2VwaGVtZXJhbC81MTRGMjdDMzNBNUQ4MTc2Q0Q0NUMwN0EyRkY3RUQ5N19tdF8xX3ZpZGVvX2Rhc2hpbml0Lm1wNBUAAsgBEgAVAhhAZmJfcGVybWFuZW50LzRFNEI4RjIyNzBDOEYzRUFEOTYzN0VBNzhBMjJGRDg5X2F1ZGlvX2Rhc2hpbml0Lm1wNBUCAsgBEgAoABgAGwKIB3VzZV9vaWwBMRJwcm9ncmVzc2l2ZV9yZWNpcGUBMRUAACaG98-XleSkBhUCKAJDMywXQEqAAAAAAAAYGWRhc2hfaDI2NC1iYXNpYy1nZW4yXzcyMHARAHUAZbaeAQA&_nc_gid=K-CrpVGujaxiQIXjoddkjA&_nc_ss=7f289&_nc_zt=28&oh=00_Af-YG_df4sjhoMwL-PYcpB0rXCnNnZUjc12hbBElCkkX_w&oe=6A465013,https://scontent.fblr20-4.fna.fbcdn.net/v/t39.35426-6/732206428_1159019379754975_6329180673423390730_n.jpg?_nc_cat=106&ccb=1-7&_nc_sid=c53f8f&_nc_ohc=oIvhR05LbBIQ7kNvwFFly1t&_nc_oc=AdpiA84Svgk1O_OhCgR3d4miPVWMVC33M9d23JTD89K5lYId-zsi-6R0FcZKufXKavbBdLAi_yEDvBCBz_PuoLty&_nc_zt=14&_nc_ht=scontent.fblr20-4.fna&_nc_gid=K-CrpVGujaxiQIXjoddkjA&_nc_ss=7f289&oh=00_Af8c6AKVtwrWXKYplgv5iaE_7iMnvF7WPQSkqDwkLQVC7A&oe=6A462FB4,2026-07-02T11:48:35.000Z,2026-06-28
226,220,SpeakX,540653459131632,SpeakX - Learn to Speak English,,IN,2073931916860972,https://www.facebook.com/ads/library/?id=2073931916860972,2026-06-25,,true,false,1,0,,2026-06-25,,English speaking made easy with SpeakX App,Spoken English course,Install now,http://play.google.com/store/apps/details?id=yellowclass.kids.live,"Facebook,Instagram,Messenger,Threads",English speaking made easy with SpeakX App,Spoken English course,Install now,http://play.google.com/store/apps/details?id=yellowclass.kids.live,Video,"Facebook,Instagram,Messenger,Threads",1,0,1:1,https://video.fblr20-2.fna.fbcdn.net/o1/v/t2/f2/m366/AQNj8CHXSZj3thz8UNM4i-Ct38OgsJerVzyRwGWWPzaDRAJvTX7Z-zyziDWY0KmtJ21_ne4BudXre-VWKC3EXmUjnhJUO7oPDP8D7QmMKl1fUg.mp4?_nc_cat=104&_nc_oc=AdqkMk2pl6xzO1NzUCrmITaRdAiu5zC7CoVcR9Z-E08n7Bgd0ykQhFA3BMNGQFfENzzzfQ4vJk0hR9VqOvJFFAaV&_nc_sid=b66105&_nc_ht=video.fblr20-2.fna.fbcdn.net&_nc_ohc=QKOia0RkD4wQ7kNvwFz_yo0&efg=eyJ2ZW5jb2RlX3RhZyI6Inhwdl9wcm9ncmVzc2l2ZS5WSV9VU0VDQVNFX1BST0RVQ1RfVFlQRS4uQzMuNzIwLmRhc2hfaDI2NC1iYXNpYy1nZW4yXzcyMHAiLCJ4cHZfYXNzZXRfaWQiOjI4NTkyMDMyNjc3NzUzNTYsImFzc2V0X2FnZV9kYXlzIjo1MSwidmlfdXNlY2FzZV9pZCI6MTA3OTksImR1cmF0aW9uX3MiOjQ3LCJ1cmxnZW5fc291cmNlIjoid3d3In0%3D&ccb=17-1&vs=7e3c64d86c4ab1d1&_nc_vs=HBksFQIYRWZiX2VwaGVtZXJhbC9DOTQxQkYxMEFCQUJDOUY3N0YzNUREMDM4M0NBNDM4Ql9tdF8xX3ZpZGVvX2Rhc2hpbml0Lm1wNBUAAsgBEgAVAhhAZmJfcGVybWFuZW50LzQ0NEU4MDVGOTk2NzM5NDIxQzQ5QTU2NUQ2ODkyNTg5X2F1ZGlvX2Rhc2hpbml0Lm1wNBUCAsgBEgAoABgAGwKIB3VzZV9vaWwBMRJwcm9ncmVzc2l2ZV9yZWNpcGUBMRUAACb4re6xxJuUChUCKAJDMywXQEfqn752yLQYGWRhc2hfaDI2NC1iYXNpYy1nZW4yXzcyMHARAHUAZd6oAQA&_nc_gid=K-CrpVGujaxiQIXjoddkjA&_nc_ss=7f289&_nc_zt=28&oh=00_Af8g3-EOGlOSjWsaNFr2DEstU8zzaeIOZrxekdwT95XoWw&oe=6A462EC4,https://scontent.fblr20-2.fna.fbcdn.net/v/t39.35426-6/730320852_1027150676465879_2859464433197750777_n.jpg?_nc_cat=104&ccb=1-7&_nc_sid=c53f8f&_nc_ohc=9X_6OwzTn64Q7kNvwF5VMZC&_nc_oc=Adr0WHPgvOX3faGu9bYviSybwatGUQ0fcutDESNrZVPunHTZ2iJYUHDEaGHNCTTn9XaWF0WrTRAYL0Tkat069VuO&_nc_zt=14&_nc_ht=scontent.fblr20-2.fna&_nc_gid=K-CrpVGujaxiQIXjoddkjA&_nc_ss=7f289&oh=00_Af905dhIUOWAxWJuRTxCMA7c70xk2jJPgnpd4olGAFx8Fg&oe=6A464F3B,2026-07-02T09:26:28.000Z,2026-06-28
227,221,SpeakX,540653459131632,SpeakX - Learn to Speak English,,IN,1736610194233163,https://www.facebook.com/ads/library/?id=1736610194233163,2026-06-25,,true,false,1,0,,2026-06-25,,English speaking made easy with SpeakX App,Spoken English course,Install now,http://play.google.com/store/apps/details?id=yellowclass.kids.live,"Facebook,Instagram,Messenger,Threads",English speaking made easy with SpeakX App,Spoken English course,Install now,http://play.google.com/store/apps/details?id=yellowclass.kids.live,Video,"Facebook,Instagram,Messenger,Threads",1,0,1:1,https://video.fblr20-3.fna.fbcdn.net/o1/v/t2/f2/m366/AQPp96wY860OZKG2-1ZXWw2rAF0v0LNML62mYg49ljc_RsF8LQT5ZvmT-heOVL_vOSUReGm2389KzNqgm6rSd6ZqyKnqQmXufcO8cx7uBcf_Qg.mp4?_nc_cat=109&_nc_oc=Ado8Reru6gpeAVfx3SlAVl4_3oPfi2cH7T4jBUO3loO-iS74RWnnELhgcom9FzjnSKN8M0_YZpXiFU-cXdkFuKl_&_nc_sid=b66105&_nc_ht=video.fblr20-3.fna.fbcdn.net&_nc_ohc=KI68pZ7QqV0Q7kNvwFnvLiU&efg=eyJ2ZW5jb2RlX3RhZyI6Inhwdl9wcm9ncmVzc2l2ZS5WSV9VU0VDQVNFX1BST0RVQ1RfVFlQRS4uQzMuNzIwLmRhc2hfaDI2NC1iYXNpYy1nZW4yXzcyMHAiLCJ4cHZfYXNzZXRfaWQiOjIyNDIyMTY0NDk5NjQ4MTUsImFzc2V0X2FnZV9kYXlzIjo1MSwidmlfdXNlY2FzZV9pZCI6MTA3OTksImR1cmF0aW9uX3MiOjUwLCJ1cmxnZW5fc291cmNlIjoid3d3In0%3D&ccb=17-1&vs=52c6d8aa4598d70c&_nc_vs=HBksFQIYRWZiX2VwaGVtZXJhbC82MjQyN0M4QTQ5RDlBQzNBMEVEOTlCQTI1NUU2MkVBRl9tdF8xX3ZpZGVvX2Rhc2hpbml0Lm1wNBUAAsgBEgAVAhhAZmJfcGVybWFuZW50L0E0NEMzMUNFQ0E3MjRFQjhFMzQ2QTUzRUNBNTdDMEFFX2F1ZGlvX2Rhc2hpbml0Lm1wNBUCAsgBEgAoABgAGwKIB3VzZV9vaWwBMRJwcm9ncmVzc2l2ZV9yZWNpcGUBMRUAACae7JOwltL7BxUCKAJDMywXQEl3bItDlYEYGWRhc2hfaDI2NC1iYXNpYy1nZW4yXzcyMHARAHUAZd6oAQA&_nc_gid=K-CrpVGujaxiQIXjoddkjA&_nc_ss=7f289&_nc_zt=28&oh=00_Af_8cZ0rsopj3MRFrAQKO23Ovv9QGlNIoWtr9TDyVyFYMA&oe=6A4650B3,https://scontent.fblr20-1.fna.fbcdn.net/v/t39.35426-6/728213362_1015030214227915_2892658064364265917_n.jpg?_nc_cat=108&ccb=1-7&_nc_sid=c53f8f&_nc_ohc=bUGiLTi3YG0Q7kNvwF9MA1e&_nc_oc=AdpvM72zhefJzGY9MtkMVDx0k5p0LS0hY7BfLExiJ8ma-H7iNj_IMpyj_Bhc49aeI8Sl3_HiX3zoDgGDCN-NF3xz&_nc_zt=14&_nc_ht=scontent.fblr20-1.fna&_nc_gid=K-CrpVGujaxiQIXjoddkjA&_nc_ss=7f289&oh=00_Af9e5wleSBYZO47C4jEFenyvBjpLBLoyb-XWkQZaF9KHJA&oe=6A4659B1,2026-07-02T11:51:15.000Z,2026-06-28
228,222,SpeakX,540653459131632,SpeakX - Learn to Speak English,,IN,2747010212367654,https://www.facebook.com/ads/library/?id=2747010212367654,2026-06-25,,true,false,1,0,,2026-06-25,,English speaking made easy with SpeakX App,Spoken English course,Install now,http://play.google.com/store/apps/details?id=yellowclass.kids.live,"Facebook,Instagram,Messenger,Threads",English speaking made easy with SpeakX App,Spoken English course,Install now,http://play.google.com/store/apps/details?id=yellowclass.kids.live,Video,"Facebook,Instagram,Messenger,Threads",1,0,1:1,https://video.fblr20-4.fna.fbcdn.net/o1/v/t2/f2/m366/AQPiJ8y7PTBgQiBRBSlZVLTIjW_P6erhr0Ww4-_NscmII_H724ZZWbcrc1JH8zETl4KZOwg7PXxAMde--lN3jMsxFt77-eAxEYQq9cgJtWaGpw.mp4?_nc_cat=106&_nc_oc=AdoNd33GyAUbswGdt-bpRDDy46wf_AC-vZ1Iw_QclRlmMN7PlwRH-sLHb8sCG1_58Yxc69nnF9-41hTNGTC-wiPn&_nc_sid=b66105&_nc_ht=video.fblr20-4.fna.fbcdn.net&_nc_ohc=ufNk7Us2RrIQ7kNvwFthzvA&efg=eyJ2ZW5jb2RlX3RhZyI6Inhwdl9wcm9ncmVzc2l2ZS5WSV9VU0VDQVNFX1BST0RVQ1RfVFlQRS4uQzMuNzIwLmRhc2hfaDI2NC1iYXNpYy1nZW4yXzcyMHAiLCJ4cHZfYXNzZXRfaWQiOjEzMTgyNzQ5MzM1NTI2NTQsImFzc2V0X2FnZV9kYXlzIjo1MSwidmlfdXNlY2FzZV9pZCI6MTA3OTksImR1cmF0aW9uX3MiOjY1LCJ1cmxnZW5fc291cmNlIjoid3d3In0%3D&ccb=17-1&vs=1b186c919d1e14db&_nc_vs=HBksFQIYRWZiX2VwaGVtZXJhbC8zMTQ5ODRFRkM5OUUwQkJFMTQ5RjE4REU4OTVCMzE4RF9tdF8xX3ZpZGVvX2Rhc2hpbml0Lm1wNBUAAsgBEgAVAhhAZmJfcGVybWFuZW50LzRGNDI2NEJGRUUwRUEwMjFBQUU5NzZEOTQ5QzZCNkE1X2F1ZGlvX2Rhc2hpbml0Lm1wNBUCAsgBEgAoABgAGwKIB3VzZV9vaWwBMRJwcm9ncmVzc2l2ZV9yZWNpcGUBMRUAACac2IvS2b3XBBUCKAJDMywXQFB1T987ZFoYGWRhc2hfaDI2NC1iYXNpYy1nZW4yXzcyMHARAHUAZd6oAQA&_nc_gid=K-CrpVGujaxiQIXjoddkjA&_nc_ss=7f289&_nc_zt=28&oh=00_Af-jvBhYNgSeWHdts8onz9EAq4S9-a02_qZ_AWnqt2vkFA&oe=6A4636CA,https://scontent.fblr20-4.fna.fbcdn.net/v/t39.35426-6/731653449_1315385620755313_2467015794863715267_n.jpg?_nc_cat=101&ccb=1-7&_nc_sid=c53f8f&_nc_ohc=Z1rXPoNAxxgQ7kNvwGF1eip&_nc_oc=AdoNUSnduP_q6Iroyq15Rc4TOZeo2_sOSet_NP06krPlJUWCDNanPpJIh2mltwcg-fljhZzmvwWUoWl14O8d1L7z&_nc_zt=14&_nc_ht=scontent.fblr20-4.fna&_nc_gid=K-CrpVGujaxiQIXjoddkjA&_nc_ss=7f289&oh=00_Af9UEF_QQzLAGwRWGzH3GLO7qVGhEDyJZkH60zsvmM5hWQ&oe=6A465E5C,2026-07-02T10:00:42.000Z,2026-06-28
229,1,SpeakX,104428871316786,SpeakX English,,IN,1502553454983449,https://www.facebook.com/ads/library/?id=1502553454983449,2026-06-10,,false,false,1,0,,2026-06-10,,"SpeakX Healthcare trains your entire team — automatically:
🎯 Courses built for each role
🤖 AI conversation practice, 24/7
🌍 Support in 9+ languages
📊 Live dashboard to track every learner
Your whole team. Speaking confident English. At scale. 🚀
👉 Start your 7-day FREE trial — tap now!","English Training for Every Department 🏥
Upskill 100s of Staff — Start Free 👇",Book now,https://speakx.ai/business/healthcare,"Facebook,Instagram","SpeakX Healthcare trains your entire team — automatically:
🎯 Courses built for each role
🤖 AI conversation practice, 24/7
🌍 Support in 9+ languages
📊 Live dashboard to track every learner
Your whole team. Speaking confident English. At scale. 🚀
👉 Start your 7-day FREE trial — tap now!","English Training for Every Department 🏥
Upskill 100s of Staff — Start Free 👇",Book now,https://speakx.ai/business/healthcare,Image,"Facebook,Instagram",1,0,9:16,,https://scontent.fblr20-5.fna.fbcdn.net/v/t39.35426-6/721415705_1520900176398991_5043245628630585616_n.jpg?_nc_cat=107&ccb=1-7&_nc_sid=c53f8f&_nc_ohc=8pf3lc1EuI8Q7kNvwFpPgnl&_nc_oc=AdpSL2M7rsW9Xu7uOEn-QOil-oVYpj3ip1FnXwjngkl5tmLmsV0jBGZabeU04iLyvY5lOjk1ipFNffQE0COFzOg9&_nc_zt=14&_nc_ht=scontent.fblr20-5.fna&_nc_gid=gPwLfinsDrDU7NhpWOZ0rQ&_nc_ss=7f289&oh=00_Af9iiUGMAFooOhuI69picyBf1R8HF8W8GMr50c7pYBq9xA&oe=6A4655E4,2026-07-02T12:13:24.000Z,2026-06-28
230,2,SpeakX,104428871316786,SpeakX English,,IN,1668913915243531,https://www.facebook.com/ads/library/?id=1668913915243531,2026-06-21,,false,false,1,0,,2026-06-21,,"SpeakX Healthcare trains your entire team — automatically:
🎯 Courses built for each role
🤖 AI conversation practice, 24/7
🌍 Support in 9+ languages
📊 Live dashboard to track every learner
Your whole team. Speaking confident English. At scale. 🚀
👉 Start your 7-day FREE trial — tap now!","English Training for Every Department 🏥
Upskill 100s of Staff — Start Free 👇",Book now,https://speakx.ai/business/healthcare,"Facebook,Instagram","SpeakX Healthcare trains your entire team — automatically:
🎯 Courses built for each role
🤖 AI conversation practice, 24/7
🌍 Support in 9+ languages
📊 Live dashboard to track every learner
Your whole team. Speaking confident English. At scale. 🚀
👉 Start your 7-day FREE trial — tap now!","English Training for Every Department 🏥
Upskill 100s of Staff — Start Free 👇",Book now,https://speakx.ai/business/healthcare,Image,"Facebook,Instagram",1,0,9:16,,https://scontent.fblr20-3.fna.fbcdn.net/v/t39.35426-6/729754327_1630135682138488_5637287798823232973_n.jpg?_nc_cat=105&ccb=1-7&_nc_sid=c53f8f&_nc_ohc=vDfZZqvKHfsQ7kNvwHL3ukv&_nc_oc=AdoT71qHsMXxUawOhf-QsLEfY058UZLjb5gNKGOjlR57CfYqv0LpLERDmAO1Pjxo9c5OXYpUQKVHEnNE6DDX_IYa&_nc_zt=14&_nc_ht=scontent.fblr20-3.fna&_nc_gid=gPwLfinsDrDU7NhpWOZ0rQ&_nc_ss=7f289&oh=00_Af9sSBQCmSQXwrKAXXXKVFwG87MF28R5slDJu27ZeejG4Q&oe=6A4642A7,2026-07-02T10:51:19.000Z,2026-06-28
231,3,SpeakX,104428871316786,SpeakX English,,IN,1530276725269853,https://www.facebook.com/ads/library/?id=1530276725269853,2026-06-10,,false,false,1,0,,2026-06-10,,"SpeakX Healthcare trains your entire team — automatically:
🎯 Courses built for each role
🤖 AI conversation practice, 24/7
🌍 Support in 9+ languages
📊 Live dashboard to track every learner
Your whole team. Speaking confident English. At scale. 🚀
👉 Start your 7-day FREE trial — tap now!","English Training for Every Department 🏥
Upskill 100s of Staff — Start Free 👇",Book now,https://speakx.ai/business/healthcare,"Facebook,Instagram","SpeakX Healthcare trains your entire team — automatically:
🎯 Courses built for each role
🤖 AI conversation practice, 24/7
🌍 Support in 9+ languages
📊 Live dashboard to track every learner
Your whole team. Speaking confident English. At scale. 🚀
👉 Start your 7-day FREE trial — tap now!","English Training for Every Department 🏥
Upskill 100s of Staff — Start Free 👇",Book now,https://speakx.ai/business/healthcare,Image,"Facebook,Instagram",1,0,9:16,,https://scontent.fblr20-1.fna.fbcdn.net/v/t39.35426-6/722910744_1992589268028558_375471353324458221_n.jpg?_nc_cat=108&ccb=1-7&_nc_sid=c53f8f&_nc_ohc=rCdIvg4lldMQ7kNvwHMJMiS&_nc_oc=AdrVnnfwTGI0cBL-xW84mJUQRuxV6uOVnfqwoc8517MhGMb1VBlwPROnNx2KI58uX3r7vVvJ9K_k0YzqoWxNw-Sz&_nc_zt=14&_nc_ht=scontent.fblr20-1.fna&_nc_gid=gPwLfinsDrDU7NhpWOZ0rQ&_nc_ss=7f289&oh=00_Af_3kSfn4gmVl6nFtTruuH68s8__uzpE5XbiZ40dQ9vMTg&oe=6A46491D,2026-07-02T11:18:53.000Z,2026-06-28
232,4,SpeakX,104428871316786,SpeakX English,,IN,1587003312849731,https://www.facebook.com/ads/library/?id=1587003312849731,2026-06-10,,false,false,1,0,,2026-06-10,,"SpeakX Healthcare trains your entire team — automatically:
🎯 Courses built for each role
🤖 AI conversation practice, 24/7
🌍 Support in 9+ languages
📊 Live dashboard to track every learner
Your whole team. Speaking confident English. At scale. 🚀
👉 Start your 7-day FREE trial — tap now!","English Training for Every Department 🏥
Upskill 100s of Staff — Start Free 👇",Book now,https://speakx.ai/business/healthcare,"Facebook,Instagram","SpeakX Healthcare trains your entire team — automatically:
🎯 Courses built for each role
🤖 AI conversation practice, 24/7
🌍 Support in 9+ languages
📊 Live dashboard to track every learner
Your whole team. Speaking confident English. At scale. 🚀
👉 Start your 7-day FREE trial — tap now!","English Training for Every Department 🏥
Upskill 100s of Staff — Start Free 👇",Book now,https://speakx.ai/business/healthcare,Image,"Facebook,Instagram",1,0,9:16,,https://scontent.fblr20-3.fna.fbcdn.net/v/t39.35426-6/717437117_1717989409390826_2589633222181283490_n.jpg?_nc_cat=100&ccb=1-7&_nc_sid=c53f8f&_nc_ohc=sTl2cwpvmOkQ7kNvwGdjZNy&_nc_oc=AdrrzcnewHNQ-DOxbDVE-YffrIglkbP2XN94PI_0AxGAVyPIzL_t30t8Pzh6e2FsNNyny32kFDtYo2s_MNObLlnT&_nc_zt=14&_nc_ht=scontent.fblr20-3.fna&_nc_gid=gPwLfinsDrDU7NhpWOZ0rQ&_nc_ss=7f289&oh=00_Af_w-zMPJkoB4K5DJOa-uBYEqYrKlzVvDXifR0_ufxUU2w&oe=6A4647F2,2026-07-02T11:13:54.000Z,2026-06-28
233,5,SpeakX,104428871316786,SpeakX English,,IN,1032088779257493,https://www.facebook.com/ads/library/?id=1032088779257493,2026-06-10,,false,false,1,0,,2026-06-10,,"SpeakX Healthcare trains your entire team — automatically:
🎯 Courses built for each role
🤖 AI conversation practice, 24/7
🌍 Support in 9+ languages
📊 Live dashboard to track every learner
Your whole team. Speaking confident English. At scale. 🚀
👉 Start your 7-day FREE trial — tap now!","English Training for Every Department 🏥
Upskill 100s of Staff — Start Free 👇",Book now,https://speakx.ai/business/healthcare,"Facebook,Instagram","SpeakX Healthcare trains your entire team — automatically:
🎯 Courses built for each role
🤖 AI conversation practice, 24/7
🌍 Support in 9+ languages
📊 Live dashboard to track every learner
Your whole team. Speaking confident English. At scale. 🚀
👉 Start your 7-day FREE trial — tap now!","English Training for Every Department 🏥
Upskill 100s of Staff — Start Free 👇",Book now,https://speakx.ai/business/healthcare,Video,"Facebook,Instagram",1,0,9:16,https://video.fblr20-2.fna.fbcdn.net/o1/v/t2/f2/m366/AQMs-GuEQZ_oUxFf5ULCk0p7_6ygShJm7c9o2oeYMeSXseLdgIglJkvOiJQWJaHrgW9G9HIvizhaHWcoGFYD1-4gtDZLSd9vS8-QEw1PVxk3Pg.mp4?_nc_cat=104&_nc_oc=AdpCwos8a2-jcGXEVcZhq_vXyteIcja0_o4WHA7nGNeNAHqxBafwg7oUhQIcZC58aSsvEtsQXAbxyqQDSvfs2Ae4&_nc_sid=b66105&_nc_ht=video.fblr20-2.fna.fbcdn.net&_nc_ohc=YQGj7FG5i7MQ7kNvwG086HY&efg=eyJ2ZW5jb2RlX3RhZyI6Inhwdl9wcm9ncmVzc2l2ZS5WSV9VU0VDQVNFX1BST0RVQ1RfVFlQRS4uQzMuNzIwLmRhc2hfaDI2NC1iYXNpYy1nZW4yXzcyMHAiLCJ4cHZfYXNzZXRfaWQiOjE1MDgyODg3NTc0MzQ1MjgsImFzc2V0X2FnZV9kYXlzIjoxNiwidmlfdXNlY2FzZV9pZCI6MTA3OTksImR1cmF0aW9uX3MiOjU5LCJ1cmxnZW5fc291cmNlIjoid3d3In0%3D&ccb=17-1&vs=19a9e8c9865fd452&_nc_vs=HBksFQIYRWZiX2VwaGVtZXJhbC81NDRCQzkzOTY0NDQzQjMzQTg4RUFDRjdDQzA3MEQ5OF9tdF8xX3ZpZGVvX2Rhc2hpbml0Lm1wNBUAAsgBEgAVAhhAZmJfcGVybWFuZW50Lzk0NDY5QTNDMjhDMENDNEU1M0YwMTJFNEZGNDgxQ0ExX2F1ZGlvX2Rhc2hpbml0Lm1wNBUCAsgBEgAoABgAGwKIB3VzZV9vaWwBMRJwcm9ncmVzc2l2ZV9yZWNpcGUBMRUAACbAotj5-vGtBRUCKAJDMywXQE3mZmZmZmYYGWRhc2hfaDI2NC1iYXNpYy1nZW4yXzcyMHARAHUAZd6oAQA&_nc_gid=gPwLfinsDrDU7NhpWOZ0rQ&_nc_ss=7f289&_nc_zt=28&oh=00_Af-YrZxruS2hzOUhyy9EVfr1XlV6h_trfbMPS3zE8Un1ZQ&oe=6A463E24,https://scontent.fblr20-4.fna.fbcdn.net/v/t39.35426-6/721463483_3437905793050453_950100451220457873_n.jpg?_nc_cat=103&ccb=1-7&_nc_sid=c53f8f&_nc_ohc=xYE30mjc_PMQ7kNvwEbFjLM&_nc_oc=Adq0NQ7OWFg4Y4uF-FQr05680XR3WmIIaymteA4UrORolH8KGuRr0cgKOyEFueZASeHe2gpkkJorbinogz0TWQSO&_nc_zt=14&_nc_ht=scontent.fblr20-4.fna&_nc_gid=gPwLfinsDrDU7NhpWOZ0rQ&_nc_ss=7f289&oh=00_Af_aRiTtSrIWAQvObiJ6lW9kaR-R3bN_CwrpfP6-wv82mw&oe=6A46440E,2026-07-02T10:32:04.000Z,2026-06-28
234,6,SpeakX,104428871316786,SpeakX English,,IN,2852221428457241,https://www.facebook.com/ads/library/?id=2852221428457241,2026-06-10,,false,false,1,0,,2026-06-10,,"SpeakX Healthcare trains your entire team — automatically:
🎯 Courses built for each role
🤖 AI conversation practice, 24/7
🌍 Support in 9+ languages
📊 Live dashboard to track every learner
Your whole team. Speaking confident English. At scale. 🚀
👉 Start your 7-day FREE trial — tap now!","English Training for Every Department 🏥
Upskill 100s of Staff — Start Free 👇",Book now,https://speakx.ai/business/healthcare,"Facebook,Instagram","SpeakX Healthcare trains your entire team — automatically:
🎯 Courses built for each role
🤖 AI conversation practice, 24/7
🌍 Support in 9+ languages
📊 Live dashboard to track every learner
Your whole team. Speaking confident English. At scale. 🚀
👉 Start your 7-day FREE trial — tap now!","English Training for Every Department 🏥
Upskill 100s of Staff — Start Free 👇",Book now,https://speakx.ai/business/healthcare,Video,"Facebook,Instagram",1,0,9:16,https://video.fblr20-1.fna.fbcdn.net/o1/v/t2/f2/m366/AQPsMMpkWedmc_Cw9mnzaG0sktu1J9_ULrlQ4LsucuUwxY9xZNMAznCFM9XwmmHChYHdmOXgmkDWnNKMw20N5sTfWzVHGX-sKZGuQKbxPm--tQ.mp4?_nc_cat=110&_nc_oc=AdpKab4geMXVsPdA9wgbR70VLGiZGHNJK1XmRXFFHyo2l4UukCEub5jHA00PC5d5TgG_rHVQY17sBeo7hIjbqNXu&_nc_sid=b66105&_nc_ht=video.fblr20-1.fna.fbcdn.net&_nc_ohc=LFVZgqbQ56kQ7kNvwGAm2Re&efg=eyJ2ZW5jb2RlX3RhZyI6Inhwdl9wcm9ncmVzc2l2ZS5WSV9VU0VDQVNFX1BST0RVQ1RfVFlQRS4uQzMuNzIwLmRhc2hfaDI2NC1iYXNpYy1nZW4yXzcyMHAiLCJ4cHZfYXNzZXRfaWQiOjEzNDU3Njc4MTEwODg0NjEsImFzc2V0X2FnZV9kYXlzIjoxNiwidmlfdXNlY2FzZV9pZCI6MTA3OTksImR1cmF0aW9uX3MiOjUxLCJ1cmxnZW5fc291cmNlIjoid3d3In0%3D&ccb=17-1&vs=cbaf6be845789029&_nc_vs=HBksFQIYRWZiX2VwaGVtZXJhbC84RTQzQzk5REQzQTNDMDIwMjhDMjk4OUMzQUU2RUY4RF9tdF8xX3ZpZGVvX2Rhc2hpbml0Lm1wNBUAAsgBEgAVAhhAZmJfcGVybWFuZW50Lzk3NDVGOTQ5QUJGMzREMjk0OTJBNDFCNTlDQzVCNDhGX2F1ZGlvX2Rhc2hpbml0Lm1wNBUCAsgBEgAoABgAGwKIB3VzZV9vaWwBMRJwcm9ncmVzc2l2ZV9yZWNpcGUBMRUAACaagaTF__3jBBUCKAJDMywXQEn7peNT988YGWRhc2hfaDI2NC1iYXNpYy1nZW4yXzcyMHARAHUAZd6oAQA&_nc_gid=gPwLfinsDrDU7NhpWOZ0rQ&_nc_ss=7f289&_nc_zt=28&oh=00_Af-IXmExYaSz8KHc23R2xEcs1SJWNXjKd6B7QOnNSdTkhw&oe=6A465D22,https://scontent.fblr20-4.fna.fbcdn.net/v/t39.35426-6/721415706_1619962889072389_2654345415213504510_n.jpg?_nc_cat=103&ccb=1-7&_nc_sid=c53f8f&_nc_ohc=Nh3z7u-tp48Q7kNvwFBGqh7&_nc_oc=Adrc_Ew7UKtGBvHOFBdsA3TAclacXv3wj3NLs8e1o7XkSphh8CIM9BPliceQgzxHno__FeqeaX5G0k13EnFWv9FO&_nc_zt=14&_nc_ht=scontent.fblr20-4.fna&_nc_gid=gPwLfinsDrDU7NhpWOZ0rQ&_nc_ss=7f289&oh=00_Af9791R9Z32jKYKM6W4AdM8yz1dIs1IVTh_taArpye5J8A&oe=6A46504E,2026-07-02T12:44:18.000Z,2026-06-28
235,7,SpeakX,104428871316786,SpeakX English,,IN,1341185267964259,https://www.facebook.com/ads/library/?id=1341185267964259,2026-06-21,,false,false,1,0,,2026-06-21,,"SpeakX Healthcare trains your entire team — automatically:
🎯 Courses built for each role
🤖 AI conversation practice, 24/7
🌍 Support in 9+ languages
📊 Live dashboard to track every learner
Your whole team. Speaking confident English. At scale. 🚀
👉 Start your 7-day FREE trial — tap now!","English Training for Every Department 🏥
Upskill 100s of Staff — Start Free 👇",Book now,https://speakx.ai/business/healthcare,"Facebook,Instagram","SpeakX Healthcare trains your entire team — automatically:
🎯 Courses built for each role
🤖 AI conversation practice, 24/7
🌍 Support in 9+ languages
📊 Live dashboard to track every learner
Your whole team. Speaking confident English. At scale. 🚀
👉 Start your 7-day FREE trial — tap now!","English Training for Every Department 🏥
Upskill 100s of Staff — Start Free 👇",Book now,https://speakx.ai/business/healthcare,Image,"Facebook,Instagram",1,0,9:16,,https://scontent.fblr20-4.fna.fbcdn.net/v/t39.35426-6/727490611_27204214302578616_5895961218595056952_n.jpg?_nc_cat=103&ccb=1-7&_nc_sid=c53f8f&_nc_ohc=Xact3CSAjX8Q7kNvwHTBBzz&_nc_oc=AdpUQLzhN_lL8grEvTESZ0Vu38SvmYiScf2PJ8Y1H9KFMaQS3YQWjJwsATbAKniikL0Ar5q_RuL9elGPsGr4WMXg&_nc_zt=14&_nc_ht=scontent.fblr20-4.fna&_nc_gid=gPwLfinsDrDU7NhpWOZ0rQ&_nc_ss=7f289&oh=00_Af8sKAbtCDZIB2nZ3aGUOBzQT4nGPqo9ixJcTlXHP-Z7BQ&oe=6A46598E,2026-07-02T12:29:02.000Z,2026-06-28
236,8,SpeakX,104428871316786,SpeakX English,,IN,985249144363806,https://www.facebook.com/ads/library/?id=985249144363806,2026-06-10,,false,false,1,0,,2026-06-10,,"SpeakX Healthcare trains your entire team — automatically:
🎯 Courses built for each role
🤖 AI conversation practice, 24/7
🌍 Support in 9+ languages
📊 Live dashboard to track every learner
Your whole team. Speaking confident English. At scale. 🚀
👉 Start your 7-day FREE trial — tap now!","English Training for Every Department 🏥
Upskill 100s of Staff — Start Free 👇",Book now,https://speakx.ai/business/healthcare,"Facebook,Instagram","SpeakX Healthcare trains your entire team — automatically:
🎯 Courses built for each role
🤖 AI conversation practice, 24/7
🌍 Support in 9+ languages
📊 Live dashboard to track every learner
Your whole team. Speaking confident English. At scale. 🚀
👉 Start your 7-day FREE trial — tap now!","English Training for Every Department 🏥
Upskill 100s of Staff — Start Free 👇",Book now,https://speakx.ai/business/healthcare,Video,"Facebook,Instagram",1,0,9:16,https://video.fblr20-4.fna.fbcdn.net/o1/v/t2/f2/m366/AQPhjFTz1_nCB5QL6c-ZuZr9dwnSvxxVQz4w1a5gpKMlVgCUvFFz7wApWl6Z7vg0D2pMgi6KvBR6ZTP2yg3AbMMqRv-IcysIgwwpBsu_pwnRbA.mp4?_nc_cat=106&_nc_oc=AdqJjiYfuzYwHKCN3dWBhr-WkiRWyP5tnK4z_kLYTHDJVKhNxP7N03KSucEHzKD6Sk7ZuChFPanEz6--U0NJzYER&_nc_sid=b66105&_nc_ht=video.fblr20-4.fna.fbcdn.net&_nc_ohc=DoWqlwwTxmkQ7kNvwEKWwK3&efg=eyJ2ZW5jb2RlX3RhZyI6Inhwdl9wcm9ncmVzc2l2ZS5WSV9VU0VDQVNFX1BST0RVQ1RfVFlQRS4uQzMuNzIwLmRhc2hfaDI2NC1iYXNpYy1nZW4yXzcyMHAiLCJ4cHZfYXNzZXRfaWQiOjIyNzM4MzcxMzMzNjEyNzMsImFzc2V0X2FnZV9kYXlzIjoxNiwidmlfdXNlY2FzZV9pZCI6MTA3OTksImR1cmF0aW9uX3MiOjY4LCJ1cmxnZW5fc291cmNlIjoid3d3In0%3D&ccb=17-1&vs=b200372b00770d63&_nc_vs=HBksFQIYRWZiX2VwaGVtZXJhbC83NTQwNTZBQzJEMzExNzJBMjkyRTExODhGMTY2MEVBOF9tdF8xX3ZpZGVvX2Rhc2hpbml0Lm1wNBUAAsgBEgAVAhhAZmJfcGVybWFuZW50L0I4NDczNTVBMDdCMzhFMkM1MDk3ODYwMTlGRDFDNDg2X2F1ZGlvX2Rhc2hpbml0Lm1wNBUCAsgBEgAoABgAGwKIB3VzZV9vaWwBMRJwcm9ncmVzc2l2ZV9yZWNpcGUBMRUAACbywePp3oKKCBUCKAJDMywXQFEIgxJul40YGWRhc2hfaDI2NC1iYXNpYy1nZW4yXzcyMHARAHUAZd6oAQA&_nc_gid=gPwLfinsDrDU7NhpWOZ0rQ&_nc_ss=7f289&_nc_zt=28&oh=00_Af-no04OegdX44NQEA3bOAIzHjtRr6ePkRdDpRsSbnJcnQ&oe=6A46598E,https://scontent.fblr20-4.fna.fbcdn.net/v/t39.35426-6/720101166_829626873331191_230604182677064095_n.jpg?_nc_cat=101&ccb=1-7&_nc_sid=c53f8f&_nc_ohc=By3_ON2Pc5MQ7kNvwEy7fdi&_nc_oc=AdqH4Lyol79hjxVWAu-rV204YPK-kbQPUGWTZKSG1ibXJXWkOmB75vG9fi8Uo0PRi7LmF-i4asO8TiWumY82tSRW&_nc_zt=14&_nc_ht=scontent.fblr20-4.fna&_nc_gid=gPwLfinsDrDU7NhpWOZ0rQ&_nc_ss=7f289&oh=00_Af90RC-E5Xvq8m6KjmBLYhaGYhjDXijneckyyWb9U26H8Q&oe=6A464492,2026-07-02T12:29:02.000Z,2026-06-28
237,9,SpeakX,104428871316786,SpeakX English,,IN,1031255179567911,https://www.facebook.com/ads/library/?id=1031255179567911,2026-06-10,,false,false,1,0,,2026-06-10,,"SpeakX Healthcare trains your entire team — automatically:
🎯 Courses built for each role
🤖 AI conversation practice, 24/7
🌍 Support in 9+ languages
📊 Live dashboard to track every learner
Your whole team. Speaking confident English. At scale. 🚀
👉 Start your 7-day FREE trial — tap now!","English Training for Every Department 🏥
Upskill 100s of Staff — Start Free 👇",Book now,https://speakx.ai/business/healthcare,"Facebook,Instagram","SpeakX Healthcare trains your entire team — automatically:
🎯 Courses built for each role
🤖 AI conversation practice, 24/7
🌍 Support in 9+ languages
📊 Live dashboard to track every learner
Your whole team. Speaking confident English. At scale. 🚀
👉 Start your 7-day FREE trial — tap now!","English Training for Every Department 🏥
Upskill 100s of Staff — Start Free 👇",Book now,https://speakx.ai/business/healthcare,Video,"Facebook,Instagram",1,0,9:16,https://video.fblr20-1.fna.fbcdn.net/o1/v/t2/f2/m366/AQMMGWI0USijXuw5f_-0i9hCO9WIbJHFVz18AX8hruHuo4WTpEY9dGOP3xYFwga-IxbamYFp-CZLOhW1G6nNHHEDQy4FwW7yaoqVOQ3KIxMceQ.mp4?_nc_cat=110&_nc_oc=AdpRDQipCa5NuEtGLK6s_q8BBqE_NLbf6-Q8g1YZhLWLq7UPDJQxuVWMafvK--nex3l6mtCKXKd8WgvvbVKAuYD8&_nc_sid=b66105&_nc_ht=video.fblr20-1.fna.fbcdn.net&_nc_ohc=LZJX7fOE0W4Q7kNvwEpVl8G&efg=eyJ2ZW5jb2RlX3RhZyI6Inhwdl9wcm9ncmVzc2l2ZS5WSV9VU0VDQVNFX1BST0RVQ1RfVFlQRS4uQzMuNzIwLmRhc2hfaDI2NC1iYXNpYy1nZW4yXzcyMHAiLCJ4cHZfYXNzZXRfaWQiOjEwMDA0MzgwODkwNTIxNzksImFzc2V0X2FnZV9kYXlzIjoyMCwidmlfdXNlY2FzZV9pZCI6MTA3OTksImR1cmF0aW9uX3MiOjg3LCJ1cmxnZW5fc291cmNlIjoid3d3In0%3D&ccb=17-1&vs=1deb128f5e5a26e1&_nc_vs=HBksFQIYRWZiX2VwaGVtZXJhbC84MDRDQzZFNzQ5MTRDODE4MzYzMzAzQUZCRjFDMkRBNF9tdF8xX3ZpZGVvX2Rhc2hpbml0Lm1wNBUAAsgBEgAVAhhAZmJfcGVybWFuZW50LzZENDQ2NEVEQTMxNTMzMjY2NEM1RjY4QjA3RUI4MzlGX2F1ZGlvX2Rhc2hpbml0Lm1wNBUCAsgBEgAoABgAGwKIB3VzZV9vaWwBMRJwcm9ncmVzc2l2ZV9yZWNpcGUBMRUAACamwNfOlPnGAxUCKAJDMywXQFXy8an7520YGWRhc2hfaDI2NC1iYXNpYy1nZW4yXzcyMHARAHUAZd6oAQA&_nc_gid=gPwLfinsDrDU7NhpWOZ0rQ&_nc_ss=7f289&_nc_zt=28&oh=00_Af8kOwSLpPNAaHjLeUM1OhLkG0QurGPrqOXQpll-4soMRw&oe=6A462E8E,https://scontent.fblr20-1.fna.fbcdn.net/v/t39.35426-6/720467650_1319804596295428_258607667685914175_n.jpg?_nc_cat=110&ccb=1-7&_nc_sid=c53f8f&_nc_ohc=vbGqk_wBB10Q7kNvwG10HK9&_nc_oc=Adouukr7q6_bL84gtW_nabD5fbphVzN6cAZWR3oTslbiRpTua_pZPlTT_C7ryn9-0B0Er5kMCyaCke63KlybFpE-&_nc_zt=14&_nc_ht=scontent.fblr20-1.fna&_nc_gid=gPwLfinsDrDU7NhpWOZ0rQ&_nc_ss=7f289&oh=00_Af8XaS6i0ZHBGf10darRD4OXlCd7DZTFCVXnFHF2S7DbBg&oe=6A4635EF,2026-07-02T09:25:34.000Z,2026-06-28
238,10,SpeakX,104428871316786,SpeakX English,,IN,2304650336940476,https://www.facebook.com/ads/library/?id=2304650336940476,2026-06-21,,false,false,1,0,,2026-06-21,,"SpeakX Healthcare trains your entire team — automatically:
🎯 Courses built for each role
🤖 AI conversation practice, 24/7
🌍 Support in 9+ languages
📊 Live dashboard to track every learner
Your whole team. Speaking confident English. At scale. 🚀
👉 Start your 7-day FREE trial — tap now!","English Training for Every Department 🏥
Upskill 100s of Staff — Start Free 👇",Book now,https://speakx.ai/business/healthcare,"Facebook,Instagram","SpeakX Healthcare trains your entire team — automatically:
🎯 Courses built for each role
🤖 AI conversation practice, 24/7
🌍 Support in 9+ languages
📊 Live dashboard to track every learner
Your whole team. Speaking confident English. At scale. 🚀
👉 Start your 7-day FREE trial — tap now!","English Training for Every Department 🏥
Upskill 100s of Staff — Start Free 👇",Book now,https://speakx.ai/business/healthcare,Image,"Facebook,Instagram",1,0,9:16,,https://scontent.fblr20-3.fna.fbcdn.net/v/t39.35426-6/726405833_1701653201167409_8948662398678577201_n.jpg?_nc_cat=100&ccb=1-7&_nc_sid=c53f8f&_nc_ohc=N33ODQdrolQQ7kNvwEyqqNj&_nc_oc=Adq1jZ2mACcEJc1XoYzZ_pe1SgR5kFiOUzWpU_HxBKfukK754skbH7_Kh-lB4qEw4f9aTIfh2fQKeA2soQqqBJ-r&_nc_zt=14&_nc_ht=scontent.fblr20-3.fna&_nc_gid=gPwLfinsDrDU7NhpWOZ0rQ&_nc_ss=7f289&oh=00_Af9EB_qEqcO8US-phCUYcm6pEzULzK9HuLhQpO0wg3cBnw&oe=6A4659A3,2026-07-02T12:29:23.000Z,2026-06-28
239,11,SpeakX,104428871316786,SpeakX English,,IN,933981069692312,https://www.facebook.com/ads/library/?id=933981069692312,2026-06-11,,false,false,1,0,,2026-06-11,,"SpeakX Healthcare trains your entire team — automatically:
🎯 Courses built for each role
🤖 AI conversation practice, 24/7
🌍 Support in 9+ languages
📊 Live dashboard to track every learner
Your whole team. Speaking confident English. At scale. 🚀
👉 Start your 7-day FREE trial — tap now!","English Training for Every Department 🏥
Upskill 100s of Staff — Start Free 👇",Book now,https://speakx.ai/business/healthcare,"Facebook,Instagram","SpeakX Healthcare trains your entire team — automatically:
🎯 Courses built for each role
🤖 AI conversation practice, 24/7
🌍 Support in 9+ languages
📊 Live dashboard to track every learner
Your whole team. Speaking confident English. At scale. 🚀
👉 Start your 7-day FREE trial — tap now!","English Training for Every Department 🏥
Upskill 100s of Staff — Start Free 👇",Book now,https://speakx.ai/business/healthcare,Video,"Facebook,Instagram",1,0,9:16,https://video.fblr20-4.fna.fbcdn.net/o1/v/t2/f2/m366/AQP9Z1jTxHFno2hjRT1H1VkK1tzOb5r0iYxaZkwkiD7cLUBtisueu8oapGoYI-lbwA0FOogpFtzIRdR6vZ3E47J12-in6ojoY0fnRr8jZr5zeg.mp4?_nc_cat=101&_nc_oc=AdoN3kjpXQTFutlFmchAM0wt5qx6t-oTWx1e-M3QiIBdTQO4V9e9iMwuB6Kd6DjWU6hdvoeyDo5PkSXbXDUH6Jyq&_nc_sid=b66105&_nc_ht=video.fblr20-4.fna.fbcdn.net&_nc_ohc=McBOp1b719wQ7kNvwH9fiOb&efg=eyJ2ZW5jb2RlX3RhZyI6Inhwdl9wcm9ncmVzc2l2ZS5WSV9VU0VDQVNFX1BST0RVQ1RfVFlQRS4uQzMuNzIwLmRhc2hfaDI2NC1iYXNpYy1nZW4yXzcyMHAiLCJ4cHZfYXNzZXRfaWQiOjE3MTc3MjMzOTk0NDY1NzcsImFzc2V0X2FnZV9kYXlzIjoyMCwidmlfdXNlY2FzZV9pZCI6MTA3OTksImR1cmF0aW9uX3MiOjY2LCJ1cmxnZW5fc291cmNlIjoid3d3In0%3D&ccb=17-1&vs=12a64ab7f7d4b0cf&_nc_vs=HBksFQIYRWZiX2VwaGVtZXJhbC9DQzQ0MEJFRDBDQzI0QkY4Q0U4Mjc2RjQzNjgzRDdBMV9tdF8xX3ZpZGVvX2Rhc2hpbml0Lm1wNBUAAsgBEgAVAhhAZmJfcGVybWFuZW50LzZFNENGNkRFMzc5QkQzN0ZFRDlFNzhGN0M0ODM1QThGX2F1ZGlvX2Rhc2hpbml0Lm1wNBUCAsgBEgAoABgAGwKIB3VzZV9vaWwBMRJwcm9ncmVzc2l2ZV9yZWNpcGUBMRUAACbigN_Q1JCNBhUCKAJDMywXQFCEOVgQYk4YGWRhc2hfaDI2NC1iYXNpYy1nZW4yXzcyMHARAHUAZd6oAQA&_nc_gid=gPwLfinsDrDU7NhpWOZ0rQ&_nc_ss=7f289&_nc_zt=28&oh=00_Af9sOsmy6-IvSTGfHJI62oWTMObNPIRBKKrZWrDiP_O--g&oe=6A462AAF,https://scontent.fblr20-5.fna.fbcdn.net/v/t39.35426-6/720074717_27754579210814308_1458615085965598239_n.jpg?_nc_cat=107&ccb=1-7&_nc_sid=c53f8f&_nc_ohc=yzlFK55v8LAQ7kNvwGvH5OT&_nc_oc=AdqCiA6NYjQrj5zyOVwv0j3GQEzk4fT5UDBjSb0NH7j7J7hc9eep_D-yGDKSJycntDK3OCRrXUwma_0wqSlUprLA&_nc_zt=14&_nc_ht=scontent.fblr20-5.fna&_nc_gid=gPwLfinsDrDU7NhpWOZ0rQ&_nc_ss=7f289&oh=00_Af-Djg95xA_dLoLMhWmMETXya-5Wpf8ZqsJJbEVVnHgrEQ&oe=6A46298A,2026-07-02T09:09:03.000Z,2026-06-28
240,12,SpeakX,104428871316786,SpeakX English,,IN,845484834915284,https://www.facebook.com/ads/library/?id=845484834915284,2026-06-10,,false,false,1,0,,2026-06-10,,"SpeakX Healthcare trains your entire team — automatically:
🎯 Courses built for each role
🤖 AI conversation practice, 24/7
🌍 Support in 9+ languages
📊 Live dashboard to track every learner
Your whole team. Speaking confident English. At scale. 🚀
👉 Start your 7-day FREE trial — tap now!","English Training for Every Department 🏥
Upskill 100s of Staff — Start Free 👇",Book now,https://speakx.ai/business/healthcare,"Facebook,Instagram","SpeakX Healthcare trains your entire team — automatically:
🎯 Courses built for each role
🤖 AI conversation practice, 24/7
🌍 Support in 9+ languages
📊 Live dashboard to track every learner
Your whole team. Speaking confident English. At scale. 🚀
👉 Start your 7-day FREE trial — tap now!","English Training for Every Department 🏥
Upskill 100s of Staff — Start Free 👇",Book now,https://speakx.ai/business/healthcare,Video,"Facebook,Instagram",1,0,9:16,https://video.fblr20-5.fna.fbcdn.net/o1/v/t2/f2/m366/AQMOjOG6fZu-eXVj6k_pE9Jzi2qlnql9HVwfQ9ZKXpSHCiq5D8Cw7wUyqMixsWsqV9tO6mmgXj89ct8XINnKMsK8JRN4FiX6-v3Z5ODYSNpXAg.mp4?_nc_cat=107&_nc_oc=AdphrcZVn8cbh351DV2xvq58sneWpQsOG4q4ZgDo-V3MXIMSWyBYCmdbjMOYiT3Mxi-KJcio9VHu5zaZOunfvgsZ&_nc_sid=b66105&_nc_ht=video.fblr20-5.fna.fbcdn.net&_nc_ohc=EjzXvlBy_HcQ7kNvwE_kDA5&efg=eyJ2ZW5jb2RlX3RhZyI6Inhwdl9wcm9ncmVzc2l2ZS5WSV9VU0VDQVNFX1BST0RVQ1RfVFlQRS4uQzMuNzIwLmRhc2hfaDI2NC1iYXNpYy1nZW4yXzcyMHAiLCJ4cHZfYXNzZXRfaWQiOjE1NjA0MTI2MjkwMDc4OTQsImFzc2V0X2FnZV9kYXlzIjoxNiwidmlfdXNlY2FzZV9pZCI6MTA3OTksImR1cmF0aW9uX3MiOjYxLCJ1cmxnZW5fc291cmNlIjoid3d3In0%3D&ccb=17-1&vs=469e65d828ba5b49&_nc_vs=HBksFQIYRWZiX2VwaGVtZXJhbC81NDRCNzUzRTNBNUYxQ0ZBMkYzNjgxNzQ3MEE0MTJBN19tdF8xX3ZpZGVvX2Rhc2hpbml0Lm1wNBUAAsgBEgAVAhhAZmJfcGVybWFuZW50LzIwNEQzQzI1OUVEQzlDMjlCMEU2RTQ4QjVENTZBNEFDX2F1ZGlvX2Rhc2hpbml0Lm1wNBUCAsgBEgAoABgAGwKIB3VzZV9vaWwBMRJwcm9ncmVzc2l2ZV9yZWNpcGUBMRUAACas-KOH_MvFBRUCKAJDMywXQE6mZmZmZmYYGWRhc2hfaDI2NC1iYXNpYy1nZW4yXzcyMHARAHUAZd6oAQA&_nc_gid=gPwLfinsDrDU7NhpWOZ0rQ&_nc_ss=7f289&_nc_zt=28&oh=00_Af-dH72OK9CIw3wCnvjMHilojpFZHDvu_hXnjwxnTSBJGw&oe=6A4637ED,https://scontent.fblr20-3.fna.fbcdn.net/v/t39.35426-6/723144649_1658381415385707_4392975306804278666_n.jpg?_nc_cat=100&ccb=1-7&_nc_sid=c53f8f&_nc_ohc=pgt3JYogUhYQ7kNvwHOKeez&_nc_oc=AdoNn0cirAO-JWSqNMfbWBpTlocx80PSpPiVLqeUnKwWwLP7X3zpe8elkTFS5QHYp2E_0agsx407z5N6eDDy39PQ&_nc_zt=14&_nc_ht=scontent.fblr20-3.fna&_nc_gid=gPwLfinsDrDU7NhpWOZ0rQ&_nc_ss=7f289&oh=00_Af-gk6qkQPz3EQdPgOqiHN9y1S06o1W_h0XTUQNwlAJCPw&oe=6A464B5C,2026-07-02T10:05:33.000Z,2026-06-28
241,13,SpeakX,104428871316786,SpeakX English,,IN,1022383650256237,https://www.facebook.com/ads/library/?id=1022383650256237,2026-06-21,,false,false,1,0,,2026-06-21,,"SpeakX Healthcare trains your entire team — automatically:
🎯 Courses built for each role
🤖 AI conversation practice, 24/7
🌍 Support in 9+ languages
📊 Live dashboard to track every learner
Your whole team. Speaking confident English. At scale. 🚀
👉 Start your 7-day FREE trial — tap now!","English Training for Every Department 🏥
Upskill 100s of Staff — Start Free 👇",Book now,https://speakx.ai/business/healthcare,"Facebook,Instagram","SpeakX Healthcare trains your entire team — automatically:
🎯 Courses built for each role
🤖 AI conversation practice, 24/7
🌍 Support in 9+ languages
📊 Live dashboard to track every learner
Your whole team. Speaking confident English. At scale. 🚀
👉 Start your 7-day FREE trial — tap now!","English Training for Every Department 🏥
Upskill 100s of Staff — Start Free 👇",Book now,https://speakx.ai/business/healthcare,Image,"Facebook,Instagram",1,0,9:16,,https://scontent.fblr20-4.fna.fbcdn.net/v/t39.35426-6/726350050_1733429124350275_5835043273543436665_n.jpg?_nc_cat=103&ccb=1-7&_nc_sid=c53f8f&_nc_ohc=gQVoJFRgvsgQ7kNvwHT21u_&_nc_oc=AdomuKecVo8VeUK1Bfw59QVgY5GxUODLJQ2CrvI5hwStQEG9k01nMQ0UncFP3PPglmlmP4-2YOhYm-HTTMQjen5S&_nc_zt=14&_nc_ht=scontent.fblr20-4.fna&_nc_gid=gPwLfinsDrDU7NhpWOZ0rQ&_nc_ss=7f289&oh=00_Af90VS7ltAgRLA_wPeK5aE3_H_9FcQFqyndzG7hR7_iCLg&oe=6A4652DF,2026-07-02T12:00:31.000Z,2026-06-28
242,14,SpeakX,104428871316786,SpeakX English,,IN,1551047923410116,https://www.facebook.com/ads/library/?id=1551047923410116,2026-06-10,,false,false,1,0,,2026-06-10,,"SpeakX Healthcare trains your entire team — automatically:
🎯 Courses built for each role
🤖 AI conversation practice, 24/7
🌍 Support in 9+ languages
📊 Live dashboard to track every learner
Your whole team. Speaking confident English. At scale. 🚀
👉 Start your 7-day FREE trial — tap now!","English Training for Every Department 🏥
Upskill 100s of Staff — Start Free 👇",Book now,https://speakx.ai/business/healthcare,"Facebook,Instagram","SpeakX Healthcare trains your entire team — automatically:
🎯 Courses built for each role
🤖 AI conversation practice, 24/7
🌍 Support in 9+ languages
📊 Live dashboard to track every learner
Your whole team. Speaking confident English. At scale. 🚀
👉 Start your 7-day FREE trial — tap now!","English Training for Every Department 🏥
Upskill 100s of Staff — Start Free 👇",Book now,https://speakx.ai/business/healthcare,Image,"Facebook,Instagram",1,0,9:16,,https://scontent.fblr20-1.fna.fbcdn.net/v/t39.35426-6/722407872_2009894726289467_2867284875384179161_n.jpg?_nc_cat=108&ccb=1-7&_nc_sid=c53f8f&_nc_ohc=2W16-nYtBtcQ7kNvwHzqJst&_nc_oc=Adr6vKABefz_9ZXCO7gjMI-AI1XQCwQX3AEKH7lm_6YoGi9cM2tYRinHs4k9LOn_PQqjRgie_uuc9Ig1RGNuZ2yt&_nc_zt=14&_nc_ht=scontent.fblr20-1.fna&_nc_gid=gPwLfinsDrDU7NhpWOZ0rQ&_nc_ss=7f289&oh=00_Af-8GYSDKhGB08j16_r2TIv4bvHAFPqK9wfu5innnrHuQA&oe=6A462E2D,2026-07-02T09:23:57.000Z,2026-06-28
243,15,SpeakX,104428871316786,SpeakX English,,IN,1318839933771493,https://www.facebook.com/ads/library/?id=1318839933771493,2026-06-10,,false,false,1,0,,2026-06-10,,"SpeakX Healthcare trains your entire team — automatically:
🎯 Courses built for each role
🤖 AI conversation practice, 24/7
🌍 Support in 9+ languages
📊 Live dashboard to track every learner
Your whole team. Speaking confident English. At scale. 🚀
👉 Start your 7-day FREE trial — tap now!","English Training for Every Department 🏥
Upskill 100s of Staff — Start Free 👇",Book now,https://speakx.ai/business/healthcare,"Facebook,Instagram","SpeakX Healthcare trains your entire team — automatically:
🎯 Courses built for each role
🤖 AI conversation practice, 24/7
🌍 Support in 9+ languages
📊 Live dashboard to track every learner
Your whole team. Speaking confident English. At scale. 🚀
👉 Start your 7-day FREE trial — tap now!","English Training for Every Department 🏥
Upskill 100s of Staff — Start Free 👇",Book now,https://speakx.ai/business/healthcare,Video,"Facebook,Instagram",1,0,9:16,https://video.fblr20-2.fna.fbcdn.net/o1/v/t2/f2/m366/AQN0WhyY68iMRK9m7pT4TO00Odj1H8BbrkvB5qJMe_7fW--qQUdnma7pQEsxMXOzZV2QGJHwATFk8s3GltO0qGiGHeWZKGQ7gJwNJyKSPH9bAg.mp4?_nc_cat=102&_nc_oc=AdoLgu_OYn8YNHbDtpbfupVB8JM3uh0x9YM4By_sLC5BfUQovF4ZSluxkGrjJV3Tcu-h7WhvRBlEj9wWuDrgv0Q6&_nc_sid=b66105&_nc_ht=video.fblr20-2.fna.fbcdn.net&_nc_ohc=YZ2AHqccHN0Q7kNvwFUzn1B&efg=eyJ2ZW5jb2RlX3RhZyI6Inhwdl9wcm9ncmVzc2l2ZS5WSV9VU0VDQVNFX1BST0RVQ1RfVFlQRS4uQzMuNzIwLmRhc2hfaDI2NC1iYXNpYy1nZW4yXzcyMHAiLCJ4cHZfYXNzZXRfaWQiOjMyNzA5MTA5Mzk3NzY5OTEsImFzc2V0X2FnZV9kYXlzIjoxNiwidmlfdXNlY2FzZV9pZCI6MTA3OTksImR1cmF0aW9uX3MiOjU4LCJ1cmxnZW5fc291cmNlIjoid3d3In0%3D&ccb=17-1&vs=290f5b15283cd015&_nc_vs=HBksFQIYRWZiX2VwaGVtZXJhbC8zODQ4Q0YyMjcyMEE0MjU3MTJGMTVDRTk5ODFGODRCQV9tdF8xX3ZpZGVvX2Rhc2hpbml0Lm1wNBUAAsgBEgAVAhhAZmJfcGVybWFuZW50Lzk4NEREMzAzNDZDMURFNkRGQzM1RENENkM0MkVBNDg5X2F1ZGlvX2Rhc2hpbml0Lm1wNBUCAsgBEgAoABgAGwKIB3VzZV9vaWwBMRJwcm9ncmVzc2l2ZV9yZWNpcGUBMRUAACa-n8LKibjPCxUCKAJDMywXQE07peNT988YGWRhc2hfaDI2NC1iYXNpYy1nZW4yXzcyMHARAHUAZd6oAQA&_nc_gid=gPwLfinsDrDU7NhpWOZ0rQ&_nc_ss=7f289&_nc_zt=28&oh=00_Af8IwYx_pqKpaiTqUUuqwncW9nRMVnYYZ2ETdWnoUrTKdg&oe=6A462EC6,https://scontent.fblr20-3.fna.fbcdn.net/v/t39.35426-6/722098037_995893889971126_3130566512950080190_n.jpg?_nc_cat=100&ccb=1-7&_nc_sid=c53f8f&_nc_ohc=YCI0fngXJBsQ7kNvwH0Zj_B&_nc_oc=AdpRrXD1nLv8JjurZXMi38OFL3Hvq_ibWh28sy9gfLKdHojUOiDd0uwSphHvO479o5tFE3HSchUpqpbrRNjVz1cD&_nc_zt=14&_nc_ht=scontent.fblr20-3.fna&_nc_gid=gPwLfinsDrDU7NhpWOZ0rQ&_nc_ss=7f289&oh=00_Af8kYdGq6JNUWQ_nJUgIuAQFBGhQDSnLkGK5n5Ivq1MaLQ&oe=6A462B51,2026-07-02T09:26:30.000Z,2026-06-28
244,16,SpeakX,104428871316786,SpeakX English,,IN,1513995210370651,https://www.facebook.com/ads/library/?id=1513995210370651,2026-06-10,,false,false,1,0,,2026-06-10,,"SpeakX Healthcare trains your entire team — automatically:
🎯 Courses built for each role
🤖 AI conversation practice, 24/7
🌍 Support in 9+ languages
📊 Live dashboard to track every learner
Your whole team. Speaking confident English. At scale. 🚀
👉 Start your 7-day FREE trial — tap now!","English Training for Every Department 🏥
Upskill 100s of Staff — Start Free 👇",Book now,https://speakx.ai/business/healthcare,"Facebook,Instagram","SpeakX Healthcare trains your entire team — automatically:
🎯 Courses built for each role
🤖 AI conversation practice, 24/7
🌍 Support in 9+ languages
📊 Live dashboard to track every learner
Your whole team. Speaking confident English. At scale. 🚀
👉 Start your 7-day FREE trial — tap now!","English Training for Every Department 🏥
Upskill 100s of Staff — Start Free 👇",Book now,https://speakx.ai/business/healthcare,Video,"Facebook,Instagram",1,0,9:16,https://video.fblr20-3.fna.fbcdn.net/o1/v/t2/f2/m366/AQOJPgy8vmnoglBQkslggfosKpoJJNzcKEza6-9XTJMP_uF76u2dcnbDcsO3SBmZAbVAIuy6kHa1ugYd4hhhLOc0z1RQD4NnxvQhIt3sMXezGg.mp4?_nc_cat=100&_nc_oc=AdpHv4z0aXEfIREHb-2kVtSNi8flI8HQ54zvEd3P2wbuo88HXpRb25HYX_eT8-gCbaZplwfmYk2shvKQ-LLLbcRr&_nc_sid=b66105&_nc_ht=video.fblr20-3.fna.fbcdn.net&_nc_ohc=mJPLkbhsuZgQ7kNvwH2-XAY&efg=eyJ2ZW5jb2RlX3RhZyI6Inhwdl9wcm9ncmVzc2l2ZS5WSV9VU0VDQVNFX1BST0RVQ1RfVFlQRS4uQzMuNzIwLmRhc2hfaDI2NC1iYXNpYy1nZW4yXzcyMHAiLCJ4cHZfYXNzZXRfaWQiOjEzNzUzOTYzMDc4MTk4MzgsImFzc2V0X2FnZV9kYXlzIjoxNiwidmlfdXNlY2FzZV9pZCI6MTA3OTksImR1cmF0aW9uX3MiOjU5LCJ1cmxnZW5fc291cmNlIjoid3d3In0%3D&ccb=17-1&vs=cb8e639184f02d8e&_nc_vs=HBksFQIYRWZiX2VwaGVtZXJhbC9BMDQ4NzIzRkRDQjlCNzNCMTZCQjVCMDYyREFGOUVBQV9tdF8xX3ZpZGVvX2Rhc2hpbml0Lm1wNBUAAsgBEgAVAhhAZmJfcGVybWFuZW50LzBCNDAzNkRGRTBFQjc4RjE2N0NCMjA2QUVGQ0QzN0JGX2F1ZGlvX2Rhc2hpbml0Lm1wNBUCAsgBEgAoABgAGwKIB3VzZV9vaWwBMRJwcm9ncmVzc2l2ZV9yZWNpcGUBMRUAACb89NKFzbrxBBUCKAJDMywXQE2VP3ztkWgYGWRhc2hfaDI2NC1iYXNpYy1nZW4yXzcyMHARAHUAZd6oAQA&_nc_gid=gPwLfinsDrDU7NhpWOZ0rQ&_nc_ss=7f289&_nc_zt=28&oh=00_Af-V8pRiB_xO7xbBnsiqt-KzPBndumyt5SpJsoEr2YrHxw&oe=6A465A30,https://scontent.fblr20-2.fna.fbcdn.net/v/t39.35426-6/719648612_26793933020288911_5088081760351493825_n.jpg?_nc_cat=102&ccb=1-7&_nc_sid=c53f8f&_nc_ohc=a8v_NK1ww2MQ7kNvwH2fxOe&_nc_oc=Ado0je4cBIkEr3tpci1nJDeByHgB7TzpqIEGyMZlFAptSQSeGYodgOouAKIeVXqvxsqq0hhpDOFu0KSYQz56jb6T&_nc_zt=14&_nc_ht=scontent.fblr20-2.fna&_nc_gid=gPwLfinsDrDU7NhpWOZ0rQ&_nc_ss=7f289&oh=00_Af_86Nc-qNfscVR-rmxnRwSiJJ45yaWFHirvjgrTuLXiVg&oe=6A465BF5,2026-07-02T12:31:44.000Z,2026-06-28
