row_rank,page_rank,competitor_name,facebook_page_id,facebook_page_name,facebook_page_followers,target_country,ad_library_id,ad_library_url,ad_start_date,ad_end_date,has_low_impression_warning,ad_has_multiple_versions,ad_version_count,version_index,version_id,version_start_date,version_end_date,version_primary_text,version_description,version_cta_label,version_destination_url,version_platforms_distribution,ad_primary_text,ad_description,ad_cta_label,ad_destination_url,ad_media_type,ad_distribution_platforms,creative_count_in_ad,creative_index_in_ad,creative_aspect_ratio,facebook_video_cdn_url_at_scrape,facebook_thumbnail_cdn_url_at_scrape,facebook_cdn_url_expiry_at_scrape,scrape_run_date,r2_public_url
1,1,Lingo AI,599204246602758,Lingo AI,,IN,1038854211901779,https://www.facebook.com/ads/library/?id=1038854211901779,2026-06-21,,false,true,2,0,1038854211901779,2026-06-21,,"📘 Learn English easily with simple lessons 
😊 Build confidence with everyday speaking practice 
👉 Download now",👉 Download now,Download,http://itunes.apple.com/app/id6740255326,"Facebook,Instagram,Audience Network,Messenger,Threads","📘 Learn English easily with simple lessons 
😊 Build confidence with everyday speaking practice 
👉 Download now",👉 Download now,Download,http://itunes.apple.com/app/id6740255326,Video,"Facebook,Instagram,Audience Network,Messenger,Threads",1,0,9:16,https://video.fblr20-1.fna.fbcdn.net/o1/v/t2/f2/m366/AQOQ8ebkvrMkcxQp5L9tJyw1mNPpR5Ng1BpgHuy_mVYq8it4VI-T9TRZ4AH9vapteIBmbP6cyx5GGdNetThUPIVK94Tk2YAZJr5l7HPQ9aDYdg.mp4?_nc_cat=108&_nc_oc=AdovP7RrWzH_0sK_RmUyBMe2AWrnKJ3UxGY_k0cQmg36BKh1GNUYxHle8xBhu9_yUHhyDESd30sWGJgLZfQ4cbFv&_nc_sid=b66105&_nc_ht=video.fblr20-1.fna.fbcdn.net&_nc_ohc=2IkZ6AxabSAQ7kNvwGdXCt8&efg=eyJ2ZW5jb2RlX3RhZyI6Inhwdl9wcm9ncmVzc2l2ZS5WSV9VU0VDQVNFX1BST0RVQ1RfVFlQRS4uQzMuNzIwLmRhc2hfaDI2NC1iYXNpYy1nZW4yXzcyMHAiLCJ4cHZfYXNzZXRfaWQiOjEzNjY1Mjk1NzQ4MTkyMTQsImFzc2V0X2FnZV9kYXlzIjoyOSwidmlfdXNlY2FzZV9pZCI6MTAxMzksImR1cmF0aW9uX3MiOjI5LCJ1cmxnZW5fc291cmNlIjoid3d3In0%3D&ccb=17-1&vs=a97a387a3b319f21&_nc_vs=HBksFQIYRWZiX2VwaGVtZXJhbC9GRDREODM3RkM5M0U1OTczNDY5MzA3Njk5M0Y4NzlCOF9tdF8xX3ZpZGVvX2Rhc2hpbml0Lm1wNBUAAsgBEgAVAhhAZmJfcGVybWFuZW50LzlBNEJFNjA3RUNERDg5RTkzRUY4MEQ4RTIyOTM2RUJFX2F1ZGlvX2Rhc2hpbml0Lm1wNBUCAsgBEgAoABgAGwKIB3VzZV9vaWwBMRJwcm9ncmVzc2l2ZV9yZWNpcGUBMRUAACac1o7evrbtBBUCKAJDMywXQD3u2RaHKwIYGWRhc2hfaDI2NC1iYXNpYy1nZW4yXzcyMHARAHUAZbaeAQA&_nc_gid=Racw12kuNKDksZyexeX1Wg&_nc_ss=7f289&_nc_zt=28&oh=00_AQDAyDenh7tSPq9wEteixjpKlGzOMp8Hy7GK3DRI0z6m5A&oe=6A57D424,https://scontent.fblr20-3.fna.fbcdn.net/v/t39.35426-6/728913109_27856348053972232_6566172322381624746_n.jpg?_nc_cat=100&ccb=1-7&_nc_sid=c53f8f&_nc_ohc=3Eui2O_3QzoQ7kNvwFMupCa&_nc_oc=AdqEvk-MtGCv3EPEzVGDvc1MNhyuxd5jkhi_L14DN06J1Y0dTV0lg-ocyRzVVKgO8Jsix18M1GP68JYIkFD2o1Zm&_nc_zt=14&_nc_ht=scontent.fblr20-3.fna&_nc_gid=Racw12kuNKDksZyexeX1Wg&_nc_ss=7f289&oh=00_AQAn7Oj4A404nKXbl6WkZp3uw6FVM8SBUYBB6iOuc5p1vg&oe=6A57DDC4,2026-07-15T18:40:36.000Z,2026-07-11,https://pub-893b4a6a607b4221a894bf861da7914e.r2.dev/1038854211901779.mp4
2,1,Lingo AI,599204246602758,Lingo AI,,IN,1038854211901779,https://www.facebook.com/ads/library/?id=1038854211901779,2026-06-21,,false,true,2,1,26787357374277010,2026-07-01,,"📘 Learn English easily with simple lessons 
😊 Build confidence with everyday speaking practice 
👉 Download now",👉 Download now,Install now,http://itunes.apple.com/app/id6740255326,"Facebook,Instagram,Audience Network,Messenger,Threads","📘 Learn English easily with simple lessons 
😊 Build confidence with everyday speaking practice 
👉 Download now",👉 Download now,Download,http://itunes.apple.com/app/id6740255326,Video,"Facebook,Instagram,Audience Network,Messenger,Threads",1,0,9:16,https://video.fblr20-1.fna.fbcdn.net/o1/v/t2/f2/m366/AQOQ8ebkvrMkcxQp5L9tJyw1mNPpR5Ng1BpgHuy_mVYq8it4VI-T9TRZ4AH9vapteIBmbP6cyx5GGdNetThUPIVK94Tk2YAZJr5l7HPQ9aDYdg.mp4?_nc_cat=108&_nc_oc=AdovP7RrWzH_0sK_RmUyBMe2AWrnKJ3UxGY_k0cQmg36BKh1GNUYxHle8xBhu9_yUHhyDESd30sWGJgLZfQ4cbFv&_nc_sid=b66105&_nc_ht=video.fblr20-1.fna.fbcdn.net&_nc_ohc=2IkZ6AxabSAQ7kNvwGdXCt8&efg=eyJ2ZW5jb2RlX3RhZyI6Inhwdl9wcm9ncmVzc2l2ZS5WSV9VU0VDQVNFX1BST0RVQ1RfVFlQRS4uQzMuNzIwLmRhc2hfaDI2NC1iYXNpYy1nZW4yXzcyMHAiLCJ4cHZfYXNzZXRfaWQiOjEzNjY1Mjk1NzQ4MTkyMTQsImFzc2V0X2FnZV9kYXlzIjoyOSwidmlfdXNlY2FzZV9pZCI6MTAxMzksImR1cmF0aW9uX3MiOjI5LCJ1cmxnZW5fc291cmNlIjoid3d3In0%3D&ccb=17-1&vs=a97a387a3b319f21&_nc_vs=HBksFQIYRWZiX2VwaGVtZXJhbC9GRDREODM3RkM5M0U1OTczNDY5MzA3Njk5M0Y4NzlCOF9tdF8xX3ZpZGVvX2Rhc2hpbml0Lm1wNBUAAsgBEgAVAhhAZmJfcGVybWFuZW50LzlBNEJFNjA3RUNERDg5RTkzRUY4MEQ4RTIyOTM2RUJFX2F1ZGlvX2Rhc2hpbml0Lm1wNBUCAsgBEgAoABgAGwKIB3VzZV9vaWwBMRJwcm9ncmVzc2l2ZV9yZWNpcGUBMRUAACac1o7evrbtBBUCKAJDMywXQD3u2RaHKwIYGWRhc2hfaDI2NC1iYXNpYy1nZW4yXzcyMHARAHUAZbaeAQA&_nc_gid=cciqv1_k64B06kFuB4dPzg&_nc_ss=7f289&_nc_zt=28&oh=00_AQBcjMBgjjkigeFb7wSP14LBDIBAUGznD4RCSYZAeYNNHg&oe=6A57D424,https://scontent.fblr20-2.fna.fbcdn.net/v/t39.35426-6/734461580_2066025234321200_6454343877418009603_n.jpg?_nc_cat=111&ccb=1-7&_nc_sid=c53f8f&_nc_ohc=DejjX8axA-MQ7kNvwGC9NkD&_nc_oc=Adqtqp_caWmDyVX7NI6aaUGIwpdr79vKHJIgLxlU_BZs_5rGn7G7X9TuXZM6PKYdUVYCVbAoK-krKghoZiEFN5vg&_nc_zt=14&_nc_ht=scontent.fblr20-2.fna&_nc_gid=cciqv1_k64B06kFuB4dPzg&_nc_ss=7f289&oh=00_AQBiZPGcUEOhqTS0o7d3JJob3xJ24nSrJqVE9zGxL9fydw&oe=6A57D0B0,2026-07-15T18:40:36.000Z,2026-07-11,
3,2,Lingo AI,599204246602758,Lingo AI,,IN,1586245716244003,https://www.facebook.com/ads/library/?id=1586245716244003,2026-07-01,,false,false,1,0,,2026-07-01,,"🌟 Want to improve your English? 
📱 Learn anytime in just minutes a day 
💬 Build real speaking confidence
👉 Download now",👉 Download now,Download,http://itunes.apple.com/app/id6740255326,"Facebook,Instagram,Audience Network,Messenger,Threads","🌟 Want to improve your English? 
📱 Learn anytime in just minutes a day 
💬 Build real speaking confidence
👉 Download now",👉 Download now,Download,http://itunes.apple.com/app/id6740255326,Video,"Facebook,Instagram,Audience Network,Messenger,Threads",1,0,9:16,https://video.fblr20-3.fna.fbcdn.net/o1/v/t2/f2/m366/AQOrLl1edmqiMDn34XsnPpwFW6RHYNawp1kLCMXDbGzrXXikcD2SRwjHJlk2OdZLbAfeqQyYMmK9cP4Dv9ibzwy2RD9szZg7AP6eQQZOdAbq_g.mp4?_nc_cat=105&_nc_oc=AdqosD3mUVuKPZDbPOvN1dmPgVYU5jwjvG-21vhxDrUXOaw5eP3TUDovDGGeUtCFDz4uv9pgvYQvd2RlQVnLsASy&_nc_sid=b66105&_nc_ht=video.fblr20-3.fna.fbcdn.net&_nc_ohc=n85mo8NT6vgQ7kNvwGZjU9k&efg=eyJ2ZW5jb2RlX3RhZyI6Inhwdl9wcm9ncmVzc2l2ZS5WSV9VU0VDQVNFX1BST0RVQ1RfVFlQRS4uQzMuNjA4LmRhc2hfaDI2NC1iYXNpYy1nZW4yXzcyMHAiLCJ4cHZfYXNzZXRfaWQiOjIyMzAxODMxNzc4MTIwOTksImFzc2V0X2FnZV9kYXlzIjo4LCJ2aV91c2VjYXNlX2lkIjoxMDEzOSwiZHVyYXRpb25fcyI6NTksInVybGdlbl9zb3VyY2UiOiJ3d3cifQ%3D%3D&ccb=17-1&vs=da7fd6f056dc3e23&_nc_vs=HBksFQIYRWZiX2VwaGVtZXJhbC81MjRCNjY4MUZFREVFMkI5MTZCMUZCNzJCRDQzNDM4RF9tdF8xX3ZpZGVvX2Rhc2hpbml0Lm1wNBUAAsgBEgAVAhhAZmJfcGVybWFuZW50LzNCNEE2NDI2QzA3Mjc4NTBDRDZBM0U0RThBRjkxNUJDX2F1ZGlvX2Rhc2hpbml0Lm1wNBUCAsgBEgAoABgAGwKIB3VzZV9vaWwBMRJwcm9ncmVzc2l2ZV9yZWNpcGUBMRUAACaG4sfB35X2BxUCKAJDMywXQE33bItDlYEYGWRhc2hfaDI2NC1iYXNpYy1nZW4yXzcyMHARAHUAZbaeAQA&_nc_gid=Racw12kuNKDksZyexeX1Wg&_nc_ss=7f289&_nc_zt=28&oh=00_AQBL5NxWjo9uEFHWRBWoLFnowviamaFHiD5KtRkt8VLWqw&oe=6A57E81F,https://scontent.fblr20-1.fna.fbcdn.net/v/t39.35426-6/735504581_27425430977086155_4070231018011296759_n.jpg?_nc_cat=110&ccb=1-7&_nc_sid=c53f8f&_nc_ohc=yNHHf5Vu7rgQ7kNvwF64g0g&_nc_oc=AdpLP4Kr5CfuK5wciQge0Fyw0WIsgg2_Hu2pnVfwX2NFc0oR3EG5Y9Bfeg7d5TcN1bEOpwOkx-QUWreIcB4Qqg4t&_nc_zt=14&_nc_ht=scontent.fblr20-1.fna&_nc_gid=Racw12kuNKDksZyexeX1Wg&_nc_ss=7f289&oh=00_AQBK1q1oUxmUXomJMOxCRQQgspx2yAi2eS68TTmpU3Orhw&oe=6A57E4DC,2026-07-15T20:05:51.000Z,2026-07-11,https://pub-893b4a6a607b4221a894bf861da7914e.r2.dev/1586245716244003.mp4
4,3,Lingo AI,599204246602758,Lingo AI,,IN,1093823739826634,https://www.facebook.com/ads/library/?id=1093823739826634,2026-06-17,,false,false,1,0,,2026-06-17,,"📘 Learn English easily with simple lessons 
😊 Build confidence with everyday speaking practice 
👉 Download now",👉 Download now,Download,https://speaklearnfrenchlingoai.onelink.me/Y67n?pid=metaweb_int&c={{campaign.name}}&af_c_id={{campaign.id}}&af_adset={{adset.name}}&af_adset_id={{adset.id}}&af_ad={{ad.name}}&af_ad_id={{ad.id}}&af_siteid={{site_source_name}},"Facebook,Instagram,Audience Network,Messenger,Threads","📘 Learn English easily with simple lessons 
😊 Build confidence with everyday speaking practice 
👉 Download now",👉 Download now,Download,https://speaklearnfrenchlingoai.onelink.me/Y67n?pid=metaweb_int&c={{campaign.name}}&af_c_id={{campaign.id}}&af_adset={{adset.name}}&af_adset_id={{adset.id}}&af_ad={{ad.name}}&af_ad_id={{ad.id}}&af_siteid={{site_source_name}},Video,"Facebook,Instagram,Audience Network,Messenger,Threads",1,0,9:16,https://video.fblr20-4.fna.fbcdn.net/o1/v/t2/f2/m366/AQOL2fuJoJdleGpBiEhFqaGzqMRiFO9Iddp9oeL6QIzGNM1Q4_0Yz0lJPKzu8Daily9Hcmr7b3Zc10Ie8zX0znk1Q_Kj6aNpqqpXoRbHwa0DWQ.mp4?_nc_cat=106&_nc_oc=AdrW4UCbCuxkE6Nb5rW3EdnqF_alPUgJFzMag6cK4f3DT_g3-Wxwg3drFl3Ox2g3WqcYhGFrZqVi0ry77Ix8savS&_nc_sid=b66105&_nc_ht=video.fblr20-4.fna.fbcdn.net&_nc_ohc=wEiMe_tORvQQ7kNvwHDSg4N&efg=eyJ2ZW5jb2RlX3RhZyI6Inhwdl9wcm9ncmVzc2l2ZS5WSV9VU0VDQVNFX1BST0RVQ1RfVFlQRS4uQzMuNjA4LmRhc2hfaDI2NC1iYXNpYy1nZW4yXzcyMHAiLCJ4cHZfYXNzZXRfaWQiOjE3MDE2NzkyOTc2ODgyOTQsImFzc2V0X2FnZV9kYXlzIjozMiwidmlfdXNlY2FzZV9pZCI6MTAxMzksImR1cmF0aW9uX3MiOjM2LCJ1cmxnZW5fc291cmNlIjoid3d3In0%3D&ccb=17-1&vs=579878759d4c8e76&_nc_vs=HBksFQIYRWZiX2VwaGVtZXJhbC9CQzRFOTY3RDY5MUNGNDAxOTQ5NzQyOTA2MjRGNDRBMV9tdF8xX3ZpZGVvX2Rhc2hpbml0Lm1wNBUAAsgBEgAVAhhAZmJfcGVybWFuZW50LzA3NDJBNUUyRUZFQ0Y0Mjk0N0Q1QzQzNTdBRUFDMDg3X2F1ZGlvX2Rhc2hpbml0Lm1wNBUCAsgBEgAoABgAGwKIB3VzZV9vaWwBMRJwcm9ncmVzc2l2ZV9yZWNpcGUBMRUAACbMy_vg4uqFBhUCKAJDMywXQEIEOVgQYk4YGWRhc2hfaDI2NC1iYXNpYy1nZW4yXzcyMHARAHUAZbaeAQA&_nc_gid=Racw12kuNKDksZyexeX1Wg&_nc_ss=7f289&_nc_zt=28&oh=00_AQAlMwXIQ7pQJWejksUTTahMfRPfp8L6thHXnqy51GscuA&oe=6A57F382,https://scontent.fblr20-4.fna.fbcdn.net/v/t39.35426-6/723229213_1020189503842573_364442284674534133_n.jpg?_nc_cat=106&ccb=1-7&_nc_sid=c53f8f&_nc_ohc=zOJE6qRKp4kQ7kNvwHRllaM&_nc_oc=AdoXfsDWP7t62ENY54ZlhroxCbUIMAQ5npyYm3XIKmZnjKBAMHb8UMGADTzc-mVO-LXLehaoGRp9yG13Kfcrs4Bu&_nc_zt=14&_nc_ht=scontent.fblr20-4.fna&_nc_gid=Racw12kuNKDksZyexeX1Wg&_nc_ss=7f289&oh=00_AQBhXy6ONVRtcC3ZAAXZJhNL_6VldWbnhIXWclFEnVmeNA&oe=6A57DD3C,2026-07-15T20:54:26.000Z,2026-07-11,https://pub-893b4a6a607b4221a894bf861da7914e.r2.dev/1093823739826634.mp4
5,4,Lingo AI,599204246602758,Lingo AI,,IN,1007110078391526,https://www.facebook.com/ads/library/?id=1007110078391526,2026-06-16,,false,false,1,0,,2026-06-16,,"🚀 Master French Faster, Just 5 Minutes a Day!
🥳 Join Learners Who Found a Fun Way to Master a Language!
✨ Our mission is to unlock your French.",✨Try it now~,Install now,http://itunes.apple.com/app/id6740255326,"Facebook,Instagram,Audience Network,Messenger","🚀 Master French Faster, Just 5 Minutes a Day!
🥳 Join Learners Who Found a Fun Way to Master a Language!
✨ Our mission is to unlock your French.",✨Try it now~,Install now,http://itunes.apple.com/app/id6740255326,Video,"Facebook,Instagram,Audience Network,Messenger",1,0,9:16,https://video.fblr20-1.fna.fbcdn.net/o1/v/t2/f2/m366/AQOtn0NiKXXazClJBAZC5--u0cZgczoODRcFDHZ2mWTJ_Kaf00XSc6BMmEm6KoNzVwceNFrkRswkn3Y-4fhJZ-jMygqG3plWEgNTm5B3Z36G-w.mp4?_nc_cat=110&_nc_oc=Ado_eJPRpBEeplTJqZT1oc23oJnViCYY_xs1i57Fw0sfL0vaykd7xdZ20AI8SIS1zZyHNJPOrg7TOLYwfEjJxs25&_nc_sid=b66105&_nc_ht=video.fblr20-1.fna.fbcdn.net&_nc_ohc=C0p_VARyjw0Q7kNvwHfA2AS&efg=eyJ2ZW5jb2RlX3RhZyI6Inhwdl9wcm9ncmVzc2l2ZS5WSV9VU0VDQVNFX1BST0RVQ1RfVFlQRS4uQzMuNzIwLmRhc2hfaDI2NC1iYXNpYy1nZW4yXzcyMHAiLCJ4cHZfYXNzZXRfaWQiOjE2Mjc2ODU4MjQ5OTczMDMsImFzc2V0X2FnZV9kYXlzIjoyMywidmlfdXNlY2FzZV9pZCI6MTAxMzksImR1cmF0aW9uX3MiOjY2LCJ1cmxnZW5fc291cmNlIjoid3d3In0%3D&ccb=17-1&vs=d3cb65c051c2b8a8&_nc_vs=HBksFQIYRWZiX2VwaGVtZXJhbC83MjRFMDg0OUEyNEZFRjQ4RkIyMDcwNTNFMTEzOTY5QV9tdF8xX3ZpZGVvX2Rhc2hpbml0Lm1wNBUAAsgBEgAVAhhAZmJfcGVybWFuZW50Lzk1NEI2RDdDMDkwOEREMjJCODRDMDU1NEZDQjQyQ0IwX2F1ZGlvX2Rhc2hpbml0Lm1wNBUCAsgBEgAoABgAGwKIB3VzZV9vaWwBMRJwcm9ncmVzc2l2ZV9yZWNpcGUBMRUAACbunr225JfkBRUCKAJDMywXQFCTMzMzMzMYGWRhc2hfaDI2NC1iYXNpYy1nZW4yXzcyMHARAHUAZbaeAQA&_nc_gid=Racw12kuNKDksZyexeX1Wg&_nc_ss=7f289&_nc_zt=28&oh=00_AQDM_sEV1C1IU9h4XHMKyDSb3ktBg2J_rIlS5lDOulylJg&oe=6A57FCF6,https://scontent.fblr20-3.fna.fbcdn.net/v/t39.35426-6/724660500_1014363751288191_7435585541797663024_n.jpg?_nc_cat=109&ccb=1-7&_nc_sid=c53f8f&_nc_ohc=FNo0Ku0eC4IQ7kNvwEQRs4B&_nc_oc=AdoiNrfXhMJBgM2RyyjUTKyViFngVwafJKl69DNsrnCbnILs2-h6mVctyBZVfOzJ-SS9LUY7NwdtgxyUxd7G-czH&_nc_zt=14&_nc_ht=scontent.fblr20-3.fna&_nc_gid=Racw12kuNKDksZyexeX1Wg&_nc_ss=7f289&oh=00_AQC1HzJNJPzi2lhH-8HG1t7AVHxmNpb1cTAae-cEYeV97Q&oe=6A57EB54,2026-07-15T21:34:46.000Z,2026-07-11,https://pub-893b4a6a607b4221a894bf861da7914e.r2.dev/1007110078391526.mp4
6,5,Lingo AI,599204246602758,Lingo AI,,IN,1962277031827815,https://www.facebook.com/ads/library/?id=1962277031827815,2026-06-21,,false,false,1,0,,2026-06-21,,"📘 Learn English easily with simple lessons 
😊 Build confidence with everyday speaking practice 
👉 Download now",👉 Download now,Download,http://itunes.apple.com/app/id6740255326,"Facebook,Instagram,Audience Network,Messenger,Threads","📘 Learn English easily with simple lessons 
😊 Build confidence with everyday speaking practice 
👉 Download now",👉 Download now,Download,http://itunes.apple.com/app/id6740255326,Video,"Facebook,Instagram,Audience Network,Messenger,Threads",1,0,9:16,https://video.fblr20-5.fna.fbcdn.net/o1/v/t2/f2/m366/AQNpcFRYhWkBb1X15TopjwxSsnYYic7wpotZi5mYdoMOPKjpBFi3oUEpn7no7pGLmkIksJZl15tkUlvROZg_vf5fyTRK61rY-qGU-Ya1XyFDTg.mp4?_nc_cat=107&_nc_oc=AdrJmOLoqj4QJv2W6OFMsH1cDW2-cMCKLuTWwm5nz5Hx18WUSUeHfLazhy4AkmXz0i5R_nxL-DAh9_rpaPWt5x7E&_nc_sid=b66105&_nc_ht=video.fblr20-5.fna.fbcdn.net&_nc_ohc=_XWqDkGxt1kQ7kNvwGbs0W7&efg=eyJ2ZW5jb2RlX3RhZyI6Inhwdl9wcm9ncmVzc2l2ZS5WSV9VU0VDQVNFX1BST0RVQ1RfVFlQRS4uQzMuNzIwLmRhc2hfaDI2NC1iYXNpYy1nZW4yXzcyMHAiLCJ4cHZfYXNzZXRfaWQiOjk3MzIyOTk5NTU0ODkxMCwiYXNzZXRfYWdlX2RheXMiOjI5LCJ2aV91c2VjYXNlX2lkIjoxMDEzOSwiZHVyYXRpb25fcyI6MzAsInVybGdlbl9zb3VyY2UiOiJ3d3cifQ%3D%3D&ccb=17-1&vs=da3969c6dd56db29&_nc_vs=HBksFQIYRWZiX2VwaGVtZXJhbC9EOTRFRDNCNjEyRjZGMkQxOENDQjRFNTFDQjY4MkNBMV9tdF8xX3ZpZGVvX2Rhc2hpbml0Lm1wNBUAAsgBEgAVAhhAZmJfcGVybWFuZW50L0MwNEQ0M0RGOTg3MkUyMzE0QUEwRUEzNDBGNjI4NkE4X2F1ZGlvX2Rhc2hpbml0Lm1wNBUCAsgBEgAoABgAGwKIB3VzZV9vaWwBMRJwcm9ncmVzc2l2ZV9yZWNpcGUBMRUAACbcg9vCuMm6AxUCKAJDMywXQD7VP3ztkWgYGWRhc2hfaDI2NC1iYXNpYy1nZW4yXzcyMHARAHUAZbaeAQA&_nc_gid=Racw12kuNKDksZyexeX1Wg&_nc_ss=7f289&_nc_zt=28&oh=00_AQDU75cOWab-KkoAV9l8GmG0jxVraN32Ab1nfK3Wdj2KXg&oe=6A57F8BD,https://scontent.fblr20-4.fna.fbcdn.net/v/t39.35426-6/728544705_2247508195986230_1899906110400300211_n.jpg?_nc_cat=101&ccb=1-7&_nc_sid=c53f8f&_nc_ohc=5z7hWASFg1wQ7kNvwGqNcOI&_nc_oc=AdprjpIV21o7_pQaYJ-dXU9psHyDmdfXdADtHFtZLIF-u5et9ZMmwT8eF0BlpsTiDXtSeLN7k7fGm9YCaEj_aujq&_nc_zt=14&_nc_ht=scontent.fblr20-4.fna&_nc_gid=Racw12kuNKDksZyexeX1Wg&_nc_ss=7f289&oh=00_AQBD70aVHM5GGGhmM_Q2Dym4ki2mLB6JoZ6piGbtgmTzvg&oe=6A57EB48,2026-07-15T21:16:45.000Z,2026-07-11,https://pub-893b4a6a607b4221a894bf861da7914e.r2.dev/1962277031827815.mp4
7,6,Lingo AI,599204246602758,Lingo AI,,IN,1003526658752736,https://www.facebook.com/ads/library/?id=1003526658752736,2026-06-21,,false,true,2,0,1003526658752736,2026-06-21,,"📘 Learn English easily with simple lessons 
😊 Build confidence with everyday speaking practice 
👉 Download now",👉 Download now,Download,http://itunes.apple.com/app/id6740255326,"Facebook,Instagram,Audience Network,Messenger,Threads","📘 Learn English easily with simple lessons 
😊 Build confidence with everyday speaking practice 
👉 Download now",👉 Download now,Download,http://itunes.apple.com/app/id6740255326,Video,"Facebook,Instagram,Audience Network,Messenger,Threads",1,0,9:16,https://video.fblr20-1.fna.fbcdn.net/o1/v/t2/f2/m366/AQO6ZNdpvlv5qJ--ZS05Es1hwENRJrREvgqIFwaa_vMa1b5VFoWm0pDgv92qKR8TPQw4UJtXxggVMR3TJMu4OMhAF7eV3J0KVcXxn2nBA12x1Q.mp4?_nc_cat=108&_nc_oc=Adq-dIcxaPSDCGdem9Qw53cXo6d5TEzMVJfJJGrYCJU4rFBgX-l2tt3FBrOzI4ZYuRXITzzUE7vJz9o9BLYE4LFQ&_nc_sid=b66105&_nc_ht=video.fblr20-1.fna.fbcdn.net&_nc_ohc=l0rBbH4w5cMQ7kNvwGx3TJh&efg=eyJ2ZW5jb2RlX3RhZyI6Inhwdl9wcm9ncmVzc2l2ZS5WSV9VU0VDQVNFX1BST0RVQ1RfVFlQRS4uQzMuNzIwLmRhc2hfaDI2NC1iYXNpYy1nZW4yXzcyMHAiLCJ4cHZfYXNzZXRfaWQiOjE2MTk1Njg2MjY4NDQwMTUsImFzc2V0X2FnZV9kYXlzIjoyOSwidmlfdXNlY2FzZV9pZCI6MTAxMzksImR1cmF0aW9uX3MiOjI3LCJ1cmxnZW5fc291cmNlIjoid3d3In0%3D&ccb=17-1&vs=b26b5bb5e79f21de&_nc_vs=HBksFQIYRWZiX2VwaGVtZXJhbC9FQzQwNjQ5OTJGOUI1RUMwMTJCQzk3NkJEMUY5OTRCQl9tdF8xX3ZpZGVvX2Rhc2hpbml0Lm1wNBUAAsgBEgAVAhhAZmJfcGVybWFuZW50LzMxNEQyQ0Y2NkJGQ0Y1RUMxNjJGMDUyRTA4OTBBMDlGX2F1ZGlvX2Rhc2hpbml0Lm1wNBUCAsgBEgAoABgAGwKIB3VzZV9vaWwBMRJwcm9ncmVzc2l2ZV9yZWNpcGUBMRUAACbehYrLpr_gBRUCKAJDMywXQDtu2RaHKwIYGWRhc2hfaDI2NC1iYXNpYy1nZW4yXzcyMHARAHUAZbaeAQA&_nc_gid=Racw12kuNKDksZyexeX1Wg&_nc_ss=7f289&_nc_zt=28&oh=00_AQAwrjiqYsLGaJCYzvu8kAEuyx4aPCLNm-g2qoSbfxRPZA&oe=6A57F994,https://scontent.fblr20-3.fna.fbcdn.net/v/t39.35426-6/727314256_1023989880044656_4719947360428840428_n.jpg?_nc_cat=100&ccb=1-7&_nc_sid=c53f8f&_nc_ohc=hyi_uIQ-AtoQ7kNvwGssAS9&_nc_oc=AdoJ0jyQLRERup5h-t18W1xZrrKN_ZwcglGrwZFTfbt-uIyUQASHZgcfzwmFxXEC31AEcLNuDVLgjm-DXgYjHmq8&_nc_zt=14&_nc_ht=scontent.fblr20-3.fna&_nc_gid=Racw12kuNKDksZyexeX1Wg&_nc_ss=7f289&oh=00_AQB-ifp_BPk5usx4yXvMPPXj-Fd26WGYr68dy9yyHg75NA&oe=6A57DBB8,2026-07-15T21:20:20.000Z,2026-07-11,https://pub-893b4a6a607b4221a894bf861da7914e.r2.dev/1003526658752736.mp4
8,6,Lingo AI,599204246602758,Lingo AI,,IN,1003526658752736,https://www.facebook.com/ads/library/?id=1003526658752736,2026-06-21,,false,true,2,1,1907043540682083,2026-07-08,,"📘 Learn English easily with simple lessons 
😊 Build confidence with everyday speaking practice 
👉 Download now",👉 Download now,Install now,http://itunes.apple.com/app/id6740255326,"Facebook,Instagram,Audience Network,Messenger,Threads","📘 Learn English easily with simple lessons 
😊 Build confidence with everyday speaking practice 
👉 Download now",👉 Download now,Download,http://itunes.apple.com/app/id6740255326,Video,"Facebook,Instagram,Audience Network,Messenger,Threads",1,0,9:16,https://video.fblr20-1.fna.fbcdn.net/o1/v/t2/f2/m366/AQO6ZNdpvlv5qJ--ZS05Es1hwENRJrREvgqIFwaa_vMa1b5VFoWm0pDgv92qKR8TPQw4UJtXxggVMR3TJMu4OMhAF7eV3J0KVcXxn2nBA12x1Q.mp4?_nc_cat=108&_nc_oc=Adq-dIcxaPSDCGdem9Qw53cXo6d5TEzMVJfJJGrYCJU4rFBgX-l2tt3FBrOzI4ZYuRXITzzUE7vJz9o9BLYE4LFQ&_nc_sid=b66105&_nc_ht=video.fblr20-1.fna.fbcdn.net&_nc_ohc=l0rBbH4w5cMQ7kNvwGx3TJh&efg=eyJ2ZW5jb2RlX3RhZyI6Inhwdl9wcm9ncmVzc2l2ZS5WSV9VU0VDQVNFX1BST0RVQ1RfVFlQRS4uQzMuNzIwLmRhc2hfaDI2NC1iYXNpYy1nZW4yXzcyMHAiLCJ4cHZfYXNzZXRfaWQiOjE2MTk1Njg2MjY4NDQwMTUsImFzc2V0X2FnZV9kYXlzIjoyOSwidmlfdXNlY2FzZV9pZCI6MTAxMzksImR1cmF0aW9uX3MiOjI3LCJ1cmxnZW5fc291cmNlIjoid3d3In0%3D&ccb=17-1&vs=b26b5bb5e79f21de&_nc_vs=HBksFQIYRWZiX2VwaGVtZXJhbC9FQzQwNjQ5OTJGOUI1RUMwMTJCQzk3NkJEMUY5OTRCQl9tdF8xX3ZpZGVvX2Rhc2hpbml0Lm1wNBUAAsgBEgAVAhhAZmJfcGVybWFuZW50LzMxNEQyQ0Y2NkJGQ0Y1RUMxNjJGMDUyRTA4OTBBMDlGX2F1ZGlvX2Rhc2hpbml0Lm1wNBUCAsgBEgAoABgAGwKIB3VzZV9vaWwBMRJwcm9ncmVzc2l2ZV9yZWNpcGUBMRUAACbehYrLpr_gBRUCKAJDMywXQDtu2RaHKwIYGWRhc2hfaDI2NC1iYXNpYy1nZW4yXzcyMHARAHUAZbaeAQA&_nc_gid=Racw12kuNKDksZyexeX1Wg&_nc_ss=7f289&_nc_zt=28&oh=00_AQAwrjiqYsLGaJCYzvu8kAEuyx4aPCLNm-g2qoSbfxRPZA&oe=6A57F994,https://scontent.fblr20-1.fna.fbcdn.net/v/t39.35426-6/743992145_1804867870482795_4534153608675262984_n.jpg?_nc_cat=108&ccb=1-7&_nc_sid=c53f8f&_nc_ohc=disE6ReP68sQ7kNvwFSU2Kf&_nc_oc=AdpZam9lxuSKyxymWnJ8lOmqNB_NtC9eqg40bORIS8bllKt-USbpuFSIEZMAUmbm018g35325HuiXdNbfD4yY5Vs&_nc_zt=14&_nc_ht=scontent.fblr20-1.fna&_nc_gid=Racw12kuNKDksZyexeX1Wg&_nc_ss=7f289&oh=00_AQBQ45591vZR_A5_rrOGzgwtjLu3LxMeGGkqrKA1u3TMgA&oe=6A57DAED,2026-07-15T21:20:20.000Z,2026-07-11,
9,7,Lingo AI,599204246602758,Lingo AI,,IN,2817216648647618,https://www.facebook.com/ads/library/?id=2817216648647618,2026-07-01,,false,true,2,0,2817216648647618,2026-07-01,,"📘 Learn English easily with simple lessons 
😊 Build confidence with everyday speaking practice 
👉 Download now",👉 Download now,Install now,http://itunes.apple.com/app/id6740255326,"Facebook,Instagram,Audience Network,Messenger,Threads","📘 Learn English easily with simple lessons 
😊 Build confidence with everyday speaking practice 
👉 Download now",👉 Download now,Install now,http://itunes.apple.com/app/id6740255326,Video,"Facebook,Instagram,Audience Network,Messenger,Threads",1,0,9:16,https://video.fblr20-5.fna.fbcdn.net/o1/v/t2/f2/m366/AQMP6r7fWJClw_CydhEAX295t4QavjfeH3aTDfnO1b8hKKzQ_HF0LFcmJuPTwnDXZDJ10uInWtcBr7Nxmx0W-9qm9n-wqlyCjp2ITFh-s2S1mA.mp4?_nc_cat=107&_nc_oc=AdrCextttk81Y-ui5HmvFxopnw0UxIPGwx5hzF02vAvPDVAivRerFs_vGRLXuWIwCVP4P5BUAO-vY85sfnMIrm2D&_nc_sid=b66105&_nc_ht=video.fblr20-5.fna.fbcdn.net&_nc_ohc=9ynzB2hSLzcQ7kNvwFZC2iE&efg=eyJ2ZW5jb2RlX3RhZyI6Inhwdl9wcm9ncmVzc2l2ZS5WSV9VU0VDQVNFX1BST0RVQ1RfVFlQRS4uQzMuNTc2LmRhc2hfaDI2NC1iYXNpYy1nZW4yXzcyMHAiLCJ4cHZfYXNzZXRfaWQiOjk2OTg4NjA3MjY3MDM2MSwiYXNzZXRfYWdlX2RheXMiOjczLCJ2aV91c2VjYXNlX2lkIjoxMDEzOSwiZHVyYXRpb25fcyI6MjAxLCJ1cmxnZW5fc291cmNlIjoid3d3In0%3D&ccb=17-1&vs=d9234e5b63e831f1&_nc_vs=HBksFQIYRWZiX2VwaGVtZXJhbC8yMDQ2NkRDNDUzM0ZEOEY0MjQ0NEREREEwQkU1NkNCN19tdF8xX3ZpZGVvX2Rhc2hpbml0Lm1wNBUAAsgBEgAVAhhAZmJfcGVybWFuZW50Lzk3NDQ4QzMwNjJCMzM3MzdFQjg4RjExMTIyMEY1MjlCX2F1ZGlvX2Rhc2hpbml0Lm1wNBUCAsgBEgAoABgAGwKIB3VzZV9vaWwBMRJwcm9ncmVzc2l2ZV9yZWNpcGUBMRUAACayoqyt5oa5AxUCKAJDMywXQGkzMzMzMzMYGWRhc2hfaDI2NC1iYXNpYy1nZW4yXzcyMHARAHUAZbaeAQA&_nc_gid=Racw12kuNKDksZyexeX1Wg&_nc_ss=7f289&_nc_zt=28&oh=00_AQBnd3La_zTSK0vYqSB4FtfynMRp0pczO8HVxtcpjG_G1w&oe=6A57F435,https://scontent.fblr20-3.fna.fbcdn.net/v/t39.35426-6/736367935_1819827772325103_3634662996503671526_n.jpg?_nc_cat=109&ccb=1-7&_nc_sid=c53f8f&_nc_ohc=oOuEmLaXcDEQ7kNvwFXZyok&_nc_oc=AdoEtI3GlhwZqfMcV2gxN_Hme2iAfj9g2gf1DkqPEL_WYGHd5iqDPxHv3MaPzfu23hwTjDizKaadj-udVdACAwY8&_nc_zt=14&_nc_ht=scontent.fblr20-3.fna&_nc_gid=Racw12kuNKDksZyexeX1Wg&_nc_ss=7f289&oh=00_AQA_wLQhqvbCRHRULCy1Rb0QhEKs-UNmRl5ZPi_CiWweHQ&oe=6A57CA53,2026-07-15T20:57:25.000Z,2026-07-11,https://pub-893b4a6a607b4221a894bf861da7914e.r2.dev/2817216648647618.mp4
10,7,Lingo AI,599204246602758,Lingo AI,,IN,2817216648647618,https://www.facebook.com/ads/library/?id=2817216648647618,2026-07-01,,false,true,2,1,1416914453817157,2026-07-08,,"📘 Learn English easily with simple lessons 
😊 Build confidence with everyday speaking practice 
👉 Download now",👉 Download now,Install now,http://itunes.apple.com/app/id6740255326,"Facebook,Instagram,Audience Network,Messenger,Threads","📘 Learn English easily with simple lessons 
😊 Build confidence with everyday speaking practice 
👉 Download now",👉 Download now,Install now,http://itunes.apple.com/app/id6740255326,Video,"Facebook,Instagram,Audience Network,Messenger,Threads",1,0,9:16,https://video.fblr20-5.fna.fbcdn.net/o1/v/t2/f2/m366/AQMP6r7fWJClw_CydhEAX295t4QavjfeH3aTDfnO1b8hKKzQ_HF0LFcmJuPTwnDXZDJ10uInWtcBr7Nxmx0W-9qm9n-wqlyCjp2ITFh-s2S1mA.mp4?_nc_cat=107&_nc_oc=AdrCextttk81Y-ui5HmvFxopnw0UxIPGwx5hzF02vAvPDVAivRerFs_vGRLXuWIwCVP4P5BUAO-vY85sfnMIrm2D&_nc_sid=b66105&_nc_ht=video.fblr20-5.fna.fbcdn.net&_nc_ohc=9ynzB2hSLzcQ7kNvwFZC2iE&efg=eyJ2ZW5jb2RlX3RhZyI6Inhwdl9wcm9ncmVzc2l2ZS5WSV9VU0VDQVNFX1BST0RVQ1RfVFlQRS4uQzMuNTc2LmRhc2hfaDI2NC1iYXNpYy1nZW4yXzcyMHAiLCJ4cHZfYXNzZXRfaWQiOjk2OTg4NjA3MjY3MDM2MSwiYXNzZXRfYWdlX2RheXMiOjczLCJ2aV91c2VjYXNlX2lkIjoxMDEzOSwiZHVyYXRpb25fcyI6MjAxLCJ1cmxnZW5fc291cmNlIjoid3d3In0%3D&ccb=17-1&vs=d9234e5b63e831f1&_nc_vs=HBksFQIYRWZiX2VwaGVtZXJhbC8yMDQ2NkRDNDUzM0ZEOEY0MjQ0NEREREEwQkU1NkNCN19tdF8xX3ZpZGVvX2Rhc2hpbml0Lm1wNBUAAsgBEgAVAhhAZmJfcGVybWFuZW50Lzk3NDQ4QzMwNjJCMzM3MzdFQjg4RjExMTIyMEY1MjlCX2F1ZGlvX2Rhc2hpbml0Lm1wNBUCAsgBEgAoABgAGwKIB3VzZV9vaWwBMRJwcm9ncmVzc2l2ZV9yZWNpcGUBMRUAACayoqyt5oa5AxUCKAJDMywXQGkzMzMzMzMYGWRhc2hfaDI2NC1iYXNpYy1nZW4yXzcyMHARAHUAZbaeAQA&_nc_gid=4GBDLGHs0ZRQXcYJX3ZHHw&_nc_ss=7f289&_nc_zt=28&oh=00_AQD7LsOnw5UQy5tGa6Zou7cCqDAE69bdJ7lcxiZpW_BoPQ&oe=6A57F435,https://scontent.fblr20-5.fna.fbcdn.net/v/t39.35426-6/742129468_947393138318568_5325126982020235482_n.jpg?_nc_cat=107&ccb=1-7&_nc_sid=c53f8f&_nc_ohc=PnpY7i0vLoMQ7kNvwGGhqDV&_nc_oc=AdoDIeSTCC2o3kPScAJKAb8mVjq764Xo50_rH8OCGkq0UIpDaeKcnq38f5Srxs7PKE3bZlTWXHHo1Y-iAiSZbqhU&_nc_zt=14&_nc_ht=scontent.fblr20-5.fna&_nc_gid=4GBDLGHs0ZRQXcYJX3ZHHw&_nc_ss=7f289&oh=00_AQAIbxewqcvyAm4abEGcL0MvrnZmxsoNoWs50rm-mTpDnA&oe=6A57EF0C,2026-07-15T20:57:25.000Z,2026-07-11,
11,8,Lingo AI,599204246602758,Lingo AI,,IN,1651336692836508,https://www.facebook.com/ads/library/?id=1651336692836508,2026-06-14,,false,false,1,0,,2026-06-14,,"🌍 Learn real English for everyday life 
🗣 Practice speaking with simple lessons 
⏱ Just 5 minutes a day
👉 Download now",👇 Start now,Download,https://speaklearnfrenchlingoai.onelink.me/Y67n?pid=metaweb_int&c={{campaign.name}}&af_c_id={{campaign.id}}&af_adset={{adset.name}}&af_adset_id={{adset.id}}&af_ad={{ad.name}}&af_ad_id={{ad.id}}&af_siteid={{site_source_name}},"Facebook,Instagram,Audience Network,Messenger,Threads","🌍 Learn real English for everyday life 
🗣 Practice speaking with simple lessons 
⏱ Just 5 minutes a day
👉 Download now",👇 Start now,Download,https://speaklearnfrenchlingoai.onelink.me/Y67n?pid=metaweb_int&c={{campaign.name}}&af_c_id={{campaign.id}}&af_adset={{adset.name}}&af_adset_id={{adset.id}}&af_ad={{ad.name}}&af_ad_id={{ad.id}}&af_siteid={{site_source_name}},Video,"Facebook,Instagram,Audience Network,Messenger,Threads",1,0,9:16,https://video.fblr20-2.fna.fbcdn.net/o1/v/t2/f2/m366/AQNt8lVrLF0aEx9afl__AbwgGhaBX8hHxv5wvC4RaS4BVSgG4jv8C1vjeF13w-2eohl68Au3briveIuKJbjhNOeoWWxB3-KuMqsHsY2koP3tFQ.mp4?_nc_cat=111&_nc_oc=AdqjdSaGEZ6N9pvPWR8sa9gY_KJUh76UqNYg45Gj4FwSvQEitcdsxqOpK5KnNWj4RdklQ3LGhU1HH6_Tzk1h00Sy&_nc_sid=b66105&_nc_ht=video.fblr20-2.fna.fbcdn.net&_nc_ohc=M355d83xaKMQ7kNvwF1evmh&efg=eyJ2ZW5jb2RlX3RhZyI6Inhwdl9wcm9ncmVzc2l2ZS5WSV9VU0VDQVNFX1BST0RVQ1RfVFlQRS4uQzMuNzIwLmRhc2hfaDI2NC1iYXNpYy1nZW4yXzcyMHAiLCJ4cHZfYXNzZXRfaWQiOjEwMTI0ODQ0ODE0NjMzODcsImFzc2V0X2FnZV9kYXlzIjo0MCwidmlfdXNlY2FzZV9pZCI6MTAxMzksImR1cmF0aW9uX3MiOjczLCJ1cmxnZW5fc291cmNlIjoid3d3In0%3D&ccb=17-1&vs=eb5e8044ded1e47f&_nc_vs=HBksFQIYRWZiX2VwaGVtZXJhbC8xMTRFNTU3MTdFMTc3NzhBQzI3NUNCRkMzMjExQjVBQV9tdF8xX3ZpZGVvX2Rhc2hpbml0Lm1wNBUAAsgBEgAVAhhAZmJfcGVybWFuZW50L0UxNDU4MkVCNUIxNEY3M0I0RDVDMjIwRTNDRjIyMTkxX2F1ZGlvX2Rhc2hpbml0Lm1wNBUCAsgBEgAoABgAGwKIB3VzZV9vaWwBMRJwcm9ncmVzc2l2ZV9yZWNpcGUBMRUAACa20d2drbbMAxUCKAJDMywXQFJXbItDlYEYGWRhc2hfaDI2NC1iYXNpYy1nZW4yXzcyMHARAHUAZbaeAQA&_nc_gid=Racw12kuNKDksZyexeX1Wg&_nc_ss=7f289&_nc_zt=28&oh=00_AQDaPtMiPuTaqY1JPPaSKJSmoFhuPs94KO_cbH7UVnOVMA&oe=6A57EB59,https://scontent.fblr20-2.fna.fbcdn.net/v/t39.35426-6/721211174_1631495281287023_2341411477956445278_n.jpg?_nc_cat=102&ccb=1-7&_nc_sid=c53f8f&_nc_ohc=8Cfuluo7D18Q7kNvwHGSuqh&_nc_oc=AdrHgIEnOPAxYLCDdx4ZYnq3z_mix9C81qII5xKJVpQ28LREYluyhUhehRY5S1csy5hfHDEWRFs3cmwLzidD9opj&_nc_zt=14&_nc_ht=scontent.fblr20-2.fna&_nc_gid=Racw12kuNKDksZyexeX1Wg&_nc_ss=7f289&oh=00_AQB1Gm-6cYMQCX18-k9KADYyer7Uq7o8AXRZipPMk0qJYw&oe=6A57D69E,2026-07-15T20:19:37.000Z,2026-07-11,https://pub-893b4a6a607b4221a894bf861da7914e.r2.dev/1651336692836508.mp4
12,9,Lingo AI,599204246602758,Lingo AI,,IN,1683265226128164,https://www.facebook.com/ads/library/?id=1683265226128164,2026-07-01,,false,false,1,0,,2026-07-01,,"🌍 Learn real English for everyday life 
🗣 Practice speaking with simple lessons 
⏱ Just 5 minutes a day 
👉 Download now",👉 Download now,Download,https://speaklearnfrenchlingoai.onelink.me/Y67n?pid=metaweb_int&c={{campaign.name}}&af_c_id={{campaign.id}}&af_adset={{adset.name}}&af_adset_id={{adset.id}}&af_ad={{ad.name}}&af_ad_id={{ad.id}}&af_siteid={{site_source_name}},"Facebook,Instagram,Audience Network,Messenger,Threads","🌍 Learn real English for everyday life 
🗣 Practice speaking with simple lessons 
⏱ Just 5 minutes a day 
👉 Download now",👉 Download now,Download,https://speaklearnfrenchlingoai.onelink.me/Y67n?pid=metaweb_int&c={{campaign.name}}&af_c_id={{campaign.id}}&af_adset={{adset.name}}&af_adset_id={{adset.id}}&af_ad={{ad.name}}&af_ad_id={{ad.id}}&af_siteid={{site_source_name}},Video,"Facebook,Instagram,Audience Network,Messenger,Threads",1,0,9:16,https://video.fblr20-3.fna.fbcdn.net/o1/v/t2/f2/m366/AQM3pGu3MmQD_6l11fOt2bCAscPyZKkz58e9cjC3SgsCEMLPgss6mh8r6tdBXMt4tiLmb2RyXvi_xLH1C-zHSe6isJO7iDkDfn2ZwA1sf6itKQ.mp4?_nc_cat=100&_nc_oc=AdrZYF4pqS6UdTOlo33Sgaq_EQqYGf-wsISsB4GwO-z_resMfoF7TQyLFEjfHdCaJ9XcGBh90dBQ33vfrFRE02bu&_nc_sid=b66105&_nc_ht=video.fblr20-3.fna.fbcdn.net&_nc_ohc=O0gDXIZMRHAQ7kNvwHM8I95&efg=eyJ2ZW5jb2RlX3RhZyI6Inhwdl9wcm9ncmVzc2l2ZS5WSV9VU0VDQVNFX1BST0RVQ1RfVFlQRS4uQzMuNjA4LmRhc2hfaDI2NC1iYXNpYy1nZW4yXzcyMHAiLCJ4cHZfYXNzZXRfaWQiOjI5NjA5ODcwOTc1Nzg5MzcsImFzc2V0X2FnZV9kYXlzIjo4LCJ2aV91c2VjYXNlX2lkIjoxMDEzOSwiZHVyYXRpb25fcyI6MzYsInVybGdlbl9zb3VyY2UiOiJ3d3cifQ%3D%3D&ccb=17-1&vs=fbeeeede1b30bbcb&_nc_vs=HBksFQIYRWZiX2VwaGVtZXJhbC9GMTQ3NTZCQjczQzE0MUU2QTk4MzU0QzRDODVGQ0JCNV9tdF8xX3ZpZGVvX2Rhc2hpbml0Lm1wNBUAAsgBEgAVAhhAZmJfcGVybWFuZW50Lzc2NDcwOTNGOTJBQjJFNUMzOEQzRUM3MTFCMkU5QzhDX2F1ZGlvX2Rhc2hpbml0Lm1wNBUCAsgBEgAoABgAGwKIB3VzZV9vaWwBMRJwcm9ncmVzc2l2ZV9yZWNpcGUBMRUAACby9pWCkcDCChUCKAJDMywXQEIEOVgQYk4YGWRhc2hfaDI2NC1iYXNpYy1nZW4yXzcyMHARAHUAZbaeAQA&_nc_gid=Racw12kuNKDksZyexeX1Wg&_nc_ss=7f289&_nc_zt=28&oh=00_AQBhEJ5V8lmLB4rS866yeCb0MXRQ3O0o0nZgam2jLhGk5w&oe=6A57E654,https://scontent.fblr20-3.fna.fbcdn.net/v/t39.35426-6/737046354_1043422408030283_60949141926025575_n.jpg?_nc_cat=100&ccb=1-7&_nc_sid=c53f8f&_nc_ohc=90QJQe4qi9IQ7kNvwFpyZgI&_nc_oc=AdqBxg0YKzCHvj-WVGCj-a6u7zUFAeZqRj9bBBDvKxQBNMyoFXlbIKCX5fHzxDG6u1BarEx4KpuOgNbvF2vhND05&_nc_zt=14&_nc_ht=scontent.fblr20-3.fna&_nc_gid=Racw12kuNKDksZyexeX1Wg&_nc_ss=7f289&oh=00_AQD_zK8VP0riRxtC-T8x2q6y0iEMvH7BadaMiv7-fES4GQ&oe=6A57EA3D,2026-07-15T19:58:12.000Z,2026-07-11,https://pub-893b4a6a607b4221a894bf861da7914e.r2.dev/1683265226128164.mp4
13,10,Lingo AI,599204246602758,Lingo AI,,IN,1312402474407625,https://www.facebook.com/ads/library/?id=1312402474407625,2026-06-24,,false,false,1,0,,2026-06-24,,"🌍 Learn real English for everyday life 
🗣 Practice speaking with simple lessons 
⏱ Just 5 minutes a day
👉 Download now",👇 Start now,Download,https://speaklearnfrenchlingoai.onelink.me/Y67n?pid=metaweb_int&c={{campaign.name}}&af_c_id={{campaign.id}}&af_adset={{adset.name}}&af_adset_id={{adset.id}}&af_ad={{ad.name}}&af_ad_id={{ad.id}}&af_siteid={{site_source_name}},"Facebook,Instagram,Audience Network,Messenger,Threads","🌍 Learn real English for everyday life 
🗣 Practice speaking with simple lessons 
⏱ Just 5 minutes a day
👉 Download now",👇 Start now,Download,https://speaklearnfrenchlingoai.onelink.me/Y67n?pid=metaweb_int&c={{campaign.name}}&af_c_id={{campaign.id}}&af_adset={{adset.name}}&af_adset_id={{adset.id}}&af_ad={{ad.name}}&af_ad_id={{ad.id}}&af_siteid={{site_source_name}},Video,"Facebook,Instagram,Audience Network,Messenger,Threads",1,0,9:16,https://video.fblr20-4.fna.fbcdn.net/o1/v/t2/f2/m366/AQM0AgfUBWyMtlGzjL1mbF_HbdIw7qYQ6xIu-OlZiCv9vWdgnqIuPlMHTVLvs2EY-FEf2AsRkdE4CukStk--wTnGxXqoB8EUYtgaoM9tvufIWw.mp4?_nc_cat=101&_nc_oc=AdpnCd8w5u-wgTUvItfjH-K7KEOl7eUb6Y8TQ7kQ3XSeTprrAQ1U5BFRmOzFHqCQ0UtWbkMXQm_BC8TX4aQg2Txf&_nc_sid=b66105&_nc_ht=video.fblr20-4.fna.fbcdn.net&_nc_ohc=25HqPNlN0OgQ7kNvwHfSvVv&efg=eyJ2ZW5jb2RlX3RhZyI6Inhwdl9wcm9ncmVzc2l2ZS5WSV9VU0VDQVNFX1BST0RVQ1RfVFlQRS4uQzMuNzIwLmRhc2hfaDI2NC1iYXNpYy1nZW4yXzcyMHAiLCJ4cHZfYXNzZXRfaWQiOjE5NDE2NDEzMzk4NDk5NzgsImFzc2V0X2FnZV9kYXlzIjoxOSwidmlfdXNlY2FzZV9pZCI6MTAxMzksImR1cmF0aW9uX3MiOjY0LCJ1cmxnZW5fc291cmNlIjoid3d3In0%3D&ccb=17-1&vs=d4c5d0554586843&_nc_vs=HBksFQIYRWZiX2VwaGVtZXJhbC9DRDQ1NUE2RTI3REEwRUMzMkM3NkU2QUNEMDM4OEJCNV9tdF8xX3ZpZGVvX2Rhc2hpbml0Lm1wNBUAAsgBEgAVAhhAZmJfcGVybWFuZW50LzIyNDVEOTNGREEwQTJGMEI3NkY5ODhFNkQ2NjNFOEFGX2F1ZGlvX2Rhc2hpbml0Lm1wNBUCAsgBEgAoABgAGwKIB3VzZV9vaWwBMRJwcm9ncmVzc2l2ZV9yZWNpcGUBMRUAACb0s76ls_ryBhUCKAJDMywXQFAkOVgQYk4YGWRhc2hfaDI2NC1iYXNpYy1nZW4yXzcyMHARAHUAZbaeAQA&_nc_gid=Racw12kuNKDksZyexeX1Wg&_nc_ss=7f289&_nc_zt=28&oh=00_AQCUcl8xXLcV7KcNFZoWc0fThkLvsn2zDA70eY2QXFv2qg&oe=6A57F223,https://scontent.fblr20-2.fna.fbcdn.net/v/t39.35426-6/730041555_2058174135117723_1435465612502630392_n.jpg?_nc_cat=111&ccb=1-7&_nc_sid=c53f8f&_nc_ohc=UYyWTZ7AbocQ7kNvwHl73yj&_nc_oc=AdqQleQCs6x896w7lNzSdJ_uLpDAw7vLDSXoPFv0MY8xbcoso7FBtUsoEQFPu5FfpjLcLE_V1QbOi8utMCRxavk6&_nc_zt=14&_nc_ht=scontent.fblr20-2.fna&_nc_gid=Racw12kuNKDksZyexeX1Wg&_nc_ss=7f289&oh=00_AQAIijPN3o2z-lfhsUtbqwlOtkMoJsFm8V01pdJem2Wo9A&oe=6A57D740,2026-07-15T20:48:35.000Z,2026-07-11,https://pub-893b4a6a607b4221a894bf861da7914e.r2.dev/1312402474407625.mp4
14,11,Lingo AI,599204246602758,Lingo AI,,IN,993382163488187,https://www.facebook.com/ads/library/?id=993382163488187,2026-06-14,,false,false,1,0,,2026-06-14,,"🌍 Learn real English for everyday life 
🗣 Practice speaking with simple lessons 
⏱ Just 5 minutes a day
👉 Download now",👇 Start now,Download,https://speaklearnfrenchlingoai.onelink.me/Y67n?pid=metaweb_int&c={{campaign.name}}&af_c_id={{campaign.id}}&af_adset={{adset.name}}&af_adset_id={{adset.id}}&af_ad={{ad.name}}&af_ad_id={{ad.id}}&af_siteid={{site_source_name}},"Facebook,Instagram,Audience Network,Messenger,Threads","🌍 Learn real English for everyday life 
🗣 Practice speaking with simple lessons 
⏱ Just 5 minutes a day
👉 Download now",👇 Start now,Download,https://speaklearnfrenchlingoai.onelink.me/Y67n?pid=metaweb_int&c={{campaign.name}}&af_c_id={{campaign.id}}&af_adset={{adset.name}}&af_adset_id={{adset.id}}&af_ad={{ad.name}}&af_ad_id={{ad.id}}&af_siteid={{site_source_name}},Video,"Facebook,Instagram,Audience Network,Messenger,Threads",1,0,9:16,https://video.fblr20-4.fna.fbcdn.net/o1/v/t2/f2/m366/AQOVDfwhLDSrAKDV-Ms4QfUyaYsb440dwd0OdCIEGWPlQpbEL9BkXSr6G5Lfssb1SJEIrTNEIioFD-Y3sU26RnTe7YcInw6r4INdR_WKBKH_oQ.mp4?_nc_cat=101&_nc_oc=AdqDba1Vj8Zwjy9E9hR0_C3XHVlRbJoG3wdOd_1_Xmwt6lq2XvIsHaTX7u4E628HZ159RlscNgB2bTNapsoBaYK7&_nc_sid=b66105&_nc_ht=video.fblr20-4.fna.fbcdn.net&_nc_ohc=Q7E_OBkFgw8Q7kNvwFoGtDc&efg=eyJ2ZW5jb2RlX3RhZyI6Inhwdl9wcm9ncmVzc2l2ZS5WSV9VU0VDQVNFX1BST0RVQ1RfVFlQRS4uQzMuNzIwLmRhc2hfaDI2NC1iYXNpYy1nZW4yXzcyMHAiLCJ4cHZfYXNzZXRfaWQiOjEwMjc4ODY2MTYzNzM3OTYsImFzc2V0X2FnZV9kYXlzIjozMiwidmlfdXNlY2FzZV9pZCI6MTAxMzksImR1cmF0aW9uX3MiOjMyLCJ1cmxnZW5fc291cmNlIjoid3d3In0%3D&ccb=17-1&vs=90d97cf06019a297&_nc_vs=HBksFQIYRWZiX2VwaGVtZXJhbC82ODRGMDRCNTM1OTZFRUUxQUJBNDg4Qzk2MEM1RjQ5Nl9tdF8xX3ZpZGVvX2Rhc2hpbml0Lm1wNBUAAsgBEgAVAhhAZmJfcGVybWFuZW50L0ZFNDgxMjM1MzlCODk5Q0JBMTBGRUVFODI3QkNEMTlDX2F1ZGlvX2Rhc2hpbml0Lm1wNBUCAsgBEgAoABgAGwKIB3VzZV9vaWwBMRJwcm9ncmVzc2l2ZV9yZWNpcGUBMRUAACbIqJuK8LbTAxUCKAJDMywXQEBiDEm6XjUYGWRhc2hfaDI2NC1iYXNpYy1nZW4yXzcyMHARAHUAZbaeAQA&_nc_gid=Racw12kuNKDksZyexeX1Wg&_nc_ss=7f289&_nc_zt=28&oh=00_AQDeBvfLTJACoJDSO0ipaUy3j1JK1_Bpn1v4j1fqq2UKVg&oe=6A57E9A7,https://scontent.fblr20-4.fna.fbcdn.net/v/t39.35426-6/723873114_784630634642845_4232626623611320045_n.jpg?_nc_cat=103&ccb=1-7&_nc_sid=c53f8f&_nc_ohc=XH9G74uGWHYQ7kNvwGAxp8I&_nc_oc=AdptLQUiZ8xqFRn06vQDM_oxX_cWwHC29xXxPb--dam-D2qmo2d317Dt8kqlDnEoZmT8KhIYWkKhfX02uMQSDx0W&_nc_zt=14&_nc_ht=scontent.fblr20-4.fna&_nc_gid=Racw12kuNKDksZyexeX1Wg&_nc_ss=7f289&oh=00_AQCuvoYrPSwboQW3jhnDatueKGWmhfz_kX2Fb7PsbUFzZA&oe=6A57F629,2026-07-15T20:12:23.000Z,2026-07-11,https://pub-893b4a6a607b4221a894bf861da7914e.r2.dev/993382163488187.mp4
15,12,Lingo AI,599204246602758,Lingo AI,,IN,27223086024028518,https://www.facebook.com/ads/library/?id=27223086024028518,2026-06-30,,false,false,1,0,,2026-06-30,,"🌍 Lerne echtes Englisch für den Alltag
🗣 Übe das Sprechen mit einfachen Lektionen
⏱ Nur 5 Minuten pro Tag
👉 Jetzt herunterladen",👉 Jetzt herunterladen,Download,https://speaklearnfrenchlingoai.onelink.me/Y67n?pid=metaweb_int&c={{campaign.name}}&af_c_id={{campaign.id}}&af_adset={{adset.name}}&af_adset_id={{adset.id}}&af_ad={{ad.name}}&af_ad_id={{ad.id}}&af_siteid={{site_source_name}},"Facebook,Instagram,Audience Network,Messenger,Threads","🌍 Lerne echtes Englisch für den Alltag
🗣 Übe das Sprechen mit einfachen Lektionen
⏱ Nur 5 Minuten pro Tag
👉 Jetzt herunterladen",👉 Jetzt herunterladen,Download,https://speaklearnfrenchlingoai.onelink.me/Y67n?pid=metaweb_int&c={{campaign.name}}&af_c_id={{campaign.id}}&af_adset={{adset.name}}&af_adset_id={{adset.id}}&af_ad={{ad.name}}&af_ad_id={{ad.id}}&af_siteid={{site_source_name}},Video,"Facebook,Instagram,Audience Network,Messenger,Threads",1,0,9:16,https://video.fblr20-2.fna.fbcdn.net/o1/v/t2/f2/m366/AQOslrE3IstzwSE0GG8UG-wRiMBCiIHtMUZHnYQAcYh28NDwfZeTB1LOAOluG0s6Twva_diFiOWmuwTwxT5YHd47NxccR6fYpKt0ZtdXxoYFHg.mp4?_nc_cat=102&_nc_oc=Adpw6JYw3ksPA0qVAQBIGjpfBnNbZD4aPEZH3FeTUrp9_wPCgTqE0WV2YHOy6KMwix0vHHiIIxCx5H0EFH-8FCbs&_nc_sid=b66105&_nc_ht=video.fblr20-2.fna.fbcdn.net&_nc_ohc=0xLZD_WS2lcQ7kNvwHHTR1A&efg=eyJ2ZW5jb2RlX3RhZyI6Inhwdl9wcm9ncmVzc2l2ZS5WSV9VU0VDQVNFX1BST0RVQ1RfVFlQRS4uQzMuNjA4LmRhc2hfaDI2NC1iYXNpYy1nZW4yXzcyMHAiLCJ4cHZfYXNzZXRfaWQiOjI0NjczNDE4MTcxMDM1OTcsImFzc2V0X2FnZV9kYXlzIjoxMCwidmlfdXNlY2FzZV9pZCI6MTAxMzksImR1cmF0aW9uX3MiOjM0LCJ1cmxnZW5fc291cmNlIjoid3d3In0%3D&ccb=17-1&vs=60d989a64a99aba&_nc_vs=HBksFQIYRWZiX2VwaGVtZXJhbC8yRTRENDgxRkREODlCQkIxRDYzQTZCNUUyRDFCODVCMl9tdF8xX3ZpZGVvX2Rhc2hpbml0Lm1wNBUAAsgBEgAVAhhAZmJfcGVybWFuZW50LzRBNDRGRUY4NEFDMjA4QTUzQTcwQTFBOUNCQ0Q4OTk4X2F1ZGlvX2Rhc2hpbml0Lm1wNBUCAsgBEgAoABgAGwKIB3VzZV9vaWwBMRJwcm9ncmVzc2l2ZV9yZWNpcGUBMRUAACbak-KImYLiCBUCKAJDMywXQEFEOVgQYk4YGWRhc2hfaDI2NC1iYXNpYy1nZW4yXzcyMHARAHUAZbaeAQA&_nc_gid=Racw12kuNKDksZyexeX1Wg&_nc_ss=7f289&_nc_zt=28&oh=00_AQAX79B0cgpbgu0spb3X5u5K3YUG1CXK_SiWQohkR4rB2w&oe=6A57E862,https://scontent.fblr20-4.fna.fbcdn.net/v/t39.35426-6/734896610_2454476605031051_8649490834366086579_n.jpg?_nc_cat=103&ccb=1-7&_nc_sid=c53f8f&_nc_ohc=U83GJ9N1E3gQ7kNvwGtJ2o-&_nc_oc=AdqSGxy600u7T8Jg3f5OjJFofVhQRryIQGyVCLJKqtGUo6Yxit3DQVw9JwddXlVYPzjQtEt-7sm5JkWqdJxhWxTu&_nc_zt=14&_nc_ht=scontent.fblr20-4.fna&_nc_gid=Racw12kuNKDksZyexeX1Wg&_nc_ss=7f289&oh=00_AQDO9xhnobNMfB7TFzj6Nphi9ZrBJDgX1A-1l1eTnHv41Q&oe=6A57DCF9,2026-07-15T20:06:58.000Z,2026-07-11,https://pub-893b4a6a607b4221a894bf861da7914e.r2.dev/27223086024028518.mp4
16,13,Lingo AI,599204246602758,Lingo AI,,IN,2391010851423275,https://www.facebook.com/ads/library/?id=2391010851423275,2026-07-03,,false,false,1,0,,2026-07-03,,"📘 Aprenda inglês facilmente com lições simples
😊 Ganhe confiança com a prática diária de conversação
👉 Baixe agora",👉 Baixe agora,Download,https://speaklearnfrenchlingoai.onelink.me/Y67n?pid=metaweb_int&c={{campaign.name}}&af_c_id={{campaign.id}}&af_adset={{adset.name}}&af_adset_id={{adset.id}}&af_ad={{ad.name}}&af_ad_id={{ad.id}}&af_siteid={{site_source_name}},"Facebook,Instagram,Audience Network,Messenger,Threads","📘 Aprenda inglês facilmente com lições simples
😊 Ganhe confiança com a prática diária de conversação
👉 Baixe agora",👉 Baixe agora,Download,https://speaklearnfrenchlingoai.onelink.me/Y67n?pid=metaweb_int&c={{campaign.name}}&af_c_id={{campaign.id}}&af_adset={{adset.name}}&af_adset_id={{adset.id}}&af_ad={{ad.name}}&af_ad_id={{ad.id}}&af_siteid={{site_source_name}},Video,"Facebook,Instagram,Audience Network,Messenger,Threads",1,0,9:16,https://video.fblr20-2.fna.fbcdn.net/o1/v/t2/f2/m366/AQM-MdVVDXVoI2Ied35xm2GdYP_voA8tMgxH4pYlchJjCJxl_l-O1-eNbbiGWCKRhGF8fhR7PD6Di4MOu4jvj2gg0_YB6hPybuZVUMGjA6iUzg.mp4?_nc_cat=104&_nc_oc=AdpGt-AatWXhxg3E4n8vZjflZRLqLAsNYcGnwWzgvZoDAFgRWO2S_ybWtkDNN_ay50BLYrG6iI0ot80SMVZ8DrtU&_nc_sid=b66105&_nc_ht=video.fblr20-2.fna.fbcdn.net&_nc_ohc=VK37txxPgDYQ7kNvwFMWxGI&efg=eyJ2ZW5jb2RlX3RhZyI6Inhwdl9wcm9ncmVzc2l2ZS5WSV9VU0VDQVNFX1BST0RVQ1RfVFlQRS4uQzMuNjA4LmRhc2hfaDI2NC1iYXNpYy1nZW4yXzcyMHAiLCJ4cHZfYXNzZXRfaWQiOjEwMTIzMDkxNDExODA4NTksImFzc2V0X2FnZV9kYXlzIjoxMCwidmlfdXNlY2FzZV9pZCI6MTAxMzksImR1cmF0aW9uX3MiOjQ2LCJ1cmxnZW5fc291cmNlIjoid3d3In0%3D&ccb=17-1&vs=92c54ad6655c3698&_nc_vs=HBksFQIYRWZiX2VwaGVtZXJhbC9FNjRBODE3NjM3QTg4MTZDODgyNjREMEQ5REVEREFBOV9tdF8xX3ZpZGVvX2Rhc2hpbml0Lm1wNBUAAsgBEgAVAhhAZmJfcGVybWFuZW50L0I3NDY3OUY1QkFBOEM5MTY5RjUzNjk4MDQ1NUQxNzkxX2F1ZGlvX2Rhc2hpbml0Lm1wNBUCAsgBEgAoABgAGwKIB3VzZV9vaWwBMRJwcm9ncmVzc2l2ZV9yZWNpcGUBMRUAACb2xprskqzMAxUCKAJDMywXQEdRBiTdLxsYGWRhc2hfaDI2NC1iYXNpYy1nZW4yXzcyMHARAHUAZbaeAQA&_nc_gid=Racw12kuNKDksZyexeX1Wg&_nc_ss=7f289&_nc_zt=28&oh=00_AQChZGTIX8ms3ObzPW5ImzjDjP07grzYKLitC1tbtaIOwA&oe=6A57E40C,https://scontent.fblr20-1.fna.fbcdn.net/v/t39.35426-6/734298660_2068193667911394_4727006422086196742_n.jpg?_nc_cat=110&ccb=1-7&_nc_sid=c53f8f&_nc_ohc=q61FIcVpt2UQ7kNvwFLOg4M&_nc_oc=AdppDTmCkbletOzAtGR05KUcpYLxSV0uVCra8XEv-lpW7OPs_ltl96ucb2ihBl7KZj050vHyScK6ZWCN1v1UIum4&_nc_zt=14&_nc_ht=scontent.fblr20-1.fna&_nc_gid=Racw12kuNKDksZyexeX1Wg&_nc_ss=7f289&oh=00_AQDY8sNO9c0PXFtl54zV9l72Ju9DSGBW6LvOuEWd6zLvyw&oe=6A57D1F5,2026-07-15T19:48:28.000Z,2026-07-11,https://pub-893b4a6a607b4221a894bf861da7914e.r2.dev/2391010851423275.mp4
17,14,Lingo AI,599204246602758,Lingo AI,,IN,1525338649343366,https://www.facebook.com/ads/library/?id=1525338649343366,2026-07-05,,false,false,1,0,,2026-07-05,,"🌟 Want to improve your English? 
📱 Learn anytime in just minutes a day 
💬 Build real speaking confidence 
👉 Download now",👉 Download now,Download,https://speaklearnfrenchlingoai.onelink.me/Y67n?pid=metaweb_int&c={{campaign.name}}&af_c_id={{campaign.id}}&af_adset={{adset.name}}&af_adset_id={{adset.id}}&af_ad={{ad.name}}&af_ad_id={{ad.id}}&af_siteid={{site_source_name}},"Facebook,Instagram,Audience Network,Messenger,Threads","🌟 Want to improve your English? 
📱 Learn anytime in just minutes a day 
💬 Build real speaking confidence 
👉 Download now",👉 Download now,Download,https://speaklearnfrenchlingoai.onelink.me/Y67n?pid=metaweb_int&c={{campaign.name}}&af_c_id={{campaign.id}}&af_adset={{adset.name}}&af_adset_id={{adset.id}}&af_ad={{ad.name}}&af_ad_id={{ad.id}}&af_siteid={{site_source_name}},Video,"Facebook,Instagram,Audience Network,Messenger,Threads",1,0,9:16,https://video.fblr20-4.fna.fbcdn.net/o1/v/t2/f2/m366/AQPupglSBeHkuArGDPFU6G2fVErAzgC1cIagoo7CZY6800ho_ynzLSGq-g4j2inOyQTKtFfnzLMeXJA99XUePbGXib1SK-dLEQel5rbrrTitPg.mp4?_nc_cat=101&_nc_oc=AdrjXnQW_WhorTJEACShRpkNlL9Yo-g4gahVE3fkqcx3bGcQIoTcUyMefpwntOEy8jqnSrjA2PDylOK2oWigQ7EL&_nc_sid=b66105&_nc_ht=video.fblr20-4.fna.fbcdn.net&_nc_ohc=w-jvIduUIPcQ7kNvwEdoLZS&efg=eyJ2ZW5jb2RlX3RhZyI6Inhwdl9wcm9ncmVzc2l2ZS5WSV9VU0VDQVNFX1BST0RVQ1RfVFlQRS4uQzMuNjA4LmRhc2hfaDI2NC1iYXNpYy1nZW4yXzcyMHAiLCJ4cHZfYXNzZXRfaWQiOjI3Mzk1NDU5Njk2NzQyNzQ2LCJhc3NldF9hZ2VfZGF5cyI6NCwidmlfdXNlY2FzZV9pZCI6MTAxMzksImR1cmF0aW9uX3MiOjU1LCJ1cmxnZW5fc291cmNlIjoid3d3In0%3D&ccb=17-1&vs=a78bd2720d670a3e&_nc_vs=HBksFQIYRWZiX2VwaGVtZXJhbC80QjRBRTQ4MkU2QTRCNTBDNzkxRTBCODk1OTlFQjY4OF9tdF8xX3ZpZGVvX2Rhc2hpbml0Lm1wNBUAAsgBEgAVAhhAZmJfcGVybWFuZW50L0U1NDFBNDAwNEM4QzU4NDEwMTdDNEU4QTVFN0VDQjkzX2F1ZGlvX2Rhc2hpbml0Lm1wNBUCAsgBEgAoABgAGwKIB3VzZV9vaWwBMRJwcm9ncmVzc2l2ZV9yZWNpcGUBMRUAACa0xfa60IGqYRUCKAJDMywXQEvAAAAAAAAYGWRhc2hfaDI2NC1iYXNpYy1nZW4yXzcyMHARAHUAZbaeAQA&_nc_gid=Racw12kuNKDksZyexeX1Wg&_nc_ss=7f289&_nc_zt=28&oh=00_AQDDiQdgMozRrck0ITpVfgIXYsnighsg7x6r60jj5CymkQ&oe=6A57FF07,https://scontent.fblr20-2.fna.fbcdn.net/v/t39.35426-6/740286139_1555670032736909_149502442402982076_n.jpg?_nc_cat=111&ccb=1-7&_nc_sid=c53f8f&_nc_ohc=FrROhkVaKPIQ7kNvwHI5Opc&_nc_oc=AdrclFPOX8WI5PMIPfb1qi7a-A_ldAg0pO9sKXcvffWS2rFHkIoTbbk5lSfiqY72NQeoahT_qL7eqTBMON3zt9Xc&_nc_zt=14&_nc_ht=scontent.fblr20-2.fna&_nc_gid=Racw12kuNKDksZyexeX1Wg&_nc_ss=7f289&oh=00_AQCUEFxMJVT38Hoqn9wBAC-t2t8ZV0auoZKJn3J8AXT5xA&oe=6A57E521,2026-07-15T21:43:35.000Z,2026-07-11,https://pub-893b4a6a607b4221a894bf861da7914e.r2.dev/1525338649343366.mp4
18,15,Lingo AI,599204246602758,Lingo AI,,IN,1334703498047853,https://www.facebook.com/ads/library/?id=1334703498047853,2026-06-21,,false,false,1,0,,2026-06-21,,"📘 Learn English easily with simple lessons 
😊 Build confidence with everyday speaking practice 
👉 Download now",👉 Download now,Download,http://itunes.apple.com/app/id6740255326,"Facebook,Instagram,Audience Network,Messenger,Threads","📘 Learn English easily with simple lessons 
😊 Build confidence with everyday speaking practice 
👉 Download now",👉 Download now,Download,http://itunes.apple.com/app/id6740255326,Video,"Facebook,Instagram,Audience Network,Messenger,Threads",1,0,9:16,https://video.fblr20-4.fna.fbcdn.net/o1/v/t2/f2/m366/AQMHpr-59YvKUlFqIJVjp_DSTatKuE8FZkeCaGaRYb7AvmJJjOqR5ZMNbY1tNd3vfsGMgiVIwTIAVwKbCMKsrmRcJsX4ojFqXVvrlDG_xjx3kA.mp4?_nc_cat=106&_nc_oc=AdqqMFpY5pzQol7GnPFSp_7BouAuV7BCyUi162k2HrNyupKhUaxnfK0RA3GOix0Np4WalJ7shIgcH4QwT5XtFjDs&_nc_sid=b66105&_nc_ht=video.fblr20-4.fna.fbcdn.net&_nc_ohc=kAWyzUtVRtcQ7kNvwGc7ygw&efg=eyJ2ZW5jb2RlX3RhZyI6Inhwdl9wcm9ncmVzc2l2ZS5WSV9VU0VDQVNFX1BST0RVQ1RfVFlQRS4uQzMuNzIwLmRhc2hfaDI2NC1iYXNpYy1nZW4yXzcyMHAiLCJ4cHZfYXNzZXRfaWQiOjE1MTQyMzQyMjA0NDYyOTUsImFzc2V0X2FnZV9kYXlzIjoyOSwidmlfdXNlY2FzZV9pZCI6MTAxMzksImR1cmF0aW9uX3MiOjI1LCJ1cmxnZW5fc291cmNlIjoid3d3In0%3D&ccb=17-1&vs=73ed84e6977d2cee&_nc_vs=HBksFQIYRWZiX2VwaGVtZXJhbC80RDQwMUIxM0FDMEFDOUJDQTkzQ0Y0NkZEQTEzMzk5RV9tdF8xX3ZpZGVvX2Rhc2hpbml0Lm1wNBUAAsgBEgAVAhhAZmJfcGVybWFuZW50LzRCNDVGMkExNEZCODJCRDNEODY1RjQ1Rjg2NTcyNzgzX2F1ZGlvX2Rhc2hpbml0Lm1wNBUCAsgBEgAoABgAGwKIB3VzZV9vaWwBMRJwcm9ncmVzc2l2ZV9yZWNpcGUBMRUAACauiYiNhMywBRUCKAJDMywXQDkzMzMzMzMYGWRhc2hfaDI2NC1iYXNpYy1nZW4yXzcyMHARAHUAZbaeAQA&_nc_gid=Racw12kuNKDksZyexeX1Wg&_nc_ss=7f289&_nc_zt=28&oh=00_AQAa0hRFpqmA3jpj1okr2ujPww6fC_6NVQ50GqsgNNdKVQ&oe=6A57D416,https://scontent.fblr20-4.fna.fbcdn.net/v/t39.35426-6/727823771_2191918264889701_3855854461242182345_n.jpg?_nc_cat=106&ccb=1-7&_nc_sid=c53f8f&_nc_ohc=DEFUHsyyn6EQ7kNvwEbOPTj&_nc_oc=Adq3K9LJe-t7wnCZUjWO3AS6oS6Xv6H9yvyKMyeYISY6NO6bTWZ8FRmc6zrKPqLzivXwi7JhShFxBMxDfaDlkwMa&_nc_zt=14&_nc_ht=scontent.fblr20-4.fna&_nc_gid=Racw12kuNKDksZyexeX1Wg&_nc_ss=7f289&oh=00_AQCkdL18n_i9Gz_vCuGGubxruAP54gLkYSy4UBslDjMaBA&oe=6A57D080,2026-07-15T18:40:22.000Z,2026-07-11,https://pub-893b4a6a607b4221a894bf861da7914e.r2.dev/1334703498047853.mp4
19,16,Lingo AI,599204246602758,Lingo AI,,IN,1006880602208933,https://www.facebook.com/ads/library/?id=1006880602208933,2026-07-01,,false,true,2,0,1006880602208933,2026-07-01,,"🌟 Want to improve your English?
📱 Learn anytime in just minutes a day
💬 Build real speaking confidence",👉 Download now,Install now,http://itunes.apple.com/app/id6740255326,"Facebook,Instagram,Audience Network,Messenger,Threads","🌟 Want to improve your English?
📱 Learn anytime in just minutes a day
💬 Build real speaking confidence",👉 Download now,Install now,http://itunes.apple.com/app/id6740255326,Video,"Facebook,Instagram,Audience Network,Messenger,Threads",1,0,9:16,https://video.fblr20-4.fna.fbcdn.net/o1/v/t2/f2/m366/AQNo5ImfacPUPabM1jJYJk7H0R0nNK_znpJmwqgbrYilju4JkIsbLEbtkE7STW0u2yLaVw6ETbRIrNvyn4iHTJ-ZB4hgOW9SmkBkGr14rQQk3w.mp4?_nc_cat=103&_nc_oc=AdowvfltvqEIyCqpnrl5cNkkKQWzobnalhvpC5BO6HrXdUYgKncZBEUs3_3guuysB0Np7p2YLeolbSh1W_NxIx8v&_nc_sid=b66105&_nc_ht=video.fblr20-4.fna.fbcdn.net&_nc_ohc=XOQ_1O6JEJoQ7kNvwFbkYeQ&efg=eyJ2ZW5jb2RlX3RhZyI6Inhwdl9wcm9ncmVzc2l2ZS5WSV9VU0VDQVNFX1BST0RVQ1RfVFlQRS4uQzMuNzIwLmRhc2hfaDI2NC1iYXNpYy1nZW4yXzcyMHAiLCJ4cHZfYXNzZXRfaWQiOjI3NTY2MDE5NzEzNzM1MjgsImFzc2V0X2FnZV9kYXlzIjo1MCwidmlfdXNlY2FzZV9pZCI6MTAxMzksImR1cmF0aW9uX3MiOjY5LCJ1cmxnZW5fc291cmNlIjoid3d3In0%3D&ccb=17-1&vs=3a41bf52f0b567b7&_nc_vs=HBksFQIYRWZiX2VwaGVtZXJhbC9ENTRFODIwNjY4Qzk5OUM0RTQ5OTY2ODg5ODcwMTdBNF9tdF8xX3ZpZGVvX2Rhc2hpbml0Lm1wNBUAAsgBEgAVAhhAZmJfcGVybWFuZW50LzQ1NDNEQjc1REU1MUZGM0Q4OTI1MkI4QTk3MTA2RDg1X2F1ZGlvX2Rhc2hpbml0Lm1wNBUCAsgBEgAoABgAGwKIB3VzZV9vaWwBMRJwcm9ncmVzc2l2ZV9yZWNpcGUBMRUAACaw19OUrcflCRUCKAJDMywXQFFu6XjU_fQYGWRhc2hfaDI2NC1iYXNpYy1nZW4yXzcyMHARAHUAZbaeAQA&_nc_gid=Racw12kuNKDksZyexeX1Wg&_nc_ss=7f289&_nc_zt=28&oh=00_AQB38n8PB2uaQx5rYwWVjg_7lT-e3CQpnBIfFixytAwX2g&oe=6A57CEE5,https://scontent.fblr20-1.fna.fbcdn.net/v/t39.35426-6/738464985_1344787027829866_329281944612702239_n.jpg?_nc_cat=110&ccb=1-7&_nc_sid=c53f8f&_nc_ohc=pkr1i6YSbMwQ7kNvwFLq8Bh&_nc_oc=Adpu9j1UDF_LVrMQiOsSsS8JJGP_UsH-BP-I78vKyI1olv9ROdzE1RkE6WdZobe5eNx-OnuDINnCwu2L5jJADA_S&_nc_zt=14&_nc_ht=scontent.fblr20-1.fna&_nc_gid=Racw12kuNKDksZyexeX1Wg&_nc_ss=7f289&oh=00_AQBZdSkmX9mAWVkpklQRTRbgWzFXCt-cG-SqbZe8E5btoA&oe=6A57E8A6,2026-07-15T18:18:13.000Z,2026-07-11,https://pub-893b4a6a607b4221a894bf861da7914e.r2.dev/1006880602208933.mp4
20,16,Lingo AI,599204246602758,Lingo AI,,IN,1006880602208933,https://www.facebook.com/ads/library/?id=1006880602208933,2026-07-01,,false,true,2,1,3294172767454704,2026-07-08,,"🌟 Want to improve your English?
📱 Learn anytime in just minutes a day
💬 Build real speaking confidence",👉 Download now,Install now,http://itunes.apple.com/app/id6740255326,"Facebook,Instagram,Audience Network,Messenger,Threads","🌟 Want to improve your English?
📱 Learn anytime in just minutes a day
💬 Build real speaking confidence",👉 Download now,Install now,http://itunes.apple.com/app/id6740255326,Video,"Facebook,Instagram,Audience Network,Messenger,Threads",1,0,9:16,https://video.fblr20-4.fna.fbcdn.net/o1/v/t2/f2/m366/AQNo5ImfacPUPabM1jJYJk7H0R0nNK_znpJmwqgbrYilju4JkIsbLEbtkE7STW0u2yLaVw6ETbRIrNvyn4iHTJ-ZB4hgOW9SmkBkGr14rQQk3w.mp4?_nc_cat=103&_nc_oc=AdowvfltvqEIyCqpnrl5cNkkKQWzobnalhvpC5BO6HrXdUYgKncZBEUs3_3guuysB0Np7p2YLeolbSh1W_NxIx8v&_nc_sid=b66105&_nc_ht=video.fblr20-4.fna.fbcdn.net&_nc_ohc=XOQ_1O6JEJoQ7kNvwFbkYeQ&efg=eyJ2ZW5jb2RlX3RhZyI6Inhwdl9wcm9ncmVzc2l2ZS5WSV9VU0VDQVNFX1BST0RVQ1RfVFlQRS4uQzMuNzIwLmRhc2hfaDI2NC1iYXNpYy1nZW4yXzcyMHAiLCJ4cHZfYXNzZXRfaWQiOjI3NTY2MDE5NzEzNzM1MjgsImFzc2V0X2FnZV9kYXlzIjo1MCwidmlfdXNlY2FzZV9pZCI6MTAxMzksImR1cmF0aW9uX3MiOjY5LCJ1cmxnZW5fc291cmNlIjoid3d3In0%3D&ccb=17-1&vs=3a41bf52f0b567b7&_nc_vs=HBksFQIYRWZiX2VwaGVtZXJhbC9ENTRFODIwNjY4Qzk5OUM0RTQ5OTY2ODg5ODcwMTdBNF9tdF8xX3ZpZGVvX2Rhc2hpbml0Lm1wNBUAAsgBEgAVAhhAZmJfcGVybWFuZW50LzQ1NDNEQjc1REU1MUZGM0Q4OTI1MkI4QTk3MTA2RDg1X2F1ZGlvX2Rhc2hpbml0Lm1wNBUCAsgBEgAoABgAGwKIB3VzZV9vaWwBMRJwcm9ncmVzc2l2ZV9yZWNpcGUBMRUAACaw19OUrcflCRUCKAJDMywXQFFu6XjU_fQYGWRhc2hfaDI2NC1iYXNpYy1nZW4yXzcyMHARAHUAZbaeAQA&_nc_gid=cciqv1_k64B06kFuB4dPzg&_nc_ss=7f289&_nc_zt=28&oh=00_AQCg_Ugt5Up2nHtVdJU8BsPVDfkXrvIOZdG5xQJjyBNbAA&oe=6A57CEE5,https://scontent.fblr20-2.fna.fbcdn.net/v/t39.35426-6/742317191_2133382857583495_2507764537510205585_n.jpg?_nc_cat=104&ccb=1-7&_nc_sid=c53f8f&_nc_ohc=W3ROiOGoNVcQ7kNvwErmEmh&_nc_oc=Adpa2rppP-Aa7BVzb58p__efrmVnX_24dFm24guKOdVDLeDiEsqpbcyD_I7PXEG3L5yH2onnIVDUU6KymOaapl5p&_nc_zt=14&_nc_ht=scontent.fblr20-2.fna&_nc_gid=cciqv1_k64B06kFuB4dPzg&_nc_ss=7f289&oh=00_AQCDTDmx7llAgAC8ybZEUkBgx9ErUSN_EzJAF8RHKf0JPA&oe=6A57FA5E,2026-07-15T18:18:13.000Z,2026-07-11,
21,17,Lingo AI,599204246602758,Lingo AI,,IN,1402910178342547,https://www.facebook.com/ads/library/?id=1402910178342547,2026-06-17,,false,false,1,0,,2026-06-17,,"📘 Learn English easily with simple lessons 
😊 Build confidence with everyday speaking practice 
👉 Download now",👉 Download now,Download,https://speaklearnfrenchlingoai.onelink.me/Y67n?pid=metaweb_int&c={{campaign.name}}&af_c_id={{campaign.id}}&af_adset={{adset.name}}&af_adset_id={{adset.id}}&af_ad={{ad.name}}&af_ad_id={{ad.id}}&af_siteid={{site_source_name}},"Facebook,Instagram,Audience Network,Messenger,Threads","📘 Learn English easily with simple lessons 
😊 Build confidence with everyday speaking practice 
👉 Download now",👉 Download now,Download,https://speaklearnfrenchlingoai.onelink.me/Y67n?pid=metaweb_int&c={{campaign.name}}&af_c_id={{campaign.id}}&af_adset={{adset.name}}&af_adset_id={{adset.id}}&af_ad={{ad.name}}&af_ad_id={{ad.id}}&af_siteid={{site_source_name}},Video,"Facebook,Instagram,Audience Network,Messenger,Threads",1,0,9:16,https://video.fblr20-1.fna.fbcdn.net/o1/v/t2/f2/m366/AQOGZ7HlTCExMT4p4fkegplXKJPa93JmP4EzpFORhKhBnYwvWvvMHS-B-g5Edb1ayCt_dl3iQX1jy-gwLKiuOmD6YYni-Dq8EB-YiaPtkalhtg.mp4?_nc_cat=108&_nc_oc=AdppsVA-ZDuKXDg-RnoqDADR_w2hP1Bl7GiurxQ4k6GnhikhWqnt62CtK0U_epuZ7qYJCxZSFjos76NGGtBJc7Po&_nc_sid=b66105&_nc_ht=video.fblr20-1.fna.fbcdn.net&_nc_ohc=dTUOi15KXrwQ7kNvwGwgKdg&efg=eyJ2ZW5jb2RlX3RhZyI6Inhwdl9wcm9ncmVzc2l2ZS5WSV9VU0VDQVNFX1BST0RVQ1RfVFlQRS4uQzMuNjA4LmRhc2hfaDI2NC1iYXNpYy1nZW4yXzcyMHAiLCJ4cHZfYXNzZXRfaWQiOjI3MzU5NjkzMzg2OTU3MDk2LCJhc3NldF9hZ2VfZGF5cyI6NjIsInZpX3VzZWNhc2VfaWQiOjEwMTM5LCJkdXJhdGlvbl9zIjozNSwidXJsZ2VuX3NvdXJjZSI6Ind3dyJ9&ccb=17-1&vs=9ac3db04755f7e06&_nc_vs=HBksFQIYRWZiX2VwaGVtZXJhbC9BNDRGRDg0QjJFNEVGQ0Q0ODZCRTBERkMwNjEwQzg5OV9tdF8xX3ZpZGVvX2Rhc2hpbml0Lm1wNBUAAsgBEgAVAhhAZmJfcGVybWFuZW50L0I0NEY1QTZDMTU3NjgwNDZFQUQwQTE3NkMwN0MzRThEX2F1ZGlvX2Rhc2hpbml0Lm1wNBUCAsgBEgAoABgAGwKIB3VzZV9vaWwBMRJwcm9ncmVzc2l2ZV9yZWNpcGUBMRUAACbQhPLX4N-ZYRUCKAJDMywXQEHiDEm6XjUYGWRhc2hfaDI2NC1iYXNpYy1nZW4yXzcyMHARAHUAZbaeAQA&_nc_gid=Racw12kuNKDksZyexeX1Wg&_nc_ss=7f289&_nc_zt=28&oh=00_AQCDlegoslfQxK_2HAeDaCmXl25j9CVtn_CzpNwzHEfpxg&oe=6A57D000,https://scontent.fblr20-4.fna.fbcdn.net/v/t39.35426-6/722769300_1415827243687534_7508022076345773465_n.jpg?_nc_cat=101&ccb=1-7&_nc_sid=c53f8f&_nc_ohc=65YPFnMbq4gQ7kNvwG3ecab&_nc_oc=AdpStJng5zbzs_WrDCeJjZcgTby_J2RGFddu4Ge7MtbAVzlbOAQ1SNhbXXwuDoN22Lks-kOu16DnqN25xmXW1YEx&_nc_zt=14&_nc_ht=scontent.fblr20-4.fna&_nc_gid=Racw12kuNKDksZyexeX1Wg&_nc_ss=7f289&oh=00_AQAb1okYJC_yGJIDWm8btQ6ffVM-K5SZE1Pj80Lr3HQOPA&oe=6A57CFDB,2026-07-15T18:22:56.000Z,2026-07-11,https://pub-893b4a6a607b4221a894bf861da7914e.r2.dev/1402910178342547.mp4
22,18,Lingo AI,599204246602758,Lingo AI,,IN,2223760955053163,https://www.facebook.com/ads/library/?id=2223760955053163,2026-06-17,,false,false,1,0,,2026-06-17,,"📘 Learn English easily with simple lessons 
😊 Build confidence with everyday speaking practice 
👉 Download now",👉 Download now,Download,https://speaklearnfrenchlingoai.onelink.me/Y67n?pid=metaweb_int&c={{campaign.name}}&af_c_id={{campaign.id}}&af_adset={{adset.name}}&af_adset_id={{adset.id}}&af_ad={{ad.name}}&af_ad_id={{ad.id}}&af_siteid={{site_source_name}},"Facebook,Instagram,Audience Network,Messenger,Threads","📘 Learn English easily with simple lessons 
😊 Build confidence with everyday speaking practice 
👉 Download now",👉 Download now,Download,https://speaklearnfrenchlingoai.onelink.me/Y67n?pid=metaweb_int&c={{campaign.name}}&af_c_id={{campaign.id}}&af_adset={{adset.name}}&af_adset_id={{adset.id}}&af_ad={{ad.name}}&af_ad_id={{ad.id}}&af_siteid={{site_source_name}},Video,"Facebook,Instagram,Audience Network,Messenger,Threads",1,0,9:16,https://video.fblr20-2.fna.fbcdn.net/o1/v/t2/f2/m366/AQPqUtqUQpaumtBUhzDRaifg40-sTEUV6lvCnh61EaATCyKC596BKisAdOvNveAZpz6E981E2rUkJvcHpn6rS5_KD93Gqj3KmShV3rI2X5qFjg.mp4?_nc_cat=102&_nc_oc=AdrnBkFrhd2sm1YW9Q8xZe8v1r74T78BhkBsXqmUUTanS__hbByieUCRJnL674xqaL3TAu94TtWFgvs5aSLmBmbC&_nc_sid=b66105&_nc_ht=video.fblr20-2.fna.fbcdn.net&_nc_ohc=z6LisaDUrL8Q7kNvwGMhZbJ&efg=eyJ2ZW5jb2RlX3RhZyI6Inhwdl9wcm9ncmVzc2l2ZS5WSV9VU0VDQVNFX1BST0RVQ1RfVFlQRS4uQzMuNjA4LmRhc2hfaDI2NC1iYXNpYy1nZW4yXzcyMHAiLCJ4cHZfYXNzZXRfaWQiOjEzMTUyODE4NTM4OTY0ODUsImFzc2V0X2FnZV9kYXlzIjo1MywidmlfdXNlY2FzZV9pZCI6MTAxMzksImR1cmF0aW9uX3MiOjM1LCJ1cmxnZW5fc291cmNlIjoid3d3In0%3D&ccb=17-1&vs=68b9c3c7ac514fee&_nc_vs=HBksFQIYRWZiX2VwaGVtZXJhbC9CNjQ2RjI2NzIyOTUxN0MzMEU2MzcyNkZGRENDQUE4Nl9tdF8xX3ZpZGVvX2Rhc2hpbml0Lm1wNBUAAsgBEgAVAhhAZmJfcGVybWFuZW50Lzg3NEI3QjkxMERFRUI3MkE2RkZEMUVCREU4Qzg4Mzk0X2F1ZGlvX2Rhc2hpbml0Lm1wNBUCAsgBEgAoABgAGwKIB3VzZV9vaWwBMRJwcm9ncmVzc2l2ZV9yZWNpcGUBMRUAACbK3PK6vY_WBBUCKAJDMywXQEGIcrAgxJwYGWRhc2hfaDI2NC1iYXNpYy1nZW4yXzcyMHARAHUAZbaeAQA&_nc_gid=Racw12kuNKDksZyexeX1Wg&_nc_ss=7f289&_nc_zt=28&oh=00_AQB5BfGHsxn48dCMA0WEdg7igesjepbGjK64zqz1QLG_HQ&oe=6A57F422,https://scontent.fblr20-3.fna.fbcdn.net/v/t39.35426-6/722132382_876487148214806_1223841805364374710_n.jpg?_nc_cat=109&ccb=1-7&_nc_sid=c53f8f&_nc_ohc=JoSuvmWi-BEQ7kNvwFEECp2&_nc_oc=AdowWsOeGMSjwWLZ1rOcXmlI3Yl81Fy177NXaR6jnDdrnDkOSANS9xSd6sZ_4UhYIVM9c_BQSsY23cP6HjMsvcac&_nc_zt=14&_nc_ht=scontent.fblr20-3.fna&_nc_gid=Racw12kuNKDksZyexeX1Wg&_nc_ss=7f289&oh=00_AQBSUWzLcOq4g9jbKn9ENXsAtfKO_RTFaqIiJytczgU72g&oe=6A57F64B,2026-07-15T20:57:06.000Z,2026-07-11,https://pub-893b4a6a607b4221a894bf861da7914e.r2.dev/2223760955053163.mp4
23,19,Lingo AI,599204246602758,Lingo AI,,IN,4494315040857752,https://www.facebook.com/ads/library/?id=4494315040857752,2026-07-01,,false,false,1,0,,2026-07-01,,"📘 Learn English easily with simple lessons 
😊 Build confidence with everyday speaking practice 
👉 Download now",👉 Download now,Install now,http://itunes.apple.com/app/id6740255326,"Facebook,Instagram,Audience Network,Messenger,Threads","📘 Learn English easily with simple lessons 
😊 Build confidence with everyday speaking practice 
👉 Download now",👉 Download now,Install now,http://itunes.apple.com/app/id6740255326,Video,"Facebook,Instagram,Audience Network,Messenger,Threads",1,0,9:16,https://video.fblr20-4.fna.fbcdn.net/o1/v/t2/f2/m366/AQPVu_7T9bGG5j1MdDY5N4Zm-Roc0CFOS-gX9zIMf70vLOFqNK3aE2BpqcRDGI5tsTv212VxYP9mzfKoKYXS2ARHZtH9c7Q5Wx4BH_G3fUACoQ.mp4?_nc_cat=101&_nc_oc=AdqmmdPch--8xlqA46VxXWWzcCaI19x7SjmY-toOqohErCEp771bLIhK8Kb36JfQvBKUTP7Dni60Hxeunt6mxmD3&_nc_sid=b66105&_nc_ht=video.fblr20-4.fna.fbcdn.net&_nc_ohc=15qHRNQwAGIQ7kNvwE_u5De&efg=eyJ2ZW5jb2RlX3RhZyI6Inhwdl9wcm9ncmVzc2l2ZS5WSV9VU0VDQVNFX1BST0RVQ1RfVFlQRS4uQzMuNzIwLmRhc2hfaDI2NC1iYXNpYy1nZW4yXzcyMHAiLCJ4cHZfYXNzZXRfaWQiOjEzMjc4ODU2NDI2NDM5MjIsImFzc2V0X2FnZV9kYXlzIjoyMywidmlfdXNlY2FzZV9pZCI6MTAxMzksImR1cmF0aW9uX3MiOjQ2LCJ1cmxnZW5fc291cmNlIjoid3d3In0%3D&ccb=17-1&vs=1bda19167822fcf9&_nc_vs=HBksFQIYRWZiX2VwaGVtZXJhbC9CNjRGMkY4ODUxOUYzNDQwRDE0NkVENzc2NjdFRDNCOF9tdF8xX3ZpZGVvX2Rhc2hpbml0Lm1wNBUAAsgBEgAVAhhAZmJfcGVybWFuZW50LzVBNDJCQTdCMEZEMUYxQTY3RTg5RTQxMzYwQTZCRjk4X2F1ZGlvX2Rhc2hpbml0Lm1wNBUCAsgBEgAoABgAGwKIB3VzZV9vaWwBMRJwcm9ncmVzc2l2ZV9yZWNpcGUBMRUAACak58GAj-3bBBUCKAJDMywXQEcVP3ztkWgYGWRhc2hfaDI2NC1iYXNpYy1nZW4yXzcyMHARAHUAZbaeAQA&_nc_gid=Racw12kuNKDksZyexeX1Wg&_nc_ss=7f289&_nc_zt=28&oh=00_AQCj0pEaLOky2JsklVUz8cr0aSim6PM9dC3oKGSjkc4bVQ&oe=6A57F34B,https://scontent.fblr20-2.fna.fbcdn.net/v/t39.35426-6/738927253_1071766928829781_1026799190065604207_n.jpg?_nc_cat=102&ccb=1-7&_nc_sid=c53f8f&_nc_ohc=bozgv-24qzAQ7kNvwGz2ryP&_nc_oc=AdozagTpz3vJBMy2fjQCxknOmOmEraFjoo2ed-yuPLLPW9V9pwgxsAW6R_1CHBmdoI-mYt1wT3Szmma2up2TCbm6&_nc_zt=14&_nc_ht=scontent.fblr20-2.fna&_nc_gid=Racw12kuNKDksZyexeX1Wg&_nc_ss=7f289&oh=00_AQDOMvVqRFO9xZ16G4CyQXlvKuYyR4P3Q-q-hBdHV8QR-w&oe=6A57F265,2026-07-15T20:53:31.000Z,2026-07-11,https://pub-893b4a6a607b4221a894bf861da7914e.r2.dev/4494315040857752.mp4
24,20,Lingo AI,599204246602758,Lingo AI,,IN,2019382318667999,https://www.facebook.com/ads/library/?id=2019382318667999,2026-07-01,,false,false,1,0,,2026-07-01,,"🌍 Learn real English for everyday life 
🗣 Practice speaking with simple lessons 
⏱ Just 5 minutes a day 
👉 Download now",👉 Download now,Download,https://speaklearnfrenchlingoai.onelink.me/Y67n?pid=metaweb_int&c={{campaign.name}}&af_c_id={{campaign.id}}&af_adset={{adset.name}}&af_adset_id={{adset.id}}&af_ad={{ad.name}}&af_ad_id={{ad.id}}&af_siteid={{site_source_name}},"Facebook,Instagram,Audience Network,Messenger,Threads","🌍 Learn real English for everyday life 
🗣 Practice speaking with simple lessons 
⏱ Just 5 minutes a day 
👉 Download now",👉 Download now,Download,https://speaklearnfrenchlingoai.onelink.me/Y67n?pid=metaweb_int&c={{campaign.name}}&af_c_id={{campaign.id}}&af_adset={{adset.name}}&af_adset_id={{adset.id}}&af_ad={{ad.name}}&af_ad_id={{ad.id}}&af_siteid={{site_source_name}},Video,"Facebook,Instagram,Audience Network,Messenger,Threads",1,0,9:16,https://video.fblr20-2.fna.fbcdn.net/o1/v/t2/f2/m366/AQPksBBu-ZBLGnp756pgwPrVpBEVueyQYMB-H2xWVC3SuGTo0AIrGjorSdQctEN7loUQD9NXihDYKxbFVx9Dwb86sTwZG5lr0FzKpah5wM54SQ.mp4?_nc_cat=104&_nc_oc=AdoXpLpAHlRCULTgrq_t3A8QgWGBRO0eKRuo9dH4PkBh0HSfjFnIbiWaUOzTeMP8unHxEZKuKK9vB1yxPUwcKgBV&_nc_sid=b66105&_nc_ht=video.fblr20-2.fna.fbcdn.net&_nc_ohc=7ezxABr4HoIQ7kNvwGDt5me&efg=eyJ2ZW5jb2RlX3RhZyI6Inhwdl9wcm9ncmVzc2l2ZS5WSV9VU0VDQVNFX1BST0RVQ1RfVFlQRS4uQzMuNjA4LmRhc2hfaDI2NC1iYXNpYy1nZW4yXzcyMHAiLCJ4cHZfYXNzZXRfaWQiOjE3MzE3MDEyNjgwMjA1MTcsImFzc2V0X2FnZV9kYXlzIjo4LCJ2aV91c2VjYXNlX2lkIjoxMDEzOSwiZHVyYXRpb25fcyI6MzIsInVybGdlbl9zb3VyY2UiOiJ3d3cifQ%3D%3D&ccb=17-1&vs=f82f265db0ffc092&_nc_vs=HBksFQIYRWZiX2VwaGVtZXJhbC9BRTRBMzJBNjA5NDk4QTdDMEY2QkM1NkQzMTc5NTI5N19tdF8xX3ZpZGVvX2Rhc2hpbml0Lm1wNBUAAsgBEgAVAhhAZmJfcGVybWFuZW50L0M2NDYxRDA5OUU4NzhENzYwMjBFRTAwNzE4RUQ4OUIwX2F1ZGlvX2Rhc2hpbml0Lm1wNBUCAsgBEgAoABgAGwKIB3VzZV9vaWwBMRJwcm9ncmVzc2l2ZV9yZWNpcGUBMRUAACbK9P_uo76TBhUCKAJDMywXQEBRBiTdLxsYGWRhc2hfaDI2NC1iYXNpYy1nZW4yXzcyMHARAHUAZbaeAQA&_nc_gid=Racw12kuNKDksZyexeX1Wg&_nc_ss=7f289&_nc_zt=28&oh=00_AQAIa1fL75CbPnY9UjpDAyYWjL5e1o4EYfRLYkrP8cZo3w&oe=6A57CA10,https://scontent.fblr20-3.fna.fbcdn.net/v/t39.35426-6/735317500_1731934758153018_5035514940070755384_n.jpg?_nc_cat=100&ccb=1-7&_nc_sid=c53f8f&_nc_ohc=R5R_3b3_AxgQ7kNvwFWJMyV&_nc_oc=AdqmyAgvw4swsa3FMXNwtl0DohTG2byMSHPpVrFfzYpHzUZgLolqZVhD_ULHpTV0sE4XUfR4rtwv-RFT608ExlZ7&_nc_zt=14&_nc_ht=scontent.fblr20-3.fna&_nc_gid=Racw12kuNKDksZyexeX1Wg&_nc_ss=7f289&oh=00_AQABPUxx_Hffx6NmDvlfp1kcUfR83HxOf9lcHLDmr7GRVQ&oe=6A57EC7C,2026-07-15T17:57:36.000Z,2026-07-11,https://pub-893b4a6a607b4221a894bf861da7914e.r2.dev/2019382318667999.mp4
25,21,Lingo AI,599204246602758,Lingo AI,,IN,1037404378858206,https://www.facebook.com/ads/library/?id=1037404378858206,2026-07-01,,false,false,1,0,,2026-07-01,,"📘 Learn English easily with simple lessons 
😊 Build confidence with everyday speaking practice 
👉 Download now",👉 Download now,Install now,http://itunes.apple.com/app/id6740255326,"Facebook,Instagram,Audience Network,Messenger,Threads","📘 Learn English easily with simple lessons 
😊 Build confidence with everyday speaking practice 
👉 Download now",👉 Download now,Install now,http://itunes.apple.com/app/id6740255326,Video,"Facebook,Instagram,Audience Network,Messenger,Threads",1,0,9:16,https://video.fblr20-1.fna.fbcdn.net/o1/v/t2/f2/m366/AQMuRKmlyXptGk_yOoGYZqKSfBNukeaUTJdOYy7S_pXKMtUCDs5bD01ziwO09OPCf5dLJgazQdyh0ofm39DutsKvbnpLU5_4nMwyuu3DfqkWQg.mp4?_nc_cat=108&_nc_oc=AdrrHsfC0U63CqObdghqz4mhrY7dnfKO3SAZFKR8DlttlnZk8P7EhtSu6qVpP-Bg7ko2TLpavG1p-ZLZINvJuiqo&_nc_sid=b66105&_nc_ht=video.fblr20-1.fna.fbcdn.net&_nc_ohc=P_zI0JjNBNUQ7kNvwH6Rnww&efg=eyJ2ZW5jb2RlX3RhZyI6Inhwdl9wcm9ncmVzc2l2ZS5WSV9VU0VDQVNFX1BST0RVQ1RfVFlQRS4uQzMuNTc2LmRhc2hfaDI2NC1iYXNpYy1nZW4yXzcyMHAiLCJ4cHZfYXNzZXRfaWQiOjEyMDIzODQ4Nzg1MDkzODgsImFzc2V0X2FnZV9kYXlzIjo3MywidmlfdXNlY2FzZV9pZCI6MTAxMzksImR1cmF0aW9uX3MiOjE5MywidXJsZ2VuX3NvdXJjZSI6Ind3dyJ9&ccb=17-1&vs=6e412509ddfa25f6&_nc_vs=HBksFQIYRWZiX2VwaGVtZXJhbC8zODREMENGNzgxQTQ4QzY3NEQ4MUY2RkI1QTEwQjhCN19tdF8xX3ZpZGVvX2Rhc2hpbml0Lm1wNBUAAsgBEgAVAhhAZmJfcGVybWFuZW50L0E1NDE5QUNFMzhCRTk2MkY2RjVGNUFDRUY1OEE1REJEX2F1ZGlvX2Rhc2hpbml0Lm1wNBUCAsgBEgAoABgAGwKIB3VzZV9vaWwBMRJwcm9ncmVzc2l2ZV9yZWNpcGUBMRUAACaY9Yi5geSiBBUCKAJDMywXQGgwAAAAAAAYGWRhc2hfaDI2NC1iYXNpYy1nZW4yXzcyMHARAHUAZbaeAQA&_nc_gid=Racw12kuNKDksZyexeX1Wg&_nc_ss=7f289&_nc_zt=28&oh=00_AQCLa-OzFPpOs1o60Xe7SaeQ11H8C_kPeMaz5jfzgAkIKA&oe=6A57E9BC,https://scontent.fblr20-4.fna.fbcdn.net/v/t39.35426-6/732984576_1475719397931373_6687465576430472354_n.jpg?_nc_cat=106&ccb=1-7&_nc_sid=c53f8f&_nc_ohc=OOwpWQJJ7IoQ7kNvwHy9Au9&_nc_oc=AdpfK0zVTHvGkA4txYUp2cOb46ej2sqDk-OhZHSREKfn6Skk9QqTuFoZqsT75L7RWiUdQSNktSH3Bph_SjRFtF1O&_nc_zt=14&_nc_ht=scontent.fblr20-4.fna&_nc_gid=Racw12kuNKDksZyexeX1Wg&_nc_ss=7f289&oh=00_AQBlOpJO3MgkpV5hv846z1Le4eVXbLdoiSWZ05YlPo5V6A&oe=6A57C9F9,2026-07-15T20:12:44.000Z,2026-07-11,https://pub-893b4a6a607b4221a894bf861da7914e.r2.dev/1037404378858206.mp4
26,22,Lingo AI,599204246602758,Lingo AI,,IN,2392982457860413,https://www.facebook.com/ads/library/?id=2392982457860413,2026-07-05,,false,false,1,0,,2026-07-05,,"😊The best place to learn French language
💼 Boost your French skills in just 5 minutes a day! 
📚The efficient path to fluency.",✨Try it now~,Install now,http://itunes.apple.com/app/id6740255326,"Facebook,Instagram,Audience Network,Messenger,Threads","😊The best place to learn French language
💼 Boost your French skills in just 5 minutes a day! 
📚The efficient path to fluency.",✨Try it now~,Install now,http://itunes.apple.com/app/id6740255326,Video,"Facebook,Instagram,Audience Network,Messenger,Threads",1,0,9:16,https://video.fblr20-4.fna.fbcdn.net/o1/v/t2/f2/m366/AQPG6hSaHCGMorhN1Vypu-MzEnP4CN35eLzEmth_s27M3vSPFaRGgrkW48ycjO1LW7k6U6Be0BBJF14saxn28LP6dl0HyX2GJosp8S1935Y5Iw.mp4?_nc_cat=106&_nc_oc=AdpQEPfOdkG85a8K1jI5lta_gh7D4MiVRdQiZFkuwRm89VBXLdl4ILTZ3svBIHS-utLgxiDq3aSTCuXIrRM1Xbhm&_nc_sid=b66105&_nc_ht=video.fblr20-4.fna.fbcdn.net&_nc_ohc=CQIRUjhYhu8Q7kNvwHoH9Fd&efg=eyJ2ZW5jb2RlX3RhZyI6Inhwdl9wcm9ncmVzc2l2ZS5WSV9VU0VDQVNFX1BST0RVQ1RfVFlQRS4uQzMuNzIwLmRhc2hfaDI2NC1iYXNpYy1nZW4yXzcyMHAiLCJ4cHZfYXNzZXRfaWQiOjE0ODczODI1NDMxNjI1NTksImFzc2V0X2FnZV9kYXlzIjo1LCJ2aV91c2VjYXNlX2lkIjoxMDEzOSwiZHVyYXRpb25fcyI6MzksInVybGdlbl9zb3VyY2UiOiJ3d3cifQ%3D%3D&ccb=17-1&vs=750910fa2df71346&_nc_vs=HBksFQIYRWZiX2VwaGVtZXJhbC9BOTQ3MUNDNTc1MjIxOUYxMjU0QjExNTg0NDUwRDM4MV9tdF8xX3ZpZGVvX2Rhc2hpbml0Lm1wNBUAAsgBEgAVAhhAZmJfcGVybWFuZW50L0NFNDIxN0U4ODJGMkYwNzM3QUJBNTE5OEJENTQ0MUIzX2F1ZGlvX2Rhc2hpbml0Lm1wNBUCAsgBEgAoABgAGwKIB3VzZV9vaWwBMRJwcm9ncmVzc2l2ZV9yZWNpcGUBMRUAACb-8orCh7GkBRUCKAJDMywXQEOVP3ztkWgYGWRhc2hfaDI2NC1iYXNpYy1nZW4yXzcyMHARAHUAZbaeAQA&_nc_gid=Racw12kuNKDksZyexeX1Wg&_nc_ss=7f289&_nc_zt=28&oh=00_AQAPe2A-vkhLOYk5Ju3OD1-qegrBuA7LMw45eq-UIU8dMw&oe=6A57D202,https://scontent.fblr20-2.fna.fbcdn.net/v/t39.35426-6/739809476_909146675547158_6747121544451260390_n.jpg?_nc_cat=104&ccb=1-7&_nc_sid=c53f8f&_nc_ohc=ISbgJPF033UQ7kNvwGXj7n0&_nc_oc=AdpwWcUIgh_H4Za9Kl_ge2oYeBfNS0nH3F3Izv28UMn5-xZZMx_yxtOEUK8LMel7PFROyzMpsyoAmSn8uPKv7vbj&_nc_zt=14&_nc_ht=scontent.fblr20-2.fna&_nc_gid=Racw12kuNKDksZyexeX1Wg&_nc_ss=7f289&oh=00_AQAcdS3T3T0vIAgVXNsXvqk4KgIOFRQxdDBrmwWf4dmdyw&oe=6A57C928,2026-07-15T18:31:30.000Z,2026-07-11,https://pub-893b4a6a607b4221a894bf861da7914e.r2.dev/2392982457860413.mp4
27,23,Lingo AI,599204246602758,Lingo AI,,IN,1045500287898156,https://www.facebook.com/ads/library/?id=1045500287898156,2026-07-06,,false,false,1,0,,2026-07-06,,"🌍 تعلّم الإنجليزية الحقيقية للحياة اليومية
🗣 تدرّب على التحدث من خلال دروس بسيطة
⏱ فقط 5 دقائق يوميًا
👉 حمّل الآن",👉 حمّل الآن,Download,https://speaklearnfrenchlingoai.onelink.me/Y67n?pid=metaweb_int&c={{campaign.name}}&af_c_id={{campaign.id}}&af_adset={{adset.name}}&af_adset_id={{adset.id}}&af_ad={{ad.name}}&af_ad_id={{ad.id}}&af_siteid={{site_source_name}},"Facebook,Instagram,Audience Network,Messenger,Threads","🌍 تعلّم الإنجليزية الحقيقية للحياة اليومية
🗣 تدرّب على التحدث من خلال دروس بسيطة
⏱ فقط 5 دقائق يوميًا
👉 حمّل الآن",👉 حمّل الآن,Download,https://speaklearnfrenchlingoai.onelink.me/Y67n?pid=metaweb_int&c={{campaign.name}}&af_c_id={{campaign.id}}&af_adset={{adset.name}}&af_adset_id={{adset.id}}&af_ad={{ad.name}}&af_ad_id={{ad.id}}&af_siteid={{site_source_name}},Video,"Facebook,Instagram,Audience Network,Messenger,Threads",1,0,9:16,https://video.fblr20-2.fna.fbcdn.net/o1/v/t2/f2/m366/AQMDHbwcLMKc-K_TcbMbMmz6tNNpy0GAfbe9qFEWVYJ98ULR-Gvs5u-_gOOYFv0ZK5wkOvF1NSOMnQT6dvmMtdGCRsiXfPwY9jYNN4bBdOJjgg.mp4?_nc_cat=111&_nc_oc=Adr57bsNLZldOm57_Ceo1iDcBElfJceAAggZLifSDINLfJMVrvtPWAq4FxAGoJvdtOK3oEXztrvKOPNcq1if81vB&_nc_sid=b66105&_nc_ht=video.fblr20-2.fna.fbcdn.net&_nc_ohc=rum9LDCwSrAQ7kNvwHYpxPF&efg=eyJ2ZW5jb2RlX3RhZyI6Inhwdl9wcm9ncmVzc2l2ZS5WSV9VU0VDQVNFX1BST0RVQ1RfVFlQRS4uQzMuNjA4LmRhc2hfaDI2NC1iYXNpYy1nZW4yXzcyMHAiLCJ4cHZfYXNzZXRfaWQiOjEwMTM5MzI0NTQyOTY3NDEsImFzc2V0X2FnZV9kYXlzIjo3NiwidmlfdXNlY2FzZV9pZCI6MTAxMzksImR1cmF0aW9uX3MiOjE3LCJ1cmxnZW5fc291cmNlIjoid3d3In0%3D&ccb=17-1&vs=cd091d304d4cbd4c&_nc_vs=HBksFQIYRWZiX2VwaGVtZXJhbC8zODQ3OTBGOEM4NUNBNTRDNzVBRDFDRDc1REY3MDg4NF9tdF8xX3ZpZGVvX2Rhc2hpbml0Lm1wNBUAAsgBEgAVAhhAZmJfcGVybWFuZW50LzJDNEE4RDA3NDM4RDUyMTVGQUMyMkYxQjA0MUFFNkE5X2F1ZGlvX2Rhc2hpbml0Lm1wNBUCAsgBEgAoABgAGwKIB3VzZV9vaWwBMRJwcm9ncmVzc2l2ZV9yZWNpcGUBMRUAACbK8p280YrNAxUCKAJDMywXQDGiDEm6XjUYGWRhc2hfaDI2NC1iYXNpYy1nZW4yXzcyMHARAHUAZbaeAQA&_nc_gid=Racw12kuNKDksZyexeX1Wg&_nc_ss=7f289&_nc_zt=28&oh=00_AQA65Zg7O0tJq__u6rTMoADUAUYSSwLXmmTgyo3kxLWwaw&oe=6A57F2C1,https://scontent.fblr20-2.fna.fbcdn.net/v/t39.35426-6/740521818_1705086880615352_3699722834014360702_n.jpg?_nc_cat=102&ccb=1-7&_nc_sid=c53f8f&_nc_ohc=cpyfoJLRO80Q7kNvwECXhgC&_nc_oc=AdoPlKTQ_zs-TDfA4mB0Fz-S_pfY1X4idf82yD-1sdu0SbV9pTrKpc1bDiWuKEfruQB0upgmcwCGdEgHvu7wVAnJ&_nc_zt=14&_nc_ht=scontent.fblr20-2.fna&_nc_gid=Racw12kuNKDksZyexeX1Wg&_nc_ss=7f289&oh=00_AQBDnD7IHwgZef_hwJgbHn868gBp-URHmeSiU2yLFkwFKA&oe=6A57E6B2,2026-07-15T20:51:13.000Z,2026-07-11,https://pub-893b4a6a607b4221a894bf861da7914e.r2.dev/1045500287898156.mp4
28,24,Lingo AI,599204246602758,Lingo AI,,IN,3504755886343451,https://www.facebook.com/ads/library/?id=3504755886343451,2026-07-07,,false,false,1,0,,2026-07-07,,"🚀 Master English Faster, Just 5 Minutes a Day!
🥳 Join Learners Who Found a Fun Way to Master a Language!
✨ Our mission is to unlock your English.",✨Try it now~,Install now,http://itunes.apple.com/app/id6740255326,"Facebook,Instagram,Audience Network,Messenger,Threads","🚀 Master English Faster, Just 5 Minutes a Day!
🥳 Join Learners Who Found a Fun Way to Master a Language!
✨ Our mission is to unlock your English.",✨Try it now~,Install now,http://itunes.apple.com/app/id6740255326,Video,"Facebook,Instagram,Audience Network,Messenger,Threads",1,0,9:16,https://video.fblr20-1.fna.fbcdn.net/o1/v/t2/f2/m366/AQOlOndclvpWFWsJG3w7zOZHC8Qj_W0AW_AYJlZqwaZfV6C6m1Yfsr2qs5ARbUU-pBAk6szq-bxoITKXl7aXPdBAl-WyVYfqCF2P_-NzXT1MzA.mp4?_nc_cat=108&_nc_oc=Ado7VYHNNN13rda5fnnlyCZ9wdC32OplZYAl-XnCXum8qT8-g6-aluIU4iruclCAG54riSvlq_tj178aArqiaKD7&_nc_sid=b66105&_nc_ht=video.fblr20-1.fna.fbcdn.net&_nc_ohc=jX7ehjPaw1EQ7kNvwHILdvZ&efg=eyJ2ZW5jb2RlX3RhZyI6Inhwdl9wcm9ncmVzc2l2ZS5WSV9VU0VDQVNFX1BST0RVQ1RfVFlQRS4uQzMuNjA4LmRhc2hfaDI2NC1iYXNpYy1nZW4yXzcyMHAiLCJ4cHZfYXNzZXRfaWQiOjIxNDU1MTA1NzI2NzQzNjYsImFzc2V0X2FnZV9kYXlzIjoyLCJ2aV91c2VjYXNlX2lkIjoxMDEzOSwiZHVyYXRpb25fcyI6MzUsInVybGdlbl9zb3VyY2UiOiJ3d3cifQ%3D%3D&ccb=17-1&vs=e142ea3abeb7c20e&_nc_vs=HBksFQIYRWZiX2VwaGVtZXJhbC9GODRDQTk1M0FCQTdDQzY5M0JBODg5NkUxRDk0NTc4Ml9tdF8xX3ZpZGVvX2Rhc2hpbml0Lm1wNBUAAsgBEgAVAhhAZmJfcGVybWFuZW50Lzg0NEI1OEU5RjVENTFFQTEzNzg3M0Y2NDFCMjU5QTg1X2F1ZGlvX2Rhc2hpbml0Lm1wNBUCAsgBEgAoABgAGwKIB3VzZV9vaWwBMRJwcm9ncmVzc2l2ZV9yZWNpcGUBMRUAACb8tN64k9XPBxUCKAJDMywXQEG7peNT988YGWRhc2hfaDI2NC1iYXNpYy1nZW4yXzcyMHARAHUAZbaeAQA&_nc_gid=Racw12kuNKDksZyexeX1Wg&_nc_ss=7f289&_nc_zt=28&oh=00_AQAY03H3qNLx0vxE75VWYm2rfv9kNldQutZO80LmbjhAxg&oe=6A57E3E4,https://scontent.fblr20-1.fna.fbcdn.net/v/t39.35426-6/740827959_1024613183552031_2444179441288526075_n.jpg?_nc_cat=108&ccb=1-7&_nc_sid=c53f8f&_nc_ohc=8W8MZz1CxHoQ7kNvwE74_ON&_nc_oc=AdoBy_8m7g_OcBMI5XuvGHl-4AMXcjHkOV2fdcEtEg4iFDXgCaoZpJurT8d7mYCf5qXggOYgpOs6oeP14trtplqj&_nc_zt=14&_nc_ht=scontent.fblr20-1.fna&_nc_gid=Racw12kuNKDksZyexeX1Wg&_nc_ss=7f289&oh=00_AQAUnSOrwQ6YfPW3yja9O3YW0_S6nLAac2Fx75J2ooaUiA&oe=6A57E229,2026-07-15T19:47:48.000Z,2026-07-11,https://pub-893b4a6a607b4221a894bf861da7914e.r2.dev/3504755886343451.mp4
29,25,Lingo AI,599204246602758,Lingo AI,,IN,1606914717526779,https://www.facebook.com/ads/library/?id=1606914717526779,2026-07-01,,false,false,1,0,,2026-07-01,,"🌟 Want to improve your English? 
📱 Learn anytime in just minutes a day 
💬 Build real speaking confidence
👉 Download now",👉 Download now,Download,http://itunes.apple.com/app/id6740255326,"Facebook,Instagram,Audience Network,Messenger,Threads","🌟 Want to improve your English? 
📱 Learn anytime in just minutes a day 
💬 Build real speaking confidence
👉 Download now",👉 Download now,Download,http://itunes.apple.com/app/id6740255326,Video,"Facebook,Instagram,Audience Network,Messenger,Threads",1,0,9:16,https://video.fblr20-4.fna.fbcdn.net/o1/v/t2/f2/m366/AQPA2RfasLH8KZvkosJzcmXPPKI6xy7JJ0HnQ3LXuY9DdA0mKcvqE_6bhwe8c6L4JMY-oVgEYpjU-bcfpIA2_oysFY-_djp7QsXOtpsJrsj2ig.mp4?_nc_cat=103&_nc_oc=AdoJdkp4Qr4sNRrdTV5AKtoP6nft9vinNfoi2JRwEogyqt9uYuN16ewinLyZfMouk83LLe7SHcaIyugTghmSIMaU&_nc_sid=b66105&_nc_ht=video.fblr20-4.fna.fbcdn.net&_nc_ohc=5cf4jKIWwBkQ7kNvwGsATBI&efg=eyJ2ZW5jb2RlX3RhZyI6Inhwdl9wcm9ncmVzc2l2ZS5WSV9VU0VDQVNFX1BST0RVQ1RfVFlQRS4uQzMuNjA4LmRhc2hfaDI2NC1iYXNpYy1nZW4yXzcyMHAiLCJ4cHZfYXNzZXRfaWQiOjEzNDk4NzU0NDcyNTk0MTcsImFzc2V0X2FnZV9kYXlzIjoyNSwidmlfdXNlY2FzZV9pZCI6MTAxMzksImR1cmF0aW9uX3MiOjMzLCJ1cmxnZW5fc291cmNlIjoid3d3In0%3D&ccb=17-1&vs=9a47617b9ba3acee&_nc_vs=HBksFQIYRWZiX2VwaGVtZXJhbC9DODQ5RTFGRjUwMURDMDE5NTYyQzMwNEVDRjY0NTBCRF9tdF8xX3ZpZGVvX2Rhc2hpbml0Lm1wNBUAAsgBEgAVAhhAZmJfcGVybWFuZW50LzIzNDYxQjZCMTY4QzVCREZCRkQ5OUYzM0I4NzgwNUIwX2F1ZGlvX2Rhc2hpbml0Lm1wNBUCAsgBEgAoABgAGwKIB3VzZV9vaWwBMRJwcm9ncmVzc2l2ZV9yZWNpcGUBMRUAACayhLPoi-3lBBUCKAJDMywXQECzMzMzMzMYGWRhc2hfaDI2NC1iYXNpYy1nZW4yXzcyMHARAHUAZbaeAQA&_nc_gid=Racw12kuNKDksZyexeX1Wg&_nc_ss=7f289&_nc_zt=28&oh=00_AQCI19Wou7Xpud3psTimiP_tQr8_1IqM98LE9IFTj1uj-g&oe=6A57F44D,https://scontent.fblr20-1.fna.fbcdn.net/v/t39.35426-6/736163515_1328952815499738_537875520061494627_n.jpg?_nc_cat=110&ccb=1-7&_nc_sid=c53f8f&_nc_ohc=QE2siPonBIIQ7kNvwGiM1Sz&_nc_oc=Adq3UFbX9IrqMTf28UdwKQAuD7jLtWoOYcbjlcSfIySjSxGiWCYPAzfoHER3V7t0RB57tYu9I-ZrqcPq-i7on3qE&_nc_zt=14&_nc_ht=scontent.fblr20-1.fna&_nc_gid=Racw12kuNKDksZyexeX1Wg&_nc_ss=7f289&oh=00_AQCZBavu-xsSa4PIqwCbLqLzZy6IHUS0gERAgP9DTqYmog&oe=6A57F52D,2026-07-15T20:57:49.000Z,2026-07-11,https://pub-893b4a6a607b4221a894bf861da7914e.r2.dev/1606914717526779.mp4
30,26,Lingo AI,599204246602758,Lingo AI,,IN,2253769662106911,https://www.facebook.com/ads/library/?id=2253769662106911,2026-07-01,,false,false,1,0,,2026-07-01,,"📘 Learn English easily with simple lessons 
😊 Build confidence with everyday speaking practice 
👉 Download now",👉 Download now,Install now,http://itunes.apple.com/app/id6740255326,"Facebook,Instagram,Audience Network,Messenger,Threads","📘 Learn English easily with simple lessons 
😊 Build confidence with everyday speaking practice 
👉 Download now",👉 Download now,Install now,http://itunes.apple.com/app/id6740255326,Video,"Facebook,Instagram,Audience Network,Messenger,Threads",1,0,9:16,https://video.fblr20-4.fna.fbcdn.net/o1/v/t2/f2/m366/AQMvyiSkB_PHTDb2bQzCqxkfCx8pSYIyKt-Msk51bxYnh4zCKj6VuexLjL8cSyGuZJ7zY2E1rALzDHyVg0MQqtT6j2opCEl0FY_OJpR35FAJRA.mp4?_nc_cat=101&_nc_oc=Adpa9SWQogWTc9F_lXXVDh2YGbYRgs2z9tL_Uhbh8eVD061Xmg0thmE1Tnl1cXXWxr5z5D4GeKDs2Ek4a4hltgRC&_nc_sid=b66105&_nc_ht=video.fblr20-4.fna.fbcdn.net&_nc_ohc=K37xBplrEmkQ7kNvwHaTL_-&efg=eyJ2ZW5jb2RlX3RhZyI6Inhwdl9wcm9ncmVzc2l2ZS5WSV9VU0VDQVNFX1BST0RVQ1RfVFlQRS4uQzMuNzIwLmRhc2hfaDI2NC1iYXNpYy1nZW4yXzcyMHAiLCJ4cHZfYXNzZXRfaWQiOjk4NDUwODU4MTEwNTY5OSwiYXNzZXRfYWdlX2RheXMiOjMyLCJ2aV91c2VjYXNlX2lkIjoxMDEzOSwiZHVyYXRpb25fcyI6MzIsInVybGdlbl9zb3VyY2UiOiJ3d3cifQ%3D%3D&ccb=17-1&vs=5a57a7404b3fb890&_nc_vs=HBksFQIYRWZiX2VwaGVtZXJhbC80RjQ5QTM5NjQ4QzZCMTUxODBGRjRERUQxRTc5NDlCMV9tdF8xX3ZpZGVvX2Rhc2hpbml0Lm1wNBUAAsgBEgAVAhhAZmJfcGVybWFuZW50L0FFNEU2QkI5RDE0REQzNzRCMjVFQzIyMTc1QzlCRTgxX2F1ZGlvX2Rhc2hpbml0Lm1wNBUCAsgBEgAoABgAGwKIB3VzZV9vaWwBMRJwcm9ncmVzc2l2ZV9yZWNpcGUBMRUAACbGwIrE-Nm_AxUCKAJDMywXQEBiDEm6XjUYGWRhc2hfaDI2NC1iYXNpYy1nZW4yXzcyMHARAHUAZbaeAQA&_nc_gid=Racw12kuNKDksZyexeX1Wg&_nc_ss=7f289&_nc_zt=28&oh=00_AQCqxO5R3LCt48fy-tdJSJDj8DIYgqIFArRTI3Bz6_7IYA&oe=6A57DF9B,https://scontent.fblr20-2.fna.fbcdn.net/v/t39.35426-6/734705992_961003166972445_7324068711177775185_n.jpg?_nc_cat=104&ccb=1-7&_nc_sid=c53f8f&_nc_ohc=PvGQfv5S39gQ7kNvwFh3gZF&_nc_oc=AdqQu12qQSeooNvcFWLWNpjMFfZHgZJbmqZYQFnX6umwEQ8ZzapDEoeAtBcNI5dwJbYidwoy2Z2E7Zw9IC33W8Ar&_nc_zt=14&_nc_ht=scontent.fblr20-2.fna&_nc_gid=Racw12kuNKDksZyexeX1Wg&_nc_ss=7f289&oh=00_AQDyPSkfOC5xi4uuLp0svdRqlAF3pxkla91yYpf8tS0gqA&oe=6A57D409,2026-07-15T19:29:31.000Z,2026-07-11,https://pub-893b4a6a607b4221a894bf861da7914e.r2.dev/2253769662106911.mp4
31,27,Lingo AI,599204246602758,Lingo AI,,IN,1698860684599117,https://www.facebook.com/ads/library/?id=1698860684599117,2026-07-05,,false,false,1,0,,2026-07-05,,"🌟 Want to improve your English? 
📱 Learn anytime in just minutes a day 
💬 Build real speaking confidence 
👉 Download now",👉 Download now,Download,https://speaklearnfrenchlingoai.onelink.me/Y67n?pid=metaweb_int&c={{campaign.name}}&af_c_id={{campaign.id}}&af_adset={{adset.name}}&af_adset_id={{adset.id}}&af_ad={{ad.name}}&af_ad_id={{ad.id}}&af_siteid={{site_source_name}},"Facebook,Instagram,Audience Network,Messenger,Threads","🌟 Want to improve your English? 
📱 Learn anytime in just minutes a day 
💬 Build real speaking confidence 
👉 Download now",👉 Download now,Download,https://speaklearnfrenchlingoai.onelink.me/Y67n?pid=metaweb_int&c={{campaign.name}}&af_c_id={{campaign.id}}&af_adset={{adset.name}}&af_adset_id={{adset.id}}&af_ad={{ad.name}}&af_ad_id={{ad.id}}&af_siteid={{site_source_name}},Video,"Facebook,Instagram,Audience Network,Messenger,Threads",1,0,9:16,https://video.fblr20-3.fna.fbcdn.net/o1/v/t2/f2/m366/AQM5Gv5_EAguYfWA-8FJJmIBF4bbcCvczgmyuTSFEqHv9lvzITzImQW47_WlNHQmxMvsJK6EroRzKXlJW7yL7lHAQqPVv0prhdh4lJm14CE7fg.mp4?_nc_cat=109&_nc_oc=Adp8jNdw0vy1RplUByNCOJM3MIo2uHsT05iMVaIibjtxopD0OiJ4lP60NYVEGp-ncia4voqzx8Z0v3NUXr1fZl3u&_nc_sid=b66105&_nc_ht=video.fblr20-3.fna.fbcdn.net&_nc_ohc=vwyZ-UpD2vUQ7kNvwGlwV0j&efg=eyJ2ZW5jb2RlX3RhZyI6Inhwdl9wcm9ncmVzc2l2ZS5WSV9VU0VDQVNFX1BST0RVQ1RfVFlQRS4uQzMuNjA4LmRhc2hfaDI2NC1iYXNpYy1nZW4yXzcyMHAiLCJ4cHZfYXNzZXRfaWQiOjE3MzYxNjY2Mzc0MTM2NDcsImFzc2V0X2FnZV9kYXlzIjo0LCJ2aV91c2VjYXNlX2lkIjoxMDEzOSwiZHVyYXRpb25fcyI6NTgsInVybGdlbl9zb3VyY2UiOiJ3d3cifQ%3D%3D&ccb=17-1&vs=d19382bd5066c67e&_nc_vs=HBksFQIYRWZiX2VwaGVtZXJhbC83RTQxMDI4MTlGMzcyNzk1MDlEM0Q1NTYzNDNEMTZBM19tdF8xX3ZpZGVvX2Rhc2hpbml0Lm1wNBUAAsgBEgAVAhhAZmJfcGVybWFuZW50L0ZDNDFGMTY4RTVEMTk5MURDRjY1NzdBOEJBNEE2MjkwX2F1ZGlvX2Rhc2hpbml0Lm1wNBUCAsgBEgAoABgAGwKIB3VzZV9vaWwBMRJwcm9ncmVzc2l2ZV9yZWNpcGUBMRUAACaelI27mcKVBhUCKAJDMywXQE1u2RaHKwIYGWRhc2hfaDI2NC1iYXNpYy1nZW4yXzcyMHARAHUAZbaeAQA&_nc_gid=Racw12kuNKDksZyexeX1Wg&_nc_ss=7f289&_nc_zt=28&oh=00_AQCk_iP7MKHfWTRaoVh8FyR-oRIw6H23DDg25rONhoS12w&oe=6A57FEF3,https://scontent.fblr20-2.fna.fbcdn.net/v/t39.35426-6/739470777_2147413672828481_8065998523879034255_n.jpg?_nc_cat=111&ccb=1-7&_nc_sid=c53f8f&_nc_ohc=TI6C3nTsB40Q7kNvwGa-nSO&_nc_oc=AdrRZglYcFtfNtxCeM8eoIMUIHhydWNBJf0OduuB6jhKCbec1tC5RlNXUT-sdVTa6OKGj6hwtWO_B8Tu4WbUANs9&_nc_zt=14&_nc_ht=scontent.fblr20-2.fna&_nc_gid=Racw12kuNKDksZyexeX1Wg&_nc_ss=7f289&oh=00_AQBmkwkzhOWR-dGxXCAYDbcU3ihJD75CR0Ed4FYu8EnH-w&oe=6A57CE19,2026-07-15T21:43:15.000Z,2026-07-11,https://pub-893b4a6a607b4221a894bf861da7914e.r2.dev/1698860684599117.mp4
32,28,Lingo AI,599204246602758,Lingo AI,,IN,1015373884534744,https://www.facebook.com/ads/library/?id=1015373884534744,2026-07-07,,false,false,1,0,,2026-07-07,,"🚀 Master English Faster, Just 5 Minutes a Day!
🥳 Join Learners Who Found a Fun Way to Master a Language!
✨ Our mission is to unlock your English.",✨Try it now~,Install now,http://itunes.apple.com/app/id6740255326,"Facebook,Instagram,Audience Network,Messenger,Threads","🚀 Master English Faster, Just 5 Minutes a Day!
🥳 Join Learners Who Found a Fun Way to Master a Language!
✨ Our mission is to unlock your English.",✨Try it now~,Install now,http://itunes.apple.com/app/id6740255326,Video,"Facebook,Instagram,Audience Network,Messenger,Threads",1,0,9:16,https://video.fblr20-5.fna.fbcdn.net/o1/v/t2/f2/m366/AQMx5z4tZoWBzDXU18dIiSBLW0JvNdtctBWUqFX6j0KNpCdLsMxds8lY9eLxznQKLNCRoIkb7KH0beP0bdWSZdDmDzHXbfuPWSsDswDk4qIdQw.mp4?_nc_cat=107&_nc_oc=AdqHQGLc6b-kZV-6QWXS2JkwCLuQJV0V5HXJ_nZ3F_2oEnYC9aqpxFCciDU3jyRXXwWgaxMgf0ZGLUVNQA13FFvL&_nc_sid=b66105&_nc_ht=video.fblr20-5.fna.fbcdn.net&_nc_ohc=E7b7pFFNFiEQ7kNvwFAL13n&efg=eyJ2ZW5jb2RlX3RhZyI6Inhwdl9wcm9ncmVzc2l2ZS5WSV9VU0VDQVNFX1BST0RVQ1RfVFlQRS4uQzMuNjA4LmRhc2hfaDI2NC1iYXNpYy1nZW4yXzcyMHAiLCJ4cHZfYXNzZXRfaWQiOjEwNDIzMzc5MDE1NzMxNDcsImFzc2V0X2FnZV9kYXlzIjoyLCJ2aV91c2VjYXNlX2lkIjoxMDEzOSwiZHVyYXRpb25fcyI6NTUsInVybGdlbl9zb3VyY2UiOiJ3d3cifQ%3D%3D&ccb=17-1&vs=2b02f7daa3990aa6&_nc_vs=HBksFQIYRWZiX2VwaGVtZXJhbC9FRTQzNEZBNjcwNjJDN0I2NDA1NzUyODdERTA0QTRBOF9tdF8xX3ZpZGVvX2Rhc2hpbml0Lm1wNBUAAsgBEgAVAhhAZmJfcGVybWFuZW50LzAwNDE4RkVGRjA5MjVFQUY4QzBCQTJBM0FBQzExNEI1X2F1ZGlvX2Rhc2hpbml0Lm1wNBUCAsgBEgAoABgAGwKIB3VzZV9vaWwBMRJwcm9ncmVzc2l2ZV9yZWNpcGUBMRUAACa20N_FhoDaAxUCKAJDMywXQEvAAAAAAAAYGWRhc2hfaDI2NC1iYXNpYy1nZW4yXzcyMHARAHUAZbaeAQA&_nc_gid=Racw12kuNKDksZyexeX1Wg&_nc_ss=7f289&_nc_zt=28&oh=00_AQBJgyKObmifD0tTUAPv7HRdY3HyPxbjTBovmXajugWZJw&oe=6A57D719,https://scontent.fblr20-2.fna.fbcdn.net/v/t39.35426-6/741265768_1345758293670088_1094033708376290761_n.jpg?_nc_cat=111&ccb=1-7&_nc_sid=c53f8f&_nc_ohc=InL9WiMG7lYQ7kNvwGpBd60&_nc_oc=AdrZ7XPgXBUYj7xIjboyguV1ft3rlK9YuZX6YP-MNz_s4zwxhI_Ol4i0WxRqzwRPklDMckki3a9KGrEETEov-ww1&_nc_zt=14&_nc_ht=scontent.fblr20-2.fna&_nc_gid=Racw12kuNKDksZyexeX1Wg&_nc_ss=7f289&oh=00_AQAdFzSt38XdjZGvmcsL7ZPaRc2yCWPPnLhhIlH0yOXQ8g&oe=6A57F168,2026-07-15T18:53:13.000Z,2026-07-11,https://pub-893b4a6a607b4221a894bf861da7914e.r2.dev/1015373884534744.mp4
33,29,Lingo AI,599204246602758,Lingo AI,,IN,1005118642480638,https://www.facebook.com/ads/library/?id=1005118642480638,2026-06-16,,false,false,1,0,,2026-06-16,,"🚀 Master French Faster, Just 5 Minutes a Day!
🥳 Join Learners Who Found a Fun Way to Master a Language!
✨ Our mission is to unlock your French.",✨Try it now~,Install now,http://itunes.apple.com/app/id6740255326,"Facebook,Instagram,Audience Network,Messenger","🚀 Master French Faster, Just 5 Minutes a Day!
🥳 Join Learners Who Found a Fun Way to Master a Language!
✨ Our mission is to unlock your French.",✨Try it now~,Install now,http://itunes.apple.com/app/id6740255326,Video,"Facebook,Instagram,Audience Network,Messenger",1,0,9:16,https://video.fblr20-3.fna.fbcdn.net/o1/v/t2/f2/m366/AQNldh9Dr_3xAwX256LUcGkndZir17gueztKsLv55XOe0t5u9hNf1yGe98zhS3nVXhc7mlVCkXP3omD7NDP_wt4-jbiuF38Tr_YZDk981nYnrw.mp4?_nc_cat=100&_nc_oc=Ado4ydWZRUzMCioY8476-JmKxh8z8_bNldtaeX9ERnryzAlnwhdGWFAhFvmgqmScrTUYVVV5Todi4ZlgkcXR3Y6t&_nc_sid=b66105&_nc_ht=video.fblr20-3.fna.fbcdn.net&_nc_ohc=l8_E7FyM3oMQ7kNvwGYVzjF&efg=eyJ2ZW5jb2RlX3RhZyI6Inhwdl9wcm9ncmVzc2l2ZS5WSV9VU0VDQVNFX1BST0RVQ1RfVFlQRS4uQzMuNzIwLmRhc2hfaDI2NC1iYXNpYy1nZW4yXzcyMHAiLCJ4cHZfYXNzZXRfaWQiOjIwMTY5MzY3NTg5MTQxMzMsImFzc2V0X2FnZV9kYXlzIjoyMywidmlfdXNlY2FzZV9pZCI6MTAxMzksImR1cmF0aW9uX3MiOjY2LCJ1cmxnZW5fc291cmNlIjoid3d3In0%3D&ccb=17-1&vs=bc7a2331af34842&_nc_vs=HBksFQIYRWZiX2VwaGVtZXJhbC84MDQ0MkYyMTQyNUJCNkIyMzU5RURCNjk0QUIwNTY5QV9tdF8xX3ZpZGVvX2Rhc2hpbml0Lm1wNBUAAsgBEgAVAhhAZmJfcGVybWFuZW50LzQzNDg5QTlEQ0NDM0M4OEM5MjcyRUJERTY3OTYyQUEzX2F1ZGlvX2Rhc2hpbml0Lm1wNBUCAsgBEgAoABgAGwKIB3VzZV9vaWwBMRJwcm9ncmVzc2l2ZV9yZWNpcGUBMRUAACaqseXwlZmVBxUCKAJDMywXQFCTMzMzMzMYGWRhc2hfaDI2NC1iYXNpYy1nZW4yXzcyMHARAHUAZbaeAQA&_nc_gid=Racw12kuNKDksZyexeX1Wg&_nc_ss=7f289&_nc_zt=28&oh=00_AQCyBVMaWR_Ls86LOI12Zb19UjuM-EdcRSWMBDR8wW2ltw&oe=6A57FDD8,https://scontent.fblr20-4.fna.fbcdn.net/v/t39.35426-6/725106725_1513684857221404_7207852552007763029_n.jpg?_nc_cat=106&ccb=1-7&_nc_sid=c53f8f&_nc_ohc=5WhaFBW1IkEQ7kNvwEg05-Z&_nc_oc=AdqM4K6X9T8BxOmoUWNeeLTGR2sdkQe7GswJaZKjXX1dLDsZ0yUaMycBZunZxxLzRyyHae4RWyxCo4metodmNF3V&_nc_zt=14&_nc_ht=scontent.fblr20-4.fna&_nc_gid=Racw12kuNKDksZyexeX1Wg&_nc_ss=7f289&oh=00_AQBH-q8J4s-v7RGeV7yl8ldDqHJpgpwo-oDwtFMkJ_SD4A&oe=6A57CAF4,2026-07-15T21:38:32.000Z,2026-07-11,https://pub-893b4a6a607b4221a894bf861da7914e.r2.dev/1005118642480638.mp4
34,30,Lingo AI,599204246602758,Lingo AI,,IN,887411437264964,https://www.facebook.com/ads/library/?id=887411437264964,2026-07-07,,false,false,1,0,,2026-07-07,,"🚀 Master English Faster, Just 5 Minutes a Day!
🥳 Join Learners Who Found a Fun Way to Master a Language!
✨ Our mission is to unlock your English.",✨Try it now~,Install now,http://itunes.apple.com/app/id6740255326,"Facebook,Instagram,Audience Network,Messenger,Threads","🚀 Master English Faster, Just 5 Minutes a Day!
🥳 Join Learners Who Found a Fun Way to Master a Language!
✨ Our mission is to unlock your English.",✨Try it now~,Install now,http://itunes.apple.com/app/id6740255326,Video,"Facebook,Instagram,Audience Network,Messenger,Threads",1,0,9:16,https://video.fblr20-2.fna.fbcdn.net/o1/v/t2/f2/m366/AQMnaFHv_7CNlaCarXpqwFj6GRSWHnsNFzcmjxvMtZXXFxGoYRlrKQPiuEw6vqB0fD88bCGEa2038KN2c2PpIy-ks2ziDvKJbMIPGJMmTMQNJA.mp4?_nc_cat=102&_nc_oc=Adqsh_pVYxkFM2CEe8ch-CHrIgHwQsTBZ4FW2GfEfQN8d8n6l9qvTYzrxDbcQmNV2Jz1I2eITHbsw47ImOQnuvw9&_nc_sid=b66105&_nc_ht=video.fblr20-2.fna.fbcdn.net&_nc_ohc=-RjL6YqFvKgQ7kNvwGqBUNI&efg=eyJ2ZW5jb2RlX3RhZyI6Inhwdl9wcm9ncmVzc2l2ZS5WSV9VU0VDQVNFX1BST0RVQ1RfVFlQRS4uQzMuNjA4LmRhc2hfaDI2NC1iYXNpYy1nZW4yXzcyMHAiLCJ4cHZfYXNzZXRfaWQiOjIxNzU0NTQyOTMxODc1MDUsImFzc2V0X2FnZV9kYXlzIjoyLCJ2aV91c2VjYXNlX2lkIjoxMDEzOSwiZHVyYXRpb25fcyI6NDIsInVybGdlbl9zb3VyY2UiOiJ3d3cifQ%3D%3D&ccb=17-1&vs=157880b1877a0fd9&_nc_vs=HBksFQIYRWZiX2VwaGVtZXJhbC9EQTRFNDgwMkNDODYzODM3MUE0NzY3OTQzQjIwQzU5RV9tdF8xX3ZpZGVvX2Rhc2hpbml0Lm1wNBUAAsgBEgAVAhhAZmJfcGVybWFuZW50L0IwNEY2RTNFMDY5NzEwRUFFNUZFMjYyMDJCMzRBQkE5X2F1ZGlvX2Rhc2hpbml0Lm1wNBUCAsgBEgAoABgAGwKIB3VzZV9vaWwBMRJwcm9ncmVzc2l2ZV9yZWNpcGUBMRUAACbi7vbFjaTdBxUCKAJDMywXQEVMzMzMzM0YGWRhc2hfaDI2NC1iYXNpYy1nZW4yXzcyMHARAHUAZbaeAQA&_nc_gid=4GBDLGHs0ZRQXcYJX3ZHHw&_nc_ss=7f289&_nc_zt=28&oh=00_AQDhrm8kqWadT3mEmbk1maCKjEda5s5Nwrm-MX8zb_-Gmg&oe=6A57C8F6,https://scontent.fblr20-2.fna.fbcdn.net/v/t39.35426-6/742284384_906620778399750_6641145897394145660_n.jpg?_nc_cat=102&ccb=1-7&_nc_sid=c53f8f&_nc_ohc=000RmXcKo5sQ7kNvwGRW1i_&_nc_oc=Adrbu-64U-XyiCf_4YltlHf2pXvPRJ2PmgBy2Z_pd8_iCywzKpyvqrTA68a88rePXsH4d5wwPMq1nt61RJksbvoA&_nc_zt=14&_nc_ht=scontent.fblr20-2.fna&_nc_gid=4GBDLGHs0ZRQXcYJX3ZHHw&_nc_ss=7f289&oh=00_AQAz2tUtuEDFP3rcp_WsSkprJhy1zd-moh2Rula89f7BGw&oe=6A57DE03,2026-07-15T17:52:54.000Z,2026-07-11,https://pub-893b4a6a607b4221a894bf861da7914e.r2.dev/887411437264964.mp4
35,31,Lingo AI,599204246602758,Lingo AI,,IN,1320259926955388,https://www.facebook.com/ads/library/?id=1320259926955388,2026-07-01,,false,false,1,0,,2026-07-01,,"🌟 Want to improve your English? 
📱 Learn anytime in just minutes a day 
💬 Build real speaking confidence
👉 Download now",👉 Download now,Download,http://itunes.apple.com/app/id6740255326,"Facebook,Instagram,Audience Network,Messenger,Threads","🌟 Want to improve your English? 
📱 Learn anytime in just minutes a day 
💬 Build real speaking confidence
👉 Download now",👉 Download now,Download,http://itunes.apple.com/app/id6740255326,Video,"Facebook,Instagram,Audience Network,Messenger,Threads",1,0,9:16,https://video.fblr20-2.fna.fbcdn.net/o1/v/t2/f2/m366/AQN6MVZMLAlwG9vzdIQjfACPjCAa2C5EyvvXutfhDVA40sQ6Ajcm2RJ5CLE-dn_W5MbnIzEuMgzppoPDKiHbcLa25Y6gxkyL8mGXmSKShJo8hw.mp4?_nc_cat=111&_nc_oc=AdrTOxIdsTpd5ndYojxTTZwnLWKU63_RV4LpBGslCnWRr0KnLNDya7vCH0pjl4gfCHXybnTybZm22GwFotWIjOht&_nc_sid=b66105&_nc_ht=video.fblr20-2.fna.fbcdn.net&_nc_ohc=zyNiym6H84sQ7kNvwGdQDu2&efg=eyJ2ZW5jb2RlX3RhZyI6Inhwdl9wcm9ncmVzc2l2ZS5WSV9VU0VDQVNFX1BST0RVQ1RfVFlQRS4uQzMuNjA4LmRhc2hfaDI2NC1iYXNpYy1nZW4yXzcyMHAiLCJ4cHZfYXNzZXRfaWQiOjg5OTY2OTEyOTg0MjAxOCwiYXNzZXRfYWdlX2RheXMiOjgsInZpX3VzZWNhc2VfaWQiOjEwMTM5LCJkdXJhdGlvbl9zIjo0NCwidXJsZ2VuX3NvdXJjZSI6Ind3dyJ9&ccb=17-1&vs=81eb89e2a8bb47d3&_nc_vs=HBksFQIYRWZiX2VwaGVtZXJhbC8zRjRBMjZBMzM5RERBNUMzRUYzRkE0OUJEQ0ZFOTI5OV9tdF8xX3ZpZGVvX2Rhc2hpbml0Lm1wNBUAAsgBEgAVAhhAZmJfcGVybWFuZW50L0NGNDE1MTJFQkM0NzEwOEJDRjlCMjRCRURBMTA5RkIxX2F1ZGlvX2Rhc2hpbml0Lm1wNBUCAsgBEgAoABgAGwKIB3VzZV9vaWwBMRJwcm9ncmVzc2l2ZV9yZWNpcGUBMRUAACbEtbKu0Y-ZAxUCKAJDMywXQEZiDEm6XjUYGWRhc2hfaDI2NC1iYXNpYy1nZW4yXzcyMHARAHUAZbaeAQA&_nc_gid=4GBDLGHs0ZRQXcYJX3ZHHw&_nc_ss=7f289&_nc_zt=28&oh=00_AQA37cDrANwincq43eR_YOyXQtQP7krEhmeajybUzrUKuA&oe=6A57D72D,https://scontent.fblr20-2.fna.fbcdn.net/v/t39.35426-6/736045321_1031924342754190_7462978807397969649_n.jpg?_nc_cat=111&ccb=1-7&_nc_sid=c53f8f&_nc_ohc=n8qVjRsfYRkQ7kNvwFHOHum&_nc_oc=AdqneolwE-C0shGqUiUzlRbSfTnjVFmmst154IFiSr5af9-m79SOchOh4wFTvxByOq2OKsupo7tt9mv3YdfqMtio&_nc_zt=14&_nc_ht=scontent.fblr20-2.fna&_nc_gid=4GBDLGHs0ZRQXcYJX3ZHHw&_nc_ss=7f289&oh=00_AQAJOIUOs-nfpEqCnOuz6GDDOW8-7LXDuK516BmngP598Q&oe=6A57E92C,2026-07-15T18:53:33.000Z,2026-07-11,https://pub-893b4a6a607b4221a894bf861da7914e.r2.dev/1320259926955388.mp4
36,32,Lingo AI,599204246602758,Lingo AI,,IN,1543107963869133,https://www.facebook.com/ads/library/?id=1543107963869133,2026-07-01,,false,true,2,0,1543107963869133,2026-07-01,,"📘 Learn English easily with simple lessons 
😊 Build confidence with everyday speaking practice 
👉 Download now",👉 Download now,Install now,http://itunes.apple.com/app/id6740255326,"Facebook,Instagram,Audience Network,Messenger,Threads","📘 Learn English easily with simple lessons 
😊 Build confidence with everyday speaking practice 
👉 Download now",👉 Download now,Install now,http://itunes.apple.com/app/id6740255326,Video,"Facebook,Instagram,Audience Network,Messenger,Threads",1,0,9:16,https://video.fblr20-2.fna.fbcdn.net/o1/v/t2/f2/m366/AQNsxQx7KB6ulQCywZnlnl862WFgiqGONdpYuEeMd-aZ-dzg-JN9hqcRgsFroFvuHJvMMX-P2dGZLGSv-OKtRUPBplmtXGrbccGaK5awIAUfAw.mp4?_nc_cat=102&_nc_oc=AdpALR--uWd2rSUyQUoMTFl_ELj2cmNTWQEU8vNCZciauL-7oJCBdB-L0nIKpb6-78ugbtCWQx-Azudr2Sh9EYbB&_nc_sid=b66105&_nc_ht=video.fblr20-2.fna.fbcdn.net&_nc_ohc=lDpsB14agSkQ7kNvwEbx8bS&efg=eyJ2ZW5jb2RlX3RhZyI6Inhwdl9wcm9ncmVzc2l2ZS5WSV9VU0VDQVNFX1BST0RVQ1RfVFlQRS4uQzMuNjA4LmRhc2hfaDI2NC1iYXNpYy1nZW4yXzcyMHAiLCJ4cHZfYXNzZXRfaWQiOjE2NzM4MTM5MTA3MDE4ODIsImFzc2V0X2FnZV9kYXlzIjo3NiwidmlfdXNlY2FzZV9pZCI6MTAxMzksImR1cmF0aW9uX3MiOjMzLCJ1cmxnZW5fc291cmNlIjoid3d3In0%3D&ccb=17-1&vs=5a518d5961bd9917&_nc_vs=HBksFQIYRWZiX2VwaGVtZXJhbC9CRTQzMTBBRDdGNkE2NUM3QkEyRjg3OTlGMzM2RDNBNF9tdF8xX3ZpZGVvX2Rhc2hpbml0Lm1wNBUAAsgBEgAVAhhAZmJfcGVybWFuZW50LzA5NEVBQUU3ODVBMjhDRjc0MDZDMjU5NUM2MEE0MjhDX2F1ZGlvX2Rhc2hpbml0Lm1wNBUCAsgBEgAoABgAGwKIB3VzZV9vaWwBMRJwcm9ncmVzc2l2ZV9yZWNpcGUBMRUAACb0nIq55ZT5BRUCKAJDMywXQEDMzMzMzM0YGWRhc2hfaDI2NC1iYXNpYy1nZW4yXzcyMHARAHUAZbaeAQA&_nc_gid=4GBDLGHs0ZRQXcYJX3ZHHw&_nc_ss=7f289&_nc_zt=28&oh=00_AQA8dLjYbOy9kUbUjHbbhV-mRnxmbtAVHgWjYgl9A1_-qA&oe=6A57FE8E,https://scontent.fblr20-5.fna.fbcdn.net/v/t39.35426-6/735552927_1005579115561846_7693197278530684517_n.jpg?_nc_cat=107&ccb=1-7&_nc_sid=c53f8f&_nc_ohc=HR8SnnZoP78Q7kNvwH9IivG&_nc_oc=Adq750VJpJ62P69zgNbxx5MZLA4vqOqNrkrXL3gyphdZJvGV5Gau8GRR3uU8HPc1pRwwGD5WkvNxWHUnvZ6LbFR4&_nc_zt=14&_nc_ht=scontent.fblr20-5.fna&_nc_gid=4GBDLGHs0ZRQXcYJX3ZHHw&_nc_ss=7f289&oh=00_AQC9hJeq5RoXFpkudP6DlFq3bZFpSBj4ERy_p6pmrqaV1w&oe=6A57D10C,2026-07-15T21:41:34.000Z,2026-07-11,https://pub-893b4a6a607b4221a894bf861da7914e.r2.dev/1543107963869133.mp4
37,32,Lingo AI,599204246602758,Lingo AI,,IN,1543107963869133,https://www.facebook.com/ads/library/?id=1543107963869133,2026-07-01,,false,true,2,1,910559432064227,2026-07-08,,"📘 Learn English easily with simple lessons 
😊 Build confidence with everyday speaking practice 
👉 Download now",👉 Download now,Install now,http://itunes.apple.com/app/id6740255326,"Facebook,Instagram,Audience Network,Messenger,Threads","📘 Learn English easily with simple lessons 
😊 Build confidence with everyday speaking practice 
👉 Download now",👉 Download now,Install now,http://itunes.apple.com/app/id6740255326,Video,"Facebook,Instagram,Audience Network,Messenger,Threads",1,0,9:16,https://video.fblr20-2.fna.fbcdn.net/o1/v/t2/f2/m366/AQNsxQx7KB6ulQCywZnlnl862WFgiqGONdpYuEeMd-aZ-dzg-JN9hqcRgsFroFvuHJvMMX-P2dGZLGSv-OKtRUPBplmtXGrbccGaK5awIAUfAw.mp4?_nc_cat=102&_nc_oc=AdpALR--uWd2rSUyQUoMTFl_ELj2cmNTWQEU8vNCZciauL-7oJCBdB-L0nIKpb6-78ugbtCWQx-Azudr2Sh9EYbB&_nc_sid=b66105&_nc_ht=video.fblr20-2.fna.fbcdn.net&_nc_ohc=lDpsB14agSkQ7kNvwEbx8bS&efg=eyJ2ZW5jb2RlX3RhZyI6Inhwdl9wcm9ncmVzc2l2ZS5WSV9VU0VDQVNFX1BST0RVQ1RfVFlQRS4uQzMuNjA4LmRhc2hfaDI2NC1iYXNpYy1nZW4yXzcyMHAiLCJ4cHZfYXNzZXRfaWQiOjE2NzM4MTM5MTA3MDE4ODIsImFzc2V0X2FnZV9kYXlzIjo3NiwidmlfdXNlY2FzZV9pZCI6MTAxMzksImR1cmF0aW9uX3MiOjMzLCJ1cmxnZW5fc291cmNlIjoid3d3In0%3D&ccb=17-1&vs=5a518d5961bd9917&_nc_vs=HBksFQIYRWZiX2VwaGVtZXJhbC9CRTQzMTBBRDdGNkE2NUM3QkEyRjg3OTlGMzM2RDNBNF9tdF8xX3ZpZGVvX2Rhc2hpbml0Lm1wNBUAAsgBEgAVAhhAZmJfcGVybWFuZW50LzA5NEVBQUU3ODVBMjhDRjc0MDZDMjU5NUM2MEE0MjhDX2F1ZGlvX2Rhc2hpbml0Lm1wNBUCAsgBEgAoABgAGwKIB3VzZV9vaWwBMRJwcm9ncmVzc2l2ZV9yZWNpcGUBMRUAACb0nIq55ZT5BRUCKAJDMywXQEDMzMzMzM0YGWRhc2hfaDI2NC1iYXNpYy1nZW4yXzcyMHARAHUAZbaeAQA&_nc_gid=-q-Ypi9_HwJHcDeWQsU0VA&_nc_ss=7f289&_nc_zt=28&oh=00_AQASMx1Lrp2JRxBIhgO8p4vgo8LqyE-rhRyj3cmpb6rK-A&oe=6A57FE8E,https://scontent.fblr20-3.fna.fbcdn.net/v/t39.35426-6/741805252_2561213970987004_1129734927003130493_n.jpg?_nc_cat=109&ccb=1-7&_nc_sid=c53f8f&_nc_ohc=_YMFmN92tfYQ7kNvwGODvGM&_nc_oc=AdoKptveAW5wer7j_enbi0m8jOhXU_bi-jpxhkDB6KtpQpBh-FZ0Z7gMxFQbJ1HLWZK1DctRsH4ByBKGP8S-RImW&_nc_zt=14&_nc_ht=scontent.fblr20-3.fna&_nc_gid=-q-Ypi9_HwJHcDeWQsU0VA&_nc_ss=7f289&oh=00_AQDPvhCV3voTSF8r-fNdm6yaxnMqiB3IuDZj1tsIFeIJgg&oe=6A57F07B,2026-07-15T21:41:34.000Z,2026-07-11,
38,33,Lingo AI,599204246602758,Lingo AI,,IN,1270550088309623,https://www.facebook.com/ads/library/?id=1270550088309623,2026-07-07,,false,false,1,0,,2026-07-07,,"🚀 Master English Faster, Just 5 Minutes a Day!
🥳 Join Learners Who Found a Fun Way to Master a Language!
✨ Our mission is to unlock your English.",✨Try it now~,Install now,http://itunes.apple.com/app/id6740255326,"Facebook,Instagram,Audience Network,Messenger,Threads","🚀 Master English Faster, Just 5 Minutes a Day!
🥳 Join Learners Who Found a Fun Way to Master a Language!
✨ Our mission is to unlock your English.",✨Try it now~,Install now,http://itunes.apple.com/app/id6740255326,Video,"Facebook,Instagram,Audience Network,Messenger,Threads",1,0,9:16,https://video.fblr20-1.fna.fbcdn.net/o1/v/t2/f2/m366/AQPrcbgA182zOO8GXZDIYhO-FUMnEIp69OrxVNiuBkl2w8vdIjwyoOKaxdacDjEjDMcFtggIQirr83YT0L2s5ZO68CZcr7IrwhLIuRBZBt1cwA.mp4?_nc_cat=108&_nc_oc=Ado_Ta7XMwiZVj8byrZJ0HsyX_7J7gHfW4fiSwMgK6BxvjJ1ybdtFYTJvtLZOfitnOEItn3r4-RsIGV2bkjNJvbQ&_nc_sid=b66105&_nc_ht=video.fblr20-1.fna.fbcdn.net&_nc_ohc=xKUUP2GiBBEQ7kNvwFv-9Xt&efg=eyJ2ZW5jb2RlX3RhZyI6Inhwdl9wcm9ncmVzc2l2ZS5WSV9VU0VDQVNFX1BST0RVQ1RfVFlQRS4uQzMuNjA4LmRhc2hfaDI2NC1iYXNpYy1nZW4yXzcyMHAiLCJ4cHZfYXNzZXRfaWQiOjg5MDk5NTM4MzQ3MjQ0NywiYXNzZXRfYWdlX2RheXMiOjIsInZpX3VzZWNhc2VfaWQiOjEwMTM5LCJkdXJhdGlvbl9zIjozNSwidXJsZ2VuX3NvdXJjZSI6Ind3dyJ9&ccb=17-1&vs=3263626fa5184568&_nc_vs=HBksFQIYRWZiX2VwaGVtZXJhbC85MzQ0MDJBQjczQ0YxRkVCMEYwNEFFMDVCMUM4QTE5RF9tdF8xX3ZpZGVvX2Rhc2hpbml0Lm1wNBUAAsgBEgAVAhhAZmJfcGVybWFuZW50L0NFNEM2MkY0QUE3MUQxQjBGNjIzQ0FFRjJFODM0RTgyX2F1ZGlvX2Rhc2hpbml0Lm1wNBUCAsgBEgAoABgAGwKIB3VzZV9vaWwBMRJwcm9ncmVzc2l2ZV9yZWNpcGUBMRUAACb-xKD14JaVAxUCKAJDMywXQEGiDEm6XjUYGWRhc2hfaDI2NC1iYXNpYy1nZW4yXzcyMHARAHUAZbaeAQA&_nc_gid=4GBDLGHs0ZRQXcYJX3ZHHw&_nc_ss=7f289&_nc_zt=28&oh=00_AQA4iEdYS5hER6aJfgefTksuG5jFFmiNWm-zrTkFv5WG2A&oe=6A57F5C0,https://scontent.fblr20-3.fna.fbcdn.net/v/t39.35426-6/741304586_1001644449159937_5767414609214344505_n.jpg?_nc_cat=105&ccb=1-7&_nc_sid=c53f8f&_nc_ohc=GIH56oTRIakQ7kNvwFEioAO&_nc_oc=AdqaNi_4sF3m0AIWMExDYvLEAR1jz0yCWe2goPiqWtuXHoVlHUfKoyS_4qKIfW89pgQKbMeEmmUEZbqMlW4ZavXR&_nc_zt=14&_nc_ht=scontent.fblr20-3.fna&_nc_gid=4GBDLGHs0ZRQXcYJX3ZHHw&_nc_ss=7f289&oh=00_AQCyjYlRhhnPWalxxe0pKsZgGBtHO-sA1BCIGygKLhI_Zg&oe=6A57E707,2026-07-15T21:04:00.000Z,2026-07-11,https://pub-893b4a6a607b4221a894bf861da7914e.r2.dev/1270550088309623.mp4
39,34,Lingo AI,599204246602758,Lingo AI,,IN,1550615179788469,https://www.facebook.com/ads/library/?id=1550615179788469,2026-07-07,,false,false,1,0,,2026-07-07,,"🚀 Master English Faster, Just 5 Minutes a Day!
🥳 Join Learners Who Found a Fun Way to Master a Language!
✨ Our mission is to unlock your English.",✨Try it now~,Install now,http://itunes.apple.com/app/id6740255326,"Facebook,Instagram,Audience Network,Messenger,Threads","🚀 Master English Faster, Just 5 Minutes a Day!
🥳 Join Learners Who Found a Fun Way to Master a Language!
✨ Our mission is to unlock your English.",✨Try it now~,Install now,http://itunes.apple.com/app/id6740255326,Video,"Facebook,Instagram,Audience Network,Messenger,Threads",1,0,9:16,https://video.fblr20-2.fna.fbcdn.net/o1/v/t2/f2/m366/AQNj9Ex6OYKvCrkooQi3YqMP8yNnB3OOR5BiTlGTIWvMPS2sJvMjnZStR9KuTgiJ9ng-WoY3W2w4PBrswx5sxYuPqv_LHxjj-S_W_8KHIYItXQ.mp4?_nc_cat=104&_nc_oc=AdoaxVlmRA1QKqETAXQ1dJBeAkh1CEC70eY7CJ4Q3lIIa9E561ClTo5IfLhGlv1O5ClBMLL4__t8ZcJgNz4vJuXl&_nc_sid=b66105&_nc_ht=video.fblr20-2.fna.fbcdn.net&_nc_ohc=wmVFG87ALmAQ7kNvwHDQs5u&efg=eyJ2ZW5jb2RlX3RhZyI6Inhwdl9wcm9ncmVzc2l2ZS5WSV9VU0VDQVNFX1BST0RVQ1RfVFlQRS4uQzMuNjA4LmRhc2hfaDI2NC1iYXNpYy1nZW4yXzcyMHAiLCJ4cHZfYXNzZXRfaWQiOjEyMzkyNjg5MjQ4ODM0NzksImFzc2V0X2FnZV9kYXlzIjoyLCJ2aV91c2VjYXNlX2lkIjoxMDEzOSwiZHVyYXRpb25fcyI6NDAsInVybGdlbl9zb3VyY2UiOiJ3d3cifQ%3D%3D&ccb=17-1&vs=26fe93f57880f004&_nc_vs=HBksFQIYRWZiX2VwaGVtZXJhbC8yOTQ1Nzg2QzNFQzkxMDVFNEU0OUEyNzYyODZBQzZBQl9tdF8xX3ZpZGVvX2Rhc2hpbml0Lm1wNBUAAsgBEgAVAhhAZmJfcGVybWFuZW50LzNCNERDM0E1NjIyRjdGM0QyRjUwNTZDMUE2MEY4MEE0X2F1ZGlvX2Rhc2hpbml0Lm1wNBUCAsgBEgAoABgAGwKIB3VzZV9vaWwBMRJwcm9ncmVzc2l2ZV9yZWNpcGUBMRUAACauiOSA-cazBBUCKAJDMywXQEQzMzMzMzMYGWRhc2hfaDI2NC1iYXNpYy1nZW4yXzcyMHARAHUAZbaeAQA&_nc_gid=4GBDLGHs0ZRQXcYJX3ZHHw&_nc_ss=7f289&_nc_zt=28&oh=00_AQBrT-T1_xjh5_qA7cpckdgZUAcxQ9uixwNEJae-8-FW7w&oe=6A57D560,https://scontent.fblr20-1.fna.fbcdn.net/v/t39.35426-6/742278452_1043968625248979_3349055987992430793_n.jpg?_nc_cat=108&ccb=1-7&_nc_sid=c53f8f&_nc_ohc=LU4dm0gUhq8Q7kNvwGK-jfA&_nc_oc=Adpow3UnrocNzbYBIa7r2xNnFuC3epnDcjjFGv19DblemFnsRNZNIsI3qdfv7_vccy5svWco6Q3Y4a5_LKNoImBp&_nc_zt=14&_nc_ht=scontent.fblr20-1.fna&_nc_gid=4GBDLGHs0ZRQXcYJX3ZHHw&_nc_ss=7f289&oh=00_AQD7G0CO_clA8XHC_OJr66MAoU46IkOz2jjj_n5gsN1PLA&oe=6A57E9F3,2026-07-15T18:45:52.000Z,2026-07-11,https://pub-893b4a6a607b4221a894bf861da7914e.r2.dev/1550615179788469.mp4
40,35,Lingo AI,599204246602758,Lingo AI,,IN,2369767763548108,https://www.facebook.com/ads/library/?id=2369767763548108,2026-07-07,,false,false,1,0,,2026-07-07,,"🚀 Master English Faster, Just 5 Minutes a Day!
🥳 Join Learners Who Found a Fun Way to Master a Language!
✨ Our mission is to unlock your English.",✨Try it now~,Install now,http://itunes.apple.com/app/id6740255326,"Facebook,Instagram,Audience Network,Messenger,Threads","🚀 Master English Faster, Just 5 Minutes a Day!
🥳 Join Learners Who Found a Fun Way to Master a Language!
✨ Our mission is to unlock your English.",✨Try it now~,Install now,http://itunes.apple.com/app/id6740255326,Video,"Facebook,Instagram,Audience Network,Messenger,Threads",1,0,9:16,https://video.fblr20-4.fna.fbcdn.net/o1/v/t2/f2/m366/AQMBsKZJmK7ETSeg7r7cd201c_VtjyGjefD8a74zpyqd-Buo_kKh2nXTNufmrf_02-hJXLiEsSu1TBU9ONEZi1PM_NBQQ7FqNjvaXEW3uZtzLw.mp4?_nc_cat=101&_nc_oc=AdrpdjfKSBelFzjFbx6StXPefkTMbZWjXHCZ2F6Tx9mMlCBlyL-abiPKYeXTtnmpnTw33x7jbQjxJBcEhRq8KDZm&_nc_sid=b66105&_nc_ht=video.fblr20-4.fna.fbcdn.net&_nc_ohc=VBTdUb1DQqsQ7kNvwHWjT9U&efg=eyJ2ZW5jb2RlX3RhZyI6Inhwdl9wcm9ncmVzc2l2ZS5WSV9VU0VDQVNFX1BST0RVQ1RfVFlQRS4uQzMuNjA4LmRhc2hfaDI2NC1iYXNpYy1nZW4yXzcyMHAiLCJ4cHZfYXNzZXRfaWQiOjE4MDU4Nzk2NjcwNjI4NTAsImFzc2V0X2FnZV9kYXlzIjoyLCJ2aV91c2VjYXNlX2lkIjoxMDEzOSwiZHVyYXRpb25fcyI6NTgsInVybGdlbl9zb3VyY2UiOiJ3d3cifQ%3D%3D&ccb=17-1&vs=2fb7b87f8d10bd5f&_nc_vs=HBksFQIYRWZiX2VwaGVtZXJhbC9GQTREQTYyM0NCNzZENzIzQjMyQjMwQTEyNTVDQzZBMV9tdF8xX3ZpZGVvX2Rhc2hpbml0Lm1wNBUAAsgBEgAVAhhAZmJfcGVybWFuZW50LzQ3NEQzRERGNjc2NUNDMDg3RkI4RUEwMjk5NUY4OUI3X2F1ZGlvX2Rhc2hpbml0Lm1wNBUCAsgBEgAoABgAGwKIB3VzZV9vaWwBMRJwcm9ncmVzc2l2ZV9yZWNpcGUBMRUAACaE4f-AhJy1BhUCKAJDMywXQE1u2RaHKwIYGWRhc2hfaDI2NC1iYXNpYy1nZW4yXzcyMHARAHUAZbaeAQA&_nc_gid=4GBDLGHs0ZRQXcYJX3ZHHw&_nc_ss=7f289&_nc_zt=28&oh=00_AQDiQwWjwYLU2kS4B-m4f65QgrdwKFdrl5Q-4_qqgtsitg&oe=6A57FA73,https://scontent.fblr20-2.fna.fbcdn.net/v/t39.35426-6/740821854_1051445054124596_2891561981681417576_n.jpg?_nc_cat=102&ccb=1-7&_nc_sid=c53f8f&_nc_ohc=JN352578_M8Q7kNvwFqaSEh&_nc_oc=AdptTBZ_rZs1HPB0ihL5Kae71xFVlGt0v9N1vgWBnHMBD8w2HupkebYLIqtTy4K8JOA_nXwEYxL8LFaYYOJp7Z5D&_nc_zt=14&_nc_ht=scontent.fblr20-2.fna&_nc_gid=4GBDLGHs0ZRQXcYJX3ZHHw&_nc_ss=7f289&oh=00_AQCjExlA9vVg8N6VQtmdECeA5rYECxqCDP3hFRFHDq9FhA&oe=6A57E255,2026-07-15T21:24:03.000Z,2026-07-11,https://pub-893b4a6a607b4221a894bf861da7914e.r2.dev/2369767763548108.mp4
41,36,Lingo AI,599204246602758,Lingo AI,,IN,1335647948693091,https://www.facebook.com/ads/library/?id=1335647948693091,2026-07-07,,false,false,1,0,,2026-07-07,,"🌟 Want to improve your English? 
📱 Learn anytime in just minutes a day 
💬 Build real speaking confidence 
👉 Download now",👉 Download now,Download,https://speaklearnfrenchlingoai.onelink.me/Y67n?pid=metaweb_int&c={{campaign.name}}&af_c_id={{campaign.id}}&af_adset={{adset.name}}&af_adset_id={{adset.id}}&af_ad={{ad.name}}&af_ad_id={{ad.id}}&af_siteid={{site_source_name}},"Facebook,Instagram,Audience Network,Messenger,Threads","🌟 Want to improve your English? 
📱 Learn anytime in just minutes a day 
💬 Build real speaking confidence 
👉 Download now",👉 Download now,Download,https://speaklearnfrenchlingoai.onelink.me/Y67n?pid=metaweb_int&c={{campaign.name}}&af_c_id={{campaign.id}}&af_adset={{adset.name}}&af_adset_id={{adset.id}}&af_ad={{ad.name}}&af_ad_id={{ad.id}}&af_siteid={{site_source_name}},Video,"Facebook,Instagram,Audience Network,Messenger,Threads",1,0,9:16,https://video.fblr20-2.fna.fbcdn.net/o1/v/t2/f2/m366/AQM2NLnLbQIcoN01P7M8DfrCx3mQy3k6F8iCsLLKrJs8ENMGdzTEZKak-xQyd_NjaWXYnv30hPl0KAzuSOjcQK_ZWf59SvTC5FyD_jTqp-cf2w.mp4?_nc_cat=104&_nc_oc=AdpytWVbpUCrckO-_iACuP8ZxCooK7mWwvlhj8_rWO05sB07V_0ZuLXgObVdNlV2Ej9bVAJ4DBnI5PSQ4jc7f1m3&_nc_sid=b66105&_nc_ht=video.fblr20-2.fna.fbcdn.net&_nc_ohc=DsRjS02bfBEQ7kNvwFIZ8TK&efg=eyJ2ZW5jb2RlX3RhZyI6Inhwdl9wcm9ncmVzc2l2ZS5WSV9VU0VDQVNFX1BST0RVQ1RfVFlQRS4uQzMuNzIwLmRhc2hfaDI2NC1iYXNpYy1nZW4yXzcyMHAiLCJ4cHZfYXNzZXRfaWQiOjIyMjE4MjMxMTg2Nzg1MDYsImFzc2V0X2FnZV9kYXlzIjo0LCJ2aV91c2VjYXNlX2lkIjoxMDEzOSwiZHVyYXRpb25fcyI6NjEsInVybGdlbl9zb3VyY2UiOiJ3d3cifQ%3D%3D&ccb=17-1&vs=7aca50a5f713ffbf&_nc_vs=HBksFQIYRWZiX2VwaGVtZXJhbC83QjQ0Qzk5RTBEQkJBRENCMzhCQjNFQkY0NUZBQ0RBNF9tdF8xX3ZpZGVvX2Rhc2hpbml0Lm1wNBUAAsgBEgAVAhhAZmJfcGVybWFuZW50L0IyNDVGN0Q0NkNFRTc0MUEzRDA0Njc0MjFERTVBRTg2X2F1ZGlvX2Rhc2hpbml0Lm1wNBUCAsgBEgAoABgAGwKIB3VzZV9vaWwBMRJwcm9ncmVzc2l2ZV9yZWNpcGUBMRUAACbU5_CbkK_yBxUCKAJDMywXQE63bItDlYEYGWRhc2hfaDI2NC1iYXNpYy1nZW4yXzcyMHARAHUAZbaeAQA&_nc_gid=4GBDLGHs0ZRQXcYJX3ZHHw&_nc_ss=7f289&_nc_zt=28&oh=00_AQAWCAJvKSOyOWtEbpt1r6HcOtz0ucEkyjwjwXEom3iJDw&oe=6A57F9B4,https://scontent.fblr20-3.fna.fbcdn.net/v/t39.35426-6/741092480_2309594449847813_1477457303779249721_n.jpg?_nc_cat=105&ccb=1-7&_nc_sid=c53f8f&_nc_ohc=Bg1tO3tRhuEQ7kNvwGtNt_P&_nc_oc=Adp50HsRbCmIE5OvGnHXPS6xlJDqe9N8sGgwbJyy3umss7uw9e84yyJN1xVF0E87vwGeHvOlF9UifN8BI2ccJPKm&_nc_zt=14&_nc_ht=scontent.fblr20-3.fna&_nc_gid=4GBDLGHs0ZRQXcYJX3ZHHw&_nc_ss=7f289&oh=00_AQBs_4YBxXP9Vemjf1cmDpiwgUVG8fQJxYfOn6C6O7cP0Q&oe=6A57F2A2,2026-07-15T21:20:52.000Z,2026-07-11,https://pub-893b4a6a607b4221a894bf861da7914e.r2.dev/1335647948693091.mp4
42,37,Lingo AI,599204246602758,Lingo AI,,IN,1710683036820361,https://www.facebook.com/ads/library/?id=1710683036820361,2026-07-07,,false,false,1,0,,2026-07-07,,"🚀 Master English Faster, Just 5 Minutes a Day!
🥳 Join Learners Who Found a Fun Way to Master a Language!
✨ Our mission is to unlock your English.",✨Try it now~,Install now,http://itunes.apple.com/app/id6740255326,"Facebook,Instagram,Audience Network,Messenger,Threads","🚀 Master English Faster, Just 5 Minutes a Day!
🥳 Join Learners Who Found a Fun Way to Master a Language!
✨ Our mission is to unlock your English.",✨Try it now~,Install now,http://itunes.apple.com/app/id6740255326,Video,"Facebook,Instagram,Audience Network,Messenger,Threads",1,0,9:16,https://video.fblr20-2.fna.fbcdn.net/o1/v/t2/f2/m366/AQNJDmTOHoVlUoYPF9lHxkV9D-eAQPWXOFQqliHvG42miFOOTJjkFtqCe5ZiGad8mIMoKzhl_NLOi4OACpWKrzxLQ8rLzPhQ9-Kogpeig5DFmw.mp4?_nc_cat=111&_nc_oc=AdrBmUv3FyTn6RZwiHpkRwiLmKLqWpqFYkU7ReyAExAn0APC-EYTQIqX_vZqL0CgEmSz1UDhDTn_TR_iC7qFSsV2&_nc_sid=b66105&_nc_ht=video.fblr20-2.fna.fbcdn.net&_nc_ohc=JcnMzDjnUvYQ7kNvwFZaW6r&efg=eyJ2ZW5jb2RlX3RhZyI6Inhwdl9wcm9ncmVzc2l2ZS5WSV9VU0VDQVNFX1BST0RVQ1RfVFlQRS4uQzMuNjA4LmRhc2hfaDI2NC1iYXNpYy1nZW4yXzcyMHAiLCJ4cHZfYXNzZXRfaWQiOjE1NDUyMjcyMzA2NTY3NTMsImFzc2V0X2FnZV9kYXlzIjoyLCJ2aV91c2VjYXNlX2lkIjoxMDEzOSwiZHVyYXRpb25fcyI6MzMsInVybGdlbl9zb3VyY2UiOiJ3d3cifQ%3D%3D&ccb=17-1&vs=7eb5ab8a411400fa&_nc_vs=HBksFQIYRWZiX2VwaGVtZXJhbC8yQjREM0NFRjFGRTgzMDA0MDE0NUFFRDMyOTJCMjE4MF9tdF8xX3ZpZGVvX2Rhc2hpbml0Lm1wNBUAAsgBEgAVAhhAZmJfcGVybWFuZW50LzkwNDA2QTQ3MDQ1MEZEMDU4QzExN0E4RkQzNzdGMUE1X2F1ZGlvX2Rhc2hpbml0Lm1wNBUCAsgBEgAoABgAGwKIB3VzZV9vaWwBMRJwcm9ncmVzc2l2ZV9yZWNpcGUBMRUAACbi4_GCiNi-BRUCKAJDMywXQEDEOVgQYk4YGWRhc2hfaDI2NC1iYXNpYy1nZW4yXzcyMHARAHUAZbaeAQA&_nc_gid=4GBDLGHs0ZRQXcYJX3ZHHw&_nc_ss=7f289&_nc_zt=28&oh=00_AQAeqVyJraOuH81a8uNlIMurOUH8VgVJL00SzDba4xCeWg&oe=6A57D22D,https://scontent.fblr20-1.fna.fbcdn.net/v/t39.35426-6/743312312_4512195089017320_1162085068482418111_n.jpg?_nc_cat=108&ccb=1-7&_nc_sid=c53f8f&_nc_ohc=L1uMhKz78zEQ7kNvwFVt6VT&_nc_oc=Adq6oMrhhRMEowxOFbcbysyqMc6LK1lMqhGbG1cW04GsBwutKQ7-mbirKzR7JIMTk9mIqS59ZkMIU4cW0cWJczki&_nc_zt=14&_nc_ht=scontent.fblr20-1.fna&_nc_gid=4GBDLGHs0ZRQXcYJX3ZHHw&_nc_ss=7f289&oh=00_AQCCLpqKXmnPxeEow2NUgzggzzaKUoPZps_DUl2oTsqnmQ&oe=6A57DE70,2026-07-15T18:32:13.000Z,2026-07-11,https://pub-893b4a6a607b4221a894bf861da7914e.r2.dev/1710683036820361.mp4
43,38,Lingo AI,599204246602758,Lingo AI,,IN,2565741070509053,https://www.facebook.com/ads/library/?id=2565741070509053,2026-07-01,,false,false,1,0,,2026-07-01,,"🌟 Want to improve your English? 
📱 Learn anytime in just minutes a day 
💬 Build real speaking confidence
👉 Download now",👉 Download now,Download,http://itunes.apple.com/app/id6740255326,"Facebook,Instagram,Audience Network,Messenger,Threads","🌟 Want to improve your English? 
📱 Learn anytime in just minutes a day 
💬 Build real speaking confidence
👉 Download now",👉 Download now,Download,http://itunes.apple.com/app/id6740255326,Video,"Facebook,Instagram,Audience Network,Messenger,Threads",1,0,9:16,https://video.fblr20-1.fna.fbcdn.net/o1/v/t2/f2/m366/AQOTyT_c7BYvKAMRFdxN0iLYoyakgpztunYdwjpK4UmSpJ4pD7rM1na5OK_tquFx1mhaUfMbOVtA4UiIFGMWv_G8HaDdDE8IjBzXFhKmBOnlgQ.mp4?_nc_cat=110&_nc_oc=AdoXGdsyaNQ2xo3F1QjGcoEXUgjyGlaNuom8g8-8aat8jBwumF_I3j-Mns3YvTJHGd5NuWXrdXeyfogRLcjlGP3Y&_nc_sid=b66105&_nc_ht=video.fblr20-1.fna.fbcdn.net&_nc_ohc=D4Isa9k3aX4Q7kNvwFwvOsz&efg=eyJ2ZW5jb2RlX3RhZyI6Inhwdl9wcm9ncmVzc2l2ZS5WSV9VU0VDQVNFX1BST0RVQ1RfVFlQRS4uQzMuNjA4LmRhc2hfaDI2NC1iYXNpYy1nZW4yXzcyMHAiLCJ4cHZfYXNzZXRfaWQiOjk2NDcyMzQ1NjM4MDI3NSwiYXNzZXRfYWdlX2RheXMiOjI1LCJ2aV91c2VjYXNlX2lkIjoxMDEzOSwiZHVyYXRpb25fcyI6MjUsInVybGdlbl9zb3VyY2UiOiJ3d3cifQ%3D%3D&ccb=17-1&vs=25a205dd2b62ca48&_nc_vs=HBksFQIYRWZiX2VwaGVtZXJhbC9BNjQ2NzUwNjk2OUU5RTZEODlFQkIwM0RCQUU5OTM5NF9tdF8xX3ZpZGVvX2Rhc2hpbml0Lm1wNBUAAsgBEgAVAhhAZmJfcGVybWFuZW50LzQzNDc5NTY5QUZDMzIzRUI4QzA1ODI0NzI1NTU0NkFBX2F1ZGlvX2Rhc2hpbml0Lm1wNBUCAsgBEgAoABgAGwKIB3VzZV9vaWwBMRJwcm9ncmVzc2l2ZV9yZWNpcGUBMRUAACbmteTupdq2AxUCKAJDMywXQDl3S8an754YGWRhc2hfaDI2NC1iYXNpYy1nZW4yXzcyMHARAHUAZbaeAQA&_nc_gid=4GBDLGHs0ZRQXcYJX3ZHHw&_nc_ss=7f289&_nc_zt=28&oh=00_AQDwc-3YMiKeVoH2UAIdKyfPK33ANiueq4eobZD4c2bORQ&oe=6A57E142,https://scontent.fblr20-3.fna.fbcdn.net/v/t39.35426-6/737422018_1705605294094198_1040088367166357623_n.jpg?_nc_cat=100&ccb=1-7&_nc_sid=c53f8f&_nc_ohc=ZkU7o9pU3TYQ7kNvwHTh59t&_nc_oc=AdqZI0MbYuE9JgM-Yeu7iGbaHh--aNUuYNsYZDenUs_q4xqPckqRzKlkL7PRgJMAA2FWl1nsvEm8mCZAZoFBUbfb&_nc_zt=14&_nc_ht=scontent.fblr20-3.fna&_nc_gid=4GBDLGHs0ZRQXcYJX3ZHHw&_nc_ss=7f289&oh=00_AQDTCm3-Q249wENPco-Bi4pmskjpQkmaGzlKujfUfKp5Lw&oe=6A57E7C5,2026-07-15T19:36:34.000Z,2026-07-11,https://pub-893b4a6a607b4221a894bf861da7914e.r2.dev/2565741070509053.mp4
44,39,Lingo AI,599204246602758,Lingo AI,,IN,1705366507331909,https://www.facebook.com/ads/library/?id=1705366507331909,2026-06-17,,false,false,1,0,,2026-06-17,,"📘 Learn English easily with simple lessons 
😊 Build confidence with everyday speaking practice 
👉 Download now",👉 Download now,Download,https://speaklearnfrenchlingoai.onelink.me/Y67n?pid=metaweb_int&c={{campaign.name}}&af_c_id={{campaign.id}}&af_adset={{adset.name}}&af_adset_id={{adset.id}}&af_ad={{ad.name}}&af_ad_id={{ad.id}}&af_siteid={{site_source_name}},"Facebook,Instagram,Audience Network,Messenger,Threads","📘 Learn English easily with simple lessons 
😊 Build confidence with everyday speaking practice 
👉 Download now",👉 Download now,Download,https://speaklearnfrenchlingoai.onelink.me/Y67n?pid=metaweb_int&c={{campaign.name}}&af_c_id={{campaign.id}}&af_adset={{adset.name}}&af_adset_id={{adset.id}}&af_ad={{ad.name}}&af_ad_id={{ad.id}}&af_siteid={{site_source_name}},Video,"Facebook,Instagram,Audience Network,Messenger,Threads",1,0,9:16,https://video.fblr20-2.fna.fbcdn.net/o1/v/t2/f2/m366/AQPdwKPTpEZSU9vZgmkeDaesEIcTcBkEQ6GOrwFLlf72r73aCLxAL4tTEud999n98Hj2XGPy4Szkks41swj7g2LeH4cAnijPMeHEKvysWA1zng.mp4?_nc_cat=104&_nc_oc=AdqGh2IgrIIjmLO3gtcVUEx_xK8Yfl-TEbbruVWhhBPFIrsh16hVY5etv4hWkEe2ySCHAOA2zmFkJhJ5b28FiUvG&_nc_sid=b66105&_nc_ht=video.fblr20-2.fna.fbcdn.net&_nc_ohc=c2w65wJ2VVwQ7kNvwEkoVuB&efg=eyJ2ZW5jb2RlX3RhZyI6Inhwdl9wcm9ncmVzc2l2ZS5WSV9VU0VDQVNFX1BST0RVQ1RfVFlQRS4uQzMuNzIwLmRhc2hfaDI2NC1iYXNpYy1nZW4yXzcyMHAiLCJ4cHZfYXNzZXRfaWQiOjI0ODU3NjIyMDUyNjUxNjUsImFzc2V0X2FnZV9kYXlzIjoyNSwidmlfdXNlY2FzZV9pZCI6MTAxMzksImR1cmF0aW9uX3MiOjMyLCJ1cmxnZW5fc291cmNlIjoid3d3In0%3D&ccb=17-1&vs=ade74f2e4b08a301&_nc_vs=HBksFQIYRWZiX2VwaGVtZXJhbC8xNjQ3OUFEN0YwRTRGODVCREUwQzNDMTlGNzM2RDc5QV9tdF8xX3ZpZGVvX2Rhc2hpbml0Lm1wNBUAAsgBEgAVAhhAZmJfcGVybWFuZW50L0RDNDYxOEUzQ0U1NUVFQTA0QUNDMTREQzRGMjk5MjlEX2F1ZGlvX2Rhc2hpbml0Lm1wNBUCAsgBEgAoABgAGwKIB3VzZV9vaWwBMRJwcm9ncmVzc2l2ZV9yZWNpcGUBMRUAACaatO3Ts7LqCBUCKAJDMywXQEBd0vGp--cYGWRhc2hfaDI2NC1iYXNpYy1nZW4yXzcyMHARAHUAZbaeAQA&_nc_gid=R7QM9s9UDVHk7LIY4VMKHg&_nc_ss=7f289&_nc_zt=28&oh=00_AQBHn976oD4RNVBJoAVime_acXi7AOKUy2uSazEqwu9RZA&oe=6A57DB98,https://scontent.fblr20-1.fna.fbcdn.net/v/t39.35426-6/719534484_1736774460662365_4429883413084393841_n.jpg?_nc_cat=108&ccb=1-7&_nc_sid=c53f8f&_nc_ohc=COY9pr4EJOIQ7kNvwFBsaAM&_nc_oc=AdrPr4ZQEmqShUCsVR5F3dyPDo6CcBqRUzHxnA84kMVoOBdInzBre7youo1tONmT8oBqqBowNlTZ2Qnnfz_5fs4t&_nc_zt=14&_nc_ht=scontent.fblr20-1.fna&_nc_gid=R7QM9s9UDVHk7LIY4VMKHg&_nc_ss=7f289&oh=00_AQBVN_TudEBETDVF65cliqPpKaUgXS8-ArOhzfrpZWgiqw&oe=6A57DCFD,2026-07-15T19:12:24.000Z,2026-07-11,https://pub-893b4a6a607b4221a894bf861da7914e.r2.dev/1705366507331909.mp4
45,40,Lingo AI,599204246602758,Lingo AI,,IN,1506922147561152,https://www.facebook.com/ads/library/?id=1506922147561152,2026-06-17,,false,false,1,0,,2026-06-17,,"📘 Learn English easily with simple lessons 
😊 Build confidence with everyday speaking practice 
👉 Download now",👉 Download now,Download,https://speaklearnfrenchlingoai.onelink.me/Y67n?pid=metaweb_int&c={{campaign.name}}&af_c_id={{campaign.id}}&af_adset={{adset.name}}&af_adset_id={{adset.id}}&af_ad={{ad.name}}&af_ad_id={{ad.id}}&af_siteid={{site_source_name}},"Facebook,Instagram,Audience Network,Messenger,Threads","📘 Learn English easily with simple lessons 
😊 Build confidence with everyday speaking practice 
👉 Download now",👉 Download now,Download,https://speaklearnfrenchlingoai.onelink.me/Y67n?pid=metaweb_int&c={{campaign.name}}&af_c_id={{campaign.id}}&af_adset={{adset.name}}&af_adset_id={{adset.id}}&af_ad={{ad.name}}&af_ad_id={{ad.id}}&af_siteid={{site_source_name}},Video,"Facebook,Instagram,Audience Network,Messenger,Threads",1,0,9:16,https://video.fblr20-2.fna.fbcdn.net/o1/v/t2/f2/m366/AQNC3rBtMbw7FO47_iQRxcEbS-8fYodfTTX3dh9xLYJhpAtWH6wdLCsSfe3XHPjLp71TIt4jNtltEI8MLvSC_hpUCL0MzJuPBCXh1ADc8jaS0A.mp4?_nc_cat=111&_nc_oc=AdpZdRYl6UH0z7LBwsBk4f0TCqJds-stgW3Y6WP7vit2sw7V-VARaB6CwRr6zqSzFYj5kWRAOAI03dT74cHT9Gad&_nc_sid=b66105&_nc_ht=video.fblr20-2.fna.fbcdn.net&_nc_ohc=TA80bhpoZz4Q7kNvwGo91pL&efg=eyJ2ZW5jb2RlX3RhZyI6Inhwdl9wcm9ncmVzc2l2ZS5WSV9VU0VDQVNFX1BST0RVQ1RfVFlQRS4uQzMuNjA4LmRhc2hfaDI2NC1iYXNpYy1nZW4yXzcyMHAiLCJ4cHZfYXNzZXRfaWQiOjEzNjAyMTEzNDI4MjMwMzcsImFzc2V0X2FnZV9kYXlzIjo1MywidmlfdXNlY2FzZV9pZCI6MTAxMzksImR1cmF0aW9uX3MiOjM2LCJ1cmxnZW5fc291cmNlIjoid3d3In0%3D&ccb=17-1&vs=b6c446828cfced19&_nc_vs=HBksFQIYRWZiX2VwaGVtZXJhbC8wQjRCOTQxQzk1REVDNEVFNjgyODVCQzQ2Q0E3NzdBMl9tdF8xX3ZpZGVvX2Rhc2hpbml0Lm1wNBUAAsgBEgAVAhhAZmJfcGVybWFuZW50L0QxNDkxNDU4RDVENTg3REMyQzM3MEFCQkVDRjdGRTlBX2F1ZGlvX2Rhc2hpbml0Lm1wNBUCAsgBEgAoABgAGwKIB3VzZV9vaWwBMRJwcm9ncmVzc2l2ZV9yZWNpcGUBMRUAACb6ucSe3MbqBBUCKAJDMywXQEJiDEm6XjUYGWRhc2hfaDI2NC1iYXNpYy1nZW4yXzcyMHARAHUAZbaeAQA&_nc_gid=R7QM9s9UDVHk7LIY4VMKHg&_nc_ss=7f289&_nc_zt=28&oh=00_AQBmm0BJj6IPJPxQiS6XEeTY00D0c2IJ1CqrKVttPIZnmQ&oe=6A57F0AD,https://scontent.fblr20-4.fna.fbcdn.net/v/t39.35426-6/724753965_1022745583563421_6656513446913681489_n.jpg?_nc_cat=101&ccb=1-7&_nc_sid=c53f8f&_nc_ohc=fHoQsEolbWUQ7kNvwFnGv75&_nc_oc=AdrrcnGPaHi3OTdPUFwyz_5bcR-WNhIlRxOmLpcwiSDRFswvFmdJ7vfTgTXqa_iJiT5jRUBqDc2Mu2Mz28ndNTQI&_nc_zt=14&_nc_ht=scontent.fblr20-4.fna&_nc_gid=R7QM9s9UDVHk7LIY4VMKHg&_nc_ss=7f289&oh=00_AQCK51N4FtynDXHSHZfeVTsIaIa6aTEMnQ5ggWomOoD4mw&oe=6A57FA7A,2026-07-15T20:42:21.000Z,2026-07-11,https://pub-893b4a6a607b4221a894bf861da7914e.r2.dev/1506922147561152.mp4
46,41,Lingo AI,599204246602758,Lingo AI,,IN,1315584217229561,https://www.facebook.com/ads/library/?id=1315584217229561,2026-07-07,,false,false,1,0,,2026-07-07,,"🚀 Master English Faster, Just 5 Minutes a Day!
🥳 Join Learners Who Found a Fun Way to Master a Language!
✨ Our mission is to unlock your English.",✨Try it now~,Install now,http://itunes.apple.com/app/id6740255326,"Facebook,Instagram,Audience Network,Messenger,Threads","🚀 Master English Faster, Just 5 Minutes a Day!
🥳 Join Learners Who Found a Fun Way to Master a Language!
✨ Our mission is to unlock your English.",✨Try it now~,Install now,http://itunes.apple.com/app/id6740255326,Video,"Facebook,Instagram,Audience Network,Messenger,Threads",1,0,9:16,https://video.fblr20-2.fna.fbcdn.net/o1/v/t2/f2/m366/AQNaAz9pMVkav-H78vGHJkNGN_dZu_oMQgfkGyoxdbv2-zGeyaC1HQtBJSm2y24M5gwORW8I9I7KURHO7JP8Gi9NfgJK2WF5K_Bvvd7HSQkmxA.mp4?_nc_cat=104&_nc_oc=AdoeOLqozbaRkluTy1Xq5AYlXe4V_5zhnt0vdvX1cl7_5X2zpjncuQRG7F96vCALJiGYsHZvUHdkQRQyYWczgc5B&_nc_sid=b66105&_nc_ht=video.fblr20-2.fna.fbcdn.net&_nc_ohc=a3bXF_SV3SYQ7kNvwE1rU9F&efg=eyJ2ZW5jb2RlX3RhZyI6Inhwdl9wcm9ncmVzc2l2ZS5WSV9VU0VDQVNFX1BST0RVQ1RfVFlQRS4uQzMuNjA4LmRhc2hfaDI2NC1iYXNpYy1nZW4yXzcyMHAiLCJ4cHZfYXNzZXRfaWQiOjIzODgwNDQyMDE2ODQ5ODMsImFzc2V0X2FnZV9kYXlzIjoyLCJ2aV91c2VjYXNlX2lkIjoxMDEzOSwiZHVyYXRpb25fcyI6NTQsInVybGdlbl9zb3VyY2UiOiJ3d3cifQ%3D%3D&ccb=17-1&vs=ec1b88f3f9920bbb&_nc_vs=HBksFQIYRWZiX2VwaGVtZXJhbC9GNjQzMDRFOEE0OUU5QjAyNERENjVGNkVGMUNFRTA5MV9tdF8xX3ZpZGVvX2Rhc2hpbml0Lm1wNBUAAsgBEgAVAhhAZmJfcGVybWFuZW50LzUyNEUyQzkyRTdGNDU3MkYzNTk1ODcyNTNDOUUyODg2X2F1ZGlvX2Rhc2hpbml0Lm1wNBUCAsgBEgAoABgAGwKIB3VzZV9vaWwBMRJwcm9ncmVzc2l2ZV9yZWNpcGUBMRUAACbuv8vlu_q9CBUCKAJDMywXQEtIcrAgxJwYGWRhc2hfaDI2NC1iYXNpYy1nZW4yXzcyMHARAHUAZbaeAQA&_nc_gid=R7QM9s9UDVHk7LIY4VMKHg&_nc_ss=7f289&_nc_zt=28&oh=00_AQDkIbsiEcRanAdT2cNo3_pMu6lFcqm3FRTIV9DH5VCp8Q&oe=6A57F81C,https://scontent.fblr20-3.fna.fbcdn.net/v/t39.35426-6/740903088_27067824556250241_3839511576706054624_n.jpg?_nc_cat=100&ccb=1-7&_nc_sid=c53f8f&_nc_ohc=TE9en2ZiKgMQ7kNvwHSQHv6&_nc_oc=AdomnCA2BY7GGq01nJK2W4C3V6n2kBkM9mJum4RXhFXat7JhbpW7QiIrkHwxeGYsaJYbn6kdODAWOrHUogocJsHN&_nc_zt=14&_nc_ht=scontent.fblr20-3.fna&_nc_gid=R7QM9s9UDVHk7LIY4VMKHg&_nc_ss=7f289&oh=00_AQAWx-zqtO_t7wi3cmQp-oCt2sr3WH5rEva982uQFcB1TQ&oe=6A57FD57,2026-07-15T21:14:04.000Z,2026-07-11,https://pub-893b4a6a607b4221a894bf861da7914e.r2.dev/1315584217229561.mp4
47,42,Lingo AI,599204246602758,Lingo AI,,IN,992641953651273,https://www.facebook.com/ads/library/?id=992641953651273,2026-06-16,,false,false,1,0,,2026-06-16,,"🚀 Master French Faster, Just 5 Minutes a Day!
🥳 Join Learners Who Found a Fun Way to Master a Language!
✨ Our mission is to unlock your French.",✨Try it now~,Install now,http://itunes.apple.com/app/id6740255326,"Facebook,Instagram,Audience Network,Messenger","🚀 Master French Faster, Just 5 Minutes a Day!
🥳 Join Learners Who Found a Fun Way to Master a Language!
✨ Our mission is to unlock your French.",✨Try it now~,Install now,http://itunes.apple.com/app/id6740255326,Video,"Facebook,Instagram,Audience Network,Messenger",1,0,9:16,https://video.fblr20-5.fna.fbcdn.net/o1/v/t2/f2/m366/AQPQ24mXK_TtaFhPejitoKA-Q2zJKFR3ZWk1EQkc903UofuxgZiMz0CsZTH8liCt9o1LP_w1DeVDTjNHwOVkuG7N875mIN3Jgz6lwfEYcfy2vw.mp4?_nc_cat=107&_nc_oc=Ado1sDMDW2Tj6Mq8NbxpkzxBkejB4IdKNuvfxc-TyySOXt25yOUHSkNXfhd6yaJATbJPeZPQTnftdu8drah8Kbe0&_nc_sid=b66105&_nc_ht=video.fblr20-5.fna.fbcdn.net&_nc_ohc=G_lkrw2hcNMQ7kNvwEK5ndu&efg=eyJ2ZW5jb2RlX3RhZyI6Inhwdl9wcm9ncmVzc2l2ZS5WSV9VU0VDQVNFX1BST0RVQ1RfVFlQRS4uQzMuNzIwLmRhc2hfaDI2NC1iYXNpYy1nZW4yXzcyMHAiLCJ4cHZfYXNzZXRfaWQiOjIwNTI4OTk3MDg5NjQ2NzQsImFzc2V0X2FnZV9kYXlzIjoyMywidmlfdXNlY2FzZV9pZCI6MTAxMzksImR1cmF0aW9uX3MiOjY2LCJ1cmxnZW5fc291cmNlIjoid3d3In0%3D&ccb=17-1&vs=debff0aeaea1df58&_nc_vs=HBksFQIYRWZiX2VwaGVtZXJhbC9FNzRBMTdBMzRCMEE0RkIwMkY2NEZDRkM5ODAyMUVCQV9tdF8xX3ZpZGVvX2Rhc2hpbml0Lm1wNBUAAsgBEgAVAhhAZmJfcGVybWFuZW50LzA1NEZBM0E4ODBENDY3NzBGMEIzNjczNTNCMUIwQjg5X2F1ZGlvX2Rhc2hpbml0Lm1wNBUCAsgBEgAoABgAGwKIB3VzZV9vaWwBMRJwcm9ncmVzc2l2ZV9yZWNpcGUBMRUAACaEvczevsalBxUCKAJDMywXQFCTMzMzMzMYGWRhc2hfaDI2NC1iYXNpYy1nZW4yXzcyMHARAHUAZbaeAQA&_nc_gid=R7QM9s9UDVHk7LIY4VMKHg&_nc_ss=7f289&_nc_zt=28&oh=00_AQBfdsUgFpkGckOEMknd693V9WzpovAEcjwYS2s14v6hFA&oe=6A57D709,https://scontent.fblr20-2.fna.fbcdn.net/v/t39.35426-6/725248964_1787253702644560_8077500395448163876_n.jpg?_nc_cat=111&ccb=1-7&_nc_sid=c53f8f&_nc_ohc=CA2Cj7tXX34Q7kNvwH245DM&_nc_oc=AdrH9HrutVolezYcBTGB4BcQNhOS4gcdXQk2ZbcqrlyPJA3GBlhl6uMB24GNYxh2aUEEM7lp8gbr1Dj29Y4b64uE&_nc_zt=14&_nc_ht=scontent.fblr20-2.fna&_nc_gid=R7QM9s9UDVHk7LIY4VMKHg&_nc_ss=7f289&oh=00_AQAACIJIBg3zKt-09G1eZPqo0ZsiSQc1V8dCSWkiB_M5Qw&oe=6A57F47F,2026-07-15T18:52:57.000Z,2026-07-11,https://pub-893b4a6a607b4221a894bf861da7914e.r2.dev/992641953651273.mp4
48,43,Lingo AI,599204246602758,Lingo AI,,IN,1679190003136935,https://www.facebook.com/ads/library/?id=1679190003136935,2026-07-07,,false,false,1,0,,2026-07-07,,"🚀 Master English Faster, Just 5 Minutes a Day!
🥳 Join Learners Who Found a Fun Way to Master a Language!
✨ Our mission is to unlock your English.",✨Try it now~,Install now,http://itunes.apple.com/app/id6740255326,"Facebook,Instagram,Audience Network,Messenger,Threads","🚀 Master English Faster, Just 5 Minutes a Day!
🥳 Join Learners Who Found a Fun Way to Master a Language!
✨ Our mission is to unlock your English.",✨Try it now~,Install now,http://itunes.apple.com/app/id6740255326,Video,"Facebook,Instagram,Audience Network,Messenger,Threads",1,0,9:16,https://video.fblr20-1.fna.fbcdn.net/o1/v/t2/f2/m366/AQN0a_0tgVA8FEkgfdwS87klxhRq78LP4u-kca0fhCZqrhh7r3kwtWNaRb1AVRBejBa0EXlN6hdI_5jPiVbnoIYt5c81tlBDpZwLJiflIaTsrw.mp4?_nc_cat=108&_nc_oc=Adq8Z-W7kvWy6T9t1-6vtK-yKxNPME_jukk9VvKxqBcPsHj9BYAZZGA5N__M-WpX2LpfRF04gbN4IUiR6WDi4OX4&_nc_sid=b66105&_nc_ht=video.fblr20-1.fna.fbcdn.net&_nc_ohc=ID6OsUCler0Q7kNvwEzI3Ao&efg=eyJ2ZW5jb2RlX3RhZyI6Inhwdl9wcm9ncmVzc2l2ZS5WSV9VU0VDQVNFX1BST0RVQ1RfVFlQRS4uQzMuNjA4LmRhc2hfaDI2NC1iYXNpYy1nZW4yXzcyMHAiLCJ4cHZfYXNzZXRfaWQiOjk5NjU3ODg3OTgwNjEwMywiYXNzZXRfYWdlX2RheXMiOjIsInZpX3VzZWNhc2VfaWQiOjEwMTM5LCJkdXJhdGlvbl9zIjozNSwidXJsZ2VuX3NvdXJjZSI6Ind3dyJ9&ccb=17-1&vs=5d4eb5239f4cff00&_nc_vs=HBksFQIYRWZiX2VwaGVtZXJhbC9ENzQyNjlFQ0I2ODk5RDFFQUJBMDEzNDNCNEEyNUFBRV9tdF8xX3ZpZGVvX2Rhc2hpbml0Lm1wNBUAAsgBEgAVAhhAZmJfcGVybWFuZW50LzZGNEZFNzFCOUVEQ0RDMURDQUQ1MDE4NkY1RkIyNzk3X2F1ZGlvX2Rhc2hpbml0Lm1wNBUCAsgBEgAoABgAGwKIB3VzZV9vaWwBMRJwcm9ncmVzc2l2ZV9yZWNpcGUBMRUAACau6vihw5jFAxUCKAJDMywXQEGiDEm6XjUYGWRhc2hfaDI2NC1iYXNpYy1nZW4yXzcyMHARAHUAZbaeAQA&_nc_gid=R7QM9s9UDVHk7LIY4VMKHg&_nc_ss=7f289&_nc_zt=28&oh=00_AQCi2sWVsOuk91axbV8URXlGPbHklEuAOp4UxzMrvyvzJg&oe=6A57D1A0,https://scontent.fblr20-3.fna.fbcdn.net/v/t39.35426-6/738853763_2252046135534576_5157577896209547489_n.jpg?_nc_cat=100&ccb=1-7&_nc_sid=c53f8f&_nc_ohc=7xaytEKJiL4Q7kNvwH2-oJf&_nc_oc=AdqWU8L47BvVtX9tvRueM_xZdIkC8d4CzQNQCMFLf4QqHOzp8oFpUU9R_8ISQNbUSnfjymcSAqDLwQiSttmQG5JP&_nc_zt=14&_nc_ht=scontent.fblr20-3.fna&_nc_gid=R7QM9s9UDVHk7LIY4VMKHg&_nc_ss=7f289&oh=00_AQBCgcXtUyLihDOcOfHaeAd5apYdZMWHZvW92kSJX9L78Q&oe=6A57EA9F,2026-07-15T18:29:52.000Z,2026-07-11,https://pub-893b4a6a607b4221a894bf861da7914e.r2.dev/1679190003136935.mp4
49,44,Lingo AI,599204246602758,Lingo AI,,IN,844826715136633,https://www.facebook.com/ads/library/?id=844826715136633,2026-07-03,,false,false,1,0,,2026-07-03,,"📘 Aprenda inglês facilmente com lições simples
😊 Ganhe confiança com a prática diária de conversação
👉 Baixe agora",👉 Baixe agora,Download,https://speaklearnfrenchlingoai.onelink.me/Y67n?pid=metaweb_int&c={{campaign.name}}&af_c_id={{campaign.id}}&af_adset={{adset.name}}&af_adset_id={{adset.id}}&af_ad={{ad.name}}&af_ad_id={{ad.id}}&af_siteid={{site_source_name}},"Facebook,Instagram,Audience Network,Messenger,Threads","📘 Aprenda inglês facilmente com lições simples
😊 Ganhe confiança com a prática diária de conversação
👉 Baixe agora",👉 Baixe agora,Download,https://speaklearnfrenchlingoai.onelink.me/Y67n?pid=metaweb_int&c={{campaign.name}}&af_c_id={{campaign.id}}&af_adset={{adset.name}}&af_adset_id={{adset.id}}&af_ad={{ad.name}}&af_ad_id={{ad.id}}&af_siteid={{site_source_name}},Video,"Facebook,Instagram,Audience Network,Messenger,Threads",1,0,9:16,https://video.fblr20-2.fna.fbcdn.net/o1/v/t2/f2/m366/AQPozXyic4JHwb6OeLoEfpUfklbWNju4lZiKfIbSDpXpzCfokb2i7IU2GYm4PgDG3gFqXoE0lF2Uzjf44r_CupzVeji22tER5apxJl7R-4NUIg.mp4?_nc_cat=104&_nc_oc=Adp9mgpuUcwSoJgxNlXrt5qWf1Yf04-3t_nVFmjnfSKALV_3AM1Lkq0M9cYVLsJnlQh0sSK21WgzkGlE-vbTbKBn&_nc_sid=b66105&_nc_ht=video.fblr20-2.fna.fbcdn.net&_nc_ohc=RhlW8Iz7dLUQ7kNvwHtpRy6&efg=eyJ2ZW5jb2RlX3RhZyI6Inhwdl9wcm9ncmVzc2l2ZS5WSV9VU0VDQVNFX1BST0RVQ1RfVFlQRS4uQzMuNjA4LmRhc2hfaDI2NC1iYXNpYy1nZW4yXzcyMHAiLCJ4cHZfYXNzZXRfaWQiOjE3ODI0NDMzOTY0NjUxMzcsImFzc2V0X2FnZV9kYXlzIjoxMCwidmlfdXNlY2FzZV9pZCI6MTAxMzksImR1cmF0aW9uX3MiOjcxLCJ1cmxnZW5fc291cmNlIjoid3d3In0%3D&ccb=17-1&vs=5f8bb70b43194d74&_nc_vs=HBksFQIYRWZiX2VwaGVtZXJhbC80RTQ3OTlBQkU2Mzc1MTg2RkFFOTg1REQ5MjQzOTlCMF9tdF8xX3ZpZGVvX2Rhc2hpbml0Lm1wNBUAAsgBEgAVAhhAZmJfcGVybWFuZW50LzM1NDRCRUJBNjM2NTQ3MzIwMDc5RTlBQjRGRTZGMThCX2F1ZGlvX2Rhc2hpbml0Lm1wNBUCAsgBEgAoABgAGwKIB3VzZV9vaWwBMRJwcm9ncmVzc2l2ZV9yZWNpcGUBMRUAACbih9SX7seqBhUCKAJDMywXQFHIgxJul40YGWRhc2hfaDI2NC1iYXNpYy1nZW4yXzcyMHARAHUAZbaeAQA&_nc_gid=R7QM9s9UDVHk7LIY4VMKHg&_nc_ss=7f289&_nc_zt=28&oh=00_AQABC1SejI_aYQc0FuNJ-XG3ZSrvdycbBqaFAxp8QOpLEA&oe=6A57DBE4,https://scontent.fblr20-2.fna.fbcdn.net/v/t39.35426-6/731068482_1650949009306461_3630949388382654023_n.jpg?_nc_cat=104&ccb=1-7&_nc_sid=c53f8f&_nc_ohc=dbZWQOW133YQ7kNvwFnfUuG&_nc_oc=AdpzWmm359WE-OzsshaMNIhJ-yYEnxjMnQmuIZKCD-2tbbmTBecjiuTwNENLCTBYpIeXTfybp7CDd-Y1h-87EQdG&_nc_zt=14&_nc_ht=scontent.fblr20-2.fna&_nc_gid=R7QM9s9UDVHk7LIY4VMKHg&_nc_ss=7f289&oh=00_AQBYQ7OtHa9Gw0B_yiQoFxzUiJoGZqSnITvYjRBIhU000A&oe=6A57FB4D,2026-07-15T19:13:40.000Z,2026-07-11,https://pub-893b4a6a607b4221a894bf861da7914e.r2.dev/844826715136633.mp4
50,45,Lingo AI,599204246602758,Lingo AI,,IN,4224513657811159,https://www.facebook.com/ads/library/?id=4224513657811159,2026-07-05,,false,false,1,0,,2026-07-05,,"😊The best place to learn French language
💼 Boost your French skills in just 5 minutes a day! 
📚The efficient path to fluency.",✨Try it now~,Install now,http://itunes.apple.com/app/id6740255326,"Facebook,Instagram,Audience Network,Messenger,Threads","😊The best place to learn French language
💼 Boost your French skills in just 5 minutes a day! 
📚The efficient path to fluency.",✨Try it now~,Install now,http://itunes.apple.com/app/id6740255326,Video,"Facebook,Instagram,Audience Network,Messenger,Threads",1,0,9:16,https://video.fblr20-1.fna.fbcdn.net/o1/v/t2/f2/m366/AQOyoBvTkcW_feuUbKwKxgL1U689LAHMzikOJXcEB43KvOfHqR0v-0ZPRfqLwbWZz4LCrWBvfyuUeUgFeLT17EcsCflhRVxIH8Ten1yiawjcXA.mp4?_nc_cat=108&_nc_oc=AdrsPSt0rvqVnzjFbroyHHzWKHUOAkMlinXNk1goAhT_hhmh1F038uLn69wQz2_-1v7R8BlZB0WZq8IFG398uMaZ&_nc_sid=b66105&_nc_ht=video.fblr20-1.fna.fbcdn.net&_nc_ohc=PfOwl4SHsdwQ7kNvwGhZ4v-&efg=eyJ2ZW5jb2RlX3RhZyI6Inhwdl9wcm9ncmVzc2l2ZS5WSV9VU0VDQVNFX1BST0RVQ1RfVFlQRS4uQzMuNzIwLmRhc2hfaDI2NC1iYXNpYy1nZW4yXzcyMHAiLCJ4cHZfYXNzZXRfaWQiOjk0NzU2ODI5ODMwMTE3NywiYXNzZXRfYWdlX2RheXMiOjUsInZpX3VzZWNhc2VfaWQiOjEwMTM5LCJkdXJhdGlvbl9zIjoyNCwidXJsZ2VuX3NvdXJjZSI6Ind3dyJ9&ccb=17-1&vs=86d4caed0646aa02&_nc_vs=HBksFQIYRWZiX2VwaGVtZXJhbC84QTRERUJCQ0I2NjYwN0ExQTREMkNEMDA3NDQyQ0Q5QV9tdF8xX3ZpZGVvX2Rhc2hpbml0Lm1wNBUAAsgBEgAVAhhAZmJfcGVybWFuZW50L0YzNDVEMkY5OTU3QUY3OTdDQTRGMzMwRUNBREQ4REJCX2F1ZGlvX2Rhc2hpbml0Lm1wNBUCAsgBEgAoABgAGwKIB3VzZV9vaWwBMRJwcm9ncmVzc2l2ZV9yZWNpcGUBMRUAACby25D93fOuAxUCKAJDMywXQDj3S8an754YGWRhc2hfaDI2NC1iYXNpYy1nZW4yXzcyMHARAHUAZbaeAQA&_nc_gid=R7QM9s9UDVHk7LIY4VMKHg&_nc_ss=7f289&_nc_zt=28&oh=00_AQBvd9ety0eLyrUhcjRkqWnSgPpMRWN8Jz62JGKePfJ27g&oe=6A57EBA8,https://scontent.fblr20-3.fna.fbcdn.net/v/t39.35426-6/738552658_1021326136935267_4829941073157115545_n.jpg?_nc_cat=109&ccb=1-7&_nc_sid=c53f8f&_nc_ohc=C17zAYlmdAkQ7kNvwGRLHJ1&_nc_oc=Adq0c1VhrrL_LLObFIEgvPOBtArDkm7yDzdkzqD4H7n2HgcdcOXgACoBJTeNo1ixqJbQORBGo-3OBwMO-YAUBmGw&_nc_zt=14&_nc_ht=scontent.fblr20-3.fna&_nc_gid=R7QM9s9UDVHk7LIY4VMKHg&_nc_ss=7f289&oh=00_AQDNPpLYJotAMPJNVc_47VpQE064HYUtPU52RTwpKvyBzw&oe=6A57E24D,2026-07-15T20:20:56.000Z,2026-07-11,https://pub-893b4a6a607b4221a894bf861da7914e.r2.dev/4224513657811159.mp4
51,46,Lingo AI,599204246602758,Lingo AI,,IN,1699898057920736,https://www.facebook.com/ads/library/?id=1699898057920736,2026-07-07,,false,false,1,0,,2026-07-07,,"😊The best place to learn French language
💼 Boost your French skills in just 5 minutes a day! 
📚The efficient path to fluency.",✨Try it now~,Install now,http://itunes.apple.com/app/id6740255326,"Facebook,Instagram,Audience Network,Messenger,Threads","😊The best place to learn French language
💼 Boost your French skills in just 5 minutes a day! 
📚The efficient path to fluency.",✨Try it now~,Install now,http://itunes.apple.com/app/id6740255326,Video,"Facebook,Instagram,Audience Network,Messenger,Threads",1,0,9:16,https://video.fblr20-4.fna.fbcdn.net/o1/v/t2/f2/m366/AQOa-xSjAIn0qOxwDoOC7dDoWD7_3aJyaEay5ArL0538P3n6cFdeNgRx-ujQ76myuvU0qVP0liPGwgEa58B0S4bXhntbKLjr_rbyq4c0l5Uh6w.mp4?_nc_cat=103&_nc_oc=Adp8_uxijwRVvsnFtnYDTmHV1mwmyVAJJ_W_tFj9u1D017qow7q9fifaoWE4NiVwqGhrBGJEifCWA5wss5GnUFVE&_nc_sid=b66105&_nc_ht=video.fblr20-4.fna.fbcdn.net&_nc_ohc=2rqz0nehYUEQ7kNvwFSAAF1&efg=eyJ2ZW5jb2RlX3RhZyI6Inhwdl9wcm9ncmVzc2l2ZS5WSV9VU0VDQVNFX1BST0RVQ1RfVFlQRS4uQzMuNjA4LmRhc2hfaDI2NC1iYXNpYy1nZW4yXzcyMHAiLCJ4cHZfYXNzZXRfaWQiOjkwNTYxOTA3MTg2OTQzNSwiYXNzZXRfYWdlX2RheXMiOjMsInZpX3VzZWNhc2VfaWQiOjEwMTM5LCJkdXJhdGlvbl9zIjoyMywidXJsZ2VuX3NvdXJjZSI6Ind3dyJ9&ccb=17-1&vs=b19bf7e4934025bb&_nc_vs=HBksFQIYRWZiX2VwaGVtZXJhbC81MzRFRTU3MUJEMDM4MEYwRTc2MERDNDZFRjAyMDZCOF9tdF8xX3ZpZGVvX2Rhc2hpbml0Lm1wNBUAAsgBEgAVAhhAZmJfcGVybWFuZW50LzUzNEIxNjM3NTNDNDQ1RTBCMzE0NEUwNzA0ODZGNEJFX2F1ZGlvX2Rhc2hpbml0Lm1wNBUCAsgBEgAoABgAGwKIB3VzZV9vaWwBMRJwcm9ncmVzc2l2ZV9yZWNpcGUBMRUAACb2h6Xx--mbAxUCKAJDMywXQDcZmZmZmZoYGWRhc2hfaDI2NC1iYXNpYy1nZW4yXzcyMHARAHUAZbaeAQA&_nc_gid=R7QM9s9UDVHk7LIY4VMKHg&_nc_ss=7f289&_nc_zt=28&oh=00_AQCdlYm9AAsjn1Pc-826y_xMxCuImB__FvEF2vlOlbgwvQ&oe=6A57D5B1,https://scontent.fblr20-2.fna.fbcdn.net/v/t39.35426-6/743174797_899861103163580_7725026306746514696_n.jpg?_nc_cat=102&ccb=1-7&_nc_sid=c53f8f&_nc_ohc=CrHlWkjaOLcQ7kNvwHxI81z&_nc_oc=AdpFlnMeAlnelI3ddgtjwVTMpKGdHydEHR9yJOphV_Z4Fr2s5-qlVXqVpcfU11l9reZ8X_epnsR3yLavBjb8LGxt&_nc_zt=14&_nc_ht=scontent.fblr20-2.fna&_nc_gid=R7QM9s9UDVHk7LIY4VMKHg&_nc_ss=7f289&oh=00_AQBdviDZIsby6O2h3B6e4wwPtbb4nTfK5FZhXcm6vtPkDQ&oe=6A57CB7E,2026-07-15T18:47:13.000Z,2026-07-11,https://pub-893b4a6a607b4221a894bf861da7914e.r2.dev/1699898057920736.mp4
52,47,Lingo AI,599204246602758,Lingo AI,,IN,898871176564000,https://www.facebook.com/ads/library/?id=898871176564000,2026-07-01,,false,false,1,0,,2026-07-01,,"🌟 Want to improve your English? 
📱 Learn anytime in just minutes a day 
💬 Build real speaking confidence
👉 Download now",👉 Download now,Download,http://itunes.apple.com/app/id6740255326,"Facebook,Instagram,Audience Network,Messenger,Threads","🌟 Want to improve your English? 
📱 Learn anytime in just minutes a day 
💬 Build real speaking confidence
👉 Download now",👉 Download now,Download,http://itunes.apple.com/app/id6740255326,Video,"Facebook,Instagram,Audience Network,Messenger,Threads",1,0,9:16,https://video.fblr20-3.fna.fbcdn.net/o1/v/t2/f2/m366/AQOjnjancj96VgkXFncuV4taz2kW81Y3Ce4VXRquOnDj4sgfJ9__rndgeahAHFFKK7HtBnopua53Eah4RwURi5TR1S34C74Vzvi0l55HWh_pzw.mp4?_nc_cat=109&_nc_oc=Adp-vmQ_IkImMLX1F1QF2HVf3kRVJCmT2tx37NyAgLRzihSMNBJBSbzjcPkQ1rqBfoy20aO0UWZ2iXrhyR0yqVCr&_nc_sid=b66105&_nc_ht=video.fblr20-3.fna.fbcdn.net&_nc_ohc=tAQLjGlu8poQ7kNvwG63MzA&efg=eyJ2ZW5jb2RlX3RhZyI6Inhwdl9wcm9ncmVzc2l2ZS5WSV9VU0VDQVNFX1BST0RVQ1RfVFlQRS4uQzMuNjA4LmRhc2hfaDI2NC1iYXNpYy1nZW4yXzcyMHAiLCJ4cHZfYXNzZXRfaWQiOjk5OTA0NDA1OTQ5MTIwNiwiYXNzZXRfYWdlX2RheXMiOjI1LCJ2aV91c2VjYXNlX2lkIjoxMDEzOSwiZHVyYXRpb25fcyI6MzYsInVybGdlbl9zb3VyY2UiOiJ3d3cifQ%3D%3D&ccb=17-1&vs=97c9fce715fbfa4d&_nc_vs=HBksFQIYRWZiX2VwaGVtZXJhbC84QTRGODk3RUIzRTUyOTI5NThBQkNFRjBDRkUyODY4Nl9tdF8xX3ZpZGVvX2Rhc2hpbml0Lm1wNBUAAsgBEgAVAhhAZmJfcGVybWFuZW50LzlFNEE3RkQ3MUMxODc5Rjg3RjgxMzUyQjBFREU0MjgxX2F1ZGlvX2Rhc2hpbml0Lm1wNBUCAsgBEgAoABgAGwKIB3VzZV9vaWwBMRJwcm9ncmVzc2l2ZV9yZWNpcGUBMRUAACaMrr-kgqjGAxUCKAJDMywXQEJqn752yLQYGWRhc2hfaDI2NC1iYXNpYy1nZW4yXzcyMHARAHUAZbaeAQA&_nc_gid=R7QM9s9UDVHk7LIY4VMKHg&_nc_ss=7f289&_nc_zt=28&oh=00_AQCeRXzkb6TAbMD0qLb0tVutNOaE1M95SmuRDUNfO1sY4w&oe=6A57F99B,https://scontent.fblr20-2.fna.fbcdn.net/v/t39.35426-6/735958738_1515827100022541_8873398493566269828_n.jpg?_nc_cat=104&ccb=1-7&_nc_sid=c53f8f&_nc_ohc=HVzb8nIlnnoQ7kNvwE7uncS&_nc_oc=AdrlO21Ds7mPBaQ0ygRIJovLqk115FtQFNnT1Tx1fto9VWuX03H9Lqz5NBQiednfompbqpGZ49hoC9b6nruQW-A4&_nc_zt=14&_nc_ht=scontent.fblr20-2.fna&_nc_gid=R7QM9s9UDVHk7LIY4VMKHg&_nc_ss=7f289&oh=00_AQDXxHZ01b98qZdM0Dzz48TZW1rhZ23rfHR-OSpJdoX8UQ&oe=6A57CD46,2026-07-15T21:20:27.000Z,2026-07-11,https://pub-893b4a6a607b4221a894bf861da7914e.r2.dev/898871176564000.mp4
53,48,Lingo AI,599204246602758,Lingo AI,,IN,876256078890716,https://www.facebook.com/ads/library/?id=876256078890716,2026-07-07,,false,false,1,0,,2026-07-07,,"😊The best place to learn French language
💼 Boost your French skills in just 5 minutes a day! 
📚The efficient path to fluency.",✨Try it now~,Install now,http://itunes.apple.com/app/id6740255326,"Facebook,Instagram,Audience Network,Messenger,Threads","😊The best place to learn French language
💼 Boost your French skills in just 5 minutes a day! 
📚The efficient path to fluency.",✨Try it now~,Install now,http://itunes.apple.com/app/id6740255326,Video,"Facebook,Instagram,Audience Network,Messenger,Threads",1,0,9:16,https://video.fblr20-2.fna.fbcdn.net/o1/v/t2/f2/m366/AQPYKfM0XnLzw4HYABOfyBzcsxsv6fpQNeR5lSDqGczr1IZ0GRgHEduiMn1kkIVMamJ3IXDeKmHc0sF_g9Y46JgqdOC4W7c6nky3NVbC1jRx8w.mp4?_nc_cat=104&_nc_oc=AdrNT4ycxC4CbH-CywgXhAasDpfiKxYNKKh113kfZI7wnD_WwliPQe-w3O30wTjVIkCO82yVH-Fb4GSbOZtg9MaA&_nc_sid=b66105&_nc_ht=video.fblr20-2.fna.fbcdn.net&_nc_ohc=dkvQKaxKL9YQ7kNvwEiyDtP&efg=eyJ2ZW5jb2RlX3RhZyI6Inhwdl9wcm9ncmVzc2l2ZS5WSV9VU0VDQVNFX1BST0RVQ1RfVFlQRS4uQzMuNjA4LmRhc2hfaDI2NC1iYXNpYy1nZW4yXzcyMHAiLCJ4cHZfYXNzZXRfaWQiOjE2ODM2MjQ2OTk0MTU5NjAsImFzc2V0X2FnZV9kYXlzIjozLCJ2aV91c2VjYXNlX2lkIjoxMDEzOSwiZHVyYXRpb25fcyI6MzMsInVybGdlbl9zb3VyY2UiOiJ3d3cifQ%3D%3D&ccb=17-1&vs=f5c54b6259a221f0&_nc_vs=HBksFQIYRWZiX2VwaGVtZXJhbC9CMDREQUJENDA2ODlFOUQxRDJCOTlGOEI0NjE0RTdBNF9tdF8xX3ZpZGVvX2Rhc2hpbml0Lm1wNBUAAsgBEgAVAhhAZmJfcGVybWFuZW50L0NFNEFCQzczQTFCQzUwNjgxMzUzMDcwNTQ5NDFBM0E0X2F1ZGlvX2Rhc2hpbml0Lm1wNBUCAsgBEgAoABgAGwKIB3VzZV9vaWwBMRJwcm9ncmVzc2l2ZV9yZWNpcGUBMRUAACawtqbC7c_9BRUCKAJDMywXQECVP3ztkWgYGWRhc2hfaDI2NC1iYXNpYy1nZW4yXzcyMHARAHUAZbaeAQA&_nc_gid=R7QM9s9UDVHk7LIY4VMKHg&_nc_ss=7f289&_nc_zt=28&oh=00_AQC9WmvOn3VBZoXJrRo_yCTKbDYemD0jKVysQcFsim9fhg&oe=6A57F744,https://scontent.fblr20-4.fna.fbcdn.net/v/t39.35426-6/741828007_1008858421968031_5866793463885217437_n.jpg?_nc_cat=106&ccb=1-7&_nc_sid=c53f8f&_nc_ohc=SG-MhjHUMskQ7kNvwG57caR&_nc_oc=AdrOfHnrYGcFckmTqusDi7pUoYrmbrse9XKXb-FMLZqzj0pilbe4MepxiRe29O6iKoyToSemLAz7CS0uLWjrn6t1&_nc_zt=14&_nc_ht=scontent.fblr20-4.fna&_nc_gid=R7QM9s9UDVHk7LIY4VMKHg&_nc_ss=7f289&oh=00_AQC8699KKzz-F54FkFwUJAvD-5fnHYvh3VkvP3dlTPSA7w&oe=6A57D970,2026-07-15T21:10:28.000Z,2026-07-11,https://pub-893b4a6a607b4221a894bf861da7914e.r2.dev/876256078890716.mp4
54,49,Lingo AI,599204246602758,Lingo AI,,IN,1382542137258042,https://www.facebook.com/ads/library/?id=1382542137258042,2026-06-16,,false,false,1,0,,2026-06-16,,"🚀 Master French Faster, Just 5 Minutes a Day!
🥳 Join Learners Who Found a Fun Way to Master a Language!
✨ Our mission is to unlock your French.",✨Try it now~,Install now,http://itunes.apple.com/app/id6740255326,"Facebook,Instagram,Audience Network,Messenger","🚀 Master French Faster, Just 5 Minutes a Day!
🥳 Join Learners Who Found a Fun Way to Master a Language!
✨ Our mission is to unlock your French.",✨Try it now~,Install now,http://itunes.apple.com/app/id6740255326,Video,"Facebook,Instagram,Audience Network,Messenger",1,0,9:16,https://video.fblr20-5.fna.fbcdn.net/o1/v/t2/f2/m366/AQPv-T7PuY2oX5zc7SZNIWcEpn-F2Qa1bQJrRmMF7kubUAffeu7JRu1hJVWmLzuJajaCZ_3_JTj1r_Zoo_t1IYrA5A2vUxWOvYWmTmDW3-dpgQ.mp4?_nc_cat=107&_nc_oc=Adold4nC6ZF7NuDKB329qWaRYcoTOZ_rw9QIuBX57J1YK-EQs5RVrsWtb0MRgPftX1-Gkp1lGKHqYrU8Ft-vefVN&_nc_sid=b66105&_nc_ht=video.fblr20-5.fna.fbcdn.net&_nc_ohc=IVXJ5zruGuUQ7kNvwGvcxtO&efg=eyJ2ZW5jb2RlX3RhZyI6Inhwdl9wcm9ncmVzc2l2ZS5WSV9VU0VDQVNFX1BST0RVQ1RfVFlQRS4uQzMuNzIwLmRhc2hfaDI2NC1iYXNpYy1nZW4yXzcyMHAiLCJ4cHZfYXNzZXRfaWQiOjI0MjkxNDM2NDc1NzMxMDEsImFzc2V0X2FnZV9kYXlzIjoyMywidmlfdXNlY2FzZV9pZCI6MTAxMzksImR1cmF0aW9uX3MiOjI0LCJ1cmxnZW5fc291cmNlIjoid3d3In0%3D&ccb=17-1&vs=3820b7b52608f3ca&_nc_vs=HBksFQIYRWZiX2VwaGVtZXJhbC9GQjQxNzZEM0Q1MjM4NUFERTdGQzY1NkU1RDBEMDg5MF9tdF8xX3ZpZGVvX2Rhc2hpbml0Lm1wNBUAAsgBEgAVAhhAZmJfcGVybWFuZW50LzY5NEI2MUZGMzhCMTdCODVEMDJFMjYzNTBDN0RERkEwX2F1ZGlvX2Rhc2hpbml0Lm1wNBUCAsgBEgAoABgAGwKIB3VzZV9vaWwBMRJwcm9ncmVzc2l2ZV9yZWNpcGUBMRUAACba0cbD4tLQCBUCKAJDMywXQDjdsi0OVgQYGWRhc2hfaDI2NC1iYXNpYy1nZW4yXzcyMHARAHUAZbaeAQA&_nc_gid=cciqv1_k64B06kFuB4dPzg&_nc_ss=7f289&_nc_zt=28&oh=00_AQBpmbvYIrRFgn5PzyEnBh_8kIDjbZQ4XwI0dHLLGLbRHQ&oe=6A57E525,https://scontent.fblr20-5.fna.fbcdn.net/v/t39.35426-6/725318542_1035104488990360_2540867800922231760_n.jpg?_nc_cat=107&ccb=1-7&_nc_sid=c53f8f&_nc_ohc=51rqKH-MjA4Q7kNvwEzkmsT&_nc_oc=AdqVCzPvLZ1hfmIk3_Kb_gS0_XykMtYaZSM6Tk7PKbvU1ESxfRrD9TBTHXni3NzxObPJhmZv-5Kpqr74i-p1WPpM&_nc_zt=14&_nc_ht=scontent.fblr20-5.fna&_nc_gid=cciqv1_k64B06kFuB4dPzg&_nc_ss=7f289&oh=00_AQAy1ZYu3t5xWwXGtXvP1WGcbtyy4YQGcN9G28Jg0AcVFA&oe=6A57EA80,2026-07-15T19:53:09.000Z,2026-07-11,https://pub-893b4a6a607b4221a894bf861da7914e.r2.dev/1382542137258042.mp4
55,50,Lingo AI,599204246602758,Lingo AI,,IN,1633628567704710,https://www.facebook.com/ads/library/?id=1633628567704710,2026-06-17,,false,false,1,0,,2026-06-17,,"📘 Learn English easily with simple lessons 
😊 Build confidence with everyday speaking practice 
👉 Download now",👉 Download now,Download,https://speaklearnfrenchlingoai.onelink.me/Y67n?pid=metaweb_int&c={{campaign.name}}&af_c_id={{campaign.id}}&af_adset={{adset.name}}&af_adset_id={{adset.id}}&af_ad={{ad.name}}&af_ad_id={{ad.id}}&af_siteid={{site_source_name}},"Facebook,Instagram,Audience Network,Messenger,Threads","📘 Learn English easily with simple lessons 
😊 Build confidence with everyday speaking practice 
👉 Download now",👉 Download now,Download,https://speaklearnfrenchlingoai.onelink.me/Y67n?pid=metaweb_int&c={{campaign.name}}&af_c_id={{campaign.id}}&af_adset={{adset.name}}&af_adset_id={{adset.id}}&af_ad={{ad.name}}&af_ad_id={{ad.id}}&af_siteid={{site_source_name}},Video,"Facebook,Instagram,Audience Network,Messenger,Threads",1,0,9:16,https://video.fblr20-3.fna.fbcdn.net/o1/v/t2/f2/m366/AQPrHxTREZPZw5AXtQnmcfs1GFaHgsRoyh65cP915p0EwUSpnvqoHp8u0v_EGZQzCOAIfdkxm0GPvfqWhwgNzPOqXLEp8nEJybe8P_ZKIUsFvw.mp4?_nc_cat=105&_nc_oc=AdrQ9mYM-TjCpOORnBKfZpOnMNqUBANkeKx8kHJrUFi2wG6r66cMSwYkehy1Gp9MUM261SoKW9YtBub2WpkDSbVo&_nc_sid=b66105&_nc_ht=video.fblr20-3.fna.fbcdn.net&_nc_ohc=IjY3HphHEFsQ7kNvwHv45-c&efg=eyJ2ZW5jb2RlX3RhZyI6Inhwdl9wcm9ncmVzc2l2ZS5WSV9VU0VDQVNFX1BST0RVQ1RfVFlQRS4uQzMuNjA4LmRhc2hfaDI2NC1iYXNpYy1nZW4yXzcyMHAiLCJ4cHZfYXNzZXRfaWQiOjE2NDYwOTUxMDM0MDY2NDQsImFzc2V0X2FnZV9kYXlzIjo2MiwidmlfdXNlY2FzZV9pZCI6MTAxMzksImR1cmF0aW9uX3MiOjM0LCJ1cmxnZW5fc291cmNlIjoid3d3In0%3D&ccb=17-1&vs=9affebb0e03cb7a8&_nc_vs=HBksFQIYRWZiX2VwaGVtZXJhbC83QzRDRjA4Q0E4MTI0NTZGNTU0QTRDOTMxREY2MjBBMF9tdF8xX3ZpZGVvX2Rhc2hpbml0Lm1wNBUAAsgBEgAVAhhAZmJfcGVybWFuZW50LzRDNDU3OUQ0ODRDMDgzNzg4NUFBQzVGQkREREFEMEIwX2F1ZGlvX2Rhc2hpbml0Lm1wNBUCAsgBEgAoABgAGwKIB3VzZV9vaWwBMRJwcm9ncmVzc2l2ZV9yZWNpcGUBMRUAACboyL2erMfsBRUCKAJDMywXQEEmZmZmZmYYGWRhc2hfaDI2NC1iYXNpYy1nZW4yXzcyMHARAHUAZbaeAQA&_nc_gid=cciqv1_k64B06kFuB4dPzg&_nc_ss=7f289&_nc_zt=28&oh=00_AQAA3LUdSk5l70fa_E29P5N9MzIW-Q4U5GFv5kZO7KSmPA&oe=6A57F71B,https://scontent.fblr20-3.fna.fbcdn.net/v/t39.35426-6/725474807_2199356520604745_7759160318501387541_n.jpg?_nc_cat=109&ccb=1-7&_nc_sid=c53f8f&_nc_ohc=GUsHazhk-HgQ7kNvwFu7gr4&_nc_oc=Adqu8P7aqtktB58dVP3BYnER2Sk94h6kDr0YEsQqJk5TLsl2YvA_LAkCsgfI-i5CxCwkj_ZclO9rgXEtMW8o2MDP&_nc_zt=14&_nc_ht=scontent.fblr20-3.fna&_nc_gid=cciqv1_k64B06kFuB4dPzg&_nc_ss=7f289&oh=00_AQDWhbpe9BqJrKBe5mMC53yELHp_w2XFzlA5pHjLIMGY3g&oe=6A57D5BD,2026-07-15T21:09:47.000Z,2026-07-11,https://pub-893b4a6a607b4221a894bf861da7914e.r2.dev/1633628567704710.mp4
56,51,Lingo AI,599204246602758,Lingo AI,,IN,1691784178829769,https://www.facebook.com/ads/library/?id=1691784178829769,2026-06-14,,false,false,1,0,,2026-06-14,,"🌍 Learn real English for everyday life 
🗣 Practice speaking with simple lessons 
⏱ Just 5 minutes a day
👉 Download now",👇 Start now,Download,https://speaklearnfrenchlingoai.onelink.me/Y67n?pid=metaweb_int&c={{campaign.name}}&af_c_id={{campaign.id}}&af_adset={{adset.name}}&af_adset_id={{adset.id}}&af_ad={{ad.name}}&af_ad_id={{ad.id}}&af_siteid={{site_source_name}},"Facebook,Instagram,Audience Network,Messenger,Threads","🌍 Learn real English for everyday life 
🗣 Practice speaking with simple lessons 
⏱ Just 5 minutes a day
👉 Download now",👇 Start now,Download,https://speaklearnfrenchlingoai.onelink.me/Y67n?pid=metaweb_int&c={{campaign.name}}&af_c_id={{campaign.id}}&af_adset={{adset.name}}&af_adset_id={{adset.id}}&af_ad={{ad.name}}&af_ad_id={{ad.id}}&af_siteid={{site_source_name}},Video,"Facebook,Instagram,Audience Network,Messenger,Threads",1,0,9:16,https://video.fblr20-3.fna.fbcdn.net/o1/v/t2/f2/m366/AQMLJRxfBzkUzWuBEIHmtXavPidVThMLpFHOsn8Y0bhqDquj5Qfbf_VDYLaH837uhoQ-URw2aEF6gh5yEcHBIE2mFhTyQDosZabKU3Cf_BwyWQ.mp4?_nc_cat=105&_nc_oc=Adru7GaaW-TyzXzz0Hcno0lI7QKBVXD_sKZu5cOla1nbswJSuwzl8ZTePwhzXZGEFT2UpBvRQI6GCjln_l5CVqf3&_nc_sid=b66105&_nc_ht=video.fblr20-3.fna.fbcdn.net&_nc_ohc=HRBPoP8q24gQ7kNvwGjw80J&efg=eyJ2ZW5jb2RlX3RhZyI6Inhwdl9wcm9ncmVzc2l2ZS5WSV9VU0VDQVNFX1BST0RVQ1RfVFlQRS4uQzMuNzIwLmRhc2hfaDI2NC1iYXNpYy1nZW4yXzcyMHAiLCJ4cHZfYXNzZXRfaWQiOjEzMjQ5NTk2NTY0NTQ1MDIsImFzc2V0X2FnZV9kYXlzIjoyNSwidmlfdXNlY2FzZV9pZCI6MTAxMzksImR1cmF0aW9uX3MiOjIzLCJ1cmxnZW5fc291cmNlIjoid3d3In0%3D&ccb=17-1&vs=809ca810f8653dc7&_nc_vs=HBksFQIYRWZiX2VwaGVtZXJhbC85QzQ0QkFBQUY5RjAxMjU5MjlCQjg4QUE1OTdGRDQ4NV9tdF8xX3ZpZGVvX2Rhc2hpbml0Lm1wNBUAAsgBEgAVAhhAZmJfcGVybWFuZW50L0YzNDQ5MEU1MzhBMDI1QjkzQkFGQUJFQUVDREY4MEE4X2F1ZGlvX2Rhc2hpbml0Lm1wNBUCAsgBEgAoABgAGwKIB3VzZV9vaWwBMRJwcm9ncmVzc2l2ZV9yZWNpcGUBMRUAACbMpdHa5sLaBBUCKAJDMywXQDcIcrAgxJwYGWRhc2hfaDI2NC1iYXNpYy1nZW4yXzcyMHARAHUAZbaeAQA&_nc_gid=cciqv1_k64B06kFuB4dPzg&_nc_ss=7f289&_nc_zt=28&oh=00_AQA4A3Xe_fXwK703khH3xzuwkjzdtBCWW5FmnoQQJy-vAA&oe=6A57EF33,https://scontent.fblr20-3.fna.fbcdn.net/v/t39.35426-6/724033436_1534447764739839_6939625649132418599_n.jpg?_nc_cat=109&ccb=1-7&_nc_sid=c53f8f&_nc_ohc=xNTF-BGSwOUQ7kNvwGGZER7&_nc_oc=AdqKLqoplZFu6Nki_B91s_NT40FZpgkRzsyu0AV_uWVocEKY_oBA1v17Z5CmxocG2NJl7jhXn7OclIQBCM_FqP5F&_nc_zt=14&_nc_ht=scontent.fblr20-3.fna&_nc_gid=cciqv1_k64B06kFuB4dPzg&_nc_ss=7f289&oh=00_AQBdjCG15OWB-_AJ_S--nkQBlyf-vVwlwg81qzaj_aijbg&oe=6A57F867,2026-07-15T20:36:03.000Z,2026-07-11,https://pub-893b4a6a607b4221a894bf861da7914e.r2.dev/1691784178829769.mp4
57,52,Lingo AI,599204246602758,Lingo AI,,IN,2216824899072586,https://www.facebook.com/ads/library/?id=2216824899072586,2026-07-06,,false,false,1,0,,2026-07-06,,"🌍 تعلّم الإنجليزية الحقيقية للحياة اليومية
🗣 تدرّب على التحدث من خلال دروس بسيطة
⏱ فقط 5 دقائق يوميًا
👉 حمّل الآن",👉 حمّل الآن,Download,https://speaklearnfrenchlingoai.onelink.me/Y67n?pid=metaweb_int&c={{campaign.name}}&af_c_id={{campaign.id}}&af_adset={{adset.name}}&af_adset_id={{adset.id}}&af_ad={{ad.name}}&af_ad_id={{ad.id}}&af_siteid={{site_source_name}},"Facebook,Instagram,Audience Network,Messenger,Threads","🌍 تعلّم الإنجليزية الحقيقية للحياة اليومية
🗣 تدرّب على التحدث من خلال دروس بسيطة
⏱ فقط 5 دقائق يوميًا
👉 حمّل الآن",👉 حمّل الآن,Download,https://speaklearnfrenchlingoai.onelink.me/Y67n?pid=metaweb_int&c={{campaign.name}}&af_c_id={{campaign.id}}&af_adset={{adset.name}}&af_adset_id={{adset.id}}&af_ad={{ad.name}}&af_ad_id={{ad.id}}&af_siteid={{site_source_name}},Video,"Facebook,Instagram,Audience Network,Messenger,Threads",1,0,9:16,https://video.fblr20-4.fna.fbcdn.net/o1/v/t2/f2/m366/AQM1YZTEpuCedIbMcM50vRXpEu8TL6jQz7l68_pEEaABsMtX66snpsrbFfLy12vvc-th0XvVfMTUBez8JEaIEJy5VCzJCqgtb2eLFHgYDz6_wg.mp4?_nc_cat=106&_nc_oc=AdoFkKGBUYQaSGNwoavFctbAsrTZEt_EHoO2wQ2akiAKUr_FqbAuFTGMU0bG5uqgo1OkTeQNd4NZgJcFry4biSZm&_nc_sid=b66105&_nc_ht=video.fblr20-4.fna.fbcdn.net&_nc_ohc=sgntKN9fEXoQ7kNvwGan2Xv&efg=eyJ2ZW5jb2RlX3RhZyI6Inhwdl9wcm9ncmVzc2l2ZS5WSV9VU0VDQVNFX1BST0RVQ1RfVFlQRS4uQzMuNjA4LmRhc2hfaDI2NC1iYXNpYy1nZW4yXzcyMHAiLCJ4cHZfYXNzZXRfaWQiOjE0MDEzMTQyODIwNDcxNDIsImFzc2V0X2FnZV9kYXlzIjo2MSwidmlfdXNlY2FzZV9pZCI6MTAxMzksImR1cmF0aW9uX3MiOjI0LCJ1cmxnZW5fc291cmNlIjoid3d3In0%3D&ccb=17-1&vs=3491b624feb03a21&_nc_vs=HBksFQIYRWZiX2VwaGVtZXJhbC8zNjQyNDRDNDk3QzM2OEY4MDhDRUIwODIzRjBDNUNCRl9tdF8xX3ZpZGVvX2Rhc2hpbml0Lm1wNBUAAsgBEgAVAhhAZmJfcGVybWFuZW50LzU2NDc3NkU5ODg2QzZGOEE2MUZGRjE1NzIwREEwRTg5X2F1ZGlvX2Rhc2hpbml0Lm1wNBUCAsgBEgAoABgAGwKIB3VzZV9vaWwBMRJwcm9ncmVzc2l2ZV9yZWNpcGUBMRUAACbMmoCAnZ_9BBUCKAJDMywXQDjVP3ztkWgYGWRhc2hfaDI2NC1iYXNpYy1nZW4yXzcyMHARAHUAZbaeAQA&_nc_gid=cciqv1_k64B06kFuB4dPzg&_nc_ss=7f289&_nc_zt=28&oh=00_AQCaez33HG4AhIG64krSJbiyAIvUICa0bxP3odT5zbN_Sw&oe=6A57E682,https://scontent.fblr20-4.fna.fbcdn.net/v/t39.35426-6/738416644_1699852518009803_7789728481019199063_n.jpg?_nc_cat=106&ccb=1-7&_nc_sid=c53f8f&_nc_ohc=IQAWZag-E7EQ7kNvwFyyHdc&_nc_oc=AdoeedHrspFi2e_9J7in4JjtoREe9WsmzuCXvbJWC9F8rEM_VMcX8YlzQEzM-FXhRd7DItlKXrcd15hFUWprwkfQ&_nc_zt=14&_nc_ht=scontent.fblr20-4.fna&_nc_gid=cciqv1_k64B06kFuB4dPzg&_nc_ss=7f289&oh=00_AQA3uzLu5nZD-BDEYlvAzB0gYx1GuyYE_R3cnsyctg5xUw&oe=6A57F303,2026-07-15T19:58:58.000Z,2026-07-11,https://pub-893b4a6a607b4221a894bf861da7914e.r2.dev/2216824899072586.mp4
58,53,Lingo AI,599204246602758,Lingo AI,,IN,2076022413797975,https://www.facebook.com/ads/library/?id=2076022413797975,2026-06-24,,false,false,1,0,,2026-06-24,,"🌍 Learn real English for everyday life 
🗣 Practice speaking with simple lessons 
⏱ Just 5 minutes a day
👉 Download now",👇 Start now,Download,https://speaklearnfrenchlingoai.onelink.me/Y67n?pid=metaweb_int&c={{campaign.name}}&af_c_id={{campaign.id}}&af_adset={{adset.name}}&af_adset_id={{adset.id}}&af_ad={{ad.name}}&af_ad_id={{ad.id}}&af_siteid={{site_source_name}},"Facebook,Instagram,Audience Network,Messenger,Threads","🌍 Learn real English for everyday life 
🗣 Practice speaking with simple lessons 
⏱ Just 5 minutes a day
👉 Download now",👇 Start now,Download,https://speaklearnfrenchlingoai.onelink.me/Y67n?pid=metaweb_int&c={{campaign.name}}&af_c_id={{campaign.id}}&af_adset={{adset.name}}&af_adset_id={{adset.id}}&af_ad={{ad.name}}&af_ad_id={{ad.id}}&af_siteid={{site_source_name}},Video,"Facebook,Instagram,Audience Network,Messenger,Threads",1,0,9:16,https://video.fblr20-3.fna.fbcdn.net/o1/v/t2/f2/m366/AQMn61ElsaSPdm93FfN8qwr4PRTJo50CTVwZGAsch4O0AL3ayG6Ctj3y25U9aUwYfyHX9r-1AxY3NXGP-k7kYgbXkaGWzxJxKG4CX7irZBTSfQ.mp4?_nc_cat=105&_nc_oc=AdosFjCE9feXPQmpdim2SIMS8tRtAWTXOkM927-nh71elvGsJ91HNMTIB4IlZks_V1I378EmWiu8DbdsGMNT4lge&_nc_sid=b66105&_nc_ht=video.fblr20-3.fna.fbcdn.net&_nc_ohc=hByBKWQ_PssQ7kNvwGF5nc8&efg=eyJ2ZW5jb2RlX3RhZyI6Inhwdl9wcm9ncmVzc2l2ZS5WSV9VU0VDQVNFX1BST0RVQ1RfVFlQRS4uQzMuNzIwLmRhc2hfaDI2NC1iYXNpYy1nZW4yXzcyMHAiLCJ4cHZfYXNzZXRfaWQiOjIwODg2MDk3Njg3MTkyMDQsImFzc2V0X2FnZV9kYXlzIjoxOCwidmlfdXNlY2FzZV9pZCI6MTAxMzksImR1cmF0aW9uX3MiOjQyLCJ1cmxnZW5fc291cmNlIjoid3d3In0%3D&ccb=17-1&vs=749d1903fe0911b2&_nc_vs=HBksFQIYRWZiX2VwaGVtZXJhbC84OTQ5MUJCREQ1MTdBNUEyOEQ3MUEzMDk0MDNDMEY4M19tdF8xX3ZpZGVvX2Rhc2hpbml0Lm1wNBUAAsgBEgAVAhhAZmJfcGVybWFuZW50LzQwNDgzMTdGMTc0NjM0RjNCNTcyMzQzRkUxNEJFREI3X2F1ZGlvX2Rhc2hpbml0Lm1wNBUCAsgBEgAoABgAGwKIB3VzZV9vaWwBMRJwcm9ncmVzc2l2ZV9yZWNpcGUBMRUAACbIjba1i-W1BxUCKAJDMywXQEUZmZmZmZoYGWRhc2hfaDI2NC1iYXNpYy1nZW4yXzcyMHARAHUAZbaeAQA&_nc_gid=cciqv1_k64B06kFuB4dPzg&_nc_ss=7f289&_nc_zt=28&oh=00_AQCv-ybLsJk5-iPCL5T7VMvCgB9CpKJDY5sQZcwI80PVZw&oe=6A57F86F,https://scontent.fblr20-4.fna.fbcdn.net/v/t39.35426-6/728627528_1350315600524856_4472912162121774049_n.jpg?_nc_cat=103&ccb=1-7&_nc_sid=c53f8f&_nc_ohc=D67gTQ2FPawQ7kNvwHh7Fe8&_nc_oc=Adq5IVx7V3nO_O1xk0tXVvWQpRCAAiEYAtZEvcBcrv8T2xxvBnvVNRxmlDvC_s_w3m9vFKVJv1F5PN3fT_mmy9lP&_nc_zt=14&_nc_ht=scontent.fblr20-4.fna&_nc_gid=cciqv1_k64B06kFuB4dPzg&_nc_ss=7f289&oh=00_AQBqJVod9kT7p3UFRmJRYUUBvZ3HeM8egNUkm42KyQ5DUQ&oe=6A57D267,2026-07-15T21:15:27.000Z,2026-07-11,https://pub-893b4a6a607b4221a894bf861da7914e.r2.dev/2076022413797975.mp4
59,54,Lingo AI,599204246602758,Lingo AI,,IN,878207795333026,https://www.facebook.com/ads/library/?id=878207795333026,2026-06-17,,false,false,1,0,,2026-06-17,,"📘 Learn English easily with simple lessons 
😊 Build confidence with everyday speaking practice 
👉 Download now",👉 Download now,Download,https://speaklearnfrenchlingoai.onelink.me/Y67n?pid=metaweb_int&c={{campaign.name}}&af_c_id={{campaign.id}}&af_adset={{adset.name}}&af_adset_id={{adset.id}}&af_ad={{ad.name}}&af_ad_id={{ad.id}}&af_siteid={{site_source_name}},"Facebook,Instagram,Audience Network,Messenger,Threads","📘 Learn English easily with simple lessons 
😊 Build confidence with everyday speaking practice 
👉 Download now",👉 Download now,Download,https://speaklearnfrenchlingoai.onelink.me/Y67n?pid=metaweb_int&c={{campaign.name}}&af_c_id={{campaign.id}}&af_adset={{adset.name}}&af_adset_id={{adset.id}}&af_ad={{ad.name}}&af_ad_id={{ad.id}}&af_siteid={{site_source_name}},Video,"Facebook,Instagram,Audience Network,Messenger,Threads",1,0,9:16,https://video.fblr20-1.fna.fbcdn.net/o1/v/t2/f2/m366/AQOk9BfUK-MBEK59jj9Z7VSVvpOlCKjnZioZkJN8B9fmxHMuLrNFdUtj2MIQg7yXgoLzAymRLZ_lm-w-9RYGdwzLNhZu8tl5nVZ2AhEU6KAknA.mp4?_nc_cat=108&_nc_oc=AdrwksC0CPuqJdpte2hzdZBmLmy-oErOeaVPq6RKng1hZF_ue-gSHefnxJrcpuLA12WHsuwNWZXX9YTKbKapRhTo&_nc_sid=b66105&_nc_ht=video.fblr20-1.fna.fbcdn.net&_nc_ohc=xbscOdmrX0MQ7kNvwHNQKS_&efg=eyJ2ZW5jb2RlX3RhZyI6Inhwdl9wcm9ncmVzc2l2ZS5WSV9VU0VDQVNFX1BST0RVQ1RfVFlQRS4uQzMuNzIwLmRhc2hfaDI2NC1iYXNpYy1nZW4yXzcyMHAiLCJ4cHZfYXNzZXRfaWQiOjE1MTQ5OTg1NzY2NzE3NjAsImFzc2V0X2FnZV9kYXlzIjozMiwidmlfdXNlY2FzZV9pZCI6MTAxMzksImR1cmF0aW9uX3MiOjM1LCJ1cmxnZW5fc291cmNlIjoid3d3In0%3D&ccb=17-1&vs=d84928fe74e17e03&_nc_vs=HBksFQIYRWZiX2VwaGVtZXJhbC9FRjRBNjdENENEMjgxMDI0RjdGREVCMjYzRThENUY5Ml9tdF8xX3ZpZGVvX2Rhc2hpbml0Lm1wNBUAAsgBEgAVAhhAZmJfcGVybWFuZW50L0YxNDdBMUIzMzZFMURBNEU4QzJDQ0NCNUNBRDlGQjlFX2F1ZGlvX2Rhc2hpbml0Lm1wNBUCAsgBEgAoABgAGwKIB3VzZV9vaWwBMRJwcm9ncmVzc2l2ZV9yZWNpcGUBMRUAACagsPv_wviwBRUCKAJDMywXQEGu2RaHKwIYGWRhc2hfaDI2NC1iYXNpYy1nZW4yXzcyMHARAHUAZbaeAQA&_nc_gid=cciqv1_k64B06kFuB4dPzg&_nc_ss=7f289&_nc_zt=28&oh=00_AQCvU6468N8nfND_lC9pNj6AlSvYTPHXwoSwKXvpeL7PrA&oe=6A57CEE4,https://scontent.fblr20-4.fna.fbcdn.net/v/t39.35426-6/724478574_995426813230131_7094806062475706307_n.jpg?_nc_cat=106&ccb=1-7&_nc_sid=c53f8f&_nc_ohc=MyvPdJv33IAQ7kNvwE_Q4TE&_nc_oc=AdpZz_6VRE3qUshpIlYyrv8YO3bbM3wogWH7IM6PsUa9GNLYWswoUQ32iT5f8aZt7dwYI73v8xYwI0nAj0aQWEoZ&_nc_zt=14&_nc_ht=scontent.fblr20-4.fna&_nc_gid=cciqv1_k64B06kFuB4dPzg&_nc_ss=7f289&oh=00_AQAWBBe2sjk-q-J0YNhGq8L3UoSGcf4XItlAfvO5_2pUEw&oe=6A57FBE8,2026-07-15T18:18:12.000Z,2026-07-11,https://pub-893b4a6a607b4221a894bf861da7914e.r2.dev/878207795333026.mp4
60,55,Lingo AI,599204246602758,Lingo AI,,IN,1737720157248252,https://www.facebook.com/ads/library/?id=1737720157248252,2026-07-01,,false,false,1,0,,2026-07-01,,"🌟 Want to improve your English? 
📱 Learn anytime in just minutes a day 
💬 Build real speaking confidence
👉 Download now",👉 Download now,Download,http://itunes.apple.com/app/id6740255326,"Facebook,Instagram,Audience Network,Messenger,Threads","🌟 Want to improve your English? 
📱 Learn anytime in just minutes a day 
💬 Build real speaking confidence
👉 Download now",👉 Download now,Download,http://itunes.apple.com/app/id6740255326,Video,"Facebook,Instagram,Audience Network,Messenger,Threads",1,0,9:16,https://video.fblr20-4.fna.fbcdn.net/o1/v/t2/f2/m366/AQNxoasnF1PffcqpoZvmGIZN0eJSpAm1e2M1Xp25ViN2FbvKhfI_LdVzrq2I0NWCPPBQm1P_hAwjbKM2BfYzIajrvamYAzJ2_s7LmVoSKDtbGQ.mp4?_nc_cat=101&_nc_oc=AdpuPr75XGq2W0KTpWsmjcDnFzvcSE5lxDShuS6Rg123_61s6fXSBtmsT-g5Rt7MqUT2J_9Gum1fW4RhBNMd4ImL&_nc_sid=b66105&_nc_ht=video.fblr20-4.fna.fbcdn.net&_nc_ohc=iWxK_erAsM0Q7kNvwE7ooTG&efg=eyJ2ZW5jb2RlX3RhZyI6Inhwdl9wcm9ncmVzc2l2ZS5WSV9VU0VDQVNFX1BST0RVQ1RfVFlQRS4uQzMuNjA4LmRhc2hfaDI2NC1iYXNpYy1nZW4yXzcyMHAiLCJ4cHZfYXNzZXRfaWQiOjIxMDc1NDgyMjY4MDc5ODMsImFzc2V0X2FnZV9kYXlzIjo4LCJ2aV91c2VjYXNlX2lkIjoxMDEzOSwiZHVyYXRpb25fcyI6NDAsInVybGdlbl9zb3VyY2UiOiJ3d3cifQ%3D%3D&ccb=17-1&vs=29478a518f7678cc&_nc_vs=HBksFQIYRWZiX2VwaGVtZXJhbC84QTREMzk5NkU1NEFGRkJDOTIwOEI4RDNGQTYxODlBOV9tdF8xX3ZpZGVvX2Rhc2hpbml0Lm1wNBUAAsgBEgAVAhhAZmJfcGVybWFuZW50LzlENDZFNDQ5RDhCRkEzRDQ3MDdDNjRFMzM0NDdFNzg0X2F1ZGlvX2Rhc2hpbml0Lm1wNBUCAsgBEgAoABgAGwKIB3VzZV9vaWwBMRJwcm9ncmVzc2l2ZV9yZWNpcGUBMRUAACbeor_2ubO-BxUCKAJDMywXQEQmZmZmZmYYGWRhc2hfaDI2NC1iYXNpYy1nZW4yXzcyMHARAHUAZbaeAQA&_nc_gid=cciqv1_k64B06kFuB4dPzg&_nc_ss=7f289&_nc_zt=28&oh=00_AQAPsMbJBZI3PHIV2BF5cVne1fHTUqeVS7EHaJjfiHVQKA&oe=6A57E2FF,https://scontent.fblr20-4.fna.fbcdn.net/v/t39.35426-6/738927208_1934879217032015_8589253976351311103_n.jpg?_nc_cat=101&ccb=1-7&_nc_sid=c53f8f&_nc_ohc=Ne6Z4W2Oc68Q7kNvwHP3Rp9&_nc_oc=Adq-c2sNIXldtuHEATuS8Ocaq3Q68E_f0fEa5gmoVvAW0RtZUaHtCAmqFvth8IsLMcPsN03GejotQpJCTrAP2V8U&_nc_zt=14&_nc_ht=scontent.fblr20-4.fna&_nc_gid=cciqv1_k64B06kFuB4dPzg&_nc_ss=7f289&oh=00_AQBQZRYQaQBA3xRocqQJ9EAu2YK58Q4C2lSP960JtVaiqg&oe=6A57EC1C,2026-07-15T19:43:59.000Z,2026-07-11,https://pub-893b4a6a607b4221a894bf861da7914e.r2.dev/1737720157248252.mp4
61,56,Lingo AI,599204246602758,Lingo AI,,IN,1339863324327266,https://www.facebook.com/ads/library/?id=1339863324327266,2026-07-08,,false,false,1,0,,2026-07-08,,"📘 Learn English easily with simple lessons 
😊 Build confidence with everyday speaking practice 
👉 Download now",👉 Download now,Install now,http://itunes.apple.com/app/id6740255326,"Facebook,Instagram,Audience Network,Messenger,Threads","📘 Learn English easily with simple lessons 
😊 Build confidence with everyday speaking practice 
👉 Download now",👉 Download now,Install now,http://itunes.apple.com/app/id6740255326,Video,"Facebook,Instagram,Audience Network,Messenger,Threads",1,0,9:16,https://video.fblr20-3.fna.fbcdn.net/o1/v/t2/f2/m366/AQNaIblKnokOZUjgXbRqdABox3Gs0beyCzlXXafuG_KKrCEr4lxJSy3LvRDzx8y01tcOpqpCuoLK6lbPBjbM5IocpjvcLHytA4xihjJ1KxOPEQ.mp4?_nc_cat=109&_nc_oc=AdpPLHaPbzztL3WI7yBtJb3LHsAH0j8B3B1M1g3EXBqscGo_snwvtRFPT9voG69i8kKvPFSRP7Qw-Okx9M6VBBsj&_nc_sid=b66105&_nc_ht=video.fblr20-3.fna.fbcdn.net&_nc_ohc=QJeTPSMtgP4Q7kNvwHtdb3B&efg=eyJ2ZW5jb2RlX3RhZyI6Inhwdl9wcm9ncmVzc2l2ZS5WSV9VU0VDQVNFX1BST0RVQ1RfVFlQRS4uQzMuNTc2LmRhc2hfaDI2NC1iYXNpYy1nZW4yXzcyMHAiLCJ4cHZfYXNzZXRfaWQiOjIxNjIxNzQ2NzEzMDE4ODYsImFzc2V0X2FnZV9kYXlzIjo3MywidmlfdXNlY2FzZV9pZCI6MTAxMzksImR1cmF0aW9uX3MiOjY3LCJ1cmxnZW5fc291cmNlIjoid3d3In0%3D&ccb=17-1&vs=72eecf4d8d51df3&_nc_vs=HBksFQIYRWZiX2VwaGVtZXJhbC9DRTQ0NTUzNzg5RDIzRDREM0FGQTg5MzZCNERDRTJBOF9tdF8xX3ZpZGVvX2Rhc2hpbml0Lm1wNBUAAsgBEgAVAhhAZmJfcGVybWFuZW50LzcwNDk5MUVCMThEMDQxQkY1NjNBQ0U0NEJEODE1QThEX2F1ZGlvX2Rhc2hpbml0Lm1wNBUCAsgBEgAoABgAGwKIB3VzZV9vaWwBMRJwcm9ncmVzc2l2ZV9yZWNpcGUBMRUAACb8s83TkJ_XBxUCKAJDMywXQFDqn752yLQYGWRhc2hfaDI2NC1iYXNpYy1nZW4yXzcyMHARAHUAZbaeAQA&_nc_gid=cciqv1_k64B06kFuB4dPzg&_nc_ss=7f289&_nc_zt=28&oh=00_AQARaqhkK_RI-e2qiYkETWvUZCB-FTHBlbkdjoS9AFISRw&oe=6A57D1BB,https://scontent.fblr20-2.fna.fbcdn.net/v/t39.35426-6/743016963_1564384528363274_7753604950106507592_n.jpg?_nc_cat=102&ccb=1-7&_nc_sid=c53f8f&_nc_ohc=yRqL0eAQmJYQ7kNvwHxfzoV&_nc_oc=Adoa0nCpzmtmi_jYAOfRukruHApB7uOKStYDNcDmEEkQxD_ZvZlfwH4g_u4QBhYKszHJdzq2qrDXKckxtvrwl07s&_nc_zt=14&_nc_ht=scontent.fblr20-2.fna&_nc_gid=cciqv1_k64B06kFuB4dPzg&_nc_ss=7f289&oh=00_AQCVNavz-WrfyoZuBj28KnOLVbkKm3X0-WwSWVbavKI3dw&oe=6A57D805,2026-07-15T18:30:19.000Z,2026-07-11,https://pub-893b4a6a607b4221a894bf861da7914e.r2.dev/1339863324327266.mp4
62,57,Lingo AI,599204246602758,Lingo AI,,IN,900011839294388,https://www.facebook.com/ads/library/?id=900011839294388,2026-06-16,,false,false,1,0,,2026-06-16,,"🚀 Master French Faster, Just 5 Minutes a Day!
🥳 Join Learners Who Found a Fun Way to Master a Language!
✨ Our mission is to unlock your French.",✨Try it now~,Install now,http://itunes.apple.com/app/id6740255326,"Facebook,Instagram,Audience Network,Messenger","🚀 Master French Faster, Just 5 Minutes a Day!
🥳 Join Learners Who Found a Fun Way to Master a Language!
✨ Our mission is to unlock your French.",✨Try it now~,Install now,http://itunes.apple.com/app/id6740255326,Video,"Facebook,Instagram,Audience Network,Messenger",1,0,9:16,https://video.fblr20-3.fna.fbcdn.net/o1/v/t2/f2/m366/AQPNrC5xjAFj_AJkZ9K-X3-9I-8Rs9F5Gz1pL9oPboeDG-4gJv10PDPsFggF13R5f81T_loHrLvXrifMEEgNqH4DU_P3woW-PNuKeuiVQp7QXQ.mp4?_nc_cat=105&_nc_oc=AdqeTNBGFLg4m_l3APYURL9FxTi4djzNxSf8yZJY9DHF3VksbDe0ngowIGlGZ-yhNiTs_qGVLLD5EneFgDvhRiel&_nc_sid=b66105&_nc_ht=video.fblr20-3.fna.fbcdn.net&_nc_ohc=Rpct1ku0PnAQ7kNvwFUCtD6&efg=eyJ2ZW5jb2RlX3RhZyI6Inhwdl9wcm9ncmVzc2l2ZS5WSV9VU0VDQVNFX1BST0RVQ1RfVFlQRS4uQzMuNzIwLmRhc2hfaDI2NC1iYXNpYy1nZW4yXzcyMHAiLCJ4cHZfYXNzZXRfaWQiOjEzNzIzNzk2MjE0MDY2NzMsImFzc2V0X2FnZV9kYXlzIjoyMywidmlfdXNlY2FzZV9pZCI6MTAxMzksImR1cmF0aW9uX3MiOjI0LCJ1cmxnZW5fc291cmNlIjoid3d3In0%3D&ccb=17-1&vs=a97c1a60c6446c14&_nc_vs=HBksFQIYRWZiX2VwaGVtZXJhbC84RTQ2NUY3NkNDQjdBRTA4MjY3NjNGOTVCMDQ5NTVCNV9tdF8xX3ZpZGVvX2Rhc2hpbml0Lm1wNBUAAsgBEgAVAhhAZmJfcGVybWFuZW50L0UwNDA5NDE5OTgyOERBMjFFMTU2OEIxMjg1MTMwMjhCX2F1ZGlvX2Rhc2hpbml0Lm1wNBUCAsgBEgAoABgAGwKIB3VzZV9vaWwBMRJwcm9ncmVzc2l2ZV9yZWNpcGUBMRUAACai36X9gIvwBBUCKAJDMywXQDjdsi0OVgQYGWRhc2hfaDI2NC1iYXNpYy1nZW4yXzcyMHARAHUAZbaeAQA&_nc_gid=mWfxG-YwGgTbJW22_2bE5w&_nc_ss=7f289&_nc_zt=28&oh=00_AQBqFzSDxhR_duWJvEqLZ68Vna2ocsL9eBk2oQMdWKqzMw&oe=6A57E0C3,https://scontent.fblr20-3.fna.fbcdn.net/v/t39.35426-6/722669605_1336308827914431_5097714305479328767_n.jpg?_nc_cat=100&ccb=1-7&_nc_sid=c53f8f&_nc_ohc=qLtHGx75sN8Q7kNvwE8F5Hh&_nc_oc=Adp5SAFyrlEMdSN0Bl5nycSeBBf2KgBeu3L3pJ653Yr8Ksk3yW2ljoDN9tr8EuCf8NBuw2yCDzzQhYtA0wHl8eha&_nc_zt=14&_nc_ht=scontent.fblr20-3.fna&_nc_gid=mWfxG-YwGgTbJW22_2bE5w&_nc_ss=7f289&oh=00_AQDx5OmJxUIoD00pw7_1hw6FK1hthdXAzk0NuwitH0BgCA&oe=6A57ECFA,2026-07-15T19:34:27.000Z,2026-07-11,https://pub-893b4a6a607b4221a894bf861da7914e.r2.dev/900011839294388.mp4
63,58,Lingo AI,599204246602758,Lingo AI,,IN,1731350314547390,https://www.facebook.com/ads/library/?id=1731350314547390,2026-07-01,,false,false,1,0,,2026-07-01,,"🌟 Want to improve your English? 
📱 Learn anytime in just minutes a day 
💬 Build real speaking confidence
👉 Download now",👉 Download now,Download,http://itunes.apple.com/app/id6740255326,"Facebook,Instagram,Audience Network,Messenger,Threads","🌟 Want to improve your English? 
📱 Learn anytime in just minutes a day 
💬 Build real speaking confidence
👉 Download now",👉 Download now,Download,http://itunes.apple.com/app/id6740255326,Video,"Facebook,Instagram,Audience Network,Messenger,Threads",1,0,9:16,https://video.fblr20-4.fna.fbcdn.net/o1/v/t2/f2/m366/AQPUEjmuf8pJZuy-9svPNnOdNeCpvpLI6sRBiG-uLDGyuWDaZffAn6_1pg47ROkMKUl-ySP6HHtUQhhLap3_qsC0g2U9wtY7dbsERWQEYhDHmg.mp4?_nc_cat=101&_nc_oc=AdobF7k3nR-2EWT0VC7v5dtggGOD-Bai-g1PnjD2VJmDebRZIdhkrIMaRjCxtPUXgk_NGzyCJ57qquQXC8AU7TV4&_nc_sid=b66105&_nc_ht=video.fblr20-4.fna.fbcdn.net&_nc_ohc=UYnkO3V9czEQ7kNvwEBC6pP&efg=eyJ2ZW5jb2RlX3RhZyI6Inhwdl9wcm9ncmVzc2l2ZS5WSV9VU0VDQVNFX1BST0RVQ1RfVFlQRS4uQzMuNjA4LmRhc2hfaDI2NC1iYXNpYy1nZW4yXzcyMHAiLCJ4cHZfYXNzZXRfaWQiOjE0MTQwMDY4MTcyNjY3ODAsImFzc2V0X2FnZV9kYXlzIjoxNiwidmlfdXNlY2FzZV9pZCI6MTAxMzksImR1cmF0aW9uX3MiOjM0LCJ1cmxnZW5fc291cmNlIjoid3d3In0%3D&ccb=17-1&vs=e3a802647d86f67a&_nc_vs=HBksFQIYRWZiX2VwaGVtZXJhbC9EQTRGREE2NDlCRkVBMUMwOTEwQUY3NkNENEIwNjg5OF9tdF8xX3ZpZGVvX2Rhc2hpbml0Lm1wNBUAAsgBEgAVAhhAZmJfcGVybWFuZW50Lzg2NDgxQkQxRkFGN0IyQzMyRTU3OTkxMEZGQkI4NkFFX2F1ZGlvX2Rhc2hpbml0Lm1wNBUCAsgBEgAoABgAGwKIB3VzZV9vaWwBMRJwcm9ncmVzc2l2ZV9yZWNpcGUBMRUAACa48ezgg4KDBRUCKAJDMywXQEEAAAAAAAAYGWRhc2hfaDI2NC1iYXNpYy1nZW4yXzcyMHARAHUAZbaeAQA&_nc_gid=mWfxG-YwGgTbJW22_2bE5w&_nc_ss=7f289&_nc_zt=28&oh=00_AQAL4TluSDCAiVPrTCEBxJm0FTd3iQKKV0NehV3dPV7ULQ&oe=6A57F593,https://scontent.fblr20-1.fna.fbcdn.net/v/t39.35426-6/736385070_1355662503179885_5610099005227550425_n.jpg?_nc_cat=108&ccb=1-7&_nc_sid=c53f8f&_nc_ohc=bKW-lh1Xee4Q7kNvwEbPLJs&_nc_oc=AdqWZR2jjW7uxM_v6VFryC9ID5Y3VCurZmIguqhBD2weH34rSGZyMU1QhduW7hA3SKLaG-sND_XeDiGOIUSkUBr9&_nc_zt=14&_nc_ht=scontent.fblr20-1.fna&_nc_gid=mWfxG-YwGgTbJW22_2bE5w&_nc_ss=7f289&oh=00_AQBPdUBIdvkoQmh4BWrSXD-5tAnrtONeJqqE-rMw87TrZQ&oe=6A57EE46,2026-07-15T21:03:15.000Z,2026-07-11,https://pub-893b4a6a607b4221a894bf861da7914e.r2.dev/1731350314547390.mp4
64,59,Lingo AI,599204246602758,Lingo AI,,IN,3403536496487480,https://www.facebook.com/ads/library/?id=3403536496487480,2026-06-16,,false,false,1,0,,2026-06-16,,"🚀 Master French Faster, Just 5 Minutes a Day!
🥳 Join Learners Who Found a Fun Way to Master a Language!
✨ Our mission is to unlock your French.",✨Try it now~,Install now,http://itunes.apple.com/app/id6740255326,"Facebook,Instagram,Audience Network,Messenger","🚀 Master French Faster, Just 5 Minutes a Day!
🥳 Join Learners Who Found a Fun Way to Master a Language!
✨ Our mission is to unlock your French.",✨Try it now~,Install now,http://itunes.apple.com/app/id6740255326,Video,"Facebook,Instagram,Audience Network,Messenger",1,0,9:16,https://video.fblr20-3.fna.fbcdn.net/o1/v/t2/f2/m366/AQP4una6hBBzcNSfejZFTwsX0T4ZNnvJ8VltArR6LOyCUTLdnWKDXIwt469THFlyy4ROGVLzqc3OOBJGBN4PPHSxcFIfI7uIR2bboC3O9MwM_g.mp4?_nc_cat=109&_nc_oc=Adqi0kV8p1l9Ivye5NjTxZAr0LbMmPoi-Fm4pFE9ZlBRnA044dDR0Ewr5m1w8jHOeHgwQ9-YqUlz7OLqHHj18p5h&_nc_sid=b66105&_nc_ht=video.fblr20-3.fna.fbcdn.net&_nc_ohc=V5-N9qeu34AQ7kNvwEHAKrj&efg=eyJ2ZW5jb2RlX3RhZyI6Inhwdl9wcm9ncmVzc2l2ZS5WSV9VU0VDQVNFX1BST0RVQ1RfVFlQRS4uQzMuNzIwLmRhc2hfaDI2NC1iYXNpYy1nZW4yXzcyMHAiLCJ4cHZfYXNzZXRfaWQiOjI1MDQzNDExNjY2OTMzNDQsImFzc2V0X2FnZV9kYXlzIjoyMywidmlfdXNlY2FzZV9pZCI6MTAxMzksImR1cmF0aW9uX3MiOjI0LCJ1cmxnZW5fc291cmNlIjoid3d3In0%3D&ccb=17-1&vs=90575f8bdc00c4a6&_nc_vs=HBksFQIYRWZiX2VwaGVtZXJhbC8xQTRENTgzQ0E5OUQ2QzNFQkMxNkQ4M0ZEMDAwRTJBNF9tdF8xX3ZpZGVvX2Rhc2hpbml0Lm1wNBUAAsgBEgAVAhhAZmJfcGVybWFuZW50Lzk4NDJEMUUyMUZFMjBBNzg5MDc0MTMxMjhBREM2NDkxX2F1ZGlvX2Rhc2hpbml0Lm1wNBUCAsgBEgAoABgAGwKIB3VzZV9vaWwBMRJwcm9ncmVzc2l2ZV9yZWNpcGUBMRUAACbA75ja6-vyCBUCKAJDMywXQDjdsi0OVgQYGWRhc2hfaDI2NC1iYXNpYy1nZW4yXzcyMHARAHUAZbaeAQA&_nc_gid=mWfxG-YwGgTbJW22_2bE5w&_nc_ss=7f289&_nc_zt=28&oh=00_AQDUqiv_eRvG9PtmDCa0H7UGI2BmhWnBWnHmg7nURLAyrA&oe=6A57D27B,https://scontent.fblr20-2.fna.fbcdn.net/v/t39.35426-6/725097198_2408080949702235_2404379796875885289_n.jpg?_nc_cat=104&ccb=1-7&_nc_sid=c53f8f&_nc_ohc=cFL_Oc9NIGIQ7kNvwFzxrnb&_nc_oc=Adrpv45sYdW_N7NTn8HWeRLymi4Takn6uWlWpxILQFIKhPR7iwu7Ikr7trKC1VaDW8sIdAyny32enUhxuBHugzRi&_nc_zt=14&_nc_ht=scontent.fblr20-2.fna&_nc_gid=mWfxG-YwGgTbJW22_2bE5w&_nc_ss=7f289&oh=00_AQDf8ULPJ0iPhFdn-RipWhQH35cfhNkdqph-CXTwMAdTaQ&oe=6A57E15A,2026-07-15T18:33:31.000Z,2026-07-11,https://pub-893b4a6a607b4221a894bf861da7914e.r2.dev/3403536496487480.mp4
65,60,Lingo AI,599204246602758,Lingo AI,,IN,4252978928346557,https://www.facebook.com/ads/library/?id=4252978928346557,2026-07-01,,false,false,1,0,,2026-07-01,,"🌟 Want to improve your English?
📱 Learn anytime in just minutes a day
💬 Build real speaking confidence",👉 Download now,Install now,http://itunes.apple.com/app/id6740255326,"Facebook,Instagram,Audience Network,Messenger,Threads","🌟 Want to improve your English?
📱 Learn anytime in just minutes a day
💬 Build real speaking confidence",👉 Download now,Install now,http://itunes.apple.com/app/id6740255326,Video,"Facebook,Instagram,Audience Network,Messenger,Threads",1,0,9:16,https://video.fblr20-4.fna.fbcdn.net/o1/v/t2/f2/m366/AQNdyjXOg1-KaxbvK-Rr8g7iLuwVVZ5DnPjuDmZ41qSx8uhDlPjeDDzqzOKRL_O3n2G9ZhOJJ0KtB4Xoepf4GsfkkRKlH4CgMz1RqHMFgo-Zgg.mp4?_nc_cat=103&_nc_oc=Adpmf9QGkEY-YVbWF3xyz2LU3r8D6OZy7Ld7kEDpgEhk4Nji3NlBCS_AAILq8gSVDBx-xKeVv6zDX643WDW7SF5t&_nc_sid=b66105&_nc_ht=video.fblr20-4.fna.fbcdn.net&_nc_ohc=kC9QSZcqIxcQ7kNvwFNJP3N&efg=eyJ2ZW5jb2RlX3RhZyI6Inhwdl9wcm9ncmVzc2l2ZS5WSV9VU0VDQVNFX1BST0RVQ1RfVFlQRS4uQzMuNjA4LmRhc2hfaDI2NC1iYXNpYy1nZW4yXzcyMHAiLCJ4cHZfYXNzZXRfaWQiOjE1MDExMjQ4NTgwNTEzMjMsImFzc2V0X2FnZV9kYXlzIjo3MCwidmlfdXNlY2FzZV9pZCI6MTAxMzksImR1cmF0aW9uX3MiOjI3LCJ1cmxnZW5fc291cmNlIjoid3d3In0%3D&ccb=17-1&vs=6e4cfd394feb8197&_nc_vs=HBksFQIYRWZiX2VwaGVtZXJhbC85QzREQ0RBNjg4NTQ4QUM0NDgwMzYzMjM1NjQ2NTI4MF9tdF8xX3ZpZGVvX2Rhc2hpbml0Lm1wNBUAAsgBEgAVAhhAZmJfcGVybWFuZW50LzcyNDc2NzIwODVBNDIwREQ4RUExMUFCRkZGNTkxRDhEX2F1ZGlvX2Rhc2hpbml0Lm1wNBUCAsgBEgAoABgAGwKIB3VzZV9vaWwBMRJwcm9ncmVzc2l2ZV9yZWNpcGUBMRUAACb26-ve-9CqBRUCKAJDMywXQDuZmZmZmZoYGWRhc2hfaDI2NC1iYXNpYy1nZW4yXzcyMHARAHUAZbaeAQA&_nc_gid=mWfxG-YwGgTbJW22_2bE5w&_nc_ss=7f289&_nc_zt=28&oh=00_AQDJtZh-LN9ITDbvRQWlf3y5sAcJO701Hq2iDHU1CZNjeg&oe=6A57E511,https://scontent.fblr20-3.fna.fbcdn.net/v/t39.35426-6/737297514_4590083891312929_4341172881155540138_n.jpg?_nc_cat=109&ccb=1-7&_nc_sid=c53f8f&_nc_ohc=B2yVp-fsQk0Q7kNvwF3wlr6&_nc_oc=AdoI_5edcWS-g4rsgR0qZ2wAA1vn3-fPonlMAKLdYq4t5kC8L5UHJs9jiLPSJPCVe67Lb63uTFZ5kHZgeK3B4Z8V&_nc_zt=14&_nc_ht=scontent.fblr20-3.fna&_nc_gid=mWfxG-YwGgTbJW22_2bE5w&_nc_ss=7f289&oh=00_AQCtXhBdom0Y4i0QwDjkzaqikOvmT87LECpxub71Asd8iw&oe=6A57FD9C,2026-07-15T19:52:49.000Z,2026-07-11,https://pub-893b4a6a607b4221a894bf861da7914e.r2.dev/4252978928346557.mp4
66,61,Lingo AI,599204246602758,Lingo AI,,IN,1787338259110606,https://www.facebook.com/ads/library/?id=1787338259110606,2026-07-07,,false,false,1,0,,2026-07-07,,"🚀 Master English Faster, Just 5 Minutes a Day!
🥳 Join Learners Who Found a Fun Way to Master a Language!
✨ Our mission is to unlock your English.",✨Try it now~,Install now,http://itunes.apple.com/app/id6740255326,"Facebook,Instagram,Audience Network,Messenger,Threads","🚀 Master English Faster, Just 5 Minutes a Day!
🥳 Join Learners Who Found a Fun Way to Master a Language!
✨ Our mission is to unlock your English.",✨Try it now~,Install now,http://itunes.apple.com/app/id6740255326,Video,"Facebook,Instagram,Audience Network,Messenger,Threads",1,0,9:16,https://video.fblr20-4.fna.fbcdn.net/o1/v/t2/f2/m366/AQNfqInJcylowvPTJjSzigpBqIsvbjmBQ8J-HijQa8DRI-NQUbDlOkVhYaZDEy2Mi1u5cHxlNt-Ub4HX3Oz-XfdGXl4Yhs2b2ND3L5sm6lL8bg.mp4?_nc_cat=103&_nc_oc=AdoKZm9bVTM4kTpskJrfXZWbDVweMSekmdAtO8dlMceCzPonLoTFOKddTAO4rvCxCRyKt1YNJBWum-jmC5lKq7aR&_nc_sid=b66105&_nc_ht=video.fblr20-4.fna.fbcdn.net&_nc_ohc=yoSZ5OL9yrgQ7kNvwGxi1Je&efg=eyJ2ZW5jb2RlX3RhZyI6Inhwdl9wcm9ncmVzc2l2ZS5WSV9VU0VDQVNFX1BST0RVQ1RfVFlQRS4uQzMuNjA4LmRhc2hfaDI2NC1iYXNpYy1nZW4yXzcyMHAiLCJ4cHZfYXNzZXRfaWQiOjQzNTE3NTEyNjE4MDQ4MDMsImFzc2V0X2FnZV9kYXlzIjoyLCJ2aV91c2VjYXNlX2lkIjoxMDEzOSwiZHVyYXRpb25fcyI6NTUsInVybGdlbl9zb3VyY2UiOiJ3d3cifQ%3D%3D&ccb=17-1&vs=5efaef1d87fbbeb4&_nc_vs=HBksFQIYRWZiX2VwaGVtZXJhbC8wRDQ2MjRBQkQ1MTU1QkI2RTRENkYxREIxQzlFRURCN19tdF8xX3ZpZGVvX2Rhc2hpbml0Lm1wNBUAAsgBEgAVAhhAZmJfcGVybWFuZW50LzE4NEI4OTBCQjg2RkI2QTRDNEIwODc3RjE5MTFFMzkyX2F1ZGlvX2Rhc2hpbml0Lm1wNBUCAsgBEgAoABgAGwKIB3VzZV9vaWwBMRJwcm9ncmVzc2l2ZV9yZWNpcGUBMRUAACaG5OLBofm6DxUCKAJDMywXQEvqn752yLQYGWRhc2hfaDI2NC1iYXNpYy1nZW4yXzcyMHARAHUAZbaeAQA&_nc_gid=mWfxG-YwGgTbJW22_2bE5w&_nc_ss=7f289&_nc_zt=28&oh=00_AQCW13u1wDJeyAW1rN5-EfT_7RJidGJiriMbjvDAyjJAWw&oe=6A57D9D5,https://scontent.fblr20-1.fna.fbcdn.net/v/t39.35426-6/742011542_987819377216286_574230336101223319_n.jpg?_nc_cat=110&ccb=1-7&_nc_sid=c53f8f&_nc_ohc=fwXSGzMJTLcQ7kNvwHNpiDI&_nc_oc=AdquL3lg9YyK_Ros-ehyl8A8uYorVTrASTS0wBjC_jKblBvPgqf1DT9mleL3zbaY-0-9QRJz51LBLrcLClVaSjFQ&_nc_zt=14&_nc_ht=scontent.fblr20-1.fna&_nc_gid=mWfxG-YwGgTbJW22_2bE5w&_nc_ss=7f289&oh=00_AQA-1YmjMOCgdHqIo4WCozCvm4Wp9ZyrSMp9chhz-tOSaQ&oe=6A57F07A,2026-07-15T19:04:53.000Z,2026-07-11,https://pub-893b4a6a607b4221a894bf861da7914e.r2.dev/1787338259110606.mp4
67,62,Lingo AI,599204246602758,Lingo AI,,IN,1247435140696299,https://www.facebook.com/ads/library/?id=1247435140696299,2026-07-05,,false,false,1,0,,2026-07-05,,"😊The best place to learn French language
💼 Boost your French skills in just 5 minutes a day! 
📚The efficient path to fluency.",✨Try it now~,Install now,http://itunes.apple.com/app/id6740255326,"Facebook,Instagram,Audience Network,Messenger,Threads","😊The best place to learn French language
💼 Boost your French skills in just 5 minutes a day! 
📚The efficient path to fluency.",✨Try it now~,Install now,http://itunes.apple.com/app/id6740255326,Video,"Facebook,Instagram,Audience Network,Messenger,Threads",1,0,9:16,https://video.fblr20-2.fna.fbcdn.net/o1/v/t2/f2/m366/AQO1cm_7Py3hVd6wSERlXvRyVRM9p72Hj21a2FAnFuSuW3pYul4iyMrtV1-Rpl_TxYZL8-5reY2IQbR-m8ZV_Rj-0o2dG8nPlLQWMRMlZFJgVQ.mp4?_nc_cat=104&_nc_oc=AdopHzjhU_VZlWqM1ETULgB66bjUMWrhwrEAHCdlbhBVCCks5PRRhpFN4FittDi9WPXhOUp2k404XHDf9Gf0RI4H&_nc_sid=b66105&_nc_ht=video.fblr20-2.fna.fbcdn.net&_nc_ohc=jtPaCx5JQ9sQ7kNvwGdCmo6&efg=eyJ2ZW5jb2RlX3RhZyI6Inhwdl9wcm9ncmVzc2l2ZS5WSV9VU0VDQVNFX1BST0RVQ1RfVFlQRS4uQzMuNzIwLmRhc2hfaDI2NC1iYXNpYy1nZW4yXzcyMHAiLCJ4cHZfYXNzZXRfaWQiOjIwMDQ3OTgwMjM3Mzc2MDUsImFzc2V0X2FnZV9kYXlzIjo1LCJ2aV91c2VjYXNlX2lkIjoxMDEzOSwiZHVyYXRpb25fcyI6NTMsInVybGdlbl9zb3VyY2UiOiJ3d3cifQ%3D%3D&ccb=17-1&vs=2a9cf4f9d86c5dfe&_nc_vs=HBksFQIYRWZiX2VwaGVtZXJhbC81NzQ3QjUyODI3NkI1N0I4OEFENTNERTNDQzM3MzU5Q19tdF8xX3ZpZGVvX2Rhc2hpbml0Lm1wNBUAAsgBEgAVAhhAZmJfcGVybWFuZW50LzkyNENBN0VFMTBDOUIzRkFBNTBCNUExMjgwMjhFMDhCX2F1ZGlvX2Rhc2hpbml0Lm1wNBUCAsgBEgAoABgAGwKIB3VzZV9vaWwBMRJwcm9ncmVzc2l2ZV9yZWNpcGUBMRUAACaKhOmgzdaPBxUCKAJDMywXQEru2RaHKwIYGWRhc2hfaDI2NC1iYXNpYy1nZW4yXzcyMHARAHUAZbaeAQA&_nc_gid=mWfxG-YwGgTbJW22_2bE5w&_nc_ss=7f289&_nc_zt=28&oh=00_AQAqV6MbhT4Zmx_Fl2vxtch7J0Cv0rv32KxeZ1vXc9MJEA&oe=6A57ED58,https://scontent.fblr20-4.fna.fbcdn.net/v/t39.35426-6/740836251_1036828058844972_5272802764784332168_n.jpg?_nc_cat=106&ccb=1-7&_nc_sid=c53f8f&_nc_ohc=U-slibDuJEkQ7kNvwH0AXfc&_nc_oc=Adr_XTy8CCG13g7ozn6a6ZqwVvSy4WwW0Cw3MyZhv5RM4aBfUmA38dVBgU4yEYOQipRHgJWzoPdQlgdcIAHMYJvy&_nc_zt=14&_nc_ht=scontent.fblr20-4.fna&_nc_gid=mWfxG-YwGgTbJW22_2bE5w&_nc_ss=7f289&oh=00_AQCiQAeAozJleXyJH-BlcXM7tIWYAZuQzdfbd0XD1me9TA&oe=6A57E79C,2026-07-15T20:28:08.000Z,2026-07-11,https://pub-893b4a6a607b4221a894bf861da7914e.r2.dev/1247435140696299.mp4
68,63,Lingo AI,599204246602758,Lingo AI,,IN,1376125071000503,https://www.facebook.com/ads/library/?id=1376125071000503,2026-06-16,,false,false,1,0,,2026-06-16,,"🚀 Master French Faster, Just 5 Minutes a Day!
🥳 Join Learners Who Found a Fun Way to Master a Language!
✨ Our mission is to unlock your French.",✨Try it now~,Install now,http://itunes.apple.com/app/id6740255326,"Facebook,Instagram,Audience Network,Messenger","🚀 Master French Faster, Just 5 Minutes a Day!
🥳 Join Learners Who Found a Fun Way to Master a Language!
✨ Our mission is to unlock your French.",✨Try it now~,Install now,http://itunes.apple.com/app/id6740255326,Video,"Facebook,Instagram,Audience Network,Messenger",1,0,9:16,https://video.fblr20-1.fna.fbcdn.net/o1/v/t2/f2/m366/AQM6iZHyLodo7eEX8AluxWKg38DqaULs2oGOszknRgRHB-T2hGqSXkr0W_JMDvXt1b527N-_84O4LgD0MKE9-bALXO1qEhRm_1nitHIRQx80cw.mp4?_nc_cat=108&_nc_oc=AdpQ0g_mfHhmvMawG2c3auISWpVnH1vG7RKnTFAEEbDOzlGz9DhpwIE-ufTCB3fEyFy4AdwkTSAiCXEB_7m_YyT5&_nc_sid=b66105&_nc_ht=video.fblr20-1.fna.fbcdn.net&_nc_ohc=UlZB_uHzvKEQ7kNvwFweYV-&efg=eyJ2ZW5jb2RlX3RhZyI6Inhwdl9wcm9ncmVzc2l2ZS5WSV9VU0VDQVNFX1BST0RVQ1RfVFlQRS4uQzMuNzIwLmRhc2hfaDI2NC1iYXNpYy1nZW4yXzcyMHAiLCJ4cHZfYXNzZXRfaWQiOjE2MDUwMTkzNTEwNDQ5OTUsImFzc2V0X2FnZV9kYXlzIjoyMywidmlfdXNlY2FzZV9pZCI6MTAxMzksImR1cmF0aW9uX3MiOjI0LCJ1cmxnZW5fc291cmNlIjoid3d3In0%3D&ccb=17-1&vs=fbc8c3d123e09854&_nc_vs=HBksFQIYRWZiX2VwaGVtZXJhbC83RTRDOTc1OTYyMzg5QzY4Q0IzMkJDOEI0MDVCOTFBOV9tdF8xX3ZpZGVvX2Rhc2hpbml0Lm1wNBUAAsgBEgAVAhhAZmJfcGVybWFuZW50LzlDNEZFRDk5MDdBQkVENjc5N0JCMDYzMTEzRDQ2RkFEX2F1ZGlvX2Rhc2hpbml0Lm1wNBUCAsgBEgAoABgAGwKIB3VzZV9vaWwBMRJwcm9ncmVzc2l2ZV9yZWNpcGUBMRUAACaGzraEtvDZBRUCKAJDMywXQDjdsi0OVgQYGWRhc2hfaDI2NC1iYXNpYy1nZW4yXzcyMHARAHUAZbaeAQA&_nc_gid=mWfxG-YwGgTbJW22_2bE5w&_nc_ss=7f289&_nc_zt=28&oh=00_AQClLKGdBtZRZTdkNXOF4-6d2vwCYVUPj4hGSjT7nTE5Uw&oe=6A57F460,https://scontent.fblr20-3.fna.fbcdn.net/v/t39.35426-6/724789922_1027244619772297_1919495668979218995_n.jpg?_nc_cat=100&ccb=1-7&_nc_sid=c53f8f&_nc_ohc=YrQrXjneBSgQ7kNvwHT9YUy&_nc_oc=AdrXaRF0yNbLawVrP0bYQ1E8Z6Cd3vhEkzbNYd-FoXKRAHe0IqxM1_dWuJO8GZ9sSNNje450oo0PLyYAhZfDmK84&_nc_zt=14&_nc_ht=scontent.fblr20-3.fna&_nc_gid=mWfxG-YwGgTbJW22_2bE5w&_nc_ss=7f289&oh=00_AQAuH5Arve-MqthgJxkFIoIU0IBRPT9XBKO4O45mvAudlg&oe=6A57F2FB,2026-07-15T20:58:08.000Z,2026-07-11,https://pub-893b4a6a607b4221a894bf861da7914e.r2.dev/1376125071000503.mp4
69,64,Lingo AI,599204246602758,Lingo AI,,IN,2153258851904762,https://www.facebook.com/ads/library/?id=2153258851904762,2026-07-01,,false,false,1,0,,2026-07-01,,"🌍 Learn real English for everyday life 
🗣 Practice speaking with simple lessons 
⏱ Just 5 minutes a day 
👉 Download now",👉 Download now,Download,https://speaklearnfrenchlingoai.onelink.me/Y67n?pid=metaweb_int&c={{campaign.name}}&af_c_id={{campaign.id}}&af_adset={{adset.name}}&af_adset_id={{adset.id}}&af_ad={{ad.name}}&af_ad_id={{ad.id}}&af_siteid={{site_source_name}},"Facebook,Instagram,Audience Network,Messenger,Threads","🌍 Learn real English for everyday life 
🗣 Practice speaking with simple lessons 
⏱ Just 5 minutes a day 
👉 Download now",👉 Download now,Download,https://speaklearnfrenchlingoai.onelink.me/Y67n?pid=metaweb_int&c={{campaign.name}}&af_c_id={{campaign.id}}&af_adset={{adset.name}}&af_adset_id={{adset.id}}&af_ad={{ad.name}}&af_ad_id={{ad.id}}&af_siteid={{site_source_name}},Video,"Facebook,Instagram,Audience Network,Messenger,Threads",1,0,9:16,https://video.fblr20-1.fna.fbcdn.net/o1/v/t2/f2/m366/AQMd2tp5Yn3ZnQwagOHStRkZwf4RMUqgc3P9HF4j-9SLzJDzFWg2A8Ogqw7YW1EjnkLIjQ1jwrHERd_LvTJaIhMeBISYGrSDLIz_V-XEMXPYUg.mp4?_nc_cat=110&_nc_oc=AdoJDphv5trQRIffTlZjBHMGyFENE_UCOoNgUyBisBPIFKsj5fOTyJWXMIHQ_g0ZGD98FEBYeNRpn7W2L_JfWmPy&_nc_sid=b66105&_nc_ht=video.fblr20-1.fna.fbcdn.net&_nc_ohc=Gq5KZz9FE3UQ7kNvwHi_455&efg=eyJ2ZW5jb2RlX3RhZyI6Inhwdl9wcm9ncmVzc2l2ZS5WSV9VU0VDQVNFX1BST0RVQ1RfVFlQRS4uQzMuNzIwLmRhc2hfaDI2NC1iYXNpYy1nZW4yXzcyMHAiLCJ4cHZfYXNzZXRfaWQiOjE0MTg0MzAwNDcwMDY5MjgsImFzc2V0X2FnZV9kYXlzIjo4LCJ2aV91c2VjYXNlX2lkIjoxMDEzOSwiZHVyYXRpb25fcyI6MzUsInVybGdlbl9zb3VyY2UiOiJ3d3cifQ%3D%3D&ccb=17-1&vs=eb006b527a597b06&_nc_vs=HBksFQIYRWZiX2VwaGVtZXJhbC81NDRDN0Y0QTk2QjZDQ0MwNkRDOUZGREU5ODUzMDlCOF9tdF8xX3ZpZGVvX2Rhc2hpbml0Lm1wNBUAAsgBEgAVAhhAZmJfcGVybWFuZW50L0Q2NDg4OTEyNkZCMkM3RjBFRTk2Njg2QjI1NTNCODlFX2F1ZGlvX2Rhc2hpbml0Lm1wNBUCAsgBEgAoABgAGwKIB3VzZV9vaWwBMRJwcm9ncmVzc2l2ZV9yZWNpcGUBMRUAACagw7mxv4OFBRUCKAJDMywXQEGu2RaHKwIYGWRhc2hfaDI2NC1iYXNpYy1nZW4yXzcyMHARAHUAZbaeAQA&_nc_gid=mWfxG-YwGgTbJW22_2bE5w&_nc_ss=7f289&_nc_zt=28&oh=00_AQDTwv9MJPGTk0-fWr-wFUlzPs-hb6gP8vSFzJ-7spnB8A&oe=6A57F1EE,https://scontent.fblr20-2.fna.fbcdn.net/v/t39.35426-6/734522235_990014840333018_237234713815661239_n.jpg?_nc_cat=102&ccb=1-7&_nc_sid=c53f8f&_nc_ohc=y55PAKz6xsAQ7kNvwHj3z5M&_nc_oc=Adqly4lfFUcyf9jgsU00CUwUq2Ra31HTZWhBnbm1An54YzDsQzc8Ocj4O6g1fDtjVe0rfxD6SIipCBdPH1oihC_X&_nc_zt=14&_nc_ht=scontent.fblr20-2.fna&_nc_gid=mWfxG-YwGgTbJW22_2bE5w&_nc_ss=7f289&oh=00_AQCkTHfHFKLwEwsFhVgz55jknMkLSzidtz2_do4mvHbWXA&oe=6A57F14C,2026-07-15T20:47:42.000Z,2026-07-11,https://pub-893b4a6a607b4221a894bf861da7914e.r2.dev/2153258851904762.mp4
70,65,Lingo AI,599204246602758,Lingo AI,,IN,1332107031680751,https://www.facebook.com/ads/library/?id=1332107031680751,2026-06-24,,false,false,1,0,,2026-06-24,,"🌍 Learn real English for everyday life 
🗣 Practice speaking with simple lessons 
⏱ Just 5 minutes a day
👉 Download now",👇 Start now,Download,https://speaklearnfrenchlingoai.onelink.me/Y67n?pid=metaweb_int&c={{campaign.name}}&af_c_id={{campaign.id}}&af_adset={{adset.name}}&af_adset_id={{adset.id}}&af_ad={{ad.name}}&af_ad_id={{ad.id}}&af_siteid={{site_source_name}},"Facebook,Instagram,Audience Network,Messenger,Threads","🌍 Learn real English for everyday life 
🗣 Practice speaking with simple lessons 
⏱ Just 5 minutes a day
👉 Download now",👇 Start now,Download,https://speaklearnfrenchlingoai.onelink.me/Y67n?pid=metaweb_int&c={{campaign.name}}&af_c_id={{campaign.id}}&af_adset={{adset.name}}&af_adset_id={{adset.id}}&af_ad={{ad.name}}&af_ad_id={{ad.id}}&af_siteid={{site_source_name}},Video,"Facebook,Instagram,Audience Network,Messenger,Threads",1,0,9:16,https://video.fblr20-4.fna.fbcdn.net/o1/v/t2/f2/m366/AQNK1k4IEIBXuiexLJJ7rtA4f7kNih5_QwDQ_gA2pTV-U_VAp9_OrHNZCnqasSHF_S4z9RuB3qtE3dYYGIUvRGcAFSnOnRr_No1XnA6cCzFAGw.mp4?_nc_cat=106&_nc_oc=AdoFkjfHBK-F924mcmF45Ntovw1sowBryzX1Be5nhopMvZhMwwZQZaARS5XE6OsjSapA3abuIHhiOI-KU8mUG2Ae&_nc_sid=b66105&_nc_ht=video.fblr20-4.fna.fbcdn.net&_nc_ohc=cp1N2zNy8FkQ7kNvwEFclUt&efg=eyJ2ZW5jb2RlX3RhZyI6Inhwdl9wcm9ncmVzc2l2ZS5WSV9VU0VDQVNFX1BST0RVQ1RfVFlQRS4uQzMuNzIwLmRhc2hfaDI2NC1iYXNpYy1nZW4yXzcyMHAiLCJ4cHZfYXNzZXRfaWQiOjE3NjI3ODA3NDUxNjE1MjEsImFzc2V0X2FnZV9kYXlzIjoxNiwidmlfdXNlY2FzZV9pZCI6MTAxMzksImR1cmF0aW9uX3MiOjMyLCJ1cmxnZW5fc291cmNlIjoid3d3In0%3D&ccb=17-1&vs=39dc74e96fe9b7ce&_nc_vs=HBksFQIYRWZiX2VwaGVtZXJhbC8yRTRBRTFGM0Y2NUM0MjVDODdBM0VGQjNEQ0VFNDVBRF9tdF8xX3ZpZGVvX2Rhc2hpbml0Lm1wNBUAAsgBEgAVAhhAZmJfcGVybWFuZW50LzFDNDgxRjlDODVGQUIxNzUwNEYxRDA5OTE1OEJBMjkyX2F1ZGlvX2Rhc2hpbml0Lm1wNBUCAsgBEgAoABgAGwKIB3VzZV9vaWwBMRJwcm9ncmVzc2l2ZV9yZWNpcGUBMRUAACbi7I6CrM-hBhUCKAJDMywXQEA7peNT988YGWRhc2hfaDI2NC1iYXNpYy1nZW4yXzcyMHARAHUAZbaeAQA&_nc_gid=mWfxG-YwGgTbJW22_2bE5w&_nc_ss=7f289&_nc_zt=28&oh=00_AQBsjNaajTzMKX4iwXAS3hgtPvmaJPU7LYb-lBdBGiaFsA&oe=6A57D256,https://scontent.fblr20-1.fna.fbcdn.net/v/t39.35426-6/731328607_4510991792564003_6244652198536554905_n.jpg?_nc_cat=110&ccb=1-7&_nc_sid=c53f8f&_nc_ohc=ZmwsljvZ14kQ7kNvwHLzTEY&_nc_oc=AdoXjUHa9r9Sp76hZkv2lfDSLOoTAb2Q3yw0AwyPydJlWgtfWidW2DwFO1_-KB78IClASM4JibhYcmmX9TvnOWct&_nc_zt=14&_nc_ht=scontent.fblr20-1.fna&_nc_gid=mWfxG-YwGgTbJW22_2bE5w&_nc_ss=7f289&oh=00_AQCO_MB95kVAldP6em7DtNZkxSq3HMNq4DBhBTAYglr1QA&oe=6A57D6BB,2026-07-15T18:32:54.000Z,2026-07-11,https://pub-893b4a6a607b4221a894bf861da7914e.r2.dev/1332107031680751.mp4
71,66,Lingo AI,599204246602758,Lingo AI,,IN,1735192437671922,https://www.facebook.com/ads/library/?id=1735192437671922,2026-07-06,,false,false,1,0,,2026-07-06,,"🌍 تعلّم الإنجليزية الحقيقية للحياة اليومية
🗣 تدرّب على التحدث من خلال دروس بسيطة
⏱ فقط 5 دقائق يوميًا
👉 حمّل الآن",👉 حمّل الآن,Download,https://speaklearnfrenchlingoai.onelink.me/Y67n?pid=metaweb_int&c={{campaign.name}}&af_c_id={{campaign.id}}&af_adset={{adset.name}}&af_adset_id={{adset.id}}&af_ad={{ad.name}}&af_ad_id={{ad.id}}&af_siteid={{site_source_name}},"Facebook,Instagram,Audience Network,Messenger,Threads","🌍 تعلّم الإنجليزية الحقيقية للحياة اليومية
🗣 تدرّب على التحدث من خلال دروس بسيطة
⏱ فقط 5 دقائق يوميًا
👉 حمّل الآن",👉 حمّل الآن,Download,https://speaklearnfrenchlingoai.onelink.me/Y67n?pid=metaweb_int&c={{campaign.name}}&af_c_id={{campaign.id}}&af_adset={{adset.name}}&af_adset_id={{adset.id}}&af_ad={{ad.name}}&af_ad_id={{ad.id}}&af_siteid={{site_source_name}},Video,"Facebook,Instagram,Audience Network,Messenger,Threads",1,0,9:16,https://video.fblr20-3.fna.fbcdn.net/o1/v/t2/f2/m366/AQO0f0Azo_A3z0xJdatYgeKsEuTO0sEkAzeFtZlWpc0RU0QbanRn-LDtfnASCurMNXkF34Qbmux-7Ft3PMXFUgqqws95jb50RlupMNAY4ATYPw.mp4?_nc_cat=109&_nc_oc=Adr3aa1XJck4j09qdMFcQ7HZuVclDiwF8GK4to0SLmBAFVYLWYcAK7YNRsLnfIPPFXMQeF4foiZuinWkJ9H6xCU7&_nc_sid=b66105&_nc_ht=video.fblr20-3.fna.fbcdn.net&_nc_ohc=VVwD_Lm378sQ7kNvwGfeyF-&efg=eyJ2ZW5jb2RlX3RhZyI6Inhwdl9wcm9ncmVzc2l2ZS5WSV9VU0VDQVNFX1BST0RVQ1RfVFlQRS4uQzMuNjA4LmRhc2hfaDI2NC1iYXNpYy1nZW4yXzcyMHAiLCJ4cHZfYXNzZXRfaWQiOjE5MzAyNjkwOTEwMTYxNDQsImFzc2V0X2FnZV9kYXlzIjoxMCwidmlfdXNlY2FzZV9pZCI6MTAxMzksImR1cmF0aW9uX3MiOjM4LCJ1cmxnZW5fc291cmNlIjoid3d3In0%3D&ccb=17-1&vs=9447c2aedaa0085f&_nc_vs=HBksFQIYRWZiX2VwaGVtZXJhbC9BODQ5RThDRDcyN0UzOURENEQ2RDJBMTM1M0QzNDU5NF9tdF8xX3ZpZGVvX2Rhc2hpbml0Lm1wNBUAAsgBEgAVAhhAZmJfcGVybWFuZW50Lzc2NEY4N0FENDBBMDUzODMxN0Q3RjNBNzA0MTM2MUJEX2F1ZGlvX2Rhc2hpbml0Lm1wNBUCAsgBEgAoABgAGwKIB3VzZV9vaWwBMRJwcm9ncmVzc2l2ZV9yZWNpcGUBMRUAACagt-23ueTtBhUCKAJDMywXQEMZmZmZmZoYGWRhc2hfaDI2NC1iYXNpYy1nZW4yXzcyMHARAHUAZbaeAQA&_nc_gid=mWfxG-YwGgTbJW22_2bE5w&_nc_ss=7f289&_nc_zt=28&oh=00_AQCuI5yoimFLAGzOD8lp80xlWGV2-nnt1g-WBruYexc-2Q&oe=6A57F937,https://scontent.fblr20-3.fna.fbcdn.net/v/t39.35426-6/738244037_1310016300873611_7482742958176192390_n.jpg?_nc_cat=105&ccb=1-7&_nc_sid=c53f8f&_nc_ohc=zS-EQrrcpJIQ7kNvwHbgfRp&_nc_oc=AdoJEL5RV3upBpWKfTNbQvXYWfYvVZnwvPuB1ruy9eySiOhq7-HBk0OKXTauvCRuYBqK_iLhPilFurX7X6ksuK0d&_nc_zt=14&_nc_ht=scontent.fblr20-3.fna&_nc_gid=mWfxG-YwGgTbJW22_2bE5w&_nc_ss=7f289&oh=00_AQBrBh6RD-Z424ofCVPG7c5qcZFV6wla3szt0VLSPy_x1Q&oe=6A57D3B0,2026-07-15T21:18:47.000Z,2026-07-11,https://pub-893b4a6a607b4221a894bf861da7914e.r2.dev/1735192437671922.mp4
72,67,Lingo AI,599204246602758,Lingo AI,,IN,1929767137611529,https://www.facebook.com/ads/library/?id=1929767137611529,2026-06-14,,false,false,1,0,,2026-06-14,,"🌍 Learn real English for everyday life 
🗣 Practice speaking with simple lessons 
⏱ Just 5 minutes a day
👉 Download now",👇 Start now,Download,https://speaklearnfrenchlingoai.onelink.me/Y67n?pid=metaweb_int&c={{campaign.name}}&af_c_id={{campaign.id}}&af_adset={{adset.name}}&af_adset_id={{adset.id}}&af_ad={{ad.name}}&af_ad_id={{ad.id}}&af_siteid={{site_source_name}},"Facebook,Instagram,Audience Network,Messenger,Threads","🌍 Learn real English for everyday life 
🗣 Practice speaking with simple lessons 
⏱ Just 5 minutes a day
👉 Download now",👇 Start now,Download,https://speaklearnfrenchlingoai.onelink.me/Y67n?pid=metaweb_int&c={{campaign.name}}&af_c_id={{campaign.id}}&af_adset={{adset.name}}&af_adset_id={{adset.id}}&af_ad={{ad.name}}&af_ad_id={{ad.id}}&af_siteid={{site_source_name}},Video,"Facebook,Instagram,Audience Network,Messenger,Threads",1,0,9:16,https://video.fblr20-2.fna.fbcdn.net/o1/v/t2/f2/m366/AQNtM73b9gwSgIKf0xqZ9gIiXM9z6hQegzvMOqZB47Ptl0Mgc6jg486SwkXKWt3lmCd4jPyNsM5ECZ3qGLIGgWq97JvoGooEOXPbgMdJH_aqUA.mp4?_nc_cat=111&_nc_oc=AdpbSV5w5FIvkKFuZQWUmde6rmv8sqUEmndainMJqiv_m8AMB5O4mIb0-kD7KtzRms4qT81Z7J6tRUxVBUSEOFk9&_nc_sid=b66105&_nc_ht=video.fblr20-2.fna.fbcdn.net&_nc_ohc=iG_HCzrD43YQ7kNvwEph834&efg=eyJ2ZW5jb2RlX3RhZyI6Inhwdl9wcm9ncmVzc2l2ZS5WSV9VU0VDQVNFX1BST0RVQ1RfVFlQRS4uQzMuNzIwLmRhc2hfaDI2NC1iYXNpYy1nZW4yXzcyMHAiLCJ4cHZfYXNzZXRfaWQiOjE2NDU4OTE1MzAwMTU1NjAsImFzc2V0X2FnZV9kYXlzIjozMiwidmlfdXNlY2FzZV9pZCI6MTAxMzksImR1cmF0aW9uX3MiOjI4LCJ1cmxnZW5fc291cmNlIjoid3d3In0%3D&ccb=17-1&vs=cce49ccecf042ebb&_nc_vs=HBksFQIYRWZiX2VwaGVtZXJhbC82MjQ0MjM5RUJDMkZBQTAzRTM0OTdBMzAwQjBCMTRBOV9tdF8xX3ZpZGVvX2Rhc2hpbml0Lm1wNBUAAsgBEgAVAhhAZmJfcGVybWFuZW50Lzk2NEU3MDYwOTI1ODAwMzdENEVDM0UzQjcyODY2RUI1X2F1ZGlvX2Rhc2hpbml0Lm1wNBUCAsgBEgAoABgAGwKIB3VzZV9vaWwBMRJwcm9ncmVzc2l2ZV9yZWNpcGUBMRUAACaQjeK_v7vsBRUCKAJDMywXQDyiDEm6XjUYGWRhc2hfaDI2NC1iYXNpYy1nZW4yXzcyMHARAHUAZbaeAQA&_nc_gid=UKoZiEjm5k0XaAve6RwX3g&_nc_ss=7f289&_nc_zt=28&oh=00_AQAjwNocjjQ5tGPGyH1xEizyMhrFk7y7FX6KZX-4mMjuvA&oe=6A57D729,https://scontent.fblr20-4.fna.fbcdn.net/v/t39.35426-6/724340863_1704213900717888_2205547014777976407_n.jpg?_nc_cat=101&ccb=1-7&_nc_sid=c53f8f&_nc_ohc=mwkN3Xi4d_UQ7kNvwEV_L04&_nc_oc=AdoZSYndpcXayaU53s_PuL6V6PsV8yQ5Xlj9EJR399GGW6-gkOmiQB0BCctPDmLlD2Mh568ImrLRL7jn74ixMlId&_nc_zt=14&_nc_ht=scontent.fblr20-4.fna&_nc_gid=UKoZiEjm5k0XaAve6RwX3g&_nc_ss=7f289&oh=00_AQBMOyT4KO3wg4eKW6bmplnRY6hvlZCIA7rIcVQhfbQ-zw&oe=6A57F85D,2026-07-15T18:53:29.000Z,2026-07-11,https://pub-893b4a6a607b4221a894bf861da7914e.r2.dev/1929767137611529.mp4
73,68,Lingo AI,599204246602758,Lingo AI,,IN,1583929746697634,https://www.facebook.com/ads/library/?id=1583929746697634,2026-07-06,,false,false,1,0,,2026-07-06,,"🌍 تعلّم الإنجليزية الحقيقية للحياة اليومية
🗣 تدرّب على التحدث من خلال دروس بسيطة
⏱ فقط 5 دقائق يوميًا
👉 حمّل الآن",👉 حمّل الآن,Download,https://speaklearnfrenchlingoai.onelink.me/Y67n?pid=metaweb_int&c={{campaign.name}}&af_c_id={{campaign.id}}&af_adset={{adset.name}}&af_adset_id={{adset.id}}&af_ad={{ad.name}}&af_ad_id={{ad.id}}&af_siteid={{site_source_name}},"Facebook,Instagram,Audience Network,Messenger,Threads","🌍 تعلّم الإنجليزية الحقيقية للحياة اليومية
🗣 تدرّب على التحدث من خلال دروس بسيطة
⏱ فقط 5 دقائق يوميًا
👉 حمّل الآن",👉 حمّل الآن,Download,https://speaklearnfrenchlingoai.onelink.me/Y67n?pid=metaweb_int&c={{campaign.name}}&af_c_id={{campaign.id}}&af_adset={{adset.name}}&af_adset_id={{adset.id}}&af_ad={{ad.name}}&af_ad_id={{ad.id}}&af_siteid={{site_source_name}},Video,"Facebook,Instagram,Audience Network,Messenger,Threads",1,0,9:16,https://video.fblr20-4.fna.fbcdn.net/o1/v/t2/f2/m366/AQOmXkaeIRHnltNb0Egj7D_yHvuLtsb40q5f2nFL9Amw3dpxhOHZ1aoYmqyp4TpHRCM3UrlFe-M9X9dyJbTAud_IrEGP1HBA5lY_PYUJx4hwJg.mp4?_nc_cat=103&_nc_oc=AdoAqqMku9CbKRIUlLGBXJZIu1dN_3aluj91MZAxpiqmGUneUN2agcj05Cv-m78Ud4MZq4zthUS2FN6b9ovUdFBu&_nc_sid=b66105&_nc_ht=video.fblr20-4.fna.fbcdn.net&_nc_ohc=Lkf3PUZrLu8Q7kNvwFysjtL&efg=eyJ2ZW5jb2RlX3RhZyI6Inhwdl9wcm9ncmVzc2l2ZS5WSV9VU0VDQVNFX1BST0RVQ1RfVFlQRS4uQzMuNjA4LmRhc2hfaDI2NC1iYXNpYy1nZW4yXzcyMHAiLCJ4cHZfYXNzZXRfaWQiOjIyMjYwMTAxNDQ4MDcwNzcsImFzc2V0X2FnZV9kYXlzIjo3NiwidmlfdXNlY2FzZV9pZCI6MTAxMzksImR1cmF0aW9uX3MiOjIwLCJ1cmxnZW5fc291cmNlIjoid3d3In0%3D&ccb=17-1&vs=865347702cd1dd05&_nc_vs=HBksFQIYRWZiX2VwaGVtZXJhbC9BQTQzOUE1Q0Y4OEVENjQ1MkIxQzc3MDhEMjc0RkY4MF9tdF8xX3ZpZGVvX2Rhc2hpbml0Lm1wNBUAAsgBEgAVAhhAZmJfcGVybWFuZW50LzA4NEM4QjgwNjk4MTM4NDQwOEEyQjc2NkY1NjFDRUFEX2F1ZGlvX2Rhc2hpbml0Lm1wNBUCAsgBEgAoABgAGwKIB3VzZV9vaWwBMRJwcm9ncmVzc2l2ZV9yZWNpcGUBMRUAACbK4pT_66L0BxUCKAJDMywXQDTVP3ztkWgYGWRhc2hfaDI2NC1iYXNpYy1nZW4yXzcyMHARAHUAZbaeAQA&_nc_gid=UKoZiEjm5k0XaAve6RwX3g&_nc_ss=7f289&_nc_zt=28&oh=00_AQDTAqtiZdsUpWdXLyfmnwjYPl5YNOBhbeznqdY3xbbGfQ&oe=6A57D955,https://scontent.fblr20-4.fna.fbcdn.net/v/t39.35426-6/739199618_1372362564832429_8795392471228672014_n.jpg?_nc_cat=101&ccb=1-7&_nc_sid=c53f8f&_nc_ohc=qXcJ0BPGimIQ7kNvwETHJUr&_nc_oc=AdqoSVCydOHYwnLWJjj6iEVbI-QEiorTJAt1kWE_1lhid3f-FVQaLfGTJGlJGXuS6isizI5q7qWETCZQl1nRxvBg&_nc_zt=14&_nc_ht=scontent.fblr20-4.fna&_nc_gid=UKoZiEjm5k0XaAve6RwX3g&_nc_ss=7f289&oh=00_AQB1aWF6VTxGmsMsG7sdwj9NOlwxrf4eyyrwYCwX19ifuw&oe=6A57EB77,2026-07-15T19:02:45.000Z,2026-07-11,https://pub-893b4a6a607b4221a894bf861da7914e.r2.dev/1583929746697634.mp4
74,69,Lingo AI,599204246602758,Lingo AI,,IN,1492092175305768,https://www.facebook.com/ads/library/?id=1492092175305768,2026-06-16,,false,false,1,0,,2026-06-16,,"🚀 Master French Faster, Just 5 Minutes a Day!
🥳 Join Learners Who Found a Fun Way to Master a Language!
✨ Our mission is to unlock your French.",✨Try it now~,Install now,http://itunes.apple.com/app/id6740255326,"Facebook,Instagram,Audience Network,Messenger","🚀 Master French Faster, Just 5 Minutes a Day!
🥳 Join Learners Who Found a Fun Way to Master a Language!
✨ Our mission is to unlock your French.",✨Try it now~,Install now,http://itunes.apple.com/app/id6740255326,Video,"Facebook,Instagram,Audience Network,Messenger",1,0,9:16,https://video.fblr20-4.fna.fbcdn.net/o1/v/t2/f2/m366/AQMDzi4I0Dowe3jZvxp1VamiRJynILqSOchkU34UJ2TuSp18LBd6eHUIk6-yc_vAXhGAZCpGdl_RZPLTYSIKFqkT-zpO4SuuZ9IxHqPyhbttqg.mp4?_nc_cat=103&_nc_oc=AdrCOIVfY5vssOoA-f5NWHu4Sj3R2okQEibXnh6qCIgfLlC5fvvS7Eq3tLnt5eLnMwYK1Z1VpLAuaym_uZ4jmE3p&_nc_sid=b66105&_nc_ht=video.fblr20-4.fna.fbcdn.net&_nc_ohc=YWe_j3wtCp8Q7kNvwFvpJhV&efg=eyJ2ZW5jb2RlX3RhZyI6Inhwdl9wcm9ncmVzc2l2ZS5WSV9VU0VDQVNFX1BST0RVQ1RfVFlQRS4uQzMuNzIwLmRhc2hfaDI2NC1iYXNpYy1nZW4yXzcyMHAiLCJ4cHZfYXNzZXRfaWQiOjEyMDI5MDE1Njg1NzI2MDYsImFzc2V0X2FnZV9kYXlzIjoyMywidmlfdXNlY2FzZV9pZCI6MTAxMzksImR1cmF0aW9uX3MiOjI0LCJ1cmxnZW5fc291cmNlIjoid3d3In0%3D&ccb=17-1&vs=91b16d2b4a54badf&_nc_vs=HBksFQIYRWZiX2VwaGVtZXJhbC80QzQyOUEwNjEzODAyMDQ5RUFBMDI5MzRFMTE1QURCOF9tdF8xX3ZpZGVvX2Rhc2hpbml0Lm1wNBUAAsgBEgAVAhhAZmJfcGVybWFuZW50Lzc0NEY3QTA0MEU4RUQxNzE5NDY0QjMyRkE3NkFDRDg3X2F1ZGlvX2Rhc2hpbml0Lm1wNBUCAsgBEgAoABgAGwKIB3VzZV9vaWwBMRJwcm9ncmVzc2l2ZV9yZWNpcGUBMRUAACb8so6Li4KjBBUCKAJDMywXQDjdsi0OVgQYGWRhc2hfaDI2NC1iYXNpYy1nZW4yXzcyMHARAHUAZbaeAQA&_nc_gid=UKoZiEjm5k0XaAve6RwX3g&_nc_ss=7f289&_nc_zt=28&oh=00_AQBv8-LzgbyFB4PUfYrdrdD-ifOhX2yAH2hB7oAyAFfHmQ&oe=6A57CC71,https://scontent.fblr20-3.fna.fbcdn.net/v/t39.35426-6/724922601_2280626986098694_8217222232148278250_n.jpg?_nc_cat=109&ccb=1-7&_nc_sid=c53f8f&_nc_ohc=kayzEzUE2pgQ7kNvwFEsW8S&_nc_oc=Adp2DAUwLrsSx6aKbjHfL2Z5WMMamk3FC5IkAP5luBDkhxaa8WPR7dAz6zaTCWUzCSNDfB7XGZRlyTmALm6h7jqp&_nc_zt=14&_nc_ht=scontent.fblr20-3.fna&_nc_gid=UKoZiEjm5k0XaAve6RwX3g&_nc_ss=7f289&oh=00_AQBFNjD1MNUQe8b38jMkWEvebvIAoc6Prs2A4RAtkBuI1w&oe=6A57FCE2,2026-07-15T18:07:45.000Z,2026-07-11,https://pub-893b4a6a607b4221a894bf861da7914e.r2.dev/1492092175305768.mp4
75,70,Lingo AI,599204246602758,Lingo AI,,IN,1031747116205172,https://www.facebook.com/ads/library/?id=1031747116205172,2026-06-16,,false,false,1,0,,2026-06-16,,"🚀 Master French Faster, Just 5 Minutes a Day!
🥳 Join Learners Who Found a Fun Way to Master a Language!
✨ Our mission is to unlock your French.",✨Try it now~,Install now,http://itunes.apple.com/app/id6740255326,"Facebook,Instagram,Audience Network,Messenger","🚀 Master French Faster, Just 5 Minutes a Day!
🥳 Join Learners Who Found a Fun Way to Master a Language!
✨ Our mission is to unlock your French.",✨Try it now~,Install now,http://itunes.apple.com/app/id6740255326,Video,"Facebook,Instagram,Audience Network,Messenger",1,0,9:16,https://video.fblr20-1.fna.fbcdn.net/o1/v/t2/f2/m366/AQOdFjZKAHTkKS86sIhsRUE6Hjt1DrM5ZnProbZWloCQDj26hpSRVaiFx23ZdSGMFihedrhZ7PjDZcvqs1bVVa0brl6C3MJGeGk2pt8zpIc6XQ.mp4?_nc_cat=110&_nc_oc=AdpyzYjbZM5-eqzDHp38qv1UAMwCMdw5Q-RFiJdS7gV30Ar9Tc5EPKS7KLOdFPvnqxSqIHjioRQumdLcoNUIBCMn&_nc_sid=b66105&_nc_ht=video.fblr20-1.fna.fbcdn.net&_nc_ohc=UzMqH2srZ4kQ7kNvwEutYRy&efg=eyJ2ZW5jb2RlX3RhZyI6Inhwdl9wcm9ncmVzc2l2ZS5WSV9VU0VDQVNFX1BST0RVQ1RfVFlQRS4uQzMuNzIwLmRhc2hfaDI2NC1iYXNpYy1nZW4yXzcyMHAiLCJ4cHZfYXNzZXRfaWQiOjEzNzc2NjM5MTQxODMyOTUsImFzc2V0X2FnZV9kYXlzIjoyMywidmlfdXNlY2FzZV9pZCI6MTAxMzksImR1cmF0aW9uX3MiOjY2LCJ1cmxnZW5fc291cmNlIjoid3d3In0%3D&ccb=17-1&vs=cd572488ce5eba04&_nc_vs=HBksFQIYRWZiX2VwaGVtZXJhbC8xNjQ0QjZBM0ZGQzAwMDY4MTg1M0VEMDMzNDNEODk4QV9tdF8xX3ZpZGVvX2Rhc2hpbml0Lm1wNBUAAsgBEgAVAhhAZmJfcGVybWFuZW50L0ZGNEZCQjQ5OUY3NEI5MjgwODg0NDcxOTFBRjAwN0JCX2F1ZGlvX2Rhc2hpbml0Lm1wNBUCAsgBEgAoABgAGwKIB3VzZV9vaWwBMRJwcm9ncmVzc2l2ZV9yZWNpcGUBMRUAACb-qcyDzL7yBBUCKAJDMywXQFCTMzMzMzMYGWRhc2hfaDI2NC1iYXNpYy1nZW4yXzcyMHARAHUAZbaeAQA&_nc_gid=UKoZiEjm5k0XaAve6RwX3g&_nc_ss=7f289&_nc_zt=28&oh=00_AQAFX6xLFDKLkE_MKZPgoXdUSMDRXsdI4uv0n5xL46pH5g&oe=6A57DC0E,https://scontent.fblr20-4.fna.fbcdn.net/v/t39.35426-6/724818265_1486223253301122_7800622255572036753_n.jpg?_nc_cat=101&ccb=1-7&_nc_sid=c53f8f&_nc_ohc=gSZotG53WqsQ7kNvwGRKb3v&_nc_oc=Ado4-qgAfNPUNAv0RgEdcYNOa88LwR7855HFOsDeXNdJtiq1vuVFp4XKL6XX_F0l1jjlk6lcz08myS9F8tCaDMiI&_nc_zt=14&_nc_ht=scontent.fblr20-4.fna&_nc_gid=UKoZiEjm5k0XaAve6RwX3g&_nc_ss=7f289&oh=00_AQCmhNKDXOJD0SlyO95sPigrD6S9eTuBhvGepis1AYZ99A&oe=6A57F26A,2026-07-15T19:14:22.000Z,2026-07-11,https://pub-893b4a6a607b4221a894bf861da7914e.r2.dev/1031747116205172.mp4
76,71,Lingo AI,599204246602758,Lingo AI,,IN,1220089980142236,https://www.facebook.com/ads/library/?id=1220089980142236,2026-06-16,,false,false,1,0,,2026-06-16,,"🚀 Master French Faster, Just 5 Minutes a Day!
🥳 Join Learners Who Found a Fun Way to Master a Language!
✨ Our mission is to unlock your French.",✨Try it now~,Install now,http://itunes.apple.com/app/id6740255326,"Facebook,Instagram,Audience Network,Messenger","🚀 Master French Faster, Just 5 Minutes a Day!
🥳 Join Learners Who Found a Fun Way to Master a Language!
✨ Our mission is to unlock your French.",✨Try it now~,Install now,http://itunes.apple.com/app/id6740255326,Video,"Facebook,Instagram,Audience Network,Messenger",1,0,9:16,https://video.fblr20-3.fna.fbcdn.net/o1/v/t2/f2/m366/AQMr1n4bZbgOEhbcjOOw4IUq9xTtI22n6lXIEQYtPiFxB4WTWCokpz6J92807eOCXJi_UF3F0niDHuuIkeqww7Y9m9Q1U1RXBntLib_-8b5rDw.mp4?_nc_cat=105&_nc_oc=Adrh6YeHMg8Ly9c6D0MxYyeNgDwJp6SZhOrBBul7Mqt2-BI8QIto_yAIOpZTPG_KSXr0yMuBAmJX2VcS2R5MWaA8&_nc_sid=b66105&_nc_ht=video.fblr20-3.fna.fbcdn.net&_nc_ohc=oq36k358OwYQ7kNvwGKtsWa&efg=eyJ2ZW5jb2RlX3RhZyI6Inhwdl9wcm9ncmVzc2l2ZS5WSV9VU0VDQVNFX1BST0RVQ1RfVFlQRS4uQzMuNzIwLmRhc2hfaDI2NC1iYXNpYy1nZW4yXzcyMHAiLCJ4cHZfYXNzZXRfaWQiOjE0OTUwMjQ0ODE4MzY4MDEsImFzc2V0X2FnZV9kYXlzIjoyMywidmlfdXNlY2FzZV9pZCI6MTAxMzksImR1cmF0aW9uX3MiOjI0LCJ1cmxnZW5fc291cmNlIjoid3d3In0%3D&ccb=17-1&vs=d7d3618b327f4b37&_nc_vs=HBksFQIYRWZiX2VwaGVtZXJhbC85MTRFMzI5MUU2MkY1MDFGQjkxNUE1MTU4MjA2NTI4NF9tdF8xX3ZpZGVvX2Rhc2hpbml0Lm1wNBUAAsgBEgAVAhhAZmJfcGVybWFuZW50L0UzNEUzMkMyQ0RENEQxNjQyOTk4NjA0MTIyNTg2OTg0X2F1ZGlvX2Rhc2hpbml0Lm1wNBUCAsgBEgAoABgAGwKIB3VzZV9vaWwBMRJwcm9ncmVzc2l2ZV9yZWNpcGUBMRUAACaC_Nyy8O2nBRUCKAJDMywXQDjdsi0OVgQYGWRhc2hfaDI2NC1iYXNpYy1nZW4yXzcyMHARAHUAZbaeAQA&_nc_gid=UKoZiEjm5k0XaAve6RwX3g&_nc_ss=7f289&_nc_zt=28&oh=00_AQCMi-2PDSoO6LYIqw2hwAr2_f2BwPwgIXSh5bjczPYi1w&oe=6A57F0AF,https://scontent.fblr20-4.fna.fbcdn.net/v/t39.35426-6/725622169_1340450647557597_3199020101534581954_n.jpg?_nc_cat=106&ccb=1-7&_nc_sid=c53f8f&_nc_ohc=_wSx1ZxpuP4Q7kNvwGpgfte&_nc_oc=AdqbW2RE0tbzGwg2tRUH7zgT_GtY60E1gXlU0fe-JJt9TXIm3J29nvBP4TRVVHtHS9DJDyVeGI-FRBYn7gS-N9Hu&_nc_zt=14&_nc_ht=scontent.fblr20-4.fna&_nc_gid=UKoZiEjm5k0XaAve6RwX3g&_nc_ss=7f289&oh=00_AQCQ3ARpHnzyrMgflRJCpDAZFLI0az23rXc1Zk-pb6dwvQ&oe=6A57E4BC,2026-07-15T20:42:23.000Z,2026-07-11,https://pub-893b4a6a607b4221a894bf861da7914e.r2.dev/1220089980142236.mp4
77,72,Lingo AI,599204246602758,Lingo AI,,IN,4563175387238880,https://www.facebook.com/ads/library/?id=4563175387238880,2026-07-07,,false,false,1,0,,2026-07-07,,"😊The best place to learn French language
💼 Boost your French skills in just 5 minutes a day! 
📚The efficient path to fluency.",✨Try it now~,Install now,http://itunes.apple.com/app/id6740255326,"Facebook,Instagram,Audience Network,Messenger,Threads","😊The best place to learn French language
💼 Boost your French skills in just 5 minutes a day! 
📚The efficient path to fluency.",✨Try it now~,Install now,http://itunes.apple.com/app/id6740255326,Video,"Facebook,Instagram,Audience Network,Messenger,Threads",1,0,9:16,https://video.fblr20-3.fna.fbcdn.net/o1/v/t2/f2/m366/AQOqFqRKk4SW9cVJmyHIy2s_Qk6ZCJSwQxDwRaV4TLY_o8Rj1LUSojFhNHgjyvuHeaNckCDGwW9zCQFEmR-mvafeSY969GcFhrAbPB_g4Rq4xg.mp4?_nc_cat=105&_nc_oc=Adr4ZNJK5-94v127Ulmapzx-fgzzLCO5GK6Oq8iFZ9NBZG5ajJ4t6vYZussgWob3lNK7aZVyc-DnDxxbljIPr9Vn&_nc_sid=b66105&_nc_ht=video.fblr20-3.fna.fbcdn.net&_nc_ohc=VQQTQwDhFLsQ7kNvwGA8Xql&efg=eyJ2ZW5jb2RlX3RhZyI6Inhwdl9wcm9ncmVzc2l2ZS5WSV9VU0VDQVNFX1BST0RVQ1RfVFlQRS4uQzMuNjA4LmRhc2hfaDI2NC1iYXNpYy1nZW4yXzcyMHAiLCJ4cHZfYXNzZXRfaWQiOjkzNzE3OTEyMjc1MjQ3MywiYXNzZXRfYWdlX2RheXMiOjMsInZpX3VzZWNhc2VfaWQiOjEwMTM5LCJkdXJhdGlvbl9zIjozNCwidXJsZ2VuX3NvdXJjZSI6Ind3dyJ9&ccb=17-1&vs=6f0255e0bc675801&_nc_vs=HBksFQIYRWZiX2VwaGVtZXJhbC9CNzRFMEM0ODExMkEzQUYxRDJGMjYzQUE4NTE4RDY4NV9tdF8xX3ZpZGVvX2Rhc2hpbml0Lm1wNBUAAsgBEgAVAhhAZmJfcGVybWFuZW50L0JFNEU3QzQzRDVFNjEzM0IxQzY1OUMyQTc3NDdCRkE0X2F1ZGlvX2Rhc2hpbml0Lm1wNBUCAsgBEgAoABgAGwKIB3VzZV9vaWwBMRJwcm9ncmVzc2l2ZV9yZWNpcGUBMRUAACay757LgJeqAxUCKAJDMywXQEEu2RaHKwIYGWRhc2hfaDI2NC1iYXNpYy1nZW4yXzcyMHARAHUAZbaeAQA&_nc_gid=UKoZiEjm5k0XaAve6RwX3g&_nc_ss=7f289&_nc_zt=28&oh=00_AQAkqZnQ_s1B1gKzy08H11qvj6ZfR0B8ANum5UCT4Gyl1A&oe=6A57CD1F,https://scontent.fblr20-4.fna.fbcdn.net/v/t39.35426-6/742876653_28193948423540960_8487205345916437785_n.jpg?_nc_cat=101&ccb=1-7&_nc_sid=c53f8f&_nc_ohc=5DWXaT25J54Q7kNvwEA1vmE&_nc_oc=Adou18aSDdrLzEBD6PFDgWvbJ8gpbcNaXXD6JutKceLMi4hu-dZF3pKcMhZFtLIKyp-dlAzkPZua8YKrt6x15Ldb&_nc_zt=14&_nc_ht=scontent.fblr20-4.fna&_nc_gid=UKoZiEjm5k0XaAve6RwX3g&_nc_ss=7f289&oh=00_AQDjAou48u9sjhlyGH2ceWjPcrCVUARlvKqnWXWmxUDrvg&oe=6A57DBA1,2026-07-15T18:10:39.000Z,2026-07-11,https://pub-893b4a6a607b4221a894bf861da7914e.r2.dev/4563175387238880.mp4
78,73,Lingo AI,599204246602758,Lingo AI,,IN,3340516169466059,https://www.facebook.com/ads/library/?id=3340516169466059,2026-06-17,,false,false,1,0,,2026-06-17,,"📘 Learn English easily with simple lessons 
😊 Build confidence with everyday speaking practice 
👉 Download now",👉 Download now,Download,https://speaklearnfrenchlingoai.onelink.me/Y67n?pid=metaweb_int&c={{campaign.name}}&af_c_id={{campaign.id}}&af_adset={{adset.name}}&af_adset_id={{adset.id}}&af_ad={{ad.name}}&af_ad_id={{ad.id}}&af_siteid={{site_source_name}},"Facebook,Instagram,Audience Network,Messenger,Threads","📘 Learn English easily with simple lessons 
😊 Build confidence with everyday speaking practice 
👉 Download now",👉 Download now,Download,https://speaklearnfrenchlingoai.onelink.me/Y67n?pid=metaweb_int&c={{campaign.name}}&af_c_id={{campaign.id}}&af_adset={{adset.name}}&af_adset_id={{adset.id}}&af_ad={{ad.name}}&af_ad_id={{ad.id}}&af_siteid={{site_source_name}},Video,"Facebook,Instagram,Audience Network,Messenger,Threads",1,0,9:16,https://video.fblr20-2.fna.fbcdn.net/o1/v/t2/f2/m366/AQP-i2h6ZKEgMC-yNTx5bE185IgQOonUhMP9x_zkd_GruiZFy67_I_xAOs_UWBuOaEIQF7he6gJGELNeT6AGIwNNkugkVTZANHLaJDoq087l3Q.mp4?_nc_cat=111&_nc_oc=AdqoPLnwtwA5aIT7nhu7kH2I2R93BLIeJwLVwj_OjnzXl5Fj5ABtzG1itHRRRRBgnV41unxn_raGLK0jS2oVcJhf&_nc_sid=b66105&_nc_ht=video.fblr20-2.fna.fbcdn.net&_nc_ohc=pWHqUja0d7IQ7kNvwG0TxHS&efg=eyJ2ZW5jb2RlX3RhZyI6Inhwdl9wcm9ncmVzc2l2ZS5WSV9VU0VDQVNFX1BST0RVQ1RfVFlQRS4uQzMuNjA4LmRhc2hfaDI2NC1iYXNpYy1nZW4yXzcyMHAiLCJ4cHZfYXNzZXRfaWQiOjMxMTgxMzc5MzgzNzQ0MTYsImFzc2V0X2FnZV9kYXlzIjozMiwidmlfdXNlY2FzZV9pZCI6MTAxMzksImR1cmF0aW9uX3MiOjIzLCJ1cmxnZW5fc291cmNlIjoid3d3In0%3D&ccb=17-1&vs=24d47c27658a1efc&_nc_vs=HBksFQIYRWZiX2VwaGVtZXJhbC85RTQ0RDM5MkZCMDMwQkI0ODY3RENGMzdDRUVFMTlCQ19tdF8xX3ZpZGVvX2Rhc2hpbml0Lm1wNBUAAsgBEgAVAhhAZmJfcGVybWFuZW50L0M3NDI0MUM1RDFBMjlEMzY4Q0Q0NzQ2MjVCRDY4QkFEX2F1ZGlvX2Rhc2hpbml0Lm1wNBUCAsgBEgAoABgAGwKIB3VzZV9vaWwBMRJwcm9ncmVzc2l2ZV9yZWNpcGUBMRUAACagvOuCwvuJCxUCKAJDMywXQDfMzMzMzM0YGWRhc2hfaDI2NC1iYXNpYy1nZW4yXzcyMHARAHUAZbaeAQA&_nc_gid=UKoZiEjm5k0XaAve6RwX3g&_nc_ss=7f289&_nc_zt=28&oh=00_AQD40coUC6oI36WJP442kbOppOAZnPNI_ugkwn3h2vC1Mg&oe=6A57EC8D,https://scontent.fblr20-3.fna.fbcdn.net/v/t39.35426-6/724328697_1691651532147021_1653139473566894887_n.jpg?_nc_cat=109&ccb=1-7&_nc_sid=c53f8f&_nc_ohc=YBv0xiyO_V4Q7kNvwHbUTaM&_nc_oc=AdqYmNc5fEXcmPJzwTobQZUYEWc2PUombYJBPIgQDeoMbvXMBdZzJblbdWDeigYBOsUkllBfnlfMyL8Qcjnb6dyk&_nc_zt=14&_nc_ht=scontent.fblr20-3.fna&_nc_gid=UKoZiEjm5k0XaAve6RwX3g&_nc_ss=7f289&oh=00_AQBQEAaHkVbxQDmGRuHRI_qbNjyRSzD0OlFVq74u2JZV9w&oe=6A57D060,2026-07-15T20:24:45.000Z,2026-07-11,https://pub-893b4a6a607b4221a894bf861da7914e.r2.dev/3340516169466059.mp4
79,74,Lingo AI,599204246602758,Lingo AI,,IN,1427717762585898,https://www.facebook.com/ads/library/?id=1427717762585898,2026-06-16,,false,false,1,0,,2026-06-16,,"🚀 Master French Faster, Just 5 Minutes a Day!
🥳 Join Learners Who Found a Fun Way to Master a Language!
✨ Our mission is to unlock your French.",✨Try it now~,Install now,http://itunes.apple.com/app/id6740255326,"Facebook,Instagram,Audience Network,Messenger","🚀 Master French Faster, Just 5 Minutes a Day!
🥳 Join Learners Who Found a Fun Way to Master a Language!
✨ Our mission is to unlock your French.",✨Try it now~,Install now,http://itunes.apple.com/app/id6740255326,Video,"Facebook,Instagram,Audience Network,Messenger",1,0,9:16,https://video.fblr20-3.fna.fbcdn.net/o1/v/t2/f2/m366/AQPTQfoqYrFkchaFN5oTRz9cg2GZl95SO6OdaPOdcrY8oKt7JGZJCvjDwv2G58h5v3pUv5c0vCLacvn2ZfvTOh4nb3tXqVQY3rUwPSlskVb4Bw.mp4?_nc_cat=100&_nc_oc=AdoApzQvnkLnuJeIstr69s5JgiArcL80c55H4JaUBlENl3aZBdbN97DRjAsiXxgekUQr4g3kQ-vZFPMp0XLg-kXx&_nc_sid=b66105&_nc_ht=video.fblr20-3.fna.fbcdn.net&_nc_ohc=5OB3fwSDgtYQ7kNvwGyLhrV&efg=eyJ2ZW5jb2RlX3RhZyI6Inhwdl9wcm9ncmVzc2l2ZS5WSV9VU0VDQVNFX1BST0RVQ1RfVFlQRS4uQzMuNzIwLmRhc2hfaDI2NC1iYXNpYy1nZW4yXzcyMHAiLCJ4cHZfYXNzZXRfaWQiOjEwMjkxNTIxNjMwNjUyMTcsImFzc2V0X2FnZV9kYXlzIjoyMywidmlfdXNlY2FzZV9pZCI6MTAxMzksImR1cmF0aW9uX3MiOjI0LCJ1cmxnZW5fc291cmNlIjoid3d3In0%3D&ccb=17-1&vs=687786221ed9d73e&_nc_vs=HBksFQIYRWZiX2VwaGVtZXJhbC8xQTQwQkQwQTM3Qzk0Rjg1RTlFOENBQTI1NEQ0RTY4OV9tdF8xX3ZpZGVvX2Rhc2hpbml0Lm1wNBUAAsgBEgAVAhhAZmJfcGVybWFuZW50L0ZENEJFMzE2QjA3QTQxOTZEMUYyMTJDODkyNDBENUE4X2F1ZGlvX2Rhc2hpbml0Lm1wNBUCAsgBEgAoABgAGwKIB3VzZV9vaWwBMRJwcm9ncmVzc2l2ZV9yZWNpcGUBMRUAACaCtsuRxYDUAxUCKAJDMywXQDjdsi0OVgQYGWRhc2hfaDI2NC1iYXNpYy1nZW4yXzcyMHARAHUAZbaeAQA&_nc_gid=UKoZiEjm5k0XaAve6RwX3g&_nc_ss=7f289&_nc_zt=28&oh=00_AQCCRIdW-93g04k1x87TVoU-Hadj6pgnfCm4wE4NZ7IjJQ&oe=6A57D574,https://scontent.fblr20-1.fna.fbcdn.net/v/t39.35426-6/724534592_1033303202384561_2627745072864853879_n.jpg?_nc_cat=110&ccb=1-7&_nc_sid=c53f8f&_nc_ohc=jehbEDmAr5cQ7kNvwGOuz-r&_nc_oc=AdpsBCbnTknhrWVgHGRJL4bZ-L67e5X4V5yDFoGEK9nFt3rckF5-EDqBHeyuigLszd_kaTKxb0rOsFhn2yVpT-7a&_nc_zt=14&_nc_ht=scontent.fblr20-1.fna&_nc_gid=UKoZiEjm5k0XaAve6RwX3g&_nc_ss=7f289&oh=00_AQA_AOSY3HHbdmEiCr4qPTSm4S-2ka6zJp2s5QhnokRP4w&oe=6A57D780,2026-07-15T18:46:12.000Z,2026-07-11,https://pub-893b4a6a607b4221a894bf861da7914e.r2.dev/1427717762585898.mp4
80,75,Lingo AI,599204246602758,Lingo AI,,IN,1663926744681954,https://www.facebook.com/ads/library/?id=1663926744681954,2026-06-24,,false,false,1,0,,2026-06-24,,"🌍 Learn real English for everyday life 
🗣 Practice speaking with simple lessons 
⏱ Just 5 minutes a day
👉 Download now",👇 Start now,Download,https://speaklearnfrenchlingoai.onelink.me/Y67n?pid=metaweb_int&c={{campaign.name}}&af_c_id={{campaign.id}}&af_adset={{adset.name}}&af_adset_id={{adset.id}}&af_ad={{ad.name}}&af_ad_id={{ad.id}}&af_siteid={{site_source_name}},"Facebook,Instagram,Audience Network,Messenger,Threads","🌍 Learn real English for everyday life 
🗣 Practice speaking with simple lessons 
⏱ Just 5 minutes a day
👉 Download now",👇 Start now,Download,https://speaklearnfrenchlingoai.onelink.me/Y67n?pid=metaweb_int&c={{campaign.name}}&af_c_id={{campaign.id}}&af_adset={{adset.name}}&af_adset_id={{adset.id}}&af_ad={{ad.name}}&af_ad_id={{ad.id}}&af_siteid={{site_source_name}},Video,"Facebook,Instagram,Audience Network,Messenger,Threads",1,0,9:16,https://video.fblr20-3.fna.fbcdn.net/o1/v/t2/f2/m366/AQN7SLXyffl34MiDjEW5HqCsLlUP7aNY5YP62TDmPUmmCI175IzCshR-pNxyu0UdryzzluKs0c28aB27ZcKNFoOXwVaP-ZIStA92tbHlDlPbjw.mp4?_nc_cat=105&_nc_oc=Adoyt7CmTqK1kEqnQeFLvUSa6e8gDVf-uo1lWJRW0uWYnJO9MynH9XDh4tusczqVmDbF_6PT0Rn86TUzZ_InZ98_&_nc_sid=b66105&_nc_ht=video.fblr20-3.fna.fbcdn.net&_nc_ohc=PqrWHwRp3vsQ7kNvwEWH3N3&efg=eyJ2ZW5jb2RlX3RhZyI6Inhwdl9wcm9ncmVzc2l2ZS5WSV9VU0VDQVNFX1BST0RVQ1RfVFlQRS4uQzMuNzIwLmRhc2hfaDI2NC1iYXNpYy1nZW4yXzcyMHAiLCJ4cHZfYXNzZXRfaWQiOjk4NzE0MDU0NDEzODA4NCwiYXNzZXRfYWdlX2RheXMiOjE2LCJ2aV91c2VjYXNlX2lkIjoxMDEzOSwiZHVyYXRpb25fcyI6MzUsInVybGdlbl9zb3VyY2UiOiJ3d3cifQ%3D%3D&ccb=17-1&vs=15a32f6d197e0e16&_nc_vs=HBksFQIYRWZiX2VwaGVtZXJhbC9CNDQyOTA1NzgyODJGOUI2RTI2NDk2MEFGQTIxQzU5RF9tdF8xX3ZpZGVvX2Rhc2hpbml0Lm1wNBUAAsgBEgAVAhhAZmJfcGVybWFuZW50LzI5NDg2RTlFODgwQTM4NDNDMjlENzdBNEQ5NjA3OUFFX2F1ZGlvX2Rhc2hpbml0Lm1wNBUCAsgBEgAoABgAGwKIB3VzZV9vaWwBMRJwcm9ncmVzc2l2ZV9yZWNpcGUBMRUAACbIrdCXkvPAAxUCKAJDMywXQEGMzMzMzM0YGWRhc2hfaDI2NC1iYXNpYy1nZW4yXzcyMHARAHUAZbaeAQA&_nc_gid=UKoZiEjm5k0XaAve6RwX3g&_nc_ss=7f289&_nc_zt=28&oh=00_AQAQq9yE5HVqnJcEWZXMibLJhxvbVwQB31IJZUeuZXTYVw&oe=6A57FEAB,https://scontent.fblr20-3.fna.fbcdn.net/v/t39.35426-6/731787717_1023479620614515_1915686832150999917_n.jpg?_nc_cat=109&ccb=1-7&_nc_sid=c53f8f&_nc_ohc=PO7t3WYrv2EQ7kNvwGokTAm&_nc_oc=Adrs48tPjxb0BZjmZHsL0LW2_W1kk5vNeLBqMYRMEfvYERVeyqeDm3I3wHFSWWCDkPIQEN8MCMdyln3dOO67Wh0G&_nc_zt=14&_nc_ht=scontent.fblr20-3.fna&_nc_gid=UKoZiEjm5k0XaAve6RwX3g&_nc_ss=7f289&oh=00_AQCXKYsy8Giq4NOu1zzNekMSAU4pt1DMUkiYMQ-8CwBZ_w&oe=6A57DE09,2026-07-15T21:42:03.000Z,2026-07-11,https://pub-893b4a6a607b4221a894bf861da7914e.r2.dev/1663926744681954.mp4
81,76,Lingo AI,599204246602758,Lingo AI,,IN,3302356096615244,https://www.facebook.com/ads/library/?id=3302356096615244,2026-07-07,,false,false,1,0,,2026-07-07,,"🚀 Master English Faster, Just 5 Minutes a Day!
🥳 Join Learners Who Found a Fun Way to Master a Language!
✨ Our mission is to unlock your English.",✨Try it now~,Install now,http://itunes.apple.com/app/id6740255326,"Facebook,Instagram,Audience Network,Messenger,Threads","🚀 Master English Faster, Just 5 Minutes a Day!
🥳 Join Learners Who Found a Fun Way to Master a Language!
✨ Our mission is to unlock your English.",✨Try it now~,Install now,http://itunes.apple.com/app/id6740255326,Video,"Facebook,Instagram,Audience Network,Messenger,Threads",1,0,9:16,https://video.fblr20-4.fna.fbcdn.net/o1/v/t2/f2/m366/AQNqErxOOnu003ov0UbWP8IWewnTzxGOq6P7Xf42llR9QqmqeOD1q0ieFIsoyOTDZV-pj63ezGXHznzGsP34DluesM85TDri_WfcEsZrEhxwNw.mp4?_nc_cat=106&_nc_oc=Adqd8Js5TVbCGZZPo013MdiXKd8MC0kYi7MheoUGIpOAdjgfBOPvY1kV0GKX7QTVJdeOPOHjIy-YTlN_FWVlyX86&_nc_sid=b66105&_nc_ht=video.fblr20-4.fna.fbcdn.net&_nc_ohc=SagHRfLwBbUQ7kNvwE-H1AP&efg=eyJ2ZW5jb2RlX3RhZyI6Inhwdl9wcm9ncmVzc2l2ZS5WSV9VU0VDQVNFX1BST0RVQ1RfVFlQRS4uQzMuNjA4LmRhc2hfaDI2NC1iYXNpYy1nZW4yXzcyMHAiLCJ4cHZfYXNzZXRfaWQiOjEwNDk4MjM2ODc5OTYwNzksImFzc2V0X2FnZV9kYXlzIjoyLCJ2aV91c2VjYXNlX2lkIjoxMDEzOSwiZHVyYXRpb25fcyI6NTUsInVybGdlbl9zb3VyY2UiOiJ3d3cifQ%3D%3D&ccb=17-1&vs=a8ed90a452eef71a&_nc_vs=HBksFQIYRWZiX2VwaGVtZXJhbC9ENTRBODMwNzgzM0MxODM1NTRBRkY1MUM5MDQzQzNBQl9tdF8xX3ZpZGVvX2Rhc2hpbml0Lm1wNBUAAsgBEgAVAhhAZmJfcGVybWFuZW50L0U5NDM4ODBDMzU3MUVBNEJERjZCMzUwREU2MjBGRDg3X2F1ZGlvX2Rhc2hpbml0Lm1wNBUCAsgBEgAoABgAGwKIB3VzZV9vaWwBMRJwcm9ncmVzc2l2ZV9yZWNpcGUBMRUAACbeyv__47PdAxUCKAJDMywXQEvZmZmZmZoYGWRhc2hfaDI2NC1iYXNpYy1nZW4yXzcyMHARAHUAZbaeAQA&_nc_gid=UKoZiEjm5k0XaAve6RwX3g&_nc_ss=7f289&_nc_zt=28&oh=00_AQBOE--PizSbPz7Ppb-W3Yr8hM8Zzx8yl9QhjGeK57DEpg&oe=6A57CC0A,https://scontent.fblr20-4.fna.fbcdn.net/v/t39.35426-6/740712075_1995325381120750_8064166156594965551_n.jpg?_nc_cat=101&ccb=1-7&_nc_sid=c53f8f&_nc_ohc=z7xxldjjcecQ7kNvwFjKeWx&_nc_oc=AdpPar8XBerNGV3WsznP4E_jZndhaEwgm63iidhRYlr0FKRMYx8kCmdbmXznxVvwxofPgX9-JtOspjPzdC8mc4T5&_nc_zt=14&_nc_ht=scontent.fblr20-4.fna&_nc_gid=UKoZiEjm5k0XaAve6RwX3g&_nc_ss=7f289&oh=00_AQCIOlkS7WguCHOhK6MfheB7gDRww3dJx-qcO_a5330KFA&oe=6A57D3AE,2026-07-15T18:06:02.000Z,2026-07-11,https://pub-893b4a6a607b4221a894bf861da7914e.r2.dev/3302356096615244.mp4
82,77,Lingo AI,599204246602758,Lingo AI,,IN,1821063475538897,https://www.facebook.com/ads/library/?id=1821063475538897,2026-06-30,,false,false,1,0,,2026-06-30,,"🌍 Lerne echtes Englisch für den Alltag
🗣 Übe das Sprechen mit einfachen Lektionen
⏱ Nur 5 Minuten pro Tag
👉 Jetzt herunterladen",👉 Jetzt herunterladen,Download,https://speaklearnfrenchlingoai.onelink.me/Y67n?pid=metaweb_int&c={{campaign.name}}&af_c_id={{campaign.id}}&af_adset={{adset.name}}&af_adset_id={{adset.id}}&af_ad={{ad.name}}&af_ad_id={{ad.id}}&af_siteid={{site_source_name}},"Facebook,Instagram,Audience Network,Messenger,Threads","🌍 Lerne echtes Englisch für den Alltag
🗣 Übe das Sprechen mit einfachen Lektionen
⏱ Nur 5 Minuten pro Tag
👉 Jetzt herunterladen",👉 Jetzt herunterladen,Download,https://speaklearnfrenchlingoai.onelink.me/Y67n?pid=metaweb_int&c={{campaign.name}}&af_c_id={{campaign.id}}&af_adset={{adset.name}}&af_adset_id={{adset.id}}&af_ad={{ad.name}}&af_ad_id={{ad.id}}&af_siteid={{site_source_name}},Video,"Facebook,Instagram,Audience Network,Messenger,Threads",1,0,9:16,https://video.fblr20-3.fna.fbcdn.net/o1/v/t2/f2/m366/AQMkCTMSN8PXVGr-bmeadG7_IBGa5XRtL9kiNeri5L7jcALTOm6mf1X_O6JEXuacEgP7zhWpwJizZCjlqv_wZapnyEylVLq1Dlk90APWd7-Nww.mp4?_nc_cat=100&_nc_oc=AdqBJT5AuJlrBktse1LGj4CFf7bu-qnTQiRo0G61yEcg94yJ73m_EXQX9UQ2dmotfeiIF4YChupBSIyqJz4K3nte&_nc_sid=b66105&_nc_ht=video.fblr20-3.fna.fbcdn.net&_nc_ohc=gHhh4G3mEMQQ7kNvwE8FINb&efg=eyJ2ZW5jb2RlX3RhZyI6Inhwdl9wcm9ncmVzc2l2ZS5WSV9VU0VDQVNFX1BST0RVQ1RfVFlQRS4uQzMuNjA4LmRhc2hfaDI2NC1iYXNpYy1nZW4yXzcyMHAiLCJ4cHZfYXNzZXRfaWQiOjE3NzQ2Mjk3MDcyNDM3MDQsImFzc2V0X2FnZV9kYXlzIjoxMCwidmlfdXNlY2FzZV9pZCI6MTAxMzksImR1cmF0aW9uX3MiOjI3LCJ1cmxnZW5fc291cmNlIjoid3d3In0%3D&ccb=17-1&vs=a414dd734df259bd&_nc_vs=HBksFQIYRWZiX2VwaGVtZXJhbC8yQzQ4NkM4OUNERjQ1MjNGMzc2MzdCRkMxNDkwMUFCMV9tdF8xX3ZpZGVvX2Rhc2hpbml0Lm1wNBUAAsgBEgAVAhhAZmJfcGVybWFuZW50LzhFNDQzRkREOTAyMjlCQ0QzMzA4NzA2REVFMjFEQzk1X2F1ZGlvX2Rhc2hpbml0Lm1wNBUCAsgBEgAoABgAGwKIB3VzZV9vaWwBMRJwcm9ncmVzc2l2ZV9yZWNpcGUBMRUAACbwgvfUhYGnBhUCKAJDMywXQDtu2RaHKwIYGWRhc2hfaDI2NC1iYXNpYy1nZW4yXzcyMHARAHUAZbaeAQA&_nc_gid=zihoe7VpOGeNOMSp8jIX2A&_nc_ss=7f289&_nc_zt=28&oh=00_AQArrazAIQNaGO5MvcXz0nGMxP4a1BZjJoiw205wqFO21g&oe=6A57D2A0,https://scontent.fblr20-4.fna.fbcdn.net/v/t39.35426-6/734932301_896217100188292_146861111438981126_n.jpg?_nc_cat=101&ccb=1-7&_nc_sid=c53f8f&_nc_ohc=vUcTbLlF8FQQ7kNvwF-itI0&_nc_oc=AdopF4ytnRPwsCX44dc9jC3msTqOnk15mouiHVATT9NwBu8_BabHYTH5Xte3cf62hCANcM-Y4Lr6UQFEIUbw2WGE&_nc_zt=14&_nc_ht=scontent.fblr20-4.fna&_nc_gid=zihoe7VpOGeNOMSp8jIX2A&_nc_ss=7f289&oh=00_AQCmtR99KWTHgW-jWjhGzLHO1_HVfzm7L6QlUP8a_8lm4w&oe=6A57D4FE,2026-07-15T18:34:08.000Z,2026-07-11,https://pub-893b4a6a607b4221a894bf861da7914e.r2.dev/1821063475538897.mp4
83,78,Lingo AI,599204246602758,Lingo AI,,IN,1035971962252837,https://www.facebook.com/ads/library/?id=1035971962252837,2026-07-01,,false,true,2,0,1035971962252837,2026-07-01,,"🌟 Want to improve your English?
📱 Learn anytime in just minutes a day
💬 Build real speaking confidence",👉 Download now,Install now,http://itunes.apple.com/app/id6740255326,"Facebook,Instagram,Audience Network,Messenger,Threads","🌟 Want to improve your English?
📱 Learn anytime in just minutes a day
💬 Build real speaking confidence",👉 Download now,Install now,http://itunes.apple.com/app/id6740255326,Video,"Facebook,Instagram,Audience Network,Messenger,Threads",1,0,9:16,https://video.fblr20-5.fna.fbcdn.net/o1/v/t2/f2/m366/AQPOoKTkcp5rR_f0BtgeOfUKbP26Bx6SLYreBMTHGrLCVSgV2qZOFXeyTWGMCyVene2VyR-aR1iTqmGn2WROICOh7_FiamcL8mY140wOwoRrEA.mp4?_nc_cat=107&_nc_oc=Adq5j6VFWNuACsUrIAcpgKi730y8Ctz3ciOw3rPfc_uOLaVbc6ZslgSiHKaRaqwNGqPs1_4qjWUp1Qgz1hxN740_&_nc_sid=b66105&_nc_ht=video.fblr20-5.fna.fbcdn.net&_nc_ohc=6d5-0BxlHDcQ7kNvwE-1B6u&efg=eyJ2ZW5jb2RlX3RhZyI6Inhwdl9wcm9ncmVzc2l2ZS5WSV9VU0VDQVNFX1BST0RVQ1RfVFlQRS4uQzMuNjA4LmRhc2hfaDI2NC1iYXNpYy1nZW4yXzcyMHAiLCJ4cHZfYXNzZXRfaWQiOjE1ODEzMTM1MTk2MzUyNTMsImFzc2V0X2FnZV9kYXlzIjo3NiwidmlfdXNlY2FzZV9pZCI6MTAxMzksImR1cmF0aW9uX3MiOjM4LCJ1cmxnZW5fc291cmNlIjoid3d3In0%3D&ccb=17-1&vs=5c6e00b5d6bace4d&_nc_vs=HBksFQIYRWZiX2VwaGVtZXJhbC9COTQ2NERDNDk3NjE5MkI3MjQyMDk4MjNBOTg5OUFBNl9tdF8xX3ZpZGVvX2Rhc2hpbml0Lm1wNBUAAsgBEgAVAhhAZmJfcGVybWFuZW50LzEyNDgzQzlENjU5M0U3OUNBRDAzNjE1NDk1RTQ3NjhBX2F1ZGlvX2Rhc2hpbml0Lm1wNBUCAsgBEgAoABgAGwKIB3VzZV9vaWwBMRJwcm9ncmVzc2l2ZV9yZWNpcGUBMRUAACbqrO7px4zPBRUCKAJDMywXQENEOVgQYk4YGWRhc2hfaDI2NC1iYXNpYy1nZW4yXzcyMHARAHUAZbaeAQA&_nc_gid=zihoe7VpOGeNOMSp8jIX2A&_nc_ss=7f289&_nc_zt=28&oh=00_AQBrPGoTfgIlx-zpe5rQx3FXYm7ulqQVS8sz9pBCa4A9pA&oe=6A57DB35,https://scontent.fblr20-4.fna.fbcdn.net/v/t39.35426-6/736142212_1347740867423793_4500927835504004522_n.jpg?_nc_cat=106&ccb=1-7&_nc_sid=c53f8f&_nc_ohc=7qYShxSaNtkQ7kNvwGb56Oi&_nc_oc=AdqcvZ7i0iiOBlr2P5XsIwR4Xfr-5P054oFEGNBZaaiIS_z-1GBC1d__JxaMQNxD1KojB75lRXFuaXHDjk3AUaXf&_nc_zt=14&_nc_ht=scontent.fblr20-4.fna&_nc_gid=zihoe7VpOGeNOMSp8jIX2A&_nc_ss=7f289&oh=00_AQAcgfK_Osmo7fIHug0jLZvBMIPqVHr4gGZM2DCMtQr0Qw&oe=6A57F695,2026-07-15T19:10:45.000Z,2026-07-11,https://pub-893b4a6a607b4221a894bf861da7914e.r2.dev/1035971962252837.mp4
84,78,Lingo AI,599204246602758,Lingo AI,,IN,1035971962252837,https://www.facebook.com/ads/library/?id=1035971962252837,2026-07-01,,false,true,2,1,1396302608983038,2026-07-08,,"🌟 Want to improve your English?
📱 Learn anytime in just minutes a day
💬 Build real speaking confidence",👉 Download now,Install now,http://itunes.apple.com/app/id6740255326,"Facebook,Instagram,Audience Network,Messenger,Threads","🌟 Want to improve your English?
📱 Learn anytime in just minutes a day
💬 Build real speaking confidence",👉 Download now,Install now,http://itunes.apple.com/app/id6740255326,Video,"Facebook,Instagram,Audience Network,Messenger,Threads",1,0,9:16,https://video.fblr20-5.fna.fbcdn.net/o1/v/t2/f2/m366/AQPOoKTkcp5rR_f0BtgeOfUKbP26Bx6SLYreBMTHGrLCVSgV2qZOFXeyTWGMCyVene2VyR-aR1iTqmGn2WROICOh7_FiamcL8mY140wOwoRrEA.mp4?_nc_cat=107&_nc_oc=Adq5j6VFWNuACsUrIAcpgKi730y8Ctz3ciOw3rPfc_uOLaVbc6ZslgSiHKaRaqwNGqPs1_4qjWUp1Qgz1hxN740_&_nc_sid=b66105&_nc_ht=video.fblr20-5.fna.fbcdn.net&_nc_ohc=6d5-0BxlHDcQ7kNvwE-1B6u&efg=eyJ2ZW5jb2RlX3RhZyI6Inhwdl9wcm9ncmVzc2l2ZS5WSV9VU0VDQVNFX1BST0RVQ1RfVFlQRS4uQzMuNjA4LmRhc2hfaDI2NC1iYXNpYy1nZW4yXzcyMHAiLCJ4cHZfYXNzZXRfaWQiOjE1ODEzMTM1MTk2MzUyNTMsImFzc2V0X2FnZV9kYXlzIjo3NiwidmlfdXNlY2FzZV9pZCI6MTAxMzksImR1cmF0aW9uX3MiOjM4LCJ1cmxnZW5fc291cmNlIjoid3d3In0%3D&ccb=17-1&vs=5c6e00b5d6bace4d&_nc_vs=HBksFQIYRWZiX2VwaGVtZXJhbC9COTQ2NERDNDk3NjE5MkI3MjQyMDk4MjNBOTg5OUFBNl9tdF8xX3ZpZGVvX2Rhc2hpbml0Lm1wNBUAAsgBEgAVAhhAZmJfcGVybWFuZW50LzEyNDgzQzlENjU5M0U3OUNBRDAzNjE1NDk1RTQ3NjhBX2F1ZGlvX2Rhc2hpbml0Lm1wNBUCAsgBEgAoABgAGwKIB3VzZV9vaWwBMRJwcm9ncmVzc2l2ZV9yZWNpcGUBMRUAACbqrO7px4zPBRUCKAJDMywXQENEOVgQYk4YGWRhc2hfaDI2NC1iYXNpYy1nZW4yXzcyMHARAHUAZbaeAQA&_nc_gid=r9IY2rRYNuqoOp_xspCvmw&_nc_ss=7f289&_nc_zt=28&oh=00_AQDwlLuyRxDhxS1_zCMlCZ1wwOG086sqfvUNBMZoR9H_2A&oe=6A57DB35,https://scontent.fblr20-3.fna.fbcdn.net/v/t39.35426-6/742480356_1509082266965193_3313721749879420854_n.jpg?_nc_cat=109&ccb=1-7&_nc_sid=c53f8f&_nc_ohc=GeyZPkPcuEoQ7kNvwF4lqUa&_nc_oc=AdoePbEg3Jb3Ocmi3HMkWngAJdakHJsyATUuIdVbCbk1U6BK7m8XJooxNUPhsKNRwBRrc6ct65nMrTulbJ2Nwq3T&_nc_zt=14&_nc_ht=scontent.fblr20-3.fna&_nc_gid=r9IY2rRYNuqoOp_xspCvmw&_nc_ss=7f289&oh=00_AQAERFkfhT7i_4foc4XlQYyQR0H7sSU6fECpT0OOTQcsYQ&oe=6A57DF5F,2026-07-15T19:10:45.000Z,2026-07-11,
85,79,Lingo AI,599204246602758,Lingo AI,,IN,1196805302586861,https://www.facebook.com/ads/library/?id=1196805302586861,2026-07-01,,false,false,1,0,,2026-07-01,,"🌟 Want to improve your English? 
📱 Learn anytime in just minutes a day 
💬 Build real speaking confidence
👉 Download now",👉 Download now,Download,http://itunes.apple.com/app/id6740255326,"Facebook,Instagram,Audience Network,Messenger,Threads","🌟 Want to improve your English? 
📱 Learn anytime in just minutes a day 
💬 Build real speaking confidence
👉 Download now",👉 Download now,Download,http://itunes.apple.com/app/id6740255326,Video,"Facebook,Instagram,Audience Network,Messenger,Threads",1,0,9:16,https://video.fblr20-4.fna.fbcdn.net/o1/v/t2/f2/m366/AQOSGBUXiyHD-vg0LPEbit62PbuDbmF8XMHzFJ1vWXt5AyLMOKmK971cZ1_qUnTvO9ZhnKb5ZEnt-9zFb1xuMNjKzhmWDUzRtn8cQpxYZY6Lqg.mp4?_nc_cat=103&_nc_oc=Adq_ovd7Gx6ekWJqgQxfzN7fvaSUFo2TPUS48paCF4owndZlPqtnTXWexI80P67NQJKfn_NDdfxlQUeUAzTjWdEY&_nc_sid=b66105&_nc_ht=video.fblr20-4.fna.fbcdn.net&_nc_ohc=jPscLJ3tZ5IQ7kNvwGjVtN2&efg=eyJ2ZW5jb2RlX3RhZyI6Inhwdl9wcm9ncmVzc2l2ZS5WSV9VU0VDQVNFX1BST0RVQ1RfVFlQRS4uQzMuNjA4LmRhc2hfaDI2NC1iYXNpYy1nZW4yXzcyMHAiLCJ4cHZfYXNzZXRfaWQiOjEwNTM4Mzg1NDAzMTM1MTcsImFzc2V0X2FnZV9kYXlzIjo4LCJ2aV91c2VjYXNlX2lkIjoxMDEzOSwiZHVyYXRpb25fcyI6NDMsInVybGdlbl9zb3VyY2UiOiJ3d3cifQ%3D%3D&ccb=17-1&vs=5659ef7ebe96cd16&_nc_vs=HBksFQIYRWZiX2VwaGVtZXJhbC85NjREMjhFQzdCMEVEOEJBQThGN0QwQjdFNzI4NzBBNl9tdF8xX3ZpZGVvX2Rhc2hpbml0Lm1wNBUAAsgBEgAVAhhAZmJfcGVybWFuZW50LzBBNDZGMEFCRjkwNTY1RDFGM0QxOUREOTMwN0EyMzlCX2F1ZGlvX2Rhc2hpbml0Lm1wNBUCAsgBEgAoABgAGwKIB3VzZV9vaWwBMRJwcm9ncmVzc2l2ZV9yZWNpcGUBMRUAACbazsT9vJ3fAxUCKAJDMywXQEXqn752yLQYGWRhc2hfaDI2NC1iYXNpYy1nZW4yXzcyMHARAHUAZbaeAQA&_nc_gid=zihoe7VpOGeNOMSp8jIX2A&_nc_ss=7f289&_nc_zt=28&oh=00_AQAom7J6zdCok4GTQlzAQysgnKehOB54EQ-N9qBAYez06Q&oe=6A57DCE1,https://scontent.fblr20-2.fna.fbcdn.net/v/t39.35426-6/737979049_1582543600168400_3633908163754120948_n.jpg?_nc_cat=104&ccb=1-7&_nc_sid=c53f8f&_nc_ohc=hcZ7ZSHzxhYQ7kNvwFN9pL-&_nc_oc=AdpzDPBp1bnAK-gXLtOg8vCaDl3kMxrM8qPHXiUc-SW-FbKZ1sVaIWLbLt7YwzngWA_QE3zbDhv-xHUx3GZ3q3CV&_nc_zt=14&_nc_ht=scontent.fblr20-2.fna&_nc_gid=zihoe7VpOGeNOMSp8jIX2A&_nc_ss=7f289&oh=00_AQB1vaV4UnMJK1YgKMArxUlI4FDhq1YQIfT4HqHevlmiVg&oe=6A57D476,2026-07-15T19:17:53.000Z,2026-07-11,https://pub-893b4a6a607b4221a894bf861da7914e.r2.dev/1196805302586861.mp4
86,80,Lingo AI,599204246602758,Lingo AI,,IN,2823538731356920,https://www.facebook.com/ads/library/?id=2823538731356920,2026-07-07,,false,false,1,0,,2026-07-07,,"🚀 Master English Faster, Just 5 Minutes a Day!
🥳 Join Learners Who Found a Fun Way to Master a Language!
✨ Our mission is to unlock your English.",✨Try it now~,Install now,http://itunes.apple.com/app/id6740255326,"Facebook,Instagram,Audience Network,Messenger,Threads","🚀 Master English Faster, Just 5 Minutes a Day!
🥳 Join Learners Who Found a Fun Way to Master a Language!
✨ Our mission is to unlock your English.",✨Try it now~,Install now,http://itunes.apple.com/app/id6740255326,Video,"Facebook,Instagram,Audience Network,Messenger,Threads",1,0,9:16,https://video.fblr20-1.fna.fbcdn.net/o1/v/t2/f2/m366/AQMwy7Z2LlNuI_frSWS7XDEGCTP7I_njo95VukYwHinVDy0wf9RSYmjudcv6YKOxqkaZ7qf4MqTgUx_1-SPGp2BguNDdhAx7f0QLV_7EO8m61w.mp4?_nc_cat=110&_nc_oc=Adqkm_hGInSW8VQKx8U1GYIHWOeH2i-GKs-aM7Hqwqpzhm7yDAwWw0_epDqfrGOHi4d1vqDeJKkSx8XHMVMx0B2R&_nc_sid=b66105&_nc_ht=video.fblr20-1.fna.fbcdn.net&_nc_ohc=GyCTQubPjgMQ7kNvwF1Aq54&efg=eyJ2ZW5jb2RlX3RhZyI6Inhwdl9wcm9ncmVzc2l2ZS5WSV9VU0VDQVNFX1BST0RVQ1RfVFlQRS4uQzMuNjA4LmRhc2hfaDI2NC1iYXNpYy1nZW4yXzcyMHAiLCJ4cHZfYXNzZXRfaWQiOjIxNzUwMjU1NDAwMDkyOTYsImFzc2V0X2FnZV9kYXlzIjoyLCJ2aV91c2VjYXNlX2lkIjoxMDEzOSwiZHVyYXRpb25fcyI6MTksInVybGdlbl9zb3VyY2UiOiJ3d3cifQ%3D%3D&ccb=17-1&vs=ffe825b3745d42d6&_nc_vs=HBksFQIYRWZiX2VwaGVtZXJhbC9BRDRGODcxMTA1MkQ0Nzc3REVEQ0I0QjQ2RjYwMUFCNl9tdF8xX3ZpZGVvX2Rhc2hpbml0Lm1wNBUAAsgBEgAVAhhAZmJfcGVybWFuZW50L0Y0NDQyNDMzRDREMUM5NEQwQTYzNDIyMUVEMEY2NkIzX2F1ZGlvX2Rhc2hpbml0Lm1wNBUCAsgBEgAoABgAGwKIB3VzZV9vaWwBMRJwcm9ncmVzc2l2ZV9yZWNpcGUBMRUAACagtYSLk4vdBxUCKAJDMywXQDOIcrAgxJwYGWRhc2hfaDI2NC1iYXNpYy1nZW4yXzcyMHARAHUAZbaeAQA&_nc_gid=zihoe7VpOGeNOMSp8jIX2A&_nc_ss=7f289&_nc_zt=28&oh=00_AQCdgwGprnMBo28yreu8X1MPMxS8QdVbC96N6XopyJ-z4w&oe=6A57D29A,https://scontent.fblr20-2.fna.fbcdn.net/v/t39.35426-6/739809273_1048101871019744_4662595004063284767_n.jpg?_nc_cat=102&ccb=1-7&_nc_sid=c53f8f&_nc_ohc=xL1ZOX0y328Q7kNvwEnSw8C&_nc_oc=AdpueY_mkoyWBuiHMP8R4EYio1Gn4aWPcy8oeWtLIJVwwSVH_hQghHL9jM0_WbAxdKjUZuUaUR42YXEfspulwAZV&_nc_zt=14&_nc_ht=scontent.fblr20-2.fna&_nc_gid=zihoe7VpOGeNOMSp8jIX2A&_nc_ss=7f289&oh=00_AQCoH7y34VvshgZUGw4XWq8_HXMfi70kLl5d8AgXbX1dAw&oe=6A57C995,2026-07-15T18:34:02.000Z,2026-07-11,https://pub-893b4a6a607b4221a894bf861da7914e.r2.dev/2823538731356920.mp4
87,81,Lingo AI,599204246602758,Lingo AI,,IN,27452618647721236,https://www.facebook.com/ads/library/?id=27452618647721236,2026-07-05,,false,false,1,0,,2026-07-05,,"😊The best place to learn French language
💼 Boost your French skills in just 5 minutes a day! 
📚The efficient path to fluency.",✨Try it now~,Install now,http://itunes.apple.com/app/id6740255326,"Facebook,Instagram,Audience Network,Messenger,Threads","😊The best place to learn French language
💼 Boost your French skills in just 5 minutes a day! 
📚The efficient path to fluency.",✨Try it now~,Install now,http://itunes.apple.com/app/id6740255326,Video,"Facebook,Instagram,Audience Network,Messenger,Threads",1,0,9:16,https://video.fblr20-1.fna.fbcdn.net/o1/v/t2/f2/m366/AQPI02tHNnyCx_cLo2-JPkM7Tk7-gX5P5mudX5rgyTDH9AUdPMclnvvi2TE4rt-PuOm9HMUtDt7RPCPprUaRAJmIZwOOOxTSJ9oLM0174Q1y_A.mp4?_nc_cat=108&_nc_oc=AdpYf_NR1__ny0dj7_wwVDvBpYGyRnPprLuoA282uggh137paurFADIUYfzO-H0V3qKR6y5PST9VGur9amPdydMB&_nc_sid=b66105&_nc_ht=video.fblr20-1.fna.fbcdn.net&_nc_ohc=PMD6yD2PVBQQ7kNvwGH7VrC&efg=eyJ2ZW5jb2RlX3RhZyI6Inhwdl9wcm9ncmVzc2l2ZS5WSV9VU0VDQVNFX1BST0RVQ1RfVFlQRS4uQzMuNzIwLmRhc2hfaDI2NC1iYXNpYy1nZW4yXzcyMHAiLCJ4cHZfYXNzZXRfaWQiOjIyNDg0MzgyNDI1OTM5NzksImFzc2V0X2FnZV9kYXlzIjo1LCJ2aV91c2VjYXNlX2lkIjoxMDEzOSwiZHVyYXRpb25fcyI6NDAsInVybGdlbl9zb3VyY2UiOiJ3d3cifQ%3D%3D&ccb=17-1&vs=5742c8b6f1dcbedc&_nc_vs=HBksFQIYRWZiX2VwaGVtZXJhbC8xQTRENUFGOUM3MDlDMjQ1MTFBQjc4QjhCRDhFNDNBMl9tdF8xX3ZpZGVvX2Rhc2hpbml0Lm1wNBUAAsgBEgAVAhhAZmJfcGVybWFuZW50Lzg0NDBFOTdCNTJFNDE2MzBCNDIzMzI5QjJGQkIyOEI1X2F1ZGlvX2Rhc2hpbml0Lm1wNBUCAsgBEgAoABgAGwKIB3VzZV9vaWwBMRJwcm9ncmVzc2l2ZV9yZWNpcGUBMRUAACb2sv6rqrz-BxUCKAJDMywXQERmZmZmZmYYGWRhc2hfaDI2NC1iYXNpYy1nZW4yXzcyMHARAHUAZbaeAQA&_nc_gid=zihoe7VpOGeNOMSp8jIX2A&_nc_ss=7f289&_nc_zt=28&oh=00_AQDWZmvKzAEKT3LJj56G9IXS_GYe1L_6_vnv29-b1HS9ug&oe=6A57EC1C,https://scontent.fblr20-4.fna.fbcdn.net/v/t39.35426-6/739486998_1321485783300333_4954614940282358619_n.jpg?_nc_cat=101&ccb=1-7&_nc_sid=c53f8f&_nc_ohc=crkQR6WDow4Q7kNvwF5H3RA&_nc_oc=AdqTEC3JkyBKz7XnuSuXszcJPC1xXASVZva3oaONc-4rIk5RwbS4QkU6nc4kRRNONJv6hOuuEhrSGQNKpG3iDpPw&_nc_zt=14&_nc_ht=scontent.fblr20-4.fna&_nc_gid=zihoe7VpOGeNOMSp8jIX2A&_nc_ss=7f289&oh=00_AQA_T6Rv9Wn9I8T5AMupEaBRy4Us0V2xu7_amr8YGvL-pQ&oe=6A57CCD5,2026-07-15T20:22:52.000Z,2026-07-11,https://pub-893b4a6a607b4221a894bf861da7914e.r2.dev/27452618647721236.mp4
88,82,Lingo AI,599204246602758,Lingo AI,,IN,2013049059297231,https://www.facebook.com/ads/library/?id=2013049059297231,2026-06-14,,false,false,1,0,,2026-06-14,,"🌍 Learn real English for everyday life 
🗣 Practice speaking with simple lessons 
⏱ Just 5 minutes a day
👉 Download now",👇 Start now,Download,https://speaklearnfrenchlingoai.onelink.me/Y67n?pid=metaweb_int&c={{campaign.name}}&af_c_id={{campaign.id}}&af_adset={{adset.name}}&af_adset_id={{adset.id}}&af_ad={{ad.name}}&af_ad_id={{ad.id}}&af_siteid={{site_source_name}},"Facebook,Instagram,Audience Network,Messenger,Threads","🌍 Learn real English for everyday life 
🗣 Practice speaking with simple lessons 
⏱ Just 5 minutes a day
👉 Download now",👇 Start now,Download,https://speaklearnfrenchlingoai.onelink.me/Y67n?pid=metaweb_int&c={{campaign.name}}&af_c_id={{campaign.id}}&af_adset={{adset.name}}&af_adset_id={{adset.id}}&af_ad={{ad.name}}&af_ad_id={{ad.id}}&af_siteid={{site_source_name}},Video,"Facebook,Instagram,Audience Network,Messenger,Threads",1,0,9:16,https://video.fblr20-3.fna.fbcdn.net/o1/v/t2/f2/m366/AQNH6KN1XjDfIy8Rk6fXCeLk90wTk9Iicqn980klClJCz1csqWCaLciDqcjtKfn4HiV-371ClucqLjOqbBIPIVejezndww25TMgSLdh6PNuqdA.mp4?_nc_cat=109&_nc_oc=AdqygFZ3XY0nJQkupycbXh9t1EENghtBKgTlWuBMff3pT-Wk5WqafixdauUQVKg4Wi1IjMzH2SX1SupRUkNX6CjI&_nc_sid=b66105&_nc_ht=video.fblr20-3.fna.fbcdn.net&_nc_ohc=x7H_ydCez-kQ7kNvwEyXGQj&efg=eyJ2ZW5jb2RlX3RhZyI6Inhwdl9wcm9ncmVzc2l2ZS5WSV9VU0VDQVNFX1BST0RVQ1RfVFlQRS4uQzMuNzIwLmRhc2hfaDI2NC1iYXNpYy1nZW4yXzcyMHAiLCJ4cHZfYXNzZXRfaWQiOjcyNzgxODg3MDU3ODQ1NjUsImFzc2V0X2FnZV9kYXlzIjozMiwidmlfdXNlY2FzZV9pZCI6MTAxMzksImR1cmF0aW9uX3MiOjI2LCJ1cmxnZW5fc291cmNlIjoid3d3In0%3D&ccb=17-1&vs=52ade9d4494a6987&_nc_vs=HBksFQIYRWZiX2VwaGVtZXJhbC8wRjQ3NDMwNEQ3MkM4NjgwNzE5MkQ4NUFFQkVCRUZCNF9tdF8xX3ZpZGVvX2Rhc2hpbml0Lm1wNBUAAsgBEgAVAhhAZmJfcGVybWFuZW50LzEwNEI2NDVBMTQyQzZCQTkxN0YzNzM0NTVFQjgwMUFFX2F1ZGlvX2Rhc2hpbml0Lm1wNBUCAsgBEgAoABgAGwKIB3VzZV9vaWwBMRJwcm9ncmVzc2l2ZV9yZWNpcGUBMRUAACbqi9XGq97tGRUCKAJDMywXQDoQ5WBBiTcYGWRhc2hfaDI2NC1iYXNpYy1nZW4yXzcyMHARAHUAZbaeAQA&_nc_gid=zihoe7VpOGeNOMSp8jIX2A&_nc_ss=7f289&_nc_zt=28&oh=00_AQDFRLlJzfo454ctkzNMfnYE_HHNEnySVIM7o6jHIAr5rQ&oe=6A57DEB3,https://scontent.fblr20-2.fna.fbcdn.net/v/t39.35426-6/723406814_2416693798840787_1484988163475420833_n.jpg?_nc_cat=111&ccb=1-7&_nc_sid=c53f8f&_nc_ohc=Zk9WbjzegKUQ7kNvwEZOjhd&_nc_oc=Ado6UBxXoKFov4MAjjiOkM_ZatiWXMJbAYp-ThJlJxRSW9CpR-BiNsJNXBjWCqSGXInVWoTtEkzaCoEEPBjw3SVa&_nc_zt=14&_nc_ht=scontent.fblr20-2.fna&_nc_gid=zihoe7VpOGeNOMSp8jIX2A&_nc_ss=7f289&oh=00_AQDeBd-IyQ4GbRcox_nAsxr0IaOqgrzFnn1YpVI2RiqixQ&oe=6A57CD1D,2026-07-15T19:25:39.000Z,2026-07-11,https://pub-893b4a6a607b4221a894bf861da7914e.r2.dev/2013049059297231.mp4
89,83,Lingo AI,599204246602758,Lingo AI,,IN,2092898847957783,https://www.facebook.com/ads/library/?id=2092898847957783,2026-07-05,,false,false,1,0,,2026-07-05,,"😊The best place to learn French language
💼 Boost your French skills in just 5 minutes a day! 
📚The efficient path to fluency.",✨Try it now~,Install now,http://itunes.apple.com/app/id6740255326,"Facebook,Instagram,Audience Network,Messenger,Threads","😊The best place to learn French language
💼 Boost your French skills in just 5 minutes a day! 
📚The efficient path to fluency.",✨Try it now~,Install now,http://itunes.apple.com/app/id6740255326,Video,"Facebook,Instagram,Audience Network,Messenger,Threads",1,0,9:16,https://video.fblr20-3.fna.fbcdn.net/o1/v/t2/f2/m366/AQN9e0_3IforQD6qlgcuWIwMiayCgaa0uQ2xCZMGYLrUOK_YA0vcQdffkkNKQymQTsGKV5bVBRqTaETYIiGaMC9AymuwfHGok-Bi2aW0u9rzPQ.mp4?_nc_cat=105&_nc_oc=AdoJe6nDalqMV0B4WWly9Raiqo6YV0XPti0_fEz4dyQtySEHFksXPH4wU0n0Eg3K-OVMVyIYIitD-2TbXACrJWtO&_nc_sid=b66105&_nc_ht=video.fblr20-3.fna.fbcdn.net&_nc_ohc=flMPf9Jley4Q7kNvwFzYh03&efg=eyJ2ZW5jb2RlX3RhZyI6Inhwdl9wcm9ncmVzc2l2ZS5WSV9VU0VDQVNFX1BST0RVQ1RfVFlQRS4uQzMuNzIwLmRhc2hfaDI2NC1iYXNpYy1nZW4yXzcyMHAiLCJ4cHZfYXNzZXRfaWQiOjIzMTQzMjE0OTkzMTU5ODMsImFzc2V0X2FnZV9kYXlzIjo1LCJ2aV91c2VjYXNlX2lkIjoxMDEzOSwiZHVyYXRpb25fcyI6NTMsInVybGdlbl9zb3VyY2UiOiJ3d3cifQ%3D%3D&ccb=17-1&vs=856ea2a8df33fbe2&_nc_vs=HBksFQIYRWZiX2VwaGVtZXJhbC8yNjRGNDNDRDZDNTMxMjZGNDhFQzFDMzE3RjA1RkZBMl9tdF8xX3ZpZGVvX2Rhc2hpbml0Lm1wNBUAAsgBEgAVAhhAZmJfcGVybWFuZW50LzhFNDMxN0IyQzRGOTE5MEEzRUE5OThBNzg2NTUxQTkxX2F1ZGlvX2Rhc2hpbml0Lm1wNBUCAsgBEgAoABgAGwKIB3VzZV9vaWwBMRJwcm9ncmVzc2l2ZV9yZWNpcGUBMRUAACae_ObtnrecCBUCKAJDMywXQEqzMzMzMzMYGWRhc2hfaDI2NC1iYXNpYy1nZW4yXzcyMHARAHUAZbaeAQA&_nc_gid=zihoe7VpOGeNOMSp8jIX2A&_nc_ss=7f289&_nc_zt=28&oh=00_AQCSzRsFaJEJMOL66fpwVBWTM2RrXQBlFCIOUvdeJflHnA&oe=6A57FE7F,https://scontent.fblr20-2.fna.fbcdn.net/v/t39.35426-6/739276769_954597664276905_4800695336080834836_n.jpg?_nc_cat=104&ccb=1-7&_nc_sid=c53f8f&_nc_ohc=c5WaHLQ_k9cQ7kNvwEt7uPI&_nc_oc=AdpimwbIFEopS1rvxXO74v4YUzquegj5IMuE9TB30ch2ziIYytPG-xXDqMQlHAl8xrd26Aig4Yrmc2JMS0SspAd5&_nc_zt=14&_nc_ht=scontent.fblr20-2.fna&_nc_gid=zihoe7VpOGeNOMSp8jIX2A&_nc_ss=7f289&oh=00_AQAnvWAJBbD2CIS6jb8-1-1KsGRDb1_czVmtD8nR0M3zeQ&oe=6A57F5B9,2026-07-15T21:41:19.000Z,2026-07-11,https://pub-893b4a6a607b4221a894bf861da7914e.r2.dev/2092898847957783.mp4
90,84,Lingo AI,599204246602758,Lingo AI,,IN,1045174564674619,https://www.facebook.com/ads/library/?id=1045174564674619,2026-07-07,,false,false,1,0,,2026-07-07,,"🚀 Master English Faster, Just 5 Minutes a Day!
🥳 Join Learners Who Found a Fun Way to Master a Language!
✨ Our mission is to unlock your English.",✨Try it now~,Install now,http://itunes.apple.com/app/id6740255326,"Facebook,Instagram,Audience Network,Messenger,Threads","🚀 Master English Faster, Just 5 Minutes a Day!
🥳 Join Learners Who Found a Fun Way to Master a Language!
✨ Our mission is to unlock your English.",✨Try it now~,Install now,http://itunes.apple.com/app/id6740255326,Video,"Facebook,Instagram,Audience Network,Messenger,Threads",1,0,9:16,https://video.fblr20-3.fna.fbcdn.net/o1/v/t2/f2/m366/AQNXhui14v0OCR25eqh9bUxXX66DIYriJwPABwEPRii0_Y7nuD_CC-xlxNt_J0eXi7JXGN7dJvAP8Fd-mOhMuGOUz29MnujxxiaYpvYE1HzwGA.mp4?_nc_cat=105&_nc_oc=AdqqYKWzPh1KSvxwlsFjgTXSvHHQe8bIrv7EqIuPgUBzcYtjEfpNOvwf-cVMr3oYMuataSbkKe0lH_WYCAOI670V&_nc_sid=b66105&_nc_ht=video.fblr20-3.fna.fbcdn.net&_nc_ohc=98WAcP9kGfYQ7kNvwGlbzXi&efg=eyJ2ZW5jb2RlX3RhZyI6Inhwdl9wcm9ncmVzc2l2ZS5WSV9VU0VDQVNFX1BST0RVQ1RfVFlQRS4uQzMuNjA4LmRhc2hfaDI2NC1iYXNpYy1nZW4yXzcyMHAiLCJ4cHZfYXNzZXRfaWQiOjE1ODE2NDMwMzY4NjIxMjEsImFzc2V0X2FnZV9kYXlzIjoyLCJ2aV91c2VjYXNlX2lkIjoxMDEzOSwiZHVyYXRpb25fcyI6NTcsInVybGdlbl9zb3VyY2UiOiJ3d3cifQ%3D%3D&ccb=17-1&vs=c0431f29a461a58d&_nc_vs=HBksFQIYRWZiX2VwaGVtZXJhbC9CRTQxNjkzNzIzNDJCNEMzNDI0NjVFOThDQjc5QUFBMF9tdF8xX3ZpZGVvX2Rhc2hpbml0Lm1wNBUAAsgBEgAVAhhAZmJfcGVybWFuZW50L0I5NDA1OUNGN0U0MEI1MDgzNDcxOEE0MEZCN0Q0M0E1X2F1ZGlvX2Rhc2hpbml0Lm1wNBUCAsgBEgAoABgAGwKIB3VzZV9vaWwBMRJwcm9ncmVzc2l2ZV9yZWNpcGUBMRUAACbSmv313p_PBRUCKAJDMywXQEyMzMzMzM0YGWRhc2hfaDI2NC1iYXNpYy1nZW4yXzcyMHARAHUAZbaeAQA&_nc_gid=zihoe7VpOGeNOMSp8jIX2A&_nc_ss=7f289&_nc_zt=28&oh=00_AQBmkDogIjqQW8NcvIlvG0IOKkGk60Fs6De8X9oDULQtvw&oe=6A57DBCF,https://scontent.fblr20-2.fna.fbcdn.net/v/t39.35426-6/741977810_1652738519121789_4096017958688175692_n.jpg?_nc_cat=104&ccb=1-7&_nc_sid=c53f8f&_nc_ohc=5lwRUZjdXdgQ7kNvwEEUluG&_nc_oc=AdpLT7-QLunvgaFqurXntRSIME36xRPlAXv1NN3JXuUDnDTM7L7qnCC3gyLryuXnXuQMd7ZV4v8kEkU4WRGLne_I&_nc_zt=14&_nc_ht=scontent.fblr20-2.fna&_nc_gid=zihoe7VpOGeNOMSp8jIX2A&_nc_ss=7f289&oh=00_AQAnv4h9ICfFu_JnDSPSAzOjAq-I7vFLDKPpzFju9sLFPg&oe=6A57F7E3,2026-07-15T19:13:19.000Z,2026-07-11,https://pub-893b4a6a607b4221a894bf861da7914e.r2.dev/1045174564674619.mp4
91,85,Lingo AI,599204246602758,Lingo AI,,IN,1343730573811486,https://www.facebook.com/ads/library/?id=1343730573811486,2026-07-07,,false,false,1,0,,2026-07-07,,"😊The best place to learn French language
💼 Boost your French skills in just 5 minutes a day! 
📚The efficient path to fluency.",✨Try it now~,Install now,http://itunes.apple.com/app/id6740255326,"Facebook,Instagram,Audience Network,Messenger,Threads","😊The best place to learn French language
💼 Boost your French skills in just 5 minutes a day! 
📚The efficient path to fluency.",✨Try it now~,Install now,http://itunes.apple.com/app/id6740255326,Video,"Facebook,Instagram,Audience Network,Messenger,Threads",1,0,9:16,https://video.fblr20-4.fna.fbcdn.net/o1/v/t2/f2/m366/AQPg_TCZHGt8YKPVAvbuFBkZ4DXV7_XAzelaEuX2Q1utCJYAg7iuPK5HN9Tm27EKPSVwCxL-6FGjLJVFIqwbv98x00Kbq0pUcvCMXpIEMTam9Q.mp4?_nc_cat=106&_nc_oc=AdomFZqfFV0devHN47Gd660Fpzjw_-L2DmDdVQPWiNtx0L4PqS5CTwp0gOX3xOiZyn5Egp1OD7JTYz17yl8gJDz6&_nc_sid=b66105&_nc_ht=video.fblr20-4.fna.fbcdn.net&_nc_ohc=OKogpqEpUjsQ7kNvwFQQsfA&efg=eyJ2ZW5jb2RlX3RhZyI6Inhwdl9wcm9ncmVzc2l2ZS5WSV9VU0VDQVNFX1BST0RVQ1RfVFlQRS4uQzMuNjA4LmRhc2hfaDI2NC1iYXNpYy1nZW4yXzcyMHAiLCJ4cHZfYXNzZXRfaWQiOjEwMDUwODUwODkxOTEzNDksImFzc2V0X2FnZV9kYXlzIjozLCJ2aV91c2VjYXNlX2lkIjoxMDEzOSwiZHVyYXRpb25fcyI6MzMsInVybGdlbl9zb3VyY2UiOiJ3d3cifQ%3D%3D&ccb=17-1&vs=c7139b76e30b0b9a&_nc_vs=HBksFQIYRWZiX2VwaGVtZXJhbC8yRDRBODE0RDQyMTI5Qzg3MDgyMTlGQjRFQTc3Q0ZCMF9tdF8xX3ZpZGVvX2Rhc2hpbml0Lm1wNBUAAsgBEgAVAhhAZmJfcGVybWFuZW50L0ZCNDQ4MDE4RDA5MkE2QjE3RkE2QkJBQkZGQzcyRDk1X2F1ZGlvX2Rhc2hpbml0Lm1wNBUCAsgBEgAoABgAGwKIB3VzZV9vaWwBMRJwcm9ncmVzc2l2ZV9yZWNpcGUBMRUAACbq1q6704fJAxUCKAJDMywXQED7peNT988YGWRhc2hfaDI2NC1iYXNpYy1nZW4yXzcyMHARAHUAZbaeAQA&_nc_gid=zihoe7VpOGeNOMSp8jIX2A&_nc_ss=7f289&_nc_zt=28&oh=00_AQD9OVQj2LZDROgwlO1kHFSWfuzNlldNbNJLyEDBK2HW-g&oe=6A57EF26,https://scontent.fblr20-2.fna.fbcdn.net/v/t39.35426-6/739295069_898322753306040_144307941166225460_n.jpg?_nc_cat=104&ccb=1-7&_nc_sid=c53f8f&_nc_ohc=h-gICwupJ3AQ7kNvwEslRs_&_nc_oc=Ado5fafUpfFtJUg3YHUzxyJHbIl1UWm6r-ir8cKOm5F6sBDZ16VA74PYGCHVQ-GqhM15X1uU19AF8WCHTwS_M9V1&_nc_zt=14&_nc_ht=scontent.fblr20-2.fna&_nc_gid=zihoe7VpOGeNOMSp8jIX2A&_nc_ss=7f289&oh=00_AQCCJibR2M-rC1dKNcMzlJav6IidnsiID5K97BZiM3vd9w&oe=6A57FCBC,2026-07-15T20:35:50.000Z,2026-07-11,https://pub-893b4a6a607b4221a894bf861da7914e.r2.dev/1343730573811486.mp4
92,86,Lingo AI,599204246602758,Lingo AI,,IN,1754835955688580,https://www.facebook.com/ads/library/?id=1754835955688580,2026-07-01,,false,false,1,0,,2026-07-01,,"🌍 Learn real English for everyday life 
🗣 Practice speaking with simple lessons 
⏱ Just 5 minutes a day 
👉 Download now",👉 Download now,Download,https://speaklearnfrenchlingoai.onelink.me/Y67n?pid=metaweb_int&c={{campaign.name}}&af_c_id={{campaign.id}}&af_adset={{adset.name}}&af_adset_id={{adset.id}}&af_ad={{ad.name}}&af_ad_id={{ad.id}}&af_siteid={{site_source_name}},"Facebook,Instagram,Audience Network,Messenger,Threads","🌍 Learn real English for everyday life 
🗣 Practice speaking with simple lessons 
⏱ Just 5 minutes a day 
👉 Download now",👉 Download now,Download,https://speaklearnfrenchlingoai.onelink.me/Y67n?pid=metaweb_int&c={{campaign.name}}&af_c_id={{campaign.id}}&af_adset={{adset.name}}&af_adset_id={{adset.id}}&af_ad={{ad.name}}&af_ad_id={{ad.id}}&af_siteid={{site_source_name}},Video,"Facebook,Instagram,Audience Network,Messenger,Threads",1,0,9:16,https://video.fblr20-1.fna.fbcdn.net/o1/v/t2/f2/m366/AQNsEfmABSU9xUlVBy9lxUuWhF3ceoWHGl3oTqIpEQB8NsbQGvoCwipkhgzdc42uF-rY_PltTjEt8aRgbOu_qmyPcgbxWWSD98847Cc8ylMzvQ.mp4?_nc_cat=108&_nc_oc=AdocvqhBtFimHaygBwlfPway94jGQCFA5L_zl8umU-PJPNYOMf9ZFc-eVQpUh2xRUhzifn8t4uOXmWhsK1ajRuWg&_nc_sid=b66105&_nc_ht=video.fblr20-1.fna.fbcdn.net&_nc_ohc=Pa8dvzx_ttYQ7kNvwFpHhPB&efg=eyJ2ZW5jb2RlX3RhZyI6Inhwdl9wcm9ncmVzc2l2ZS5WSV9VU0VDQVNFX1BST0RVQ1RfVFlQRS4uQzMuNjA4LmRhc2hfaDI2NC1iYXNpYy1nZW4yXzcyMHAiLCJ4cHZfYXNzZXRfaWQiOjE3MjMxOTU4NTg3MDU3ODEsImFzc2V0X2FnZV9kYXlzIjo4LCJ2aV91c2VjYXNlX2lkIjoxMDEzOSwiZHVyYXRpb25fcyI6MzYsInVybGdlbl9zb3VyY2UiOiJ3d3cifQ%3D%3D&ccb=17-1&vs=ce6457973215fe4c&_nc_vs=HBksFQIYRWZiX2VwaGVtZXJhbC9CQjRCQjQwMzBBNkUzMTY1N0U2NzYwRjE4REFEQkU4Nl9tdF8xX3ZpZGVvX2Rhc2hpbml0Lm1wNBUAAsgBEgAVAhhAZmJfcGVybWFuZW50LzM2NEQwMkE0MzhEMjk3RDVERURCRjZCQjI1MUU4MUI5X2F1ZGlvX2Rhc2hpbml0Lm1wNBUCAsgBEgAoABgAGwKIB3VzZV9vaWwBMRJwcm9ncmVzc2l2ZV9yZWNpcGUBMRUAACbq9crQmc-PBhUCKAJDMywXQEJiDEm6XjUYGWRhc2hfaDI2NC1iYXNpYy1nZW4yXzcyMHARAHUAZbaeAQA&_nc_gid=zihoe7VpOGeNOMSp8jIX2A&_nc_ss=7f289&_nc_zt=28&oh=00_AQDtyx77krnpDTrS0RbWQ8K0Gxy_YzAN9S5qXn3gPHTzWA&oe=6A57FA9C,https://scontent.fblr20-3.fna.fbcdn.net/v/t39.35426-6/737569129_2150216762218200_6851104017956079274_n.jpg?_nc_cat=100&ccb=1-7&_nc_sid=c53f8f&_nc_ohc=AYPmSR6DMrsQ7kNvwEUaKgR&_nc_oc=AdonsUk0bCYv-3Q53LMpBev6IS9xRlDaDR7PRr2stf3lU59O6UsRZSwsu0vmTxtCZI4mkHd0IFlbLEjVR2DzEvC1&_nc_zt=14&_nc_ht=scontent.fblr20-3.fna&_nc_gid=zihoe7VpOGeNOMSp8jIX2A&_nc_ss=7f289&oh=00_AQBkZFv-kj-WdBmEQPY3hvTY6QlRwRLaf8aKpFyq_QGKVw&oe=6A57D90B,2026-07-15T21:24:44.000Z,2026-07-11,https://pub-893b4a6a607b4221a894bf861da7914e.r2.dev/1754835955688580.mp4
93,87,Lingo AI,599204246602758,Lingo AI,,IN,826967597018641,https://www.facebook.com/ads/library/?id=826967597018641,2026-07-02,,false,false,1,0,,2026-07-02,,"🌍 Learn real English for everyday life 
🗣 Practice speaking with simple lessons 
⏱ Just 5 minutes a day 
👉 Download now",👉 Download now,Download,https://speaklearnfrenchlingoai.onelink.me/Y67n?pid=metaweb_int&c={{campaign.name}}&af_c_id={{campaign.id}}&af_adset={{adset.name}}&af_adset_id={{adset.id}}&af_ad={{ad.name}}&af_ad_id={{ad.id}}&af_siteid={{site_source_name}},"Facebook,Instagram,Audience Network,Messenger,Threads","🌍 Learn real English for everyday life 
🗣 Practice speaking with simple lessons 
⏱ Just 5 minutes a day 
👉 Download now",👉 Download now,Download,https://speaklearnfrenchlingoai.onelink.me/Y67n?pid=metaweb_int&c={{campaign.name}}&af_c_id={{campaign.id}}&af_adset={{adset.name}}&af_adset_id={{adset.id}}&af_ad={{ad.name}}&af_ad_id={{ad.id}}&af_siteid={{site_source_name}},Video,"Facebook,Instagram,Audience Network,Messenger,Threads",1,0,9:16,https://video.fblr20-2.fna.fbcdn.net/o1/v/t2/f2/m366/AQPHIqsAEc8HHCWXl9KTtsTGSHsjEwNOAIQuya8iA1vanUxXURy1DCQUv5qPnCdVqAbf1BGKtj9TvaN-RcvHjzL82JgKSfZj5lsCIQYGtAoN5w.mp4?_nc_cat=104&_nc_oc=Adrx1MzGLd5RN5SEE6otEXEsZckWKWUL8kcknYQV3I8-zjo5YY_w6qlncUYIwapBjRb8xy0evJ-Eh1TRjI05eoDc&_nc_sid=b66105&_nc_ht=video.fblr20-2.fna.fbcdn.net&_nc_ohc=afZRay0asL8Q7kNvwHZzBiC&efg=eyJ2ZW5jb2RlX3RhZyI6Inhwdl9wcm9ncmVzc2l2ZS5WSV9VU0VDQVNFX1BST0RVQ1RfVFlQRS4uQzMuNjA4LmRhc2hfaDI2NC1iYXNpYy1nZW4yXzcyMHAiLCJ4cHZfYXNzZXRfaWQiOjE1NTY4ODU2MjYxMTYwNDgsImFzc2V0X2FnZV9kYXlzIjo4LCJ2aV91c2VjYXNlX2lkIjoxMDEzOSwiZHVyYXRpb25fcyI6MzUsInVybGdlbl9zb3VyY2UiOiJ3d3cifQ%3D%3D&ccb=17-1&vs=4c266b403ceb8439&_nc_vs=HBksFQIYRWZiX2VwaGVtZXJhbC80MjQ4ODkyNUEyRTM1MEFDRkY3MTNDOEI2MjFDMjY4Ml9tdF8xX3ZpZGVvX2Rhc2hpbml0Lm1wNBUAAsgBEgAVAhhAZmJfcGVybWFuZW50LzUwNDNGREY4MEY4QjY5NDk4NUNDMDE2RDU3Q0VFMEE3X2F1ZGlvX2Rhc2hpbml0Lm1wNBUCAsgBEgAoABgAGwKIB3VzZV9vaWwBMRJwcm9ncmVzc2l2ZV9yZWNpcGUBMRUAACag35rr1f7DBRUCKAJDMywXQEGIcrAgxJwYGWRhc2hfaDI2NC1iYXNpYy1nZW4yXzcyMHARAHUAZbaeAQA&_nc_gid=r9IY2rRYNuqoOp_xspCvmw&_nc_ss=7f289&_nc_zt=28&oh=00_AQDO7JzCZRUHlHVWjmEeXwXUf_B_ERb0zmU1AWLow10VCQ&oe=6A57FC48,https://scontent.fblr20-2.fna.fbcdn.net/v/t39.35426-6/735831917_1556648776254314_1901774556356795_n.jpg?_nc_cat=102&ccb=1-7&_nc_sid=c53f8f&_nc_ohc=Jy0FJXvEwa8Q7kNvwHcgNva&_nc_oc=AdqwvZmU_1FOgUk7N7-YZibiSe_KlNodGFyPGDBP2gqerX2gQ3r5nWpOs2eIJJeJl3O0wnaQCU9gCx-iEaCblKk7&_nc_zt=14&_nc_ht=scontent.fblr20-2.fna&_nc_gid=r9IY2rRYNuqoOp_xspCvmw&_nc_ss=7f289&oh=00_AQD63dX3cC0-TcTdzI5Paqko2bYhxK1U8zCV9MSoesu9Zg&oe=6A57D48A,2026-07-15T21:31:52.000Z,2026-07-11,https://pub-893b4a6a607b4221a894bf861da7914e.r2.dev/826967597018641.mp4
94,88,Lingo AI,599204246602758,Lingo AI,,IN,1561874152143403,https://www.facebook.com/ads/library/?id=1561874152143403,2026-07-07,,false,false,1,0,,2026-07-07,,"😊The best place to learn French language
💼 Boost your French skills in just 5 minutes a day! 
📚The efficient path to fluency.",✨Try it now~,Install now,http://itunes.apple.com/app/id6740255326,"Facebook,Instagram,Audience Network,Messenger,Threads","😊The best place to learn French language
💼 Boost your French skills in just 5 minutes a day! 
📚The efficient path to fluency.",✨Try it now~,Install now,http://itunes.apple.com/app/id6740255326,Video,"Facebook,Instagram,Audience Network,Messenger,Threads",1,0,9:16,https://video.fblr20-3.fna.fbcdn.net/o1/v/t2/f2/m366/AQPz_O2f6oJ5_7xPME9_lAs49t8eGYvi-JjZxqNevD5MS1a2IgWM5EVJ_t5oQtlEqGFw7A2nBt3SqNHqJws_6GApJCksY_-BNxgKH650j0DbwQ.mp4?_nc_cat=109&_nc_oc=AdoQNtKRbcP5Q7ld9bR9qCku_hMdLczETMClVOd4lf4Y8jez4woO2Ulmpq_RG46sDOLpEAUahpeZ6dC7KUBCep-1&_nc_sid=b66105&_nc_ht=video.fblr20-3.fna.fbcdn.net&_nc_ohc=JxUYxgvuIvsQ7kNvwHlJ0W6&efg=eyJ2ZW5jb2RlX3RhZyI6Inhwdl9wcm9ncmVzc2l2ZS5WSV9VU0VDQVNFX1BST0RVQ1RfVFlQRS4uQzMuNjA4LmRhc2hfaDI2NC1iYXNpYy1nZW4yXzcyMHAiLCJ4cHZfYXNzZXRfaWQiOjEwMjQxMDE5MTM1NTkzMDYsImFzc2V0X2FnZV9kYXlzIjozLCJ2aV91c2VjYXNlX2lkIjoxMDEzOSwiZHVyYXRpb25fcyI6MzYsInVybGdlbl9zb3VyY2UiOiJ3d3cifQ%3D%3D&ccb=17-1&vs=577e3791d63f7071&_nc_vs=HBksFQIYRWZiX2VwaGVtZXJhbC80MTQzRUM2RDc3N0YyNzhFMTk4OTczQTY1NTZCQjg5OV9tdF8xX3ZpZGVvX2Rhc2hpbml0Lm1wNBUAAsgBEgAVAhhAZmJfcGVybWFuZW50LzYzNDgyNTkzNUY1Mjg4RkZFNUE2ODA0NEY0NDAzRDg3X2F1ZGlvX2Rhc2hpbml0Lm1wNBUCAsgBEgAoABgAGwKIB3VzZV9vaWwBMRJwcm9ncmVzc2l2ZV9yZWNpcGUBMRUAACaUhKzsydrRAxUCKAJDMywXQEIVP3ztkWgYGWRhc2hfaDI2NC1iYXNpYy1nZW4yXzcyMHARAHUAZbaeAQA&_nc_gid=r9IY2rRYNuqoOp_xspCvmw&_nc_ss=7f289&_nc_zt=28&oh=00_AQDXw1T2aPaxxPdtR0KMm020N7qrNBM-SzDXnAsDLSXqpA&oe=6A57C9BB,https://scontent.fblr20-2.fna.fbcdn.net/v/t39.35426-6/741197263_1755085785842184_3102763603655765942_n.jpg?_nc_cat=104&ccb=1-7&_nc_sid=c53f8f&_nc_ohc=FGpLCoXBlFYQ7kNvwEKahvG&_nc_oc=Adq9WgmIaYhQXfiGyBJdrEtMvbGFECsHRERJlmSFX59RPBT64JKL49I1dj4Wmp2vsyjkqGv1PvX1Im4vDfwSucPN&_nc_zt=14&_nc_ht=scontent.fblr20-2.fna&_nc_gid=r9IY2rRYNuqoOp_xspCvmw&_nc_ss=7f289&oh=00_AQBlcHYVjRwnmt9VR0i1UWlPs7UiOQlZ0p90LBKXeuliJw&oe=6A57F2D5,2026-07-15T17:56:11.000Z,2026-07-11,https://pub-893b4a6a607b4221a894bf861da7914e.r2.dev/1561874152143403.mp4
95,89,Lingo AI,599204246602758,Lingo AI,,IN,1403634755018898,https://www.facebook.com/ads/library/?id=1403634755018898,2026-07-03,,false,false,1,0,,2026-07-03,,"📘 Aprenda inglês facilmente com lições simples
😊 Ganhe confiança com a prática diária de conversação
👉 Baixe agora",👉 Baixe agora,Download,https://speaklearnfrenchlingoai.onelink.me/Y67n?pid=metaweb_int&c={{campaign.name}}&af_c_id={{campaign.id}}&af_adset={{adset.name}}&af_adset_id={{adset.id}}&af_ad={{ad.name}}&af_ad_id={{ad.id}}&af_siteid={{site_source_name}},"Facebook,Instagram,Audience Network,Messenger,Threads","📘 Aprenda inglês facilmente com lições simples
😊 Ganhe confiança com a prática diária de conversação
👉 Baixe agora",👉 Baixe agora,Download,https://speaklearnfrenchlingoai.onelink.me/Y67n?pid=metaweb_int&c={{campaign.name}}&af_c_id={{campaign.id}}&af_adset={{adset.name}}&af_adset_id={{adset.id}}&af_ad={{ad.name}}&af_ad_id={{ad.id}}&af_siteid={{site_source_name}},Video,"Facebook,Instagram,Audience Network,Messenger,Threads",1,0,9:16,https://video.fblr20-2.fna.fbcdn.net/o1/v/t2/f2/m366/AQOz2wOznThpWvFQNzy1qdppnINyCZptA24n-CNEt-gCIdF1ErnCUy2OEerM-hfeB_ARowqYcrTZo4vjOL2k725oZCeqBoP4YQsgMz3gDVsxUA.mp4?_nc_cat=102&_nc_oc=AdrXBPAAb-5U5M6zsII_wxOBzgbhx6rgSHC3Am8zT0E6LWpvkGVdNNAhbjzwVOoDkxPx7Ka5lELqsac5VuzAO51D&_nc_sid=b66105&_nc_ht=video.fblr20-2.fna.fbcdn.net&_nc_ohc=fRzYQ_dDkLsQ7kNvwEsLsUP&efg=eyJ2ZW5jb2RlX3RhZyI6Inhwdl9wcm9ncmVzc2l2ZS5WSV9VU0VDQVNFX1BST0RVQ1RfVFlQRS4uQzMuNjA4LmRhc2hfaDI2NC1iYXNpYy1nZW4yXzcyMHAiLCJ4cHZfYXNzZXRfaWQiOjIxMDAzNDQ3NDc1NTU4MjYsImFzc2V0X2FnZV9kYXlzIjoxMCwidmlfdXNlY2FzZV9pZCI6MTAxMzksImR1cmF0aW9uX3MiOjY0LCJ1cmxnZW5fc291cmNlIjoid3d3In0%3D&ccb=17-1&vs=7e8aefdec00c8583&_nc_vs=HBksFQIYRWZiX2VwaGVtZXJhbC9DMjRGQTgxMUY3MUM5NDE3RTdCODZENzAwQzFBMDQ4M19tdF8xX3ZpZGVvX2Rhc2hpbml0Lm1wNBUAAsgBEgAVAhhAZmJfcGVybWFuZW50LzAxNDk0NTQ4Q0FENkQ0QzA2MzgxMDg4RDk5RUEzOUJDX2F1ZGlvX2Rhc2hpbml0Lm1wNBUCAsgBEgAoABgAGwKIB3VzZV9vaWwBMRJwcm9ncmVzc2l2ZV9yZWNpcGUBMRUAACbk76vpk5C7BxUCKAJDMywXQFAxBiTdLxsYGWRhc2hfaDI2NC1iYXNpYy1nZW4yXzcyMHARAHUAZbaeAQA&_nc_gid=r9IY2rRYNuqoOp_xspCvmw&_nc_ss=7f289&_nc_zt=28&oh=00_AQBJqhuZ1xsabkjFgmeZxkEu-GGyNDwKarzSXK1RK_4tEg&oe=6A57EF32,https://scontent.fblr20-1.fna.fbcdn.net/v/t39.35426-6/732269215_1890899478216937_2951151543851220665_n.jpg?_nc_cat=108&ccb=1-7&_nc_sid=c53f8f&_nc_ohc=_wYao2psXBUQ7kNvwF93fkS&_nc_oc=Adp4-rCy5sazJVKxkJ9jTD6xMNManyHwlpHM8QFhp6kTGcqjEqPwMZeylExYMXwIwEOsnNJr5eG-AKevugyIhl_a&_nc_zt=14&_nc_ht=scontent.fblr20-1.fna&_nc_gid=r9IY2rRYNuqoOp_xspCvmw&_nc_ss=7f289&oh=00_AQBqW0oUK9RAKOrSofGUXBdcX7PjPbhqdYYmhkJohNbLHA&oe=6A57CB71,2026-07-15T20:36:02.000Z,2026-07-11,https://pub-893b4a6a607b4221a894bf861da7914e.r2.dev/1403634755018898.mp4
96,90,Lingo AI,599204246602758,Lingo AI,,IN,1015124921433772,https://www.facebook.com/ads/library/?id=1015124921433772,2026-07-09,,false,false,1,0,,2026-07-09,,"📘 Learn English easily with simple lessons 
😊 Build confidence with everyday speaking practice 
👉 Download now",👉 Download now,Download,https://speaklearnfrenchlingoai.onelink.me/Y67n?pid=metaweb_int&c={{campaign.name}}&af_c_id={{campaign.id}}&af_adset={{adset.name}}&af_adset_id={{adset.id}}&af_ad={{ad.name}}&af_ad_id={{ad.id}}&af_siteid={{site_source_name}},"Facebook,Instagram,Audience Network,Messenger,Threads","📘 Learn English easily with simple lessons 
😊 Build confidence with everyday speaking practice 
👉 Download now",👉 Download now,Download,https://speaklearnfrenchlingoai.onelink.me/Y67n?pid=metaweb_int&c={{campaign.name}}&af_c_id={{campaign.id}}&af_adset={{adset.name}}&af_adset_id={{adset.id}}&af_ad={{ad.name}}&af_ad_id={{ad.id}}&af_siteid={{site_source_name}},Video,"Facebook,Instagram,Audience Network,Messenger,Threads",1,0,9:16,https://video.fblr20-3.fna.fbcdn.net/o1/v/t2/f2/m366/AQNtBbisoZQg3PIhXrHoRnc__Cp5XT1_ZKrXlRBM9CM7jbdGWJSl8CVPToUrTJDHworkH7ddKqt8QgOy3bv5UcAOiziloLWLbVXnTOPepudkQQ.mp4?_nc_cat=109&_nc_oc=Adr2AmRAEvHi3nDNiTX7AMhd0qyZQwg6dW_Ys9BGhep1fUYVTOSxEN7EGnBEphaKWE3ueDEh8vnxuo9CQ2ek8M-m&_nc_sid=b66105&_nc_ht=video.fblr20-3.fna.fbcdn.net&_nc_ohc=EeUDYocICR4Q7kNvwEa1hRw&efg=eyJ2ZW5jb2RlX3RhZyI6Inhwdl9wcm9ncmVzc2l2ZS5WSV9VU0VDQVNFX1BST0RVQ1RfVFlQRS4uQzMuNjA4LmRhc2hfaDI2NC1iYXNpYy1nZW4yXzcyMHAiLCJ4cHZfYXNzZXRfaWQiOjE5NDg4Njc5NzI0NzIyMDcsImFzc2V0X2FnZV9kYXlzIjowLCJ2aV91c2VjYXNlX2lkIjoxMDEzOSwiZHVyYXRpb25fcyI6NjIsInVybGdlbl9zb3VyY2UiOiJ3d3cifQ%3D%3D&ccb=17-1&vs=6702cad18786d1cd&_nc_vs=HBksFQIYRWZiX2VwaGVtZXJhbC9CNjRGQTg1QTFCNDdENEY0QjE0MEIwQURGQ0QzQjA4Q19tdF8xX3ZpZGVvX2Rhc2hpbml0Lm1wNBUAAsgBEgAVAhhAZmJfcGVybWFuZW50LzEyNDkwRDQyMURDOUEzMDJGMjUxNDdENUVDQzQwMjgxX2F1ZGlvX2Rhc2hpbml0Lm1wNBUCAsgBEgAoABgAGwKIB3VzZV9vaWwBMRJwcm9ncmVzc2l2ZV9yZWNpcGUBMRUAACae9rTzhZ_2BhUCKAJDMywXQE8EOVgQYk4YGWRhc2hfaDI2NC1iYXNpYy1nZW4yXzcyMHARAHUAZbaeAQA&_nc_gid=r9IY2rRYNuqoOp_xspCvmw&_nc_ss=7f289&_nc_zt=28&oh=00_AQC0pGsEetKHJveR4yXFcc5laXnwPsPEk9BX6wn7z3zJ7Q&oe=6A57F3C7,https://scontent.fblr20-1.fna.fbcdn.net/v/t39.35426-6/743373826_2088616045025915_8367137782521256755_n.jpg?_nc_cat=110&ccb=1-7&_nc_sid=c53f8f&_nc_ohc=RWKRN-MSBTcQ7kNvwF0ZRDH&_nc_oc=AdqFzI75oBobm0BlLZaEjA1JQwGOEzZwfHz0DLfUmvAeiQ8Wk3Yzd6MRSQUftE4OkMR3zfdh3UjGpBbKP-eX5VAv&_nc_zt=14&_nc_ht=scontent.fblr20-1.fna&_nc_gid=r9IY2rRYNuqoOp_xspCvmw&_nc_ss=7f289&oh=00_AQBEBQBYJkOktyhOqOVyb0v6phXV7hI5wQLaN_e15FznCQ&oe=6A57FB9B,2026-07-15T20:55:35.000Z,2026-07-11,
97,91,Lingo AI,599204246602758,Lingo AI,,IN,1778942330132715,https://www.facebook.com/ads/library/?id=1778942330132715,2026-06-14,,false,false,1,0,,2026-06-14,,"🌍 Learn real English for everyday life 
🗣 Practice speaking with simple lessons 
⏱ Just 5 minutes a day
👉 Download now",👇 Start now,Download,https://speaklearnfrenchlingoai.onelink.me/Y67n?pid=metaweb_int&c={{campaign.name}}&af_c_id={{campaign.id}}&af_adset={{adset.name}}&af_adset_id={{adset.id}}&af_ad={{ad.name}}&af_ad_id={{ad.id}}&af_siteid={{site_source_name}},"Facebook,Instagram,Audience Network,Messenger,Threads","🌍 Learn real English for everyday life 
🗣 Practice speaking with simple lessons 
⏱ Just 5 minutes a day
👉 Download now",👇 Start now,Download,https://speaklearnfrenchlingoai.onelink.me/Y67n?pid=metaweb_int&c={{campaign.name}}&af_c_id={{campaign.id}}&af_adset={{adset.name}}&af_adset_id={{adset.id}}&af_ad={{ad.name}}&af_ad_id={{ad.id}}&af_siteid={{site_source_name}},Video,"Facebook,Instagram,Audience Network,Messenger,Threads",1,0,9:16,https://video.fblr20-4.fna.fbcdn.net/o1/v/t2/f2/m366/AQM1mp4i62Jw5YegTewHhlzEo48RJ55W_4sxag5Smz6cYyDRYMbW4VXJHBETG9LBQq4PWejdK_7vRqFM3RwoH_lpltBwHj3VMJYjVCXQ5KaREQ.mp4?_nc_cat=101&_nc_oc=Adq7LlR5YzndzbgezGwWQrd06y4RRGk363rNZk7C9oR-ls54ojzKz-K25_Z6w2ANALOFI6Afmly4nYKpd1u5uLTn&_nc_sid=b66105&_nc_ht=video.fblr20-4.fna.fbcdn.net&_nc_ohc=bRdZmxXPpA8Q7kNvwEwaIhJ&efg=eyJ2ZW5jb2RlX3RhZyI6Inhwdl9wcm9ncmVzc2l2ZS5WSV9VU0VDQVNFX1BST0RVQ1RfVFlQRS4uQzMuNzIwLmRhc2hfaDI2NC1iYXNpYy1nZW4yXzcyMHAiLCJ4cHZfYXNzZXRfaWQiOjE3MTAzMjk5NjAxNTE3NTMsImFzc2V0X2FnZV9kYXlzIjoyNSwidmlfdXNlY2FzZV9pZCI6MTAxMzksImR1cmF0aW9uX3MiOjQ0LCJ1cmxnZW5fc291cmNlIjoid3d3In0%3D&ccb=17-1&vs=357f9ed5c2654ec3&_nc_vs=HBksFQIYRWZiX2VwaGVtZXJhbC81QzQ5NTE3RDRERjExOEVBRTE4QTlCQTc2NDYzREFBNF9tdF8xX3ZpZGVvX2Rhc2hpbml0Lm1wNBUAAsgBEgAVAhhAZmJfcGVybWFuZW50LzZGNEIxOTBCRDA3MkNCMDQxMkRDRjQ0QzM4MTlDRUFCX2F1ZGlvX2Rhc2hpbml0Lm1wNBUCAsgBEgAoABgAGwKIB3VzZV9vaWwBMRJwcm9ncmVzc2l2ZV9yZWNpcGUBMRUAACaS68mbp-KJBhUCKAJDMywXQEZmZmZmZmYYGWRhc2hfaDI2NC1iYXNpYy1nZW4yXzcyMHARAHUAZbaeAQA&_nc_gid=r9IY2rRYNuqoOp_xspCvmw&_nc_ss=7f289&_nc_zt=28&oh=00_AQAY-OWJjjPLW1uISMrkwp6sx1TDIZI72BwBTmz_WNgIvQ&oe=6A57E77F,https://scontent.fblr20-3.fna.fbcdn.net/v/t39.35426-6/724414914_1387661686567308_2415253975402935599_n.jpg?_nc_cat=105&ccb=1-7&_nc_sid=c53f8f&_nc_ohc=sTm_t9RXPSUQ7kNvwERD9T5&_nc_oc=AdoEbaYUWXC9M3GkScYk0mTVkBw4Lgp1Waly_V4wE3qRNgvmW7JGThBww-OyslnedsHx-76vembhK__cC4iqJwJF&_nc_zt=14&_nc_ht=scontent.fblr20-3.fna&_nc_gid=r9IY2rRYNuqoOp_xspCvmw&_nc_ss=7f289&oh=00_AQA7QpQxTbrdx31YjUzPGKTIsI721tb5FS4Lzs27b0aKoA&oe=6A57CE8C,2026-07-15T20:03:11.000Z,2026-07-11,https://pub-893b4a6a607b4221a894bf861da7914e.r2.dev/1778942330132715.mp4
98,92,Lingo AI,599204246602758,Lingo AI,,IN,1542381087664169,https://www.facebook.com/ads/library/?id=1542381087664169,2026-07-08,,false,false,1,0,,2026-07-08,,"📘 Learn English easily with simple lessons 
😊 Build confidence with everyday speaking practice 
👉 Download now",👉 Download now,Download,https://speaklearnfrenchlingoai.onelink.me/Y67n?pid=metaweb_int&c={{campaign.name}}&af_c_id={{campaign.id}}&af_adset={{adset.name}}&af_adset_id={{adset.id}}&af_ad={{ad.name}}&af_ad_id={{ad.id}}&af_siteid={{site_source_name}},"Facebook,Instagram,Audience Network,Messenger,Threads","📘 Learn English easily with simple lessons 
😊 Build confidence with everyday speaking practice 
👉 Download now",👉 Download now,Download,https://speaklearnfrenchlingoai.onelink.me/Y67n?pid=metaweb_int&c={{campaign.name}}&af_c_id={{campaign.id}}&af_adset={{adset.name}}&af_adset_id={{adset.id}}&af_ad={{ad.name}}&af_ad_id={{ad.id}}&af_siteid={{site_source_name}},Video,"Facebook,Instagram,Audience Network,Messenger,Threads",1,0,9:16,https://video.fblr20-3.fna.fbcdn.net/o1/v/t2/f2/m366/AQPjoLmmXrZ_YJpTcnfpa7aoAEu-FurZwpWtnEs1KHZIhFBYgsnOhcOvyPh2v5YTzCcwEIaUAPJ8ndSuP_f9XipC-5XlZdmSlI8b5R3tAwGlbA.mp4?_nc_cat=100&_nc_oc=AdoJ5hW6fcRPfIj4VPX2ln41o-qLj_OTOZvEJpI_hu9_KPwedqkuhQHF3syiE_cFtOD3zR1mACSkPGgjNh9q-_Mn&_nc_sid=b66105&_nc_ht=video.fblr20-3.fna.fbcdn.net&_nc_ohc=NtNplOFzt1IQ7kNvwG5g3v1&efg=eyJ2ZW5jb2RlX3RhZyI6Inhwdl9wcm9ncmVzc2l2ZS5WSV9VU0VDQVNFX1BST0RVQ1RfVFlQRS4uQzMuNjA4LmRhc2hfaDI2NC1iYXNpYy1nZW4yXzcyMHAiLCJ4cHZfYXNzZXRfaWQiOjE5NjQ0MDU0NjA5MDYyMzMsImFzc2V0X2FnZV9kYXlzIjoxLCJ2aV91c2VjYXNlX2lkIjoxMDEzOSwiZHVyYXRpb25fcyI6MzMsInVybGdlbl9zb3VyY2UiOiJ3d3cifQ%3D%3D&ccb=17-1&vs=84109689e0421e07&_nc_vs=HBksFQIYRWZiX2VwaGVtZXJhbC9BMDQzOTZDOEI1NjkwNzkyQzg3Mjg0Qjk3QTNFODQ5RF9tdF8xX3ZpZGVvX2Rhc2hpbml0Lm1wNBUAAsgBEgAVAhhAZmJfcGVybWFuZW50L0QxNDgyRkFFNzE0OTM3Qzg3QUVGMkNCNzBFM0REMjg5X2F1ZGlvX2Rhc2hpbml0Lm1wNBUCAsgBEgAoABgAGwKIB3VzZV9vaWwBMRJwcm9ncmVzc2l2ZV9yZWNpcGUBMRUAACbyw4mbuaf9BhUCKAJDMywXQECRBiTdLxsYGWRhc2hfaDI2NC1iYXNpYy1nZW4yXzcyMHARAHUAZbaeAQA&_nc_gid=r9IY2rRYNuqoOp_xspCvmw&_nc_ss=7f289&_nc_zt=28&oh=00_AQCK3Jyr4f7WDyMOaHIWx4mgBQLmjgp3RiUTvtnZdI44nw&oe=6A57CF64,https://scontent.fblr20-4.fna.fbcdn.net/v/t39.35426-6/742930070_26728976926777030_7420404143524445887_n.jpg?_nc_cat=103&ccb=1-7&_nc_sid=c53f8f&_nc_ohc=moeQmMuNwnwQ7kNvwFclvyB&_nc_oc=Ado7s1ML0MoBh0g6nPynJ_xoh2btpPq3bwIHHnWb2eCMQz3CZxYrm0n-PU18cWmF2-mUJFxNuFWrNAe9RX_yIsgJ&_nc_zt=14&_nc_ht=scontent.fblr20-4.fna&_nc_gid=r9IY2rRYNuqoOp_xspCvmw&_nc_ss=7f289&oh=00_AQBFzuz1RNa1KXHDsXtT-XNu8xMmQni4yESRhpSjW91CEg&oe=6A57D1A2,2026-07-15T18:20:20.000Z,2026-07-11,https://pub-893b4a6a607b4221a894bf861da7914e.r2.dev/1542381087664169.mp4
99,93,Lingo AI,599204246602758,Lingo AI,,IN,27350423597950324,https://www.facebook.com/ads/library/?id=27350423597950324,2026-07-01,,false,false,1,0,,2026-07-01,,"🌍 Learn real English for everyday life 
🗣 Practice speaking with simple lessons 
⏱ Just 5 minutes a day 
👉 Download now",👉 Download now,Download,https://speaklearnfrenchlingoai.onelink.me/Y67n?pid=metaweb_int&c={{campaign.name}}&af_c_id={{campaign.id}}&af_adset={{adset.name}}&af_adset_id={{adset.id}}&af_ad={{ad.name}}&af_ad_id={{ad.id}}&af_siteid={{site_source_name}},"Facebook,Instagram,Audience Network,Messenger,Threads","🌍 Learn real English for everyday life 
🗣 Practice speaking with simple lessons 
⏱ Just 5 minutes a day 
👉 Download now",👉 Download now,Download,https://speaklearnfrenchlingoai.onelink.me/Y67n?pid=metaweb_int&c={{campaign.name}}&af_c_id={{campaign.id}}&af_adset={{adset.name}}&af_adset_id={{adset.id}}&af_ad={{ad.name}}&af_ad_id={{ad.id}}&af_siteid={{site_source_name}},Video,"Facebook,Instagram,Audience Network,Messenger,Threads",1,0,9:16,https://video.fblr20-4.fna.fbcdn.net/o1/v/t2/f2/m366/AQP-FVQPZwszHbsdJzuw2bbyHHT53OeNT0YrB-Msjvtms_ikql11E31HY4k-yNFdGmBXNkG1Vi8CAMp7JGNI6T_WRPPZVLrGyMrx6ZTQYdzaSA.mp4?_nc_cat=106&_nc_oc=AdrDHQpNyhPCeOGhnfdkwWm9tZbJV7LTpJkvZHolrk161DXsnnRwxmYZS9M7dJED2drOsuJtBzpDdWWvA3tnm9e2&_nc_sid=b66105&_nc_ht=video.fblr20-4.fna.fbcdn.net&_nc_ohc=EgicTMIgBj8Q7kNvwFVZ5f7&efg=eyJ2ZW5jb2RlX3RhZyI6Inhwdl9wcm9ncmVzc2l2ZS5WSV9VU0VDQVNFX1BST0RVQ1RfVFlQRS4uQzMuNjA4LmRhc2hfaDI2NC1iYXNpYy1nZW4yXzcyMHAiLCJ4cHZfYXNzZXRfaWQiOjE4MDMyMjQyMDEwNDg2ODksImFzc2V0X2FnZV9kYXlzIjo4LCJ2aV91c2VjYXNlX2lkIjoxMDEzOSwiZHVyYXRpb25fcyI6MzAsInVybGdlbl9zb3VyY2UiOiJ3d3cifQ%3D%3D&ccb=17-1&vs=2e6cf61785668a5a&_nc_vs=HBksFQIYRWZiX2VwaGVtZXJhbC8xNDQ0NTVDQzgzM0I4REFFMThDN0M4MTAyOUJBQUI4NV9tdF8xX3ZpZGVvX2Rhc2hpbml0Lm1wNBUAAsgBEgAVAhhAZmJfcGVybWFuZW50L0JENEZDMkE4NzZFRTJERUFBQjVFMzJENjM0NDExRjlCX2F1ZGlvX2Rhc2hpbml0Lm1wNBUCAsgBEgAoABgAGwKIB3VzZV9vaWwBMRJwcm9ncmVzc2l2ZV9yZWNpcGUBMRUAACbiyaGfu4G0BhUCKAJDMywXQD47peNT988YGWRhc2hfaDI2NC1iYXNpYy1nZW4yXzcyMHARAHUAZbaeAQA&_nc_gid=r9IY2rRYNuqoOp_xspCvmw&_nc_ss=7f289&_nc_zt=28&oh=00_AQAtgCDyxZvJNAmUghWAMcIdxQRhpR3csAZdUurBzs2sVw&oe=6A57FA86,https://scontent.fblr20-5.fna.fbcdn.net/v/t39.35426-6/736384714_2041334659802906_6969677531744369975_n.jpg?_nc_cat=107&ccb=1-7&_nc_sid=c53f8f&_nc_ohc=k6DALdhxwv4Q7kNvwFiVipt&_nc_oc=Adod_68HIZK1g0gF_2STuR2989EjUfyqCdwd3tI3zBIwE58GUhhlRSRU8kMjkxSrCUz2iPjNxgkAxWgSQk5zoX0W&_nc_zt=14&_nc_ht=scontent.fblr20-5.fna&_nc_gid=r9IY2rRYNuqoOp_xspCvmw&_nc_ss=7f289&oh=00_AQBFaOx4hZrn_Wt8K5qobgwHgFSwMw2s0CXpEoMHSoTkDQ&oe=6A57DC68,2026-07-15T21:24:22.000Z,2026-07-11,https://pub-893b4a6a607b4221a894bf861da7914e.r2.dev/27350423597950324.mp4
100,94,Lingo AI,599204246602758,Lingo AI,,IN,1005858105794583,https://www.facebook.com/ads/library/?id=1005858105794583,2026-07-09,,false,false,1,0,,2026-07-09,,"📘 Learn English easily with simple lessons 
😊 Build confidence with everyday speaking practice 
👉 Download now",👉 Download now,Download,https://speaklearnfrenchlingoai.onelink.me/Y67n?pid=metaweb_int&c={{campaign.name}}&af_c_id={{campaign.id}}&af_adset={{adset.name}}&af_adset_id={{adset.id}}&af_ad={{ad.name}}&af_ad_id={{ad.id}}&af_siteid={{site_source_name}},"Facebook,Instagram,Audience Network,Messenger,Threads","📘 Learn English easily with simple lessons 
😊 Build confidence with everyday speaking practice 
👉 Download now",👉 Download now,Download,https://speaklearnfrenchlingoai.onelink.me/Y67n?pid=metaweb_int&c={{campaign.name}}&af_c_id={{campaign.id}}&af_adset={{adset.name}}&af_adset_id={{adset.id}}&af_ad={{ad.name}}&af_ad_id={{ad.id}}&af_siteid={{site_source_name}},Video,"Facebook,Instagram,Audience Network,Messenger,Threads",1,0,9:16,https://video.fblr20-1.fna.fbcdn.net/o1/v/t2/f2/m366/AQOryBXvyMnnb2bmalrNl1w-sgct-lpaYOpJ5F9UnyrvO8mjx31SklQ0UCNt_qGMIng6WykZ_d0BrvEO2u1ztt9CuU5R57uRfbQuM5vk7JDD5w.mp4?_nc_cat=110&_nc_oc=AdqtUwuWuLM294xcPce00V8jedG_nqH1saiOCiEYg3HrriOtRAkZBXwIpufTZF-I7aHddVKgVl8Gu1ego7wqhY6b&_nc_sid=b66105&_nc_ht=video.fblr20-1.fna.fbcdn.net&_nc_ohc=QcoHCYk_OSQQ7kNvwEVW_1w&efg=eyJ2ZW5jb2RlX3RhZyI6Inhwdl9wcm9ncmVzc2l2ZS5WSV9VU0VDQVNFX1BST0RVQ1RfVFlQRS4uQzMuNjA4LmRhc2hfaDI2NC1iYXNpYy1nZW4yXzcyMHAiLCJ4cHZfYXNzZXRfaWQiOjEyNzczNDI4MjQyNzk4NDIsImFzc2V0X2FnZV9kYXlzIjowLCJ2aV91c2VjYXNlX2lkIjoxMDEzOSwiZHVyYXRpb25fcyI6NjMsInVybGdlbl9zb3VyY2UiOiJ3d3cifQ%3D%3D&ccb=17-1&vs=867da98b636be46d&_nc_vs=HBksFQIYRWZiX2VwaGVtZXJhbC84MDQ1NDhFQzc0NUY0OUU0QTI3RDJEMEM0NTUwQ0I5Ml9tdF8xX3ZpZGVvX2Rhc2hpbml0Lm1wNBUAAsgBEgAVAhhAZmJfcGVybWFuZW50L0FGNDY0Nzc4ODc0MEI0QzM3NjI1QTZCRjAxRDY2NkI4X2F1ZGlvX2Rhc2hpbml0Lm1wNBUCAsgBEgAoABgAGwKIB3VzZV9vaWwBMRJwcm9ncmVzc2l2ZV9yZWNpcGUBMRUAACbEvOHUke_EBBUCKAJDMywXQE_IcrAgxJwYGWRhc2hfaDI2NC1iYXNpYy1nZW4yXzcyMHARAHUAZbaeAQA&_nc_gid=r9IY2rRYNuqoOp_xspCvmw&_nc_ss=7f289&_nc_zt=28&oh=00_AQCmDaq8AtDtfsIvfD-ojBxhlO3_--x6-uB9oxLDAw6z-w&oe=6A57F96E,https://scontent.fblr20-3.fna.fbcdn.net/v/t39.35426-6/743318155_27882237414704912_2650323847912908246_n.jpg?_nc_cat=100&ccb=1-7&_nc_sid=c53f8f&_nc_ohc=CC-ub1uCuZAQ7kNvwFG5X4n&_nc_oc=AdqBFYhaaSMggeAbT95GVP51YQy9fE8aRHQjXnhC2Ra3ogt1fJw8bdw5rwjlXIVRa3NgPsA-xuttGanfTLOLTubO&_nc_zt=14&_nc_ht=scontent.fblr20-3.fna&_nc_gid=r9IY2rRYNuqoOp_xspCvmw&_nc_ss=7f289&oh=00_AQB9V0HU8eFFKd_duZnDPrCx4J38QkOIJ5hvtLlWeod4Ag&oe=6A57D66A,2026-07-15T21:19:42.000Z,2026-07-11,https://pub-893b4a6a607b4221a894bf861da7914e.r2.dev/1005858105794583.mp4
101,95,Lingo AI,599204246602758,Lingo AI,,IN,1028449009853941,https://www.facebook.com/ads/library/?id=1028449009853941,2026-06-17,,true,false,1,0,,2026-06-17,,"📘 Learn English easily with simple lessons 
😊 Build confidence with everyday speaking practice 
👉 Download now",👉 Download now,Download,https://speaklearnfrenchlingoai.onelink.me/Y67n?pid=metaweb_int&c={{campaign.name}}&af_c_id={{campaign.id}}&af_adset={{adset.name}}&af_adset_id={{adset.id}}&af_ad={{ad.name}}&af_ad_id={{ad.id}}&af_siteid={{site_source_name}},"Facebook,Instagram,Audience Network,Messenger,Threads","📘 Learn English easily with simple lessons 
😊 Build confidence with everyday speaking practice 
👉 Download now",👉 Download now,Download,https://speaklearnfrenchlingoai.onelink.me/Y67n?pid=metaweb_int&c={{campaign.name}}&af_c_id={{campaign.id}}&af_adset={{adset.name}}&af_adset_id={{adset.id}}&af_ad={{ad.name}}&af_ad_id={{ad.id}}&af_siteid={{site_source_name}},Video,"Facebook,Instagram,Audience Network,Messenger,Threads",1,0,9:16,https://video.fblr20-1.fna.fbcdn.net/o1/v/t2/f2/m366/AQOxX_kpWyk7ngiZwpSTtXTA1eb0Efq9bgAzm5-0fdXr2jikC2PcamVaHfBBSolv6AlALDPzcay91FbIKGYPccTmRxzNtc-CTao_5ktbikpCtQ.mp4?_nc_cat=110&_nc_oc=AdoIALq_JLx90j1a5kF0kAdFrJWzbtVqjKxPXDwkNiNWW7J1UNpAtFmzO2bzzhSVEpiTj9YN-AOTrbvaMw3dPMet&_nc_sid=b66105&_nc_ht=video.fblr20-1.fna.fbcdn.net&_nc_ohc=vhqAsBJlz0EQ7kNvwEz6Qok&efg=eyJ2ZW5jb2RlX3RhZyI6Inhwdl9wcm9ncmVzc2l2ZS5WSV9VU0VDQVNFX1BST0RVQ1RfVFlQRS4uQzMuNjA4LmRhc2hfaDI2NC1iYXNpYy1nZW4yXzcyMHAiLCJ4cHZfYXNzZXRfaWQiOjg5NzIzMDQzNjY3MTY5OSwiYXNzZXRfYWdlX2RheXMiOjYyLCJ2aV91c2VjYXNlX2lkIjoxMDEzOSwiZHVyYXRpb25fcyI6MzksInVybGdlbl9zb3VyY2UiOiJ3d3cifQ%3D%3D&ccb=17-1&vs=e0440e446e61fa06&_nc_vs=HBksFQIYRWZiX2VwaGVtZXJhbC8xNzQ5Rjk4QTZEQUE5NzMzNEYxM0EyODJERDk1QThCNl9tdF8xX3ZpZGVvX2Rhc2hpbml0Lm1wNBUAAsgBEgAVAhhAZmJfcGVybWFuZW50LzAzNDA5RUVCOUFDODY0QTQ4REM4RDkxNUE4QjA3REE2X2F1ZGlvX2Rhc2hpbml0Lm1wNBUCAsgBEgAoABgAGwKIB3VzZV9vaWwBMRJwcm9ncmVzc2l2ZV9yZWNpcGUBMRUAACamg63X14GYAxUCKAJDMywXQEPd0vGp--cYGWRhc2hfaDI2NC1iYXNpYy1nZW4yXzcyMHARAHUAZbaeAQA&_nc_gid=r9IY2rRYNuqoOp_xspCvmw&_nc_ss=7f289&_nc_zt=28&oh=00_AQB1IBmXnNfv06xJmO02d0bmXRNSWOP0d-lxw9OJqCHuGA&oe=6A57EB7A,https://scontent.fblr20-3.fna.fbcdn.net/v/t39.35426-6/724535164_1879038586386596_8865895283278972862_n.jpg?_nc_cat=100&ccb=1-7&_nc_sid=c53f8f&_nc_ohc=GAHAbsSsXGQQ7kNvwFcMHc6&_nc_oc=AdqxNw2A-TOACTjGo1vIchMsTM6JxdogUWMrmR2PYjRzQrcNQRaUs5YJXAuolbu_unhuUp87xP8OG1m_8PlJQVbT&_nc_zt=14&_nc_ht=scontent.fblr20-3.fna&_nc_gid=r9IY2rRYNuqoOp_xspCvmw&_nc_ss=7f289&oh=00_AQD0-ba_LO_4gmbGMTmTmUc1DT_mlJX_5oGoYgmPLopGZw&oe=6A57D711,2026-07-15T20:20:10.000Z,2026-07-11,https://pub-893b4a6a607b4221a894bf861da7914e.r2.dev/1028449009853941.mp4
102,96,Lingo AI,599204246602758,Lingo AI,,IN,1283221783885984,https://www.facebook.com/ads/library/?id=1283221783885984,2026-07-08,,false,false,1,0,,2026-07-08,,"📘 Learn English easily with simple lessons 
😊 Build confidence with everyday speaking practice 
👉 Download now",👉 Download now,Install now,http://itunes.apple.com/app/id6740255326,"Facebook,Instagram,Audience Network,Messenger,Threads","📘 Learn English easily with simple lessons 
😊 Build confidence with everyday speaking practice 
👉 Download now",👉 Download now,Install now,http://itunes.apple.com/app/id6740255326,Video,"Facebook,Instagram,Audience Network,Messenger,Threads",1,0,9:16,https://video.fblr20-2.fna.fbcdn.net/o1/v/t2/f2/m366/AQN6CJuQeqzW0kKGTkQMTb_JpjKtfz5CuiS_v6ecKL0s8-c21bSSEoLOBkpzyPGIz4-iuvp8dwNNW862JPWhcd6wlSeAZ4ex4jzMXSomsfA1rA.mp4?_nc_cat=111&_nc_oc=AdoX-SYvJEwJwZhnyDIeknRLMcYZcpUJzjw_mVFeU5o41i1WISpsF3ex8SWY_zUC3hb3BESNcitUtsLsk7MtF3az&_nc_sid=b66105&_nc_ht=video.fblr20-2.fna.fbcdn.net&_nc_ohc=tBY0DZwbzocQ7kNvwHOu-oc&efg=eyJ2ZW5jb2RlX3RhZyI6Inhwdl9wcm9ncmVzc2l2ZS5WSV9VU0VDQVNFX1BST0RVQ1RfVFlQRS4uQzMuNTc2LmRhc2hfaDI2NC1iYXNpYy1nZW4yXzcyMHAiLCJ4cHZfYXNzZXRfaWQiOjgxNzMxMzQ3NDc3ODYyNiwiYXNzZXRfYWdlX2RheXMiOjczLCJ2aV91c2VjYXNlX2lkIjoxMDEzOSwiZHVyYXRpb25fcyI6NjcsInVybGdlbl9zb3VyY2UiOiJ3d3cifQ%3D%3D&ccb=17-1&vs=6931be8c6bc353ac&_nc_vs=HBksFQIYRWZiX2VwaGVtZXJhbC84NTQxNERDNUYyODVGRjY1REU3NTE3OEJFQjg4RThBQl9tdF8xX3ZpZGVvX2Rhc2hpbml0Lm1wNBUAAsgBEgAVAhhAZmJfcGVybWFuZW50LzIzNDk3RDFBQUU5ODhDODJCQUNGQ0QxQjJBNDAxNjk2X2F1ZGlvX2Rhc2hpbml0Lm1wNBUCAsgBEgAoABgAGwKIB3VzZV9vaWwBMRJwcm9ncmVzc2l2ZV9yZWNpcGUBMRUAACaE2Kz189XzAhUCKAJDMywXQFDogxJul40YGWRhc2hfaDI2NC1iYXNpYy1nZW4yXzcyMHARAHUAZbaeAQA&_nc_gid=JSQ1eTvLmxhXWRFwbWRVbA&_nc_ss=7f289&_nc_zt=28&oh=00_AQBgbdUmv0dK35tOs4ll4WjAOKpbpwEeOB1HOh0phVieow&oe=6A57C969,https://scontent.fblr20-3.fna.fbcdn.net/v/t39.35426-6/742895736_1004714592456364_4526218291836906392_n.jpg?_nc_cat=109&ccb=1-7&_nc_sid=c53f8f&_nc_ohc=maZRvUjltMAQ7kNvwEyNVQM&_nc_oc=AdpEIfea4v9_AWpxvTg6cbL51JHWWDHIemaNNKNbCawC2-pxO3zCd7ZZjIlW9rdLimwrQ-tP4eQ_EeP9SX5BKrbi&_nc_zt=14&_nc_ht=scontent.fblr20-3.fna&_nc_gid=JSQ1eTvLmxhXWRFwbWRVbA&_nc_ss=7f289&oh=00_AQDMLx07qEsJJW_YEO8kOeQbKDLfQ6TiYpQDhL8yIv9w6Q&oe=6A57F0B9,2026-07-15T17:54:49.000Z,2026-07-11,https://pub-893b4a6a607b4221a894bf861da7914e.r2.dev/1283221783885984.mp4
103,97,Lingo AI,599204246602758,Lingo AI,,IN,930122306779499,https://www.facebook.com/ads/library/?id=930122306779499,2026-07-09,,false,false,1,0,,2026-07-09,,"📘 Learn English easily with simple lessons 
😊 Build confidence with everyday speaking practice 
👉 Download now",👉 Download now,Download,https://speaklearnfrenchlingoai.onelink.me/Y67n?pid=metaweb_int&c={{campaign.name}}&af_c_id={{campaign.id}}&af_adset={{adset.name}}&af_adset_id={{adset.id}}&af_ad={{ad.name}}&af_ad_id={{ad.id}}&af_siteid={{site_source_name}},"Facebook,Instagram,Audience Network,Messenger,Threads","📘 Learn English easily with simple lessons 
😊 Build confidence with everyday speaking practice 
👉 Download now",👉 Download now,Download,https://speaklearnfrenchlingoai.onelink.me/Y67n?pid=metaweb_int&c={{campaign.name}}&af_c_id={{campaign.id}}&af_adset={{adset.name}}&af_adset_id={{adset.id}}&af_ad={{ad.name}}&af_ad_id={{ad.id}}&af_siteid={{site_source_name}},Video,"Facebook,Instagram,Audience Network,Messenger,Threads",1,0,9:16,https://video.fblr20-4.fna.fbcdn.net/o1/v/t2/f2/m366/AQPEqEo9cNdlacLpvcFZmbbFLlRd5tRijE8O3P33O83wo7ZYuUQ89fS47u2kIIzhRQ40ZB7VjN8l5YBP2oLrJWamWgO_IBa173yswWPx-6X7MA.mp4?_nc_cat=103&_nc_oc=AdrctGrIqZVcBHUTZOD-w0URmLwDBDOCAHevKmKWzLACrQHxivwcn9o3eX3zIWdiUo8qWiMp4MWx07yHVsb932kW&_nc_sid=b66105&_nc_ht=video.fblr20-4.fna.fbcdn.net&_nc_ohc=4yVzCJ9X2vYQ7kNvwH_YUZX&efg=eyJ2ZW5jb2RlX3RhZyI6Inhwdl9wcm9ncmVzc2l2ZS5WSV9VU0VDQVNFX1BST0RVQ1RfVFlQRS4uQzMuNjA4LmRhc2hfaDI2NC1iYXNpYy1nZW4yXzcyMHAiLCJ4cHZfYXNzZXRfaWQiOjE2Nzc5ODAwNjY2MTcxMDcsImFzc2V0X2FnZV9kYXlzIjowLCJ2aV91c2VjYXNlX2lkIjoxMDEzOSwiZHVyYXRpb25fcyI6NjAsInVybGdlbl9zb3VyY2UiOiJ3d3cifQ%3D%3D&ccb=17-1&vs=cb5b7f3de739fcdc&_nc_vs=HBksFQIYRWZiX2VwaGVtZXJhbC85RTRDNTkzM0EwMTQwOUNFN0QxRkNERDRFRTY0Mjc5Rl9tdF8xX3ZpZGVvX2Rhc2hpbml0Lm1wNBUAAsgBEgAVAhhAZmJfcGVybWFuZW50LzgzNDM0RTU0NkY3OTg0Njc1MUQ4NDQ5NDc0MjlGOTlGX2F1ZGlvX2Rhc2hpbml0Lm1wNBUCAsgBEgAoABgAGwKIB3VzZV9vaWwBMRJwcm9ncmVzc2l2ZV9yZWNpcGUBMRUAACam3PzcpYf7BRUCKAJDMywXQE4ZmZmZmZoYGWRhc2hfaDI2NC1iYXNpYy1nZW4yXzcyMHARAHUAZbaeAQA&_nc_gid=JSQ1eTvLmxhXWRFwbWRVbA&_nc_ss=7f289&_nc_zt=28&oh=00_AQBltY_5ToBACM6Zsg6ZN2iSxxZC6WCOnHyjGFlOy9P-nA&oe=6A57D19D,https://scontent.fblr20-3.fna.fbcdn.net/v/t39.35426-6/742929936_2990899387941828_3025695201839731019_n.jpg?_nc_cat=105&ccb=1-7&_nc_sid=c53f8f&_nc_ohc=1TzLQwqYWJAQ7kNvwFQWf31&_nc_oc=AdoU5JNpZ0xYynLoaMkG9KJ5mBp9B78XemkooQDK3K_Mc1uOmT50Ha56zAnrkEX3xG_82VKI4Mi6MQhLGSNRZSpH&_nc_zt=14&_nc_ht=scontent.fblr20-3.fna&_nc_gid=JSQ1eTvLmxhXWRFwbWRVbA&_nc_ss=7f289&oh=00_AQBXQZ0ee01RNDNdWcvcT2vXqOl8_FI52cE0RQ7d4OP7UQ&oe=6A57E81C,2026-07-15T18:29:49.000Z,2026-07-11,https://pub-893b4a6a607b4221a894bf861da7914e.r2.dev/930122306779499.mp4
104,98,Lingo AI,599204246602758,Lingo AI,,IN,1665570207993946,https://www.facebook.com/ads/library/?id=1665570207993946,2026-06-14,,true,false,1,0,,2026-06-14,,"🌍 Learn real English for everyday life 
🗣 Practice speaking with simple lessons 
⏱ Just 5 minutes a day
👉 Download now",👇 Start now,Download,https://speaklearnfrenchlingoai.onelink.me/Y67n?pid=metaweb_int&c={{campaign.name}}&af_c_id={{campaign.id}}&af_adset={{adset.name}}&af_adset_id={{adset.id}}&af_ad={{ad.name}}&af_ad_id={{ad.id}}&af_siteid={{site_source_name}},"Facebook,Instagram,Audience Network,Messenger,Threads","🌍 Learn real English for everyday life 
🗣 Practice speaking with simple lessons 
⏱ Just 5 minutes a day
👉 Download now",👇 Start now,Download,https://speaklearnfrenchlingoai.onelink.me/Y67n?pid=metaweb_int&c={{campaign.name}}&af_c_id={{campaign.id}}&af_adset={{adset.name}}&af_adset_id={{adset.id}}&af_ad={{ad.name}}&af_ad_id={{ad.id}}&af_siteid={{site_source_name}},Video,"Facebook,Instagram,Audience Network,Messenger,Threads",1,0,9:16,https://video.fblr20-4.fna.fbcdn.net/o1/v/t2/f2/m366/AQPfUNk6vhRwClNsBCp7ANXzQnAlvsC-dtYyRCcSusjyzH0Joi1_-7ohyvDDzFQpbNV10PesNMQCw3NvdmdhH7rp3i9wtzYBkx873PlDT3tMIw.mp4?_nc_cat=101&_nc_oc=AdqMpgBFhC5sjPztcFhMfIPiWkmK8hq8-rBMQF-3I1dyxu8TERNeI7dyH6cR_Y7QbhRmg5Ka8XByN3JsfXgYdLbz&_nc_sid=b66105&_nc_ht=video.fblr20-4.fna.fbcdn.net&_nc_ohc=2dJrI1FHM2wQ7kNvwFNtBgN&efg=eyJ2ZW5jb2RlX3RhZyI6Inhwdl9wcm9ncmVzc2l2ZS5WSV9VU0VDQVNFX1BST0RVQ1RfVFlQRS4uQzMuNzIwLmRhc2hfaDI2NC1iYXNpYy1nZW4yXzcyMHAiLCJ4cHZfYXNzZXRfaWQiOjEzMjMyNDg0NTkyNzIwNTcsImFzc2V0X2FnZV9kYXlzIjoyNSwidmlfdXNlY2FzZV9pZCI6MTAxMzksImR1cmF0aW9uX3MiOjI5LCJ1cmxnZW5fc291cmNlIjoid3d3In0%3D&ccb=17-1&vs=693f0068891667f4&_nc_vs=HBksFQIYRWZiX2VwaGVtZXJhbC80RDRCMzE4NEQ0RUZDMzY2NDYzMTAzMzBFRjQ0MTA5N19tdF8xX3ZpZGVvX2Rhc2hpbml0Lm1wNBUAAsgBEgAVAhhAZmJfcGVybWFuZW50LzI2NEZCMzc5QjM2MTZENDMwNTc1NUY5RDBEMDhFQ0FFX2F1ZGlvX2Rhc2hpbml0Lm1wNBUCAsgBEgAoABgAGwKIB3VzZV9vaWwBMRJwcm9ncmVzc2l2ZV9yZWNpcGUBMRUAACbyveqlmd_ZBBUCKAJDMywXQD1mZmZmZmYYGWRhc2hfaDI2NC1iYXNpYy1nZW4yXzcyMHARAHUAZbaeAQA&_nc_gid=JSQ1eTvLmxhXWRFwbWRVbA&_nc_ss=7f289&_nc_zt=28&oh=00_AQB3da0k1HtO2XdCz49FkYN3HPNenC4TGMhvcRzJ1Y35Gw&oe=6A57CE77,https://scontent.fblr20-5.fna.fbcdn.net/v/t39.35426-6/724257171_2302941383567046_2354090679030486598_n.jpg?_nc_cat=107&ccb=1-7&_nc_sid=c53f8f&_nc_ohc=CdGGXuDCJY0Q7kNvwFxu3Kj&_nc_oc=AdpAf1lV8xTMp7buG92Lby8Mlwao1KREqPbP0PpkiYNBPZoUx-h5zQmzMWq5ffBi5FZL0-JmaUC0sGSCaSPGplSZ&_nc_zt=14&_nc_ht=scontent.fblr20-5.fna&_nc_gid=JSQ1eTvLmxhXWRFwbWRVbA&_nc_ss=7f289&oh=00_AQByRo0OVIiozocZjEAbFD_Ded1octfmHB_KoPvSoLUg-Q&oe=6A57FBF7,2026-07-15T18:16:23.000Z,2026-07-11,https://pub-893b4a6a607b4221a894bf861da7914e.r2.dev/1665570207993946.mp4
105,99,Lingo AI,599204246602758,Lingo AI,,IN,1919347278781942,https://www.facebook.com/ads/library/?id=1919347278781942,2026-07-08,,false,false,1,0,,2026-07-08,,"📘 Learn English easily with simple lessons 
😊 Build confidence with everyday speaking practice 
👉 Download now",👉 Download now,Download,https://speaklearnfrenchlingoai.onelink.me/Y67n?pid=metaweb_int&c={{campaign.name}}&af_c_id={{campaign.id}}&af_adset={{adset.name}}&af_adset_id={{adset.id}}&af_ad={{ad.name}}&af_ad_id={{ad.id}}&af_siteid={{site_source_name}},"Facebook,Instagram,Audience Network,Messenger,Threads","📘 Learn English easily with simple lessons 
😊 Build confidence with everyday speaking practice 
👉 Download now",👉 Download now,Download,https://speaklearnfrenchlingoai.onelink.me/Y67n?pid=metaweb_int&c={{campaign.name}}&af_c_id={{campaign.id}}&af_adset={{adset.name}}&af_adset_id={{adset.id}}&af_ad={{ad.name}}&af_ad_id={{ad.id}}&af_siteid={{site_source_name}},Video,"Facebook,Instagram,Audience Network,Messenger,Threads",1,0,9:16,https://video.fblr20-2.fna.fbcdn.net/o1/v/t2/f2/m366/AQMUEA4-rORn8U_QX-iLbE5pmKU06-n9-tjAFmyRZfmEWTRpQhxcsk5WTpo3FE6HGBkO-5IrwMPMChj-3L2wDmy4eIHwwkTz51ELFX9SgJJBsg.mp4?_nc_cat=111&_nc_oc=AdpjePznnhCoiwOcWHR4LfV4D-bs-WoHVzp5niVCsKknXlW293GUg8Ym73Dz7F-emqWU0YpHNRdp_Wf01Mo7aFAG&_nc_sid=b66105&_nc_ht=video.fblr20-2.fna.fbcdn.net&_nc_ohc=_HUc6LU3BqYQ7kNvwG9IJni&efg=eyJ2ZW5jb2RlX3RhZyI6Inhwdl9wcm9ncmVzc2l2ZS5WSV9VU0VDQVNFX1BST0RVQ1RfVFlQRS4uQzMuNjA4LmRhc2hfaDI2NC1iYXNpYy1nZW4yXzcyMHAiLCJ4cHZfYXNzZXRfaWQiOjI0MDYyNzMyMDY1NjE2MzEsImFzc2V0X2FnZV9kYXlzIjoxLCJ2aV91c2VjYXNlX2lkIjoxMDEzOSwiZHVyYXRpb25fcyI6MzQsInVybGdlbl9zb3VyY2UiOiJ3d3cifQ%3D%3D&ccb=17-1&vs=9bdc1c8cff40c57a&_nc_vs=HBksFQIYRWZiX2VwaGVtZXJhbC84RjRFMzE5OTE0MENFMTRDNkYzNEZEREMyRTYzOERCMF9tdF8xX3ZpZGVvX2Rhc2hpbml0Lm1wNBUAAsgBEgAVAhhAZmJfcGVybWFuZW50L0M3NDUwRDA0MDgwRTlFMUMwOUI1RDU5QjZGMTI2QUFDX2F1ZGlvX2Rhc2hpbml0Lm1wNBUCAsgBEgAoABgAGwKIB3VzZV9vaWwBMRJwcm9ncmVzc2l2ZV9yZWNpcGUBMRUAACa-ra27xJ_GCBUCKAJDMywXQEFiDEm6XjUYGWRhc2hfaDI2NC1iYXNpYy1nZW4yXzcyMHARAHUAZbaeAQA&_nc_gid=JSQ1eTvLmxhXWRFwbWRVbA&_nc_ss=7f289&_nc_zt=28&oh=00_AQAYhfRf1Bv13z6uqeHA_bdKoQcktjyJBnyfbWwp3jRfHg&oe=6A57F405,https://scontent.fblr20-2.fna.fbcdn.net/v/t39.35426-6/742173151_1545576617264521_1371237565718529478_n.jpg?_nc_cat=102&ccb=1-7&_nc_sid=c53f8f&_nc_ohc=AFr5DnfK0OUQ7kNvwEVd7ra&_nc_oc=Adpf028URaIz0hoDF-lQMMrGZFFynfsC6D7KI6gazXFqCOyR0BFpTz7cZHKBRG431WNadTd0ZvYBxL4ogNUlZYvf&_nc_zt=14&_nc_ht=scontent.fblr20-2.fna&_nc_gid=JSQ1eTvLmxhXWRFwbWRVbA&_nc_ss=7f289&oh=00_AQDPj1Cz9UHIuhEMzlnHWxKnEDLHi9R5XfTIHeY-fhc-aQ&oe=6A57CDE0,2026-07-15T20:56:37.000Z,2026-07-11,https://pub-893b4a6a607b4221a894bf861da7914e.r2.dev/1919347278781942.mp4
106,100,Lingo AI,599204246602758,Lingo AI,,IN,26585542294455680,https://www.facebook.com/ads/library/?id=26585542294455680,2026-07-08,,false,false,1,0,,2026-07-08,,"📘 Learn English easily with simple lessons 
😊 Build confidence with everyday speaking practice 
👉 Download now",👉 Download now,Download,https://speaklearnfrenchlingoai.onelink.me/Y67n?pid=metaweb_int&c={{campaign.name}}&af_c_id={{campaign.id}}&af_adset={{adset.name}}&af_adset_id={{adset.id}}&af_ad={{ad.name}}&af_ad_id={{ad.id}}&af_siteid={{site_source_name}},"Facebook,Instagram,Audience Network,Messenger,Threads","📘 Learn English easily with simple lessons 
😊 Build confidence with everyday speaking practice 
👉 Download now",👉 Download now,Download,https://speaklearnfrenchlingoai.onelink.me/Y67n?pid=metaweb_int&c={{campaign.name}}&af_c_id={{campaign.id}}&af_adset={{adset.name}}&af_adset_id={{adset.id}}&af_ad={{ad.name}}&af_ad_id={{ad.id}}&af_siteid={{site_source_name}},Video,"Facebook,Instagram,Audience Network,Messenger,Threads",1,0,9:16,https://video.fblr20-1.fna.fbcdn.net/o1/v/t2/f2/m366/AQPR0044mXj-4NWK_h5O50KZ-tN6bK_Z8DIaGokND-BF-MxPWQ5gTtfV7fNk8rtsbep8xnHvImnfYNVeUsOnYW_ZXrU13l39X7UIDzzZwe2HRg.mp4?_nc_cat=108&_nc_oc=AdomhJnt8yyQaRjWpcPpKkMaJIYIC6m2T-1LTgJfBRt_Z_SFvYjxRnhBIMfqVfTOsqYP_W40bTTVi5yURVlsy3LB&_nc_sid=b66105&_nc_ht=video.fblr20-1.fna.fbcdn.net&_nc_ohc=WahW0P4--BkQ7kNvwGsZ2hH&efg=eyJ2ZW5jb2RlX3RhZyI6Inhwdl9wcm9ncmVzc2l2ZS5WSV9VU0VDQVNFX1BST0RVQ1RfVFlQRS4uQzMuNzIwLmRhc2hfaDI2NC1iYXNpYy1nZW4yXzcyMHAiLCJ4cHZfYXNzZXRfaWQiOjE2NjIyMzAwMTQ4NDUxMDEsImFzc2V0X2FnZV9kYXlzIjoxLCJ2aV91c2VjYXNlX2lkIjoxMDEzOSwiZHVyYXRpb25fcyI6MjksInVybGdlbl9zb3VyY2UiOiJ3d3cifQ%3D%3D&ccb=17-1&vs=d97bda5b76c33184&_nc_vs=HBksFQIYRWZiX2VwaGVtZXJhbC80QzRCQjExMzNGNjA0MTMzM0RCMTVGQ0UzQzQ0REY4RV9tdF8xX3ZpZGVvX2Rhc2hpbml0Lm1wNBUAAsgBEgAVAhhAZmJfcGVybWFuZW50LzYwNDlDOTMyODFFOERGODc0NUYzMjM1RkRBOUFGOThCX2F1ZGlvX2Rhc2hpbml0Lm1wNBUCAsgBEgAoABgAGwKIB3VzZV9vaWwBMRJwcm9ncmVzc2l2ZV9yZWNpcGUBMRUAACbago_ZwvLzBRUCKAJDMywXQD13S8an754YGWRhc2hfaDI2NC1iYXNpYy1nZW4yXzcyMHARAHUAZbaeAQA&_nc_gid=JSQ1eTvLmxhXWRFwbWRVbA&_nc_ss=7f289&_nc_zt=28&oh=00_AQDaehsjZhnP5sEIdxkY7ZY2yIyddDlcmIVfWJDZquB3WA&oe=6A57D434,https://scontent.fblr20-2.fna.fbcdn.net/v/t39.35426-6/741906645_1844860583557458_1565957520933838653_n.jpg?_nc_cat=102&ccb=1-7&_nc_sid=c53f8f&_nc_ohc=yNsFxaiHfR4Q7kNvwHKIFdt&_nc_oc=Adp-9zdRAOuei9ll2OVHMB7Vqu31ZqR865R5VjmUWt-lrSgdYUL2jai88fXJKXGsfiGqJUxpx-ibnITAYwixnu65&_nc_zt=14&_nc_ht=scontent.fblr20-2.fna&_nc_gid=JSQ1eTvLmxhXWRFwbWRVbA&_nc_ss=7f289&oh=00_AQD-rAvHUSjaVebHXwY30o6Fv8xbgtUk8ma2Yv3EPdDdrw&oe=6A57F5B3,2026-07-15T18:40:52.000Z,2026-07-11,https://pub-893b4a6a607b4221a894bf861da7914e.r2.dev/26585542294455680.mp4
107,101,Lingo AI,599204246602758,Lingo AI,,IN,2367898560406946,https://www.facebook.com/ads/library/?id=2367898560406946,2026-06-25,,true,false,1,0,,2026-06-25,,"🌍 Learn real English for everyday life 
🗣 Practice speaking with simple lessons 
⏱ Just 5 minutes a day
👉 Download now",👇 Start now,Download,https://speaklearnfrenchlingoai.onelink.me/Y67n?pid=metaweb_int&c={{campaign.name}}&af_c_id={{campaign.id}}&af_adset={{adset.name}}&af_adset_id={{adset.id}}&af_ad={{ad.name}}&af_ad_id={{ad.id}}&af_siteid={{site_source_name}},"Facebook,Instagram,Audience Network,Messenger,Threads","🌍 Learn real English for everyday life 
🗣 Practice speaking with simple lessons 
⏱ Just 5 minutes a day
👉 Download now",👇 Start now,Download,https://speaklearnfrenchlingoai.onelink.me/Y67n?pid=metaweb_int&c={{campaign.name}}&af_c_id={{campaign.id}}&af_adset={{adset.name}}&af_adset_id={{adset.id}}&af_ad={{ad.name}}&af_ad_id={{ad.id}}&af_siteid={{site_source_name}},Video,"Facebook,Instagram,Audience Network,Messenger,Threads",1,0,9:16,https://video.fblr20-2.fna.fbcdn.net/o1/v/t2/f2/m366/AQP2qxiuRtmvGTlB2lFCKzR_uBSsDiPwibaMT48SAanDXDfCeMkuyNBPU1wP8ftdLG8-RSt3IvjWFLUj1Za4oAumJp_8fPggchumHGh_smbKfA.mp4?_nc_cat=104&_nc_oc=Adr9NjJyR5T6Ex79ZlZP_M1URI8m-G4Q5bJHXF43I4g21sLQ1QvdXMhayMg9vnrXTGvW-pM0Txqbr4ROv5mPRfiU&_nc_sid=b66105&_nc_ht=video.fblr20-2.fna.fbcdn.net&_nc_ohc=LLVxmE2D6moQ7kNvwEGYrjM&efg=eyJ2ZW5jb2RlX3RhZyI6Inhwdl9wcm9ncmVzc2l2ZS5WSV9VU0VDQVNFX1BST0RVQ1RfVFlQRS4uQzMuNzIwLmRhc2hfaDI2NC1iYXNpYy1nZW4yXzcyMHAiLCJ4cHZfYXNzZXRfaWQiOjE5NDU4MzIyMDI3ODEyNDksImFzc2V0X2FnZV9kYXlzIjoxNiwidmlfdXNlY2FzZV9pZCI6MTAxMzksImR1cmF0aW9uX3MiOjMyLCJ1cmxnZW5fc291cmNlIjoid3d3In0%3D&ccb=17-1&vs=68d8e3d85fada406&_nc_vs=HBksFQIYRWZiX2VwaGVtZXJhbC9CRTRDMEFDQUFCNkIzQkZFQUI1Njc3QkM3QTRGRjRBNl9tdF8xX3ZpZGVvX2Rhc2hpbml0Lm1wNBUAAsgBEgAVAhhAZmJfcGVybWFuZW50LzE0NERGRDA5RTZERjc0NzUyNTIxQzdENkMxMUJBQkFBX2F1ZGlvX2Rhc2hpbml0Lm1wNBUCAsgBEgAoABgAGwKIB3VzZV9vaWwBMRJwcm9ncmVzc2l2ZV9yZWNpcGUBMRUAACaCierTq-70BhUCKAJDMywXQEBIcrAgxJwYGWRhc2hfaDI2NC1iYXNpYy1nZW4yXzcyMHARAHUAZbaeAQA&_nc_gid=JSQ1eTvLmxhXWRFwbWRVbA&_nc_ss=7f289&_nc_zt=28&oh=00_AQAs6rTBQxDOAuKcnjqAWtBbZDlUApmRRo_PAHeXOt18Jw&oe=6A57FA20,https://scontent.fblr20-4.fna.fbcdn.net/v/t39.35426-6/729791252_27297460523272238_794642450393193355_n.jpg?_nc_cat=106&ccb=1-7&_nc_sid=c53f8f&_nc_ohc=QIDJ5jVB8nsQ7kNvwHUsVHs&_nc_oc=AdrWVime52d9-vUIF8lxON6znf3CRGvm2nPQOe-iZbUrnWNLVEpLE7R3qxVS1IPdGj0paCSehwIu15dmABwgmM4o&_nc_zt=14&_nc_ht=scontent.fblr20-4.fna&_nc_gid=JSQ1eTvLmxhXWRFwbWRVbA&_nc_ss=7f289&oh=00_AQBMD0wvxO_ozYBYO6SwzlSOWTxY11hgjAdIkJaB7HzDuA&oe=6A57CBD7,2026-07-15T21:22:40.000Z,2026-07-11,https://pub-893b4a6a607b4221a894bf861da7914e.r2.dev/2367898560406946.mp4
108,102,Lingo AI,599204246602758,Lingo AI,,IN,2276444916498087,https://www.facebook.com/ads/library/?id=2276444916498087,2026-06-24,,true,false,1,0,,2026-06-24,,"🌍 Learn real English for everyday life 
🗣 Practice speaking with simple lessons 
⏱ Just 5 minutes a day
👉 Download now",👇 Start now,Download,https://speaklearnfrenchlingoai.onelink.me/Y67n?pid=metaweb_int&c={{campaign.name}}&af_c_id={{campaign.id}}&af_adset={{adset.name}}&af_adset_id={{adset.id}}&af_ad={{ad.name}}&af_ad_id={{ad.id}}&af_siteid={{site_source_name}},"Facebook,Instagram,Audience Network,Messenger,Threads","🌍 Learn real English for everyday life 
🗣 Practice speaking with simple lessons 
⏱ Just 5 minutes a day
👉 Download now",👇 Start now,Download,https://speaklearnfrenchlingoai.onelink.me/Y67n?pid=metaweb_int&c={{campaign.name}}&af_c_id={{campaign.id}}&af_adset={{adset.name}}&af_adset_id={{adset.id}}&af_ad={{ad.name}}&af_ad_id={{ad.id}}&af_siteid={{site_source_name}},Video,"Facebook,Instagram,Audience Network,Messenger,Threads",1,0,9:16,https://video.fblr20-1.fna.fbcdn.net/o1/v/t2/f2/m366/AQNCYYt72ixfc47vl8NokDJGrjyYt8y5MqyqhXdKTxVR68x2sGjG4AhihLsOdLwrJd_zTsJA7N72ZcvEGRA0aad1PekClxyiL9ootVUMl0Ykjw.mp4?_nc_cat=110&_nc_oc=AdoTsXdoB1PdJ1fsXbH4D3uid_XXwQIFoTc0ZoDOUr-FNr_wIB5F5qyo9n2xbsdrXK3aV06Zzzsd7F0iij1PWtFx&_nc_sid=b66105&_nc_ht=video.fblr20-1.fna.fbcdn.net&_nc_ohc=0UwquKCqzP0Q7kNvwGBFkmP&efg=eyJ2ZW5jb2RlX3RhZyI6Inhwdl9wcm9ncmVzc2l2ZS5WSV9VU0VDQVNFX1BST0RVQ1RfVFlQRS4uQzMuNzIwLmRhc2hfaDI2NC1iYXNpYy1nZW4yXzcyMHAiLCJ4cHZfYXNzZXRfaWQiOjIxMjg4NjI2NTg1MDk5OTMsImFzc2V0X2FnZV9kYXlzIjoxNiwidmlfdXNlY2FzZV9pZCI6MTAxMzksImR1cmF0aW9uX3MiOjMwLCJ1cmxnZW5fc291cmNlIjoid3d3In0%3D&ccb=17-1&vs=39f446a9577d75fe&_nc_vs=HBksFQIYRWZiX2VwaGVtZXJhbC9BMzQ4MjlGNkY1Q0FDRjU3MjE0OTAwRTUxMDI2REI5OV9tdF8xX3ZpZGVvX2Rhc2hpbml0Lm1wNBUAAsgBEgAVAhhAZmJfcGVybWFuZW50LzEwNENGRjlBNTQwQUM3MDIyRjE2NjAxMTMwMDhFOTlEX2F1ZGlvX2Rhc2hpbml0Lm1wNBUCAsgBEgAoABgAGwKIB3VzZV9vaWwBMRJwcm9ncmVzc2l2ZV9yZWNpcGUBMRUAACbS8snojozIBxUCKAJDMywXQD4Q5WBBiTcYGWRhc2hfaDI2NC1iYXNpYy1nZW4yXzcyMHARAHUAZbaeAQA&_nc_gid=JSQ1eTvLmxhXWRFwbWRVbA&_nc_ss=7f289&_nc_zt=28&oh=00_AQDSHCIsERdjuUvZE6UDqcN5pwM1-z5VtpethQRRWZ0IRg&oe=6A57D46E,https://scontent.fblr20-5.fna.fbcdn.net/v/t39.35426-6/728213359_2236982993761971_3436627945848029909_n.jpg?_nc_cat=107&ccb=1-7&_nc_sid=c53f8f&_nc_ohc=RUmSJbMos-gQ7kNvwHy9703&_nc_oc=AdpdY5pNOt5mCD9J6h0VadOVVqrVf2PymLHNo2RouSYUTfa4YwjtJLim3kbNwhQhiUuPfQ4yqNeopJOE_2N3tSW4&_nc_zt=14&_nc_ht=scontent.fblr20-5.fna&_nc_gid=JSQ1eTvLmxhXWRFwbWRVbA&_nc_ss=7f289&oh=00_AQCpdCcUHINHLUFi9ZHWjkXg25-TKxYvEDwztZcY93x83Q&oe=6A57E723,2026-07-15T18:41:50.000Z,2026-07-11,https://pub-893b4a6a607b4221a894bf861da7914e.r2.dev/2276444916498087.mp4
109,103,Lingo AI,599204246602758,Lingo AI,,IN,1027048733068187,https://www.facebook.com/ads/library/?id=1027048733068187,2026-07-09,,false,false,1,0,,2026-07-09,,"📘 Learn English easily with simple lessons 
😊 Build confidence with everyday speaking practice 
👉 Download now",👉 Download now,Download,https://speaklearnfrenchlingoai.onelink.me/Y67n?pid=metaweb_int&c={{campaign.name}}&af_c_id={{campaign.id}}&af_adset={{adset.name}}&af_adset_id={{adset.id}}&af_ad={{ad.name}}&af_ad_id={{ad.id}}&af_siteid={{site_source_name}},"Facebook,Instagram,Audience Network,Messenger,Threads","📘 Learn English easily with simple lessons 
😊 Build confidence with everyday speaking practice 
👉 Download now",👉 Download now,Download,https://speaklearnfrenchlingoai.onelink.me/Y67n?pid=metaweb_int&c={{campaign.name}}&af_c_id={{campaign.id}}&af_adset={{adset.name}}&af_adset_id={{adset.id}}&af_ad={{ad.name}}&af_ad_id={{ad.id}}&af_siteid={{site_source_name}},Video,"Facebook,Instagram,Audience Network,Messenger,Threads",1,0,9:16,https://video.fblr20-2.fna.fbcdn.net/o1/v/t2/f2/m366/AQPYvBVuGlCZuOfv_NQqP0Scan7EKC6ijxLwfXiX4goMThWHoozwbRl9HcgNY15GLGXqIpJ9-_vSSK5dL--i4X7l_gcOS9gjqf8AKtcAm4KJag.mp4?_nc_cat=111&_nc_oc=AdokGAutHPmnxa05BnaOwqVFbMTDFNLOCLA0_jfIxXynj1kcwSe0ttGqY223W9XN1vk4f8tJYAcWQvuuCfDUwpKa&_nc_sid=b66105&_nc_ht=video.fblr20-2.fna.fbcdn.net&_nc_ohc=vdzbX-QbxEEQ7kNvwEILfxD&efg=eyJ2ZW5jb2RlX3RhZyI6Inhwdl9wcm9ncmVzc2l2ZS5WSV9VU0VDQVNFX1BST0RVQ1RfVFlQRS4uQzMuNjA4LmRhc2hfaDI2NC1iYXNpYy1nZW4yXzcyMHAiLCJ4cHZfYXNzZXRfaWQiOjI3NTg4MjEzNzEwODQ2NTUzLCJhc3NldF9hZ2VfZGF5cyI6MCwidmlfdXNlY2FzZV9pZCI6MTAxMzksImR1cmF0aW9uX3MiOjYwLCJ1cmxnZW5fc291cmNlIjoid3d3In0%3D&ccb=17-1&vs=4b188be85481ff1d&_nc_vs=HBksFQIYRWZiX2VwaGVtZXJhbC8xQTQ2Njg0Q0REQkUyMDI0M0FEOTIwMzNGN0ZFNzg4QV9tdF8xX3ZpZGVvX2Rhc2hpbml0Lm1wNBUAAsgBEgAVAhhAZmJfcGVybWFuZW50LzA1NDUzRkMwQThFRjg3QjQwQTUyMEJBRjJERTlBQ0EwX2F1ZGlvX2Rhc2hpbml0Lm1wNBUCAsgBEgAoABgAGwKIB3VzZV9vaWwBMRJwcm9ncmVzc2l2ZV9yZWNpcGUBMRUAACay6cfjsdWBYhUCKAJDMywXQE4MzMzMzM0YGWRhc2hfaDI2NC1iYXNpYy1nZW4yXzcyMHARAHUAZbaeAQA&_nc_gid=JSQ1eTvLmxhXWRFwbWRVbA&_nc_ss=7f289&_nc_zt=28&oh=00_AQB28Ocz-MwgsYW3nIgnuM2SVUlRIwUQEOYLS-2yCN0whA&oe=6A57EDD5,https://scontent.fblr20-4.fna.fbcdn.net/v/t39.35426-6/743588734_1676173197007641_3353049785627051487_n.jpg?_nc_cat=103&ccb=1-7&_nc_sid=c53f8f&_nc_ohc=MD82o8IeLyYQ7kNvwGVy3XH&_nc_oc=Adpq5I6vr8S5Ko0RsKjKh3cluMI_yt_5Ga0z8TJx0OaNMXnWZg-yrU5-K7J3AEhcrhsZjNKOatz5k7Fj3EczfrDp&_nc_zt=14&_nc_ht=scontent.fblr20-4.fna&_nc_gid=JSQ1eTvLmxhXWRFwbWRVbA&_nc_ss=7f289&oh=00_AQBYBYq1gEwzFyyyIuYgh6NmisZV5hrsBCRnbNiW22dnOA&oe=6A57E61D,2026-07-15T20:30:13.000Z,2026-07-11,https://pub-893b4a6a607b4221a894bf861da7914e.r2.dev/1027048733068187.mp4
110,104,Lingo AI,599204246602758,Lingo AI,,IN,1522131736306902,https://www.facebook.com/ads/library/?id=1522131736306902,2026-07-08,,false,false,1,0,,2026-07-08,,"📘 Learn English easily with simple lessons 
😊 Build confidence with everyday speaking practice 
👉 Download now",👉 Download now,Download,https://speaklearnfrenchlingoai.onelink.me/Y67n?pid=metaweb_int&c={{campaign.name}}&af_c_id={{campaign.id}}&af_adset={{adset.name}}&af_adset_id={{adset.id}}&af_ad={{ad.name}}&af_ad_id={{ad.id}}&af_siteid={{site_source_name}},"Facebook,Instagram,Audience Network,Messenger,Threads","📘 Learn English easily with simple lessons 
😊 Build confidence with everyday speaking practice 
👉 Download now",👉 Download now,Download,https://speaklearnfrenchlingoai.onelink.me/Y67n?pid=metaweb_int&c={{campaign.name}}&af_c_id={{campaign.id}}&af_adset={{adset.name}}&af_adset_id={{adset.id}}&af_ad={{ad.name}}&af_ad_id={{ad.id}}&af_siteid={{site_source_name}},Video,"Facebook,Instagram,Audience Network,Messenger,Threads",1,0,9:16,https://video.fblr20-4.fna.fbcdn.net/o1/v/t2/f2/m366/AQMmuSEBNvqjptrlRhbNvr1RCyqkchZKxxLjxgJ7bLGbYDqcEa8U5KsMz6AADhNKkyzWgQokDAEhVaZ1gRTqKdjQ4YurmdzIXJpZlZIMWBAX2g.mp4?_nc_cat=106&_nc_oc=AdoAQxx0Wu4wNeFxPV9J8ZjEgMS1Tegywp98Su96Z9QFpigCjFyFjVXoFKVpQZit5EQLk480CjQnT_8IR08bJNpL&_nc_sid=b66105&_nc_ht=video.fblr20-4.fna.fbcdn.net&_nc_ohc=4XY_1tHzOa4Q7kNvwHgSIeq&efg=eyJ2ZW5jb2RlX3RhZyI6Inhwdl9wcm9ncmVzc2l2ZS5WSV9VU0VDQVNFX1BST0RVQ1RfVFlQRS4uQzMuNjA4LmRhc2hfaDI2NC1iYXNpYy1nZW4yXzcyMHAiLCJ4cHZfYXNzZXRfaWQiOjI1MDA2ODMyNjcwNDY5NzgsImFzc2V0X2FnZV9kYXlzIjoxLCJ2aV91c2VjYXNlX2lkIjoxMDEzOSwiZHVyYXRpb25fcyI6MzUsInVybGdlbl9zb3VyY2UiOiJ3d3cifQ%3D%3D&ccb=17-1&vs=856e02eb98fe4573&_nc_vs=HBksFQIYRWZiX2VwaGVtZXJhbC8zRjQ3REE2ODFDNEM1M0QxOTZCQ0YxNjFCREYzMERBMV9tdF8xX3ZpZGVvX2Rhc2hpbml0Lm1wNBUAAsgBEgAVAhhAZmJfcGVybWFuZW50LzU2NDJCOTQwNTMzNkM4QjlBRjM1NzM5NzMzNTc3Q0ExX2F1ZGlvX2Rhc2hpbml0Lm1wNBUCAsgBEgAoABgAGwKIB3VzZV9vaWwBMRJwcm9ncmVzc2l2ZV9yZWNpcGUBMRUAACaE-Z-d9pbxCBUCKAJDMywXQEHEOVgQYk4YGWRhc2hfaDI2NC1iYXNpYy1nZW4yXzcyMHARAHUAZbaeAQA&_nc_gid=JSQ1eTvLmxhXWRFwbWRVbA&_nc_ss=7f289&_nc_zt=28&oh=00_AQCow4HANC3PzLcLAcwwRYj94NEAqah2fCF41RUZY_T7iQ&oe=6A57F31E,https://scontent.fblr20-1.fna.fbcdn.net/v/t39.35426-6/742586644_1237016976159235_9164466333179690201_n.jpg?_nc_cat=108&ccb=1-7&_nc_sid=c53f8f&_nc_ohc=nyDOxrtvf1AQ7kNvwE4BCne&_nc_oc=Adpz5t7nN7eBkMwhpFm1R29My-6PyAHvrP-xtCoYZMvnxMvRXeuhtiD8LE6Jhe1TzTXmkVkY8DMtyNblb8Mzf5JG&_nc_zt=14&_nc_ht=scontent.fblr20-1.fna&_nc_gid=JSQ1eTvLmxhXWRFwbWRVbA&_nc_ss=7f289&oh=00_AQC8nOB157-WcJV4LFLVMm2S_C7cbb0Ko0-6wiI9tpc_fA&oe=6A57E7C6,2026-07-15T20:52:46.000Z,2026-07-11,https://pub-893b4a6a607b4221a894bf861da7914e.r2.dev/1522131736306902.mp4
111,105,Lingo AI,599204246602758,Lingo AI,,IN,1439572961529603,https://www.facebook.com/ads/library/?id=1439572961529603,2026-07-08,,false,false,1,0,,2026-07-08,,"📘 Learn English easily with simple lessons 
😊 Build confidence with everyday speaking practice 
👉 Download now",👉 Download now,Download,https://speaklearnfrenchlingoai.onelink.me/Y67n?pid=metaweb_int&c={{campaign.name}}&af_c_id={{campaign.id}}&af_adset={{adset.name}}&af_adset_id={{adset.id}}&af_ad={{ad.name}}&af_ad_id={{ad.id}}&af_siteid={{site_source_name}},"Facebook,Instagram,Audience Network,Messenger,Threads","📘 Learn English easily with simple lessons 
😊 Build confidence with everyday speaking practice 
👉 Download now",👉 Download now,Download,https://speaklearnfrenchlingoai.onelink.me/Y67n?pid=metaweb_int&c={{campaign.name}}&af_c_id={{campaign.id}}&af_adset={{adset.name}}&af_adset_id={{adset.id}}&af_ad={{ad.name}}&af_ad_id={{ad.id}}&af_siteid={{site_source_name}},Video,"Facebook,Instagram,Audience Network,Messenger,Threads",1,0,9:16,https://video.fblr20-2.fna.fbcdn.net/o1/v/t2/f2/m366/AQMZGkTBhkR7qINY75cd6I5hWcKAYF8ZnRraq2XE8VJTa-VKJ1wKLbz_ONzznypsr3XCBddnetv37L2tLyptzG1sLNdimFpi3vWqyljX-pN49g.mp4?_nc_cat=111&_nc_oc=Ado5cp5-t0UFzRcodRyH5TTrFZqnEGU_f6o5_BkSLN_oLlYpO4r8EM69jbUQfHXEnUzMn9spoOXE7_82-C1RFkjh&_nc_sid=b66105&_nc_ht=video.fblr20-2.fna.fbcdn.net&_nc_ohc=EVLKre9rP8gQ7kNvwFJtZM6&efg=eyJ2ZW5jb2RlX3RhZyI6Inhwdl9wcm9ncmVzc2l2ZS5WSV9VU0VDQVNFX1BST0RVQ1RfVFlQRS4uQzMuNjA4LmRhc2hfaDI2NC1iYXNpYy1nZW4yXzcyMHAiLCJ4cHZfYXNzZXRfaWQiOjE1NDE2MTI4NDQyNjc1NDAsImFzc2V0X2FnZV9kYXlzIjoxLCJ2aV91c2VjYXNlX2lkIjoxMDEzOSwiZHVyYXRpb25fcyI6MzIsInVybGdlbl9zb3VyY2UiOiJ3d3cifQ%3D%3D&ccb=17-1&vs=f44b93011ecbbb5&_nc_vs=HBksFQIYRWZiX2VwaGVtZXJhbC84OTRFQjZGNjgwMjU1NUVGN0QzRTZEMzY5QTc3NkVBOF9tdF8xX3ZpZGVvX2Rhc2hpbml0Lm1wNBUAAsgBEgAVAhhAZmJfcGVybWFuZW50L0ZCNEVGMTk1MkIwRDAwQTYyMkQ2QjA3NjZDODc5NTgyX2F1ZGlvX2Rhc2hpbml0Lm1wNBUCAsgBEgAoABgAGwKIB3VzZV9vaWwBMRJwcm9ncmVzc2l2ZV9yZWNpcGUBMRUAACao4LXf1oW9BRUCKAJDMywXQEBVP3ztkWgYGWRhc2hfaDI2NC1iYXNpYy1nZW4yXzcyMHARAHUAZbaeAQA&_nc_gid=JSQ1eTvLmxhXWRFwbWRVbA&_nc_ss=7f289&_nc_zt=28&oh=00_AQCSYBAiDGRhyJFJZefQTrmURbE6NVy-L67lklw1Aq8SOg&oe=6A57F0C9,https://scontent.fblr20-4.fna.fbcdn.net/v/t39.35426-6/742511215_1746319923450776_1965522062264272691_n.jpg?_nc_cat=106&ccb=1-7&_nc_sid=c53f8f&_nc_ohc=-17imq4gdyYQ7kNvwHN1qVV&_nc_oc=AdoTtbe-P6bGRdowPlXB6eDz9iVrNM99Z1BCfYQYHvQWR6XUmht5ufwI5Iby9Ug6tmAZ-n0_LS-eiHTnDXe2Ls5l&_nc_zt=14&_nc_ht=scontent.fblr20-4.fna&_nc_gid=JSQ1eTvLmxhXWRFwbWRVbA&_nc_ss=7f289&oh=00_AQBrITNeOBbaF1LwVr4TnfFbB6dnTqkzJ0GIUcD_71u4FA&oe=6A57CA71,2026-07-15T20:42:49.000Z,2026-07-11,https://pub-893b4a6a607b4221a894bf861da7914e.r2.dev/1439572961529603.mp4
112,106,Lingo AI,599204246602758,Lingo AI,,IN,864884643351667,https://www.facebook.com/ads/library/?id=864884643351667,2026-07-07,,false,false,1,0,,2026-07-07,,"😊The best place to learn French language
💼 Boost your French skills in just 5 minutes a day! 
📚The efficient path to fluency.",✨Try it now~,Install now,http://itunes.apple.com/app/id6740255326,"Facebook,Instagram,Audience Network,Messenger,Threads","😊The best place to learn French language
💼 Boost your French skills in just 5 minutes a day! 
📚The efficient path to fluency.",✨Try it now~,Install now,http://itunes.apple.com/app/id6740255326,Video,"Facebook,Instagram,Audience Network,Messenger,Threads",1,0,9:16,https://video.fblr20-3.fna.fbcdn.net/o1/v/t2/f2/m366/AQOwY2XqBU2DWUCp31RsJpJ4Z7UY0DRe46Uf5QdVTNMgsz52UcKZiNFW6aLEWNfKOOcaRp3rv1aoLV-cMSOvjJq1l6fwLFsrsQpwy5FE9qWI-g.mp4?_nc_cat=109&_nc_oc=AdoS8WYd68hO9YQy_D04wJ1mJxbEiz9nwVPXJVoF3P3wGsEJ1XeFT_16t1YDupLdgNokwaSGVGK7cuW5GHi_Sf5t&_nc_sid=b66105&_nc_ht=video.fblr20-3.fna.fbcdn.net&_nc_ohc=8rCySgH_WmEQ7kNvwHSH5Lh&efg=eyJ2ZW5jb2RlX3RhZyI6Inhwdl9wcm9ncmVzc2l2ZS5WSV9VU0VDQVNFX1BST0RVQ1RfVFlQRS4uQzMuNjA4LmRhc2hfaDI2NC1iYXNpYy1nZW4yXzcyMHAiLCJ4cHZfYXNzZXRfaWQiOjE1MDc5NzM1MzA0MTIxOTEsImFzc2V0X2FnZV9kYXlzIjozLCJ2aV91c2VjYXNlX2lkIjoxMDEzOSwiZHVyYXRpb25fcyI6MTYsInVybGdlbl9zb3VyY2UiOiJ3d3cifQ%3D%3D&ccb=17-1&vs=fa58a45a3676cc2d&_nc_vs=HBksFQIYRWZiX2VwaGVtZXJhbC8yQTRDMUQ3OEZCQzg1OThERUYxOEIxMjlFODRERjY4N19tdF8xX3ZpZGVvX2Rhc2hpbml0Lm1wNBUAAsgBEgAVAhhAZmJfcGVybWFuZW50L0E3NEE0Q0JGOEQzRkZDMEQwRUI2NTNGNzA5NURBQ0JEX2F1ZGlvX2Rhc2hpbml0Lm1wNBUCAsgBEgAoABgAGwKIB3VzZV9vaWwBMRJwcm9ncmVzc2l2ZV9yZWNpcGUBMRUAACa-kuOpzt-tBRUCKAJDMywXQDDVP3ztkWgYGWRhc2hfaDI2NC1iYXNpYy1nZW4yXzcyMHARAHUAZbaeAQA&_nc_gid=-q-Ypi9_HwJHcDeWQsU0VA&_nc_ss=7f289&_nc_zt=28&oh=00_AQCoX1GfEXzMqDXeMzkAbdwbqS850PMcWqkAom8sKrdYyA&oe=6A57E91B,https://scontent.fblr20-3.fna.fbcdn.net/v/t39.35426-6/740989216_1035772722252567_4097291973584281143_n.jpg?_nc_cat=100&ccb=1-7&_nc_sid=c53f8f&_nc_ohc=c-LONPHarWkQ7kNvwFLT1dv&_nc_oc=AdqmF0sUrHWvOYAgCiZjBZgOngXxfOmoM5pI7Fur5oVxbUgoLY3XryvBU5UBwg-0o2H6lPkqQ2HmKHJwxJLuoziT&_nc_zt=14&_nc_ht=scontent.fblr20-3.fna&_nc_gid=-q-Ypi9_HwJHcDeWQsU0VA&_nc_ss=7f289&oh=00_AQCx2ncgNMarlyBzx2cdi-KbxQ5fzZgvdbqZEJaixS9aVg&oe=6A57F363,2026-07-15T20:10:03.000Z,2026-07-11,https://pub-893b4a6a607b4221a894bf861da7914e.r2.dev/864884643351667.mp4
113,107,Lingo AI,599204246602758,Lingo AI,,IN,1060787429797748,https://www.facebook.com/ads/library/?id=1060787429797748,2026-07-09,,false,false,1,0,,2026-07-09,,"📘 Learn English easily with simple lessons 
😊 Build confidence with everyday speaking practice 
👉 Download now",👉 Download now,Download,https://speaklearnfrenchlingoai.onelink.me/Y67n?pid=metaweb_int&c={{campaign.name}}&af_c_id={{campaign.id}}&af_adset={{adset.name}}&af_adset_id={{adset.id}}&af_ad={{ad.name}}&af_ad_id={{ad.id}}&af_siteid={{site_source_name}},"Facebook,Instagram,Audience Network,Messenger,Threads","📘 Learn English easily with simple lessons 
😊 Build confidence with everyday speaking practice 
👉 Download now",👉 Download now,Download,https://speaklearnfrenchlingoai.onelink.me/Y67n?pid=metaweb_int&c={{campaign.name}}&af_c_id={{campaign.id}}&af_adset={{adset.name}}&af_adset_id={{adset.id}}&af_ad={{ad.name}}&af_ad_id={{ad.id}}&af_siteid={{site_source_name}},Video,"Facebook,Instagram,Audience Network,Messenger,Threads",1,0,9:16,https://video.fblr20-1.fna.fbcdn.net/o1/v/t2/f2/m366/AQOzEnnzd9iFmvUTHHYOxIGforgA5drNxUHeJYqQofDQec6Ekk2GbpNM-F143IzjutEwgAZnrM8fPhsDw2UL_YFdTYWIserUiFOTRBm7MiInBg.mp4?_nc_cat=110&_nc_oc=AdpbDi-yxz1JasHoYOGB9GJ0350XN0lw5NoFpmQ3-vudsSP7BD-dYrRKiltJS-38O-Lry-s8TT-RN8m0hzDL3Zot&_nc_sid=b66105&_nc_ht=video.fblr20-1.fna.fbcdn.net&_nc_ohc=TXFG9qgBQO0Q7kNvwG64VUl&efg=eyJ2ZW5jb2RlX3RhZyI6Inhwdl9wcm9ncmVzc2l2ZS5WSV9VU0VDQVNFX1BST0RVQ1RfVFlQRS4uQzMuNjA4LmRhc2hfaDI2NC1iYXNpYy1nZW4yXzcyMHAiLCJ4cHZfYXNzZXRfaWQiOjE1MjY5NzEwNDIzMDk5NDMsImFzc2V0X2FnZV9kYXlzIjowLCJ2aV91c2VjYXNlX2lkIjoxMDEzOSwiZHVyYXRpb25fcyI6NjAsInVybGdlbl9zb3VyY2UiOiJ3d3cifQ%3D%3D&ccb=17-1&vs=be9aa7abfb95608e&_nc_vs=HBksFQIYRWZiX2VwaGVtZXJhbC9ENjRBNjE0NDFFNTE5MjM1ODRFRDJDNkU4OUZGREFCOF9tdF8xX3ZpZGVvX2Rhc2hpbml0Lm1wNBUAAsgBEgAVAhhAZmJfcGVybWFuZW50LzUxNDREMzRCQTYyMzAyQkYzNjkxQjQ1MTU1NThCQ0JEX2F1ZGlvX2Rhc2hpbml0Lm1wNBUCAsgBEgAoABgAGwKIB3VzZV9vaWwBMRJwcm9ncmVzc2l2ZV9yZWNpcGUBMRUAACbunPnotLG2BRUCKAJDMywXQE5MzMzMzM0YGWRhc2hfaDI2NC1iYXNpYy1nZW4yXzcyMHARAHUAZbaeAQA&_nc_gid=-q-Ypi9_HwJHcDeWQsU0VA&_nc_ss=7f289&_nc_zt=28&oh=00_AQCXoRnJBTWTj0EU9yGMxRcVWlC0bf8S8HaAN-GtJdEcYw&oe=6A57EA46,https://scontent.fblr20-3.fna.fbcdn.net/v/t39.35426-6/743497738_1512674113681850_4364435248600120053_n.jpg?_nc_cat=105&ccb=1-7&_nc_sid=c53f8f&_nc_ohc=ZsGDG2LD_TUQ7kNvwE-gT7P&_nc_oc=Ado89zNXCK1ihiuAg6fmmVTwlKCSf1PeMfnSkirtz0Q8fvpSY5waPm2QbwSNQJH990gsv4Z6tED3Z4-58Shypd2_&_nc_zt=14&_nc_ht=scontent.fblr20-3.fna&_nc_gid=-q-Ypi9_HwJHcDeWQsU0VA&_nc_ss=7f289&oh=00_AQBB_onLULEqdD-g3tnYWH_n45qsgimAExuGmQ_3WROoxg&oe=6A57FE8A,2026-07-15T20:15:02.000Z,2026-07-11,https://pub-893b4a6a607b4221a894bf861da7914e.r2.dev/1060787429797748.mp4
114,108,Lingo AI,599204246602758,Lingo AI,,IN,1620690590064291,https://www.facebook.com/ads/library/?id=1620690590064291,2026-06-24,,true,false,1,0,,2026-06-24,,"🌍 Learn real English for everyday life 
🗣 Practice speaking with simple lessons 
⏱ Just 5 minutes a day
👉 Download now",👇 Start now,Download,https://speaklearnfrenchlingoai.onelink.me/Y67n?pid=metaweb_int&c={{campaign.name}}&af_c_id={{campaign.id}}&af_adset={{adset.name}}&af_adset_id={{adset.id}}&af_ad={{ad.name}}&af_ad_id={{ad.id}}&af_siteid={{site_source_name}},"Facebook,Instagram,Audience Network,Messenger,Threads","🌍 Learn real English for everyday life 
🗣 Practice speaking with simple lessons 
⏱ Just 5 minutes a day
👉 Download now",👇 Start now,Download,https://speaklearnfrenchlingoai.onelink.me/Y67n?pid=metaweb_int&c={{campaign.name}}&af_c_id={{campaign.id}}&af_adset={{adset.name}}&af_adset_id={{adset.id}}&af_ad={{ad.name}}&af_ad_id={{ad.id}}&af_siteid={{site_source_name}},Video,"Facebook,Instagram,Audience Network,Messenger,Threads",1,0,9:16,https://video.fblr20-2.fna.fbcdn.net/o1/v/t2/f2/m366/AQP-rUUq808Arx8rd5pQHtnJ92F-GEFAnhFkyJu2loyApV9HR-eniwDfzGR9b0AyPchCK3L16zervBKOMn9gmVvYzoMeTH6S6mPhQMSJ-5XxTQ.mp4?_nc_cat=102&_nc_oc=AdqDmfcgYpvC1UhjUnGqUAIvQFx0mX78mRfZrQK8wsydWgW5s6hS46R22fdHxefMNnMBLpXwZRMTl7FtscuCxmVp&_nc_sid=b66105&_nc_ht=video.fblr20-2.fna.fbcdn.net&_nc_ohc=eHmFT59SxsoQ7kNvwES6U9X&efg=eyJ2ZW5jb2RlX3RhZyI6Inhwdl9wcm9ncmVzc2l2ZS5WSV9VU0VDQVNFX1BST0RVQ1RfVFlQRS4uQzMuNzIwLmRhc2hfaDI2NC1iYXNpYy1nZW4yXzcyMHAiLCJ4cHZfYXNzZXRfaWQiOjE1ODM2NTcwNzk5MzE3MjEsImFzc2V0X2FnZV9kYXlzIjoxNiwidmlfdXNlY2FzZV9pZCI6MTAxMzksImR1cmF0aW9uX3MiOjQ0LCJ1cmxnZW5fc291cmNlIjoid3d3In0%3D&ccb=17-1&vs=8a21e8d2986619f9&_nc_vs=HBksFQIYRWZiX2VwaGVtZXJhbC8zNjQzMzAwRjJBQUQ1MzU3MEZDQjZEQjNGRkQ5MENCMl9tdF8xX3ZpZGVvX2Rhc2hpbml0Lm1wNBUAAsgBEgAVAhhAZmJfcGVybWFuZW50L0QwNDExNDEwRUQyOTVDMTcwQzE3MzlCRjI3MjBEOTkzX2F1ZGlvX2Rhc2hpbml0Lm1wNBUCAsgBEgAoABgAGwKIB3VzZV9vaWwBMRJwcm9ncmVzc2l2ZV9yZWNpcGUBMRUAACaSjZDb_JTQBRUCKAJDMywXQEZu2RaHKwIYGWRhc2hfaDI2NC1iYXNpYy1nZW4yXzcyMHARAHUAZbaeAQA&_nc_gid=-q-Ypi9_HwJHcDeWQsU0VA&_nc_ss=7f289&_nc_zt=28&oh=00_AQAhiQdSa_aqXzjc1zOmiMC_ZPWYOaz5MzO_y9CYqZGhvw&oe=6A57EDD2,https://scontent.fblr20-1.fna.fbcdn.net/v/t39.35426-6/730084073_2889704414708929_5740975414195863267_n.jpg?_nc_cat=108&ccb=1-7&_nc_sid=c53f8f&_nc_ohc=lcK-bF4YSvAQ7kNvwFWM2dv&_nc_oc=AdrYVbRGmuHqBhnkXjuffZi4ORmaBJNxBl4EtKKHYu2LUzE5SBR6CIxIM5cZaIlij7SfzNBxmGvjSkCYRO7R49gC&_nc_zt=14&_nc_ht=scontent.fblr20-1.fna&_nc_gid=-q-Ypi9_HwJHcDeWQsU0VA&_nc_ss=7f289&oh=00_AQAz1j9FQ7XrRzoGuPx_VCOvAcVP_2fk9Tnyqz9UG0lJvg&oe=6A57CD35,2026-07-15T20:30:10.000Z,2026-07-11,https://pub-893b4a6a607b4221a894bf861da7914e.r2.dev/1620690590064291.mp4
115,109,Lingo AI,599204246602758,Lingo AI,,IN,1967353097232627,https://www.facebook.com/ads/library/?id=1967353097232627,2026-06-24,,true,false,1,0,,2026-06-24,,"🌍 Learn real English for everyday life 
🗣 Practice speaking with simple lessons 
⏱ Just 5 minutes a day
👉 Download now",👇 Start now,Download,https://speaklearnfrenchlingoai.onelink.me/Y67n?pid=metaweb_int&c={{campaign.name}}&af_c_id={{campaign.id}}&af_adset={{adset.name}}&af_adset_id={{adset.id}}&af_ad={{ad.name}}&af_ad_id={{ad.id}}&af_siteid={{site_source_name}},"Facebook,Instagram,Audience Network,Messenger,Threads","🌍 Learn real English for everyday life 
🗣 Practice speaking with simple lessons 
⏱ Just 5 minutes a day
👉 Download now",👇 Start now,Download,https://speaklearnfrenchlingoai.onelink.me/Y67n?pid=metaweb_int&c={{campaign.name}}&af_c_id={{campaign.id}}&af_adset={{adset.name}}&af_adset_id={{adset.id}}&af_ad={{ad.name}}&af_ad_id={{ad.id}}&af_siteid={{site_source_name}},Video,"Facebook,Instagram,Audience Network,Messenger,Threads",1,0,9:16,https://video.fblr20-1.fna.fbcdn.net/o1/v/t2/f2/m366/AQNhDIo7WyLPaNtbX8U3ORI0oMD6oih5bzo0n9q8pIHEhdktI41VcWVYvGrquwgtTBkBmmm9dnzHGeB2bUkjkvZianFfmTbMg0s_mGfBzoIqng.mp4?_nc_cat=108&_nc_oc=Ado_8XBoozNLABHIDv8SbjYHyPb8oFzAdyqe_CE8XtyjTJ4DyVTLXJPTRuk7ed2bBw-Ul9irjzOcV2PCU6-BTdme&_nc_sid=b66105&_nc_ht=video.fblr20-1.fna.fbcdn.net&_nc_ohc=ULu9Mup_S7oQ7kNvwHISNAs&efg=eyJ2ZW5jb2RlX3RhZyI6Inhwdl9wcm9ncmVzc2l2ZS5WSV9VU0VDQVNFX1BST0RVQ1RfVFlQRS4uQzMuNzIwLmRhc2hfaDI2NC1iYXNpYy1nZW4yXzcyMHAiLCJ4cHZfYXNzZXRfaWQiOjE1MzcxNjY1MDQ0NjI5MTAsImFzc2V0X2FnZV9kYXlzIjoxNiwidmlfdXNlY2FzZV9pZCI6MTAxMzksImR1cmF0aW9uX3MiOjU1LCJ1cmxnZW5fc291cmNlIjoid3d3In0%3D&ccb=17-1&vs=d9ff34f86e0be3d&_nc_vs=HBksFQIYRWZiX2VwaGVtZXJhbC9FODQ5NjZGQjU5MDdDMUI0NzZBMUJGOTFENjE0NERCRF9tdF8xX3ZpZGVvX2Rhc2hpbml0Lm1wNBUAAsgBEgAVAhhAZmJfcGVybWFuZW50L0RGNDQ5MTZGQzU4OTIyMkIwNjgxOTVERDkyNzRCMTg1X2F1ZGlvX2Rhc2hpbml0Lm1wNBUCAsgBEgAoABgAGwKIB3VzZV9vaWwBMRJwcm9ncmVzc2l2ZV9yZWNpcGUBMRUAACb8qKz37oK7BRUCKAJDMywXQEuVP3ztkWgYGWRhc2hfaDI2NC1iYXNpYy1nZW4yXzcyMHARAHUAZbaeAQA&_nc_gid=-q-Ypi9_HwJHcDeWQsU0VA&_nc_ss=7f289&_nc_zt=28&oh=00_AQCfPFY-5YPHmYLOIpoDpPGxf0EhzKbWhA3744-TW0VaiA&oe=6A57E6D0,https://scontent.fblr20-2.fna.fbcdn.net/v/t39.35426-6/728984482_1043403338257353_6845135591696969936_n.jpg?_nc_cat=111&ccb=1-7&_nc_sid=c53f8f&_nc_ohc=L3o5_UjSM84Q7kNvwE5Q9Dn&_nc_oc=Adoru-HPtb-S1xpkpUrO6EiWrlSHyL712UYM8up9f8PSIVsyg7u_NXcnKg3rFzCRsAi9VaL_FbAK8y-OfVzdemD-&_nc_zt=14&_nc_ht=scontent.fblr20-2.fna&_nc_gid=-q-Ypi9_HwJHcDeWQsU0VA&_nc_ss=7f289&oh=00_AQDDI6SIvt6xfeJRLbWh_J6Q0--GLQcXp0yzQ3COdzG1RA&oe=6A57C8FF,2026-07-15T20:00:16.000Z,2026-07-11,https://pub-893b4a6a607b4221a894bf861da7914e.r2.dev/1967353097232627.mp4
116,110,Lingo AI,599204246602758,Lingo AI,,IN,888239487656454,https://www.facebook.com/ads/library/?id=888239487656454,2026-06-25,,true,false,1,0,,2026-06-25,,"🌍 Learn real English for everyday life 
🗣 Practice speaking with simple lessons 
⏱ Just 5 minutes a day
👉 Download now",👇 Start now,Download,https://speaklearnfrenchlingoai.onelink.me/Y67n?pid=metaweb_int&c={{campaign.name}}&af_c_id={{campaign.id}}&af_adset={{adset.name}}&af_adset_id={{adset.id}}&af_ad={{ad.name}}&af_ad_id={{ad.id}}&af_siteid={{site_source_name}},"Facebook,Instagram,Audience Network,Messenger,Threads","🌍 Learn real English for everyday life 
🗣 Practice speaking with simple lessons 
⏱ Just 5 minutes a day
👉 Download now",👇 Start now,Download,https://speaklearnfrenchlingoai.onelink.me/Y67n?pid=metaweb_int&c={{campaign.name}}&af_c_id={{campaign.id}}&af_adset={{adset.name}}&af_adset_id={{adset.id}}&af_ad={{ad.name}}&af_ad_id={{ad.id}}&af_siteid={{site_source_name}},Video,"Facebook,Instagram,Audience Network,Messenger,Threads",1,0,9:16,https://video.fblr20-2.fna.fbcdn.net/o1/v/t2/f2/m366/AQPVieBn3VoWg6hepavHnK1R7m7GD0JBaHJToZNyPmg87M711FSC1BBR7OhyfqkLxt9oNEeOQcG15mpECYAZsthjJGOgOOQoTUkWndEi6bW7Cw.mp4?_nc_cat=111&_nc_oc=Adp9CQPIxmvEfmgBZIX9h7z1kU0kM9F4v0YzOBixdw4Cu2ebgrbUp-u3V-E-V7YsbfNbT1edfIlu-jO87HFLl2k_&_nc_sid=b66105&_nc_ht=video.fblr20-2.fna.fbcdn.net&_nc_ohc=UU5OrysE4EUQ7kNvwHXIEzT&efg=eyJ2ZW5jb2RlX3RhZyI6Inhwdl9wcm9ncmVzc2l2ZS5WSV9VU0VDQVNFX1BST0RVQ1RfVFlQRS4uQzMuNzIwLmRhc2hfaDI2NC1iYXNpYy1nZW4yXzcyMHAiLCJ4cHZfYXNzZXRfaWQiOjEzMTQyMDUzNTQxNzA4NDQsImFzc2V0X2FnZV9kYXlzIjoxNiwidmlfdXNlY2FzZV9pZCI6MTAxMzksImR1cmF0aW9uX3MiOjI2LCJ1cmxnZW5fc291cmNlIjoid3d3In0%3D&ccb=17-1&vs=ee1ee5351fc09b38&_nc_vs=HBksFQIYRWZiX2VwaGVtZXJhbC8zRjRBRTU4QzRDQTg4RTI1OEQwQ0ZENzVCQ0MyNDc5MV9tdF8xX3ZpZGVvX2Rhc2hpbml0Lm1wNBUAAsgBEgAVAhhAZmJfcGVybWFuZW50L0UyNDg2OTdDQTc1QTU3ODRCNEJDNTc2NDgxRkIxMzk1X2F1ZGlvX2Rhc2hpbml0Lm1wNBUCAsgBEgAoABgAGwKIB3VzZV9vaWwBMRJwcm9ncmVzc2l2ZV9yZWNpcGUBMRUAACa45-D06NDVBBUCKAJDMywXQDoIcrAgxJwYGWRhc2hfaDI2NC1iYXNpYy1nZW4yXzcyMHARAHUAZbaeAQA&_nc_gid=-q-Ypi9_HwJHcDeWQsU0VA&_nc_ss=7f289&_nc_zt=28&oh=00_AQBjVzIYkauF74xeLno4mBX7wo0AHKbVqG8xl4DDmhA9GQ&oe=6A57EEBD,https://scontent.fblr20-2.fna.fbcdn.net/v/t39.35426-6/727834651_1022299363785423_2375699905543062785_n.jpg?_nc_cat=102&ccb=1-7&_nc_sid=c53f8f&_nc_ohc=LeuV_J_1J4oQ7kNvwEQyjgk&_nc_oc=AdqOUzveFmzXGpe-dRPrTnNmApfZpbfvam04tgb-f9cRPxyCHBluH6z6BqfqPDpFbB8jmuHyKXpuOM6gdMyCNC_h&_nc_zt=14&_nc_ht=scontent.fblr20-2.fna&_nc_gid=-q-Ypi9_HwJHcDeWQsU0VA&_nc_ss=7f289&oh=00_AQDMB-MLVMIQxlzjVAs9OYGlpln5Mz2k2ED3GAHB9gejDg&oe=6A57F837,2026-07-15T20:34:05.000Z,2026-07-11,https://pub-893b4a6a607b4221a894bf861da7914e.r2.dev/888239487656454.mp4
117,111,Lingo AI,599204246602758,Lingo AI,,IN,1635215360918989,https://www.facebook.com/ads/library/?id=1635215360918989,2026-06-17,,true,false,1,0,,2026-06-17,,"📘 Learn English easily with simple lessons 
😊 Build confidence with everyday speaking practice 
👉 Download now",👉 Download now,Download,https://speaklearnfrenchlingoai.onelink.me/Y67n?pid=metaweb_int&c={{campaign.name}}&af_c_id={{campaign.id}}&af_adset={{adset.name}}&af_adset_id={{adset.id}}&af_ad={{ad.name}}&af_ad_id={{ad.id}}&af_siteid={{site_source_name}},"Facebook,Instagram,Audience Network,Messenger,Threads","📘 Learn English easily with simple lessons 
😊 Build confidence with everyday speaking practice 
👉 Download now",👉 Download now,Download,https://speaklearnfrenchlingoai.onelink.me/Y67n?pid=metaweb_int&c={{campaign.name}}&af_c_id={{campaign.id}}&af_adset={{adset.name}}&af_adset_id={{adset.id}}&af_ad={{ad.name}}&af_ad_id={{ad.id}}&af_siteid={{site_source_name}},Video,"Facebook,Instagram,Audience Network,Messenger,Threads",1,0,9:16,https://video.fblr20-1.fna.fbcdn.net/o1/v/t2/f2/m366/AQM2UUH0u8cIh16dc-dxS18gCXkwlXLG30BWcurHkJrnaAOc08HpzVMOns-KBscu7QY_nBbkbg3S4UdDxUGT_5Ig3vOQ3GQjp2yRXJPsZ8Br2A.mp4?_nc_cat=110&_nc_oc=AdrBptOpZn8hUhC7r3h7R8wjSKYOLSmdovXVAHTO6Ounzu3PMPaCnHuMSoik-Dh4MIrwYvQcWb8EshnMeu1sPHRZ&_nc_sid=b66105&_nc_ht=video.fblr20-1.fna.fbcdn.net&_nc_ohc=oL-H9YLCIRQQ7kNvwGbrPk0&efg=eyJ2ZW5jb2RlX3RhZyI6Inhwdl9wcm9ncmVzc2l2ZS5WSV9VU0VDQVNFX1BST0RVQ1RfVFlQRS4uQzMuNjA4LmRhc2hfaDI2NC1iYXNpYy1nZW4yXzcyMHAiLCJ4cHZfYXNzZXRfaWQiOjE3Mjk5Njc5NTE3ODUwNjAsImFzc2V0X2FnZV9kYXlzIjozMiwidmlfdXNlY2FzZV9pZCI6MTAxMzksImR1cmF0aW9uX3MiOjI5LCJ1cmxnZW5fc291cmNlIjoid3d3In0%3D&ccb=17-1&vs=a579241c4ad9e299&_nc_vs=HBksFQIYRWZiX2VwaGVtZXJhbC81QTQ0NEIxQjI1NjdDNUEzRDQ2RkVENjYwOTJFQUQ4Rl9tdF8xX3ZpZGVvX2Rhc2hpbml0Lm1wNBUAAsgBEgAVAhhAZmJfcGVybWFuZW50Lzc5NDhCNDBFQjBCMDQ2MTRGNUI1NjNDMUUwNTg1QjhEX2F1ZGlvX2Rhc2hpbml0Lm1wNBUCAsgBEgAoABgAGwKIB3VzZV9vaWwBMRJwcm9ncmVzc2l2ZV9yZWNpcGUBMRUAACbIsenTsdmSBhUCKAJDMywXQD27peNT988YGWRhc2hfaDI2NC1iYXNpYy1nZW4yXzcyMHARAHUAZbaeAQA&_nc_gid=-q-Ypi9_HwJHcDeWQsU0VA&_nc_ss=7f289&_nc_zt=28&oh=00_AQDi1jfJ5lGAHFFIwFJfAPKO9PknlLQvgzHlTCrWiERgFA&oe=6A57EAA6,https://scontent.fblr20-1.fna.fbcdn.net/v/t39.35426-6/723624946_1048706871058218_8185705288274246381_n.jpg?_nc_cat=110&ccb=1-7&_nc_sid=c53f8f&_nc_ohc=db0gSRXhfFwQ7kNvwEzxKg5&_nc_oc=AdoEQXi3AX4twAskhZbhfN901YEgB6bva9NTOi7Ub9WHlaZw2Ll8V0-3wAJbfbtNbzKQnH6JGb8YnST_ZGsjm8JA&_nc_zt=14&_nc_ht=scontent.fblr20-1.fna&_nc_gid=-q-Ypi9_HwJHcDeWQsU0VA&_nc_ss=7f289&oh=00_AQCIQXFHeANrxg3tWvP5NyJxi7J8uY8Rj0CmQivtJAhcQA&oe=6A57F9ED,2026-07-15T20:16:38.000Z,2026-07-11,https://pub-893b4a6a607b4221a894bf861da7914e.r2.dev/1635215360918989.mp4
118,112,Lingo AI,599204246602758,Lingo AI,,IN,27769826902701872,https://www.facebook.com/ads/library/?id=27769826902701872,2026-07-07,,true,false,1,0,,2026-07-07,,"🌟 Want to improve your English? 
📱 Learn anytime in just minutes a day 
💬 Build real speaking confidence 
👉 Download now",👉 Download now,Download,https://speaklearnfrenchlingoai.onelink.me/Y67n?pid=metaweb_int&c={{campaign.name}}&af_c_id={{campaign.id}}&af_adset={{adset.name}}&af_adset_id={{adset.id}}&af_ad={{ad.name}}&af_ad_id={{ad.id}}&af_siteid={{site_source_name}},"Facebook,Instagram,Audience Network,Messenger,Threads","🌟 Want to improve your English? 
📱 Learn anytime in just minutes a day 
💬 Build real speaking confidence 
👉 Download now",👉 Download now,Download,https://speaklearnfrenchlingoai.onelink.me/Y67n?pid=metaweb_int&c={{campaign.name}}&af_c_id={{campaign.id}}&af_adset={{adset.name}}&af_adset_id={{adset.id}}&af_ad={{ad.name}}&af_ad_id={{ad.id}}&af_siteid={{site_source_name}},Video,"Facebook,Instagram,Audience Network,Messenger,Threads",1,0,9:16,https://video.fblr20-1.fna.fbcdn.net/o1/v/t2/f2/m366/AQNSrxdqmaCLVSaEFg17pAlLEzz3gBz0_MdF4Cx3X7tS9RkXULASx9Y0rDKQmnMdN1X2yyTACtbamtOUTxjPV57wBJQV-hkuJMltZj9SUNr1LA.mp4?_nc_cat=110&_nc_oc=AdpziSPBIm9qt14eMuIWyNKhupkvaedgrkoM97o0Ukf_j2ITtmdKdU2jFu-WjPN6z1LpYkhTjvghUVQc-AHgKHnG&_nc_sid=b66105&_nc_ht=video.fblr20-1.fna.fbcdn.net&_nc_ohc=sdMYJDLg5bAQ7kNvwFQbhHT&efg=eyJ2ZW5jb2RlX3RhZyI6Inhwdl9wcm9ncmVzc2l2ZS5WSV9VU0VDQVNFX1BST0RVQ1RfVFlQRS4uQzMuNzIwLmRhc2hfaDI2NC1iYXNpYy1nZW4yXzcyMHAiLCJ4cHZfYXNzZXRfaWQiOjE0MDk1MTg5MzA5ODc2ODksImFzc2V0X2FnZV9kYXlzIjo0LCJ2aV91c2VjYXNlX2lkIjoxMDEzOSwiZHVyYXRpb25fcyI6NjUsInVybGdlbl9zb3VyY2UiOiJ3d3cifQ%3D%3D&ccb=17-1&vs=eff3a49195c31103&_nc_vs=HBksFQIYRWZiX2VwaGVtZXJhbC9BNjRFNDY2QkRCRjNCRkFFRDJENDJENTEyRUVDQjY5Nl9tdF8xX3ZpZGVvX2Rhc2hpbml0Lm1wNBUAAsgBEgAVAhhAZmJfcGVybWFuZW50LzA2NDVGMTEwQThCMTlENEYyNTA0MUFGNzNFMzYxQUE3X2F1ZGlvX2Rhc2hpbml0Lm1wNBUCAsgBEgAoABgAGwKIB3VzZV9vaWwBMRJwcm9ncmVzc2l2ZV9yZWNpcGUBMRUAACbSqvyy5vyABRUCKAJDMywXQFB90vGp--cYGWRhc2hfaDI2NC1iYXNpYy1nZW4yXzcyMHARAHUAZbaeAQA&_nc_gid=-q-Ypi9_HwJHcDeWQsU0VA&_nc_ss=7f289&_nc_zt=28&oh=00_AQCBmZLBdXRYUP6H-gC2QLd1CFr9_HUrByfb93I-08rMHg&oe=6A57DCFA,https://scontent.fblr20-2.fna.fbcdn.net/v/t39.35426-6/741948358_4562645317290866_2711634309199525597_n.jpg?_nc_cat=111&ccb=1-7&_nc_sid=c53f8f&_nc_ohc=i2TsJkOsCjEQ7kNvwGcVd7i&_nc_oc=AdotL36hcJsiCf84dUugUcs-UPZyIJyE1S09NXY04gZxHFU16WwseNv5weBmL-B9u58f5v-8EfBLlEqUiKGAXRfI&_nc_zt=14&_nc_ht=scontent.fblr20-2.fna&_nc_gid=-q-Ypi9_HwJHcDeWQsU0VA&_nc_ss=7f289&oh=00_AQDagJWTXmjSGJpvmeorHQhbizF__dzpeKDeOFdzi3xvCg&oe=6A57CABD,2026-07-15T19:18:18.000Z,2026-07-11,https://pub-893b4a6a607b4221a894bf861da7914e.r2.dev/27769826902701872.mp4
119,113,Lingo AI,599204246602758,Lingo AI,,IN,2085395099082017,https://www.facebook.com/ads/library/?id=2085395099082017,2026-07-08,,false,false,1,0,,2026-07-08,,"📘 Learn English easily with simple lessons 
😊 Build confidence with everyday speaking practice 
👉 Download now",👉 Download now,Download,https://speaklearnfrenchlingoai.onelink.me/Y67n?pid=metaweb_int&c={{campaign.name}}&af_c_id={{campaign.id}}&af_adset={{adset.name}}&af_adset_id={{adset.id}}&af_ad={{ad.name}}&af_ad_id={{ad.id}}&af_siteid={{site_source_name}},"Facebook,Instagram,Audience Network,Messenger,Threads","📘 Learn English easily with simple lessons 
😊 Build confidence with everyday speaking practice 
👉 Download now",👉 Download now,Download,https://speaklearnfrenchlingoai.onelink.me/Y67n?pid=metaweb_int&c={{campaign.name}}&af_c_id={{campaign.id}}&af_adset={{adset.name}}&af_adset_id={{adset.id}}&af_ad={{ad.name}}&af_ad_id={{ad.id}}&af_siteid={{site_source_name}},Video,"Facebook,Instagram,Audience Network,Messenger,Threads",1,0,9:16,https://video.fblr20-2.fna.fbcdn.net/o1/v/t2/f2/m366/AQO6g_3zHH4SNavIBViC640Q5V9md0ABttJB0-WjoKwCioQDl4qJ5ZrZhe8IVB7zh4gWQaSRa3yUb2_lFylxZI0H8oS4lITTtJMmdvoz9q_2Qw.mp4?_nc_cat=104&_nc_oc=Ado1Hu8ADvS3Rz78G9bWkmVbHsmu5s15OL7FBN46OtMh7ndk5seaXEqGqiXaFk_37KPpw4pcugQfcUeRIhQgIVxv&_nc_sid=b66105&_nc_ht=video.fblr20-2.fna.fbcdn.net&_nc_ohc=QFf8XqqF4a4Q7kNvwHz-IqX&efg=eyJ2ZW5jb2RlX3RhZyI6Inhwdl9wcm9ncmVzc2l2ZS5WSV9VU0VDQVNFX1BST0RVQ1RfVFlQRS4uQzMuNjA4LmRhc2hfaDI2NC1iYXNpYy1nZW4yXzcyMHAiLCJ4cHZfYXNzZXRfaWQiOjEzNjk2MjY4NTE5MzI4NDEsImFzc2V0X2FnZV9kYXlzIjoxLCJ2aV91c2VjYXNlX2lkIjoxMDEzOSwiZHVyYXRpb25fcyI6MzQsInVybGdlbl9zb3VyY2UiOiJ3d3cifQ%3D%3D&ccb=17-1&vs=a264c83fd23b7b1d&_nc_vs=HBksFQIYRWZiX2VwaGVtZXJhbC85NjRCM0UxMTNDQkUyQzVEOUM5MjJFMUIxOTJFMDVCMV9tdF8xX3ZpZGVvX2Rhc2hpbml0Lm1wNBUAAsgBEgAVAhhAZmJfcGVybWFuZW50LzM3NEMzQ0QzMTdFMTQzRDlEODVEQTk1Qjc1OURGRkI0X2F1ZGlvX2Rhc2hpbml0Lm1wNBUCAsgBEgAoABgAGwKIB3VzZV9vaWwBMRJwcm9ncmVzc2l2ZV9yZWNpcGUBMRUAACbS6t-f4-ruBBUCKAJDMywXQEFiDEm6XjUYGWRhc2hfaDI2NC1iYXNpYy1nZW4yXzcyMHARAHUAZbaeAQA&_nc_gid=-q-Ypi9_HwJHcDeWQsU0VA&_nc_ss=7f289&_nc_zt=28&oh=00_AQAoVKpSmN9sg0akzCaw6l3JMGXMWykhPe-dipW6G2EBpw&oe=6A57E4CC,https://scontent.fblr20-1.fna.fbcdn.net/v/t39.35426-6/742096380_2288915801912429_5520694431563014645_n.jpg?_nc_cat=110&ccb=1-7&_nc_sid=c53f8f&_nc_ohc=kgPRu-N9MtgQ7kNvwHSgcgp&_nc_oc=AdpdYJqF7Dk7TcmehiMolvZ13RHMzCDmzbpwnFjIKVm2zp_3aat7mIuEBiw4Ph5tgiGCmnj1KXuA-TGdT49uADkz&_nc_zt=14&_nc_ht=scontent.fblr20-1.fna&_nc_gid=-q-Ypi9_HwJHcDeWQsU0VA&_nc_ss=7f289&oh=00_AQAwi51UP6Vrx4GWYmXqEo4-_9pTxRbFI5Dd3SgSBNDjDw&oe=6A57DFAF,2026-07-15T19:51:40.000Z,2026-07-11,https://pub-893b4a6a607b4221a894bf861da7914e.r2.dev/2085395099082017.mp4
120,114,Lingo AI,599204246602758,Lingo AI,,IN,1016181760769430,https://www.facebook.com/ads/library/?id=1016181760769430,2026-06-24,,true,false,1,0,,2026-06-24,,"🌍 Learn real English for everyday life 
🗣 Practice speaking with simple lessons 
⏱ Just 5 minutes a day
👉 Download now",👇 Start now,Download,https://speaklearnfrenchlingoai.onelink.me/Y67n?pid=metaweb_int&c={{campaign.name}}&af_c_id={{campaign.id}}&af_adset={{adset.name}}&af_adset_id={{adset.id}}&af_ad={{ad.name}}&af_ad_id={{ad.id}}&af_siteid={{site_source_name}},"Facebook,Instagram,Audience Network,Messenger,Threads","🌍 Learn real English for everyday life 
🗣 Practice speaking with simple lessons 
⏱ Just 5 minutes a day
👉 Download now",👇 Start now,Download,https://speaklearnfrenchlingoai.onelink.me/Y67n?pid=metaweb_int&c={{campaign.name}}&af_c_id={{campaign.id}}&af_adset={{adset.name}}&af_adset_id={{adset.id}}&af_ad={{ad.name}}&af_ad_id={{ad.id}}&af_siteid={{site_source_name}},Video,"Facebook,Instagram,Audience Network,Messenger,Threads",1,0,9:16,https://video.fblr20-1.fna.fbcdn.net/o1/v/t2/f2/m366/AQMLdegYVQx-wQan3OIsvkHfqHHzVEMq31wI0WLqQkncJnpMSb5l_iEXhtVApBbxn8bFbewTbte-t75gyTKdk8eXGMAmykoL28ei0ImnphmjlA.mp4?_nc_cat=110&_nc_oc=Adp0kcCcLRKTd5S3SuhXden4RyIir-J55FgnnQTRq0Yqxve9Ld9vT4TcPs3-v-cX6jc_k2eOWJwYwhjIGL6cfjDM&_nc_sid=b66105&_nc_ht=video.fblr20-1.fna.fbcdn.net&_nc_ohc=i1pBG30jrcQQ7kNvwE9yWxI&efg=eyJ2ZW5jb2RlX3RhZyI6Inhwdl9wcm9ncmVzc2l2ZS5WSV9VU0VDQVNFX1BST0RVQ1RfVFlQRS4uQzMuNzIwLmRhc2hfaDI2NC1iYXNpYy1nZW4yXzcyMHAiLCJ4cHZfYXNzZXRfaWQiOjE3NTU5NDQyODg5MTI4MjQsImFzc2V0X2FnZV9kYXlzIjoxOCwidmlfdXNlY2FzZV9pZCI6MTAxMzksImR1cmF0aW9uX3MiOjI2LCJ1cmxnZW5fc291cmNlIjoid3d3In0%3D&ccb=17-1&vs=da3ee35aea1c0cc3&_nc_vs=HBksFQIYRWZiX2VwaGVtZXJhbC85QzQ5NzI0ODYwNTJENjZENDIwMzBDOEMzREZEOTNCRV9tdF8xX3ZpZGVvX2Rhc2hpbml0Lm1wNBUAAsgBEgAVAhhAZmJfcGVybWFuZW50L0VGNEQ0MkVDODc3RDdCNDZGRDRBNzI3RUM3NUY1MzkzX2F1ZGlvX2Rhc2hpbml0Lm1wNBUCAsgBEgAoABgAGwKIB3VzZV9vaWwBMRJwcm9ncmVzc2l2ZV9yZWNpcGUBMRUAACbwlrC5tMGeBhUCKAJDMywXQDoQ5WBBiTcYGWRhc2hfaDI2NC1iYXNpYy1nZW4yXzcyMHARAHUAZbaeAQA&_nc_gid=-q-Ypi9_HwJHcDeWQsU0VA&_nc_ss=7f289&_nc_zt=28&oh=00_AQCpAK4V7KR0S65dgnfwSMzCTth-jHjXAgx2yL2aVtbzcw&oe=6A57F7B6,https://scontent.fblr20-3.fna.fbcdn.net/v/t39.35426-6/729939748_2091412085591918_3132262698355348447_n.jpg?_nc_cat=100&ccb=1-7&_nc_sid=c53f8f&_nc_ohc=ZKEKHXT3m-gQ7kNvwFTCvg-&_nc_oc=AdraDbIg6WmPMRhB6by15foMTs3QNSQdOFTVbCzNEsNnqItXnPBoKbjJIk-Y3G9yG9Bmq6hHKNppRSWgbIKV2FHX&_nc_zt=14&_nc_ht=scontent.fblr20-3.fna&_nc_gid=-q-Ypi9_HwJHcDeWQsU0VA&_nc_ss=7f289&oh=00_AQB7SNezIGT0Vh9FPHOKg9heo_hDwzd6Jj9SHj4dVAdbJQ&oe=6A57DCC8,2026-07-15T21:12:22.000Z,2026-07-11,https://pub-893b4a6a607b4221a894bf861da7914e.r2.dev/1016181760769430.mp4
121,115,Lingo AI,599204246602758,Lingo AI,,IN,4502343840085095,https://www.facebook.com/ads/library/?id=4502343840085095,2026-07-07,,false,false,1,0,,2026-07-07,,"🚀 Master English Faster, Just 5 Minutes a Day!
🥳 Join Learners Who Found a Fun Way to Master a Language!
✨ Our mission is to unlock your English.",✨Try it now~,Install now,http://itunes.apple.com/app/id6740255326,"Facebook,Instagram,Audience Network,Messenger,Threads","🚀 Master English Faster, Just 5 Minutes a Day!
🥳 Join Learners Who Found a Fun Way to Master a Language!
✨ Our mission is to unlock your English.",✨Try it now~,Install now,http://itunes.apple.com/app/id6740255326,Video,"Facebook,Instagram,Audience Network,Messenger,Threads",1,0,9:16,https://video.fblr20-2.fna.fbcdn.net/o1/v/t2/f2/m366/AQPb4C0C33I4XXrX1TWb1wr0X5TYk2c-EIKVsur-b0GTKNai8pvHBthh0FdnHs1wlO1bFBXQYsZDRL4xIOeBKuVPYVpzlzQL8Y699LqV3gHVEQ.mp4?_nc_cat=102&_nc_oc=AdpIErI5Mrk72XPGkGio7EAamKRNHa4UKP7AX2pJzq7wEFwl0KQdbtpbwlCm0j4QgWaZn2-UyVhu3R3fmz1YMOOo&_nc_sid=b66105&_nc_ht=video.fblr20-2.fna.fbcdn.net&_nc_ohc=dBdw8pmce_IQ7kNvwGmHw5A&efg=eyJ2ZW5jb2RlX3RhZyI6Inhwdl9wcm9ncmVzc2l2ZS5WSV9VU0VDQVNFX1BST0RVQ1RfVFlQRS4uQzMuNjA4LmRhc2hfaDI2NC1iYXNpYy1nZW4yXzcyMHAiLCJ4cHZfYXNzZXRfaWQiOjMxMDk4MzMyMTU4Njg3MTYsImFzc2V0X2FnZV9kYXlzIjoyLCJ2aV91c2VjYXNlX2lkIjoxMDEzOSwiZHVyYXRpb25fcyI6MzgsInVybGdlbl9zb3VyY2UiOiJ3d3cifQ%3D%3D&ccb=17-1&vs=feade7466c1a0a14&_nc_vs=HBksFQIYRWZiX2VwaGVtZXJhbC82RTRFRDQwRDc0RDEyNDNFREU0RERBRjdBNjc2RDQ4OV9tdF8xX3ZpZGVvX2Rhc2hpbml0Lm1wNBUAAsgBEgAVAhhAZmJfcGVybWFuZW50L0JCNEEyNzk0RTVDODQ3QjhGNzM0Njg1NUYzODM3REE2X2F1ZGlvX2Rhc2hpbml0Lm1wNBUCAsgBEgAoABgAGwKIB3VzZV9vaWwBMRJwcm9ncmVzc2l2ZV9yZWNpcGUBMRUAACbY_KOCj5iGCxUCKAJDMywXQENMzMzMzM0YGWRhc2hfaDI2NC1iYXNpYy1nZW4yXzcyMHARAHUAZbaeAQA&_nc_gid=7VqqgwMQS9LzYlD2sMb6XA&_nc_ss=7f289&_nc_zt=28&oh=00_AQAHYxkstxCZyg-TCBEwOFNf1BQ4-v9TBFBU4lnGOa8c_Q&oe=6A57CC66,https://scontent.fblr20-2.fna.fbcdn.net/v/t39.35426-6/742345819_3632830280191500_2806282702941723122_n.jpg?_nc_cat=102&ccb=1-7&_nc_sid=c53f8f&_nc_ohc=G3OcR9ReH9MQ7kNvwH9IMXt&_nc_oc=AdpV-J1nQ-IA5yssbtqIlq6sM3_oc7zs_HtcebEv-o3c610qJZd5hADZntX6mk00m-SMvlV3SbkZSEctVaqpZ5x8&_nc_zt=14&_nc_ht=scontent.fblr20-2.fna&_nc_gid=7VqqgwMQS9LzYlD2sMb6XA&_nc_ss=7f289&oh=00_AQCaHRq0FRPPYwNehMs8XzPwKypeFjwcraag0kXs9lJkdg&oe=6A57D51A,2026-07-15T18:07:34.000Z,2026-07-11,https://pub-893b4a6a607b4221a894bf861da7914e.r2.dev/4502343840085095.mp4
122,116,Lingo AI,599204246602758,Lingo AI,,IN,927001883738955,https://www.facebook.com/ads/library/?id=927001883738955,2026-07-08,,false,false,1,0,,2026-07-08,,"📘 Learn English easily with simple lessons 
😊 Build confidence with everyday speaking practice 
👉 Download now",👉 Download now,Download,https://speaklearnfrenchlingoai.onelink.me/Y67n?pid=metaweb_int&c={{campaign.name}}&af_c_id={{campaign.id}}&af_adset={{adset.name}}&af_adset_id={{adset.id}}&af_ad={{ad.name}}&af_ad_id={{ad.id}}&af_siteid={{site_source_name}},"Facebook,Instagram,Audience Network,Messenger,Threads","📘 Learn English easily with simple lessons 
😊 Build confidence with everyday speaking practice 
👉 Download now",👉 Download now,Download,https://speaklearnfrenchlingoai.onelink.me/Y67n?pid=metaweb_int&c={{campaign.name}}&af_c_id={{campaign.id}}&af_adset={{adset.name}}&af_adset_id={{adset.id}}&af_ad={{ad.name}}&af_ad_id={{ad.id}}&af_siteid={{site_source_name}},Video,"Facebook,Instagram,Audience Network,Messenger,Threads",1,0,9:16,https://video.fblr20-4.fna.fbcdn.net/o1/v/t2/f2/m366/AQMKufwjf2quKTQC0iJTwL6YNpIv7VtofZi35p-V0J58HKenYPTUHXY-hrqTUm-Q4-mSnNkvD3MAsIhWPwXDV1XR4RAAbOc8N7c9fCV1lLm6mQ.mp4?_nc_cat=106&_nc_oc=Adr8lBPEF6DzlBUhKdS65RH76G6RLpHbSWUjbvC6iYlfMQKTA5APIj4GFAg2P2AzUWy2FfQFBn5mcsikdlS-cEcJ&_nc_sid=b66105&_nc_ht=video.fblr20-4.fna.fbcdn.net&_nc_ohc=IRU_ApHek1sQ7kNvwEW28nz&efg=eyJ2ZW5jb2RlX3RhZyI6Inhwdl9wcm9ncmVzc2l2ZS5WSV9VU0VDQVNFX1BST0RVQ1RfVFlQRS4uQzMuNjA4LmRhc2hfaDI2NC1iYXNpYy1nZW4yXzcyMHAiLCJ4cHZfYXNzZXRfaWQiOjEwNTU4OTAwNzAzMzc0NzksImFzc2V0X2FnZV9kYXlzIjoxLCJ2aV91c2VjYXNlX2lkIjoxMDEzOSwiZHVyYXRpb25fcyI6MzMsInVybGdlbl9zb3VyY2UiOiJ3d3cifQ%3D%3D&ccb=17-1&vs=97f6630c3d418f9&_nc_vs=HBksFQIYRWZiX2VwaGVtZXJhbC8zNTRGQkJBRkVGNjk2MkY0ODNGNTRGNzBBNUQxNkNBN19tdF8xX3ZpZGVvX2Rhc2hpbml0Lm1wNBUAAsgBEgAVAhhAZmJfcGVybWFuZW50L0U2NDA1NDAxMjM3QkNGOURBODkyQTA5NDAyRTU0NjlFX2F1ZGlvX2Rhc2hpbml0Lm1wNBUCAsgBEgAoABgAGwKIB3VzZV9vaWwBMRJwcm9ncmVzc2l2ZV9yZWNpcGUBMRUAACaO34OJ8pTgAxUCKAJDMywXQEDZmZmZmZoYGWRhc2hfaDI2NC1iYXNpYy1nZW4yXzcyMHARAHUAZbaeAQA&_nc_gid=7VqqgwMQS9LzYlD2sMb6XA&_nc_ss=7f289&_nc_zt=28&oh=00_AQAWBEcefTkNrYXuuvnmCpXyYYB1T4qnBahFG3HJY3zUoQ&oe=6A57DD62,https://scontent.fblr20-4.fna.fbcdn.net/v/t39.35426-6/742929972_1060957816271583_2739378293334899322_n.jpg?_nc_cat=101&ccb=1-7&_nc_sid=c53f8f&_nc_ohc=Bg2_haKI7wMQ7kNvwGtUB26&_nc_oc=AdrPlBm7zR2_6o55CnOvgL24qywtxQBzkWkc4Zg0IOmZ2-tc8-HQgNXH9bgFQTnUnGo_IOz1vXMWEDS86rAiFlGw&_nc_zt=14&_nc_ht=scontent.fblr20-4.fna&_nc_gid=7VqqgwMQS9LzYlD2sMb6XA&_nc_ss=7f289&oh=00_AQCsmy7fGwb4WkOPYTbw3wSvJuhmNk76w6gTpitBFdHJOg&oe=6A57D8A9,2026-07-15T19:20:02.000Z,2026-07-11,https://pub-893b4a6a607b4221a894bf861da7914e.r2.dev/927001883738955.mp4
123,117,Lingo AI,599204246602758,Lingo AI,,IN,1016600137901431,https://www.facebook.com/ads/library/?id=1016600137901431,2026-07-01,,true,false,1,0,,2026-07-01,,"🌍 Learn real English for everyday life 
🗣 Practice speaking with simple lessons 
⏱ Just 5 minutes a day 
👉 Download now",👉 Download now,Download,https://speaklearnfrenchlingoai.onelink.me/Y67n?pid=metaweb_int&c={{campaign.name}}&af_c_id={{campaign.id}}&af_adset={{adset.name}}&af_adset_id={{adset.id}}&af_ad={{ad.name}}&af_ad_id={{ad.id}}&af_siteid={{site_source_name}},"Facebook,Instagram,Audience Network,Messenger,Threads","🌍 Learn real English for everyday life 
🗣 Practice speaking with simple lessons 
⏱ Just 5 minutes a day 
👉 Download now",👉 Download now,Download,https://speaklearnfrenchlingoai.onelink.me/Y67n?pid=metaweb_int&c={{campaign.name}}&af_c_id={{campaign.id}}&af_adset={{adset.name}}&af_adset_id={{adset.id}}&af_ad={{ad.name}}&af_ad_id={{ad.id}}&af_siteid={{site_source_name}},Video,"Facebook,Instagram,Audience Network,Messenger,Threads",1,0,9:16,https://video.fblr20-3.fna.fbcdn.net/o1/v/t2/f2/m366/AQNBPmJlZ_ni_0LIpnRK_B0zOJfEa7GtrI1HwuU06XjOoIqeGpICgjhGM28FFuWFVuFvQGr14edrYvyou9aSxDkvw8NDd9Hc9gZTjnpD3iyHjw.mp4?_nc_cat=100&_nc_oc=AdoZoLfstEcFTENbmssGyLL8QOZMwEVHxLZgvpzKYZi2a8sP8UCWLCcV8iU5RjDL_PhQJSN_Vg42GO1rhr2yHDnZ&_nc_sid=b66105&_nc_ht=video.fblr20-3.fna.fbcdn.net&_nc_ohc=PTMNCAptg-MQ7kNvwHMoZwz&efg=eyJ2ZW5jb2RlX3RhZyI6Inhwdl9wcm9ncmVzc2l2ZS5WSV9VU0VDQVNFX1BST0RVQ1RfVFlQRS4uQzMuNjA4LmRhc2hfaDI2NC1iYXNpYy1nZW4yXzcyMHAiLCJ4cHZfYXNzZXRfaWQiOjE1NTA4ODkyMzY0MTg4NzMsImFzc2V0X2FnZV9kYXlzIjo4LCJ2aV91c2VjYXNlX2lkIjoxMDEzOSwiZHVyYXRpb25fcyI6MjMsInVybGdlbl9zb3VyY2UiOiJ3d3cifQ%3D%3D&ccb=17-1&vs=4f6b21989d8c89fd&_nc_vs=HBksFQIYRWZiX2VwaGVtZXJhbC8yRDRDODdEQzIzQzBBMjhFMUU4OTdBOTJDMjQ0NDA4MF9tdF8xX3ZpZGVvX2Rhc2hpbml0Lm1wNBUAAsgBEgAVAhhAZmJfcGVybWFuZW50L0FGNDcxODY1N0JGNjY3NjdCOTQyMjg4NDRFODZEQ0EwX2F1ZGlvX2Rhc2hpbml0Lm1wNBUCAsgBEgAoABgAGwKIB3VzZV9vaWwBMRJwcm9ncmVzc2l2ZV9yZWNpcGUBMRUAACbyxK6g0aHBBRUCKAJDMywXQDfMzMzMzM0YGWRhc2hfaDI2NC1iYXNpYy1nZW4yXzcyMHARAHUAZbaeAQA&_nc_gid=7VqqgwMQS9LzYlD2sMb6XA&_nc_ss=7f289&_nc_zt=28&oh=00_AQAh384yetxygHPoBivwBOxuhI5zz2E_BQ7Hx8k5t3iWLg&oe=6A57F918,https://scontent.fblr20-2.fna.fbcdn.net/v/t39.35426-6/735595045_986258607746562_6291893836696808511_n.jpg?_nc_cat=102&ccb=1-7&_nc_sid=c53f8f&_nc_ohc=KgNy94HrIUAQ7kNvwF8CVHX&_nc_oc=AdqrG_lnP1-2COKBsY9rRibcq20uAXdWbTYjCTWC-4vpOgsZpjln-cJkT7TdbzmuNzVnUZIaCHRiW8AAW-y0tbA5&_nc_zt=14&_nc_ht=scontent.fblr20-2.fna&_nc_gid=7VqqgwMQS9LzYlD2sMb6XA&_nc_ss=7f289&oh=00_AQC5sFgVTkX-TvqYd_3TicI1D9v61xGjX4onjTlse3iEMw&oe=6A57E3FF,2026-07-15T21:18:16.000Z,2026-07-11,https://pub-893b4a6a607b4221a894bf861da7914e.r2.dev/1016600137901431.mp4
124,118,Lingo AI,599204246602758,Lingo AI,,IN,1512107510084733,https://www.facebook.com/ads/library/?id=1512107510084733,2026-07-08,,true,false,1,0,,2026-07-08,,"🌟 Want to improve your English? 
📱 Learn anytime in just minutes a day 
💬 Build real speaking confidence 
👉 Download now",👉 Download now,Download,https://speaklearnfrenchlingoai.onelink.me/Y67n?pid=metaweb_int&c={{campaign.name}}&af_c_id={{campaign.id}}&af_adset={{adset.name}}&af_adset_id={{adset.id}}&af_ad={{ad.name}}&af_ad_id={{ad.id}}&af_siteid={{site_source_name}},"Facebook,Instagram,Audience Network,Messenger,Threads","🌟 Want to improve your English? 
📱 Learn anytime in just minutes a day 
💬 Build real speaking confidence 
👉 Download now",👉 Download now,Download,https://speaklearnfrenchlingoai.onelink.me/Y67n?pid=metaweb_int&c={{campaign.name}}&af_c_id={{campaign.id}}&af_adset={{adset.name}}&af_adset_id={{adset.id}}&af_ad={{ad.name}}&af_ad_id={{ad.id}}&af_siteid={{site_source_name}},Video,"Facebook,Instagram,Audience Network,Messenger,Threads",1,0,9:16,https://video.fblr20-4.fna.fbcdn.net/o1/v/t2/f2/m366/AQOAZcnijZf7cgD86_tXLsDxWVQJN2gTOS4OxM7UU-6sjAGhm-JPjxWEJ8K1Phd0uG8XeCKtzPkopsbhBGfxd4JYEMX-96AIoSQi2uiEAGCI-Q.mp4?_nc_cat=106&_nc_oc=AdrdQSJZFr0V0Oj1g0hbP46fFV4zOyZqlIbfFYHyETpOWPvNDDa8GSLebXuM6mLYKbzCD2hpk6HrIUCmvhMY7Dpy&_nc_sid=b66105&_nc_ht=video.fblr20-4.fna.fbcdn.net&_nc_ohc=WO_2Ycl32Q8Q7kNvwHo2SG4&efg=eyJ2ZW5jb2RlX3RhZyI6Inhwdl9wcm9ncmVzc2l2ZS5WSV9VU0VDQVNFX1BST0RVQ1RfVFlQRS4uQzMuNzIwLmRhc2hfaDI2NC1iYXNpYy1nZW4yXzcyMHAiLCJ4cHZfYXNzZXRfaWQiOjI4Njk2NDA4NjMzODQ5NDgsImFzc2V0X2FnZV9kYXlzIjoyNSwidmlfdXNlY2FzZV9pZCI6MTAxMzksImR1cmF0aW9uX3MiOjMxLCJ1cmxnZW5fc291cmNlIjoid3d3In0%3D&ccb=17-1&vs=f527f731ffa9fe63&_nc_vs=HBksFQIYRWZiX2VwaGVtZXJhbC8yMTRCNDdBMzg2NThEQkMzRjhENTQ3RTQ4QkI2RkJCNl9tdF8xX3ZpZGVvX2Rhc2hpbml0Lm1wNBUAAsgBEgAVAhhAZmJfcGVybWFuZW50LzY2NEFCQUQ5QTM0NzA1MDQxMDQxMTg1N0MzOEU1RkI5X2F1ZGlvX2Rhc2hpbml0Lm1wNBUCAsgBEgAoABgAGwKIB3VzZV9vaWwBMRJwcm9ncmVzc2l2ZV9yZWNpcGUBMRUAACboldzEivuYChUCKAJDMywXQD_dsi0OVgQYGWRhc2hfaDI2NC1iYXNpYy1nZW4yXzcyMHARAHUAZbaeAQA&_nc_gid=7VqqgwMQS9LzYlD2sMb6XA&_nc_ss=7f289&_nc_zt=28&oh=00_AQACZ-FEv7aPsX0u9SznRh4Pe5_pTGtqwM7VVnZHfe-Y5g&oe=6A57DB76,https://scontent.fblr20-5.fna.fbcdn.net/v/t39.35426-6/741340864_1776323223496799_2403191797584378411_n.jpg?_nc_cat=107&ccb=1-7&_nc_sid=c53f8f&_nc_ohc=uaGuzEOtZv0Q7kNvwHtJeNk&_nc_oc=AdoctBWTYdpVQJ2MnhOnMv4N0ixSp6VnYgY4lOZQraPFAtE5S_PhUHEunZfyD1R3FkUF4M1qpfiERkc3EQ-n9BkY&_nc_zt=14&_nc_ht=scontent.fblr20-5.fna&_nc_gid=7VqqgwMQS9LzYlD2sMb6XA&_nc_ss=7f289&oh=00_AQAU7SzHhvDWgQmHOkITxiffWxuz-1-wWmqtYmsCyx1Elw&oe=6A57EB72,2026-07-15T19:11:50.000Z,2026-07-11,https://pub-893b4a6a607b4221a894bf861da7914e.r2.dev/1512107510084733.mp4
125,119,Lingo AI,599204246602758,Lingo AI,,IN,1336049577946625,https://www.facebook.com/ads/library/?id=1336049577946625,2026-06-24,,true,false,1,0,,2026-06-24,,"🌍 Learn real English for everyday life 
🗣 Practice speaking with simple lessons 
⏱ Just 5 minutes a day
👉 Download now",👇 Start now,Download,https://speaklearnfrenchlingoai.onelink.me/Y67n?pid=metaweb_int&c={{campaign.name}}&af_c_id={{campaign.id}}&af_adset={{adset.name}}&af_adset_id={{adset.id}}&af_ad={{ad.name}}&af_ad_id={{ad.id}}&af_siteid={{site_source_name}},"Facebook,Instagram,Audience Network,Messenger,Threads","🌍 Learn real English for everyday life 
🗣 Practice speaking with simple lessons 
⏱ Just 5 minutes a day
👉 Download now",👇 Start now,Download,https://speaklearnfrenchlingoai.onelink.me/Y67n?pid=metaweb_int&c={{campaign.name}}&af_c_id={{campaign.id}}&af_adset={{adset.name}}&af_adset_id={{adset.id}}&af_ad={{ad.name}}&af_ad_id={{ad.id}}&af_siteid={{site_source_name}},Video,"Facebook,Instagram,Audience Network,Messenger,Threads",1,0,9:16,https://video.fblr20-4.fna.fbcdn.net/o1/v/t2/f2/m366/AQNxXp3YaRVB_vSYdqrjog94C4rPHBYyYv2v-ZrHwPbfajYLuW3cQs-VbuBXgzgbJ-FwCTDH1OZXox2S2dSjmvv-LE6IsVtwECgjRXqumB1i-g.mp4?_nc_cat=101&_nc_oc=AdoYQQcxN-LrmRMmD7kEWoXwwu61mejnWh10EwtYbkyYwVt5CGV21sanDT3-B6TcLW1_IO0hx-M9J29SDjPisj8k&_nc_sid=b66105&_nc_ht=video.fblr20-4.fna.fbcdn.net&_nc_ohc=x0YXdjWKjrMQ7kNvwHIpRMu&efg=eyJ2ZW5jb2RlX3RhZyI6Inhwdl9wcm9ncmVzc2l2ZS5WSV9VU0VDQVNFX1BST0RVQ1RfVFlQRS4uQzMuNzIwLmRhc2hfaDI2NC1iYXNpYy1nZW4yXzcyMHAiLCJ4cHZfYXNzZXRfaWQiOjEzNTc1MzA0OTYzMTYwODgsImFzc2V0X2FnZV9kYXlzIjoxNiwidmlfdXNlY2FzZV9pZCI6MTAxMzksImR1cmF0aW9uX3MiOjIyLCJ1cmxnZW5fc291cmNlIjoid3d3In0%3D&ccb=17-1&vs=55a58c5a7ea80b56&_nc_vs=HBksFQIYRWZiX2VwaGVtZXJhbC80MzQ3MzNBMENGMzUxNjIyMUI3NEY4NThEOTEzQkM4RV9tdF8xX3ZpZGVvX2Rhc2hpbml0Lm1wNBUAAsgBEgAVAhhAZmJfcGVybWFuZW50LzZFNDE0RTNDM0U5QjNBRDBDMjI3NUM0MUYyMkQ1OEIyX2F1ZGlvX2Rhc2hpbml0Lm1wNBUCAsgBEgAoABgAGwKIB3VzZV9vaWwBMRJwcm9ncmVzc2l2ZV9yZWNpcGUBMRUAACbwyomw1qrpBBUCKAJDMywXQDaiDEm6XjUYGWRhc2hfaDI2NC1iYXNpYy1nZW4yXzcyMHARAHUAZbaeAQA&_nc_gid=7VqqgwMQS9LzYlD2sMb6XA&_nc_ss=7f289&_nc_zt=28&oh=00_AQDA4TG_PR44iMz9QWnc0UnJcWusFUoaN_KUnWF3-Ojr1Q&oe=6A57F55B,https://scontent.fblr20-3.fna.fbcdn.net/v/t39.35426-6/730420965_1036057312431029_5565725549606588681_n.jpg?_nc_cat=105&ccb=1-7&_nc_sid=c53f8f&_nc_ohc=Dd3guyznazMQ7kNvwFWqWjF&_nc_oc=AdqNspqIOddD8RD5HeZQICAe3cmTGEGDuJvR3-XR5yAfb_QK5yBYV6aMlGpRy1KoTbJnbInH65PjYJhLeaXCwqdW&_nc_zt=14&_nc_ht=scontent.fblr20-3.fna&_nc_gid=7VqqgwMQS9LzYlD2sMb6XA&_nc_ss=7f289&oh=00_AQC-KwkWUe5fhvCAXl9jMcxtOb39dNwHJm5QG76KhYkZDA&oe=6A57D1B2,2026-07-15T21:02:19.000Z,2026-07-11,https://pub-893b4a6a607b4221a894bf861da7914e.r2.dev/1336049577946625.mp4
126,120,Lingo AI,599204246602758,Lingo AI,,IN,2004918717053281,https://www.facebook.com/ads/library/?id=2004918717053281,2026-07-08,,true,false,1,0,,2026-07-08,,"📘 Learn English easily with simple lessons 
😊 Build confidence with everyday speaking practice 
👉 Download now",👉 Download now,Download,https://speaklearnfrenchlingoai.onelink.me/Y67n?pid=metaweb_int&c={{campaign.name}}&af_c_id={{campaign.id}}&af_adset={{adset.name}}&af_adset_id={{adset.id}}&af_ad={{ad.name}}&af_ad_id={{ad.id}}&af_siteid={{site_source_name}},"Facebook,Instagram,Audience Network,Messenger,Threads","📘 Learn English easily with simple lessons 
😊 Build confidence with everyday speaking practice 
👉 Download now",👉 Download now,Download,https://speaklearnfrenchlingoai.onelink.me/Y67n?pid=metaweb_int&c={{campaign.name}}&af_c_id={{campaign.id}}&af_adset={{adset.name}}&af_adset_id={{adset.id}}&af_ad={{ad.name}}&af_ad_id={{ad.id}}&af_siteid={{site_source_name}},Video,"Facebook,Instagram,Audience Network,Messenger,Threads",1,0,9:16,https://video.fblr20-2.fna.fbcdn.net/o1/v/t2/f2/m366/AQO_8_NhN0mqjzJJdZLjmhlSODUxXf60ws1bbPysmJS_vAvkG9jGfpIwCH6UFqZ3mKJ2H7VWjhVqEQtFHM88XYOybQTVz1PX9zkNV-hUbfFzOQ.mp4?_nc_cat=102&_nc_oc=AdppZXxTkV7XhVmrfLsClCuRDu1qYdis6OANZIp-LVOvGj8k_xeqhyx3hpGS2W7KI8VvGpfUnElUsYec8htcYCYP&_nc_sid=b66105&_nc_ht=video.fblr20-2.fna.fbcdn.net&_nc_ohc=NN-_9YI-FPAQ7kNvwHdmQs9&efg=eyJ2ZW5jb2RlX3RhZyI6Inhwdl9wcm9ncmVzc2l2ZS5WSV9VU0VDQVNFX1BST0RVQ1RfVFlQRS4uQzMuNjA4LmRhc2hfaDI2NC1iYXNpYy1nZW4yXzcyMHAiLCJ4cHZfYXNzZXRfaWQiOjE3NDE1ODA0MjAxNzM0ODAsImFzc2V0X2FnZV9kYXlzIjoxLCJ2aV91c2VjYXNlX2lkIjoxMDEzOSwiZHVyYXRpb25fcyI6MzAsInVybGdlbl9zb3VyY2UiOiJ3d3cifQ%3D%3D&ccb=17-1&vs=81029a9231a2cacf&_nc_vs=HBksFQIYRWZiX2VwaGVtZXJhbC81QzQxRjQ3RkQ2MzdEOUY2REVCMTA5RUQ3QjRDQ0Q4OF9tdF8xX3ZpZGVvX2Rhc2hpbml0Lm1wNBUAAsgBEgAVAhhAZmJfcGVybWFuZW50LzVDNEEwNTY2RDE3ODEyMThFMEFEODE4M0RGREEyODgzX2F1ZGlvX2Rhc2hpbml0Lm1wNBUCAsgBEgAoABgAGwKIB3VzZV9vaWwBMRJwcm9ncmVzc2l2ZV9yZWNpcGUBMRUAACbQutakqf2XBhUCKAJDMywXQD6Q5WBBiTcYGWRhc2hfaDI2NC1iYXNpYy1nZW4yXzcyMHARAHUAZbaeAQA&_nc_gid=7VqqgwMQS9LzYlD2sMb6XA&_nc_ss=7f289&_nc_zt=28&oh=00_AQB48yNWPyI8XJfuwER2Y3SllfXWy1sWypm692AmloRsjg&oe=6A57ECDA,https://scontent.fblr20-2.fna.fbcdn.net/v/t39.35426-6/742737443_834684176242901_5210376572198069380_n.jpg?_nc_cat=102&ccb=1-7&_nc_sid=c53f8f&_nc_ohc=qbKLyTg_JXEQ7kNvwH7VdeL&_nc_oc=AdrIgRf72bU-YRRjK0EAdQj0wSl7xt4-ZEQN-vpI9DQL7cu8RhkbId2q1ImQh9hyFqBk8JuofjZo8LG8Y3xAQLW8&_nc_zt=14&_nc_ht=scontent.fblr20-2.fna&_nc_gid=7VqqgwMQS9LzYlD2sMb6XA&_nc_ss=7f289&oh=00_AQAXxvm65E-gGIU4BN50n5VcOdGGXzYe4L0hbroSvtq6oA&oe=6A57E299,2026-07-15T20:26:02.000Z,2026-07-11,https://pub-893b4a6a607b4221a894bf861da7914e.r2.dev/2004918717053281.mp4
127,121,Lingo AI,599204246602758,Lingo AI,,IN,1700427231075832,https://www.facebook.com/ads/library/?id=1700427231075832,2026-07-01,,true,false,1,0,,2026-07-01,,"🌍 Learn real English for everyday life 
🗣 Practice speaking with simple lessons 
⏱ Just 5 minutes a day 
👉 Download now",👉 Download now,Download,https://speaklearnfrenchlingoai.onelink.me/Y67n?pid=metaweb_int&c={{campaign.name}}&af_c_id={{campaign.id}}&af_adset={{adset.name}}&af_adset_id={{adset.id}}&af_ad={{ad.name}}&af_ad_id={{ad.id}}&af_siteid={{site_source_name}},"Facebook,Instagram,Audience Network,Messenger,Threads","🌍 Learn real English for everyday life 
🗣 Practice speaking with simple lessons 
⏱ Just 5 minutes a day 
👉 Download now",👉 Download now,Download,https://speaklearnfrenchlingoai.onelink.me/Y67n?pid=metaweb_int&c={{campaign.name}}&af_c_id={{campaign.id}}&af_adset={{adset.name}}&af_adset_id={{adset.id}}&af_ad={{ad.name}}&af_ad_id={{ad.id}}&af_siteid={{site_source_name}},Video,"Facebook,Instagram,Audience Network,Messenger,Threads",1,0,9:16,https://video.fblr20-4.fna.fbcdn.net/o1/v/t2/f2/m366/AQOIC5L5WwWN_-ipLtvz6qQhAacTfUlJTc1yFu0kTN4vBMxBdusc6IqwkFXG2M0XEGV_YxMgII9wubsgaDDj5u1K2G9h-7OEqRl_LLN8aiPabg.mp4?_nc_cat=106&_nc_oc=AdrP0qRWdKGUXt4aWgTbMj2juO7lZ3Vd2-sH8S19a7zYXVTMENuHUJ5ygNSk6pzEbuttMQxdz2-iUWo5Z0S-xG0E&_nc_sid=b66105&_nc_ht=video.fblr20-4.fna.fbcdn.net&_nc_ohc=3djLW_9EKdUQ7kNvwHqk30H&efg=eyJ2ZW5jb2RlX3RhZyI6Inhwdl9wcm9ncmVzc2l2ZS5WSV9VU0VDQVNFX1BST0RVQ1RfVFlQRS4uQzMuNjA4LmRhc2hfaDI2NC1iYXNpYy1nZW4yXzcyMHAiLCJ4cHZfYXNzZXRfaWQiOjE2NzE0MjE5Nzc0ODIyNTEsImFzc2V0X2FnZV9kYXlzIjo4LCJ2aV91c2VjYXNlX2lkIjoxMDEzOSwiZHVyYXRpb25fcyI6MjcsInVybGdlbl9zb3VyY2UiOiJ3d3cifQ%3D%3D&ccb=17-1&vs=dc1c7b1ed3bfe0d&_nc_vs=HBksFQIYRWZiX2VwaGVtZXJhbC8zNDQ5NkQ4MjY5RDE5NzdBMUU2MzEzMjBCQzRENTU5MF9tdF8xX3ZpZGVvX2Rhc2hpbml0Lm1wNBUAAsgBEgAVAhhAZmJfcGVybWFuZW50L0M4NDZEMURFM0RENDU3Q0U4QTMwMjUwQzNGMTJCNEJGX2F1ZGlvX2Rhc2hpbml0Lm1wNBUCAsgBEgAoABgAGwKIB3VzZV9vaWwBMRJwcm9ncmVzc2l2ZV9yZWNpcGUBMRUAACaW0OaTyIn4BRUCKAJDMywXQDsIcrAgxJwYGWRhc2hfaDI2NC1iYXNpYy1nZW4yXzcyMHARAHUAZbaeAQA&_nc_gid=7VqqgwMQS9LzYlD2sMb6XA&_nc_ss=7f289&_nc_zt=28&oh=00_AQDRUkVFoTfOhRHgnfqDbQyVxKafSFhK413eIenyCO2yMg&oe=6A57EDEE,https://scontent.fblr20-1.fna.fbcdn.net/v/t39.35426-6/734455778_1572196177838812_9197269681392823664_n.jpg?_nc_cat=108&ccb=1-7&_nc_sid=c53f8f&_nc_ohc=lmDvtz0RW4YQ7kNvwGV9DdB&_nc_oc=Adqfq8EXtaH_PlIjc0_BjgOS06FXFdeNjGFf6SPFlkGe3si1QuN3eCDJm8GF8LGeQhkkFErPJtlqln6Rus7DUeFw&_nc_zt=14&_nc_ht=scontent.fblr20-1.fna&_nc_gid=7VqqgwMQS9LzYlD2sMb6XA&_nc_ss=7f289&oh=00_AQDDsAhnyAT1e41rxyC-C541qF-oW4UctCGnmIR8Cjim-A&oe=6A57F538,2026-07-15T20:30:38.000Z,2026-07-11,https://pub-893b4a6a607b4221a894bf861da7914e.r2.dev/1700427231075832.mp4
128,122,Lingo AI,599204246602758,Lingo AI,,IN,2179213682620587,https://www.facebook.com/ads/library/?id=2179213682620587,2026-07-09,,true,false,1,0,,2026-07-09,,"📘 Learn English easily with simple lessons 
😊 Build confidence with everyday speaking practice 
👉 Download now",👉 Download now,Download,https://speaklearnfrenchlingoai.onelink.me/Y67n?pid=metaweb_int&c={{campaign.name}}&af_c_id={{campaign.id}}&af_adset={{adset.name}}&af_adset_id={{adset.id}}&af_ad={{ad.name}}&af_ad_id={{ad.id}}&af_siteid={{site_source_name}},"Facebook,Instagram,Audience Network,Messenger,Threads","📘 Learn English easily with simple lessons 
😊 Build confidence with everyday speaking practice 
👉 Download now",👉 Download now,Download,https://speaklearnfrenchlingoai.onelink.me/Y67n?pid=metaweb_int&c={{campaign.name}}&af_c_id={{campaign.id}}&af_adset={{adset.name}}&af_adset_id={{adset.id}}&af_ad={{ad.name}}&af_ad_id={{ad.id}}&af_siteid={{site_source_name}},Video,"Facebook,Instagram,Audience Network,Messenger,Threads",1,0,9:16,https://video.fblr20-4.fna.fbcdn.net/o1/v/t2/f2/m366/AQP7ow52K444dSAlsrSusFAmmRvHrmNh2EaFqi6FUppuRPxARyqIcbuWDHtZw3xWUBXvTGj42xPsTFKgKAhC2d0gMkSo97ZL_hDelZMRqnLMzg.mp4?_nc_cat=106&_nc_oc=AdrS9d0Kq19LPK3XCeDQcQ4gX_Fy3h5Tzhet_Yb6tGm3KHOCRgxSCEnBZzrwMwGqp3f65JZIEGLc9lAwVyfDIk4-&_nc_sid=b66105&_nc_ht=video.fblr20-4.fna.fbcdn.net&_nc_ohc=352h0FGS85MQ7kNvwFfgcqZ&efg=eyJ2ZW5jb2RlX3RhZyI6Inhwdl9wcm9ncmVzc2l2ZS5WSV9VU0VDQVNFX1BST0RVQ1RfVFlQRS4uQzMuNjA4LmRhc2hfaDI2NC1iYXNpYy1nZW4yXzcyMHAiLCJ4cHZfYXNzZXRfaWQiOjk5MzYxNDMxMzUwMjIxNCwiYXNzZXRfYWdlX2RheXMiOjAsInZpX3VzZWNhc2VfaWQiOjEwMTM5LCJkdXJhdGlvbl9zIjo2NCwidXJsZ2VuX3NvdXJjZSI6Ind3dyJ9&ccb=17-1&vs=10573d8aac6aeb05&_nc_vs=HBksFQIYRWZiX2VwaGVtZXJhbC9FODRGMTQ5QjgyNjVDMjZFN0Q5MzNFMDg5ODJCNjU4RF9tdF8xX3ZpZGVvX2Rhc2hpbml0Lm1wNBUAAsgBEgAVAhhAZmJfcGVybWFuZW50LzZDNEU5OTlGRTRGNTcyNDgyODI2MjREQUI0NjQ3RUIwX2F1ZGlvX2Rhc2hpbml0Lm1wNBUCAsgBEgAoABgAGwKIB3VzZV9vaWwBMRJwcm9ncmVzc2l2ZV9yZWNpcGUBMRUAACaM2JnD--vDAxUCKAJDMywXQFATMzMzMzMYGWRhc2hfaDI2NC1iYXNpYy1nZW4yXzcyMHARAHUAZbaeAQA&_nc_gid=7VqqgwMQS9LzYlD2sMb6XA&_nc_ss=7f289&_nc_zt=28&oh=00_AQChvWFHeuUXT2ISONh62jmybpR06cay-MmonriwilaowA&oe=6A57D922,https://scontent.fblr20-1.fna.fbcdn.net/v/t39.35426-6/743347383_1036744965561027_3473731356754350509_n.jpg?_nc_cat=110&ccb=1-7&_nc_sid=c53f8f&_nc_ohc=1D65aVCWw6oQ7kNvwG1cPYb&_nc_oc=Adrrk6Yb8EnnlLw-PxICpLmkn9zhn86G4m1Z-SEOlWDCQratLmL_f5dyX2_JygiMscM7ZMvAFsrqEwFbncPWy8BQ&_nc_zt=14&_nc_ht=scontent.fblr20-1.fna&_nc_gid=7VqqgwMQS9LzYlD2sMb6XA&_nc_ss=7f289&oh=00_AQCTZfkrZGsuH6E-nOqXY-df2AGzhRFWHXEwsMNXE-uAeQ&oe=6A57E71B,2026-07-15T19:01:54.000Z,2026-07-11,https://pub-893b4a6a607b4221a894bf861da7914e.r2.dev/2179213682620587.mp4
129,123,Lingo AI,599204246602758,Lingo AI,,IN,989294387242933,https://www.facebook.com/ads/library/?id=989294387242933,2026-07-08,,false,false,1,0,,2026-07-08,,"📘 Learn English easily with simple lessons 
😊 Build confidence with everyday speaking practice 
👉 Download now",👉 Download now,Download,https://speaklearnfrenchlingoai.onelink.me/Y67n?pid=metaweb_int&c={{campaign.name}}&af_c_id={{campaign.id}}&af_adset={{adset.name}}&af_adset_id={{adset.id}}&af_ad={{ad.name}}&af_ad_id={{ad.id}}&af_siteid={{site_source_name}},"Facebook,Instagram,Audience Network,Messenger,Threads","📘 Learn English easily with simple lessons 
😊 Build confidence with everyday speaking practice 
👉 Download now",👉 Download now,Download,https://speaklearnfrenchlingoai.onelink.me/Y67n?pid=metaweb_int&c={{campaign.name}}&af_c_id={{campaign.id}}&af_adset={{adset.name}}&af_adset_id={{adset.id}}&af_ad={{ad.name}}&af_ad_id={{ad.id}}&af_siteid={{site_source_name}},Video,"Facebook,Instagram,Audience Network,Messenger,Threads",1,0,9:16,https://video.fblr20-5.fna.fbcdn.net/o1/v/t2/f2/m366/AQP6sBdql4VALAe4S3D7hRuO5OitE3mdgFIkZrXd9obUJJA4DJj7x_Qxg_8LhTzH99Hc70oN2T0Xv4OBW6921GVpJg7LO8UfeeCFIlgizymZzw.mp4?_nc_cat=107&_nc_oc=AdrpQRqM_5Z5OqXGSURPIxopIRLJ_R54bbK9U9pCWOE7_1TsjhXH-u9wcW6BnIyXfUCPD0BlXWQ6yGlhTDJ3aQny&_nc_sid=b66105&_nc_ht=video.fblr20-5.fna.fbcdn.net&_nc_ohc=lKH8BttzLQ8Q7kNvwEkMemW&efg=eyJ2ZW5jb2RlX3RhZyI6Inhwdl9wcm9ncmVzc2l2ZS5WSV9VU0VDQVNFX1BST0RVQ1RfVFlQRS4uQzMuNjA4LmRhc2hfaDI2NC1iYXNpYy1nZW4yXzcyMHAiLCJ4cHZfYXNzZXRfaWQiOjE3Njk1NzM2NTQ0MTIwOTIsImFzc2V0X2FnZV9kYXlzIjoxLCJ2aV91c2VjYXNlX2lkIjoxMDEzOSwiZHVyYXRpb25fcyI6MzAsInVybGdlbl9zb3VyY2UiOiJ3d3cifQ%3D%3D&ccb=17-1&vs=bd5674e30c5d571b&_nc_vs=HBksFQIYRWZiX2VwaGVtZXJhbC80ODQ0MDhBRDdFOTIwQjc0RUNFQTlBMzlCNTU2MzZCMV9tdF8xX3ZpZGVvX2Rhc2hpbml0Lm1wNBUAAsgBEgAVAhhAZmJfcGVybWFuZW50LzQ5NDU5Q0Y2MDdENTgwODUwNjQwNDhDMjM5NTRDRUFBX2F1ZGlvX2Rhc2hpbml0Lm1wNBUCAsgBEgAoABgAGwKIB3VzZV9vaWwBMRJwcm9ncmVzc2l2ZV9yZWNpcGUBMRUAACb47JmR39qkBhUCKAJDMywXQD5u2RaHKwIYGWRhc2hfaDI2NC1iYXNpYy1nZW4yXzcyMHARAHUAZbaeAQA&_nc_gid=7VqqgwMQS9LzYlD2sMb6XA&_nc_ss=7f289&_nc_zt=28&oh=00_AQAGOUEIRwnRCW0UvBfoc2ftsFQhb7S8T029xsPhLo4VEg&oe=6A57DF15,https://scontent.fblr20-3.fna.fbcdn.net/v/t39.35426-6/742096240_2134650130809488_897665058270869576_n.jpg?_nc_cat=100&ccb=1-7&_nc_sid=c53f8f&_nc_ohc=yDmFBm2vQlkQ7kNvwEDsK9s&_nc_oc=Ado_NDw-K-5DGbTKRrAp40n0GXdhj9gO-S0qHsERGZyzK8xKpX82EQRc9W7GtVu1uwDkCZppGf3j3N207XZuD07D&_nc_zt=14&_nc_ht=scontent.fblr20-3.fna&_nc_gid=7VqqgwMQS9LzYlD2sMb6XA&_nc_ss=7f289&oh=00_AQABspuP13MD6nVaX9Z3AAGEOKYb6jV4Z6ouMxyfrq19CA&oe=6A57DB82,2026-07-15T19:27:17.000Z,2026-07-11,https://pub-893b4a6a607b4221a894bf861da7914e.r2.dev/989294387242933.mp4
130,124,Lingo AI,599204246602758,Lingo AI,,IN,1374120354782002,https://www.facebook.com/ads/library/?id=1374120354782002,2026-07-08,,false,false,1,0,,2026-07-08,,"📘 Learn English easily with simple lessons 
😊 Build confidence with everyday speaking practice 
👉 Download now",👉 Download now,Download,https://speaklearnfrenchlingoai.onelink.me/Y67n?pid=metaweb_int&c={{campaign.name}}&af_c_id={{campaign.id}}&af_adset={{adset.name}}&af_adset_id={{adset.id}}&af_ad={{ad.name}}&af_ad_id={{ad.id}}&af_siteid={{site_source_name}},"Facebook,Instagram,Audience Network,Messenger,Threads","📘 Learn English easily with simple lessons 
😊 Build confidence with everyday speaking practice 
👉 Download now",👉 Download now,Download,https://speaklearnfrenchlingoai.onelink.me/Y67n?pid=metaweb_int&c={{campaign.name}}&af_c_id={{campaign.id}}&af_adset={{adset.name}}&af_adset_id={{adset.id}}&af_ad={{ad.name}}&af_ad_id={{ad.id}}&af_siteid={{site_source_name}},Video,"Facebook,Instagram,Audience Network,Messenger,Threads",1,0,9:16,https://video.fblr20-2.fna.fbcdn.net/o1/v/t2/f2/m366/AQPPkkabmc3Afe8iO0TshmaO-ebV16hvID_SgzboQ3d5De2_qfd4cwCc9gPICQbrmfXernbz58ivUHYeYH8PGqzI0-YDSt4qQlYCQghbYQZE0A.mp4?_nc_cat=104&_nc_oc=AdqrfOI5sWUVNG6BzwyYp7Exvp26j8-_V3k3KpV33DetQlUYSNbT2i-613U4qOmst-NV5pvsOU7YonukJfTiwR7-&_nc_sid=b66105&_nc_ht=video.fblr20-2.fna.fbcdn.net&_nc_ohc=xMF7lmzJ1wgQ7kNvwE8YUsu&efg=eyJ2ZW5jb2RlX3RhZyI6Inhwdl9wcm9ncmVzc2l2ZS5WSV9VU0VDQVNFX1BST0RVQ1RfVFlQRS4uQzMuNzIwLmRhc2hfaDI2NC1iYXNpYy1nZW4yXzcyMHAiLCJ4cHZfYXNzZXRfaWQiOjI0ODAyMjI2OTU3NzY4MzMsImFzc2V0X2FnZV9kYXlzIjoxLCJ2aV91c2VjYXNlX2lkIjoxMDEzOSwiZHVyYXRpb25fcyI6MzUsInVybGdlbl9zb3VyY2UiOiJ3d3cifQ%3D%3D&ccb=17-1&vs=9d8c16bc71c5f655&_nc_vs=HBksFQIYRWZiX2VwaGVtZXJhbC9GNjRFOTQwMjlEODNCQTUzMEYxN0Y3Q0EzN0FDQjI5MF9tdF8xX3ZpZGVvX2Rhc2hpbml0Lm1wNBUAAsgBEgAVAhhAZmJfcGVybWFuZW50L0NGNDIwNjg4Q0M5Q0RBOUI3RDUyNUVGRDQxMzNFNzhBX2F1ZGlvX2Rhc2hpbml0Lm1wNBUCAsgBEgAoABgAGwKIB3VzZV9vaWwBMRJwcm9ncmVzc2l2ZV9yZWNpcGUBMRUAACaCifeL--_nCBUCKAJDMywXQEHAAAAAAAAYGWRhc2hfaDI2NC1iYXNpYy1nZW4yXzcyMHARAHUAZbaeAQA&_nc_gid=7VqqgwMQS9LzYlD2sMb6XA&_nc_ss=7f289&_nc_zt=28&oh=00_AQCfi50yJGRYsEqWKWTXgfG78N3L_m3MU-Pm390PkD2kKQ&oe=6A57CA48,https://scontent.fblr20-3.fna.fbcdn.net/v/t39.35426-6/742428852_1268388805349006_8094408600007084562_n.jpg?_nc_cat=105&ccb=1-7&_nc_sid=c53f8f&_nc_ohc=D88M8_RlX3QQ7kNvwFcW_i1&_nc_oc=AdoNNwJ2jVz4awR0_-MJXKLDre3IYmyLbgrww5RNin-x-sBrRYWQKFo8EU0YsROTM-vgvi_kigWfTI53L-rElISs&_nc_zt=14&_nc_ht=scontent.fblr20-3.fna&_nc_gid=7VqqgwMQS9LzYlD2sMb6XA&_nc_ss=7f289&oh=00_AQDkJ5WyuGq4B3jCpkB0mlWC6NxVRCHxHXanQMWf1aJaBA&oe=6A57CE48,2026-07-15T17:58:32.000Z,2026-07-11,https://pub-893b4a6a607b4221a894bf861da7914e.r2.dev/1374120354782002.mp4
131,125,Lingo AI,599204246602758,Lingo AI,,IN,1583414193197730,https://www.facebook.com/ads/library/?id=1583414193197730,2026-07-07,,false,false,1,0,,2026-07-07,,"🌟 Want to improve your English? 
📱 Learn anytime in just minutes a day 
💬 Build real speaking confidence 
👉 Download now",👉 Download now,Download,https://speaklearnfrenchlingoai.onelink.me/Y67n?pid=metaweb_int&c={{campaign.name}}&af_c_id={{campaign.id}}&af_adset={{adset.name}}&af_adset_id={{adset.id}}&af_ad={{ad.name}}&af_ad_id={{ad.id}}&af_siteid={{site_source_name}},"Facebook,Instagram,Audience Network,Messenger,Threads","🌟 Want to improve your English? 
📱 Learn anytime in just minutes a day 
💬 Build real speaking confidence 
👉 Download now",👉 Download now,Download,https://speaklearnfrenchlingoai.onelink.me/Y67n?pid=metaweb_int&c={{campaign.name}}&af_c_id={{campaign.id}}&af_adset={{adset.name}}&af_adset_id={{adset.id}}&af_ad={{ad.name}}&af_ad_id={{ad.id}}&af_siteid={{site_source_name}},Video,"Facebook,Instagram,Audience Network,Messenger,Threads",1,0,9:16,https://video.fblr20-4.fna.fbcdn.net/o1/v/t2/f2/m366/AQPLqMW3bXLB19prCiviqNZKrMpW1KUVfI8elZ00wKqrZyO3BmRVYdCf59LuOZhf-JY12QALIyGiqP13TlQDeL4AU0T9lV0GA0myQymIpUES4Q.mp4?_nc_cat=103&_nc_oc=AdqAJ-Imx0Y9kkQJWDYevVoqEq9wOoj0J0k2Bbjg9S48E17BkVS3yu4ls4qN82lvCpA9kHmaS2i-MygGUZ3XcaGY&_nc_sid=b66105&_nc_ht=video.fblr20-4.fna.fbcdn.net&_nc_ohc=vRKc_bpBHawQ7kNvwFwL6tO&efg=eyJ2ZW5jb2RlX3RhZyI6Inhwdl9wcm9ncmVzc2l2ZS5WSV9VU0VDQVNFX1BST0RVQ1RfVFlQRS4uQzMuNzIwLmRhc2hfaDI2NC1iYXNpYy1nZW4yXzcyMHAiLCJ4cHZfYXNzZXRfaWQiOjk0MjU0NjM1NTQ3MTY4NSwiYXNzZXRfYWdlX2RheXMiOjQsInZpX3VzZWNhc2VfaWQiOjEwMTM5LCJkdXJhdGlvbl9zIjo3NCwidXJsZ2VuX3NvdXJjZSI6Ind3dyJ9&ccb=17-1&vs=c7fd71e02a952841&_nc_vs=HBksFQIYRWZiX2VwaGVtZXJhbC9EOTQ0QTZFMEQ0MUY0QTlBMTI0Nzk3NUQzRDlFRjA5MF9tdF8xX3ZpZGVvX2Rhc2hpbml0Lm1wNBUAAsgBEgAVAhhAZmJfcGVybWFuZW50LzFCNEQzRDlDNDdFNTNDQUM0N0ZGOERFQzA2ODEzRjgxX2F1ZGlvX2Rhc2hpbml0Lm1wNBUCAsgBEgAoABgAGwKIB3VzZV9vaWwBMRJwcm9ncmVzc2l2ZV9yZWNpcGUBMRUAACaKlZ7Ltc-sAxUCKAJDMywXQFKRBiTdLxsYGWRhc2hfaDI2NC1iYXNpYy1nZW4yXzcyMHARAHUAZbaeAQA&_nc_gid=N-SeSQun6-0aLc76Od382Q&_nc_ss=7f289&_nc_zt=28&oh=00_AQBIhC0kNw_oYbtnYFZ1rSh0oEgjLvr3_kyQiY-ZSVHCjQ&oe=6A57D601,https://scontent.fblr20-1.fna.fbcdn.net/v/t39.35426-6/740917559_882543648242014_8687422034422436734_n.jpg?_nc_cat=108&ccb=1-7&_nc_sid=c53f8f&_nc_ohc=UeHJ09QL-pwQ7kNvwFH5pDx&_nc_oc=AdoXfhinQgRwk0wsk_WA89d4ycYPmzvG1HGv8Utrha6j8ei-fWvT6aeyuJyEueBuFNiAtGhh0KgyuSfIBcoZpM9i&_nc_zt=14&_nc_ht=scontent.fblr20-1.fna&_nc_gid=N-SeSQun6-0aLc76Od382Q&_nc_ss=7f289&oh=00_AQAvdxJ2q-M6BGLFLfhJ0EadBV6gniUljZantrH2AC74MA&oe=6A57F263,2026-07-15T18:48:33.000Z,2026-07-11,https://pub-893b4a6a607b4221a894bf861da7914e.r2.dev/1583414193197730.mp4
132,126,Lingo AI,599204246602758,Lingo AI,,IN,1707581497157872,https://www.facebook.com/ads/library/?id=1707581497157872,2026-07-08,,false,false,1,0,,2026-07-08,,"📘 Learn English easily with simple lessons 
😊 Build confidence with everyday speaking practice 
👉 Download now",👉 Download now,Download,https://speaklearnfrenchlingoai.onelink.me/Y67n?pid=metaweb_int&c={{campaign.name}}&af_c_id={{campaign.id}}&af_adset={{adset.name}}&af_adset_id={{adset.id}}&af_ad={{ad.name}}&af_ad_id={{ad.id}}&af_siteid={{site_source_name}},"Facebook,Instagram,Audience Network,Messenger,Threads","📘 Learn English easily with simple lessons 
😊 Build confidence with everyday speaking practice 
👉 Download now",👉 Download now,Download,https://speaklearnfrenchlingoai.onelink.me/Y67n?pid=metaweb_int&c={{campaign.name}}&af_c_id={{campaign.id}}&af_adset={{adset.name}}&af_adset_id={{adset.id}}&af_ad={{ad.name}}&af_ad_id={{ad.id}}&af_siteid={{site_source_name}},Video,"Facebook,Instagram,Audience Network,Messenger,Threads",1,0,9:16,https://video.fblr20-1.fna.fbcdn.net/o1/v/t2/f2/m366/AQNs0w_8CoFELxP_Geh7XezE4AzAeML7NGikUusgg0ncYOTfm4hKE9r4BeBAssyqqShDXVMXdmdVTd-lWPU0UaJ6e2mefG3zCd8WlpWHsb4O0g.mp4?_nc_cat=108&_nc_oc=Adq7BDaQkna_n-Qg7KSTgWvh7JaqXzxQ19LyCfV-hEuBxfJHhHncwKFebBaFYUX_dcKAR4jkw2r3YQskR5985J3A&_nc_sid=b66105&_nc_ht=video.fblr20-1.fna.fbcdn.net&_nc_ohc=VVJy7jxhpgcQ7kNvwEwykpH&efg=eyJ2ZW5jb2RlX3RhZyI6Inhwdl9wcm9ncmVzc2l2ZS5WSV9VU0VDQVNFX1BST0RVQ1RfVFlQRS4uQzMuNzIwLmRhc2hfaDI2NC1iYXNpYy1nZW4yXzcyMHAiLCJ4cHZfYXNzZXRfaWQiOjEzNTMwMzA3MzAwOTk4ODUsImFzc2V0X2FnZV9kYXlzIjoxLCJ2aV91c2VjYXNlX2lkIjoxMDEzOSwiZHVyYXRpb25fcyI6MjYsInVybGdlbl9zb3VyY2UiOiJ3d3cifQ%3D%3D&ccb=17-1&vs=17e7cf1095b40217&_nc_vs=HBksFQIYRWZiX2VwaGVtZXJhbC82MDQ3M0EwMkZFNEVCNjFCMzg2Q0U1NUUxQ0MxQTM5N19tdF8xX3ZpZGVvX2Rhc2hpbml0Lm1wNBUAAsgBEgAVAhhAZmJfcGVybWFuZW50Lzc5NEQwMjdEQ0JCNjNGREQ3RTQ1MzlEOTRCOEYzOTlEX2F1ZGlvX2Rhc2hpbml0Lm1wNBUCAsgBEgAoABgAGwKIB3VzZV9vaWwBMRJwcm9ncmVzc2l2ZV9yZWNpcGUBMRUAACbass3A4KTnBBUCKAJDMywXQDqQ5WBBiTcYGWRhc2hfaDI2NC1iYXNpYy1nZW4yXzcyMHARAHUAZbaeAQA&_nc_gid=N-SeSQun6-0aLc76Od382Q&_nc_ss=7f289&_nc_zt=28&oh=00_AQBTpTZWNRhGMI3fyIu6qS8kOUJQKcXlLBP7n5FDCETx1Q&oe=6A57FFBC,https://scontent.fblr20-2.fna.fbcdn.net/v/t39.35426-6/742649512_4380467485552416_5938079501912844548_n.jpg?_nc_cat=102&ccb=1-7&_nc_sid=c53f8f&_nc_ohc=mV0TeA-kT9YQ7kNvwFaRiFp&_nc_oc=AdozQ3scqTxbzRc8tpsN-WUmNxIAr_aOrDY8QTogDQ92-b5vr_x-gGs_LXxghy-p6-q8IKyzFVep2P1jbVELXu8E&_nc_zt=14&_nc_ht=scontent.fblr20-2.fna&_nc_gid=N-SeSQun6-0aLc76Od382Q&_nc_ss=7f289&oh=00_AQAaieKgEbdGNSdThc3dAgE3hp5V1EtKgUjiu3tZKgsYQw&oe=6A57DE86,2026-07-15T21:46:36.000Z,2026-07-11,https://pub-893b4a6a607b4221a894bf861da7914e.r2.dev/1707581497157872.mp4
133,127,Lingo AI,599204246602758,Lingo AI,,IN,2068067197478170,https://www.facebook.com/ads/library/?id=2068067197478170,2026-07-07,,false,false,1,0,,2026-07-07,,"🚀 Master English Faster, Just 5 Minutes a Day!
🥳 Join Learners Who Found a Fun Way to Master a Language!
✨ Our mission is to unlock your English.",✨Try it now~,Install now,http://itunes.apple.com/app/id6740255326,"Facebook,Instagram,Audience Network,Messenger,Threads","🚀 Master English Faster, Just 5 Minutes a Day!
🥳 Join Learners Who Found a Fun Way to Master a Language!
✨ Our mission is to unlock your English.",✨Try it now~,Install now,http://itunes.apple.com/app/id6740255326,Video,"Facebook,Instagram,Audience Network,Messenger,Threads",1,0,9:16,https://video.fblr20-3.fna.fbcdn.net/o1/v/t2/f2/m366/AQNzG8YTj5Fpj3jdmgxRhN-WJbwEyrkkdZLQsQRLDIHMjqjaVyJou5piaRDqxAWZQqcuXW2hQP7WZjEItzD6cB7y5mzPX41T4shACnkwpZSfoQ.mp4?_nc_cat=100&_nc_oc=AdowFe7rZYwEzpv7f9SI1sMd6Cl9pAbRHeCbeOtlIjXNztSZhAW9PXOo3DqGKrDo0ZKJZM-37DuXQdhwBDsiOR0V&_nc_sid=b66105&_nc_ht=video.fblr20-3.fna.fbcdn.net&_nc_ohc=XD8_CVokRyUQ7kNvwH8RcQj&efg=eyJ2ZW5jb2RlX3RhZyI6Inhwdl9wcm9ncmVzc2l2ZS5WSV9VU0VDQVNFX1BST0RVQ1RfVFlQRS4uQzMuNjA4LmRhc2hfaDI2NC1iYXNpYy1nZW4yXzcyMHAiLCJ4cHZfYXNzZXRfaWQiOjE5MjI0NTk5NTU3OTc4NDMsImFzc2V0X2FnZV9kYXlzIjoyLCJ2aV91c2VjYXNlX2lkIjoxMDEzOSwiZHVyYXRpb25fcyI6NTUsInVybGdlbl9zb3VyY2UiOiJ3d3cifQ%3D%3D&ccb=17-1&vs=ca249c4027b3ab8c&_nc_vs=HBksFQIYRWZiX2VwaGVtZXJhbC80QjRDQTE2Q0Q3NTBDQkM3M0M2NjcwRUQxREREOTlBRl9tdF8xX3ZpZGVvX2Rhc2hpbml0Lm1wNBUAAsgBEgAVAhhAZmJfcGVybWFuZW50LzExNDAwRkRFRDY1NTA2QjBERjZFNDA1MTFEQjhCRDgyX2F1ZGlvX2Rhc2hpbml0Lm1wNBUCAsgBEgAoABgAGwKIB3VzZV9vaWwBMRJwcm9ncmVzc2l2ZV9yZWNpcGUBMRUAACam_ZTs8p3qBhUCKAJDMywXQEvAAAAAAAAYGWRhc2hfaDI2NC1iYXNpYy1nZW4yXzcyMHARAHUAZbaeAQA&_nc_gid=N-SeSQun6-0aLc76Od382Q&_nc_ss=7f289&_nc_zt=28&oh=00_AQC0vbgb9TpP9uO1qNmDeMcKXtwvQNcyg_xvJ-6KBv7ppQ&oe=6A57EC54,https://scontent.fblr20-2.fna.fbcdn.net/v/t39.35426-6/739794734_2516737798776139_2862375100391304667_n.jpg?_nc_cat=111&ccb=1-7&_nc_sid=c53f8f&_nc_ohc=G-qecNaLPGUQ7kNvwHH3eKK&_nc_oc=AdqxJkfnTs-zkYaA0cU76l_GpQbCeW5uIKY1rVI01gDk6QlKscoCH3V5lhAP-mrB5pmSJs9zd_I68qIXEfnA7y6z&_nc_zt=14&_nc_ht=scontent.fblr20-2.fna&_nc_gid=N-SeSQun6-0aLc76Od382Q&_nc_ss=7f289&oh=00_AQBPt7F9TYF2sbLHcWDxU6kD63XJTOc7eocHDK0ptXpPeA&oe=6A57D30B,2026-07-15T20:23:48.000Z,2026-07-11,https://pub-893b4a6a607b4221a894bf861da7914e.r2.dev/2068067197478170.mp4
134,128,Lingo AI,599204246602758,Lingo AI,,IN,3220717538115795,https://www.facebook.com/ads/library/?id=3220717538115795,2026-06-24,,true,false,1,0,,2026-06-24,,"🌍 Learn real English for everyday life 
🗣 Practice speaking with simple lessons 
⏱ Just 5 minutes a day
👉 Download now",👇 Start now,Download,https://speaklearnfrenchlingoai.onelink.me/Y67n?pid=metaweb_int&c={{campaign.name}}&af_c_id={{campaign.id}}&af_adset={{adset.name}}&af_adset_id={{adset.id}}&af_ad={{ad.name}}&af_ad_id={{ad.id}}&af_siteid={{site_source_name}},"Facebook,Instagram,Audience Network,Messenger,Threads","🌍 Learn real English for everyday life 
🗣 Practice speaking with simple lessons 
⏱ Just 5 minutes a day
👉 Download now",👇 Start now,Download,https://speaklearnfrenchlingoai.onelink.me/Y67n?pid=metaweb_int&c={{campaign.name}}&af_c_id={{campaign.id}}&af_adset={{adset.name}}&af_adset_id={{adset.id}}&af_ad={{ad.name}}&af_ad_id={{ad.id}}&af_siteid={{site_source_name}},Video,"Facebook,Instagram,Audience Network,Messenger,Threads",1,0,9:16,https://video.fblr20-2.fna.fbcdn.net/o1/v/t2/f2/m366/AQNvUPdiAsBhSdBl-PE9xOW_AuX48o4yOEAYY8G690jxxgHZzczaqhegwjhEfx0jcXhMYyRFeBWZmRzhNPZIMF4Yf69jMLiQxKRLFXiQz6E5fA.mp4?_nc_cat=102&_nc_oc=AdrrunEj5I3qRl52BEQSLPDeUH1cgXz26c_1eMx_HL58Bt1jQaXmKfzTsWF4psQ_xIFOzJeJp0qzgyPw1iXDjzDb&_nc_sid=b66105&_nc_ht=video.fblr20-2.fna.fbcdn.net&_nc_ohc=j3yDxqWX7tsQ7kNvwF-Tizf&efg=eyJ2ZW5jb2RlX3RhZyI6Inhwdl9wcm9ncmVzc2l2ZS5WSV9VU0VDQVNFX1BST0RVQ1RfVFlQRS4uQzMuNzIwLmRhc2hfaDI2NC1iYXNpYy1nZW4yXzcyMHAiLCJ4cHZfYXNzZXRfaWQiOjE2NjM0Nzc3OTQ5NDcwMDIsImFzc2V0X2FnZV9kYXlzIjoxNiwidmlfdXNlY2FzZV9pZCI6MTAxMzksImR1cmF0aW9uX3MiOjI4LCJ1cmxnZW5fc291cmNlIjoid3d3In0%3D&ccb=17-1&vs=64602d5ff812bae0&_nc_vs=HBksFQIYRWZiX2VwaGVtZXJhbC9FQjRFMjAyNkJDRTkwODNCMEY1MzFGMkVGRTMxMzVCN19tdF8xX3ZpZGVvX2Rhc2hpbml0Lm1wNBUAAsgBEgAVAhhAZmJfcGVybWFuZW50LzgyNDJGRkI1NTMxRTlDOTVDNDVENTIwMTQ3MkZBQjgzX2F1ZGlvX2Rhc2hpbml0Lm1wNBUCAsgBEgAoABgAGwKIB3VzZV9vaWwBMRJwcm9ncmVzc2l2ZV9yZWNpcGUBMRUAACb0_vmwk7v0BRUCKAJDMywXQDwzMzMzMzMYGWRhc2hfaDI2NC1iYXNpYy1nZW4yXzcyMHARAHUAZbaeAQA&_nc_gid=N-SeSQun6-0aLc76Od382Q&_nc_ss=7f289&_nc_zt=28&oh=00_AQAQm9visStoYgQDuIqXQMuSRUYbCs1rejQSGe6gYeNGMg&oe=6A57CC0E,https://scontent.fblr20-1.fna.fbcdn.net/v/t39.35426-6/731808553_1678966073314994_4729481734697946382_n.jpg?_nc_cat=108&ccb=1-7&_nc_sid=c53f8f&_nc_ohc=fXmsNeABpGsQ7kNvwH-kdWy&_nc_oc=AdrrntpdNjOMd7NNCanZ60Exd50kJDSQ1pb4IO5uGzYqcnmiI77sxSyMIxm2FW8wYFR6JXbVEPqKchqgrSkUwMY2&_nc_zt=14&_nc_ht=scontent.fblr20-1.fna&_nc_gid=N-SeSQun6-0aLc76Od382Q&_nc_ss=7f289&oh=00_AQDll5N6-OaXB1nsJ9dcXKi3fqcDwX9sJRNoRazsYUbrRA&oe=6A57E5B3,2026-07-15T18:06:06.000Z,2026-07-11,https://pub-893b4a6a607b4221a894bf861da7914e.r2.dev/3220717538115795.mp4
135,129,Lingo AI,599204246602758,Lingo AI,,IN,27200422259600892,https://www.facebook.com/ads/library/?id=27200422259600892,2026-06-24,,true,false,1,0,,2026-06-24,,"🌍 Learn real English for everyday life 
🗣 Practice speaking with simple lessons 
⏱ Just 5 minutes a day
👉 Download now",👇 Start now,Download,https://speaklearnfrenchlingoai.onelink.me/Y67n?pid=metaweb_int&c={{campaign.name}}&af_c_id={{campaign.id}}&af_adset={{adset.name}}&af_adset_id={{adset.id}}&af_ad={{ad.name}}&af_ad_id={{ad.id}}&af_siteid={{site_source_name}},"Facebook,Instagram,Audience Network,Messenger,Threads","🌍 Learn real English for everyday life 
🗣 Practice speaking with simple lessons 
⏱ Just 5 minutes a day
👉 Download now",👇 Start now,Download,https://speaklearnfrenchlingoai.onelink.me/Y67n?pid=metaweb_int&c={{campaign.name}}&af_c_id={{campaign.id}}&af_adset={{adset.name}}&af_adset_id={{adset.id}}&af_ad={{ad.name}}&af_ad_id={{ad.id}}&af_siteid={{site_source_name}},Video,"Facebook,Instagram,Audience Network,Messenger,Threads",1,0,9:16,https://video.fblr20-1.fna.fbcdn.net/o1/v/t2/f2/m366/AQOTjXxPxve1nI783yIiwFY9RO76J0AlfVmRVYhhXAtpNIMYclxNsVGauDvvQp72tjP0MLkqkSaE_lyXrxvrFaZu5ysEWNnkSrICA3ux_X3Hyg.mp4?_nc_cat=108&_nc_oc=AdrmA_gle0eW7f2KnDyyJvJlQMkI9xIY3SkR80XeqahUDRJ021X9EDMKIaVcAwEE2kjzk_skW_E-eqIfYJ6fy3wr&_nc_sid=b66105&_nc_ht=video.fblr20-1.fna.fbcdn.net&_nc_ohc=8mWwZsFGZ0sQ7kNvwEwvuQc&efg=eyJ2ZW5jb2RlX3RhZyI6Inhwdl9wcm9ncmVzc2l2ZS5WSV9VU0VDQVNFX1BST0RVQ1RfVFlQRS4uQzMuNzIwLmRhc2hfaDI2NC1iYXNpYy1nZW4yXzcyMHAiLCJ4cHZfYXNzZXRfaWQiOjE5MjY0NjE3MDEzNDU3MTcsImFzc2V0X2FnZV9kYXlzIjoxNiwidmlfdXNlY2FzZV9pZCI6MTAxMzksImR1cmF0aW9uX3MiOjMxLCJ1cmxnZW5fc291cmNlIjoid3d3In0%3D&ccb=17-1&vs=283319bd0f58e20f&_nc_vs=HBksFQIYRWZiX2VwaGVtZXJhbC9EQzQ2RTg3OTY2RkE0RTEzNEY3MDhFMDYzMDAzMjdCNF9tdF8xX3ZpZGVvX2Rhc2hpbml0Lm1wNBUAAsgBEgAVAhhAZmJfcGVybWFuZW50L0Q3NDYzQjI0MjE1QUUzQkFENzU2N0QzNEFBOEJDQkE2X2F1ZGlvX2Rhc2hpbml0Lm1wNBUCAsgBEgAoABgAGwKIB3VzZV9vaWwBMRJwcm9ncmVzc2l2ZV9yZWNpcGUBMRUAACbqxo6W6obsBhUCKAJDMywXQD-qfvnbItEYGWRhc2hfaDI2NC1iYXNpYy1nZW4yXzcyMHARAHUAZbaeAQA&_nc_gid=N-SeSQun6-0aLc76Od382Q&_nc_ss=7f289&_nc_zt=28&oh=00_AQDbiZvrH5QeDZOrVhCUsRlOyZG6kYlSj0fQTD5AmboxgQ&oe=6A57D198,https://scontent.fblr20-4.fna.fbcdn.net/v/t39.35426-6/730083117_4312039129108659_3765522111460015330_n.jpg?_nc_cat=101&ccb=1-7&_nc_sid=c53f8f&_nc_ohc=ISAGfZ_1MDkQ7kNvwGQNjQ4&_nc_oc=AdpMChKRfvm9bx0LfvgfX0tqs0mZxwa6WqJjl8J7oHfBFdnldEB3rqbytg0wTfpaNBNlpNYz4wtrhYdGq4KBq3ro&_nc_zt=14&_nc_ht=scontent.fblr20-4.fna&_nc_gid=N-SeSQun6-0aLc76Od382Q&_nc_ss=7f289&oh=00_AQBDqmNhouAe7jp90L72c_17k5v2kRYIGwRA5srcewkejw&oe=6A57DA61,2026-07-15T18:29:44.000Z,2026-07-11,https://pub-893b4a6a607b4221a894bf861da7914e.r2.dev/27200422259600892.mp4
136,130,Lingo AI,599204246602758,Lingo AI,,IN,2803714463336846,https://www.facebook.com/ads/library/?id=2803714463336846,2026-07-08,,false,false,1,0,,2026-07-08,,"📘 Learn English easily with simple lessons 
😊 Build confidence with everyday speaking practice 
👉 Download now",👉 Download now,Download,https://speaklearnfrenchlingoai.onelink.me/Y67n?pid=metaweb_int&c={{campaign.name}}&af_c_id={{campaign.id}}&af_adset={{adset.name}}&af_adset_id={{adset.id}}&af_ad={{ad.name}}&af_ad_id={{ad.id}}&af_siteid={{site_source_name}},"Facebook,Instagram,Audience Network,Messenger,Threads","📘 Learn English easily with simple lessons 
😊 Build confidence with everyday speaking practice 
👉 Download now",👉 Download now,Download,https://speaklearnfrenchlingoai.onelink.me/Y67n?pid=metaweb_int&c={{campaign.name}}&af_c_id={{campaign.id}}&af_adset={{adset.name}}&af_adset_id={{adset.id}}&af_ad={{ad.name}}&af_ad_id={{ad.id}}&af_siteid={{site_source_name}},Video,"Facebook,Instagram,Audience Network,Messenger,Threads",1,0,9:16,https://video.fblr20-2.fna.fbcdn.net/o1/v/t2/f2/m366/AQO-oV9-QvoYQp-sODbHob02vlVKH_1Jbq10CqCExiGILOTYA46MEM7dA_8pzaTBeAdQMo5oOFJvFEeHe3J0EKTmer6wm9eeTMSKoN8sivjKfA.mp4?_nc_cat=102&_nc_oc=AdqKiWIUUvEOrb1K6FkyMbmw2mCFapWd2wwtptyIByAe_BmuWBpAWRPfWbhS4Xu9J5PGB5hxS7AI6mxgsuRR-wXY&_nc_sid=b66105&_nc_ht=video.fblr20-2.fna.fbcdn.net&_nc_ohc=2h8oWJPSyDEQ7kNvwF7bSL_&efg=eyJ2ZW5jb2RlX3RhZyI6Inhwdl9wcm9ncmVzc2l2ZS5WSV9VU0VDQVNFX1BST0RVQ1RfVFlQRS4uQzMuNjA4LmRhc2hfaDI2NC1iYXNpYy1nZW4yXzcyMHAiLCJ4cHZfYXNzZXRfaWQiOjExODA3MzQ3NDg0NTg3MjcsImFzc2V0X2FnZV9kYXlzIjoxLCJ2aV91c2VjYXNlX2lkIjoxMDEzOSwiZHVyYXRpb25fcyI6MzAsInVybGdlbl9zb3VyY2UiOiJ3d3cifQ%3D%3D&ccb=17-1&vs=1b9c9fe85d75c627&_nc_vs=HBksFQIYRWZiX2VwaGVtZXJhbC9DMzRFMTY5QjkyOTFCMURDNkNEMkVCRjE3RDY3Mjg5Ml9tdF8xX3ZpZGVvX2Rhc2hpbml0Lm1wNBUAAsgBEgAVAhhAZmJfcGVybWFuZW50L0NCNEY0OEFFQzc0MzAzNTYxMzgyNUEwMDUxODc2NThGX2F1ZGlvX2Rhc2hpbml0Lm1wNBUCAsgBEgAoABgAGwKIB3VzZV9vaWwBMRJwcm9ncmVzc2l2ZV9yZWNpcGUBMRUAACbO-4u05_eYBBUCKAJDMywXQD53S8an754YGWRhc2hfaDI2NC1iYXNpYy1nZW4yXzcyMHARAHUAZbaeAQA&_nc_gid=N-SeSQun6-0aLc76Od382Q&_nc_ss=7f289&_nc_zt=28&oh=00_AQBu-l5FRnXjcUV53FG62Xt2YlebNkB6Eww4ocYvHd3dYQ&oe=6A57CA8E,https://scontent.fblr20-3.fna.fbcdn.net/v/t39.35426-6/744028398_1421786126441598_655710313731106867_n.jpg?_nc_cat=100&ccb=1-7&_nc_sid=c53f8f&_nc_ohc=qhgQH-n_pXQQ7kNvwEqEBcu&_nc_oc=AdrWfzNVUQC9fn-3_Ahg0QE_h4kia8Pgdgr3JHWPmHBQS-ROgASWC9WTi7ixawKqqIqCVGHzR7MC2os2bGu45bv8&_nc_zt=14&_nc_ht=scontent.fblr20-3.fna&_nc_gid=N-SeSQun6-0aLc76Od382Q&_nc_ss=7f289&oh=00_AQAm4S47nt1F80TH1JihuKQNzxE7Y8PN2UDwo6_nzWJQVQ&oe=6A57CC1F,2026-07-15T17:59:42.000Z,2026-07-11,https://pub-893b4a6a607b4221a894bf861da7914e.r2.dev/2803714463336846.mp4
137,131,Lingo AI,599204246602758,Lingo AI,,IN,4397797407216679,https://www.facebook.com/ads/library/?id=4397797407216679,2026-07-09,,true,false,1,0,,2026-07-09,,"📘 Learn English easily with simple lessons 
😊 Build confidence with everyday speaking practice 
👉 Download now",👉 Download now,Download,https://speaklearnfrenchlingoai.onelink.me/Y67n?pid=metaweb_int&c={{campaign.name}}&af_c_id={{campaign.id}}&af_adset={{adset.name}}&af_adset_id={{adset.id}}&af_ad={{ad.name}}&af_ad_id={{ad.id}}&af_siteid={{site_source_name}},"Facebook,Instagram,Audience Network,Messenger,Threads","📘 Learn English easily with simple lessons 
😊 Build confidence with everyday speaking practice 
👉 Download now",👉 Download now,Download,https://speaklearnfrenchlingoai.onelink.me/Y67n?pid=metaweb_int&c={{campaign.name}}&af_c_id={{campaign.id}}&af_adset={{adset.name}}&af_adset_id={{adset.id}}&af_ad={{ad.name}}&af_ad_id={{ad.id}}&af_siteid={{site_source_name}},Video,"Facebook,Instagram,Audience Network,Messenger,Threads",1,0,9:16,https://video.fblr20-3.fna.fbcdn.net/o1/v/t2/f2/m366/AQPJpdpJJ_6ohlt6nyZgH7PpvNY2MK1K_y5aNEitVMqS-uw_j35Uh94MtviiK978XglEFRxA4f-f1__Ut2jsglCtHksjs5qY3M9HeuZPzTtDVg.mp4?_nc_cat=100&_nc_oc=AdqGTdPWqa4sxBMm8F0pTph5a9TgL9-zIRIqD5b02TIR-0oLEIFeWALki-nkG7FwVOieBTfQhSAER7xKveVCCXQl&_nc_sid=b66105&_nc_ht=video.fblr20-3.fna.fbcdn.net&_nc_ohc=MSQl5-bwZkEQ7kNvwF3cJqk&efg=eyJ2ZW5jb2RlX3RhZyI6Inhwdl9wcm9ncmVzc2l2ZS5WSV9VU0VDQVNFX1BST0RVQ1RfVFlQRS4uQzMuNjA4LmRhc2hfaDI2NC1iYXNpYy1nZW4yXzcyMHAiLCJ4cHZfYXNzZXRfaWQiOjE3NTA0MTg1NDI5MTcyMjAsImFzc2V0X2FnZV9kYXlzIjowLCJ2aV91c2VjYXNlX2lkIjoxMDEzOSwiZHVyYXRpb25fcyI6NjAsInVybGdlbl9zb3VyY2UiOiJ3d3cifQ%3D%3D&ccb=17-1&vs=14c47fc9a9ae1cf6&_nc_vs=HBksFQIYRWZiX2VwaGVtZXJhbC9CMTQ4NzE5MUUzQjc5RDZCNTY4QTAyRjFBRTY5MTc4Nl9tdF8xX3ZpZGVvX2Rhc2hpbml0Lm1wNBUAAsgBEgAVAhhAZmJfcGVybWFuZW50LzcwNEE1MjEyMDg5NzNDMjU0MkM4QTM0QkMyMUIxMkI0X2F1ZGlvX2Rhc2hpbml0Lm1wNBUCAsgBEgAoABgAGwKIB3VzZV9vaWwBMRJwcm9ncmVzc2l2ZV9yZWNpcGUBMRUAACbI2au34v-bBhUCKAJDMywXQE4qn752yLQYGWRhc2hfaDI2NC1iYXNpYy1nZW4yXzcyMHARAHUAZbaeAQA&_nc_gid=N-SeSQun6-0aLc76Od382Q&_nc_ss=7f289&_nc_zt=28&oh=00_AQB0GkSKIVrEOmaQ6UQaIjAxTVq_ybBswu9NLIHElMxBnw&oe=6A57F3E0,https://scontent.fblr20-2.fna.fbcdn.net/v/t39.35426-6/743763523_898288606653346_1660954851651572669_n.jpg?_nc_cat=102&ccb=1-7&_nc_sid=c53f8f&_nc_ohc=twRDG0TLNkoQ7kNvwHetRLf&_nc_oc=AdoJkaXSgyy8FyP_rsatD2pz_01GnJ4g3vDlHEX-pjs1X0kJSqcGyP8G0Fnu52GW8ikD6IhvomJTXjnXBbdjqB7N&_nc_zt=14&_nc_ht=scontent.fblr20-2.fna&_nc_gid=N-SeSQun6-0aLc76Od382Q&_nc_ss=7f289&oh=00_AQBnU3OG79S69s5A-RqiuDMDjHNiq00zcdqnh7wy2f3CpA&oe=6A57D5FD,2026-07-15T20:56:00.000Z,2026-07-11,https://pub-893b4a6a607b4221a894bf861da7914e.r2.dev/4397797407216679.mp4
138,132,Lingo AI,599204246602758,Lingo AI,,IN,1060355273110030,https://www.facebook.com/ads/library/?id=1060355273110030,2026-07-08,,true,false,1,0,,2026-07-08,,"📘 Learn English easily with simple lessons 
😊 Build confidence with everyday speaking practice 
👉 Download now",👉 Download now,Download,https://speaklearnfrenchlingoai.onelink.me/Y67n?pid=metaweb_int&c={{campaign.name}}&af_c_id={{campaign.id}}&af_adset={{adset.name}}&af_adset_id={{adset.id}}&af_ad={{ad.name}}&af_ad_id={{ad.id}}&af_siteid={{site_source_name}},"Facebook,Instagram,Audience Network,Messenger,Threads","📘 Learn English easily with simple lessons 
😊 Build confidence with everyday speaking practice 
👉 Download now",👉 Download now,Download,https://speaklearnfrenchlingoai.onelink.me/Y67n?pid=metaweb_int&c={{campaign.name}}&af_c_id={{campaign.id}}&af_adset={{adset.name}}&af_adset_id={{adset.id}}&af_ad={{ad.name}}&af_ad_id={{ad.id}}&af_siteid={{site_source_name}},Video,"Facebook,Instagram,Audience Network,Messenger,Threads",1,0,9:16,https://video.fblr20-1.fna.fbcdn.net/o1/v/t2/f2/m366/AQOFqZDpRSnUdVT8k586oqgXksAI7sE2cU-Vtrv4bJdG2md_ZNA7MHxAvqUWh2CdCfkPykSJnarjxcSochJqzdtEK_2vX5sqUsAsgrcYBm55KA.mp4?_nc_cat=108&_nc_oc=Adp6a1oXhS1NFKwghx6r5J2Y3LpZRyscv_a8xom8x5Q-UmU_vC3BFC6Eo6EHdJk5BbSroIBlIUU9W1qZDWnSlyUn&_nc_sid=b66105&_nc_ht=video.fblr20-1.fna.fbcdn.net&_nc_ohc=bzbwXXo_olgQ7kNvwGgukHS&efg=eyJ2ZW5jb2RlX3RhZyI6Inhwdl9wcm9ncmVzc2l2ZS5WSV9VU0VDQVNFX1BST0RVQ1RfVFlQRS4uQzMuNjA4LmRhc2hfaDI2NC1iYXNpYy1nZW4yXzcyMHAiLCJ4cHZfYXNzZXRfaWQiOjE2NDk3MDQyNjcxNTQ5NzksImFzc2V0X2FnZV9kYXlzIjoxLCJ2aV91c2VjYXNlX2lkIjoxMDEzOSwiZHVyYXRpb25fcyI6MzIsInVybGdlbl9zb3VyY2UiOiJ3d3cifQ%3D%3D&ccb=17-1&vs=25bb9919ed1d6df9&_nc_vs=HBksFQIYRWZiX2VwaGVtZXJhbC83MjQzQzhENURBRjJERTY4NjFFMEJCM0I4Njk3MTA4N19tdF8xX3ZpZGVvX2Rhc2hpbml0Lm1wNBUAAsgBEgAVAhhAZmJfcGVybWFuZW50LzVENEVGNTYwOUZDRjFDOUUwMDE2MjZGQUFEM0I3NDgzX2F1ZGlvX2Rhc2hpbml0Lm1wNBUCAsgBEgAoABgAGwKIB3VzZV9vaWwBMRJwcm9ncmVzc2l2ZV9yZWNpcGUBMRUAACbGmKDNtpnuBRUCKAJDMywXQEBqn752yLQYGWRhc2hfaDI2NC1iYXNpYy1nZW4yXzcyMHARAHUAZbaeAQA&_nc_gid=N-SeSQun6-0aLc76Od382Q&_nc_ss=7f289&_nc_zt=28&oh=00_AQBIaghcvbUENk34CU0tiXkRlNs7sDzSuZboNeMhw3oFWA&oe=6A57D774,https://scontent.fblr20-3.fna.fbcdn.net/v/t39.35426-6/744074814_1617356173140762_5086576841890672707_n.jpg?_nc_cat=100&ccb=1-7&_nc_sid=c53f8f&_nc_ohc=VdAxJ-hmRSgQ7kNvwGf8Jw2&_nc_oc=Adq4IhPMREmjoU6BPAHPhO_S2XjqTaBlKKVIvgLVDZ7YkQfQZBH3Up3TeszzMf5wO-SEup5o0rkdIcHGO2bNKzG9&_nc_zt=14&_nc_ht=scontent.fblr20-3.fna&_nc_gid=N-SeSQun6-0aLc76Od382Q&_nc_ss=7f289&oh=00_AQDwl-EfSELWwkWwVeuocWyVGG4YGL-6R3K5_Ngd2hPzsQ&oe=6A57ECC6,2026-07-15T18:54:44.000Z,2026-07-11,https://pub-893b4a6a607b4221a894bf861da7914e.r2.dev/1060355273110030.mp4
139,133,Lingo AI,599204246602758,Lingo AI,,IN,1972127246813621,https://www.facebook.com/ads/library/?id=1972127246813621,2026-07-09,,false,false,1,0,,2026-07-09,,"🌍 Learn real English for everyday life 
🗣 Practice speaking with simple lessons 
⏱ Just 5 minutes a day 
👉 Download now",👉 Download now,Download,https://speaklearnfrenchlingoai.onelink.me/Y67n?pid=metaweb_int&c={{campaign.name}}&af_c_id={{campaign.id}}&af_adset={{adset.name}}&af_adset_id={{adset.id}}&af_ad={{ad.name}}&af_ad_id={{ad.id}}&af_siteid={{site_source_name}},"Facebook,Instagram,Audience Network,Messenger,Threads","🌍 Learn real English for everyday life 
🗣 Practice speaking with simple lessons 
⏱ Just 5 minutes a day 
👉 Download now",👉 Download now,Download,https://speaklearnfrenchlingoai.onelink.me/Y67n?pid=metaweb_int&c={{campaign.name}}&af_c_id={{campaign.id}}&af_adset={{adset.name}}&af_adset_id={{adset.id}}&af_ad={{ad.name}}&af_ad_id={{ad.id}}&af_siteid={{site_source_name}},Video,"Facebook,Instagram,Audience Network,Messenger,Threads",1,0,9:16,https://video.fblr20-1.fna.fbcdn.net/o1/v/t2/f2/m366/AQO40PHinsmMQQLzKR3QR1ukEO_TIxy5AcNQ6FhfHFsDuWJETomwnxqxlSArdUaDRzROIjKMiHQJ97614Cj311CvFrQKE9RERtI9dmul7NSe3Q.mp4?_nc_cat=108&_nc_oc=Adq5TqsA3DGN5uqgY0eiTdkIS0ERgeVvu4x7lDOPcNWbNdFuZANCbh_o5yCFjkQ6w4DS2qsHRLnJVhjmmYwssFJM&_nc_sid=b66105&_nc_ht=video.fblr20-1.fna.fbcdn.net&_nc_ohc=C0BISbwPStUQ7kNvwE_rEIM&efg=eyJ2ZW5jb2RlX3RhZyI6Inhwdl9wcm9ncmVzc2l2ZS5WSV9VU0VDQVNFX1BST0RVQ1RfVFlQRS4uQzMuNzIwLmRhc2hfaDI2NC1iYXNpYy1nZW4yXzcyMHAiLCJ4cHZfYXNzZXRfaWQiOjEwNjQ0MTkzOTYwMzY0NjMsImFzc2V0X2FnZV9kYXlzIjo0LCJ2aV91c2VjYXNlX2lkIjoxMDEzOSwiZHVyYXRpb25fcyI6NjEsInVybGdlbl9zb3VyY2UiOiJ3d3cifQ%3D%3D&ccb=17-1&vs=8b4316d057744011&_nc_vs=HBksFQIYRWZiX2VwaGVtZXJhbC9EMDRBOURBN0RGQkM4MEIyRDM1MEI0QUE0Nzk5QTk5Nl9tdF8xX3ZpZGVvX2Rhc2hpbml0Lm1wNBUAAsgBEgAVAhhAZmJfcGVybWFuZW50LzIyNEFBN0FCRjhDQUEwMkZEMkE4OUFDOTVBMTQ1MkI2X2F1ZGlvX2Rhc2hpbml0Lm1wNBUCAsgBEgAoABgAGwKIB3VzZV9vaWwBMRJwcm9ncmVzc2l2ZV9yZWNpcGUBMRUAACbenfG_roXkAxUCKAJDMywXQE63bItDlYEYGWRhc2hfaDI2NC1iYXNpYy1nZW4yXzcyMHARAHUAZbaeAQA&_nc_gid=N-SeSQun6-0aLc76Od382Q&_nc_ss=7f289&_nc_zt=28&oh=00_AQA_J7LjnOdQ78jOjxb4oNPljwgzOP3PlQb-WCZ6y_SrdQ&oe=6A57E2C4,https://scontent.fblr20-2.fna.fbcdn.net/v/t39.35426-6/738653808_2072709243675408_3324913559767103040_n.jpg?_nc_cat=111&ccb=1-7&_nc_sid=c53f8f&_nc_ohc=k8TXKDoHkGUQ7kNvwE75IYW&_nc_oc=AdraxlKKeYerX7OHwL6yCMeTNCdhQChjb_NqdmUJFgc9Lnv9NbgDsNxu1_5Ld5lSPAf7l-mDD6Rri-hXxBwAk44B&_nc_zt=14&_nc_ht=scontent.fblr20-2.fna&_nc_gid=N-SeSQun6-0aLc76Od382Q&_nc_ss=7f289&oh=00_AQC_8xTFLIyhBytcZGpObU9FhhGkegaZCl1rSrAoKIXvhg&oe=6A57CB51,2026-07-15T19:43:00.000Z,2026-07-11,https://pub-893b4a6a607b4221a894bf861da7914e.r2.dev/1972127246813621.mp4
140,134,Lingo AI,599204246602758,Lingo AI,,IN,1715352939800344,https://www.facebook.com/ads/library/?id=1715352939800344,2026-07-07,,false,false,1,0,,2026-07-07,,"🌟 Want to improve your English? 
📱 Learn anytime in just minutes a day 
💬 Build real speaking confidence 
👉 Download now",👉 Download now,Download,https://speaklearnfrenchlingoai.onelink.me/Y67n?pid=metaweb_int&c={{campaign.name}}&af_c_id={{campaign.id}}&af_adset={{adset.name}}&af_adset_id={{adset.id}}&af_ad={{ad.name}}&af_ad_id={{ad.id}}&af_siteid={{site_source_name}},"Facebook,Instagram,Audience Network,Messenger,Threads","🌟 Want to improve your English? 
📱 Learn anytime in just minutes a day 
💬 Build real speaking confidence 
👉 Download now",👉 Download now,Download,https://speaklearnfrenchlingoai.onelink.me/Y67n?pid=metaweb_int&c={{campaign.name}}&af_c_id={{campaign.id}}&af_adset={{adset.name}}&af_adset_id={{adset.id}}&af_ad={{ad.name}}&af_ad_id={{ad.id}}&af_siteid={{site_source_name}},Video,"Facebook,Instagram,Audience Network,Messenger,Threads",1,0,9:16,https://video.fblr20-1.fna.fbcdn.net/o1/v/t2/f2/m366/AQNtccVhUheEfBUJQYREPUglIUqiCO1PUhGtHQlDl9Mvvyq68hTx8M1xUJqnGNriNH_AtEy0HmMMBXzhrMPWpCv505IcYe3-1RDRHglc84goOA.mp4?_nc_cat=108&_nc_oc=AdoQPFGgnddw7F63qP-oZKewDZDuiGxAc6W6uEQfcoQTrXwrlZcJJMgQRpMF8oWSPZurd6Axbh3Y8dOfdywlhPBC&_nc_sid=b66105&_nc_ht=video.fblr20-1.fna.fbcdn.net&_nc_ohc=k90OmEzPFTsQ7kNvwG6q-5j&efg=eyJ2ZW5jb2RlX3RhZyI6Inhwdl9wcm9ncmVzc2l2ZS5WSV9VU0VDQVNFX1BST0RVQ1RfVFlQRS4uQzMuNzIwLmRhc2hfaDI2NC1iYXNpYy1nZW4yXzcyMHAiLCJ4cHZfYXNzZXRfaWQiOjQyNzAxODMxMDY0NTkzNTcsImFzc2V0X2FnZV9kYXlzIjoyMywidmlfdXNlY2FzZV9pZCI6MTAxMzksImR1cmF0aW9uX3MiOjQ4LCJ1cmxnZW5fc291cmNlIjoid3d3In0%3D&ccb=17-1&vs=62538d58e3a4a2f7&_nc_vs=HBksFQIYRWZiX2VwaGVtZXJhbC8yRjQxNEJDQzUzRDE4N0QzMzEyMUI0NEE5NTQ0RDY4M19tdF8xX3ZpZGVvX2Rhc2hpbml0Lm1wNBUAAsgBEgAVAhhAZmJfcGVybWFuZW50LzAxNDBBM0FFRTdBMDdFOERCMEYwQUI5QjBBRTNFRDg1X2F1ZGlvX2Rhc2hpbml0Lm1wNBUCAsgBEgAoABgAGwKIB3VzZV9vaWwBMRJwcm9ncmVzc2l2ZV9yZWNpcGUBMRUAACa62_2yr-2VDxUCKAJDMywXQEhqn752yLQYGWRhc2hfaDI2NC1iYXNpYy1nZW4yXzcyMHARAHUAZbaeAQA&_nc_gid=N-SeSQun6-0aLc76Od382Q&_nc_ss=7f289&_nc_zt=28&oh=00_AQBvqrJ6mAx7p7a5_xfR3J-sARRgzSzTaRgN2tuUzIfykg&oe=6A57D270,https://scontent.fblr20-4.fna.fbcdn.net/v/t39.35426-6/741215905_2055760871726485_9128802547805469650_n.jpg?_nc_cat=106&ccb=1-7&_nc_sid=c53f8f&_nc_ohc=Rcsxj7lul48Q7kNvwFJNXFd&_nc_oc=AdqWc0D2C2mSOZJIhKq2XFAY31JGRA4KuYDECvkhzYFQgdoyKFO65OTshB6Wo9yKlvmZXsSPd9kWThzbmFmUOiOC&_nc_zt=14&_nc_ht=scontent.fblr20-4.fna&_nc_gid=N-SeSQun6-0aLc76Od382Q&_nc_ss=7f289&oh=00_AQAJP88dU4Jxh1SuPsPxC1kPadxQ0wh6OL8hbptdKRUmnQ&oe=6A57C7BE,2026-07-15T18:33:20.000Z,2026-07-11,https://pub-893b4a6a607b4221a894bf861da7914e.r2.dev/1715352939800344.mp4
141,135,Lingo AI,599204246602758,Lingo AI,,IN,4375615639367489,https://www.facebook.com/ads/library/?id=4375615639367489,2026-07-08,,false,false,1,0,,2026-07-08,,"📘 Learn English easily with simple lessons 
😊 Build confidence with everyday speaking practice 
👉 Download now",👉 Download now,Download,https://speaklearnfrenchlingoai.onelink.me/Y67n?pid=metaweb_int&c={{campaign.name}}&af_c_id={{campaign.id}}&af_adset={{adset.name}}&af_adset_id={{adset.id}}&af_ad={{ad.name}}&af_ad_id={{ad.id}}&af_siteid={{site_source_name}},"Facebook,Instagram,Audience Network,Messenger,Threads","📘 Learn English easily with simple lessons 
😊 Build confidence with everyday speaking practice 
👉 Download now",👉 Download now,Download,https://speaklearnfrenchlingoai.onelink.me/Y67n?pid=metaweb_int&c={{campaign.name}}&af_c_id={{campaign.id}}&af_adset={{adset.name}}&af_adset_id={{adset.id}}&af_ad={{ad.name}}&af_ad_id={{ad.id}}&af_siteid={{site_source_name}},Video,"Facebook,Instagram,Audience Network,Messenger,Threads",1,0,9:16,https://video.fblr20-2.fna.fbcdn.net/o1/v/t2/f2/m366/AQMW8F2l5gr4u2NTlsA6cH3UHyOZTIBTJyzZ_4zesmFovxWP3WFBUL6T3IEzfeQ3EbRjaVgKo93btWfzTAiVfdRzCu74-Q7al5R20PfZP3_GpQ.mp4?_nc_cat=102&_nc_oc=AdrqeY6C-8rGtIHnDpfdB2OTnDMmZep7uv__xI0d919CekzW3XcIZtA8ttpyukkT3CS_8uf1NSxI2X88fS6a32OE&_nc_sid=b66105&_nc_ht=video.fblr20-2.fna.fbcdn.net&_nc_ohc=sdkmPjhPo-oQ7kNvwG-z1EN&efg=eyJ2ZW5jb2RlX3RhZyI6Inhwdl9wcm9ncmVzc2l2ZS5WSV9VU0VDQVNFX1BST0RVQ1RfVFlQRS4uQzMuNzIwLmRhc2hfaDI2NC1iYXNpYy1nZW4yXzcyMHAiLCJ4cHZfYXNzZXRfaWQiOjEyNDk1ODU4MDA3MDc3NjMsImFzc2V0X2FnZV9kYXlzIjoxLCJ2aV91c2VjYXNlX2lkIjoxMDEzOSwiZHVyYXRpb25fcyI6MjksInVybGdlbl9zb3VyY2UiOiJ3d3cifQ%3D%3D&ccb=17-1&vs=853ba1c1a9a8a7f8&_nc_vs=HBksFQIYRWZiX2VwaGVtZXJhbC84NTRDRjcyNTYwQTIzMUFEQTkxRDMxRTBFQzI2MDg4NF9tdF8xX3ZpZGVvX2Rhc2hpbml0Lm1wNBUAAsgBEgAVAhhAZmJfcGVybWFuZW50LzZDNDkwNzVEMTUxNUM0RDBDRjZEQURENkMxMzU5MDgxX2F1ZGlvX2Rhc2hpbml0Lm1wNBUCAsgBEgAoABgAGwKIB3VzZV9vaWwBMRJwcm9ncmVzc2l2ZV9yZWNpcGUBMRUAACbm-qPcu5-4BBUCKAJDMywXQD2IcrAgxJwYGWRhc2hfaDI2NC1iYXNpYy1nZW4yXzcyMHARAHUAZbaeAQA&_nc_gid=fwsYk3kWfMPtUNqcGLUUEA&_nc_ss=7f289&_nc_zt=28&oh=00_AQDfLWADq3C2bax9atlphY2y-j9JNJD-rKHrGklQQe-GWA&oe=6A57CCFA,https://scontent.fblr20-3.fna.fbcdn.net/v/t39.35426-6/740628521_1509880294212934_1715407294960987259_n.jpg?_nc_cat=100&ccb=1-7&_nc_sid=c53f8f&_nc_ohc=yyZEjSA26FsQ7kNvwHumwS5&_nc_oc=AdqQ5EqFDEVLroFd4IsSieIGdKwiBmBRcqDyMhNXJGQeyq7W24x3itBcrYPK-2zKkqPX9aLSTZrpAC1dSgIOtFlp&_nc_zt=14&_nc_ht=scontent.fblr20-3.fna&_nc_gid=fwsYk3kWfMPtUNqcGLUUEA&_nc_ss=7f289&oh=00_AQCcHNw0sDZ1x2yviXxV33XnNYM1pgYBewgYW3WodPa4GA&oe=6A57FD1A,2026-07-15T18:10:02.000Z,2026-07-11,https://pub-893b4a6a607b4221a894bf861da7914e.r2.dev/4375615639367489.mp4
142,136,Lingo AI,599204246602758,Lingo AI,,IN,986024980878185,https://www.facebook.com/ads/library/?id=986024980878185,2026-07-01,,true,false,1,0,,2026-07-01,,"🌍 Learn real English for everyday life 
🗣 Practice speaking with simple lessons 
⏱ Just 5 minutes a day 
👉 Download now",👉 Download now,Download,https://speaklearnfrenchlingoai.onelink.me/Y67n?pid=metaweb_int&c={{campaign.name}}&af_c_id={{campaign.id}}&af_adset={{adset.name}}&af_adset_id={{adset.id}}&af_ad={{ad.name}}&af_ad_id={{ad.id}}&af_siteid={{site_source_name}},"Facebook,Instagram,Audience Network,Messenger,Threads","🌍 Learn real English for everyday life 
🗣 Practice speaking with simple lessons 
⏱ Just 5 minutes a day 
👉 Download now",👉 Download now,Download,https://speaklearnfrenchlingoai.onelink.me/Y67n?pid=metaweb_int&c={{campaign.name}}&af_c_id={{campaign.id}}&af_adset={{adset.name}}&af_adset_id={{adset.id}}&af_ad={{ad.name}}&af_ad_id={{ad.id}}&af_siteid={{site_source_name}},Video,"Facebook,Instagram,Audience Network,Messenger,Threads",1,0,9:16,https://video.fblr20-3.fna.fbcdn.net/o1/v/t2/f2/m366/AQNjnCcgp5RqhHX_Yiwn_uNxlxJfcDy2TI9d9Wyrlw7kRMXDmaQ3lCraMIuntsZQhTXXKriOAzgylHYkv4nhXYqmE9QsNk39NELMdFrdXjzByA.mp4?_nc_cat=105&_nc_oc=AdpANI8veMZ0n5x4DdN1G_z4Sgq9j2c-nQ7Wp2Ei--DBDPA1bnsSCpRORnOyI7AO9XmLeFXDScNIx7rihADdN07K&_nc_sid=b66105&_nc_ht=video.fblr20-3.fna.fbcdn.net&_nc_ohc=R1K6HF08KdUQ7kNvwEB0MFm&efg=eyJ2ZW5jb2RlX3RhZyI6Inhwdl9wcm9ncmVzc2l2ZS5WSV9VU0VDQVNFX1BST0RVQ1RfVFlQRS4uQzMuNjA4LmRhc2hfaDI2NC1iYXNpYy1nZW4yXzcyMHAiLCJ4cHZfYXNzZXRfaWQiOjE0OTc2NTQwNDE1ODYyNTMsImFzc2V0X2FnZV9kYXlzIjo4LCJ2aV91c2VjYXNlX2lkIjoxMDEzOSwiZHVyYXRpb25fcyI6MjgsInVybGdlbl9zb3VyY2UiOiJ3d3cifQ%3D%3D&ccb=17-1&vs=81f6bba592d6f73a&_nc_vs=HBksFQIYRWZiX2VwaGVtZXJhbC9BRDRFNjRGNEFFMEFGMEVBNzhDNDVFMTgxQ0NCMTE5MV9tdF8xX3ZpZGVvX2Rhc2hpbml0Lm1wNBUAAsgBEgAVAhhAZmJfcGVybWFuZW50LzdENEFGMUIxMTY1RDU2QjIwQjk0QjM5MjYwNzk5Mjk4X2F1ZGlvX2Rhc2hpbml0Lm1wNBUCAsgBEgAoABgAGwKIB3VzZV9vaWwBMRJwcm9ncmVzc2l2ZV9yZWNpcGUBMRUAACaaqamS-IapBRUCKAJDMywXQDzEGJN0vGoYGWRhc2hfaDI2NC1iYXNpYy1nZW4yXzcyMHARAHUAZbaeAQA&_nc_gid=fwsYk3kWfMPtUNqcGLUUEA&_nc_ss=7f289&_nc_zt=28&oh=00_AQBzSNDAXF5xQu94pMrCWUzw14rPuIZ9YyN7IlrSgtV-Rg&oe=6A57EBE3,https://scontent.fblr20-4.fna.fbcdn.net/v/t39.35426-6/735994055_1342530953953698_9119321116033690398_n.jpg?_nc_cat=103&ccb=1-7&_nc_sid=c53f8f&_nc_ohc=1IIsv3Np7XEQ7kNvwEkw4Zz&_nc_oc=Adp2hsx7H6UhTt2ckU737wFBfIOHwu0uAVoL4yBGLJWV3_qlOm8Ul2TIe0tAHUUmKh84zkcn95hQcN-kl_MzVXrO&_nc_zt=14&_nc_ht=scontent.fblr20-4.fna&_nc_gid=fwsYk3kWfMPtUNqcGLUUEA&_nc_ss=7f289&oh=00_AQBarNAHf5IbJFUQkYdAUtXffqSNIE4Q0qEtRJNsny2X5A&oe=6A57F07C,2026-07-15T20:21:55.000Z,2026-07-11,https://pub-893b4a6a607b4221a894bf861da7914e.r2.dev/986024980878185.mp4
143,137,Lingo AI,599204246602758,Lingo AI,,IN,1372763528076706,https://www.facebook.com/ads/library/?id=1372763528076706,2026-07-08,,true,false,1,0,,2026-07-08,,"📘 Learn English easily with simple lessons 
😊 Build confidence with everyday speaking practice 
👉 Download now",👉 Download now,Download,https://speaklearnfrenchlingoai.onelink.me/Y67n?pid=metaweb_int&c={{campaign.name}}&af_c_id={{campaign.id}}&af_adset={{adset.name}}&af_adset_id={{adset.id}}&af_ad={{ad.name}}&af_ad_id={{ad.id}}&af_siteid={{site_source_name}},"Facebook,Instagram,Audience Network,Messenger,Threads","📘 Learn English easily with simple lessons 
😊 Build confidence with everyday speaking practice 
👉 Download now",👉 Download now,Download,https://speaklearnfrenchlingoai.onelink.me/Y67n?pid=metaweb_int&c={{campaign.name}}&af_c_id={{campaign.id}}&af_adset={{adset.name}}&af_adset_id={{adset.id}}&af_ad={{ad.name}}&af_ad_id={{ad.id}}&af_siteid={{site_source_name}},Video,"Facebook,Instagram,Audience Network,Messenger,Threads",1,0,9:16,https://video.fblr20-3.fna.fbcdn.net/o1/v/t2/f2/m366/AQM29yuM9B8ZlRYGzEaYSN5Y_CVgz1ExhovzxoUiZ6jHFqPeQxl_83sDzrObjjAIgXgPYq49B9viT_jMAxE2ELDqLZIO-rTbacecch1090MocQ.mp4?_nc_cat=109&_nc_oc=AdpHoyZmugOwj2xrCOKbmCcmCQXSVs4IRbdxEJFWRzCMXUgwmd_WPQmJcWEjVZAZvRk30SO7e_vl2vTAsWvNnHZB&_nc_sid=b66105&_nc_ht=video.fblr20-3.fna.fbcdn.net&_nc_ohc=8jLGqK6_zOEQ7kNvwHuLUUt&efg=eyJ2ZW5jb2RlX3RhZyI6Inhwdl9wcm9ncmVzc2l2ZS5WSV9VU0VDQVNFX1BST0RVQ1RfVFlQRS4uQzMuNzIwLmRhc2hfaDI2NC1iYXNpYy1nZW4yXzcyMHAiLCJ4cHZfYXNzZXRfaWQiOjQ0MzE0MTkyOTcxMDA0NjcsImFzc2V0X2FnZV9kYXlzIjoxLCJ2aV91c2VjYXNlX2lkIjoxMDEzOSwiZHVyYXRpb25fcyI6MjgsInVybGdlbl9zb3VyY2UiOiJ3d3cifQ%3D%3D&ccb=17-1&vs=fa2fd3e6731cfaa0&_nc_vs=HBksFQIYRWZiX2VwaGVtZXJhbC9BNzQ4NjM0M0ZBM0JCM0RBNkE4NDFCNEVENzMzN0I4RV9tdF8xX3ZpZGVvX2Rhc2hpbml0Lm1wNBUAAsgBEgAVAhhAZmJfcGVybWFuZW50L0ZGNDY5N0JGOTJCQTRDRjlBMTVCOTk0MERFQUVCNEIwX2F1ZGlvX2Rhc2hpbml0Lm1wNBUCAsgBEgAoABgAGwKIB3VzZV9vaWwBMRJwcm9ncmVzc2l2ZV9yZWNpcGUBMRUAACbmyu_QxpbfDxUCKAJDMywXQDwIcrAgxJwYGWRhc2hfaDI2NC1iYXNpYy1nZW4yXzcyMHARAHUAZbaeAQA&_nc_gid=fwsYk3kWfMPtUNqcGLUUEA&_nc_ss=7f289&_nc_zt=28&oh=00_AQAyZpb8rPmqdt9GcwjlkPNllGBCAaDqOLrhxl7YeSZhgA&oe=6A57CD4B,https://scontent.fblr20-1.fna.fbcdn.net/v/t39.35426-6/742241651_27524507017232852_8578097819261239936_n.jpg?_nc_cat=110&ccb=1-7&_nc_sid=c53f8f&_nc_ohc=mun5RjC0pSUQ7kNvwGpouG0&_nc_oc=AdqkBaTBBQCFwX-mGfTxymjyjgeln63MFo2JgnRYT7tyJfyWM-wLrvbIiwj29-x6rtdxdHn8V_wClI4K3TkoMM3g&_nc_zt=14&_nc_ht=scontent.fblr20-1.fna&_nc_gid=fwsYk3kWfMPtUNqcGLUUEA&_nc_ss=7f289&oh=00_AQADhMFPZhtgngEUaKWhTk_DtaJwm9G8xCf1cZRdnSP2Gg&oe=6A57ED18,2026-07-15T18:11:23.000Z,2026-07-11,https://pub-893b4a6a607b4221a894bf861da7914e.r2.dev/1372763528076706.mp4
144,138,Lingo AI,599204246602758,Lingo AI,,IN,4289469851302149,https://www.facebook.com/ads/library/?id=4289469851302149,2026-07-09,,true,false,1,0,,2026-07-09,,"📘 Learn English easily with simple lessons 
😊 Build confidence with everyday speaking practice 
👉 Download now",👉 Download now,Download,https://speaklearnfrenchlingoai.onelink.me/Y67n?pid=metaweb_int&c={{campaign.name}}&af_c_id={{campaign.id}}&af_adset={{adset.name}}&af_adset_id={{adset.id}}&af_ad={{ad.name}}&af_ad_id={{ad.id}}&af_siteid={{site_source_name}},"Facebook,Instagram,Audience Network,Messenger,Threads","📘 Learn English easily with simple lessons 
😊 Build confidence with everyday speaking practice 
👉 Download now",👉 Download now,Download,https://speaklearnfrenchlingoai.onelink.me/Y67n?pid=metaweb_int&c={{campaign.name}}&af_c_id={{campaign.id}}&af_adset={{adset.name}}&af_adset_id={{adset.id}}&af_ad={{ad.name}}&af_ad_id={{ad.id}}&af_siteid={{site_source_name}},Video,"Facebook,Instagram,Audience Network,Messenger,Threads",1,0,9:16,https://video.fblr20-4.fna.fbcdn.net/o1/v/t2/f2/m366/AQMJoO3SbgXjqeBEehwVOHSieETOI3ehV_RNoz16zBqfffB2L_5CIl2VV_hLguEY4NHxu5f5oJ7TxwXFQriOY7JB-8ta9ZLPgwl_5wDUNYvGTg.mp4?_nc_cat=106&_nc_oc=Adr-mpma095recgf8Q8T_bBLCMeKZRfB5fD7R5JE3jIRxrcUsqGVUGX52m-kS7vl-obfu9A5jzI4RsOhH8_Pn121&_nc_sid=b66105&_nc_ht=video.fblr20-4.fna.fbcdn.net&_nc_ohc=UVjhBGIesC8Q7kNvwEuiFmY&efg=eyJ2ZW5jb2RlX3RhZyI6Inhwdl9wcm9ncmVzc2l2ZS5WSV9VU0VDQVNFX1BST0RVQ1RfVFlQRS4uQzMuNjA4LmRhc2hfaDI2NC1iYXNpYy1nZW4yXzcyMHAiLCJ4cHZfYXNzZXRfaWQiOjEyNzg2OTc1NTUzMTkzMTQsImFzc2V0X2FnZV9kYXlzIjowLCJ2aV91c2VjYXNlX2lkIjoxMDEzOSwiZHVyYXRpb25fcyI6NTksInVybGdlbl9zb3VyY2UiOiJ3d3cifQ%3D%3D&ccb=17-1&vs=dc293c31130d11f4&_nc_vs=HBksFQIYRWZiX2VwaGVtZXJhbC83OTQ3QjZGOTI2RjYyQUUyQUEzNjc2MjZDQzVDMzk4Ml9tdF8xX3ZpZGVvX2Rhc2hpbml0Lm1wNBUAAsgBEgAVAhhAZmJfcGVybWFuZW50LzUwNDhCNzY5ODA4RDFGMUIyRjUyM0FDRUY0RDI0QzlDX2F1ZGlvX2Rhc2hpbml0Lm1wNBUCAsgBEgAoABgAGwKIB3VzZV9vaWwBMRJwcm9ncmVzc2l2ZV9yZWNpcGUBMRUAACak6PqY_73FBBUCKAJDMywXQE3AAAAAAAAYGWRhc2hfaDI2NC1iYXNpYy1nZW4yXzcyMHARAHUAZbaeAQA&_nc_gid=fwsYk3kWfMPtUNqcGLUUEA&_nc_ss=7f289&_nc_zt=28&oh=00_AQC7Uj2Wbmd6M38VeVf3dDmySjxN-AUHC8nNM82nlnMCZw&oe=6A57F40E,https://scontent.fblr20-4.fna.fbcdn.net/v/t39.35426-6/742586363_1761236828575442_8753636489389077164_n.jpg?_nc_cat=103&ccb=1-7&_nc_sid=c53f8f&_nc_ohc=KcBIsRltv_QQ7kNvwGIjNzf&_nc_oc=AdrOdqd0SqkHOikKvRz7pdlS4nE8LJGfmJ5p16i2XfhBme3T3J5NbxI7Gvt1uIJYgRN3W0nlRUrMFt5ey_sMJIbK&_nc_zt=14&_nc_ht=scontent.fblr20-4.fna&_nc_gid=fwsYk3kWfMPtUNqcGLUUEA&_nc_ss=7f289&oh=00_AQCComXSjwrlddFofHQr-jGEqd4bXHXooAX6CDMt24J23g&oe=6A57F521,2026-07-15T20:56:46.000Z,2026-07-11,https://pub-893b4a6a607b4221a894bf861da7914e.r2.dev/4289469851302149.mp4
145,139,Lingo AI,599204246602758,Lingo AI,,IN,1564342995284861,https://www.facebook.com/ads/library/?id=1564342995284861,2026-07-08,,false,false,1,0,,2026-07-08,,"🌟 Want to improve your English? 
📱 Learn anytime in just minutes a day 
💬 Build real speaking confidence 
👉 Download now",👉 Download now,Download,https://speaklearnfrenchlingoai.onelink.me/Y67n?pid=metaweb_int&c={{campaign.name}}&af_c_id={{campaign.id}}&af_adset={{adset.name}}&af_adset_id={{adset.id}}&af_ad={{ad.name}}&af_ad_id={{ad.id}}&af_siteid={{site_source_name}},"Facebook,Instagram,Audience Network,Messenger,Threads","🌟 Want to improve your English? 
📱 Learn anytime in just minutes a day 
💬 Build real speaking confidence 
👉 Download now",👉 Download now,Download,https://speaklearnfrenchlingoai.onelink.me/Y67n?pid=metaweb_int&c={{campaign.name}}&af_c_id={{campaign.id}}&af_adset={{adset.name}}&af_adset_id={{adset.id}}&af_ad={{ad.name}}&af_ad_id={{ad.id}}&af_siteid={{site_source_name}},Video,"Facebook,Instagram,Audience Network,Messenger,Threads",1,0,9:16,https://video.fblr20-1.fna.fbcdn.net/o1/v/t2/f2/m366/AQPo7dLl156l70tx0qbLzr_nyfjc-RVZGhXc8gFmCjrcFjrJMdrLRI7-RKVufz6ZZ7l_SfZVIlRImXH96j76mnzJq2VxBV9i4b3safINLMb15w.mp4?_nc_cat=108&_nc_oc=AdqDNDHUwmjDmMZCOZI2ZGdFPpp9rpyz_-4yuRAJsChMiw54kYUiBp4s0b7xpm8xSdpBBLi9B-r6I59DjX5WDn_H&_nc_sid=b66105&_nc_ht=video.fblr20-1.fna.fbcdn.net&_nc_ohc=AqdGFCdSzUcQ7kNvwGuz8_T&efg=eyJ2ZW5jb2RlX3RhZyI6Inhwdl9wcm9ncmVzc2l2ZS5WSV9VU0VDQVNFX1BST0RVQ1RfVFlQRS4uQzMuNzIwLmRhc2hfaDI2NC1iYXNpYy1nZW4yXzcyMHAiLCJ4cHZfYXNzZXRfaWQiOjk1MzY4NDQ3NDM2MTQ5MSwiYXNzZXRfYWdlX2RheXMiOjQsInZpX3VzZWNhc2VfaWQiOjEwMTM5LCJkdXJhdGlvbl9zIjozOCwidXJsZ2VuX3NvdXJjZSI6Ind3dyJ9&ccb=17-1&vs=121e75370f141e59&_nc_vs=HBksFQIYRWZiX2VwaGVtZXJhbC83NjQ2RUFGRkMxODRGMThFQjU1RUQ4REI3ODE3MjI5NF9tdF8xX3ZpZGVvX2Rhc2hpbml0Lm1wNBUAAsgBEgAVAhhAZmJfcGVybWFuZW50LzU3NEREOEQxRjIzMTczOEQyOUU0RkU0Q0IwQjdFMUFGX2F1ZGlvX2Rhc2hpbml0Lm1wNBUCAsgBEgAoABgAGwKIB3VzZV9vaWwBMRJwcm9ncmVzc2l2ZV9yZWNpcGUBMRUAACam2pOF39exAxUCKAJDMywXQENMzMzMzM0YGWRhc2hfaDI2NC1iYXNpYy1nZW4yXzcyMHARAHUAZbaeAQA&_nc_gid=fwsYk3kWfMPtUNqcGLUUEA&_nc_ss=7f289&_nc_zt=28&oh=00_AQA5rTJF3tQUpEnQ8ejBrb0C8rZAFtbp28E6iLpmg8zGvg&oe=6A57E8F0,https://scontent.fblr20-3.fna.fbcdn.net/v/t39.35426-6/741977921_1548671133570363_8778131052245123507_n.jpg?_nc_cat=105&ccb=1-7&_nc_sid=c53f8f&_nc_ohc=e2F_nLxTC14Q7kNvwFV_Mx0&_nc_oc=AdoLSjLocLsYUWQ4zm7gh9hDPm29NdYRQP9VON3hzG6ABCIt68UIYqiMj-LyC3BKI6YPcwVd6gSddQKfBnzRRe78&_nc_zt=14&_nc_ht=scontent.fblr20-3.fna&_nc_gid=fwsYk3kWfMPtUNqcGLUUEA&_nc_ss=7f289&oh=00_AQBM-2yAKgMOq3-0N5MWbq-pi7F4BzO8HDsiovuw4eSHVQ&oe=6A57E63F,2026-07-15T20:09:20.000Z,2026-07-11,https://pub-893b4a6a607b4221a894bf861da7914e.r2.dev/1564342995284861.mp4
146,140,Lingo AI,599204246602758,Lingo AI,,IN,1576176400691896,https://www.facebook.com/ads/library/?id=1576176400691896,2026-07-07,,false,false,1,0,,2026-07-07,,"🌟 Want to improve your English? 
📱 Learn anytime in just minutes a day 
💬 Build real speaking confidence 
👉 Download now",👉 Download now,Download,https://speaklearnfrenchlingoai.onelink.me/Y67n?pid=metaweb_int&c={{campaign.name}}&af_c_id={{campaign.id}}&af_adset={{adset.name}}&af_adset_id={{adset.id}}&af_ad={{ad.name}}&af_ad_id={{ad.id}}&af_siteid={{site_source_name}},"Facebook,Instagram,Audience Network,Messenger,Threads","🌟 Want to improve your English? 
📱 Learn anytime in just minutes a day 
💬 Build real speaking confidence 
👉 Download now",👉 Download now,Download,https://speaklearnfrenchlingoai.onelink.me/Y67n?pid=metaweb_int&c={{campaign.name}}&af_c_id={{campaign.id}}&af_adset={{adset.name}}&af_adset_id={{adset.id}}&af_ad={{ad.name}}&af_ad_id={{ad.id}}&af_siteid={{site_source_name}},Video,"Facebook,Instagram,Audience Network,Messenger,Threads",1,0,9:16,https://video.fblr20-4.fna.fbcdn.net/o1/v/t2/f2/m366/AQM-DOPFqnTqG8UlHSMCcj393YUvfJvUv12rSKqfUCUqSwn8dyR-TVRIH20E26J02BwrtFZDbUo3oWnuDvRgfCNETNpKyZ8UOeoHxwn1VfmAGg.mp4?_nc_cat=101&_nc_oc=AdprXSKz3XoCJ9pvDEsx71Wshz3eligjtes_cIPHG_dUmxQgfPfGgWEOAFPJKSi0CDNHo_sVXaGXIOTJbtQSj0l4&_nc_sid=b66105&_nc_ht=video.fblr20-4.fna.fbcdn.net&_nc_ohc=LQuhB1g2MbsQ7kNvwGY-_Q-&efg=eyJ2ZW5jb2RlX3RhZyI6Inhwdl9wcm9ncmVzc2l2ZS5WSV9VU0VDQVNFX1BST0RVQ1RfVFlQRS4uQzMuNzIwLmRhc2hfaDI2NC1iYXNpYy1nZW4yXzcyMHAiLCJ4cHZfYXNzZXRfaWQiOjc0ODM0NjgwNTAyOTg5NywiYXNzZXRfYWdlX2RheXMiOjIzLCJ2aV91c2VjYXNlX2lkIjoxMDEzOSwiZHVyYXRpb25fcyI6MzgsInVybGdlbl9zb3VyY2UiOiJ3d3cifQ%3D%3D&ccb=17-1&vs=9b58b18739fc51de&_nc_vs=HBksFQIYRWZiX2VwaGVtZXJhbC9COTRFQjFGRjY0NDk3QzRFMUJFRTM5NDA5OTQxQTFCOF9tdF8xX3ZpZGVvX2Rhc2hpbml0Lm1wNBUAAsgBEgAVAhhAZmJfcGVybWFuZW50LzQ2NDcwQjY4MUNGNjgzRkQ4OTNDOTNCODEyQUVCMUFDX2F1ZGlvX2Rhc2hpbml0Lm1wNBUCAsgBEgAoABgAGwKIB3VzZV9vaWwBMRJwcm9ncmVzc2l2ZV9yZWNpcGUBMRUAACaSsNyXwqfUAhUCKAJDMywXQENiDEm6XjUYGWRhc2hfaDI2NC1iYXNpYy1nZW4yXzcyMHARAHUAZbaeAQA&_nc_gid=fwsYk3kWfMPtUNqcGLUUEA&_nc_ss=7f289&_nc_zt=28&oh=00_AQB9jNCzAXrvCbVlhoqHWCzMxWFdwspPmpLOA24iQzG38w&oe=6A57D623,https://scontent.fblr20-3.fna.fbcdn.net/v/t39.35426-6/739762701_3356463601182290_4005520987133434059_n.jpg?_nc_cat=100&ccb=1-7&_nc_sid=c53f8f&_nc_ohc=WZCvXNsZQxUQ7kNvwGGf33d&_nc_oc=AdoGpGpezN_UPepDCJmYjQ-EfrCo47CtDOvPQNP2SlRIpy4GZeO5dqjqSKbi1J4sfOTWGvchVVO0-yZrw93SHkZu&_nc_zt=14&_nc_ht=scontent.fblr20-3.fna&_nc_gid=fwsYk3kWfMPtUNqcGLUUEA&_nc_ss=7f289&oh=00_AQBHGwUMM7K1EXD_m-PbV2UQbG3-V2_mPTF-9Xfz7rIi-A&oe=6A57F497,2026-07-15T18:49:07.000Z,2026-07-11,https://pub-893b4a6a607b4221a894bf861da7914e.r2.dev/1576176400691896.mp4
147,141,Lingo AI,599204246602758,Lingo AI,,IN,2200965640744058,https://www.facebook.com/ads/library/?id=2200965640744058,2026-07-08,,true,false,1,0,,2026-07-08,,"📘 Learn English easily with simple lessons 
😊 Build confidence with everyday speaking practice 
👉 Download now",👉 Download now,Download,https://speaklearnfrenchlingoai.onelink.me/Y67n?pid=metaweb_int&c={{campaign.name}}&af_c_id={{campaign.id}}&af_adset={{adset.name}}&af_adset_id={{adset.id}}&af_ad={{ad.name}}&af_ad_id={{ad.id}}&af_siteid={{site_source_name}},"Facebook,Instagram,Audience Network,Messenger,Threads","📘 Learn English easily with simple lessons 
😊 Build confidence with everyday speaking practice 
👉 Download now",👉 Download now,Download,https://speaklearnfrenchlingoai.onelink.me/Y67n?pid=metaweb_int&c={{campaign.name}}&af_c_id={{campaign.id}}&af_adset={{adset.name}}&af_adset_id={{adset.id}}&af_ad={{ad.name}}&af_ad_id={{ad.id}}&af_siteid={{site_source_name}},Video,"Facebook,Instagram,Audience Network,Messenger,Threads",1,0,9:16,https://video.fblr20-1.fna.fbcdn.net/o1/v/t2/f2/m366/AQOT20j9tM7cAhztKMjQIi4ozUpjRpCRaw2LowPaA5LBl1SERJVPkC6OVR9I9hR_8hEgRpm1eFTUWB7S1Z7OcTsyS-c3JF2Is76mOxHPqM3RUQ.mp4?_nc_cat=108&_nc_oc=AdqIhIFTlhfPciGx8BfAtXbw-ratKaAjh8NEOh4R5zdhHDOEK2zD0pDz3igZPw5kzyXpPwCZFmOc2uNOBCu1zkPY&_nc_sid=b66105&_nc_ht=video.fblr20-1.fna.fbcdn.net&_nc_ohc=VUE_Ng3v6HgQ7kNvwFhmZWr&efg=eyJ2ZW5jb2RlX3RhZyI6Inhwdl9wcm9ncmVzc2l2ZS5WSV9VU0VDQVNFX1BST0RVQ1RfVFlQRS4uQzMuNzIwLmRhc2hfaDI2NC1iYXNpYy1nZW4yXzcyMHAiLCJ4cHZfYXNzZXRfaWQiOjE1MDU4NDgxMTEzMTcwMDIsImFzc2V0X2FnZV9kYXlzIjoxLCJ2aV91c2VjYXNlX2lkIjoxMDEzOSwiZHVyYXRpb25fcyI6MjksInVybGdlbl9zb3VyY2UiOiJ3d3cifQ%3D%3D&ccb=17-1&vs=c7ae0abd6eca132c&_nc_vs=HBksFQIYRWZiX2VwaGVtZXJhbC8wNTRERkVDNzA1MTg4N0YwMzZGQzNFMjFGRUQ5RDM5NF9tdF8xX3ZpZGVvX2Rhc2hpbml0Lm1wNBUAAsgBEgAVAhhAZmJfcGVybWFuZW50LzdBNEU1RkRDRDg4OUE5NkMwNzQxMzFDQkExRTE4NEJCX2F1ZGlvX2Rhc2hpbml0Lm1wNBUCAsgBEgAoABgAGwKIB3VzZV9vaWwBMRJwcm9ncmVzc2l2ZV9yZWNpcGUBMRUAACaUgJbc8uOsBRUCKAJDMywXQD13S8an754YGWRhc2hfaDI2NC1iYXNpYy1nZW4yXzcyMHARAHUAZbaeAQA&_nc_gid=fwsYk3kWfMPtUNqcGLUUEA&_nc_ss=7f289&_nc_zt=28&oh=00_AQCUSL6j0CLYjpoko1_PmPEyeJvSLCm5WA_aP8zwNnE5Sw&oe=6A57CC88,https://scontent.fblr20-3.fna.fbcdn.net/v/t39.35426-6/743996067_1412188827387004_1312553140665995755_n.jpg?_nc_cat=105&ccb=1-7&_nc_sid=c53f8f&_nc_ohc=YOo-sdkU4NgQ7kNvwHlq6lb&_nc_oc=AdoICxbwNR6175VaFdFdi-0SHBXtQGJkmnU3mJh0lfEqOBxppujHzSy2DU3mEzwS-BXxZgDC2Js-KTPMubg1cy4z&_nc_zt=14&_nc_ht=scontent.fblr20-3.fna&_nc_gid=fwsYk3kWfMPtUNqcGLUUEA&_nc_ss=7f289&oh=00_AQD0LFicP6ggftyXWhjvFMoCXrwBq-5yNicBM6kzL3Rhog&oe=6A57F661,2026-07-15T18:08:08.000Z,2026-07-11,https://pub-893b4a6a607b4221a894bf861da7914e.r2.dev/2200965640744058.mp4
148,142,Lingo AI,599204246602758,Lingo AI,,IN,1662197908406292,https://www.facebook.com/ads/library/?id=1662197908406292,2026-07-07,,true,false,1,0,,2026-07-07,,"🌟 Want to improve your English? 
📱 Learn anytime in just minutes a day 
💬 Build real speaking confidence 
👉 Download now",👉 Download now,Download,https://speaklearnfrenchlingoai.onelink.me/Y67n?pid=metaweb_int&c={{campaign.name}}&af_c_id={{campaign.id}}&af_adset={{adset.name}}&af_adset_id={{adset.id}}&af_ad={{ad.name}}&af_ad_id={{ad.id}}&af_siteid={{site_source_name}},"Facebook,Instagram,Audience Network,Messenger,Threads","🌟 Want to improve your English? 
📱 Learn anytime in just minutes a day 
💬 Build real speaking confidence 
👉 Download now",👉 Download now,Download,https://speaklearnfrenchlingoai.onelink.me/Y67n?pid=metaweb_int&c={{campaign.name}}&af_c_id={{campaign.id}}&af_adset={{adset.name}}&af_adset_id={{adset.id}}&af_ad={{ad.name}}&af_ad_id={{ad.id}}&af_siteid={{site_source_name}},Video,"Facebook,Instagram,Audience Network,Messenger,Threads",1,0,9:16,https://video.fblr20-5.fna.fbcdn.net/o1/v/t2/f2/m366/AQNUi6KaQyRg9v4MlwUa64wSiSxpWMJhXtU-8rKHaKG5qBa1WB4o12h3to0e6TUBP5r50Y0OJ47M_-2dOrLlNzRIE6Xo3HRgeBt5t3CYFnO6Yg.mp4?_nc_cat=107&_nc_oc=AdpzjVrnMGnCxMqO3zKXw-u6Ic5SRct5xY0dS6VvkBcmXqFi0yxrDh72TOGHgAjNhY_E4TN8VZ_Z0fL_P-4LktTs&_nc_sid=b66105&_nc_ht=video.fblr20-5.fna.fbcdn.net&_nc_ohc=HMN4cUoI-y0Q7kNvwHCFm1C&efg=eyJ2ZW5jb2RlX3RhZyI6Inhwdl9wcm9ncmVzc2l2ZS5WSV9VU0VDQVNFX1BST0RVQ1RfVFlQRS4uQzMuNzIwLmRhc2hfaDI2NC1iYXNpYy1nZW4yXzcyMHAiLCJ4cHZfYXNzZXRfaWQiOjk0OTYyNzgzNDc5MzYzOSwiYXNzZXRfYWdlX2RheXMiOjQsInZpX3VzZWNhc2VfaWQiOjEwMTM5LCJkdXJhdGlvbl9zIjo2NCwidXJsZ2VuX3NvdXJjZSI6Ind3dyJ9&ccb=17-1&vs=2a8ad07cbdb2b7a4&_nc_vs=HBksFQIYRWZiX2VwaGVtZXJhbC80MDQ3NUNGOUQ1RjU0RjBENTY3OTg1OTIzMEFCMzVBNF9tdF8xX3ZpZGVvX2Rhc2hpbml0Lm1wNBUAAsgBEgAVAhhAZmJfcGVybWFuZW50L0Y3NERCRTg0RDE3MTlERkI2NkY4Mjk2OUQxMTgwNEJEX2F1ZGlvX2Rhc2hpbml0Lm1wNBUCAsgBEgAoABgAGwKIB3VzZV9vaWwBMRJwcm9ncmVzc2l2ZV9yZWNpcGUBMRUAACbO-pfczuuvAxUCKAJDMywXQFAqn752yLQYGWRhc2hfaDI2NC1iYXNpYy1nZW4yXzcyMHARAHUAZbaeAQA&_nc_gid=fwsYk3kWfMPtUNqcGLUUEA&_nc_ss=7f289&_nc_zt=28&oh=00_AQA76zxW-xUS72bajhUU26p729oWtC_iYaZlPLKyei6tzg&oe=6A57F2B5,https://scontent.fblr20-3.fna.fbcdn.net/v/t39.35426-6/741857275_1363942842355828_2610783284584305264_n.jpg?_nc_cat=100&ccb=1-7&_nc_sid=c53f8f&_nc_ohc=ZVuLYchiS_kQ7kNvwEhjuRx&_nc_oc=Adrv5pFEEVtBkY7cfVvV8cMPg1hYCB7JtyXbx2WUMKZbeeDrfnQudErKTIcIe0hQmloLqNNPX20I5qtdMIz6kXYh&_nc_zt=14&_nc_ht=scontent.fblr20-3.fna&_nc_gid=fwsYk3kWfMPtUNqcGLUUEA&_nc_ss=7f289&oh=00_AQAA51RN53f8KcdNbA2DNeq0sf33-a3rh7sRy4O5R7MjzA&oe=6A57E85D,2026-07-15T20:51:01.000Z,2026-07-11,https://pub-893b4a6a607b4221a894bf861da7914e.r2.dev/1662197908406292.mp4
149,143,Lingo AI,599204246602758,Lingo AI,,IN,958995487133739,https://www.facebook.com/ads/library/?id=958995487133739,2026-06-25,,true,false,1,0,,2026-06-25,,"🌍 Learn real English for everyday life 
🗣 Practice speaking with simple lessons 
⏱ Just 5 minutes a day
👉 Download now",👇 Start now,Download,https://speaklearnfrenchlingoai.onelink.me/Y67n?pid=metaweb_int&c={{campaign.name}}&af_c_id={{campaign.id}}&af_adset={{adset.name}}&af_adset_id={{adset.id}}&af_ad={{ad.name}}&af_ad_id={{ad.id}}&af_siteid={{site_source_name}},"Facebook,Instagram,Audience Network,Messenger,Threads","🌍 Learn real English for everyday life 
🗣 Practice speaking with simple lessons 
⏱ Just 5 minutes a day
👉 Download now",👇 Start now,Download,https://speaklearnfrenchlingoai.onelink.me/Y67n?pid=metaweb_int&c={{campaign.name}}&af_c_id={{campaign.id}}&af_adset={{adset.name}}&af_adset_id={{adset.id}}&af_ad={{ad.name}}&af_ad_id={{ad.id}}&af_siteid={{site_source_name}},Video,"Facebook,Instagram,Audience Network,Messenger,Threads",1,0,9:16,https://video.fblr20-2.fna.fbcdn.net/o1/v/t2/f2/m366/AQPgIxqaEzXZrlgCWw6mhQGQDYhF7JC_bHbRtwW624-EKc4ggqyCfDEAEr0Qvq1H_ztmIVx1Tbeg3Zro_ZPAsv0ZJ-14dZlkzl3lOdPkBGy2Tw.mp4?_nc_cat=111&_nc_oc=Adp2CMXXUnibXLLEMBiJBn-ooGEmTa40-P0GeoY12s7452E0JAkyWyI7aMQEf5iKNJ8t1UnMuhFzn5wxXzs87k4y&_nc_sid=b66105&_nc_ht=video.fblr20-2.fna.fbcdn.net&_nc_ohc=uOm2kflsKfoQ7kNvwFJUxsO&efg=eyJ2ZW5jb2RlX3RhZyI6Inhwdl9wcm9ncmVzc2l2ZS5WSV9VU0VDQVNFX1BST0RVQ1RfVFlQRS4uQzMuNzIwLmRhc2hfaDI2NC1iYXNpYy1nZW4yXzcyMHAiLCJ4cHZfYXNzZXRfaWQiOjE1MjUzMjc1NTkwMDI2OTYsImFzc2V0X2FnZV9kYXlzIjoxOCwidmlfdXNlY2FzZV9pZCI6MTAxMzksImR1cmF0aW9uX3MiOjQ0LCJ1cmxnZW5fc291cmNlIjoid3d3In0%3D&ccb=17-1&vs=557bb5eb1ca94313&_nc_vs=HBksFQIYRWZiX2VwaGVtZXJhbC9FRTQ2MDRENjg4NEFBMERFQTM1MTg3MzdCNjJCRjZBQ19tdF8xX3ZpZGVvX2Rhc2hpbml0Lm1wNBUAAsgBEgAVAhhAZmJfcGVybWFuZW50L0ExNDY2QkIzQThBQjA2NTkyQUJCNjMwRTAxODgxRUJFX2F1ZGlvX2Rhc2hpbml0Lm1wNBUCAsgBEgAoABgAGwKIB3VzZV9vaWwBMRJwcm9ncmVzc2l2ZV9yZWNpcGUBMRUAACaQqZD139G1BRUCKAJDMywXQEZmZmZmZmYYGWRhc2hfaDI2NC1iYXNpYy1nZW4yXzcyMHARAHUAZbaeAQA&_nc_gid=fwsYk3kWfMPtUNqcGLUUEA&_nc_ss=7f289&_nc_zt=28&oh=00_AQAFsWsUHYnWCZw4-Q2RvClkXEa2XwVfbEtmWgQBZTty0A&oe=6A57DD05,https://scontent.fblr20-3.fna.fbcdn.net/v/t39.35426-6/728254918_1685017736052738_3210214855401339992_n.jpg?_nc_cat=109&ccb=1-7&_nc_sid=c53f8f&_nc_ohc=Q8lKp6G7mssQ7kNvwHAHdvZ&_nc_oc=Adqs__hP96RA2nVcTf0nQZbH1EOfLpqUNOOe1tsvV_CnnNxd2WlUl2MQm1vM0x-5tm0ifjQPD1MtVCcObS473qfw&_nc_zt=14&_nc_ht=scontent.fblr20-3.fna&_nc_gid=fwsYk3kWfMPtUNqcGLUUEA&_nc_ss=7f289&oh=00_AQDt4Izl_LWKqEEj13P7SkYJckllAZY2UTUqgPYCyhvNxQ&oe=6A57EBB1,2026-07-15T19:18:29.000Z,2026-07-11,https://pub-893b4a6a607b4221a894bf861da7914e.r2.dev/958995487133739.mp4
150,144,Lingo AI,599204246602758,Lingo AI,,IN,1700473561187346,https://www.facebook.com/ads/library/?id=1700473561187346,2026-07-08,,false,false,1,0,,2026-07-08,,"🌍 Learn real English for everyday life 
🗣 Practice speaking with simple lessons 
⏱ Just 5 minutes a day 
👉 Download now",👉 Download now,Download,https://speaklearnfrenchlingoai.onelink.me/Y67n?pid=metaweb_int&c={{campaign.name}}&af_c_id={{campaign.id}}&af_adset={{adset.name}}&af_adset_id={{adset.id}}&af_ad={{ad.name}}&af_ad_id={{ad.id}}&af_siteid={{site_source_name}},"Facebook,Instagram,Audience Network,Messenger,Threads","🌍 Learn real English for everyday life 
🗣 Practice speaking with simple lessons 
⏱ Just 5 minutes a day 
👉 Download now",👉 Download now,Download,https://speaklearnfrenchlingoai.onelink.me/Y67n?pid=metaweb_int&c={{campaign.name}}&af_c_id={{campaign.id}}&af_adset={{adset.name}}&af_adset_id={{adset.id}}&af_ad={{ad.name}}&af_ad_id={{ad.id}}&af_siteid={{site_source_name}},Video,"Facebook,Instagram,Audience Network,Messenger,Threads",1,0,9:16,https://video.fblr20-5.fna.fbcdn.net/o1/v/t2/f2/m366/AQPLYkbLEQxfdJyIGNKdEWdnlAZGdkIyffyNbxJ8A0WV7McbGT6e3kU6wUPgoQSIWXvm9vXdyWflAgU4nfLh5qMAmpRQPRFqd0uftdanuj22ng.mp4?_nc_cat=107&_nc_oc=Adp6KC37RGud9Q-lxl_k33VxF6Jfmzlj9X_WsEFAtG5iY20ep_43sa6jkq5WG7CPHqLPY5K9I4o7uMcw0V_BK7In&_nc_sid=b66105&_nc_ht=video.fblr20-5.fna.fbcdn.net&_nc_ohc=cDRLtMxtfmsQ7kNvwGGP1oi&efg=eyJ2ZW5jb2RlX3RhZyI6Inhwdl9wcm9ncmVzc2l2ZS5WSV9VU0VDQVNFX1BST0RVQ1RfVFlQRS4uQzMuNjA4LmRhc2hfaDI2NC1iYXNpYy1nZW4yXzcyMHAiLCJ4cHZfYXNzZXRfaWQiOjI0ODkwOTQ0MjgyMDQ4NzgsImFzc2V0X2FnZV9kYXlzIjo1LCJ2aV91c2VjYXNlX2lkIjoxMDEzOSwiZHVyYXRpb25fcyI6NjAsInVybGdlbl9zb3VyY2UiOiJ3d3cifQ%3D%3D&ccb=17-1&vs=92f26a55fc29712&_nc_vs=HBksFQIYRWZiX2VwaGVtZXJhbC8xQTQ3M0VEOTU0NUM1RDI3MEEyN0M0OTY2MkQ3QUM5NF9tdF8xX3ZpZGVvX2Rhc2hpbml0Lm1wNBUAAsgBEgAVAhhAZmJfcGVybWFuZW50LzcwNDNCQTYwMTc5QkMxNDAzNUEyRjhCNTY3MkU0OUI0X2F1ZGlvX2Rhc2hpbml0Lm1wNBUCAsgBEgAoABgAGwKIB3VzZV9vaWwBMRJwcm9ncmVzc2l2ZV9yZWNpcGUBMRUAACac_aTTrvTrCBUCKAJDMywXQE4AAAAAAAAYGWRhc2hfaDI2NC1iYXNpYy1nZW4yXzcyMHARAHUAZbaeAQA&_nc_gid=fwsYk3kWfMPtUNqcGLUUEA&_nc_ss=7f289&_nc_zt=28&oh=00_AQAErfi3AsSeZoomAY8qo41nnOHjQi5a1degJVGXabd0jg&oe=6A57E3F5,https://scontent.fblr20-1.fna.fbcdn.net/v/t39.35426-6/740929829_2209709353184195_2319443101404820885_n.jpg?_nc_cat=110&ccb=1-7&_nc_sid=c53f8f&_nc_ohc=ObSXapOyzQ8Q7kNvwGUHx54&_nc_oc=AdokdirA6roq5bNX6CfljrLbddvj3Q6E_1XsmoyInLJGKEpIvgijOqw68NdiwUylpojK2_nXrVGpYaNJpBWEmBdb&_nc_zt=14&_nc_ht=scontent.fblr20-1.fna&_nc_gid=fwsYk3kWfMPtUNqcGLUUEA&_nc_ss=7f289&oh=00_AQBi696ygeJ0aOCNunbSTkic17uTM4URal2BD8QTYq2YtA&oe=6A57E0E1,2026-07-15T19:48:05.000Z,2026-07-11,https://pub-893b4a6a607b4221a894bf861da7914e.r2.dev/1700473561187346.mp4
151,145,Lingo AI,599204246602758,Lingo AI,,IN,1800250790970348,https://www.facebook.com/ads/library/?id=1800250790970348,2026-07-08,,true,false,1,0,,2026-07-08,,"📘 Learn English easily with simple lessons 
😊 Build confidence with everyday speaking practice 
👉 Download now",👉 Download now,Download,https://speaklearnfrenchlingoai.onelink.me/Y67n?pid=metaweb_int&c={{campaign.name}}&af_c_id={{campaign.id}}&af_adset={{adset.name}}&af_adset_id={{adset.id}}&af_ad={{ad.name}}&af_ad_id={{ad.id}}&af_siteid={{site_source_name}},"Facebook,Instagram,Audience Network,Messenger,Threads","📘 Learn English easily with simple lessons 
😊 Build confidence with everyday speaking practice 
👉 Download now",👉 Download now,Download,https://speaklearnfrenchlingoai.onelink.me/Y67n?pid=metaweb_int&c={{campaign.name}}&af_c_id={{campaign.id}}&af_adset={{adset.name}}&af_adset_id={{adset.id}}&af_ad={{ad.name}}&af_ad_id={{ad.id}}&af_siteid={{site_source_name}},Video,"Facebook,Instagram,Audience Network,Messenger,Threads",1,0,9:16,https://video.fblr20-1.fna.fbcdn.net/o1/v/t2/f2/m366/AQNg0s9d5jDUHJMXIEAqun6o8jedpYWXASvKE97Q0K1bAk749WygIxWWqejYVY3XRK6kqKqWbLNX77KcAbcY5ATjR1JUHhriUTjSDCnVVJ069w.mp4?_nc_cat=110&_nc_oc=Adol0g4PNuixIkyFXCbJD0Nl53CHK3bducO97OYshx3nvmVRsMn0celDJkOlgzE-sQUqy0G_W2QLjI7wEXXbG7iU&_nc_sid=b66105&_nc_ht=video.fblr20-1.fna.fbcdn.net&_nc_ohc=h0upBY7yWAkQ7kNvwFCnt_6&efg=eyJ2ZW5jb2RlX3RhZyI6Inhwdl9wcm9ncmVzc2l2ZS5WSV9VU0VDQVNFX1BST0RVQ1RfVFlQRS4uQzMuNzIwLmRhc2hfaDI2NC1iYXNpYy1nZW4yXzcyMHAiLCJ4cHZfYXNzZXRfaWQiOjE3NTEyNjMyMjYxOTQ3NDYsImFzc2V0X2FnZV9kYXlzIjoxLCJ2aV91c2VjYXNlX2lkIjoxMDEzOSwiZHVyYXRpb25fcyI6MjUsInVybGdlbl9zb3VyY2UiOiJ3d3cifQ%3D%3D&ccb=17-1&vs=caf22182ad425d7b&_nc_vs=HBksFQIYRWZiX2VwaGVtZXJhbC8zQzQ2QkE2MTJBRTY1MjdCMzQ3OEY4NjYwOTZGMDJBN19tdF8xX3ZpZGVvX2Rhc2hpbml0Lm1wNBUAAsgBEgAVAhhAZmJfcGVybWFuZW50L0ZBNERGNDI0MkVCNTNDNkQ0Mjc5Q0E5MDU0Q0U2MjlGX2F1ZGlvX2Rhc2hpbml0Lm1wNBUCAsgBEgAoABgAGwKIB3VzZV9vaWwBMRJwcm9ncmVzc2l2ZV9yZWNpcGUBMRUAACb0rIvo97CcBhUCKAJDMywXQDmZmZmZmZoYGWRhc2hfaDI2NC1iYXNpYy1nZW4yXzcyMHARAHUAZbaeAQA&_nc_gid=_yCXnHKLeeXrwIbssqhYCw&_nc_ss=7f289&_nc_zt=28&oh=00_AQByFLptXVupRO_N50w3bLE_138yJMi7k8CqKtPBwF7_jw&oe=6A57E47A,https://scontent.fblr20-5.fna.fbcdn.net/v/t39.35426-6/743034623_2227348394728585_542573494707500591_n.jpg?_nc_cat=107&ccb=1-7&_nc_sid=c53f8f&_nc_ohc=03aMzQjEia8Q7kNvwFV7F6Z&_nc_oc=Ado7LLl9MaKfMq3JprYRjM3V4Xf_7g_g-q6s9btkUc0llO_vFcVEQzmg97rrab42hxXRWaT_fakf5jbk9wLd_AlW&_nc_zt=14&_nc_ht=scontent.fblr20-5.fna&_nc_gid=_yCXnHKLeeXrwIbssqhYCw&_nc_ss=7f289&oh=00_AQA7WCO-x5ctr9oFpFkpy3V_y-0TCvyfsTZfYa73aWB-QQ&oe=6A57DC4D,2026-07-15T19:50:18.000Z,2026-07-11,https://pub-893b4a6a607b4221a894bf861da7914e.r2.dev/1800250790970348.mp4
152,146,Lingo AI,599204246602758,Lingo AI,,IN,966959169705796,https://www.facebook.com/ads/library/?id=966959169705796,2026-07-08,,false,false,1,0,,2026-07-08,,"📘 Learn English easily with simple lessons 
😊 Build confidence with everyday speaking practice 
👉 Download now",👉 Download now,Download,https://speaklearnfrenchlingoai.onelink.me/Y67n?pid=metaweb_int&c={{campaign.name}}&af_c_id={{campaign.id}}&af_adset={{adset.name}}&af_adset_id={{adset.id}}&af_ad={{ad.name}}&af_ad_id={{ad.id}}&af_siteid={{site_source_name}},"Facebook,Instagram,Audience Network,Messenger,Threads","📘 Learn English easily with simple lessons 
😊 Build confidence with everyday speaking practice 
👉 Download now",👉 Download now,Download,https://speaklearnfrenchlingoai.onelink.me/Y67n?pid=metaweb_int&c={{campaign.name}}&af_c_id={{campaign.id}}&af_adset={{adset.name}}&af_adset_id={{adset.id}}&af_ad={{ad.name}}&af_ad_id={{ad.id}}&af_siteid={{site_source_name}},Video,"Facebook,Instagram,Audience Network,Messenger,Threads",1,0,9:16,https://video.fblr20-4.fna.fbcdn.net/o1/v/t2/f2/m366/AQNi4KvJubbMVq-QDvEcJodCrwfM4zCt6FpDEOC-AINuJSHBDLbHyNRGX-pHkw0G7JeG4Pjl7nJn-8fAqCHEpNPjnI6RlRwtLGHUzLjI0O02GA.mp4?_nc_cat=103&_nc_oc=Adp0YlvD2Vlm3oZRMlja034HPiMVpxIaBvZQ4jvz45qgr_MvR6Z6dxV_gI66pT6NxE6MfNXQteJDwJheQPQc21rB&_nc_sid=b66105&_nc_ht=video.fblr20-4.fna.fbcdn.net&_nc_ohc=FwA3xELIsQQQ7kNvwGlOvZw&efg=eyJ2ZW5jb2RlX3RhZyI6Inhwdl9wcm9ncmVzc2l2ZS5WSV9VU0VDQVNFX1BST0RVQ1RfVFlQRS4uQzMuNzIwLmRhc2hfaDI2NC1iYXNpYy1nZW4yXzcyMHAiLCJ4cHZfYXNzZXRfaWQiOjE1NTEzNTM3NDMxNTUyNzAsImFzc2V0X2FnZV9kYXlzIjoxLCJ2aV91c2VjYXNlX2lkIjoxMDEzOSwiZHVyYXRpb25fcyI6MjUsInVybGdlbl9zb3VyY2UiOiJ3d3cifQ%3D%3D&ccb=17-1&vs=46fb59d698c43ef4&_nc_vs=HBksFQIYRWZiX2VwaGVtZXJhbC9DNjQ2N0NDM0I1OUUzNTQwMDUxOTc4Rjg1QjlEQ0Q5N19tdF8xX3ZpZGVvX2Rhc2hpbml0Lm1wNBUAAsgBEgAVAhhAZmJfcGVybWFuZW50LzQzNDhCNjU2QUZBMkEwRUIyQkVENDYxMEQ3NkFCQThEX2F1ZGlvX2Rhc2hpbml0Lm1wNBUCAsgBEgAoABgAGwKIB3VzZV9vaWwBMRJwcm9ncmVzc2l2ZV9yZWNpcGUBMRUAACaMgcGM1rzBBRUCKAJDMywXQDlVP3ztkWgYGWRhc2hfaDI2NC1iYXNpYy1nZW4yXzcyMHARAHUAZbaeAQA&_nc_gid=_yCXnHKLeeXrwIbssqhYCw&_nc_ss=7f289&_nc_zt=28&oh=00_AQDnAJ0IEwcvvvqU2faedv--tIY4_Vl3XpfeUldSy4HIsg&oe=6A57DA51,https://scontent.fblr20-4.fna.fbcdn.net/v/t39.35426-6/741778107_1336780244680207_3284515993828182972_n.jpg?_nc_cat=103&ccb=1-7&_nc_sid=c53f8f&_nc_ohc=MVdhWskfhEQQ7kNvwFvKRGg&_nc_oc=AdoGXpmrll8av5vOFvuiaudBG4U3V84_TSEejBWboUWWBLzHGY4O7j7hNuNBRul0AqjMKG-ca8T22_6FDNEf7y6w&_nc_zt=14&_nc_ht=scontent.fblr20-4.fna&_nc_gid=_yCXnHKLeeXrwIbssqhYCw&_nc_ss=7f289&oh=00_AQCazz9B6rXSd5hZO2kktJN2oYy8jBwqWwBfKNWeodhfYQ&oe=6A57E861,2026-07-15T19:06:57.000Z,2026-07-11,https://pub-893b4a6a607b4221a894bf861da7914e.r2.dev/966959169705796.mp4
153,147,Lingo AI,599204246602758,Lingo AI,,IN,2815498448806265,https://www.facebook.com/ads/library/?id=2815498448806265,2026-07-07,,true,false,1,0,,2026-07-07,,"😊The best place to learn French language
💼 Boost your French skills in just 5 minutes a day! 
📚The efficient path to fluency.",✨Try it now~,Install now,http://itunes.apple.com/app/id6740255326,"Facebook,Instagram,Audience Network,Messenger,Threads","😊The best place to learn French language
💼 Boost your French skills in just 5 minutes a day! 
📚The efficient path to fluency.",✨Try it now~,Install now,http://itunes.apple.com/app/id6740255326,Video,"Facebook,Instagram,Audience Network,Messenger,Threads",1,0,9:16,https://video.fblr20-4.fna.fbcdn.net/o1/v/t2/f2/m366/AQPkwQeOe0fA_DiTj8UzUhO_4URI0__YTn-HY3cRFc-yLlh5gy5vA1_8phCECNMRAmxxeSj97WWEtXIhVZTSOzsLhRa9mGcpHN7JerYU0CqEHg.mp4?_nc_cat=101&_nc_oc=Adrvu6gkf8G03aYyCpFEf9XHKXvglNku2Zi4OyqxnsozWosj-XVYEgV1U6uM7fchYgkb--CD9lZDhBXJX3EZAoje&_nc_sid=b66105&_nc_ht=video.fblr20-4.fna.fbcdn.net&_nc_ohc=r4QFZTi3yY0Q7kNvwGCNpwJ&efg=eyJ2ZW5jb2RlX3RhZyI6Inhwdl9wcm9ncmVzc2l2ZS5WSV9VU0VDQVNFX1BST0RVQ1RfVFlQRS4uQzMuNjA4LmRhc2hfaDI2NC1iYXNpYy1nZW4yXzcyMHAiLCJ4cHZfYXNzZXRfaWQiOjE3NDQ2NTI1OTA0MjU0ODcsImFzc2V0X2FnZV9kYXlzIjozLCJ2aV91c2VjYXNlX2lkIjoxMDEzOSwiZHVyYXRpb25fcyI6MzYsInVybGdlbl9zb3VyY2UiOiJ3d3cifQ%3D%3D&ccb=17-1&vs=c96891f54f43b9&_nc_vs=HBksFQIYRWZiX2VwaGVtZXJhbC9ENTRDMURERjUwQjlBRkRFOUUyQjBDRTczQ0U3N0VBMl9tdF8xX3ZpZGVvX2Rhc2hpbml0Lm1wNBUAAsgBEgAVAhhAZmJfcGVybWFuZW50LzdENEJGMkVFRkU3MUIzMDZBNjM2NjcwRUNGRUUzRUI3X2F1ZGlvX2Rhc2hpbml0Lm1wNBUCAsgBEgAoABgAGwKIB3VzZV9vaWwBMRJwcm9ncmVzc2l2ZV9yZWNpcGUBMRUAACaelsXekrCZBhUCKAJDMywXQEIAAAAAAAAYGWRhc2hfaDI2NC1iYXNpYy1nZW4yXzcyMHARAHUAZbaeAQA&_nc_gid=_yCXnHKLeeXrwIbssqhYCw&_nc_ss=7f289&_nc_zt=28&oh=00_AQBzJZ_9GLSsU8jmZ0GHMpZ4kxPRz3uhdbdEYLlZ1wapJg&oe=6A57DE3B,https://scontent.fblr20-2.fna.fbcdn.net/v/t39.35426-6/743081975_1837851610511809_2294356097330142115_n.jpg?_nc_cat=102&ccb=1-7&_nc_sid=c53f8f&_nc_ohc=MmSCtFw42fYQ7kNvwEsGt_j&_nc_oc=AdqwgzIwmQOAmR42c4V_4Qwo-bXaFUkYJ4QYqksJXwGAJelA5Y4zE71ikncwoF1U1hQWqlXP1A6yPejMkeDMHAmn&_nc_zt=14&_nc_ht=scontent.fblr20-2.fna&_nc_gid=_yCXnHKLeeXrwIbssqhYCw&_nc_ss=7f289&oh=00_AQBJblOUHasjwV4X7NgIc2fZRE7Rj0sl6UhjrvsJd4RgQg&oe=6A57EFB1,2026-07-15T19:23:39.000Z,2026-07-11,https://pub-893b4a6a607b4221a894bf861da7914e.r2.dev/2815498448806265.mp4
154,148,Lingo AI,599204246602758,Lingo AI,,IN,1023667883631726,https://www.facebook.com/ads/library/?id=1023667883631726,2026-07-07,,true,false,1,0,,2026-07-07,,"🌟 Want to improve your English? 
📱 Learn anytime in just minutes a day 
💬 Build real speaking confidence 
👉 Download now",👉 Download now,Download,https://speaklearnfrenchlingoai.onelink.me/Y67n?pid=metaweb_int&c={{campaign.name}}&af_c_id={{campaign.id}}&af_adset={{adset.name}}&af_adset_id={{adset.id}}&af_ad={{ad.name}}&af_ad_id={{ad.id}}&af_siteid={{site_source_name}},"Facebook,Instagram,Audience Network,Messenger,Threads","🌟 Want to improve your English? 
📱 Learn anytime in just minutes a day 
💬 Build real speaking confidence 
👉 Download now",👉 Download now,Download,https://speaklearnfrenchlingoai.onelink.me/Y67n?pid=metaweb_int&c={{campaign.name}}&af_c_id={{campaign.id}}&af_adset={{adset.name}}&af_adset_id={{adset.id}}&af_ad={{ad.name}}&af_ad_id={{ad.id}}&af_siteid={{site_source_name}},Video,"Facebook,Instagram,Audience Network,Messenger,Threads",1,0,9:16,https://video.fblr20-2.fna.fbcdn.net/o1/v/t2/f2/m366/AQPFNuDc2g-6mcfCNoaMEVeLoWELvI8TD3OXg0i1lacfsGM6A0Rk6UAdkxCe2bgY7WQrEqhlK0QKCJUXUsRWvQ1DQlV1KPrldNH6bmEUFzG5IA.mp4?_nc_cat=102&_nc_oc=AdpgZ89j1Ye17PuGvo1XPHw7ZRQt_XUIBf75sx-1JPcRHIBOZTgDuQmncE53a0_YoHCUox5mRzZSuH8dVcWGeOeT&_nc_sid=b66105&_nc_ht=video.fblr20-2.fna.fbcdn.net&_nc_ohc=N7dv3h3PUnoQ7kNvwHOa-F9&efg=eyJ2ZW5jb2RlX3RhZyI6Inhwdl9wcm9ncmVzc2l2ZS5WSV9VU0VDQVNFX1BST0RVQ1RfVFlQRS4uQzMuNzIwLmRhc2hfaDI2NC1iYXNpYy1nZW4yXzcyMHAiLCJ4cHZfYXNzZXRfaWQiOjIwOTMwOTk1MTc5MDY5NzAsImFzc2V0X2FnZV9kYXlzIjo0LCJ2aV91c2VjYXNlX2lkIjoxMDEzOSwiZHVyYXRpb25fcyI6NjUsInVybGdlbl9zb3VyY2UiOiJ3d3cifQ%3D%3D&ccb=17-1&vs=27d00047b5a08d0b&_nc_vs=HBksFQIYRWZiX2VwaGVtZXJhbC9EQjRGMENENEE4QTQ5OTAwOUM0RUE0RjRCQTlENTg4Rl9tdF8xX3ZpZGVvX2Rhc2hpbml0Lm1wNBUAAsgBEgAVAhhAZmJfcGVybWFuZW50L0FFNDE4MTdDRDM3M0Y0OTFDMDlCOTQzOTJFMjRFRUE2X2F1ZGlvX2Rhc2hpbml0Lm1wNBUCAsgBEgAoABgAGwKIB3VzZV9vaWwBMRJwcm9ncmVzc2l2ZV9yZWNpcGUBMRUAACa0wPTTtuq3BxUCKAJDMywXQFB90vGp--cYGWRhc2hfaDI2NC1iYXNpYy1nZW4yXzcyMHARAHUAZbaeAQA&_nc_gid=_yCXnHKLeeXrwIbssqhYCw&_nc_ss=7f289&_nc_zt=28&oh=00_AQArYGRh_EmTYVuGRJChvhzYW9MOd3B5GK7L3zjY8WSJMA&oe=6A57CCF2,https://scontent.fblr20-4.fna.fbcdn.net/v/t39.35426-6/741000843_2446782539152686_8549289539007058085_n.jpg?_nc_cat=106&ccb=1-7&_nc_sid=c53f8f&_nc_ohc=wLVXDFN7J3MQ7kNvwGTaAOA&_nc_oc=Ado6gijiqFxtbEt7m3UPO8skOpAKFuTH7VA6g0uZW-Ukc2ICT-DIPyMzj1FNomtwux1vXTxyLhTqT7qPVngRlZSD&_nc_zt=14&_nc_ht=scontent.fblr20-4.fna&_nc_gid=_yCXnHKLeeXrwIbssqhYCw&_nc_ss=7f289&oh=00_AQClSnBFgMPYosHx02EsCCW-s6pvHlOYd4ditD9DcwtEmA&oe=6A57C997,2026-07-15T18:09:54.000Z,2026-07-11,https://pub-893b4a6a607b4221a894bf861da7914e.r2.dev/1023667883631726.mp4
155,149,Lingo AI,599204246602758,Lingo AI,,IN,1331149945806050,https://www.facebook.com/ads/library/?id=1331149945806050,2026-06-24,,true,false,1,0,,2026-06-24,,"🌍 Learn real English for everyday life 
🗣 Practice speaking with simple lessons 
⏱ Just 5 minutes a day
👉 Download now",👇 Start now,Download,https://speaklearnfrenchlingoai.onelink.me/Y67n?pid=metaweb_int&c={{campaign.name}}&af_c_id={{campaign.id}}&af_adset={{adset.name}}&af_adset_id={{adset.id}}&af_ad={{ad.name}}&af_ad_id={{ad.id}}&af_siteid={{site_source_name}},"Facebook,Instagram,Audience Network,Messenger,Threads","🌍 Learn real English for everyday life 
🗣 Practice speaking with simple lessons 
⏱ Just 5 minutes a day
👉 Download now",👇 Start now,Download,https://speaklearnfrenchlingoai.onelink.me/Y67n?pid=metaweb_int&c={{campaign.name}}&af_c_id={{campaign.id}}&af_adset={{adset.name}}&af_adset_id={{adset.id}}&af_ad={{ad.name}}&af_ad_id={{ad.id}}&af_siteid={{site_source_name}},Video,"Facebook,Instagram,Audience Network,Messenger,Threads",1,0,9:16,https://video.fblr20-4.fna.fbcdn.net/o1/v/t2/f2/m366/AQMh2XSbTcAfM8-m54lBQvdJABtdmoe4kjAZAB9nLqh0VtWiFVibgmSTQUfTMehh8vzXkBkr5uZE79JC76JCrbGdd9FyigQU7qW9r6RCGfq7mg.mp4?_nc_cat=103&_nc_oc=Adoi_DyPwp4F7SsLUQvcF7ope9Cnl8iztxAesS3TrC7VV7FM-A6zRLau5JP0JygdoFgsS2-xOBprJgRTSOlqueLn&_nc_sid=b66105&_nc_ht=video.fblr20-4.fna.fbcdn.net&_nc_ohc=xRzjudq4shwQ7kNvwFOeWxh&efg=eyJ2ZW5jb2RlX3RhZyI6Inhwdl9wcm9ncmVzc2l2ZS5WSV9VU0VDQVNFX1BST0RVQ1RfVFlQRS4uQzMuNzIwLmRhc2hfaDI2NC1iYXNpYy1nZW4yXzcyMHAiLCJ4cHZfYXNzZXRfaWQiOjEwMTY4NDM4NjEyNjg5MzMsImFzc2V0X2FnZV9kYXlzIjoxNiwidmlfdXNlY2FzZV9pZCI6MTAxMzksImR1cmF0aW9uX3MiOjI5LCJ1cmxnZW5fc291cmNlIjoid3d3In0%3D&ccb=17-1&vs=9ca018230a93fb98&_nc_vs=HBksFQIYRWZiX2VwaGVtZXJhbC9BMDQyRkFFRTk3QTQ5QTI2RkY2NzM1MjE3NzdFOTdCN19tdF8xX3ZpZGVvX2Rhc2hpbml0Lm1wNBUAAsgBEgAVAhhAZmJfcGVybWFuZW50L0ZENEQ1RUUwQUQ1REVBQzczQkE4QUREQjY2RTU5QUI2X2F1ZGlvX2Rhc2hpbml0Lm1wNBUCAsgBEgAoABgAGwKIB3VzZV9vaWwBMRJwcm9ncmVzc2l2ZV9yZWNpcGUBMRUAACaK56SSjbTOAxUCKAJDMywXQD1dsi0OVgQYGWRhc2hfaDI2NC1iYXNpYy1nZW4yXzcyMHARAHUAZbaeAQA&_nc_gid=_yCXnHKLeeXrwIbssqhYCw&_nc_ss=7f289&_nc_zt=28&oh=00_AQAMCxoTE5FXofQGKl8Kwp6ohV3KVjnodXOewWMTrg0fgw&oe=6A57E089,https://scontent.fblr20-2.fna.fbcdn.net/v/t39.35426-6/731397727_1369633321692458_7270858085693582133_n.jpg?_nc_cat=111&ccb=1-7&_nc_sid=c53f8f&_nc_ohc=yX9vKq8lH44Q7kNvwGEeMJt&_nc_oc=Ado-7di1mRtN32pvImoSyZNB7OXlVqJU3I_dzyoTshuZb3T6uTwCi_gNjy8H4zt6zfo5T-HdTF2j6n0_OWEudDS3&_nc_zt=14&_nc_ht=scontent.fblr20-2.fna&_nc_gid=_yCXnHKLeeXrwIbssqhYCw&_nc_ss=7f289&oh=00_AQBOGmf_X142Ef2Fe2EQCcMfHWQLKBQHxtKzMyHGg5-eLA&oe=6A57FD72,2026-07-15T19:33:29.000Z,2026-07-11,https://pub-893b4a6a607b4221a894bf861da7914e.r2.dev/1331149945806050.mp4
156,150,Lingo AI,599204246602758,Lingo AI,,IN,28177094421896972,https://www.facebook.com/ads/library/?id=28177094421896972,2026-07-07,,true,false,1,0,,2026-07-07,,"🌟 Want to improve your English? 
📱 Learn anytime in just minutes a day 
💬 Build real speaking confidence 
👉 Download now",👉 Download now,Download,https://speaklearnfrenchlingoai.onelink.me/Y67n?pid=metaweb_int&c={{campaign.name}}&af_c_id={{campaign.id}}&af_adset={{adset.name}}&af_adset_id={{adset.id}}&af_ad={{ad.name}}&af_ad_id={{ad.id}}&af_siteid={{site_source_name}},"Facebook,Instagram,Audience Network,Messenger,Threads","🌟 Want to improve your English? 
📱 Learn anytime in just minutes a day 
💬 Build real speaking confidence 
👉 Download now",👉 Download now,Download,https://speaklearnfrenchlingoai.onelink.me/Y67n?pid=metaweb_int&c={{campaign.name}}&af_c_id={{campaign.id}}&af_adset={{adset.name}}&af_adset_id={{adset.id}}&af_ad={{ad.name}}&af_ad_id={{ad.id}}&af_siteid={{site_source_name}},Video,"Facebook,Instagram,Audience Network,Messenger,Threads",1,0,9:16,https://video.fblr20-3.fna.fbcdn.net/o1/v/t2/f2/m366/AQOgK3F4GcCNz1jBJBJRE2UrAir8O8V-zqnbBttFOfMqwLxhd4rFZfc27kb0Z_5CzBAg1ErFjc9in6-VEht2vYcFr54p4c6JLaMZ3GgWfoFVFA.mp4?_nc_cat=105&_nc_oc=AdoMrVI8VD1lq52vo4CWSjEfzczBl3RLYGUMZn8cnRGgN7qVbaAG1x9Z7_5GoW-sIesbOjEJPb1FR7vTGSVl6hd-&_nc_sid=b66105&_nc_ht=video.fblr20-3.fna.fbcdn.net&_nc_ohc=Z_YUep5PQxwQ7kNvwGVlOtG&efg=eyJ2ZW5jb2RlX3RhZyI6Inhwdl9wcm9ncmVzc2l2ZS5WSV9VU0VDQVNFX1BST0RVQ1RfVFlQRS4uQzMuNzIwLmRhc2hfaDI2NC1iYXNpYy1nZW4yXzcyMHAiLCJ4cHZfYXNzZXRfaWQiOjE1MzUzODEzNDgyODM0MzEsImFzc2V0X2FnZV9kYXlzIjo0LCJ2aV91c2VjYXNlX2lkIjoxMDEzOSwiZHVyYXRpb25fcyI6NzEsInVybGdlbl9zb3VyY2UiOiJ3d3cifQ%3D%3D&ccb=17-1&vs=eb9b10103eb8f605&_nc_vs=HBksFQIYRWZiX2VwaGVtZXJhbC8zNTQ3RjcxMzhDRDcyMkY2MkZGRUNFODFGRTI1NDg5OF9tdF8xX3ZpZGVvX2Rhc2hpbml0Lm1wNBUAAsgBEgAVAhhAZmJfcGVybWFuZW50LzYzNDY1Q0UzMDYxM0E2RjI3NDYzRkRBQzEyRUIxRUE5X2F1ZGlvX2Rhc2hpbml0Lm1wNBUCAsgBEgAoABgAGwKIB3VzZV9vaWwBMRJwcm9ncmVzc2l2ZV9yZWNpcGUBMRUAACbO0N-9-pq6BRUCKAJDMywXQFHIgxJul40YGWRhc2hfaDI2NC1iYXNpYy1nZW4yXzcyMHARAHUAZbaeAQA&_nc_gid=_yCXnHKLeeXrwIbssqhYCw&_nc_ss=7f289&_nc_zt=28&oh=00_AQDXVPwzp5iNuarTJepFiY3IH8aKxpMgKdZc1verfhYvYw&oe=6A57DFB3,https://scontent.fblr20-3.fna.fbcdn.net/v/t39.35426-6/742437346_1355350293206282_1324000495073598696_n.jpg?_nc_cat=109&ccb=1-7&_nc_sid=c53f8f&_nc_ohc=pIjhLz8Oe8kQ7kNvwFGbE9m&_nc_oc=AdqqXwbuLQDXTmk-9HbX9vR-b-mi7ABk3ZstOsHl97BC-oBFvMko0H5glJiKpP16C9NKkyJ-cF40cmjiUSsqoSMX&_nc_zt=14&_nc_ht=scontent.fblr20-3.fna&_nc_gid=_yCXnHKLeeXrwIbssqhYCw&_nc_ss=7f289&oh=00_AQD70HDHvqathjueEU8s8cYK2KeXMLQUxi1Yo29VWOR9Pg&oe=6A57F23C,2026-07-15T19:29:55.000Z,2026-07-11,https://pub-893b4a6a607b4221a894bf861da7914e.r2.dev/28177094421896972.mp4
157,151,Lingo AI,599204246602758,Lingo AI,,IN,1227138466187768,https://www.facebook.com/ads/library/?id=1227138466187768,2026-07-08,,true,false,1,0,,2026-07-08,,"🌍 Learn real English for everyday life 
🗣 Practice speaking with simple lessons 
⏱ Just 5 minutes a day 
👉 Download now",👉 Download now,Download,https://speaklearnfrenchlingoai.onelink.me/Y67n?pid=metaweb_int&c={{campaign.name}}&af_c_id={{campaign.id}}&af_adset={{adset.name}}&af_adset_id={{adset.id}}&af_ad={{ad.name}}&af_ad_id={{ad.id}}&af_siteid={{site_source_name}},"Facebook,Instagram,Audience Network,Messenger,Threads","🌍 Learn real English for everyday life 
🗣 Practice speaking with simple lessons 
⏱ Just 5 minutes a day 
👉 Download now",👉 Download now,Download,https://speaklearnfrenchlingoai.onelink.me/Y67n?pid=metaweb_int&c={{campaign.name}}&af_c_id={{campaign.id}}&af_adset={{adset.name}}&af_adset_id={{adset.id}}&af_ad={{ad.name}}&af_ad_id={{ad.id}}&af_siteid={{site_source_name}},Video,"Facebook,Instagram,Audience Network,Messenger,Threads",1,0,9:16,https://video.fblr20-3.fna.fbcdn.net/o1/v/t2/f2/m366/AQOpZFxK5QnGtEjKU52pBRvAV_nvIXsatdQpzygp31K7Z-ih9cBZHje7LohYWYWPJchHxwdnJtpznGYIeJaxMSgzHgIeHAzQrD0isKzYamnjlg.mp4?_nc_cat=100&_nc_oc=AdoMs4ShVoRS1dmbGDNnOGqLdjShcxyCZWNTpUJjM5NrurLOC42iw57xypDNL7-tJRxD8ouCMDXkt-5vZCpORG6u&_nc_sid=b66105&_nc_ht=video.fblr20-3.fna.fbcdn.net&_nc_ohc=-xPu_TgWAuUQ7kNvwEaAlNy&efg=eyJ2ZW5jb2RlX3RhZyI6Inhwdl9wcm9ncmVzc2l2ZS5WSV9VU0VDQVNFX1BST0RVQ1RfVFlQRS4uQzMuNjA4LmRhc2hfaDI2NC1iYXNpYy1nZW4yXzcyMHAiLCJ4cHZfYXNzZXRfaWQiOjE3OTIwMzUwMTE5NjI3MzIsImFzc2V0X2FnZV9kYXlzIjo1LCJ2aV91c2VjYXNlX2lkIjoxMDEzOSwiZHVyYXRpb25fcyI6NDIsInVybGdlbl9zb3VyY2UiOiJ3d3cifQ%3D%3D&ccb=17-1&vs=4e9248bd2cec3da8&_nc_vs=HBksFQIYRWZiX2VwaGVtZXJhbC9COTQ4NEMwRjBCMTY1NUM2Nzg1NkY1QzZDNkZCRDU5MV9tdF8xX3ZpZGVvX2Rhc2hpbml0Lm1wNBUAAsgBEgAVAhhAZmJfcGVybWFuZW50LzJBNEVCRDIzQTExMjc4M0JGMkU0MzM4QjRGQzIwMkE3X2F1ZGlvX2Rhc2hpbml0Lm1wNBUCAsgBEgAoABgAGwKIB3VzZV9vaWwBMRJwcm9ncmVzc2l2ZV9yZWNpcGUBMRUAACbYnYGllfauBhUCKAJDMywXQEVqn752yLQYGWRhc2hfaDI2NC1iYXNpYy1nZW4yXzcyMHARAHUAZbaeAQA&_nc_gid=_yCXnHKLeeXrwIbssqhYCw&_nc_ss=7f289&_nc_zt=28&oh=00_AQBPZ4cTCJl_7CpVwKl8Z-ZkztR12Pq24kpgaGi_5pu3-Q&oe=6A57D370,https://scontent.fblr20-4.fna.fbcdn.net/v/t39.35426-6/739786363_1330058292067715_2389075642822869824_n.jpg?_nc_cat=106&ccb=1-7&_nc_sid=c53f8f&_nc_ohc=y9a_X9xEhrgQ7kNvwHvTJHu&_nc_oc=AdqG3N3zVdX_CJT822jD2V-hzZotL6j7gMa1LOhkstg2mbhsAGIlpElENtCRlgLavACTG28Lo0CK4LjWCZ1d9Tuo&_nc_zt=14&_nc_ht=scontent.fblr20-4.fna&_nc_gid=_yCXnHKLeeXrwIbssqhYCw&_nc_ss=7f289&oh=00_AQCMzxY0JqZfiZJSeWcMnr6jvjKPsUKZ1MCyFV_56wFZZw&oe=6A57EBA5,2026-07-15T18:37:36.000Z,2026-07-11,https://pub-893b4a6a607b4221a894bf861da7914e.r2.dev/1227138466187768.mp4
158,152,Lingo AI,599204246602758,Lingo AI,,IN,3925500614254378,https://www.facebook.com/ads/library/?id=3925500614254378,2026-07-08,,false,false,1,0,,2026-07-08,,"📘 Learn English easily with simple lessons 
😊 Build confidence with everyday speaking practice 
👉 Download now",👉 Download now,Download,https://speaklearnfrenchlingoai.onelink.me/Y67n?pid=metaweb_int&c={{campaign.name}}&af_c_id={{campaign.id}}&af_adset={{adset.name}}&af_adset_id={{adset.id}}&af_ad={{ad.name}}&af_ad_id={{ad.id}}&af_siteid={{site_source_name}},"Facebook,Instagram,Audience Network,Messenger,Threads","📘 Learn English easily with simple lessons 
😊 Build confidence with everyday speaking practice 
👉 Download now",👉 Download now,Download,https://speaklearnfrenchlingoai.onelink.me/Y67n?pid=metaweb_int&c={{campaign.name}}&af_c_id={{campaign.id}}&af_adset={{adset.name}}&af_adset_id={{adset.id}}&af_ad={{ad.name}}&af_ad_id={{ad.id}}&af_siteid={{site_source_name}},Video,"Facebook,Instagram,Audience Network,Messenger,Threads",1,0,9:16,https://video.fblr20-2.fna.fbcdn.net/o1/v/t2/f2/m366/AQPdpzOXuykvWA5or5A38OjOJTvz4WA1ItrL_QtKhGqm3ud5pAcFYS1uf16RA4xVSGGxGCERsIE2B6ens9PP3gwlGOB8B8dMi17eTmK6YM2J4Q.mp4?_nc_cat=102&_nc_oc=AdpEhDrE73pg7G1vraAFcW5fn2D9G_lRTSSNe_wJCAyFMQ3sT917WpPYQB1YCzxuYFtTf1urd216oVGxozC-AJHa&_nc_sid=b66105&_nc_ht=video.fblr20-2.fna.fbcdn.net&_nc_ohc=NtW68dLzfTkQ7kNvwHmL2NW&efg=eyJ2ZW5jb2RlX3RhZyI6Inhwdl9wcm9ncmVzc2l2ZS5WSV9VU0VDQVNFX1BST0RVQ1RfVFlQRS4uQzMuNzIwLmRhc2hfaDI2NC1iYXNpYy1nZW4yXzcyMHAiLCJ4cHZfYXNzZXRfaWQiOjEwODQ2OTEzNzM5MTIyMzksImFzc2V0X2FnZV9kYXlzIjoxLCJ2aV91c2VjYXNlX2lkIjoxMDEzOSwiZHVyYXRpb25fcyI6MzQsInVybGdlbl9zb3VyY2UiOiJ3d3cifQ%3D%3D&ccb=17-1&vs=49876e11ac4bb540&_nc_vs=HBksFQIYRWZiX2VwaGVtZXJhbC8xMDRDOUZBNEZDRDA0MzRENDlCMjMzQTExMTk2QTA5OF9tdF8xX3ZpZGVvX2Rhc2hpbml0Lm1wNBUAAsgBEgAVAhhAZmJfcGVybWFuZW50LzdBNDc2M0IyMDI3QTg3QzEwRThFN0MwRjhFOEFGQUE3X2F1ZGlvX2Rhc2hpbml0Lm1wNBUCAsgBEgAoABgAGwKIB3VzZV9vaWwBMRJwcm9ncmVzc2l2ZV9yZWNpcGUBMRUAACbewsPArKHtAxUCKAJDMywXQEFAAAAAAAAYGWRhc2hfaDI2NC1iYXNpYy1nZW4yXzcyMHARAHUAZbaeAQA&_nc_gid=_yCXnHKLeeXrwIbssqhYCw&_nc_ss=7f289&_nc_zt=28&oh=00_AQDn_Ufndbvg7z8ARx5mWiFkZkms9Q2g9qBpQXK75tISOw&oe=6A57E272,https://scontent.fblr20-2.fna.fbcdn.net/v/t39.35426-6/744055705_2051915335533926_2187602327716696071_n.jpg?_nc_cat=102&ccb=1-7&_nc_sid=c53f8f&_nc_ohc=hfxTD1cBEuUQ7kNvwE9N3mw&_nc_oc=Adqp_cDcypk0AD71PBBLDWcRoWGDVebT-mIEj8QYDAmvvbIZPcdrn3ShdG7tK2wH_S4R9fVp2yQNBi7On3qhFZV3&_nc_zt=14&_nc_ht=scontent.fblr20-2.fna&_nc_gid=_yCXnHKLeeXrwIbssqhYCw&_nc_ss=7f289&oh=00_AQC-yDgADB5gQFaUrr_PBKdXo3-BvzW2G6BJUSQSA8G7cw&oe=6A57CE4C,2026-07-15T19:41:38.000Z,2026-07-11,https://pub-893b4a6a607b4221a894bf861da7914e.r2.dev/3925500614254378.mp4
159,153,Lingo AI,599204246602758,Lingo AI,,IN,1114436335096220,https://www.facebook.com/ads/library/?id=1114436335096220,2026-07-08,,true,false,1,0,,2026-07-08,,"🌟 Want to improve your English? 
📱 Learn anytime in just minutes a day 
💬 Build real speaking confidence 
👉 Download now",👉 Download now,Download,https://speaklearnfrenchlingoai.onelink.me/Y67n?pid=metaweb_int&c={{campaign.name}}&af_c_id={{campaign.id}}&af_adset={{adset.name}}&af_adset_id={{adset.id}}&af_ad={{ad.name}}&af_ad_id={{ad.id}}&af_siteid={{site_source_name}},"Facebook,Instagram,Audience Network,Messenger,Threads","🌟 Want to improve your English? 
📱 Learn anytime in just minutes a day 
💬 Build real speaking confidence 
👉 Download now",👉 Download now,Download,https://speaklearnfrenchlingoai.onelink.me/Y67n?pid=metaweb_int&c={{campaign.name}}&af_c_id={{campaign.id}}&af_adset={{adset.name}}&af_adset_id={{adset.id}}&af_ad={{ad.name}}&af_ad_id={{ad.id}}&af_siteid={{site_source_name}},Video,"Facebook,Instagram,Audience Network,Messenger,Threads",1,0,9:16,https://video.fblr20-2.fna.fbcdn.net/o1/v/t2/f2/m366/AQMbuxWFQSE7o9DV4hwvsiuhZjWaY9MfW721hFY1GCiEPpcVBhXEeAwpOC2_ZtgC5S4LxWJ8TCg12XvYGjOTUiXPUiyOXP7eASQT1VBTNBCwZw.mp4?_nc_cat=104&_nc_oc=Adrty1NR54YuoBq8ec7CU1tyvIE1oAPalTpX3_g6nTnhOjY4cv2_RcevvYPN2afcKFGBIxtumZg7Vz2uLVB9FILD&_nc_sid=b66105&_nc_ht=video.fblr20-2.fna.fbcdn.net&_nc_ohc=dBdFueYm33QQ7kNvwGA6u95&efg=eyJ2ZW5jb2RlX3RhZyI6Inhwdl9wcm9ncmVzc2l2ZS5WSV9VU0VDQVNFX1BST0RVQ1RfVFlQRS4uQzMuNzIwLmRhc2hfaDI2NC1iYXNpYy1nZW4yXzcyMHAiLCJ4cHZfYXNzZXRfaWQiOjg2MTEzMDY0MDA1MTI4NSwiYXNzZXRfYWdlX2RheXMiOjQsInZpX3VzZWNhc2VfaWQiOjEwMTM5LCJkdXJhdGlvbl9zIjozNSwidXJsZ2VuX3NvdXJjZSI6Ind3dyJ9&ccb=17-1&vs=e001c458f25dd22e&_nc_vs=HBksFQIYRWZiX2VwaGVtZXJhbC81MzQ1QUU0QzM1Mzk4Q0RDRDUxQzEyNEZEOUEzMDc4N19tdF8xX3ZpZGVvX2Rhc2hpbml0Lm1wNBUAAsgBEgAVAhhAZmJfcGVybWFuZW50LzFFNEMwOTNCRTNCOTZGNzExRDg5MzUwMEI2MkFBNUIxX2F1ZGlvX2Rhc2hpbml0Lm1wNBUCAsgBEgAoABgAGwKIB3VzZV9vaWwBMRJwcm9ncmVzc2l2ZV9yZWNpcGUBMRUAACaqsb6es8yHAxUCKAJDMywXQEHAAAAAAAAYGWRhc2hfaDI2NC1iYXNpYy1nZW4yXzcyMHARAHUAZbaeAQA&_nc_gid=_yCXnHKLeeXrwIbssqhYCw&_nc_ss=7f289&_nc_zt=28&oh=00_AQBpDwUxNGYFWcxQNYCddcjwTQSBwRMWdv61LAQdpB9rfQ&oe=6A57E744,https://scontent.fblr20-3.fna.fbcdn.net/v/t39.35426-6/742129803_1580634153730595_663007386182145252_n.jpg?_nc_cat=109&ccb=1-7&_nc_sid=c53f8f&_nc_ohc=gRB-ooDL1GoQ7kNvwFRbAyP&_nc_oc=Adoz40KAf21NllFwnoybX9RRtLM7DZGK8kuyXPZvpym5HWKDRSDLEfqP2B8UUwZ_vt0eIOQZOCR1YtaoXoqGMyh1&_nc_zt=14&_nc_ht=scontent.fblr20-3.fna&_nc_gid=_yCXnHKLeeXrwIbssqhYCw&_nc_ss=7f289&oh=00_AQBbGhqlAnvOuccB_EraeaXOM9x0MHEP1jP-ozC7ejsEvw&oe=6A57E7A7,2026-07-15T20:02:12.000Z,2026-07-11,https://pub-893b4a6a607b4221a894bf861da7914e.r2.dev/1114436335096220.mp4
160,154,Lingo AI,599204246602758,Lingo AI,,IN,2654198474977868,https://www.facebook.com/ads/library/?id=2654198474977868,2026-07-09,,false,false,1,0,,2026-07-09,,"🌍 Learn real English for everyday life 
🗣 Practice speaking with simple lessons 
⏱ Just 5 minutes a day 
👉 Download now",👉 Download now,Download,https://speaklearnfrenchlingoai.onelink.me/Y67n?pid=metaweb_int&c={{campaign.name}}&af_c_id={{campaign.id}}&af_adset={{adset.name}}&af_adset_id={{adset.id}}&af_ad={{ad.name}}&af_ad_id={{ad.id}}&af_siteid={{site_source_name}},"Facebook,Instagram,Audience Network,Messenger,Threads","🌍 Learn real English for everyday life 
🗣 Practice speaking with simple lessons 
⏱ Just 5 minutes a day 
👉 Download now",👉 Download now,Download,https://speaklearnfrenchlingoai.onelink.me/Y67n?pid=metaweb_int&c={{campaign.name}}&af_c_id={{campaign.id}}&af_adset={{adset.name}}&af_adset_id={{adset.id}}&af_ad={{ad.name}}&af_ad_id={{ad.id}}&af_siteid={{site_source_name}},Video,"Facebook,Instagram,Audience Network,Messenger,Threads",1,0,9:16,https://video.fblr20-3.fna.fbcdn.net/o1/v/t2/f2/m366/AQM7NAw3FGDsyMpId_2aFg4XdzurmYVRyVmRhcuPXYtHOm-iL8XTDbHYUfyx8hF3dzhGr4ro7bwQyCbR8Br2B3Q6uotsFrnJKRw66Yrs5sRwlw.mp4?_nc_cat=105&_nc_oc=AdqzH1J-5GrGPGk43MJtReu6UxuJXcMWhK0F0UzlJedjKBaqVkwAeEgcs1QksBoya6e434XuzGGi4mqPQq7kms6S&_nc_sid=b66105&_nc_ht=video.fblr20-3.fna.fbcdn.net&_nc_ohc=Rfhh-4UP4XwQ7kNvwHnSdM4&efg=eyJ2ZW5jb2RlX3RhZyI6Inhwdl9wcm9ncmVzc2l2ZS5WSV9VU0VDQVNFX1BST0RVQ1RfVFlQRS4uQzMuNzIwLmRhc2hfaDI2NC1iYXNpYy1nZW4yXzcyMHAiLCJ4cHZfYXNzZXRfaWQiOjEwMTc2ODk1OTQzMTYyODEsImFzc2V0X2FnZV9kYXlzIjo0LCJ2aV91c2VjYXNlX2lkIjoxMDEzOSwiZHVyYXRpb25fcyI6NjUsInVybGdlbl9zb3VyY2UiOiJ3d3cifQ%3D%3D&ccb=17-1&vs=e912ba99b82edeb7&_nc_vs=HBksFQIYRWZiX2VwaGVtZXJhbC9GNDRBNUY2QzBDMEI4NDIxNkQ0NEYwMjZCRkU5OEVCOV9tdF8xX3ZpZGVvX2Rhc2hpbml0Lm1wNBUAAsgBEgAVAhhAZmJfcGVybWFuZW50LzQ5NDM4OTFGRTM4NzVGQkYwNUJGQzg5RTQ3NjhFREFGX2F1ZGlvX2Rhc2hpbml0Lm1wNBUCAsgBEgAoABgAGwKIB3VzZV9vaWwBMRJwcm9ncmVzc2l2ZV9yZWNpcGUBMRUAACbyl5asquXOAxUCKAJDMywXQFB90vGp--cYGWRhc2hfaDI2NC1iYXNpYy1nZW4yXzcyMHARAHUAZbaeAQA&_nc_gid=_yCXnHKLeeXrwIbssqhYCw&_nc_ss=7f289&_nc_zt=28&oh=00_AQAHUPfo3KR6qIxQAPKw_ExcpUMEsR1_GiKOExuVHtAmrQ&oe=6A57E06B,https://scontent.fblr20-3.fna.fbcdn.net/v/t39.35426-6/740437962_1593251039184857_4695308517488218708_n.jpg?_nc_cat=105&ccb=1-7&_nc_sid=c53f8f&_nc_ohc=mkGk_b-wJLUQ7kNvwFe6Ido&_nc_oc=Adpa-m4lHU8-Iq05OHa9RVUeUUJHvt1vGDIKjZ0bVa2ZYfmME824Sr9dgjJlmJ__Z9EsTBtmb8QsdmvFFreNr81r&_nc_zt=14&_nc_ht=scontent.fblr20-3.fna&_nc_gid=_yCXnHKLeeXrwIbssqhYCw&_nc_ss=7f289&oh=00_AQCkMiDbuCsp46DLpYu2Q9cJdYAeLpDtZXyO03yff9hVVg&oe=6A57D08F,2026-07-15T19:32:59.000Z,2026-07-11,https://pub-893b4a6a607b4221a894bf861da7914e.r2.dev/2654198474977868.mp4
161,155,Lingo AI,599204246602758,Lingo AI,,IN,1013550654629784,https://www.facebook.com/ads/library/?id=1013550654629784,2026-07-08,,true,false,1,0,,2026-07-08,,"🌟 Want to improve your English? 
📱 Learn anytime in just minutes a day 
💬 Build real speaking confidence 
👉 Download now",👉 Download now,Download,https://speaklearnfrenchlingoai.onelink.me/Y67n?pid=metaweb_int&c={{campaign.name}}&af_c_id={{campaign.id}}&af_adset={{adset.name}}&af_adset_id={{adset.id}}&af_ad={{ad.name}}&af_ad_id={{ad.id}}&af_siteid={{site_source_name}},"Facebook,Instagram,Audience Network,Messenger,Threads","🌟 Want to improve your English? 
📱 Learn anytime in just minutes a day 
💬 Build real speaking confidence 
👉 Download now",👉 Download now,Download,https://speaklearnfrenchlingoai.onelink.me/Y67n?pid=metaweb_int&c={{campaign.name}}&af_c_id={{campaign.id}}&af_adset={{adset.name}}&af_adset_id={{adset.id}}&af_ad={{ad.name}}&af_ad_id={{ad.id}}&af_siteid={{site_source_name}},Video,"Facebook,Instagram,Audience Network,Messenger,Threads",1,0,9:16,https://video.fblr20-2.fna.fbcdn.net/o1/v/t2/f2/m366/AQPd-qWMrzpkCafkslt29leCUeM-3B9SLVXy6w4rtTE-twRkSPC7TSXdYw7olgwm_nYrqy8iHSRGaySdxW_Pw8yflBB76eqo2V4a5Y1iLmWd5w.mp4?_nc_cat=102&_nc_oc=AdpH9dP2Sco4x0TA_rNVtiXmtBWLNrJ8HLzLFp6UDwwlgF1cu7_gHWUSQiizPRuzhpohwmYI4GbhEx2fXh1Rn1xz&_nc_sid=b66105&_nc_ht=video.fblr20-2.fna.fbcdn.net&_nc_ohc=EpmwmKB3ywcQ7kNvwFgB3Ly&efg=eyJ2ZW5jb2RlX3RhZyI6Inhwdl9wcm9ncmVzc2l2ZS5WSV9VU0VDQVNFX1BST0RVQ1RfVFlQRS4uQzMuNzIwLmRhc2hfaDI2NC1iYXNpYy1nZW4yXzcyMHAiLCJ4cHZfYXNzZXRfaWQiOjE2NzA2NDkxMDczMjQ2NTYsImFzc2V0X2FnZV9kYXlzIjo0LCJ2aV91c2VjYXNlX2lkIjoxMDEzOSwiZHVyYXRpb25fcyI6MjksInVybGdlbl9zb3VyY2UiOiJ3d3cifQ%3D%3D&ccb=17-1&vs=48a98f0e1b537dcd&_nc_vs=HBksFQIYRWZiX2VwaGVtZXJhbC9FRTRFQUQyMTQ0Nzc0MDkxODQ2Qzc4QTYwRDQwRjk5Ml9tdF8xX3ZpZGVvX2Rhc2hpbml0Lm1wNBUAAsgBEgAVAhhAZmJfcGVybWFuZW50L0IwNEYxNUNERDAwQjVCRDA2MTNCNEQzQkY5NDI2OEFEX2F1ZGlvX2Rhc2hpbml0Lm1wNBUCAsgBEgAoABgAGwKIB3VzZV9vaWwBMRJwcm9ncmVzc2l2ZV9yZWNpcGUBMRUAACbg-7Dpydz3BRUCKAJDMywXQD0iDEm6XjUYGWRhc2hfaDI2NC1iYXNpYy1nZW4yXzcyMHARAHUAZbaeAQA&_nc_gid=CyeMR8wrfECkdT1MKRhNpg&_nc_ss=7f289&_nc_zt=28&oh=00_AQBmW---BZ_Hlo7h7f7xh6d3u3azD-4AJoalnlbGty-quA&oe=6A57EA22,https://scontent.fblr20-4.fna.fbcdn.net/v/t39.35426-6/744014088_1308522234697392_2273123821270195900_n.jpg?_nc_cat=106&ccb=1-7&_nc_sid=c53f8f&_nc_ohc=qqV2sUZojoQQ7kNvwEfyxDs&_nc_oc=AdpbDkuyNd1TmRdFlpBbLKCfCI8irqrKtXX1av8nGvhDZyVNOlH0vFKwsxNghScd7dRuglrDuE8jYdBQozP5J2BK&_nc_zt=14&_nc_ht=scontent.fblr20-4.fna&_nc_gid=CyeMR8wrfECkdT1MKRhNpg&_nc_ss=7f289&oh=00_AQD6RxHGbhd3kf3lNdzQOe-VNPZRuicNPNLFV0EsMyQ82Q&oe=6A57D618,2026-07-15T20:14:26.000Z,2026-07-11,https://pub-893b4a6a607b4221a894bf861da7914e.r2.dev/1013550654629784.mp4
162,156,Lingo AI,599204246602758,Lingo AI,,IN,1561681932015617,https://www.facebook.com/ads/library/?id=1561681932015617,2026-07-09,,true,false,1,0,,2026-07-09,,"🌟 Want to improve your English? 
📱 Learn anytime in just minutes a day 
💬 Build real speaking confidence 
👉 Download now",👉 Download now,Download,https://speaklearnfrenchlingoai.onelink.me/Y67n?pid=metaweb_int&c={{campaign.name}}&af_c_id={{campaign.id}}&af_adset={{adset.name}}&af_adset_id={{adset.id}}&af_ad={{ad.name}}&af_ad_id={{ad.id}}&af_siteid={{site_source_name}},"Facebook,Instagram,Audience Network,Messenger,Threads","🌟 Want to improve your English? 
📱 Learn anytime in just minutes a day 
💬 Build real speaking confidence 
👉 Download now",👉 Download now,Download,https://speaklearnfrenchlingoai.onelink.me/Y67n?pid=metaweb_int&c={{campaign.name}}&af_c_id={{campaign.id}}&af_adset={{adset.name}}&af_adset_id={{adset.id}}&af_ad={{ad.name}}&af_ad_id={{ad.id}}&af_siteid={{site_source_name}},Video,"Facebook,Instagram,Audience Network,Messenger,Threads",1,0,9:16,https://video.fblr20-1.fna.fbcdn.net/o1/v/t2/f2/m366/AQOvHpFPbQxSwijyh1TUoVRne12P20NI2I-IWCXRX0W3NozaoGXWsv5cfGiv6UjPFrF-5iY5t26gehygXRnwAqZhNgz2p1JkwIEx2f6uANhQXg.mp4?_nc_cat=110&_nc_oc=Adr8lbsxt_kYxke-AuRd2cUkHuUC0tkPpE_86jWhVc8QC9N9KMXE-2St5ZAEva7RPwX5l36mB4DAWRQYISf7f3yJ&_nc_sid=b66105&_nc_ht=video.fblr20-1.fna.fbcdn.net&_nc_ohc=C91m3WQxtcoQ7kNvwF3l1dd&efg=eyJ2ZW5jb2RlX3RhZyI6Inhwdl9wcm9ncmVzc2l2ZS5WSV9VU0VDQVNFX1BST0RVQ1RfVFlQRS4uQzMuNjA4LmRhc2hfaDI2NC1iYXNpYy1nZW4yXzcyMHAiLCJ4cHZfYXNzZXRfaWQiOjE4NDU1MDUzNDMwNzg0OTQsImFzc2V0X2FnZV9kYXlzIjoyMywidmlfdXNlY2FzZV9pZCI6MTAxMzksImR1cmF0aW9uX3MiOjM0LCJ1cmxnZW5fc291cmNlIjoid3d3In0%3D&ccb=17-1&vs=709216741a3e4966&_nc_vs=HBksFQIYRWZiX2VwaGVtZXJhbC81RDQyQ0EzNUYxNTg4MERCRjM1RTg4MTVBRDAxQTZCNF9tdF8xX3ZpZGVvX2Rhc2hpbml0Lm1wNBUAAsgBEgAVAhhAZmJfcGVybWFuZW50LzM2NEI3OUFBQzI3MzMwM0E5MDYyRUUwQ0I2NDVDMkEwX2F1ZGlvX2Rhc2hpbml0Lm1wNBUCAsgBEgAoABgAGwKIB3VzZV9vaWwBMRJwcm9ncmVzc2l2ZV9yZWNpcGUBMRUAACa8gb6mxp7HBhUCKAJDMywXQEFZmZmZmZoYGWRhc2hfaDI2NC1iYXNpYy1nZW4yXzcyMHARAHUAZbaeAQA&_nc_gid=CyeMR8wrfECkdT1MKRhNpg&_nc_ss=7f289&_nc_zt=28&oh=00_AQCDqYmyDwKXxlgN9sK2fBsWVRYKBwV4MJGJfBDmSN3R6g&oe=6A57F122,https://scontent.fblr20-4.fna.fbcdn.net/v/t39.35426-6/738335041_2184062685494627_7340112952214055613_n.jpg?_nc_cat=101&ccb=1-7&_nc_sid=c53f8f&_nc_ohc=ibpFRQpyZ7kQ7kNvwHM87_m&_nc_oc=AdrNPkcYfwS76J140bfaVkUbI_iErFxNIShbT21n-Vj3A_GeSp4sjG8Z3_lOS1wr2mnhDYnNjsmiF1jNsB7NqVWi&_nc_zt=14&_nc_ht=scontent.fblr20-4.fna&_nc_gid=CyeMR8wrfECkdT1MKRhNpg&_nc_ss=7f289&oh=00_AQDLhCPapQV3C5p6CRIDLhlsFFKghWchO2F_SvJlb9w-ng&oe=6A57E72C,2026-07-15T20:44:18.000Z,2026-07-11,https://pub-893b4a6a607b4221a894bf861da7914e.r2.dev/1561681932015617.mp4
163,157,Lingo AI,599204246602758,Lingo AI,,IN,2016025865946313,https://www.facebook.com/ads/library/?id=2016025865946313,2026-07-08,,false,false,1,0,,2026-07-08,,"🌟 Want to improve your English? 
📱 Learn anytime in just minutes a day 
💬 Build real speaking confidence 
👉 Download now",👉 Download now,Download,https://speaklearnfrenchlingoai.onelink.me/Y67n?pid=metaweb_int&c={{campaign.name}}&af_c_id={{campaign.id}}&af_adset={{adset.name}}&af_adset_id={{adset.id}}&af_ad={{ad.name}}&af_ad_id={{ad.id}}&af_siteid={{site_source_name}},"Facebook,Instagram,Audience Network,Messenger,Threads","🌟 Want to improve your English? 
📱 Learn anytime in just minutes a day 
💬 Build real speaking confidence 
👉 Download now",👉 Download now,Download,https://speaklearnfrenchlingoai.onelink.me/Y67n?pid=metaweb_int&c={{campaign.name}}&af_c_id={{campaign.id}}&af_adset={{adset.name}}&af_adset_id={{adset.id}}&af_ad={{ad.name}}&af_ad_id={{ad.id}}&af_siteid={{site_source_name}},Video,"Facebook,Instagram,Audience Network,Messenger,Threads",1,0,9:16,https://video.fblr20-5.fna.fbcdn.net/o1/v/t2/f2/m366/AQOTstX869YoJ572xY1QgjMkeOHghocsJ1M6eJph9pnSk3xPZqOLCz-cfGtgOCY0J7v_OpqOwd0mPjoSqmZXxWhlW2sZhWDeLvdaKHrtwNiiCQ.mp4?_nc_cat=107&_nc_oc=AdpzeuBqhbKUl5pSTBmaiifSnOV4zeFNuemdG5Vgo86PA8gYfJXwnwV4ns3g73pss825K9KcMEVnwROLtgZ1m0qM&_nc_sid=b66105&_nc_ht=video.fblr20-5.fna.fbcdn.net&_nc_ohc=xUOwwvfbr60Q7kNvwFRpsDQ&efg=eyJ2ZW5jb2RlX3RhZyI6Inhwdl9wcm9ncmVzc2l2ZS5WSV9VU0VDQVNFX1BST0RVQ1RfVFlQRS4uQzMuNjA4LmRhc2hfaDI2NC1iYXNpYy1nZW4yXzcyMHAiLCJ4cHZfYXNzZXRfaWQiOjE2OTk4MjI0NzgwMjQzNjIsImFzc2V0X2FnZV9kYXlzIjoyNywidmlfdXNlY2FzZV9pZCI6MTAxMzksImR1cmF0aW9uX3MiOjMyLCJ1cmxnZW5fc291cmNlIjoid3d3In0%3D&ccb=17-1&vs=e7997df0d6daca97&_nc_vs=HBksFQIYRWZiX2VwaGVtZXJhbC8zNjQyREQzNEREMzdBMTE1QTVCQTY1Njk3MUU5NkVCMl9tdF8xX3ZpZGVvX2Rhc2hpbml0Lm1wNBUAAsgBEgAVAhhAZmJfcGVybWFuZW50LzE3NDI5N0Y3NjUzRUZDMDRDQUExQzRFRTM2QTc2RkEzX2F1ZGlvX2Rhc2hpbml0Lm1wNBUCAsgBEgAoABgAGwKIB3VzZV9vaWwBMRJwcm9ncmVzc2l2ZV9yZWNpcGUBMRUAACbU-t6v2P6EBhUCKAJDMywXQEBIcrAgxJwYGWRhc2hfaDI2NC1iYXNpYy1nZW4yXzcyMHARAHUAZbaeAQA&_nc_gid=CyeMR8wrfECkdT1MKRhNpg&_nc_ss=7f289&_nc_zt=28&oh=00_AQCMcv3xRBU_gWiXE6eDINlOTfDmIo3OGX-6zO-ohR4bfg&oe=6A57D5C1,https://scontent.fblr20-1.fna.fbcdn.net/v/t39.35426-6/742317217_1003495542465316_6884910006439474325_n.jpg?_nc_cat=108&ccb=1-7&_nc_sid=c53f8f&_nc_ohc=eoVIGzdGIe0Q7kNvwH1wthe&_nc_oc=AdqimUy9HVzIPusI2Jm8L40CSzbghcA7xOWwXpSqNtjrBc715grr3R4jfScKAA8hViyY-36B6RYtPK7mj3re-sKk&_nc_zt=14&_nc_ht=scontent.fblr20-1.fna&_nc_gid=CyeMR8wrfECkdT1MKRhNpg&_nc_ss=7f289&oh=00_AQBOF-n-5JvJVLQ0MOiulvjQvVnH79kT97N5Se4zTJVVYg&oe=6A57F51E,2026-07-15T18:47:29.000Z,2026-07-11,https://pub-893b4a6a607b4221a894bf861da7914e.r2.dev/2016025865946313.mp4
164,158,Lingo AI,599204246602758,Lingo AI,,IN,2134439107466829,https://www.facebook.com/ads/library/?id=2134439107466829,2026-07-08,,false,false,1,0,,2026-07-08,,"🌟 Quer melhorar o seu inglês?
📱 Aprenda a qualquer hora em apenas alguns minutos por dia
💬 Ganhe confiança para falar inglês de verdade
👉 Baixe agora",👉 Baixe agora,Download,https://speaklearnfrenchlingoai.onelink.me/Y67n?pid=metaweb_int&c={{campaign.name}}&af_c_id={{campaign.id}}&af_adset={{adset.name}}&af_adset_id={{adset.id}}&af_ad={{ad.name}}&af_ad_id={{ad.id}}&af_siteid={{site_source_name}},"Facebook,Instagram,Audience Network,Messenger,Threads","🌟 Quer melhorar o seu inglês?
📱 Aprenda a qualquer hora em apenas alguns minutos por dia
💬 Ganhe confiança para falar inglês de verdade
👉 Baixe agora",👉 Baixe agora,Download,https://speaklearnfrenchlingoai.onelink.me/Y67n?pid=metaweb_int&c={{campaign.name}}&af_c_id={{campaign.id}}&af_adset={{adset.name}}&af_adset_id={{adset.id}}&af_ad={{ad.name}}&af_ad_id={{ad.id}}&af_siteid={{site_source_name}},Video,"Facebook,Instagram,Audience Network,Messenger,Threads",1,0,9:16,https://video.fblr20-3.fna.fbcdn.net/o1/v/t2/f2/m366/AQP0WtoaTpaqVZIvMakXfy-ELT3TwC3Xr5lg2YzwI90_FxVrfnDPrA-BAzGkAKSbeGp-I-0aFnsn7M3v-LhPECI4BzW6qBzhcQepL4qOVycgXw.mp4?_nc_cat=100&_nc_oc=AdoMQfGww2pE4r_C53WQJGqdOu-oEjGFve9Z8QdwLMusacXh9MKp6CNFTpuIfXvCsAn3zlfocdNGc0SPGIQ46weG&_nc_sid=b66105&_nc_ht=video.fblr20-3.fna.fbcdn.net&_nc_ohc=_5R0vN-eLBcQ7kNvwFraaVb&efg=eyJ2ZW5jb2RlX3RhZyI6Inhwdl9wcm9ncmVzc2l2ZS5WSV9VU0VDQVNFX1BST0RVQ1RfVFlQRS4uQzMuNjA4LmRhc2hfaDI2NC1iYXNpYy1nZW4yXzcyMHAiLCJ4cHZfYXNzZXRfaWQiOjIxNTA0Njc5NDkyMzIxNDksImFzc2V0X2FnZV9kYXlzIjoyLCJ2aV91c2VjYXNlX2lkIjoxMDEzOSwiZHVyYXRpb25fcyI6MTgsInVybGdlbl9zb3VyY2UiOiJ3d3cifQ%3D%3D&ccb=17-1&vs=f107877caa4e8fc&_nc_vs=HBksFQIYRWZiX2VwaGVtZXJhbC82QTRDOTlCRUUwMTVFMjc2QTdBNUM5QjYxNzk5NDc4Ql9tdF8xX3ZpZGVvX2Rhc2hpbml0Lm1wNBUAAsgBEgAVAhhAZmJfcGVybWFuZW50LzEyNDFGMDIyNkJDRjI4NjJCMDg4MzdDMzk0NDMyQ0EzX2F1ZGlvX2Rhc2hpbml0Lm1wNBUCAsgBEgAoABgAGwKIB3VzZV9vaWwBMRJwcm9ncmVzc2l2ZV9yZWNpcGUBMRUAACaqgLjj2vXRBxUCKAJDMywXQDJ3S8an754YGWRhc2hfaDI2NC1iYXNpYy1nZW4yXzcyMHARAHUAZbaeAQA&_nc_gid=CyeMR8wrfECkdT1MKRhNpg&_nc_ss=7f289&_nc_zt=28&oh=00_AQCd0tTR-ngRMakNQT9JJHKGqlgthCxaCbJ7JcQpAbyshg&oe=6A57CB70,https://scontent.fblr20-2.fna.fbcdn.net/v/t39.35426-6/741870879_1390288933158037_6958085813523932040_n.jpg?_nc_cat=111&ccb=1-7&_nc_sid=c53f8f&_nc_ohc=tDP5NgCOa0EQ7kNvwHOqF5M&_nc_oc=AdoskOoVFwuD5GJcfe1LB48DS_I2aCjwk7mnYvf_XbUg2VvetWZkYt0DeETNNZ-lyVQmg1yH3cwnOmAfHLpUTr98&_nc_zt=14&_nc_ht=scontent.fblr20-2.fna&_nc_gid=CyeMR8wrfECkdT1MKRhNpg&_nc_ss=7f289&oh=00_AQDqLsBlKpukU-ybUVrSIiT2yydEez_O-Wyalw8XRhDp5w&oe=6A57E8D5,2026-07-15T18:03:28.000Z,2026-07-11,https://pub-893b4a6a607b4221a894bf861da7914e.r2.dev/2134439107466829.mp4
165,159,Lingo AI,599204246602758,Lingo AI,,IN,879066984787795,https://www.facebook.com/ads/library/?id=879066984787795,2026-07-08,,true,false,1,0,,2026-07-08,,"🌟 Want to improve your English? 
📱 Learn anytime in just minutes a day 
💬 Build real speaking confidence 
👉 Download now",👉 Download now,Download,https://speaklearnfrenchlingoai.onelink.me/Y67n?pid=metaweb_int&c={{campaign.name}}&af_c_id={{campaign.id}}&af_adset={{adset.name}}&af_adset_id={{adset.id}}&af_ad={{ad.name}}&af_ad_id={{ad.id}}&af_siteid={{site_source_name}},"Facebook,Instagram,Audience Network,Messenger,Threads","🌟 Want to improve your English? 
📱 Learn anytime in just minutes a day 
💬 Build real speaking confidence 
👉 Download now",👉 Download now,Download,https://speaklearnfrenchlingoai.onelink.me/Y67n?pid=metaweb_int&c={{campaign.name}}&af_c_id={{campaign.id}}&af_adset={{adset.name}}&af_adset_id={{adset.id}}&af_ad={{ad.name}}&af_ad_id={{ad.id}}&af_siteid={{site_source_name}},Video,"Facebook,Instagram,Audience Network,Messenger,Threads",1,0,9:16,https://video.fblr20-3.fna.fbcdn.net/o1/v/t2/f2/m366/AQP49Cx32n_dpUqoGa32Lo2kIdsdqLFUFh0k8YWADB1Mfpyy62MbgDWjNQ-QJDNfYndwlqWsiYcImlq9E1XiQfyBhIavrsW2H_KcPouJf9RVfw.mp4?_nc_cat=105&_nc_oc=Adp6xteCpv--PSHFMqY2jXsxMDeAbz22PJZMjd2FDNAFdUPnnMuJunEwxQIm7DPTSCsY-mwtfnXNArdr4X6Db5ar&_nc_sid=b66105&_nc_ht=video.fblr20-3.fna.fbcdn.net&_nc_ohc=69y3F9rQwzQQ7kNvwGa8t2R&efg=eyJ2ZW5jb2RlX3RhZyI6Inhwdl9wcm9ncmVzc2l2ZS5WSV9VU0VDQVNFX1BST0RVQ1RfVFlQRS4uQzMuNjA4LmRhc2hfaDI2NC1iYXNpYy1nZW4yXzcyMHAiLCJ4cHZfYXNzZXRfaWQiOjEzNjAyMzc0MTkzMjI4MTAsImFzc2V0X2FnZV9kYXlzIjoyNywidmlfdXNlY2FzZV9pZCI6MTAxMzksImR1cmF0aW9uX3MiOjQwLCJ1cmxnZW5fc291cmNlIjoid3d3In0%3D&ccb=17-1&vs=b1d66901a1ec57f&_nc_vs=HBksFQIYRWZiX2VwaGVtZXJhbC9GQTQ1RTI1RTI0MzJFRUQ3OUEwNTZGMjlEMzc0QkVCQ19tdF8xX3ZpZGVvX2Rhc2hpbml0Lm1wNBUAAsgBEgAVAhhAZmJfcGVybWFuZW50L0EwNDA5NTRGRUFGNDQ4REI1NTExRkE0ODI3MUUxQkFBX2F1ZGlvX2Rhc2hpbml0Lm1wNBUCAsgBEgAoABgAGwKIB3VzZV9vaWwBMRJwcm9ncmVzc2l2ZV9yZWNpcGUBMRUAACb09oLDnsjqBBUCKAJDMywXQEQqn752yLQYGWRhc2hfaDI2NC1iYXNpYy1nZW4yXzcyMHARAHUAZbaeAQA&_nc_gid=CyeMR8wrfECkdT1MKRhNpg&_nc_ss=7f289&_nc_zt=28&oh=00_AQCT-O0_i-KfFBnCR-D0E60qlSnnguLWOqI4TrhQG0shzw&oe=6A57E227,https://scontent.fblr20-4.fna.fbcdn.net/v/t39.35426-6/741670575_1407444624739070_2278661106660277446_n.jpg?_nc_cat=106&ccb=1-7&_nc_sid=c53f8f&_nc_ohc=ASwJrcoKn0oQ7kNvwF3SAFu&_nc_oc=Adr_yH4OOTNHdd1868bUfllX1RvDguh-JFbCH1VBrJDC8mMG8tzwQm4LhCSQfhcp94g8MAJ_xDxlrdvJtYHHyIkv&_nc_zt=14&_nc_ht=scontent.fblr20-4.fna&_nc_gid=CyeMR8wrfECkdT1MKRhNpg&_nc_ss=7f289&oh=00_AQCsxtpYfD34CUwKJUy3XCijnfE-5PaWrlMub3RvK55Kfw&oe=6A57F695,2026-07-15T19:40:23.000Z,2026-07-11,https://pub-893b4a6a607b4221a894bf861da7914e.r2.dev/879066984787795.mp4
166,160,Lingo AI,599204246602758,Lingo AI,,IN,1036575242203841,https://www.facebook.com/ads/library/?id=1036575242203841,2026-07-09,,false,false,1,0,,2026-07-09,,"🌟 Want to improve your English? 
📱 Learn anytime in just minutes a day 
💬 Build real speaking confidence 
👉 Download now",👉 Download now,Download,https://speaklearnfrenchlingoai.onelink.me/Y67n?pid=metaweb_int&c={{campaign.name}}&af_c_id={{campaign.id}}&af_adset={{adset.name}}&af_adset_id={{adset.id}}&af_ad={{ad.name}}&af_ad_id={{ad.id}}&af_siteid={{site_source_name}},"Facebook,Instagram,Audience Network,Messenger,Threads","🌟 Want to improve your English? 
📱 Learn anytime in just minutes a day 
💬 Build real speaking confidence 
👉 Download now",👉 Download now,Download,https://speaklearnfrenchlingoai.onelink.me/Y67n?pid=metaweb_int&c={{campaign.name}}&af_c_id={{campaign.id}}&af_adset={{adset.name}}&af_adset_id={{adset.id}}&af_ad={{ad.name}}&af_ad_id={{ad.id}}&af_siteid={{site_source_name}},Video,"Facebook,Instagram,Audience Network,Messenger,Threads",1,0,9:16,https://video.fblr20-2.fna.fbcdn.net/o1/v/t2/f2/m366/AQOIdduyZmm3y5DTN-gr-tFUjrzFLZH63MGMvibLmntEHL0DFxUs27g8sPZhhq0-xh-2WyJ8a5D5oP4stWimxcAIK3hKoTD9_pkV2FjO2i3KNA.mp4?_nc_cat=102&_nc_oc=AdqoZw2NjHP5wfgJv-ksZpYYohtzobqLCC_HAcB9BP8m8afyLKbxfIyD_zRTzMSQuqlZtvdvvdaoiDj2PRy-WEnO&_nc_sid=b66105&_nc_ht=video.fblr20-2.fna.fbcdn.net&_nc_ohc=yIjuSr_FF9MQ7kNvwE-DIdX&efg=eyJ2ZW5jb2RlX3RhZyI6Inhwdl9wcm9ncmVzc2l2ZS5WSV9VU0VDQVNFX1BST0RVQ1RfVFlQRS4uQzMuNjA4LmRhc2hfaDI2NC1iYXNpYy1nZW4yXzcyMHAiLCJ4cHZfYXNzZXRfaWQiOjE3ODg2ODI0OTIyOTQxOTUsImFzc2V0X2FnZV9kYXlzIjoyNCwidmlfdXNlY2FzZV9pZCI6MTAxMzksImR1cmF0aW9uX3MiOjQxLCJ1cmxnZW5fc291cmNlIjoid3d3In0%3D&ccb=17-1&vs=4ad9a7b9e5aa21d9&_nc_vs=HBksFQIYRWZiX2VwaGVtZXJhbC9CRjRENENBQkNCRTc1N0E4MEZERkJEQjI3RTg3OUQ4OV9tdF8xX3ZpZGVvX2Rhc2hpbml0Lm1wNBUAAsgBEgAVAhhAZmJfcGVybWFuZW50L0I5NEQzOEZCMDVERTEyQjMxMTlBNzhFNENERTlCNUI3X2F1ZGlvX2Rhc2hpbml0Lm1wNBUCAsgBEgAoABgAGwKIB3VzZV9vaWwBMRJwcm9ncmVzc2l2ZV9yZWNpcGUBMRUAACbm0I2Jg7OtBhUCKAJDMywXQET7peNT988YGWRhc2hfaDI2NC1iYXNpYy1nZW4yXzcyMHARAHUAZbaeAQA&_nc_gid=CyeMR8wrfECkdT1MKRhNpg&_nc_ss=7f289&_nc_zt=28&oh=00_AQDfndKjN4uvzINq3cAYKNR-UVvG3zSCyv0LNk0PJOGHEA&oe=6A57DCA2,https://scontent.fblr20-3.fna.fbcdn.net/v/t39.35426-6/738677917_1343132958000398_8793947086304069100_n.jpg?_nc_cat=100&ccb=1-7&_nc_sid=c53f8f&_nc_aid=0&_nc_ohc=skEayoa5B60Q7kNvwFR4h43&_nc_oc=Adp-l5j3FIv6dGI0sHC0ZCbnKm9UhHhkLg5g3mdlzFJz7CKafMkcvLefM1_d4qXBotwSJIUn5Wi5O8W_UkRpzbWT&_nc_zt=14&_nc_ht=scontent.fblr20-3.fna&_nc_gid=CyeMR8wrfECkdT1MKRhNpg&_nc_ss=7f289&oh=00_AQBOqrkrCaCPQMVQgNtuMq07J5oFr796SBb_bF5nAs8MkQ&oe=6A57DD89,2026-07-15T19:16:50.000Z,2026-07-11,https://pub-893b4a6a607b4221a894bf861da7914e.r2.dev/1036575242203841.mp4
167,161,Lingo AI,599204246602758,Lingo AI,,IN,1077103504746451,https://www.facebook.com/ads/library/?id=1077103504746451,2026-07-08,,false,false,1,0,,2026-07-08,,"🌟 Want to improve your English? 
📱 Learn anytime in just minutes a day 
💬 Build real speaking confidence 
👉 Download now",👉 Download now,Download,https://speaklearnfrenchlingoai.onelink.me/Y67n?pid=metaweb_int&c={{campaign.name}}&af_c_id={{campaign.id}}&af_adset={{adset.name}}&af_adset_id={{adset.id}}&af_ad={{ad.name}}&af_ad_id={{ad.id}}&af_siteid={{site_source_name}},"Facebook,Instagram,Audience Network,Messenger,Threads","🌟 Want to improve your English? 
📱 Learn anytime in just minutes a day 
💬 Build real speaking confidence 
👉 Download now",👉 Download now,Download,https://speaklearnfrenchlingoai.onelink.me/Y67n?pid=metaweb_int&c={{campaign.name}}&af_c_id={{campaign.id}}&af_adset={{adset.name}}&af_adset_id={{adset.id}}&af_ad={{ad.name}}&af_ad_id={{ad.id}}&af_siteid={{site_source_name}},Video,"Facebook,Instagram,Audience Network,Messenger,Threads",1,0,9:16,https://video.fblr20-1.fna.fbcdn.net/o1/v/t2/f2/m366/AQONOtekhBwocSlQ0vdcAkOHLPlfyfOOGCXioa4-sAnb5uAyB6lRYrT3WLobpoeFAael-VtyGV51doZ_OfM52Ui_U9wval1JYM45FHDUjA0IYg.mp4?_nc_cat=110&_nc_oc=Adpk2Y14FjjNONnBt-gNW6Pw13RJeEbPgXo2FzIM2gPXr8xHw7UGm0YIh_A0A73eiWno0vNyg4C-0OonvXi7OvNh&_nc_sid=b66105&_nc_ht=video.fblr20-1.fna.fbcdn.net&_nc_ohc=DMc4T_gdds8Q7kNvwGbuxeZ&efg=eyJ2ZW5jb2RlX3RhZyI6Inhwdl9wcm9ncmVzc2l2ZS5WSV9VU0VDQVNFX1BST0RVQ1RfVFlQRS4uQzMuNzIwLmRhc2hfaDI2NC1iYXNpYy1nZW4yXzcyMHAiLCJ4cHZfYXNzZXRfaWQiOjE1NTM4OTU4ODk0NjcyMjMsImFzc2V0X2FnZV9kYXlzIjo0LCJ2aV91c2VjYXNlX2lkIjoxMDEzOSwiZHVyYXRpb25fcyI6MjUsInVybGdlbl9zb3VyY2UiOiJ3d3cifQ%3D%3D&ccb=17-1&vs=5787bdbced50bfd3&_nc_vs=HBksFQIYRWZiX2VwaGVtZXJhbC83QzQyNzY0QjkxNjAyQ0Y5ODE3Q0VDRDY1NjE2M0ZBRF9tdF8xX3ZpZGVvX2Rhc2hpbml0Lm1wNBUAAsgBEgAVAhhAZmJfcGVybWFuZW50LzJENDk4RTQ1QzdFQjZBQkFEMzJFOEY4QzZCRDdBQUE4X2F1ZGlvX2Rhc2hpbml0Lm1wNBUCAsgBEgAoABgAGwKIB3VzZV9vaWwBMRJwcm9ncmVzc2l2ZV9yZWNpcGUBMRUAACau3ZPI0tDCBRUCKAJDMywXQDkqfvnbItEYGWRhc2hfaDI2NC1iYXNpYy1nZW4yXzcyMHARAHUAZbaeAQA&_nc_gid=CyeMR8wrfECkdT1MKRhNpg&_nc_ss=7f289&_nc_zt=28&oh=00_AQB1H8g63WNPG72WNCfM6WHD845s0u_2EiFkyED2pzwVKQ&oe=6A57F26A,https://scontent.fblr20-5.fna.fbcdn.net/v/t39.35426-6/741258379_1531206677868094_6060539223999373437_n.jpg?_nc_cat=107&ccb=1-7&_nc_sid=c53f8f&_nc_ohc=jF52Z19tu5gQ7kNvwGmqKfk&_nc_oc=AdqWugXpu2dLSXbtENvCGCLfS7Ism186K0uuw1iXALrhgDXOffoLRXwj06NDKYydho7apYKpEx7l_elai1aox8al&_nc_zt=14&_nc_ht=scontent.fblr20-5.fna&_nc_gid=CyeMR8wrfECkdT1MKRhNpg&_nc_ss=7f289&oh=00_AQAtG2XCN8KhgLnYEg9z6SLufeX8s80gK6lEHqLXnWDgyQ&oe=6A57E4AB,2026-07-15T20:49:46.000Z,2026-07-11,https://pub-893b4a6a607b4221a894bf861da7914e.r2.dev/1077103504746451.mp4
168,162,Lingo AI,599204246602758,Lingo AI,,IN,1078811787841101,https://www.facebook.com/ads/library/?id=1078811787841101,2026-07-08,,false,false,1,0,,2026-07-08,,"🌟 Quer melhorar o seu inglês?
📱 Aprenda a qualquer hora em apenas alguns minutos por dia
💬 Ganhe confiança para falar inglês de verdade
👉 Baixe agora",👉 Baixe agora,Download,https://speaklearnfrenchlingoai.onelink.me/Y67n?pid=metaweb_int&c={{campaign.name}}&af_c_id={{campaign.id}}&af_adset={{adset.name}}&af_adset_id={{adset.id}}&af_ad={{ad.name}}&af_ad_id={{ad.id}}&af_siteid={{site_source_name}},"Facebook,Instagram,Audience Network,Messenger,Threads","🌟 Quer melhorar o seu inglês?
📱 Aprenda a qualquer hora em apenas alguns minutos por dia
💬 Ganhe confiança para falar inglês de verdade
👉 Baixe agora",👉 Baixe agora,Download,https://speaklearnfrenchlingoai.onelink.me/Y67n?pid=metaweb_int&c={{campaign.name}}&af_c_id={{campaign.id}}&af_adset={{adset.name}}&af_adset_id={{adset.id}}&af_ad={{ad.name}}&af_ad_id={{ad.id}}&af_siteid={{site_source_name}},Video,"Facebook,Instagram,Audience Network,Messenger,Threads",1,0,9:16,https://video.fblr20-2.fna.fbcdn.net/o1/v/t2/f2/m366/AQM_IuEMzjNT77sSN_V8ZLBk4M_8qXWJtpvzh8VH1JB88Gz50tTsGG37nRssLHK8fTFCLoRtH-xNLRPDYQC9s5XJ-ZF_fG-wEzsdGY54vbiyPw.mp4?_nc_cat=104&_nc_oc=AdrQ1Y_CXRbcaiHI_rnsqiP9gFl9jXNQeNFjZpxnFIsfqdpFN2bo7j4r2_sXYBlltfFGJytIcJD0sbM0Bfn7v_ZM&_nc_sid=b66105&_nc_ht=video.fblr20-2.fna.fbcdn.net&_nc_ohc=8ZimfMgk5VgQ7kNvwGuaGVK&efg=eyJ2ZW5jb2RlX3RhZyI6Inhwdl9wcm9ncmVzc2l2ZS5WSV9VU0VDQVNFX1BST0RVQ1RfVFlQRS4uQzMuNjA4LmRhc2hfaDI2NC1iYXNpYy1nZW4yXzcyMHAiLCJ4cHZfYXNzZXRfaWQiOjM3MDE4Mzc3ODk5NTczODcsImFzc2V0X2FnZV9kYXlzIjoyLCJ2aV91c2VjYXNlX2lkIjoxMDEzOSwiZHVyYXRpb25fcyI6MzMsInVybGdlbl9zb3VyY2UiOiJ3d3cifQ%3D%3D&ccb=17-1&vs=c1730117903c3651&_nc_vs=HBksFQIYRWZiX2VwaGVtZXJhbC9DNTQ1QjMyRDI0NUFGMDY1MzY0MzU3RjMzNkIxRUQ5OV9tdF8xX3ZpZGVvX2Rhc2hpbml0Lm1wNBUAAsgBEgAVAhhAZmJfcGVybWFuZW50L0Q2NEU1QzgzNTgyMzI1RERDNTUwRUY2QTA3QjhENDgxX2F1ZGlvX2Rhc2hpbml0Lm1wNBUCAsgBEgAoABgAGwKIB3VzZV9vaWwBMRJwcm9ncmVzc2l2ZV9yZWNpcGUBMRUAACaWtOTnqLOTDRUCKAJDMywXQED3bItDlYEYGWRhc2hfaDI2NC1iYXNpYy1nZW4yXzcyMHARAHUAZbaeAQA&_nc_gid=CyeMR8wrfECkdT1MKRhNpg&_nc_ss=7f289&_nc_zt=28&oh=00_AQABnvV_rFfgGNv3L28bD-TDho-6_9rSKRfkIJzP1vSvPQ&oe=6A57D1A4,https://scontent.fblr20-5.fna.fbcdn.net/v/t39.35426-6/742530949_2136307057315000_8052887633055599055_n.jpg?_nc_cat=107&ccb=1-7&_nc_sid=c53f8f&_nc_ohc=zqUkZpUKk3AQ7kNvwECPIXP&_nc_oc=AdqqZGBr27hN9c65e37pwGQR1BuiZl1jqK6wmYnlgMhoGG8PgFVu497OQWH4UWFDLN97SDgsmweGbUCx18Sm-eOU&_nc_zt=14&_nc_ht=scontent.fblr20-5.fna&_nc_gid=CyeMR8wrfECkdT1MKRhNpg&_nc_ss=7f289&oh=00_AQBjhJQnMZsuqYg8CwGWtk5zKtX2uvDjlP-a882GPpxR2A&oe=6A57D5EF,2026-07-15T18:29:56.000Z,2026-07-11,https://pub-893b4a6a607b4221a894bf861da7914e.r2.dev/1078811787841101.mp4
169,163,Lingo AI,599204246602758,Lingo AI,,IN,1360591792698190,https://www.facebook.com/ads/library/?id=1360591792698190,2026-07-09,,true,false,1,0,,2026-07-09,,"🌍 Learn real English for everyday life 
🗣 Practice speaking with simple lessons 
⏱ Just 5 minutes a day 
👉 Download now",👉 Download now,Download,https://speaklearnfrenchlingoai.onelink.me/Y67n?pid=metaweb_int&c={{campaign.name}}&af_c_id={{campaign.id}}&af_adset={{adset.name}}&af_adset_id={{adset.id}}&af_ad={{ad.name}}&af_ad_id={{ad.id}}&af_siteid={{site_source_name}},"Facebook,Instagram,Audience Network,Messenger,Threads","🌍 Learn real English for everyday life 
🗣 Practice speaking with simple lessons 
⏱ Just 5 minutes a day 
👉 Download now",👉 Download now,Download,https://speaklearnfrenchlingoai.onelink.me/Y67n?pid=metaweb_int&c={{campaign.name}}&af_c_id={{campaign.id}}&af_adset={{adset.name}}&af_adset_id={{adset.id}}&af_ad={{ad.name}}&af_ad_id={{ad.id}}&af_siteid={{site_source_name}},Video,"Facebook,Instagram,Audience Network,Messenger,Threads",1,0,9:16,https://video.fblr20-1.fna.fbcdn.net/o1/v/t2/f2/m366/AQOxhe4PcfaGMpp3X_vr8to11jvt2gpUkidYmlHaf4v4KR28EBun6Mc-nBPCkKlaX8a3cz-3YZ68DHj8TfaxTTuem0SQsa7NLNnmQIMYvvKnfg.mp4?_nc_cat=110&_nc_oc=AdrNJ6_8PWWJ5y7B5KC70Sb5WrFRXQYC2GTTLYoWTCh3M92quNqkMvByU2dFSYK14zjhSv2zz4wUkjmfRFoDFxxS&_nc_sid=b66105&_nc_ht=video.fblr20-1.fna.fbcdn.net&_nc_ohc=hPXmTsvfZ6AQ7kNvwHHM2Hw&efg=eyJ2ZW5jb2RlX3RhZyI6Inhwdl9wcm9ncmVzc2l2ZS5WSV9VU0VDQVNFX1BST0RVQ1RfVFlQRS4uQzMuNzIwLmRhc2hfaDI2NC1iYXNpYy1nZW4yXzcyMHAiLCJ4cHZfYXNzZXRfaWQiOjE0MzY1Njg4NDgyNzk3ODAsImFzc2V0X2FnZV9kYXlzIjo0LCJ2aV91c2VjYXNlX2lkIjoxMDEzOSwiZHVyYXRpb25fcyI6MzEsInVybGdlbl9zb3VyY2UiOiJ3d3cifQ%3D%3D&ccb=17-1&vs=5faadb95ae6a4052&_nc_vs=HBksFQIYRWZiX2VwaGVtZXJhbC8xRTQ4MTM0NjdGQkZGMzlCRjYxNTkyOTcyMTc0QjY4Ml9tdF8xX3ZpZGVvX2Rhc2hpbml0Lm1wNBUAAsgBEgAVAhhAZmJfcGVybWFuZW50LzNFNDFFMDEyNkI4RTkwRTNEQzVENDUxRjJFNzQ2Njk0X2F1ZGlvX2Rhc2hpbml0Lm1wNBUCAsgBEgAoABgAGwKIB3VzZV9vaWwBMRJwcm9ncmVzc2l2ZV9yZWNpcGUBMRUAACbIo63-p6ONBRUCKAJDMywXQD_dsi0OVgQYGWRhc2hfaDI2NC1iYXNpYy1nZW4yXzcyMHARAHUAZbaeAQA&_nc_gid=CyeMR8wrfECkdT1MKRhNpg&_nc_ss=7f289&_nc_zt=28&oh=00_AQAlhzD_249cdPyC9CJhzsAzwf3yDgDaT6mRmj_XBzik6g&oe=6A57D64A,https://scontent.fblr20-3.fna.fbcdn.net/v/t39.35426-6/741324579_1011413868426362_2917780859446266767_n.jpg?_nc_cat=100&ccb=1-7&_nc_sid=c53f8f&_nc_ohc=cDa-jsvstg8Q7kNvwEMLvws&_nc_oc=Adrj7bIQAsPWv_i6qErCpOT8ckC5eZXDqHFOvQQJa9CvOgdphtHkn0L0Ev0lYA0culYqgGuMFbgBTWw1mqg9iUt9&_nc_zt=14&_nc_ht=scontent.fblr20-3.fna&_nc_gid=CyeMR8wrfECkdT1MKRhNpg&_nc_ss=7f289&oh=00_AQAyT5RGagF43XTsmFX4fyeMb_fNELd8xA2VBpftJl8-aQ&oe=6A57EC0E,2026-07-15T18:49:46.000Z,2026-07-11,https://pub-893b4a6a607b4221a894bf861da7914e.r2.dev/1360591792698190.mp4
170,164,Lingo AI,599204246602758,Lingo AI,,IN,1476996661108631,https://www.facebook.com/ads/library/?id=1476996661108631,2026-07-09,,true,false,1,0,,2026-07-09,,"🌍 Learn real English for everyday life 
🗣 Practice speaking with simple lessons 
⏱ Just 5 minutes a day 
👉 Download now",👉 Download now,Download,https://speaklearnfrenchlingoai.onelink.me/Y67n?pid=metaweb_int&c={{campaign.name}}&af_c_id={{campaign.id}}&af_adset={{adset.name}}&af_adset_id={{adset.id}}&af_ad={{ad.name}}&af_ad_id={{ad.id}}&af_siteid={{site_source_name}},"Facebook,Instagram,Audience Network,Messenger,Threads","🌍 Learn real English for everyday life 
🗣 Practice speaking with simple lessons 
⏱ Just 5 minutes a day 
👉 Download now",👉 Download now,Download,https://speaklearnfrenchlingoai.onelink.me/Y67n?pid=metaweb_int&c={{campaign.name}}&af_c_id={{campaign.id}}&af_adset={{adset.name}}&af_adset_id={{adset.id}}&af_ad={{ad.name}}&af_ad_id={{ad.id}}&af_siteid={{site_source_name}},Video,"Facebook,Instagram,Audience Network,Messenger,Threads",1,0,9:16,https://video.fblr20-3.fna.fbcdn.net/o1/v/t2/f2/m366/AQM4YRlSz3534cHQ03nAkcdp-jWn9PQ71u6AUYi1QbggWER5CaI2qybZfpIKXGKygrICK5-o7Bel6KPxF2h8xK2a-oZ8wdu2BXWdzBAAaJJWMw.mp4?_nc_cat=109&_nc_oc=AdpjdCrSJAJE_OD5V6ipzr_xWv1pojNUycPcSgK9rUD9dZiVTZ61MCngGNn1w4Thp9sJjtpdaxf9BmogA7cMVegd&_nc_sid=b66105&_nc_ht=video.fblr20-3.fna.fbcdn.net&_nc_ohc=MV8pMNEDvsQQ7kNvwFtuUbw&efg=eyJ2ZW5jb2RlX3RhZyI6Inhwdl9wcm9ncmVzc2l2ZS5WSV9VU0VDQVNFX1BST0RVQ1RfVFlQRS4uQzMuNzIwLmRhc2hfaDI2NC1iYXNpYy1nZW4yXzcyMHAiLCJ4cHZfYXNzZXRfaWQiOjEwMzkwNTIwNDg4ODQ3NDgsImFzc2V0X2FnZV9kYXlzIjo0LCJ2aV91c2VjYXNlX2lkIjoxMDEzOSwiZHVyYXRpb25fcyI6MzgsInVybGdlbl9zb3VyY2UiOiJ3d3cifQ%3D%3D&ccb=17-1&vs=4179e92d70dfe8e8&_nc_vs=HBksFQIYRWZiX2VwaGVtZXJhbC9GRjRDQjgxMzI5MTBDMTcyRDU4OEVEQ0FDOUZGNzM4Ql9tdF8xX3ZpZGVvX2Rhc2hpbml0Lm1wNBUAAsgBEgAVAhhAZmJfcGVybWFuZW50L0JGNEJFMzBGMDFCMzk3RUE5QzRBNjI2Q0I0QjJCQjg1X2F1ZGlvX2Rhc2hpbml0Lm1wNBUCAsgBEgAoABgAGwKIB3VzZV9vaWwBMRJwcm9ncmVzc2l2ZV9yZWNpcGUBMRUAACaYkLeE5cDYAxUCKAJDMywXQENiDEm6XjUYGWRhc2hfaDI2NC1iYXNpYy1nZW4yXzcyMHARAHUAZbaeAQA&_nc_gid=CyeMR8wrfECkdT1MKRhNpg&_nc_ss=7f289&_nc_zt=28&oh=00_AQD4-8MpAar1c-3EuHjj8QqxscY47hZWXYfg1CRnj9YbiQ&oe=6A57FDE7,https://scontent.fblr20-3.fna.fbcdn.net/v/t39.35426-6/739774039_4448336838779918_2490283192118322452_n.jpg?_nc_cat=100&ccb=1-7&_nc_sid=c53f8f&_nc_ohc=XW_QB_c_mj8Q7kNvwFDTBIH&_nc_oc=AdrjeoJx47Kd6abz-iz0FOFaK_bKdi2pVaorq6fpC_WqV9skIR3-01RAtdTAWNe8OiY1xyrwudcLla9dL6ccVeJy&_nc_zt=14&_nc_ht=scontent.fblr20-3.fna&_nc_gid=CyeMR8wrfECkdT1MKRhNpg&_nc_ss=7f289&oh=00_AQCJmXkzV9xSYCDZyBbPSEyCj5ZLmwh_3LOuoNei1NQ3mg&oe=6A57D3AF,2026-07-15T21:38:47.000Z,2026-07-11,https://pub-893b4a6a607b4221a894bf861da7914e.r2.dev/1476996661108631.mp4
171,165,Lingo AI,599204246602758,Lingo AI,,IN,1539898520838626,https://www.facebook.com/ads/library/?id=1539898520838626,2026-07-09,,false,false,1,0,,2026-07-09,,"🌍 Learn real English for everyday life 
🗣 Practice speaking with simple lessons 
⏱ Just 5 minutes a day 
👉 Download now",👉 Download now,Download,https://speaklearnfrenchlingoai.onelink.me/Y67n?pid=metaweb_int&c={{campaign.name}}&af_c_id={{campaign.id}}&af_adset={{adset.name}}&af_adset_id={{adset.id}}&af_ad={{ad.name}}&af_ad_id={{ad.id}}&af_siteid={{site_source_name}},"Facebook,Instagram,Audience Network,Messenger,Threads","🌍 Learn real English for everyday life 
🗣 Practice speaking with simple lessons 
⏱ Just 5 minutes a day 
👉 Download now",👉 Download now,Download,https://speaklearnfrenchlingoai.onelink.me/Y67n?pid=metaweb_int&c={{campaign.name}}&af_c_id={{campaign.id}}&af_adset={{adset.name}}&af_adset_id={{adset.id}}&af_ad={{ad.name}}&af_ad_id={{ad.id}}&af_siteid={{site_source_name}},Video,"Facebook,Instagram,Audience Network,Messenger,Threads",1,0,9:16,https://video.fblr20-2.fna.fbcdn.net/o1/v/t2/f2/m366/AQOvxTVl_klpCO4Cdu5WFIzuvPkJ55JEgs8Nz2AyIMDCRmvSVzuNXAabPc8bMyQmqmG8lOLCuw60bXbgnk21wX8Y5VLK-pVsOmIW6ImCAwRJoQ.mp4?_nc_cat=102&_nc_oc=AdrspnHFEOiuklv1e8fU-2ymJ9OpxZthLBdkKCDpnTzFIbZ00ZsOAb8iRzzzcie7W1RW5CrZkNzgtMn-nrVZphkP&_nc_sid=b66105&_nc_ht=video.fblr20-2.fna.fbcdn.net&_nc_ohc=Za07TanoLesQ7kNvwEx83qt&efg=eyJ2ZW5jb2RlX3RhZyI6Inhwdl9wcm9ncmVzc2l2ZS5WSV9VU0VDQVNFX1BST0RVQ1RfVFlQRS4uQzMuNzIwLmRhc2hfaDI2NC1iYXNpYy1nZW4yXzcyMHAiLCJ4cHZfYXNzZXRfaWQiOjE4MTQ4MzU0Njk0OTMzMjIsImFzc2V0X2FnZV9kYXlzIjo0LCJ2aV91c2VjYXNlX2lkIjoxMDEzOSwiZHVyYXRpb25fcyI6NDUsInVybGdlbl9zb3VyY2UiOiJ3d3cifQ%3D%3D&ccb=17-1&vs=a2d131e2713d680e&_nc_vs=HBksFQIYRWZiX2VwaGVtZXJhbC80NDRBQjk3NzE4MTZCRDEzQzU2QUEwRDg3OTg1NkZCOF9tdF8xX3ZpZGVvX2Rhc2hpbml0Lm1wNBUAAsgBEgAVAhhAZmJfcGVybWFuZW50LzIwNEIxQUI1OEZGNDU5OUFDMzY2QzREMTM5Qzc0QUE1X2F1ZGlvX2Rhc2hpbml0Lm1wNBUCAsgBEgAoABgAGwKIB3VzZV9vaWwBMRJwcm9ncmVzc2l2ZV9yZWNpcGUBMRUAACaUkeH3qaW5BhUCKAJDMywXQEau2RaHKwIYGWRhc2hfaDI2NC1iYXNpYy1nZW4yXzcyMHARAHUAZbaeAQA&_nc_gid=Bgah_oR57zek7y-xDwHoHw&_nc_ss=7f289&_nc_zt=28&oh=00_AQAJuvKNUBfYYFBL1fk0swvr3-Z9w69qJ31KK5OFMibZsw&oe=6A57FEEE,https://scontent.fblr20-4.fna.fbcdn.net/v/t39.35426-6/738759161_3390427697804618_535527752394466979_n.jpg?_nc_cat=101&ccb=1-7&_nc_sid=c53f8f&_nc_ohc=yNGM-UfeNKMQ7kNvwHLkT9-&_nc_oc=Ado3jL8r5nSz4upznYdxQlf-VVyl97ymm0-uyzr02uZjzow-RP-KuMBKmy3_yMs4eWwywWv6XmRrKCTn4lBNdYJh&_nc_zt=14&_nc_ht=scontent.fblr20-4.fna&_nc_gid=Bgah_oR57zek7y-xDwHoHw&_nc_ss=7f289&oh=00_AQBv516H_eycubZjjUnumzuZZDItO0nHursIBtz92foVjw&oe=6A57CBD5,2026-07-15T21:43:10.000Z,2026-07-11,https://pub-893b4a6a607b4221a894bf861da7914e.r2.dev/1539898520838626.mp4
172,166,Lingo AI,599204246602758,Lingo AI,,IN,1566755251808699,https://www.facebook.com/ads/library/?id=1566755251808699,2026-07-09,,true,false,1,0,,2026-07-09,,"🌟 Want to improve your English? 
📱 Learn anytime in just minutes a day 
💬 Build real speaking confidence 
👉 Download now",👉 Download now,Download,https://speaklearnfrenchlingoai.onelink.me/Y67n?pid=metaweb_int&c={{campaign.name}}&af_c_id={{campaign.id}}&af_adset={{adset.name}}&af_adset_id={{adset.id}}&af_ad={{ad.name}}&af_ad_id={{ad.id}}&af_siteid={{site_source_name}},"Facebook,Instagram,Audience Network,Messenger,Threads","🌟 Want to improve your English? 
📱 Learn anytime in just minutes a day 
💬 Build real speaking confidence 
👉 Download now",👉 Download now,Download,https://speaklearnfrenchlingoai.onelink.me/Y67n?pid=metaweb_int&c={{campaign.name}}&af_c_id={{campaign.id}}&af_adset={{adset.name}}&af_adset_id={{adset.id}}&af_ad={{ad.name}}&af_ad_id={{ad.id}}&af_siteid={{site_source_name}},Video,"Facebook,Instagram,Audience Network,Messenger,Threads",1,0,9:16,https://video.fblr20-2.fna.fbcdn.net/o1/v/t2/f2/m366/AQPP5geLVaU2h4IT_7UYb8djFqOSrta1YCYFgmUPHHyDLqz-2dN9wgftKduE0UHuUtAoqPphnDvknO-ziOKXgHyCNxmZiPsJGD6fKBnD2zfNBg.mp4?_nc_cat=111&_nc_oc=AdpA1dsFd7OrmumVU1DfvfZWETt1lnUJRRceZajy4TvxR8wOfOsh53nup1NXZCLfrYjJ46dggCeQR1AP-_3V7A-U&_nc_sid=b66105&_nc_ht=video.fblr20-2.fna.fbcdn.net&_nc_ohc=EMuVW7g6efYQ7kNvwF4aLJN&efg=eyJ2ZW5jb2RlX3RhZyI6Inhwdl9wcm9ncmVzc2l2ZS5WSV9VU0VDQVNFX1BST0RVQ1RfVFlQRS4uQzMuNjA4LmRhc2hfaDI2NC1iYXNpYy1nZW4yXzcyMHAiLCJ4cHZfYXNzZXRfaWQiOjE3Mjg3ODEyMzE1MDM4ODUsImFzc2V0X2FnZV9kYXlzIjoyNCwidmlfdXNlY2FzZV9pZCI6MTAxMzksImR1cmF0aW9uX3MiOjM4LCJ1cmxnZW5fc291cmNlIjoid3d3In0%3D&ccb=17-1&vs=3dec0d3fa706d207&_nc_vs=HBksFQIYRWZiX2VwaGVtZXJhbC82QzQ5NkQ2MkM1QzZDRURBNEExMDY5NTgzODlDMUQ4NF9tdF8xX3ZpZGVvX2Rhc2hpbml0Lm1wNBUAAsgBEgAVAhhAZmJfcGVybWFuZW50LzA1NDY4NEQ2MDQ1NTZEODlEQ0UyRDJENTVGQjk0OEEyX2F1ZGlvX2Rhc2hpbml0Lm1wNBUCAsgBEgAoABgAGwKIB3VzZV9vaWwBMRJwcm9ncmVzc2l2ZV9yZWNpcGUBMRUAACaa6JXzp5SSBhUCKAJDMywXQENEOVgQYk4YGWRhc2hfaDI2NC1iYXNpYy1nZW4yXzcyMHARAHUAZbaeAQA&_nc_gid=Bgah_oR57zek7y-xDwHoHw&_nc_ss=7f289&_nc_zt=28&oh=00_AQAmnlo8ozEpwAgrnteYDlBgZU_wKWu4rAq5VnyRGPXydg&oe=6A57C879,https://scontent.fblr20-4.fna.fbcdn.net/v/t39.35426-6/739012793_1516965937112298_2478735188604663938_n.jpg?_nc_cat=103&ccb=1-7&_nc_sid=c53f8f&_nc_ohc=n8qF5bxiH6EQ7kNvwFH2FQu&_nc_oc=AdpXKuVWyv6RJ_DiDVGFWDATfHt81hjpT7IlO9IScsuKLUPhyivgcwiTxPh9jIWdvh0NdVdxvKqUsBbu81Je5l-z&_nc_zt=14&_nc_ht=scontent.fblr20-4.fna&_nc_gid=Bgah_oR57zek7y-xDwHoHw&_nc_ss=7f289&oh=00_AQCyMvja0A1JED6XmkBKLSSHS1IikFDMq0000tn06gFNnQ&oe=6A57DBFB,2026-07-15T17:50:49.000Z,2026-07-11,https://pub-893b4a6a607b4221a894bf861da7914e.r2.dev/1566755251808699.mp4
173,167,Lingo AI,599204246602758,Lingo AI,,IN,1676195966972808,https://www.facebook.com/ads/library/?id=1676195966972808,2026-07-09,,true,false,1,0,,2026-07-09,,"🌟 Want to improve your English? 
📱 Learn anytime in just minutes a day 
💬 Build real speaking confidence 
👉 Download now",👉 Download now,Download,https://speaklearnfrenchlingoai.onelink.me/Y67n?pid=metaweb_int&c={{campaign.name}}&af_c_id={{campaign.id}}&af_adset={{adset.name}}&af_adset_id={{adset.id}}&af_ad={{ad.name}}&af_ad_id={{ad.id}}&af_siteid={{site_source_name}},"Facebook,Instagram,Audience Network,Messenger,Threads","🌟 Want to improve your English? 
📱 Learn anytime in just minutes a day 
💬 Build real speaking confidence 
👉 Download now",👉 Download now,Download,https://speaklearnfrenchlingoai.onelink.me/Y67n?pid=metaweb_int&c={{campaign.name}}&af_c_id={{campaign.id}}&af_adset={{adset.name}}&af_adset_id={{adset.id}}&af_ad={{ad.name}}&af_ad_id={{ad.id}}&af_siteid={{site_source_name}},Video,"Facebook,Instagram,Audience Network,Messenger,Threads",1,0,9:16,https://video.fblr20-1.fna.fbcdn.net/o1/v/t2/f2/m366/AQOxNMtj-_uLAxjmZ56ZNI68LnaXHBPkHjo3OdCtDeB39cqudrHV_nzEO4lB5Why7B2dADw6OVCNCEUwLMKRAzhfNFqGcRWTM6bZW57Qmi18FA.mp4?_nc_cat=110&_nc_oc=AdryK-jpWgUN-6NcNi3a3pkxFu1bntbRkSpr6lICvW73p7udWRztDIZqgW_1tt6dfJjEll7HDb579jJMDQy9uf4W&_nc_sid=b66105&_nc_ht=video.fblr20-1.fna.fbcdn.net&_nc_ohc=39Z3FInXDPIQ7kNvwFx6atX&efg=eyJ2ZW5jb2RlX3RhZyI6Inhwdl9wcm9ncmVzc2l2ZS5WSV9VU0VDQVNFX1BST0RVQ1RfVFlQRS4uQzMuNjA4LmRhc2hfaDI2NC1iYXNpYy1nZW4yXzcyMHAiLCJ4cHZfYXNzZXRfaWQiOjE5MzMzMjA2MjA1MTkzODksImFzc2V0X2FnZV9kYXlzIjo0LCJ2aV91c2VjYXNlX2lkIjoxMDEzOSwiZHVyYXRpb25fcyI6MjksInVybGdlbl9zb3VyY2UiOiJ3d3cifQ%3D%3D&ccb=17-1&vs=4961bfb1083c2c48&_nc_vs=HBksFQIYRWZiX2VwaGVtZXJhbC84QTQ0RUFCMjFGOUVBQUM4Njg2MEU5NzQ2RkM0OUZCMl9tdF8xX3ZpZGVvX2Rhc2hpbml0Lm1wNBUAAsgBEgAVAhhAZmJfcGVybWFuZW50LzU5NEUzRjhBQzQ0NjA3OTFFMTQ2ODNFQUFENUNGREJCX2F1ZGlvX2Rhc2hpbml0Lm1wNBUCAsgBEgAoABgAGwKIB3VzZV9vaWwBMRJwcm9ncmVzc2l2ZV9yZWNpcGUBMRUAACa6v5WNiZbvBhUCKAJDMywXQD3dsi0OVgQYGWRhc2hfaDI2NC1iYXNpYy1nZW4yXzcyMHARAHUAZbaeAQA&_nc_gid=Bgah_oR57zek7y-xDwHoHw&_nc_ss=7f289&_nc_zt=28&oh=00_AQB0tYAB5hFVtmV8NSRAGfdZ0R7vkdSBzfnEUvn53SM2cg&oe=6A57DB1A,https://scontent.fblr20-5.fna.fbcdn.net/v/t39.35426-6/740286304_1551637293358171_3260667175450736670_n.jpg?_nc_cat=107&ccb=1-7&_nc_sid=c53f8f&_nc_ohc=udtKDIh5MXIQ7kNvwFdgds6&_nc_oc=Ado4CjUjyhiLB50G5PyF0kaWpE_NC3WvDpekMMlM5mkaNa05eq0_hXTo5fcT66p7brXwma7clZdResp2Ee_seR2Q&_nc_zt=14&_nc_ht=scontent.fblr20-5.fna&_nc_gid=Bgah_oR57zek7y-xDwHoHw&_nc_ss=7f289&oh=00_AQBM_Sa45_uJJ17WrdIvsmlcf9G5BJjAxycL1Ti4oJftqg&oe=6A57E17E,2026-07-15T19:10:18.000Z,2026-07-11,https://pub-893b4a6a607b4221a894bf861da7914e.r2.dev/1676195966972808.mp4
174,168,Lingo AI,599204246602758,Lingo AI,,IN,3144037579130136,https://www.facebook.com/ads/library/?id=3144037579130136,2026-07-08,,true,false,1,0,,2026-07-08,,"🌟 Want to improve your English? 
📱 Learn anytime in just minutes a day 
💬 Build real speaking confidence 
👉 Download now",👉 Download now,Download,https://speaklearnfrenchlingoai.onelink.me/Y67n?pid=metaweb_int&c={{campaign.name}}&af_c_id={{campaign.id}}&af_adset={{adset.name}}&af_adset_id={{adset.id}}&af_ad={{ad.name}}&af_ad_id={{ad.id}}&af_siteid={{site_source_name}},"Facebook,Instagram,Audience Network,Messenger,Threads","🌟 Want to improve your English? 
📱 Learn anytime in just minutes a day 
💬 Build real speaking confidence 
👉 Download now",👉 Download now,Download,https://speaklearnfrenchlingoai.onelink.me/Y67n?pid=metaweb_int&c={{campaign.name}}&af_c_id={{campaign.id}}&af_adset={{adset.name}}&af_adset_id={{adset.id}}&af_ad={{ad.name}}&af_ad_id={{ad.id}}&af_siteid={{site_source_name}},Video,"Facebook,Instagram,Audience Network,Messenger,Threads",1,0,9:16,https://video.fblr20-1.fna.fbcdn.net/o1/v/t2/f2/m366/AQMpSUZ8zNp5POY7On6Zf9WItQ80EbSXDm2Ir8bOPR2lubc4V-y9Ry0pxJyuwEkiuNBRJ_NIvaF_bY830wn5JsutIqRKb0aEm3575IzPSyGxBw.mp4?_nc_cat=110&_nc_oc=AdoXbnc-CepTKEwq1JdRpwdcWH0qhJJ0scTtQxiulpCjiE7vbrnaw1pfdfndB0VdqmhEEAEh8aS7Zp3kRVNFJA2B&_nc_sid=b66105&_nc_ht=video.fblr20-1.fna.fbcdn.net&_nc_ohc=joW6RlHCLhcQ7kNvwFvYlF_&efg=eyJ2ZW5jb2RlX3RhZyI6Inhwdl9wcm9ncmVzc2l2ZS5WSV9VU0VDQVNFX1BST0RVQ1RfVFlQRS4uQzMuNzIwLmRhc2hfaDI2NC1iYXNpYy1nZW4yXzcyMHAiLCJ4cHZfYXNzZXRfaWQiOjI3NjIyMTM5MTc0MDc3NDg5LCJhc3NldF9hZ2VfZGF5cyI6NCwidmlfdXNlY2FzZV9pZCI6MTAxMzksImR1cmF0aW9uX3MiOjM1LCJ1cmxnZW5fc291cmNlIjoid3d3In0%3D&ccb=17-1&vs=d85957d0e284b0fa&_nc_vs=HBksFQIYRWZiX2VwaGVtZXJhbC81QzQ3QjU3OEE1RkM1MTc2RjFFQUJFQkE0MzRDNEI5Ml9tdF8xX3ZpZGVvX2Rhc2hpbml0Lm1wNBUAAsgBEgAVAhhAZmJfcGVybWFuZW50LzJENEFCQUU4RDNFRTMwNzNFQkU0NjVGNTgxQjM3NEJCX2F1ZGlvX2Rhc2hpbml0Lm1wNBUCAsgBEgAoABgAGwKIB3VzZV9vaWwBMRJwcm9ncmVzc2l2ZV9yZWNpcGUBMRUAACbikMKWjoyRYhUCKAJDMywXQEHAAAAAAAAYGWRhc2hfaDI2NC1iYXNpYy1nZW4yXzcyMHARAHUAZbaeAQA&_nc_gid=Bgah_oR57zek7y-xDwHoHw&_nc_ss=7f289&_nc_zt=28&oh=00_AQDcddK5JToLOE9wRD7V96VbJD52TyA452xgseezFr_G0A&oe=6A57F70E,https://scontent.fblr20-1.fna.fbcdn.net/v/t39.35426-6/741447370_1580195467148613_3262754303299523008_n.jpg?_nc_cat=108&ccb=1-7&_nc_sid=c53f8f&_nc_ohc=WcFyU3UOFo8Q7kNvwEcXFFB&_nc_oc=Adpwoci004MyWugmgGLNsW5JJmXOFGMniza-6FyUE6t-3pKyT3_b3Xivfn5mijf4sffAitKr79o-tpTiVgEJeTeF&_nc_zt=14&_nc_ht=scontent.fblr20-1.fna&_nc_gid=Bgah_oR57zek7y-xDwHoHw&_nc_ss=7f289&oh=00_AQC1cpsEl5fm-ve6_w_peVlIg-hktPG3c4SU5pyver8ong&oe=6A57FF47,2026-07-15T21:09:34.000Z,2026-07-11,https://pub-893b4a6a607b4221a894bf861da7914e.r2.dev/3144037579130136.mp4
175,169,Lingo AI,599204246602758,Lingo AI,,IN,3155628847962719,https://www.facebook.com/ads/library/?id=3155628847962719,2026-07-09,,true,false,1,0,,2026-07-09,,"🌍 Learn real English for everyday life 
🗣 Practice speaking with simple lessons 
⏱ Just 5 minutes a day 
👉 Download now",👉 Download now,Download,https://speaklearnfrenchlingoai.onelink.me/Y67n?pid=metaweb_int&c={{campaign.name}}&af_c_id={{campaign.id}}&af_adset={{adset.name}}&af_adset_id={{adset.id}}&af_ad={{ad.name}}&af_ad_id={{ad.id}}&af_siteid={{site_source_name}},"Facebook,Instagram,Audience Network,Messenger,Threads","🌍 Learn real English for everyday life 
🗣 Practice speaking with simple lessons 
⏱ Just 5 minutes a day 
👉 Download now",👉 Download now,Download,https://speaklearnfrenchlingoai.onelink.me/Y67n?pid=metaweb_int&c={{campaign.name}}&af_c_id={{campaign.id}}&af_adset={{adset.name}}&af_adset_id={{adset.id}}&af_ad={{ad.name}}&af_ad_id={{ad.id}}&af_siteid={{site_source_name}},Video,"Facebook,Instagram,Audience Network,Messenger,Threads",1,0,9:16,https://video.fblr20-4.fna.fbcdn.net/o1/v/t2/f2/m366/AQNszTnpTuyFgUcuS_NkpdMpxNAQT3qXRSQf_ImLmKJzKaXoE333QJbftJyfpPqeJ9Vb1o9VWEUXiwp0USnSzx5DSsJEooLyNY6eDqnjBORxIw.mp4?_nc_cat=101&_nc_oc=AdrCqr56XrGfB_lFee31ajizuru1Gc2gpSMFAkxeWkT_yj4H8Rfp0ltf1HsFAGECfYCdlZ9Zr4ead_rfX7C9lbNl&_nc_sid=b66105&_nc_ht=video.fblr20-4.fna.fbcdn.net&_nc_ohc=6orQ3Qp-xJwQ7kNvwHuXItv&efg=eyJ2ZW5jb2RlX3RhZyI6Inhwdl9wcm9ncmVzc2l2ZS5WSV9VU0VDQVNFX1BST0RVQ1RfVFlQRS4uQzMuNzIwLmRhc2hfaDI2NC1iYXNpYy1nZW4yXzcyMHAiLCJ4cHZfYXNzZXRfaWQiOjEwNjkxMDI0NDYxNzI4MzksImFzc2V0X2FnZV9kYXlzIjo0LCJ2aV91c2VjYXNlX2lkIjoxMDEzOSwiZHVyYXRpb25fcyI6NDgsInVybGdlbl9zb3VyY2UiOiJ3d3cifQ%3D%3D&ccb=17-1&vs=6c40cb739fabcd12&_nc_vs=HBksFQIYRWZiX2VwaGVtZXJhbC8zQzQwODNBNTE5QjQwMDEzNEIyQkE0NTgwODVFMDJCNl9tdF8xX3ZpZGVvX2Rhc2hpbml0Lm1wNBUAAsgBEgAVAhhAZmJfcGVybWFuZW50L0M1NEE3QzVDMjI5RkNERTYyRjFBMzU5QUQ3ODhBMUI0X2F1ZGlvX2Rhc2hpbml0Lm1wNBUCAsgBEgAoABgAGwKIB3VzZV9vaWwBMRJwcm9ncmVzc2l2ZV9yZWNpcGUBMRUAACbO6sL4-ZXmAxUCKAJDMywXQEhqn752yLQYGWRhc2hfaDI2NC1iYXNpYy1nZW4yXzcyMHARAHUAZbaeAQA&_nc_gid=Bgah_oR57zek7y-xDwHoHw&_nc_ss=7f289&_nc_zt=28&oh=00_AQCPP56T6CZ4apZkJEwjRRBWcf8vxfzCIqasBvLcD_Zizg&oe=6A57F9DB,https://scontent.fblr20-4.fna.fbcdn.net/v/t39.35426-6/740437975_2499317967219259_3224523812424701250_n.jpg?_nc_cat=101&ccb=1-7&_nc_sid=c53f8f&_nc_ohc=y8w2JQQJ050Q7kNvwGNQXf1&_nc_oc=AdqTwr0KP-_KSgppC1lXLzjLlhr8JDDQObzCx1RTexdktwLdMTMYfloU3rHrIy5JqjAb5UY5z80Zl_jVipAx8KQQ&_nc_zt=14&_nc_ht=scontent.fblr20-4.fna&_nc_gid=Bgah_oR57zek7y-xDwHoHw&_nc_ss=7f289&oh=00_AQAsN410jzzK9fko8E8zsYQYYpKSYh4UznxZhOnusGFmjQ&oe=6A57CE00,2026-07-15T21:21:31.000Z,2026-07-11,https://pub-893b4a6a607b4221a894bf861da7914e.r2.dev/3155628847962719.mp4
176,170,Lingo AI,599204246602758,Lingo AI,,IN,27530590489886828,https://www.facebook.com/ads/library/?id=27530590489886828,2026-07-08,,true,false,1,0,,2026-07-08,,"🌍 Learn real English for everyday life 
🗣 Practice speaking with simple lessons 
⏱ Just 5 minutes a day 
👉 Download now",👉 Download now,Download,https://speaklearnfrenchlingoai.onelink.me/Y67n?pid=metaweb_int&c={{campaign.name}}&af_c_id={{campaign.id}}&af_adset={{adset.name}}&af_adset_id={{adset.id}}&af_ad={{ad.name}}&af_ad_id={{ad.id}}&af_siteid={{site_source_name}},"Facebook,Instagram,Audience Network,Messenger,Threads","🌍 Learn real English for everyday life 
🗣 Practice speaking with simple lessons 
⏱ Just 5 minutes a day 
👉 Download now",👉 Download now,Download,https://speaklearnfrenchlingoai.onelink.me/Y67n?pid=metaweb_int&c={{campaign.name}}&af_c_id={{campaign.id}}&af_adset={{adset.name}}&af_adset_id={{adset.id}}&af_ad={{ad.name}}&af_ad_id={{ad.id}}&af_siteid={{site_source_name}},Video,"Facebook,Instagram,Audience Network,Messenger,Threads",1,0,9:16,https://video.fblr20-3.fna.fbcdn.net/o1/v/t2/f2/m366/AQNoNVOckRO0QQWXkZ5Qys1SdEI9pPeHmTkoYOzmorHNlwmFDDKzpBCLJUUG7kKs2llrnFNI9Yx-DRVb4pjpoWB3uBC97R0MNx_ltcJVxE_FSw.mp4?_nc_cat=105&_nc_oc=Adr81rQrI32Vva-RcgvBi9mLREfeOAJi26A_xXGBZbQogniL8jQnY9dAjPW0p-kPeRNoxTUKouEYXKpKfjBv835D&_nc_sid=b66105&_nc_ht=video.fblr20-3.fna.fbcdn.net&_nc_ohc=kjIEWEPdqX0Q7kNvwFzqhsi&efg=eyJ2ZW5jb2RlX3RhZyI6Inhwdl9wcm9ncmVzc2l2ZS5WSV9VU0VDQVNFX1BST0RVQ1RfVFlQRS4uQzMuNjA4LmRhc2hfaDI2NC1iYXNpYy1nZW4yXzcyMHAiLCJ4cHZfYXNzZXRfaWQiOjQwNjM5NzQwNzAzOTk5ODIsImFzc2V0X2FnZV9kYXlzIjo1LCJ2aV91c2VjYXNlX2lkIjoxMDEzOSwiZHVyYXRpb25fcyI6MzUsInVybGdlbl9zb3VyY2UiOiJ3d3cifQ%3D%3D&ccb=17-1&vs=be2a66a182c71040&_nc_vs=HBksFQIYRWZiX2VwaGVtZXJhbC80QTQwQTNENkY1NDNGNEVBODg2NTJDRTAxQzE1NjE5NV9tdF8xX3ZpZGVvX2Rhc2hpbml0Lm1wNBUAAsgBEgAVAhhAZmJfcGVybWFuZW50LzBCNDRENTlERDYwREU2M0JBQkM1NDc2NTU0MEI3Mzg3X2F1ZGlvX2Rhc2hpbml0Lm1wNBUCAsgBEgAoABgAGwKIB3VzZV9vaWwBMRJwcm9ncmVzc2l2ZV9yZWNpcGUBMRUAACbcz72ttoq4DhUCKAJDMywXQEGMzMzMzM0YGWRhc2hfaDI2NC1iYXNpYy1nZW4yXzcyMHARAHUAZbaeAQA&_nc_gid=Bgah_oR57zek7y-xDwHoHw&_nc_ss=7f289&_nc_zt=28&oh=00_AQAsiO9GsSghX6Ih9eOW7ZTL06hd5OQgC36GB4alCVPR7w&oe=6A57E9A3,https://scontent.fblr20-2.fna.fbcdn.net/v/t39.35426-6/739809393_1701768124436463_3828743015391105805_n.jpg?_nc_cat=111&ccb=1-7&_nc_sid=c53f8f&_nc_ohc=CpxM244FUEQQ7kNvwGD_-md&_nc_oc=AdqIhwIdZmgABn22AOVjy15U8_ooTiTaxateaNGWtKeNpiHoWabYm7IBK5MsY-aV5N3Yb0lNExq2_2WcxsS06yC6&_nc_zt=14&_nc_ht=scontent.fblr20-2.fna&_nc_gid=Bgah_oR57zek7y-xDwHoHw&_nc_ss=7f289&oh=00_AQAtvNkgpO7iQ5LqYeVSpuF5B-fBNM5Jc7WGVNqt-ILgBA&oe=6A57E830,2026-07-15T20:12:19.000Z,2026-07-11,https://pub-893b4a6a607b4221a894bf861da7914e.r2.dev/27530590489886828.mp4
177,171,Lingo AI,599204246602758,Lingo AI,,IN,27861019510189640,https://www.facebook.com/ads/library/?id=27861019510189640,2026-07-08,,true,false,1,0,,2026-07-08,,"🌟 Want to improve your English? 
📱 Learn anytime in just minutes a day 
💬 Build real speaking confidence 
👉 Download now",👉 Download now,Download,https://speaklearnfrenchlingoai.onelink.me/Y67n?pid=metaweb_int&c={{campaign.name}}&af_c_id={{campaign.id}}&af_adset={{adset.name}}&af_adset_id={{adset.id}}&af_ad={{ad.name}}&af_ad_id={{ad.id}}&af_siteid={{site_source_name}},"Facebook,Instagram,Audience Network,Messenger,Threads","🌟 Want to improve your English? 
📱 Learn anytime in just minutes a day 
💬 Build real speaking confidence 
👉 Download now",👉 Download now,Download,https://speaklearnfrenchlingoai.onelink.me/Y67n?pid=metaweb_int&c={{campaign.name}}&af_c_id={{campaign.id}}&af_adset={{adset.name}}&af_adset_id={{adset.id}}&af_ad={{ad.name}}&af_ad_id={{ad.id}}&af_siteid={{site_source_name}},Video,"Facebook,Instagram,Audience Network,Messenger,Threads",1,0,9:16,https://video.fblr20-1.fna.fbcdn.net/o1/v/t2/f2/m366/AQN14BBZimMobX2Bn1qUm1xhTvVegZ8vZU9VslSCJaJzulT2xCufQRyyNQpKarXlV3jsOqUYog3Za93KAgLHdifBALvC0zmGiGLoHJG7STjuJw.mp4?_nc_cat=108&_nc_oc=AdphTOT6qDkYsfMhTHg3D9-8aI5dXdKcRLtxH_EeR2hZPzYwnjGUxj68AIKxBSc6pNTIq7e2HWnEbY7EIr1EKqf8&_nc_sid=b66105&_nc_ht=video.fblr20-1.fna.fbcdn.net&_nc_ohc=KmY8I-1exBIQ7kNvwH-GGCM&efg=eyJ2ZW5jb2RlX3RhZyI6Inhwdl9wcm9ncmVzc2l2ZS5WSV9VU0VDQVNFX1BST0RVQ1RfVFlQRS4uQzMuNzIwLmRhc2hfaDI2NC1iYXNpYy1nZW4yXzcyMHAiLCJ4cHZfYXNzZXRfaWQiOjEwMjM2NzMzODM2MzY2OTIsImFzc2V0X2FnZV9kYXlzIjo0LCJ2aV91c2VjYXNlX2lkIjoxMDEzOSwiZHVyYXRpb25fcyI6MzUsInVybGdlbl9zb3VyY2UiOiJ3d3cifQ%3D%3D&ccb=17-1&vs=423106c8b5e842d3&_nc_vs=HBksFQIYRWZiX2VwaGVtZXJhbC85NDQxQ0Y2NkNGRjc0MTI1REE4ODQwQzVFNjNENzdBRV9tdF8xX3ZpZGVvX2Rhc2hpbml0Lm1wNBUAAsgBEgAVAhhAZmJfcGVybWFuZW50LzQwNDFFOTU3NDIyNEJCOTQyMTREMDU3RDhENjQ0NUJDX2F1ZGlvX2Rhc2hpbml0Lm1wNBUCAsgBEgAoABgAGwKIB3VzZV9vaWwBMRJwcm9ncmVzc2l2ZV9yZWNpcGUBMRUAACaou66G0cHRAxUCKAJDMywXQEHAAAAAAAAYGWRhc2hfaDI2NC1iYXNpYy1nZW4yXzcyMHARAHUAZbaeAQA&_nc_gid=Bgah_oR57zek7y-xDwHoHw&_nc_ss=7f289&_nc_zt=28&oh=00_AQDk3OeJU-BxlvbsmIzGBKbc3SvqtsAZg0ADceHCBw-wPw&oe=6A57CB5C,https://scontent.fblr20-4.fna.fbcdn.net/v/t39.35426-6/741870736_1409109084606573_4704687455390913515_n.jpg?_nc_cat=103&ccb=1-7&_nc_sid=c53f8f&_nc_ohc=bGsvw0k_PjkQ7kNvwHm2E0o&_nc_oc=AdqmYQFBqkuBEPeS3D_q0Ru96FMwErFNT7yu05I-qCuCPsiKNmGYD8BkIMWlSM-n0Q16DSiiLsXeyeY53F3BM00O&_nc_zt=14&_nc_ht=scontent.fblr20-4.fna&_nc_gid=Bgah_oR57zek7y-xDwHoHw&_nc_ss=7f289&oh=00_AQCMFBmdm_C1o9C9xI12tj3JmeO6InMaByL4tA9NEvRUgA&oe=6A57D943,2026-07-15T18:03:08.000Z,2026-07-11,https://pub-893b4a6a607b4221a894bf861da7914e.r2.dev/27861019510189640.mp4
