# Step 3 run log
# competitor : ewa
# started_at : 2026-07-16T13:22:38
# input      : facebook/inputs/fb-ads-ewa-2026-07-16-1300.csv
# videos     : facebook/videos/ewa-2026-07-16
# master     : facebook/master/ewa.csv  (updated)
# enriched   : facebook/inputs/fb-ads-ewa-2026-07-16-1300_enriched.csv
# bucket     : video-ads
# public_base: https://pub-893b4a6a607b4221a894bf861da7914e.r2.dev
# dry_run    : False
#
# counts     : {'uploaded': 95, 'carried-forward': 325, 'image-pending': 541, 'video-missing': 158, 'no-creative': 0, 'error': 0}
#
image-pending    1306267591684899 c0  (HANDOVER §8.5 — image handling not yet built)
carried-forward  1748754609899497 c0  → https://pub-893b4a6a607b4221a894bf861da7914e.r2.dev/1748754609899497.mp4
video-missing    1748754609899497 c0  (expected file not found in facebook/videos/ewa-2026-07-16)
image-pending    1321429953391127 c0  (HANDOVER §8.5 — image handling not yet built)
image-pending    1321429953391127 c0  (HANDOVER §8.5 — image handling not yet built)
image-pending    1321429953391127 c0  (HANDOVER §8.5 — image handling not yet built)
image-pending    1321429953391127 c0  (HANDOVER §8.5 — image handling not yet built)
carried-forward  971663399190998 c0  → https://pub-893b4a6a607b4221a894bf861da7914e.r2.dev/971663399190998.mp4
image-pending    2211020936353424 c0  (HANDOVER §8.5 — image handling not yet built)
image-pending    2211020936353424 c0  (HANDOVER §8.5 — image handling not yet built)
image-pending    2211020936353424 c0  (HANDOVER §8.5 — image handling not yet built)
image-pending    2211020936353424 c0  (HANDOVER §8.5 — image handling not yet built)
image-pending    3748419995299131 c0  (HANDOVER §8.5 — image handling not yet built)
image-pending    2066432930945937 c0  (HANDOVER §8.5 — image handling not yet built)
image-pending    2066432930945937 c0  (HANDOVER §8.5 — image handling not yet built)
image-pending    2066432930945937 c0  (HANDOVER §8.5 — image handling not yet built)
image-pending    1053659170524096 c0  (HANDOVER §8.5 — image handling not yet built)
image-pending    1053659170524096 c0  (HANDOVER §8.5 — image handling not yet built)
image-pending    1053659170524096 c0  (HANDOVER §8.5 — image handling not yet built)
image-pending    1053659170524096 c0  (HANDOVER §8.5 — image handling not yet built)
image-pending    1053659170524096 c0  (HANDOVER §8.5 — image handling not yet built)
image-pending    1053659170524096 c0  (HANDOVER §8.5 — image handling not yet built)
image-pending    1172392938404612 c0  (HANDOVER §8.5 — image handling not yet built)
image-pending    1172392938404612 c0  (HANDOVER §8.5 — image handling not yet built)
image-pending    1172392938404612 c0  (HANDOVER §8.5 — image handling not yet built)
image-pending    1172392938404612 c0  (HANDOVER §8.5 — image handling not yet built)
carried-forward  1571714140957881 c0  → https://pub-893b4a6a607b4221a894bf861da7914e.r2.dev/1571714140957881.mp4
video-missing    1571714140957881 c0  (expected file not found in facebook/videos/ewa-2026-07-16)
video-missing    1571714140957881 c0  (expected file not found in facebook/videos/ewa-2026-07-16)
video-missing    1571714140957881 c0  (expected file not found in facebook/videos/ewa-2026-07-16)
video-missing    1571714140957881 c0  (expected file not found in facebook/videos/ewa-2026-07-16)
video-missing    1571714140957881 c0  (expected file not found in facebook/videos/ewa-2026-07-16)
video-missing    1571714140957881 c0  (expected file not found in facebook/videos/ewa-2026-07-16)
image-pending    2245476252863412 c0  (HANDOVER §8.5 — image handling not yet built)
image-pending    3992486917711214 c0  (HANDOVER §8.5 — image handling not yet built)
image-pending    1926963888000255 c0  (HANDOVER §8.5 — image handling not yet built)
image-pending    1926963888000255 c0  (HANDOVER §8.5 — image handling not yet built)
image-pending    1926963888000255 c0  (HANDOVER §8.5 — image handling not yet built)
image-pending    1926963888000255 c0  (HANDOVER §8.5 — image handling not yet built)
carried-forward  1064661679325929 c0  → https://pub-893b4a6a607b4221a894bf861da7914e.r2.dev/1064661679325929.mp4
carried-forward  27103837955911154 c0  → https://pub-893b4a6a607b4221a894bf861da7914e.r2.dev/27103837955911154.mp4
video-missing    27103837955911154 c0  (expected file not found in facebook/videos/ewa-2026-07-16)
carried-forward  981542304873894 c0  → https://pub-893b4a6a607b4221a894bf861da7914e.r2.dev/981542304873894.mp4
video-missing    981542304873894 c0  (expected file not found in facebook/videos/ewa-2026-07-16)
video-missing    981542304873894 c0  (expected file not found in facebook/videos/ewa-2026-07-16)
image-pending    1640875417612984 c0  (HANDOVER §8.5 — image handling not yet built)
image-pending    1640875417612984 c0  (HANDOVER §8.5 — image handling not yet built)
image-pending    1677528396874891 c0  (HANDOVER §8.5 — image handling not yet built)
image-pending    1677528396874891 c0  (HANDOVER §8.5 — image handling not yet built)
image-pending    1677528396874891 c0  (HANDOVER §8.5 — image handling not yet built)
image-pending    1677528396874891 c0  (HANDOVER §8.5 — image handling not yet built)
image-pending    1677528396874891 c0  (HANDOVER §8.5 — image handling not yet built)
image-pending    1677528396874891 c0  (HANDOVER §8.5 — image handling not yet built)
image-pending    2023456231577415 c0  (HANDOVER §8.5 — image handling not yet built)
carried-forward  3998902643744444 c0  → https://pub-893b4a6a607b4221a894bf861da7914e.r2.dev/3998902643744444.mp4
video-missing    3998902643744444 c0  (expected file not found in facebook/videos/ewa-2026-07-16)
carried-forward  1798037831577515 c0  → https://pub-893b4a6a607b4221a894bf861da7914e.r2.dev/1798037831577515.mp4
video-missing    1798037831577515 c0  (expected file not found in facebook/videos/ewa-2026-07-16)
video-missing    1798037831577515 c0  (expected file not found in facebook/videos/ewa-2026-07-16)
carried-forward  820415774340747 c0  → https://pub-893b4a6a607b4221a894bf861da7914e.r2.dev/820415774340747.mp4
carried-forward  1356506826437405 c0  → https://pub-893b4a6a607b4221a894bf861da7914e.r2.dev/1356506826437405.mp4
image-pending    2047300065857950 c0  (HANDOVER §8.5 — image handling not yet built)
image-pending    2047300065857950 c0  (HANDOVER §8.5 — image handling not yet built)
image-pending    2047300065857950 c0  (HANDOVER §8.5 — image handling not yet built)
image-pending    1747989286365429 c0  (HANDOVER §8.5 — image handling not yet built)
carried-forward  1016276427569134 c0  → https://pub-893b4a6a607b4221a894bf861da7914e.r2.dev/1016276427569134.mp4
image-pending    988421774035585 c0  (HANDOVER §8.5 — image handling not yet built)
image-pending    988421774035585 c0  (HANDOVER §8.5 — image handling not yet built)
image-pending    1364528388957027 c0  (HANDOVER §8.5 — image handling not yet built)
image-pending    1364528388957027 c0  (HANDOVER §8.5 — image handling not yet built)
carried-forward  1557786819279519 c0  → https://pub-893b4a6a607b4221a894bf861da7914e.r2.dev/1557786819279519.mp4
video-missing    1557786819279519 c0  (expected file not found in facebook/videos/ewa-2026-07-16)
image-pending    1543459387288990 c0  (HANDOVER §8.5 — image handling not yet built)
carried-forward  2784909331991960 c0  → https://pub-893b4a6a607b4221a894bf861da7914e.r2.dev/2784909331991960.mp4
video-missing    2784909331991960 c0  (expected file not found in facebook/videos/ewa-2026-07-16)
video-missing    2784909331991960 c0  (expected file not found in facebook/videos/ewa-2026-07-16)
video-missing    2784909331991960 c0  (expected file not found in facebook/videos/ewa-2026-07-16)
carried-forward  1653363682608529 c0  → https://pub-893b4a6a607b4221a894bf861da7914e.r2.dev/1653363682608529.jpg
carried-forward  2032002694369624 c0  → https://pub-893b4a6a607b4221a894bf861da7914e.r2.dev/2032002694369624.mp4
image-pending    1037668488816556 c0  (HANDOVER §8.5 — image handling not yet built)
image-pending    1037668488816556 c0  (HANDOVER §8.5 — image handling not yet built)
image-pending    1037668488816556 c0  (HANDOVER §8.5 — image handling not yet built)
image-pending    1037668488816556 c0  (HANDOVER §8.5 — image handling not yet built)
image-pending    1037668488816556 c0  (HANDOVER §8.5 — image handling not yet built)
image-pending    1295602786114665 c0  (HANDOVER §8.5 — image handling not yet built)
image-pending    992101903436874 c0  (HANDOVER §8.5 — image handling not yet built)
image-pending    992101903436874 c0  (HANDOVER §8.5 — image handling not yet built)
image-pending    992101903436874 c0  (HANDOVER §8.5 — image handling not yet built)
image-pending    1513398920265007 c0  (HANDOVER §8.5 — image handling not yet built)
image-pending    4275663419339672 c0  (HANDOVER §8.5 — image handling not yet built)
carried-forward  994606589948628 c0  → https://pub-893b4a6a607b4221a894bf861da7914e.r2.dev/994606589948628.mp4
video-missing    994606589948628 c0  (expected file not found in facebook/videos/ewa-2026-07-16)
video-missing    994606589948628 c0  (expected file not found in facebook/videos/ewa-2026-07-16)
video-missing    994606589948628 c0  (expected file not found in facebook/videos/ewa-2026-07-16)
image-pending    1906689313623397 c0  (HANDOVER §8.5 — image handling not yet built)
carried-forward  989195793757335 c0  → https://pub-893b4a6a607b4221a894bf861da7914e.r2.dev/989195793757335.mp4
video-missing    989195793757335 c0  (expected file not found in facebook/videos/ewa-2026-07-16)
video-missing    989195793757335 c0  (expected file not found in facebook/videos/ewa-2026-07-16)
image-pending    1367219931941920 c0  (HANDOVER §8.5 — image handling not yet built)
image-pending    1029930672865765 c0  (HANDOVER §8.5 — image handling not yet built)
image-pending    902598298802006 c0  (HANDOVER §8.5 — image handling not yet built)
image-pending    902598298802006 c0  (HANDOVER §8.5 — image handling not yet built)
image-pending    902598298802006 c0  (HANDOVER §8.5 — image handling not yet built)
image-pending    902598298802006 c0  (HANDOVER §8.5 — image handling not yet built)
image-pending    902598298802006 c0  (HANDOVER §8.5 — image handling not yet built)
image-pending    2334582457303823 c0  (HANDOVER §8.5 — image handling not yet built)
image-pending    899742599792655 c0  (HANDOVER §8.5 — image handling not yet built)
carried-forward  1769263140752656 c0  → https://pub-893b4a6a607b4221a894bf861da7914e.r2.dev/1769263140752656.mp4
video-missing    1769263140752656 c0  (expected file not found in facebook/videos/ewa-2026-07-16)
image-pending    27554091767535954 c0  (HANDOVER §8.5 — image handling not yet built)
image-pending    27554091767535954 c0  (HANDOVER §8.5 — image handling not yet built)
image-pending    27554091767535954 c0  (HANDOVER §8.5 — image handling not yet built)
image-pending    27554091767535954 c0  (HANDOVER §8.5 — image handling not yet built)
image-pending    27554091767535954 c0  (HANDOVER §8.5 — image handling not yet built)
image-pending    27554091767535954 c0  (HANDOVER §8.5 — image handling not yet built)
carried-forward  1738520007347139 c0  → https://pub-893b4a6a607b4221a894bf861da7914e.r2.dev/1738520007347139.mp4
carried-forward  2172491403607364 c0  → https://pub-893b4a6a607b4221a894bf861da7914e.r2.dev/2172491403607364.mp4
video-missing    2172491403607364 c0  (expected file not found in facebook/videos/ewa-2026-07-16)
carried-forward  1001085442686373 c0  → https://pub-893b4a6a607b4221a894bf861da7914e.r2.dev/1001085442686373.mp4
video-missing    1001085442686373 c0  (expected file not found in facebook/videos/ewa-2026-07-16)
image-pending    2213512612526530 c0  (HANDOVER §8.5 — image handling not yet built)
image-pending    2213512612526530 c0  (HANDOVER §8.5 — image handling not yet built)
carried-forward  3210833395973179 c0  → https://pub-893b4a6a607b4221a894bf861da7914e.r2.dev/3210833395973179.mp4
video-missing    3210833395973179 c0  (expected file not found in facebook/videos/ewa-2026-07-16)
image-pending    2106331687432426 c0  (HANDOVER §8.5 — image handling not yet built)
image-pending    2106331687432426 c0  (HANDOVER §8.5 — image handling not yet built)
image-pending    2106331687432426 c0  (HANDOVER §8.5 — image handling not yet built)
carried-forward  1313535210890149 c0  → https://pub-893b4a6a607b4221a894bf861da7914e.r2.dev/1313535210890149.mp4
image-pending    2016391835909221 c0  (HANDOVER §8.5 — image handling not yet built)
carried-forward  2262483514290087 c0  → https://pub-893b4a6a607b4221a894bf861da7914e.r2.dev/2262483514290087.mp4
carried-forward  1040195851917005 c0  → https://pub-893b4a6a607b4221a894bf861da7914e.r2.dev/1040195851917005.mp4
image-pending    1319321473675745 c0  (HANDOVER §8.5 — image handling not yet built)
image-pending    1008266878454768 c0  (HANDOVER §8.5 — image handling not yet built)
image-pending    1008266878454768 c0  (HANDOVER §8.5 — image handling not yet built)
carried-forward  1539260024608275 c0  → https://pub-893b4a6a607b4221a894bf861da7914e.r2.dev/1539260024608275.mp4
carried-forward  2047632899162364 c0  → https://pub-893b4a6a607b4221a894bf861da7914e.r2.dev/2047632899162364.mp4
image-pending    2052520945699288 c0  (HANDOVER §8.5 — image handling not yet built)
image-pending    2052520945699288 c0  (HANDOVER §8.5 — image handling not yet built)
image-pending    2052520945699288 c0  (HANDOVER §8.5 — image handling not yet built)
image-pending    2052520945699288 c0  (HANDOVER §8.5 — image handling not yet built)
image-pending    2052520945699288 c0  (HANDOVER §8.5 — image handling not yet built)
image-pending    1543605293933269 c0  (HANDOVER §8.5 — image handling not yet built)
image-pending    3092454547618347 c0  (HANDOVER §8.5 — image handling not yet built)
image-pending    1019565304328531 c0  (HANDOVER §8.5 — image handling not yet built)
image-pending    2231102494371320 c0  (HANDOVER §8.5 — image handling not yet built)
image-pending    2231102494371320 c0  (HANDOVER §8.5 — image handling not yet built)
image-pending    2231102494371320 c0  (HANDOVER §8.5 — image handling not yet built)
image-pending    2231102494371320 c0  (HANDOVER §8.5 — image handling not yet built)
image-pending    2231102494371320 c0  (HANDOVER §8.5 — image handling not yet built)
image-pending    2231102494371320 c0  (HANDOVER §8.5 — image handling not yet built)
image-pending    999273256498651 c0  (HANDOVER §8.5 — image handling not yet built)
image-pending    999273256498651 c0  (HANDOVER §8.5 — image handling not yet built)
image-pending    999273256498651 c0  (HANDOVER §8.5 — image handling not yet built)
image-pending    978209598439199 c0  (HANDOVER §8.5 — image handling not yet built)
image-pending    978209598439199 c0  (HANDOVER §8.5 — image handling not yet built)
image-pending    978209598439199 c0  (HANDOVER §8.5 — image handling not yet built)
image-pending    978209598439199 c0  (HANDOVER §8.5 — image handling not yet built)
image-pending    993791116576367 c0  (HANDOVER §8.5 — image handling not yet built)
image-pending    4412183892352225 c0  (HANDOVER §8.5 — image handling not yet built)
carried-forward  1913718692634670 c0  → https://pub-893b4a6a607b4221a894bf861da7914e.r2.dev/1913718692634670.mp4
carried-forward  4521599338076323 c0  → https://pub-893b4a6a607b4221a894bf861da7914e.r2.dev/4521599338076323.mp4
video-missing    4521599338076323 c0  (expected file not found in facebook/videos/ewa-2026-07-16)
video-missing    4521599338076323 c0  (expected file not found in facebook/videos/ewa-2026-07-16)
carried-forward  1022808716936319 c0  → https://pub-893b4a6a607b4221a894bf861da7914e.r2.dev/1022808716936319.mp4
video-missing    1022808716936319 c0  (expected file not found in facebook/videos/ewa-2026-07-16)
carried-forward  2092967338095401 c0  → https://pub-893b4a6a607b4221a894bf861da7914e.r2.dev/2092967338095401.mp4
video-missing    2092967338095401 c0  (expected file not found in facebook/videos/ewa-2026-07-16)
carried-forward  1428010472758704 c0  → https://pub-893b4a6a607b4221a894bf861da7914e.r2.dev/1428010472758704.mp4
image-pending    1814178842884956 c0  (HANDOVER §8.5 — image handling not yet built)
carried-forward  1542176200883239 c0  → https://pub-893b4a6a607b4221a894bf861da7914e.r2.dev/1542176200883239.mp4
carried-forward  1357905219727082 c0  → https://pub-893b4a6a607b4221a894bf861da7914e.r2.dev/1357905219727082.mp4
video-missing    1357905219727082 c0  (expected file not found in facebook/videos/ewa-2026-07-16)
video-missing    1357905219727082 c0  (expected file not found in facebook/videos/ewa-2026-07-16)
image-pending    1670496207540300 c0  (HANDOVER §8.5 — image handling not yet built)
image-pending    1670496207540300 c0  (HANDOVER §8.5 — image handling not yet built)
image-pending    1670496207540300 c0  (HANDOVER §8.5 — image handling not yet built)
image-pending    1670496207540300 c0  (HANDOVER §8.5 — image handling not yet built)
image-pending    1670496207540300 c0  (HANDOVER §8.5 — image handling not yet built)
image-pending    1670496207540300 c0  (HANDOVER §8.5 — image handling not yet built)
carried-forward  1037619595417230 c0  → https://pub-893b4a6a607b4221a894bf861da7914e.r2.dev/1037619595417230.mp4
video-missing    1037619595417230 c0  (expected file not found in facebook/videos/ewa-2026-07-16)
image-pending    1677769523466249 c0  (HANDOVER §8.5 — image handling not yet built)
image-pending    2507531419701992 c0  (HANDOVER §8.5 — image handling not yet built)
image-pending    2507531419701992 c0  (HANDOVER §8.5 — image handling not yet built)
image-pending    1025118949881922 c0  (HANDOVER §8.5 — image handling not yet built)
image-pending    1025118949881922 c0  (HANDOVER §8.5 — image handling not yet built)
carried-forward  996686076503177 c0  → https://pub-893b4a6a607b4221a894bf861da7914e.r2.dev/996686076503177.mp4
image-pending    2183952485759612 c0  (HANDOVER §8.5 — image handling not yet built)
carried-forward  2349017838840984 c0  → https://pub-893b4a6a607b4221a894bf861da7914e.r2.dev/2349017838840984.mp4
video-missing    2349017838840984 c0  (expected file not found in facebook/videos/ewa-2026-07-16)
carried-forward  2907943432931543 c0  → https://pub-893b4a6a607b4221a894bf861da7914e.r2.dev/2907943432931543.mp4
image-pending    1671964830729510 c0  (HANDOVER §8.5 — image handling not yet built)
image-pending    1564365435206249 c0  (HANDOVER §8.5 — image handling not yet built)
image-pending    1770797747276751 c0  (HANDOVER §8.5 — image handling not yet built)
carried-forward  1022025173546607 c0  → https://pub-893b4a6a607b4221a894bf861da7914e.r2.dev/1022025173546607.mp4
image-pending    2254457095094679 c0  (HANDOVER §8.5 — image handling not yet built)
image-pending    1344269017112895 c0  (HANDOVER §8.5 — image handling not yet built)
carried-forward  4618723138350435 c0  → https://pub-893b4a6a607b4221a894bf861da7914e.r2.dev/4618723138350435.mp4
video-missing    4618723138350435 c0  (expected file not found in facebook/videos/ewa-2026-07-16)
carried-forward  1370786434964003 c0  → https://pub-893b4a6a607b4221a894bf861da7914e.r2.dev/1370786434964003.mp4
image-pending    1517336272963359 c0  (HANDOVER §8.5 — image handling not yet built)
image-pending    1517336272963359 c0  (HANDOVER §8.5 — image handling not yet built)
image-pending    1503345134454157 c0  (HANDOVER §8.5 — image handling not yet built)
carried-forward  1347942816788975 c0  → https://pub-893b4a6a607b4221a894bf861da7914e.r2.dev/1347942816788975.mp4
image-pending    997376096538893 c0  (HANDOVER §8.5 — image handling not yet built)
image-pending    997376096538893 c0  (HANDOVER §8.5 — image handling not yet built)
carried-forward  993315043543289 c0  → https://pub-893b4a6a607b4221a894bf861da7914e.r2.dev/993315043543289.mp4
image-pending    4507517659485294 c0  (HANDOVER §8.5 — image handling not yet built)
image-pending    1682469696166784 c0  (HANDOVER §8.5 — image handling not yet built)
image-pending    1682469696166784 c0  (HANDOVER §8.5 — image handling not yet built)
image-pending    1682469696166784 c0  (HANDOVER §8.5 — image handling not yet built)
image-pending    1682469696166784 c0  (HANDOVER §8.5 — image handling not yet built)
carried-forward  1718359912815403 c0  → https://pub-893b4a6a607b4221a894bf861da7914e.r2.dev/1718359912815403.mp4
video-missing    1718359912815403 c0  (expected file not found in facebook/videos/ewa-2026-07-16)
carried-forward  1955488301821446 c0  → https://pub-893b4a6a607b4221a894bf861da7914e.r2.dev/1955488301821446.mp4
video-missing    1955488301821446 c0  (expected file not found in facebook/videos/ewa-2026-07-16)
image-pending    907188799066616 c0  (HANDOVER §8.5 — image handling not yet built)
image-pending    1738076294211986 c0  (HANDOVER §8.5 — image handling not yet built)
image-pending    928520793575694 c0  (HANDOVER §8.5 — image handling not yet built)
carried-forward  2203692056840083 c0  → https://pub-893b4a6a607b4221a894bf861da7914e.r2.dev/2203692056840083.mp4
carried-forward  1961539248582227 c0  → https://pub-893b4a6a607b4221a894bf861da7914e.r2.dev/1961539248582227.mp4
image-pending    1449361193688539 c0  (HANDOVER §8.5 — image handling not yet built)
image-pending    2030325071693398 c0  (HANDOVER §8.5 — image handling not yet built)
image-pending    2030325071693398 c0  (HANDOVER §8.5 — image handling not yet built)
image-pending    882492284285861 c0  (HANDOVER §8.5 — image handling not yet built)
image-pending    1046495891284863 c0  (HANDOVER §8.5 — image handling not yet built)
carried-forward  1147669700867740 c0  → https://pub-893b4a6a607b4221a894bf861da7914e.r2.dev/1147669700867740.jpg
image-pending    1147669700867740 c0  (HANDOVER §8.5 — image handling not yet built)
image-pending    1147669700867740 c0  (HANDOVER §8.5 — image handling not yet built)
image-pending    1147669700867740 c0  (HANDOVER §8.5 — image handling not yet built)
carried-forward  2265366214234665 c0  → https://pub-893b4a6a607b4221a894bf861da7914e.r2.dev/2265366214234665.mp4
carried-forward  1391934999450626 c0  → https://pub-893b4a6a607b4221a894bf861da7914e.r2.dev/1391934999450626.mp4
video-missing    1391934999450626 c0  (expected file not found in facebook/videos/ewa-2026-07-16)
image-pending    1008677578468718 c0  (HANDOVER §8.5 — image handling not yet built)
image-pending    1008677578468718 c0  (HANDOVER §8.5 — image handling not yet built)
image-pending    1008677578468718 c0  (HANDOVER §8.5 — image handling not yet built)
image-pending    1008677578468718 c0  (HANDOVER §8.5 — image handling not yet built)
image-pending    1008677578468718 c0  (HANDOVER §8.5 — image handling not yet built)
image-pending    1008677578468718 c0  (HANDOVER §8.5 — image handling not yet built)
image-pending    1008677578468718 c0  (HANDOVER §8.5 — image handling not yet built)
image-pending    1008677578468718 c0  (HANDOVER §8.5 — image handling not yet built)
image-pending    1008677578468718 c0  (HANDOVER §8.5 — image handling not yet built)
image-pending    1008677578468718 c0  (HANDOVER §8.5 — image handling not yet built)
image-pending    1641626951296099 c0  (HANDOVER §8.5 — image handling not yet built)
image-pending    1641626951296099 c0  (HANDOVER §8.5 — image handling not yet built)
image-pending    1641626951296099 c0  (HANDOVER §8.5 — image handling not yet built)
image-pending    1641626951296099 c0  (HANDOVER §8.5 — image handling not yet built)
image-pending    1641626951296099 c0  (HANDOVER §8.5 — image handling not yet built)
image-pending    1641626951296099 c0  (HANDOVER §8.5 — image handling not yet built)
image-pending    1547792656798916 c0  (HANDOVER §8.5 — image handling not yet built)
carried-forward  1911675439519920 c0  → https://pub-893b4a6a607b4221a894bf861da7914e.r2.dev/1911675439519920.mp4
video-missing    1911675439519920 c0  (expected file not found in facebook/videos/ewa-2026-07-16)
video-missing    1911675439519920 c0  (expected file not found in facebook/videos/ewa-2026-07-16)
video-missing    1911675439519920 c0  (expected file not found in facebook/videos/ewa-2026-07-16)
video-missing    1911675439519920 c0  (expected file not found in facebook/videos/ewa-2026-07-16)
image-pending    1672784737311705 c0  (HANDOVER §8.5 — image handling not yet built)
image-pending    1672784737311705 c0  (HANDOVER §8.5 — image handling not yet built)
carried-forward  2635866166855638 c0  → https://pub-893b4a6a607b4221a894bf861da7914e.r2.dev/2635866166855638.mp4
image-pending    3537150746432305 c0  (HANDOVER §8.5 — image handling not yet built)
carried-forward  975097332110635 c0  → https://pub-893b4a6a607b4221a894bf861da7914e.r2.dev/975097332110635.jpg
image-pending    1029134476463548 c0  (HANDOVER §8.5 — image handling not yet built)
carried-forward  1454261840076814 c0  → https://pub-893b4a6a607b4221a894bf861da7914e.r2.dev/1454261840076814.mp4
video-missing    1454261840076814 c0  (expected file not found in facebook/videos/ewa-2026-07-16)
image-pending    4434165596851679 c0  (HANDOVER §8.5 — image handling not yet built)
image-pending    978862254975064 c0  (HANDOVER §8.5 — image handling not yet built)
carried-forward  1505236907432517 c0  → https://pub-893b4a6a607b4221a894bf861da7914e.r2.dev/1505236907432517.mp4
video-missing    1505236907432517 c0  (expected file not found in facebook/videos/ewa-2026-07-16)
video-missing    1505236907432517 c0  (expected file not found in facebook/videos/ewa-2026-07-16)
image-pending    1051036900936457 c0  (HANDOVER §8.5 — image handling not yet built)
image-pending    1051036900936457 c0  (HANDOVER §8.5 — image handling not yet built)
image-pending    1051036900936457 c0  (HANDOVER §8.5 — image handling not yet built)
image-pending    1051036900936457 c0  (HANDOVER §8.5 — image handling not yet built)
image-pending    1051036900936457 c0  (HANDOVER §8.5 — image handling not yet built)
image-pending    1051036900936457 c0  (HANDOVER §8.5 — image handling not yet built)
image-pending    1051036900936457 c0  (HANDOVER §8.5 — image handling not yet built)
image-pending    1051036900936457 c0  (HANDOVER §8.5 — image handling not yet built)
image-pending    1051036900936457 c0  (HANDOVER §8.5 — image handling not yet built)
image-pending    1051036900936457 c0  (HANDOVER §8.5 — image handling not yet built)
image-pending    1051036900936457 c0  (HANDOVER §8.5 — image handling not yet built)
image-pending    1012370408376782 c0  (HANDOVER §8.5 — image handling not yet built)
image-pending    1012370408376782 c0  (HANDOVER §8.5 — image handling not yet built)
image-pending    1012370408376782 c0  (HANDOVER §8.5 — image handling not yet built)
image-pending    1012370408376782 c0  (HANDOVER §8.5 — image handling not yet built)
image-pending    1012370408376782 c0  (HANDOVER §8.5 — image handling not yet built)
image-pending    1326494808851257 c0  (HANDOVER §8.5 — image handling not yet built)
image-pending    1326494808851257 c0  (HANDOVER §8.5 — image handling not yet built)
image-pending    1010961044980046 c0  (HANDOVER §8.5 — image handling not yet built)
image-pending    991137993743257 c0  (HANDOVER §8.5 — image handling not yet built)
carried-forward  1692317208565480 c0  → https://pub-893b4a6a607b4221a894bf861da7914e.r2.dev/1692317208565480.mp4
video-missing    1692317208565480 c0  (expected file not found in facebook/videos/ewa-2026-07-16)
video-missing    1692317208565480 c0  (expected file not found in facebook/videos/ewa-2026-07-16)
image-pending    1315112217003281 c0  (HANDOVER §8.5 — image handling not yet built)
image-pending    1315112217003281 c0  (HANDOVER §8.5 — image handling not yet built)
image-pending    1315112217003281 c0  (HANDOVER §8.5 — image handling not yet built)
image-pending    1315112217003281 c0  (HANDOVER §8.5 — image handling not yet built)
image-pending    1030360883180582 c0  (HANDOVER §8.5 — image handling not yet built)
image-pending    1073375765367758 c0  (HANDOVER §8.5 — image handling not yet built)
carried-forward  2519756155112349 c0  → https://pub-893b4a6a607b4221a894bf861da7914e.r2.dev/2519756155112349.mp4
video-missing    2519756155112349 c0  (expected file not found in facebook/videos/ewa-2026-07-16)
image-pending    1366113265475069 c0  (HANDOVER §8.5 — image handling not yet built)
carried-forward  1742993323559325 c0  → https://pub-893b4a6a607b4221a894bf861da7914e.r2.dev/1742993323559325.mp4
video-missing    1742993323559325 c0  (expected file not found in facebook/videos/ewa-2026-07-16)
image-pending    4408142872760714 c0  (HANDOVER §8.5 — image handling not yet built)
image-pending    2216099119236786 c0  (HANDOVER §8.5 — image handling not yet built)
image-pending    1637322657368692 c0  (HANDOVER §8.5 — image handling not yet built)
video-missing    2158745832188363 c0  (expected file not found in facebook/videos/ewa-2026-07-16)
carried-forward  1542740697485884 c0  → https://pub-893b4a6a607b4221a894bf861da7914e.r2.dev/1542740697485884.mp4
image-pending    1292823162965929 c0  (HANDOVER §8.5 — image handling not yet built)
carried-forward  2107242233191705 c0  → https://pub-893b4a6a607b4221a894bf861da7914e.r2.dev/2107242233191705.mp4
image-pending    4572654089636534 c0  (HANDOVER §8.5 — image handling not yet built)
carried-forward  1793879094908142 c0  → https://pub-893b4a6a607b4221a894bf861da7914e.r2.dev/1793879094908142.mp4
video-missing    1793879094908142 c0  (expected file not found in facebook/videos/ewa-2026-07-16)
video-missing    1793879094908142 c0  (expected file not found in facebook/videos/ewa-2026-07-16)
image-pending    1714553496235175 c0  (HANDOVER §8.5 — image handling not yet built)
image-pending    1041247068856085 c0  (HANDOVER §8.5 — image handling not yet built)
image-pending    1041247068856085 c0  (HANDOVER §8.5 — image handling not yet built)
carried-forward  1406307381546601 c0  → https://pub-893b4a6a607b4221a894bf861da7914e.r2.dev/1406307381546601.mp4
image-pending    1549571593247683 c0  (HANDOVER §8.5 — image handling not yet built)
carried-forward  1316391644000434 c0  → https://pub-893b4a6a607b4221a894bf861da7914e.r2.dev/1316391644000434.mp4
carried-forward  929509573476337 c0  → https://pub-893b4a6a607b4221a894bf861da7914e.r2.dev/929509573476337.mp4
uploaded         850433381228657 c0  (video) ← 850433381228657.mp4  → https://pub-893b4a6a607b4221a894bf861da7914e.r2.dev/850433381228657.mp4
video-missing    850433381228657 c0  (expected file not found in facebook/videos/ewa-2026-07-16)
video-missing    850433381228657 c0  (expected file not found in facebook/videos/ewa-2026-07-16)
image-pending    1544479967171187 c0  (HANDOVER §8.5 — image handling not yet built)
image-pending    1580583887191094 c0  (HANDOVER §8.5 — image handling not yet built)
image-pending    1580583887191094 c0  (HANDOVER §8.5 — image handling not yet built)
image-pending    1580583887191094 c0  (HANDOVER §8.5 — image handling not yet built)
image-pending    2566477970433653 c0  (HANDOVER §8.5 — image handling not yet built)
image-pending    1691560206312900 c0  (HANDOVER §8.5 — image handling not yet built)
image-pending    1691560206312900 c0  (HANDOVER §8.5 — image handling not yet built)
image-pending    1691560206312900 c0  (HANDOVER §8.5 — image handling not yet built)
carried-forward  1270366909494214 c0  → https://pub-893b4a6a607b4221a894bf861da7914e.r2.dev/1270366909494214.mp4
image-pending    1505962900789303 c0  (HANDOVER §8.5 — image handling not yet built)
carried-forward  1314733216955217 c0  → https://pub-893b4a6a607b4221a894bf861da7914e.r2.dev/1314733216955217.mp4
carried-forward  2018115468836845 c0  → https://pub-893b4a6a607b4221a894bf861da7914e.r2.dev/2018115468836845.mp4
image-pending    2240805570089803 c0  (HANDOVER §8.5 — image handling not yet built)
image-pending    1286857293258613 c0  (HANDOVER §8.5 — image handling not yet built)
image-pending    1286857293258613 c0  (HANDOVER §8.5 — image handling not yet built)
carried-forward  864112852950609 c0  → https://pub-893b4a6a607b4221a894bf861da7914e.r2.dev/864112852950609.mp4
image-pending    1020847180459200 c0  (HANDOVER §8.5 — image handling not yet built)
image-pending    1020847180459200 c0  (HANDOVER §8.5 — image handling not yet built)
image-pending    1020847180459200 c0  (HANDOVER §8.5 — image handling not yet built)
image-pending    1020847180459200 c0  (HANDOVER §8.5 — image handling not yet built)
image-pending    1020847180459200 c0  (HANDOVER §8.5 — image handling not yet built)
image-pending    1020847180459200 c0  (HANDOVER §8.5 — image handling not yet built)
image-pending    1020847180459200 c0  (HANDOVER §8.5 — image handling not yet built)
image-pending    1020847180459200 c0  (HANDOVER §8.5 — image handling not yet built)
carried-forward  1690656721935096 c0  → https://pub-893b4a6a607b4221a894bf861da7914e.r2.dev/1690656721935096.mp4
carried-forward  1673420503919939 c0  → https://pub-893b4a6a607b4221a894bf861da7914e.r2.dev/1673420503919939.mp4
image-pending    1002665749351878 c0  (HANDOVER §8.5 — image handling not yet built)
carried-forward  1212833935253690 c0  → https://pub-893b4a6a607b4221a894bf861da7914e.r2.dev/1212833935253690.mp4
video-missing    1212833935253690 c0  (expected file not found in facebook/videos/ewa-2026-07-16)
carried-forward  991598247108425 c0  → https://pub-893b4a6a607b4221a894bf861da7914e.r2.dev/991598247108425.mp4
image-pending    1623114248768169 c0  (HANDOVER §8.5 — image handling not yet built)
image-pending    1623114248768169 c0  (HANDOVER §8.5 — image handling not yet built)
carried-forward  987928834211455 c0  → https://pub-893b4a6a607b4221a894bf861da7914e.r2.dev/987928834211455.mp4
image-pending    2549124272224698 c0  (HANDOVER §8.5 — image handling not yet built)
uploaded         2909444162750284 c0  (video) ← 2909444162750284.mp4  → https://pub-893b4a6a607b4221a894bf861da7914e.r2.dev/2909444162750284.mp4
video-missing    2909444162750284 c0  (expected file not found in facebook/videos/ewa-2026-07-16)
image-pending    1587689292959880 c0  (HANDOVER §8.5 — image handling not yet built)
image-pending    1509981880903601 c0  (HANDOVER §8.5 — image handling not yet built)
carried-forward  1709931890052134 c0  → https://pub-893b4a6a607b4221a894bf861da7914e.r2.dev/1709931890052134.mp4
video-missing    1709931890052134 c0  (expected file not found in facebook/videos/ewa-2026-07-16)
carried-forward  957965230451965 c0  → https://pub-893b4a6a607b4221a894bf861da7914e.r2.dev/957965230451965.mp4
image-pending    1309259814704588 c0  (HANDOVER §8.5 — image handling not yet built)
carried-forward  1349092573379730 c0  → https://pub-893b4a6a607b4221a894bf861da7914e.r2.dev/1349092573379730.mp4
image-pending    1041797818516687 c0  (HANDOVER §8.5 — image handling not yet built)
image-pending    1528602198770385 c0  (HANDOVER §8.5 — image handling not yet built)
carried-forward  1984393962221979 c0  → https://pub-893b4a6a607b4221a894bf861da7914e.r2.dev/1984393962221979.mp4
image-pending    1377564050952048 c0  (HANDOVER §8.5 — image handling not yet built)
carried-forward  1020599134191970 c0  → https://pub-893b4a6a607b4221a894bf861da7914e.r2.dev/1020599134191970.mp4
carried-forward  1454812249830335 c0  → https://pub-893b4a6a607b4221a894bf861da7914e.r2.dev/1454812249830335.mp4
video-missing    1454812249830335 c0  (expected file not found in facebook/videos/ewa-2026-07-16)
carried-forward  981072434748279 c0  → https://pub-893b4a6a607b4221a894bf861da7914e.r2.dev/981072434748279.mp4
carried-forward  1364952255625705 c0  → https://pub-893b4a6a607b4221a894bf861da7914e.r2.dev/1364952255625705.mp4
carried-forward  1018635177565729 c0  → https://pub-893b4a6a607b4221a894bf861da7914e.r2.dev/1018635177565729.mp4
carried-forward  1063754789936927 c0  → https://pub-893b4a6a607b4221a894bf861da7914e.r2.dev/1063754789936927.mp4
image-pending    1359723843020159 c0  (HANDOVER §8.5 — image handling not yet built)
carried-forward  1987534708563449 c0  → https://pub-893b4a6a607b4221a894bf861da7914e.r2.dev/1987534708563449.mp4
image-pending    1532911278372312 c0  (HANDOVER §8.5 — image handling not yet built)
image-pending    1034437492405530 c0  (HANDOVER §8.5 — image handling not yet built)
carried-forward  3630765620417607 c0  → https://pub-893b4a6a607b4221a894bf861da7914e.r2.dev/3630765620417607.mp4
video-missing    3630765620417607 c0  (expected file not found in facebook/videos/ewa-2026-07-16)
carried-forward  1041140065016318 c0  → https://pub-893b4a6a607b4221a894bf861da7914e.r2.dev/1041140065016318.mp4
video-missing    1041140065016318 c0  (expected file not found in facebook/videos/ewa-2026-07-16)
uploaded         3401273316721075 c0  (video) ← 3401273316721075.mp4  → https://pub-893b4a6a607b4221a894bf861da7914e.r2.dev/3401273316721075.mp4
carried-forward  3986588961643946 c0  → https://pub-893b4a6a607b4221a894bf861da7914e.r2.dev/3986588961643946.mp4
video-missing    3986588961643946 c0  (expected file not found in facebook/videos/ewa-2026-07-16)
video-missing    3986588961643946 c0  (expected file not found in facebook/videos/ewa-2026-07-16)
video-missing    3986588961643946 c0  (expected file not found in facebook/videos/ewa-2026-07-16)
video-missing    3986588961643946 c0  (expected file not found in facebook/videos/ewa-2026-07-16)
image-pending    2590042038105297 c0  (HANDOVER §8.5 — image handling not yet built)
image-pending    2590042038105297 c0  (HANDOVER §8.5 — image handling not yet built)
image-pending    2590042038105297 c0  (HANDOVER §8.5 — image handling not yet built)
image-pending    2590042038105297 c0  (HANDOVER §8.5 — image handling not yet built)
uploaded         859655760237604 c0  (video) ← 859655760237604.mp4  → https://pub-893b4a6a607b4221a894bf861da7914e.r2.dev/859655760237604.mp4
video-missing    859655760237604 c0  (expected file not found in facebook/videos/ewa-2026-07-16)
carried-forward  1244565624353855 c0  → https://pub-893b4a6a607b4221a894bf861da7914e.r2.dev/1244565624353855.mp4
carried-forward  980681778358632 c0  → https://pub-893b4a6a607b4221a894bf861da7914e.r2.dev/980681778358632.mp4
carried-forward  1033760292521419 c0  → https://pub-893b4a6a607b4221a894bf861da7914e.r2.dev/1033760292521419.mp4
image-pending    1539092751208374 c0  (HANDOVER §8.5 — image handling not yet built)
image-pending    1539092751208374 c0  (HANDOVER §8.5 — image handling not yet built)
image-pending    1015602017848955 c0  (HANDOVER §8.5 — image handling not yet built)
image-pending    1549356016794843 c0  (HANDOVER §8.5 — image handling not yet built)
carried-forward  2199968340838844 c0  → https://pub-893b4a6a607b4221a894bf861da7914e.r2.dev/2199968340838844.mp4
carried-forward  3140725936117788 c0  → https://pub-893b4a6a607b4221a894bf861da7914e.r2.dev/3140725936117788.mp4
carried-forward  1315958386532359 c0  → https://pub-893b4a6a607b4221a894bf861da7914e.r2.dev/1315958386532359.jpg
image-pending    4432777220301440 c0  (HANDOVER §8.5 — image handling not yet built)
carried-forward  2012326406088411 c0  → https://pub-893b4a6a607b4221a894bf861da7914e.r2.dev/2012326406088411.mp4
carried-forward  1951342105484600 c0  → https://pub-893b4a6a607b4221a894bf861da7914e.r2.dev/1951342105484600.mp4
video-missing    1951342105484600 c0  (expected file not found in facebook/videos/ewa-2026-07-16)
carried-forward  1341580808123351 c0  → https://pub-893b4a6a607b4221a894bf861da7914e.r2.dev/1341580808123351.mp4
carried-forward  4290380504555651 c0  → https://pub-893b4a6a607b4221a894bf861da7914e.r2.dev/4290380504555651.mp4
video-missing    4290380504555651 c0  (expected file not found in facebook/videos/ewa-2026-07-16)
image-pending    1701414314497292 c0  (HANDOVER §8.5 — image handling not yet built)
image-pending    1922917495024366 c0  (HANDOVER §8.5 — image handling not yet built)
carried-forward  882569461012758 c0  → https://pub-893b4a6a607b4221a894bf861da7914e.r2.dev/882569461012758.mp4
image-pending    2240884820008255 c0  (HANDOVER §8.5 — image handling not yet built)
carried-forward  2298007447692260 c0  → https://pub-893b4a6a607b4221a894bf861da7914e.r2.dev/2298007447692260.mp4
carried-forward  958816927176313 c0  → https://pub-893b4a6a607b4221a894bf861da7914e.r2.dev/958816927176313.mp4
video-missing    958816927176313 c0  (expected file not found in facebook/videos/ewa-2026-07-16)
carried-forward  1497877788232093 c0  → https://pub-893b4a6a607b4221a894bf861da7914e.r2.dev/1497877788232093.mp4
image-pending    1054903820333680 c0  (HANDOVER §8.5 — image handling not yet built)
carried-forward  1555402532881559 c0  → https://pub-893b4a6a607b4221a894bf861da7914e.r2.dev/1555402532881559.mp4
image-pending    1689325609021124 c0  (HANDOVER §8.5 — image handling not yet built)
image-pending    1689325609021124 c0  (HANDOVER §8.5 — image handling not yet built)
image-pending    1689325609021124 c0  (HANDOVER §8.5 — image handling not yet built)
image-pending    1689325609021124 c0  (HANDOVER §8.5 — image handling not yet built)
image-pending    1689325609021124 c0  (HANDOVER §8.5 — image handling not yet built)
carried-forward  1345876130946949 c0  → https://pub-893b4a6a607b4221a894bf861da7914e.r2.dev/1345876130946949.mp4
image-pending    1399385072032370 c0  (HANDOVER §8.5 — image handling not yet built)
image-pending    1566896548113359 c0  (HANDOVER §8.5 — image handling not yet built)
carried-forward  1073552061755276 c0  → https://pub-893b4a6a607b4221a894bf861da7914e.r2.dev/1073552061755276.mp4
image-pending    3000964803585321 c0  (HANDOVER §8.5 — image handling not yet built)
carried-forward  1357530952924262 c0  → https://pub-893b4a6a607b4221a894bf861da7914e.r2.dev/1357530952924262.mp4
video-missing    1357530952924262 c0  (expected file not found in facebook/videos/ewa-2026-07-16)
video-missing    1357530952924262 c0  (expected file not found in facebook/videos/ewa-2026-07-16)
image-pending    1175338884767520 c0  (HANDOVER §8.5 — image handling not yet built)
image-pending    2124189675106408 c0  (HANDOVER §8.5 — image handling not yet built)
image-pending    2124189675106408 c0  (HANDOVER §8.5 — image handling not yet built)
image-pending    988299704003575 c0  (HANDOVER §8.5 — image handling not yet built)
image-pending    1984017578879939 c0  (HANDOVER §8.5 — image handling not yet built)
carried-forward  27335941129361928 c0  → https://pub-893b4a6a607b4221a894bf861da7914e.r2.dev/27335941129361928.mp4
image-pending    1528014042438243 c0  (HANDOVER §8.5 — image handling not yet built)
image-pending    1355206383173702 c0  (HANDOVER §8.5 — image handling not yet built)
carried-forward  1047354714613996 c0  → https://pub-893b4a6a607b4221a894bf861da7914e.r2.dev/1047354714613996.mp4
carried-forward  992482303709928 c0  → https://pub-893b4a6a607b4221a894bf861da7914e.r2.dev/992482303709928.mp4
image-pending    1517095549448744 c0  (HANDOVER §8.5 — image handling not yet built)
image-pending    2578260149259608 c0  (HANDOVER §8.5 — image handling not yet built)
image-pending    1669711447586554 c0  (HANDOVER §8.5 — image handling not yet built)
carried-forward  2888348224831321 c0  → https://pub-893b4a6a607b4221a894bf861da7914e.r2.dev/2888348224831321.mp4
image-pending    1004778869021755 c0  (HANDOVER §8.5 — image handling not yet built)
image-pending    1004778869021755 c0  (HANDOVER §8.5 — image handling not yet built)
image-pending    1004778869021755 c0  (HANDOVER §8.5 — image handling not yet built)
carried-forward  1546161980513802 c0  → https://pub-893b4a6a607b4221a894bf861da7914e.r2.dev/1546161980513802.mp4
carried-forward  1055515240366228 c0  → https://pub-893b4a6a607b4221a894bf861da7914e.r2.dev/1055515240366228.mp4
carried-forward  1015217818139600 c0  → https://pub-893b4a6a607b4221a894bf861da7914e.r2.dev/1015217818139600.mp4
image-pending    1013741348031300 c0  (HANDOVER §8.5 — image handling not yet built)
image-pending    1013741348031300 c0  (HANDOVER §8.5 — image handling not yet built)
image-pending    1013741348031300 c0  (HANDOVER §8.5 — image handling not yet built)
carried-forward  1305834284653905 c0  → https://pub-893b4a6a607b4221a894bf861da7914e.r2.dev/1305834284653905.mp4
image-pending    1302434441875166 c0  (HANDOVER §8.5 — image handling not yet built)
image-pending    1302434441875166 c0  (HANDOVER §8.5 — image handling not yet built)
image-pending    1302434441875166 c0  (HANDOVER §8.5 — image handling not yet built)
image-pending    1302434441875166 c0  (HANDOVER §8.5 — image handling not yet built)
image-pending    1041164718302871 c0  (HANDOVER §8.5 — image handling not yet built)
image-pending    2499338940566467 c0  (HANDOVER §8.5 — image handling not yet built)
carried-forward  1774560927221883 c0  → https://pub-893b4a6a607b4221a894bf861da7914e.r2.dev/1774560927221883.mp4
video-missing    1774560927221883 c0  (expected file not found in facebook/videos/ewa-2026-07-16)
image-pending    1685493289386825 c0  (HANDOVER §8.5 — image handling not yet built)
image-pending    1685493289386825 c0  (HANDOVER §8.5 — image handling not yet built)
image-pending    1685493289386825 c0  (HANDOVER §8.5 — image handling not yet built)
carried-forward  1345647287672826 c0  → https://pub-893b4a6a607b4221a894bf861da7914e.r2.dev/1345647287672826.mp4
uploaded         1001531209331816 c0  (video) ← 1001531209331816.mp4  → https://pub-893b4a6a607b4221a894bf861da7914e.r2.dev/1001531209331816.mp4
video-missing    1001531209331816 c0  (expected file not found in facebook/videos/ewa-2026-07-16)
video-missing    1001531209331816 c0  (expected file not found in facebook/videos/ewa-2026-07-16)
carried-forward  1718204432555820 c0  → https://pub-893b4a6a607b4221a894bf861da7914e.r2.dev/1718204432555820.mp4
image-pending    924766850703214 c0  (HANDOVER §8.5 — image handling not yet built)
image-pending    1671205474108549 c0  (HANDOVER §8.5 — image handling not yet built)
carried-forward  1320281302961129 c0  → https://pub-893b4a6a607b4221a894bf861da7914e.r2.dev/1320281302961129.mp4
carried-forward  1642835043452270 c0  → https://pub-893b4a6a607b4221a894bf861da7914e.r2.dev/1642835043452270.mp4
video-missing    1642835043452270 c0  (expected file not found in facebook/videos/ewa-2026-07-16)
image-pending    1043111004925424 c0  (HANDOVER §8.5 — image handling not yet built)
image-pending    1043111004925424 c0  (HANDOVER §8.5 — image handling not yet built)
image-pending    1043111004925424 c0  (HANDOVER §8.5 — image handling not yet built)
image-pending    2017457759164713 c0  (HANDOVER §8.5 — image handling not yet built)
carried-forward  2043834906343891 c0  → https://pub-893b4a6a607b4221a894bf861da7914e.r2.dev/2043834906343891.mp4
image-pending    1541362470709874 c0  (HANDOVER §8.5 — image handling not yet built)
image-pending    1468484601989983 c0  (HANDOVER §8.5 — image handling not yet built)
image-pending    1468484601989983 c0  (HANDOVER §8.5 — image handling not yet built)
image-pending    1468484601989983 c0  (HANDOVER §8.5 — image handling not yet built)
carried-forward  1020788754151425 c0  → https://pub-893b4a6a607b4221a894bf861da7914e.r2.dev/1020788754151425.mp4
image-pending    1025608223536894 c0  (HANDOVER §8.5 — image handling not yet built)
carried-forward  1753741698951262 c0  → https://pub-893b4a6a607b4221a894bf861da7914e.r2.dev/1753741698951262.mp4
video-missing    1753741698951262 c0  (expected file not found in facebook/videos/ewa-2026-07-16)
carried-forward  1984602795490043 c0  → https://pub-893b4a6a607b4221a894bf861da7914e.r2.dev/1984602795490043.mp4
uploaded         1839164380576000 c0  (video) ← 1839164380576000.mp4  → https://pub-893b4a6a607b4221a894bf861da7914e.r2.dev/1839164380576000.mp4
video-missing    1839164380576000 c0  (expected file not found in facebook/videos/ewa-2026-07-16)
video-missing    1839164380576000 c0  (expected file not found in facebook/videos/ewa-2026-07-16)
uploaded         873292079155007 c0  (video) ← 873292079155007.mp4  → https://pub-893b4a6a607b4221a894bf861da7914e.r2.dev/873292079155007.mp4
carried-forward  1021906857393822 c0  → https://pub-893b4a6a607b4221a894bf861da7914e.r2.dev/1021906857393822.mp4
carried-forward  1557976449192005 c0  → https://pub-893b4a6a607b4221a894bf861da7914e.r2.dev/1557976449192005.mp4
carried-forward  1053384307014992 c0  → https://pub-893b4a6a607b4221a894bf861da7914e.r2.dev/1053384307014992.mp4
image-pending    1742938173730861 c0  (HANDOVER §8.5 — image handling not yet built)
image-pending    1742938173730861 c0  (HANDOVER §8.5 — image handling not yet built)
image-pending    1742938173730861 c0  (HANDOVER §8.5 — image handling not yet built)
carried-forward  1025548376729958 c0  → https://pub-893b4a6a607b4221a894bf861da7914e.r2.dev/1025548376729958.mp4
carried-forward  1332869541719142 c0  → https://pub-893b4a6a607b4221a894bf861da7914e.r2.dev/1332869541719142.mp4
video-missing    1332869541719142 c0  (expected file not found in facebook/videos/ewa-2026-07-16)
carried-forward  911185462001195 c0  → https://pub-893b4a6a607b4221a894bf861da7914e.r2.dev/911185462001195.mp4
carried-forward  1708426440354500 c0  → https://pub-893b4a6a607b4221a894bf861da7914e.r2.dev/1708426440354500.mp4
carried-forward  2352508975282040 c0  → https://pub-893b4a6a607b4221a894bf861da7914e.r2.dev/2352508975282040.mp4
image-pending    1729533135141066 c0  (HANDOVER §8.5 — image handling not yet built)
image-pending    1729533135141066 c0  (HANDOVER §8.5 — image handling not yet built)
image-pending    1729533135141066 c0  (HANDOVER §8.5 — image handling not yet built)
image-pending    1550063626795058 c0  (HANDOVER §8.5 — image handling not yet built)
image-pending    1550063626795058 c0  (HANDOVER §8.5 — image handling not yet built)
image-pending    27391608717122168 c0  (HANDOVER §8.5 — image handling not yet built)
carried-forward  1059182186557701 c0  → https://pub-893b4a6a607b4221a894bf861da7914e.r2.dev/1059182186557701.mp4
carried-forward  1557200479383194 c0  → https://pub-893b4a6a607b4221a894bf861da7914e.r2.dev/1557200479383194.mp4
carried-forward  813865028257344 c0  → https://pub-893b4a6a607b4221a894bf861da7914e.r2.dev/813865028257344.mp4
carried-forward  1557362729066698 c0  → https://pub-893b4a6a607b4221a894bf861da7914e.r2.dev/1557362729066698.mp4
video-missing    1557362729066698 c0  (expected file not found in facebook/videos/ewa-2026-07-16)
image-pending    873317502089659 c0  (HANDOVER §8.5 — image handling not yet built)
image-pending    2098306711040991 c0  (HANDOVER §8.5 — image handling not yet built)
image-pending    1806176970353922 c0  (HANDOVER §8.5 — image handling not yet built)
carried-forward  1519572902439906 c0  → https://pub-893b4a6a607b4221a894bf861da7914e.r2.dev/1519572902439906.mp4
image-pending    4379024182345222 c0  (HANDOVER §8.5 — image handling not yet built)
image-pending    4379024182345222 c0  (HANDOVER §8.5 — image handling not yet built)
carried-forward  875511508585987 c0  → https://pub-893b4a6a607b4221a894bf861da7914e.r2.dev/875511508585987.mp4
image-pending    1460451366098453 c0  (HANDOVER §8.5 — image handling not yet built)
image-pending    1460451366098453 c0  (HANDOVER §8.5 — image handling not yet built)
image-pending    1285849770028050 c0  (HANDOVER §8.5 — image handling not yet built)
image-pending    1285849770028050 c0  (HANDOVER §8.5 — image handling not yet built)
uploaded         1598124328350267 c0  (video) ← 1598124328350267.mp4  → https://pub-893b4a6a607b4221a894bf861da7914e.r2.dev/1598124328350267.mp4
image-pending    2839077213122544 c0  (HANDOVER §8.5 — image handling not yet built)
image-pending    2382335412175607 c0  (HANDOVER §8.5 — image handling not yet built)
image-pending    2382335412175607 c0  (HANDOVER §8.5 — image handling not yet built)
image-pending    2382335412175607 c0  (HANDOVER §8.5 — image handling not yet built)
image-pending    2382335412175607 c0  (HANDOVER §8.5 — image handling not yet built)
image-pending    2382335412175607 c0  (HANDOVER §8.5 — image handling not yet built)
carried-forward  2797843283942304 c0  → https://pub-893b4a6a607b4221a894bf861da7914e.r2.dev/2797843283942304.mp4
carried-forward  2137647430144159 c0  → https://pub-893b4a6a607b4221a894bf861da7914e.r2.dev/2137647430144159.mp4
image-pending    1649175813479500 c0  (HANDOVER §8.5 — image handling not yet built)
image-pending    1649175813479500 c0  (HANDOVER §8.5 — image handling not yet built)
image-pending    1029236059618756 c0  (HANDOVER §8.5 — image handling not yet built)
image-pending    1029236059618756 c0  (HANDOVER §8.5 — image handling not yet built)
image-pending    1836794177300533 c0  (HANDOVER §8.5 — image handling not yet built)
image-pending    1781639973199509 c0  (HANDOVER §8.5 — image handling not yet built)
carried-forward  1176622471262482 c0  → https://pub-893b4a6a607b4221a894bf861da7914e.r2.dev/1176622471262482.mp4
video-missing    1176622471262482 c0  (expected file not found in facebook/videos/ewa-2026-07-16)
carried-forward  2449548375519528 c0  → https://pub-893b4a6a607b4221a894bf861da7914e.r2.dev/2449548375519528.mp4
carried-forward  2551763855260272 c0  → https://pub-893b4a6a607b4221a894bf861da7914e.r2.dev/2551763855260272.mp4
video-missing    27202729049369297 c0  (expected file not found in facebook/videos/ewa-2026-07-16)
carried-forward  1343216794623512 c0  → https://pub-893b4a6a607b4221a894bf861da7914e.r2.dev/1343216794623512.mp4
image-pending    1026593306415088 c0  (HANDOVER §8.5 — image handling not yet built)
image-pending    1543953990765332 c0  (HANDOVER §8.5 — image handling not yet built)
image-pending    1543953990765332 c0  (HANDOVER §8.5 — image handling not yet built)
image-pending    1543953990765332 c0  (HANDOVER §8.5 — image handling not yet built)
image-pending    1543953990765332 c0  (HANDOVER §8.5 — image handling not yet built)
image-pending    1543953990765332 c0  (HANDOVER §8.5 — image handling not yet built)
image-pending    1543953990765332 c0  (HANDOVER §8.5 — image handling not yet built)
image-pending    1543953990765332 c0  (HANDOVER §8.5 — image handling not yet built)
image-pending    27436576862679123 c0  (HANDOVER §8.5 — image handling not yet built)
image-pending    27436576862679123 c0  (HANDOVER §8.5 — image handling not yet built)
image-pending    27436576862679123 c0  (HANDOVER §8.5 — image handling not yet built)
image-pending    27436576862679123 c0  (HANDOVER §8.5 — image handling not yet built)
image-pending    27436576862679123 c0  (HANDOVER §8.5 — image handling not yet built)
carried-forward  902972519505074 c0  → https://pub-893b4a6a607b4221a894bf861da7914e.r2.dev/902972519505074.mp4
carried-forward  1558057719324918 c0  → https://pub-893b4a6a607b4221a894bf861da7914e.r2.dev/1558057719324918.mp4
video-missing    1558057719324918 c0  (expected file not found in facebook/videos/ewa-2026-07-16)
image-pending    1577271277363458 c0  (HANDOVER §8.5 — image handling not yet built)
uploaded         1047114574486525 c0  (video) ← 1047114574486525.mp4  → https://pub-893b4a6a607b4221a894bf861da7914e.r2.dev/1047114574486525.mp4
carried-forward  1778374726938540 c0  → https://pub-893b4a6a607b4221a894bf861da7914e.r2.dev/1778374726938540.mp4
carried-forward  1064674179551494 c0  → https://pub-893b4a6a607b4221a894bf861da7914e.r2.dev/1064674179551494.mp4
carried-forward  1433658831926942 c0  → https://pub-893b4a6a607b4221a894bf861da7914e.r2.dev/1433658831926942.mp4
image-pending    878087714857177 c0  (HANDOVER §8.5 — image handling not yet built)
carried-forward  1593750882360742 c0  → https://pub-893b4a6a607b4221a894bf861da7914e.r2.dev/1593750882360742.mp4
carried-forward  2385012251991603 c0  → https://pub-893b4a6a607b4221a894bf861da7914e.r2.dev/2385012251991603.mp4
carried-forward  1006264918983521 c0  → https://pub-893b4a6a607b4221a894bf861da7914e.r2.dev/1006264918983521.mp4
carried-forward  1507473047150986 c0  → https://pub-893b4a6a607b4221a894bf861da7914e.r2.dev/1507473047150986.mp4
carried-forward  2088052618758098 c0  → https://pub-893b4a6a607b4221a894bf861da7914e.r2.dev/2088052618758098.mp4
carried-forward  1733722027799742 c0  → https://pub-893b4a6a607b4221a894bf861da7914e.r2.dev/1733722027799742.mp4
video-missing    1733722027799742 c0  (expected file not found in facebook/videos/ewa-2026-07-16)
image-pending    26613094448366463 c0  (HANDOVER §8.5 — image handling not yet built)
image-pending    1731900044506106 c0  (HANDOVER §8.5 — image handling not yet built)
carried-forward  1639544597344522 c0  → https://pub-893b4a6a607b4221a894bf861da7914e.r2.dev/1639544597344522.mp4
video-missing    1639544597344522 c0  (expected file not found in facebook/videos/ewa-2026-07-16)
image-pending    1012663194895591 c0  (HANDOVER §8.5 — image handling not yet built)
uploaded         834577789592624 c0  (video) ← 834577789592624.mp4  → https://pub-893b4a6a607b4221a894bf861da7914e.r2.dev/834577789592624.mp4
video-missing    834577789592624 c0  (expected file not found in facebook/videos/ewa-2026-07-16)
video-missing    834577789592624 c0  (expected file not found in facebook/videos/ewa-2026-07-16)
video-missing    834577789592624 c0  (expected file not found in facebook/videos/ewa-2026-07-16)
carried-forward  2914370645587737 c0  → https://pub-893b4a6a607b4221a894bf861da7914e.r2.dev/2914370645587737.mp4
image-pending    1537861838385479 c0  (HANDOVER §8.5 — image handling not yet built)
image-pending    1537861838385479 c0  (HANDOVER §8.5 — image handling not yet built)
uploaded         2719992665041445 c0  (video) ← 2719992665041445.mp4  → https://pub-893b4a6a607b4221a894bf861da7914e.r2.dev/2719992665041445.mp4
image-pending    1017429574213695 c0  (HANDOVER §8.5 — image handling not yet built)
carried-forward  1590958579043958 c0  → https://pub-893b4a6a607b4221a894bf861da7914e.r2.dev/1590958579043958.mp4
video-missing    1590958579043958 c0  (expected file not found in facebook/videos/ewa-2026-07-16)
image-pending    1327470832874738 c0  (HANDOVER §8.5 — image handling not yet built)
carried-forward  27441365728789118 c0  → https://pub-893b4a6a607b4221a894bf861da7914e.r2.dev/27441365728789118.jpg
carried-forward  2132942784307230 c0  → https://pub-893b4a6a607b4221a894bf861da7914e.r2.dev/2132942784307230.mp4
video-missing    2132942784307230 c0  (expected file not found in facebook/videos/ewa-2026-07-16)
video-missing    2132942784307230 c0  (expected file not found in facebook/videos/ewa-2026-07-16)
carried-forward  1496588182155541 c0  → https://pub-893b4a6a607b4221a894bf861da7914e.r2.dev/1496588182155541.mp4
video-missing    1496588182155541 c0  (expected file not found in facebook/videos/ewa-2026-07-16)
image-pending    3959241857711182 c0  (HANDOVER §8.5 — image handling not yet built)
image-pending    3959241857711182 c0  (HANDOVER §8.5 — image handling not yet built)
image-pending    1728999834793656 c0  (HANDOVER §8.5 — image handling not yet built)
carried-forward  1054872653537553 c0  → https://pub-893b4a6a607b4221a894bf861da7914e.r2.dev/1054872653537553.mp4
image-pending    891575253544413 c0  (HANDOVER §8.5 — image handling not yet built)
image-pending    891575253544413 c0  (HANDOVER §8.5 — image handling not yet built)
carried-forward  1552368389669828 c0  → https://pub-893b4a6a607b4221a894bf861da7914e.r2.dev/1552368389669828.mp4
video-missing    1552368389669828 c0  (expected file not found in facebook/videos/ewa-2026-07-16)
image-pending    1757369968588038 c0  (HANDOVER §8.5 — image handling not yet built)
carried-forward  1338759451172343 c0  → https://pub-893b4a6a607b4221a894bf861da7914e.r2.dev/1338759451172343.mp4
uploaded         1334128871582192 c0  (video) ← 1334128871582192.mp4  → https://pub-893b4a6a607b4221a894bf861da7914e.r2.dev/1334128871582192.mp4
carried-forward  1553177682821544 c0  → https://pub-893b4a6a607b4221a894bf861da7914e.r2.dev/1553177682821544.mp4
carried-forward  2202763280580855 c0  → https://pub-893b4a6a607b4221a894bf861da7914e.r2.dev/2202763280580855.mp4
carried-forward  1478728220253869 c0  → https://pub-893b4a6a607b4221a894bf861da7914e.r2.dev/1478728220253869.jpg
image-pending    1478728220253869 c0  (HANDOVER §8.5 — image handling not yet built)
image-pending    1478728220253869 c0  (HANDOVER §8.5 — image handling not yet built)
image-pending    2331914937353435 c0  (HANDOVER §8.5 — image handling not yet built)
uploaded         1525107109394488 c0  (video) ← 1525107109394488.mp4  → https://pub-893b4a6a607b4221a894bf861da7914e.r2.dev/1525107109394488.mp4
image-pending    2124761528100910 c0  (HANDOVER §8.5 — image handling not yet built)
carried-forward  1739376450666447 c0  → https://pub-893b4a6a607b4221a894bf861da7914e.r2.dev/1739376450666447.mp4
image-pending    1389033136493199 c0  (HANDOVER §8.5 — image handling not yet built)
image-pending    1384038233602491 c0  (HANDOVER §8.5 — image handling not yet built)
image-pending    1232841788892060 c0  (HANDOVER §8.5 — image handling not yet built)
uploaded         1598798275233970 c0  (video) ← 1598798275233970.mp4  → https://pub-893b4a6a607b4221a894bf861da7914e.r2.dev/1598798275233970.mp4
carried-forward  1332279272323774 c0  → https://pub-893b4a6a607b4221a894bf861da7914e.r2.dev/1332279272323774.mp4
video-missing    1332279272323774 c0  (expected file not found in facebook/videos/ewa-2026-07-16)
carried-forward  1797297944964478 c0  → https://pub-893b4a6a607b4221a894bf861da7914e.r2.dev/1797297944964478.mp4
image-pending    2270643783746697 c0  (HANDOVER §8.5 — image handling not yet built)
carried-forward  953000507748365 c0  → https://pub-893b4a6a607b4221a894bf861da7914e.r2.dev/953000507748365.mp4
uploaded         863306016551875 c0  (video) ← 863306016551875.mp4  → https://pub-893b4a6a607b4221a894bf861da7914e.r2.dev/863306016551875.mp4
video-missing    863306016551875 c0  (expected file not found in facebook/videos/ewa-2026-07-16)
image-pending    1227702419419687 c0  (HANDOVER §8.5 — image handling not yet built)
image-pending    897873679412171 c0  (HANDOVER §8.5 — image handling not yet built)
carried-forward  861954130007359 c0  → https://pub-893b4a6a607b4221a894bf861da7914e.r2.dev/861954130007359.mp4
uploaded         1010342818268745 c0  (video) ← 1010342818268745.mp4  → https://pub-893b4a6a607b4221a894bf861da7914e.r2.dev/1010342818268745.mp4
video-missing    1010342818268745 c0  (expected file not found in facebook/videos/ewa-2026-07-16)
uploaded         1011396708545013 c0  (video) ← 1011396708545013.mp4  → https://pub-893b4a6a607b4221a894bf861da7914e.r2.dev/1011396708545013.mp4
video-missing    1011396708545013 c0  (expected file not found in facebook/videos/ewa-2026-07-16)
video-missing    1011396708545013 c0  (expected file not found in facebook/videos/ewa-2026-07-16)
video-missing    1011396708545013 c0  (expected file not found in facebook/videos/ewa-2026-07-16)
carried-forward  1707176936980591 c0  → https://pub-893b4a6a607b4221a894bf861da7914e.r2.dev/1707176936980591.mp4
uploaded         1337113115158960 c0  (video) ← 1337113115158960.mp4  → https://pub-893b4a6a607b4221a894bf861da7914e.r2.dev/1337113115158960.mp4
video-missing    1337113115158960 c0  (expected file not found in facebook/videos/ewa-2026-07-16)
image-pending    4123507764614081 c0  (HANDOVER §8.5 — image handling not yet built)
image-pending    1307342510891413 c0  (HANDOVER §8.5 — image handling not yet built)
image-pending    1533245944962233 c0  (HANDOVER §8.5 — image handling not yet built)
carried-forward  28206828018907978 c0  → https://pub-893b4a6a607b4221a894bf861da7914e.r2.dev/28206828018907978.mp4
image-pending    1305205138055758 c0  (HANDOVER §8.5 — image handling not yet built)
carried-forward  778890205282709 c0  → https://pub-893b4a6a607b4221a894bf861da7914e.r2.dev/778890205282709.mp4
carried-forward  2492672947822636 c0  → https://pub-893b4a6a607b4221a894bf861da7914e.r2.dev/2492672947822636.mp4
uploaded         1500130284728503 c0  (video) ← 1500130284728503.mp4  → https://pub-893b4a6a607b4221a894bf861da7914e.r2.dev/1500130284728503.mp4
video-missing    1500130284728503 c0  (expected file not found in facebook/videos/ewa-2026-07-16)
carried-forward  1096016802851652 c0  → https://pub-893b4a6a607b4221a894bf861da7914e.r2.dev/1096016802851652.mp4
image-pending    887771101064096 c0  (HANDOVER §8.5 — image handling not yet built)
image-pending    887771101064096 c0  (HANDOVER §8.5 — image handling not yet built)
image-pending    4487350054834317 c0  (HANDOVER §8.5 — image handling not yet built)
uploaded         1457702979727021 c0  (video) ← 1457702979727021.mp4  → https://pub-893b4a6a607b4221a894bf861da7914e.r2.dev/1457702979727021.mp4
carried-forward  911113682000470 c0  → https://pub-893b4a6a607b4221a894bf861da7914e.r2.dev/911113682000470.mp4
image-pending    2794753707570347 c0  (HANDOVER §8.5 — image handling not yet built)
carried-forward  27535842256026487 c0  → https://pub-893b4a6a607b4221a894bf861da7914e.r2.dev/27535842256026487.mp4
video-missing    27535842256026487 c0  (expected file not found in facebook/videos/ewa-2026-07-16)
video-missing    27535842256026487 c0  (expected file not found in facebook/videos/ewa-2026-07-16)
carried-forward  1379647650743558 c0  → https://pub-893b4a6a607b4221a894bf861da7914e.r2.dev/1379647650743558.mp4
carried-forward  1580922686996950 c0  → https://pub-893b4a6a607b4221a894bf861da7914e.r2.dev/1580922686996950.mp4
carried-forward  959288810468171 c0  → https://pub-893b4a6a607b4221a894bf861da7914e.r2.dev/959288810468171.mp4
carried-forward  1012235105000273 c0  → https://pub-893b4a6a607b4221a894bf861da7914e.r2.dev/1012235105000273.mp4
image-pending    1021798534036095 c0  (HANDOVER §8.5 — image handling not yet built)
image-pending    2507382539741915 c0  (HANDOVER §8.5 — image handling not yet built)
image-pending    1342058630810485 c0  (HANDOVER §8.5 — image handling not yet built)
image-pending    1005077108909759 c0  (HANDOVER §8.5 — image handling not yet built)
carried-forward  897584573336306 c0  → https://pub-893b4a6a607b4221a894bf861da7914e.r2.dev/897584573336306.mp4
video-missing    2119021118659694 c0  (expected file not found in facebook/videos/ewa-2026-07-16)
carried-forward  1023579663653579 c0  → https://pub-893b4a6a607b4221a894bf861da7914e.r2.dev/1023579663653579.mp4
uploaded         1719296292436944 c0  (video) ← 1719296292436944.mp4  → https://pub-893b4a6a607b4221a894bf861da7914e.r2.dev/1719296292436944.mp4
video-missing    1719296292436944 c0  (expected file not found in facebook/videos/ewa-2026-07-16)
uploaded         1563953742063351 c0  (video) ← 1563953742063351.mp4  → https://pub-893b4a6a607b4221a894bf861da7914e.r2.dev/1563953742063351.mp4
image-pending    2165844980877891 c0  (HANDOVER §8.5 — image handling not yet built)
image-pending    2165844980877891 c0  (HANDOVER §8.5 — image handling not yet built)
carried-forward  27379204638396197 c0  → https://pub-893b4a6a607b4221a894bf861da7914e.r2.dev/27379204638396197.mp4
image-pending    1293414669277577 c0  (HANDOVER §8.5 — image handling not yet built)
image-pending    1293414669277577 c0  (HANDOVER §8.5 — image handling not yet built)
image-pending    1293414669277577 c0  (HANDOVER §8.5 — image handling not yet built)
image-pending    1293414669277577 c0  (HANDOVER §8.5 — image handling not yet built)
image-pending    1293414669277577 c0  (HANDOVER §8.5 — image handling not yet built)
image-pending    1293414669277577 c0  (HANDOVER §8.5 — image handling not yet built)
carried-forward  1819535669030757 c0  → https://pub-893b4a6a607b4221a894bf861da7914e.r2.dev/1819535669030757.mp4
carried-forward  1560506245661516 c0  → https://pub-893b4a6a607b4221a894bf861da7914e.r2.dev/1560506245661516.mp4
carried-forward  28069326826019052 c0  → https://pub-893b4a6a607b4221a894bf861da7914e.r2.dev/28069326826019052.mp4
carried-forward  945713541851892 c0  → https://pub-893b4a6a607b4221a894bf861da7914e.r2.dev/945713541851892.mp4
uploaded         1694060214980430 c0  (video) ← 1694060214980430.mp4  → https://pub-893b4a6a607b4221a894bf861da7914e.r2.dev/1694060214980430.mp4
video-missing    1694060214980430 c0  (expected file not found in facebook/videos/ewa-2026-07-16)
image-pending    2477698442729434 c0  (HANDOVER §8.5 — image handling not yet built)
image-pending    1405517694738065 c0  (HANDOVER §8.5 — image handling not yet built)
image-pending    2876895206036320 c0  (HANDOVER §8.5 — image handling not yet built)
image-pending    2876895206036320 c0  (HANDOVER §8.5 — image handling not yet built)
image-pending    1290315656510501 c0  (HANDOVER §8.5 — image handling not yet built)
image-pending    2463104934153271 c0  (HANDOVER §8.5 — image handling not yet built)
image-pending    2463104934153271 c0  (HANDOVER §8.5 — image handling not yet built)
image-pending    2463104934153271 c0  (HANDOVER §8.5 — image handling not yet built)
image-pending    2463104934153271 c0  (HANDOVER §8.5 — image handling not yet built)
image-pending    1706908923963502 c0  (HANDOVER §8.5 — image handling not yet built)
uploaded         1060968446503314 c0  (video) ← 1060968446503314.mp4  → https://pub-893b4a6a607b4221a894bf861da7914e.r2.dev/1060968446503314.mp4
video-missing    1060968446503314 c0  (expected file not found in facebook/videos/ewa-2026-07-16)
video-missing    1060968446503314 c0  (expected file not found in facebook/videos/ewa-2026-07-16)
image-pending    1506037134335540 c0  (HANDOVER §8.5 — image handling not yet built)
image-pending    1506037134335540 c0  (HANDOVER §8.5 — image handling not yet built)
carried-forward  1016772787479841 c0  → https://pub-893b4a6a607b4221a894bf861da7914e.r2.dev/1016772787479841.mp4
carried-forward  1025871660367778 c0  → https://pub-893b4a6a607b4221a894bf861da7914e.r2.dev/1025871660367778.mp4
image-pending    1260362019376536 c0  (HANDOVER §8.5 — image handling not yet built)
image-pending    2606316339819139 c0  (HANDOVER §8.5 — image handling not yet built)
carried-forward  951987437935111 c0  → https://pub-893b4a6a607b4221a894bf861da7914e.r2.dev/951987437935111.mp4
image-pending    1672416314018283 c0  (HANDOVER §8.5 — image handling not yet built)
image-pending    1672416314018283 c0  (HANDOVER §8.5 — image handling not yet built)
carried-forward  1418769016755392 c0  → https://pub-893b4a6a607b4221a894bf861da7914e.r2.dev/1418769016755392.mp4
carried-forward  1406608997963854 c0  → https://pub-893b4a6a607b4221a894bf861da7914e.r2.dev/1406608997963854.mp4
video-missing    1406608997963854 c0  (expected file not found in facebook/videos/ewa-2026-07-16)
video-missing    1406608997963854 c0  (expected file not found in facebook/videos/ewa-2026-07-16)
image-pending    2928567720854980 c0  (HANDOVER §8.5 — image handling not yet built)
image-pending    963212996765558 c0  (HANDOVER §8.5 — image handling not yet built)
uploaded         2234393020682815 c0  (video) ← 2234393020682815.mp4  → https://pub-893b4a6a607b4221a894bf861da7914e.r2.dev/2234393020682815.mp4
image-pending    915335068272727 c0  (HANDOVER §8.5 — image handling not yet built)
image-pending    915335068272727 c0  (HANDOVER §8.5 — image handling not yet built)
image-pending    2048275156060402 c0  (HANDOVER §8.5 — image handling not yet built)
image-pending    2048275156060402 c0  (HANDOVER §8.5 — image handling not yet built)
carried-forward  2664767333920983 c0  → https://pub-893b4a6a607b4221a894bf861da7914e.r2.dev/2664767333920983.mp4
image-pending    1048152420957287 c0  (HANDOVER §8.5 — image handling not yet built)
image-pending    1048152420957287 c0  (HANDOVER §8.5 — image handling not yet built)
image-pending    1048152420957287 c0  (HANDOVER §8.5 — image handling not yet built)
image-pending    1023916740225725 c0  (HANDOVER §8.5 — image handling not yet built)
carried-forward  2324062521668025 c0  → https://pub-893b4a6a607b4221a894bf861da7914e.r2.dev/2324062521668025.mp4
carried-forward  2517838241987977 c0  → https://pub-893b4a6a607b4221a894bf861da7914e.r2.dev/2517838241987977.mp4
image-pending    1375161391414703 c0  (HANDOVER §8.5 — image handling not yet built)
image-pending    1588352296242444 c0  (HANDOVER §8.5 — image handling not yet built)
image-pending    2312295802852632 c0  (HANDOVER §8.5 — image handling not yet built)
uploaded         1039568818552631 c0  (video) ← 1039568818552631.mp4  → https://pub-893b4a6a607b4221a894bf861da7914e.r2.dev/1039568818552631.mp4
image-pending    1996569370993890 c0  (HANDOVER §8.5 — image handling not yet built)
carried-forward  1551743203314017 c0  → https://pub-893b4a6a607b4221a894bf861da7914e.r2.dev/1551743203314017.mp4
carried-forward  2031646937452539 c0  → https://pub-893b4a6a607b4221a894bf861da7914e.r2.dev/2031646937452539.mp4
carried-forward  1524801158634663 c0  → https://pub-893b4a6a607b4221a894bf861da7914e.r2.dev/1524801158634663.mp4
video-missing    1524801158634663 c0  (expected file not found in facebook/videos/ewa-2026-07-16)
carried-forward  1525550895120599 c0  → https://pub-893b4a6a607b4221a894bf861da7914e.r2.dev/1525550895120599.mp4
uploaded         862655229956099 c0  (video) ← 862655229956099.mp4  → https://pub-893b4a6a607b4221a894bf861da7914e.r2.dev/862655229956099.mp4
image-pending    1216833803842853 c0  (HANDOVER §8.5 — image handling not yet built)
carried-forward  27614352371491564 c0  → https://pub-893b4a6a607b4221a894bf861da7914e.r2.dev/27614352371491564.mp4
carried-forward  2000652637224686 c0  → https://pub-893b4a6a607b4221a894bf861da7914e.r2.dev/2000652637224686.mp4
uploaded         2282695625816391 c0  (video) ← 2282695625816391.mp4  → https://pub-893b4a6a607b4221a894bf861da7914e.r2.dev/2282695625816391.mp4
video-missing    2282695625816391 c0  (expected file not found in facebook/videos/ewa-2026-07-16)
video-missing    2282695625816391 c0  (expected file not found in facebook/videos/ewa-2026-07-16)
video-missing    2282695625816391 c0  (expected file not found in facebook/videos/ewa-2026-07-16)
image-pending    1446012813985364 c0  (HANDOVER §8.5 — image handling not yet built)
carried-forward  2002369933736835 c0  → https://pub-893b4a6a607b4221a894bf861da7914e.r2.dev/2002369933736835.mp4
carried-forward  1734501684650611 c0  → https://pub-893b4a6a607b4221a894bf861da7914e.r2.dev/1734501684650611.mp4
image-pending    2440876419753259 c0  (HANDOVER §8.5 — image handling not yet built)
image-pending    1005774121821441 c0  (HANDOVER §8.5 — image handling not yet built)
carried-forward  1031669026267504 c0  → https://pub-893b4a6a607b4221a894bf861da7914e.r2.dev/1031669026267504.mp4
carried-forward  1543668917261655 c0  → https://pub-893b4a6a607b4221a894bf861da7914e.r2.dev/1543668917261655.mp4
video-missing    1543668917261655 c0  (expected file not found in facebook/videos/ewa-2026-07-16)
video-missing    1543668917261655 c0  (expected file not found in facebook/videos/ewa-2026-07-16)
video-missing    1543668917261655 c0  (expected file not found in facebook/videos/ewa-2026-07-16)
uploaded         1013767104770013 c0  (video) ← 1013767104770013.mp4  → https://pub-893b4a6a607b4221a894bf861da7914e.r2.dev/1013767104770013.mp4
image-pending    1738765050639545 c0  (HANDOVER §8.5 — image handling not yet built)
image-pending    1738765050639545 c0  (HANDOVER §8.5 — image handling not yet built)
image-pending    1738765050639545 c0  (HANDOVER §8.5 — image handling not yet built)
image-pending    1738765050639545 c0  (HANDOVER §8.5 — image handling not yet built)
carried-forward  27580761458252340 c0  → https://pub-893b4a6a607b4221a894bf861da7914e.r2.dev/27580761458252340.mp4
carried-forward  4337088083206695 c0  → https://pub-893b4a6a607b4221a894bf861da7914e.r2.dev/4337088083206695.mp4
uploaded         1050839040782620 c0  (video) ← 1050839040782620.mp4  → https://pub-893b4a6a607b4221a894bf861da7914e.r2.dev/1050839040782620.mp4
image-pending    965902922953419 c0  (HANDOVER §8.5 — image handling not yet built)
image-pending    965902922953419 c0  (HANDOVER §8.5 — image handling not yet built)
uploaded         2754468074934925 c0  (video) ← 2754468074934925.mp4  → https://pub-893b4a6a607b4221a894bf861da7914e.r2.dev/2754468074934925.mp4
carried-forward  1430861215545783 c0  → https://pub-893b4a6a607b4221a894bf861da7914e.r2.dev/1430861215545783.mp4
image-pending    1247953900670675 c0  (HANDOVER §8.5 — image handling not yet built)
image-pending    1028075779585805 c0  (HANDOVER §8.5 — image handling not yet built)
image-pending    1028075779585805 c0  (HANDOVER §8.5 — image handling not yet built)
uploaded         2669430920118412 c0  (video) ← 2669430920118412.mp4  → https://pub-893b4a6a607b4221a894bf861da7914e.r2.dev/2669430920118412.mp4
video-missing    2669430920118412 c0  (expected file not found in facebook/videos/ewa-2026-07-16)
carried-forward  1355348586728288 c0  → https://pub-893b4a6a607b4221a894bf861da7914e.r2.dev/1355348586728288.mp4
video-missing    1355348586728288 c0  (expected file not found in facebook/videos/ewa-2026-07-16)
carried-forward  872180495486973 c0  → https://pub-893b4a6a607b4221a894bf861da7914e.r2.dev/872180495486973.mp4
video-missing    872180495486973 c0  (expected file not found in facebook/videos/ewa-2026-07-16)
image-pending    1013479841561750 c0  (HANDOVER §8.5 — image handling not yet built)
image-pending    907296665718141 c0  (HANDOVER §8.5 — image handling not yet built)
image-pending    907296665718141 c0  (HANDOVER §8.5 — image handling not yet built)
image-pending    3113380025524068 c0  (HANDOVER §8.5 — image handling not yet built)
carried-forward  27152268437785170 c0  → https://pub-893b4a6a607b4221a894bf861da7914e.r2.dev/27152268437785170.mp4
image-pending    794809820323291 c0  (HANDOVER §8.5 — image handling not yet built)
image-pending    2076555413239944 c0  (HANDOVER §8.5 — image handling not yet built)
image-pending    2076555413239944 c0  (HANDOVER §8.5 — image handling not yet built)
image-pending    1777371246757939 c0  (HANDOVER §8.5 — image handling not yet built)
image-pending    1376282037695125 c0  (HANDOVER §8.5 — image handling not yet built)
image-pending    1376282037695125 c0  (HANDOVER §8.5 — image handling not yet built)
uploaded         1699831511250568 c0  (video) ← 1699831511250568.mp4  → https://pub-893b4a6a607b4221a894bf861da7914e.r2.dev/1699831511250568.mp4
carried-forward  966228486466430 c0  → https://pub-893b4a6a607b4221a894bf861da7914e.r2.dev/966228486466430.mp4
image-pending    2317206778769016 c0  (HANDOVER §8.5 — image handling not yet built)
image-pending    1182871388246565 c0  (HANDOVER §8.5 — image handling not yet built)
image-pending    945854728515100 c0  (HANDOVER §8.5 — image handling not yet built)
image-pending    872536282107119 c0  (HANDOVER §8.5 — image handling not yet built)
image-pending    1028902046169144 c0  (HANDOVER §8.5 — image handling not yet built)
carried-forward  2406870426474178 c0  → https://pub-893b4a6a607b4221a894bf861da7914e.r2.dev/2406870426474178.mp4
carried-forward  1336328915277823 c0  → https://pub-893b4a6a607b4221a894bf861da7914e.r2.dev/1336328915277823.mp4
image-pending    2081467282452727 c0  (HANDOVER §8.5 — image handling not yet built)
carried-forward  947909591668864 c0  → https://pub-893b4a6a607b4221a894bf861da7914e.r2.dev/947909591668864.mp4
carried-forward  1008147098584628 c0  → https://pub-893b4a6a607b4221a894bf861da7914e.r2.dev/1008147098584628.mp4
image-pending    1559873162333585 c0  (HANDOVER §8.5 — image handling not yet built)
carried-forward  1658901808523043 c0  → https://pub-893b4a6a607b4221a894bf861da7914e.r2.dev/1658901808523043.mp4
video-missing    1658901808523043 c0  (expected file not found in facebook/videos/ewa-2026-07-16)
video-missing    1658901808523043 c0  (expected file not found in facebook/videos/ewa-2026-07-16)
carried-forward  1554479282882105 c0  → https://pub-893b4a6a607b4221a894bf861da7914e.r2.dev/1554479282882105.mp4
image-pending    1011877798144358 c0  (HANDOVER §8.5 — image handling not yet built)
carried-forward  1579457437037540 c0  → https://pub-893b4a6a607b4221a894bf861da7914e.r2.dev/1579457437037540.mp4
uploaded         2188726788707427 c0  (video) ← 2188726788707427.mp4  → https://pub-893b4a6a607b4221a894bf861da7914e.r2.dev/2188726788707427.mp4
carried-forward  2562838914148299 c0  → https://pub-893b4a6a607b4221a894bf861da7914e.r2.dev/2562838914148299.mp4
image-pending    1374372877933490 c0  (HANDOVER §8.5 — image handling not yet built)
carried-forward  1820417072261340 c0  → https://pub-893b4a6a607b4221a894bf861da7914e.r2.dev/1820417072261340.mp4
carried-forward  3981141785525330 c0  → https://pub-893b4a6a607b4221a894bf861da7914e.r2.dev/3981141785525330.mp4
image-pending    1450803096806341 c0  (HANDOVER §8.5 — image handling not yet built)
carried-forward  1008454088262166 c0  → https://pub-893b4a6a607b4221a894bf861da7914e.r2.dev/1008454088262166.mp4
video-missing    1008454088262166 c0  (expected file not found in facebook/videos/ewa-2026-07-16)
carried-forward  1049763874058221 c0  → https://pub-893b4a6a607b4221a894bf861da7914e.r2.dev/1049763874058221.mp4
image-pending    1041262242172538 c0  (HANDOVER §8.5 — image handling not yet built)
image-pending    1041262242172538 c0  (HANDOVER §8.5 — image handling not yet built)
image-pending    1352943566745111 c0  (HANDOVER §8.5 — image handling not yet built)
uploaded         966853269731379 c0  (video) ← 966853269731379.mp4  → https://pub-893b4a6a607b4221a894bf861da7914e.r2.dev/966853269731379.mp4
uploaded         2506548853154434 c0  (video) ← 2506548853154434.mp4  → https://pub-893b4a6a607b4221a894bf861da7914e.r2.dev/2506548853154434.mp4
video-missing    2506548853154434 c0  (expected file not found in facebook/videos/ewa-2026-07-16)
image-pending    1504672730861865 c0  (HANDOVER §8.5 — image handling not yet built)
carried-forward  1800827370892871 c0  → https://pub-893b4a6a607b4221a894bf861da7914e.r2.dev/1800827370892871.mp4
carried-forward  2109631216280896 c0  → https://pub-893b4a6a607b4221a894bf861da7914e.r2.dev/2109631216280896.mp4
carried-forward  1584993213042784 c0  → https://pub-893b4a6a607b4221a894bf861da7914e.r2.dev/1584993213042784.mp4
video-missing    1584993213042784 c0  (expected file not found in facebook/videos/ewa-2026-07-16)
carried-forward  1682996579661385 c0  → https://pub-893b4a6a607b4221a894bf861da7914e.r2.dev/1682996579661385.mp4
uploaded         27900615259575400 c0  (video) ← 27900615259575400.mp4  → https://pub-893b4a6a607b4221a894bf861da7914e.r2.dev/27900615259575400.mp4
uploaded         1499504531948866 c0  (video) ← 1499504531948866.mp4  → https://pub-893b4a6a607b4221a894bf861da7914e.r2.dev/1499504531948866.mp4
carried-forward  1040738228488529 c0  → https://pub-893b4a6a607b4221a894bf861da7914e.r2.dev/1040738228488529.mp4
carried-forward  2021991521764976 c0  → https://pub-893b4a6a607b4221a894bf861da7914e.r2.dev/2021991521764976.mp4
video-missing    2021991521764976 c0  (expected file not found in facebook/videos/ewa-2026-07-16)
carried-forward  1628725505932441 c0  → https://pub-893b4a6a607b4221a894bf861da7914e.r2.dev/1628725505932441.mp4
image-pending    1425982136027555 c0  (HANDOVER §8.5 — image handling not yet built)
image-pending    1425982136027555 c0  (HANDOVER §8.5 — image handling not yet built)
image-pending    1425982136027555 c0  (HANDOVER §8.5 — image handling not yet built)
carried-forward  1596164391869838 c0  → https://pub-893b4a6a607b4221a894bf861da7914e.r2.dev/1596164391869838.mp4
video-missing    2255211915285121 c0  (expected file not found in facebook/videos/ewa-2026-07-16)
carried-forward  2959050207776643 c0  → https://pub-893b4a6a607b4221a894bf861da7914e.r2.dev/2959050207776643.mp4
carried-forward  1570846288024316 c0  → https://pub-893b4a6a607b4221a894bf861da7914e.r2.dev/1570846288024316.mp4
carried-forward  950354991355423 c0  → https://pub-893b4a6a607b4221a894bf861da7914e.r2.dev/950354991355423.mp4
video-missing    950354991355423 c0  (expected file not found in facebook/videos/ewa-2026-07-16)
carried-forward  1020462977556803 c0  → https://pub-893b4a6a607b4221a894bf861da7914e.r2.dev/1020462977556803.mp4
image-pending    2238648113616728 c0  (HANDOVER §8.5 — image handling not yet built)
carried-forward  1211954354357221 c0  → https://pub-893b4a6a607b4221a894bf861da7914e.r2.dev/1211954354357221.mp4
carried-forward  26927804263569078 c0  → https://pub-893b4a6a607b4221a894bf861da7914e.r2.dev/26927804263569078.mp4
uploaded         1752263849262743 c0  (video) ← 1752263849262743.mp4  → https://pub-893b4a6a607b4221a894bf861da7914e.r2.dev/1752263849262743.mp4
carried-forward  1547971793720886 c0  → https://pub-893b4a6a607b4221a894bf861da7914e.r2.dev/1547971793720886.mp4
carried-forward  3607683532740664 c0  → https://pub-893b4a6a607b4221a894bf861da7914e.r2.dev/3607683532740664.mp4
image-pending    1331831279125256 c0  (HANDOVER §8.5 — image handling not yet built)
image-pending    1331831279125256 c0  (HANDOVER §8.5 — image handling not yet built)
image-pending    1331831279125256 c0  (HANDOVER §8.5 — image handling not yet built)
image-pending    1331831279125256 c0  (HANDOVER §8.5 — image handling not yet built)
image-pending    28132807502970581 c0  (HANDOVER §8.5 — image handling not yet built)
carried-forward  2072598147003830 c0  → https://pub-893b4a6a607b4221a894bf861da7914e.r2.dev/2072598147003830.mp4
uploaded         980595275010556 c0  (video) ← 980595275010556.mp4  → https://pub-893b4a6a607b4221a894bf861da7914e.r2.dev/980595275010556.mp4
image-pending    1008294995169815 c0  (HANDOVER §8.5 — image handling not yet built)
uploaded         27919617490965862 c0  (video) ← 27919617490965862.mp4  → https://pub-893b4a6a607b4221a894bf861da7914e.r2.dev/27919617490965862.mp4
video-missing    27919617490965862 c0  (expected file not found in facebook/videos/ewa-2026-07-16)
image-pending    1505933261579105 c0  (HANDOVER §8.5 — image handling not yet built)
carried-forward  1371459668255045 c0  → https://pub-893b4a6a607b4221a894bf861da7914e.r2.dev/1371459668255045.mp4
image-pending    892073160620877 c0  (HANDOVER §8.5 — image handling not yet built)
image-pending    1503878045116609 c0  (HANDOVER §8.5 — image handling not yet built)
image-pending    1503878045116609 c0  (HANDOVER §8.5 — image handling not yet built)
carried-forward  879965938488335 c0  → https://pub-893b4a6a607b4221a894bf861da7914e.r2.dev/879965938488335.mp4
video-missing    879965938488335 c0  (expected file not found in facebook/videos/ewa-2026-07-16)
carried-forward  1305737415039180 c0  → https://pub-893b4a6a607b4221a894bf861da7914e.r2.dev/1305737415039180.mp4
image-pending    3393967717429986 c0  (HANDOVER §8.5 — image handling not yet built)
image-pending    2469909850138779 c0  (HANDOVER §8.5 — image handling not yet built)
image-pending    2469909850138779 c0  (HANDOVER §8.5 — image handling not yet built)
image-pending    1921613808539751 c0  (HANDOVER §8.5 — image handling not yet built)
image-pending    1921613808539751 c0  (HANDOVER §8.5 — image handling not yet built)
image-pending    1001463306043817 c0  (HANDOVER §8.5 — image handling not yet built)
carried-forward  1333133978321773 c0  → https://pub-893b4a6a607b4221a894bf861da7914e.r2.dev/1333133978321773.mp4
video-missing    1333133978321773 c0  (expected file not found in facebook/videos/ewa-2026-07-16)
video-missing    1333133978321773 c0  (expected file not found in facebook/videos/ewa-2026-07-16)
uploaded         1812757213021790 c0  (video) ← 1812757213021790.mp4  → https://pub-893b4a6a607b4221a894bf861da7914e.r2.dev/1812757213021790.mp4
carried-forward  1401172908614575 c0  → https://pub-893b4a6a607b4221a894bf861da7914e.r2.dev/1401172908614575.mp4
image-pending    2381051639088004 c0  (HANDOVER §8.5 — image handling not yet built)
image-pending    1606212207585356 c0  (HANDOVER §8.5 — image handling not yet built)
carried-forward  1023260286830884 c0  → https://pub-893b4a6a607b4221a894bf861da7914e.r2.dev/1023260286830884.mp4
carried-forward  4072363043063442 c0  → https://pub-893b4a6a607b4221a894bf861da7914e.r2.dev/4072363043063442.mp4
video-missing    4072363043063442 c0  (expected file not found in facebook/videos/ewa-2026-07-16)
image-pending    2107376909876419 c0  (HANDOVER §8.5 — image handling not yet built)
carried-forward  818857611052126 c0  → https://pub-893b4a6a607b4221a894bf861da7914e.r2.dev/818857611052126.mp4
carried-forward  1543457194103679 c0  → https://pub-893b4a6a607b4221a894bf861da7914e.r2.dev/1543457194103679.mp4
video-missing    1543457194103679 c0  (expected file not found in facebook/videos/ewa-2026-07-16)
uploaded         1732063901462930 c0  (video) ← 1732063901462930.mp4  → https://pub-893b4a6a607b4221a894bf861da7914e.r2.dev/1732063901462930.mp4
video-missing    1732063901462930 c0  (expected file not found in facebook/videos/ewa-2026-07-16)
carried-forward  1752358445919708 c0  → https://pub-893b4a6a607b4221a894bf861da7914e.r2.dev/1752358445919708.mp4
carried-forward  1008784498174190 c0  → https://pub-893b4a6a607b4221a894bf861da7914e.r2.dev/1008784498174190.mp4
carried-forward  926643817108646 c0  → https://pub-893b4a6a607b4221a894bf861da7914e.r2.dev/926643817108646.mp4
carried-forward  837033132823272 c0  → https://pub-893b4a6a607b4221a894bf861da7914e.r2.dev/837033132823272.mp4
uploaded         1021784623781943 c0  (video) ← 1021784623781943.mp4  → https://pub-893b4a6a607b4221a894bf861da7914e.r2.dev/1021784623781943.mp4
image-pending    1050959890611197 c0  (HANDOVER §8.5 — image handling not yet built)
carried-forward  2119014918676502 c0  → https://pub-893b4a6a607b4221a894bf861da7914e.r2.dev/2119014918676502.mp4
video-missing    2119014918676502 c0  (expected file not found in facebook/videos/ewa-2026-07-16)
carried-forward  898245353336292 c0  → https://pub-893b4a6a607b4221a894bf861da7914e.r2.dev/898245353336292.mp4
uploaded         1014482958070201 c0  (video) ← 1014482958070201.mp4  → https://pub-893b4a6a607b4221a894bf861da7914e.r2.dev/1014482958070201.mp4
image-pending    1049508164193496 c0  (HANDOVER §8.5 — image handling not yet built)
carried-forward  2023627198193226 c0  → https://pub-893b4a6a607b4221a894bf861da7914e.r2.dev/2023627198193226.mp4
uploaded         1599032234990526 c0  (video) ← 1599032234990526.mp4  → https://pub-893b4a6a607b4221a894bf861da7914e.r2.dev/1599032234990526.mp4
carried-forward  1429499778984916 c0  → https://pub-893b4a6a607b4221a894bf861da7914e.r2.dev/1429499778984916.mp4
carried-forward  2279400899331845 c0  → https://pub-893b4a6a607b4221a894bf861da7914e.r2.dev/2279400899331845.mp4
video-missing    2279400899331845 c0  (expected file not found in facebook/videos/ewa-2026-07-16)
carried-forward  4554801771509031 c0  → https://pub-893b4a6a607b4221a894bf861da7914e.r2.dev/4554801771509031.mp4
image-pending    1799879408039498 c0  (HANDOVER §8.5 — image handling not yet built)
carried-forward  4450126508650351 c0  → https://pub-893b4a6a607b4221a894bf861da7914e.r2.dev/4450126508650351.mp4
image-pending    894549983719956 c0  (HANDOVER §8.5 — image handling not yet built)
image-pending    1536238947975616 c0  (HANDOVER §8.5 — image handling not yet built)
image-pending    1536238947975616 c0  (HANDOVER §8.5 — image handling not yet built)
image-pending    1034440859176025 c0  (HANDOVER §8.5 — image handling not yet built)
image-pending    1034440859176025 c0  (HANDOVER §8.5 — image handling not yet built)
image-pending    1034440859176025 c0  (HANDOVER §8.5 — image handling not yet built)
image-pending    1034440859176025 c0  (HANDOVER §8.5 — image handling not yet built)
carried-forward  1406859967949184 c0  → https://pub-893b4a6a607b4221a894bf861da7914e.r2.dev/1406859967949184.mp4
video-missing    1351528743702465 c0  (expected file not found in facebook/videos/ewa-2026-07-16)
image-pending    36892124337101702 c0  (HANDOVER §8.5 — image handling not yet built)
carried-forward  1023248347166096 c0  → https://pub-893b4a6a607b4221a894bf861da7914e.r2.dev/1023248347166096.mp4
image-pending    2274442603305808 c0  (HANDOVER §8.5 — image handling not yet built)
image-pending    1516224559827370 c0  (HANDOVER §8.5 — image handling not yet built)
image-pending    4472474739749886 c0  (HANDOVER §8.5 — image handling not yet built)
carried-forward  1883145999033661 c0  → https://pub-893b4a6a607b4221a894bf861da7914e.r2.dev/1883145999033661.mp4
image-pending    4169102980031454 c0  (HANDOVER §8.5 — image handling not yet built)
image-pending    4169102980031454 c0  (HANDOVER §8.5 — image handling not yet built)
uploaded         2892016287845574 c0  (video) ← 2892016287845574.mp4  → https://pub-893b4a6a607b4221a894bf861da7914e.r2.dev/2892016287845574.mp4
video-missing    2892016287845574 c0  (expected file not found in facebook/videos/ewa-2026-07-16)
image-pending    1032126766097258 c0  (HANDOVER §8.5 — image handling not yet built)
carried-forward  883578214824301 c0  → https://pub-893b4a6a607b4221a894bf861da7914e.r2.dev/883578214824301.mp4
carried-forward  1564273415288163 c0  → https://pub-893b4a6a607b4221a894bf861da7914e.r2.dev/1564273415288163.mp4
carried-forward  997531733168812 c0  → https://pub-893b4a6a607b4221a894bf861da7914e.r2.dev/997531733168812.mp4
video-missing    997531733168812 c0  (expected file not found in facebook/videos/ewa-2026-07-16)
video-missing    997531733168812 c0  (expected file not found in facebook/videos/ewa-2026-07-16)
carried-forward  1289704459992031 c0  → https://pub-893b4a6a607b4221a894bf861da7914e.r2.dev/1289704459992031.mp4
carried-forward  1294337706051746 c0  → https://pub-893b4a6a607b4221a894bf861da7914e.r2.dev/1294337706051746.mp4
image-pending    1580328836915259 c0  (HANDOVER §8.5 — image handling not yet built)
image-pending    1579060173825379 c0  (HANDOVER §8.5 — image handling not yet built)
image-pending    1853026572769426 c0  (HANDOVER §8.5 — image handling not yet built)
image-pending    977264178273383 c0  (HANDOVER §8.5 — image handling not yet built)
uploaded         2255874858577603 c0  (video) ← 2255874858577603.mp4  → https://pub-893b4a6a607b4221a894bf861da7914e.r2.dev/2255874858577603.mp4
image-pending    1696226668175981 c0  (HANDOVER §8.5 — image handling not yet built)
image-pending    1004402245646948 c0  (HANDOVER §8.5 — image handling not yet built)
image-pending    1004402245646948 c0  (HANDOVER §8.5 — image handling not yet built)
image-pending    28120589654274429 c0  (HANDOVER §8.5 — image handling not yet built)
carried-forward  1030044452877218 c0  → https://pub-893b4a6a607b4221a894bf861da7914e.r2.dev/1030044452877218.mp4
carried-forward  1359948212675982 c0  → https://pub-893b4a6a607b4221a894bf861da7914e.r2.dev/1359948212675982.mp4
image-pending    794726597001757 c0  (HANDOVER §8.5 — image handling not yet built)
carried-forward  1481411496452161 c0  → https://pub-893b4a6a607b4221a894bf861da7914e.r2.dev/1481411496452161.mp4
carried-forward  2132296191054857 c0  → https://pub-893b4a6a607b4221a894bf861da7914e.r2.dev/2132296191054857.mp4
carried-forward  1056108840274658 c0  → https://pub-893b4a6a607b4221a894bf861da7914e.r2.dev/1056108840274658.mp4
image-pending    1030396646306261 c0  (HANDOVER §8.5 — image handling not yet built)
image-pending    1030396646306261 c0  (HANDOVER §8.5 — image handling not yet built)
carried-forward  25521156010914881 c0  → https://pub-893b4a6a607b4221a894bf861da7914e.r2.dev/25521156010914881.mp4
uploaded         1346374660305512 c0  (video) ← 1346374660305512.mp4  → https://pub-893b4a6a607b4221a894bf861da7914e.r2.dev/1346374660305512.mp4
uploaded         1545007704019300 c0  (video) ← 1545007704019300.mp4  → https://pub-893b4a6a607b4221a894bf861da7914e.r2.dev/1545007704019300.mp4
image-pending    1926885071361176 c0  (HANDOVER §8.5 — image handling not yet built)
carried-forward  864334236734038 c0  → https://pub-893b4a6a607b4221a894bf861da7914e.r2.dev/864334236734038.mp4
uploaded         1047180378252951 c0  (video) ← 1047180378252951.mp4  → https://pub-893b4a6a607b4221a894bf861da7914e.r2.dev/1047180378252951.mp4
uploaded         1042806675068784 c0  (video) ← 1042806675068784.mp4  → https://pub-893b4a6a607b4221a894bf861da7914e.r2.dev/1042806675068784.mp4
carried-forward  2185950958805331 c0  → https://pub-893b4a6a607b4221a894bf861da7914e.r2.dev/2185950958805331.mp4
uploaded         1459745522625388 c0  (video) ← 1459745522625388.mp4  → https://pub-893b4a6a607b4221a894bf861da7914e.r2.dev/1459745522625388.mp4
carried-forward  1005394845584661 c0  → https://pub-893b4a6a607b4221a894bf861da7914e.r2.dev/1005394845584661.mp4
video-missing    1005394845584661 c0  (expected file not found in facebook/videos/ewa-2026-07-16)
carried-forward  1500435148378929 c0  → https://pub-893b4a6a607b4221a894bf861da7914e.r2.dev/1500435148378929.mp4
video-missing    1500435148378929 c0  (expected file not found in facebook/videos/ewa-2026-07-16)
image-pending    1313369707218694 c0  (HANDOVER §8.5 — image handling not yet built)
uploaded         1052724773839831 c0  (video) ← 1052724773839831.mp4  → https://pub-893b4a6a607b4221a894bf861da7914e.r2.dev/1052724773839831.mp4
video-missing    1052724773839831 c0  (expected file not found in facebook/videos/ewa-2026-07-16)
video-missing    1052724773839831 c0  (expected file not found in facebook/videos/ewa-2026-07-16)
carried-forward  1661983111550770 c0  → https://pub-893b4a6a607b4221a894bf861da7914e.r2.dev/1661983111550770.mp4
image-pending    1118667054446122 c0  (HANDOVER §8.5 — image handling not yet built)
carried-forward  4378485519097928 c0  → https://pub-893b4a6a607b4221a894bf861da7914e.r2.dev/4378485519097928.mp4
video-missing    4378485519097928 c0  (expected file not found in facebook/videos/ewa-2026-07-16)
carried-forward  1043761641408193 c0  → https://pub-893b4a6a607b4221a894bf861da7914e.r2.dev/1043761641408193.mp4
carried-forward  1656251878773269 c0  → https://pub-893b4a6a607b4221a894bf861da7914e.r2.dev/1656251878773269.mp4
image-pending    1753263662680522 c0  (HANDOVER §8.5 — image handling not yet built)
carried-forward  1365966158779393 c0  → https://pub-893b4a6a607b4221a894bf861da7914e.r2.dev/1365966158779393.mp4
carried-forward  1535934778085481 c0  → https://pub-893b4a6a607b4221a894bf861da7914e.r2.dev/1535934778085481.mp4
carried-forward  2002480637046401 c0  → https://pub-893b4a6a607b4221a894bf861da7914e.r2.dev/2002480637046401.mp4
image-pending    1581279610290496 c0  (HANDOVER §8.5 — image handling not yet built)
carried-forward  4013069492327411 c0  → https://pub-893b4a6a607b4221a894bf861da7914e.r2.dev/4013069492327411.mp4
image-pending    1391650729446082 c0  (HANDOVER §8.5 — image handling not yet built)
image-pending    1746554193008186 c0  (HANDOVER §8.5 — image handling not yet built)
uploaded         4341728385972952 c0  (video) ← 4341728385972952.mp4  → https://pub-893b4a6a607b4221a894bf861da7914e.r2.dev/4341728385972952.mp4
uploaded         1357050445754562 c0  (video) ← 1357050445754562.mp4  → https://pub-893b4a6a607b4221a894bf861da7914e.r2.dev/1357050445754562.mp4
carried-forward  1499819831470247 c0  → https://pub-893b4a6a607b4221a894bf861da7914e.r2.dev/1499819831470247.mp4
image-pending    1764051195013255 c0  (HANDOVER §8.5 — image handling not yet built)
carried-forward  27249356288058301 c0  → https://pub-893b4a6a607b4221a894bf861da7914e.r2.dev/27249356288058301.mp4
image-pending    1506195630762706 c0  (HANDOVER §8.5 — image handling not yet built)
uploaded         1612177670463377 c0  (video) ← 1612177670463377.mp4  → https://pub-893b4a6a607b4221a894bf861da7914e.r2.dev/1612177670463377.mp4
uploaded         1513964034094578 c0  (video) ← 1513964034094578.mp4  → https://pub-893b4a6a607b4221a894bf861da7914e.r2.dev/1513964034094578.mp4
video-missing    1513964034094578 c0  (expected file not found in facebook/videos/ewa-2026-07-16)
carried-forward  1600643738319678 c0  → https://pub-893b4a6a607b4221a894bf861da7914e.r2.dev/1600643738319678.mp4
carried-forward  1037281795467019 c0  → https://pub-893b4a6a607b4221a894bf861da7914e.r2.dev/1037281795467019.mp4
video-missing    1037281795467019 c0  (expected file not found in facebook/videos/ewa-2026-07-16)
uploaded         1005731552081700 c0  (video) ← 1005731552081700.mp4  → https://pub-893b4a6a607b4221a894bf861da7914e.r2.dev/1005731552081700.mp4
carried-forward  1017566583940563 c0  → https://pub-893b4a6a607b4221a894bf861da7914e.r2.dev/1017566583940563.mp4
video-missing    1017566583940563 c0  (expected file not found in facebook/videos/ewa-2026-07-16)
uploaded         1641743326889395 c0  (video) ← 1641743326889395.mp4  → https://pub-893b4a6a607b4221a894bf861da7914e.r2.dev/1641743326889395.mp4
carried-forward  1551104253199427 c0  → https://pub-893b4a6a607b4221a894bf861da7914e.r2.dev/1551104253199427.mp4
carried-forward  4358362467779190 c0  → https://pub-893b4a6a607b4221a894bf861da7914e.r2.dev/4358362467779190.mp4
image-pending    27593518713634801 c0  (HANDOVER §8.5 — image handling not yet built)
carried-forward  993187993450913 c0  → https://pub-893b4a6a607b4221a894bf861da7914e.r2.dev/993187993450913.mp4
image-pending    1941747429861514 c0  (HANDOVER §8.5 — image handling not yet built)
image-pending    1941747429861514 c0  (HANDOVER §8.5 — image handling not yet built)
image-pending    1768234911268661 c0  (HANDOVER §8.5 — image handling not yet built)
carried-forward  779776658463118 c0  → https://pub-893b4a6a607b4221a894bf861da7914e.r2.dev/779776658463118.mp4
video-missing    779776658463118 c0  (expected file not found in facebook/videos/ewa-2026-07-16)
carried-forward  1297925755443671 c0  → https://pub-893b4a6a607b4221a894bf861da7914e.r2.dev/1297925755443671.mp4
carried-forward  1243854734400600 c0  → https://pub-893b4a6a607b4221a894bf861da7914e.r2.dev/1243854734400600.mp4
uploaded         1390156543005782 c0  (video) ← 1390156543005782.mp4  → https://pub-893b4a6a607b4221a894bf861da7914e.r2.dev/1390156543005782.mp4
image-pending    2211477049395387 c0  (HANDOVER §8.5 — image handling not yet built)
uploaded         1405726478272704 c0  (video) ← 1405726478272704.mp4  → https://pub-893b4a6a607b4221a894bf861da7914e.r2.dev/1405726478272704.mp4
uploaded         1774469307063531 c0  (video) ← 1774469307063531.mp4  → https://pub-893b4a6a607b4221a894bf861da7914e.r2.dev/1774469307063531.mp4
video-missing    1774469307063531 c0  (expected file not found in facebook/videos/ewa-2026-07-16)
image-pending    2234630433953836 c0  (HANDOVER §8.5 — image handling not yet built)
uploaded         2267679223990390 c0  (video) ← 2267679223990390.mp4  → https://pub-893b4a6a607b4221a894bf861da7914e.r2.dev/2267679223990390.mp4
uploaded         1353814886192078 c0  (video) ← 1353814886192078.mp4  → https://pub-893b4a6a607b4221a894bf861da7914e.r2.dev/1353814886192078.mp4
uploaded         1035892955464152 c0  (video) ← 1035892955464152.mp4  → https://pub-893b4a6a607b4221a894bf861da7914e.r2.dev/1035892955464152.mp4
image-pending    1024077403601801 c0  (HANDOVER §8.5 — image handling not yet built)
carried-forward  998060459624452 c0  → https://pub-893b4a6a607b4221a894bf861da7914e.r2.dev/998060459624452.mp4
image-pending    4398033000434097 c0  (HANDOVER §8.5 — image handling not yet built)
image-pending    1662677514809671 c0  (HANDOVER §8.5 — image handling not yet built)
image-pending    1016961687852865 c0  (HANDOVER §8.5 — image handling not yet built)
image-pending    1016961687852865 c0  (HANDOVER §8.5 — image handling not yet built)
image-pending    1016961687852865 c0  (HANDOVER §8.5 — image handling not yet built)
image-pending    1016961687852865 c0  (HANDOVER §8.5 — image handling not yet built)
uploaded         1347234550719490 c0  (video) ← 1347234550719490.mp4  → https://pub-893b4a6a607b4221a894bf861da7914e.r2.dev/1347234550719490.mp4
image-pending    904070266093517 c0  (HANDOVER §8.5 — image handling not yet built)
image-pending    904070266093517 c0  (HANDOVER §8.5 — image handling not yet built)
uploaded         1513997050221927 c0  (video) ← 1513997050221927.mp4  → https://pub-893b4a6a607b4221a894bf861da7914e.r2.dev/1513997050221927.mp4
uploaded         1944534039553955 c0  (video) ← 1944534039553955.mp4  → https://pub-893b4a6a607b4221a894bf861da7914e.r2.dev/1944534039553955.mp4
carried-forward  2091833515048107 c0  → https://pub-893b4a6a607b4221a894bf861da7914e.r2.dev/2091833515048107.mp4
uploaded         1589337099422604 c0  (video) ← 1589337099422604.mp4  → https://pub-893b4a6a607b4221a894bf861da7914e.r2.dev/1589337099422604.mp4
carried-forward  2003579183863096 c0  → https://pub-893b4a6a607b4221a894bf861da7914e.r2.dev/2003579183863096.mp4
video-missing    2003579183863096 c0  (expected file not found in facebook/videos/ewa-2026-07-16)
video-missing    2003579183863096 c0  (expected file not found in facebook/videos/ewa-2026-07-16)
video-missing    2003579183863096 c0  (expected file not found in facebook/videos/ewa-2026-07-16)
uploaded         949770718122490 c0  (video) ← 949770718122490.mp4  → https://pub-893b4a6a607b4221a894bf861da7914e.r2.dev/949770718122490.mp4
image-pending    953453484384107 c0  (HANDOVER §8.5 — image handling not yet built)
carried-forward  1605755751115147 c0  → https://pub-893b4a6a607b4221a894bf861da7914e.r2.dev/1605755751115147.mp4
uploaded         2048970249101738 c0  (video) ← 2048970249101738.mp4  → https://pub-893b4a6a607b4221a894bf861da7914e.r2.dev/2048970249101738.mp4
carried-forward  2123400608391675 c0  → https://pub-893b4a6a607b4221a894bf861da7914e.r2.dev/2123400608391675.mp4
uploaded         2609073289510493 c0  (video) ← 2609073289510493.mp4  → https://pub-893b4a6a607b4221a894bf861da7914e.r2.dev/2609073289510493.mp4
image-pending    1302037141725438 c0  (HANDOVER §8.5 — image handling not yet built)
uploaded         1354347536082190 c0  (video) ← 1354347536082190.mp4  → https://pub-893b4a6a607b4221a894bf861da7914e.r2.dev/1354347536082190.mp4
image-pending    865430683024036 c0  (HANDOVER §8.5 — image handling not yet built)
uploaded         1603738558135640 c0  (video) ← 1603738558135640.mp4  → https://pub-893b4a6a607b4221a894bf861da7914e.r2.dev/1603738558135640.mp4
image-pending    2455285411647727 c0  (HANDOVER §8.5 — image handling not yet built)
uploaded         1008416582005126 c0  (video) ← 1008416582005126.mp4  → https://pub-893b4a6a607b4221a894bf861da7914e.r2.dev/1008416582005126.mp4
uploaded         1509734444174147 c0  (video) ← 1509734444174147.mp4  → https://pub-893b4a6a607b4221a894bf861da7914e.r2.dev/1509734444174147.mp4
image-pending    2111492806452235 c0  (HANDOVER §8.5 — image handling not yet built)
uploaded         1355485406725174 c0  (video) ← 1355485406725174.mp4  → https://pub-893b4a6a607b4221a894bf861da7914e.r2.dev/1355485406725174.mp4
video-missing    1355485406725174 c0  (expected file not found in facebook/videos/ewa-2026-07-16)
carried-forward  1057602813888711 c0  → https://pub-893b4a6a607b4221a894bf861da7914e.r2.dev/1057602813888711.mp4
carried-forward  4402047293385956 c0  → https://pub-893b4a6a607b4221a894bf861da7914e.r2.dev/4402047293385956.mp4
image-pending    1016617764325176 c0  (HANDOVER §8.5 — image handling not yet built)
carried-forward  2765875750453643 c0  → https://pub-893b4a6a607b4221a894bf861da7914e.r2.dev/2765875750453643.mp4
carried-forward  1481960429917806 c0  → https://pub-893b4a6a607b4221a894bf861da7914e.r2.dev/1481960429917806.mp4
uploaded         1009960622030951 c0  (video) ← 1009960622030951.mp4  → https://pub-893b4a6a607b4221a894bf861da7914e.r2.dev/1009960622030951.mp4
uploaded         889982286964946 c0  (video) ← 889982286964946.mp4  → https://pub-893b4a6a607b4221a894bf861da7914e.r2.dev/889982286964946.mp4
uploaded         1810247500159313 c0  (video) ← 1810247500159313.mp4  → https://pub-893b4a6a607b4221a894bf861da7914e.r2.dev/1810247500159313.mp4
video-missing    1810247500159313 c0  (expected file not found in facebook/videos/ewa-2026-07-16)
image-pending    1524133026112206 c0  (HANDOVER §8.5 — image handling not yet built)
carried-forward  1691766145436484 c0  → https://pub-893b4a6a607b4221a894bf861da7914e.r2.dev/1691766145436484.mp4
carried-forward  2026515621404364 c0  → https://pub-893b4a6a607b4221a894bf861da7914e.r2.dev/2026515621404364.mp4
carried-forward  1706918947236964 c0  → https://pub-893b4a6a607b4221a894bf861da7914e.r2.dev/1706918947236964.mp4
carried-forward  1511453474106888 c0  → https://pub-893b4a6a607b4221a894bf861da7914e.r2.dev/1511453474106888.mp4
carried-forward  4216994828551667 c0  → https://pub-893b4a6a607b4221a894bf861da7914e.r2.dev/4216994828551667.mp4
carried-forward  2209762976443187 c0  → https://pub-893b4a6a607b4221a894bf861da7914e.r2.dev/2209762976443187.mp4
carried-forward  1528857905364411 c0  → https://pub-893b4a6a607b4221a894bf861da7914e.r2.dev/1528857905364411.mp4
video-missing    1528857905364411 c0  (expected file not found in facebook/videos/ewa-2026-07-16)
carried-forward  885784687934999 c0  → https://pub-893b4a6a607b4221a894bf861da7914e.r2.dev/885784687934999.mp4
image-pending    1047376421208298 c0  (HANDOVER §8.5 — image handling not yet built)
image-pending    1357165622439228 c0  (HANDOVER §8.5 — image handling not yet built)
uploaded         3492778974223261 c0  (video) ← 3492778974223261.mp4  → https://pub-893b4a6a607b4221a894bf861da7914e.r2.dev/3492778974223261.mp4
uploaded         889908100306111 c0  (video) ← 889908100306111.mp4  → https://pub-893b4a6a607b4221a894bf861da7914e.r2.dev/889908100306111.mp4
image-pending    1038946665250288 c0  (HANDOVER §8.5 — image handling not yet built)
image-pending    1049423840817502 c0  (HANDOVER §8.5 — image handling not yet built)
uploaded         1061062223156565 c0  (video) ← 1061062223156565.mp4  → https://pub-893b4a6a607b4221a894bf861da7914e.r2.dev/1061062223156565.mp4
carried-forward  1061487143502136 c0  → https://pub-893b4a6a607b4221a894bf861da7914e.r2.dev/1061487143502136.mp4
carried-forward  1695156788201262 c0  → https://pub-893b4a6a607b4221a894bf861da7914e.r2.dev/1695156788201262.mp4
uploaded         1982511245802579 c0  (video) ← 1982511245802579.mp4  → https://pub-893b4a6a607b4221a894bf861da7914e.r2.dev/1982511245802579.mp4
uploaded         793461963792398 c0  (video) ← 793461963792398.mp4  → https://pub-893b4a6a607b4221a894bf861da7914e.r2.dev/793461963792398.mp4
video-missing    793461963792398 c0  (expected file not found in facebook/videos/ewa-2026-07-16)
image-pending    1566101241774302 c0  (HANDOVER §8.5 — image handling not yet built)
image-pending    1017433927849044 c0  (HANDOVER §8.5 — image handling not yet built)
image-pending    1017433927849044 c0  (HANDOVER §8.5 — image handling not yet built)
uploaded         1034363842338948 c0  (video) ← 1034363842338948.mp4  → https://pub-893b4a6a607b4221a894bf861da7914e.r2.dev/1034363842338948.mp4
carried-forward  2497312354117108 c0  → https://pub-893b4a6a607b4221a894bf861da7914e.r2.dev/2497312354117108.mp4
video-missing    2497312354117108 c0  (expected file not found in facebook/videos/ewa-2026-07-16)
carried-forward  1270338234970248 c0  → https://pub-893b4a6a607b4221a894bf861da7914e.r2.dev/1270338234970248.mp4
carried-forward  988513190612241 c0  → https://pub-893b4a6a607b4221a894bf861da7914e.r2.dev/988513190612241.mp4
carried-forward  1716642782903952 c0  → https://pub-893b4a6a607b4221a894bf861da7914e.r2.dev/1716642782903952.mp4
uploaded         1354909930097759 c0  (video) ← 1354909930097759.mp4  → https://pub-893b4a6a607b4221a894bf861da7914e.r2.dev/1354909930097759.mp4
carried-forward  2467626733746556 c0  → https://pub-893b4a6a607b4221a894bf861da7914e.r2.dev/2467626733746556.mp4
image-pending    958993190524442 c0  (HANDOVER §8.5 — image handling not yet built)
uploaded         2237434290411369 c0  (video) ← 2237434290411369.mp4  → https://pub-893b4a6a607b4221a894bf861da7914e.r2.dev/2237434290411369.mp4
uploaded         836169429430148 c0  (video) ← 836169429430148.mp4  → https://pub-893b4a6a607b4221a894bf861da7914e.r2.dev/836169429430148.mp4
uploaded         2414015482416509 c0  (video) ← 2414015482416509.mp4  → https://pub-893b4a6a607b4221a894bf861da7914e.r2.dev/2414015482416509.mp4
uploaded         1383779323688965 c0  (video) ← 1383779323688965.mp4  → https://pub-893b4a6a607b4221a894bf861da7914e.r2.dev/1383779323688965.mp4
carried-forward  1565910285133204 c0  → https://pub-893b4a6a607b4221a894bf861da7914e.r2.dev/1565910285133204.mp4
uploaded         1016174471379153 c0  (video) ← 1016174471379153.mp4  → https://pub-893b4a6a607b4221a894bf861da7914e.r2.dev/1016174471379153.mp4
uploaded         3563655757116661 c0  (video) ← 3563655757116661.mp4  → https://pub-893b4a6a607b4221a894bf861da7914e.r2.dev/3563655757116661.mp4
uploaded         1504923200846764 c0  (video) ← 1504923200846764.mp4  → https://pub-893b4a6a607b4221a894bf861da7914e.r2.dev/1504923200846764.mp4
image-pending    1645504130333590 c0  (HANDOVER §8.5 — image handling not yet built)
carried-forward  1363405059101772 c0  → https://pub-893b4a6a607b4221a894bf861da7914e.r2.dev/1363405059101772.mp4
image-pending    3512356352246104 c0  (HANDOVER §8.5 — image handling not yet built)
