# Step 3 run log
# competitor : ewa
# started_at : 2026-06-25T13:45:43
# input      : facebook/inputs/fb-ads-ewa-2026-06-25-1300.csv
# videos     : facebook/videos/ewa-2026-06-25
# master     : facebook/master/ewa.csv  (updated)
# enriched   : facebook/inputs/fb-ads-ewa-2026-06-25-1300_enriched.csv
# bucket     : video-ads
# public_base: https://pub-893b4a6a607b4221a894bf861da7914e.r2.dev
# dry_run    : False
#
# counts     : {'uploaded': 261, 'carried-forward': 161, 'image-pending': 968, 'video-missing': 352, 'no-creative': 0, 'error': 0}
#
image-pending    1306267591684899 c0  (HANDOVER §8.5 — image handling not yet built)
carried-forward  27039840315675536 c0  → https://pub-893b4a6a607b4221a894bf861da7914e.r2.dev/27039840315675536.mp4
video-missing    27039840315675536 c0  (expected file not found in facebook/videos/ewa-2026-06-25)
video-missing    27039840315675536 c0  (expected file not found in facebook/videos/ewa-2026-06-25)
video-missing    27039840315675536 c0  (expected file not found in facebook/videos/ewa-2026-06-25)
video-missing    27039840315675536 c0  (expected file not found in facebook/videos/ewa-2026-06-25)
video-missing    27039840315675536 c0  (expected file not found in facebook/videos/ewa-2026-06-25)
video-missing    27039840315675536 c0  (expected file not found in facebook/videos/ewa-2026-06-25)
video-missing    27039840315675536 c0  (expected file not found in facebook/videos/ewa-2026-06-25)
video-missing    27039840315675536 c0  (expected file not found in facebook/videos/ewa-2026-06-25)
video-missing    27039840315675536 c0  (expected file not found in facebook/videos/ewa-2026-06-25)
video-missing    27039840315675536 c0  (expected file not found in facebook/videos/ewa-2026-06-25)
video-missing    27039840315675536 c0  (expected file not found in facebook/videos/ewa-2026-06-25)
video-missing    27039840315675536 c0  (expected file not found in facebook/videos/ewa-2026-06-25)
video-missing    27039840315675536 c0  (expected file not found in facebook/videos/ewa-2026-06-25)
video-missing    27039840315675536 c0  (expected file not found in facebook/videos/ewa-2026-06-25)
video-missing    27039840315675536 c0  (expected file not found in facebook/videos/ewa-2026-06-25)
video-missing    27039840315675536 c0  (expected file not found in facebook/videos/ewa-2026-06-25)
image-pending    3553610338136073 c0  (HANDOVER §8.5 — image handling not yet built)
image-pending    3553610338136073 c0  (HANDOVER §8.5 — image handling not yet built)
image-pending    3553610338136073 c0  (HANDOVER §8.5 — image handling not yet built)
image-pending    3553610338136073 c0  (HANDOVER §8.5 — image handling not yet built)
carried-forward  1748754609899497 c0  → https://pub-893b4a6a607b4221a894bf861da7914e.r2.dev/1748754609899497.mp4
video-missing    1748754609899497 c0  (expected file not found in facebook/videos/ewa-2026-06-25)
carried-forward  971663399190998 c0  → https://pub-893b4a6a607b4221a894bf861da7914e.r2.dev/971663399190998.mp4
image-pending    3748419995299131 c0  (HANDOVER §8.5 — image handling not yet built)
image-pending    3992486917711214 c0  (HANDOVER §8.5 — image handling not yet built)
image-pending    3992486917711214 c0  (HANDOVER §8.5 — image handling not yet built)
image-pending    1637342333991232 c0  (HANDOVER §8.5 — image handling not yet built)
image-pending    1637342333991232 c0  (HANDOVER §8.5 — image handling not yet built)
image-pending    1637342333991232 c0  (HANDOVER §8.5 — image handling not yet built)
image-pending    1637342333991232 c0  (HANDOVER §8.5 — image handling not yet built)
image-pending    1637342333991232 c0  (HANDOVER §8.5 — image handling not yet built)
carried-forward  2892999924237848 c0  → https://pub-893b4a6a607b4221a894bf861da7914e.r2.dev/2892999924237848.jpg
image-pending    1932943247415360 c0  (HANDOVER §8.5 — image handling not yet built)
image-pending    1932943247415360 c0  (HANDOVER §8.5 — image handling not yet built)
image-pending    1932943247415360 c0  (HANDOVER §8.5 — image handling not yet built)
image-pending    1932943247415360 c0  (HANDOVER §8.5 — image handling not yet built)
image-pending    1932943247415360 c0  (HANDOVER §8.5 — image handling not yet built)
carried-forward  2055734171992505 c0  → https://pub-893b4a6a607b4221a894bf861da7914e.r2.dev/2055734171992505.jpg
image-pending    1722095638817362 c0  (HANDOVER §8.5 — image handling not yet built)
image-pending    1722095638817362 c0  (HANDOVER §8.5 — image handling not yet built)
image-pending    1722095638817362 c0  (HANDOVER §8.5 — image handling not yet built)
carried-forward  1752650406168033 c0  → https://pub-893b4a6a607b4221a894bf861da7914e.r2.dev/1752650406168033.mp4
image-pending    1507908807491179 c0  (HANDOVER §8.5 — image handling not yet built)
carried-forward  872303461908700 c0  → https://pub-893b4a6a607b4221a894bf861da7914e.r2.dev/872303461908700.mp4
video-missing    872303461908700 c0  (expected file not found in facebook/videos/ewa-2026-06-25)
video-missing    872303461908700 c0  (expected file not found in facebook/videos/ewa-2026-06-25)
video-missing    872303461908700 c0  (expected file not found in facebook/videos/ewa-2026-06-25)
image-pending    929666633475484 c0  (HANDOVER §8.5 — image handling not yet built)
image-pending    929666633475484 c0  (HANDOVER §8.5 — image handling not yet built)
image-pending    929666633475484 c0  (HANDOVER §8.5 — image handling not yet built)
image-pending    929666633475484 c0  (HANDOVER §8.5 — image handling not yet built)
image-pending    1555974535878600 c0  (HANDOVER §8.5 — image handling not yet built)
image-pending    1555974535878600 c0  (HANDOVER §8.5 — image handling not yet built)
image-pending    1555974535878600 c0  (HANDOVER §8.5 — image handling not yet built)
image-pending    2023456231577415 c0  (HANDOVER §8.5 — image handling not yet built)
carried-forward  1510330994151428 c0  → https://pub-893b4a6a607b4221a894bf861da7914e.r2.dev/1510330994151428.mp4
video-missing    1510330994151428 c0  (expected file not found in facebook/videos/ewa-2026-06-25)
video-missing    1510330994151428 c0  (expected file not found in facebook/videos/ewa-2026-06-25)
video-missing    1510330994151428 c0  (expected file not found in facebook/videos/ewa-2026-06-25)
video-missing    1510330994151428 c0  (expected file not found in facebook/videos/ewa-2026-06-25)
video-missing    1510330994151428 c0  (expected file not found in facebook/videos/ewa-2026-06-25)
video-missing    1510330994151428 c0  (expected file not found in facebook/videos/ewa-2026-06-25)
video-missing    1510330994151428 c0  (expected file not found in facebook/videos/ewa-2026-06-25)
video-missing    1510330994151428 c0  (expected file not found in facebook/videos/ewa-2026-06-25)
video-missing    1510330994151428 c0  (expected file not found in facebook/videos/ewa-2026-06-25)
video-missing    1510330994151428 c0  (expected file not found in facebook/videos/ewa-2026-06-25)
uploaded         1742722027180569 c0  (video) ← 1742722027180569.mp4  → https://pub-893b4a6a607b4221a894bf861da7914e.r2.dev/1742722027180569.mp4
image-pending    1576006740533613 c0  (HANDOVER §8.5 — image handling not yet built)
carried-forward  27207951308864759 c0  → https://pub-893b4a6a607b4221a894bf861da7914e.r2.dev/27207951308864759.mp4
image-pending    1708422996821344 c0  (HANDOVER §8.5 — image handling not yet built)
image-pending    1551407243427783 c0  (HANDOVER §8.5 — image handling not yet built)
image-pending    1551407243427783 c0  (HANDOVER §8.5 — image handling not yet built)
carried-forward  1653363682608529 c0  → https://pub-893b4a6a607b4221a894bf861da7914e.r2.dev/1653363682608529.jpg
carried-forward  27754843107467412 c0  → https://pub-893b4a6a607b4221a894bf861da7914e.r2.dev/27754843107467412.mp4
carried-forward  802618516119924 c0  → https://pub-893b4a6a607b4221a894bf861da7914e.r2.dev/802618516119924.mp4
carried-forward  1521974499460731 c0  → https://pub-893b4a6a607b4221a894bf861da7914e.r2.dev/1521974499460731.jpg
carried-forward  902914766096402 c0  → https://pub-893b4a6a607b4221a894bf861da7914e.r2.dev/902914766096402.mp4
image-pending    4425764394408155 c0  (HANDOVER §8.5 — image handling not yet built)
image-pending    2174001416776470 c0  (HANDOVER §8.5 — image handling not yet built)
image-pending    2174001416776470 c0  (HANDOVER §8.5 — image handling not yet built)
image-pending    1563258611813011 c0  (HANDOVER §8.5 — image handling not yet built)
image-pending    1563258611813011 c0  (HANDOVER §8.5 — image handling not yet built)
image-pending    1563258611813011 c0  (HANDOVER §8.5 — image handling not yet built)
image-pending    1295602786114665 c0  (HANDOVER §8.5 — image handling not yet built)
carried-forward  2002069144031022 c0  → https://pub-893b4a6a607b4221a894bf861da7914e.r2.dev/2002069144031022.mp4
carried-forward  1357905219727082 c0  → https://pub-893b4a6a607b4221a894bf861da7914e.r2.dev/1357905219727082.mp4
video-missing    1357905219727082 c0  (expected file not found in facebook/videos/ewa-2026-06-25)
video-missing    1357905219727082 c0  (expected file not found in facebook/videos/ewa-2026-06-25)
video-missing    1357905219727082 c0  (expected file not found in facebook/videos/ewa-2026-06-25)
video-missing    1357905219727082 c0  (expected file not found in facebook/videos/ewa-2026-06-25)
video-missing    1357905219727082 c0  (expected file not found in facebook/videos/ewa-2026-06-25)
video-missing    1357905219727082 c0  (expected file not found in facebook/videos/ewa-2026-06-25)
video-missing    1357905219727082 c0  (expected file not found in facebook/videos/ewa-2026-06-25)
image-pending    1364528388957027 c0  (HANDOVER §8.5 — image handling not yet built)
image-pending    1057603033505729 c0  (HANDOVER §8.5 — image handling not yet built)
image-pending    1057603033505729 c0  (HANDOVER §8.5 — image handling not yet built)
image-pending    1057603033505729 c0  (HANDOVER §8.5 — image handling not yet built)
image-pending    1057603033505729 c0  (HANDOVER §8.5 — image handling not yet built)
image-pending    1057603033505729 c0  (HANDOVER §8.5 — image handling not yet built)
image-pending    1057603033505729 c0  (HANDOVER §8.5 — image handling not yet built)
image-pending    899742599792655 c0  (HANDOVER §8.5 — image handling not yet built)
image-pending    899742599792655 c0  (HANDOVER §8.5 — image handling not yet built)
image-pending    27215014658166678 c0  (HANDOVER §8.5 — image handling not yet built)
image-pending    993791116576367 c0  (HANDOVER §8.5 — image handling not yet built)
carried-forward  4375731525974994 c0  → https://pub-893b4a6a607b4221a894bf861da7914e.r2.dev/4375731525974994.mp4
video-missing    4375731525974994 c0  (expected file not found in facebook/videos/ewa-2026-06-25)
carried-forward  950172947996129 c0  → https://pub-893b4a6a607b4221a894bf861da7914e.r2.dev/950172947996129.jpg
image-pending    950172947996129 c0  (HANDOVER §8.5 — image handling not yet built)
image-pending    1367219931941920 c0  (HANDOVER §8.5 — image handling not yet built)
uploaded         2838243656533562 c0  (video) ← 2838243656533562.mp4  → https://pub-893b4a6a607b4221a894bf861da7914e.r2.dev/2838243656533562.mp4
video-missing    2838243656533562 c0  (expected file not found in facebook/videos/ewa-2026-06-25)
video-missing    2838243656533562 c0  (expected file not found in facebook/videos/ewa-2026-06-25)
video-missing    2838243656533562 c0  (expected file not found in facebook/videos/ewa-2026-06-25)
video-missing    2838243656533562 c0  (expected file not found in facebook/videos/ewa-2026-06-25)
video-missing    2838243656533562 c0  (expected file not found in facebook/videos/ewa-2026-06-25)
video-missing    2838243656533562 c0  (expected file not found in facebook/videos/ewa-2026-06-25)
video-missing    2838243656533562 c0  (expected file not found in facebook/videos/ewa-2026-06-25)
video-missing    2838243656533562 c0  (expected file not found in facebook/videos/ewa-2026-06-25)
video-missing    2838243656533562 c0  (expected file not found in facebook/videos/ewa-2026-06-25)
video-missing    2838243656533562 c0  (expected file not found in facebook/videos/ewa-2026-06-25)
image-pending    991847520223917 c0  (HANDOVER §8.5 — image handling not yet built)
image-pending    1319321473675745 c0  (HANDOVER §8.5 — image handling not yet built)
carried-forward  1690372411991547 c0  → https://pub-893b4a6a607b4221a894bf861da7914e.r2.dev/1690372411991547.mp4
carried-forward  1469196281598691 c0  → https://pub-893b4a6a607b4221a894bf861da7914e.r2.dev/1469196281598691.mp4
video-missing    1469196281598691 c0  (expected file not found in facebook/videos/ewa-2026-06-25)
video-missing    1469196281598691 c0  (expected file not found in facebook/videos/ewa-2026-06-25)
uploaded         27528262593478146 c0  (video) ← 27528262593478146.mp4  → https://pub-893b4a6a607b4221a894bf861da7914e.r2.dev/27528262593478146.mp4
video-missing    27528262593478146 c0  (expected file not found in facebook/videos/ewa-2026-06-25)
video-missing    27528262593478146 c0  (expected file not found in facebook/videos/ewa-2026-06-25)
video-missing    27528262593478146 c0  (expected file not found in facebook/videos/ewa-2026-06-25)
video-missing    27528262593478146 c0  (expected file not found in facebook/videos/ewa-2026-06-25)
video-missing    27528262593478146 c0  (expected file not found in facebook/videos/ewa-2026-06-25)
video-missing    27528262593478146 c0  (expected file not found in facebook/videos/ewa-2026-06-25)
video-missing    27528262593478146 c0  (expected file not found in facebook/videos/ewa-2026-06-25)
video-missing    27528262593478146 c0  (expected file not found in facebook/videos/ewa-2026-06-25)
image-pending    4275663419339672 c0  (HANDOVER §8.5 — image handling not yet built)
image-pending    4275663419339672 c0  (HANDOVER §8.5 — image handling not yet built)
carried-forward  1314900907187137 c0  → https://pub-893b4a6a607b4221a894bf861da7914e.r2.dev/1314900907187137.jpg
image-pending    1748428493027169 c0  (HANDOVER §8.5 — image handling not yet built)
image-pending    1003611669333175 c0  (HANDOVER §8.5 — image handling not yet built)
image-pending    2334582457303823 c0  (HANDOVER §8.5 — image handling not yet built)
image-pending    2334582457303823 c0  (HANDOVER §8.5 — image handling not yet built)
image-pending    1636924125109439 c0  (HANDOVER §8.5 — image handling not yet built)
image-pending    1636924125109439 c0  (HANDOVER §8.5 — image handling not yet built)
image-pending    1636924125109439 c0  (HANDOVER §8.5 — image handling not yet built)
image-pending    1636924125109439 c0  (HANDOVER §8.5 — image handling not yet built)
image-pending    1636924125109439 c0  (HANDOVER §8.5 — image handling not yet built)
image-pending    1636924125109439 c0  (HANDOVER §8.5 — image handling not yet built)
image-pending    1426991422519780 c0  (HANDOVER §8.5 — image handling not yet built)
image-pending    1513398920265007 c0  (HANDOVER §8.5 — image handling not yet built)
image-pending    1747989286365429 c0  (HANDOVER §8.5 — image handling not yet built)
carried-forward  1705615330760964 c0  → https://pub-893b4a6a607b4221a894bf861da7914e.r2.dev/1705615330760964.mp4
video-missing    1705615330760964 c0  (expected file not found in facebook/videos/ewa-2026-06-25)
video-missing    1705615330760964 c0  (expected file not found in facebook/videos/ewa-2026-06-25)
video-missing    1705615330760964 c0  (expected file not found in facebook/videos/ewa-2026-06-25)
video-missing    1705615330760964 c0  (expected file not found in facebook/videos/ewa-2026-06-25)
video-missing    1705615330760964 c0  (expected file not found in facebook/videos/ewa-2026-06-25)
video-missing    1705615330760964 c0  (expected file not found in facebook/videos/ewa-2026-06-25)
video-missing    1705615330760964 c0  (expected file not found in facebook/videos/ewa-2026-06-25)
video-missing    1705615330760964 c0  (expected file not found in facebook/videos/ewa-2026-06-25)
video-missing    1705615330760964 c0  (expected file not found in facebook/videos/ewa-2026-06-25)
image-pending    1923911324990159 c0  (HANDOVER §8.5 — image handling not yet built)
image-pending    1923911324990159 c0  (HANDOVER §8.5 — image handling not yet built)
image-pending    1923911324990159 c0  (HANDOVER §8.5 — image handling not yet built)
image-pending    1923911324990159 c0  (HANDOVER §8.5 — image handling not yet built)
image-pending    1923911324990159 c0  (HANDOVER §8.5 — image handling not yet built)
image-pending    978209598439199 c0  (HANDOVER §8.5 — image handling not yet built)
image-pending    978209598439199 c0  (HANDOVER §8.5 — image handling not yet built)
image-pending    978209598439199 c0  (HANDOVER §8.5 — image handling not yet built)
image-pending    978209598439199 c0  (HANDOVER §8.5 — image handling not yet built)
image-pending    978209598439199 c0  (HANDOVER §8.5 — image handling not yet built)
image-pending    978209598439199 c0  (HANDOVER §8.5 — image handling not yet built)
image-pending    978209598439199 c0  (HANDOVER §8.5 — image handling not yet built)
image-pending    4412183892352225 c0  (HANDOVER §8.5 — image handling not yet built)
image-pending    4412183892352225 c0  (HANDOVER §8.5 — image handling not yet built)
image-pending    1281170237433127 c0  (HANDOVER §8.5 — image handling not yet built)
image-pending    1281170237433127 c0  (HANDOVER §8.5 — image handling not yet built)
carried-forward  1018633984071109 c0  → https://pub-893b4a6a607b4221a894bf861da7914e.r2.dev/1018633984071109.mp4
video-missing    1018633984071109 c0  (expected file not found in facebook/videos/ewa-2026-06-25)
video-missing    1018633984071109 c0  (expected file not found in facebook/videos/ewa-2026-06-25)
image-pending    1752697056081735 c0  (HANDOVER §8.5 — image handling not yet built)
image-pending    1322629386717993 c0  (HANDOVER §8.5 — image handling not yet built)
image-pending    1322629386717993 c0  (HANDOVER §8.5 — image handling not yet built)
image-pending    1322629386717993 c0  (HANDOVER §8.5 — image handling not yet built)
image-pending    1322629386717993 c0  (HANDOVER §8.5 — image handling not yet built)
image-pending    4408083529403945 c0  (HANDOVER §8.5 — image handling not yet built)
image-pending    4408083529403945 c0  (HANDOVER §8.5 — image handling not yet built)
image-pending    4408083529403945 c0  (HANDOVER §8.5 — image handling not yet built)
image-pending    1560395862312214 c0  (HANDOVER §8.5 — image handling not yet built)
carried-forward  1298528725593402 c0  → https://pub-893b4a6a607b4221a894bf861da7914e.r2.dev/1298528725593402.mp4
uploaded         1016947384174260 c0  (video) ← 1016947384174260.mp4  → https://pub-893b4a6a607b4221a894bf861da7914e.r2.dev/1016947384174260.mp4
video-missing    1016947384174260 c0  (expected file not found in facebook/videos/ewa-2026-06-25)
video-missing    1016947384174260 c0  (expected file not found in facebook/videos/ewa-2026-06-25)
carried-forward  1256539896367534 c0  → https://pub-893b4a6a607b4221a894bf861da7914e.r2.dev/1256539896367534.mp4
video-missing    1256539896367534 c0  (expected file not found in facebook/videos/ewa-2026-06-25)
image-pending    1906689313623397 c0  (HANDOVER §8.5 — image handling not yet built)
image-pending    1906689313623397 c0  (HANDOVER §8.5 — image handling not yet built)
image-pending    1014876094322934 c0  (HANDOVER §8.5 — image handling not yet built)
image-pending    1014876094322934 c0  (HANDOVER §8.5 — image handling not yet built)
carried-forward  1046143537848415 c0  → https://pub-893b4a6a607b4221a894bf861da7914e.r2.dev/1046143537848415.mp4
image-pending    1677769523466249 c0  (HANDOVER §8.5 — image handling not yet built)
uploaded         1011038988478747 c0  (video) ← 1011038988478747.mp4  → https://pub-893b4a6a607b4221a894bf861da7914e.r2.dev/1011038988478747.mp4
video-missing    1011038988478747 c0  (expected file not found in facebook/videos/ewa-2026-06-25)
video-missing    1011038988478747 c0  (expected file not found in facebook/videos/ewa-2026-06-25)
video-missing    1011038988478747 c0  (expected file not found in facebook/videos/ewa-2026-06-25)
video-missing    1011038988478747 c0  (expected file not found in facebook/videos/ewa-2026-06-25)
video-missing    1011038988478747 c0  (expected file not found in facebook/videos/ewa-2026-06-25)
video-missing    1011038988478747 c0  (expected file not found in facebook/videos/ewa-2026-06-25)
carried-forward  1004741782016742 c0  → https://pub-893b4a6a607b4221a894bf861da7914e.r2.dev/1004741782016742.mp4
carried-forward  3082141868647959 c0  → https://pub-893b4a6a607b4221a894bf861da7914e.r2.dev/3082141868647959.mp4
image-pending    27728781710048292 c0  (HANDOVER §8.5 — image handling not yet built)
image-pending    27728781710048292 c0  (HANDOVER §8.5 — image handling not yet built)
image-pending    27728781710048292 c0  (HANDOVER §8.5 — image handling not yet built)
image-pending    27728781710048292 c0  (HANDOVER §8.5 — image handling not yet built)
image-pending    27728781710048292 c0  (HANDOVER §8.5 — image handling not yet built)
image-pending    27728781710048292 c0  (HANDOVER §8.5 — image handling not yet built)
image-pending    27728781710048292 c0  (HANDOVER §8.5 — image handling not yet built)
image-pending    1379659310736348 c0  (HANDOVER §8.5 — image handling not yet built)
image-pending    1947356592612051 c0  (HANDOVER §8.5 — image handling not yet built)
image-pending    1000675962919066 c0  (HANDOVER §8.5 — image handling not yet built)
image-pending    1637432284419413 c0  (HANDOVER §8.5 — image handling not yet built)
image-pending    1637432284419413 c0  (HANDOVER §8.5 — image handling not yet built)
image-pending    1637432284419413 c0  (HANDOVER §8.5 — image handling not yet built)
image-pending    1814178842884956 c0  (HANDOVER §8.5 — image handling not yet built)
image-pending    1026802996515979 c0  (HANDOVER §8.5 — image handling not yet built)
image-pending    1026802996515979 c0  (HANDOVER §8.5 — image handling not yet built)
image-pending    2000081543932497 c0  (HANDOVER §8.5 — image handling not yet built)
image-pending    2000081543932497 c0  (HANDOVER §8.5 — image handling not yet built)
image-pending    2000081543932497 c0  (HANDOVER §8.5 — image handling not yet built)
image-pending    1564365435206249 c0  (HANDOVER §8.5 — image handling not yet built)
image-pending    1564365435206249 c0  (HANDOVER §8.5 — image handling not yet built)
carried-forward  2836808550004625 c0  → https://pub-893b4a6a607b4221a894bf861da7914e.r2.dev/2836808550004625.jpg
image-pending    859610987218332 c0  (HANDOVER §8.5 — image handling not yet built)
carried-forward  2398797947295687 c0  → https://pub-893b4a6a607b4221a894bf861da7914e.r2.dev/2398797947295687.mp4
video-missing    2398797947295687 c0  (expected file not found in facebook/videos/ewa-2026-06-25)
image-pending    2833462827014999 c0  (HANDOVER §8.5 — image handling not yet built)
image-pending    2833462827014999 c0  (HANDOVER §8.5 — image handling not yet built)
image-pending    2833462827014999 c0  (HANDOVER §8.5 — image handling not yet built)
image-pending    2833462827014999 c0  (HANDOVER §8.5 — image handling not yet built)
image-pending    2833462827014999 c0  (HANDOVER §8.5 — image handling not yet built)
image-pending    2833462827014999 c0  (HANDOVER §8.5 — image handling not yet built)
image-pending    2833462827014999 c0  (HANDOVER §8.5 — image handling not yet built)
image-pending    2833462827014999 c0  (HANDOVER §8.5 — image handling not yet built)
image-pending    2833462827014999 c0  (HANDOVER §8.5 — image handling not yet built)
image-pending    2833462827014999 c0  (HANDOVER §8.5 — image handling not yet built)
image-pending    2833462827014999 c0  (HANDOVER §8.5 — image handling not yet built)
image-pending    2507531419701992 c0  (HANDOVER §8.5 — image handling not yet built)
image-pending    2507531419701992 c0  (HANDOVER §8.5 — image handling not yet built)
image-pending    3092454547618347 c0  (HANDOVER §8.5 — image handling not yet built)
image-pending    3092454547618347 c0  (HANDOVER §8.5 — image handling not yet built)
carried-forward  929509573476337 c0  → https://pub-893b4a6a607b4221a894bf861da7914e.r2.dev/929509573476337.mp4
image-pending    1939149513401738 c0  (HANDOVER §8.5 — image handling not yet built)
image-pending    1939149513401738 c0  (HANDOVER §8.5 — image handling not yet built)
image-pending    1939149513401738 c0  (HANDOVER §8.5 — image handling not yet built)
image-pending    1939149513401738 c0  (HANDOVER §8.5 — image handling not yet built)
image-pending    3537150746432305 c0  (HANDOVER §8.5 — image handling not yet built)
carried-forward  834411392825192 c0  → https://pub-893b4a6a607b4221a894bf861da7914e.r2.dev/834411392825192.mp4
image-pending    1904323886786661 c0  (HANDOVER §8.5 — image handling not yet built)
image-pending    1528714162280203 c0  (HANDOVER §8.5 — image handling not yet built)
image-pending    985693170898476 c0  (HANDOVER §8.5 — image handling not yet built)
image-pending    985693170898476 c0  (HANDOVER §8.5 — image handling not yet built)
image-pending    985693170898476 c0  (HANDOVER §8.5 — image handling not yet built)
image-pending    985693170898476 c0  (HANDOVER §8.5 — image handling not yet built)
image-pending    985693170898476 c0  (HANDOVER §8.5 — image handling not yet built)
image-pending    1914839752562621 c0  (HANDOVER §8.5 — image handling not yet built)
image-pending    1914839752562621 c0  (HANDOVER §8.5 — image handling not yet built)
image-pending    1914839752562621 c0  (HANDOVER §8.5 — image handling not yet built)
image-pending    1358208466273825 c0  (HANDOVER §8.5 — image handling not yet built)
image-pending    1358208466273825 c0  (HANDOVER §8.5 — image handling not yet built)
carried-forward  2854726308215813 c0  → https://pub-893b4a6a607b4221a894bf861da7914e.r2.dev/2854726308215813.mp4
video-missing    2854726308215813 c0  (expected file not found in facebook/videos/ewa-2026-06-25)
video-missing    2854726308215813 c0  (expected file not found in facebook/videos/ewa-2026-06-25)
video-missing    2854726308215813 c0  (expected file not found in facebook/videos/ewa-2026-06-25)
video-missing    2854726308215813 c0  (expected file not found in facebook/videos/ewa-2026-06-25)
uploaded         1322493216675572 c0  (video) ← 1322493216675572.mp4  → https://pub-893b4a6a607b4221a894bf861da7914e.r2.dev/1322493216675572.mp4
image-pending    1574031738067479 c0  (HANDOVER §8.5 — image handling not yet built)
uploaded         1438291998065863 c0  (video) ← 1438291998065863.mp4  → https://pub-893b4a6a607b4221a894bf861da7914e.r2.dev/1438291998065863.mp4
video-missing    1438291998065863 c0  (expected file not found in facebook/videos/ewa-2026-06-25)
video-missing    1438291998065863 c0  (expected file not found in facebook/videos/ewa-2026-06-25)
image-pending    1029134476463548 c0  (HANDOVER §8.5 — image handling not yet built)
carried-forward  1147669700867740 c0  → https://pub-893b4a6a607b4221a894bf861da7914e.r2.dev/1147669700867740.jpg
image-pending    1147669700867740 c0  (HANDOVER §8.5 — image handling not yet built)
image-pending    1147669700867740 c0  (HANDOVER §8.5 — image handling not yet built)
image-pending    1147669700867740 c0  (HANDOVER §8.5 — image handling not yet built)
image-pending    1752475999260298 c0  (HANDOVER §8.5 — image handling not yet built)
image-pending    1378087623727133 c0  (HANDOVER §8.5 — image handling not yet built)
image-pending    2233335240818286 c0  (HANDOVER §8.5 — image handling not yet built)
image-pending    4474414339440515 c0  (HANDOVER §8.5 — image handling not yet built)
image-pending    4474414339440515 c0  (HANDOVER §8.5 — image handling not yet built)
image-pending    928520793575694 c0  (HANDOVER §8.5 — image handling not yet built)
image-pending    928520793575694 c0  (HANDOVER §8.5 — image handling not yet built)
carried-forward  1531576331621779 c0  → https://pub-893b4a6a607b4221a894bf861da7914e.r2.dev/1531576331621779.mp4
video-missing    1531576331621779 c0  (expected file not found in facebook/videos/ewa-2026-06-25)
video-missing    2085709192330186 c0  (expected file not found in facebook/videos/ewa-2026-06-25)
image-pending    1770797747276751 c0  (HANDOVER §8.5 — image handling not yet built)
image-pending    1770797747276751 c0  (HANDOVER §8.5 — image handling not yet built)
image-pending    1770797747276751 c0  (HANDOVER §8.5 — image handling not yet built)
image-pending    1439844258174851 c0  (HANDOVER §8.5 — image handling not yet built)
image-pending    1439844258174851 c0  (HANDOVER §8.5 — image handling not yet built)
image-pending    1439844258174851 c0  (HANDOVER §8.5 — image handling not yet built)
image-pending    1439844258174851 c0  (HANDOVER §8.5 — image handling not yet built)
image-pending    1439844258174851 c0  (HANDOVER §8.5 — image handling not yet built)
uploaded         1550021806499424 c0  (video) ← 1550021806499424.mp4  → https://pub-893b4a6a607b4221a894bf861da7914e.r2.dev/1550021806499424.mp4
image-pending    1597710115400890 c0  (HANDOVER §8.5 — image handling not yet built)
image-pending    1969420223687247 c0  (HANDOVER §8.5 — image handling not yet built)
carried-forward  1635873264190962 c0  → https://pub-893b4a6a607b4221a894bf861da7914e.r2.dev/1635873264190962.mp4
image-pending    1991874048870438 c0  (HANDOVER §8.5 — image handling not yet built)
image-pending    3396788043832608 c0  (HANDOVER §8.5 — image handling not yet built)
image-pending    3396788043832608 c0  (HANDOVER §8.5 — image handling not yet built)
image-pending    3396788043832608 c0  (HANDOVER §8.5 — image handling not yet built)
image-pending    3396788043832608 c0  (HANDOVER §8.5 — image handling not yet built)
carried-forward  2018115468836845 c0  → https://pub-893b4a6a607b4221a894bf861da7914e.r2.dev/2018115468836845.mp4
carried-forward  1030911032692577 c0  → https://pub-893b4a6a607b4221a894bf861da7914e.r2.dev/1030911032692577.mp4
video-missing    1030911032692577 c0  (expected file not found in facebook/videos/ewa-2026-06-25)
video-missing    1030911032692577 c0  (expected file not found in facebook/videos/ewa-2026-06-25)
video-missing    1030911032692577 c0  (expected file not found in facebook/videos/ewa-2026-06-25)
video-missing    1030911032692577 c0  (expected file not found in facebook/videos/ewa-2026-06-25)
video-missing    1030911032692577 c0  (expected file not found in facebook/videos/ewa-2026-06-25)
video-missing    1030911032692577 c0  (expected file not found in facebook/videos/ewa-2026-06-25)
video-missing    1030911032692577 c0  (expected file not found in facebook/videos/ewa-2026-06-25)
video-missing    1030911032692577 c0  (expected file not found in facebook/videos/ewa-2026-06-25)
image-pending    28115489544782056 c0  (HANDOVER §8.5 — image handling not yet built)
uploaded         2208612196650529 c0  (video) ← 2208612196650529.mp4  → https://pub-893b4a6a607b4221a894bf861da7914e.r2.dev/2208612196650529.mp4
video-missing    2208612196650529 c0  (expected file not found in facebook/videos/ewa-2026-06-25)
carried-forward  991062327167177 c0  → https://pub-893b4a6a607b4221a894bf861da7914e.r2.dev/991062327167177.mp4
video-missing    991062327167177 c0  (expected file not found in facebook/videos/ewa-2026-06-25)
video-missing    991062327167177 c0  (expected file not found in facebook/videos/ewa-2026-06-25)
video-missing    991062327167177 c0  (expected file not found in facebook/videos/ewa-2026-06-25)
video-missing    991062327167177 c0  (expected file not found in facebook/videos/ewa-2026-06-25)
video-missing    991062327167177 c0  (expected file not found in facebook/videos/ewa-2026-06-25)
carried-forward  940843992332232 c0  → https://pub-893b4a6a607b4221a894bf861da7914e.r2.dev/940843992332232.mp4
image-pending    1375107474508927 c0  (HANDOVER §8.5 — image handling not yet built)
image-pending    2083767865511029 c0  (HANDOVER §8.5 — image handling not yet built)
image-pending    2083767865511029 c0  (HANDOVER §8.5 — image handling not yet built)
image-pending    2083767865511029 c0  (HANDOVER §8.5 — image handling not yet built)
image-pending    2083767865511029 c0  (HANDOVER §8.5 — image handling not yet built)
image-pending    4445707562349547 c0  (HANDOVER §8.5 — image handling not yet built)
carried-forward  975097332110635 c0  → https://pub-893b4a6a607b4221a894bf861da7914e.r2.dev/975097332110635.jpg
video-missing    990445253777928 c0  (expected file not found in facebook/videos/ewa-2026-06-25)
image-pending    1530719808836917 c0  (HANDOVER §8.5 — image handling not yet built)
image-pending    4991689354391176 c0  (HANDOVER §8.5 — image handling not yet built)
image-pending    2111965449369215 c0  (HANDOVER §8.5 — image handling not yet built)
image-pending    2729642587410906 c0  (HANDOVER §8.5 — image handling not yet built)
image-pending    2729642587410906 c0  (HANDOVER §8.5 — image handling not yet built)
image-pending    2729642587410906 c0  (HANDOVER §8.5 — image handling not yet built)
image-pending    833344169614266 c0  (HANDOVER §8.5 — image handling not yet built)
image-pending    833344169614266 c0  (HANDOVER §8.5 — image handling not yet built)
image-pending    995110610083800 c0  (HANDOVER §8.5 — image handling not yet built)
image-pending    995110610083800 c0  (HANDOVER §8.5 — image handling not yet built)
image-pending    995110610083800 c0  (HANDOVER §8.5 — image handling not yet built)
carried-forward  1304416345009170 c0  → https://pub-893b4a6a607b4221a894bf861da7914e.r2.dev/1304416345009170.mp4
video-missing    1304416345009170 c0  (expected file not found in facebook/videos/ewa-2026-06-25)
image-pending    1015595294319850 c0  (HANDOVER §8.5 — image handling not yet built)
image-pending    1015595294319850 c0  (HANDOVER §8.5 — image handling not yet built)
image-pending    1015595294319850 c0  (HANDOVER §8.5 — image handling not yet built)
image-pending    1015595294319850 c0  (HANDOVER §8.5 — image handling not yet built)
uploaded         1001456935603879 c0  (video) ← 1001456935603879.mp4  → https://pub-893b4a6a607b4221a894bf861da7914e.r2.dev/1001456935603879.mp4
carried-forward  1381915087329877 c0  → https://pub-893b4a6a607b4221a894bf861da7914e.r2.dev/1381915087329877.mp4
image-pending    1802437427587434 c0  (HANDOVER §8.5 — image handling not yet built)
image-pending    1802437427587434 c0  (HANDOVER §8.5 — image handling not yet built)
image-pending    1802437427587434 c0  (HANDOVER §8.5 — image handling not yet built)
image-pending    1802437427587434 c0  (HANDOVER §8.5 — image handling not yet built)
image-pending    1802437427587434 c0  (HANDOVER §8.5 — image handling not yet built)
image-pending    2475469006286363 c0  (HANDOVER §8.5 — image handling not yet built)
image-pending    2475469006286363 c0  (HANDOVER §8.5 — image handling not yet built)
image-pending    2475469006286363 c0  (HANDOVER §8.5 — image handling not yet built)
image-pending    2475469006286363 c0  (HANDOVER §8.5 — image handling not yet built)
image-pending    1284801253426253 c0  (HANDOVER §8.5 — image handling not yet built)
image-pending    983602364312319 c0  (HANDOVER §8.5 — image handling not yet built)
image-pending    983602364312319 c0  (HANDOVER §8.5 — image handling not yet built)
image-pending    983602364312319 c0  (HANDOVER §8.5 — image handling not yet built)
image-pending    983602364312319 c0  (HANDOVER §8.5 — image handling not yet built)
image-pending    983602364312319 c0  (HANDOVER §8.5 — image handling not yet built)
image-pending    983602364312319 c0  (HANDOVER §8.5 — image handling not yet built)
carried-forward  2690469964681517 c0  → https://pub-893b4a6a607b4221a894bf861da7914e.r2.dev/2690469964681517.mp4
image-pending    1649392176118063 c0  (HANDOVER §8.5 — image handling not yet built)
image-pending    1649392176118063 c0  (HANDOVER §8.5 — image handling not yet built)
image-pending    1649392176118063 c0  (HANDOVER §8.5 — image handling not yet built)
image-pending    1649392176118063 c0  (HANDOVER §8.5 — image handling not yet built)
image-pending    1649392176118063 c0  (HANDOVER §8.5 — image handling not yet built)
image-pending    1649392176118063 c0  (HANDOVER §8.5 — image handling not yet built)
image-pending    1649392176118063 c0  (HANDOVER §8.5 — image handling not yet built)
image-pending    1649392176118063 c0  (HANDOVER §8.5 — image handling not yet built)
image-pending    1984017578879939 c0  (HANDOVER §8.5 — image handling not yet built)
uploaded         1356506826437405 c0  (video) ← 1356506826437405.mp4  → https://pub-893b4a6a607b4221a894bf861da7914e.r2.dev/1356506826437405.mp4
image-pending    1480761769940315 c0  (HANDOVER §8.5 — image handling not yet built)
carried-forward  1470292110944699 c0  → https://pub-893b4a6a607b4221a894bf861da7914e.r2.dev/1470292110944699.jpg
image-pending    1470292110944699 c0  (HANDOVER §8.5 — image handling not yet built)
image-pending    1470292110944699 c0  (HANDOVER §8.5 — image handling not yet built)
image-pending    1470292110944699 c0  (HANDOVER §8.5 — image handling not yet built)
image-pending    1470292110944699 c0  (HANDOVER §8.5 — image handling not yet built)
image-pending    1470292110944699 c0  (HANDOVER §8.5 — image handling not yet built)
image-pending    1470292110944699 c0  (HANDOVER §8.5 — image handling not yet built)
image-pending    1470292110944699 c0  (HANDOVER §8.5 — image handling not yet built)
image-pending    1466459948828775 c0  (HANDOVER §8.5 — image handling not yet built)
carried-forward  992482303709928 c0  → https://pub-893b4a6a607b4221a894bf861da7914e.r2.dev/992482303709928.mp4
video-missing    992482303709928 c0  (expected file not found in facebook/videos/ewa-2026-06-25)
image-pending    976304022060337 c0  (HANDOVER §8.5 — image handling not yet built)
image-pending    1623114248768169 c0  (HANDOVER §8.5 — image handling not yet built)
image-pending    1623114248768169 c0  (HANDOVER §8.5 — image handling not yet built)
image-pending    1312244051110475 c0  (HANDOVER §8.5 — image handling not yet built)
image-pending    1312244051110475 c0  (HANDOVER §8.5 — image handling not yet built)
image-pending    1312244051110475 c0  (HANDOVER §8.5 — image handling not yet built)
image-pending    1312244051110475 c0  (HANDOVER §8.5 — image handling not yet built)
image-pending    1312244051110475 c0  (HANDOVER §8.5 — image handling not yet built)
image-pending    1312244051110475 c0  (HANDOVER §8.5 — image handling not yet built)
image-pending    1017137964033818 c0  (HANDOVER §8.5 — image handling not yet built)
image-pending    1632353037864740 c0  (HANDOVER §8.5 — image handling not yet built)
image-pending    988421774035585 c0  (HANDOVER §8.5 — image handling not yet built)
image-pending    988421774035585 c0  (HANDOVER §8.5 — image handling not yet built)
uploaded         952550961150852 c0  (video) ← 952550961150852.mp4  → https://pub-893b4a6a607b4221a894bf861da7914e.r2.dev/952550961150852.mp4
video-missing    952550961150852 c0  (expected file not found in facebook/videos/ewa-2026-06-25)
uploaded         1328208558750584 c0  (video) ← 1328208558750584.mp4  → https://pub-893b4a6a607b4221a894bf861da7914e.r2.dev/1328208558750584.mp4
image-pending    1732939111066560 c0  (HANDOVER §8.5 — image handling not yet built)
image-pending    1732939111066560 c0  (HANDOVER §8.5 — image handling not yet built)
image-pending    1732939111066560 c0  (HANDOVER §8.5 — image handling not yet built)
image-pending    1732939111066560 c0  (HANDOVER §8.5 — image handling not yet built)
image-pending    1732939111066560 c0  (HANDOVER §8.5 — image handling not yet built)
image-pending    1732939111066560 c0  (HANDOVER §8.5 — image handling not yet built)
image-pending    1732939111066560 c0  (HANDOVER §8.5 — image handling not yet built)
image-pending    4481708142048757 c0  (HANDOVER §8.5 — image handling not yet built)
image-pending    1010071368379800 c0  (HANDOVER §8.5 — image handling not yet built)
image-pending    1068166152222756 c0  (HANDOVER §8.5 — image handling not yet built)
image-pending    1068166152222756 c0  (HANDOVER §8.5 — image handling not yet built)
image-pending    1351348530282921 c0  (HANDOVER §8.5 — image handling not yet built)
image-pending    1351348530282921 c0  (HANDOVER §8.5 — image handling not yet built)
image-pending    1351348530282921 c0  (HANDOVER §8.5 — image handling not yet built)
image-pending    1351348530282921 c0  (HANDOVER §8.5 — image handling not yet built)
carried-forward  986036844047097 c0  → https://pub-893b4a6a607b4221a894bf861da7914e.r2.dev/986036844047097.mp4
image-pending    757790650728889 c0  (HANDOVER §8.5 — image handling not yet built)
image-pending    757790650728889 c0  (HANDOVER §8.5 — image handling not yet built)
image-pending    757790650728889 c0  (HANDOVER §8.5 — image handling not yet built)
image-pending    757790650728889 c0  (HANDOVER §8.5 — image handling not yet built)
image-pending    879687031850364 c0  (HANDOVER §8.5 — image handling not yet built)
image-pending    2256925324840478 c0  (HANDOVER §8.5 — image handling not yet built)
image-pending    2256925324840478 c0  (HANDOVER §8.5 — image handling not yet built)
image-pending    2256925324840478 c0  (HANDOVER §8.5 — image handling not yet built)
image-pending    2256925324840478 c0  (HANDOVER §8.5 — image handling not yet built)
image-pending    2256925324840478 c0  (HANDOVER §8.5 — image handling not yet built)
image-pending    2256925324840478 c0  (HANDOVER §8.5 — image handling not yet built)
carried-forward  957965230451965 c0  → https://pub-893b4a6a607b4221a894bf861da7914e.r2.dev/957965230451965.mp4
video-missing    957965230451965 c0  (expected file not found in facebook/videos/ewa-2026-06-25)
image-pending    1041797818516687 c0  (HANDOVER §8.5 — image handling not yet built)
image-pending    1778497726815969 c0  (HANDOVER §8.5 — image handling not yet built)
image-pending    1778497726815969 c0  (HANDOVER §8.5 — image handling not yet built)
image-pending    1778497726815969 c0  (HANDOVER §8.5 — image handling not yet built)
image-pending    1778497726815969 c0  (HANDOVER §8.5 — image handling not yet built)
image-pending    1778497726815969 c0  (HANDOVER §8.5 — image handling not yet built)
image-pending    1778497726815969 c0  (HANDOVER §8.5 — image handling not yet built)
image-pending    1778497726815969 c0  (HANDOVER §8.5 — image handling not yet built)
image-pending    1778497726815969 c0  (HANDOVER §8.5 — image handling not yet built)
uploaded         1862678747744097 c0  (video) ← 1862678747744097.mp4  → https://pub-893b4a6a607b4221a894bf861da7914e.r2.dev/1862678747744097.mp4
image-pending    1568437628019619 c0  (HANDOVER §8.5 — image handling not yet built)
image-pending    2091449115048486 c0  (HANDOVER §8.5 — image handling not yet built)
image-pending    2091449115048486 c0  (HANDOVER §8.5 — image handling not yet built)
image-pending    2091449115048486 c0  (HANDOVER §8.5 — image handling not yet built)
image-pending    2091449115048486 c0  (HANDOVER §8.5 — image handling not yet built)
image-pending    2091449115048486 c0  (HANDOVER §8.5 — image handling not yet built)
image-pending    2091449115048486 c0  (HANDOVER §8.5 — image handling not yet built)
image-pending    2091449115048486 c0  (HANDOVER §8.5 — image handling not yet built)
image-pending    2091449115048486 c0  (HANDOVER §8.5 — image handling not yet built)
image-pending    2091449115048486 c0  (HANDOVER §8.5 — image handling not yet built)
image-pending    2091449115048486 c0  (HANDOVER §8.5 — image handling not yet built)
image-pending    2091449115048486 c0  (HANDOVER §8.5 — image handling not yet built)
image-pending    1514798080094688 c0  (HANDOVER §8.5 — image handling not yet built)
image-pending    1514798080094688 c0  (HANDOVER §8.5 — image handling not yet built)
image-pending    1514798080094688 c0  (HANDOVER §8.5 — image handling not yet built)
carried-forward  989195793757335 c0  → https://pub-893b4a6a607b4221a894bf861da7914e.r2.dev/989195793757335.mp4
video-missing    989195793757335 c0  (expected file not found in facebook/videos/ewa-2026-06-25)
video-missing    989195793757335 c0  (expected file not found in facebook/videos/ewa-2026-06-25)
video-missing    989195793757335 c0  (expected file not found in facebook/videos/ewa-2026-06-25)
video-missing    989195793757335 c0  (expected file not found in facebook/videos/ewa-2026-06-25)
video-missing    989195793757335 c0  (expected file not found in facebook/videos/ewa-2026-06-25)
video-missing    989195793757335 c0  (expected file not found in facebook/videos/ewa-2026-06-25)
video-missing    989195793757335 c0  (expected file not found in facebook/videos/ewa-2026-06-25)
carried-forward  27383059938023118 c0  → https://pub-893b4a6a607b4221a894bf861da7914e.r2.dev/27383059938023118.mp4
carried-forward  2174746829978204 c0  → https://pub-893b4a6a607b4221a894bf861da7914e.r2.dev/2174746829978204.mp4
image-pending    993656546642757 c0  (HANDOVER §8.5 — image handling not yet built)
image-pending    1362642539106283 c0  (HANDOVER §8.5 — image handling not yet built)
image-pending    1362642539106283 c0  (HANDOVER §8.5 — image handling not yet built)
image-pending    1686972962613501 c0  (HANDOVER §8.5 — image handling not yet built)
image-pending    1686972962613501 c0  (HANDOVER §8.5 — image handling not yet built)
image-pending    2237152400448692 c0  (HANDOVER §8.5 — image handling not yet built)
image-pending    1048680967722369 c0  (HANDOVER §8.5 — image handling not yet built)
image-pending    907188799066616 c0  (HANDOVER §8.5 — image handling not yet built)
image-pending    907188799066616 c0  (HANDOVER §8.5 — image handling not yet built)
image-pending    907188799066616 c0  (HANDOVER §8.5 — image handling not yet built)
image-pending    907188799066616 c0  (HANDOVER §8.5 — image handling not yet built)
image-pending    907188799066616 c0  (HANDOVER §8.5 — image handling not yet built)
carried-forward  1578542210276736 c0  → https://pub-893b4a6a607b4221a894bf861da7914e.r2.dev/1578542210276736.mp4
image-pending    873825859113744 c0  (HANDOVER §8.5 — image handling not yet built)
image-pending    3036369163224801 c0  (HANDOVER §8.5 — image handling not yet built)
image-pending    3036369163224801 c0  (HANDOVER §8.5 — image handling not yet built)
image-pending    3036369163224801 c0  (HANDOVER §8.5 — image handling not yet built)
uploaded         1724326401922272 c0  (video) ← 1724326401922272.mp4  → https://pub-893b4a6a607b4221a894bf861da7914e.r2.dev/1724326401922272.mp4
video-missing    1724326401922272 c0  (expected file not found in facebook/videos/ewa-2026-06-25)
video-missing    1724326401922272 c0  (expected file not found in facebook/videos/ewa-2026-06-25)
carried-forward  813865028257344 c0  → https://pub-893b4a6a607b4221a894bf861da7914e.r2.dev/813865028257344.mp4
uploaded         1919232015443434 c0  (video) ← 1919232015443434.mp4  → https://pub-893b4a6a607b4221a894bf861da7914e.r2.dev/1919232015443434.mp4
video-missing    1919232015443434 c0  (expected file not found in facebook/videos/ewa-2026-06-25)
image-pending    1803592717675470 c0  (HANDOVER §8.5 — image handling not yet built)
image-pending    1803592717675470 c0  (HANDOVER §8.5 — image handling not yet built)
image-pending    1803592717675470 c0  (HANDOVER §8.5 — image handling not yet built)
image-pending    1803592717675470 c0  (HANDOVER §8.5 — image handling not yet built)
image-pending    1803592717675470 c0  (HANDOVER §8.5 — image handling not yet built)
image-pending    1803592717675470 c0  (HANDOVER §8.5 — image handling not yet built)
carried-forward  3313314445543891 c0  → https://pub-893b4a6a607b4221a894bf861da7914e.r2.dev/3313314445543891.mp4
carried-forward  1034272239559593 c0  → https://pub-893b4a6a607b4221a894bf861da7914e.r2.dev/1034272239559593.mp4
video-missing    1034272239559593 c0  (expected file not found in facebook/videos/ewa-2026-06-25)
video-missing    1034272239559593 c0  (expected file not found in facebook/videos/ewa-2026-06-25)
video-missing    1034272239559593 c0  (expected file not found in facebook/videos/ewa-2026-06-25)
image-pending    1024376513616847 c0  (HANDOVER §8.5 — image handling not yet built)
image-pending    1024376513616847 c0  (HANDOVER §8.5 — image handling not yet built)
image-pending    4573455939565878 c0  (HANDOVER §8.5 — image handling not yet built)
image-pending    4573455939565878 c0  (HANDOVER §8.5 — image handling not yet built)
uploaded         1040737345305037 c0  (video) ← 1040737345305037.mp4  → https://pub-893b4a6a607b4221a894bf861da7914e.r2.dev/1040737345305037.mp4
video-missing    1040737345305037 c0  (expected file not found in facebook/videos/ewa-2026-06-25)
video-missing    1040737345305037 c0  (expected file not found in facebook/videos/ewa-2026-06-25)
video-missing    1040737345305037 c0  (expected file not found in facebook/videos/ewa-2026-06-25)
video-missing    1040737345305037 c0  (expected file not found in facebook/videos/ewa-2026-06-25)
video-missing    1040737345305037 c0  (expected file not found in facebook/videos/ewa-2026-06-25)
video-missing    1040737345305037 c0  (expected file not found in facebook/videos/ewa-2026-06-25)
video-missing    1040737345305037 c0  (expected file not found in facebook/videos/ewa-2026-06-25)
video-missing    1040737345305037 c0  (expected file not found in facebook/videos/ewa-2026-06-25)
video-missing    1040737345305037 c0  (expected file not found in facebook/videos/ewa-2026-06-25)
video-missing    1040737345305037 c0  (expected file not found in facebook/videos/ewa-2026-06-25)
video-missing    1040737345305037 c0  (expected file not found in facebook/videos/ewa-2026-06-25)
video-missing    1040737345305037 c0  (expected file not found in facebook/videos/ewa-2026-06-25)
video-missing    1040737345305037 c0  (expected file not found in facebook/videos/ewa-2026-06-25)
uploaded         1320281302961129 c0  (video) ← 1320281302961129.mp4  → https://pub-893b4a6a607b4221a894bf861da7914e.r2.dev/1320281302961129.mp4
carried-forward  2795613607470752 c0  → https://pub-893b4a6a607b4221a894bf861da7914e.r2.dev/2795613607470752.mp4
video-missing    2795613607470752 c0  (expected file not found in facebook/videos/ewa-2026-06-25)
video-missing    2795613607470752 c0  (expected file not found in facebook/videos/ewa-2026-06-25)
video-missing    2795613607470752 c0  (expected file not found in facebook/videos/ewa-2026-06-25)
video-missing    2795613607470752 c0  (expected file not found in facebook/videos/ewa-2026-06-25)
video-missing    2795613607470752 c0  (expected file not found in facebook/videos/ewa-2026-06-25)
video-missing    2795613607470752 c0  (expected file not found in facebook/videos/ewa-2026-06-25)
video-missing    2795613607470752 c0  (expected file not found in facebook/videos/ewa-2026-06-25)
image-pending    1197932140064201 c0  (HANDOVER §8.5 — image handling not yet built)
image-pending    1197932140064201 c0  (HANDOVER §8.5 — image handling not yet built)
image-pending    1197932140064201 c0  (HANDOVER §8.5 — image handling not yet built)
image-pending    1197932140064201 c0  (HANDOVER §8.5 — image handling not yet built)
image-pending    1526529959007630 c0  (HANDOVER §8.5 — image handling not yet built)
image-pending    1526529959007630 c0  (HANDOVER §8.5 — image handling not yet built)
image-pending    1526529959007630 c0  (HANDOVER §8.5 — image handling not yet built)
carried-forward  2360448554715332 c0  → https://pub-893b4a6a607b4221a894bf861da7914e.r2.dev/2360448554715332.mp4
image-pending    1005965408485611 c0  (HANDOVER §8.5 — image handling not yet built)
image-pending    2167583657137554 c0  (HANDOVER §8.5 — image handling not yet built)
carried-forward  1012759394647525 c0  → https://pub-893b4a6a607b4221a894bf861da7914e.r2.dev/1012759394647525.mp4
carried-forward  2139664810291951 c0  → https://pub-893b4a6a607b4221a894bf861da7914e.r2.dev/2139664810291951.mp4
carried-forward  2846261645729314 c0  → https://pub-893b4a6a607b4221a894bf861da7914e.r2.dev/2846261645729314.mp4
carried-forward  966017276430230 c0  → https://pub-893b4a6a607b4221a894bf861da7914e.r2.dev/966017276430230.mp4
video-missing    966017276430230 c0  (expected file not found in facebook/videos/ewa-2026-06-25)
video-missing    966017276430230 c0  (expected file not found in facebook/videos/ewa-2026-06-25)
video-missing    966017276430230 c0  (expected file not found in facebook/videos/ewa-2026-06-25)
image-pending    979797738360920 c0  (HANDOVER §8.5 — image handling not yet built)
carried-forward  1176622471262482 c0  → https://pub-893b4a6a607b4221a894bf861da7914e.r2.dev/1176622471262482.mp4
video-missing    1176622471262482 c0  (expected file not found in facebook/videos/ewa-2026-06-25)
video-missing    1176622471262482 c0  (expected file not found in facebook/videos/ewa-2026-06-25)
video-missing    1176622471262482 c0  (expected file not found in facebook/videos/ewa-2026-06-25)
video-missing    1176622471262482 c0  (expected file not found in facebook/videos/ewa-2026-06-25)
carried-forward  978723188280394 c0  → https://pub-893b4a6a607b4221a894bf861da7914e.r2.dev/978723188280394.mp4
video-missing    978723188280394 c0  (expected file not found in facebook/videos/ewa-2026-06-25)
image-pending    1282463207293267 c0  (HANDOVER §8.5 — image handling not yet built)
image-pending    1282463207293267 c0  (HANDOVER §8.5 — image handling not yet built)
image-pending    1887396798592656 c0  (HANDOVER §8.5 — image handling not yet built)
image-pending    1887396798592656 c0  (HANDOVER §8.5 — image handling not yet built)
image-pending    1887396798592656 c0  (HANDOVER §8.5 — image handling not yet built)
image-pending    1887396798592656 c0  (HANDOVER §8.5 — image handling not yet built)
image-pending    1887396798592656 c0  (HANDOVER §8.5 — image handling not yet built)
image-pending    787989207642506 c0  (HANDOVER §8.5 — image handling not yet built)
image-pending    787989207642506 c0  (HANDOVER §8.5 — image handling not yet built)
image-pending    787989207642506 c0  (HANDOVER §8.5 — image handling not yet built)
image-pending    1031622096470396 c0  (HANDOVER §8.5 — image handling not yet built)
uploaded         1572772291128436 c0  (video) ← 1572772291128436.mp4  → https://pub-893b4a6a607b4221a894bf861da7914e.r2.dev/1572772291128436.mp4
video-missing    1572772291128436 c0  (expected file not found in facebook/videos/ewa-2026-06-25)
video-missing    1572772291128436 c0  (expected file not found in facebook/videos/ewa-2026-06-25)
image-pending    1751734549163489 c0  (HANDOVER §8.5 — image handling not yet built)
carried-forward  2245140799631499 c0  → https://pub-893b4a6a607b4221a894bf861da7914e.r2.dev/2245140799631499.mp4
image-pending    999533563062470 c0  (HANDOVER §8.5 — image handling not yet built)
image-pending    999533563062470 c0  (HANDOVER §8.5 — image handling not yet built)
image-pending    999533563062470 c0  (HANDOVER §8.5 — image handling not yet built)
video-missing    2158745832188363 c0  (expected file not found in facebook/videos/ewa-2026-06-25)
image-pending    908099268343230 c0  (HANDOVER §8.5 — image handling not yet built)
image-pending    908099268343230 c0  (HANDOVER §8.5 — image handling not yet built)
image-pending    908099268343230 c0  (HANDOVER §8.5 — image handling not yet built)
image-pending    908099268343230 c0  (HANDOVER §8.5 — image handling not yet built)
uploaded         1539260024608275 c0  (video) ← 1539260024608275.mp4  → https://pub-893b4a6a607b4221a894bf861da7914e.r2.dev/1539260024608275.mp4
video-missing    1539260024608275 c0  (expected file not found in facebook/videos/ewa-2026-06-25)
image-pending    1786430588996471 c0  (HANDOVER §8.5 — image handling not yet built)
video-missing    4632016220364998 c0  (expected file not found in facebook/videos/ewa-2026-06-25)
video-missing    4632016220364998 c0  (expected file not found in facebook/videos/ewa-2026-06-25)
image-pending    1008266878454768 c0  (HANDOVER §8.5 — image handling not yet built)
image-pending    1008266878454768 c0  (HANDOVER §8.5 — image handling not yet built)
image-pending    1008266878454768 c0  (HANDOVER §8.5 — image handling not yet built)
image-pending    1008266878454768 c0  (HANDOVER §8.5 — image handling not yet built)
image-pending    1008266878454768 c0  (HANDOVER §8.5 — image handling not yet built)
image-pending    1027002536737728 c0  (HANDOVER §8.5 — image handling not yet built)
image-pending    814641214913506 c0  (HANDOVER §8.5 — image handling not yet built)
image-pending    814641214913506 c0  (HANDOVER §8.5 — image handling not yet built)
image-pending    814641214913506 c0  (HANDOVER §8.5 — image handling not yet built)
image-pending    814641214913506 c0  (HANDOVER §8.5 — image handling not yet built)
image-pending    1962665371062462 c0  (HANDOVER §8.5 — image handling not yet built)
image-pending    1962665371062462 c0  (HANDOVER §8.5 — image handling not yet built)
image-pending    1962665371062462 c0  (HANDOVER §8.5 — image handling not yet built)
image-pending    1962665371062462 c0  (HANDOVER §8.5 — image handling not yet built)
image-pending    1962665371062462 c0  (HANDOVER §8.5 — image handling not yet built)
image-pending    1962665371062462 c0  (HANDOVER §8.5 — image handling not yet built)
image-pending    1962665371062462 c0  (HANDOVER §8.5 — image handling not yet built)
video-missing    27202729049369297 c0  (expected file not found in facebook/videos/ewa-2026-06-25)
image-pending    1543769674035160 c0  (HANDOVER §8.5 — image handling not yet built)
image-pending    1355206383173702 c0  (HANDOVER §8.5 — image handling not yet built)
image-pending    2063981251140497 c0  (HANDOVER §8.5 — image handling not yet built)
image-pending    2031393094143524 c0  (HANDOVER §8.5 — image handling not yet built)
image-pending    4337851286529957 c0  (HANDOVER §8.5 — image handling not yet built)
image-pending    4337851286529957 c0  (HANDOVER §8.5 — image handling not yet built)
image-pending    4337851286529957 c0  (HANDOVER §8.5 — image handling not yet built)
image-pending    1382398707359686 c0  (HANDOVER §8.5 — image handling not yet built)
image-pending    1382398707359686 c0  (HANDOVER §8.5 — image handling not yet built)
image-pending    2538004636657428 c0  (HANDOVER §8.5 — image handling not yet built)
image-pending    2538004636657428 c0  (HANDOVER §8.5 — image handling not yet built)
image-pending    2538004636657428 c0  (HANDOVER §8.5 — image handling not yet built)
image-pending    2538004636657428 c0  (HANDOVER §8.5 — image handling not yet built)
image-pending    2538004636657428 c0  (HANDOVER §8.5 — image handling not yet built)
image-pending    2538004636657428 c0  (HANDOVER §8.5 — image handling not yet built)
image-pending    1350592160311812 c0  (HANDOVER §8.5 — image handling not yet built)
image-pending    1350592160311812 c0  (HANDOVER §8.5 — image handling not yet built)
uploaded         3898624840445864 c0  (video) ← 3898624840445864.mp4  → https://pub-893b4a6a607b4221a894bf861da7914e.r2.dev/3898624840445864.mp4
carried-forward  1718746292484710 c0  → https://pub-893b4a6a607b4221a894bf861da7914e.r2.dev/1718746292484710.mp4
uploaded         1678813993397845 c0  (video) ← 1678813993397845.mp4  → https://pub-893b4a6a607b4221a894bf861da7914e.r2.dev/1678813993397845.mp4
video-missing    1678813993397845 c0  (expected file not found in facebook/videos/ewa-2026-06-25)
video-missing    1678813993397845 c0  (expected file not found in facebook/videos/ewa-2026-06-25)
video-missing    1678813993397845 c0  (expected file not found in facebook/videos/ewa-2026-06-25)
image-pending    1008395748817940 c0  (HANDOVER §8.5 — image handling not yet built)
image-pending    1538885884500977 c0  (HANDOVER §8.5 — image handling not yet built)
image-pending    1403838645124997 c0  (HANDOVER §8.5 — image handling not yet built)
uploaded         1699557811174041 c0  (video) ← 1699557811174041.mp4  → https://pub-893b4a6a607b4221a894bf861da7914e.r2.dev/1699557811174041.mp4
video-missing    1699557811174041 c0  (expected file not found in facebook/videos/ewa-2026-06-25)
video-missing    1699557811174041 c0  (expected file not found in facebook/videos/ewa-2026-06-25)
uploaded         2362829307577273 c0  (video) ← 2362829307577273.mp4  → https://pub-893b4a6a607b4221a894bf861da7914e.r2.dev/2362829307577273.mp4
image-pending    1564893401951220 c0  (HANDOVER §8.5 — image handling not yet built)
image-pending    1010601514679184 c0  (HANDOVER §8.5 — image handling not yet built)
image-pending    1010601514679184 c0  (HANDOVER §8.5 — image handling not yet built)
image-pending    1010601514679184 c0  (HANDOVER §8.5 — image handling not yet built)
image-pending    1010601514679184 c0  (HANDOVER §8.5 — image handling not yet built)
image-pending    1010601514679184 c0  (HANDOVER §8.5 — image handling not yet built)
image-pending    1010601514679184 c0  (HANDOVER §8.5 — image handling not yet built)
image-pending    1010601514679184 c0  (HANDOVER §8.5 — image handling not yet built)
image-pending    1010601514679184 c0  (HANDOVER §8.5 — image handling not yet built)
image-pending    833462962930672 c0  (HANDOVER §8.5 — image handling not yet built)
carried-forward  1696982144669872 c0  → https://pub-893b4a6a607b4221a894bf861da7914e.r2.dev/1696982144669872.mp4
video-missing    1696982144669872 c0  (expected file not found in facebook/videos/ewa-2026-06-25)
video-missing    1696982144669872 c0  (expected file not found in facebook/videos/ewa-2026-06-25)
video-missing    1696982144669872 c0  (expected file not found in facebook/videos/ewa-2026-06-25)
image-pending    1989516238351885 c0  (HANDOVER §8.5 — image handling not yet built)
image-pending    1156699499989449 c0  (HANDOVER §8.5 — image handling not yet built)
image-pending    1156699499989449 c0  (HANDOVER §8.5 — image handling not yet built)
uploaded         1021584343560350 c0  (video) ← 1021584343560350.mp4  → https://pub-893b4a6a607b4221a894bf861da7914e.r2.dev/1021584343560350.mp4
uploaded         2455356304945397 c0  (video) ← 2455356304945397.mp4  → https://pub-893b4a6a607b4221a894bf861da7914e.r2.dev/2455356304945397.mp4
image-pending    1029236059618756 c0  (HANDOVER §8.5 — image handling not yet built)
image-pending    1029236059618756 c0  (HANDOVER §8.5 — image handling not yet built)
image-pending    1029236059618756 c0  (HANDOVER §8.5 — image handling not yet built)
image-pending    1029236059618756 c0  (HANDOVER §8.5 — image handling not yet built)
image-pending    1029236059618756 c0  (HANDOVER §8.5 — image handling not yet built)
uploaded         1643937613571184 c0  (video) ← 1643937613571184.mp4  → https://pub-893b4a6a607b4221a894bf861da7914e.r2.dev/1643937613571184.mp4
image-pending    1330940098456438 c0  (HANDOVER §8.5 — image handling not yet built)
carried-forward  1325895995634574 c0  → https://pub-893b4a6a607b4221a894bf861da7914e.r2.dev/1325895995634574.mp4
carried-forward  2049175522377870 c0  → https://pub-893b4a6a607b4221a894bf861da7914e.r2.dev/2049175522377870.mp4
image-pending    1012588588219239 c0  (HANDOVER §8.5 — image handling not yet built)
image-pending    1012588588219239 c0  (HANDOVER §8.5 — image handling not yet built)
image-pending    1012588588219239 c0  (HANDOVER §8.5 — image handling not yet built)
image-pending    1012588588219239 c0  (HANDOVER §8.5 — image handling not yet built)
image-pending    1645269690109538 c0  (HANDOVER §8.5 — image handling not yet built)
image-pending    1251069440246915 c0  (HANDOVER §8.5 — image handling not yet built)
uploaded         1524179109244665 c0  (video) ← 1524179109244665.mp4  → https://pub-893b4a6a607b4221a894bf861da7914e.r2.dev/1524179109244665.mp4
video-missing    1524179109244665 c0  (expected file not found in facebook/videos/ewa-2026-06-25)
video-missing    1524179109244665 c0  (expected file not found in facebook/videos/ewa-2026-06-25)
video-missing    1524179109244665 c0  (expected file not found in facebook/videos/ewa-2026-06-25)
video-missing    1524179109244665 c0  (expected file not found in facebook/videos/ewa-2026-06-25)
image-pending    27391608717122168 c0  (HANDOVER §8.5 — image handling not yet built)
image-pending    1004525335884680 c0  (HANDOVER §8.5 — image handling not yet built)
image-pending    1004525335884680 c0  (HANDOVER §8.5 — image handling not yet built)
image-pending    1004525335884680 c0  (HANDOVER §8.5 — image handling not yet built)
image-pending    1004525335884680 c0  (HANDOVER §8.5 — image handling not yet built)
image-pending    1004525335884680 c0  (HANDOVER §8.5 — image handling not yet built)
uploaded         1555127142910296 c0  (video) ← 1555127142910296.mp4  → https://pub-893b4a6a607b4221a894bf861da7914e.r2.dev/1555127142910296.mp4
uploaded         2218493312276393 c0  (video) ← 2218493312276393.mp4  → https://pub-893b4a6a607b4221a894bf861da7914e.r2.dev/2218493312276393.mp4
carried-forward  991905750417714 c0  → https://pub-893b4a6a607b4221a894bf861da7914e.r2.dev/991905750417714.mp4
carried-forward  984005891185723 c0  → https://pub-893b4a6a607b4221a894bf861da7914e.r2.dev/984005891185723.mp4
image-pending    1566896548113359 c0  (HANDOVER §8.5 — image handling not yet built)
uploaded         1497575575480187 c0  (video) ← 1497575575480187.mp4  → https://pub-893b4a6a607b4221a894bf861da7914e.r2.dev/1497575575480187.mp4
carried-forward  2137647430144159 c0  → https://pub-893b4a6a607b4221a894bf861da7914e.r2.dev/2137647430144159.mp4
video-missing    2137647430144159 c0  (expected file not found in facebook/videos/ewa-2026-06-25)
video-missing    2137647430144159 c0  (expected file not found in facebook/videos/ewa-2026-06-25)
video-missing    2137647430144159 c0  (expected file not found in facebook/videos/ewa-2026-06-25)
video-missing    2137647430144159 c0  (expected file not found in facebook/videos/ewa-2026-06-25)
image-pending    1704842883865904 c0  (HANDOVER §8.5 — image handling not yet built)
carried-forward  1013052437759720 c0  → https://pub-893b4a6a607b4221a894bf861da7914e.r2.dev/1013052437759720.mp4
image-pending    996370546447629 c0  (HANDOVER §8.5 — image handling not yet built)
image-pending    996370546447629 c0  (HANDOVER §8.5 — image handling not yet built)
image-pending    996370546447629 c0  (HANDOVER §8.5 — image handling not yet built)
image-pending    996370546447629 c0  (HANDOVER §8.5 — image handling not yet built)
image-pending    996370546447629 c0  (HANDOVER §8.5 — image handling not yet built)
image-pending    996370546447629 c0  (HANDOVER §8.5 — image handling not yet built)
uploaded         1043717544849984 c0  (video) ← 1043717544849984.mp4  → https://pub-893b4a6a607b4221a894bf861da7914e.r2.dev/1043717544849984.mp4
uploaded         1662612264804963 c0  (video) ← 1662612264804963.mp4  → https://pub-893b4a6a607b4221a894bf861da7914e.r2.dev/1662612264804963.mp4
video-missing    1662612264804963 c0  (expected file not found in facebook/videos/ewa-2026-06-25)
video-missing    1662612264804963 c0  (expected file not found in facebook/videos/ewa-2026-06-25)
video-missing    1662612264804963 c0  (expected file not found in facebook/videos/ewa-2026-06-25)
video-missing    1662612264804963 c0  (expected file not found in facebook/videos/ewa-2026-06-25)
video-missing    1662612264804963 c0  (expected file not found in facebook/videos/ewa-2026-06-25)
uploaded         2108039900144860 c0  (video) ← 2108039900144860.mp4  → https://pub-893b4a6a607b4221a894bf861da7914e.r2.dev/2108039900144860.mp4
image-pending    2456000521491949 c0  (HANDOVER §8.5 — image handling not yet built)
uploaded         1724153865601271 c0  (video) ← 1724153865601271.mp4  → https://pub-893b4a6a607b4221a894bf861da7914e.r2.dev/1724153865601271.mp4
uploaded         2214969795983876 c0  (video) ← 2214969795983876.mp4  → https://pub-893b4a6a607b4221a894bf861da7914e.r2.dev/2214969795983876.mp4
video-missing    2214969795983876 c0  (expected file not found in facebook/videos/ewa-2026-06-25)
uploaded         1976143233024781 c0  (video) ← 1976143233024781.mp4  → https://pub-893b4a6a607b4221a894bf861da7914e.r2.dev/1976143233024781.mp4
carried-forward  1478728220253869 c0  → https://pub-893b4a6a607b4221a894bf861da7914e.r2.dev/1478728220253869.jpg
image-pending    1478728220253869 c0  (HANDOVER §8.5 — image handling not yet built)
uploaded         2266162463921497 c0  (video) ← 2266162463921497.mp4  → https://pub-893b4a6a607b4221a894bf861da7914e.r2.dev/2266162463921497.mp4
video-missing    2266162463921497 c0  (expected file not found in facebook/videos/ewa-2026-06-25)
carried-forward  1028946532999869 c0  → https://pub-893b4a6a607b4221a894bf861da7914e.r2.dev/1028946532999869.mp4
video-missing    1028946532999869 c0  (expected file not found in facebook/videos/ewa-2026-06-25)
uploaded         1799799267669816 c0  (video) ← 1799799267669816.mp4  → https://pub-893b4a6a607b4221a894bf861da7914e.r2.dev/1799799267669816.mp4
video-missing    1799799267669816 c0  (expected file not found in facebook/videos/ewa-2026-06-25)
image-pending    1982261895773786 c0  (HANDOVER §8.5 — image handling not yet built)
image-pending    1440713444540141 c0  (HANDOVER §8.5 — image handling not yet built)
image-pending    2887258401444365 c0  (HANDOVER §8.5 — image handling not yet built)
uploaded         3940320559608060 c0  (video) ← 3940320559608060.mp4  → https://pub-893b4a6a607b4221a894bf861da7914e.r2.dev/3940320559608060.mp4
carried-forward  1486809382573516 c0  → https://pub-893b4a6a607b4221a894bf861da7914e.r2.dev/1486809382573516.mp4
uploaded         2067056200861958 c0  (video) ← 2067056200861958.mp4  → https://pub-893b4a6a607b4221a894bf861da7914e.r2.dev/2067056200861958.mp4
video-missing    2067056200861958 c0  (expected file not found in facebook/videos/ewa-2026-06-25)
uploaded         986177291079618 c0  (video) ← 986177291079618.mp4  → https://pub-893b4a6a607b4221a894bf861da7914e.r2.dev/986177291079618.mp4
image-pending    1023735227278075 c0  (HANDOVER §8.5 — image handling not yet built)
image-pending    1023735227278075 c0  (HANDOVER §8.5 — image handling not yet built)
image-pending    1023735227278075 c0  (HANDOVER §8.5 — image handling not yet built)
image-pending    1023735227278075 c0  (HANDOVER §8.5 — image handling not yet built)
image-pending    1023735227278075 c0  (HANDOVER §8.5 — image handling not yet built)
image-pending    1023735227278075 c0  (HANDOVER §8.5 — image handling not yet built)
uploaded         1555497149541946 c0  (video) ← 1555497149541946.mp4  → https://pub-893b4a6a607b4221a894bf861da7914e.r2.dev/1555497149541946.mp4
uploaded         3998902643744444 c0  (video) ← 3998902643744444.mp4  → https://pub-893b4a6a607b4221a894bf861da7914e.r2.dev/3998902643744444.mp4
video-missing    3998902643744444 c0  (expected file not found in facebook/videos/ewa-2026-06-25)
carried-forward  1650172199572832 c0  → https://pub-893b4a6a607b4221a894bf861da7914e.r2.dev/1650172199572832.mp4
video-missing    1650172199572832 c0  (expected file not found in facebook/videos/ewa-2026-06-25)
video-missing    1650172199572832 c0  (expected file not found in facebook/videos/ewa-2026-06-25)
video-missing    1650172199572832 c0  (expected file not found in facebook/videos/ewa-2026-06-25)
video-missing    1650172199572832 c0  (expected file not found in facebook/videos/ewa-2026-06-25)
image-pending    1513073237016750 c0  (HANDOVER §8.5 — image handling not yet built)
image-pending    1513073237016750 c0  (HANDOVER §8.5 — image handling not yet built)
image-pending    1513073237016750 c0  (HANDOVER §8.5 — image handling not yet built)
image-pending    1040043138359248 c0  (HANDOVER §8.5 — image handling not yet built)
carried-forward  756343627537081 c0  → https://pub-893b4a6a607b4221a894bf861da7914e.r2.dev/756343627537081.mp4
image-pending    1371455664830515 c0  (HANDOVER §8.5 — image handling not yet built)
image-pending    1371455664830515 c0  (HANDOVER §8.5 — image handling not yet built)
image-pending    1371455664830515 c0  (HANDOVER §8.5 — image handling not yet built)
image-pending    1044667448073266 c0  (HANDOVER §8.5 — image handling not yet built)
uploaded         29069636275973809 c0  (video) ← 29069636275973809.mp4  → https://pub-893b4a6a607b4221a894bf861da7914e.r2.dev/29069636275973809.mp4
image-pending    1538491627647915 c0  (HANDOVER §8.5 — image handling not yet built)
image-pending    1538491627647915 c0  (HANDOVER §8.5 — image handling not yet built)
image-pending    1538491627647915 c0  (HANDOVER §8.5 — image handling not yet built)
image-pending    1538491627647915 c0  (HANDOVER §8.5 — image handling not yet built)
image-pending    1538491627647915 c0  (HANDOVER §8.5 — image handling not yet built)
image-pending    1538491627647915 c0  (HANDOVER §8.5 — image handling not yet built)
image-pending    1538491627647915 c0  (HANDOVER §8.5 — image handling not yet built)
image-pending    1538491627647915 c0  (HANDOVER §8.5 — image handling not yet built)
image-pending    1538491627647915 c0  (HANDOVER §8.5 — image handling not yet built)
image-pending    1538491627647915 c0  (HANDOVER §8.5 — image handling not yet built)
image-pending    1538491627647915 c0  (HANDOVER §8.5 — image handling not yet built)
uploaded         1658617118589463 c0  (video) ← 1658617118589463.mp4  → https://pub-893b4a6a607b4221a894bf861da7914e.r2.dev/1658617118589463.mp4
uploaded         1003365082422532 c0  (video) ← 1003365082422532.mp4  → https://pub-893b4a6a607b4221a894bf861da7914e.r2.dev/1003365082422532.mp4
image-pending    1312260661069087 c0  (HANDOVER §8.5 — image handling not yet built)
image-pending    2459430334486817 c0  (HANDOVER §8.5 — image handling not yet built)
image-pending    2459430334486817 c0  (HANDOVER §8.5 — image handling not yet built)
carried-forward  961996593508467 c0  → https://pub-893b4a6a607b4221a894bf861da7914e.r2.dev/961996593508467.mp4
uploaded         864112852950609 c0  (video) ← 864112852950609.mp4  → https://pub-893b4a6a607b4221a894bf861da7914e.r2.dev/864112852950609.mp4
uploaded         1329611571903841 c0  (video) ← 1329611571903841.mp4  → https://pub-893b4a6a607b4221a894bf861da7914e.r2.dev/1329611571903841.mp4
video-missing    2119021118659694 c0  (expected file not found in facebook/videos/ewa-2026-06-25)
carried-forward  2629940280754490 c0  → https://pub-893b4a6a607b4221a894bf861da7914e.r2.dev/2629940280754490.mp4
uploaded         1813834549991661 c0  (video) ← 1813834549991661.mp4  → https://pub-893b4a6a607b4221a894bf861da7914e.r2.dev/1813834549991661.mp4
video-missing    1813834549991661 c0  (expected file not found in facebook/videos/ewa-2026-06-25)
video-missing    1813834549991661 c0  (expected file not found in facebook/videos/ewa-2026-06-25)
video-missing    1813834549991661 c0  (expected file not found in facebook/videos/ewa-2026-06-25)
video-missing    1813834549991661 c0  (expected file not found in facebook/videos/ewa-2026-06-25)
video-missing    1813834549991661 c0  (expected file not found in facebook/videos/ewa-2026-06-25)
video-missing    1813834549991661 c0  (expected file not found in facebook/videos/ewa-2026-06-25)
uploaded         1483330929688079 c0  (video) ← 1483330929688079.mp4  → https://pub-893b4a6a607b4221a894bf861da7914e.r2.dev/1483330929688079.mp4
carried-forward  1263843505828406 c0  → https://pub-893b4a6a607b4221a894bf861da7914e.r2.dev/1263843505828406.mp4
uploaded         2092467861670221 c0  (video) ← 2092467861670221.mp4  → https://pub-893b4a6a607b4221a894bf861da7914e.r2.dev/2092467861670221.mp4
video-missing    2092467861670221 c0  (expected file not found in facebook/videos/ewa-2026-06-25)
image-pending    1035747318931905 c0  (HANDOVER §8.5 — image handling not yet built)
carried-forward  1568136004660439 c0  → https://pub-893b4a6a607b4221a894bf861da7914e.r2.dev/1568136004660439.mp4
video-missing    1568136004660439 c0  (expected file not found in facebook/videos/ewa-2026-06-25)
image-pending    1047489410936156 c0  (HANDOVER §8.5 — image handling not yet built)
image-pending    1047489410936156 c0  (HANDOVER §8.5 — image handling not yet built)
image-pending    1047489410936156 c0  (HANDOVER §8.5 — image handling not yet built)
image-pending    1907393566643501 c0  (HANDOVER §8.5 — image handling not yet built)
image-pending    1907393566643501 c0  (HANDOVER §8.5 — image handling not yet built)
image-pending    1952600378764861 c0  (HANDOVER §8.5 — image handling not yet built)
carried-forward  1707176936980591 c0  → https://pub-893b4a6a607b4221a894bf861da7914e.r2.dev/1707176936980591.mp4
uploaded         1730317424660116 c0  (video) ← 1730317424660116.mp4  → https://pub-893b4a6a607b4221a894bf861da7914e.r2.dev/1730317424660116.mp4
video-missing    1730317424660116 c0  (expected file not found in facebook/videos/ewa-2026-06-25)
uploaded         27352054354475109 c0  (video) ← 27352054354475109.mp4  → https://pub-893b4a6a607b4221a894bf861da7914e.r2.dev/27352054354475109.mp4
carried-forward  1520910102907134 c0  → https://pub-893b4a6a607b4221a894bf861da7914e.r2.dev/1520910102907134.mp4
uploaded         1256850889697643 c0  (video) ← 1256850889697643.mp4  → https://pub-893b4a6a607b4221a894bf861da7914e.r2.dev/1256850889697643.mp4
image-pending    2797651413926493 c0  (HANDOVER §8.5 — image handling not yet built)
image-pending    2797651413926493 c0  (HANDOVER §8.5 — image handling not yet built)
image-pending    2797651413926493 c0  (HANDOVER §8.5 — image handling not yet built)
carried-forward  1537179304521416 c0  → https://pub-893b4a6a607b4221a894bf861da7914e.r2.dev/1537179304521416.mp4
uploaded         987928834211455 c0  (video) ← 987928834211455.mp4  → https://pub-893b4a6a607b4221a894bf861da7914e.r2.dev/987928834211455.mp4
image-pending    2774911129571577 c0  (HANDOVER §8.5 — image handling not yet built)
image-pending    1385256133428470 c0  (HANDOVER §8.5 — image handling not yet built)
image-pending    1385256133428470 c0  (HANDOVER §8.5 — image handling not yet built)
image-pending    1385256133428470 c0  (HANDOVER §8.5 — image handling not yet built)
image-pending    1385256133428470 c0  (HANDOVER §8.5 — image handling not yet built)
image-pending    1385256133428470 c0  (HANDOVER §8.5 — image handling not yet built)
image-pending    27550865811176082 c0  (HANDOVER §8.5 — image handling not yet built)
uploaded         1016772787479841 c0  (video) ← 1016772787479841.mp4  → https://pub-893b4a6a607b4221a894bf861da7914e.r2.dev/1016772787479841.mp4
uploaded         1450398220184515 c0  (video) ← 1450398220184515.mp4  → https://pub-893b4a6a607b4221a894bf861da7914e.r2.dev/1450398220184515.mp4
video-missing    1450398220184515 c0  (expected file not found in facebook/videos/ewa-2026-06-25)
video-missing    1450398220184515 c0  (expected file not found in facebook/videos/ewa-2026-06-25)
video-missing    1450398220184515 c0  (expected file not found in facebook/videos/ewa-2026-06-25)
image-pending    2138423976719118 c0  (HANDOVER §8.5 — image handling not yet built)
image-pending    1710262553640299 c0  (HANDOVER §8.5 — image handling not yet built)
image-pending    1298096599153255 c0  (HANDOVER §8.5 — image handling not yet built)
carried-forward  1358759696174714 c0  → https://pub-893b4a6a607b4221a894bf861da7914e.r2.dev/1358759696174714.mp4
video-missing    1358759696174714 c0  (expected file not found in facebook/videos/ewa-2026-06-25)
video-missing    1358759696174714 c0  (expected file not found in facebook/videos/ewa-2026-06-25)
image-pending    1704736127137077 c0  (HANDOVER §8.5 — image handling not yet built)
image-pending    1704736127137077 c0  (HANDOVER §8.5 — image handling not yet built)
image-pending    1704736127137077 c0  (HANDOVER §8.5 — image handling not yet built)
image-pending    2193754494804409 c0  (HANDOVER §8.5 — image handling not yet built)
image-pending    2193754494804409 c0  (HANDOVER §8.5 — image handling not yet built)
image-pending    2193754494804409 c0  (HANDOVER §8.5 — image handling not yet built)
image-pending    2193754494804409 c0  (HANDOVER §8.5 — image handling not yet built)
image-pending    2193754494804409 c0  (HANDOVER §8.5 — image handling not yet built)
image-pending    2193754494804409 c0  (HANDOVER §8.5 — image handling not yet built)
image-pending    2193754494804409 c0  (HANDOVER §8.5 — image handling not yet built)
carried-forward  2275502513224947 c0  → https://pub-893b4a6a607b4221a894bf861da7914e.r2.dev/2275502513224947.mp4
video-missing    2275502513224947 c0  (expected file not found in facebook/videos/ewa-2026-06-25)
image-pending    27469043486024764 c0  (HANDOVER §8.5 — image handling not yet built)
image-pending    27469043486024764 c0  (HANDOVER §8.5 — image handling not yet built)
image-pending    27469043486024764 c0  (HANDOVER §8.5 — image handling not yet built)
uploaded         1334704934880596 c0  (video) ← 1334704934880596.mp4  → https://pub-893b4a6a607b4221a894bf861da7914e.r2.dev/1334704934880596.mp4
uploaded         1525028269413342 c0  (video) ← 1525028269413342.mp4  → https://pub-893b4a6a607b4221a894bf861da7914e.r2.dev/1525028269413342.mp4
video-missing    1525028269413342 c0  (expected file not found in facebook/videos/ewa-2026-06-25)
image-pending    1553906703193918 c0  (HANDOVER §8.5 — image handling not yet built)
image-pending    1553906703193918 c0  (HANDOVER §8.5 — image handling not yet built)
image-pending    1553906703193918 c0  (HANDOVER §8.5 — image handling not yet built)
image-pending    1553906703193918 c0  (HANDOVER §8.5 — image handling not yet built)
image-pending    2290039881825141 c0  (HANDOVER §8.5 — image handling not yet built)
carried-forward  27441365728789118 c0  → https://pub-893b4a6a607b4221a894bf861da7914e.r2.dev/27441365728789118.jpg
image-pending    2519344068500242 c0  (HANDOVER §8.5 — image handling not yet built)
image-pending    1301121568840208 c0  (HANDOVER §8.5 — image handling not yet built)
carried-forward  3313659788806473 c0  → https://pub-893b4a6a607b4221a894bf861da7914e.r2.dev/3313659788806473.mp4
video-missing    3313659788806473 c0  (expected file not found in facebook/videos/ewa-2026-06-25)
video-missing    3313659788806473 c0  (expected file not found in facebook/videos/ewa-2026-06-25)
image-pending    997032613322626 c0  (HANDOVER §8.5 — image handling not yet built)
uploaded         4496276957284658 c0  (video) ← 4496276957284658.mp4  → https://pub-893b4a6a607b4221a894bf861da7914e.r2.dev/4496276957284658.mp4
carried-forward  1015217818139600 c0  → https://pub-893b4a6a607b4221a894bf861da7914e.r2.dev/1015217818139600.mp4
image-pending    869681725689751 c0  (HANDOVER §8.5 — image handling not yet built)
image-pending    869681725689751 c0  (HANDOVER §8.5 — image handling not yet built)
image-pending    869681725689751 c0  (HANDOVER §8.5 — image handling not yet built)
image-pending    1678942173364157 c0  (HANDOVER §8.5 — image handling not yet built)
uploaded         1694984348323024 c0  (video) ← 1694984348323024.mp4  → https://pub-893b4a6a607b4221a894bf861da7914e.r2.dev/1694984348323024.mp4
uploaded         1019562757320999 c0  (video) ← 1019562757320999.mp4  → https://pub-893b4a6a607b4221a894bf861da7914e.r2.dev/1019562757320999.mp4
video-missing    1019562757320999 c0  (expected file not found in facebook/videos/ewa-2026-06-25)
video-missing    1019562757320999 c0  (expected file not found in facebook/videos/ewa-2026-06-25)
carried-forward  1341536874745062 c0  → https://pub-893b4a6a607b4221a894bf861da7914e.r2.dev/1341536874745062.mp4
image-pending    1725553941934494 c0  (HANDOVER §8.5 — image handling not yet built)
image-pending    1005774121821441 c0  (HANDOVER §8.5 — image handling not yet built)
image-pending    1005774121821441 c0  (HANDOVER §8.5 — image handling not yet built)
uploaded         2151135285735120 c0  (video) ← 2151135285735120.mp4  → https://pub-893b4a6a607b4221a894bf861da7914e.r2.dev/2151135285735120.mp4
video-missing    2151135285735120 c0  (expected file not found in facebook/videos/ewa-2026-06-25)
carried-forward  1041781788283238 c0  → https://pub-893b4a6a607b4221a894bf861da7914e.r2.dev/1041781788283238.mp4
uploaded         2572190086529560 c0  (video) ← 2572190086529560.mp4  → https://pub-893b4a6a607b4221a894bf861da7914e.r2.dev/2572190086529560.mp4
video-missing    2572190086529560 c0  (expected file not found in facebook/videos/ewa-2026-06-25)
uploaded         4520862788240867 c0  (video) ← 4520862788240867.mp4  → https://pub-893b4a6a607b4221a894bf861da7914e.r2.dev/4520862788240867.mp4
uploaded         969081806123303 c0  (video) ← 969081806123303.mp4  → https://pub-893b4a6a607b4221a894bf861da7914e.r2.dev/969081806123303.mp4
video-missing    969081806123303 c0  (expected file not found in facebook/videos/ewa-2026-06-25)
video-missing    969081806123303 c0  (expected file not found in facebook/videos/ewa-2026-06-25)
video-missing    969081806123303 c0  (expected file not found in facebook/videos/ewa-2026-06-25)
video-missing    969081806123303 c0  (expected file not found in facebook/videos/ewa-2026-06-25)
video-missing    969081806123303 c0  (expected file not found in facebook/videos/ewa-2026-06-25)
image-pending    965902922953419 c0  (HANDOVER §8.5 — image handling not yet built)
image-pending    965902922953419 c0  (HANDOVER §8.5 — image handling not yet built)
image-pending    965902922953419 c0  (HANDOVER §8.5 — image handling not yet built)
image-pending    965902922953419 c0  (HANDOVER §8.5 — image handling not yet built)
image-pending    965902922953419 c0  (HANDOVER §8.5 — image handling not yet built)
image-pending    2116647338899897 c0  (HANDOVER §8.5 — image handling not yet built)
image-pending    1629621852065775 c0  (HANDOVER §8.5 — image handling not yet built)
image-pending    1878334109789764 c0  (HANDOVER §8.5 — image handling not yet built)
image-pending    1878334109789764 c0  (HANDOVER §8.5 — image handling not yet built)
image-pending    1878334109789764 c0  (HANDOVER §8.5 — image handling not yet built)
image-pending    2074277213173953 c0  (HANDOVER §8.5 — image handling not yet built)
image-pending    1337065045063146 c0  (HANDOVER §8.5 — image handling not yet built)
image-pending    1001729778925566 c0  (HANDOVER §8.5 — image handling not yet built)
image-pending    1001729778925566 c0  (HANDOVER §8.5 — image handling not yet built)
image-pending    2165844980877891 c0  (HANDOVER §8.5 — image handling not yet built)
image-pending    2165844980877891 c0  (HANDOVER §8.5 — image handling not yet built)
image-pending    2165844980877891 c0  (HANDOVER §8.5 — image handling not yet built)
image-pending    2165844980877891 c0  (HANDOVER §8.5 — image handling not yet built)
image-pending    2165844980877891 c0  (HANDOVER §8.5 — image handling not yet built)
image-pending    1689061729049000 c0  (HANDOVER §8.5 — image handling not yet built)
carried-forward  4537770803163429 c0  → https://pub-893b4a6a607b4221a894bf861da7914e.r2.dev/4537770803163429.mp4
uploaded         1032309839191652 c0  (video) ← 1032309839191652.mp4  → https://pub-893b4a6a607b4221a894bf861da7914e.r2.dev/1032309839191652.mp4
uploaded         2562838914148299 c0  (video) ← 2562838914148299.mp4  → https://pub-893b4a6a607b4221a894bf861da7914e.r2.dev/2562838914148299.mp4
video-missing    2562838914148299 c0  (expected file not found in facebook/videos/ewa-2026-06-25)
uploaded         27251699024483200 c0  (video) ← 27251699024483200.mp4  → https://pub-893b4a6a607b4221a894bf861da7914e.r2.dev/27251699024483200.mp4
video-missing    27251699024483200 c0  (expected file not found in facebook/videos/ewa-2026-06-25)
video-missing    27251699024483200 c0  (expected file not found in facebook/videos/ewa-2026-06-25)
video-missing    27251699024483200 c0  (expected file not found in facebook/videos/ewa-2026-06-25)
carried-forward  1646438176447994 c0  → https://pub-893b4a6a607b4221a894bf861da7914e.r2.dev/1646438176447994.mp4
video-missing    1646438176447994 c0  (expected file not found in facebook/videos/ewa-2026-06-25)
video-missing    1646438176447994 c0  (expected file not found in facebook/videos/ewa-2026-06-25)
video-missing    1646438176447994 c0  (expected file not found in facebook/videos/ewa-2026-06-25)
video-missing    1646438176447994 c0  (expected file not found in facebook/videos/ewa-2026-06-25)
video-missing    1646438176447994 c0  (expected file not found in facebook/videos/ewa-2026-06-25)
carried-forward  4364012890507842 c0  → https://pub-893b4a6a607b4221a894bf861da7914e.r2.dev/4364012890507842.mp4
uploaded         2883444122005840 c0  (video) ← 2883444122005840.mp4  → https://pub-893b4a6a607b4221a894bf861da7914e.r2.dev/2883444122005840.mp4
uploaded         1343216794623512 c0  (video) ← 1343216794623512.mp4  → https://pub-893b4a6a607b4221a894bf861da7914e.r2.dev/1343216794623512.mp4
image-pending    2268815323649306 c0  (HANDOVER §8.5 — image handling not yet built)
image-pending    2177663079662717 c0  (HANDOVER §8.5 — image handling not yet built)
uploaded         27842138272071212 c0  (video) ← 27842138272071212.mp4  → https://pub-893b4a6a607b4221a894bf861da7914e.r2.dev/27842138272071212.mp4
uploaded         1406608997963854 c0  (video) ← 1406608997963854.mp4  → https://pub-893b4a6a607b4221a894bf861da7914e.r2.dev/1406608997963854.mp4
image-pending    947282338354349 c0  (HANDOVER §8.5 — image handling not yet built)
image-pending    1718920209009225 c0  (HANDOVER §8.5 — image handling not yet built)
image-pending    1718920209009225 c0  (HANDOVER §8.5 — image handling not yet built)
uploaded         1795703561812281 c0  (video) ← 1795703561812281.mp4  → https://pub-893b4a6a607b4221a894bf861da7914e.r2.dev/1795703561812281.mp4
uploaded         2195928681191116 c0  (video) ← 2195928681191116.mp4  → https://pub-893b4a6a607b4221a894bf861da7914e.r2.dev/2195928681191116.mp4
video-missing    2195928681191116 c0  (expected file not found in facebook/videos/ewa-2026-06-25)
image-pending    1529049318885115 c0  (HANDOVER §8.5 — image handling not yet built)
image-pending    1575961557495383 c0  (HANDOVER §8.5 — image handling not yet built)
carried-forward  2265366214234665 c0  → https://pub-893b4a6a607b4221a894bf861da7914e.r2.dev/2265366214234665.mp4
video-missing    2265366214234665 c0  (expected file not found in facebook/videos/ewa-2026-06-25)
image-pending    2153105001924327 c0  (HANDOVER §8.5 — image handling not yet built)
image-pending    2153105001924327 c0  (HANDOVER §8.5 — image handling not yet built)
image-pending    2153105001924327 c0  (HANDOVER §8.5 — image handling not yet built)
image-pending    2153105001924327 c0  (HANDOVER §8.5 — image handling not yet built)
image-pending    27533008076369125 c0  (HANDOVER §8.5 — image handling not yet built)
image-pending    1679477163139963 c0  (HANDOVER §8.5 — image handling not yet built)
carried-forward  2058187928097579 c0  → https://pub-893b4a6a607b4221a894bf861da7914e.r2.dev/2058187928097579.mp4
video-missing    2058187928097579 c0  (expected file not found in facebook/videos/ewa-2026-06-25)
uploaded         993967163452519 c0  (video) ← 993967163452519.mp4  → https://pub-893b4a6a607b4221a894bf861da7914e.r2.dev/993967163452519.mp4
carried-forward  994311030045850 c0  → https://pub-893b4a6a607b4221a894bf861da7914e.r2.dev/994311030045850.mp4
video-missing    994311030045850 c0  (expected file not found in facebook/videos/ewa-2026-06-25)
video-missing    994311030045850 c0  (expected file not found in facebook/videos/ewa-2026-06-25)
video-missing    994311030045850 c0  (expected file not found in facebook/videos/ewa-2026-06-25)
carried-forward  1583266273403192 c0  → https://pub-893b4a6a607b4221a894bf861da7914e.r2.dev/1583266273403192.mp4
video-missing    1583266273403192 c0  (expected file not found in facebook/videos/ewa-2026-06-25)
video-missing    1583266273403192 c0  (expected file not found in facebook/videos/ewa-2026-06-25)
image-pending    1307342510891413 c0  (HANDOVER §8.5 — image handling not yet built)
video-missing    2255211915285121 c0  (expected file not found in facebook/videos/ewa-2026-06-25)
carried-forward  952848937809197 c0  → https://pub-893b4a6a607b4221a894bf861da7914e.r2.dev/952848937809197.mp4
video-missing    952848937809197 c0  (expected file not found in facebook/videos/ewa-2026-06-25)
image-pending    1025109216562523 c0  (HANDOVER §8.5 — image handling not yet built)
image-pending    1025109216562523 c0  (HANDOVER §8.5 — image handling not yet built)
image-pending    1412668357289180 c0  (HANDOVER §8.5 — image handling not yet built)
image-pending    1540138391236155 c0  (HANDOVER §8.5 — image handling not yet built)
image-pending    1540138391236155 c0  (HANDOVER §8.5 — image handling not yet built)
uploaded         2188364391738478 c0  (video) ← 2188364391738478.mp4  → https://pub-893b4a6a607b4221a894bf861da7914e.r2.dev/2188364391738478.mp4
uploaded         1328999029409849 c0  (video) ← 1328999029409849.mp4  → https://pub-893b4a6a607b4221a894bf861da7914e.r2.dev/1328999029409849.mp4
image-pending    28401049512816182 c0  (HANDOVER §8.5 — image handling not yet built)
image-pending    3187232354789790 c0  (HANDOVER §8.5 — image handling not yet built)
image-pending    3187232354789790 c0  (HANDOVER §8.5 — image handling not yet built)
image-pending    3187232354789790 c0  (HANDOVER §8.5 — image handling not yet built)
image-pending    3187232354789790 c0  (HANDOVER §8.5 — image handling not yet built)
carried-forward  27524067237283609 c0  → https://pub-893b4a6a607b4221a894bf861da7914e.r2.dev/27524067237283609.mp4
video-missing    27524067237283609 c0  (expected file not found in facebook/videos/ewa-2026-06-25)
video-missing    27524067237283609 c0  (expected file not found in facebook/videos/ewa-2026-06-25)
video-missing    27524067237283609 c0  (expected file not found in facebook/videos/ewa-2026-06-25)
carried-forward  911113682000470 c0  → https://pub-893b4a6a607b4221a894bf861da7914e.r2.dev/911113682000470.mp4
image-pending    1718439889329126 c0  (HANDOVER §8.5 — image handling not yet built)
image-pending    2324698905003891 c0  (HANDOVER §8.5 — image handling not yet built)
image-pending    2324698905003891 c0  (HANDOVER §8.5 — image handling not yet built)
image-pending    2324698905003891 c0  (HANDOVER §8.5 — image handling not yet built)
image-pending    1292823162965929 c0  (HANDOVER §8.5 — image handling not yet built)
image-pending    2030823940847948 c0  (HANDOVER §8.5 — image handling not yet built)
image-pending    2030823940847948 c0  (HANDOVER §8.5 — image handling not yet built)
image-pending    2030823940847948 c0  (HANDOVER §8.5 — image handling not yet built)
image-pending    2030823940847948 c0  (HANDOVER §8.5 — image handling not yet built)
image-pending    2030823940847948 c0  (HANDOVER §8.5 — image handling not yet built)
uploaded         2053596928566562 c0  (video) ← 2053596928566562.mp4  → https://pub-893b4a6a607b4221a894bf861da7914e.r2.dev/2053596928566562.mp4
video-missing    2053596928566562 c0  (expected file not found in facebook/videos/ewa-2026-06-25)
image-pending    2114649389093558 c0  (HANDOVER §8.5 — image handling not yet built)
image-pending    2114649389093558 c0  (HANDOVER §8.5 — image handling not yet built)
uploaded         1030961735940998 c0  (video) ← 1030961735940998.mp4  → https://pub-893b4a6a607b4221a894bf861da7914e.r2.dev/1030961735940998.mp4
image-pending    2139267163678054 c0  (HANDOVER §8.5 — image handling not yet built)
image-pending    992416176833174 c0  (HANDOVER §8.5 — image handling not yet built)
image-pending    1375519284440140 c0  (HANDOVER §8.5 — image handling not yet built)
carried-forward  946656895078543 c0  → https://pub-893b4a6a607b4221a894bf861da7914e.r2.dev/946656895078543.mp4
image-pending    1755290222489037 c0  (HANDOVER §8.5 — image handling not yet built)
image-pending    1755290222489037 c0  (HANDOVER §8.5 — image handling not yet built)
uploaded         1659027698686844 c0  (video) ← 1659027698686844.mp4  → https://pub-893b4a6a607b4221a894bf861da7914e.r2.dev/1659027698686844.mp4
uploaded         1557569912617303 c0  (video) ← 1557569912617303.mp4  → https://pub-893b4a6a607b4221a894bf861da7914e.r2.dev/1557569912617303.mp4
uploaded         1022808716936319 c0  (video) ← 1022808716936319.mp4  → https://pub-893b4a6a607b4221a894bf861da7914e.r2.dev/1022808716936319.mp4
image-pending    1685360419251264 c0  (HANDOVER §8.5 — image handling not yet built)
image-pending    1685360419251264 c0  (HANDOVER §8.5 — image handling not yet built)
uploaded         1892641494767908 c0  (video) ← 1892641494767908.mp4  → https://pub-893b4a6a607b4221a894bf861da7914e.r2.dev/1892641494767908.mp4
image-pending    4468468133410180 c0  (HANDOVER §8.5 — image handling not yet built)
image-pending    1331993588912133 c0  (HANDOVER §8.5 — image handling not yet built)
image-pending    1331993588912133 c0  (HANDOVER §8.5 — image handling not yet built)
image-pending    1331993588912133 c0  (HANDOVER §8.5 — image handling not yet built)
uploaded         861314829552531 c0  (video) ← 861314829552531.mp4  → https://pub-893b4a6a607b4221a894bf861da7914e.r2.dev/861314829552531.mp4
uploaded         2756031118088226 c0  (video) ← 2756031118088226.mp4  → https://pub-893b4a6a607b4221a894bf861da7914e.r2.dev/2756031118088226.mp4
image-pending    835413979408047 c0  (HANDOVER §8.5 — image handling not yet built)
uploaded         2241653013312366 c0  (video) ← 2241653013312366.mp4  → https://pub-893b4a6a607b4221a894bf861da7914e.r2.dev/2241653013312366.mp4
video-missing    2241653013312366 c0  (expected file not found in facebook/videos/ewa-2026-06-25)
video-missing    2241653013312366 c0  (expected file not found in facebook/videos/ewa-2026-06-25)
image-pending    2440016223139553 c0  (HANDOVER §8.5 — image handling not yet built)
image-pending    2440016223139553 c0  (HANDOVER §8.5 — image handling not yet built)
image-pending    2440016223139553 c0  (HANDOVER §8.5 — image handling not yet built)
image-pending    2440016223139553 c0  (HANDOVER §8.5 — image handling not yet built)
image-pending    2225969444845832 c0  (HANDOVER §8.5 — image handling not yet built)
uploaded         1558280458991045 c0  (video) ← 1558280458991045.mp4  → https://pub-893b4a6a607b4221a894bf861da7914e.r2.dev/1558280458991045.mp4
image-pending    2112648899292628 c0  (HANDOVER §8.5 — image handling not yet built)
image-pending    2112648899292628 c0  (HANDOVER §8.5 — image handling not yet built)
uploaded         2752324495168468 c0  (video) ← 2752324495168468.mp4  → https://pub-893b4a6a607b4221a894bf861da7914e.r2.dev/2752324495168468.mp4
image-pending    2238245270256057 c0  (HANDOVER §8.5 — image handling not yet built)
image-pending    2238245270256057 c0  (HANDOVER §8.5 — image handling not yet built)
image-pending    1636381270765418 c0  (HANDOVER §8.5 — image handling not yet built)
image-pending    2062002671376891 c0  (HANDOVER §8.5 — image handling not yet built)
image-pending    1675951160285292 c0  (HANDOVER §8.5 — image handling not yet built)
image-pending    1675951160285292 c0  (HANDOVER §8.5 — image handling not yet built)
image-pending    1675951160285292 c0  (HANDOVER §8.5 — image handling not yet built)
image-pending    1675951160285292 c0  (HANDOVER §8.5 — image handling not yet built)
image-pending    1675951160285292 c0  (HANDOVER §8.5 — image handling not yet built)
image-pending    1769546057749555 c0  (HANDOVER §8.5 — image handling not yet built)
carried-forward  945713541851892 c0  → https://pub-893b4a6a607b4221a894bf861da7914e.r2.dev/945713541851892.mp4
image-pending    1524544525823458 c0  (HANDOVER §8.5 — image handling not yet built)
image-pending    1524544525823458 c0  (HANDOVER §8.5 — image handling not yet built)
image-pending    1524544525823458 c0  (HANDOVER §8.5 — image handling not yet built)
image-pending    1524544525823458 c0  (HANDOVER §8.5 — image handling not yet built)
image-pending    1524544525823458 c0  (HANDOVER §8.5 — image handling not yet built)
image-pending    2399564697120891 c0  (HANDOVER §8.5 — image handling not yet built)
image-pending    2399564697120891 c0  (HANDOVER §8.5 — image handling not yet built)
carried-forward  2072598147003830 c0  → https://pub-893b4a6a607b4221a894bf861da7914e.r2.dev/2072598147003830.mp4
image-pending    2215983645903114 c0  (HANDOVER §8.5 — image handling not yet built)
image-pending    2215983645903114 c0  (HANDOVER §8.5 — image handling not yet built)
image-pending    2215983645903114 c0  (HANDOVER §8.5 — image handling not yet built)
uploaded         994718723483943 c0  (video) ← 994718723483943.mp4  → https://pub-893b4a6a607b4221a894bf861da7914e.r2.dev/994718723483943.mp4
video-missing    994718723483943 c0  (expected file not found in facebook/videos/ewa-2026-06-25)
image-pending    1560160405457327 c0  (HANDOVER §8.5 — image handling not yet built)
image-pending    1560160405457327 c0  (HANDOVER §8.5 — image handling not yet built)
uploaded         2312785349470563 c0  (video) ← 2312785349470563.mp4  → https://pub-893b4a6a607b4221a894bf861da7914e.r2.dev/2312785349470563.mp4
video-missing    2312785349470563 c0  (expected file not found in facebook/videos/ewa-2026-06-25)
video-missing    2312785349470563 c0  (expected file not found in facebook/videos/ewa-2026-06-25)
video-missing    2312785349470563 c0  (expected file not found in facebook/videos/ewa-2026-06-25)
image-pending    2876895206036320 c0  (HANDOVER §8.5 — image handling not yet built)
image-pending    2876895206036320 c0  (HANDOVER §8.5 — image handling not yet built)
image-pending    2876895206036320 c0  (HANDOVER §8.5 — image handling not yet built)
image-pending    2876895206036320 c0  (HANDOVER §8.5 — image handling not yet built)
uploaded         1400818938736080 c0  (video) ← 1400818938736080.mp4  → https://pub-893b4a6a607b4221a894bf861da7914e.r2.dev/1400818938736080.mp4
image-pending    1352943566745111 c0  (HANDOVER §8.5 — image handling not yet built)
image-pending    979886704669858 c0  (HANDOVER §8.5 — image handling not yet built)
uploaded         2002762347781043 c0  (video) ← 2002762347781043.mp4  → https://pub-893b4a6a607b4221a894bf861da7914e.r2.dev/2002762347781043.mp4
image-pending    882492284285861 c0  (HANDOVER §8.5 — image handling not yet built)
image-pending    882492284285861 c0  (HANDOVER §8.5 — image handling not yet built)
image-pending    882492284285861 c0  (HANDOVER §8.5 — image handling not yet built)
image-pending    882492284285861 c0  (HANDOVER §8.5 — image handling not yet built)
image-pending    882492284285861 c0  (HANDOVER §8.5 — image handling not yet built)
image-pending    968244282718918 c0  (HANDOVER §8.5 — image handling not yet built)
image-pending    968244282718918 c0  (HANDOVER §8.5 — image handling not yet built)
image-pending    1584500489699689 c0  (HANDOVER §8.5 — image handling not yet built)
image-pending    1584500489699689 c0  (HANDOVER §8.5 — image handling not yet built)
image-pending    1584500489699689 c0  (HANDOVER §8.5 — image handling not yet built)
image-pending    1584500489699689 c0  (HANDOVER §8.5 — image handling not yet built)
image-pending    1584500489699689 c0  (HANDOVER §8.5 — image handling not yet built)
image-pending    1584500489699689 c0  (HANDOVER §8.5 — image handling not yet built)
carried-forward  2135004940398067 c0  → https://pub-893b4a6a607b4221a894bf861da7914e.r2.dev/2135004940398067.mp4
video-missing    2135004940398067 c0  (expected file not found in facebook/videos/ewa-2026-06-25)
uploaded         886242823870792 c0  (video) ← 886242823870792.mp4  → https://pub-893b4a6a607b4221a894bf861da7914e.r2.dev/886242823870792.mp4
video-missing    886242823870792 c0  (expected file not found in facebook/videos/ewa-2026-06-25)
image-pending    1509445744309237 c0  (HANDOVER §8.5 — image handling not yet built)
image-pending    1020669756992942 c0  (HANDOVER §8.5 — image handling not yet built)
image-pending    1020669756992942 c0  (HANDOVER §8.5 — image handling not yet built)
image-pending    1020669756992942 c0  (HANDOVER §8.5 — image handling not yet built)
video-missing    868464876322870 c0  (expected file not found in facebook/videos/ewa-2026-06-25)
image-pending    1321060856898456 c0  (HANDOVER §8.5 — image handling not yet built)
carried-forward  1305737415039180 c0  → https://pub-893b4a6a607b4221a894bf861da7914e.r2.dev/1305737415039180.mp4
image-pending    4465636193670166 c0  (HANDOVER §8.5 — image handling not yet built)
carried-forward  1023260286830884 c0  → https://pub-893b4a6a607b4221a894bf861da7914e.r2.dev/1023260286830884.mp4
uploaded         3474985665983230 c0  (video) ← 3474985665983230.mp4  → https://pub-893b4a6a607b4221a894bf861da7914e.r2.dev/3474985665983230.mp4
image-pending    1014432594507822 c0  (HANDOVER §8.5 — image handling not yet built)
carried-forward  3171888659667630 c0  → https://pub-893b4a6a607b4221a894bf861da7914e.r2.dev/3171888659667630.mp4
video-missing    3171888659667630 c0  (expected file not found in facebook/videos/ewa-2026-06-25)
video-missing    3171888659667630 c0  (expected file not found in facebook/videos/ewa-2026-06-25)
uploaded         2041072359951185 c0  (video) ← 2041072359951185.mp4  → https://pub-893b4a6a607b4221a894bf861da7914e.r2.dev/2041072359951185.mp4
video-missing    2041072359951185 c0  (expected file not found in facebook/videos/ewa-2026-06-25)
video-missing    2041072359951185 c0  (expected file not found in facebook/videos/ewa-2026-06-25)
image-pending    1003833288903847 c0  (HANDOVER §8.5 — image handling not yet built)
uploaded         4685362171695498 c0  (video) ← 4685362171695498.mp4  → https://pub-893b4a6a607b4221a894bf861da7914e.r2.dev/4685362171695498.mp4
video-missing    4685362171695498 c0  (expected file not found in facebook/videos/ewa-2026-06-25)
uploaded         1819922628976274 c0  (video) ← 1819922628976274.mp4  → https://pub-893b4a6a607b4221a894bf861da7914e.r2.dev/1819922628976274.mp4
video-missing    1819922628976274 c0  (expected file not found in facebook/videos/ewa-2026-06-25)
image-pending    1372259981480948 c0  (HANDOVER §8.5 — image handling not yet built)
image-pending    965687439623061 c0  (HANDOVER §8.5 — image handling not yet built)
uploaded         2517838241987977 c0  (video) ← 2517838241987977.mp4  → https://pub-893b4a6a607b4221a894bf861da7914e.r2.dev/2517838241987977.mp4
uploaded         818857611052126 c0  (video) ← 818857611052126.mp4  → https://pub-893b4a6a607b4221a894bf861da7914e.r2.dev/818857611052126.mp4
image-pending    1352321793666719 c0  (HANDOVER §8.5 — image handling not yet built)
image-pending    1352321793666719 c0  (HANDOVER §8.5 — image handling not yet built)
carried-forward  2081225292743801 c0  → https://pub-893b4a6a607b4221a894bf861da7914e.r2.dev/2081225292743801.mp4
image-pending    984358944329918 c0  (HANDOVER §8.5 — image handling not yet built)
image-pending    984358944329918 c0  (HANDOVER §8.5 — image handling not yet built)
image-pending    1345189080884689 c0  (HANDOVER §8.5 — image handling not yet built)
carried-forward  1512461623874160 c0  → https://pub-893b4a6a607b4221a894bf861da7914e.r2.dev/1512461623874160.mp4
image-pending    987372941007346 c0  (HANDOVER §8.5 — image handling not yet built)
image-pending    987372941007346 c0  (HANDOVER §8.5 — image handling not yet built)
image-pending    987372941007346 c0  (HANDOVER §8.5 — image handling not yet built)
image-pending    987372941007346 c0  (HANDOVER §8.5 — image handling not yet built)
image-pending    1569141891588856 c0  (HANDOVER §8.5 — image handling not yet built)
carried-forward  1996140251265814 c0  → https://pub-893b4a6a607b4221a894bf861da7914e.r2.dev/1996140251265814.mp4
carried-forward  1482797836488172 c0  → https://pub-893b4a6a607b4221a894bf861da7914e.r2.dev/1482797836488172.mp4
carried-forward  2344096812747309 c0  → https://pub-893b4a6a607b4221a894bf861da7914e.r2.dev/2344096812747309.mp4
uploaded         1955178811812191 c0  (video) ← 1955178811812191.mp4  → https://pub-893b4a6a607b4221a894bf861da7914e.r2.dev/1955178811812191.mp4
video-missing    1955178811812191 c0  (expected file not found in facebook/videos/ewa-2026-06-25)
video-missing    1351528743702465 c0  (expected file not found in facebook/videos/ewa-2026-06-25)
image-pending    1583160223474207 c0  (HANDOVER §8.5 — image handling not yet built)
image-pending    978250901698964 c0  (HANDOVER §8.5 — image handling not yet built)
image-pending    1018931614411210 c0  (HANDOVER §8.5 — image handling not yet built)
image-pending    1018931614411210 c0  (HANDOVER §8.5 — image handling not yet built)
image-pending    1018931614411210 c0  (HANDOVER §8.5 — image handling not yet built)
carried-forward  1007796711633449 c0  → https://pub-893b4a6a607b4221a894bf861da7914e.r2.dev/1007796711633449.mp4
carried-forward  1008784498174190 c0  → https://pub-893b4a6a607b4221a894bf861da7914e.r2.dev/1008784498174190.mp4
uploaded         1570846288024316 c0  (video) ← 1570846288024316.mp4  → https://pub-893b4a6a607b4221a894bf861da7914e.r2.dev/1570846288024316.mp4
image-pending    2261073894670508 c0  (HANDOVER §8.5 — image handling not yet built)
image-pending    2261073894670508 c0  (HANDOVER §8.5 — image handling not yet built)
image-pending    2261073894670508 c0  (HANDOVER §8.5 — image handling not yet built)
uploaded         1340809331347021 c0  (video) ← 1340809331347021.mp4  → https://pub-893b4a6a607b4221a894bf861da7914e.r2.dev/1340809331347021.mp4
image-pending    1387416159903698 c0  (HANDOVER §8.5 — image handling not yet built)
uploaded         2023627198193226 c0  (video) ← 2023627198193226.mp4  → https://pub-893b4a6a607b4221a894bf861da7914e.r2.dev/2023627198193226.mp4
video-missing    2023627198193226 c0  (expected file not found in facebook/videos/ewa-2026-06-25)
carried-forward  982658264552676 c0  → https://pub-893b4a6a607b4221a894bf861da7914e.r2.dev/982658264552676.mp4
image-pending    1556362716006905 c0  (HANDOVER §8.5 — image handling not yet built)
image-pending    1556362716006905 c0  (HANDOVER §8.5 — image handling not yet built)
image-pending    1556362716006905 c0  (HANDOVER §8.5 — image handling not yet built)
image-pending    2317206778769016 c0  (HANDOVER §8.5 — image handling not yet built)
image-pending    4196885977270190 c0  (HANDOVER §8.5 — image handling not yet built)
uploaded         872797318710583 c0  (video) ← 872797318710583.mp4  → https://pub-893b4a6a607b4221a894bf861da7914e.r2.dev/872797318710583.mp4
image-pending    982141191295607 c0  (HANDOVER §8.5 — image handling not yet built)
carried-forward  1752358445919708 c0  → https://pub-893b4a6a607b4221a894bf861da7914e.r2.dev/1752358445919708.mp4
uploaded         1336188448650071 c0  (video) ← 1336188448650071.mp4  → https://pub-893b4a6a607b4221a894bf861da7914e.r2.dev/1336188448650071.mp4
image-pending    1733524914451381 c0  (HANDOVER §8.5 — image handling not yet built)
image-pending    1733524914451381 c0  (HANDOVER §8.5 — image handling not yet built)
uploaded         1495280095790798 c0  (video) ← 1495280095790798.mp4  → https://pub-893b4a6a607b4221a894bf861da7914e.r2.dev/1495280095790798.mp4
uploaded         4564288177141055 c0  (video) ← 4564288177141055.mp4  → https://pub-893b4a6a607b4221a894bf861da7914e.r2.dev/4564288177141055.mp4
uploaded         1988172375196100 c0  (video) ← 1988172375196100.mp4  → https://pub-893b4a6a607b4221a894bf861da7914e.r2.dev/1988172375196100.mp4
uploaded         1004795558978430 c0  (video) ← 1004795558978430.mp4  → https://pub-893b4a6a607b4221a894bf861da7914e.r2.dev/1004795558978430.mp4
uploaded         1709492750178520 c0  (video) ← 1709492750178520.mp4  → https://pub-893b4a6a607b4221a894bf861da7914e.r2.dev/1709492750178520.mp4
image-pending    3631248183695901 c0  (HANDOVER §8.5 — image handling not yet built)
carried-forward  1333133978321773 c0  → https://pub-893b4a6a607b4221a894bf861da7914e.r2.dev/1333133978321773.mp4
image-pending    1532706844915998 c0  (HANDOVER §8.5 — image handling not yet built)
uploaded         1732300201416251 c0  (video) ← 1732300201416251.mp4  → https://pub-893b4a6a607b4221a894bf861da7914e.r2.dev/1732300201416251.mp4
image-pending    1395441732417150 c0  (HANDOVER §8.5 — image handling not yet built)
image-pending    1395441732417150 c0  (HANDOVER §8.5 — image handling not yet built)
image-pending    1395441732417150 c0  (HANDOVER §8.5 — image handling not yet built)
image-pending    1501387994367724 c0  (HANDOVER §8.5 — image handling not yet built)
image-pending    1921613808539751 c0  (HANDOVER §8.5 — image handling not yet built)
image-pending    1921613808539751 c0  (HANDOVER §8.5 — image handling not yet built)
image-pending    1921613808539751 c0  (HANDOVER §8.5 — image handling not yet built)
image-pending    1921613808539751 c0  (HANDOVER §8.5 — image handling not yet built)
image-pending    1921613808539751 c0  (HANDOVER §8.5 — image handling not yet built)
carried-forward  1682725659607834 c0  → https://pub-893b4a6a607b4221a894bf861da7914e.r2.dev/1682725659607834.mp4
uploaded         978484595031205 c0  (video) ← 978484595031205.mp4  → https://pub-893b4a6a607b4221a894bf861da7914e.r2.dev/978484595031205.mp4
uploaded         1002068969100893 c0  (video) ← 1002068969100893.mp4  → https://pub-893b4a6a607b4221a894bf861da7914e.r2.dev/1002068969100893.mp4
video-missing    1002068969100893 c0  (expected file not found in facebook/videos/ewa-2026-06-25)
uploaded         26927804263569078 c0  (video) ← 26927804263569078.mp4  → https://pub-893b4a6a607b4221a894bf861da7914e.r2.dev/26927804263569078.mp4
image-pending    1479645273470980 c0  (HANDOVER §8.5 — image handling not yet built)
image-pending    1376974534344778 c0  (HANDOVER §8.5 — image handling not yet built)
image-pending    1376974534344778 c0  (HANDOVER §8.5 — image handling not yet built)
image-pending    1376974534344778 c0  (HANDOVER §8.5 — image handling not yet built)
image-pending    996598276500880 c0  (HANDOVER §8.5 — image handling not yet built)
image-pending    1343049041135219 c0  (HANDOVER §8.5 — image handling not yet built)
uploaded         3468187740022537 c0  (video) ← 3468187740022537.mp4  → https://pub-893b4a6a607b4221a894bf861da7914e.r2.dev/3468187740022537.mp4
video-missing    3468187740022537 c0  (expected file not found in facebook/videos/ewa-2026-06-25)
image-pending    1170197599312675 c0  (HANDOVER §8.5 — image handling not yet built)
image-pending    1170197599312675 c0  (HANDOVER §8.5 — image handling not yet built)
image-pending    1325612492435408 c0  (HANDOVER §8.5 — image handling not yet built)
image-pending    1325612492435408 c0  (HANDOVER §8.5 — image handling not yet built)
image-pending    1325612492435408 c0  (HANDOVER §8.5 — image handling not yet built)
image-pending    1325612492435408 c0  (HANDOVER §8.5 — image handling not yet built)
uploaded         4527055890950369 c0  (video) ← 4527055890950369.mp4  → https://pub-893b4a6a607b4221a894bf861da7914e.r2.dev/4527055890950369.mp4
video-missing    4527055890950369 c0  (expected file not found in facebook/videos/ewa-2026-06-25)
video-missing    4527055890950369 c0  (expected file not found in facebook/videos/ewa-2026-06-25)
video-missing    4527055890950369 c0  (expected file not found in facebook/videos/ewa-2026-06-25)
image-pending    3067526593447168 c0  (HANDOVER §8.5 — image handling not yet built)
image-pending    3067526593447168 c0  (HANDOVER §8.5 — image handling not yet built)
image-pending    3067526593447168 c0  (HANDOVER §8.5 — image handling not yet built)
image-pending    3067526593447168 c0  (HANDOVER §8.5 — image handling not yet built)
image-pending    1437607058410104 c0  (HANDOVER §8.5 — image handling not yet built)
uploaded         4554801771509031 c0  (video) ← 4554801771509031.mp4  → https://pub-893b4a6a607b4221a894bf861da7914e.r2.dev/4554801771509031.mp4
image-pending    1579207603796303 c0  (HANDOVER §8.5 — image handling not yet built)
image-pending    1291026723050608 c0  (HANDOVER §8.5 — image handling not yet built)
image-pending    1344490514306427 c0  (HANDOVER §8.5 — image handling not yet built)
image-pending    1344490514306427 c0  (HANDOVER §8.5 — image handling not yet built)
image-pending    1344490514306427 c0  (HANDOVER §8.5 — image handling not yet built)
image-pending    1344490514306427 c0  (HANDOVER §8.5 — image handling not yet built)
image-pending    1344490514306427 c0  (HANDOVER §8.5 — image handling not yet built)
image-pending    1344490514306427 c0  (HANDOVER §8.5 — image handling not yet built)
uploaded         1578990417126749 c0  (video) ← 1578990417126749.mp4  → https://pub-893b4a6a607b4221a894bf861da7914e.r2.dev/1578990417126749.mp4
image-pending    1554751706280571 c0  (HANDOVER §8.5 — image handling not yet built)
image-pending    1554751706280571 c0  (HANDOVER §8.5 — image handling not yet built)
image-pending    1558705185591828 c0  (HANDOVER §8.5 — image handling not yet built)
image-pending    1558705185591828 c0  (HANDOVER §8.5 — image handling not yet built)
uploaded         1229844679162074 c0  (video) ← 1229844679162074.mp4  → https://pub-893b4a6a607b4221a894bf861da7914e.r2.dev/1229844679162074.mp4
uploaded         1028894899899808 c0  (video) ← 1028894899899808.mp4  → https://pub-893b4a6a607b4221a894bf861da7914e.r2.dev/1028894899899808.mp4
carried-forward  986316010681286 c0  → https://pub-893b4a6a607b4221a894bf861da7914e.r2.dev/986316010681286.mp4
uploaded         1697358831387047 c0  (video) ← 1697358831387047.mp4  → https://pub-893b4a6a607b4221a894bf861da7914e.r2.dev/1697358831387047.mp4
video-missing    1697358831387047 c0  (expected file not found in facebook/videos/ewa-2026-06-25)
uploaded         971815032289513 c0  (video) ← 971815032289513.mp4  → https://pub-893b4a6a607b4221a894bf861da7914e.r2.dev/971815032289513.mp4
uploaded         1664481898139996 c0  (video) ← 1664481898139996.mp4  → https://pub-893b4a6a607b4221a894bf861da7914e.r2.dev/1664481898139996.mp4
carried-forward  2009098333302941 c0  → https://pub-893b4a6a607b4221a894bf861da7914e.r2.dev/2009098333302941.mp4
uploaded         1042068728381339 c0  (video) ← 1042068728381339.mp4  → https://pub-893b4a6a607b4221a894bf861da7914e.r2.dev/1042068728381339.mp4
video-missing    1042068728381339 c0  (expected file not found in facebook/videos/ewa-2026-06-25)
image-pending    1957414368246562 c0  (HANDOVER §8.5 — image handling not yet built)
uploaded         1002013675917966 c0  (video) ← 1002013675917966.mp4  → https://pub-893b4a6a607b4221a894bf861da7914e.r2.dev/1002013675917966.mp4
video-missing    1002013675917966 c0  (expected file not found in facebook/videos/ewa-2026-06-25)
video-missing    1002013675917966 c0  (expected file not found in facebook/videos/ewa-2026-06-25)
uploaded         1537059264868909 c0  (video) ← 1537059264868909.mp4  → https://pub-893b4a6a607b4221a894bf861da7914e.r2.dev/1537059264868909.mp4
image-pending    1926885071361176 c0  (HANDOVER §8.5 — image handling not yet built)
image-pending    1926885071361176 c0  (HANDOVER §8.5 — image handling not yet built)
image-pending    1926885071361176 c0  (HANDOVER §8.5 — image handling not yet built)
image-pending    1492126768854918 c0  (HANDOVER §8.5 — image handling not yet built)
uploaded         2119014918676502 c0  (video) ← 2119014918676502.mp4  → https://pub-893b4a6a607b4221a894bf861da7914e.r2.dev/2119014918676502.mp4
image-pending    1334762625447953 c0  (HANDOVER §8.5 — image handling not yet built)
image-pending    1334762625447953 c0  (HANDOVER §8.5 — image handling not yet built)
uploaded         1644222149992408 c0  (video) ← 1644222149992408.mp4  → https://pub-893b4a6a607b4221a894bf861da7914e.r2.dev/1644222149992408.mp4
image-pending    1721125898889558 c0  (HANDOVER §8.5 — image handling not yet built)
image-pending    1721125898889558 c0  (HANDOVER §8.5 — image handling not yet built)
image-pending    1721125898889558 c0  (HANDOVER §8.5 — image handling not yet built)
uploaded         2224048861747008 c0  (video) ← 2224048861747008.mp4  → https://pub-893b4a6a607b4221a894bf861da7914e.r2.dev/2224048861747008.mp4
uploaded         1034668945704153 c0  (video) ← 1034668945704153.mp4  → https://pub-893b4a6a607b4221a894bf861da7914e.r2.dev/1034668945704153.mp4
video-missing    1034668945704153 c0  (expected file not found in facebook/videos/ewa-2026-06-25)
video-missing    1034668945704153 c0  (expected file not found in facebook/videos/ewa-2026-06-25)
video-missing    1034668945704153 c0  (expected file not found in facebook/videos/ewa-2026-06-25)
uploaded         1030044452877218 c0  (video) ← 1030044452877218.mp4  → https://pub-893b4a6a607b4221a894bf861da7914e.r2.dev/1030044452877218.mp4
image-pending    1001463306043817 c0  (HANDOVER §8.5 — image handling not yet built)
carried-forward  1982086229122194 c0  → https://pub-893b4a6a607b4221a894bf861da7914e.r2.dev/1982086229122194.mp4
uploaded         27688983054123613 c0  (video) ← 27688983054123613.mp4  → https://pub-893b4a6a607b4221a894bf861da7914e.r2.dev/27688983054123613.mp4
uploaded         1359948212675982 c0  (video) ← 1359948212675982.mp4  → https://pub-893b4a6a607b4221a894bf861da7914e.r2.dev/1359948212675982.mp4
video-missing    1359948212675982 c0  (expected file not found in facebook/videos/ewa-2026-06-25)
image-pending    2689333691460696 c0  (HANDOVER §8.5 — image handling not yet built)
image-pending    2689333691460696 c0  (HANDOVER §8.5 — image handling not yet built)
image-pending    2689333691460696 c0  (HANDOVER §8.5 — image handling not yet built)
image-pending    2689333691460696 c0  (HANDOVER §8.5 — image handling not yet built)
uploaded         1529300782261768 c0  (video) ← 1529300782261768.mp4  → https://pub-893b4a6a607b4221a894bf861da7914e.r2.dev/1529300782261768.mp4
video-missing    1529300782261768 c0  (expected file not found in facebook/videos/ewa-2026-06-25)
uploaded         1641211290291097 c0  (video) ← 1641211290291097.mp4  → https://pub-893b4a6a607b4221a894bf861da7914e.r2.dev/1641211290291097.mp4
image-pending    1862360244673368 c0  (HANDOVER §8.5 — image handling not yet built)
image-pending    1862360244673368 c0  (HANDOVER §8.5 — image handling not yet built)
uploaded         1984727178826350 c0  (video) ← 1984727178826350.mp4  → https://pub-893b4a6a607b4221a894bf861da7914e.r2.dev/1984727178826350.mp4
video-missing    2183568952484836 c0  (expected file not found in facebook/videos/ewa-2026-06-25)
uploaded         880786191134873 c0  (video) ← 880786191134873.mp4  → https://pub-893b4a6a607b4221a894bf861da7914e.r2.dev/880786191134873.mp4
carried-forward  998634673134445 c0  → https://pub-893b4a6a607b4221a894bf861da7914e.r2.dev/998634673134445.mp4
video-missing    998634673134445 c0  (expected file not found in facebook/videos/ewa-2026-06-25)
image-pending    3265590966957980 c0  (HANDOVER §8.5 — image handling not yet built)
image-pending    3265590966957980 c0  (HANDOVER §8.5 — image handling not yet built)
carried-forward  1481411496452161 c0  → https://pub-893b4a6a607b4221a894bf861da7914e.r2.dev/1481411496452161.mp4
video-missing    1481411496452161 c0  (expected file not found in facebook/videos/ewa-2026-06-25)
uploaded         964729819902436 c0  (video) ← 964729819902436.mp4  → https://pub-893b4a6a607b4221a894bf861da7914e.r2.dev/964729819902436.mp4
video-missing    964729819902436 c0  (expected file not found in facebook/videos/ewa-2026-06-25)
image-pending    1326984438929662 c0  (HANDOVER §8.5 — image handling not yet built)
image-pending    1326984438929662 c0  (HANDOVER §8.5 — image handling not yet built)
image-pending    1326984438929662 c0  (HANDOVER §8.5 — image handling not yet built)
uploaded         2068324314119898 c0  (video) ← 2068324314119898.mp4  → https://pub-893b4a6a607b4221a894bf861da7914e.r2.dev/2068324314119898.mp4
video-missing    2068324314119898 c0  (expected file not found in facebook/videos/ewa-2026-06-25)
uploaded         1043985591422685 c0  (video) ← 1043985591422685.mp4  → https://pub-893b4a6a607b4221a894bf861da7914e.r2.dev/1043985591422685.mp4
video-missing    1043985591422685 c0  (expected file not found in facebook/videos/ewa-2026-06-25)
video-missing    1043985591422685 c0  (expected file not found in facebook/videos/ewa-2026-06-25)
video-missing    1043985591422685 c0  (expected file not found in facebook/videos/ewa-2026-06-25)
image-pending    1747495219941462 c0  (HANDOVER §8.5 — image handling not yet built)
uploaded         1382508637023903 c0  (video) ← 1382508637023903.mp4  → https://pub-893b4a6a607b4221a894bf861da7914e.r2.dev/1382508637023903.mp4
image-pending    1763917361647687 c0  (HANDOVER §8.5 — image handling not yet built)
uploaded         1038158728698418 c0  (video) ← 1038158728698418.mp4  → https://pub-893b4a6a607b4221a894bf861da7914e.r2.dev/1038158728698418.mp4
video-missing    1038158728698418 c0  (expected file not found in facebook/videos/ewa-2026-06-25)
video-missing    1038158728698418 c0  (expected file not found in facebook/videos/ewa-2026-06-25)
video-missing    1038158728698418 c0  (expected file not found in facebook/videos/ewa-2026-06-25)
video-missing    1038158728698418 c0  (expected file not found in facebook/videos/ewa-2026-06-25)
uploaded         1269988048337774 c0  (video) ← 1269988048337774.mp4  → https://pub-893b4a6a607b4221a894bf861da7914e.r2.dev/1269988048337774.mp4
image-pending    1547225797137172 c0  (HANDOVER §8.5 — image handling not yet built)
image-pending    1547225797137172 c0  (HANDOVER §8.5 — image handling not yet built)
image-pending    2078277583074463 c0  (HANDOVER §8.5 — image handling not yet built)
image-pending    1752441856184510 c0  (HANDOVER §8.5 — image handling not yet built)
image-pending    986422637622283 c0  (HANDOVER §8.5 — image handling not yet built)
uploaded         1584180730046598 c0  (video) ← 1584180730046598.mp4  → https://pub-893b4a6a607b4221a894bf861da7914e.r2.dev/1584180730046598.mp4
uploaded         1698186978090399 c0  (video) ← 1698186978090399.mp4  → https://pub-893b4a6a607b4221a894bf861da7914e.r2.dev/1698186978090399.mp4
carried-forward  1917036678977575 c0  → https://pub-893b4a6a607b4221a894bf861da7914e.r2.dev/1917036678977575.mp4
image-pending    1950591432268635 c0  (HANDOVER §8.5 — image handling not yet built)
image-pending    1950591432268635 c0  (HANDOVER §8.5 — image handling not yet built)
image-pending    860979276636021 c0  (HANDOVER §8.5 — image handling not yet built)
image-pending    860979276636021 c0  (HANDOVER §8.5 — image handling not yet built)
image-pending    860979276636021 c0  (HANDOVER §8.5 — image handling not yet built)
image-pending    860979276636021 c0  (HANDOVER §8.5 — image handling not yet built)
image-pending    860979276636021 c0  (HANDOVER §8.5 — image handling not yet built)
uploaded         2345901489234374 c0  (video) ← 2345901489234374.mp4  → https://pub-893b4a6a607b4221a894bf861da7914e.r2.dev/2345901489234374.mp4
image-pending    1018424360726225 c0  (HANDOVER §8.5 — image handling not yet built)
image-pending    1018424360726225 c0  (HANDOVER §8.5 — image handling not yet built)
image-pending    1018424360726225 c0  (HANDOVER §8.5 — image handling not yet built)
image-pending    1018424360726225 c0  (HANDOVER §8.5 — image handling not yet built)
uploaded         2759365864436145 c0  (video) ← 2759365864436145.mp4  → https://pub-893b4a6a607b4221a894bf861da7914e.r2.dev/2759365864436145.mp4
uploaded         993055800374771 c0  (video) ← 993055800374771.mp4  → https://pub-893b4a6a607b4221a894bf861da7914e.r2.dev/993055800374771.mp4
image-pending    1382614943787800 c0  (HANDOVER §8.5 — image handling not yet built)
image-pending    1382614943787800 c0  (HANDOVER §8.5 — image handling not yet built)
image-pending    1382614943787800 c0  (HANDOVER §8.5 — image handling not yet built)
image-pending    1490214472325186 c0  (HANDOVER §8.5 — image handling not yet built)
image-pending    1490214472325186 c0  (HANDOVER §8.5 — image handling not yet built)
image-pending    1490214472325186 c0  (HANDOVER §8.5 — image handling not yet built)
image-pending    1490214472325186 c0  (HANDOVER §8.5 — image handling not yet built)
image-pending    1490214472325186 c0  (HANDOVER §8.5 — image handling not yet built)
image-pending    4322106601364892 c0  (HANDOVER §8.5 — image handling not yet built)
image-pending    4322106601364892 c0  (HANDOVER §8.5 — image handling not yet built)
image-pending    1549682136505994 c0  (HANDOVER §8.5 — image handling not yet built)
image-pending    1549682136505994 c0  (HANDOVER §8.5 — image handling not yet built)
carried-forward  1500435148378929 c0  → https://pub-893b4a6a607b4221a894bf861da7914e.r2.dev/1500435148378929.mp4
video-missing    1500435148378929 c0  (expected file not found in facebook/videos/ewa-2026-06-25)
video-missing    1500435148378929 c0  (expected file not found in facebook/videos/ewa-2026-06-25)
video-missing    1500435148378929 c0  (expected file not found in facebook/videos/ewa-2026-06-25)
video-missing    1500435148378929 c0  (expected file not found in facebook/videos/ewa-2026-06-25)
carried-forward  4013069492327411 c0  → https://pub-893b4a6a607b4221a894bf861da7914e.r2.dev/4013069492327411.mp4
image-pending    971267135722693 c0  (HANDOVER §8.5 — image handling not yet built)
image-pending    1903137807039743 c0  (HANDOVER §8.5 — image handling not yet built)
image-pending    2273565050138614 c0  (HANDOVER §8.5 — image handling not yet built)
image-pending    1539179781260310 c0  (HANDOVER §8.5 — image handling not yet built)
image-pending    1539179781260310 c0  (HANDOVER §8.5 — image handling not yet built)
image-pending    1539179781260310 c0  (HANDOVER §8.5 — image handling not yet built)
image-pending    1539179781260310 c0  (HANDOVER §8.5 — image handling not yet built)
image-pending    1539179781260310 c0  (HANDOVER §8.5 — image handling not yet built)
image-pending    1539179781260310 c0  (HANDOVER §8.5 — image handling not yet built)
image-pending    2860926334248322 c0  (HANDOVER §8.5 — image handling not yet built)
image-pending    4169102980031454 c0  (HANDOVER §8.5 — image handling not yet built)
image-pending    4169102980031454 c0  (HANDOVER §8.5 — image handling not yet built)
image-pending    4169102980031454 c0  (HANDOVER §8.5 — image handling not yet built)
image-pending    4169102980031454 c0  (HANDOVER §8.5 — image handling not yet built)
image-pending    4169102980031454 c0  (HANDOVER §8.5 — image handling not yet built)
image-pending    2224528591654992 c0  (HANDOVER §8.5 — image handling not yet built)
image-pending    2224528591654992 c0  (HANDOVER §8.5 — image handling not yet built)
uploaded         4365754133736628 c0  (video) ← 4365754133736628.mp4  → https://pub-893b4a6a607b4221a894bf861da7914e.r2.dev/4365754133736628.mp4
image-pending    1343171434622873 c0  (HANDOVER §8.5 — image handling not yet built)
image-pending    1343171434622873 c0  (HANDOVER §8.5 — image handling not yet built)
image-pending    1343171434622873 c0  (HANDOVER §8.5 — image handling not yet built)
image-pending    1480804063786225 c0  (HANDOVER §8.5 — image handling not yet built)
image-pending    1480804063786225 c0  (HANDOVER §8.5 — image handling not yet built)
image-pending    1430775809084272 c0  (HANDOVER §8.5 — image handling not yet built)
image-pending    1430775809084272 c0  (HANDOVER §8.5 — image handling not yet built)
image-pending    2601741970268583 c0  (HANDOVER §8.5 — image handling not yet built)
image-pending    1506594416992734 c0  (HANDOVER §8.5 — image handling not yet built)
uploaded         1984174936305209 c0  (video) ← 1984174936305209.mp4  → https://pub-893b4a6a607b4221a894bf861da7914e.r2.dev/1984174936305209.mp4
image-pending    2191567841666789 c0  (HANDOVER §8.5 — image handling not yet built)
image-pending    2191567841666789 c0  (HANDOVER §8.5 — image handling not yet built)
image-pending    2191567841666789 c0  (HANDOVER §8.5 — image handling not yet built)
uploaded         1778293020217993 c0  (video) ← 1778293020217993.mp4  → https://pub-893b4a6a607b4221a894bf861da7914e.r2.dev/1778293020217993.mp4
video-missing    1778293020217993 c0  (expected file not found in facebook/videos/ewa-2026-06-25)
video-missing    1778293020217993 c0  (expected file not found in facebook/videos/ewa-2026-06-25)
video-missing    1778293020217993 c0  (expected file not found in facebook/videos/ewa-2026-06-25)
video-missing    1778293020217993 c0  (expected file not found in facebook/videos/ewa-2026-06-25)
image-pending    911410688652462 c0  (HANDOVER §8.5 — image handling not yet built)
image-pending    911410688652462 c0  (HANDOVER §8.5 — image handling not yet built)
image-pending    911410688652462 c0  (HANDOVER §8.5 — image handling not yet built)
image-pending    911410688652462 c0  (HANDOVER §8.5 — image handling not yet built)
image-pending    1009119841845223 c0  (HANDOVER §8.5 — image handling not yet built)
image-pending    1009119841845223 c0  (HANDOVER §8.5 — image handling not yet built)
image-pending    1686484765924132 c0  (HANDOVER §8.5 — image handling not yet built)
uploaded         1999590197317000 c0  (video) ← 1999590197317000.mp4  → https://pub-893b4a6a607b4221a894bf861da7914e.r2.dev/1999590197317000.mp4
video-missing    1999590197317000 c0  (expected file not found in facebook/videos/ewa-2026-06-25)
image-pending    2322215811516372 c0  (HANDOVER §8.5 — image handling not yet built)
image-pending    2322215811516372 c0  (HANDOVER §8.5 — image handling not yet built)
image-pending    2322215811516372 c0  (HANDOVER §8.5 — image handling not yet built)
image-pending    2322215811516372 c0  (HANDOVER §8.5 — image handling not yet built)
image-pending    2322215811516372 c0  (HANDOVER §8.5 — image handling not yet built)
image-pending    2322215811516372 c0  (HANDOVER §8.5 — image handling not yet built)
image-pending    2322215811516372 c0  (HANDOVER §8.5 — image handling not yet built)
carried-forward  4437960459756251 c0  → https://pub-893b4a6a607b4221a894bf861da7914e.r2.dev/4437960459756251.mp4
carried-forward  27064749673207696 c0  → https://pub-893b4a6a607b4221a894bf861da7914e.r2.dev/27064749673207696.mp4
image-pending    1543585553790322 c0  (HANDOVER §8.5 — image handling not yet built)
image-pending    1543585553790322 c0  (HANDOVER §8.5 — image handling not yet built)
image-pending    2408041996371875 c0  (HANDOVER §8.5 — image handling not yet built)
image-pending    2408041996371875 c0  (HANDOVER §8.5 — image handling not yet built)
image-pending    2408041996371875 c0  (HANDOVER §8.5 — image handling not yet built)
image-pending    2408041996371875 c0  (HANDOVER §8.5 — image handling not yet built)
uploaded         985748754247876 c0  (video) ← 985748754247876.mp4  → https://pub-893b4a6a607b4221a894bf861da7914e.r2.dev/985748754247876.mp4
image-pending    1008290628760887 c0  (HANDOVER §8.5 — image handling not yet built)
uploaded         1464763089026988 c0  (video) ← 1464763089026988.mp4  → https://pub-893b4a6a607b4221a894bf861da7914e.r2.dev/1464763089026988.mp4
video-missing    1464763089026988 c0  (expected file not found in facebook/videos/ewa-2026-06-25)
uploaded         1575462357527654 c0  (video) ← 1575462357527654.mp4  → https://pub-893b4a6a607b4221a894bf861da7914e.r2.dev/1575462357527654.mp4
image-pending    2493781417738894 c0  (HANDOVER §8.5 — image handling not yet built)
image-pending    1607534884306291 c0  (HANDOVER §8.5 — image handling not yet built)
uploaded         1726432638395866 c0  (video) ← 1726432638395866.mp4  → https://pub-893b4a6a607b4221a894bf861da7914e.r2.dev/1726432638395866.mp4
uploaded         1745309933464266 c0  (video) ← 1745309933464266.mp4  → https://pub-893b4a6a607b4221a894bf861da7914e.r2.dev/1745309933464266.mp4
uploaded         2161090544445666 c0  (video) ← 2161090544445666.mp4  → https://pub-893b4a6a607b4221a894bf861da7914e.r2.dev/2161090544445666.mp4
carried-forward  2191328728374825 c0  → https://pub-893b4a6a607b4221a894bf861da7914e.r2.dev/2191328728374825.mp4
image-pending    27513223551622824 c0  (HANDOVER §8.5 — image handling not yet built)
image-pending    27513223551622824 c0  (HANDOVER §8.5 — image handling not yet built)
image-pending    1002263566132750 c0  (HANDOVER §8.5 — image handling not yet built)
image-pending    26705987235747113 c0  (HANDOVER §8.5 — image handling not yet built)
image-pending    1006342445137909 c0  (HANDOVER §8.5 — image handling not yet built)
uploaded         1961539248582227 c0  (video) ← 1961539248582227.mp4  → https://pub-893b4a6a607b4221a894bf861da7914e.r2.dev/1961539248582227.mp4
uploaded         956990220722211 c0  (video) ← 956990220722211.mp4  → https://pub-893b4a6a607b4221a894bf861da7914e.r2.dev/956990220722211.mp4
image-pending    1052119547237053 c0  (HANDOVER §8.5 — image handling not yet built)
uploaded         1339799848129090 c0  (video) ← 1339799848129090.mp4  → https://pub-893b4a6a607b4221a894bf861da7914e.r2.dev/1339799848129090.mp4
video-missing    1339799848129090 c0  (expected file not found in facebook/videos/ewa-2026-06-25)
video-missing    1339799848129090 c0  (expected file not found in facebook/videos/ewa-2026-06-25)
image-pending    1717913659216448 c0  (HANDOVER §8.5 — image handling not yet built)
carried-forward  864334236734038 c0  → https://pub-893b4a6a607b4221a894bf861da7914e.r2.dev/864334236734038.mp4
uploaded         1037688535628666 c0  (video) ← 1037688535628666.mp4  → https://pub-893b4a6a607b4221a894bf861da7914e.r2.dev/1037688535628666.mp4
uploaded         1366030655381977 c0  (video) ← 1366030655381977.mp4  → https://pub-893b4a6a607b4221a894bf861da7914e.r2.dev/1366030655381977.mp4
image-pending    1564729035171433 c0  (HANDOVER §8.5 — image handling not yet built)
image-pending    1564729035171433 c0  (HANDOVER §8.5 — image handling not yet built)
image-pending    1564729035171433 c0  (HANDOVER §8.5 — image handling not yet built)
image-pending    27431525736482185 c0  (HANDOVER §8.5 — image handling not yet built)
image-pending    27590263640569575 c0  (HANDOVER §8.5 — image handling not yet built)
image-pending    27590263640569575 c0  (HANDOVER §8.5 — image handling not yet built)
image-pending    27590263640569575 c0  (HANDOVER §8.5 — image handling not yet built)
image-pending    1448540567297214 c0  (HANDOVER §8.5 — image handling not yet built)
image-pending    1510414053295460 c0  (HANDOVER §8.5 — image handling not yet built)
image-pending    2547837242400878 c0  (HANDOVER §8.5 — image handling not yet built)
uploaded         3740398829441683 c0  (video) ← 3740398829441683.mp4  → https://pub-893b4a6a607b4221a894bf861da7914e.r2.dev/3740398829441683.mp4
uploaded         862124453177746 c0  (video) ← 862124453177746.mp4  → https://pub-893b4a6a607b4221a894bf861da7914e.r2.dev/862124453177746.mp4
video-missing    862124453177746 c0  (expected file not found in facebook/videos/ewa-2026-06-25)
video-missing    862124453177746 c0  (expected file not found in facebook/videos/ewa-2026-06-25)
image-pending    1709211096888370 c0  (HANDOVER §8.5 — image handling not yet built)
uploaded         2495016257605500 c0  (video) ← 2495016257605500.mp4  → https://pub-893b4a6a607b4221a894bf861da7914e.r2.dev/2495016257605500.mp4
video-missing    2495016257605500 c0  (expected file not found in facebook/videos/ewa-2026-06-25)
video-missing    2495016257605500 c0  (expected file not found in facebook/videos/ewa-2026-06-25)
uploaded         28244805181776180 c0  (video) ← 28244805181776180.mp4  → https://pub-893b4a6a607b4221a894bf861da7914e.r2.dev/28244805181776180.mp4
uploaded         1310941204480179 c0  (video) ← 1310941204480179.mp4  → https://pub-893b4a6a607b4221a894bf861da7914e.r2.dev/1310941204480179.mp4
image-pending    1510508224154719 c0  (HANDOVER §8.5 — image handling not yet built)
image-pending    1510508224154719 c0  (HANDOVER §8.5 — image handling not yet built)
uploaded         27242309078763641 c0  (video) ← 27242309078763641.mp4  → https://pub-893b4a6a607b4221a894bf861da7914e.r2.dev/27242309078763641.mp4
video-missing    27242309078763641 c0  (expected file not found in facebook/videos/ewa-2026-06-25)
uploaded         820415774340747 c0  (video) ← 820415774340747.mp4  → https://pub-893b4a6a607b4221a894bf861da7914e.r2.dev/820415774340747.mp4
uploaded         1790989061891107 c0  (video) ← 1790989061891107.mp4  → https://pub-893b4a6a607b4221a894bf861da7914e.r2.dev/1790989061891107.mp4
video-missing    1790989061891107 c0  (expected file not found in facebook/videos/ewa-2026-06-25)
video-missing    1790989061891107 c0  (expected file not found in facebook/videos/ewa-2026-06-25)
carried-forward  843302031871210 c0  → https://pub-893b4a6a607b4221a894bf861da7914e.r2.dev/843302031871210.mp4
uploaded         1017566583940563 c0  (video) ← 1017566583940563.mp4  → https://pub-893b4a6a607b4221a894bf861da7914e.r2.dev/1017566583940563.mp4
video-missing    1017566583940563 c0  (expected file not found in facebook/videos/ewa-2026-06-25)
video-missing    1017566583940563 c0  (expected file not found in facebook/videos/ewa-2026-06-25)
video-missing    1017566583940563 c0  (expected file not found in facebook/videos/ewa-2026-06-25)
video-missing    1017566583940563 c0  (expected file not found in facebook/videos/ewa-2026-06-25)
image-pending    2228946337873289 c0  (HANDOVER §8.5 — image handling not yet built)
image-pending    2228946337873289 c0  (HANDOVER §8.5 — image handling not yet built)
uploaded         762506523586494 c0  (video) ← 762506523586494.mp4  → https://pub-893b4a6a607b4221a894bf861da7914e.r2.dev/762506523586494.mp4
video-missing    762506523586494 c0  (expected file not found in facebook/videos/ewa-2026-06-25)
uploaded         988961137444502 c0  (video) ← 988961137444502.mp4  → https://pub-893b4a6a607b4221a894bf861da7914e.r2.dev/988961137444502.mp4
uploaded         1026032933318439 c0  (video) ← 1026032933318439.mp4  → https://pub-893b4a6a607b4221a894bf861da7914e.r2.dev/1026032933318439.mp4
uploaded         1558761892576146 c0  (video) ← 1558761892576146.mp4  → https://pub-893b4a6a607b4221a894bf861da7914e.r2.dev/1558761892576146.mp4
image-pending    908190722286495 c0  (HANDOVER §8.5 — image handling not yet built)
image-pending    908190722286495 c0  (HANDOVER §8.5 — image handling not yet built)
uploaded         2097812848283515 c0  (video) ← 2097812848283515.mp4  → https://pub-893b4a6a607b4221a894bf861da7914e.r2.dev/2097812848283515.mp4
carried-forward  2123400608391675 c0  → https://pub-893b4a6a607b4221a894bf861da7914e.r2.dev/2123400608391675.mp4
image-pending    1653942292577544 c0  (HANDOVER §8.5 — image handling not yet built)
image-pending    1653942292577544 c0  (HANDOVER §8.5 — image handling not yet built)
image-pending    1653942292577544 c0  (HANDOVER §8.5 — image handling not yet built)
image-pending    1653942292577544 c0  (HANDOVER §8.5 — image handling not yet built)
uploaded         880229471791107 c0  (video) ← 880229471791107.mp4  → https://pub-893b4a6a607b4221a894bf861da7914e.r2.dev/880229471791107.mp4
image-pending    977264178273383 c0  (HANDOVER §8.5 — image handling not yet built)
carried-forward  1666143427953679 c0  → https://pub-893b4a6a607b4221a894bf861da7914e.r2.dev/1666143427953679.mp4
image-pending    1903497593656579 c0  (HANDOVER §8.5 — image handling not yet built)
image-pending    1573018037498428 c0  (HANDOVER §8.5 — image handling not yet built)
carried-forward  1977070749840969 c0  → https://pub-893b4a6a607b4221a894bf861da7914e.r2.dev/1977070749840969.mp4
image-pending    3179895779064998 c0  (HANDOVER §8.5 — image handling not yet built)
carried-forward  1583000296767072 c0  → https://pub-893b4a6a607b4221a894bf861da7914e.r2.dev/1583000296767072.mp4
uploaded         1598639358932011 c0  (video) ← 1598639358932011.mp4  → https://pub-893b4a6a607b4221a894bf861da7914e.r2.dev/1598639358932011.mp4
uploaded         1605755751115147 c0  (video) ← 1605755751115147.mp4  → https://pub-893b4a6a607b4221a894bf861da7914e.r2.dev/1605755751115147.mp4
uploaded         3216352798552413 c0  (video) ← 3216352798552413.mp4  → https://pub-893b4a6a607b4221a894bf861da7914e.r2.dev/3216352798552413.mp4
carried-forward  4301230843484247 c0  → https://pub-893b4a6a607b4221a894bf861da7914e.r2.dev/4301230843484247.mp4
image-pending    997014939837086 c0  (HANDOVER §8.5 — image handling not yet built)
carried-forward  1249646020424231 c0  → https://pub-893b4a6a607b4221a894bf861da7914e.r2.dev/1249646020424231.mp4
image-pending    1589171409553136 c0  (HANDOVER §8.5 — image handling not yet built)
image-pending    1589171409553136 c0  (HANDOVER §8.5 — image handling not yet built)
image-pending    1671311527496066 c0  (HANDOVER §8.5 — image handling not yet built)
image-pending    1747099009984423 c0  (HANDOVER §8.5 — image handling not yet built)
image-pending    2278223622981497 c0  (HANDOVER §8.5 — image handling not yet built)
image-pending    2278223622981497 c0  (HANDOVER §8.5 — image handling not yet built)
uploaded         987578364170286 c0  (video) ← 987578364170286.mp4  → https://pub-893b4a6a607b4221a894bf861da7914e.r2.dev/987578364170286.mp4
image-pending    1337267478509337 c0  (HANDOVER §8.5 — image handling not yet built)
uploaded         1039979878686307 c0  (video) ← 1039979878686307.mp4  → https://pub-893b4a6a607b4221a894bf861da7914e.r2.dev/1039979878686307.mp4
image-pending    2149783492252435 c0  (HANDOVER §8.5 — image handling not yet built)
image-pending    2149783492252435 c0  (HANDOVER §8.5 — image handling not yet built)
uploaded         27833544659585538 c0  (video) ← 27833544659585538.mp4  → https://pub-893b4a6a607b4221a894bf861da7914e.r2.dev/27833544659585538.mp4
image-pending    1513860570481343 c0  (HANDOVER §8.5 — image handling not yet built)
image-pending    2805861563112392 c0  (HANDOVER §8.5 — image handling not yet built)
image-pending    1028825302976612 c0  (HANDOVER §8.5 — image handling not yet built)
image-pending    1028825302976612 c0  (HANDOVER §8.5 — image handling not yet built)
uploaded         1256580136401882 c0  (video) ← 1256580136401882.mp4  → https://pub-893b4a6a607b4221a894bf861da7914e.r2.dev/1256580136401882.mp4
uploaded         1551104253199427 c0  (video) ← 1551104253199427.mp4  → https://pub-893b4a6a607b4221a894bf861da7914e.r2.dev/1551104253199427.mp4
image-pending    1635814807481787 c0  (HANDOVER §8.5 — image handling not yet built)
image-pending    1635814807481787 c0  (HANDOVER §8.5 — image handling not yet built)
uploaded         3947285155408069 c0  (video) ← 3947285155408069.mp4  → https://pub-893b4a6a607b4221a894bf861da7914e.r2.dev/3947285155408069.mp4
video-missing    3947285155408069 c0  (expected file not found in facebook/videos/ewa-2026-06-25)
image-pending    27077507575204788 c0  (HANDOVER §8.5 — image handling not yet built)
image-pending    27077507575204788 c0  (HANDOVER §8.5 — image handling not yet built)
image-pending    27077507575204788 c0  (HANDOVER §8.5 — image handling not yet built)
carried-forward  28206828018907978 c0  → https://pub-893b4a6a607b4221a894bf861da7914e.r2.dev/28206828018907978.mp4
uploaded         883841807480308 c0  (video) ← 883841807480308.mp4  → https://pub-893b4a6a607b4221a894bf861da7914e.r2.dev/883841807480308.mp4
video-missing    883841807480308 c0  (expected file not found in facebook/videos/ewa-2026-06-25)
video-missing    883841807480308 c0  (expected file not found in facebook/videos/ewa-2026-06-25)
image-pending    1554804916375149 c0  (HANDOVER §8.5 — image handling not yet built)
image-pending    1811434656899647 c0  (HANDOVER §8.5 — image handling not yet built)
image-pending    940415705718640 c0  (HANDOVER §8.5 — image handling not yet built)
uploaded         1329019125400774 c0  (video) ← 1329019125400774.mp4  → https://pub-893b4a6a607b4221a894bf861da7914e.r2.dev/1329019125400774.mp4
image-pending    1540252577229174 c0  (HANDOVER §8.5 — image handling not yet built)
carried-forward  2003579183863096 c0  → https://pub-893b4a6a607b4221a894bf861da7914e.r2.dev/2003579183863096.mp4
video-missing    2003579183863096 c0  (expected file not found in facebook/videos/ewa-2026-06-25)
video-missing    2003579183863096 c0  (expected file not found in facebook/videos/ewa-2026-06-25)
video-missing    2003579183863096 c0  (expected file not found in facebook/videos/ewa-2026-06-25)
video-missing    2003579183863096 c0  (expected file not found in facebook/videos/ewa-2026-06-25)
image-pending    1007888428815728 c0  (HANDOVER §8.5 — image handling not yet built)
uploaded         4310778049187712 c0  (video) ← 4310778049187712.mp4  → https://pub-893b4a6a607b4221a894bf861da7914e.r2.dev/4310778049187712.mp4
video-missing    4310778049187712 c0  (expected file not found in facebook/videos/ewa-2026-06-25)
image-pending    1807388686730090 c0  (HANDOVER §8.5 — image handling not yet built)
image-pending    1807388686730090 c0  (HANDOVER §8.5 — image handling not yet built)
image-pending    1885082705781941 c0  (HANDOVER §8.5 — image handling not yet built)
image-pending    1885082705781941 c0  (HANDOVER §8.5 — image handling not yet built)
image-pending    1172843361672123 c0  (HANDOVER §8.5 — image handling not yet built)
image-pending    2103188550228780 c0  (HANDOVER §8.5 — image handling not yet built)
carried-forward  779776658463118 c0  → https://pub-893b4a6a607b4221a894bf861da7914e.r2.dev/779776658463118.mp4
video-missing    779776658463118 c0  (expected file not found in facebook/videos/ewa-2026-06-25)
video-missing    779776658463118 c0  (expected file not found in facebook/videos/ewa-2026-06-25)
image-pending    1018972610505286 c0  (HANDOVER §8.5 — image handling not yet built)
uploaded         2171442196986842 c0  (video) ← 2171442196986842.mp4  → https://pub-893b4a6a607b4221a894bf861da7914e.r2.dev/2171442196986842.mp4
carried-forward  2216146602567783 c0  → https://pub-893b4a6a607b4221a894bf861da7914e.r2.dev/2216146602567783.mp4
image-pending    3088187024904984 c0  (HANDOVER §8.5 — image handling not yet built)
image-pending    3088187024904984 c0  (HANDOVER §8.5 — image handling not yet built)
image-pending    1321794506815475 c0  (HANDOVER §8.5 — image handling not yet built)
carried-forward  1511453474106888 c0  → https://pub-893b4a6a607b4221a894bf861da7914e.r2.dev/1511453474106888.mp4
video-missing    1511453474106888 c0  (expected file not found in facebook/videos/ewa-2026-06-25)
video-missing    1511453474106888 c0  (expected file not found in facebook/videos/ewa-2026-06-25)
video-missing    1511453474106888 c0  (expected file not found in facebook/videos/ewa-2026-06-25)
video-missing    1511453474106888 c0  (expected file not found in facebook/videos/ewa-2026-06-25)
image-pending    27699028329788127 c0  (HANDOVER §8.5 — image handling not yet built)
image-pending    27699028329788127 c0  (HANDOVER §8.5 — image handling not yet built)
image-pending    27699028329788127 c0  (HANDOVER §8.5 — image handling not yet built)
uploaded         1268356881828550 c0  (video) ← 1268356881828550.mp4  → https://pub-893b4a6a607b4221a894bf861da7914e.r2.dev/1268356881828550.mp4
uploaded         1366896358621214 c0  (video) ← 1366896358621214.mp4  → https://pub-893b4a6a607b4221a894bf861da7914e.r2.dev/1366896358621214.mp4
image-pending    1677110880180930 c0  (HANDOVER §8.5 — image handling not yet built)
image-pending    1677110880180930 c0  (HANDOVER §8.5 — image handling not yet built)
uploaded         1733376581410383 c0  (video) ← 1733376581410383.mp4  → https://pub-893b4a6a607b4221a894bf861da7914e.r2.dev/1733376581410383.mp4
video-missing    1733376581410383 c0  (expected file not found in facebook/videos/ewa-2026-06-25)
video-missing    1733376581410383 c0  (expected file not found in facebook/videos/ewa-2026-06-25)
carried-forward  4378485519097928 c0  → https://pub-893b4a6a607b4221a894bf861da7914e.r2.dev/4378485519097928.mp4
video-missing    4378485519097928 c0  (expected file not found in facebook/videos/ewa-2026-06-25)
video-missing    4378485519097928 c0  (expected file not found in facebook/videos/ewa-2026-06-25)
video-missing    4378485519097928 c0  (expected file not found in facebook/videos/ewa-2026-06-25)
carried-forward  1020110623884766 c0  → https://pub-893b4a6a607b4221a894bf861da7914e.r2.dev/1020110623884766.mp4
video-missing    1020110623884766 c0  (expected file not found in facebook/videos/ewa-2026-06-25)
video-missing    1020110623884766 c0  (expected file not found in facebook/videos/ewa-2026-06-25)
video-missing    1020110623884766 c0  (expected file not found in facebook/videos/ewa-2026-06-25)
video-missing    1020110623884766 c0  (expected file not found in facebook/videos/ewa-2026-06-25)
image-pending    1349306913739809 c0  (HANDOVER §8.5 — image handling not yet built)
image-pending    987808617469391 c0  (HANDOVER §8.5 — image handling not yet built)
image-pending    1566287345194075 c0  (HANDOVER §8.5 — image handling not yet built)
uploaded         2325713281169685 c0  (video) ← 2325713281169685.mp4  → https://pub-893b4a6a607b4221a894bf861da7914e.r2.dev/2325713281169685.mp4
uploaded         4216994828551667 c0  (video) ← 4216994828551667.mp4  → https://pub-893b4a6a607b4221a894bf861da7914e.r2.dev/4216994828551667.mp4
image-pending    1544458527374818 c0  (HANDOVER §8.5 — image handling not yet built)
uploaded         1563559412058298 c0  (video) ← 1563559412058298.mp4  → https://pub-893b4a6a607b4221a894bf861da7914e.r2.dev/1563559412058298.mp4
uploaded         2461555554328016 c0  (video) ← 2461555554328016.mp4  → https://pub-893b4a6a607b4221a894bf861da7914e.r2.dev/2461555554328016.mp4
uploaded         2483760772105018 c0  (video) ← 2483760772105018.mp4  → https://pub-893b4a6a607b4221a894bf861da7914e.r2.dev/2483760772105018.mp4
image-pending    4513026629020788 c0  (HANDOVER §8.5 — image handling not yet built)
uploaded         899334105810875 c0  (video) ← 899334105810875.mp4  → https://pub-893b4a6a607b4221a894bf861da7914e.r2.dev/899334105810875.mp4
uploaded         977401311793750 c0  (video) ← 977401311793750.mp4  → https://pub-893b4a6a607b4221a894bf861da7914e.r2.dev/977401311793750.mp4
uploaded         1602211594778107 c0  (video) ← 1602211594778107.mp4  → https://pub-893b4a6a607b4221a894bf861da7914e.r2.dev/1602211594778107.mp4
video-missing    1602211594778107 c0  (expected file not found in facebook/videos/ewa-2026-06-25)
image-pending    943235765429345 c0  (HANDOVER §8.5 — image handling not yet built)
uploaded         981542304873894 c0  (video) ← 981542304873894.mp4  → https://pub-893b4a6a607b4221a894bf861da7914e.r2.dev/981542304873894.mp4
video-missing    981542304873894 c0  (expected file not found in facebook/videos/ewa-2026-06-25)
video-missing    981542304873894 c0  (expected file not found in facebook/videos/ewa-2026-06-25)
image-pending    982238574782245 c0  (HANDOVER §8.5 — image handling not yet built)
image-pending    2140918923119782 c0  (HANDOVER §8.5 — image handling not yet built)
image-pending    1047889694522251 c0  (HANDOVER §8.5 — image handling not yet built)
uploaded         2084908265453892 c0  (video) ← 2084908265453892.mp4  → https://pub-893b4a6a607b4221a894bf861da7914e.r2.dev/2084908265453892.mp4
video-missing    2084908265453892 c0  (expected file not found in facebook/videos/ewa-2026-06-25)
video-missing    2084908265453892 c0  (expected file not found in facebook/videos/ewa-2026-06-25)
image-pending    3554679684690075 c0  (HANDOVER §8.5 — image handling not yet built)
image-pending    3598507533634244 c0  (HANDOVER §8.5 — image handling not yet built)
uploaded         1691766145436484 c0  (video) ← 1691766145436484.mp4  → https://pub-893b4a6a607b4221a894bf861da7914e.r2.dev/1691766145436484.mp4
uploaded         1752156706149970 c0  (video) ← 1752156706149970.mp4  → https://pub-893b4a6a607b4221a894bf861da7914e.r2.dev/1752156706149970.mp4
carried-forward  1904838010213805 c0  → https://pub-893b4a6a607b4221a894bf861da7914e.r2.dev/1904838010213805.mp4
uploaded         869115816249053 c0  (video) ← 869115816249053.mp4  → https://pub-893b4a6a607b4221a894bf861da7914e.r2.dev/869115816249053.mp4
video-missing    869115816249053 c0  (expected file not found in facebook/videos/ewa-2026-06-25)
image-pending    1491071982155640 c0  (HANDOVER §8.5 — image handling not yet built)
carried-forward  1535934778085481 c0  → https://pub-893b4a6a607b4221a894bf861da7914e.r2.dev/1535934778085481.mp4
uploaded         1722392812230965 c0  (video) ← 1722392812230965.mp4  → https://pub-893b4a6a607b4221a894bf861da7914e.r2.dev/1722392812230965.mp4
image-pending    2491565624600891 c0  (HANDOVER §8.5 — image handling not yet built)
uploaded         2098400414389000 c0  (video) ← 2098400414389000.mp4  → https://pub-893b4a6a607b4221a894bf861da7914e.r2.dev/2098400414389000.mp4
image-pending    1513699976909459 c0  (HANDOVER §8.5 — image handling not yet built)
image-pending    1513699976909459 c0  (HANDOVER §8.5 — image handling not yet built)
image-pending    1011448364583617 c0  (HANDOVER §8.5 — image handling not yet built)
carried-forward  1481960429917806 c0  → https://pub-893b4a6a607b4221a894bf861da7914e.r2.dev/1481960429917806.mp4
uploaded         1543807727222579 c0  (video) ← 1543807727222579.mp4  → https://pub-893b4a6a607b4221a894bf861da7914e.r2.dev/1543807727222579.mp4
image-pending    1674655403641458 c0  (HANDOVER §8.5 — image handling not yet built)
uploaded         1883145999033661 c0  (video) ← 1883145999033661.mp4  → https://pub-893b4a6a607b4221a894bf861da7914e.r2.dev/1883145999033661.mp4
uploaded         998060459624452 c0  (video) ← 998060459624452.mp4  → https://pub-893b4a6a607b4221a894bf861da7914e.r2.dev/998060459624452.mp4
image-pending    1012157151219461 c0  (HANDOVER §8.5 — image handling not yet built)
image-pending    1012157151219461 c0  (HANDOVER §8.5 — image handling not yet built)
image-pending    1012157151219461 c0  (HANDOVER §8.5 — image handling not yet built)
image-pending    1012157151219461 c0  (HANDOVER §8.5 — image handling not yet built)
image-pending    1012157151219461 c0  (HANDOVER §8.5 — image handling not yet built)
uploaded         1329160445394618 c0  (video) ← 1329160445394618.mp4  → https://pub-893b4a6a607b4221a894bf861da7914e.r2.dev/1329160445394618.mp4
image-pending    2061512358106665 c0  (HANDOVER §8.5 — image handling not yet built)
image-pending    2088785318681282 c0  (HANDOVER §8.5 — image handling not yet built)
carried-forward  2516955515409772 c0  → https://pub-893b4a6a607b4221a894bf861da7914e.r2.dev/2516955515409772.mp4
image-pending    3866165790345053 c0  (HANDOVER §8.5 — image handling not yet built)
image-pending    4419370504942962 c0  (HANDOVER §8.5 — image handling not yet built)
image-pending    1036225962174784 c0  (HANDOVER §8.5 — image handling not yet built)
image-pending    1036225962174784 c0  (HANDOVER §8.5 — image handling not yet built)
image-pending    1377596427897496 c0  (HANDOVER §8.5 — image handling not yet built)
image-pending    1377596427897496 c0  (HANDOVER §8.5 — image handling not yet built)
image-pending    1009924325295279 c0  (HANDOVER §8.5 — image handling not yet built)
carried-forward  1261074502593126 c0  → https://pub-893b4a6a607b4221a894bf861da7914e.r2.dev/1261074502593126.mp4
image-pending    1823390505304775 c0  (HANDOVER §8.5 — image handling not yet built)
image-pending    2015412532435051 c0  (HANDOVER §8.5 — image handling not yet built)
image-pending    4530252020627261 c0  (HANDOVER §8.5 — image handling not yet built)
image-pending    1208552074679125 c0  (HANDOVER §8.5 — image handling not yet built)
uploaded         1667231785406580 c0  (video) ← 1667231785406580.mp4  → https://pub-893b4a6a607b4221a894bf861da7914e.r2.dev/1667231785406580.mp4
image-pending    1679306157155388 c0  (HANDOVER §8.5 — image handling not yet built)
carried-forward  4456799067864841 c0  → https://pub-893b4a6a607b4221a894bf861da7914e.r2.dev/4456799067864841.mp4
video-missing    4456799067864841 c0  (expected file not found in facebook/videos/ewa-2026-06-25)
image-pending    27273946848936359 c0  (HANDOVER §8.5 — image handling not yet built)
image-pending    27273946848936359 c0  (HANDOVER §8.5 — image handling not yet built)
image-pending    1241754102345571 c0  (HANDOVER §8.5 — image handling not yet built)
image-pending    1241754102345571 c0  (HANDOVER §8.5 — image handling not yet built)
image-pending    1241754102345571 c0  (HANDOVER §8.5 — image handling not yet built)
uploaded         1634816144245277 c0  (video) ← 1634816144245277.mp4  → https://pub-893b4a6a607b4221a894bf861da7914e.r2.dev/1634816144245277.mp4
carried-forward  1713361243239383 c0  → https://pub-893b4a6a607b4221a894bf861da7914e.r2.dev/1713361243239383.mp4
uploaded         1957883578214997 c0  (video) ← 1957883578214997.mp4  → https://pub-893b4a6a607b4221a894bf861da7914e.r2.dev/1957883578214997.mp4
video-missing    1957883578214997 c0  (expected file not found in facebook/videos/ewa-2026-06-25)
image-pending    2552884598482867 c0  (HANDOVER §8.5 — image handling not yet built)
uploaded         2896248067377936 c0  (video) ← 2896248067377936.mp4  → https://pub-893b4a6a607b4221a894bf861da7914e.r2.dev/2896248067377936.mp4
uploaded         1243650194384590 c0  (video) ← 1243650194384590.mp4  → https://pub-893b4a6a607b4221a894bf861da7914e.r2.dev/1243650194384590.mp4
image-pending    1516517386820307 c0  (HANDOVER §8.5 — image handling not yet built)
image-pending    1665314054590425 c0  (HANDOVER §8.5 — image handling not yet built)
image-pending    1696226668175981 c0  (HANDOVER §8.5 — image handling not yet built)
carried-forward  1893687687963381 c0  → https://pub-893b4a6a607b4221a894bf861da7914e.r2.dev/1893687687963381.mp4
image-pending    3042412435952769 c0  (HANDOVER §8.5 — image handling not yet built)
image-pending    3042412435952769 c0  (HANDOVER §8.5 — image handling not yet built)
image-pending    1340738630723660 c0  (HANDOVER §8.5 — image handling not yet built)
carried-forward  1528857905364411 c0  → https://pub-893b4a6a607b4221a894bf861da7914e.r2.dev/1528857905364411.mp4
video-missing    1528857905364411 c0  (expected file not found in facebook/videos/ewa-2026-06-25)
video-missing    1528857905364411 c0  (expected file not found in facebook/videos/ewa-2026-06-25)
video-missing    1528857905364411 c0  (expected file not found in facebook/videos/ewa-2026-06-25)
image-pending    2105169893713664 c0  (HANDOVER §8.5 — image handling not yet built)
image-pending    2105169893713664 c0  (HANDOVER §8.5 — image handling not yet built)
image-pending    2177118113129430 c0  (HANDOVER §8.5 — image handling not yet built)
image-pending    998336936125136 c0  (HANDOVER §8.5 — image handling not yet built)
carried-forward  1541476450652131 c0  → https://pub-893b4a6a607b4221a894bf861da7914e.r2.dev/1541476450652131.mp4
carried-forward  1744773910036409 c0  → https://pub-893b4a6a607b4221a894bf861da7914e.r2.dev/1744773910036409.mp4
video-missing    1744773910036409 c0  (expected file not found in facebook/videos/ewa-2026-06-25)
image-pending    1287036206538067 c0  (HANDOVER §8.5 — image handling not yet built)
image-pending    1566101241774302 c0  (HANDOVER §8.5 — image handling not yet built)
image-pending    2806259896414612 c0  (HANDOVER §8.5 — image handling not yet built)
uploaded         2806865583005280 c0  (video) ← 2806865583005280.mp4  → https://pub-893b4a6a607b4221a894bf861da7914e.r2.dev/2806865583005280.mp4
uploaded         762372030273217 c0  (video) ← 762372030273217.mp4  → https://pub-893b4a6a607b4221a894bf861da7914e.r2.dev/762372030273217.mp4
uploaded         2032002694369624 c0  (video) ← 2032002694369624.mp4  → https://pub-893b4a6a607b4221a894bf861da7914e.r2.dev/2032002694369624.mp4
video-missing    2032002694369624 c0  (expected file not found in facebook/videos/ewa-2026-06-25)
uploaded         3556737784483318 c0  (video) ← 3556737784483318.mp4  → https://pub-893b4a6a607b4221a894bf861da7914e.r2.dev/3556737784483318.mp4
video-missing    3556737784483318 c0  (expected file not found in facebook/videos/ewa-2026-06-25)
uploaded         906576709123512 c0  (video) ← 906576709123512.mp4  → https://pub-893b4a6a607b4221a894bf861da7914e.r2.dev/906576709123512.mp4
uploaded         906805492451252 c0  (video) ← 906805492451252.mp4  → https://pub-893b4a6a607b4221a894bf861da7914e.r2.dev/906805492451252.mp4
image-pending    993606726897142 c0  (HANDOVER §8.5 — image handling not yet built)
image-pending    1008412961928989 c0  (HANDOVER §8.5 — image handling not yet built)
image-pending    1348011890622281 c0  (HANDOVER §8.5 — image handling not yet built)
image-pending    1348011890622281 c0  (HANDOVER §8.5 — image handling not yet built)
image-pending    1348011890622281 c0  (HANDOVER §8.5 — image handling not yet built)
uploaded         4234376186811702 c0  (video) ← 4234376186811702.mp4  → https://pub-893b4a6a607b4221a894bf861da7914e.r2.dev/4234376186811702.mp4
video-missing    4234376186811702 c0  (expected file not found in facebook/videos/ewa-2026-06-25)
carried-forward  882175634255982 c0  → https://pub-893b4a6a607b4221a894bf861da7914e.r2.dev/882175634255982.mp4
uploaded         988513190612241 c0  (video) ← 988513190612241.mp4  → https://pub-893b4a6a607b4221a894bf861da7914e.r2.dev/988513190612241.mp4
image-pending    1019992460386521 c0  (HANDOVER §8.5 — image handling not yet built)
image-pending    1019992460386521 c0  (HANDOVER §8.5 — image handling not yet built)
uploaded         1429768645844278 c0  (video) ← 1429768645844278.mp4  → https://pub-893b4a6a607b4221a894bf861da7914e.r2.dev/1429768645844278.mp4
video-missing    1429768645844278 c0  (expected file not found in facebook/videos/ewa-2026-06-25)
image-pending    1545440670643932 c0  (HANDOVER §8.5 — image handling not yet built)
image-pending    1724801065522602 c0  (HANDOVER §8.5 — image handling not yet built)
uploaded         2209762976443187 c0  (video) ← 2209762976443187.mp4  → https://pub-893b4a6a607b4221a894bf861da7914e.r2.dev/2209762976443187.mp4
carried-forward  2547999942284965 c0  → https://pub-893b4a6a607b4221a894bf861da7914e.r2.dev/2547999942284965.mp4
video-missing    2547999942284965 c0  (expected file not found in facebook/videos/ewa-2026-06-25)
video-missing    2547999942284965 c0  (expected file not found in facebook/videos/ewa-2026-06-25)
video-missing    2547999942284965 c0  (expected file not found in facebook/videos/ewa-2026-06-25)
uploaded         1326525452307126 c0  (video) ← 1326525452307126.mp4  → https://pub-893b4a6a607b4221a894bf861da7914e.r2.dev/1326525452307126.mp4
uploaded         1787686155727400 c0  (video) ← 1787686155727400.mp4  → https://pub-893b4a6a607b4221a894bf861da7914e.r2.dev/1787686155727400.mp4
image-pending    1895642584437893 c0  (HANDOVER §8.5 — image handling not yet built)
image-pending    2009036933311954 c0  (HANDOVER §8.5 — image handling not yet built)
uploaded         2112134083042569 c0  (video) ← 2112134083042569.mp4  → https://pub-893b4a6a607b4221a894bf861da7914e.r2.dev/2112134083042569.mp4
uploaded         2372544859892853 c0  (video) ← 2372544859892853.mp4  → https://pub-893b4a6a607b4221a894bf861da7914e.r2.dev/2372544859892853.mp4
uploaded         968952132847333 c0  (video) ← 968952132847333.mp4  → https://pub-893b4a6a607b4221a894bf861da7914e.r2.dev/968952132847333.mp4
uploaded         1033734742449915 c0  (video) ← 1033734742449915.mp4  → https://pub-893b4a6a607b4221a894bf861da7914e.r2.dev/1033734742449915.mp4
image-pending    1325455543047575 c0  (HANDOVER §8.5 — image handling not yet built)
image-pending    1334797132114740 c0  (HANDOVER §8.5 — image handling not yet built)
video-missing    1781322726335322 c0  (expected file not found in facebook/videos/ewa-2026-06-25)
image-pending    1878388356452593 c0  (HANDOVER §8.5 — image handling not yet built)
image-pending    2041581126438058 c0  (HANDOVER §8.5 — image handling not yet built)
image-pending    2222001291976870 c0  (HANDOVER §8.5 — image handling not yet built)
image-pending    3120244768364406 c0  (HANDOVER §8.5 — image handling not yet built)
image-pending    3120244768364406 c0  (HANDOVER §8.5 — image handling not yet built)
image-pending    852747664582814 c0  (HANDOVER §8.5 — image handling not yet built)
carried-forward  1336120594511565 c0  → https://pub-893b4a6a607b4221a894bf861da7914e.r2.dev/1336120594511565.mp4
image-pending    2042395943338144 c0  (HANDOVER §8.5 — image handling not yet built)
image-pending    1005870722160144 c0  (HANDOVER §8.5 — image handling not yet built)
image-pending    1005870722160144 c0  (HANDOVER §8.5 — image handling not yet built)
carried-forward  1010099298619932 c0  → https://pub-893b4a6a607b4221a894bf861da7914e.r2.dev/1010099298619932.mp4
image-pending    1168103398824340 c0  (HANDOVER §8.5 — image handling not yet built)
image-pending    1248212833913007 c0  (HANDOVER §8.5 — image handling not yet built)
uploaded         1702891707519585 c0  (video) ← 1702891707519585.mp4  → https://pub-893b4a6a607b4221a894bf861da7914e.r2.dev/1702891707519585.mp4
video-missing    1702891707519585 c0  (expected file not found in facebook/videos/ewa-2026-06-25)
image-pending    2243001616470614 c0  (HANDOVER §8.5 — image handling not yet built)
uploaded         1013032271127808 c0  (video) ← 1013032271127808.mp4  → https://pub-893b4a6a607b4221a894bf861da7914e.r2.dev/1013032271127808.mp4
uploaded         1366968248829034 c0  (video) ← 1366968248829034.mp4  → https://pub-893b4a6a607b4221a894bf861da7914e.r2.dev/1366968248829034.mp4
uploaded         1494852971922653 c0  (video) ← 1494852971922653.mp4  → https://pub-893b4a6a607b4221a894bf861da7914e.r2.dev/1494852971922653.mp4
video-missing    1494852971922653 c0  (expected file not found in facebook/videos/ewa-2026-06-25)
uploaded         2480736372351606 c0  (video) ← 2480736372351606.mp4  → https://pub-893b4a6a607b4221a894bf861da7914e.r2.dev/2480736372351606.mp4
image-pending    1231399292366869 c0  (HANDOVER §8.5 — image handling not yet built)
uploaded         1323301146642094 c0  (video) ← 1323301146642094.mp4  → https://pub-893b4a6a607b4221a894bf861da7914e.r2.dev/1323301146642094.mp4
uploaded         1630070294738516 c0  (video) ← 1630070294738516.mp4  → https://pub-893b4a6a607b4221a894bf861da7914e.r2.dev/1630070294738516.mp4
image-pending    1739380497242895 c0  (HANDOVER §8.5 — image handling not yet built)
uploaded         1953404045366380 c0  (video) ← 1953404045366380.mp4  → https://pub-893b4a6a607b4221a894bf861da7914e.r2.dev/1953404045366380.mp4
uploaded         1033719039327048 c0  (video) ← 1033719039327048.mp4  → https://pub-893b4a6a607b4221a894bf861da7914e.r2.dev/1033719039327048.mp4
image-pending    1035908196049394 c0  (HANDOVER §8.5 — image handling not yet built)
uploaded         1298990608888154 c0  (video) ← 1298990608888154.mp4  → https://pub-893b4a6a607b4221a894bf861da7914e.r2.dev/1298990608888154.mp4
uploaded         1317213703924443 c0  (video) ← 1317213703924443.mp4  → https://pub-893b4a6a607b4221a894bf861da7914e.r2.dev/1317213703924443.mp4
video-missing    1317213703924443 c0  (expected file not found in facebook/videos/ewa-2026-06-25)
uploaded         1322515076740786 c0  (video) ← 1322515076740786.mp4  → https://pub-893b4a6a607b4221a894bf861da7914e.r2.dev/1322515076740786.mp4
video-missing    1357080769701563 c0  (expected file not found in facebook/videos/ewa-2026-06-25)
uploaded         1375826641102285 c0  (video) ← 1375826641102285.mp4  → https://pub-893b4a6a607b4221a894bf861da7914e.r2.dev/1375826641102285.mp4
uploaded         1569123784721744 c0  (video) ← 1569123784721744.mp4  → https://pub-893b4a6a607b4221a894bf861da7914e.r2.dev/1569123784721744.mp4
uploaded         1624385141996505 c0  (video) ← 1624385141996505.mp4  → https://pub-893b4a6a607b4221a894bf861da7914e.r2.dev/1624385141996505.mp4
image-pending    1656188885464235 c0  (HANDOVER §8.5 — image handling not yet built)
uploaded         1751572556001000 c0  (video) ← 1751572556001000.mp4  → https://pub-893b4a6a607b4221a894bf861da7914e.r2.dev/1751572556001000.mp4
uploaded         1756225638678935 c0  (video) ← 1756225638678935.mp4  → https://pub-893b4a6a607b4221a894bf861da7914e.r2.dev/1756225638678935.mp4
uploaded         2245068222929201 c0  (video) ← 2245068222929201.mp4  → https://pub-893b4a6a607b4221a894bf861da7914e.r2.dev/2245068222929201.mp4
image-pending    882846754251248 c0  (HANDOVER §8.5 — image handling not yet built)
carried-forward  1004043775541500 c0  → https://pub-893b4a6a607b4221a894bf861da7914e.r2.dev/1004043775541500.mp4
uploaded         1014766674779686 c0  (video) ← 1014766674779686.mp4  → https://pub-893b4a6a607b4221a894bf861da7914e.r2.dev/1014766674779686.mp4
uploaded         1025072776564018 c0  (video) ← 1025072776564018.mp4  → https://pub-893b4a6a607b4221a894bf861da7914e.r2.dev/1025072776564018.mp4
image-pending    1100206125670419 c0  (HANDOVER §8.5 — image handling not yet built)
uploaded         1332174272459531 c0  (video) ← 1332174272459531.mp4  → https://pub-893b4a6a607b4221a894bf861da7914e.r2.dev/1332174272459531.mp4
uploaded         1334204138808825 c0  (video) ← 1334204138808825.mp4  → https://pub-893b4a6a607b4221a894bf861da7914e.r2.dev/1334204138808825.mp4
uploaded         1511561417373850 c0  (video) ← 1511561417373850.mp4  → https://pub-893b4a6a607b4221a894bf861da7914e.r2.dev/1511561417373850.mp4
uploaded         1743448229982030 c0  (video) ← 1743448229982030.mp4  → https://pub-893b4a6a607b4221a894bf861da7914e.r2.dev/1743448229982030.mp4
video-missing    1970582136994018 c0  (expected file not found in facebook/videos/ewa-2026-06-25)
uploaded         4528636544023175 c0  (video) ← 4528636544023175.mp4  → https://pub-893b4a6a607b4221a894bf861da7914e.r2.dev/4528636544023175.mp4
