# Step 3 run log
# competitor : ewa
# started_at : 2026-06-15T06:52:19
# input      : facebook/inputs/fb-ads-ewa-2026-06-15-0622.csv
# videos     : facebook/videos/ewa-2026-06-15
# master     : facebook/master/ewa.csv  (updated)
# enriched   : facebook/inputs/fb-ads-ewa-2026-06-15-0622_enriched.csv
# bucket     : video-ads
# public_base: https://dcfd27564ef899969db9a562c7e1945f.r2.cloudflarestorage.com
# dry_run    : False
#
# counts     : {'uploaded': 140, 'carried-forward': 364, 'image-pending': 1085, 'video-missing': 632, 'no-creative': 0, 'error': 0}
#
image-pending    1519613872889980 c0  (HANDOVER §8.5 — image handling not yet built)
image-pending    1519613872889980 c0  (HANDOVER §8.5 — image handling not yet built)
image-pending    1519613872889980 c0  (HANDOVER §8.5 — image handling not yet built)
image-pending    1519613872889980 c0  (HANDOVER §8.5 — image handling not yet built)
image-pending    1519613872889980 c0  (HANDOVER §8.5 — image handling not yet built)
carried-forward  35692433970401655 c0  → https://pub-893b4a6a607b4221a894bf861da7914e.r2.dev/35692433970401655.mp4
carried-forward  2058252614759016 c0  → https://pub-893b4a6a607b4221a894bf861da7914e.r2.dev/2058252614759016.mp4
carried-forward  1645953743338925 c0  → https://pub-893b4a6a607b4221a894bf861da7914e.r2.dev/1645953743338925.jpg
image-pending    994760606773075 c0  (HANDOVER §8.5 — image handling not yet built)
image-pending    994760606773075 c0  (HANDOVER §8.5 — image handling not yet built)
image-pending    994760606773075 c0  (HANDOVER §8.5 — image handling not yet built)
image-pending    994760606773075 c0  (HANDOVER §8.5 — image handling not yet built)
image-pending    994760606773075 c0  (HANDOVER §8.5 — image handling not yet built)
image-pending    994760606773075 c0  (HANDOVER §8.5 — image handling not yet built)
carried-forward  2136362423886748 c0  → https://pub-893b4a6a607b4221a894bf861da7914e.r2.dev/2136362423886748.jpg
carried-forward  1536513561235052 c0  → https://pub-893b4a6a607b4221a894bf861da7914e.r2.dev/1536513561235052.jpg
carried-forward  1499522691871814 c0  → https://pub-893b4a6a607b4221a894bf861da7914e.r2.dev/1499522691871814.jpg
image-pending    1306267591684899 c0  (HANDOVER §8.5 — image handling not yet built)
image-pending    1306267591684899 c0  (HANDOVER §8.5 — image handling not yet built)
image-pending    1306267591684899 c0  (HANDOVER §8.5 — image handling not yet built)
carried-forward  1866814417349033 c0  → https://pub-893b4a6a607b4221a894bf861da7914e.r2.dev/1866814417349033.jpg
image-pending    1866814417349033 c0  (HANDOVER §8.5 — image handling not yet built)
image-pending    1866814417349033 c0  (HANDOVER §8.5 — image handling not yet built)
carried-forward  2277788519415498 c0  → https://pub-893b4a6a607b4221a894bf861da7914e.r2.dev/2277788519415498.mp4
image-pending    1304155555246846 c0  (HANDOVER §8.5 — image handling not yet built)
image-pending    1304155555246846 c0  (HANDOVER §8.5 — image handling not yet built)
image-pending    1304155555246846 c0  (HANDOVER §8.5 — image handling not yet built)
image-pending    1304155555246846 c0  (HANDOVER §8.5 — image handling not yet built)
image-pending    1304155555246846 c0  (HANDOVER §8.5 — image handling not yet built)
image-pending    1304155555246846 c0  (HANDOVER §8.5 — image handling not yet built)
image-pending    1304155555246846 c0  (HANDOVER §8.5 — image handling not yet built)
image-pending    1304155555246846 c0  (HANDOVER §8.5 — image handling not yet built)
image-pending    1304155555246846 c0  (HANDOVER §8.5 — image handling not yet built)
carried-forward  2082877685616766 c0  → https://pub-893b4a6a607b4221a894bf861da7914e.r2.dev/2082877685616766.jpg
carried-forward  1465516205323848 c0  → https://pub-893b4a6a607b4221a894bf861da7914e.r2.dev/1465516205323848.jpg
carried-forward  1273117798178140 c0  → https://pub-893b4a6a607b4221a894bf861da7914e.r2.dev/1273117798178140.jpg
image-pending    1505340341193626 c0  (HANDOVER §8.5 — image handling not yet built)
image-pending    1505340341193626 c0  (HANDOVER §8.5 — image handling not yet built)
carried-forward  1345302127494780 c0  → https://pub-893b4a6a607b4221a894bf861da7914e.r2.dev/1345302127494780.mp4
video-missing    1345302127494780 c0  (expected file not found in facebook/videos/ewa-2026-06-15)
video-missing    1345302127494780 c0  (expected file not found in facebook/videos/ewa-2026-06-15)
video-missing    1345302127494780 c0  (expected file not found in facebook/videos/ewa-2026-06-15)
video-missing    1345302127494780 c0  (expected file not found in facebook/videos/ewa-2026-06-15)
video-missing    1345302127494780 c0  (expected file not found in facebook/videos/ewa-2026-06-15)
video-missing    1345302127494780 c0  (expected file not found in facebook/videos/ewa-2026-06-15)
video-missing    1345302127494780 c0  (expected file not found in facebook/videos/ewa-2026-06-15)
video-missing    1345302127494780 c0  (expected file not found in facebook/videos/ewa-2026-06-15)
video-missing    1345302127494780 c0  (expected file not found in facebook/videos/ewa-2026-06-15)
video-missing    1345302127494780 c0  (expected file not found in facebook/videos/ewa-2026-06-15)
video-missing    1345302127494780 c0  (expected file not found in facebook/videos/ewa-2026-06-15)
video-missing    1345302127494780 c0  (expected file not found in facebook/videos/ewa-2026-06-15)
video-missing    1345302127494780 c0  (expected file not found in facebook/videos/ewa-2026-06-15)
video-missing    1345302127494780 c0  (expected file not found in facebook/videos/ewa-2026-06-15)
video-missing    1345302127494780 c0  (expected file not found in facebook/videos/ewa-2026-06-15)
video-missing    1345302127494780 c0  (expected file not found in facebook/videos/ewa-2026-06-15)
video-missing    1345302127494780 c0  (expected file not found in facebook/videos/ewa-2026-06-15)
video-missing    1345302127494780 c0  (expected file not found in facebook/videos/ewa-2026-06-15)
video-missing    1345302127494780 c0  (expected file not found in facebook/videos/ewa-2026-06-15)
video-missing    1345302127494780 c0  (expected file not found in facebook/videos/ewa-2026-06-15)
video-missing    1345302127494780 c0  (expected file not found in facebook/videos/ewa-2026-06-15)
video-missing    1345302127494780 c0  (expected file not found in facebook/videos/ewa-2026-06-15)
video-missing    1345302127494780 c0  (expected file not found in facebook/videos/ewa-2026-06-15)
video-missing    1345302127494780 c0  (expected file not found in facebook/videos/ewa-2026-06-15)
video-missing    1345302127494780 c0  (expected file not found in facebook/videos/ewa-2026-06-15)
video-missing    1345302127494780 c0  (expected file not found in facebook/videos/ewa-2026-06-15)
video-missing    1345302127494780 c0  (expected file not found in facebook/videos/ewa-2026-06-15)
video-missing    1345302127494780 c0  (expected file not found in facebook/videos/ewa-2026-06-15)
video-missing    1345302127494780 c0  (expected file not found in facebook/videos/ewa-2026-06-15)
carried-forward  1515308043623325 c0  → https://pub-893b4a6a607b4221a894bf861da7914e.r2.dev/1515308043623325.jpg
carried-forward  2050222485888477 c0  → https://pub-893b4a6a607b4221a894bf861da7914e.r2.dev/2050222485888477.mp4
video-missing    2050222485888477 c0  (expected file not found in facebook/videos/ewa-2026-06-15)
carried-forward  1939865513304659 c0  → https://pub-893b4a6a607b4221a894bf861da7914e.r2.dev/1939865513304659.jpg
carried-forward  860435503765923 c0  → https://pub-893b4a6a607b4221a894bf861da7914e.r2.dev/860435503765923.jpg
carried-forward  1017350164282391 c0  → https://pub-893b4a6a607b4221a894bf861da7914e.r2.dev/1017350164282391.jpg
image-pending    2792455144431425 c0  (HANDOVER §8.5 — image handling not yet built)
image-pending    2792455144431425 c0  (HANDOVER §8.5 — image handling not yet built)
image-pending    2792455144431425 c0  (HANDOVER §8.5 — image handling not yet built)
image-pending    2792455144431425 c0  (HANDOVER §8.5 — image handling not yet built)
image-pending    2792455144431425 c0  (HANDOVER §8.5 — image handling not yet built)
image-pending    2792455144431425 c0  (HANDOVER §8.5 — image handling not yet built)
image-pending    2792455144431425 c0  (HANDOVER §8.5 — image handling not yet built)
image-pending    2008633796433371 c0  (HANDOVER §8.5 — image handling not yet built)
image-pending    2008633796433371 c0  (HANDOVER §8.5 — image handling not yet built)
image-pending    2008633796433371 c0  (HANDOVER §8.5 — image handling not yet built)
image-pending    2008633796433371 c0  (HANDOVER §8.5 — image handling not yet built)
image-pending    2008633796433371 c0  (HANDOVER §8.5 — image handling not yet built)
image-pending    2008633796433371 c0  (HANDOVER §8.5 — image handling not yet built)
carried-forward  2728992727463723 c0  → https://pub-893b4a6a607b4221a894bf861da7914e.r2.dev/2728992727463723.mp4
carried-forward  1691669481779269 c0  → https://pub-893b4a6a607b4221a894bf861da7914e.r2.dev/1691669481779269.jpg
carried-forward  1616792946041668 c0  → https://pub-893b4a6a607b4221a894bf861da7914e.r2.dev/1616792946041668.jpg
image-pending    1616792946041668 c0  (HANDOVER §8.5 — image handling not yet built)
carried-forward  1319240440162160 c0  → https://pub-893b4a6a607b4221a894bf861da7914e.r2.dev/1319240440162160.mp4
carried-forward  970001272563498 c0  → https://pub-893b4a6a607b4221a894bf861da7914e.r2.dev/970001272563498.jpg
image-pending    970001272563498 c0  (HANDOVER §8.5 — image handling not yet built)
image-pending    970001272563498 c0  (HANDOVER §8.5 — image handling not yet built)
image-pending    970001272563498 c0  (HANDOVER §8.5 — image handling not yet built)
image-pending    970001272563498 c0  (HANDOVER §8.5 — image handling not yet built)
image-pending    970001272563498 c0  (HANDOVER §8.5 — image handling not yet built)
image-pending    970001272563498 c0  (HANDOVER §8.5 — image handling not yet built)
image-pending    970001272563498 c0  (HANDOVER §8.5 — image handling not yet built)
image-pending    970001272563498 c0  (HANDOVER §8.5 — image handling not yet built)
image-pending    970001272563498 c0  (HANDOVER §8.5 — image handling not yet built)
image-pending    970001272563498 c0  (HANDOVER §8.5 — image handling not yet built)
image-pending    1398473008927470 c0  (HANDOVER §8.5 — image handling not yet built)
image-pending    1398473008927470 c0  (HANDOVER §8.5 — image handling not yet built)
image-pending    1398473008927470 c0  (HANDOVER §8.5 — image handling not yet built)
image-pending    1398473008927470 c0  (HANDOVER §8.5 — image handling not yet built)
image-pending    1398473008927470 c0  (HANDOVER §8.5 — image handling not yet built)
image-pending    1398473008927470 c0  (HANDOVER §8.5 — image handling not yet built)
carried-forward  1676593576571566 c0  → https://pub-893b4a6a607b4221a894bf861da7914e.r2.dev/1676593576571566.jpg
image-pending    1676593576571566 c0  (HANDOVER §8.5 — image handling not yet built)
image-pending    3992486917711214 c0  (HANDOVER §8.5 — image handling not yet built)
image-pending    3992486917711214 c0  (HANDOVER §8.5 — image handling not yet built)
image-pending    3992486917711214 c0  (HANDOVER §8.5 — image handling not yet built)
image-pending    3992486917711214 c0  (HANDOVER §8.5 — image handling not yet built)
image-pending    3992486917711214 c0  (HANDOVER §8.5 — image handling not yet built)
image-pending    810043608709614 c0  (HANDOVER §8.5 — image handling not yet built)
carried-forward  1747669433310045 c0  → https://pub-893b4a6a607b4221a894bf861da7914e.r2.dev/1747669433310045.mp4
video-missing    1747669433310045 c0  (expected file not found in facebook/videos/ewa-2026-06-15)
video-missing    1747669433310045 c0  (expected file not found in facebook/videos/ewa-2026-06-15)
carried-forward  2892999924237848 c0  → https://pub-893b4a6a607b4221a894bf861da7914e.r2.dev/2892999924237848.jpg
image-pending    2892999924237848 c0  (HANDOVER §8.5 — image handling not yet built)
image-pending    1033767069322431 c0  (HANDOVER §8.5 — image handling not yet built)
image-pending    1033767069322431 c0  (HANDOVER §8.5 — image handling not yet built)
image-pending    1033767069322431 c0  (HANDOVER §8.5 — image handling not yet built)
image-pending    1033767069322431 c0  (HANDOVER §8.5 — image handling not yet built)
image-pending    1033767069322431 c0  (HANDOVER §8.5 — image handling not yet built)
image-pending    993819813195120 c0  (HANDOVER §8.5 — image handling not yet built)
image-pending    993819813195120 c0  (HANDOVER §8.5 — image handling not yet built)
image-pending    993819813195120 c0  (HANDOVER §8.5 — image handling not yet built)
image-pending    993819813195120 c0  (HANDOVER §8.5 — image handling not yet built)
image-pending    993819813195120 c0  (HANDOVER §8.5 — image handling not yet built)
image-pending    993819813195120 c0  (HANDOVER §8.5 — image handling not yet built)
image-pending    993819813195120 c0  (HANDOVER §8.5 — image handling not yet built)
image-pending    993819813195120 c0  (HANDOVER §8.5 — image handling not yet built)
image-pending    993819813195120 c0  (HANDOVER §8.5 — image handling not yet built)
image-pending    993819813195120 c0  (HANDOVER §8.5 — image handling not yet built)
image-pending    993819813195120 c0  (HANDOVER §8.5 — image handling not yet built)
image-pending    993819813195120 c0  (HANDOVER §8.5 — image handling not yet built)
image-pending    993819813195120 c0  (HANDOVER §8.5 — image handling not yet built)
image-pending    993819813195120 c0  (HANDOVER §8.5 — image handling not yet built)
image-pending    993819813195120 c0  (HANDOVER §8.5 — image handling not yet built)
image-pending    993819813195120 c0  (HANDOVER §8.5 — image handling not yet built)
image-pending    993819813195120 c0  (HANDOVER §8.5 — image handling not yet built)
image-pending    993819813195120 c0  (HANDOVER §8.5 — image handling not yet built)
image-pending    993819813195120 c0  (HANDOVER §8.5 — image handling not yet built)
image-pending    993819813195120 c0  (HANDOVER §8.5 — image handling not yet built)
image-pending    993819813195120 c0  (HANDOVER §8.5 — image handling not yet built)
image-pending    1810785103218617 c0  (HANDOVER §8.5 — image handling not yet built)
carried-forward  862538446281235 c0  → https://pub-893b4a6a607b4221a894bf861da7914e.r2.dev/862538446281235.jpg
carried-forward  3143184699198654 c0  → https://pub-893b4a6a607b4221a894bf861da7914e.r2.dev/3143184699198654.jpg
image-pending    1660137235254669 c0  (HANDOVER §8.5 — image handling not yet built)
image-pending    1660137235254669 c0  (HANDOVER §8.5 — image handling not yet built)
image-pending    1660137235254669 c0  (HANDOVER §8.5 — image handling not yet built)
image-pending    1660137235254669 c0  (HANDOVER §8.5 — image handling not yet built)
image-pending    1660137235254669 c0  (HANDOVER §8.5 — image handling not yet built)
image-pending    1660137235254669 c0  (HANDOVER §8.5 — image handling not yet built)
carried-forward  1389521433022816 c0  → https://pub-893b4a6a607b4221a894bf861da7914e.r2.dev/1389521433022816.jpg
carried-forward  971663399190998 c0  → https://dcfd27564ef899969db9a562c7e1945f.r2.cloudflarestorage.com/971663399190998.mp4
video-missing    971663399190998 c0  (expected file not found in facebook/videos/ewa-2026-06-15)
video-missing    971663399190998 c0  (expected file not found in facebook/videos/ewa-2026-06-15)
video-missing    971663399190998 c0  (expected file not found in facebook/videos/ewa-2026-06-15)
video-missing    971663399190998 c0  (expected file not found in facebook/videos/ewa-2026-06-15)
video-missing    971663399190998 c0  (expected file not found in facebook/videos/ewa-2026-06-15)
video-missing    971663399190998 c0  (expected file not found in facebook/videos/ewa-2026-06-15)
video-missing    971663399190998 c0  (expected file not found in facebook/videos/ewa-2026-06-15)
carried-forward  1964891597470638 c0  → https://pub-893b4a6a607b4221a894bf861da7914e.r2.dev/1964891597470638.jpg
image-pending    1964891597470638 c0  (HANDOVER §8.5 — image handling not yet built)
carried-forward  980624401419273 c0  → https://pub-893b4a6a607b4221a894bf861da7914e.r2.dev/980624401419273.jpg
image-pending    980624401419273 c0  (HANDOVER §8.5 — image handling not yet built)
image-pending    980624401419273 c0  (HANDOVER §8.5 — image handling not yet built)
carried-forward  1194485016048595 c0  → https://pub-893b4a6a607b4221a894bf861da7914e.r2.dev/1194485016048595.jpg
carried-forward  1923008298375338 c0  → https://pub-893b4a6a607b4221a894bf861da7914e.r2.dev/1923008298375338.jpg
image-pending    2168156464039850 c0  (HANDOVER §8.5 — image handling not yet built)
carried-forward  2509910042772001 c0  → https://pub-893b4a6a607b4221a894bf861da7914e.r2.dev/2509910042772001.jpg
carried-forward  970329229241454 c0  → https://pub-893b4a6a607b4221a894bf861da7914e.r2.dev/970329229241454.jpg
carried-forward  2055734171992505 c0  → https://pub-893b4a6a607b4221a894bf861da7914e.r2.dev/2055734171992505.jpg
image-pending    2055734171992505 c0  (HANDOVER §8.5 — image handling not yet built)
carried-forward  889929840785075 c0  → https://pub-893b4a6a607b4221a894bf861da7914e.r2.dev/889929840785075.jpg
carried-forward  975010678246291 c0  → https://pub-893b4a6a607b4221a894bf861da7914e.r2.dev/975010678246291.jpg
image-pending    1299514655111003 c0  (HANDOVER §8.5 — image handling not yet built)
image-pending    1299514655111003 c0  (HANDOVER §8.5 — image handling not yet built)
image-pending    1299514655111003 c0  (HANDOVER §8.5 — image handling not yet built)
image-pending    1299514655111003 c0  (HANDOVER §8.5 — image handling not yet built)
image-pending    1299514655111003 c0  (HANDOVER §8.5 — image handling not yet built)
image-pending    1299514655111003 c0  (HANDOVER §8.5 — image handling not yet built)
image-pending    1299514655111003 c0  (HANDOVER §8.5 — image handling not yet built)
image-pending    1299514655111003 c0  (HANDOVER §8.5 — image handling not yet built)
image-pending    1299514655111003 c0  (HANDOVER §8.5 — image handling not yet built)
carried-forward  991976169883119 c0  → https://pub-893b4a6a607b4221a894bf861da7914e.r2.dev/991976169883119.mp4
video-missing    991976169883119 c0  (expected file not found in facebook/videos/ewa-2026-06-15)
video-missing    991976169883119 c0  (expected file not found in facebook/videos/ewa-2026-06-15)
video-missing    991976169883119 c0  (expected file not found in facebook/videos/ewa-2026-06-15)
video-missing    991976169883119 c0  (expected file not found in facebook/videos/ewa-2026-06-15)
video-missing    991976169883119 c0  (expected file not found in facebook/videos/ewa-2026-06-15)
video-missing    991976169883119 c0  (expected file not found in facebook/videos/ewa-2026-06-15)
uploaded         1480564349904784 c0  (video) ← 1480564349904784.mp4  → https://dcfd27564ef899969db9a562c7e1945f.r2.cloudflarestorage.com/1480564349904784.mp4
video-missing    1480564349904784 c0  (expected file not found in facebook/videos/ewa-2026-06-15)
video-missing    1480564349904784 c0  (expected file not found in facebook/videos/ewa-2026-06-15)
video-missing    1480564349904784 c0  (expected file not found in facebook/videos/ewa-2026-06-15)
video-missing    1480564349904784 c0  (expected file not found in facebook/videos/ewa-2026-06-15)
video-missing    1480564349904784 c0  (expected file not found in facebook/videos/ewa-2026-06-15)
video-missing    1480564349904784 c0  (expected file not found in facebook/videos/ewa-2026-06-15)
video-missing    1480564349904784 c0  (expected file not found in facebook/videos/ewa-2026-06-15)
video-missing    1480564349904784 c0  (expected file not found in facebook/videos/ewa-2026-06-15)
video-missing    1480564349904784 c0  (expected file not found in facebook/videos/ewa-2026-06-15)
video-missing    1480564349904784 c0  (expected file not found in facebook/videos/ewa-2026-06-15)
video-missing    1480564349904784 c0  (expected file not found in facebook/videos/ewa-2026-06-15)
video-missing    1480564349904784 c0  (expected file not found in facebook/videos/ewa-2026-06-15)
video-missing    1480564349904784 c0  (expected file not found in facebook/videos/ewa-2026-06-15)
video-missing    1480564349904784 c0  (expected file not found in facebook/videos/ewa-2026-06-15)
video-missing    1480564349904784 c0  (expected file not found in facebook/videos/ewa-2026-06-15)
video-missing    1480564349904784 c0  (expected file not found in facebook/videos/ewa-2026-06-15)
video-missing    1480564349904784 c0  (expected file not found in facebook/videos/ewa-2026-06-15)
video-missing    1480564349904784 c0  (expected file not found in facebook/videos/ewa-2026-06-15)
video-missing    1480564349904784 c0  (expected file not found in facebook/videos/ewa-2026-06-15)
video-missing    1480564349904784 c0  (expected file not found in facebook/videos/ewa-2026-06-15)
video-missing    1480564349904784 c0  (expected file not found in facebook/videos/ewa-2026-06-15)
video-missing    1480564349904784 c0  (expected file not found in facebook/videos/ewa-2026-06-15)
video-missing    1480564349904784 c0  (expected file not found in facebook/videos/ewa-2026-06-15)
video-missing    1480564349904784 c0  (expected file not found in facebook/videos/ewa-2026-06-15)
video-missing    1480564349904784 c0  (expected file not found in facebook/videos/ewa-2026-06-15)
video-missing    1480564349904784 c0  (expected file not found in facebook/videos/ewa-2026-06-15)
video-missing    1480564349904784 c0  (expected file not found in facebook/videos/ewa-2026-06-15)
video-missing    1480564349904784 c0  (expected file not found in facebook/videos/ewa-2026-06-15)
image-pending    1099345583270374 c0  (HANDOVER §8.5 — image handling not yet built)
carried-forward  969107392408494 c0  → https://pub-893b4a6a607b4221a894bf861da7914e.r2.dev/969107392408494.jpg
carried-forward  1300069158762641 c0  → https://pub-893b4a6a607b4221a894bf861da7914e.r2.dev/1300069158762641.jpg
carried-forward  1676683804457508 c0  → https://pub-893b4a6a607b4221a894bf861da7914e.r2.dev/1676683804457508.jpg
carried-forward  1966563824219239 c0  → https://pub-893b4a6a607b4221a894bf861da7914e.r2.dev/1966563824219239.jpg
image-pending    1007520425336977 c0  (HANDOVER §8.5 — image handling not yet built)
image-pending    782161154890955 c0  (HANDOVER §8.5 — image handling not yet built)
image-pending    855585517046394 c0  (HANDOVER §8.5 — image handling not yet built)
image-pending    855585517046394 c0  (HANDOVER §8.5 — image handling not yet built)
image-pending    855585517046394 c0  (HANDOVER §8.5 — image handling not yet built)
image-pending    855585517046394 c0  (HANDOVER §8.5 — image handling not yet built)
image-pending    855585517046394 c0  (HANDOVER §8.5 — image handling not yet built)
image-pending    855585517046394 c0  (HANDOVER §8.5 — image handling not yet built)
image-pending    855585517046394 c0  (HANDOVER §8.5 — image handling not yet built)
image-pending    855585517046394 c0  (HANDOVER §8.5 — image handling not yet built)
image-pending    855585517046394 c0  (HANDOVER §8.5 — image handling not yet built)
image-pending    855585517046394 c0  (HANDOVER §8.5 — image handling not yet built)
image-pending    855585517046394 c0  (HANDOVER §8.5 — image handling not yet built)
image-pending    855585517046394 c0  (HANDOVER §8.5 — image handling not yet built)
image-pending    855585517046394 c0  (HANDOVER §8.5 — image handling not yet built)
image-pending    855585517046394 c0  (HANDOVER §8.5 — image handling not yet built)
image-pending    855585517046394 c0  (HANDOVER §8.5 — image handling not yet built)
image-pending    855585517046394 c0  (HANDOVER §8.5 — image handling not yet built)
image-pending    855585517046394 c0  (HANDOVER §8.5 — image handling not yet built)
image-pending    855585517046394 c0  (HANDOVER §8.5 — image handling not yet built)
image-pending    855585517046394 c0  (HANDOVER §8.5 — image handling not yet built)
image-pending    1477871840166136 c0  (HANDOVER §8.5 — image handling not yet built)
carried-forward  981231267966361 c0  → https://pub-893b4a6a607b4221a894bf861da7914e.r2.dev/981231267966361.jpg
uploaded         997902889840859 c0  (video) ← 997902889840859.mp4  → https://dcfd27564ef899969db9a562c7e1945f.r2.cloudflarestorage.com/997902889840859.mp4
image-pending    858408813979834 c0  (HANDOVER §8.5 — image handling not yet built)
image-pending    858408813979834 c0  (HANDOVER §8.5 — image handling not yet built)
image-pending    858408813979834 c0  (HANDOVER §8.5 — image handling not yet built)
image-pending    858408813979834 c0  (HANDOVER §8.5 — image handling not yet built)
image-pending    858408813979834 c0  (HANDOVER §8.5 — image handling not yet built)
carried-forward  1320817792890561 c0  → https://dcfd27564ef899969db9a562c7e1945f.r2.cloudflarestorage.com/1320817792890561.mp4
video-missing    1320817792890561 c0  (expected file not found in facebook/videos/ewa-2026-06-15)
video-missing    1320817792890561 c0  (expected file not found in facebook/videos/ewa-2026-06-15)
video-missing    1320817792890561 c0  (expected file not found in facebook/videos/ewa-2026-06-15)
video-missing    1320817792890561 c0  (expected file not found in facebook/videos/ewa-2026-06-15)
video-missing    1320817792890561 c0  (expected file not found in facebook/videos/ewa-2026-06-15)
video-missing    1320817792890561 c0  (expected file not found in facebook/videos/ewa-2026-06-15)
carried-forward  988692753890724 c0  → https://pub-893b4a6a607b4221a894bf861da7914e.r2.dev/988692753890724.mp4
carried-forward  1286318760214003 c0  → https://pub-893b4a6a607b4221a894bf861da7914e.r2.dev/1286318760214003.jpg
image-pending    1499209711510215 c0  (HANDOVER §8.5 — image handling not yet built)
carried-forward  1535921861306386 c0  → https://pub-893b4a6a607b4221a894bf861da7914e.r2.dev/1535921861306386.mp4
image-pending    1597516225417775 c0  (HANDOVER §8.5 — image handling not yet built)
image-pending    1717809833005397 c0  (HANDOVER §8.5 — image handling not yet built)
image-pending    1461244112470894 c0  (HANDOVER §8.5 — image handling not yet built)
image-pending    1461244112470894 c0  (HANDOVER §8.5 — image handling not yet built)
image-pending    953982024336586 c0  (HANDOVER §8.5 — image handling not yet built)
carried-forward  2074446319953343 c0  → https://pub-893b4a6a607b4221a894bf861da7914e.r2.dev/2074446319953343.mp4
image-pending    3748419995299131 c0  (HANDOVER §8.5 — image handling not yet built)
image-pending    3748419995299131 c0  (HANDOVER §8.5 — image handling not yet built)
image-pending    3748419995299131 c0  (HANDOVER §8.5 — image handling not yet built)
image-pending    1306834768265467 c0  (HANDOVER §8.5 — image handling not yet built)
image-pending    1306834768265467 c0  (HANDOVER §8.5 — image handling not yet built)
image-pending    1306834768265467 c0  (HANDOVER §8.5 — image handling not yet built)
image-pending    1306834768265467 c0  (HANDOVER §8.5 — image handling not yet built)
image-pending    1306834768265467 c0  (HANDOVER §8.5 — image handling not yet built)
image-pending    1306834768265467 c0  (HANDOVER §8.5 — image handling not yet built)
image-pending    1306834768265467 c0  (HANDOVER §8.5 — image handling not yet built)
image-pending    1306834768265467 c0  (HANDOVER §8.5 — image handling not yet built)
image-pending    1306834768265467 c0  (HANDOVER §8.5 — image handling not yet built)
image-pending    1306834768265467 c0  (HANDOVER §8.5 — image handling not yet built)
image-pending    1539343637647484 c0  (HANDOVER §8.5 — image handling not yet built)
image-pending    1539343637647484 c0  (HANDOVER §8.5 — image handling not yet built)
carried-forward  980467778178019 c0  → https://dcfd27564ef899969db9a562c7e1945f.r2.cloudflarestorage.com/980467778178019.mp4
carried-forward  1926437271381602 c0  → https://pub-893b4a6a607b4221a894bf861da7914e.r2.dev/1926437271381602.jpg
image-pending    972512512344127 c0  (HANDOVER §8.5 — image handling not yet built)
carried-forward  1751447642699086 c0  → https://pub-893b4a6a607b4221a894bf861da7914e.r2.dev/1751447642699086.jpg
image-pending    1751447642699086 c0  (HANDOVER §8.5 — image handling not yet built)
carried-forward  1872235246802750 c0  → https://pub-893b4a6a607b4221a894bf861da7914e.r2.dev/1872235246802750.jpg
carried-forward  1457318929055480 c0  → https://pub-893b4a6a607b4221a894bf861da7914e.r2.dev/1457318929055480.jpg
image-pending    1457318929055480 c0  (HANDOVER §8.5 — image handling not yet built)
image-pending    1777413536933796 c0  (HANDOVER §8.5 — image handling not yet built)
image-pending    1593028389050139 c0  (HANDOVER §8.5 — image handling not yet built)
image-pending    1465472401458214 c0  (HANDOVER §8.5 — image handling not yet built)
image-pending    1465472401458214 c0  (HANDOVER §8.5 — image handling not yet built)
image-pending    1465472401458214 c0  (HANDOVER §8.5 — image handling not yet built)
image-pending    1465472401458214 c0  (HANDOVER §8.5 — image handling not yet built)
image-pending    1465472401458214 c0  (HANDOVER §8.5 — image handling not yet built)
image-pending    1465472401458214 c0  (HANDOVER §8.5 — image handling not yet built)
carried-forward  733812606460725 c0  → https://pub-893b4a6a607b4221a894bf861da7914e.r2.dev/733812606460725.jpg
uploaded         802618516119924 c0  (video) ← 802618516119924.mp4  → https://dcfd27564ef899969db9a562c7e1945f.r2.cloudflarestorage.com/802618516119924.mp4
carried-forward  982002417914504 c0  → https://pub-893b4a6a607b4221a894bf861da7914e.r2.dev/982002417914504.jpg
carried-forward  1784128002571621 c0  → https://pub-893b4a6a607b4221a894bf861da7914e.r2.dev/1784128002571621.jpg
image-pending    1244359415426087 c0  (HANDOVER §8.5 — image handling not yet built)
image-pending    1244359415426087 c0  (HANDOVER §8.5 — image handling not yet built)
image-pending    1244359415426087 c0  (HANDOVER §8.5 — image handling not yet built)
image-pending    1472431060846397 c0  (HANDOVER §8.5 — image handling not yet built)
carried-forward  1277662311222472 c0  → https://pub-893b4a6a607b4221a894bf861da7914e.r2.dev/1277662311222472.jpg
carried-forward  827208420466500 c0  → https://pub-893b4a6a607b4221a894bf861da7914e.r2.dev/827208420466500.jpg
image-pending    881697828293656 c0  (HANDOVER §8.5 — image handling not yet built)
image-pending    881697828293656 c0  (HANDOVER §8.5 — image handling not yet built)
image-pending    1948429285857676 c0  (HANDOVER §8.5 — image handling not yet built)
image-pending    1948429285857676 c0  (HANDOVER §8.5 — image handling not yet built)
carried-forward  2347802039293417 c0  → https://dcfd27564ef899969db9a562c7e1945f.r2.cloudflarestorage.com/2347802039293417.mp4
video-missing    2347802039293417 c0  (expected file not found in facebook/videos/ewa-2026-06-15)
video-missing    2347802039293417 c0  (expected file not found in facebook/videos/ewa-2026-06-15)
video-missing    2347802039293417 c0  (expected file not found in facebook/videos/ewa-2026-06-15)
video-missing    2347802039293417 c0  (expected file not found in facebook/videos/ewa-2026-06-15)
carried-forward  1760812238243438 c0  → https://pub-893b4a6a607b4221a894bf861da7914e.r2.dev/1760812238243438.mp4
image-pending    975020472106377 c0  (HANDOVER §8.5 — image handling not yet built)
image-pending    36331000489831767 c0  (HANDOVER §8.5 — image handling not yet built)
image-pending    36331000489831767 c0  (HANDOVER §8.5 — image handling not yet built)
image-pending    36331000489831767 c0  (HANDOVER §8.5 — image handling not yet built)
image-pending    36331000489831767 c0  (HANDOVER §8.5 — image handling not yet built)
image-pending    36331000489831767 c0  (HANDOVER §8.5 — image handling not yet built)
image-pending    36331000489831767 c0  (HANDOVER §8.5 — image handling not yet built)
image-pending    968016709341244 c0  (HANDOVER §8.5 — image handling not yet built)
image-pending    968016709341244 c0  (HANDOVER §8.5 — image handling not yet built)
image-pending    4324852771064861 c0  (HANDOVER §8.5 — image handling not yet built)
image-pending    4324852771064861 c0  (HANDOVER §8.5 — image handling not yet built)
image-pending    4324852771064861 c0  (HANDOVER §8.5 — image handling not yet built)
image-pending    4324852771064861 c0  (HANDOVER §8.5 — image handling not yet built)
image-pending    4324852771064861 c0  (HANDOVER §8.5 — image handling not yet built)
image-pending    4324852771064861 c0  (HANDOVER §8.5 — image handling not yet built)
carried-forward  968133256007959 c0  → https://pub-893b4a6a607b4221a894bf861da7914e.r2.dev/968133256007959.mp4
video-missing    968133256007959 c0  (expected file not found in facebook/videos/ewa-2026-06-15)
video-missing    968133256007959 c0  (expected file not found in facebook/videos/ewa-2026-06-15)
video-missing    968133256007959 c0  (expected file not found in facebook/videos/ewa-2026-06-15)
video-missing    968133256007959 c0  (expected file not found in facebook/videos/ewa-2026-06-15)
video-missing    968133256007959 c0  (expected file not found in facebook/videos/ewa-2026-06-15)
video-missing    968133256007959 c0  (expected file not found in facebook/videos/ewa-2026-06-15)
video-missing    968133256007959 c0  (expected file not found in facebook/videos/ewa-2026-06-15)
video-missing    968133256007959 c0  (expected file not found in facebook/videos/ewa-2026-06-15)
video-missing    968133256007959 c0  (expected file not found in facebook/videos/ewa-2026-06-15)
video-missing    968133256007959 c0  (expected file not found in facebook/videos/ewa-2026-06-15)
video-missing    968133256007959 c0  (expected file not found in facebook/videos/ewa-2026-06-15)
video-missing    968133256007959 c0  (expected file not found in facebook/videos/ewa-2026-06-15)
video-missing    968133256007959 c0  (expected file not found in facebook/videos/ewa-2026-06-15)
video-missing    968133256007959 c0  (expected file not found in facebook/videos/ewa-2026-06-15)
video-missing    968133256007959 c0  (expected file not found in facebook/videos/ewa-2026-06-15)
video-missing    968133256007959 c0  (expected file not found in facebook/videos/ewa-2026-06-15)
carried-forward  1304185401302777 c0  → https://dcfd27564ef899969db9a562c7e1945f.r2.cloudflarestorage.com/1304185401302777.mp4
video-missing    1304185401302777 c0  (expected file not found in facebook/videos/ewa-2026-06-15)
video-missing    1304185401302777 c0  (expected file not found in facebook/videos/ewa-2026-06-15)
video-missing    1304185401302777 c0  (expected file not found in facebook/videos/ewa-2026-06-15)
video-missing    1304185401302777 c0  (expected file not found in facebook/videos/ewa-2026-06-15)
video-missing    1304185401302777 c0  (expected file not found in facebook/videos/ewa-2026-06-15)
video-missing    1304185401302777 c0  (expected file not found in facebook/videos/ewa-2026-06-15)
video-missing    1304185401302777 c0  (expected file not found in facebook/videos/ewa-2026-06-15)
video-missing    1304185401302777 c0  (expected file not found in facebook/videos/ewa-2026-06-15)
video-missing    1304185401302777 c0  (expected file not found in facebook/videos/ewa-2026-06-15)
video-missing    1304185401302777 c0  (expected file not found in facebook/videos/ewa-2026-06-15)
video-missing    1304185401302777 c0  (expected file not found in facebook/videos/ewa-2026-06-15)
video-missing    1304185401302777 c0  (expected file not found in facebook/videos/ewa-2026-06-15)
video-missing    1304185401302777 c0  (expected file not found in facebook/videos/ewa-2026-06-15)
video-missing    1304185401302777 c0  (expected file not found in facebook/videos/ewa-2026-06-15)
video-missing    1304185401302777 c0  (expected file not found in facebook/videos/ewa-2026-06-15)
video-missing    1304185401302777 c0  (expected file not found in facebook/videos/ewa-2026-06-15)
video-missing    1304185401302777 c0  (expected file not found in facebook/videos/ewa-2026-06-15)
video-missing    1304185401302777 c0  (expected file not found in facebook/videos/ewa-2026-06-15)
image-pending    1276535367897133 c0  (HANDOVER §8.5 — image handling not yet built)
carried-forward  1653363682608529 c0  → https://pub-893b4a6a607b4221a894bf861da7914e.r2.dev/1653363682608529.jpg
image-pending    1038448385294247 c0  (HANDOVER §8.5 — image handling not yet built)
image-pending    1038448385294247 c0  (HANDOVER §8.5 — image handling not yet built)
image-pending    916043194800031 c0  (HANDOVER §8.5 — image handling not yet built)
carried-forward  1716693839373968 c0  → https://pub-893b4a6a607b4221a894bf861da7914e.r2.dev/1716693839373968.mp4
video-missing    1716693839373968 c0  (expected file not found in facebook/videos/ewa-2026-06-15)
video-missing    1716693839373968 c0  (expected file not found in facebook/videos/ewa-2026-06-15)
video-missing    1716693839373968 c0  (expected file not found in facebook/videos/ewa-2026-06-15)
video-missing    1716693839373968 c0  (expected file not found in facebook/videos/ewa-2026-06-15)
carried-forward  994864890149546 c0  → https://pub-893b4a6a607b4221a894bf861da7914e.r2.dev/994864890149546.jpg
image-pending    994864890149546 c0  (HANDOVER §8.5 — image handling not yet built)
image-pending    994864890149546 c0  (HANDOVER §8.5 — image handling not yet built)
image-pending    994864890149546 c0  (HANDOVER §8.5 — image handling not yet built)
image-pending    994864890149546 c0  (HANDOVER §8.5 — image handling not yet built)
carried-forward  1662368658343943 c0  → https://pub-893b4a6a607b4221a894bf861da7914e.r2.dev/1662368658343943.mp4
carried-forward  1654196985843352 c0  → https://dcfd27564ef899969db9a562c7e1945f.r2.cloudflarestorage.com/1654196985843352.mp4
uploaded         834654695950492 c0  (video) ← 834654695950492.mp4  → https://dcfd27564ef899969db9a562c7e1945f.r2.cloudflarestorage.com/834654695950492.mp4
carried-forward  1282602797380257 c0  → https://pub-893b4a6a607b4221a894bf861da7914e.r2.dev/1282602797380257.jpg
image-pending    1282602797380257 c0  (HANDOVER §8.5 — image handling not yet built)
image-pending    1282602797380257 c0  (HANDOVER §8.5 — image handling not yet built)
image-pending    1282602797380257 c0  (HANDOVER §8.5 — image handling not yet built)
carried-forward  1273806684906679 c0  → https://pub-893b4a6a607b4221a894bf861da7914e.r2.dev/1273806684906679.jpg
carried-forward  988342293907584 c0  → https://pub-893b4a6a607b4221a894bf861da7914e.r2.dev/988342293907584.jpg
image-pending    988342293907584 c0  (HANDOVER §8.5 — image handling not yet built)
carried-forward  985865127639537 c0  → https://pub-893b4a6a607b4221a894bf861da7914e.r2.dev/985865127639537.jpg
image-pending    970758672500947 c0  (HANDOVER §8.5 — image handling not yet built)
image-pending    970758672500947 c0  (HANDOVER §8.5 — image handling not yet built)
image-pending    970758672500947 c0  (HANDOVER §8.5 — image handling not yet built)
carried-forward  2484963355260890 c0  → https://pub-893b4a6a607b4221a894bf861da7914e.r2.dev/2484963355260890.mp4
carried-forward  860811513744881 c0  → https://dcfd27564ef899969db9a562c7e1945f.r2.cloudflarestorage.com/860811513744881.mp4
video-missing    860811513744881 c0  (expected file not found in facebook/videos/ewa-2026-06-15)
image-pending    1026985983001938 c0  (HANDOVER §8.5 — image handling not yet built)
image-pending    1026985983001938 c0  (HANDOVER §8.5 — image handling not yet built)
image-pending    1026985983001938 c0  (HANDOVER §8.5 — image handling not yet built)
image-pending    1026985983001938 c0  (HANDOVER §8.5 — image handling not yet built)
image-pending    1026985983001938 c0  (HANDOVER §8.5 — image handling not yet built)
image-pending    1026985983001938 c0  (HANDOVER §8.5 — image handling not yet built)
image-pending    1026985983001938 c0  (HANDOVER §8.5 — image handling not yet built)
image-pending    1026985983001938 c0  (HANDOVER §8.5 — image handling not yet built)
image-pending    1026985983001938 c0  (HANDOVER §8.5 — image handling not yet built)
image-pending    1026985983001938 c0  (HANDOVER §8.5 — image handling not yet built)
image-pending    1026985983001938 c0  (HANDOVER §8.5 — image handling not yet built)
image-pending    1026985983001938 c0  (HANDOVER §8.5 — image handling not yet built)
image-pending    894590343656986 c0  (HANDOVER §8.5 — image handling not yet built)
image-pending    894590343656986 c0  (HANDOVER §8.5 — image handling not yet built)
image-pending    1364974158809590 c0  (HANDOVER §8.5 — image handling not yet built)
image-pending    1364974158809590 c0  (HANDOVER §8.5 — image handling not yet built)
image-pending    1364974158809590 c0  (HANDOVER §8.5 — image handling not yet built)
image-pending    1364974158809590 c0  (HANDOVER §8.5 — image handling not yet built)
carried-forward  902914766096402 c0  → https://pub-893b4a6a607b4221a894bf861da7914e.r2.dev/902914766096402.mp4
image-pending    1705627857298104 c0  (HANDOVER §8.5 — image handling not yet built)
image-pending    1705627857298104 c0  (HANDOVER §8.5 — image handling not yet built)
image-pending    1705627857298104 c0  (HANDOVER §8.5 — image handling not yet built)
image-pending    1705627857298104 c0  (HANDOVER §8.5 — image handling not yet built)
image-pending    1705627857298104 c0  (HANDOVER §8.5 — image handling not yet built)
image-pending    1181316674118915 c0  (HANDOVER §8.5 — image handling not yet built)
image-pending    1181316674118915 c0  (HANDOVER §8.5 — image handling not yet built)
image-pending    1181316674118915 c0  (HANDOVER §8.5 — image handling not yet built)
image-pending    1181316674118915 c0  (HANDOVER §8.5 — image handling not yet built)
carried-forward  983071281152097 c0  → https://pub-893b4a6a607b4221a894bf861da7914e.r2.dev/983071281152097.jpg
carried-forward  1514568076865518 c0  → https://pub-893b4a6a607b4221a894bf861da7914e.r2.dev/1514568076865518.jpg
image-pending    1514568076865518 c0  (HANDOVER §8.5 — image handling not yet built)
image-pending    1514568076865518 c0  (HANDOVER §8.5 — image handling not yet built)
carried-forward  961411566521644 c0  → https://pub-893b4a6a607b4221a894bf861da7914e.r2.dev/961411566521644.mp4
video-missing    961411566521644 c0  (expected file not found in facebook/videos/ewa-2026-06-15)
video-missing    961411566521644 c0  (expected file not found in facebook/videos/ewa-2026-06-15)
video-missing    961411566521644 c0  (expected file not found in facebook/videos/ewa-2026-06-15)
video-missing    961411566521644 c0  (expected file not found in facebook/videos/ewa-2026-06-15)
video-missing    961411566521644 c0  (expected file not found in facebook/videos/ewa-2026-06-15)
video-missing    961411566521644 c0  (expected file not found in facebook/videos/ewa-2026-06-15)
image-pending    2933123707079385 c0  (HANDOVER §8.5 — image handling not yet built)
carried-forward  961169570163626 c0  → https://pub-893b4a6a607b4221a894bf861da7914e.r2.dev/961169570163626.jpg
carried-forward  1511769926994919 c0  → https://pub-893b4a6a607b4221a894bf861da7914e.r2.dev/1511769926994919.jpg
image-pending    1511769926994919 c0  (HANDOVER §8.5 — image handling not yet built)
image-pending    1355942379749805 c0  (HANDOVER §8.5 — image handling not yet built)
image-pending    1355942379749805 c0  (HANDOVER §8.5 — image handling not yet built)
image-pending    1355942379749805 c0  (HANDOVER §8.5 — image handling not yet built)
carried-forward  1367429385260840 c0  → https://dcfd27564ef899969db9a562c7e1945f.r2.cloudflarestorage.com/1367429385260840.mp4
image-pending    1759019875469212 c0  (HANDOVER §8.5 — image handling not yet built)
carried-forward  1343926107647255 c0  → https://pub-893b4a6a607b4221a894bf861da7914e.r2.dev/1343926107647255.mp4
image-pending    2023456231577415 c0  (HANDOVER §8.5 — image handling not yet built)
image-pending    2023456231577415 c0  (HANDOVER §8.5 — image handling not yet built)
image-pending    2023456231577415 c0  (HANDOVER §8.5 — image handling not yet built)
carried-forward  2085105002406665 c0  → https://pub-893b4a6a607b4221a894bf861da7914e.r2.dev/2085105002406665.jpg
image-pending    2085105002406665 c0  (HANDOVER §8.5 — image handling not yet built)
image-pending    2085105002406665 c0  (HANDOVER §8.5 — image handling not yet built)
image-pending    2085105002406665 c0  (HANDOVER §8.5 — image handling not yet built)
carried-forward  1514935080281501 c0  → https://pub-893b4a6a607b4221a894bf861da7914e.r2.dev/1514935080281501.mp4
video-missing    1514935080281501 c0  (expected file not found in facebook/videos/ewa-2026-06-15)
video-missing    1514935080281501 c0  (expected file not found in facebook/videos/ewa-2026-06-15)
video-missing    1514935080281501 c0  (expected file not found in facebook/videos/ewa-2026-06-15)
video-missing    1514935080281501 c0  (expected file not found in facebook/videos/ewa-2026-06-15)
video-missing    1514935080281501 c0  (expected file not found in facebook/videos/ewa-2026-06-15)
carried-forward  1982102669104147 c0  → https://pub-893b4a6a607b4221a894bf861da7914e.r2.dev/1982102669104147.jpg
carried-forward  1528290308706716 c0  → https://pub-893b4a6a607b4221a894bf861da7914e.r2.dev/1528290308706716.jpg
image-pending    2166862994046250 c0  (HANDOVER §8.5 — image handling not yet built)
image-pending    2166862994046250 c0  (HANDOVER §8.5 — image handling not yet built)
image-pending    2166862994046250 c0  (HANDOVER §8.5 — image handling not yet built)
image-pending    1327334528817979 c0  (HANDOVER §8.5 — image handling not yet built)
image-pending    1327334528817979 c0  (HANDOVER §8.5 — image handling not yet built)
image-pending    1327334528817979 c0  (HANDOVER §8.5 — image handling not yet built)
image-pending    1327334528817979 c0  (HANDOVER §8.5 — image handling not yet built)
image-pending    1327334528817979 c0  (HANDOVER §8.5 — image handling not yet built)
carried-forward  1314900907187137 c0  → https://pub-893b4a6a607b4221a894bf861da7914e.r2.dev/1314900907187137.jpg
carried-forward  836708996163988 c0  → https://pub-893b4a6a607b4221a894bf861da7914e.r2.dev/836708996163988.jpg
image-pending    1470636687611258 c0  (HANDOVER §8.5 — image handling not yet built)
image-pending    1470636687611258 c0  (HANDOVER §8.5 — image handling not yet built)
image-pending    1470636687611258 c0  (HANDOVER §8.5 — image handling not yet built)
image-pending    1470636687611258 c0  (HANDOVER §8.5 — image handling not yet built)
image-pending    1555870535910084 c0  (HANDOVER §8.5 — image handling not yet built)
image-pending    1555870535910084 c0  (HANDOVER §8.5 — image handling not yet built)
carried-forward  1314759730150022 c0  → https://pub-893b4a6a607b4221a894bf861da7914e.r2.dev/1314759730150022.mp4
image-pending    2018800028725680 c0  (HANDOVER §8.5 — image handling not yet built)
image-pending    1295602786114665 c0  (HANDOVER §8.5 — image handling not yet built)
image-pending    1295602786114665 c0  (HANDOVER §8.5 — image handling not yet built)
image-pending    1295602786114665 c0  (HANDOVER §8.5 — image handling not yet built)
image-pending    1295602786114665 c0  (HANDOVER §8.5 — image handling not yet built)
image-pending    1295602786114665 c0  (HANDOVER §8.5 — image handling not yet built)
image-pending    1295602786114665 c0  (HANDOVER §8.5 — image handling not yet built)
image-pending    1637342333991232 c0  (HANDOVER §8.5 — image handling not yet built)
image-pending    1637342333991232 c0  (HANDOVER §8.5 — image handling not yet built)
image-pending    1637342333991232 c0  (HANDOVER §8.5 — image handling not yet built)
image-pending    1637342333991232 c0  (HANDOVER §8.5 — image handling not yet built)
image-pending    1637342333991232 c0  (HANDOVER §8.5 — image handling not yet built)
carried-forward  988757807260899 c0  → https://dcfd27564ef899969db9a562c7e1945f.r2.cloudflarestorage.com/988757807260899.mp4
video-missing    988757807260899 c0  (expected file not found in facebook/videos/ewa-2026-06-15)
video-missing    988757807260899 c0  (expected file not found in facebook/videos/ewa-2026-06-15)
video-missing    988757807260899 c0  (expected file not found in facebook/videos/ewa-2026-06-15)
video-missing    988757807260899 c0  (expected file not found in facebook/videos/ewa-2026-06-15)
video-missing    988757807260899 c0  (expected file not found in facebook/videos/ewa-2026-06-15)
carried-forward  2463750714137173 c0  → https://dcfd27564ef899969db9a562c7e1945f.r2.cloudflarestorage.com/2463750714137173.mp4
video-missing    2463750714137173 c0  (expected file not found in facebook/videos/ewa-2026-06-15)
video-missing    2463750714137173 c0  (expected file not found in facebook/videos/ewa-2026-06-15)
image-pending    1738115987362905 c0  (HANDOVER §8.5 — image handling not yet built)
image-pending    1277555571125305 c0  (HANDOVER §8.5 — image handling not yet built)
image-pending    1277555571125305 c0  (HANDOVER §8.5 — image handling not yet built)
image-pending    1277555571125305 c0  (HANDOVER §8.5 — image handling not yet built)
image-pending    27106274772371837 c0  (HANDOVER §8.5 — image handling not yet built)
carried-forward  1752650406168033 c0  → https://dcfd27564ef899969db9a562c7e1945f.r2.cloudflarestorage.com/1752650406168033.mp4
image-pending    1320391946739651 c0  (HANDOVER §8.5 — image handling not yet built)
carried-forward  1521974499460731 c0  → https://pub-893b4a6a607b4221a894bf861da7914e.r2.dev/1521974499460731.jpg
carried-forward  1698192648039552 c0  → https://pub-893b4a6a607b4221a894bf861da7914e.r2.dev/1698192648039552.mp4
video-missing    1698192648039552 c0  (expected file not found in facebook/videos/ewa-2026-06-15)
video-missing    1698192648039552 c0  (expected file not found in facebook/videos/ewa-2026-06-15)
video-missing    1698192648039552 c0  (expected file not found in facebook/videos/ewa-2026-06-15)
video-missing    1698192648039552 c0  (expected file not found in facebook/videos/ewa-2026-06-15)
video-missing    1698192648039552 c0  (expected file not found in facebook/videos/ewa-2026-06-15)
video-missing    1698192648039552 c0  (expected file not found in facebook/videos/ewa-2026-06-15)
video-missing    1698192648039552 c0  (expected file not found in facebook/videos/ewa-2026-06-15)
video-missing    1698192648039552 c0  (expected file not found in facebook/videos/ewa-2026-06-15)
video-missing    1698192648039552 c0  (expected file not found in facebook/videos/ewa-2026-06-15)
video-missing    1698192648039552 c0  (expected file not found in facebook/videos/ewa-2026-06-15)
video-missing    1698192648039552 c0  (expected file not found in facebook/videos/ewa-2026-06-15)
image-pending    1517425813504112 c0  (HANDOVER §8.5 — image handling not yet built)
image-pending    1517425813504112 c0  (HANDOVER §8.5 — image handling not yet built)
image-pending    1517425813504112 c0  (HANDOVER §8.5 — image handling not yet built)
image-pending    1517425813504112 c0  (HANDOVER §8.5 — image handling not yet built)
image-pending    1517425813504112 c0  (HANDOVER §8.5 — image handling not yet built)
image-pending    2835524223474419 c0  (HANDOVER §8.5 — image handling not yet built)
image-pending    2835524223474419 c0  (HANDOVER §8.5 — image handling not yet built)
image-pending    2835524223474419 c0  (HANDOVER §8.5 — image handling not yet built)
carried-forward  26699795589723328 c0  → https://dcfd27564ef899969db9a562c7e1945f.r2.cloudflarestorage.com/26699795589723328.mp4
video-missing    26699795589723328 c0  (expected file not found in facebook/videos/ewa-2026-06-15)
video-missing    26699795589723328 c0  (expected file not found in facebook/videos/ewa-2026-06-15)
video-missing    26699795589723328 c0  (expected file not found in facebook/videos/ewa-2026-06-15)
video-missing    26699795589723328 c0  (expected file not found in facebook/videos/ewa-2026-06-15)
video-missing    26699795589723328 c0  (expected file not found in facebook/videos/ewa-2026-06-15)
video-missing    26699795589723328 c0  (expected file not found in facebook/videos/ewa-2026-06-15)
video-missing    26699795589723328 c0  (expected file not found in facebook/videos/ewa-2026-06-15)
video-missing    26699795589723328 c0  (expected file not found in facebook/videos/ewa-2026-06-15)
video-missing    26699795589723328 c0  (expected file not found in facebook/videos/ewa-2026-06-15)
video-missing    26699795589723328 c0  (expected file not found in facebook/videos/ewa-2026-06-15)
video-missing    26699795589723328 c0  (expected file not found in facebook/videos/ewa-2026-06-15)
video-missing    26699795589723328 c0  (expected file not found in facebook/videos/ewa-2026-06-15)
video-missing    26699795589723328 c0  (expected file not found in facebook/videos/ewa-2026-06-15)
video-missing    26699795589723328 c0  (expected file not found in facebook/videos/ewa-2026-06-15)
carried-forward  1775427966758519 c0  → https://pub-893b4a6a607b4221a894bf861da7914e.r2.dev/1775427966758519.mp4
image-pending    2274280359984500 c0  (HANDOVER §8.5 — image handling not yet built)
image-pending    2274280359984500 c0  (HANDOVER §8.5 — image handling not yet built)
image-pending    2274280359984500 c0  (HANDOVER §8.5 — image handling not yet built)
image-pending    2274280359984500 c0  (HANDOVER §8.5 — image handling not yet built)
carried-forward  2074424716447363 c0  → https://pub-893b4a6a607b4221a894bf861da7914e.r2.dev/2074424716447363.mp4
video-missing    2074424716447363 c0  (expected file not found in facebook/videos/ewa-2026-06-15)
video-missing    2074424716447363 c0  (expected file not found in facebook/videos/ewa-2026-06-15)
video-missing    2074424716447363 c0  (expected file not found in facebook/videos/ewa-2026-06-15)
carried-forward  1301727292157110 c0  → https://dcfd27564ef899969db9a562c7e1945f.r2.cloudflarestorage.com/1301727292157110.mp4
video-missing    1301727292157110 c0  (expected file not found in facebook/videos/ewa-2026-06-15)
video-missing    1301727292157110 c0  (expected file not found in facebook/videos/ewa-2026-06-15)
video-missing    1301727292157110 c0  (expected file not found in facebook/videos/ewa-2026-06-15)
video-missing    1301727292157110 c0  (expected file not found in facebook/videos/ewa-2026-06-15)
video-missing    1301727292157110 c0  (expected file not found in facebook/videos/ewa-2026-06-15)
video-missing    1301727292157110 c0  (expected file not found in facebook/videos/ewa-2026-06-15)
video-missing    1301727292157110 c0  (expected file not found in facebook/videos/ewa-2026-06-15)
video-missing    1301727292157110 c0  (expected file not found in facebook/videos/ewa-2026-06-15)
video-missing    1301727292157110 c0  (expected file not found in facebook/videos/ewa-2026-06-15)
carried-forward  1687231248974468 c0  → https://dcfd27564ef899969db9a562c7e1945f.r2.cloudflarestorage.com/1687231248974468.mp4
video-missing    1687231248974468 c0  (expected file not found in facebook/videos/ewa-2026-06-15)
image-pending    1364528388957027 c0  (HANDOVER §8.5 — image handling not yet built)
image-pending    1364528388957027 c0  (HANDOVER §8.5 — image handling not yet built)
image-pending    1364528388957027 c0  (HANDOVER §8.5 — image handling not yet built)
image-pending    1555974535878600 c0  (HANDOVER §8.5 — image handling not yet built)
image-pending    1555974535878600 c0  (HANDOVER §8.5 — image handling not yet built)
image-pending    1555974535878600 c0  (HANDOVER §8.5 — image handling not yet built)
image-pending    1555974535878600 c0  (HANDOVER §8.5 — image handling not yet built)
image-pending    834062296159136 c0  (HANDOVER §8.5 — image handling not yet built)
carried-forward  993522753543745 c0  → https://pub-893b4a6a607b4221a894bf861da7914e.r2.dev/993522753543745.jpg
image-pending    993522753543745 c0  (HANDOVER §8.5 — image handling not yet built)
image-pending    993522753543745 c0  (HANDOVER §8.5 — image handling not yet built)
image-pending    2047196636676595 c0  (HANDOVER §8.5 — image handling not yet built)
carried-forward  921674677546921 c0  → https://pub-893b4a6a607b4221a894bf861da7914e.r2.dev/921674677546921.mp4
video-missing    921674677546921 c0  (expected file not found in facebook/videos/ewa-2026-06-15)
video-missing    921674677546921 c0  (expected file not found in facebook/videos/ewa-2026-06-15)
image-pending    1576006740533613 c0  (HANDOVER §8.5 — image handling not yet built)
image-pending    2487422425094513 c0  (HANDOVER §8.5 — image handling not yet built)
carried-forward  3393307104181379 c0  → https://pub-893b4a6a607b4221a894bf861da7914e.r2.dev/3393307104181379.jpg
carried-forward  1498548258404362 c0  → https://pub-893b4a6a607b4221a894bf861da7914e.r2.dev/1498548258404362.jpg
carried-forward  3082141868647959 c0  → https://pub-893b4a6a607b4221a894bf861da7914e.r2.dev/3082141868647959.mp4
image-pending    1778797236617593 c0  (HANDOVER §8.5 — image handling not yet built)
carried-forward  2002069144031022 c0  → https://pub-893b4a6a607b4221a894bf861da7914e.r2.dev/2002069144031022.mp4
image-pending    895258996923707 c0  (HANDOVER §8.5 — image handling not yet built)
image-pending    895258996923707 c0  (HANDOVER §8.5 — image handling not yet built)
uploaded         2037343187185005 c0  (video) ← 2037343187185005.mp4  → https://dcfd27564ef899969db9a562c7e1945f.r2.cloudflarestorage.com/2037343187185005.mp4
uploaded         2168783337238749 c0  (video) ← 2168783337238749.mp4  → https://dcfd27564ef899969db9a562c7e1945f.r2.cloudflarestorage.com/2168783337238749.mp4
video-missing    2168783337238749 c0  (expected file not found in facebook/videos/ewa-2026-06-15)
video-missing    2168783337238749 c0  (expected file not found in facebook/videos/ewa-2026-06-15)
video-missing    2168783337238749 c0  (expected file not found in facebook/videos/ewa-2026-06-15)
image-pending    1356165183073251 c0  (HANDOVER §8.5 — image handling not yet built)
image-pending    1356165183073251 c0  (HANDOVER §8.5 — image handling not yet built)
image-pending    1356165183073251 c0  (HANDOVER §8.5 — image handling not yet built)
image-pending    1356165183073251 c0  (HANDOVER §8.5 — image handling not yet built)
image-pending    1356165183073251 c0  (HANDOVER §8.5 — image handling not yet built)
image-pending    1356165183073251 c0  (HANDOVER §8.5 — image handling not yet built)
image-pending    1356165183073251 c0  (HANDOVER §8.5 — image handling not yet built)
image-pending    1356165183073251 c0  (HANDOVER §8.5 — image handling not yet built)
image-pending    1356165183073251 c0  (HANDOVER §8.5 — image handling not yet built)
image-pending    1356165183073251 c0  (HANDOVER §8.5 — image handling not yet built)
image-pending    1356165183073251 c0  (HANDOVER §8.5 — image handling not yet built)
carried-forward  3909428549190825 c0  → https://pub-893b4a6a607b4221a894bf861da7914e.r2.dev/3909428549190825.mp4
image-pending    2828041150887052 c0  (HANDOVER §8.5 — image handling not yet built)
carried-forward  1710607776788908 c0  → https://pub-893b4a6a607b4221a894bf861da7914e.r2.dev/1710607776788908.mp4
carried-forward  2802273483498858 c0  → https://pub-893b4a6a607b4221a894bf861da7914e.r2.dev/2802273483498858.mp4
video-missing    2802273483498858 c0  (expected file not found in facebook/videos/ewa-2026-06-15)
video-missing    2802273483498858 c0  (expected file not found in facebook/videos/ewa-2026-06-15)
video-missing    2802273483498858 c0  (expected file not found in facebook/videos/ewa-2026-06-15)
video-missing    2802273483498858 c0  (expected file not found in facebook/videos/ewa-2026-06-15)
carried-forward  1330220262405214 c0  → https://pub-893b4a6a607b4221a894bf861da7914e.r2.dev/1330220262405214.mp4
video-missing    1330220262405214 c0  (expected file not found in facebook/videos/ewa-2026-06-15)
image-pending    1998295567474543 c0  (HANDOVER §8.5 — image handling not yet built)
image-pending    1998295567474543 c0  (HANDOVER §8.5 — image handling not yet built)
image-pending    1021554723554928 c0  (HANDOVER §8.5 — image handling not yet built)
image-pending    1021554723554928 c0  (HANDOVER §8.5 — image handling not yet built)
image-pending    1021554723554928 c0  (HANDOVER §8.5 — image handling not yet built)
image-pending    1021554723554928 c0  (HANDOVER §8.5 — image handling not yet built)
image-pending    1021554723554928 c0  (HANDOVER §8.5 — image handling not yet built)
carried-forward  1615964059518175 c0  → https://pub-893b4a6a607b4221a894bf861da7914e.r2.dev/1615964059518175.mp4
carried-forward  863702660094887 c0  → https://pub-893b4a6a607b4221a894bf861da7914e.r2.dev/863702660094887.jpg
carried-forward  2018287789081311 c0  → https://pub-893b4a6a607b4221a894bf861da7914e.r2.dev/2018287789081311.jpg
image-pending    863476500140098 c0  (HANDOVER §8.5 — image handling not yet built)
image-pending    970854182508311 c0  (HANDOVER §8.5 — image handling not yet built)
image-pending    970854182508311 c0  (HANDOVER §8.5 — image handling not yet built)
image-pending    1367219931941920 c0  (HANDOVER §8.5 — image handling not yet built)
image-pending    1367219931941920 c0  (HANDOVER §8.5 — image handling not yet built)
image-pending    1367219931941920 c0  (HANDOVER §8.5 — image handling not yet built)
image-pending    1367219931941920 c0  (HANDOVER §8.5 — image handling not yet built)
image-pending    1367219931941920 c0  (HANDOVER §8.5 — image handling not yet built)
image-pending    1367219931941920 c0  (HANDOVER §8.5 — image handling not yet built)
image-pending    1886909255337340 c0  (HANDOVER §8.5 — image handling not yet built)
image-pending    1523166759386254 c0  (HANDOVER §8.5 — image handling not yet built)
image-pending    1346145530265564 c0  (HANDOVER §8.5 — image handling not yet built)
image-pending    1346145530265564 c0  (HANDOVER §8.5 — image handling not yet built)
carried-forward  856958797447184 c0  → https://pub-893b4a6a607b4221a894bf861da7914e.r2.dev/856958797447184.jpg
carried-forward  1712832486810368 c0  → https://dcfd27564ef899969db9a562c7e1945f.r2.cloudflarestorage.com/1712832486810368.mp4
carried-forward  1400706432079785 c0  → https://pub-893b4a6a607b4221a894bf861da7914e.r2.dev/1400706432079785.mp4
video-missing    1400706432079785 c0  (expected file not found in facebook/videos/ewa-2026-06-15)
video-missing    1400706432079785 c0  (expected file not found in facebook/videos/ewa-2026-06-15)
video-missing    1400706432079785 c0  (expected file not found in facebook/videos/ewa-2026-06-15)
video-missing    1400706432079785 c0  (expected file not found in facebook/videos/ewa-2026-06-15)
video-missing    1400706432079785 c0  (expected file not found in facebook/videos/ewa-2026-06-15)
image-pending    1004254755912042 c0  (HANDOVER §8.5 — image handling not yet built)
image-pending    1004254755912042 c0  (HANDOVER §8.5 — image handling not yet built)
image-pending    1004254755912042 c0  (HANDOVER §8.5 — image handling not yet built)
image-pending    1004254755912042 c0  (HANDOVER §8.5 — image handling not yet built)
image-pending    1004254755912042 c0  (HANDOVER §8.5 — image handling not yet built)
image-pending    1004254755912042 c0  (HANDOVER §8.5 — image handling not yet built)
image-pending    1004254755912042 c0  (HANDOVER §8.5 — image handling not yet built)
image-pending    1004254755912042 c0  (HANDOVER §8.5 — image handling not yet built)
image-pending    1004254755912042 c0  (HANDOVER §8.5 — image handling not yet built)
image-pending    1004254755912042 c0  (HANDOVER §8.5 — image handling not yet built)
image-pending    1004254755912042 c0  (HANDOVER §8.5 — image handling not yet built)
image-pending    1004254755912042 c0  (HANDOVER §8.5 — image handling not yet built)
image-pending    991482380157094 c0  (HANDOVER §8.5 — image handling not yet built)
image-pending    991482380157094 c0  (HANDOVER §8.5 — image handling not yet built)
carried-forward  2836808550004625 c0  → https://pub-893b4a6a607b4221a894bf861da7914e.r2.dev/2836808550004625.jpg
image-pending    3310889189093176 c0  (HANDOVER §8.5 — image handling not yet built)
image-pending    1932943247415360 c0  (HANDOVER §8.5 — image handling not yet built)
image-pending    1932943247415360 c0  (HANDOVER §8.5 — image handling not yet built)
image-pending    1932943247415360 c0  (HANDOVER §8.5 — image handling not yet built)
image-pending    1932943247415360 c0  (HANDOVER §8.5 — image handling not yet built)
image-pending    1932943247415360 c0  (HANDOVER §8.5 — image handling not yet built)
image-pending    1932943247415360 c0  (HANDOVER §8.5 — image handling not yet built)
image-pending    1932943247415360 c0  (HANDOVER §8.5 — image handling not yet built)
carried-forward  26924679820549809 c0  → https://pub-893b4a6a607b4221a894bf861da7914e.r2.dev/26924679820549809.mp4
image-pending    1352290086785938 c0  (HANDOVER §8.5 — image handling not yet built)
image-pending    1352290086785938 c0  (HANDOVER §8.5 — image handling not yet built)
image-pending    1352290086785938 c0  (HANDOVER §8.5 — image handling not yet built)
carried-forward  2162579577859249 c0  → https://dcfd27564ef899969db9a562c7e1945f.r2.cloudflarestorage.com/2162579577859249.mp4
carried-forward  27374465252172279 c0  → https://pub-893b4a6a607b4221a894bf861da7914e.r2.dev/27374465252172279.jpg
image-pending    1112487735092797 c0  (HANDOVER §8.5 — image handling not yet built)
carried-forward  26527487926926145 c0  → https://dcfd27564ef899969db9a562c7e1945f.r2.cloudflarestorage.com/26527487926926145.mp4
video-missing    26527487926926145 c0  (expected file not found in facebook/videos/ewa-2026-06-15)
carried-forward  1516036750050633 c0  → https://pub-893b4a6a607b4221a894bf861da7914e.r2.dev/1516036750050633.jpg
image-pending    1564763248598009 c0  (HANDOVER §8.5 — image handling not yet built)
image-pending    1747989286365429 c0  (HANDOVER §8.5 — image handling not yet built)
image-pending    1747989286365429 c0  (HANDOVER §8.5 — image handling not yet built)
image-pending    1747989286365429 c0  (HANDOVER §8.5 — image handling not yet built)
carried-forward  1678172560088678 c0  → https://dcfd27564ef899969db9a562c7e1945f.r2.cloudflarestorage.com/1678172560088678.mp4
video-missing    1678172560088678 c0  (expected file not found in facebook/videos/ewa-2026-06-15)
video-missing    1678172560088678 c0  (expected file not found in facebook/videos/ewa-2026-06-15)
video-missing    1678172560088678 c0  (expected file not found in facebook/videos/ewa-2026-06-15)
carried-forward  1058117360197884 c0  → https://dcfd27564ef899969db9a562c7e1945f.r2.cloudflarestorage.com/1058117360197884.mp4
video-missing    1058117360197884 c0  (expected file not found in facebook/videos/ewa-2026-06-15)
video-missing    1058117360197884 c0  (expected file not found in facebook/videos/ewa-2026-06-15)
video-missing    1058117360197884 c0  (expected file not found in facebook/videos/ewa-2026-06-15)
video-missing    1058117360197884 c0  (expected file not found in facebook/videos/ewa-2026-06-15)
carried-forward  1638747703907752 c0  → https://pub-893b4a6a607b4221a894bf861da7914e.r2.dev/1638747703907752.jpg
image-pending    1013971591100855 c0  (HANDOVER §8.5 — image handling not yet built)
image-pending    1013971591100855 c0  (HANDOVER §8.5 — image handling not yet built)
image-pending    1013971591100855 c0  (HANDOVER §8.5 — image handling not yet built)
image-pending    1013971591100855 c0  (HANDOVER §8.5 — image handling not yet built)
image-pending    1013971591100855 c0  (HANDOVER §8.5 — image handling not yet built)
image-pending    1013971591100855 c0  (HANDOVER §8.5 — image handling not yet built)
image-pending    1013971591100855 c0  (HANDOVER §8.5 — image handling not yet built)
image-pending    1013971591100855 c0  (HANDOVER §8.5 — image handling not yet built)
image-pending    1013971591100855 c0  (HANDOVER §8.5 — image handling not yet built)
image-pending    1013971591100855 c0  (HANDOVER §8.5 — image handling not yet built)
image-pending    1013971591100855 c0  (HANDOVER §8.5 — image handling not yet built)
image-pending    1013971591100855 c0  (HANDOVER §8.5 — image handling not yet built)
image-pending    1013971591100855 c0  (HANDOVER §8.5 — image handling not yet built)
uploaded         2135362157023931 c0  (video) ← 2135362157023931.mp4  → https://dcfd27564ef899969db9a562c7e1945f.r2.cloudflarestorage.com/2135362157023931.mp4
image-pending    1738767367476279 c0  (HANDOVER §8.5 — image handling not yet built)
carried-forward  854035211081241 c0  → https://pub-893b4a6a607b4221a894bf861da7914e.r2.dev/854035211081241.jpg
carried-forward  1002188779168466 c0  → https://pub-893b4a6a607b4221a894bf861da7914e.r2.dev/1002188779168466.mp4
video-missing    1002188779168466 c0  (expected file not found in facebook/videos/ewa-2026-06-15)
video-missing    1002188779168466 c0  (expected file not found in facebook/videos/ewa-2026-06-15)
video-missing    1002188779168466 c0  (expected file not found in facebook/videos/ewa-2026-06-15)
video-missing    1002188779168466 c0  (expected file not found in facebook/videos/ewa-2026-06-15)
video-missing    1002188779168466 c0  (expected file not found in facebook/videos/ewa-2026-06-15)
video-missing    1002188779168466 c0  (expected file not found in facebook/videos/ewa-2026-06-15)
video-missing    1002188779168466 c0  (expected file not found in facebook/videos/ewa-2026-06-15)
video-missing    1002188779168466 c0  (expected file not found in facebook/videos/ewa-2026-06-15)
image-pending    2168269450595812 c0  (HANDOVER §8.5 — image handling not yet built)
image-pending    2168269450595812 c0  (HANDOVER §8.5 — image handling not yet built)
image-pending    2168269450595812 c0  (HANDOVER §8.5 — image handling not yet built)
image-pending    924624243969563 c0  (HANDOVER §8.5 — image handling not yet built)
image-pending    924624243969563 c0  (HANDOVER §8.5 — image handling not yet built)
image-pending    924624243969563 c0  (HANDOVER §8.5 — image handling not yet built)
image-pending    924624243969563 c0  (HANDOVER §8.5 — image handling not yet built)
image-pending    924624243969563 c0  (HANDOVER §8.5 — image handling not yet built)
image-pending    1187347166836893 c0  (HANDOVER §8.5 — image handling not yet built)
image-pending    1187347166836893 c0  (HANDOVER §8.5 — image handling not yet built)
image-pending    4910934169133837 c0  (HANDOVER §8.5 — image handling not yet built)
image-pending    4910934169133837 c0  (HANDOVER §8.5 — image handling not yet built)
image-pending    4910934169133837 c0  (HANDOVER §8.5 — image handling not yet built)
image-pending    4910934169133837 c0  (HANDOVER §8.5 — image handling not yet built)
image-pending    4910934169133837 c0  (HANDOVER §8.5 — image handling not yet built)
image-pending    4910934169133837 c0  (HANDOVER §8.5 — image handling not yet built)
image-pending    4910934169133837 c0  (HANDOVER §8.5 — image handling not yet built)
image-pending    4910934169133837 c0  (HANDOVER §8.5 — image handling not yet built)
image-pending    4910934169133837 c0  (HANDOVER §8.5 — image handling not yet built)
image-pending    4910934169133837 c0  (HANDOVER §8.5 — image handling not yet built)
image-pending    2570906543359293 c0  (HANDOVER §8.5 — image handling not yet built)
carried-forward  1167375775576870 c0  → https://dcfd27564ef899969db9a562c7e1945f.r2.cloudflarestorage.com/1167375775576870.mp4
carried-forward  1623506982046912 c0  → https://dcfd27564ef899969db9a562c7e1945f.r2.cloudflarestorage.com/1623506982046912.mp4
image-pending    1800764750903680 c0  (HANDOVER §8.5 — image handling not yet built)
image-pending    1800764750903680 c0  (HANDOVER §8.5 — image handling not yet built)
image-pending    1800764750903680 c0  (HANDOVER §8.5 — image handling not yet built)
image-pending    1800764750903680 c0  (HANDOVER §8.5 — image handling not yet built)
image-pending    1800764750903680 c0  (HANDOVER §8.5 — image handling not yet built)
image-pending    2784199618624688 c0  (HANDOVER §8.5 — image handling not yet built)
image-pending    2784199618624688 c0  (HANDOVER §8.5 — image handling not yet built)
image-pending    2784199618624688 c0  (HANDOVER §8.5 — image handling not yet built)
image-pending    982687991412273 c0  (HANDOVER §8.5 — image handling not yet built)
carried-forward  2200801820762579 c0  → https://pub-893b4a6a607b4221a894bf861da7914e.r2.dev/2200801820762579.mp4
carried-forward  2046249736098857 c0  → https://pub-893b4a6a607b4221a894bf861da7914e.r2.dev/2046249736098857.mp4
image-pending    2022314308678159 c0  (HANDOVER §8.5 — image handling not yet built)
image-pending    1393866319240034 c0  (HANDOVER §8.5 — image handling not yet built)
image-pending    3379698175563929 c0  (HANDOVER §8.5 — image handling not yet built)
carried-forward  4126745547617414 c0  → https://dcfd27564ef899969db9a562c7e1945f.r2.cloudflarestorage.com/4126745547617414.mp4
uploaded         27303257282640070 c0  (video) ← 27303257282640070.mp4  → https://dcfd27564ef899969db9a562c7e1945f.r2.cloudflarestorage.com/27303257282640070.mp4
carried-forward  1473626980759122 c0  → https://dcfd27564ef899969db9a562c7e1945f.r2.cloudflarestorage.com/1473626980759122.mp4
video-missing    1473626980759122 c0  (expected file not found in facebook/videos/ewa-2026-06-15)
carried-forward  1466779631444076 c0  → https://dcfd27564ef899969db9a562c7e1945f.r2.cloudflarestorage.com/1466779631444076.mp4
video-missing    1466779631444076 c0  (expected file not found in facebook/videos/ewa-2026-06-15)
image-pending    2190704001717834 c0  (HANDOVER §8.5 — image handling not yet built)
uploaded         2043327359613670 c0  (video) ← 2043327359613670.mp4  → https://dcfd27564ef899969db9a562c7e1945f.r2.cloudflarestorage.com/2043327359613670.mp4
video-missing    2043327359613670 c0  (expected file not found in facebook/videos/ewa-2026-06-15)
video-missing    2043327359613670 c0  (expected file not found in facebook/videos/ewa-2026-06-15)
video-missing    2043327359613670 c0  (expected file not found in facebook/videos/ewa-2026-06-15)
image-pending    2000081543932497 c0  (HANDOVER §8.5 — image handling not yet built)
image-pending    2000081543932497 c0  (HANDOVER §8.5 — image handling not yet built)
image-pending    2000081543932497 c0  (HANDOVER §8.5 — image handling not yet built)
image-pending    2000081543932497 c0  (HANDOVER §8.5 — image handling not yet built)
image-pending    4401905866621036 c0  (HANDOVER §8.5 — image handling not yet built)
carried-forward  1309985493978099 c0  → https://pub-893b4a6a607b4221a894bf861da7914e.r2.dev/1309985493978099.mp4
video-missing    1309985493978099 c0  (expected file not found in facebook/videos/ewa-2026-06-15)
video-missing    1309985493978099 c0  (expected file not found in facebook/videos/ewa-2026-06-15)
video-missing    1309985493978099 c0  (expected file not found in facebook/videos/ewa-2026-06-15)
video-missing    1309985493978099 c0  (expected file not found in facebook/videos/ewa-2026-06-15)
video-missing    1309985493978099 c0  (expected file not found in facebook/videos/ewa-2026-06-15)
image-pending    2507531419701992 c0  (HANDOVER §8.5 — image handling not yet built)
image-pending    2507531419701992 c0  (HANDOVER §8.5 — image handling not yet built)
image-pending    2507531419701992 c0  (HANDOVER §8.5 — image handling not yet built)
image-pending    840531052111660 c0  (HANDOVER §8.5 — image handling not yet built)
carried-forward  1551314176504179 c0  → https://dcfd27564ef899969db9a562c7e1945f.r2.cloudflarestorage.com/1551314176504179.mp4
video-missing    1551314176504179 c0  (expected file not found in facebook/videos/ewa-2026-06-15)
video-missing    1551314176504179 c0  (expected file not found in facebook/videos/ewa-2026-06-15)
video-missing    1551314176504179 c0  (expected file not found in facebook/videos/ewa-2026-06-15)
video-missing    1551314176504179 c0  (expected file not found in facebook/videos/ewa-2026-06-15)
carried-forward  1147669700867740 c0  → https://pub-893b4a6a607b4221a894bf861da7914e.r2.dev/1147669700867740.jpg
image-pending    1147669700867740 c0  (HANDOVER §8.5 — image handling not yet built)
image-pending    1147669700867740 c0  (HANDOVER §8.5 — image handling not yet built)
image-pending    1147669700867740 c0  (HANDOVER §8.5 — image handling not yet built)
image-pending    1147669700867740 c0  (HANDOVER §8.5 — image handling not yet built)
image-pending    1147669700867740 c0  (HANDOVER §8.5 — image handling not yet built)
image-pending    976995418560060 c0  (HANDOVER §8.5 — image handling not yet built)
image-pending    976995418560060 c0  (HANDOVER §8.5 — image handling not yet built)
image-pending    1055808554291829 c0  (HANDOVER §8.5 — image handling not yet built)
image-pending    1055808554291829 c0  (HANDOVER §8.5 — image handling not yet built)
image-pending    1055808554291829 c0  (HANDOVER §8.5 — image handling not yet built)
image-pending    849421194892445 c0  (HANDOVER §8.5 — image handling not yet built)
image-pending    849421194892445 c0  (HANDOVER §8.5 — image handling not yet built)
uploaded         2292649924605482 c0  (video) ← 2292649924605482.mp4  → https://dcfd27564ef899969db9a562c7e1945f.r2.cloudflarestorage.com/2292649924605482.mp4
video-missing    2292649924605482 c0  (expected file not found in facebook/videos/ewa-2026-06-15)
video-missing    2292649924605482 c0  (expected file not found in facebook/videos/ewa-2026-06-15)
video-missing    2292649924605482 c0  (expected file not found in facebook/videos/ewa-2026-06-15)
image-pending    3537150746432305 c0  (HANDOVER §8.5 — image handling not yet built)
image-pending    2263147084456380 c0  (HANDOVER §8.5 — image handling not yet built)
image-pending    2263147084456380 c0  (HANDOVER §8.5 — image handling not yet built)
carried-forward  1469196281598691 c0  → https://pub-893b4a6a607b4221a894bf861da7914e.r2.dev/1469196281598691.mp4
carried-forward  1470161190961581 c0  → https://pub-893b4a6a607b4221a894bf861da7914e.r2.dev/1470161190961581.mp4
video-missing    1470161190961581 c0  (expected file not found in facebook/videos/ewa-2026-06-15)
video-missing    1470161190961581 c0  (expected file not found in facebook/videos/ewa-2026-06-15)
video-missing    1470161190961581 c0  (expected file not found in facebook/videos/ewa-2026-06-15)
video-missing    1470161190961581 c0  (expected file not found in facebook/videos/ewa-2026-06-15)
carried-forward  963108496545935 c0  → https://dcfd27564ef899969db9a562c7e1945f.r2.cloudflarestorage.com/963108496545935.mp4
video-missing    963108496545935 c0  (expected file not found in facebook/videos/ewa-2026-06-15)
image-pending    4507175796226804 c0  (HANDOVER §8.5 — image handling not yet built)
image-pending    4507175796226804 c0  (HANDOVER §8.5 — image handling not yet built)
image-pending    4507175796226804 c0  (HANDOVER §8.5 — image handling not yet built)
image-pending    4507175796226804 c0  (HANDOVER §8.5 — image handling not yet built)
image-pending    4507175796226804 c0  (HANDOVER §8.5 — image handling not yet built)
carried-forward  1663976678262982 c0  → https://pub-893b4a6a607b4221a894bf861da7914e.r2.dev/1663976678262982.jpg
image-pending    4508376486105380 c0  (HANDOVER §8.5 — image handling not yet built)
carried-forward  1033720222659700 c0  → https://dcfd27564ef899969db9a562c7e1945f.r2.cloudflarestorage.com/1033720222659700.mp4
carried-forward  4432608193689119 c0  → https://dcfd27564ef899969db9a562c7e1945f.r2.cloudflarestorage.com/4432608193689119.mp4
image-pending    1373620194637136 c0  (HANDOVER §8.5 — image handling not yet built)
image-pending    1026260910074027 c0  (HANDOVER §8.5 — image handling not yet built)
image-pending    1026260910074027 c0  (HANDOVER §8.5 — image handling not yet built)
image-pending    1026260910074027 c0  (HANDOVER §8.5 — image handling not yet built)
carried-forward  1305744075004237 c0  → https://pub-893b4a6a607b4221a894bf861da7914e.r2.dev/1305744075004237.jpg
image-pending    1305744075004237 c0  (HANDOVER §8.5 — image handling not yet built)
image-pending    1305744075004237 c0  (HANDOVER §8.5 — image handling not yet built)
image-pending    1305744075004237 c0  (HANDOVER §8.5 — image handling not yet built)
image-pending    1305744075004237 c0  (HANDOVER §8.5 — image handling not yet built)
image-pending    1305744075004237 c0  (HANDOVER §8.5 — image handling not yet built)
image-pending    1305744075004237 c0  (HANDOVER §8.5 — image handling not yet built)
image-pending    1305744075004237 c0  (HANDOVER §8.5 — image handling not yet built)
image-pending    1305744075004237 c0  (HANDOVER §8.5 — image handling not yet built)
image-pending    1512352960388942 c0  (HANDOVER §8.5 — image handling not yet built)
image-pending    1512352960388942 c0  (HANDOVER §8.5 — image handling not yet built)
image-pending    1512352960388942 c0  (HANDOVER §8.5 — image handling not yet built)
image-pending    1512352960388942 c0  (HANDOVER §8.5 — image handling not yet built)
carried-forward  1782620252703596 c0  → https://dcfd27564ef899969db9a562c7e1945f.r2.cloudflarestorage.com/1782620252703596.mp4
video-missing    1782620252703596 c0  (expected file not found in facebook/videos/ewa-2026-06-15)
video-missing    1782620252703596 c0  (expected file not found in facebook/videos/ewa-2026-06-15)
video-missing    1782620252703596 c0  (expected file not found in facebook/videos/ewa-2026-06-15)
video-missing    1782620252703596 c0  (expected file not found in facebook/videos/ewa-2026-06-15)
video-missing    1782620252703596 c0  (expected file not found in facebook/videos/ewa-2026-06-15)
image-pending    1000675962919066 c0  (HANDOVER §8.5 — image handling not yet built)
carried-forward  2324048078128104 c0  → https://dcfd27564ef899969db9a562c7e1945f.r2.cloudflarestorage.com/2324048078128104.mp4
carried-forward  1531531011740775 c0  → https://pub-893b4a6a607b4221a894bf861da7914e.r2.dev/1531531011740775.mp4
image-pending    26993504810292585 c0  (HANDOVER §8.5 — image handling not yet built)
image-pending    26993504810292585 c0  (HANDOVER §8.5 — image handling not yet built)
image-pending    26993504810292585 c0  (HANDOVER §8.5 — image handling not yet built)
image-pending    26993504810292585 c0  (HANDOVER §8.5 — image handling not yet built)
image-pending    26993504810292585 c0  (HANDOVER §8.5 — image handling not yet built)
image-pending    1756325555724934 c0  (HANDOVER §8.5 — image handling not yet built)
image-pending    1756325555724934 c0  (HANDOVER §8.5 — image handling not yet built)
image-pending    1756325555724934 c0  (HANDOVER §8.5 — image handling not yet built)
uploaded         1525308772455648 c0  (video) ← 1525308772455648.mp4  → https://dcfd27564ef899969db9a562c7e1945f.r2.cloudflarestorage.com/1525308772455648.mp4
video-missing    1525308772455648 c0  (expected file not found in facebook/videos/ewa-2026-06-15)
video-missing    1525308772455648 c0  (expected file not found in facebook/videos/ewa-2026-06-15)
video-missing    1525308772455648 c0  (expected file not found in facebook/videos/ewa-2026-06-15)
image-pending    977442941788973 c0  (HANDOVER §8.5 — image handling not yet built)
image-pending    977442941788973 c0  (HANDOVER §8.5 — image handling not yet built)
carried-forward  748449174977604 c0  → https://pub-893b4a6a607b4221a894bf861da7914e.r2.dev/748449174977604.mp4
video-missing    748449174977604 c0  (expected file not found in facebook/videos/ewa-2026-06-15)
image-pending    1006940368415873 c0  (HANDOVER §8.5 — image handling not yet built)
image-pending    1360157755956403 c0  (HANDOVER §8.5 — image handling not yet built)
image-pending    1360157755956403 c0  (HANDOVER §8.5 — image handling not yet built)
carried-forward  2451130642067796 c0  → https://dcfd27564ef899969db9a562c7e1945f.r2.cloudflarestorage.com/2451130642067796.mp4
video-missing    2451130642067796 c0  (expected file not found in facebook/videos/ewa-2026-06-15)
carried-forward  27234431866182674 c0  → https://pub-893b4a6a607b4221a894bf861da7914e.r2.dev/27234431866182674.jpg
image-pending    2469387960228137 c0  (HANDOVER §8.5 — image handling not yet built)
image-pending    2469387960228137 c0  (HANDOVER §8.5 — image handling not yet built)
image-pending    2469387960228137 c0  (HANDOVER §8.5 — image handling not yet built)
image-pending    2469387960228137 c0  (HANDOVER §8.5 — image handling not yet built)
image-pending    1625955415169239 c0  (HANDOVER §8.5 — image handling not yet built)
image-pending    1532577998491537 c0  (HANDOVER §8.5 — image handling not yet built)
image-pending    1532577998491537 c0  (HANDOVER §8.5 — image handling not yet built)
image-pending    1532577998491537 c0  (HANDOVER §8.5 — image handling not yet built)
image-pending    1532577998491537 c0  (HANDOVER §8.5 — image handling not yet built)
uploaded         1019926514033118 c0  (video) ← 1019926514033118.mp4  → https://dcfd27564ef899969db9a562c7e1945f.r2.cloudflarestorage.com/1019926514033118.mp4
video-missing    1019926514033118 c0  (expected file not found in facebook/videos/ewa-2026-06-15)
video-missing    1019926514033118 c0  (expected file not found in facebook/videos/ewa-2026-06-15)
video-missing    1019926514033118 c0  (expected file not found in facebook/videos/ewa-2026-06-15)
carried-forward  1616366769446443 c0  → https://pub-893b4a6a607b4221a894bf861da7914e.r2.dev/1616366769446443.jpg
image-pending    1616366769446443 c0  (HANDOVER §8.5 — image handling not yet built)
image-pending    1616366769446443 c0  (HANDOVER §8.5 — image handling not yet built)
carried-forward  2900746573604126 c0  → https://pub-893b4a6a607b4221a894bf861da7914e.r2.dev/2900746573604126.jpg
carried-forward  1417219330161259 c0  → https://dcfd27564ef899969db9a562c7e1945f.r2.cloudflarestorage.com/1417219330161259.mp4
video-missing    1417219330161259 c0  (expected file not found in facebook/videos/ewa-2026-06-15)
video-missing    1417219330161259 c0  (expected file not found in facebook/videos/ewa-2026-06-15)
video-missing    1417219330161259 c0  (expected file not found in facebook/videos/ewa-2026-06-15)
video-missing    1417219330161259 c0  (expected file not found in facebook/videos/ewa-2026-06-15)
video-missing    1417219330161259 c0  (expected file not found in facebook/videos/ewa-2026-06-15)
image-pending    1674624813858500 c0  (HANDOVER §8.5 — image handling not yet built)
image-pending    1674624813858500 c0  (HANDOVER §8.5 — image handling not yet built)
image-pending    1674624813858500 c0  (HANDOVER §8.5 — image handling not yet built)
image-pending    1674624813858500 c0  (HANDOVER §8.5 — image handling not yet built)
image-pending    1674624813858500 c0  (HANDOVER §8.5 — image handling not yet built)
image-pending    1674624813858500 c0  (HANDOVER §8.5 — image handling not yet built)
carried-forward  1487431269774334 c0  → https://dcfd27564ef899969db9a562c7e1945f.r2.cloudflarestorage.com/1487431269774334.mp4
video-missing    1487431269774334 c0  (expected file not found in facebook/videos/ewa-2026-06-15)
video-missing    1487431269774334 c0  (expected file not found in facebook/videos/ewa-2026-06-15)
video-missing    1487431269774334 c0  (expected file not found in facebook/videos/ewa-2026-06-15)
video-missing    1487431269774334 c0  (expected file not found in facebook/videos/ewa-2026-06-15)
carried-forward  1315011743464478 c0  → https://dcfd27564ef899969db9a562c7e1945f.r2.cloudflarestorage.com/1315011743464478.mp4
carried-forward  1984446602947566 c0  → https://dcfd27564ef899969db9a562c7e1945f.r2.cloudflarestorage.com/1984446602947566.mp4
video-missing    1984446602947566 c0  (expected file not found in facebook/videos/ewa-2026-06-15)
video-missing    1984446602947566 c0  (expected file not found in facebook/videos/ewa-2026-06-15)
video-missing    2413402795825755 c0  (expected file not found in facebook/videos/ewa-2026-06-15)
video-missing    2413402795825755 c0  (expected file not found in facebook/videos/ewa-2026-06-15)
video-missing    2413402795825755 c0  (expected file not found in facebook/videos/ewa-2026-06-15)
video-missing    2413402795825755 c0  (expected file not found in facebook/videos/ewa-2026-06-15)
image-pending    2390970017975305 c0  (HANDOVER §8.5 — image handling not yet built)
carried-forward  1661739358296913 c0  → https://pub-893b4a6a607b4221a894bf861da7914e.r2.dev/1661739358296913.mp4
uploaded         27467457382887182 c0  (video) ← 27467457382887182.mp4  → https://dcfd27564ef899969db9a562c7e1945f.r2.cloudflarestorage.com/27467457382887182.mp4
image-pending    1320014936993365 c0  (HANDOVER §8.5 — image handling not yet built)
image-pending    1458291366159790 c0  (HANDOVER §8.5 — image handling not yet built)
carried-forward  1672662687079904 c0  → https://pub-893b4a6a607b4221a894bf861da7914e.r2.dev/1672662687079904.mp4
video-missing    1672662687079904 c0  (expected file not found in facebook/videos/ewa-2026-06-15)
video-missing    1672662687079904 c0  (expected file not found in facebook/videos/ewa-2026-06-15)
video-missing    1672662687079904 c0  (expected file not found in facebook/videos/ewa-2026-06-15)
video-missing    1672662687079904 c0  (expected file not found in facebook/videos/ewa-2026-06-15)
video-missing    1672662687079904 c0  (expected file not found in facebook/videos/ewa-2026-06-15)
video-missing    1672662687079904 c0  (expected file not found in facebook/videos/ewa-2026-06-15)
video-missing    1672662687079904 c0  (expected file not found in facebook/videos/ewa-2026-06-15)
video-missing    1672662687079904 c0  (expected file not found in facebook/videos/ewa-2026-06-15)
image-pending    1984017578879939 c0  (HANDOVER §8.5 — image handling not yet built)
image-pending    1984017578879939 c0  (HANDOVER §8.5 — image handling not yet built)
image-pending    1984017578879939 c0  (HANDOVER §8.5 — image handling not yet built)
image-pending    1984017578879939 c0  (HANDOVER §8.5 — image handling not yet built)
image-pending    1984017578879939 c0  (HANDOVER §8.5 — image handling not yet built)
image-pending    1984017578879939 c0  (HANDOVER §8.5 — image handling not yet built)
carried-forward  1467590517905403 c0  → https://pub-893b4a6a607b4221a894bf861da7914e.r2.dev/1467590517905403.jpg
carried-forward  2518113965291270 c0  → https://pub-893b4a6a607b4221a894bf861da7914e.r2.dev/2518113965291270.mp4
image-pending    1660487428572907 c0  (HANDOVER §8.5 — image handling not yet built)
image-pending    1660487428572907 c0  (HANDOVER §8.5 — image handling not yet built)
image-pending    1660487428572907 c0  (HANDOVER §8.5 — image handling not yet built)
image-pending    1660487428572907 c0  (HANDOVER §8.5 — image handling not yet built)
image-pending    1660487428572907 c0  (HANDOVER §8.5 — image handling not yet built)
image-pending    1290529639937676 c0  (HANDOVER §8.5 — image handling not yet built)
image-pending    1290529639937676 c0  (HANDOVER §8.5 — image handling not yet built)
image-pending    1290529639937676 c0  (HANDOVER §8.5 — image handling not yet built)
image-pending    1290529639937676 c0  (HANDOVER §8.5 — image handling not yet built)
image-pending    1949216799060945 c0  (HANDOVER §8.5 — image handling not yet built)
image-pending    1690675848655559 c0  (HANDOVER §8.5 — image handling not yet built)
carried-forward  1662614731698719 c0  → https://dcfd27564ef899969db9a562c7e1945f.r2.cloudflarestorage.com/1662614731698719.mp4
image-pending    1001702242390429 c0  (HANDOVER §8.5 — image handling not yet built)
image-pending    1230184812451877 c0  (HANDOVER §8.5 — image handling not yet built)
image-pending    1230184812451877 c0  (HANDOVER §8.5 — image handling not yet built)
image-pending    1230184812451877 c0  (HANDOVER §8.5 — image handling not yet built)
image-pending    1230184812451877 c0  (HANDOVER §8.5 — image handling not yet built)
image-pending    1230184812451877 c0  (HANDOVER §8.5 — image handling not yet built)
carried-forward  945485928324564 c0  → https://pub-893b4a6a607b4221a894bf861da7914e.r2.dev/945485928324564.mp4
image-pending    1360957355881202 c0  (HANDOVER §8.5 — image handling not yet built)
image-pending    1360957355881202 c0  (HANDOVER §8.5 — image handling not yet built)
image-pending    885131757939246 c0  (HANDOVER §8.5 — image handling not yet built)
image-pending    885131757939246 c0  (HANDOVER §8.5 — image handling not yet built)
image-pending    885131757939246 c0  (HANDOVER §8.5 — image handling not yet built)
carried-forward  4329442474033664 c0  → https://pub-893b4a6a607b4221a894bf861da7914e.r2.dev/4329442474033664.mp4
video-missing    4329442474033664 c0  (expected file not found in facebook/videos/ewa-2026-06-15)
image-pending    1661299481807644 c0  (HANDOVER §8.5 — image handling not yet built)
image-pending    1300934855441569 c0  (HANDOVER §8.5 — image handling not yet built)
image-pending    976926701802664 c0  (HANDOVER §8.5 — image handling not yet built)
image-pending    976926701802664 c0  (HANDOVER §8.5 — image handling not yet built)
carried-forward  4386299718181697 c0  → https://dcfd27564ef899969db9a562c7e1945f.r2.cloudflarestorage.com/4386299718181697.mp4
video-missing    4386299718181697 c0  (expected file not found in facebook/videos/ewa-2026-06-15)
video-missing    4386299718181697 c0  (expected file not found in facebook/videos/ewa-2026-06-15)
video-missing    4386299718181697 c0  (expected file not found in facebook/videos/ewa-2026-06-15)
video-missing    4386299718181697 c0  (expected file not found in facebook/videos/ewa-2026-06-15)
carried-forward  2425811354550177 c0  → https://dcfd27564ef899969db9a562c7e1945f.r2.cloudflarestorage.com/2425811354550177.mp4
video-missing    2425811354550177 c0  (expected file not found in facebook/videos/ewa-2026-06-15)
video-missing    2425811354550177 c0  (expected file not found in facebook/videos/ewa-2026-06-15)
video-missing    2425811354550177 c0  (expected file not found in facebook/videos/ewa-2026-06-15)
video-missing    2425811354550177 c0  (expected file not found in facebook/videos/ewa-2026-06-15)
video-missing    2425811354550177 c0  (expected file not found in facebook/videos/ewa-2026-06-15)
image-pending    970945529163508 c0  (HANDOVER §8.5 — image handling not yet built)
uploaded         2907138542972871 c0  (video) ← 2907138542972871.mp4  → https://dcfd27564ef899969db9a562c7e1945f.r2.cloudflarestorage.com/2907138542972871.mp4
video-missing    2907138542972871 c0  (expected file not found in facebook/videos/ewa-2026-06-15)
video-missing    2907138542972871 c0  (expected file not found in facebook/videos/ewa-2026-06-15)
video-missing    2907138542972871 c0  (expected file not found in facebook/videos/ewa-2026-06-15)
video-missing    2907138542972871 c0  (expected file not found in facebook/videos/ewa-2026-06-15)
video-missing    2907138542972871 c0  (expected file not found in facebook/videos/ewa-2026-06-15)
video-missing    2907138542972871 c0  (expected file not found in facebook/videos/ewa-2026-06-15)
video-missing    2907138542972871 c0  (expected file not found in facebook/videos/ewa-2026-06-15)
image-pending    1671182960599127 c0  (HANDOVER §8.5 — image handling not yet built)
image-pending    1671182960599127 c0  (HANDOVER §8.5 — image handling not yet built)
image-pending    1671182960599127 c0  (HANDOVER §8.5 — image handling not yet built)
image-pending    1671182960599127 c0  (HANDOVER §8.5 — image handling not yet built)
image-pending    1512456087045628 c0  (HANDOVER §8.5 — image handling not yet built)
image-pending    982431914392115 c0  (HANDOVER §8.5 — image handling not yet built)
carried-forward  856246240275453 c0  → https://pub-893b4a6a607b4221a894bf861da7914e.r2.dev/856246240275453.jpg
carried-forward  1666551181294018 c0  → https://dcfd27564ef899969db9a562c7e1945f.r2.cloudflarestorage.com/1666551181294018.mp4
video-missing    1666551181294018 c0  (expected file not found in facebook/videos/ewa-2026-06-15)
video-missing    1666551181294018 c0  (expected file not found in facebook/videos/ewa-2026-06-15)
video-missing    1666551181294018 c0  (expected file not found in facebook/videos/ewa-2026-06-15)
video-missing    1666551181294018 c0  (expected file not found in facebook/videos/ewa-2026-06-15)
video-missing    1666551181294018 c0  (expected file not found in facebook/videos/ewa-2026-06-15)
uploaded         2187208842033777 c0  (video) ← 2187208842033777.mp4  → https://dcfd27564ef899969db9a562c7e1945f.r2.cloudflarestorage.com/2187208842033777.mp4
video-missing    2187208842033777 c0  (expected file not found in facebook/videos/ewa-2026-06-15)
video-missing    2187208842033777 c0  (expected file not found in facebook/videos/ewa-2026-06-15)
video-missing    2187208842033777 c0  (expected file not found in facebook/videos/ewa-2026-06-15)
image-pending    2132038780706758 c0  (HANDOVER §8.5 — image handling not yet built)
image-pending    2132038780706758 c0  (HANDOVER §8.5 — image handling not yet built)
image-pending    2132038780706758 c0  (HANDOVER §8.5 — image handling not yet built)
image-pending    2132038780706758 c0  (HANDOVER §8.5 — image handling not yet built)
image-pending    2132038780706758 c0  (HANDOVER §8.5 — image handling not yet built)
image-pending    2132038780706758 c0  (HANDOVER §8.5 — image handling not yet built)
image-pending    2132038780706758 c0  (HANDOVER §8.5 — image handling not yet built)
image-pending    2132038780706758 c0  (HANDOVER §8.5 — image handling not yet built)
image-pending    2132038780706758 c0  (HANDOVER §8.5 — image handling not yet built)
image-pending    2229932844411547 c0  (HANDOVER §8.5 — image handling not yet built)
image-pending    2229932844411547 c0  (HANDOVER §8.5 — image handling not yet built)
image-pending    2229932844411547 c0  (HANDOVER §8.5 — image handling not yet built)
image-pending    27024657047203318 c0  (HANDOVER §8.5 — image handling not yet built)
image-pending    2872560833089307 c0  (HANDOVER §8.5 — image handling not yet built)
image-pending    1308228347418237 c0  (HANDOVER §8.5 — image handling not yet built)
image-pending    1308228347418237 c0  (HANDOVER §8.5 — image handling not yet built)
image-pending    1812026776449596 c0  (HANDOVER §8.5 — image handling not yet built)
carried-forward  1622887822155005 c0  → https://dcfd27564ef899969db9a562c7e1945f.r2.cloudflarestorage.com/1622887822155005.mp4
image-pending    1531524845227325 c0  (HANDOVER §8.5 — image handling not yet built)
video-missing    961099613593088 c0  (expected file not found in facebook/videos/ewa-2026-06-15)
carried-forward  995547649633709 c0  → https://pub-893b4a6a607b4221a894bf861da7914e.r2.dev/995547649633709.jpg
image-pending    1235629628499223 c0  (HANDOVER §8.5 — image handling not yet built)
image-pending    1235629628499223 c0  (HANDOVER §8.5 — image handling not yet built)
image-pending    1235629628499223 c0  (HANDOVER §8.5 — image handling not yet built)
image-pending    1235629628499223 c0  (HANDOVER §8.5 — image handling not yet built)
image-pending    1235629628499223 c0  (HANDOVER §8.5 — image handling not yet built)
image-pending    1574233954060984 c0  (HANDOVER §8.5 — image handling not yet built)
image-pending    995773806758710 c0  (HANDOVER §8.5 — image handling not yet built)
image-pending    995773806758710 c0  (HANDOVER §8.5 — image handling not yet built)
uploaded         2217421555699121 c0  (video) ← 2217421555699121.mp4  → https://dcfd27564ef899969db9a562c7e1945f.r2.cloudflarestorage.com/2217421555699121.mp4
uploaded         873866945755621 c0  (video) ← 873866945755621.mp4  → https://dcfd27564ef899969db9a562c7e1945f.r2.cloudflarestorage.com/873866945755621.mp4
carried-forward  1570387094444003 c0  → https://dcfd27564ef899969db9a562c7e1945f.r2.cloudflarestorage.com/1570387094444003.mp4
image-pending    1552879563067988 c0  (HANDOVER §8.5 — image handling not yet built)
carried-forward  1552331612902586 c0  → https://dcfd27564ef899969db9a562c7e1945f.r2.cloudflarestorage.com/1552331612902586.mp4
video-missing    1552331612902586 c0  (expected file not found in facebook/videos/ewa-2026-06-15)
video-missing    1552331612902586 c0  (expected file not found in facebook/videos/ewa-2026-06-15)
uploaded         4335812066748385 c0  (video) ← 4335812066748385.mp4  → https://dcfd27564ef899969db9a562c7e1945f.r2.cloudflarestorage.com/4335812066748385.mp4
video-missing    4335812066748385 c0  (expected file not found in facebook/videos/ewa-2026-06-15)
video-missing    4335812066748385 c0  (expected file not found in facebook/videos/ewa-2026-06-15)
carried-forward  1044787747871698 c0  → https://dcfd27564ef899969db9a562c7e1945f.r2.cloudflarestorage.com/1044787747871698.mp4
image-pending    1570090378067537 c0  (HANDOVER §8.5 — image handling not yet built)
image-pending    1570090378067537 c0  (HANDOVER §8.5 — image handling not yet built)
image-pending    1526653839098936 c0  (HANDOVER §8.5 — image handling not yet built)
carried-forward  35898341513114063 c0  → https://pub-893b4a6a607b4221a894bf861da7914e.r2.dev/35898341513114063.mp4
video-missing    35898341513114063 c0  (expected file not found in facebook/videos/ewa-2026-06-15)
video-missing    35898341513114063 c0  (expected file not found in facebook/videos/ewa-2026-06-15)
video-missing    35898341513114063 c0  (expected file not found in facebook/videos/ewa-2026-06-15)
video-missing    35898341513114063 c0  (expected file not found in facebook/videos/ewa-2026-06-15)
video-missing    35898341513114063 c0  (expected file not found in facebook/videos/ewa-2026-06-15)
video-missing    35898341513114063 c0  (expected file not found in facebook/videos/ewa-2026-06-15)
carried-forward  1547758616939744 c0  → https://dcfd27564ef899969db9a562c7e1945f.r2.cloudflarestorage.com/1547758616939744.mp4
image-pending    838187072351943 c0  (HANDOVER §8.5 — image handling not yet built)
image-pending    838187072351943 c0  (HANDOVER §8.5 — image handling not yet built)
image-pending    4062884250671164 c0  (HANDOVER §8.5 — image handling not yet built)
carried-forward  1058146399884280 c0  → https://dcfd27564ef899969db9a562c7e1945f.r2.cloudflarestorage.com/1058146399884280.mp4
video-missing    1058146399884280 c0  (expected file not found in facebook/videos/ewa-2026-06-15)
carried-forward  2892872337720754 c0  → https://dcfd27564ef899969db9a562c7e1945f.r2.cloudflarestorage.com/2892872337720754.mp4
video-missing    2892872337720754 c0  (expected file not found in facebook/videos/ewa-2026-06-15)
video-missing    2892872337720754 c0  (expected file not found in facebook/videos/ewa-2026-06-15)
video-missing    2892872337720754 c0  (expected file not found in facebook/videos/ewa-2026-06-15)
carried-forward  1458913169566943 c0  → https://dcfd27564ef899969db9a562c7e1945f.r2.cloudflarestorage.com/1458913169566943.mp4
image-pending    2180301072735314 c0  (HANDOVER §8.5 — image handling not yet built)
image-pending    882559804887701 c0  (HANDOVER §8.5 — image handling not yet built)
carried-forward  1468431117820358 c0  → https://pub-893b4a6a607b4221a894bf861da7914e.r2.dev/1468431117820358.jpg
uploaded         914014488376256 c0  (video) ← 914014488376256.mp4  → https://dcfd27564ef899969db9a562c7e1945f.r2.cloudflarestorage.com/914014488376256.mp4
uploaded         1359882226015740 c0  (video) ← 1359882226015740.mp4  → https://dcfd27564ef899969db9a562c7e1945f.r2.cloudflarestorage.com/1359882226015740.mp4
video-missing    1359882226015740 c0  (expected file not found in facebook/videos/ewa-2026-06-15)
video-missing    1359882226015740 c0  (expected file not found in facebook/videos/ewa-2026-06-15)
video-missing    1359882226015740 c0  (expected file not found in facebook/videos/ewa-2026-06-15)
video-missing    1359882226015740 c0  (expected file not found in facebook/videos/ewa-2026-06-15)
video-missing    1359882226015740 c0  (expected file not found in facebook/videos/ewa-2026-06-15)
uploaded         1690372411991547 c0  (video) ← 1690372411991547.mp4  → https://dcfd27564ef899969db9a562c7e1945f.r2.cloudflarestorage.com/1690372411991547.mp4
carried-forward  1991582411458608 c0  → https://dcfd27564ef899969db9a562c7e1945f.r2.cloudflarestorage.com/1991582411458608.mp4
video-missing    1991582411458608 c0  (expected file not found in facebook/videos/ewa-2026-06-15)
video-missing    1991582411458608 c0  (expected file not found in facebook/videos/ewa-2026-06-15)
video-missing    1991582411458608 c0  (expected file not found in facebook/videos/ewa-2026-06-15)
video-missing    1991582411458608 c0  (expected file not found in facebook/videos/ewa-2026-06-15)
video-missing    1991582411458608 c0  (expected file not found in facebook/videos/ewa-2026-06-15)
uploaded         1298528725593402 c0  (video) ← 1298528725593402.mp4  → https://dcfd27564ef899969db9a562c7e1945f.r2.cloudflarestorage.com/1298528725593402.mp4
carried-forward  1465585751990677 c0  → https://dcfd27564ef899969db9a562c7e1945f.r2.cloudflarestorage.com/1465585751990677.mp4
image-pending    890737807381989 c0  (HANDOVER §8.5 — image handling not yet built)
image-pending    896045226842699 c0  (HANDOVER §8.5 — image handling not yet built)
image-pending    1514127293641623 c0  (HANDOVER §8.5 — image handling not yet built)
image-pending    1924827694845100 c0  (HANDOVER §8.5 — image handling not yet built)
carried-forward  28201920972741242 c0  → https://pub-893b4a6a607b4221a894bf861da7914e.r2.dev/28201920972741242.mp4
image-pending    1455068066636250 c0  (HANDOVER §8.5 — image handling not yet built)
carried-forward  1088658617159617 c0  → https://dcfd27564ef899969db9a562c7e1945f.r2.cloudflarestorage.com/1088658617159617.mp4
video-missing    1088658617159617 c0  (expected file not found in facebook/videos/ewa-2026-06-15)
image-pending    1492424419026449 c0  (HANDOVER §8.5 — image handling not yet built)
image-pending    1492424419026449 c0  (HANDOVER §8.5 — image handling not yet built)
image-pending    1492424419026449 c0  (HANDOVER §8.5 — image handling not yet built)
image-pending    1492424419026449 c0  (HANDOVER §8.5 — image handling not yet built)
image-pending    1492424419026449 c0  (HANDOVER §8.5 — image handling not yet built)
image-pending    1492424419026449 c0  (HANDOVER §8.5 — image handling not yet built)
image-pending    1492424419026449 c0  (HANDOVER §8.5 — image handling not yet built)
carried-forward  1607269414288062 c0  → https://dcfd27564ef899969db9a562c7e1945f.r2.cloudflarestorage.com/1607269414288062.mp4
image-pending    1292688179699910 c0  (HANDOVER §8.5 — image handling not yet built)
image-pending    1292688179699910 c0  (HANDOVER §8.5 — image handling not yet built)
image-pending    1292688179699910 c0  (HANDOVER §8.5 — image handling not yet built)
image-pending    1697446744828091 c0  (HANDOVER §8.5 — image handling not yet built)
image-pending    1388356709793893 c0  (HANDOVER §8.5 — image handling not yet built)
carried-forward  2205174540234777 c0  → https://dcfd27564ef899969db9a562c7e1945f.r2.cloudflarestorage.com/2205174540234777.mp4
video-missing    2205174540234777 c0  (expected file not found in facebook/videos/ewa-2026-06-15)
image-pending    4415776378667914 c0  (HANDOVER §8.5 — image handling not yet built)
carried-forward  1026214096585831 c0  → https://dcfd27564ef899969db9a562c7e1945f.r2.cloudflarestorage.com/1026214096585831.mp4
video-missing    1026214096585831 c0  (expected file not found in facebook/videos/ewa-2026-06-15)
carried-forward  784561377975301 c0  → https://dcfd27564ef899969db9a562c7e1945f.r2.cloudflarestorage.com/784561377975301.mp4
carried-forward  1012759394647525 c0  → https://pub-893b4a6a607b4221a894bf861da7914e.r2.dev/1012759394647525.mp4
image-pending    1727949758560460 c0  (HANDOVER §8.5 — image handling not yet built)
image-pending    1045633467900752 c0  (HANDOVER §8.5 — image handling not yet built)
image-pending    2524068924731539 c0  (HANDOVER §8.5 — image handling not yet built)
image-pending    1477804966956951 c0  (HANDOVER §8.5 — image handling not yet built)
image-pending    1477804966956951 c0  (HANDOVER §8.5 — image handling not yet built)
image-pending    1477804966956951 c0  (HANDOVER §8.5 — image handling not yet built)
carried-forward  1507986421341759 c0  → https://dcfd27564ef899969db9a562c7e1945f.r2.cloudflarestorage.com/1507986421341759.mp4
video-missing    1507986421341759 c0  (expected file not found in facebook/videos/ewa-2026-06-15)
video-missing    1507986421341759 c0  (expected file not found in facebook/videos/ewa-2026-06-15)
image-pending    1449704960263028 c0  (HANDOVER §8.5 — image handling not yet built)
carried-forward  1473253304576554 c0  → https://dcfd27564ef899969db9a562c7e1945f.r2.cloudflarestorage.com/1473253304576554.mp4
carried-forward  1506910140807279 c0  → https://dcfd27564ef899969db9a562c7e1945f.r2.cloudflarestorage.com/1506910140807279.mp4
image-pending    1009929022005764 c0  (HANDOVER §8.5 — image handling not yet built)
image-pending    1009929022005764 c0  (HANDOVER §8.5 — image handling not yet built)
image-pending    1009929022005764 c0  (HANDOVER §8.5 — image handling not yet built)
image-pending    1009929022005764 c0  (HANDOVER §8.5 — image handling not yet built)
image-pending    1009929022005764 c0  (HANDOVER §8.5 — image handling not yet built)
image-pending    1009929022005764 c0  (HANDOVER §8.5 — image handling not yet built)
image-pending    1009929022005764 c0  (HANDOVER §8.5 — image handling not yet built)
image-pending    1009929022005764 c0  (HANDOVER §8.5 — image handling not yet built)
image-pending    1009929022005764 c0  (HANDOVER §8.5 — image handling not yet built)
image-pending    1009929022005764 c0  (HANDOVER §8.5 — image handling not yet built)
image-pending    1009929022005764 c0  (HANDOVER §8.5 — image handling not yet built)
image-pending    1009929022005764 c0  (HANDOVER §8.5 — image handling not yet built)
image-pending    1324740589125403 c0  (HANDOVER §8.5 — image handling not yet built)
image-pending    1324740589125403 c0  (HANDOVER §8.5 — image handling not yet built)
image-pending    1324740589125403 c0  (HANDOVER §8.5 — image handling not yet built)
carried-forward  1156871059927366 c0  → https://dcfd27564ef899969db9a562c7e1945f.r2.cloudflarestorage.com/1156871059927366.mp4
image-pending    861267850358767 c0  (HANDOVER §8.5 — image handling not yet built)
uploaded         1176622471262482 c0  (video) ← 1176622471262482.mp4  → https://dcfd27564ef899969db9a562c7e1945f.r2.cloudflarestorage.com/1176622471262482.mp4
video-missing    1176622471262482 c0  (expected file not found in facebook/videos/ewa-2026-06-15)
video-missing    1176622471262482 c0  (expected file not found in facebook/videos/ewa-2026-06-15)
video-missing    1176622471262482 c0  (expected file not found in facebook/videos/ewa-2026-06-15)
video-missing    1176622471262482 c0  (expected file not found in facebook/videos/ewa-2026-06-15)
video-missing    1176622471262482 c0  (expected file not found in facebook/videos/ewa-2026-06-15)
video-missing    1176622471262482 c0  (expected file not found in facebook/videos/ewa-2026-06-15)
video-missing    1176622471262482 c0  (expected file not found in facebook/videos/ewa-2026-06-15)
video-missing    1176622471262482 c0  (expected file not found in facebook/videos/ewa-2026-06-15)
video-missing    1176622471262482 c0  (expected file not found in facebook/videos/ewa-2026-06-15)
video-missing    1176622471262482 c0  (expected file not found in facebook/videos/ewa-2026-06-15)
image-pending    985241514367745 c0  (HANDOVER §8.5 — image handling not yet built)
carried-forward  1533927444773232 c0  → https://dcfd27564ef899969db9a562c7e1945f.r2.cloudflarestorage.com/1533927444773232.mp4
video-missing    1533927444773232 c0  (expected file not found in facebook/videos/ewa-2026-06-15)
carried-forward  4012817015519235 c0  → https://pub-893b4a6a607b4221a894bf861da7914e.r2.dev/4012817015519235.mp4
image-pending    1714651159971387 c0  (HANDOVER §8.5 — image handling not yet built)
image-pending    4636176266702289 c0  (HANDOVER §8.5 — image handling not yet built)
image-pending    4636176266702289 c0  (HANDOVER §8.5 — image handling not yet built)
carried-forward  1509297870848148 c0  → https://dcfd27564ef899969db9a562c7e1945f.r2.cloudflarestorage.com/1509297870848148.mp4
image-pending    1686993089180864 c0  (HANDOVER §8.5 — image handling not yet built)
image-pending    1686993089180864 c0  (HANDOVER §8.5 — image handling not yet built)
image-pending    1686993089180864 c0  (HANDOVER §8.5 — image handling not yet built)
image-pending    1686993089180864 c0  (HANDOVER §8.5 — image handling not yet built)
image-pending    1686993089180864 c0  (HANDOVER §8.5 — image handling not yet built)
image-pending    1686993089180864 c0  (HANDOVER §8.5 — image handling not yet built)
image-pending    1686993089180864 c0  (HANDOVER §8.5 — image handling not yet built)
image-pending    1686993089180864 c0  (HANDOVER §8.5 — image handling not yet built)
image-pending    1686993089180864 c0  (HANDOVER §8.5 — image handling not yet built)
image-pending    2174001416776470 c0  (HANDOVER §8.5 — image handling not yet built)
image-pending    2174001416776470 c0  (HANDOVER §8.5 — image handling not yet built)
image-pending    2106135576613247 c0  (HANDOVER §8.5 — image handling not yet built)
uploaded         1567967491392096 c0  (video) ← 1567967491392096.mp4  → https://dcfd27564ef899969db9a562c7e1945f.r2.cloudflarestorage.com/1567967491392096.mp4
image-pending    764555643334313 c0  (HANDOVER §8.5 — image handling not yet built)
image-pending    1503621141225565 c0  (HANDOVER §8.5 — image handling not yet built)
image-pending    1503621141225565 c0  (HANDOVER §8.5 — image handling not yet built)
image-pending    1503621141225565 c0  (HANDOVER §8.5 — image handling not yet built)
image-pending    996013999819243 c0  (HANDOVER §8.5 — image handling not yet built)
uploaded         1545542433485556 c0  (video) ← 1545542433485556.mp4  → https://dcfd27564ef899969db9a562c7e1945f.r2.cloudflarestorage.com/1545542433485556.mp4
video-missing    1545542433485556 c0  (expected file not found in facebook/videos/ewa-2026-06-15)
video-missing    1545542433485556 c0  (expected file not found in facebook/videos/ewa-2026-06-15)
video-missing    1545542433485556 c0  (expected file not found in facebook/videos/ewa-2026-06-15)
uploaded         1663823688030341 c0  (video) ← 1663823688030341.mp4  → https://dcfd27564ef899969db9a562c7e1945f.r2.cloudflarestorage.com/1663823688030341.mp4
carried-forward  1517934153459999 c0  → https://dcfd27564ef899969db9a562c7e1945f.r2.cloudflarestorage.com/1517934153459999.mp4
video-missing    1517934153459999 c0  (expected file not found in facebook/videos/ewa-2026-06-15)
video-missing    1517934153459999 c0  (expected file not found in facebook/videos/ewa-2026-06-15)
video-missing    1517934153459999 c0  (expected file not found in facebook/videos/ewa-2026-06-15)
video-missing    1517934153459999 c0  (expected file not found in facebook/videos/ewa-2026-06-15)
video-missing    1517934153459999 c0  (expected file not found in facebook/videos/ewa-2026-06-15)
video-missing    1517934153459999 c0  (expected file not found in facebook/videos/ewa-2026-06-15)
image-pending    1513398920265007 c0  (HANDOVER §8.5 — image handling not yet built)
image-pending    2151001199078410 c0  (HANDOVER §8.5 — image handling not yet built)
carried-forward  984156287914691 c0  → https://dcfd27564ef899969db9a562c7e1945f.r2.cloudflarestorage.com/984156287914691.mp4
video-missing    984156287914691 c0  (expected file not found in facebook/videos/ewa-2026-06-15)
video-missing    984156287914691 c0  (expected file not found in facebook/videos/ewa-2026-06-15)
video-missing    984156287914691 c0  (expected file not found in facebook/videos/ewa-2026-06-15)
image-pending    1525408699041401 c0  (HANDOVER §8.5 — image handling not yet built)
carried-forward  1902513440410109 c0  → https://pub-893b4a6a607b4221a894bf861da7914e.r2.dev/1902513440410109.jpg
image-pending    1902513440410109 c0  (HANDOVER §8.5 — image handling not yet built)
image-pending    1902513440410109 c0  (HANDOVER §8.5 — image handling not yet built)
image-pending    1902513440410109 c0  (HANDOVER §8.5 — image handling not yet built)
image-pending    1902513440410109 c0  (HANDOVER §8.5 — image handling not yet built)
image-pending    1902513440410109 c0  (HANDOVER §8.5 — image handling not yet built)
image-pending    1902513440410109 c0  (HANDOVER §8.5 — image handling not yet built)
image-pending    1902513440410109 c0  (HANDOVER §8.5 — image handling not yet built)
image-pending    1902513440410109 c0  (HANDOVER §8.5 — image handling not yet built)
image-pending    1902513440410109 c0  (HANDOVER §8.5 — image handling not yet built)
carried-forward  2206562313081334 c0  → https://dcfd27564ef899969db9a562c7e1945f.r2.cloudflarestorage.com/2206562313081334.mp4
image-pending    991847520223917 c0  (HANDOVER §8.5 — image handling not yet built)
image-pending    929771810089544 c0  (HANDOVER §8.5 — image handling not yet built)
image-pending    1369598128448349 c0  (HANDOVER §8.5 — image handling not yet built)
carried-forward  1527304912406921 c0  → https://dcfd27564ef899969db9a562c7e1945f.r2.cloudflarestorage.com/1527304912406921.mp4
video-missing    1527304912406921 c0  (expected file not found in facebook/videos/ewa-2026-06-15)
video-missing    1527304912406921 c0  (expected file not found in facebook/videos/ewa-2026-06-15)
image-pending    1865190164440384 c0  (HANDOVER §8.5 — image handling not yet built)
image-pending    847447708439378 c0  (HANDOVER §8.5 — image handling not yet built)
image-pending    1675343033755105 c0  (HANDOVER §8.5 — image handling not yet built)
image-pending    986524024182132 c0  (HANDOVER §8.5 — image handling not yet built)
image-pending    986524024182132 c0  (HANDOVER §8.5 — image handling not yet built)
image-pending    986524024182132 c0  (HANDOVER §8.5 — image handling not yet built)
image-pending    986524024182132 c0  (HANDOVER §8.5 — image handling not yet built)
image-pending    986524024182132 c0  (HANDOVER §8.5 — image handling not yet built)
image-pending    986524024182132 c0  (HANDOVER §8.5 — image handling not yet built)
image-pending    986524024182132 c0  (HANDOVER §8.5 — image handling not yet built)
image-pending    986524024182132 c0  (HANDOVER §8.5 — image handling not yet built)
uploaded         1050219271014034 c0  (video) ← 1050219271014034.mp4  → https://dcfd27564ef899969db9a562c7e1945f.r2.cloudflarestorage.com/1050219271014034.mp4
image-pending    1044108164811806 c0  (HANDOVER §8.5 — image handling not yet built)
image-pending    1044108164811806 c0  (HANDOVER §8.5 — image handling not yet built)
carried-forward  27251840914432700 c0  → https://dcfd27564ef899969db9a562c7e1945f.r2.cloudflarestorage.com/27251840914432700.mp4
video-missing    2085709192330186 c0  (expected file not found in facebook/videos/ewa-2026-06-15)
video-missing    2085709192330186 c0  (expected file not found in facebook/videos/ewa-2026-06-15)
carried-forward  2028889445179136 c0  → https://pub-893b4a6a607b4221a894bf861da7914e.r2.dev/2028889445179136.jpg
image-pending    2243993229681749 c0  (HANDOVER §8.5 — image handling not yet built)
image-pending    1636738317394788 c0  (HANDOVER §8.5 — image handling not yet built)
image-pending    1636738317394788 c0  (HANDOVER §8.5 — image handling not yet built)
image-pending    1636738317394788 c0  (HANDOVER §8.5 — image handling not yet built)
image-pending    1649699182773988 c0  (HANDOVER §8.5 — image handling not yet built)
carried-forward  2596103854176653 c0  → https://pub-893b4a6a607b4221a894bf861da7914e.r2.dev/2596103854176653.mp4
video-missing    2596103854176653 c0  (expected file not found in facebook/videos/ewa-2026-06-15)
video-missing    2596103854176653 c0  (expected file not found in facebook/videos/ewa-2026-06-15)
video-missing    2596103854176653 c0  (expected file not found in facebook/videos/ewa-2026-06-15)
video-missing    2596103854176653 c0  (expected file not found in facebook/videos/ewa-2026-06-15)
video-missing    2596103854176653 c0  (expected file not found in facebook/videos/ewa-2026-06-15)
carried-forward  1312728214291006 c0  → https://pub-893b4a6a607b4221a894bf861da7914e.r2.dev/1312728214291006.mp4
carried-forward  2003739883560244 c0  → https://dcfd27564ef899969db9a562c7e1945f.r2.cloudflarestorage.com/2003739883560244.mp4
image-pending    4277104165768728 c0  (HANDOVER §8.5 — image handling not yet built)
image-pending    4277104165768728 c0  (HANDOVER §8.5 — image handling not yet built)
image-pending    4277104165768728 c0  (HANDOVER §8.5 — image handling not yet built)
image-pending    4277104165768728 c0  (HANDOVER §8.5 — image handling not yet built)
carried-forward  3551401688369685 c0  → https://dcfd27564ef899969db9a562c7e1945f.r2.cloudflarestorage.com/3551401688369685.mp4
video-missing    3551401688369685 c0  (expected file not found in facebook/videos/ewa-2026-06-15)
video-missing    3551401688369685 c0  (expected file not found in facebook/videos/ewa-2026-06-15)
video-missing    3551401688369685 c0  (expected file not found in facebook/videos/ewa-2026-06-15)
video-missing    3551401688369685 c0  (expected file not found in facebook/videos/ewa-2026-06-15)
carried-forward  1572607474282574 c0  → https://dcfd27564ef899969db9a562c7e1945f.r2.cloudflarestorage.com/1572607474282574.mp4
carried-forward  989270113722120 c0  → https://dcfd27564ef899969db9a562c7e1945f.r2.cloudflarestorage.com/989270113722120.mp4
image-pending    2739234903117394 c0  (HANDOVER §8.5 — image handling not yet built)
image-pending    3409555125891467 c0  (HANDOVER §8.5 — image handling not yet built)
image-pending    3409555125891467 c0  (HANDOVER §8.5 — image handling not yet built)
image-pending    1722794279135308 c0  (HANDOVER §8.5 — image handling not yet built)
image-pending    1722794279135308 c0  (HANDOVER §8.5 — image handling not yet built)
image-pending    1722794279135308 c0  (HANDOVER §8.5 — image handling not yet built)
image-pending    1512566880311455 c0  (HANDOVER §8.5 — image handling not yet built)
image-pending    1512566880311455 c0  (HANDOVER §8.5 — image handling not yet built)
uploaded         2018115468836845 c0  (video) ← 2018115468836845.mp4  → https://dcfd27564ef899969db9a562c7e1945f.r2.cloudflarestorage.com/2018115468836845.mp4
carried-forward  2294546694682927 c0  → https://dcfd27564ef899969db9a562c7e1945f.r2.cloudflarestorage.com/2294546694682927.mp4
carried-forward  1432908582214800 c0  → https://pub-893b4a6a607b4221a894bf861da7914e.r2.dev/1432908582214800.jpg
image-pending    2148955665652575 c0  (HANDOVER §8.5 — image handling not yet built)
carried-forward  1505600111046438 c0  → https://dcfd27564ef899969db9a562c7e1945f.r2.cloudflarestorage.com/1505600111046438.mp4
carried-forward  1673525496913003 c0  → https://dcfd27564ef899969db9a562c7e1945f.r2.cloudflarestorage.com/1673525496913003.mp4
image-pending    792841987128072 c0  (HANDOVER §8.5 — image handling not yet built)
image-pending    792841987128072 c0  (HANDOVER §8.5 — image handling not yet built)
carried-forward  988427787270633 c0  → https://dcfd27564ef899969db9a562c7e1945f.r2.cloudflarestorage.com/988427787270633.mp4
image-pending    1334207508676778 c0  (HANDOVER §8.5 — image handling not yet built)
image-pending    1334207508676778 c0  (HANDOVER §8.5 — image handling not yet built)
image-pending    1334207508676778 c0  (HANDOVER §8.5 — image handling not yet built)
image-pending    1704168920577855 c0  (HANDOVER §8.5 — image handling not yet built)
image-pending    1704168920577855 c0  (HANDOVER §8.5 — image handling not yet built)
image-pending    1704168920577855 c0  (HANDOVER §8.5 — image handling not yet built)
image-pending    1704168920577855 c0  (HANDOVER §8.5 — image handling not yet built)
image-pending    1704168920577855 c0  (HANDOVER §8.5 — image handling not yet built)
uploaded         1017873937590996 c0  (video) ← 1017873937590996.mp4  → https://dcfd27564ef899969db9a562c7e1945f.r2.cloudflarestorage.com/1017873937590996.mp4
video-missing    1017873937590996 c0  (expected file not found in facebook/videos/ewa-2026-06-15)
uploaded         2438492916651472 c0  (video) ← 2438492916651472.mp4  → https://dcfd27564ef899969db9a562c7e1945f.r2.cloudflarestorage.com/2438492916651472.mp4
video-missing    2438492916651472 c0  (expected file not found in facebook/videos/ewa-2026-06-15)
video-missing    2438492916651472 c0  (expected file not found in facebook/videos/ewa-2026-06-15)
video-missing    2438492916651472 c0  (expected file not found in facebook/videos/ewa-2026-06-15)
image-pending    1242479681129764 c0  (HANDOVER §8.5 — image handling not yet built)
uploaded         2163117644477934 c0  (video) ← 2163117644477934.mp4  → https://dcfd27564ef899969db9a562c7e1945f.r2.cloudflarestorage.com/2163117644477934.mp4
video-missing    2163117644477934 c0  (expected file not found in facebook/videos/ewa-2026-06-15)
image-pending    27010847055276437 c0  (HANDOVER §8.5 — image handling not yet built)
image-pending    27010847055276437 c0  (HANDOVER §8.5 — image handling not yet built)
image-pending    27010847055276437 c0  (HANDOVER §8.5 — image handling not yet built)
image-pending    27010847055276437 c0  (HANDOVER §8.5 — image handling not yet built)
image-pending    27010847055276437 c0  (HANDOVER §8.5 — image handling not yet built)
image-pending    27010847055276437 c0  (HANDOVER §8.5 — image handling not yet built)
image-pending    27010847055276437 c0  (HANDOVER §8.5 — image handling not yet built)
image-pending    27010847055276437 c0  (HANDOVER §8.5 — image handling not yet built)
image-pending    27010847055276437 c0  (HANDOVER §8.5 — image handling not yet built)
image-pending    27010847055276437 c0  (HANDOVER §8.5 — image handling not yet built)
image-pending    1361181492496907 c0  (HANDOVER §8.5 — image handling not yet built)
image-pending    1361181492496907 c0  (HANDOVER §8.5 — image handling not yet built)
image-pending    1565702665175519 c0  (HANDOVER §8.5 — image handling not yet built)
carried-forward  1645262467610052 c0  → https://pub-893b4a6a607b4221a894bf861da7914e.r2.dev/1645262467610052.jpg
image-pending    1781188176185440 c0  (HANDOVER §8.5 — image handling not yet built)
carried-forward  1372574598085426 c0  → https://pub-893b4a6a607b4221a894bf861da7914e.r2.dev/1372574598085426.jpg
carried-forward  1377638564277315 c0  → https://dcfd27564ef899969db9a562c7e1945f.r2.cloudflarestorage.com/1377638564277315.mp4
video-missing    1377638564277315 c0  (expected file not found in facebook/videos/ewa-2026-06-15)
carried-forward  27801528832781036 c0  → https://pub-893b4a6a607b4221a894bf861da7914e.r2.dev/27801528832781036.jpg
carried-forward  1309955023984552 c0  → https://dcfd27564ef899969db9a562c7e1945f.r2.cloudflarestorage.com/1309955023984552.mp4
image-pending    1703848997589780 c0  (HANDOVER §8.5 — image handling not yet built)
video-missing    2158745832188363 c0  (expected file not found in facebook/videos/ewa-2026-06-15)
image-pending    2046200479303426 c0  (HANDOVER §8.5 — image handling not yet built)
carried-forward  975097332110635 c0  → https://pub-893b4a6a607b4221a894bf861da7914e.r2.dev/975097332110635.jpg
carried-forward  1046851381062328 c0  → https://dcfd27564ef899969db9a562c7e1945f.r2.cloudflarestorage.com/1046851381062328.mp4
uploaded         1696545058155825 c0  (video) ← 1696545058155825.mp4  → https://dcfd27564ef899969db9a562c7e1945f.r2.cloudflarestorage.com/1696545058155825.mp4
video-missing    1696545058155825 c0  (expected file not found in facebook/videos/ewa-2026-06-15)
video-missing    1696545058155825 c0  (expected file not found in facebook/videos/ewa-2026-06-15)
uploaded         2834442180223462 c0  (video) ← 2834442180223462.mp4  → https://dcfd27564ef899969db9a562c7e1945f.r2.cloudflarestorage.com/2834442180223462.mp4
video-missing    2834442180223462 c0  (expected file not found in facebook/videos/ewa-2026-06-15)
image-pending    2234328847370898 c0  (HANDOVER §8.5 — image handling not yet built)
image-pending    2063981251140497 c0  (HANDOVER §8.5 — image handling not yet built)
image-pending    1287713953166606 c0  (HANDOVER §8.5 — image handling not yet built)
carried-forward  1976917656530001 c0  → https://dcfd27564ef899969db9a562c7e1945f.r2.cloudflarestorage.com/1976917656530001.mp4
image-pending    1348339013852393 c0  (HANDOVER §8.5 — image handling not yet built)
image-pending    27102981736050909 c0  (HANDOVER §8.5 — image handling not yet built)
image-pending    27102981736050909 c0  (HANDOVER §8.5 — image handling not yet built)
image-pending    27102981736050909 c0  (HANDOVER §8.5 — image handling not yet built)
image-pending    27102981736050909 c0  (HANDOVER §8.5 — image handling not yet built)
image-pending    27102981736050909 c0  (HANDOVER §8.5 — image handling not yet built)
image-pending    27102981736050909 c0  (HANDOVER §8.5 — image handling not yet built)
image-pending    27102981736050909 c0  (HANDOVER §8.5 — image handling not yet built)
image-pending    27102981736050909 c0  (HANDOVER §8.5 — image handling not yet built)
image-pending    27102981736050909 c0  (HANDOVER §8.5 — image handling not yet built)
image-pending    27102981736050909 c0  (HANDOVER §8.5 — image handling not yet built)
image-pending    27102981736050909 c0  (HANDOVER §8.5 — image handling not yet built)
image-pending    27102981736050909 c0  (HANDOVER §8.5 — image handling not yet built)
image-pending    27102981736050909 c0  (HANDOVER §8.5 — image handling not yet built)
image-pending    27102981736050909 c0  (HANDOVER §8.5 — image handling not yet built)
image-pending    27102981736050909 c0  (HANDOVER §8.5 — image handling not yet built)
video-missing    1398085175468175 c0  (expected file not found in facebook/videos/ewa-2026-06-15)
video-missing    1398085175468175 c0  (expected file not found in facebook/videos/ewa-2026-06-15)
carried-forward  4979231248969845 c0  → https://dcfd27564ef899969db9a562c7e1945f.r2.cloudflarestorage.com/4979231248969845.mp4
video-missing    4979231248969845 c0  (expected file not found in facebook/videos/ewa-2026-06-15)
uploaded         883421184795597 c0  (video) ← 883421184795597.mp4  → https://dcfd27564ef899969db9a562c7e1945f.r2.cloudflarestorage.com/883421184795597.mp4
video-missing    883421184795597 c0  (expected file not found in facebook/videos/ewa-2026-06-15)
carried-forward  1012110374866138 c0  → https://dcfd27564ef899969db9a562c7e1945f.r2.cloudflarestorage.com/1012110374866138.mp4
video-missing    1012110374866138 c0  (expected file not found in facebook/videos/ewa-2026-06-15)
image-pending    1617098239357431 c0  (HANDOVER §8.5 — image handling not yet built)
image-pending    1617098239357431 c0  (HANDOVER §8.5 — image handling not yet built)
video-missing    36590186240595410 c0  (expected file not found in facebook/videos/ewa-2026-06-15)
carried-forward  1635873264190962 c0  → https://dcfd27564ef899969db9a562c7e1945f.r2.cloudflarestorage.com/1635873264190962.mp4
carried-forward  997733683008034 c0  → https://dcfd27564ef899969db9a562c7e1945f.r2.cloudflarestorage.com/997733683008034.mp4
image-pending    1760434718446759 c0  (HANDOVER §8.5 — image handling not yet built)
carried-forward  1326696246067130 c0  → https://dcfd27564ef899969db9a562c7e1945f.r2.cloudflarestorage.com/1326696246067130.mp4
image-pending    27235933572734919 c0  (HANDOVER §8.5 — image handling not yet built)
image-pending    27235933572734919 c0  (HANDOVER §8.5 — image handling not yet built)
image-pending    27235933572734919 c0  (HANDOVER §8.5 — image handling not yet built)
image-pending    27235933572734919 c0  (HANDOVER §8.5 — image handling not yet built)
image-pending    977992938150535 c0  (HANDOVER §8.5 — image handling not yet built)
image-pending    941679058837766 c0  (HANDOVER §8.5 — image handling not yet built)
uploaded         1306954298081896 c0  (video) ← 1306954298081896.mp4  → https://dcfd27564ef899969db9a562c7e1945f.r2.cloudflarestorage.com/1306954298081896.mp4
video-missing    1306954298081896 c0  (expected file not found in facebook/videos/ewa-2026-06-15)
video-missing    1306954298081896 c0  (expected file not found in facebook/videos/ewa-2026-06-15)
video-missing    1306954298081896 c0  (expected file not found in facebook/videos/ewa-2026-06-15)
video-missing    1306954298081896 c0  (expected file not found in facebook/videos/ewa-2026-06-15)
video-missing    1306954298081896 c0  (expected file not found in facebook/videos/ewa-2026-06-15)
video-missing    1306954298081896 c0  (expected file not found in facebook/videos/ewa-2026-06-15)
image-pending    1923911324990159 c0  (HANDOVER §8.5 — image handling not yet built)
image-pending    1923911324990159 c0  (HANDOVER §8.5 — image handling not yet built)
image-pending    1923911324990159 c0  (HANDOVER §8.5 — image handling not yet built)
image-pending    1923911324990159 c0  (HANDOVER §8.5 — image handling not yet built)
image-pending    1923911324990159 c0  (HANDOVER §8.5 — image handling not yet built)
image-pending    1923911324990159 c0  (HANDOVER §8.5 — image handling not yet built)
image-pending    1923911324990159 c0  (HANDOVER §8.5 — image handling not yet built)
image-pending    1923911324990159 c0  (HANDOVER §8.5 — image handling not yet built)
image-pending    1923911324990159 c0  (HANDOVER §8.5 — image handling not yet built)
image-pending    1923911324990159 c0  (HANDOVER §8.5 — image handling not yet built)
image-pending    1923911324990159 c0  (HANDOVER §8.5 — image handling not yet built)
image-pending    1923911324990159 c0  (HANDOVER §8.5 — image handling not yet built)
carried-forward  1887587215267853 c0  → https://dcfd27564ef899969db9a562c7e1945f.r2.cloudflarestorage.com/1887587215267853.mp4
carried-forward  1276989731171153 c0  → https://dcfd27564ef899969db9a562c7e1945f.r2.cloudflarestorage.com/1276989731171153.mp4
image-pending    984312711037492 c0  (HANDOVER §8.5 — image handling not yet built)
carried-forward  974967512077024 c0  → https://dcfd27564ef899969db9a562c7e1945f.r2.cloudflarestorage.com/974967512077024.mp4
video-missing    974967512077024 c0  (expected file not found in facebook/videos/ewa-2026-06-15)
video-missing    974967512077024 c0  (expected file not found in facebook/videos/ewa-2026-06-15)
carried-forward  1504984604550012 c0  → https://dcfd27564ef899969db9a562c7e1945f.r2.cloudflarestorage.com/1504984604550012.mp4
uploaded         1319882507005489 c0  (video) ← 1319882507005489.mp4  → https://dcfd27564ef899969db9a562c7e1945f.r2.cloudflarestorage.com/1319882507005489.mp4
carried-forward  976591738323980 c0  → https://dcfd27564ef899969db9a562c7e1945f.r2.cloudflarestorage.com/976591738323980.mp4
carried-forward  1014101814492646 c0  → https://dcfd27564ef899969db9a562c7e1945f.r2.cloudflarestorage.com/1014101814492646.mp4
video-missing    1014101814492646 c0  (expected file not found in facebook/videos/ewa-2026-06-15)
video-missing    1014101814492646 c0  (expected file not found in facebook/videos/ewa-2026-06-15)
uploaded         4035841300042097 c0  (video) ← 4035841300042097.mp4  → https://dcfd27564ef899969db9a562c7e1945f.r2.cloudflarestorage.com/4035841300042097.mp4
video-missing    4035841300042097 c0  (expected file not found in facebook/videos/ewa-2026-06-15)
image-pending    1323310869911678 c0  (HANDOVER §8.5 — image handling not yet built)
uploaded         1728540538300372 c0  (video) ← 1728540538300372.mp4  → https://dcfd27564ef899969db9a562c7e1945f.r2.cloudflarestorage.com/1728540538300372.mp4
video-missing    1728540538300372 c0  (expected file not found in facebook/videos/ewa-2026-06-15)
video-missing    1728540538300372 c0  (expected file not found in facebook/videos/ewa-2026-06-15)
video-missing    1728540538300372 c0  (expected file not found in facebook/videos/ewa-2026-06-15)
carried-forward  2690469964681517 c0  → https://dcfd27564ef899969db9a562c7e1945f.r2.cloudflarestorage.com/2690469964681517.mp4
video-missing    2690469964681517 c0  (expected file not found in facebook/videos/ewa-2026-06-15)
video-missing    2690469964681517 c0  (expected file not found in facebook/videos/ewa-2026-06-15)
video-missing    2690469964681517 c0  (expected file not found in facebook/videos/ewa-2026-06-15)
carried-forward  1538263447805298 c0  → https://pub-893b4a6a607b4221a894bf861da7914e.r2.dev/1538263447805298.jpg
image-pending    1538263447805298 c0  (HANDOVER §8.5 — image handling not yet built)
image-pending    1538263447805298 c0  (HANDOVER §8.5 — image handling not yet built)
image-pending    1538263447805298 c0  (HANDOVER §8.5 — image handling not yet built)
image-pending    1538263447805298 c0  (HANDOVER §8.5 — image handling not yet built)
image-pending    1538263447805298 c0  (HANDOVER §8.5 — image handling not yet built)
image-pending    1538263447805298 c0  (HANDOVER §8.5 — image handling not yet built)
image-pending    1538263447805298 c0  (HANDOVER §8.5 — image handling not yet built)
image-pending    1538263447805298 c0  (HANDOVER §8.5 — image handling not yet built)
image-pending    1616074706132174 c0  (HANDOVER §8.5 — image handling not yet built)
image-pending    1616074706132174 c0  (HANDOVER §8.5 — image handling not yet built)
image-pending    1616074706132174 c0  (HANDOVER §8.5 — image handling not yet built)
image-pending    1616074706132174 c0  (HANDOVER §8.5 — image handling not yet built)
carried-forward  891512257296405 c0  → https://pub-893b4a6a607b4221a894bf861da7914e.r2.dev/891512257296405.jpg
image-pending    891512257296405 c0  (HANDOVER §8.5 — image handling not yet built)
uploaded         1711161423248490 c0  (video) ← 1711161423248490.mp4  → https://dcfd27564ef899969db9a562c7e1945f.r2.cloudflarestorage.com/1711161423248490.mp4
video-missing    1711161423248490 c0  (expected file not found in facebook/videos/ewa-2026-06-15)
image-pending    2214268666002679 c0  (HANDOVER §8.5 — image handling not yet built)
image-pending    1534656998321901 c0  (HANDOVER §8.5 — image handling not yet built)
image-pending    2064929274088932 c0  (HANDOVER §8.5 — image handling not yet built)
carried-forward  1018092860901505 c0  → https://pub-893b4a6a607b4221a894bf861da7914e.r2.dev/1018092860901505.mp4
carried-forward  985019420808891 c0  → https://dcfd27564ef899969db9a562c7e1945f.r2.cloudflarestorage.com/985019420808891.mp4
video-missing    985019420808891 c0  (expected file not found in facebook/videos/ewa-2026-06-15)
video-missing    985019420808891 c0  (expected file not found in facebook/videos/ewa-2026-06-15)
video-missing    985019420808891 c0  (expected file not found in facebook/videos/ewa-2026-06-15)
uploaded         1042606721531591 c0  (video) ← 1042606721531591.mp4  → https://dcfd27564ef899969db9a562c7e1945f.r2.cloudflarestorage.com/1042606721531591.mp4
carried-forward  1273075738242673 c0  → https://dcfd27564ef899969db9a562c7e1945f.r2.cloudflarestorage.com/1273075738242673.mp4
carried-forward  1362620185768045 c0  → https://dcfd27564ef899969db9a562c7e1945f.r2.cloudflarestorage.com/1362620185768045.mp4
video-missing    1362620185768045 c0  (expected file not found in facebook/videos/ewa-2026-06-15)
image-pending    1366434855300753 c0  (HANDOVER §8.5 — image handling not yet built)
uploaded         1628325078265760 c0  (video) ← 1628325078265760.mp4  → https://dcfd27564ef899969db9a562c7e1945f.r2.cloudflarestorage.com/1628325078265760.mp4
carried-forward  2174746829978204 c0  → https://pub-893b4a6a607b4221a894bf861da7914e.r2.dev/2174746829978204.mp4
image-pending    1028488649510269 c0  (HANDOVER §8.5 — image handling not yet built)
carried-forward  2814235055603209 c0  → https://dcfd27564ef899969db9a562c7e1945f.r2.cloudflarestorage.com/2814235055603209.mp4
image-pending    4518448365068445 c0  (HANDOVER §8.5 — image handling not yet built)
image-pending    4518448365068445 c0  (HANDOVER §8.5 — image handling not yet built)
image-pending    4518448365068445 c0  (HANDOVER §8.5 — image handling not yet built)
image-pending    4518448365068445 c0  (HANDOVER §8.5 — image handling not yet built)
image-pending    4518448365068445 c0  (HANDOVER §8.5 — image handling not yet built)
uploaded         1577168687257915 c0  (video) ← 1577168687257915.mp4  → https://dcfd27564ef899969db9a562c7e1945f.r2.cloudflarestorage.com/1577168687257915.mp4
video-missing    1577168687257915 c0  (expected file not found in facebook/videos/ewa-2026-06-15)
video-missing    1577168687257915 c0  (expected file not found in facebook/videos/ewa-2026-06-15)
carried-forward  1971415570176082 c0  → https://dcfd27564ef899969db9a562c7e1945f.r2.cloudflarestorage.com/1971415570176082.mp4
carried-forward  744044915431965 c0  → https://dcfd27564ef899969db9a562c7e1945f.r2.cloudflarestorage.com/744044915431965.mp4
image-pending    27716633651255061 c0  (HANDOVER §8.5 — image handling not yet built)
image-pending    27716633651255061 c0  (HANDOVER §8.5 — image handling not yet built)
carried-forward  5368423430048793 c0  → https://pub-893b4a6a607b4221a894bf861da7914e.r2.dev/5368423430048793.mp4
image-pending    1499781031069142 c0  (HANDOVER §8.5 — image handling not yet built)
image-pending    1406594331519852 c0  (HANDOVER §8.5 — image handling not yet built)
image-pending    1007040438963941 c0  (HANDOVER §8.5 — image handling not yet built)
uploaded         1476899993727949 c0  (video) ← 1476899993727949.mp4  → https://dcfd27564ef899969db9a562c7e1945f.r2.cloudflarestorage.com/1476899993727949.mp4
image-pending    2521112861659090 c0  (HANDOVER §8.5 — image handling not yet built)
video-missing    871182562705601 c0  (expected file not found in facebook/videos/ewa-2026-06-15)
carried-forward  938291415889685 c0  → https://dcfd27564ef899969db9a562c7e1945f.r2.cloudflarestorage.com/938291415889685.mp4
carried-forward  986036844047097 c0  → https://dcfd27564ef899969db9a562c7e1945f.r2.cloudflarestorage.com/986036844047097.mp4
carried-forward  2025588438038790 c0  → https://dcfd27564ef899969db9a562c7e1945f.r2.cloudflarestorage.com/2025588438038790.mp4
carried-forward  1527829898736588 c0  → https://dcfd27564ef899969db9a562c7e1945f.r2.cloudflarestorage.com/1527829898736588.mp4
video-missing    1527829898736588 c0  (expected file not found in facebook/videos/ewa-2026-06-15)
video-missing    1527829898736588 c0  (expected file not found in facebook/videos/ewa-2026-06-15)
image-pending    999296115924976 c0  (HANDOVER §8.5 — image handling not yet built)
uploaded         26962596546757589 c0  (video) ← 26962596546757589.mp4  → https://dcfd27564ef899969db9a562c7e1945f.r2.cloudflarestorage.com/26962596546757589.mp4
image-pending    1901132260576343 c0  (HANDOVER §8.5 — image handling not yet built)
image-pending    1901132260576343 c0  (HANDOVER §8.5 — image handling not yet built)
carried-forward  1512698546933266 c0  → https://pub-893b4a6a607b4221a894bf861da7914e.r2.dev/1512698546933266.jpg
carried-forward  1386573623306848 c0  → https://dcfd27564ef899969db9a562c7e1945f.r2.cloudflarestorage.com/1386573623306848.mp4
carried-forward  2123467998210149 c0  → https://pub-893b4a6a607b4221a894bf861da7914e.r2.dev/2123467998210149.jpg
carried-forward  1570510501266687 c0  → https://dcfd27564ef899969db9a562c7e1945f.r2.cloudflarestorage.com/1570510501266687.mp4
video-missing    1523935029270536 c0  (expected file not found in facebook/videos/ewa-2026-06-15)
video-missing    1523935029270536 c0  (expected file not found in facebook/videos/ewa-2026-06-15)
uploaded         2137647430144159 c0  (video) ← 2137647430144159.mp4  → https://dcfd27564ef899969db9a562c7e1945f.r2.cloudflarestorage.com/2137647430144159.mp4
video-missing    2137647430144159 c0  (expected file not found in facebook/videos/ewa-2026-06-15)
video-missing    2137647430144159 c0  (expected file not found in facebook/videos/ewa-2026-06-15)
video-missing    2137647430144159 c0  (expected file not found in facebook/videos/ewa-2026-06-15)
video-missing    2137647430144159 c0  (expected file not found in facebook/videos/ewa-2026-06-15)
video-missing    2137647430144159 c0  (expected file not found in facebook/videos/ewa-2026-06-15)
video-missing    2137647430144159 c0  (expected file not found in facebook/videos/ewa-2026-06-15)
video-missing    2137647430144159 c0  (expected file not found in facebook/videos/ewa-2026-06-15)
video-missing    2137647430144159 c0  (expected file not found in facebook/videos/ewa-2026-06-15)
carried-forward  2162852624562953 c0  → https://dcfd27564ef899969db9a562c7e1945f.r2.cloudflarestorage.com/2162852624562953.mp4
video-missing    2162852624562953 c0  (expected file not found in facebook/videos/ewa-2026-06-15)
video-missing    2162852624562953 c0  (expected file not found in facebook/videos/ewa-2026-06-15)
image-pending    992698830029882 c0  (HANDOVER §8.5 — image handling not yet built)
image-pending    992698830029882 c0  (HANDOVER §8.5 — image handling not yet built)
image-pending    1808399533462378 c0  (HANDOVER §8.5 — image handling not yet built)
uploaded         986616584365000 c0  (video) ← 986616584365000.mp4  → https://dcfd27564ef899969db9a562c7e1945f.r2.cloudflarestorage.com/986616584365000.mp4
video-missing    986616584365000 c0  (expected file not found in facebook/videos/ewa-2026-06-15)
video-missing    986616584365000 c0  (expected file not found in facebook/videos/ewa-2026-06-15)
video-missing    986616584365000 c0  (expected file not found in facebook/videos/ewa-2026-06-15)
video-missing    986616584365000 c0  (expected file not found in facebook/videos/ewa-2026-06-15)
video-missing    986616584365000 c0  (expected file not found in facebook/videos/ewa-2026-06-15)
video-missing    986616584365000 c0  (expected file not found in facebook/videos/ewa-2026-06-15)
image-pending    1548942043516097 c0  (HANDOVER §8.5 — image handling not yet built)
image-pending    1548942043516097 c0  (HANDOVER §8.5 — image handling not yet built)
image-pending    1548942043516097 c0  (HANDOVER §8.5 — image handling not yet built)
image-pending    1548942043516097 c0  (HANDOVER §8.5 — image handling not yet built)
image-pending    1548942043516097 c0  (HANDOVER §8.5 — image handling not yet built)
image-pending    1548942043516097 c0  (HANDOVER §8.5 — image handling not yet built)
image-pending    1548942043516097 c0  (HANDOVER §8.5 — image handling not yet built)
image-pending    1548942043516097 c0  (HANDOVER §8.5 — image handling not yet built)
carried-forward  1246752857337425 c0  → https://dcfd27564ef899969db9a562c7e1945f.r2.cloudflarestorage.com/1246752857337425.mp4
video-missing    1246752857337425 c0  (expected file not found in facebook/videos/ewa-2026-06-15)
video-missing    1246752857337425 c0  (expected file not found in facebook/videos/ewa-2026-06-15)
image-pending    1529252372094850 c0  (HANDOVER §8.5 — image handling not yet built)
image-pending    1319167690411799 c0  (HANDOVER §8.5 — image handling not yet built)
image-pending    1005499325507761 c0  (HANDOVER §8.5 — image handling not yet built)
image-pending    809718555405285 c0  (HANDOVER §8.5 — image handling not yet built)
carried-forward  1569863654532473 c0  → https://dcfd27564ef899969db9a562c7e1945f.r2.cloudflarestorage.com/1569863654532473.mp4
carried-forward  965979529598466 c0  → https://dcfd27564ef899969db9a562c7e1945f.r2.cloudflarestorage.com/965979529598466.mp4
video-missing    965979529598466 c0  (expected file not found in facebook/videos/ewa-2026-06-15)
video-missing    965979529598466 c0  (expected file not found in facebook/videos/ewa-2026-06-15)
video-missing    965979529598466 c0  (expected file not found in facebook/videos/ewa-2026-06-15)
image-pending    2599146790501808 c0  (HANDOVER §8.5 — image handling not yet built)
carried-forward  935861882836632 c0  → https://dcfd27564ef899969db9a562c7e1945f.r2.cloudflarestorage.com/935861882836632.mp4
video-missing    935861882836632 c0  (expected file not found in facebook/videos/ewa-2026-06-15)
carried-forward  2226824174721137 c0  → https://dcfd27564ef899969db9a562c7e1945f.r2.cloudflarestorage.com/2226824174721137.mp4
video-missing    2226824174721137 c0  (expected file not found in facebook/videos/ewa-2026-06-15)
video-missing    2226824174721137 c0  (expected file not found in facebook/videos/ewa-2026-06-15)
video-missing    2226824174721137 c0  (expected file not found in facebook/videos/ewa-2026-06-15)
image-pending    1013090731302441 c0  (HANDOVER §8.5 — image handling not yet built)
image-pending    1924554322284255 c0  (HANDOVER §8.5 — image handling not yet built)
uploaded         1325895995634574 c0  (video) ← 1325895995634574.mp4  → https://dcfd27564ef899969db9a562c7e1945f.r2.cloudflarestorage.com/1325895995634574.mp4
video-missing    1325895995634574 c0  (expected file not found in facebook/videos/ewa-2026-06-15)
video-missing    1325895995634574 c0  (expected file not found in facebook/videos/ewa-2026-06-15)
video-missing    1325895995634574 c0  (expected file not found in facebook/videos/ewa-2026-06-15)
uploaded         1780221136685708 c0  (video) ← 1780221136685708.mp4  → https://dcfd27564ef899969db9a562c7e1945f.r2.cloudflarestorage.com/1780221136685708.mp4
video-missing    1780221136685708 c0  (expected file not found in facebook/videos/ewa-2026-06-15)
video-missing    1780221136685708 c0  (expected file not found in facebook/videos/ewa-2026-06-15)
video-missing    1780221136685708 c0  (expected file not found in facebook/videos/ewa-2026-06-15)
video-missing    1780221136685708 c0  (expected file not found in facebook/videos/ewa-2026-06-15)
video-missing    1780221136685708 c0  (expected file not found in facebook/videos/ewa-2026-06-15)
video-missing    1780221136685708 c0  (expected file not found in facebook/videos/ewa-2026-06-15)
video-missing    1780221136685708 c0  (expected file not found in facebook/videos/ewa-2026-06-15)
video-missing    1780221136685708 c0  (expected file not found in facebook/videos/ewa-2026-06-15)
video-missing    1780221136685708 c0  (expected file not found in facebook/videos/ewa-2026-06-15)
image-pending    2791424587888160 c0  (HANDOVER §8.5 — image handling not yet built)
image-pending    2791424587888160 c0  (HANDOVER §8.5 — image handling not yet built)
image-pending    2791424587888160 c0  (HANDOVER §8.5 — image handling not yet built)
image-pending    2791424587888160 c0  (HANDOVER §8.5 — image handling not yet built)
image-pending    4664278220462805 c0  (HANDOVER §8.5 — image handling not yet built)
image-pending    1695599241580621 c0  (HANDOVER §8.5 — image handling not yet built)
video-missing    894452907024594 c0  (expected file not found in facebook/videos/ewa-2026-06-15)
video-missing    894452907024594 c0  (expected file not found in facebook/videos/ewa-2026-06-15)
uploaded         1017334164588139 c0  (video) ← 1017334164588139.mp4  → https://dcfd27564ef899969db9a562c7e1945f.r2.cloudflarestorage.com/1017334164588139.mp4
image-pending    952129104482238 c0  (HANDOVER §8.5 — image handling not yet built)
image-pending    1339530884817491 c0  (HANDOVER §8.5 — image handling not yet built)
image-pending    1923391691709676 c0  (HANDOVER §8.5 — image handling not yet built)
image-pending    1923391691709676 c0  (HANDOVER §8.5 — image handling not yet built)
image-pending    1923391691709676 c0  (HANDOVER §8.5 — image handling not yet built)
image-pending    834395012761780 c0  (HANDOVER §8.5 — image handling not yet built)
carried-forward  2167502144033543 c0  → https://dcfd27564ef899969db9a562c7e1945f.r2.cloudflarestorage.com/2167502144033543.mp4
video-missing    2167502144033543 c0  (expected file not found in facebook/videos/ewa-2026-06-15)
image-pending    2060115831210435 c0  (HANDOVER §8.5 — image handling not yet built)
carried-forward  1332560905481862 c0  → https://dcfd27564ef899969db9a562c7e1945f.r2.cloudflarestorage.com/1332560905481862.mp4
image-pending    1481651943712890 c0  (HANDOVER §8.5 — image handling not yet built)
image-pending    1645269690109538 c0  (HANDOVER §8.5 — image handling not yet built)
carried-forward  1478728220253869 c0  → https://pub-893b4a6a607b4221a894bf861da7914e.r2.dev/1478728220253869.jpg
image-pending    1478728220253869 c0  (HANDOVER §8.5 — image handling not yet built)
image-pending    1478728220253869 c0  (HANDOVER §8.5 — image handling not yet built)
carried-forward  2021852858402087 c0  → https://pub-893b4a6a607b4221a894bf861da7914e.r2.dev/2021852858402087.jpg
image-pending    2021852858402087 c0  (HANDOVER §8.5 — image handling not yet built)
image-pending    2021852858402087 c0  (HANDOVER §8.5 — image handling not yet built)
image-pending    2021852858402087 c0  (HANDOVER §8.5 — image handling not yet built)
image-pending    2021852858402087 c0  (HANDOVER §8.5 — image handling not yet built)
image-pending    2021852858402087 c0  (HANDOVER §8.5 — image handling not yet built)
image-pending    2021852858402087 c0  (HANDOVER §8.5 — image handling not yet built)
image-pending    2021852858402087 c0  (HANDOVER §8.5 — image handling not yet built)
image-pending    2021852858402087 c0  (HANDOVER §8.5 — image handling not yet built)
image-pending    2021852858402087 c0  (HANDOVER §8.5 — image handling not yet built)
image-pending    2021852858402087 c0  (HANDOVER §8.5 — image handling not yet built)
image-pending    2021852858402087 c0  (HANDOVER §8.5 — image handling not yet built)
uploaded         1921429171894214 c0  (video) ← 1921429171894214.mp4  → https://dcfd27564ef899969db9a562c7e1945f.r2.cloudflarestorage.com/1921429171894214.mp4
image-pending    1555305056128959 c0  (HANDOVER §8.5 — image handling not yet built)
image-pending    5356302407929166 c0  (HANDOVER §8.5 — image handling not yet built)
image-pending    5356302407929166 c0  (HANDOVER §8.5 — image handling not yet built)
video-missing    1320641489580709 c0  (expected file not found in facebook/videos/ewa-2026-06-15)
video-missing    1320641489580709 c0  (expected file not found in facebook/videos/ewa-2026-06-15)
image-pending    1443865817506473 c0  (HANDOVER §8.5 — image handling not yet built)
carried-forward  1180146724242480 c0  → https://dcfd27564ef899969db9a562c7e1945f.r2.cloudflarestorage.com/1180146724242480.mp4
video-missing    1180146724242480 c0  (expected file not found in facebook/videos/ewa-2026-06-15)
carried-forward  2753236131700998 c0  → https://dcfd27564ef899969db9a562c7e1945f.r2.cloudflarestorage.com/2753236131700998.mp4
image-pending    1335695408524984 c0  (HANDOVER §8.5 — image handling not yet built)
image-pending    1335695408524984 c0  (HANDOVER §8.5 — image handling not yet built)
image-pending    1335695408524984 c0  (HANDOVER §8.5 — image handling not yet built)
image-pending    1335695408524984 c0  (HANDOVER §8.5 — image handling not yet built)
image-pending    1335695408524984 c0  (HANDOVER §8.5 — image handling not yet built)
carried-forward  1328353205323101 c0  → https://dcfd27564ef899969db9a562c7e1945f.r2.cloudflarestorage.com/1328353205323101.mp4
video-missing    1328353205323101 c0  (expected file not found in facebook/videos/ewa-2026-06-15)
carried-forward  1664341411566025 c0  → https://dcfd27564ef899969db9a562c7e1945f.r2.cloudflarestorage.com/1664341411566025.mp4
uploaded         1556393232830527 c0  (video) ← 1556393232830527.mp4  → https://dcfd27564ef899969db9a562c7e1945f.r2.cloudflarestorage.com/1556393232830527.mp4
image-pending    1633855571230916 c0  (HANDOVER §8.5 — image handling not yet built)
carried-forward  4321156288143589 c0  → https://dcfd27564ef899969db9a562c7e1945f.r2.cloudflarestorage.com/4321156288143589.mp4
image-pending    1492380161896432 c0  (HANDOVER §8.5 — image handling not yet built)
image-pending    1792295418808176 c0  (HANDOVER §8.5 — image handling not yet built)
image-pending    1947405435980201 c0  (HANDOVER §8.5 — image handling not yet built)
carried-forward  27957615173840900 c0  → https://pub-893b4a6a607b4221a894bf861da7914e.r2.dev/27957615173840900.jpg
carried-forward  1714204833158845 c0  → https://dcfd27564ef899969db9a562c7e1945f.r2.cloudflarestorage.com/1714204833158845.mp4
video-missing    1714204833158845 c0  (expected file not found in facebook/videos/ewa-2026-06-15)
video-missing    1714204833158845 c0  (expected file not found in facebook/videos/ewa-2026-06-15)
video-missing    1714204833158845 c0  (expected file not found in facebook/videos/ewa-2026-06-15)
carried-forward  2179929866193888 c0  → https://dcfd27564ef899969db9a562c7e1945f.r2.cloudflarestorage.com/2179929866193888.mp4
carried-forward  1553136813528736 c0  → https://dcfd27564ef899969db9a562c7e1945f.r2.cloudflarestorage.com/1553136813528736.mp4
carried-forward  1712998569698679 c0  → https://dcfd27564ef899969db9a562c7e1945f.r2.cloudflarestorage.com/1712998569698679.mp4
image-pending    1313496273642588 c0  (HANDOVER §8.5 — image handling not yet built)
image-pending    1839784684061856 c0  (HANDOVER §8.5 — image handling not yet built)
carried-forward  961198833463937 c0  → https://dcfd27564ef899969db9a562c7e1945f.r2.cloudflarestorage.com/961198833463937.mp4
video-missing    1379533364104676 c0  (expected file not found in facebook/videos/ewa-2026-06-15)
carried-forward  979523111620467 c0  → https://dcfd27564ef899969db9a562c7e1945f.r2.cloudflarestorage.com/979523111620467.mp4
image-pending    1334484801516608 c0  (HANDOVER §8.5 — image handling not yet built)
image-pending    1321952639380633 c0  (HANDOVER §8.5 — image handling not yet built)
image-pending    1321952639380633 c0  (HANDOVER §8.5 — image handling not yet built)
image-pending    1321952639380633 c0  (HANDOVER §8.5 — image handling not yet built)
image-pending    1321952639380633 c0  (HANDOVER §8.5 — image handling not yet built)
image-pending    1321952639380633 c0  (HANDOVER §8.5 — image handling not yet built)
image-pending    1321952639380633 c0  (HANDOVER §8.5 — image handling not yet built)
image-pending    1321952639380633 c0  (HANDOVER §8.5 — image handling not yet built)
image-pending    1321952639380633 c0  (HANDOVER §8.5 — image handling not yet built)
carried-forward  1349316837064219 c0  → https://dcfd27564ef899969db9a562c7e1945f.r2.cloudflarestorage.com/1349316837064219.mp4
video-missing    1349316837064219 c0  (expected file not found in facebook/videos/ewa-2026-06-15)
video-missing    1349316837064219 c0  (expected file not found in facebook/videos/ewa-2026-06-15)
video-missing    1349316837064219 c0  (expected file not found in facebook/videos/ewa-2026-06-15)
video-missing    1349316837064219 c0  (expected file not found in facebook/videos/ewa-2026-06-15)
image-pending    2155475181687885 c0  (HANDOVER §8.5 — image handling not yet built)
image-pending    2155475181687885 c0  (HANDOVER §8.5 — image handling not yet built)
image-pending    2155475181687885 c0  (HANDOVER §8.5 — image handling not yet built)
image-pending    2155475181687885 c0  (HANDOVER §8.5 — image handling not yet built)
image-pending    2155475181687885 c0  (HANDOVER §8.5 — image handling not yet built)
image-pending    2155475181687885 c0  (HANDOVER §8.5 — image handling not yet built)
image-pending    2155475181687885 c0  (HANDOVER §8.5 — image handling not yet built)
image-pending    2155475181687885 c0  (HANDOVER §8.5 — image handling not yet built)
image-pending    2073237476925987 c0  (HANDOVER §8.5 — image handling not yet built)
image-pending    876969004774583 c0  (HANDOVER §8.5 — image handling not yet built)
image-pending    876969004774583 c0  (HANDOVER §8.5 — image handling not yet built)
uploaded         2294611094627539 c0  (video) ← 2294611094627539.mp4  → https://dcfd27564ef899969db9a562c7e1945f.r2.cloudflarestorage.com/2294611094627539.mp4
video-missing    2294611094627539 c0  (expected file not found in facebook/videos/ewa-2026-06-15)
carried-forward  1327276176016268 c0  → https://dcfd27564ef899969db9a562c7e1945f.r2.cloudflarestorage.com/1327276176016268.mp4
image-pending    1519373482894505 c0  (HANDOVER §8.5 — image handling not yet built)
carried-forward  3945329628930257 c0  → https://pub-893b4a6a607b4221a894bf861da7914e.r2.dev/3945329628930257.jpg
image-pending    3945329628930257 c0  (HANDOVER §8.5 — image handling not yet built)
carried-forward  1005533612158224 c0  → https://pub-893b4a6a607b4221a894bf861da7914e.r2.dev/1005533612158224.mp4
image-pending    1484178396813245 c0  (HANDOVER §8.5 — image handling not yet built)
image-pending    4474502042872036 c0  (HANDOVER §8.5 — image handling not yet built)
video-missing    1312923257677462 c0  (expected file not found in facebook/videos/ewa-2026-06-15)
image-pending    2617000295437979 c0  (HANDOVER §8.5 — image handling not yet built)
image-pending    2617000295437979 c0  (HANDOVER §8.5 — image handling not yet built)
image-pending    2617000295437979 c0  (HANDOVER §8.5 — image handling not yet built)
image-pending    2617000295437979 c0  (HANDOVER §8.5 — image handling not yet built)
image-pending    2617000295437979 c0  (HANDOVER §8.5 — image handling not yet built)
image-pending    2617000295437979 c0  (HANDOVER §8.5 — image handling not yet built)
image-pending    2617000295437979 c0  (HANDOVER §8.5 — image handling not yet built)
image-pending    2617000295437979 c0  (HANDOVER §8.5 — image handling not yet built)
image-pending    2617000295437979 c0  (HANDOVER §8.5 — image handling not yet built)
image-pending    2617000295437979 c0  (HANDOVER §8.5 — image handling not yet built)
carried-forward  1661190878467773 c0  → https://dcfd27564ef899969db9a562c7e1945f.r2.cloudflarestorage.com/1661190878467773.mp4
uploaded         2239218920171111 c0  (video) ← 2239218920171111.mp4  → https://dcfd27564ef899969db9a562c7e1945f.r2.cloudflarestorage.com/2239218920171111.mp4
video-missing    2239218920171111 c0  (expected file not found in facebook/videos/ewa-2026-06-15)
carried-forward  2362134817604995 c0  → https://dcfd27564ef899969db9a562c7e1945f.r2.cloudflarestorage.com/2362134817604995.mp4
video-missing    1490756479470430 c0  (expected file not found in facebook/videos/ewa-2026-06-15)
video-missing    1490756479470430 c0  (expected file not found in facebook/videos/ewa-2026-06-15)
image-pending    1727329291607015 c0  (HANDOVER §8.5 — image handling not yet built)
image-pending    1727329291607015 c0  (HANDOVER §8.5 — image handling not yet built)
image-pending    1773446680488050 c0  (HANDOVER §8.5 — image handling not yet built)
image-pending    1773446680488050 c0  (HANDOVER §8.5 — image handling not yet built)
image-pending    1773446680488050 c0  (HANDOVER §8.5 — image handling not yet built)
image-pending    1683784796262758 c0  (HANDOVER §8.5 — image handling not yet built)
image-pending    1683784796262758 c0  (HANDOVER §8.5 — image handling not yet built)
image-pending    1683784796262758 c0  (HANDOVER §8.5 — image handling not yet built)
image-pending    1378245117458954 c0  (HANDOVER §8.5 — image handling not yet built)
image-pending    1378245117458954 c0  (HANDOVER §8.5 — image handling not yet built)
image-pending    1378245117458954 c0  (HANDOVER §8.5 — image handling not yet built)
image-pending    1705209094148271 c0  (HANDOVER §8.5 — image handling not yet built)
carried-forward  1017913611177406 c0  → https://dcfd27564ef899969db9a562c7e1945f.r2.cloudflarestorage.com/1017913611177406.mp4
video-missing    1017913611177406 c0  (expected file not found in facebook/videos/ewa-2026-06-15)
video-missing    1017913611177406 c0  (expected file not found in facebook/videos/ewa-2026-06-15)
carried-forward  3189721991212980 c0  → https://pub-893b4a6a607b4221a894bf861da7914e.r2.dev/3189721991212980.mp4
carried-forward  2025310948091732 c0  → https://dcfd27564ef899969db9a562c7e1945f.r2.cloudflarestorage.com/2025310948091732.mp4
carried-forward  983227384111623 c0  → https://pub-893b4a6a607b4221a894bf861da7914e.r2.dev/983227384111623.jpg
image-pending    983227384111623 c0  (HANDOVER §8.5 — image handling not yet built)
carried-forward  1028284493229537 c0  → https://dcfd27564ef899969db9a562c7e1945f.r2.cloudflarestorage.com/1028284493229537.mp4
image-pending    4453219825005031 c0  (HANDOVER §8.5 — image handling not yet built)
carried-forward  1272230288325634 c0  → https://dcfd27564ef899969db9a562c7e1945f.r2.cloudflarestorage.com/1272230288325634.mp4
video-missing    1272230288325634 c0  (expected file not found in facebook/videos/ewa-2026-06-15)
video-missing    1272230288325634 c0  (expected file not found in facebook/videos/ewa-2026-06-15)
uploaded         1526068995933809 c0  (video) ← 1526068995933809.mp4  → https://dcfd27564ef899969db9a562c7e1945f.r2.cloudflarestorage.com/1526068995933809.mp4
video-missing    1526068995933809 c0  (expected file not found in facebook/videos/ewa-2026-06-15)
video-missing    1526068995933809 c0  (expected file not found in facebook/videos/ewa-2026-06-15)
video-missing    1526068995933809 c0  (expected file not found in facebook/videos/ewa-2026-06-15)
video-missing    1526068995933809 c0  (expected file not found in facebook/videos/ewa-2026-06-15)
video-missing    1526068995933809 c0  (expected file not found in facebook/videos/ewa-2026-06-15)
video-missing    1526068995933809 c0  (expected file not found in facebook/videos/ewa-2026-06-15)
image-pending    2008654349777695 c0  (HANDOVER §8.5 — image handling not yet built)
image-pending    2008654349777695 c0  (HANDOVER §8.5 — image handling not yet built)
carried-forward  1518450716536389 c0  → https://dcfd27564ef899969db9a562c7e1945f.r2.cloudflarestorage.com/1518450716536389.mp4
image-pending    1347446793966667 c0  (HANDOVER §8.5 — image handling not yet built)
image-pending    974899155413845 c0  (HANDOVER §8.5 — image handling not yet built)
image-pending    1632466121159788 c0  (HANDOVER §8.5 — image handling not yet built)
uploaded         1531924681673484 c0  (video) ← 1531924681673484.mp4  → https://dcfd27564ef899969db9a562c7e1945f.r2.cloudflarestorage.com/1531924681673484.mp4
uploaded         1745280089824643 c0  (video) ← 1745280089824643.mp4  → https://dcfd27564ef899969db9a562c7e1945f.r2.cloudflarestorage.com/1745280089824643.mp4
video-missing    1745280089824643 c0  (expected file not found in facebook/videos/ewa-2026-06-15)
video-missing    1745280089824643 c0  (expected file not found in facebook/videos/ewa-2026-06-15)
video-missing    1745280089824643 c0  (expected file not found in facebook/videos/ewa-2026-06-15)
video-missing    1745280089824643 c0  (expected file not found in facebook/videos/ewa-2026-06-15)
video-missing    1745280089824643 c0  (expected file not found in facebook/videos/ewa-2026-06-15)
video-missing    1745280089824643 c0  (expected file not found in facebook/videos/ewa-2026-06-15)
video-missing    1745280089824643 c0  (expected file not found in facebook/videos/ewa-2026-06-15)
carried-forward  969013832572630 c0  → https://dcfd27564ef899969db9a562c7e1945f.r2.cloudflarestorage.com/969013832572630.mp4
carried-forward  1188325637687447 c0  → https://pub-893b4a6a607b4221a894bf861da7914e.r2.dev/1188325637687447.jpg
image-pending    990245123602958 c0  (HANDOVER §8.5 — image handling not yet built)
image-pending    1462290062336272 c0  (HANDOVER §8.5 — image handling not yet built)
image-pending    1462290062336272 c0  (HANDOVER §8.5 — image handling not yet built)
image-pending    3723298461155874 c0  (HANDOVER §8.5 — image handling not yet built)
carried-forward  846508321853410 c0  → https://pub-893b4a6a607b4221a894bf861da7914e.r2.dev/846508321853410.mp4
image-pending    1995457387758117 c0  (HANDOVER §8.5 — image handling not yet built)
carried-forward  27120044790995144 c0  → https://dcfd27564ef899969db9a562c7e1945f.r2.cloudflarestorage.com/27120044790995144.mp4
uploaded         1717201396101258 c0  (video) ← 1717201396101258.mp4  → https://dcfd27564ef899969db9a562c7e1945f.r2.cloudflarestorage.com/1717201396101258.mp4
video-missing    1717201396101258 c0  (expected file not found in facebook/videos/ewa-2026-06-15)
image-pending    1476645653687870 c0  (HANDOVER §8.5 — image handling not yet built)
carried-forward  1627728658286343 c0  → https://pub-893b4a6a607b4221a894bf861da7914e.r2.dev/1627728658286343.jpg
image-pending    1038520568844010 c0  (HANDOVER §8.5 — image handling not yet built)
carried-forward  1800401644701479 c0  → https://pub-893b4a6a607b4221a894bf861da7914e.r2.dev/1800401644701479.mp4
carried-forward  1516804023320504 c0  → https://dcfd27564ef899969db9a562c7e1945f.r2.cloudflarestorage.com/1516804023320504.mp4
video-missing    1516804023320504 c0  (expected file not found in facebook/videos/ewa-2026-06-15)
image-pending    1655254435805340 c0  (HANDOVER §8.5 — image handling not yet built)
uploaded         1945886166051906 c0  (video) ← 1945886166051906.mp4  → https://dcfd27564ef899969db9a562c7e1945f.r2.cloudflarestorage.com/1945886166051906.mp4
image-pending    1960462008005698 c0  (HANDOVER §8.5 — image handling not yet built)
image-pending    1960462008005698 c0  (HANDOVER §8.5 — image handling not yet built)
image-pending    1960462008005698 c0  (HANDOVER §8.5 — image handling not yet built)
carried-forward  2298034494062994 c0  → https://dcfd27564ef899969db9a562c7e1945f.r2.cloudflarestorage.com/2298034494062994.mp4
image-pending    987854484161862 c0  (HANDOVER §8.5 — image handling not yet built)
image-pending    1717047592635193 c0  (HANDOVER §8.5 — image handling not yet built)
uploaded         1293237459462128 c0  (video) ← 1293237459462128.mp4  → https://dcfd27564ef899969db9a562c7e1945f.r2.cloudflarestorage.com/1293237459462128.mp4
video-missing    1293237459462128 c0  (expected file not found in facebook/videos/ewa-2026-06-15)
video-missing    1293237459462128 c0  (expected file not found in facebook/videos/ewa-2026-06-15)
video-missing    1293237459462128 c0  (expected file not found in facebook/videos/ewa-2026-06-15)
video-missing    1293237459462128 c0  (expected file not found in facebook/videos/ewa-2026-06-15)
video-missing    1293237459462128 c0  (expected file not found in facebook/videos/ewa-2026-06-15)
video-missing    1293237459462128 c0  (expected file not found in facebook/videos/ewa-2026-06-15)
video-missing    1293237459462128 c0  (expected file not found in facebook/videos/ewa-2026-06-15)
video-missing    1293237459462128 c0  (expected file not found in facebook/videos/ewa-2026-06-15)
video-missing    1293237459462128 c0  (expected file not found in facebook/videos/ewa-2026-06-15)
video-missing    1293237459462128 c0  (expected file not found in facebook/videos/ewa-2026-06-15)
image-pending    870027658867495 c0  (HANDOVER §8.5 — image handling not yet built)
uploaded         1333013442307846 c0  (video) ← 1333013442307846.mp4  → https://dcfd27564ef899969db9a562c7e1945f.r2.cloudflarestorage.com/1333013442307846.mp4
carried-forward  1542329570639942 c0  → https://dcfd27564ef899969db9a562c7e1945f.r2.cloudflarestorage.com/1542329570639942.mp4
video-missing    1542329570639942 c0  (expected file not found in facebook/videos/ewa-2026-06-15)
video-missing    1542329570639942 c0  (expected file not found in facebook/videos/ewa-2026-06-15)
carried-forward  1738659907134261 c0  → https://dcfd27564ef899969db9a562c7e1945f.r2.cloudflarestorage.com/1738659907134261.mp4
carried-forward  1990805151808381 c0  → https://pub-893b4a6a607b4221a894bf861da7914e.r2.dev/1990805151808381.mp4
image-pending    2820474551644657 c0  (HANDOVER §8.5 — image handling not yet built)
image-pending    2820474551644657 c0  (HANDOVER §8.5 — image handling not yet built)
image-pending    1284801253426253 c0  (HANDOVER §8.5 — image handling not yet built)
carried-forward  1009634981532108 c0  → https://dcfd27564ef899969db9a562c7e1945f.r2.cloudflarestorage.com/1009634981532108.mp4
carried-forward  1680023379905256 c0  → https://dcfd27564ef899969db9a562c7e1945f.r2.cloudflarestorage.com/1680023379905256.mp4
video-missing    1680023379905256 c0  (expected file not found in facebook/videos/ewa-2026-06-15)
image-pending    983487391203339 c0  (HANDOVER §8.5 — image handling not yet built)
image-pending    983487391203339 c0  (HANDOVER §8.5 — image handling not yet built)
image-pending    983487391203339 c0  (HANDOVER §8.5 — image handling not yet built)
image-pending    866097886534648 c0  (HANDOVER §8.5 — image handling not yet built)
image-pending    866097886534648 c0  (HANDOVER §8.5 — image handling not yet built)
image-pending    866097886534648 c0  (HANDOVER §8.5 — image handling not yet built)
carried-forward  1005975795462956 c0  → https://dcfd27564ef899969db9a562c7e1945f.r2.cloudflarestorage.com/1005975795462956.mp4
video-missing    1005975795462956 c0  (expected file not found in facebook/videos/ewa-2026-06-15)
video-missing    1005975795462956 c0  (expected file not found in facebook/videos/ewa-2026-06-15)
video-missing    1005975795462956 c0  (expected file not found in facebook/videos/ewa-2026-06-15)
video-missing    1005975795462956 c0  (expected file not found in facebook/videos/ewa-2026-06-15)
video-missing    1005975795462956 c0  (expected file not found in facebook/videos/ewa-2026-06-15)
image-pending    997684529510791 c0  (HANDOVER §8.5 — image handling not yet built)
image-pending    997684529510791 c0  (HANDOVER §8.5 — image handling not yet built)
image-pending    997684529510791 c0  (HANDOVER §8.5 — image handling not yet built)
image-pending    1003633228817234 c0  (HANDOVER §8.5 — image handling not yet built)
image-pending    1003633228817234 c0  (HANDOVER §8.5 — image handling not yet built)
carried-forward  1347080823959854 c0  → https://dcfd27564ef899969db9a562c7e1945f.r2.cloudflarestorage.com/1347080823959854.mp4
uploaded         1554497799640937 c0  (video) ← 1554497799640937.mp4  → https://dcfd27564ef899969db9a562c7e1945f.r2.cloudflarestorage.com/1554497799640937.mp4
video-missing    1000929962932001 c0  (expected file not found in facebook/videos/ewa-2026-06-15)
image-pending    2140966813136877 c0  (HANDOVER §8.5 — image handling not yet built)
image-pending    2140966813136877 c0  (HANDOVER §8.5 — image handling not yet built)
image-pending    2140966813136877 c0  (HANDOVER §8.5 — image handling not yet built)
image-pending    2140966813136877 c0  (HANDOVER §8.5 — image handling not yet built)
image-pending    2140966813136877 c0  (HANDOVER §8.5 — image handling not yet built)
image-pending    2140966813136877 c0  (HANDOVER §8.5 — image handling not yet built)
image-pending    2140966813136877 c0  (HANDOVER §8.5 — image handling not yet built)
image-pending    2140966813136877 c0  (HANDOVER §8.5 — image handling not yet built)
image-pending    2140966813136877 c0  (HANDOVER §8.5 — image handling not yet built)
uploaded         1533007844883136 c0  (video) ← 1533007844883136.mp4  → https://dcfd27564ef899969db9a562c7e1945f.r2.cloudflarestorage.com/1533007844883136.mp4
image-pending    1704482710570834 c0  (HANDOVER §8.5 — image handling not yet built)
uploaded         976081415061305 c0  (video) ← 976081415061305.mp4  → https://dcfd27564ef899969db9a562c7e1945f.r2.cloudflarestorage.com/976081415061305.mp4
video-missing    976081415061305 c0  (expected file not found in facebook/videos/ewa-2026-06-15)
image-pending    1486585319196474 c0  (HANDOVER §8.5 — image handling not yet built)
carried-forward  947353454969133 c0  → https://dcfd27564ef899969db9a562c7e1945f.r2.cloudflarestorage.com/947353454969133.mp4
uploaded         3281703298679616 c0  (video) ← 3281703298679616.mp4  → https://dcfd27564ef899969db9a562c7e1945f.r2.cloudflarestorage.com/3281703298679616.mp4
video-missing    3281703298679616 c0  (expected file not found in facebook/videos/ewa-2026-06-15)
video-missing    3281703298679616 c0  (expected file not found in facebook/videos/ewa-2026-06-15)
video-missing    3281703298679616 c0  (expected file not found in facebook/videos/ewa-2026-06-15)
image-pending    1702370517468951 c0  (HANDOVER §8.5 — image handling not yet built)
image-pending    1321499253382273 c0  (HANDOVER §8.5 — image handling not yet built)
carried-forward  2034186263844150 c0  → https://dcfd27564ef899969db9a562c7e1945f.r2.cloudflarestorage.com/2034186263844150.mp4
uploaded         974506442132125 c0  (video) ← 974506442132125.mp4  → https://dcfd27564ef899969db9a562c7e1945f.r2.cloudflarestorage.com/974506442132125.mp4
video-missing    974506442132125 c0  (expected file not found in facebook/videos/ewa-2026-06-15)
carried-forward  2226700861473519 c0  → https://dcfd27564ef899969db9a562c7e1945f.r2.cloudflarestorage.com/2226700861473519.mp4
video-missing    2226700861473519 c0  (expected file not found in facebook/videos/ewa-2026-06-15)
uploaded         1675470323675229 c0  (video) ← 1675470323675229.mp4  → https://dcfd27564ef899969db9a562c7e1945f.r2.cloudflarestorage.com/1675470323675229.mp4
video-missing    1675470323675229 c0  (expected file not found in facebook/videos/ewa-2026-06-15)
video-missing    1675470323675229 c0  (expected file not found in facebook/videos/ewa-2026-06-15)
carried-forward  970906429113235 c0  → https://dcfd27564ef899969db9a562c7e1945f.r2.cloudflarestorage.com/970906429113235.mp4
carried-forward  4106122346344490 c0  → https://dcfd27564ef899969db9a562c7e1945f.r2.cloudflarestorage.com/4106122346344490.mp4
video-missing    4106122346344490 c0  (expected file not found in facebook/videos/ewa-2026-06-15)
video-missing    4106122346344490 c0  (expected file not found in facebook/videos/ewa-2026-06-15)
video-missing    4106122346344490 c0  (expected file not found in facebook/videos/ewa-2026-06-15)
uploaded         3575817602582915 c0  (video) ← 3575817602582915.mp4  → https://dcfd27564ef899969db9a562c7e1945f.r2.cloudflarestorage.com/3575817602582915.mp4
video-missing    3575817602582915 c0  (expected file not found in facebook/videos/ewa-2026-06-15)
video-missing    3575817602582915 c0  (expected file not found in facebook/videos/ewa-2026-06-15)
image-pending    1030332219501521 c0  (HANDOVER §8.5 — image handling not yet built)
image-pending    1936981136963790 c0  (HANDOVER §8.5 — image handling not yet built)
uploaded         1302111228276665 c0  (video) ← 1302111228276665.mp4  → https://dcfd27564ef899969db9a562c7e1945f.r2.cloudflarestorage.com/1302111228276665.mp4
carried-forward  1678241326655653 c0  → https://dcfd27564ef899969db9a562c7e1945f.r2.cloudflarestorage.com/1678241326655653.mp4
image-pending    2525994964486718 c0  (HANDOVER §8.5 — image handling not yet built)
carried-forward  1013249781232627 c0  → https://dcfd27564ef899969db9a562c7e1945f.r2.cloudflarestorage.com/1013249781232627.mp4
video-missing    1013249781232627 c0  (expected file not found in facebook/videos/ewa-2026-06-15)
video-missing    1013249781232627 c0  (expected file not found in facebook/videos/ewa-2026-06-15)
video-missing    1013249781232627 c0  (expected file not found in facebook/videos/ewa-2026-06-15)
video-missing    1013249781232627 c0  (expected file not found in facebook/videos/ewa-2026-06-15)
video-missing    1013249781232627 c0  (expected file not found in facebook/videos/ewa-2026-06-15)
image-pending    1396822222279921 c0  (HANDOVER §8.5 — image handling not yet built)
image-pending    1396822222279921 c0  (HANDOVER §8.5 — image handling not yet built)
image-pending    1396822222279921 c0  (HANDOVER §8.5 — image handling not yet built)
image-pending    1940060256789223 c0  (HANDOVER §8.5 — image handling not yet built)
image-pending    1940060256789223 c0  (HANDOVER §8.5 — image handling not yet built)
image-pending    1940060256789223 c0  (HANDOVER §8.5 — image handling not yet built)
uploaded         1362575812388649 c0  (video) ← 1362575812388649.mp4  → https://dcfd27564ef899969db9a562c7e1945f.r2.cloudflarestorage.com/1362575812388649.mp4
carried-forward  946424164893649 c0  → https://pub-893b4a6a607b4221a894bf861da7914e.r2.dev/946424164893649.mp4
carried-forward  1770659840769086 c0  → https://dcfd27564ef899969db9a562c7e1945f.r2.cloudflarestorage.com/1770659840769086.mp4
image-pending    1465071464939967 c0  (HANDOVER §8.5 — image handling not yet built)
image-pending    2204247310417181 c0  (HANDOVER §8.5 — image handling not yet built)
image-pending    1052797700404118 c0  (HANDOVER §8.5 — image handling not yet built)
carried-forward  1512461623874160 c0  → https://dcfd27564ef899969db9a562c7e1945f.r2.cloudflarestorage.com/1512461623874160.mp4
carried-forward  4426912044231441 c0  → https://dcfd27564ef899969db9a562c7e1945f.r2.cloudflarestorage.com/4426912044231441.mp4
carried-forward  968458132442947 c0  → https://pub-893b4a6a607b4221a894bf861da7914e.r2.dev/968458132442947.mp4
image-pending    987914824064777 c0  (HANDOVER §8.5 — image handling not yet built)
image-pending    987914824064777 c0  (HANDOVER §8.5 — image handling not yet built)
image-pending    987914824064777 c0  (HANDOVER §8.5 — image handling not yet built)
image-pending    1023441210254735 c0  (HANDOVER §8.5 — image handling not yet built)
image-pending    1023441210254735 c0  (HANDOVER §8.5 — image handling not yet built)
image-pending    1023441210254735 c0  (HANDOVER §8.5 — image handling not yet built)
image-pending    1023441210254735 c0  (HANDOVER §8.5 — image handling not yet built)
image-pending    1023441210254735 c0  (HANDOVER §8.5 — image handling not yet built)
image-pending    1536434547862284 c0  (HANDOVER §8.5 — image handling not yet built)
uploaded         1681965516022018 c0  (video) ← 1681965516022018.mp4  → https://dcfd27564ef899969db9a562c7e1945f.r2.cloudflarestorage.com/1681965516022018.mp4
uploaded         992595996851572 c0  (video) ← 992595996851572.mp4  → https://dcfd27564ef899969db9a562c7e1945f.r2.cloudflarestorage.com/992595996851572.mp4
carried-forward  1372145018298461 c0  → https://dcfd27564ef899969db9a562c7e1945f.r2.cloudflarestorage.com/1372145018298461.mp4
image-pending    1546669313645716 c0  (HANDOVER §8.5 — image handling not yet built)
uploaded         1622566158846798 c0  (video) ← 1622566158846798.mp4  → https://dcfd27564ef899969db9a562c7e1945f.r2.cloudflarestorage.com/1622566158846798.mp4
video-missing    1622566158846798 c0  (expected file not found in facebook/videos/ewa-2026-06-15)
image-pending    961519506886466 c0  (HANDOVER §8.5 — image handling not yet built)
image-pending    961519506886466 c0  (HANDOVER §8.5 — image handling not yet built)
image-pending    961519506886466 c0  (HANDOVER §8.5 — image handling not yet built)
image-pending    961519506886466 c0  (HANDOVER §8.5 — image handling not yet built)
image-pending    961519506886466 c0  (HANDOVER §8.5 — image handling not yet built)
image-pending    961519506886466 c0  (HANDOVER §8.5 — image handling not yet built)
image-pending    961519506886466 c0  (HANDOVER §8.5 — image handling not yet built)
image-pending    961519506886466 c0  (HANDOVER §8.5 — image handling not yet built)
image-pending    961519506886466 c0  (HANDOVER §8.5 — image handling not yet built)
image-pending    961519506886466 c0  (HANDOVER §8.5 — image handling not yet built)
image-pending    961519506886466 c0  (HANDOVER §8.5 — image handling not yet built)
image-pending    961519506886466 c0  (HANDOVER §8.5 — image handling not yet built)
carried-forward  2213766209462624 c0  → https://dcfd27564ef899969db9a562c7e1945f.r2.cloudflarestorage.com/2213766209462624.mp4
video-missing    2213766209462624 c0  (expected file not found in facebook/videos/ewa-2026-06-15)
video-missing    2213766209462624 c0  (expected file not found in facebook/videos/ewa-2026-06-15)
image-pending    1001644255746072 c0  (HANDOVER §8.5 — image handling not yet built)
image-pending    1001644255746072 c0  (HANDOVER §8.5 — image handling not yet built)
image-pending    1329853039111621 c0  (HANDOVER §8.5 — image handling not yet built)
image-pending    1329853039111621 c0  (HANDOVER §8.5 — image handling not yet built)
image-pending    1329853039111621 c0  (HANDOVER §8.5 — image handling not yet built)
uploaded         1395778242378476 c0  (video) ← 1395778242378476.mp4  → https://dcfd27564ef899969db9a562c7e1945f.r2.cloudflarestorage.com/1395778242378476.mp4
video-missing    1395778242378476 c0  (expected file not found in facebook/videos/ewa-2026-06-15)
carried-forward  1032273359470239 c0  → https://pub-893b4a6a607b4221a894bf861da7914e.r2.dev/1032273359470239.jpg
carried-forward  27441365728789118 c0  → https://pub-893b4a6a607b4221a894bf861da7914e.r2.dev/27441365728789118.jpg
carried-forward  1667020204418706 c0  → https://dcfd27564ef899969db9a562c7e1945f.r2.cloudflarestorage.com/1667020204418706.mp4
image-pending    26148970354779462 c0  (HANDOVER §8.5 — image handling not yet built)
image-pending    26148970354779462 c0  (HANDOVER §8.5 — image handling not yet built)
uploaded         1815108222794487 c0  (video) ← 1815108222794487.mp4  → https://dcfd27564ef899969db9a562c7e1945f.r2.cloudflarestorage.com/1815108222794487.mp4
image-pending    970430315599032 c0  (HANDOVER §8.5 — image handling not yet built)
image-pending    970430315599032 c0  (HANDOVER §8.5 — image handling not yet built)
image-pending    970430315599032 c0  (HANDOVER §8.5 — image handling not yet built)
video-missing    1000627902357988 c0  (expected file not found in facebook/videos/ewa-2026-06-15)
uploaded         2201733160369558 c0  (video) ← 2201733160369558.mp4  → https://dcfd27564ef899969db9a562c7e1945f.r2.cloudflarestorage.com/2201733160369558.mp4
video-missing    2201733160369558 c0  (expected file not found in facebook/videos/ewa-2026-06-15)
image-pending    1262063586008403 c0  (HANDOVER §8.5 — image handling not yet built)
image-pending    1262063586008403 c0  (HANDOVER §8.5 — image handling not yet built)
image-pending    1262063586008403 c0  (HANDOVER §8.5 — image handling not yet built)
image-pending    1262063586008403 c0  (HANDOVER §8.5 — image handling not yet built)
uploaded         1404423908182458 c0  (video) ← 1404423908182458.mp4  → https://dcfd27564ef899969db9a562c7e1945f.r2.cloudflarestorage.com/1404423908182458.mp4
video-missing    1404423908182458 c0  (expected file not found in facebook/videos/ewa-2026-06-15)
image-pending    1321060856898456 c0  (HANDOVER §8.5 — image handling not yet built)
uploaded         2092962974901906 c0  (video) ← 2092962974901906.mp4  → https://dcfd27564ef899969db9a562c7e1945f.r2.cloudflarestorage.com/2092962974901906.mp4
carried-forward  1476894903678746 c0  → https://dcfd27564ef899969db9a562c7e1945f.r2.cloudflarestorage.com/1476894903678746.mp4
video-missing    1476894903678746 c0  (expected file not found in facebook/videos/ewa-2026-06-15)
image-pending    2143950382887280 c0  (HANDOVER §8.5 — image handling not yet built)
carried-forward  1661884121739494 c0  → https://dcfd27564ef899969db9a562c7e1945f.r2.cloudflarestorage.com/1661884121739494.mp4
carried-forward  3147510175448106 c0  → https://dcfd27564ef899969db9a562c7e1945f.r2.cloudflarestorage.com/3147510175448106.mp4
uploaded         2091536058443257 c0  (video) ← 2091536058443257.mp4  → https://dcfd27564ef899969db9a562c7e1945f.r2.cloudflarestorage.com/2091536058443257.mp4
video-missing    2091536058443257 c0  (expected file not found in facebook/videos/ewa-2026-06-15)
carried-forward  2171739233368950 c0  → https://dcfd27564ef899969db9a562c7e1945f.r2.cloudflarestorage.com/2171739233368950.mp4
carried-forward  998611952577180 c0  → https://dcfd27564ef899969db9a562c7e1945f.r2.cloudflarestorage.com/998611952577180.mp4
uploaded         941581985579911 c0  (video) ← 941581985579911.mp4  → https://dcfd27564ef899969db9a562c7e1945f.r2.cloudflarestorage.com/941581985579911.mp4
image-pending    1479645273470980 c0  (HANDOVER §8.5 — image handling not yet built)
carried-forward  4343339405934808 c0  → https://dcfd27564ef899969db9a562c7e1945f.r2.cloudflarestorage.com/4343339405934808.mp4
video-missing    4343339405934808 c0  (expected file not found in facebook/videos/ewa-2026-06-15)
uploaded         973313968795790 c0  (video) ← 973313968795790.mp4  → https://dcfd27564ef899969db9a562c7e1945f.r2.cloudflarestorage.com/973313968795790.mp4
video-missing    973313968795790 c0  (expected file not found in facebook/videos/ewa-2026-06-15)
video-missing    973313968795790 c0  (expected file not found in facebook/videos/ewa-2026-06-15)
video-missing    973313968795790 c0  (expected file not found in facebook/videos/ewa-2026-06-15)
carried-forward  1034264889270047 c0  → https://dcfd27564ef899969db9a562c7e1945f.r2.cloudflarestorage.com/1034264889270047.mp4
carried-forward  2719890545062628 c0  → https://dcfd27564ef899969db9a562c7e1945f.r2.cloudflarestorage.com/2719890545062628.mp4
video-missing    2719890545062628 c0  (expected file not found in facebook/videos/ewa-2026-06-15)
video-missing    2719890545062628 c0  (expected file not found in facebook/videos/ewa-2026-06-15)
video-missing    2719890545062628 c0  (expected file not found in facebook/videos/ewa-2026-06-15)
video-missing    2719890545062628 c0  (expected file not found in facebook/videos/ewa-2026-06-15)
image-pending    1023010326878477 c0  (HANDOVER §8.5 — image handling not yet built)
image-pending    1023010326878477 c0  (HANDOVER §8.5 — image handling not yet built)
image-pending    1023010326878477 c0  (HANDOVER §8.5 — image handling not yet built)
image-pending    1023010326878477 c0  (HANDOVER §8.5 — image handling not yet built)
image-pending    1023010326878477 c0  (HANDOVER §8.5 — image handling not yet built)
image-pending    1023010326878477 c0  (HANDOVER §8.5 — image handling not yet built)
image-pending    1023010326878477 c0  (HANDOVER §8.5 — image handling not yet built)
image-pending    1023010326878477 c0  (HANDOVER §8.5 — image handling not yet built)
image-pending    1023010326878477 c0  (HANDOVER §8.5 — image handling not yet built)
carried-forward  1436560438508665 c0  → https://dcfd27564ef899969db9a562c7e1945f.r2.cloudflarestorage.com/1436560438508665.mp4
video-missing    1436560438508665 c0  (expected file not found in facebook/videos/ewa-2026-06-15)
carried-forward  2070498210567508 c0  → https://dcfd27564ef899969db9a562c7e1945f.r2.cloudflarestorage.com/2070498210567508.mp4
uploaded         1548235100066828 c0  (video) ← 1548235100066828.mp4  → https://dcfd27564ef899969db9a562c7e1945f.r2.cloudflarestorage.com/1548235100066828.mp4
video-missing    1548235100066828 c0  (expected file not found in facebook/videos/ewa-2026-06-15)
video-missing    1548235100066828 c0  (expected file not found in facebook/videos/ewa-2026-06-15)
video-missing    1548235100066828 c0  (expected file not found in facebook/videos/ewa-2026-06-15)
video-missing    1548235100066828 c0  (expected file not found in facebook/videos/ewa-2026-06-15)
video-missing    1548235100066828 c0  (expected file not found in facebook/videos/ewa-2026-06-15)
video-missing    1548235100066828 c0  (expected file not found in facebook/videos/ewa-2026-06-15)
image-pending    1515467073402864 c0  (HANDOVER §8.5 — image handling not yet built)
image-pending    1515467073402864 c0  (HANDOVER §8.5 — image handling not yet built)
image-pending    1515467073402864 c0  (HANDOVER §8.5 — image handling not yet built)
carried-forward  1840053893638473 c0  → https://dcfd27564ef899969db9a562c7e1945f.r2.cloudflarestorage.com/1840053893638473.mp4
video-missing    1840053893638473 c0  (expected file not found in facebook/videos/ewa-2026-06-15)
video-missing    1840053893638473 c0  (expected file not found in facebook/videos/ewa-2026-06-15)
video-missing    1840053893638473 c0  (expected file not found in facebook/videos/ewa-2026-06-15)
video-missing    1840053893638473 c0  (expected file not found in facebook/videos/ewa-2026-06-15)
video-missing    1840053893638473 c0  (expected file not found in facebook/videos/ewa-2026-06-15)
carried-forward  2044076636144663 c0  → https://dcfd27564ef899969db9a562c7e1945f.r2.cloudflarestorage.com/2044076636144663.mp4
uploaded         1308284694800985 c0  (video) ← 1308284694800985.mp4  → https://dcfd27564ef899969db9a562c7e1945f.r2.cloudflarestorage.com/1308284694800985.mp4
image-pending    2989149038096488 c0  (HANDOVER §8.5 — image handling not yet built)
image-pending    2989149038096488 c0  (HANDOVER §8.5 — image handling not yet built)
carried-forward  1292989429716153 c0  → https://dcfd27564ef899969db9a562c7e1945f.r2.cloudflarestorage.com/1292989429716153.mp4
image-pending    2987904468074622 c0  (HANDOVER §8.5 — image handling not yet built)
image-pending    1640804077150879 c0  (HANDOVER §8.5 — image handling not yet built)
image-pending    1640804077150879 c0  (HANDOVER §8.5 — image handling not yet built)
image-pending    1489425955840602 c0  (HANDOVER §8.5 — image handling not yet built)
image-pending    1165946005719219 c0  (HANDOVER §8.5 — image handling not yet built)
uploaded         1681861336298861 c0  (video) ← 1681861336298861.mp4  → https://dcfd27564ef899969db9a562c7e1945f.r2.cloudflarestorage.com/1681861336298861.mp4
video-missing    1681861336298861 c0  (expected file not found in facebook/videos/ewa-2026-06-15)
video-missing    4551088471703398 c0  (expected file not found in facebook/videos/ewa-2026-06-15)
uploaded         1514667183643747 c0  (video) ← 1514667183643747.mp4  → https://dcfd27564ef899969db9a562c7e1945f.r2.cloudflarestorage.com/1514667183643747.mp4
video-missing    1514667183643747 c0  (expected file not found in facebook/videos/ewa-2026-06-15)
carried-forward  2262041641235078 c0  → https://dcfd27564ef899969db9a562c7e1945f.r2.cloudflarestorage.com/2262041641235078.mp4
video-missing    2262041641235078 c0  (expected file not found in facebook/videos/ewa-2026-06-15)
carried-forward  2980896488970291 c0  → https://dcfd27564ef899969db9a562c7e1945f.r2.cloudflarestorage.com/2980896488970291.mp4
uploaded         1393047213008153 c0  (video) ← 1393047213008153.mp4  → https://dcfd27564ef899969db9a562c7e1945f.r2.cloudflarestorage.com/1393047213008153.mp4
carried-forward  2162237464533864 c0  → https://dcfd27564ef899969db9a562c7e1945f.r2.cloudflarestorage.com/2162237464533864.mp4
image-pending    978862874780511 c0  (HANDOVER §8.5 — image handling not yet built)
carried-forward  1551066799866638 c0  → https://dcfd27564ef899969db9a562c7e1945f.r2.cloudflarestorage.com/1551066799866638.mp4
video-missing    1551066799866638 c0  (expected file not found in facebook/videos/ewa-2026-06-15)
video-missing    2030618574497878 c0  (expected file not found in facebook/videos/ewa-2026-06-15)
video-missing    2030618574497878 c0  (expected file not found in facebook/videos/ewa-2026-06-15)
carried-forward  1761686138604652 c0  → https://dcfd27564ef899969db9a562c7e1945f.r2.cloudflarestorage.com/1761686138604652.mp4
image-pending    1019764944329033 c0  (HANDOVER §8.5 — image handling not yet built)
video-missing    1501249248140161 c0  (expected file not found in facebook/videos/ewa-2026-06-15)
carried-forward  2012348302704249 c0  → https://dcfd27564ef899969db9a562c7e1945f.r2.cloudflarestorage.com/2012348302704249.mp4
carried-forward  1487577889217627 c0  → https://dcfd27564ef899969db9a562c7e1945f.r2.cloudflarestorage.com/1487577889217627.mp4
image-pending    1618540962544804 c0  (HANDOVER §8.5 — image handling not yet built)
image-pending    1618540962544804 c0  (HANDOVER §8.5 — image handling not yet built)
image-pending    2876895206036320 c0  (HANDOVER §8.5 — image handling not yet built)
image-pending    2876895206036320 c0  (HANDOVER §8.5 — image handling not yet built)
image-pending    2876895206036320 c0  (HANDOVER §8.5 — image handling not yet built)
image-pending    2876895206036320 c0  (HANDOVER §8.5 — image handling not yet built)
image-pending    2876895206036320 c0  (HANDOVER §8.5 — image handling not yet built)
image-pending    2876895206036320 c0  (HANDOVER §8.5 — image handling not yet built)
image-pending    2876895206036320 c0  (HANDOVER §8.5 — image handling not yet built)
image-pending    2876895206036320 c0  (HANDOVER §8.5 — image handling not yet built)
image-pending    2876895206036320 c0  (HANDOVER §8.5 — image handling not yet built)
carried-forward  1310573704365556 c0  → https://dcfd27564ef899969db9a562c7e1945f.r2.cloudflarestorage.com/1310573704365556.mp4
carried-forward  1680823893118263 c0  → https://dcfd27564ef899969db9a562c7e1945f.r2.cloudflarestorage.com/1680823893118263.mp4
uploaded         922208700869051 c0  (video) ← 922208700869051.mp4  → https://dcfd27564ef899969db9a562c7e1945f.r2.cloudflarestorage.com/922208700869051.mp4
carried-forward  1465771952017316 c0  → https://dcfd27564ef899969db9a562c7e1945f.r2.cloudflarestorage.com/1465771952017316.mp4
video-missing    2119021118659694 c0  (expected file not found in facebook/videos/ewa-2026-06-15)
carried-forward  1733127181370786 c0  → https://dcfd27564ef899969db9a562c7e1945f.r2.cloudflarestorage.com/1733127181370786.mp4
video-missing    994839812923736 c0  (expected file not found in facebook/videos/ewa-2026-06-15)
carried-forward  1287583866818868 c0  → https://dcfd27564ef899969db9a562c7e1945f.r2.cloudflarestorage.com/1287583866818868.mp4
uploaded         1501529505003826 c0  (video) ← 1501529505003826.mp4  → https://dcfd27564ef899969db9a562c7e1945f.r2.cloudflarestorage.com/1501529505003826.mp4
video-missing    1501529505003826 c0  (expected file not found in facebook/videos/ewa-2026-06-15)
video-missing    1501529505003826 c0  (expected file not found in facebook/videos/ewa-2026-06-15)
video-missing    1501529505003826 c0  (expected file not found in facebook/videos/ewa-2026-06-15)
uploaded         944546945291934 c0  (video) ← 944546945291934.mp4  → https://dcfd27564ef899969db9a562c7e1945f.r2.cloudflarestorage.com/944546945291934.mp4
video-missing    944546945291934 c0  (expected file not found in facebook/videos/ewa-2026-06-15)
video-missing    944546945291934 c0  (expected file not found in facebook/videos/ewa-2026-06-15)
image-pending    1560795528998158 c0  (HANDOVER §8.5 — image handling not yet built)
image-pending    1029977539565309 c0  (HANDOVER §8.5 — image handling not yet built)
image-pending    1486489176133874 c0  (HANDOVER §8.5 — image handling not yet built)
image-pending    1486489176133874 c0  (HANDOVER §8.5 — image handling not yet built)
image-pending    3414906288690526 c0  (HANDOVER §8.5 — image handling not yet built)
carried-forward  1368079581829347 c0  → https://dcfd27564ef899969db9a562c7e1945f.r2.cloudflarestorage.com/1368079581829347.mp4
uploaded         1882041755796807 c0  (video) ← 1882041755796807.mp4  → https://dcfd27564ef899969db9a562c7e1945f.r2.cloudflarestorage.com/1882041755796807.mp4
video-missing    1882041755796807 c0  (expected file not found in facebook/videos/ewa-2026-06-15)
video-missing    1882041755796807 c0  (expected file not found in facebook/videos/ewa-2026-06-15)
video-missing    1882041755796807 c0  (expected file not found in facebook/videos/ewa-2026-06-15)
video-missing    1882041755796807 c0  (expected file not found in facebook/videos/ewa-2026-06-15)
carried-forward  973252771977141 c0  → https://dcfd27564ef899969db9a562c7e1945f.r2.cloudflarestorage.com/973252771977141.mp4
image-pending    1037390058866561 c0  (HANDOVER §8.5 — image handling not yet built)
image-pending    1037390058866561 c0  (HANDOVER §8.5 — image handling not yet built)
image-pending    1037390058866561 c0  (HANDOVER §8.5 — image handling not yet built)
carried-forward  1003694645386312 c0  → https://dcfd27564ef899969db9a562c7e1945f.r2.cloudflarestorage.com/1003694645386312.mp4
image-pending    1024140286840340 c0  (HANDOVER §8.5 — image handling not yet built)
carried-forward  2234393354044411 c0  → https://dcfd27564ef899969db9a562c7e1945f.r2.cloudflarestorage.com/2234393354044411.mp4
carried-forward  1500435148378929 c0  → https://dcfd27564ef899969db9a562c7e1945f.r2.cloudflarestorage.com/1500435148378929.mp4
video-missing    1500435148378929 c0  (expected file not found in facebook/videos/ewa-2026-06-15)
video-missing    1500435148378929 c0  (expected file not found in facebook/videos/ewa-2026-06-15)
video-missing    1500435148378929 c0  (expected file not found in facebook/videos/ewa-2026-06-15)
video-missing    1500435148378929 c0  (expected file not found in facebook/videos/ewa-2026-06-15)
video-missing    1500435148378929 c0  (expected file not found in facebook/videos/ewa-2026-06-15)
video-missing    1500435148378929 c0  (expected file not found in facebook/videos/ewa-2026-06-15)
video-missing    1500435148378929 c0  (expected file not found in facebook/videos/ewa-2026-06-15)
video-missing    1500435148378929 c0  (expected file not found in facebook/videos/ewa-2026-06-15)
uploaded         1000398176056692 c0  (video) ← 1000398176056692.mp4  → https://dcfd27564ef899969db9a562c7e1945f.r2.cloudflarestorage.com/1000398176056692.mp4
image-pending    1641879390441439 c0  (HANDOVER §8.5 — image handling not yet built)
video-missing    847357221781477 c0  (expected file not found in facebook/videos/ewa-2026-06-15)
image-pending    1012527411172539 c0  (HANDOVER §8.5 — image handling not yet built)
image-pending    1012527411172539 c0  (HANDOVER §8.5 — image handling not yet built)
uploaded         985883267541473 c0  (video) ← 985883267541473.mp4  → https://dcfd27564ef899969db9a562c7e1945f.r2.cloudflarestorage.com/985883267541473.mp4
image-pending    1532951201604251 c0  (HANDOVER §8.5 — image handling not yet built)
uploaded         1742306380121316 c0  (video) ← 1742306380121316.mp4  → https://dcfd27564ef899969db9a562c7e1945f.r2.cloudflarestorage.com/1742306380121316.mp4
image-pending    863750396233169 c0  (HANDOVER §8.5 — image handling not yet built)
image-pending    4169102980031454 c0  (HANDOVER §8.5 — image handling not yet built)
image-pending    4169102980031454 c0  (HANDOVER §8.5 — image handling not yet built)
image-pending    4169102980031454 c0  (HANDOVER §8.5 — image handling not yet built)
image-pending    4169102980031454 c0  (HANDOVER §8.5 — image handling not yet built)
image-pending    4169102980031454 c0  (HANDOVER §8.5 — image handling not yet built)
image-pending    4169102980031454 c0  (HANDOVER §8.5 — image handling not yet built)
image-pending    4169102980031454 c0  (HANDOVER §8.5 — image handling not yet built)
image-pending    4169102980031454 c0  (HANDOVER §8.5 — image handling not yet built)
video-missing    1004659792252247 c0  (expected file not found in facebook/videos/ewa-2026-06-15)
carried-forward  1287134189826575 c0  → https://dcfd27564ef899969db9a562c7e1945f.r2.cloudflarestorage.com/1287134189826575.mp4
video-missing    1287134189826575 c0  (expected file not found in facebook/videos/ewa-2026-06-15)
uploaded         1003423099054347 c0  (video) ← 1003423099054347.mp4  → https://dcfd27564ef899969db9a562c7e1945f.r2.cloudflarestorage.com/1003423099054347.mp4
uploaded         1358320126176741 c0  (video) ← 1358320126176741.mp4  → https://dcfd27564ef899969db9a562c7e1945f.r2.cloudflarestorage.com/1358320126176741.mp4
carried-forward  2062675387679311 c0  → https://dcfd27564ef899969db9a562c7e1945f.r2.cloudflarestorage.com/2062675387679311.mp4
image-pending    2755143368198688 c0  (HANDOVER §8.5 — image handling not yet built)
image-pending    2755143368198688 c0  (HANDOVER §8.5 — image handling not yet built)
image-pending    4533022790353984 c0  (HANDOVER §8.5 — image handling not yet built)
image-pending    4533022790353984 c0  (HANDOVER §8.5 — image handling not yet built)
uploaded         1033516115860542 c0  (video) ← 1033516115860542.mp4  → https://dcfd27564ef899969db9a562c7e1945f.r2.cloudflarestorage.com/1033516115860542.mp4
uploaded         1081040118435570 c0  (video) ← 1081040118435570.mp4  → https://dcfd27564ef899969db9a562c7e1945f.r2.cloudflarestorage.com/1081040118435570.mp4
carried-forward  1977962152852097 c0  → https://dcfd27564ef899969db9a562c7e1945f.r2.cloudflarestorage.com/1977962152852097.mp4
image-pending    2022005208409214 c0  (HANDOVER §8.5 — image handling not yet built)
carried-forward  1007989538262134 c0  → https://dcfd27564ef899969db9a562c7e1945f.r2.cloudflarestorage.com/1007989538262134.mp4
video-missing    1007989538262134 c0  (expected file not found in facebook/videos/ewa-2026-06-15)
image-pending    1649175813479500 c0  (HANDOVER §8.5 — image handling not yet built)
image-pending    1649175813479500 c0  (HANDOVER §8.5 — image handling not yet built)
image-pending    1649175813479500 c0  (HANDOVER §8.5 — image handling not yet built)
image-pending    1649175813479500 c0  (HANDOVER §8.5 — image handling not yet built)
image-pending    1649175813479500 c0  (HANDOVER §8.5 — image handling not yet built)
image-pending    1649175813479500 c0  (HANDOVER §8.5 — image handling not yet built)
image-pending    1649175813479500 c0  (HANDOVER §8.5 — image handling not yet built)
image-pending    1649175813479500 c0  (HANDOVER §8.5 — image handling not yet built)
image-pending    1649175813479500 c0  (HANDOVER §8.5 — image handling not yet built)
uploaded         1705300777281697 c0  (video) ← 1705300777281697.mp4  → https://dcfd27564ef899969db9a562c7e1945f.r2.cloudflarestorage.com/1705300777281697.mp4
video-missing    1705300777281697 c0  (expected file not found in facebook/videos/ewa-2026-06-15)
video-missing    1705300777281697 c0  (expected file not found in facebook/videos/ewa-2026-06-15)
image-pending    2441882322989708 c0  (HANDOVER §8.5 — image handling not yet built)
video-missing    1229799763541051 c0  (expected file not found in facebook/videos/ewa-2026-06-15)
carried-forward  1342511707795891 c0  → https://dcfd27564ef899969db9a562c7e1945f.r2.cloudflarestorage.com/1342511707795891.mp4
carried-forward  2586236098470865 c0  → https://dcfd27564ef899969db9a562c7e1945f.r2.cloudflarestorage.com/2586236098470865.mp4
uploaded         3035620366641269 c0  (video) ← 3035620366641269.mp4  → https://dcfd27564ef899969db9a562c7e1945f.r2.cloudflarestorage.com/3035620366641269.mp4
carried-forward  834794109358154 c0  → https://dcfd27564ef899969db9a562c7e1945f.r2.cloudflarestorage.com/834794109358154.mp4
carried-forward  1541589574169016 c0  → https://dcfd27564ef899969db9a562c7e1945f.r2.cloudflarestorage.com/1541589574169016.mp4
carried-forward  1502860481535175 c0  → https://pub-893b4a6a607b4221a894bf861da7914e.r2.dev/1502860481535175.mp4
carried-forward  1481182333336636 c0  → https://dcfd27564ef899969db9a562c7e1945f.r2.cloudflarestorage.com/1481182333336636.mp4
uploaded         2233379207466734 c0  (video) ← 2233379207466734.mp4  → https://dcfd27564ef899969db9a562c7e1945f.r2.cloudflarestorage.com/2233379207466734.mp4
uploaded         1513517140446411 c0  (video) ← 1513517140446411.mp4  → https://dcfd27564ef899969db9a562c7e1945f.r2.cloudflarestorage.com/1513517140446411.mp4
video-missing    1513517140446411 c0  (expected file not found in facebook/videos/ewa-2026-06-15)
video-missing    27202729049369297 c0  (expected file not found in facebook/videos/ewa-2026-06-15)
uploaded         983092167668561 c0  (video) ← 983092167668561.mp4  → https://dcfd27564ef899969db9a562c7e1945f.r2.cloudflarestorage.com/983092167668561.mp4
image-pending    943989242017934 c0  (HANDOVER §8.5 — image handling not yet built)
carried-forward  1538176351244727 c0  → https://dcfd27564ef899969db9a562c7e1945f.r2.cloudflarestorage.com/1538176351244727.mp4
image-pending    1568476734926032 c0  (HANDOVER §8.5 — image handling not yet built)
image-pending    1568476734926032 c0  (HANDOVER §8.5 — image handling not yet built)
uploaded         1768849840946614 c0  (video) ← 1768849840946614.mp4  → https://dcfd27564ef899969db9a562c7e1945f.r2.cloudflarestorage.com/1768849840946614.mp4
video-missing    1768849840946614 c0  (expected file not found in facebook/videos/ewa-2026-06-15)
image-pending    1272679414743408 c0  (HANDOVER §8.5 — image handling not yet built)
image-pending    1272679414743408 c0  (HANDOVER §8.5 — image handling not yet built)
carried-forward  1570602997730350 c0  → https://dcfd27564ef899969db9a562c7e1945f.r2.cloudflarestorage.com/1570602997730350.mp4
video-missing    1570602997730350 c0  (expected file not found in facebook/videos/ewa-2026-06-15)
image-pending    1531529688310437 c0  (HANDOVER §8.5 — image handling not yet built)
image-pending    1531529688310437 c0  (HANDOVER §8.5 — image handling not yet built)
image-pending    1531529688310437 c0  (HANDOVER §8.5 — image handling not yet built)
carried-forward  1704932024029153 c0  → https://dcfd27564ef899969db9a562c7e1945f.r2.cloudflarestorage.com/1704932024029153.mp4
carried-forward  1330779782490002 c0  → https://dcfd27564ef899969db9a562c7e1945f.r2.cloudflarestorage.com/1330779782490002.mp4
video-missing    1330779782490002 c0  (expected file not found in facebook/videos/ewa-2026-06-15)
uploaded         934637252920254 c0  (video) ← 934637252920254.mp4  → https://dcfd27564ef899969db9a562c7e1945f.r2.cloudflarestorage.com/934637252920254.mp4
video-missing    934637252920254 c0  (expected file not found in facebook/videos/ewa-2026-06-15)
image-pending    1527797945379868 c0  (HANDOVER §8.5 — image handling not yet built)
uploaded         3124951667706303 c0  (video) ← 3124951667706303.mp4  → https://dcfd27564ef899969db9a562c7e1945f.r2.cloudflarestorage.com/3124951667706303.mp4
image-pending    1928388011201681 c0  (HANDOVER §8.5 — image handling not yet built)
uploaded         2108039209807457 c0  (video) ← 2108039209807457.mp4  → https://dcfd27564ef899969db9a562c7e1945f.r2.cloudflarestorage.com/2108039209807457.mp4
video-missing    2108039209807457 c0  (expected file not found in facebook/videos/ewa-2026-06-15)
video-missing    2108039209807457 c0  (expected file not found in facebook/videos/ewa-2026-06-15)
video-missing    2108039209807457 c0  (expected file not found in facebook/videos/ewa-2026-06-15)
video-missing    2108039209807457 c0  (expected file not found in facebook/videos/ewa-2026-06-15)
image-pending    4075862052544256 c0  (HANDOVER §8.5 — image handling not yet built)
uploaded         1816550976423636 c0  (video) ← 1816550976423636.mp4  → https://dcfd27564ef899969db9a562c7e1945f.r2.cloudflarestorage.com/1816550976423636.mp4
uploaded         1982219359100665 c0  (video) ← 1982219359100665.mp4  → https://dcfd27564ef899969db9a562c7e1945f.r2.cloudflarestorage.com/1982219359100665.mp4
video-missing    1982219359100665 c0  (expected file not found in facebook/videos/ewa-2026-06-15)
video-missing    1982219359100665 c0  (expected file not found in facebook/videos/ewa-2026-06-15)
image-pending    2178891126297812 c0  (HANDOVER §8.5 — image handling not yet built)
uploaded         1511453474106888 c0  (video) ← 1511453474106888.mp4  → https://dcfd27564ef899969db9a562c7e1945f.r2.cloudflarestorage.com/1511453474106888.mp4
video-missing    1511453474106888 c0  (expected file not found in facebook/videos/ewa-2026-06-15)
video-missing    1511453474106888 c0  (expected file not found in facebook/videos/ewa-2026-06-15)
video-missing    1511453474106888 c0  (expected file not found in facebook/videos/ewa-2026-06-15)
video-missing    1511453474106888 c0  (expected file not found in facebook/videos/ewa-2026-06-15)
video-missing    1511453474106888 c0  (expected file not found in facebook/videos/ewa-2026-06-15)
video-missing    1511453474106888 c0  (expected file not found in facebook/videos/ewa-2026-06-15)
carried-forward  1531592521668029 c0  → https://dcfd27564ef899969db9a562c7e1945f.r2.cloudflarestorage.com/1531592521668029.mp4
video-missing    1531592521668029 c0  (expected file not found in facebook/videos/ewa-2026-06-15)
carried-forward  1925164704821412 c0  → https://dcfd27564ef899969db9a562c7e1945f.r2.cloudflarestorage.com/1925164704821412.mp4
carried-forward  1542789000591207 c0  → https://dcfd27564ef899969db9a562c7e1945f.r2.cloudflarestorage.com/1542789000591207.mp4
uploaded         1297868639168897 c0  (video) ← 1297868639168897.mp4  → https://dcfd27564ef899969db9a562c7e1945f.r2.cloudflarestorage.com/1297868639168897.mp4
video-missing    1297868639168897 c0  (expected file not found in facebook/videos/ewa-2026-06-15)
video-missing    1297868639168897 c0  (expected file not found in facebook/videos/ewa-2026-06-15)
video-missing    1351528743702465 c0  (expected file not found in facebook/videos/ewa-2026-06-15)
uploaded         1381909347190665 c0  (video) ← 1381909347190665.mp4  → https://dcfd27564ef899969db9a562c7e1945f.r2.cloudflarestorage.com/1381909347190665.mp4
video-missing    1381909347190665 c0  (expected file not found in facebook/videos/ewa-2026-06-15)
video-missing    1381909347190665 c0  (expected file not found in facebook/videos/ewa-2026-06-15)
uploaded         2300605993805123 c0  (video) ← 2300605993805123.mp4  → https://dcfd27564ef899969db9a562c7e1945f.r2.cloudflarestorage.com/2300605993805123.mp4
uploaded         886905410367682 c0  (video) ← 886905410367682.mp4  → https://dcfd27564ef899969db9a562c7e1945f.r2.cloudflarestorage.com/886905410367682.mp4
video-missing    886905410367682 c0  (expected file not found in facebook/videos/ewa-2026-06-15)
video-missing    886905410367682 c0  (expected file not found in facebook/videos/ewa-2026-06-15)
video-missing    886905410367682 c0  (expected file not found in facebook/videos/ewa-2026-06-15)
video-missing    886905410367682 c0  (expected file not found in facebook/videos/ewa-2026-06-15)
uploaded         963933779872584 c0  (video) ← 963933779872584.mp4  → https://dcfd27564ef899969db9a562c7e1945f.r2.cloudflarestorage.com/963933779872584.mp4
image-pending    1012983011231956 c0  (HANDOVER §8.5 — image handling not yet built)
uploaded         1480624769945164 c0  (video) ← 1480624769945164.mp4  → https://dcfd27564ef899969db9a562c7e1945f.r2.cloudflarestorage.com/1480624769945164.mp4
uploaded         1689539795581352 c0  (video) ← 1689539795581352.mp4  → https://dcfd27564ef899969db9a562c7e1945f.r2.cloudflarestorage.com/1689539795581352.mp4
uploaded         2868953136797359 c0  (video) ← 2868953136797359.mp4  → https://dcfd27564ef899969db9a562c7e1945f.r2.cloudflarestorage.com/2868953136797359.mp4
uploaded         1705373847324143 c0  (video) ← 1705373847324143.mp4  → https://dcfd27564ef899969db9a562c7e1945f.r2.cloudflarestorage.com/1705373847324143.mp4
video-missing    1705373847324143 c0  (expected file not found in facebook/videos/ewa-2026-06-15)
video-missing    1705373847324143 c0  (expected file not found in facebook/videos/ewa-2026-06-15)
uploaded         1010281174719819 c0  (video) ← 1010281174719819.mp4  → https://dcfd27564ef899969db9a562c7e1945f.r2.cloudflarestorage.com/1010281174719819.mp4
image-pending    1799704951000626 c0  (HANDOVER §8.5 — image handling not yet built)
image-pending    1799704951000626 c0  (HANDOVER §8.5 — image handling not yet built)
uploaded         1008123572180390 c0  (video) ← 1008123572180390.mp4  → https://dcfd27564ef899969db9a562c7e1945f.r2.cloudflarestorage.com/1008123572180390.mp4
uploaded         1632197854543611 c0  (video) ← 1632197854543611.mp4  → https://dcfd27564ef899969db9a562c7e1945f.r2.cloudflarestorage.com/1632197854543611.mp4
video-missing    1632197854543611 c0  (expected file not found in facebook/videos/ewa-2026-06-15)
video-missing    1632197854543611 c0  (expected file not found in facebook/videos/ewa-2026-06-15)
video-missing    1632197854543611 c0  (expected file not found in facebook/videos/ewa-2026-06-15)
video-missing    1632197854543611 c0  (expected file not found in facebook/videos/ewa-2026-06-15)
video-missing    1632197854543611 c0  (expected file not found in facebook/videos/ewa-2026-06-15)
image-pending    1637853207279053 c0  (HANDOVER §8.5 — image handling not yet built)
uploaded         1034498522331801 c0  (video) ← 1034498522331801.mp4  → https://dcfd27564ef899969db9a562c7e1945f.r2.cloudflarestorage.com/1034498522331801.mp4
video-missing    1367798101909015 c0  (expected file not found in facebook/videos/ewa-2026-06-15)
uploaded         1514020360222160 c0  (video) ← 1514020360222160.mp4  → https://dcfd27564ef899969db9a562c7e1945f.r2.cloudflarestorage.com/1514020360222160.mp4
video-missing    1514020360222160 c0  (expected file not found in facebook/videos/ewa-2026-06-15)
video-missing    1514020360222160 c0  (expected file not found in facebook/videos/ewa-2026-06-15)
video-missing    1514020360222160 c0  (expected file not found in facebook/videos/ewa-2026-06-15)
video-missing    1514020360222160 c0  (expected file not found in facebook/videos/ewa-2026-06-15)
video-missing    1514020360222160 c0  (expected file not found in facebook/videos/ewa-2026-06-15)
video-missing    1514020360222160 c0  (expected file not found in facebook/videos/ewa-2026-06-15)
image-pending    1413223543869955 c0  (HANDOVER §8.5 — image handling not yet built)
image-pending    1546351743508197 c0  (HANDOVER §8.5 — image handling not yet built)
video-missing    2084915415389778 c0  (expected file not found in facebook/videos/ewa-2026-06-15)
uploaded         970256339189786 c0  (video) ← 970256339189786.mp4  → https://dcfd27564ef899969db9a562c7e1945f.r2.cloudflarestorage.com/970256339189786.mp4
video-missing    970256339189786 c0  (expected file not found in facebook/videos/ewa-2026-06-15)
image-pending    1715613292966682 c0  (HANDOVER §8.5 — image handling not yet built)
uploaded         1545984313781012 c0  (video) ← 1545984313781012.mp4  → https://dcfd27564ef899969db9a562c7e1945f.r2.cloudflarestorage.com/1545984313781012.mp4
image-pending    1769103384431972 c0  (HANDOVER §8.5 — image handling not yet built)
image-pending    1769103384431972 c0  (HANDOVER §8.5 — image handling not yet built)
image-pending    1769103384431972 c0  (HANDOVER §8.5 — image handling not yet built)
uploaded         1014489531054320 c0  (video) ← 1014489531054320.mp4  → https://dcfd27564ef899969db9a562c7e1945f.r2.cloudflarestorage.com/1014489531054320.mp4
uploaded         1731352854539570 c0  (video) ← 1731352854539570.mp4  → https://dcfd27564ef899969db9a562c7e1945f.r2.cloudflarestorage.com/1731352854539570.mp4
image-pending    4340108942879449 c0  (HANDOVER §8.5 — image handling not yet built)
video-missing    1050843607489496 c0  (expected file not found in facebook/videos/ewa-2026-06-15)
video-missing    1264885185498974 c0  (expected file not found in facebook/videos/ewa-2026-06-15)
uploaded         1656603588929336 c0  (video) ← 1656603588929336.mp4  → https://dcfd27564ef899969db9a562c7e1945f.r2.cloudflarestorage.com/1656603588929336.mp4
uploaded         1686521655723988 c0  (video) ← 1686521655723988.mp4  → https://dcfd27564ef899969db9a562c7e1945f.r2.cloudflarestorage.com/1686521655723988.mp4
uploaded         1783894925926797 c0  (video) ← 1783894925926797.mp4  → https://dcfd27564ef899969db9a562c7e1945f.r2.cloudflarestorage.com/1783894925926797.mp4
uploaded         4301716826805670 c0  (video) ← 4301716826805670.mp4  → https://dcfd27564ef899969db9a562c7e1945f.r2.cloudflarestorage.com/4301716826805670.mp4
uploaded         1324722205726169 c0  (video) ← 1324722205726169.mp4  → https://dcfd27564ef899969db9a562c7e1945f.r2.cloudflarestorage.com/1324722205726169.mp4
uploaded         2424756574704332 c0  (video) ← 2424756574704332.mp4  → https://dcfd27564ef899969db9a562c7e1945f.r2.cloudflarestorage.com/2424756574704332.mp4
video-missing    2424756574704332 c0  (expected file not found in facebook/videos/ewa-2026-06-15)
video-missing    2424756574704332 c0  (expected file not found in facebook/videos/ewa-2026-06-15)
video-missing    2424756574704332 c0  (expected file not found in facebook/videos/ewa-2026-06-15)
uploaded         987335607527783 c0  (video) ← 987335607527783.mp4  → https://dcfd27564ef899969db9a562c7e1945f.r2.cloudflarestorage.com/987335607527783.mp4
video-missing    1612890584176709 c0  (expected file not found in facebook/videos/ewa-2026-06-15)
uploaded         1626344036160603 c0  (video) ← 1626344036160603.mp4  → https://dcfd27564ef899969db9a562c7e1945f.r2.cloudflarestorage.com/1626344036160603.mp4
uploaded         1749702179393506 c0  (video) ← 1749702179393506.mp4  → https://dcfd27564ef899969db9a562c7e1945f.r2.cloudflarestorage.com/1749702179393506.mp4
video-missing    1749702179393506 c0  (expected file not found in facebook/videos/ewa-2026-06-15)
uploaded         970981165812307 c0  (video) ← 970981165812307.mp4  → https://dcfd27564ef899969db9a562c7e1945f.r2.cloudflarestorage.com/970981165812307.mp4
video-missing    4323106447911535 c0  (expected file not found in facebook/videos/ewa-2026-06-15)
uploaded         1353454180078314 c0  (video) ← 1353454180078314.mp4  → https://dcfd27564ef899969db9a562c7e1945f.r2.cloudflarestorage.com/1353454180078314.mp4
uploaded         1663316568218307 c0  (video) ← 1663316568218307.mp4  → https://dcfd27564ef899969db9a562c7e1945f.r2.cloudflarestorage.com/1663316568218307.mp4
video-missing    1663316568218307 c0  (expected file not found in facebook/videos/ewa-2026-06-15)
uploaded         2108488926685401 c0  (video) ← 2108488926685401.mp4  → https://dcfd27564ef899969db9a562c7e1945f.r2.cloudflarestorage.com/2108488926685401.mp4
image-pending    2215013939311206 c0  (HANDOVER §8.5 — image handling not yet built)
image-pending    2513050879155796 c0  (HANDOVER §8.5 — image handling not yet built)
uploaded         1699991337999938 c0  (video) ← 1699991337999938.mp4  → https://dcfd27564ef899969db9a562c7e1945f.r2.cloudflarestorage.com/1699991337999938.mp4
image-pending    979310101753770 c0  (HANDOVER §8.5 — image handling not yet built)
