# Step 3 run log
# competitor : ewa
# started_at : 2026-06-17T13:23:37
# input      : facebook/inputs/fb-ads-ewa-2026-06-17-1300.csv
# videos     : facebook/videos/ewa-2026-06-17
# master     : facebook/master/ewa.csv  (updated)
# enriched   : facebook/inputs/fb-ads-ewa-2026-06-17-1300_enriched.csv
# bucket     : video-ads
# public_base: https://dcfd27564ef899969db9a562c7e1945f.r2.cloudflarestorage.com
# dry_run    : False
#
# counts     : {'uploaded': 79, 'carried-forward': 334, 'image-pending': 913, 'video-missing': 546, 'no-creative': 0, 'error': 0}
#
image-pending    1519613872889980 c0  (HANDOVER §8.5 — image handling not yet built)
image-pending    1519613872889980 c0  (HANDOVER §8.5 — image handling not yet built)
carried-forward  2058252614759016 c0  → https://pub-893b4a6a607b4221a894bf861da7914e.r2.dev/2058252614759016.mp4
image-pending    994760606773075 c0  (HANDOVER §8.5 — image handling not yet built)
image-pending    994760606773075 c0  (HANDOVER §8.5 — image handling not yet built)
image-pending    994760606773075 c0  (HANDOVER §8.5 — image handling not yet built)
image-pending    994760606773075 c0  (HANDOVER §8.5 — image handling not yet built)
image-pending    994760606773075 c0  (HANDOVER §8.5 — image handling not yet built)
image-pending    994760606773075 c0  (HANDOVER §8.5 — image handling not yet built)
image-pending    994760606773075 c0  (HANDOVER §8.5 — image handling not yet built)
carried-forward  35692433970401655 c0  → https://pub-893b4a6a607b4221a894bf861da7914e.r2.dev/35692433970401655.mp4
carried-forward  1645953743338925 c0  → https://pub-893b4a6a607b4221a894bf861da7914e.r2.dev/1645953743338925.jpg
carried-forward  1536513561235052 c0  → https://pub-893b4a6a607b4221a894bf861da7914e.r2.dev/1536513561235052.jpg
image-pending    1306267591684899 c0  (HANDOVER §8.5 — image handling not yet built)
image-pending    1306267591684899 c0  (HANDOVER §8.5 — image handling not yet built)
carried-forward  1499522691871814 c0  → https://pub-893b4a6a607b4221a894bf861da7914e.r2.dev/1499522691871814.jpg
image-pending    1304155555246846 c0  (HANDOVER §8.5 — image handling not yet built)
image-pending    1304155555246846 c0  (HANDOVER §8.5 — image handling not yet built)
image-pending    1304155555246846 c0  (HANDOVER §8.5 — image handling not yet built)
image-pending    1304155555246846 c0  (HANDOVER §8.5 — image handling not yet built)
image-pending    1304155555246846 c0  (HANDOVER §8.5 — image handling not yet built)
image-pending    1304155555246846 c0  (HANDOVER §8.5 — image handling not yet built)
image-pending    1304155555246846 c0  (HANDOVER §8.5 — image handling not yet built)
image-pending    1304155555246846 c0  (HANDOVER §8.5 — image handling not yet built)
image-pending    1304155555246846 c0  (HANDOVER §8.5 — image handling not yet built)
image-pending    1304155555246846 c0  (HANDOVER §8.5 — image handling not yet built)
carried-forward  2277788519415498 c0  → https://pub-893b4a6a607b4221a894bf861da7914e.r2.dev/2277788519415498.mp4
carried-forward  1480564349904784 c0  → https://dcfd27564ef899969db9a562c7e1945f.r2.cloudflarestorage.com/1480564349904784.mp4
video-missing    1480564349904784 c0  (expected file not found in facebook/videos/ewa-2026-06-17)
video-missing    1480564349904784 c0  (expected file not found in facebook/videos/ewa-2026-06-17)
video-missing    1480564349904784 c0  (expected file not found in facebook/videos/ewa-2026-06-17)
video-missing    1480564349904784 c0  (expected file not found in facebook/videos/ewa-2026-06-17)
video-missing    1480564349904784 c0  (expected file not found in facebook/videos/ewa-2026-06-17)
video-missing    1480564349904784 c0  (expected file not found in facebook/videos/ewa-2026-06-17)
video-missing    1480564349904784 c0  (expected file not found in facebook/videos/ewa-2026-06-17)
video-missing    1480564349904784 c0  (expected file not found in facebook/videos/ewa-2026-06-17)
video-missing    1480564349904784 c0  (expected file not found in facebook/videos/ewa-2026-06-17)
video-missing    1480564349904784 c0  (expected file not found in facebook/videos/ewa-2026-06-17)
video-missing    1480564349904784 c0  (expected file not found in facebook/videos/ewa-2026-06-17)
video-missing    1480564349904784 c0  (expected file not found in facebook/videos/ewa-2026-06-17)
video-missing    1480564349904784 c0  (expected file not found in facebook/videos/ewa-2026-06-17)
video-missing    1480564349904784 c0  (expected file not found in facebook/videos/ewa-2026-06-17)
video-missing    1480564349904784 c0  (expected file not found in facebook/videos/ewa-2026-06-17)
video-missing    1480564349904784 c0  (expected file not found in facebook/videos/ewa-2026-06-17)
video-missing    1480564349904784 c0  (expected file not found in facebook/videos/ewa-2026-06-17)
video-missing    1480564349904784 c0  (expected file not found in facebook/videos/ewa-2026-06-17)
video-missing    1480564349904784 c0  (expected file not found in facebook/videos/ewa-2026-06-17)
video-missing    1480564349904784 c0  (expected file not found in facebook/videos/ewa-2026-06-17)
video-missing    1480564349904784 c0  (expected file not found in facebook/videos/ewa-2026-06-17)
video-missing    1480564349904784 c0  (expected file not found in facebook/videos/ewa-2026-06-17)
video-missing    1480564349904784 c0  (expected file not found in facebook/videos/ewa-2026-06-17)
video-missing    1480564349904784 c0  (expected file not found in facebook/videos/ewa-2026-06-17)
video-missing    1480564349904784 c0  (expected file not found in facebook/videos/ewa-2026-06-17)
video-missing    1480564349904784 c0  (expected file not found in facebook/videos/ewa-2026-06-17)
video-missing    1480564349904784 c0  (expected file not found in facebook/videos/ewa-2026-06-17)
video-missing    1480564349904784 c0  (expected file not found in facebook/videos/ewa-2026-06-17)
video-missing    1480564349904784 c0  (expected file not found in facebook/videos/ewa-2026-06-17)
video-missing    1480564349904784 c0  (expected file not found in facebook/videos/ewa-2026-06-17)
video-missing    1480564349904784 c0  (expected file not found in facebook/videos/ewa-2026-06-17)
carried-forward  1345302127494780 c0  → https://pub-893b4a6a607b4221a894bf861da7914e.r2.dev/1345302127494780.mp4
video-missing    1345302127494780 c0  (expected file not found in facebook/videos/ewa-2026-06-17)
video-missing    1345302127494780 c0  (expected file not found in facebook/videos/ewa-2026-06-17)
video-missing    1345302127494780 c0  (expected file not found in facebook/videos/ewa-2026-06-17)
video-missing    1345302127494780 c0  (expected file not found in facebook/videos/ewa-2026-06-17)
video-missing    1345302127494780 c0  (expected file not found in facebook/videos/ewa-2026-06-17)
video-missing    1345302127494780 c0  (expected file not found in facebook/videos/ewa-2026-06-17)
video-missing    1345302127494780 c0  (expected file not found in facebook/videos/ewa-2026-06-17)
video-missing    1345302127494780 c0  (expected file not found in facebook/videos/ewa-2026-06-17)
video-missing    1345302127494780 c0  (expected file not found in facebook/videos/ewa-2026-06-17)
video-missing    1345302127494780 c0  (expected file not found in facebook/videos/ewa-2026-06-17)
video-missing    1345302127494780 c0  (expected file not found in facebook/videos/ewa-2026-06-17)
video-missing    1345302127494780 c0  (expected file not found in facebook/videos/ewa-2026-06-17)
video-missing    1345302127494780 c0  (expected file not found in facebook/videos/ewa-2026-06-17)
video-missing    1345302127494780 c0  (expected file not found in facebook/videos/ewa-2026-06-17)
video-missing    1345302127494780 c0  (expected file not found in facebook/videos/ewa-2026-06-17)
video-missing    1345302127494780 c0  (expected file not found in facebook/videos/ewa-2026-06-17)
video-missing    1345302127494780 c0  (expected file not found in facebook/videos/ewa-2026-06-17)
video-missing    1345302127494780 c0  (expected file not found in facebook/videos/ewa-2026-06-17)
video-missing    1345302127494780 c0  (expected file not found in facebook/videos/ewa-2026-06-17)
video-missing    1345302127494780 c0  (expected file not found in facebook/videos/ewa-2026-06-17)
video-missing    1345302127494780 c0  (expected file not found in facebook/videos/ewa-2026-06-17)
video-missing    1345302127494780 c0  (expected file not found in facebook/videos/ewa-2026-06-17)
video-missing    1345302127494780 c0  (expected file not found in facebook/videos/ewa-2026-06-17)
video-missing    1345302127494780 c0  (expected file not found in facebook/videos/ewa-2026-06-17)
video-missing    1345302127494780 c0  (expected file not found in facebook/videos/ewa-2026-06-17)
video-missing    1345302127494780 c0  (expected file not found in facebook/videos/ewa-2026-06-17)
carried-forward  1273117798178140 c0  → https://pub-893b4a6a607b4221a894bf861da7914e.r2.dev/1273117798178140.jpg
carried-forward  860435503765923 c0  → https://pub-893b4a6a607b4221a894bf861da7914e.r2.dev/860435503765923.jpg
carried-forward  1939865513304659 c0  → https://pub-893b4a6a607b4221a894bf861da7914e.r2.dev/1939865513304659.jpg
carried-forward  1691669481779269 c0  → https://pub-893b4a6a607b4221a894bf861da7914e.r2.dev/1691669481779269.jpg
carried-forward  1017350164282391 c0  → https://pub-893b4a6a607b4221a894bf861da7914e.r2.dev/1017350164282391.jpg
image-pending    2008633796433371 c0  (HANDOVER §8.5 — image handling not yet built)
image-pending    2008633796433371 c0  (HANDOVER §8.5 — image handling not yet built)
image-pending    2008633796433371 c0  (HANDOVER §8.5 — image handling not yet built)
image-pending    2008633796433371 c0  (HANDOVER §8.5 — image handling not yet built)
image-pending    2008633796433371 c0  (HANDOVER §8.5 — image handling not yet built)
image-pending    2008633796433371 c0  (HANDOVER §8.5 — image handling not yet built)
image-pending    2008633796433371 c0  (HANDOVER §8.5 — image handling not yet built)
image-pending    2792455144431425 c0  (HANDOVER §8.5 — image handling not yet built)
image-pending    2792455144431425 c0  (HANDOVER §8.5 — image handling not yet built)
image-pending    2792455144431425 c0  (HANDOVER §8.5 — image handling not yet built)
image-pending    2792455144431425 c0  (HANDOVER §8.5 — image handling not yet built)
image-pending    2792455144431425 c0  (HANDOVER §8.5 — image handling not yet built)
image-pending    2792455144431425 c0  (HANDOVER §8.5 — image handling not yet built)
image-pending    2792455144431425 c0  (HANDOVER §8.5 — image handling not yet built)
image-pending    1398473008927470 c0  (HANDOVER §8.5 — image handling not yet built)
image-pending    1398473008927470 c0  (HANDOVER §8.5 — image handling not yet built)
image-pending    1398473008927470 c0  (HANDOVER §8.5 — image handling not yet built)
image-pending    1398473008927470 c0  (HANDOVER §8.5 — image handling not yet built)
image-pending    1398473008927470 c0  (HANDOVER §8.5 — image handling not yet built)
image-pending    1398473008927470 c0  (HANDOVER §8.5 — image handling not yet built)
image-pending    1398473008927470 c0  (HANDOVER §8.5 — image handling not yet built)
image-pending    1398473008927470 c0  (HANDOVER §8.5 — image handling not yet built)
carried-forward  1747669433310045 c0  → https://pub-893b4a6a607b4221a894bf861da7914e.r2.dev/1747669433310045.mp4
video-missing    1747669433310045 c0  (expected file not found in facebook/videos/ewa-2026-06-17)
video-missing    1747669433310045 c0  (expected file not found in facebook/videos/ewa-2026-06-17)
video-missing    1747669433310045 c0  (expected file not found in facebook/videos/ewa-2026-06-17)
carried-forward  971663399190998 c0  → https://dcfd27564ef899969db9a562c7e1945f.r2.cloudflarestorage.com/971663399190998.mp4
video-missing    971663399190998 c0  (expected file not found in facebook/videos/ewa-2026-06-17)
video-missing    971663399190998 c0  (expected file not found in facebook/videos/ewa-2026-06-17)
video-missing    971663399190998 c0  (expected file not found in facebook/videos/ewa-2026-06-17)
carried-forward  997902889840859 c0  → https://dcfd27564ef899969db9a562c7e1945f.r2.cloudflarestorage.com/997902889840859.mp4
image-pending    1033767069322431 c0  (HANDOVER §8.5 — image handling not yet built)
image-pending    1033767069322431 c0  (HANDOVER §8.5 — image handling not yet built)
image-pending    1033767069322431 c0  (HANDOVER §8.5 — image handling not yet built)
image-pending    1033767069322431 c0  (HANDOVER §8.5 — image handling not yet built)
image-pending    1033767069322431 c0  (HANDOVER §8.5 — image handling not yet built)
image-pending    1033767069322431 c0  (HANDOVER §8.5 — image handling not yet built)
carried-forward  1748754609899497 c0  → https://dcfd27564ef899969db9a562c7e1945f.r2.cloudflarestorage.com/1748754609899497.mp4
video-missing    1748754609899497 c0  (expected file not found in facebook/videos/ewa-2026-06-17)
video-missing    1748754609899497 c0  (expected file not found in facebook/videos/ewa-2026-06-17)
video-missing    1748754609899497 c0  (expected file not found in facebook/videos/ewa-2026-06-17)
carried-forward  1319240440162160 c0  → https://pub-893b4a6a607b4221a894bf861da7914e.r2.dev/1319240440162160.mp4
image-pending    1717809833005397 c0  (HANDOVER §8.5 — image handling not yet built)
image-pending    3992486917711214 c0  (HANDOVER §8.5 — image handling not yet built)
image-pending    3992486917711214 c0  (HANDOVER §8.5 — image handling not yet built)
image-pending    3992486917711214 c0  (HANDOVER §8.5 — image handling not yet built)
image-pending    3992486917711214 c0  (HANDOVER §8.5 — image handling not yet built)
image-pending    3992486917711214 c0  (HANDOVER §8.5 — image handling not yet built)
image-pending    3992486917711214 c0  (HANDOVER §8.5 — image handling not yet built)
image-pending    3992486917711214 c0  (HANDOVER §8.5 — image handling not yet built)
carried-forward  1676593576571566 c0  → https://pub-893b4a6a607b4221a894bf861da7914e.r2.dev/1676593576571566.jpg
image-pending    1676593576571566 c0  (HANDOVER §8.5 — image handling not yet built)
image-pending    953982024336586 c0  (HANDOVER §8.5 — image handling not yet built)
image-pending    972512512344127 c0  (HANDOVER §8.5 — image handling not yet built)
carried-forward  970001272563498 c0  → https://pub-893b4a6a607b4221a894bf861da7914e.r2.dev/970001272563498.jpg
image-pending    970001272563498 c0  (HANDOVER §8.5 — image handling not yet built)
image-pending    970001272563498 c0  (HANDOVER §8.5 — image handling not yet built)
image-pending    970001272563498 c0  (HANDOVER §8.5 — image handling not yet built)
image-pending    970001272563498 c0  (HANDOVER §8.5 — image handling not yet built)
image-pending    970001272563498 c0  (HANDOVER §8.5 — image handling not yet built)
image-pending    970001272563498 c0  (HANDOVER §8.5 — image handling not yet built)
image-pending    970001272563498 c0  (HANDOVER §8.5 — image handling not yet built)
carried-forward  1389521433022816 c0  → https://pub-893b4a6a607b4221a894bf861da7914e.r2.dev/1389521433022816.jpg
image-pending    1660137235254669 c0  (HANDOVER §8.5 — image handling not yet built)
image-pending    1660137235254669 c0  (HANDOVER §8.5 — image handling not yet built)
image-pending    1660137235254669 c0  (HANDOVER §8.5 — image handling not yet built)
image-pending    1660137235254669 c0  (HANDOVER §8.5 — image handling not yet built)
image-pending    1660137235254669 c0  (HANDOVER §8.5 — image handling not yet built)
image-pending    1660137235254669 c0  (HANDOVER §8.5 — image handling not yet built)
image-pending    1660137235254669 c0  (HANDOVER §8.5 — image handling not yet built)
image-pending    993819813195120 c0  (HANDOVER §8.5 — image handling not yet built)
image-pending    993819813195120 c0  (HANDOVER §8.5 — image handling not yet built)
image-pending    993819813195120 c0  (HANDOVER §8.5 — image handling not yet built)
image-pending    993819813195120 c0  (HANDOVER §8.5 — image handling not yet built)
image-pending    993819813195120 c0  (HANDOVER §8.5 — image handling not yet built)
image-pending    993819813195120 c0  (HANDOVER §8.5 — image handling not yet built)
image-pending    993819813195120 c0  (HANDOVER §8.5 — image handling not yet built)
image-pending    993819813195120 c0  (HANDOVER §8.5 — image handling not yet built)
image-pending    993819813195120 c0  (HANDOVER §8.5 — image handling not yet built)
image-pending    993819813195120 c0  (HANDOVER §8.5 — image handling not yet built)
image-pending    993819813195120 c0  (HANDOVER §8.5 — image handling not yet built)
image-pending    993819813195120 c0  (HANDOVER §8.5 — image handling not yet built)
image-pending    993819813195120 c0  (HANDOVER §8.5 — image handling not yet built)
image-pending    993819813195120 c0  (HANDOVER §8.5 — image handling not yet built)
image-pending    993819813195120 c0  (HANDOVER §8.5 — image handling not yet built)
image-pending    993819813195120 c0  (HANDOVER §8.5 — image handling not yet built)
image-pending    993819813195120 c0  (HANDOVER §8.5 — image handling not yet built)
image-pending    993819813195120 c0  (HANDOVER §8.5 — image handling not yet built)
image-pending    993819813195120 c0  (HANDOVER §8.5 — image handling not yet built)
image-pending    993819813195120 c0  (HANDOVER §8.5 — image handling not yet built)
image-pending    993819813195120 c0  (HANDOVER §8.5 — image handling not yet built)
image-pending    993819813195120 c0  (HANDOVER §8.5 — image handling not yet built)
image-pending    993819813195120 c0  (HANDOVER §8.5 — image handling not yet built)
carried-forward  3143184699198654 c0  → https://pub-893b4a6a607b4221a894bf861da7914e.r2.dev/3143184699198654.jpg
carried-forward  970329229241454 c0  → https://pub-893b4a6a607b4221a894bf861da7914e.r2.dev/970329229241454.jpg
carried-forward  2892999924237848 c0  → https://pub-893b4a6a607b4221a894bf861da7914e.r2.dev/2892999924237848.jpg
carried-forward  991976169883119 c0  → https://pub-893b4a6a607b4221a894bf861da7914e.r2.dev/991976169883119.mp4
video-missing    991976169883119 c0  (expected file not found in facebook/videos/ewa-2026-06-17)
video-missing    991976169883119 c0  (expected file not found in facebook/videos/ewa-2026-06-17)
video-missing    991976169883119 c0  (expected file not found in facebook/videos/ewa-2026-06-17)
video-missing    991976169883119 c0  (expected file not found in facebook/videos/ewa-2026-06-17)
video-missing    991976169883119 c0  (expected file not found in facebook/videos/ewa-2026-06-17)
video-missing    991976169883119 c0  (expected file not found in facebook/videos/ewa-2026-06-17)
video-missing    991976169883119 c0  (expected file not found in facebook/videos/ewa-2026-06-17)
video-missing    991976169883119 c0  (expected file not found in facebook/videos/ewa-2026-06-17)
carried-forward  969107392408494 c0  → https://pub-893b4a6a607b4221a894bf861da7914e.r2.dev/969107392408494.jpg
carried-forward  981231267966361 c0  → https://pub-893b4a6a607b4221a894bf861da7914e.r2.dev/981231267966361.jpg
image-pending    1299514655111003 c0  (HANDOVER §8.5 — image handling not yet built)
image-pending    1299514655111003 c0  (HANDOVER §8.5 — image handling not yet built)
image-pending    1299514655111003 c0  (HANDOVER §8.5 — image handling not yet built)
image-pending    1299514655111003 c0  (HANDOVER §8.5 — image handling not yet built)
image-pending    1299514655111003 c0  (HANDOVER §8.5 — image handling not yet built)
image-pending    1299514655111003 c0  (HANDOVER §8.5 — image handling not yet built)
image-pending    1299514655111003 c0  (HANDOVER §8.5 — image handling not yet built)
image-pending    1299514655111003 c0  (HANDOVER §8.5 — image handling not yet built)
image-pending    1299514655111003 c0  (HANDOVER §8.5 — image handling not yet built)
image-pending    1299514655111003 c0  (HANDOVER §8.5 — image handling not yet built)
image-pending    1299514655111003 c0  (HANDOVER §8.5 — image handling not yet built)
carried-forward  889929840785075 c0  → https://pub-893b4a6a607b4221a894bf861da7914e.r2.dev/889929840785075.jpg
image-pending    3748419995299131 c0  (HANDOVER §8.5 — image handling not yet built)
image-pending    3748419995299131 c0  (HANDOVER §8.5 — image handling not yet built)
carried-forward  2509910042772001 c0  → https://pub-893b4a6a607b4221a894bf861da7914e.r2.dev/2509910042772001.jpg
image-pending    1477871840166136 c0  (HANDOVER §8.5 — image handling not yet built)
carried-forward  1923008298375338 c0  → https://pub-893b4a6a607b4221a894bf861da7914e.r2.dev/1923008298375338.jpg
image-pending    855585517046394 c0  (HANDOVER §8.5 — image handling not yet built)
image-pending    855585517046394 c0  (HANDOVER §8.5 — image handling not yet built)
image-pending    855585517046394 c0  (HANDOVER §8.5 — image handling not yet built)
image-pending    855585517046394 c0  (HANDOVER §8.5 — image handling not yet built)
image-pending    855585517046394 c0  (HANDOVER §8.5 — image handling not yet built)
image-pending    855585517046394 c0  (HANDOVER §8.5 — image handling not yet built)
image-pending    855585517046394 c0  (HANDOVER §8.5 — image handling not yet built)
image-pending    855585517046394 c0  (HANDOVER §8.5 — image handling not yet built)
image-pending    855585517046394 c0  (HANDOVER §8.5 — image handling not yet built)
image-pending    855585517046394 c0  (HANDOVER §8.5 — image handling not yet built)
image-pending    855585517046394 c0  (HANDOVER §8.5 — image handling not yet built)
image-pending    855585517046394 c0  (HANDOVER §8.5 — image handling not yet built)
image-pending    855585517046394 c0  (HANDOVER §8.5 — image handling not yet built)
image-pending    855585517046394 c0  (HANDOVER §8.5 — image handling not yet built)
image-pending    855585517046394 c0  (HANDOVER §8.5 — image handling not yet built)
image-pending    1461244112470894 c0  (HANDOVER §8.5 — image handling not yet built)
image-pending    1461244112470894 c0  (HANDOVER §8.5 — image handling not yet built)
carried-forward  1535921861306386 c0  → https://pub-893b4a6a607b4221a894bf861da7914e.r2.dev/1535921861306386.mp4
carried-forward  1966563824219239 c0  → https://pub-893b4a6a607b4221a894bf861da7914e.r2.dev/1966563824219239.jpg
carried-forward  2055734171992505 c0  → https://pub-893b4a6a607b4221a894bf861da7914e.r2.dev/2055734171992505.jpg
image-pending    858408813979834 c0  (HANDOVER §8.5 — image handling not yet built)
image-pending    858408813979834 c0  (HANDOVER §8.5 — image handling not yet built)
image-pending    858408813979834 c0  (HANDOVER §8.5 — image handling not yet built)
image-pending    858408813979834 c0  (HANDOVER §8.5 — image handling not yet built)
uploaded         2237853020339159 c0  (video) ← 2237853020339159.mp4  → https://dcfd27564ef899969db9a562c7e1945f.r2.cloudflarestorage.com/2237853020339159.mp4
image-pending    2933123707079385 c0  (HANDOVER §8.5 — image handling not yet built)
image-pending    975020472106377 c0  (HANDOVER §8.5 — image handling not yet built)
image-pending    1465472401458214 c0  (HANDOVER §8.5 — image handling not yet built)
image-pending    1465472401458214 c0  (HANDOVER §8.5 — image handling not yet built)
image-pending    1465472401458214 c0  (HANDOVER §8.5 — image handling not yet built)
image-pending    1465472401458214 c0  (HANDOVER §8.5 — image handling not yet built)
image-pending    1465472401458214 c0  (HANDOVER §8.5 — image handling not yet built)
image-pending    1465472401458214 c0  (HANDOVER §8.5 — image handling not yet built)
image-pending    1465472401458214 c0  (HANDOVER §8.5 — image handling not yet built)
carried-forward  2853191935046043 c0  → https://pub-893b4a6a607b4221a894bf861da7914e.r2.dev/2853191935046043.jpg
image-pending    2853191935046043 c0  (HANDOVER §8.5 — image handling not yet built)
carried-forward  1784128002571621 c0  → https://pub-893b4a6a607b4221a894bf861da7914e.r2.dev/1784128002571621.jpg
carried-forward  1751447642699086 c0  → https://pub-893b4a6a607b4221a894bf861da7914e.r2.dev/1751447642699086.jpg
carried-forward  3146090965600081 c0  → https://dcfd27564ef899969db9a562c7e1945f.r2.cloudflarestorage.com/3146090965600081.mp4
image-pending    1948429285857676 c0  (HANDOVER §8.5 — image handling not yet built)
image-pending    1948429285857676 c0  (HANDOVER §8.5 — image handling not yet built)
image-pending    1948429285857676 c0  (HANDOVER §8.5 — image handling not yet built)
image-pending    1948429285857676 c0  (HANDOVER §8.5 — image handling not yet built)
image-pending    1948429285857676 c0  (HANDOVER §8.5 — image handling not yet built)
carried-forward  980467778178019 c0  → https://dcfd27564ef899969db9a562c7e1945f.r2.cloudflarestorage.com/980467778178019.mp4
image-pending    1637342333991232 c0  (HANDOVER §8.5 — image handling not yet built)
image-pending    1637342333991232 c0  (HANDOVER §8.5 — image handling not yet built)
image-pending    1637342333991232 c0  (HANDOVER §8.5 — image handling not yet built)
image-pending    1637342333991232 c0  (HANDOVER §8.5 — image handling not yet built)
image-pending    1637342333991232 c0  (HANDOVER §8.5 — image handling not yet built)
image-pending    1355942379749805 c0  (HANDOVER §8.5 — image handling not yet built)
image-pending    1355942379749805 c0  (HANDOVER §8.5 — image handling not yet built)
image-pending    1306834768265467 c0  (HANDOVER §8.5 — image handling not yet built)
image-pending    1306834768265467 c0  (HANDOVER §8.5 — image handling not yet built)
image-pending    1306834768265467 c0  (HANDOVER §8.5 — image handling not yet built)
image-pending    1306834768265467 c0  (HANDOVER §8.5 — image handling not yet built)
image-pending    1306834768265467 c0  (HANDOVER §8.5 — image handling not yet built)
image-pending    1306834768265467 c0  (HANDOVER §8.5 — image handling not yet built)
image-pending    4333465353592767 c0  (HANDOVER §8.5 — image handling not yet built)
image-pending    4333465353592767 c0  (HANDOVER §8.5 — image handling not yet built)
image-pending    4333465353592767 c0  (HANDOVER §8.5 — image handling not yet built)
image-pending    4333465353592767 c0  (HANDOVER §8.5 — image handling not yet built)
image-pending    4333465353592767 c0  (HANDOVER §8.5 — image handling not yet built)
image-pending    4333465353592767 c0  (HANDOVER §8.5 — image handling not yet built)
image-pending    4333465353592767 c0  (HANDOVER §8.5 — image handling not yet built)
image-pending    4333465353592767 c0  (HANDOVER §8.5 — image handling not yet built)
image-pending    1593028389050139 c0  (HANDOVER §8.5 — image handling not yet built)
image-pending    1555870535910084 c0  (HANDOVER §8.5 — image handling not yet built)
image-pending    990463830259661 c0  (HANDOVER §8.5 — image handling not yet built)
image-pending    990463830259661 c0  (HANDOVER §8.5 — image handling not yet built)
image-pending    990463830259661 c0  (HANDOVER §8.5 — image handling not yet built)
carried-forward  733812606460725 c0  → https://pub-893b4a6a607b4221a894bf861da7914e.r2.dev/733812606460725.jpg
carried-forward  827208420466500 c0  → https://pub-893b4a6a607b4221a894bf861da7914e.r2.dev/827208420466500.jpg
image-pending    1539343637647484 c0  (HANDOVER §8.5 — image handling not yet built)
image-pending    3553610338136073 c0  (HANDOVER §8.5 — image handling not yet built)
image-pending    3553610338136073 c0  (HANDOVER §8.5 — image handling not yet built)
image-pending    3553610338136073 c0  (HANDOVER §8.5 — image handling not yet built)
image-pending    3553610338136073 c0  (HANDOVER §8.5 — image handling not yet built)
image-pending    3553610338136073 c0  (HANDOVER §8.5 — image handling not yet built)
image-pending    3553610338136073 c0  (HANDOVER §8.5 — image handling not yet built)
image-pending    3553610338136073 c0  (HANDOVER §8.5 — image handling not yet built)
image-pending    3553610338136073 c0  (HANDOVER §8.5 — image handling not yet built)
image-pending    3553610338136073 c0  (HANDOVER §8.5 — image handling not yet built)
image-pending    3553610338136073 c0  (HANDOVER §8.5 — image handling not yet built)
image-pending    3553610338136073 c0  (HANDOVER §8.5 — image handling not yet built)
image-pending    3553610338136073 c0  (HANDOVER §8.5 — image handling not yet built)
image-pending    3553610338136073 c0  (HANDOVER §8.5 — image handling not yet built)
image-pending    3553610338136073 c0  (HANDOVER §8.5 — image handling not yet built)
image-pending    2469387960228137 c0  (HANDOVER §8.5 — image handling not yet built)
image-pending    2469387960228137 c0  (HANDOVER §8.5 — image handling not yet built)
image-pending    2469387960228137 c0  (HANDOVER §8.5 — image handling not yet built)
image-pending    2469387960228137 c0  (HANDOVER §8.5 — image handling not yet built)
carried-forward  983071281152097 c0  → https://pub-893b4a6a607b4221a894bf861da7914e.r2.dev/983071281152097.jpg
image-pending    36331000489831767 c0  (HANDOVER §8.5 — image handling not yet built)
image-pending    36331000489831767 c0  (HANDOVER §8.5 — image handling not yet built)
image-pending    36331000489831767 c0  (HANDOVER §8.5 — image handling not yet built)
image-pending    36331000489831767 c0  (HANDOVER §8.5 — image handling not yet built)
image-pending    36331000489831767 c0  (HANDOVER §8.5 — image handling not yet built)
image-pending    36331000489831767 c0  (HANDOVER §8.5 — image handling not yet built)
image-pending    36331000489831767 c0  (HANDOVER §8.5 — image handling not yet built)
carried-forward  2463750714137173 c0  → https://dcfd27564ef899969db9a562c7e1945f.r2.cloudflarestorage.com/2463750714137173.mp4
video-missing    2463750714137173 c0  (expected file not found in facebook/videos/ewa-2026-06-17)
carried-forward  1752650406168033 c0  → https://dcfd27564ef899969db9a562c7e1945f.r2.cloudflarestorage.com/1752650406168033.mp4
image-pending    4324852771064861 c0  (HANDOVER §8.5 — image handling not yet built)
image-pending    4324852771064861 c0  (HANDOVER §8.5 — image handling not yet built)
image-pending    4324852771064861 c0  (HANDOVER §8.5 — image handling not yet built)
image-pending    4324852771064861 c0  (HANDOVER §8.5 — image handling not yet built)
image-pending    4324852771064861 c0  (HANDOVER §8.5 — image handling not yet built)
image-pending    4324852771064861 c0  (HANDOVER §8.5 — image handling not yet built)
image-pending    4324852771064861 c0  (HANDOVER §8.5 — image handling not yet built)
image-pending    1472431060846397 c0  (HANDOVER §8.5 — image handling not yet built)
image-pending    1364974158809590 c0  (HANDOVER §8.5 — image handling not yet built)
image-pending    1364974158809590 c0  (HANDOVER §8.5 — image handling not yet built)
image-pending    1364974158809590 c0  (HANDOVER §8.5 — image handling not yet built)
carried-forward  985865127639537 c0  → https://pub-893b4a6a607b4221a894bf861da7914e.r2.dev/985865127639537.jpg
carried-forward  26699795589723328 c0  → https://dcfd27564ef899969db9a562c7e1945f.r2.cloudflarestorage.com/26699795589723328.mp4
video-missing    26699795589723328 c0  (expected file not found in facebook/videos/ewa-2026-06-17)
video-missing    26699795589723328 c0  (expected file not found in facebook/videos/ewa-2026-06-17)
video-missing    26699795589723328 c0  (expected file not found in facebook/videos/ewa-2026-06-17)
video-missing    26699795589723328 c0  (expected file not found in facebook/videos/ewa-2026-06-17)
video-missing    26699795589723328 c0  (expected file not found in facebook/videos/ewa-2026-06-17)
video-missing    26699795589723328 c0  (expected file not found in facebook/videos/ewa-2026-06-17)
image-pending    968016709341244 c0  (HANDOVER §8.5 — image handling not yet built)
image-pending    968016709341244 c0  (HANDOVER §8.5 — image handling not yet built)
carried-forward  968133256007959 c0  → https://pub-893b4a6a607b4221a894bf861da7914e.r2.dev/968133256007959.mp4
video-missing    968133256007959 c0  (expected file not found in facebook/videos/ewa-2026-06-17)
video-missing    968133256007959 c0  (expected file not found in facebook/videos/ewa-2026-06-17)
video-missing    968133256007959 c0  (expected file not found in facebook/videos/ewa-2026-06-17)
video-missing    968133256007959 c0  (expected file not found in facebook/videos/ewa-2026-06-17)
video-missing    968133256007959 c0  (expected file not found in facebook/videos/ewa-2026-06-17)
video-missing    968133256007959 c0  (expected file not found in facebook/videos/ewa-2026-06-17)
video-missing    968133256007959 c0  (expected file not found in facebook/videos/ewa-2026-06-17)
video-missing    968133256007959 c0  (expected file not found in facebook/videos/ewa-2026-06-17)
video-missing    968133256007959 c0  (expected file not found in facebook/videos/ewa-2026-06-17)
video-missing    968133256007959 c0  (expected file not found in facebook/videos/ewa-2026-06-17)
video-missing    968133256007959 c0  (expected file not found in facebook/videos/ewa-2026-06-17)
video-missing    968133256007959 c0  (expected file not found in facebook/videos/ewa-2026-06-17)
video-missing    968133256007959 c0  (expected file not found in facebook/videos/ewa-2026-06-17)
video-missing    968133256007959 c0  (expected file not found in facebook/videos/ewa-2026-06-17)
carried-forward  26924679820549809 c0  → https://pub-893b4a6a607b4221a894bf861da7914e.r2.dev/26924679820549809.mp4
carried-forward  3378461688982686 c0  → https://dcfd27564ef899969db9a562c7e1945f.r2.cloudflarestorage.com/3378461688982686.mp4
video-missing    3378461688982686 c0  (expected file not found in facebook/videos/ewa-2026-06-17)
video-missing    3378461688982686 c0  (expected file not found in facebook/videos/ewa-2026-06-17)
video-missing    3378461688982686 c0  (expected file not found in facebook/videos/ewa-2026-06-17)
carried-forward  1716693839373968 c0  → https://pub-893b4a6a607b4221a894bf861da7914e.r2.dev/1716693839373968.mp4
video-missing    1716693839373968 c0  (expected file not found in facebook/videos/ewa-2026-06-17)
video-missing    1716693839373968 c0  (expected file not found in facebook/videos/ewa-2026-06-17)
video-missing    1716693839373968 c0  (expected file not found in facebook/videos/ewa-2026-06-17)
video-missing    1716693839373968 c0  (expected file not found in facebook/videos/ewa-2026-06-17)
video-missing    1716693839373968 c0  (expected file not found in facebook/videos/ewa-2026-06-17)
video-missing    1716693839373968 c0  (expected file not found in facebook/videos/ewa-2026-06-17)
carried-forward  994864890149546 c0  → https://pub-893b4a6a607b4221a894bf861da7914e.r2.dev/994864890149546.jpg
image-pending    994864890149546 c0  (HANDOVER §8.5 — image handling not yet built)
image-pending    994864890149546 c0  (HANDOVER §8.5 — image handling not yet built)
image-pending    2441646422974986 c0  (HANDOVER §8.5 — image handling not yet built)
image-pending    2441646422974986 c0  (HANDOVER §8.5 — image handling not yet built)
image-pending    27106274772371837 c0  (HANDOVER §8.5 — image handling not yet built)
carried-forward  1653363682608529 c0  → https://pub-893b4a6a607b4221a894bf861da7914e.r2.dev/1653363682608529.jpg
image-pending    2835524223474419 c0  (HANDOVER §8.5 — image handling not yet built)
image-pending    2835524223474419 c0  (HANDOVER §8.5 — image handling not yet built)
carried-forward  4126745547617414 c0  → https://dcfd27564ef899969db9a562c7e1945f.r2.cloudflarestorage.com/4126745547617414.mp4
image-pending    1555974535878600 c0  (HANDOVER §8.5 — image handling not yet built)
image-pending    1555974535878600 c0  (HANDOVER §8.5 — image handling not yet built)
image-pending    1555974535878600 c0  (HANDOVER §8.5 — image handling not yet built)
carried-forward  1514935080281501 c0  → https://pub-893b4a6a607b4221a894bf861da7914e.r2.dev/1514935080281501.mp4
video-missing    1514935080281501 c0  (expected file not found in facebook/videos/ewa-2026-06-17)
video-missing    1514935080281501 c0  (expected file not found in facebook/videos/ewa-2026-06-17)
video-missing    1514935080281501 c0  (expected file not found in facebook/videos/ewa-2026-06-17)
video-missing    1514935080281501 c0  (expected file not found in facebook/videos/ewa-2026-06-17)
video-missing    1514935080281501 c0  (expected file not found in facebook/videos/ewa-2026-06-17)
video-missing    1514935080281501 c0  (expected file not found in facebook/videos/ewa-2026-06-17)
video-missing    1514935080281501 c0  (expected file not found in facebook/videos/ewa-2026-06-17)
image-pending    1038448385294247 c0  (HANDOVER §8.5 — image handling not yet built)
image-pending    1038448385294247 c0  (HANDOVER §8.5 — image handling not yet built)
image-pending    1038448385294247 c0  (HANDOVER §8.5 — image handling not yet built)
image-pending    2023456231577415 c0  (HANDOVER §8.5 — image handling not yet built)
image-pending    2023456231577415 c0  (HANDOVER §8.5 — image handling not yet built)
carried-forward  1273806684906679 c0  → https://pub-893b4a6a607b4221a894bf861da7914e.r2.dev/1273806684906679.jpg
image-pending    1277555571125305 c0  (HANDOVER §8.5 — image handling not yet built)
image-pending    1277555571125305 c0  (HANDOVER §8.5 — image handling not yet built)
image-pending    1026985983001938 c0  (HANDOVER §8.5 — image handling not yet built)
image-pending    1026985983001938 c0  (HANDOVER §8.5 — image handling not yet built)
image-pending    1026985983001938 c0  (HANDOVER §8.5 — image handling not yet built)
image-pending    1026985983001938 c0  (HANDOVER §8.5 — image handling not yet built)
image-pending    1026985983001938 c0  (HANDOVER §8.5 — image handling not yet built)
image-pending    1026985983001938 c0  (HANDOVER §8.5 — image handling not yet built)
image-pending    1026985983001938 c0  (HANDOVER §8.5 — image handling not yet built)
image-pending    1026985983001938 c0  (HANDOVER §8.5 — image handling not yet built)
image-pending    1026985983001938 c0  (HANDOVER §8.5 — image handling not yet built)
image-pending    1026985983001938 c0  (HANDOVER §8.5 — image handling not yet built)
image-pending    1026985983001938 c0  (HANDOVER §8.5 — image handling not yet built)
image-pending    1026985983001938 c0  (HANDOVER §8.5 — image handling not yet built)
image-pending    1026985983001938 c0  (HANDOVER §8.5 — image handling not yet built)
image-pending    1026985983001938 c0  (HANDOVER §8.5 — image handling not yet built)
image-pending    1026985983001938 c0  (HANDOVER §8.5 — image handling not yet built)
carried-forward  961411566521644 c0  → https://pub-893b4a6a607b4221a894bf861da7914e.r2.dev/961411566521644.mp4
video-missing    961411566521644 c0  (expected file not found in facebook/videos/ewa-2026-06-17)
video-missing    961411566521644 c0  (expected file not found in facebook/videos/ewa-2026-06-17)
video-missing    961411566521644 c0  (expected file not found in facebook/videos/ewa-2026-06-17)
video-missing    961411566521644 c0  (expected file not found in facebook/videos/ewa-2026-06-17)
carried-forward  1338902451515756 c0  → https://dcfd27564ef899969db9a562c7e1945f.r2.cloudflarestorage.com/1338902451515756.mp4
carried-forward  1282602797380257 c0  → https://pub-893b4a6a607b4221a894bf861da7914e.r2.dev/1282602797380257.jpg
image-pending    1282602797380257 c0  (HANDOVER §8.5 — image handling not yet built)
image-pending    1282602797380257 c0  (HANDOVER §8.5 — image handling not yet built)
image-pending    1282602797380257 c0  (HANDOVER §8.5 — image handling not yet built)
carried-forward  2484963355260890 c0  → https://pub-893b4a6a607b4221a894bf861da7914e.r2.dev/2484963355260890.mp4
carried-forward  1662368658343943 c0  → https://pub-893b4a6a607b4221a894bf861da7914e.r2.dev/1662368658343943.mp4
carried-forward  902914766096402 c0  → https://pub-893b4a6a607b4221a894bf861da7914e.r2.dev/902914766096402.mp4
carried-forward  961169570163626 c0  → https://pub-893b4a6a607b4221a894bf861da7914e.r2.dev/961169570163626.jpg
image-pending    929666633475484 c0  (HANDOVER §8.5 — image handling not yet built)
image-pending    929666633475484 c0  (HANDOVER §8.5 — image handling not yet built)
image-pending    929666633475484 c0  (HANDOVER §8.5 — image handling not yet built)
image-pending    929666633475484 c0  (HANDOVER §8.5 — image handling not yet built)
image-pending    929666633475484 c0  (HANDOVER §8.5 — image handling not yet built)
image-pending    982687991412273 c0  (HANDOVER §8.5 — image handling not yet built)
carried-forward  993522753543745 c0  → https://pub-893b4a6a607b4221a894bf861da7914e.r2.dev/993522753543745.jpg
image-pending    993522753543745 c0  (HANDOVER §8.5 — image handling not yet built)
image-pending    1006940368415873 c0  (HANDOVER §8.5 — image handling not yet built)
image-pending    1470636687611258 c0  (HANDOVER §8.5 — image handling not yet built)
image-pending    1470636687611258 c0  (HANDOVER §8.5 — image handling not yet built)
image-pending    1470636687611258 c0  (HANDOVER §8.5 — image handling not yet built)
image-pending    1470636687611258 c0  (HANDOVER §8.5 — image handling not yet built)
carried-forward  2168783337238749 c0  → https://dcfd27564ef899969db9a562c7e1945f.r2.cloudflarestorage.com/2168783337238749.mp4
video-missing    2168783337238749 c0  (expected file not found in facebook/videos/ewa-2026-06-17)
image-pending    1481581840818569 c0  (HANDOVER §8.5 — image handling not yet built)
image-pending    1812026776449596 c0  (HANDOVER §8.5 — image handling not yet built)
image-pending    1812026776449596 c0  (HANDOVER §8.5 — image handling not yet built)
image-pending    1812026776449596 c0  (HANDOVER §8.5 — image handling not yet built)
carried-forward  1982102669104147 c0  → https://pub-893b4a6a607b4221a894bf861da7914e.r2.dev/1982102669104147.jpg
carried-forward  1521974499460731 c0  → https://pub-893b4a6a607b4221a894bf861da7914e.r2.dev/1521974499460731.jpg
image-pending    1576006740533613 c0  (HANDOVER §8.5 — image handling not yet built)
image-pending    2018800028725680 c0  (HANDOVER §8.5 — image handling not yet built)
image-pending    1295602786114665 c0  (HANDOVER §8.5 — image handling not yet built)
image-pending    1295602786114665 c0  (HANDOVER §8.5 — image handling not yet built)
carried-forward  1696545058155825 c0  → https://dcfd27564ef899969db9a562c7e1945f.r2.cloudflarestorage.com/1696545058155825.mp4
video-missing    1696545058155825 c0  (expected file not found in facebook/videos/ewa-2026-06-17)
image-pending    924624243969563 c0  (HANDOVER §8.5 — image handling not yet built)
image-pending    924624243969563 c0  (HANDOVER §8.5 — image handling not yet built)
image-pending    924624243969563 c0  (HANDOVER §8.5 — image handling not yet built)
image-pending    924624243969563 c0  (HANDOVER §8.5 — image handling not yet built)
image-pending    924624243969563 c0  (HANDOVER §8.5 — image handling not yet built)
image-pending    1112487735092797 c0  (HANDOVER §8.5 — image handling not yet built)
carried-forward  1528290308706716 c0  → https://pub-893b4a6a607b4221a894bf861da7914e.r2.dev/1528290308706716.jpg
image-pending    2047196636676595 c0  (HANDOVER §8.5 — image handling not yet built)
image-pending    1364528388957027 c0  (HANDOVER §8.5 — image handling not yet built)
image-pending    1364528388957027 c0  (HANDOVER §8.5 — image handling not yet built)
image-pending    2174001416776470 c0  (HANDOVER §8.5 — image handling not yet built)
image-pending    2174001416776470 c0  (HANDOVER §8.5 — image handling not yet built)
carried-forward  1710607776788908 c0  → https://pub-893b4a6a607b4221a894bf861da7914e.r2.dev/1710607776788908.mp4
carried-forward  1314900907187137 c0  → https://pub-893b4a6a607b4221a894bf861da7914e.r2.dev/1314900907187137.jpg
carried-forward  1698192648039552 c0  → https://pub-893b4a6a607b4221a894bf861da7914e.r2.dev/1698192648039552.mp4
video-missing    1698192648039552 c0  (expected file not found in facebook/videos/ewa-2026-06-17)
video-missing    1698192648039552 c0  (expected file not found in facebook/videos/ewa-2026-06-17)
video-missing    1698192648039552 c0  (expected file not found in facebook/videos/ewa-2026-06-17)
video-missing    1698192648039552 c0  (expected file not found in facebook/videos/ewa-2026-06-17)
video-missing    1698192648039552 c0  (expected file not found in facebook/videos/ewa-2026-06-17)
video-missing    1698192648039552 c0  (expected file not found in facebook/videos/ewa-2026-06-17)
video-missing    1698192648039552 c0  (expected file not found in facebook/videos/ewa-2026-06-17)
video-missing    1698192648039552 c0  (expected file not found in facebook/videos/ewa-2026-06-17)
image-pending    1352290086785938 c0  (HANDOVER §8.5 — image handling not yet built)
image-pending    1352290086785938 c0  (HANDOVER §8.5 — image handling not yet built)
carried-forward  3393307104181379 c0  → https://pub-893b4a6a607b4221a894bf861da7914e.r2.dev/3393307104181379.jpg
image-pending    2828041150887052 c0  (HANDOVER §8.5 — image handling not yet built)
carried-forward  1527829898736588 c0  → https://dcfd27564ef899969db9a562c7e1945f.r2.cloudflarestorage.com/1527829898736588.mp4
video-missing    1527829898736588 c0  (expected file not found in facebook/videos/ewa-2026-06-17)
video-missing    1527829898736588 c0  (expected file not found in facebook/videos/ewa-2026-06-17)
video-missing    1527829898736588 c0  (expected file not found in facebook/videos/ewa-2026-06-17)
carried-forward  2043327359613670 c0  → https://dcfd27564ef899969db9a562c7e1945f.r2.cloudflarestorage.com/2043327359613670.mp4
video-missing    2043327359613670 c0  (expected file not found in facebook/videos/ewa-2026-06-17)
carried-forward  2002069144031022 c0  → https://pub-893b4a6a607b4221a894bf861da7914e.r2.dev/2002069144031022.mp4
carried-forward  854035211081241 c0  → https://pub-893b4a6a607b4221a894bf861da7914e.r2.dev/854035211081241.jpg
carried-forward  1515651156614002 c0  → https://pub-893b4a6a607b4221a894bf861da7914e.r2.dev/1515651156614002.jpg
image-pending    1515651156614002 c0  (HANDOVER §8.5 — image handling not yet built)
image-pending    1515651156614002 c0  (HANDOVER §8.5 — image handling not yet built)
image-pending    1515651156614002 c0  (HANDOVER §8.5 — image handling not yet built)
image-pending    1515651156614002 c0  (HANDOVER §8.5 — image handling not yet built)
image-pending    1515651156614002 c0  (HANDOVER §8.5 — image handling not yet built)
carried-forward  2037343187185005 c0  → https://dcfd27564ef899969db9a562c7e1945f.r2.cloudflarestorage.com/2037343187185005.mp4
carried-forward  1687231248974468 c0  → https://dcfd27564ef899969db9a562c7e1945f.r2.cloudflarestorage.com/1687231248974468.mp4
carried-forward  1301727292157110 c0  → https://dcfd27564ef899969db9a562c7e1945f.r2.cloudflarestorage.com/1301727292157110.mp4
video-missing    1301727292157110 c0  (expected file not found in facebook/videos/ewa-2026-06-17)
video-missing    1301727292157110 c0  (expected file not found in facebook/videos/ewa-2026-06-17)
video-missing    1301727292157110 c0  (expected file not found in facebook/videos/ewa-2026-06-17)
image-pending    861267850358767 c0  (HANDOVER §8.5 — image handling not yet built)
image-pending    1367219931941920 c0  (HANDOVER §8.5 — image handling not yet built)
image-pending    1367219931941920 c0  (HANDOVER §8.5 — image handling not yet built)
image-pending    1949216799060945 c0  (HANDOVER §8.5 — image handling not yet built)
image-pending    970854182508311 c0  (HANDOVER §8.5 — image handling not yet built)
image-pending    970854182508311 c0  (HANDOVER §8.5 — image handling not yet built)
image-pending    1886909255337340 c0  (HANDOVER §8.5 — image handling not yet built)
image-pending    1055808554291829 c0  (HANDOVER §8.5 — image handling not yet built)
image-pending    1055808554291829 c0  (HANDOVER §8.5 — image handling not yet built)
carried-forward  2018287789081311 c0  → https://pub-893b4a6a607b4221a894bf861da7914e.r2.dev/2018287789081311.jpg
carried-forward  1638747703907752 c0  → https://pub-893b4a6a607b4221a894bf861da7914e.r2.dev/1638747703907752.jpg
uploaded         1705589480450534 c0  (video) ← 1705589480450534.mp4  → https://dcfd27564ef899969db9a562c7e1945f.r2.cloudflarestorage.com/1705589480450534.mp4
carried-forward  856958797447184 c0  → https://pub-893b4a6a607b4221a894bf861da7914e.r2.dev/856958797447184.jpg
image-pending    2229932844411547 c0  (HANDOVER §8.5 — image handling not yet built)
image-pending    2229932844411547 c0  (HANDOVER §8.5 — image handling not yet built)
carried-forward  26527487926926145 c0  → https://dcfd27564ef899969db9a562c7e1945f.r2.cloudflarestorage.com/26527487926926145.mp4
video-missing    26527487926926145 c0  (expected file not found in facebook/videos/ewa-2026-06-17)
image-pending    1179086561951932 c0  (HANDOVER §8.5 — image handling not yet built)
image-pending    1179086561951932 c0  (HANDOVER §8.5 — image handling not yet built)
image-pending    1179086561951932 c0  (HANDOVER §8.5 — image handling not yet built)
image-pending    1179086561951932 c0  (HANDOVER §8.5 — image handling not yet built)
image-pending    1179086561951932 c0  (HANDOVER §8.5 — image handling not yet built)
image-pending    1179086561951932 c0  (HANDOVER §8.5 — image handling not yet built)
image-pending    1179086561951932 c0  (HANDOVER §8.5 — image handling not yet built)
image-pending    1059078656621924 c0  (HANDOVER §8.5 — image handling not yet built)
carried-forward  3082141868647959 c0  → https://pub-893b4a6a607b4221a894bf861da7914e.r2.dev/3082141868647959.mp4
carried-forward  4035841300042097 c0  → https://dcfd27564ef899969db9a562c7e1945f.r2.cloudflarestorage.com/4035841300042097.mp4
video-missing    4035841300042097 c0  (expected file not found in facebook/videos/ewa-2026-06-17)
video-missing    4035841300042097 c0  (expected file not found in facebook/videos/ewa-2026-06-17)
video-missing    4035841300042097 c0  (expected file not found in facebook/videos/ewa-2026-06-17)
video-missing    4035841300042097 c0  (expected file not found in facebook/videos/ewa-2026-06-17)
video-missing    4035841300042097 c0  (expected file not found in facebook/videos/ewa-2026-06-17)
carried-forward  1400706432079785 c0  → https://pub-893b4a6a607b4221a894bf861da7914e.r2.dev/1400706432079785.mp4
video-missing    1400706432079785 c0  (expected file not found in facebook/videos/ewa-2026-06-17)
video-missing    1400706432079785 c0  (expected file not found in facebook/videos/ewa-2026-06-17)
video-missing    1400706432079785 c0  (expected file not found in facebook/videos/ewa-2026-06-17)
video-missing    1400706432079785 c0  (expected file not found in facebook/videos/ewa-2026-06-17)
video-missing    1400706432079785 c0  (expected file not found in facebook/videos/ewa-2026-06-17)
video-missing    1400706432079785 c0  (expected file not found in facebook/videos/ewa-2026-06-17)
carried-forward  1297014162581940 c0  → https://dcfd27564ef899969db9a562c7e1945f.r2.cloudflarestorage.com/1297014162581940.mp4
carried-forward  914014488376256 c0  → https://dcfd27564ef899969db9a562c7e1945f.r2.cloudflarestorage.com/914014488376256.mp4
image-pending    2168269450595812 c0  (HANDOVER §8.5 — image handling not yet built)
image-pending    2168269450595812 c0  (HANDOVER §8.5 — image handling not yet built)
carried-forward  2907138542972871 c0  → https://dcfd27564ef899969db9a562c7e1945f.r2.cloudflarestorage.com/2907138542972871.mp4
video-missing    2907138542972871 c0  (expected file not found in facebook/videos/ewa-2026-06-17)
video-missing    2907138542972871 c0  (expected file not found in facebook/videos/ewa-2026-06-17)
video-missing    2907138542972871 c0  (expected file not found in facebook/videos/ewa-2026-06-17)
video-missing    2907138542972871 c0  (expected file not found in facebook/videos/ewa-2026-06-17)
video-missing    2907138542972871 c0  (expected file not found in facebook/videos/ewa-2026-06-17)
image-pending    999296115924976 c0  (HANDOVER §8.5 — image handling not yet built)
image-pending    1806324716996411 c0  (HANDOVER §8.5 — image handling not yet built)
image-pending    1806324716996411 c0  (HANDOVER §8.5 — image handling not yet built)
image-pending    1806324716996411 c0  (HANDOVER §8.5 — image handling not yet built)
image-pending    1806324716996411 c0  (HANDOVER §8.5 — image handling not yet built)
image-pending    1806324716996411 c0  (HANDOVER §8.5 — image handling not yet built)
image-pending    1806324716996411 c0  (HANDOVER §8.5 — image handling not yet built)
image-pending    1806324716996411 c0  (HANDOVER §8.5 — image handling not yet built)
image-pending    1806324716996411 c0  (HANDOVER §8.5 — image handling not yet built)
image-pending    1806324716996411 c0  (HANDOVER §8.5 — image handling not yet built)
carried-forward  1330220262405214 c0  → https://pub-893b4a6a607b4221a894bf861da7914e.r2.dev/1330220262405214.mp4
video-missing    1330220262405214 c0  (expected file not found in facebook/videos/ewa-2026-06-17)
video-missing    1330220262405214 c0  (expected file not found in facebook/videos/ewa-2026-06-17)
carried-forward  2802273483498858 c0  → https://pub-893b4a6a607b4221a894bf861da7914e.r2.dev/2802273483498858.mp4
carried-forward  1615964059518175 c0  → https://pub-893b4a6a607b4221a894bf861da7914e.r2.dev/1615964059518175.mp4
carried-forward  2019314035617275 c0  → https://dcfd27564ef899969db9a562c7e1945f.r2.cloudflarestorage.com/2019314035617275.mp4
video-missing    2019314035617275 c0  (expected file not found in facebook/videos/ewa-2026-06-17)
video-missing    2019314035617275 c0  (expected file not found in facebook/videos/ewa-2026-06-17)
video-missing    2019314035617275 c0  (expected file not found in facebook/videos/ewa-2026-06-17)
image-pending    991847520223917 c0  (HANDOVER §8.5 — image handling not yet built)
image-pending    1373620194637136 c0  (HANDOVER §8.5 — image handling not yet built)
uploaded         1536065898176025 c0  (video) ← 1536065898176025.mp4  → https://dcfd27564ef899969db9a562c7e1945f.r2.cloudflarestorage.com/1536065898176025.mp4
image-pending    1334484801516608 c0  (HANDOVER §8.5 — image handling not yet built)
image-pending    1334484801516608 c0  (HANDOVER §8.5 — image handling not yet built)
image-pending    1334484801516608 c0  (HANDOVER §8.5 — image handling not yet built)
image-pending    1747989286365429 c0  (HANDOVER §8.5 — image handling not yet built)
image-pending    1747989286365429 c0  (HANDOVER §8.5 — image handling not yet built)
carried-forward  2836808550004625 c0  → https://pub-893b4a6a607b4221a894bf861da7914e.r2.dev/2836808550004625.jpg
image-pending    1618178989268406 c0  (HANDOVER §8.5 — image handling not yet built)
image-pending    1618178989268406 c0  (HANDOVER §8.5 — image handling not yet built)
image-pending    1618178989268406 c0  (HANDOVER §8.5 — image handling not yet built)
image-pending    1523011712648095 c0  (HANDOVER §8.5 — image handling not yet built)
carried-forward  1058117360197884 c0  → https://dcfd27564ef899969db9a562c7e1945f.r2.cloudflarestorage.com/1058117360197884.mp4
video-missing    1058117360197884 c0  (expected file not found in facebook/videos/ewa-2026-06-17)
video-missing    1058117360197884 c0  (expected file not found in facebook/videos/ewa-2026-06-17)
video-missing    1058117360197884 c0  (expected file not found in facebook/videos/ewa-2026-06-17)
video-missing    1058117360197884 c0  (expected file not found in facebook/videos/ewa-2026-06-17)
video-missing    1058117360197884 c0  (expected file not found in facebook/videos/ewa-2026-06-17)
image-pending    2507531419701992 c0  (HANDOVER §8.5 — image handling not yet built)
image-pending    2507531419701992 c0  (HANDOVER §8.5 — image handling not yet built)
image-pending    1738767367476279 c0  (HANDOVER §8.5 — image handling not yet built)
carried-forward  4335812066748385 c0  → https://dcfd27564ef899969db9a562c7e1945f.r2.cloudflarestorage.com/4335812066748385.mp4
video-missing    4335812066748385 c0  (expected file not found in facebook/videos/ewa-2026-06-17)
image-pending    2000081543932497 c0  (HANDOVER §8.5 — image handling not yet built)
image-pending    2000081543932497 c0  (HANDOVER §8.5 — image handling not yet built)
image-pending    2000081543932497 c0  (HANDOVER §8.5 — image handling not yet built)
image-pending    1167291328895386 c0  (HANDOVER §8.5 — image handling not yet built)
image-pending    1167291328895386 c0  (HANDOVER §8.5 — image handling not yet built)
image-pending    1167291328895386 c0  (HANDOVER §8.5 — image handling not yet built)
image-pending    1167291328895386 c0  (HANDOVER §8.5 — image handling not yet built)
carried-forward  1678172560088678 c0  → https://dcfd27564ef899969db9a562c7e1945f.r2.cloudflarestorage.com/1678172560088678.mp4
video-missing    1678172560088678 c0  (expected file not found in facebook/videos/ewa-2026-06-17)
image-pending    1513398920265007 c0  (HANDOVER §8.5 — image handling not yet built)
image-pending    1513398920265007 c0  (HANDOVER §8.5 — image handling not yet built)
carried-forward  1745280089824643 c0  → https://dcfd27564ef899969db9a562c7e1945f.r2.cloudflarestorage.com/1745280089824643.mp4
video-missing    1745280089824643 c0  (expected file not found in facebook/videos/ewa-2026-06-17)
video-missing    1745280089824643 c0  (expected file not found in facebook/videos/ewa-2026-06-17)
video-missing    1745280089824643 c0  (expected file not found in facebook/videos/ewa-2026-06-17)
video-missing    1745280089824643 c0  (expected file not found in facebook/videos/ewa-2026-06-17)
video-missing    1745280089824643 c0  (expected file not found in facebook/videos/ewa-2026-06-17)
video-missing    1745280089824643 c0  (expected file not found in facebook/videos/ewa-2026-06-17)
video-missing    1745280089824643 c0  (expected file not found in facebook/videos/ewa-2026-06-17)
image-pending    1000675962919066 c0  (HANDOVER §8.5 — image handling not yet built)
carried-forward  1465585751990677 c0  → https://dcfd27564ef899969db9a562c7e1945f.r2.cloudflarestorage.com/1465585751990677.mp4
carried-forward  1002188779168466 c0  → https://pub-893b4a6a607b4221a894bf861da7914e.r2.dev/1002188779168466.mp4
video-missing    1002188779168466 c0  (expected file not found in facebook/videos/ewa-2026-06-17)
video-missing    1002188779168466 c0  (expected file not found in facebook/videos/ewa-2026-06-17)
video-missing    1002188779168466 c0  (expected file not found in facebook/videos/ewa-2026-06-17)
video-missing    1002188779168466 c0  (expected file not found in facebook/videos/ewa-2026-06-17)
video-missing    1002188779168466 c0  (expected file not found in facebook/videos/ewa-2026-06-17)
video-missing    1002188779168466 c0  (expected file not found in facebook/videos/ewa-2026-06-17)
video-missing    1002188779168466 c0  (expected file not found in facebook/videos/ewa-2026-06-17)
video-missing    1002188779168466 c0  (expected file not found in facebook/videos/ewa-2026-06-17)
video-missing    1002188779168466 c0  (expected file not found in facebook/videos/ewa-2026-06-17)
video-missing    1002188779168466 c0  (expected file not found in facebook/videos/ewa-2026-06-17)
image-pending    1212051145316314 c0  (HANDOVER §8.5 — image handling not yet built)
image-pending    1212051145316314 c0  (HANDOVER §8.5 — image handling not yet built)
carried-forward  2217421555699121 c0  → https://dcfd27564ef899969db9a562c7e1945f.r2.cloudflarestorage.com/2217421555699121.mp4
carried-forward  1663976678262982 c0  → https://pub-893b4a6a607b4221a894bf861da7914e.r2.dev/1663976678262982.jpg
image-pending    1677769523466249 c0  (HANDOVER §8.5 — image handling not yet built)
image-pending    1677769523466249 c0  (HANDOVER §8.5 — image handling not yet built)
image-pending    976995418560060 c0  (HANDOVER §8.5 — image handling not yet built)
image-pending    976995418560060 c0  (HANDOVER §8.5 — image handling not yet built)
carried-forward  1921429171894214 c0  → https://dcfd27564ef899969db9a562c7e1945f.r2.cloudflarestorage.com/1921429171894214.mp4
image-pending    1531399552333003 c0  (HANDOVER §8.5 — image handling not yet built)
image-pending    1531399552333003 c0  (HANDOVER §8.5 — image handling not yet built)
image-pending    1531399552333003 c0  (HANDOVER §8.5 — image handling not yet built)
image-pending    1531399552333003 c0  (HANDOVER §8.5 — image handling not yet built)
image-pending    1531399552333003 c0  (HANDOVER §8.5 — image handling not yet built)
image-pending    1531399552333003 c0  (HANDOVER §8.5 — image handling not yet built)
carried-forward  748449174977604 c0  → https://pub-893b4a6a607b4221a894bf861da7914e.r2.dev/748449174977604.mp4
video-missing    748449174977604 c0  (expected file not found in facebook/videos/ewa-2026-06-17)
image-pending    3537150746432305 c0  (HANDOVER §8.5 — image handling not yet built)
image-pending    1675343033755105 c0  (HANDOVER §8.5 — image handling not yet built)
image-pending    1235629628499223 c0  (HANDOVER §8.5 — image handling not yet built)
image-pending    1235629628499223 c0  (HANDOVER §8.5 — image handling not yet built)
image-pending    1235629628499223 c0  (HANDOVER §8.5 — image handling not yet built)
image-pending    1235629628499223 c0  (HANDOVER §8.5 — image handling not yet built)
carried-forward  2046249736098857 c0  → https://pub-893b4a6a607b4221a894bf861da7914e.r2.dev/2046249736098857.mp4
uploaded         26225892033753213 c0  (video) ← 26225892033753213.mp4  → https://dcfd27564ef899969db9a562c7e1945f.r2.cloudflarestorage.com/26225892033753213.mp4
image-pending    1295526749286844 c0  (HANDOVER §8.5 — image handling not yet built)
image-pending    1295526749286844 c0  (HANDOVER §8.5 — image handling not yet built)
image-pending    1295526749286844 c0  (HANDOVER §8.5 — image handling not yet built)
image-pending    1295526749286844 c0  (HANDOVER §8.5 — image handling not yet built)
image-pending    1295526749286844 c0  (HANDOVER §8.5 — image handling not yet built)
image-pending    1295526749286844 c0  (HANDOVER §8.5 — image handling not yet built)
carried-forward  1534689968324219 c0  → https://dcfd27564ef899969db9a562c7e1945f.r2.cloudflarestorage.com/1534689968324219.mp4
carried-forward  1309985493978099 c0  → https://pub-893b4a6a607b4221a894bf861da7914e.r2.dev/1309985493978099.mp4
video-missing    1309985493978099 c0  (expected file not found in facebook/videos/ewa-2026-06-17)
video-missing    1309985493978099 c0  (expected file not found in facebook/videos/ewa-2026-06-17)
video-missing    1309985493978099 c0  (expected file not found in facebook/videos/ewa-2026-06-17)
video-missing    1309985493978099 c0  (expected file not found in facebook/videos/ewa-2026-06-17)
video-missing    1309985493978099 c0  (expected file not found in facebook/videos/ewa-2026-06-17)
video-missing    1309985493978099 c0  (expected file not found in facebook/videos/ewa-2026-06-17)
video-missing    1309985493978099 c0  (expected file not found in facebook/videos/ewa-2026-06-17)
carried-forward  2451130642067796 c0  → https://dcfd27564ef899969db9a562c7e1945f.r2.cloudflarestorage.com/2451130642067796.mp4
image-pending    976926701802664 c0  (HANDOVER §8.5 — image handling not yet built)
image-pending    976926701802664 c0  (HANDOVER §8.5 — image handling not yet built)
image-pending    976926701802664 c0  (HANDOVER §8.5 — image handling not yet built)
carried-forward  2200801820762579 c0  → https://pub-893b4a6a607b4221a894bf861da7914e.r2.dev/2200801820762579.mp4
carried-forward  1404710741461553 c0  → https://pub-893b4a6a607b4221a894bf861da7914e.r2.dev/1404710741461553.jpg
image-pending    1404710741461553 c0  (HANDOVER §8.5 — image handling not yet built)
image-pending    1360157755956403 c0  (HANDOVER §8.5 — image handling not yet built)
image-pending    1360157755956403 c0  (HANDOVER §8.5 — image handling not yet built)
image-pending    4518448365068445 c0  (HANDOVER §8.5 — image handling not yet built)
image-pending    4518448365068445 c0  (HANDOVER §8.5 — image handling not yet built)
image-pending    4518448365068445 c0  (HANDOVER §8.5 — image handling not yet built)
image-pending    4518448365068445 c0  (HANDOVER §8.5 — image handling not yet built)
image-pending    4518448365068445 c0  (HANDOVER §8.5 — image handling not yet built)
image-pending    1570090378067537 c0  (HANDOVER §8.5 — image handling not yet built)
image-pending    1570090378067537 c0  (HANDOVER §8.5 — image handling not yet built)
carried-forward  1417219330161259 c0  → https://dcfd27564ef899969db9a562c7e1945f.r2.cloudflarestorage.com/1417219330161259.mp4
video-missing    1417219330161259 c0  (expected file not found in facebook/videos/ewa-2026-06-17)
video-missing    1417219330161259 c0  (expected file not found in facebook/videos/ewa-2026-06-17)
video-missing    1417219330161259 c0  (expected file not found in facebook/videos/ewa-2026-06-17)
video-missing    1417219330161259 c0  (expected file not found in facebook/videos/ewa-2026-06-17)
video-missing    1417219330161259 c0  (expected file not found in facebook/videos/ewa-2026-06-17)
video-missing    1417219330161259 c0  (expected file not found in facebook/videos/ewa-2026-06-17)
video-missing    1417219330161259 c0  (expected file not found in facebook/videos/ewa-2026-06-17)
carried-forward  1690372411991547 c0  → https://dcfd27564ef899969db9a562c7e1945f.r2.cloudflarestorage.com/1690372411991547.mp4
image-pending    3379698175563929 c0  (HANDOVER §8.5 — image handling not yet built)
carried-forward  1466779631444076 c0  → https://dcfd27564ef899969db9a562c7e1945f.r2.cloudflarestorage.com/1466779631444076.mp4
image-pending    2263147084456380 c0  (HANDOVER §8.5 — image handling not yet built)
image-pending    2263147084456380 c0  (HANDOVER §8.5 — image handling not yet built)
image-pending    2263147084456380 c0  (HANDOVER §8.5 — image handling not yet built)
image-pending    2263147084456380 c0  (HANDOVER §8.5 — image handling not yet built)
image-pending    1486585319196474 c0  (HANDOVER §8.5 — image handling not yet built)
carried-forward  1058146399884280 c0  → https://dcfd27564ef899969db9a562c7e1945f.r2.cloudflarestorage.com/1058146399884280.mp4
carried-forward  2292649924605482 c0  → https://dcfd27564ef899969db9a562c7e1945f.r2.cloudflarestorage.com/2292649924605482.mp4
video-missing    2292649924605482 c0  (expected file not found in facebook/videos/ewa-2026-06-17)
carried-forward  2324048078128104 c0  → https://dcfd27564ef899969db9a562c7e1945f.r2.cloudflarestorage.com/2324048078128104.mp4
carried-forward  1470161190961581 c0  → https://pub-893b4a6a607b4221a894bf861da7914e.r2.dev/1470161190961581.mp4
video-missing    1470161190961581 c0  (expected file not found in facebook/videos/ewa-2026-06-17)
video-missing    1470161190961581 c0  (expected file not found in facebook/videos/ewa-2026-06-17)
video-missing    1470161190961581 c0  (expected file not found in facebook/videos/ewa-2026-06-17)
video-missing    1470161190961581 c0  (expected file not found in facebook/videos/ewa-2026-06-17)
video-missing    1470161190961581 c0  (expected file not found in facebook/videos/ewa-2026-06-17)
video-missing    1470161190961581 c0  (expected file not found in facebook/videos/ewa-2026-06-17)
carried-forward  1469196281598691 c0  → https://pub-893b4a6a607b4221a894bf861da7914e.r2.dev/1469196281598691.mp4
image-pending    1001702242390429 c0  (HANDOVER §8.5 — image handling not yet built)
image-pending    1923911324990159 c0  (HANDOVER §8.5 — image handling not yet built)
image-pending    1923911324990159 c0  (HANDOVER §8.5 — image handling not yet built)
image-pending    1923911324990159 c0  (HANDOVER §8.5 — image handling not yet built)
image-pending    1923911324990159 c0  (HANDOVER §8.5 — image handling not yet built)
image-pending    1923911324990159 c0  (HANDOVER §8.5 — image handling not yet built)
image-pending    1923911324990159 c0  (HANDOVER §8.5 — image handling not yet built)
image-pending    1923911324990159 c0  (HANDOVER §8.5 — image handling not yet built)
image-pending    1923911324990159 c0  (HANDOVER §8.5 — image handling not yet built)
image-pending    1923911324990159 c0  (HANDOVER §8.5 — image handling not yet built)
image-pending    1923911324990159 c0  (HANDOVER §8.5 — image handling not yet built)
image-pending    1923911324990159 c0  (HANDOVER §8.5 — image handling not yet built)
image-pending    1923911324990159 c0  (HANDOVER §8.5 — image handling not yet built)
image-pending    1923911324990159 c0  (HANDOVER §8.5 — image handling not yet built)
image-pending    1923911324990159 c0  (HANDOVER §8.5 — image handling not yet built)
image-pending    1018785910588014 c0  (HANDOVER §8.5 — image handling not yet built)
carried-forward  2900746573604126 c0  → https://pub-893b4a6a607b4221a894bf861da7914e.r2.dev/2900746573604126.jpg
carried-forward  1782620252703596 c0  → https://dcfd27564ef899969db9a562c7e1945f.r2.cloudflarestorage.com/1782620252703596.mp4
video-missing    1782620252703596 c0  (expected file not found in facebook/videos/ewa-2026-06-17)
video-missing    1782620252703596 c0  (expected file not found in facebook/videos/ewa-2026-06-17)
video-missing    1782620252703596 c0  (expected file not found in facebook/videos/ewa-2026-06-17)
video-missing    1782620252703596 c0  (expected file not found in facebook/videos/ewa-2026-06-17)
video-missing    1782620252703596 c0  (expected file not found in facebook/videos/ewa-2026-06-17)
image-pending    1685997445823439 c0  (HANDOVER §8.5 — image handling not yet built)
image-pending    26777616031940319 c0  (HANDOVER §8.5 — image handling not yet built)
image-pending    26777616031940319 c0  (HANDOVER §8.5 — image handling not yet built)
image-pending    1512352960388942 c0  (HANDOVER §8.5 — image handling not yet built)
image-pending    1512352960388942 c0  (HANDOVER §8.5 — image handling not yet built)
image-pending    1026260910074027 c0  (HANDOVER §8.5 — image handling not yet built)
image-pending    1026260910074027 c0  (HANDOVER §8.5 — image handling not yet built)
image-pending    1026260910074027 c0  (HANDOVER §8.5 — image handling not yet built)
carried-forward  856246240275453 c0  → https://pub-893b4a6a607b4221a894bf861da7914e.r2.dev/856246240275453.jpg
image-pending    984312711037492 c0  (HANDOVER §8.5 — image handling not yet built)
uploaded         903928089088435 c0  (video) ← 903928089088435.mp4  → https://dcfd27564ef899969db9a562c7e1945f.r2.cloudflarestorage.com/903928089088435.mp4
video-missing    903928089088435 c0  (expected file not found in facebook/videos/ewa-2026-06-17)
video-missing    903928089088435 c0  (expected file not found in facebook/videos/ewa-2026-06-17)
carried-forward  1305744075004237 c0  → https://pub-893b4a6a607b4221a894bf861da7914e.r2.dev/1305744075004237.jpg
image-pending    1305744075004237 c0  (HANDOVER §8.5 — image handling not yet built)
image-pending    1305744075004237 c0  (HANDOVER §8.5 — image handling not yet built)
image-pending    1305744075004237 c0  (HANDOVER §8.5 — image handling not yet built)
image-pending    1305744075004237 c0  (HANDOVER §8.5 — image handling not yet built)
image-pending    1305744075004237 c0  (HANDOVER §8.5 — image handling not yet built)
image-pending    1305744075004237 c0  (HANDOVER §8.5 — image handling not yet built)
image-pending    1305744075004237 c0  (HANDOVER §8.5 — image handling not yet built)
image-pending    1305744075004237 c0  (HANDOVER §8.5 — image handling not yet built)
image-pending    1305744075004237 c0  (HANDOVER §8.5 — image handling not yet built)
image-pending    1305744075004237 c0  (HANDOVER §8.5 — image handling not yet built)
image-pending    1305744075004237 c0  (HANDOVER §8.5 — image handling not yet built)
image-pending    1242479681129764 c0  (HANDOVER §8.5 — image handling not yet built)
image-pending    970945529163508 c0  (HANDOVER §8.5 — image handling not yet built)
carried-forward  27234431866182674 c0  → https://pub-893b4a6a607b4221a894bf861da7914e.r2.dev/27234431866182674.jpg
carried-forward  1531531011740775 c0  → https://pub-893b4a6a607b4221a894bf861da7914e.r2.dev/1531531011740775.mp4
image-pending    1527797945379868 c0  (HANDOVER §8.5 — image handling not yet built)
image-pending    1527797945379868 c0  (HANDOVER §8.5 — image handling not yet built)
image-pending    1527797945379868 c0  (HANDOVER §8.5 — image handling not yet built)
image-pending    1334381875539157 c0  (HANDOVER §8.5 — image handling not yet built)
image-pending    1547939030220517 c0  (HANDOVER §8.5 — image handling not yet built)
image-pending    1547939030220517 c0  (HANDOVER §8.5 — image handling not yet built)
image-pending    2472394746536106 c0  (HANDOVER §8.5 — image handling not yet built)
image-pending    2472394746536106 c0  (HANDOVER §8.5 — image handling not yet built)
image-pending    2472394746536106 c0  (HANDOVER §8.5 — image handling not yet built)
image-pending    2472394746536106 c0  (HANDOVER §8.5 — image handling not yet built)
image-pending    2472394746536106 c0  (HANDOVER §8.5 — image handling not yet built)
image-pending    2472394746536106 c0  (HANDOVER §8.5 — image handling not yet built)
image-pending    2472394746536106 c0  (HANDOVER §8.5 — image handling not yet built)
image-pending    2472394746536106 c0  (HANDOVER §8.5 — image handling not yet built)
image-pending    2472394746536106 c0  (HANDOVER §8.5 — image handling not yet built)
image-pending    2472394746536106 c0  (HANDOVER §8.5 — image handling not yet built)
image-pending    2472394746536106 c0  (HANDOVER §8.5 — image handling not yet built)
carried-forward  1666551181294018 c0  → https://dcfd27564ef899969db9a562c7e1945f.r2.cloudflarestorage.com/1666551181294018.mp4
video-missing    1666551181294018 c0  (expected file not found in facebook/videos/ewa-2026-06-17)
video-missing    1666551181294018 c0  (expected file not found in facebook/videos/ewa-2026-06-17)
video-missing    1666551181294018 c0  (expected file not found in facebook/videos/ewa-2026-06-17)
video-missing    1666551181294018 c0  (expected file not found in facebook/videos/ewa-2026-06-17)
video-missing    1666551181294018 c0  (expected file not found in facebook/videos/ewa-2026-06-17)
video-missing    1666551181294018 c0  (expected file not found in facebook/videos/ewa-2026-06-17)
image-pending    885131757939246 c0  (HANDOVER §8.5 — image handling not yet built)
image-pending    885131757939246 c0  (HANDOVER §8.5 — image handling not yet built)
image-pending    1308228347418237 c0  (HANDOVER §8.5 — image handling not yet built)
image-pending    1308228347418237 c0  (HANDOVER §8.5 — image handling not yet built)
image-pending    1495019861837751 c0  (HANDOVER §8.5 — image handling not yet built)
carried-forward  1616366769446443 c0  → https://pub-893b4a6a607b4221a894bf861da7914e.r2.dev/1616366769446443.jpg
image-pending    1616366769446443 c0  (HANDOVER §8.5 — image handling not yet built)
image-pending    1442098024601471 c0  (HANDOVER §8.5 — image handling not yet built)
image-pending    1442098024601471 c0  (HANDOVER §8.5 — image handling not yet built)
image-pending    1442098024601471 c0  (HANDOVER §8.5 — image handling not yet built)
image-pending    1674624813858500 c0  (HANDOVER §8.5 — image handling not yet built)
image-pending    1674624813858500 c0  (HANDOVER §8.5 — image handling not yet built)
image-pending    1674624813858500 c0  (HANDOVER §8.5 — image handling not yet built)
carried-forward  2834442180223462 c0  → https://dcfd27564ef899969db9a562c7e1945f.r2.cloudflarestorage.com/2834442180223462.mp4
video-missing    2834442180223462 c0  (expected file not found in facebook/videos/ewa-2026-06-17)
image-pending    1984017578879939 c0  (HANDOVER §8.5 — image handling not yet built)
image-pending    1984017578879939 c0  (HANDOVER §8.5 — image handling not yet built)
image-pending    2390970017975305 c0  (HANDOVER §8.5 — image handling not yet built)
image-pending    2390970017975305 c0  (HANDOVER §8.5 — image handling not yet built)
carried-forward  1467590517905403 c0  → https://pub-893b4a6a607b4221a894bf861da7914e.r2.dev/1467590517905403.jpg
image-pending    4415776378667914 c0  (HANDOVER §8.5 — image handling not yet built)
image-pending    1636738317394788 c0  (HANDOVER §8.5 — image handling not yet built)
image-pending    1636738317394788 c0  (HANDOVER §8.5 — image handling not yet built)
image-pending    27716633651255061 c0  (HANDOVER §8.5 — image handling not yet built)
image-pending    27716633651255061 c0  (HANDOVER §8.5 — image handling not yet built)
carried-forward  1457093912852700 c0  → https://dcfd27564ef899969db9a562c7e1945f.r2.cloudflarestorage.com/1457093912852700.mp4
video-missing    1457093912852700 c0  (expected file not found in facebook/videos/ewa-2026-06-17)
video-missing    1457093912852700 c0  (expected file not found in facebook/videos/ewa-2026-06-17)
video-missing    1457093912852700 c0  (expected file not found in facebook/videos/ewa-2026-06-17)
carried-forward  1663823688030341 c0  → https://dcfd27564ef899969db9a562c7e1945f.r2.cloudflarestorage.com/1663823688030341.mp4
image-pending    1546261913774493 c0  (HANDOVER §8.5 — image handling not yet built)
image-pending    1546261913774493 c0  (HANDOVER §8.5 — image handling not yet built)
carried-forward  1661739358296913 c0  → https://pub-893b4a6a607b4221a894bf861da7914e.r2.dev/1661739358296913.mp4
carried-forward  1662614731698719 c0  → https://dcfd27564ef899969db9a562c7e1945f.r2.cloudflarestorage.com/1662614731698719.mp4
carried-forward  2895365654156046 c0  → https://dcfd27564ef899969db9a562c7e1945f.r2.cloudflarestorage.com/2895365654156046.mp4
carried-forward  2542898386169782 c0  → https://dcfd27564ef899969db9a562c7e1945f.r2.cloudflarestorage.com/2542898386169782.mp4
video-missing    2542898386169782 c0  (expected file not found in facebook/videos/ewa-2026-06-17)
video-missing    2542898386169782 c0  (expected file not found in facebook/videos/ewa-2026-06-17)
carried-forward  1901562250530554 c0  → https://dcfd27564ef899969db9a562c7e1945f.r2.cloudflarestorage.com/1901562250530554.mp4
video-missing    1901562250530554 c0  (expected file not found in facebook/videos/ewa-2026-06-17)
video-missing    1901562250530554 c0  (expected file not found in facebook/videos/ewa-2026-06-17)
video-missing    1901562250530554 c0  (expected file not found in facebook/videos/ewa-2026-06-17)
carried-forward  1672662687079904 c0  → https://pub-893b4a6a607b4221a894bf861da7914e.r2.dev/1672662687079904.mp4
video-missing    1672662687079904 c0  (expected file not found in facebook/videos/ewa-2026-06-17)
video-missing    1672662687079904 c0  (expected file not found in facebook/videos/ewa-2026-06-17)
video-missing    1672662687079904 c0  (expected file not found in facebook/videos/ewa-2026-06-17)
video-missing    1672662687079904 c0  (expected file not found in facebook/videos/ewa-2026-06-17)
image-pending    1661299481807644 c0  (HANDOVER §8.5 — image handling not yet built)
carried-forward  2425811354550177 c0  → https://dcfd27564ef899969db9a562c7e1945f.r2.cloudflarestorage.com/2425811354550177.mp4
video-missing    2425811354550177 c0  (expected file not found in facebook/videos/ewa-2026-06-17)
video-missing    2425811354550177 c0  (expected file not found in facebook/videos/ewa-2026-06-17)
video-missing    2425811354550177 c0  (expected file not found in facebook/videos/ewa-2026-06-17)
video-missing    2425811354550177 c0  (expected file not found in facebook/videos/ewa-2026-06-17)
video-missing    2425811354550177 c0  (expected file not found in facebook/videos/ewa-2026-06-17)
video-missing    2425811354550177 c0  (expected file not found in facebook/videos/ewa-2026-06-17)
video-missing    2425811354550177 c0  (expected file not found in facebook/videos/ewa-2026-06-17)
carried-forward  2518113965291270 c0  → https://pub-893b4a6a607b4221a894bf861da7914e.r2.dev/2518113965291270.mp4
image-pending    1306095685052087 c0  (HANDOVER §8.5 — image handling not yet built)
image-pending    1306095685052087 c0  (HANDOVER §8.5 — image handling not yet built)
carried-forward  1516804023320504 c0  → https://dcfd27564ef899969db9a562c7e1945f.r2.cloudflarestorage.com/1516804023320504.mp4
carried-forward  1473253304576554 c0  → https://dcfd27564ef899969db9a562c7e1945f.r2.cloudflarestorage.com/1473253304576554.mp4
carried-forward  2182881752511173 c0  → https://dcfd27564ef899969db9a562c7e1945f.r2.cloudflarestorage.com/2182881752511173.mp4
video-missing    2182881752511173 c0  (expected file not found in facebook/videos/ewa-2026-06-17)
video-missing    2182881752511173 c0  (expected file not found in facebook/videos/ewa-2026-06-17)
video-missing    2182881752511173 c0  (expected file not found in facebook/videos/ewa-2026-06-17)
video-missing    2182881752511173 c0  (expected file not found in facebook/videos/ewa-2026-06-17)
video-missing    2182881752511173 c0  (expected file not found in facebook/videos/ewa-2026-06-17)
carried-forward  4329442474033664 c0  → https://pub-893b4a6a607b4221a894bf861da7914e.r2.dev/4329442474033664.mp4
video-missing    4329442474033664 c0  (expected file not found in facebook/videos/ewa-2026-06-17)
image-pending    1290529639937676 c0  (HANDOVER §8.5 — image handling not yet built)
image-pending    1290529639937676 c0  (HANDOVER §8.5 — image handling not yet built)
image-pending    1660487428572907 c0  (HANDOVER §8.5 — image handling not yet built)
image-pending    1660487428572907 c0  (HANDOVER §8.5 — image handling not yet built)
image-pending    1660487428572907 c0  (HANDOVER §8.5 — image handling not yet built)
image-pending    1010187978650012 c0  (HANDOVER §8.5 — image handling not yet built)
image-pending    1010187978650012 c0  (HANDOVER §8.5 — image handling not yet built)
image-pending    1010187978650012 c0  (HANDOVER §8.5 — image handling not yet built)
image-pending    2106135576613247 c0  (HANDOVER §8.5 — image handling not yet built)
image-pending    1690675848655559 c0  (HANDOVER §8.5 — image handling not yet built)
video-missing    2085709192330186 c0  (expected file not found in facebook/videos/ewa-2026-06-17)
video-missing    2085709192330186 c0  (expected file not found in facebook/videos/ewa-2026-06-17)
carried-forward  945485928324564 c0  → https://pub-893b4a6a607b4221a894bf861da7914e.r2.dev/945485928324564.mp4
carried-forward  2163117644477934 c0  → https://dcfd27564ef899969db9a562c7e1945f.r2.cloudflarestorage.com/2163117644477934.mp4
video-missing    2163117644477934 c0  (expected file not found in facebook/videos/ewa-2026-06-17)
image-pending    2227709765044070 c0  (HANDOVER §8.5 — image handling not yet built)
carried-forward  4386299718181697 c0  → https://dcfd27564ef899969db9a562c7e1945f.r2.cloudflarestorage.com/4386299718181697.mp4
video-missing    4386299718181697 c0  (expected file not found in facebook/videos/ewa-2026-06-17)
video-missing    4386299718181697 c0  (expected file not found in facebook/videos/ewa-2026-06-17)
image-pending    1426991422519780 c0  (HANDOVER §8.5 — image handling not yet built)
uploaded         844953805040944 c0  (video) ← 844953805040944.mp4  → https://dcfd27564ef899969db9a562c7e1945f.r2.cloudflarestorage.com/844953805040944.mp4
image-pending    1039246028668722 c0  (HANDOVER §8.5 — image handling not yet built)
image-pending    1039246028668722 c0  (HANDOVER §8.5 — image handling not yet built)
image-pending    1039246028668722 c0  (HANDOVER §8.5 — image handling not yet built)
image-pending    1039246028668722 c0  (HANDOVER §8.5 — image handling not yet built)
carried-forward  1547758616939744 c0  → https://dcfd27564ef899969db9a562c7e1945f.r2.cloudflarestorage.com/1547758616939744.mp4
carried-forward  2018115468836845 c0  → https://dcfd27564ef899969db9a562c7e1945f.r2.cloudflarestorage.com/2018115468836845.mp4
image-pending    848580081272408 c0  (HANDOVER §8.5 — image handling not yet built)
carried-forward  1991582411458608 c0  → https://dcfd27564ef899969db9a562c7e1945f.r2.cloudflarestorage.com/1991582411458608.mp4
video-missing    1991582411458608 c0  (expected file not found in facebook/videos/ewa-2026-06-17)
video-missing    1991582411458608 c0  (expected file not found in facebook/videos/ewa-2026-06-17)
video-missing    1991582411458608 c0  (expected file not found in facebook/videos/ewa-2026-06-17)
video-missing    1991582411458608 c0  (expected file not found in facebook/videos/ewa-2026-06-17)
video-missing    1991582411458608 c0  (expected file not found in facebook/videos/ewa-2026-06-17)
video-missing    1991582411458608 c0  (expected file not found in facebook/videos/ewa-2026-06-17)
image-pending    987243144235984 c0  (HANDOVER §8.5 — image handling not yet built)
image-pending    987243144235984 c0  (HANDOVER §8.5 — image handling not yet built)
image-pending    987243144235984 c0  (HANDOVER §8.5 — image handling not yet built)
image-pending    987243144235984 c0  (HANDOVER §8.5 — image handling not yet built)
image-pending    987243144235984 c0  (HANDOVER §8.5 — image handling not yet built)
image-pending    1029134476463548 c0  (HANDOVER §8.5 — image handling not yet built)
image-pending    1029134476463548 c0  (HANDOVER §8.5 — image handling not yet built)
image-pending    1029134476463548 c0  (HANDOVER §8.5 — image handling not yet built)
image-pending    1023420790132764 c0  (HANDOVER §8.5 — image handling not yet built)
carried-forward  1468431117820358 c0  → https://pub-893b4a6a607b4221a894bf861da7914e.r2.dev/1468431117820358.jpg
image-pending    2046200479303426 c0  (HANDOVER §8.5 — image handling not yet built)
image-pending    4636176266702289 c0  (HANDOVER §8.5 — image handling not yet built)
image-pending    4636176266702289 c0  (HANDOVER §8.5 — image handling not yet built)
image-pending    4636176266702289 c0  (HANDOVER §8.5 — image handling not yet built)
image-pending    4425764394408155 c0  (HANDOVER §8.5 — image handling not yet built)
image-pending    1448734487295138 c0  (HANDOVER §8.5 — image handling not yet built)
image-pending    1448734487295138 c0  (HANDOVER §8.5 — image handling not yet built)
image-pending    1448734487295138 c0  (HANDOVER §8.5 — image handling not yet built)
image-pending    1448734487295138 c0  (HANDOVER §8.5 — image handling not yet built)
image-pending    1653522562611053 c0  (HANDOVER §8.5 — image handling not yet built)
image-pending    1653522562611053 c0  (HANDOVER §8.5 — image handling not yet built)
video-missing    1523038196185600 c0  (expected file not found in facebook/videos/ewa-2026-06-17)
video-missing    1523038196185600 c0  (expected file not found in facebook/videos/ewa-2026-06-17)
video-missing    1523038196185600 c0  (expected file not found in facebook/videos/ewa-2026-06-17)
carried-forward  35898341513114063 c0  → https://pub-893b4a6a607b4221a894bf861da7914e.r2.dev/35898341513114063.mp4
video-missing    35898341513114063 c0  (expected file not found in facebook/videos/ewa-2026-06-17)
video-missing    35898341513114063 c0  (expected file not found in facebook/videos/ewa-2026-06-17)
video-missing    35898341513114063 c0  (expected file not found in facebook/videos/ewa-2026-06-17)
video-missing    35898341513114063 c0  (expected file not found in facebook/videos/ewa-2026-06-17)
carried-forward  27251840914432700 c0  → https://dcfd27564ef899969db9a562c7e1945f.r2.cloudflarestorage.com/27251840914432700.mp4
image-pending    1044893548062545 c0  (HANDOVER §8.5 — image handling not yet built)
image-pending    971629908960954 c0  (HANDOVER §8.5 — image handling not yet built)
image-pending    971629908960954 c0  (HANDOVER §8.5 — image handling not yet built)
carried-forward  2892872337720754 c0  → https://dcfd27564ef899969db9a562c7e1945f.r2.cloudflarestorage.com/2892872337720754.mp4
video-missing    2892872337720754 c0  (expected file not found in facebook/videos/ewa-2026-06-17)
image-pending    882559804887701 c0  (HANDOVER §8.5 — image handling not yet built)
carried-forward  957965230451965 c0  → https://dcfd27564ef899969db9a562c7e1945f.r2.cloudflarestorage.com/957965230451965.mp4
video-missing    957965230451965 c0  (expected file not found in facebook/videos/ewa-2026-06-17)
video-missing    957965230451965 c0  (expected file not found in facebook/videos/ewa-2026-06-17)
video-missing    957965230451965 c0  (expected file not found in facebook/videos/ewa-2026-06-17)
uploaded         4533622670189904 c0  (video) ← 4533622670189904.mp4  → https://dcfd27564ef899969db9a562c7e1945f.r2.cloudflarestorage.com/4533622670189904.mp4
video-missing    4533622670189904 c0  (expected file not found in facebook/videos/ewa-2026-06-17)
carried-forward  975097332110635 c0  → https://pub-893b4a6a607b4221a894bf861da7914e.r2.dev/975097332110635.jpg
image-pending    1000085642984168 c0  (HANDOVER §8.5 — image handling not yet built)
image-pending    1000085642984168 c0  (HANDOVER §8.5 — image handling not yet built)
image-pending    1000085642984168 c0  (HANDOVER §8.5 — image handling not yet built)
image-pending    1000085642984168 c0  (HANDOVER §8.5 — image handling not yet built)
image-pending    1000085642984168 c0  (HANDOVER §8.5 — image handling not yet built)
image-pending    1000085642984168 c0  (HANDOVER §8.5 — image handling not yet built)
image-pending    1000085642984168 c0  (HANDOVER §8.5 — image handling not yet built)
image-pending    1000085642984168 c0  (HANDOVER §8.5 — image handling not yet built)
image-pending    1492153029376366 c0  (HANDOVER §8.5 — image handling not yet built)
image-pending    1492153029376366 c0  (HANDOVER §8.5 — image handling not yet built)
carried-forward  1156871059927366 c0  → https://dcfd27564ef899969db9a562c7e1945f.r2.cloudflarestorage.com/1156871059927366.mp4
carried-forward  1027173666407724 c0  → https://dcfd27564ef899969db9a562c7e1945f.r2.cloudflarestorage.com/1027173666407724.mp4
uploaded         1598444128950559 c0  (video) ← 1598444128950559.mp4  → https://dcfd27564ef899969db9a562c7e1945f.r2.cloudflarestorage.com/1598444128950559.mp4
image-pending    1704168920577855 c0  (HANDOVER §8.5 — image handling not yet built)
image-pending    1704168920577855 c0  (HANDOVER §8.5 — image handling not yet built)
image-pending    1704168920577855 c0  (HANDOVER §8.5 — image handling not yet built)
image-pending    1704168920577855 c0  (HANDOVER §8.5 — image handling not yet built)
image-pending    1704168920577855 c0  (HANDOVER §8.5 — image handling not yet built)
image-pending    1704168920577855 c0  (HANDOVER §8.5 — image handling not yet built)
image-pending    1507715590563716 c0  (HANDOVER §8.5 — image handling not yet built)
image-pending    1507715590563716 c0  (HANDOVER §8.5 — image handling not yet built)
image-pending    1507715590563716 c0  (HANDOVER §8.5 — image handling not yet built)
image-pending    1507715590563716 c0  (HANDOVER §8.5 — image handling not yet built)
carried-forward  2690469964681517 c0  → https://dcfd27564ef899969db9a562c7e1945f.r2.cloudflarestorage.com/2690469964681517.mp4
video-missing    2690469964681517 c0  (expected file not found in facebook/videos/ewa-2026-06-17)
video-missing    2690469964681517 c0  (expected file not found in facebook/videos/ewa-2026-06-17)
carried-forward  1527304912406921 c0  → https://dcfd27564ef899969db9a562c7e1945f.r2.cloudflarestorage.com/1527304912406921.mp4
video-missing    1527304912406921 c0  (expected file not found in facebook/videos/ewa-2026-06-17)
uploaded         1565809451797919 c0  (video) ← 1565809451797919.mp4  → https://dcfd27564ef899969db9a562c7e1945f.r2.cloudflarestorage.com/1565809451797919.mp4
video-missing    1565809451797919 c0  (expected file not found in facebook/videos/ewa-2026-06-17)
image-pending    1292688179699910 c0  (HANDOVER §8.5 — image handling not yet built)
image-pending    1324740589125403 c0  (HANDOVER §8.5 — image handling not yet built)
image-pending    1324740589125403 c0  (HANDOVER §8.5 — image handling not yet built)
image-pending    1324740589125403 c0  (HANDOVER §8.5 — image handling not yet built)
image-pending    1388356709793893 c0  (HANDOVER §8.5 — image handling not yet built)
image-pending    1514127293641623 c0  (HANDOVER §8.5 — image handling not yet built)
image-pending    1727711348244789 c0  (HANDOVER §8.5 — image handling not yet built)
carried-forward  813865028257344 c0  → https://dcfd27564ef899969db9a562c7e1945f.r2.cloudflarestorage.com/813865028257344.mp4
carried-forward  1607269414288062 c0  → https://dcfd27564ef899969db9a562c7e1945f.r2.cloudflarestorage.com/1607269414288062.mp4
carried-forward  1572992504391190 c0  → https://dcfd27564ef899969db9a562c7e1945f.r2.cloudflarestorage.com/1572992504391190.mp4
video-missing    1572992504391190 c0  (expected file not found in facebook/videos/ewa-2026-06-17)
image-pending    1361181492496907 c0  (HANDOVER §8.5 — image handling not yet built)
image-pending    1361181492496907 c0  (HANDOVER §8.5 — image handling not yet built)
image-pending    1449704960263028 c0  (HANDOVER §8.5 — image handling not yet built)
carried-forward  1012759394647525 c0  → https://pub-893b4a6a607b4221a894bf861da7914e.r2.dev/1012759394647525.mp4
carried-forward  984156287914691 c0  → https://dcfd27564ef899969db9a562c7e1945f.r2.cloudflarestorage.com/984156287914691.mp4
video-missing    984156287914691 c0  (expected file not found in facebook/videos/ewa-2026-06-17)
image-pending    4277104165768728 c0  (HANDOVER §8.5 — image handling not yet built)
image-pending    4277104165768728 c0  (HANDOVER §8.5 — image handling not yet built)
image-pending    4277104165768728 c0  (HANDOVER §8.5 — image handling not yet built)
image-pending    4277104165768728 c0  (HANDOVER §8.5 — image handling not yet built)
uploaded         1510330994151428 c0  (video) ← 1510330994151428.mp4  → https://dcfd27564ef899969db9a562c7e1945f.r2.cloudflarestorage.com/1510330994151428.mp4
video-missing    1510330994151428 c0  (expected file not found in facebook/videos/ewa-2026-06-17)
video-missing    1510330994151428 c0  (expected file not found in facebook/videos/ewa-2026-06-17)
video-missing    1510330994151428 c0  (expected file not found in facebook/videos/ewa-2026-06-17)
video-missing    1510330994151428 c0  (expected file not found in facebook/videos/ewa-2026-06-17)
video-missing    1510330994151428 c0  (expected file not found in facebook/videos/ewa-2026-06-17)
video-missing    1510330994151428 c0  (expected file not found in facebook/videos/ewa-2026-06-17)
uploaded         1338883071388515 c0  (video) ← 1338883071388515.mp4  → https://dcfd27564ef899969db9a562c7e1945f.r2.cloudflarestorage.com/1338883071388515.mp4
carried-forward  2596103854176653 c0  → https://pub-893b4a6a607b4221a894bf861da7914e.r2.dev/2596103854176653.mp4
video-missing    2596103854176653 c0  (expected file not found in facebook/videos/ewa-2026-06-17)
video-missing    2596103854176653 c0  (expected file not found in facebook/videos/ewa-2026-06-17)
video-missing    2596103854176653 c0  (expected file not found in facebook/videos/ewa-2026-06-17)
video-missing    2596103854176653 c0  (expected file not found in facebook/videos/ewa-2026-06-17)
video-missing    2596103854176653 c0  (expected file not found in facebook/videos/ewa-2026-06-17)
video-missing    2596103854176653 c0  (expected file not found in facebook/videos/ewa-2026-06-17)
carried-forward  1176622471262482 c0  → https://dcfd27564ef899969db9a562c7e1945f.r2.cloudflarestorage.com/1176622471262482.mp4
video-missing    1176622471262482 c0  (expected file not found in facebook/videos/ewa-2026-06-17)
video-missing    1176622471262482 c0  (expected file not found in facebook/videos/ewa-2026-06-17)
video-missing    1176622471262482 c0  (expected file not found in facebook/videos/ewa-2026-06-17)
video-missing    1176622471262482 c0  (expected file not found in facebook/videos/ewa-2026-06-17)
video-missing    1176622471262482 c0  (expected file not found in facebook/videos/ewa-2026-06-17)
video-missing    1176622471262482 c0  (expected file not found in facebook/videos/ewa-2026-06-17)
video-missing    1176622471262482 c0  (expected file not found in facebook/videos/ewa-2026-06-17)
video-missing    1176622471262482 c0  (expected file not found in facebook/videos/ewa-2026-06-17)
video-missing    1176622471262482 c0  (expected file not found in facebook/videos/ewa-2026-06-17)
video-missing    1176622471262482 c0  (expected file not found in facebook/videos/ewa-2026-06-17)
video-missing    1176622471262482 c0  (expected file not found in facebook/videos/ewa-2026-06-17)
video-missing    1176622471262482 c0  (expected file not found in facebook/videos/ewa-2026-06-17)
video-missing    1176622471262482 c0  (expected file not found in facebook/videos/ewa-2026-06-17)
image-pending    1686993089180864 c0  (HANDOVER §8.5 — image handling not yet built)
image-pending    1686993089180864 c0  (HANDOVER §8.5 — image handling not yet built)
image-pending    1686993089180864 c0  (HANDOVER §8.5 — image handling not yet built)
image-pending    1686993089180864 c0  (HANDOVER §8.5 — image handling not yet built)
image-pending    1686993089180864 c0  (HANDOVER §8.5 — image handling not yet built)
image-pending    997107049357232 c0  (HANDOVER §8.5 — image handling not yet built)
image-pending    1504659688014058 c0  (HANDOVER §8.5 — image handling not yet built)
image-pending    1504659688014058 c0  (HANDOVER §8.5 — image handling not yet built)
image-pending    1504659688014058 c0  (HANDOVER §8.5 — image handling not yet built)
image-pending    1504659688014058 c0  (HANDOVER §8.5 — image handling not yet built)
image-pending    1504659688014058 c0  (HANDOVER §8.5 — image handling not yet built)
image-pending    1504659688014058 c0  (HANDOVER §8.5 — image handling not yet built)
image-pending    1504659688014058 c0  (HANDOVER §8.5 — image handling not yet built)
image-pending    1504659688014058 c0  (HANDOVER §8.5 — image handling not yet built)
image-pending    1504659688014058 c0  (HANDOVER §8.5 — image handling not yet built)
image-pending    1504659688014058 c0  (HANDOVER §8.5 — image handling not yet built)
carried-forward  985019420808891 c0  → https://dcfd27564ef899969db9a562c7e1945f.r2.cloudflarestorage.com/985019420808891.mp4
video-missing    985019420808891 c0  (expected file not found in facebook/videos/ewa-2026-06-17)
image-pending    764555643334313 c0  (HANDOVER §8.5 — image handling not yet built)
image-pending    1515467073402864 c0  (HANDOVER §8.5 — image handling not yet built)
image-pending    1515467073402864 c0  (HANDOVER §8.5 — image handling not yet built)
image-pending    1515467073402864 c0  (HANDOVER §8.5 — image handling not yet built)
image-pending    2219245702227177 c0  (HANDOVER §8.5 — image handling not yet built)
carried-forward  1328327142605633 c0  → https://dcfd27564ef899969db9a562c7e1945f.r2.cloudflarestorage.com/1328327142605633.mp4
video-missing    1328327142605633 c0  (expected file not found in facebook/videos/ewa-2026-06-17)
video-missing    1328327142605633 c0  (expected file not found in facebook/videos/ewa-2026-06-17)
video-missing    1328327142605633 c0  (expected file not found in facebook/videos/ewa-2026-06-17)
video-missing    1328327142605633 c0  (expected file not found in facebook/videos/ewa-2026-06-17)
video-missing    1328327142605633 c0  (expected file not found in facebook/videos/ewa-2026-06-17)
carried-forward  3281703298679616 c0  → https://dcfd27564ef899969db9a562c7e1945f.r2.cloudflarestorage.com/3281703298679616.mp4
video-missing    3281703298679616 c0  (expected file not found in facebook/videos/ewa-2026-06-17)
video-missing    3281703298679616 c0  (expected file not found in facebook/videos/ewa-2026-06-17)
video-missing    3281703298679616 c0  (expected file not found in facebook/videos/ewa-2026-06-17)
video-missing    3281703298679616 c0  (expected file not found in facebook/videos/ewa-2026-06-17)
video-missing    3281703298679616 c0  (expected file not found in facebook/videos/ewa-2026-06-17)
uploaded         944246548633805 c0  (video) ← 944246548633805.mp4  → https://dcfd27564ef899969db9a562c7e1945f.r2.cloudflarestorage.com/944246548633805.mp4
image-pending    1030332219501521 c0  (HANDOVER §8.5 — image handling not yet built)
carried-forward  1727166618285118 c0  → https://dcfd27564ef899969db9a562c7e1945f.r2.cloudflarestorage.com/1727166618285118.mp4
video-missing    1727166618285118 c0  (expected file not found in facebook/videos/ewa-2026-06-17)
video-missing    1727166618285118 c0  (expected file not found in facebook/videos/ewa-2026-06-17)
video-missing    1727166618285118 c0  (expected file not found in facebook/videos/ewa-2026-06-17)
carried-forward  1902513440410109 c0  → https://pub-893b4a6a607b4221a894bf861da7914e.r2.dev/1902513440410109.jpg
image-pending    1902513440410109 c0  (HANDOVER §8.5 — image handling not yet built)
image-pending    1902513440410109 c0  (HANDOVER §8.5 — image handling not yet built)
image-pending    1902513440410109 c0  (HANDOVER §8.5 — image handling not yet built)
image-pending    1902513440410109 c0  (HANDOVER §8.5 — image handling not yet built)
image-pending    1902513440410109 c0  (HANDOVER §8.5 — image handling not yet built)
image-pending    1902513440410109 c0  (HANDOVER §8.5 — image handling not yet built)
image-pending    1902513440410109 c0  (HANDOVER §8.5 — image handling not yet built)
image-pending    1902513440410109 c0  (HANDOVER §8.5 — image handling not yet built)
image-pending    1543507477470179 c0  (HANDOVER §8.5 — image handling not yet built)
image-pending    1525408699041401 c0  (HANDOVER §8.5 — image handling not yet built)
image-pending    1739116884192341 c0  (HANDOVER §8.5 — image handling not yet built)
image-pending    1739116884192341 c0  (HANDOVER §8.5 — image handling not yet built)
image-pending    1739116884192341 c0  (HANDOVER §8.5 — image handling not yet built)
image-pending    1617920739300341 c0  (HANDOVER §8.5 — image handling not yet built)
carried-forward  2294546694682927 c0  → https://dcfd27564ef899969db9a562c7e1945f.r2.cloudflarestorage.com/2294546694682927.mp4
carried-forward  754218934420510 c0  → https://dcfd27564ef899969db9a562c7e1945f.r2.cloudflarestorage.com/754218934420510.mp4
carried-forward  27801528832781036 c0  → https://pub-893b4a6a607b4221a894bf861da7914e.r2.dev/27801528832781036.jpg
image-pending    3729719003833435 c0  (HANDOVER §8.5 — image handling not yet built)
uploaded         1747805299993635 c0  (video) ← 1747805299993635.mp4  → https://dcfd27564ef899969db9a562c7e1945f.r2.cloudflarestorage.com/1747805299993635.mp4
video-missing    1747805299993635 c0  (expected file not found in facebook/videos/ewa-2026-06-17)
video-missing    1747805299993635 c0  (expected file not found in facebook/videos/ewa-2026-06-17)
video-missing    1747805299993635 c0  (expected file not found in facebook/videos/ewa-2026-06-17)
video-missing    1747805299993635 c0  (expected file not found in facebook/videos/ewa-2026-06-17)
video-missing    1747805299993635 c0  (expected file not found in facebook/videos/ewa-2026-06-17)
video-missing    1747805299993635 c0  (expected file not found in facebook/videos/ewa-2026-06-17)
video-missing    1747805299993635 c0  (expected file not found in facebook/videos/ewa-2026-06-17)
video-missing    1747805299993635 c0  (expected file not found in facebook/videos/ewa-2026-06-17)
image-pending    1007040438963941 c0  (HANDOVER §8.5 — image handling not yet built)
image-pending    1923391691709676 c0  (HANDOVER §8.5 — image handling not yet built)
image-pending    1923391691709676 c0  (HANDOVER §8.5 — image handling not yet built)
image-pending    1923391691709676 c0  (HANDOVER §8.5 — image handling not yet built)
carried-forward  2028889445179136 c0  → https://pub-893b4a6a607b4221a894bf861da7914e.r2.dev/2028889445179136.jpg
image-pending    2204247310417181 c0  (HANDOVER §8.5 — image handling not yet built)
carried-forward  986036844047097 c0  → https://dcfd27564ef899969db9a562c7e1945f.r2.cloudflarestorage.com/986036844047097.mp4
image-pending    2214268666002679 c0  (HANDOVER §8.5 — image handling not yet built)
image-pending    27010847055276437 c0  (HANDOVER §8.5 — image handling not yet built)
image-pending    27010847055276437 c0  (HANDOVER §8.5 — image handling not yet built)
image-pending    27010847055276437 c0  (HANDOVER §8.5 — image handling not yet built)
image-pending    27010847055276437 c0  (HANDOVER §8.5 — image handling not yet built)
image-pending    27010847055276437 c0  (HANDOVER §8.5 — image handling not yet built)
image-pending    27010847055276437 c0  (HANDOVER §8.5 — image handling not yet built)
image-pending    27010847055276437 c0  (HANDOVER §8.5 — image handling not yet built)
image-pending    27010847055276437 c0  (HANDOVER §8.5 — image handling not yet built)
image-pending    27010847055276437 c0  (HANDOVER §8.5 — image handling not yet built)
image-pending    27010847055276437 c0  (HANDOVER §8.5 — image handling not yet built)
image-pending    27010847055276437 c0  (HANDOVER §8.5 — image handling not yet built)
image-pending    27010847055276437 c0  (HANDOVER §8.5 — image handling not yet built)
image-pending    27010847055276437 c0  (HANDOVER §8.5 — image handling not yet built)
image-pending    27010847055276437 c0  (HANDOVER §8.5 — image handling not yet built)
image-pending    1334207508676778 c0  (HANDOVER §8.5 — image handling not yet built)
image-pending    1334207508676778 c0  (HANDOVER §8.5 — image handling not yet built)
image-pending    1334207508676778 c0  (HANDOVER §8.5 — image handling not yet built)
image-pending    859528583881140 c0  (HANDOVER §8.5 — image handling not yet built)
carried-forward  1673525496913003 c0  → https://dcfd27564ef899969db9a562c7e1945f.r2.cloudflarestorage.com/1673525496913003.mp4
carried-forward  1312728214291006 c0  → https://pub-893b4a6a607b4221a894bf861da7914e.r2.dev/1312728214291006.mp4
uploaded         27067295226298515 c0  (video) ← 27067295226298515.mp4  → https://dcfd27564ef899969db9a562c7e1945f.r2.cloudflarestorage.com/27067295226298515.mp4
image-pending    2056097978327356 c0  (HANDOVER §8.5 — image handling not yet built)
image-pending    2056097978327356 c0  (HANDOVER §8.5 — image handling not yet built)
image-pending    873825859113744 c0  (HANDOVER §8.5 — image handling not yet built)
image-pending    2739234903117394 c0  (HANDOVER §8.5 — image handling not yet built)
carried-forward  27514031338284589 c0  → https://dcfd27564ef899969db9a562c7e1945f.r2.cloudflarestorage.com/27514031338284589.mp4
uploaded         2131898461053837 c0  (video) ← 2131898461053837.mp4  → https://dcfd27564ef899969db9a562c7e1945f.r2.cloudflarestorage.com/2131898461053837.mp4
video-missing    2131898461053837 c0  (expected file not found in facebook/videos/ewa-2026-06-17)
video-missing    2131898461053837 c0  (expected file not found in facebook/videos/ewa-2026-06-17)
video-missing    2131898461053837 c0  (expected file not found in facebook/videos/ewa-2026-06-17)
video-missing    2131898461053837 c0  (expected file not found in facebook/videos/ewa-2026-06-17)
video-missing    2131898461053837 c0  (expected file not found in facebook/videos/ewa-2026-06-17)
carried-forward  1540645637710444 c0  → https://dcfd27564ef899969db9a562c7e1945f.r2.cloudflarestorage.com/1540645637710444.mp4
video-missing    1540645637710444 c0  (expected file not found in facebook/videos/ewa-2026-06-17)
video-missing    1540645637710444 c0  (expected file not found in facebook/videos/ewa-2026-06-17)
video-missing    1540645637710444 c0  (expected file not found in facebook/videos/ewa-2026-06-17)
video-missing    1540645637710444 c0  (expected file not found in facebook/videos/ewa-2026-06-17)
video-missing    1540645637710444 c0  (expected file not found in facebook/videos/ewa-2026-06-17)
video-missing    1540645637710444 c0  (expected file not found in facebook/videos/ewa-2026-06-17)
video-missing    1540645637710444 c0  (expected file not found in facebook/videos/ewa-2026-06-17)
video-missing    1540645637710444 c0  (expected file not found in facebook/videos/ewa-2026-06-17)
video-missing    1540645637710444 c0  (expected file not found in facebook/videos/ewa-2026-06-17)
video-missing    1540645637710444 c0  (expected file not found in facebook/videos/ewa-2026-06-17)
video-missing    1540645637710444 c0  (expected file not found in facebook/videos/ewa-2026-06-17)
video-missing    1540645637710444 c0  (expected file not found in facebook/videos/ewa-2026-06-17)
video-missing    1540645637710444 c0  (expected file not found in facebook/videos/ewa-2026-06-17)
video-missing    1540645637710444 c0  (expected file not found in facebook/videos/ewa-2026-06-17)
video-missing    1540645637710444 c0  (expected file not found in facebook/videos/ewa-2026-06-17)
video-missing    1540645637710444 c0  (expected file not found in facebook/videos/ewa-2026-06-17)
video-missing    1540645637710444 c0  (expected file not found in facebook/videos/ewa-2026-06-17)
video-missing    1540645637710444 c0  (expected file not found in facebook/videos/ewa-2026-06-17)
carried-forward  1570510501266687 c0  → https://dcfd27564ef899969db9a562c7e1945f.r2.cloudflarestorage.com/1570510501266687.mp4
image-pending    1403838645124997 c0  (HANDOVER §8.5 — image handling not yet built)
carried-forward  1042606721531591 c0  → https://dcfd27564ef899969db9a562c7e1945f.r2.cloudflarestorage.com/1042606721531591.mp4
carried-forward  2523893751387360 c0  → https://dcfd27564ef899969db9a562c7e1945f.r2.cloudflarestorage.com/2523893751387360.mp4
video-missing    2523893751387360 c0  (expected file not found in facebook/videos/ewa-2026-06-17)
uploaded         1377865117495607 c0  (video) ← 1377865117495607.mp4  → https://dcfd27564ef899969db9a562c7e1945f.r2.cloudflarestorage.com/1377865117495607.mp4
image-pending    3409555125891467 c0  (HANDOVER §8.5 — image handling not yet built)
image-pending    1534656998321901 c0  (HANDOVER §8.5 — image handling not yet built)
image-pending    27467687036181809 c0  (HANDOVER §8.5 — image handling not yet built)
uploaded         1488110269763393 c0  (video) ← 1488110269763393.mp4  → https://dcfd27564ef899969db9a562c7e1945f.r2.cloudflarestorage.com/1488110269763393.mp4
carried-forward  1377638564277315 c0  → https://dcfd27564ef899969db9a562c7e1945f.r2.cloudflarestorage.com/1377638564277315.mp4
video-missing    1377638564277315 c0  (expected file not found in facebook/videos/ewa-2026-06-17)
video-missing    1377638564277315 c0  (expected file not found in facebook/videos/ewa-2026-06-17)
carried-forward  1432908582214800 c0  → https://pub-893b4a6a607b4221a894bf861da7914e.r2.dev/1432908582214800.jpg
image-pending    1042894058310970 c0  (HANDOVER §8.5 — image handling not yet built)
carried-forward  1656101715671185 c0  → https://dcfd27564ef899969db9a562c7e1945f.r2.cloudflarestorage.com/1656101715671185.mp4
video-missing    1656101715671185 c0  (expected file not found in facebook/videos/ewa-2026-06-17)
image-pending    2063981251140497 c0  (HANDOVER §8.5 — image handling not yet built)
carried-forward  730348693506233 c0  → https://dcfd27564ef899969db9a562c7e1945f.r2.cloudflarestorage.com/730348693506233.mp4
image-pending    1014876094322934 c0  (HANDOVER §8.5 — image handling not yet built)
image-pending    1014876094322934 c0  (HANDOVER §8.5 — image handling not yet built)
image-pending    1014876094322934 c0  (HANDOVER §8.5 — image handling not yet built)
image-pending    1014876094322934 c0  (HANDOVER §8.5 — image handling not yet built)
carried-forward  1273075738242673 c0  → https://dcfd27564ef899969db9a562c7e1945f.r2.cloudflarestorage.com/1273075738242673.mp4
carried-forward  1645262467610052 c0  → https://pub-893b4a6a607b4221a894bf861da7914e.r2.dev/1645262467610052.jpg
uploaded         1578542210276736 c0  (video) ← 1578542210276736.mp4  → https://dcfd27564ef899969db9a562c7e1945f.r2.cloudflarestorage.com/1578542210276736.mp4
video-missing    1578542210276736 c0  (expected file not found in facebook/videos/ewa-2026-06-17)
image-pending    1533694345094861 c0  (HANDOVER §8.5 — image handling not yet built)
image-pending    1533694345094861 c0  (HANDOVER §8.5 — image handling not yet built)
image-pending    1533694345094861 c0  (HANDOVER §8.5 — image handling not yet built)
image-pending    1533694345094861 c0  (HANDOVER §8.5 — image handling not yet built)
image-pending    1533694345094861 c0  (HANDOVER §8.5 — image handling not yet built)
image-pending    1533694345094861 c0  (HANDOVER §8.5 — image handling not yet built)
video-missing    2158745832188363 c0  (expected file not found in facebook/videos/ewa-2026-06-17)
carried-forward  1046851381062328 c0  → https://dcfd27564ef899969db9a562c7e1945f.r2.cloudflarestorage.com/1046851381062328.mp4
carried-forward  1653430012595005 c0  → https://dcfd27564ef899969db9a562c7e1945f.r2.cloudflarestorage.com/1653430012595005.mp4
video-missing    1653430012595005 c0  (expected file not found in facebook/videos/ewa-2026-06-17)
image-pending    970430315599032 c0  (HANDOVER §8.5 — image handling not yet built)
image-pending    970430315599032 c0  (HANDOVER §8.5 — image handling not yet built)
image-pending    970430315599032 c0  (HANDOVER §8.5 — image handling not yet built)
image-pending    2535041313610551 c0  (HANDOVER §8.5 — image handling not yet built)
image-pending    2535041313610551 c0  (HANDOVER §8.5 — image handling not yet built)
image-pending    2535041313610551 c0  (HANDOVER §8.5 — image handling not yet built)
image-pending    2535041313610551 c0  (HANDOVER §8.5 — image handling not yet built)
carried-forward  2117618015450101 c0  → https://dcfd27564ef899969db9a562c7e1945f.r2.cloudflarestorage.com/2117618015450101.mp4
carried-forward  997733683008034 c0  → https://dcfd27564ef899969db9a562c7e1945f.r2.cloudflarestorage.com/997733683008034.mp4
image-pending    1797807354963465 c0  (HANDOVER §8.5 — image handling not yet built)
image-pending    1797807354963465 c0  (HANDOVER §8.5 — image handling not yet built)
uploaded         1376689241193242 c0  (video) ← 1376689241193242.mp4  → https://dcfd27564ef899969db9a562c7e1945f.r2.cloudflarestorage.com/1376689241193242.mp4
image-pending    977992938150535 c0  (HANDOVER §8.5 — image handling not yet built)
carried-forward  1976917656530001 c0  → https://dcfd27564ef899969db9a562c7e1945f.r2.cloudflarestorage.com/1976917656530001.mp4
image-pending    1723021235402412 c0  (HANDOVER §8.5 — image handling not yet built)
carried-forward  1516249733214884 c0  → https://pub-893b4a6a607b4221a894bf861da7914e.r2.dev/1516249733214884.jpg
image-pending    1516249733214884 c0  (HANDOVER §8.5 — image handling not yet built)
carried-forward  1395778242378476 c0  → https://dcfd27564ef899969db9a562c7e1945f.r2.cloudflarestorage.com/1395778242378476.mp4
video-missing    1395778242378476 c0  (expected file not found in facebook/videos/ewa-2026-06-17)
video-missing    1395778242378476 c0  (expected file not found in facebook/videos/ewa-2026-06-17)
video-missing    1395778242378476 c0  (expected file not found in facebook/videos/ewa-2026-06-17)
video-missing    1395778242378476 c0  (expected file not found in facebook/videos/ewa-2026-06-17)
video-missing    1395778242378476 c0  (expected file not found in facebook/videos/ewa-2026-06-17)
uploaded         883726484089085 c0  (video) ← 883726484089085.mp4  → https://dcfd27564ef899969db9a562c7e1945f.r2.cloudflarestorage.com/883726484089085.mp4
carried-forward  1887587215267853 c0  → https://dcfd27564ef899969db9a562c7e1945f.r2.cloudflarestorage.com/1887587215267853.mp4
image-pending    1645269690109538 c0  (HANDOVER §8.5 — image handling not yet built)
image-pending    1760434718446759 c0  (HANDOVER §8.5 — image handling not yet built)
carried-forward  1014101814492646 c0  → https://dcfd27564ef899969db9a562c7e1945f.r2.cloudflarestorage.com/1014101814492646.mp4
image-pending    1560395862312214 c0  (HANDOVER §8.5 — image handling not yet built)
image-pending    2484357125373204 c0  (HANDOVER §8.5 — image handling not yet built)
carried-forward  1326696246067130 c0  → https://dcfd27564ef899969db9a562c7e1945f.r2.cloudflarestorage.com/1326696246067130.mp4
image-pending    1799704951000626 c0  (HANDOVER §8.5 — image handling not yet built)
image-pending    1799704951000626 c0  (HANDOVER §8.5 — image handling not yet built)
image-pending    1799704951000626 c0  (HANDOVER §8.5 — image handling not yet built)
image-pending    1018161117412782 c0  (HANDOVER §8.5 — image handling not yet built)
carried-forward  1504984604550012 c0  → https://dcfd27564ef899969db9a562c7e1945f.r2.cloudflarestorage.com/1504984604550012.mp4
image-pending    2140966813136877 c0  (HANDOVER §8.5 — image handling not yet built)
image-pending    2140966813136877 c0  (HANDOVER §8.5 — image handling not yet built)
image-pending    2140966813136877 c0  (HANDOVER §8.5 — image handling not yet built)
image-pending    2140966813136877 c0  (HANDOVER §8.5 — image handling not yet built)
image-pending    2140966813136877 c0  (HANDOVER §8.5 — image handling not yet built)
image-pending    2140966813136877 c0  (HANDOVER §8.5 — image handling not yet built)
image-pending    2140966813136877 c0  (HANDOVER §8.5 — image handling not yet built)
image-pending    2140966813136877 c0  (HANDOVER §8.5 — image handling not yet built)
image-pending    2140966813136877 c0  (HANDOVER §8.5 — image handling not yet built)
uploaded         1029382536437840 c0  (video) ← 1029382536437840.mp4  → https://dcfd27564ef899969db9a562c7e1945f.r2.cloudflarestorage.com/1029382536437840.mp4
video-missing    1029382536437840 c0  (expected file not found in facebook/videos/ewa-2026-06-17)
video-missing    1029382536437840 c0  (expected file not found in facebook/videos/ewa-2026-06-17)
carried-forward  974967512077024 c0  → https://dcfd27564ef899969db9a562c7e1945f.r2.cloudflarestorage.com/974967512077024.mp4
video-missing    974967512077024 c0  (expected file not found in facebook/videos/ewa-2026-06-17)
video-missing    974967512077024 c0  (expected file not found in facebook/videos/ewa-2026-06-17)
carried-forward  976591738323980 c0  → https://dcfd27564ef899969db9a562c7e1945f.r2.cloudflarestorage.com/976591738323980.mp4
carried-forward  2174746829978204 c0  → https://pub-893b4a6a607b4221a894bf861da7914e.r2.dev/2174746829978204.mp4
image-pending    907188799066616 c0  (HANDOVER §8.5 — image handling not yet built)
image-pending    907188799066616 c0  (HANDOVER §8.5 — image handling not yet built)
image-pending    907188799066616 c0  (HANDOVER §8.5 — image handling not yet built)
image-pending    907188799066616 c0  (HANDOVER §8.5 — image handling not yet built)
image-pending    907188799066616 c0  (HANDOVER §8.5 — image handling not yet built)
image-pending    907188799066616 c0  (HANDOVER §8.5 — image handling not yet built)
image-pending    907188799066616 c0  (HANDOVER §8.5 — image handling not yet built)
image-pending    907188799066616 c0  (HANDOVER §8.5 — image handling not yet built)
image-pending    907188799066616 c0  (HANDOVER §8.5 — image handling not yet built)
image-pending    1373694944578327 c0  (HANDOVER §8.5 — image handling not yet built)
uploaded         2038061226795862 c0  (video) ← 2038061226795862.mp4  → https://dcfd27564ef899969db9a562c7e1945f.r2.cloudflarestorage.com/2038061226795862.mp4
carried-forward  2361990184323233 c0  → https://dcfd27564ef899969db9a562c7e1945f.r2.cloudflarestorage.com/2361990184323233.mp4
video-missing    2361990184323233 c0  (expected file not found in facebook/videos/ewa-2026-06-17)
image-pending    1011516221244824 c0  (HANDOVER §8.5 — image handling not yet built)
image-pending    1052797700404118 c0  (HANDOVER §8.5 — image handling not yet built)
image-pending    1717047592635193 c0  (HANDOVER §8.5 — image handling not yet built)
carried-forward  1018092860901505 c0  → https://pub-893b4a6a607b4221a894bf861da7914e.r2.dev/1018092860901505.mp4
carried-forward  891512257296405 c0  → https://pub-893b4a6a607b4221a894bf861da7914e.r2.dev/891512257296405.jpg
image-pending    891512257296405 c0  (HANDOVER §8.5 — image handling not yet built)
carried-forward  2137647430144159 c0  → https://dcfd27564ef899969db9a562c7e1945f.r2.cloudflarestorage.com/2137647430144159.mp4
video-missing    2137647430144159 c0  (expected file not found in facebook/videos/ewa-2026-06-17)
video-missing    2137647430144159 c0  (expected file not found in facebook/videos/ewa-2026-06-17)
video-missing    2137647430144159 c0  (expected file not found in facebook/videos/ewa-2026-06-17)
video-missing    2137647430144159 c0  (expected file not found in facebook/videos/ewa-2026-06-17)
video-missing    2137647430144159 c0  (expected file not found in facebook/videos/ewa-2026-06-17)
video-missing    2137647430144159 c0  (expected file not found in facebook/videos/ewa-2026-06-17)
video-missing    2137647430144159 c0  (expected file not found in facebook/videos/ewa-2026-06-17)
video-missing    2137647430144159 c0  (expected file not found in facebook/videos/ewa-2026-06-17)
video-missing    2137647430144159 c0  (expected file not found in facebook/videos/ewa-2026-06-17)
video-missing    2137647430144159 c0  (expected file not found in facebook/videos/ewa-2026-06-17)
video-missing    2137647430144159 c0  (expected file not found in facebook/videos/ewa-2026-06-17)
video-missing    2137647430144159 c0  (expected file not found in facebook/videos/ewa-2026-06-17)
video-missing    2137647430144159 c0  (expected file not found in facebook/videos/ewa-2026-06-17)
video-missing    2137647430144159 c0  (expected file not found in facebook/videos/ewa-2026-06-17)
carried-forward  1478728220253869 c0  → https://pub-893b4a6a607b4221a894bf861da7914e.r2.dev/1478728220253869.jpg
image-pending    1478728220253869 c0  (HANDOVER §8.5 — image handling not yet built)
image-pending    1478728220253869 c0  (HANDOVER §8.5 — image handling not yet built)
carried-forward  5368423430048793 c0  → https://pub-893b4a6a607b4221a894bf861da7914e.r2.dev/5368423430048793.mp4
carried-forward  744044915431965 c0  → https://dcfd27564ef899969db9a562c7e1945f.r2.cloudflarestorage.com/744044915431965.mp4
carried-forward  2162852624562953 c0  → https://dcfd27564ef899969db9a562c7e1945f.r2.cloudflarestorage.com/2162852624562953.mp4
image-pending    992698830029882 c0  (HANDOVER §8.5 — image handling not yet built)
image-pending    992698830029882 c0  (HANDOVER §8.5 — image handling not yet built)
uploaded         2441777692909884 c0  (video) ← 2441777692909884.mp4  → https://dcfd27564ef899969db9a562c7e1945f.r2.cloudflarestorage.com/2441777692909884.mp4
video-missing    2441777692909884 c0  (expected file not found in facebook/videos/ewa-2026-06-17)
carried-forward  1543804310425504 c0  → https://dcfd27564ef899969db9a562c7e1945f.r2.cloudflarestorage.com/1543804310425504.mp4
video-missing    1543804310425504 c0  (expected file not found in facebook/videos/ewa-2026-06-17)
carried-forward  3945329628930257 c0  → https://pub-893b4a6a607b4221a894bf861da7914e.r2.dev/3945329628930257.jpg
image-pending    3945329628930257 c0  (HANDOVER §8.5 — image handling not yet built)
uploaded         4545264899092349 c0  (video) ← 4545264899092349.mp4  → https://dcfd27564ef899969db9a562c7e1945f.r2.cloudflarestorage.com/4545264899092349.mp4
carried-forward  1180146724242480 c0  → https://dcfd27564ef899969db9a562c7e1945f.r2.cloudflarestorage.com/1180146724242480.mp4
carried-forward  2025588438038790 c0  → https://dcfd27564ef899969db9a562c7e1945f.r2.cloudflarestorage.com/2025588438038790.mp4
carried-forward  965979529598466 c0  → https://dcfd27564ef899969db9a562c7e1945f.r2.cloudflarestorage.com/965979529598466.mp4
video-missing    965979529598466 c0  (expected file not found in facebook/videos/ewa-2026-06-17)
carried-forward  1512698546933266 c0  → https://pub-893b4a6a607b4221a894bf861da7914e.r2.dev/1512698546933266.jpg
carried-forward  1341037370733226 c0  → https://dcfd27564ef899969db9a562c7e1945f.r2.cloudflarestorage.com/1341037370733226.mp4
carried-forward  2226824174721137 c0  → https://dcfd27564ef899969db9a562c7e1945f.r2.cloudflarestorage.com/2226824174721137.mp4
video-missing    2226824174721137 c0  (expected file not found in facebook/videos/ewa-2026-06-17)
image-pending    1765876464452906 c0  (HANDOVER §8.5 — image handling not yet built)
uploaded         920214747746598 c0  (video) ← 920214747746598.mp4  → https://dcfd27564ef899969db9a562c7e1945f.r2.cloudflarestorage.com/920214747746598.mp4
image-pending    1489425955840602 c0  (HANDOVER §8.5 — image handling not yet built)
image-pending    1489425955840602 c0  (HANDOVER §8.5 — image handling not yet built)
carried-forward  2123467998210149 c0  → https://pub-893b4a6a607b4221a894bf861da7914e.r2.dev/2123467998210149.jpg
image-pending    1633855571230916 c0  (HANDOVER §8.5 — image handling not yet built)
image-pending    1567910908165593 c0  (HANDOVER §8.5 — image handling not yet built)
video-missing    1523935029270536 c0  (expected file not found in facebook/videos/ewa-2026-06-17)
image-pending    970604935736085 c0  (HANDOVER §8.5 — image handling not yet built)
carried-forward  1246752857337425 c0  → https://dcfd27564ef899969db9a562c7e1945f.r2.cloudflarestorage.com/1246752857337425.mp4
video-missing    1246752857337425 c0  (expected file not found in facebook/videos/ewa-2026-06-17)
video-missing    1246752857337425 c0  (expected file not found in facebook/videos/ewa-2026-06-17)
video-missing    1246752857337425 c0  (expected file not found in facebook/videos/ewa-2026-06-17)
image-pending    1458955189367465 c0  (HANDOVER §8.5 — image handling not yet built)
carried-forward  1332560905481862 c0  → https://dcfd27564ef899969db9a562c7e1945f.r2.cloudflarestorage.com/1332560905481862.mp4
image-pending    1345006721059497 c0  (HANDOVER §8.5 — image handling not yet built)
carried-forward  1272230288325634 c0  → https://dcfd27564ef899969db9a562c7e1945f.r2.cloudflarestorage.com/1272230288325634.mp4
video-missing    1272230288325634 c0  (expected file not found in facebook/videos/ewa-2026-06-17)
image-pending    1375107474508927 c0  (HANDOVER §8.5 — image handling not yet built)
image-pending    4408083529403945 c0  (HANDOVER §8.5 — image handling not yet built)
image-pending    4408083529403945 c0  (HANDOVER §8.5 — image handling not yet built)
image-pending    2887258401444365 c0  (HANDOVER §8.5 — image handling not yet built)
image-pending    2887258401444365 c0  (HANDOVER §8.5 — image handling not yet built)
image-pending    2887258401444365 c0  (HANDOVER §8.5 — image handling not yet built)
image-pending    1291257466370242 c0  (HANDOVER §8.5 — image handling not yet built)
uploaded         991062327167177 c0  (video) ← 991062327167177.mp4  → https://dcfd27564ef899969db9a562c7e1945f.r2.cloudflarestorage.com/991062327167177.mp4
video-missing    991062327167177 c0  (expected file not found in facebook/videos/ewa-2026-06-17)
video-missing    991062327167177 c0  (expected file not found in facebook/videos/ewa-2026-06-17)
video-missing    991062327167177 c0  (expected file not found in facebook/videos/ewa-2026-06-17)
video-missing    991062327167177 c0  (expected file not found in facebook/videos/ewa-2026-06-17)
video-missing    991062327167177 c0  (expected file not found in facebook/videos/ewa-2026-06-17)
video-missing    991062327167177 c0  (expected file not found in facebook/videos/ewa-2026-06-17)
video-missing    991062327167177 c0  (expected file not found in facebook/videos/ewa-2026-06-17)
video-missing    991062327167177 c0  (expected file not found in facebook/videos/ewa-2026-06-17)
video-missing    991062327167177 c0  (expected file not found in facebook/videos/ewa-2026-06-17)
video-missing    991062327167177 c0  (expected file not found in facebook/videos/ewa-2026-06-17)
video-missing    991062327167177 c0  (expected file not found in facebook/videos/ewa-2026-06-17)
image-pending    1609380840983938 c0  (HANDOVER §8.5 — image handling not yet built)
image-pending    1609380840983938 c0  (HANDOVER §8.5 — image handling not yet built)
image-pending    1609380840983938 c0  (HANDOVER §8.5 — image handling not yet built)
image-pending    1609380840983938 c0  (HANDOVER §8.5 — image handling not yet built)
image-pending    1609380840983938 c0  (HANDOVER §8.5 — image handling not yet built)
image-pending    1609380840983938 c0  (HANDOVER §8.5 — image handling not yet built)
image-pending    1609380840983938 c0  (HANDOVER §8.5 — image handling not yet built)
image-pending    1609380840983938 c0  (HANDOVER §8.5 — image handling not yet built)
image-pending    1609380840983938 c0  (HANDOVER §8.5 — image handling not yet built)
image-pending    1609380840983938 c0  (HANDOVER §8.5 — image handling not yet built)
image-pending    1609380840983938 c0  (HANDOVER §8.5 — image handling not yet built)
image-pending    1609380840983938 c0  (HANDOVER §8.5 — image handling not yet built)
image-pending    1609380840983938 c0  (HANDOVER §8.5 — image handling not yet built)
image-pending    1609380840983938 c0  (HANDOVER §8.5 — image handling not yet built)
image-pending    1609380840983938 c0  (HANDOVER §8.5 — image handling not yet built)
carried-forward  27957615173840900 c0  → https://pub-893b4a6a607b4221a894bf861da7914e.r2.dev/27957615173840900.jpg
uploaded         1543028590703967 c0  (video) ← 1543028590703967.mp4  → https://dcfd27564ef899969db9a562c7e1945f.r2.cloudflarestorage.com/1543028590703967.mp4
image-pending    952129104482238 c0  (HANDOVER §8.5 — image handling not yet built)
image-pending    1341434588092536 c0  (HANDOVER §8.5 — image handling not yet built)
carried-forward  995689696411499 c0  → https://dcfd27564ef899969db9a562c7e1945f.r2.cloudflarestorage.com/995689696411499.mp4
uploaded         1386278276660123 c0  (video) ← 1386278276660123.mp4  → https://dcfd27564ef899969db9a562c7e1945f.r2.cloudflarestorage.com/1386278276660123.mp4
image-pending    1792295418808176 c0  (HANDOVER §8.5 — image handling not yet built)
uploaded         1005308035217638 c0  (video) ← 1005308035217638.mp4  → https://dcfd27564ef899969db9a562c7e1945f.r2.cloudflarestorage.com/1005308035217638.mp4
video-missing    1005308035217638 c0  (expected file not found in facebook/videos/ewa-2026-06-17)
video-missing    1005308035217638 c0  (expected file not found in facebook/videos/ewa-2026-06-17)
video-missing    1005308035217638 c0  (expected file not found in facebook/videos/ewa-2026-06-17)
video-missing    1005308035217638 c0  (expected file not found in facebook/videos/ewa-2026-06-17)
video-missing    1005308035217638 c0  (expected file not found in facebook/videos/ewa-2026-06-17)
carried-forward  1322528843395266 c0  → https://dcfd27564ef899969db9a562c7e1945f.r2.cloudflarestorage.com/1322528843395266.mp4
carried-forward  2082255376506794 c0  → https://dcfd27564ef899969db9a562c7e1945f.r2.cloudflarestorage.com/2082255376506794.mp4
video-missing    2082255376506794 c0  (expected file not found in facebook/videos/ewa-2026-06-17)
video-missing    2082255376506794 c0  (expected file not found in facebook/videos/ewa-2026-06-17)
video-missing    2082255376506794 c0  (expected file not found in facebook/videos/ewa-2026-06-17)
video-missing    2082255376506794 c0  (expected file not found in facebook/videos/ewa-2026-06-17)
video-missing    2082255376506794 c0  (expected file not found in facebook/videos/ewa-2026-06-17)
video-missing    2082255376506794 c0  (expected file not found in facebook/videos/ewa-2026-06-17)
image-pending    1376064737713639 c0  (HANDOVER §8.5 — image handling not yet built)
carried-forward  4321156288143589 c0  → https://dcfd27564ef899969db9a562c7e1945f.r2.cloudflarestorage.com/4321156288143589.mp4
carried-forward  1717201396101258 c0  → https://dcfd27564ef899969db9a562c7e1945f.r2.cloudflarestorage.com/1717201396101258.mp4
image-pending    1750071442826207 c0  (HANDOVER §8.5 — image handling not yet built)
image-pending    2215013939311206 c0  (HANDOVER §8.5 — image handling not yet built)
carried-forward  1714204833158845 c0  → https://dcfd27564ef899969db9a562c7e1945f.r2.cloudflarestorage.com/1714204833158845.mp4
video-missing    1714204833158845 c0  (expected file not found in facebook/videos/ewa-2026-06-17)
video-missing    1714204833158845 c0  (expected file not found in facebook/videos/ewa-2026-06-17)
uploaded         1706812917169842 c0  (video) ← 1706812917169842.mp4  → https://dcfd27564ef899969db9a562c7e1945f.r2.cloudflarestorage.com/1706812917169842.mp4
carried-forward  1241884417869180 c0  → https://dcfd27564ef899969db9a562c7e1945f.r2.cloudflarestorage.com/1241884417869180.mp4
uploaded         1199145968962965 c0  (video) ← 1199145968962965.mp4  → https://dcfd27564ef899969db9a562c7e1945f.r2.cloudflarestorage.com/1199145968962965.mp4
carried-forward  756343627537081 c0  → https://dcfd27564ef899969db9a562c7e1945f.r2.cloudflarestorage.com/756343627537081.mp4
video-missing    756343627537081 c0  (expected file not found in facebook/videos/ewa-2026-06-17)
carried-forward  1060813686280373 c0  → https://dcfd27564ef899969db9a562c7e1945f.r2.cloudflarestorage.com/1060813686280373.mp4
video-missing    1060813686280373 c0  (expected file not found in facebook/videos/ewa-2026-06-17)
video-missing    1060813686280373 c0  (expected file not found in facebook/videos/ewa-2026-06-17)
carried-forward  1030961579504095 c0  → https://dcfd27564ef899969db9a562c7e1945f.r2.cloudflarestorage.com/1030961579504095.mp4
video-missing    1030961579504095 c0  (expected file not found in facebook/videos/ewa-2026-06-17)
video-missing    1030961579504095 c0  (expected file not found in facebook/videos/ewa-2026-06-17)
video-missing    1030961579504095 c0  (expected file not found in facebook/videos/ewa-2026-06-17)
carried-forward  1664341411566025 c0  → https://dcfd27564ef899969db9a562c7e1945f.r2.cloudflarestorage.com/1664341411566025.mp4
uploaded         3927698044198582 c0  (video) ← 3927698044198582.mp4  → https://dcfd27564ef899969db9a562c7e1945f.r2.cloudflarestorage.com/3927698044198582.mp4
carried-forward  856853157042985 c0  → https://dcfd27564ef899969db9a562c7e1945f.r2.cloudflarestorage.com/856853157042985.mp4
video-missing    856853157042985 c0  (expected file not found in facebook/videos/ewa-2026-06-17)
video-missing    856853157042985 c0  (expected file not found in facebook/videos/ewa-2026-06-17)
uploaded         1329700925986526 c0  (video) ← 1329700925986526.mp4  → https://dcfd27564ef899969db9a562c7e1945f.r2.cloudflarestorage.com/1329700925986526.mp4
image-pending    1040043138359248 c0  (HANDOVER §8.5 — image handling not yet built)
carried-forward  1000398176056692 c0  → https://dcfd27564ef899969db9a562c7e1945f.r2.cloudflarestorage.com/1000398176056692.mp4
image-pending    1686062029108995 c0  (HANDOVER §8.5 — image handling not yet built)
image-pending    1686062029108995 c0  (HANDOVER §8.5 — image handling not yet built)
image-pending    1686062029108995 c0  (HANDOVER §8.5 — image handling not yet built)
carried-forward  1327276176016268 c0  → https://dcfd27564ef899969db9a562c7e1945f.r2.cloudflarestorage.com/1327276176016268.mp4
video-missing    1301712052122831 c0  (expected file not found in facebook/videos/ewa-2026-06-17)
image-pending    1015595294319850 c0  (HANDOVER §8.5 — image handling not yet built)
image-pending    1227759459343688 c0  (HANDOVER §8.5 — image handling not yet built)
carried-forward  1982219359100665 c0  → https://dcfd27564ef899969db9a562c7e1945f.r2.cloudflarestorage.com/1982219359100665.mp4
video-missing    1982219359100665 c0  (expected file not found in facebook/videos/ewa-2026-06-17)
video-missing    1982219359100665 c0  (expected file not found in facebook/videos/ewa-2026-06-17)
carried-forward  961198833463937 c0  → https://dcfd27564ef899969db9a562c7e1945f.r2.cloudflarestorage.com/961198833463937.mp4
carried-forward  846508321853410 c0  → https://pub-893b4a6a607b4221a894bf861da7914e.r2.dev/846508321853410.mp4
image-pending    1672523423866805 c0  (HANDOVER §8.5 — image handling not yet built)
image-pending    1672523423866805 c0  (HANDOVER §8.5 — image handling not yet built)
image-pending    1672523423866805 c0  (HANDOVER §8.5 — image handling not yet built)
image-pending    1672523423866805 c0  (HANDOVER §8.5 — image handling not yet built)
image-pending    1672523423866805 c0  (HANDOVER §8.5 — image handling not yet built)
image-pending    1672523423866805 c0  (HANDOVER §8.5 — image handling not yet built)
image-pending    1672523423866805 c0  (HANDOVER §8.5 — image handling not yet built)
image-pending    1672523423866805 c0  (HANDOVER §8.5 — image handling not yet built)
image-pending    1672523423866805 c0  (HANDOVER §8.5 — image handling not yet built)
image-pending    1632466121159788 c0  (HANDOVER §8.5 — image handling not yet built)
carried-forward  2362134817604995 c0  → https://dcfd27564ef899969db9a562c7e1945f.r2.cloudflarestorage.com/2362134817604995.mp4
uploaded         1395304462428077 c0  (video) ← 1395304462428077.mp4  → https://dcfd27564ef899969db9a562c7e1945f.r2.cloudflarestorage.com/1395304462428077.mp4
carried-forward  2298034494062994 c0  → https://dcfd27564ef899969db9a562c7e1945f.r2.cloudflarestorage.com/2298034494062994.mp4
image-pending    1321952639380633 c0  (HANDOVER §8.5 — image handling not yet built)
image-pending    1321952639380633 c0  (HANDOVER §8.5 — image handling not yet built)
image-pending    1321952639380633 c0  (HANDOVER §8.5 — image handling not yet built)
image-pending    1321952639380633 c0  (HANDOVER §8.5 — image handling not yet built)
image-pending    1321952639380633 c0  (HANDOVER §8.5 — image handling not yet built)
image-pending    1321952639380633 c0  (HANDOVER §8.5 — image handling not yet built)
image-pending    1321952639380633 c0  (HANDOVER §8.5 — image handling not yet built)
image-pending    1321952639380633 c0  (HANDOVER §8.5 — image handling not yet built)
image-pending    1519373482894505 c0  (HANDOVER §8.5 — image handling not yet built)
image-pending    1552929999676631 c0  (HANDOVER §8.5 — image handling not yet built)
uploaded         2795613607470752 c0  (video) ← 2795613607470752.mp4  → https://dcfd27564ef899969db9a562c7e1945f.r2.cloudflarestorage.com/2795613607470752.mp4
video-missing    2795613607470752 c0  (expected file not found in facebook/videos/ewa-2026-06-17)
image-pending    2442272112919716 c0  (HANDOVER §8.5 — image handling not yet built)
carried-forward  1518450716536389 c0  → https://dcfd27564ef899969db9a562c7e1945f.r2.cloudflarestorage.com/1518450716536389.mp4
carried-forward  1005533612158224 c0  → https://pub-893b4a6a607b4221a894bf861da7914e.r2.dev/1005533612158224.mp4
uploaded         2121355912126277 c0  (video) ← 2121355912126277.mp4  → https://dcfd27564ef899969db9a562c7e1945f.r2.cloudflarestorage.com/2121355912126277.mp4
image-pending    2477439519366028 c0  (HANDOVER §8.5 — image handling not yet built)
carried-forward  969013832572630 c0  → https://dcfd27564ef899969db9a562c7e1945f.r2.cloudflarestorage.com/969013832572630.mp4
carried-forward  1333013442307846 c0  → https://dcfd27564ef899969db9a562c7e1945f.r2.cloudflarestorage.com/1333013442307846.mp4
image-pending    1251069440246915 c0  (HANDOVER §8.5 — image handling not yet built)
uploaded         1522435348966135 c0  (video) ← 1522435348966135.mp4  → https://dcfd27564ef899969db9a562c7e1945f.r2.cloudflarestorage.com/1522435348966135.mp4
image-pending    1532951201604251 c0  (HANDOVER §8.5 — image handling not yet built)
image-pending    1655254435805340 c0  (HANDOVER §8.5 — image handling not yet built)
image-pending    2179038019610218 c0  (HANDOVER §8.5 — image handling not yet built)
carried-forward  1705300777281697 c0  → https://dcfd27564ef899969db9a562c7e1945f.r2.cloudflarestorage.com/1705300777281697.mp4
video-missing    1705300777281697 c0  (expected file not found in facebook/videos/ewa-2026-06-17)
video-missing    1705300777281697 c0  (expected file not found in facebook/videos/ewa-2026-06-17)
image-pending    1727329291607015 c0  (HANDOVER §8.5 — image handling not yet built)
image-pending    1023441210254735 c0  (HANDOVER §8.5 — image handling not yet built)
image-pending    1023441210254735 c0  (HANDOVER §8.5 — image handling not yet built)
image-pending    1773446680488050 c0  (HANDOVER §8.5 — image handling not yet built)
carried-forward  2014493859455990 c0  → https://dcfd27564ef899969db9a562c7e1945f.r2.cloudflarestorage.com/2014493859455990.mp4
video-missing    2014493859455990 c0  (expected file not found in facebook/videos/ewa-2026-06-17)
video-missing    2014493859455990 c0  (expected file not found in facebook/videos/ewa-2026-06-17)
carried-forward  3189721991212980 c0  → https://pub-893b4a6a607b4221a894bf861da7914e.r2.dev/3189721991212980.mp4
image-pending    2171240267004711 c0  (HANDOVER §8.5 — image handling not yet built)
video-missing    27202729049369297 c0  (expected file not found in facebook/videos/ewa-2026-06-17)
carried-forward  983227384111623 c0  → https://pub-893b4a6a607b4221a894bf861da7914e.r2.dev/983227384111623.jpg
image-pending    983227384111623 c0  (HANDOVER §8.5 — image handling not yet built)
carried-forward  973025135541319 c0  → https://dcfd27564ef899969db9a562c7e1945f.r2.cloudflarestorage.com/973025135541319.mp4
uploaded         1050363787321453 c0  (video) ← 1050363787321453.mp4  → https://dcfd27564ef899969db9a562c7e1945f.r2.cloudflarestorage.com/1050363787321453.mp4
video-missing    1050363787321453 c0  (expected file not found in facebook/videos/ewa-2026-06-17)
image-pending    1462290062336272 c0  (HANDOVER §8.5 — image handling not yet built)
image-pending    1462290062336272 c0  (HANDOVER §8.5 — image handling not yet built)
video-missing    1345159737754303 c0  (expected file not found in facebook/videos/ewa-2026-06-17)
image-pending    1629321532533784 c0  (HANDOVER §8.5 — image handling not yet built)
uploaded         1313728637549010 c0  (video) ← 1313728637549010.mp4  → https://dcfd27564ef899969db9a562c7e1945f.r2.cloudflarestorage.com/1313728637549010.mp4
carried-forward  1188325637687447 c0  → https://pub-893b4a6a607b4221a894bf861da7914e.r2.dev/1188325637687447.jpg
image-pending    27090958787237694 c0  (HANDOVER §8.5 — image handling not yet built)
image-pending    27090958787237694 c0  (HANDOVER §8.5 — image handling not yet built)
image-pending    27090958787237694 c0  (HANDOVER §8.5 — image handling not yet built)
image-pending    978862874780511 c0  (HANDOVER §8.5 — image handling not yet built)
image-pending    978862874780511 c0  (HANDOVER §8.5 — image handling not yet built)
image-pending    870027658867495 c0  (HANDOVER §8.5 — image handling not yet built)
carried-forward  27111793371810192 c0  → https://dcfd27564ef899969db9a562c7e1945f.r2.cloudflarestorage.com/27111793371810192.mp4
video-missing    27111793371810192 c0  (expected file not found in facebook/videos/ewa-2026-06-17)
video-missing    27111793371810192 c0  (expected file not found in facebook/videos/ewa-2026-06-17)
carried-forward  1627728658286343 c0  → https://pub-893b4a6a607b4221a894bf861da7914e.r2.dev/1627728658286343.jpg
image-pending    985693170898476 c0  (HANDOVER §8.5 — image handling not yet built)
image-pending    1828658365186898 c0  (HANDOVER §8.5 — image handling not yet built)
image-pending    1984179952460994 c0  (HANDOVER §8.5 — image handling not yet built)
image-pending    1936981136963790 c0  (HANDOVER §8.5 — image handling not yet built)
image-pending    1936981136963790 c0  (HANDOVER §8.5 — image handling not yet built)
uploaded         1988505915363577 c0  (video) ← 1988505915363577.mp4  → https://dcfd27564ef899969db9a562c7e1945f.r2.cloudflarestorage.com/1988505915363577.mp4
uploaded         986907160913868 c0  (video) ← 986907160913868.mp4  → https://dcfd27564ef899969db9a562c7e1945f.r2.cloudflarestorage.com/986907160913868.mp4
carried-forward  1680023379905256 c0  → https://dcfd27564ef899969db9a562c7e1945f.r2.cloudflarestorage.com/1680023379905256.mp4
video-missing    1680023379905256 c0  (expected file not found in facebook/videos/ewa-2026-06-17)
carried-forward  1542329570639942 c0  → https://dcfd27564ef899969db9a562c7e1945f.r2.cloudflarestorage.com/1542329570639942.mp4
video-missing    1542329570639942 c0  (expected file not found in facebook/videos/ewa-2026-06-17)
image-pending    2379825969172471 c0  (HANDOVER §8.5 — image handling not yet built)
uploaded         1270146125192378 c0  (video) ← 1270146125192378.mp4  → https://dcfd27564ef899969db9a562c7e1945f.r2.cloudflarestorage.com/1270146125192378.mp4
uploaded         1369724152022040 c0  (video) ← 1369724152022040.mp4  → https://dcfd27564ef899969db9a562c7e1945f.r2.cloudflarestorage.com/1369724152022040.mp4
carried-forward  4106122346344490 c0  → https://dcfd27564ef899969db9a562c7e1945f.r2.cloudflarestorage.com/4106122346344490.mp4
video-missing    4106122346344490 c0  (expected file not found in facebook/videos/ewa-2026-06-17)
uploaded         1842545916903775 c0  (video) ← 1842545916903775.mp4  → https://dcfd27564ef899969db9a562c7e1945f.r2.cloudflarestorage.com/1842545916903775.mp4
video-missing    1842545916903775 c0  (expected file not found in facebook/videos/ewa-2026-06-17)
video-missing    1842545916903775 c0  (expected file not found in facebook/videos/ewa-2026-06-17)
video-missing    1842545916903775 c0  (expected file not found in facebook/videos/ewa-2026-06-17)
carried-forward  1675470323675229 c0  → https://dcfd27564ef899969db9a562c7e1945f.r2.cloudflarestorage.com/1675470323675229.mp4
video-missing    1675470323675229 c0  (expected file not found in facebook/videos/ewa-2026-06-17)
image-pending    2898944770443827 c0  (HANDOVER §8.5 — image handling not yet built)
image-pending    27842225248797566 c0  (HANDOVER §8.5 — image handling not yet built)
image-pending    27842225248797566 c0  (HANDOVER §8.5 — image handling not yet built)
carried-forward  983465408000106 c0  → https://dcfd27564ef899969db9a562c7e1945f.r2.cloudflarestorage.com/983465408000106.mp4
image-pending    983487391203339 c0  (HANDOVER §8.5 — image handling not yet built)
uploaded         1554895546066039 c0  (video) ← 1554895546066039.mp4  → https://dcfd27564ef899969db9a562c7e1945f.r2.cloudflarestorage.com/1554895546066039.mp4
carried-forward  1003423099054347 c0  → https://dcfd27564ef899969db9a562c7e1945f.r2.cloudflarestorage.com/1003423099054347.mp4
carried-forward  27441365728789118 c0  → https://pub-893b4a6a607b4221a894bf861da7914e.r2.dev/27441365728789118.jpg
image-pending    1615239802904828 c0  (HANDOVER §8.5 — image handling not yet built)
image-pending    1003633228817234 c0  (HANDOVER §8.5 — image handling not yet built)
uploaded         1705615330760964 c0  (video) ← 1705615330760964.mp4  → https://dcfd27564ef899969db9a562c7e1945f.r2.cloudflarestorage.com/1705615330760964.mp4
video-missing    1705615330760964 c0  (expected file not found in facebook/videos/ewa-2026-06-17)
video-missing    1705615330760964 c0  (expected file not found in facebook/videos/ewa-2026-06-17)
video-missing    1705615330760964 c0  (expected file not found in facebook/videos/ewa-2026-06-17)
uploaded         1005030318581647 c0  (video) ← 1005030318581647.mp4  → https://dcfd27564ef899969db9a562c7e1945f.r2.cloudflarestorage.com/1005030318581647.mp4
carried-forward  976081415061305 c0  → https://dcfd27564ef899969db9a562c7e1945f.r2.cloudflarestorage.com/976081415061305.mp4
video-missing    976081415061305 c0  (expected file not found in facebook/videos/ewa-2026-06-17)
carried-forward  1040845261668741 c0  → https://dcfd27564ef899969db9a562c7e1945f.r2.cloudflarestorage.com/1040845261668741.mp4
carried-forward  27019023897792821 c0  → https://dcfd27564ef899969db9a562c7e1945f.r2.cloudflarestorage.com/27019023897792821.mp4
video-missing    27019023897792821 c0  (expected file not found in facebook/videos/ewa-2026-06-17)
image-pending    1940060256789223 c0  (HANDOVER §8.5 — image handling not yet built)
carried-forward  1979797032670675 c0  → https://dcfd27564ef899969db9a562c7e1945f.r2.cloudflarestorage.com/1979797032670675.mp4
video-missing    1979797032670675 c0  (expected file not found in facebook/videos/ewa-2026-06-17)
image-pending    1702370517468951 c0  (HANDOVER §8.5 — image handling not yet built)
image-pending    1465071464939967 c0  (HANDOVER §8.5 — image handling not yet built)
carried-forward  947353454969133 c0  → https://dcfd27564ef899969db9a562c7e1945f.r2.cloudflarestorage.com/947353454969133.mp4
carried-forward  4301716826805670 c0  → https://dcfd27564ef899969db9a562c7e1945f.r2.cloudflarestorage.com/4301716826805670.mp4
uploaded         1370382671608179 c0  (video) ← 1370382671608179.mp4  → https://dcfd27564ef899969db9a562c7e1945f.r2.cloudflarestorage.com/1370382671608179.mp4
uploaded         2155089962102632 c0  (video) ← 2155089962102632.mp4  → https://dcfd27564ef899969db9a562c7e1945f.r2.cloudflarestorage.com/2155089962102632.mp4
carried-forward  1015236804482255 c0  → https://dcfd27564ef899969db9a562c7e1945f.r2.cloudflarestorage.com/1015236804482255.mp4
video-missing    1015236804482255 c0  (expected file not found in facebook/videos/ewa-2026-06-17)
video-missing    1015236804482255 c0  (expected file not found in facebook/videos/ewa-2026-06-17)
video-missing    1015236804482255 c0  (expected file not found in facebook/videos/ewa-2026-06-17)
video-missing    1015236804482255 c0  (expected file not found in facebook/videos/ewa-2026-06-17)
video-missing    1015236804482255 c0  (expected file not found in facebook/videos/ewa-2026-06-17)
uploaded         2158562408210361 c0  (video) ← 2158562408210361.mp4  → https://dcfd27564ef899969db9a562c7e1945f.r2.cloudflarestorage.com/2158562408210361.mp4
video-missing    2158562408210361 c0  (expected file not found in facebook/videos/ewa-2026-06-17)
video-missing    2158562408210361 c0  (expected file not found in facebook/videos/ewa-2026-06-17)
video-missing    2158562408210361 c0  (expected file not found in facebook/videos/ewa-2026-06-17)
carried-forward  2213766209462624 c0  → https://dcfd27564ef899969db9a562c7e1945f.r2.cloudflarestorage.com/2213766209462624.mp4
video-missing    2213766209462624 c0  (expected file not found in facebook/videos/ewa-2026-06-17)
image-pending    1321060856898456 c0  (HANDOVER §8.5 — image handling not yet built)
image-pending    2229152144290259 c0  (HANDOVER §8.5 — image handling not yet built)
image-pending    2525994964486718 c0  (HANDOVER §8.5 — image handling not yet built)
image-pending    1001644255746072 c0  (HANDOVER §8.5 — image handling not yet built)
uploaded         2058187928097579 c0  (video) ← 2058187928097579.mp4  → https://dcfd27564ef899969db9a562c7e1945f.r2.cloudflarestorage.com/2058187928097579.mp4
video-missing    2058187928097579 c0  (expected file not found in facebook/videos/ewa-2026-06-17)
video-missing    2058187928097579 c0  (expected file not found in facebook/videos/ewa-2026-06-17)
uploaded         1323189389236153 c0  (video) ← 1323189389236153.mp4  → https://dcfd27564ef899969db9a562c7e1945f.r2.cloudflarestorage.com/1323189389236153.mp4
video-missing    1323189389236153 c0  (expected file not found in facebook/videos/ewa-2026-06-17)
carried-forward  968458132442947 c0  → https://pub-893b4a6a607b4221a894bf861da7914e.r2.dev/968458132442947.mp4
uploaded         2062928044625432 c0  (video) ← 2062928044625432.mp4  → https://dcfd27564ef899969db9a562c7e1945f.r2.cloudflarestorage.com/2062928044625432.mp4
carried-forward  4343339405934808 c0  → https://dcfd27564ef899969db9a562c7e1945f.r2.cloudflarestorage.com/4343339405934808.mp4
carried-forward  1720557695610667 c0  → https://dcfd27564ef899969db9a562c7e1945f.r2.cloudflarestorage.com/1720557695610667.mp4
video-missing    1720557695610667 c0  (expected file not found in facebook/videos/ewa-2026-06-17)
video-missing    1720557695610667 c0  (expected file not found in facebook/videos/ewa-2026-06-17)
video-missing    1720557695610667 c0  (expected file not found in facebook/videos/ewa-2026-06-17)
video-missing    1720557695610667 c0  (expected file not found in facebook/videos/ewa-2026-06-17)
video-missing    1720557695610667 c0  (expected file not found in facebook/videos/ewa-2026-06-17)
uploaded         1263843505828406 c0  (video) ← 1263843505828406.mp4  → https://dcfd27564ef899969db9a562c7e1945f.r2.cloudflarestorage.com/1263843505828406.mp4
video-missing    1263843505828406 c0  (expected file not found in facebook/videos/ewa-2026-06-17)
video-missing    1263843505828406 c0  (expected file not found in facebook/videos/ewa-2026-06-17)
video-missing    1263843505828406 c0  (expected file not found in facebook/videos/ewa-2026-06-17)
video-missing    1263843505828406 c0  (expected file not found in facebook/videos/ewa-2026-06-17)
video-missing    1263843505828406 c0  (expected file not found in facebook/videos/ewa-2026-06-17)
video-missing    1263843505828406 c0  (expected file not found in facebook/videos/ewa-2026-06-17)
video-missing    1263843505828406 c0  (expected file not found in facebook/videos/ewa-2026-06-17)
image-pending    867884445819858 c0  (HANDOVER §8.5 — image handling not yet built)
carried-forward  4426912044231441 c0  → https://dcfd27564ef899969db9a562c7e1945f.r2.cloudflarestorage.com/4426912044231441.mp4
carried-forward  946424164893649 c0  → https://pub-893b4a6a607b4221a894bf861da7914e.r2.dev/946424164893649.mp4
carried-forward  1524190182632533 c0  → https://dcfd27564ef899969db9a562c7e1945f.r2.cloudflarestorage.com/1524190182632533.mp4
video-missing    1524190182632533 c0  (expected file not found in facebook/videos/ewa-2026-06-17)
uploaded         1494853505119899 c0  (video) ← 1494853505119899.mp4  → https://dcfd27564ef899969db9a562c7e1945f.r2.cloudflarestorage.com/1494853505119899.mp4
video-missing    1494853505119899 c0  (expected file not found in facebook/videos/ewa-2026-06-17)
video-missing    1494853505119899 c0  (expected file not found in facebook/videos/ewa-2026-06-17)
carried-forward  1512461623874160 c0  → https://dcfd27564ef899969db9a562c7e1945f.r2.cloudflarestorage.com/1512461623874160.mp4
image-pending    1345189080884689 c0  (HANDOVER §8.5 — image handling not yet built)
image-pending    2148319675954848 c0  (HANDOVER §8.5 — image handling not yet built)
image-pending    2148319675954848 c0  (HANDOVER §8.5 — image handling not yet built)
image-pending    961519506886466 c0  (HANDOVER §8.5 — image handling not yet built)
image-pending    961519506886466 c0  (HANDOVER §8.5 — image handling not yet built)
image-pending    961519506886466 c0  (HANDOVER §8.5 — image handling not yet built)
image-pending    961519506886466 c0  (HANDOVER §8.5 — image handling not yet built)
image-pending    961519506886466 c0  (HANDOVER §8.5 — image handling not yet built)
image-pending    961519506886466 c0  (HANDOVER §8.5 — image handling not yet built)
image-pending    961519506886466 c0  (HANDOVER §8.5 — image handling not yet built)
image-pending    961519506886466 c0  (HANDOVER §8.5 — image handling not yet built)
image-pending    961519506886466 c0  (HANDOVER §8.5 — image handling not yet built)
image-pending    961519506886466 c0  (HANDOVER §8.5 — image handling not yet built)
image-pending    961519506886466 c0  (HANDOVER §8.5 — image handling not yet built)
image-pending    961519506886466 c0  (HANDOVER §8.5 — image handling not yet built)
image-pending    961519506886466 c0  (HANDOVER §8.5 — image handling not yet built)
image-pending    961519506886466 c0  (HANDOVER §8.5 — image handling not yet built)
uploaded         1482831417199738 c0  (video) ← 1482831417199738.mp4  → https://dcfd27564ef899969db9a562c7e1945f.r2.cloudflarestorage.com/1482831417199738.mp4
video-missing    1482831417199738 c0  (expected file not found in facebook/videos/ewa-2026-06-17)
uploaded         886345851156505 c0  (video) ← 886345851156505.mp4  → https://dcfd27564ef899969db9a562c7e1945f.r2.cloudflarestorage.com/886345851156505.mp4
uploaded         995863683296529 c0  (video) ← 995863683296529.mp4  → https://dcfd27564ef899969db9a562c7e1945f.r2.cloudflarestorage.com/995863683296529.mp4
carried-forward  1697815831632877 c0  → https://dcfd27564ef899969db9a562c7e1945f.r2.cloudflarestorage.com/1697815831632877.mp4
carried-forward  1333918122168499 c0  → https://dcfd27564ef899969db9a562c7e1945f.r2.cloudflarestorage.com/1333918122168499.mp4
image-pending    1618540962544804 c0  (HANDOVER §8.5 — image handling not yet built)
image-pending    1618540962544804 c0  (HANDOVER §8.5 — image handling not yet built)
video-missing    1000627902357988 c0  (expected file not found in facebook/videos/ewa-2026-06-17)
carried-forward  1032273359470239 c0  → https://pub-893b4a6a607b4221a894bf861da7914e.r2.dev/1032273359470239.jpg
uploaded         2072909080303098 c0  (video) ← 2072909080303098.mp4  → https://dcfd27564ef899969db9a562c7e1945f.r2.cloudflarestorage.com/2072909080303098.mp4
carried-forward  1393047213008153 c0  → https://dcfd27564ef899969db9a562c7e1945f.r2.cloudflarestorage.com/1393047213008153.mp4
image-pending    1413223543869955 c0  (HANDOVER §8.5 — image handling not yet built)
image-pending    1919489202050867 c0  (HANDOVER §8.5 — image handling not yet built)
carried-forward  1364663498872636 c0  → https://dcfd27564ef899969db9a562c7e1945f.r2.cloudflarestorage.com/1364663498872636.mp4
video-missing    2119021118659694 c0  (expected file not found in facebook/videos/ewa-2026-06-17)
carried-forward  26421153314224217 c0  → https://dcfd27564ef899969db9a562c7e1945f.r2.cloudflarestorage.com/26421153314224217.mp4
image-pending    1479645273470980 c0  (HANDOVER §8.5 — image handling not yet built)
uploaded         1486809382573516 c0  (video) ← 1486809382573516.mp4  → https://dcfd27564ef899969db9a562c7e1945f.r2.cloudflarestorage.com/1486809382573516.mp4
image-pending    1559043755812865 c0  (HANDOVER §8.5 — image handling not yet built)
uploaded         27791174357141794 c0  (video) ← 27791174357141794.mp4  → https://dcfd27564ef899969db9a562c7e1945f.r2.cloudflarestorage.com/27791174357141794.mp4
carried-forward  1661884121739494 c0  → https://dcfd27564ef899969db9a562c7e1945f.r2.cloudflarestorage.com/1661884121739494.mp4
image-pending    1479120667306553 c0  (HANDOVER §8.5 — image handling not yet built)
image-pending    989784723921741 c0  (HANDOVER §8.5 — image handling not yet built)
image-pending    989784723921741 c0  (HANDOVER §8.5 — image handling not yet built)
image-pending    989784723921741 c0  (HANDOVER §8.5 — image handling not yet built)
image-pending    2143950382887280 c0  (HANDOVER §8.5 — image handling not yet built)
video-missing    2030618574497878 c0  (expected file not found in facebook/videos/ewa-2026-06-17)
video-missing    2030618574497878 c0  (expected file not found in facebook/videos/ewa-2026-06-17)
carried-forward  1733127181370786 c0  → https://dcfd27564ef899969db9a562c7e1945f.r2.cloudflarestorage.com/1733127181370786.mp4
image-pending    2177663079662717 c0  (HANDOVER §8.5 — image handling not yet built)
uploaded         850810008103397 c0  (video) ← 850810008103397.mp4  → https://dcfd27564ef899969db9a562c7e1945f.r2.cloudflarestorage.com/850810008103397.mp4
carried-forward  2070498210567508 c0  → https://dcfd27564ef899969db9a562c7e1945f.r2.cloudflarestorage.com/2070498210567508.mp4
carried-forward  1486349895940493 c0  → https://dcfd27564ef899969db9a562c7e1945f.r2.cloudflarestorage.com/1486349895940493.mp4
image-pending    1921613808539751 c0  (HANDOVER §8.5 — image handling not yet built)
image-pending    1921613808539751 c0  (HANDOVER §8.5 — image handling not yet built)
image-pending    1921613808539751 c0  (HANDOVER §8.5 — image handling not yet built)
image-pending    1921613808539751 c0  (HANDOVER §8.5 — image handling not yet built)
image-pending    1921613808539751 c0  (HANDOVER §8.5 — image handling not yet built)
image-pending    1921613808539751 c0  (HANDOVER §8.5 — image handling not yet built)
image-pending    1921613808539751 c0  (HANDOVER §8.5 — image handling not yet built)
image-pending    1921613808539751 c0  (HANDOVER §8.5 — image handling not yet built)
image-pending    1921613808539751 c0  (HANDOVER §8.5 — image handling not yet built)
image-pending    1921613808539751 c0  (HANDOVER §8.5 — image handling not yet built)
carried-forward  2719890545062628 c0  → https://dcfd27564ef899969db9a562c7e1945f.r2.cloudflarestorage.com/2719890545062628.mp4
video-missing    2719890545062628 c0  (expected file not found in facebook/videos/ewa-2026-06-17)
video-missing    2719890545062628 c0  (expected file not found in facebook/videos/ewa-2026-06-17)
video-missing    2719890545062628 c0  (expected file not found in facebook/videos/ewa-2026-06-17)
video-missing    2719890545062628 c0  (expected file not found in facebook/videos/ewa-2026-06-17)
video-missing    2719890545062628 c0  (expected file not found in facebook/videos/ewa-2026-06-17)
video-missing    2719890545062628 c0  (expected file not found in facebook/videos/ewa-2026-06-17)
video-missing    2719890545062628 c0  (expected file not found in facebook/videos/ewa-2026-06-17)
video-missing    2719890545062628 c0  (expected file not found in facebook/videos/ewa-2026-06-17)
carried-forward  2044076636144663 c0  → https://dcfd27564ef899969db9a562c7e1945f.r2.cloudflarestorage.com/2044076636144663.mp4
uploaded         982200887764856 c0  (video) ← 982200887764856.mp4  → https://dcfd27564ef899969db9a562c7e1945f.r2.cloudflarestorage.com/982200887764856.mp4
image-pending    2876895206036320 c0  (HANDOVER §8.5 — image handling not yet built)
image-pending    2876895206036320 c0  (HANDOVER §8.5 — image handling not yet built)
image-pending    2876895206036320 c0  (HANDOVER §8.5 — image handling not yet built)
image-pending    2876895206036320 c0  (HANDOVER §8.5 — image handling not yet built)
image-pending    2876895206036320 c0  (HANDOVER §8.5 — image handling not yet built)
image-pending    2876895206036320 c0  (HANDOVER §8.5 — image handling not yet built)
image-pending    2876895206036320 c0  (HANDOVER §8.5 — image handling not yet built)
image-pending    2876895206036320 c0  (HANDOVER §8.5 — image handling not yet built)
image-pending    2876895206036320 c0  (HANDOVER §8.5 — image handling not yet built)
image-pending    2876895206036320 c0  (HANDOVER §8.5 — image handling not yet built)
image-pending    2876895206036320 c0  (HANDOVER §8.5 — image handling not yet built)
image-pending    1313389297664388 c0  (HANDOVER §8.5 — image handling not yet built)
image-pending    2031069487494220 c0  (HANDOVER §8.5 — image handling not yet built)
image-pending    1924815384897696 c0  (HANDOVER §8.5 — image handling not yet built)
image-pending    1436153178271044 c0  (HANDOVER §8.5 — image handling not yet built)
carried-forward  1840053893638473 c0  → https://dcfd27564ef899969db9a562c7e1945f.r2.cloudflarestorage.com/1840053893638473.mp4
video-missing    1840053893638473 c0  (expected file not found in facebook/videos/ewa-2026-06-17)
video-missing    1840053893638473 c0  (expected file not found in facebook/videos/ewa-2026-06-17)
video-missing    1840053893638473 c0  (expected file not found in facebook/videos/ewa-2026-06-17)
video-missing    1840053893638473 c0  (expected file not found in facebook/videos/ewa-2026-06-17)
video-missing    1840053893638473 c0  (expected file not found in facebook/videos/ewa-2026-06-17)
video-missing    1840053893638473 c0  (expected file not found in facebook/videos/ewa-2026-06-17)
image-pending    2799702303728169 c0  (HANDOVER §8.5 — image handling not yet built)
carried-forward  2980896488970291 c0  → https://dcfd27564ef899969db9a562c7e1945f.r2.cloudflarestorage.com/2980896488970291.mp4
image-pending    1640804077150879 c0  (HANDOVER §8.5 — image handling not yet built)
uploaded         962147579974810 c0  (video) ← 962147579974810.mp4  → https://dcfd27564ef899969db9a562c7e1945f.r2.cloudflarestorage.com/962147579974810.mp4
carried-forward  1681861336298861 c0  → https://dcfd27564ef899969db9a562c7e1945f.r2.cloudflarestorage.com/1681861336298861.mp4
video-missing    1681861336298861 c0  (expected file not found in facebook/videos/ewa-2026-06-17)
carried-forward  973252771977141 c0  → https://dcfd27564ef899969db9a562c7e1945f.r2.cloudflarestorage.com/973252771977141.mp4
carried-forward  2162237464533864 c0  → https://dcfd27564ef899969db9a562c7e1945f.r2.cloudflarestorage.com/2162237464533864.mp4
uploaded         1564327315052949 c0  (video) ← 1564327315052949.mp4  → https://dcfd27564ef899969db9a562c7e1945f.r2.cloudflarestorage.com/1564327315052949.mp4
video-missing    1564327315052949 c0  (expected file not found in facebook/videos/ewa-2026-06-17)
carried-forward  1033516115860542 c0  → https://dcfd27564ef899969db9a562c7e1945f.r2.cloudflarestorage.com/1033516115860542.mp4
image-pending    1769103384431972 c0  (HANDOVER §8.5 — image handling not yet built)
image-pending    1769103384431972 c0  (HANDOVER §8.5 — image handling not yet built)
image-pending    1769103384431972 c0  (HANDOVER §8.5 — image handling not yet built)
image-pending    1769103384431972 c0  (HANDOVER §8.5 — image handling not yet built)
carried-forward  1761686138604652 c0  → https://dcfd27564ef899969db9a562c7e1945f.r2.cloudflarestorage.com/1761686138604652.mp4
carried-forward  1551066799866638 c0  → https://dcfd27564ef899969db9a562c7e1945f.r2.cloudflarestorage.com/1551066799866638.mp4
video-missing    1351528743702465 c0  (expected file not found in facebook/videos/ewa-2026-06-17)
image-pending    1167410638894373 c0  (HANDOVER §8.5 — image handling not yet built)
uploaded         1326617843014531 c0  (video) ← 1326617843014531.mp4  → https://dcfd27564ef899969db9a562c7e1945f.r2.cloudflarestorage.com/1326617843014531.mp4
carried-forward  2012348302704249 c0  → https://dcfd27564ef899969db9a562c7e1945f.r2.cloudflarestorage.com/2012348302704249.mp4
image-pending    26595535143458942 c0  (HANDOVER §8.5 — image handling not yet built)
carried-forward  922208700869051 c0  → https://dcfd27564ef899969db9a562c7e1945f.r2.cloudflarestorage.com/922208700869051.mp4
carried-forward  1935805997794841 c0  → https://dcfd27564ef899969db9a562c7e1945f.r2.cloudflarestorage.com/1935805997794841.mp4
carried-forward  1310573704365556 c0  → https://dcfd27564ef899969db9a562c7e1945f.r2.cloudflarestorage.com/1310573704365556.mp4
uploaded         1518208366423481 c0  (video) ← 1518208366423481.mp4  → https://dcfd27564ef899969db9a562c7e1945f.r2.cloudflarestorage.com/1518208366423481.mp4
carried-forward  1368079581829347 c0  → https://dcfd27564ef899969db9a562c7e1945f.r2.cloudflarestorage.com/1368079581829347.mp4
image-pending    1546351743508197 c0  (HANDOVER §8.5 — image handling not yet built)
image-pending    1531529688310437 c0  (HANDOVER §8.5 — image handling not yet built)
image-pending    2317206778769016 c0  (HANDOVER §8.5 — image handling not yet built)
image-pending    2317206778769016 c0  (HANDOVER §8.5 — image handling not yet built)
carried-forward  1287583866818868 c0  → https://dcfd27564ef899969db9a562c7e1945f.r2.cloudflarestorage.com/1287583866818868.mp4
image-pending    892930143818543 c0  (HANDOVER §8.5 — image handling not yet built)
image-pending    892930143818543 c0  (HANDOVER §8.5 — image handling not yet built)
uploaded         1009221488191146 c0  (video) ← 1009221488191146.mp4  → https://dcfd27564ef899969db9a562c7e1945f.r2.cloudflarestorage.com/1009221488191146.mp4
image-pending    1029977539565309 c0  (HANDOVER §8.5 — image handling not yet built)
image-pending    1385256133428470 c0  (HANDOVER §8.5 — image handling not yet built)
image-pending    1385256133428470 c0  (HANDOVER §8.5 — image handling not yet built)
image-pending    1385256133428470 c0  (HANDOVER §8.5 — image handling not yet built)
image-pending    1385256133428470 c0  (HANDOVER §8.5 — image handling not yet built)
image-pending    1385256133428470 c0  (HANDOVER §8.5 — image handling not yet built)
image-pending    1385256133428470 c0  (HANDOVER §8.5 — image handling not yet built)
image-pending    1385256133428470 c0  (HANDOVER §8.5 — image handling not yet built)
image-pending    1385256133428470 c0  (HANDOVER §8.5 — image handling not yet built)
image-pending    1385256133428470 c0  (HANDOVER §8.5 — image handling not yet built)
image-pending    1385256133428470 c0  (HANDOVER §8.5 — image handling not yet built)
image-pending    1385256133428470 c0  (HANDOVER §8.5 — image handling not yet built)
image-pending    1385256133428470 c0  (HANDOVER §8.5 — image handling not yet built)
image-pending    1984677235523271 c0  (HANDOVER §8.5 — image handling not yet built)
carried-forward  1653823565917074 c0  → https://dcfd27564ef899969db9a562c7e1945f.r2.cloudflarestorage.com/1653823565917074.mp4
image-pending    2085359029056383 c0  (HANDOVER §8.5 — image handling not yet built)
image-pending    1934135283901313 c0  (HANDOVER §8.5 — image handling not yet built)
carried-forward  1500435148378929 c0  → https://dcfd27564ef899969db9a562c7e1945f.r2.cloudflarestorage.com/1500435148378929.mp4
video-missing    1500435148378929 c0  (expected file not found in facebook/videos/ewa-2026-06-17)
video-missing    1500435148378929 c0  (expected file not found in facebook/videos/ewa-2026-06-17)
video-missing    1500435148378929 c0  (expected file not found in facebook/videos/ewa-2026-06-17)
video-missing    1500435148378929 c0  (expected file not found in facebook/videos/ewa-2026-06-17)
video-missing    1500435148378929 c0  (expected file not found in facebook/videos/ewa-2026-06-17)
video-missing    1500435148378929 c0  (expected file not found in facebook/videos/ewa-2026-06-17)
video-missing    1500435148378929 c0  (expected file not found in facebook/videos/ewa-2026-06-17)
video-missing    1500435148378929 c0  (expected file not found in facebook/videos/ewa-2026-06-17)
video-missing    1500435148378929 c0  (expected file not found in facebook/videos/ewa-2026-06-17)
video-missing    1500435148378929 c0  (expected file not found in facebook/videos/ewa-2026-06-17)
image-pending    4169102980031454 c0  (HANDOVER §8.5 — image handling not yet built)
image-pending    4169102980031454 c0  (HANDOVER §8.5 — image handling not yet built)
image-pending    4169102980031454 c0  (HANDOVER §8.5 — image handling not yet built)
image-pending    4169102980031454 c0  (HANDOVER §8.5 — image handling not yet built)
image-pending    4169102980031454 c0  (HANDOVER §8.5 — image handling not yet built)
image-pending    4169102980031454 c0  (HANDOVER §8.5 — image handling not yet built)
image-pending    4169102980031454 c0  (HANDOVER §8.5 — image handling not yet built)
image-pending    4169102980031454 c0  (HANDOVER §8.5 — image handling not yet built)
image-pending    4169102980031454 c0  (HANDOVER §8.5 — image handling not yet built)
image-pending    4169102980031454 c0  (HANDOVER §8.5 — image handling not yet built)
image-pending    1657177215513005 c0  (HANDOVER §8.5 — image handling not yet built)
image-pending    980402121578600 c0  (HANDOVER §8.5 — image handling not yet built)
carried-forward  1600059771716130 c0  → https://dcfd27564ef899969db9a562c7e1945f.r2.cloudflarestorage.com/1600059771716130.mp4
uploaded         1657514682144976 c0  (video) ← 1657514682144976.mp4  → https://dcfd27564ef899969db9a562c7e1945f.r2.cloudflarestorage.com/1657514682144976.mp4
image-pending    863750396233169 c0  (HANDOVER §8.5 — image handling not yet built)
image-pending    1032518309438756 c0  (HANDOVER §8.5 — image handling not yet built)
carried-forward  985883267541473 c0  → https://dcfd27564ef899969db9a562c7e1945f.r2.cloudflarestorage.com/985883267541473.mp4
image-pending    1428185789070963 c0  (HANDOVER §8.5 — image handling not yet built)
image-pending    4533022790353984 c0  (HANDOVER §8.5 — image handling not yet built)
carried-forward  2586236098470865 c0  → https://dcfd27564ef899969db9a562c7e1945f.r2.cloudflarestorage.com/2586236098470865.mp4
image-pending    1752697056081735 c0  (HANDOVER §8.5 — image handling not yet built)
image-pending    2022005208409214 c0  (HANDOVER §8.5 — image handling not yet built)
image-pending    2022005208409214 c0  (HANDOVER §8.5 — image handling not yet built)
carried-forward  2062675387679311 c0  → https://dcfd27564ef899969db9a562c7e1945f.r2.cloudflarestorage.com/2062675387679311.mp4
carried-forward  1007989538262134 c0  → https://dcfd27564ef899969db9a562c7e1945f.r2.cloudflarestorage.com/1007989538262134.mp4
carried-forward  1783894925926797 c0  → https://dcfd27564ef899969db9a562c7e1945f.r2.cloudflarestorage.com/1783894925926797.mp4
carried-forward  1081040118435570 c0  → https://dcfd27564ef899969db9a562c7e1945f.r2.cloudflarestorage.com/1081040118435570.mp4
image-pending    2100144453908268 c0  (HANDOVER §8.5 — image handling not yet built)
carried-forward  2868953136797359 c0  → https://dcfd27564ef899969db9a562c7e1945f.r2.cloudflarestorage.com/2868953136797359.mp4
image-pending    27365427283110629 c0  (HANDOVER §8.5 — image handling not yet built)
uploaded         1386248303326356 c0  (video) ← 1386248303326356.mp4  → https://dcfd27564ef899969db9a562c7e1945f.r2.cloudflarestorage.com/1386248303326356.mp4
uploaded         1767189631361183 c0  (video) ← 1767189631361183.mp4  → https://dcfd27564ef899969db9a562c7e1945f.r2.cloudflarestorage.com/1767189631361183.mp4
video-missing    1767189631361183 c0  (expected file not found in facebook/videos/ewa-2026-06-17)
video-missing    1767189631361183 c0  (expected file not found in facebook/videos/ewa-2026-06-17)
video-missing    1767189631361183 c0  (expected file not found in facebook/videos/ewa-2026-06-17)
image-pending    908190722286495 c0  (HANDOVER §8.5 — image handling not yet built)
image-pending    1016985830828117 c0  (HANDOVER §8.5 — image handling not yet built)
uploaded         983219311010897 c0  (video) ← 983219311010897.mp4  → https://dcfd27564ef899969db9a562c7e1945f.r2.cloudflarestorage.com/983219311010897.mp4
image-pending    932246216536462 c0  (HANDOVER §8.5 — image handling not yet built)
carried-forward  1502860481535175 c0  → https://pub-893b4a6a607b4221a894bf861da7914e.r2.dev/1502860481535175.mp4
carried-forward  2233379207466734 c0  → https://dcfd27564ef899969db9a562c7e1945f.r2.cloudflarestorage.com/2233379207466734.mp4
image-pending    2094676238128249 c0  (HANDOVER §8.5 — image handling not yet built)
carried-forward  1222120893257341 c0  → https://dcfd27564ef899969db9a562c7e1945f.r2.cloudflarestorage.com/1222120893257341.mp4
image-pending    1497734748817331 c0  (HANDOVER §8.5 — image handling not yet built)
image-pending    2228946337873289 c0  (HANDOVER §8.5 — image handling not yet built)
image-pending    1511021940524506 c0  (HANDOVER §8.5 — image handling not yet built)
image-pending    1511021940524506 c0  (HANDOVER §8.5 — image handling not yet built)
image-pending    1568476734926032 c0  (HANDOVER §8.5 — image handling not yet built)
carried-forward  2108039209807457 c0  → https://dcfd27564ef899969db9a562c7e1945f.r2.cloudflarestorage.com/2108039209807457.mp4
video-missing    2108039209807457 c0  (expected file not found in facebook/videos/ewa-2026-06-17)
video-missing    2108039209807457 c0  (expected file not found in facebook/videos/ewa-2026-06-17)
video-missing    2108039209807457 c0  (expected file not found in facebook/videos/ewa-2026-06-17)
video-missing    2108039209807457 c0  (expected file not found in facebook/videos/ewa-2026-06-17)
video-missing    2108039209807457 c0  (expected file not found in facebook/videos/ewa-2026-06-17)
video-missing    2108039209807457 c0  (expected file not found in facebook/videos/ewa-2026-06-17)
video-missing    2108039209807457 c0  (expected file not found in facebook/videos/ewa-2026-06-17)
video-missing    2108039209807457 c0  (expected file not found in facebook/videos/ewa-2026-06-17)
image-pending    3490261941123380 c0  (HANDOVER §8.5 — image handling not yet built)
carried-forward  1538176351244727 c0  → https://dcfd27564ef899969db9a562c7e1945f.r2.cloudflarestorage.com/1538176351244727.mp4
video-missing    2103338716911774 c0  (expected file not found in facebook/videos/ewa-2026-06-17)
image-pending    1865636591266970 c0  (HANDOVER §8.5 — image handling not yet built)
image-pending    1523616325883154 c0  (HANDOVER §8.5 — image handling not yet built)
image-pending    1523616325883154 c0  (HANDOVER §8.5 — image handling not yet built)
image-pending    1930685440981963 c0  (HANDOVER §8.5 — image handling not yet built)
image-pending    951920484543668 c0  (HANDOVER §8.5 — image handling not yet built)
uploaded         1000148499575044 c0  (video) ← 1000148499575044.mp4  → https://dcfd27564ef899969db9a562c7e1945f.r2.cloudflarestorage.com/1000148499575044.mp4
video-missing    1000148499575044 c0  (expected file not found in facebook/videos/ewa-2026-06-17)
video-missing    1000148499575044 c0  (expected file not found in facebook/videos/ewa-2026-06-17)
video-missing    1000148499575044 c0  (expected file not found in facebook/videos/ewa-2026-06-17)
video-missing    1000148499575044 c0  (expected file not found in facebook/videos/ewa-2026-06-17)
video-missing    1000148499575044 c0  (expected file not found in facebook/videos/ewa-2026-06-17)
video-missing    1000148499575044 c0  (expected file not found in facebook/videos/ewa-2026-06-17)
video-missing    1000148499575044 c0  (expected file not found in facebook/videos/ewa-2026-06-17)
carried-forward  886905410367682 c0  → https://dcfd27564ef899969db9a562c7e1945f.r2.cloudflarestorage.com/886905410367682.mp4
video-missing    886905410367682 c0  (expected file not found in facebook/videos/ewa-2026-06-17)
video-missing    886905410367682 c0  (expected file not found in facebook/videos/ewa-2026-06-17)
video-missing    886905410367682 c0  (expected file not found in facebook/videos/ewa-2026-06-17)
video-missing    886905410367682 c0  (expected file not found in facebook/videos/ewa-2026-06-17)
video-missing    886905410367682 c0  (expected file not found in facebook/videos/ewa-2026-06-17)
video-missing    886905410367682 c0  (expected file not found in facebook/videos/ewa-2026-06-17)
carried-forward  1514020360222160 c0  → https://dcfd27564ef899969db9a562c7e1945f.r2.cloudflarestorage.com/1514020360222160.mp4
video-missing    1514020360222160 c0  (expected file not found in facebook/videos/ewa-2026-06-17)
video-missing    1514020360222160 c0  (expected file not found in facebook/videos/ewa-2026-06-17)
video-missing    1514020360222160 c0  (expected file not found in facebook/videos/ewa-2026-06-17)
video-missing    1514020360222160 c0  (expected file not found in facebook/videos/ewa-2026-06-17)
video-missing    1514020360222160 c0  (expected file not found in facebook/videos/ewa-2026-06-17)
video-missing    1514020360222160 c0  (expected file not found in facebook/videos/ewa-2026-06-17)
video-missing    1514020360222160 c0  (expected file not found in facebook/videos/ewa-2026-06-17)
video-missing    1514020360222160 c0  (expected file not found in facebook/videos/ewa-2026-06-17)
carried-forward  1511453474106888 c0  → https://dcfd27564ef899969db9a562c7e1945f.r2.cloudflarestorage.com/1511453474106888.mp4
video-missing    1511453474106888 c0  (expected file not found in facebook/videos/ewa-2026-06-17)
video-missing    1511453474106888 c0  (expected file not found in facebook/videos/ewa-2026-06-17)
video-missing    1511453474106888 c0  (expected file not found in facebook/videos/ewa-2026-06-17)
video-missing    1511453474106888 c0  (expected file not found in facebook/videos/ewa-2026-06-17)
video-missing    1511453474106888 c0  (expected file not found in facebook/videos/ewa-2026-06-17)
video-missing    1511453474106888 c0  (expected file not found in facebook/videos/ewa-2026-06-17)
video-missing    1511453474106888 c0  (expected file not found in facebook/videos/ewa-2026-06-17)
video-missing    1511453474106888 c0  (expected file not found in facebook/videos/ewa-2026-06-17)
video-missing    1511453474106888 c0  (expected file not found in facebook/videos/ewa-2026-06-17)
uploaded         1692928931853722 c0  (video) ← 1692928931853722.mp4  → https://dcfd27564ef899969db9a562c7e1945f.r2.cloudflarestorage.com/1692928931853722.mp4
uploaded         1893195461318843 c0  (video) ← 1893195461318843.mp4  → https://dcfd27564ef899969db9a562c7e1945f.r2.cloudflarestorage.com/1893195461318843.mp4
carried-forward  2300605993805123 c0  → https://dcfd27564ef899969db9a562c7e1945f.r2.cloudflarestorage.com/2300605993805123.mp4
image-pending    1520461066243163 c0  (HANDOVER §8.5 — image handling not yet built)
image-pending    2178891126297812 c0  (HANDOVER §8.5 — image handling not yet built)
image-pending    1012983011231956 c0  (HANDOVER §8.5 — image handling not yet built)
image-pending    1012983011231956 c0  (HANDOVER §8.5 — image handling not yet built)
carried-forward  1531592521668029 c0  → https://dcfd27564ef899969db9a562c7e1945f.r2.cloudflarestorage.com/1531592521668029.mp4
image-pending    2278795162854956 c0  (HANDOVER §8.5 — image handling not yet built)
image-pending    960200583688120 c0  (HANDOVER §8.5 — image handling not yet built)
image-pending    1887396798592656 c0  (HANDOVER §8.5 — image handling not yet built)
carried-forward  1477798350326748 c0  → https://dcfd27564ef899969db9a562c7e1945f.r2.cloudflarestorage.com/1477798350326748.mp4
carried-forward  1545984313781012 c0  → https://dcfd27564ef899969db9a562c7e1945f.r2.cloudflarestorage.com/1545984313781012.mp4
carried-forward  2003579183863096 c0  → https://dcfd27564ef899969db9a562c7e1945f.r2.cloudflarestorage.com/2003579183863096.mp4
video-missing    2003579183863096 c0  (expected file not found in facebook/videos/ewa-2026-06-17)
video-missing    2003579183863096 c0  (expected file not found in facebook/videos/ewa-2026-06-17)
video-missing    2003579183863096 c0  (expected file not found in facebook/videos/ewa-2026-06-17)
video-missing    2003579183863096 c0  (expected file not found in facebook/videos/ewa-2026-06-17)
video-missing    2003579183863096 c0  (expected file not found in facebook/videos/ewa-2026-06-17)
carried-forward  2108488926685401 c0  → https://dcfd27564ef899969db9a562c7e1945f.r2.cloudflarestorage.com/2108488926685401.mp4
image-pending    2140918923119782 c0  (HANDOVER §8.5 — image handling not yet built)
image-pending    4340108942879449 c0  (HANDOVER §8.5 — image handling not yet built)
image-pending    1339525164790059 c0  (HANDOVER §8.5 — image handling not yet built)
uploaded         843302031871210 c0  (video) ← 843302031871210.mp4  → https://dcfd27564ef899969db9a562c7e1945f.r2.cloudflarestorage.com/843302031871210.mp4
image-pending    1736181284206162 c0  (HANDOVER §8.5 — image handling not yet built)
carried-forward  1014489531054320 c0  → https://dcfd27564ef899969db9a562c7e1945f.r2.cloudflarestorage.com/1014489531054320.mp4
carried-forward  1324722205726169 c0  → https://dcfd27564ef899969db9a562c7e1945f.r2.cloudflarestorage.com/1324722205726169.mp4
carried-forward  1972795593609738 c0  → https://dcfd27564ef899969db9a562c7e1945f.r2.cloudflarestorage.com/1972795593609738.mp4
image-pending    1458214816076287 c0  (HANDOVER §8.5 — image handling not yet built)
uploaded         1543263967427332 c0  (video) ← 1543263967427332.mp4  → https://dcfd27564ef899969db9a562c7e1945f.r2.cloudflarestorage.com/1543263967427332.mp4
carried-forward  2047788489456556 c0  → https://dcfd27564ef899969db9a562c7e1945f.r2.cloudflarestorage.com/2047788489456556.mp4
image-pending    988742427283810 c0  (HANDOVER §8.5 — image handling not yet built)
image-pending    1008504401796467 c0  (HANDOVER §8.5 — image handling not yet built)
carried-forward  1269078381745679 c0  → https://dcfd27564ef899969db9a562c7e1945f.r2.cloudflarestorage.com/1269078381745679.mp4
image-pending    1547375080429082 c0  (HANDOVER §8.5 — image handling not yet built)
uploaded         1305589314890529 c0  (video) ← 1305589314890529.mp4  → https://dcfd27564ef899969db9a562c7e1945f.r2.cloudflarestorage.com/1305589314890529.mp4
image-pending    1020877200406853 c0  (HANDOVER §8.5 — image handling not yet built)
image-pending    885920957172401 c0  (HANDOVER §8.5 — image handling not yet built)
video-missing    1268552215354852 c0  (expected file not found in facebook/videos/ewa-2026-06-17)
carried-forward  1509028187376662 c0  → https://dcfd27564ef899969db9a562c7e1945f.r2.cloudflarestorage.com/1509028187376662.mp4
video-missing    1509028187376662 c0  (expected file not found in facebook/videos/ewa-2026-06-17)
video-missing    1651896172586269 c0  (expected file not found in facebook/videos/ewa-2026-06-17)
carried-forward  1353454180078314 c0  → https://dcfd27564ef899969db9a562c7e1945f.r2.cloudflarestorage.com/1353454180078314.mp4
image-pending    1417935440331412 c0  (HANDOVER §8.5 — image handling not yet built)
video-missing    1675176330355714 c0  (expected file not found in facebook/videos/ewa-2026-06-17)
image-pending    1737117587659535 c0  (HANDOVER §8.5 — image handling not yet built)
image-pending    1325742859062106 c0  (HANDOVER §8.5 — image handling not yet built)
carried-forward  3150512275141975 c0  → https://dcfd27564ef899969db9a562c7e1945f.r2.cloudflarestorage.com/3150512275141975.mp4
uploaded         870385849456703 c0  (video) ← 870385849456703.mp4  → https://dcfd27564ef899969db9a562c7e1945f.r2.cloudflarestorage.com/870385849456703.mp4
image-pending    1020700477319148 c0  (HANDOVER §8.5 — image handling not yet built)
