# Step 3 run log
# competitor : ewa
# started_at : 2026-06-22T13:53:42
# input      : facebook/inputs/fb-ads-ewa-2026-06-22-1300.csv
# videos     : facebook/videos/ewa-2026-06-22
# master     : facebook/master/ewa.csv  (updated)
# enriched   : facebook/inputs/fb-ads-ewa-2026-06-22-1300_enriched.csv
# bucket     : video-ads
# public_base: https://dcfd27564ef899969db9a562c7e1945f.r2.cloudflarestorage.com
# dry_run    : False
#
# counts     : {'uploaded': 256, 'carried-forward': 151, 'image-pending': 1144, 'video-missing': 569, 'no-creative': 0, 'error': 0}
#
image-pending    994760606773075 c0  (HANDOVER §8.5 — image handling not yet built)
image-pending    994760606773075 c0  (HANDOVER §8.5 — image handling not yet built)
image-pending    994760606773075 c0  (HANDOVER §8.5 — image handling not yet built)
image-pending    994760606773075 c0  (HANDOVER §8.5 — image handling not yet built)
image-pending    994760606773075 c0  (HANDOVER §8.5 — image handling not yet built)
image-pending    994760606773075 c0  (HANDOVER §8.5 — image handling not yet built)
image-pending    994760606773075 c0  (HANDOVER §8.5 — image handling not yet built)
image-pending    994760606773075 c0  (HANDOVER §8.5 — image handling not yet built)
image-pending    994760606773075 c0  (HANDOVER §8.5 — image handling not yet built)
image-pending    994760606773075 c0  (HANDOVER §8.5 — image handling not yet built)
image-pending    994760606773075 c0  (HANDOVER §8.5 — image handling not yet built)
image-pending    1306267591684899 c0  (HANDOVER §8.5 — image handling not yet built)
image-pending    1306267591684899 c0  (HANDOVER §8.5 — image handling not yet built)
carried-forward  1536513561235052 c0  → https://pub-893b4a6a607b4221a894bf861da7914e.r2.dev/1536513561235052.jpg
carried-forward  860435503765923 c0  → https://pub-893b4a6a607b4221a894bf861da7914e.r2.dev/860435503765923.jpg
image-pending    1304155555246846 c0  (HANDOVER §8.5 — image handling not yet built)
image-pending    1304155555246846 c0  (HANDOVER §8.5 — image handling not yet built)
image-pending    1304155555246846 c0  (HANDOVER §8.5 — image handling not yet built)
image-pending    1304155555246846 c0  (HANDOVER §8.5 — image handling not yet built)
image-pending    1304155555246846 c0  (HANDOVER §8.5 — image handling not yet built)
image-pending    1304155555246846 c0  (HANDOVER §8.5 — image handling not yet built)
image-pending    1304155555246846 c0  (HANDOVER §8.5 — image handling not yet built)
image-pending    1304155555246846 c0  (HANDOVER §8.5 — image handling not yet built)
image-pending    1304155555246846 c0  (HANDOVER §8.5 — image handling not yet built)
image-pending    1304155555246846 c0  (HANDOVER §8.5 — image handling not yet built)
image-pending    1304155555246846 c0  (HANDOVER §8.5 — image handling not yet built)
image-pending    1304155555246846 c0  (HANDOVER §8.5 — image handling not yet built)
carried-forward  2277788519415498 c0  → https://pub-893b4a6a607b4221a894bf861da7914e.r2.dev/2277788519415498.mp4
carried-forward  1345302127494780 c0  → https://pub-893b4a6a607b4221a894bf861da7914e.r2.dev/1345302127494780.mp4
video-missing    1345302127494780 c0  (expected file not found in facebook/videos/ewa-2026-06-22)
video-missing    1345302127494780 c0  (expected file not found in facebook/videos/ewa-2026-06-22)
video-missing    1345302127494780 c0  (expected file not found in facebook/videos/ewa-2026-06-22)
video-missing    1345302127494780 c0  (expected file not found in facebook/videos/ewa-2026-06-22)
video-missing    1345302127494780 c0  (expected file not found in facebook/videos/ewa-2026-06-22)
video-missing    1345302127494780 c0  (expected file not found in facebook/videos/ewa-2026-06-22)
video-missing    1345302127494780 c0  (expected file not found in facebook/videos/ewa-2026-06-22)
video-missing    1345302127494780 c0  (expected file not found in facebook/videos/ewa-2026-06-22)
video-missing    1345302127494780 c0  (expected file not found in facebook/videos/ewa-2026-06-22)
video-missing    1345302127494780 c0  (expected file not found in facebook/videos/ewa-2026-06-22)
video-missing    1345302127494780 c0  (expected file not found in facebook/videos/ewa-2026-06-22)
video-missing    1345302127494780 c0  (expected file not found in facebook/videos/ewa-2026-06-22)
video-missing    1345302127494780 c0  (expected file not found in facebook/videos/ewa-2026-06-22)
video-missing    1345302127494780 c0  (expected file not found in facebook/videos/ewa-2026-06-22)
video-missing    1345302127494780 c0  (expected file not found in facebook/videos/ewa-2026-06-22)
video-missing    1345302127494780 c0  (expected file not found in facebook/videos/ewa-2026-06-22)
video-missing    1345302127494780 c0  (expected file not found in facebook/videos/ewa-2026-06-22)
video-missing    1345302127494780 c0  (expected file not found in facebook/videos/ewa-2026-06-22)
video-missing    1345302127494780 c0  (expected file not found in facebook/videos/ewa-2026-06-22)
carried-forward  1273117798178140 c0  → https://pub-893b4a6a607b4221a894bf861da7914e.r2.dev/1273117798178140.jpg
carried-forward  1939865513304659 c0  → https://pub-893b4a6a607b4221a894bf861da7914e.r2.dev/1939865513304659.jpg
image-pending    3553610338136073 c0  (HANDOVER §8.5 — image handling not yet built)
image-pending    3553610338136073 c0  (HANDOVER §8.5 — image handling not yet built)
image-pending    3553610338136073 c0  (HANDOVER §8.5 — image handling not yet built)
image-pending    3553610338136073 c0  (HANDOVER §8.5 — image handling not yet built)
image-pending    3553610338136073 c0  (HANDOVER §8.5 — image handling not yet built)
image-pending    3553610338136073 c0  (HANDOVER §8.5 — image handling not yet built)
image-pending    3553610338136073 c0  (HANDOVER §8.5 — image handling not yet built)
image-pending    3553610338136073 c0  (HANDOVER §8.5 — image handling not yet built)
image-pending    3553610338136073 c0  (HANDOVER §8.5 — image handling not yet built)
image-pending    3553610338136073 c0  (HANDOVER §8.5 — image handling not yet built)
image-pending    3553610338136073 c0  (HANDOVER §8.5 — image handling not yet built)
image-pending    3553610338136073 c0  (HANDOVER §8.5 — image handling not yet built)
image-pending    3553610338136073 c0  (HANDOVER §8.5 — image handling not yet built)
carried-forward  1691669481779269 c0  → https://pub-893b4a6a607b4221a894bf861da7914e.r2.dev/1691669481779269.jpg
uploaded         27039840315675536 c0  (video) ← 27039840315675536.mp4  → https://dcfd27564ef899969db9a562c7e1945f.r2.cloudflarestorage.com/27039840315675536.mp4
video-missing    27039840315675536 c0  (expected file not found in facebook/videos/ewa-2026-06-22)
video-missing    27039840315675536 c0  (expected file not found in facebook/videos/ewa-2026-06-22)
video-missing    27039840315675536 c0  (expected file not found in facebook/videos/ewa-2026-06-22)
video-missing    27039840315675536 c0  (expected file not found in facebook/videos/ewa-2026-06-22)
video-missing    27039840315675536 c0  (expected file not found in facebook/videos/ewa-2026-06-22)
video-missing    27039840315675536 c0  (expected file not found in facebook/videos/ewa-2026-06-22)
video-missing    27039840315675536 c0  (expected file not found in facebook/videos/ewa-2026-06-22)
video-missing    27039840315675536 c0  (expected file not found in facebook/videos/ewa-2026-06-22)
video-missing    27039840315675536 c0  (expected file not found in facebook/videos/ewa-2026-06-22)
video-missing    27039840315675536 c0  (expected file not found in facebook/videos/ewa-2026-06-22)
video-missing    27039840315675536 c0  (expected file not found in facebook/videos/ewa-2026-06-22)
video-missing    27039840315675536 c0  (expected file not found in facebook/videos/ewa-2026-06-22)
video-missing    27039840315675536 c0  (expected file not found in facebook/videos/ewa-2026-06-22)
video-missing    27039840315675536 c0  (expected file not found in facebook/videos/ewa-2026-06-22)
video-missing    27039840315675536 c0  (expected file not found in facebook/videos/ewa-2026-06-22)
video-missing    27039840315675536 c0  (expected file not found in facebook/videos/ewa-2026-06-22)
video-missing    27039840315675536 c0  (expected file not found in facebook/videos/ewa-2026-06-22)
video-missing    27039840315675536 c0  (expected file not found in facebook/videos/ewa-2026-06-22)
video-missing    27039840315675536 c0  (expected file not found in facebook/videos/ewa-2026-06-22)
video-missing    27039840315675536 c0  (expected file not found in facebook/videos/ewa-2026-06-22)
video-missing    27039840315675536 c0  (expected file not found in facebook/videos/ewa-2026-06-22)
video-missing    27039840315675536 c0  (expected file not found in facebook/videos/ewa-2026-06-22)
video-missing    27039840315675536 c0  (expected file not found in facebook/videos/ewa-2026-06-22)
video-missing    27039840315675536 c0  (expected file not found in facebook/videos/ewa-2026-06-22)
video-missing    27039840315675536 c0  (expected file not found in facebook/videos/ewa-2026-06-22)
video-missing    27039840315675536 c0  (expected file not found in facebook/videos/ewa-2026-06-22)
video-missing    27039840315675536 c0  (expected file not found in facebook/videos/ewa-2026-06-22)
video-missing    27039840315675536 c0  (expected file not found in facebook/videos/ewa-2026-06-22)
video-missing    27039840315675536 c0  (expected file not found in facebook/videos/ewa-2026-06-22)
video-missing    27039840315675536 c0  (expected file not found in facebook/videos/ewa-2026-06-22)
video-missing    27039840315675536 c0  (expected file not found in facebook/videos/ewa-2026-06-22)
video-missing    27039840315675536 c0  (expected file not found in facebook/videos/ewa-2026-06-22)
video-missing    27039840315675536 c0  (expected file not found in facebook/videos/ewa-2026-06-22)
video-missing    27039840315675536 c0  (expected file not found in facebook/videos/ewa-2026-06-22)
video-missing    27039840315675536 c0  (expected file not found in facebook/videos/ewa-2026-06-22)
carried-forward  1017350164282391 c0  → https://pub-893b4a6a607b4221a894bf861da7914e.r2.dev/1017350164282391.jpg
carried-forward  1747669433310045 c0  → https://pub-893b4a6a607b4221a894bf861da7914e.r2.dev/1747669433310045.mp4
video-missing    1747669433310045 c0  (expected file not found in facebook/videos/ewa-2026-06-22)
image-pending    2792455144431425 c0  (HANDOVER §8.5 — image handling not yet built)
image-pending    2792455144431425 c0  (HANDOVER §8.5 — image handling not yet built)
image-pending    2792455144431425 c0  (HANDOVER §8.5 — image handling not yet built)
image-pending    2792455144431425 c0  (HANDOVER §8.5 — image handling not yet built)
image-pending    2792455144431425 c0  (HANDOVER §8.5 — image handling not yet built)
image-pending    2792455144431425 c0  (HANDOVER §8.5 — image handling not yet built)
image-pending    2792455144431425 c0  (HANDOVER §8.5 — image handling not yet built)
image-pending    2792455144431425 c0  (HANDOVER §8.5 — image handling not yet built)
image-pending    2792455144431425 c0  (HANDOVER §8.5 — image handling not yet built)
carried-forward  997902889840859 c0  → https://dcfd27564ef899969db9a562c7e1945f.r2.cloudflarestorage.com/997902889840859.mp4
image-pending    2008633796433371 c0  (HANDOVER §8.5 — image handling not yet built)
image-pending    2008633796433371 c0  (HANDOVER §8.5 — image handling not yet built)
image-pending    2008633796433371 c0  (HANDOVER §8.5 — image handling not yet built)
image-pending    2008633796433371 c0  (HANDOVER §8.5 — image handling not yet built)
image-pending    2008633796433371 c0  (HANDOVER §8.5 — image handling not yet built)
image-pending    2008633796433371 c0  (HANDOVER §8.5 — image handling not yet built)
image-pending    2008633796433371 c0  (HANDOVER §8.5 — image handling not yet built)
image-pending    2008633796433371 c0  (HANDOVER §8.5 — image handling not yet built)
image-pending    2008633796433371 c0  (HANDOVER §8.5 — image handling not yet built)
image-pending    2008633796433371 c0  (HANDOVER §8.5 — image handling not yet built)
image-pending    1398473008927470 c0  (HANDOVER §8.5 — image handling not yet built)
image-pending    1398473008927470 c0  (HANDOVER §8.5 — image handling not yet built)
image-pending    1398473008927470 c0  (HANDOVER §8.5 — image handling not yet built)
image-pending    1398473008927470 c0  (HANDOVER §8.5 — image handling not yet built)
image-pending    1398473008927470 c0  (HANDOVER §8.5 — image handling not yet built)
image-pending    1398473008927470 c0  (HANDOVER §8.5 — image handling not yet built)
image-pending    1398473008927470 c0  (HANDOVER §8.5 — image handling not yet built)
image-pending    1398473008927470 c0  (HANDOVER §8.5 — image handling not yet built)
image-pending    1398473008927470 c0  (HANDOVER §8.5 — image handling not yet built)
image-pending    1398473008927470 c0  (HANDOVER §8.5 — image handling not yet built)
carried-forward  971663399190998 c0  → https://dcfd27564ef899969db9a562c7e1945f.r2.cloudflarestorage.com/971663399190998.mp4
video-missing    971663399190998 c0  (expected file not found in facebook/videos/ewa-2026-06-22)
video-missing    971663399190998 c0  (expected file not found in facebook/videos/ewa-2026-06-22)
video-missing    971663399190998 c0  (expected file not found in facebook/videos/ewa-2026-06-22)
video-missing    971663399190998 c0  (expected file not found in facebook/videos/ewa-2026-06-22)
video-missing    971663399190998 c0  (expected file not found in facebook/videos/ewa-2026-06-22)
carried-forward  1748754609899497 c0  → https://dcfd27564ef899969db9a562c7e1945f.r2.cloudflarestorage.com/1748754609899497.mp4
video-missing    1748754609899497 c0  (expected file not found in facebook/videos/ewa-2026-06-22)
video-missing    1748754609899497 c0  (expected file not found in facebook/videos/ewa-2026-06-22)
video-missing    1748754609899497 c0  (expected file not found in facebook/videos/ewa-2026-06-22)
image-pending    953982024336586 c0  (HANDOVER §8.5 — image handling not yet built)
image-pending    972512512344127 c0  (HANDOVER §8.5 — image handling not yet built)
image-pending    1033767069322431 c0  (HANDOVER §8.5 — image handling not yet built)
image-pending    1033767069322431 c0  (HANDOVER §8.5 — image handling not yet built)
image-pending    1033767069322431 c0  (HANDOVER §8.5 — image handling not yet built)
image-pending    1033767069322431 c0  (HANDOVER §8.5 — image handling not yet built)
image-pending    1033767069322431 c0  (HANDOVER §8.5 — image handling not yet built)
image-pending    1033767069322431 c0  (HANDOVER §8.5 — image handling not yet built)
image-pending    1033767069322431 c0  (HANDOVER §8.5 — image handling not yet built)
image-pending    1033767069322431 c0  (HANDOVER §8.5 — image handling not yet built)
image-pending    1033767069322431 c0  (HANDOVER §8.5 — image handling not yet built)
image-pending    1033767069322431 c0  (HANDOVER §8.5 — image handling not yet built)
image-pending    3992486917711214 c0  (HANDOVER §8.5 — image handling not yet built)
image-pending    3992486917711214 c0  (HANDOVER §8.5 — image handling not yet built)
image-pending    3992486917711214 c0  (HANDOVER §8.5 — image handling not yet built)
image-pending    3992486917711214 c0  (HANDOVER §8.5 — image handling not yet built)
image-pending    3992486917711214 c0  (HANDOVER §8.5 — image handling not yet built)
image-pending    3992486917711214 c0  (HANDOVER §8.5 — image handling not yet built)
image-pending    3992486917711214 c0  (HANDOVER §8.5 — image handling not yet built)
image-pending    3992486917711214 c0  (HANDOVER §8.5 — image handling not yet built)
image-pending    3992486917711214 c0  (HANDOVER §8.5 — image handling not yet built)
image-pending    3992486917711214 c0  (HANDOVER §8.5 — image handling not yet built)
carried-forward  1389521433022816 c0  → https://pub-893b4a6a607b4221a894bf861da7914e.r2.dev/1389521433022816.jpg
image-pending    3748419995299131 c0  (HANDOVER §8.5 — image handling not yet built)
image-pending    3748419995299131 c0  (HANDOVER §8.5 — image handling not yet built)
image-pending    1660137235254669 c0  (HANDOVER §8.5 — image handling not yet built)
image-pending    1660137235254669 c0  (HANDOVER §8.5 — image handling not yet built)
image-pending    1660137235254669 c0  (HANDOVER §8.5 — image handling not yet built)
image-pending    1660137235254669 c0  (HANDOVER §8.5 — image handling not yet built)
image-pending    1660137235254669 c0  (HANDOVER §8.5 — image handling not yet built)
image-pending    1660137235254669 c0  (HANDOVER §8.5 — image handling not yet built)
image-pending    1660137235254669 c0  (HANDOVER §8.5 — image handling not yet built)
image-pending    1660137235254669 c0  (HANDOVER §8.5 — image handling not yet built)
image-pending    1660137235254669 c0  (HANDOVER §8.5 — image handling not yet built)
image-pending    1660137235254669 c0  (HANDOVER §8.5 — image handling not yet built)
image-pending    975020472106377 c0  (HANDOVER §8.5 — image handling not yet built)
image-pending    993819813195120 c0  (HANDOVER §8.5 — image handling not yet built)
image-pending    993819813195120 c0  (HANDOVER §8.5 — image handling not yet built)
image-pending    993819813195120 c0  (HANDOVER §8.5 — image handling not yet built)
image-pending    993819813195120 c0  (HANDOVER §8.5 — image handling not yet built)
image-pending    993819813195120 c0  (HANDOVER §8.5 — image handling not yet built)
image-pending    993819813195120 c0  (HANDOVER §8.5 — image handling not yet built)
image-pending    993819813195120 c0  (HANDOVER §8.5 — image handling not yet built)
image-pending    993819813195120 c0  (HANDOVER §8.5 — image handling not yet built)
image-pending    993819813195120 c0  (HANDOVER §8.5 — image handling not yet built)
image-pending    993819813195120 c0  (HANDOVER §8.5 — image handling not yet built)
image-pending    993819813195120 c0  (HANDOVER §8.5 — image handling not yet built)
image-pending    993819813195120 c0  (HANDOVER §8.5 — image handling not yet built)
image-pending    993819813195120 c0  (HANDOVER §8.5 — image handling not yet built)
image-pending    993819813195120 c0  (HANDOVER §8.5 — image handling not yet built)
image-pending    993819813195120 c0  (HANDOVER §8.5 — image handling not yet built)
image-pending    993819813195120 c0  (HANDOVER §8.5 — image handling not yet built)
image-pending    993819813195120 c0  (HANDOVER §8.5 — image handling not yet built)
image-pending    993819813195120 c0  (HANDOVER §8.5 — image handling not yet built)
image-pending    993819813195120 c0  (HANDOVER §8.5 — image handling not yet built)
image-pending    993819813195120 c0  (HANDOVER §8.5 — image handling not yet built)
image-pending    993819813195120 c0  (HANDOVER §8.5 — image handling not yet built)
image-pending    993819813195120 c0  (HANDOVER §8.5 — image handling not yet built)
carried-forward  1784128002571621 c0  → https://pub-893b4a6a607b4221a894bf861da7914e.r2.dev/1784128002571621.jpg
image-pending    1784128002571621 c0  (HANDOVER §8.5 — image handling not yet built)
carried-forward  970001272563498 c0  → https://pub-893b4a6a607b4221a894bf861da7914e.r2.dev/970001272563498.jpg
image-pending    970001272563498 c0  (HANDOVER §8.5 — image handling not yet built)
image-pending    970001272563498 c0  (HANDOVER §8.5 — image handling not yet built)
image-pending    970001272563498 c0  (HANDOVER §8.5 — image handling not yet built)
image-pending    970001272563498 c0  (HANDOVER §8.5 — image handling not yet built)
image-pending    970001272563498 c0  (HANDOVER §8.5 — image handling not yet built)
image-pending    970001272563498 c0  (HANDOVER §8.5 — image handling not yet built)
image-pending    970001272563498 c0  (HANDOVER §8.5 — image handling not yet built)
image-pending    970001272563498 c0  (HANDOVER §8.5 — image handling not yet built)
image-pending    970001272563498 c0  (HANDOVER §8.5 — image handling not yet built)
image-pending    970001272563498 c0  (HANDOVER §8.5 — image handling not yet built)
image-pending    970001272563498 c0  (HANDOVER §8.5 — image handling not yet built)
image-pending    970001272563498 c0  (HANDOVER §8.5 — image handling not yet built)
image-pending    2933123707079385 c0  (HANDOVER §8.5 — image handling not yet built)
image-pending    855585517046394 c0  (HANDOVER §8.5 — image handling not yet built)
image-pending    855585517046394 c0  (HANDOVER §8.5 — image handling not yet built)
image-pending    855585517046394 c0  (HANDOVER §8.5 — image handling not yet built)
image-pending    855585517046394 c0  (HANDOVER §8.5 — image handling not yet built)
image-pending    855585517046394 c0  (HANDOVER §8.5 — image handling not yet built)
image-pending    855585517046394 c0  (HANDOVER §8.5 — image handling not yet built)
image-pending    855585517046394 c0  (HANDOVER §8.5 — image handling not yet built)
image-pending    855585517046394 c0  (HANDOVER §8.5 — image handling not yet built)
image-pending    855585517046394 c0  (HANDOVER §8.5 — image handling not yet built)
image-pending    855585517046394 c0  (HANDOVER §8.5 — image handling not yet built)
image-pending    855585517046394 c0  (HANDOVER §8.5 — image handling not yet built)
image-pending    855585517046394 c0  (HANDOVER §8.5 — image handling not yet built)
image-pending    855585517046394 c0  (HANDOVER §8.5 — image handling not yet built)
image-pending    855585517046394 c0  (HANDOVER §8.5 — image handling not yet built)
image-pending    855585517046394 c0  (HANDOVER §8.5 — image handling not yet built)
image-pending    855585517046394 c0  (HANDOVER §8.5 — image handling not yet built)
image-pending    990463830259661 c0  (HANDOVER §8.5 — image handling not yet built)
image-pending    990463830259661 c0  (HANDOVER §8.5 — image handling not yet built)
image-pending    990463830259661 c0  (HANDOVER §8.5 — image handling not yet built)
image-pending    990463830259661 c0  (HANDOVER §8.5 — image handling not yet built)
image-pending    990463830259661 c0  (HANDOVER §8.5 — image handling not yet built)
image-pending    990463830259661 c0  (HANDOVER §8.5 — image handling not yet built)
image-pending    990463830259661 c0  (HANDOVER §8.5 — image handling not yet built)
image-pending    990463830259661 c0  (HANDOVER §8.5 — image handling not yet built)
image-pending    990463830259661 c0  (HANDOVER §8.5 — image handling not yet built)
carried-forward  889929840785075 c0  → https://pub-893b4a6a607b4221a894bf861da7914e.r2.dev/889929840785075.jpg
image-pending    1477871840166136 c0  (HANDOVER §8.5 — image handling not yet built)
image-pending    1461244112470894 c0  (HANDOVER §8.5 — image handling not yet built)
image-pending    1461244112470894 c0  (HANDOVER §8.5 — image handling not yet built)
carried-forward  981231267966361 c0  → https://pub-893b4a6a607b4221a894bf861da7914e.r2.dev/981231267966361.jpg
image-pending    1299514655111003 c0  (HANDOVER §8.5 — image handling not yet built)
image-pending    1299514655111003 c0  (HANDOVER §8.5 — image handling not yet built)
image-pending    1299514655111003 c0  (HANDOVER §8.5 — image handling not yet built)
image-pending    1299514655111003 c0  (HANDOVER §8.5 — image handling not yet built)
image-pending    1299514655111003 c0  (HANDOVER §8.5 — image handling not yet built)
image-pending    1299514655111003 c0  (HANDOVER §8.5 — image handling not yet built)
image-pending    1299514655111003 c0  (HANDOVER §8.5 — image handling not yet built)
image-pending    1299514655111003 c0  (HANDOVER §8.5 — image handling not yet built)
image-pending    1299514655111003 c0  (HANDOVER §8.5 — image handling not yet built)
image-pending    1299514655111003 c0  (HANDOVER §8.5 — image handling not yet built)
image-pending    1299514655111003 c0  (HANDOVER §8.5 — image handling not yet built)
image-pending    1299514655111003 c0  (HANDOVER §8.5 — image handling not yet built)
image-pending    1299514655111003 c0  (HANDOVER §8.5 — image handling not yet built)
image-pending    1299514655111003 c0  (HANDOVER §8.5 — image handling not yet built)
image-pending    1299514655111003 c0  (HANDOVER §8.5 — image handling not yet built)
image-pending    1299514655111003 c0  (HANDOVER §8.5 — image handling not yet built)
image-pending    1299514655111003 c0  (HANDOVER §8.5 — image handling not yet built)
carried-forward  2892999924237848 c0  → https://pub-893b4a6a607b4221a894bf861da7914e.r2.dev/2892999924237848.jpg
carried-forward  991976169883119 c0  → https://pub-893b4a6a607b4221a894bf861da7914e.r2.dev/991976169883119.mp4
video-missing    991976169883119 c0  (expected file not found in facebook/videos/ewa-2026-06-22)
video-missing    991976169883119 c0  (expected file not found in facebook/videos/ewa-2026-06-22)
video-missing    991976169883119 c0  (expected file not found in facebook/videos/ewa-2026-06-22)
video-missing    991976169883119 c0  (expected file not found in facebook/videos/ewa-2026-06-22)
video-missing    991976169883119 c0  (expected file not found in facebook/videos/ewa-2026-06-22)
video-missing    991976169883119 c0  (expected file not found in facebook/videos/ewa-2026-06-22)
video-missing    991976169883119 c0  (expected file not found in facebook/videos/ewa-2026-06-22)
video-missing    991976169883119 c0  (expected file not found in facebook/videos/ewa-2026-06-22)
video-missing    991976169883119 c0  (expected file not found in facebook/videos/ewa-2026-06-22)
video-missing    991976169883119 c0  (expected file not found in facebook/videos/ewa-2026-06-22)
video-missing    991976169883119 c0  (expected file not found in facebook/videos/ewa-2026-06-22)
video-missing    991976169883119 c0  (expected file not found in facebook/videos/ewa-2026-06-22)
image-pending    1637342333991232 c0  (HANDOVER §8.5 — image handling not yet built)
image-pending    1637342333991232 c0  (HANDOVER §8.5 — image handling not yet built)
image-pending    1637342333991232 c0  (HANDOVER §8.5 — image handling not yet built)
image-pending    1637342333991232 c0  (HANDOVER §8.5 — image handling not yet built)
carried-forward  1625111295455261 c0  → https://pub-893b4a6a607b4221a894bf861da7914e.r2.dev/1625111295455261.jpg
image-pending    1625111295455261 c0  (HANDOVER §8.5 — image handling not yet built)
image-pending    858408813979834 c0  (HANDOVER §8.5 — image handling not yet built)
image-pending    858408813979834 c0  (HANDOVER §8.5 — image handling not yet built)
image-pending    858408813979834 c0  (HANDOVER §8.5 — image handling not yet built)
image-pending    858408813979834 c0  (HANDOVER §8.5 — image handling not yet built)
carried-forward  2055734171992505 c0  → https://pub-893b4a6a607b4221a894bf861da7914e.r2.dev/2055734171992505.jpg
image-pending    1932943247415360 c0  (HANDOVER §8.5 — image handling not yet built)
image-pending    1932943247415360 c0  (HANDOVER §8.5 — image handling not yet built)
image-pending    1932943247415360 c0  (HANDOVER §8.5 — image handling not yet built)
image-pending    1932943247415360 c0  (HANDOVER §8.5 — image handling not yet built)
image-pending    1932943247415360 c0  (HANDOVER §8.5 — image handling not yet built)
image-pending    1932943247415360 c0  (HANDOVER §8.5 — image handling not yet built)
image-pending    1932943247415360 c0  (HANDOVER §8.5 — image handling not yet built)
image-pending    1465472401458214 c0  (HANDOVER §8.5 — image handling not yet built)
image-pending    1465472401458214 c0  (HANDOVER §8.5 — image handling not yet built)
image-pending    1465472401458214 c0  (HANDOVER §8.5 — image handling not yet built)
image-pending    1465472401458214 c0  (HANDOVER §8.5 — image handling not yet built)
image-pending    1465472401458214 c0  (HANDOVER §8.5 — image handling not yet built)
image-pending    1465472401458214 c0  (HANDOVER §8.5 — image handling not yet built)
image-pending    1465472401458214 c0  (HANDOVER §8.5 — image handling not yet built)
image-pending    1465472401458214 c0  (HANDOVER §8.5 — image handling not yet built)
image-pending    1465472401458214 c0  (HANDOVER §8.5 — image handling not yet built)
image-pending    1465472401458214 c0  (HANDOVER §8.5 — image handling not yet built)
carried-forward  983071281152097 c0  → https://pub-893b4a6a607b4221a894bf861da7914e.r2.dev/983071281152097.jpg
carried-forward  3378461688982686 c0  → https://dcfd27564ef899969db9a562c7e1945f.r2.cloudflarestorage.com/3378461688982686.mp4
video-missing    3378461688982686 c0  (expected file not found in facebook/videos/ewa-2026-06-22)
video-missing    3378461688982686 c0  (expected file not found in facebook/videos/ewa-2026-06-22)
image-pending    970758672500947 c0  (HANDOVER §8.5 — image handling not yet built)
image-pending    26154823880861146 c0  (HANDOVER §8.5 — image handling not yet built)
image-pending    26154823880861146 c0  (HANDOVER §8.5 — image handling not yet built)
image-pending    26154823880861146 c0  (HANDOVER §8.5 — image handling not yet built)
image-pending    26154823880861146 c0  (HANDOVER §8.5 — image handling not yet built)
image-pending    26154823880861146 c0  (HANDOVER §8.5 — image handling not yet built)
image-pending    26154823880861146 c0  (HANDOVER §8.5 — image handling not yet built)
image-pending    26154823880861146 c0  (HANDOVER §8.5 — image handling not yet built)
carried-forward  2853191935046043 c0  → https://pub-893b4a6a607b4221a894bf861da7914e.r2.dev/2853191935046043.jpg
image-pending    27106274772371837 c0  (HANDOVER §8.5 — image handling not yet built)
image-pending    861736090334632 c0  (HANDOVER §8.5 — image handling not yet built)
image-pending    861736090334632 c0  (HANDOVER §8.5 — image handling not yet built)
image-pending    861736090334632 c0  (HANDOVER §8.5 — image handling not yet built)
image-pending    861736090334632 c0  (HANDOVER §8.5 — image handling not yet built)
image-pending    1722095638817362 c0  (HANDOVER §8.5 — image handling not yet built)
image-pending    1722095638817362 c0  (HANDOVER §8.5 — image handling not yet built)
image-pending    1722095638817362 c0  (HANDOVER §8.5 — image handling not yet built)
image-pending    1722095638817362 c0  (HANDOVER §8.5 — image handling not yet built)
image-pending    1722095638817362 c0  (HANDOVER §8.5 — image handling not yet built)
image-pending    1722095638817362 c0  (HANDOVER §8.5 — image handling not yet built)
image-pending    2441646422974986 c0  (HANDOVER §8.5 — image handling not yet built)
image-pending    2441646422974986 c0  (HANDOVER §8.5 — image handling not yet built)
carried-forward  1752650406168033 c0  → https://dcfd27564ef899969db9a562c7e1945f.r2.cloudflarestorage.com/1752650406168033.mp4
carried-forward  733812606460725 c0  → https://pub-893b4a6a607b4221a894bf861da7914e.r2.dev/733812606460725.jpg
image-pending    733812606460725 c0  (HANDOVER §8.5 — image handling not yet built)
uploaded         1528390825745259 c0  (video) ← 1528390825745259.mp4  → https://dcfd27564ef899969db9a562c7e1945f.r2.cloudflarestorage.com/1528390825745259.mp4
carried-forward  827208420466500 c0  → https://pub-893b4a6a607b4221a894bf861da7914e.r2.dev/827208420466500.jpg
image-pending    36331000489831767 c0  (HANDOVER §8.5 — image handling not yet built)
image-pending    36331000489831767 c0  (HANDOVER §8.5 — image handling not yet built)
image-pending    36331000489831767 c0  (HANDOVER §8.5 — image handling not yet built)
image-pending    36331000489831767 c0  (HANDOVER §8.5 — image handling not yet built)
image-pending    36331000489831767 c0  (HANDOVER §8.5 — image handling not yet built)
image-pending    36331000489831767 c0  (HANDOVER §8.5 — image handling not yet built)
image-pending    36331000489831767 c0  (HANDOVER §8.5 — image handling not yet built)
image-pending    36331000489831767 c0  (HANDOVER §8.5 — image handling not yet built)
image-pending    36331000489831767 c0  (HANDOVER §8.5 — image handling not yet built)
carried-forward  1527829898736588 c0  → https://dcfd27564ef899969db9a562c7e1945f.r2.cloudflarestorage.com/1527829898736588.mp4
video-missing    1527829898736588 c0  (expected file not found in facebook/videos/ewa-2026-06-22)
video-missing    1527829898736588 c0  (expected file not found in facebook/videos/ewa-2026-06-22)
video-missing    1527829898736588 c0  (expected file not found in facebook/videos/ewa-2026-06-22)
video-missing    1527829898736588 c0  (expected file not found in facebook/videos/ewa-2026-06-22)
carried-forward  985865127639537 c0  → https://pub-893b4a6a607b4221a894bf861da7914e.r2.dev/985865127639537.jpg
image-pending    4324852771064861 c0  (HANDOVER §8.5 — image handling not yet built)
image-pending    4324852771064861 c0  (HANDOVER §8.5 — image handling not yet built)
image-pending    4324852771064861 c0  (HANDOVER §8.5 — image handling not yet built)
image-pending    4324852771064861 c0  (HANDOVER §8.5 — image handling not yet built)
image-pending    4324852771064861 c0  (HANDOVER §8.5 — image handling not yet built)
image-pending    4324852771064861 c0  (HANDOVER §8.5 — image handling not yet built)
image-pending    4324852771064861 c0  (HANDOVER §8.5 — image handling not yet built)
image-pending    4324852771064861 c0  (HANDOVER §8.5 — image handling not yet built)
image-pending    4324852771064861 c0  (HANDOVER §8.5 — image handling not yet built)
image-pending    4324852771064861 c0  (HANDOVER §8.5 — image handling not yet built)
image-pending    2023456231577415 c0  (HANDOVER §8.5 — image handling not yet built)
image-pending    1555974535878600 c0  (HANDOVER §8.5 — image handling not yet built)
image-pending    1555974535878600 c0  (HANDOVER §8.5 — image handling not yet built)
image-pending    1555974535878600 c0  (HANDOVER §8.5 — image handling not yet built)
carried-forward  1716693839373968 c0  → https://pub-893b4a6a607b4221a894bf861da7914e.r2.dev/1716693839373968.mp4
video-missing    1716693839373968 c0  (expected file not found in facebook/videos/ewa-2026-06-22)
video-missing    1716693839373968 c0  (expected file not found in facebook/videos/ewa-2026-06-22)
video-missing    1716693839373968 c0  (expected file not found in facebook/videos/ewa-2026-06-22)
video-missing    1716693839373968 c0  (expected file not found in facebook/videos/ewa-2026-06-22)
video-missing    1716693839373968 c0  (expected file not found in facebook/videos/ewa-2026-06-22)
video-missing    1716693839373968 c0  (expected file not found in facebook/videos/ewa-2026-06-22)
video-missing    1716693839373968 c0  (expected file not found in facebook/videos/ewa-2026-06-22)
video-missing    1716693839373968 c0  (expected file not found in facebook/videos/ewa-2026-06-22)
video-missing    1716693839373968 c0  (expected file not found in facebook/videos/ewa-2026-06-22)
carried-forward  994864890149546 c0  → https://pub-893b4a6a607b4221a894bf861da7914e.r2.dev/994864890149546.jpg
image-pending    994864890149546 c0  (HANDOVER §8.5 — image handling not yet built)
image-pending    994864890149546 c0  (HANDOVER §8.5 — image handling not yet built)
image-pending    994864890149546 c0  (HANDOVER §8.5 — image handling not yet built)
image-pending    994864890149546 c0  (HANDOVER §8.5 — image handling not yet built)
image-pending    994864890149546 c0  (HANDOVER §8.5 — image handling not yet built)
carried-forward  968133256007959 c0  → https://pub-893b4a6a607b4221a894bf861da7914e.r2.dev/968133256007959.mp4
video-missing    968133256007959 c0  (expected file not found in facebook/videos/ewa-2026-06-22)
video-missing    968133256007959 c0  (expected file not found in facebook/videos/ewa-2026-06-22)
video-missing    968133256007959 c0  (expected file not found in facebook/videos/ewa-2026-06-22)
video-missing    968133256007959 c0  (expected file not found in facebook/videos/ewa-2026-06-22)
video-missing    968133256007959 c0  (expected file not found in facebook/videos/ewa-2026-06-22)
video-missing    968133256007959 c0  (expected file not found in facebook/videos/ewa-2026-06-22)
video-missing    968133256007959 c0  (expected file not found in facebook/videos/ewa-2026-06-22)
video-missing    968133256007959 c0  (expected file not found in facebook/videos/ewa-2026-06-22)
video-missing    968133256007959 c0  (expected file not found in facebook/videos/ewa-2026-06-22)
video-missing    968133256007959 c0  (expected file not found in facebook/videos/ewa-2026-06-22)
video-missing    968133256007959 c0  (expected file not found in facebook/videos/ewa-2026-06-22)
video-missing    968133256007959 c0  (expected file not found in facebook/videos/ewa-2026-06-22)
video-missing    968133256007959 c0  (expected file not found in facebook/videos/ewa-2026-06-22)
video-missing    968133256007959 c0  (expected file not found in facebook/videos/ewa-2026-06-22)
video-missing    968133256007959 c0  (expected file not found in facebook/videos/ewa-2026-06-22)
video-missing    968133256007959 c0  (expected file not found in facebook/videos/ewa-2026-06-22)
video-missing    968133256007959 c0  (expected file not found in facebook/videos/ewa-2026-06-22)
video-missing    968133256007959 c0  (expected file not found in facebook/videos/ewa-2026-06-22)
video-missing    968133256007959 c0  (expected file not found in facebook/videos/ewa-2026-06-22)
image-pending    27285233611140184 c0  (HANDOVER §8.5 — image handling not yet built)
image-pending    27285233611140184 c0  (HANDOVER §8.5 — image handling not yet built)
image-pending    27285233611140184 c0  (HANDOVER §8.5 — image handling not yet built)
image-pending    27285233611140184 c0  (HANDOVER §8.5 — image handling not yet built)
image-pending    27285233611140184 c0  (HANDOVER §8.5 — image handling not yet built)
image-pending    27285233611140184 c0  (HANDOVER §8.5 — image handling not yet built)
image-pending    27285233611140184 c0  (HANDOVER §8.5 — image handling not yet built)
image-pending    999296115924976 c0  (HANDOVER §8.5 — image handling not yet built)
image-pending    999296115924976 c0  (HANDOVER §8.5 — image handling not yet built)
image-pending    999296115924976 c0  (HANDOVER §8.5 — image handling not yet built)
image-pending    999296115924976 c0  (HANDOVER §8.5 — image handling not yet built)
image-pending    999296115924976 c0  (HANDOVER §8.5 — image handling not yet built)
image-pending    999296115924976 c0  (HANDOVER §8.5 — image handling not yet built)
carried-forward  1653363682608529 c0  → https://pub-893b4a6a607b4221a894bf861da7914e.r2.dev/1653363682608529.jpg
uploaded         872303461908700 c0  (video) ← 872303461908700.mp4  → https://dcfd27564ef899969db9a562c7e1945f.r2.cloudflarestorage.com/872303461908700.mp4
video-missing    872303461908700 c0  (expected file not found in facebook/videos/ewa-2026-06-22)
video-missing    872303461908700 c0  (expected file not found in facebook/videos/ewa-2026-06-22)
video-missing    872303461908700 c0  (expected file not found in facebook/videos/ewa-2026-06-22)
video-missing    872303461908700 c0  (expected file not found in facebook/videos/ewa-2026-06-22)
video-missing    872303461908700 c0  (expected file not found in facebook/videos/ewa-2026-06-22)
video-missing    872303461908700 c0  (expected file not found in facebook/videos/ewa-2026-06-22)
image-pending    1523011712648095 c0  (HANDOVER §8.5 — image handling not yet built)
carried-forward  1514935080281501 c0  → https://pub-893b4a6a607b4221a894bf861da7914e.r2.dev/1514935080281501.mp4
video-missing    1514935080281501 c0  (expected file not found in facebook/videos/ewa-2026-06-22)
video-missing    1514935080281501 c0  (expected file not found in facebook/videos/ewa-2026-06-22)
video-missing    1514935080281501 c0  (expected file not found in facebook/videos/ewa-2026-06-22)
video-missing    1514935080281501 c0  (expected file not found in facebook/videos/ewa-2026-06-22)
video-missing    1514935080281501 c0  (expected file not found in facebook/videos/ewa-2026-06-22)
video-missing    1514935080281501 c0  (expected file not found in facebook/videos/ewa-2026-06-22)
video-missing    1514935080281501 c0  (expected file not found in facebook/videos/ewa-2026-06-22)
video-missing    1514935080281501 c0  (expected file not found in facebook/videos/ewa-2026-06-22)
video-missing    1514935080281501 c0  (expected file not found in facebook/videos/ewa-2026-06-22)
video-missing    1514935080281501 c0  (expected file not found in facebook/videos/ewa-2026-06-22)
image-pending    1576006740533613 c0  (HANDOVER §8.5 — image handling not yet built)
image-pending    1038448385294247 c0  (HANDOVER §8.5 — image handling not yet built)
image-pending    1038448385294247 c0  (HANDOVER §8.5 — image handling not yet built)
image-pending    1038448385294247 c0  (HANDOVER §8.5 — image handling not yet built)
image-pending    1038448385294247 c0  (HANDOVER §8.5 — image handling not yet built)
image-pending    1026985983001938 c0  (HANDOVER §8.5 — image handling not yet built)
image-pending    1026985983001938 c0  (HANDOVER §8.5 — image handling not yet built)
image-pending    1026985983001938 c0  (HANDOVER §8.5 — image handling not yet built)
image-pending    1026985983001938 c0  (HANDOVER §8.5 — image handling not yet built)
image-pending    1026985983001938 c0  (HANDOVER §8.5 — image handling not yet built)
image-pending    1026985983001938 c0  (HANDOVER §8.5 — image handling not yet built)
image-pending    1026985983001938 c0  (HANDOVER §8.5 — image handling not yet built)
image-pending    1026985983001938 c0  (HANDOVER §8.5 — image handling not yet built)
image-pending    1026985983001938 c0  (HANDOVER §8.5 — image handling not yet built)
image-pending    1026985983001938 c0  (HANDOVER §8.5 — image handling not yet built)
image-pending    1026985983001938 c0  (HANDOVER §8.5 — image handling not yet built)
image-pending    1026985983001938 c0  (HANDOVER §8.5 — image handling not yet built)
image-pending    1026985983001938 c0  (HANDOVER §8.5 — image handling not yet built)
image-pending    1026985983001938 c0  (HANDOVER §8.5 — image handling not yet built)
image-pending    1026985983001938 c0  (HANDOVER §8.5 — image handling not yet built)
image-pending    1334381875539157 c0  (HANDOVER §8.5 — image handling not yet built)
image-pending    1470636687611258 c0  (HANDOVER §8.5 — image handling not yet built)
image-pending    1470636687611258 c0  (HANDOVER §8.5 — image handling not yet built)
image-pending    1470636687611258 c0  (HANDOVER §8.5 — image handling not yet built)
image-pending    1470636687611258 c0  (HANDOVER §8.5 — image handling not yet built)
carried-forward  961411566521644 c0  → https://pub-893b4a6a607b4221a894bf861da7914e.r2.dev/961411566521644.mp4
video-missing    961411566521644 c0  (expected file not found in facebook/videos/ewa-2026-06-22)
video-missing    961411566521644 c0  (expected file not found in facebook/videos/ewa-2026-06-22)
video-missing    961411566521644 c0  (expected file not found in facebook/videos/ewa-2026-06-22)
video-missing    961411566521644 c0  (expected file not found in facebook/videos/ewa-2026-06-22)
video-missing    961411566521644 c0  (expected file not found in facebook/videos/ewa-2026-06-22)
video-missing    961411566521644 c0  (expected file not found in facebook/videos/ewa-2026-06-22)
video-missing    961411566521644 c0  (expected file not found in facebook/videos/ewa-2026-06-22)
video-missing    961411566521644 c0  (expected file not found in facebook/videos/ewa-2026-06-22)
image-pending    1547939030220517 c0  (HANDOVER §8.5 — image handling not yet built)
image-pending    1547939030220517 c0  (HANDOVER §8.5 — image handling not yet built)
image-pending    1547939030220517 c0  (HANDOVER §8.5 — image handling not yet built)
carried-forward  902914766096402 c0  → https://pub-893b4a6a607b4221a894bf861da7914e.r2.dev/902914766096402.mp4
carried-forward  2484963355260890 c0  → https://pub-893b4a6a607b4221a894bf861da7914e.r2.dev/2484963355260890.mp4
carried-forward  1521974499460731 c0  → https://pub-893b4a6a607b4221a894bf861da7914e.r2.dev/1521974499460731.jpg
image-pending    1295602786114665 c0  (HANDOVER §8.5 — image handling not yet built)
image-pending    1295602786114665 c0  (HANDOVER §8.5 — image handling not yet built)
uploaded         27207951308864759 c0  (video) ← 27207951308864759.mp4  → https://dcfd27564ef899969db9a562c7e1945f.r2.cloudflarestorage.com/27207951308864759.mp4
video-missing    27207951308864759 c0  (expected file not found in facebook/videos/ewa-2026-06-22)
carried-forward  1510330994151428 c0  → https://dcfd27564ef899969db9a562c7e1945f.r2.cloudflarestorage.com/1510330994151428.mp4
video-missing    1510330994151428 c0  (expected file not found in facebook/videos/ewa-2026-06-22)
video-missing    1510330994151428 c0  (expected file not found in facebook/videos/ewa-2026-06-22)
video-missing    1510330994151428 c0  (expected file not found in facebook/videos/ewa-2026-06-22)
video-missing    1510330994151428 c0  (expected file not found in facebook/videos/ewa-2026-06-22)
video-missing    1510330994151428 c0  (expected file not found in facebook/videos/ewa-2026-06-22)
video-missing    1510330994151428 c0  (expected file not found in facebook/videos/ewa-2026-06-22)
video-missing    1510330994151428 c0  (expected file not found in facebook/videos/ewa-2026-06-22)
video-missing    1510330994151428 c0  (expected file not found in facebook/videos/ewa-2026-06-22)
video-missing    1510330994151428 c0  (expected file not found in facebook/videos/ewa-2026-06-22)
video-missing    1510330994151428 c0  (expected file not found in facebook/videos/ewa-2026-06-22)
carried-forward  854035211081241 c0  → https://pub-893b4a6a607b4221a894bf861da7914e.r2.dev/854035211081241.jpg
image-pending    1364528388957027 c0  (HANDOVER §8.5 — image handling not yet built)
image-pending    1364528388957027 c0  (HANDOVER §8.5 — image handling not yet built)
image-pending    1591347612321237 c0  (HANDOVER §8.5 — image handling not yet built)
image-pending    1591347612321237 c0  (HANDOVER §8.5 — image handling not yet built)
image-pending    1591347612321237 c0  (HANDOVER §8.5 — image handling not yet built)
image-pending    2047196636676595 c0  (HANDOVER §8.5 — image handling not yet built)
image-pending    1367219931941920 c0  (HANDOVER §8.5 — image handling not yet built)
image-pending    1367219931941920 c0  (HANDOVER §8.5 — image handling not yet built)
uploaded         4375731525974994 c0  (video) ← 4375731525974994.mp4  → https://dcfd27564ef899969db9a562c7e1945f.r2.cloudflarestorage.com/4375731525974994.mp4
video-missing    4375731525974994 c0  (expected file not found in facebook/videos/ewa-2026-06-22)
video-missing    4375731525974994 c0  (expected file not found in facebook/videos/ewa-2026-06-22)
video-missing    4375731525974994 c0  (expected file not found in facebook/videos/ewa-2026-06-22)
video-missing    4375731525974994 c0  (expected file not found in facebook/videos/ewa-2026-06-22)
video-missing    4375731525974994 c0  (expected file not found in facebook/videos/ewa-2026-06-22)
video-missing    4375731525974994 c0  (expected file not found in facebook/videos/ewa-2026-06-22)
video-missing    4375731525974994 c0  (expected file not found in facebook/videos/ewa-2026-06-22)
video-missing    4375731525974994 c0  (expected file not found in facebook/videos/ewa-2026-06-22)
video-missing    4375731525974994 c0  (expected file not found in facebook/videos/ewa-2026-06-22)
video-missing    4375731525974994 c0  (expected file not found in facebook/videos/ewa-2026-06-22)
image-pending    1563258611813011 c0  (HANDOVER §8.5 — image handling not yet built)
image-pending    1819523632540460 c0  (HANDOVER §8.5 — image handling not yet built)
image-pending    1819523632540460 c0  (HANDOVER §8.5 — image handling not yet built)
image-pending    1819523632540460 c0  (HANDOVER §8.5 — image handling not yet built)
image-pending    1819523632540460 c0  (HANDOVER §8.5 — image handling not yet built)
image-pending    1819523632540460 c0  (HANDOVER §8.5 — image handling not yet built)
image-pending    1819523632540460 c0  (HANDOVER §8.5 — image handling not yet built)
image-pending    1819523632540460 c0  (HANDOVER §8.5 — image handling not yet built)
image-pending    1819523632540460 c0  (HANDOVER §8.5 — image handling not yet built)
image-pending    1551691606341105 c0  (HANDOVER §8.5 — image handling not yet built)
image-pending    1551691606341105 c0  (HANDOVER §8.5 — image handling not yet built)
image-pending    1551691606341105 c0  (HANDOVER §8.5 — image handling not yet built)
carried-forward  2002069144031022 c0  → https://pub-893b4a6a607b4221a894bf861da7914e.r2.dev/2002069144031022.mp4
image-pending    4425764394408155 c0  (HANDOVER §8.5 — image handling not yet built)
carried-forward  1710607776788908 c0  → https://pub-893b4a6a607b4221a894bf861da7914e.r2.dev/1710607776788908.mp4
carried-forward  3393307104181379 c0  → https://pub-893b4a6a607b4221a894bf861da7914e.r2.dev/3393307104181379.jpg
image-pending    2828041150887052 c0  (HANDOVER §8.5 — image handling not yet built)
image-pending    1708422996821344 c0  (HANDOVER §8.5 — image handling not yet built)
image-pending    1021724160378824 c0  (HANDOVER §8.5 — image handling not yet built)
image-pending    1021724160378824 c0  (HANDOVER §8.5 — image handling not yet built)
image-pending    1021724160378824 c0  (HANDOVER §8.5 — image handling not yet built)
image-pending    1021724160378824 c0  (HANDOVER §8.5 — image handling not yet built)
image-pending    1738767367476279 c0  (HANDOVER §8.5 — image handling not yet built)
carried-forward  1314900907187137 c0  → https://pub-893b4a6a607b4221a894bf861da7914e.r2.dev/1314900907187137.jpg
carried-forward  1638747703907752 c0  → https://pub-893b4a6a607b4221a894bf861da7914e.r2.dev/1638747703907752.jpg
image-pending    1057603033505729 c0  (HANDOVER §8.5 — image handling not yet built)
image-pending    1057603033505729 c0  (HANDOVER §8.5 — image handling not yet built)
image-pending    1057603033505729 c0  (HANDOVER §8.5 — image handling not yet built)
image-pending    1057603033505729 c0  (HANDOVER §8.5 — image handling not yet built)
image-pending    1057603033505729 c0  (HANDOVER §8.5 — image handling not yet built)
image-pending    1057603033505729 c0  (HANDOVER §8.5 — image handling not yet built)
image-pending    1531399552333003 c0  (HANDOVER §8.5 — image handling not yet built)
image-pending    1531399552333003 c0  (HANDOVER §8.5 — image handling not yet built)
image-pending    1531399552333003 c0  (HANDOVER §8.5 — image handling not yet built)
image-pending    1531399552333003 c0  (HANDOVER §8.5 — image handling not yet built)
image-pending    1531399552333003 c0  (HANDOVER §8.5 — image handling not yet built)
image-pending    1531399552333003 c0  (HANDOVER §8.5 — image handling not yet built)
image-pending    1531399552333003 c0  (HANDOVER §8.5 — image handling not yet built)
image-pending    1531399552333003 c0  (HANDOVER §8.5 — image handling not yet built)
image-pending    970854182508311 c0  (HANDOVER §8.5 — image handling not yet built)
image-pending    970854182508311 c0  (HANDOVER §8.5 — image handling not yet built)
carried-forward  2037343187185005 c0  → https://dcfd27564ef899969db9a562c7e1945f.r2.cloudflarestorage.com/2037343187185005.mp4
carried-forward  1687231248974468 c0  → https://dcfd27564ef899969db9a562c7e1945f.r2.cloudflarestorage.com/1687231248974468.mp4
image-pending    1295526749286844 c0  (HANDOVER §8.5 — image handling not yet built)
image-pending    1295526749286844 c0  (HANDOVER §8.5 — image handling not yet built)
image-pending    1923911324990159 c0  (HANDOVER §8.5 — image handling not yet built)
image-pending    1923911324990159 c0  (HANDOVER §8.5 — image handling not yet built)
image-pending    1923911324990159 c0  (HANDOVER §8.5 — image handling not yet built)
image-pending    1923911324990159 c0  (HANDOVER §8.5 — image handling not yet built)
image-pending    1923911324990159 c0  (HANDOVER §8.5 — image handling not yet built)
image-pending    1923911324990159 c0  (HANDOVER §8.5 — image handling not yet built)
image-pending    1923911324990159 c0  (HANDOVER §8.5 — image handling not yet built)
image-pending    1923911324990159 c0  (HANDOVER §8.5 — image handling not yet built)
image-pending    1923911324990159 c0  (HANDOVER §8.5 — image handling not yet built)
image-pending    1923911324990159 c0  (HANDOVER §8.5 — image handling not yet built)
image-pending    1923911324990159 c0  (HANDOVER §8.5 — image handling not yet built)
image-pending    1923911324990159 c0  (HANDOVER §8.5 — image handling not yet built)
carried-forward  1690372411991547 c0  → https://dcfd27564ef899969db9a562c7e1945f.r2.cloudflarestorage.com/1690372411991547.mp4
image-pending    1675343033755105 c0  (HANDOVER §8.5 — image handling not yet built)
image-pending    1747989286365429 c0  (HANDOVER §8.5 — image handling not yet built)
carried-forward  748449174977604 c0  → https://pub-893b4a6a607b4221a894bf861da7914e.r2.dev/748449174977604.mp4
video-missing    748449174977604 c0  (expected file not found in facebook/videos/ewa-2026-06-22)
image-pending    1448734487295138 c0  (HANDOVER §8.5 — image handling not yet built)
image-pending    1448734487295138 c0  (HANDOVER §8.5 — image handling not yet built)
image-pending    1448734487295138 c0  (HANDOVER §8.5 — image handling not yet built)
image-pending    1448734487295138 c0  (HANDOVER §8.5 — image handling not yet built)
image-pending    1448734487295138 c0  (HANDOVER §8.5 — image handling not yet built)
image-pending    1448734487295138 c0  (HANDOVER §8.5 — image handling not yet built)
carried-forward  2018287789081311 c0  → https://pub-893b4a6a607b4221a894bf861da7914e.r2.dev/2018287789081311.jpg
carried-forward  856958797447184 c0  → https://pub-893b4a6a607b4221a894bf861da7914e.r2.dev/856958797447184.jpg
image-pending    1513398920265007 c0  (HANDOVER §8.5 — image handling not yet built)
image-pending    1513398920265007 c0  (HANDOVER §8.5 — image handling not yet built)
image-pending    1373620194637136 c0  (HANDOVER §8.5 — image handling not yet built)
image-pending    1685997445823439 c0  (HANDOVER §8.5 — image handling not yet built)
uploaded         1337343918461931 c0  (video) ← 1337343918461931.mp4  → https://dcfd27564ef899969db9a562c7e1945f.r2.cloudflarestorage.com/1337343918461931.mp4
video-missing    1337343918461931 c0  (expected file not found in facebook/videos/ewa-2026-06-22)
video-missing    1337343918461931 c0  (expected file not found in facebook/videos/ewa-2026-06-22)
carried-forward  3082141868647959 c0  → https://pub-893b4a6a607b4221a894bf861da7914e.r2.dev/3082141868647959.mp4
image-pending    1618178989268406 c0  (HANDOVER §8.5 — image handling not yet built)
image-pending    1618178989268406 c0  (HANDOVER §8.5 — image handling not yet built)
image-pending    1618178989268406 c0  (HANDOVER §8.5 — image handling not yet built)
image-pending    1618178989268406 c0  (HANDOVER §8.5 — image handling not yet built)
carried-forward  1467590517905403 c0  → https://pub-893b4a6a607b4221a894bf861da7914e.r2.dev/1467590517905403.jpg
uploaded         1505282957135683 c0  (video) ← 1505282957135683.mp4  → https://dcfd27564ef899969db9a562c7e1945f.r2.cloudflarestorage.com/1505282957135683.mp4
video-missing    1505282957135683 c0  (expected file not found in facebook/videos/ewa-2026-06-22)
video-missing    1505282957135683 c0  (expected file not found in facebook/videos/ewa-2026-06-22)
video-missing    1505282957135683 c0  (expected file not found in facebook/videos/ewa-2026-06-22)
video-missing    1505282957135683 c0  (expected file not found in facebook/videos/ewa-2026-06-22)
video-missing    1505282957135683 c0  (expected file not found in facebook/videos/ewa-2026-06-22)
video-missing    1505282957135683 c0  (expected file not found in facebook/videos/ewa-2026-06-22)
video-missing    1505282957135683 c0  (expected file not found in facebook/videos/ewa-2026-06-22)
video-missing    1505282957135683 c0  (expected file not found in facebook/videos/ewa-2026-06-22)
video-missing    1505282957135683 c0  (expected file not found in facebook/videos/ewa-2026-06-22)
video-missing    1505282957135683 c0  (expected file not found in facebook/videos/ewa-2026-06-22)
video-missing    1505282957135683 c0  (expected file not found in facebook/videos/ewa-2026-06-22)
image-pending    1179086561951932 c0  (HANDOVER §8.5 — image handling not yet built)
image-pending    1179086561951932 c0  (HANDOVER §8.5 — image handling not yet built)
image-pending    1179086561951932 c0  (HANDOVER §8.5 — image handling not yet built)
image-pending    1179086561951932 c0  (HANDOVER §8.5 — image handling not yet built)
image-pending    1179086561951932 c0  (HANDOVER §8.5 — image handling not yet built)
image-pending    1179086561951932 c0  (HANDOVER §8.5 — image handling not yet built)
image-pending    1179086561951932 c0  (HANDOVER §8.5 — image handling not yet built)
image-pending    1179086561951932 c0  (HANDOVER §8.5 — image handling not yet built)
image-pending    1179086561951932 c0  (HANDOVER §8.5 — image handling not yet built)
carried-forward  1400706432079785 c0  → https://pub-893b4a6a607b4221a894bf861da7914e.r2.dev/1400706432079785.mp4
video-missing    1400706432079785 c0  (expected file not found in facebook/videos/ewa-2026-06-22)
video-missing    1400706432079785 c0  (expected file not found in facebook/videos/ewa-2026-06-22)
video-missing    1400706432079785 c0  (expected file not found in facebook/videos/ewa-2026-06-22)
video-missing    1400706432079785 c0  (expected file not found in facebook/videos/ewa-2026-06-22)
video-missing    1400706432079785 c0  (expected file not found in facebook/videos/ewa-2026-06-22)
video-missing    1400706432079785 c0  (expected file not found in facebook/videos/ewa-2026-06-22)
video-missing    1400706432079785 c0  (expected file not found in facebook/videos/ewa-2026-06-22)
video-missing    1400706432079785 c0  (expected file not found in facebook/videos/ewa-2026-06-22)
carried-forward  1615964059518175 c0  → https://pub-893b4a6a607b4221a894bf861da7914e.r2.dev/1615964059518175.mp4
uploaded         1256539896367534 c0  (video) ← 1256539896367534.mp4  → https://dcfd27564ef899969db9a562c7e1945f.r2.cloudflarestorage.com/1256539896367534.mp4
video-missing    1256539896367534 c0  (expected file not found in facebook/videos/ewa-2026-06-22)
uploaded         757300554106543 c0  (video) ← 757300554106543.mp4  → https://dcfd27564ef899969db9a562c7e1945f.r2.cloudflarestorage.com/757300554106543.mp4
video-missing    757300554106543 c0  (expected file not found in facebook/videos/ewa-2026-06-22)
video-missing    757300554106543 c0  (expected file not found in facebook/videos/ewa-2026-06-22)
video-missing    757300554106543 c0  (expected file not found in facebook/videos/ewa-2026-06-22)
video-missing    757300554106543 c0  (expected file not found in facebook/videos/ewa-2026-06-22)
image-pending    2227709765044070 c0  (HANDOVER §8.5 — image handling not yet built)
image-pending    1322629386717993 c0  (HANDOVER §8.5 — image handling not yet built)
image-pending    1322629386717993 c0  (HANDOVER §8.5 — image handling not yet built)
image-pending    1322629386717993 c0  (HANDOVER §8.5 — image handling not yet built)
image-pending    1322629386717993 c0  (HANDOVER §8.5 — image handling not yet built)
image-pending    1322629386717993 c0  (HANDOVER §8.5 — image handling not yet built)
image-pending    1014876094322934 c0  (HANDOVER §8.5 — image handling not yet built)
image-pending    1014876094322934 c0  (HANDOVER §8.5 — image handling not yet built)
image-pending    1014876094322934 c0  (HANDOVER §8.5 — image handling not yet built)
uploaded         27754843107467412 c0  (video) ← 27754843107467412.mp4  → https://dcfd27564ef899969db9a562c7e1945f.r2.cloudflarestorage.com/27754843107467412.mp4
image-pending    1677769523466249 c0  (HANDOVER §8.5 — image handling not yet built)
image-pending    1677769523466249 c0  (HANDOVER §8.5 — image handling not yet built)
carried-forward  1330220262405214 c0  → https://pub-893b4a6a607b4221a894bf861da7914e.r2.dev/1330220262405214.mp4
video-missing    1330220262405214 c0  (expected file not found in facebook/videos/ewa-2026-06-22)
video-missing    1330220262405214 c0  (expected file not found in facebook/videos/ewa-2026-06-22)
video-missing    1330220262405214 c0  (expected file not found in facebook/videos/ewa-2026-06-22)
carried-forward  2836808550004625 c0  → https://pub-893b4a6a607b4221a894bf861da7914e.r2.dev/2836808550004625.jpg
image-pending    1699268411398257 c0  (HANDOVER §8.5 — image handling not yet built)
image-pending    1699268411398257 c0  (HANDOVER §8.5 — image handling not yet built)
image-pending    1699268411398257 c0  (HANDOVER §8.5 — image handling not yet built)
image-pending    1699268411398257 c0  (HANDOVER §8.5 — image handling not yet built)
image-pending    1699268411398257 c0  (HANDOVER §8.5 — image handling not yet built)
image-pending    1699268411398257 c0  (HANDOVER §8.5 — image handling not yet built)
image-pending    1699268411398257 c0  (HANDOVER §8.5 — image handling not yet built)
image-pending    1699268411398257 c0  (HANDOVER §8.5 — image handling not yet built)
image-pending    1699268411398257 c0  (HANDOVER §8.5 — image handling not yet built)
image-pending    1543507477470179 c0  (HANDOVER §8.5 — image handling not yet built)
image-pending    1000675962919066 c0  (HANDOVER §8.5 — image handling not yet built)
image-pending    2000081543932497 c0  (HANDOVER §8.5 — image handling not yet built)
image-pending    2000081543932497 c0  (HANDOVER §8.5 — image handling not yet built)
image-pending    2000081543932497 c0  (HANDOVER §8.5 — image handling not yet built)
carried-forward  1705615330760964 c0  → https://dcfd27564ef899969db9a562c7e1945f.r2.cloudflarestorage.com/1705615330760964.mp4
video-missing    1705615330760964 c0  (expected file not found in facebook/videos/ewa-2026-06-22)
video-missing    1705615330760964 c0  (expected file not found in facebook/videos/ewa-2026-06-22)
video-missing    1705615330760964 c0  (expected file not found in facebook/videos/ewa-2026-06-22)
video-missing    1705615330760964 c0  (expected file not found in facebook/videos/ewa-2026-06-22)
video-missing    1705615330760964 c0  (expected file not found in facebook/videos/ewa-2026-06-22)
video-missing    1705615330760964 c0  (expected file not found in facebook/videos/ewa-2026-06-22)
video-missing    1705615330760964 c0  (expected file not found in facebook/videos/ewa-2026-06-22)
video-missing    1705615330760964 c0  (expected file not found in facebook/videos/ewa-2026-06-22)
video-missing    1705615330760964 c0  (expected file not found in facebook/videos/ewa-2026-06-22)
video-missing    1705615330760964 c0  (expected file not found in facebook/videos/ewa-2026-06-22)
video-missing    1705615330760964 c0  (expected file not found in facebook/videos/ewa-2026-06-22)
video-missing    1705615330760964 c0  (expected file not found in facebook/videos/ewa-2026-06-22)
carried-forward  1058117360197884 c0  → https://dcfd27564ef899969db9a562c7e1945f.r2.cloudflarestorage.com/1058117360197884.mp4
video-missing    1058117360197884 c0  (expected file not found in facebook/videos/ewa-2026-06-22)
video-missing    1058117360197884 c0  (expected file not found in facebook/videos/ewa-2026-06-22)
video-missing    1058117360197884 c0  (expected file not found in facebook/videos/ewa-2026-06-22)
video-missing    1058117360197884 c0  (expected file not found in facebook/videos/ewa-2026-06-22)
video-missing    1058117360197884 c0  (expected file not found in facebook/videos/ewa-2026-06-22)
video-missing    1058117360197884 c0  (expected file not found in facebook/videos/ewa-2026-06-22)
video-missing    1058117360197884 c0  (expected file not found in facebook/videos/ewa-2026-06-22)
video-missing    1058117360197884 c0  (expected file not found in facebook/videos/ewa-2026-06-22)
image-pending    1546261913774493 c0  (HANDOVER §8.5 — image handling not yet built)
image-pending    1546261913774493 c0  (HANDOVER §8.5 — image handling not yet built)
image-pending    1546261913774493 c0  (HANDOVER §8.5 — image handling not yet built)
image-pending    2507531419701992 c0  (HANDOVER §8.5 — image handling not yet built)
image-pending    2507531419701992 c0  (HANDOVER §8.5 — image handling not yet built)
image-pending    1984710958914980 c0  (HANDOVER §8.5 — image handling not yet built)
image-pending    1984710958914980 c0  (HANDOVER §8.5 — image handling not yet built)
image-pending    1984710958914980 c0  (HANDOVER §8.5 — image handling not yet built)
image-pending    1492153029376366 c0  (HANDOVER §8.5 — image handling not yet built)
image-pending    1492153029376366 c0  (HANDOVER §8.5 — image handling not yet built)
image-pending    1492153029376366 c0  (HANDOVER §8.5 — image handling not yet built)
image-pending    1492153029376366 c0  (HANDOVER §8.5 — image handling not yet built)
carried-forward  865062209426436 c0  → https://dcfd27564ef899969db9a562c7e1945f.r2.cloudflarestorage.com/865062209426436.mp4
image-pending    1327613342902508 c0  (HANDOVER §8.5 — image handling not yet built)
image-pending    1327613342902508 c0  (HANDOVER §8.5 — image handling not yet built)
image-pending    1327613342902508 c0  (HANDOVER §8.5 — image handling not yet built)
carried-forward  4335812066748385 c0  → https://dcfd27564ef899969db9a562c7e1945f.r2.cloudflarestorage.com/4335812066748385.mp4
image-pending    2833462827014999 c0  (HANDOVER §8.5 — image handling not yet built)
image-pending    2833462827014999 c0  (HANDOVER §8.5 — image handling not yet built)
image-pending    2833462827014999 c0  (HANDOVER §8.5 — image handling not yet built)
image-pending    2833462827014999 c0  (HANDOVER §8.5 — image handling not yet built)
image-pending    2833462827014999 c0  (HANDOVER §8.5 — image handling not yet built)
image-pending    2833462827014999 c0  (HANDOVER §8.5 — image handling not yet built)
image-pending    2833462827014999 c0  (HANDOVER §8.5 — image handling not yet built)
image-pending    2833462827014999 c0  (HANDOVER §8.5 — image handling not yet built)
image-pending    2833462827014999 c0  (HANDOVER §8.5 — image handling not yet built)
image-pending    2833462827014999 c0  (HANDOVER §8.5 — image handling not yet built)
image-pending    2833462827014999 c0  (HANDOVER §8.5 — image handling not yet built)
image-pending    2833462827014999 c0  (HANDOVER §8.5 — image handling not yet built)
image-pending    2833462827014999 c0  (HANDOVER §8.5 — image handling not yet built)
image-pending    2833462827014999 c0  (HANDOVER §8.5 — image handling not yet built)
image-pending    2833462827014999 c0  (HANDOVER §8.5 — image handling not yet built)
image-pending    2833462827014999 c0  (HANDOVER §8.5 — image handling not yet built)
image-pending    2833462827014999 c0  (HANDOVER §8.5 — image handling not yet built)
image-pending    2833462827014999 c0  (HANDOVER §8.5 — image handling not yet built)
image-pending    2833462827014999 c0  (HANDOVER §8.5 — image handling not yet built)
uploaded         1018633984071109 c0  (video) ← 1018633984071109.mp4  → https://dcfd27564ef899969db9a562c7e1945f.r2.cloudflarestorage.com/1018633984071109.mp4
video-missing    1018633984071109 c0  (expected file not found in facebook/videos/ewa-2026-06-22)
video-missing    1018633984071109 c0  (expected file not found in facebook/videos/ewa-2026-06-22)
video-missing    1018633984071109 c0  (expected file not found in facebook/videos/ewa-2026-06-22)
video-missing    1018633984071109 c0  (expected file not found in facebook/videos/ewa-2026-06-22)
video-missing    1018633984071109 c0  (expected file not found in facebook/videos/ewa-2026-06-22)
video-missing    1018633984071109 c0  (expected file not found in facebook/videos/ewa-2026-06-22)
video-missing    1018633984071109 c0  (expected file not found in facebook/videos/ewa-2026-06-22)
video-missing    1018633984071109 c0  (expected file not found in facebook/videos/ewa-2026-06-22)
image-pending    2391208117956100 c0  (HANDOVER §8.5 — image handling not yet built)
image-pending    3537150746432305 c0  (HANDOVER §8.5 — image handling not yet built)
image-pending    4500575603565072 c0  (HANDOVER §8.5 — image handling not yet built)
image-pending    1017738544272529 c0  (HANDOVER §8.5 — image handling not yet built)
image-pending    1202662532924368 c0  (HANDOVER §8.5 — image handling not yet built)
uploaded         1570885974371484 c0  (video) ← 1570885974371484.mp4  → https://dcfd27564ef899969db9a562c7e1945f.r2.cloudflarestorage.com/1570885974371484.mp4
video-missing    1570885974371484 c0  (expected file not found in facebook/videos/ewa-2026-06-22)
video-missing    1570885974371484 c0  (expected file not found in facebook/videos/ewa-2026-06-22)
video-missing    1570885974371484 c0  (expected file not found in facebook/videos/ewa-2026-06-22)
video-missing    1570885974371484 c0  (expected file not found in facebook/videos/ewa-2026-06-22)
video-missing    1570885974371484 c0  (expected file not found in facebook/videos/ewa-2026-06-22)
video-missing    1570885974371484 c0  (expected file not found in facebook/videos/ewa-2026-06-22)
video-missing    1570885974371484 c0  (expected file not found in facebook/videos/ewa-2026-06-22)
video-missing    1570885974371484 c0  (expected file not found in facebook/videos/ewa-2026-06-22)
video-missing    1570885974371484 c0  (expected file not found in facebook/videos/ewa-2026-06-22)
image-pending    951233714632082 c0  (HANDOVER §8.5 — image handling not yet built)
carried-forward  1002188779168466 c0  → https://pub-893b4a6a607b4221a894bf861da7914e.r2.dev/1002188779168466.mp4
video-missing    1002188779168466 c0  (expected file not found in facebook/videos/ewa-2026-06-22)
video-missing    1002188779168466 c0  (expected file not found in facebook/videos/ewa-2026-06-22)
video-missing    1002188779168466 c0  (expected file not found in facebook/videos/ewa-2026-06-22)
video-missing    1002188779168466 c0  (expected file not found in facebook/videos/ewa-2026-06-22)
video-missing    1002188779168466 c0  (expected file not found in facebook/videos/ewa-2026-06-22)
video-missing    1002188779168466 c0  (expected file not found in facebook/videos/ewa-2026-06-22)
video-missing    1002188779168466 c0  (expected file not found in facebook/videos/ewa-2026-06-22)
video-missing    1002188779168466 c0  (expected file not found in facebook/videos/ewa-2026-06-22)
video-missing    1002188779168466 c0  (expected file not found in facebook/videos/ewa-2026-06-22)
video-missing    1002188779168466 c0  (expected file not found in facebook/videos/ewa-2026-06-22)
video-missing    1002188779168466 c0  (expected file not found in facebook/videos/ewa-2026-06-22)
video-missing    1002188779168466 c0  (expected file not found in facebook/videos/ewa-2026-06-22)
video-missing    1002188779168466 c0  (expected file not found in facebook/videos/ewa-2026-06-22)
video-missing    1002188779168466 c0  (expected file not found in facebook/videos/ewa-2026-06-22)
video-missing    1002188779168466 c0  (expected file not found in facebook/videos/ewa-2026-06-22)
image-pending    1570090378067537 c0  (HANDOVER §8.5 — image handling not yet built)
image-pending    1570090378067537 c0  (HANDOVER §8.5 — image handling not yet built)
image-pending    1360157755956403 c0  (HANDOVER §8.5 — image handling not yet built)
image-pending    1360157755956403 c0  (HANDOVER §8.5 — image handling not yet built)
carried-forward  2046249736098857 c0  → https://pub-893b4a6a607b4221a894bf861da7914e.r2.dev/2046249736098857.mp4
image-pending    1026802996515979 c0  (HANDOVER §8.5 — image handling not yet built)
image-pending    1026802996515979 c0  (HANDOVER §8.5 — image handling not yet built)
image-pending    1026802996515979 c0  (HANDOVER §8.5 — image handling not yet built)
image-pending    1026802996515979 c0  (HANDOVER §8.5 — image handling not yet built)
image-pending    1560395862312214 c0  (HANDOVER §8.5 — image handling not yet built)
image-pending    2244985769604610 c0  (HANDOVER §8.5 — image handling not yet built)
image-pending    2244985769604610 c0  (HANDOVER §8.5 — image handling not yet built)
image-pending    2244985769604610 c0  (HANDOVER §8.5 — image handling not yet built)
image-pending    2244985769604610 c0  (HANDOVER §8.5 — image handling not yet built)
image-pending    2244985769604610 c0  (HANDOVER §8.5 — image handling not yet built)
image-pending    2244985769604610 c0  (HANDOVER §8.5 — image handling not yet built)
image-pending    2244985769604610 c0  (HANDOVER §8.5 — image handling not yet built)
image-pending    2244985769604610 c0  (HANDOVER §8.5 — image handling not yet built)
image-pending    2244985769604610 c0  (HANDOVER §8.5 — image handling not yet built)
carried-forward  1404710741461553 c0  → https://pub-893b4a6a607b4221a894bf861da7914e.r2.dev/1404710741461553.jpg
image-pending    1404710741461553 c0  (HANDOVER §8.5 — image handling not yet built)
carried-forward  1465585751990677 c0  → https://dcfd27564ef899969db9a562c7e1945f.r2.cloudflarestorage.com/1465585751990677.mp4
image-pending    1781396533304040 c0  (HANDOVER §8.5 — image handling not yet built)
image-pending    976995418560060 c0  (HANDOVER §8.5 — image handling not yet built)
image-pending    976995418560060 c0  (HANDOVER §8.5 — image handling not yet built)
uploaded         3611036462377352 c0  (video) ← 3611036462377352.mp4  → https://dcfd27564ef899969db9a562c7e1945f.r2.cloudflarestorage.com/3611036462377352.mp4
video-missing    3611036462377352 c0  (expected file not found in facebook/videos/ewa-2026-06-22)
video-missing    3611036462377352 c0  (expected file not found in facebook/videos/ewa-2026-06-22)
image-pending    1914839752562621 c0  (HANDOVER §8.5 — image handling not yet built)
image-pending    1914839752562621 c0  (HANDOVER §8.5 — image handling not yet built)
image-pending    1914839752562621 c0  (HANDOVER §8.5 — image handling not yet built)
image-pending    1914839752562621 c0  (HANDOVER §8.5 — image handling not yet built)
image-pending    2106135576613247 c0  (HANDOVER §8.5 — image handling not yet built)
image-pending    1290522019499034 c0  (HANDOVER §8.5 — image handling not yet built)
image-pending    4408083529403945 c0  (HANDOVER §8.5 — image handling not yet built)
image-pending    4408083529403945 c0  (HANDOVER §8.5 — image handling not yet built)
carried-forward  1469196281598691 c0  → https://pub-893b4a6a607b4221a894bf861da7914e.r2.dev/1469196281598691.mp4
video-missing    1469196281598691 c0  (expected file not found in facebook/videos/ewa-2026-06-22)
video-missing    1469196281598691 c0  (expected file not found in facebook/videos/ewa-2026-06-22)
carried-forward  1417219330161259 c0  → https://dcfd27564ef899969db9a562c7e1945f.r2.cloudflarestorage.com/1417219330161259.mp4
video-missing    1417219330161259 c0  (expected file not found in facebook/videos/ewa-2026-06-22)
video-missing    1417219330161259 c0  (expected file not found in facebook/videos/ewa-2026-06-22)
video-missing    1417219330161259 c0  (expected file not found in facebook/videos/ewa-2026-06-22)
video-missing    1417219330161259 c0  (expected file not found in facebook/videos/ewa-2026-06-22)
video-missing    1417219330161259 c0  (expected file not found in facebook/videos/ewa-2026-06-22)
video-missing    1417219330161259 c0  (expected file not found in facebook/videos/ewa-2026-06-22)
video-missing    1417219330161259 c0  (expected file not found in facebook/videos/ewa-2026-06-22)
video-missing    1417219330161259 c0  (expected file not found in facebook/videos/ewa-2026-06-22)
video-missing    1417219330161259 c0  (expected file not found in facebook/videos/ewa-2026-06-22)
video-missing    1417219330161259 c0  (expected file not found in facebook/videos/ewa-2026-06-22)
carried-forward  1309985493978099 c0  → https://pub-893b4a6a607b4221a894bf861da7914e.r2.dev/1309985493978099.mp4
video-missing    1309985493978099 c0  (expected file not found in facebook/videos/ewa-2026-06-22)
video-missing    1309985493978099 c0  (expected file not found in facebook/videos/ewa-2026-06-22)
video-missing    1309985493978099 c0  (expected file not found in facebook/videos/ewa-2026-06-22)
video-missing    1309985493978099 c0  (expected file not found in facebook/videos/ewa-2026-06-22)
video-missing    1309985493978099 c0  (expected file not found in facebook/videos/ewa-2026-06-22)
video-missing    1309985493978099 c0  (expected file not found in facebook/videos/ewa-2026-06-22)
video-missing    1309985493978099 c0  (expected file not found in facebook/videos/ewa-2026-06-22)
video-missing    1309985493978099 c0  (expected file not found in facebook/videos/ewa-2026-06-22)
video-missing    1309985493978099 c0  (expected file not found in facebook/videos/ewa-2026-06-22)
video-missing    1309985493978099 c0  (expected file not found in facebook/videos/ewa-2026-06-22)
carried-forward  2900746573604126 c0  → https://pub-893b4a6a607b4221a894bf861da7914e.r2.dev/2900746573604126.jpg
image-pending    1281170237433127 c0  (HANDOVER §8.5 — image handling not yet built)
image-pending    1281170237433127 c0  (HANDOVER §8.5 — image handling not yet built)
image-pending    1629321532533784 c0  (HANDOVER §8.5 — image handling not yet built)
image-pending    1629321532533784 c0  (HANDOVER §8.5 — image handling not yet built)
carried-forward  1060813686280373 c0  → https://dcfd27564ef899969db9a562c7e1945f.r2.cloudflarestorage.com/1060813686280373.mp4
video-missing    1060813686280373 c0  (expected file not found in facebook/videos/ewa-2026-06-22)
carried-forward  2200801820762579 c0  → https://pub-893b4a6a607b4221a894bf861da7914e.r2.dev/2200801820762579.mp4
image-pending    3379698175563929 c0  (HANDOVER §8.5 — image handling not yet built)
image-pending    1001702242390429 c0  (HANDOVER §8.5 — image handling not yet built)
image-pending    1029134476463548 c0  (HANDOVER §8.5 — image handling not yet built)
image-pending    1029134476463548 c0  (HANDOVER §8.5 — image handling not yet built)
image-pending    1029134476463548 c0  (HANDOVER §8.5 — image handling not yet built)
carried-forward  1470161190961581 c0  → https://pub-893b4a6a607b4221a894bf861da7914e.r2.dev/1470161190961581.mp4
video-missing    1470161190961581 c0  (expected file not found in facebook/videos/ewa-2026-06-22)
video-missing    1470161190961581 c0  (expected file not found in facebook/videos/ewa-2026-06-22)
video-missing    1470161190961581 c0  (expected file not found in facebook/videos/ewa-2026-06-22)
video-missing    1470161190961581 c0  (expected file not found in facebook/videos/ewa-2026-06-22)
video-missing    1470161190961581 c0  (expected file not found in facebook/videos/ewa-2026-06-22)
video-missing    1470161190961581 c0  (expected file not found in facebook/videos/ewa-2026-06-22)
video-missing    1470161190961581 c0  (expected file not found in facebook/videos/ewa-2026-06-22)
video-missing    1470161190961581 c0  (expected file not found in facebook/videos/ewa-2026-06-22)
video-missing    1470161190961581 c0  (expected file not found in facebook/videos/ewa-2026-06-22)
carried-forward  1466779631444076 c0  → https://dcfd27564ef899969db9a562c7e1945f.r2.cloudflarestorage.com/1466779631444076.mp4
image-pending    1242479681129764 c0  (HANDOVER §8.5 — image handling not yet built)
uploaded         1633811351014104 c0  (video) ← 1633811351014104.mp4  → https://dcfd27564ef899969db9a562c7e1945f.r2.cloudflarestorage.com/1633811351014104.mp4
video-missing    1633811351014104 c0  (expected file not found in facebook/videos/ewa-2026-06-22)
video-missing    1633811351014104 c0  (expected file not found in facebook/videos/ewa-2026-06-22)
video-missing    1633811351014104 c0  (expected file not found in facebook/videos/ewa-2026-06-22)
video-missing    1633811351014104 c0  (expected file not found in facebook/videos/ewa-2026-06-22)
video-missing    1633811351014104 c0  (expected file not found in facebook/videos/ewa-2026-06-22)
video-missing    1633811351014104 c0  (expected file not found in facebook/videos/ewa-2026-06-22)
video-missing    2085709192330186 c0  (expected file not found in facebook/videos/ewa-2026-06-22)
image-pending    4415776378667914 c0  (HANDOVER §8.5 — image handling not yet built)
uploaded         834411392825192 c0  (video) ← 834411392825192.mp4  → https://dcfd27564ef899969db9a562c7e1945f.r2.cloudflarestorage.com/834411392825192.mp4
video-missing    834411392825192 c0  (expected file not found in facebook/videos/ewa-2026-06-22)
image-pending    1308228347418237 c0  (HANDOVER §8.5 — image handling not yet built)
image-pending    1308228347418237 c0  (HANDOVER §8.5 — image handling not yet built)
carried-forward  1782620252703596 c0  → https://dcfd27564ef899969db9a562c7e1945f.r2.cloudflarestorage.com/1782620252703596.mp4
video-missing    1782620252703596 c0  (expected file not found in facebook/videos/ewa-2026-06-22)
video-missing    1782620252703596 c0  (expected file not found in facebook/videos/ewa-2026-06-22)
video-missing    1782620252703596 c0  (expected file not found in facebook/videos/ewa-2026-06-22)
video-missing    1782620252703596 c0  (expected file not found in facebook/videos/ewa-2026-06-22)
video-missing    1782620252703596 c0  (expected file not found in facebook/videos/ewa-2026-06-22)
video-missing    1782620252703596 c0  (expected file not found in facebook/videos/ewa-2026-06-22)
video-missing    1782620252703596 c0  (expected file not found in facebook/videos/ewa-2026-06-22)
video-missing    1782620252703596 c0  (expected file not found in facebook/videos/ewa-2026-06-22)
video-missing    1782620252703596 c0  (expected file not found in facebook/videos/ewa-2026-06-22)
carried-forward  2018115468836845 c0  → https://dcfd27564ef899969db9a562c7e1945f.r2.cloudflarestorage.com/2018115468836845.mp4
uploaded         988043167347141 c0  (video) ← 988043167347141.mp4  → https://dcfd27564ef899969db9a562c7e1945f.r2.cloudflarestorage.com/988043167347141.mp4
video-missing    988043167347141 c0  (expected file not found in facebook/videos/ewa-2026-06-22)
carried-forward  1666551181294018 c0  → https://dcfd27564ef899969db9a562c7e1945f.r2.cloudflarestorage.com/1666551181294018.mp4
video-missing    1666551181294018 c0  (expected file not found in facebook/videos/ewa-2026-06-22)
video-missing    1666551181294018 c0  (expected file not found in facebook/videos/ewa-2026-06-22)
video-missing    1666551181294018 c0  (expected file not found in facebook/videos/ewa-2026-06-22)
video-missing    1666551181294018 c0  (expected file not found in facebook/videos/ewa-2026-06-22)
video-missing    1666551181294018 c0  (expected file not found in facebook/videos/ewa-2026-06-22)
video-missing    1666551181294018 c0  (expected file not found in facebook/videos/ewa-2026-06-22)
video-missing    1666551181294018 c0  (expected file not found in facebook/videos/ewa-2026-06-22)
video-missing    1666551181294018 c0  (expected file not found in facebook/videos/ewa-2026-06-22)
video-missing    1666551181294018 c0  (expected file not found in facebook/videos/ewa-2026-06-22)
image-pending    859610987218332 c0  (HANDOVER §8.5 — image handling not yet built)
image-pending    985693170898476 c0  (HANDOVER §8.5 — image handling not yet built)
image-pending    1026260910074027 c0  (HANDOVER §8.5 — image handling not yet built)
image-pending    1026260910074027 c0  (HANDOVER §8.5 — image handling not yet built)
image-pending    1661299481807644 c0  (HANDOVER §8.5 — image handling not yet built)
image-pending    1947356592612051 c0  (HANDOVER §8.5 — image handling not yet built)
image-pending    1991874048870438 c0  (HANDOVER §8.5 — image handling not yet built)
image-pending    1991874048870438 c0  (HANDOVER §8.5 — image handling not yet built)
carried-forward  1661739358296913 c0  → https://pub-893b4a6a607b4221a894bf861da7914e.r2.dev/1661739358296913.mp4
uploaded         1531576331621779 c0  (video) ← 1531576331621779.mp4  → https://dcfd27564ef899969db9a562c7e1945f.r2.cloudflarestorage.com/1531576331621779.mp4
video-missing    1531576331621779 c0  (expected file not found in facebook/videos/ewa-2026-06-22)
image-pending    1637432284419413 c0  (HANDOVER §8.5 — image handling not yet built)
image-pending    1637432284419413 c0  (HANDOVER §8.5 — image handling not yet built)
image-pending    1637432284419413 c0  (HANDOVER §8.5 — image handling not yet built)
image-pending    1637432284419413 c0  (HANDOVER §8.5 — image handling not yet built)
carried-forward  2542898386169782 c0  → https://dcfd27564ef899969db9a562c7e1945f.r2.cloudflarestorage.com/2542898386169782.mp4
video-missing    2542898386169782 c0  (expected file not found in facebook/videos/ewa-2026-06-22)
video-missing    2542898386169782 c0  (expected file not found in facebook/videos/ewa-2026-06-22)
video-missing    2542898386169782 c0  (expected file not found in facebook/videos/ewa-2026-06-22)
carried-forward  975097332110635 c0  → https://pub-893b4a6a607b4221a894bf861da7914e.r2.dev/975097332110635.jpg
image-pending    1515774559509204 c0  (HANDOVER §8.5 — image handling not yet built)
image-pending    1515774559509204 c0  (HANDOVER §8.5 — image handling not yet built)
uploaded         27463718726590831 c0  (video) ← 27463718726590831.mp4  → https://dcfd27564ef899969db9a562c7e1945f.r2.cloudflarestorage.com/27463718726590831.mp4
video-missing    27463718726590831 c0  (expected file not found in facebook/videos/ewa-2026-06-22)
video-missing    27463718726590831 c0  (expected file not found in facebook/videos/ewa-2026-06-22)
video-missing    27463718726590831 c0  (expected file not found in facebook/videos/ewa-2026-06-22)
video-missing    27463718726590831 c0  (expected file not found in facebook/videos/ewa-2026-06-22)
video-missing    27463718726590831 c0  (expected file not found in facebook/videos/ewa-2026-06-22)
video-missing    27463718726590831 c0  (expected file not found in facebook/videos/ewa-2026-06-22)
carried-forward  2425811354550177 c0  → https://dcfd27564ef899969db9a562c7e1945f.r2.cloudflarestorage.com/2425811354550177.mp4
video-missing    2425811354550177 c0  (expected file not found in facebook/videos/ewa-2026-06-22)
video-missing    2425811354550177 c0  (expected file not found in facebook/videos/ewa-2026-06-22)
video-missing    2425811354550177 c0  (expected file not found in facebook/videos/ewa-2026-06-22)
video-missing    2425811354550177 c0  (expected file not found in facebook/videos/ewa-2026-06-22)
video-missing    2425811354550177 c0  (expected file not found in facebook/videos/ewa-2026-06-22)
video-missing    2425811354550177 c0  (expected file not found in facebook/videos/ewa-2026-06-22)
video-missing    2425811354550177 c0  (expected file not found in facebook/videos/ewa-2026-06-22)
video-missing    2425811354550177 c0  (expected file not found in facebook/videos/ewa-2026-06-22)
video-missing    2425811354550177 c0  (expected file not found in facebook/videos/ewa-2026-06-22)
carried-forward  2892872337720754 c0  → https://dcfd27564ef899969db9a562c7e1945f.r2.cloudflarestorage.com/2892872337720754.mp4
video-missing    2892872337720754 c0  (expected file not found in facebook/videos/ewa-2026-06-22)
carried-forward  1662614731698719 c0  → https://dcfd27564ef899969db9a562c7e1945f.r2.cloudflarestorage.com/1662614731698719.mp4
carried-forward  1672662687079904 c0  → https://pub-893b4a6a607b4221a894bf861da7914e.r2.dev/1672662687079904.mp4
video-missing    1672662687079904 c0  (expected file not found in facebook/videos/ewa-2026-06-22)
video-missing    1672662687079904 c0  (expected file not found in facebook/videos/ewa-2026-06-22)
video-missing    1672662687079904 c0  (expected file not found in facebook/videos/ewa-2026-06-22)
video-missing    1672662687079904 c0  (expected file not found in facebook/videos/ewa-2026-06-22)
video-missing    1672662687079904 c0  (expected file not found in facebook/videos/ewa-2026-06-22)
video-missing    1672662687079904 c0  (expected file not found in facebook/videos/ewa-2026-06-22)
carried-forward  2518113965291270 c0  → https://pub-893b4a6a607b4221a894bf861da7914e.r2.dev/2518113965291270.mp4
image-pending    1984017578879939 c0  (HANDOVER §8.5 — image handling not yet built)
image-pending    1984017578879939 c0  (HANDOVER §8.5 — image handling not yet built)
uploaded         1030911032692577 c0  (video) ← 1030911032692577.mp4  → https://dcfd27564ef899969db9a562c7e1945f.r2.cloudflarestorage.com/1030911032692577.mp4
video-missing    1030911032692577 c0  (expected file not found in facebook/videos/ewa-2026-06-22)
video-missing    1030911032692577 c0  (expected file not found in facebook/videos/ewa-2026-06-22)
video-missing    1030911032692577 c0  (expected file not found in facebook/videos/ewa-2026-06-22)
video-missing    1030911032692577 c0  (expected file not found in facebook/videos/ewa-2026-06-22)
video-missing    1030911032692577 c0  (expected file not found in facebook/videos/ewa-2026-06-22)
video-missing    1030911032692577 c0  (expected file not found in facebook/videos/ewa-2026-06-22)
video-missing    1030911032692577 c0  (expected file not found in facebook/videos/ewa-2026-06-22)
video-missing    1030911032692577 c0  (expected file not found in facebook/videos/ewa-2026-06-22)
video-missing    1030911032692577 c0  (expected file not found in facebook/videos/ewa-2026-06-22)
video-missing    1030911032692577 c0  (expected file not found in facebook/videos/ewa-2026-06-22)
image-pending    995110610083800 c0  (HANDOVER §8.5 — image handling not yet built)
image-pending    995110610083800 c0  (HANDOVER §8.5 — image handling not yet built)
image-pending    995110610083800 c0  (HANDOVER §8.5 — image handling not yet built)
image-pending    995110610083800 c0  (HANDOVER §8.5 — image handling not yet built)
image-pending    1042894058310970 c0  (HANDOVER §8.5 — image handling not yet built)
carried-forward  991062327167177 c0  → https://dcfd27564ef899969db9a562c7e1945f.r2.cloudflarestorage.com/991062327167177.mp4
video-missing    991062327167177 c0  (expected file not found in facebook/videos/ewa-2026-06-22)
video-missing    991062327167177 c0  (expected file not found in facebook/videos/ewa-2026-06-22)
video-missing    991062327167177 c0  (expected file not found in facebook/videos/ewa-2026-06-22)
video-missing    991062327167177 c0  (expected file not found in facebook/videos/ewa-2026-06-22)
video-missing    991062327167177 c0  (expected file not found in facebook/videos/ewa-2026-06-22)
video-missing    991062327167177 c0  (expected file not found in facebook/videos/ewa-2026-06-22)
image-pending    986746750801143 c0  (HANDOVER §8.5 — image handling not yet built)
image-pending    986746750801143 c0  (HANDOVER §8.5 — image handling not yet built)
image-pending    986746750801143 c0  (HANDOVER §8.5 — image handling not yet built)
image-pending    986746750801143 c0  (HANDOVER §8.5 — image handling not yet built)
image-pending    986746750801143 c0  (HANDOVER §8.5 — image handling not yet built)
image-pending    986746750801143 c0  (HANDOVER §8.5 — image handling not yet built)
image-pending    27842225248797566 c0  (HANDOVER §8.5 — image handling not yet built)
image-pending    27842225248797566 c0  (HANDOVER §8.5 — image handling not yet built)
image-pending    27842225248797566 c0  (HANDOVER §8.5 — image handling not yet built)
image-pending    27842225248797566 c0  (HANDOVER §8.5 — image handling not yet built)
image-pending    27842225248797566 c0  (HANDOVER §8.5 — image handling not yet built)
image-pending    27842225248797566 c0  (HANDOVER §8.5 — image handling not yet built)
image-pending    2451417918689701 c0  (HANDOVER §8.5 — image handling not yet built)
image-pending    2451417918689701 c0  (HANDOVER §8.5 — image handling not yet built)
carried-forward  1468431117820358 c0  → https://pub-893b4a6a607b4221a894bf861da7914e.r2.dev/1468431117820358.jpg
image-pending    1018035117828528 c0  (HANDOVER §8.5 — image handling not yet built)
image-pending    2475469006286363 c0  (HANDOVER §8.5 — image handling not yet built)
image-pending    2475469006286363 c0  (HANDOVER §8.5 — image handling not yet built)
image-pending    1752475999260298 c0  (HANDOVER §8.5 — image handling not yet built)
uploaded         2854726308215813 c0  (video) ← 2854726308215813.mp4  → https://dcfd27564ef899969db9a562c7e1945f.r2.cloudflarestorage.com/2854726308215813.mp4
video-missing    2854726308215813 c0  (expected file not found in facebook/videos/ewa-2026-06-22)
video-missing    2854726308215813 c0  (expected file not found in facebook/videos/ewa-2026-06-22)
video-missing    2854726308215813 c0  (expected file not found in facebook/videos/ewa-2026-06-22)
image-pending    932246216536462 c0  (HANDOVER §8.5 — image handling not yet built)
carried-forward  2690469964681517 c0  → https://dcfd27564ef899969db9a562c7e1945f.r2.cloudflarestorage.com/2690469964681517.mp4
carried-forward  1547758616939744 c0  → https://dcfd27564ef899969db9a562c7e1945f.r2.cloudflarestorage.com/1547758616939744.mp4
image-pending    2313441429462847 c0  (HANDOVER §8.5 — image handling not yet built)
image-pending    2313441429462847 c0  (HANDOVER §8.5 — image handling not yet built)
image-pending    2313441429462847 c0  (HANDOVER §8.5 — image handling not yet built)
image-pending    2313441429462847 c0  (HANDOVER §8.5 — image handling not yet built)
image-pending    2313441429462847 c0  (HANDOVER §8.5 — image handling not yet built)
image-pending    2313441429462847 c0  (HANDOVER §8.5 — image handling not yet built)
image-pending    2313441429462847 c0  (HANDOVER §8.5 — image handling not yet built)
image-pending    983602364312319 c0  (HANDOVER §8.5 — image handling not yet built)
image-pending    983602364312319 c0  (HANDOVER §8.5 — image handling not yet built)
carried-forward  4386299718181697 c0  → https://dcfd27564ef899969db9a562c7e1945f.r2.cloudflarestorage.com/4386299718181697.mp4
video-missing    4386299718181697 c0  (expected file not found in facebook/videos/ewa-2026-06-22)
video-missing    4386299718181697 c0  (expected file not found in facebook/videos/ewa-2026-06-22)
video-missing    4386299718181697 c0  (expected file not found in facebook/videos/ewa-2026-06-22)
image-pending    1758816541795087 c0  (HANDOVER §8.5 — image handling not yet built)
image-pending    1758816541795087 c0  (HANDOVER §8.5 — image handling not yet built)
image-pending    1732939111066560 c0  (HANDOVER §8.5 — image handling not yet built)
image-pending    1732939111066560 c0  (HANDOVER §8.5 — image handling not yet built)
image-pending    1732939111066560 c0  (HANDOVER §8.5 — image handling not yet built)
image-pending    1732939111066560 c0  (HANDOVER §8.5 — image handling not yet built)
carried-forward  1991582411458608 c0  → https://dcfd27564ef899969db9a562c7e1945f.r2.cloudflarestorage.com/1991582411458608.mp4
video-missing    1991582411458608 c0  (expected file not found in facebook/videos/ewa-2026-06-22)
video-missing    1991582411458608 c0  (expected file not found in facebook/videos/ewa-2026-06-22)
video-missing    1991582411458608 c0  (expected file not found in facebook/videos/ewa-2026-06-22)
video-missing    1991582411458608 c0  (expected file not found in facebook/videos/ewa-2026-06-22)
video-missing    1991582411458608 c0  (expected file not found in facebook/videos/ewa-2026-06-22)
video-missing    1991582411458608 c0  (expected file not found in facebook/videos/ewa-2026-06-22)
video-missing    1991582411458608 c0  (expected file not found in facebook/videos/ewa-2026-06-22)
video-missing    1991582411458608 c0  (expected file not found in facebook/videos/ewa-2026-06-22)
image-pending    965506629654183 c0  (HANDOVER §8.5 — image handling not yet built)
image-pending    965506629654183 c0  (HANDOVER §8.5 — image handling not yet built)
image-pending    1015595294319850 c0  (HANDOVER §8.5 — image handling not yet built)
image-pending    1015595294319850 c0  (HANDOVER §8.5 — image handling not yet built)
image-pending    1439844258174851 c0  (HANDOVER §8.5 — image handling not yet built)
image-pending    1439844258174851 c0  (HANDOVER §8.5 — image handling not yet built)
image-pending    1439844258174851 c0  (HANDOVER §8.5 — image handling not yet built)
image-pending    1439844258174851 c0  (HANDOVER §8.5 — image handling not yet built)
image-pending    1439844258174851 c0  (HANDOVER §8.5 — image handling not yet built)
image-pending    1439844258174851 c0  (HANDOVER §8.5 — image handling not yet built)
image-pending    1439844258174851 c0  (HANDOVER §8.5 — image handling not yet built)
image-pending    996577949799150 c0  (HANDOVER §8.5 — image handling not yet built)
image-pending    1546047560251714 c0  (HANDOVER §8.5 — image handling not yet built)
image-pending    1546047560251714 c0  (HANDOVER §8.5 — image handling not yet built)
image-pending    1546047560251714 c0  (HANDOVER §8.5 — image handling not yet built)
image-pending    1546047560251714 c0  (HANDOVER §8.5 — image handling not yet built)
image-pending    1546047560251714 c0  (HANDOVER §8.5 — image handling not yet built)
image-pending    1802437427587434 c0  (HANDOVER §8.5 — image handling not yet built)
image-pending    1802437427587434 c0  (HANDOVER §8.5 — image handling not yet built)
image-pending    1802437427587434 c0  (HANDOVER §8.5 — image handling not yet built)
image-pending    1636924125109439 c0  (HANDOVER §8.5 — image handling not yet built)
image-pending    1636924125109439 c0  (HANDOVER §8.5 — image handling not yet built)
carried-forward  2294546694682927 c0  → https://dcfd27564ef899969db9a562c7e1945f.r2.cloudflarestorage.com/2294546694682927.mp4
image-pending    1323174766611776 c0  (HANDOVER §8.5 — image handling not yet built)
image-pending    1507715590563716 c0  (HANDOVER §8.5 — image handling not yet built)
image-pending    1507715590563716 c0  (HANDOVER §8.5 — image handling not yet built)
image-pending    1507715590563716 c0  (HANDOVER §8.5 — image handling not yet built)
image-pending    1507715590563716 c0  (HANDOVER §8.5 — image handling not yet built)
image-pending    882559804887701 c0  (HANDOVER §8.5 — image handling not yet built)
uploaded         1312470397196486 c0  (video) ← 1312470397196486.mp4  → https://dcfd27564ef899969db9a562c7e1945f.r2.cloudflarestorage.com/1312470397196486.mp4
video-missing    1312470397196486 c0  (expected file not found in facebook/videos/ewa-2026-06-22)
carried-forward  27251840914432700 c0  → https://dcfd27564ef899969db9a562c7e1945f.r2.cloudflarestorage.com/27251840914432700.mp4
uploaded         1526521758931740 c0  (video) ← 1526521758931740.mp4  → https://dcfd27564ef899969db9a562c7e1945f.r2.cloudflarestorage.com/1526521758931740.mp4
video-missing    1526521758931740 c0  (expected file not found in facebook/videos/ewa-2026-06-22)
video-missing    1526521758931740 c0  (expected file not found in facebook/videos/ewa-2026-06-22)
video-missing    1526521758931740 c0  (expected file not found in facebook/videos/ewa-2026-06-22)
image-pending    1342423327894114 c0  (HANDOVER §8.5 — image handling not yet built)
carried-forward  1527304912406921 c0  → https://dcfd27564ef899969db9a562c7e1945f.r2.cloudflarestorage.com/1527304912406921.mp4
image-pending    1506126457581017 c0  (HANDOVER §8.5 — image handling not yet built)
image-pending    1506126457581017 c0  (HANDOVER §8.5 — image handling not yet built)
image-pending    1011516221244824 c0  (HANDOVER §8.5 — image handling not yet built)
image-pending    2062574448474218 c0  (HANDOVER §8.5 — image handling not yet built)
image-pending    2062574448474218 c0  (HANDOVER §8.5 — image handling not yet built)
image-pending    2062574448474218 c0  (HANDOVER §8.5 — image handling not yet built)
image-pending    2062574448474218 c0  (HANDOVER §8.5 — image handling not yet built)
image-pending    2062574448474218 c0  (HANDOVER §8.5 — image handling not yet built)
image-pending    2062574448474218 c0  (HANDOVER §8.5 — image handling not yet built)
image-pending    2062574448474218 c0  (HANDOVER §8.5 — image handling not yet built)
image-pending    2062574448474218 c0  (HANDOVER §8.5 — image handling not yet built)
carried-forward  1273075738242673 c0  → https://dcfd27564ef899969db9a562c7e1945f.r2.cloudflarestorage.com/1273075738242673.mp4
image-pending    1904323886786661 c0  (HANDOVER §8.5 — image handling not yet built)
carried-forward  1156871059927366 c0  → https://dcfd27564ef899969db9a562c7e1945f.r2.cloudflarestorage.com/1156871059927366.mp4
uploaded         1537592687875875 c0  (video) ← 1537592687875875.mp4  → https://dcfd27564ef899969db9a562c7e1945f.r2.cloudflarestorage.com/1537592687875875.mp4
video-missing    1537592687875875 c0  (expected file not found in facebook/videos/ewa-2026-06-22)
video-missing    1537592687875875 c0  (expected file not found in facebook/videos/ewa-2026-06-22)
carried-forward  1673525496913003 c0  → https://dcfd27564ef899969db9a562c7e1945f.r2.cloudflarestorage.com/1673525496913003.mp4
image-pending    1727711348244789 c0  (HANDOVER §8.5 — image handling not yet built)
carried-forward  813865028257344 c0  → https://dcfd27564ef899969db9a562c7e1945f.r2.cloudflarestorage.com/813865028257344.mp4
image-pending    2056097978327356 c0  (HANDOVER §8.5 — image handling not yet built)
image-pending    2056097978327356 c0  (HANDOVER §8.5 — image handling not yet built)
image-pending    2056097978327356 c0  (HANDOVER §8.5 — image handling not yet built)
carried-forward  1516249733214884 c0  → https://pub-893b4a6a607b4221a894bf861da7914e.r2.dev/1516249733214884.jpg
image-pending    1516249733214884 c0  (HANDOVER §8.5 — image handling not yet built)
image-pending    1388356709793893 c0  (HANDOVER §8.5 — image handling not yet built)
image-pending    879687031850364 c0  (HANDOVER §8.5 — image handling not yet built)
image-pending    907188799066616 c0  (HANDOVER §8.5 — image handling not yet built)
image-pending    907188799066616 c0  (HANDOVER §8.5 — image handling not yet built)
image-pending    907188799066616 c0  (HANDOVER §8.5 — image handling not yet built)
image-pending    907188799066616 c0  (HANDOVER §8.5 — image handling not yet built)
image-pending    907188799066616 c0  (HANDOVER §8.5 — image handling not yet built)
image-pending    907188799066616 c0  (HANDOVER §8.5 — image handling not yet built)
image-pending    907188799066616 c0  (HANDOVER §8.5 — image handling not yet built)
image-pending    907188799066616 c0  (HANDOVER §8.5 — image handling not yet built)
image-pending    907188799066616 c0  (HANDOVER §8.5 — image handling not yet built)
image-pending    907188799066616 c0  (HANDOVER §8.5 — image handling not yet built)
image-pending    2484357125373204 c0  (HANDOVER §8.5 — image handling not yet built)
carried-forward  986036844047097 c0  → https://dcfd27564ef899969db9a562c7e1945f.r2.cloudflarestorage.com/986036844047097.mp4
uploaded         1052713363926709 c0  (video) ← 1052713363926709.mp4  → https://dcfd27564ef899969db9a562c7e1945f.r2.cloudflarestorage.com/1052713363926709.mp4
image-pending    1514127293641623 c0  (HANDOVER §8.5 — image handling not yet built)
image-pending    1514127293641623 c0  (HANDOVER §8.5 — image handling not yet built)
image-pending    1526529959007630 c0  (HANDOVER §8.5 — image handling not yet built)
image-pending    1526529959007630 c0  (HANDOVER §8.5 — image handling not yet built)
image-pending    1526529959007630 c0  (HANDOVER §8.5 — image handling not yet built)
carried-forward  985019420808891 c0  → https://dcfd27564ef899969db9a562c7e1945f.r2.cloudflarestorage.com/985019420808891.mp4
video-missing    985019420808891 c0  (expected file not found in facebook/videos/ewa-2026-06-22)
video-missing    985019420808891 c0  (expected file not found in facebook/videos/ewa-2026-06-22)
video-missing    985019420808891 c0  (expected file not found in facebook/videos/ewa-2026-06-22)
video-missing    985019420808891 c0  (expected file not found in facebook/videos/ewa-2026-06-22)
image-pending    3396788043832608 c0  (HANDOVER §8.5 — image handling not yet built)
carried-forward  1578542210276736 c0  → https://dcfd27564ef899969db9a562c7e1945f.r2.cloudflarestorage.com/1578542210276736.mp4
image-pending    2083767865511029 c0  (HANDOVER §8.5 — image handling not yet built)
image-pending    2083767865511029 c0  (HANDOVER §8.5 — image handling not yet built)
image-pending    2083767865511029 c0  (HANDOVER §8.5 — image handling not yet built)
image-pending    2083767865511029 c0  (HANDOVER §8.5 — image handling not yet built)
image-pending    2083767865511029 c0  (HANDOVER §8.5 — image handling not yet built)
image-pending    2083767865511029 c0  (HANDOVER §8.5 — image handling not yet built)
image-pending    2083767865511029 c0  (HANDOVER §8.5 — image handling not yet built)
image-pending    1007040438963941 c0  (HANDOVER §8.5 — image handling not yet built)
image-pending    1366434855300753 c0  (HANDOVER §8.5 — image handling not yet built)
image-pending    2039037837036458 c0  (HANDOVER §8.5 — image handling not yet built)
carried-forward  2596103854176653 c0  → https://pub-893b4a6a607b4221a894bf861da7914e.r2.dev/2596103854176653.mp4
video-missing    2596103854176653 c0  (expected file not found in facebook/videos/ewa-2026-06-22)
video-missing    2596103854176653 c0  (expected file not found in facebook/videos/ewa-2026-06-22)
video-missing    2596103854176653 c0  (expected file not found in facebook/videos/ewa-2026-06-22)
video-missing    2596103854176653 c0  (expected file not found in facebook/videos/ewa-2026-06-22)
video-missing    2596103854176653 c0  (expected file not found in facebook/videos/ewa-2026-06-22)
video-missing    2596103854176653 c0  (expected file not found in facebook/videos/ewa-2026-06-22)
video-missing    2596103854176653 c0  (expected file not found in facebook/videos/ewa-2026-06-22)
video-missing    2596103854176653 c0  (expected file not found in facebook/videos/ewa-2026-06-22)
video-missing    2596103854176653 c0  (expected file not found in facebook/videos/ewa-2026-06-22)
carried-forward  1012759394647525 c0  → https://pub-893b4a6a607b4221a894bf861da7914e.r2.dev/1012759394647525.mp4
carried-forward  1176622471262482 c0  → https://dcfd27564ef899969db9a562c7e1945f.r2.cloudflarestorage.com/1176622471262482.mp4
video-missing    1176622471262482 c0  (expected file not found in facebook/videos/ewa-2026-06-22)
video-missing    1176622471262482 c0  (expected file not found in facebook/videos/ewa-2026-06-22)
video-missing    1176622471262482 c0  (expected file not found in facebook/videos/ewa-2026-06-22)
video-missing    1176622471262482 c0  (expected file not found in facebook/videos/ewa-2026-06-22)
video-missing    1176622471262482 c0  (expected file not found in facebook/videos/ewa-2026-06-22)
video-missing    1176622471262482 c0  (expected file not found in facebook/videos/ewa-2026-06-22)
video-missing    1176622471262482 c0  (expected file not found in facebook/videos/ewa-2026-06-22)
video-missing    1176622471262482 c0  (expected file not found in facebook/videos/ewa-2026-06-22)
video-missing    1176622471262482 c0  (expected file not found in facebook/videos/ewa-2026-06-22)
video-missing    1176622471262482 c0  (expected file not found in facebook/videos/ewa-2026-06-22)
video-missing    1176622471262482 c0  (expected file not found in facebook/videos/ewa-2026-06-22)
image-pending    1803592717675470 c0  (HANDOVER §8.5 — image handling not yet built)
image-pending    1803592717675470 c0  (HANDOVER §8.5 — image handling not yet built)
image-pending    1803592717675470 c0  (HANDOVER §8.5 — image handling not yet built)
image-pending    1803592717675470 c0  (HANDOVER §8.5 — image handling not yet built)
image-pending    1803592717675470 c0  (HANDOVER §8.5 — image handling not yet built)
image-pending    1803592717675470 c0  (HANDOVER §8.5 — image handling not yet built)
image-pending    2256925324840478 c0  (HANDOVER §8.5 — image handling not yet built)
image-pending    2256925324840478 c0  (HANDOVER §8.5 — image handling not yet built)
image-pending    2256925324840478 c0  (HANDOVER §8.5 — image handling not yet built)
image-pending    2256925324840478 c0  (HANDOVER §8.5 — image handling not yet built)
image-pending    2256925324840478 c0  (HANDOVER §8.5 — image handling not yet built)
image-pending    2204247310417181 c0  (HANDOVER §8.5 — image handling not yet built)
uploaded         1304416345009170 c0  (video) ← 1304416345009170.mp4  → https://dcfd27564ef899969db9a562c7e1945f.r2.cloudflarestorage.com/1304416345009170.mp4
video-missing    1304416345009170 c0  (expected file not found in facebook/videos/ewa-2026-06-22)
video-missing    1304416345009170 c0  (expected file not found in facebook/videos/ewa-2026-06-22)
image-pending    948871628181753 c0  (HANDOVER §8.5 — image handling not yet built)
image-pending    948871628181753 c0  (HANDOVER §8.5 — image handling not yet built)
image-pending    948871628181753 c0  (HANDOVER §8.5 — image handling not yet built)
carried-forward  27801528832781036 c0  → https://pub-893b4a6a607b4221a894bf861da7914e.r2.dev/27801528832781036.jpg
image-pending    1887396798592656 c0  (HANDOVER §8.5 — image handling not yet built)
image-pending    1887396798592656 c0  (HANDOVER §8.5 — image handling not yet built)
image-pending    1887396798592656 c0  (HANDOVER §8.5 — image handling not yet built)
image-pending    1887396798592656 c0  (HANDOVER §8.5 — image handling not yet built)
image-pending    1887396798592656 c0  (HANDOVER §8.5 — image handling not yet built)
uploaded         2218998435603614 c0  (video) ← 2218998435603614.mp4  → https://dcfd27564ef899969db9a562c7e1945f.r2.cloudflarestorage.com/2218998435603614.mp4
image-pending    2739234903117394 c0  (HANDOVER §8.5 — image handling not yet built)
image-pending    1892987701365553 c0  (HANDOVER §8.5 — image handling not yet built)
carried-forward  1312728214291006 c0  → https://pub-893b4a6a607b4221a894bf861da7914e.r2.dev/1312728214291006.mp4
image-pending    1379659310736348 c0  (HANDOVER §8.5 — image handling not yet built)
image-pending    1416605686966870 c0  (HANDOVER §8.5 — image handling not yet built)
uploaded         989195793757335 c0  (video) ← 989195793757335.mp4  → https://dcfd27564ef899969db9a562c7e1945f.r2.cloudflarestorage.com/989195793757335.mp4
video-missing    989195793757335 c0  (expected file not found in facebook/videos/ewa-2026-06-22)
video-missing    989195793757335 c0  (expected file not found in facebook/videos/ewa-2026-06-22)
video-missing    989195793757335 c0  (expected file not found in facebook/videos/ewa-2026-06-22)
video-missing    989195793757335 c0  (expected file not found in facebook/videos/ewa-2026-06-22)
video-missing    989195793757335 c0  (expected file not found in facebook/videos/ewa-2026-06-22)
video-missing    989195793757335 c0  (expected file not found in facebook/videos/ewa-2026-06-22)
video-missing    989195793757335 c0  (expected file not found in facebook/videos/ewa-2026-06-22)
video-missing    989195793757335 c0  (expected file not found in facebook/videos/ewa-2026-06-22)
video-missing    989195793757335 c0  (expected file not found in facebook/videos/ewa-2026-06-22)
video-missing    989195793757335 c0  (expected file not found in facebook/videos/ewa-2026-06-22)
video-missing    989195793757335 c0  (expected file not found in facebook/videos/ewa-2026-06-22)
video-missing    989195793757335 c0  (expected file not found in facebook/videos/ewa-2026-06-22)
video-missing    989195793757335 c0  (expected file not found in facebook/videos/ewa-2026-06-22)
video-missing    989195793757335 c0  (expected file not found in facebook/videos/ewa-2026-06-22)
image-pending    764555643334313 c0  (HANDOVER §8.5 — image handling not yet built)
image-pending    1197932140064201 c0  (HANDOVER §8.5 — image handling not yet built)
uploaded         1034272239559593 c0  (video) ← 1034272239559593.mp4  → https://dcfd27564ef899969db9a562c7e1945f.r2.cloudflarestorage.com/1034272239559593.mp4
image-pending    1548351183509859 c0  (HANDOVER §8.5 — image handling not yet built)
image-pending    833344169614266 c0  (HANDOVER §8.5 — image handling not yet built)
image-pending    833344169614266 c0  (HANDOVER §8.5 — image handling not yet built)
image-pending    3490261941123380 c0  (HANDOVER §8.5 — image handling not yet built)
image-pending    3490261941123380 c0  (HANDOVER §8.5 — image handling not yet built)
image-pending    979797738360920 c0  (HANDOVER §8.5 — image handling not yet built)
image-pending    2046732919250662 c0  (HANDOVER §8.5 — image handling not yet built)
image-pending    2046732919250662 c0  (HANDOVER §8.5 — image handling not yet built)
uploaded         1581475363659364 c0  (video) ← 1581475363659364.mp4  → https://dcfd27564ef899969db9a562c7e1945f.r2.cloudflarestorage.com/1581475363659364.mp4
video-missing    1581475363659364 c0  (expected file not found in facebook/videos/ewa-2026-06-22)
video-missing    1581475363659364 c0  (expected file not found in facebook/videos/ewa-2026-06-22)
image-pending    2259195878154468 c0  (HANDOVER §8.5 — image handling not yet built)
uploaded         1263135572564428 c0  (video) ← 1263135572564428.mp4  → https://dcfd27564ef899969db9a562c7e1945f.r2.cloudflarestorage.com/1263135572564428.mp4
image-pending    1283549977193733 c0  (HANDOVER §8.5 — image handling not yet built)
image-pending    1525408699041401 c0  (HANDOVER §8.5 — image handling not yet built)
image-pending    814641214913506 c0  (HANDOVER §8.5 — image handling not yet built)
image-pending    814641214913506 c0  (HANDOVER §8.5 — image handling not yet built)
image-pending    814641214913506 c0  (HANDOVER §8.5 — image handling not yet built)
image-pending    814641214913506 c0  (HANDOVER §8.5 — image handling not yet built)
video-missing    2158745832188363 c0  (expected file not found in facebook/videos/ewa-2026-06-22)
image-pending    1008266878454768 c0  (HANDOVER §8.5 — image handling not yet built)
image-pending    1008266878454768 c0  (HANDOVER §8.5 — image handling not yet built)
image-pending    1008266878454768 c0  (HANDOVER §8.5 — image handling not yet built)
image-pending    1008266878454768 c0  (HANDOVER §8.5 — image handling not yet built)
image-pending    1008266878454768 c0  (HANDOVER §8.5 — image handling not yet built)
image-pending    1008266878454768 c0  (HANDOVER §8.5 — image handling not yet built)
image-pending    1008266878454768 c0  (HANDOVER §8.5 — image handling not yet built)
image-pending    1008266878454768 c0  (HANDOVER §8.5 — image handling not yet built)
image-pending    1008266878454768 c0  (HANDOVER §8.5 — image handling not yet built)
image-pending    1008266878454768 c0  (HANDOVER §8.5 — image handling not yet built)
image-pending    1008266878454768 c0  (HANDOVER §8.5 — image handling not yet built)
image-pending    1008266878454768 c0  (HANDOVER §8.5 — image handling not yet built)
carried-forward  2174746829978204 c0  → https://pub-893b4a6a607b4221a894bf861da7914e.r2.dev/2174746829978204.mp4
image-pending    1909126599743123 c0  (HANDOVER §8.5 — image handling not yet built)
image-pending    2111965449369215 c0  (HANDOVER §8.5 — image handling not yet built)
image-pending    2379825969172471 c0  (HANDOVER §8.5 — image handling not yet built)
image-pending    2214268666002679 c0  (HANDOVER §8.5 — image handling not yet built)
image-pending    1391063489526631 c0  (HANDOVER §8.5 — image handling not yet built)
image-pending    1391063489526631 c0  (HANDOVER §8.5 — image handling not yet built)
image-pending    1391063489526631 c0  (HANDOVER §8.5 — image handling not yet built)
carried-forward  1046851381062328 c0  → https://dcfd27564ef899969db9a562c7e1945f.r2.cloudflarestorage.com/1046851381062328.mp4
uploaded         1706833537003478 c0  (video) ← 1706833537003478.mp4  → https://dcfd27564ef899969db9a562c7e1945f.r2.cloudflarestorage.com/1706833537003478.mp4
video-missing    1706833537003478 c0  (expected file not found in facebook/videos/ewa-2026-06-22)
video-missing    1706833537003478 c0  (expected file not found in facebook/videos/ewa-2026-06-22)
uploaded         1329174172682448 c0  (video) ← 1329174172682448.mp4  → https://dcfd27564ef899969db9a562c7e1945f.r2.cloudflarestorage.com/1329174172682448.mp4
video-missing    1329174172682448 c0  (expected file not found in facebook/videos/ewa-2026-06-22)
video-missing    1329174172682448 c0  (expected file not found in facebook/videos/ewa-2026-06-22)
uploaded         1692317208565480 c0  (video) ← 1692317208565480.mp4  → https://dcfd27564ef899969db9a562c7e1945f.r2.cloudflarestorage.com/1692317208565480.mp4
video-missing    1692317208565480 c0  (expected file not found in facebook/videos/ewa-2026-06-22)
image-pending    1355206383173702 c0  (HANDOVER §8.5 — image handling not yet built)
uploaded         1718985906200451 c0  (video) ← 1718985906200451.mp4  → https://dcfd27564ef899969db9a562c7e1945f.r2.cloudflarestorage.com/1718985906200451.mp4
uploaded         978723188280394 c0  (video) ← 978723188280394.mp4  → https://dcfd27564ef899969db9a562c7e1945f.r2.cloudflarestorage.com/978723188280394.mp4
video-missing    978723188280394 c0  (expected file not found in facebook/videos/ewa-2026-06-22)
video-missing    978723188280394 c0  (expected file not found in facebook/videos/ewa-2026-06-22)
carried-forward  1377638564277315 c0  → https://dcfd27564ef899969db9a562c7e1945f.r2.cloudflarestorage.com/1377638564277315.mp4
video-missing    1377638564277315 c0  (expected file not found in facebook/videos/ewa-2026-06-22)
video-missing    1377638564277315 c0  (expected file not found in facebook/videos/ewa-2026-06-22)
video-missing    27202729049369297 c0  (expected file not found in facebook/videos/ewa-2026-06-22)
uploaded         1766576664509573 c0  (video) ← 1766576664509573.mp4  → https://dcfd27564ef899969db9a562c7e1945f.r2.cloudflarestorage.com/1766576664509573.mp4
video-missing    1766576664509573 c0  (expected file not found in facebook/videos/ewa-2026-06-22)
video-missing    1766576664509573 c0  (expected file not found in facebook/videos/ewa-2026-06-22)
video-missing    1766576664509573 c0  (expected file not found in facebook/videos/ewa-2026-06-22)
video-missing    1766576664509573 c0  (expected file not found in facebook/videos/ewa-2026-06-22)
video-missing    1766576664509573 c0  (expected file not found in facebook/videos/ewa-2026-06-22)
video-missing    1766576664509573 c0  (expected file not found in facebook/videos/ewa-2026-06-22)
video-missing    1766576664509573 c0  (expected file not found in facebook/videos/ewa-2026-06-22)
video-missing    1766576664509573 c0  (expected file not found in facebook/videos/ewa-2026-06-22)
video-missing    1766576664509573 c0  (expected file not found in facebook/videos/ewa-2026-06-22)
video-missing    1766576664509573 c0  (expected file not found in facebook/videos/ewa-2026-06-22)
video-missing    1766576664509573 c0  (expected file not found in facebook/videos/ewa-2026-06-22)
video-missing    1766576664509573 c0  (expected file not found in facebook/videos/ewa-2026-06-22)
video-missing    1766576664509573 c0  (expected file not found in facebook/videos/ewa-2026-06-22)
video-missing    1766576664509573 c0  (expected file not found in facebook/videos/ewa-2026-06-22)
image-pending    1011891624579214 c0  (HANDOVER §8.5 — image handling not yet built)
image-pending    1011891624579214 c0  (HANDOVER §8.5 — image handling not yet built)
image-pending    1534656998321901 c0  (HANDOVER §8.5 — image handling not yet built)
image-pending    787989207642506 c0  (HANDOVER §8.5 — image handling not yet built)
carried-forward  1050363787321453 c0  → https://dcfd27564ef899969db9a562c7e1945f.r2.cloudflarestorage.com/1050363787321453.mp4
video-missing    1050363787321453 c0  (expected file not found in facebook/videos/ewa-2026-06-22)
image-pending    1339525164790059 c0  (HANDOVER §8.5 — image handling not yet built)
image-pending    1339525164790059 c0  (HANDOVER §8.5 — image handling not yet built)
image-pending    1339525164790059 c0  (HANDOVER §8.5 — image handling not yet built)
image-pending    1327783696147283 c0  (HANDOVER §8.5 — image handling not yet built)
uploaded         1696982144669872 c0  (video) ← 1696982144669872.mp4  → https://dcfd27564ef899969db9a562c7e1945f.r2.cloudflarestorage.com/1696982144669872.mp4
video-missing    1696982144669872 c0  (expected file not found in facebook/videos/ewa-2026-06-22)
video-missing    1696982144669872 c0  (expected file not found in facebook/videos/ewa-2026-06-22)
video-missing    1696982144669872 c0  (expected file not found in facebook/videos/ewa-2026-06-22)
video-missing    1696982144669872 c0  (expected file not found in facebook/videos/ewa-2026-06-22)
image-pending    1373694944578327 c0  (HANDOVER §8.5 — image handling not yet built)
image-pending    1320549159680044 c0  (HANDOVER §8.5 — image handling not yet built)
image-pending    1320549159680044 c0  (HANDOVER §8.5 — image handling not yet built)
image-pending    27365427283110629 c0  (HANDOVER §8.5 — image handling not yet built)
image-pending    27365427283110629 c0  (HANDOVER §8.5 — image handling not yet built)
image-pending    27365427283110629 c0  (HANDOVER §8.5 — image handling not yet built)
image-pending    27365427283110629 c0  (HANDOVER §8.5 — image handling not yet built)
image-pending    27365427283110629 c0  (HANDOVER §8.5 — image handling not yet built)
uploaded         27200262002991798 c0  (video) ← 27200262002991798.mp4  → https://dcfd27564ef899969db9a562c7e1945f.r2.cloudflarestorage.com/27200262002991798.mp4
video-missing    27200262002991798 c0  (expected file not found in facebook/videos/ewa-2026-06-22)
uploaded         1586007249524690 c0  (video) ← 1586007249524690.mp4  → https://dcfd27564ef899969db9a562c7e1945f.r2.cloudflarestorage.com/1586007249524690.mp4
image-pending    995325360065535 c0  (HANDOVER §8.5 — image handling not yet built)
carried-forward  850810008103397 c0  → https://dcfd27564ef899969db9a562c7e1945f.r2.cloudflarestorage.com/850810008103397.mp4
uploaded         1396381455876520 c0  (video) ← 1396381455876520.mp4  → https://dcfd27564ef899969db9a562c7e1945f.r2.cloudflarestorage.com/1396381455876520.mp4
image-pending    1001701312450180 c0  (HANDOVER §8.5 — image handling not yet built)
image-pending    1029488812751488 c0  (HANDOVER §8.5 — image handling not yet built)
uploaded         1588221452824886 c0  (video) ← 1588221452824886.mp4  → https://dcfd27564ef899969db9a562c7e1945f.r2.cloudflarestorage.com/1588221452824886.mp4
image-pending    1264535428892280 c0  (HANDOVER §8.5 — image handling not yet built)
uploaded         905835235877545 c0  (video) ← 905835235877545.mp4  → https://dcfd27564ef899969db9a562c7e1945f.r2.cloudflarestorage.com/905835235877545.mp4
uploaded         2049175522377870 c0  (video) ← 2049175522377870.mp4  → https://dcfd27564ef899969db9a562c7e1945f.r2.cloudflarestorage.com/2049175522377870.mp4
image-pending    850721441440781 c0  (HANDOVER §8.5 — image handling not yet built)
image-pending    850721441440781 c0  (HANDOVER §8.5 — image handling not yet built)
image-pending    850721441440781 c0  (HANDOVER §8.5 — image handling not yet built)
image-pending    850721441440781 c0  (HANDOVER §8.5 — image handling not yet built)
image-pending    850721441440781 c0  (HANDOVER §8.5 — image handling not yet built)
image-pending    850721441440781 c0  (HANDOVER §8.5 — image handling not yet built)
image-pending    850721441440781 c0  (HANDOVER §8.5 — image handling not yet built)
image-pending    850721441440781 c0  (HANDOVER §8.5 — image handling not yet built)
image-pending    850721441440781 c0  (HANDOVER §8.5 — image handling not yet built)
uploaded         2139664810291951 c0  (video) ← 2139664810291951.mp4  → https://dcfd27564ef899969db9a562c7e1945f.r2.cloudflarestorage.com/2139664810291951.mp4
image-pending    1362642539106283 c0  (HANDOVER §8.5 — image handling not yet built)
image-pending    1362642539106283 c0  (HANDOVER §8.5 — image handling not yet built)
image-pending    1004525335884680 c0  (HANDOVER §8.5 — image handling not yet built)
image-pending    999533563062470 c0  (HANDOVER §8.5 — image handling not yet built)
image-pending    999533563062470 c0  (HANDOVER §8.5 — image handling not yet built)
image-pending    999533563062470 c0  (HANDOVER §8.5 — image handling not yet built)
image-pending    999533563062470 c0  (HANDOVER §8.5 — image handling not yet built)
image-pending    999533563062470 c0  (HANDOVER §8.5 — image handling not yet built)
image-pending    1029236059618756 c0  (HANDOVER §8.5 — image handling not yet built)
image-pending    1029236059618756 c0  (HANDOVER §8.5 — image handling not yet built)
image-pending    1029236059618756 c0  (HANDOVER §8.5 — image handling not yet built)
image-pending    1029236059618756 c0  (HANDOVER §8.5 — image handling not yet built)
image-pending    1029236059618756 c0  (HANDOVER §8.5 — image handling not yet built)
image-pending    1029236059618756 c0  (HANDOVER §8.5 — image handling not yet built)
image-pending    1029236059618756 c0  (HANDOVER §8.5 — image handling not yet built)
image-pending    1029236059618756 c0  (HANDOVER §8.5 — image handling not yet built)
image-pending    1029236059618756 c0  (HANDOVER §8.5 — image handling not yet built)
image-pending    1029236059618756 c0  (HANDOVER §8.5 — image handling not yet built)
image-pending    1029236059618756 c0  (HANDOVER §8.5 — image handling not yet built)
image-pending    4991689354391176 c0  (HANDOVER §8.5 — image handling not yet built)
image-pending    1038116928793574 c0  (HANDOVER §8.5 — image handling not yet built)
image-pending    1038116928793574 c0  (HANDOVER §8.5 — image handling not yet built)
image-pending    1038116928793574 c0  (HANDOVER §8.5 — image handling not yet built)
image-pending    1038116928793574 c0  (HANDOVER §8.5 — image handling not yet built)
carried-forward  1326696246067130 c0  → https://dcfd27564ef899969db9a562c7e1945f.r2.cloudflarestorage.com/1326696246067130.mp4
image-pending    2045100932741301 c0  (HANDOVER §8.5 — image handling not yet built)
image-pending    2045100932741301 c0  (HANDOVER §8.5 — image handling not yet built)
image-pending    2045100932741301 c0  (HANDOVER §8.5 — image handling not yet built)
image-pending    2045100932741301 c0  (HANDOVER §8.5 — image handling not yet built)
image-pending    2045100932741301 c0  (HANDOVER §8.5 — image handling not yet built)
image-pending    1567154118173358 c0  (HANDOVER §8.5 — image handling not yet built)
carried-forward  2137647430144159 c0  → https://dcfd27564ef899969db9a562c7e1945f.r2.cloudflarestorage.com/2137647430144159.mp4
video-missing    2137647430144159 c0  (expected file not found in facebook/videos/ewa-2026-06-22)
video-missing    2137647430144159 c0  (expected file not found in facebook/videos/ewa-2026-06-22)
video-missing    2137647430144159 c0  (expected file not found in facebook/videos/ewa-2026-06-22)
video-missing    2137647430144159 c0  (expected file not found in facebook/videos/ewa-2026-06-22)
video-missing    2137647430144159 c0  (expected file not found in facebook/videos/ewa-2026-06-22)
video-missing    2137647430144159 c0  (expected file not found in facebook/videos/ewa-2026-06-22)
video-missing    2137647430144159 c0  (expected file not found in facebook/videos/ewa-2026-06-22)
video-missing    2137647430144159 c0  (expected file not found in facebook/videos/ewa-2026-06-22)
video-missing    2137647430144159 c0  (expected file not found in facebook/videos/ewa-2026-06-22)
video-missing    2137647430144159 c0  (expected file not found in facebook/videos/ewa-2026-06-22)
image-pending    1616074706132174 c0  (HANDOVER §8.5 — image handling not yet built)
image-pending    1616074706132174 c0  (HANDOVER §8.5 — image handling not yet built)
image-pending    1282463207293267 c0  (HANDOVER §8.5 — image handling not yet built)
image-pending    1282463207293267 c0  (HANDOVER §8.5 — image handling not yet built)
image-pending    1282463207293267 c0  (HANDOVER §8.5 — image handling not yet built)
image-pending    1282463207293267 c0  (HANDOVER §8.5 — image handling not yet built)
uploaded         1001574502617554 c0  (video) ← 1001574502617554.mp4  → https://dcfd27564ef899969db9a562c7e1945f.r2.cloudflarestorage.com/1001574502617554.mp4
image-pending    1330940098456438 c0  (HANDOVER §8.5 — image handling not yet built)
image-pending    2187925715081549 c0  (HANDOVER §8.5 — image handling not yet built)
carried-forward  1325895995634574 c0  → https://dcfd27564ef899969db9a562c7e1945f.r2.cloudflarestorage.com/1325895995634574.mp4
image-pending    1264519472234089 c0  (HANDOVER §8.5 — image handling not yet built)
image-pending    996370546447629 c0  (HANDOVER §8.5 — image handling not yet built)
image-pending    996370546447629 c0  (HANDOVER §8.5 — image handling not yet built)
image-pending    996370546447629 c0  (HANDOVER §8.5 — image handling not yet built)
image-pending    996370546447629 c0  (HANDOVER §8.5 — image handling not yet built)
image-pending    996370546447629 c0  (HANDOVER §8.5 — image handling not yet built)
image-pending    1351348530282921 c0  (HANDOVER §8.5 — image handling not yet built)
uploaded         1749563613062339 c0  (video) ← 1749563613062339.mp4  → https://dcfd27564ef899969db9a562c7e1945f.r2.cloudflarestorage.com/1749563613062339.mp4
uploaded         892193803911735 c0  (video) ← 892193803911735.mp4  → https://dcfd27564ef899969db9a562c7e1945f.r2.cloudflarestorage.com/892193803911735.mp4
image-pending    4534481966765808 c0  (HANDOVER §8.5 — image handling not yet built)
uploaded         1043371768126879 c0  (video) ← 1043371768126879.mp4  → https://dcfd27564ef899969db9a562c7e1945f.r2.cloudflarestorage.com/1043371768126879.mp4
image-pending    2113468429592490 c0  (HANDOVER §8.5 — image handling not yet built)
image-pending    2113468429592490 c0  (HANDOVER §8.5 — image handling not yet built)
carried-forward  2162852624562953 c0  → https://dcfd27564ef899969db9a562c7e1945f.r2.cloudflarestorage.com/2162852624562953.mp4
image-pending    3730228017117199 c0  (HANDOVER §8.5 — image handling not yet built)
uploaded         940843992332232 c0  (video) ← 940843992332232.mp4  → https://dcfd27564ef899969db9a562c7e1945f.r2.cloudflarestorage.com/940843992332232.mp4
carried-forward  27257732497170388 c0  → https://dcfd27564ef899969db9a562c7e1945f.r2.cloudflarestorage.com/27257732497170388.mp4
video-missing    27257732497170388 c0  (expected file not found in facebook/videos/ewa-2026-06-22)
video-missing    27257732497170388 c0  (expected file not found in facebook/videos/ewa-2026-06-22)
video-missing    27257732497170388 c0  (expected file not found in facebook/videos/ewa-2026-06-22)
image-pending    1577508390822795 c0  (HANDOVER §8.5 — image handling not yet built)
image-pending    3536865836462314 c0  (HANDOVER §8.5 — image handling not yet built)
uploaded         1722581755544587 c0  (video) ← 1722581755544587.mp4  → https://dcfd27564ef899969db9a562c7e1945f.r2.cloudflarestorage.com/1722581755544587.mp4
video-missing    1722581755544587 c0  (expected file not found in facebook/videos/ewa-2026-06-22)
image-pending    28494521850136224 c0  (HANDOVER §8.5 — image handling not yet built)
image-pending    28494521850136224 c0  (HANDOVER §8.5 — image handling not yet built)
image-pending    1526541955840104 c0  (HANDOVER §8.5 — image handling not yet built)
image-pending    2064901987736663 c0  (HANDOVER §8.5 — image handling not yet built)
image-pending    2064901987736663 c0  (HANDOVER §8.5 — image handling not yet built)
image-pending    2064901987736663 c0  (HANDOVER §8.5 — image handling not yet built)
carried-forward  1478728220253869 c0  → https://pub-893b4a6a607b4221a894bf861da7914e.r2.dev/1478728220253869.jpg
image-pending    1478728220253869 c0  (HANDOVER §8.5 — image handling not yet built)
carried-forward  965979529598466 c0  → https://dcfd27564ef899969db9a562c7e1945f.r2.cloudflarestorage.com/965979529598466.mp4
image-pending    1048680967722369 c0  (HANDOVER §8.5 — image handling not yet built)
uploaded         1333788398122641 c0  (video) ← 1333788398122641.mp4  → https://dcfd27564ef899969db9a562c7e1945f.r2.cloudflarestorage.com/1333788398122641.mp4
video-missing    1333788398122641 c0  (expected file not found in facebook/videos/ewa-2026-06-22)
video-missing    1333788398122641 c0  (expected file not found in facebook/videos/ewa-2026-06-22)
image-pending    1543671413796003 c0  (HANDOVER §8.5 — image handling not yet built)
image-pending    3312088062296840 c0  (HANDOVER §8.5 — image handling not yet built)
image-pending    3312088062296840 c0  (HANDOVER §8.5 — image handling not yet built)
image-pending    3312088062296840 c0  (HANDOVER §8.5 — image handling not yet built)
uploaded         1878023903511077 c0  (video) ← 1878023903511077.mp4  → https://dcfd27564ef899969db9a562c7e1945f.r2.cloudflarestorage.com/1878023903511077.mp4
image-pending    1541650704030806 c0  (HANDOVER §8.5 — image handling not yet built)
image-pending    27186712811013678 c0  (HANDOVER §8.5 — image handling not yet built)
image-pending    2887258401444365 c0  (HANDOVER §8.5 — image handling not yet built)
image-pending    2887258401444365 c0  (HANDOVER §8.5 — image handling not yet built)
image-pending    1010071368379800 c0  (HANDOVER §8.5 — image handling not yet built)
uploaded         1328731419399691 c0  (video) ← 1328731419399691.mp4  → https://dcfd27564ef899969db9a562c7e1945f.r2.cloudflarestorage.com/1328731419399691.mp4
carried-forward  1332560905481862 c0  → https://dcfd27564ef899969db9a562c7e1945f.r2.cloudflarestorage.com/1332560905481862.mp4
image-pending    1792295418808176 c0  (HANDOVER §8.5 — image handling not yet built)
uploaded         1650172199572832 c0  (video) ← 1650172199572832.mp4  → https://dcfd27564ef899969db9a562c7e1945f.r2.cloudflarestorage.com/1650172199572832.mp4
video-missing    1650172199572832 c0  (expected file not found in facebook/videos/ewa-2026-06-22)
video-missing    1650172199572832 c0  (expected file not found in facebook/videos/ewa-2026-06-22)
video-missing    1650172199572832 c0  (expected file not found in facebook/videos/ewa-2026-06-22)
video-missing    1650172199572832 c0  (expected file not found in facebook/videos/ewa-2026-06-22)
uploaded         759309063910449 c0  (video) ← 759309063910449.mp4  → https://dcfd27564ef899969db9a562c7e1945f.r2.cloudflarestorage.com/759309063910449.mp4
video-missing    759309063910449 c0  (expected file not found in facebook/videos/ewa-2026-06-22)
carried-forward  2298034494062994 c0  → https://dcfd27564ef899969db9a562c7e1945f.r2.cloudflarestorage.com/2298034494062994.mp4
image-pending    989990410467712 c0  (HANDOVER §8.5 — image handling not yet built)
image-pending    1040043138359248 c0  (HANDOVER §8.5 — image handling not yet built)
image-pending    1040043138359248 c0  (HANDOVER §8.5 — image handling not yet built)
carried-forward  2025588438038790 c0  → https://dcfd27564ef899969db9a562c7e1945f.r2.cloudflarestorage.com/2025588438038790.mp4
carried-forward  1486809382573516 c0  → https://dcfd27564ef899969db9a562c7e1945f.r2.cloudflarestorage.com/1486809382573516.mp4
video-missing    1486809382573516 c0  (expected file not found in facebook/videos/ewa-2026-06-22)
uploaded         2360448554715332 c0  (video) ← 2360448554715332.mp4  → https://dcfd27564ef899969db9a562c7e1945f.r2.cloudflarestorage.com/2360448554715332.mp4
video-missing    2360448554715332 c0  (expected file not found in facebook/videos/ewa-2026-06-22)
image-pending    952129104482238 c0  (HANDOVER §8.5 — image handling not yet built)
image-pending    1566896548113359 c0  (HANDOVER §8.5 — image handling not yet built)
image-pending    1566896548113359 c0  (HANDOVER §8.5 — image handling not yet built)
uploaded         1012581534491523 c0  (video) ← 1012581534491523.mp4  → https://dcfd27564ef899969db9a562c7e1945f.r2.cloudflarestorage.com/1012581534491523.mp4
image-pending    1012588588219239 c0  (HANDOVER §8.5 — image handling not yet built)
image-pending    1012588588219239 c0  (HANDOVER §8.5 — image handling not yet built)
image-pending    1031622096470396 c0  (HANDOVER §8.5 — image handling not yet built)
image-pending    1031622096470396 c0  (HANDOVER §8.5 — image handling not yet built)
image-pending    1031622096470396 c0  (HANDOVER §8.5 — image handling not yet built)
image-pending    1031622096470396 c0  (HANDOVER §8.5 — image handling not yet built)
carried-forward  4321156288143589 c0  → https://dcfd27564ef899969db9a562c7e1945f.r2.cloudflarestorage.com/4321156288143589.mp4
image-pending    1016231321230136 c0  (HANDOVER §8.5 — image handling not yet built)
uploaded         1060618956294855 c0  (video) ← 1060618956294855.mp4  → https://dcfd27564ef899969db9a562c7e1945f.r2.cloudflarestorage.com/1060618956294855.mp4
uploaded         1789293819108419 c0  (video) ← 1789293819108419.mp4  → https://dcfd27564ef899969db9a562c7e1945f.r2.cloudflarestorage.com/1789293819108419.mp4
uploaded         27383059938023118 c0  (video) ← 27383059938023118.mp4  → https://dcfd27564ef899969db9a562c7e1945f.r2.cloudflarestorage.com/27383059938023118.mp4
image-pending    908099268343230 c0  (HANDOVER §8.5 — image handling not yet built)
uploaded         1663805221590056 c0  (video) ← 1663805221590056.mp4  → https://dcfd27564ef899969db9a562c7e1945f.r2.cloudflarestorage.com/1663805221590056.mp4
image-pending    26595535143458942 c0  (HANDOVER §8.5 — image handling not yet built)
image-pending    4445707562349547 c0  (HANDOVER §8.5 — image handling not yet built)
uploaded         1555277469274297 c0  (video) ← 1555277469274297.mp4  → https://dcfd27564ef899969db9a562c7e1945f.r2.cloudflarestorage.com/1555277469274297.mp4
image-pending    993656546642757 c0  (HANDOVER §8.5 — image handling not yet built)
image-pending    1156699499989449 c0  (HANDOVER §8.5 — image handling not yet built)
image-pending    1156699499989449 c0  (HANDOVER §8.5 — image handling not yet built)
carried-forward  1263843505828406 c0  → https://dcfd27564ef899969db9a562c7e1945f.r2.cloudflarestorage.com/1263843505828406.mp4
uploaded         1550216366678464 c0  (video) ← 1550216366678464.mp4  → https://dcfd27564ef899969db9a562c7e1945f.r2.cloudflarestorage.com/1550216366678464.mp4
uploaded         1381915087329877 c0  (video) ← 1381915087329877.mp4  → https://dcfd27564ef899969db9a562c7e1945f.r2.cloudflarestorage.com/1381915087329877.mp4
video-missing    2119021118659694 c0  (expected file not found in facebook/videos/ewa-2026-06-22)
carried-forward  1518450716536389 c0  → https://dcfd27564ef899969db9a562c7e1945f.r2.cloudflarestorage.com/1518450716536389.mp4
carried-forward  756343627537081 c0  → https://dcfd27564ef899969db9a562c7e1945f.r2.cloudflarestorage.com/756343627537081.mp4
image-pending    2729642587410906 c0  (HANDOVER §8.5 — image handling not yet built)
image-pending    2729642587410906 c0  (HANDOVER §8.5 — image handling not yet built)
image-pending    2729642587410906 c0  (HANDOVER §8.5 — image handling not yet built)
image-pending    1215678737264247 c0  (HANDOVER §8.5 — image handling not yet built)
image-pending    1215678737264247 c0  (HANDOVER §8.5 — image handling not yet built)
image-pending    1215678737264247 c0  (HANDOVER §8.5 — image handling not yet built)
image-pending    1686369402408179 c0  (HANDOVER §8.5 — image handling not yet built)
image-pending    1686369402408179 c0  (HANDOVER §8.5 — image handling not yet built)
image-pending    1686369402408179 c0  (HANDOVER §8.5 — image handling not yet built)
image-pending    1686369402408179 c0  (HANDOVER §8.5 — image handling not yet built)
carried-forward  846508321853410 c0  → https://pub-893b4a6a607b4221a894bf861da7914e.r2.dev/846508321853410.mp4
image-pending    2797651413926493 c0  (HANDOVER §8.5 — image handling not yet built)
image-pending    2797651413926493 c0  (HANDOVER §8.5 — image handling not yet built)
image-pending    2797651413926493 c0  (HANDOVER §8.5 — image handling not yet built)
image-pending    2797651413926493 c0  (HANDOVER §8.5 — image handling not yet built)
carried-forward  1009221488191146 c0  → https://dcfd27564ef899969db9a562c7e1945f.r2.cloudflarestorage.com/1009221488191146.mp4
carried-forward  1664341411566025 c0  → https://dcfd27564ef899969db9a562c7e1945f.r2.cloudflarestorage.com/1664341411566025.mp4
image-pending    2575268789590364 c0  (HANDOVER §8.5 — image handling not yet built)
image-pending    2575268789590364 c0  (HANDOVER §8.5 — image handling not yet built)
image-pending    2575268789590364 c0  (HANDOVER §8.5 — image handling not yet built)
image-pending    2575268789590364 c0  (HANDOVER §8.5 — image handling not yet built)
image-pending    2575268789590364 c0  (HANDOVER §8.5 — image handling not yet built)
image-pending    2575268789590364 c0  (HANDOVER §8.5 — image handling not yet built)
uploaded         1566724088392524 c0  (video) ← 1566724088392524.mp4  → https://dcfd27564ef899969db9a562c7e1945f.r2.cloudflarestorage.com/1566724088392524.mp4
uploaded         2471215043394808 c0  (video) ← 2471215043394808.mp4  → https://dcfd27564ef899969db9a562c7e1945f.r2.cloudflarestorage.com/2471215043394808.mp4
carried-forward  2362134817604995 c0  → https://dcfd27564ef899969db9a562c7e1945f.r2.cloudflarestorage.com/2362134817604995.mp4
image-pending    1385256133428470 c0  (HANDOVER §8.5 — image handling not yet built)
image-pending    1385256133428470 c0  (HANDOVER §8.5 — image handling not yet built)
image-pending    1385256133428470 c0  (HANDOVER §8.5 — image handling not yet built)
image-pending    1385256133428470 c0  (HANDOVER §8.5 — image handling not yet built)
image-pending    1385256133428470 c0  (HANDOVER §8.5 — image handling not yet built)
image-pending    1385256133428470 c0  (HANDOVER §8.5 — image handling not yet built)
image-pending    1385256133428470 c0  (HANDOVER §8.5 — image handling not yet built)
image-pending    1385256133428470 c0  (HANDOVER §8.5 — image handling not yet built)
image-pending    1385256133428470 c0  (HANDOVER §8.5 — image handling not yet built)
image-pending    1385256133428470 c0  (HANDOVER §8.5 — image handling not yet built)
image-pending    1385256133428470 c0  (HANDOVER §8.5 — image handling not yet built)
image-pending    1806488864091309 c0  (HANDOVER §8.5 — image handling not yet built)
image-pending    1806488864091309 c0  (HANDOVER §8.5 — image handling not yet built)
image-pending    1806488864091309 c0  (HANDOVER §8.5 — image handling not yet built)
image-pending    1532951201604251 c0  (HANDOVER §8.5 — image handling not yet built)
uploaded         2916312715374047 c0  (video) ← 2916312715374047.mp4  → https://dcfd27564ef899969db9a562c7e1945f.r2.cloudflarestorage.com/2916312715374047.mp4
video-missing    2916312715374047 c0  (expected file not found in facebook/videos/ewa-2026-06-22)
video-missing    2916312715374047 c0  (expected file not found in facebook/videos/ewa-2026-06-22)
video-missing    2916312715374047 c0  (expected file not found in facebook/videos/ewa-2026-06-22)
carried-forward  995863683296529 c0  → https://dcfd27564ef899969db9a562c7e1945f.r2.cloudflarestorage.com/995863683296529.mp4
uploaded         1402901528526644 c0  (video) ← 1402901528526644.mp4  → https://dcfd27564ef899969db9a562c7e1945f.r2.cloudflarestorage.com/1402901528526644.mp4
video-missing    1402901528526644 c0  (expected file not found in facebook/videos/ewa-2026-06-22)
video-missing    1402901528526644 c0  (expected file not found in facebook/videos/ewa-2026-06-22)
image-pending    1298096599153255 c0  (HANDOVER §8.5 — image handling not yet built)
image-pending    1406610151516594 c0  (HANDOVER §8.5 — image handling not yet built)
uploaded         1041781788283238 c0  (video) ← 1041781788283238.mp4  → https://dcfd27564ef899969db9a562c7e1945f.r2.cloudflarestorage.com/1041781788283238.mp4
carried-forward  2091519528240622 c0  → https://pub-893b4a6a607b4221a894bf861da7914e.r2.dev/2091519528240622.jpg
uploaded         1897166890974853 c0  (video) ← 1897166890974853.mp4  → https://dcfd27564ef899969db9a562c7e1945f.r2.cloudflarestorage.com/1897166890974853.mp4
image-pending    2481770182294800 c0  (HANDOVER §8.5 — image handling not yet built)
image-pending    2481770182294800 c0  (HANDOVER §8.5 — image handling not yet built)
uploaded         3313659788806473 c0  (video) ← 3313659788806473.mp4  → https://dcfd27564ef899969db9a562c7e1945f.r2.cloudflarestorage.com/3313659788806473.mp4
video-missing    3313659788806473 c0  (expected file not found in facebook/videos/ewa-2026-06-22)
image-pending    1479120667306553 c0  (HANDOVER §8.5 — image handling not yet built)
uploaded         2245140799631499 c0  (video) ← 2245140799631499.mp4  → https://dcfd27564ef899969db9a562c7e1945f.r2.cloudflarestorage.com/2245140799631499.mp4
image-pending    1493864112490665 c0  (HANDOVER §8.5 — image handling not yet built)
image-pending    1493864112490665 c0  (HANDOVER §8.5 — image handling not yet built)
image-pending    1493864112490665 c0  (HANDOVER §8.5 — image handling not yet built)
image-pending    3954552981514433 c0  (HANDOVER §8.5 — image handling not yet built)
uploaded         984005891185723 c0  (video) ← 984005891185723.mp4  → https://dcfd27564ef899969db9a562c7e1945f.r2.cloudflarestorage.com/984005891185723.mp4
uploaded         3277982569038815 c0  (video) ← 3277982569038815.mp4  → https://dcfd27564ef899969db9a562c7e1945f.r2.cloudflarestorage.com/3277982569038815.mp4
image-pending    965902922953419 c0  (HANDOVER §8.5 — image handling not yet built)
image-pending    965902922953419 c0  (HANDOVER §8.5 — image handling not yet built)
image-pending    965902922953419 c0  (HANDOVER §8.5 — image handling not yet built)
image-pending    965902922953419 c0  (HANDOVER §8.5 — image handling not yet built)
image-pending    965902922953419 c0  (HANDOVER §8.5 — image handling not yet built)
image-pending    965902922953419 c0  (HANDOVER §8.5 — image handling not yet built)
image-pending    965902922953419 c0  (HANDOVER §8.5 — image handling not yet built)
image-pending    965902922953419 c0  (HANDOVER §8.5 — image handling not yet built)
image-pending    1553906703193918 c0  (HANDOVER §8.5 — image handling not yet built)
image-pending    1553906703193918 c0  (HANDOVER §8.5 — image handling not yet built)
image-pending    1346411284117576 c0  (HANDOVER §8.5 — image handling not yet built)
carried-forward  983227384111623 c0  → https://pub-893b4a6a607b4221a894bf861da7914e.r2.dev/983227384111623.jpg
image-pending    983227384111623 c0  (HANDOVER §8.5 — image handling not yet built)
uploaded         25289385164091880 c0  (video) ← 25289385164091880.mp4  → https://dcfd27564ef899969db9a562c7e1945f.r2.cloudflarestorage.com/25289385164091880.mp4
image-pending    2853708418317373 c0  (HANDOVER §8.5 — image handling not yet built)
carried-forward  947353454969133 c0  → https://dcfd27564ef899969db9a562c7e1945f.r2.cloudflarestorage.com/947353454969133.mp4
uploaded         1292667792624145 c0  (video) ← 1292667792624145.mp4  → https://dcfd27564ef899969db9a562c7e1945f.r2.cloudflarestorage.com/1292667792624145.mp4
uploaded         1689268748943182 c0  (video) ← 1689268748943182.mp4  → https://dcfd27564ef899969db9a562c7e1945f.r2.cloudflarestorage.com/1689268748943182.mp4
uploaded         1003714152030357 c0  (video) ← 1003714152030357.mp4  → https://dcfd27564ef899969db9a562c7e1945f.r2.cloudflarestorage.com/1003714152030357.mp4
uploaded         1015217818139600 c0  (video) ← 1015217818139600.mp4  → https://dcfd27564ef899969db9a562c7e1945f.r2.cloudflarestorage.com/1015217818139600.mp4
video-missing    1015217818139600 c0  (expected file not found in facebook/videos/ewa-2026-06-22)
image-pending    1366186555380657 c0  (HANDOVER §8.5 — image handling not yet built)
image-pending    1366186555380657 c0  (HANDOVER §8.5 — image handling not yet built)
image-pending    1678942173364157 c0  (HANDOVER §8.5 — image handling not yet built)
carried-forward  27441365728789118 c0  → https://pub-893b4a6a607b4221a894bf861da7914e.r2.dev/27441365728789118.jpg
image-pending    2799702303728169 c0  (HANDOVER §8.5 — image handling not yet built)
image-pending    1638771370528013 c0  (HANDOVER §8.5 — image handling not yet built)
image-pending    1638771370528013 c0  (HANDOVER §8.5 — image handling not yet built)
image-pending    1638771370528013 c0  (HANDOVER §8.5 — image handling not yet built)
image-pending    1638771370528013 c0  (HANDOVER §8.5 — image handling not yet built)
carried-forward  1494853505119899 c0  → https://dcfd27564ef899969db9a562c7e1945f.r2.cloudflarestorage.com/1494853505119899.mp4
video-missing    1494853505119899 c0  (expected file not found in facebook/videos/ewa-2026-06-22)
video-missing    1494853505119899 c0  (expected file not found in facebook/videos/ewa-2026-06-22)
uploaded         1575735464075702 c0  (video) ← 1575735464075702.mp4  → https://dcfd27564ef899969db9a562c7e1945f.r2.cloudflarestorage.com/1575735464075702.mp4
video-missing    1575735464075702 c0  (expected file not found in facebook/videos/ewa-2026-06-22)
video-missing    1575735464075702 c0  (expected file not found in facebook/videos/ewa-2026-06-22)
image-pending    1859632434995078 c0  (HANDOVER §8.5 — image handling not yet built)
image-pending    1859632434995078 c0  (HANDOVER §8.5 — image handling not yet built)
image-pending    1545286583648252 c0  (HANDOVER §8.5 — image handling not yet built)
image-pending    1545286583648252 c0  (HANDOVER §8.5 — image handling not yet built)
image-pending    1545286583648252 c0  (HANDOVER §8.5 — image handling not yet built)
image-pending    1545286583648252 c0  (HANDOVER §8.5 — image handling not yet built)
image-pending    1545286583648252 c0  (HANDOVER §8.5 — image handling not yet built)
image-pending    1545286583648252 c0  (HANDOVER §8.5 — image handling not yet built)
image-pending    2237152400448692 c0  (HANDOVER §8.5 — image handling not yet built)
image-pending    2165844980877891 c0  (HANDOVER §8.5 — image handling not yet built)
image-pending    2165844980877891 c0  (HANDOVER §8.5 — image handling not yet built)
image-pending    2165844980877891 c0  (HANDOVER §8.5 — image handling not yet built)
image-pending    2165844980877891 c0  (HANDOVER §8.5 — image handling not yet built)
image-pending    2165844980877891 c0  (HANDOVER §8.5 — image handling not yet built)
image-pending    2165844980877891 c0  (HANDOVER §8.5 — image handling not yet built)
image-pending    2165844980877891 c0  (HANDOVER §8.5 — image handling not yet built)
image-pending    2165844980877891 c0  (HANDOVER §8.5 — image handling not yet built)
image-pending    2165844980877891 c0  (HANDOVER §8.5 — image handling not yet built)
image-pending    2165844980877891 c0  (HANDOVER §8.5 — image handling not yet built)
image-pending    2165844980877891 c0  (HANDOVER §8.5 — image handling not yet built)
uploaded         1154958976829835 c0  (video) ← 1154958976829835.mp4  → https://dcfd27564ef899969db9a562c7e1945f.r2.cloudflarestorage.com/1154958976829835.mp4
image-pending    1003770712297142 c0  (HANDOVER §8.5 — image handling not yet built)
image-pending    1003770712297142 c0  (HANDOVER §8.5 — image handling not yet built)
image-pending    1003770712297142 c0  (HANDOVER §8.5 — image handling not yet built)
image-pending    1878334109789764 c0  (HANDOVER §8.5 — image handling not yet built)
image-pending    1878334109789764 c0  (HANDOVER §8.5 — image handling not yet built)
image-pending    1878334109789764 c0  (HANDOVER §8.5 — image handling not yet built)
image-pending    2278795162854956 c0  (HANDOVER §8.5 — image handling not yet built)
image-pending    2278795162854956 c0  (HANDOVER §8.5 — image handling not yet built)
carried-forward  1005030318581647 c0  → https://dcfd27564ef899969db9a562c7e1945f.r2.cloudflarestorage.com/1005030318581647.mp4
image-pending    1044667448073266 c0  (HANDOVER §8.5 — image handling not yet built)
uploaded         1537179304521416 c0  (video) ← 1537179304521416.mp4  → https://dcfd27564ef899969db9a562c7e1945f.r2.cloudflarestorage.com/1537179304521416.mp4
uploaded         3313314445543891 c0  (video) ← 3313314445543891.mp4  → https://dcfd27564ef899969db9a562c7e1945f.r2.cloudflarestorage.com/3313314445543891.mp4
uploaded         2836911903311878 c0  (video) ← 2836911903311878.mp4  → https://dcfd27564ef899969db9a562c7e1945f.r2.cloudflarestorage.com/2836911903311878.mp4
image-pending    1519759689686755 c0  (HANDOVER §8.5 — image handling not yet built)
image-pending    2094676238128249 c0  (HANDOVER §8.5 — image handling not yet built)
image-pending    2094676238128249 c0  (HANDOVER §8.5 — image handling not yet built)
image-pending    2094676238128249 c0  (HANDOVER §8.5 — image handling not yet built)
uploaded         1029485316242720 c0  (video) ← 1029485316242720.mp4  → https://dcfd27564ef899969db9a562c7e1945f.r2.cloudflarestorage.com/1029485316242720.mp4
video-missing    2255211915285121 c0  (expected file not found in facebook/videos/ewa-2026-06-22)
uploaded         1316555110107465 c0  (video) ← 1316555110107465.mp4  → https://dcfd27564ef899969db9a562c7e1945f.r2.cloudflarestorage.com/1316555110107465.mp4
image-pending    1512028943950755 c0  (HANDOVER §8.5 — image handling not yet built)
uploaded         2106249129929265 c0  (video) ← 2106249129929265.mp4  → https://dcfd27564ef899969db9a562c7e1945f.r2.cloudflarestorage.com/2106249129929265.mp4
image-pending    1314551250311859 c0  (HANDOVER §8.5 — image handling not yet built)
image-pending    2110482609535891 c0  (HANDOVER §8.5 — image handling not yet built)
image-pending    2110482609535891 c0  (HANDOVER §8.5 — image handling not yet built)
image-pending    2110482609535891 c0  (HANDOVER §8.5 — image handling not yet built)
image-pending    2110482609535891 c0  (HANDOVER §8.5 — image handling not yet built)
image-pending    1540138391236155 c0  (HANDOVER §8.5 — image handling not yet built)
image-pending    1540138391236155 c0  (HANDOVER §8.5 — image handling not yet built)
image-pending    1540138391236155 c0  (HANDOVER §8.5 — image handling not yet built)
uploaded         4602880586606576 c0  (video) ← 4602880586606576.mp4  → https://dcfd27564ef899969db9a562c7e1945f.r2.cloudflarestorage.com/4602880586606576.mp4
video-missing    4602880586606576 c0  (expected file not found in facebook/videos/ewa-2026-06-22)
image-pending    1659655221969475 c0  (HANDOVER §8.5 — image handling not yet built)
image-pending    1659655221969475 c0  (HANDOVER §8.5 — image handling not yet built)
image-pending    1659655221969475 c0  (HANDOVER §8.5 — image handling not yet built)
image-pending    1543769674035160 c0  (HANDOVER §8.5 — image handling not yet built)
image-pending    1543769674035160 c0  (HANDOVER §8.5 — image handling not yet built)
image-pending    1052072017342701 c0  (HANDOVER §8.5 — image handling not yet built)
image-pending    1052072017342701 c0  (HANDOVER §8.5 — image handling not yet built)
image-pending    1052072017342701 c0  (HANDOVER §8.5 — image handling not yet built)
uploaded         994311030045850 c0  (video) ← 994311030045850.mp4  → https://dcfd27564ef899969db9a562c7e1945f.r2.cloudflarestorage.com/994311030045850.mp4
video-missing    994311030045850 c0  (expected file not found in facebook/videos/ewa-2026-06-22)
image-pending    1542871847481058 c0  (HANDOVER §8.5 — image handling not yet built)
uploaded         961996593508467 c0  (video) ← 961996593508467.mp4  → https://dcfd27564ef899969db9a562c7e1945f.r2.cloudflarestorage.com/961996593508467.mp4
uploaded         1341536874745062 c0  (video) ← 1341536874745062.mp4  → https://dcfd27564ef899969db9a562c7e1945f.r2.cloudflarestorage.com/1341536874745062.mp4
image-pending    3036369163224801 c0  (HANDOVER §8.5 — image handling not yet built)
image-pending    3036369163224801 c0  (HANDOVER §8.5 — image handling not yet built)
image-pending    3036369163224801 c0  (HANDOVER §8.5 — image handling not yet built)
uploaded         1646438176447994 c0  (video) ← 1646438176447994.mp4  → https://dcfd27564ef899969db9a562c7e1945f.r2.cloudflarestorage.com/1646438176447994.mp4
video-missing    1646438176447994 c0  (expected file not found in facebook/videos/ewa-2026-06-22)
image-pending    2177663079662717 c0  (HANDOVER §8.5 — image handling not yet built)
image-pending    1540559901061906 c0  (HANDOVER §8.5 — image handling not yet built)
image-pending    1511804034018538 c0  (HANDOVER §8.5 — image handling not yet built)
image-pending    1511804034018538 c0  (HANDOVER §8.5 — image handling not yet built)
uploaded         4602799896710353 c0  (video) ← 4602799896710353.mp4  → https://dcfd27564ef899969db9a562c7e1945f.r2.cloudflarestorage.com/4602799896710353.mp4
uploaded         2275502513224947 c0  (video) ← 2275502513224947.mp4  → https://dcfd27564ef899969db9a562c7e1945f.r2.cloudflarestorage.com/2275502513224947.mp4
video-missing    2275502513224947 c0  (expected file not found in facebook/videos/ewa-2026-06-22)
video-missing    2275502513224947 c0  (expected file not found in facebook/videos/ewa-2026-06-22)
uploaded         1728738321805045 c0  (video) ← 1728738321805045.mp4  → https://dcfd27564ef899969db9a562c7e1945f.r2.cloudflarestorage.com/1728738321805045.mp4
image-pending    1539991040832913 c0  (HANDOVER §8.5 — image handling not yet built)
image-pending    1539991040832913 c0  (HANDOVER §8.5 — image handling not yet built)
uploaded         4029255287205411 c0  (video) ← 4029255287205411.mp4  → https://dcfd27564ef899969db9a562c7e1945f.r2.cloudflarestorage.com/4029255287205411.mp4
image-pending    1707575910255257 c0  (HANDOVER §8.5 — image handling not yet built)
image-pending    1707575910255257 c0  (HANDOVER §8.5 — image handling not yet built)
image-pending    1707575910255257 c0  (HANDOVER §8.5 — image handling not yet built)
uploaded         946656895078543 c0  (video) ← 946656895078543.mp4  → https://dcfd27564ef899969db9a562c7e1945f.r2.cloudflarestorage.com/946656895078543.mp4
image-pending    1350592160311812 c0  (HANDOVER §8.5 — image handling not yet built)
image-pending    1350592160311812 c0  (HANDOVER §8.5 — image handling not yet built)
uploaded         1028946532999869 c0  (video) ← 1028946532999869.mp4  → https://dcfd27564ef899969db9a562c7e1945f.r2.cloudflarestorage.com/1028946532999869.mp4
video-missing    1028946532999869 c0  (expected file not found in facebook/videos/ewa-2026-06-22)
video-missing    1028946532999869 c0  (expected file not found in facebook/videos/ewa-2026-06-22)
video-missing    1028946532999869 c0  (expected file not found in facebook/videos/ewa-2026-06-22)
video-missing    1028946532999869 c0  (expected file not found in facebook/videos/ewa-2026-06-22)
carried-forward  2058187928097579 c0  → https://dcfd27564ef899969db9a562c7e1945f.r2.cloudflarestorage.com/2058187928097579.mp4
video-missing    2058187928097579 c0  (expected file not found in facebook/videos/ewa-2026-06-22)
image-pending    1940060256789223 c0  (HANDOVER §8.5 — image handling not yet built)
image-pending    2762845040748837 c0  (HANDOVER §8.5 — image handling not yet built)
image-pending    2762845040748837 c0  (HANDOVER §8.5 — image handling not yet built)
image-pending    2762845040748837 c0  (HANDOVER §8.5 — image handling not yet built)
image-pending    1738291947345028 c0  (HANDOVER §8.5 — image handling not yet built)
image-pending    1391184436166743 c0  (HANDOVER §8.5 — image handling not yet built)
image-pending    1391184436166743 c0  (HANDOVER §8.5 — image handling not yet built)
carried-forward  968458132442947 c0  → https://pub-893b4a6a607b4221a894bf861da7914e.r2.dev/968458132442947.mp4
uploaded         911113682000470 c0  (video) ← 911113682000470.mp4  → https://dcfd27564ef899969db9a562c7e1945f.r2.cloudflarestorage.com/911113682000470.mp4
video-missing    911113682000470 c0  (expected file not found in facebook/videos/ewa-2026-06-22)
uploaded         2222684795208849 c0  (video) ← 2222684795208849.mp4  → https://dcfd27564ef899969db9a562c7e1945f.r2.cloudflarestorage.com/2222684795208849.mp4
image-pending    2225969444845832 c0  (HANDOVER §8.5 — image handling not yet built)
image-pending    2225969444845832 c0  (HANDOVER §8.5 — image handling not yet built)
uploaded         1513130480192814 c0  (video) ← 1513130480192814.mp4  → https://dcfd27564ef899969db9a562c7e1945f.r2.cloudflarestorage.com/1513130480192814.mp4
image-pending    1632639294475316 c0  (HANDOVER §8.5 — image handling not yet built)
uploaded         1568136004660439 c0  (video) ← 1568136004660439.mp4  → https://dcfd27564ef899969db9a562c7e1945f.r2.cloudflarestorage.com/1568136004660439.mp4
video-missing    1568136004660439 c0  (expected file not found in facebook/videos/ewa-2026-06-22)
uploaded         1520910102907134 c0  (video) ← 1520910102907134.mp4  → https://dcfd27564ef899969db9a562c7e1945f.r2.cloudflarestorage.com/1520910102907134.mp4
uploaded         27524067237283609 c0  (video) ← 27524067237283609.mp4  → https://dcfd27564ef899969db9a562c7e1945f.r2.cloudflarestorage.com/27524067237283609.mp4
video-missing    27524067237283609 c0  (expected file not found in facebook/videos/ewa-2026-06-22)
video-missing    27524067237283609 c0  (expected file not found in facebook/videos/ewa-2026-06-22)
video-missing    27524067237283609 c0  (expected file not found in facebook/videos/ewa-2026-06-22)
uploaded         2496403107447600 c0  (video) ← 2496403107447600.mp4  → https://dcfd27564ef899969db9a562c7e1945f.r2.cloudflarestorage.com/2496403107447600.mp4
video-missing    2496403107447600 c0  (expected file not found in facebook/videos/ewa-2026-06-22)
image-pending    2525994964486718 c0  (HANDOVER §8.5 — image handling not yet built)
image-pending    1618953620239595 c0  (HANDOVER §8.5 — image handling not yet built)
image-pending    1618953620239595 c0  (HANDOVER §8.5 — image handling not yet built)
uploaded         1358759696174714 c0  (video) ← 1358759696174714.mp4  → https://dcfd27564ef899969db9a562c7e1945f.r2.cloudflarestorage.com/1358759696174714.mp4
uploaded         845471818323075 c0  (video) ← 845471818323075.mp4  → https://dcfd27564ef899969db9a562c7e1945f.r2.cloudflarestorage.com/845471818323075.mp4
image-pending    2290039881825141 c0  (HANDOVER §8.5 — image handling not yet built)
image-pending    2290039881825141 c0  (HANDOVER §8.5 — image handling not yet built)
image-pending    1352943566745111 c0  (HANDOVER §8.5 — image handling not yet built)
uploaded         1546113053794839 c0  (video) ← 1546113053794839.mp4  → https://dcfd27564ef899969db9a562c7e1945f.r2.cloudflarestorage.com/1546113053794839.mp4
image-pending    2030823940847948 c0  (HANDOVER §8.5 — image handling not yet built)
image-pending    2030823940847948 c0  (HANDOVER §8.5 — image handling not yet built)
image-pending    2030823940847948 c0  (HANDOVER §8.5 — image handling not yet built)
image-pending    2030823940847948 c0  (HANDOVER §8.5 — image handling not yet built)
uploaded         1527166759134502 c0  (video) ← 1527166759134502.mp4  → https://dcfd27564ef899969db9a562c7e1945f.r2.cloudflarestorage.com/1527166759134502.mp4
image-pending    2876895206036320 c0  (HANDOVER §8.5 — image handling not yet built)
image-pending    2876895206036320 c0  (HANDOVER §8.5 — image handling not yet built)
image-pending    2876895206036320 c0  (HANDOVER §8.5 — image handling not yet built)
image-pending    2876895206036320 c0  (HANDOVER §8.5 — image handling not yet built)
image-pending    2876895206036320 c0  (HANDOVER §8.5 — image handling not yet built)
image-pending    2876895206036320 c0  (HANDOVER §8.5 — image handling not yet built)
image-pending    2876895206036320 c0  (HANDOVER §8.5 — image handling not yet built)
image-pending    2876895206036320 c0  (HANDOVER §8.5 — image handling not yet built)
uploaded         1337346161829707 c0  (video) ← 1337346161829707.mp4  → https://dcfd27564ef899969db9a562c7e1945f.r2.cloudflarestorage.com/1337346161829707.mp4
uploaded         1028724046410540 c0  (video) ← 1028724046410540.mp4  → https://dcfd27564ef899969db9a562c7e1945f.r2.cloudflarestorage.com/1028724046410540.mp4
uploaded         2135004940398067 c0  (video) ← 2135004940398067.mp4  → https://dcfd27564ef899969db9a562c7e1945f.r2.cloudflarestorage.com/2135004940398067.mp4
carried-forward  4426912044231441 c0  → https://dcfd27564ef899969db9a562c7e1945f.r2.cloudflarestorage.com/4426912044231441.mp4
image-pending    835413979408047 c0  (HANDOVER §8.5 — image handling not yet built)
uploaded         2398154260679112 c0  (video) ← 2398154260679112.mp4  → https://dcfd27564ef899969db9a562c7e1945f.r2.cloudflarestorage.com/2398154260679112.mp4
image-pending    875565115591655 c0  (HANDOVER §8.5 — image handling not yet built)
carried-forward  1512461623874160 c0  → https://dcfd27564ef899969db9a562c7e1945f.r2.cloudflarestorage.com/1512461623874160.mp4
uploaded         3604178579747520 c0  (video) ← 3604178579747520.mp4  → https://dcfd27564ef899969db9a562c7e1945f.r2.cloudflarestorage.com/3604178579747520.mp4
image-pending    4555954421294344 c0  (HANDOVER §8.5 — image handling not yet built)
image-pending    4555954421294344 c0  (HANDOVER §8.5 — image handling not yet built)
image-pending    4555954421294344 c0  (HANDOVER §8.5 — image handling not yet built)
image-pending    4555954421294344 c0  (HANDOVER §8.5 — image handling not yet built)
image-pending    4555954421294344 c0  (HANDOVER §8.5 — image handling not yet built)
image-pending    4555954421294344 c0  (HANDOVER §8.5 — image handling not yet built)
uploaded         1005638525200603 c0  (video) ← 1005638525200603.mp4  → https://dcfd27564ef899969db9a562c7e1945f.r2.cloudflarestorage.com/1005638525200603.mp4
image-pending    1018931614411210 c0  (HANDOVER §8.5 — image handling not yet built)
image-pending    1018931614411210 c0  (HANDOVER §8.5 — image handling not yet built)
image-pending    1018931614411210 c0  (HANDOVER §8.5 — image handling not yet built)
video-missing    1351528743702465 c0  (expected file not found in facebook/videos/ewa-2026-06-22)
uploaded         1996140251265814 c0  (video) ← 1996140251265814.mp4  → https://dcfd27564ef899969db9a562c7e1945f.r2.cloudflarestorage.com/1996140251265814.mp4
image-pending    984358944329918 c0  (HANDOVER §8.5 — image handling not yet built)
image-pending    984358944329918 c0  (HANDOVER §8.5 — image handling not yet built)
uploaded         1318068330500547 c0  (video) ← 1318068330500547.mp4  → https://dcfd27564ef899969db9a562c7e1945f.r2.cloudflarestorage.com/1318068330500547.mp4
video-missing    1318068330500547 c0  (expected file not found in facebook/videos/ewa-2026-06-22)
video-missing    1318068330500547 c0  (expected file not found in facebook/videos/ewa-2026-06-22)
uploaded         3171888659667630 c0  (video) ← 3171888659667630.mp4  → https://dcfd27564ef899969db9a562c7e1945f.r2.cloudflarestorage.com/3171888659667630.mp4
video-missing    3171888659667630 c0  (expected file not found in facebook/videos/ewa-2026-06-22)
video-missing    3171888659667630 c0  (expected file not found in facebook/videos/ewa-2026-06-22)
uploaded         2464586913966944 c0  (video) ← 2464586913966944.mp4  → https://dcfd27564ef899969db9a562c7e1945f.r2.cloudflarestorage.com/2464586913966944.mp4
video-missing    2464586913966944 c0  (expected file not found in facebook/videos/ewa-2026-06-22)
uploaded         983286674320820 c0  (video) ← 983286674320820.mp4  → https://dcfd27564ef899969db9a562c7e1945f.r2.cloudflarestorage.com/983286674320820.mp4
video-missing    983286674320820 c0  (expected file not found in facebook/videos/ewa-2026-06-22)
image-pending    1748312376339979 c0  (HANDOVER §8.5 — image handling not yet built)
image-pending    1748312376339979 c0  (HANDOVER §8.5 — image handling not yet built)
image-pending    1778497726815969 c0  (HANDOVER §8.5 — image handling not yet built)
image-pending    1710262553640299 c0  (HANDOVER §8.5 — image handling not yet built)
image-pending    1710262553640299 c0  (HANDOVER §8.5 — image handling not yet built)
image-pending    1710262553640299 c0  (HANDOVER §8.5 — image handling not yet built)
uploaded         2629940280754490 c0  (video) ← 2629940280754490.mp4  → https://dcfd27564ef899969db9a562c7e1945f.r2.cloudflarestorage.com/2629940280754490.mp4
uploaded         1026567673201565 c0  (video) ← 1026567673201565.mp4  → https://dcfd27564ef899969db9a562c7e1945f.r2.cloudflarestorage.com/1026567673201565.mp4
video-missing    1026567673201565 c0  (expected file not found in facebook/videos/ewa-2026-06-22)
uploaded         1007796711633449 c0  (video) ← 1007796711633449.mp4  → https://dcfd27564ef899969db9a562c7e1945f.r2.cloudflarestorage.com/1007796711633449.mp4
image-pending    1725553941934494 c0  (HANDOVER §8.5 — image handling not yet built)
image-pending    1725553941934494 c0  (HANDOVER §8.5 — image handling not yet built)
uploaded         929757273405721 c0  (video) ← 929757273405721.mp4  → https://dcfd27564ef899969db9a562c7e1945f.r2.cloudflarestorage.com/929757273405721.mp4
uploaded         1482797836488172 c0  (video) ← 1482797836488172.mp4  → https://dcfd27564ef899969db9a562c7e1945f.r2.cloudflarestorage.com/1482797836488172.mp4
uploaded         1983682475591682 c0  (video) ← 1983682475591682.mp4  → https://dcfd27564ef899969db9a562c7e1945f.r2.cloudflarestorage.com/1983682475591682.mp4
uploaded         3933940516915198 c0  (video) ← 3933940516915198.mp4  → https://dcfd27564ef899969db9a562c7e1945f.r2.cloudflarestorage.com/3933940516915198.mp4
uploaded         1718746292484710 c0  (video) ← 1718746292484710.mp4  → https://dcfd27564ef899969db9a562c7e1945f.r2.cloudflarestorage.com/1718746292484710.mp4
video-missing    1718746292484710 c0  (expected file not found in facebook/videos/ewa-2026-06-22)
image-pending    1865636591266970 c0  (HANDOVER §8.5 — image handling not yet built)
image-pending    1865636591266970 c0  (HANDOVER §8.5 — image handling not yet built)
image-pending    1865636591266970 c0  (HANDOVER §8.5 — image handling not yet built)
uploaded         2235572323514122 c0  (video) ← 2235572323514122.mp4  → https://dcfd27564ef899969db9a562c7e1945f.r2.cloudflarestorage.com/2235572323514122.mp4
video-missing    2235572323514122 c0  (expected file not found in facebook/videos/ewa-2026-06-22)
uploaded         4537770803163429 c0  (video) ← 4537770803163429.mp4  → https://dcfd27564ef899969db9a562c7e1945f.r2.cloudflarestorage.com/4537770803163429.mp4
uploaded         1305737415039180 c0  (video) ← 1305737415039180.mp4  → https://dcfd27564ef899969db9a562c7e1945f.r2.cloudflarestorage.com/1305737415039180.mp4
video-missing    1305737415039180 c0  (expected file not found in facebook/videos/ewa-2026-06-22)
image-pending    1921613808539751 c0  (HANDOVER §8.5 — image handling not yet built)
image-pending    1921613808539751 c0  (HANDOVER §8.5 — image handling not yet built)
image-pending    1921613808539751 c0  (HANDOVER §8.5 — image handling not yet built)
image-pending    1921613808539751 c0  (HANDOVER §8.5 — image handling not yet built)
image-pending    1921613808539751 c0  (HANDOVER §8.5 — image handling not yet built)
image-pending    1921613808539751 c0  (HANDOVER §8.5 — image handling not yet built)
image-pending    1921613808539751 c0  (HANDOVER §8.5 — image handling not yet built)
image-pending    2317206778769016 c0  (HANDOVER §8.5 — image handling not yet built)
uploaded         952848937809197 c0  (video) ← 952848937809197.mp4  → https://dcfd27564ef899969db9a562c7e1945f.r2.cloudflarestorage.com/952848937809197.mp4
image-pending    1555196605594710 c0  (HANDOVER §8.5 — image handling not yet built)
uploaded         1046741367915739 c0  (video) ← 1046741367915739.mp4  → https://dcfd27564ef899969db9a562c7e1945f.r2.cloudflarestorage.com/1046741367915739.mp4
uploaded         1682725659607834 c0  (video) ← 1682725659607834.mp4  → https://dcfd27564ef899969db9a562c7e1945f.r2.cloudflarestorage.com/1682725659607834.mp4
carried-forward  2070498210567508 c0  → https://dcfd27564ef899969db9a562c7e1945f.r2.cloudflarestorage.com/2070498210567508.mp4
uploaded         1023260286830884 c0  (video) ← 1023260286830884.mp4  → https://dcfd27564ef899969db9a562c7e1945f.r2.cloudflarestorage.com/1023260286830884.mp4
image-pending    4468468133410180 c0  (HANDOVER §8.5 — image handling not yet built)
image-pending    4468468133410180 c0  (HANDOVER §8.5 — image handling not yet built)
uploaded         2081225292743801 c0  (video) ← 2081225292743801.mp4  → https://dcfd27564ef899969db9a562c7e1945f.r2.cloudflarestorage.com/2081225292743801.mp4
uploaded         3135577003498385 c0  (video) ← 3135577003498385.mp4  → https://dcfd27564ef899969db9a562c7e1945f.r2.cloudflarestorage.com/3135577003498385.mp4
image-pending    1170197599312675 c0  (HANDOVER §8.5 — image handling not yet built)
image-pending    1170197599312675 c0  (HANDOVER §8.5 — image handling not yet built)
image-pending    993929376574160 c0  (HANDOVER §8.5 — image handling not yet built)
image-pending    989784723921741 c0  (HANDOVER §8.5 — image handling not yet built)
image-pending    989784723921741 c0  (HANDOVER §8.5 — image handling not yet built)
uploaded         1278356801036965 c0  (video) ← 1278356801036965.mp4  → https://dcfd27564ef899969db9a562c7e1945f.r2.cloudflarestorage.com/1278356801036965.mp4
image-pending    807517715778072 c0  (HANDOVER §8.5 — image handling not yet built)
image-pending    807517715778072 c0  (HANDOVER §8.5 — image handling not yet built)
image-pending    873606845295481 c0  (HANDOVER §8.5 — image handling not yet built)
image-pending    1497734748817331 c0  (HANDOVER §8.5 — image handling not yet built)
uploaded         1555931386156033 c0  (video) ← 1555931386156033.mp4  → https://dcfd27564ef899969db9a562c7e1945f.r2.cloudflarestorage.com/1555931386156033.mp4
uploaded         1563484572159977 c0  (video) ← 1563484572159977.mp4  → https://dcfd27564ef899969db9a562c7e1945f.r2.cloudflarestorage.com/1563484572159977.mp4
uploaded         1018603673972561 c0  (video) ← 1018603673972561.mp4  → https://dcfd27564ef899969db9a562c7e1945f.r2.cloudflarestorage.com/1018603673972561.mp4
image-pending    1041679378388785 c0  (HANDOVER §8.5 — image handling not yet built)
uploaded         945713541851892 c0  (video) ← 945713541851892.mp4  → https://dcfd27564ef899969db9a562c7e1945f.r2.cloudflarestorage.com/945713541851892.mp4
uploaded         1717874295912269 c0  (video) ← 1717874295912269.mp4  → https://dcfd27564ef899969db9a562c7e1945f.r2.cloudflarestorage.com/1717874295912269.mp4
video-missing    1717874295912269 c0  (expected file not found in facebook/videos/ewa-2026-06-22)
uploaded         2009098333302941 c0  (video) ← 2009098333302941.mp4  → https://dcfd27564ef899969db9a562c7e1945f.r2.cloudflarestorage.com/2009098333302941.mp4
uploaded         1319955793575377 c0  (video) ← 1319955793575377.mp4  → https://dcfd27564ef899969db9a562c7e1945f.r2.cloudflarestorage.com/1319955793575377.mp4
uploaded         1498100438681111 c0  (video) ← 1498100438681111.mp4  → https://dcfd27564ef899969db9a562c7e1945f.r2.cloudflarestorage.com/1498100438681111.mp4
uploaded         991905750417714 c0  (video) ← 991905750417714.mp4  → https://dcfd27564ef899969db9a562c7e1945f.r2.cloudflarestorage.com/991905750417714.mp4
uploaded         1744655163642587 c0  (video) ← 1744655163642587.mp4  → https://dcfd27564ef899969db9a562c7e1945f.r2.cloudflarestorage.com/1744655163642587.mp4
uploaded         858914457264774 c0  (video) ← 858914457264774.mp4  → https://dcfd27564ef899969db9a562c7e1945f.r2.cloudflarestorage.com/858914457264774.mp4
image-pending    1502638664979189 c0  (HANDOVER §8.5 — image handling not yet built)
image-pending    1502638664979189 c0  (HANDOVER §8.5 — image handling not yet built)
uploaded         1419589080215392 c0  (video) ← 1419589080215392.mp4  → https://dcfd27564ef899969db9a562c7e1945f.r2.cloudflarestorage.com/1419589080215392.mp4
image-pending    1721125898889558 c0  (HANDOVER §8.5 — image handling not yet built)
uploaded         1395065559128576 c0  (video) ← 1395065559128576.mp4  → https://dcfd27564ef899969db9a562c7e1945f.r2.cloudflarestorage.com/1395065559128576.mp4
video-missing    1395065559128576 c0  (expected file not found in facebook/videos/ewa-2026-06-22)
uploaded         1554448643006680 c0  (video) ← 1554448643006680.mp4  → https://dcfd27564ef899969db9a562c7e1945f.r2.cloudflarestorage.com/1554448643006680.mp4
uploaded         1707176936980591 c0  (video) ← 1707176936980591.mp4  → https://dcfd27564ef899969db9a562c7e1945f.r2.cloudflarestorage.com/1707176936980591.mp4
video-missing    1707176936980591 c0  (expected file not found in facebook/videos/ewa-2026-06-22)
uploaded         1026437726610208 c0  (video) ← 1026437726610208.mp4  → https://dcfd27564ef899969db9a562c7e1945f.r2.cloudflarestorage.com/1026437726610208.mp4
video-missing    1026437726610208 c0  (expected file not found in facebook/videos/ewa-2026-06-22)
video-missing    1026437726610208 c0  (expected file not found in facebook/videos/ewa-2026-06-22)
video-missing    1026437726610208 c0  (expected file not found in facebook/videos/ewa-2026-06-22)
image-pending    1569141891588856 c0  (HANDOVER §8.5 — image handling not yet built)
image-pending    1569141891588856 c0  (HANDOVER §8.5 — image handling not yet built)
image-pending    1376974534344778 c0  (HANDOVER §8.5 — image handling not yet built)
image-pending    1376974534344778 c0  (HANDOVER §8.5 — image handling not yet built)
image-pending    1376974534344778 c0  (HANDOVER §8.5 — image handling not yet built)
uploaded         998634673134445 c0  (video) ← 998634673134445.mp4  → https://dcfd27564ef899969db9a562c7e1945f.r2.cloudflarestorage.com/998634673134445.mp4
image-pending    1531440232018310 c0  (HANDOVER §8.5 — image handling not yet built)
image-pending    1531440232018310 c0  (HANDOVER §8.5 — image handling not yet built)
image-pending    1531440232018310 c0  (HANDOVER §8.5 — image handling not yet built)
uploaded         1583266273403192 c0  (video) ← 1583266273403192.mp4  → https://dcfd27564ef899969db9a562c7e1945f.r2.cloudflarestorage.com/1583266273403192.mp4
video-missing    1583266273403192 c0  (expected file not found in facebook/videos/ewa-2026-06-22)
video-missing    1583266273403192 c0  (expected file not found in facebook/videos/ewa-2026-06-22)
image-pending    1660646661885428 c0  (HANDOVER §8.5 — image handling not yet built)
image-pending    1660646661885428 c0  (HANDOVER §8.5 — image handling not yet built)
image-pending    1660646661885428 c0  (HANDOVER §8.5 — image handling not yet built)
image-pending    27356304960687228 c0  (HANDOVER §8.5 — image handling not yet built)
image-pending    27356304960687228 c0  (HANDOVER §8.5 — image handling not yet built)
image-pending    27356304960687228 c0  (HANDOVER §8.5 — image handling not yet built)
image-pending    2927053584310250 c0  (HANDOVER §8.5 — image handling not yet built)
image-pending    1371707344811029 c0  (HANDOVER §8.5 — image handling not yet built)
image-pending    994143499898292 c0  (HANDOVER §8.5 — image handling not yet built)
image-pending    994143499898292 c0  (HANDOVER §8.5 — image handling not yet built)
carried-forward  1310573704365556 c0  → https://dcfd27564ef899969db9a562c7e1945f.r2.cloudflarestorage.com/1310573704365556.mp4
image-pending    2689333691460696 c0  (HANDOVER §8.5 — image handling not yet built)
image-pending    2689333691460696 c0  (HANDOVER §8.5 — image handling not yet built)
image-pending    2689333691460696 c0  (HANDOVER §8.5 — image handling not yet built)
image-pending    2689333691460696 c0  (HANDOVER §8.5 — image handling not yet built)
uploaded         995709336766696 c0  (video) ← 995709336766696.mp4  → https://dcfd27564ef899969db9a562c7e1945f.r2.cloudflarestorage.com/995709336766696.mp4
carried-forward  2868953136797359 c0  → https://dcfd27564ef899969db9a562c7e1945f.r2.cloudflarestorage.com/2868953136797359.mp4
image-pending    1020877200406853 c0  (HANDOVER §8.5 — image handling not yet built)
image-pending    1020877200406853 c0  (HANDOVER §8.5 — image handling not yet built)
image-pending    1020877200406853 c0  (HANDOVER §8.5 — image handling not yet built)
image-pending    1777371246757939 c0  (HANDOVER §8.5 — image handling not yet built)
image-pending    1777371246757939 c0  (HANDOVER §8.5 — image handling not yet built)
image-pending    1777371246757939 c0  (HANDOVER §8.5 — image handling not yet built)
image-pending    2213566289432019 c0  (HANDOVER §8.5 — image handling not yet built)
image-pending    2213566289432019 c0  (HANDOVER §8.5 — image handling not yet built)
uploaded         2523860864724030 c0  (video) ← 2523860864724030.mp4  → https://dcfd27564ef899969db9a562c7e1945f.r2.cloudflarestorage.com/2523860864724030.mp4
video-missing    2523860864724030 c0  (expected file not found in facebook/videos/ewa-2026-06-22)
uploaded         1917036678977575 c0  (video) ← 1917036678977575.mp4  → https://dcfd27564ef899969db9a562c7e1945f.r2.cloudflarestorage.com/1917036678977575.mp4
image-pending    1531529688310437 c0  (HANDOVER §8.5 — image handling not yet built)
image-pending    1531529688310437 c0  (HANDOVER §8.5 — image handling not yet built)
image-pending    2364853114038566 c0  (HANDOVER §8.5 — image handling not yet built)
image-pending    2364853114038566 c0  (HANDOVER §8.5 — image handling not yet built)
image-pending    2364853114038566 c0  (HANDOVER §8.5 — image handling not yet built)
image-pending    2364853114038566 c0  (HANDOVER §8.5 — image handling not yet built)
image-pending    2364853114038566 c0  (HANDOVER §8.5 — image handling not yet built)
carried-forward  2586236098470865 c0  → https://dcfd27564ef899969db9a562c7e1945f.r2.cloudflarestorage.com/2586236098470865.mp4
uploaded         1011914574560388 c0  (video) ← 1011914574560388.mp4  → https://dcfd27564ef899969db9a562c7e1945f.r2.cloudflarestorage.com/1011914574560388.mp4
uploaded         2009454036323338 c0  (video) ← 2009454036323338.mp4  → https://dcfd27564ef899969db9a562c7e1945f.r2.cloudflarestorage.com/2009454036323338.mp4
video-missing    2009454036323338 c0  (expected file not found in facebook/videos/ewa-2026-06-22)
video-missing    2009454036323338 c0  (expected file not found in facebook/videos/ewa-2026-06-22)
uploaded         2192494744874499 c0  (video) ← 2192494744874499.mp4  → https://dcfd27564ef899969db9a562c7e1945f.r2.cloudflarestorage.com/2192494744874499.mp4
uploaded         2344096812747309 c0  (video) ← 2344096812747309.mp4  → https://dcfd27564ef899969db9a562c7e1945f.r2.cloudflarestorage.com/2344096812747309.mp4
image-pending    1582856736601015 c0  (HANDOVER §8.5 — image handling not yet built)
uploaded         27172421102413180 c0  (video) ← 27172421102413180.mp4  → https://dcfd27564ef899969db9a562c7e1945f.r2.cloudflarestorage.com/27172421102413180.mp4
uploaded         27064749673207696 c0  (video) ← 27064749673207696.mp4  → https://dcfd27564ef899969db9a562c7e1945f.r2.cloudflarestorage.com/27064749673207696.mp4
image-pending    1655245125773846 c0  (HANDOVER §8.5 — image handling not yet built)
image-pending    1655245125773846 c0  (HANDOVER §8.5 — image handling not yet built)
carried-forward  1500435148378929 c0  → https://dcfd27564ef899969db9a562c7e1945f.r2.cloudflarestorage.com/1500435148378929.mp4
video-missing    1500435148378929 c0  (expected file not found in facebook/videos/ewa-2026-06-22)
video-missing    1500435148378929 c0  (expected file not found in facebook/videos/ewa-2026-06-22)
video-missing    1500435148378929 c0  (expected file not found in facebook/videos/ewa-2026-06-22)
video-missing    1500435148378929 c0  (expected file not found in facebook/videos/ewa-2026-06-22)
video-missing    1500435148378929 c0  (expected file not found in facebook/videos/ewa-2026-06-22)
image-pending    2791702327829538 c0  (HANDOVER §8.5 — image handling not yet built)
image-pending    2791702327829538 c0  (HANDOVER §8.5 — image handling not yet built)
image-pending    2631698663893109 c0  (HANDOVER §8.5 — image handling not yet built)
uploaded         1549367096817380 c0  (video) ← 1549367096817380.mp4  → https://dcfd27564ef899969db9a562c7e1945f.r2.cloudflarestorage.com/1549367096817380.mp4
video-missing    1549367096817380 c0  (expected file not found in facebook/videos/ewa-2026-06-22)
video-missing    2183568952484836 c0  (expected file not found in facebook/videos/ewa-2026-06-22)
image-pending    4169102980031454 c0  (HANDOVER §8.5 — image handling not yet built)
image-pending    4169102980031454 c0  (HANDOVER §8.5 — image handling not yet built)
image-pending    4169102980031454 c0  (HANDOVER §8.5 — image handling not yet built)
image-pending    4169102980031454 c0  (HANDOVER §8.5 — image handling not yet built)
image-pending    4169102980031454 c0  (HANDOVER §8.5 — image handling not yet built)
image-pending    4169102980031454 c0  (HANDOVER §8.5 — image handling not yet built)
uploaded         986316010681286 c0  (video) ← 986316010681286.mp4  → https://dcfd27564ef899969db9a562c7e1945f.r2.cloudflarestorage.com/986316010681286.mp4
video-missing    986316010681286 c0  (expected file not found in facebook/videos/ewa-2026-06-22)
image-pending    1320925186829807 c0  (HANDOVER §8.5 — image handling not yet built)
uploaded         939392685824854 c0  (video) ← 939392685824854.mp4  → https://dcfd27564ef899969db9a562c7e1945f.r2.cloudflarestorage.com/939392685824854.mp4
image-pending    3150095311853067 c0  (HANDOVER §8.5 — image handling not yet built)
image-pending    3150095311853067 c0  (HANDOVER §8.5 — image handling not yet built)
uploaded         1671160367540949 c0  (video) ← 1671160367540949.mp4  → https://dcfd27564ef899969db9a562c7e1945f.r2.cloudflarestorage.com/1671160367540949.mp4
video-missing    1671160367540949 c0  (expected file not found in facebook/videos/ewa-2026-06-22)
uploaded         1752358445919708 c0  (video) ← 1752358445919708.mp4  → https://dcfd27564ef899969db9a562c7e1945f.r2.cloudflarestorage.com/1752358445919708.mp4
video-missing    1752358445919708 c0  (expected file not found in facebook/videos/ewa-2026-06-22)
image-pending    27590263640569575 c0  (HANDOVER §8.5 — image handling not yet built)
image-pending    27590263640569575 c0  (HANDOVER §8.5 — image handling not yet built)
image-pending    27590263640569575 c0  (HANDOVER §8.5 — image handling not yet built)
uploaded         1481411496452161 c0  (video) ← 1481411496452161.mp4  → https://dcfd27564ef899969db9a562c7e1945f.r2.cloudflarestorage.com/1481411496452161.mp4
video-missing    1481411496452161 c0  (expected file not found in facebook/videos/ewa-2026-06-22)
image-pending    1492126768854918 c0  (HANDOVER §8.5 — image handling not yet built)
image-pending    1492126768854918 c0  (HANDOVER §8.5 — image handling not yet built)
image-pending    27431525736482185 c0  (HANDOVER §8.5 — image handling not yet built)
image-pending    27431525736482185 c0  (HANDOVER §8.5 — image handling not yet built)
image-pending    1607534884306291 c0  (HANDOVER §8.5 — image handling not yet built)
image-pending    1607534884306291 c0  (HANDOVER §8.5 — image handling not yet built)
image-pending    1006342445137909 c0  (HANDOVER §8.5 — image handling not yet built)
uploaded         4330482980499759 c0  (video) ← 4330482980499759.mp4  → https://dcfd27564ef899969db9a562c7e1945f.r2.cloudflarestorage.com/4330482980499759.mp4
image-pending    968244282718918 c0  (HANDOVER §8.5 — image handling not yet built)
image-pending    968244282718918 c0  (HANDOVER §8.5 — image handling not yet built)
image-pending    1497198165222690 c0  (HANDOVER §8.5 — image handling not yet built)
video-missing    834185536198696 c0  (expected file not found in facebook/videos/ewa-2026-06-22)
uploaded         1742238860335551 c0  (video) ← 1742238860335551.mp4  → https://dcfd27564ef899969db9a562c7e1945f.r2.cloudflarestorage.com/1742238860335551.mp4
uploaded         4013069492327411 c0  (video) ← 4013069492327411.mp4  → https://dcfd27564ef899969db9a562c7e1945f.r2.cloudflarestorage.com/4013069492327411.mp4
image-pending    2228946337873289 c0  (HANDOVER §8.5 — image handling not yet built)
carried-forward  843302031871210 c0  → https://dcfd27564ef899969db9a562c7e1945f.r2.cloudflarestorage.com/843302031871210.mp4
uploaded         986122510687795 c0  (video) ← 986122510687795.mp4  → https://dcfd27564ef899969db9a562c7e1945f.r2.cloudflarestorage.com/986122510687795.mp4
video-missing    986122510687795 c0  (expected file not found in facebook/videos/ewa-2026-06-22)
carried-forward  1632197854543611 c0  → https://dcfd27564ef899969db9a562c7e1945f.r2.cloudflarestorage.com/1632197854543611.mp4
video-missing    1632197854543611 c0  (expected file not found in facebook/videos/ewa-2026-06-22)
video-missing    1632197854543611 c0  (expected file not found in facebook/videos/ewa-2026-06-22)
video-missing    1632197854543611 c0  (expected file not found in facebook/videos/ewa-2026-06-22)
video-missing    1632197854543611 c0  (expected file not found in facebook/videos/ewa-2026-06-22)
uploaded         2846261645729314 c0  (video) ← 2846261645729314.mp4  → https://dcfd27564ef899969db9a562c7e1945f.r2.cloudflarestorage.com/2846261645729314.mp4
carried-forward  2062675387679311 c0  → https://dcfd27564ef899969db9a562c7e1945f.r2.cloudflarestorage.com/2062675387679311.mp4
image-pending    987319347266055 c0  (HANDOVER §8.5 — image handling not yet built)
image-pending    1508026354135051 c0  (HANDOVER §8.5 — image handling not yet built)
image-pending    1508026354135051 c0  (HANDOVER §8.5 — image handling not yet built)
image-pending    1747495219941462 c0  (HANDOVER §8.5 — image handling not yet built)
image-pending    1747495219941462 c0  (HANDOVER §8.5 — image handling not yet built)
uploaded         27568322936117745 c0  (video) ← 27568322936117745.mp4  → https://dcfd27564ef899969db9a562c7e1945f.r2.cloudflarestorage.com/27568322936117745.mp4
image-pending    908190722286495 c0  (HANDOVER §8.5 — image handling not yet built)
uploaded         2152521742263615 c0  (video) ← 2152521742263615.mp4  → https://dcfd27564ef899969db9a562c7e1945f.r2.cloudflarestorage.com/2152521742263615.mp4
video-missing    2152521742263615 c0  (expected file not found in facebook/videos/ewa-2026-06-22)
image-pending    3288843537951939 c0  (HANDOVER §8.5 — image handling not yet built)
image-pending    1017736920847839 c0  (HANDOVER §8.5 — image handling not yet built)
image-pending    1930685440981963 c0  (HANDOVER §8.5 — image handling not yet built)
image-pending    1930685440981963 c0  (HANDOVER §8.5 — image handling not yet built)
uploaded         996824043210393 c0  (video) ← 996824043210393.mp4  → https://dcfd27564ef899969db9a562c7e1945f.r2.cloudflarestorage.com/996824043210393.mp4
uploaded         1182602880701259 c0  (video) ← 1182602880701259.mp4  → https://dcfd27564ef899969db9a562c7e1945f.r2.cloudflarestorage.com/1182602880701259.mp4
uploaded         892755059750606 c0  (video) ← 892755059750606.mp4  → https://dcfd27564ef899969db9a562c7e1945f.r2.cloudflarestorage.com/892755059750606.mp4
uploaded         982658264552676 c0  (video) ← 982658264552676.mp4  → https://dcfd27564ef899969db9a562c7e1945f.r2.cloudflarestorage.com/982658264552676.mp4
uploaded         1008784498174190 c0  (video) ← 1008784498174190.mp4  → https://dcfd27564ef899969db9a562c7e1945f.r2.cloudflarestorage.com/1008784498174190.mp4
video-missing    1008784498174190 c0  (expected file not found in facebook/videos/ewa-2026-06-22)
uploaded         1977070749840969 c0  (video) ← 1977070749840969.mp4  → https://dcfd27564ef899969db9a562c7e1945f.r2.cloudflarestorage.com/1977070749840969.mp4
image-pending    2235435593862988 c0  (HANDOVER §8.5 — image handling not yet built)
image-pending    2235435593862988 c0  (HANDOVER §8.5 — image handling not yet built)
uploaded         1755161122500758 c0  (video) ← 1755161122500758.mp4  → https://dcfd27564ef899969db9a562c7e1945f.r2.cloudflarestorage.com/1755161122500758.mp4
uploaded         2150515698839800 c0  (video) ← 2150515698839800.mp4  → https://dcfd27564ef899969db9a562c7e1945f.r2.cloudflarestorage.com/2150515698839800.mp4
image-pending    2493781417738894 c0  (HANDOVER §8.5 — image handling not yet built)
image-pending    2523328291517610 c0  (HANDOVER §8.5 — image handling not yet built)
image-pending    4439672466244297 c0  (HANDOVER §8.5 — image handling not yet built)
image-pending    4439672466244297 c0  (HANDOVER §8.5 — image handling not yet built)
image-pending    4439672466244297 c0  (HANDOVER §8.5 — image handling not yet built)
image-pending    4322106601364892 c0  (HANDOVER §8.5 — image handling not yet built)
image-pending    4322106601364892 c0  (HANDOVER §8.5 — image handling not yet built)
image-pending    2078277583074463 c0  (HANDOVER §8.5 — image handling not yet built)
image-pending    2078277583074463 c0  (HANDOVER §8.5 — image handling not yet built)
uploaded         4301230843484247 c0  (video) ← 4301230843484247.mp4  → https://dcfd27564ef899969db9a562c7e1945f.r2.cloudflarestorage.com/4301230843484247.mp4
image-pending    1747099009984423 c0  (HANDOVER §8.5 — image handling not yet built)
image-pending    1747099009984423 c0  (HANDOVER §8.5 — image handling not yet built)
uploaded         1932720450740687 c0  (video) ← 1932720450740687.mp4  → https://dcfd27564ef899969db9a562c7e1945f.r2.cloudflarestorage.com/1932720450740687.mp4
video-missing    1932720450740687 c0  (expected file not found in facebook/videos/ewa-2026-06-22)
image-pending    1327828036161454 c0  (HANDOVER §8.5 — image handling not yet built)
uploaded         1737860817650643 c0  (video) ← 1737860817650643.mp4  → https://dcfd27564ef899969db9a562c7e1945f.r2.cloudflarestorage.com/1737860817650643.mp4
uploaded         1982086229122194 c0  (video) ← 1982086229122194.mp4  → https://dcfd27564ef899969db9a562c7e1945f.r2.cloudflarestorage.com/1982086229122194.mp4
carried-forward  2003579183863096 c0  → https://dcfd27564ef899969db9a562c7e1945f.r2.cloudflarestorage.com/2003579183863096.mp4
video-missing    2003579183863096 c0  (expected file not found in facebook/videos/ewa-2026-06-22)
video-missing    2003579183863096 c0  (expected file not found in facebook/videos/ewa-2026-06-22)
video-missing    2003579183863096 c0  (expected file not found in facebook/videos/ewa-2026-06-22)
image-pending    1495350945057902 c0  (HANDOVER §8.5 — image handling not yet built)
uploaded         3949309238707934 c0  (video) ← 3949309238707934.mp4  → https://dcfd27564ef899969db9a562c7e1945f.r2.cloudflarestorage.com/3949309238707934.mp4
uploaded         862680873095513 c0  (video) ← 862680873095513.mp4  → https://dcfd27564ef899969db9a562c7e1945f.r2.cloudflarestorage.com/862680873095513.mp4
image-pending    2057220775183150 c0  (HANDOVER §8.5 — image handling not yet built)
image-pending    847519084738646 c0  (HANDOVER §8.5 — image handling not yet built)
image-pending    847519084738646 c0  (HANDOVER §8.5 — image handling not yet built)
image-pending    1430775809084272 c0  (HANDOVER §8.5 — image handling not yet built)
image-pending    1430775809084272 c0  (HANDOVER §8.5 — image handling not yet built)
image-pending    2860926334248322 c0  (HANDOVER §8.5 — image handling not yet built)
image-pending    1018972610505286 c0  (HANDOVER §8.5 — image handling not yet built)
uploaded         2826218434417283 c0  (video) ← 2826218434417283.mp4  → https://dcfd27564ef899969db9a562c7e1945f.r2.cloudflarestorage.com/2826218434417283.mp4
uploaded         28206828018907978 c0  (video) ← 28206828018907978.mp4  → https://dcfd27564ef899969db9a562c7e1945f.r2.cloudflarestorage.com/28206828018907978.mp4
image-pending    1007888428815728 c0  (HANDOVER §8.5 — image handling not yet built)
uploaded         1020110623884766 c0  (video) ← 1020110623884766.mp4  → https://dcfd27564ef899969db9a562c7e1945f.r2.cloudflarestorage.com/1020110623884766.mp4
video-missing    1020110623884766 c0  (expected file not found in facebook/videos/ewa-2026-06-22)
video-missing    1020110623884766 c0  (expected file not found in facebook/videos/ewa-2026-06-22)
video-missing    1020110623884766 c0  (expected file not found in facebook/videos/ewa-2026-06-22)
video-missing    1020110623884766 c0  (expected file not found in facebook/videos/ewa-2026-06-22)
video-missing    1020110623884766 c0  (expected file not found in facebook/videos/ewa-2026-06-22)
video-missing    1020110623884766 c0  (expected file not found in facebook/videos/ewa-2026-06-22)
uploaded         1666143427953679 c0  (video) ← 1666143427953679.mp4  → https://dcfd27564ef899969db9a562c7e1945f.r2.cloudflarestorage.com/1666143427953679.mp4
uploaded         4378485519097928 c0  (video) ← 4378485519097928.mp4  → https://dcfd27564ef899969db9a562c7e1945f.r2.cloudflarestorage.com/4378485519097928.mp4
video-missing    4378485519097928 c0  (expected file not found in facebook/videos/ewa-2026-06-22)
video-missing    4378485519097928 c0  (expected file not found in facebook/videos/ewa-2026-06-22)
video-missing    4378485519097928 c0  (expected file not found in facebook/videos/ewa-2026-06-22)
video-missing    4378485519097928 c0  (expected file not found in facebook/videos/ewa-2026-06-22)
carried-forward  1511453474106888 c0  → https://dcfd27564ef899969db9a562c7e1945f.r2.cloudflarestorage.com/1511453474106888.mp4
video-missing    1511453474106888 c0  (expected file not found in facebook/videos/ewa-2026-06-22)
video-missing    1511453474106888 c0  (expected file not found in facebook/videos/ewa-2026-06-22)
video-missing    1511453474106888 c0  (expected file not found in facebook/videos/ewa-2026-06-22)
video-missing    1511453474106888 c0  (expected file not found in facebook/videos/ewa-2026-06-22)
uploaded         779776658463118 c0  (video) ← 779776658463118.mp4  → https://dcfd27564ef899969db9a562c7e1945f.r2.cloudflarestorage.com/779776658463118.mp4
video-missing    779776658463118 c0  (expected file not found in facebook/videos/ewa-2026-06-22)
video-missing    779776658463118 c0  (expected file not found in facebook/videos/ewa-2026-06-22)
video-missing    779776658463118 c0  (expected file not found in facebook/videos/ewa-2026-06-22)
video-missing    779776658463118 c0  (expected file not found in facebook/videos/ewa-2026-06-22)
video-missing    779776658463118 c0  (expected file not found in facebook/videos/ewa-2026-06-22)
video-missing    779776658463118 c0  (expected file not found in facebook/videos/ewa-2026-06-22)
image-pending    1520558086755054 c0  (HANDOVER §8.5 — image handling not yet built)
image-pending    1520558086755054 c0  (HANDOVER §8.5 — image handling not yet built)
image-pending    1520558086755054 c0  (HANDOVER §8.5 — image handling not yet built)
image-pending    1540252577229174 c0  (HANDOVER §8.5 — image handling not yet built)
uploaded         1583000296767072 c0  (video) ← 1583000296767072.mp4  → https://dcfd27564ef899969db9a562c7e1945f.r2.cloudflarestorage.com/1583000296767072.mp4
image-pending    3076894339175070 c0  (HANDOVER §8.5 — image handling not yet built)
image-pending    1018424360726225 c0  (HANDOVER §8.5 — image handling not yet built)
image-pending    1018424360726225 c0  (HANDOVER §8.5 — image handling not yet built)
image-pending    1018424360726225 c0  (HANDOVER §8.5 — image handling not yet built)
image-pending    1018424360726225 c0  (HANDOVER §8.5 — image handling not yet built)
image-pending    1018424360726225 c0  (HANDOVER §8.5 — image handling not yet built)
uploaded         1657473265458972 c0  (video) ← 1657473265458972.mp4  → https://dcfd27564ef899969db9a562c7e1945f.r2.cloudflarestorage.com/1657473265458972.mp4
image-pending    2140918923119782 c0  (HANDOVER §8.5 — image handling not yet built)
image-pending    992833423741405 c0  (HANDOVER §8.5 — image handling not yet built)
video-missing    1690733578840923 c0  (expected file not found in facebook/videos/ewa-2026-06-22)
uploaded         1904838010213805 c0  (video) ← 1904838010213805.mp4  → https://dcfd27564ef899969db9a562c7e1945f.r2.cloudflarestorage.com/1904838010213805.mp4
uploaded         2492578424510722 c0  (video) ← 2492578424510722.mp4  → https://dcfd27564ef899969db9a562c7e1945f.r2.cloudflarestorage.com/2492578424510722.mp4
image-pending    1349306913739809 c0  (HANDOVER §8.5 — image handling not yet built)
uploaded         2147556522481321 c0  (video) ← 2147556522481321.mp4  → https://dcfd27564ef899969db9a562c7e1945f.r2.cloudflarestorage.com/2147556522481321.mp4
uploaded         2123400608391675 c0  (video) ← 2123400608391675.mp4  → https://dcfd27564ef899969db9a562c7e1945f.r2.cloudflarestorage.com/2123400608391675.mp4
image-pending    1709211096888370 c0  (HANDOVER §8.5 — image handling not yet built)
uploaded         2301463500672950 c0  (video) ← 2301463500672950.mp4  → https://dcfd27564ef899969db9a562c7e1945f.r2.cloudflarestorage.com/2301463500672950.mp4
uploaded         2418082988675609 c0  (video) ← 2418082988675609.mp4  → https://dcfd27564ef899969db9a562c7e1945f.r2.cloudflarestorage.com/2418082988675609.mp4
uploaded         1003578075380947 c0  (video) ← 1003578075380947.mp4  → https://dcfd27564ef899969db9a562c7e1945f.r2.cloudflarestorage.com/1003578075380947.mp4
uploaded         1008233794934821 c0  (video) ← 1008233794934821.mp4  → https://dcfd27564ef899969db9a562c7e1945f.r2.cloudflarestorage.com/1008233794934821.mp4
uploaded         1333133978321773 c0  (video) ← 1333133978321773.mp4  → https://dcfd27564ef899969db9a562c7e1945f.r2.cloudflarestorage.com/1333133978321773.mp4
video-missing    1333133978321773 c0  (expected file not found in facebook/videos/ewa-2026-06-22)
uploaded         1673642213921029 c0  (video) ← 1673642213921029.mp4  → https://dcfd27564ef899969db9a562c7e1945f.r2.cloudflarestorage.com/1673642213921029.mp4
uploaded         2254015762016914 c0  (video) ← 2254015762016914.mp4  → https://dcfd27564ef899969db9a562c7e1945f.r2.cloudflarestorage.com/2254015762016914.mp4
uploaded         1013052437759720 c0  (video) ← 1013052437759720.mp4  → https://dcfd27564ef899969db9a562c7e1945f.r2.cloudflarestorage.com/1013052437759720.mp4
uploaded         1315681670185822 c0  (video) ← 1315681670185822.mp4  → https://dcfd27564ef899969db9a562c7e1945f.r2.cloudflarestorage.com/1315681670185822.mp4
image-pending    4388432284745617 c0  (HANDOVER §8.5 — image handling not yet built)
image-pending    4388432284745617 c0  (HANDOVER §8.5 — image handling not yet built)
image-pending    4419370504942962 c0  (HANDOVER §8.5 — image handling not yet built)
uploaded         1010374215287456 c0  (video) ← 1010374215287456.mp4  → https://dcfd27564ef899969db9a562c7e1945f.r2.cloudflarestorage.com/1010374215287456.mp4
uploaded         1249646020424231 c0  (video) ← 1249646020424231.mp4  → https://dcfd27564ef899969db9a562c7e1945f.r2.cloudflarestorage.com/1249646020424231.mp4
uploaded         1261074502593126 c0  (video) ← 1261074502593126.mp4  → https://dcfd27564ef899969db9a562c7e1945f.r2.cloudflarestorage.com/1261074502593126.mp4
image-pending    1317880447154527 c0  (HANDOVER §8.5 — image handling not yet built)
video-missing    2560172624397085 c0  (expected file not found in facebook/videos/ewa-2026-06-22)
image-pending    27281085741520225 c0  (HANDOVER §8.5 — image handling not yet built)
video-missing    968477036058514 c0  (expected file not found in facebook/videos/ewa-2026-06-22)
uploaded         2216146602567783 c0  (video) ← 2216146602567783.mp4  → https://dcfd27564ef899969db9a562c7e1945f.r2.cloudflarestorage.com/2216146602567783.mp4
image-pending    987808617469391 c0  (HANDOVER §8.5 — image handling not yet built)
uploaded         1360344729282882 c0  (video) ← 1360344729282882.mp4  → https://dcfd27564ef899969db9a562c7e1945f.r2.cloudflarestorage.com/1360344729282882.mp4
video-missing    1360344729282882 c0  (expected file not found in facebook/videos/ewa-2026-06-22)
uploaded         1528857905364411 c0  (video) ← 1528857905364411.mp4  → https://dcfd27564ef899969db9a562c7e1945f.r2.cloudflarestorage.com/1528857905364411.mp4
video-missing    1528857905364411 c0  (expected file not found in facebook/videos/ewa-2026-06-22)
video-missing    1528857905364411 c0  (expected file not found in facebook/videos/ewa-2026-06-22)
video-missing    1528857905364411 c0  (expected file not found in facebook/videos/ewa-2026-06-22)
video-missing    1528857905364411 c0  (expected file not found in facebook/videos/ewa-2026-06-22)
image-pending    1647794386335178 c0  (HANDOVER §8.5 — image handling not yet built)
uploaded         1713361243239383 c0  (video) ← 1713361243239383.mp4  → https://dcfd27564ef899969db9a562c7e1945f.r2.cloudflarestorage.com/1713361243239383.mp4
uploaded         981417898023746 c0  (video) ← 981417898023746.mp4  → https://dcfd27564ef899969db9a562c7e1945f.r2.cloudflarestorage.com/981417898023746.mp4
uploaded         1041970628574003 c0  (video) ← 1041970628574003.mp4  → https://dcfd27564ef899969db9a562c7e1945f.r2.cloudflarestorage.com/1041970628574003.mp4
image-pending    1513108383641262 c0  (HANDOVER §8.5 — image handling not yet built)
image-pending    1513108383641262 c0  (HANDOVER §8.5 — image handling not yet built)
image-pending    1679306157155388 c0  (HANDOVER §8.5 — image handling not yet built)
uploaded         864334236734038 c0  (video) ← 864334236734038.mp4  → https://dcfd27564ef899969db9a562c7e1945f.r2.cloudflarestorage.com/864334236734038.mp4
image-pending    1412668357289180 c0  (HANDOVER §8.5 — image handling not yet built)
uploaded         2168832390351311 c0  (video) ← 2168832390351311.mp4  → https://dcfd27564ef899969db9a562c7e1945f.r2.cloudflarestorage.com/2168832390351311.mp4
uploaded         4437960459756251 c0  (video) ← 4437960459756251.mp4  → https://dcfd27564ef899969db9a562c7e1945f.r2.cloudflarestorage.com/4437960459756251.mp4
uploaded         1353782256660450 c0  (video) ← 1353782256660450.mp4  → https://dcfd27564ef899969db9a562c7e1945f.r2.cloudflarestorage.com/1353782256660450.mp4
uploaded         1704892750776810 c0  (video) ← 1704892750776810.mp4  → https://dcfd27564ef899969db9a562c7e1945f.r2.cloudflarestorage.com/1704892750776810.mp4
uploaded         882175634255982 c0  (video) ← 882175634255982.mp4  → https://dcfd27564ef899969db9a562c7e1945f.r2.cloudflarestorage.com/882175634255982.mp4
uploaded         1320886076255548 c0  (video) ← 1320886076255548.mp4  → https://dcfd27564ef899969db9a562c7e1945f.r2.cloudflarestorage.com/1320886076255548.mp4
image-pending    1617930726474910 c0  (HANDOVER §8.5 — image handling not yet built)
uploaded         1893687687963381 c0  (video) ← 1893687687963381.mp4  → https://dcfd27564ef899969db9a562c7e1945f.r2.cloudflarestorage.com/1893687687963381.mp4
uploaded         2387193388470746 c0  (video) ← 2387193388470746.mp4  → https://dcfd27564ef899969db9a562c7e1945f.r2.cloudflarestorage.com/2387193388470746.mp4
uploaded         2547999942284965 c0  (video) ← 2547999942284965.mp4  → https://dcfd27564ef899969db9a562c7e1945f.r2.cloudflarestorage.com/2547999942284965.mp4
video-missing    2547999942284965 c0  (expected file not found in facebook/videos/ewa-2026-06-22)
video-missing    2547999942284965 c0  (expected file not found in facebook/videos/ewa-2026-06-22)
video-missing    2547999942284965 c0  (expected file not found in facebook/videos/ewa-2026-06-22)
video-missing    2547999942284965 c0  (expected file not found in facebook/videos/ewa-2026-06-22)
video-missing    2547999942284965 c0  (expected file not found in facebook/videos/ewa-2026-06-22)
image-pending    2972798626257215 c0  (HANDOVER §8.5 — image handling not yet built)
image-pending    2972798626257215 c0  (HANDOVER §8.5 — image handling not yet built)
uploaded         4456799067864841 c0  (video) ← 4456799067864841.mp4  → https://dcfd27564ef899969db9a562c7e1945f.r2.cloudflarestorage.com/4456799067864841.mp4
uploaded         1481960429917806 c0  (video) ← 1481960429917806.mp4  → https://dcfd27564ef899969db9a562c7e1945f.r2.cloudflarestorage.com/1481960429917806.mp4
video-missing    1481960429917806 c0  (expected file not found in facebook/videos/ewa-2026-06-22)
uploaded         1541476450652131 c0  (video) ← 1541476450652131.mp4  → https://dcfd27564ef899969db9a562c7e1945f.r2.cloudflarestorage.com/1541476450652131.mp4
uploaded         1737335284100152 c0  (video) ← 1737335284100152.mp4  → https://dcfd27564ef899969db9a562c7e1945f.r2.cloudflarestorage.com/1737335284100152.mp4
uploaded         2191328728374825 c0  (video) ← 2191328728374825.mp4  → https://dcfd27564ef899969db9a562c7e1945f.r2.cloudflarestorage.com/2191328728374825.mp4
image-pending    2244714433006703 c0  (HANDOVER §8.5 — image handling not yet built)
uploaded         2359014801288984 c0  (video) ← 2359014801288984.mp4  → https://dcfd27564ef899969db9a562c7e1945f.r2.cloudflarestorage.com/2359014801288984.mp4
uploaded         889297870176955 c0  (video) ← 889297870176955.mp4  → https://dcfd27564ef899969db9a562c7e1945f.r2.cloudflarestorage.com/889297870176955.mp4
uploaded         897208086739725 c0  (video) ← 897208086739725.mp4  → https://dcfd27564ef899969db9a562c7e1945f.r2.cloudflarestorage.com/897208086739725.mp4
video-missing    897208086739725 c0  (expected file not found in facebook/videos/ewa-2026-06-22)
image-pending    1704857273867644 c0  (HANDOVER §8.5 — image handling not yet built)
image-pending    977264178273383 c0  (HANDOVER §8.5 — image handling not yet built)
uploaded         1336120594511565 c0  (video) ← 1336120594511565.mp4  → https://dcfd27564ef899969db9a562c7e1945f.r2.cloudflarestorage.com/1336120594511565.mp4
uploaded         1363479018960308 c0  (video) ← 1363479018960308.mp4  → https://dcfd27564ef899969db9a562c7e1945f.r2.cloudflarestorage.com/1363479018960308.mp4
uploaded         27288370937481416 c0  (video) ← 27288370937481416.mp4  → https://dcfd27564ef899969db9a562c7e1945f.r2.cloudflarestorage.com/27288370937481416.mp4
uploaded         1010099298619932 c0  (video) ← 1010099298619932.mp4  → https://dcfd27564ef899969db9a562c7e1945f.r2.cloudflarestorage.com/1010099298619932.mp4
uploaded         1666049067840456 c0  (video) ← 1666049067840456.mp4  → https://dcfd27564ef899969db9a562c7e1945f.r2.cloudflarestorage.com/1666049067840456.mp4
uploaded         1744773910036409 c0  (video) ← 1744773910036409.mp4  → https://dcfd27564ef899969db9a562c7e1945f.r2.cloudflarestorage.com/1744773910036409.mp4
video-missing    1744773910036409 c0  (expected file not found in facebook/videos/ewa-2026-06-22)
uploaded         2055310355380744 c0  (video) ← 2055310355380744.mp4  → https://dcfd27564ef899969db9a562c7e1945f.r2.cloudflarestorage.com/2055310355380744.mp4
image-pending    998336936125136 c0  (HANDOVER §8.5 — image handling not yet built)
uploaded         1327336225575113 c0  (video) ← 1327336225575113.mp4  → https://dcfd27564ef899969db9a562c7e1945f.r2.cloudflarestorage.com/1327336225575113.mp4
video-missing    1327336225575113 c0  (expected file not found in facebook/videos/ewa-2026-06-22)
uploaded         1680869439889862 c0  (video) ← 1680869439889862.mp4  → https://dcfd27564ef899969db9a562c7e1945f.r2.cloudflarestorage.com/1680869439889862.mp4
uploaded         4445023232394032 c0  (video) ← 4445023232394032.mp4  → https://dcfd27564ef899969db9a562c7e1945f.r2.cloudflarestorage.com/4445023232394032.mp4
image-pending    1035480389051178 c0  (HANDOVER §8.5 — image handling not yet built)
video-missing    1173149541634097 c0  (expected file not found in facebook/videos/ewa-2026-06-22)
uploaded         1274995448039485 c0  (video) ← 1274995448039485.mp4  → https://dcfd27564ef899969db9a562c7e1945f.r2.cloudflarestorage.com/1274995448039485.mp4
image-pending    1287036206538067 c0  (HANDOVER §8.5 — image handling not yet built)
uploaded         1450775833733746 c0  (video) ← 1450775833733746.mp4  → https://dcfd27564ef899969db9a562c7e1945f.r2.cloudflarestorage.com/1450775833733746.mp4
uploaded         1535934778085481 c0  (video) ← 1535934778085481.mp4  → https://dcfd27564ef899969db9a562c7e1945f.r2.cloudflarestorage.com/1535934778085481.mp4
video-missing    1781322726335322 c0  (expected file not found in facebook/videos/ewa-2026-06-22)
image-pending    1305801197923324 c0  (HANDOVER §8.5 — image handling not yet built)
image-pending    1687561882494711 c0  (HANDOVER §8.5 — image handling not yet built)
uploaded         3611998142272671 c0  (video) ← 3611998142272671.mp4  → https://dcfd27564ef899969db9a562c7e1945f.r2.cloudflarestorage.com/3611998142272671.mp4
uploaded         1004043775541500 c0  (video) ← 1004043775541500.mp4  → https://dcfd27564ef899969db9a562c7e1945f.r2.cloudflarestorage.com/1004043775541500.mp4
image-pending    2324698905003891 c0  (HANDOVER §8.5 — image handling not yet built)
uploaded         2516955515409772 c0  (video) ← 2516955515409772.mp4  → https://dcfd27564ef899969db9a562c7e1945f.r2.cloudflarestorage.com/2516955515409772.mp4
