# Step 3 run log
# competitor : ewa
# started_at : 2026-07-02T13:23:12
# input      : facebook/inputs/fb-ads-ewa-2026-07-02-1300.csv
# videos     : facebook/videos/ewa-2026-07-02
# master     : facebook/master/ewa.csv  (updated)
# enriched   : facebook/inputs/fb-ads-ewa-2026-07-02-1300_enriched.csv
# bucket     : video-ads
# public_base: https://pub-893b4a6a607b4221a894bf861da7914e.r2.dev
# dry_run    : False
#
# counts     : {'uploaded': 58, 'carried-forward': 451, 'image-pending': 1022, 'video-missing': 337, 'no-creative': 0, 'error': 0}
#
image-pending    1306267591684899 c0  (HANDOVER §8.5 — image handling not yet built)
carried-forward  1874206359934788 c0  → https://pub-893b4a6a607b4221a894bf861da7914e.r2.dev/1874206359934788.mp4
video-missing    1874206359934788 c0  (expected file not found in facebook/videos/ewa-2026-07-02)
video-missing    1874206359934788 c0  (expected file not found in facebook/videos/ewa-2026-07-02)
video-missing    1874206359934788 c0  (expected file not found in facebook/videos/ewa-2026-07-02)
video-missing    1874206359934788 c0  (expected file not found in facebook/videos/ewa-2026-07-02)
video-missing    1874206359934788 c0  (expected file not found in facebook/videos/ewa-2026-07-02)
video-missing    1874206359934788 c0  (expected file not found in facebook/videos/ewa-2026-07-02)
video-missing    1874206359934788 c0  (expected file not found in facebook/videos/ewa-2026-07-02)
video-missing    1874206359934788 c0  (expected file not found in facebook/videos/ewa-2026-07-02)
video-missing    1874206359934788 c0  (expected file not found in facebook/videos/ewa-2026-07-02)
image-pending    1382398707359686 c0  (HANDOVER §8.5 — image handling not yet built)
carried-forward  971663399190998 c0  → https://pub-893b4a6a607b4221a894bf861da7914e.r2.dev/971663399190998.mp4
carried-forward  1748754609899497 c0  → https://pub-893b4a6a607b4221a894bf861da7914e.r2.dev/1748754609899497.mp4
video-missing    1748754609899497 c0  (expected file not found in facebook/videos/ewa-2026-07-02)
carried-forward  1724153865601271 c0  → https://pub-893b4a6a607b4221a894bf861da7914e.r2.dev/1724153865601271.mp4
carried-forward  1015358864232913 c0  → https://pub-893b4a6a607b4221a894bf861da7914e.r2.dev/1015358864232913.mp4
image-pending    2440016223139553 c0  (HANDOVER §8.5 — image handling not yet built)
image-pending    2440016223139553 c0  (HANDOVER §8.5 — image handling not yet built)
image-pending    2440016223139553 c0  (HANDOVER §8.5 — image handling not yet built)
image-pending    3748419995299131 c0  (HANDOVER §8.5 — image handling not yet built)
carried-forward  1382125000402309 c0  → https://pub-893b4a6a607b4221a894bf861da7914e.r2.dev/1382125000402309.mp4
image-pending    3992486917711214 c0  (HANDOVER §8.5 — image handling not yet built)
image-pending    2066432930945937 c0  (HANDOVER §8.5 — image handling not yet built)
image-pending    2066432930945937 c0  (HANDOVER §8.5 — image handling not yet built)
image-pending    2066432930945937 c0  (HANDOVER §8.5 — image handling not yet built)
image-pending    1555974535878600 c0  (HANDOVER §8.5 — image handling not yet built)
image-pending    1576006740533613 c0  (HANDOVER §8.5 — image handling not yet built)
carried-forward  2055734171992505 c0  → https://pub-893b4a6a607b4221a894bf861da7914e.r2.dev/2055734171992505.jpg
image-pending    1551407243427783 c0  (HANDOVER §8.5 — image handling not yet built)
carried-forward  2892999924237848 c0  → https://pub-893b4a6a607b4221a894bf861da7914e.r2.dev/2892999924237848.jpg
carried-forward  27528262593478146 c0  → https://pub-893b4a6a607b4221a894bf861da7914e.r2.dev/27528262593478146.mp4
video-missing    27528262593478146 c0  (expected file not found in facebook/videos/ewa-2026-07-02)
video-missing    27528262593478146 c0  (expected file not found in facebook/videos/ewa-2026-07-02)
carried-forward  1035014722311895 c0  → https://pub-893b4a6a607b4221a894bf861da7914e.r2.dev/1035014722311895.mp4
video-missing    1035014722311895 c0  (expected file not found in facebook/videos/ewa-2026-07-02)
video-missing    1035014722311895 c0  (expected file not found in facebook/videos/ewa-2026-07-02)
carried-forward  2195004938019032 c0  → https://pub-893b4a6a607b4221a894bf861da7914e.r2.dev/2195004938019032.mp4
video-missing    2195004938019032 c0  (expected file not found in facebook/videos/ewa-2026-07-02)
video-missing    2195004938019032 c0  (expected file not found in facebook/videos/ewa-2026-07-02)
image-pending    1077927724560264 c0  (HANDOVER §8.5 — image handling not yet built)
image-pending    1077927724560264 c0  (HANDOVER §8.5 — image handling not yet built)
image-pending    1077927724560264 c0  (HANDOVER §8.5 — image handling not yet built)
image-pending    1077927724560264 c0  (HANDOVER §8.5 — image handling not yet built)
image-pending    1077927724560264 c0  (HANDOVER §8.5 — image handling not yet built)
image-pending    1077927724560264 c0  (HANDOVER §8.5 — image handling not yet built)
image-pending    1077927724560264 c0  (HANDOVER §8.5 — image handling not yet built)
carried-forward  1536806398027380 c0  → https://pub-893b4a6a607b4221a894bf861da7914e.r2.dev/1536806398027380.mp4
video-missing    1536806398027380 c0  (expected file not found in facebook/videos/ewa-2026-07-02)
image-pending    1563258611813011 c0  (HANDOVER §8.5 — image handling not yet built)
image-pending    1563258611813011 c0  (HANDOVER §8.5 — image handling not yet built)
carried-forward  1016947384174260 c0  → https://pub-893b4a6a607b4221a894bf861da7914e.r2.dev/1016947384174260.mp4
video-missing    1016947384174260 c0  (expected file not found in facebook/videos/ewa-2026-07-02)
carried-forward  2208612196650529 c0  → https://pub-893b4a6a607b4221a894bf861da7914e.r2.dev/2208612196650529.mp4
video-missing    2208612196650529 c0  (expected file not found in facebook/videos/ewa-2026-07-02)
carried-forward  1323301146642094 c0  → https://pub-893b4a6a607b4221a894bf861da7914e.r2.dev/1323301146642094.mp4
carried-forward  1886710078954048 c0  → https://pub-893b4a6a607b4221a894bf861da7914e.r2.dev/1886710078954048.mp4
image-pending    1989516238351885 c0  (HANDOVER §8.5 — image handling not yet built)
image-pending    2031393094143524 c0  (HANDOVER §8.5 — image handling not yet built)
image-pending    929666633475484 c0  (HANDOVER §8.5 — image handling not yet built)
image-pending    929666633475484 c0  (HANDOVER §8.5 — image handling not yet built)
image-pending    929666633475484 c0  (HANDOVER §8.5 — image handling not yet built)
carried-forward  26856158837419338 c0  → https://pub-893b4a6a607b4221a894bf861da7914e.r2.dev/26856158837419338.mp4
video-missing    26856158837419338 c0  (expected file not found in facebook/videos/ewa-2026-07-02)
video-missing    26856158837419338 c0  (expected file not found in facebook/videos/ewa-2026-07-02)
image-pending    2023456231577415 c0  (HANDOVER §8.5 — image handling not yet built)
carried-forward  1319309883721590 c0  → https://pub-893b4a6a607b4221a894bf861da7914e.r2.dev/1319309883721590.mp4
video-missing    1319309883721590 c0  (expected file not found in facebook/videos/ewa-2026-07-02)
image-pending    1057603033505729 c0  (HANDOVER §8.5 — image handling not yet built)
image-pending    1057603033505729 c0  (HANDOVER §8.5 — image handling not yet built)
image-pending    1057603033505729 c0  (HANDOVER §8.5 — image handling not yet built)
image-pending    1057603033505729 c0  (HANDOVER §8.5 — image handling not yet built)
image-pending    1057603033505729 c0  (HANDOVER §8.5 — image handling not yet built)
image-pending    1057603033505729 c0  (HANDOVER §8.5 — image handling not yet built)
image-pending    1057603033505729 c0  (HANDOVER §8.5 — image handling not yet built)
image-pending    1057603033505729 c0  (HANDOVER §8.5 — image handling not yet built)
image-pending    1057603033505729 c0  (HANDOVER §8.5 — image handling not yet built)
image-pending    1057603033505729 c0  (HANDOVER §8.5 — image handling not yet built)
carried-forward  1690372411991547 c0  → https://pub-893b4a6a607b4221a894bf861da7914e.r2.dev/1690372411991547.mp4
carried-forward  1732300201416251 c0  → https://pub-893b4a6a607b4221a894bf861da7914e.r2.dev/1732300201416251.mp4
video-missing    1732300201416251 c0  (expected file not found in facebook/videos/ewa-2026-07-02)
video-missing    1732300201416251 c0  (expected file not found in facebook/videos/ewa-2026-07-02)
image-pending    27215014658166678 c0  (HANDOVER §8.5 — image handling not yet built)
carried-forward  1018633984071109 c0  → https://pub-893b4a6a607b4221a894bf861da7914e.r2.dev/1018633984071109.mp4
video-missing    1018633984071109 c0  (expected file not found in facebook/videos/ewa-2026-07-02)
carried-forward  1819922628976274 c0  → https://pub-893b4a6a607b4221a894bf861da7914e.r2.dev/1819922628976274.mp4
video-missing    1819922628976274 c0  (expected file not found in facebook/videos/ewa-2026-07-02)
image-pending    1295602786114665 c0  (HANDOVER §8.5 — image handling not yet built)
carried-forward  1521974499460731 c0  → https://pub-893b4a6a607b4221a894bf861da7914e.r2.dev/1521974499460731.jpg
carried-forward  1381915087329877 c0  → https://pub-893b4a6a607b4221a894bf861da7914e.r2.dev/1381915087329877.mp4
carried-forward  1742722027180569 c0  → https://pub-893b4a6a607b4221a894bf861da7914e.r2.dev/1742722027180569.mp4
carried-forward  950172947996129 c0  → https://pub-893b4a6a607b4221a894bf861da7914e.r2.dev/950172947996129.jpg
image-pending    950172947996129 c0  (HANDOVER §8.5 — image handling not yet built)
carried-forward  1653363682608529 c0  → https://pub-893b4a6a607b4221a894bf861da7914e.r2.dev/1653363682608529.jpg
image-pending    859610987218332 c0  (HANDOVER §8.5 — image handling not yet built)
carried-forward  902914766096402 c0  → https://pub-893b4a6a607b4221a894bf861da7914e.r2.dev/902914766096402.mp4
video-missing    902914766096402 c0  (expected file not found in facebook/videos/ewa-2026-07-02)
carried-forward  2002069144031022 c0  → https://pub-893b4a6a607b4221a894bf861da7914e.r2.dev/2002069144031022.mp4
image-pending    899742599792655 c0  (HANDOVER §8.5 — image handling not yet built)
image-pending    4408083529403945 c0  (HANDOVER §8.5 — image handling not yet built)
image-pending    4408083529403945 c0  (HANDOVER §8.5 — image handling not yet built)
image-pending    4408083529403945 c0  (HANDOVER §8.5 — image handling not yet built)
image-pending    4408083529403945 c0  (HANDOVER §8.5 — image handling not yet built)
carried-forward  1310195301172768 c0  → https://pub-893b4a6a607b4221a894bf861da7914e.r2.dev/1310195301172768.mp4
video-missing    1310195301172768 c0  (expected file not found in facebook/videos/ewa-2026-07-02)
carried-forward  1314900907187137 c0  → https://pub-893b4a6a607b4221a894bf861da7914e.r2.dev/1314900907187137.jpg
image-pending    2736017710101625 c0  (HANDOVER §8.5 — image handling not yet built)
image-pending    2736017710101625 c0  (HANDOVER §8.5 — image handling not yet built)
image-pending    2736017710101625 c0  (HANDOVER §8.5 — image handling not yet built)
image-pending    2736017710101625 c0  (HANDOVER §8.5 — image handling not yet built)
image-pending    2736017710101625 c0  (HANDOVER §8.5 — image handling not yet built)
image-pending    2736017710101625 c0  (HANDOVER §8.5 — image handling not yet built)
image-pending    2736017710101625 c0  (HANDOVER §8.5 — image handling not yet built)
image-pending    2736017710101625 c0  (HANDOVER §8.5 — image handling not yet built)
image-pending    2736017710101625 c0  (HANDOVER §8.5 — image handling not yet built)
image-pending    2736017710101625 c0  (HANDOVER §8.5 — image handling not yet built)
image-pending    2736017710101625 c0  (HANDOVER §8.5 — image handling not yet built)
image-pending    2736017710101625 c0  (HANDOVER §8.5 — image handling not yet built)
image-pending    2736017710101625 c0  (HANDOVER §8.5 — image handling not yet built)
image-pending    1364528388957027 c0  (HANDOVER §8.5 — image handling not yet built)
image-pending    4275663419339672 c0  (HANDOVER §8.5 — image handling not yet built)
image-pending    1335462628544987 c0  (HANDOVER §8.5 — image handling not yet built)
image-pending    1560395862312214 c0  (HANDOVER §8.5 — image handling not yet built)
carried-forward  981542304873894 c0  → https://pub-893b4a6a607b4221a894bf861da7914e.r2.dev/981542304873894.mp4
video-missing    981542304873894 c0  (expected file not found in facebook/videos/ewa-2026-07-02)
video-missing    981542304873894 c0  (expected file not found in facebook/videos/ewa-2026-07-02)
carried-forward  802618516119924 c0  → https://pub-893b4a6a607b4221a894bf861da7914e.r2.dev/802618516119924.mp4
image-pending    1367219931941920 c0  (HANDOVER §8.5 — image handling not yet built)
carried-forward  1705615330760964 c0  → https://pub-893b4a6a607b4221a894bf861da7914e.r2.dev/1705615330760964.mp4
video-missing    1705615330760964 c0  (expected file not found in facebook/videos/ewa-2026-07-02)
video-missing    1705615330760964 c0  (expected file not found in facebook/videos/ewa-2026-07-02)
image-pending    1015595294319850 c0  (HANDOVER §8.5 — image handling not yet built)
image-pending    1015595294319850 c0  (HANDOVER §8.5 — image handling not yet built)
image-pending    1015595294319850 c0  (HANDOVER §8.5 — image handling not yet built)
image-pending    1015595294319850 c0  (HANDOVER §8.5 — image handling not yet built)
image-pending    1015595294319850 c0  (HANDOVER §8.5 — image handling not yet built)
image-pending    1015595294319850 c0  (HANDOVER §8.5 — image handling not yet built)
image-pending    1015595294319850 c0  (HANDOVER §8.5 — image handling not yet built)
image-pending    1015595294319850 c0  (HANDOVER §8.5 — image handling not yet built)
image-pending    1015595294319850 c0  (HANDOVER §8.5 — image handling not yet built)
carried-forward  2139664810291951 c0  → https://pub-893b4a6a607b4221a894bf861da7914e.r2.dev/2139664810291951.mp4
image-pending    1319321473675745 c0  (HANDOVER §8.5 — image handling not yet built)
image-pending    806008162476368 c0  (HANDOVER §8.5 — image handling not yet built)
image-pending    806008162476368 c0  (HANDOVER §8.5 — image handling not yet built)
image-pending    806008162476368 c0  (HANDOVER §8.5 — image handling not yet built)
image-pending    1513398920265007 c0  (HANDOVER §8.5 — image handling not yet built)
carried-forward  986036844047097 c0  → https://pub-893b4a6a607b4221a894bf861da7914e.r2.dev/986036844047097.mp4
image-pending    2334582457303823 c0  (HANDOVER §8.5 — image handling not yet built)
image-pending    1014876094322934 c0  (HANDOVER §8.5 — image handling not yet built)
image-pending    1014876094322934 c0  (HANDOVER §8.5 — image handling not yet built)
image-pending    1003611669333175 c0  (HANDOVER §8.5 — image handling not yet built)
carried-forward  1016276427569134 c0  → https://pub-893b4a6a607b4221a894bf861da7914e.r2.dev/1016276427569134.mp4
video-missing    1016276427569134 c0  (expected file not found in facebook/videos/ewa-2026-07-02)
carried-forward  1087326670294235 c0  → https://pub-893b4a6a607b4221a894bf861da7914e.r2.dev/1087326670294235.mp4
video-missing    1087326670294235 c0  (expected file not found in facebook/videos/ewa-2026-07-02)
image-pending    993791116576367 c0  (HANDOVER §8.5 — image handling not yet built)
carried-forward  1304416345009170 c0  → https://pub-893b4a6a607b4221a894bf861da7914e.r2.dev/1304416345009170.mp4
video-missing    1304416345009170 c0  (expected file not found in facebook/videos/ewa-2026-07-02)
image-pending    1439844258174851 c0  (HANDOVER §8.5 — image handling not yet built)
image-pending    1439844258174851 c0  (HANDOVER §8.5 — image handling not yet built)
image-pending    1439844258174851 c0  (HANDOVER §8.5 — image handling not yet built)
image-pending    855216900605790 c0  (HANDOVER §8.5 — image handling not yet built)
image-pending    855216900605790 c0  (HANDOVER §8.5 — image handling not yet built)
image-pending    855216900605790 c0  (HANDOVER §8.5 — image handling not yet built)
image-pending    855216900605790 c0  (HANDOVER §8.5 — image handling not yet built)
image-pending    855216900605790 c0  (HANDOVER §8.5 — image handling not yet built)
image-pending    855216900605790 c0  (HANDOVER §8.5 — image handling not yet built)
image-pending    855216900605790 c0  (HANDOVER §8.5 — image handling not yet built)
image-pending    855216900605790 c0  (HANDOVER §8.5 — image handling not yet built)
image-pending    855216900605790 c0  (HANDOVER §8.5 — image handling not yet built)
image-pending    855216900605790 c0  (HANDOVER §8.5 — image handling not yet built)
image-pending    855216900605790 c0  (HANDOVER §8.5 — image handling not yet built)
image-pending    855216900605790 c0  (HANDOVER §8.5 — image handling not yet built)
image-pending    855216900605790 c0  (HANDOVER §8.5 — image handling not yet built)
image-pending    855216900605790 c0  (HANDOVER §8.5 — image handling not yet built)
image-pending    1358208466273825 c0  (HANDOVER §8.5 — image handling not yet built)
image-pending    1358208466273825 c0  (HANDOVER §8.5 — image handling not yet built)
image-pending    1358208466273825 c0  (HANDOVER §8.5 — image handling not yet built)
image-pending    1358208466273825 c0  (HANDOVER §8.5 — image handling not yet built)
image-pending    1358208466273825 c0  (HANDOVER §8.5 — image handling not yet built)
image-pending    1358208466273825 c0  (HANDOVER §8.5 — image handling not yet built)
carried-forward  1357905219727082 c0  → https://pub-893b4a6a607b4221a894bf861da7914e.r2.dev/1357905219727082.mp4
video-missing    1357905219727082 c0  (expected file not found in facebook/videos/ewa-2026-07-02)
video-missing    1357905219727082 c0  (expected file not found in facebook/videos/ewa-2026-07-02)
video-missing    1357905219727082 c0  (expected file not found in facebook/videos/ewa-2026-07-02)
video-missing    1357905219727082 c0  (expected file not found in facebook/videos/ewa-2026-07-02)
video-missing    1357905219727082 c0  (expected file not found in facebook/videos/ewa-2026-07-02)
image-pending    1366878368637321 c0  (HANDOVER §8.5 — image handling not yet built)
image-pending    1366878368637321 c0  (HANDOVER §8.5 — image handling not yet built)
image-pending    1366878368637321 c0  (HANDOVER §8.5 — image handling not yet built)
image-pending    1366878368637321 c0  (HANDOVER §8.5 — image handling not yet built)
image-pending    1366878368637321 c0  (HANDOVER §8.5 — image handling not yet built)
image-pending    1366878368637321 c0  (HANDOVER §8.5 — image handling not yet built)
image-pending    1366878368637321 c0  (HANDOVER §8.5 — image handling not yet built)
image-pending    1366878368637321 c0  (HANDOVER §8.5 — image handling not yet built)
image-pending    1366878368637321 c0  (HANDOVER §8.5 — image handling not yet built)
image-pending    1366878368637321 c0  (HANDOVER §8.5 — image handling not yet built)
image-pending    1366878368637321 c0  (HANDOVER §8.5 — image handling not yet built)
image-pending    1366878368637321 c0  (HANDOVER §8.5 — image handling not yet built)
image-pending    1366878368637321 c0  (HANDOVER §8.5 — image handling not yet built)
image-pending    1366878368637321 c0  (HANDOVER §8.5 — image handling not yet built)
carried-forward  1469196281598691 c0  → https://pub-893b4a6a607b4221a894bf861da7914e.r2.dev/1469196281598691.mp4
image-pending    27469043486024764 c0  (HANDOVER §8.5 — image handling not yet built)
image-pending    27469043486024764 c0  (HANDOVER §8.5 — image handling not yet built)
carried-forward  1452435496918421 c0  → https://pub-893b4a6a607b4221a894bf861da7914e.r2.dev/1452435496918421.mp4
video-missing    1452435496918421 c0  (expected file not found in facebook/videos/ewa-2026-07-02)
image-pending    978209598439199 c0  (HANDOVER §8.5 — image handling not yet built)
image-pending    978209598439199 c0  (HANDOVER §8.5 — image handling not yet built)
image-pending    978209598439199 c0  (HANDOVER §8.5 — image handling not yet built)
image-pending    978209598439199 c0  (HANDOVER §8.5 — image handling not yet built)
image-pending    1024376513616847 c0  (HANDOVER §8.5 — image handling not yet built)
image-pending    1024376513616847 c0  (HANDOVER §8.5 — image handling not yet built)
image-pending    1024376513616847 c0  (HANDOVER §8.5 — image handling not yet built)
image-pending    1024376513616847 c0  (HANDOVER §8.5 — image handling not yet built)
image-pending    1557255389354175 c0  (HANDOVER §8.5 — image handling not yet built)
image-pending    1557255389354175 c0  (HANDOVER §8.5 — image handling not yet built)
image-pending    965243816509848 c0  (HANDOVER §8.5 — image handling not yet built)
image-pending    965243816509848 c0  (HANDOVER §8.5 — image handling not yet built)
image-pending    965243816509848 c0  (HANDOVER §8.5 — image handling not yet built)
image-pending    965243816509848 c0  (HANDOVER §8.5 — image handling not yet built)
image-pending    965243816509848 c0  (HANDOVER §8.5 — image handling not yet built)
image-pending    965243816509848 c0  (HANDOVER §8.5 — image handling not yet built)
carried-forward  1032309839191652 c0  → https://pub-893b4a6a607b4221a894bf861da7914e.r2.dev/1032309839191652.mp4
carried-forward  1690860245288414 c0  → https://pub-893b4a6a607b4221a894bf861da7914e.r2.dev/1690860245288414.mp4
carried-forward  1531412358727354 c0  → https://pub-893b4a6a607b4221a894bf861da7914e.r2.dev/1531412358727354.mp4
video-missing    1531412358727354 c0  (expected file not found in facebook/videos/ewa-2026-07-02)
video-missing    1531412358727354 c0  (expected file not found in facebook/videos/ewa-2026-07-02)
video-missing    1531412358727354 c0  (expected file not found in facebook/videos/ewa-2026-07-02)
video-missing    1531412358727354 c0  (expected file not found in facebook/videos/ewa-2026-07-02)
video-missing    1531412358727354 c0  (expected file not found in facebook/videos/ewa-2026-07-02)
video-missing    1531412358727354 c0  (expected file not found in facebook/videos/ewa-2026-07-02)
video-missing    1531412358727354 c0  (expected file not found in facebook/videos/ewa-2026-07-02)
video-missing    1531412358727354 c0  (expected file not found in facebook/videos/ewa-2026-07-02)
video-missing    1531412358727354 c0  (expected file not found in facebook/videos/ewa-2026-07-02)
image-pending    1379008260707181 c0  (HANDOVER §8.5 — image handling not yet built)
image-pending    1379008260707181 c0  (HANDOVER §8.5 — image handling not yet built)
image-pending    1379008260707181 c0  (HANDOVER §8.5 — image handling not yet built)
image-pending    1379008260707181 c0  (HANDOVER §8.5 — image handling not yet built)
image-pending    1379008260707181 c0  (HANDOVER §8.5 — image handling not yet built)
image-pending    1379008260707181 c0  (HANDOVER §8.5 — image handling not yet built)
image-pending    1379008260707181 c0  (HANDOVER §8.5 — image handling not yet built)
image-pending    1379008260707181 c0  (HANDOVER §8.5 — image handling not yet built)
image-pending    1379008260707181 c0  (HANDOVER §8.5 — image handling not yet built)
image-pending    1379008260707181 c0  (HANDOVER §8.5 — image handling not yet built)
image-pending    1379008260707181 c0  (HANDOVER §8.5 — image handling not yet built)
image-pending    1379008260707181 c0  (HANDOVER §8.5 — image handling not yet built)
image-pending    1379008260707181 c0  (HANDOVER §8.5 — image handling not yet built)
image-pending    1379008260707181 c0  (HANDOVER §8.5 — image handling not yet built)
image-pending    1379008260707181 c0  (HANDOVER §8.5 — image handling not yet built)
image-pending    1379008260707181 c0  (HANDOVER §8.5 — image handling not yet built)
image-pending    1379008260707181 c0  (HANDOVER §8.5 — image handling not yet built)
image-pending    1379008260707181 c0  (HANDOVER §8.5 — image handling not yet built)
image-pending    1379008260707181 c0  (HANDOVER §8.5 — image handling not yet built)
image-pending    1379008260707181 c0  (HANDOVER §8.5 — image handling not yet built)
image-pending    1379008260707181 c0  (HANDOVER §8.5 — image handling not yet built)
image-pending    1375519284440140 c0  (HANDOVER §8.5 — image handling not yet built)
image-pending    1375519284440140 c0  (HANDOVER §8.5 — image handling not yet built)
image-pending    2276674869768265 c0  (HANDOVER §8.5 — image handling not yet built)
image-pending    2276674869768265 c0  (HANDOVER §8.5 — image handling not yet built)
image-pending    2276674869768265 c0  (HANDOVER §8.5 — image handling not yet built)
image-pending    2276674869768265 c0  (HANDOVER §8.5 — image handling not yet built)
image-pending    2276674869768265 c0  (HANDOVER §8.5 — image handling not yet built)
image-pending    2276674869768265 c0  (HANDOVER §8.5 — image handling not yet built)
image-pending    2276674869768265 c0  (HANDOVER §8.5 — image handling not yet built)
image-pending    2276674869768265 c0  (HANDOVER §8.5 — image handling not yet built)
image-pending    2276674869768265 c0  (HANDOVER §8.5 — image handling not yet built)
image-pending    2276674869768265 c0  (HANDOVER §8.5 — image handling not yet built)
image-pending    2276674869768265 c0  (HANDOVER §8.5 — image handling not yet built)
carried-forward  882862617569710 c0  → https://pub-893b4a6a607b4221a894bf861da7914e.r2.dev/882862617569710.mp4
video-missing    882862617569710 c0  (expected file not found in facebook/videos/ewa-2026-07-02)
video-missing    882862617569710 c0  (expected file not found in facebook/videos/ewa-2026-07-02)
image-pending    1026802996515979 c0  (HANDOVER §8.5 — image handling not yet built)
image-pending    1026802996515979 c0  (HANDOVER §8.5 — image handling not yet built)
image-pending    1026802996515979 c0  (HANDOVER §8.5 — image handling not yet built)
image-pending    1814178842884956 c0  (HANDOVER §8.5 — image handling not yet built)
image-pending    1747989286365429 c0  (HANDOVER §8.5 — image handling not yet built)
carried-forward  1358086699534341 c0  → https://pub-893b4a6a607b4221a894bf861da7914e.r2.dev/1358086699534341.mp4
video-missing    1358086699534341 c0  (expected file not found in facebook/videos/ewa-2026-07-02)
carried-forward  820415774340747 c0  → https://pub-893b4a6a607b4221a894bf861da7914e.r2.dev/820415774340747.mp4
video-missing    820415774340747 c0  (expected file not found in facebook/videos/ewa-2026-07-02)
video-missing    820415774340747 c0  (expected file not found in facebook/videos/ewa-2026-07-02)
image-pending    1906689313623397 c0  (HANDOVER §8.5 — image handling not yet built)
image-pending    1906689313623397 c0  (HANDOVER §8.5 — image handling not yet built)
image-pending    4412183892352225 c0  (HANDOVER §8.5 — image handling not yet built)
carried-forward  1328208558750584 c0  → https://pub-893b4a6a607b4221a894bf861da7914e.r2.dev/1328208558750584.mp4
carried-forward  1298528725593402 c0  → https://pub-893b4a6a607b4221a894bf861da7914e.r2.dev/1298528725593402.mp4
carried-forward  3998902643744444 c0  → https://pub-893b4a6a607b4221a894bf861da7914e.r2.dev/3998902643744444.mp4
video-missing    3998902643744444 c0  (expected file not found in facebook/videos/ewa-2026-07-02)
video-missing    3998902643744444 c0  (expected file not found in facebook/videos/ewa-2026-07-02)
carried-forward  995734063341573 c0  → https://pub-893b4a6a607b4221a894bf861da7914e.r2.dev/995734063341573.mp4
video-missing    995734063341573 c0  (expected file not found in facebook/videos/ewa-2026-07-02)
video-missing    995734063341573 c0  (expected file not found in facebook/videos/ewa-2026-07-02)
image-pending    3092454547618347 c0  (HANDOVER §8.5 — image handling not yet built)
carried-forward  1655489275682239 c0  → https://pub-893b4a6a607b4221a894bf861da7914e.r2.dev/1655489275682239.mp4
video-missing    1655489275682239 c0  (expected file not found in facebook/videos/ewa-2026-07-02)
carried-forward  994606589948628 c0  → https://pub-893b4a6a607b4221a894bf861da7914e.r2.dev/994606589948628.mp4
video-missing    994606589948628 c0  (expected file not found in facebook/videos/ewa-2026-07-02)
image-pending    1939149513401738 c0  (HANDOVER §8.5 — image handling not yet built)
image-pending    1939149513401738 c0  (HANDOVER §8.5 — image handling not yet built)
image-pending    1939149513401738 c0  (HANDOVER §8.5 — image handling not yet built)
image-pending    1939149513401738 c0  (HANDOVER §8.5 — image handling not yet built)
image-pending    1939149513401738 c0  (HANDOVER §8.5 — image handling not yet built)
image-pending    1939149513401738 c0  (HANDOVER §8.5 — image handling not yet built)
carried-forward  1752852612728136 c0  → https://pub-893b4a6a607b4221a894bf861da7914e.r2.dev/1752852612728136.mp4
image-pending    27728781710048292 c0  (HANDOVER §8.5 — image handling not yet built)
image-pending    27728781710048292 c0  (HANDOVER §8.5 — image handling not yet built)
image-pending    27728781710048292 c0  (HANDOVER §8.5 — image handling not yet built)
image-pending    27728781710048292 c0  (HANDOVER §8.5 — image handling not yet built)
image-pending    27728781710048292 c0  (HANDOVER §8.5 — image handling not yet built)
image-pending    27728781710048292 c0  (HANDOVER §8.5 — image handling not yet built)
image-pending    27728781710048292 c0  (HANDOVER §8.5 — image handling not yet built)
image-pending    27728781710048292 c0  (HANDOVER §8.5 — image handling not yet built)
carried-forward  1744667323230732 c0  → https://pub-893b4a6a607b4221a894bf861da7914e.r2.dev/1744667323230732.mp4
video-missing    1744667323230732 c0  (expected file not found in facebook/videos/ewa-2026-07-02)
uploaded         1708982083560467 c0  (video) ← 1708982083560467.mp4  → https://pub-893b4a6a607b4221a894bf861da7914e.r2.dev/1708982083560467.mp4
video-missing    1708982083560467 c0  (expected file not found in facebook/videos/ewa-2026-07-02)
image-pending    1379659310736348 c0  (HANDOVER §8.5 — image handling not yet built)
carried-forward  1722689648995223 c0  → https://pub-893b4a6a607b4221a894bf861da7914e.r2.dev/1722689648995223.mp4
carried-forward  1030911032692577 c0  → https://pub-893b4a6a607b4221a894bf861da7914e.r2.dev/1030911032692577.mp4
video-missing    1030911032692577 c0  (expected file not found in facebook/videos/ewa-2026-07-02)
video-missing    1030911032692577 c0  (expected file not found in facebook/videos/ewa-2026-07-02)
carried-forward  1626028478462372 c0  → https://pub-893b4a6a607b4221a894bf861da7914e.r2.dev/1626028478462372.mp4
video-missing    1626028478462372 c0  (expected file not found in facebook/videos/ewa-2026-07-02)
video-missing    1626028478462372 c0  (expected file not found in facebook/videos/ewa-2026-07-02)
video-missing    1626028478462372 c0  (expected file not found in facebook/videos/ewa-2026-07-02)
video-missing    1626028478462372 c0  (expected file not found in facebook/videos/ewa-2026-07-02)
video-missing    1626028478462372 c0  (expected file not found in facebook/videos/ewa-2026-07-02)
video-missing    1626028478462372 c0  (expected file not found in facebook/videos/ewa-2026-07-02)
image-pending    1675951160285292 c0  (HANDOVER §8.5 — image handling not yet built)
image-pending    1675951160285292 c0  (HANDOVER §8.5 — image handling not yet built)
carried-forward  1256539896367534 c0  → https://pub-893b4a6a607b4221a894bf861da7914e.r2.dev/1256539896367534.mp4
video-missing    1256539896367534 c0  (expected file not found in facebook/videos/ewa-2026-07-02)
video-missing    1256539896367534 c0  (expected file not found in facebook/videos/ewa-2026-07-02)
video-missing    1256539896367534 c0  (expected file not found in facebook/videos/ewa-2026-07-02)
video-missing    1256539896367534 c0  (expected file not found in facebook/videos/ewa-2026-07-02)
video-missing    1256539896367534 c0  (expected file not found in facebook/videos/ewa-2026-07-02)
video-missing    1256539896367534 c0  (expected file not found in facebook/videos/ewa-2026-07-02)
image-pending    1020669756992942 c0  (HANDOVER §8.5 — image handling not yet built)
image-pending    1543459387288990 c0  (HANDOVER §8.5 — image handling not yet built)
image-pending    1414733007106713 c0  (HANDOVER §8.5 — image handling not yet built)
image-pending    1414733007106713 c0  (HANDOVER §8.5 — image handling not yet built)
image-pending    1414733007106713 c0  (HANDOVER §8.5 — image handling not yet built)
image-pending    1414733007106713 c0  (HANDOVER §8.5 — image handling not yet built)
image-pending    1414733007106713 c0  (HANDOVER §8.5 — image handling not yet built)
image-pending    1414733007106713 c0  (HANDOVER §8.5 — image handling not yet built)
image-pending    2456000521491949 c0  (HANDOVER §8.5 — image handling not yet built)
carried-forward  2325713281169685 c0  → https://pub-893b4a6a607b4221a894bf861da7914e.r2.dev/2325713281169685.mp4
image-pending    2391208117956100 c0  (HANDOVER §8.5 — image handling not yet built)
image-pending    2391208117956100 c0  (HANDOVER §8.5 — image handling not yet built)
image-pending    2083767865511029 c0  (HANDOVER §8.5 — image handling not yet built)
image-pending    2083767865511029 c0  (HANDOVER §8.5 — image handling not yet built)
image-pending    2083767865511029 c0  (HANDOVER §8.5 — image handling not yet built)
carried-forward  1001456935603879 c0  → https://pub-893b4a6a607b4221a894bf861da7914e.r2.dev/1001456935603879.mp4
video-missing    1001456935603879 c0  (expected file not found in facebook/videos/ewa-2026-07-02)
video-missing    1001456935603879 c0  (expected file not found in facebook/videos/ewa-2026-07-02)
video-missing    1001456935603879 c0  (expected file not found in facebook/videos/ewa-2026-07-02)
carried-forward  2621758358239820 c0  → https://pub-893b4a6a607b4221a894bf861da7914e.r2.dev/2621758358239820.mp4
video-missing    2621758358239820 c0  (expected file not found in facebook/videos/ewa-2026-07-02)
carried-forward  2762308440803252 c0  → https://pub-893b4a6a607b4221a894bf861da7914e.r2.dev/2762308440803252.mp4
video-missing    2762308440803252 c0  (expected file not found in facebook/videos/ewa-2026-07-02)
video-missing    2762308440803252 c0  (expected file not found in facebook/videos/ewa-2026-07-02)
video-missing    2762308440803252 c0  (expected file not found in facebook/videos/ewa-2026-07-02)
video-missing    2762308440803252 c0  (expected file not found in facebook/videos/ewa-2026-07-02)
image-pending    2000081543932497 c0  (HANDOVER §8.5 — image handling not yet built)
image-pending    1564365435206249 c0  (HANDOVER §8.5 — image handling not yet built)
image-pending    1530719808836917 c0  (HANDOVER §8.5 — image handling not yet built)
carried-forward  997740283124499 c0  → https://pub-893b4a6a607b4221a894bf861da7914e.r2.dev/997740283124499.mp4
video-missing    997740283124499 c0  (expected file not found in facebook/videos/ewa-2026-07-02)
carried-forward  1269988048337774 c0  → https://pub-893b4a6a607b4221a894bf861da7914e.r2.dev/1269988048337774.mp4
image-pending    27228750700110153 c0  (HANDOVER §8.5 — image handling not yet built)
image-pending    27228750700110153 c0  (HANDOVER §8.5 — image handling not yet built)
image-pending    27228750700110153 c0  (HANDOVER §8.5 — image handling not yet built)
image-pending    27228750700110153 c0  (HANDOVER §8.5 — image handling not yet built)
carried-forward  1027444263007926 c0  → https://pub-893b4a6a607b4221a894bf861da7914e.r2.dev/1027444263007926.mp4
video-missing    1027444263007926 c0  (expected file not found in facebook/videos/ewa-2026-07-02)
video-missing    1027444263007926 c0  (expected file not found in facebook/videos/ewa-2026-07-02)
image-pending    989990410467712 c0  (HANDOVER §8.5 — image handling not yet built)
image-pending    1776164426880748 c0  (HANDOVER §8.5 — image handling not yet built)
image-pending    1714499449881260 c0  (HANDOVER §8.5 — image handling not yet built)
image-pending    1714499449881260 c0  (HANDOVER §8.5 — image handling not yet built)
carried-forward  2187166858733574 c0  → https://pub-893b4a6a607b4221a894bf861da7914e.r2.dev/2187166858733574.mp4
video-missing    2187166858733574 c0  (expected file not found in facebook/videos/ewa-2026-07-02)
video-missing    2187166858733574 c0  (expected file not found in facebook/videos/ewa-2026-07-02)
image-pending    2233335240818286 c0  (HANDOVER §8.5 — image handling not yet built)
image-pending    1378087623727133 c0  (HANDOVER §8.5 — image handling not yet built)
image-pending    1378087623727133 c0  (HANDOVER §8.5 — image handling not yet built)
image-pending    757790650728889 c0  (HANDOVER §8.5 — image handling not yet built)
image-pending    757790650728889 c0  (HANDOVER §8.5 — image handling not yet built)
image-pending    757790650728889 c0  (HANDOVER §8.5 — image handling not yet built)
image-pending    757790650728889 c0  (HANDOVER §8.5 — image handling not yet built)
image-pending    757790650728889 c0  (HANDOVER §8.5 — image handling not yet built)
image-pending    928520793575694 c0  (HANDOVER §8.5 — image handling not yet built)
image-pending    4481708142048757 c0  (HANDOVER §8.5 — image handling not yet built)
image-pending    1528714162280203 c0  (HANDOVER §8.5 — image handling not yet built)
image-pending    1528714162280203 c0  (HANDOVER §8.5 — image handling not yet built)
image-pending    995110610083800 c0  (HANDOVER §8.5 — image handling not yet built)
image-pending    995110610083800 c0  (HANDOVER §8.5 — image handling not yet built)
image-pending    995110610083800 c0  (HANDOVER §8.5 — image handling not yet built)
image-pending    995110610083800 c0  (HANDOVER §8.5 — image handling not yet built)
image-pending    995110610083800 c0  (HANDOVER §8.5 — image handling not yet built)
image-pending    995110610083800 c0  (HANDOVER §8.5 — image handling not yet built)
image-pending    995110610083800 c0  (HANDOVER §8.5 — image handling not yet built)
image-pending    995110610083800 c0  (HANDOVER §8.5 — image handling not yet built)
image-pending    1677769523466249 c0  (HANDOVER §8.5 — image handling not yet built)
carried-forward  1702965621015659 c0  → https://pub-893b4a6a607b4221a894bf861da7914e.r2.dev/1702965621015659.mp4
video-missing    1702965621015659 c0  (expected file not found in facebook/videos/ewa-2026-07-02)
carried-forward  1030961735940998 c0  → https://pub-893b4a6a607b4221a894bf861da7914e.r2.dev/1030961735940998.mp4
video-missing    1030961735940998 c0  (expected file not found in facebook/videos/ewa-2026-07-02)
image-pending    983801660917348 c0  (HANDOVER §8.5 — image handling not yet built)
carried-forward  1733591597649964 c0  → https://pub-893b4a6a607b4221a894bf861da7914e.r2.dev/1733591597649964.mp4
video-missing    1733591597649964 c0  (expected file not found in facebook/videos/ewa-2026-07-02)
image-pending    1896002937707587 c0  (HANDOVER §8.5 — image handling not yet built)
image-pending    1896002937707587 c0  (HANDOVER §8.5 — image handling not yet built)
image-pending    1896002937707587 c0  (HANDOVER §8.5 — image handling not yet built)
image-pending    1896002937707587 c0  (HANDOVER §8.5 — image handling not yet built)
image-pending    1896002937707587 c0  (HANDOVER §8.5 — image handling not yet built)
image-pending    1896002937707587 c0  (HANDOVER §8.5 — image handling not yet built)
image-pending    1896002937707587 c0  (HANDOVER §8.5 — image handling not yet built)
image-pending    1597710115400890 c0  (HANDOVER §8.5 — image handling not yet built)
image-pending    1934856680417926 c0  (HANDOVER §8.5 — image handling not yet built)
image-pending    1752697056081735 c0  (HANDOVER §8.5 — image handling not yet built)
carried-forward  968952132847333 c0  → https://pub-893b4a6a607b4221a894bf861da7914e.r2.dev/968952132847333.mp4
carried-forward  1366030655381977 c0  → https://pub-893b4a6a607b4221a894bf861da7914e.r2.dev/1366030655381977.mp4
carried-forward  969251112614181 c0  → https://pub-893b4a6a607b4221a894bf861da7914e.r2.dev/969251112614181.mp4
image-pending    4991689354391176 c0  (HANDOVER §8.5 — image handling not yet built)
carried-forward  1980030662626810 c0  → https://pub-893b4a6a607b4221a894bf861da7914e.r2.dev/1980030662626810.mp4
video-missing    1980030662626810 c0  (expected file not found in facebook/videos/ewa-2026-07-02)
video-missing    1980030662626810 c0  (expected file not found in facebook/videos/ewa-2026-07-02)
video-missing    1980030662626810 c0  (expected file not found in facebook/videos/ewa-2026-07-02)
carried-forward  1487811923089243 c0  → https://pub-893b4a6a607b4221a894bf861da7914e.r2.dev/1487811923089243.mp4
image-pending    1671311527496066 c0  (HANDOVER §8.5 — image handling not yet built)
carried-forward  1019584974093273 c0  → https://pub-893b4a6a607b4221a894bf861da7914e.r2.dev/1019584974093273.mp4
image-pending    2507531419701992 c0  (HANDOVER §8.5 — image handling not yet built)
image-pending    2507531419701992 c0  (HANDOVER §8.5 — image handling not yet built)
image-pending    1055593490328280 c0  (HANDOVER §8.5 — image handling not yet built)
image-pending    1055593490328280 c0  (HANDOVER §8.5 — image handling not yet built)
image-pending    1055593490328280 c0  (HANDOVER §8.5 — image handling not yet built)
image-pending    1055593490328280 c0  (HANDOVER §8.5 — image handling not yet built)
image-pending    1055593490328280 c0  (HANDOVER §8.5 — image handling not yet built)
image-pending    1055593490328280 c0  (HANDOVER §8.5 — image handling not yet built)
image-pending    2811500725890888 c0  (HANDOVER §8.5 — image handling not yet built)
image-pending    2811500725890888 c0  (HANDOVER §8.5 — image handling not yet built)
image-pending    2811500725890888 c0  (HANDOVER §8.5 — image handling not yet built)
image-pending    2811500725890888 c0  (HANDOVER §8.5 — image handling not yet built)
image-pending    2811500725890888 c0  (HANDOVER §8.5 — image handling not yet built)
carried-forward  2536466740139332 c0  → https://pub-893b4a6a607b4221a894bf861da7914e.r2.dev/2536466740139332.mp4
video-missing    2536466740139332 c0  (expected file not found in facebook/videos/ewa-2026-07-02)
image-pending    1686972962613501 c0  (HANDOVER §8.5 — image handling not yet built)
image-pending    1686972962613501 c0  (HANDOVER §8.5 — image handling not yet built)
image-pending    1686972962613501 c0  (HANDOVER §8.5 — image handling not yet built)
carried-forward  2836808550004625 c0  → https://pub-893b4a6a607b4221a894bf861da7914e.r2.dev/2836808550004625.jpg
carried-forward  1004795558978430 c0  → https://pub-893b4a6a607b4221a894bf861da7914e.r2.dev/1004795558978430.mp4
uploaded         1539002434360691 c0  (video) ← 1539002434360691.mp4  → https://pub-893b4a6a607b4221a894bf861da7914e.r2.dev/1539002434360691.mp4
video-missing    1539002434360691 c0  (expected file not found in facebook/videos/ewa-2026-07-02)
video-missing    1539002434360691 c0  (expected file not found in facebook/videos/ewa-2026-07-02)
carried-forward  1298990608888154 c0  → https://pub-893b4a6a607b4221a894bf861da7914e.r2.dev/1298990608888154.mp4
carried-forward  1046143537848415 c0  → https://pub-893b4a6a607b4221a894bf861da7914e.r2.dev/1046143537848415.mp4
image-pending    2152252445706628 c0  (HANDOVER §8.5 — image handling not yet built)
image-pending    2152252445706628 c0  (HANDOVER §8.5 — image handling not yet built)
image-pending    2152252445706628 c0  (HANDOVER §8.5 — image handling not yet built)
image-pending    2152252445706628 c0  (HANDOVER §8.5 — image handling not yet built)
image-pending    1047153627971582 c0  (HANDOVER §8.5 — image handling not yet built)
image-pending    1047153627971582 c0  (HANDOVER §8.5 — image handling not yet built)
image-pending    1047153627971582 c0  (HANDOVER §8.5 — image handling not yet built)
image-pending    1047153627971582 c0  (HANDOVER §8.5 — image handling not yet built)
image-pending    1047153627971582 c0  (HANDOVER §8.5 — image handling not yet built)
carried-forward  3082141868647959 c0  → https://pub-893b4a6a607b4221a894bf861da7914e.r2.dev/3082141868647959.mp4
image-pending    1558705185591828 c0  (HANDOVER §8.5 — image handling not yet built)
image-pending    1558705185591828 c0  (HANDOVER §8.5 — image handling not yet built)
carried-forward  1031284089436629 c0  → https://pub-893b4a6a607b4221a894bf861da7914e.r2.dev/1031284089436629.mp4
video-missing    1031284089436629 c0  (expected file not found in facebook/videos/ewa-2026-07-02)
image-pending    2475469006286363 c0  (HANDOVER §8.5 — image handling not yet built)
image-pending    2475469006286363 c0  (HANDOVER §8.5 — image handling not yet built)
carried-forward  2041386540073817 c0  → https://pub-893b4a6a607b4221a894bf861da7914e.r2.dev/2041386540073817.mp4
carried-forward  1004741782016742 c0  → https://pub-893b4a6a607b4221a894bf861da7914e.r2.dev/1004741782016742.mp4
carried-forward  984005891185723 c0  → https://pub-893b4a6a607b4221a894bf861da7914e.r2.dev/984005891185723.mp4
carried-forward  3474985665983230 c0  → https://pub-893b4a6a607b4221a894bf861da7914e.r2.dev/3474985665983230.mp4
video-missing    3474985665983230 c0  (expected file not found in facebook/videos/ewa-2026-07-02)
carried-forward  2690469964681517 c0  → https://pub-893b4a6a607b4221a894bf861da7914e.r2.dev/2690469964681517.mp4
carried-forward  940843992332232 c0  → https://pub-893b4a6a607b4221a894bf861da7914e.r2.dev/940843992332232.mp4
image-pending    1017137964033818 c0  (HANDOVER §8.5 — image handling not yet built)
carried-forward  1022808716936319 c0  → https://pub-893b4a6a607b4221a894bf861da7914e.r2.dev/1022808716936319.mp4
video-missing    1022808716936319 c0  (expected file not found in facebook/videos/ewa-2026-07-02)
video-missing    1022808716936319 c0  (expected file not found in facebook/videos/ewa-2026-07-02)
carried-forward  1919232015443434 c0  → https://pub-893b4a6a607b4221a894bf861da7914e.r2.dev/1919232015443434.mp4
video-missing    1919232015443434 c0  (expected file not found in facebook/videos/ewa-2026-07-02)
image-pending    1027002536737728 c0  (HANDOVER §8.5 — image handling not yet built)
image-pending    1053659170524096 c0  (HANDOVER §8.5 — image handling not yet built)
image-pending    1053659170524096 c0  (HANDOVER §8.5 — image handling not yet built)
image-pending    1053659170524096 c0  (HANDOVER §8.5 — image handling not yet built)
image-pending    1053659170524096 c0  (HANDOVER §8.5 — image handling not yet built)
image-pending    1053659170524096 c0  (HANDOVER §8.5 — image handling not yet built)
image-pending    1053659170524096 c0  (HANDOVER §8.5 — image handling not yet built)
image-pending    1053659170524096 c0  (HANDOVER §8.5 — image handling not yet built)
image-pending    1053659170524096 c0  (HANDOVER §8.5 — image handling not yet built)
image-pending    1053659170524096 c0  (HANDOVER §8.5 — image handling not yet built)
image-pending    1053659170524096 c0  (HANDOVER §8.5 — image handling not yet built)
image-pending    1053659170524096 c0  (HANDOVER §8.5 — image handling not yet built)
image-pending    2729642587410906 c0  (HANDOVER §8.5 — image handling not yet built)
image-pending    2729642587410906 c0  (HANDOVER §8.5 — image handling not yet built)
image-pending    2729642587410906 c0  (HANDOVER §8.5 — image handling not yet built)
image-pending    2729642587410906 c0  (HANDOVER §8.5 — image handling not yet built)
image-pending    2729642587410906 c0  (HANDOVER §8.5 — image handling not yet built)
image-pending    2729642587410906 c0  (HANDOVER §8.5 — image handling not yet built)
image-pending    4486437784970402 c0  (HANDOVER §8.5 — image handling not yet built)
image-pending    1002263566132750 c0  (HANDOVER §8.5 — image handling not yet built)
carried-forward  1147669700867740 c0  → https://pub-893b4a6a607b4221a894bf861da7914e.r2.dev/1147669700867740.jpg
image-pending    1147669700867740 c0  (HANDOVER §8.5 — image handling not yet built)
image-pending    1147669700867740 c0  (HANDOVER §8.5 — image handling not yet built)
image-pending    1147669700867740 c0  (HANDOVER §8.5 — image handling not yet built)
image-pending    1926963888000255 c0  (HANDOVER §8.5 — image handling not yet built)
image-pending    1926963888000255 c0  (HANDOVER §8.5 — image handling not yet built)
image-pending    1926963888000255 c0  (HANDOVER §8.5 — image handling not yet built)
image-pending    1926963888000255 c0  (HANDOVER §8.5 — image handling not yet built)
image-pending    1926963888000255 c0  (HANDOVER §8.5 — image handling not yet built)
image-pending    1025109216562523 c0  (HANDOVER §8.5 — image handling not yet built)
image-pending    1025109216562523 c0  (HANDOVER §8.5 — image handling not yet built)
image-pending    3537150746432305 c0  (HANDOVER §8.5 — image handling not yet built)
image-pending    1704769400768716 c0  (HANDOVER §8.5 — image handling not yet built)
image-pending    1704769400768716 c0  (HANDOVER §8.5 — image handling not yet built)
image-pending    1704769400768716 c0  (HANDOVER §8.5 — image handling not yet built)
image-pending    1704769400768716 c0  (HANDOVER §8.5 — image handling not yet built)
image-pending    1704769400768716 c0  (HANDOVER §8.5 — image handling not yet built)
image-pending    1704769400768716 c0  (HANDOVER §8.5 — image handling not yet built)
image-pending    1704769400768716 c0  (HANDOVER §8.5 — image handling not yet built)
image-pending    1704769400768716 c0  (HANDOVER §8.5 — image handling not yet built)
image-pending    1704769400768716 c0  (HANDOVER §8.5 — image handling not yet built)
uploaded         806774849066426 c0  (video) ← 806774849066426.mp4  → https://pub-893b4a6a607b4221a894bf861da7914e.r2.dev/806774849066426.mp4
video-missing    806774849066426 c0  (expected file not found in facebook/videos/ewa-2026-07-02)
video-missing    806774849066426 c0  (expected file not found in facebook/videos/ewa-2026-07-02)
video-missing    806774849066426 c0  (expected file not found in facebook/videos/ewa-2026-07-02)
image-pending    2174193690104326 c0  (HANDOVER §8.5 — image handling not yet built)
image-pending    988421774035585 c0  (HANDOVER §8.5 — image handling not yet built)
image-pending    988421774035585 c0  (HANDOVER §8.5 — image handling not yet built)
image-pending    1029134476463548 c0  (HANDOVER §8.5 — image handling not yet built)
image-pending    2159322051296104 c0  (HANDOVER §8.5 — image handling not yet built)
image-pending    2159322051296104 c0  (HANDOVER §8.5 — image handling not yet built)
image-pending    1556362716006905 c0  (HANDOVER §8.5 — image handling not yet built)
image-pending    1556362716006905 c0  (HANDOVER §8.5 — image handling not yet built)
image-pending    1556362716006905 c0  (HANDOVER §8.5 — image handling not yet built)
image-pending    1752475999260298 c0  (HANDOVER §8.5 — image handling not yet built)
carried-forward  929509573476337 c0  → https://pub-893b4a6a607b4221a894bf861da7914e.r2.dev/929509573476337.mp4
image-pending    1249649917127829 c0  (HANDOVER §8.5 — image handling not yet built)
image-pending    1249649917127829 c0  (HANDOVER §8.5 — image handling not yet built)
image-pending    1249649917127829 c0  (HANDOVER §8.5 — image handling not yet built)
image-pending    1249649917127829 c0  (HANDOVER §8.5 — image handling not yet built)
image-pending    1770797747276751 c0  (HANDOVER §8.5 — image handling not yet built)
carried-forward  1531576331621779 c0  → https://pub-893b4a6a607b4221a894bf861da7914e.r2.dev/1531576331621779.mp4
video-missing    1531576331621779 c0  (expected file not found in facebook/videos/ewa-2026-07-02)
carried-forward  834411392825192 c0  → https://pub-893b4a6a607b4221a894bf861da7914e.r2.dev/834411392825192.mp4
image-pending    2052520945699288 c0  (HANDOVER §8.5 — image handling not yet built)
image-pending    2052520945699288 c0  (HANDOVER §8.5 — image handling not yet built)
image-pending    2052520945699288 c0  (HANDOVER §8.5 — image handling not yet built)
image-pending    2052520945699288 c0  (HANDOVER §8.5 — image handling not yet built)
image-pending    2052520945699288 c0  (HANDOVER §8.5 — image handling not yet built)
image-pending    2052520945699288 c0  (HANDOVER §8.5 — image handling not yet built)
image-pending    2052520945699288 c0  (HANDOVER §8.5 — image handling not yet built)
image-pending    2052520945699288 c0  (HANDOVER §8.5 — image handling not yet built)
image-pending    2052520945699288 c0  (HANDOVER §8.5 — image handling not yet built)
image-pending    1390333552936444 c0  (HANDOVER §8.5 — image handling not yet built)
image-pending    1390333552936444 c0  (HANDOVER §8.5 — image handling not yet built)
image-pending    991430423712664 c0  (HANDOVER §8.5 — image handling not yet built)
image-pending    991430423712664 c0  (HANDOVER §8.5 — image handling not yet built)
image-pending    991430423712664 c0  (HANDOVER §8.5 — image handling not yet built)
image-pending    991430423712664 c0  (HANDOVER §8.5 — image handling not yet built)
image-pending    991430423712664 c0  (HANDOVER §8.5 — image handling not yet built)
image-pending    991430423712664 c0  (HANDOVER §8.5 — image handling not yet built)
image-pending    991430423712664 c0  (HANDOVER §8.5 — image handling not yet built)
image-pending    991430423712664 c0  (HANDOVER §8.5 — image handling not yet built)
carried-forward  1757183758981076 c0  → https://pub-893b4a6a607b4221a894bf861da7914e.r2.dev/1757183758981076.mp4
video-missing    1757183758981076 c0  (expected file not found in facebook/videos/ewa-2026-07-02)
image-pending    1494818812133962 c0  (HANDOVER §8.5 — image handling not yet built)
image-pending    1494818812133962 c0  (HANDOVER §8.5 — image handling not yet built)
image-pending    1494818812133962 c0  (HANDOVER §8.5 — image handling not yet built)
carried-forward  2018115468836845 c0  → https://pub-893b4a6a607b4221a894bf861da7914e.r2.dev/2018115468836845.mp4
carried-forward  2854726308215813 c0  → https://pub-893b4a6a607b4221a894bf861da7914e.r2.dev/2854726308215813.mp4
video-missing    2854726308215813 c0  (expected file not found in facebook/videos/ewa-2026-07-02)
video-missing    2854726308215813 c0  (expected file not found in facebook/videos/ewa-2026-07-02)
video-missing    2854726308215813 c0  (expected file not found in facebook/videos/ewa-2026-07-02)
video-missing    2854726308215813 c0  (expected file not found in facebook/videos/ewa-2026-07-02)
video-missing    2854726308215813 c0  (expected file not found in facebook/videos/ewa-2026-07-02)
video-missing    2854726308215813 c0  (expected file not found in facebook/videos/ewa-2026-07-02)
video-missing    2854726308215813 c0  (expected file not found in facebook/videos/ewa-2026-07-02)
video-missing    2854726308215813 c0  (expected file not found in facebook/videos/ewa-2026-07-02)
carried-forward  1034645152476756 c0  → https://pub-893b4a6a607b4221a894bf861da7914e.r2.dev/1034645152476756.mp4
video-missing    1034645152476756 c0  (expected file not found in facebook/videos/ewa-2026-07-02)
video-missing    1034645152476756 c0  (expected file not found in facebook/videos/ewa-2026-07-02)
video-missing    1034645152476756 c0  (expected file not found in facebook/videos/ewa-2026-07-02)
video-missing    1034645152476756 c0  (expected file not found in facebook/videos/ewa-2026-07-02)
video-missing    1034645152476756 c0  (expected file not found in facebook/videos/ewa-2026-07-02)
video-missing    1034645152476756 c0  (expected file not found in facebook/videos/ewa-2026-07-02)
image-pending    2000047977542914 c0  (HANDOVER §8.5 — image handling not yet built)
image-pending    2000047977542914 c0  (HANDOVER §8.5 — image handling not yet built)
image-pending    1554751706280571 c0  (HANDOVER §8.5 — image handling not yet built)
carried-forward  1724732888651962 c0  → https://pub-893b4a6a607b4221a894bf861da7914e.r2.dev/1724732888651962.mp4
carried-forward  975097332110635 c0  → https://pub-893b4a6a607b4221a894bf861da7914e.r2.dev/975097332110635.jpg
carried-forward  2174746829978204 c0  → https://pub-893b4a6a607b4221a894bf861da7914e.r2.dev/2174746829978204.mp4
image-pending    1584500489699689 c0  (HANDOVER §8.5 — image handling not yet built)
image-pending    1375107474508927 c0  (HANDOVER §8.5 — image handling not yet built)
image-pending    1351348530282921 c0  (HANDOVER §8.5 — image handling not yet built)
image-pending    1351348530282921 c0  (HANDOVER §8.5 — image handling not yet built)
image-pending    1351348530282921 c0  (HANDOVER §8.5 — image handling not yet built)
image-pending    1730731158065934 c0  (HANDOVER §8.5 — image handling not yet built)
carried-forward  2846261645729314 c0  → https://pub-893b4a6a607b4221a894bf861da7914e.r2.dev/2846261645729314.mp4
carried-forward  991062327167177 c0  → https://pub-893b4a6a607b4221a894bf861da7914e.r2.dev/991062327167177.mp4
video-missing    991062327167177 c0  (expected file not found in facebook/videos/ewa-2026-07-02)
video-missing    991062327167177 c0  (expected file not found in facebook/videos/ewa-2026-07-02)
video-missing    991062327167177 c0  (expected file not found in facebook/videos/ewa-2026-07-02)
video-missing    991062327167177 c0  (expected file not found in facebook/videos/ewa-2026-07-02)
video-missing    991062327167177 c0  (expected file not found in facebook/videos/ewa-2026-07-02)
video-missing    991062327167177 c0  (expected file not found in facebook/videos/ewa-2026-07-02)
carried-forward  880786191134873 c0  → https://pub-893b4a6a607b4221a894bf861da7914e.r2.dev/880786191134873.mp4
carried-forward  977247051984843 c0  → https://pub-893b4a6a607b4221a894bf861da7914e.r2.dev/977247051984843.mp4
image-pending    28115489544782056 c0  (HANDOVER §8.5 — image handling not yet built)
image-pending    1003833288903847 c0  (HANDOVER §8.5 — image handling not yet built)
image-pending    1778497726815969 c0  (HANDOVER §8.5 — image handling not yet built)
image-pending    1778497726815969 c0  (HANDOVER §8.5 — image handling not yet built)
image-pending    1778497726815969 c0  (HANDOVER §8.5 — image handling not yet built)
image-pending    1778497726815969 c0  (HANDOVER §8.5 — image handling not yet built)
image-pending    1778497726815969 c0  (HANDOVER §8.5 — image handling not yet built)
image-pending    1778497726815969 c0  (HANDOVER §8.5 — image handling not yet built)
image-pending    1778497726815969 c0  (HANDOVER §8.5 — image handling not yet built)
image-pending    1778497726815969 c0  (HANDOVER §8.5 — image handling not yet built)
image-pending    1778497726815969 c0  (HANDOVER §8.5 — image handling not yet built)
image-pending    1778497726815969 c0  (HANDOVER §8.5 — image handling not yet built)
image-pending    1778497726815969 c0  (HANDOVER §8.5 — image handling not yet built)
image-pending    1778497726815969 c0  (HANDOVER §8.5 — image handling not yet built)
image-pending    1778497726815969 c0  (HANDOVER §8.5 — image handling not yet built)
image-pending    1778497726815969 c0  (HANDOVER §8.5 — image handling not yet built)
image-pending    1778497726815969 c0  (HANDOVER §8.5 — image handling not yet built)
image-pending    2237152400448692 c0  (HANDOVER §8.5 — image handling not yet built)
carried-forward  1013896094524840 c0  → https://pub-893b4a6a607b4221a894bf861da7914e.r2.dev/1013896094524840.mp4
video-missing    1013896094524840 c0  (expected file not found in facebook/videos/ewa-2026-07-02)
image-pending    879687031850364 c0  (HANDOVER §8.5 — image handling not yet built)
carried-forward  1037688535628666 c0  → https://pub-893b4a6a607b4221a894bf861da7914e.r2.dev/1037688535628666.mp4
image-pending    2138423976719118 c0  (HANDOVER §8.5 — image handling not yet built)
image-pending    2042351866364025 c0  (HANDOVER §8.5 — image handling not yet built)
carried-forward  4520900021528228 c0  → https://pub-893b4a6a607b4221a894bf861da7914e.r2.dev/4520900021528228.mp4
video-missing    4520900021528228 c0  (expected file not found in facebook/videos/ewa-2026-07-02)
video-missing    4520900021528228 c0  (expected file not found in facebook/videos/ewa-2026-07-02)
image-pending    1560160405457327 c0  (HANDOVER §8.5 — image handling not yet built)
image-pending    1560160405457327 c0  (HANDOVER §8.5 — image handling not yet built)
image-pending    982238574782245 c0  (HANDOVER §8.5 — image handling not yet built)
carried-forward  1733093734697397 c0  → https://pub-893b4a6a607b4221a894bf861da7914e.r2.dev/1733093734697397.mp4
video-missing    1733093734697397 c0  (expected file not found in facebook/videos/ewa-2026-07-02)
video-missing    1733093734697397 c0  (expected file not found in facebook/videos/ewa-2026-07-02)
carried-forward  1635873264190962 c0  → https://pub-893b4a6a607b4221a894bf861da7914e.r2.dev/1635873264190962.mp4
image-pending    1529049318885115 c0  (HANDOVER §8.5 — image handling not yet built)
carried-forward  957965230451965 c0  → https://pub-893b4a6a607b4221a894bf861da7914e.r2.dev/957965230451965.mp4
image-pending    833344169614266 c0  (HANDOVER §8.5 — image handling not yet built)
image-pending    833344169614266 c0  (HANDOVER §8.5 — image handling not yet built)
image-pending    861013757077813 c0  (HANDOVER §8.5 — image handling not yet built)
image-pending    861013757077813 c0  (HANDOVER §8.5 — image handling not yet built)
image-pending    861013757077813 c0  (HANDOVER §8.5 — image handling not yet built)
image-pending    861013757077813 c0  (HANDOVER §8.5 — image handling not yet built)
carried-forward  1838985353743607 c0  → https://pub-893b4a6a607b4221a894bf861da7914e.r2.dev/1838985353743607.mp4
video-missing    1838985353743607 c0  (expected file not found in facebook/videos/ewa-2026-07-02)
image-pending    995031933455519 c0  (HANDOVER §8.5 — image handling not yet built)
image-pending    995031933455519 c0  (HANDOVER §8.5 — image handling not yet built)
image-pending    995031933455519 c0  (HANDOVER §8.5 — image handling not yet built)
image-pending    995031933455519 c0  (HANDOVER §8.5 — image handling not yet built)
image-pending    995031933455519 c0  (HANDOVER §8.5 — image handling not yet built)
image-pending    995031933455519 c0  (HANDOVER §8.5 — image handling not yet built)
image-pending    995031933455519 c0  (HANDOVER §8.5 — image handling not yet built)
image-pending    1623114248768169 c0  (HANDOVER §8.5 — image handling not yet built)
image-pending    1623114248768169 c0  (HANDOVER §8.5 — image handling not yet built)
carried-forward  1539260024608275 c0  → https://pub-893b4a6a607b4221a894bf861da7914e.r2.dev/1539260024608275.mp4
carried-forward  762506523586494 c0  → https://pub-893b4a6a607b4221a894bf861da7914e.r2.dev/762506523586494.mp4
video-missing    762506523586494 c0  (expected file not found in facebook/videos/ewa-2026-07-02)
image-pending    1577508620373534 c0  (HANDOVER §8.5 — image handling not yet built)
carried-forward  1558761892576146 c0  → https://pub-893b4a6a607b4221a894bf861da7914e.r2.dev/1558761892576146.mp4
image-pending    993090750192053 c0  (HANDOVER §8.5 — image handling not yet built)
image-pending    993090750192053 c0  (HANDOVER §8.5 — image handling not yet built)
image-pending    1052119547237053 c0  (HANDOVER §8.5 — image handling not yet built)
image-pending    1520790402216747 c0  (HANDOVER §8.5 — image handling not yet built)
image-pending    1520790402216747 c0  (HANDOVER §8.5 — image handling not yet built)
image-pending    1520790402216747 c0  (HANDOVER §8.5 — image handling not yet built)
image-pending    1902925320401587 c0  (HANDOVER §8.5 — image handling not yet built)
image-pending    1902925320401587 c0  (HANDOVER §8.5 — image handling not yet built)
image-pending    1902925320401587 c0  (HANDOVER §8.5 — image handling not yet built)
image-pending    1902925320401587 c0  (HANDOVER §8.5 — image handling not yet built)
image-pending    1902925320401587 c0  (HANDOVER §8.5 — image handling not yet built)
image-pending    1902925320401587 c0  (HANDOVER §8.5 — image handling not yet built)
image-pending    1902925320401587 c0  (HANDOVER §8.5 — image handling not yet built)
image-pending    1902925320401587 c0  (HANDOVER §8.5 — image handling not yet built)
image-pending    1902925320401587 c0  (HANDOVER §8.5 — image handling not yet built)
carried-forward  1450398220184515 c0  → https://pub-893b4a6a607b4221a894bf861da7914e.r2.dev/1450398220184515.mp4
video-missing    1450398220184515 c0  (expected file not found in facebook/videos/ewa-2026-07-02)
video-missing    1450398220184515 c0  (expected file not found in facebook/videos/ewa-2026-07-02)
carried-forward  4458786297744150 c0  → https://pub-893b4a6a607b4221a894bf861da7914e.r2.dev/4458786297744150.mp4
image-pending    1732939111066560 c0  (HANDOVER §8.5 — image handling not yet built)
image-pending    1732939111066560 c0  (HANDOVER §8.5 — image handling not yet built)
image-pending    1732939111066560 c0  (HANDOVER §8.5 — image handling not yet built)
image-pending    1732939111066560 c0  (HANDOVER §8.5 — image handling not yet built)
image-pending    1010071368379800 c0  (HANDOVER §8.5 — image handling not yet built)
image-pending    1041797818516687 c0  (HANDOVER §8.5 — image handling not yet built)
image-pending    1829572485094808 c0  (HANDOVER §8.5 — image handling not yet built)
image-pending    1829572485094808 c0  (HANDOVER §8.5 — image handling not yet built)
image-pending    1829572485094808 c0  (HANDOVER §8.5 — image handling not yet built)
carried-forward  1356506826437405 c0  → https://pub-893b4a6a607b4221a894bf861da7914e.r2.dev/1356506826437405.mp4
image-pending    1721376658890514 c0  (HANDOVER §8.5 — image handling not yet built)
image-pending    1721376658890514 c0  (HANDOVER §8.5 — image handling not yet built)
image-pending    1721376658890514 c0  (HANDOVER §8.5 — image handling not yet built)
image-pending    1721376658890514 c0  (HANDOVER §8.5 — image handling not yet built)
carried-forward  1943378519708154 c0  → https://pub-893b4a6a607b4221a894bf861da7914e.r2.dev/1943378519708154.mp4
image-pending    1312244051110475 c0  (HANDOVER §8.5 — image handling not yet built)
image-pending    1312244051110475 c0  (HANDOVER §8.5 — image handling not yet built)
carried-forward  1043172514818191 c0  → https://pub-893b4a6a607b4221a894bf861da7914e.r2.dev/1043172514818191.mp4
carried-forward  2635866166855638 c0  → https://pub-893b4a6a607b4221a894bf861da7914e.r2.dev/2635866166855638.mp4
video-missing    2635866166855638 c0  (expected file not found in facebook/videos/ewa-2026-07-02)
carried-forward  1986560048654291 c0  → https://pub-893b4a6a607b4221a894bf861da7914e.r2.dev/1986560048654291.mp4
carried-forward  1497575575480187 c0  → https://pub-893b4a6a607b4221a894bf861da7914e.r2.dev/1497575575480187.mp4
carried-forward  2265366214234665 c0  → https://pub-893b4a6a607b4221a894bf861da7914e.r2.dev/2265366214234665.mp4
carried-forward  996686076503177 c0  → https://pub-893b4a6a607b4221a894bf861da7914e.r2.dev/996686076503177.mp4
image-pending    2112648899292628 c0  (HANDOVER §8.5 — image handling not yet built)
image-pending    2112648899292628 c0  (HANDOVER §8.5 — image handling not yet built)
image-pending    2112648899292628 c0  (HANDOVER §8.5 — image handling not yet built)
image-pending    2112648899292628 c0  (HANDOVER §8.5 — image handling not yet built)
image-pending    2112648899292628 c0  (HANDOVER §8.5 — image handling not yet built)
image-pending    2112648899292628 c0  (HANDOVER §8.5 — image handling not yet built)
image-pending    1982261895773786 c0  (HANDOVER §8.5 — image handling not yet built)
image-pending    4573455939565878 c0  (HANDOVER §8.5 — image handling not yet built)
image-pending    4573455939565878 c0  (HANDOVER §8.5 — image handling not yet built)
image-pending    993656546642757 c0  (HANDOVER §8.5 — image handling not yet built)
image-pending    1527869699134222 c0  (HANDOVER §8.5 — image handling not yet built)
image-pending    1527869699134222 c0  (HANDOVER §8.5 — image handling not yet built)
image-pending    1936978336961803 c0  (HANDOVER §8.5 — image handling not yet built)
image-pending    1936978336961803 c0  (HANDOVER §8.5 — image handling not yet built)
image-pending    1045973907862856 c0  (HANDOVER §8.5 — image handling not yet built)
image-pending    1045973907862856 c0  (HANDOVER §8.5 — image handling not yet built)
image-pending    1526688445565000 c0  (HANDOVER §8.5 — image handling not yet built)
image-pending    1526688445565000 c0  (HANDOVER §8.5 — image handling not yet built)
carried-forward  2372544859892853 c0  → https://pub-893b4a6a607b4221a894bf861da7914e.r2.dev/2372544859892853.mp4
image-pending    1338614914495771 c0  (HANDOVER §8.5 — image handling not yet built)
carried-forward  1984727178826350 c0  → https://pub-893b4a6a607b4221a894bf861da7914e.r2.dev/1984727178826350.mp4
image-pending    907188799066616 c0  (HANDOVER §8.5 — image handling not yet built)
image-pending    907188799066616 c0  (HANDOVER §8.5 — image handling not yet built)
image-pending    1007797411615748 c0  (HANDOVER §8.5 — image handling not yet built)
carried-forward  880527851182327 c0  → https://pub-893b4a6a607b4221a894bf861da7914e.r2.dev/880527851182327.mp4
video-missing    880527851182327 c0  (expected file not found in facebook/videos/ewa-2026-07-02)
image-pending    979797738360920 c0  (HANDOVER §8.5 — image handling not yet built)
carried-forward  1772736160767741 c0  → https://pub-893b4a6a607b4221a894bf861da7914e.r2.dev/1772736160767741.mp4
video-missing    1772736160767741 c0  (expected file not found in facebook/videos/ewa-2026-07-02)
video-missing    1772736160767741 c0  (expected file not found in facebook/videos/ewa-2026-07-02)
video-missing    1772736160767741 c0  (expected file not found in facebook/videos/ewa-2026-07-02)
video-missing    1772736160767741 c0  (expected file not found in facebook/videos/ewa-2026-07-02)
carried-forward  877564054815994 c0  → https://pub-893b4a6a607b4221a894bf861da7914e.r2.dev/877564054815994.mp4
video-missing    877564054815994 c0  (expected file not found in facebook/videos/ewa-2026-07-02)
video-missing    877564054815994 c0  (expected file not found in facebook/videos/ewa-2026-07-02)
video-missing    877564054815994 c0  (expected file not found in facebook/videos/ewa-2026-07-02)
video-missing    877564054815994 c0  (expected file not found in facebook/videos/ewa-2026-07-02)
image-pending    2256925324840478 c0  (HANDOVER §8.5 — image handling not yet built)
image-pending    2256925324840478 c0  (HANDOVER §8.5 — image handling not yet built)
image-pending    2256925324840478 c0  (HANDOVER §8.5 — image handling not yet built)
image-pending    2256925324840478 c0  (HANDOVER §8.5 — image handling not yet built)
image-pending    1786430588996471 c0  (HANDOVER §8.5 — image handling not yet built)
carried-forward  2207012109842101 c0  → https://pub-893b4a6a607b4221a894bf861da7914e.r2.dev/2207012109842101.mp4
image-pending    2280530929426177 c0  (HANDOVER §8.5 — image handling not yet built)
image-pending    2280530929426177 c0  (HANDOVER §8.5 — image handling not yet built)
image-pending    1016260377561596 c0  (HANDOVER §8.5 — image handling not yet built)
image-pending    1016260377561596 c0  (HANDOVER §8.5 — image handling not yet built)
image-pending    1984017578879939 c0  (HANDOVER §8.5 — image handling not yet built)
carried-forward  1944710606184927 c0  → https://pub-893b4a6a607b4221a894bf861da7914e.r2.dev/1944710606184927.mp4
image-pending    2985294015178758 c0  (HANDOVER §8.5 — image handling not yet built)
image-pending    2985294015178758 c0  (HANDOVER §8.5 — image handling not yet built)
carried-forward  987989503854571 c0  → https://pub-893b4a6a607b4221a894bf861da7914e.r2.dev/987989503854571.mp4
image-pending    1412668357289180 c0  (HANDOVER §8.5 — image handling not yet built)
carried-forward  4757282171174714 c0  → https://pub-893b4a6a607b4221a894bf861da7914e.r2.dev/4757282171174714.mp4
video-missing    4757282171174714 c0  (expected file not found in facebook/videos/ewa-2026-07-02)
carried-forward  2265138124227007 c0  → https://pub-893b4a6a607b4221a894bf861da7914e.r2.dev/2265138124227007.mp4
carried-forward  1337388314435839 c0  → https://pub-893b4a6a607b4221a894bf861da7914e.r2.dev/1337388314435839.mp4
video-missing    1337388314435839 c0  (expected file not found in facebook/videos/ewa-2026-07-02)
carried-forward  992482303709928 c0  → https://pub-893b4a6a607b4221a894bf861da7914e.r2.dev/992482303709928.mp4
image-pending    1575961557495383 c0  (HANDOVER §8.5 — image handling not yet built)
image-pending    1575961557495383 c0  (HANDOVER §8.5 — image handling not yet built)
image-pending    1575961557495383 c0  (HANDOVER §8.5 — image handling not yet built)
image-pending    1575961557495383 c0  (HANDOVER §8.5 — image handling not yet built)
image-pending    1020689114011756 c0  (HANDOVER §8.5 — image handling not yet built)
carried-forward  1012759394647525 c0  → https://pub-893b4a6a607b4221a894bf861da7914e.r2.dev/1012759394647525.mp4
carried-forward  1015217818139600 c0  → https://pub-893b4a6a607b4221a894bf861da7914e.r2.dev/1015217818139600.mp4
carried-forward  1043717544849984 c0  → https://pub-893b4a6a607b4221a894bf861da7914e.r2.dev/1043717544849984.mp4
image-pending    1509609337016732 c0  (HANDOVER §8.5 — image handling not yet built)
image-pending    1501387994367724 c0  (HANDOVER §8.5 — image handling not yet built)
image-pending    2278223622981497 c0  (HANDOVER §8.5 — image handling not yet built)
carried-forward  1641211290291097 c0  → https://pub-893b4a6a607b4221a894bf861da7914e.r2.dev/1641211290291097.mp4
carried-forward  4386299718181697 c0  → https://pub-893b4a6a607b4221a894bf861da7914e.r2.dev/4386299718181697.mp4
video-missing    4386299718181697 c0  (expected file not found in facebook/videos/ewa-2026-07-02)
video-missing    4386299718181697 c0  (expected file not found in facebook/videos/ewa-2026-07-02)
uploaded         2816870995317771 c0  (video) ← 2816870995317771.mp4  → https://pub-893b4a6a607b4221a894bf861da7914e.r2.dev/2816870995317771.mp4
video-missing    2816870995317771 c0  (expected file not found in facebook/videos/ewa-2026-07-02)
video-missing    2816870995317771 c0  (expected file not found in facebook/videos/ewa-2026-07-02)
video-missing    2816870995317771 c0  (expected file not found in facebook/videos/ewa-2026-07-02)
video-missing    2816870995317771 c0  (expected file not found in facebook/videos/ewa-2026-07-02)
image-pending    1862360244673368 c0  (HANDOVER §8.5 — image handling not yet built)
carried-forward  1578542210276736 c0  → https://pub-893b4a6a607b4221a894bf861da7914e.r2.dev/1578542210276736.mp4
image-pending    1067079289317529 c0  (HANDOVER §8.5 — image handling not yet built)
image-pending    1067079289317529 c0  (HANDOVER §8.5 — image handling not yet built)
carried-forward  4537770803163429 c0  → https://pub-893b4a6a607b4221a894bf861da7914e.r2.dev/4537770803163429.mp4
image-pending    1990664411569746 c0  (HANDOVER §8.5 — image handling not yet built)
image-pending    1990664411569746 c0  (HANDOVER §8.5 — image handling not yet built)
image-pending    1990664411569746 c0  (HANDOVER §8.5 — image handling not yet built)
image-pending    1990664411569746 c0  (HANDOVER §8.5 — image handling not yet built)
image-pending    1990664411569746 c0  (HANDOVER §8.5 — image handling not yet built)
carried-forward  1041781788283238 c0  → https://pub-893b4a6a607b4221a894bf861da7914e.r2.dev/1041781788283238.mp4
carried-forward  1723515315310204 c0  → https://pub-893b4a6a607b4221a894bf861da7914e.r2.dev/1723515315310204.mp4
video-missing    1723515315310204 c0  (expected file not found in facebook/videos/ewa-2026-07-02)
carried-forward  2245140799631499 c0  → https://pub-893b4a6a607b4221a894bf861da7914e.r2.dev/2245140799631499.mp4
carried-forward  3784571708351926 c0  → https://pub-893b4a6a607b4221a894bf861da7914e.r2.dev/3784571708351926.mp4
carried-forward  2360448554715332 c0  → https://pub-893b4a6a607b4221a894bf861da7914e.r2.dev/2360448554715332.mp4
carried-forward  1454261840076814 c0  → https://pub-893b4a6a607b4221a894bf861da7914e.r2.dev/1454261840076814.mp4
video-missing    1454261840076814 c0  (expected file not found in facebook/videos/ewa-2026-07-02)
video-missing    1454261840076814 c0  (expected file not found in facebook/videos/ewa-2026-07-02)
carried-forward  2067056200861958 c0  → https://pub-893b4a6a607b4221a894bf861da7914e.r2.dev/2067056200861958.mp4
video-missing    2067056200861958 c0  (expected file not found in facebook/videos/ewa-2026-07-02)
carried-forward  1003942395860653 c0  → https://pub-893b4a6a607b4221a894bf861da7914e.r2.dev/1003942395860653.mp4
carried-forward  2043834906343891 c0  → https://pub-893b4a6a607b4221a894bf861da7914e.r2.dev/2043834906343891.mp4
carried-forward  1378427587489684 c0  → https://pub-893b4a6a607b4221a894bf861da7914e.r2.dev/1378427587489684.mp4
video-missing    1378427587489684 c0  (expected file not found in facebook/videos/ewa-2026-07-02)
video-missing    1378427587489684 c0  (expected file not found in facebook/videos/ewa-2026-07-02)
carried-forward  2428296951008313 c0  → https://pub-893b4a6a607b4221a894bf861da7914e.r2.dev/2428296951008313.mp4
video-missing    2428296951008313 c0  (expected file not found in facebook/videos/ewa-2026-07-02)
video-missing    2428296951008313 c0  (expected file not found in facebook/videos/ewa-2026-07-02)
image-pending    1005965408485611 c0  (HANDOVER §8.5 — image handling not yet built)
image-pending    1005965408485611 c0  (HANDOVER §8.5 — image handling not yet built)
image-pending    1005965408485611 c0  (HANDOVER §8.5 — image handling not yet built)
image-pending    1338294541606758 c0  (HANDOVER §8.5 — image handling not yet built)
image-pending    1056559033748416 c0  (HANDOVER §8.5 — image handling not yet built)
image-pending    1056559033748416 c0  (HANDOVER §8.5 — image handling not yet built)
image-pending    1056559033748416 c0  (HANDOVER §8.5 — image handling not yet built)
carried-forward  1022043023628665 c0  → https://pub-893b4a6a607b4221a894bf861da7914e.r2.dev/1022043023628665.mp4
image-pending    1718439889329126 c0  (HANDOVER §8.5 — image handling not yet built)
image-pending    1718439889329126 c0  (HANDOVER §8.5 — image handling not yet built)
image-pending    2515389355601210 c0  (HANDOVER §8.5 — image handling not yet built)
carried-forward  1369776215089346 c0  → https://pub-893b4a6a607b4221a894bf861da7914e.r2.dev/1369776215089346.mp4
carried-forward  1984602795490043 c0  → https://pub-893b4a6a607b4221a894bf861da7914e.r2.dev/1984602795490043.mp4
carried-forward  1320281302961129 c0  → https://pub-893b4a6a607b4221a894bf861da7914e.r2.dev/1320281302961129.mp4
image-pending    2022246475164914 c0  (HANDOVER §8.5 — image handling not yet built)
image-pending    2022246475164914 c0  (HANDOVER §8.5 — image handling not yet built)
image-pending    2022246475164914 c0  (HANDOVER §8.5 — image handling not yet built)
image-pending    2022246475164914 c0  (HANDOVER §8.5 — image handling not yet built)
image-pending    1679477163139963 c0  (HANDOVER §8.5 — image handling not yet built)
carried-forward  1776881223183251 c0  → https://pub-893b4a6a607b4221a894bf861da7914e.r2.dev/1776881223183251.mp4
image-pending    1319043760296610 c0  (HANDOVER §8.5 — image handling not yet built)
image-pending    1319043760296610 c0  (HANDOVER §8.5 — image handling not yet built)
image-pending    1319043760296610 c0  (HANDOVER §8.5 — image handling not yet built)
image-pending    1319043760296610 c0  (HANDOVER §8.5 — image handling not yet built)
image-pending    1319043760296610 c0  (HANDOVER §8.5 — image handling not yet built)
image-pending    1319043760296610 c0  (HANDOVER §8.5 — image handling not yet built)
image-pending    1319043760296610 c0  (HANDOVER §8.5 — image handling not yet built)
image-pending    1319043760296610 c0  (HANDOVER §8.5 — image handling not yet built)
image-pending    1636381270765418 c0  (HANDOVER §8.5 — image handling not yet built)
carried-forward  1018222617841418 c0  → https://pub-893b4a6a607b4221a894bf861da7914e.r2.dev/1018222617841418.mp4
image-pending    1663958101985871 c0  (HANDOVER §8.5 — image handling not yet built)
image-pending    1663958101985871 c0  (HANDOVER §8.5 — image handling not yet built)
image-pending    1663958101985871 c0  (HANDOVER §8.5 — image handling not yet built)
image-pending    1663958101985871 c0  (HANDOVER §8.5 — image handling not yet built)
carried-forward  2181153252678599 c0  → https://pub-893b4a6a607b4221a894bf861da7914e.r2.dev/2181153252678599.mp4
carried-forward  813865028257344 c0  → https://pub-893b4a6a607b4221a894bf861da7914e.r2.dev/813865028257344.mp4
image-pending    4468468133410180 c0  (HANDOVER §8.5 — image handling not yet built)
carried-forward  1793353544960086 c0  → https://pub-893b4a6a607b4221a894bf861da7914e.r2.dev/1793353544960086.mp4
video-missing    1793353544960086 c0  (expected file not found in facebook/videos/ewa-2026-07-02)
video-missing    1793353544960086 c0  (expected file not found in facebook/videos/ewa-2026-07-02)
carried-forward  1798037831577515 c0  → https://pub-893b4a6a607b4221a894bf861da7914e.r2.dev/1798037831577515.mp4
image-pending    4337851286529957 c0  (HANDOVER §8.5 — image handling not yet built)
image-pending    4337851286529957 c0  (HANDOVER §8.5 — image handling not yet built)
image-pending    4337851286529957 c0  (HANDOVER §8.5 — image handling not yet built)
image-pending    4337851286529957 c0  (HANDOVER §8.5 — image handling not yet built)
image-pending    27391608717122168 c0  (HANDOVER §8.5 — image handling not yet built)
image-pending    1002037045955914 c0  (HANDOVER §8.5 — image handling not yet built)
image-pending    1002037045955914 c0  (HANDOVER §8.5 — image handling not yet built)
image-pending    1002037045955914 c0  (HANDOVER §8.5 — image handling not yet built)
image-pending    1002037045955914 c0  (HANDOVER §8.5 — image handling not yet built)
image-pending    1002037045955914 c0  (HANDOVER §8.5 — image handling not yet built)
carried-forward  1389920419858493 c0  → https://pub-893b4a6a607b4221a894bf861da7914e.r2.dev/1389920419858493.mp4
image-pending    2247170499385851 c0  (HANDOVER §8.5 — image handling not yet built)
carried-forward  3313314445543891 c0  → https://pub-893b4a6a607b4221a894bf861da7914e.r2.dev/3313314445543891.mp4
image-pending    2399564697120891 c0  (HANDOVER §8.5 — image handling not yet built)
image-pending    2399564697120891 c0  (HANDOVER §8.5 — image handling not yet built)
carried-forward  2214969795983876 c0  → https://pub-893b4a6a607b4221a894bf861da7914e.r2.dev/2214969795983876.mp4
video-missing    2214969795983876 c0  (expected file not found in facebook/videos/ewa-2026-07-02)
carried-forward  869230492912359 c0  → https://pub-893b4a6a607b4221a894bf861da7914e.r2.dev/869230492912359.mp4
image-pending    1008266878454768 c0  (HANDOVER §8.5 — image handling not yet built)
image-pending    1008266878454768 c0  (HANDOVER §8.5 — image handling not yet built)
carried-forward  1644319526867750 c0  → https://pub-893b4a6a607b4221a894bf861da7914e.r2.dev/1644319526867750.mp4
video-missing    1644319526867750 c0  (expected file not found in facebook/videos/ewa-2026-07-02)
carried-forward  1313535210890149 c0  → https://pub-893b4a6a607b4221a894bf861da7914e.r2.dev/1313535210890149.mp4
video-missing    1313535210890149 c0  (expected file not found in facebook/videos/ewa-2026-07-02)
video-missing    1313535210890149 c0  (expected file not found in facebook/videos/ewa-2026-07-02)
carried-forward  1575735464075702 c0  → https://pub-893b4a6a607b4221a894bf861da7914e.r2.dev/1575735464075702.mp4
video-missing    1575735464075702 c0  (expected file not found in facebook/videos/ewa-2026-07-02)
video-missing    1575735464075702 c0  (expected file not found in facebook/videos/ewa-2026-07-02)
carried-forward  2009448613268946 c0  → https://pub-893b4a6a607b4221a894bf861da7914e.r2.dev/2009448613268946.mp4
video-missing    2009448613268946 c0  (expected file not found in facebook/videos/ewa-2026-07-02)
video-missing    2009448613268946 c0  (expected file not found in facebook/videos/ewa-2026-07-02)
video-missing    2009448613268946 c0  (expected file not found in facebook/videos/ewa-2026-07-02)
video-missing    2009448613268946 c0  (expected file not found in facebook/videos/ewa-2026-07-02)
video-missing    2009448613268946 c0  (expected file not found in facebook/videos/ewa-2026-07-02)
image-pending    998013403008391 c0  (HANDOVER §8.5 — image handling not yet built)
image-pending    998013403008391 c0  (HANDOVER §8.5 — image handling not yet built)
image-pending    998013403008391 c0  (HANDOVER §8.5 — image handling not yet built)
image-pending    998013403008391 c0  (HANDOVER §8.5 — image handling not yet built)
image-pending    1378903210829185 c0  (HANDOVER §8.5 — image handling not yet built)
carried-forward  966017276430230 c0  → https://pub-893b4a6a607b4221a894bf861da7914e.r2.dev/966017276430230.mp4
video-missing    966017276430230 c0  (expected file not found in facebook/videos/ewa-2026-07-02)
video-missing    966017276430230 c0  (expected file not found in facebook/videos/ewa-2026-07-02)
image-pending    1564845361651062 c0  (HANDOVER §8.5 — image handling not yet built)
image-pending    1564845361651062 c0  (HANDOVER §8.5 — image handling not yet built)
image-pending    1564845361651062 c0  (HANDOVER §8.5 — image handling not yet built)
video-missing    2158745832188363 c0  (expected file not found in facebook/videos/ewa-2026-07-02)
uploaded         980504991479508 c0  (video) ← 980504991479508.mp4  → https://pub-893b4a6a607b4221a894bf861da7914e.r2.dev/980504991479508.mp4
video-missing    980504991479508 c0  (expected file not found in facebook/videos/ewa-2026-07-02)
image-pending    990756323573570 c0  (HANDOVER §8.5 — image handling not yet built)
image-pending    990756323573570 c0  (HANDOVER §8.5 — image handling not yet built)
image-pending    990756323573570 c0  (HANDOVER §8.5 — image handling not yet built)
carried-forward  864112852950609 c0  → https://pub-893b4a6a607b4221a894bf861da7914e.r2.dev/864112852950609.mp4
image-pending    882492284285861 c0  (HANDOVER §8.5 — image handling not yet built)
image-pending    1392263546298478 c0  (HANDOVER §8.5 — image handling not yet built)
image-pending    1392263546298478 c0  (HANDOVER §8.5 — image handling not yet built)
image-pending    1392263546298478 c0  (HANDOVER §8.5 — image handling not yet built)
carried-forward  1619823422437719 c0  → https://pub-893b4a6a607b4221a894bf861da7914e.r2.dev/1619823422437719.mp4
carried-forward  1349972120616641 c0  → https://pub-893b4a6a607b4221a894bf861da7914e.r2.dev/1349972120616641.mp4
image-pending    28401049512816182 c0  (HANDOVER §8.5 — image handling not yet built)
carried-forward  1176622471262482 c0  → https://pub-893b4a6a607b4221a894bf861da7914e.r2.dev/1176622471262482.mp4
video-missing    1176622471262482 c0  (expected file not found in facebook/videos/ewa-2026-07-02)
image-pending    1549575179895392 c0  (HANDOVER §8.5 — image handling not yet built)
image-pending    1549575179895392 c0  (HANDOVER §8.5 — image handling not yet built)
carried-forward  1344938770527017 c0  → https://pub-893b4a6a607b4221a894bf861da7914e.r2.dev/1344938770527017.mp4
video-missing    1344938770527017 c0  (expected file not found in facebook/videos/ewa-2026-07-02)
video-missing    1344938770527017 c0  (expected file not found in facebook/videos/ewa-2026-07-02)
video-missing    1344938770527017 c0  (expected file not found in facebook/videos/ewa-2026-07-02)
video-missing    1344938770527017 c0  (expected file not found in facebook/videos/ewa-2026-07-02)
video-missing    1344938770527017 c0  (expected file not found in facebook/videos/ewa-2026-07-02)
image-pending    1543769674035160 c0  (HANDOVER §8.5 — image handling not yet built)
carried-forward  978723188280394 c0  → https://pub-893b4a6a607b4221a894bf861da7914e.r2.dev/978723188280394.mp4
video-missing    978723188280394 c0  (expected file not found in facebook/videos/ewa-2026-07-02)
uploaded         2294490104833046 c0  (video) ← 2294490104833046.mp4  → https://pub-893b4a6a607b4221a894bf861da7914e.r2.dev/2294490104833046.mp4
video-missing    2294490104833046 c0  (expected file not found in facebook/videos/ewa-2026-07-02)
carried-forward  862885226469017 c0  → https://pub-893b4a6a607b4221a894bf861da7914e.r2.dev/862885226469017.mp4
video-missing    862885226469017 c0  (expected file not found in facebook/videos/ewa-2026-07-02)
image-pending    1364016689011600 c0  (HANDOVER §8.5 — image handling not yet built)
image-pending    1364016689011600 c0  (HANDOVER §8.5 — image handling not yet built)
image-pending    1364016689011600 c0  (HANDOVER §8.5 — image handling not yet built)
image-pending    1364016689011600 c0  (HANDOVER §8.5 — image handling not yet built)
image-pending    1364016689011600 c0  (HANDOVER §8.5 — image handling not yet built)
image-pending    1364016689011600 c0  (HANDOVER §8.5 — image handling not yet built)
image-pending    1364016689011600 c0  (HANDOVER §8.5 — image handling not yet built)
image-pending    1364016689011600 c0  (HANDOVER §8.5 — image handling not yet built)
image-pending    1364016689011600 c0  (HANDOVER §8.5 — image handling not yet built)
image-pending    1364016689011600 c0  (HANDOVER §8.5 — image handling not yet built)
image-pending    1364016689011600 c0  (HANDOVER §8.5 — image handling not yet built)
image-pending    1364016689011600 c0  (HANDOVER §8.5 — image handling not yet built)
image-pending    1364016689011600 c0  (HANDOVER §8.5 — image handling not yet built)
image-pending    2076409399961622 c0  (HANDOVER §8.5 — image handling not yet built)
image-pending    2076409399961622 c0  (HANDOVER §8.5 — image handling not yet built)
image-pending    1532706844915998 c0  (HANDOVER §8.5 — image handling not yet built)
image-pending    1751734549163489 c0  (HANDOVER §8.5 — image handling not yet built)
image-pending    2100335897575797 c0  (HANDOVER §8.5 — image handling not yet built)
image-pending    2100335897575797 c0  (HANDOVER §8.5 — image handling not yet built)
carried-forward  2266162463921497 c0  → https://pub-893b4a6a607b4221a894bf861da7914e.r2.dev/2266162463921497.mp4
video-missing    2266162463921497 c0  (expected file not found in facebook/videos/ewa-2026-07-02)
image-pending    1018635404086417 c0  (HANDOVER §8.5 — image handling not yet built)
image-pending    1018635404086417 c0  (HANDOVER §8.5 — image handling not yet built)
image-pending    1018635404086417 c0  (HANDOVER §8.5 — image handling not yet built)
image-pending    1018635404086417 c0  (HANDOVER §8.5 — image handling not yet built)
image-pending    1018635404086417 c0  (HANDOVER §8.5 — image handling not yet built)
image-pending    1018635404086417 c0  (HANDOVER §8.5 — image handling not yet built)
image-pending    1579207603796303 c0  (HANDOVER §8.5 — image handling not yet built)
image-pending    1827349618240834 c0  (HANDOVER §8.5 — image handling not yet built)
image-pending    1827349618240834 c0  (HANDOVER §8.5 — image handling not yet built)
image-pending    1827349618240834 c0  (HANDOVER §8.5 — image handling not yet built)
image-pending    1827349618240834 c0  (HANDOVER §8.5 — image handling not yet built)
image-pending    1827349618240834 c0  (HANDOVER §8.5 — image handling not yet built)
image-pending    1827349618240834 c0  (HANDOVER §8.5 — image handling not yet built)
image-pending    1827349618240834 c0  (HANDOVER §8.5 — image handling not yet built)
image-pending    1827349618240834 c0  (HANDOVER §8.5 — image handling not yet built)
image-pending    982141191295607 c0  (HANDOVER §8.5 — image handling not yet built)
carried-forward  1295446272349448 c0  → https://pub-893b4a6a607b4221a894bf861da7914e.r2.dev/1295446272349448.mp4
image-pending    1755290222489037 c0  (HANDOVER §8.5 — image handling not yet built)
image-pending    1187080590221095 c0  (HANDOVER §8.5 — image handling not yet built)
image-pending    1355206383173702 c0  (HANDOVER §8.5 — image handling not yet built)
carried-forward  1563594248718026 c0  → https://pub-893b4a6a607b4221a894bf861da7914e.r2.dev/1563594248718026.mp4
video-missing    1563594248718026 c0  (expected file not found in facebook/videos/ewa-2026-07-02)
carried-forward  2092467861670221 c0  → https://pub-893b4a6a607b4221a894bf861da7914e.r2.dev/2092467861670221.mp4
video-missing    2092467861670221 c0  (expected file not found in facebook/videos/ewa-2026-07-02)
uploaded         1064661679325929 c0  (video) ← 1064661679325929.mp4  → https://pub-893b4a6a607b4221a894bf861da7914e.r2.dev/1064661679325929.mp4
video-missing    1064661679325929 c0  (expected file not found in facebook/videos/ewa-2026-07-02)
video-missing    1064661679325929 c0  (expected file not found in facebook/videos/ewa-2026-07-02)
video-missing    1064661679325929 c0  (expected file not found in facebook/videos/ewa-2026-07-02)
video-missing    1064661679325929 c0  (expected file not found in facebook/videos/ewa-2026-07-02)
image-pending    4322106601364892 c0  (HANDOVER §8.5 — image handling not yet built)
image-pending    4322106601364892 c0  (HANDOVER §8.5 — image handling not yet built)
carried-forward  2427239087687264 c0  → https://pub-893b4a6a607b4221a894bf861da7914e.r2.dev/2427239087687264.mp4
image-pending    1569197074550309 c0  (HANDOVER §8.5 — image handling not yet built)
image-pending    1569197074550309 c0  (HANDOVER §8.5 — image handling not yet built)
image-pending    1569197074550309 c0  (HANDOVER §8.5 — image handling not yet built)
image-pending    1569197074550309 c0  (HANDOVER §8.5 — image handling not yet built)
image-pending    1004525335884680 c0  (HANDOVER §8.5 — image handling not yet built)
image-pending    1004525335884680 c0  (HANDOVER §8.5 — image handling not yet built)
image-pending    1004525335884680 c0  (HANDOVER §8.5 — image handling not yet built)
image-pending    1004525335884680 c0  (HANDOVER §8.5 — image handling not yet built)
carried-forward  1561855475368989 c0  → https://pub-893b4a6a607b4221a894bf861da7914e.r2.dev/1561855475368989.mp4
image-pending    1330940098456438 c0  (HANDOVER §8.5 — image handling not yet built)
carried-forward  1315958386532359 c0  → https://pub-893b4a6a607b4221a894bf861da7914e.r2.dev/1315958386532359.jpg
image-pending    1528577984889535 c0  (HANDOVER §8.5 — image handling not yet built)
uploaded         1163799002611047 c0  (video) ← 1163799002611047.mp4  → https://pub-893b4a6a607b4221a894bf861da7914e.r2.dev/1163799002611047.mp4
video-missing    1163799002611047 c0  (expected file not found in facebook/videos/ewa-2026-07-02)
video-missing    27202729049369297 c0  (expected file not found in facebook/videos/ewa-2026-07-02)
image-pending    1545440670643932 c0  (HANDOVER §8.5 — image handling not yet built)
carried-forward  4500900240195202 c0  → https://pub-893b4a6a607b4221a894bf861da7914e.r2.dev/4500900240195202.mp4
video-missing    4500900240195202 c0  (expected file not found in facebook/videos/ewa-2026-07-02)
video-missing    4500900240195202 c0  (expected file not found in facebook/videos/ewa-2026-07-02)
video-missing    4500900240195202 c0  (expected file not found in facebook/videos/ewa-2026-07-02)
video-missing    4500900240195202 c0  (expected file not found in facebook/videos/ewa-2026-07-02)
carried-forward  1664481898139996 c0  → https://pub-893b4a6a607b4221a894bf861da7914e.r2.dev/1664481898139996.mp4
carried-forward  27093482010322737 c0  → https://pub-893b4a6a607b4221a894bf861da7914e.r2.dev/27093482010322737.mp4
image-pending    1029236059618756 c0  (HANDOVER §8.5 — image handling not yet built)
image-pending    1029236059618756 c0  (HANDOVER §8.5 — image handling not yet built)
carried-forward  1452940779935830 c0  → https://pub-893b4a6a607b4221a894bf861da7914e.r2.dev/1452940779935830.mp4
video-missing    1452940779935830 c0  (expected file not found in facebook/videos/ewa-2026-07-02)
video-missing    1452940779935830 c0  (expected file not found in facebook/videos/ewa-2026-07-02)
video-missing    1452940779935830 c0  (expected file not found in facebook/videos/ewa-2026-07-02)
video-missing    1452940779935830 c0  (expected file not found in facebook/videos/ewa-2026-07-02)
carried-forward  1709492750178520 c0  → https://pub-893b4a6a607b4221a894bf861da7914e.r2.dev/1709492750178520.mp4
image-pending    2114649389093558 c0  (HANDOVER §8.5 — image handling not yet built)
image-pending    2268815323649306 c0  (HANDOVER §8.5 — image handling not yet built)
carried-forward  1506499424560221 c0  → https://pub-893b4a6a607b4221a894bf861da7914e.r2.dev/1506499424560221.mp4
carried-forward  906576709123512 c0  → https://pub-893b4a6a607b4221a894bf861da7914e.r2.dev/906576709123512.mp4
image-pending    2177663079662717 c0  (HANDOVER §8.5 — image handling not yet built)
uploaded         2879313972434078 c0  (video) ← 2879313972434078.mp4  → https://pub-893b4a6a607b4221a894bf861da7914e.r2.dev/2879313972434078.mp4
video-missing    2879313972434078 c0  (expected file not found in facebook/videos/ewa-2026-07-02)
video-missing    2879313972434078 c0  (expected file not found in facebook/videos/ewa-2026-07-02)
video-missing    2879313972434078 c0  (expected file not found in facebook/videos/ewa-2026-07-02)
video-missing    2879313972434078 c0  (expected file not found in facebook/videos/ewa-2026-07-02)
image-pending    1036900768795422 c0  (HANDOVER §8.5 — image handling not yet built)
image-pending    1036900768795422 c0  (HANDOVER §8.5 — image handling not yet built)
image-pending    1774300510601904 c0  (HANDOVER §8.5 — image handling not yet built)
image-pending    1774300510601904 c0  (HANDOVER §8.5 — image handling not yet built)
carried-forward  1013052437759720 c0  → https://pub-893b4a6a607b4221a894bf861da7914e.r2.dev/1013052437759720.mp4
image-pending    2240805570089803 c0  (HANDOVER §8.5 — image handling not yet built)
carried-forward  1643937613571184 c0  → https://pub-893b4a6a607b4221a894bf861da7914e.r2.dev/1643937613571184.mp4
carried-forward  2900549850282804 c0  → https://pub-893b4a6a607b4221a894bf861da7914e.r2.dev/2900549850282804.mp4
carried-forward  28407871645481294 c0  → https://pub-893b4a6a607b4221a894bf861da7914e.r2.dev/28407871645481294.mp4
image-pending    2519344068500242 c0  (HANDOVER §8.5 — image handling not yet built)
image-pending    1670778314145996 c0  (HANDOVER §8.5 — image handling not yet built)
carried-forward  1576372174159320 c0  → https://pub-893b4a6a607b4221a894bf861da7914e.r2.dev/1576372174159320.mp4
carried-forward  2489690281551523 c0  → https://pub-893b4a6a607b4221a894bf861da7914e.r2.dev/2489690281551523.mp4
image-pending    1035747318931905 c0  (HANDOVER §8.5 — image handling not yet built)
carried-forward  1028946532999869 c0  → https://pub-893b4a6a607b4221a894bf861da7914e.r2.dev/1028946532999869.mp4
image-pending    2038074736807230 c0  (HANDOVER §8.5 — image handling not yet built)
carried-forward  2049175522377870 c0  → https://pub-893b4a6a607b4221a894bf861da7914e.r2.dev/2049175522377870.mp4
image-pending    1039109265487124 c0  (HANDOVER §8.5 — image handling not yet built)
image-pending    1039109265487124 c0  (HANDOVER §8.5 — image handling not yet built)
image-pending    1039109265487124 c0  (HANDOVER §8.5 — image handling not yet built)
image-pending    1039109265487124 c0  (HANDOVER §8.5 — image handling not yet built)
carried-forward  1732065151547612 c0  → https://pub-893b4a6a607b4221a894bf861da7914e.r2.dev/1732065151547612.mp4
image-pending    1012588588219239 c0  (HANDOVER §8.5 — image handling not yet built)
image-pending    1012588588219239 c0  (HANDOVER §8.5 — image handling not yet built)
image-pending    1012588588219239 c0  (HANDOVER §8.5 — image handling not yet built)
image-pending    1012588588219239 c0  (HANDOVER §8.5 — image handling not yet built)
image-pending    1012588588219239 c0  (HANDOVER §8.5 — image handling not yet built)
image-pending    1012588588219239 c0  (HANDOVER §8.5 — image handling not yet built)
image-pending    1678942173364157 c0  (HANDOVER §8.5 — image handling not yet built)
image-pending    1747495219941462 c0  (HANDOVER §8.5 — image handling not yet built)
image-pending    1747495219941462 c0  (HANDOVER §8.5 — image handling not yet built)
carried-forward  1543807727222579 c0  → https://pub-893b4a6a607b4221a894bf861da7914e.r2.dev/1543807727222579.mp4
carried-forward  2137647430144159 c0  → https://pub-893b4a6a607b4221a894bf861da7914e.r2.dev/2137647430144159.mp4
video-missing    2137647430144159 c0  (expected file not found in facebook/videos/ewa-2026-07-02)
carried-forward  1329611571903841 c0  → https://pub-893b4a6a607b4221a894bf861da7914e.r2.dev/1329611571903841.mp4
carried-forward  1478728220253869 c0  → https://pub-893b4a6a607b4221a894bf861da7914e.r2.dev/1478728220253869.jpg
image-pending    1478728220253869 c0  (HANDOVER §8.5 — image handling not yet built)
image-pending    1037350732202730 c0  (HANDOVER §8.5 — image handling not yet built)
image-pending    1823390505304775 c0  (HANDOVER §8.5 — image handling not yet built)
carried-forward  1486809382573516 c0  → https://pub-893b4a6a607b4221a894bf861da7914e.r2.dev/1486809382573516.mp4
video-missing    1486809382573516 c0  (expected file not found in facebook/videos/ewa-2026-07-02)
image-pending    1566896548113359 c0  (HANDOVER §8.5 — image handling not yet built)
carried-forward  987928834211455 c0  → https://pub-893b4a6a607b4221a894bf861da7914e.r2.dev/987928834211455.mp4
carried-forward  1504679914788204 c0  → https://pub-893b4a6a607b4221a894bf861da7914e.r2.dev/1504679914788204.mp4
video-missing    1504679914788204 c0  (expected file not found in facebook/videos/ewa-2026-07-02)
video-missing    1504679914788204 c0  (expected file not found in facebook/videos/ewa-2026-07-02)
carried-forward  1466311852203370 c0  → https://pub-893b4a6a607b4221a894bf861da7914e.r2.dev/1466311852203370.mp4
video-missing    1466311852203370 c0  (expected file not found in facebook/videos/ewa-2026-07-02)
video-missing    1466311852203370 c0  (expected file not found in facebook/videos/ewa-2026-07-02)
video-missing    1466311852203370 c0  (expected file not found in facebook/videos/ewa-2026-07-02)
video-missing    1466311852203370 c0  (expected file not found in facebook/videos/ewa-2026-07-02)
video-missing    1466311852203370 c0  (expected file not found in facebook/videos/ewa-2026-07-02)
video-missing    1466311852203370 c0  (expected file not found in facebook/videos/ewa-2026-07-02)
carried-forward  1537179304521416 c0  → https://pub-893b4a6a607b4221a894bf861da7914e.r2.dev/1537179304521416.mp4
carried-forward  2042825096357031 c0  → https://pub-893b4a6a607b4221a894bf861da7914e.r2.dev/2042825096357031.mp4
video-missing    2042825096357031 c0  (expected file not found in facebook/videos/ewa-2026-07-02)
image-pending    2774911129571577 c0  (HANDOVER §8.5 — image handling not yet built)
carried-forward  1246852104033006 c0  → https://pub-893b4a6a607b4221a894bf861da7914e.r2.dev/1246852104033006.mp4
video-missing    1246852104033006 c0  (expected file not found in facebook/videos/ewa-2026-07-02)
carried-forward  1346243040943499 c0  → https://pub-893b4a6a607b4221a894bf861da7914e.r2.dev/1346243040943499.mp4
image-pending    1537653911090867 c0  (HANDOVER §8.5 — image handling not yet built)
image-pending    1537653911090867 c0  (HANDOVER §8.5 — image handling not yet built)
image-pending    1537653911090867 c0  (HANDOVER §8.5 — image handling not yet built)
image-pending    3050168348508375 c0  (HANDOVER §8.5 — image handling not yet built)
image-pending    3050168348508375 c0  (HANDOVER §8.5 — image handling not yet built)
image-pending    3050168348508375 c0  (HANDOVER §8.5 — image handling not yet built)
carried-forward  4676925592528637 c0  → https://pub-893b4a6a607b4221a894bf861da7914e.r2.dev/4676925592528637.mp4
carried-forward  2032002694369624 c0  → https://pub-893b4a6a607b4221a894bf861da7914e.r2.dev/2032002694369624.mp4
image-pending    4748976345329792 c0  (HANDOVER §8.5 — image handling not yet built)
image-pending    3631248183695901 c0  (HANDOVER §8.5 — image handling not yet built)
image-pending    2887258401444365 c0  (HANDOVER §8.5 — image handling not yet built)
image-pending    2543307432767301 c0  (HANDOVER §8.5 — image handling not yet built)
image-pending    2543307432767301 c0  (HANDOVER §8.5 — image handling not yet built)
image-pending    2543307432767301 c0  (HANDOVER §8.5 — image handling not yet built)
uploaded         1353125180107565 c0  (video) ← 1353125180107565.mp4  → https://pub-893b4a6a607b4221a894bf861da7914e.r2.dev/1353125180107565.mp4
video-missing    1353125180107565 c0  (expected file not found in facebook/videos/ewa-2026-07-02)
video-missing    1353125180107565 c0  (expected file not found in facebook/videos/ewa-2026-07-02)
video-missing    1353125180107565 c0  (expected file not found in facebook/videos/ewa-2026-07-02)
video-missing    1353125180107565 c0  (expected file not found in facebook/videos/ewa-2026-07-02)
video-missing    1353125180107565 c0  (expected file not found in facebook/videos/ewa-2026-07-02)
image-pending    1072719158749491 c0  (HANDOVER §8.5 — image handling not yet built)
image-pending    1072719158749491 c0  (HANDOVER §8.5 — image handling not yet built)
image-pending    1072719158749491 c0  (HANDOVER §8.5 — image handling not yet built)
carried-forward  1483330929688079 c0  → https://pub-893b4a6a607b4221a894bf861da7914e.r2.dev/1483330929688079.mp4
carried-forward  977401311793750 c0  → https://pub-893b4a6a607b4221a894bf861da7914e.r2.dev/977401311793750.mp4
image-pending    2273565050138614 c0  (HANDOVER §8.5 — image handling not yet built)
image-pending    944152951976023 c0  (HANDOVER §8.5 — image handling not yet built)
image-pending    944152951976023 c0  (HANDOVER §8.5 — image handling not yet built)
carried-forward  3239181676290383 c0  → https://pub-893b4a6a607b4221a894bf861da7914e.r2.dev/3239181676290383.mp4
uploaded         2095306441335574 c0  (video) ← 2095306441335574.mp4  → https://pub-893b4a6a607b4221a894bf861da7914e.r2.dev/2095306441335574.mp4
video-missing    2095306441335574 c0  (expected file not found in facebook/videos/ewa-2026-07-02)
image-pending    1363151582421317 c0  (HANDOVER §8.5 — image handling not yet built)
image-pending    1710262553640299 c0  (HANDOVER §8.5 — image handling not yet built)
carried-forward  1323235656058011 c0  → https://pub-893b4a6a607b4221a894bf861da7914e.r2.dev/1323235656058011.mp4
image-pending    978250901698964 c0  (HANDOVER §8.5 — image handling not yet built)
image-pending    1981538352725432 c0  (HANDOVER §8.5 — image handling not yet built)
image-pending    1335965601302981 c0  (HANDOVER §8.5 — image handling not yet built)
image-pending    1307342510891413 c0  (HANDOVER §8.5 — image handling not yet built)
carried-forward  1520910102907134 c0  → https://pub-893b4a6a607b4221a894bf861da7914e.r2.dev/1520910102907134.mp4
carried-forward  2075062333895401 c0  → https://pub-893b4a6a607b4221a894bf861da7914e.r2.dev/2075062333895401.mp4
video-missing    2075062333895401 c0  (expected file not found in facebook/videos/ewa-2026-07-02)
image-pending    1044284921284511 c0  (HANDOVER §8.5 — image handling not yet built)
image-pending    2403248773487730 c0  (HANDOVER §8.5 — image handling not yet built)
carried-forward  3526189920855420 c0  → https://pub-893b4a6a607b4221a894bf861da7914e.r2.dev/3526189920855420.mp4
carried-forward  28206828018907978 c0  → https://pub-893b4a6a607b4221a894bf861da7914e.r2.dev/28206828018907978.mp4
image-pending    924997096674993 c0  (HANDOVER §8.5 — image handling not yet built)
image-pending    924997096674993 c0  (HANDOVER §8.5 — image handling not yet built)
carried-forward  756343627537081 c0  → https://pub-893b4a6a607b4221a894bf861da7914e.r2.dev/756343627537081.mp4
image-pending    852982490870650 c0  (HANDOVER §8.5 — image handling not yet built)
video-missing    1029892879387733 c0  (expected file not found in facebook/videos/ewa-2026-07-02)
image-pending    1040043138359248 c0  (HANDOVER §8.5 — image handling not yet built)
image-pending    3463406413819307 c0  (HANDOVER §8.5 — image handling not yet built)
image-pending    3463406413819307 c0  (HANDOVER §8.5 — image handling not yet built)
image-pending    3463406413819307 c0  (HANDOVER §8.5 — image handling not yet built)
image-pending    3463406413819307 c0  (HANDOVER §8.5 — image handling not yet built)
image-pending    3463406413819307 c0  (HANDOVER §8.5 — image handling not yet built)
carried-forward  1583266273403192 c0  → https://pub-893b4a6a607b4221a894bf861da7914e.r2.dev/1583266273403192.mp4
video-missing    1583266273403192 c0  (expected file not found in facebook/videos/ewa-2026-07-02)
video-missing    1583266273403192 c0  (expected file not found in facebook/videos/ewa-2026-07-02)
image-pending    4513026629020788 c0  (HANDOVER §8.5 — image handling not yet built)
image-pending    1581465550074246 c0  (HANDOVER §8.5 — image handling not yet built)
image-pending    1581465550074246 c0  (HANDOVER §8.5 — image handling not yet built)
image-pending    1581465550074246 c0  (HANDOVER §8.5 — image handling not yet built)
image-pending    1581465550074246 c0  (HANDOVER §8.5 — image handling not yet built)
image-pending    1581465550074246 c0  (HANDOVER §8.5 — image handling not yet built)
image-pending    1581465550074246 c0  (HANDOVER §8.5 — image handling not yet built)
image-pending    1581465550074246 c0  (HANDOVER §8.5 — image handling not yet built)
image-pending    1581465550074246 c0  (HANDOVER §8.5 — image handling not yet built)
image-pending    1581465550074246 c0  (HANDOVER §8.5 — image handling not yet built)
image-pending    1034437492405530 c0  (HANDOVER §8.5 — image handling not yet built)
video-missing    2119021118659694 c0  (expected file not found in facebook/videos/ewa-2026-07-02)
carried-forward  883841807480308 c0  → https://pub-893b4a6a607b4221a894bf861da7914e.r2.dev/883841807480308.mp4
uploaded         881730678326862 c0  (video) ← 881730678326862.mp4  → https://pub-893b4a6a607b4221a894bf861da7914e.r2.dev/881730678326862.mp4
video-missing    881730678326862 c0  (expected file not found in facebook/videos/ewa-2026-07-02)
video-missing    881730678326862 c0  (expected file not found in facebook/videos/ewa-2026-07-02)
video-missing    881730678326862 c0  (expected file not found in facebook/videos/ewa-2026-07-02)
video-missing    881730678326862 c0  (expected file not found in facebook/videos/ewa-2026-07-02)
video-missing    881730678326862 c0  (expected file not found in facebook/videos/ewa-2026-07-02)
video-missing    881730678326862 c0  (expected file not found in facebook/videos/ewa-2026-07-02)
video-missing    881730678326862 c0  (expected file not found in facebook/videos/ewa-2026-07-02)
carried-forward  961996593508467 c0  → https://pub-893b4a6a607b4221a894bf861da7914e.r2.dev/961996593508467.mp4
carried-forward  27441365728789118 c0  → https://pub-893b4a6a607b4221a894bf861da7914e.r2.dev/27441365728789118.jpg
carried-forward  2522672938171824 c0  → https://pub-893b4a6a607b4221a894bf861da7914e.r2.dev/2522672938171824.mp4
carried-forward  1707176936980591 c0  → https://pub-893b4a6a607b4221a894bf861da7914e.r2.dev/1707176936980591.mp4
image-pending    985404417465742 c0  (HANDOVER §8.5 — image handling not yet built)
image-pending    985404417465742 c0  (HANDOVER §8.5 — image handling not yet built)
image-pending    985404417465742 c0  (HANDOVER §8.5 — image handling not yet built)
image-pending    985404417465742 c0  (HANDOVER §8.5 — image handling not yet built)
image-pending    985404417465742 c0  (HANDOVER §8.5 — image handling not yet built)
uploaded         893149283830556 c0  (video) ← 893149283830556.mp4  → https://pub-893b4a6a607b4221a894bf861da7914e.r2.dev/893149283830556.mp4
carried-forward  2083904279177690 c0  → https://pub-893b4a6a607b4221a894bf861da7914e.r2.dev/2083904279177690.mp4
image-pending    882797357680294 c0  (HANDOVER §8.5 — image handling not yet built)
image-pending    882797357680294 c0  (HANDOVER §8.5 — image handling not yet built)
image-pending    882797357680294 c0  (HANDOVER §8.5 — image handling not yet built)
image-pending    882797357680294 c0  (HANDOVER §8.5 — image handling not yet built)
image-pending    882797357680294 c0  (HANDOVER §8.5 — image handling not yet built)
image-pending    882797357680294 c0  (HANDOVER §8.5 — image handling not yet built)
image-pending    882797357680294 c0  (HANDOVER §8.5 — image handling not yet built)
image-pending    882797357680294 c0  (HANDOVER §8.5 — image handling not yet built)
carried-forward  1033719039327048 c0  → https://pub-893b4a6a607b4221a894bf861da7914e.r2.dev/1033719039327048.mp4
carried-forward  1640191887072322 c0  → https://pub-893b4a6a607b4221a894bf861da7914e.r2.dev/1640191887072322.mp4
video-missing    1640191887072322 c0  (expected file not found in facebook/videos/ewa-2026-07-02)
video-missing    1640191887072322 c0  (expected file not found in facebook/videos/ewa-2026-07-02)
video-missing    1640191887072322 c0  (expected file not found in facebook/videos/ewa-2026-07-02)
video-missing    1640191887072322 c0  (expected file not found in facebook/videos/ewa-2026-07-02)
video-missing    1640191887072322 c0  (expected file not found in facebook/videos/ewa-2026-07-02)
video-missing    1640191887072322 c0  (expected file not found in facebook/videos/ewa-2026-07-02)
video-missing    1640191887072322 c0  (expected file not found in facebook/videos/ewa-2026-07-02)
image-pending    1543127210649861 c0  (HANDOVER §8.5 — image handling not yet built)
image-pending    1543127210649861 c0  (HANDOVER §8.5 — image handling not yet built)
image-pending    947282338354349 c0  (HANDOVER §8.5 — image handling not yet built)
carried-forward  1263843505828406 c0  → https://pub-893b4a6a607b4221a894bf861da7914e.r2.dev/1263843505828406.mp4
video-missing    1263843505828406 c0  (expected file not found in facebook/videos/ewa-2026-07-02)
carried-forward  1322347983439463 c0  → https://pub-893b4a6a607b4221a894bf861da7914e.r2.dev/1322347983439463.mp4
carried-forward  1016772787479841 c0  → https://pub-893b4a6a607b4221a894bf861da7914e.r2.dev/1016772787479841.mp4
carried-forward  36770471525932119 c0  → https://pub-893b4a6a607b4221a894bf861da7914e.r2.dev/36770471525932119.mp4
image-pending    1385256133428470 c0  (HANDOVER §8.5 — image handling not yet built)
image-pending    1385256133428470 c0  (HANDOVER §8.5 — image handling not yet built)
carried-forward  1531146318649914 c0  → https://pub-893b4a6a607b4221a894bf861da7914e.r2.dev/1531146318649914.mp4
carried-forward  1389504766398946 c0  → https://pub-893b4a6a607b4221a894bf861da7914e.r2.dev/1389504766398946.mp4
carried-forward  861314829552531 c0  → https://pub-893b4a6a607b4221a894bf861da7914e.r2.dev/861314829552531.mp4
image-pending    1301121568840208 c0  (HANDOVER §8.5 — image handling not yet built)
image-pending    2581062079016530 c0  (HANDOVER §8.5 — image handling not yet built)
image-pending    2581062079016530 c0  (HANDOVER §8.5 — image handling not yet built)
image-pending    2581062079016530 c0  (HANDOVER §8.5 — image handling not yet built)
carried-forward  1738672850794256 c0  → https://pub-893b4a6a607b4221a894bf861da7914e.r2.dev/1738672850794256.mp4
carried-forward  1021773233734095 c0  → https://pub-893b4a6a607b4221a894bf861da7914e.r2.dev/1021773233734095.mp4
video-missing    1021773233734095 c0  (expected file not found in facebook/videos/ewa-2026-07-02)
video-missing    1021773233734095 c0  (expected file not found in facebook/videos/ewa-2026-07-02)
image-pending    1325612492435408 c0  (HANDOVER §8.5 — image handling not yet built)
image-pending    1325612492435408 c0  (HANDOVER §8.5 — image handling not yet built)
uploaded         1450701390409702 c0  (video) ← 1450701390409702.mp4  → https://pub-893b4a6a607b4221a894bf861da7914e.r2.dev/1450701390409702.mp4
image-pending    1324788349821922 c0  (HANDOVER §8.5 — image handling not yet built)
image-pending    1324788349821922 c0  (HANDOVER §8.5 — image handling not yet built)
image-pending    1324788349821922 c0  (HANDOVER §8.5 — image handling not yet built)
image-pending    1324788349821922 c0  (HANDOVER §8.5 — image handling not yet built)
image-pending    1629621852065775 c0  (HANDOVER §8.5 — image handling not yet built)
carried-forward  982658264552676 c0  → https://pub-893b4a6a607b4221a894bf861da7914e.r2.dev/982658264552676.mp4
carried-forward  2153072595425495 c0  → https://pub-893b4a6a607b4221a894bf861da7914e.r2.dev/2153072595425495.mp4
carried-forward  1028989829671671 c0  → https://pub-893b4a6a607b4221a894bf861da7914e.r2.dev/1028989829671671.mp4
video-missing    1028989829671671 c0  (expected file not found in facebook/videos/ewa-2026-07-02)
carried-forward  1303962934905273 c0  → https://pub-893b4a6a607b4221a894bf861da7914e.r2.dev/1303962934905273.mp4
image-pending    1543585553790322 c0  (HANDOVER §8.5 — image handling not yet built)
image-pending    1540138391236155 c0  (HANDOVER §8.5 — image handling not yet built)
image-pending    1540138391236155 c0  (HANDOVER §8.5 — image handling not yet built)
carried-forward  3313659788806473 c0  → https://pub-893b4a6a607b4221a894bf861da7914e.r2.dev/3313659788806473.mp4
video-missing    3313659788806473 c0  (expected file not found in facebook/videos/ewa-2026-07-02)
video-missing    3313659788806473 c0  (expected file not found in facebook/videos/ewa-2026-07-02)
carried-forward  1351079596540921 c0  → https://pub-893b4a6a607b4221a894bf861da7914e.r2.dev/1351079596540921.mp4
image-pending    1584458969908499 c0  (HANDOVER §8.5 — image handling not yet built)
image-pending    1584458969908499 c0  (HANDOVER §8.5 — image handling not yet built)
image-pending    1584458969908499 c0  (HANDOVER §8.5 — image handling not yet built)
uploaded         1497469591533705 c0  (video) ← 1497469591533705.mp4  → https://pub-893b4a6a607b4221a894bf861da7914e.r2.dev/1497469591533705.mp4
video-missing    1497469591533705 c0  (expected file not found in facebook/videos/ewa-2026-07-02)
video-missing    1497469591533705 c0  (expected file not found in facebook/videos/ewa-2026-07-02)
video-missing    1497469591533705 c0  (expected file not found in facebook/videos/ewa-2026-07-02)
video-missing    1497469591533705 c0  (expected file not found in facebook/videos/ewa-2026-07-02)
carried-forward  987578364170286 c0  → https://pub-893b4a6a607b4221a894bf861da7914e.r2.dev/987578364170286.mp4
image-pending    3961415633989738 c0  (HANDOVER §8.5 — image handling not yet built)
image-pending    3961415633989738 c0  (HANDOVER §8.5 — image handling not yet built)
image-pending    3961415633989738 c0  (HANDOVER §8.5 — image handling not yet built)
image-pending    3961415633989738 c0  (HANDOVER §8.5 — image handling not yet built)
image-pending    3961415633989738 c0  (HANDOVER §8.5 — image handling not yet built)
image-pending    3961415633989738 c0  (HANDOVER §8.5 — image handling not yet built)
image-pending    3961415633989738 c0  (HANDOVER §8.5 — image handling not yet built)
carried-forward  4364012890507842 c0  → https://pub-893b4a6a607b4221a894bf861da7914e.r2.dev/4364012890507842.mp4
carried-forward  2967297950139274 c0  → https://pub-893b4a6a607b4221a894bf861da7914e.r2.dev/2967297950139274.mp4
image-pending    1527933351961420 c0  (HANDOVER §8.5 — image handling not yet built)
image-pending    1527933351961420 c0  (HANDOVER §8.5 — image handling not yet built)
image-pending    1527933351961420 c0  (HANDOVER §8.5 — image handling not yet built)
image-pending    1527933351961420 c0  (HANDOVER §8.5 — image handling not yet built)
uploaded         1955488301821446 c0  (video) ← 1955488301821446.mp4  → https://pub-893b4a6a607b4221a894bf861da7914e.r2.dev/1955488301821446.mp4
video-missing    1955488301821446 c0  (expected file not found in facebook/videos/ewa-2026-07-02)
video-missing    1955488301821446 c0  (expected file not found in facebook/videos/ewa-2026-07-02)
video-missing    1955488301821446 c0  (expected file not found in facebook/videos/ewa-2026-07-02)
image-pending    1030855062969510 c0  (HANDOVER §8.5 — image handling not yet built)
image-pending    1992316721389062 c0  (HANDOVER §8.5 — image handling not yet built)
image-pending    993929376574160 c0  (HANDOVER §8.5 — image handling not yet built)
carried-forward  1638870903877067 c0  → https://pub-893b4a6a607b4221a894bf861da7914e.r2.dev/1638870903877067.mp4
video-missing    1638870903877067 c0  (expected file not found in facebook/videos/ewa-2026-07-02)
carried-forward  1525028269413342 c0  → https://pub-893b4a6a607b4221a894bf861da7914e.r2.dev/1525028269413342.mp4
video-missing    1525028269413342 c0  (expected file not found in facebook/videos/ewa-2026-07-02)
image-pending    2165844980877891 c0  (HANDOVER §8.5 — image handling not yet built)
image-pending    2165844980877891 c0  (HANDOVER §8.5 — image handling not yet built)
image-pending    2165844980877891 c0  (HANDOVER §8.5 — image handling not yet built)
image-pending    2165844980877891 c0  (HANDOVER §8.5 — image handling not yet built)
image-pending    2165844980877891 c0  (HANDOVER §8.5 — image handling not yet built)
carried-forward  1406608997963854 c0  → https://pub-893b4a6a607b4221a894bf861da7914e.r2.dev/1406608997963854.mp4
image-pending    1761868535235049 c0  (HANDOVER §8.5 — image handling not yet built)
image-pending    1761868535235049 c0  (HANDOVER §8.5 — image handling not yet built)
image-pending    1761868535235049 c0  (HANDOVER §8.5 — image handling not yet built)
image-pending    1761868535235049 c0  (HANDOVER §8.5 — image handling not yet built)
image-pending    1761868535235049 c0  (HANDOVER §8.5 — image handling not yet built)
image-pending    2224528591654992 c0  (HANDOVER §8.5 — image handling not yet built)
image-pending    2224528591654992 c0  (HANDOVER §8.5 — image handling not yet built)
image-pending    2224002348398077 c0  (HANDOVER §8.5 — image handling not yet built)
image-pending    965902922953419 c0  (HANDOVER §8.5 — image handling not yet built)
image-pending    965902922953419 c0  (HANDOVER §8.5 — image handling not yet built)
image-pending    1005774121821441 c0  (HANDOVER §8.5 — image handling not yet built)
image-pending    1005774121821441 c0  (HANDOVER §8.5 — image handling not yet built)
carried-forward  1752156706149970 c0  → https://pub-893b4a6a607b4221a894bf861da7914e.r2.dev/1752156706149970.mp4
image-pending    2876895206036320 c0  (HANDOVER §8.5 — image handling not yet built)
image-pending    2876895206036320 c0  (HANDOVER §8.5 — image handling not yet built)
image-pending    1768730974113033 c0  (HANDOVER §8.5 — image handling not yet built)
carried-forward  26941208432248984 c0  → https://pub-893b4a6a607b4221a894bf861da7914e.r2.dev/26941208432248984.mp4
video-missing    26941208432248984 c0  (expected file not found in facebook/videos/ewa-2026-07-02)
video-missing    26941208432248984 c0  (expected file not found in facebook/videos/ewa-2026-07-02)
carried-forward  1961539248582227 c0  → https://pub-893b4a6a607b4221a894bf861da7914e.r2.dev/1961539248582227.mp4
carried-forward  1992491944694437 c0  → https://pub-893b4a6a607b4221a894bf861da7914e.r2.dev/1992491944694437.mp4
carried-forward  1024421640554837 c0  → https://pub-893b4a6a607b4221a894bf861da7914e.r2.dev/1024421640554837.mp4
video-missing    1024421640554837 c0  (expected file not found in facebook/videos/ewa-2026-07-02)
carried-forward  4437805383155674 c0  → https://pub-893b4a6a607b4221a894bf861da7914e.r2.dev/4437805383155674.mp4
uploaded         1802259810942636 c0  (video) ← 1802259810942636.mp4  → https://pub-893b4a6a607b4221a894bf861da7914e.r2.dev/1802259810942636.mp4
image-pending    905243015952661 c0  (HANDOVER §8.5 — image handling not yet built)
carried-forward  911113682000470 c0  → https://pub-893b4a6a607b4221a894bf861da7914e.r2.dev/911113682000470.mp4
image-pending    1185514300396342 c0  (HANDOVER §8.5 — image handling not yet built)
image-pending    1185514300396342 c0  (HANDOVER §8.5 — image handling not yet built)
image-pending    1185514300396342 c0  (HANDOVER §8.5 — image handling not yet built)
image-pending    1185514300396342 c0  (HANDOVER §8.5 — image handling not yet built)
image-pending    1185514300396342 c0  (HANDOVER §8.5 — image handling not yet built)
carried-forward  1953404045366380 c0  → https://pub-893b4a6a607b4221a894bf861da7914e.r2.dev/1953404045366380.mp4
carried-forward  1549670379885821 c0  → https://pub-893b4a6a607b4221a894bf861da7914e.r2.dev/1549670379885821.mp4
video-missing    1549670379885821 c0  (expected file not found in facebook/videos/ewa-2026-07-02)
image-pending    27588960730735814 c0  (HANDOVER §8.5 — image handling not yet built)
image-pending    27588960730735814 c0  (HANDOVER §8.5 — image handling not yet built)
image-pending    1824664698494596 c0  (HANDOVER §8.5 — image handling not yet built)
image-pending    1824664698494596 c0  (HANDOVER §8.5 — image handling not yet built)
image-pending    1824664698494596 c0  (HANDOVER §8.5 — image handling not yet built)
image-pending    1824664698494596 c0  (HANDOVER §8.5 — image handling not yet built)
carried-forward  3171888659667630 c0  → https://pub-893b4a6a607b4221a894bf861da7914e.r2.dev/3171888659667630.mp4
video-missing    3171888659667630 c0  (expected file not found in facebook/videos/ewa-2026-07-02)
video-missing    3171888659667630 c0  (expected file not found in facebook/videos/ewa-2026-07-02)
carried-forward  2058187928097579 c0  → https://pub-893b4a6a607b4221a894bf861da7914e.r2.dev/2058187928097579.mp4
video-missing    2058187928097579 c0  (expected file not found in facebook/videos/ewa-2026-07-02)
image-pending    1337065045063146 c0  (HANDOVER §8.5 — image handling not yet built)
carried-forward  2562838914148299 c0  → https://pub-893b4a6a607b4221a894bf861da7914e.r2.dev/2562838914148299.mp4
carried-forward  4524760267809514 c0  → https://pub-893b4a6a607b4221a894bf861da7914e.r2.dev/4524760267809514.mp4
uploaded         823290904050502 c0  (video) ← 823290904050502.mp4  → https://pub-893b4a6a607b4221a894bf861da7914e.r2.dev/823290904050502.mp4
image-pending    1011715211750469 c0  (HANDOVER §8.5 — image handling not yet built)
image-pending    1535257118141524 c0  (HANDOVER §8.5 — image handling not yet built)
image-pending    2079830319234661 c0  (HANDOVER §8.5 — image handling not yet built)
carried-forward  945713541851892 c0  → https://pub-893b4a6a607b4221a894bf861da7914e.r2.dev/945713541851892.mp4
carried-forward  858199510342620 c0  → https://pub-893b4a6a607b4221a894bf861da7914e.r2.dev/858199510342620.mp4
video-missing    858199510342620 c0  (expected file not found in facebook/videos/ewa-2026-07-02)
video-missing    858199510342620 c0  (expected file not found in facebook/videos/ewa-2026-07-02)
image-pending    2072264347040252 c0  (HANDOVER §8.5 — image handling not yet built)
uploaded         1502454030825768 c0  (video) ← 1502454030825768.mp4  → https://pub-893b4a6a607b4221a894bf861da7914e.r2.dev/1502454030825768.mp4
video-missing    1502454030825768 c0  (expected file not found in facebook/videos/ewa-2026-07-02)
video-missing    1502454030825768 c0  (expected file not found in facebook/videos/ewa-2026-07-02)
video-missing    1502454030825768 c0  (expected file not found in facebook/videos/ewa-2026-07-02)
video-missing    1502454030825768 c0  (expected file not found in facebook/videos/ewa-2026-07-02)
video-missing    1502454030825768 c0  (expected file not found in facebook/videos/ewa-2026-07-02)
carried-forward  1034668945704153 c0  → https://pub-893b4a6a607b4221a894bf861da7914e.r2.dev/1034668945704153.mp4
carried-forward  27524067237283609 c0  → https://pub-893b4a6a607b4221a894bf861da7914e.r2.dev/27524067237283609.mp4
video-missing    27524067237283609 c0  (expected file not found in facebook/videos/ewa-2026-07-02)
video-missing    27524067237283609 c0  (expected file not found in facebook/videos/ewa-2026-07-02)
carried-forward  1546760830324547 c0  → https://pub-893b4a6a607b4221a894bf861da7914e.r2.dev/1546760830324547.mp4
video-missing    1546760830324547 c0  (expected file not found in facebook/videos/ewa-2026-07-02)
image-pending    1018303464181640 c0  (HANDOVER §8.5 — image handling not yet built)
image-pending    1018303464181640 c0  (HANDOVER §8.5 — image handling not yet built)
carried-forward  1298839095732179 c0  → https://pub-893b4a6a607b4221a894bf861da7914e.r2.dev/1298839095732179.mp4
carried-forward  994311030045850 c0  → https://pub-893b4a6a607b4221a894bf861da7914e.r2.dev/994311030045850.mp4
video-missing    994311030045850 c0  (expected file not found in facebook/videos/ewa-2026-07-02)
video-missing    994311030045850 c0  (expected file not found in facebook/videos/ewa-2026-07-02)
video-missing    994311030045850 c0  (expected file not found in facebook/videos/ewa-2026-07-02)
image-pending    788383080962001 c0  (HANDOVER §8.5 — image handling not yet built)
image-pending    1346464304106204 c0  (HANDOVER §8.5 — image handling not yet built)
image-pending    1346464304106204 c0  (HANDOVER §8.5 — image handling not yet built)
image-pending    1346464304106204 c0  (HANDOVER §8.5 — image handling not yet built)
image-pending    1346464304106204 c0  (HANDOVER §8.5 — image handling not yet built)
image-pending    1346464304106204 c0  (HANDOVER §8.5 — image handling not yet built)
image-pending    1346464304106204 c0  (HANDOVER §8.5 — image handling not yet built)
image-pending    1346464304106204 c0  (HANDOVER §8.5 — image handling not yet built)
image-pending    1540191641056848 c0  (HANDOVER §8.5 — image handling not yet built)
image-pending    910754865374182 c0  (HANDOVER §8.5 — image handling not yet built)
carried-forward  3740398829441683 c0  → https://pub-893b4a6a607b4221a894bf861da7914e.r2.dev/3740398829441683.mp4
carried-forward  1305965358369402 c0  → https://pub-893b4a6a607b4221a894bf861da7914e.r2.dev/1305965358369402.mp4
video-missing    1305965358369402 c0  (expected file not found in facebook/videos/ewa-2026-07-02)
carried-forward  1539995524439275 c0  → https://pub-893b4a6a607b4221a894bf861da7914e.r2.dev/1539995524439275.mp4
carried-forward  1343216794623512 c0  → https://pub-893b4a6a607b4221a894bf861da7914e.r2.dev/1343216794623512.mp4
carried-forward  985748754247876 c0  → https://pub-893b4a6a607b4221a894bf861da7914e.r2.dev/985748754247876.mp4
image-pending    1015639614400582 c0  (HANDOVER §8.5 — image handling not yet built)
image-pending    1292823162965929 c0  (HANDOVER §8.5 — image handling not yet built)
image-pending    1014432594507822 c0  (HANDOVER §8.5 — image handling not yet built)
video-missing    2255211915285121 c0  (expected file not found in facebook/videos/ewa-2026-07-02)
carried-forward  1040195851917005 c0  → https://pub-893b4a6a607b4221a894bf861da7914e.r2.dev/1040195851917005.mp4
image-pending    2191567841666789 c0  (HANDOVER §8.5 — image handling not yet built)
image-pending    2191567841666789 c0  (HANDOVER §8.5 — image handling not yet built)
image-pending    1747099009984423 c0  (HANDOVER §8.5 — image handling not yet built)
image-pending    1686484765924132 c0  (HANDOVER §8.5 — image handling not yet built)
image-pending    1024003207257866 c0  (HANDOVER §8.5 — image handling not yet built)
carried-forward  1026014189797524 c0  → https://pub-893b4a6a607b4221a894bf861da7914e.r2.dev/1026014189797524.mp4
image-pending    2464476500720499 c0  (HANDOVER §8.5 — image handling not yet built)
image-pending    1492126768854918 c0  (HANDOVER §8.5 — image handling not yet built)
image-pending    1291026723050608 c0  (HANDOVER §8.5 — image handling not yet built)
carried-forward  1006708378673648 c0  → https://pub-893b4a6a607b4221a894bf861da7914e.r2.dev/1006708378673648.mp4
image-pending    1566287345194075 c0  (HANDOVER §8.5 — image handling not yet built)
image-pending    1542165574038676 c0  (HANDOVER §8.5 — image handling not yet built)
image-pending    1542165574038676 c0  (HANDOVER §8.5 — image handling not yet built)
image-pending    1542165574038676 c0  (HANDOVER §8.5 — image handling not yet built)
image-pending    1542165574038676 c0  (HANDOVER §8.5 — image handling not yet built)
image-pending    1031645726269897 c0  (HANDOVER §8.5 — image handling not yet built)
carried-forward  1039979878686307 c0  → https://pub-893b4a6a607b4221a894bf861da7914e.r2.dev/1039979878686307.mp4
image-pending    1042689678734622 c0  (HANDOVER §8.5 — image handling not yet built)
image-pending    1032191359274773 c0  (HANDOVER §8.5 — image handling not yet built)
uploaded         1253945133345568 c0  (video) ← 1253945133345568.mp4  → https://pub-893b4a6a607b4221a894bf861da7914e.r2.dev/1253945133345568.mp4
video-missing    1253945133345568 c0  (expected file not found in facebook/videos/ewa-2026-07-02)
video-missing    1253945133345568 c0  (expected file not found in facebook/videos/ewa-2026-07-02)
video-missing    1253945133345568 c0  (expected file not found in facebook/videos/ewa-2026-07-02)
image-pending    2732603243775854 c0  (HANDOVER §8.5 — image handling not yet built)
uploaded         966552993087892 c0  (video) ← 966552993087892.mp4  → https://pub-893b4a6a607b4221a894bf861da7914e.r2.dev/966552993087892.mp4
video-missing    966552993087892 c0  (expected file not found in facebook/videos/ewa-2026-07-02)
video-missing    966552993087892 c0  (expected file not found in facebook/videos/ewa-2026-07-02)
carried-forward  946656895078543 c0  → https://pub-893b4a6a607b4221a894bf861da7914e.r2.dev/946656895078543.mp4
carried-forward  2072598147003830 c0  → https://pub-893b4a6a607b4221a894bf861da7914e.r2.dev/2072598147003830.mp4
carried-forward  1765902828097364 c0  → https://pub-893b4a6a607b4221a894bf861da7914e.r2.dev/1765902828097364.mp4
image-pending    1018848827196596 c0  (HANDOVER §8.5 — image handling not yet built)
image-pending    1018848827196596 c0  (HANDOVER §8.5 — image handling not yet built)
carried-forward  3055578118167019 c0  → https://pub-893b4a6a607b4221a894bf861da7914e.r2.dev/3055578118167019.mp4
image-pending    835413979408047 c0  (HANDOVER §8.5 — image handling not yet built)
image-pending    980122471739075 c0  (HANDOVER §8.5 — image handling not yet built)
carried-forward  1313083814243364 c0  → https://pub-893b4a6a607b4221a894bf861da7914e.r2.dev/1313083814243364.mp4
image-pending    1767093294457809 c0  (HANDOVER §8.5 — image handling not yet built)
image-pending    1767093294457809 c0  (HANDOVER §8.5 — image handling not yet built)
carried-forward  1784420595774286 c0  → https://pub-893b4a6a607b4221a894bf861da7914e.r2.dev/1784420595774286.mp4
image-pending    2317206778769016 c0  (HANDOVER §8.5 — image handling not yet built)
image-pending    1018424360726225 c0  (HANDOVER §8.5 — image handling not yet built)
image-pending    1018424360726225 c0  (HANDOVER §8.5 — image handling not yet built)
image-pending    1409666311032515 c0  (HANDOVER §8.5 — image handling not yet built)
image-pending    1409666311032515 c0  (HANDOVER §8.5 — image handling not yet built)
image-pending    1409666311032515 c0  (HANDOVER §8.5 — image handling not yet built)
image-pending    1409666311032515 c0  (HANDOVER §8.5 — image handling not yet built)
carried-forward  2135004940398067 c0  → https://pub-893b4a6a607b4221a894bf861da7914e.r2.dev/2135004940398067.mp4
video-missing    2135004940398067 c0  (expected file not found in facebook/videos/ewa-2026-07-02)
video-missing    2135004940398067 c0  (expected file not found in facebook/videos/ewa-2026-07-02)
image-pending    864939319671314 c0  (HANDOVER §8.5 — image handling not yet built)
image-pending    864939319671314 c0  (HANDOVER §8.5 — image handling not yet built)
image-pending    864939319671314 c0  (HANDOVER §8.5 — image handling not yet built)
carried-forward  1578471453851722 c0  → https://pub-893b4a6a607b4221a894bf861da7914e.r2.dev/1578471453851722.mp4
image-pending    1499387605321664 c0  (HANDOVER §8.5 — image handling not yet built)
image-pending    1355700916662650 c0  (HANDOVER §8.5 — image handling not yet built)
image-pending    1355700916662650 c0  (HANDOVER §8.5 — image handling not yet built)
image-pending    1355700916662650 c0  (HANDOVER §8.5 — image handling not yet built)
image-pending    1355700916662650 c0  (HANDOVER §8.5 — image handling not yet built)
image-pending    1170197599312675 c0  (HANDOVER §8.5 — image handling not yet built)
image-pending    1170197599312675 c0  (HANDOVER §8.5 — image handling not yet built)
image-pending    2576683799417366 c0  (HANDOVER §8.5 — image handling not yet built)
image-pending    2576683799417366 c0  (HANDOVER §8.5 — image handling not yet built)
carried-forward  994855393322677 c0  → https://pub-893b4a6a607b4221a894bf861da7914e.r2.dev/994855393322677.mp4
image-pending    1372259981480948 c0  (HANDOVER §8.5 — image handling not yet built)
image-pending    1352943566745111 c0  (HANDOVER §8.5 — image handling not yet built)
carried-forward  1800827370892871 c0  → https://pub-893b4a6a607b4221a894bf861da7914e.r2.dev/1800827370892871.mp4
carried-forward  1682725659607834 c0  → https://pub-893b4a6a607b4221a894bf861da7914e.r2.dev/1682725659607834.mp4
image-pending    860204243439448 c0  (HANDOVER §8.5 — image handling not yet built)
image-pending    1631112127987810 c0  (HANDOVER §8.5 — image handling not yet built)
carried-forward  1899937620694294 c0  → https://pub-893b4a6a607b4221a894bf861da7914e.r2.dev/1899937620694294.mp4
carried-forward  880695728406926 c0  → https://pub-893b4a6a607b4221a894bf861da7914e.r2.dev/880695728406926.mp4
carried-forward  1023260286830884 c0  → https://pub-893b4a6a607b4221a894bf861da7914e.r2.dev/1023260286830884.mp4
carried-forward  1213143580880266 c0  → https://pub-893b4a6a607b4221a894bf861da7914e.r2.dev/1213143580880266.mp4
carried-forward  986256457521479 c0  → https://pub-893b4a6a607b4221a894bf861da7914e.r2.dev/986256457521479.mp4
image-pending    2056618554923135 c0  (HANDOVER §8.5 — image handling not yet built)
carried-forward  1512461623874160 c0  → https://pub-893b4a6a607b4221a894bf861da7914e.r2.dev/1512461623874160.mp4
carried-forward  880229471791107 c0  → https://pub-893b4a6a607b4221a894bf861da7914e.r2.dev/880229471791107.mp4
video-missing    880229471791107 c0  (expected file not found in facebook/videos/ewa-2026-07-02)
video-missing    880229471791107 c0  (expected file not found in facebook/videos/ewa-2026-07-02)
video-missing    880229471791107 c0  (expected file not found in facebook/videos/ewa-2026-07-02)
image-pending    2225969444845832 c0  (HANDOVER §8.5 — image handling not yet built)
image-pending    2225969444845832 c0  (HANDOVER §8.5 — image handling not yet built)
carried-forward  964729819902436 c0  → https://pub-893b4a6a607b4221a894bf861da7914e.r2.dev/964729819902436.mp4
video-missing    964729819902436 c0  (expected file not found in facebook/videos/ewa-2026-07-02)
image-pending    1342050267376200 c0  (HANDOVER §8.5 — image handling not yet built)
carried-forward  1570846288024316 c0  → https://pub-893b4a6a607b4221a894bf861da7914e.r2.dev/1570846288024316.mp4
carried-forward  2344096812747309 c0  → https://pub-893b4a6a607b4221a894bf861da7914e.r2.dev/2344096812747309.mp4
carried-forward  2517838241987977 c0  → https://pub-893b4a6a607b4221a894bf861da7914e.r2.dev/2517838241987977.mp4
carried-forward  26927804263569078 c0  → https://pub-893b4a6a607b4221a894bf861da7914e.r2.dev/26927804263569078.mp4
image-pending    1524544525823458 c0  (HANDOVER §8.5 — image handling not yet built)
image-pending    1524544525823458 c0  (HANDOVER §8.5 — image handling not yet built)
image-pending    1524544525823458 c0  (HANDOVER §8.5 — image handling not yet built)
image-pending    2015412532435051 c0  (HANDOVER §8.5 — image handling not yet built)
image-pending    1625205325212562 c0  (HANDOVER §8.5 — image handling not yet built)
carried-forward  1305737415039180 c0  → https://pub-893b4a6a607b4221a894bf861da7914e.r2.dev/1305737415039180.mp4
uploaded         1011925821432477 c0  (video) ← 1011925821432477.mp4  → https://pub-893b4a6a607b4221a894bf861da7914e.r2.dev/1011925821432477.mp4
image-pending    1701414314497292 c0  (HANDOVER §8.5 — image handling not yet built)
carried-forward  896097103536346 c0  → https://pub-893b4a6a607b4221a894bf861da7914e.r2.dev/896097103536346.mp4
carried-forward  818857611052126 c0  → https://pub-893b4a6a607b4221a894bf861da7914e.r2.dev/818857611052126.mp4
image-pending    1569141891588856 c0  (HANDOVER §8.5 — image handling not yet built)
carried-forward  2483760772105018 c0  → https://pub-893b4a6a607b4221a894bf861da7914e.r2.dev/2483760772105018.mp4
carried-forward  1382508637023903 c0  → https://pub-893b4a6a607b4221a894bf861da7914e.r2.dev/1382508637023903.mp4
image-pending    1571107184610469 c0  (HANDOVER §8.5 — image handling not yet built)
image-pending    1571107184610469 c0  (HANDOVER §8.5 — image handling not yet built)
carried-forward  1008784498174190 c0  → https://pub-893b4a6a607b4221a894bf861da7914e.r2.dev/1008784498174190.mp4
image-pending    1543657090687826 c0  (HANDOVER §8.5 — image handling not yet built)
image-pending    1903137807039743 c0  (HANDOVER §8.5 — image handling not yet built)
uploaded         1012235105000273 c0  (video) ← 1012235105000273.mp4  → https://pub-893b4a6a607b4221a894bf861da7914e.r2.dev/1012235105000273.mp4
carried-forward  2434289590390035 c0  → https://pub-893b4a6a607b4221a894bf861da7914e.r2.dev/2434289590390035.mp4
video-missing    2434289590390035 c0  (expected file not found in facebook/videos/ewa-2026-07-02)
video-missing    2434289590390035 c0  (expected file not found in facebook/videos/ewa-2026-07-02)
video-missing    2434289590390035 c0  (expected file not found in facebook/videos/ewa-2026-07-02)
carried-forward  1007796711633449 c0  → https://pub-893b4a6a607b4221a894bf861da7914e.r2.dev/1007796711633449.mp4
carried-forward  2023627198193226 c0  → https://pub-893b4a6a607b4221a894bf861da7914e.r2.dev/2023627198193226.mp4
image-pending    1921613808539751 c0  (HANDOVER §8.5 — image handling not yet built)
image-pending    1921613808539751 c0  (HANDOVER §8.5 — image handling not yet built)
image-pending    1494173338537291 c0  (HANDOVER §8.5 — image handling not yet built)
carried-forward  4554801771509031 c0  → https://pub-893b4a6a607b4221a894bf861da7914e.r2.dev/4554801771509031.mp4
carried-forward  2012973939308212 c0  → https://pub-893b4a6a607b4221a894bf861da7914e.r2.dev/2012973939308212.mp4
carried-forward  1019038120614140 c0  → https://pub-893b4a6a607b4221a894bf861da7914e.r2.dev/1019038120614140.mp4
image-pending    1543605293933269 c0  (HANDOVER §8.5 — image handling not yet built)
image-pending    3290500091143588 c0  (HANDOVER §8.5 — image handling not yet built)
carried-forward  1756225638678935 c0  → https://pub-893b4a6a607b4221a894bf861da7914e.r2.dev/1756225638678935.mp4
image-pending    2827539170964620 c0  (HANDOVER §8.5 — image handling not yet built)
image-pending    2827539170964620 c0  (HANDOVER §8.5 — image handling not yet built)
image-pending    1345189080884689 c0  (HANDOVER §8.5 — image handling not yet built)
carried-forward  4484981011733439 c0  → https://pub-893b4a6a607b4221a894bf861da7914e.r2.dev/4484981011733439.mp4
carried-forward  1984174936305209 c0  → https://pub-893b4a6a607b4221a894bf861da7914e.r2.dev/1984174936305209.mp4
image-pending    4136601359895602 c0  (HANDOVER §8.5 — image handling not yet built)
image-pending    987808617469391 c0  (HANDOVER §8.5 — image handling not yet built)
carried-forward  1752358445919708 c0  → https://pub-893b4a6a607b4221a894bf861da7914e.r2.dev/1752358445919708.mp4
image-pending    1172843361672123 c0  (HANDOVER §8.5 — image handling not yet built)
image-pending    4507517659485294 c0  (HANDOVER §8.5 — image handling not yet built)
carried-forward  1996140251265814 c0  → https://pub-893b4a6a607b4221a894bf861da7914e.r2.dev/1996140251265814.mp4
image-pending    1787404752424698 c0  (HANDOVER §8.5 — image handling not yet built)
image-pending    989784723921741 c0  (HANDOVER §8.5 — image handling not yet built)
image-pending    989784723921741 c0  (HANDOVER §8.5 — image handling not yet built)
carried-forward  1008147098584628 c0  → https://pub-893b4a6a607b4221a894bf861da7914e.r2.dev/1008147098584628.mp4
image-pending    1221058854419524 c0  (HANDOVER §8.5 — image handling not yet built)
image-pending    1221058854419524 c0  (HANDOVER §8.5 — image handling not yet built)
video-missing    1351528743702465 c0  (expected file not found in facebook/videos/ewa-2026-07-02)
carried-forward  1508761270716121 c0  → https://pub-893b4a6a607b4221a894bf861da7914e.r2.dev/1508761270716121.mp4
carried-forward  3468187740022537 c0  → https://pub-893b4a6a607b4221a894bf861da7914e.r2.dev/3468187740022537.mp4
video-missing    3468187740022537 c0  (expected file not found in facebook/videos/ewa-2026-07-02)
carried-forward  2119014918676502 c0  → https://pub-893b4a6a607b4221a894bf861da7914e.r2.dev/2119014918676502.mp4
image-pending    1703286514052083 c0  (HANDOVER §8.5 — image handling not yet built)
image-pending    1703286514052083 c0  (HANDOVER §8.5 — image handling not yet built)
image-pending    1703286514052083 c0  (HANDOVER §8.5 — image handling not yet built)
image-pending    1703286514052083 c0  (HANDOVER §8.5 — image handling not yet built)
image-pending    1703286514052083 c0  (HANDOVER §8.5 — image handling not yet built)
image-pending    1703286514052083 c0  (HANDOVER §8.5 — image handling not yet built)
image-pending    1703286514052083 c0  (HANDOVER §8.5 — image handling not yet built)
image-pending    1703286514052083 c0  (HANDOVER §8.5 — image handling not yet built)
image-pending    1703286514052083 c0  (HANDOVER §8.5 — image handling not yet built)
image-pending    1703286514052083 c0  (HANDOVER §8.5 — image handling not yet built)
image-pending    876262868866794 c0  (HANDOVER §8.5 — image handling not yet built)
carried-forward  1529300782261768 c0  → https://pub-893b4a6a607b4221a894bf861da7914e.r2.dev/1529300782261768.mp4
uploaded         823375574046505 c0  (video) ← 823375574046505.mp4  → https://pub-893b4a6a607b4221a894bf861da7914e.r2.dev/823375574046505.mp4
carried-forward  4528636544023175 c0  → https://pub-893b4a6a607b4221a894bf861da7914e.r2.dev/4528636544023175.mp4
image-pending    1376974534344778 c0  (HANDOVER §8.5 — image handling not yet built)
image-pending    1376974534344778 c0  (HANDOVER §8.5 — image handling not yet built)
image-pending    1376974534344778 c0  (HANDOVER §8.5 — image handling not yet built)
carried-forward  1333133978321773 c0  → https://pub-893b4a6a607b4221a894bf861da7914e.r2.dev/1333133978321773.mp4
image-pending    1554804916375149 c0  (HANDOVER §8.5 — image handling not yet built)
image-pending    1554804916375149 c0  (HANDOVER §8.5 — image handling not yet built)
uploaded         3690253867797644 c0  (video) ← 3690253867797644.mp4  → https://pub-893b4a6a607b4221a894bf861da7914e.r2.dev/3690253867797644.mp4
video-missing    3690253867797644 c0  (expected file not found in facebook/videos/ewa-2026-07-02)
carried-forward  1577939563747355 c0  → https://pub-893b4a6a607b4221a894bf861da7914e.r2.dev/1577939563747355.mp4
image-pending    872283899263225 c0  (HANDOVER §8.5 — image handling not yet built)
image-pending    872283899263225 c0  (HANDOVER §8.5 — image handling not yet built)
carried-forward  978484595031205 c0  → https://pub-893b4a6a607b4221a894bf861da7914e.r2.dev/978484595031205.mp4
image-pending    1039674745666393 c0  (HANDOVER §8.5 — image handling not yet built)
image-pending    1039674745666393 c0  (HANDOVER §8.5 — image handling not yet built)
image-pending    1039674745666393 c0  (HANDOVER §8.5 — image handling not yet built)
image-pending    1039674745666393 c0  (HANDOVER §8.5 — image handling not yet built)
image-pending    1039674745666393 c0  (HANDOVER §8.5 — image handling not yet built)
image-pending    1039674745666393 c0  (HANDOVER §8.5 — image handling not yet built)
carried-forward  1028894899899808 c0  → https://pub-893b4a6a607b4221a894bf861da7914e.r2.dev/1028894899899808.mp4
video-missing    1028894899899808 c0  (expected file not found in facebook/videos/ewa-2026-07-02)
video-missing    1028894899899808 c0  (expected file not found in facebook/videos/ewa-2026-07-02)
image-pending    3866165790345053 c0  (HANDOVER §8.5 — image handling not yet built)
image-pending    1513860570481343 c0  (HANDOVER §8.5 — image handling not yet built)
carried-forward  1698186978090399 c0  → https://pub-893b4a6a607b4221a894bf861da7914e.r2.dev/1698186978090399.mp4
image-pending    2017457759164713 c0  (HANDOVER §8.5 — image handling not yet built)
carried-forward  1043786734997556 c0  → https://pub-893b4a6a607b4221a894bf861da7914e.r2.dev/1043786734997556.mp4
carried-forward  1754243929259516 c0  → https://pub-893b4a6a607b4221a894bf861da7914e.r2.dev/1754243929259516.mp4
image-pending    2177118113129430 c0  (HANDOVER §8.5 — image handling not yet built)
image-pending    2177118113129430 c0  (HANDOVER §8.5 — image handling not yet built)
image-pending    2177118113129430 c0  (HANDOVER §8.5 — image handling not yet built)
image-pending    1743252443517930 c0  (HANDOVER §8.5 — image handling not yet built)
carried-forward  2009098333302941 c0  → https://pub-893b4a6a607b4221a894bf861da7914e.r2.dev/2009098333302941.mp4
image-pending    1542085793975241 c0  (HANDOVER §8.5 — image handling not yet built)
image-pending    992125136964428 c0  (HANDOVER §8.5 — image handling not yet built)
image-pending    1549208650115208 c0  (HANDOVER §8.5 — image handling not yet built)
image-pending    1372677094962864 c0  (HANDOVER §8.5 — image handling not yet built)
image-pending    1372677094962864 c0  (HANDOVER §8.5 — image handling not yet built)
image-pending    1372677094962864 c0  (HANDOVER §8.5 — image handling not yet built)
image-pending    1372677094962864 c0  (HANDOVER §8.5 — image handling not yet built)
image-pending    1372677094962864 c0  (HANDOVER §8.5 — image handling not yet built)
carried-forward  1644222149992408 c0  → https://pub-893b4a6a607b4221a894bf861da7914e.r2.dev/1644222149992408.mp4
carried-forward  988961137444502 c0  → https://pub-893b4a6a607b4221a894bf861da7914e.r2.dev/988961137444502.mp4
carried-forward  990379550276683 c0  → https://pub-893b4a6a607b4221a894bf861da7914e.r2.dev/990379550276683.mp4
carried-forward  1481411496452161 c0  → https://pub-893b4a6a607b4221a894bf861da7914e.r2.dev/1481411496452161.mp4
video-missing    1481411496452161 c0  (expected file not found in facebook/videos/ewa-2026-07-02)
uploaded         1767391214614221 c0  (video) ← 1767391214614221.mp4  → https://pub-893b4a6a607b4221a894bf861da7914e.r2.dev/1767391214614221.mp4
video-missing    1767391214614221 c0  (expected file not found in facebook/videos/ewa-2026-07-02)
carried-forward  1982086229122194 c0  → https://pub-893b4a6a607b4221a894bf861da7914e.r2.dev/1982086229122194.mp4
image-pending    1601704591575770 c0  (HANDOVER §8.5 — image handling not yet built)
carried-forward  2071684923420728 c0  → https://pub-893b4a6a607b4221a894bf861da7914e.r2.dev/2071684923420728.mp4
video-missing    2071684923420728 c0  (expected file not found in facebook/videos/ewa-2026-07-02)
carried-forward  2208961733289666 c0  → https://pub-893b4a6a607b4221a894bf861da7914e.r2.dev/2208961733289666.mp4
video-missing    2208961733289666 c0  (expected file not found in facebook/videos/ewa-2026-07-02)
video-missing    2208961733289666 c0  (expected file not found in facebook/videos/ewa-2026-07-02)
uploaded         1017742970989025 c0  (video) ← 1017742970989025.mp4  → https://pub-893b4a6a607b4221a894bf861da7914e.r2.dev/1017742970989025.mp4
video-missing    1017742970989025 c0  (expected file not found in facebook/videos/ewa-2026-07-02)
carried-forward  1570966381284880 c0  → https://pub-893b4a6a607b4221a894bf861da7914e.r2.dev/1570966381284880.mp4
image-pending    1001463306043817 c0  (HANDOVER §8.5 — image handling not yet built)
carried-forward  1359948212675982 c0  → https://pub-893b4a6a607b4221a894bf861da7914e.r2.dev/1359948212675982.mp4
carried-forward  1500435148378929 c0  → https://pub-893b4a6a607b4221a894bf861da7914e.r2.dev/1500435148378929.mp4
video-missing    1500435148378929 c0  (expected file not found in facebook/videos/ewa-2026-07-02)
carried-forward  1331764958470467 c0  → https://pub-893b4a6a607b4221a894bf861da7914e.r2.dev/1331764958470467.mp4
video-missing    1331764958470467 c0  (expected file not found in facebook/videos/ewa-2026-07-02)
carried-forward  1917036678977575 c0  → https://pub-893b4a6a607b4221a894bf861da7914e.r2.dev/1917036678977575.mp4
carried-forward  1030044452877218 c0  → https://pub-893b4a6a607b4221a894bf861da7914e.r2.dev/1030044452877218.mp4
image-pending    4270290429886599 c0  (HANDOVER §8.5 — image handling not yet built)
carried-forward  2566868353746201 c0  → https://pub-893b4a6a607b4221a894bf861da7914e.r2.dev/2566868353746201.mp4
carried-forward  998634673134445 c0  → https://pub-893b4a6a607b4221a894bf861da7914e.r2.dev/998634673134445.mp4
video-missing    998634673134445 c0  (expected file not found in facebook/videos/ewa-2026-07-02)
uploaded         3501022343408132 c0  (video) ← 3501022343408132.mp4  → https://pub-893b4a6a607b4221a894bf861da7914e.r2.dev/3501022343408132.mp4
video-missing    3501022343408132 c0  (expected file not found in facebook/videos/ewa-2026-07-02)
image-pending    4169102980031454 c0  (HANDOVER §8.5 — image handling not yet built)
image-pending    4169102980031454 c0  (HANDOVER §8.5 — image handling not yet built)
image-pending    2078277583074463 c0  (HANDOVER §8.5 — image handling not yet built)
image-pending    1046931901179644 c0  (HANDOVER §8.5 — image handling not yet built)
image-pending    1046931901179644 c0  (HANDOVER §8.5 — image handling not yet built)
image-pending    1046931901179644 c0  (HANDOVER §8.5 — image handling not yet built)
image-pending    1046931901179644 c0  (HANDOVER §8.5 — image handling not yet built)
uploaded         1279321237608754 c0  (video) ← 1279321237608754.mp4  → https://pub-893b4a6a607b4221a894bf861da7914e.r2.dev/1279321237608754.mp4
image-pending    2860926334248322 c0  (HANDOVER §8.5 — image handling not yet built)
carried-forward  1023972390217411 c0  → https://pub-893b4a6a607b4221a894bf861da7914e.r2.dev/1023972390217411.mp4
image-pending    4733012670355642 c0  (HANDOVER §8.5 — image handling not yet built)
uploaded         1686269802645048 c0  (video) ← 1686269802645048.mp4  → https://pub-893b4a6a607b4221a894bf861da7914e.r2.dev/1686269802645048.mp4
image-pending    1384780803704018 c0  (HANDOVER §8.5 — image handling not yet built)
image-pending    1384780803704018 c0  (HANDOVER §8.5 — image handling not yet built)
image-pending    868187975915097 c0  (HANDOVER §8.5 — image handling not yet built)
image-pending    1013281878303726 c0  (HANDOVER §8.5 — image handling not yet built)
image-pending    1480804063786225 c0  (HANDOVER §8.5 — image handling not yet built)
image-pending    1480804063786225 c0  (HANDOVER §8.5 — image handling not yet built)
carried-forward  2803844889986790 c0  → https://pub-893b4a6a607b4221a894bf861da7914e.r2.dev/2803844889986790.mp4
image-pending    872838322551563 c0  (HANDOVER §8.5 — image handling not yet built)
image-pending    1922917495024366 c0  (HANDOVER §8.5 — image handling not yet built)
carried-forward  1638814917188093 c0  → https://pub-893b4a6a607b4221a894bf861da7914e.r2.dev/1638814917188093.mp4
carried-forward  4437960459756251 c0  → https://pub-893b4a6a607b4221a894bf861da7914e.r2.dev/4437960459756251.mp4
carried-forward  1626448365089949 c0  → https://pub-893b4a6a607b4221a894bf861da7914e.r2.dev/1626448365089949.mp4
carried-forward  4013069492327411 c0  → https://pub-893b4a6a607b4221a894bf861da7914e.r2.dev/4013069492327411.mp4
image-pending    911410688652462 c0  (HANDOVER §8.5 — image handling not yet built)
image-pending    911410688652462 c0  (HANDOVER §8.5 — image handling not yet built)
image-pending    911410688652462 c0  (HANDOVER §8.5 — image handling not yet built)
image-pending    2806259896414612 c0  (HANDOVER §8.5 — image handling not yet built)
image-pending    2055973768640556 c0  (HANDOVER §8.5 — image handling not yet built)
carried-forward  1493520322263937 c0  → https://pub-893b4a6a607b4221a894bf861da7914e.r2.dev/1493520322263937.mp4
carried-forward  864334236734038 c0  → https://pub-893b4a6a607b4221a894bf861da7914e.r2.dev/864334236734038.mp4
carried-forward  1372753311440858 c0  → https://pub-893b4a6a607b4221a894bf861da7914e.r2.dev/1372753311440858.mp4
image-pending    1607534884306291 c0  (HANDOVER §8.5 — image handling not yet built)
image-pending    1580497973639646 c0  (HANDOVER §8.5 — image handling not yet built)
image-pending    1544458527374818 c0  (HANDOVER §8.5 — image handling not yet built)
image-pending    2493781417738894 c0  (HANDOVER §8.5 — image handling not yet built)
carried-forward  843302031871210 c0  → https://pub-893b4a6a607b4221a894bf861da7914e.r2.dev/843302031871210.mp4
image-pending    3199538386911111 c0  (HANDOVER §8.5 — image handling not yet built)
image-pending    4545137132436752 c0  (HANDOVER §8.5 — image handling not yet built)
uploaded         896952362775768 c0  (video) ← 896952362775768.mp4  → https://pub-893b4a6a607b4221a894bf861da7914e.r2.dev/896952362775768.mp4
carried-forward  27064749673207696 c0  → https://pub-893b4a6a607b4221a894bf861da7914e.r2.dev/27064749673207696.mp4
image-pending    1671205474108549 c0  (HANDOVER §8.5 — image handling not yet built)
image-pending    2236584430500045 c0  (HANDOVER §8.5 — image handling not yet built)
carried-forward  4378485519097928 c0  → https://pub-893b4a6a607b4221a894bf861da7914e.r2.dev/4378485519097928.mp4
video-missing    4378485519097928 c0  (expected file not found in facebook/videos/ewa-2026-07-02)
image-pending    27431525736482185 c0  (HANDOVER §8.5 — image handling not yet built)
carried-forward  1019945610581714 c0  → https://pub-893b4a6a607b4221a894bf861da7914e.r2.dev/1019945610581714.mp4
image-pending    2125686391631509 c0  (HANDOVER §8.5 — image handling not yet built)
image-pending    2125686391631509 c0  (HANDOVER §8.5 — image handling not yet built)
carried-forward  2191328728374825 c0  → https://pub-893b4a6a607b4221a894bf861da7914e.r2.dev/2191328728374825.mp4
carried-forward  1722392812230965 c0  → https://pub-893b4a6a607b4221a894bf861da7914e.r2.dev/1722392812230965.mp4
carried-forward  3540375692795697 c0  → https://pub-893b4a6a607b4221a894bf861da7914e.r2.dev/3540375692795697.mp4
image-pending    1006342445137909 c0  (HANDOVER §8.5 — image handling not yet built)
carried-forward  1233558182114614 c0  → https://pub-893b4a6a607b4221a894bf861da7914e.r2.dev/1233558182114614.mp4
image-pending    1286857293258613 c0  (HANDOVER §8.5 — image handling not yet built)
image-pending    2029381088464463 c0  (HANDOVER §8.5 — image handling not yet built)
carried-forward  1593750882360742 c0  → https://pub-893b4a6a607b4221a894bf861da7914e.r2.dev/1593750882360742.mp4
image-pending    1448540567297214 c0  (HANDOVER §8.5 — image handling not yet built)
image-pending    1005077108909759 c0  (HANDOVER §8.5 — image handling not yet built)
image-pending    1491071982155640 c0  (HANDOVER §8.5 — image handling not yet built)
image-pending    2861277267549570 c0  (HANDOVER §8.5 — image handling not yet built)
image-pending    977264178273383 c0  (HANDOVER §8.5 — image handling not yet built)
carried-forward  1632197854543611 c0  → https://pub-893b4a6a607b4221a894bf861da7914e.r2.dev/1632197854543611.mp4
video-missing    1632197854543611 c0  (expected file not found in facebook/videos/ewa-2026-07-02)
image-pending    27590263640569575 c0  (HANDOVER §8.5 — image handling not yet built)
image-pending    27590263640569575 c0  (HANDOVER §8.5 — image handling not yet built)
image-pending    27590263640569575 c0  (HANDOVER §8.5 — image handling not yet built)
uploaded         2046364676256035 c0  (video) ← 2046364676256035.mp4  → https://pub-893b4a6a607b4221a894bf861da7914e.r2.dev/2046364676256035.mp4
image-pending    1033977302859606 c0  (HANDOVER §8.5 — image handling not yet built)
carried-forward  1551104253199427 c0  → https://pub-893b4a6a607b4221a894bf861da7914e.r2.dev/1551104253199427.mp4
image-pending    992533633498487 c0  (HANDOVER §8.5 — image handling not yet built)
carried-forward  779776658463118 c0  → https://pub-893b4a6a607b4221a894bf861da7914e.r2.dev/779776658463118.mp4
video-missing    779776658463118 c0  (expected file not found in facebook/videos/ewa-2026-07-02)
uploaded         993187993450913 c0  (video) ← 993187993450913.mp4  → https://pub-893b4a6a607b4221a894bf861da7914e.r2.dev/993187993450913.mp4
image-pending    1066113329413639 c0  (HANDOVER §8.5 — image handling not yet built)
image-pending    4503170623299798 c0  (HANDOVER §8.5 — image handling not yet built)
image-pending    4503170623299798 c0  (HANDOVER §8.5 — image handling not yet built)
carried-forward  1020012900899373 c0  → https://pub-893b4a6a607b4221a894bf861da7914e.r2.dev/1020012900899373.mp4
carried-forward  4301230843484247 c0  → https://pub-893b4a6a607b4221a894bf861da7914e.r2.dev/4301230843484247.mp4
image-pending    2228946337873289 c0  (HANDOVER §8.5 — image handling not yet built)
image-pending    2228946337873289 c0  (HANDOVER §8.5 — image handling not yet built)
image-pending    1008412961928989 c0  (HANDOVER §8.5 — image handling not yet built)
image-pending    1589171409553136 c0  (HANDOVER §8.5 — image handling not yet built)
image-pending    2158376178057821 c0  (HANDOVER §8.5 — image handling not yet built)
image-pending    1505469234403939 c0  (HANDOVER §8.5 — image handling not yet built)
carried-forward  2056741749055289 c0  → https://pub-893b4a6a607b4221a894bf861da7914e.r2.dev/2056741749055289.mp4
image-pending    1568482048231558 c0  (HANDOVER §8.5 — image handling not yet built)
image-pending    1568482048231558 c0  (HANDOVER §8.5 — image handling not yet built)
image-pending    1568482048231558 c0  (HANDOVER §8.5 — image handling not yet built)
image-pending    1568482048231558 c0  (HANDOVER §8.5 — image handling not yet built)
image-pending    1568482048231558 c0  (HANDOVER §8.5 — image handling not yet built)
image-pending    1568482048231558 c0  (HANDOVER §8.5 — image handling not yet built)
carried-forward  1249646020424231 c0  → https://pub-893b4a6a607b4221a894bf861da7914e.r2.dev/1249646020424231.mp4
image-pending    2042395943338144 c0  (HANDOVER §8.5 — image handling not yet built)
image-pending    1540252577229174 c0  (HANDOVER §8.5 — image handling not yet built)
carried-forward  2003579183863096 c0  → https://pub-893b4a6a607b4221a894bf861da7914e.r2.dev/2003579183863096.mp4
video-missing    2003579183863096 c0  (expected file not found in facebook/videos/ewa-2026-07-02)
video-missing    2003579183863096 c0  (expected file not found in facebook/videos/ewa-2026-07-02)
uploaded         2132296191054857 c0  (video) ← 2132296191054857.mp4  → https://pub-893b4a6a607b4221a894bf861da7914e.r2.dev/2132296191054857.mp4
carried-forward  1605755751115147 c0  → https://pub-893b4a6a607b4221a894bf861da7914e.r2.dev/1605755751115147.mp4
image-pending    1734848537544712 c0  (HANDOVER §8.5 — image handling not yet built)
carried-forward  2123400608391675 c0  → https://pub-893b4a6a607b4221a894bf861da7914e.r2.dev/2123400608391675.mp4
image-pending    1346268046935248 c0  (HANDOVER §8.5 — image handling not yet built)
carried-forward  1726743075210853 c0  → https://pub-893b4a6a607b4221a894bf861da7914e.r2.dev/1726743075210853.mp4
image-pending    1552156029861417 c0  (HANDOVER §8.5 — image handling not yet built)
carried-forward  1977070749840969 c0  → https://pub-893b4a6a607b4221a894bf861da7914e.r2.dev/1977070749840969.mp4
carried-forward  867086383142737 c0  → https://pub-893b4a6a607b4221a894bf861da7914e.r2.dev/867086383142737.mp4
uploaded         1794513081962631 c0  (video) ← 1794513081962631.mp4  → https://pub-893b4a6a607b4221a894bf861da7914e.r2.dev/1794513081962631.mp4
carried-forward  2126961597848542 c0  → https://pub-893b4a6a607b4221a894bf861da7914e.r2.dev/2126961597848542.mp4
carried-forward  2216146602567783 c0  → https://pub-893b4a6a607b4221a894bf861da7914e.r2.dev/2216146602567783.mp4
carried-forward  1666143427953679 c0  → https://pub-893b4a6a607b4221a894bf861da7914e.r2.dev/1666143427953679.mp4
image-pending    4487350054834317 c0  (HANDOVER §8.5 — image handling not yet built)
carried-forward  1583000296767072 c0  → https://pub-893b4a6a607b4221a894bf861da7914e.r2.dev/1583000296767072.mp4
video-missing    1583000296767072 c0  (expected file not found in facebook/videos/ewa-2026-07-02)
image-pending    4286909311638820 c0  (HANDOVER §8.5 — image handling not yet built)
carried-forward  1312894363892188 c0  → https://pub-893b4a6a607b4221a894bf861da7914e.r2.dev/1312894363892188.mp4
carried-forward  1535934778085481 c0  → https://pub-893b4a6a607b4221a894bf861da7914e.r2.dev/1535934778085481.mp4
image-pending    987362784074310 c0  (HANDOVER §8.5 — image handling not yet built)
image-pending    1041247068856085 c0  (HANDOVER §8.5 — image handling not yet built)
image-pending    1041247068856085 c0  (HANDOVER §8.5 — image handling not yet built)
carried-forward  1883145999033661 c0  → https://pub-893b4a6a607b4221a894bf861da7914e.r2.dev/1883145999033661.mp4
image-pending    784258004709540 c0  (HANDOVER §8.5 — image handling not yet built)
carried-forward  1551474956467307 c0  → https://pub-893b4a6a607b4221a894bf861da7914e.r2.dev/1551474956467307.mp4
image-pending    1015602017848955 c0  (HANDOVER §8.5 — image handling not yet built)
carried-forward  1019571397604949 c0  → https://pub-893b4a6a607b4221a894bf861da7914e.r2.dev/1019571397604949.mp4
image-pending    2491565624600891 c0  (HANDOVER §8.5 — image handling not yet built)
image-pending    2927256337618982 c0  (HANDOVER §8.5 — image handling not yet built)
image-pending    1018972610505286 c0  (HANDOVER §8.5 — image handling not yet built)
image-pending    1377596427897496 c0  (HANDOVER §8.5 — image handling not yet built)
uploaded         1576807024157953 c0  (video) ← 1576807024157953.mp4  → https://pub-893b4a6a607b4221a894bf861da7914e.r2.dev/1576807024157953.mp4
image-pending    1017643493977562 c0  (HANDOVER §8.5 — image handling not yet built)
image-pending    1738076294211986 c0  (HANDOVER §8.5 — image handling not yet built)
carried-forward  2442813392849109 c0  → https://pub-893b4a6a607b4221a894bf861da7914e.r2.dev/2442813392849109.mp4
carried-forward  1544653377311972 c0  → https://pub-893b4a6a607b4221a894bf861da7914e.r2.dev/1544653377311972.mp4
video-missing    1544653377311972 c0  (expected file not found in facebook/videos/ewa-2026-07-02)
image-pending    3959241857711182 c0  (HANDOVER §8.5 — image handling not yet built)
image-pending    3959241857711182 c0  (HANDOVER §8.5 — image handling not yet built)
carried-forward  1020110623884766 c0  → https://pub-893b4a6a607b4221a894bf861da7914e.r2.dev/1020110623884766.mp4
video-missing    1020110623884766 c0  (expected file not found in facebook/videos/ewa-2026-07-02)
video-missing    1970582136994018 c0  (expected file not found in facebook/videos/ewa-2026-07-02)
video-missing    1781322726335322 c0  (expected file not found in facebook/videos/ewa-2026-07-02)
image-pending    969726816053430 c0  (HANDOVER §8.5 — image handling not yet built)
carried-forward  1511453474106888 c0  → https://pub-893b4a6a607b4221a894bf861da7914e.r2.dev/1511453474106888.mp4
video-missing    1511453474106888 c0  (expected file not found in facebook/videos/ewa-2026-07-02)
image-pending    1742938173730861 c0  (HANDOVER §8.5 — image handling not yet built)
carried-forward  1342688641149984 c0  → https://pub-893b4a6a607b4221a894bf861da7914e.r2.dev/1342688641149984.mp4
image-pending    1349306913739809 c0  (HANDOVER §8.5 — image handling not yet built)
carried-forward  1691766145436484 c0  → https://pub-893b4a6a607b4221a894bf861da7914e.r2.dev/1691766145436484.mp4
carried-forward  4216994828551667 c0  → https://pub-893b4a6a607b4221a894bf861da7914e.r2.dev/4216994828551667.mp4
carried-forward  27379204638396197 c0  → https://pub-893b4a6a607b4221a894bf861da7914e.r2.dev/27379204638396197.mp4
uploaded         1392101726175159 c0  (video) ← 1392101726175159.mp4  → https://pub-893b4a6a607b4221a894bf861da7914e.r2.dev/1392101726175159.mp4
carried-forward  1667231785406580 c0  → https://pub-893b4a6a607b4221a894bf861da7914e.r2.dev/1667231785406580.mp4
uploaded         992756037071802 c0  (video) ← 992756037071802.mp4  → https://pub-893b4a6a607b4221a894bf861da7914e.r2.dev/992756037071802.mp4
carried-forward  998060459624452 c0  → https://pub-893b4a6a607b4221a894bf861da7914e.r2.dev/998060459624452.mp4
carried-forward  1366968248829034 c0  → https://pub-893b4a6a607b4221a894bf861da7914e.r2.dev/1366968248829034.mp4
carried-forward  1904838010213805 c0  → https://pub-893b4a6a607b4221a894bf861da7914e.r2.dev/1904838010213805.mp4
image-pending    2140918923119782 c0  (HANDOVER §8.5 — image handling not yet built)
carried-forward  1026802916972234 c0  → https://pub-893b4a6a607b4221a894bf861da7914e.r2.dev/1026802916972234.mp4
image-pending    1231399292366869 c0  (HANDOVER §8.5 — image handling not yet built)
carried-forward  1332174272459531 c0  → https://pub-893b4a6a607b4221a894bf861da7914e.r2.dev/1332174272459531.mp4
image-pending    2234630433953836 c0  (HANDOVER §8.5 — image handling not yet built)
carried-forward  869115816249053 c0  → https://pub-893b4a6a607b4221a894bf861da7914e.r2.dev/869115816249053.mp4
video-missing    869115816249053 c0  (expected file not found in facebook/videos/ewa-2026-07-02)
carried-forward  1481960429917806 c0  → https://pub-893b4a6a607b4221a894bf861da7914e.r2.dev/1481960429917806.mp4
carried-forward  1528857905364411 c0  → https://pub-893b4a6a607b4221a894bf861da7914e.r2.dev/1528857905364411.mp4
video-missing    1528857905364411 c0  (expected file not found in facebook/videos/ewa-2026-07-02)
video-missing    1357080769701563 c0  (expected file not found in facebook/videos/ewa-2026-07-02)
image-pending    1315410540294679 c0  (HANDOVER §8.5 — image handling not yet built)
image-pending    1941747429861514 c0  (HANDOVER §8.5 — image handling not yet built)
uploaded         981863398000263 c0  (video) ← 981863398000263.mp4  → https://pub-893b4a6a607b4221a894bf861da7914e.r2.dev/981863398000263.mp4
carried-forward  1334204138808825 c0  → https://pub-893b4a6a607b4221a894bf861da7914e.r2.dev/1334204138808825.mp4
image-pending    4419370504942962 c0  (HANDOVER §8.5 — image handling not yet built)
carried-forward  1243650194384590 c0  → https://pub-893b4a6a607b4221a894bf861da7914e.r2.dev/1243650194384590.mp4
carried-forward  2516955515409772 c0  → https://pub-893b4a6a607b4221a894bf861da7914e.r2.dev/2516955515409772.mp4
image-pending    1002665749351878 c0  (HANDOVER §8.5 — image handling not yet built)
image-pending    1285849770028050 c0  (HANDOVER §8.5 — image handling not yet built)
image-pending    1285849770028050 c0  (HANDOVER §8.5 — image handling not yet built)
image-pending    1679306157155388 c0  (HANDOVER §8.5 — image handling not yet built)
carried-forward  1893687687963381 c0  → https://pub-893b4a6a607b4221a894bf861da7914e.r2.dev/1893687687963381.mp4
image-pending    1342289531182854 c0  (HANDOVER §8.5 — image handling not yet built)
image-pending    1342289531182854 c0  (HANDOVER §8.5 — image handling not yet built)
image-pending    1342289531182854 c0  (HANDOVER §8.5 — image handling not yet built)
carried-forward  1481073047124787 c0  → https://pub-893b4a6a607b4221a894bf861da7914e.r2.dev/1481073047124787.mp4
carried-forward  1261074502593126 c0  → https://pub-893b4a6a607b4221a894bf861da7914e.r2.dev/1261074502593126.mp4
image-pending    1656188885464235 c0  (HANDOVER §8.5 — image handling not yet built)
image-pending    1017223784500784 c0  (HANDOVER §8.5 — image handling not yet built)
carried-forward  1634816144245277 c0  → https://pub-893b4a6a607b4221a894bf861da7914e.r2.dev/1634816144245277.mp4
carried-forward  1713361243239383 c0  → https://pub-893b4a6a607b4221a894bf861da7914e.r2.dev/1713361243239383.mp4
carried-forward  1541476450652131 c0  → https://pub-893b4a6a607b4221a894bf861da7914e.r2.dev/1541476450652131.mp4
carried-forward  2209762976443187 c0  → https://pub-893b4a6a607b4221a894bf861da7914e.r2.dev/2209762976443187.mp4
carried-forward  1293079639480730 c0  → https://pub-893b4a6a607b4221a894bf861da7914e.r2.dev/1293079639480730.mp4
image-pending    1696226668175981 c0  (HANDOVER §8.5 — image handling not yet built)
carried-forward  1744773910036409 c0  → https://pub-893b4a6a607b4221a894bf861da7914e.r2.dev/1744773910036409.mp4
video-missing    1744773910036409 c0  (expected file not found in facebook/videos/ewa-2026-07-02)
carried-forward  27334402366181213 c0  → https://pub-893b4a6a607b4221a894bf861da7914e.r2.dev/27334402366181213.mp4
uploaded         1313822554068115 c0  (video) ← 1313822554068115.mp4  → https://pub-893b4a6a607b4221a894bf861da7914e.r2.dev/1313822554068115.mp4
carried-forward  1317953796985413 c0  → https://pub-893b4a6a607b4221a894bf861da7914e.r2.dev/1317953796985413.mp4
carried-forward  1755815958742594 c0  → https://pub-893b4a6a607b4221a894bf861da7914e.r2.dev/1755815958742594.mp4
carried-forward  2407286169764668 c0  → https://pub-893b4a6a607b4221a894bf861da7914e.r2.dev/2407286169764668.mp4
video-missing    2407286169764668 c0  (expected file not found in facebook/videos/ewa-2026-07-02)
uploaded         2950643921942629 c0  (video) ← 2950643921942629.mp4  → https://pub-893b4a6a607b4221a894bf861da7914e.r2.dev/2950643921942629.mp4
uploaded         27249356288058301 c0  (video) ← 27249356288058301.mp4  → https://pub-893b4a6a607b4221a894bf861da7914e.r2.dev/27249356288058301.mp4
carried-forward  781621618371467 c0  → https://pub-893b4a6a607b4221a894bf861da7914e.r2.dev/781621618371467.mp4
carried-forward  1337808064985757 c0  → https://pub-893b4a6a607b4221a894bf861da7914e.r2.dev/1337808064985757.mp4
carried-forward  988513190612241 c0  → https://pub-893b4a6a607b4221a894bf861da7914e.r2.dev/988513190612241.mp4
uploaded         1054012770522244 c0  (video) ← 1054012770522244.mp4  → https://pub-893b4a6a607b4221a894bf861da7914e.r2.dev/1054012770522244.mp4
video-missing    1054012770522244 c0  (expected file not found in facebook/videos/ewa-2026-07-02)
video-missing    1054012770522244 c0  (expected file not found in facebook/videos/ewa-2026-07-02)
image-pending    1566101241774302 c0  (HANDOVER §8.5 — image handling not yet built)
uploaded         1580922686996950 c0  (video) ← 1580922686996950.mp4  → https://pub-893b4a6a607b4221a894bf861da7914e.r2.dev/1580922686996950.mp4
carried-forward  2547999942284965 c0  → https://pub-893b4a6a607b4221a894bf861da7914e.r2.dev/2547999942284965.mp4
video-missing    2547999942284965 c0  (expected file not found in facebook/videos/ewa-2026-07-02)
carried-forward  1039874011720476 c0  → https://pub-893b4a6a607b4221a894bf861da7914e.r2.dev/1039874011720476.mp4
video-missing    1039874011720476 c0  (expected file not found in facebook/videos/ewa-2026-07-02)
carried-forward  1043248525059388 c0  → https://pub-893b4a6a607b4221a894bf861da7914e.r2.dev/1043248525059388.mp4
carried-forward  1004043775541500 c0  → https://pub-893b4a6a607b4221a894bf861da7914e.r2.dev/1004043775541500.mp4
carried-forward  1743448229982030 c0  → https://pub-893b4a6a607b4221a894bf861da7914e.r2.dev/1743448229982030.mp4
carried-forward  882175634255982 c0  → https://pub-893b4a6a607b4221a894bf861da7914e.r2.dev/882175634255982.mp4
carried-forward  1003056002497925 c0  → https://pub-893b4a6a607b4221a894bf861da7914e.r2.dev/1003056002497925.mp4
image-pending    1506037134335540 c0  (HANDOVER §8.5 — image handling not yet built)
uploaded         1760103135369548 c0  (video) ← 1760103135369548.mp4  → https://pub-893b4a6a607b4221a894bf861da7914e.r2.dev/1760103135369548.mp4
carried-forward  1010099298619932 c0  → https://pub-893b4a6a607b4221a894bf861da7914e.r2.dev/1010099298619932.mp4
image-pending    1216833803842853 c0  (HANDOVER §8.5 — image handling not yet built)
image-pending    2041581126438058 c0  (HANDOVER §8.5 — image handling not yet built)
carried-forward  858792757309039 c0  → https://pub-893b4a6a607b4221a894bf861da7914e.r2.dev/858792757309039.mp4
uploaded         1073552061755276 c0  (video) ← 1073552061755276.mp4  → https://pub-893b4a6a607b4221a894bf861da7914e.r2.dev/1073552061755276.mp4
carried-forward  1322515076740786 c0  → https://pub-893b4a6a607b4221a894bf861da7914e.r2.dev/1322515076740786.mp4
carried-forward  1336120594511565 c0  → https://pub-893b4a6a607b4221a894bf861da7914e.r2.dev/1336120594511565.mp4
image-pending    1370983854945650 c0  (HANDOVER §8.5 — image handling not yet built)
carried-forward  2554023928346323 c0  → https://pub-893b4a6a607b4221a894bf861da7914e.r2.dev/2554023928346323.mp4
carried-forward  1668424024410879 c0  → https://pub-893b4a6a607b4221a894bf861da7914e.r2.dev/1668424024410879.mp4
image-pending    2231102494371320 c0  (HANDOVER §8.5 — image handling not yet built)
carried-forward  2480736372351606 c0  → https://pub-893b4a6a607b4221a894bf861da7914e.r2.dev/2480736372351606.mp4
uploaded         1005394845584661 c0  (video) ← 1005394845584661.mp4  → https://pub-893b4a6a607b4221a894bf861da7914e.r2.dev/1005394845584661.mp4
video-missing    1005394845584661 c0  (expected file not found in facebook/videos/ewa-2026-07-02)
image-pending    1818263879152188 c0  (HANDOVER §8.5 — image handling not yet built)
uploaded         2105728486722947 c0  (video) ← 2105728486722947.mp4  → https://pub-893b4a6a607b4221a894bf861da7914e.r2.dev/2105728486722947.mp4
video-missing    2105728486722947 c0  (expected file not found in facebook/videos/ewa-2026-07-02)
uploaded         986972087665851 c0  (video) ← 986972087665851.mp4  → https://pub-893b4a6a607b4221a894bf861da7914e.r2.dev/986972087665851.mp4
uploaded         1019621320661696 c0  (video) ← 1019621320661696.mp4  → https://pub-893b4a6a607b4221a894bf861da7914e.r2.dev/1019621320661696.mp4
video-missing    1019621320661696 c0  (expected file not found in facebook/videos/ewa-2026-07-02)
carried-forward  1794412255303936 c0  → https://pub-893b4a6a607b4221a894bf861da7914e.r2.dev/1794412255303936.mp4
image-pending    4370149836569252 c0  (HANDOVER §8.5 — image handling not yet built)
uploaded         1373729444622889 c0  (video) ← 1373729444622889.mp4  → https://pub-893b4a6a607b4221a894bf861da7914e.r2.dev/1373729444622889.mp4
carried-forward  1504489624187528 c0  → https://pub-893b4a6a607b4221a894bf861da7914e.r2.dev/1504489624187528.mp4
uploaded         1658636931863696 c0  (video) ← 1658636931863696.mp4  → https://pub-893b4a6a607b4221a894bf861da7914e.r2.dev/1658636931863696.mp4
uploaded         2109631216280896 c0  (video) ← 2109631216280896.mp4  → https://pub-893b4a6a607b4221a894bf861da7914e.r2.dev/2109631216280896.mp4
carried-forward  989403490573469 c0  → https://pub-893b4a6a607b4221a894bf861da7914e.r2.dev/989403490573469.mp4
image-pending    1013699771515738 c0  (HANDOVER §8.5 — image handling not yet built)
uploaded         1054872653537553 c0  (video) ← 1054872653537553.mp4  → https://pub-893b4a6a607b4221a894bf861da7914e.r2.dev/1054872653537553.mp4
image-pending    1178375584455617 c0  (HANDOVER §8.5 — image handling not yet built)
uploaded         1270338234970248 c0  (video) ← 1270338234970248.mp4  → https://pub-893b4a6a607b4221a894bf861da7914e.r2.dev/1270338234970248.mp4
image-pending    1579029050452361 c0  (HANDOVER §8.5 — image handling not yet built)
uploaded         1727080341826797 c0  (video) ← 1727080341826797.mp4  → https://pub-893b4a6a607b4221a894bf861da7914e.r2.dev/1727080341826797.mp4
uploaded         2491177724641951 c0  (video) ← 2491177724641951.mp4  → https://pub-893b4a6a607b4221a894bf861da7914e.r2.dev/2491177724641951.mp4
carried-forward  1004250605837525 c0  → https://pub-893b4a6a607b4221a894bf861da7914e.r2.dev/1004250605837525.mp4
image-pending    1689251545637705 c0  (HANDOVER §8.5 — image handling not yet built)
uploaded         2819718495055562 c0  (video) ← 2819718495055562.mp4  → https://pub-893b4a6a607b4221a894bf861da7914e.r2.dev/2819718495055562.mp4
