# Step 3 run log
# competitor : mysivi
# started_at : 2026-06-23T06:13:35
# input      : facebook/inputs/fb-ads-mysivi-2026-06-23-0600.csv
# videos     : facebook/videos/mysivi-2026-06-23
# master     : facebook/master/mysivi.csv  (updated)
# enriched   : facebook/inputs/fb-ads-mysivi-2026-06-23-0600_enriched.csv
# bucket     : video-ads
# public_base: https://dcfd27564ef899969db9a562c7e1945f.r2.cloudflarestorage.com
# dry_run    : False
#
# counts     : {'uploaded': 27, 'carried-forward': 1330, 'image-pending': 4, 'video-missing': 195, 'no-creative': 0, 'error': 0}
#
carried-forward  1294872372199763 c0  → https://pub-893b4a6a607b4221a894bf861da7914e.r2.dev/1294872372199763.mp4
carried-forward  1294872372199763 c0  → https://pub-893b4a6a607b4221a894bf861da7914e.r2.dev/1294872372199763.mp4
carried-forward  1294872372199763 c0  → https://pub-893b4a6a607b4221a894bf861da7914e.r2.dev/1294872372199763.mp4
carried-forward  1294872372199763 c0  → https://pub-893b4a6a607b4221a894bf861da7914e.r2.dev/1294872372199763.mp4
carried-forward  4210298219220133 c0  → https://pub-893b4a6a607b4221a894bf861da7914e.r2.dev/4210298219220133.mp4
carried-forward  4210298219220133 c0  → https://pub-893b4a6a607b4221a894bf861da7914e.r2.dev/4210298219220133.mp4
carried-forward  974781052108506 c0  → https://dcfd27564ef899969db9a562c7e1945f.r2.cloudflarestorage.com/974781052108506.mp4
video-missing    974781052108506 c0  (expected file not found in facebook/videos/mysivi-2026-06-23)
video-missing    974781052108506 c0  (expected file not found in facebook/videos/mysivi-2026-06-23)
video-missing    974781052108506 c0  (expected file not found in facebook/videos/mysivi-2026-06-23)
video-missing    974781052108506 c0  (expected file not found in facebook/videos/mysivi-2026-06-23)
video-missing    974781052108506 c0  (expected file not found in facebook/videos/mysivi-2026-06-23)
carried-forward  914613221634852 c0  → https://pub-893b4a6a607b4221a894bf861da7914e.r2.dev/914613221634852.mp4
carried-forward  1699912787830703 c0  → https://pub-893b4a6a607b4221a894bf861da7914e.r2.dev/1699912787830703.mp4
carried-forward  2495643760892894 c0  → https://pub-893b4a6a607b4221a894bf861da7914e.r2.dev/2495643760892894.mp4
carried-forward  2495643760892894 c0  → https://pub-893b4a6a607b4221a894bf861da7914e.r2.dev/2495643760892894.mp4
carried-forward  2495643760892894 c0  → https://pub-893b4a6a607b4221a894bf861da7914e.r2.dev/2495643760892894.mp4
carried-forward  2495643760892894 c0  → https://pub-893b4a6a607b4221a894bf861da7914e.r2.dev/2495643760892894.mp4
carried-forward  2495643760892894 c0  → https://pub-893b4a6a607b4221a894bf861da7914e.r2.dev/2495643760892894.mp4
carried-forward  2292254317849120 c0  → https://pub-893b4a6a607b4221a894bf861da7914e.r2.dev/2292254317849120.mp4
carried-forward  2292254317849120 c0  → https://pub-893b4a6a607b4221a894bf861da7914e.r2.dev/2292254317849120.mp4
carried-forward  2292254317849120 c0  → https://pub-893b4a6a607b4221a894bf861da7914e.r2.dev/2292254317849120.mp4
carried-forward  2292254317849120 c0  → https://pub-893b4a6a607b4221a894bf861da7914e.r2.dev/2292254317849120.mp4
carried-forward  2292254317849120 c0  → https://pub-893b4a6a607b4221a894bf861da7914e.r2.dev/2292254317849120.mp4
carried-forward  2292254317849120 c0  → https://pub-893b4a6a607b4221a894bf861da7914e.r2.dev/2292254317849120.mp4
carried-forward  809446541711698 c0  → https://pub-893b4a6a607b4221a894bf861da7914e.r2.dev/809446541711698.mp4
carried-forward  1023669149983656 c0  → https://pub-893b4a6a607b4221a894bf861da7914e.r2.dev/1023669149983656.mp4
carried-forward  969700349268024 c0  → https://pub-893b4a6a607b4221a894bf861da7914e.r2.dev/969700349268024.mp4
carried-forward  969700349268024 c0  → https://pub-893b4a6a607b4221a894bf861da7914e.r2.dev/969700349268024.mp4
carried-forward  969700349268024 c0  → https://pub-893b4a6a607b4221a894bf861da7914e.r2.dev/969700349268024.mp4
carried-forward  969700349268024 c0  → https://pub-893b4a6a607b4221a894bf861da7914e.r2.dev/969700349268024.mp4
carried-forward  1863526424308213 c0  → https://pub-893b4a6a607b4221a894bf861da7914e.r2.dev/1863526424308213.mp4
carried-forward  1578225453239300 c0  → https://pub-893b4a6a607b4221a894bf861da7914e.r2.dev/1578225453239300.mp4
carried-forward  969734745982277 c0  → https://pub-893b4a6a607b4221a894bf861da7914e.r2.dev/969734745982277.mp4
carried-forward  1604765177255190 c0  → https://pub-893b4a6a607b4221a894bf861da7914e.r2.dev/1604765177255190.mp4
carried-forward  1518609409895801 c0  → https://pub-893b4a6a607b4221a894bf861da7914e.r2.dev/1518609409895801.mp4
carried-forward  1274548481445067 c0  → https://pub-893b4a6a607b4221a894bf861da7914e.r2.dev/1274548481445067.mp4
carried-forward  1274548481445067 c0  → https://pub-893b4a6a607b4221a894bf861da7914e.r2.dev/1274548481445067.mp4
carried-forward  1274548481445067 c0  → https://pub-893b4a6a607b4221a894bf861da7914e.r2.dev/1274548481445067.mp4
carried-forward  919585814171318 c0  → https://pub-893b4a6a607b4221a894bf861da7914e.r2.dev/919585814171318.mp4
carried-forward  919585814171318 c0  → https://pub-893b4a6a607b4221a894bf861da7914e.r2.dev/919585814171318.mp4
carried-forward  919585814171318 c0  → https://pub-893b4a6a607b4221a894bf861da7914e.r2.dev/919585814171318.mp4
carried-forward  919585814171318 c0  → https://pub-893b4a6a607b4221a894bf861da7914e.r2.dev/919585814171318.mp4
carried-forward  913058388118205 c0  → https://pub-893b4a6a607b4221a894bf861da7914e.r2.dev/913058388118205.mp4
carried-forward  913058388118205 c0  → https://pub-893b4a6a607b4221a894bf861da7914e.r2.dev/913058388118205.mp4
carried-forward  1683000729728094 c0  → https://pub-893b4a6a607b4221a894bf861da7914e.r2.dev/1683000729728094.mp4
carried-forward  1555850109496354 c0  → https://pub-893b4a6a607b4221a894bf861da7914e.r2.dev/1555850109496354.mp4
carried-forward  953700823835519 c0  → https://pub-893b4a6a607b4221a894bf861da7914e.r2.dev/953700823835519.mp4
carried-forward  953700823835519 c0  → https://pub-893b4a6a607b4221a894bf861da7914e.r2.dev/953700823835519.mp4
carried-forward  953700823835519 c0  → https://pub-893b4a6a607b4221a894bf861da7914e.r2.dev/953700823835519.mp4
carried-forward  1458753742284301 c0  → https://pub-893b4a6a607b4221a894bf861da7914e.r2.dev/1458753742284301.mp4
carried-forward  2187985138676728 c0  → https://pub-893b4a6a607b4221a894bf861da7914e.r2.dev/2187985138676728.mp4
carried-forward  2187985138676728 c0  → https://pub-893b4a6a607b4221a894bf861da7914e.r2.dev/2187985138676728.mp4
carried-forward  2187985138676728 c0  → https://pub-893b4a6a607b4221a894bf861da7914e.r2.dev/2187985138676728.mp4
carried-forward  2187985138676728 c0  → https://pub-893b4a6a607b4221a894bf861da7914e.r2.dev/2187985138676728.mp4
carried-forward  1343882707556162 c0  → https://pub-893b4a6a607b4221a894bf861da7914e.r2.dev/1343882707556162.mp4
carried-forward  1343882707556162 c0  → https://pub-893b4a6a607b4221a894bf861da7914e.r2.dev/1343882707556162.mp4
carried-forward  1829800937707633 c0  → https://pub-893b4a6a607b4221a894bf861da7914e.r2.dev/1829800937707633.mp4
carried-forward  1292326936145402 c0  → https://pub-893b4a6a607b4221a894bf861da7914e.r2.dev/1292326936145402.mp4
carried-forward  1292326936145402 c0  → https://pub-893b4a6a607b4221a894bf861da7914e.r2.dev/1292326936145402.mp4
carried-forward  1419600269364944 c0  → https://pub-893b4a6a607b4221a894bf861da7914e.r2.dev/1419600269364944.mp4
carried-forward  943159985433635 c0  → https://pub-893b4a6a607b4221a894bf861da7914e.r2.dev/943159985433635.mp4
carried-forward  929154296271675 c0  → https://pub-893b4a6a607b4221a894bf861da7914e.r2.dev/929154296271675.mp4
carried-forward  2197503414415259 c0  → https://pub-893b4a6a607b4221a894bf861da7914e.r2.dev/2197503414415259.mp4
carried-forward  2197503414415259 c0  → https://pub-893b4a6a607b4221a894bf861da7914e.r2.dev/2197503414415259.mp4
carried-forward  1721412492564117 c0  → https://pub-893b4a6a607b4221a894bf861da7914e.r2.dev/1721412492564117.mp4
carried-forward  1463906051777866 c0  → https://pub-893b4a6a607b4221a894bf861da7914e.r2.dev/1463906051777866.mp4
carried-forward  1463906051777866 c0  → https://pub-893b4a6a607b4221a894bf861da7914e.r2.dev/1463906051777866.mp4
carried-forward  1879274509358826 c0  → https://pub-893b4a6a607b4221a894bf861da7914e.r2.dev/1879274509358826.mp4
carried-forward  1487023816479013 c0  → https://pub-893b4a6a607b4221a894bf861da7914e.r2.dev/1487023816479013.mp4
carried-forward  1487023816479013 c0  → https://pub-893b4a6a607b4221a894bf861da7914e.r2.dev/1487023816479013.mp4
carried-forward  1487023816479013 c0  → https://pub-893b4a6a607b4221a894bf861da7914e.r2.dev/1487023816479013.mp4
carried-forward  1487023816479013 c0  → https://pub-893b4a6a607b4221a894bf861da7914e.r2.dev/1487023816479013.mp4
carried-forward  1487023816479013 c0  → https://pub-893b4a6a607b4221a894bf861da7914e.r2.dev/1487023816479013.mp4
carried-forward  1487023816479013 c0  → https://pub-893b4a6a607b4221a894bf861da7914e.r2.dev/1487023816479013.mp4
carried-forward  27290206770667258 c0  → https://pub-893b4a6a607b4221a894bf861da7914e.r2.dev/27290206770667258.mp4
carried-forward  27290206770667258 c0  → https://pub-893b4a6a607b4221a894bf861da7914e.r2.dev/27290206770667258.mp4
video-missing    27290206770667258 c0  (expected file not found in facebook/videos/mysivi-2026-06-23)
carried-forward  2459306031182517 c0  → https://pub-893b4a6a607b4221a894bf861da7914e.r2.dev/2459306031182517.mp4
carried-forward  2003381777282440 c0  → https://pub-893b4a6a607b4221a894bf861da7914e.r2.dev/2003381777282440.mp4
carried-forward  2003381777282440 c0  → https://pub-893b4a6a607b4221a894bf861da7914e.r2.dev/2003381777282440.mp4
carried-forward  746424205071026 c0  → https://pub-893b4a6a607b4221a894bf861da7914e.r2.dev/746424205071026.mp4
carried-forward  746424205071026 c0  → https://pub-893b4a6a607b4221a894bf861da7914e.r2.dev/746424205071026.mp4
carried-forward  1523637609344603 c0  → https://pub-893b4a6a607b4221a894bf861da7914e.r2.dev/1523637609344603.mp4
carried-forward  1523637609344603 c0  → https://pub-893b4a6a607b4221a894bf861da7914e.r2.dev/1523637609344603.mp4
carried-forward  1508591900887307 c0  → https://pub-893b4a6a607b4221a894bf861da7914e.r2.dev/1508591900887307.mp4
carried-forward  1508591900887307 c0  → https://pub-893b4a6a607b4221a894bf861da7914e.r2.dev/1508591900887307.mp4
carried-forward  1325799632693917 c0  → https://pub-893b4a6a607b4221a894bf861da7914e.r2.dev/1325799632693917.mp4
carried-forward  1325799632693917 c0  → https://pub-893b4a6a607b4221a894bf861da7914e.r2.dev/1325799632693917.mp4
carried-forward  1325799632693917 c0  → https://pub-893b4a6a607b4221a894bf861da7914e.r2.dev/1325799632693917.mp4
carried-forward  1325799632693917 c0  → https://pub-893b4a6a607b4221a894bf861da7914e.r2.dev/1325799632693917.mp4
carried-forward  1325799632693917 c0  → https://pub-893b4a6a607b4221a894bf861da7914e.r2.dev/1325799632693917.mp4
carried-forward  1325799632693917 c0  → https://pub-893b4a6a607b4221a894bf861da7914e.r2.dev/1325799632693917.mp4
carried-forward  929288733053067 c0  → https://pub-893b4a6a607b4221a894bf861da7914e.r2.dev/929288733053067.mp4
carried-forward  887955943678596 c0  → https://pub-893b4a6a607b4221a894bf861da7914e.r2.dev/887955943678596.mp4
carried-forward  1301191668579559 c0  → https://pub-893b4a6a607b4221a894bf861da7914e.r2.dev/1301191668579559.mp4
carried-forward  1994247904545818 c0  → https://pub-893b4a6a607b4221a894bf861da7914e.r2.dev/1994247904545818.mp4
carried-forward  1022336450318536 c0  → https://dcfd27564ef899969db9a562c7e1945f.r2.cloudflarestorage.com/1022336450318536.mp4
video-missing    1022336450318536 c0  (expected file not found in facebook/videos/mysivi-2026-06-23)
video-missing    1022336450318536 c0  (expected file not found in facebook/videos/mysivi-2026-06-23)
video-missing    1022336450318536 c0  (expected file not found in facebook/videos/mysivi-2026-06-23)
video-missing    1022336450318536 c0  (expected file not found in facebook/videos/mysivi-2026-06-23)
carried-forward  990996126922306 c0  → https://pub-893b4a6a607b4221a894bf861da7914e.r2.dev/990996126922306.mp4
carried-forward  1320392123333597 c0  → https://pub-893b4a6a607b4221a894bf861da7914e.r2.dev/1320392123333597.mp4
carried-forward  1357892296202438 c0  → https://pub-893b4a6a607b4221a894bf861da7914e.r2.dev/1357892296202438.mp4
carried-forward  821110864071081 c0  → https://pub-893b4a6a607b4221a894bf861da7914e.r2.dev/821110864071081.mp4
carried-forward  821110864071081 c0  → https://pub-893b4a6a607b4221a894bf861da7914e.r2.dev/821110864071081.mp4
carried-forward  821110864071081 c0  → https://pub-893b4a6a607b4221a894bf861da7914e.r2.dev/821110864071081.mp4
carried-forward  1286729530256052 c0  → https://pub-893b4a6a607b4221a894bf861da7914e.r2.dev/1286729530256052.mp4
carried-forward  1286729530256052 c0  → https://pub-893b4a6a607b4221a894bf861da7914e.r2.dev/1286729530256052.mp4
video-missing    1286729530256052 c0  (expected file not found in facebook/videos/mysivi-2026-06-23)
video-missing    1286729530256052 c0  (expected file not found in facebook/videos/mysivi-2026-06-23)
video-missing    1286729530256052 c0  (expected file not found in facebook/videos/mysivi-2026-06-23)
carried-forward  2160250698081128 c0  → https://pub-893b4a6a607b4221a894bf861da7914e.r2.dev/2160250698081128.mp4
carried-forward  1289366703285101 c0  → https://pub-893b4a6a607b4221a894bf861da7914e.r2.dev/1289366703285101.mp4
carried-forward  1289366703285101 c0  → https://pub-893b4a6a607b4221a894bf861da7914e.r2.dev/1289366703285101.mp4
carried-forward  973508128751973 c0  → https://pub-893b4a6a607b4221a894bf861da7914e.r2.dev/973508128751973.mp4
carried-forward  928632976569232 c0  → https://pub-893b4a6a607b4221a894bf861da7914e.r2.dev/928632976569232.mp4
carried-forward  2399884270494026 c0  → https://pub-893b4a6a607b4221a894bf861da7914e.r2.dev/2399884270494026.mp4
carried-forward  26877970818456137 c0  → https://pub-893b4a6a607b4221a894bf861da7914e.r2.dev/26877970818456137.mp4
carried-forward  782153618005907 c0  → https://pub-893b4a6a607b4221a894bf861da7914e.r2.dev/782153618005907.mp4
carried-forward  2212675122600323 c0  → https://pub-893b4a6a607b4221a894bf861da7914e.r2.dev/2212675122600323.mp4
carried-forward  1706610454090939 c0  → https://pub-893b4a6a607b4221a894bf861da7914e.r2.dev/1706610454090939.mp4
carried-forward  1706610454090939 c0  → https://pub-893b4a6a607b4221a894bf861da7914e.r2.dev/1706610454090939.mp4
carried-forward  1706610454090939 c0  → https://pub-893b4a6a607b4221a894bf861da7914e.r2.dev/1706610454090939.mp4
carried-forward  1866932230635827 c0  → https://pub-893b4a6a607b4221a894bf861da7914e.r2.dev/1866932230635827.mp4
carried-forward  1866932230635827 c0  → https://pub-893b4a6a607b4221a894bf861da7914e.r2.dev/1866932230635827.mp4
carried-forward  1866932230635827 c0  → https://pub-893b4a6a607b4221a894bf861da7914e.r2.dev/1866932230635827.mp4
carried-forward  1471379488011997 c0  → https://pub-893b4a6a607b4221a894bf861da7914e.r2.dev/1471379488011997.mp4
carried-forward  2397605794050606 c0  → https://pub-893b4a6a607b4221a894bf861da7914e.r2.dev/2397605794050606.mp4
carried-forward  2397605794050606 c0  → https://pub-893b4a6a607b4221a894bf861da7914e.r2.dev/2397605794050606.mp4
carried-forward  2765895983774795 c0  → https://pub-893b4a6a607b4221a894bf861da7914e.r2.dev/2765895983774795.mp4
carried-forward  2765895983774795 c0  → https://pub-893b4a6a607b4221a894bf861da7914e.r2.dev/2765895983774795.mp4
carried-forward  2765895983774795 c0  → https://pub-893b4a6a607b4221a894bf861da7914e.r2.dev/2765895983774795.mp4
carried-forward  1637815324305283 c0  → https://pub-893b4a6a607b4221a894bf861da7914e.r2.dev/1637815324305283.mp4
carried-forward  1637815324305283 c0  → https://pub-893b4a6a607b4221a894bf861da7914e.r2.dev/1637815324305283.mp4
carried-forward  982746181255847 c0  → https://pub-893b4a6a607b4221a894bf861da7914e.r2.dev/982746181255847.mp4
carried-forward  1654263695604399 c0  → https://pub-893b4a6a607b4221a894bf861da7914e.r2.dev/1654263695604399.mp4
carried-forward  2187419395358283 c0  → https://pub-893b4a6a607b4221a894bf861da7914e.r2.dev/2187419395358283.mp4
carried-forward  2187419395358283 c0  → https://pub-893b4a6a607b4221a894bf861da7914e.r2.dev/2187419395358283.mp4
carried-forward  1401902647937495 c0  → https://pub-893b4a6a607b4221a894bf861da7914e.r2.dev/1401902647937495.mp4
carried-forward  1401902647937495 c0  → https://pub-893b4a6a607b4221a894bf861da7914e.r2.dev/1401902647937495.mp4
carried-forward  859137023885126 c0  → https://pub-893b4a6a607b4221a894bf861da7914e.r2.dev/859137023885126.mp4
carried-forward  1314307757419045 c0  → https://pub-893b4a6a607b4221a894bf861da7914e.r2.dev/1314307757419045.mp4
carried-forward  1614741389625403 c0  → https://pub-893b4a6a607b4221a894bf861da7914e.r2.dev/1614741389625403.mp4
carried-forward  1614741389625403 c0  → https://pub-893b4a6a607b4221a894bf861da7914e.r2.dev/1614741389625403.mp4
carried-forward  989986120264986 c0  → https://pub-893b4a6a607b4221a894bf861da7914e.r2.dev/989986120264986.mp4
carried-forward  1989886525288548 c0  → https://pub-893b4a6a607b4221a894bf861da7914e.r2.dev/1989886525288548.mp4
carried-forward  1989886525288548 c0  → https://pub-893b4a6a607b4221a894bf861da7914e.r2.dev/1989886525288548.mp4
carried-forward  1478654923647189 c0  → https://pub-893b4a6a607b4221a894bf861da7914e.r2.dev/1478654923647189.mp4
carried-forward  1212127940752948 c0  → https://pub-893b4a6a607b4221a894bf861da7914e.r2.dev/1212127940752948.mp4
carried-forward  742213492260575 c0  → https://pub-893b4a6a607b4221a894bf861da7914e.r2.dev/742213492260575.mp4
carried-forward  1287526666918581 c0  → https://pub-893b4a6a607b4221a894bf861da7914e.r2.dev/1287526666918581.mp4
carried-forward  960956759748865 c0  → https://pub-893b4a6a607b4221a894bf861da7914e.r2.dev/960956759748865.mp4
carried-forward  1770363464324959 c0  → https://pub-893b4a6a607b4221a894bf861da7914e.r2.dev/1770363464324959.mp4
carried-forward  1291209546096150 c0  → https://dcfd27564ef899969db9a562c7e1945f.r2.cloudflarestorage.com/1291209546096150.mp4
carried-forward  1530439098436504 c0  → https://pub-893b4a6a607b4221a894bf861da7914e.r2.dev/1530439098436504.mp4
carried-forward  802834149450747 c0  → https://dcfd27564ef899969db9a562c7e1945f.r2.cloudflarestorage.com/802834149450747.mp4
carried-forward  4423694127908972 c0  → https://pub-893b4a6a607b4221a894bf861da7914e.r2.dev/4423694127908972.mp4
carried-forward  4423694127908972 c0  → https://pub-893b4a6a607b4221a894bf861da7914e.r2.dev/4423694127908972.mp4
video-missing    4423694127908972 c0  (expected file not found in facebook/videos/mysivi-2026-06-23)
video-missing    4423694127908972 c0  (expected file not found in facebook/videos/mysivi-2026-06-23)
video-missing    4423694127908972 c0  (expected file not found in facebook/videos/mysivi-2026-06-23)
video-missing    4423694127908972 c0  (expected file not found in facebook/videos/mysivi-2026-06-23)
carried-forward  1628742508669950 c0  → https://pub-893b4a6a607b4221a894bf861da7914e.r2.dev/1628742508669950.mp4
carried-forward  1588105538932312 c0  → https://pub-893b4a6a607b4221a894bf861da7914e.r2.dev/1588105538932312.mp4
carried-forward  1653210032495777 c0  → https://pub-893b4a6a607b4221a894bf861da7914e.r2.dev/1653210032495777.mp4
carried-forward  1653210032495777 c0  → https://pub-893b4a6a607b4221a894bf861da7914e.r2.dev/1653210032495777.mp4
carried-forward  1264519888531888 c0  → https://pub-893b4a6a607b4221a894bf861da7914e.r2.dev/1264519888531888.mp4
carried-forward  3008300169365904 c0  → https://pub-893b4a6a607b4221a894bf861da7914e.r2.dev/3008300169365904.mp4
carried-forward  3008300169365904 c0  → https://pub-893b4a6a607b4221a894bf861da7914e.r2.dev/3008300169365904.mp4
carried-forward  1520336123110661 c0  → https://pub-893b4a6a607b4221a894bf861da7914e.r2.dev/1520336123110661.mp4
carried-forward  1520336123110661 c0  → https://pub-893b4a6a607b4221a894bf861da7914e.r2.dev/1520336123110661.mp4
video-missing    1520336123110661 c0  (expected file not found in facebook/videos/mysivi-2026-06-23)
video-missing    1520336123110661 c0  (expected file not found in facebook/videos/mysivi-2026-06-23)
carried-forward  1962373651339452 c0  → https://pub-893b4a6a607b4221a894bf861da7914e.r2.dev/1962373651339452.mp4
carried-forward  1962373651339452 c0  → https://pub-893b4a6a607b4221a894bf861da7914e.r2.dev/1962373651339452.mp4
carried-forward  1490811412668874 c0  → https://pub-893b4a6a607b4221a894bf861da7914e.r2.dev/1490811412668874.mp4
carried-forward  1490811412668874 c0  → https://pub-893b4a6a607b4221a894bf861da7914e.r2.dev/1490811412668874.mp4
carried-forward  1490811412668874 c0  → https://pub-893b4a6a607b4221a894bf861da7914e.r2.dev/1490811412668874.mp4
carried-forward  1490811412668874 c0  → https://pub-893b4a6a607b4221a894bf861da7914e.r2.dev/1490811412668874.mp4
carried-forward  1490811412668874 c0  → https://pub-893b4a6a607b4221a894bf861da7914e.r2.dev/1490811412668874.mp4
carried-forward  2468285216977452 c0  → https://pub-893b4a6a607b4221a894bf861da7914e.r2.dev/2468285216977452.mp4
carried-forward  947770501599395 c0  → https://pub-893b4a6a607b4221a894bf861da7914e.r2.dev/947770501599395.mp4
carried-forward  1942366103150412 c0  → https://pub-893b4a6a607b4221a894bf861da7914e.r2.dev/1942366103150412.mp4
carried-forward  2055592285000447 c0  → https://pub-893b4a6a607b4221a894bf861da7914e.r2.dev/2055592285000447.mp4
carried-forward  2055592285000447 c0  → https://pub-893b4a6a607b4221a894bf861da7914e.r2.dev/2055592285000447.mp4
video-missing    2055592285000447 c0  (expected file not found in facebook/videos/mysivi-2026-06-23)
video-missing    2055592285000447 c0  (expected file not found in facebook/videos/mysivi-2026-06-23)
video-missing    2055592285000447 c0  (expected file not found in facebook/videos/mysivi-2026-06-23)
carried-forward  26500345142960290 c0  → https://pub-893b4a6a607b4221a894bf861da7914e.r2.dev/26500345142960290.mp4
carried-forward  2091651081684278 c0  → https://pub-893b4a6a607b4221a894bf861da7914e.r2.dev/2091651081684278.mp4
carried-forward  1313928680696805 c0  → https://pub-893b4a6a607b4221a894bf861da7914e.r2.dev/1313928680696805.mp4
carried-forward  1420757516152319 c0  → https://pub-893b4a6a607b4221a894bf861da7914e.r2.dev/1420757516152319.mp4
carried-forward  2529987434101574 c0  → https://pub-893b4a6a607b4221a894bf861da7914e.r2.dev/2529987434101574.mp4
carried-forward  2529987434101574 c0  → https://pub-893b4a6a607b4221a894bf861da7914e.r2.dev/2529987434101574.mp4
carried-forward  985576927210131 c0  → https://pub-893b4a6a607b4221a894bf861da7914e.r2.dev/985576927210131.mp4
carried-forward  1360759119207161 c0  → https://pub-893b4a6a607b4221a894bf861da7914e.r2.dev/1360759119207161.mp4
carried-forward  2330900914065991 c0  → https://pub-893b4a6a607b4221a894bf861da7914e.r2.dev/2330900914065991.mp4
carried-forward  1315278853860233 c0  → https://pub-893b4a6a607b4221a894bf861da7914e.r2.dev/1315278853860233.mp4
carried-forward  1315278853860233 c0  → https://pub-893b4a6a607b4221a894bf861da7914e.r2.dev/1315278853860233.mp4
carried-forward  27312994971640756 c0  → https://pub-893b4a6a607b4221a894bf861da7914e.r2.dev/27312994971640756.mp4
carried-forward  27312994971640756 c0  → https://pub-893b4a6a607b4221a894bf861da7914e.r2.dev/27312994971640756.mp4
carried-forward  2302627590232724 c0  → https://pub-893b4a6a607b4221a894bf861da7914e.r2.dev/2302627590232724.mp4
carried-forward  1503317931521366 c0  → https://pub-893b4a6a607b4221a894bf861da7914e.r2.dev/1503317931521366.mp4
carried-forward  1503317931521366 c0  → https://pub-893b4a6a607b4221a894bf861da7914e.r2.dev/1503317931521366.mp4
video-missing    1503317931521366 c0  (expected file not found in facebook/videos/mysivi-2026-06-23)
video-missing    1503317931521366 c0  (expected file not found in facebook/videos/mysivi-2026-06-23)
video-missing    1503317931521366 c0  (expected file not found in facebook/videos/mysivi-2026-06-23)
carried-forward  2140866776750997 c0  → https://pub-893b4a6a607b4221a894bf861da7914e.r2.dev/2140866776750997.mp4
carried-forward  2140866776750997 c0  → https://pub-893b4a6a607b4221a894bf861da7914e.r2.dev/2140866776750997.mp4
video-missing    2140866776750997 c0  (expected file not found in facebook/videos/mysivi-2026-06-23)
video-missing    2140866776750997 c0  (expected file not found in facebook/videos/mysivi-2026-06-23)
carried-forward  2209407279828265 c0  → https://pub-893b4a6a607b4221a894bf861da7914e.r2.dev/2209407279828265.mp4
carried-forward  2209407279828265 c0  → https://pub-893b4a6a607b4221a894bf861da7914e.r2.dev/2209407279828265.mp4
carried-forward  1345343977409186 c0  → https://pub-893b4a6a607b4221a894bf861da7914e.r2.dev/1345343977409186.mp4
carried-forward  1345343977409186 c0  → https://pub-893b4a6a607b4221a894bf861da7914e.r2.dev/1345343977409186.mp4
carried-forward  2776880132659566 c0  → https://pub-893b4a6a607b4221a894bf861da7914e.r2.dev/2776880132659566.mp4
carried-forward  2776880132659566 c0  → https://pub-893b4a6a607b4221a894bf861da7914e.r2.dev/2776880132659566.mp4
carried-forward  2776880132659566 c0  → https://pub-893b4a6a607b4221a894bf861da7914e.r2.dev/2776880132659566.mp4
carried-forward  2776880132659566 c0  → https://pub-893b4a6a607b4221a894bf861da7914e.r2.dev/2776880132659566.mp4
carried-forward  2776880132659566 c0  → https://pub-893b4a6a607b4221a894bf861da7914e.r2.dev/2776880132659566.mp4
carried-forward  2174537080053843 c0  → https://pub-893b4a6a607b4221a894bf861da7914e.r2.dev/2174537080053843.mp4
carried-forward  2174537080053843 c0  → https://pub-893b4a6a607b4221a894bf861da7914e.r2.dev/2174537080053843.mp4
video-missing    2174537080053843 c0  (expected file not found in facebook/videos/mysivi-2026-06-23)
carried-forward  992334193289614 c0  → https://pub-893b4a6a607b4221a894bf861da7914e.r2.dev/992334193289614.mp4
carried-forward  916573367889182 c0  → https://pub-893b4a6a607b4221a894bf861da7914e.r2.dev/916573367889182.mp4
carried-forward  1478416939939741 c0  → https://pub-893b4a6a607b4221a894bf861da7914e.r2.dev/1478416939939741.mp4
carried-forward  27982903524633146 c0  → https://pub-893b4a6a607b4221a894bf861da7914e.r2.dev/27982903524633146.mp4
carried-forward  2453912481744633 c0  → https://pub-893b4a6a607b4221a894bf861da7914e.r2.dev/2453912481744633.mp4
carried-forward  1675155500460063 c0  → https://pub-893b4a6a607b4221a894bf861da7914e.r2.dev/1675155500460063.mp4
carried-forward  1696656008128546 c0  → https://dcfd27564ef899969db9a562c7e1945f.r2.cloudflarestorage.com/1696656008128546.mp4
video-missing    1696656008128546 c0  (expected file not found in facebook/videos/mysivi-2026-06-23)
carried-forward  1227122602738586 c0  → https://pub-893b4a6a607b4221a894bf861da7914e.r2.dev/1227122602738586.mp4
carried-forward  1521686099968292 c0  → https://pub-893b4a6a607b4221a894bf861da7914e.r2.dev/1521686099968292.mp4
carried-forward  2121614641744252 c0  → https://pub-893b4a6a607b4221a894bf861da7914e.r2.dev/2121614641744252.mp4
carried-forward  2121614641744252 c0  → https://pub-893b4a6a607b4221a894bf861da7914e.r2.dev/2121614641744252.mp4
carried-forward  1638603650681901 c0  → https://pub-893b4a6a607b4221a894bf861da7914e.r2.dev/1638603650681901.mp4
carried-forward  1638603650681901 c0  → https://pub-893b4a6a607b4221a894bf861da7914e.r2.dev/1638603650681901.mp4
carried-forward  1727118561628310 c0  → https://pub-893b4a6a607b4221a894bf861da7914e.r2.dev/1727118561628310.mp4
carried-forward  1727118561628310 c0  → https://pub-893b4a6a607b4221a894bf861da7914e.r2.dev/1727118561628310.mp4
carried-forward  1727118561628310 c0  → https://pub-893b4a6a607b4221a894bf861da7914e.r2.dev/1727118561628310.mp4
carried-forward  1322744639755965 c0  → https://pub-893b4a6a607b4221a894bf861da7914e.r2.dev/1322744639755965.mp4
carried-forward  4459719324263987 c0  → https://pub-893b4a6a607b4221a894bf861da7914e.r2.dev/4459719324263987.mp4
carried-forward  4459719324263987 c0  → https://pub-893b4a6a607b4221a894bf861da7914e.r2.dev/4459719324263987.mp4
carried-forward  2827512444247406 c0  → https://pub-893b4a6a607b4221a894bf861da7914e.r2.dev/2827512444247406.mp4
carried-forward  1463703209122858 c0  → https://pub-893b4a6a607b4221a894bf861da7914e.r2.dev/1463703209122858.mp4
carried-forward  1463703209122858 c0  → https://pub-893b4a6a607b4221a894bf861da7914e.r2.dev/1463703209122858.mp4
carried-forward  1022434796890840 c0  → https://pub-893b4a6a607b4221a894bf861da7914e.r2.dev/1022434796890840.mp4
carried-forward  4390605991210193 c0  → https://pub-893b4a6a607b4221a894bf861da7914e.r2.dev/4390605991210193.mp4
carried-forward  1651364626065468 c0  → https://pub-893b4a6a607b4221a894bf861da7914e.r2.dev/1651364626065468.mp4
carried-forward  1651364626065468 c0  → https://pub-893b4a6a607b4221a894bf861da7914e.r2.dev/1651364626065468.mp4
carried-forward  1925080984756356 c0  → https://dcfd27564ef899969db9a562c7e1945f.r2.cloudflarestorage.com/1925080984756356.mp4
video-missing    1925080984756356 c0  (expected file not found in facebook/videos/mysivi-2026-06-23)
carried-forward  1726412415058913 c0  → https://pub-893b4a6a607b4221a894bf861da7914e.r2.dev/1726412415058913.mp4
carried-forward  1129305642655282 c0  → https://pub-893b4a6a607b4221a894bf861da7914e.r2.dev/1129305642655282.mp4
carried-forward  1405230281623570 c0  → https://pub-893b4a6a607b4221a894bf861da7914e.r2.dev/1405230281623570.mp4
carried-forward  1509398264054775 c0  → https://pub-893b4a6a607b4221a894bf861da7914e.r2.dev/1509398264054775.mp4
carried-forward  1509398264054775 c0  → https://pub-893b4a6a607b4221a894bf861da7914e.r2.dev/1509398264054775.mp4
carried-forward  1802391733809570 c0  → https://dcfd27564ef899969db9a562c7e1945f.r2.cloudflarestorage.com/1802391733809570.mp4
carried-forward  1601587284252288 c0  → https://pub-893b4a6a607b4221a894bf861da7914e.r2.dev/1601587284252288.mp4
carried-forward  1680723016283648 c0  → https://pub-893b4a6a607b4221a894bf861da7914e.r2.dev/1680723016283648.mp4
carried-forward  2070373570188595 c0  → https://pub-893b4a6a607b4221a894bf861da7914e.r2.dev/2070373570188595.mp4
carried-forward  1521260382932826 c0  → https://pub-893b4a6a607b4221a894bf861da7914e.r2.dev/1521260382932826.mp4
carried-forward  1521260382932826 c0  → https://pub-893b4a6a607b4221a894bf861da7914e.r2.dev/1521260382932826.mp4
carried-forward  1521260382932826 c0  → https://pub-893b4a6a607b4221a894bf861da7914e.r2.dev/1521260382932826.mp4
carried-forward  1521260382932826 c0  → https://pub-893b4a6a607b4221a894bf861da7914e.r2.dev/1521260382932826.mp4
video-missing    1521260382932826 c0  (expected file not found in facebook/videos/mysivi-2026-06-23)
video-missing    1521260382932826 c0  (expected file not found in facebook/videos/mysivi-2026-06-23)
carried-forward  870690051952433 c0  → https://pub-893b4a6a607b4221a894bf861da7914e.r2.dev/870690051952433.mp4
carried-forward  870690051952433 c0  → https://pub-893b4a6a607b4221a894bf861da7914e.r2.dev/870690051952433.mp4
carried-forward  870690051952433 c0  → https://pub-893b4a6a607b4221a894bf861da7914e.r2.dev/870690051952433.mp4
carried-forward  3965412450258955 c0  → https://pub-893b4a6a607b4221a894bf861da7914e.r2.dev/3965412450258955.mp4
carried-forward  3965412450258955 c0  → https://pub-893b4a6a607b4221a894bf861da7914e.r2.dev/3965412450258955.mp4
carried-forward  3074701052733976 c0  → https://dcfd27564ef899969db9a562c7e1945f.r2.cloudflarestorage.com/3074701052733976.mp4
carried-forward  1947479269512510 c0  → https://pub-893b4a6a607b4221a894bf861da7914e.r2.dev/1947479269512510.mp4
carried-forward  1714959876353276 c0  → https://dcfd27564ef899969db9a562c7e1945f.r2.cloudflarestorage.com/1714959876353276.mp4
video-missing    1714959876353276 c0  (expected file not found in facebook/videos/mysivi-2026-06-23)
carried-forward  4313351258910187 c0  → https://pub-893b4a6a607b4221a894bf861da7914e.r2.dev/4313351258910187.mp4
uploaded         1508261700652821 c0  (video) ← 1508261700652821.mp4  → https://dcfd27564ef899969db9a562c7e1945f.r2.cloudflarestorage.com/1508261700652821.mp4
video-missing    1508261700652821 c0  (expected file not found in facebook/videos/mysivi-2026-06-23)
video-missing    1508261700652821 c0  (expected file not found in facebook/videos/mysivi-2026-06-23)
video-missing    1508261700652821 c0  (expected file not found in facebook/videos/mysivi-2026-06-23)
carried-forward  1331012325538734 c0  → https://pub-893b4a6a607b4221a894bf861da7914e.r2.dev/1331012325538734.mp4
carried-forward  1331012325538734 c0  → https://pub-893b4a6a607b4221a894bf861da7914e.r2.dev/1331012325538734.mp4
carried-forward  1422277683247820 c0  → https://pub-893b4a6a607b4221a894bf861da7914e.r2.dev/1422277683247820.mp4
carried-forward  24844316141933002 c0  → https://pub-893b4a6a607b4221a894bf861da7914e.r2.dev/24844316141933002.mp4
carried-forward  1329455545343411 c0  → https://dcfd27564ef899969db9a562c7e1945f.r2.cloudflarestorage.com/1329455545343411.mp4
carried-forward  837153365685876 c0  → https://pub-893b4a6a607b4221a894bf861da7914e.r2.dev/837153365685876.mp4
carried-forward  2121227375086598 c0  → https://pub-893b4a6a607b4221a894bf861da7914e.r2.dev/2121227375086598.mp4
carried-forward  2121227375086598 c0  → https://pub-893b4a6a607b4221a894bf861da7914e.r2.dev/2121227375086598.mp4
carried-forward  1495407728856561 c0  → https://pub-893b4a6a607b4221a894bf861da7914e.r2.dev/1495407728856561.mp4
carried-forward  2015938819317138 c0  → https://pub-893b4a6a607b4221a894bf861da7914e.r2.dev/2015938819317138.mp4
carried-forward  942633635178774 c0  → https://pub-893b4a6a607b4221a894bf861da7914e.r2.dev/942633635178774.mp4
carried-forward  942633635178774 c0  → https://pub-893b4a6a607b4221a894bf861da7914e.r2.dev/942633635178774.mp4
carried-forward  1709243003542256 c0  → https://pub-893b4a6a607b4221a894bf861da7914e.r2.dev/1709243003542256.mp4
carried-forward  993558049787194 c0  → https://pub-893b4a6a607b4221a894bf861da7914e.r2.dev/993558049787194.mp4
carried-forward  1456489775973937 c0  → https://pub-893b4a6a607b4221a894bf861da7914e.r2.dev/1456489775973937.mp4
carried-forward  1456489775973937 c0  → https://pub-893b4a6a607b4221a894bf861da7914e.r2.dev/1456489775973937.mp4
carried-forward  980208111501438 c0  → https://dcfd27564ef899969db9a562c7e1945f.r2.cloudflarestorage.com/980208111501438.mp4
carried-forward  1669002574241061 c0  → https://pub-893b4a6a607b4221a894bf861da7914e.r2.dev/1669002574241061.mp4
carried-forward  1466430171199966 c0  → https://pub-893b4a6a607b4221a894bf861da7914e.r2.dev/1466430171199966.mp4
carried-forward  1643358373384863 c0  → https://dcfd27564ef899969db9a562c7e1945f.r2.cloudflarestorage.com/1643358373384863.mp4
carried-forward  2042552579944139 c0  → https://pub-893b4a6a607b4221a894bf861da7914e.r2.dev/2042552579944139.mp4
carried-forward  1535372884822703 c0  → https://pub-893b4a6a607b4221a894bf861da7914e.r2.dev/1535372884822703.mp4
carried-forward  1535372884822703 c0  → https://pub-893b4a6a607b4221a894bf861da7914e.r2.dev/1535372884822703.mp4
carried-forward  1224918086193675 c0  → https://pub-893b4a6a607b4221a894bf861da7914e.r2.dev/1224918086193675.mp4
carried-forward  1224918086193675 c0  → https://pub-893b4a6a607b4221a894bf861da7914e.r2.dev/1224918086193675.mp4
carried-forward  27170496985887290 c0  → https://pub-893b4a6a607b4221a894bf861da7914e.r2.dev/27170496985887290.mp4
carried-forward  1679783823054856 c0  → https://pub-893b4a6a607b4221a894bf861da7914e.r2.dev/1679783823054856.mp4
carried-forward  996364509503732 c0  → https://pub-893b4a6a607b4221a894bf861da7914e.r2.dev/996364509503732.mp4
carried-forward  996364509503732 c0  → https://pub-893b4a6a607b4221a894bf861da7914e.r2.dev/996364509503732.mp4
carried-forward  811009854797079 c0  → https://pub-893b4a6a607b4221a894bf861da7914e.r2.dev/811009854797079.mp4
carried-forward  1690288165491901 c0  → https://pub-893b4a6a607b4221a894bf861da7914e.r2.dev/1690288165491901.mp4
carried-forward  1690288165491901 c0  → https://pub-893b4a6a607b4221a894bf861da7914e.r2.dev/1690288165491901.mp4
carried-forward  1690288165491901 c0  → https://pub-893b4a6a607b4221a894bf861da7914e.r2.dev/1690288165491901.mp4
carried-forward  1690288165491901 c0  → https://pub-893b4a6a607b4221a894bf861da7914e.r2.dev/1690288165491901.mp4
carried-forward  1690288165491901 c0  → https://pub-893b4a6a607b4221a894bf861da7914e.r2.dev/1690288165491901.mp4
carried-forward  1985957042274440 c0  → https://pub-893b4a6a607b4221a894bf861da7914e.r2.dev/1985957042274440.mp4
carried-forward  3989397097863539 c0  → https://pub-893b4a6a607b4221a894bf861da7914e.r2.dev/3989397097863539.mp4
carried-forward  1484045400015832 c0  → https://pub-893b4a6a607b4221a894bf861da7914e.r2.dev/1484045400015832.mp4
carried-forward  2819469955061376 c0  → https://pub-893b4a6a607b4221a894bf861da7914e.r2.dev/2819469955061376.mp4
carried-forward  1868630073705991 c0  → https://pub-893b4a6a607b4221a894bf861da7914e.r2.dev/1868630073705991.mp4
carried-forward  1007859061967446 c0  → https://pub-893b4a6a607b4221a894bf861da7914e.r2.dev/1007859061967446.mp4
carried-forward  2314753332335203 c0  → https://pub-893b4a6a607b4221a894bf861da7914e.r2.dev/2314753332335203.mp4
carried-forward  2301236813739561 c0  → https://pub-893b4a6a607b4221a894bf861da7914e.r2.dev/2301236813739561.mp4
carried-forward  2301236813739561 c0  → https://pub-893b4a6a607b4221a894bf861da7914e.r2.dev/2301236813739561.mp4
video-missing    2301236813739561 c0  (expected file not found in facebook/videos/mysivi-2026-06-23)
video-missing    2301236813739561 c0  (expected file not found in facebook/videos/mysivi-2026-06-23)
carried-forward  1000700585621663 c0  → https://pub-893b4a6a607b4221a894bf861da7914e.r2.dev/1000700585621663.mp4
carried-forward  1336551831707497 c0  → https://pub-893b4a6a607b4221a894bf861da7914e.r2.dev/1336551831707497.mp4
carried-forward  1336551831707497 c0  → https://pub-893b4a6a607b4221a894bf861da7914e.r2.dev/1336551831707497.mp4
carried-forward  1336551831707497 c0  → https://pub-893b4a6a607b4221a894bf861da7914e.r2.dev/1336551831707497.mp4
video-missing    1336551831707497 c0  (expected file not found in facebook/videos/mysivi-2026-06-23)
carried-forward  1451238069802927 c0  → https://pub-893b4a6a607b4221a894bf861da7914e.r2.dev/1451238069802927.mp4
carried-forward  26659524697044325 c0  → https://pub-893b4a6a607b4221a894bf861da7914e.r2.dev/26659524697044325.mp4
carried-forward  26659524697044325 c0  → https://pub-893b4a6a607b4221a894bf861da7914e.r2.dev/26659524697044325.mp4
carried-forward  2016029852643642 c0  → https://pub-893b4a6a607b4221a894bf861da7914e.r2.dev/2016029852643642.mp4
carried-forward  1561720772037299 c0  → https://pub-893b4a6a607b4221a894bf861da7914e.r2.dev/1561720772037299.mp4
carried-forward  1505743891180697 c0  → https://pub-893b4a6a607b4221a894bf861da7914e.r2.dev/1505743891180697.mp4
carried-forward  1039636055258495 c0  → https://dcfd27564ef899969db9a562c7e1945f.r2.cloudflarestorage.com/1039636055258495.mp4
video-missing    1039636055258495 c0  (expected file not found in facebook/videos/mysivi-2026-06-23)
carried-forward  926009359893772 c0  → https://pub-893b4a6a607b4221a894bf861da7914e.r2.dev/926009359893772.mp4
carried-forward  1596918468180759 c0  → https://pub-893b4a6a607b4221a894bf861da7914e.r2.dev/1596918468180759.mp4
carried-forward  1539649924210787 c0  → https://dcfd27564ef899969db9a562c7e1945f.r2.cloudflarestorage.com/1539649924210787.mp4
carried-forward  1008328898373593 c0  → https://pub-893b4a6a607b4221a894bf861da7914e.r2.dev/1008328898373593.mp4
carried-forward  2379080592572632 c0  → https://pub-893b4a6a607b4221a894bf861da7914e.r2.dev/2379080592572632.mp4
carried-forward  1796581764649740 c0  → https://pub-893b4a6a607b4221a894bf861da7914e.r2.dev/1796581764649740.mp4
carried-forward  1648748513083306 c0  → https://pub-893b4a6a607b4221a894bf861da7914e.r2.dev/1648748513083306.mp4
carried-forward  964508779739269 c0  → https://pub-893b4a6a607b4221a894bf861da7914e.r2.dev/964508779739269.mp4
carried-forward  964508779739269 c0  → https://pub-893b4a6a607b4221a894bf861da7914e.r2.dev/964508779739269.mp4
carried-forward  1326096859611351 c0  → https://pub-893b4a6a607b4221a894bf861da7914e.r2.dev/1326096859611351.mp4
carried-forward  1326096859611351 c0  → https://pub-893b4a6a607b4221a894bf861da7914e.r2.dev/1326096859611351.mp4
carried-forward  1585617636898981 c0  → https://pub-893b4a6a607b4221a894bf861da7914e.r2.dev/1585617636898981.mp4
video-missing    1585617636898981 c0  (expected file not found in facebook/videos/mysivi-2026-06-23)
video-missing    1585617636898981 c0  (expected file not found in facebook/videos/mysivi-2026-06-23)
carried-forward  4448835111997016 c0  → https://pub-893b4a6a607b4221a894bf861da7914e.r2.dev/4448835111997016.mp4
carried-forward  1649433082992165 c0  → https://pub-893b4a6a607b4221a894bf861da7914e.r2.dev/1649433082992165.mp4
carried-forward  26278682328431057 c0  → https://pub-893b4a6a607b4221a894bf861da7914e.r2.dev/26278682328431057.mp4
carried-forward  961057433411120 c0  → https://dcfd27564ef899969db9a562c7e1945f.r2.cloudflarestorage.com/961057433411120.mp4
carried-forward  793690836766387 c0  → https://pub-893b4a6a607b4221a894bf861da7914e.r2.dev/793690836766387.mp4
carried-forward  2029738507649525 c0  → https://pub-893b4a6a607b4221a894bf861da7914e.r2.dev/2029738507649525.mp4
carried-forward  1544277357216388 c0  → https://pub-893b4a6a607b4221a894bf861da7914e.r2.dev/1544277357216388.mp4
carried-forward  1254804086634998 c0  → https://pub-893b4a6a607b4221a894bf861da7914e.r2.dev/1254804086634998.mp4
carried-forward  924262160239210 c0  → https://pub-893b4a6a607b4221a894bf861da7914e.r2.dev/924262160239210.mp4
carried-forward  1915691329071893 c0  → https://pub-893b4a6a607b4221a894bf861da7914e.r2.dev/1915691329071893.mp4
carried-forward  1457288369432786 c0  → https://pub-893b4a6a607b4221a894bf861da7914e.r2.dev/1457288369432786.mp4
carried-forward  1457288369432786 c0  → https://pub-893b4a6a607b4221a894bf861da7914e.r2.dev/1457288369432786.mp4
carried-forward  999638893239027 c0  → https://pub-893b4a6a607b4221a894bf861da7914e.r2.dev/999638893239027.mp4
carried-forward  1195821235715911 c0  → https://pub-893b4a6a607b4221a894bf861da7914e.r2.dev/1195821235715911.mp4
carried-forward  1622507415558676 c0  → https://pub-893b4a6a607b4221a894bf861da7914e.r2.dev/1622507415558676.mp4
carried-forward  1622507415558676 c0  → https://pub-893b4a6a607b4221a894bf861da7914e.r2.dev/1622507415558676.mp4
carried-forward  1041331531793186 c0  → https://pub-893b4a6a607b4221a894bf861da7914e.r2.dev/1041331531793186.mp4
carried-forward  3583464295143448 c0  → https://pub-893b4a6a607b4221a894bf861da7914e.r2.dev/3583464295143448.mp4
carried-forward  1700511944704291 c0  → https://pub-893b4a6a607b4221a894bf861da7914e.r2.dev/1700511944704291.mp4
carried-forward  2451096275411627 c0  → https://pub-893b4a6a607b4221a894bf861da7914e.r2.dev/2451096275411627.mp4
carried-forward  926061870295157 c0  → https://pub-893b4a6a607b4221a894bf861da7914e.r2.dev/926061870295157.mp4
carried-forward  1017943474524070 c0  → https://pub-893b4a6a607b4221a894bf861da7914e.r2.dev/1017943474524070.mp4
carried-forward  1305924191718003 c0  → https://pub-893b4a6a607b4221a894bf861da7914e.r2.dev/1305924191718003.mp4
video-missing    1305924191718003 c0  (expected file not found in facebook/videos/mysivi-2026-06-23)
carried-forward  1700565688060104 c0  → https://pub-893b4a6a607b4221a894bf861da7914e.r2.dev/1700565688060104.mp4
carried-forward  1620491635933671 c0  → https://pub-893b4a6a607b4221a894bf861da7914e.r2.dev/1620491635933671.mp4
carried-forward  999055039647431 c0  → https://dcfd27564ef899969db9a562c7e1945f.r2.cloudflarestorage.com/999055039647431.mp4
carried-forward  919532227571116 c0  → https://pub-893b4a6a607b4221a894bf861da7914e.r2.dev/919532227571116.mp4
carried-forward  1007842078762414 c0  → https://pub-893b4a6a607b4221a894bf861da7914e.r2.dev/1007842078762414.mp4
carried-forward  1816838959704190 c0  → https://pub-893b4a6a607b4221a894bf861da7914e.r2.dev/1816838959704190.mp4
carried-forward  2766863023656792 c0  → https://pub-893b4a6a607b4221a894bf861da7914e.r2.dev/2766863023656792.mp4
video-missing    2766863023656792 c0  (expected file not found in facebook/videos/mysivi-2026-06-23)
carried-forward  1644517319950939 c0  → https://dcfd27564ef899969db9a562c7e1945f.r2.cloudflarestorage.com/1644517319950939.mp4
carried-forward  2817906348608083 c0  → https://dcfd27564ef899969db9a562c7e1945f.r2.cloudflarestorage.com/2817906348608083.mp4
carried-forward  884633817515736 c0  → https://pub-893b4a6a607b4221a894bf861da7914e.r2.dev/884633817515736.mp4
carried-forward  2162696541198042 c0  → https://pub-893b4a6a607b4221a894bf861da7914e.r2.dev/2162696541198042.mp4
carried-forward  2395677954250668 c0  → https://pub-893b4a6a607b4221a894bf861da7914e.r2.dev/2395677954250668.mp4
carried-forward  26897514576536099 c0  → https://pub-893b4a6a607b4221a894bf861da7914e.r2.dev/26897514576536099.mp4
carried-forward  2459081154523683 c0  → https://pub-893b4a6a607b4221a894bf861da7914e.r2.dev/2459081154523683.mp4
carried-forward  1421549569742524 c0  → https://pub-893b4a6a607b4221a894bf861da7914e.r2.dev/1421549569742524.mp4
carried-forward  1012816707855134 c0  → https://pub-893b4a6a607b4221a894bf861da7914e.r2.dev/1012816707855134.mp4
carried-forward  4339328176335731 c0  → https://pub-893b4a6a607b4221a894bf861da7914e.r2.dev/4339328176335731.mp4
carried-forward  4453558948123129 c0  → https://pub-893b4a6a607b4221a894bf861da7914e.r2.dev/4453558948123129.mp4
carried-forward  1692608401755773 c0  → https://pub-893b4a6a607b4221a894bf861da7914e.r2.dev/1692608401755773.mp4
carried-forward  2257751678323884 c0  → https://dcfd27564ef899969db9a562c7e1945f.r2.cloudflarestorage.com/2257751678323884.mp4
carried-forward  1037685812021208 c0  → https://dcfd27564ef899969db9a562c7e1945f.r2.cloudflarestorage.com/1037685812021208.mp4
carried-forward  789122750339119 c0  → https://pub-893b4a6a607b4221a894bf861da7914e.r2.dev/789122750339119.mp4
carried-forward  1066340023015133 c0  → https://pub-893b4a6a607b4221a894bf861da7914e.r2.dev/1066340023015133.mp4
carried-forward  1471243361454315 c0  → https://pub-893b4a6a607b4221a894bf861da7914e.r2.dev/1471243361454315.mp4
carried-forward  1537221441214812 c0  → https://pub-893b4a6a607b4221a894bf861da7914e.r2.dev/1537221441214812.mp4
carried-forward  2846803885657346 c0  → https://pub-893b4a6a607b4221a894bf861da7914e.r2.dev/2846803885657346.mp4
carried-forward  2154787301730525 c0  → https://pub-893b4a6a607b4221a894bf861da7914e.r2.dev/2154787301730525.mp4
carried-forward  891598777054338 c0  → https://pub-893b4a6a607b4221a894bf861da7914e.r2.dev/891598777054338.mp4
carried-forward  1679466513497742 c0  → https://pub-893b4a6a607b4221a894bf861da7914e.r2.dev/1679466513497742.mp4
carried-forward  1485718526534550 c0  → https://pub-893b4a6a607b4221a894bf861da7914e.r2.dev/1485718526534550.mp4
carried-forward  989544863558229 c0  → https://pub-893b4a6a607b4221a894bf861da7914e.r2.dev/989544863558229.mp4
carried-forward  992270790003041 c0  → https://pub-893b4a6a607b4221a894bf861da7914e.r2.dev/992270790003041.mp4
carried-forward  2208415999973119 c0  → https://pub-893b4a6a607b4221a894bf861da7914e.r2.dev/2208415999973119.mp4
carried-forward  2542013489566674 c0  → https://dcfd27564ef899969db9a562c7e1945f.r2.cloudflarestorage.com/2542013489566674.mp4
carried-forward  1318480437075234 c0  → https://pub-893b4a6a607b4221a894bf861da7914e.r2.dev/1318480437075234.mp4
carried-forward  1740601910704061 c0  → https://dcfd27564ef899969db9a562c7e1945f.r2.cloudflarestorage.com/1740601910704061.mp4
video-missing    1740601910704061 c0  (expected file not found in facebook/videos/mysivi-2026-06-23)
carried-forward  1646689376349126 c0  → https://pub-893b4a6a607b4221a894bf861da7914e.r2.dev/1646689376349126.mp4
video-missing    1646689376349126 c0  (expected file not found in facebook/videos/mysivi-2026-06-23)
carried-forward  2213473106125559 c0  → https://pub-893b4a6a607b4221a894bf861da7914e.r2.dev/2213473106125559.mp4
carried-forward  948196901262777 c0  → https://pub-893b4a6a607b4221a894bf861da7914e.r2.dev/948196901262777.mp4
carried-forward  1994398654531986 c0  → https://dcfd27564ef899969db9a562c7e1945f.r2.cloudflarestorage.com/1994398654531986.mp4
video-missing    1994398654531986 c0  (expected file not found in facebook/videos/mysivi-2026-06-23)
video-missing    1994398654531986 c0  (expected file not found in facebook/videos/mysivi-2026-06-23)
video-missing    1994398654531986 c0  (expected file not found in facebook/videos/mysivi-2026-06-23)
video-missing    1994398654531986 c0  (expected file not found in facebook/videos/mysivi-2026-06-23)
video-missing    1994398654531986 c0  (expected file not found in facebook/videos/mysivi-2026-06-23)
video-missing    1994398654531986 c0  (expected file not found in facebook/videos/mysivi-2026-06-23)
carried-forward  1952457436143215 c0  → https://dcfd27564ef899969db9a562c7e1945f.r2.cloudflarestorage.com/1952457436143215.mp4
carried-forward  5332995790259682 c0  → https://pub-893b4a6a607b4221a894bf861da7914e.r2.dev/5332995790259682.mp4
video-missing    5332995790259682 c0  (expected file not found in facebook/videos/mysivi-2026-06-23)
carried-forward  1608476257565846 c0  → https://dcfd27564ef899969db9a562c7e1945f.r2.cloudflarestorage.com/1608476257565846.mp4
carried-forward  4577544502529598 c0  → https://pub-893b4a6a607b4221a894bf861da7914e.r2.dev/4577544502529598.mp4
video-missing    4577544502529598 c0  (expected file not found in facebook/videos/mysivi-2026-06-23)
carried-forward  964962082987018 c0  → https://pub-893b4a6a607b4221a894bf861da7914e.r2.dev/964962082987018.mp4
carried-forward  2291906681625837 c0  → https://dcfd27564ef899969db9a562c7e1945f.r2.cloudflarestorage.com/2291906681625837.mp4
carried-forward  821884560200700 c0  → https://pub-893b4a6a607b4221a894bf861da7914e.r2.dev/821884560200700.mp4
video-missing    821884560200700 c0  (expected file not found in facebook/videos/mysivi-2026-06-23)
carried-forward  1291230196517358 c0  → https://pub-893b4a6a607b4221a894bf861da7914e.r2.dev/1291230196517358.mp4
carried-forward  4490442197870544 c0  → https://pub-893b4a6a607b4221a894bf861da7914e.r2.dev/4490442197870544.mp4
carried-forward  1679488779955893 c0  → https://dcfd27564ef899969db9a562c7e1945f.r2.cloudflarestorage.com/1679488779955893.mp4
carried-forward  1257723099480067 c0  → https://pub-893b4a6a607b4221a894bf861da7914e.r2.dev/1257723099480067.mp4
video-missing    1257723099480067 c0  (expected file not found in facebook/videos/mysivi-2026-06-23)
carried-forward  1395624818998219 c0  → https://pub-893b4a6a607b4221a894bf861da7914e.r2.dev/1395624818998219.mp4
carried-forward  969992315779319 c0  → https://pub-893b4a6a607b4221a894bf861da7914e.r2.dev/969992315779319.mp4
carried-forward  2044345306156775 c0  → https://dcfd27564ef899969db9a562c7e1945f.r2.cloudflarestorage.com/2044345306156775.mp4
carried-forward  1331481325833376 c0  → https://pub-893b4a6a607b4221a894bf861da7914e.r2.dev/1331481325833376.mp4
carried-forward  24784832384548343 c0  → https://pub-893b4a6a607b4221a894bf861da7914e.r2.dev/24784832384548343.mp4
carried-forward  1923724461625869 c0  → https://dcfd27564ef899969db9a562c7e1945f.r2.cloudflarestorage.com/1923724461625869.mp4
carried-forward  1435417828331595 c0  → https://pub-893b4a6a607b4221a894bf861da7914e.r2.dev/1435417828331595.mp4
carried-forward  1406188997984557 c0  → https://dcfd27564ef899969db9a562c7e1945f.r2.cloudflarestorage.com/1406188997984557.mp4
video-missing    1406188997984557 c0  (expected file not found in facebook/videos/mysivi-2026-06-23)
video-missing    1406188997984557 c0  (expected file not found in facebook/videos/mysivi-2026-06-23)
carried-forward  2828668334192442 c0  → https://pub-893b4a6a607b4221a894bf861da7914e.r2.dev/2828668334192442.mp4
carried-forward  999136349755639 c0  → https://pub-893b4a6a607b4221a894bf861da7914e.r2.dev/999136349755639.mp4
carried-forward  948098764436671 c0  → https://pub-893b4a6a607b4221a894bf861da7914e.r2.dev/948098764436671.mp4
video-missing    948098764436671 c0  (expected file not found in facebook/videos/mysivi-2026-06-23)
carried-forward  3087833694742781 c0  → https://pub-893b4a6a607b4221a894bf861da7914e.r2.dev/3087833694742781.mp4
carried-forward  1665607881389336 c0  → https://pub-893b4a6a607b4221a894bf861da7914e.r2.dev/1665607881389336.mp4
video-missing    1665607881389336 c0  (expected file not found in facebook/videos/mysivi-2026-06-23)
video-missing    1665607881389336 c0  (expected file not found in facebook/videos/mysivi-2026-06-23)
video-missing    1665607881389336 c0  (expected file not found in facebook/videos/mysivi-2026-06-23)
video-missing    1665607881389336 c0  (expected file not found in facebook/videos/mysivi-2026-06-23)
carried-forward  783367227802865 c0  → https://pub-893b4a6a607b4221a894bf861da7914e.r2.dev/783367227802865.mp4
carried-forward  1633088194638293 c0  → https://pub-893b4a6a607b4221a894bf861da7914e.r2.dev/1633088194638293.mp4
carried-forward  4466306300265392 c0  → https://pub-893b4a6a607b4221a894bf861da7914e.r2.dev/4466306300265392.mp4
carried-forward  969504339283890 c0  → https://pub-893b4a6a607b4221a894bf861da7914e.r2.dev/969504339283890.mp4
carried-forward  1744949079879341 c0  → https://dcfd27564ef899969db9a562c7e1945f.r2.cloudflarestorage.com/1744949079879341.mp4
carried-forward  2218922798640333 c0  → https://pub-893b4a6a607b4221a894bf861da7914e.r2.dev/2218922798640333.mp4
carried-forward  1646387496431922 c0  → https://dcfd27564ef899969db9a562c7e1945f.r2.cloudflarestorage.com/1646387496431922.mp4
carried-forward  983702551010180 c0  → https://pub-893b4a6a607b4221a894bf861da7914e.r2.dev/983702551010180.mp4
video-missing    983702551010180 c0  (expected file not found in facebook/videos/mysivi-2026-06-23)
carried-forward  968917315767506 c0  → https://pub-893b4a6a607b4221a894bf861da7914e.r2.dev/968917315767506.mp4
carried-forward  1287468993306146 c0  → https://pub-893b4a6a607b4221a894bf861da7914e.r2.dev/1287468993306146.mp4
carried-forward  1384270370430134 c0  → https://pub-893b4a6a607b4221a894bf861da7914e.r2.dev/1384270370430134.mp4
carried-forward  2656547944763865 c0  → https://dcfd27564ef899969db9a562c7e1945f.r2.cloudflarestorage.com/2656547944763865.mp4
carried-forward  2024472394773472 c0  → https://pub-893b4a6a607b4221a894bf861da7914e.r2.dev/2024472394773472.mp4
carried-forward  1682335216305164 c0  → https://dcfd27564ef899969db9a562c7e1945f.r2.cloudflarestorage.com/1682335216305164.mp4
carried-forward  1053586457085957 c0  → https://dcfd27564ef899969db9a562c7e1945f.r2.cloudflarestorage.com/1053586457085957.mp4
carried-forward  792723907110134 c0  → https://pub-893b4a6a607b4221a894bf861da7914e.r2.dev/792723907110134.mp4
carried-forward  1314557267227715 c0  → https://pub-893b4a6a607b4221a894bf861da7914e.r2.dev/1314557267227715.mp4
carried-forward  1452493899608866 c0  → https://pub-893b4a6a607b4221a894bf861da7914e.r2.dev/1452493899608866.mp4
carried-forward  1316309580688725 c0  → https://pub-893b4a6a607b4221a894bf861da7914e.r2.dev/1316309580688725.mp4
carried-forward  1037814022250953 c0  → https://pub-893b4a6a607b4221a894bf861da7914e.r2.dev/1037814022250953.mp4
carried-forward  975996065285604 c0  → https://pub-893b4a6a607b4221a894bf861da7914e.r2.dev/975996065285604.mp4
carried-forward  2583482575445539 c0  → https://pub-893b4a6a607b4221a894bf861da7914e.r2.dev/2583482575445539.mp4
carried-forward  1464075105326463 c0  → https://pub-893b4a6a607b4221a894bf861da7914e.r2.dev/1464075105326463.mp4
carried-forward  4607699552793256 c0  → https://pub-893b4a6a607b4221a894bf861da7914e.r2.dev/4607699552793256.mp4
carried-forward  1496480095586708 c0  → https://pub-893b4a6a607b4221a894bf861da7914e.r2.dev/1496480095586708.mp4
carried-forward  959828883152594 c0  → https://pub-893b4a6a607b4221a894bf861da7914e.r2.dev/959828883152594.mp4
carried-forward  1715918716209104 c0  → https://dcfd27564ef899969db9a562c7e1945f.r2.cloudflarestorage.com/1715918716209104.mp4
carried-forward  953740530634532 c0  → https://pub-893b4a6a607b4221a894bf861da7914e.r2.dev/953740530634532.mp4
carried-forward  1593881836073732 c0  → https://pub-893b4a6a607b4221a894bf861da7914e.r2.dev/1593881836073732.mp4
video-missing    1593881836073732 c0  (expected file not found in facebook/videos/mysivi-2026-06-23)
carried-forward  2048629836075469 c0  → https://pub-893b4a6a607b4221a894bf861da7914e.r2.dev/2048629836075469.mp4
carried-forward  1435881974870948 c0  → https://pub-893b4a6a607b4221a894bf861da7914e.r2.dev/1435881974870948.mp4
video-missing    1435881974870948 c0  (expected file not found in facebook/videos/mysivi-2026-06-23)
carried-forward  1397004718903036 c0  → https://pub-893b4a6a607b4221a894bf861da7914e.r2.dev/1397004718903036.mp4
video-missing    1397004718903036 c0  (expected file not found in facebook/videos/mysivi-2026-06-23)
carried-forward  2081180309106863 c0  → https://pub-893b4a6a607b4221a894bf861da7914e.r2.dev/2081180309106863.mp4
carried-forward  820127957618228 c0  → https://pub-893b4a6a607b4221a894bf861da7914e.r2.dev/820127957618228.mp4
carried-forward  1001906345650383 c0  → https://pub-893b4a6a607b4221a894bf861da7914e.r2.dev/1001906345650383.mp4
carried-forward  2120502182068858 c0  → https://pub-893b4a6a607b4221a894bf861da7914e.r2.dev/2120502182068858.mp4
carried-forward  1964917867488103 c0  → https://dcfd27564ef899969db9a562c7e1945f.r2.cloudflarestorage.com/1964917867488103.mp4
carried-forward  1901820123666387 c0  → https://pub-893b4a6a607b4221a894bf861da7914e.r2.dev/1901820123666387.mp4
carried-forward  25866749899663745 c0  → https://pub-893b4a6a607b4221a894bf861da7914e.r2.dev/25866749899663745.mp4
carried-forward  778012685144422 c0  → https://pub-893b4a6a607b4221a894bf861da7914e.r2.dev/778012685144422.mp4
carried-forward  2881901835488839 c0  → https://pub-893b4a6a607b4221a894bf861da7914e.r2.dev/2881901835488839.mp4
carried-forward  976607848248590 c0  → https://pub-893b4a6a607b4221a894bf861da7914e.r2.dev/976607848248590.mp4
carried-forward  3064960277032195 c0  → https://pub-893b4a6a607b4221a894bf861da7914e.r2.dev/3064960277032195.mp4
carried-forward  979432918132407 c0  → https://dcfd27564ef899969db9a562c7e1945f.r2.cloudflarestorage.com/979432918132407.mp4
carried-forward  2544633702634148 c0  → https://pub-893b4a6a607b4221a894bf861da7914e.r2.dev/2544633702634148.mp4
carried-forward  1561884662029196 c0  → https://pub-893b4a6a607b4221a894bf861da7914e.r2.dev/1561884662029196.mp4
carried-forward  2642755476096212 c0  → https://pub-893b4a6a607b4221a894bf861da7914e.r2.dev/2642755476096212.mp4
carried-forward  1972617633340327 c0  → https://pub-893b4a6a607b4221a894bf861da7914e.r2.dev/1972617633340327.mp4
video-missing    1972617633340327 c0  (expected file not found in facebook/videos/mysivi-2026-06-23)
carried-forward  2250006169146539 c0  → https://pub-893b4a6a607b4221a894bf861da7914e.r2.dev/2250006169146539.mp4
carried-forward  2047450022863820 c0  → https://pub-893b4a6a607b4221a894bf861da7914e.r2.dev/2047450022863820.mp4
carried-forward  2580541402380294 c0  → https://dcfd27564ef899969db9a562c7e1945f.r2.cloudflarestorage.com/2580541402380294.mp4
video-missing    2580541402380294 c0  (expected file not found in facebook/videos/mysivi-2026-06-23)
carried-forward  2769559763418086 c0  → https://pub-893b4a6a607b4221a894bf861da7914e.r2.dev/2769559763418086.mp4
carried-forward  1788001398845945 c0  → https://pub-893b4a6a607b4221a894bf861da7914e.r2.dev/1788001398845945.mp4
carried-forward  1370650128429240 c0  → https://pub-893b4a6a607b4221a894bf861da7914e.r2.dev/1370650128429240.mp4
carried-forward  4296580653926356 c0  → https://pub-893b4a6a607b4221a894bf861da7914e.r2.dev/4296580653926356.mp4
carried-forward  939108672088071 c0  → https://pub-893b4a6a607b4221a894bf861da7914e.r2.dev/939108672088071.mp4
carried-forward  1669662424053951 c0  → https://pub-893b4a6a607b4221a894bf861da7914e.r2.dev/1669662424053951.mp4
carried-forward  4322014331449545 c0  → https://pub-893b4a6a607b4221a894bf861da7914e.r2.dev/4322014331449545.mp4
carried-forward  1640816750526652 c0  → https://pub-893b4a6a607b4221a894bf861da7914e.r2.dev/1640816750526652.mp4
carried-forward  1279149687664468 c0  → https://pub-893b4a6a607b4221a894bf861da7914e.r2.dev/1279149687664468.mp4
video-missing    1279149687664468 c0  (expected file not found in facebook/videos/mysivi-2026-06-23)
carried-forward  1229290809234566 c0  → https://pub-893b4a6a607b4221a894bf861da7914e.r2.dev/1229290809234566.mp4
carried-forward  2187186002058927 c0  → https://pub-893b4a6a607b4221a894bf861da7914e.r2.dev/2187186002058927.mp4
carried-forward  26998229939840758 c0  → https://pub-893b4a6a607b4221a894bf861da7914e.r2.dev/26998229939840758.mp4
carried-forward  2058708198355990 c0  → https://pub-893b4a6a607b4221a894bf861da7914e.r2.dev/2058708198355990.mp4
carried-forward  3096779047174950 c0  → https://pub-893b4a6a607b4221a894bf861da7914e.r2.dev/3096779047174950.mp4
video-missing    3096779047174950 c0  (expected file not found in facebook/videos/mysivi-2026-06-23)
carried-forward  1316271846669677 c0  → https://pub-893b4a6a607b4221a894bf861da7914e.r2.dev/1316271846669677.mp4
carried-forward  2187766205322198 c0  → https://dcfd27564ef899969db9a562c7e1945f.r2.cloudflarestorage.com/2187766205322198.mp4
carried-forward  1666736444644442 c0  → https://pub-893b4a6a607b4221a894bf861da7914e.r2.dev/1666736444644442.mp4
carried-forward  953674700600091 c0  → https://pub-893b4a6a607b4221a894bf861da7914e.r2.dev/953674700600091.mp4
carried-forward  2266101524219379 c0  → https://pub-893b4a6a607b4221a894bf861da7914e.r2.dev/2266101524219379.mp4
video-missing    2266101524219379 c0  (expected file not found in facebook/videos/mysivi-2026-06-23)
carried-forward  858184180059111 c0  → https://pub-893b4a6a607b4221a894bf861da7914e.r2.dev/858184180059111.mp4
carried-forward  1984284925540252 c0  → https://pub-893b4a6a607b4221a894bf861da7914e.r2.dev/1984284925540252.mp4
carried-forward  1367247608771937 c0  → https://pub-893b4a6a607b4221a894bf861da7914e.r2.dev/1367247608771937.mp4
carried-forward  1465573407768187 c0  → https://pub-893b4a6a607b4221a894bf861da7914e.r2.dev/1465573407768187.mp4
carried-forward  1267559591988783 c0  → https://pub-893b4a6a607b4221a894bf861da7914e.r2.dev/1267559591988783.mp4
carried-forward  1532213468692292 c0  → https://pub-893b4a6a607b4221a894bf861da7914e.r2.dev/1532213468692292.mp4
carried-forward  2147593776037558 c0  → https://pub-893b4a6a607b4221a894bf861da7914e.r2.dev/2147593776037558.mp4
carried-forward  2369813166836159 c0  → https://pub-893b4a6a607b4221a894bf861da7914e.r2.dev/2369813166836159.mp4
video-missing    2369813166836159 c0  (expected file not found in facebook/videos/mysivi-2026-06-23)
video-missing    2369813166836159 c0  (expected file not found in facebook/videos/mysivi-2026-06-23)
carried-forward  1477266293525820 c0  → https://pub-893b4a6a607b4221a894bf861da7914e.r2.dev/1477266293525820.mp4
carried-forward  2406759349808828 c0  → https://pub-893b4a6a607b4221a894bf861da7914e.r2.dev/2406759349808828.mp4
carried-forward  951380894120941 c0  → https://pub-893b4a6a607b4221a894bf861da7914e.r2.dev/951380894120941.mp4
carried-forward  1505587977729241 c0  → https://pub-893b4a6a607b4221a894bf861da7914e.r2.dev/1505587977729241.mp4
carried-forward  1546738243449603 c0  → https://pub-893b4a6a607b4221a894bf861da7914e.r2.dev/1546738243449603.mp4
carried-forward  1724985298506481 c0  → https://pub-893b4a6a607b4221a894bf861da7914e.r2.dev/1724985298506481.mp4
carried-forward  1598091577944535 c0  → https://pub-893b4a6a607b4221a894bf861da7914e.r2.dev/1598091577944535.mp4
carried-forward  1352427616717956 c0  → https://pub-893b4a6a607b4221a894bf861da7914e.r2.dev/1352427616717956.mp4
carried-forward  941511472103541 c0  → https://pub-893b4a6a607b4221a894bf861da7914e.r2.dev/941511472103541.mp4
video-missing    941511472103541 c0  (expected file not found in facebook/videos/mysivi-2026-06-23)
carried-forward  1266779002205775 c0  → https://pub-893b4a6a607b4221a894bf861da7914e.r2.dev/1266779002205775.mp4
carried-forward  3011792732359288 c0  → https://dcfd27564ef899969db9a562c7e1945f.r2.cloudflarestorage.com/3011792732359288.mp4
carried-forward  1701300371040609 c0  → https://pub-893b4a6a607b4221a894bf861da7914e.r2.dev/1701300371040609.mp4
carried-forward  1511816280442472 c0  → https://dcfd27564ef899969db9a562c7e1945f.r2.cloudflarestorage.com/1511816280442472.mp4
carried-forward  1463268341677786 c0  → https://pub-893b4a6a607b4221a894bf861da7914e.r2.dev/1463268341677786.mp4
carried-forward  1627097148362979 c0  → https://dcfd27564ef899969db9a562c7e1945f.r2.cloudflarestorage.com/1627097148362979.mp4
carried-forward  2490617801381931 c0  → https://dcfd27564ef899969db9a562c7e1945f.r2.cloudflarestorage.com/2490617801381931.mp4
carried-forward  1975616730478592 c0  → https://pub-893b4a6a607b4221a894bf861da7914e.r2.dev/1975616730478592.mp4
carried-forward  1333829674989627 c0  → https://pub-893b4a6a607b4221a894bf861da7914e.r2.dev/1333829674989627.mp4
carried-forward  1302328652024705 c0  → https://pub-893b4a6a607b4221a894bf861da7914e.r2.dev/1302328652024705.mp4
carried-forward  982478627705636 c0  → https://pub-893b4a6a607b4221a894bf861da7914e.r2.dev/982478627705636.mp4
carried-forward  2470813780057683 c0  → https://pub-893b4a6a607b4221a894bf861da7914e.r2.dev/2470813780057683.mp4
carried-forward  3877822139193411 c0  → https://pub-893b4a6a607b4221a894bf861da7914e.r2.dev/3877822139193411.mp4
carried-forward  1223535143082969 c0  → https://pub-893b4a6a607b4221a894bf861da7914e.r2.dev/1223535143082969.mp4
carried-forward  2004005630505788 c0  → https://dcfd27564ef899969db9a562c7e1945f.r2.cloudflarestorage.com/2004005630505788.mp4
carried-forward  3919927281494450 c0  → https://dcfd27564ef899969db9a562c7e1945f.r2.cloudflarestorage.com/3919927281494450.mp4
carried-forward  1325752129390385 c0  → https://pub-893b4a6a607b4221a894bf861da7914e.r2.dev/1325752129390385.mp4
carried-forward  1036636192124153 c0  → https://pub-893b4a6a607b4221a894bf861da7914e.r2.dev/1036636192124153.mp4
carried-forward  1365711322054968 c0  → https://pub-893b4a6a607b4221a894bf861da7914e.r2.dev/1365711322054968.mp4
carried-forward  2175701933182464 c0  → https://pub-893b4a6a607b4221a894bf861da7914e.r2.dev/2175701933182464.mp4
video-missing    2175701933182464 c0  (expected file not found in facebook/videos/mysivi-2026-06-23)
carried-forward  2495683897596153 c0  → https://pub-893b4a6a607b4221a894bf861da7914e.r2.dev/2495683897596153.mp4
carried-forward  1617488926652516 c0  → https://dcfd27564ef899969db9a562c7e1945f.r2.cloudflarestorage.com/1617488926652516.mp4
carried-forward  1461215278536774 c0  → https://pub-893b4a6a607b4221a894bf861da7914e.r2.dev/1461215278536774.mp4
carried-forward  2071595920905981 c0  → https://pub-893b4a6a607b4221a894bf861da7914e.r2.dev/2071595920905981.mp4
carried-forward  1987522878536487 c0  → https://dcfd27564ef899969db9a562c7e1945f.r2.cloudflarestorage.com/1987522878536487.mp4
carried-forward  1470635231402391 c0  → https://pub-893b4a6a607b4221a894bf861da7914e.r2.dev/1470635231402391.mp4
carried-forward  776929352098813 c0  → https://dcfd27564ef899969db9a562c7e1945f.r2.cloudflarestorage.com/776929352098813.mp4
video-missing    776929352098813 c0  (expected file not found in facebook/videos/mysivi-2026-06-23)
carried-forward  36465911913053931 c0  → https://dcfd27564ef899969db9a562c7e1945f.r2.cloudflarestorage.com/36465911913053931.mp4
carried-forward  1497741681853834 c0  → https://pub-893b4a6a607b4221a894bf861da7914e.r2.dev/1497741681853834.mp4
carried-forward  957337403958368 c0  → https://pub-893b4a6a607b4221a894bf861da7914e.r2.dev/957337403958368.mp4
carried-forward  851319157987747 c0  → https://pub-893b4a6a607b4221a894bf861da7914e.r2.dev/851319157987747.mp4
carried-forward  1461158331820946 c0  → https://pub-893b4a6a607b4221a894bf861da7914e.r2.dev/1461158331820946.mp4
carried-forward  2450881978766024 c0  → https://dcfd27564ef899969db9a562c7e1945f.r2.cloudflarestorage.com/2450881978766024.mp4
carried-forward  1331780018879854 c0  → https://dcfd27564ef899969db9a562c7e1945f.r2.cloudflarestorage.com/1331780018879854.mp4
carried-forward  2773343266355319 c0  → https://pub-893b4a6a607b4221a894bf861da7914e.r2.dev/2773343266355319.mp4
carried-forward  1649622126228565 c0  → https://pub-893b4a6a607b4221a894bf861da7914e.r2.dev/1649622126228565.mp4
video-missing    1649622126228565 c0  (expected file not found in facebook/videos/mysivi-2026-06-23)
carried-forward  1345353317544420 c0  → https://dcfd27564ef899969db9a562c7e1945f.r2.cloudflarestorage.com/1345353317544420.mp4
carried-forward  1481936509872557 c0  → https://pub-893b4a6a607b4221a894bf861da7914e.r2.dev/1481936509872557.mp4
carried-forward  3031483217048129 c0  → https://pub-893b4a6a607b4221a894bf861da7914e.r2.dev/3031483217048129.mp4
carried-forward  1553049886391368 c0  → https://pub-893b4a6a607b4221a894bf861da7914e.r2.dev/1553049886391368.mp4
carried-forward  1487362129537955 c0  → https://pub-893b4a6a607b4221a894bf861da7914e.r2.dev/1487362129537955.mp4
carried-forward  1301407418240081 c0  → https://pub-893b4a6a607b4221a894bf861da7914e.r2.dev/1301407418240081.mp4
carried-forward  1249174010524007 c0  → https://pub-893b4a6a607b4221a894bf861da7914e.r2.dev/1249174010524007.mp4
video-missing    1249174010524007 c0  (expected file not found in facebook/videos/mysivi-2026-06-23)
carried-forward  976317738621747 c0  → https://pub-893b4a6a607b4221a894bf861da7914e.r2.dev/976317738621747.mp4
carried-forward  1001920132811784 c0  → https://pub-893b4a6a607b4221a894bf861da7914e.r2.dev/1001920132811784.mp4
carried-forward  939726098884612 c0  → https://pub-893b4a6a607b4221a894bf861da7914e.r2.dev/939726098884612.mp4
video-missing    939726098884612 c0  (expected file not found in facebook/videos/mysivi-2026-06-23)
carried-forward  1530098145357085 c0  → https://pub-893b4a6a607b4221a894bf861da7914e.r2.dev/1530098145357085.mp4
carried-forward  1615005419579542 c0  → https://pub-893b4a6a607b4221a894bf861da7914e.r2.dev/1615005419579542.mp4
carried-forward  1324486342479319 c0  → https://dcfd27564ef899969db9a562c7e1945f.r2.cloudflarestorage.com/1324486342479319.mp4
carried-forward  1556601025436131 c0  → https://pub-893b4a6a607b4221a894bf861da7914e.r2.dev/1556601025436131.mp4
carried-forward  1938545806827209 c0  → https://pub-893b4a6a607b4221a894bf861da7914e.r2.dev/1938545806827209.mp4
carried-forward  1285279843766771 c0  → https://pub-893b4a6a607b4221a894bf861da7914e.r2.dev/1285279843766771.mp4
video-missing    1285279843766771 c0  (expected file not found in facebook/videos/mysivi-2026-06-23)
carried-forward  1305301490970231 c0  → https://pub-893b4a6a607b4221a894bf861da7914e.r2.dev/1305301490970231.mp4
video-missing    1305301490970231 c0  (expected file not found in facebook/videos/mysivi-2026-06-23)
video-missing    1305301490970231 c0  (expected file not found in facebook/videos/mysivi-2026-06-23)
carried-forward  1488915282336315 c0  → https://dcfd27564ef899969db9a562c7e1945f.r2.cloudflarestorage.com/1488915282336315.mp4
carried-forward  846054941857253 c0  → https://pub-893b4a6a607b4221a894bf861da7914e.r2.dev/846054941857253.mp4
carried-forward  1169582301967723 c0  → https://pub-893b4a6a607b4221a894bf861da7914e.r2.dev/1169582301967723.mp4
carried-forward  1634244961233033 c0  → https://pub-893b4a6a607b4221a894bf861da7914e.r2.dev/1634244961233033.mp4
carried-forward  2119140315611050 c0  → https://pub-893b4a6a607b4221a894bf861da7914e.r2.dev/2119140315611050.mp4
carried-forward  2063488454599605 c0  → https://pub-893b4a6a607b4221a894bf861da7914e.r2.dev/2063488454599605.mp4
carried-forward  1009047662075206 c0  → https://pub-893b4a6a607b4221a894bf861da7914e.r2.dev/1009047662075206.mp4
carried-forward  1322579466521965 c0  → https://pub-893b4a6a607b4221a894bf861da7914e.r2.dev/1322579466521965.mp4
video-missing    1322579466521965 c0  (expected file not found in facebook/videos/mysivi-2026-06-23)
carried-forward  1474458497230488 c0  → https://pub-893b4a6a607b4221a894bf861da7914e.r2.dev/1474458497230488.mp4
carried-forward  1448165490681319 c0  → https://dcfd27564ef899969db9a562c7e1945f.r2.cloudflarestorage.com/1448165490681319.mp4
carried-forward  3985502365087406 c0  → https://pub-893b4a6a607b4221a894bf861da7914e.r2.dev/3985502365087406.mp4
carried-forward  2159250388250975 c0  → https://pub-893b4a6a607b4221a894bf861da7914e.r2.dev/2159250388250975.mp4
carried-forward  972275398944393 c0  → https://pub-893b4a6a607b4221a894bf861da7914e.r2.dev/972275398944393.mp4
carried-forward  2575899319503414 c0  → https://dcfd27564ef899969db9a562c7e1945f.r2.cloudflarestorage.com/2575899319503414.mp4
carried-forward  977340141945135 c0  → https://pub-893b4a6a607b4221a894bf861da7914e.r2.dev/977340141945135.mp4
carried-forward  1722807232402706 c0  → https://pub-893b4a6a607b4221a894bf861da7914e.r2.dev/1722807232402706.mp4
carried-forward  887101084433809 c0  → https://dcfd27564ef899969db9a562c7e1945f.r2.cloudflarestorage.com/887101084433809.mp4
carried-forward  1881421959222715 c0  → https://pub-893b4a6a607b4221a894bf861da7914e.r2.dev/1881421959222715.mp4
carried-forward  1364006092255413 c0  → https://pub-893b4a6a607b4221a894bf861da7914e.r2.dev/1364006092255413.mp4
carried-forward  4107404316224571 c0  → https://pub-893b4a6a607b4221a894bf861da7914e.r2.dev/4107404316224571.mp4
carried-forward  1311542947302507 c0  → https://dcfd27564ef899969db9a562c7e1945f.r2.cloudflarestorage.com/1311542947302507.mp4
carried-forward  1640775290563845 c0  → https://pub-893b4a6a607b4221a894bf861da7914e.r2.dev/1640775290563845.mp4
carried-forward  2000629287190400 c0  → https://pub-893b4a6a607b4221a894bf861da7914e.r2.dev/2000629287190400.mp4
carried-forward  1034486135715678 c0  → https://pub-893b4a6a607b4221a894bf861da7914e.r2.dev/1034486135715678.mp4
carried-forward  1464612034684616 c0  → https://pub-893b4a6a607b4221a894bf861da7914e.r2.dev/1464612034684616.mp4
carried-forward  947133261656713 c0  → https://pub-893b4a6a607b4221a894bf861da7914e.r2.dev/947133261656713.mp4
carried-forward  1403248248278464 c0  → https://pub-893b4a6a607b4221a894bf861da7914e.r2.dev/1403248248278464.mp4
carried-forward  2062749137923060 c0  → https://pub-893b4a6a607b4221a894bf861da7914e.r2.dev/2062749137923060.mp4
video-missing    2062749137923060 c0  (expected file not found in facebook/videos/mysivi-2026-06-23)
carried-forward  935677736125799 c0  → https://pub-893b4a6a607b4221a894bf861da7914e.r2.dev/935677736125799.mp4
uploaded         1355429656737666 c0  (video) ← 1355429656737666.mp4  → https://dcfd27564ef899969db9a562c7e1945f.r2.cloudflarestorage.com/1355429656737666.mp4
carried-forward  2126837924556346 c0  → https://pub-893b4a6a607b4221a894bf861da7914e.r2.dev/2126837924556346.mp4
carried-forward  1656028475602497 c0  → https://pub-893b4a6a607b4221a894bf861da7914e.r2.dev/1656028475602497.mp4
carried-forward  974630395474784 c0  → https://pub-893b4a6a607b4221a894bf861da7914e.r2.dev/974630395474784.mp4
carried-forward  1343618321028277 c0  → https://pub-893b4a6a607b4221a894bf861da7914e.r2.dev/1343618321028277.mp4
video-missing    1343618321028277 c0  (expected file not found in facebook/videos/mysivi-2026-06-23)
video-missing    1343618321028277 c0  (expected file not found in facebook/videos/mysivi-2026-06-23)
carried-forward  4137390766573800 c0  → https://pub-893b4a6a607b4221a894bf861da7914e.r2.dev/4137390766573800.mp4
carried-forward  3108292029380856 c0  → https://dcfd27564ef899969db9a562c7e1945f.r2.cloudflarestorage.com/3108292029380856.mp4
carried-forward  1465353234806275 c0  → https://pub-893b4a6a607b4221a894bf861da7914e.r2.dev/1465353234806275.mp4
carried-forward  2182310698840588 c0  → https://pub-893b4a6a607b4221a894bf861da7914e.r2.dev/2182310698840588.mp4
carried-forward  1941571746654798 c0  → https://dcfd27564ef899969db9a562c7e1945f.r2.cloudflarestorage.com/1941571746654798.mp4
carried-forward  1768520967841938 c0  → https://pub-893b4a6a607b4221a894bf861da7914e.r2.dev/1768520967841938.mp4
carried-forward  1185388110264484 c0  → https://pub-893b4a6a607b4221a894bf861da7914e.r2.dev/1185388110264484.mp4
carried-forward  1467304325131224 c0  → https://pub-893b4a6a607b4221a894bf861da7914e.r2.dev/1467304325131224.mp4
carried-forward  1719999308984065 c0  → https://pub-893b4a6a607b4221a894bf861da7914e.r2.dev/1719999308984065.mp4
video-missing    1719999308984065 c0  (expected file not found in facebook/videos/mysivi-2026-06-23)
carried-forward  1155999686642393 c0  → https://pub-893b4a6a607b4221a894bf861da7914e.r2.dev/1155999686642393.mp4
carried-forward  2428035340942905 c0  → https://pub-893b4a6a607b4221a894bf861da7914e.r2.dev/2428035340942905.mp4
carried-forward  2115711899302070 c0  → https://pub-893b4a6a607b4221a894bf861da7914e.r2.dev/2115711899302070.mp4
video-missing    2115711899302070 c0  (expected file not found in facebook/videos/mysivi-2026-06-23)
carried-forward  2037543513836453 c0  → https://dcfd27564ef899969db9a562c7e1945f.r2.cloudflarestorage.com/2037543513836453.mp4
carried-forward  1022336593482318 c0  → https://pub-893b4a6a607b4221a894bf861da7914e.r2.dev/1022336593482318.mp4
carried-forward  3294416307404381 c0  → https://pub-893b4a6a607b4221a894bf861da7914e.r2.dev/3294416307404381.mp4
carried-forward  990347163802225 c0  → https://pub-893b4a6a607b4221a894bf861da7914e.r2.dev/990347163802225.mp4
carried-forward  1286000256930884 c0  → https://pub-893b4a6a607b4221a894bf861da7914e.r2.dev/1286000256930884.mp4
carried-forward  1309794577224111 c0  → https://pub-893b4a6a607b4221a894bf861da7914e.r2.dev/1309794577224111.mp4
carried-forward  1944164302881937 c0  → https://pub-893b4a6a607b4221a894bf861da7914e.r2.dev/1944164302881937.mp4
carried-forward  3380153405468183 c0  → https://pub-893b4a6a607b4221a894bf861da7914e.r2.dev/3380153405468183.mp4
video-missing    3380153405468183 c0  (expected file not found in facebook/videos/mysivi-2026-06-23)
carried-forward  2094193961507413 c0  → https://dcfd27564ef899969db9a562c7e1945f.r2.cloudflarestorage.com/2094193961507413.mp4
carried-forward  2283416315525470 c0  → https://pub-893b4a6a607b4221a894bf861da7914e.r2.dev/2283416315525470.mp4
carried-forward  997772296021988 c0  → https://pub-893b4a6a607b4221a894bf861da7914e.r2.dev/997772296021988.mp4
carried-forward  1428151732403427 c0  → https://pub-893b4a6a607b4221a894bf861da7914e.r2.dev/1428151732403427.mp4
carried-forward  740467572463488 c0  → https://pub-893b4a6a607b4221a894bf861da7914e.r2.dev/740467572463488.mp4
carried-forward  2449851418795282 c0  → https://pub-893b4a6a607b4221a894bf861da7914e.r2.dev/2449851418795282.mp4
carried-forward  1962399937815466 c0  → https://pub-893b4a6a607b4221a894bf861da7914e.r2.dev/1962399937815466.mp4
carried-forward  1732380821513009 c0  → https://pub-893b4a6a607b4221a894bf861da7914e.r2.dev/1732380821513009.mp4
carried-forward  1541135330952944 c0  → https://dcfd27564ef899969db9a562c7e1945f.r2.cloudflarestorage.com/1541135330952944.mp4
carried-forward  2772625586437847 c0  → https://pub-893b4a6a607b4221a894bf861da7914e.r2.dev/2772625586437847.mp4
carried-forward  2821147041581055 c0  → https://pub-893b4a6a607b4221a894bf861da7914e.r2.dev/2821147041581055.mp4
carried-forward  964868699756081 c0  → https://pub-893b4a6a607b4221a894bf861da7914e.r2.dev/964868699756081.mp4
carried-forward  1999348614007288 c0  → https://dcfd27564ef899969db9a562c7e1945f.r2.cloudflarestorage.com/1999348614007288.mp4
carried-forward  1999641547298588 c0  → https://pub-893b4a6a607b4221a894bf861da7914e.r2.dev/1999641547298588.mp4
video-missing    1999641547298588 c0  (expected file not found in facebook/videos/mysivi-2026-06-23)
video-missing    1999641547298588 c0  (expected file not found in facebook/videos/mysivi-2026-06-23)
carried-forward  803170229331324 c0  → https://pub-893b4a6a607b4221a894bf861da7914e.r2.dev/803170229331324.mp4
video-missing    803170229331324 c0  (expected file not found in facebook/videos/mysivi-2026-06-23)
video-missing    803170229331324 c0  (expected file not found in facebook/videos/mysivi-2026-06-23)
video-missing    803170229331324 c0  (expected file not found in facebook/videos/mysivi-2026-06-23)
carried-forward  1544380703870356 c0  → https://pub-893b4a6a607b4221a894bf861da7914e.r2.dev/1544380703870356.mp4
carried-forward  1007429928523695 c0  → https://pub-893b4a6a607b4221a894bf861da7914e.r2.dev/1007429928523695.mp4
carried-forward  1912867212698568 c0  → https://pub-893b4a6a607b4221a894bf861da7914e.r2.dev/1912867212698568.mp4
carried-forward  2055380618414066 c0  → https://pub-893b4a6a607b4221a894bf861da7914e.r2.dev/2055380618414066.mp4
carried-forward  1009692828663783 c0  → https://pub-893b4a6a607b4221a894bf861da7914e.r2.dev/1009692828663783.mp4
carried-forward  1674516020404016 c0  → https://pub-893b4a6a607b4221a894bf861da7914e.r2.dev/1674516020404016.mp4
video-missing    1674516020404016 c0  (expected file not found in facebook/videos/mysivi-2026-06-23)
carried-forward  1589202742765592 c0  → https://pub-893b4a6a607b4221a894bf861da7914e.r2.dev/1589202742765592.mp4
carried-forward  2170024763762226 c0  → https://dcfd27564ef899969db9a562c7e1945f.r2.cloudflarestorage.com/2170024763762226.mp4
video-missing    2170024763762226 c0  (expected file not found in facebook/videos/mysivi-2026-06-23)
video-missing    2170024763762226 c0  (expected file not found in facebook/videos/mysivi-2026-06-23)
carried-forward  1529129378603833 c0  → https://dcfd27564ef899969db9a562c7e1945f.r2.cloudflarestorage.com/1529129378603833.mp4
carried-forward  1234361632112514 c0  → https://pub-893b4a6a607b4221a894bf861da7914e.r2.dev/1234361632112514.mp4
carried-forward  1362919872393574 c0  → https://dcfd27564ef899969db9a562c7e1945f.r2.cloudflarestorage.com/1362919872393574.mp4
carried-forward  1678816606470135 c0  → https://pub-893b4a6a607b4221a894bf861da7914e.r2.dev/1678816606470135.mp4
carried-forward  976415494758889 c0  → https://pub-893b4a6a607b4221a894bf861da7914e.r2.dev/976415494758889.mp4
carried-forward  1650201839616756 c0  → https://pub-893b4a6a607b4221a894bf861da7914e.r2.dev/1650201839616756.mp4
carried-forward  3490730421076782 c0  → https://dcfd27564ef899969db9a562c7e1945f.r2.cloudflarestorage.com/3490730421076782.mp4
video-missing    3490730421076782 c0  (expected file not found in facebook/videos/mysivi-2026-06-23)
carried-forward  2218589522246132 c0  → https://pub-893b4a6a607b4221a894bf861da7914e.r2.dev/2218589522246132.mp4
carried-forward  1456203896191010 c0  → https://pub-893b4a6a607b4221a894bf861da7914e.r2.dev/1456203896191010.mp4
carried-forward  2246774942840842 c0  → https://pub-893b4a6a607b4221a894bf861da7914e.r2.dev/2246774942840842.mp4
carried-forward  972115431841276 c0  → https://pub-893b4a6a607b4221a894bf861da7914e.r2.dev/972115431841276.mp4
carried-forward  4477634102480911 c0  → https://dcfd27564ef899969db9a562c7e1945f.r2.cloudflarestorage.com/4477634102480911.mp4
uploaded         4523756401191890 c0  (video) ← 4523756401191890.mp4  → https://dcfd27564ef899969db9a562c7e1945f.r2.cloudflarestorage.com/4523756401191890.mp4
carried-forward  1876111509730850 c0  → https://dcfd27564ef899969db9a562c7e1945f.r2.cloudflarestorage.com/1876111509730850.mp4
carried-forward  27249924424662935 c0  → https://dcfd27564ef899969db9a562c7e1945f.r2.cloudflarestorage.com/27249924424662935.mp4
carried-forward  991676693770649 c0  → https://dcfd27564ef899969db9a562c7e1945f.r2.cloudflarestorage.com/991676693770649.mp4
carried-forward  1638633277213440 c0  → https://dcfd27564ef899969db9a562c7e1945f.r2.cloudflarestorage.com/1638633277213440.mp4
carried-forward  4032025050261796 c0  → https://dcfd27564ef899969db9a562c7e1945f.r2.cloudflarestorage.com/4032025050261796.mp4
carried-forward  1653266972572375 c0  → https://pub-893b4a6a607b4221a894bf861da7914e.r2.dev/1653266972572375.mp4
carried-forward  1031877693134978 c0  → https://dcfd27564ef899969db9a562c7e1945f.r2.cloudflarestorage.com/1031877693134978.mp4
carried-forward  1023230697042440 c0  → https://pub-893b4a6a607b4221a894bf861da7914e.r2.dev/1023230697042440.mp4
carried-forward  1495371791578869 c0  → https://dcfd27564ef899969db9a562c7e1945f.r2.cloudflarestorage.com/1495371791578869.mp4
carried-forward  1570523404650434 c0  → https://dcfd27564ef899969db9a562c7e1945f.r2.cloudflarestorage.com/1570523404650434.mp4
carried-forward  3040928739429154 c0  → https://pub-893b4a6a607b4221a894bf861da7914e.r2.dev/3040928739429154.mp4
carried-forward  1328303576164022 c0  → https://dcfd27564ef899969db9a562c7e1945f.r2.cloudflarestorage.com/1328303576164022.mp4
uploaded         1326381302434268 c0  (video) ← 1326381302434268.mp4  → https://dcfd27564ef899969db9a562c7e1945f.r2.cloudflarestorage.com/1326381302434268.mp4
carried-forward  2275202553283552 c0  → https://pub-893b4a6a607b4221a894bf861da7914e.r2.dev/2275202553283552.mp4
carried-forward  2079704669260233 c0  → https://pub-893b4a6a607b4221a894bf861da7914e.r2.dev/2079704669260233.mp4
uploaded         1323197322705186 c0  (video) ← 1323197322705186.mp4  → https://dcfd27564ef899969db9a562c7e1945f.r2.cloudflarestorage.com/1323197322705186.mp4
uploaded         2184042598857809 c0  (video) ← 2184042598857809.mp4  → https://dcfd27564ef899969db9a562c7e1945f.r2.cloudflarestorage.com/2184042598857809.mp4
carried-forward  1501933281301258 c0  → https://pub-893b4a6a607b4221a894bf861da7914e.r2.dev/1501933281301258.mp4
carried-forward  813172141406511 c0  → https://pub-893b4a6a607b4221a894bf861da7914e.r2.dev/813172141406511.mp4
carried-forward  1722407235776727 c0  → https://pub-893b4a6a607b4221a894bf861da7914e.r2.dev/1722407235776727.mp4
carried-forward  3744208775720827 c0  → https://dcfd27564ef899969db9a562c7e1945f.r2.cloudflarestorage.com/3744208775720827.mp4
carried-forward  1006527541916464 c0  → https://pub-893b4a6a607b4221a894bf861da7914e.r2.dev/1006527541916464.mp4
carried-forward  1370313098573390 c0  → https://dcfd27564ef899969db9a562c7e1945f.r2.cloudflarestorage.com/1370313098573390.mp4
carried-forward  26925923477034989 c0  → https://pub-893b4a6a607b4221a894bf861da7914e.r2.dev/26925923477034989.mp4
carried-forward  967299862756247 c0  → https://pub-893b4a6a607b4221a894bf861da7914e.r2.dev/967299862756247.mp4
carried-forward  1018987467129308 c0  → https://pub-893b4a6a607b4221a894bf861da7914e.r2.dev/1018987467129308.mp4
carried-forward  1065964656096466 c0  → https://dcfd27564ef899969db9a562c7e1945f.r2.cloudflarestorage.com/1065964656096466.mp4
uploaded         1723489768970161 c0  (video) ← 1723489768970161.mp4  → https://dcfd27564ef899969db9a562c7e1945f.r2.cloudflarestorage.com/1723489768970161.mp4
carried-forward  939558622449084 c0  → https://dcfd27564ef899969db9a562c7e1945f.r2.cloudflarestorage.com/939558622449084.mp4
carried-forward  957527410496428 c0  → https://pub-893b4a6a607b4221a894bf861da7914e.r2.dev/957527410496428.mp4
carried-forward  1541785280971562 c0  → https://dcfd27564ef899969db9a562c7e1945f.r2.cloudflarestorage.com/1541785280971562.mp4
carried-forward  1190311767492347 c0  → https://dcfd27564ef899969db9a562c7e1945f.r2.cloudflarestorage.com/1190311767492347.mp4
carried-forward  1744180170070541 c0  → https://pub-893b4a6a607b4221a894bf861da7914e.r2.dev/1744180170070541.mp4
uploaded         1767074834648182 c0  (video) ← 1767074834648182.mp4  → https://dcfd27564ef899969db9a562c7e1945f.r2.cloudflarestorage.com/1767074834648182.mp4
carried-forward  1327267376206202 c0  → https://pub-893b4a6a607b4221a894bf861da7914e.r2.dev/1327267376206202.mp4
carried-forward  2082321505965509 c0  → https://pub-893b4a6a607b4221a894bf861da7914e.r2.dev/2082321505965509.mp4
carried-forward  1571501974333983 c0  → https://pub-893b4a6a607b4221a894bf861da7914e.r2.dev/1571501974333983.mp4
carried-forward  1036303682228875 c0  → https://dcfd27564ef899969db9a562c7e1945f.r2.cloudflarestorage.com/1036303682228875.mp4
carried-forward  1536856024770034 c0  → https://pub-893b4a6a607b4221a894bf861da7914e.r2.dev/1536856024770034.mp4
carried-forward  998118056260086 c0  → https://dcfd27564ef899969db9a562c7e1945f.r2.cloudflarestorage.com/998118056260086.mp4
carried-forward  1700082744465484 c0  → https://pub-893b4a6a607b4221a894bf861da7914e.r2.dev/1700082744465484.mp4
carried-forward  2136886067042465 c0  → https://dcfd27564ef899969db9a562c7e1945f.r2.cloudflarestorage.com/2136886067042465.mp4
uploaded         2233032604189997 c0  (video) ← 2233032604189997.mp4  → https://dcfd27564ef899969db9a562c7e1945f.r2.cloudflarestorage.com/2233032604189997.mp4
carried-forward  1566601798458309 c0  → https://pub-893b4a6a607b4221a894bf861da7914e.r2.dev/1566601798458309.mp4
carried-forward  1660858375135743 c0  → https://pub-893b4a6a607b4221a894bf861da7914e.r2.dev/1660858375135743.mp4
carried-forward  2835887000092387 c0  → https://pub-893b4a6a607b4221a894bf861da7914e.r2.dev/2835887000092387.mp4
uploaded         1646804200403221 c0  (video) ← 1646804200403221.mp4  → https://dcfd27564ef899969db9a562c7e1945f.r2.cloudflarestorage.com/1646804200403221.mp4
carried-forward  997590829368224 c0  → https://pub-893b4a6a607b4221a894bf861da7914e.r2.dev/997590829368224.mp4
carried-forward  1325124783142163 c0  → https://dcfd27564ef899969db9a562c7e1945f.r2.cloudflarestorage.com/1325124783142163.mp4
carried-forward  1034557015750885 c0  → https://dcfd27564ef899969db9a562c7e1945f.r2.cloudflarestorage.com/1034557015750885.mp4
carried-forward  1638788880692492 c0  → https://pub-893b4a6a607b4221a894bf861da7914e.r2.dev/1638788880692492.mp4
carried-forward  4556330558027364 c0  → https://dcfd27564ef899969db9a562c7e1945f.r2.cloudflarestorage.com/4556330558027364.mp4
carried-forward  2037652943624471 c0  → https://dcfd27564ef899969db9a562c7e1945f.r2.cloudflarestorage.com/2037652943624471.mp4
carried-forward  1013174317825505 c0  → https://dcfd27564ef899969db9a562c7e1945f.r2.cloudflarestorage.com/1013174317825505.mp4
carried-forward  947342681615845 c0  → https://dcfd27564ef899969db9a562c7e1945f.r2.cloudflarestorage.com/947342681615845.mp4
carried-forward  1015949454132376 c0  → https://pub-893b4a6a607b4221a894bf861da7914e.r2.dev/1015949454132376.mp4
carried-forward  1450079480468033 c0  → https://dcfd27564ef899969db9a562c7e1945f.r2.cloudflarestorage.com/1450079480468033.mp4
carried-forward  2182246849200031 c0  → https://dcfd27564ef899969db9a562c7e1945f.r2.cloudflarestorage.com/2182246849200031.mp4
carried-forward  806088175124414 c0  → https://pub-893b4a6a607b4221a894bf861da7914e.r2.dev/806088175124414.mp4
carried-forward  1037406932183506 c0  → https://pub-893b4a6a607b4221a894bf861da7914e.r2.dev/1037406932183506.mp4
carried-forward  4463459293888264 c0  → https://pub-893b4a6a607b4221a894bf861da7914e.r2.dev/4463459293888264.mp4
carried-forward  1305419434597035 c0  → https://pub-893b4a6a607b4221a894bf861da7914e.r2.dev/1305419434597035.mp4
carried-forward  836293989308988 c0  → https://dcfd27564ef899969db9a562c7e1945f.r2.cloudflarestorage.com/836293989308988.mp4
carried-forward  875327102286852 c0  → https://pub-893b4a6a607b4221a894bf861da7914e.r2.dev/875327102286852.mp4
carried-forward  1707087620309775 c0  → https://dcfd27564ef899969db9a562c7e1945f.r2.cloudflarestorage.com/1707087620309775.mp4
carried-forward  1028000876348662 c0  → https://dcfd27564ef899969db9a562c7e1945f.r2.cloudflarestorage.com/1028000876348662.mp4
video-missing    1028000876348662 c0  (expected file not found in facebook/videos/mysivi-2026-06-23)
carried-forward  1582484196634644 c0  → https://dcfd27564ef899969db9a562c7e1945f.r2.cloudflarestorage.com/1582484196634644.mp4
carried-forward  1638503980701255 c0  → https://pub-893b4a6a607b4221a894bf861da7914e.r2.dev/1638503980701255.mp4
carried-forward  1000699919023827 c0  → https://pub-893b4a6a607b4221a894bf861da7914e.r2.dev/1000699919023827.mp4
carried-forward  1673473457313905 c0  → https://pub-893b4a6a607b4221a894bf861da7914e.r2.dev/1673473457313905.mp4
carried-forward  1590472299307218 c0  → https://dcfd27564ef899969db9a562c7e1945f.r2.cloudflarestorage.com/1590472299307218.mp4
uploaded         1318969250363965 c0  (video) ← 1318969250363965.mp4  → https://dcfd27564ef899969db9a562c7e1945f.r2.cloudflarestorage.com/1318969250363965.mp4
uploaded         980647344956412 c0  (video) ← 980647344956412.mp4  → https://dcfd27564ef899969db9a562c7e1945f.r2.cloudflarestorage.com/980647344956412.mp4
video-missing    980647344956412 c0  (expected file not found in facebook/videos/mysivi-2026-06-23)
carried-forward  861750913185409 c0  → https://dcfd27564ef899969db9a562c7e1945f.r2.cloudflarestorage.com/861750913185409.mp4
carried-forward  1442021773677303 c0  → https://pub-893b4a6a607b4221a894bf861da7914e.r2.dev/1442021773677303.mp4
carried-forward  27118656051128063 c0  → https://dcfd27564ef899969db9a562c7e1945f.r2.cloudflarestorage.com/27118656051128063.mp4
carried-forward  1016225174123515 c0  → https://dcfd27564ef899969db9a562c7e1945f.r2.cloudflarestorage.com/1016225174123515.mp4
carried-forward  1338198835187350 c0  → https://dcfd27564ef899969db9a562c7e1945f.r2.cloudflarestorage.com/1338198835187350.mp4
carried-forward  1482736313641865 c0  → https://pub-893b4a6a607b4221a894bf861da7914e.r2.dev/1482736313641865.mp4
carried-forward  2552687478519575 c0  → https://dcfd27564ef899969db9a562c7e1945f.r2.cloudflarestorage.com/2552687478519575.mp4
carried-forward  868691085697272 c0  → https://dcfd27564ef899969db9a562c7e1945f.r2.cloudflarestorage.com/868691085697272.mp4
carried-forward  2071822720034134 c0  → https://pub-893b4a6a607b4221a894bf861da7914e.r2.dev/2071822720034134.mp4
carried-forward  2212406076179214 c0  → https://dcfd27564ef899969db9a562c7e1945f.r2.cloudflarestorage.com/2212406076179214.mp4
carried-forward  2098835347716223 c0  → https://dcfd27564ef899969db9a562c7e1945f.r2.cloudflarestorage.com/2098835347716223.mp4
uploaded         2082364302631419 c0  (video) ← 2082364302631419.mp4  → https://dcfd27564ef899969db9a562c7e1945f.r2.cloudflarestorage.com/2082364302631419.mp4
carried-forward  1632304082232696 c0  → https://dcfd27564ef899969db9a562c7e1945f.r2.cloudflarestorage.com/1632304082232696.mp4
carried-forward  3914923255483743 c0  → https://dcfd27564ef899969db9a562c7e1945f.r2.cloudflarestorage.com/3914923255483743.mp4
carried-forward  1920641781969266 c0  → https://dcfd27564ef899969db9a562c7e1945f.r2.cloudflarestorage.com/1920641781969266.mp4
carried-forward  3377249175775247 c0  → https://pub-893b4a6a607b4221a894bf861da7914e.r2.dev/3377249175775247.mp4
carried-forward  2623269831401111 c0  → https://dcfd27564ef899969db9a562c7e1945f.r2.cloudflarestorage.com/2623269831401111.mp4
uploaded         1745362563139608 c0  (video) ← 1745362563139608.mp4  → https://dcfd27564ef899969db9a562c7e1945f.r2.cloudflarestorage.com/1745362563139608.mp4
carried-forward  2495314470899309 c0  → https://dcfd27564ef899969db9a562c7e1945f.r2.cloudflarestorage.com/2495314470899309.mp4
video-missing    2495314470899309 c0  (expected file not found in facebook/videos/mysivi-2026-06-23)
carried-forward  1001043449365584 c0  → https://dcfd27564ef899969db9a562c7e1945f.r2.cloudflarestorage.com/1001043449365584.mp4
carried-forward  1303531384827707 c0  → https://dcfd27564ef899969db9a562c7e1945f.r2.cloudflarestorage.com/1303531384827707.mp4
carried-forward  867185333062103 c0  → https://pub-893b4a6a607b4221a894bf861da7914e.r2.dev/867185333062103.mp4
carried-forward  4386839038221601 c0  → https://dcfd27564ef899969db9a562c7e1945f.r2.cloudflarestorage.com/4386839038221601.mp4
carried-forward  1915426779074772 c0  → https://dcfd27564ef899969db9a562c7e1945f.r2.cloudflarestorage.com/1915426779074772.mp4
carried-forward  1934310103929926 c0  → https://dcfd27564ef899969db9a562c7e1945f.r2.cloudflarestorage.com/1934310103929926.mp4
carried-forward  2261914537913700 c0  → https://dcfd27564ef899969db9a562c7e1945f.r2.cloudflarestorage.com/2261914537913700.mp4
carried-forward  2360470397795125 c0  → https://pub-893b4a6a607b4221a894bf861da7914e.r2.dev/2360470397795125.mp4
carried-forward  1692751335206938 c0  → https://dcfd27564ef899969db9a562c7e1945f.r2.cloudflarestorage.com/1692751335206938.mp4
carried-forward  4191602451092772 c0  → https://dcfd27564ef899969db9a562c7e1945f.r2.cloudflarestorage.com/4191602451092772.mp4
carried-forward  1562911575446404 c0  → https://dcfd27564ef899969db9a562c7e1945f.r2.cloudflarestorage.com/1562911575446404.mp4
carried-forward  1244502028736816 c0  → https://dcfd27564ef899969db9a562c7e1945f.r2.cloudflarestorage.com/1244502028736816.mp4
carried-forward  1357868766441466 c0  → https://dcfd27564ef899969db9a562c7e1945f.r2.cloudflarestorage.com/1357868766441466.mp4
carried-forward  1345666100486235 c0  → https://dcfd27564ef899969db9a562c7e1945f.r2.cloudflarestorage.com/1345666100486235.mp4
carried-forward  1726647792015831 c0  → https://dcfd27564ef899969db9a562c7e1945f.r2.cloudflarestorage.com/1726647792015831.mp4
carried-forward  1437799091724133 c0  → https://dcfd27564ef899969db9a562c7e1945f.r2.cloudflarestorage.com/1437799091724133.mp4
carried-forward  1063692802211225 c0  → https://pub-893b4a6a607b4221a894bf861da7914e.r2.dev/1063692802211225.mp4
carried-forward  1504897837819150 c0  → https://pub-893b4a6a607b4221a894bf861da7914e.r2.dev/1504897837819150.mp4
carried-forward  1650079819366116 c0  → https://pub-893b4a6a607b4221a894bf861da7914e.r2.dev/1650079819366116.mp4
carried-forward  1845750346108706 c0  → https://pub-893b4a6a607b4221a894bf861da7914e.r2.dev/1845750346108706.mp4
carried-forward  2469306593530142 c0  → https://pub-893b4a6a607b4221a894bf861da7914e.r2.dev/2469306593530142.mp4
video-missing    2469306593530142 c0  (expected file not found in facebook/videos/mysivi-2026-06-23)
carried-forward  1466438068588297 c0  → https://pub-893b4a6a607b4221a894bf861da7914e.r2.dev/1466438068588297.mp4
video-missing    1466438068588297 c0  (expected file not found in facebook/videos/mysivi-2026-06-23)
video-missing    1466438068588297 c0  (expected file not found in facebook/videos/mysivi-2026-06-23)
carried-forward  3471950609648062 c0  → https://pub-893b4a6a607b4221a894bf861da7914e.r2.dev/3471950609648062.mp4
carried-forward  2411773012629776 c0  → https://pub-893b4a6a607b4221a894bf861da7914e.r2.dev/2411773012629776.mp4
video-missing    2411773012629776 c0  (expected file not found in facebook/videos/mysivi-2026-06-23)
video-missing    2411773012629776 c0  (expected file not found in facebook/videos/mysivi-2026-06-23)
carried-forward  2208276953242683 c0  → https://pub-893b4a6a607b4221a894bf861da7914e.r2.dev/2208276953242683.mp4
carried-forward  1365096822098347 c0  → https://pub-893b4a6a607b4221a894bf861da7914e.r2.dev/1365096822098347.mp4
video-missing    1365096822098347 c0  (expected file not found in facebook/videos/mysivi-2026-06-23)
video-missing    1365096822098347 c0  (expected file not found in facebook/videos/mysivi-2026-06-23)
video-missing    1365096822098347 c0  (expected file not found in facebook/videos/mysivi-2026-06-23)
carried-forward  1260189796267400 c0  → https://pub-893b4a6a607b4221a894bf861da7914e.r2.dev/1260189796267400.mp4
carried-forward  2094961914403268 c0  → https://pub-893b4a6a607b4221a894bf861da7914e.r2.dev/2094961914403268.mp4
carried-forward  2036534961078679 c0  → https://pub-893b4a6a607b4221a894bf861da7914e.r2.dev/2036534961078679.mp4
carried-forward  1579256663181765 c0  → https://pub-893b4a6a607b4221a894bf861da7914e.r2.dev/1579256663181765.mp4
video-missing    1579256663181765 c0  (expected file not found in facebook/videos/mysivi-2026-06-23)
video-missing    1579256663181765 c0  (expected file not found in facebook/videos/mysivi-2026-06-23)
video-missing    1579256663181765 c0  (expected file not found in facebook/videos/mysivi-2026-06-23)
carried-forward  997757806110067 c0  → https://pub-893b4a6a607b4221a894bf861da7914e.r2.dev/997757806110067.mp4
uploaded         1647671449602821 c0  (video) ← 1647671449602821.mp4  → https://dcfd27564ef899969db9a562c7e1945f.r2.cloudflarestorage.com/1647671449602821.mp4
carried-forward  885982111176708 c0  → https://pub-893b4a6a607b4221a894bf861da7914e.r2.dev/885982111176708.mp4
carried-forward  974298155593175 c0  → https://pub-893b4a6a607b4221a894bf861da7914e.r2.dev/974298155593175.mp4
carried-forward  2830223587356205 c0  → https://pub-893b4a6a607b4221a894bf861da7914e.r2.dev/2830223587356205.mp4
video-missing    2830223587356205 c0  (expected file not found in facebook/videos/mysivi-2026-06-23)
video-missing    2830223587356205 c0  (expected file not found in facebook/videos/mysivi-2026-06-23)
carried-forward  2490035064776770 c0  → https://pub-893b4a6a607b4221a894bf861da7914e.r2.dev/2490035064776770.mp4
carried-forward  1618806246614208 c0  → https://dcfd27564ef899969db9a562c7e1945f.r2.cloudflarestorage.com/1618806246614208.mp4
carried-forward  1278191154031620 c0  → https://pub-893b4a6a607b4221a894bf861da7914e.r2.dev/1278191154031620.mp4
video-missing    1278191154031620 c0  (expected file not found in facebook/videos/mysivi-2026-06-23)
carried-forward  802916655974862 c0  → https://pub-893b4a6a607b4221a894bf861da7914e.r2.dev/802916655974862.mp4
carried-forward  1481880370348464 c0  → https://pub-893b4a6a607b4221a894bf861da7914e.r2.dev/1481880370348464.mp4
carried-forward  973738558531150 c0  → https://pub-893b4a6a607b4221a894bf861da7914e.r2.dev/973738558531150.mp4
video-missing    973738558531150 c0  (expected file not found in facebook/videos/mysivi-2026-06-23)
carried-forward  814453281403568 c0  → https://pub-893b4a6a607b4221a894bf861da7914e.r2.dev/814453281403568.mp4
carried-forward  2405799469887575 c0  → https://pub-893b4a6a607b4221a894bf861da7914e.r2.dev/2405799469887575.mp4
carried-forward  1895734594401619 c0  → https://pub-893b4a6a607b4221a894bf861da7914e.r2.dev/1895734594401619.mp4
video-missing    1895734594401619 c0  (expected file not found in facebook/videos/mysivi-2026-06-23)
carried-forward  844541795395576 c0  → https://pub-893b4a6a607b4221a894bf861da7914e.r2.dev/844541795395576.mp4
carried-forward  935651469467557 c0  → https://pub-893b4a6a607b4221a894bf861da7914e.r2.dev/935651469467557.mp4
video-missing    935651469467557 c0  (expected file not found in facebook/videos/mysivi-2026-06-23)
carried-forward  1462266312313546 c0  → https://pub-893b4a6a607b4221a894bf861da7914e.r2.dev/1462266312313546.mp4
video-missing    1462266312313546 c0  (expected file not found in facebook/videos/mysivi-2026-06-23)
carried-forward  2167680567421618 c0  → https://dcfd27564ef899969db9a562c7e1945f.r2.cloudflarestorage.com/2167680567421618.mp4
carried-forward  824655086830758 c0  → https://pub-893b4a6a607b4221a894bf861da7914e.r2.dev/824655086830758.mp4
carried-forward  26627886823532573 c0  → https://pub-893b4a6a607b4221a894bf861da7914e.r2.dev/26627886823532573.mp4
carried-forward  931068273002235 c0  → https://pub-893b4a6a607b4221a894bf861da7914e.r2.dev/931068273002235.mp4
video-missing    931068273002235 c0  (expected file not found in facebook/videos/mysivi-2026-06-23)
carried-forward  1359225819350762 c0  → https://pub-893b4a6a607b4221a894bf861da7914e.r2.dev/1359225819350762.mp4
video-missing    1359225819350762 c0  (expected file not found in facebook/videos/mysivi-2026-06-23)
video-missing    1359225819350762 c0  (expected file not found in facebook/videos/mysivi-2026-06-23)
carried-forward  969193632529719 c0  → https://pub-893b4a6a607b4221a894bf861da7914e.r2.dev/969193632529719.mp4
video-missing    969193632529719 c0  (expected file not found in facebook/videos/mysivi-2026-06-23)
carried-forward  2001837147872826 c0  → https://pub-893b4a6a607b4221a894bf861da7914e.r2.dev/2001837147872826.mp4
video-missing    2001837147872826 c0  (expected file not found in facebook/videos/mysivi-2026-06-23)
carried-forward  26997230736567251 c0  → https://pub-893b4a6a607b4221a894bf861da7914e.r2.dev/26997230736567251.mp4
carried-forward  1592647208460957 c0  → https://pub-893b4a6a607b4221a894bf861da7914e.r2.dev/1592647208460957.mp4
carried-forward  4373904222920501 c0  → https://pub-893b4a6a607b4221a894bf861da7914e.r2.dev/4373904222920501.mp4
video-missing    4373904222920501 c0  (expected file not found in facebook/videos/mysivi-2026-06-23)
carried-forward  3633154320158711 c0  → https://pub-893b4a6a607b4221a894bf861da7914e.r2.dev/3633154320158711.mp4
carried-forward  1384519936752533 c0  → https://pub-893b4a6a607b4221a894bf861da7914e.r2.dev/1384519936752533.mp4
carried-forward  1520431749655532 c0  → https://pub-893b4a6a607b4221a894bf861da7914e.r2.dev/1520431749655532.mp4
video-missing    1520431749655532 c0  (expected file not found in facebook/videos/mysivi-2026-06-23)
video-missing    1520431749655532 c0  (expected file not found in facebook/videos/mysivi-2026-06-23)
video-missing    1520431749655532 c0  (expected file not found in facebook/videos/mysivi-2026-06-23)
carried-forward  2369751233551128 c0  → https://pub-893b4a6a607b4221a894bf861da7914e.r2.dev/2369751233551128.mp4
carried-forward  801068813064626 c0  → https://pub-893b4a6a607b4221a894bf861da7914e.r2.dev/801068813064626.mp4
carried-forward  1012991731254264 c0  → https://dcfd27564ef899969db9a562c7e1945f.r2.cloudflarestorage.com/1012991731254264.mp4
carried-forward  4691227711105054 c0  → https://pub-893b4a6a607b4221a894bf861da7914e.r2.dev/4691227711105054.mp4
carried-forward  2165925787635529 c0  → https://pub-893b4a6a607b4221a894bf861da7914e.r2.dev/2165925787635529.mp4
carried-forward  1312319890964004 c0  → https://pub-893b4a6a607b4221a894bf861da7914e.r2.dev/1312319890964004.mp4
video-missing    1312319890964004 c0  (expected file not found in facebook/videos/mysivi-2026-06-23)
carried-forward  36996275276638007 c0  → https://pub-893b4a6a607b4221a894bf861da7914e.r2.dev/36996275276638007.mp4
carried-forward  1601352417781439 c0  → https://pub-893b4a6a607b4221a894bf861da7914e.r2.dev/1601352417781439.mp4
video-missing    1601352417781439 c0  (expected file not found in facebook/videos/mysivi-2026-06-23)
carried-forward  1552891233073638 c0  → https://pub-893b4a6a607b4221a894bf861da7914e.r2.dev/1552891233073638.mp4
video-missing    1552891233073638 c0  (expected file not found in facebook/videos/mysivi-2026-06-23)
carried-forward  1276672411312388 c0  → https://pub-893b4a6a607b4221a894bf861da7914e.r2.dev/1276672411312388.mp4
carried-forward  1451670662800433 c0  → https://pub-893b4a6a607b4221a894bf861da7914e.r2.dev/1451670662800433.mp4
carried-forward  1451670662800433 c0  → https://pub-893b4a6a607b4221a894bf861da7914e.r2.dev/1451670662800433.mp4
carried-forward  833176272826506 c0  → https://pub-893b4a6a607b4221a894bf861da7914e.r2.dev/833176272826506.mp4
carried-forward  2089858311743087 c0  → https://pub-893b4a6a607b4221a894bf861da7914e.r2.dev/2089858311743087.mp4
carried-forward  1881472959194180 c0  → https://dcfd27564ef899969db9a562c7e1945f.r2.cloudflarestorage.com/1881472959194180.mp4
carried-forward  1766235101419950 c0  → https://pub-893b4a6a607b4221a894bf861da7914e.r2.dev/1766235101419950.mp4
carried-forward  1629788641378720 c0  → https://pub-893b4a6a607b4221a894bf861da7914e.r2.dev/1629788641378720.mp4
carried-forward  1629788641378720 c0  → https://pub-893b4a6a607b4221a894bf861da7914e.r2.dev/1629788641378720.mp4
carried-forward  1614783906399545 c0  → https://pub-893b4a6a607b4221a894bf861da7914e.r2.dev/1614783906399545.mp4
carried-forward  2873166289694383 c0  → https://pub-893b4a6a607b4221a894bf861da7914e.r2.dev/2873166289694383.mp4
carried-forward  2152369525523856 c0  → https://pub-893b4a6a607b4221a894bf861da7914e.r2.dev/2152369525523856.mp4
carried-forward  1699159654789405 c0  → https://pub-893b4a6a607b4221a894bf861da7914e.r2.dev/1699159654789405.mp4
carried-forward  3588472361291704 c0  → https://pub-893b4a6a607b4221a894bf861da7914e.r2.dev/3588472361291704.mp4
carried-forward  2150303552176321 c0  → https://pub-893b4a6a607b4221a894bf861da7914e.r2.dev/2150303552176321.mp4
carried-forward  2150303552176321 c0  → https://pub-893b4a6a607b4221a894bf861da7914e.r2.dev/2150303552176321.mp4
carried-forward  1019095820441633 c0  → https://pub-893b4a6a607b4221a894bf861da7914e.r2.dev/1019095820441633.mp4
carried-forward  1019095820441633 c0  → https://pub-893b4a6a607b4221a894bf861da7914e.r2.dev/1019095820441633.mp4
carried-forward  1019095820441633 c0  → https://pub-893b4a6a607b4221a894bf861da7914e.r2.dev/1019095820441633.mp4
carried-forward  1019095820441633 c0  → https://pub-893b4a6a607b4221a894bf861da7914e.r2.dev/1019095820441633.mp4
carried-forward  1374646177816716 c0  → https://dcfd27564ef899969db9a562c7e1945f.r2.cloudflarestorage.com/1374646177816716.mp4
carried-forward  27695149893437082 c0  → https://dcfd27564ef899969db9a562c7e1945f.r2.cloudflarestorage.com/27695149893437082.mp4
carried-forward  2917136741819239 c0  → https://pub-893b4a6a607b4221a894bf861da7914e.r2.dev/2917136741819239.mp4
carried-forward  1514363137003205 c0  → https://pub-893b4a6a607b4221a894bf861da7914e.r2.dev/1514363137003205.mp4
carried-forward  1327750302736660 c0  → https://pub-893b4a6a607b4221a894bf861da7914e.r2.dev/1327750302736660.mp4
carried-forward  1362725889021539 c0  → https://pub-893b4a6a607b4221a894bf861da7914e.r2.dev/1362725889021539.mp4
carried-forward  1509492873884162 c0  → https://pub-893b4a6a607b4221a894bf861da7914e.r2.dev/1509492873884162.mp4
carried-forward  4379684485635761 c0  → https://pub-893b4a6a607b4221a894bf861da7914e.r2.dev/4379684485635761.mp4
carried-forward  2995894884080267 c0  → https://pub-893b4a6a607b4221a894bf861da7914e.r2.dev/2995894884080267.mp4
carried-forward  2995894884080267 c0  → https://pub-893b4a6a607b4221a894bf861da7914e.r2.dev/2995894884080267.mp4
carried-forward  4424951174408834 c0  → https://pub-893b4a6a607b4221a894bf861da7914e.r2.dev/4424951174408834.mp4
carried-forward  2368191860258559 c0  → https://pub-893b4a6a607b4221a894bf861da7914e.r2.dev/2368191860258559.mp4
carried-forward  2887456054938336 c0  → https://dcfd27564ef899969db9a562c7e1945f.r2.cloudflarestorage.com/2887456054938336.mp4
carried-forward  710773818697429 c0  → https://pub-893b4a6a607b4221a894bf861da7914e.r2.dev/710773818697429.mp4
carried-forward  710773818697429 c0  → https://pub-893b4a6a607b4221a894bf861da7914e.r2.dev/710773818697429.mp4
carried-forward  1322616672663126 c0  → https://dcfd27564ef899969db9a562c7e1945f.r2.cloudflarestorage.com/1322616672663126.mp4
carried-forward  1494309539375322 c0  → https://dcfd27564ef899969db9a562c7e1945f.r2.cloudflarestorage.com/1494309539375322.mp4
carried-forward  26797446529949002 c0  → https://pub-893b4a6a607b4221a894bf861da7914e.r2.dev/26797446529949002.mp4
carried-forward  26797446529949002 c0  → https://pub-893b4a6a607b4221a894bf861da7914e.r2.dev/26797446529949002.mp4
carried-forward  2225074694903314 c0  → https://pub-893b4a6a607b4221a894bf861da7914e.r2.dev/2225074694903314.mp4
carried-forward  1197447455800650 c0  → https://pub-893b4a6a607b4221a894bf861da7914e.r2.dev/1197447455800650.mp4
carried-forward  2203490913744323 c0  → https://pub-893b4a6a607b4221a894bf861da7914e.r2.dev/2203490913744323.mp4
carried-forward  1901269943919389 c0  → https://pub-893b4a6a607b4221a894bf861da7914e.r2.dev/1901269943919389.mp4
carried-forward  1511421143660267 c0  → https://pub-893b4a6a607b4221a894bf861da7914e.r2.dev/1511421143660267.mp4
carried-forward  2080924529498984 c0  → https://dcfd27564ef899969db9a562c7e1945f.r2.cloudflarestorage.com/2080924529498984.mp4
carried-forward  892918537099449 c0  → https://pub-893b4a6a607b4221a894bf861da7914e.r2.dev/892918537099449.mp4
carried-forward  831199716711951 c0  → https://pub-893b4a6a607b4221a894bf861da7914e.r2.dev/831199716711951.mp4
carried-forward  831199716711951 c0  → https://pub-893b4a6a607b4221a894bf861da7914e.r2.dev/831199716711951.mp4
carried-forward  4345009092483673 c0  → https://pub-893b4a6a607b4221a894bf861da7914e.r2.dev/4345009092483673.mp4
carried-forward  2999749580221758 c0  → https://pub-893b4a6a607b4221a894bf861da7914e.r2.dev/2999749580221758.mp4
carried-forward  1622638588998351 c0  → https://pub-893b4a6a607b4221a894bf861da7914e.r2.dev/1622638588998351.mp4
carried-forward  1625873801849131 c0  → https://pub-893b4a6a607b4221a894bf861da7914e.r2.dev/1625873801849131.mp4
carried-forward  1881823485865170 c0  → https://pub-893b4a6a607b4221a894bf861da7914e.r2.dev/1881823485865170.mp4
carried-forward  2554854708282850 c0  → https://pub-893b4a6a607b4221a894bf861da7914e.r2.dev/2554854708282850.mp4
carried-forward  1954231588789188 c0  → https://pub-893b4a6a607b4221a894bf861da7914e.r2.dev/1954231588789188.mp4
carried-forward  1296064569362246 c0  → https://pub-893b4a6a607b4221a894bf861da7914e.r2.dev/1296064569362246.mp4
carried-forward  1804914553523178 c0  → https://pub-893b4a6a607b4221a894bf861da7914e.r2.dev/1804914553523178.mp4
carried-forward  1428681835731342 c0  → https://dcfd27564ef899969db9a562c7e1945f.r2.cloudflarestorage.com/1428681835731342.mp4
carried-forward  1495472408716092 c0  → https://pub-893b4a6a607b4221a894bf861da7914e.r2.dev/1495472408716092.mp4
carried-forward  948895811548301 c0  → https://dcfd27564ef899969db9a562c7e1945f.r2.cloudflarestorage.com/948895811548301.mp4
carried-forward  991583656829507 c0  → https://dcfd27564ef899969db9a562c7e1945f.r2.cloudflarestorage.com/991583656829507.mp4
carried-forward  1333256902118485 c0  → https://dcfd27564ef899969db9a562c7e1945f.r2.cloudflarestorage.com/1333256902118485.mp4
carried-forward  1675043070470180 c0  → https://dcfd27564ef899969db9a562c7e1945f.r2.cloudflarestorage.com/1675043070470180.mp4
carried-forward  896357360163326 c0  → https://dcfd27564ef899969db9a562c7e1945f.r2.cloudflarestorage.com/896357360163326.mp4
carried-forward  4864204520477238 c0  → https://pub-893b4a6a607b4221a894bf861da7914e.r2.dev/4864204520477238.mp4
carried-forward  1316236780725834 c0  → https://pub-893b4a6a607b4221a894bf861da7914e.r2.dev/1316236780725834.mp4
carried-forward  1551302886380850 c0  → https://dcfd27564ef899969db9a562c7e1945f.r2.cloudflarestorage.com/1551302886380850.mp4
carried-forward  2050443642510184 c0  → https://dcfd27564ef899969db9a562c7e1945f.r2.cloudflarestorage.com/2050443642510184.mp4
carried-forward  1454778745778342 c0  → https://pub-893b4a6a607b4221a894bf861da7914e.r2.dev/1454778745778342.mp4
carried-forward  4407884322759937 c0  → https://pub-893b4a6a607b4221a894bf861da7914e.r2.dev/4407884322759937.mp4
carried-forward  1466073121784359 c0  → https://pub-893b4a6a607b4221a894bf861da7914e.r2.dev/1466073121784359.mp4
carried-forward  1737765487671416 c0  → https://dcfd27564ef899969db9a562c7e1945f.r2.cloudflarestorage.com/1737765487671416.mp4
carried-forward  1665988394548609 c0  → https://pub-893b4a6a607b4221a894bf861da7914e.r2.dev/1665988394548609.mp4
carried-forward  1046324861155505 c0  → https://dcfd27564ef899969db9a562c7e1945f.r2.cloudflarestorage.com/1046324861155505.mp4
carried-forward  4296814960579229 c0  → https://dcfd27564ef899969db9a562c7e1945f.r2.cloudflarestorage.com/4296814960579229.mp4
carried-forward  1725518458583702 c0  → https://dcfd27564ef899969db9a562c7e1945f.r2.cloudflarestorage.com/1725518458583702.mp4
uploaded         1017204501171242 c0  (video) ← 1017204501171242.mp4  → https://dcfd27564ef899969db9a562c7e1945f.r2.cloudflarestorage.com/1017204501171242.mp4
video-missing    1017204501171242 c0  (expected file not found in facebook/videos/mysivi-2026-06-23)
carried-forward  2142674293222089 c0  → https://pub-893b4a6a607b4221a894bf861da7914e.r2.dev/2142674293222089.mp4
carried-forward  854125160655425 c0  → https://dcfd27564ef899969db9a562c7e1945f.r2.cloudflarestorage.com/854125160655425.mp4
carried-forward  3931456330493777 c0  → https://pub-893b4a6a607b4221a894bf861da7914e.r2.dev/3931456330493777.mp4
carried-forward  1259568146280651 c0  → https://pub-893b4a6a607b4221a894bf861da7914e.r2.dev/1259568146280651.mp4
carried-forward  2069716876944639 c0  → https://dcfd27564ef899969db9a562c7e1945f.r2.cloudflarestorage.com/2069716876944639.mp4
carried-forward  2220237918808514 c0  → https://dcfd27564ef899969db9a562c7e1945f.r2.cloudflarestorage.com/2220237918808514.mp4
carried-forward  921430964084713 c0  → https://pub-893b4a6a607b4221a894bf861da7914e.r2.dev/921430964084713.mp4
uploaded         1769930993990216 c0  (video) ← 1769930993990216.mp4  → https://dcfd27564ef899969db9a562c7e1945f.r2.cloudflarestorage.com/1769930993990216.mp4
carried-forward  757013760735660 c0  → https://pub-893b4a6a607b4221a894bf861da7914e.r2.dev/757013760735660.mp4
carried-forward  884389957937458 c0  → https://pub-893b4a6a607b4221a894bf861da7914e.r2.dev/884389957937458.mp4
carried-forward  4475712959365662 c0  → https://pub-893b4a6a607b4221a894bf861da7914e.r2.dev/4475712959365662.mp4
uploaded         27204844762501224 c0  (video) ← 27204844762501224.mp4  → https://dcfd27564ef899969db9a562c7e1945f.r2.cloudflarestorage.com/27204844762501224.mp4
uploaded         952347701166695 c0  (video) ← 952347701166695.mp4  → https://dcfd27564ef899969db9a562c7e1945f.r2.cloudflarestorage.com/952347701166695.mp4
uploaded         2277755619705287 c0  (video) ← 2277755619705287.mp4  → https://dcfd27564ef899969db9a562c7e1945f.r2.cloudflarestorage.com/2277755619705287.mp4
uploaded         1697084721506665 c0  (video) ← 1697084721506665.mp4  → https://dcfd27564ef899969db9a562c7e1945f.r2.cloudflarestorage.com/1697084721506665.mp4
uploaded         970826889118660 c0  (video) ← 970826889118660.mp4  → https://dcfd27564ef899969db9a562c7e1945f.r2.cloudflarestorage.com/970826889118660.mp4
uploaded         1575882590712003 c0  (video) ← 1575882590712003.mp4  → https://dcfd27564ef899969db9a562c7e1945f.r2.cloudflarestorage.com/1575882590712003.mp4
carried-forward  1270525948569198 c0  → https://pub-893b4a6a607b4221a894bf861da7914e.r2.dev/1270525948569198.mp4
uploaded         1271669771485337 c0  (video) ← 1271669771485337.mp4  → https://dcfd27564ef899969db9a562c7e1945f.r2.cloudflarestorage.com/1271669771485337.mp4
uploaded         876815138218595 c0  (video) ← 876815138218595.mp4  → https://dcfd27564ef899969db9a562c7e1945f.r2.cloudflarestorage.com/876815138218595.mp4
carried-forward  4736449376500606 c0  → https://dcfd27564ef899969db9a562c7e1945f.r2.cloudflarestorage.com/4736449376500606.mp4
carried-forward  1499669671956639 c0  → https://dcfd27564ef899969db9a562c7e1945f.r2.cloudflarestorage.com/1499669671956639.mp4
carried-forward  991969836753167 c0  → https://pub-893b4a6a607b4221a894bf861da7914e.r2.dev/991969836753167.mp4
carried-forward  1309625791373282 c0  → https://dcfd27564ef899969db9a562c7e1945f.r2.cloudflarestorage.com/1309625791373282.mp4
carried-forward  866981022429514 c0  → https://pub-893b4a6a607b4221a894bf861da7914e.r2.dev/866981022429514.mp4
carried-forward  4113387278952164 c0  → https://dcfd27564ef899969db9a562c7e1945f.r2.cloudflarestorage.com/4113387278952164.mp4
carried-forward  1000224085729870 c0  → https://pub-893b4a6a607b4221a894bf861da7914e.r2.dev/1000224085729870.mp4
carried-forward  913450501783328 c0  → https://dcfd27564ef899969db9a562c7e1945f.r2.cloudflarestorage.com/913450501783328.mp4
carried-forward  1234425708694998 c0  → https://dcfd27564ef899969db9a562c7e1945f.r2.cloudflarestorage.com/1234425708694998.mp4
carried-forward  1462388985537185 c0  → https://pub-893b4a6a607b4221a894bf861da7914e.r2.dev/1462388985537185.mp4
carried-forward  1462388985537185 c0  → https://pub-893b4a6a607b4221a894bf861da7914e.r2.dev/1462388985537185.mp4
carried-forward  1462388985537185 c0  → https://pub-893b4a6a607b4221a894bf861da7914e.r2.dev/1462388985537185.mp4
carried-forward  2117708235706666 c0  → https://pub-893b4a6a607b4221a894bf861da7914e.r2.dev/2117708235706666.mp4
carried-forward  2433732887048975 c0  → https://pub-893b4a6a607b4221a894bf861da7914e.r2.dev/2433732887048975.mp4
carried-forward  2433732887048975 c0  → https://pub-893b4a6a607b4221a894bf861da7914e.r2.dev/2433732887048975.mp4
carried-forward  1314122850567353 c0  → https://pub-893b4a6a607b4221a894bf861da7914e.r2.dev/1314122850567353.mp4
carried-forward  1672392883790170 c0  → https://pub-893b4a6a607b4221a894bf861da7914e.r2.dev/1672392883790170.mp4
carried-forward  991175326907313 c0  → https://pub-893b4a6a607b4221a894bf861da7914e.r2.dev/991175326907313.mp4
carried-forward  2404124340028110 c0  → https://pub-893b4a6a607b4221a894bf861da7914e.r2.dev/2404124340028110.mp4
carried-forward  2404124340028110 c0  → https://pub-893b4a6a607b4221a894bf861da7914e.r2.dev/2404124340028110.mp4
carried-forward  931622252814916 c0  → https://pub-893b4a6a607b4221a894bf861da7914e.r2.dev/931622252814916.mp4
carried-forward  931622252814916 c0  → https://pub-893b4a6a607b4221a894bf861da7914e.r2.dev/931622252814916.mp4
carried-forward  980294774943521 c0  → https://pub-893b4a6a607b4221a894bf861da7914e.r2.dev/980294774943521.mp4
carried-forward  933262946235946 c0  → https://pub-893b4a6a607b4221a894bf861da7914e.r2.dev/933262946235946.mp4
carried-forward  1302756378351352 c0  → https://pub-893b4a6a607b4221a894bf861da7914e.r2.dev/1302756378351352.mp4
carried-forward  1673435757132082 c0  → https://pub-893b4a6a607b4221a894bf861da7914e.r2.dev/1673435757132082.mp4
carried-forward  952171714657023 c0  → https://pub-893b4a6a607b4221a894bf861da7914e.r2.dev/952171714657023.mp4
carried-forward  952171714657023 c0  → https://pub-893b4a6a607b4221a894bf861da7914e.r2.dev/952171714657023.mp4
carried-forward  952171714657023 c0  → https://pub-893b4a6a607b4221a894bf861da7914e.r2.dev/952171714657023.mp4
carried-forward  1724031045284359 c0  → https://pub-893b4a6a607b4221a894bf861da7914e.r2.dev/1724031045284359.mp4
carried-forward  2015053139404947 c0  → https://pub-893b4a6a607b4221a894bf861da7914e.r2.dev/2015053139404947.mp4
carried-forward  2015053139404947 c0  → https://pub-893b4a6a607b4221a894bf861da7914e.r2.dev/2015053139404947.mp4
carried-forward  2015053139404947 c0  → https://pub-893b4a6a607b4221a894bf861da7914e.r2.dev/2015053139404947.mp4
carried-forward  1879038982757913 c0  → https://pub-893b4a6a607b4221a894bf861da7914e.r2.dev/1879038982757913.mp4
carried-forward  1879038982757913 c0  → https://pub-893b4a6a607b4221a894bf861da7914e.r2.dev/1879038982757913.mp4
carried-forward  971914591954473 c0  → https://pub-893b4a6a607b4221a894bf861da7914e.r2.dev/971914591954473.mp4
carried-forward  971914591954473 c0  → https://pub-893b4a6a607b4221a894bf861da7914e.r2.dev/971914591954473.mp4
carried-forward  971914591954473 c0  → https://pub-893b4a6a607b4221a894bf861da7914e.r2.dev/971914591954473.mp4
carried-forward  1317716303542292 c0  → https://pub-893b4a6a607b4221a894bf861da7914e.r2.dev/1317716303542292.mp4
carried-forward  1317716303542292 c0  → https://pub-893b4a6a607b4221a894bf861da7914e.r2.dev/1317716303542292.mp4
carried-forward  1317716303542292 c0  → https://pub-893b4a6a607b4221a894bf861da7914e.r2.dev/1317716303542292.mp4
carried-forward  2117649575649233 c0  → https://pub-893b4a6a607b4221a894bf861da7914e.r2.dev/2117649575649233.mp4
carried-forward  1151663514688025 c0  → https://pub-893b4a6a607b4221a894bf861da7914e.r2.dev/1151663514688025.mp4
carried-forward  1151663514688025 c0  → https://pub-893b4a6a607b4221a894bf861da7914e.r2.dev/1151663514688025.mp4
carried-forward  1151663514688025 c0  → https://pub-893b4a6a607b4221a894bf861da7914e.r2.dev/1151663514688025.mp4
carried-forward  2422283561576901 c0  → https://pub-893b4a6a607b4221a894bf861da7914e.r2.dev/2422283561576901.mp4
carried-forward  1000886632936275 c0  → https://pub-893b4a6a607b4221a894bf861da7914e.r2.dev/1000886632936275.mp4
carried-forward  756325934218747 c0  → https://pub-893b4a6a607b4221a894bf861da7914e.r2.dev/756325934218747.mp4
carried-forward  756325934218747 c0  → https://pub-893b4a6a607b4221a894bf861da7914e.r2.dev/756325934218747.mp4
carried-forward  756325934218747 c0  → https://pub-893b4a6a607b4221a894bf861da7914e.r2.dev/756325934218747.mp4
carried-forward  918571931129028 c0  → https://pub-893b4a6a607b4221a894bf861da7914e.r2.dev/918571931129028.mp4
carried-forward  966684345790577 c0  → https://pub-893b4a6a607b4221a894bf861da7914e.r2.dev/966684345790577.mp4
carried-forward  966684345790577 c0  → https://pub-893b4a6a607b4221a894bf861da7914e.r2.dev/966684345790577.mp4
carried-forward  4517533995175335 c0  → https://pub-893b4a6a607b4221a894bf861da7914e.r2.dev/4517533995175335.mp4
carried-forward  966652642818393 c0  → https://pub-893b4a6a607b4221a894bf861da7914e.r2.dev/966652642818393.mp4
carried-forward  35346300615014993 c0  → https://pub-893b4a6a607b4221a894bf861da7914e.r2.dev/35346300615014993.mp4
carried-forward  35346300615014993 c0  → https://pub-893b4a6a607b4221a894bf861da7914e.r2.dev/35346300615014993.mp4
carried-forward  1506466884530800 c0  → https://pub-893b4a6a607b4221a894bf861da7914e.r2.dev/1506466884530800.mp4
carried-forward  1506466884530800 c0  → https://pub-893b4a6a607b4221a894bf861da7914e.r2.dev/1506466884530800.mp4
carried-forward  1642652350197830 c0  → https://pub-893b4a6a607b4221a894bf861da7914e.r2.dev/1642652350197830.mp4
carried-forward  1419201076128864 c0  → https://pub-893b4a6a607b4221a894bf861da7914e.r2.dev/1419201076128864.mp4
carried-forward  1419201076128864 c0  → https://pub-893b4a6a607b4221a894bf861da7914e.r2.dev/1419201076128864.mp4
carried-forward  1251362460515133 c0  → https://pub-893b4a6a607b4221a894bf861da7914e.r2.dev/1251362460515133.mp4
carried-forward  990957277064981 c0  → https://dcfd27564ef899969db9a562c7e1945f.r2.cloudflarestorage.com/990957277064981.mp4
video-missing    990957277064981 c0  (expected file not found in facebook/videos/mysivi-2026-06-23)
carried-forward  1672058667380557 c0  → https://dcfd27564ef899969db9a562c7e1945f.r2.cloudflarestorage.com/1672058667380557.mp4
carried-forward  1004328432340165 c0  → https://dcfd27564ef899969db9a562c7e1945f.r2.cloudflarestorage.com/1004328432340165.mp4
video-missing    1004328432340165 c0  (expected file not found in facebook/videos/mysivi-2026-06-23)
carried-forward  1465693778484060 c0  → https://pub-893b4a6a607b4221a894bf861da7914e.r2.dev/1465693778484060.mp4
carried-forward  1465693778484060 c0  → https://pub-893b4a6a607b4221a894bf861da7914e.r2.dev/1465693778484060.mp4
carried-forward  898788299356495 c0  → https://pub-893b4a6a607b4221a894bf861da7914e.r2.dev/898788299356495.mp4
carried-forward  2526183224467378 c0  → https://pub-893b4a6a607b4221a894bf861da7914e.r2.dev/2526183224467378.mp4
carried-forward  1493763522185565 c0  → https://pub-893b4a6a607b4221a894bf861da7914e.r2.dev/1493763522185565.mp4
carried-forward  2100754480710607 c0  → https://pub-893b4a6a607b4221a894bf861da7914e.r2.dev/2100754480710607.mp4
carried-forward  2100754480710607 c0  → https://pub-893b4a6a607b4221a894bf861da7914e.r2.dev/2100754480710607.mp4
carried-forward  2100754480710607 c0  → https://pub-893b4a6a607b4221a894bf861da7914e.r2.dev/2100754480710607.mp4
carried-forward  2166519527537093 c0  → https://pub-893b4a6a607b4221a894bf861da7914e.r2.dev/2166519527537093.mp4
carried-forward  2166519527537093 c0  → https://pub-893b4a6a607b4221a894bf861da7914e.r2.dev/2166519527537093.mp4
carried-forward  933849582812762 c0  → https://pub-893b4a6a607b4221a894bf861da7914e.r2.dev/933849582812762.mp4
carried-forward  2833310423703622 c0  → https://pub-893b4a6a607b4221a894bf861da7914e.r2.dev/2833310423703622.mp4
carried-forward  2005749643347608 c0  → https://pub-893b4a6a607b4221a894bf861da7914e.r2.dev/2005749643347608.mp4
carried-forward  1475985547091281 c0  → https://pub-893b4a6a607b4221a894bf861da7914e.r2.dev/1475985547091281.mp4
carried-forward  1468850691667452 c0  → https://dcfd27564ef899969db9a562c7e1945f.r2.cloudflarestorage.com/1468850691667452.mp4
carried-forward  1281842880587780 c0  → https://pub-893b4a6a607b4221a894bf861da7914e.r2.dev/1281842880587780.mp4
carried-forward  1281842880587780 c0  → https://pub-893b4a6a607b4221a894bf861da7914e.r2.dev/1281842880587780.mp4
carried-forward  953857770870220 c0  → https://pub-893b4a6a607b4221a894bf861da7914e.r2.dev/953857770870220.mp4
carried-forward  2228703687959276 c0  → https://pub-893b4a6a607b4221a894bf861da7914e.r2.dev/2228703687959276.mp4
carried-forward  654884707719987 c0  → https://pub-893b4a6a607b4221a894bf861da7914e.r2.dev/654884707719987.mp4
carried-forward  654884707719987 c0  → https://pub-893b4a6a607b4221a894bf861da7914e.r2.dev/654884707719987.mp4
carried-forward  26855024550751815 c0  → https://pub-893b4a6a607b4221a894bf861da7914e.r2.dev/26855024550751815.mp4
carried-forward  2357808904682799 c0  → https://pub-893b4a6a607b4221a894bf861da7914e.r2.dev/2357808904682799.mp4
carried-forward  993914189728348 c0  → https://pub-893b4a6a607b4221a894bf861da7914e.r2.dev/993914189728348.mp4
carried-forward  993914189728348 c0  → https://pub-893b4a6a607b4221a894bf861da7914e.r2.dev/993914189728348.mp4
carried-forward  993914189728348 c0  → https://pub-893b4a6a607b4221a894bf861da7914e.r2.dev/993914189728348.mp4
carried-forward  950800311063469 c0  → https://pub-893b4a6a607b4221a894bf861da7914e.r2.dev/950800311063469.mp4
carried-forward  950800311063469 c0  → https://pub-893b4a6a607b4221a894bf861da7914e.r2.dev/950800311063469.mp4
carried-forward  1217240273745791 c0  → https://pub-893b4a6a607b4221a894bf861da7914e.r2.dev/1217240273745791.mp4
carried-forward  1446616440491217 c0  → https://pub-893b4a6a607b4221a894bf861da7914e.r2.dev/1446616440491217.mp4
carried-forward  26911484771845811 c0  → https://pub-893b4a6a607b4221a894bf861da7914e.r2.dev/26911484771845811.mp4
carried-forward  1640381997050017 c0  → https://dcfd27564ef899969db9a562c7e1945f.r2.cloudflarestorage.com/1640381997050017.mp4
carried-forward  1019086001066826 c0  → https://dcfd27564ef899969db9a562c7e1945f.r2.cloudflarestorage.com/1019086001066826.mp4
carried-forward  1613007016632719 c0  → https://pub-893b4a6a607b4221a894bf861da7914e.r2.dev/1613007016632719.mp4
carried-forward  785963657528956 c0  → https://pub-893b4a6a607b4221a894bf861da7914e.r2.dev/785963657528956.mp4
carried-forward  2443105446101740 c0  → https://pub-893b4a6a607b4221a894bf861da7914e.r2.dev/2443105446101740.mp4
carried-forward  1447310469919244 c0  → https://pub-893b4a6a607b4221a894bf861da7914e.r2.dev/1447310469919244.mp4
carried-forward  852057223823065 c0  → https://pub-893b4a6a607b4221a894bf861da7914e.r2.dev/852057223823065.mp4
carried-forward  852057223823065 c0  → https://pub-893b4a6a607b4221a894bf861da7914e.r2.dev/852057223823065.mp4
carried-forward  904725375680049 c0  → https://pub-893b4a6a607b4221a894bf861da7914e.r2.dev/904725375680049.mp4
carried-forward  904725375680049 c0  → https://pub-893b4a6a607b4221a894bf861da7914e.r2.dev/904725375680049.mp4
carried-forward  1489985036189726 c0  → https://dcfd27564ef899969db9a562c7e1945f.r2.cloudflarestorage.com/1489985036189726.mp4
video-missing    1489985036189726 c0  (expected file not found in facebook/videos/mysivi-2026-06-23)
carried-forward  862548079706780 c0  → https://dcfd27564ef899969db9a562c7e1945f.r2.cloudflarestorage.com/862548079706780.mp4
carried-forward  1646539509973802 c0  → https://pub-893b4a6a607b4221a894bf861da7914e.r2.dev/1646539509973802.mp4
carried-forward  1519407696310883 c0  → https://pub-893b4a6a607b4221a894bf861da7914e.r2.dev/1519407696310883.mp4
carried-forward  1519407696310883 c0  → https://pub-893b4a6a607b4221a894bf861da7914e.r2.dev/1519407696310883.mp4
carried-forward  973437802008916 c0  → https://pub-893b4a6a607b4221a894bf861da7914e.r2.dev/973437802008916.mp4
carried-forward  1566066851151129 c0  → https://pub-893b4a6a607b4221a894bf861da7914e.r2.dev/1566066851151129.mp4
carried-forward  1566066851151129 c0  → https://pub-893b4a6a607b4221a894bf861da7914e.r2.dev/1566066851151129.mp4
carried-forward  1566066851151129 c0  → https://pub-893b4a6a607b4221a894bf861da7914e.r2.dev/1566066851151129.mp4
carried-forward  900996322983088 c0  → https://pub-893b4a6a607b4221a894bf861da7914e.r2.dev/900996322983088.mp4
carried-forward  946115641259323 c0  → https://pub-893b4a6a607b4221a894bf861da7914e.r2.dev/946115641259323.mp4
carried-forward  1489698239617285 c0  → https://pub-893b4a6a607b4221a894bf861da7914e.r2.dev/1489698239617285.mp4
carried-forward  957788610045603 c0  → https://pub-893b4a6a607b4221a894bf861da7914e.r2.dev/957788610045603.mp4
carried-forward  896370286784868 c0  → https://pub-893b4a6a607b4221a894bf861da7914e.r2.dev/896370286784868.mp4
carried-forward  896370286784868 c0  → https://pub-893b4a6a607b4221a894bf861da7914e.r2.dev/896370286784868.mp4
carried-forward  1376637621181982 c0  → https://dcfd27564ef899969db9a562c7e1945f.r2.cloudflarestorage.com/1376637621181982.mp4
carried-forward  1279713767692486 c0  → https://pub-893b4a6a607b4221a894bf861da7914e.r2.dev/1279713767692486.mp4
carried-forward  1650055542580076 c0  → https://pub-893b4a6a607b4221a894bf861da7914e.r2.dev/1650055542580076.mp4
carried-forward  1945990252717139 c0  → https://pub-893b4a6a607b4221a894bf861da7914e.r2.dev/1945990252717139.mp4
carried-forward  1945990252717139 c0  → https://pub-893b4a6a607b4221a894bf861da7914e.r2.dev/1945990252717139.mp4
carried-forward  1487582089569840 c0  → https://pub-893b4a6a607b4221a894bf861da7914e.r2.dev/1487582089569840.mp4
carried-forward  1036584785402285 c0  → https://pub-893b4a6a607b4221a894bf861da7914e.r2.dev/1036584785402285.mp4
carried-forward  3020933308112561 c0  → https://dcfd27564ef899969db9a562c7e1945f.r2.cloudflarestorage.com/3020933308112561.mp4
carried-forward  1491104619093475 c0  → https://pub-893b4a6a607b4221a894bf861da7914e.r2.dev/1491104619093475.mp4
carried-forward  4417370535206792 c0  → https://pub-893b4a6a607b4221a894bf861da7914e.r2.dev/4417370535206792.mp4
carried-forward  2811319042547435 c0  → https://pub-893b4a6a607b4221a894bf861da7914e.r2.dev/2811319042547435.mp4
carried-forward  1488277815957869 c0  → https://pub-893b4a6a607b4221a894bf861da7914e.r2.dev/1488277815957869.mp4
carried-forward  27857383140528183 c0  → https://pub-893b4a6a607b4221a894bf861da7914e.r2.dev/27857383140528183.mp4
carried-forward  27857383140528183 c0  → https://pub-893b4a6a607b4221a894bf861da7914e.r2.dev/27857383140528183.mp4
carried-forward  1563401251429096 c0  → https://pub-893b4a6a607b4221a894bf861da7914e.r2.dev/1563401251429096.mp4
carried-forward  2074065876709578 c0  → https://pub-893b4a6a607b4221a894bf861da7914e.r2.dev/2074065876709578.mp4
carried-forward  2074065876709578 c0  → https://pub-893b4a6a607b4221a894bf861da7914e.r2.dev/2074065876709578.mp4
carried-forward  800270126006456 c0  → https://pub-893b4a6a607b4221a894bf861da7914e.r2.dev/800270126006456.mp4
carried-forward  800270126006456 c0  → https://pub-893b4a6a607b4221a894bf861da7914e.r2.dev/800270126006456.mp4
carried-forward  1688091312420128 c0  → https://dcfd27564ef899969db9a562c7e1945f.r2.cloudflarestorage.com/1688091312420128.mp4
carried-forward  2022432844996505 c0  → https://pub-893b4a6a607b4221a894bf861da7914e.r2.dev/2022432844996505.mp4
carried-forward  2022432844996505 c0  → https://pub-893b4a6a607b4221a894bf861da7914e.r2.dev/2022432844996505.mp4
carried-forward  1268633278781006 c0  → https://pub-893b4a6a607b4221a894bf861da7914e.r2.dev/1268633278781006.mp4
carried-forward  1268633278781006 c0  → https://pub-893b4a6a607b4221a894bf861da7914e.r2.dev/1268633278781006.mp4
carried-forward  1723435745467472 c0  → https://dcfd27564ef899969db9a562c7e1945f.r2.cloudflarestorage.com/1723435745467472.mp4
carried-forward  1500440954766383 c0  → https://pub-893b4a6a607b4221a894bf861da7914e.r2.dev/1500440954766383.mp4
carried-forward  1638251300797325 c0  → https://pub-893b4a6a607b4221a894bf861da7914e.r2.dev/1638251300797325.mp4
video-missing    1638251300797325 c0  (expected file not found in facebook/videos/mysivi-2026-06-23)
video-missing    1638251300797325 c0  (expected file not found in facebook/videos/mysivi-2026-06-23)
video-missing    1638251300797325 c0  (expected file not found in facebook/videos/mysivi-2026-06-23)
carried-forward  1348520607253545 c0  → https://dcfd27564ef899969db9a562c7e1945f.r2.cloudflarestorage.com/1348520607253545.mp4
carried-forward  1556007302774309 c0  → https://dcfd27564ef899969db9a562c7e1945f.r2.cloudflarestorage.com/1556007302774309.mp4
carried-forward  1967730397468922 c0  → https://pub-893b4a6a607b4221a894bf861da7914e.r2.dev/1967730397468922.mp4
carried-forward  1967730397468922 c0  → https://pub-893b4a6a607b4221a894bf861da7914e.r2.dev/1967730397468922.mp4
carried-forward  1011678297893214 c0  → https://pub-893b4a6a607b4221a894bf861da7914e.r2.dev/1011678297893214.mp4
carried-forward  1011678297893214 c0  → https://pub-893b4a6a607b4221a894bf861da7914e.r2.dev/1011678297893214.mp4
carried-forward  1334520321876231 c0  → https://pub-893b4a6a607b4221a894bf861da7914e.r2.dev/1334520321876231.mp4
carried-forward  1334520321876231 c0  → https://pub-893b4a6a607b4221a894bf861da7914e.r2.dev/1334520321876231.mp4
carried-forward  2949806511886806 c0  → https://pub-893b4a6a607b4221a894bf861da7914e.r2.dev/2949806511886806.mp4
carried-forward  1775083793866299 c0  → https://dcfd27564ef899969db9a562c7e1945f.r2.cloudflarestorage.com/1775083793866299.mp4
carried-forward  1481711833647092 c0  → https://pub-893b4a6a607b4221a894bf861da7914e.r2.dev/1481711833647092.mp4
carried-forward  1481711833647092 c0  → https://pub-893b4a6a607b4221a894bf861da7914e.r2.dev/1481711833647092.mp4
carried-forward  4441412029519259 c0  → https://pub-893b4a6a607b4221a894bf861da7914e.r2.dev/4441412029519259.mp4
carried-forward  4441412029519259 c0  → https://pub-893b4a6a607b4221a894bf861da7914e.r2.dev/4441412029519259.mp4
carried-forward  2791879697846410 c0  → https://pub-893b4a6a607b4221a894bf861da7914e.r2.dev/2791879697846410.mp4
carried-forward  924032526923654 c0  → https://pub-893b4a6a607b4221a894bf861da7914e.r2.dev/924032526923654.mp4
carried-forward  2595702537526606 c0  → https://dcfd27564ef899969db9a562c7e1945f.r2.cloudflarestorage.com/2595702537526606.mp4
carried-forward  1228674285935228 c0  → https://dcfd27564ef899969db9a562c7e1945f.r2.cloudflarestorage.com/1228674285935228.mp4
carried-forward  1519183813092055 c0  → https://pub-893b4a6a607b4221a894bf861da7914e.r2.dev/1519183813092055.mp4
carried-forward  1519183813092055 c0  → https://pub-893b4a6a607b4221a894bf861da7914e.r2.dev/1519183813092055.mp4
carried-forward  1519183813092055 c0  → https://pub-893b4a6a607b4221a894bf861da7914e.r2.dev/1519183813092055.mp4
carried-forward  2202697953874551 c0  → https://pub-893b4a6a607b4221a894bf861da7914e.r2.dev/2202697953874551.mp4
video-missing    2202697953874551 c0  (expected file not found in facebook/videos/mysivi-2026-06-23)
carried-forward  948714514431596 c0  → https://pub-893b4a6a607b4221a894bf861da7914e.r2.dev/948714514431596.mp4
carried-forward  948714514431596 c0  → https://pub-893b4a6a607b4221a894bf861da7914e.r2.dev/948714514431596.mp4
carried-forward  2839569349722644 c0  → https://dcfd27564ef899969db9a562c7e1945f.r2.cloudflarestorage.com/2839569349722644.mp4
carried-forward  2509527972896508 c0  → https://dcfd27564ef899969db9a562c7e1945f.r2.cloudflarestorage.com/2509527972896508.mp4
carried-forward  1660696468497002 c0  → https://dcfd27564ef899969db9a562c7e1945f.r2.cloudflarestorage.com/1660696468497002.mp4
carried-forward  1986532935314499 c0  → https://dcfd27564ef899969db9a562c7e1945f.r2.cloudflarestorage.com/1986532935314499.mp4
carried-forward  4114467625363486 c0  → https://pub-893b4a6a607b4221a894bf861da7914e.r2.dev/4114467625363486.mp4
carried-forward  910782815316789 c0  → https://pub-893b4a6a607b4221a894bf861da7914e.r2.dev/910782815316789.mp4
carried-forward  1309732577713094 c0  → https://pub-893b4a6a607b4221a894bf861da7914e.r2.dev/1309732577713094.mp4
carried-forward  1309732577713094 c0  → https://pub-893b4a6a607b4221a894bf861da7914e.r2.dev/1309732577713094.mp4
carried-forward  1483317450217895 c0  → https://dcfd27564ef899969db9a562c7e1945f.r2.cloudflarestorage.com/1483317450217895.mp4
carried-forward  2209947959753594 c0  → https://dcfd27564ef899969db9a562c7e1945f.r2.cloudflarestorage.com/2209947959753594.mp4
carried-forward  4399150483665732 c0  → https://dcfd27564ef899969db9a562c7e1945f.r2.cloudflarestorage.com/4399150483665732.mp4
carried-forward  2297502617724305 c0  → https://dcfd27564ef899969db9a562c7e1945f.r2.cloudflarestorage.com/2297502617724305.mp4
carried-forward  1845837336078860 c0  → https://pub-893b4a6a607b4221a894bf861da7914e.r2.dev/1845837336078860.mp4
carried-forward  1479617270512913 c0  → https://dcfd27564ef899969db9a562c7e1945f.r2.cloudflarestorage.com/1479617270512913.mp4
carried-forward  1908887576440838 c0  → https://dcfd27564ef899969db9a562c7e1945f.r2.cloudflarestorage.com/1908887576440838.mp4
carried-forward  1326779202838738 c0  → https://pub-893b4a6a607b4221a894bf861da7914e.r2.dev/1326779202838738.mp4
carried-forward  942686628450568 c0  → https://pub-893b4a6a607b4221a894bf861da7914e.r2.dev/942686628450568.mp4
carried-forward  1320611019512097 c0  → https://pub-893b4a6a607b4221a894bf861da7914e.r2.dev/1320611019512097.mp4
carried-forward  850485390656030 c0  → https://pub-893b4a6a607b4221a894bf861da7914e.r2.dev/850485390656030.mp4
carried-forward  850485390656030 c0  → https://pub-893b4a6a607b4221a894bf861da7914e.r2.dev/850485390656030.mp4
carried-forward  2068717307413498 c0  → https://pub-893b4a6a607b4221a894bf861da7914e.r2.dev/2068717307413498.mp4
carried-forward  1449797707082254 c0  → https://pub-893b4a6a607b4221a894bf861da7914e.r2.dev/1449797707082254.mp4
carried-forward  4318989495033729 c0  → https://pub-893b4a6a607b4221a894bf861da7914e.r2.dev/4318989495033729.mp4
carried-forward  3579639172177315 c0  → https://dcfd27564ef899969db9a562c7e1945f.r2.cloudflarestorage.com/3579639172177315.mp4
carried-forward  1483474123320143 c0  → https://pub-893b4a6a607b4221a894bf861da7914e.r2.dev/1483474123320143.mp4
carried-forward  1483474123320143 c0  → https://pub-893b4a6a607b4221a894bf861da7914e.r2.dev/1483474123320143.mp4
carried-forward  4507442786240623 c0  → https://pub-893b4a6a607b4221a894bf861da7914e.r2.dev/4507442786240623.mp4
carried-forward  1632329607836948 c0  → https://dcfd27564ef899969db9a562c7e1945f.r2.cloudflarestorage.com/1632329607836948.mp4
carried-forward  1353281539974463 c0  → https://pub-893b4a6a607b4221a894bf861da7914e.r2.dev/1353281539974463.mp4
carried-forward  799742366537014 c0  → https://pub-893b4a6a607b4221a894bf861da7914e.r2.dev/799742366537014.mp4
carried-forward  1041856958396274 c0  → https://dcfd27564ef899969db9a562c7e1945f.r2.cloudflarestorage.com/1041856958396274.mp4
carried-forward  3565615630257992 c0  → https://dcfd27564ef899969db9a562c7e1945f.r2.cloudflarestorage.com/3565615630257992.mp4
carried-forward  27247781648177171 c0  → https://dcfd27564ef899969db9a562c7e1945f.r2.cloudflarestorage.com/27247781648177171.mp4
carried-forward  796741819912167 c0  → https://pub-893b4a6a607b4221a894bf861da7914e.r2.dev/796741819912167.mp4
carried-forward  796741819912167 c0  → https://pub-893b4a6a607b4221a894bf861da7914e.r2.dev/796741819912167.mp4
carried-forward  992659830141293 c0  → https://dcfd27564ef899969db9a562c7e1945f.r2.cloudflarestorage.com/992659830141293.mp4
carried-forward  1569308344811935 c0  → https://dcfd27564ef899969db9a562c7e1945f.r2.cloudflarestorage.com/1569308344811935.mp4
carried-forward  1244249980815352 c0  → https://pub-893b4a6a607b4221a894bf861da7914e.r2.dev/1244249980815352.mp4
carried-forward  1244249980815352 c0  → https://pub-893b4a6a607b4221a894bf861da7914e.r2.dev/1244249980815352.mp4
carried-forward  985748657421231 c0  → https://dcfd27564ef899969db9a562c7e1945f.r2.cloudflarestorage.com/985748657421231.mp4
carried-forward  1633858934287065 c0  → https://pub-893b4a6a607b4221a894bf861da7914e.r2.dev/1633858934287065.mp4
carried-forward  1633858934287065 c0  → https://pub-893b4a6a607b4221a894bf861da7914e.r2.dev/1633858934287065.mp4
carried-forward  1633858934287065 c0  → https://pub-893b4a6a607b4221a894bf861da7914e.r2.dev/1633858934287065.mp4
carried-forward  1353854373327103 c0  → https://dcfd27564ef899969db9a562c7e1945f.r2.cloudflarestorage.com/1353854373327103.mp4
carried-forward  1676742056654769 c0  → https://pub-893b4a6a607b4221a894bf861da7914e.r2.dev/1676742056654769.mp4
carried-forward  1676742056654769 c0  → https://pub-893b4a6a607b4221a894bf861da7914e.r2.dev/1676742056654769.mp4
carried-forward  984780324005175 c0  → https://pub-893b4a6a607b4221a894bf861da7914e.r2.dev/984780324005175.mp4
carried-forward  1373401121301910 c0  → https://dcfd27564ef899969db9a562c7e1945f.r2.cloudflarestorage.com/1373401121301910.mp4
carried-forward  1268071498810975 c0  → https://pub-893b4a6a607b4221a894bf861da7914e.r2.dev/1268071498810975.mp4
carried-forward  1268071498810975 c0  → https://pub-893b4a6a607b4221a894bf861da7914e.r2.dev/1268071498810975.mp4
carried-forward  1294567352842633 c0  → https://dcfd27564ef899969db9a562c7e1945f.r2.cloudflarestorage.com/1294567352842633.mp4
carried-forward  1073287218597045 c0  → https://dcfd27564ef899969db9a562c7e1945f.r2.cloudflarestorage.com/1073287218597045.mp4
carried-forward  4309710132600481 c0  → https://pub-893b4a6a607b4221a894bf861da7914e.r2.dev/4309710132600481.mp4
carried-forward  4309710132600481 c0  → https://pub-893b4a6a607b4221a894bf861da7914e.r2.dev/4309710132600481.mp4
carried-forward  1518325499785390 c0  → https://dcfd27564ef899969db9a562c7e1945f.r2.cloudflarestorage.com/1518325499785390.mp4
carried-forward  1553576133463016 c0  → https://dcfd27564ef899969db9a562c7e1945f.r2.cloudflarestorage.com/1553576133463016.mp4
carried-forward  2802423913468003 c0  → https://pub-893b4a6a607b4221a894bf861da7914e.r2.dev/2802423913468003.mp4
carried-forward  2802423913468003 c0  → https://pub-893b4a6a607b4221a894bf861da7914e.r2.dev/2802423913468003.mp4
carried-forward  1021794423727284 c0  → https://dcfd27564ef899969db9a562c7e1945f.r2.cloudflarestorage.com/1021794423727284.mp4
carried-forward  1009046084971725 c0  → https://dcfd27564ef899969db9a562c7e1945f.r2.cloudflarestorage.com/1009046084971725.mp4
uploaded         1549244470145468 c0  (video) ← 1549244470145468.mp4  → https://dcfd27564ef899969db9a562c7e1945f.r2.cloudflarestorage.com/1549244470145468.mp4
carried-forward  1457538572341789 c0  → https://pub-893b4a6a607b4221a894bf861da7914e.r2.dev/1457538572341789.mp4
carried-forward  1022677633432266 c0  → https://dcfd27564ef899969db9a562c7e1945f.r2.cloudflarestorage.com/1022677633432266.mp4
carried-forward  2834247093612375 c0  → https://dcfd27564ef899969db9a562c7e1945f.r2.cloudflarestorage.com/2834247093612375.mp4
uploaded         1336360118703269 c0  (video) ← 1336360118703269.mp4  → https://dcfd27564ef899969db9a562c7e1945f.r2.cloudflarestorage.com/1336360118703269.mp4
carried-forward  979397958248683 c0  → https://pub-893b4a6a607b4221a894bf861da7914e.r2.dev/979397958248683.mp4
carried-forward  972740062202300 c0  → https://pub-893b4a6a607b4221a894bf861da7914e.r2.dev/972740062202300.mp4
carried-forward  1526192532480742 c0  → https://pub-893b4a6a607b4221a894bf861da7914e.r2.dev/1526192532480742.mp4
carried-forward  25887546494216031 c0  → https://pub-893b4a6a607b4221a894bf861da7914e.r2.dev/25887546494216031.mp4
carried-forward  1228215292748737 c0  → https://pub-893b4a6a607b4221a894bf861da7914e.r2.dev/1228215292748737.mp4
carried-forward  1025418433476462 c0  → https://pub-893b4a6a607b4221a894bf861da7914e.r2.dev/1025418433476462.mp4
carried-forward  892399700479760 c0  → https://pub-893b4a6a607b4221a894bf861da7914e.r2.dev/892399700479760.mp4
carried-forward  892399700479760 c0  → https://pub-893b4a6a607b4221a894bf861da7914e.r2.dev/892399700479760.mp4
carried-forward  970702658955414 c0  → https://pub-893b4a6a607b4221a894bf861da7914e.r2.dev/970702658955414.mp4
carried-forward  920684857670148 c0  → https://pub-893b4a6a607b4221a894bf861da7914e.r2.dev/920684857670148.mp4
carried-forward  1629675654924775 c0  → https://pub-893b4a6a607b4221a894bf861da7914e.r2.dev/1629675654924775.mp4
carried-forward  1257639629903436 c0  → https://pub-893b4a6a607b4221a894bf861da7914e.r2.dev/1257639629903436.mp4
carried-forward  2094624967986267 c0  → https://pub-893b4a6a607b4221a894bf861da7914e.r2.dev/2094624967986267.mp4
carried-forward  1677552406571209 c0  → https://pub-893b4a6a607b4221a894bf861da7914e.r2.dev/1677552406571209.mp4
carried-forward  1660631924974339 c0  → https://pub-893b4a6a607b4221a894bf861da7914e.r2.dev/1660631924974339.mp4
carried-forward  928550653256515 c0  → https://pub-893b4a6a607b4221a894bf861da7914e.r2.dev/928550653256515.mp4
carried-forward  1458602939352865 c0  → https://pub-893b4a6a607b4221a894bf861da7914e.r2.dev/1458602939352865.mp4
carried-forward  979626977901900 c0  → https://pub-893b4a6a607b4221a894bf861da7914e.r2.dev/979626977901900.mp4
carried-forward  946578058140761 c0  → https://pub-893b4a6a607b4221a894bf861da7914e.r2.dev/946578058140761.mp4
carried-forward  946578058140761 c0  → https://pub-893b4a6a607b4221a894bf861da7914e.r2.dev/946578058140761.mp4
carried-forward  815777861234969 c0  → https://pub-893b4a6a607b4221a894bf861da7914e.r2.dev/815777861234969.mp4
carried-forward  1280146903794468 c0  → https://pub-893b4a6a607b4221a894bf861da7914e.r2.dev/1280146903794468.mp4
carried-forward  4216193448647693 c0  → https://pub-893b4a6a607b4221a894bf861da7914e.r2.dev/4216193448647693.mp4
carried-forward  2154159342046433 c0  → https://pub-893b4a6a607b4221a894bf861da7914e.r2.dev/2154159342046433.mp4
carried-forward  2154159342046433 c0  → https://pub-893b4a6a607b4221a894bf861da7914e.r2.dev/2154159342046433.mp4
carried-forward  960123896753761 c0  → https://pub-893b4a6a607b4221a894bf861da7914e.r2.dev/960123896753761.mp4
carried-forward  2701220936928037 c0  → https://pub-893b4a6a607b4221a894bf861da7914e.r2.dev/2701220936928037.mp4
carried-forward  2701220936928037 c0  → https://pub-893b4a6a607b4221a894bf861da7914e.r2.dev/2701220936928037.mp4
carried-forward  1686679699000031 c0  → https://pub-893b4a6a607b4221a894bf861da7914e.r2.dev/1686679699000031.mp4
carried-forward  755788270889411 c0  → https://pub-893b4a6a607b4221a894bf861da7914e.r2.dev/755788270889411.mp4
carried-forward  1592044018737354 c0  → https://pub-893b4a6a607b4221a894bf861da7914e.r2.dev/1592044018737354.mp4
carried-forward  1592044018737354 c0  → https://pub-893b4a6a607b4221a894bf861da7914e.r2.dev/1592044018737354.mp4
carried-forward  1592044018737354 c0  → https://pub-893b4a6a607b4221a894bf861da7914e.r2.dev/1592044018737354.mp4
carried-forward  1292619755641005 c0  → https://pub-893b4a6a607b4221a894bf861da7914e.r2.dev/1292619755641005.mp4
carried-forward  1979317382961809 c0  → https://pub-893b4a6a607b4221a894bf861da7914e.r2.dev/1979317382961809.mp4
carried-forward  1643092743565496 c0  → https://pub-893b4a6a607b4221a894bf861da7914e.r2.dev/1643092743565496.mp4
carried-forward  1652974085821089 c0  → https://pub-893b4a6a607b4221a894bf861da7914e.r2.dev/1652974085821089.mp4
carried-forward  1897474770928730 c0  → https://pub-893b4a6a607b4221a894bf861da7914e.r2.dev/1897474770928730.mp4
carried-forward  876285282244370 c0  → https://pub-893b4a6a607b4221a894bf861da7914e.r2.dev/876285282244370.mp4
carried-forward  920193407589752 c0  → https://pub-893b4a6a607b4221a894bf861da7914e.r2.dev/920193407589752.mp4
carried-forward  960381926780829 c0  → https://pub-893b4a6a607b4221a894bf861da7914e.r2.dev/960381926780829.mp4
carried-forward  960381926780829 c0  → https://pub-893b4a6a607b4221a894bf861da7914e.r2.dev/960381926780829.mp4
carried-forward  4500291830191736 c0  → https://pub-893b4a6a607b4221a894bf861da7914e.r2.dev/4500291830191736.mp4
carried-forward  986710711203181 c0  → https://pub-893b4a6a607b4221a894bf861da7914e.r2.dev/986710711203181.mp4
carried-forward  26342476628786885 c0  → https://pub-893b4a6a607b4221a894bf861da7914e.r2.dev/26342476628786885.mp4
carried-forward  979450941709260 c0  → https://pub-893b4a6a607b4221a894bf861da7914e.r2.dev/979450941709260.mp4
carried-forward  2505171623253330 c0  → https://pub-893b4a6a607b4221a894bf861da7914e.r2.dev/2505171623253330.mp4
carried-forward  955990643908718 c0  → https://pub-893b4a6a607b4221a894bf861da7914e.r2.dev/955990643908718.mp4
carried-forward  1124450573189262 c0  → https://pub-893b4a6a607b4221a894bf861da7914e.r2.dev/1124450573189262.mp4
carried-forward  1648971856222147 c0  → https://pub-893b4a6a607b4221a894bf861da7914e.r2.dev/1648971856222147.mp4
carried-forward  1648971856222147 c0  → https://pub-893b4a6a607b4221a894bf861da7914e.r2.dev/1648971856222147.mp4
carried-forward  26670396275954443 c0  → https://pub-893b4a6a607b4221a894bf861da7914e.r2.dev/26670396275954443.mp4
carried-forward  876595381443358 c0  → https://pub-893b4a6a607b4221a894bf861da7914e.r2.dev/876595381443358.mp4
carried-forward  876595381443358 c0  → https://pub-893b4a6a607b4221a894bf861da7914e.r2.dev/876595381443358.mp4
carried-forward  876595381443358 c0  → https://pub-893b4a6a607b4221a894bf861da7914e.r2.dev/876595381443358.mp4
carried-forward  876595381443358 c0  → https://pub-893b4a6a607b4221a894bf861da7914e.r2.dev/876595381443358.mp4
carried-forward  876595381443358 c0  → https://pub-893b4a6a607b4221a894bf861da7914e.r2.dev/876595381443358.mp4
carried-forward  876595381443358 c0  → https://pub-893b4a6a607b4221a894bf861da7914e.r2.dev/876595381443358.mp4
carried-forward  1447730720180243 c0  → https://pub-893b4a6a607b4221a894bf861da7914e.r2.dev/1447730720180243.mp4
carried-forward  4641390749474437 c0  → https://pub-893b4a6a607b4221a894bf861da7914e.r2.dev/4641390749474437.mp4
carried-forward  1679656313349867 c0  → https://pub-893b4a6a607b4221a894bf861da7914e.r2.dev/1679656313349867.mp4
carried-forward  869097026219993 c0  → https://pub-893b4a6a607b4221a894bf861da7914e.r2.dev/869097026219993.mp4
carried-forward  869097026219993 c0  → https://pub-893b4a6a607b4221a894bf861da7914e.r2.dev/869097026219993.mp4
carried-forward  869097026219993 c0  → https://pub-893b4a6a607b4221a894bf861da7914e.r2.dev/869097026219993.mp4
carried-forward  1285376607017338 c0  → https://pub-893b4a6a607b4221a894bf861da7914e.r2.dev/1285376607017338.mp4
carried-forward  2012642789330329 c0  → https://pub-893b4a6a607b4221a894bf861da7914e.r2.dev/2012642789330329.mp4
carried-forward  1632918904659828 c0  → https://pub-893b4a6a607b4221a894bf861da7914e.r2.dev/1632918904659828.mp4
carried-forward  1714158716684403 c0  → https://pub-893b4a6a607b4221a894bf861da7914e.r2.dev/1714158716684403.mp4
carried-forward  1714158716684403 c0  → https://pub-893b4a6a607b4221a894bf861da7914e.r2.dev/1714158716684403.mp4
carried-forward  1714158716684403 c0  → https://pub-893b4a6a607b4221a894bf861da7914e.r2.dev/1714158716684403.mp4
carried-forward  840908545727210 c0  → https://pub-893b4a6a607b4221a894bf861da7914e.r2.dev/840908545727210.mp4
carried-forward  840908545727210 c0  → https://pub-893b4a6a607b4221a894bf861da7914e.r2.dev/840908545727210.mp4
carried-forward  2204353180393978 c0  → https://pub-893b4a6a607b4221a894bf861da7914e.r2.dev/2204353180393978.mp4
carried-forward  1312159110550095 c0  → https://dcfd27564ef899969db9a562c7e1945f.r2.cloudflarestorage.com/1312159110550095.mp4
video-missing    1312159110550095 c0  (expected file not found in facebook/videos/mysivi-2026-06-23)
carried-forward  1357559996224113 c0  → https://pub-893b4a6a607b4221a894bf861da7914e.r2.dev/1357559996224113.mp4
carried-forward  1618813365848433 c0  → https://pub-893b4a6a607b4221a894bf861da7914e.r2.dev/1618813365848433.mp4
carried-forward  1306231228368803 c0  → https://pub-893b4a6a607b4221a894bf861da7914e.r2.dev/1306231228368803.mp4
carried-forward  1510521857442967 c0  → https://pub-893b4a6a607b4221a894bf861da7914e.r2.dev/1510521857442967.mp4
carried-forward  821984804005150 c0  → https://pub-893b4a6a607b4221a894bf861da7914e.r2.dev/821984804005150.mp4
carried-forward  930019113406036 c0  → https://pub-893b4a6a607b4221a894bf861da7914e.r2.dev/930019113406036.mp4
carried-forward  1360355299289489 c0  → https://dcfd27564ef899969db9a562c7e1945f.r2.cloudflarestorage.com/1360355299289489.mp4
carried-forward  1204258391720574 c0  → https://pub-893b4a6a607b4221a894bf861da7914e.r2.dev/1204258391720574.mp4
carried-forward  1204258391720574 c0  → https://pub-893b4a6a607b4221a894bf861da7914e.r2.dev/1204258391720574.mp4
carried-forward  2220176722113512 c0  → https://pub-893b4a6a607b4221a894bf861da7914e.r2.dev/2220176722113512.mp4
carried-forward  1293320999431833 c0  → https://pub-893b4a6a607b4221a894bf861da7914e.r2.dev/1293320999431833.mp4
carried-forward  1251420677073716 c0  → https://pub-893b4a6a607b4221a894bf861da7914e.r2.dev/1251420677073716.mp4
carried-forward  830841329889100 c0  → https://dcfd27564ef899969db9a562c7e1945f.r2.cloudflarestorage.com/830841329889100.mp4
carried-forward  2909101879460289 c0  → https://pub-893b4a6a607b4221a894bf861da7914e.r2.dev/2909101879460289.mp4
carried-forward  2536968253428776 c0  → https://pub-893b4a6a607b4221a894bf861da7914e.r2.dev/2536968253428776.mp4
carried-forward  2536968253428776 c0  → https://pub-893b4a6a607b4221a894bf861da7914e.r2.dev/2536968253428776.mp4
carried-forward  888667267562500 c0  → https://pub-893b4a6a607b4221a894bf861da7914e.r2.dev/888667267562500.mp4
carried-forward  981223431511398 c0  → https://pub-893b4a6a607b4221a894bf861da7914e.r2.dev/981223431511398.mp4
carried-forward  1928379848037642 c0  → https://pub-893b4a6a607b4221a894bf861da7914e.r2.dev/1928379848037642.mp4
carried-forward  26591956137093279 c0  → https://pub-893b4a6a607b4221a894bf861da7914e.r2.dev/26591956137093279.mp4
carried-forward  1539307817777791 c0  → https://pub-893b4a6a607b4221a894bf861da7914e.r2.dev/1539307817777791.mp4
carried-forward  1293550505557455 c0  → https://pub-893b4a6a607b4221a894bf861da7914e.r2.dev/1293550505557455.mp4
carried-forward  807614085565502 c0  → https://pub-893b4a6a607b4221a894bf861da7914e.r2.dev/807614085565502.mp4
carried-forward  2269969620499402 c0  → https://pub-893b4a6a607b4221a894bf861da7914e.r2.dev/2269969620499402.mp4
carried-forward  734480859685959 c0  → https://pub-893b4a6a607b4221a894bf861da7914e.r2.dev/734480859685959.mp4
carried-forward  1510029493813221 c0  → https://pub-893b4a6a607b4221a894bf861da7914e.r2.dev/1510029493813221.mp4
carried-forward  1676825953767096 c0  → https://pub-893b4a6a607b4221a894bf861da7914e.r2.dev/1676825953767096.mp4
carried-forward  1505238367859240 c0  → https://pub-893b4a6a607b4221a894bf861da7914e.r2.dev/1505238367859240.mp4
carried-forward  1296087632102451 c0  → https://pub-893b4a6a607b4221a894bf861da7914e.r2.dev/1296087632102451.mp4
carried-forward  1685365425953446 c0  → https://pub-893b4a6a607b4221a894bf861da7914e.r2.dev/1685365425953446.mp4
carried-forward  1682634462923678 c0  → https://pub-893b4a6a607b4221a894bf861da7914e.r2.dev/1682634462923678.mp4
carried-forward  1333116955395722 c0  → https://pub-893b4a6a607b4221a894bf861da7914e.r2.dev/1333116955395722.mp4
carried-forward  2903421953330894 c0  → https://pub-893b4a6a607b4221a894bf861da7914e.r2.dev/2903421953330894.mp4
carried-forward  717491314754581 c0  → https://pub-893b4a6a607b4221a894bf861da7914e.r2.dev/717491314754581.mp4
carried-forward  3468765959958942 c0  → https://pub-893b4a6a607b4221a894bf861da7914e.r2.dev/3468765959958942.mp4
carried-forward  1176164031259480 c0  → https://pub-893b4a6a607b4221a894bf861da7914e.r2.dev/1176164031259480.mp4
carried-forward  1984310748856010 c0  → https://pub-893b4a6a607b4221a894bf861da7914e.r2.dev/1984310748856010.mp4
carried-forward  992457370127075 c0  → https://pub-893b4a6a607b4221a894bf861da7914e.r2.dev/992457370127075.mp4
carried-forward  925449443638704 c0  → https://pub-893b4a6a607b4221a894bf861da7914e.r2.dev/925449443638704.mp4
carried-forward  1711858133333416 c0  → https://dcfd27564ef899969db9a562c7e1945f.r2.cloudflarestorage.com/1711858133333416.mp4
carried-forward  2282035235538969 c0  → https://pub-893b4a6a607b4221a894bf861da7914e.r2.dev/2282035235538969.mp4
carried-forward  2149180252598588 c0  → https://pub-893b4a6a607b4221a894bf861da7914e.r2.dev/2149180252598588.mp4
carried-forward  3170929749745269 c0  → https://pub-893b4a6a607b4221a894bf861da7914e.r2.dev/3170929749745269.mp4
carried-forward  1246584951860428 c0  → https://dcfd27564ef899969db9a562c7e1945f.r2.cloudflarestorage.com/1246584951860428.mp4
carried-forward  1441837924379258 c0  → https://pub-893b4a6a607b4221a894bf861da7914e.r2.dev/1441837924379258.mp4
video-missing    1441837924379258 c0  (expected file not found in facebook/videos/mysivi-2026-06-23)
video-missing    1441837924379258 c0  (expected file not found in facebook/videos/mysivi-2026-06-23)
video-missing    1441837924379258 c0  (expected file not found in facebook/videos/mysivi-2026-06-23)
carried-forward  966215432889068 c0  → https://pub-893b4a6a607b4221a894bf861da7914e.r2.dev/966215432889068.mp4
carried-forward  2479659245833705 c0  → https://pub-893b4a6a607b4221a894bf861da7914e.r2.dev/2479659245833705.mp4
carried-forward  2250238389116857 c0  → https://pub-893b4a6a607b4221a894bf861da7914e.r2.dev/2250238389116857.mp4
carried-forward  1976761133717281 c0  → https://pub-893b4a6a607b4221a894bf861da7914e.r2.dev/1976761133717281.mp4
carried-forward  1022414443622774 c0  → https://dcfd27564ef899969db9a562c7e1945f.r2.cloudflarestorage.com/1022414443622774.mp4
video-missing    1022414443622774 c0  (expected file not found in facebook/videos/mysivi-2026-06-23)
carried-forward  1237252241877883 c0  → https://pub-893b4a6a607b4221a894bf861da7914e.r2.dev/1237252241877883.mp4
carried-forward  1466740917939266 c0  → https://pub-893b4a6a607b4221a894bf861da7914e.r2.dev/1466740917939266.mp4
carried-forward  1473242320615654 c0  → https://pub-893b4a6a607b4221a894bf861da7914e.r2.dev/1473242320615654.mp4
carried-forward  1315308839934589 c0  → https://pub-893b4a6a607b4221a894bf861da7914e.r2.dev/1315308839934589.mp4
carried-forward  1655623609191725 c0  → https://pub-893b4a6a607b4221a894bf861da7914e.r2.dev/1655623609191725.mp4
carried-forward  2046992506702404 c0  → https://pub-893b4a6a607b4221a894bf861da7914e.r2.dev/2046992506702404.mp4
carried-forward  1547555903540302 c0  → https://pub-893b4a6a607b4221a894bf861da7914e.r2.dev/1547555903540302.mp4
carried-forward  1779473963021054 c0  → https://pub-893b4a6a607b4221a894bf861da7914e.r2.dev/1779473963021054.mp4
carried-forward  1464662801454982 c0  → https://pub-893b4a6a607b4221a894bf861da7914e.r2.dev/1464662801454982.mp4
carried-forward  1399370188689783 c0  → https://dcfd27564ef899969db9a562c7e1945f.r2.cloudflarestorage.com/1399370188689783.mp4
video-missing    1399370188689783 c0  (expected file not found in facebook/videos/mysivi-2026-06-23)
carried-forward  1003910382394072 c0  → https://dcfd27564ef899969db9a562c7e1945f.r2.cloudflarestorage.com/1003910382394072.mp4
video-missing    1003910382394072 c0  (expected file not found in facebook/videos/mysivi-2026-06-23)
carried-forward  1087463254453365 c0  → https://pub-893b4a6a607b4221a894bf861da7914e.r2.dev/1087463254453365.mp4
carried-forward  2474241279754309 c0  → https://dcfd27564ef899969db9a562c7e1945f.r2.cloudflarestorage.com/2474241279754309.mp4
video-missing    2474241279754309 c0  (expected file not found in facebook/videos/mysivi-2026-06-23)
carried-forward  1604451180614858 c0  → https://pub-893b4a6a607b4221a894bf861da7914e.r2.dev/1604451180614858.mp4
carried-forward  900182053094050 c0  → https://dcfd27564ef899969db9a562c7e1945f.r2.cloudflarestorage.com/900182053094050.mp4
carried-forward  26295031813516077 c0  → https://pub-893b4a6a607b4221a894bf861da7914e.r2.dev/26295031813516077.mp4
carried-forward  1653722725817987 c0  → https://pub-893b4a6a607b4221a894bf861da7914e.r2.dev/1653722725817987.mp4
carried-forward  1488073576103618 c0  → https://pub-893b4a6a607b4221a894bf861da7914e.r2.dev/1488073576103618.mp4
carried-forward  1369109017894587 c0  → https://dcfd27564ef899969db9a562c7e1945f.r2.cloudflarestorage.com/1369109017894587.mp4
video-missing    1369109017894587 c0  (expected file not found in facebook/videos/mysivi-2026-06-23)
carried-forward  1033746872517670 c0  → https://dcfd27564ef899969db9a562c7e1945f.r2.cloudflarestorage.com/1033746872517670.mp4
video-missing    1033746872517670 c0  (expected file not found in facebook/videos/mysivi-2026-06-23)
carried-forward  4427472434133664 c0  → https://dcfd27564ef899969db9a562c7e1945f.r2.cloudflarestorage.com/4427472434133664.mp4
carried-forward  1596334248652115 c0  → https://dcfd27564ef899969db9a562c7e1945f.r2.cloudflarestorage.com/1596334248652115.mp4
video-missing    1596334248652115 c0  (expected file not found in facebook/videos/mysivi-2026-06-23)
carried-forward  2037303586855288 c0  → https://pub-893b4a6a607b4221a894bf861da7914e.r2.dev/2037303586855288.mp4
carried-forward  1221948466595673 c0  → https://pub-893b4a6a607b4221a894bf861da7914e.r2.dev/1221948466595673.mp4
carried-forward  1667534867882248 c0  → https://dcfd27564ef899969db9a562c7e1945f.r2.cloudflarestorage.com/1667534867882248.mp4
video-missing    1667534867882248 c0  (expected file not found in facebook/videos/mysivi-2026-06-23)
carried-forward  2064409367758999 c0  → https://pub-893b4a6a607b4221a894bf861da7914e.r2.dev/2064409367758999.mp4
carried-forward  2490759904736805 c0  → https://dcfd27564ef899969db9a562c7e1945f.r2.cloudflarestorage.com/2490759904736805.mp4
video-missing    2490759904736805 c0  (expected file not found in facebook/videos/mysivi-2026-06-23)
carried-forward  1008851611929079 c0  → https://dcfd27564ef899969db9a562c7e1945f.r2.cloudflarestorage.com/1008851611929079.mp4
video-missing    1008851611929079 c0  (expected file not found in facebook/videos/mysivi-2026-06-23)
carried-forward  4001385613487843 c0  → https://pub-893b4a6a607b4221a894bf861da7914e.r2.dev/4001385613487843.mp4
carried-forward  1184768863827445 c0  → https://dcfd27564ef899969db9a562c7e1945f.r2.cloudflarestorage.com/1184768863827445.mp4
video-missing    1184768863827445 c0  (expected file not found in facebook/videos/mysivi-2026-06-23)
carried-forward  2211243949633621 c0  → https://dcfd27564ef899969db9a562c7e1945f.r2.cloudflarestorage.com/2211243949633621.mp4
video-missing    2211243949633621 c0  (expected file not found in facebook/videos/mysivi-2026-06-23)
carried-forward  1360864449473527 c0  → https://dcfd27564ef899969db9a562c7e1945f.r2.cloudflarestorage.com/1360864449473527.mp4
video-missing    1360864449473527 c0  (expected file not found in facebook/videos/mysivi-2026-06-23)
carried-forward  1601990065268420 c0  → https://dcfd27564ef899969db9a562c7e1945f.r2.cloudflarestorage.com/1601990065268420.mp4
video-missing    1601990065268420 c0  (expected file not found in facebook/videos/mysivi-2026-06-23)
carried-forward  883720641427542 c0  → https://dcfd27564ef899969db9a562c7e1945f.r2.cloudflarestorage.com/883720641427542.mp4
carried-forward  1649229699478933 c0  → https://dcfd27564ef899969db9a562c7e1945f.r2.cloudflarestorage.com/1649229699478933.mp4
carried-forward  2010892052833632 c0  → https://pub-893b4a6a607b4221a894bf861da7914e.r2.dev/2010892052833632.mp4
carried-forward  1495057108934221 c0  → https://pub-893b4a6a607b4221a894bf861da7914e.r2.dev/1495057108934221.mp4
carried-forward  1261771975661596 c0  → https://pub-893b4a6a607b4221a894bf861da7914e.r2.dev/1261771975661596.mp4
carried-forward  1015907504329532 c0  → https://pub-893b4a6a607b4221a894bf861da7914e.r2.dev/1015907504329532.mp4
image-pending    988304977213852 c0  (HANDOVER §8.5 — image handling not yet built)
carried-forward  26897153743290336 c0  → https://dcfd27564ef899969db9a562c7e1945f.r2.cloudflarestorage.com/26897153743290336.mp4
video-missing    26897153743290336 c0  (expected file not found in facebook/videos/mysivi-2026-06-23)
carried-forward  1701651697935230 c0  → https://pub-893b4a6a607b4221a894bf861da7914e.r2.dev/1701651697935230.mp4
carried-forward  1190504463179458 c0  → https://dcfd27564ef899969db9a562c7e1945f.r2.cloudflarestorage.com/1190504463179458.mp4
video-missing    1190504463179458 c0  (expected file not found in facebook/videos/mysivi-2026-06-23)
carried-forward  1506950921002125 c0  → https://pub-893b4a6a607b4221a894bf861da7914e.r2.dev/1506950921002125.mp4
carried-forward  1270866117980436 c0  → https://pub-893b4a6a607b4221a894bf861da7914e.r2.dev/1270866117980436.mp4
carried-forward  1013466967686150 c0  → https://pub-893b4a6a607b4221a894bf861da7914e.r2.dev/1013466967686150.mp4
carried-forward  973966135458716 c0  → https://pub-893b4a6a607b4221a894bf861da7914e.r2.dev/973966135458716.mp4
carried-forward  928128513615657 c0  → https://dcfd27564ef899969db9a562c7e1945f.r2.cloudflarestorage.com/928128513615657.mp4
video-missing    928128513615657 c0  (expected file not found in facebook/videos/mysivi-2026-06-23)
carried-forward  1313943770887165 c0  → https://dcfd27564ef899969db9a562c7e1945f.r2.cloudflarestorage.com/1313943770887165.mp4
video-missing    1313943770887165 c0  (expected file not found in facebook/videos/mysivi-2026-06-23)
carried-forward  894479153624093 c0  → https://pub-893b4a6a607b4221a894bf861da7914e.r2.dev/894479153624093.mp4
carried-forward  1685447422464956 c0  → https://pub-893b4a6a607b4221a894bf861da7914e.r2.dev/1685447422464956.mp4
carried-forward  2845027609195811 c0  → https://dcfd27564ef899969db9a562c7e1945f.r2.cloudflarestorage.com/2845027609195811.mp4
video-missing    2845027609195811 c0  (expected file not found in facebook/videos/mysivi-2026-06-23)
carried-forward  1052223093972252 c0  → https://dcfd27564ef899969db9a562c7e1945f.r2.cloudflarestorage.com/1052223093972252.mp4
video-missing    1052223093972252 c0  (expected file not found in facebook/videos/mysivi-2026-06-23)
carried-forward  1959256218044145 c0  → https://pub-893b4a6a607b4221a894bf861da7914e.r2.dev/1959256218044145.mp4
carried-forward  1487853392436697 c0  → https://pub-893b4a6a607b4221a894bf861da7914e.r2.dev/1487853392436697.mp4
carried-forward  1487853392436697 c0  → https://pub-893b4a6a607b4221a894bf861da7914e.r2.dev/1487853392436697.mp4
carried-forward  822019604253506 c0  → https://pub-893b4a6a607b4221a894bf861da7914e.r2.dev/822019604253506.mp4
carried-forward  881727308209965 c0  → https://pub-893b4a6a607b4221a894bf861da7914e.r2.dev/881727308209965.mp4
carried-forward  978465498400528 c0  → https://dcfd27564ef899969db9a562c7e1945f.r2.cloudflarestorage.com/978465498400528.mp4
carried-forward  2258980414872635 c0  → https://dcfd27564ef899969db9a562c7e1945f.r2.cloudflarestorage.com/2258980414872635.mp4
video-missing    2258980414872635 c0  (expected file not found in facebook/videos/mysivi-2026-06-23)
carried-forward  1539289234374609 c0  → https://dcfd27564ef899969db9a562c7e1945f.r2.cloudflarestorage.com/1539289234374609.mp4
video-missing    1539289234374609 c0  (expected file not found in facebook/videos/mysivi-2026-06-23)
carried-forward  998468176110253 c0  → https://dcfd27564ef899969db9a562c7e1945f.r2.cloudflarestorage.com/998468176110253.mp4
video-missing    998468176110253 c0  (expected file not found in facebook/videos/mysivi-2026-06-23)
carried-forward  878591057934562 c0  → https://dcfd27564ef899969db9a562c7e1945f.r2.cloudflarestorage.com/878591057934562.mp4
video-missing    878591057934562 c0  (expected file not found in facebook/videos/mysivi-2026-06-23)
carried-forward  4198651363612430 c0  → https://pub-893b4a6a607b4221a894bf861da7914e.r2.dev/4198651363612430.mp4
carried-forward  1285052750370956 c0  → https://dcfd27564ef899969db9a562c7e1945f.r2.cloudflarestorage.com/1285052750370956.mp4
video-missing    1285052750370956 c0  (expected file not found in facebook/videos/mysivi-2026-06-23)
carried-forward  1711449553221644 c0  → https://dcfd27564ef899969db9a562c7e1945f.r2.cloudflarestorage.com/1711449553221644.mp4
video-missing    1711449553221644 c0  (expected file not found in facebook/videos/mysivi-2026-06-23)
carried-forward  1529031282072857 c0  → https://pub-893b4a6a607b4221a894bf861da7914e.r2.dev/1529031282072857.mp4
carried-forward  1708445743915829 c0  → https://dcfd27564ef899969db9a562c7e1945f.r2.cloudflarestorage.com/1708445743915829.mp4
video-missing    1708445743915829 c0  (expected file not found in facebook/videos/mysivi-2026-06-23)
carried-forward  4356269961279689 c0  → https://pub-893b4a6a607b4221a894bf861da7914e.r2.dev/4356269961279689.mp4
carried-forward  1366412078738199 c0  → https://dcfd27564ef899969db9a562c7e1945f.r2.cloudflarestorage.com/1366412078738199.mp4
video-missing    1366412078738199 c0  (expected file not found in facebook/videos/mysivi-2026-06-23)
image-pending    2219698875434552 c0  (HANDOVER §8.5 — image handling not yet built)
carried-forward  1440021301261642 c0  → https://dcfd27564ef899969db9a562c7e1945f.r2.cloudflarestorage.com/1440021301261642.mp4
video-missing    1440021301261642 c0  (expected file not found in facebook/videos/mysivi-2026-06-23)
carried-forward  1337846945211681 c0  → https://pub-893b4a6a607b4221a894bf861da7914e.r2.dev/1337846945211681.mp4
carried-forward  1000792709322980 c0  → https://dcfd27564ef899969db9a562c7e1945f.r2.cloudflarestorage.com/1000792709322980.mp4
video-missing    1000792709322980 c0  (expected file not found in facebook/videos/mysivi-2026-06-23)
carried-forward  1203833828468407 c0  → https://dcfd27564ef899969db9a562c7e1945f.r2.cloudflarestorage.com/1203833828468407.mp4
video-missing    1203833828468407 c0  (expected file not found in facebook/videos/mysivi-2026-06-23)
carried-forward  1417997426723585 c0  → https://dcfd27564ef899969db9a562c7e1945f.r2.cloudflarestorage.com/1417997426723585.mp4
carried-forward  2278607282967190 c0  → https://dcfd27564ef899969db9a562c7e1945f.r2.cloudflarestorage.com/2278607282967190.mp4
carried-forward  991851180100171 c0  → https://dcfd27564ef899969db9a562c7e1945f.r2.cloudflarestorage.com/991851180100171.mp4
video-missing    991851180100171 c0  (expected file not found in facebook/videos/mysivi-2026-06-23)
carried-forward  2027971351400358 c0  → https://dcfd27564ef899969db9a562c7e1945f.r2.cloudflarestorage.com/2027971351400358.mp4
video-missing    2027971351400358 c0  (expected file not found in facebook/videos/mysivi-2026-06-23)
carried-forward  27142445162115969 c0  → https://dcfd27564ef899969db9a562c7e1945f.r2.cloudflarestorage.com/27142445162115969.mp4
video-missing    27142445162115969 c0  (expected file not found in facebook/videos/mysivi-2026-06-23)
image-pending    1505253420458938 c0  (HANDOVER §8.5 — image handling not yet built)
carried-forward  26125248277177953 c0  → https://pub-893b4a6a607b4221a894bf861da7914e.r2.dev/26125248277177953.mp4
carried-forward  1531850868952253 c0  → https://dcfd27564ef899969db9a562c7e1945f.r2.cloudflarestorage.com/1531850868952253.mp4
video-missing    1531850868952253 c0  (expected file not found in facebook/videos/mysivi-2026-06-23)
carried-forward  949401928124787 c0  → https://dcfd27564ef899969db9a562c7e1945f.r2.cloudflarestorage.com/949401928124787.mp4
video-missing    949401928124787 c0  (expected file not found in facebook/videos/mysivi-2026-06-23)
carried-forward  3554898344661895 c0  → https://dcfd27564ef899969db9a562c7e1945f.r2.cloudflarestorage.com/3554898344661895.mp4
video-missing    3554898344661895 c0  (expected file not found in facebook/videos/mysivi-2026-06-23)
carried-forward  1486743483231860 c0  → https://dcfd27564ef899969db9a562c7e1945f.r2.cloudflarestorage.com/1486743483231860.mp4
video-missing    1486743483231860 c0  (expected file not found in facebook/videos/mysivi-2026-06-23)
carried-forward  987241837589243 c0  → https://pub-893b4a6a607b4221a894bf861da7914e.r2.dev/987241837589243.mp4
image-pending    2369886946820201 c0  (HANDOVER §8.5 — image handling not yet built)
carried-forward  1044099954803974 c0  → https://pub-893b4a6a607b4221a894bf861da7914e.r2.dev/1044099954803974.mp4
carried-forward  2264451074381832 c0  → https://dcfd27564ef899969db9a562c7e1945f.r2.cloudflarestorage.com/2264451074381832.mp4
video-missing    2264451074381832 c0  (expected file not found in facebook/videos/mysivi-2026-06-23)
carried-forward  4355155851479630 c0  → https://dcfd27564ef899969db9a562c7e1945f.r2.cloudflarestorage.com/4355155851479630.mp4
carried-forward  2008268559798673 c0  → https://pub-893b4a6a607b4221a894bf861da7914e.r2.dev/2008268559798673.mp4
carried-forward  1747733676390712 c0  → https://dcfd27564ef899969db9a562c7e1945f.r2.cloudflarestorage.com/1747733676390712.mp4
video-missing    1747733676390712 c0  (expected file not found in facebook/videos/mysivi-2026-06-23)
carried-forward  2158818621597371 c0  → https://pub-893b4a6a607b4221a894bf861da7914e.r2.dev/2158818621597371.mp4
carried-forward  976359021681334 c0  → https://dcfd27564ef899969db9a562c7e1945f.r2.cloudflarestorage.com/976359021681334.mp4
video-missing    976359021681334 c0  (expected file not found in facebook/videos/mysivi-2026-06-23)
carried-forward  1533598694928536 c0  → https://dcfd27564ef899969db9a562c7e1945f.r2.cloudflarestorage.com/1533598694928536.mp4
carried-forward  1038092375219383 c0  → https://dcfd27564ef899969db9a562c7e1945f.r2.cloudflarestorage.com/1038092375219383.mp4
video-missing    1038092375219383 c0  (expected file not found in facebook/videos/mysivi-2026-06-23)
carried-forward  945449361864981 c0  → https://dcfd27564ef899969db9a562c7e1945f.r2.cloudflarestorage.com/945449361864981.mp4
video-missing    945449361864981 c0  (expected file not found in facebook/videos/mysivi-2026-06-23)
carried-forward  1521803932812232 c0  → https://dcfd27564ef899969db9a562c7e1945f.r2.cloudflarestorage.com/1521803932812232.mp4
video-missing    1521803932812232 c0  (expected file not found in facebook/videos/mysivi-2026-06-23)
carried-forward  1435007378435198 c0  → https://pub-893b4a6a607b4221a894bf861da7914e.r2.dev/1435007378435198.mp4
carried-forward  2032891297303956 c0  → https://dcfd27564ef899969db9a562c7e1945f.r2.cloudflarestorage.com/2032891297303956.mp4
video-missing    2032891297303956 c0  (expected file not found in facebook/videos/mysivi-2026-06-23)
carried-forward  2034352050518100 c0  → https://dcfd27564ef899969db9a562c7e1945f.r2.cloudflarestorage.com/2034352050518100.mp4
carried-forward  962640563254667 c0  → https://pub-893b4a6a607b4221a894bf861da7914e.r2.dev/962640563254667.mp4
carried-forward  962640563254667 c0  → https://pub-893b4a6a607b4221a894bf861da7914e.r2.dev/962640563254667.mp4
carried-forward  2971866916477706 c0  → https://dcfd27564ef899969db9a562c7e1945f.r2.cloudflarestorage.com/2971866916477706.mp4
video-missing    2971866916477706 c0  (expected file not found in facebook/videos/mysivi-2026-06-23)
carried-forward  1751232736045166 c0  → https://dcfd27564ef899969db9a562c7e1945f.r2.cloudflarestorage.com/1751232736045166.mp4
video-missing    1751232736045166 c0  (expected file not found in facebook/videos/mysivi-2026-06-23)
carried-forward  1577060027352973 c0  → https://dcfd27564ef899969db9a562c7e1945f.r2.cloudflarestorage.com/1577060027352973.mp4
video-missing    1577060027352973 c0  (expected file not found in facebook/videos/mysivi-2026-06-23)
carried-forward  3992793261014741 c0  → https://dcfd27564ef899969db9a562c7e1945f.r2.cloudflarestorage.com/3992793261014741.mp4
video-missing    3992793261014741 c0  (expected file not found in facebook/videos/mysivi-2026-06-23)
carried-forward  1329561352042259 c0  → https://dcfd27564ef899969db9a562c7e1945f.r2.cloudflarestorage.com/1329561352042259.mp4
video-missing    1329561352042259 c0  (expected file not found in facebook/videos/mysivi-2026-06-23)
carried-forward  1493539528609091 c0  → https://dcfd27564ef899969db9a562c7e1945f.r2.cloudflarestorage.com/1493539528609091.mp4
video-missing    1493539528609091 c0  (expected file not found in facebook/videos/mysivi-2026-06-23)
