# Step 3 run log
# competitor : mysivi
# started_at : 2026-07-23T06:14:36
# input      : facebook/inputs/fb-ads-mysivi-2026-07-23-0600.csv
# videos     : facebook/videos/mysivi-2026-07-23
# master     : facebook/master/mysivi.csv  (updated)
# enriched   : facebook/inputs/fb-ads-mysivi-2026-07-23-0600_enriched.csv
# bucket     : video-ads
# public_base: https://pub-893b4a6a607b4221a894bf861da7914e.r2.dev
# dry_run    : False
#
# counts     : {'uploaded': 52, 'carried-forward': 1080, 'image-pending': 12, 'video-missing': 167, 'no-creative': 0, 'error': 0}
#
carried-forward  1294872372199763 c0  → https://pub-893b4a6a607b4221a894bf861da7914e.r2.dev/1294872372199763.mp4
carried-forward  1294872372199763 c0  → https://pub-893b4a6a607b4221a894bf861da7914e.r2.dev/1294872372199763.mp4
carried-forward  1294872372199763 c0  → https://pub-893b4a6a607b4221a894bf861da7914e.r2.dev/1294872372199763.mp4
carried-forward  1294872372199763 c0  → https://pub-893b4a6a607b4221a894bf861da7914e.r2.dev/1294872372199763.mp4
carried-forward  1023669149983656 c0  → https://pub-893b4a6a607b4221a894bf861da7914e.r2.dev/1023669149983656.mp4
carried-forward  1532870848513933 c0  → https://pub-893b4a6a607b4221a894bf861da7914e.r2.dev/1532870848513933.mp4
video-missing    1532870848513933 c0  (expected file not found in facebook/videos/mysivi-2026-07-23)
video-missing    1532870848513933 c0  (expected file not found in facebook/videos/mysivi-2026-07-23)
video-missing    1532870848513933 c0  (expected file not found in facebook/videos/mysivi-2026-07-23)
video-missing    1532870848513933 c0  (expected file not found in facebook/videos/mysivi-2026-07-23)
carried-forward  1925080984756356 c0  → https://pub-893b4a6a607b4221a894bf861da7914e.r2.dev/1925080984756356.mp4
carried-forward  1919377688693567 c0  → https://pub-893b4a6a607b4221a894bf861da7914e.r2.dev/1919377688693567.mp4
video-missing    1919377688693567 c0  (expected file not found in facebook/videos/mysivi-2026-07-23)
video-missing    1919377688693567 c0  (expected file not found in facebook/videos/mysivi-2026-07-23)
video-missing    1919377688693567 c0  (expected file not found in facebook/videos/mysivi-2026-07-23)
carried-forward  969734745982277 c0  → https://pub-893b4a6a607b4221a894bf861da7914e.r2.dev/969734745982277.mp4
carried-forward  1604765177255190 c0  → https://pub-893b4a6a607b4221a894bf861da7914e.r2.dev/1604765177255190.mp4
carried-forward  965111093239083 c0  → https://pub-893b4a6a607b4221a894bf861da7914e.r2.dev/965111093239083.mp4
carried-forward  1185640637079553 c0  → https://pub-893b4a6a607b4221a894bf861da7914e.r2.dev/1185640637079553.mp4
carried-forward  1274548481445067 c0  → https://pub-893b4a6a607b4221a894bf861da7914e.r2.dev/1274548481445067.mp4
carried-forward  1274548481445067 c0  → https://pub-893b4a6a607b4221a894bf861da7914e.r2.dev/1274548481445067.mp4
carried-forward  1274548481445067 c0  → https://pub-893b4a6a607b4221a894bf861da7914e.r2.dev/1274548481445067.mp4
carried-forward  1971131843492318 c0  → https://pub-893b4a6a607b4221a894bf861da7914e.r2.dev/1971131843492318.mp4
video-missing    1971131843492318 c0  (expected file not found in facebook/videos/mysivi-2026-07-23)
video-missing    1971131843492318 c0  (expected file not found in facebook/videos/mysivi-2026-07-23)
video-missing    1971131843492318 c0  (expected file not found in facebook/videos/mysivi-2026-07-23)
carried-forward  1683000729728094 c0  → https://pub-893b4a6a607b4221a894bf861da7914e.r2.dev/1683000729728094.mp4
carried-forward  1879274509358826 c0  → https://pub-893b4a6a607b4221a894bf861da7914e.r2.dev/1879274509358826.mp4
carried-forward  1617673956086851 c0  → https://pub-893b4a6a607b4221a894bf861da7914e.r2.dev/1617673956086851.mp4
carried-forward  1617673956086851 c0  → https://pub-893b4a6a607b4221a894bf861da7914e.r2.dev/1617673956086851.mp4
carried-forward  1343882707556162 c0  → https://pub-893b4a6a607b4221a894bf861da7914e.r2.dev/1343882707556162.mp4
carried-forward  1343882707556162 c0  → https://pub-893b4a6a607b4221a894bf861da7914e.r2.dev/1343882707556162.mp4
carried-forward  1022336450318536 c0  → https://pub-893b4a6a607b4221a894bf861da7914e.r2.dev/1022336450318536.mp4
video-missing    1022336450318536 c0  (expected file not found in facebook/videos/mysivi-2026-07-23)
video-missing    1022336450318536 c0  (expected file not found in facebook/videos/mysivi-2026-07-23)
carried-forward  1829800937707633 c0  → https://pub-893b4a6a607b4221a894bf861da7914e.r2.dev/1829800937707633.mp4
carried-forward  887955943678596 c0  → https://pub-893b4a6a607b4221a894bf861da7914e.r2.dev/887955943678596.mp4
carried-forward  1419600269364944 c0  → https://pub-893b4a6a607b4221a894bf861da7914e.r2.dev/1419600269364944.mp4
carried-forward  830630363447590 c0  → https://pub-893b4a6a607b4221a894bf861da7914e.r2.dev/830630363447590.mp4
video-missing    830630363447590 c0  (expected file not found in facebook/videos/mysivi-2026-07-23)
video-missing    830630363447590 c0  (expected file not found in facebook/videos/mysivi-2026-07-23)
carried-forward  746424205071026 c0  → https://pub-893b4a6a607b4221a894bf861da7914e.r2.dev/746424205071026.mp4
carried-forward  2044345306156775 c0  → https://pub-893b4a6a607b4221a894bf861da7914e.r2.dev/2044345306156775.mp4
carried-forward  1628742508669950 c0  → https://pub-893b4a6a607b4221a894bf861da7914e.r2.dev/1628742508669950.mp4
carried-forward  1455378906628645 c0  → https://pub-893b4a6a607b4221a894bf861da7914e.r2.dev/1455378906628645.mp4
carried-forward  1455378906628645 c0  → https://pub-893b4a6a607b4221a894bf861da7914e.r2.dev/1455378906628645.mp4
carried-forward  1455378906628645 c0  → https://pub-893b4a6a607b4221a894bf861da7914e.r2.dev/1455378906628645.mp4
carried-forward  1508591900887307 c0  → https://pub-893b4a6a607b4221a894bf861da7914e.r2.dev/1508591900887307.mp4
carried-forward  1508591900887307 c0  → https://pub-893b4a6a607b4221a894bf861da7914e.r2.dev/1508591900887307.mp4
carried-forward  2397605794050606 c0  → https://pub-893b4a6a607b4221a894bf861da7914e.r2.dev/2397605794050606.mp4
carried-forward  2397605794050606 c0  → https://pub-893b4a6a607b4221a894bf861da7914e.r2.dev/2397605794050606.mp4
carried-forward  1601655454821799 c0  → https://pub-893b4a6a607b4221a894bf861da7914e.r2.dev/1601655454821799.mp4
carried-forward  929288733053067 c0  → https://pub-893b4a6a607b4221a894bf861da7914e.r2.dev/929288733053067.mp4
carried-forward  1471379488011997 c0  → https://pub-893b4a6a607b4221a894bf861da7914e.r2.dev/1471379488011997.mp4
carried-forward  1706610454090939 c0  → https://pub-893b4a6a607b4221a894bf861da7914e.r2.dev/1706610454090939.mp4
carried-forward  1706610454090939 c0  → https://pub-893b4a6a607b4221a894bf861da7914e.r2.dev/1706610454090939.mp4
carried-forward  1706610454090939 c0  → https://pub-893b4a6a607b4221a894bf861da7914e.r2.dev/1706610454090939.mp4
carried-forward  1301191668579559 c0  → https://pub-893b4a6a607b4221a894bf861da7914e.r2.dev/1301191668579559.mp4
carried-forward  2212675122600323 c0  → https://pub-893b4a6a607b4221a894bf861da7914e.r2.dev/2212675122600323.mp4
carried-forward  990996126922306 c0  → https://pub-893b4a6a607b4221a894bf861da7914e.r2.dev/990996126922306.mp4
carried-forward  26877970818456137 c0  → https://pub-893b4a6a607b4221a894bf861da7914e.r2.dev/26877970818456137.mp4
carried-forward  1637815324305283 c0  → https://pub-893b4a6a607b4221a894bf861da7914e.r2.dev/1637815324305283.mp4
carried-forward  1637815324305283 c0  → https://pub-893b4a6a607b4221a894bf861da7914e.r2.dev/1637815324305283.mp4
carried-forward  1287526666918581 c0  → https://pub-893b4a6a607b4221a894bf861da7914e.r2.dev/1287526666918581.mp4
carried-forward  999317889668539 c0  → https://pub-893b4a6a607b4221a894bf861da7914e.r2.dev/999317889668539.mp4
carried-forward  2018970885719105 c0  → https://pub-893b4a6a607b4221a894bf861da7914e.r2.dev/2018970885719105.mp4
carried-forward  2018970885719105 c0  → https://pub-893b4a6a607b4221a894bf861da7914e.r2.dev/2018970885719105.mp4
video-missing    2018970885719105 c0  (expected file not found in facebook/videos/mysivi-2026-07-23)
video-missing    2018970885719105 c0  (expected file not found in facebook/videos/mysivi-2026-07-23)
video-missing    2018970885719105 c0  (expected file not found in facebook/videos/mysivi-2026-07-23)
carried-forward  928632976569232 c0  → https://pub-893b4a6a607b4221a894bf861da7914e.r2.dev/928632976569232.mp4
carried-forward  1358306469101708 c0  → https://pub-893b4a6a607b4221a894bf861da7914e.r2.dev/1358306469101708.mp4
carried-forward  1314307757419045 c0  → https://pub-893b4a6a607b4221a894bf861da7914e.r2.dev/1314307757419045.mp4
carried-forward  828046342935469 c0  → https://pub-893b4a6a607b4221a894bf861da7914e.r2.dev/828046342935469.mp4
carried-forward  828046342935469 c0  → https://pub-893b4a6a607b4221a894bf861da7914e.r2.dev/828046342935469.mp4
video-missing    828046342935469 c0  (expected file not found in facebook/videos/mysivi-2026-07-23)
video-missing    828046342935469 c0  (expected file not found in facebook/videos/mysivi-2026-07-23)
carried-forward  982746181255847 c0  → https://pub-893b4a6a607b4221a894bf861da7914e.r2.dev/982746181255847.mp4
carried-forward  1318969250363965 c0  → https://pub-893b4a6a607b4221a894bf861da7914e.r2.dev/1318969250363965.mp4
carried-forward  1530439098436504 c0  → https://pub-893b4a6a607b4221a894bf861da7914e.r2.dev/1530439098436504.mp4
carried-forward  1654263695604399 c0  → https://pub-893b4a6a607b4221a894bf861da7914e.r2.dev/1654263695604399.mp4
carried-forward  2140866776750997 c0  → https://pub-893b4a6a607b4221a894bf861da7914e.r2.dev/2140866776750997.mp4
carried-forward  2140866776750997 c0  → https://pub-893b4a6a607b4221a894bf861da7914e.r2.dev/2140866776750997.mp4
video-missing    2140866776750997 c0  (expected file not found in facebook/videos/mysivi-2026-07-23)
carried-forward  1696656008128546 c0  → https://pub-893b4a6a607b4221a894bf861da7914e.r2.dev/1696656008128546.mp4
video-missing    1696656008128546 c0  (expected file not found in facebook/videos/mysivi-2026-07-23)
carried-forward  1588105538932312 c0  → https://pub-893b4a6a607b4221a894bf861da7914e.r2.dev/1588105538932312.mp4
carried-forward  1478654923647189 c0  → https://pub-893b4a6a607b4221a894bf861da7914e.r2.dev/1478654923647189.mp4
carried-forward  1212127940752948 c0  → https://pub-893b4a6a607b4221a894bf861da7914e.r2.dev/1212127940752948.mp4
uploaded         3983162985317379 c0  (video) ← 3983162985317379.mp4  → https://pub-893b4a6a607b4221a894bf861da7914e.r2.dev/3983162985317379.mp4
video-missing    3983162985317379 c0  (expected file not found in facebook/videos/mysivi-2026-07-23)
video-missing    3983162985317379 c0  (expected file not found in facebook/videos/mysivi-2026-07-23)
carried-forward  4423694127908972 c0  → https://pub-893b4a6a607b4221a894bf861da7914e.r2.dev/4423694127908972.mp4
carried-forward  4423694127908972 c0  → https://pub-893b4a6a607b4221a894bf861da7914e.r2.dev/4423694127908972.mp4
video-missing    4423694127908972 c0  (expected file not found in facebook/videos/mysivi-2026-07-23)
video-missing    4423694127908972 c0  (expected file not found in facebook/videos/mysivi-2026-07-23)
video-missing    4423694127908972 c0  (expected file not found in facebook/videos/mysivi-2026-07-23)
carried-forward  1989886525288548 c0  → https://pub-893b4a6a607b4221a894bf861da7914e.r2.dev/1989886525288548.mp4
carried-forward  1614741389625403 c0  → https://pub-893b4a6a607b4221a894bf861da7914e.r2.dev/1614741389625403.mp4
carried-forward  1614741389625403 c0  → https://pub-893b4a6a607b4221a894bf861da7914e.r2.dev/1614741389625403.mp4
carried-forward  1770363464324959 c0  → https://pub-893b4a6a607b4221a894bf861da7914e.r2.dev/1770363464324959.mp4
carried-forward  942082795041598 c0  → https://pub-893b4a6a607b4221a894bf861da7914e.r2.dev/942082795041598.mp4
video-missing    942082795041598 c0  (expected file not found in facebook/videos/mysivi-2026-07-23)
video-missing    942082795041598 c0  (expected file not found in facebook/videos/mysivi-2026-07-23)
carried-forward  1307849048060522 c0  → https://pub-893b4a6a607b4221a894bf861da7914e.r2.dev/1307849048060522.mp4
carried-forward  1620376385881859 c0  → https://pub-893b4a6a607b4221a894bf861da7914e.r2.dev/1620376385881859.mp4
carried-forward  1620376385881859 c0  → https://pub-893b4a6a607b4221a894bf861da7914e.r2.dev/1620376385881859.mp4
carried-forward  1520336123110661 c0  → https://pub-893b4a6a607b4221a894bf861da7914e.r2.dev/1520336123110661.mp4
carried-forward  1520336123110661 c0  → https://pub-893b4a6a607b4221a894bf861da7914e.r2.dev/1520336123110661.mp4
video-missing    1520336123110661 c0  (expected file not found in facebook/videos/mysivi-2026-07-23)
carried-forward  1942366103150412 c0  → https://pub-893b4a6a607b4221a894bf861da7914e.r2.dev/1942366103150412.mp4
carried-forward  2453912481744633 c0  → https://pub-893b4a6a607b4221a894bf861da7914e.r2.dev/2453912481744633.mp4
carried-forward  974394408984151 c0  → https://pub-893b4a6a607b4221a894bf861da7914e.r2.dev/974394408984151.mp4
carried-forward  1017889344215756 c0  → https://pub-893b4a6a607b4221a894bf861da7914e.r2.dev/1017889344215756.mp4
carried-forward  1022434796890840 c0  → https://pub-893b4a6a607b4221a894bf861da7914e.r2.dev/1022434796890840.mp4
carried-forward  2174537080053843 c0  → https://pub-893b4a6a607b4221a894bf861da7914e.r2.dev/2174537080053843.mp4
carried-forward  2174537080053843 c0  → https://pub-893b4a6a607b4221a894bf861da7914e.r2.dev/2174537080053843.mp4
carried-forward  1653210032495777 c0  → https://pub-893b4a6a607b4221a894bf861da7914e.r2.dev/1653210032495777.mp4
carried-forward  1653210032495777 c0  → https://pub-893b4a6a607b4221a894bf861da7914e.r2.dev/1653210032495777.mp4
carried-forward  1015363504486020 c0  → https://pub-893b4a6a607b4221a894bf861da7914e.r2.dev/1015363504486020.mp4
video-missing    1015363504486020 c0  (expected file not found in facebook/videos/mysivi-2026-07-23)
video-missing    1015363504486020 c0  (expected file not found in facebook/videos/mysivi-2026-07-23)
video-missing    1015363504486020 c0  (expected file not found in facebook/videos/mysivi-2026-07-23)
carried-forward  26500345142960290 c0  → https://pub-893b4a6a607b4221a894bf861da7914e.r2.dev/26500345142960290.mp4
carried-forward  1264519888531888 c0  → https://pub-893b4a6a607b4221a894bf861da7914e.r2.dev/1264519888531888.mp4
carried-forward  1315278853860233 c0  → https://pub-893b4a6a607b4221a894bf861da7914e.r2.dev/1315278853860233.mp4
carried-forward  1315278853860233 c0  → https://pub-893b4a6a607b4221a894bf861da7914e.r2.dev/1315278853860233.mp4
carried-forward  1387553279907013 c0  → https://pub-893b4a6a607b4221a894bf861da7914e.r2.dev/1387553279907013.mp4
carried-forward  2068098584104375 c0  → https://pub-893b4a6a607b4221a894bf861da7914e.r2.dev/2068098584104375.mp4
carried-forward  3008300169365904 c0  → https://pub-893b4a6a607b4221a894bf861da7914e.r2.dev/3008300169365904.mp4
carried-forward  3008300169365904 c0  → https://pub-893b4a6a607b4221a894bf861da7914e.r2.dev/3008300169365904.mp4
carried-forward  2529987434101574 c0  → https://pub-893b4a6a607b4221a894bf861da7914e.r2.dev/2529987434101574.mp4
carried-forward  2529987434101574 c0  → https://pub-893b4a6a607b4221a894bf861da7914e.r2.dev/2529987434101574.mp4
carried-forward  992334193289614 c0  → https://pub-893b4a6a607b4221a894bf861da7914e.r2.dev/992334193289614.mp4
carried-forward  2055592285000447 c0  → https://pub-893b4a6a607b4221a894bf861da7914e.r2.dev/2055592285000447.mp4
carried-forward  2055592285000447 c0  → https://pub-893b4a6a607b4221a894bf861da7914e.r2.dev/2055592285000447.mp4
video-missing    2055592285000447 c0  (expected file not found in facebook/videos/mysivi-2026-07-23)
video-missing    2055592285000447 c0  (expected file not found in facebook/videos/mysivi-2026-07-23)
video-missing    2055592285000447 c0  (expected file not found in facebook/videos/mysivi-2026-07-23)
carried-forward  1764981477809750 c0  → https://pub-893b4a6a607b4221a894bf861da7914e.r2.dev/1764981477809750.mp4
carried-forward  1010624641345110 c0  → https://pub-893b4a6a607b4221a894bf861da7914e.r2.dev/1010624641345110.mp4
carried-forward  980647344956412 c0  → https://pub-893b4a6a607b4221a894bf861da7914e.r2.dev/980647344956412.mp4
carried-forward  2091651081684278 c0  → https://pub-893b4a6a607b4221a894bf861da7914e.r2.dev/2091651081684278.mp4
carried-forward  1280510130862115 c0  → https://pub-893b4a6a607b4221a894bf861da7914e.r2.dev/1280510130862115.mp4
carried-forward  1357335966520210 c0  → https://pub-893b4a6a607b4221a894bf861da7914e.r2.dev/1357335966520210.mp4
carried-forward  1420757516152319 c0  → https://pub-893b4a6a607b4221a894bf861da7914e.r2.dev/1420757516152319.mp4
carried-forward  1802391733809570 c0  → https://pub-893b4a6a607b4221a894bf861da7914e.r2.dev/1802391733809570.mp4
carried-forward  1332485855762489 c0  → https://pub-893b4a6a607b4221a894bf861da7914e.r2.dev/1332485855762489.mp4
carried-forward  806285052477796 c0  → https://pub-893b4a6a607b4221a894bf861da7914e.r2.dev/806285052477796.mp4
carried-forward  968622909066343 c0  → https://pub-893b4a6a607b4221a894bf861da7914e.r2.dev/968622909066343.mp4
carried-forward  968622909066343 c0  → https://pub-893b4a6a607b4221a894bf861da7914e.r2.dev/968622909066343.mp4
carried-forward  2121614641744252 c0  → https://pub-893b4a6a607b4221a894bf861da7914e.r2.dev/2121614641744252.mp4
carried-forward  2121614641744252 c0  → https://pub-893b4a6a607b4221a894bf861da7914e.r2.dev/2121614641744252.mp4
carried-forward  1539649924210787 c0  → https://pub-893b4a6a607b4221a894bf861da7914e.r2.dev/1539649924210787.mp4
carried-forward  2302627590232724 c0  → https://pub-893b4a6a607b4221a894bf861da7914e.r2.dev/2302627590232724.mp4
carried-forward  1651364626065468 c0  → https://pub-893b4a6a607b4221a894bf861da7914e.r2.dev/1651364626065468.mp4
carried-forward  1651364626065468 c0  → https://pub-893b4a6a607b4221a894bf861da7914e.r2.dev/1651364626065468.mp4
carried-forward  2209407279828265 c0  → https://pub-893b4a6a607b4221a894bf861da7914e.r2.dev/2209407279828265.mp4
carried-forward  2209407279828265 c0  → https://pub-893b4a6a607b4221a894bf861da7914e.r2.dev/2209407279828265.mp4
carried-forward  1964917867488103 c0  → https://pub-893b4a6a607b4221a894bf861da7914e.r2.dev/1964917867488103.mp4
carried-forward  1726412415058913 c0  → https://pub-893b4a6a607b4221a894bf861da7914e.r2.dev/1726412415058913.mp4
carried-forward  1727118561628310 c0  → https://pub-893b4a6a607b4221a894bf861da7914e.r2.dev/1727118561628310.mp4
carried-forward  1727118561628310 c0  → https://pub-893b4a6a607b4221a894bf861da7914e.r2.dev/1727118561628310.mp4
carried-forward  1727118561628310 c0  → https://pub-893b4a6a607b4221a894bf861da7914e.r2.dev/1727118561628310.mp4
carried-forward  1659773685114896 c0  → https://pub-893b4a6a607b4221a894bf861da7914e.r2.dev/1659773685114896.mp4
carried-forward  27804300742508761 c0  → https://pub-893b4a6a607b4221a894bf861da7914e.r2.dev/27804300742508761.mp4
carried-forward  2776880132659566 c0  → https://pub-893b4a6a607b4221a894bf861da7914e.r2.dev/2776880132659566.mp4
carried-forward  2776880132659566 c0  → https://pub-893b4a6a607b4221a894bf861da7914e.r2.dev/2776880132659566.mp4
carried-forward  2776880132659566 c0  → https://pub-893b4a6a607b4221a894bf861da7914e.r2.dev/2776880132659566.mp4
carried-forward  2776880132659566 c0  → https://pub-893b4a6a607b4221a894bf861da7914e.r2.dev/2776880132659566.mp4
carried-forward  1638603650681901 c0  → https://pub-893b4a6a607b4221a894bf861da7914e.r2.dev/1638603650681901.mp4
carried-forward  1638603650681901 c0  → https://pub-893b4a6a607b4221a894bf861da7914e.r2.dev/1638603650681901.mp4
carried-forward  916573367889182 c0  → https://pub-893b4a6a607b4221a894bf861da7914e.r2.dev/916573367889182.mp4
carried-forward  1478416939939741 c0  → https://pub-893b4a6a607b4221a894bf861da7914e.r2.dev/1478416939939741.mp4
carried-forward  985312770873625 c0  → https://pub-893b4a6a607b4221a894bf861da7914e.r2.dev/985312770873625.mp4
video-missing    985312770873625 c0  (expected file not found in facebook/videos/mysivi-2026-07-23)
video-missing    985312770873625 c0  (expected file not found in facebook/videos/mysivi-2026-07-23)
carried-forward  1227122602738586 c0  → https://pub-893b4a6a607b4221a894bf861da7914e.r2.dev/1227122602738586.mp4
carried-forward  4459719324263987 c0  → https://pub-893b4a6a607b4221a894bf861da7914e.r2.dev/4459719324263987.mp4
carried-forward  4459719324263987 c0  → https://pub-893b4a6a607b4221a894bf861da7914e.r2.dev/4459719324263987.mp4
carried-forward  2070373570188595 c0  → https://pub-893b4a6a607b4221a894bf861da7914e.r2.dev/2070373570188595.mp4
carried-forward  4479394699055451 c0  → https://pub-893b4a6a607b4221a894bf861da7914e.r2.dev/4479394699055451.mp4
carried-forward  2291906681625837 c0  → https://pub-893b4a6a607b4221a894bf861da7914e.r2.dev/2291906681625837.mp4
carried-forward  2015938819317138 c0  → https://pub-893b4a6a607b4221a894bf861da7914e.r2.dev/2015938819317138.mp4
carried-forward  1488914539399319 c0  → https://pub-893b4a6a607b4221a894bf861da7914e.r2.dev/1488914539399319.mp4
carried-forward  1488914539399319 c0  → https://pub-893b4a6a607b4221a894bf861da7914e.r2.dev/1488914539399319.mp4
carried-forward  1129305642655282 c0  → https://pub-893b4a6a607b4221a894bf861da7914e.r2.dev/1129305642655282.mp4
carried-forward  1329455545343411 c0  → https://pub-893b4a6a607b4221a894bf861da7914e.r2.dev/1329455545343411.mp4
carried-forward  1405230281623570 c0  → https://pub-893b4a6a607b4221a894bf861da7914e.r2.dev/1405230281623570.mp4
carried-forward  1680723016283648 c0  → https://pub-893b4a6a607b4221a894bf861da7914e.r2.dev/1680723016283648.mp4
carried-forward  1521260382932826 c0  → https://pub-893b4a6a607b4221a894bf861da7914e.r2.dev/1521260382932826.mp4
carried-forward  1521260382932826 c0  → https://pub-893b4a6a607b4221a894bf861da7914e.r2.dev/1521260382932826.mp4
carried-forward  1521260382932826 c0  → https://pub-893b4a6a607b4221a894bf861da7914e.r2.dev/1521260382932826.mp4
carried-forward  1521260382932826 c0  → https://pub-893b4a6a607b4221a894bf861da7914e.r2.dev/1521260382932826.mp4
video-missing    1521260382932826 c0  (expected file not found in facebook/videos/mysivi-2026-07-23)
carried-forward  926009359893772 c0  → https://pub-893b4a6a607b4221a894bf861da7914e.r2.dev/926009359893772.mp4
carried-forward  1508261700652821 c0  → https://pub-893b4a6a607b4221a894bf861da7914e.r2.dev/1508261700652821.mp4
video-missing    1508261700652821 c0  (expected file not found in facebook/videos/mysivi-2026-07-23)
video-missing    1508261700652821 c0  (expected file not found in facebook/videos/mysivi-2026-07-23)
carried-forward  993558049787194 c0  → https://pub-893b4a6a607b4221a894bf861da7914e.r2.dev/993558049787194.mp4
carried-forward  1456489775973937 c0  → https://pub-893b4a6a607b4221a894bf861da7914e.r2.dev/1456489775973937.mp4
carried-forward  1744949079879341 c0  → https://pub-893b4a6a607b4221a894bf861da7914e.r2.dev/1744949079879341.mp4
carried-forward  1535372884822703 c0  → https://pub-893b4a6a607b4221a894bf861da7914e.r2.dev/1535372884822703.mp4
carried-forward  1535372884822703 c0  → https://pub-893b4a6a607b4221a894bf861da7914e.r2.dev/1535372884822703.mp4
carried-forward  1947479269512510 c0  → https://pub-893b4a6a607b4221a894bf861da7914e.r2.dev/1947479269512510.mp4
carried-forward  3081854985538533 c0  → https://pub-893b4a6a607b4221a894bf861da7914e.r2.dev/3081854985538533.mp4
carried-forward  837153365685876 c0  → https://pub-893b4a6a607b4221a894bf861da7914e.r2.dev/837153365685876.mp4
carried-forward  1012816707855134 c0  → https://pub-893b4a6a607b4221a894bf861da7914e.r2.dev/1012816707855134.mp4
carried-forward  1041331531793186 c0  → https://pub-893b4a6a607b4221a894bf861da7914e.r2.dev/1041331531793186.mp4
carried-forward  1422277683247820 c0  → https://pub-893b4a6a607b4221a894bf861da7914e.r2.dev/1422277683247820.mp4
carried-forward  3011792732359288 c0  → https://pub-893b4a6a607b4221a894bf861da7914e.r2.dev/3011792732359288.mp4
carried-forward  4313351258910187 c0  → https://pub-893b4a6a607b4221a894bf861da7914e.r2.dev/4313351258910187.mp4
carried-forward  1700085264501741 c0  → https://pub-893b4a6a607b4221a894bf861da7914e.r2.dev/1700085264501741.mp4
carried-forward  1700085264501741 c0  → https://pub-893b4a6a607b4221a894bf861da7914e.r2.dev/1700085264501741.mp4
carried-forward  1022939427124652 c0  → https://pub-893b4a6a607b4221a894bf861da7914e.r2.dev/1022939427124652.mp4
carried-forward  2525647197884423 c0  → https://pub-893b4a6a607b4221a894bf861da7914e.r2.dev/2525647197884423.mp4
carried-forward  1224918086193675 c0  → https://pub-893b4a6a607b4221a894bf861da7914e.r2.dev/1224918086193675.mp4
carried-forward  1224918086193675 c0  → https://pub-893b4a6a607b4221a894bf861da7914e.r2.dev/1224918086193675.mp4
carried-forward  964508779739269 c0  → https://pub-893b4a6a607b4221a894bf861da7914e.r2.dev/964508779739269.mp4
carried-forward  964508779739269 c0  → https://pub-893b4a6a607b4221a894bf861da7914e.r2.dev/964508779739269.mp4
carried-forward  3583464295143448 c0  → https://pub-893b4a6a607b4221a894bf861da7914e.r2.dev/3583464295143448.mp4
carried-forward  2709146386167093 c0  → https://pub-893b4a6a607b4221a894bf861da7914e.r2.dev/2709146386167093.mp4
carried-forward  2121227375086598 c0  → https://pub-893b4a6a607b4221a894bf861da7914e.r2.dev/2121227375086598.mp4
carried-forward  2121227375086598 c0  → https://pub-893b4a6a607b4221a894bf861da7914e.r2.dev/2121227375086598.mp4
carried-forward  1643358373384863 c0  → https://pub-893b4a6a607b4221a894bf861da7914e.r2.dev/1643358373384863.mp4
carried-forward  1669002574241061 c0  → https://pub-893b4a6a607b4221a894bf861da7914e.r2.dev/1669002574241061.mp4
carried-forward  1585617636898981 c0  → https://pub-893b4a6a607b4221a894bf861da7914e.r2.dev/1585617636898981.mp4
video-missing    1585617636898981 c0  (expected file not found in facebook/videos/mysivi-2026-07-23)
video-missing    1585617636898981 c0  (expected file not found in facebook/videos/mysivi-2026-07-23)
carried-forward  2016029852643642 c0  → https://pub-893b4a6a607b4221a894bf861da7914e.r2.dev/2016029852643642.mp4
carried-forward  872243038656359 c0  → https://pub-893b4a6a607b4221a894bf861da7914e.r2.dev/872243038656359.mp4
video-missing    872243038656359 c0  (expected file not found in facebook/videos/mysivi-2026-07-23)
video-missing    872243038656359 c0  (expected file not found in facebook/videos/mysivi-2026-07-23)
video-missing    872243038656359 c0  (expected file not found in facebook/videos/mysivi-2026-07-23)
video-missing    872243038656359 c0  (expected file not found in facebook/videos/mysivi-2026-07-23)
carried-forward  1466430171199966 c0  → https://pub-893b4a6a607b4221a894bf861da7914e.r2.dev/1466430171199966.mp4
carried-forward  2819469955061376 c0  → https://pub-893b4a6a607b4221a894bf861da7914e.r2.dev/2819469955061376.mp4
carried-forward  2118262802438723 c0  → https://pub-893b4a6a607b4221a894bf861da7914e.r2.dev/2118262802438723.mp4
carried-forward  792723907110134 c0  → https://pub-893b4a6a607b4221a894bf861da7914e.r2.dev/792723907110134.mp4
carried-forward  4490442197870544 c0  → https://pub-893b4a6a607b4221a894bf861da7914e.r2.dev/4490442197870544.mp4
carried-forward  1617488926652516 c0  → https://pub-893b4a6a607b4221a894bf861da7914e.r2.dev/1617488926652516.mp4
carried-forward  1326096859611351 c0  → https://pub-893b4a6a607b4221a894bf861da7914e.r2.dev/1326096859611351.mp4
carried-forward  1326096859611351 c0  → https://pub-893b4a6a607b4221a894bf861da7914e.r2.dev/1326096859611351.mp4
carried-forward  3283246428543500 c0  → https://pub-893b4a6a607b4221a894bf861da7914e.r2.dev/3283246428543500.mp4
video-missing    3283246428543500 c0  (expected file not found in facebook/videos/mysivi-2026-07-23)
carried-forward  1000700585621663 c0  → https://pub-893b4a6a607b4221a894bf861da7914e.r2.dev/1000700585621663.mp4
carried-forward  1471243361454315 c0  → https://pub-893b4a6a607b4221a894bf861da7914e.r2.dev/1471243361454315.mp4
carried-forward  2154787301730525 c0  → https://pub-893b4a6a607b4221a894bf861da7914e.r2.dev/2154787301730525.mp4
carried-forward  999055039647431 c0  → https://pub-893b4a6a607b4221a894bf861da7914e.r2.dev/999055039647431.mp4
carried-forward  1985957042274440 c0  → https://pub-893b4a6a607b4221a894bf861da7914e.r2.dev/1985957042274440.mp4
carried-forward  3989397097863539 c0  → https://pub-893b4a6a607b4221a894bf861da7914e.r2.dev/3989397097863539.mp4
carried-forward  1868630073705991 c0  → https://pub-893b4a6a607b4221a894bf861da7914e.r2.dev/1868630073705991.mp4
carried-forward  1421549569742524 c0  → https://pub-893b4a6a607b4221a894bf861da7914e.r2.dev/1421549569742524.mp4
carried-forward  1596918468180759 c0  → https://pub-893b4a6a607b4221a894bf861da7914e.r2.dev/1596918468180759.mp4
carried-forward  1484045400015832 c0  → https://pub-893b4a6a607b4221a894bf861da7914e.r2.dev/1484045400015832.mp4
carried-forward  992270790003041 c0  → https://pub-893b4a6a607b4221a894bf861da7914e.r2.dev/992270790003041.mp4
carried-forward  26278682328431057 c0  → https://pub-893b4a6a607b4221a894bf861da7914e.r2.dev/26278682328431057.mp4
carried-forward  1505743891180697 c0  → https://pub-893b4a6a607b4221a894bf861da7914e.r2.dev/1505743891180697.mp4
carried-forward  1017943474524070 c0  → https://pub-893b4a6a607b4221a894bf861da7914e.r2.dev/1017943474524070.mp4
carried-forward  1007859061967446 c0  → https://pub-893b4a6a607b4221a894bf861da7914e.r2.dev/1007859061967446.mp4
carried-forward  2314753332335203 c0  → https://pub-893b4a6a607b4221a894bf861da7914e.r2.dev/2314753332335203.mp4
carried-forward  1915691329071893 c0  → https://pub-893b4a6a607b4221a894bf861da7914e.r2.dev/1915691329071893.mp4
carried-forward  1451238069802927 c0  → https://pub-893b4a6a607b4221a894bf861da7914e.r2.dev/1451238069802927.mp4
carried-forward  1502167117766987 c0  → https://pub-893b4a6a607b4221a894bf861da7914e.r2.dev/1502167117766987.mp4
video-missing    1502167117766987 c0  (expected file not found in facebook/videos/mysivi-2026-07-23)
carried-forward  1640816750526652 c0  → https://pub-893b4a6a607b4221a894bf861da7914e.r2.dev/1640816750526652.mp4
carried-forward  2395677954250668 c0  → https://pub-893b4a6a607b4221a894bf861da7914e.r2.dev/2395677954250668.mp4
carried-forward  1923724461625869 c0  → https://pub-893b4a6a607b4221a894bf861da7914e.r2.dev/1923724461625869.mp4
carried-forward  1037685812021208 c0  → https://pub-893b4a6a607b4221a894bf861da7914e.r2.dev/1037685812021208.mp4
carried-forward  26659524697044325 c0  → https://pub-893b4a6a607b4221a894bf861da7914e.r2.dev/26659524697044325.mp4
carried-forward  2379080592572632 c0  → https://pub-893b4a6a607b4221a894bf861da7914e.r2.dev/2379080592572632.mp4
carried-forward  1007842078762414 c0  → https://pub-893b4a6a607b4221a894bf861da7914e.r2.dev/1007842078762414.mp4
carried-forward  1561720772037299 c0  → https://pub-893b4a6a607b4221a894bf861da7914e.r2.dev/1561720772037299.mp4
carried-forward  4448835111997016 c0  → https://pub-893b4a6a607b4221a894bf861da7914e.r2.dev/4448835111997016.mp4
carried-forward  4339328176335731 c0  → https://pub-893b4a6a607b4221a894bf861da7914e.r2.dev/4339328176335731.mp4
carried-forward  1008328898373593 c0  → https://pub-893b4a6a607b4221a894bf861da7914e.r2.dev/1008328898373593.mp4
carried-forward  1066340023015133 c0  → https://pub-893b4a6a607b4221a894bf861da7914e.r2.dev/1066340023015133.mp4
carried-forward  1622507415558676 c0  → https://pub-893b4a6a607b4221a894bf861da7914e.r2.dev/1622507415558676.mp4
carried-forward  1622507415558676 c0  → https://pub-893b4a6a607b4221a894bf861da7914e.r2.dev/1622507415558676.mp4
carried-forward  1306524454766929 c0  → https://pub-893b4a6a607b4221a894bf861da7914e.r2.dev/1306524454766929.mp4
video-missing    1306524454766929 c0  (expected file not found in facebook/videos/mysivi-2026-07-23)
video-missing    1306524454766929 c0  (expected file not found in facebook/videos/mysivi-2026-07-23)
carried-forward  793690836766387 c0  → https://pub-893b4a6a607b4221a894bf861da7914e.r2.dev/793690836766387.mp4
carried-forward  942718048768917 c0  → https://pub-893b4a6a607b4221a894bf861da7914e.r2.dev/942718048768917.mp4
video-missing    942718048768917 c0  (expected file not found in facebook/videos/mysivi-2026-07-23)
video-missing    942718048768917 c0  (expected file not found in facebook/videos/mysivi-2026-07-23)
carried-forward  1679488779955893 c0  → https://pub-893b4a6a607b4221a894bf861da7914e.r2.dev/1679488779955893.mp4
carried-forward  4360532544221904 c0  → https://pub-893b4a6a607b4221a894bf861da7914e.r2.dev/4360532544221904.mp4
carried-forward  4360532544221904 c0  → https://pub-893b4a6a607b4221a894bf861da7914e.r2.dev/4360532544221904.mp4
carried-forward  4360532544221904 c0  → https://pub-893b4a6a607b4221a894bf861da7914e.r2.dev/4360532544221904.mp4
carried-forward  1649433082992165 c0  → https://pub-893b4a6a607b4221a894bf861da7914e.r2.dev/1649433082992165.mp4
carried-forward  1687148935848931 c0  → https://pub-893b4a6a607b4221a894bf861da7914e.r2.dev/1687148935848931.mp4
carried-forward  2257751678323884 c0  → https://pub-893b4a6a607b4221a894bf861da7914e.r2.dev/2257751678323884.mp4
carried-forward  2082364302631419 c0  → https://pub-893b4a6a607b4221a894bf861da7914e.r2.dev/2082364302631419.mp4
carried-forward  1700565688060104 c0  → https://pub-893b4a6a607b4221a894bf861da7914e.r2.dev/1700565688060104.mp4
carried-forward  926061870295157 c0  → https://pub-893b4a6a607b4221a894bf861da7914e.r2.dev/926061870295157.mp4
carried-forward  1037814022250953 c0  → https://pub-893b4a6a607b4221a894bf861da7914e.r2.dev/1037814022250953.mp4
carried-forward  2029738507649525 c0  → https://pub-893b4a6a607b4221a894bf861da7914e.r2.dev/2029738507649525.mp4
carried-forward  1485718526534550 c0  → https://pub-893b4a6a607b4221a894bf861da7914e.r2.dev/1485718526534550.mp4
carried-forward  924262160239210 c0  → https://pub-893b4a6a607b4221a894bf861da7914e.r2.dev/924262160239210.mp4
carried-forward  1279149687664468 c0  → https://pub-893b4a6a607b4221a894bf861da7914e.r2.dev/1279149687664468.mp4
carried-forward  1305924191718003 c0  → https://pub-893b4a6a607b4221a894bf861da7914e.r2.dev/1305924191718003.mp4
carried-forward  2000356520863551 c0  → https://pub-893b4a6a607b4221a894bf861da7914e.r2.dev/2000356520863551.mp4
carried-forward  2000356520863551 c0  → https://pub-893b4a6a607b4221a894bf861da7914e.r2.dev/2000356520863551.mp4
carried-forward  1326381302434268 c0  → https://pub-893b4a6a607b4221a894bf861da7914e.r2.dev/1326381302434268.mp4
carried-forward  979432918132407 c0  → https://pub-893b4a6a607b4221a894bf861da7914e.r2.dev/979432918132407.mp4
carried-forward  999638893239027 c0  → https://pub-893b4a6a607b4221a894bf861da7914e.r2.dev/999638893239027.mp4
carried-forward  26897514576536099 c0  → https://pub-893b4a6a607b4221a894bf861da7914e.r2.dev/26897514576536099.mp4
carried-forward  1537221441214812 c0  → https://pub-893b4a6a607b4221a894bf861da7914e.r2.dev/1537221441214812.mp4
carried-forward  1406188997984557 c0  → https://pub-893b4a6a607b4221a894bf861da7914e.r2.dev/1406188997984557.mp4
video-missing    1406188997984557 c0  (expected file not found in facebook/videos/mysivi-2026-07-23)
carried-forward  2048629836075469 c0  → https://pub-893b4a6a607b4221a894bf861da7914e.r2.dev/2048629836075469.mp4
carried-forward  2451096275411627 c0  → https://pub-893b4a6a607b4221a894bf861da7914e.r2.dev/2451096275411627.mp4
carried-forward  1701300371040609 c0  → https://pub-893b4a6a607b4221a894bf861da7914e.r2.dev/1701300371040609.mp4
carried-forward  2459081154523683 c0  → https://pub-893b4a6a607b4221a894bf861da7914e.r2.dev/2459081154523683.mp4
carried-forward  1984284925540252 c0  → https://pub-893b4a6a607b4221a894bf861da7914e.r2.dev/1984284925540252.mp4
carried-forward  975996065285604 c0  → https://pub-893b4a6a607b4221a894bf861da7914e.r2.dev/975996065285604.mp4
carried-forward  2766863023656792 c0  → https://pub-893b4a6a607b4221a894bf861da7914e.r2.dev/2766863023656792.mp4
video-missing    2766863023656792 c0  (expected file not found in facebook/videos/mysivi-2026-07-23)
carried-forward  1620491635933671 c0  → https://pub-893b4a6a607b4221a894bf861da7914e.r2.dev/1620491635933671.mp4
carried-forward  1758154698829361 c0  → https://pub-893b4a6a607b4221a894bf861da7914e.r2.dev/1758154698829361.mp4
carried-forward  964962082987018 c0  → https://pub-893b4a6a607b4221a894bf861da7914e.r2.dev/964962082987018.mp4
carried-forward  1717063079524854 c0  → https://pub-893b4a6a607b4221a894bf861da7914e.r2.dev/1717063079524854.mp4
carried-forward  919532227571116 c0  → https://pub-893b4a6a607b4221a894bf861da7914e.r2.dev/919532227571116.mp4
carried-forward  4453558948123129 c0  → https://pub-893b4a6a607b4221a894bf861da7914e.r2.dev/4453558948123129.mp4
carried-forward  1500788108395186 c0  → https://pub-893b4a6a607b4221a894bf861da7914e.r2.dev/1500788108395186.mp4
carried-forward  1608476257565846 c0  → https://pub-893b4a6a607b4221a894bf861da7914e.r2.dev/1608476257565846.mp4
carried-forward  2208415999973119 c0  → https://pub-893b4a6a607b4221a894bf861da7914e.r2.dev/2208415999973119.mp4
carried-forward  2162696541198042 c0  → https://pub-893b4a6a607b4221a894bf861da7914e.r2.dev/2162696541198042.mp4
carried-forward  884633817515736 c0  → https://pub-893b4a6a607b4221a894bf861da7914e.r2.dev/884633817515736.mp4
carried-forward  1331780018879854 c0  → https://pub-893b4a6a607b4221a894bf861da7914e.r2.dev/1331780018879854.mp4
carried-forward  1692608401755773 c0  → https://pub-893b4a6a607b4221a894bf861da7914e.r2.dev/1692608401755773.mp4
carried-forward  2213473106125559 c0  → https://pub-893b4a6a607b4221a894bf861da7914e.r2.dev/2213473106125559.mp4
carried-forward  1257723099480067 c0  → https://pub-893b4a6a607b4221a894bf861da7914e.r2.dev/1257723099480067.mp4
carried-forward  2024472394773472 c0  → https://pub-893b4a6a607b4221a894bf861da7914e.r2.dev/2024472394773472.mp4
carried-forward  789122750339119 c0  → https://pub-893b4a6a607b4221a894bf861da7914e.r2.dev/789122750339119.mp4
carried-forward  1318480437075234 c0  → https://pub-893b4a6a607b4221a894bf861da7914e.r2.dev/1318480437075234.mp4
carried-forward  2544633702634148 c0  → https://pub-893b4a6a607b4221a894bf861da7914e.r2.dev/2544633702634148.mp4
carried-forward  1633088194638293 c0  → https://pub-893b4a6a607b4221a894bf861da7914e.r2.dev/1633088194638293.mp4
carried-forward  1496480095586708 c0  → https://pub-893b4a6a607b4221a894bf861da7914e.r2.dev/1496480095586708.mp4
carried-forward  1556413479309760 c0  → https://pub-893b4a6a607b4221a894bf861da7914e.r2.dev/1556413479309760.mp4
carried-forward  891598777054338 c0  → https://pub-893b4a6a607b4221a894bf861da7914e.r2.dev/891598777054338.mp4
carried-forward  948196901262777 c0  → https://pub-893b4a6a607b4221a894bf861da7914e.r2.dev/948196901262777.mp4
carried-forward  1679466513497742 c0  → https://pub-893b4a6a607b4221a894bf861da7914e.r2.dev/1679466513497742.mp4
carried-forward  969992315779319 c0  → https://pub-893b4a6a607b4221a894bf861da7914e.r2.dev/969992315779319.mp4
carried-forward  1046237461178123 c0  → https://pub-893b4a6a607b4221a894bf861da7914e.r2.dev/1046237461178123.mp4
carried-forward  1715918716209104 c0  → https://pub-893b4a6a607b4221a894bf861da7914e.r2.dev/1715918716209104.mp4
carried-forward  2828668334192442 c0  → https://pub-893b4a6a607b4221a894bf861da7914e.r2.dev/2828668334192442.mp4
carried-forward  1646689376349126 c0  → https://pub-893b4a6a607b4221a894bf861da7914e.r2.dev/1646689376349126.mp4
carried-forward  1536978624832977 c0  → https://pub-893b4a6a607b4221a894bf861da7914e.r2.dev/1536978624832977.mp4
carried-forward  4577544502529598 c0  → https://pub-893b4a6a607b4221a894bf861da7914e.r2.dev/4577544502529598.mp4
video-missing    4577544502529598 c0  (expected file not found in facebook/videos/mysivi-2026-07-23)
carried-forward  821884560200700 c0  → https://pub-893b4a6a607b4221a894bf861da7914e.r2.dev/821884560200700.mp4
carried-forward  983702551010180 c0  → https://pub-893b4a6a607b4221a894bf861da7914e.r2.dev/983702551010180.mp4
video-missing    983702551010180 c0  (expected file not found in facebook/videos/mysivi-2026-07-23)
carried-forward  1395624818998219 c0  → https://pub-893b4a6a607b4221a894bf861da7914e.r2.dev/1395624818998219.mp4
carried-forward  783367227802865 c0  → https://pub-893b4a6a607b4221a894bf861da7914e.r2.dev/783367227802865.mp4
carried-forward  1287468993306146 c0  → https://pub-893b4a6a607b4221a894bf861da7914e.r2.dev/1287468993306146.mp4
carried-forward  1352457117099105 c0  → https://pub-893b4a6a607b4221a894bf861da7914e.r2.dev/1352457117099105.mp4
carried-forward  999136349755639 c0  → https://pub-893b4a6a607b4221a894bf861da7914e.r2.dev/999136349755639.mp4
carried-forward  948098764436671 c0  → https://pub-893b4a6a607b4221a894bf861da7914e.r2.dev/948098764436671.mp4
carried-forward  1435417828331595 c0  → https://pub-893b4a6a607b4221a894bf861da7914e.r2.dev/1435417828331595.mp4
carried-forward  3087833694742781 c0  → https://pub-893b4a6a607b4221a894bf861da7914e.r2.dev/3087833694742781.mp4
carried-forward  1660119952789600 c0  → https://pub-893b4a6a607b4221a894bf861da7914e.r2.dev/1660119952789600.mp4
carried-forward  1665607881389336 c0  → https://pub-893b4a6a607b4221a894bf861da7914e.r2.dev/1665607881389336.mp4
video-missing    1665607881389336 c0  (expected file not found in facebook/videos/mysivi-2026-07-23)
video-missing    1665607881389336 c0  (expected file not found in facebook/videos/mysivi-2026-07-23)
video-missing    1665607881389336 c0  (expected file not found in facebook/videos/mysivi-2026-07-23)
carried-forward  1672528730468510 c0  → https://pub-893b4a6a607b4221a894bf861da7914e.r2.dev/1672528730468510.mp4
carried-forward  1172874778371781 c0  → https://pub-893b4a6a607b4221a894bf861da7914e.r2.dev/1172874778371781.mp4
video-missing    1172874778371781 c0  (expected file not found in facebook/videos/mysivi-2026-07-23)
carried-forward  1223535143082969 c0  → https://pub-893b4a6a607b4221a894bf861da7914e.r2.dev/1223535143082969.mp4
carried-forward  2583482575445539 c0  → https://pub-893b4a6a607b4221a894bf861da7914e.r2.dev/2583482575445539.mp4
carried-forward  916300821500422 c0  → https://pub-893b4a6a607b4221a894bf861da7914e.r2.dev/916300821500422.mp4
carried-forward  2656547944763865 c0  → https://pub-893b4a6a607b4221a894bf861da7914e.r2.dev/2656547944763865.mp4
carried-forward  1669662424053951 c0  → https://pub-893b4a6a607b4221a894bf861da7914e.r2.dev/1669662424053951.mp4
carried-forward  2059735614627868 c0  → https://pub-893b4a6a607b4221a894bf861da7914e.r2.dev/2059735614627868.mp4
carried-forward  1311542947302507 c0  → https://pub-893b4a6a607b4221a894bf861da7914e.r2.dev/1311542947302507.mp4
carried-forward  953740530634532 c0  → https://pub-893b4a6a607b4221a894bf861da7914e.r2.dev/953740530634532.mp4
carried-forward  1711685963417415 c0  → https://pub-893b4a6a607b4221a894bf861da7914e.r2.dev/1711685963417415.mp4
carried-forward  4777951512435294 c0  → https://pub-893b4a6a607b4221a894bf861da7914e.r2.dev/4777951512435294.mp4
carried-forward  1001906345650383 c0  → https://pub-893b4a6a607b4221a894bf861da7914e.r2.dev/1001906345650383.mp4
carried-forward  1364006092255413 c0  → https://pub-893b4a6a607b4221a894bf861da7914e.r2.dev/1364006092255413.mp4
carried-forward  1452493899608866 c0  → https://pub-893b4a6a607b4221a894bf861da7914e.r2.dev/1452493899608866.mp4
carried-forward  776929352098813 c0  → https://pub-893b4a6a607b4221a894bf861da7914e.r2.dev/776929352098813.mp4
carried-forward  2058708198355990 c0  → https://pub-893b4a6a607b4221a894bf861da7914e.r2.dev/2058708198355990.mp4
carried-forward  1233137043210018 c0  → https://pub-893b4a6a607b4221a894bf861da7914e.r2.dev/1233137043210018.mp4
carried-forward  1689041099181537 c0  → https://pub-893b4a6a607b4221a894bf861da7914e.r2.dev/1689041099181537.mp4
carried-forward  2881901835488839 c0  → https://pub-893b4a6a607b4221a894bf861da7914e.r2.dev/2881901835488839.mp4
carried-forward  1593881836073732 c0  → https://pub-893b4a6a607b4221a894bf861da7914e.r2.dev/1593881836073732.mp4
carried-forward  976607848248590 c0  → https://pub-893b4a6a607b4221a894bf861da7914e.r2.dev/976607848248590.mp4
carried-forward  967691059186923 c0  → https://pub-893b4a6a607b4221a894bf861da7914e.r2.dev/967691059186923.mp4
video-missing    967691059186923 c0  (expected file not found in facebook/videos/mysivi-2026-07-23)
video-missing    967691059186923 c0  (expected file not found in facebook/videos/mysivi-2026-07-23)
carried-forward  887101084433809 c0  → https://pub-893b4a6a607b4221a894bf861da7914e.r2.dev/887101084433809.mp4
carried-forward  1435881974870948 c0  → https://pub-893b4a6a607b4221a894bf861da7914e.r2.dev/1435881974870948.mp4
video-missing    1435881974870948 c0  (expected file not found in facebook/videos/mysivi-2026-07-23)
carried-forward  1001947449373596 c0  → https://pub-893b4a6a607b4221a894bf861da7914e.r2.dev/1001947449373596.mp4
carried-forward  1307861745733138 c0  → https://pub-893b4a6a607b4221a894bf861da7914e.r2.dev/1307861745733138.mp4
carried-forward  1997914054166125 c0  → https://pub-893b4a6a607b4221a894bf861da7914e.r2.dev/1997914054166125.mp4
carried-forward  778012685144422 c0  → https://pub-893b4a6a607b4221a894bf861da7914e.r2.dev/778012685144422.mp4
carried-forward  26937562759189829 c0  → https://pub-893b4a6a607b4221a894bf861da7914e.r2.dev/26937562759189829.mp4
video-missing    26937562759189829 c0  (expected file not found in facebook/videos/mysivi-2026-07-23)
carried-forward  26941389452214403 c0  → https://pub-893b4a6a607b4221a894bf861da7914e.r2.dev/26941389452214403.mp4
carried-forward  1403248248278464 c0  → https://pub-893b4a6a607b4221a894bf861da7914e.r2.dev/1403248248278464.mp4
carried-forward  1003798445895656 c0  → https://pub-893b4a6a607b4221a894bf861da7914e.r2.dev/1003798445895656.mp4
carried-forward  25866749899663745 c0  → https://pub-893b4a6a607b4221a894bf861da7914e.r2.dev/25866749899663745.mp4
carried-forward  2642755476096212 c0  → https://pub-893b4a6a607b4221a894bf861da7914e.r2.dev/2642755476096212.mp4
carried-forward  2912711272407775 c0  → https://pub-893b4a6a607b4221a894bf861da7914e.r2.dev/2912711272407775.mp4
carried-forward  1795886108457007 c0  → https://pub-893b4a6a607b4221a894bf861da7914e.r2.dev/1795886108457007.mp4
carried-forward  1370650128429240 c0  → https://pub-893b4a6a607b4221a894bf861da7914e.r2.dev/1370650128429240.mp4
carried-forward  1381931963798084 c0  → https://pub-893b4a6a607b4221a894bf861da7914e.r2.dev/1381931963798084.mp4
carried-forward  4322014331449545 c0  → https://pub-893b4a6a607b4221a894bf861da7914e.r2.dev/4322014331449545.mp4
carried-forward  1014733037553692 c0  → https://pub-893b4a6a607b4221a894bf861da7914e.r2.dev/1014733037553692.mp4
carried-forward  939108672088071 c0  → https://pub-893b4a6a607b4221a894bf861da7914e.r2.dev/939108672088071.mp4
carried-forward  4296580653926356 c0  → https://pub-893b4a6a607b4221a894bf861da7914e.r2.dev/4296580653926356.mp4
carried-forward  1288767583323452 c0  → https://pub-893b4a6a607b4221a894bf861da7914e.r2.dev/1288767583323452.mp4
carried-forward  2769559763418086 c0  → https://pub-893b4a6a607b4221a894bf861da7914e.r2.dev/2769559763418086.mp4
carried-forward  1788001398845945 c0  → https://pub-893b4a6a607b4221a894bf861da7914e.r2.dev/1788001398845945.mp4
carried-forward  1173104215012061 c0  → https://pub-893b4a6a607b4221a894bf861da7914e.r2.dev/1173104215012061.mp4
carried-forward  973796251712263 c0  → https://pub-893b4a6a607b4221a894bf861da7914e.r2.dev/973796251712263.mp4
carried-forward  26998229939840758 c0  → https://pub-893b4a6a607b4221a894bf861da7914e.r2.dev/26998229939840758.mp4
carried-forward  1465573407768187 c0  → https://pub-893b4a6a607b4221a894bf861da7914e.r2.dev/1465573407768187.mp4
carried-forward  2013804422603621 c0  → https://pub-893b4a6a607b4221a894bf861da7914e.r2.dev/2013804422603621.mp4
carried-forward  1036701352417628 c0  → https://pub-893b4a6a607b4221a894bf861da7914e.r2.dev/1036701352417628.mp4
carried-forward  987831403795168 c0  → https://pub-893b4a6a607b4221a894bf861da7914e.r2.dev/987831403795168.mp4
carried-forward  2187766205322198 c0  → https://pub-893b4a6a607b4221a894bf861da7914e.r2.dev/2187766205322198.mp4
carried-forward  858184180059111 c0  → https://pub-893b4a6a607b4221a894bf861da7914e.r2.dev/858184180059111.mp4
carried-forward  1364951389073569 c0  → https://pub-893b4a6a607b4221a894bf861da7914e.r2.dev/1364951389073569.mp4
carried-forward  1938545806827209 c0  → https://pub-893b4a6a607b4221a894bf861da7914e.r2.dev/1938545806827209.mp4
carried-forward  2266101524219379 c0  → https://pub-893b4a6a607b4221a894bf861da7914e.r2.dev/2266101524219379.mp4
video-missing    2266101524219379 c0  (expected file not found in facebook/videos/mysivi-2026-07-23)
carried-forward  1666736444644442 c0  → https://pub-893b4a6a607b4221a894bf861da7914e.r2.dev/1666736444644442.mp4
carried-forward  1367247608771937 c0  → https://pub-893b4a6a607b4221a894bf861da7914e.r2.dev/1367247608771937.mp4
carried-forward  2147593776037558 c0  → https://pub-893b4a6a607b4221a894bf861da7914e.r2.dev/2147593776037558.mp4
carried-forward  1975616730478592 c0  → https://pub-893b4a6a607b4221a894bf861da7914e.r2.dev/1975616730478592.mp4
carried-forward  1066885985863447 c0  → https://pub-893b4a6a607b4221a894bf861da7914e.r2.dev/1066885985863447.mp4
carried-forward  1488915282336315 c0  → https://pub-893b4a6a607b4221a894bf861da7914e.r2.dev/1488915282336315.mp4
carried-forward  1267559591988783 c0  → https://pub-893b4a6a607b4221a894bf861da7914e.r2.dev/1267559591988783.mp4
carried-forward  1598091577944535 c0  → https://pub-893b4a6a607b4221a894bf861da7914e.r2.dev/1598091577944535.mp4
carried-forward  2490617801381931 c0  → https://pub-893b4a6a607b4221a894bf861da7914e.r2.dev/2490617801381931.mp4
carried-forward  1505587977729241 c0  → https://pub-893b4a6a607b4221a894bf861da7914e.r2.dev/1505587977729241.mp4
carried-forward  2369813166836159 c0  → https://pub-893b4a6a607b4221a894bf861da7914e.r2.dev/2369813166836159.mp4
video-missing    2369813166836159 c0  (expected file not found in facebook/videos/mysivi-2026-07-23)
video-missing    2369813166836159 c0  (expected file not found in facebook/videos/mysivi-2026-07-23)
carried-forward  1646804200403221 c0  → https://pub-893b4a6a607b4221a894bf861da7914e.r2.dev/1646804200403221.mp4
carried-forward  1546738243449603 c0  → https://pub-893b4a6a607b4221a894bf861da7914e.r2.dev/1546738243449603.mp4
carried-forward  951380894120941 c0  → https://pub-893b4a6a607b4221a894bf861da7914e.r2.dev/951380894120941.mp4
carried-forward  1042472358221862 c0  → https://pub-893b4a6a607b4221a894bf861da7914e.r2.dev/1042472358221862.mp4
carried-forward  1627097148362979 c0  → https://pub-893b4a6a607b4221a894bf861da7914e.r2.dev/1627097148362979.mp4
carried-forward  2119140315611050 c0  → https://pub-893b4a6a607b4221a894bf861da7914e.r2.dev/2119140315611050.mp4
carried-forward  1352427616717956 c0  → https://pub-893b4a6a607b4221a894bf861da7914e.r2.dev/1352427616717956.mp4
carried-forward  1487362129537955 c0  → https://pub-893b4a6a607b4221a894bf861da7914e.r2.dev/1487362129537955.mp4
carried-forward  26662604133381724 c0  → https://pub-893b4a6a607b4221a894bf861da7914e.r2.dev/26662604133381724.mp4
carried-forward  941511472103541 c0  → https://pub-893b4a6a607b4221a894bf861da7914e.r2.dev/941511472103541.mp4
video-missing    941511472103541 c0  (expected file not found in facebook/videos/mysivi-2026-07-23)
carried-forward  3877822139193411 c0  → https://pub-893b4a6a607b4221a894bf861da7914e.r2.dev/3877822139193411.mp4
carried-forward  2533538963760502 c0  → https://pub-893b4a6a607b4221a894bf861da7914e.r2.dev/2533538963760502.mp4
carried-forward  1511816280442472 c0  → https://pub-893b4a6a607b4221a894bf861da7914e.r2.dev/1511816280442472.mp4
carried-forward  939726098884612 c0  → https://pub-893b4a6a607b4221a894bf861da7914e.r2.dev/939726098884612.mp4
video-missing    939726098884612 c0  (expected file not found in facebook/videos/mysivi-2026-07-23)
carried-forward  1036636192124153 c0  → https://pub-893b4a6a607b4221a894bf861da7914e.r2.dev/1036636192124153.mp4
carried-forward  1333829674989627 c0  → https://pub-893b4a6a607b4221a894bf861da7914e.r2.dev/1333829674989627.mp4
carried-forward  2004005630505788 c0  → https://pub-893b4a6a607b4221a894bf861da7914e.r2.dev/2004005630505788.mp4
carried-forward  2110449602867502 c0  → https://pub-893b4a6a607b4221a894bf861da7914e.r2.dev/2110449602867502.mp4
carried-forward  4212115352420686 c0  → https://pub-893b4a6a607b4221a894bf861da7914e.r2.dev/4212115352420686.mp4
carried-forward  1302328652024705 c0  → https://pub-893b4a6a607b4221a894bf861da7914e.r2.dev/1302328652024705.mp4
carried-forward  1688078245644160 c0  → https://pub-893b4a6a607b4221a894bf861da7914e.r2.dev/1688078245644160.mp4
carried-forward  2071595920905981 c0  → https://pub-893b4a6a607b4221a894bf861da7914e.r2.dev/2071595920905981.mp4
carried-forward  851319157987747 c0  → https://pub-893b4a6a607b4221a894bf861da7914e.r2.dev/851319157987747.mp4
carried-forward  1325752129390385 c0  → https://pub-893b4a6a607b4221a894bf861da7914e.r2.dev/1325752129390385.mp4
carried-forward  2495683897596153 c0  → https://pub-893b4a6a607b4221a894bf861da7914e.r2.dev/2495683897596153.mp4
carried-forward  2772625586437847 c0  → https://pub-893b4a6a607b4221a894bf861da7914e.r2.dev/2772625586437847.mp4
carried-forward  1470635231402391 c0  → https://pub-893b4a6a607b4221a894bf861da7914e.r2.dev/1470635231402391.mp4
carried-forward  1553629412983996 c0  → https://pub-893b4a6a607b4221a894bf861da7914e.r2.dev/1553629412983996.mp4
carried-forward  830827740038509 c0  → https://pub-893b4a6a607b4221a894bf861da7914e.r2.dev/830827740038509.mp4
carried-forward  36465911913053931 c0  → https://pub-893b4a6a607b4221a894bf861da7914e.r2.dev/36465911913053931.mp4
carried-forward  957337403958368 c0  → https://pub-893b4a6a607b4221a894bf861da7914e.r2.dev/957337403958368.mp4
carried-forward  1494055025068691 c0  → https://pub-893b4a6a607b4221a894bf861da7914e.r2.dev/1494055025068691.mp4
carried-forward  1305301490970231 c0  → https://pub-893b4a6a607b4221a894bf861da7914e.r2.dev/1305301490970231.mp4
video-missing    1305301490970231 c0  (expected file not found in facebook/videos/mysivi-2026-07-23)
carried-forward  1371199208248981 c0  → https://pub-893b4a6a607b4221a894bf861da7914e.r2.dev/1371199208248981.mp4
carried-forward  788930004266476 c0  → https://pub-893b4a6a607b4221a894bf861da7914e.r2.dev/788930004266476.mp4
carried-forward  1649622126228565 c0  → https://pub-893b4a6a607b4221a894bf861da7914e.r2.dev/1649622126228565.mp4
video-missing    1649622126228565 c0  (expected file not found in facebook/videos/mysivi-2026-07-23)
carried-forward  968370699570817 c0  → https://pub-893b4a6a607b4221a894bf861da7914e.r2.dev/968370699570817.mp4
carried-forward  1310442251212671 c0  → https://pub-893b4a6a607b4221a894bf861da7914e.r2.dev/1310442251212671.mp4
carried-forward  1530098145357085 c0  → https://pub-893b4a6a607b4221a894bf861da7914e.r2.dev/1530098145357085.mp4
carried-forward  2773343266355319 c0  → https://pub-893b4a6a607b4221a894bf861da7914e.r2.dev/2773343266355319.mp4
carried-forward  1615005419579542 c0  → https://pub-893b4a6a607b4221a894bf861da7914e.r2.dev/1615005419579542.mp4
carried-forward  1481936509872557 c0  → https://pub-893b4a6a607b4221a894bf861da7914e.r2.dev/1481936509872557.mp4
carried-forward  1553049886391368 c0  → https://pub-893b4a6a607b4221a894bf861da7914e.r2.dev/1553049886391368.mp4
carried-forward  2428035340942905 c0  → https://pub-893b4a6a607b4221a894bf861da7914e.r2.dev/2428035340942905.mp4
carried-forward  1324486342479319 c0  → https://pub-893b4a6a607b4221a894bf861da7914e.r2.dev/1324486342479319.mp4
carried-forward  1249174010524007 c0  → https://pub-893b4a6a607b4221a894bf861da7914e.r2.dev/1249174010524007.mp4
video-missing    1249174010524007 c0  (expected file not found in facebook/videos/mysivi-2026-07-23)
carried-forward  1009047662075206 c0  → https://pub-893b4a6a607b4221a894bf861da7914e.r2.dev/1009047662075206.mp4
carried-forward  2063488454599605 c0  → https://pub-893b4a6a607b4221a894bf861da7914e.r2.dev/2063488454599605.mp4
carried-forward  2120375505230016 c0  → https://pub-893b4a6a607b4221a894bf861da7914e.r2.dev/2120375505230016.mp4
carried-forward  4100733953393617 c0  → https://pub-893b4a6a607b4221a894bf861da7914e.r2.dev/4100733953393617.mp4
carried-forward  2062749137923060 c0  → https://pub-893b4a6a607b4221a894bf861da7914e.r2.dev/2062749137923060.mp4
carried-forward  1677585876846486 c0  → https://pub-893b4a6a607b4221a894bf861da7914e.r2.dev/1677585876846486.mp4
carried-forward  2575899319503414 c0  → https://pub-893b4a6a607b4221a894bf861da7914e.r2.dev/2575899319503414.mp4
carried-forward  1031877693134978 c0  → https://pub-893b4a6a607b4221a894bf861da7914e.r2.dev/1031877693134978.mp4
carried-forward  1650201839616756 c0  → https://pub-893b4a6a607b4221a894bf861da7914e.r2.dev/1650201839616756.mp4
carried-forward  2090752831875980 c0  → https://pub-893b4a6a607b4221a894bf861da7914e.r2.dev/2090752831875980.mp4
carried-forward  4107404316224571 c0  → https://pub-893b4a6a607b4221a894bf861da7914e.r2.dev/4107404316224571.mp4
carried-forward  2159250388250975 c0  → https://pub-893b4a6a607b4221a894bf861da7914e.r2.dev/2159250388250975.mp4
carried-forward  1962399937815466 c0  → https://pub-893b4a6a607b4221a894bf861da7914e.r2.dev/1962399937815466.mp4
carried-forward  1699500254599159 c0  → https://pub-893b4a6a607b4221a894bf861da7914e.r2.dev/1699500254599159.mp4
carried-forward  1876111509730850 c0  → https://pub-893b4a6a607b4221a894bf861da7914e.r2.dev/1876111509730850.mp4
carried-forward  972275398944393 c0  → https://pub-893b4a6a607b4221a894bf861da7914e.r2.dev/972275398944393.mp4
carried-forward  1370313098573390 c0  → https://pub-893b4a6a607b4221a894bf861da7914e.r2.dev/1370313098573390.mp4
carried-forward  1722807232402706 c0  → https://pub-893b4a6a607b4221a894bf861da7914e.r2.dev/1722807232402706.mp4
carried-forward  1732380821513009 c0  → https://pub-893b4a6a607b4221a894bf861da7914e.r2.dev/1732380821513009.mp4
carried-forward  2094193961507413 c0  → https://pub-893b4a6a607b4221a894bf861da7914e.r2.dev/2094193961507413.mp4
carried-forward  1353783559482231 c0  → https://pub-893b4a6a607b4221a894bf861da7914e.r2.dev/1353783559482231.mp4
carried-forward  1464612034684616 c0  → https://pub-893b4a6a607b4221a894bf861da7914e.r2.dev/1464612034684616.mp4
carried-forward  2233032604189997 c0  → https://pub-893b4a6a607b4221a894bf861da7914e.r2.dev/2233032604189997.mp4
carried-forward  1541135330952944 c0  → https://pub-893b4a6a607b4221a894bf861da7914e.r2.dev/1541135330952944.mp4
carried-forward  1590472299307218 c0  → https://pub-893b4a6a607b4221a894bf861da7914e.r2.dev/1590472299307218.mp4
carried-forward  2057403415149019 c0  → https://pub-893b4a6a607b4221a894bf861da7914e.r2.dev/2057403415149019.mp4
carried-forward  1544380703870356 c0  → https://pub-893b4a6a607b4221a894bf861da7914e.r2.dev/1544380703870356.mp4
carried-forward  1092661519999578 c0  → https://pub-893b4a6a607b4221a894bf861da7914e.r2.dev/1092661519999578.mp4
carried-forward  1561288925690756 c0  → https://pub-893b4a6a607b4221a894bf861da7914e.r2.dev/1561288925690756.mp4
carried-forward  2126837924556346 c0  → https://pub-893b4a6a607b4221a894bf861da7914e.r2.dev/2126837924556346.mp4
carried-forward  1656028475602497 c0  → https://pub-893b4a6a607b4221a894bf861da7914e.r2.dev/1656028475602497.mp4
carried-forward  976415494758889 c0  → https://pub-893b4a6a607b4221a894bf861da7914e.r2.dev/976415494758889.mp4
carried-forward  1343618321028277 c0  → https://pub-893b4a6a607b4221a894bf861da7914e.r2.dev/1343618321028277.mp4
carried-forward  1398785928767527 c0  → https://pub-893b4a6a607b4221a894bf861da7914e.r2.dev/1398785928767527.mp4
uploaded         2072641790002472 c0  (video) ← 2072641790002472.mp4  → https://pub-893b4a6a607b4221a894bf861da7914e.r2.dev/2072641790002472.mp4
carried-forward  1180858917538667 c0  → https://pub-893b4a6a607b4221a894bf861da7914e.r2.dev/1180858917538667.mp4
carried-forward  1768520967841938 c0  → https://pub-893b4a6a607b4221a894bf861da7914e.r2.dev/1768520967841938.mp4
carried-forward  2115711899302070 c0  → https://pub-893b4a6a607b4221a894bf861da7914e.r2.dev/2115711899302070.mp4
carried-forward  2022895481654272 c0  → https://pub-893b4a6a607b4221a894bf861da7914e.r2.dev/2022895481654272.mp4
carried-forward  1653266972572375 c0  → https://pub-893b4a6a607b4221a894bf861da7914e.r2.dev/1653266972572375.mp4
carried-forward  1309794577224111 c0  → https://pub-893b4a6a607b4221a894bf861da7914e.r2.dev/1309794577224111.mp4
carried-forward  997772296021988 c0  → https://pub-893b4a6a607b4221a894bf861da7914e.r2.dev/997772296021988.mp4
carried-forward  2283416315525470 c0  → https://pub-893b4a6a607b4221a894bf861da7914e.r2.dev/2283416315525470.mp4
carried-forward  4417889835093243 c0  → https://pub-893b4a6a607b4221a894bf861da7914e.r2.dev/4417889835093243.mp4
carried-forward  2449851418795282 c0  → https://pub-893b4a6a607b4221a894bf861da7914e.r2.dev/2449851418795282.mp4
carried-forward  1715672729575216 c0  → https://pub-893b4a6a607b4221a894bf861da7914e.r2.dev/1715672729575216.mp4
carried-forward  1009692828663783 c0  → https://pub-893b4a6a607b4221a894bf861da7914e.r2.dev/1009692828663783.mp4
carried-forward  1021016460829374 c0  → https://pub-893b4a6a607b4221a894bf861da7914e.r2.dev/1021016460829374.mp4
carried-forward  1638633277213440 c0  → https://pub-893b4a6a607b4221a894bf861da7914e.r2.dev/1638633277213440.mp4
carried-forward  1007429928523695 c0  → https://pub-893b4a6a607b4221a894bf861da7914e.r2.dev/1007429928523695.mp4
carried-forward  964868699756081 c0  → https://pub-893b4a6a607b4221a894bf861da7914e.r2.dev/964868699756081.mp4
carried-forward  1589202742765592 c0  → https://pub-893b4a6a607b4221a894bf861da7914e.r2.dev/1589202742765592.mp4
carried-forward  4477634102480911 c0  → https://pub-893b4a6a607b4221a894bf861da7914e.r2.dev/4477634102480911.mp4
carried-forward  2055380618414066 c0  → https://pub-893b4a6a607b4221a894bf861da7914e.r2.dev/2055380618414066.mp4
carried-forward  1520781036409487 c0  → https://pub-893b4a6a607b4221a894bf861da7914e.r2.dev/1520781036409487.mp4
carried-forward  1723894481984654 c0  → https://pub-893b4a6a607b4221a894bf861da7914e.r2.dev/1723894481984654.mp4
carried-forward  1745362563139608 c0  → https://pub-893b4a6a607b4221a894bf861da7914e.r2.dev/1745362563139608.mp4
carried-forward  2170024763762226 c0  → https://pub-893b4a6a607b4221a894bf861da7914e.r2.dev/2170024763762226.mp4
video-missing    2170024763762226 c0  (expected file not found in facebook/videos/mysivi-2026-07-23)
carried-forward  1023230697042440 c0  → https://pub-893b4a6a607b4221a894bf861da7914e.r2.dev/1023230697042440.mp4
carried-forward  1821541971857301 c0  → https://pub-893b4a6a607b4221a894bf861da7914e.r2.dev/1821541971857301.mp4
carried-forward  1629916878227863 c0  → https://pub-893b4a6a607b4221a894bf861da7914e.r2.dev/1629916878227863.mp4
video-missing    1629916878227863 c0  (expected file not found in facebook/videos/mysivi-2026-07-23)
carried-forward  1328303576164022 c0  → https://pub-893b4a6a607b4221a894bf861da7914e.r2.dev/1328303576164022.mp4
carried-forward  2055311675060653 c0  → https://pub-893b4a6a607b4221a894bf861da7914e.r2.dev/2055311675060653.mp4
carried-forward  1495371791578869 c0  → https://pub-893b4a6a607b4221a894bf861da7914e.r2.dev/1495371791578869.mp4
carried-forward  1031828975884379 c0  → https://pub-893b4a6a607b4221a894bf861da7914e.r2.dev/1031828975884379.mp4
carried-forward  857178280603055 c0  → https://pub-893b4a6a607b4221a894bf861da7914e.r2.dev/857178280603055.mp4
carried-forward  3744208775720827 c0  → https://pub-893b4a6a607b4221a894bf861da7914e.r2.dev/3744208775720827.mp4
carried-forward  2218103228975794 c0  → https://pub-893b4a6a607b4221a894bf861da7914e.r2.dev/2218103228975794.mp4
carried-forward  1456203896191010 c0  → https://pub-893b4a6a607b4221a894bf861da7914e.r2.dev/1456203896191010.mp4
carried-forward  1318147317052647 c0  → https://pub-893b4a6a607b4221a894bf861da7914e.r2.dev/1318147317052647.mp4
carried-forward  1066706762446975 c0  → https://pub-893b4a6a607b4221a894bf861da7914e.r2.dev/1066706762446975.mp4
carried-forward  1743764743641583 c0  → https://pub-893b4a6a607b4221a894bf861da7914e.r2.dev/1743764743641583.mp4
uploaded         895804140250181 c0  (video) ← 895804140250181.mp4  → https://pub-893b4a6a607b4221a894bf861da7914e.r2.dev/895804140250181.mp4
carried-forward  27118656051128063 c0  → https://pub-893b4a6a607b4221a894bf861da7914e.r2.dev/27118656051128063.mp4
carried-forward  1501933281301258 c0  → https://pub-893b4a6a607b4221a894bf861da7914e.r2.dev/1501933281301258.mp4
carried-forward  1716636932996555 c0  → https://pub-893b4a6a607b4221a894bf861da7914e.r2.dev/1716636932996555.mp4
carried-forward  1034557015750885 c0  → https://pub-893b4a6a607b4221a894bf861da7914e.r2.dev/1034557015750885.mp4
carried-forward  1333689152005636 c0  → https://pub-893b4a6a607b4221a894bf861da7914e.r2.dev/1333689152005636.mp4
video-missing    1333689152005636 c0  (expected file not found in facebook/videos/mysivi-2026-07-23)
carried-forward  1028000876348662 c0  → https://pub-893b4a6a607b4221a894bf861da7914e.r2.dev/1028000876348662.mp4
video-missing    1028000876348662 c0  (expected file not found in facebook/videos/mysivi-2026-07-23)
carried-forward  3040928739429154 c0  → https://pub-893b4a6a607b4221a894bf861da7914e.r2.dev/3040928739429154.mp4
carried-forward  913322904387855 c0  → https://pub-893b4a6a607b4221a894bf861da7914e.r2.dev/913322904387855.mp4
carried-forward  1467853225362250 c0  → https://pub-893b4a6a607b4221a894bf861da7914e.r2.dev/1467853225362250.mp4
carried-forward  2005158646795279 c0  → https://pub-893b4a6a607b4221a894bf861da7914e.r2.dev/2005158646795279.mp4
video-missing    2005158646795279 c0  (expected file not found in facebook/videos/mysivi-2026-07-23)
carried-forward  1707087620309775 c0  → https://pub-893b4a6a607b4221a894bf861da7914e.r2.dev/1707087620309775.mp4
carried-forward  1041656581576064 c0  → https://pub-893b4a6a607b4221a894bf861da7914e.r2.dev/1041656581576064.mp4
carried-forward  1722407235776727 c0  → https://pub-893b4a6a607b4221a894bf861da7914e.r2.dev/1722407235776727.mp4
carried-forward  1333385425587562 c0  → https://pub-893b4a6a607b4221a894bf861da7914e.r2.dev/1333385425587562.mp4
carried-forward  1190311767492347 c0  → https://pub-893b4a6a607b4221a894bf861da7914e.r2.dev/1190311767492347.mp4
carried-forward  1515274726915164 c0  → https://pub-893b4a6a607b4221a894bf861da7914e.r2.dev/1515274726915164.mp4
carried-forward  1052294620675495 c0  → https://pub-893b4a6a607b4221a894bf861da7914e.r2.dev/1052294620675495.mp4
carried-forward  2082321505965509 c0  → https://pub-893b4a6a607b4221a894bf861da7914e.r2.dev/2082321505965509.mp4
carried-forward  1370051505229812 c0  → https://pub-893b4a6a607b4221a894bf861da7914e.r2.dev/1370051505229812.mp4
carried-forward  1408704754649191 c0  → https://pub-893b4a6a607b4221a894bf861da7914e.r2.dev/1408704754649191.mp4
carried-forward  1566601798458309 c0  → https://pub-893b4a6a607b4221a894bf861da7914e.r2.dev/1566601798458309.mp4
carried-forward  1333888141658865 c0  → https://pub-893b4a6a607b4221a894bf861da7914e.r2.dev/1333888141658865.mp4
carried-forward  27541996625450142 c0  → https://pub-893b4a6a607b4221a894bf861da7914e.r2.dev/27541996625450142.mp4
carried-forward  1949596042419757 c0  → https://pub-893b4a6a607b4221a894bf861da7914e.r2.dev/1949596042419757.mp4
carried-forward  1686428452614838 c0  → https://pub-893b4a6a607b4221a894bf861da7914e.r2.dev/1686428452614838.mp4
carried-forward  1036902655744540 c0  → https://pub-893b4a6a607b4221a894bf861da7914e.r2.dev/1036902655744540.mp4
carried-forward  1303531384827707 c0  → https://pub-893b4a6a607b4221a894bf861da7914e.r2.dev/1303531384827707.mp4
carried-forward  921561040223124 c0  → https://pub-893b4a6a607b4221a894bf861da7914e.r2.dev/921561040223124.mp4
carried-forward  906295575153157 c0  → https://pub-893b4a6a607b4221a894bf861da7914e.r2.dev/906295575153157.mp4
carried-forward  1305419434597035 c0  → https://pub-893b4a6a607b4221a894bf861da7914e.r2.dev/1305419434597035.mp4
carried-forward  1333336645673502 c0  → https://pub-893b4a6a607b4221a894bf861da7914e.r2.dev/1333336645673502.mp4
carried-forward  806088175124414 c0  → https://pub-893b4a6a607b4221a894bf861da7914e.r2.dev/806088175124414.mp4
carried-forward  1383559700336079 c0  → https://pub-893b4a6a607b4221a894bf861da7914e.r2.dev/1383559700336079.mp4
carried-forward  1759065448559633 c0  → https://pub-893b4a6a607b4221a894bf861da7914e.r2.dev/1759065448559633.mp4
carried-forward  4480054552314369 c0  → https://pub-893b4a6a607b4221a894bf861da7914e.r2.dev/4480054552314369.mp4
carried-forward  1566648721832741 c0  → https://pub-893b4a6a607b4221a894bf861da7914e.r2.dev/1566648721832741.mp4
carried-forward  1000699919023827 c0  → https://pub-893b4a6a607b4221a894bf861da7914e.r2.dev/1000699919023827.mp4
carried-forward  1034296769500218 c0  → https://pub-893b4a6a607b4221a894bf861da7914e.r2.dev/1034296769500218.mp4
carried-forward  2048133642757940 c0  → https://pub-893b4a6a607b4221a894bf861da7914e.r2.dev/2048133642757940.mp4
carried-forward  1036713882556906 c0  → https://pub-893b4a6a607b4221a894bf861da7914e.r2.dev/1036713882556906.mp4
carried-forward  2552805618465565 c0  → https://pub-893b4a6a607b4221a894bf861da7914e.r2.dev/2552805618465565.mp4
uploaded         2599842487143428 c0  (video) ← 2599842487143428.mp4  → https://pub-893b4a6a607b4221a894bf861da7914e.r2.dev/2599842487143428.mp4
carried-forward  2435355316947973 c0  → https://pub-893b4a6a607b4221a894bf861da7914e.r2.dev/2435355316947973.mp4
carried-forward  1482736313641865 c0  → https://pub-893b4a6a607b4221a894bf861da7914e.r2.dev/1482736313641865.mp4
carried-forward  2613267625798015 c0  → https://pub-893b4a6a607b4221a894bf861da7914e.r2.dev/2613267625798015.mp4
carried-forward  1704823930768714 c0  → https://pub-893b4a6a607b4221a894bf861da7914e.r2.dev/1704823930768714.mp4
carried-forward  2052251475379045 c0  → https://pub-893b4a6a607b4221a894bf861da7914e.r2.dev/2052251475379045.mp4
carried-forward  28217579561178628 c0  → https://pub-893b4a6a607b4221a894bf861da7914e.r2.dev/28217579561178628.mp4
carried-forward  1715101206484522 c0  → https://pub-893b4a6a607b4221a894bf861da7914e.r2.dev/1715101206484522.mp4
carried-forward  1657322453071694 c0  → https://pub-893b4a6a607b4221a894bf861da7914e.r2.dev/1657322453071694.mp4
carried-forward  1626399899098571 c0  → https://pub-893b4a6a607b4221a894bf861da7914e.r2.dev/1626399899098571.mp4
carried-forward  2003440013616763 c0  → https://pub-893b4a6a607b4221a894bf861da7914e.r2.dev/2003440013616763.mp4
carried-forward  1554485366140069 c0  → https://pub-893b4a6a607b4221a894bf861da7914e.r2.dev/1554485366140069.mp4
carried-forward  901183979117748 c0  → https://pub-893b4a6a607b4221a894bf861da7914e.r2.dev/901183979117748.mp4
carried-forward  1928920321155271 c0  → https://pub-893b4a6a607b4221a894bf861da7914e.r2.dev/1928920321155271.mp4
carried-forward  1011883754981246 c0  → https://pub-893b4a6a607b4221a894bf861da7914e.r2.dev/1011883754981246.mp4
carried-forward  910270424777090 c0  → https://pub-893b4a6a607b4221a894bf861da7914e.r2.dev/910270424777090.mp4
carried-forward  1918813405360264 c0  → https://pub-893b4a6a607b4221a894bf861da7914e.r2.dev/1918813405360264.mp4
carried-forward  1711860356386275 c0  → https://pub-893b4a6a607b4221a894bf861da7914e.r2.dev/1711860356386275.mp4
carried-forward  1732003657990702 c0  → https://pub-893b4a6a607b4221a894bf861da7914e.r2.dev/1732003657990702.mp4
carried-forward  2211330509658422 c0  → https://pub-893b4a6a607b4221a894bf861da7914e.r2.dev/2211330509658422.mp4
carried-forward  1369777645325202 c0  → https://pub-893b4a6a607b4221a894bf861da7914e.r2.dev/1369777645325202.mp4
carried-forward  1315717786948125 c0  → https://pub-893b4a6a607b4221a894bf861da7914e.r2.dev/1315717786948125.mp4
carried-forward  2073261763310999 c0  → https://pub-893b4a6a607b4221a894bf861da7914e.r2.dev/2073261763310999.mp4
carried-forward  2090422001831932 c0  → https://pub-893b4a6a607b4221a894bf861da7914e.r2.dev/2090422001831932.mp4
carried-forward  1052345123896184 c0  → https://pub-893b4a6a607b4221a894bf861da7914e.r2.dev/1052345123896184.mp4
carried-forward  895780556893298 c0  → https://pub-893b4a6a607b4221a894bf861da7914e.r2.dev/895780556893298.mp4
carried-forward  1550541486529189 c0  → https://pub-893b4a6a607b4221a894bf861da7914e.r2.dev/1550541486529189.mp4
carried-forward  1729599038461357 c0  → https://pub-893b4a6a607b4221a894bf861da7914e.r2.dev/1729599038461357.mp4
carried-forward  1031377202977771 c0  → https://pub-893b4a6a607b4221a894bf861da7914e.r2.dev/1031377202977771.mp4
carried-forward  1683483102760155 c0  → https://pub-893b4a6a607b4221a894bf861da7914e.r2.dev/1683483102760155.mp4
carried-forward  1660114861745010 c0  → https://pub-893b4a6a607b4221a894bf861da7914e.r2.dev/1660114861745010.mp4
carried-forward  1027951646392994 c0  → https://pub-893b4a6a607b4221a894bf861da7914e.r2.dev/1027951646392994.mp4
carried-forward  3509471232550291 c0  → https://pub-893b4a6a607b4221a894bf861da7914e.r2.dev/3509471232550291.mp4
carried-forward  2359051344919172 c0  → https://pub-893b4a6a607b4221a894bf861da7914e.r2.dev/2359051344919172.mp4
carried-forward  37582371944687090 c0  → https://pub-893b4a6a607b4221a894bf861da7914e.r2.dev/37582371944687090.mp4
uploaded         1932606267450184 c0  (video) ← 1932606267450184.mp4  → https://pub-893b4a6a607b4221a894bf861da7914e.r2.dev/1932606267450184.mp4
carried-forward  1541665034090974 c0  → https://pub-893b4a6a607b4221a894bf861da7914e.r2.dev/1541665034090974.mp4
carried-forward  1879358693043015 c0  → https://pub-893b4a6a607b4221a894bf861da7914e.r2.dev/1879358693043015.mp4
carried-forward  2476513599524372 c0  → https://pub-893b4a6a607b4221a894bf861da7914e.r2.dev/2476513599524372.mp4
uploaded         1055334707058475 c0  (video) ← 1055334707058475.mp4  → https://pub-893b4a6a607b4221a894bf861da7914e.r2.dev/1055334707058475.mp4
carried-forward  1504897837819150 c0  → https://pub-893b4a6a607b4221a894bf861da7914e.r2.dev/1504897837819150.mp4
carried-forward  1650079819366116 c0  → https://pub-893b4a6a607b4221a894bf861da7914e.r2.dev/1650079819366116.mp4
carried-forward  1845750346108706 c0  → https://pub-893b4a6a607b4221a894bf861da7914e.r2.dev/1845750346108706.mp4
carried-forward  2148658262364093 c0  → https://pub-893b4a6a607b4221a894bf861da7914e.r2.dev/2148658262364093.mp4
carried-forward  2469306593530142 c0  → https://pub-893b4a6a607b4221a894bf861da7914e.r2.dev/2469306593530142.mp4
video-missing    2469306593530142 c0  (expected file not found in facebook/videos/mysivi-2026-07-23)
carried-forward  1466438068588297 c0  → https://pub-893b4a6a607b4221a894bf861da7914e.r2.dev/1466438068588297.mp4
video-missing    1466438068588297 c0  (expected file not found in facebook/videos/mysivi-2026-07-23)
video-missing    1466438068588297 c0  (expected file not found in facebook/videos/mysivi-2026-07-23)
carried-forward  3471950609648062 c0  → https://pub-893b4a6a607b4221a894bf861da7914e.r2.dev/3471950609648062.mp4
carried-forward  1618806246614208 c0  → https://pub-893b4a6a607b4221a894bf861da7914e.r2.dev/1618806246614208.mp4
carried-forward  2485257738582032 c0  → https://pub-893b4a6a607b4221a894bf861da7914e.r2.dev/2485257738582032.mp4
carried-forward  2411773012629776 c0  → https://pub-893b4a6a607b4221a894bf861da7914e.r2.dev/2411773012629776.mp4
video-missing    2411773012629776 c0  (expected file not found in facebook/videos/mysivi-2026-07-23)
video-missing    2411773012629776 c0  (expected file not found in facebook/videos/mysivi-2026-07-23)
carried-forward  2208276953242683 c0  → https://pub-893b4a6a607b4221a894bf861da7914e.r2.dev/2208276953242683.mp4
carried-forward  1365096822098347 c0  → https://pub-893b4a6a607b4221a894bf861da7914e.r2.dev/1365096822098347.mp4
video-missing    1365096822098347 c0  (expected file not found in facebook/videos/mysivi-2026-07-23)
video-missing    1365096822098347 c0  (expected file not found in facebook/videos/mysivi-2026-07-23)
carried-forward  1260189796267400 c0  → https://pub-893b4a6a607b4221a894bf861da7914e.r2.dev/1260189796267400.mp4
carried-forward  2036534961078679 c0  → https://pub-893b4a6a607b4221a894bf861da7914e.r2.dev/2036534961078679.mp4
carried-forward  885982111176708 c0  → https://pub-893b4a6a607b4221a894bf861da7914e.r2.dev/885982111176708.mp4
carried-forward  1579256663181765 c0  → https://pub-893b4a6a607b4221a894bf861da7914e.r2.dev/1579256663181765.mp4
video-missing    1579256663181765 c0  (expected file not found in facebook/videos/mysivi-2026-07-23)
video-missing    1579256663181765 c0  (expected file not found in facebook/videos/mysivi-2026-07-23)
video-missing    1579256663181765 c0  (expected file not found in facebook/videos/mysivi-2026-07-23)
carried-forward  2094961914403268 c0  → https://pub-893b4a6a607b4221a894bf861da7914e.r2.dev/2094961914403268.mp4
carried-forward  974298155593175 c0  → https://pub-893b4a6a607b4221a894bf861da7914e.r2.dev/974298155593175.mp4
carried-forward  2490035064776770 c0  → https://pub-893b4a6a607b4221a894bf861da7914e.r2.dev/2490035064776770.mp4
carried-forward  1647671449602821 c0  → https://pub-893b4a6a607b4221a894bf861da7914e.r2.dev/1647671449602821.mp4
carried-forward  2830223587356205 c0  → https://pub-893b4a6a607b4221a894bf861da7914e.r2.dev/2830223587356205.mp4
carried-forward  973738558531150 c0  → https://pub-893b4a6a607b4221a894bf861da7914e.r2.dev/973738558531150.mp4
video-missing    973738558531150 c0  (expected file not found in facebook/videos/mysivi-2026-07-23)
carried-forward  1481880370348464 c0  → https://pub-893b4a6a607b4221a894bf861da7914e.r2.dev/1481880370348464.mp4
carried-forward  802916655974862 c0  → https://pub-893b4a6a607b4221a894bf861da7914e.r2.dev/802916655974862.mp4
carried-forward  814453281403568 c0  → https://pub-893b4a6a607b4221a894bf861da7914e.r2.dev/814453281403568.mp4
carried-forward  2167680567421618 c0  → https://pub-893b4a6a607b4221a894bf861da7914e.r2.dev/2167680567421618.mp4
carried-forward  1462266312313546 c0  → https://pub-893b4a6a607b4221a894bf861da7914e.r2.dev/1462266312313546.mp4
video-missing    1462266312313546 c0  (expected file not found in facebook/videos/mysivi-2026-07-23)
carried-forward  1895734594401619 c0  → https://pub-893b4a6a607b4221a894bf861da7914e.r2.dev/1895734594401619.mp4
video-missing    1895734594401619 c0  (expected file not found in facebook/videos/mysivi-2026-07-23)
carried-forward  844541795395576 c0  → https://pub-893b4a6a607b4221a894bf861da7914e.r2.dev/844541795395576.mp4
carried-forward  3132125810322366 c0  → https://pub-893b4a6a607b4221a894bf861da7914e.r2.dev/3132125810322366.mp4
carried-forward  2405799469887575 c0  → https://pub-893b4a6a607b4221a894bf861da7914e.r2.dev/2405799469887575.mp4
carried-forward  27478872208429452 c0  → https://pub-893b4a6a607b4221a894bf861da7914e.r2.dev/27478872208429452.mp4
carried-forward  1881472959194180 c0  → https://pub-893b4a6a607b4221a894bf861da7914e.r2.dev/1881472959194180.mp4
carried-forward  931068273002235 c0  → https://pub-893b4a6a607b4221a894bf861da7914e.r2.dev/931068273002235.mp4
video-missing    931068273002235 c0  (expected file not found in facebook/videos/mysivi-2026-07-23)
carried-forward  2887456054938336 c0  → https://pub-893b4a6a607b4221a894bf861da7914e.r2.dev/2887456054938336.mp4
carried-forward  1359225819350762 c0  → https://pub-893b4a6a607b4221a894bf861da7914e.r2.dev/1359225819350762.mp4
video-missing    1359225819350762 c0  (expected file not found in facebook/videos/mysivi-2026-07-23)
carried-forward  2088006562104631 c0  → https://pub-893b4a6a607b4221a894bf861da7914e.r2.dev/2088006562104631.mp4
carried-forward  26627886823532573 c0  → https://pub-893b4a6a607b4221a894bf861da7914e.r2.dev/26627886823532573.mp4
carried-forward  824655086830758 c0  → https://pub-893b4a6a607b4221a894bf861da7914e.r2.dev/824655086830758.mp4
carried-forward  969193632529719 c0  → https://pub-893b4a6a607b4221a894bf861da7914e.r2.dev/969193632529719.mp4
video-missing    969193632529719 c0  (expected file not found in facebook/videos/mysivi-2026-07-23)
carried-forward  2001837147872826 c0  → https://pub-893b4a6a607b4221a894bf861da7914e.r2.dev/2001837147872826.mp4
video-missing    2001837147872826 c0  (expected file not found in facebook/videos/mysivi-2026-07-23)
carried-forward  36996275276638007 c0  → https://pub-893b4a6a607b4221a894bf861da7914e.r2.dev/36996275276638007.mp4
video-missing    36996275276638007 c0  (expected file not found in facebook/videos/mysivi-2026-07-23)
carried-forward  1494309539375322 c0  → https://pub-893b4a6a607b4221a894bf861da7914e.r2.dev/1494309539375322.mp4
carried-forward  4605887246308314 c0  → https://pub-893b4a6a607b4221a894bf861da7914e.r2.dev/4605887246308314.mp4
carried-forward  1384519936752533 c0  → https://pub-893b4a6a607b4221a894bf861da7914e.r2.dev/1384519936752533.mp4
carried-forward  27555463007445812 c0  → https://pub-893b4a6a607b4221a894bf861da7914e.r2.dev/27555463007445812.mp4
carried-forward  26997230736567251 c0  → https://pub-893b4a6a607b4221a894bf861da7914e.r2.dev/26997230736567251.mp4
carried-forward  4373904222920501 c0  → https://pub-893b4a6a607b4221a894bf861da7914e.r2.dev/4373904222920501.mp4
video-missing    4373904222920501 c0  (expected file not found in facebook/videos/mysivi-2026-07-23)
carried-forward  1046324861155505 c0  → https://pub-893b4a6a607b4221a894bf861da7914e.r2.dev/1046324861155505.mp4
carried-forward  1592647208460957 c0  → https://pub-893b4a6a607b4221a894bf861da7914e.r2.dev/1592647208460957.mp4
carried-forward  2076263683310488 c0  → https://pub-893b4a6a607b4221a894bf861da7914e.r2.dev/2076263683310488.mp4
carried-forward  1012991731254264 c0  → https://pub-893b4a6a607b4221a894bf861da7914e.r2.dev/1012991731254264.mp4
carried-forward  3633154320158711 c0  → https://pub-893b4a6a607b4221a894bf861da7914e.r2.dev/3633154320158711.mp4
carried-forward  2369751233551128 c0  → https://pub-893b4a6a607b4221a894bf861da7914e.r2.dev/2369751233551128.mp4
carried-forward  2165925787635529 c0  → https://pub-893b4a6a607b4221a894bf861da7914e.r2.dev/2165925787635529.mp4
carried-forward  2122374098623124 c0  → https://pub-893b4a6a607b4221a894bf861da7914e.r2.dev/2122374098623124.mp4
carried-forward  27870967279188093 c0  → https://pub-893b4a6a607b4221a894bf861da7914e.r2.dev/27870967279188093.mp4
carried-forward  801068813064626 c0  → https://pub-893b4a6a607b4221a894bf861da7914e.r2.dev/801068813064626.mp4
carried-forward  1276672411312388 c0  → https://pub-893b4a6a607b4221a894bf861da7914e.r2.dev/1276672411312388.mp4
carried-forward  4691227711105054 c0  → https://pub-893b4a6a607b4221a894bf861da7914e.r2.dev/4691227711105054.mp4
carried-forward  1601352417781439 c0  → https://pub-893b4a6a607b4221a894bf861da7914e.r2.dev/1601352417781439.mp4
video-missing    1601352417781439 c0  (expected file not found in facebook/videos/mysivi-2026-07-23)
carried-forward  1552891233073638 c0  → https://pub-893b4a6a607b4221a894bf861da7914e.r2.dev/1552891233073638.mp4
carried-forward  1629788641378720 c0  → https://pub-893b4a6a607b4221a894bf861da7914e.r2.dev/1629788641378720.mp4
carried-forward  1629788641378720 c0  → https://pub-893b4a6a607b4221a894bf861da7914e.r2.dev/1629788641378720.mp4
carried-forward  833176272826506 c0  → https://pub-893b4a6a607b4221a894bf861da7914e.r2.dev/833176272826506.mp4
carried-forward  1391181806394158 c0  → https://pub-893b4a6a607b4221a894bf861da7914e.r2.dev/1391181806394158.mp4
carried-forward  1451670662800433 c0  → https://pub-893b4a6a607b4221a894bf861da7914e.r2.dev/1451670662800433.mp4
carried-forward  2089858311743087 c0  → https://pub-893b4a6a607b4221a894bf861da7914e.r2.dev/2089858311743087.mp4
carried-forward  1374646177816716 c0  → https://pub-893b4a6a607b4221a894bf861da7914e.r2.dev/1374646177816716.mp4
carried-forward  2873166289694383 c0  → https://pub-893b4a6a607b4221a894bf861da7914e.r2.dev/2873166289694383.mp4
carried-forward  1614783906399545 c0  → https://pub-893b4a6a607b4221a894bf861da7914e.r2.dev/1614783906399545.mp4
carried-forward  2152369525523856 c0  → https://pub-893b4a6a607b4221a894bf861da7914e.r2.dev/2152369525523856.mp4
carried-forward  26797446529949002 c0  → https://pub-893b4a6a607b4221a894bf861da7914e.r2.dev/26797446529949002.mp4
carried-forward  3588472361291704 c0  → https://pub-893b4a6a607b4221a894bf861da7914e.r2.dev/3588472361291704.mp4
carried-forward  995431933016008 c0  → https://pub-893b4a6a607b4221a894bf861da7914e.r2.dev/995431933016008.mp4
video-missing    995431933016008 c0  (expected file not found in facebook/videos/mysivi-2026-07-23)
video-missing    995431933016008 c0  (expected file not found in facebook/videos/mysivi-2026-07-23)
carried-forward  1699159654789405 c0  → https://pub-893b4a6a607b4221a894bf861da7914e.r2.dev/1699159654789405.mp4
carried-forward  2150303552176321 c0  → https://pub-893b4a6a607b4221a894bf861da7914e.r2.dev/2150303552176321.mp4
carried-forward  1514363137003205 c0  → https://pub-893b4a6a607b4221a894bf861da7914e.r2.dev/1514363137003205.mp4
carried-forward  710773818697429 c0  → https://pub-893b4a6a607b4221a894bf861da7914e.r2.dev/710773818697429.mp4
carried-forward  710773818697429 c0  → https://pub-893b4a6a607b4221a894bf861da7914e.r2.dev/710773818697429.mp4
carried-forward  1509492873884162 c0  → https://pub-893b4a6a607b4221a894bf861da7914e.r2.dev/1509492873884162.mp4
carried-forward  2917136741819239 c0  → https://pub-893b4a6a607b4221a894bf861da7914e.r2.dev/2917136741819239.mp4
carried-forward  4379684485635761 c0  → https://pub-893b4a6a607b4221a894bf861da7914e.r2.dev/4379684485635761.mp4
carried-forward  4424951174408834 c0  → https://pub-893b4a6a607b4221a894bf861da7914e.r2.dev/4424951174408834.mp4
carried-forward  2762140594167075 c0  → https://pub-893b4a6a607b4221a894bf861da7914e.r2.dev/2762140594167075.mp4
carried-forward  913708375108214 c0  → https://pub-893b4a6a607b4221a894bf861da7914e.r2.dev/913708375108214.mp4
carried-forward  1547254686967064 c0  → https://pub-893b4a6a607b4221a894bf861da7914e.r2.dev/1547254686967064.mp4
carried-forward  2825882494450497 c0  → https://pub-893b4a6a607b4221a894bf861da7914e.r2.dev/2825882494450497.mp4
carried-forward  1041936391705026 c0  → https://pub-893b4a6a607b4221a894bf861da7914e.r2.dev/1041936391705026.mp4
carried-forward  896357360163326 c0  → https://pub-893b4a6a607b4221a894bf861da7914e.r2.dev/896357360163326.mp4
carried-forward  1197447455800650 c0  → https://pub-893b4a6a607b4221a894bf861da7914e.r2.dev/1197447455800650.mp4
carried-forward  1563811045465196 c0  → https://pub-893b4a6a607b4221a894bf861da7914e.r2.dev/1563811045465196.mp4
carried-forward  948895811548301 c0  → https://pub-893b4a6a607b4221a894bf861da7914e.r2.dev/948895811548301.mp4
carried-forward  1014061348216455 c0  → https://pub-893b4a6a607b4221a894bf861da7914e.r2.dev/1014061348216455.mp4
carried-forward  2203490913744323 c0  → https://pub-893b4a6a607b4221a894bf861da7914e.r2.dev/2203490913744323.mp4
carried-forward  1809893426537022 c0  → https://pub-893b4a6a607b4221a894bf861da7914e.r2.dev/1809893426537022.mp4
carried-forward  1578894683886185 c0  → https://pub-893b4a6a607b4221a894bf861da7914e.r2.dev/1578894683886185.mp4
carried-forward  1022980537327846 c0  → https://pub-893b4a6a607b4221a894bf861da7914e.r2.dev/1022980537327846.mp4
carried-forward  1954231588789188 c0  → https://pub-893b4a6a607b4221a894bf861da7914e.r2.dev/1954231588789188.mp4
carried-forward  2080924529498984 c0  → https://pub-893b4a6a607b4221a894bf861da7914e.r2.dev/2080924529498984.mp4
carried-forward  1358337029073649 c0  → https://pub-893b4a6a607b4221a894bf861da7914e.r2.dev/1358337029073649.mp4
carried-forward  2131201724130177 c0  → https://pub-893b4a6a607b4221a894bf861da7914e.r2.dev/2131201724130177.mp4
carried-forward  892918537099449 c0  → https://pub-893b4a6a607b4221a894bf861da7914e.r2.dev/892918537099449.mp4
carried-forward  1937045196993952 c0  → https://pub-893b4a6a607b4221a894bf861da7914e.r2.dev/1937045196993952.mp4
carried-forward  27664929793128294 c0  → https://pub-893b4a6a607b4221a894bf861da7914e.r2.dev/27664929793128294.mp4
carried-forward  1457100936224003 c0  → https://pub-893b4a6a607b4221a894bf861da7914e.r2.dev/1457100936224003.mp4
carried-forward  4345009092483673 c0  → https://pub-893b4a6a607b4221a894bf861da7914e.r2.dev/4345009092483673.mp4
carried-forward  1622638588998351 c0  → https://pub-893b4a6a607b4221a894bf861da7914e.r2.dev/1622638588998351.mp4
carried-forward  1625873801849131 c0  → https://pub-893b4a6a607b4221a894bf861da7914e.r2.dev/1625873801849131.mp4
carried-forward  2554854708282850 c0  → https://pub-893b4a6a607b4221a894bf861da7914e.r2.dev/2554854708282850.mp4
carried-forward  1881823485865170 c0  → https://pub-893b4a6a607b4221a894bf861da7914e.r2.dev/1881823485865170.mp4
carried-forward  1020955723980753 c0  → https://pub-893b4a6a607b4221a894bf861da7914e.r2.dev/1020955723980753.mp4
carried-forward  1667331320993644 c0  → https://pub-893b4a6a607b4221a894bf861da7914e.r2.dev/1667331320993644.mp4
carried-forward  1296064569362246 c0  → https://pub-893b4a6a607b4221a894bf861da7914e.r2.dev/1296064569362246.mp4
carried-forward  4296814960579229 c0  → https://pub-893b4a6a607b4221a894bf861da7914e.r2.dev/4296814960579229.mp4
carried-forward  1804914553523178 c0  → https://pub-893b4a6a607b4221a894bf861da7914e.r2.dev/1804914553523178.mp4
carried-forward  1322632423186919 c0  → https://pub-893b4a6a607b4221a894bf861da7914e.r2.dev/1322632423186919.mp4
carried-forward  1495472408716092 c0  → https://pub-893b4a6a607b4221a894bf861da7914e.r2.dev/1495472408716092.mp4
carried-forward  2069716876944639 c0  → https://pub-893b4a6a607b4221a894bf861da7914e.r2.dev/2069716876944639.mp4
carried-forward  991583656829507 c0  → https://pub-893b4a6a607b4221a894bf861da7914e.r2.dev/991583656829507.mp4
carried-forward  27399174499722537 c0  → https://pub-893b4a6a607b4221a894bf861da7914e.r2.dev/27399174499722537.mp4
carried-forward  1744881180042140 c0  → https://pub-893b4a6a607b4221a894bf861da7914e.r2.dev/1744881180042140.mp4
carried-forward  1551302886380850 c0  → https://pub-893b4a6a607b4221a894bf861da7914e.r2.dev/1551302886380850.mp4
carried-forward  4864204520477238 c0  → https://pub-893b4a6a607b4221a894bf861da7914e.r2.dev/4864204520477238.mp4
uploaded         3048599735494177 c0  (video) ← 3048599735494177.mp4  → https://pub-893b4a6a607b4221a894bf861da7914e.r2.dev/3048599735494177.mp4
carried-forward  1316236780725834 c0  → https://pub-893b4a6a607b4221a894bf861da7914e.r2.dev/1316236780725834.mp4
carried-forward  1466073121784359 c0  → https://pub-893b4a6a607b4221a894bf861da7914e.r2.dev/1466073121784359.mp4
carried-forward  1725518458583702 c0  → https://pub-893b4a6a607b4221a894bf861da7914e.r2.dev/1725518458583702.mp4
carried-forward  2184890655679424 c0  → https://pub-893b4a6a607b4221a894bf861da7914e.r2.dev/2184890655679424.mp4
carried-forward  854125160655425 c0  → https://pub-893b4a6a607b4221a894bf861da7914e.r2.dev/854125160655425.mp4
uploaded         879434161483094 c0  (video) ← 879434161483094.mp4  → https://pub-893b4a6a607b4221a894bf861da7914e.r2.dev/879434161483094.mp4
carried-forward  921430964084713 c0  → https://pub-893b4a6a607b4221a894bf861da7914e.r2.dev/921430964084713.mp4
uploaded         1701849391138561 c0  (video) ← 1701849391138561.mp4  → https://pub-893b4a6a607b4221a894bf861da7914e.r2.dev/1701849391138561.mp4
uploaded         885823004584067 c0  (video) ← 885823004584067.mp4  → https://pub-893b4a6a607b4221a894bf861da7914e.r2.dev/885823004584067.mp4
carried-forward  1385877760068537 c0  → https://pub-893b4a6a607b4221a894bf861da7914e.r2.dev/1385877760068537.mp4
uploaded         2030318551181979 c0  (video) ← 2030318551181979.mp4  → https://pub-893b4a6a607b4221a894bf861da7914e.r2.dev/2030318551181979.mp4
uploaded         2252853352206558 c0  (video) ← 2252853352206558.mp4  → https://pub-893b4a6a607b4221a894bf861da7914e.r2.dev/2252853352206558.mp4
uploaded         27478033051890748 c0  (video) ← 27478033051890748.mp4  → https://pub-893b4a6a607b4221a894bf861da7914e.r2.dev/27478033051890748.mp4
uploaded         1185100531359296 c0  (video) ← 1185100531359296.mp4  → https://pub-893b4a6a607b4221a894bf861da7914e.r2.dev/1185100531359296.mp4
uploaded         2478570042659480 c0  (video) ← 2478570042659480.mp4  → https://pub-893b4a6a607b4221a894bf861da7914e.r2.dev/2478570042659480.mp4
uploaded         3998362620467637 c0  (video) ← 3998362620467637.mp4  → https://pub-893b4a6a607b4221a894bf861da7914e.r2.dev/3998362620467637.mp4
uploaded         2313770325697271 c0  (video) ← 2313770325697271.mp4  → https://pub-893b4a6a607b4221a894bf861da7914e.r2.dev/2313770325697271.mp4
uploaded         1576570884083658 c0  (video) ← 1576570884083658.mp4  → https://pub-893b4a6a607b4221a894bf861da7914e.r2.dev/1576570884083658.mp4
uploaded         988218494216091 c0  (video) ← 988218494216091.mp4  → https://pub-893b4a6a607b4221a894bf861da7914e.r2.dev/988218494216091.mp4
carried-forward  884389957937458 c0  → https://pub-893b4a6a607b4221a894bf861da7914e.r2.dev/884389957937458.mp4
uploaded         1377482511192979 c0  (video) ← 1377482511192979.mp4  → https://pub-893b4a6a607b4221a894bf861da7914e.r2.dev/1377482511192979.mp4
carried-forward  4736449376500606 c0  → https://pub-893b4a6a607b4221a894bf861da7914e.r2.dev/4736449376500606.mp4
uploaded         1787336742704639 c0  (video) ← 1787336742704639.mp4  → https://pub-893b4a6a607b4221a894bf861da7914e.r2.dev/1787336742704639.mp4
carried-forward  991969836753167 c0  → https://pub-893b4a6a607b4221a894bf861da7914e.r2.dev/991969836753167.mp4
carried-forward  1002213359108595 c0  → https://pub-893b4a6a607b4221a894bf861da7914e.r2.dev/1002213359108595.mp4
carried-forward  1649360923028143 c0  → https://pub-893b4a6a607b4221a894bf861da7914e.r2.dev/1649360923028143.mp4
carried-forward  2255860308526792 c0  → https://pub-893b4a6a607b4221a894bf861da7914e.r2.dev/2255860308526792.mp4
carried-forward  2082986355966153 c0  → https://pub-893b4a6a607b4221a894bf861da7914e.r2.dev/2082986355966153.mp4
carried-forward  1000224085729870 c0  → https://pub-893b4a6a607b4221a894bf861da7914e.r2.dev/1000224085729870.mp4
carried-forward  1354439693321884 c0  → https://pub-893b4a6a607b4221a894bf861da7914e.r2.dev/1354439693321884.mp4
carried-forward  1324615709836976 c0  → https://pub-893b4a6a607b4221a894bf861da7914e.r2.dev/1324615709836976.mp4
carried-forward  4317955331850740 c0  → https://pub-893b4a6a607b4221a894bf861da7914e.r2.dev/4317955331850740.mp4
carried-forward  2950909778412724 c0  → https://pub-893b4a6a607b4221a894bf861da7914e.r2.dev/2950909778412724.mp4
carried-forward  1462388985537185 c0  → https://pub-893b4a6a607b4221a894bf861da7914e.r2.dev/1462388985537185.mp4
carried-forward  1462388985537185 c0  → https://pub-893b4a6a607b4221a894bf861da7914e.r2.dev/1462388985537185.mp4
carried-forward  1672392883790170 c0  → https://pub-893b4a6a607b4221a894bf861da7914e.r2.dev/1672392883790170.mp4
carried-forward  2433732887048975 c0  → https://pub-893b4a6a607b4221a894bf861da7914e.r2.dev/2433732887048975.mp4
carried-forward  2433732887048975 c0  → https://pub-893b4a6a607b4221a894bf861da7914e.r2.dev/2433732887048975.mp4
carried-forward  952171714657023 c0  → https://pub-893b4a6a607b4221a894bf861da7914e.r2.dev/952171714657023.mp4
carried-forward  952171714657023 c0  → https://pub-893b4a6a607b4221a894bf861da7914e.r2.dev/952171714657023.mp4
carried-forward  952171714657023 c0  → https://pub-893b4a6a607b4221a894bf861da7914e.r2.dev/952171714657023.mp4
carried-forward  1724031045284359 c0  → https://pub-893b4a6a607b4221a894bf861da7914e.r2.dev/1724031045284359.mp4
carried-forward  1302756378351352 c0  → https://pub-893b4a6a607b4221a894bf861da7914e.r2.dev/1302756378351352.mp4
carried-forward  1673435757132082 c0  → https://pub-893b4a6a607b4221a894bf861da7914e.r2.dev/1673435757132082.mp4
carried-forward  1879038982757913 c0  → https://pub-893b4a6a607b4221a894bf861da7914e.r2.dev/1879038982757913.mp4
carried-forward  1879038982757913 c0  → https://pub-893b4a6a607b4221a894bf861da7914e.r2.dev/1879038982757913.mp4
carried-forward  1004328432340165 c0  → https://pub-893b4a6a607b4221a894bf861da7914e.r2.dev/1004328432340165.mp4
video-missing    1004328432340165 c0  (expected file not found in facebook/videos/mysivi-2026-07-23)
carried-forward  1550182959937647 c0  → https://pub-893b4a6a607b4221a894bf861da7914e.r2.dev/1550182959937647.mp4
carried-forward  1000886632936275 c0  → https://pub-893b4a6a607b4221a894bf861da7914e.r2.dev/1000886632936275.mp4
carried-forward  1317716303542292 c0  → https://pub-893b4a6a607b4221a894bf861da7914e.r2.dev/1317716303542292.mp4
carried-forward  1317716303542292 c0  → https://pub-893b4a6a607b4221a894bf861da7914e.r2.dev/1317716303542292.mp4
carried-forward  1317716303542292 c0  → https://pub-893b4a6a607b4221a894bf861da7914e.r2.dev/1317716303542292.mp4
carried-forward  2189182385199241 c0  → https://pub-893b4a6a607b4221a894bf861da7914e.r2.dev/2189182385199241.mp4
carried-forward  1573670451048807 c0  → https://pub-893b4a6a607b4221a894bf861da7914e.r2.dev/1573670451048807.mp4
carried-forward  756325934218747 c0  → https://pub-893b4a6a607b4221a894bf861da7914e.r2.dev/756325934218747.mp4
carried-forward  756325934218747 c0  → https://pub-893b4a6a607b4221a894bf861da7914e.r2.dev/756325934218747.mp4
carried-forward  756325934218747 c0  → https://pub-893b4a6a607b4221a894bf861da7914e.r2.dev/756325934218747.mp4
carried-forward  2117649575649233 c0  → https://pub-893b4a6a607b4221a894bf861da7914e.r2.dev/2117649575649233.mp4
carried-forward  2274001213437445 c0  → https://pub-893b4a6a607b4221a894bf861da7914e.r2.dev/2274001213437445.mp4
carried-forward  1151663514688025 c0  → https://pub-893b4a6a607b4221a894bf861da7914e.r2.dev/1151663514688025.mp4
carried-forward  1151663514688025 c0  → https://pub-893b4a6a607b4221a894bf861da7914e.r2.dev/1151663514688025.mp4
carried-forward  918571931129028 c0  → https://pub-893b4a6a607b4221a894bf861da7914e.r2.dev/918571931129028.mp4
carried-forward  1251362460515133 c0  → https://pub-893b4a6a607b4221a894bf861da7914e.r2.dev/1251362460515133.mp4
carried-forward  1419201076128864 c0  → https://pub-893b4a6a607b4221a894bf861da7914e.r2.dev/1419201076128864.mp4
carried-forward  1359479026142479 c0  → https://pub-893b4a6a607b4221a894bf861da7914e.r2.dev/1359479026142479.mp4
carried-forward  898788299356495 c0  → https://pub-893b4a6a607b4221a894bf861da7914e.r2.dev/898788299356495.mp4
carried-forward  966684345790577 c0  → https://pub-893b4a6a607b4221a894bf861da7914e.r2.dev/966684345790577.mp4
carried-forward  966684345790577 c0  → https://pub-893b4a6a607b4221a894bf861da7914e.r2.dev/966684345790577.mp4
carried-forward  1468850691667452 c0  → https://pub-893b4a6a607b4221a894bf861da7914e.r2.dev/1468850691667452.mp4
carried-forward  2526183224467378 c0  → https://pub-893b4a6a607b4221a894bf861da7914e.r2.dev/2526183224467378.mp4
carried-forward  1465693778484060 c0  → https://pub-893b4a6a607b4221a894bf861da7914e.r2.dev/1465693778484060.mp4
carried-forward  1465693778484060 c0  → https://pub-893b4a6a607b4221a894bf861da7914e.r2.dev/1465693778484060.mp4
carried-forward  862548079706780 c0  → https://pub-893b4a6a607b4221a894bf861da7914e.r2.dev/862548079706780.mp4
carried-forward  1217240273745791 c0  → https://pub-893b4a6a607b4221a894bf861da7914e.r2.dev/1217240273745791.mp4
carried-forward  2005749643347608 c0  → https://pub-893b4a6a607b4221a894bf861da7914e.r2.dev/2005749643347608.mp4
carried-forward  1493763522185565 c0  → https://pub-893b4a6a607b4221a894bf861da7914e.r2.dev/1493763522185565.mp4
carried-forward  2166519527537093 c0  → https://pub-893b4a6a607b4221a894bf861da7914e.r2.dev/2166519527537093.mp4
carried-forward  2166519527537093 c0  → https://pub-893b4a6a607b4221a894bf861da7914e.r2.dev/2166519527537093.mp4
carried-forward  1556007302774309 c0  → https://pub-893b4a6a607b4221a894bf861da7914e.r2.dev/1556007302774309.mp4
carried-forward  2100754480710607 c0  → https://pub-893b4a6a607b4221a894bf861da7914e.r2.dev/2100754480710607.mp4
carried-forward  2100754480710607 c0  → https://pub-893b4a6a607b4221a894bf861da7914e.r2.dev/2100754480710607.mp4
carried-forward  1329210612218365 c0  → https://pub-893b4a6a607b4221a894bf861da7914e.r2.dev/1329210612218365.mp4
carried-forward  1640381997050017 c0  → https://pub-893b4a6a607b4221a894bf861da7914e.r2.dev/1640381997050017.mp4
carried-forward  1447310469919244 c0  → https://pub-893b4a6a607b4221a894bf861da7914e.r2.dev/1447310469919244.mp4
carried-forward  1489985036189726 c0  → https://pub-893b4a6a607b4221a894bf861da7914e.r2.dev/1489985036189726.mp4
carried-forward  1723435745467472 c0  → https://pub-893b4a6a607b4221a894bf861da7914e.r2.dev/1723435745467472.mp4
carried-forward  950800311063469 c0  → https://pub-893b4a6a607b4221a894bf861da7914e.r2.dev/950800311063469.mp4
carried-forward  950800311063469 c0  → https://pub-893b4a6a607b4221a894bf861da7914e.r2.dev/950800311063469.mp4
carried-forward  2443105446101740 c0  → https://pub-893b4a6a607b4221a894bf861da7914e.r2.dev/2443105446101740.mp4
carried-forward  26911484771845811 c0  → https://pub-893b4a6a607b4221a894bf861da7914e.r2.dev/26911484771845811.mp4
carried-forward  993914189728348 c0  → https://pub-893b4a6a607b4221a894bf861da7914e.r2.dev/993914189728348.mp4
carried-forward  993914189728348 c0  → https://pub-893b4a6a607b4221a894bf861da7914e.r2.dev/993914189728348.mp4
carried-forward  1488277815957869 c0  → https://pub-893b4a6a607b4221a894bf861da7914e.r2.dev/1488277815957869.mp4
carried-forward  26855024550751815 c0  → https://pub-893b4a6a607b4221a894bf861da7914e.r2.dev/26855024550751815.mp4
carried-forward  1483317450217895 c0  → https://pub-893b4a6a607b4221a894bf861da7914e.r2.dev/1483317450217895.mp4
carried-forward  785963657528956 c0  → https://pub-893b4a6a607b4221a894bf861da7914e.r2.dev/785963657528956.mp4
carried-forward  2357808904682799 c0  → https://pub-893b4a6a607b4221a894bf861da7914e.r2.dev/2357808904682799.mp4
carried-forward  1446616440491217 c0  → https://pub-893b4a6a607b4221a894bf861da7914e.r2.dev/1446616440491217.mp4
carried-forward  1830510364586523 c0  → https://pub-893b4a6a607b4221a894bf861da7914e.r2.dev/1830510364586523.mp4
carried-forward  4114467625363486 c0  → https://pub-893b4a6a607b4221a894bf861da7914e.r2.dev/4114467625363486.mp4
carried-forward  1613007016632719 c0  → https://pub-893b4a6a607b4221a894bf861da7914e.r2.dev/1613007016632719.mp4
carried-forward  946115641259323 c0  → https://pub-893b4a6a607b4221a894bf861da7914e.r2.dev/946115641259323.mp4
carried-forward  957788610045603 c0  → https://pub-893b4a6a607b4221a894bf861da7914e.r2.dev/957788610045603.mp4
carried-forward  3020933308112561 c0  → https://pub-893b4a6a607b4221a894bf861da7914e.r2.dev/3020933308112561.mp4
carried-forward  1646539509973802 c0  → https://pub-893b4a6a607b4221a894bf861da7914e.r2.dev/1646539509973802.mp4
carried-forward  1519407696310883 c0  → https://pub-893b4a6a607b4221a894bf861da7914e.r2.dev/1519407696310883.mp4
carried-forward  1727757515317683 c0  → https://pub-893b4a6a607b4221a894bf861da7914e.r2.dev/1727757515317683.mp4
carried-forward  900996322983088 c0  → https://pub-893b4a6a607b4221a894bf861da7914e.r2.dev/900996322983088.mp4
carried-forward  729755693462144 c0  → https://pub-893b4a6a607b4221a894bf861da7914e.r2.dev/729755693462144.mp4
carried-forward  987510780712433 c0  → https://pub-893b4a6a607b4221a894bf861da7914e.r2.dev/987510780712433.mp4
carried-forward  904725375680049 c0  → https://pub-893b4a6a607b4221a894bf861da7914e.r2.dev/904725375680049.mp4
carried-forward  904725375680049 c0  → https://pub-893b4a6a607b4221a894bf861da7914e.r2.dev/904725375680049.mp4
carried-forward  4417370535206792 c0  → https://pub-893b4a6a607b4221a894bf861da7914e.r2.dev/4417370535206792.mp4
carried-forward  1566066851151129 c0  → https://pub-893b4a6a607b4221a894bf861da7914e.r2.dev/1566066851151129.mp4
carried-forward  1566066851151129 c0  → https://pub-893b4a6a607b4221a894bf861da7914e.r2.dev/1566066851151129.mp4
carried-forward  1945990252717139 c0  → https://pub-893b4a6a607b4221a894bf861da7914e.r2.dev/1945990252717139.mp4
carried-forward  1945990252717139 c0  → https://pub-893b4a6a607b4221a894bf861da7914e.r2.dev/1945990252717139.mp4
carried-forward  4399150483665732 c0  → https://pub-893b4a6a607b4221a894bf861da7914e.r2.dev/4399150483665732.mp4
carried-forward  1003560212405745 c0  → https://pub-893b4a6a607b4221a894bf861da7914e.r2.dev/1003560212405745.mp4
carried-forward  2177734223002124 c0  → https://pub-893b4a6a607b4221a894bf861da7914e.r2.dev/2177734223002124.mp4
carried-forward  2177734223002124 c0  → https://pub-893b4a6a607b4221a894bf861da7914e.r2.dev/2177734223002124.mp4
carried-forward  1549244470145468 c0  → https://pub-893b4a6a607b4221a894bf861da7914e.r2.dev/1549244470145468.mp4
carried-forward  4484862388463954 c0  → https://pub-893b4a6a607b4221a894bf861da7914e.r2.dev/4484862388463954.mp4
carried-forward  2074065876709578 c0  → https://pub-893b4a6a607b4221a894bf861da7914e.r2.dev/2074065876709578.mp4
carried-forward  2074065876709578 c0  → https://pub-893b4a6a607b4221a894bf861da7914e.r2.dev/2074065876709578.mp4
carried-forward  1228674285935228 c0  → https://pub-893b4a6a607b4221a894bf861da7914e.r2.dev/1228674285935228.mp4
carried-forward  1279713767692486 c0  → https://pub-893b4a6a607b4221a894bf861da7914e.r2.dev/1279713767692486.mp4
carried-forward  3565615630257992 c0  → https://pub-893b4a6a607b4221a894bf861da7914e.r2.dev/3565615630257992.mp4
carried-forward  1487582089569840 c0  → https://pub-893b4a6a607b4221a894bf861da7914e.r2.dev/1487582089569840.mp4
carried-forward  999173753014661 c0  → https://pub-893b4a6a607b4221a894bf861da7914e.r2.dev/999173753014661.mp4
carried-forward  1688091312420128 c0  → https://pub-893b4a6a607b4221a894bf861da7914e.r2.dev/1688091312420128.mp4
carried-forward  2041186129918937 c0  → https://pub-893b4a6a607b4221a894bf861da7914e.r2.dev/2041186129918937.mp4
carried-forward  800270126006456 c0  → https://pub-893b4a6a607b4221a894bf861da7914e.r2.dev/800270126006456.mp4
carried-forward  800270126006456 c0  → https://pub-893b4a6a607b4221a894bf861da7914e.r2.dev/800270126006456.mp4
carried-forward  1500440954766383 c0  → https://pub-893b4a6a607b4221a894bf861da7914e.r2.dev/1500440954766383.mp4
carried-forward  2022432844996505 c0  → https://pub-893b4a6a607b4221a894bf861da7914e.r2.dev/2022432844996505.mp4
carried-forward  2022432844996505 c0  → https://pub-893b4a6a607b4221a894bf861da7914e.r2.dev/2022432844996505.mp4
carried-forward  2046521053414270 c0  → https://pub-893b4a6a607b4221a894bf861da7914e.r2.dev/2046521053414270.mp4
carried-forward  924032526923654 c0  → https://pub-893b4a6a607b4221a894bf861da7914e.r2.dev/924032526923654.mp4
carried-forward  1073287218597045 c0  → https://pub-893b4a6a607b4221a894bf861da7914e.r2.dev/1073287218597045.mp4
carried-forward  1519183813092055 c0  → https://pub-893b4a6a607b4221a894bf861da7914e.r2.dev/1519183813092055.mp4
carried-forward  1519183813092055 c0  → https://pub-893b4a6a607b4221a894bf861da7914e.r2.dev/1519183813092055.mp4
carried-forward  1475858567904314 c0  → https://pub-893b4a6a607b4221a894bf861da7914e.r2.dev/1475858567904314.mp4
carried-forward  1908887576440838 c0  → https://pub-893b4a6a607b4221a894bf861da7914e.r2.dev/1908887576440838.mp4
carried-forward  1383075593778326 c0  → https://pub-893b4a6a607b4221a894bf861da7914e.r2.dev/1383075593778326.mp4
carried-forward  910782815316789 c0  → https://pub-893b4a6a607b4221a894bf861da7914e.r2.dev/910782815316789.mp4
carried-forward  2297502617724305 c0  → https://pub-893b4a6a607b4221a894bf861da7914e.r2.dev/2297502617724305.mp4
carried-forward  1479617270512913 c0  → https://pub-893b4a6a607b4221a894bf861da7914e.r2.dev/1479617270512913.mp4
carried-forward  1845837336078860 c0  → https://pub-893b4a6a607b4221a894bf861da7914e.r2.dev/1845837336078860.mp4
carried-forward  3579639172177315 c0  → https://pub-893b4a6a607b4221a894bf861da7914e.r2.dev/3579639172177315.mp4
carried-forward  1576814414108205 c0  → https://pub-893b4a6a607b4221a894bf861da7914e.r2.dev/1576814414108205.mp4
carried-forward  1309732577713094 c0  → https://pub-893b4a6a607b4221a894bf861da7914e.r2.dev/1309732577713094.mp4
carried-forward  1309732577713094 c0  → https://pub-893b4a6a607b4221a894bf861da7914e.r2.dev/1309732577713094.mp4
carried-forward  1320611019512097 c0  → https://pub-893b4a6a607b4221a894bf861da7914e.r2.dev/1320611019512097.mp4
carried-forward  997022883087739 c0  → https://pub-893b4a6a607b4221a894bf861da7914e.r2.dev/997022883087739.mp4
carried-forward  875974765160444 c0  → https://pub-893b4a6a607b4221a894bf861da7914e.r2.dev/875974765160444.mp4
carried-forward  4431614993832806 c0  → https://pub-893b4a6a607b4221a894bf861da7914e.r2.dev/4431614993832806.mp4
carried-forward  942686628450568 c0  → https://pub-893b4a6a607b4221a894bf861da7914e.r2.dev/942686628450568.mp4
carried-forward  2068717307413498 c0  → https://pub-893b4a6a607b4221a894bf861da7914e.r2.dev/2068717307413498.mp4
carried-forward  1632329607836948 c0  → https://pub-893b4a6a607b4221a894bf861da7914e.r2.dev/1632329607836948.mp4
carried-forward  2481838565641346 c0  → https://pub-893b4a6a607b4221a894bf861da7914e.r2.dev/2481838565641346.mp4
carried-forward  2484924922027616 c0  → https://pub-893b4a6a607b4221a894bf861da7914e.r2.dev/2484924922027616.mp4
carried-forward  964006336699189 c0  → https://pub-893b4a6a607b4221a894bf861da7914e.r2.dev/964006336699189.mp4
carried-forward  799742366537014 c0  → https://pub-893b4a6a607b4221a894bf861da7914e.r2.dev/799742366537014.mp4
carried-forward  985748657421231 c0  → https://pub-893b4a6a607b4221a894bf861da7914e.r2.dev/985748657421231.mp4
carried-forward  1328550119348358 c0  → https://pub-893b4a6a607b4221a894bf861da7914e.r2.dev/1328550119348358.mp4
carried-forward  1353854373327103 c0  → https://pub-893b4a6a607b4221a894bf861da7914e.r2.dev/1353854373327103.mp4
carried-forward  896452666256389 c0  → https://pub-893b4a6a607b4221a894bf861da7914e.r2.dev/896452666256389.mp4
carried-forward  1033588875808662 c0  → https://pub-893b4a6a607b4221a894bf861da7914e.r2.dev/1033588875808662.mp4
carried-forward  1009046084971725 c0  → https://pub-893b4a6a607b4221a894bf861da7914e.r2.dev/1009046084971725.mp4
carried-forward  1336360118703269 c0  → https://pub-893b4a6a607b4221a894bf861da7914e.r2.dev/1336360118703269.mp4
carried-forward  2803667676699889 c0  → https://pub-893b4a6a607b4221a894bf861da7914e.r2.dev/2803667676699889.mp4
carried-forward  1569308344811935 c0  → https://pub-893b4a6a607b4221a894bf861da7914e.r2.dev/1569308344811935.mp4
carried-forward  1294567352842633 c0  → https://pub-893b4a6a607b4221a894bf861da7914e.r2.dev/1294567352842633.mp4
uploaded         1397017188948010 c0  (video) ← 1397017188948010.mp4  → https://pub-893b4a6a607b4221a894bf861da7914e.r2.dev/1397017188948010.mp4
carried-forward  1333019749026574 c0  → https://pub-893b4a6a607b4221a894bf861da7914e.r2.dev/1333019749026574.mp4
carried-forward  1021794423727284 c0  → https://pub-893b4a6a607b4221a894bf861da7914e.r2.dev/1021794423727284.mp4
carried-forward  1001681479395485 c0  → https://pub-893b4a6a607b4221a894bf861da7914e.r2.dev/1001681479395485.mp4
carried-forward  1737714797251229 c0  → https://pub-893b4a6a607b4221a894bf861da7914e.r2.dev/1737714797251229.mp4
carried-forward  906155989174508 c0  → https://pub-893b4a6a607b4221a894bf861da7914e.r2.dev/906155989174508.mp4
carried-forward  1947964345921439 c0  → https://pub-893b4a6a607b4221a894bf861da7914e.r2.dev/1947964345921439.mp4
carried-forward  1390650469574906 c0  → https://pub-893b4a6a607b4221a894bf861da7914e.r2.dev/1390650469574906.mp4
carried-forward  1553576133463016 c0  → https://pub-893b4a6a607b4221a894bf861da7914e.r2.dev/1553576133463016.mp4
carried-forward  4309710132600481 c0  → https://pub-893b4a6a607b4221a894bf861da7914e.r2.dev/4309710132600481.mp4
carried-forward  865021369735757 c0  → https://pub-893b4a6a607b4221a894bf861da7914e.r2.dev/865021369735757.mp4
carried-forward  1543728940622838 c0  → https://pub-893b4a6a607b4221a894bf861da7914e.r2.dev/1543728940622838.mp4
carried-forward  943077205374197 c0  → https://pub-893b4a6a607b4221a894bf861da7914e.r2.dev/943077205374197.mp4
carried-forward  4653828711556777 c0  → https://pub-893b4a6a607b4221a894bf861da7914e.r2.dev/4653828711556777.mp4
carried-forward  1859263245479102 c0  → https://pub-893b4a6a607b4221a894bf861da7914e.r2.dev/1859263245479102.mp4
carried-forward  3945112472464750 c0  → https://pub-893b4a6a607b4221a894bf861da7914e.r2.dev/3945112472464750.mp4
uploaded         1778032323615661 c0  (video) ← 1778032323615661.mp4  → https://pub-893b4a6a607b4221a894bf861da7914e.r2.dev/1778032323615661.mp4
carried-forward  4428980064084164 c0  → https://pub-893b4a6a607b4221a894bf861da7914e.r2.dev/4428980064084164.mp4
carried-forward  1362425338765111 c0  → https://pub-893b4a6a607b4221a894bf861da7914e.r2.dev/1362425338765111.mp4
carried-forward  2071175277128307 c0  → https://pub-893b4a6a607b4221a894bf861da7914e.r2.dev/2071175277128307.mp4
carried-forward  1992672564704181 c0  → https://pub-893b4a6a607b4221a894bf861da7914e.r2.dev/1992672564704181.mp4
carried-forward  3537464443073397 c0  → https://pub-893b4a6a607b4221a894bf861da7914e.r2.dev/3537464443073397.mp4
uploaded         2217852878980457 c0  (video) ← 2217852878980457.mp4  → https://pub-893b4a6a607b4221a894bf861da7914e.r2.dev/2217852878980457.mp4
carried-forward  1007273092091197 c0  → https://pub-893b4a6a607b4221a894bf861da7914e.r2.dev/1007273092091197.mp4
carried-forward  1811555383342285 c0  → https://pub-893b4a6a607b4221a894bf861da7914e.r2.dev/1811555383342285.mp4
carried-forward  1615229393365342 c0  → https://pub-893b4a6a607b4221a894bf861da7914e.r2.dev/1615229393365342.mp4
carried-forward  1028969276395071 c0  → https://pub-893b4a6a607b4221a894bf861da7914e.r2.dev/1028969276395071.mp4
carried-forward  3763859290433616 c0  → https://pub-893b4a6a607b4221a894bf861da7914e.r2.dev/3763859290433616.mp4
carried-forward  2320234441716303 c0  → https://pub-893b4a6a607b4221a894bf861da7914e.r2.dev/2320234441716303.mp4
carried-forward  1821081245521709 c0  → https://pub-893b4a6a607b4221a894bf861da7914e.r2.dev/1821081245521709.mp4
carried-forward  920684857670148 c0  → https://pub-893b4a6a607b4221a894bf861da7914e.r2.dev/920684857670148.mp4
carried-forward  1677552406571209 c0  → https://pub-893b4a6a607b4221a894bf861da7914e.r2.dev/1677552406571209.mp4
carried-forward  970702658955414 c0  → https://pub-893b4a6a607b4221a894bf861da7914e.r2.dev/970702658955414.mp4
carried-forward  1257639629903436 c0  → https://pub-893b4a6a607b4221a894bf861da7914e.r2.dev/1257639629903436.mp4
carried-forward  1660631924974339 c0  → https://pub-893b4a6a607b4221a894bf861da7914e.r2.dev/1660631924974339.mp4
carried-forward  2094624967986267 c0  → https://pub-893b4a6a607b4221a894bf861da7914e.r2.dev/2094624967986267.mp4
carried-forward  1458602939352865 c0  → https://pub-893b4a6a607b4221a894bf861da7914e.r2.dev/1458602939352865.mp4
carried-forward  928550653256515 c0  → https://pub-893b4a6a607b4221a894bf861da7914e.r2.dev/928550653256515.mp4
carried-forward  1897474770928730 c0  → https://pub-893b4a6a607b4221a894bf861da7914e.r2.dev/1897474770928730.mp4
carried-forward  755788270889411 c0  → https://pub-893b4a6a607b4221a894bf861da7914e.r2.dev/755788270889411.mp4
carried-forward  2154159342046433 c0  → https://pub-893b4a6a607b4221a894bf861da7914e.r2.dev/2154159342046433.mp4
carried-forward  2154159342046433 c0  → https://pub-893b4a6a607b4221a894bf861da7914e.r2.dev/2154159342046433.mp4
carried-forward  4216193448647693 c0  → https://pub-893b4a6a607b4221a894bf861da7914e.r2.dev/4216193448647693.mp4
carried-forward  1280146903794468 c0  → https://pub-893b4a6a607b4221a894bf861da7914e.r2.dev/1280146903794468.mp4
carried-forward  960123896753761 c0  → https://pub-893b4a6a607b4221a894bf861da7914e.r2.dev/960123896753761.mp4
carried-forward  2701220936928037 c0  → https://pub-893b4a6a607b4221a894bf861da7914e.r2.dev/2701220936928037.mp4
carried-forward  2701220936928037 c0  → https://pub-893b4a6a607b4221a894bf861da7914e.r2.dev/2701220936928037.mp4
carried-forward  1686679699000031 c0  → https://pub-893b4a6a607b4221a894bf861da7914e.r2.dev/1686679699000031.mp4
carried-forward  1643092743565496 c0  → https://pub-893b4a6a607b4221a894bf861da7914e.r2.dev/1643092743565496.mp4
carried-forward  876285282244370 c0  → https://pub-893b4a6a607b4221a894bf861da7914e.r2.dev/876285282244370.mp4
carried-forward  979450941709260 c0  → https://pub-893b4a6a607b4221a894bf861da7914e.r2.dev/979450941709260.mp4
carried-forward  1679656313349867 c0  → https://pub-893b4a6a607b4221a894bf861da7914e.r2.dev/1679656313349867.mp4
carried-forward  1979317382961809 c0  → https://pub-893b4a6a607b4221a894bf861da7914e.r2.dev/1979317382961809.mp4
carried-forward  1652974085821089 c0  → https://pub-893b4a6a607b4221a894bf861da7914e.r2.dev/1652974085821089.mp4
carried-forward  876595381443358 c0  → https://pub-893b4a6a607b4221a894bf861da7914e.r2.dev/876595381443358.mp4
carried-forward  876595381443358 c0  → https://pub-893b4a6a607b4221a894bf861da7914e.r2.dev/876595381443358.mp4
carried-forward  876595381443358 c0  → https://pub-893b4a6a607b4221a894bf861da7914e.r2.dev/876595381443358.mp4
carried-forward  876595381443358 c0  → https://pub-893b4a6a607b4221a894bf861da7914e.r2.dev/876595381443358.mp4
carried-forward  920193407589752 c0  → https://pub-893b4a6a607b4221a894bf861da7914e.r2.dev/920193407589752.mp4
carried-forward  960381926780829 c0  → https://pub-893b4a6a607b4221a894bf861da7914e.r2.dev/960381926780829.mp4
carried-forward  960381926780829 c0  → https://pub-893b4a6a607b4221a894bf861da7914e.r2.dev/960381926780829.mp4
carried-forward  2505171623253330 c0  → https://pub-893b4a6a607b4221a894bf861da7914e.r2.dev/2505171623253330.mp4
carried-forward  986710711203181 c0  → https://pub-893b4a6a607b4221a894bf861da7914e.r2.dev/986710711203181.mp4
carried-forward  4500291830191736 c0  → https://pub-893b4a6a607b4221a894bf861da7914e.r2.dev/4500291830191736.mp4
carried-forward  1124450573189262 c0  → https://pub-893b4a6a607b4221a894bf861da7914e.r2.dev/1124450573189262.mp4
carried-forward  26670396275954443 c0  → https://pub-893b4a6a607b4221a894bf861da7914e.r2.dev/26670396275954443.mp4
carried-forward  1648971856222147 c0  → https://pub-893b4a6a607b4221a894bf861da7914e.r2.dev/1648971856222147.mp4
carried-forward  1648971856222147 c0  → https://pub-893b4a6a607b4221a894bf861da7914e.r2.dev/1648971856222147.mp4
carried-forward  26342476628786885 c0  → https://pub-893b4a6a607b4221a894bf861da7914e.r2.dev/26342476628786885.mp4
carried-forward  955990643908718 c0  → https://pub-893b4a6a607b4221a894bf861da7914e.r2.dev/955990643908718.mp4
carried-forward  1306231228368803 c0  → https://pub-893b4a6a607b4221a894bf861da7914e.r2.dev/1306231228368803.mp4
carried-forward  1447730720180243 c0  → https://pub-893b4a6a607b4221a894bf861da7914e.r2.dev/1447730720180243.mp4
carried-forward  869097026219993 c0  → https://pub-893b4a6a607b4221a894bf861da7914e.r2.dev/869097026219993.mp4
carried-forward  869097026219993 c0  → https://pub-893b4a6a607b4221a894bf861da7914e.r2.dev/869097026219993.mp4
carried-forward  4641390749474437 c0  → https://pub-893b4a6a607b4221a894bf861da7914e.r2.dev/4641390749474437.mp4
carried-forward  1285376607017338 c0  → https://pub-893b4a6a607b4221a894bf861da7914e.r2.dev/1285376607017338.mp4
carried-forward  2012642789330329 c0  → https://pub-893b4a6a607b4221a894bf861da7914e.r2.dev/2012642789330329.mp4
carried-forward  1315308839934589 c0  → https://pub-893b4a6a607b4221a894bf861da7914e.r2.dev/1315308839934589.mp4
carried-forward  896100040116048 c0  → https://pub-893b4a6a607b4221a894bf861da7914e.r2.dev/896100040116048.mp4
carried-forward  1357559996224113 c0  → https://pub-893b4a6a607b4221a894bf861da7914e.r2.dev/1357559996224113.mp4
carried-forward  1473242320615654 c0  → https://pub-893b4a6a607b4221a894bf861da7914e.r2.dev/1473242320615654.mp4
carried-forward  4213597842242138 c0  → https://pub-893b4a6a607b4221a894bf861da7914e.r2.dev/4213597842242138.mp4
carried-forward  4213597842242138 c0  → https://pub-893b4a6a607b4221a894bf861da7914e.r2.dev/4213597842242138.mp4
carried-forward  1714158716684403 c0  → https://pub-893b4a6a607b4221a894bf861da7914e.r2.dev/1714158716684403.mp4
carried-forward  1293320999431833 c0  → https://pub-893b4a6a607b4221a894bf861da7914e.r2.dev/1293320999431833.mp4
carried-forward  1618813365848433 c0  → https://pub-893b4a6a607b4221a894bf861da7914e.r2.dev/1618813365848433.mp4
carried-forward  930019113406036 c0  → https://pub-893b4a6a607b4221a894bf861da7914e.r2.dev/930019113406036.mp4
carried-forward  998686606028867 c0  → https://pub-893b4a6a607b4221a894bf861da7914e.r2.dev/998686606028867.mp4
carried-forward  1251420677073716 c0  → https://pub-893b4a6a607b4221a894bf861da7914e.r2.dev/1251420677073716.mp4
carried-forward  1539307817777791 c0  → https://pub-893b4a6a607b4221a894bf861da7914e.r2.dev/1539307817777791.mp4
carried-forward  2220176722113512 c0  → https://pub-893b4a6a607b4221a894bf861da7914e.r2.dev/2220176722113512.mp4
carried-forward  2903421953330894 c0  → https://pub-893b4a6a607b4221a894bf861da7914e.r2.dev/2903421953330894.mp4
carried-forward  2536968253428776 c0  → https://pub-893b4a6a607b4221a894bf861da7914e.r2.dev/2536968253428776.mp4
carried-forward  2536968253428776 c0  → https://pub-893b4a6a607b4221a894bf861da7914e.r2.dev/2536968253428776.mp4
carried-forward  1331606945546433 c0  → https://pub-893b4a6a607b4221a894bf861da7914e.r2.dev/1331606945546433.mp4
carried-forward  981223431511398 c0  → https://pub-893b4a6a607b4221a894bf861da7914e.r2.dev/981223431511398.mp4
carried-forward  1928379848037642 c0  → https://pub-893b4a6a607b4221a894bf861da7914e.r2.dev/1928379848037642.mp4
carried-forward  1293550505557455 c0  → https://pub-893b4a6a607b4221a894bf861da7914e.r2.dev/1293550505557455.mp4
carried-forward  734480859685959 c0  → https://pub-893b4a6a607b4221a894bf861da7914e.r2.dev/734480859685959.mp4
carried-forward  1296087632102451 c0  → https://pub-893b4a6a607b4221a894bf861da7914e.r2.dev/1296087632102451.mp4
carried-forward  3170929749745269 c0  → https://pub-893b4a6a607b4221a894bf861da7914e.r2.dev/3170929749745269.mp4
carried-forward  1676825953767096 c0  → https://pub-893b4a6a607b4221a894bf861da7914e.r2.dev/1676825953767096.mp4
carried-forward  2269969620499402 c0  → https://pub-893b4a6a607b4221a894bf861da7914e.r2.dev/2269969620499402.mp4
carried-forward  1333116955395722 c0  → https://pub-893b4a6a607b4221a894bf861da7914e.r2.dev/1333116955395722.mp4
carried-forward  1984310748856010 c0  → https://pub-893b4a6a607b4221a894bf861da7914e.r2.dev/1984310748856010.mp4
carried-forward  1505238367859240 c0  → https://pub-893b4a6a607b4221a894bf861da7914e.r2.dev/1505238367859240.mp4
carried-forward  1685365425953446 c0  → https://pub-893b4a6a607b4221a894bf861da7914e.r2.dev/1685365425953446.mp4
carried-forward  1711858133333416 c0  → https://pub-893b4a6a607b4221a894bf861da7914e.r2.dev/1711858133333416.mp4
carried-forward  992457370127075 c0  → https://pub-893b4a6a607b4221a894bf861da7914e.r2.dev/992457370127075.mp4
carried-forward  1464662801454982 c0  → https://pub-893b4a6a607b4221a894bf861da7914e.r2.dev/1464662801454982.mp4
carried-forward  2282035235538969 c0  → https://pub-893b4a6a607b4221a894bf861da7914e.r2.dev/2282035235538969.mp4
carried-forward  966215432889068 c0  → https://pub-893b4a6a607b4221a894bf861da7914e.r2.dev/966215432889068.mp4
carried-forward  1441837924379258 c0  → https://pub-893b4a6a607b4221a894bf861da7914e.r2.dev/1441837924379258.mp4
video-missing    1441837924379258 c0  (expected file not found in facebook/videos/mysivi-2026-07-23)
video-missing    1441837924379258 c0  (expected file not found in facebook/videos/mysivi-2026-07-23)
video-missing    1441837924379258 c0  (expected file not found in facebook/videos/mysivi-2026-07-23)
carried-forward  1976761133717281 c0  → https://pub-893b4a6a607b4221a894bf861da7914e.r2.dev/1976761133717281.mp4
carried-forward  1237252241877883 c0  → https://pub-893b4a6a607b4221a894bf861da7914e.r2.dev/1237252241877883.mp4
carried-forward  2046992506702404 c0  → https://pub-893b4a6a607b4221a894bf861da7914e.r2.dev/2046992506702404.mp4
carried-forward  1655623609191725 c0  → https://pub-893b4a6a607b4221a894bf861da7914e.r2.dev/1655623609191725.mp4
carried-forward  1604451180614858 c0  → https://pub-893b4a6a607b4221a894bf861da7914e.r2.dev/1604451180614858.mp4
carried-forward  1360864449473527 c0  → https://pub-893b4a6a607b4221a894bf861da7914e.r2.dev/1360864449473527.mp4
carried-forward  1221948466595673 c0  → https://pub-893b4a6a607b4221a894bf861da7914e.r2.dev/1221948466595673.mp4
carried-forward  4001385613487843 c0  → https://pub-893b4a6a607b4221a894bf861da7914e.r2.dev/4001385613487843.mp4
carried-forward  2010892052833632 c0  → https://pub-893b4a6a607b4221a894bf861da7914e.r2.dev/2010892052833632.mp4
carried-forward  1261771975661596 c0  → https://pub-893b4a6a607b4221a894bf861da7914e.r2.dev/1261771975661596.mp4
image-pending    988304977213852 c0  (HANDOVER §8.5 — image handling not yet built)
carried-forward  2025556014723907 c0  → https://pub-893b4a6a607b4221a894bf861da7914e.r2.dev/2025556014723907.mp4
video-missing    2025556014723907 c0  (expected file not found in facebook/videos/mysivi-2026-07-23)
carried-forward  26125248277177953 c0  → https://pub-893b4a6a607b4221a894bf861da7914e.r2.dev/26125248277177953.mp4
carried-forward  973966135458716 c0  → https://pub-893b4a6a607b4221a894bf861da7914e.r2.dev/973966135458716.mp4
carried-forward  1701651697935230 c0  → https://pub-893b4a6a607b4221a894bf861da7914e.r2.dev/1701651697935230.mp4
carried-forward  1506950921002125 c0  → https://pub-893b4a6a607b4221a894bf861da7914e.r2.dev/1506950921002125.mp4
carried-forward  1685447422464956 c0  → https://pub-893b4a6a607b4221a894bf861da7914e.r2.dev/1685447422464956.mp4
carried-forward  2651389682039809 c0  → https://pub-893b4a6a607b4221a894bf861da7914e.r2.dev/2651389682039809.mp4
carried-forward  894479153624093 c0  → https://pub-893b4a6a607b4221a894bf861da7914e.r2.dev/894479153624093.mp4
carried-forward  2283934309081080 c0  → https://pub-893b4a6a607b4221a894bf861da7914e.r2.dev/2283934309081080.mp4
carried-forward  1270866117980436 c0  → https://pub-893b4a6a607b4221a894bf861da7914e.r2.dev/1270866117980436.mp4
carried-forward  822019604253506 c0  → https://pub-893b4a6a607b4221a894bf861da7914e.r2.dev/822019604253506.mp4
carried-forward  1426083295944608 c0  → https://pub-893b4a6a607b4221a894bf861da7914e.r2.dev/1426083295944608.mp4
video-missing    1426083295944608 c0  (expected file not found in facebook/videos/mysivi-2026-07-23)
carried-forward  1013466967686150 c0  → https://pub-893b4a6a607b4221a894bf861da7914e.r2.dev/1013466967686150.mp4
carried-forward  2032891297303956 c0  → https://pub-893b4a6a607b4221a894bf861da7914e.r2.dev/2032891297303956.mp4
image-pending    2369886946820201 c0  (HANDOVER §8.5 — image handling not yet built)
carried-forward  4194859790776644 c0  → https://pub-893b4a6a607b4221a894bf861da7914e.r2.dev/4194859790776644.mp4
video-missing    4194859790776644 c0  (expected file not found in facebook/videos/mysivi-2026-07-23)
carried-forward  1539289234374609 c0  → https://pub-893b4a6a607b4221a894bf861da7914e.r2.dev/1539289234374609.mp4
video-missing    1539289234374609 c0  (expected file not found in facebook/videos/mysivi-2026-07-23)
carried-forward  949401928124787 c0  → https://pub-893b4a6a607b4221a894bf861da7914e.r2.dev/949401928124787.mp4
video-missing    949401928124787 c0  (expected file not found in facebook/videos/mysivi-2026-07-23)
carried-forward  1959256218044145 c0  → https://pub-893b4a6a607b4221a894bf861da7914e.r2.dev/1959256218044145.mp4
image-pending    1505253420458938 c0  (HANDOVER §8.5 — image handling not yet built)
image-pending    1505253420458938 c0  (HANDOVER §8.5 — image handling not yet built)
image-pending    1505253420458938 c0  (HANDOVER §8.5 — image handling not yet built)
image-pending    1505253420458938 c0  (HANDOVER §8.5 — image handling not yet built)
image-pending    1505253420458938 c0  (HANDOVER §8.5 — image handling not yet built)
image-pending    1505253420458938 c0  (HANDOVER §8.5 — image handling not yet built)
image-pending    1505253420458938 c0  (HANDOVER §8.5 — image handling not yet built)
image-pending    1505253420458938 c0  (HANDOVER §8.5 — image handling not yet built)
image-pending    1505253420458938 c0  (HANDOVER §8.5 — image handling not yet built)
carried-forward  1007026405568796 c0  → https://pub-893b4a6a607b4221a894bf861da7914e.r2.dev/1007026405568796.mp4
carried-forward  1285052750370956 c0  → https://pub-893b4a6a607b4221a894bf861da7914e.r2.dev/1285052750370956.mp4
video-missing    1285052750370956 c0  (expected file not found in facebook/videos/mysivi-2026-07-23)
image-pending    2219698875434552 c0  (HANDOVER §8.5 — image handling not yet built)
carried-forward  2103335600244021 c0  → https://pub-893b4a6a607b4221a894bf861da7914e.r2.dev/2103335600244021.mp4
video-missing    2103335600244021 c0  (expected file not found in facebook/videos/mysivi-2026-07-23)
carried-forward  1500219468062864 c0  → https://pub-893b4a6a607b4221a894bf861da7914e.r2.dev/1500219468062864.mp4
video-missing    1500219468062864 c0  (expected file not found in facebook/videos/mysivi-2026-07-23)
carried-forward  1698309341107859 c0  → https://pub-893b4a6a607b4221a894bf861da7914e.r2.dev/1698309341107859.mp4
video-missing    1698309341107859 c0  (expected file not found in facebook/videos/mysivi-2026-07-23)
carried-forward  881727308209965 c0  → https://pub-893b4a6a607b4221a894bf861da7914e.r2.dev/881727308209965.mp4
uploaded         944087708682343 c0  (video) ← 944087708682343.mp4  → https://pub-893b4a6a607b4221a894bf861da7914e.r2.dev/944087708682343.mp4
video-missing    944087708682343 c0  (expected file not found in facebook/videos/mysivi-2026-07-23)
carried-forward  4376500799334040 c0  → https://pub-893b4a6a607b4221a894bf861da7914e.r2.dev/4376500799334040.mp4
carried-forward  1747733676390712 c0  → https://pub-893b4a6a607b4221a894bf861da7914e.r2.dev/1747733676390712.mp4
carried-forward  4198651363612430 c0  → https://pub-893b4a6a607b4221a894bf861da7914e.r2.dev/4198651363612430.mp4
carried-forward  1203833828468407 c0  → https://pub-893b4a6a607b4221a894bf861da7914e.r2.dev/1203833828468407.mp4
video-missing    1203833828468407 c0  (expected file not found in facebook/videos/mysivi-2026-07-23)
carried-forward  1529031282072857 c0  → https://pub-893b4a6a607b4221a894bf861da7914e.r2.dev/1529031282072857.mp4
carried-forward  27142445162115969 c0  → https://pub-893b4a6a607b4221a894bf861da7914e.r2.dev/27142445162115969.mp4
video-missing    27142445162115969 c0  (expected file not found in facebook/videos/mysivi-2026-07-23)
carried-forward  27900518982873400 c0  → https://pub-893b4a6a607b4221a894bf861da7914e.r2.dev/27900518982873400.mp4
video-missing    27900518982873400 c0  (expected file not found in facebook/videos/mysivi-2026-07-23)
carried-forward  1366412078738199 c0  → https://pub-893b4a6a607b4221a894bf861da7914e.r2.dev/1366412078738199.mp4
carried-forward  2158818621597371 c0  → https://pub-893b4a6a607b4221a894bf861da7914e.r2.dev/2158818621597371.mp4
carried-forward  2027971351400358 c0  → https://pub-893b4a6a607b4221a894bf861da7914e.r2.dev/2027971351400358.mp4
video-missing    2027971351400358 c0  (expected file not found in facebook/videos/mysivi-2026-07-23)
carried-forward  1326976739601447 c0  → https://pub-893b4a6a607b4221a894bf861da7914e.r2.dev/1326976739601447.mp4
video-missing    1326976739601447 c0  (expected file not found in facebook/videos/mysivi-2026-07-23)
carried-forward  1417997426723585 c0  → https://pub-893b4a6a607b4221a894bf861da7914e.r2.dev/1417997426723585.mp4
carried-forward  1531850868952253 c0  → https://pub-893b4a6a607b4221a894bf861da7914e.r2.dev/1531850868952253.mp4
video-missing    1531850868952253 c0  (expected file not found in facebook/videos/mysivi-2026-07-23)
carried-forward  856096134240677 c0  → https://pub-893b4a6a607b4221a894bf861da7914e.r2.dev/856096134240677.mp4
carried-forward  1337846945211681 c0  → https://pub-893b4a6a607b4221a894bf861da7914e.r2.dev/1337846945211681.mp4
carried-forward  1697508867957344 c0  → https://pub-893b4a6a607b4221a894bf861da7914e.r2.dev/1697508867957344.mp4
video-missing    1697508867957344 c0  (expected file not found in facebook/videos/mysivi-2026-07-23)
carried-forward  1285454400239487 c0  → https://pub-893b4a6a607b4221a894bf861da7914e.r2.dev/1285454400239487.mp4
video-missing    1285454400239487 c0  (expected file not found in facebook/videos/mysivi-2026-07-23)
carried-forward  4356269961279689 c0  → https://pub-893b4a6a607b4221a894bf861da7914e.r2.dev/4356269961279689.mp4
carried-forward  27449984598014493 c0  → https://pub-893b4a6a607b4221a894bf861da7914e.r2.dev/27449984598014493.mp4
video-missing    27449984598014493 c0  (expected file not found in facebook/videos/mysivi-2026-07-23)
carried-forward  1411918790772405 c0  → https://pub-893b4a6a607b4221a894bf861da7914e.r2.dev/1411918790772405.mp4
video-missing    1411918790772405 c0  (expected file not found in facebook/videos/mysivi-2026-07-23)
carried-forward  2264451074381832 c0  → https://pub-893b4a6a607b4221a894bf861da7914e.r2.dev/2264451074381832.mp4
video-missing    2264451074381832 c0  (expected file not found in facebook/videos/mysivi-2026-07-23)
carried-forward  27471910039129029 c0  → https://pub-893b4a6a607b4221a894bf861da7914e.r2.dev/27471910039129029.mp4
video-missing    27471910039129029 c0  (expected file not found in facebook/videos/mysivi-2026-07-23)
carried-forward  1533598694928536 c0  → https://pub-893b4a6a607b4221a894bf861da7914e.r2.dev/1533598694928536.mp4
carried-forward  2086674865594339 c0  → https://pub-893b4a6a607b4221a894bf861da7914e.r2.dev/2086674865594339.mp4
carried-forward  1665217161227462 c0  → https://pub-893b4a6a607b4221a894bf861da7914e.r2.dev/1665217161227462.mp4
carried-forward  3234815923356510 c0  → https://pub-893b4a6a607b4221a894bf861da7914e.r2.dev/3234815923356510.mp4
carried-forward  1364644952290351 c0  → https://pub-893b4a6a607b4221a894bf861da7914e.r2.dev/1364644952290351.mp4
carried-forward  1196627679270939 c0  → https://pub-893b4a6a607b4221a894bf861da7914e.r2.dev/1196627679270939.mp4
carried-forward  2464278794092678 c0  → https://pub-893b4a6a607b4221a894bf861da7914e.r2.dev/2464278794092678.mp4
video-missing    2464278794092678 c0  (expected file not found in facebook/videos/mysivi-2026-07-23)
carried-forward  2513061852448246 c0  → https://pub-893b4a6a607b4221a894bf861da7914e.r2.dev/2513061852448246.mp4
video-missing    2513061852448246 c0  (expected file not found in facebook/videos/mysivi-2026-07-23)
carried-forward  1329561352042259 c0  → https://pub-893b4a6a607b4221a894bf861da7914e.r2.dev/1329561352042259.mp4
video-missing    1329561352042259 c0  (expected file not found in facebook/videos/mysivi-2026-07-23)
carried-forward  1486743483231860 c0  → https://pub-893b4a6a607b4221a894bf861da7914e.r2.dev/1486743483231860.mp4
video-missing    1486743483231860 c0  (expected file not found in facebook/videos/mysivi-2026-07-23)
carried-forward  990904177145499 c0  → https://pub-893b4a6a607b4221a894bf861da7914e.r2.dev/990904177145499.mp4
carried-forward  1754274955986427 c0  → https://pub-893b4a6a607b4221a894bf861da7914e.r2.dev/1754274955986427.mp4
carried-forward  1044099954803974 c0  → https://pub-893b4a6a607b4221a894bf861da7914e.r2.dev/1044099954803974.mp4
carried-forward  1524187525284027 c0  → https://pub-893b4a6a607b4221a894bf861da7914e.r2.dev/1524187525284027.mp4
video-missing    1524187525284027 c0  (expected file not found in facebook/videos/mysivi-2026-07-23)
carried-forward  987241837589243 c0  → https://pub-893b4a6a607b4221a894bf861da7914e.r2.dev/987241837589243.mp4
carried-forward  1566984584757722 c0  → https://pub-893b4a6a607b4221a894bf861da7914e.r2.dev/1566984584757722.mp4
carried-forward  804504586081395 c0  → https://pub-893b4a6a607b4221a894bf861da7914e.r2.dev/804504586081395.mp4
video-missing    804504586081395 c0  (expected file not found in facebook/videos/mysivi-2026-07-23)
uploaded         1053626577056829 c0  (video) ← 1053626577056829.mp4  → https://pub-893b4a6a607b4221a894bf861da7914e.r2.dev/1053626577056829.mp4
video-missing    1053626577056829 c0  (expected file not found in facebook/videos/mysivi-2026-07-23)
carried-forward  1488177532625866 c0  → https://pub-893b4a6a607b4221a894bf861da7914e.r2.dev/1488177532625866.mp4
video-missing    1488177532625866 c0  (expected file not found in facebook/videos/mysivi-2026-07-23)
carried-forward  1751232736045166 c0  → https://pub-893b4a6a607b4221a894bf861da7914e.r2.dev/1751232736045166.mp4
video-missing    1751232736045166 c0  (expected file not found in facebook/videos/mysivi-2026-07-23)
carried-forward  2557933771390311 c0  → https://pub-893b4a6a607b4221a894bf861da7914e.r2.dev/2557933771390311.mp4
video-missing    2557933771390311 c0  (expected file not found in facebook/videos/mysivi-2026-07-23)
carried-forward  1575528804273403 c0  → https://pub-893b4a6a607b4221a894bf861da7914e.r2.dev/1575528804273403.mp4
video-missing    1575528804273403 c0  (expected file not found in facebook/videos/mysivi-2026-07-23)
carried-forward  1435007378435198 c0  → https://pub-893b4a6a607b4221a894bf861da7914e.r2.dev/1435007378435198.mp4
carried-forward  2120560765479261 c0  → https://pub-893b4a6a607b4221a894bf861da7914e.r2.dev/2120560765479261.mp4
video-missing    2120560765479261 c0  (expected file not found in facebook/videos/mysivi-2026-07-23)
carried-forward  1701229910915202 c0  → https://pub-893b4a6a607b4221a894bf861da7914e.r2.dev/1701229910915202.mp4
carried-forward  1498010618311701 c0  → https://pub-893b4a6a607b4221a894bf861da7914e.r2.dev/1498010618311701.mp4
uploaded         2497348070781893 c0  (video) ← 2497348070781893.mp4  → https://pub-893b4a6a607b4221a894bf861da7914e.r2.dev/2497348070781893.mp4
video-missing    2497348070781893 c0  (expected file not found in facebook/videos/mysivi-2026-07-23)
carried-forward  1643335220068196 c0  → https://pub-893b4a6a607b4221a894bf861da7914e.r2.dev/1643335220068196.mp4
video-missing    1643335220068196 c0  (expected file not found in facebook/videos/mysivi-2026-07-23)
carried-forward  1745921993212730 c0  → https://pub-893b4a6a607b4221a894bf861da7914e.r2.dev/1745921993212730.mp4
video-missing    1745921993212730 c0  (expected file not found in facebook/videos/mysivi-2026-07-23)
carried-forward  3381267415369431 c0  → https://pub-893b4a6a607b4221a894bf861da7914e.r2.dev/3381267415369431.mp4
carried-forward  945449361864981 c0  → https://pub-893b4a6a607b4221a894bf861da7914e.r2.dev/945449361864981.mp4
video-missing    945449361864981 c0  (expected file not found in facebook/videos/mysivi-2026-07-23)
carried-forward  1503713457497693 c0  → https://pub-893b4a6a607b4221a894bf861da7914e.r2.dev/1503713457497693.mp4
carried-forward  2137954940462709 c0  → https://pub-893b4a6a607b4221a894bf861da7914e.r2.dev/2137954940462709.mp4
carried-forward  1237607391636333 c0  → https://pub-893b4a6a607b4221a894bf861da7914e.r2.dev/1237607391636333.mp4
video-missing    1237607391636333 c0  (expected file not found in facebook/videos/mysivi-2026-07-23)
carried-forward  2254765911993573 c0  → https://pub-893b4a6a607b4221a894bf861da7914e.r2.dev/2254765911993573.mp4
carried-forward  1696213441485674 c0  → https://pub-893b4a6a607b4221a894bf861da7914e.r2.dev/1696213441485674.mp4
carried-forward  1561190932069571 c0  → https://pub-893b4a6a607b4221a894bf861da7914e.r2.dev/1561190932069571.mp4
carried-forward  3417262791780923 c0  → https://pub-893b4a6a607b4221a894bf861da7914e.r2.dev/3417262791780923.mp4
video-missing    3417262791780923 c0  (expected file not found in facebook/videos/mysivi-2026-07-23)
carried-forward  1936504233974224 c0  → https://pub-893b4a6a607b4221a894bf861da7914e.r2.dev/1936504233974224.mp4
video-missing    1936504233974224 c0  (expected file not found in facebook/videos/mysivi-2026-07-23)
carried-forward  1577060027352973 c0  → https://pub-893b4a6a607b4221a894bf861da7914e.r2.dev/1577060027352973.mp4
video-missing    1577060027352973 c0  (expected file not found in facebook/videos/mysivi-2026-07-23)
carried-forward  1356917913035453 c0  → https://pub-893b4a6a607b4221a894bf861da7914e.r2.dev/1356917913035453.mp4
carried-forward  1035287689064420 c0  → https://pub-893b4a6a607b4221a894bf861da7914e.r2.dev/1035287689064420.mp4
carried-forward  1070899655501561 c0  → https://pub-893b4a6a607b4221a894bf861da7914e.r2.dev/1070899655501561.mp4
video-missing    1070899655501561 c0  (expected file not found in facebook/videos/mysivi-2026-07-23)
uploaded         1321818199983690 c0  (video) ← 1321818199983690.mp4  → https://pub-893b4a6a607b4221a894bf861da7914e.r2.dev/1321818199983690.mp4
video-missing    1321818199983690 c0  (expected file not found in facebook/videos/mysivi-2026-07-23)
carried-forward  27370889862538310 c0  → https://pub-893b4a6a607b4221a894bf861da7914e.r2.dev/27370889862538310.mp4
video-missing    27370889862538310 c0  (expected file not found in facebook/videos/mysivi-2026-07-23)
uploaded         1013037908242359 c0  (video) ← 1013037908242359.mp4  → https://pub-893b4a6a607b4221a894bf861da7914e.r2.dev/1013037908242359.mp4
video-missing    1013037908242359 c0  (expected file not found in facebook/videos/mysivi-2026-07-23)
carried-forward  1880518290000645 c0  → https://pub-893b4a6a607b4221a894bf861da7914e.r2.dev/1880518290000645.mp4
carried-forward  1323319003348005 c0  → https://pub-893b4a6a607b4221a894bf861da7914e.r2.dev/1323319003348005.mp4
uploaded         1529120219262282 c0  (video) ← 1529120219262282.mp4  → https://pub-893b4a6a607b4221a894bf861da7914e.r2.dev/1529120219262282.mp4
video-missing    1529120219262282 c0  (expected file not found in facebook/videos/mysivi-2026-07-23)
carried-forward  2025177491700974 c0  → https://pub-893b4a6a607b4221a894bf861da7914e.r2.dev/2025177491700974.mp4
carried-forward  1030481136146801 c0  → https://pub-893b4a6a607b4221a894bf861da7914e.r2.dev/1030481136146801.mp4
carried-forward  898178513330360 c0  → https://pub-893b4a6a607b4221a894bf861da7914e.r2.dev/898178513330360.mp4
video-missing    898178513330360 c0  (expected file not found in facebook/videos/mysivi-2026-07-23)
carried-forward  1824514292291484 c0  → https://pub-893b4a6a607b4221a894bf861da7914e.r2.dev/1824514292291484.mp4
carried-forward  1005304068622912 c0  → https://pub-893b4a6a607b4221a894bf861da7914e.r2.dev/1005304068622912.mp4
carried-forward  867998153048967 c0  → https://pub-893b4a6a607b4221a894bf861da7914e.r2.dev/867998153048967.mp4
carried-forward  1766599254496669 c0  → https://pub-893b4a6a607b4221a894bf861da7914e.r2.dev/1766599254496669.mp4
uploaded         1688666958856300 c0  (video) ← 1688666958856300.mp4  → https://pub-893b4a6a607b4221a894bf861da7914e.r2.dev/1688666958856300.mp4
video-missing    1688666958856300 c0  (expected file not found in facebook/videos/mysivi-2026-07-23)
uploaded         1048264834361579 c0  (video) ← 1048264834361579.mp4  → https://pub-893b4a6a607b4221a894bf861da7914e.r2.dev/1048264834361579.mp4
video-missing    1048264834361579 c0  (expected file not found in facebook/videos/mysivi-2026-07-23)
carried-forward  1687819992273390 c0  → https://pub-893b4a6a607b4221a894bf861da7914e.r2.dev/1687819992273390.mp4
video-missing    1687819992273390 c0  (expected file not found in facebook/videos/mysivi-2026-07-23)
carried-forward  2810278822652488 c0  → https://pub-893b4a6a607b4221a894bf861da7914e.r2.dev/2810278822652488.mp4
carried-forward  1009102995060981 c0  → https://pub-893b4a6a607b4221a894bf861da7914e.r2.dev/1009102995060981.mp4
video-missing    1009102995060981 c0  (expected file not found in facebook/videos/mysivi-2026-07-23)
uploaded         1040805862031843 c0  (video) ← 1040805862031843.mp4  → https://pub-893b4a6a607b4221a894bf861da7914e.r2.dev/1040805862031843.mp4
video-missing    1040805862031843 c0  (expected file not found in facebook/videos/mysivi-2026-07-23)
carried-forward  4312498162343012 c0  → https://pub-893b4a6a607b4221a894bf861da7914e.r2.dev/4312498162343012.mp4
video-missing    4312498162343012 c0  (expected file not found in facebook/videos/mysivi-2026-07-23)
carried-forward  1699215844646404 c0  → https://pub-893b4a6a607b4221a894bf861da7914e.r2.dev/1699215844646404.mp4
uploaded         1757342465445566 c0  (video) ← 1757342465445566.mp4  → https://pub-893b4a6a607b4221a894bf861da7914e.r2.dev/1757342465445566.mp4
video-missing    1757342465445566 c0  (expected file not found in facebook/videos/mysivi-2026-07-23)
carried-forward  1673681533869576 c0  → https://pub-893b4a6a607b4221a894bf861da7914e.r2.dev/1673681533869576.mp4
uploaded         2145777689487329 c0  (video) ← 2145777689487329.mp4  → https://pub-893b4a6a607b4221a894bf861da7914e.r2.dev/2145777689487329.mp4
video-missing    2145777689487329 c0  (expected file not found in facebook/videos/mysivi-2026-07-23)
uploaded         1551559153191913 c0  (video) ← 1551559153191913.mp4  → https://pub-893b4a6a607b4221a894bf861da7914e.r2.dev/1551559153191913.mp4
video-missing    1551559153191913 c0  (expected file not found in facebook/videos/mysivi-2026-07-23)
uploaded         1015252447975353 c0  (video) ← 1015252447975353.mp4  → https://pub-893b4a6a607b4221a894bf861da7914e.r2.dev/1015252447975353.mp4
video-missing    1015252447975353 c0  (expected file not found in facebook/videos/mysivi-2026-07-23)
uploaded         1784127939263777 c0  (video) ← 1784127939263777.mp4  → https://pub-893b4a6a607b4221a894bf861da7914e.r2.dev/1784127939263777.mp4
uploaded         2455611574936029 c0  (video) ← 2455611574936029.mp4  → https://pub-893b4a6a607b4221a894bf861da7914e.r2.dev/2455611574936029.mp4
uploaded         3896634803807313 c0  (video) ← 3896634803807313.mp4  → https://pub-893b4a6a607b4221a894bf861da7914e.r2.dev/3896634803807313.mp4
video-missing    3896634803807313 c0  (expected file not found in facebook/videos/mysivi-2026-07-23)
uploaded         2132263447323624 c0  (video) ← 2132263447323624.mp4  → https://pub-893b4a6a607b4221a894bf861da7914e.r2.dev/2132263447323624.mp4
video-missing    2132263447323624 c0  (expected file not found in facebook/videos/mysivi-2026-07-23)
carried-forward  1019011780991314 c0  → https://pub-893b4a6a607b4221a894bf861da7914e.r2.dev/1019011780991314.mp4
video-missing    1019011780991314 c0  (expected file not found in facebook/videos/mysivi-2026-07-23)
uploaded         1590290355791908 c0  (video) ← 1590290355791908.mp4  → https://pub-893b4a6a607b4221a894bf861da7914e.r2.dev/1590290355791908.mp4
uploaded         2048569302712701 c0  (video) ← 2048569302712701.mp4  → https://pub-893b4a6a607b4221a894bf861da7914e.r2.dev/2048569302712701.mp4
video-missing    2048569302712701 c0  (expected file not found in facebook/videos/mysivi-2026-07-23)
uploaded         968252779579882 c0  (video) ← 968252779579882.mp4  → https://pub-893b4a6a607b4221a894bf861da7914e.r2.dev/968252779579882.mp4
uploaded         961450370300867 c0  (video) ← 961450370300867.mp4  → https://pub-893b4a6a607b4221a894bf861da7914e.r2.dev/961450370300867.mp4
uploaded         2557894881320980 c0  (video) ← 2557894881320980.mp4  → https://pub-893b4a6a607b4221a894bf861da7914e.r2.dev/2557894881320980.mp4
video-missing    2557894881320980 c0  (expected file not found in facebook/videos/mysivi-2026-07-23)
uploaded         2368164010379163 c0  (video) ← 2368164010379163.mp4  → https://pub-893b4a6a607b4221a894bf861da7914e.r2.dev/2368164010379163.mp4
video-missing    2368164010379163 c0  (expected file not found in facebook/videos/mysivi-2026-07-23)
uploaded         1461602659120537 c0  (video) ← 1461602659120537.mp4  → https://pub-893b4a6a607b4221a894bf861da7914e.r2.dev/1461602659120537.mp4
uploaded         1995198677794676 c0  (video) ← 1995198677794676.mp4  → https://pub-893b4a6a607b4221a894bf861da7914e.r2.dev/1995198677794676.mp4
uploaded         1923475275012945 c0  (video) ← 1923475275012945.mp4  → https://pub-893b4a6a607b4221a894bf861da7914e.r2.dev/1923475275012945.mp4
uploaded         1724329035473941 c0  (video) ← 1724329035473941.mp4  → https://pub-893b4a6a607b4221a894bf861da7914e.r2.dev/1724329035473941.mp4
uploaded         1308218921097863 c0  (video) ← 1308218921097863.mp4  → https://pub-893b4a6a607b4221a894bf861da7914e.r2.dev/1308218921097863.mp4
