row_rank,page_rank,competitor_name,advertiser_id,advertiser_name,advertiser_verified_location,target_country,creative_id,creative_url,creative_format,creative_last_shown_date,regions_shown,variant_index,variant_count,ad_headline,ad_description,ad_cta_text,ad_overlay_text,ad_destination_url,youtube_video_id,youtube_video_url,youtube_video_title,youtube_video_description,youtube_channel_name,youtube_video_duration_s,image_url_at_scrape,aspect_ratio,scrape_run_date,error_tag,r2_public_url,first_scrape_run_date,latest_scrape_run_date,competitor_analysis_docx_r2_url,supernova_rewrite_docx_r2_url,competitor_analysis_image_r2_urls,supernova_rewrite_image_r2_urls
1,1,English Seekho,AR02289573295139323905,Keyaro Edutech Private Limited,India,IN,CR00224238326968745985,https://adstransparency.google.com/advertiser/AR02289573295139323905/creative/CR00224238326968745985?region=IN,YouTubeVideo,2026-06-29,2356,0,5,,,,,,,,,,,,,,2026-06-29,html5-banner-no-mp4,,2026-06-29,2026-06-29,,,,
2,2,English Seekho,AR02289573295139323905,Keyaro Edutech Private Limited,India,IN,CR00224238326968745985,https://adstransparency.google.com/advertiser/AR02289573295139323905/creative/CR00224238326968745985?region=IN,YouTubeVideo,2026-06-29,2356,1,5,,,,,,,,,,,,,,2026-06-29,html5-banner-no-mp4,,2026-06-29,2026-06-29,,,,
3,3,English Seekho,AR02289573295139323905,Keyaro Edutech Private Limited,India,IN,CR00224238326968745985,https://adstransparency.google.com/advertiser/AR02289573295139323905/creative/CR00224238326968745985?region=IN,YouTubeVideo,2026-06-29,2356,2,5,,,,,,,,,,,,,00:00,2026-06-29,html5-banner-no-mp4,,2026-06-29,2026-06-29,,,,
4,4,English Seekho,AR02289573295139323905,Keyaro Edutech Private Limited,India,IN,CR00224238326968745985,https://adstransparency.google.com/advertiser/AR02289573295139323905/creative/CR00224238326968745985?region=IN,YouTubeVideo,2026-06-29,2356,3,5,,,,,,,,,,,,,,2026-06-29,html5-banner-no-mp4,,2026-06-29,2026-06-29,,,,
5,5,English Seekho,AR02289573295139323905,Keyaro Edutech Private Limited,India,IN,CR00224238326968745985,https://adstransparency.google.com/advertiser/AR02289573295139323905/creative/CR00224238326968745985?region=IN,YouTubeVideo,2026-06-29,2356,4,5,,,,,,,,,,,,,,2026-06-29,html5-banner-no-mp4,,2026-06-29,2026-06-29,,,,
6,6,English Seekho,AR02289573295139323905,Keyaro Edutech Private Limited,India,IN,CR00284101787298824193,https://adstransparency.google.com/advertiser/AR02289573295139323905/creative/CR00284101787298824193?region=IN,YouTubeVideo,2026-06-29,2356,0,4,,,,,,,,,,,,,00:00,2026-06-29,html5-banner-no-mp4,,2026-06-29,2026-06-29,,,,
7,7,English Seekho,AR02289573295139323905,Keyaro Edutech Private Limited,India,IN,CR00284101787298824193,https://adstransparency.google.com/advertiser/AR02289573295139323905/creative/CR00284101787298824193?region=IN,YouTubeVideo,2026-06-29,2356,1,4,,,,,,,,,,,,,00:00,2026-06-29,html5-banner-no-mp4,,2026-06-29,2026-06-29,,,,
8,8,English Seekho,AR02289573295139323905,Keyaro Edutech Private Limited,India,IN,CR00284101787298824193,https://adstransparency.google.com/advertiser/AR02289573295139323905/creative/CR00284101787298824193?region=IN,YouTubeVideo,2026-06-29,2356,2,4,,,,,,,,,,,,,00:00,2026-06-29,html5-banner-no-mp4,,2026-06-29,2026-06-29,,,,
9,9,English Seekho,AR02289573295139323905,Keyaro Edutech Private Limited,India,IN,CR00284101787298824193,https://adstransparency.google.com/advertiser/AR02289573295139323905/creative/CR00284101787298824193?region=IN,YouTubeVideo,2026-06-29,2356,3,4,,,,,,,,,,,,,,2026-06-29,html5-banner-no-mp4,,2026-06-29,2026-06-29,,,,
10,10,English Seekho,AR02289573295139323905,Keyaro Edutech Private Limited,India,IN,CR00345932273930993665,https://adstransparency.google.com/advertiser/AR02289573295139323905/creative/CR00345932273930993665?region=IN,YouTubeVideo,2026-06-29,2356,0,4,,,,,,,,,,,,,,2026-06-29,html5-banner-no-mp4,,2026-06-29,2026-06-29,,,,
11,11,English Seekho,AR02289573295139323905,Keyaro Edutech Private Limited,India,IN,CR00345932273930993665,https://adstransparency.google.com/advertiser/AR02289573295139323905/creative/CR00345932273930993665?region=IN,YouTubeVideo,2026-06-29,2356,1,4,,,,,,,,,,,,,00:00,2026-06-29,html5-banner-no-mp4,,2026-06-29,2026-06-29,,,,
12,12,English Seekho,AR02289573295139323905,Keyaro Edutech Private Limited,India,IN,CR00345932273930993665,https://adstransparency.google.com/advertiser/AR02289573295139323905/creative/CR00345932273930993665?region=IN,YouTubeVideo,2026-06-29,2356,2,4,इंस्टॉल करें,,,,,,,,,,,,00:00,2026-06-29,html5-banner-no-mp4,,2026-06-29,2026-06-29,,,,
13,13,English Seekho,AR02289573295139323905,Keyaro Edutech Private Limited,India,IN,CR00345932273930993665,https://adstransparency.google.com/advertiser/AR02289573295139323905/creative/CR00345932273930993665?region=IN,YouTubeVideo,2026-06-29,2356,3,4,,,,,,,,,,,,,,2026-06-29,html5-banner-no-mp4,,2026-06-29,2026-06-29,,,,
14,14,English Seekho,AR02289573295139323905,Keyaro Edutech Private Limited,India,IN,CR00379240329427025921,https://adstransparency.google.com/advertiser/AR02289573295139323905/creative/CR00379240329427025921?region=IN,YouTubeVideo,2026-06-29,2356,0,4,इंस्टॉल करें,,,,,,,,,,,,00:00,2026-06-29,html5-banner-no-mp4,,2026-06-29,2026-06-29,,,,
15,15,English Seekho,AR02289573295139323905,Keyaro Edutech Private Limited,India,IN,CR00379240329427025921,https://adstransparency.google.com/advertiser/AR02289573295139323905/creative/CR00379240329427025921?region=IN,YouTubeVideo,2026-06-29,2356,1,4,,,,,,,,,,,,,00:00,2026-06-29,html5-banner-no-mp4,,2026-06-29,2026-06-29,,,,
16,16,English Seekho,AR02289573295139323905,Keyaro Edutech Private Limited,India,IN,CR00379240329427025921,https://adstransparency.google.com/advertiser/AR02289573295139323905/creative/CR00379240329427025921?region=IN,YouTubeVideo,2026-06-29,2356,2,4,,,,,,,,,,,,,,2026-06-29,html5-banner-no-mp4,,2026-06-29,2026-06-29,,,,
17,17,English Seekho,AR02289573295139323905,Keyaro Edutech Private Limited,India,IN,CR00379240329427025921,https://adstransparency.google.com/advertiser/AR02289573295139323905/creative/CR00379240329427025921?region=IN,YouTubeVideo,2026-06-29,2356,3,4,,,,,,,,,,,,,,2026-06-29,html5-banner-no-mp4,,2026-06-29,2026-06-29,,,,
18,18,English Seekho,AR02289573295139323905,Keyaro Edutech Private Limited,India,IN,CR00818366375704657921,https://adstransparency.google.com/advertiser/AR02289573295139323905/creative/CR00818366375704657921?region=IN,YouTubeVideo,2026-06-29,2356,0,4,,,,,,,,,,,,,00:00,2026-06-29,html5-banner-no-mp4,,2026-06-29,2026-06-29,,,,
19,19,English Seekho,AR02289573295139323905,Keyaro Edutech Private Limited,India,IN,CR00818366375704657921,https://adstransparency.google.com/advertiser/AR02289573295139323905/creative/CR00818366375704657921?region=IN,YouTubeVideo,2026-06-29,2356,1,4,,,,,,,,,,,,,00:00,2026-06-29,html5-banner-no-mp4,,2026-06-29,2026-06-29,,,,
20,20,English Seekho,AR02289573295139323905,Keyaro Edutech Private Limited,India,IN,CR00818366375704657921,https://adstransparency.google.com/advertiser/AR02289573295139323905/creative/CR00818366375704657921?region=IN,YouTubeVideo,2026-06-29,2356,2,4,,,,,,,,,,,,,00:00,2026-06-29,html5-banner-no-mp4,,2026-06-29,2026-06-29,,,,
21,21,English Seekho,AR02289573295139323905,Keyaro Edutech Private Limited,India,IN,CR00818366375704657921,https://adstransparency.google.com/advertiser/AR02289573295139323905/creative/CR00818366375704657921?region=IN,YouTubeVideo,2026-06-29,2356,3,4,,,,,,,,,,,,,,2026-06-29,html5-banner-no-mp4,,2026-06-29,2026-06-29,,,,
22,22,English Seekho,AR02289573295139323905,Keyaro Edutech Private Limited,India,IN,CR00873319623263518721,https://adstransparency.google.com/advertiser/AR02289573295139323905/creative/CR00873319623263518721?region=IN,YouTubeVideo,2026-06-29,2356,0,4,,,,,,,,,,,,,00:00,2026-06-29,html5-banner-no-mp4,,2026-06-29,2026-06-29,,,,
23,23,English Seekho,AR02289573295139323905,Keyaro Edutech Private Limited,India,IN,CR00873319623263518721,https://adstransparency.google.com/advertiser/AR02289573295139323905/creative/CR00873319623263518721?region=IN,YouTubeVideo,2026-06-29,2356,1,4,,,,,,,,,,,,,00:00,2026-06-29,html5-banner-no-mp4,,2026-06-29,2026-06-29,,,,
24,24,English Seekho,AR02289573295139323905,Keyaro Edutech Private Limited,India,IN,CR00873319623263518721,https://adstransparency.google.com/advertiser/AR02289573295139323905/creative/CR00873319623263518721?region=IN,YouTubeVideo,2026-06-29,2356,2,4,,,,,,,,,,,,,00:00,2026-06-29,html5-banner-no-mp4,,2026-06-29,2026-06-29,,,,
25,25,English Seekho,AR02289573295139323905,Keyaro Edutech Private Limited,India,IN,CR00873319623263518721,https://adstransparency.google.com/advertiser/AR02289573295139323905/creative/CR00873319623263518721?region=IN,YouTubeVideo,2026-06-29,2356,3,4,,,,,,,,,,,,,,2026-06-29,html5-banner-no-mp4,,2026-06-29,2026-06-29,,,,
26,26,English Seekho,AR02289573295139323905,Keyaro Edutech Private Limited,India,IN,CR00884794470208372737,https://adstransparency.google.com/advertiser/AR02289573295139323905/creative/CR00884794470208372737?region=IN,YouTubeVideo,2026-06-29,2356,0,5,,,,,,,,,,,,,,2026-06-29,html5-banner-no-mp4,,2026-06-29,2026-06-29,,,,
27,27,English Seekho,AR02289573295139323905,Keyaro Edutech Private Limited,India,IN,CR00884794470208372737,https://adstransparency.google.com/advertiser/AR02289573295139323905/creative/CR00884794470208372737?region=IN,YouTubeVideo,2026-06-29,2356,1,5,,,,,,,,,,,,,00:00,2026-06-29,html5-banner-no-mp4,,2026-06-29,2026-06-29,,,,
28,28,English Seekho,AR02289573295139323905,Keyaro Edutech Private Limited,India,IN,CR00884794470208372737,https://adstransparency.google.com/advertiser/AR02289573295139323905/creative/CR00884794470208372737?region=IN,YouTubeVideo,2026-06-29,2356,2,5,इंस्टॉल करें,,,,,,,,,,,,00:00,2026-06-29,html5-banner-no-mp4,,2026-06-29,2026-06-29,,,,
29,29,English Seekho,AR02289573295139323905,Keyaro Edutech Private Limited,India,IN,CR00884794470208372737,https://adstransparency.google.com/advertiser/AR02289573295139323905/creative/CR00884794470208372737?region=IN,YouTubeVideo,2026-06-29,2356,3,5,,,,,,,,,,,,,,2026-06-29,html5-banner-no-mp4,,2026-06-29,2026-06-29,,,,
30,30,English Seekho,AR02289573295139323905,Keyaro Edutech Private Limited,India,IN,CR00884794470208372737,https://adstransparency.google.com/advertiser/AR02289573295139323905/creative/CR00884794470208372737?region=IN,YouTubeVideo,2026-06-29,2356,4,5,,,,,,,,,,,,,,2026-06-29,html5-banner-no-mp4,,2026-06-29,2026-06-29,,,,
31,31,English Seekho,AR02289573295139323905,Keyaro Edutech Private Limited,India,IN,CR00893801669463113729,https://adstransparency.google.com/advertiser/AR02289573295139323905/creative/CR00893801669463113729?region=IN,YouTubeVideo,2026-06-29,2356,0,4,,,,,,,,,,,,,,2026-06-29,html5-banner-no-mp4,,2026-06-29,2026-06-29,,,,
32,32,English Seekho,AR02289573295139323905,Keyaro Edutech Private Limited,India,IN,CR00893801669463113729,https://adstransparency.google.com/advertiser/AR02289573295139323905/creative/CR00893801669463113729?region=IN,YouTubeVideo,2026-06-29,2356,1,4,,,,,,,,,,,,,,2026-06-29,html5-banner-no-mp4,,2026-06-29,2026-06-29,,,,
33,33,English Seekho,AR02289573295139323905,Keyaro Edutech Private Limited,India,IN,CR00893801669463113729,https://adstransparency.google.com/advertiser/AR02289573295139323905/creative/CR00893801669463113729?region=IN,YouTubeVideo,2026-06-29,2356,2,4,,,,,,,,,,,,,,2026-06-29,html5-banner-no-mp4,,2026-06-29,2026-06-29,,,,
34,34,English Seekho,AR02289573295139323905,Keyaro Edutech Private Limited,India,IN,CR00893801669463113729,https://adstransparency.google.com/advertiser/AR02289573295139323905/creative/CR00893801669463113729?region=IN,YouTubeVideo,2026-06-29,2356,3,4,,,,,,,,,,,,,,2026-06-29,html5-banner-no-mp4,,2026-06-29,2026-06-29,,,,
35,35,English Seekho,AR02289573295139323905,Keyaro Edutech Private Limited,India,IN,CR00980917281401864193,https://adstransparency.google.com/advertiser/AR02289573295139323905/creative/CR00980917281401864193?region=IN,YouTubeVideo,2026-06-29,2356,0,4,ഇന്\u200dസ്റ്റാള്\u200d ചെയ്യുക,,,,,,,,,,,,00:00,2026-06-29,html5-banner-no-mp4,,2026-06-29,2026-06-29,,,,
36,36,English Seekho,AR02289573295139323905,Keyaro Edutech Private Limited,India,IN,CR00980917281401864193,https://adstransparency.google.com/advertiser/AR02289573295139323905/creative/CR00980917281401864193?region=IN,YouTubeVideo,2026-06-29,2356,1,4,ഇന്\u200dസ്റ്റാള്\u200d ചെയ്യുക,,,,,,,,,,,,00:00,2026-06-29,html5-banner-no-mp4,,2026-06-29,2026-06-29,,,,
37,37,English Seekho,AR02289573295139323905,Keyaro Edutech Private Limited,India,IN,CR00980917281401864193,https://adstransparency.google.com/advertiser/AR02289573295139323905/creative/CR00980917281401864193?region=IN,YouTubeVideo,2026-06-29,2356,2,4,ഇന്\u200dസ്റ്റാള്\u200d ചെയ്യുക,,,,,,,,,,,,00:00,2026-06-29,html5-banner-no-mp4,,2026-06-29,2026-06-29,,,,
38,38,English Seekho,AR02289573295139323905,Keyaro Edutech Private Limited,India,IN,CR00980917281401864193,https://adstransparency.google.com/advertiser/AR02289573295139323905/creative/CR00980917281401864193?region=IN,YouTubeVideo,2026-06-29,2356,3,4,,,,,,,,,,,,,,2026-06-29,html5-banner-no-mp4,,2026-06-29,2026-06-29,,,,
39,39,English Seekho,AR02289573295139323905,Keyaro Edutech Private Limited,India,IN,CR00998407487742803969,https://adstransparency.google.com/advertiser/AR02289573295139323905/creative/CR00998407487742803969?region=IN,YouTubeVideo,2026-06-29,2356,0,5,,,,,,,,,,,,,,2026-06-29,html5-banner-no-mp4,,2026-06-29,2026-06-29,,,,
40,40,English Seekho,AR02289573295139323905,Keyaro Edutech Private Limited,India,IN,CR00998407487742803969,https://adstransparency.google.com/advertiser/AR02289573295139323905/creative/CR00998407487742803969?region=IN,YouTubeVideo,2026-06-29,2356,1,5,ಇನ್\u200cಸ್ಟಾಲ್,,,,,,,,,,,,00:00,2026-06-29,html5-banner-no-mp4,,2026-06-29,2026-06-29,,,,
41,41,English Seekho,AR02289573295139323905,Keyaro Edutech Private Limited,India,IN,CR00998407487742803969,https://adstransparency.google.com/advertiser/AR02289573295139323905/creative/CR00998407487742803969?region=IN,YouTubeVideo,2026-06-29,2356,2,5,ಇನ್\u200cಸ್ಟಾಲ್,,,,,,,,,,,,00:00,2026-06-29,html5-banner-no-mp4,,2026-06-29,2026-06-29,,,,
42,42,English Seekho,AR02289573295139323905,Keyaro Edutech Private Limited,India,IN,CR00998407487742803969,https://adstransparency.google.com/advertiser/AR02289573295139323905/creative/CR00998407487742803969?region=IN,YouTubeVideo,2026-06-29,2356,3,5,,,,,,,,,,,,,,2026-06-29,html5-banner-no-mp4,,2026-06-29,2026-06-29,,,,
43,43,English Seekho,AR02289573295139323905,Keyaro Edutech Private Limited,India,IN,CR00998407487742803969,https://adstransparency.google.com/advertiser/AR02289573295139323905/creative/CR00998407487742803969?region=IN,YouTubeVideo,2026-06-29,2356,4,5,,,,,,,,,,,,,,2026-06-29,html5-banner-no-mp4,,2026-06-29,2026-06-29,,,,
44,44,English Seekho,AR02289573295139323905,Keyaro Edutech Private Limited,India,IN,CR01014436142482718721,https://adstransparency.google.com/advertiser/AR02289573295139323905/creative/CR01014436142482718721?region=IN,YouTubeVideo,2026-06-29,"2356,2528",0,4,,,,,,,,,,,,,00:00,2026-06-29,html5-banner-no-mp4,,2026-06-29,2026-06-29,,,,
45,45,English Seekho,AR02289573295139323905,Keyaro Edutech Private Limited,India,IN,CR01014436142482718721,https://adstransparency.google.com/advertiser/AR02289573295139323905/creative/CR01014436142482718721?region=IN,YouTubeVideo,2026-06-29,"2356,2528",1,4,,,,,,,,,,,,,00:00,2026-06-29,html5-banner-no-mp4,,2026-06-29,2026-06-29,,,,
46,46,English Seekho,AR02289573295139323905,Keyaro Edutech Private Limited,India,IN,CR01014436142482718721,https://adstransparency.google.com/advertiser/AR02289573295139323905/creative/CR01014436142482718721?region=IN,YouTubeVideo,2026-06-29,"2356,2528",2,4,,,,,,,,,,,,,00:00,2026-06-29,html5-banner-no-mp4,,2026-06-29,2026-06-29,,,,
47,47,English Seekho,AR02289573295139323905,Keyaro Edutech Private Limited,India,IN,CR01014436142482718721,https://adstransparency.google.com/advertiser/AR02289573295139323905/creative/CR01014436142482718721?region=IN,YouTubeVideo,2026-06-29,"2356,2528",3,4,,,,,,,,,,,,,,2026-06-29,html5-banner-no-mp4,,2026-06-29,2026-06-29,,,,
48,48,English Seekho,AR02289573295139323905,Keyaro Edutech Private Limited,India,IN,CR01015980406563930113,https://adstransparency.google.com/advertiser/AR02289573295139323905/creative/CR01015980406563930113?region=IN,YouTubeVideo,2026-06-29,2356,0,3,,,,,,,,,,,,,00:00,2026-06-29,html5-banner-no-mp4,,2026-06-29,2026-06-29,,,,
49,49,English Seekho,AR02289573295139323905,Keyaro Edutech Private Limited,India,IN,CR01015980406563930113,https://adstransparency.google.com/advertiser/AR02289573295139323905/creative/CR01015980406563930113?region=IN,YouTubeVideo,2026-06-29,2356,1,3,⁦Seekho⁩,Seekho: Short Learning Videos | Hindu Sanskar Seekho Aaj!,,,https://ads-rendering-prod.corp.google.com/search,,,,,,,,,2026-06-29,html5-banner-no-mp4,,2026-06-29,2026-06-29,,,,
50,50,English Seekho,AR02289573295139323905,Keyaro Edutech Private Limited,India,IN,CR01015980406563930113,https://adstransparency.google.com/advertiser/AR02289573295139323905/creative/CR01015980406563930113?region=IN,YouTubeVideo,2026-06-29,2356,2,3,⁦Seekho⁩,Seekho: Short Learning Videos | Hindu Sanskar Seekho Aaj!,,,https://ads-rendering-prod.corp.google.com/search,,,,,,,,,2026-06-29,html5-banner-no-mp4,,2026-06-29,2026-06-29,,,,
51,51,English Seekho,AR02289573295139323905,Keyaro Edutech Private Limited,India,IN,CR01025740633844744193,https://adstransparency.google.com/advertiser/AR02289573295139323905/creative/CR01025740633844744193?region=IN,YouTubeVideo,2026-06-29,2356,0,4,,,,,,,,,,,,,,2026-06-29,html5-banner-no-mp4,,2026-06-29,2026-06-29,,,,
52,52,English Seekho,AR02289573295139323905,Keyaro Edutech Private Limited,India,IN,CR01025740633844744193,https://adstransparency.google.com/advertiser/AR02289573295139323905/creative/CR01025740633844744193?region=IN,YouTubeVideo,2026-06-29,2356,1,4,,,,,,,,,,,,,,2026-06-29,html5-banner-no-mp4,,2026-06-29,2026-06-29,,,,
53,53,English Seekho,AR02289573295139323905,Keyaro Edutech Private Limited,India,IN,CR01025740633844744193,https://adstransparency.google.com/advertiser/AR02289573295139323905/creative/CR01025740633844744193?region=IN,YouTubeVideo,2026-06-29,2356,2,4,,,,,,,,,,,,,,2026-06-29,html5-banner-no-mp4,,2026-06-29,2026-06-29,,,,
54,54,English Seekho,AR02289573295139323905,Keyaro Edutech Private Limited,India,IN,CR01025740633844744193,https://adstransparency.google.com/advertiser/AR02289573295139323905/creative/CR01025740633844744193?region=IN,YouTubeVideo,2026-06-29,2356,3,4,,,,,,,,,,,,,,2026-06-29,html5-banner-no-mp4,,2026-06-29,2026-06-29,,,,
55,55,English Seekho,AR02289573295139323905,Keyaro Edutech Private Limited,India,IN,CR01057967207985709057,https://adstransparency.google.com/advertiser/AR02289573295139323905/creative/CR01057967207985709057?region=IN,YouTubeVideo,2026-06-29,2356,0,4,,,,,,,,,,,,,00:00,2026-06-29,html5-banner-no-mp4,,2026-06-29,2026-06-29,,,,
56,56,English Seekho,AR02289573295139323905,Keyaro Edutech Private Limited,India,IN,CR01057967207985709057,https://adstransparency.google.com/advertiser/AR02289573295139323905/creative/CR01057967207985709057?region=IN,YouTubeVideo,2026-06-29,2356,1,4,,,,,,,,,,,,,00:00,2026-06-29,html5-banner-no-mp4,,2026-06-29,2026-06-29,,,,
57,57,English Seekho,AR02289573295139323905,Keyaro Edutech Private Limited,India,IN,CR01057967207985709057,https://adstransparency.google.com/advertiser/AR02289573295139323905/creative/CR01057967207985709057?region=IN,YouTubeVideo,2026-06-29,2356,2,4,,,,,,,,,,,,,00:00,2026-06-29,html5-banner-no-mp4,,2026-06-29,2026-06-29,,,,
58,58,English Seekho,AR02289573295139323905,Keyaro Edutech Private Limited,India,IN,CR01057967207985709057,https://adstransparency.google.com/advertiser/AR02289573295139323905/creative/CR01057967207985709057?region=IN,YouTubeVideo,2026-06-29,2356,3,4,,,,,,,,,,,,,,2026-06-29,html5-banner-no-mp4,,2026-06-29,2026-06-29,,,,
59,59,English Seekho,AR02289573295139323905,Keyaro Edutech Private Limited,India,IN,CR01323926469310676993,https://adstransparency.google.com/advertiser/AR02289573295139323905/creative/CR01323926469310676993?region=IN,YouTubeVideo,2026-06-29,2356,0,5,,,,,,,,,,,,,,2026-06-29,html5-banner-no-mp4,,2026-06-29,2026-06-29,,,,
60,60,English Seekho,AR02289573295139323905,Keyaro Edutech Private Limited,India,IN,CR01323926469310676993,https://adstransparency.google.com/advertiser/AR02289573295139323905/creative/CR01323926469310676993?region=IN,YouTubeVideo,2026-06-29,2356,1,5,,,,,,,,,,,,,00:00,2026-06-29,html5-banner-no-mp4,,2026-06-29,2026-06-29,,,,
61,61,English Seekho,AR02289573295139323905,Keyaro Edutech Private Limited,India,IN,CR01323926469310676993,https://adstransparency.google.com/advertiser/AR02289573295139323905/creative/CR01323926469310676993?region=IN,YouTubeVideo,2026-06-29,2356,2,5,,,,,,,,,,,,,00:00,2026-06-29,html5-banner-no-mp4,,2026-06-29,2026-06-29,,,,
62,62,English Seekho,AR02289573295139323905,Keyaro Edutech Private Limited,India,IN,CR01323926469310676993,https://adstransparency.google.com/advertiser/AR02289573295139323905/creative/CR01323926469310676993?region=IN,YouTubeVideo,2026-06-29,2356,3,5,,,,,,,,,,,,,,2026-06-29,html5-banner-no-mp4,,2026-06-29,2026-06-29,,,,
63,63,English Seekho,AR02289573295139323905,Keyaro Edutech Private Limited,India,IN,CR01323926469310676993,https://adstransparency.google.com/advertiser/AR02289573295139323905/creative/CR01323926469310676993?region=IN,YouTubeVideo,2026-06-29,2356,4,5,,,,,,,,,,,,,,2026-06-29,html5-banner-no-mp4,,2026-06-29,2026-06-29,,,,
64,64,English Seekho,AR02289573295139323905,Keyaro Edutech Private Limited,India,IN,CR01392012378240974849,https://adstransparency.google.com/advertiser/AR02289573295139323905/creative/CR01392012378240974849?region=IN,YouTubeVideo,2026-06-29,2356,0,4,,,,,,,,,,,,,00:00,2026-06-29,html5-banner-no-mp4,,2026-06-29,2026-06-29,,,,
65,65,English Seekho,AR02289573295139323905,Keyaro Edutech Private Limited,India,IN,CR01392012378240974849,https://adstransparency.google.com/advertiser/AR02289573295139323905/creative/CR01392012378240974849?region=IN,YouTubeVideo,2026-06-29,2356,1,4,,,,,,,,,,,,,,2026-06-29,html5-banner-no-mp4,,2026-06-29,2026-06-29,,,,
66,66,English Seekho,AR02289573295139323905,Keyaro Edutech Private Limited,India,IN,CR01392012378240974849,https://adstransparency.google.com/advertiser/AR02289573295139323905/creative/CR01392012378240974849?region=IN,YouTubeVideo,2026-06-29,2356,2,4,,,,,,,,,,,,,,2026-06-29,html5-banner-no-mp4,,2026-06-29,2026-06-29,,,,
67,67,English Seekho,AR02289573295139323905,Keyaro Edutech Private Limited,India,IN,CR01392012378240974849,https://adstransparency.google.com/advertiser/AR02289573295139323905/creative/CR01392012378240974849?region=IN,YouTubeVideo,2026-06-29,2356,3,4,,,,,,,,,,,,,,2026-06-29,html5-banner-no-mp4,,2026-06-29,2026-06-29,,,,
68,68,English Seekho,AR02289573295139323905,Keyaro Edutech Private Limited,India,IN,CR02020447526225707009,https://adstransparency.google.com/advertiser/AR02289573295139323905/creative/CR02020447526225707009?region=IN,YouTubeVideo,2026-06-29,2356,0,4,,,,,,,,,,,,,,2026-06-29,html5-banner-no-mp4,,2026-06-29,2026-06-29,,,,
69,69,English Seekho,AR02289573295139323905,Keyaro Edutech Private Limited,India,IN,CR02020447526225707009,https://adstransparency.google.com/advertiser/AR02289573295139323905/creative/CR02020447526225707009?region=IN,YouTubeVideo,2026-06-29,2356,1,4,⁦Seekho⁩,Seekho: Short Learning Videos | increase followers Seekho,,,https://ads-rendering-prod.corp.google.com/search,,,,,,,,,2026-06-29,html5-banner-no-mp4,,2026-06-29,2026-06-29,,,,
70,70,English Seekho,AR02289573295139323905,Keyaro Edutech Private Limited,India,IN,CR02020447526225707009,https://adstransparency.google.com/advertiser/AR02289573295139323905/creative/CR02020447526225707009?region=IN,YouTubeVideo,2026-06-29,2356,2,4,⁦Seekho⁩,Seekho: Short Learning Videos | insta viral hacks Seekho,,,https://ads-rendering-prod.corp.google.com/search,,,,,,,,,2026-06-29,html5-banner-no-mp4,,2026-06-29,2026-06-29,,,,
71,71,English Seekho,AR02289573295139323905,Keyaro Edutech Private Limited,India,IN,CR02020447526225707009,https://adstransparency.google.com/advertiser/AR02289573295139323905/creative/CR02020447526225707009?region=IN,YouTubeVideo,2026-06-29,2356,3,4,,,,,,,,,,,,,,2026-06-29,html5-banner-no-mp4,,2026-06-29,2026-06-29,,,,
72,72,English Seekho,AR02289573295139323905,Keyaro Edutech Private Limited,India,IN,CR02023426378103259137,https://adstransparency.google.com/advertiser/AR02289573295139323905/creative/CR02023426378103259137?region=IN,YouTubeVideo,2026-06-29,2356,0,5,,,,,,,,,,,,,,2026-06-29,html5-banner-no-mp4,,2026-06-29,2026-06-29,,,,
73,73,English Seekho,AR02289573295139323905,Keyaro Edutech Private Limited,India,IN,CR02023426378103259137,https://adstransparency.google.com/advertiser/AR02289573295139323905/creative/CR02023426378103259137?region=IN,YouTubeVideo,2026-06-29,2356,1,5,,,,,,,,,,,,,00:00,2026-06-29,html5-banner-no-mp4,,2026-06-29,2026-06-29,,,,
74,74,English Seekho,AR02289573295139323905,Keyaro Edutech Private Limited,India,IN,CR02023426378103259137,https://adstransparency.google.com/advertiser/AR02289573295139323905/creative/CR02023426378103259137?region=IN,YouTubeVideo,2026-06-29,2356,2,5,,,,,,,,,,,,,00:00,2026-06-29,html5-banner-no-mp4,,2026-06-29,2026-06-29,,,,
75,75,English Seekho,AR02289573295139323905,Keyaro Edutech Private Limited,India,IN,CR02023426378103259137,https://adstransparency.google.com/advertiser/AR02289573295139323905/creative/CR02023426378103259137?region=IN,YouTubeVideo,2026-06-29,2356,3,5,,,,,,,,,,,,,,2026-06-29,html5-banner-no-mp4,,2026-06-29,2026-06-29,,,,
76,76,English Seekho,AR02289573295139323905,Keyaro Edutech Private Limited,India,IN,CR02023426378103259137,https://adstransparency.google.com/advertiser/AR02289573295139323905/creative/CR02023426378103259137?region=IN,YouTubeVideo,2026-06-29,2356,4,5,,,,,,,,,,,,,,2026-06-29,html5-banner-no-mp4,,2026-06-29,2026-06-29,,,,
77,77,English Seekho,AR02289573295139323905,Keyaro Edutech Private Limited,India,IN,CR02104638231076143105,https://adstransparency.google.com/advertiser/AR02289573295139323905/creative/CR02104638231076143105?region=IN,YouTubeVideo,2026-06-29,2356,0,4,,,,,,,,,,,,,,2026-06-29,html5-banner-no-mp4,,2026-06-29,2026-06-29,,,,
78,78,English Seekho,AR02289573295139323905,Keyaro Edutech Private Limited,India,IN,CR02104638231076143105,https://adstransparency.google.com/advertiser/AR02289573295139323905/creative/CR02104638231076143105?region=IN,YouTubeVideo,2026-06-29,2356,1,4,⁦Seekho⁩,Seekho: Short Learning Videos | ജ്യോതിഷം പഠിച്ച് പ്രവചിക്കാം,,,https://ads-rendering-prod.corp.google.com/search,,,,,,,,,2026-06-29,html5-banner-no-mp4,,2026-06-29,2026-06-29,,,,
79,79,English Seekho,AR02289573295139323905,Keyaro Edutech Private Limited,India,IN,CR02104638231076143105,https://adstransparency.google.com/advertiser/AR02289573295139323905/creative/CR02104638231076143105?region=IN,YouTubeVideo,2026-06-29,2356,2,4,⁦Seekho⁩,Seekho: Short Learning Videos | ജ്യോതിഷം പഠിച്ച് പ്രവചിക്കാം,,,https://ads-rendering-prod.corp.google.com/search,,,,,,,,,2026-06-29,html5-banner-no-mp4,,2026-06-29,2026-06-29,,,,
80,80,English Seekho,AR02289573295139323905,Keyaro Edutech Private Limited,India,IN,CR02104638231076143105,https://adstransparency.google.com/advertiser/AR02289573295139323905/creative/CR02104638231076143105?region=IN,YouTubeVideo,2026-06-29,2356,3,4,,,,,,,,,,,,,,2026-06-29,html5-banner-no-mp4,,2026-06-29,2026-06-29,,,,
81,81,English Seekho,AR02289573295139323905,Keyaro Edutech Private Limited,India,IN,CR02276273095683604481,https://adstransparency.google.com/advertiser/AR02289573295139323905/creative/CR02276273095683604481?region=IN,YouTubeVideo,2026-06-29,2356,0,4,,,,,,,,,,,,,00:00,2026-06-29,html5-banner-no-mp4,,2026-06-29,2026-06-29,,,,
82,82,English Seekho,AR02289573295139323905,Keyaro Edutech Private Limited,India,IN,CR02276273095683604481,https://adstransparency.google.com/advertiser/AR02289573295139323905/creative/CR02276273095683604481?region=IN,YouTubeVideo,2026-06-29,2356,1,4,,,,,,,,,,,,,00:00,2026-06-29,html5-banner-no-mp4,,2026-06-29,2026-06-29,,,,
83,83,English Seekho,AR02289573295139323905,Keyaro Edutech Private Limited,India,IN,CR02276273095683604481,https://adstransparency.google.com/advertiser/AR02289573295139323905/creative/CR02276273095683604481?region=IN,YouTubeVideo,2026-06-29,2356,2,4,,,,,,,,,,,,,00:00,2026-06-29,html5-banner-no-mp4,,2026-06-29,2026-06-29,,,,
84,84,English Seekho,AR02289573295139323905,Keyaro Edutech Private Limited,India,IN,CR02276273095683604481,https://adstransparency.google.com/advertiser/AR02289573295139323905/creative/CR02276273095683604481?region=IN,YouTubeVideo,2026-06-29,2356,3,4,,,,,,,,,,,,,,2026-06-29,html5-banner-no-mp4,,2026-06-29,2026-06-29,,,,
85,85,English Seekho,AR02289573295139323905,Keyaro Edutech Private Limited,India,IN,CR02404892866389213185,https://adstransparency.google.com/advertiser/AR02289573295139323905/creative/CR02404892866389213185?region=IN,YouTubeVideo,2026-06-29,2356,0,4,,,,,,,,,,,,,,2026-06-29,html5-banner-no-mp4,,2026-06-29,2026-06-29,,,,
86,86,English Seekho,AR02289573295139323905,Keyaro Edutech Private Limited,India,IN,CR02404892866389213185,https://adstransparency.google.com/advertiser/AR02289573295139323905/creative/CR02404892866389213185?region=IN,YouTubeVideo,2026-06-29,2356,1,4,⁦Seekho⁩,Seekho: Short Learning Videos | സർക്കാർ സേവനങ്ങൾ വിരൽത്തുമ്പിൽ,,,https://ads-rendering-prod.corp.google.com/search,,,,,,,,,2026-06-29,html5-banner-no-mp4,,2026-06-29,2026-06-29,,,,
87,87,English Seekho,AR02289573295139323905,Keyaro Edutech Private Limited,India,IN,CR02404892866389213185,https://adstransparency.google.com/advertiser/AR02289573295139323905/creative/CR02404892866389213185?region=IN,YouTubeVideo,2026-06-29,2356,2,4,⁦Seekho⁩,Seekho: Short Learning Videos | സർക്കാർ സേവനങ്ങൾ കണ്ണുമുന്നിൽ,,,https://ads-rendering-prod.corp.google.com/search,,,,,,,,,2026-06-29,html5-banner-no-mp4,,2026-06-29,2026-06-29,,,,
88,88,English Seekho,AR02289573295139323905,Keyaro Edutech Private Limited,India,IN,CR02404892866389213185,https://adstransparency.google.com/advertiser/AR02289573295139323905/creative/CR02404892866389213185?region=IN,YouTubeVideo,2026-06-29,2356,3,4,,,,,,,,,,,,,,2026-06-29,html5-banner-no-mp4,,2026-06-29,2026-06-29,,,,
89,89,English Seekho,AR02289573295139323905,Keyaro Edutech Private Limited,India,IN,CR02415981441155334145,https://adstransparency.google.com/advertiser/AR02289573295139323905/creative/CR02415981441155334145?region=IN,YouTubeVideo,2026-06-29,2356,0,3,,,,,,,,,,,,,,2026-06-29,html5-banner-no-mp4,,2026-06-29,2026-06-29,,,,
90,90,English Seekho,AR02289573295139323905,Keyaro Edutech Private Limited,India,IN,CR02415981441155334145,https://adstransparency.google.com/advertiser/AR02289573295139323905/creative/CR02415981441155334145?region=IN,YouTubeVideo,2026-06-29,2356,1,3,,,,,,,,,,,,,00:00,2026-06-29,html5-banner-no-mp4,,2026-06-29,2026-06-29,,,,
91,91,English Seekho,AR02289573295139323905,Keyaro Edutech Private Limited,India,IN,CR02415981441155334145,https://adstransparency.google.com/advertiser/AR02289573295139323905/creative/CR02415981441155334145?region=IN,YouTubeVideo,2026-06-29,2356,2,3,,,,,,,,,,,,,00:00,2026-06-29,html5-banner-no-mp4,,2026-06-29,2026-06-29,,,,
92,92,English Seekho,AR02289573295139323905,Keyaro Edutech Private Limited,India,IN,CR02500435753918529537,https://adstransparency.google.com/advertiser/AR02289573295139323905/creative/CR02500435753918529537?region=IN,YouTubeVideo,2026-06-29,2356,0,3,,,,,,,,,,,,,00:00,2026-06-29,html5-banner-no-mp4,,2026-06-29,2026-06-29,,,,
93,93,English Seekho,AR02289573295139323905,Keyaro Edutech Private Limited,India,IN,CR02500435753918529537,https://adstransparency.google.com/advertiser/AR02289573295139323905/creative/CR02500435753918529537?region=IN,YouTubeVideo,2026-06-29,2356,1,3,,,,,,,,,,,,,00:00,2026-06-29,html5-banner-no-mp4,,2026-06-29,2026-06-29,,,,
94,94,English Seekho,AR02289573295139323905,Keyaro Edutech Private Limited,India,IN,CR02500435753918529537,https://adstransparency.google.com/advertiser/AR02289573295139323905/creative/CR02500435753918529537?region=IN,YouTubeVideo,2026-06-29,2356,2,3,,,,,,,,,,,,,00:00,2026-06-29,html5-banner-no-mp4,,2026-06-29,2026-06-29,,,,
95,95,English Seekho,AR02289573295139323905,Keyaro Edutech Private Limited,India,IN,CR02678215831963303937,https://adstransparency.google.com/advertiser/AR02289573295139323905/creative/CR02678215831963303937?region=IN,YouTubeVideo,2026-06-29,2356,0,4,,,,,,,,,,,,,00:00,2026-06-29,html5-banner-no-mp4,,2026-06-29,2026-06-29,,,,
96,96,English Seekho,AR02289573295139323905,Keyaro Edutech Private Limited,India,IN,CR02678215831963303937,https://adstransparency.google.com/advertiser/AR02289573295139323905/creative/CR02678215831963303937?region=IN,YouTubeVideo,2026-06-29,2356,1,4,,,,,,,,,,,,,00:00,2026-06-29,html5-banner-no-mp4,,2026-06-29,2026-06-29,,,,
97,97,English Seekho,AR02289573295139323905,Keyaro Edutech Private Limited,India,IN,CR02678215831963303937,https://adstransparency.google.com/advertiser/AR02289573295139323905/creative/CR02678215831963303937?region=IN,YouTubeVideo,2026-06-29,2356,2,4,,,,,,,,,,,,,00:00,2026-06-29,html5-banner-no-mp4,,2026-06-29,2026-06-29,,,,
98,98,English Seekho,AR02289573295139323905,Keyaro Edutech Private Limited,India,IN,CR02678215831963303937,https://adstransparency.google.com/advertiser/AR02289573295139323905/creative/CR02678215831963303937?region=IN,YouTubeVideo,2026-06-29,2356,3,4,,,,,,,,,,,,,,2026-06-29,html5-banner-no-mp4,,2026-06-29,2026-06-29,,,,
99,99,English Seekho,AR02289573295139323905,Keyaro Edutech Private Limited,India,IN,CR02721990920328183809,https://adstransparency.google.com/advertiser/AR02289573295139323905/creative/CR02721990920328183809?region=IN,YouTubeVideo,2026-06-29,2356,0,4,ಇನ್\u200cಸ್ಟಾಲ್,,,,,,,,,,,,00:00,2026-06-29,html5-banner-no-mp4,,2026-06-29,2026-06-29,,,,
100,100,English Seekho,AR02289573295139323905,Keyaro Edutech Private Limited,India,IN,CR02721990920328183809,https://adstransparency.google.com/advertiser/AR02289573295139323905/creative/CR02721990920328183809?region=IN,YouTubeVideo,2026-06-29,2356,1,4,,,,,,,,,,,,,,2026-06-29,html5-banner-no-mp4,,2026-06-29,2026-06-29,,,,
101,101,English Seekho,AR02289573295139323905,Keyaro Edutech Private Limited,India,IN,CR02721990920328183809,https://adstransparency.google.com/advertiser/AR02289573295139323905/creative/CR02721990920328183809?region=IN,YouTubeVideo,2026-06-29,2356,2,4,ಇನ್\u200cಸ್ಟಾಲ್,,,,,,,,,,,,00:00,2026-06-29,html5-banner-no-mp4,,2026-06-29,2026-06-29,,,,
102,102,English Seekho,AR02289573295139323905,Keyaro Edutech Private Limited,India,IN,CR02721990920328183809,https://adstransparency.google.com/advertiser/AR02289573295139323905/creative/CR02721990920328183809?region=IN,YouTubeVideo,2026-06-29,2356,3,4,,,,,,,,,,,,,,2026-06-29,html5-banner-no-mp4,,2026-06-29,2026-06-29,,,,
103,103,English Seekho,AR02289573295139323905,Keyaro Edutech Private Limited,India,IN,CR02819408724290961409,https://adstransparency.google.com/advertiser/AR02289573295139323905/creative/CR02819408724290961409?region=IN,YouTubeVideo,2026-06-29,2356,0,5,,,,,,,,,,,,,,2026-06-29,html5-banner-no-mp4,,2026-06-29,2026-06-29,,,,
104,104,English Seekho,AR02289573295139323905,Keyaro Edutech Private Limited,India,IN,CR02819408724290961409,https://adstransparency.google.com/advertiser/AR02289573295139323905/creative/CR02819408724290961409?region=IN,YouTubeVideo,2026-06-29,2356,1,5,,,,,,,,,,,,,00:00,2026-06-29,html5-banner-no-mp4,,2026-06-29,2026-06-29,,,,
105,105,English Seekho,AR02289573295139323905,Keyaro Edutech Private Limited,India,IN,CR02819408724290961409,https://adstransparency.google.com/advertiser/AR02289573295139323905/creative/CR02819408724290961409?region=IN,YouTubeVideo,2026-06-29,2356,2,5,,,,,,,,,,,,,,2026-06-29,html5-banner-no-mp4,,2026-06-29,2026-06-29,,,,
106,106,English Seekho,AR02289573295139323905,Keyaro Edutech Private Limited,India,IN,CR02819408724290961409,https://adstransparency.google.com/advertiser/AR02289573295139323905/creative/CR02819408724290961409?region=IN,YouTubeVideo,2026-06-29,2356,3,5,,,,,,,,,,,,,,2026-06-29,html5-banner-no-mp4,,2026-06-29,2026-06-29,,,,
107,107,English Seekho,AR02289573295139323905,Keyaro Edutech Private Limited,India,IN,CR02819408724290961409,https://adstransparency.google.com/advertiser/AR02289573295139323905/creative/CR02819408724290961409?region=IN,YouTubeVideo,2026-06-29,2356,4,5,,,,,,,,,,,,,,2026-06-29,html5-banner-no-mp4,,2026-06-29,2026-06-29,,,,
108,108,English Seekho,AR02289573295139323905,Keyaro Edutech Private Limited,India,IN,CR02919244130984919041,https://adstransparency.google.com/advertiser/AR02289573295139323905/creative/CR02919244130984919041?region=IN,YouTubeVideo,2026-06-29,2356,0,5,,,,,,,,,,,,,,2026-06-29,html5-banner-no-mp4,,2026-06-29,2026-06-29,,,,
109,109,English Seekho,AR02289573295139323905,Keyaro Edutech Private Limited,India,IN,CR02919244130984919041,https://adstransparency.google.com/advertiser/AR02289573295139323905/creative/CR02919244130984919041?region=IN,YouTubeVideo,2026-06-29,2356,1,5,,,,,,,,,,,,,,2026-06-29,html5-banner-no-mp4,,2026-06-29,2026-06-29,,,,
110,110,English Seekho,AR02289573295139323905,Keyaro Edutech Private Limited,India,IN,CR02919244130984919041,https://adstransparency.google.com/advertiser/AR02289573295139323905/creative/CR02919244130984919041?region=IN,YouTubeVideo,2026-06-29,2356,2,5,,,,,,,,,,,,,00:00,2026-06-29,html5-banner-no-mp4,,2026-06-29,2026-06-29,,,,
111,111,English Seekho,AR02289573295139323905,Keyaro Edutech Private Limited,India,IN,CR02919244130984919041,https://adstransparency.google.com/advertiser/AR02289573295139323905/creative/CR02919244130984919041?region=IN,YouTubeVideo,2026-06-29,2356,3,5,,,,,,,,,,,,,,2026-06-29,html5-banner-no-mp4,,2026-06-29,2026-06-29,,,,
112,112,English Seekho,AR02289573295139323905,Keyaro Edutech Private Limited,India,IN,CR02919244130984919041,https://adstransparency.google.com/advertiser/AR02289573295139323905/creative/CR02919244130984919041?region=IN,YouTubeVideo,2026-06-29,2356,4,5,,,,,,,,,,,,,,2026-06-29,html5-banner-no-mp4,,2026-06-29,2026-06-29,,,,
113,113,English Seekho,AR02289573295139323905,Keyaro Edutech Private Limited,India,IN,CR03138283133753884673,https://adstransparency.google.com/advertiser/AR02289573295139323905/creative/CR03138283133753884673?region=IN,YouTubeVideo,2026-06-29,2356,0,4,,,,,,,,,,,,,00:00,2026-06-29,html5-banner-no-mp4,,2026-06-29,2026-06-29,,,,
114,114,English Seekho,AR02289573295139323905,Keyaro Edutech Private Limited,India,IN,CR03138283133753884673,https://adstransparency.google.com/advertiser/AR02289573295139323905/creative/CR03138283133753884673?region=IN,YouTubeVideo,2026-06-29,2356,1,4,,,,,,,,,,,,,00:00,2026-06-29,html5-banner-no-mp4,,2026-06-29,2026-06-29,,,,
115,115,English Seekho,AR02289573295139323905,Keyaro Edutech Private Limited,India,IN,CR03138283133753884673,https://adstransparency.google.com/advertiser/AR02289573295139323905/creative/CR03138283133753884673?region=IN,YouTubeVideo,2026-06-29,2356,2,4,,,,,,,,,,,,,00:00,2026-06-29,html5-banner-no-mp4,,2026-06-29,2026-06-29,,,,
116,116,English Seekho,AR02289573295139323905,Keyaro Edutech Private Limited,India,IN,CR03138283133753884673,https://adstransparency.google.com/advertiser/AR02289573295139323905/creative/CR03138283133753884673?region=IN,YouTubeVideo,2026-06-29,2356,3,4,,,,,,,,,,,,,,2026-06-29,html5-banner-no-mp4,,2026-06-29,2026-06-29,,,,
117,117,English Seekho,AR02289573295139323905,Keyaro Edutech Private Limited,India,IN,CR03244548596116226049,https://adstransparency.google.com/advertiser/AR02289573295139323905/creative/CR03244548596116226049?region=IN,YouTubeVideo,2026-06-29,2356,0,4,,,,,,,,,,,,,,2026-06-29,html5-banner-no-mp4,,2026-06-29,2026-06-29,,,,
118,118,English Seekho,AR02289573295139323905,Keyaro Edutech Private Limited,India,IN,CR03244548596116226049,https://adstransparency.google.com/advertiser/AR02289573295139323905/creative/CR03244548596116226049?region=IN,YouTubeVideo,2026-06-29,2356,1,4,,,,,,,,,,,,,,2026-06-29,html5-banner-no-mp4,,2026-06-29,2026-06-29,,,,
119,119,English Seekho,AR02289573295139323905,Keyaro Edutech Private Limited,India,IN,CR03244548596116226049,https://adstransparency.google.com/advertiser/AR02289573295139323905/creative/CR03244548596116226049?region=IN,YouTubeVideo,2026-06-29,2356,2,4,,,,,,,,,,,,,,2026-06-29,html5-banner-no-mp4,,2026-06-29,2026-06-29,,,,
120,120,English Seekho,AR02289573295139323905,Keyaro Edutech Private Limited,India,IN,CR03244548596116226049,https://adstransparency.google.com/advertiser/AR02289573295139323905/creative/CR03244548596116226049?region=IN,YouTubeVideo,2026-06-29,2356,3,4,,,,,,,,,,,,,,2026-06-29,html5-banner-no-mp4,,2026-06-29,2026-06-29,,,,
121,121,English Seekho,AR02289573295139323905,Keyaro Edutech Private Limited,India,IN,CR03309923470149681153,https://adstransparency.google.com/advertiser/AR02289573295139323905/creative/CR03309923470149681153,Unknown,,,0,1,,,,,,,,,,,,,,2026-06-29,detail-fetch: HTTPError,,2026-06-29,2026-06-29,,,,
122,122,English Seekho,AR02289573295139323905,Keyaro Edutech Private Limited,India,IN,CR03364486141972578305,https://adstransparency.google.com/advertiser/AR02289573295139323905/creative/CR03364486141972578305?region=IN,YouTubeVideo,2026-06-29,2356,0,4,,,,,,,,,,,,,,2026-06-29,html5-banner-no-mp4,,2026-06-29,2026-06-29,,,,
123,123,English Seekho,AR02289573295139323905,Keyaro Edutech Private Limited,India,IN,CR03364486141972578305,https://adstransparency.google.com/advertiser/AR02289573295139323905/creative/CR03364486141972578305?region=IN,YouTubeVideo,2026-06-29,2356,1,4,,,,,,,,,,,,,,2026-06-29,html5-banner-no-mp4,,2026-06-29,2026-06-29,,,,
124,124,English Seekho,AR02289573295139323905,Keyaro Edutech Private Limited,India,IN,CR03364486141972578305,https://adstransparency.google.com/advertiser/AR02289573295139323905/creative/CR03364486141972578305?region=IN,YouTubeVideo,2026-06-29,2356,2,4,,,,,,,,,,,,,,2026-06-29,html5-banner-no-mp4,,2026-06-29,2026-06-29,,,,
125,125,English Seekho,AR02289573295139323905,Keyaro Edutech Private Limited,India,IN,CR03364486141972578305,https://adstransparency.google.com/advertiser/AR02289573295139323905/creative/CR03364486141972578305?region=IN,YouTubeVideo,2026-06-29,2356,3,4,,,,,,,,,,,,,,2026-06-29,html5-banner-no-mp4,,2026-06-29,2026-06-29,,,,
126,126,English Seekho,AR02289573295139323905,Keyaro Edutech Private Limited,India,IN,CR03415376530858049537,https://adstransparency.google.com/advertiser/AR02289573295139323905/creative/CR03415376530858049537?region=IN,YouTubeVideo,2026-06-29,"2578,2528,2356,2250,2276,2380,2642",0,4,,,,,,,,,,,,,00:00,2026-06-29,html5-banner-no-mp4,,2026-06-29,2026-06-29,,,,
127,127,English Seekho,AR02289573295139323905,Keyaro Edutech Private Limited,India,IN,CR03415376530858049537,https://adstransparency.google.com/advertiser/AR02289573295139323905/creative/CR03415376530858049537?region=IN,YouTubeVideo,2026-06-29,"2578,2528,2356,2250,2276,2380,2642",1,4,,,,,,,,,,,,,,2026-06-29,html5-banner-no-mp4,,2026-06-29,2026-06-29,,,,
128,128,English Seekho,AR02289573295139323905,Keyaro Edutech Private Limited,India,IN,CR03415376530858049537,https://adstransparency.google.com/advertiser/AR02289573295139323905/creative/CR03415376530858049537?region=IN,YouTubeVideo,2026-06-29,"2578,2528,2356,2250,2276,2380,2642",2,4,,,,,,,,,,,,,00:00,2026-06-29,html5-banner-no-mp4,,2026-06-29,2026-06-29,,,,
129,129,English Seekho,AR02289573295139323905,Keyaro Edutech Private Limited,India,IN,CR03415376530858049537,https://adstransparency.google.com/advertiser/AR02289573295139323905/creative/CR03415376530858049537?region=IN,YouTubeVideo,2026-06-29,"2578,2528,2356,2250,2276,2380,2642",3,4,,,,,,,,,,,,,,2026-06-29,html5-banner-no-mp4,,2026-06-29,2026-06-29,,,,
130,130,English Seekho,AR02289573295139323905,Keyaro Edutech Private Limited,India,IN,CR04736177243229782017,https://adstransparency.google.com/advertiser/AR02289573295139323905/creative/CR04736177243229782017?region=IN,YouTubeVideo,2026-06-29,2356,0,5,,,,,,,,,,,,,00:00,2026-06-29,html5-banner-no-mp4,,2026-06-29,2026-06-29,,,,
131,131,English Seekho,AR02289573295139323905,Keyaro Edutech Private Limited,India,IN,CR04736177243229782017,https://adstransparency.google.com/advertiser/AR02289573295139323905/creative/CR04736177243229782017?region=IN,YouTubeVideo,2026-06-29,2356,1,5,,,,,,,,,,,,,,2026-06-29,html5-banner-no-mp4,,2026-06-29,2026-06-29,,,,
132,132,English Seekho,AR02289573295139323905,Keyaro Edutech Private Limited,India,IN,CR04736177243229782017,https://adstransparency.google.com/advertiser/AR02289573295139323905/creative/CR04736177243229782017?region=IN,YouTubeVideo,2026-06-29,2356,2,5,,,,,,,,,,,,,00:00,2026-06-29,html5-banner-no-mp4,,2026-06-29,2026-06-29,,,,
133,133,English Seekho,AR02289573295139323905,Keyaro Edutech Private Limited,India,IN,CR04736177243229782017,https://adstransparency.google.com/advertiser/AR02289573295139323905/creative/CR04736177243229782017?region=IN,YouTubeVideo,2026-06-29,2356,3,5,,,,,,,,,,,,,,2026-06-29,html5-banner-no-mp4,,2026-06-29,2026-06-29,,,,
134,134,English Seekho,AR02289573295139323905,Keyaro Edutech Private Limited,India,IN,CR04736177243229782017,https://adstransparency.google.com/advertiser/AR02289573295139323905/creative/CR04736177243229782017?region=IN,YouTubeVideo,2026-06-29,2356,4,5,,,,,,,,,,,,,,2026-06-29,html5-banner-no-mp4,,2026-06-29,2026-06-29,,,,
135,135,English Seekho,AR02289573295139323905,Keyaro Edutech Private Limited,India,IN,CR05242160631632625665,https://adstransparency.google.com/advertiser/AR02289573295139323905/creative/CR05242160631632625665?region=IN,YouTubeVideo,2026-06-29,2356,0,4,,,,,,,,,,,,,,2026-06-29,html5-banner-no-mp4,,2026-06-29,2026-06-29,,,,
136,136,English Seekho,AR02289573295139323905,Keyaro Edutech Private Limited,India,IN,CR05242160631632625665,https://adstransparency.google.com/advertiser/AR02289573295139323905/creative/CR05242160631632625665?region=IN,YouTubeVideo,2026-06-29,2356,1,4,ಇನ್\u200cಸ್ಟಾಲ್,,,,,,,,,,,,00:00,2026-06-29,html5-banner-no-mp4,,2026-06-29,2026-06-29,,,,
137,137,English Seekho,AR02289573295139323905,Keyaro Edutech Private Limited,India,IN,CR05242160631632625665,https://adstransparency.google.com/advertiser/AR02289573295139323905/creative/CR05242160631632625665?region=IN,YouTubeVideo,2026-06-29,2356,2,4,,,,,,,,,,,,,,2026-06-29,html5-banner-no-mp4,,2026-06-29,2026-06-29,,,,
138,138,English Seekho,AR02289573295139323905,Keyaro Edutech Private Limited,India,IN,CR05242160631632625665,https://adstransparency.google.com/advertiser/AR02289573295139323905/creative/CR05242160631632625665?region=IN,YouTubeVideo,2026-06-29,2356,3,4,,,,,,,,,,,,,,2026-06-29,html5-banner-no-mp4,,2026-06-29,2026-06-29,,,,
139,139,English Seekho,AR02289573295139323905,Keyaro Edutech Private Limited,India,IN,CR05291254100690731009,https://adstransparency.google.com/advertiser/AR02289573295139323905/creative/CR05291254100690731009?region=IN,YouTubeVideo,2026-06-29,2356,0,4,,,,,,,,,,,,,,2026-06-29,html5-banner-no-mp4,,2026-06-29,2026-06-29,,,,
140,140,English Seekho,AR02289573295139323905,Keyaro Edutech Private Limited,India,IN,CR05291254100690731009,https://adstransparency.google.com/advertiser/AR02289573295139323905/creative/CR05291254100690731009?region=IN,YouTubeVideo,2026-06-29,2356,1,4,,,,,,,,,,,,,,2026-06-29,html5-banner-no-mp4,,2026-06-29,2026-06-29,,,,
141,141,English Seekho,AR02289573295139323905,Keyaro Edutech Private Limited,India,IN,CR05291254100690731009,https://adstransparency.google.com/advertiser/AR02289573295139323905/creative/CR05291254100690731009?region=IN,YouTubeVideo,2026-06-29,2356,2,4,,,,,,,,,,,,,,2026-06-29,html5-banner-no-mp4,,2026-06-29,2026-06-29,,,,
142,142,English Seekho,AR02289573295139323905,Keyaro Edutech Private Limited,India,IN,CR05291254100690731009,https://adstransparency.google.com/advertiser/AR02289573295139323905/creative/CR05291254100690731009?region=IN,YouTubeVideo,2026-06-29,2356,3,4,,,,,,,,,,,,,,2026-06-29,html5-banner-no-mp4,,2026-06-29,2026-06-29,,,,
143,143,English Seekho,AR02289573295139323905,Keyaro Edutech Private Limited,India,IN,CR05334922510657912833,https://adstransparency.google.com/advertiser/AR02289573295139323905/creative/CR05334922510657912833?region=IN,YouTubeVideo,2026-06-29,2356,0,1,,,,,,,,,,,,,00:00,2026-06-29,html5-banner-no-mp4,,2026-06-29,2026-06-29,,,,
144,144,English Seekho,AR02289573295139323905,Keyaro Edutech Private Limited,India,IN,CR05355198647535403009,https://adstransparency.google.com/advertiser/AR02289573295139323905/creative/CR05355198647535403009?region=IN,YouTubeVideo,2026-06-29,2356,0,4,,,,,,,,,,,,,,2026-06-29,html5-banner-no-mp4,,2026-06-29,2026-06-29,,,,
145,145,English Seekho,AR02289573295139323905,Keyaro Edutech Private Limited,India,IN,CR05355198647535403009,https://adstransparency.google.com/advertiser/AR02289573295139323905/creative/CR05355198647535403009?region=IN,YouTubeVideo,2026-06-29,2356,1,4,,,,,,,,,,,,,00:00,2026-06-29,html5-banner-no-mp4,,2026-06-29,2026-06-29,,,,
146,146,English Seekho,AR02289573295139323905,Keyaro Edutech Private Limited,India,IN,CR05355198647535403009,https://adstransparency.google.com/advertiser/AR02289573295139323905/creative/CR05355198647535403009?region=IN,YouTubeVideo,2026-06-29,2356,2,4,इंस्टॉल करें,,,,,,,,,,,,00:00,2026-06-29,html5-banner-no-mp4,,2026-06-29,2026-06-29,,,,
147,147,English Seekho,AR02289573295139323905,Keyaro Edutech Private Limited,India,IN,CR05355198647535403009,https://adstransparency.google.com/advertiser/AR02289573295139323905/creative/CR05355198647535403009?region=IN,YouTubeVideo,2026-06-29,2356,3,4,,,,,,,,,,,,,,2026-06-29,html5-banner-no-mp4,,2026-06-29,2026-06-29,,,,
148,148,English Seekho,AR02289573295139323905,Keyaro Edutech Private Limited,India,IN,CR05421305341046423553,https://adstransparency.google.com/advertiser/AR02289573295139323905/creative/CR05421305341046423553?region=IN,YouTubeVideo,2026-06-29,2356,0,4,,,,,,,,,,,,,,2026-06-29,html5-banner-no-mp4,,2026-06-29,2026-06-29,,,,
149,149,English Seekho,AR02289573295139323905,Keyaro Edutech Private Limited,India,IN,CR05421305341046423553,https://adstransparency.google.com/advertiser/AR02289573295139323905/creative/CR05421305341046423553?region=IN,YouTubeVideo,2026-06-29,2356,1,4,,,,,,,,,,,,,,2026-06-29,html5-banner-no-mp4,,2026-06-29,2026-06-29,,,,
150,150,English Seekho,AR02289573295139323905,Keyaro Edutech Private Limited,India,IN,CR05421305341046423553,https://adstransparency.google.com/advertiser/AR02289573295139323905/creative/CR05421305341046423553?region=IN,YouTubeVideo,2026-06-29,2356,2,4,,,,,,,,,,,,,,2026-06-29,html5-banner-no-mp4,,2026-06-29,2026-06-29,,,,
151,151,English Seekho,AR02289573295139323905,Keyaro Edutech Private Limited,India,IN,CR05421305341046423553,https://adstransparency.google.com/advertiser/AR02289573295139323905/creative/CR05421305341046423553?region=IN,YouTubeVideo,2026-06-29,2356,3,4,,,,,,,,,,,,,,2026-06-29,html5-banner-no-mp4,,2026-06-29,2026-06-29,,,,
152,152,English Seekho,AR02289573295139323905,Keyaro Edutech Private Limited,India,IN,CR05475784862302470145,https://adstransparency.google.com/advertiser/AR02289573295139323905/creative/CR05475784862302470145?region=IN,YouTubeVideo,2026-06-29,2356,0,4,,,,,,,,,,,,,,2026-06-29,html5-banner-no-mp4,,2026-06-29,2026-06-29,,,,
153,153,English Seekho,AR02289573295139323905,Keyaro Edutech Private Limited,India,IN,CR05475784862302470145,https://adstransparency.google.com/advertiser/AR02289573295139323905/creative/CR05475784862302470145?region=IN,YouTubeVideo,2026-06-29,2356,1,4,,,,,,,,,,,,,,2026-06-29,html5-banner-no-mp4,,2026-06-29,2026-06-29,,,,
154,154,English Seekho,AR02289573295139323905,Keyaro Edutech Private Limited,India,IN,CR05475784862302470145,https://adstransparency.google.com/advertiser/AR02289573295139323905/creative/CR05475784862302470145?region=IN,YouTubeVideo,2026-06-29,2356,2,4,,,,,,,,,,,,,,2026-06-29,html5-banner-no-mp4,,2026-06-29,2026-06-29,,,,
155,155,English Seekho,AR02289573295139323905,Keyaro Edutech Private Limited,India,IN,CR05475784862302470145,https://adstransparency.google.com/advertiser/AR02289573295139323905/creative/CR05475784862302470145?region=IN,YouTubeVideo,2026-06-29,2356,3,4,,,,,,,,,,,,,,2026-06-29,html5-banner-no-mp4,,2026-06-29,2026-06-29,,,,
156,156,English Seekho,AR02289573295139323905,Keyaro Edutech Private Limited,India,IN,CR05827657419601215489,https://adstransparency.google.com/advertiser/AR02289573295139323905/creative/CR05827657419601215489?region=IN,YouTubeVideo,2026-06-29,"2356,2528",0,5,,,,,,,,,,,,,,2026-06-29,html5-banner-no-mp4,,2026-06-29,2026-06-29,,,,
157,157,English Seekho,AR02289573295139323905,Keyaro Edutech Private Limited,India,IN,CR05827657419601215489,https://adstransparency.google.com/advertiser/AR02289573295139323905/creative/CR05827657419601215489?region=IN,YouTubeVideo,2026-06-29,"2356,2528",1,5,,,,,,,,,,,,,,2026-06-29,html5-banner-no-mp4,,2026-06-29,2026-06-29,,,,
158,158,English Seekho,AR02289573295139323905,Keyaro Edutech Private Limited,India,IN,CR05827657419601215489,https://adstransparency.google.com/advertiser/AR02289573295139323905/creative/CR05827657419601215489?region=IN,YouTubeVideo,2026-06-29,"2356,2528",2,5,,,,,,,,,,,,,00:00,2026-06-29,html5-banner-no-mp4,,2026-06-29,2026-06-29,,,,
159,159,English Seekho,AR02289573295139323905,Keyaro Edutech Private Limited,India,IN,CR05827657419601215489,https://adstransparency.google.com/advertiser/AR02289573295139323905/creative/CR05827657419601215489?region=IN,YouTubeVideo,2026-06-29,"2356,2528",3,5,,,,,,,,,,,,,,2026-06-29,html5-banner-no-mp4,,2026-06-29,2026-06-29,,,,
160,160,English Seekho,AR02289573295139323905,Keyaro Edutech Private Limited,India,IN,CR05827657419601215489,https://adstransparency.google.com/advertiser/AR02289573295139323905/creative/CR05827657419601215489?region=IN,YouTubeVideo,2026-06-29,"2356,2528",4,5,,,,,,,,,,,,,,2026-06-29,html5-banner-no-mp4,,2026-06-29,2026-06-29,,,,
161,161,English Seekho,AR02289573295139323905,Keyaro Edutech Private Limited,India,IN,CR05844354147914088449,https://adstransparency.google.com/advertiser/AR02289573295139323905/creative/CR05844354147914088449?region=IN,YouTubeVideo,2026-06-29,2356,0,4,,,,,,,,,,,,,00:00,2026-06-29,html5-banner-no-mp4,,2026-06-29,2026-06-29,,,,
162,162,English Seekho,AR02289573295139323905,Keyaro Edutech Private Limited,India,IN,CR05844354147914088449,https://adstransparency.google.com/advertiser/AR02289573295139323905/creative/CR05844354147914088449?region=IN,YouTubeVideo,2026-06-29,2356,1,4,,,,,,,,,,,,,00:00,2026-06-29,html5-banner-no-mp4,,2026-06-29,2026-06-29,,,,
163,163,English Seekho,AR02289573295139323905,Keyaro Edutech Private Limited,India,IN,CR05844354147914088449,https://adstransparency.google.com/advertiser/AR02289573295139323905/creative/CR05844354147914088449?region=IN,YouTubeVideo,2026-06-29,2356,2,4,,,,,,,,,,,,,00:00,2026-06-29,html5-banner-no-mp4,,2026-06-29,2026-06-29,,,,
164,164,English Seekho,AR02289573295139323905,Keyaro Edutech Private Limited,India,IN,CR05844354147914088449,https://adstransparency.google.com/advertiser/AR02289573295139323905/creative/CR05844354147914088449?region=IN,YouTubeVideo,2026-06-29,2356,3,4,,,,,,,,,,,,,,2026-06-29,html5-banner-no-mp4,,2026-06-29,2026-06-29,,,,
165,165,English Seekho,AR02289573295139323905,Keyaro Edutech Private Limited,India,IN,CR05856975278680571905,https://adstransparency.google.com/advertiser/AR02289573295139323905/creative/CR05856975278680571905?region=IN,YouTubeVideo,2026-06-29,"2528,2356,2250,2642",0,5,,,,,,,,,,,,,,2026-06-29,html5-banner-no-mp4,,2026-06-29,2026-06-29,,,,
166,166,English Seekho,AR02289573295139323905,Keyaro Edutech Private Limited,India,IN,CR05856975278680571905,https://adstransparency.google.com/advertiser/AR02289573295139323905/creative/CR05856975278680571905?region=IN,YouTubeVideo,2026-06-29,"2528,2356,2250,2642",1,5,,,,,,,,,,,,,00:00,2026-06-29,html5-banner-no-mp4,,2026-06-29,2026-06-29,,,,
167,167,English Seekho,AR02289573295139323905,Keyaro Edutech Private Limited,India,IN,CR05856975278680571905,https://adstransparency.google.com/advertiser/AR02289573295139323905/creative/CR05856975278680571905?region=IN,YouTubeVideo,2026-06-29,"2528,2356,2250,2642",2,5,,,,,,,,,,,,,00:00,2026-06-29,html5-banner-no-mp4,,2026-06-29,2026-06-29,,,,
168,168,English Seekho,AR02289573295139323905,Keyaro Edutech Private Limited,India,IN,CR05856975278680571905,https://adstransparency.google.com/advertiser/AR02289573295139323905/creative/CR05856975278680571905?region=IN,YouTubeVideo,2026-06-29,"2528,2356,2250,2642",3,5,,,,,,,,,,,,,,2026-06-29,html5-banner-no-mp4,,2026-06-29,2026-06-29,,,,
169,169,English Seekho,AR02289573295139323905,Keyaro Edutech Private Limited,India,IN,CR05856975278680571905,https://adstransparency.google.com/advertiser/AR02289573295139323905/creative/CR05856975278680571905?region=IN,YouTubeVideo,2026-06-29,"2528,2356,2250,2642",4,5,,,,,,,,,,,,,,2026-06-29,html5-banner-no-mp4,,2026-06-29,2026-06-29,,,,
170,170,English Seekho,AR02289573295139323905,Keyaro Edutech Private Limited,India,IN,CR05891505535840157697,https://adstransparency.google.com/advertiser/AR02289573295139323905/creative/CR05891505535840157697?region=IN,YouTubeVideo,2026-06-29,2356,0,4,इंस्टॉल करें,,,,,,,,,,,,00:00,2026-06-29,html5-banner-no-mp4,,2026-06-29,2026-06-29,,,,
171,171,English Seekho,AR02289573295139323905,Keyaro Edutech Private Limited,India,IN,CR05891505535840157697,https://adstransparency.google.com/advertiser/AR02289573295139323905/creative/CR05891505535840157697?region=IN,YouTubeVideo,2026-06-29,2356,1,4,इंस्टॉल करें,,,,,,,,,,,,00:00,2026-06-29,html5-banner-no-mp4,,2026-06-29,2026-06-29,,,,
172,172,English Seekho,AR02289573295139323905,Keyaro Edutech Private Limited,India,IN,CR05891505535840157697,https://adstransparency.google.com/advertiser/AR02289573295139323905/creative/CR05891505535840157697?region=IN,YouTubeVideo,2026-06-29,2356,2,4,इंस्टॉल करें,,,,,,,,,,,,00:00,2026-06-29,html5-banner-no-mp4,,2026-06-29,2026-06-29,,,,
173,173,English Seekho,AR02289573295139323905,Keyaro Edutech Private Limited,India,IN,CR05891505535840157697,https://adstransparency.google.com/advertiser/AR02289573295139323905/creative/CR05891505535840157697?region=IN,YouTubeVideo,2026-06-29,2356,3,4,,,,,,,,,,,,,,2026-06-29,html5-banner-no-mp4,,2026-06-29,2026-06-29,,,,
174,174,English Seekho,AR02289573295139323905,Keyaro Edutech Private Limited,India,IN,CR06309566519877566465,https://adstransparency.google.com/advertiser/AR02289573295139323905/creative/CR06309566519877566465?region=IN,YouTubeVideo,2026-06-29,2356,0,5,,,,,,,,,,,,,,2026-06-29,html5-banner-no-mp4,,2026-06-29,2026-06-29,,,,
175,175,English Seekho,AR02289573295139323905,Keyaro Edutech Private Limited,India,IN,CR06309566519877566465,https://adstransparency.google.com/advertiser/AR02289573295139323905/creative/CR06309566519877566465?region=IN,YouTubeVideo,2026-06-29,2356,1,5,ഇന്\u200dസ്റ്റാള്\u200d ചെയ്യുക,,,,,,,,,,,,00:00,2026-06-29,html5-banner-no-mp4,,2026-06-29,2026-06-29,,,,
176,176,English Seekho,AR02289573295139323905,Keyaro Edutech Private Limited,India,IN,CR06309566519877566465,https://adstransparency.google.com/advertiser/AR02289573295139323905/creative/CR06309566519877566465?region=IN,YouTubeVideo,2026-06-29,2356,2,5,ഇന്\u200dസ്റ്റാള്\u200d ചെയ്യുക,,,,,,,,,,,,00:00,2026-06-29,html5-banner-no-mp4,,2026-06-29,2026-06-29,,,,
177,177,English Seekho,AR02289573295139323905,Keyaro Edutech Private Limited,India,IN,CR06309566519877566465,https://adstransparency.google.com/advertiser/AR02289573295139323905/creative/CR06309566519877566465?region=IN,YouTubeVideo,2026-06-29,2356,3,5,,,,,,,,,,,,,,2026-06-29,html5-banner-no-mp4,,2026-06-29,2026-06-29,,,,
178,178,English Seekho,AR02289573295139323905,Keyaro Edutech Private Limited,India,IN,CR06309566519877566465,https://adstransparency.google.com/advertiser/AR02289573295139323905/creative/CR06309566519877566465?region=IN,YouTubeVideo,2026-06-29,2356,4,5,,,,,,,,,,,,,,2026-06-29,html5-banner-no-mp4,,2026-06-29,2026-06-29,,,,
179,179,English Seekho,AR02289573295139323905,Keyaro Edutech Private Limited,India,IN,CR06325611967939608577,https://adstransparency.google.com/advertiser/AR02289573295139323905/creative/CR06325611967939608577?region=IN,YouTubeVideo,2026-06-29,2356,0,4,ఇన్\u200cస్టాల్ చేయండి,,,,,,,,,,,,00:00,2026-06-29,html5-banner-no-mp4,,2026-06-29,2026-06-29,,,,
180,180,English Seekho,AR02289573295139323905,Keyaro Edutech Private Limited,India,IN,CR06325611967939608577,https://adstransparency.google.com/advertiser/AR02289573295139323905/creative/CR06325611967939608577?region=IN,YouTubeVideo,2026-06-29,2356,1,4,ఇన్\u200cస్టాల్ చేయండి,,,,,,,,,,,,00:00,2026-06-29,html5-banner-no-mp4,,2026-06-29,2026-06-29,,,,
181,181,English Seekho,AR02289573295139323905,Keyaro Edutech Private Limited,India,IN,CR06325611967939608577,https://adstransparency.google.com/advertiser/AR02289573295139323905/creative/CR06325611967939608577?region=IN,YouTubeVideo,2026-06-29,2356,2,4,ఇన్\u200cస్టాల్ చేయండి,,,,,,,,,,,,00:00,2026-06-29,html5-banner-no-mp4,,2026-06-29,2026-06-29,,,,
182,182,English Seekho,AR02289573295139323905,Keyaro Edutech Private Limited,India,IN,CR06325611967939608577,https://adstransparency.google.com/advertiser/AR02289573295139323905/creative/CR06325611967939608577?region=IN,YouTubeVideo,2026-06-29,2356,3,4,,,,,,,,,,,,,,2026-06-29,html5-banner-no-mp4,,2026-06-29,2026-06-29,,,,
183,183,English Seekho,AR02289573295139323905,Keyaro Edutech Private Limited,India,IN,CR06488745408641105921,https://adstransparency.google.com/advertiser/AR02289573295139323905/creative/CR06488745408641105921?region=IN,YouTubeVideo,2026-06-29,2356,0,4,,,,,,,,,,,,,00:00,2026-06-29,html5-banner-no-mp4,,2026-06-29,2026-06-29,,,,
184,184,English Seekho,AR02289573295139323905,Keyaro Edutech Private Limited,India,IN,CR06488745408641105921,https://adstransparency.google.com/advertiser/AR02289573295139323905/creative/CR06488745408641105921?region=IN,YouTubeVideo,2026-06-29,2356,1,4,,,,,,,,,,,,,00:00,2026-06-29,html5-banner-no-mp4,,2026-06-29,2026-06-29,,,,
185,185,English Seekho,AR02289573295139323905,Keyaro Edutech Private Limited,India,IN,CR06488745408641105921,https://adstransparency.google.com/advertiser/AR02289573295139323905/creative/CR06488745408641105921?region=IN,YouTubeVideo,2026-06-29,2356,2,4,,,,,,,,,,,,,00:00,2026-06-29,html5-banner-no-mp4,,2026-06-29,2026-06-29,,,,
186,186,English Seekho,AR02289573295139323905,Keyaro Edutech Private Limited,India,IN,CR06488745408641105921,https://adstransparency.google.com/advertiser/AR02289573295139323905/creative/CR06488745408641105921?region=IN,YouTubeVideo,2026-06-29,2356,3,4,,,,,,,,,,,,,,2026-06-29,html5-banner-no-mp4,,2026-06-29,2026-06-29,,,,
187,187,English Seekho,AR02289573295139323905,Keyaro Edutech Private Limited,India,IN,CR06536991703990009857,https://adstransparency.google.com/advertiser/AR02289573295139323905/creative/CR06536991703990009857?region=IN,YouTubeVideo,2026-06-29,"2250,2356,2528",0,4,,,,,,,,,,,,,00:00,2026-06-29,html5-banner-no-mp4,,2026-06-29,2026-06-29,,,,
188,188,English Seekho,AR02289573295139323905,Keyaro Edutech Private Limited,India,IN,CR06536991703990009857,https://adstransparency.google.com/advertiser/AR02289573295139323905/creative/CR06536991703990009857?region=IN,YouTubeVideo,2026-06-29,"2250,2356,2528",1,4,,,,,,,,,,,,,,2026-06-29,html5-banner-no-mp4,,2026-06-29,2026-06-29,,,,
189,189,English Seekho,AR02289573295139323905,Keyaro Edutech Private Limited,India,IN,CR06536991703990009857,https://adstransparency.google.com/advertiser/AR02289573295139323905/creative/CR06536991703990009857?region=IN,YouTubeVideo,2026-06-29,"2250,2356,2528",2,4,,,,,,,,,,,,,00:00,2026-06-29,html5-banner-no-mp4,,2026-06-29,2026-06-29,,,,
190,190,English Seekho,AR02289573295139323905,Keyaro Edutech Private Limited,India,IN,CR06536991703990009857,https://adstransparency.google.com/advertiser/AR02289573295139323905/creative/CR06536991703990009857?region=IN,YouTubeVideo,2026-06-29,"2250,2356,2528",3,4,,,,,,,,,,,,,,2026-06-29,html5-banner-no-mp4,,2026-06-29,2026-06-29,,,,
191,191,English Seekho,AR02289573295139323905,Keyaro Edutech Private Limited,India,IN,CR06613274489285246977,https://adstransparency.google.com/advertiser/AR02289573295139323905/creative/CR06613274489285246977?region=IN,YouTubeVideo,2026-06-29,2356,0,4,,,,,,,,,,,,,,2026-06-29,html5-banner-no-mp4,,2026-06-29,2026-06-29,,,,
192,192,English Seekho,AR02289573295139323905,Keyaro Edutech Private Limited,India,IN,CR06613274489285246977,https://adstransparency.google.com/advertiser/AR02289573295139323905/creative/CR06613274489285246977?region=IN,YouTubeVideo,2026-06-29,2356,1,4,,,,,,,,,,,,,00:00,2026-06-29,html5-banner-no-mp4,,2026-06-29,2026-06-29,,,,
193,193,English Seekho,AR02289573295139323905,Keyaro Edutech Private Limited,India,IN,CR06613274489285246977,https://adstransparency.google.com/advertiser/AR02289573295139323905/creative/CR06613274489285246977?region=IN,YouTubeVideo,2026-06-29,2356,2,4,,,,,,,,,,,,,,2026-06-29,html5-banner-no-mp4,,2026-06-29,2026-06-29,,,,
194,194,English Seekho,AR02289573295139323905,Keyaro Edutech Private Limited,India,IN,CR06613274489285246977,https://adstransparency.google.com/advertiser/AR02289573295139323905/creative/CR06613274489285246977?region=IN,YouTubeVideo,2026-06-29,2356,3,4,,,,,,,,,,,,,,2026-06-29,html5-banner-no-mp4,,2026-06-29,2026-06-29,,,,
195,195,English Seekho,AR02289573295139323905,Keyaro Edutech Private Limited,India,IN,CR06759873706056482817,https://adstransparency.google.com/advertiser/AR02289573295139323905/creative/CR06759873706056482817?region=IN,YouTubeVideo,2026-06-29,2356,0,5,ഇന്\u200dസ്റ്റാള്\u200d ചെയ്യുക,,,,,,,,,,,,00:00,2026-06-29,html5-banner-no-mp4,,2026-06-29,2026-06-29,,,,
196,196,English Seekho,AR02289573295139323905,Keyaro Edutech Private Limited,India,IN,CR06759873706056482817,https://adstransparency.google.com/advertiser/AR02289573295139323905/creative/CR06759873706056482817?region=IN,YouTubeVideo,2026-06-29,2356,1,5,⁦Seekho⁩,Seekho: Short Learning Videos | ഇംഗ്ലീഷ് കോൺഫിഡന്റ് ആക്കൂ,,,https://ads-rendering-prod.corp.google.com/search,,,,,,,,,2026-06-29,html5-banner-no-mp4,,2026-06-29,2026-06-29,,,,
197,197,English Seekho,AR02289573295139323905,Keyaro Edutech Private Limited,India,IN,CR06759873706056482817,https://adstransparency.google.com/advertiser/AR02289573295139323905/creative/CR06759873706056482817?region=IN,YouTubeVideo,2026-06-29,2356,2,5,,,,,,,,,,,,,,2026-06-29,html5-banner-no-mp4,,2026-06-29,2026-06-29,,,,
198,198,English Seekho,AR02289573295139323905,Keyaro Edutech Private Limited,India,IN,CR06759873706056482817,https://adstransparency.google.com/advertiser/AR02289573295139323905/creative/CR06759873706056482817?region=IN,YouTubeVideo,2026-06-29,2356,3,5,,,,,,,,,,,,,,2026-06-29,html5-banner-no-mp4,,2026-06-29,2026-06-29,,,,
199,199,English Seekho,AR02289573295139323905,Keyaro Edutech Private Limited,India,IN,CR06759873706056482817,https://adstransparency.google.com/advertiser/AR02289573295139323905/creative/CR06759873706056482817?region=IN,YouTubeVideo,2026-06-29,2356,4,5,,,,,,,,,,,,,,2026-06-29,html5-banner-no-mp4,,2026-06-29,2026-06-29,,,,
200,200,English Seekho,AR02289573295139323905,Keyaro Edutech Private Limited,India,IN,CR06823254821911396353,https://adstransparency.google.com/advertiser/AR02289573295139323905/creative/CR06823254821911396353?region=IN,YouTubeVideo,2026-06-29,2356,0,5,,,,,,,,,,,,,00:00,2026-06-29,html5-banner-no-mp4,,2026-06-29,2026-06-29,,,,
201,201,English Seekho,AR02289573295139323905,Keyaro Edutech Private Limited,India,IN,CR06823254821911396353,https://adstransparency.google.com/advertiser/AR02289573295139323905/creative/CR06823254821911396353?region=IN,YouTubeVideo,2026-06-29,2356,1,5,,,,,,,,,,,,,,2026-06-29,html5-banner-no-mp4,,2026-06-29,2026-06-29,,,,
202,202,English Seekho,AR02289573295139323905,Keyaro Edutech Private Limited,India,IN,CR06823254821911396353,https://adstransparency.google.com/advertiser/AR02289573295139323905/creative/CR06823254821911396353?region=IN,YouTubeVideo,2026-06-29,2356,2,5,,,,,,,,,,,,,00:00,2026-06-29,html5-banner-no-mp4,,2026-06-29,2026-06-29,,,,
203,203,English Seekho,AR02289573295139323905,Keyaro Edutech Private Limited,India,IN,CR06823254821911396353,https://adstransparency.google.com/advertiser/AR02289573295139323905/creative/CR06823254821911396353?region=IN,YouTubeVideo,2026-06-29,2356,3,5,,,,,,,,,,,,,,2026-06-29,html5-banner-no-mp4,,2026-06-29,2026-06-29,,,,
204,204,English Seekho,AR02289573295139323905,Keyaro Edutech Private Limited,India,IN,CR06823254821911396353,https://adstransparency.google.com/advertiser/AR02289573295139323905/creative/CR06823254821911396353?region=IN,YouTubeVideo,2026-06-29,2356,4,5,,,,,,,,,,,,,,2026-06-29,html5-banner-no-mp4,,2026-06-29,2026-06-29,,,,
205,205,English Seekho,AR02289573295139323905,Keyaro Edutech Private Limited,India,IN,CR06949839628522225665,https://adstransparency.google.com/advertiser/AR02289573295139323905/creative/CR06949839628522225665?region=IN,YouTubeVideo,2026-06-29,2356,0,3,,,,,,,,,,,,,00:00,2026-06-29,html5-banner-no-mp4,,2026-06-29,2026-06-29,,,,
206,206,English Seekho,AR02289573295139323905,Keyaro Edutech Private Limited,India,IN,CR06949839628522225665,https://adstransparency.google.com/advertiser/AR02289573295139323905/creative/CR06949839628522225665?region=IN,YouTubeVideo,2026-06-29,2356,1,3,,,,,,,,,,,,,,2026-06-29,html5-banner-no-mp4,,2026-06-29,2026-06-29,,,,
207,207,English Seekho,AR02289573295139323905,Keyaro Edutech Private Limited,India,IN,CR06949839628522225665,https://adstransparency.google.com/advertiser/AR02289573295139323905/creative/CR06949839628522225665?region=IN,YouTubeVideo,2026-06-29,2356,2,3,⁦Seekho⁩,Seekho: Short Learning Videos | Kaise kare PAN Aadhaar link,,,https://ads-rendering-prod.corp.google.com/search,,,,,,,,,2026-06-29,html5-banner-no-mp4,,2026-06-29,2026-06-29,,,,
208,208,English Seekho,AR02289573295139323905,Keyaro Edutech Private Limited,India,IN,CR06951888886268166145,https://adstransparency.google.com/advertiser/AR02289573295139323905/creative/CR06951888886268166145?region=IN,YouTubeVideo,2026-06-29,2356,0,4,,,,,,,,,,,,,,2026-06-29,html5-banner-no-mp4,,2026-06-29,2026-06-29,,,,
209,209,English Seekho,AR02289573295139323905,Keyaro Edutech Private Limited,India,IN,CR06951888886268166145,https://adstransparency.google.com/advertiser/AR02289573295139323905/creative/CR06951888886268166145?region=IN,YouTubeVideo,2026-06-29,2356,1,4,,,,,,,,,,,,,,2026-06-29,html5-banner-no-mp4,,2026-06-29,2026-06-29,,,,
210,210,English Seekho,AR02289573295139323905,Keyaro Edutech Private Limited,India,IN,CR06951888886268166145,https://adstransparency.google.com/advertiser/AR02289573295139323905/creative/CR06951888886268166145?region=IN,YouTubeVideo,2026-06-29,2356,2,4,,,,,,,,,,,,,00:00,2026-06-29,html5-banner-no-mp4,,2026-06-29,2026-06-29,,,,
211,211,English Seekho,AR02289573295139323905,Keyaro Edutech Private Limited,India,IN,CR06951888886268166145,https://adstransparency.google.com/advertiser/AR02289573295139323905/creative/CR06951888886268166145?region=IN,YouTubeVideo,2026-06-29,2356,3,4,,,,,,,,,,,,,,2026-06-29,html5-banner-no-mp4,,2026-06-29,2026-06-29,,,,
212,212,English Seekho,AR02289573295139323905,Keyaro Edutech Private Limited,India,IN,CR07160685001921527809,https://adstransparency.google.com/advertiser/AR02289573295139323905/creative/CR07160685001921527809?region=IN,YouTubeVideo,2026-06-29,2356,0,3,,,,,,,,,,,,,00:00,2026-06-29,html5-banner-no-mp4,,2026-06-29,2026-06-29,,,,
213,213,English Seekho,AR02289573295139323905,Keyaro Edutech Private Limited,India,IN,CR07160685001921527809,https://adstransparency.google.com/advertiser/AR02289573295139323905/creative/CR07160685001921527809?region=IN,YouTubeVideo,2026-06-29,2356,1,3,,,,,,,,,,,,,00:00,2026-06-29,html5-banner-no-mp4,,2026-06-29,2026-06-29,,,,
214,214,English Seekho,AR02289573295139323905,Keyaro Edutech Private Limited,India,IN,CR07160685001921527809,https://adstransparency.google.com/advertiser/AR02289573295139323905/creative/CR07160685001921527809?region=IN,YouTubeVideo,2026-06-29,2356,2,3,⁦Seekho⁩,Seekho: Short Learning Videos | Channel Monetise Karo Fast,,,https://ads-rendering-prod.corp.google.com/search,,,,,,,,,2026-06-29,html5-banner-no-mp4,,2026-06-29,2026-06-29,,,,
215,215,English Seekho,AR02289573295139323905,Keyaro Edutech Private Limited,India,IN,CR07420450396419653633,https://adstransparency.google.com/advertiser/AR02289573295139323905/creative/CR07420450396419653633?region=IN,YouTubeVideo,2026-06-29,2356,0,4,ఇన్\u200cస్టాల్ చేయండి,,,,,,,,,,,,00:00,2026-06-29,html5-banner-no-mp4,,2026-06-29,2026-06-29,,,,
216,216,English Seekho,AR02289573295139323905,Keyaro Edutech Private Limited,India,IN,CR07420450396419653633,https://adstransparency.google.com/advertiser/AR02289573295139323905/creative/CR07420450396419653633?region=IN,YouTubeVideo,2026-06-29,2356,1,4,ఇన్\u200cస్టాల్ చేయండి,,,,,,,,,,,,00:00,2026-06-29,html5-banner-no-mp4,,2026-06-29,2026-06-29,,,,
217,217,English Seekho,AR02289573295139323905,Keyaro Edutech Private Limited,India,IN,CR07420450396419653633,https://adstransparency.google.com/advertiser/AR02289573295139323905/creative/CR07420450396419653633?region=IN,YouTubeVideo,2026-06-29,2356,2,4,⁦Seekho⁩,Seekho: Short Learning Videos | Start a successful business,,,https://ads-rendering-prod.corp.google.com/search,,,,,,,,,2026-06-29,html5-banner-no-mp4,,2026-06-29,2026-06-29,,,,
218,218,English Seekho,AR02289573295139323905,Keyaro Edutech Private Limited,India,IN,CR07420450396419653633,https://adstransparency.google.com/advertiser/AR02289573295139323905/creative/CR07420450396419653633?region=IN,YouTubeVideo,2026-06-29,2356,3,4,,,,,,,,,,,,,,2026-06-29,html5-banner-no-mp4,,2026-06-29,2026-06-29,,,,
219,219,English Seekho,AR02289573295139323905,Keyaro Edutech Private Limited,India,IN,CR07815797394372558849,https://adstransparency.google.com/advertiser/AR02289573295139323905/creative/CR07815797394372558849?region=IN,YouTubeVideo,2026-06-29,2356,0,4,,,,,,,,,,,,,00:00,2026-06-29,html5-banner-no-mp4,,2026-06-29,2026-06-29,,,,
220,220,English Seekho,AR02289573295139323905,Keyaro Edutech Private Limited,India,IN,CR07815797394372558849,https://adstransparency.google.com/advertiser/AR02289573295139323905/creative/CR07815797394372558849?region=IN,YouTubeVideo,2026-06-29,2356,1,4,,,,,,,,,,,,,00:00,2026-06-29,html5-banner-no-mp4,,2026-06-29,2026-06-29,,,,
221,221,English Seekho,AR02289573295139323905,Keyaro Edutech Private Limited,India,IN,CR07815797394372558849,https://adstransparency.google.com/advertiser/AR02289573295139323905/creative/CR07815797394372558849?region=IN,YouTubeVideo,2026-06-29,2356,2,4,,,,,,,,,,,,,,2026-06-29,html5-banner-no-mp4,,2026-06-29,2026-06-29,,,,
222,222,English Seekho,AR02289573295139323905,Keyaro Edutech Private Limited,India,IN,CR07815797394372558849,https://adstransparency.google.com/advertiser/AR02289573295139323905/creative/CR07815797394372558849?region=IN,YouTubeVideo,2026-06-29,2356,3,4,,,,,,,,,,,,,,2026-06-29,html5-banner-no-mp4,,2026-06-29,2026-06-29,,,,
223,223,English Seekho,AR02289573295139323905,Keyaro Edutech Private Limited,India,IN,CR07934513863846789121,https://adstransparency.google.com/advertiser/AR02289573295139323905/creative/CR07934513863846789121?region=IN,YouTubeVideo,2026-06-29,2356,0,4,⁦Seekho⁩,Seekho: Short Learning Videos | ಕರಿಯರ್ ಮತ್ತು ಬಿಸಿನೆಸ್\u200cಗೆ ದಾರಿ,,,https://ads-rendering-prod.corp.google.com/search,,,,,,,,,2026-06-29,html5-banner-no-mp4,,2026-06-29,2026-06-29,,,,
224,224,English Seekho,AR02289573295139323905,Keyaro Edutech Private Limited,India,IN,CR07934513863846789121,https://adstransparency.google.com/advertiser/AR02289573295139323905/creative/CR07934513863846789121?region=IN,YouTubeVideo,2026-06-29,2356,1,4,⁦Seekho⁩,Seekho: Short Learning Videos | ಇಂದೇ ಭವಿಷ್ಯ ತಿಳಿದುಕೊಳ್ಳಿ,,,https://ads-rendering-prod.corp.google.com/search,,,,,,,,,2026-06-29,html5-banner-no-mp4,,2026-06-29,2026-06-29,,,,
225,225,English Seekho,AR02289573295139323905,Keyaro Edutech Private Limited,India,IN,CR07934513863846789121,https://adstransparency.google.com/advertiser/AR02289573295139323905/creative/CR07934513863846789121?region=IN,YouTubeVideo,2026-06-29,2356,2,4,,,,,,,,,,,,,,2026-06-29,html5-banner-no-mp4,,2026-06-29,2026-06-29,,,,
226,226,English Seekho,AR02289573295139323905,Keyaro Edutech Private Limited,India,IN,CR07934513863846789121,https://adstransparency.google.com/advertiser/AR02289573295139323905/creative/CR07934513863846789121?region=IN,YouTubeVideo,2026-06-29,2356,3,4,,,,,,,,,,,,,,2026-06-29,html5-banner-no-mp4,,2026-06-29,2026-06-29,,,,
227,227,English Seekho,AR02289573295139323905,Keyaro Edutech Private Limited,India,IN,CR08031063946976821249,https://adstransparency.google.com/advertiser/AR02289573295139323905/creative/CR08031063946976821249?region=IN,YouTubeVideo,2026-06-29,2356,0,4,,,,,,,,,,,,,00:00,2026-06-29,html5-banner-no-mp4,,2026-06-29,2026-06-29,,,,
228,228,English Seekho,AR02289573295139323905,Keyaro Edutech Private Limited,India,IN,CR08031063946976821249,https://adstransparency.google.com/advertiser/AR02289573295139323905/creative/CR08031063946976821249?region=IN,YouTubeVideo,2026-06-29,2356,1,4,,,,,,,,,,,,,00:00,2026-06-29,html5-banner-no-mp4,,2026-06-29,2026-06-29,,,,
229,229,English Seekho,AR02289573295139323905,Keyaro Edutech Private Limited,India,IN,CR08031063946976821249,https://adstransparency.google.com/advertiser/AR02289573295139323905/creative/CR08031063946976821249?region=IN,YouTubeVideo,2026-06-29,2356,2,4,,,,,,,,,,,,,00:00,2026-06-29,html5-banner-no-mp4,,2026-06-29,2026-06-29,,,,
230,230,English Seekho,AR02289573295139323905,Keyaro Edutech Private Limited,India,IN,CR08031063946976821249,https://adstransparency.google.com/advertiser/AR02289573295139323905/creative/CR08031063946976821249?region=IN,YouTubeVideo,2026-06-29,2356,3,4,,,,,,,,,,,,,,2026-06-29,html5-banner-no-mp4,,2026-06-29,2026-06-29,,,,
231,231,English Seekho,AR02289573295139323905,Keyaro Edutech Private Limited,India,IN,CR08149803162597851137,https://adstransparency.google.com/advertiser/AR02289573295139323905/creative/CR08149803162597851137?region=IN,YouTubeVideo,2026-06-29,2356,0,3,,,,,,,,,,,,,,2026-06-29,html5-banner-no-mp4,,2026-06-29,2026-06-29,,,,
232,232,English Seekho,AR02289573295139323905,Keyaro Edutech Private Limited,India,IN,CR08149803162597851137,https://adstransparency.google.com/advertiser/AR02289573295139323905/creative/CR08149803162597851137?region=IN,YouTubeVideo,2026-06-29,2356,1,3,,,,,,,,,,,,,,2026-06-29,html5-banner-no-mp4,,2026-06-29,2026-06-29,,,,
233,233,English Seekho,AR02289573295139323905,Keyaro Edutech Private Limited,India,IN,CR08149803162597851137,https://adstransparency.google.com/advertiser/AR02289573295139323905/creative/CR08149803162597851137?region=IN,YouTubeVideo,2026-06-29,2356,2,3,,,,,,,,,,,,,00:00,2026-06-29,html5-banner-no-mp4,,2026-06-29,2026-06-29,,,,
234,234,English Seekho,AR02289573295139323905,Keyaro Edutech Private Limited,India,IN,CR08358939370941579265,https://adstransparency.google.com/advertiser/AR02289573295139323905/creative/CR08358939370941579265?region=IN,YouTubeVideo,2026-06-29,2356,0,4,,,,,,,,,,,,,,2026-06-29,html5-banner-no-mp4,,2026-06-29,2026-06-29,,,,
235,235,English Seekho,AR02289573295139323905,Keyaro Edutech Private Limited,India,IN,CR08358939370941579265,https://adstransparency.google.com/advertiser/AR02289573295139323905/creative/CR08358939370941579265?region=IN,YouTubeVideo,2026-06-29,2356,1,4,,,,,,,,,,,,,,2026-06-29,html5-banner-no-mp4,,2026-06-29,2026-06-29,,,,
236,236,English Seekho,AR02289573295139323905,Keyaro Edutech Private Limited,India,IN,CR08358939370941579265,https://adstransparency.google.com/advertiser/AR02289573295139323905/creative/CR08358939370941579265?region=IN,YouTubeVideo,2026-06-29,2356,2,4,,,,,,,,,,,,,00:00,2026-06-29,html5-banner-no-mp4,,2026-06-29,2026-06-29,,,,
237,237,English Seekho,AR02289573295139323905,Keyaro Edutech Private Limited,India,IN,CR08358939370941579265,https://adstransparency.google.com/advertiser/AR02289573295139323905/creative/CR08358939370941579265?region=IN,YouTubeVideo,2026-06-29,2356,3,4,,,,,,,,,,,,,,2026-06-29,html5-banner-no-mp4,,2026-06-29,2026-06-29,,,,
238,238,English Seekho,AR02289573295139323905,Keyaro Edutech Private Limited,India,IN,CR08493834715931869185,https://adstransparency.google.com/advertiser/AR02289573295139323905/creative/CR08493834715931869185?region=IN,YouTubeVideo,2026-06-29,2356,0,3,,,,,,,,,,,,,00:00,2026-06-29,html5-banner-no-mp4,,2026-06-29,2026-06-29,,,,
239,239,English Seekho,AR02289573295139323905,Keyaro Edutech Private Limited,India,IN,CR08493834715931869185,https://adstransparency.google.com/advertiser/AR02289573295139323905/creative/CR08493834715931869185?region=IN,YouTubeVideo,2026-06-29,2356,1,3,,,,,,,,,,,,,00:00,2026-06-29,html5-banner-no-mp4,,2026-06-29,2026-06-29,,,,
240,240,English Seekho,AR02289573295139323905,Keyaro Edutech Private Limited,India,IN,CR08493834715931869185,https://adstransparency.google.com/advertiser/AR02289573295139323905/creative/CR08493834715931869185?region=IN,YouTubeVideo,2026-06-29,2356,2,3,,,,,,,,,,,,,00:00,2026-06-29,html5-banner-no-mp4,,2026-06-29,2026-06-29,,,,
241,241,English Seekho,AR02289573295139323905,Keyaro Edutech Private Limited,India,IN,CR08620158319811624961,https://adstransparency.google.com/advertiser/AR02289573295139323905/creative/CR08620158319811624961?region=IN,YouTubeVideo,2026-06-29,2356,0,5,,,,,,,,,,,,,,2026-06-29,html5-banner-no-mp4,,2026-06-29,2026-06-29,,,,
242,242,English Seekho,AR02289573295139323905,Keyaro Edutech Private Limited,India,IN,CR08620158319811624961,https://adstransparency.google.com/advertiser/AR02289573295139323905/creative/CR08620158319811624961?region=IN,YouTubeVideo,2026-06-29,2356,1,5,,,,,,,,,,,,,00:00,2026-06-29,html5-banner-no-mp4,,2026-06-29,2026-06-29,,,,
243,243,English Seekho,AR02289573295139323905,Keyaro Edutech Private Limited,India,IN,CR08620158319811624961,https://adstransparency.google.com/advertiser/AR02289573295139323905/creative/CR08620158319811624961?region=IN,YouTubeVideo,2026-06-29,2356,2,5,,,,,,,,,,,,,,2026-06-29,html5-banner-no-mp4,,2026-06-29,2026-06-29,,,,
244,244,English Seekho,AR02289573295139323905,Keyaro Edutech Private Limited,India,IN,CR08620158319811624961,https://adstransparency.google.com/advertiser/AR02289573295139323905/creative/CR08620158319811624961?region=IN,YouTubeVideo,2026-06-29,2356,3,5,,,,,,,,,,,,,,2026-06-29,html5-banner-no-mp4,,2026-06-29,2026-06-29,,,,
245,245,English Seekho,AR02289573295139323905,Keyaro Edutech Private Limited,India,IN,CR08620158319811624961,https://adstransparency.google.com/advertiser/AR02289573295139323905/creative/CR08620158319811624961?region=IN,YouTubeVideo,2026-06-29,2356,4,5,,,,,,,,,,,,,,2026-06-29,html5-banner-no-mp4,,2026-06-29,2026-06-29,,,,
246,246,English Seekho,AR02289573295139323905,Keyaro Edutech Private Limited,India,IN,CR08733649540663476225,https://adstransparency.google.com/advertiser/AR02289573295139323905/creative/CR08733649540663476225?region=IN,YouTubeVideo,2026-06-29,2356,0,1,,,,,,,,,,,,,00:00,2026-06-29,html5-banner-no-mp4,,2026-06-29,2026-06-29,,,,
247,247,English Seekho,AR02289573295139323905,Keyaro Edutech Private Limited,India,IN,CR08734232144387244033,https://adstransparency.google.com/advertiser/AR02289573295139323905/creative/CR08734232144387244033,Unknown,,,0,1,,,,,,,,,,,,,,2026-06-29,detail-fetch: HTTPError,,2026-06-29,2026-06-29,,,,
248,248,English Seekho,AR02289573295139323905,Keyaro Edutech Private Limited,India,IN,CR08793678365824385025,https://adstransparency.google.com/advertiser/AR02289573295139323905/creative/CR08793678365824385025?region=IN,YouTubeVideo,2026-06-29,2356,0,4,इंस्टॉल करें,,,,,,,,,,,,00:00,2026-06-29,html5-banner-no-mp4,,2026-06-29,2026-06-29,,,,
249,249,English Seekho,AR02289573295139323905,Keyaro Edutech Private Limited,India,IN,CR08793678365824385025,https://adstransparency.google.com/advertiser/AR02289573295139323905/creative/CR08793678365824385025?region=IN,YouTubeVideo,2026-06-29,2356,1,4,,,,,,,,,,,,,00:00,2026-06-29,html5-banner-no-mp4,,2026-06-29,2026-06-29,,,,
250,250,English Seekho,AR02289573295139323905,Keyaro Edutech Private Limited,India,IN,CR08793678365824385025,https://adstransparency.google.com/advertiser/AR02289573295139323905/creative/CR08793678365824385025?region=IN,YouTubeVideo,2026-06-29,2356,2,4,इंस्टॉल करें,,,,,,,,,,,,00:00,2026-06-29,html5-banner-no-mp4,,2026-06-29,2026-06-29,,,,
251,251,English Seekho,AR02289573295139323905,Keyaro Edutech Private Limited,India,IN,CR08793678365824385025,https://adstransparency.google.com/advertiser/AR02289573295139323905/creative/CR08793678365824385025?region=IN,YouTubeVideo,2026-06-29,2356,3,4,,,,,,,,,,,,,,2026-06-29,html5-banner-no-mp4,,2026-06-29,2026-06-29,,,,
252,252,English Seekho,AR02289573295139323905,Keyaro Edutech Private Limited,India,IN,CR08852009313103773697,https://adstransparency.google.com/advertiser/AR02289573295139323905/creative/CR08852009313103773697?region=IN,YouTubeVideo,2026-06-29,2356,0,5,,,,,,,,,,,,,,2026-06-29,html5-banner-no-mp4,,2026-06-29,2026-06-29,,,,
253,253,English Seekho,AR02289573295139323905,Keyaro Edutech Private Limited,India,IN,CR08852009313103773697,https://adstransparency.google.com/advertiser/AR02289573295139323905/creative/CR08852009313103773697?region=IN,YouTubeVideo,2026-06-29,2356,1,5,,,,,,,,,,,,,00:00,2026-06-29,html5-banner-no-mp4,,2026-06-29,2026-06-29,,,,
254,254,English Seekho,AR02289573295139323905,Keyaro Edutech Private Limited,India,IN,CR08852009313103773697,https://adstransparency.google.com/advertiser/AR02289573295139323905/creative/CR08852009313103773697?region=IN,YouTubeVideo,2026-06-29,2356,2,5,,,,,,,,,,,,,00:00,2026-06-29,html5-banner-no-mp4,,2026-06-29,2026-06-29,,,,
255,255,English Seekho,AR02289573295139323905,Keyaro Edutech Private Limited,India,IN,CR08852009313103773697,https://adstransparency.google.com/advertiser/AR02289573295139323905/creative/CR08852009313103773697?region=IN,YouTubeVideo,2026-06-29,2356,3,5,,,,,,,,,,,,,,2026-06-29,html5-banner-no-mp4,,2026-06-29,2026-06-29,,,,
256,256,English Seekho,AR02289573295139323905,Keyaro Edutech Private Limited,India,IN,CR08852009313103773697,https://adstransparency.google.com/advertiser/AR02289573295139323905/creative/CR08852009313103773697?region=IN,YouTubeVideo,2026-06-29,2356,4,5,,,,,,,,,,,,,,2026-06-29,html5-banner-no-mp4,,2026-06-29,2026-06-29,,,,
257,257,English Seekho,AR02289573295139323905,Keyaro Edutech Private Limited,India,IN,CR08860669410281521153,https://adstransparency.google.com/advertiser/AR02289573295139323905/creative/CR08860669410281521153?region=IN,YouTubeVideo,2026-06-29,2356,0,4,,,,,,,,,,,,,,2026-06-29,html5-banner-no-mp4,,2026-06-29,2026-06-29,,,,
258,258,English Seekho,AR02289573295139323905,Keyaro Edutech Private Limited,India,IN,CR08860669410281521153,https://adstransparency.google.com/advertiser/AR02289573295139323905/creative/CR08860669410281521153?region=IN,YouTubeVideo,2026-06-29,2356,1,4,,,,,,,,,,,,,00:00,2026-06-29,html5-banner-no-mp4,,2026-06-29,2026-06-29,,,,
259,259,English Seekho,AR02289573295139323905,Keyaro Edutech Private Limited,India,IN,CR08860669410281521153,https://adstransparency.google.com/advertiser/AR02289573295139323905/creative/CR08860669410281521153?region=IN,YouTubeVideo,2026-06-29,2356,2,4,,,,,,,,,,,,,00:00,2026-06-29,html5-banner-no-mp4,,2026-06-29,2026-06-29,,,,
260,260,English Seekho,AR02289573295139323905,Keyaro Edutech Private Limited,India,IN,CR08860669410281521153,https://adstransparency.google.com/advertiser/AR02289573295139323905/creative/CR08860669410281521153?region=IN,YouTubeVideo,2026-06-29,2356,3,4,,,,,,,,,,,,,,2026-06-29,html5-banner-no-mp4,,2026-06-29,2026-06-29,,,,
261,261,English Seekho,AR02289573295139323905,Keyaro Edutech Private Limited,India,IN,CR09067798090781556737,https://adstransparency.google.com/advertiser/AR02289573295139323905/creative/CR09067798090781556737?region=IN,YouTubeVideo,2026-06-29,2356,0,3,,,,,,,,,,,,,00:00,2026-06-29,html5-banner-no-mp4,,2026-06-29,2026-06-29,,,,
262,262,English Seekho,AR02289573295139323905,Keyaro Edutech Private Limited,India,IN,CR09067798090781556737,https://adstransparency.google.com/advertiser/AR02289573295139323905/creative/CR09067798090781556737?region=IN,YouTubeVideo,2026-06-29,2356,1,3,,,,,,,,,,,,,,2026-06-29,html5-banner-no-mp4,,2026-06-29,2026-06-29,,,,
263,263,English Seekho,AR02289573295139323905,Keyaro Edutech Private Limited,India,IN,CR09067798090781556737,https://adstransparency.google.com/advertiser/AR02289573295139323905/creative/CR09067798090781556737?region=IN,YouTubeVideo,2026-06-29,2356,2,3,,,,,,,,,,,,,,2026-06-29,html5-banner-no-mp4,,2026-06-29,2026-06-29,,,,
264,264,English Seekho,AR02289573295139323905,Keyaro Edutech Private Limited,India,IN,CR09295687792786931713,https://adstransparency.google.com/advertiser/AR02289573295139323905/creative/CR09295687792786931713?region=IN,YouTubeVideo,2026-06-29,2356,0,4,,,,,,,,,,,,,00:00,2026-06-29,html5-banner-no-mp4,,2026-06-29,2026-06-29,,,,
265,265,English Seekho,AR02289573295139323905,Keyaro Edutech Private Limited,India,IN,CR09295687792786931713,https://adstransparency.google.com/advertiser/AR02289573295139323905/creative/CR09295687792786931713?region=IN,YouTubeVideo,2026-06-29,2356,1,4,,,,,,,,,,,,,00:00,2026-06-29,html5-banner-no-mp4,,2026-06-29,2026-06-29,,,,
266,266,English Seekho,AR02289573295139323905,Keyaro Edutech Private Limited,India,IN,CR09295687792786931713,https://adstransparency.google.com/advertiser/AR02289573295139323905/creative/CR09295687792786931713?region=IN,YouTubeVideo,2026-06-29,2356,2,4,,,,,,,,,,,,,00:00,2026-06-29,html5-banner-no-mp4,,2026-06-29,2026-06-29,,,,
267,267,English Seekho,AR02289573295139323905,Keyaro Edutech Private Limited,India,IN,CR09295687792786931713,https://adstransparency.google.com/advertiser/AR02289573295139323905/creative/CR09295687792786931713?region=IN,YouTubeVideo,2026-06-29,2356,3,4,,,,,,,,,,,,,,2026-06-29,html5-banner-no-mp4,,2026-06-29,2026-06-29,,,,
268,268,English Seekho,AR02289573295139323905,Keyaro Edutech Private Limited,India,IN,CR09679862859248435201,https://adstransparency.google.com/advertiser/AR02289573295139323905/creative/CR09679862859248435201?region=IN,YouTubeVideo,2026-06-29,2356,0,4,,,,,,,,,,,,,00:00,2026-06-29,html5-banner-no-mp4,,2026-06-29,2026-06-29,,,,
269,269,English Seekho,AR02289573295139323905,Keyaro Edutech Private Limited,India,IN,CR09679862859248435201,https://adstransparency.google.com/advertiser/AR02289573295139323905/creative/CR09679862859248435201?region=IN,YouTubeVideo,2026-06-29,2356,1,4,,,,,,,,,,,,,00:00,2026-06-29,html5-banner-no-mp4,,2026-06-29,2026-06-29,,,,
270,270,English Seekho,AR02289573295139323905,Keyaro Edutech Private Limited,India,IN,CR09679862859248435201,https://adstransparency.google.com/advertiser/AR02289573295139323905/creative/CR09679862859248435201?region=IN,YouTubeVideo,2026-06-29,2356,2,4,,,,,,,,,,,,,00:00,2026-06-29,html5-banner-no-mp4,,2026-06-29,2026-06-29,,,,
271,271,English Seekho,AR02289573295139323905,Keyaro Edutech Private Limited,India,IN,CR09679862859248435201,https://adstransparency.google.com/advertiser/AR02289573295139323905/creative/CR09679862859248435201?region=IN,YouTubeVideo,2026-06-29,2356,3,4,,,,,,,,,,,,,,2026-06-29,html5-banner-no-mp4,,2026-06-29,2026-06-29,,,,
272,272,English Seekho,AR02289573295139323905,Keyaro Edutech Private Limited,India,IN,CR09693630007548575745,https://adstransparency.google.com/advertiser/AR02289573295139323905/creative/CR09693630007548575745?region=IN,YouTubeVideo,2026-06-29,2356,0,5,,,,,,,,,,,,,00:00,2026-06-29,html5-banner-no-mp4,,2026-06-29,2026-06-29,,,,
273,273,English Seekho,AR02289573295139323905,Keyaro Edutech Private Limited,India,IN,CR09693630007548575745,https://adstransparency.google.com/advertiser/AR02289573295139323905/creative/CR09693630007548575745?region=IN,YouTubeVideo,2026-06-29,2356,1,5,,,,,,,,,,,,,00:00,2026-06-29,html5-banner-no-mp4,,2026-06-29,2026-06-29,,,,
274,274,English Seekho,AR02289573295139323905,Keyaro Edutech Private Limited,India,IN,CR09693630007548575745,https://adstransparency.google.com/advertiser/AR02289573295139323905/creative/CR09693630007548575745?region=IN,YouTubeVideo,2026-06-29,2356,2,5,,,,,,,,,,,,,,2026-06-29,html5-banner-no-mp4,,2026-06-29,2026-06-29,,,,
275,275,English Seekho,AR02289573295139323905,Keyaro Edutech Private Limited,India,IN,CR09693630007548575745,https://adstransparency.google.com/advertiser/AR02289573295139323905/creative/CR09693630007548575745?region=IN,YouTubeVideo,2026-06-29,2356,3,5,,,,,,,,,,,,,,2026-06-29,html5-banner-no-mp4,,2026-06-29,2026-06-29,,,,
276,276,English Seekho,AR02289573295139323905,Keyaro Edutech Private Limited,India,IN,CR09693630007548575745,https://adstransparency.google.com/advertiser/AR02289573295139323905/creative/CR09693630007548575745?region=IN,YouTubeVideo,2026-06-29,2356,4,5,,,,,,,,,,,,,,2026-06-29,html5-banner-no-mp4,,2026-06-29,2026-06-29,,,,
277,277,English Seekho,AR02289573295139323905,Keyaro Edutech Private Limited,India,IN,CR09742146164282621953,https://adstransparency.google.com/advertiser/AR02289573295139323905/creative/CR09742146164282621953?region=IN,YouTubeVideo,2026-06-29,2356,0,4,ಇನ್\u200cಸ್ಟಾಲ್,,,,,,,,,,,,00:00,2026-06-29,html5-banner-no-mp4,,2026-06-29,2026-06-29,,,,
278,278,English Seekho,AR02289573295139323905,Keyaro Edutech Private Limited,India,IN,CR09742146164282621953,https://adstransparency.google.com/advertiser/AR02289573295139323905/creative/CR09742146164282621953?region=IN,YouTubeVideo,2026-06-29,2356,1,4,ಇನ್\u200cಸ್ಟಾಲ್,,,,,,,,,,,,00:00,2026-06-29,html5-banner-no-mp4,,2026-06-29,2026-06-29,,,,
279,279,English Seekho,AR02289573295139323905,Keyaro Edutech Private Limited,India,IN,CR09742146164282621953,https://adstransparency.google.com/advertiser/AR02289573295139323905/creative/CR09742146164282621953?region=IN,YouTubeVideo,2026-06-29,2356,2,4,,,,,,,,,,,,,,2026-06-29,html5-banner-no-mp4,,2026-06-29,2026-06-29,,,,
280,280,English Seekho,AR02289573295139323905,Keyaro Edutech Private Limited,India,IN,CR09742146164282621953,https://adstransparency.google.com/advertiser/AR02289573295139323905/creative/CR09742146164282621953?region=IN,YouTubeVideo,2026-06-29,2356,3,4,,,,,,,,,,,,,,2026-06-29,html5-banner-no-mp4,,2026-06-29,2026-06-29,,,,
281,281,English Seekho,AR02289573295139323905,Keyaro Edutech Private Limited,India,IN,CR09757354883995926529,https://adstransparency.google.com/advertiser/AR02289573295139323905/creative/CR09757354883995926529?region=IN,YouTubeVideo,2026-06-29,2356,0,4,ఇన్\u200cస్టాల్ చేయండి,,,,,,,,,,,,00:00,2026-06-29,html5-banner-no-mp4,,2026-06-29,2026-06-29,,,,
282,282,English Seekho,AR02289573295139323905,Keyaro Edutech Private Limited,India,IN,CR09757354883995926529,https://adstransparency.google.com/advertiser/AR02289573295139323905/creative/CR09757354883995926529?region=IN,YouTubeVideo,2026-06-29,2356,1,4,,,,,,,,,,,,,00:00,2026-06-29,html5-banner-no-mp4,,2026-06-29,2026-06-29,,,,
283,283,English Seekho,AR02289573295139323905,Keyaro Edutech Private Limited,India,IN,CR09757354883995926529,https://adstransparency.google.com/advertiser/AR02289573295139323905/creative/CR09757354883995926529?region=IN,YouTubeVideo,2026-06-29,2356,2,4,ఇన్\u200cస్టాల్ చేయండి,,,,,,,,,,,,00:00,2026-06-29,html5-banner-no-mp4,,2026-06-29,2026-06-29,,,,
284,284,English Seekho,AR02289573295139323905,Keyaro Edutech Private Limited,India,IN,CR09757354883995926529,https://adstransparency.google.com/advertiser/AR02289573295139323905/creative/CR09757354883995926529?region=IN,YouTubeVideo,2026-06-29,2356,3,4,,,,,,,,,,,,,,2026-06-29,html5-banner-no-mp4,,2026-06-29,2026-06-29,,,,
285,285,English Seekho,AR02289573295139323905,Keyaro Edutech Private Limited,India,IN,CR10346195630421966849,https://adstransparency.google.com/advertiser/AR02289573295139323905/creative/CR10346195630421966849?region=IN,YouTubeVideo,2026-06-29,2356,0,4,,,,,,,,,,,,,,2026-06-29,html5-banner-no-mp4,,2026-06-29,2026-06-29,,,,
286,286,English Seekho,AR02289573295139323905,Keyaro Edutech Private Limited,India,IN,CR10346195630421966849,https://adstransparency.google.com/advertiser/AR02289573295139323905/creative/CR10346195630421966849?region=IN,YouTubeVideo,2026-06-29,2356,1,4,,,,,,,,,,,,,,2026-06-29,html5-banner-no-mp4,,2026-06-29,2026-06-29,,,,
287,287,English Seekho,AR02289573295139323905,Keyaro Edutech Private Limited,India,IN,CR10346195630421966849,https://adstransparency.google.com/advertiser/AR02289573295139323905/creative/CR10346195630421966849?region=IN,YouTubeVideo,2026-06-29,2356,2,4,,,,,,,,,,,,,,2026-06-29,html5-banner-no-mp4,,2026-06-29,2026-06-29,,,,
288,288,English Seekho,AR02289573295139323905,Keyaro Edutech Private Limited,India,IN,CR10346195630421966849,https://adstransparency.google.com/advertiser/AR02289573295139323905/creative/CR10346195630421966849?region=IN,YouTubeVideo,2026-06-29,2356,3,4,,,,,,,,,,,,,,2026-06-29,html5-banner-no-mp4,,2026-06-29,2026-06-29,,,,
289,289,English Seekho,AR02289573295139323905,Keyaro Edutech Private Limited,India,IN,CR10584891315525255169,https://adstransparency.google.com/advertiser/AR02289573295139323905/creative/CR10584891315525255169?region=IN,YouTubeVideo,2026-06-29,2356,0,4,,,,,,,,,,,,,,2026-06-29,html5-banner-no-mp4,,2026-06-29,2026-06-29,,,,
290,290,English Seekho,AR02289573295139323905,Keyaro Edutech Private Limited,India,IN,CR10584891315525255169,https://adstransparency.google.com/advertiser/AR02289573295139323905/creative/CR10584891315525255169?region=IN,YouTubeVideo,2026-06-29,2356,1,4,ఇన్\u200cస్టాల్ చేయండి,,,,,,,,,,,,00:00,2026-06-29,html5-banner-no-mp4,,2026-06-29,2026-06-29,,,,
291,291,English Seekho,AR02289573295139323905,Keyaro Edutech Private Limited,India,IN,CR10584891315525255169,https://adstransparency.google.com/advertiser/AR02289573295139323905/creative/CR10584891315525255169?region=IN,YouTubeVideo,2026-06-29,2356,2,4,ఇన్\u200cస్టాల్ చేయండి,,,,,,,,,,,,00:00,2026-06-29,html5-banner-no-mp4,,2026-06-29,2026-06-29,,,,
292,292,English Seekho,AR02289573295139323905,Keyaro Edutech Private Limited,India,IN,CR10584891315525255169,https://adstransparency.google.com/advertiser/AR02289573295139323905/creative/CR10584891315525255169?region=IN,YouTubeVideo,2026-06-29,2356,3,4,,,,,,,,,,,,,,2026-06-29,html5-banner-no-mp4,,2026-06-29,2026-06-29,,,,
293,293,English Seekho,AR02289573295139323905,Keyaro Edutech Private Limited,India,IN,CR10726035691902337025,https://adstransparency.google.com/advertiser/AR02289573295139323905/creative/CR10726035691902337025?region=IN,YouTubeVideo,2026-06-29,2356,0,4,,,,,,,,,,,,,00:00,2026-06-29,html5-banner-no-mp4,,2026-06-29,2026-06-29,,,,
294,294,English Seekho,AR02289573295139323905,Keyaro Edutech Private Limited,India,IN,CR10726035691902337025,https://adstransparency.google.com/advertiser/AR02289573295139323905/creative/CR10726035691902337025?region=IN,YouTubeVideo,2026-06-29,2356,1,4,,,,,,,,,,,,,,2026-06-29,html5-banner-no-mp4,,2026-06-29,2026-06-29,,,,
295,295,English Seekho,AR02289573295139323905,Keyaro Edutech Private Limited,India,IN,CR10726035691902337025,https://adstransparency.google.com/advertiser/AR02289573295139323905/creative/CR10726035691902337025?region=IN,YouTubeVideo,2026-06-29,2356,2,4,,,,,,,,,,,,,,2026-06-29,html5-banner-no-mp4,,2026-06-29,2026-06-29,,,,
296,296,English Seekho,AR02289573295139323905,Keyaro Edutech Private Limited,India,IN,CR10726035691902337025,https://adstransparency.google.com/advertiser/AR02289573295139323905/creative/CR10726035691902337025?region=IN,YouTubeVideo,2026-06-29,2356,3,4,,,,,,,,,,,,,,2026-06-29,html5-banner-no-mp4,,2026-06-29,2026-06-29,,,,
297,297,English Seekho,AR02289573295139323905,Keyaro Edutech Private Limited,India,IN,CR10895639689813819393,https://adstransparency.google.com/advertiser/AR02289573295139323905/creative/CR10895639689813819393?region=IN,YouTubeVideo,2026-06-29,2356,0,4,,,,,,,,,,,,,,2026-06-29,html5-banner-no-mp4,,2026-06-29,2026-06-29,,,,
298,298,English Seekho,AR02289573295139323905,Keyaro Edutech Private Limited,India,IN,CR10895639689813819393,https://adstransparency.google.com/advertiser/AR02289573295139323905/creative/CR10895639689813819393?region=IN,YouTubeVideo,2026-06-29,2356,1,4,ఇన్\u200cస్టాల్ చేయండి,,,,,,,,,,,,00:00,2026-06-29,html5-banner-no-mp4,,2026-06-29,2026-06-29,,,,
299,299,English Seekho,AR02289573295139323905,Keyaro Edutech Private Limited,India,IN,CR10895639689813819393,https://adstransparency.google.com/advertiser/AR02289573295139323905/creative/CR10895639689813819393?region=IN,YouTubeVideo,2026-06-29,2356,2,4,ఇన్\u200cస్టాల్ చేయండి,,,,,,,,,,,,00:00,2026-06-29,html5-banner-no-mp4,,2026-06-29,2026-06-29,,,,
300,300,English Seekho,AR02289573295139323905,Keyaro Edutech Private Limited,India,IN,CR10895639689813819393,https://adstransparency.google.com/advertiser/AR02289573295139323905/creative/CR10895639689813819393?region=IN,YouTubeVideo,2026-06-29,2356,3,4,,,,,,,,,,,,,,2026-06-29,html5-banner-no-mp4,,2026-06-29,2026-06-29,,,,
301,301,English Seekho,AR02289573295139323905,Keyaro Edutech Private Limited,India,IN,CR11098543290725695489,https://adstransparency.google.com/advertiser/AR02289573295139323905/creative/CR11098543290725695489?region=IN,YouTubeVideo,2026-06-29,2356,0,4,,,,,,,,,,,,,,2026-06-29,html5-banner-no-mp4,,2026-06-29,2026-06-29,,,,
302,302,English Seekho,AR02289573295139323905,Keyaro Edutech Private Limited,India,IN,CR11098543290725695489,https://adstransparency.google.com/advertiser/AR02289573295139323905/creative/CR11098543290725695489?region=IN,YouTubeVideo,2026-06-29,2356,1,4,,,,,,,,,,,,,00:00,2026-06-29,html5-banner-no-mp4,,2026-06-29,2026-06-29,,,,
303,303,English Seekho,AR02289573295139323905,Keyaro Edutech Private Limited,India,IN,CR11098543290725695489,https://adstransparency.google.com/advertiser/AR02289573295139323905/creative/CR11098543290725695489?region=IN,YouTubeVideo,2026-06-29,2356,2,4,,,,,,,,,,,,,00:00,2026-06-29,html5-banner-no-mp4,,2026-06-29,2026-06-29,,,,
304,304,English Seekho,AR02289573295139323905,Keyaro Edutech Private Limited,India,IN,CR11098543290725695489,https://adstransparency.google.com/advertiser/AR02289573295139323905/creative/CR11098543290725695489?region=IN,YouTubeVideo,2026-06-29,2356,3,4,,,,,,,,,,,,,,2026-06-29,html5-banner-no-mp4,,2026-06-29,2026-06-29,,,,
305,305,English Seekho,AR02289573295139323905,Keyaro Edutech Private Limited,India,IN,CR11457896882190155777,https://adstransparency.google.com/advertiser/AR02289573295139323905/creative/CR11457896882190155777?region=IN,YouTubeVideo,2026-06-29,2356,0,4,,,,,,,,,,,,,00:00,2026-06-29,html5-banner-no-mp4,,2026-06-29,2026-06-29,,,,
306,306,English Seekho,AR02289573295139323905,Keyaro Edutech Private Limited,India,IN,CR11457896882190155777,https://adstransparency.google.com/advertiser/AR02289573295139323905/creative/CR11457896882190155777?region=IN,YouTubeVideo,2026-06-29,2356,1,4,,,,,,,,,,,,,,2026-06-29,html5-banner-no-mp4,,2026-06-29,2026-06-29,,,,
307,307,English Seekho,AR02289573295139323905,Keyaro Edutech Private Limited,India,IN,CR11457896882190155777,https://adstransparency.google.com/advertiser/AR02289573295139323905/creative/CR11457896882190155777?region=IN,YouTubeVideo,2026-06-29,2356,2,4,,,,,,,,,,,,,00:00,2026-06-29,html5-banner-no-mp4,,2026-06-29,2026-06-29,,,,
308,308,English Seekho,AR02289573295139323905,Keyaro Edutech Private Limited,India,IN,CR11457896882190155777,https://adstransparency.google.com/advertiser/AR02289573295139323905/creative/CR11457896882190155777?region=IN,YouTubeVideo,2026-06-29,2356,3,4,,,,,,,,,,,,,,2026-06-29,html5-banner-no-mp4,,2026-06-29,2026-06-29,,,,
309,309,English Seekho,AR02289573295139323905,Keyaro Edutech Private Limited,India,IN,CR11555723524089839617,https://adstransparency.google.com/advertiser/AR02289573295139323905/creative/CR11555723524089839617?region=IN,YouTubeVideo,2026-06-29,2356,0,4,,,,,,,,,,,,,,2026-06-29,html5-banner-no-mp4,,2026-06-29,2026-06-29,,,,
310,310,English Seekho,AR02289573295139323905,Keyaro Edutech Private Limited,India,IN,CR11555723524089839617,https://adstransparency.google.com/advertiser/AR02289573295139323905/creative/CR11555723524089839617?region=IN,YouTubeVideo,2026-06-29,2356,1,4,ഇന്\u200dസ്റ്റാള്\u200d ചെയ്യുക,,,,,,,,,,,,00:00,2026-06-29,html5-banner-no-mp4,,2026-06-29,2026-06-29,,,,
311,311,English Seekho,AR02289573295139323905,Keyaro Edutech Private Limited,India,IN,CR11555723524089839617,https://adstransparency.google.com/advertiser/AR02289573295139323905/creative/CR11555723524089839617?region=IN,YouTubeVideo,2026-06-29,2356,2,4,ഇന്\u200dസ്റ്റാള്\u200d ചെയ്യുക,,,,,,,,,,,,00:00,2026-06-29,html5-banner-no-mp4,,2026-06-29,2026-06-29,,,,
312,312,English Seekho,AR02289573295139323905,Keyaro Edutech Private Limited,India,IN,CR11555723524089839617,https://adstransparency.google.com/advertiser/AR02289573295139323905/creative/CR11555723524089839617?region=IN,YouTubeVideo,2026-06-29,2356,3,4,,,,,,,,,,,,,,2026-06-29,html5-banner-no-mp4,,2026-06-29,2026-06-29,,,,
313,313,English Seekho,AR02289573295139323905,Keyaro Edutech Private Limited,India,IN,CR11565783780606083073,https://adstransparency.google.com/advertiser/AR02289573295139323905/creative/CR11565783780606083073?region=IN,YouTubeVideo,2026-06-29,2356,0,3,ഇന്\u200dസ്റ്റാള്\u200d ചെയ്യുക,,,,,,,,,,,,00:00,2026-06-29,html5-banner-no-mp4,,2026-06-29,2026-06-29,,,,
314,314,English Seekho,AR02289573295139323905,Keyaro Edutech Private Limited,India,IN,CR11565783780606083073,https://adstransparency.google.com/advertiser/AR02289573295139323905/creative/CR11565783780606083073?region=IN,YouTubeVideo,2026-06-29,2356,1,3,ഇന്\u200dസ്റ്റാള്\u200d ചെയ്യുക,,,,,,,,,,,,00:00,2026-06-29,html5-banner-no-mp4,,2026-06-29,2026-06-29,,,,
315,315,English Seekho,AR02289573295139323905,Keyaro Edutech Private Limited,India,IN,CR11565783780606083073,https://adstransparency.google.com/advertiser/AR02289573295139323905/creative/CR11565783780606083073?region=IN,YouTubeVideo,2026-06-29,2356,2,3,⁦Seekho⁩,Seekho: Short Learning Videos | ഈസി ഇംഗ്ലീഷ് സ്പീക്കിംഗ്,,,https://ads-rendering-prod.corp.google.com/search,,,,,,,,,2026-06-29,html5-banner-no-mp4,,2026-06-29,2026-06-29,,,,
316,316,English Seekho,AR02289573295139323905,Keyaro Edutech Private Limited,India,IN,CR11756424571283046401,https://adstransparency.google.com/advertiser/AR02289573295139323905/creative/CR11756424571283046401,Unknown,,,0,1,,,,,,,,,,,,,,2026-06-29,detail-fetch: HTTPError,,2026-06-29,2026-06-29,,,,
317,317,English Seekho,AR02289573295139323905,Keyaro Edutech Private Limited,India,IN,CR11956153564297953281,https://adstransparency.google.com/advertiser/AR02289573295139323905/creative/CR11956153564297953281?region=IN,YouTubeVideo,2026-06-29,2356,0,4,,,,,,,,,,,,,,2026-06-29,html5-banner-no-mp4,,2026-06-29,2026-06-29,,,,
318,318,English Seekho,AR02289573295139323905,Keyaro Edutech Private Limited,India,IN,CR11956153564297953281,https://adstransparency.google.com/advertiser/AR02289573295139323905/creative/CR11956153564297953281?region=IN,YouTubeVideo,2026-06-29,2356,1,4,,,,,,,,,,,,,,2026-06-29,html5-banner-no-mp4,,2026-06-29,2026-06-29,,,,
319,319,English Seekho,AR02289573295139323905,Keyaro Edutech Private Limited,India,IN,CR11956153564297953281,https://adstransparency.google.com/advertiser/AR02289573295139323905/creative/CR11956153564297953281?region=IN,YouTubeVideo,2026-06-29,2356,2,4,,,,,,,,,,,,,00:00,2026-06-29,html5-banner-no-mp4,,2026-06-29,2026-06-29,,,,
320,320,English Seekho,AR02289573295139323905,Keyaro Edutech Private Limited,India,IN,CR11956153564297953281,https://adstransparency.google.com/advertiser/AR02289573295139323905/creative/CR11956153564297953281?region=IN,YouTubeVideo,2026-06-29,2356,3,4,,,,,,,,,,,,,,2026-06-29,html5-banner-no-mp4,,2026-06-29,2026-06-29,,,,
321,321,English Seekho,AR02289573295139323905,Keyaro Edutech Private Limited,India,IN,CR12467630499340222465,https://adstransparency.google.com/advertiser/AR02289573295139323905/creative/CR12467630499340222465?region=IN,YouTubeVideo,2026-06-29,2356,0,4,,,,,,,,,,,,,,2026-06-29,html5-banner-no-mp4,,2026-06-29,2026-06-29,,,,
322,322,English Seekho,AR02289573295139323905,Keyaro Edutech Private Limited,India,IN,CR12467630499340222465,https://adstransparency.google.com/advertiser/AR02289573295139323905/creative/CR12467630499340222465?region=IN,YouTubeVideo,2026-06-29,2356,1,4,,,,,,,,,,,,,,2026-06-29,html5-banner-no-mp4,,2026-06-29,2026-06-29,,,,
323,323,English Seekho,AR02289573295139323905,Keyaro Edutech Private Limited,India,IN,CR12467630499340222465,https://adstransparency.google.com/advertiser/AR02289573295139323905/creative/CR12467630499340222465?region=IN,YouTubeVideo,2026-06-29,2356,2,4,,,,,,,,,,,,,,2026-06-29,html5-banner-no-mp4,,2026-06-29,2026-06-29,,,,
324,324,English Seekho,AR02289573295139323905,Keyaro Edutech Private Limited,India,IN,CR12467630499340222465,https://adstransparency.google.com/advertiser/AR02289573295139323905/creative/CR12467630499340222465?region=IN,YouTubeVideo,2026-06-29,2356,3,4,,,,,,,,,,,,,,2026-06-29,html5-banner-no-mp4,,2026-06-29,2026-06-29,,,,
325,325,English Seekho,AR02289573295139323905,Keyaro Edutech Private Limited,India,IN,CR12981564336064430081,https://adstransparency.google.com/advertiser/AR02289573295139323905/creative/CR12981564336064430081?region=IN,YouTubeVideo,2026-06-29,"2250,2528,2356,2642",0,5,,,,,,,,,,,,,00:00,2026-06-29,html5-banner-no-mp4,,2026-06-29,2026-06-29,,,,
326,326,English Seekho,AR02289573295139323905,Keyaro Edutech Private Limited,India,IN,CR12981564336064430081,https://adstransparency.google.com/advertiser/AR02289573295139323905/creative/CR12981564336064430081?region=IN,YouTubeVideo,2026-06-29,"2250,2528,2356,2642",1,5,,,,,,,,,,,,,00:00,2026-06-29,html5-banner-no-mp4,,2026-06-29,2026-06-29,,,,
327,327,English Seekho,AR02289573295139323905,Keyaro Edutech Private Limited,India,IN,CR12981564336064430081,https://adstransparency.google.com/advertiser/AR02289573295139323905/creative/CR12981564336064430081?region=IN,YouTubeVideo,2026-06-29,"2250,2528,2356,2642",2,5,,,,,,,,,,,,,00:00,2026-06-29,html5-banner-no-mp4,,2026-06-29,2026-06-29,,,,
328,328,English Seekho,AR02289573295139323905,Keyaro Edutech Private Limited,India,IN,CR12981564336064430081,https://adstransparency.google.com/advertiser/AR02289573295139323905/creative/CR12981564336064430081?region=IN,YouTubeVideo,2026-06-29,"2250,2528,2356,2642",3,5,,,,,,,,,,,,,,2026-06-29,html5-banner-no-mp4,,2026-06-29,2026-06-29,,,,
329,329,English Seekho,AR02289573295139323905,Keyaro Edutech Private Limited,India,IN,CR12981564336064430081,https://adstransparency.google.com/advertiser/AR02289573295139323905/creative/CR12981564336064430081?region=IN,YouTubeVideo,2026-06-29,"2250,2528,2356,2642",4,5,,,,,,,,,,,,,,2026-06-29,html5-banner-no-mp4,,2026-06-29,2026-06-29,,,,
330,330,English Seekho,AR02289573295139323905,Keyaro Edutech Private Limited,India,IN,CR13044200859209039873,https://adstransparency.google.com/advertiser/AR02289573295139323905/creative/CR13044200859209039873?region=IN,YouTubeVideo,2026-06-29,2356,0,5,,,,,,,,,,,,,,2026-06-29,html5-banner-no-mp4,,2026-06-29,2026-06-29,,,,
331,331,English Seekho,AR02289573295139323905,Keyaro Edutech Private Limited,India,IN,CR13044200859209039873,https://adstransparency.google.com/advertiser/AR02289573295139323905/creative/CR13044200859209039873?region=IN,YouTubeVideo,2026-06-29,2356,1,5,,,,,,,,,,,,,00:00,2026-06-29,html5-banner-no-mp4,,2026-06-29,2026-06-29,,,,
332,332,English Seekho,AR02289573295139323905,Keyaro Edutech Private Limited,India,IN,CR13044200859209039873,https://adstransparency.google.com/advertiser/AR02289573295139323905/creative/CR13044200859209039873?region=IN,YouTubeVideo,2026-06-29,2356,2,5,,,,,,,,,,,,,00:00,2026-06-29,html5-banner-no-mp4,,2026-06-29,2026-06-29,,,,
333,333,English Seekho,AR02289573295139323905,Keyaro Edutech Private Limited,India,IN,CR13044200859209039873,https://adstransparency.google.com/advertiser/AR02289573295139323905/creative/CR13044200859209039873?region=IN,YouTubeVideo,2026-06-29,2356,3,5,,,,,,,,,,,,,,2026-06-29,html5-banner-no-mp4,,2026-06-29,2026-06-29,,,,
334,334,English Seekho,AR02289573295139323905,Keyaro Edutech Private Limited,India,IN,CR13044200859209039873,https://adstransparency.google.com/advertiser/AR02289573295139323905/creative/CR13044200859209039873?region=IN,YouTubeVideo,2026-06-29,2356,4,5,,,,,,,,,,,,,,2026-06-29,html5-banner-no-mp4,,2026-06-29,2026-06-29,,,,
335,335,English Seekho,AR02289573295139323905,Keyaro Edutech Private Limited,India,IN,CR13055875585341915137,https://adstransparency.google.com/advertiser/AR02289573295139323905/creative/CR13055875585341915137?region=IN,YouTubeVideo,2026-06-29,2356,0,4,इंस्टॉल करें,,,,,,,,,,,,00:00,2026-06-29,html5-banner-no-mp4,,2026-06-29,2026-06-29,,,,
336,336,English Seekho,AR02289573295139323905,Keyaro Edutech Private Limited,India,IN,CR13055875585341915137,https://adstransparency.google.com/advertiser/AR02289573295139323905/creative/CR13055875585341915137?region=IN,YouTubeVideo,2026-06-29,2356,1,4,इंस्टॉल करें,,,,,,,,,,,,00:00,2026-06-29,html5-banner-no-mp4,,2026-06-29,2026-06-29,,,,
337,337,English Seekho,AR02289573295139323905,Keyaro Edutech Private Limited,India,IN,CR13055875585341915137,https://adstransparency.google.com/advertiser/AR02289573295139323905/creative/CR13055875585341915137?region=IN,YouTubeVideo,2026-06-29,2356,2,4,,,,,,,,,,,,,,2026-06-29,html5-banner-no-mp4,,2026-06-29,2026-06-29,,,,
338,338,English Seekho,AR02289573295139323905,Keyaro Edutech Private Limited,India,IN,CR13055875585341915137,https://adstransparency.google.com/advertiser/AR02289573295139323905/creative/CR13055875585341915137?region=IN,YouTubeVideo,2026-06-29,2356,3,4,,,,,,,,,,,,,,2026-06-29,html5-banner-no-mp4,,2026-06-29,2026-06-29,,,,
339,339,English Seekho,AR02289573295139323905,Keyaro Edutech Private Limited,India,IN,CR13088316469761015809,https://adstransparency.google.com/advertiser/AR02289573295139323905/creative/CR13088316469761015809?region=IN,YouTubeVideo,2026-06-29,2356,0,4,,,,,,,,,,,,,,2026-06-29,html5-banner-no-mp4,,2026-06-29,2026-06-29,,,,
340,340,English Seekho,AR02289573295139323905,Keyaro Edutech Private Limited,India,IN,CR13088316469761015809,https://adstransparency.google.com/advertiser/AR02289573295139323905/creative/CR13088316469761015809?region=IN,YouTubeVideo,2026-06-29,2356,1,4,,,,,,,,,,,,,00:00,2026-06-29,html5-banner-no-mp4,,2026-06-29,2026-06-29,,,,
341,341,English Seekho,AR02289573295139323905,Keyaro Edutech Private Limited,India,IN,CR13088316469761015809,https://adstransparency.google.com/advertiser/AR02289573295139323905/creative/CR13088316469761015809?region=IN,YouTubeVideo,2026-06-29,2356,2,4,,,,,,,,,,,,,00:00,2026-06-29,html5-banner-no-mp4,,2026-06-29,2026-06-29,,,,
342,342,English Seekho,AR02289573295139323905,Keyaro Edutech Private Limited,India,IN,CR13088316469761015809,https://adstransparency.google.com/advertiser/AR02289573295139323905/creative/CR13088316469761015809?region=IN,YouTubeVideo,2026-06-29,2356,3,4,,,,,,,,,,,,,,2026-06-29,html5-banner-no-mp4,,2026-06-29,2026-06-29,,,,
343,343,English Seekho,AR02289573295139323905,Keyaro Edutech Private Limited,India,IN,CR13126932348920659969,https://adstransparency.google.com/advertiser/AR02289573295139323905/creative/CR13126932348920659969?region=IN,YouTubeVideo,2026-06-29,"2586,2356",0,5,,,,,,,,,,,,,,2026-06-29,html5-banner-no-mp4,,2026-06-29,2026-06-29,,,,
344,344,English Seekho,AR02289573295139323905,Keyaro Edutech Private Limited,India,IN,CR13126932348920659969,https://adstransparency.google.com/advertiser/AR02289573295139323905/creative/CR13126932348920659969?region=IN,YouTubeVideo,2026-06-29,"2586,2356",1,5,,,,,,,,,,,,,,2026-06-29,html5-banner-no-mp4,,2026-06-29,2026-06-29,,,,
345,345,English Seekho,AR02289573295139323905,Keyaro Edutech Private Limited,India,IN,CR13126932348920659969,https://adstransparency.google.com/advertiser/AR02289573295139323905/creative/CR13126932348920659969?region=IN,YouTubeVideo,2026-06-29,"2586,2356",2,5,⁦Seekho⁩,Seekho: Short Learning Videos | Aaj Se English Seekho,,,https://ads-rendering-prod.corp.google.com/search,,,,,,,,,2026-06-29,html5-banner-no-mp4,,2026-06-29,2026-06-29,,,,
346,346,English Seekho,AR02289573295139323905,Keyaro Edutech Private Limited,India,IN,CR13126932348920659969,https://adstransparency.google.com/advertiser/AR02289573295139323905/creative/CR13126932348920659969?region=IN,YouTubeVideo,2026-06-29,"2586,2356",3,5,,,,,,,,,,,,,,2026-06-29,html5-banner-no-mp4,,2026-06-29,2026-06-29,,,,
347,347,English Seekho,AR02289573295139323905,Keyaro Edutech Private Limited,India,IN,CR13126932348920659969,https://adstransparency.google.com/advertiser/AR02289573295139323905/creative/CR13126932348920659969?region=IN,YouTubeVideo,2026-06-29,"2586,2356",4,5,,,,,,,,,,,,,,2026-06-29,html5-banner-no-mp4,,2026-06-29,2026-06-29,,,,
348,348,English Seekho,AR02289573295139323905,Keyaro Edutech Private Limited,India,IN,CR13210686822532775937,https://adstransparency.google.com/advertiser/AR02289573295139323905/creative/CR13210686822532775937?region=IN,YouTubeVideo,2026-06-29,2356,0,4,,,,,,,,,,,,,00:00,2026-06-29,html5-banner-no-mp4,,2026-06-29,2026-06-29,,,,
349,349,English Seekho,AR02289573295139323905,Keyaro Edutech Private Limited,India,IN,CR13210686822532775937,https://adstransparency.google.com/advertiser/AR02289573295139323905/creative/CR13210686822532775937?region=IN,YouTubeVideo,2026-06-29,2356,1,4,,,,,,,,,,,,,00:00,2026-06-29,html5-banner-no-mp4,,2026-06-29,2026-06-29,,,,
350,350,English Seekho,AR02289573295139323905,Keyaro Edutech Private Limited,India,IN,CR13210686822532775937,https://adstransparency.google.com/advertiser/AR02289573295139323905/creative/CR13210686822532775937?region=IN,YouTubeVideo,2026-06-29,2356,2,4,,,,,,,,,,,,,00:00,2026-06-29,html5-banner-no-mp4,,2026-06-29,2026-06-29,,,,
351,351,English Seekho,AR02289573295139323905,Keyaro Edutech Private Limited,India,IN,CR13210686822532775937,https://adstransparency.google.com/advertiser/AR02289573295139323905/creative/CR13210686822532775937?region=IN,YouTubeVideo,2026-06-29,2356,3,4,,,,,,,,,,,,,,2026-06-29,html5-banner-no-mp4,,2026-06-29,2026-06-29,,,,
352,352,English Seekho,AR02289573295139323905,Keyaro Edutech Private Limited,India,IN,CR13352794190707163137,https://adstransparency.google.com/advertiser/AR02289573295139323905/creative/CR13352794190707163137?region=IN,YouTubeVideo,2026-06-29,2356,0,4,,,,,,,,,,,,,00:00,2026-06-29,html5-banner-no-mp4,,2026-06-29,2026-06-29,,,,
353,353,English Seekho,AR02289573295139323905,Keyaro Edutech Private Limited,India,IN,CR13352794190707163137,https://adstransparency.google.com/advertiser/AR02289573295139323905/creative/CR13352794190707163137?region=IN,YouTubeVideo,2026-06-29,2356,1,4,,,,,,,,,,,,,00:00,2026-06-29,html5-banner-no-mp4,,2026-06-29,2026-06-29,,,,
354,354,English Seekho,AR02289573295139323905,Keyaro Edutech Private Limited,India,IN,CR13352794190707163137,https://adstransparency.google.com/advertiser/AR02289573295139323905/creative/CR13352794190707163137?region=IN,YouTubeVideo,2026-06-29,2356,2,4,,,,,,,,,,,,,00:00,2026-06-29,html5-banner-no-mp4,,2026-06-29,2026-06-29,,,,
355,355,English Seekho,AR02289573295139323905,Keyaro Edutech Private Limited,India,IN,CR13352794190707163137,https://adstransparency.google.com/advertiser/AR02289573295139323905/creative/CR13352794190707163137?region=IN,YouTubeVideo,2026-06-29,2356,3,4,,,,,,,,,,,,,,2026-06-29,html5-banner-no-mp4,,2026-06-29,2026-06-29,,,,
356,356,English Seekho,AR02289573295139323905,Keyaro Edutech Private Limited,India,IN,CR13360619140084137985,https://adstransparency.google.com/advertiser/AR02289573295139323905/creative/CR13360619140084137985?region=IN,YouTubeVideo,2026-06-29,2356,0,5,,,,,,,,,,,,,,2026-06-29,html5-banner-no-mp4,,2026-06-29,2026-06-29,,,,
357,357,English Seekho,AR02289573295139323905,Keyaro Edutech Private Limited,India,IN,CR13360619140084137985,https://adstransparency.google.com/advertiser/AR02289573295139323905/creative/CR13360619140084137985?region=IN,YouTubeVideo,2026-06-29,2356,1,5,ഇന്\u200dസ്റ്റാള്\u200d ചെയ്യുക,,,,,,,,,,,,00:00,2026-06-29,html5-banner-no-mp4,,2026-06-29,2026-06-29,,,,
358,358,English Seekho,AR02289573295139323905,Keyaro Edutech Private Limited,India,IN,CR13360619140084137985,https://adstransparency.google.com/advertiser/AR02289573295139323905/creative/CR13360619140084137985?region=IN,YouTubeVideo,2026-06-29,2356,2,5,,,,,,,,,,,,,,2026-06-29,html5-banner-no-mp4,,2026-06-29,2026-06-29,,,,
359,359,English Seekho,AR02289573295139323905,Keyaro Edutech Private Limited,India,IN,CR13360619140084137985,https://adstransparency.google.com/advertiser/AR02289573295139323905/creative/CR13360619140084137985?region=IN,YouTubeVideo,2026-06-29,2356,3,5,,,,,,,,,,,,,,2026-06-29,html5-banner-no-mp4,,2026-06-29,2026-06-29,,,,
360,360,English Seekho,AR02289573295139323905,Keyaro Edutech Private Limited,India,IN,CR13360619140084137985,https://adstransparency.google.com/advertiser/AR02289573295139323905/creative/CR13360619140084137985?region=IN,YouTubeVideo,2026-06-29,2356,4,5,,,,,,,,,,,,,,2026-06-29,html5-banner-no-mp4,,2026-06-29,2026-06-29,,,,
361,361,English Seekho,AR02289573295139323905,Keyaro Edutech Private Limited,India,IN,CR13677150095131279361,https://adstransparency.google.com/advertiser/AR02289573295139323905/creative/CR13677150095131279361,Unknown,,,0,1,,,,,,,,,,,,,,2026-06-29,detail-fetch: HTTPError,,2026-06-29,2026-06-29,,,,
362,362,English Seekho,AR02289573295139323905,Keyaro Edutech Private Limited,India,IN,CR14031019966841487361,https://adstransparency.google.com/advertiser/AR02289573295139323905/creative/CR14031019966841487361?region=IN,YouTubeVideo,2026-06-29,2356,0,5,,,,,,,,,,,,,00:00,2026-06-29,html5-banner-no-mp4,,2026-06-29,2026-06-29,,,,
363,363,English Seekho,AR02289573295139323905,Keyaro Edutech Private Limited,India,IN,CR14031019966841487361,https://adstransparency.google.com/advertiser/AR02289573295139323905/creative/CR14031019966841487361?region=IN,YouTubeVideo,2026-06-29,2356,1,5,,,,,,,,,,,,,,2026-06-29,html5-banner-no-mp4,,2026-06-29,2026-06-29,,,,
364,364,English Seekho,AR02289573295139323905,Keyaro Edutech Private Limited,India,IN,CR14031019966841487361,https://adstransparency.google.com/advertiser/AR02289573295139323905/creative/CR14031019966841487361?region=IN,YouTubeVideo,2026-06-29,2356,2,5,,,,,,,,,,,,,00:00,2026-06-29,html5-banner-no-mp4,,2026-06-29,2026-06-29,,,,
365,365,English Seekho,AR02289573295139323905,Keyaro Edutech Private Limited,India,IN,CR14031019966841487361,https://adstransparency.google.com/advertiser/AR02289573295139323905/creative/CR14031019966841487361?region=IN,YouTubeVideo,2026-06-29,2356,3,5,,,,,,,,,,,,,,2026-06-29,html5-banner-no-mp4,,2026-06-29,2026-06-29,,,,
366,366,English Seekho,AR02289573295139323905,Keyaro Edutech Private Limited,India,IN,CR14031019966841487361,https://adstransparency.google.com/advertiser/AR02289573295139323905/creative/CR14031019966841487361?region=IN,YouTubeVideo,2026-06-29,2356,4,5,,,,,,,,,,,,,,2026-06-29,html5-banner-no-mp4,,2026-06-29,2026-06-29,,,,
367,367,English Seekho,AR02289573295139323905,Keyaro Edutech Private Limited,India,IN,CR14071192548307632129,https://adstransparency.google.com/advertiser/AR02289573295139323905/creative/CR14071192548307632129?region=IN,YouTubeVideo,2026-06-29,2356,0,4,,,,,,,,,,,,,,2026-06-29,html5-banner-no-mp4,,2026-06-29,2026-06-29,,,,
368,368,English Seekho,AR02289573295139323905,Keyaro Edutech Private Limited,India,IN,CR14071192548307632129,https://adstransparency.google.com/advertiser/AR02289573295139323905/creative/CR14071192548307632129?region=IN,YouTubeVideo,2026-06-29,2356,1,4,,,,,,,,,,,,,00:00,2026-06-29,html5-banner-no-mp4,,2026-06-29,2026-06-29,,,,
369,369,English Seekho,AR02289573295139323905,Keyaro Edutech Private Limited,India,IN,CR14071192548307632129,https://adstransparency.google.com/advertiser/AR02289573295139323905/creative/CR14071192548307632129?region=IN,YouTubeVideo,2026-06-29,2356,2,4,,,,,,,,,,,,,00:00,2026-06-29,html5-banner-no-mp4,,2026-06-29,2026-06-29,,,,
370,370,English Seekho,AR02289573295139323905,Keyaro Edutech Private Limited,India,IN,CR14071192548307632129,https://adstransparency.google.com/advertiser/AR02289573295139323905/creative/CR14071192548307632129?region=IN,YouTubeVideo,2026-06-29,2356,3,4,,,,,,,,,,,,,,2026-06-29,html5-banner-no-mp4,,2026-06-29,2026-06-29,,,,
371,371,English Seekho,AR02289573295139323905,Keyaro Edutech Private Limited,India,IN,CR14198535786013392897,https://adstransparency.google.com/advertiser/AR02289573295139323905/creative/CR14198535786013392897?region=IN,YouTubeVideo,2026-06-29,2356,0,4,,,,,,,,,,,,,00:00,2026-06-29,html5-banner-no-mp4,,2026-06-29,2026-06-29,,,,
372,372,English Seekho,AR02289573295139323905,Keyaro Edutech Private Limited,India,IN,CR14198535786013392897,https://adstransparency.google.com/advertiser/AR02289573295139323905/creative/CR14198535786013392897?region=IN,YouTubeVideo,2026-06-29,2356,1,4,,,,,,,,,,,,,00:00,2026-06-29,html5-banner-no-mp4,,2026-06-29,2026-06-29,,,,
373,373,English Seekho,AR02289573295139323905,Keyaro Edutech Private Limited,India,IN,CR14198535786013392897,https://adstransparency.google.com/advertiser/AR02289573295139323905/creative/CR14198535786013392897?region=IN,YouTubeVideo,2026-06-29,2356,2,4,,,,,,,,,,,,,00:00,2026-06-29,html5-banner-no-mp4,,2026-06-29,2026-06-29,,,,
374,374,English Seekho,AR02289573295139323905,Keyaro Edutech Private Limited,India,IN,CR14198535786013392897,https://adstransparency.google.com/advertiser/AR02289573295139323905/creative/CR14198535786013392897?region=IN,YouTubeVideo,2026-06-29,2356,3,4,,,,,,,,,,,,,,2026-06-29,html5-banner-no-mp4,,2026-06-29,2026-06-29,,,,
375,375,English Seekho,AR02289573295139323905,Keyaro Edutech Private Limited,India,IN,CR14533484960985120769,https://adstransparency.google.com/advertiser/AR02289573295139323905/creative/CR14533484960985120769?region=IN,YouTubeVideo,2026-06-29,2356,0,5,,,,,,,,,,,,,,2026-06-29,html5-banner-no-mp4,,2026-06-29,2026-06-29,,,,
376,376,English Seekho,AR02289573295139323905,Keyaro Edutech Private Limited,India,IN,CR14533484960985120769,https://adstransparency.google.com/advertiser/AR02289573295139323905/creative/CR14533484960985120769?region=IN,YouTubeVideo,2026-06-29,2356,1,5,,,,,,,,,,,,,,2026-06-29,html5-banner-no-mp4,,2026-06-29,2026-06-29,,,,
377,377,English Seekho,AR02289573295139323905,Keyaro Edutech Private Limited,India,IN,CR14533484960985120769,https://adstransparency.google.com/advertiser/AR02289573295139323905/creative/CR14533484960985120769?region=IN,YouTubeVideo,2026-06-29,2356,2,5,,,,,,,,,,,,,00:00,2026-06-29,html5-banner-no-mp4,,2026-06-29,2026-06-29,,,,
378,378,English Seekho,AR02289573295139323905,Keyaro Edutech Private Limited,India,IN,CR14533484960985120769,https://adstransparency.google.com/advertiser/AR02289573295139323905/creative/CR14533484960985120769?region=IN,YouTubeVideo,2026-06-29,2356,3,5,,,,,,,,,,,,,,2026-06-29,html5-banner-no-mp4,,2026-06-29,2026-06-29,,,,
379,379,English Seekho,AR02289573295139323905,Keyaro Edutech Private Limited,India,IN,CR14533484960985120769,https://adstransparency.google.com/advertiser/AR02289573295139323905/creative/CR14533484960985120769?region=IN,YouTubeVideo,2026-06-29,2356,4,5,,,,,,,,,,,,,,2026-06-29,html5-banner-no-mp4,,2026-06-29,2026-06-29,,,,
380,380,English Seekho,AR02289573295139323905,Keyaro Edutech Private Limited,India,IN,CR14595779922560548865,https://adstransparency.google.com/advertiser/AR02289573295139323905/creative/CR14595779922560548865?region=IN,YouTubeVideo,2026-06-29,2356,0,3,,,,,,,,,,,,,,2026-06-29,html5-banner-no-mp4,,2026-06-29,2026-06-29,,,,
381,381,English Seekho,AR02289573295139323905,Keyaro Edutech Private Limited,India,IN,CR14595779922560548865,https://adstransparency.google.com/advertiser/AR02289573295139323905/creative/CR14595779922560548865?region=IN,YouTubeVideo,2026-06-29,2356,1,3,,,,,,,,,,,,,00:00,2026-06-29,html5-banner-no-mp4,,2026-06-29,2026-06-29,,,,
382,382,English Seekho,AR02289573295139323905,Keyaro Edutech Private Limited,India,IN,CR14595779922560548865,https://adstransparency.google.com/advertiser/AR02289573295139323905/creative/CR14595779922560548865?region=IN,YouTubeVideo,2026-06-29,2356,2,3,,,,,,,,,,,,,00:00,2026-06-29,html5-banner-no-mp4,,2026-06-29,2026-06-29,,,,
383,383,English Seekho,AR02289573295139323905,Keyaro Edutech Private Limited,India,IN,CR14600605859483484161,https://adstransparency.google.com/advertiser/AR02289573295139323905/creative/CR14600605859483484161?region=IN,YouTubeVideo,2026-06-29,2356,0,3,,,,,,,,,,,,,,2026-06-29,html5-banner-no-mp4,,2026-06-29,2026-06-29,,,,
384,384,English Seekho,AR02289573295139323905,Keyaro Edutech Private Limited,India,IN,CR14600605859483484161,https://adstransparency.google.com/advertiser/AR02289573295139323905/creative/CR14600605859483484161?region=IN,YouTubeVideo,2026-06-29,2356,1,3,,,,,,,,,,,,,00:00,2026-06-29,html5-banner-no-mp4,,2026-06-29,2026-06-29,,,,
385,385,English Seekho,AR02289573295139323905,Keyaro Edutech Private Limited,India,IN,CR14600605859483484161,https://adstransparency.google.com/advertiser/AR02289573295139323905/creative/CR14600605859483484161?region=IN,YouTubeVideo,2026-06-29,2356,2,3,,,,,,,,,,,,,,2026-06-29,html5-banner-no-mp4,,2026-06-29,2026-06-29,,,,
386,386,English Seekho,AR02289573295139323905,Keyaro Edutech Private Limited,India,IN,CR14658114329115623425,https://adstransparency.google.com/advertiser/AR02289573295139323905/creative/CR14658114329115623425?region=IN,YouTubeVideo,2026-06-29,2356,0,5,,,,,,,,,,,,,,2026-06-29,html5-banner-no-mp4,,2026-06-29,2026-06-29,,,,
387,387,English Seekho,AR02289573295139323905,Keyaro Edutech Private Limited,India,IN,CR14658114329115623425,https://adstransparency.google.com/advertiser/AR02289573295139323905/creative/CR14658114329115623425?region=IN,YouTubeVideo,2026-06-29,2356,1,5,ಇನ್\u200cಸ್ಟಾಲ್,,,,,,,,,,,,00:00,2026-06-29,html5-banner-no-mp4,,2026-06-29,2026-06-29,,,,
388,388,English Seekho,AR02289573295139323905,Keyaro Edutech Private Limited,India,IN,CR14658114329115623425,https://adstransparency.google.com/advertiser/AR02289573295139323905/creative/CR14658114329115623425?region=IN,YouTubeVideo,2026-06-29,2356,2,5,ಇನ್\u200cಸ್ಟಾಲ್,,,,,,,,,,,,00:00,2026-06-29,html5-banner-no-mp4,,2026-06-29,2026-06-29,,,,
389,389,English Seekho,AR02289573295139323905,Keyaro Edutech Private Limited,India,IN,CR14658114329115623425,https://adstransparency.google.com/advertiser/AR02289573295139323905/creative/CR14658114329115623425?region=IN,YouTubeVideo,2026-06-29,2356,3,5,,,,,,,,,,,,,,2026-06-29,html5-banner-no-mp4,,2026-06-29,2026-06-29,,,,
390,390,English Seekho,AR02289573295139323905,Keyaro Edutech Private Limited,India,IN,CR14658114329115623425,https://adstransparency.google.com/advertiser/AR02289573295139323905/creative/CR14658114329115623425?region=IN,YouTubeVideo,2026-06-29,2356,4,5,,,,,,,,,,,,,,2026-06-29,html5-banner-no-mp4,,2026-06-29,2026-06-29,,,,
391,391,English Seekho,AR02289573295139323905,Keyaro Edutech Private Limited,India,IN,CR14749576035641065473,https://adstransparency.google.com/advertiser/AR02289573295139323905/creative/CR14749576035641065473?region=IN,YouTubeVideo,2026-06-29,2356,0,4,,,,,,,,,,,,,00:00,2026-06-29,html5-banner-no-mp4,,2026-06-29,2026-06-29,,,,
392,392,English Seekho,AR02289573295139323905,Keyaro Edutech Private Limited,India,IN,CR14749576035641065473,https://adstransparency.google.com/advertiser/AR02289573295139323905/creative/CR14749576035641065473?region=IN,YouTubeVideo,2026-06-29,2356,1,4,,,,,,,,,,,,,00:00,2026-06-29,html5-banner-no-mp4,,2026-06-29,2026-06-29,,,,
393,393,English Seekho,AR02289573295139323905,Keyaro Edutech Private Limited,India,IN,CR14749576035641065473,https://adstransparency.google.com/advertiser/AR02289573295139323905/creative/CR14749576035641065473?region=IN,YouTubeVideo,2026-06-29,2356,2,4,,,,,,,,,,,,,00:00,2026-06-29,html5-banner-no-mp4,,2026-06-29,2026-06-29,,,,
394,394,English Seekho,AR02289573295139323905,Keyaro Edutech Private Limited,India,IN,CR14749576035641065473,https://adstransparency.google.com/advertiser/AR02289573295139323905/creative/CR14749576035641065473?region=IN,YouTubeVideo,2026-06-29,2356,3,4,,,,,,,,,,,,,,2026-06-29,html5-banner-no-mp4,,2026-06-29,2026-06-29,,,,
395,395,English Seekho,AR02289573295139323905,Keyaro Edutech Private Limited,India,IN,CR15286827490333425665,https://adstransparency.google.com/advertiser/AR02289573295139323905/creative/CR15286827490333425665?region=IN,YouTubeVideo,2026-06-29,2356,0,5,,,,,,,,,,,,,,2026-06-29,html5-banner-no-mp4,,2026-06-29,2026-06-29,,,,
396,396,English Seekho,AR02289573295139323905,Keyaro Edutech Private Limited,India,IN,CR15286827490333425665,https://adstransparency.google.com/advertiser/AR02289573295139323905/creative/CR15286827490333425665?region=IN,YouTubeVideo,2026-06-29,2356,1,5,इंस्टॉल करें,,,,,,,,,,,,00:00,2026-06-29,html5-banner-no-mp4,,2026-06-29,2026-06-29,,,,
397,397,English Seekho,AR02289573295139323905,Keyaro Edutech Private Limited,India,IN,CR15286827490333425665,https://adstransparency.google.com/advertiser/AR02289573295139323905/creative/CR15286827490333425665?region=IN,YouTubeVideo,2026-06-29,2356,2,5,,,,,,,,,,,,,,2026-06-29,html5-banner-no-mp4,,2026-06-29,2026-06-29,,,,
398,398,English Seekho,AR02289573295139323905,Keyaro Edutech Private Limited,India,IN,CR15286827490333425665,https://adstransparency.google.com/advertiser/AR02289573295139323905/creative/CR15286827490333425665?region=IN,YouTubeVideo,2026-06-29,2356,3,5,,,,,,,,,,,,,,2026-06-29,html5-banner-no-mp4,,2026-06-29,2026-06-29,,,,
399,399,English Seekho,AR02289573295139323905,Keyaro Edutech Private Limited,India,IN,CR15286827490333425665,https://adstransparency.google.com/advertiser/AR02289573295139323905/creative/CR15286827490333425665?region=IN,YouTubeVideo,2026-06-29,2356,4,5,,,,,,,,,,,,,,2026-06-29,html5-banner-no-mp4,,2026-06-29,2026-06-29,,,,
400,400,English Seekho,AR02289573295139323905,Keyaro Edutech Private Limited,India,IN,CR15498053638353321985,https://adstransparency.google.com/advertiser/AR02289573295139323905/creative/CR15498053638353321985?region=IN,YouTubeVideo,2026-06-29,2356,0,3,,,,,,,,,,,,,00:00,2026-06-29,html5-banner-no-mp4,,2026-06-29,2026-06-29,,,,
401,401,English Seekho,AR02289573295139323905,Keyaro Edutech Private Limited,India,IN,CR15498053638353321985,https://adstransparency.google.com/advertiser/AR02289573295139323905/creative/CR15498053638353321985?region=IN,YouTubeVideo,2026-06-29,2356,1,3,,,,,,,,,,,,,00:00,2026-06-29,html5-banner-no-mp4,,2026-06-29,2026-06-29,,,,
402,402,English Seekho,AR02289573295139323905,Keyaro Edutech Private Limited,India,IN,CR15498053638353321985,https://adstransparency.google.com/advertiser/AR02289573295139323905/creative/CR15498053638353321985?region=IN,YouTubeVideo,2026-06-29,2356,2,3,,,,,,,,,,,,,00:00,2026-06-29,html5-banner-no-mp4,,2026-06-29,2026-06-29,,,,
403,403,English Seekho,AR02289573295139323905,Keyaro Edutech Private Limited,India,IN,CR15564920051449462785,https://adstransparency.google.com/advertiser/AR02289573295139323905/creative/CR15564920051449462785?region=IN,YouTubeVideo,2026-06-29,2356,0,4,,,,,,,,,,,,,00:00,2026-06-29,html5-banner-no-mp4,,2026-06-29,2026-06-29,,,,
404,404,English Seekho,AR02289573295139323905,Keyaro Edutech Private Limited,India,IN,CR15564920051449462785,https://adstransparency.google.com/advertiser/AR02289573295139323905/creative/CR15564920051449462785?region=IN,YouTubeVideo,2026-06-29,2356,1,4,,,,,,,,,,,,,00:00,2026-06-29,html5-banner-no-mp4,,2026-06-29,2026-06-29,,,,
405,405,English Seekho,AR02289573295139323905,Keyaro Edutech Private Limited,India,IN,CR15564920051449462785,https://adstransparency.google.com/advertiser/AR02289573295139323905/creative/CR15564920051449462785?region=IN,YouTubeVideo,2026-06-29,2356,2,4,,,,,,,,,,,,,00:00,2026-06-29,html5-banner-no-mp4,,2026-06-29,2026-06-29,,,,
406,406,English Seekho,AR02289573295139323905,Keyaro Edutech Private Limited,India,IN,CR15564920051449462785,https://adstransparency.google.com/advertiser/AR02289573295139323905/creative/CR15564920051449462785?region=IN,YouTubeVideo,2026-06-29,2356,3,4,,,,,,,,,,,,,,2026-06-29,html5-banner-no-mp4,,2026-06-29,2026-06-29,,,,
407,407,English Seekho,AR02289573295139323905,Keyaro Edutech Private Limited,India,IN,CR15689461020563079169,https://adstransparency.google.com/advertiser/AR02289573295139323905/creative/CR15689461020563079169?region=IN,YouTubeVideo,2026-06-29,2356,0,3,,,,,,,,,,,,,00:00,2026-06-29,html5-banner-no-mp4,,2026-06-29,2026-06-29,,,,
408,408,English Seekho,AR02289573295139323905,Keyaro Edutech Private Limited,India,IN,CR15689461020563079169,https://adstransparency.google.com/advertiser/AR02289573295139323905/creative/CR15689461020563079169?region=IN,YouTubeVideo,2026-06-29,2356,1,3,,,,,,,,,,,,,00:00,2026-06-29,html5-banner-no-mp4,,2026-06-29,2026-06-29,,,,
409,409,English Seekho,AR02289573295139323905,Keyaro Edutech Private Limited,India,IN,CR15689461020563079169,https://adstransparency.google.com/advertiser/AR02289573295139323905/creative/CR15689461020563079169?region=IN,YouTubeVideo,2026-06-29,2356,2,3,,,,,,,,,,,,,00:00,2026-06-29,html5-banner-no-mp4,,2026-06-29,2026-06-29,,,,
410,410,English Seekho,AR02289573295139323905,Keyaro Edutech Private Limited,India,IN,CR15722062253291208705,https://adstransparency.google.com/advertiser/AR02289573295139323905/creative/CR15722062253291208705?region=IN,YouTubeVideo,2026-06-29,2356,0,4,,,,,,,,,,,,,,2026-06-29,html5-banner-no-mp4,,2026-06-29,2026-06-29,,,,
411,411,English Seekho,AR02289573295139323905,Keyaro Edutech Private Limited,India,IN,CR15722062253291208705,https://adstransparency.google.com/advertiser/AR02289573295139323905/creative/CR15722062253291208705?region=IN,YouTubeVideo,2026-06-29,2356,1,4,,,,,,,,,,,,,,2026-06-29,html5-banner-no-mp4,,2026-06-29,2026-06-29,,,,
412,412,English Seekho,AR02289573295139323905,Keyaro Edutech Private Limited,India,IN,CR15722062253291208705,https://adstransparency.google.com/advertiser/AR02289573295139323905/creative/CR15722062253291208705?region=IN,YouTubeVideo,2026-06-29,2356,2,4,⁦Seekho⁩,Seekho: Short Learning Videos | ప్రతి నిమిషంవిలువైనదేSeekho,,,https://ads-rendering-prod.corp.google.com/search,,,,,,,,,2026-06-29,html5-banner-no-mp4,,2026-06-29,2026-06-29,,,,
413,413,English Seekho,AR02289573295139323905,Keyaro Edutech Private Limited,India,IN,CR15722062253291208705,https://adstransparency.google.com/advertiser/AR02289573295139323905/creative/CR15722062253291208705?region=IN,YouTubeVideo,2026-06-29,2356,3,4,,,,,,,,,,,,,,2026-06-29,html5-banner-no-mp4,,2026-06-29,2026-06-29,,,,
414,414,English Seekho,AR02289573295139323905,Keyaro Edutech Private Limited,India,IN,CR15753942318060666881,https://adstransparency.google.com/advertiser/AR02289573295139323905/creative/CR15753942318060666881?region=IN,YouTubeVideo,2026-06-29,2356,0,3,⁦Seekho⁩,Seekho: Short Learning Videos | True Crime Stories,,,https://ads-rendering-prod.corp.google.com/search,,,,,,,,,2026-06-29,html5-banner-no-mp4,,2026-06-29,2026-06-29,,,,
415,415,English Seekho,AR02289573295139323905,Keyaro Edutech Private Limited,India,IN,CR15753942318060666881,https://adstransparency.google.com/advertiser/AR02289573295139323905/creative/CR15753942318060666881?region=IN,YouTubeVideo,2026-06-29,2356,1,3,⁦Seekho⁩,Seekho: Short Learning Videos | 500K+ Views On Crime Stories,,,https://ads-rendering-prod.corp.google.com/search,,,,,,,,,2026-06-29,html5-banner-no-mp4,,2026-06-29,2026-06-29,,,,
416,416,English Seekho,AR02289573295139323905,Keyaro Edutech Private Limited,India,IN,CR15753942318060666881,https://adstransparency.google.com/advertiser/AR02289573295139323905/creative/CR15753942318060666881?region=IN,YouTubeVideo,2026-06-29,2356,2,3,⁦Seekho⁩,Seekho: Short Learning Videos | Crime Stories Seekho par,,,https://ads-rendering-prod.corp.google.com/search,,,,,,,,,2026-06-29,html5-banner-no-mp4,,2026-06-29,2026-06-29,,,,
417,417,English Seekho,AR02289573295139323905,Keyaro Edutech Private Limited,India,IN,CR15876944683859968001,https://adstransparency.google.com/advertiser/AR02289573295139323905/creative/CR15876944683859968001?region=IN,YouTubeVideo,2026-06-29,2356,0,4,,,,,,,,,,,,,00:00,2026-06-29,html5-banner-no-mp4,,2026-06-29,2026-06-29,,,,
418,418,English Seekho,AR02289573295139323905,Keyaro Edutech Private Limited,India,IN,CR15876944683859968001,https://adstransparency.google.com/advertiser/AR02289573295139323905/creative/CR15876944683859968001?region=IN,YouTubeVideo,2026-06-29,2356,1,4,,,,,,,,,,,,,00:00,2026-06-29,html5-banner-no-mp4,,2026-06-29,2026-06-29,,,,
419,419,English Seekho,AR02289573295139323905,Keyaro Edutech Private Limited,India,IN,CR15876944683859968001,https://adstransparency.google.com/advertiser/AR02289573295139323905/creative/CR15876944683859968001?region=IN,YouTubeVideo,2026-06-29,2356,2,4,,,,,,,,,,,,,,2026-06-29,html5-banner-no-mp4,,2026-06-29,2026-06-29,,,,
420,420,English Seekho,AR02289573295139323905,Keyaro Edutech Private Limited,India,IN,CR15876944683859968001,https://adstransparency.google.com/advertiser/AR02289573295139323905/creative/CR15876944683859968001?region=IN,YouTubeVideo,2026-06-29,2356,3,4,,,,,,,,,,,,,,2026-06-29,html5-banner-no-mp4,,2026-06-29,2026-06-29,,,,
421,421,English Seekho,AR02289573295139323905,Keyaro Edutech Private Limited,India,IN,CR16121518744672403457,https://adstransparency.google.com/advertiser/AR02289573295139323905/creative/CR16121518744672403457?region=IN,YouTubeVideo,2026-06-29,2356,0,3,,,,,,,,,,,,,,2026-06-29,html5-banner-no-mp4,,2026-06-29,2026-06-29,,,,
422,422,English Seekho,AR02289573295139323905,Keyaro Edutech Private Limited,India,IN,CR16121518744672403457,https://adstransparency.google.com/advertiser/AR02289573295139323905/creative/CR16121518744672403457?region=IN,YouTubeVideo,2026-06-29,2356,1,3,,,,,,,,,,,,,,2026-06-29,html5-banner-no-mp4,,2026-06-29,2026-06-29,,,,
423,423,English Seekho,AR02289573295139323905,Keyaro Edutech Private Limited,India,IN,CR16121518744672403457,https://adstransparency.google.com/advertiser/AR02289573295139323905/creative/CR16121518744672403457?region=IN,YouTubeVideo,2026-06-29,2356,2,3,,,,,,,,,,,,,,2026-06-29,html5-banner-no-mp4,,2026-06-29,2026-06-29,,,,
424,424,English Seekho,AR02289573295139323905,Keyaro Edutech Private Limited,India,IN,CR16351678620361555969,https://adstransparency.google.com/advertiser/AR02289573295139323905/creative/CR16351678620361555969?region=IN,YouTubeVideo,2026-06-29,2356,0,4,⁦Seekho⁩,Seekho: Short Learning Videos | ऑनलाइन कमाई के नए तरीके,,,https://ads-rendering-prod.corp.google.com/search,,,,,,,,,2026-06-29,html5-banner-no-mp4,,2026-06-29,2026-06-29,,,,
425,425,English Seekho,AR02289573295139323905,Keyaro Edutech Private Limited,India,IN,CR16351678620361555969,https://adstransparency.google.com/advertiser/AR02289573295139323905/creative/CR16351678620361555969?region=IN,YouTubeVideo,2026-06-29,2356,1,4,इंस्टॉल करें,,,,,,,,,,,,00:00,2026-06-29,html5-banner-no-mp4,,2026-06-29,2026-06-29,,,,
426,426,English Seekho,AR02289573295139323905,Keyaro Edutech Private Limited,India,IN,CR16351678620361555969,https://adstransparency.google.com/advertiser/AR02289573295139323905/creative/CR16351678620361555969?region=IN,YouTubeVideo,2026-06-29,2356,2,4,,,,,,,,,,,,,,2026-06-29,html5-banner-no-mp4,,2026-06-29,2026-06-29,,,,
427,427,English Seekho,AR02289573295139323905,Keyaro Edutech Private Limited,India,IN,CR16351678620361555969,https://adstransparency.google.com/advertiser/AR02289573295139323905/creative/CR16351678620361555969?region=IN,YouTubeVideo,2026-06-29,2356,3,4,,,,,,,,,,,,,,2026-06-29,html5-banner-no-mp4,,2026-06-29,2026-06-29,,,,
428,428,English Seekho,AR02289573295139323905,Keyaro Edutech Private Limited,India,IN,CR16507822534364758017,https://adstransparency.google.com/advertiser/AR02289573295139323905/creative/CR16507822534364758017?region=IN,YouTubeVideo,2026-06-29,"2356,2528",0,4,,,,,,,,,,,,,00:00,2026-06-29,html5-banner-no-mp4,,2026-06-29,2026-06-29,,,,
429,429,English Seekho,AR02289573295139323905,Keyaro Edutech Private Limited,India,IN,CR16507822534364758017,https://adstransparency.google.com/advertiser/AR02289573295139323905/creative/CR16507822534364758017?region=IN,YouTubeVideo,2026-06-29,"2356,2528",1,4,,,,,,,,,,,,,00:00,2026-06-29,html5-banner-no-mp4,,2026-06-29,2026-06-29,,,,
430,430,English Seekho,AR02289573295139323905,Keyaro Edutech Private Limited,India,IN,CR16507822534364758017,https://adstransparency.google.com/advertiser/AR02289573295139323905/creative/CR16507822534364758017?region=IN,YouTubeVideo,2026-06-29,"2356,2528",2,4,,,,,,,,,,,,,00:00,2026-06-29,html5-banner-no-mp4,,2026-06-29,2026-06-29,,,,
431,431,English Seekho,AR02289573295139323905,Keyaro Edutech Private Limited,India,IN,CR16507822534364758017,https://adstransparency.google.com/advertiser/AR02289573295139323905/creative/CR16507822534364758017?region=IN,YouTubeVideo,2026-06-29,"2356,2528",3,4,,,,,,,,,,,,,,2026-06-29,html5-banner-no-mp4,,2026-06-29,2026-06-29,,,,
432,432,English Seekho,AR02289573295139323905,Keyaro Edutech Private Limited,India,IN,CR16734296134113034241,https://adstransparency.google.com/advertiser/AR02289573295139323905/creative/CR16734296134113034241?region=IN,YouTubeVideo,2026-06-29,2356,0,5,,,,,,,,,,,,,,2026-06-29,html5-banner-no-mp4,,2026-06-29,2026-06-29,,,,
433,433,English Seekho,AR02289573295139323905,Keyaro Edutech Private Limited,India,IN,CR16734296134113034241,https://adstransparency.google.com/advertiser/AR02289573295139323905/creative/CR16734296134113034241?region=IN,YouTubeVideo,2026-06-29,2356,1,5,,,,,,,,,,,,,,2026-06-29,html5-banner-no-mp4,,2026-06-29,2026-06-29,,,,
434,434,English Seekho,AR02289573295139323905,Keyaro Edutech Private Limited,India,IN,CR16734296134113034241,https://adstransparency.google.com/advertiser/AR02289573295139323905/creative/CR16734296134113034241?region=IN,YouTubeVideo,2026-06-29,2356,2,5,,,,,,,,,,,,,,2026-06-29,html5-banner-no-mp4,,2026-06-29,2026-06-29,,,,
435,435,English Seekho,AR02289573295139323905,Keyaro Edutech Private Limited,India,IN,CR16734296134113034241,https://adstransparency.google.com/advertiser/AR02289573295139323905/creative/CR16734296134113034241?region=IN,YouTubeVideo,2026-06-29,2356,3,5,,,,,,,,,,,,,,2026-06-29,html5-banner-no-mp4,,2026-06-29,2026-06-29,,,,
436,436,English Seekho,AR02289573295139323905,Keyaro Edutech Private Limited,India,IN,CR16734296134113034241,https://adstransparency.google.com/advertiser/AR02289573295139323905/creative/CR16734296134113034241?region=IN,YouTubeVideo,2026-06-29,2356,4,5,,,,,,,,,,,,,,2026-06-29,html5-banner-no-mp4,,2026-06-29,2026-06-29,,,,
437,437,English Seekho,AR02289573295139323905,Keyaro Edutech Private Limited,India,IN,CR16779592602973372417,https://adstransparency.google.com/advertiser/AR02289573295139323905/creative/CR16779592602973372417?region=IN,YouTubeVideo,2026-06-29,2356,0,5,,,,,,,,,,,,,,2026-06-29,html5-banner-no-mp4,,2026-06-29,2026-06-29,,,,
438,438,English Seekho,AR02289573295139323905,Keyaro Edutech Private Limited,India,IN,CR16779592602973372417,https://adstransparency.google.com/advertiser/AR02289573295139323905/creative/CR16779592602973372417?region=IN,YouTubeVideo,2026-06-29,2356,1,5,ఇన్\u200cస్టాల్ చేయండి,,,,,,,,,,,,00:00,2026-06-29,html5-banner-no-mp4,,2026-06-29,2026-06-29,,,,
439,439,English Seekho,AR02289573295139323905,Keyaro Edutech Private Limited,India,IN,CR16779592602973372417,https://adstransparency.google.com/advertiser/AR02289573295139323905/creative/CR16779592602973372417?region=IN,YouTubeVideo,2026-06-29,2356,2,5,ఇన్\u200cస్టాల్ చేయండి,,,,,,,,,,,,00:00,2026-06-29,html5-banner-no-mp4,,2026-06-29,2026-06-29,,,,
440,440,English Seekho,AR02289573295139323905,Keyaro Edutech Private Limited,India,IN,CR16779592602973372417,https://adstransparency.google.com/advertiser/AR02289573295139323905/creative/CR16779592602973372417?region=IN,YouTubeVideo,2026-06-29,2356,3,5,,,,,,,,,,,,,,2026-06-29,html5-banner-no-mp4,,2026-06-29,2026-06-29,,,,
441,441,English Seekho,AR02289573295139323905,Keyaro Edutech Private Limited,India,IN,CR16779592602973372417,https://adstransparency.google.com/advertiser/AR02289573295139323905/creative/CR16779592602973372417?region=IN,YouTubeVideo,2026-06-29,2356,4,5,,,,,,,,,,,,,,2026-06-29,html5-banner-no-mp4,,2026-06-29,2026-06-29,,,,
442,442,English Seekho,AR02289573295139323905,Keyaro Edutech Private Limited,India,IN,CR17597573522543083521,https://adstransparency.google.com/advertiser/AR02289573295139323905/creative/CR17597573522543083521?region=IN,YouTubeVideo,2026-06-29,2356,0,5,,,,,,,,,,,,,,2026-06-29,html5-banner-no-mp4,,2026-06-29,2026-06-29,,,,
443,443,English Seekho,AR02289573295139323905,Keyaro Edutech Private Limited,India,IN,CR17597573522543083521,https://adstransparency.google.com/advertiser/AR02289573295139323905/creative/CR17597573522543083521?region=IN,YouTubeVideo,2026-06-29,2356,1,5,,,,,,,,,,,,,,2026-06-29,html5-banner-no-mp4,,2026-06-29,2026-06-29,,,,
444,444,English Seekho,AR02289573295139323905,Keyaro Edutech Private Limited,India,IN,CR17597573522543083521,https://adstransparency.google.com/advertiser/AR02289573295139323905/creative/CR17597573522543083521?region=IN,YouTubeVideo,2026-06-29,2356,2,5,⁦Seekho⁩,Seekho: Short Learning Videos | Ghar Se Business Kaise Chale,,,https://ads-rendering-prod.corp.google.com/search,,,,,,,,,2026-06-29,html5-banner-no-mp4,,2026-06-29,2026-06-29,,,,
445,445,English Seekho,AR02289573295139323905,Keyaro Edutech Private Limited,India,IN,CR17597573522543083521,https://adstransparency.google.com/advertiser/AR02289573295139323905/creative/CR17597573522543083521?region=IN,YouTubeVideo,2026-06-29,2356,3,5,,,,,,,,,,,,,,2026-06-29,html5-banner-no-mp4,,2026-06-29,2026-06-29,,,,
446,446,English Seekho,AR02289573295139323905,Keyaro Edutech Private Limited,India,IN,CR17597573522543083521,https://adstransparency.google.com/advertiser/AR02289573295139323905/creative/CR17597573522543083521?region=IN,YouTubeVideo,2026-06-29,2356,4,5,,,,,,,,,,,,,,2026-06-29,html5-banner-no-mp4,,2026-06-29,2026-06-29,,,,
447,447,English Seekho,AR02289573295139323905,Keyaro Edutech Private Limited,India,IN,CR17713935499535581185,https://adstransparency.google.com/advertiser/AR02289573295139323905/creative/CR17713935499535581185?region=IN,YouTubeVideo,2026-06-29,2356,0,4,इंस्टॉल करें,,,,,,,,,,,,00:00,2026-06-29,html5-banner-no-mp4,,2026-06-29,2026-06-29,,,,
448,448,English Seekho,AR02289573295139323905,Keyaro Edutech Private Limited,India,IN,CR17713935499535581185,https://adstransparency.google.com/advertiser/AR02289573295139323905/creative/CR17713935499535581185?region=IN,YouTubeVideo,2026-06-29,2356,1,4,इंस्टॉल करें,,,,,,,,,,,,00:00,2026-06-29,html5-banner-no-mp4,,2026-06-29,2026-06-29,,,,
449,449,English Seekho,AR02289573295139323905,Keyaro Edutech Private Limited,India,IN,CR17713935499535581185,https://adstransparency.google.com/advertiser/AR02289573295139323905/creative/CR17713935499535581185?region=IN,YouTubeVideo,2026-06-29,2356,2,4,इंस्टॉल करें,,,,,,,,,,,,00:00,2026-06-29,html5-banner-no-mp4,,2026-06-29,2026-06-29,,,,
450,450,English Seekho,AR02289573295139323905,Keyaro Edutech Private Limited,India,IN,CR17713935499535581185,https://adstransparency.google.com/advertiser/AR02289573295139323905/creative/CR17713935499535581185?region=IN,YouTubeVideo,2026-06-29,2356,3,4,,,,,,,,,,,,,,2026-06-29,html5-banner-no-mp4,,2026-06-29,2026-06-29,,,,
451,451,English Seekho,AR02289573295139323905,Keyaro Edutech Private Limited,India,IN,CR17734020098051538945,https://adstransparency.google.com/advertiser/AR02289573295139323905/creative/CR17734020098051538945?region=IN,YouTubeVideo,2026-06-29,2356,0,5,ಇನ್\u200cಸ್ಟಾಲ್,,,,,,,,,,,,00:00,2026-06-29,html5-banner-no-mp4,,2026-06-29,2026-06-29,,,,
452,452,English Seekho,AR02289573295139323905,Keyaro Edutech Private Limited,India,IN,CR17734020098051538945,https://adstransparency.google.com/advertiser/AR02289573295139323905/creative/CR17734020098051538945?region=IN,YouTubeVideo,2026-06-29,2356,1,5,,,,,,,,,,,,,,2026-06-29,html5-banner-no-mp4,,2026-06-29,2026-06-29,,,,
453,453,English Seekho,AR02289573295139323905,Keyaro Edutech Private Limited,India,IN,CR17734020098051538945,https://adstransparency.google.com/advertiser/AR02289573295139323905/creative/CR17734020098051538945?region=IN,YouTubeVideo,2026-06-29,2356,2,5,ಇನ್\u200cಸ್ಟಾಲ್,,,,,,,,,,,,00:00,2026-06-29,html5-banner-no-mp4,,2026-06-29,2026-06-29,,,,
454,454,English Seekho,AR02289573295139323905,Keyaro Edutech Private Limited,India,IN,CR17734020098051538945,https://adstransparency.google.com/advertiser/AR02289573295139323905/creative/CR17734020098051538945?region=IN,YouTubeVideo,2026-06-29,2356,3,5,,,,,,,,,,,,,,2026-06-29,html5-banner-no-mp4,,2026-06-29,2026-06-29,,,,
455,455,English Seekho,AR02289573295139323905,Keyaro Edutech Private Limited,India,IN,CR17734020098051538945,https://adstransparency.google.com/advertiser/AR02289573295139323905/creative/CR17734020098051538945?region=IN,YouTubeVideo,2026-06-29,2356,4,5,,,,,,,,,,,,,,2026-06-29,html5-banner-no-mp4,,2026-06-29,2026-06-29,,,,
456,456,English Seekho,AR02289573295139323905,Keyaro Edutech Private Limited,India,IN,CR17774971683505963009,https://adstransparency.google.com/advertiser/AR02289573295139323905/creative/CR17774971683505963009?region=IN,YouTubeVideo,2026-06-29,2356,0,5,,,,,,,,,,,,,,2026-06-29,html5-banner-no-mp4,,2026-06-29,2026-06-29,,,,
457,457,English Seekho,AR02289573295139323905,Keyaro Edutech Private Limited,India,IN,CR17774971683505963009,https://adstransparency.google.com/advertiser/AR02289573295139323905/creative/CR17774971683505963009?region=IN,YouTubeVideo,2026-06-29,2356,1,5,ಇನ್\u200cಸ್ಟಾಲ್,,,,,,,,,,,,00:00,2026-06-29,html5-banner-no-mp4,,2026-06-29,2026-06-29,,,,
458,458,English Seekho,AR02289573295139323905,Keyaro Edutech Private Limited,India,IN,CR17774971683505963009,https://adstransparency.google.com/advertiser/AR02289573295139323905/creative/CR17774971683505963009?region=IN,YouTubeVideo,2026-06-29,2356,2,5,ಇನ್\u200cಸ್ಟಾಲ್,,,,,,,,,,,,00:00,2026-06-29,html5-banner-no-mp4,,2026-06-29,2026-06-29,,,,
459,459,English Seekho,AR02289573295139323905,Keyaro Edutech Private Limited,India,IN,CR17774971683505963009,https://adstransparency.google.com/advertiser/AR02289573295139323905/creative/CR17774971683505963009?region=IN,YouTubeVideo,2026-06-29,2356,3,5,,,,,,,,,,,,,,2026-06-29,html5-banner-no-mp4,,2026-06-29,2026-06-29,,,,
460,460,English Seekho,AR02289573295139323905,Keyaro Edutech Private Limited,India,IN,CR17774971683505963009,https://adstransparency.google.com/advertiser/AR02289573295139323905/creative/CR17774971683505963009?region=IN,YouTubeVideo,2026-06-29,2356,4,5,,,,,,,,,,,,,,2026-06-29,html5-banner-no-mp4,,2026-06-29,2026-06-29,,,,
461,461,English Seekho,AR02289573295139323905,Keyaro Edutech Private Limited,India,IN,CR17849751393456357377,https://adstransparency.google.com/advertiser/AR02289573295139323905/creative/CR17849751393456357377?region=IN,YouTubeVideo,2026-06-29,2356,0,4,,,,,,,,,,,,,00:00,2026-06-29,html5-banner-no-mp4,,2026-06-29,2026-06-29,,,,
462,462,English Seekho,AR02289573295139323905,Keyaro Edutech Private Limited,India,IN,CR17849751393456357377,https://adstransparency.google.com/advertiser/AR02289573295139323905/creative/CR17849751393456357377?region=IN,YouTubeVideo,2026-06-29,2356,1,4,ಇನ್\u200cಸ್ಟಾಲ್,,,,,,,,,,,,00:00,2026-06-29,html5-banner-no-mp4,,2026-06-29,2026-06-29,,,,
463,463,English Seekho,AR02289573295139323905,Keyaro Edutech Private Limited,India,IN,CR17849751393456357377,https://adstransparency.google.com/advertiser/AR02289573295139323905/creative/CR17849751393456357377?region=IN,YouTubeVideo,2026-06-29,2356,2,4,ಇನ್\u200cಸ್ಟಾಲ್,,,,,,,,,,,,00:00,2026-06-29,html5-banner-no-mp4,,2026-06-29,2026-06-29,,,,
464,464,English Seekho,AR02289573295139323905,Keyaro Edutech Private Limited,India,IN,CR17849751393456357377,https://adstransparency.google.com/advertiser/AR02289573295139323905/creative/CR17849751393456357377?region=IN,YouTubeVideo,2026-06-29,2356,3,4,,,,,,,,,,,,,,2026-06-29,html5-banner-no-mp4,,2026-06-29,2026-06-29,,,,
465,465,English Seekho,AR02289573295139323905,Keyaro Edutech Private Limited,India,IN,CR17854691954466488321,https://adstransparency.google.com/advertiser/AR02289573295139323905/creative/CR17854691954466488321?region=IN,YouTubeVideo,2026-06-29,2356,0,3,,,,,,,,,,,,,00:00,2026-06-29,html5-banner-no-mp4,,2026-06-29,2026-06-29,,,,
466,466,English Seekho,AR02289573295139323905,Keyaro Edutech Private Limited,India,IN,CR17854691954466488321,https://adstransparency.google.com/advertiser/AR02289573295139323905/creative/CR17854691954466488321?region=IN,YouTubeVideo,2026-06-29,2356,1,3,,,,,,,,,,,,,00:00,2026-06-29,html5-banner-no-mp4,,2026-06-29,2026-06-29,,,,
467,467,English Seekho,AR02289573295139323905,Keyaro Edutech Private Limited,India,IN,CR17854691954466488321,https://adstransparency.google.com/advertiser/AR02289573295139323905/creative/CR17854691954466488321?region=IN,YouTubeVideo,2026-06-29,2356,2,3,,,,,,,,,,,,,00:00,2026-06-29,html5-banner-no-mp4,,2026-06-29,2026-06-29,,,,
468,468,English Seekho,AR02289573295139323905,Keyaro Edutech Private Limited,India,IN,CR17969584966744408065,https://adstransparency.google.com/advertiser/AR02289573295139323905/creative/CR17969584966744408065?region=IN,YouTubeVideo,2026-06-29,2356,0,3,,,,,,,,,,,,,00:00,2026-06-29,html5-banner-no-mp4,,2026-06-29,2026-06-29,,,,
469,469,English Seekho,AR02289573295139323905,Keyaro Edutech Private Limited,India,IN,CR17969584966744408065,https://adstransparency.google.com/advertiser/AR02289573295139323905/creative/CR17969584966744408065?region=IN,YouTubeVideo,2026-06-29,2356,1,3,,,,,,,,,,,,,00:00,2026-06-29,html5-banner-no-mp4,,2026-06-29,2026-06-29,,,,
470,470,English Seekho,AR02289573295139323905,Keyaro Edutech Private Limited,India,IN,CR17969584966744408065,https://adstransparency.google.com/advertiser/AR02289573295139323905/creative/CR17969584966744408065?region=IN,YouTubeVideo,2026-06-29,2356,2,3,,,,,,,,,,,,,00:00,2026-06-29,html5-banner-no-mp4,,2026-06-29,2026-06-29,,,,
471,471,English Seekho,AR02289573295139323905,Keyaro Edutech Private Limited,India,IN,CR17990938856945352705,https://adstransparency.google.com/advertiser/AR02289573295139323905/creative/CR17990938856945352705?region=IN,YouTubeVideo,2026-06-29,2356,0,4,,,,,,,,,,,,,00:00,2026-06-29,html5-banner-no-mp4,,2026-06-29,2026-06-29,,,,
472,472,English Seekho,AR02289573295139323905,Keyaro Edutech Private Limited,India,IN,CR17990938856945352705,https://adstransparency.google.com/advertiser/AR02289573295139323905/creative/CR17990938856945352705?region=IN,YouTubeVideo,2026-06-29,2356,1,4,,,,,,,,,,,,,00:00,2026-06-29,html5-banner-no-mp4,,2026-06-29,2026-06-29,,,,
473,473,English Seekho,AR02289573295139323905,Keyaro Edutech Private Limited,India,IN,CR17990938856945352705,https://adstransparency.google.com/advertiser/AR02289573295139323905/creative/CR17990938856945352705?region=IN,YouTubeVideo,2026-06-29,2356,2,4,,,,,,,,,,,,,00:00,2026-06-29,html5-banner-no-mp4,,2026-06-29,2026-06-29,,,,
474,474,English Seekho,AR02289573295139323905,Keyaro Edutech Private Limited,India,IN,CR17990938856945352705,https://adstransparency.google.com/advertiser/AR02289573295139323905/creative/CR17990938856945352705?region=IN,YouTubeVideo,2026-06-29,2356,3,4,,,,,,,,,,,,,,2026-06-29,html5-banner-no-mp4,,2026-06-29,2026-06-29,,,,
475,475,English Seekho,AR02289573295139323905,Keyaro Edutech Private Limited,India,IN,CR18102805094100631553,https://adstransparency.google.com/advertiser/AR02289573295139323905/creative/CR18102805094100631553?region=IN,YouTubeVideo,2026-06-29,2356,0,5,,,,,,,,,,,,,,2026-06-29,html5-banner-no-mp4,,2026-06-29,2026-06-29,,,,
476,476,English Seekho,AR02289573295139323905,Keyaro Edutech Private Limited,India,IN,CR18102805094100631553,https://adstransparency.google.com/advertiser/AR02289573295139323905/creative/CR18102805094100631553?region=IN,YouTubeVideo,2026-06-29,2356,1,5,,,,,,,,,,,,,,2026-06-29,html5-banner-no-mp4,,2026-06-29,2026-06-29,,,,
477,477,English Seekho,AR02289573295139323905,Keyaro Edutech Private Limited,India,IN,CR18102805094100631553,https://adstransparency.google.com/advertiser/AR02289573295139323905/creative/CR18102805094100631553?region=IN,YouTubeVideo,2026-06-29,2356,2,5,ഇന്\u200dസ്റ്റാള്\u200d ചെയ്യുക,,,,,,,,,,,,00:00,2026-06-29,html5-banner-no-mp4,,2026-06-29,2026-06-29,,,,
478,478,English Seekho,AR02289573295139323905,Keyaro Edutech Private Limited,India,IN,CR18102805094100631553,https://adstransparency.google.com/advertiser/AR02289573295139323905/creative/CR18102805094100631553?region=IN,YouTubeVideo,2026-06-29,2356,3,5,,,,,,,,,,,,,,2026-06-29,html5-banner-no-mp4,,2026-06-29,2026-06-29,,,,
479,479,English Seekho,AR02289573295139323905,Keyaro Edutech Private Limited,India,IN,CR18102805094100631553,https://adstransparency.google.com/advertiser/AR02289573295139323905/creative/CR18102805094100631553?region=IN,YouTubeVideo,2026-06-29,2356,4,5,,,,,,,,,,,,,,2026-06-29,html5-banner-no-mp4,,2026-06-29,2026-06-29,,,,
480,480,English Seekho,AR02289573295139323905,Keyaro Edutech Private Limited,India,IN,CR18176217492622409729,https://adstransparency.google.com/advertiser/AR02289573295139323905/creative/CR18176217492622409729?region=IN,YouTubeVideo,2026-06-29,2356,0,4,,,,,,,,,,,,,,2026-06-29,html5-banner-no-mp4,,2026-06-29,2026-06-29,,,,
481,481,English Seekho,AR02289573295139323905,Keyaro Edutech Private Limited,India,IN,CR18176217492622409729,https://adstransparency.google.com/advertiser/AR02289573295139323905/creative/CR18176217492622409729?region=IN,YouTubeVideo,2026-06-29,2356,1,4,,,,,,,,,,,,,,2026-06-29,html5-banner-no-mp4,,2026-06-29,2026-06-29,,,,
482,482,English Seekho,AR02289573295139323905,Keyaro Edutech Private Limited,India,IN,CR18176217492622409729,https://adstransparency.google.com/advertiser/AR02289573295139323905/creative/CR18176217492622409729?region=IN,YouTubeVideo,2026-06-29,2356,2,4,,,,,,,,,,,,,00:00,2026-06-29,html5-banner-no-mp4,,2026-06-29,2026-06-29,,,,
483,483,English Seekho,AR02289573295139323905,Keyaro Edutech Private Limited,India,IN,CR18176217492622409729,https://adstransparency.google.com/advertiser/AR02289573295139323905/creative/CR18176217492622409729?region=IN,YouTubeVideo,2026-06-29,2356,3,4,,,,,,,,,,,,,,2026-06-29,html5-banner-no-mp4,,2026-06-29,2026-06-29,,,,
484,484,English Seekho,AR02289573295139323905,Keyaro Edutech Private Limited,India,IN,CR18298872481466810369,https://adstransparency.google.com/advertiser/AR02289573295139323905/creative/CR18298872481466810369?region=IN,YouTubeVideo,2026-06-29,2356,0,4,,,,,,,,,,,,,00:00,2026-06-29,html5-banner-no-mp4,,2026-06-29,2026-06-29,,,,
485,485,English Seekho,AR02289573295139323905,Keyaro Edutech Private Limited,India,IN,CR18298872481466810369,https://adstransparency.google.com/advertiser/AR02289573295139323905/creative/CR18298872481466810369?region=IN,YouTubeVideo,2026-06-29,2356,1,4,,,,,,,,,,,,,00:00,2026-06-29,html5-banner-no-mp4,,2026-06-29,2026-06-29,,,,
486,486,English Seekho,AR02289573295139323905,Keyaro Edutech Private Limited,India,IN,CR18298872481466810369,https://adstransparency.google.com/advertiser/AR02289573295139323905/creative/CR18298872481466810369?region=IN,YouTubeVideo,2026-06-29,2356,2,4,,,,,,,,,,,,,00:00,2026-06-29,html5-banner-no-mp4,,2026-06-29,2026-06-29,,,,
487,487,English Seekho,AR02289573295139323905,Keyaro Edutech Private Limited,India,IN,CR18298872481466810369,https://adstransparency.google.com/advertiser/AR02289573295139323905/creative/CR18298872481466810369?region=IN,YouTubeVideo,2026-06-29,2356,3,4,,,,,,,,,,,,,,2026-06-29,html5-banner-no-mp4,,2026-06-29,2026-06-29,,,,
488,488,English Seekho,AR02289573295139323905,Keyaro Edutech Private Limited,India,IN,CR18399502096333275137,https://adstransparency.google.com/advertiser/AR02289573295139323905/creative/CR18399502096333275137?region=IN,YouTubeVideo,2026-06-29,2356,0,4,,,,,,,,,,,,,00:00,2026-06-29,html5-banner-no-mp4,,2026-06-29,2026-06-29,,,,
489,489,English Seekho,AR02289573295139323905,Keyaro Edutech Private Limited,India,IN,CR18399502096333275137,https://adstransparency.google.com/advertiser/AR02289573295139323905/creative/CR18399502096333275137?region=IN,YouTubeVideo,2026-06-29,2356,1,4,,,,,,,,,,,,,00:00,2026-06-29,html5-banner-no-mp4,,2026-06-29,2026-06-29,,,,
490,490,English Seekho,AR02289573295139323905,Keyaro Edutech Private Limited,India,IN,CR18399502096333275137,https://adstransparency.google.com/advertiser/AR02289573295139323905/creative/CR18399502096333275137?region=IN,YouTubeVideo,2026-06-29,2356,2,4,,,,,,,,,,,,,00:00,2026-06-29,html5-banner-no-mp4,,2026-06-29,2026-06-29,,,,
491,491,English Seekho,AR02289573295139323905,Keyaro Edutech Private Limited,India,IN,CR18399502096333275137,https://adstransparency.google.com/advertiser/AR02289573295139323905/creative/CR18399502096333275137?region=IN,YouTubeVideo,2026-06-29,2356,3,4,,,,,,,,,,,,,,2026-06-29,html5-banner-no-mp4,,2026-06-29,2026-06-29,,,,
